{
  "seeds": [
    7,
    11,
    23
  ],
  "algorithm": "imappo",
  "output_dir": "reports/imappo_stage5_v3",
  "final_eval_collision_rate_mean": 0.3306666666666666,
  "final_easy_probe_collision_rate_mean": 0.3306666666666666,
  "final_mid_probe_collision_rate_mean": 0.4573333333333333,
  "final_hard_probe_collision_rate_mean": 0.38800000000000007,
  "final_easy_probe_task_completion_mean": 0.6802967774371306,
  "final_mid_probe_task_completion_mean": 0.6493653257687887,
  "final_hard_probe_task_completion_mean": 0.649264300018549,
  "final_probe_collision_rate_mean": 0.38800000000000007
}