{
  "actor_loss": [
    -0.07642385363578796,
    -0.04042983427643776,
    -0.035491183400154114,
    -0.040082722902297974,
    -0.0333523191511631,
    -0.03891851007938385,
    -0.03609994798898697,
    -0.02888675034046173,
    -0.03185275197029114,
    -0.016133567318320274,
    -0.04158104956150055,
    -0.04610171541571617,
    -0.04152597114443779,
    -0.03280844911932945,
    -0.03125428035855293,
    -0.019750460982322693,
    -0.044454582035541534,
    -0.05172227695584297,
    -0.041616953909397125,
    -0.021460646763443947
  ],
  "actor_loss_T": [
    0,
    1,
    2,
    3,
    4,
    5,
    6,
    7,
    8,
    9,
    10,
    11,
    12,
    13,
    14,
    15,
    16,
    17,
    18,
    19
  ],
  "critic_loss": [
    182.33990478515625,
    95.95803833007812,
    236.24571228027344,
    167.7799072265625,
    97.77182006835938,
    162.70872497558594,
    128.61257934570312,
    128.0871124267578,
    163.63388061523438,
    58.85259246826172,
    51.69287872314453,
    31.682079315185547,
    31.296056747436523,
    28.133079528808594,
    23.05629539489746,
    58.55442810058594,
    36.43059539794922,
    1.454306721687317,
    0.8226377964019775,
    30.250728607177734
  ],
  "critic_loss_T": [
    0,
    1,
    2,
    3,
    4,
    5,
    6,
    7,
    8,
    9,
    10,
    11,
    12,
    13,
    14,
    15,
    16,
    17,
    18,
    19
  ],
  "entropy": [
    4.208941459655762,
    3.0041794776916504,
    2.846379041671753,
    2.8518662452697754,
    2.610015869140625,
    1.5224158763885498,
    1.243199348449707,
    1.5844104290008545,
    1.1875666379928589,
    -1.0520142316818237,
    1.5795948505401611,
    1.335456371307373,
    3.7363953590393066,
    0.2578023076057434,
    3.813323736190796,
    2.7846133708953857,
    1.318210244178772,
    2.6930150985717773,
    4.347667694091797,
    -0.8961209058761597
  ],
  "entropy_T": [
    0,
    1,
    2,
    3,
    4,
    5,
    6,
    7,
    8,
    9,
    10,
    11,
    12,
    13,
    14,
    15,
    16,
    17,
    18,
    19
  ],
  "episode": [
    0,
    1,
    2,
    3,
    4,
    5,
    6,
    7,
    8,
    9,
    10,
    11,
    12,
    13,
    14,
    15,
    16,
    17,
    18,
    19
  ],
  "episode_T": [
    0,
    1,
    2,
    3,
    4,
    5,
    6,
    7,
    8,
    9,
    10,
    11,
    12,
    13,
    14,
    15,
    16,
    17,
    18,
    19
  ],
  "episode_return": [
    -31.504360556602478,
    -22.874287486076355,
    -35.67100381851196,
    -30.145243883132935,
    -22.938557863235474,
    -29.715517163276672,
    -27.876405477523804,
    -28.20412826538086,
    -33.06814241409302,
    -23.625654816627502,
    -25.29757010936737,
    -30.75082755088806,
    -31.25211262702942,
    -12.447645783424377,
    -28.46973943710327,
    -23.107269763946533,
    -19.1868976354599,
    -21.920820474624634,
    -24.86073386669159,
    -19.63448667526245
  ],
  "episode_return_T": [
    0,
    1,
    2,
    3,
    4,
    5,
    6,
    7,
    8,
    9,
    10,
    11,
    12,
    13,
    14,
    15,
    16,
    17,
    18,
    19
  ],
  "potential_loss": [
    0.027858585119247437,
    0.7107502222061157,
    0.3909834027290344,
    1.7129685878753662,
    0.9105083346366882,
    0.12997786700725555,
    1.1340059041976929,
    0.20251846313476562,
    0.23582860827445984,
    1.0545876026153564,
    0.6685842275619507,
    6.140493392944336,
    1.8142954111099243,
    3.994687080383301,
    1.6114187240600586,
    1.5300308465957642,
    3.1609067916870117,
    2.145841121673584,
    2.536850690841675,
    0.6116991639137268
  ],
  "potential_loss_T": [
    0,
    1,
    2,
    3,
    4,
    5,
    6,
    7,
    8,
    9,
    10,
    11,
    12,
    13,
    14,
    15,
    16,
    17,
    18,
    19
  ],
  "return_mean": [
    -1.969022512435913,
    -1.429642915725708,
    -2.229437828063965,
    -1.8840776681900024,
    -1.4336599111557007,
    -1.8572196960449219,
    -1.7422752380371094,
    -1.7627581357955933,
    -2.066758871078491,
    -1.4766032695770264,
    -1.5810980796813965,
    -1.921926736831665,
    -1.9532570838928223,
    -0.7779778838157654,
    -1.7793586254119873,
    -1.444204330444336,
    -1.199181079864502,
    -1.370051383972168,
    -1.5537958145141602,
    -1.2271554470062256
  ],
  "return_mean_T": [
    0,
    1,
    2,
    3,
    4,
    5,
    6,
    7,
    8,
    9,
    10,
    11,
    12,
    13,
    14,
    15,
    16,
    17,
    18,
    19
  ]
}