actor_loss,algorithm,critic_loss,entropy,entropy_coef,episode,episode_collision_rate,episode_collisions,episode_return,episode_reward_collision,episode_reward_dist,episode_reward_energy,episode_reward_env,episode_reward_intent,episode_reward_safety,episode_reward_task,episode_reward_threat,episode_reward_time,episode_task_completion,eta,eval_collision_rate,eval_episode_collisions,eval_episode_return,eval_task_completion,potential_loss,return_mean
-0.0053341323509812355,mappo,1.5046754015202168e-05,0.8367672562599182,0.001,0.0,,,,,,,,,,,,,,0.0,,,,,0.012063714675605297,0.0
,mappo,,,,0.0,0.0,0.0,0.0,0.0,0.0,0.0,0.0,0.0,0.0,0.0,0.0,0.0,0.0,,,,,,,
-0.0027560146991163492,mappo,5.049722858530004e-06,0.8360534906387329,0.0009996998999666556,1.0,,,,,,,,,,,,,,0.0,,,,,0.012423249892890453,0.0
,mappo,,,,1.0,0.0,0.0,0.0,0.0,0.0,0.0,0.0,0.0,0.0,0.0,0.0,0.0,0.0,,,,,,,
-0.003106494667008519,mappo,3.264775295974687e-05,0.832994818687439,0.0009993997999333112,2.0,,,,,,,,,,,,,,0.0,,,,,0.012464543804526329,0.0
,mappo,,,,2.0,0.0,0.0,0.0,0.0,0.0,0.0,0.0,0.0,0.0,0.0,0.0,0.0,0.0,,,,,,,
-0.004209569655358791,mappo,4.857973635807866e-06,0.8291833400726318,0.0009990996998999666,3.0,,,,,,,,,,,,,,0.0,,,,,0.012340824119746685,0.0
,mappo,,,,3.0,0.0,0.0,0.0,0.0,0.0,0.0,0.0,0.0,0.0,0.0,0.0,0.0,0.0,,,,,,,
-0.0010167135624215007,mappo,7.39769757274189e-06,0.8238905072212219,0.0009987995998666222,4.0,,,,,,,,,,,,,,0.0,,,,,0.012275554239749908,0.0
,mappo,,,,4.0,0.0,0.0,0.0,0.0,0.0,0.0,0.0,0.0,0.0,0.0,0.0,0.0,0.0,,,,,,,
-0.0025983983650803566,mappo,3.002995526912855e-06,0.8186845183372498,0.0009984994998332778,5.0,,,,,,,,,,,,,,0.0,,,,,0.012478243559598923,0.0
,mappo,,,,5.0,0.0,0.0,0.0,0.0,0.0,0.0,0.0,0.0,0.0,0.0,0.0,0.0,0.0,,,,,,,
-0.0014225508784875274,mappo,2.6829709440789884e-06,0.815551221370697,0.0009981993997999334,6.0,,,,,,,,,,,,,,0.0,,,,,0.012617714703083038,0.0
,mappo,,,,6.0,0.0,0.0,0.0,0.0,0.0,0.0,0.0,0.0,0.0,0.0,0.0,0.0,0.0,,,,,,,
-0.0016250483458861709,mappo,1.4440089444178739e-06,0.8171406984329224,0.000997899299766589,7.0,,,,,,,,,,,,,,0.0,,,,,0.01225985400378704,0.0
,mappo,,,,7.0,0.0,0.0,0.0,0.0,0.0,0.0,0.0,0.0,0.0,0.0,0.0,0.0,0.0,,,,,,,
-0.010785208083689213,mappo,9.872585451375926e-07,0.8211798071861267,0.0009975991997332445,8.0,,,,,,,,,,,,,,0.0,,,,,0.012302473187446594,0.0
,mappo,,,,8.0,0.0,0.0,0.0,0.0,0.0,0.0,0.0,0.0,0.0,0.0,0.0,0.0,0.0,,,,,,,
-0.012957929633557796,mappo,4.6192963054636493e-07,0.8238961100578308,0.0009972990996999,9.0,,,,,,,,,,,,,,0.0,,,,,0.012281583622097969,0.0
,mappo,,,,9.0,0.0,0.0,0.0,0.0,0.0,0.0,0.0,0.0,0.0,0.0,0.0,0.0,0.0,,,,,,,
-0.010445998050272465,mappo,4.082490079326817e-08,0.8252651691436768,0.0009969989996665555,10.0,,,,,,,,,,,,,,0.0,,,,,0.011995960958302021,0.0
,mappo,,,,10.0,0.0,0.0,0.0,0.0,0.0,0.0,0.0,0.0,0.0,0.0,0.0,0.0,0.0,,,,,,,
-0.010945542715489864,mappo,3.9004652307994547e-07,0.8255443572998047,0.000996698899633211,11.0,,,,,,,,,,,,,,0.0,,,,,0.011950390413403511,0.0
,mappo,,,,11.0,0.0,0.0,0.0,0.0,0.0,0.0,0.0,0.0,0.0,0.0,0.0,0.0,0.0,,,,,,,
-0.007577954325824976,mappo,4.295050644032017e-07,0.827022135257721,0.0009963987995998667,12.0,,,,,,,,,,,,,,0.0,,,,,0.012105822563171387,0.0
,mappo,,,,12.0,0.0,0.0,0.0,0.0,0.0,0.0,0.0,0.0,0.0,0.0,0.0,0.0,0.0,,,,,,,
-0.0042765215039253235,mappo,3.080793362641998e-07,0.8254826664924622,0.0009960986995665223,13.0,,,,,,,,,,,,,,0.0,,,,,0.012078601866960526,0.0
,mappo,,,,13.0,0.0,0.0,0.0,0.0,0.0,0.0,0.0,0.0,0.0,0.0,0.0,0.0,0.0,,,,,,,
-0.005229865200817585,mappo,3.146691938127333e-07,0.8198254108428955,0.0009957985995331777,14.0,,,,,,,,,,,,,,0.0,,,,,0.012482596561312675,0.0
,mappo,,,,14.0,0.0,0.0,0.0,0.0,0.0,0.0,0.0,0.0,0.0,0.0,0.0,0.0,0.0,,,,,,,
-0.0027730343863368034,mappo,6.55528140214301e-07,0.8188558220863342,0.0009954984994998332,15.0,,,,,,,,,,,,,,0.0,,,,,0.01201536413282156,0.0
,mappo,,,,15.0,0.0,0.0,0.0,0.0,0.0,0.0,0.0,0.0,0.0,0.0,0.0,0.0,0.0,,,,,,,
-0.00291116489097476,mappo,6.567566970261396e-07,0.8227171897888184,0.0009951983994664888,16.0,,,,,,,,,,,,,,0.0,,,,,0.011806657537817955,0.0
,mappo,,,,16.0,0.0,0.0,0.0,0.0,0.0,0.0,0.0,0.0,0.0,0.0,0.0,0.0,0.0,,,,,,,
-0.006283577531576157,mappo,1.5264861019659293e-07,0.8242963552474976,0.0009948982994331444,17.0,,,,,,,,,,,,,,0.0,,,,,0.012043846771121025,0.0
,mappo,,,,17.0,0.0,0.0,0.0,0.0,0.0,0.0,0.0,0.0,0.0,0.0,0.0,0.0,0.0,,,,,,,
-0.002429440151900053,mappo,1.6846144035298494e-07,0.8249364495277405,0.0009945981993998,18.0,,,,,,,,,,,,,,0.0,,,,,0.011968722566962242,0.0
,mappo,,,,18.0,0.0,0.0,0.0,0.0,0.0,0.0,0.0,0.0,0.0,0.0,0.0,0.0,0.0,,,,,,,
-0.019010426476597786,mappo,6.495877613588164e-08,0.8280227780342102,0.0009942980993664554,19.0,,,,,,,,,,,,,,0.0,,,,,0.012298183515667915,0.0
,mappo,,,,19.0,0.0,0.0,0.0,0.0,0.0,0.0,0.0,0.0,0.0,0.0,0.0,0.0,0.0,,,,,,,
0.0022903941571712494,mappo,3.210722354651807e-08,0.8328030109405518,0.000993997999333111,20.0,,,,,,,,,,,,,,0.0,,,,,0.012092158198356628,0.0
,mappo,,,,20.0,0.0,0.0,0.0,0.0,0.0,0.0,0.0,0.0,0.0,0.0,0.0,0.0,0.0,,,,,,,
-0.009223030880093575,mappo,5.96188272083964e-08,0.8316804766654968,0.0009936978992997666,21.0,,,,,,,,,,,,,,0.0,,,,,0.012266120873391628,0.0
,mappo,,,,21.0,0.0,0.0,0.0,0.0,0.0,0.0,0.0,0.0,0.0,0.0,0.0,0.0,0.0,,,,,,,
-0.006087446119636297,mappo,1.381760768026652e-07,0.8276171088218689,0.0009933977992664222,22.0,,,,,,,,,,,,,,0.0,,,,,0.012386822141706944,0.0
,mappo,,,,22.0,0.0,0.0,0.0,0.0,0.0,0.0,0.0,0.0,0.0,0.0,0.0,0.0,0.0,,,,,,,
-0.0023186313919723034,mappo,2.3720019726169994e-07,0.8313815593719482,0.0009930976992330778,23.0,,,,,,,,,,,,,,0.0,,,,,0.011971991509199142,0.0
,mappo,,,,23.0,0.0,0.0,0.0,0.0,0.0,0.0,0.0,0.0,0.0,0.0,0.0,0.0,0.0,,,,,,,
-0.004549287725239992,mappo,1.1743983918677259e-07,0.8405386209487915,0.0009927975991997334,24.0,,,,,,,,,,,,,,0.0,,,,,0.011891030706465244,0.0
,mappo,,,,24.0,0.0,0.0,0.0,0.0,0.0,0.0,0.0,0.0,0.0,0.0,0.0,0.0,0.0,,,,,,,
-0.008942351676523685,mappo,5.109254175295064e-08,0.8484541177749634,0.0009924974991663887,25.0,,,,,,,,,,,,,,0.0,,,,,0.012357455678284168,0.0
,mappo,,,,25.0,0.0,0.0,0.0,0.0,0.0,0.0,0.0,0.0,0.0,0.0,0.0,0.0,0.0,,,,,,,
0.00011769041884690523,mappo,1.7442835087422282e-07,0.8420037627220154,0.0009921973991330443,26.0,,,,,,,,,,,,,,0.0,,,,,0.012983202934265137,0.0
,mappo,,,,26.0,0.0,0.0,0.0,0.0,0.0,0.0,0.0,0.0,0.0,0.0,0.0,0.0,0.0,,,,,,,
-0.00893962848931551,mappo,1.565858696039868e-07,0.8300533890724182,0.0009918972990997,27.0,,,,,,,,,,,,,,0.0,,,,,0.012476582080125809,0.0
,mappo,,,,27.0,0.0,0.0,0.0,0.0,0.0,0.0,0.0,0.0,0.0,0.0,0.0,0.0,0.0,,,,,,,
7.40027753636241e-05,mappo,3.641708019586076e-07,0.8133271336555481,0.0009915971990663555,28.0,,,,,,,,,,,,,,0.0,,,,,0.012533850036561489,0.0
,mappo,,,,28.0,0.0,0.0,0.0,0.0,0.0,0.0,0.0,0.0,0.0,0.0,0.0,0.0,0.0,,,,,,,
-0.004782386589795351,mappo,2.1008037265346502e-07,0.7925913333892822,0.000991297099033011,29.0,,,,,,,,,,,,,,0.0,,,,,0.012446120381355286,0.0
,mappo,,,,29.0,0.0,0.0,0.0,0.0,0.0,0.0,0.0,0.0,0.0,0.0,0.0,0.0,0.0,,,,,,,
-0.0046347444877028465,mappo,2.936531871000625e-07,0.7698948383331299,0.0009909969989996665,30.0,,,,,,,,,,,,,,0.0,,,,,0.012619195505976677,0.0
,mappo,,,,30.0,0.0,0.0,0.0,0.0,0.0,0.0,0.0,0.0,0.0,0.0,0.0,0.0,0.0,,,,,,,
-0.007337988819926977,mappo,0.004650291986763477,0.7567362785339355,0.000990696898966322,31.0,,,,,,,,,,,,,,0.0,,,,,0.01319384016096592,0.006666666828095913
,mappo,,,,31.0,0.0,0.0,0.3333333432674408,0.0,0.0,0.0,0.3333333432674408,0.0,0.0,0.0,0.0,0.0,0.0,,,,,,,
-0.00390222598798573,mappo,0.0004990450106561184,0.7449262738227844,0.0009903967989329777,32.0,,,,,,,,,,,,,,0.0,,,,,0.012792651541531086,0.0
,mappo,,,,32.0,0.0,0.0,0.0,0.0,0.0,0.0,0.0,0.0,0.0,0.0,0.0,0.0,0.0,,,,,,,
0.002154130954295397,mappo,7.957901289046276e-06,0.723402202129364,0.0009900966988996333,33.0,,,,,,,,,,,,,,0.0,,,,,0.012651314958930016,0.0
,mappo,,,,33.0,0.0,0.0,0.0,0.0,0.0,0.0,0.0,0.0,0.0,0.0,0.0,0.0,0.0,,,,,,,
-0.005950663238763809,mappo,1.5961255485308357e-05,0.7200350165367126,0.0009897965988662888,34.0,,,,,,,,,,,,,,0.0,,,,,0.013087078928947449,0.0
,mappo,,,,34.0,0.0,0.0,0.0,0.0,0.0,0.0,0.0,0.0,0.0,0.0,0.0,0.0,0.0,,,,,,,
-0.0046780845150351524,mappo,8.949888979259413e-06,0.718696653842926,0.0009894964988329444,35.0,,,,,,,,,,,,,,0.0,,,,,0.012982391752302647,0.0
,mappo,,,,35.0,0.0,0.0,0.0,0.0,0.0,0.0,0.0,0.0,0.0,0.0,0.0,0.0,0.0,,,,,,,
-0.0006755756330676377,mappo,0.005131695419549942,0.7157331109046936,0.0009891963987995998,36.0,,,,,,,,,,,,,,0.0,,,,,0.012784259393811226,0.006666666828095913
,mappo,,,,36.0,0.0,0.0,0.3333333432674408,0.0,0.0,0.0,0.3333333432674408,0.0,0.0,0.0,0.0,0.0,0.0,,,,,,,
-0.009133388288319111,mappo,0.0007799208979122341,0.725307285785675,0.0009888962987662554,37.0,,,,,,,,,,,,,,0.0,,,,,0.012875426560640335,0.0
,mappo,,,,37.0,0.0,0.0,0.0,0.0,0.0,0.0,0.0,0.0,0.0,0.0,0.0,0.0,0.0,,,,,,,
0.0022211051546037197,mappo,0.003959498833864927,0.740356981754303,0.000988596198732911,38.0,,,,,,,,,,,,,,0.0,,,,,0.013070396147668362,0.006666666828095913
,mappo,,,,38.0,0.0,0.0,0.3333333432674408,0.0,0.0,0.0,0.3333333432674408,0.0,0.0,0.0,0.0,0.0,0.0,,,,,,,
-0.0035906664561480284,mappo,0.002928326837718487,0.7499346137046814,0.0009882960986995666,39.0,,,,,,,,,,,,,,0.0,,,,,0.01332357618957758,0.006666666828095913
,mappo,,,,39.0,0.0,0.0,0.3333333432674408,0.0,0.0,0.0,0.3333333432674408,0.0,0.0,0.0,0.0,0.0,0.0,,,,,,,
-0.0025880420580506325,mappo,0.0024929398205131292,0.7494116425514221,0.0009879959986662222,40.0,,,,,,,,,,,,,,0.0,,,,,0.012742456048727036,0.0
,mappo,,,,40.0,0.0,0.0,0.0,0.0,0.0,0.0,0.0,0.0,0.0,0.0,0.0,0.0,0.0,,,,,,,
-0.006888753734529018,mappo,0.002305793110281229,0.7529730200767517,0.0009876958986328776,41.0,,,,,,,,,,,,,,0.0,,,,,0.013135900720953941,0.006666666828095913
,mappo,,,,41.0,0.0,0.0,0.3333333432674408,0.0,0.0,0.0,0.3333333432674408,0.0,0.0,0.0,0.0,0.0,0.0,,,,,,,
-0.005673126317560673,mappo,0.010605650022625923,0.7525847554206848,0.0009873957985995331,42.0,,,,,,,,,,,,,,0.0,,,,,0.013580618426203728,0.006666666828095913
,mappo,,,,42.0,0.0,0.0,0.3333333432674408,0.0,0.0,0.0,0.3333333432674408,0.0,0.0,0.0,0.0,0.0,0.0,,,,,,,
-0.004111006390303373,mappo,0.00023956233053468168,0.7447543740272522,0.0009870956985661887,43.0,,,,,,,,,,,,,,0.0,,,,,0.012829260900616646,0.0
,mappo,,,,43.0,0.0,0.0,0.0,0.0,0.0,0.0,0.0,0.0,0.0,0.0,0.0,0.0,0.0,,,,,,,
-0.02149001881480217,mappo,0.0012676357291638851,0.7368463277816772,0.0009867955985328443,44.0,,,,,,,,,,,,,,0.0,,,,,0.0126913171261549,0.0
,mappo,,,,44.0,0.0,0.0,0.0,0.0,0.0,0.0,0.0,0.0,0.0,0.0,0.0,0.0,0.0,,,,,,,
-0.003821039805188775,mappo,9.905178740154952e-05,0.7292466759681702,0.0009864954984995,45.0,,,,,,,,,,,,,,0.0,,,,,0.01282067783176899,0.0
,mappo,,,,45.0,0.0,0.0,0.0,0.0,0.0,0.0,0.0,0.0,0.0,0.0,0.0,0.0,0.0,,,,,,,
-0.0011630571680143476,mappo,0.00013520129141397774,0.7181203365325928,0.0009861953984661555,46.0,,,,,,,,,,,,,,0.0,,,,,0.012856394052505493,0.0
,mappo,,,,46.0,0.0,0.0,0.0,0.0,0.0,0.0,0.0,0.0,0.0,0.0,0.0,0.0,0.0,,,,,,,
-0.011188375763595104,mappo,8.039468957576901e-05,0.7187894582748413,0.0009858952984328109,47.0,,,,,,,,,,,,,,0.0,,,,,0.013086723163723946,0.0
,mappo,,,,47.0,0.0,0.0,0.0,0.0,0.0,0.0,0.0,0.0,0.0,0.0,0.0,0.0,0.0,,,,,,,
-0.004959794692695141,mappo,6.40204016235657e-05,0.7134864926338196,0.0009855951983994665,48.0,,,,,,,,,,,,,,0.0,,,,,0.012776188552379608,0.0
,mappo,,,,48.0,0.0,0.0,0.0,0.0,0.0,0.0,0.0,0.0,0.0,0.0,0.0,0.0,0.0,,,,,,,
-0.0036098179407417774,mappo,0.0006930498639121652,0.7007457613945007,0.000985295098366122,49.0,,,,,,,,,,,,,,0.0,,,,,0.013092977926135063,0.0
,mappo,,,,49.0,0.0,0.0,0.0,0.0,0.0,0.0,0.0,0.0,0.0,0.0,0.0,0.0,0.0,,,,,,,
-0.006272606551647186,mappo,0.0002194648259319365,0.6935014128684998,0.0009849949983327777,50.0,,,,,,,,,,,,,,0.0,,,,,0.013187870383262634,0.0
,mappo,,,,50.0,0.0,0.0,0.0,0.0,0.0,0.0,0.0,0.0,0.0,0.0,0.0,0.0,0.0,,,,,,,
-0.005390467122197151,mappo,0.00044812209671363235,0.6933321952819824,0.0009846948982994333,51.0,,,,,,,,,,,,,,0.0,,,,,0.013415772467851639,0.0
,mappo,,,,51.0,0.0,0.0,0.0,0.0,0.0,0.0,0.0,0.0,0.0,0.0,0.0,0.0,0.0,,,,,,,
-0.001021155039779842,mappo,0.00022104756499174982,0.6878857612609863,0.0009843947982660886,52.0,,,,,,,,,,,,,,0.0,,,,,0.013408178463578224,0.0
,mappo,,,,52.0,0.0,0.0,0.0,0.0,0.0,0.0,0.0,0.0,0.0,0.0,0.0,0.0,0.0,,,,,,,
-0.008078472688794136,mappo,0.00036257519968785346,0.6827245950698853,0.0009840946982327442,53.0,,,,,,,,,,,,,,0.0,,,,,0.013368742540478706,0.0
,mappo,,,,53.0,0.0,0.0,0.0,0.0,0.0,0.0,0.0,0.0,0.0,0.0,0.0,0.0,0.0,,,,,,,
-0.008222024887800217,mappo,0.00022416726278606802,0.6771655082702637,0.0009837945981993998,54.0,,,,,,,,,,,,,,0.0,,,,,0.013433178886771202,0.0
,mappo,,,,54.0,0.0,0.0,0.0,0.0,0.0,0.0,0.0,0.0,0.0,0.0,0.0,0.0,0.0,,,,,,,
-0.007728190626949072,mappo,0.00021164945792406797,0.6827305555343628,0.0009834944981660554,55.0,,,,,,,,,,,,,,0.0,,,,,0.013332091271877289,0.0
,mappo,,,,55.0,0.0,0.0,0.0,0.0,0.0,0.0,0.0,0.0,0.0,0.0,0.0,0.0,0.0,,,,,,,
0.0027238994371145964,mappo,0.00018908188212662935,0.6951372027397156,0.000983194398132711,56.0,,,,,,,,,,,,,,0.0,,,,,0.013397254049777985,0.0
,mappo,,,,56.0,0.0,0.0,0.0,0.0,0.0,0.0,0.0,0.0,0.0,0.0,0.0,0.0,0.0,,,,,,,
-0.006386779714375734,mappo,0.00017278213636018336,0.6818686723709106,0.0009828942980993664,57.0,,,,,,,,,,,,,,0.0,,,,,0.013063644990324974,0.0
,mappo,,,,57.0,0.0,0.0,0.0,0.0,0.0,0.0,0.0,0.0,0.0,0.0,0.0,0.0,0.0,,,,,,,
-0.008508561179041862,mappo,0.00010480288619874045,0.6570380926132202,0.000982594198066022,58.0,,,,,,,,,,,,,,0.0,,,,,0.013115285895764828,0.0
,mappo,,,,58.0,0.0,0.0,0.0,0.0,0.0,0.0,0.0,0.0,0.0,0.0,0.0,0.0,0.0,,,,,,,
-0.0046997033059597015,mappo,9.56214134930633e-05,0.6408569812774658,0.0009822940980326776,59.0,,,,,,,,,,,,,,0.0,,,,,0.013366655446588993,0.0
,mappo,,,,59.0,0.0,0.0,0.0,0.0,0.0,0.0,0.0,0.0,0.0,0.0,0.0,0.0,0.0,,,,,,,
0.004492388106882572,mappo,0.0023080825340002775,0.60673588514328,0.0009819939979993331,60.0,,,,,,,,,,,,,,0.0,,,,,0.013535605743527412,0.006666666828095913
,mappo,,,,60.0,0.0,0.0,0.3333333432674408,0.0,0.0,0.0,0.3333333432674408,0.0,0.0,0.0,0.0,0.0,0.0,,,,,,,
-0.007306554354727268,mappo,0.001624062075279653,0.5941802263259888,0.0009816938979659887,61.0,,,,,,,,,,,,,,0.0,,,,,0.013621028512716293,0.006666666828095913
,mappo,,,,61.0,0.0,0.0,0.3333333432674408,0.0,0.0,0.0,0.3333333432674408,0.0,0.0,0.0,0.0,0.0,0.0,,,,,,,
-0.005729360040277243,mappo,0.0011595995165407658,0.5853787064552307,0.0009813937979326443,62.0,,,,,,,,,,,,,,0.0,,,,,0.013510951772332191,0.0
,mappo,,,,62.0,0.0,0.0,0.0,0.0,0.0,0.0,0.0,0.0,0.0,0.0,0.0,0.0,0.0,,,,,,,
-0.007872373796999454,mappo,0.0011007547145709395,0.5981252789497375,0.0009810936978992997,63.0,,,,,,,,,,,,,,0.0,,,,,0.013753210194408894,0.006666666828095913
,mappo,,,,63.0,0.0,0.0,0.3333333432674408,0.0,0.0,0.0,0.3333333432674408,0.0,0.0,0.0,0.0,0.0,0.0,,,,,,,
-0.0071537187322974205,mappo,0.0026343681383877993,0.6065177917480469,0.0009807935978659553,64.0,,,,,,,,,,,,,,0.0,,,,,0.014390257187187672,0.006666666828095913
,mappo,,,,64.0,0.0,0.0,0.3333333432674408,0.0,0.0,0.0,0.3333333432674408,0.0,0.0,0.0,0.0,0.0,0.0,,,,,,,
-0.004166555590927601,mappo,0.002139161340892315,0.6070181727409363,0.0009804934978326109,65.0,,,,,,,,,,,,,,0.0,,,,,0.014551065862178802,0.006666666828095913
,mappo,,,,65.0,0.0,0.0,0.3333333432674408,0.0,0.0,0.0,0.3333333432674408,0.0,0.0,0.0,0.0,0.0,0.0,,,,,,,
-0.006628398317843676,mappo,0.001164821209385991,0.61490398645401,0.0009801933977992665,66.0,,,,,,,,,,,,,,0.0,,,,,0.01369541510939598,0.006666666828095913
,mappo,,,,66.0,0.0,0.0,0.3333333432674408,0.0,0.0,0.0,0.3333333432674408,0.0,0.0,0.0,0.0,0.0,0.0,,,,,,,
-0.00199754536151886,mappo,0.00028153767925687134,0.6117950677871704,0.000979893297765922,67.0,,,,,,,,,,,,,,0.0,,,,,0.013928280211985111,0.006666666828095913
,mappo,,,,67.0,0.0,0.0,0.3333333432674408,0.0,0.0,0.0,0.3333333432674408,0.0,0.0,0.0,0.0,0.0,0.0,,,,,,,
-0.003633290296420455,mappo,0.0002629032824188471,0.5993941426277161,0.0009795931977325774,68.0,,,,,,,,,,,,,,0.0,,,,,0.01460464857518673,0.006666666828095913
,mappo,,,,68.0,0.0,0.0,0.3333333432674408,0.0,0.0,0.0,0.3333333432674408,0.0,0.0,0.0,0.0,0.0,0.0,,,,,,,
-0.002283410867676139,mappo,6.132818816695362e-05,0.6028875112533569,0.000979293097699233,69.0,,,,,,,,,,,,,,0.0,,,,,0.014400715939700603,0.006666666828095913
,mappo,,,,69.0,0.0,0.0,0.3333333432674408,0.0,0.0,0.0,0.3333333432674408,0.0,0.0,0.0,0.0,0.0,0.0,,,,,,,
-0.0031792414374649525,mappo,0.00033105688635259867,0.6173928380012512,0.0009789929976658886,70.0,,,,,,,,,,,,,,0.0,,,,,0.014547277241945267,0.006666666828095913
,mappo,,,,70.0,0.0,0.0,0.3333333432674408,0.0,0.0,0.0,0.3333333432674408,0.0,0.0,0.0,0.0,0.0,0.0,,,,,,,
-0.005986868869513273,mappo,0.000508034136146307,0.6119870543479919,0.0009786928976325442,71.0,,,,,,,,,,,,,,0.0,,,,,0.014635659754276276,0.006666666828095913
,mappo,,,,71.0,0.0,0.0,0.3333333432674408,0.0,0.0,0.0,0.3333333432674408,0.0,0.0,0.0,0.0,0.0,0.0,,,,,,,
-0.003175361081957817,mappo,0.0004207949386909604,0.6050808429718018,0.0009783927975991998,72.0,,,,,,,,,,,,,,0.0,,,,,0.014526736922562122,0.006666666828095913
,mappo,,,,72.0,0.0,0.0,0.3333333432674408,0.0,0.0,0.0,0.3333333432674408,0.0,0.0,0.0,0.0,0.0,0.0,,,,,,,
-0.0052047427743673325,mappo,0.00022497554891742766,0.5927774906158447,0.0009780926975658554,73.0,,,,,,,,,,,,,,0.0,,,,,0.015038800425827503,0.006666666828095913
,mappo,,,,73.0,0.0,0.0,0.3333333432674408,0.0,0.0,0.0,0.3333333432674408,0.0,0.0,0.0,0.0,0.0,0.0,,,,,,,
-0.006021012552082539,mappo,0.00010849090904230252,0.5921484231948853,0.0009777925975325108,74.0,,,,,,,,,,,,,,0.0,,,,,0.014829404652118683,0.006666666828095913
,mappo,,,,74.0,0.0,0.0,0.3333333432674408,0.0,0.0,0.0,0.3333333432674408,0.0,0.0,0.0,0.0,0.0,0.0,,,,,,,
-0.003402701113373041,mappo,8.463591075269505e-05,0.5884944796562195,0.0009774924974991664,75.0,,,,,,,,,,,,,,0.0,,,,,0.01514175534248352,0.006666666828095913
,mappo,,,,75.0,0.0,0.0,0.3333333432674408,0.0,0.0,0.0,0.3333333432674408,0.0,0.0,0.0,0.0,0.0,0.0,,,,,,,
-0.007077340502291918,mappo,7.414728315779939e-05,0.6077316403388977,0.000977192397465822,76.0,,,,,,,,,,,,,,0.0,,,,,0.0152122862637043,0.006666666828095913
,mappo,,,,76.0,0.0,0.0,0.3333333432674408,0.0,0.0,0.0,0.3333333432674408,0.0,0.0,0.0,0.0,0.0,0.0,,,,,,,
-0.004414636641740799,mappo,5.3234369261190295e-05,0.6195129156112671,0.0009768922974324776,77.0,,,,,,,,,,,,,,0.0,,,,,0.015480706468224525,0.006666666828095913
,mappo,,,,77.0,0.0,0.0,0.3333333432674408,0.0,0.0,0.0,0.3333333432674408,0.0,0.0,0.0,0.0,0.0,0.0,,,,,,,
-0.004935929551720619,mappo,5.7808039855444804e-05,0.6354652643203735,0.0009765921973991331,78.0,,,,,,,,,,,,,,0.0,,,,,0.015223496593534946,0.006666666828095913
,mappo,,,,78.0,0.0,0.0,0.3333333432674408,0.0,0.0,0.0,0.3333333432674408,0.0,0.0,0.0,0.0,0.0,0.0,,,,,,,
-0.008752982132136822,mappo,6.371461495291442e-05,0.6278485059738159,0.0009762920973657886,79.0,,,,,,,,,,,,,,0.0,,,,,0.015313996002078056,0.006666666828095913
,mappo,,,,79.0,0.0,0.0,0.3333333432674408,0.0,0.0,0.0,0.3333333432674408,0.0,0.0,0.0,0.0,0.0,0.0,,,,,,,
-0.009731356054544449,mappo,5.986643009237014e-05,0.6184889078140259,0.0009759919973324441,80.0,,,,,,,,,,,,,,0.0,,,,,0.01549091748893261,0.006666666828095913
,mappo,,,,80.0,0.0,0.0,0.3333333432674408,0.0,0.0,0.0,0.3333333432674408,0.0,0.0,0.0,0.0,0.0,0.0,,,,,,,
-0.003935656975954771,mappo,6.766809383407235e-05,0.6032049655914307,0.0009756918972990997,81.0,,,,,,,,,,,,,,0.0,,,,,0.01530977338552475,0.006666666828095913
,mappo,,,,81.0,0.0,0.0,0.3333333432674408,0.0,0.0,0.0,0.3333333432674408,0.0,0.0,0.0,0.0,0.0,0.0,,,,,,,
-0.0072816782630980015,mappo,6.526126526296139e-05,0.5959618091583252,0.0009753917972657553,82.0,,,,,,,,,,,,,,0.0,,,,,0.015527363866567612,0.006666666828095913
,mappo,,,,82.0,0.0,0.0,0.3333333432674408,0.0,0.0,0.0,0.3333333432674408,0.0,0.0,0.0,0.0,0.0,0.0,,,,,,,
-0.001104004681110382,mappo,6.139197648735717e-05,0.602120578289032,0.0009750916972324108,83.0,,,,,,,,,,,,,,0.0,,,,,0.015051502734422684,0.006666666828095913
,mappo,,,,83.0,0.0,0.0,0.3333333432674408,0.0,0.0,0.0,0.3333333432674408,0.0,0.0,0.0,0.0,0.0,0.0,,,,,,,
-0.0027501648291945457,mappo,7.870883564464748e-05,0.5901916027069092,0.0009747915971990664,84.0,,,,,,,,,,,,,,0.0,,,,,0.014887506142258644,0.006666666828095913
,mappo,,,,84.0,0.0,0.0,0.3333333432674408,0.0,0.0,0.0,0.3333333432674408,0.0,0.0,0.0,0.0,0.0,0.0,,,,,,,
-0.005608379375189543,mappo,7.669581100344658e-05,0.5807290077209473,0.000974491497165722,85.0,,,,,,,,,,,,,,0.0,,,,,0.015545293688774109,0.006666666828095913
,mappo,,,,85.0,0.0,0.0,0.3333333432674408,0.0,0.0,0.0,0.3333333432674408,0.0,0.0,0.0,0.0,0.0,0.0,,,,,,,
-0.0021102847531437874,mappo,3.114605351584032e-05,0.5669061541557312,0.0009741913971323774,86.0,,,,,,,,,,,,,,0.0,,,,,0.015475835651159286,0.006666666828095913
,mappo,,,,86.0,0.0,0.0,0.3333333432674408,0.0,0.0,0.0,0.3333333432674408,0.0,0.0,0.0,0.0,0.0,0.0,,,,,,,
-0.003894711146131158,mappo,3.948214362026192e-05,0.5572997331619263,0.000973891297099033,87.0,,,,,,,,,,,,,,0.0,,,,,0.01549235824495554,0.006666666828095913
,mappo,,,,87.0,0.0,0.0,0.3333333432674408,0.0,0.0,0.0,0.3333333432674408,0.0,0.0,0.0,0.0,0.0,0.0,,,,,,,
-0.002374036004766822,mappo,2.4701912479940802e-05,0.5533278584480286,0.0009735911970656886,88.0,,,,,,,,,,,,,,0.0,,,,,0.015626972541213036,0.006666666828095913
,mappo,,,,88.0,0.0,0.0,0.3333333432674408,0.0,0.0,0.0,0.3333333432674408,0.0,0.0,0.0,0.0,0.0,0.0,,,,,,,
-0.005638027563691139,mappo,3.919536175089888e-05,0.5807514190673828,0.0009732910970323441,89.0,,,,,,,,,,,,,,0.0,,,,,0.015284588560461998,0.006666666828095913
,mappo,,,,89.0,0.0,0.0,0.3333333432674408,0.0,0.0,0.0,0.3333333432674408,0.0,0.0,0.0,0.0,0.0,0.0,,,,,,,
-0.001140337553806603,mappo,5.318222247296944e-05,0.6067149043083191,0.0009729909969989997,90.0,,,,,,,,,,,,,,0.0,,,,,0.015352979302406311,0.006666666828095913
,mappo,,,,90.0,0.0,0.0,0.3333333432674408,0.0,0.0,0.0,0.3333333432674408,0.0,0.0,0.0,0.0,0.0,0.0,,,,,,,
-0.0035381377674639225,mappo,3.9864753489382565e-05,0.6163366436958313,0.0009726908969656552,91.0,,,,,,,,,,,,,,0.0,,,,,0.01459228340536356,0.006666666828095913
,mappo,,,,91.0,0.0,0.0,0.3333333432674408,0.0,0.0,0.0,0.3333333432674408,0.0,0.0,0.0,0.0,0.0,0.0,,,,,,,
-0.0022093902807682753,mappo,5.896023867535405e-05,0.5944733023643494,0.0009723907969323108,92.0,,,,,,,,,,,,,,0.0,,,,,0.015219870954751968,0.006666666828095913
,mappo,,,,92.0,0.0,0.0,0.3333333432674408,0.0,0.0,0.0,0.3333333432674408,0.0,0.0,0.0,0.0,0.0,0.0,,,,,,,
-0.004737308248877525,mappo,3.086762808379717e-05,0.5616012811660767,0.0009720906968989664,93.0,,,,,,,,,,,,,,0.0,,,,,0.015364015474915504,0.006666666828095913
,mappo,,,,93.0,0.0,0.0,0.3333333432674408,0.0,0.0,0.0,0.3333333432674408,0.0,0.0,0.0,0.0,0.0,0.0,,,,,,,
-0.0018533696420490742,mappo,1.5353756680269726e-05,0.5331215858459473,0.0009717905968656219,94.0,,,,,,,,,,,,,,0.0,,,,,0.015249999240040779,0.006666666828095913
,mappo,,,,94.0,0.0,0.0,0.3333333432674408,0.0,0.0,0.0,0.3333333432674408,0.0,0.0,0.0,0.0,0.0,0.0,,,,,,,
-0.004035839810967445,mappo,1.5469806385226548e-05,0.5226168036460876,0.0009714904968322775,95.0,,,,,,,,,,,,,,0.0,,,,,0.015102609060704708,0.006666666828095913
,mappo,,,,95.0,0.0,0.0,0.3333333432674408,0.0,0.0,0.0,0.3333333432674408,0.0,0.0,0.0,0.0,0.0,0.0,,,,,,,
-0.0035464982502162457,mappo,2.9373397410381585e-05,0.5204968452453613,0.000971190396798933,96.0,,,,,,,,,,,,,,0.0,,,,,0.015232246369123459,0.006666666828095913
,mappo,,,,96.0,0.0,0.0,0.3333333432674408,0.0,0.0,0.0,0.3333333432674408,0.0,0.0,0.0,0.0,0.0,0.0,,,,,,,
-0.006090161390602589,mappo,1.0340113476559054e-05,0.5010672807693481,0.0009708902967655885,97.0,,,,,,,,,,,,,,0.0,,,,,0.015351109206676483,0.006666666828095913
,mappo,,,,97.0,0.0,0.0,0.3333333432674408,0.0,0.0,0.0,0.3333333432674408,0.0,0.0,0.0,0.0,0.0,0.0,,,,,,,
0.0010266260942444205,mappo,1.2941151908307802e-05,0.49902307987213135,0.0009705901967322441,98.0,,,,,,,,,,,,,,0.0,,,,,0.015280226245522499,0.006666666828095913
,mappo,,,,98.0,0.0,0.0,0.3333333432674408,0.0,0.0,0.0,0.3333333432674408,0.0,0.0,0.0,0.0,0.0,0.0,,,,,,,
-0.002146921120584011,mappo,7.991663551365491e-06,0.48174989223480225,0.0009702900966988997,99.0,,,,,,,,,,,,,,0.0,,,,,0.015403792262077332,0.006666666828095913
,mappo,,,,99.0,0.0,0.0,0.3333333432674408,0.0,0.0,0.0,0.3333333432674408,0.0,0.0,0.0,0.0,0.0,0.0,,,,,,,
,mappo,,,,99.0,,,,,,,,,,,,,,,0.0,0.0,0.3333333432674408,0.0,,
-0.0011253454722464085,mappo,5.842837254022015e-06,0.47982707619667053,0.0009699899966655552,100.0,,,,,,,,,,,,,,0.0,,,,,0.015532737597823143,0.006666666828095913
,mappo,,,,100.0,0.0,0.0,0.3333333432674408,0.0,0.0,0.0,0.3333333432674408,0.0,0.0,0.0,0.0,0.0,0.0,,,,,,,
0.004514153581112623,mappo,1.0020922672993038e-05,0.48916223645210266,0.0009696898966322108,101.0,,,,,,,,,,,,,,0.0,,,,,0.015405802056193352,0.006666666828095913
,mappo,,,,101.0,0.0,0.0,0.3333333432674408,0.0,0.0,0.0,0.3333333432674408,0.0,0.0,0.0,0.0,0.0,0.0,,,,,,,
0.0002777507179416716,mappo,2.5771452783374116e-05,0.48596739768981934,0.0009693897965988663,102.0,,,,,,,,,,,,,,0.0,,,,,0.015289660543203354,0.006666666828095913
,mappo,,,,102.0,0.0,0.0,0.3333333432674408,0.0,0.0,0.0,0.3333333432674408,0.0,0.0,0.0,0.0,0.0,0.0,,,,,,,
-0.01046006940305233,mappo,1.1598154742387123e-05,0.47339585423469543,0.0009690896965655219,103.0,,,,,,,,,,,,,,0.0,,,,,0.015563475899398327,0.006666666828095913
,mappo,,,,103.0,0.0,0.0,0.3333333432674408,0.0,0.0,0.0,0.3333333432674408,0.0,0.0,0.0,0.0,0.0,0.0,,,,,,,
-0.005530704278498888,mappo,1.1786162758653518e-05,0.48426106572151184,0.0009687895965321775,104.0,,,,,,,,,,,,,,0.0,,,,,0.015084881335496902,0.006666666828095913
,mappo,,,,104.0,0.0,0.0,0.3333333432674408,0.0,0.0,0.0,0.3333333432674408,0.0,0.0,0.0,0.0,0.0,0.0,,,,,,,
-0.009953304193913937,mappo,1.3489458979165647e-05,0.47850361466407776,0.0009684894964988329,105.0,,,,,,,,,,,,,,0.0,,,,,0.015614841133356094,0.006666666828095913
,mappo,,,,105.0,0.0,0.0,0.3333333432674408,0.0,0.0,0.0,0.3333333432674408,0.0,0.0,0.0,0.0,0.0,0.0,,,,,,,
0.012844395823776722,mappo,5.9881490415136795e-06,0.4811372458934784,0.0009681893964654885,106.0,,,,,,,,,,,,,,0.0,,,,,0.01588377356529236,0.006666666828095913
,mappo,,,,106.0,0.0,0.0,0.3333333432674408,0.0,0.0,0.0,0.3333333432674408,0.0,0.0,0.0,0.0,0.0,0.0,,,,,,,
-0.005538121797144413,mappo,1.995422280742787e-06,0.49552908539772034,0.0009678892964321441,107.0,,,,,,,,,,,,,,0.0,,,,,0.016069527715444565,0.006666666828095913
,mappo,,,,107.0,0.0,0.0,0.3333333432674408,0.0,0.0,0.0,0.3333333432674408,0.0,0.0,0.0,0.0,0.0,0.0,,,,,,,
-0.008012250065803528,mappo,4.295709459256614e-06,0.495943158864975,0.0009675891963987996,108.0,,,,,,,,,,,,,,0.0,,,,,0.015999967232346535,0.006666666828095913
,mappo,,,,108.0,0.0,0.0,0.3333333432674408,0.0,0.0,0.0,0.3333333432674408,0.0,0.0,0.0,0.0,0.0,0.0,,,,,,,
-0.0006551444530487061,mappo,8.915001671994105e-06,0.5101556777954102,0.0009672890963654552,109.0,,,,,,,,,,,,,,0.0,,,,,0.01578376069664955,0.006666666828095913
,mappo,,,,109.0,0.0,0.0,0.3333333432674408,0.0,0.0,0.0,0.3333333432674408,0.0,0.0,0.0,0.0,0.0,0.0,,,,,,,
-0.0003591650747694075,mappo,2.9694574550376274e-06,0.5115708708763123,0.0009669889963321107,110.0,,,,,,,,,,,,,,0.0,,,,,0.0156262144446373,0.006666666828095913
,mappo,,,,110.0,0.0,0.0,0.3333333432674408,0.0,0.0,0.0,0.3333333432674408,0.0,0.0,0.0,0.0,0.0,0.0,,,,,,,
-0.009203801862895489,mappo,1.0294971616531257e-05,0.5210275053977966,0.0009666888962987663,111.0,,,,,,,,,,,,,,0.0,,,,,0.015134931541979313,0.006666666828095913
,mappo,,,,111.0,0.0,0.0,0.3333333432674408,0.0,0.0,0.0,0.3333333432674408,0.0,0.0,0.0,0.0,0.0,0.0,,,,,,,
-0.0009228945709764957,mappo,6.059721272322349e-06,0.49701055884361267,0.0009663887962654219,112.0,,,,,,,,,,,,,,0.0,,,,,0.015379514545202255,0.006666666828095913
,mappo,,,,112.0,0.0,0.0,0.3333333432674408,0.0,0.0,0.0,0.3333333432674408,0.0,0.0,0.0,0.0,0.0,0.0,,,,,,,
-0.00620071729645133,mappo,2.872428240152658e-06,0.4971962571144104,0.0009660886962320773,113.0,,,,,,,,,,,,,,0.0,,,,,0.015530053526163101,0.006666666828095913
,mappo,,,,113.0,0.0,0.0,0.3333333432674408,0.0,0.0,0.0,0.3333333432674408,0.0,0.0,0.0,0.0,0.0,0.0,,,,,,,
-0.0018884512828662992,mappo,2.2429530872614123e-06,0.4913095235824585,0.0009657885961987329,114.0,,,,,,,,,,,,,,0.0,,,,,0.01586710289120674,0.006666666828095913
,mappo,,,,114.0,0.0,0.0,0.3333333432674408,0.0,0.0,0.0,0.3333333432674408,0.0,0.0,0.0,0.0,0.0,0.0,,,,,,,
-0.002923673950135708,mappo,3.5331495382706635e-06,0.48501765727996826,0.0009654884961653885,115.0,,,,,,,,,,,,,,0.0,,,,,0.016040734946727753,0.006666666828095913
,mappo,,,,115.0,0.0,0.0,0.3333333432674408,0.0,0.0,0.0,0.3333333432674408,0.0,0.0,0.0,0.0,0.0,0.0,,,,,,,
0.0009039051365107298,mappo,2.9047100724710617e-06,0.4654579758644104,0.000965188396132044,116.0,,,,,,,,,,,,,,0.0,,,,,0.016251124441623688,0.006666666828095913
,mappo,,,,116.0,0.0,0.0,0.3333333432674408,0.0,0.0,0.0,0.3333333432674408,0.0,0.0,0.0,0.0,0.0,0.0,,,,,,,
-0.0019465656951069832,mappo,2.480435568941175e-06,0.4749473035335541,0.0009648882960986996,117.0,,,,,,,,,,,,,,0.0,,,,,0.016452841460704803,0.006666666828095913
,mappo,,,,117.0,0.0,0.0,0.3333333432674408,0.0,0.0,0.0,0.3333333432674408,0.0,0.0,0.0,0.0,0.0,0.0,,,,,,,
-0.004599689971655607,mappo,8.42946428747382e-06,0.48228219151496887,0.0009645881960653551,118.0,,,,,,,,,,,,,,0.0,,,,,0.01633061096072197,0.006666666828095913
,mappo,,,,118.0,0.0,0.0,0.3333333432674408,0.0,0.0,0.0,0.3333333432674408,0.0,0.0,0.0,0.0,0.0,0.0,,,,,,,
-0.0062903896905481815,mappo,3.3352825994370505e-06,0.47541868686676025,0.0009642880960320107,119.0,,,,,,,,,,,,,,0.0,,,,,0.016292894259095192,0.006666666828095913
,mappo,,,,119.0,0.0,0.0,0.3333333432674408,0.0,0.0,0.0,0.3333333432674408,0.0,0.0,0.0,0.0,0.0,0.0,,,,,,,
-0.0019104548264294863,mappo,4.09511812904384e-06,0.4626502990722656,0.0009639879959986663,120.0,,,,,,,,,,,,,,0.0,,,,,0.016358019784092903,0.006666666828095913
,mappo,,,,120.0,0.0,0.0,0.3333333432674408,0.0,0.0,0.0,0.3333333432674408,0.0,0.0,0.0,0.0,0.0,0.0,,,,,,,
-0.007133338134735823,mappo,2.8282677249080734e-06,0.4730815589427948,0.0009636878959653218,121.0,,,,,,,,,,,,,,0.0,,,,,0.01647260971367359,0.006666666828095913
,mappo,,,,121.0,0.0,0.0,0.3333333432674408,0.0,0.0,0.0,0.3333333432674408,0.0,0.0,0.0,0.0,0.0,0.0,,,,,,,
-0.002397509990260005,mappo,3.57577209797455e-06,0.4688379466533661,0.0009633877959319773,122.0,,,,,,,,,,,,,,0.0,,,,,0.01657363399863243,0.006666666828095913
,mappo,,,,122.0,0.0,0.0,0.3333333432674408,0.0,0.0,0.0,0.3333333432674408,0.0,0.0,0.0,0.0,0.0,0.0,,,,,,,
-0.001468656468205154,mappo,3.0016019536560634e-06,0.4660130441188812,0.0009630876958986329,123.0,,,,,,,,,,,,,,0.0,,,,,0.01667105406522751,0.006666666828095913
,mappo,,,,123.0,0.0,0.0,0.3333333432674408,0.0,0.0,0.0,0.3333333432674408,0.0,0.0,0.0,0.0,0.0,0.0,,,,,,,
0.0009214088204316795,mappo,5.2035552471352275e-06,0.46108999848365784,0.0009627875958652884,124.0,,,,,,,,,,,,,,0.0,,,,,0.01667032390832901,0.006666666828095913
,mappo,,,,124.0,0.0,0.0,0.3333333432674408,0.0,0.0,0.0,0.3333333432674408,0.0,0.0,0.0,0.0,0.0,0.0,,,,,,,
0.0012214030139148235,mappo,4.631937372323591e-06,0.4727175533771515,0.000962487495831944,125.0,,,,,,,,,,,,,,0.0,,,,,0.016733380034565926,0.006666666828095913
,mappo,,,,125.0,0.0,0.0,0.3333333432674408,0.0,0.0,0.0,0.3333333432674408,0.0,0.0,0.0,0.0,0.0,0.0,,,,,,,
-0.004269002005457878,mappo,3.5032626328757033e-06,0.48201847076416016,0.0009621873957985996,126.0,,,,,,,,,,,,,,0.0,,,,,0.016560398042201996,0.006666666828095913
,mappo,,,,126.0,0.0,0.0,0.3333333432674408,0.0,0.0,0.0,0.3333333432674408,0.0,0.0,0.0,0.0,0.0,0.0,,,,,,,
-0.003858240321278572,mappo,3.879702035192167e-06,0.4767904579639435,0.0009618872957652551,127.0,,,,,,,,,,,,,,0.0,,,,,0.016672208905220032,0.006666666828095913
,mappo,,,,127.0,0.0,0.0,0.3333333432674408,0.0,0.0,0.0,0.3333333432674408,0.0,0.0,0.0,0.0,0.0,0.0,,,,,,,
-0.003364601405337453,mappo,2.585655010989285e-06,0.43748047947883606,0.0009615871957319107,128.0,,,,,,,,,,,,,,0.0,,,,,0.01670127362012863,0.006666666828095913
,mappo,,,,128.0,0.0,0.0,0.3333333432674408,0.0,0.0,0.0,0.3333333432674408,0.0,0.0,0.0,0.0,0.0,0.0,,,,,,,
-0.003074407810345292,mappo,3.1079921427590307e-06,0.4236504137516022,0.0009612870956985662,129.0,,,,,,,,,,,,,,0.0,,,,,0.01672932133078575,0.006666666828095913
,mappo,,,,129.0,0.0,0.0,0.3333333432674408,0.0,0.0,0.0,0.3333333432674408,0.0,0.0,0.0,0.0,0.0,0.0,,,,,,,
-0.0037595080211758614,mappo,1.6376354778913083e-06,0.42942729592323303,0.0009609869956652218,130.0,,,,,,,,,,,,,,0.0,,,,,0.016702422872185707,0.006666666828095913
,mappo,,,,130.0,0.0,0.0,0.3333333432674408,0.0,0.0,0.0,0.3333333432674408,0.0,0.0,0.0,0.0,0.0,0.0,,,,,,,
-0.0079222172498703,mappo,4.530897513177479e-06,0.43249180912971497,0.0009606868956318773,131.0,,,,,,,,,,,,,,0.0,,,,,0.016651786863803864,0.006666666828095913
,mappo,,,,131.0,0.0,0.0,0.3333333432674408,0.0,0.0,0.0,0.3333333432674408,0.0,0.0,0.0,0.0,0.0,0.0,,,,,,,
0.012438742443919182,mappo,7.084744879648497e-07,0.4425777792930603,0.0009603867955985328,132.0,,,,,,,,,,,,,,0.0,,,,,0.016573548316955566,0.006666666828095913
,mappo,,,,132.0,0.0,0.0,0.3333333432674408,0.0,0.0,0.0,0.3333333432674408,0.0,0.0,0.0,0.0,0.0,0.0,,,,,,,
0.0005867314757779241,mappo,1.571238044562051e-06,0.44483307003974915,0.0009600866955651884,133.0,,,,,,,,,,,,,,0.0,,,,,0.016589587554335594,0.006666666828095913
,mappo,,,,133.0,0.0,0.0,0.3333333432674408,0.0,0.0,0.0,0.3333333432674408,0.0,0.0,0.0,0.0,0.0,0.0,,,,,,,
-0.00354643352329731,mappo,9.164360221802781e-07,0.46060964465141296,0.000959786595531844,134.0,,,,,,,,,,,,,,0.0,,,,,0.016621075570583344,0.006666666828095913
,mappo,,,,134.0,0.0,0.0,0.3333333432674408,0.0,0.0,0.0,0.3333333432674408,0.0,0.0,0.0,0.0,0.0,0.0,,,,,,,
0.01098641473799944,mappo,1.437427840755845e-06,0.4542604088783264,0.0009594864954984995,135.0,,,,,,,,,,,,,,0.0,,,,,0.01664115861058235,0.006666666828095913
,mappo,,,,135.0,0.0,0.0,0.3333333432674408,0.0,0.0,0.0,0.3333333432674408,0.0,0.0,0.0,0.0,0.0,0.0,,,,,,,
-0.0030624419450759888,mappo,6.445808935495734e-07,0.446012020111084,0.0009591863954651551,136.0,,,,,,,,,,,,,,0.0,,,,,0.01662629470229149,0.006666666828095913
,mappo,,,,136.0,0.0,0.0,0.3333333432674408,0.0,0.0,0.0,0.3333333432674408,0.0,0.0,0.0,0.0,0.0,0.0,,,,,,,
-0.006458526477217674,mappo,7.779419206599414e-07,0.4434538781642914,0.0009588862954318107,137.0,,,,,,,,,,,,,,0.0,,,,,0.01674531027674675,0.006666666828095913
,mappo,,,,137.0,0.0,0.0,0.3333333432674408,0.0,0.0,0.0,0.3333333432674408,0.0,0.0,0.0,0.0,0.0,0.0,,,,,,,
-0.0012696661287918687,mappo,5.234853119873151e-07,0.4579693675041199,0.0009585861953984662,138.0,,,,,,,,,,,,,,0.0,,,,,0.01661938615143299,0.006666666828095913
,mappo,,,,138.0,0.0,0.0,0.3333333432674408,0.0,0.0,0.0,0.3333333432674408,0.0,0.0,0.0,0.0,0.0,0.0,,,,,,,
-0.002798639703541994,mappo,1.5666383887946722e-06,0.47931626439094543,0.0009582860953651218,139.0,,,,,,,,,,,,,,0.0,,,,,0.016563883051276207,0.006666666828095913
,mappo,,,,139.0,0.0,0.0,0.3333333432674408,0.0,0.0,0.0,0.3333333432674408,0.0,0.0,0.0,0.0,0.0,0.0,,,,,,,
-0.005959495902061462,mappo,1.0191536148340674e-06,0.48629918694496155,0.0009579859953317772,140.0,,,,,,,,,,,,,,0.0,,,,,0.016584651544690132,0.006666666828095913
,mappo,,,,140.0,0.0,0.0,0.3333333432674408,0.0,0.0,0.0,0.3333333432674408,0.0,0.0,0.0,0.0,0.0,0.0,,,,,,,
-0.002618255326524377,mappo,8.530314516974613e-07,0.5075448155403137,0.0009576858952984328,141.0,,,,,,,,,,,,,,0.0,,,,,0.01642020419239998,0.006666666828095913
,mappo,,,,141.0,0.0,0.0,0.3333333432674408,0.0,0.0,0.0,0.3333333432674408,0.0,0.0,0.0,0.0,0.0,0.0,,,,,,,
-0.005127400625497103,mappo,1.4385077520273626e-06,0.5306870937347412,0.0009573857952650884,142.0,,,,,,,,,,,,,,0.0,,,,,0.016468174755573273,0.006666666828095913
,mappo,,,,142.0,0.0,0.0,0.3333333432674408,0.0,0.0,0.0,0.3333333432674408,0.0,0.0,0.0,0.0,0.0,0.0,,,,,,,
-0.010183315724134445,mappo,5.766318054156727e-07,0.5487872958183289,0.0009570856952317439,143.0,,,,,,,,,,,,,,0.0,,,,,0.01646454818546772,0.006666666828095913
,mappo,,,,143.0,0.0,0.0,0.3333333432674408,0.0,0.0,0.0,0.3333333432674408,0.0,0.0,0.0,0.0,0.0,0.0,,,,,,,
-0.0072792936116456985,mappo,1.1881242016897886e-06,0.5660991668701172,0.0009567855951983995,144.0,,,,,,,,,,,,,,0.0,,,,,0.01609119027853012,0.006666666828095913
,mappo,,,,144.0,0.0,0.0,0.3333333432674408,0.0,0.0,0.0,0.3333333432674408,0.0,0.0,0.0,0.0,0.0,0.0,,,,,,,
-0.0014965407317504287,mappo,7.908205361673026e-07,0.5559379458427429,0.000956485495165055,145.0,,,,,,,,,,,,,,0.0,,,,,0.016398433595895767,0.006666666828095913
,mappo,,,,145.0,0.0,0.0,0.3333333432674408,0.0,0.0,0.0,0.3333333432674408,0.0,0.0,0.0,0.0,0.0,0.0,,,,,,,
-0.004929743707180023,mappo,1.0748426575446501e-06,0.5679680109024048,0.0009561853951317106,146.0,,,,,,,,,,,,,,0.0,,,,,0.01635099947452545,0.006666666828095913
,mappo,,,,146.0,0.0,0.0,0.3333333432674408,0.0,0.0,0.0,0.3333333432674408,0.0,0.0,0.0,0.0,0.0,0.0,,,,,,,
-0.004879053682088852,mappo,2.8494855541794095e-07,0.5811232328414917,0.0009558852950983662,147.0,,,,,,,,,,,,,,0.0,,,,,0.016362791880965233,0.006666666828095913
,mappo,,,,147.0,0.0,0.0,0.3333333432674408,0.0,0.0,0.0,0.3333333432674408,0.0,0.0,0.0,0.0,0.0,0.0,,,,,,,
-0.0028021226171404123,mappo,2.0668046545324614e-06,0.5819674134254456,0.0009555851950650217,148.0,,,,,,,,,,,,,,0.0,,,,,0.016380395740270615,0.006666666828095913
,mappo,,,,148.0,0.0,0.0,0.3333333432674408,0.0,0.0,0.0,0.3333333432674408,0.0,0.0,0.0,0.0,0.0,0.0,,,,,,,
-0.0042538121342659,mappo,3.3179128422489157e-07,0.5759763717651367,0.0009552850950316772,149.0,,,,,,,,,,,,,,0.0,,,,,0.016448277980089188,0.006666666828095913
,mappo,,,,149.0,0.0,0.0,0.3333333432674408,0.0,0.0,0.0,0.3333333432674408,0.0,0.0,0.0,0.0,0.0,0.0,,,,,,,
-0.007285718806087971,mappo,6.44798717530648e-07,0.5772245526313782,0.0009549849949983328,150.0,,,,,,,,,,,,,,0.0,,,,,0.01646926999092102,0.006666666828095913
,mappo,,,,150.0,0.0,0.0,0.3333333432674408,0.0,0.0,0.0,0.3333333432674408,0.0,0.0,0.0,0.0,0.0,0.0,,,,,,,
-0.005748067982494831,mappo,8.753787597015616e-07,0.5797016620635986,0.0009546848949649883,151.0,,,,,,,,,,,,,,0.0,,,,,0.016273722052574158,0.006666666828095913
,mappo,,,,151.0,0.0,0.0,0.3333333432674408,0.0,0.0,0.0,0.3333333432674408,0.0,0.0,0.0,0.0,0.0,0.0,,,,,,,
-0.0015900272410362959,mappo,6.801750487284153e-07,0.5877289772033691,0.0009543847949316439,152.0,,,,,,,,,,,,,,0.0,,,,,0.01645829901099205,0.006666666828095913
,mappo,,,,152.0,0.0,0.0,0.3333333432674408,0.0,0.0,0.0,0.3333333432674408,0.0,0.0,0.0,0.0,0.0,0.0,,,,,,,
-0.0049802688881754875,mappo,4.727852456198889e-07,0.5845922827720642,0.0009540846948982995,153.0,,,,,,,,,,,,,,0.0,,,,,0.01645660772919655,0.006666666828095913
,mappo,,,,153.0,0.0,0.0,0.3333333432674408,0.0,0.0,0.0,0.3333333432674408,0.0,0.0,0.0,0.0,0.0,0.0,,,,,,,
-0.0035731946118175983,mappo,3.1623926588508766e-07,0.5847384929656982,0.000953784594864955,154.0,,,,,,,,,,,,,,0.0,,,,,0.016228605061769485,0.006666666828095913
,mappo,,,,154.0,0.0,0.0,0.3333333432674408,0.0,0.0,0.0,0.3333333432674408,0.0,0.0,0.0,0.0,0.0,0.0,,,,,,,
-0.004442881792783737,mappo,5.561017815125524e-07,0.5780279040336609,0.0009534844948316106,155.0,,,,,,,,,,,,,,0.0,,,,,0.016243629157543182,0.006666666828095913
,mappo,,,,155.0,0.0,0.0,0.3333333432674408,0.0,0.0,0.0,0.3333333432674408,0.0,0.0,0.0,0.0,0.0,0.0,,,,,,,
-0.0029837777838110924,mappo,2.677238342130295e-07,0.5673883557319641,0.0009531843947982661,156.0,,,,,,,,,,,,,,0.0,,,,,0.01632685214281082,0.006666666828095913
,mappo,,,,156.0,0.0,0.0,0.3333333432674408,0.0,0.0,0.0,0.3333333432674408,0.0,0.0,0.0,0.0,0.0,0.0,,,,,,,
-0.002848781878128648,mappo,7.266260126925772e-07,0.5652966499328613,0.0009528842947649217,157.0,,,,,,,,,,,,,,0.0,,,,,0.016581285744905472,0.006666666828095913
,mappo,,,,157.0,0.0,0.0,0.3333333432674408,0.0,0.0,0.0,0.3333333432674408,0.0,0.0,0.0,0.0,0.0,0.0,,,,,,,
-0.011842770501971245,mappo,4.59817243836369e-07,0.5593069195747375,0.0009525841947315772,158.0,,,,,,,,,,,,,,0.0,,,,,0.016493510454893112,0.006666666828095913
,mappo,,,,158.0,0.0,0.0,0.3333333432674408,0.0,0.0,0.0,0.3333333432674408,0.0,0.0,0.0,0.0,0.0,0.0,,,,,,,
-0.002349742455407977,mappo,6.13745385180664e-07,0.5561618804931641,0.0009522840946982327,159.0,,,,,,,,,,,,,,0.0,,,,,0.016567762941122055,0.006666666828095913
,mappo,,,,159.0,0.0,0.0,0.3333333432674408,0.0,0.0,0.0,0.3333333432674408,0.0,0.0,0.0,0.0,0.0,0.0,,,,,,,
-0.007901267148554325,mappo,9.345799298898783e-07,0.5449869632720947,0.0009519839946648883,160.0,,,,,,,,,,,,,,0.0,,,,,0.016631843522191048,0.006666666828095913
,mappo,,,,160.0,0.0,0.0,0.3333333432674408,0.0,0.0,0.0,0.3333333432674408,0.0,0.0,0.0,0.0,0.0,0.0,,,,,,,
-0.0021282308734953403,mappo,1.9844335952257097e-07,0.5426075458526611,0.0009516838946315439,161.0,,,,,,,,,,,,,,0.0,,,,,0.016573689877986908,0.006666666828095913
,mappo,,,,161.0,0.0,0.0,0.3333333432674408,0.0,0.0,0.0,0.3333333432674408,0.0,0.0,0.0,0.0,0.0,0.0,,,,,,,
0.0006520511815324426,mappo,7.834020721020352e-07,0.5289710164070129,0.0009513837945981994,162.0,,,,,,,,,,,,,,0.0,,,,,0.016768546774983406,0.006666666828095913
,mappo,,,,162.0,0.0,0.0,0.3333333432674408,0.0,0.0,0.0,0.3333333432674408,0.0,0.0,0.0,0.0,0.0,0.0,,,,,,,
-0.0016968892887234688,mappo,2.522231454804569e-07,0.540640115737915,0.000951083694564855,163.0,,,,,,,,,,,,,,0.0,,,,,0.016719665378332138,0.006666666828095913
,mappo,,,,163.0,0.0,0.0,0.3333333432674408,0.0,0.0,0.0,0.3333333432674408,0.0,0.0,0.0,0.0,0.0,0.0,,,,,,,
-0.0033319469075649977,mappo,1.0398870244898717e-06,0.5526145100593567,0.0009507835945315106,164.0,,,,,,,,,,,,,,0.0,,,,,0.016680143773555756,0.006666666828095913
,mappo,,,,164.0,0.0,0.0,0.3333333432674408,0.0,0.0,0.0,0.3333333432674408,0.0,0.0,0.0,0.0,0.0,0.0,,,,,,,
0.01088620163500309,mappo,6.420001454898738e-07,0.56056809425354,0.0009504834944981661,165.0,,,,,,,,,,,,,,0.0,,,,,0.016510719433426857,0.006666666828095913
,mappo,,,,165.0,0.0,0.0,0.3333333432674408,0.0,0.0,0.0,0.3333333432674408,0.0,0.0,0.0,0.0,0.0,0.0,,,,,,,
-0.01326488796621561,mappo,3.885563728545094e-07,0.5650573372840881,0.0009501833944648217,166.0,,,,,,,,,,,,,,0.0,,,,,0.016420722007751465,0.006666666828095913
,mappo,,,,166.0,0.0,0.0,0.3333333432674408,0.0,0.0,0.0,0.3333333432674408,0.0,0.0,0.0,0.0,0.0,0.0,,,,,,,
0.00322576891630888,mappo,1.794099802054916e-07,0.5639447569847107,0.0009498832944314771,167.0,,,,,,,,,,,,,,0.0,,,,,0.01649388112127781,0.006666666828095913
,mappo,,,,167.0,0.0,0.0,0.3333333432674408,0.0,0.0,0.0,0.3333333432674408,0.0,0.0,0.0,0.0,0.0,0.0,,,,,,,
-0.00811462476849556,mappo,1.061168859450845e-06,0.5676046013832092,0.0009495831943981327,168.0,,,,,,,,,,,,,,0.0,,,,,0.016563933342695236,0.006666666828095913
,mappo,,,,168.0,0.0,0.0,0.3333333432674408,0.0,0.0,0.0,0.3333333432674408,0.0,0.0,0.0,0.0,0.0,0.0,,,,,,,
-0.0019060600316151977,mappo,3.466363409643236e-07,0.5610170960426331,0.0009492830943647883,169.0,,,,,,,,,,,,,,0.0,,,,,0.016560416668653488,0.006666666828095913
,mappo,,,,169.0,0.0,0.0,0.3333333432674408,0.0,0.0,0.0,0.3333333432674408,0.0,0.0,0.0,0.0,0.0,0.0,,,,,,,
0.005955544766038656,mappo,3.800550985033624e-07,0.5679690837860107,0.0009489829943314438,170.0,,,,,,,,,,,,,,0.0,,,,,0.01654490828514099,0.006666666828095913
,mappo,,,,170.0,0.0,0.0,0.3333333432674408,0.0,0.0,0.0,0.3333333432674408,0.0,0.0,0.0,0.0,0.0,0.0,,,,,,,
-0.007299792021512985,mappo,5.142999270901782e-07,0.573380708694458,0.0009486828942980994,171.0,,,,,,,,,,,,,,0.0,,,,,0.016577601432800293,0.006666666828095913
,mappo,,,,171.0,0.0,0.0,0.3333333432674408,0.0,0.0,0.0,0.3333333432674408,0.0,0.0,0.0,0.0,0.0,0.0,,,,,,,
-0.005807917099446058,mappo,1.5157698385337426e-07,0.5821155905723572,0.000948382794264755,172.0,,,,,,,,,,,,,,0.0,,,,,0.0165410116314888,0.006666666828095913
,mappo,,,,172.0,0.0,0.0,0.3333333432674408,0.0,0.0,0.0,0.3333333432674408,0.0,0.0,0.0,0.0,0.0,0.0,,,,,,,
-0.0019342796877026558,mappo,2.3609020161075023e-07,0.5838508605957031,0.0009480826942314105,173.0,,,,,,,,,,,,,,0.0,,,,,0.016484282910823822,0.006666666828095913
,mappo,,,,173.0,0.0,0.0,0.3333333432674408,0.0,0.0,0.0,0.3333333432674408,0.0,0.0,0.0,0.0,0.0,0.0,,,,,,,
-3.889668732881546e-06,mappo,1.9171766041381488e-07,0.573222815990448,0.0009477825941980661,174.0,,,,,,,,,,,,,,0.0,,,,,0.016350992023944855,0.006666666828095913
,mappo,,,,174.0,0.0,0.0,0.3333333432674408,0.0,0.0,0.0,0.3333333432674408,0.0,0.0,0.0,0.0,0.0,0.0,,,,,,,
-0.005733843892812729,mappo,4.826737836083339e-07,0.5739340782165527,0.0009474824941647215,175.0,,,,,,,,,,,,,,0.0,,,,,0.016204729676246643,0.006666666828095913
,mappo,,,,175.0,0.0,0.0,0.3333333432674408,0.0,0.0,0.0,0.3333333432674408,0.0,0.0,0.0,0.0,0.0,0.0,,,,,,,
0.0016853692941367626,mappo,3.904880543359468e-07,0.5656948685646057,0.0009471823941313771,176.0,,,,,,,,,,,,,,0.0,,,,,0.01651197299361229,0.006666666828095913
,mappo,,,,176.0,0.0,0.0,0.3333333432674408,0.0,0.0,0.0,0.3333333432674408,0.0,0.0,0.0,0.0,0.0,0.0,,,,,,,
-0.0057368227280676365,mappo,1.447700697099208e-07,0.5662707686424255,0.0009468822940980327,177.0,,,,,,,,,,,,,,0.0,,,,,0.01659657247364521,0.006666666828095913
,mappo,,,,177.0,0.0,0.0,0.3333333432674408,0.0,0.0,0.0,0.3333333432674408,0.0,0.0,0.0,0.0,0.0,0.0,,,,,,,
-0.01196032203733921,mappo,1.1817703438055105e-07,0.5701172947883606,0.0009465821940646882,178.0,,,,,,,,,,,,,,0.0,,,,,0.01662973314523697,0.006666666828095913
,mappo,,,,178.0,0.0,0.0,0.3333333432674408,0.0,0.0,0.0,0.3333333432674408,0.0,0.0,0.0,0.0,0.0,0.0,,,,,,,
0.00021217530593276024,mappo,3.3864438364616944e-07,0.5689615607261658,0.0009462820940313438,179.0,,,,,,,,,,,,,,0.0,,,,,0.016433235257864,0.006666666828095913
,mappo,,,,179.0,0.0,0.0,0.3333333432674408,0.0,0.0,0.0,0.3333333432674408,0.0,0.0,0.0,0.0,0.0,0.0,,,,,,,
-0.0026907827705144882,mappo,6.461634711740771e-07,0.5575506091117859,0.0009459819939979994,180.0,,,,,,,,,,,,,,0.0,,,,,0.016261026263237,0.006666666828095913
,mappo,,,,180.0,0.0,0.0,0.3333333432674408,0.0,0.0,0.0,0.3333333432674408,0.0,0.0,0.0,0.0,0.0,0.0,,,,,,,
-0.0020465641282498837,mappo,2.8374014959808846e-07,0.5441265106201172,0.0009456818939646549,181.0,,,,,,,,,,,,,,0.0,,,,,0.01646665669977665,0.006666666828095913
,mappo,,,,181.0,0.0,0.0,0.3333333432674408,0.0,0.0,0.0,0.3333333432674408,0.0,0.0,0.0,0.0,0.0,0.0,,,,,,,
-0.005658370442688465,mappo,2.205411533395818e-07,0.544704794883728,0.0009453817939313105,182.0,,,,,,,,,,,,,,0.0,,,,,0.016292745247483253,0.006666666828095913
,mappo,,,,182.0,0.0,0.0,0.3333333432674408,0.0,0.0,0.0,0.3333333432674408,0.0,0.0,0.0,0.0,0.0,0.0,,,,,,,
0.004451240412890911,mappo,2.1045649134521227e-07,0.5375936627388,0.000945081693897966,183.0,,,,,,,,,,,,,,0.0,,,,,0.015992779284715652,0.006666666828095913
,mappo,,,,183.0,0.0,0.0,0.3333333432674408,0.0,0.0,0.0,0.3333333432674408,0.0,0.0,0.0,0.0,0.0,0.0,,,,,,,
-0.006075066048651934,mappo,1.0458784345246386e-06,0.5335654616355896,0.0009447815938646215,184.0,,,,,,,,,,,,,,0.0,,,,,0.01603662595152855,0.006666666828095913
,mappo,,,,184.0,0.0,0.0,0.3333333432674408,0.0,0.0,0.0,0.3333333432674408,0.0,0.0,0.0,0.0,0.0,0.0,,,,,,,
6.542849587276578e-05,mappo,4.894284870715637e-07,0.5284774303436279,0.0009444814938312771,185.0,,,,,,,,,,,,,,0.0,,,,,0.016404885798692703,0.006666666828095913
,mappo,,,,185.0,0.0,0.0,0.3333333432674408,0.0,0.0,0.0,0.3333333432674408,0.0,0.0,0.0,0.0,0.0,0.0,,,,,,,
-0.006342348642647266,mappo,3.967351460687496e-07,0.5233336687088013,0.0009441813937979326,186.0,,,,,,,,,,,,,,0.0,,,,,0.01640312932431698,0.006666666828095913
,mappo,,,,186.0,0.0,0.0,0.3333333432674408,0.0,0.0,0.0,0.3333333432674408,0.0,0.0,0.0,0.0,0.0,0.0,,,,,,,
-0.006064664106816053,mappo,1.802304581133285e-07,0.5244592428207397,0.0009438812937645882,187.0,,,,,,,,,,,,,,0.0,,,,,0.01634269207715988,0.006666666828095913
,mappo,,,,187.0,0.0,0.0,0.3333333432674408,0.0,0.0,0.0,0.3333333432674408,0.0,0.0,0.0,0.0,0.0,0.0,,,,,,,
-0.003810744732618332,mappo,2.145748680959514e-07,0.5381072759628296,0.0009435811937312438,188.0,,,,,,,,,,,,,,0.0,,,,,0.016010772436857224,0.006666666828095913
,mappo,,,,188.0,0.0,0.0,0.3333333432674408,0.0,0.0,0.0,0.3333333432674408,0.0,0.0,0.0,0.0,0.0,0.0,,,,,,,
-0.001212638569995761,mappo,8.524713734914258e-07,0.5285742282867432,0.0009432810936978993,189.0,,,,,,,,,,,,,,0.0,,,,,0.015915364027023315,0.006666666828095913
,mappo,,,,189.0,0.0,0.0,0.3333333432674408,0.0,0.0,0.0,0.3333333432674408,0.0,0.0,0.0,0.0,0.0,0.0,,,,,,,
0.004878128878772259,mappo,4.493039114095154e-07,0.526724100112915,0.0009429809936645549,190.0,,,,,,,,,,,,,,0.0,,,,,0.01643129624426365,0.006666666828095913
,mappo,,,,190.0,0.0,0.0,0.3333333432674408,0.0,0.0,0.0,0.3333333432674408,0.0,0.0,0.0,0.0,0.0,0.0,,,,,,,
-0.0026763612404465675,mappo,2.4587890834482096e-07,0.5173639059066772,0.0009426808936312105,191.0,,,,,,,,,,,,,,0.0,,,,,0.01625451259315014,0.006666666828095913
,mappo,,,,191.0,0.0,0.0,0.3333333432674408,0.0,0.0,0.0,0.3333333432674408,0.0,0.0,0.0,0.0,0.0,0.0,,,,,,,
-0.004721884150058031,mappo,2.7254026235823403e-07,0.5107630491256714,0.000942380793597866,192.0,,,,,,,,,,,,,,0.0,,,,,0.016054749488830566,0.006666666828095913
,mappo,,,,192.0,0.0,0.0,0.3333333432674408,0.0,0.0,0.0,0.3333333432674408,0.0,0.0,0.0,0.0,0.0,0.0,,,,,,,
-0.0017573332879692316,mappo,1.4106055346019275e-07,0.4951131045818329,0.0009420806935645215,193.0,,,,,,,,,,,,,,0.0,,,,,0.016419926658272743,0.006666666828095913
,mappo,,,,193.0,0.0,0.0,0.3333333432674408,0.0,0.0,0.0,0.3333333432674408,0.0,0.0,0.0,0.0,0.0,0.0,,,,,,,
-0.003946094773709774,mappo,8.600227374699898e-08,0.47664642333984375,0.000941780593531177,194.0,,,,,,,,,,,,,,0.0,,,,,0.016327906399965286,0.006666666828095913
,mappo,,,,194.0,0.0,0.0,0.3333333432674408,0.0,0.0,0.0,0.3333333432674408,0.0,0.0,0.0,0.0,0.0,0.0,,,,,,,
-0.00394958071410656,mappo,5.549111961045128e-07,0.45352432131767273,0.0009414804934978326,195.0,,,,,,,,,,,,,,0.0,,,,,0.016229484230279922,0.006666666828095913
,mappo,,,,195.0,0.0,0.0,0.3333333432674408,0.0,0.0,0.0,0.3333333432674408,0.0,0.0,0.0,0.0,0.0,0.0,,,,,,,
-0.005974144209176302,mappo,7.70824385654123e-07,0.43810969591140747,0.0009411803934644882,196.0,,,,,,,,,,,,,,0.0,,,,,0.016410142183303833,0.006666666828095913
,mappo,,,,196.0,0.0,0.0,0.3333333432674408,0.0,0.0,0.0,0.3333333432674408,0.0,0.0,0.0,0.0,0.0,0.0,,,,,,,
-0.006237294524908066,mappo,5.280719506117748e-07,0.4256814122200012,0.0009408802934311437,197.0,,,,,,,,,,,,,,0.0,,,,,0.01644638553261757,0.006666666828095913
,mappo,,,,197.0,0.0,0.0,0.3333333432674408,0.0,0.0,0.0,0.3333333432674408,0.0,0.0,0.0,0.0,0.0,0.0,,,,,,,
-0.0007069121347740293,mappo,1.3415576631814474e-06,0.43066930770874023,0.0009405801933977993,198.0,,,,,,,,,,,,,,0.0,,,,,0.016544964164495468,0.006666666828095913
,mappo,,,,198.0,0.0,0.0,0.3333333432674408,0.0,0.0,0.0,0.3333333432674408,0.0,0.0,0.0,0.0,0.0,0.0,,,,,,,
-0.005330896470695734,mappo,4.469406178486679e-07,0.4200607240200043,0.0009402800933644549,199.0,,,,,,,,,,,,,,0.0,,,,,0.016380157321691513,0.006666666828095913
,mappo,,,,199.0,0.0,0.0,0.3333333432674408,0.0,0.0,0.0,0.3333333432674408,0.0,0.0,0.0,0.0,0.0,0.0,,,,,,,
,mappo,,,,199.0,,,,,,,,,,,,,,,0.0,0.0,0.3333333432674408,0.0,,
-0.0012209010310471058,mappo,2.6241411887895083e-07,0.4183012545108795,0.0009399799933311104,200.0,,,,,,,,,,,,,,0.0,,,,,0.016437102109193802,0.006666666828095913
,mappo,,,,200.0,0.0,0.0,0.3333333432674408,0.0,0.0,0.0,0.3333333432674408,0.0,0.0,0.0,0.0,0.0,0.0,,,,,,,
-0.005984866060316563,mappo,1.6640973399262293e-07,0.41035938262939453,0.000939679893297766,201.0,,,,,,,,,,,,,,0.0,,,,,0.016589483246207237,0.006666666828095913
,mappo,,,,201.0,0.0,0.0,0.3333333432674408,0.0,0.0,0.0,0.3333333432674408,0.0,0.0,0.0,0.0,0.0,0.0,,,,,,,
-0.0026194544043391943,mappo,1.717067448225862e-07,0.40427252650260925,0.0009393797932644216,202.0,,,,,,,,,,,,,,0.0,,,,,0.016352947801351547,0.006666666828095913
,mappo,,,,202.0,0.0,0.0,0.3333333432674408,0.0,0.0,0.0,0.3333333432674408,0.0,0.0,0.0,0.0,0.0,0.0,,,,,,,
-0.006061460357159376,mappo,1.729998757582507e-07,0.37613391876220703,0.000939079693231077,203.0,,,,,,,,,,,,,,0.0,,,,,0.016428861767053604,0.006666666828095913
,mappo,,,,203.0,0.0,0.0,0.3333333432674408,0.0,0.0,0.0,0.3333333432674408,0.0,0.0,0.0,0.0,0.0,0.0,,,,,,,
-0.0024430856574326754,mappo,2.427648553293693e-07,0.360512912273407,0.0009387795931977326,204.0,,,,,,,,,,,,,,0.0,,,,,0.016361966729164124,0.006666666828095913
,mappo,,,,204.0,0.0,0.0,0.3333333432674408,0.0,0.0,0.0,0.3333333432674408,0.0,0.0,0.0,0.0,0.0,0.0,,,,,,,
-0.00780686317011714,mappo,1.3799395048863516e-07,0.34348562359809875,0.0009384794931643881,205.0,,,,,,,,,,,,,,0.0,,,,,0.016380390152335167,0.006666666828095913
,mappo,,,,205.0,0.0,0.0,0.3333333432674408,0.0,0.0,0.0,0.3333333432674408,0.0,0.0,0.0,0.0,0.0,0.0,,,,,,,
0.009571422822773457,mappo,2.41083057517244e-07,0.3204474449157715,0.0009381793931310437,206.0,,,,,,,,,,,,,,0.0,,,,,0.016356049105525017,0.006666666828095913
,mappo,,,,206.0,0.0,0.0,0.3333333432674408,0.0,0.0,0.0,0.3333333432674408,0.0,0.0,0.0,0.0,0.0,0.0,,,,,,,
-0.005583560094237328,mappo,2.767683326965198e-07,0.317307710647583,0.0009378792930976993,207.0,,,,,,,,,,,,,,0.0,,,,,0.016257386654615402,0.006666666828095913
,mappo,,,,207.0,0.0,0.0,0.3333333432674408,0.0,0.0,0.0,0.3333333432674408,0.0,0.0,0.0,0.0,0.0,0.0,,,,,,,
-0.007085975259542465,mappo,1.2991064579637168e-07,0.3147226572036743,0.0009375791930643548,208.0,,,,,,,,,,,,,,0.0,,,,,0.016424838453531265,0.006666666828095913
,mappo,,,,208.0,0.0,0.0,0.3333333432674408,0.0,0.0,0.0,0.3333333432674408,0.0,0.0,0.0,0.0,0.0,0.0,,,,,,,
-0.006452023051679134,mappo,1.4288939098605624e-07,0.3082053065299988,0.0009372790930310104,209.0,,,,,,,,,,,,,,0.0,,,,,0.01616867631673813,0.006666666828095913
,mappo,,,,209.0,0.0,0.0,0.3333333432674408,0.0,0.0,0.0,0.3333333432674408,0.0,0.0,0.0,0.0,0.0,0.0,,,,,,,
-0.002015300327911973,mappo,5.054727694187022e-07,0.2730677127838135,0.000936978992997666,210.0,,,,,,,,,,,,,,0.0,,,,,0.016260236501693726,0.006666666828095913
,mappo,,,,210.0,0.0,0.0,0.3333333432674408,0.0,0.0,0.0,0.3333333432674408,0.0,0.0,0.0,0.0,0.0,0.0,,,,,,,
-0.002957323333248496,mappo,4.576151297897013e-07,0.2823023796081543,0.0009366788929643214,211.0,,,,,,,,,,,,,,0.0,,,,,0.016379356384277344,0.006666666828095913
,mappo,,,,211.0,0.0,0.0,0.3333333432674408,0.0,0.0,0.0,0.3333333432674408,0.0,0.0,0.0,0.0,0.0,0.0,,,,,,,
-0.001872814493253827,mappo,4.2558025370453834e-07,0.2679493725299835,0.000936378792930977,212.0,,,,,,,,,,,,,,0.0,,,,,0.01632356271147728,0.006666666828095913
,mappo,,,,212.0,0.0,0.0,0.3333333432674408,0.0,0.0,0.0,0.3333333432674408,0.0,0.0,0.0,0.0,0.0,0.0,,,,,,,
-0.004493303131312132,mappo,1.2190749885121477e-06,0.26731202006340027,0.0009360786928976326,213.0,,,,,,,,,,,,,,0.0,,,,,0.016018658876419067,0.006666666828095913
,mappo,,,,213.0,0.0,0.0,0.3333333432674408,0.0,0.0,0.0,0.3333333432674408,0.0,0.0,0.0,0.0,0.0,0.0,,,,,,,
-0.0027455168310552835,mappo,5.277352670418622e-07,0.26866215467453003,0.0009357785928642881,214.0,,,,,,,,,,,,,,0.0,,,,,0.016181055456399918,0.006666666828095913
,mappo,,,,214.0,0.0,0.0,0.3333333432674408,0.0,0.0,0.0,0.3333333432674408,0.0,0.0,0.0,0.0,0.0,0.0,,,,,,,
-0.005348736885935068,mappo,5.969671974526136e-07,0.25466248393058777,0.0009354784928309437,215.0,,,,,,,,,,,,,,0.0,,,,,0.016237027943134308,0.006666666828095913
,mappo,,,,215.0,0.0,0.0,0.3333333432674408,0.0,0.0,0.0,0.3333333432674408,0.0,0.0,0.0,0.0,0.0,0.0,,,,,,,
-0.004792023915797472,mappo,5.966310254734708e-07,0.23866261541843414,0.0009351783927975992,216.0,,,,,,,,,,,,,,0.0,,,,,0.016492484137415886,0.006666666828095913
,mappo,,,,216.0,0.0,0.0,0.3333333432674408,0.0,0.0,0.0,0.3333333432674408,0.0,0.0,0.0,0.0,0.0,0.0,,,,,,,
-0.005495577584952116,mappo,1.909692741719482e-07,0.24912379682064056,0.0009348782927642548,217.0,,,,,,,,,,,,,,0.0,,,,,0.016498565673828125,0.006666666828095913
,mappo,,,,217.0,0.0,0.0,0.3333333432674408,0.0,0.0,0.0,0.3333333432674408,0.0,0.0,0.0,0.0,0.0,0.0,,,,,,,
0.0013579858932644129,mappo,3.709749307745369e-07,0.23974835872650146,0.0009345781927309104,218.0,,,,,,,,,,,,,,0.0,,,,,0.016424302011728287,0.006666666828095913
,mappo,,,,218.0,0.0,0.0,0.3333333432674408,0.0,0.0,0.0,0.3333333432674408,0.0,0.0,0.0,0.0,0.0,0.0,,,,,,,
-0.003810880007222295,mappo,2.2282962675035378e-07,0.24504180252552032,0.0009342780926975659,219.0,,,,,,,,,,,,,,0.0,,,,,0.016513776034116745,0.006666666828095913
,mappo,,,,219.0,0.0,0.0,0.3333333432674408,0.0,0.0,0.0,0.3333333432674408,0.0,0.0,0.0,0.0,0.0,0.0,,,,,,,
-0.006387464236468077,mappo,9.556525526477344e-08,0.266034334897995,0.0009339779926642214,220.0,,,,,,,,,,,,,,0.0,,,,,0.01656290516257286,0.006666666828095913
,mappo,,,,220.0,0.0,0.0,0.3333333432674408,0.0,0.0,0.0,0.3333333432674408,0.0,0.0,0.0,0.0,0.0,0.0,,,,,,,
-0.008043402805924416,mappo,6.015296207806387e-07,0.28340157866477966,0.0009336778926308769,221.0,,,,,,,,,,,,,,0.0,,,,,0.0161130428314209,0.006666666828095913
,mappo,,,,221.0,0.0,0.0,0.3333333432674408,0.0,0.0,0.0,0.3333333432674408,0.0,0.0,0.0,0.0,0.0,0.0,,,,,,,
-0.006820909678936005,mappo,4.465274514586781e-07,0.2755635976791382,0.0009333777925975325,222.0,,,,,,,,,,,,,,0.0,,,,,0.016511153429746628,0.006666666828095913
,mappo,,,,222.0,0.0,0.0,0.3333333432674408,0.0,0.0,0.0,0.3333333432674408,0.0,0.0,0.0,0.0,0.0,0.0,,,,,,,
0.0006924540502950549,mappo,3.36669842226911e-07,0.29309940338134766,0.0009330776925641881,223.0,,,,,,,,,,,,,,0.0,,,,,0.016562972217798233,0.006666666828095913
,mappo,,,,223.0,0.0,0.0,0.3333333432674408,0.0,0.0,0.0,0.3333333432674408,0.0,0.0,0.0,0.0,0.0,0.0,,,,,,,
0.0016049995319917798,mappo,1.5119798035811982e-07,0.28598248958587646,0.0009327775925308436,224.0,,,,,,,,,,,,,,0.0,,,,,0.0163158867508173,0.006666666828095913
,mappo,,,,224.0,0.0,0.0,0.3333333432674408,0.0,0.0,0.0,0.3333333432674408,0.0,0.0,0.0,0.0,0.0,0.0,,,,,,,
-0.00044817745219916105,mappo,2.0495889430094394e-07,0.27321746945381165,0.0009324774924974992,225.0,,,,,,,,,,,,,,0.0,,,,,0.016359996050596237,0.006666666828095913
,mappo,,,,225.0,0.0,0.0,0.3333333432674408,0.0,0.0,0.0,0.3333333432674408,0.0,0.0,0.0,0.0,0.0,0.0,,,,,,,
-0.012406046502292156,mappo,1.2871198862285382e-07,0.26246222853660583,0.0009321773924641548,226.0,,,,,,,,,,,,,,0.0,,,,,0.016436122357845306,0.006666666828095913
,mappo,,,,226.0,0.0,0.0,0.3333333432674408,0.0,0.0,0.0,0.3333333432674408,0.0,0.0,0.0,0.0,0.0,0.0,,,,,,,
-0.0015112136024981737,mappo,1.1813364153567818e-07,0.2742403447628021,0.0009318772924308103,227.0,,,,,,,,,,,,,,0.0,,,,,0.016174115240573883,0.006666666828095913
,mappo,,,,227.0,0.0,0.0,0.3333333432674408,0.0,0.0,0.0,0.3333333432674408,0.0,0.0,0.0,0.0,0.0,0.0,,,,,,,
0.003709841053932905,mappo,1.8220031279270188e-06,0.25809141993522644,0.0009315771923974659,228.0,,,,,,,,,,,,,,0.0,,,,,0.01591602712869644,0.006666666828095913
,mappo,,,,228.0,0.0,0.0,0.3333333432674408,0.0,0.0,0.0,0.3333333432674408,0.0,0.0,0.0,0.0,0.0,0.0,,,,,,,
-0.003084949916228652,mappo,2.2832887225376908e-06,0.24596081674098969,0.0009312770923641214,229.0,,,,,,,,,,,,,,0.0,,,,,0.015954509377479553,0.006666666828095913
,mappo,,,,229.0,0.0,0.0,0.3333333432674408,0.0,0.0,0.0,0.3333333432674408,0.0,0.0,0.0,0.0,0.0,0.0,,,,,,,
-0.0005779493367299438,mappo,6.112484811637842e-07,0.2324323058128357,0.0009309769923307769,230.0,,,,,,,,,,,,,,0.0,,,,,0.016164977103471756,0.006666666828095913
,mappo,,,,230.0,0.0,0.0,0.3333333432674408,0.0,0.0,0.0,0.3333333432674408,0.0,0.0,0.0,0.0,0.0,0.0,,,,,,,
-0.005061428062617779,mappo,1.2339770592006971e-06,0.22693102061748505,0.0009306768922974325,231.0,,,,,,,,,,,,,,0.0,,,,,0.016181789338588715,0.006666666828095913
,mappo,,,,231.0,0.0,0.0,0.3333333432674408,0.0,0.0,0.0,0.3333333432674408,0.0,0.0,0.0,0.0,0.0,0.0,,,,,,,
-0.005784509237855673,mappo,1.5120455998385296e-07,0.2062084674835205,0.000930376792264088,232.0,,,,,,,,,,,,,,0.0,,,,,0.01638076640665531,0.006666666828095913
,mappo,,,,232.0,0.0,0.0,0.3333333432674408,0.0,0.0,0.0,0.3333333432674408,0.0,0.0,0.0,0.0,0.0,0.0,,,,,,,
-0.0032558804377913475,mappo,3.0258095762292214e-07,0.2053167223930359,0.0009300766922307436,233.0,,,,,,,,,,,,,,0.0,,,,,0.01600349321961403,0.006666666828095913
,mappo,,,,233.0,0.0,0.0,0.3333333432674408,0.0,0.0,0.0,0.3333333432674408,0.0,0.0,0.0,0.0,0.0,0.0,,,,,,,
-0.002269366756081581,mappo,3.2759112400526647e-07,0.18873977661132812,0.0009297765921973992,234.0,,,,,,,,,,,,,,0.0,,,,,0.01619366928935051,0.006666666828095913
,mappo,,,,234.0,0.0,0.0,0.3333333432674408,0.0,0.0,0.0,0.3333333432674408,0.0,0.0,0.0,0.0,0.0,0.0,,,,,,,
0.00039414872298948467,mappo,4.074505000062345e-07,0.20057474076747894,0.0009294764921640547,235.0,,,,,,,,,,,,,,0.0,,,,,0.015930529683828354,0.006666666828095913
,mappo,,,,235.0,0.0,0.0,0.3333333432674408,0.0,0.0,0.0,0.3333333432674408,0.0,0.0,0.0,0.0,0.0,0.0,,,,,,,
-0.00323151214979589,mappo,4.493268761507352e-07,0.19730672240257263,0.0009291763921307103,236.0,,,,,,,,,,,,,,0.0,,,,,0.01626587100327015,0.006666666828095913
,mappo,,,,236.0,0.0,0.0,0.3333333432674408,0.0,0.0,0.0,0.3333333432674408,0.0,0.0,0.0,0.0,0.0,0.0,,,,,,,
-0.00434889318421483,mappo,1.2514777836258872e-06,0.19763541221618652,0.0009288762920973659,237.0,,,,,,,,,,,,,,0.0,,,,,0.016312256455421448,0.006666666828095913
,mappo,,,,237.0,0.0,0.0,0.3333333432674408,0.0,0.0,0.0,0.3333333432674408,0.0,0.0,0.0,0.0,0.0,0.0,,,,,,,
-0.001547249616123736,mappo,2.5908282168529695e-06,0.1914299577474594,0.0009285761920640213,238.0,,,,,,,,,,,,,,0.0,,,,,0.016303062438964844,0.006666666828095913
,mappo,,,,238.0,0.0,0.0,0.3333333432674408,0.0,0.0,0.0,0.3333333432674408,0.0,0.0,0.0,0.0,0.0,0.0,,,,,,,
-0.0055617946200072765,mappo,5.086689043309889e-07,0.17653916776180267,0.0009282760920306769,239.0,,,,,,,,,,,,,,0.0,,,,,0.01634702831506729,0.006666666828095913
,mappo,,,,239.0,0.0,0.0,0.3333333432674408,0.0,0.0,0.0,0.3333333432674408,0.0,0.0,0.0,0.0,0.0,0.0,,,,,,,
-0.0043377042748034,mappo,4.2563738134049345e-07,0.1700727492570877,0.0009279759919973325,240.0,,,,,,,,,,,,,,0.0,,,,,0.01628965698182583,0.006666666828095913
,mappo,,,,240.0,0.0,0.0,0.3333333432674408,0.0,0.0,0.0,0.3333333432674408,0.0,0.0,0.0,0.0,0.0,0.0,,,,,,,
-0.0011598024284467101,mappo,7.30759722955554e-07,0.14379431307315826,0.000927675891963988,241.0,,,,,,,,,,,,,,0.0,,,,,0.016153229400515556,0.006666666828095913
,mappo,,,,241.0,0.0,0.0,0.3333333432674408,0.0,0.0,0.0,0.3333333432674408,0.0,0.0,0.0,0.0,0.0,0.0,,,,,,,
-0.0022320710122585297,mappo,6.015378062329546e-07,0.13730232417583466,0.0009273757919306436,242.0,,,,,,,,,,,,,,0.0,,,,,0.016604425385594368,0.006666666828095913
,mappo,,,,242.0,0.0,0.0,0.3333333432674408,0.0,0.0,0.0,0.3333333432674408,0.0,0.0,0.0,0.0,0.0,0.0,,,,,,,
-0.0051740058697760105,mappo,4.502940385009424e-07,0.12772047519683838,0.0009270756918972991,243.0,,,,,,,,,,,,,,0.0,,,,,0.016342896968126297,0.006666666828095913
,mappo,,,,243.0,0.0,0.0,0.3333333432674408,0.0,0.0,0.0,0.3333333432674408,0.0,0.0,0.0,0.0,0.0,0.0,,,,,,,
-0.004729092586785555,mappo,4.539780888990208e-07,0.104833222925663,0.0009267755918639547,244.0,,,,,,,,,,,,,,0.0,,,,,0.01643981784582138,0.006666666828095913
,mappo,,,,244.0,0.0,0.0,0.3333333432674408,0.0,0.0,0.0,0.3333333432674408,0.0,0.0,0.0,0.0,0.0,0.0,,,,,,,
-0.004287757910788059,mappo,2.524863873532013e-07,0.05832001939415932,0.0009264754918306103,245.0,,,,,,,,,,,,,,0.0,,,,,0.01657329685986042,0.006666666828095913
,mappo,,,,245.0,0.0,0.0,0.3333333432674408,0.0,0.0,0.0,0.3333333432674408,0.0,0.0,0.0,0.0,0.0,0.0,,,,,,,
-0.0006876112311147153,mappo,9.039728610105158e-08,0.05633537843823433,0.0009261753917972657,246.0,,,,,,,,,,,,,,0.0,,,,,0.016639944165945053,0.006666666828095913
,mappo,,,,246.0,0.0,0.0,0.3333333432674408,0.0,0.0,0.0,0.3333333432674408,0.0,0.0,0.0,0.0,0.0,0.0,,,,,,,
-0.005285079590976238,mappo,5.568192591454135e-07,0.06804819405078888,0.0009258752917639213,247.0,,,,,,,,,,,,,,0.0,,,,,0.01653749868273735,0.006666666828095913
,mappo,,,,247.0,0.0,0.0,0.3333333432674408,0.0,0.0,0.0,0.3333333432674408,0.0,0.0,0.0,0.0,0.0,0.0,,,,,,,
-0.007227047346532345,mappo,9.577551054462674e-07,0.08072728663682938,0.0009255751917305769,248.0,,,,,,,,,,,,,,0.0,,,,,0.016443908214569092,0.006666666828095913
,mappo,,,,248.0,0.0,0.0,0.3333333432674408,0.0,0.0,0.0,0.3333333432674408,0.0,0.0,0.0,0.0,0.0,0.0,,,,,,,
-0.0017814995953813195,mappo,2.814897470670985e-07,0.10721372067928314,0.0009252750916972324,249.0,,,,,,,,,,,,,,0.0,,,,,0.01641131192445755,0.006666666828095913
,mappo,,,,249.0,0.0,0.0,0.3333333432674408,0.0,0.0,0.0,0.3333333432674408,0.0,0.0,0.0,0.0,0.0,0.0,,,,,,,
-0.0028764863964170218,mappo,3.6035180528415367e-07,0.11275773495435715,0.000924974991663888,250.0,,,,,,,,,,,,,,0.0,,,,,0.016492150723934174,0.006666666828095913
,mappo,,,,250.0,0.0,0.0,0.3333333432674408,0.0,0.0,0.0,0.3333333432674408,0.0,0.0,0.0,0.0,0.0,0.0,,,,,,,
-0.005572135094553232,mappo,1.1424228318901442e-07,0.11774702370166779,0.0009246748916305435,251.0,,,,,,,,,,,,,,0.0,,,,,0.016423460096120834,0.006666666828095913
,mappo,,,,251.0,0.0,0.0,0.3333333432674408,0.0,0.0,0.0,0.3333333432674408,0.0,0.0,0.0,0.0,0.0,0.0,,,,,,,
-0.005323111545294523,mappo,2.1481872636286425e-07,0.12848371267318726,0.0009243747915971991,252.0,,,,,,,,,,,,,,0.0,,,,,0.01661812886595726,0.006666666828095913
,mappo,,,,252.0,0.0,0.0,0.3333333432674408,0.0,0.0,0.0,0.3333333432674408,0.0,0.0,0.0,0.0,0.0,0.0,,,,,,,
-0.0073043834418058395,mappo,8.425262763012142e-07,0.1250215470790863,0.0009240746915638547,253.0,,,,,,,,,,,,,,0.0,,,,,0.016505395993590355,0.006666666828095913
,mappo,,,,253.0,0.0,0.0,0.3333333432674408,0.0,0.0,0.0,0.3333333432674408,0.0,0.0,0.0,0.0,0.0,0.0,,,,,,,
-0.0003422039153520018,mappo,1.1768274816859048e-06,0.09092415124177933,0.0009237745915305102,254.0,,,,,,,,,,,,,,0.0,,,,,0.016541510820388794,0.006666666828095913
,mappo,,,,254.0,0.0,0.0,0.3333333432674408,0.0,0.0,0.0,0.3333333432674408,0.0,0.0,0.0,0.0,0.0,0.0,,,,,,,
-0.005775761790573597,mappo,6.86273295968931e-08,0.09273873269557953,0.0009234744914971657,255.0,,,,,,,,,,,,,,0.0,,,,,0.01660057343542576,0.006666666828095913
,mappo,,,,255.0,0.0,0.0,0.3333333432674408,0.0,0.0,0.0,0.3333333432674408,0.0,0.0,0.0,0.0,0.0,0.0,,,,,,,
0.0030945006292313337,mappo,3.4463599263290234e-07,0.09263169765472412,0.0009231743914638213,256.0,,,,,,,,,,,,,,0.0,,,,,0.016616128385066986,0.006666666828095913
,mappo,,,,256.0,0.0,0.0,0.3333333432674408,0.0,0.0,0.0,0.3333333432674408,0.0,0.0,0.0,0.0,0.0,0.0,,,,,,,
-0.0011026595020666718,mappo,8.648075322525983e-08,0.11020828038454056,0.0009228742914304768,257.0,,,,,,,,,,,,,,0.0,,,,,0.016511395573616028,0.006666666828095913
,mappo,,,,257.0,0.0,0.0,0.3333333432674408,0.0,0.0,0.0,0.3333333432674408,0.0,0.0,0.0,0.0,0.0,0.0,,,,,,,
-0.005485369358211756,mappo,5.88723203520658e-08,0.10523338615894318,0.0009225741913971324,258.0,,,,,,,,,,,,,,0.0,,,,,0.016554851084947586,0.006666666828095913
,mappo,,,,258.0,0.0,0.0,0.3333333432674408,0.0,0.0,0.0,0.3333333432674408,0.0,0.0,0.0,0.0,0.0,0.0,,,,,,,
-0.0023251345846801996,mappo,8.622254199508461e-08,0.12706393003463745,0.0009222740913637879,259.0,,,,,,,,,,,,,,0.0,,,,,0.0165134035050869,0.006666666828095913
,mappo,,,,259.0,0.0,0.0,0.3333333432674408,0.0,0.0,0.0,0.3333333432674408,0.0,0.0,0.0,0.0,0.0,0.0,,,,,,,
-0.001542324316687882,mappo,1.389510373428493e-07,0.1307813972234726,0.0009219739913304435,260.0,,,,,,,,,,,,,,0.0,,,,,0.01648564450442791,0.006666666828095913
,mappo,,,,260.0,0.0,0.0,0.3333333432674408,0.0,0.0,0.0,0.3333333432674408,0.0,0.0,0.0,0.0,0.0,0.0,,,,,,,
0.002257209736853838,mappo,9.332809725037805e-08,0.16934765875339508,0.0009216738912970991,261.0,,,,,,,,,,,,,,0.0,,,,,0.01641087420284748,0.006666666828095913
,mappo,,,,261.0,0.0,0.0,0.3333333432674408,0.0,0.0,0.0,0.3333333432674408,0.0,0.0,0.0,0.0,0.0,0.0,,,,,,,
-0.008251833729445934,mappo,4.051686985917513e-08,0.1759459227323532,0.0009213737912637546,262.0,,,,,,,,,,,,,,0.0,,,,,0.016512002795934677,0.006666666828095913
,mappo,,,,262.0,0.0,0.0,0.3333333432674408,0.0,0.0,0.0,0.3333333432674408,0.0,0.0,0.0,0.0,0.0,0.0,,,,,,,
-0.0016234918730333447,mappo,6.017201314989506e-08,0.17679829895496368,0.0009210736912304102,263.0,,,,,,,,,,,,,,0.0,,,,,0.016392391175031662,0.006666666828095913
,mappo,,,,263.0,0.0,0.0,0.3333333432674408,0.0,0.0,0.0,0.3333333432674408,0.0,0.0,0.0,0.0,0.0,0.0,,,,,,,
-0.006235639099031687,mappo,9.587515847897521e-08,0.14131012558937073,0.0009207735911970658,264.0,,,,,,,,,,,,,,0.0,,,,,0.016477210447192192,0.006666666828095913
,mappo,,,,264.0,0.0,0.0,0.3333333432674408,0.0,0.0,0.0,0.3333333432674408,0.0,0.0,0.0,0.0,0.0,0.0,,,,,,,
0.00236258702352643,mappo,1.2034712426611804e-07,0.10187456011772156,0.0009204734911637212,265.0,,,,,,,,,,,,,,0.0,,,,,0.016535477712750435,0.006666666828095913
,mappo,,,,265.0,0.0,0.0,0.3333333432674408,0.0,0.0,0.0,0.3333333432674408,0.0,0.0,0.0,0.0,0.0,0.0,,,,,,,
-0.0011329022236168385,mappo,1.4231785883112025e-07,0.08653299510478973,0.0009201733911303768,266.0,,,,,,,,,,,,,,0.0,,,,,0.016761593520641327,0.006666666828095913
,mappo,,,,266.0,0.0,0.0,0.3333333432674408,0.0,0.0,0.0,0.3333333432674408,0.0,0.0,0.0,0.0,0.0,0.0,,,,,,,
-0.004235329106450081,mappo,8.613977087179592e-08,0.08362016081809998,0.0009198732910970324,267.0,,,,,,,,,,,,,,0.0,,,,,0.016626598313450813,0.006666666828095913
,mappo,,,,267.0,0.0,0.0,0.3333333432674408,0.0,0.0,0.0,0.3333333432674408,0.0,0.0,0.0,0.0,0.0,0.0,,,,,,,
-0.004996370989829302,mappo,1.0515341841710324e-07,0.0637810155749321,0.0009195731910636879,268.0,,,,,,,,,,,,,,0.0,,,,,0.016691766679286957,0.006666666828095913
,mappo,,,,268.0,0.0,0.0,0.3333333432674408,0.0,0.0,0.0,0.3333333432674408,0.0,0.0,0.0,0.0,0.0,0.0,,,,,,,
0.006048951297998428,mappo,1.135810805408255e-07,0.057047855108976364,0.0009192730910303435,269.0,,,,,,,,,,,,,,0.0,,,,,0.016702260822057724,0.006666666828095913
,mappo,,,,269.0,0.0,0.0,0.3333333432674408,0.0,0.0,0.0,0.3333333432674408,0.0,0.0,0.0,0.0,0.0,0.0,,,,,,,
-0.005263730883598328,mappo,1.0234998626401648e-07,0.04049023613333702,0.000918972990996999,270.0,,,,,,,,,,,,,,0.0,,,,,0.01670634187757969,0.006666666828095913
,mappo,,,,270.0,0.0,0.0,0.3333333432674408,0.0,0.0,0.0,0.3333333432674408,0.0,0.0,0.0,0.0,0.0,0.0,,,,,,,
0.011018732562661171,mappo,1.0275123685232757e-07,0.06440218538045883,0.0009186728909636546,271.0,,,,,,,,,,,,,,0.0,,,,,0.016703397035598755,0.006666666828095913
,mappo,,,,271.0,0.0,0.0,0.3333333432674408,0.0,0.0,0.0,0.3333333432674408,0.0,0.0,0.0,0.0,0.0,0.0,,,,,,,
-0.004848955199122429,mappo,2.0673334688581235e-07,0.060929324477910995,0.0009183727909303102,272.0,,,,,,,,,,,,,,0.0,,,,,0.016700709238648415,0.006666666828095913
,mappo,,,,272.0,0.0,0.0,0.3333333432674408,0.0,0.0,0.0,0.3333333432674408,0.0,0.0,0.0,0.0,0.0,0.0,,,,,,,
-0.019161328673362732,mappo,2.6468643454791163e-07,0.05755969509482384,0.0009180726908969656,273.0,,,,,,,,,,,,,,0.0,,,,,0.01650771126151085,0.006666666828095913
,mappo,,,,273.0,0.0,0.0,0.3333333432674408,0.0,0.0,0.0,0.3333333432674408,0.0,0.0,0.0,0.0,0.0,0.0,,,,,,,
-0.011785484850406647,mappo,4.057585201167058e-08,0.057206038385629654,0.0009177725908636212,274.0,,,,,,,,,,,,,,0.0,,,,,0.016716565936803818,0.006666666828095913
,mappo,,,,274.0,0.0,0.0,0.3333333432674408,0.0,0.0,0.0,0.3333333432674408,0.0,0.0,0.0,0.0,0.0,0.0,,,,,,,
-0.002700159326195717,mappo,5.954675543762278e-07,0.0524689219892025,0.0009174724908302768,275.0,,,,,,,,,,,,,,0.0,,,,,0.01634593866765499,0.006666666828095913
,mappo,,,,275.0,0.0,0.0,0.3333333432674408,0.0,0.0,0.0,0.3333333432674408,0.0,0.0,0.0,0.0,0.0,0.0,,,,,,,
-0.0062460750341415405,mappo,3.2332431487702706e-07,0.05425785109400749,0.0009171723907969323,276.0,,,,,,,,,,,,,,0.0,,,,,0.01660415530204773,0.006666666828095913
,mappo,,,,276.0,0.0,0.0,0.3333333432674408,0.0,0.0,0.0,0.3333333432674408,0.0,0.0,0.0,0.0,0.0,0.0,,,,,,,
-0.002683113794773817,mappo,2.731015058543562e-07,0.08033912628889084,0.0009168722907635879,277.0,,,,,,,,,,,,,,0.0,,,,,0.016682906076312065,0.006666666828095913
,mappo,,,,277.0,0.0,0.0,0.3333333432674408,0.0,0.0,0.0,0.3333333432674408,0.0,0.0,0.0,0.0,0.0,0.0,,,,,,,
-0.0015718152280896902,mappo,1.6280527859180438e-07,0.09381416440010071,0.0009165721907302435,278.0,,,,,,,,,,,,,,0.0,,,,,0.01664907857775688,0.006666666828095913
,mappo,,,,278.0,0.0,0.0,0.3333333432674408,0.0,0.0,0.0,0.3333333432674408,0.0,0.0,0.0,0.0,0.0,0.0,,,,,,,
-0.003726735943928361,mappo,4.5800095449521905e-07,0.07996208220720291,0.000916272090696899,279.0,,,,,,,,,,,,,,0.0,,,,,0.016618087887763977,0.006666666828095913
,mappo,,,,279.0,0.0,0.0,0.3333333432674408,0.0,0.0,0.0,0.3333333432674408,0.0,0.0,0.0,0.0,0.0,0.0,,,,,,,
-0.0013795215636491776,mappo,3.03548887359284e-07,0.07562340795993805,0.0009159719906635546,280.0,,,,,,,,,,,,,,0.0,,,,,0.016656670719385147,0.006666666828095913
,mappo,,,,280.0,0.0,0.0,0.3333333432674408,0.0,0.0,0.0,0.3333333432674408,0.0,0.0,0.0,0.0,0.0,0.0,,,,,,,
-0.0030525987967848778,mappo,2.849899374268716e-07,0.09979160130023956,0.00091567189063021,281.0,,,,,,,,,,,,,,0.0,,,,,0.016646619886159897,0.006666666828095913
,mappo,,,,281.0,0.0,0.0,0.3333333432674408,0.0,0.0,0.0,0.3333333432674408,0.0,0.0,0.0,0.0,0.0,0.0,,,,,,,
-0.007318238262087107,mappo,1.8105423293945933e-07,0.10963936895132065,0.0009153717905968656,282.0,,,,,,,,,,,,,,0.0,,,,,0.01659250631928444,0.006666666828095913
,mappo,,,,282.0,0.0,0.0,0.3333333432674408,0.0,0.0,0.0,0.3333333432674408,0.0,0.0,0.0,0.0,0.0,0.0,,,,,,,
-0.0033484320156276226,mappo,3.9104985916083024e-08,0.10758350044488907,0.0009150716905635212,283.0,,,,,,,,,,,,,,0.0,,,,,0.016512762755155563,0.006666666828095913
,mappo,,,,283.0,0.0,0.0,0.3333333432674408,0.0,0.0,0.0,0.3333333432674408,0.0,0.0,0.0,0.0,0.0,0.0,,,,,,,
-0.006331323180347681,mappo,5.7926527574636566e-08,0.12599559128284454,0.0009147715905301767,284.0,,,,,,,,,,,,,,0.0,,,,,0.016562076285481453,0.006666666828095913
,mappo,,,,284.0,0.0,0.0,0.3333333432674408,0.0,0.0,0.0,0.3333333432674408,0.0,0.0,0.0,0.0,0.0,0.0,,,,,,,
-0.003900857176631689,mappo,1.2978591712453635e-07,0.13313280045986176,0.0009144714904968323,285.0,,,,,,,,,,,,,,0.0,,,,,0.01649719476699829,0.006666666828095913
,mappo,,,,285.0,0.0,0.0,0.3333333432674408,0.0,0.0,0.0,0.3333333432674408,0.0,0.0,0.0,0.0,0.0,0.0,,,,,,,
-0.0029259175062179565,mappo,1.7895570181281073e-07,0.13367298245429993,0.0009141713904634879,286.0,,,,,,,,,,,,,,0.0,,,,,0.016619373112916946,0.006666666828095913
,mappo,,,,286.0,0.0,0.0,0.3333333432674408,0.0,0.0,0.0,0.3333333432674408,0.0,0.0,0.0,0.0,0.0,0.0,,,,,,,
0.005499531980603933,mappo,6.513974426525238e-08,0.11890564113855362,0.0009138712904301434,287.0,,,,,,,,,,,,,,0.0,,,,,0.01656019501388073,0.006666666828095913
,mappo,,,,287.0,0.0,0.0,0.3333333432674408,0.0,0.0,0.0,0.3333333432674408,0.0,0.0,0.0,0.0,0.0,0.0,,,,,,,
-0.001755448174662888,mappo,9.639763476343433e-08,0.12750595808029175,0.000913571190396799,288.0,,,,,,,,,,,,,,0.0,,,,,0.016601834446191788,0.006666666828095913
,mappo,,,,288.0,0.0,0.0,0.3333333432674408,0.0,0.0,0.0,0.3333333432674408,0.0,0.0,0.0,0.0,0.0,0.0,,,,,,,
-0.004098278004676104,mappo,6.430317966987786e-08,0.13296924531459808,0.0009132710903634545,289.0,,,,,,,,,,,,,,0.0,,,,,0.016740726307034492,0.006666666828095913
,mappo,,,,289.0,0.0,0.0,0.3333333432674408,0.0,0.0,0.0,0.3333333432674408,0.0,0.0,0.0,0.0,0.0,0.0,,,,,,,
-0.00010810843377839774,mappo,7.822079339803167e-08,0.1558552384376526,0.0009129709903301101,290.0,,,,,,,,,,,,,,0.0,,,,,0.016721896827220917,0.006666666828095913
,mappo,,,,290.0,0.0,0.0,0.3333333432674408,0.0,0.0,0.0,0.3333333432674408,0.0,0.0,0.0,0.0,0.0,0.0,,,,,,,
-0.0024887542240321636,mappo,1.2443480557067232e-07,0.17870378494262695,0.0009126708902967656,291.0,,,,,,,,,,,,,,0.0,,,,,0.01673155650496483,0.006666666828095913
,mappo,,,,291.0,0.0,0.0,0.3333333432674408,0.0,0.0,0.0,0.3333333432674408,0.0,0.0,0.0,0.0,0.0,0.0,,,,,,,
-0.007851558737456799,mappo,4.234640016420599e-08,0.18231938779354095,0.0009123707902634211,292.0,,,,,,,,,,,,,,0.0,,,,,0.016457267105579376,0.006666666828095913
,mappo,,,,292.0,0.0,0.0,0.3333333432674408,0.0,0.0,0.0,0.3333333432674408,0.0,0.0,0.0,0.0,0.0,0.0,,,,,,,
-0.0030715367756783962,mappo,5.542989711670998e-08,0.18081599473953247,0.0009120706902300767,293.0,,,,,,,,,,,,,,0.0,,,,,0.016445765271782875,0.006666666828095913
,mappo,,,,293.0,0.0,0.0,0.3333333432674408,0.0,0.0,0.0,0.3333333432674408,0.0,0.0,0.0,0.0,0.0,0.0,,,,,,,
-0.003428629832342267,mappo,7.474190510947665e-08,0.15565146505832672,0.0009117705901967323,294.0,,,,,,,,,,,,,,0.0,,,,,0.01647988334298134,0.006666666828095913
,mappo,,,,294.0,0.0,0.0,0.3333333432674408,0.0,0.0,0.0,0.3333333432674408,0.0,0.0,0.0,0.0,0.0,0.0,,,,,,,
-0.00693826749920845,mappo,1.5216542692542134e-07,0.17181815207004547,0.0009114704901633878,295.0,,,,,,,,,,,,,,0.0,,,,,0.01671804115176201,0.006666666828095913
,mappo,,,,295.0,0.0,0.0,0.3333333432674408,0.0,0.0,0.0,0.3333333432674408,0.0,0.0,0.0,0.0,0.0,0.0,,,,,,,
-0.0014202740276232362,mappo,7.639936683290216e-08,0.1570235937833786,0.0009111703901300434,296.0,,,,,,,,,,,,,,0.0,,,,,0.016582364216446877,0.006666666828095913
,mappo,,,,296.0,0.0,0.0,0.3333333432674408,0.0,0.0,0.0,0.3333333432674408,0.0,0.0,0.0,0.0,0.0,0.0,,,,,,,
-0.0004928107373416424,mappo,3.4795043291069305e-08,0.15828639268875122,0.0009108702900966989,297.0,,,,,,,,,,,,,,0.0,,,,,0.01652880385518074,0.006666666828095913
,mappo,,,,297.0,0.0,0.0,0.3333333432674408,0.0,0.0,0.0,0.3333333432674408,0.0,0.0,0.0,0.0,0.0,0.0,,,,,,,
-0.005626867059618235,mappo,1.1744273820113449e-07,0.14348292350769043,0.0009105701900633545,298.0,,,,,,,,,,,,,,0.0,,,,,0.01651923544704914,0.006666666828095913
,mappo,,,,298.0,0.0,0.0,0.3333333432674408,0.0,0.0,0.0,0.3333333432674408,0.0,0.0,0.0,0.0,0.0,0.0,,,,,,,
-0.004469600971788168,mappo,8.097597259393297e-08,0.12278357148170471,0.0009102700900300101,299.0,,,,,,,,,,,,,,0.0,,,,,0.01660337671637535,0.006666666828095913
,mappo,,,,299.0,0.0,0.0,0.3333333432674408,0.0,0.0,0.0,0.3333333432674408,0.0,0.0,0.0,0.0,0.0,0.0,,,,,,,
,mappo,,,,299.0,,,,,,,,,,,,,,,0.0,0.0,0.3333333432674408,0.0,,
-0.003644027980044484,mappo,1.7174166089262144e-07,0.09303384274244308,0.0009099699899966655,300.0,,,,,,,,,,,,,,0.0,,,,,0.01664615422487259,0.006666666828095913
,mappo,,,,300.0,0.0,0.0,0.3333333432674408,0.0,0.0,0.0,0.3333333432674408,0.0,0.0,0.0,0.0,0.0,0.0,,,,,,,
-0.0038958906661719084,mappo,1.495033643550414e-07,0.07818333059549332,0.0009096698899633211,301.0,,,,,,,,,,,,,,0.0,,,,,0.01646312139928341,0.006666666828095913
,mappo,,,,301.0,0.0,0.0,0.3333333432674408,0.0,0.0,0.0,0.3333333432674408,0.0,0.0,0.0,0.0,0.0,0.0,,,,,,,
0.0015212007565423846,mappo,1.8596249162783351e-07,0.059736378490924835,0.0009093697899299767,302.0,,,,,,,,,,,,,,0.0,,,,,0.01649216003715992,0.006666666828095913
,mappo,,,,302.0,0.0,0.0,0.3333333432674408,0.0,0.0,0.0,0.3333333432674408,0.0,0.0,0.0,0.0,0.0,0.0,,,,,,,
-0.002614188240841031,mappo,7.054141093476574e-08,0.05953453108668327,0.0009090696898966322,303.0,,,,,,,,,,,,,,0.0,,,,,0.016720592975616455,0.006666666828095913
,mappo,,,,303.0,0.0,0.0,0.3333333432674408,0.0,0.0,0.0,0.3333333432674408,0.0,0.0,0.0,0.0,0.0,0.0,,,,,,,
-0.0025898555759340525,mappo,9.380272558701108e-08,0.05908326432108879,0.0009087695898632878,304.0,,,,,,,,,,,,,,0.0,,,,,0.016783222556114197,0.006666666828095913
,mappo,,,,304.0,0.0,0.0,0.3333333432674408,0.0,0.0,0.0,0.3333333432674408,0.0,0.0,0.0,0.0,0.0,0.0,,,,,,,
0.00479672709479928,mappo,1.007566368116386e-07,0.027722571045160294,0.0009084694898299434,305.0,,,,,,,,,,,,,,0.0,,,,,0.016506582498550415,0.006666666828095913
,mappo,,,,305.0,0.0,0.0,0.3333333432674408,0.0,0.0,0.0,0.3333333432674408,0.0,0.0,0.0,0.0,0.0,0.0,,,,,,,
-0.006803668569773436,mappo,9.570189973828747e-08,0.023539992049336433,0.0009081693897965989,306.0,,,,,,,,,,,,,,0.0,,,,,0.016590256243944168,0.006666666828095913
,mappo,,,,306.0,0.0,0.0,0.3333333432674408,0.0,0.0,0.0,0.3333333432674408,0.0,0.0,0.0,0.0,0.0,0.0,,,,,,,
7.355025445576757e-05,mappo,4.470370740250473e-08,0.01762867532670498,0.0009078692897632545,307.0,,,,,,,,,,,,,,0.0,,,,,0.016641635447740555,0.006666666828095913
,mappo,,,,307.0,0.0,0.0,0.3333333432674408,0.0,0.0,0.0,0.3333333432674408,0.0,0.0,0.0,0.0,0.0,0.0,,,,,,,
-0.0025066256057471037,mappo,5.206495501397512e-08,0.043199267238378525,0.00090756918972991,308.0,,,,,,,,,,,,,,0.0,,,,,0.0166008323431015,0.006666666828095913
,mappo,,,,308.0,0.0,0.0,0.3333333432674408,0.0,0.0,0.0,0.3333333432674408,0.0,0.0,0.0,0.0,0.0,0.0,,,,,,,
-0.005702676251530647,mappo,2.8330066470516613e-07,0.057969965040683746,0.0009072690896965655,309.0,,,,,,,,,,,,,,0.0,,,,,0.016597287729382515,0.006666666828095913
,mappo,,,,309.0,0.0,0.0,0.3333333432674408,0.0,0.0,0.0,0.3333333432674408,0.0,0.0,0.0,0.0,0.0,0.0,,,,,,,
-0.0016301678260788321,mappo,3.0701107789354865e-07,0.06359608471393585,0.0009069689896632211,310.0,,,,,,,,,,,,,,0.0,,,,,0.016593873500823975,0.006666666828095913
,mappo,,,,310.0,0.0,0.0,0.3333333432674408,0.0,0.0,0.0,0.3333333432674408,0.0,0.0,0.0,0.0,0.0,0.0,,,,,,,
-0.0018595429137349129,mappo,4.062697485096578e-07,0.08244224637746811,0.0009066688896298766,311.0,,,,,,,,,,,,,,0.0,,,,,0.016544770449399948,0.006666666828095913
,mappo,,,,311.0,0.0,0.0,0.3333333432674408,0.0,0.0,0.0,0.3333333432674408,0.0,0.0,0.0,0.0,0.0,0.0,,,,,,,
-0.006616808474063873,mappo,1.3934007370153267e-07,0.08112159371376038,0.0009063687895965322,312.0,,,,,,,,,,,,,,0.0,,,,,0.016347317025065422,0.006666666828095913
,mappo,,,,312.0,0.0,0.0,0.3333333432674408,0.0,0.0,0.0,0.3333333432674408,0.0,0.0,0.0,0.0,0.0,0.0,,,,,,,
-0.004688225220888853,mappo,2.1277824657772726e-07,0.09308554232120514,0.0009060686895631877,313.0,,,,,,,,,,,,,,0.0,,,,,0.0165046826004982,0.006666666828095913
,mappo,,,,313.0,0.0,0.0,0.3333333432674408,0.0,0.0,0.0,0.3333333432674408,0.0,0.0,0.0,0.0,0.0,0.0,,,,,,,
0.006254442967474461,mappo,5.979001116429572e-08,0.07980522513389587,0.0009057685895298433,314.0,,,,,,,,,,,,,,0.0,,,,,0.016406793147325516,0.006666666828095913
,mappo,,,,314.0,0.0,0.0,0.3333333432674408,0.0,0.0,0.0,0.3333333432674408,0.0,0.0,0.0,0.0,0.0,0.0,,,,,,,
0.005559147801250219,mappo,8.425522679544883e-08,0.1076599508523941,0.0009054684894964989,315.0,,,,,,,,,,,,,,0.0,,,,,0.016636207699775696,0.006666666828095913
,mappo,,,,315.0,0.0,0.0,0.3333333432674408,0.0,0.0,0.0,0.3333333432674408,0.0,0.0,0.0,0.0,0.0,0.0,,,,,,,
-0.004349172115325928,mappo,1.202852075721239e-07,0.11160943657159805,0.0009051683894631545,316.0,,,,,,,,,,,,,,0.0,,,,,0.016630535945296288,0.006666666828095913
,mappo,,,,316.0,0.0,0.0,0.3333333432674408,0.0,0.0,0.0,0.3333333432674408,0.0,0.0,0.0,0.0,0.0,0.0,,,,,,,
-0.005214243195950985,mappo,1.1267626831568123e-07,0.10845732688903809,0.00090486828942981,317.0,,,,,,,,,,,,,,0.0,,,,,0.016555853188037872,0.006666666828095913
,mappo,,,,317.0,0.0,0.0,0.3333333432674408,0.0,0.0,0.0,0.3333333432674408,0.0,0.0,0.0,0.0,0.0,0.0,,,,,,,
-0.000581594358664006,mappo,6.073060632161287e-08,0.0950080081820488,0.0009045681893964655,318.0,,,,,,,,,,,,,,0.0,,,,,0.01649768464267254,0.006666666828095913
,mappo,,,,318.0,0.0,0.0,0.3333333432674408,0.0,0.0,0.0,0.3333333432674408,0.0,0.0,0.0,0.0,0.0,0.0,,,,,,,
-0.004608007613569498,mappo,3.2079933021122997e-07,0.09053990989923477,0.000904268089363121,319.0,,,,,,,,,,,,,,0.0,,,,,0.01658802106976509,0.006666666828095913
,mappo,,,,319.0,0.0,0.0,0.3333333432674408,0.0,0.0,0.0,0.3333333432674408,0.0,0.0,0.0,0.0,0.0,0.0,,,,,,,
-0.007394465617835522,mappo,1.357431784754226e-07,0.07819847017526627,0.0009039679893297766,320.0,,,,,,,,,,,,,,0.0,,,,,0.016464777290821075,0.006666666828095913
,mappo,,,,320.0,0.0,0.0,0.3333333432674408,0.0,0.0,0.0,0.3333333432674408,0.0,0.0,0.0,0.0,0.0,0.0,,,,,,,
0.003219904378056526,mappo,1.345939182328948e-07,0.09058890491724014,0.0009036678892964322,321.0,,,,,,,,,,,,,,0.0,,,,,0.016746394336223602,0.006666666828095913
,mappo,,,,321.0,0.0,0.0,0.3333333432674408,0.0,0.0,0.0,0.3333333432674408,0.0,0.0,0.0,0.0,0.0,0.0,,,,,,,
-0.005154791753739119,mappo,1.012293608937398e-07,0.09941016137599945,0.0009033677892630877,322.0,,,,,,,,,,,,,,0.0,,,,,0.016591904684901237,0.006666666828095913
,mappo,,,,322.0,0.0,0.0,0.3333333432674408,0.0,0.0,0.0,0.3333333432674408,0.0,0.0,0.0,0.0,0.0,0.0,,,,,,,
-0.006459158379584551,mappo,1.6174412564851082e-07,0.10622739046812057,0.0009030676892297433,323.0,,,,,,,,,,,,,,0.0,,,,,0.016577836126089096,0.006666666828095913
,mappo,,,,323.0,0.0,0.0,0.3333333432674408,0.0,0.0,0.0,0.3333333432674408,0.0,0.0,0.0,0.0,0.0,0.0,,,,,,,
-0.0012885589385405183,mappo,1.1812116440523823e-07,0.09080936759710312,0.0009027675891963988,324.0,,,,,,,,,,,,,,0.0,,,,,0.0166819728910923,0.006666666828095913
,mappo,,,,324.0,0.0,0.0,0.3333333432674408,0.0,0.0,0.0,0.3333333432674408,0.0,0.0,0.0,0.0,0.0,0.0,,,,,,,
-0.0033108426723629236,mappo,1.1364499385990712e-07,0.09841098636388779,0.0009024674891630544,325.0,,,,,,,,,,,,,,0.0,,,,,0.01663186214864254,0.006666666828095913
,mappo,,,,325.0,0.0,0.0,0.3333333432674408,0.0,0.0,0.0,0.3333333432674408,0.0,0.0,0.0,0.0,0.0,0.0,,,,,,,
-0.007544759660959244,mappo,3.603568998755691e-08,0.09801216423511505,0.00090216738912971,326.0,,,,,,,,,,,,,,0.0,,,,,0.016551058739423752,0.006666666828095913
,mappo,,,,326.0,0.0,0.0,0.3333333432674408,0.0,0.0,0.0,0.3333333432674408,0.0,0.0,0.0,0.0,0.0,0.0,,,,,,,
-0.001240608049556613,mappo,4.8320480061647686e-08,0.10283751040697098,0.0009018672890963654,327.0,,,,,,,,,,,,,,0.0,,,,,0.01661142334342003,0.006666666828095913
,mappo,,,,327.0,0.0,0.0,0.3333333432674408,0.0,0.0,0.0,0.3333333432674408,0.0,0.0,0.0,0.0,0.0,0.0,,,,,,,
-0.0033260867930948734,mappo,2.1244302672585036e-07,0.09269443154335022,0.000901567189063021,328.0,,,,,,,,,,,,,,0.0,,,,,0.01625504344701767,0.006666666828095913
,mappo,,,,328.0,0.0,0.0,0.3333333432674408,0.0,0.0,0.0,0.3333333432674408,0.0,0.0,0.0,0.0,0.0,0.0,,,,,,,
-0.0045297699980437756,mappo,4.023310751222198e-08,0.08223402500152588,0.0009012670890296766,329.0,,,,,,,,,,,,,,0.0,,,,,0.01648695021867752,0.006666666828095913
,mappo,,,,329.0,0.0,0.0,0.3333333432674408,0.0,0.0,0.0,0.3333333432674408,0.0,0.0,0.0,0.0,0.0,0.0,,,,,,,
-0.007099752314388752,mappo,1.8947011426462268e-07,0.05326542630791664,0.0009009669889963321,330.0,,,,,,,,,,,,,,0.0,,,,,0.01653941720724106,0.006666666828095913
,mappo,,,,330.0,0.0,0.0,0.3333333432674408,0.0,0.0,0.0,0.3333333432674408,0.0,0.0,0.0,0.0,0.0,0.0,,,,,,,
-0.0014653074322268367,mappo,9.189346883431426e-08,0.03503347560763359,0.0009006668889629877,331.0,,,,,,,,,,,,,,0.0,,,,,0.016443416476249695,0.006666666828095913
,mappo,,,,331.0,0.0,0.0,0.3333333432674408,0.0,0.0,0.0,0.3333333432674408,0.0,0.0,0.0,0.0,0.0,0.0,,,,,,,
-0.0061220088973641396,mappo,7.998220752369889e-08,0.0215104129165411,0.0009003667889296433,332.0,,,,,,,,,,,,,,0.0,,,,,0.016230784356594086,0.006666666828095913
,mappo,,,,332.0,0.0,0.0,0.3333333432674408,0.0,0.0,0.0,0.3333333432674408,0.0,0.0,0.0,0.0,0.0,0.0,,,,,,,
-0.005866978783160448,mappo,9.557390256986764e-08,0.0075048948638141155,0.0009000666888962988,333.0,,,,,,,,,,,,,,0.0,,,,,0.0162289310246706,0.006666666828095913
,mappo,,,,333.0,0.0,0.0,0.3333333432674408,0.0,0.0,0.0,0.3333333432674408,0.0,0.0,0.0,0.0,0.0,0.0,,,,,,,
0.002326888730749488,mappo,6.563045218399566e-08,-0.017840705811977386,0.0008997665888629544,334.0,,,,,,,,,,,,,,0.0,,,,,0.016366049647331238,0.006666666828095913
,mappo,,,,334.0,0.0,0.0,0.3333333432674408,0.0,0.0,0.0,0.3333333432674408,0.0,0.0,0.0,0.0,0.0,0.0,,,,,,,
-0.010196042247116566,mappo,1.5449153067947918e-07,-0.015421750023961067,0.0008994664888296098,335.0,,,,,,,,,,,,,,0.0,,,,,0.016182364895939827,0.006666666828095913
,mappo,,,,335.0,0.0,0.0,0.3333333432674408,0.0,0.0,0.0,0.3333333432674408,0.0,0.0,0.0,0.0,0.0,0.0,,,,,,,
-0.0010637526866048574,mappo,2.210939982205673e-07,0.012254287488758564,0.0008991663887962654,336.0,,,,,,,,,,,,,,0.0,,,,,0.01643809862434864,0.006666666828095913
,mappo,,,,336.0,0.0,0.0,0.3333333432674408,0.0,0.0,0.0,0.3333333432674408,0.0,0.0,0.0,0.0,0.0,0.0,,,,,,,
-0.005465601105242968,mappo,6.652346229429895e-08,0.013081328012049198,0.000898866288762921,337.0,,,,,,,,,,,,,,0.0,,,,,0.01632540673017502,0.006666666828095913
,mappo,,,,337.0,0.0,0.0,0.3333333432674408,0.0,0.0,0.0,0.3333333432674408,0.0,0.0,0.0,0.0,0.0,0.0,,,,,,,
-0.0018656414467841387,mappo,4.517080398613871e-08,0.014216648414731026,0.0008985661887295765,338.0,,,,,,,,,,,,,,0.0,,,,,0.01634332537651062,0.006666666828095913
,mappo,,,,338.0,0.0,0.0,0.3333333432674408,0.0,0.0,0.0,0.3333333432674408,0.0,0.0,0.0,0.0,0.0,0.0,,,,,,,
-0.007156876381486654,mappo,3.622357169774659e-08,-0.003570189466699958,0.0008982660886962321,339.0,,,,,,,,,,,,,,0.0,,,,,0.016251958906650543,0.006666666828095913
,mappo,,,,339.0,0.0,0.0,0.3333333432674408,0.0,0.0,0.0,0.3333333432674408,0.0,0.0,0.0,0.0,0.0,0.0,,,,,,,
-0.0008521571871824563,mappo,3.806605946010677e-07,0.008761712349951267,0.0008979659886628877,340.0,,,,,,,,,,,,,,0.0,,,,,0.015843931585550308,0.006666666828095913
,mappo,,,,340.0,0.0,0.0,0.3333333432674408,0.0,0.0,0.0,0.3333333432674408,0.0,0.0,0.0,0.0,0.0,0.0,,,,,,,
0.0006340150139294565,mappo,2.2989046044585848e-07,0.002750283107161522,0.0008976658886295432,341.0,,,,,,,,,,,,,,0.0,,,,,0.016066502779722214,0.006666666828095913
,mappo,,,,341.0,0.0,0.0,0.3333333432674408,0.0,0.0,0.0,0.3333333432674408,0.0,0.0,0.0,0.0,0.0,0.0,,,,,,,
-0.004658796358853579,mappo,5.87273291330348e-07,0.011015873402357101,0.0008973657885961988,342.0,,,,,,,,,,,,,,0.0,,,,,0.0162055566906929,0.006666666828095913
,mappo,,,,342.0,0.0,0.0,0.3333333432674408,0.0,0.0,0.0,0.3333333432674408,0.0,0.0,0.0,0.0,0.0,0.0,,,,,,,
0.005373490042984486,mappo,2.954653837150545e-07,0.01727244257926941,0.0008970656885628544,343.0,,,,,,,,,,,,,,0.0,,,,,0.0163535438477993,0.006666666828095913
,mappo,,,,343.0,0.0,0.0,0.3333333432674408,0.0,0.0,0.0,0.3333333432674408,0.0,0.0,0.0,0.0,0.0,0.0,,,,,,,
0.001010164269246161,mappo,9.508769238664172e-08,0.034859441220760345,0.0008967655885295098,344.0,,,,,,,,,,,,,,0.0,,,,,0.016122354194521904,0.006666666828095913
,mappo,,,,344.0,0.0,0.0,0.3333333432674408,0.0,0.0,0.0,0.3333333432674408,0.0,0.0,0.0,0.0,0.0,0.0,,,,,,,
0.0039103152230381966,mappo,1.7465865198573738e-07,0.021250130608677864,0.0008964654884961654,345.0,,,,,,,,,,,,,,0.0,,,,,0.016188625246286392,0.006666666828095913
,mappo,,,,345.0,0.0,0.0,0.3333333432674408,0.0,0.0,0.0,0.3333333432674408,0.0,0.0,0.0,0.0,0.0,0.0,,,,,,,
-0.0051177917048335075,mappo,1.0692994578676007e-07,0.03684298321604729,0.0008961653884628209,346.0,,,,,,,,,,,,,,0.0,,,,,0.016217555850744247,0.006666666828095913
,mappo,,,,346.0,0.0,0.0,0.3333333432674408,0.0,0.0,0.0,0.3333333432674408,0.0,0.0,0.0,0.0,0.0,0.0,,,,,,,
-0.0006477734423242509,mappo,8.10110094562333e-08,0.05786386504769325,0.0008958652884294765,347.0,,,,,,,,,,,,,,0.0,,,,,0.01630357652902603,0.006666666828095913
,mappo,,,,347.0,0.0,0.0,0.3333333432674408,0.0,0.0,0.0,0.3333333432674408,0.0,0.0,0.0,0.0,0.0,0.0,,,,,,,
-0.005276698153465986,mappo,5.2549889772990355e-08,0.049550022929906845,0.0008955651883961321,348.0,,,,,,,,,,,,,,0.0,,,,,0.01618535816669464,0.006666666828095913
,mappo,,,,348.0,0.0,0.0,0.3333333432674408,0.0,0.0,0.0,0.3333333432674408,0.0,0.0,0.0,0.0,0.0,0.0,,,,,,,
0.005359768867492676,mappo,8.875993273704808e-08,0.057439904659986496,0.0008952650883627876,349.0,,,,,,,,,,,,,,0.0,,,,,0.01618923246860504,0.006666666828095913
,mappo,,,,349.0,0.0,0.0,0.3333333432674408,0.0,0.0,0.0,0.3333333432674408,0.0,0.0,0.0,0.0,0.0,0.0,,,,,,,
-0.006190028972923756,mappo,6.931729501502559e-08,0.06226193159818649,0.0008949649883294432,350.0,,,,,,,,,,,,,,0.0,,,,,0.016280412673950195,0.006666666828095913
,mappo,,,,350.0,0.0,0.0,0.3333333432674408,0.0,0.0,0.0,0.3333333432674408,0.0,0.0,0.0,0.0,0.0,0.0,,,,,,,
-0.005149618722498417,mappo,8.296429854226517e-08,0.06784829497337341,0.0008946648882960987,351.0,,,,,,,,,,,,,,0.0,,,,,0.01627637818455696,0.006666666828095913
,mappo,,,,351.0,0.0,0.0,0.3333333432674408,0.0,0.0,0.0,0.3333333432674408,0.0,0.0,0.0,0.0,0.0,0.0,,,,,,,
-0.00241266586817801,mappo,2.880779277347756e-07,0.08206196129322052,0.0008943647882627543,352.0,,,,,,,,,,,,,,0.0,,,,,0.016240764409303665,0.006666666828095913
,mappo,,,,352.0,0.0,0.0,0.3333333432674408,0.0,0.0,0.0,0.3333333432674408,0.0,0.0,0.0,0.0,0.0,0.0,,,,,,,
-0.0015025690663605928,mappo,9.384631738384996e-08,0.09238443523645401,0.0008940646882294098,353.0,,,,,,,,,,,,,,0.0,,,,,0.016385754570364952,0.006666666828095913
,mappo,,,,353.0,0.0,0.0,0.3333333432674408,0.0,0.0,0.0,0.3333333432674408,0.0,0.0,0.0,0.0,0.0,0.0,,,,,,,
0.011418594978749752,mappo,4.3686173967216746e-07,0.1263919472694397,0.0008937645881960654,354.0,,,,,,,,,,,,,,0.0,,,,,0.01615985296666622,0.006666666828095913
,mappo,,,,354.0,0.0,0.0,0.3333333432674408,0.0,0.0,0.0,0.3333333432674408,0.0,0.0,0.0,0.0,0.0,0.0,,,,,,,
-0.004095505923032761,mappo,1.2511556235494936e-07,0.13879525661468506,0.0008934644881627209,355.0,,,,,,,,,,,,,,0.0,,,,,0.016183672472834587,0.006666666828095913
,mappo,,,,355.0,0.0,0.0,0.3333333432674408,0.0,0.0,0.0,0.3333333432674408,0.0,0.0,0.0,0.0,0.0,0.0,,,,,,,
-0.00023014837643131614,mappo,1.2670770388467645e-07,0.16240505874156952,0.0008931643881293765,356.0,,,,,,,,,,,,,,0.0,,,,,0.016273461282253265,0.006666666828095913
,mappo,,,,356.0,0.0,0.0,0.3333333432674408,0.0,0.0,0.0,0.3333333432674408,0.0,0.0,0.0,0.0,0.0,0.0,,,,,,,
-0.006125221494585276,mappo,7.47424167002464e-08,0.18267478048801422,0.000892864288096032,357.0,,,,,,,,,,,,,,0.0,,,,,0.01636560820043087,0.006666666828095913
,mappo,,,,357.0,0.0,0.0,0.3333333432674408,0.0,0.0,0.0,0.3333333432674408,0.0,0.0,0.0,0.0,0.0,0.0,,,,,,,
-0.006839523557573557,mappo,3.336191412017797e-07,0.19307565689086914,0.0008925641880626876,358.0,,,,,,,,,,,,,,0.0,,,,,0.01612928882241249,0.006666666828095913
,mappo,,,,358.0,0.0,0.0,0.3333333432674408,0.0,0.0,0.0,0.3333333432674408,0.0,0.0,0.0,0.0,0.0,0.0,,,,,,,
-0.007380330935120583,mappo,6.578267743861943e-07,0.20962491631507874,0.0008922640880293432,359.0,,,,,,,,,,,,,,0.0,,,,,0.01621178165078163,0.006666666828095913
,mappo,,,,359.0,0.0,0.0,0.3333333432674408,0.0,0.0,0.0,0.3333333432674408,0.0,0.0,0.0,0.0,0.0,0.0,,,,,,,
-0.003113121958449483,mappo,2.3016724526314647e-07,0.22077585756778717,0.0008919639879959987,360.0,,,,,,,,,,,,,,0.0,,,,,0.016071680933237076,0.006666666828095913
,mappo,,,,360.0,0.0,0.0,0.3333333432674408,0.0,0.0,0.0,0.3333333432674408,0.0,0.0,0.0,0.0,0.0,0.0,,,,,,,
-0.003204087493941188,mappo,3.9230687320923607e-07,0.22089678049087524,0.0008916638879626543,361.0,,,,,,,,,,,,,,0.0,,,,,0.016216810792684555,0.006666666828095913
,mappo,,,,361.0,0.0,0.0,0.3333333432674408,0.0,0.0,0.0,0.3333333432674408,0.0,0.0,0.0,0.0,0.0,0.0,,,,,,,
-0.003960936795920134,mappo,4.3209328737248143e-07,0.20815908908843994,0.0008913637879293097,362.0,,,,,,,,,,,,,,0.0,,,,,0.01601334847509861,0.006666666828095913
,mappo,,,,362.0,0.0,0.0,0.3333333432674408,0.0,0.0,0.0,0.3333333432674408,0.0,0.0,0.0,0.0,0.0,0.0,,,,,,,
-0.0026306952349841595,mappo,3.1800217925592733e-07,0.204232320189476,0.0008910636878959653,363.0,,,,,,,,,,,,,,0.0,,,,,0.01615535281598568,0.006666666828095913
,mappo,,,,363.0,0.0,0.0,0.3333333432674408,0.0,0.0,0.0,0.3333333432674408,0.0,0.0,0.0,0.0,0.0,0.0,,,,,,,
-0.015549290925264359,mappo,4.1269842654401145e-07,0.19939106702804565,0.0008907635878626209,364.0,,,,,,,,,,,,,,0.0,,,,,0.016174092888832092,0.006666666828095913
,mappo,,,,364.0,0.0,0.0,0.3333333432674408,0.0,0.0,0.0,0.3333333432674408,0.0,0.0,0.0,0.0,0.0,0.0,,,,,,,
0.00263262283988297,mappo,1.0755727544164984e-06,0.20989356935024261,0.0008904634878292764,365.0,,,,,,,,,,,,,,0.0,,,,,0.016147233545780182,0.006666666828095913
,mappo,,,,365.0,0.0,0.0,0.3333333432674408,0.0,0.0,0.0,0.3333333432674408,0.0,0.0,0.0,0.0,0.0,0.0,,,,,,,
-0.004463713616132736,mappo,5.288395072966523e-07,0.20846465229988098,0.000890163387795932,366.0,,,,,,,,,,,,,,0.0,,,,,0.016183361411094666,0.006666666828095913
,mappo,,,,366.0,0.0,0.0,0.3333333432674408,0.0,0.0,0.0,0.3333333432674408,0.0,0.0,0.0,0.0,0.0,0.0,,,,,,,
0.0029335215222090483,mappo,5.143061798662529e-07,0.23304542899131775,0.0008898632877625876,367.0,,,,,,,,,,,,,,0.0,,,,,0.016362544149160385,0.006666666828095913
,mappo,,,,367.0,0.0,0.0,0.3333333432674408,0.0,0.0,0.0,0.3333333432674408,0.0,0.0,0.0,0.0,0.0,0.0,,,,,,,
-0.006171979010105133,mappo,4.437710572346987e-07,0.24691268801689148,0.0008895631877292431,368.0,,,,,,,,,,,,,,0.0,,,,,0.016236845403909683,0.006666666828095913
,mappo,,,,368.0,0.0,0.0,0.3333333432674408,0.0,0.0,0.0,0.3333333432674408,0.0,0.0,0.0,0.0,0.0,0.0,,,,,,,
-0.00865066796541214,mappo,1.6211592424042465e-07,0.24695096909999847,0.0008892630876958987,369.0,,,,,,,,,,,,,,0.0,,,,,0.016228625550866127,0.006666666828095913
,mappo,,,,369.0,0.0,0.0,0.3333333432674408,0.0,0.0,0.0,0.3333333432674408,0.0,0.0,0.0,0.0,0.0,0.0,,,,,,,
-0.006037458311766386,mappo,1.0304344755240891e-07,0.2480126917362213,0.0008889629876625543,370.0,,,,,,,,,,,,,,0.0,,,,,0.01611330918967724,0.006666666828095913
,mappo,,,,370.0,0.0,0.0,0.3333333432674408,0.0,0.0,0.0,0.3333333432674408,0.0,0.0,0.0,0.0,0.0,0.0,,,,,,,
-0.00255587138235569,mappo,5.006158971809782e-07,0.25182169675827026,0.0008886628876292097,371.0,,,,,,,,,,,,,,0.0,,,,,0.016077712178230286,0.006666666828095913
,mappo,,,,371.0,0.0,0.0,0.3333333432674408,0.0,0.0,0.0,0.3333333432674408,0.0,0.0,0.0,0.0,0.0,0.0,,,,,,,
-0.00046798004768788815,mappo,6.447801297326805e-07,0.23980551958084106,0.0008883627875958653,372.0,,,,,,,,,,,,,,0.0,,,,,0.016047023236751556,0.006666666828095913
,mappo,,,,372.0,0.0,0.0,0.3333333432674408,0.0,0.0,0.0,0.3333333432674408,0.0,0.0,0.0,0.0,0.0,0.0,,,,,,,
0.0006351651391014457,mappo,4.011996566077869e-07,0.2237524688243866,0.0008880626875625208,373.0,,,,,,,,,,,,,,0.0,,,,,0.01597645878791809,0.006666666828095913
,mappo,,,,373.0,0.0,0.0,0.3333333432674408,0.0,0.0,0.0,0.3333333432674408,0.0,0.0,0.0,0.0,0.0,0.0,,,,,,,
-0.007549899630248547,mappo,3.579359315608599e-07,0.22091898322105408,0.0008877625875291764,374.0,,,,,,,,,,,,,,0.0,,,,,0.01591580919921398,0.006666666828095913
,mappo,,,,374.0,0.0,0.0,0.3333333432674408,0.0,0.0,0.0,0.3333333432674408,0.0,0.0,0.0,0.0,0.0,0.0,,,,,,,
-0.0041955909691751,mappo,5.783369516620951e-08,0.21365302801132202,0.000887462487495832,375.0,,,,,,,,,,,,,,0.0,,,,,0.016006670892238617,0.006666666828095913
,mappo,,,,375.0,0.0,0.0,0.3333333432674408,0.0,0.0,0.0,0.3333333432674408,0.0,0.0,0.0,0.0,0.0,0.0,,,,,,,
-0.003755672601982951,mappo,8.863844414008781e-08,0.19799795746803284,0.0008871623874624875,376.0,,,,,,,,,,,,,,0.0,,,,,0.01602679118514061,0.006666666828095913
,mappo,,,,376.0,0.0,0.0,0.3333333432674408,0.0,0.0,0.0,0.3333333432674408,0.0,0.0,0.0,0.0,0.0,0.0,,,,,,,
0.007555349729955196,mappo,9.659262900640897e-08,0.15068301558494568,0.0008868622874291431,377.0,,,,,,,,,,,,,,0.0,,,,,0.015964539721608162,0.006666666828095913
,mappo,,,,377.0,0.0,0.0,0.3333333432674408,0.0,0.0,0.0,0.3333333432674408,0.0,0.0,0.0,0.0,0.0,0.0,,,,,,,
-0.00608533201739192,mappo,8.574306065156634e-08,0.12291276454925537,0.0008865621873957987,378.0,,,,,,,,,,,,,,0.0,,,,,0.01618971675634384,0.006666666828095913
,mappo,,,,378.0,0.0,0.0,0.3333333432674408,0.0,0.0,0.0,0.3333333432674408,0.0,0.0,0.0,0.0,0.0,0.0,,,,,,,
-0.003874323796480894,mappo,1.532730351527789e-07,0.09336701780557632,0.0008862620873624542,379.0,,,,,,,,,,,,,,0.0,,,,,0.01611485332250595,0.006666666828095913
,mappo,,,,379.0,0.0,0.0,0.3333333432674408,0.0,0.0,0.0,0.3333333432674408,0.0,0.0,0.0,0.0,0.0,0.0,,,,,,,
-0.006929378490895033,mappo,2.3478898469875276e-07,0.08497315645217896,0.0008859619873291097,380.0,,,,,,,,,,,,,,0.0,,,,,0.016075938940048218,0.006666666828095913
,mappo,,,,380.0,0.0,0.0,0.3333333432674408,0.0,0.0,0.0,0.3333333432674408,0.0,0.0,0.0,0.0,0.0,0.0,,,,,,,
-0.0007619598181918263,mappo,5.478423190652393e-07,0.08137264102697372,0.0008856618872957653,381.0,,,,,,,,,,,,,,0.0,,,,,0.016159167513251305,0.006666666828095913
,mappo,,,,381.0,0.0,0.0,0.3333333432674408,0.0,0.0,0.0,0.3333333432674408,0.0,0.0,0.0,0.0,0.0,0.0,,,,,,,
-0.004021626431494951,mappo,6.461154384851397e-07,0.09122934937477112,0.0008853617872624208,382.0,,,,,,,,,,,,,,0.0,,,,,0.01614949107170105,0.006666666828095913
,mappo,,,,382.0,0.0,0.0,0.3333333432674408,0.0,0.0,0.0,0.3333333432674408,0.0,0.0,0.0,0.0,0.0,0.0,,,,,,,
0.0009133397834375501,mappo,1.6474719188863673e-07,0.13235092163085938,0.0008850616872290764,383.0,,,,,,,,,,,,,,0.0,,,,,0.01628076285123825,0.006666666828095913
,mappo,,,,383.0,0.0,0.0,0.3333333432674408,0.0,0.0,0.0,0.3333333432674408,0.0,0.0,0.0,0.0,0.0,0.0,,,,,,,
-0.005995445419102907,mappo,1.896844707971468e-07,0.15741345286369324,0.0008847615871957319,384.0,,,,,,,,,,,,,,0.0,,,,,0.016232244670391083,0.006666666828095913
,mappo,,,,384.0,0.0,0.0,0.3333333432674408,0.0,0.0,0.0,0.3333333432674408,0.0,0.0,0.0,0.0,0.0,0.0,,,,,,,
-0.0036483770236372948,mappo,0.00013754171959590167,0.14202281832695007,0.0008844614871623875,385.0,,,,,,,,,,,,,,0.0,,,,,0.014852495864033699,0.0
,mappo,,,,385.0,0.0,0.0,0.0,0.0,0.0,0.0,0.0,0.0,0.0,0.0,0.0,0.0,0.0,,,,,,,
-0.00034733605571091175,mappo,4.102260390936863e-06,0.18308669328689575,0.0008841613871290431,386.0,,,,,,,,,,,,,,0.0,,,,,0.016037439927458763,0.006666666828095913
,mappo,,,,386.0,0.0,0.0,0.3333333432674408,0.0,0.0,0.0,0.3333333432674408,0.0,0.0,0.0,0.0,0.0,0.0,,,,,,,
-0.01038135215640068,mappo,1.218226657329069e-06,0.18736910820007324,0.0008838612870956986,387.0,,,,,,,,,,,,,,0.0,,,,,0.01599758490920067,0.006666666828095913
,mappo,,,,387.0,0.0,0.0,0.3333333432674408,0.0,0.0,0.0,0.3333333432674408,0.0,0.0,0.0,0.0,0.0,0.0,,,,,,,
-0.0033573892433196306,mappo,7.487020070584549e-07,0.19660262763500214,0.0008835611870623542,388.0,,,,,,,,,,,,,,0.0,,,,,0.016117215156555176,0.006666666828095913
,mappo,,,,388.0,0.0,0.0,0.3333333432674408,0.0,0.0,0.0,0.3333333432674408,0.0,0.0,0.0,0.0,0.0,0.0,,,,,,,
-0.003346505807712674,mappo,4.5720776142843533e-07,0.21597088873386383,0.0008832610870290097,389.0,,,,,,,,,,,,,,0.0,,,,,0.016054239124059677,0.006666666828095913
,mappo,,,,389.0,0.0,0.0,0.3333333432674408,0.0,0.0,0.0,0.3333333432674408,0.0,0.0,0.0,0.0,0.0,0.0,,,,,,,
-0.0075186328031122684,mappo,1.6727121874282602e-06,0.21617169678211212,0.0008829609869956652,390.0,,,,,,,,,,,,,,0.0,,,,,0.016016138717532158,0.006666666828095913
,mappo,,,,390.0,0.0,0.0,0.3333333432674408,0.0,0.0,0.0,0.3333333432674408,0.0,0.0,0.0,0.0,0.0,0.0,,,,,,,
-0.0034985370002686977,mappo,5.467279038384731e-07,0.2311452478170395,0.0008826608869623208,391.0,,,,,,,,,,,,,,0.0,,,,,0.016117054969072342,0.006666666828095913
,mappo,,,,391.0,0.0,0.0,0.3333333432674408,0.0,0.0,0.0,0.3333333432674408,0.0,0.0,0.0,0.0,0.0,0.0,,,,,,,
-0.0008442922262474895,mappo,1.593553292877914e-06,0.232219398021698,0.0008823607869289764,392.0,,,,,,,,,,,,,,0.0,,,,,0.016027865931391716,0.006666666828095913
,mappo,,,,392.0,0.0,0.0,0.3333333432674408,0.0,0.0,0.0,0.3333333432674408,0.0,0.0,0.0,0.0,0.0,0.0,,,,,,,
-0.0070075043477118015,mappo,8.321764539687138e-07,0.22650812566280365,0.0008820606868956319,393.0,,,,,,,,,,,,,,0.0,,,,,0.015906572341918945,0.006666666828095913
,mappo,,,,393.0,0.0,0.0,0.3333333432674408,0.0,0.0,0.0,0.3333333432674408,0.0,0.0,0.0,0.0,0.0,0.0,,,,,,,
-0.006984465289860964,mappo,3.536915471613611e-07,0.23478904366493225,0.0008817605868622875,394.0,,,,,,,,,,,,,,0.0,,,,,0.016016773879528046,0.006666666828095913
,mappo,,,,394.0,0.0,0.0,0.3333333432674408,0.0,0.0,0.0,0.3333333432674408,0.0,0.0,0.0,0.0,0.0,0.0,,,,,,,
-0.0015433580847457051,mappo,2.2356780959853495e-07,0.23778894543647766,0.000881460486828943,395.0,,,,,,,,,,,,,,0.0,,,,,0.016065403819084167,0.006666666828095913
,mappo,,,,395.0,0.0,0.0,0.3333333432674408,0.0,0.0,0.0,0.3333333432674408,0.0,0.0,0.0,0.0,0.0,0.0,,,,,,,
-0.009769522584974766,mappo,3.23394374390773e-07,0.24312466382980347,0.0008811603867955986,396.0,,,,,,,,,,,,,,0.0,,,,,0.015861812978982925,0.006666666828095913
,mappo,,,,396.0,0.0,0.0,0.3333333432674408,0.0,0.0,0.0,0.3333333432674408,0.0,0.0,0.0,0.0,0.0,0.0,,,,,,,
0.0028910895343869925,mappo,6.819738729291203e-08,0.22847750782966614,0.0008808602867622542,397.0,,,,,,,,,,,,,,0.0,,,,,0.01595645397901535,0.006666666828095913
,mappo,,,,397.0,0.0,0.0,0.3333333432674408,0.0,0.0,0.0,0.3333333432674408,0.0,0.0,0.0,0.0,0.0,0.0,,,,,,,
-0.005110525526106358,mappo,3.95679933262727e-07,0.22225254774093628,0.0008805601867289096,398.0,,,,,,,,,,,,,,0.0,,,,,0.015783099457621574,0.006666666828095913
,mappo,,,,398.0,0.0,0.0,0.3333333432674408,0.0,0.0,0.0,0.3333333432674408,0.0,0.0,0.0,0.0,0.0,0.0,,,,,,,
-0.0033835112117230892,mappo,4.175412300355674e-07,0.23730307817459106,0.0008802600866955652,399.0,,,,,,,,,,,,,,0.0,,,,,0.01594504527747631,0.006666666828095913
,mappo,,,,399.0,0.0,0.0,0.3333333432674408,0.0,0.0,0.0,0.3333333432674408,0.0,0.0,0.0,0.0,0.0,0.0,,,,,,,
,mappo,,,,399.0,,,,,,,,,,,,,,,0.0,0.0,0.3333333432674408,0.0,,
-0.0047526611015200615,mappo,1.7950385711174022e-07,0.24661308526992798,0.0008799599866622207,400.0,,,,,,,,,,,,,,0.0,,,,,0.016017552465200424,0.006666666828095913
,mappo,,,,400.0,0.0,0.0,0.3333333432674408,0.0,0.0,0.0,0.3333333432674408,0.0,0.0,0.0,0.0,0.0,0.0,,,,,,,
-0.002996424213051796,mappo,2.1240929015675647e-07,0.26945048570632935,0.0008796598866288763,401.0,,,,,,,,,,,,,,0.0,,,,,0.01570955291390419,0.006666666828095913
,mappo,,,,401.0,0.0,0.0,0.3333333432674408,0.0,0.0,0.0,0.3333333432674408,0.0,0.0,0.0,0.0,0.0,0.0,,,,,,,
-0.0050890943966805935,mappo,1.7918468131483678e-07,0.2677224576473236,0.0008793597865955319,402.0,,,,,,,,,,,,,,0.0,,,,,0.015736781060695648,0.006666666828095913
,mappo,,,,402.0,0.0,0.0,0.3333333432674408,0.0,0.0,0.0,0.3333333432674408,0.0,0.0,0.0,0.0,0.0,0.0,,,,,,,
0.001366305397823453,mappo,9.879114060140637e-08,0.2600330114364624,0.0008790596865621874,403.0,,,,,,,,,,,,,,0.0,,,,,0.01581544801592827,0.006666666828095913
,mappo,,,,403.0,0.0,0.0,0.3333333432674408,0.0,0.0,0.0,0.3333333432674408,0.0,0.0,0.0,0.0,0.0,0.0,,,,,,,
-0.004317138809710741,mappo,8.409612917148479e-08,0.26000410318374634,0.000878759586528843,404.0,,,,,,,,,,,,,,0.0,,,,,0.0157608725130558,0.006666666828095913
,mappo,,,,404.0,0.0,0.0,0.3333333432674408,0.0,0.0,0.0,0.3333333432674408,0.0,0.0,0.0,0.0,0.0,0.0,,,,,,,
-0.012339616194367409,mappo,9.787442678543812e-08,0.2751428186893463,0.0008784594864954986,405.0,,,,,,,,,,,,,,0.0,,,,,0.015770208090543747,0.006666666828095913
,mappo,,,,405.0,0.0,0.0,0.3333333432674408,0.0,0.0,0.0,0.3333333432674408,0.0,0.0,0.0,0.0,0.0,0.0,,,,,,,
-0.0037550926208496094,mappo,2.70612105168766e-07,0.2682906985282898,0.000878159386462154,406.0,,,,,,,,,,,,,,0.0,,,,,0.015504405833780766,0.006666666828095913
,mappo,,,,406.0,0.0,0.0,0.3333333432674408,0.0,0.0,0.0,0.3333333432674408,0.0,0.0,0.0,0.0,0.0,0.0,,,,,,,
-0.004574672318994999,mappo,1.0705899740059976e-06,0.253385066986084,0.0008778592864288096,407.0,,,,,,,,,,,,,,0.0,,,,,0.015824563801288605,0.006666666828095913
,mappo,,,,407.0,0.0,0.0,0.3333333432674408,0.0,0.0,0.0,0.3333333432674408,0.0,0.0,0.0,0.0,0.0,0.0,,,,,,,
-0.0017805409152060747,mappo,2.1065878286208317e-07,0.2393316924571991,0.0008775591863954652,408.0,,,,,,,,,,,,,,0.0,,,,,0.015632987022399902,0.006666666828095913
,mappo,,,,408.0,0.0,0.0,0.3333333432674408,0.0,0.0,0.0,0.3333333432674408,0.0,0.0,0.0,0.0,0.0,0.0,,,,,,,
-0.00995483249425888,mappo,2.962024154840037e-07,0.23925751447677612,0.0008772590863621207,409.0,,,,,,,,,,,,,,0.0,,,,,0.01543145440518856,0.006666666828095913
,mappo,,,,409.0,0.0,0.0,0.3333333432674408,0.0,0.0,0.0,0.3333333432674408,0.0,0.0,0.0,0.0,0.0,0.0,,,,,,,
-0.008847946301102638,mappo,1.4111081725332042e-07,0.2482757568359375,0.0008769589863287763,410.0,,,,,,,,,,,,,,0.0,,,,,0.015514204278588295,0.006666666828095913
,mappo,,,,410.0,0.0,0.0,0.3333333432674408,0.0,0.0,0.0,0.3333333432674408,0.0,0.0,0.0,0.0,0.0,0.0,,,,,,,
-0.0058364165015518665,mappo,3.3398728760403174e-07,0.23169995844364166,0.0008766588862954318,411.0,,,,,,,,,,,,,,0.0,,,,,0.015388935804367065,0.006666666828095913
,mappo,,,,411.0,0.0,0.0,0.3333333432674408,0.0,0.0,0.0,0.3333333432674408,0.0,0.0,0.0,0.0,0.0,0.0,,,,,,,
-0.01340939849615097,mappo,7.517700737480482e-07,0.23089930415153503,0.0008763587862620874,412.0,,,,,,,,,,,,,,0.0,,,,,0.015351058915257454,0.006666666828095913
,mappo,,,,412.0,0.0,0.0,0.3333333432674408,0.0,0.0,0.0,0.3333333432674408,0.0,0.0,0.0,0.0,0.0,0.0,,,,,,,
-0.005378935020416975,mappo,2.264096536919169e-07,0.25040459632873535,0.000876058686228743,413.0,,,,,,,,,,,,,,0.0,,,,,0.01521932054311037,0.006666666828095913
,mappo,,,,413.0,0.0,0.0,0.3333333432674408,0.0,0.0,0.0,0.3333333432674408,0.0,0.0,0.0,0.0,0.0,0.0,,,,,,,
-0.009368862956762314,mappo,2.824251055244531e-07,0.25876855850219727,0.0008757585861953985,414.0,,,,,,,,,,,,,,0.0,,,,,0.015453354455530643,0.006666666828095913
,mappo,,,,414.0,0.0,0.0,0.3333333432674408,0.0,0.0,0.0,0.3333333432674408,0.0,0.0,0.0,0.0,0.0,0.0,,,,,,,
-0.004592874087393284,mappo,1.784464842558009e-07,0.2633178234100342,0.000875458486162054,415.0,,,,,,,,,,,,,,0.0,,,,,0.015476126223802567,0.006666666828095913
,mappo,,,,415.0,0.0,0.0,0.3333333432674408,0.0,0.0,0.0,0.3333333432674408,0.0,0.0,0.0,0.0,0.0,0.0,,,,,,,
-0.003706913674250245,mappo,7.09141659172019e-07,0.27927854657173157,0.0008751583861287095,416.0,,,,,,,,,,,,,,0.0,,,,,0.015358621254563332,0.006666666828095913
,mappo,,,,416.0,0.0,0.0,0.3333333432674408,0.0,0.0,0.0,0.3333333432674408,0.0,0.0,0.0,0.0,0.0,0.0,,,,,,,
-0.005902291741222143,mappo,1.2409962835135957e-07,0.28200817108154297,0.0008748582860953651,417.0,,,,,,,,,,,,,,0.0,,,,,0.01543855294585228,0.006666666828095913
,mappo,,,,417.0,0.0,0.0,0.3333333432674408,0.0,0.0,0.0,0.3333333432674408,0.0,0.0,0.0,0.0,0.0,0.0,,,,,,,
-0.0013870971743017435,mappo,1.1443472658356768e-07,0.2941673994064331,0.0008745581860620207,418.0,,,,,,,,,,,,,,0.0,,,,,0.015300074592232704,0.006666666828095913
,mappo,,,,418.0,0.0,0.0,0.3333333432674408,0.0,0.0,0.0,0.3333333432674408,0.0,0.0,0.0,0.0,0.0,0.0,,,,,,,
-0.002322206273674965,mappo,1.2125336752433213e-06,0.2883538603782654,0.0008742580860286763,419.0,,,,,,,,,,,,,,0.0,,,,,0.015238967724144459,0.006666666828095913
,mappo,,,,419.0,0.0,0.0,0.3333333432674408,0.0,0.0,0.0,0.3333333432674408,0.0,0.0,0.0,0.0,0.0,0.0,,,,,,,
-0.007053646724671125,mappo,2.438430328766117e-07,0.2813524007797241,0.0008739579859953318,420.0,,,,,,,,,,,,,,0.0,,,,,0.015246439725160599,0.006666666828095913
,mappo,,,,420.0,0.0,0.0,0.3333333432674408,0.0,0.0,0.0,0.3333333432674408,0.0,0.0,0.0,0.0,0.0,0.0,,,,,,,
-0.003257475793361664,mappo,1.3048579603491817e-06,0.294124037027359,0.0008736578859619874,421.0,,,,,,,,,,,,,,0.0,,,,,0.015306839719414711,0.006666666828095913
,mappo,,,,421.0,0.0,0.0,0.3333333432674408,0.0,0.0,0.0,0.3333333432674408,0.0,0.0,0.0,0.0,0.0,0.0,,,,,,,
-0.009708676487207413,mappo,9.936997003023862e-07,0.2983425259590149,0.0008733577859286429,422.0,,,,,,,,,,,,,,0.0,,,,,0.01524773333221674,0.006666666828095913
,mappo,,,,422.0,0.0,0.0,0.3333333432674408,0.0,0.0,0.0,0.3333333432674408,0.0,0.0,0.0,0.0,0.0,0.0,,,,,,,
0.00529048265889287,mappo,5.842905466124648e-07,0.3243684768676758,0.0008730576858952985,423.0,,,,,,,,,,,,,,0.0,,,,,0.015289518982172012,0.006666666828095913
,mappo,,,,423.0,0.0,0.0,0.3333333432674408,0.0,0.0,0.0,0.3333333432674408,0.0,0.0,0.0,0.0,0.0,0.0,,,,,,,
-0.007716570980846882,mappo,1.495807424589657e-07,0.33935460448265076,0.000872757585861954,424.0,,,,,,,,,,,,,,0.0,,,,,0.015437426045536995,0.006666666828095913
,mappo,,,,424.0,0.0,0.0,0.3333333432674408,0.0,0.0,0.0,0.3333333432674408,0.0,0.0,0.0,0.0,0.0,0.0,,,,,,,
-0.005865698680281639,mappo,9.596370631470563e-08,0.37150564789772034,0.0008724574858286095,425.0,,,,,,,,,,,,,,0.0,,,,,0.015451589599251747,0.006666666828095913
,mappo,,,,425.0,0.0,0.0,0.3333333432674408,0.0,0.0,0.0,0.3333333432674408,0.0,0.0,0.0,0.0,0.0,0.0,,,,,,,
-0.007621110882610083,mappo,6.267566732276464e-07,0.38235485553741455,0.0008721573857952651,426.0,,,,,,,,,,,,,,0.0,,,,,0.015280097723007202,0.006666666828095913
,mappo,,,,426.0,0.0,0.0,0.3333333432674408,0.0,0.0,0.0,0.3333333432674408,0.0,0.0,0.0,0.0,0.0,0.0,,,,,,,
-0.002710311906412244,mappo,2.1886100398660346e-07,0.40698185563087463,0.0008718572857619206,427.0,,,,,,,,,,,,,,0.0,,,,,0.015337150543928146,0.006666666828095913
,mappo,,,,427.0,0.0,0.0,0.3333333432674408,0.0,0.0,0.0,0.3333333432674408,0.0,0.0,0.0,0.0,0.0,0.0,,,,,,,
0.0006698401411995292,mappo,1.1061002851420199e-06,0.41696056723594666,0.0008715571857285762,428.0,,,,,,,,,,,,,,0.0,,,,,0.015326148830354214,0.006666666828095913
,mappo,,,,428.0,0.0,0.0,0.3333333432674408,0.0,0.0,0.0,0.3333333432674408,0.0,0.0,0.0,0.0,0.0,0.0,,,,,,,
-0.016312571242451668,mappo,2.7916382805415196e-07,0.4357047975063324,0.0008712570856952318,429.0,,,,,,,,,,,,,,0.0,,,,,0.015308232046663761,0.006666666828095913
,mappo,,,,429.0,0.0,0.0,0.3333333432674408,0.0,0.0,0.0,0.3333333432674408,0.0,0.0,0.0,0.0,0.0,0.0,,,,,,,
0.013941365294158459,mappo,7.425724675158563e-07,0.4504927694797516,0.0008709569856618873,430.0,,,,,,,,,,,,,,0.0,,,,,0.015374998562037945,0.006666666828095913
,mappo,,,,430.0,0.0,0.0,0.3333333432674408,0.0,0.0,0.0,0.3333333432674408,0.0,0.0,0.0,0.0,0.0,0.0,,,,,,,
-0.008337273262441158,mappo,2.6720059054241574e-07,0.45912960171699524,0.0008706568856285429,431.0,,,,,,,,,,,,,,0.0,,,,,0.015407552011311054,0.006666666828095913
,mappo,,,,431.0,0.0,0.0,0.3333333432674408,0.0,0.0,0.0,0.3333333432674408,0.0,0.0,0.0,0.0,0.0,0.0,,,,,,,
-0.0022415579296648502,mappo,1.2579148744862323e-07,0.4585224390029907,0.0008703567855951983,432.0,,,,,,,,,,,,,,0.0,,,,,0.015393933281302452,0.006666666828095913
,mappo,,,,432.0,0.0,0.0,0.3333333432674408,0.0,0.0,0.0,0.3333333432674408,0.0,0.0,0.0,0.0,0.0,0.0,,,,,,,
-0.0033777104690670967,mappo,1.2425262241322343e-07,0.46356260776519775,0.0008700566855618539,433.0,,,,,,,,,,,,,,0.0,,,,,0.015376675873994827,0.006666666828095913
,mappo,,,,433.0,0.0,0.0,0.3333333432674408,0.0,0.0,0.0,0.3333333432674408,0.0,0.0,0.0,0.0,0.0,0.0,,,,,,,
-0.0031279269605875015,mappo,1.7786996409085987e-07,0.48180338740348816,0.0008697565855285095,434.0,,,,,,,,,,,,,,0.0,,,,,0.015269438736140728,0.006666666828095913
,mappo,,,,434.0,0.0,0.0,0.3333333432674408,0.0,0.0,0.0,0.3333333432674408,0.0,0.0,0.0,0.0,0.0,0.0,,,,,,,
-0.0061128390952944756,mappo,9.740191586615765e-08,0.4923557937145233,0.0008694564854951651,435.0,,,,,,,,,,,,,,0.0,,,,,0.015328751876950264,0.006666666828095913
,mappo,,,,435.0,0.0,0.0,0.3333333432674408,0.0,0.0,0.0,0.3333333432674408,0.0,0.0,0.0,0.0,0.0,0.0,,,,,,,
-0.008079265244305134,mappo,1.6509888212112855e-07,0.502367377281189,0.0008691563854618206,436.0,,,,,,,,,,,,,,0.0,,,,,0.015162412077188492,0.006666666828095913
,mappo,,,,436.0,0.0,0.0,0.3333333432674408,0.0,0.0,0.0,0.3333333432674408,0.0,0.0,0.0,0.0,0.0,0.0,,,,,,,
-0.006644384004175663,mappo,1.4325767949685542e-07,0.5090429186820984,0.0008688562854284762,437.0,,,,,,,,,,,,,,0.0,,,,,0.015257438644766808,0.006666666828095913
,mappo,,,,437.0,0.0,0.0,0.3333333432674408,0.0,0.0,0.0,0.3333333432674408,0.0,0.0,0.0,0.0,0.0,0.0,,,,,,,
-0.0034206053242087364,mappo,1.797388478053108e-07,0.5279379487037659,0.0008685561853951317,438.0,,,,,,,,,,,,,,0.0,,,,,0.015160519629716873,0.006666666828095913
,mappo,,,,438.0,0.0,0.0,0.3333333432674408,0.0,0.0,0.0,0.3333333432674408,0.0,0.0,0.0,0.0,0.0,0.0,,,,,,,
-0.003443980123847723,mappo,8.746121125113859e-07,0.5390387773513794,0.0008682560853617873,439.0,,,,,,,,,,,,,,0.0,,,,,0.015133582055568695,0.006666666828095913
,mappo,,,,439.0,0.0,0.0,0.3333333432674408,0.0,0.0,0.0,0.3333333432674408,0.0,0.0,0.0,0.0,0.0,0.0,,,,,,,
-0.008337605744600296,mappo,2.5592942165530985e-07,0.5449353456497192,0.0008679559853284429,440.0,,,,,,,,,,,,,,0.0,,,,,0.015134326182305813,0.006666666828095913
,mappo,,,,440.0,0.0,0.0,0.3333333432674408,0.0,0.0,0.0,0.3333333432674408,0.0,0.0,0.0,0.0,0.0,0.0,,,,,,,
-0.008332459256052971,mappo,4.128485215915134e-07,0.528493344783783,0.0008676558852950984,441.0,,,,,,,,,,,,,,0.0,,,,,0.015179522335529327,0.006666666828095913
,mappo,,,,441.0,0.0,0.0,0.3333333432674408,0.0,0.0,0.0,0.3333333432674408,0.0,0.0,0.0,0.0,0.0,0.0,,,,,,,
-0.007095492910593748,mappo,1.1152477554787765e-06,0.5028873682022095,0.0008673557852617539,442.0,,,,,,,,,,,,,,0.0,,,,,0.01510556973516941,0.006666666828095913
,mappo,,,,442.0,0.0,0.0,0.3333333432674408,0.0,0.0,0.0,0.3333333432674408,0.0,0.0,0.0,0.0,0.0,0.0,,,,,,,
-0.003213196527212858,mappo,7.332595828302146e-07,0.5122553110122681,0.0008670556852284094,443.0,,,,,,,,,,,,,,0.0,,,,,0.015122560784220695,0.006666666828095913
,mappo,,,,443.0,0.0,0.0,0.3333333432674408,0.0,0.0,0.0,0.3333333432674408,0.0,0.0,0.0,0.0,0.0,0.0,,,,,,,
-0.005543626844882965,mappo,8.465268024338002e-07,0.5099185109138489,0.000866755585195065,444.0,,,,,,,,,,,,,,0.0,,,,,0.015032336115837097,0.006666666828095913
,mappo,,,,444.0,0.0,0.0,0.3333333432674408,0.0,0.0,0.0,0.3333333432674408,0.0,0.0,0.0,0.0,0.0,0.0,,,,,,,
-0.0017255825223401189,mappo,2.04667486514154e-07,0.5227769017219543,0.0008664554851617206,445.0,,,,,,,,,,,,,,0.0,,,,,0.015309138223528862,0.006666666828095913
,mappo,,,,445.0,0.0,0.0,0.3333333432674408,0.0,0.0,0.0,0.3333333432674408,0.0,0.0,0.0,0.0,0.0,0.0,,,,,,,
-0.0049132672138512135,mappo,7.142831037754149e-08,0.5012760758399963,0.0008661553851283762,446.0,,,,,,,,,,,,,,0.0,,,,,0.015223106369376183,0.006666666828095913
,mappo,,,,446.0,0.0,0.0,0.3333333432674408,0.0,0.0,0.0,0.3333333432674408,0.0,0.0,0.0,0.0,0.0,0.0,,,,,,,
-0.013224545866250992,mappo,2.5358184529977734e-07,0.49269017577171326,0.0008658552850950317,447.0,,,,,,,,,,,,,,0.0,,,,,0.015254730358719826,0.006666666828095913
,mappo,,,,447.0,0.0,0.0,0.3333333432674408,0.0,0.0,0.0,0.3333333432674408,0.0,0.0,0.0,0.0,0.0,0.0,,,,,,,
-0.004167614039033651,mappo,8.829981368307926e-08,0.47656241059303284,0.0008655551850616873,448.0,,,,,,,,,,,,,,0.0,,,,,0.015339406207203865,0.006666666828095913
,mappo,,,,448.0,0.0,0.0,0.3333333432674408,0.0,0.0,0.0,0.3333333432674408,0.0,0.0,0.0,0.0,0.0,0.0,,,,,,,
-0.004063879139721394,mappo,1.1235194818937089e-07,0.459443062543869,0.0008652550850283428,449.0,,,,,,,,,,,,,,0.0,,,,,0.015223031863570213,0.006666666828095913
,mappo,,,,449.0,0.0,0.0,0.3333333432674408,0.0,0.0,0.0,0.3333333432674408,0.0,0.0,0.0,0.0,0.0,0.0,,,,,,,
-0.002483956515789032,mappo,4.555332964173431e-07,0.4313832223415375,0.0008649549849949984,450.0,,,,,,,,,,,,,,0.0,,,,,0.01513039879500866,0.006666666828095913
,mappo,,,,450.0,0.0,0.0,0.3333333432674408,0.0,0.0,0.0,0.3333333432674408,0.0,0.0,0.0,0.0,0.0,0.0,,,,,,,
-0.0017918309895321727,mappo,3.1472657724407327e-07,0.4281737208366394,0.0008646548849616539,451.0,,,,,,,,,,,,,,0.0,,,,,0.015133210457861423,0.006666666828095913
,mappo,,,,451.0,0.0,0.0,0.3333333432674408,0.0,0.0,0.0,0.3333333432674408,0.0,0.0,0.0,0.0,0.0,0.0,,,,,,,
-0.00829283706843853,mappo,2.9199227924436855e-07,0.42841044068336487,0.0008643547849283095,452.0,,,,,,,,,,,,,,0.0,,,,,0.015174223110079765,0.006666666828095913
,mappo,,,,452.0,0.0,0.0,0.3333333432674408,0.0,0.0,0.0,0.3333333432674408,0.0,0.0,0.0,0.0,0.0,0.0,,,,,,,
-0.008720158599317074,mappo,1.30141557974639e-07,0.43496012687683105,0.000864054684894965,453.0,,,,,,,,,,,,,,0.0,,,,,0.015105204656720161,0.006666666828095913
,mappo,,,,453.0,0.0,0.0,0.3333333432674408,0.0,0.0,0.0,0.3333333432674408,0.0,0.0,0.0,0.0,0.0,0.0,,,,,,,
-0.00488606421276927,mappo,0.00010090498108183965,0.382589727640152,0.0008637545848616205,454.0,,,,,,,,,,,,,,0.0,,,,,0.014144807122647762,0.0
,mappo,,,,454.0,0.0,0.0,0.0,0.0,0.0,0.0,0.0,0.0,0.0,0.0,0.0,0.0,0.0,,,,,,,
-0.004014085978269577,mappo,0.00013076065806671977,0.4280911386013031,0.0008634544848282761,455.0,,,,,,,,,,,,,,0.0,,,,,0.015111139044165611,0.006666666828095913
,mappo,,,,455.0,0.0,0.0,0.3333333432674408,0.0,0.0,0.0,0.3333333432674408,0.0,0.0,0.0,0.0,0.0,0.0,,,,,,,
0.004524097312241793,mappo,9.914828115142882e-05,0.4592730700969696,0.0008631543847949317,456.0,,,,,,,,,,,,,,0.0,,,,,0.01501220278441906,0.006666666828095913
,mappo,,,,456.0,0.0,0.0,0.3333333432674408,0.0,0.0,0.0,0.3333333432674408,0.0,0.0,0.0,0.0,0.0,0.0,,,,,,,
-0.0069946120493113995,mappo,0.0002523839066270739,0.4177778661251068,0.0008628542847615873,457.0,,,,,,,,,,,,,,0.0,,,,,0.014054086059331894,0.0
,mappo,,,,457.0,0.0,0.0,0.0,0.0,0.0,0.0,0.0,0.0,0.0,0.0,0.0,0.0,0.0,,,,,,,
-0.002462870441377163,mappo,0.00015939626609906554,0.4802549183368683,0.0008625541847282428,458.0,,,,,,,,,,,,,,0.0,,,,,0.015049003064632416,0.006666666828095913
,mappo,,,,458.0,0.0,0.0,0.3333333432674408,0.0,0.0,0.0,0.3333333432674408,0.0,0.0,0.0,0.0,0.0,0.0,,,,,,,
-0.0034740669652819633,mappo,7.2744569479255006e-06,0.489906370639801,0.0008622540846948984,459.0,,,,,,,,,,,,,,0.0,,,,,0.014905892312526703,0.006666666828095913
,mappo,,,,459.0,0.0,0.0,0.3333333432674408,0.0,0.0,0.0,0.3333333432674408,0.0,0.0,0.0,0.0,0.0,0.0,,,,,,,
-0.004054330755025148,mappo,6.598053005291149e-06,0.4921077489852905,0.0008619539846615538,460.0,,,,,,,,,,,,,,0.0,,,,,0.014965735375881195,0.006666666828095913
,mappo,,,,460.0,0.0,0.0,0.3333333432674408,0.0,0.0,0.0,0.3333333432674408,0.0,0.0,0.0,0.0,0.0,0.0,,,,,,,
0.0018218518234789371,mappo,3.383270495760371e-06,0.5098066926002502,0.0008616538846282094,461.0,,,,,,,,,,,,,,0.0,,,,,0.014979439787566662,0.006666666828095913
,mappo,,,,461.0,0.0,0.0,0.3333333432674408,0.0,0.0,0.0,0.3333333432674408,0.0,0.0,0.0,0.0,0.0,0.0,,,,,,,
-0.0006605615490116179,mappo,1.2461947562769637e-06,0.5315628051757812,0.000861353784594865,462.0,,,,,,,,,,,,,,0.0,,,,,0.01499679684638977,0.006666666828095913
,mappo,,,,462.0,0.0,0.0,0.3333333432674408,0.0,0.0,0.0,0.3333333432674408,0.0,0.0,0.0,0.0,0.0,0.0,,,,,,,
-0.004816755652427673,mappo,7.619057100782811e-07,0.5442880988121033,0.0008610536845615205,463.0,,,,,,,,,,,,,,0.0,,,,,0.014952489174902439,0.006666666828095913
,mappo,,,,463.0,0.0,0.0,0.3333333432674408,0.0,0.0,0.0,0.3333333432674408,0.0,0.0,0.0,0.0,0.0,0.0,,,,,,,
0.004934839904308319,mappo,0.0003317175433039665,0.47730469703674316,0.0008607535845281761,464.0,,,,,,,,,,,,,,0.0,,,,,0.01413005031645298,0.0
,mappo,,,,464.0,0.0,0.0,0.0,0.0,0.0,0.0,0.0,0.0,0.0,0.0,0.0,0.0,0.0,,,,,,,
-0.006255342159420252,mappo,0.00016146669804584235,0.46852293610572815,0.0008604534844948316,465.0,,,,,,,,,,,,,,0.0,,,,,0.01407973188906908,0.0
,mappo,,,,465.0,0.0,0.0,0.0,0.0,0.0,0.0,0.0,0.0,0.0,0.0,0.0,0.0,0.0,,,,,,,
-0.007626886013895273,mappo,0.00016474100993946195,0.506404459476471,0.0008601533844614872,466.0,,,,,,,,,,,,,,0.0,,,,,0.014849130064249039,0.006666666828095913
,mappo,,,,466.0,0.0,0.0,0.3333333432674408,0.0,0.0,0.0,0.3333333432674408,0.0,0.0,0.0,0.0,0.0,0.0,,,,,,,
-0.0012155669974163175,mappo,0.00010998573998222128,0.5007101893424988,0.0008598532844281428,467.0,,,,,,,,,,,,,,0.0,,,,,0.015026839450001717,0.006666666828095913
,mappo,,,,467.0,0.0,0.0,0.3333333432674408,0.0,0.0,0.0,0.3333333432674408,0.0,0.0,0.0,0.0,0.0,0.0,,,,,,,
0.01286411378532648,mappo,2.141053118975833e-05,0.4873882532119751,0.0008595531843947984,468.0,,,,,,,,,,,,,,0.0,,,,,0.015092719346284866,0.006666666828095913
,mappo,,,,468.0,0.0,0.0,0.3333333432674408,0.0,0.0,0.0,0.3333333432674408,0.0,0.0,0.0,0.0,0.0,0.0,,,,,,,
-0.003537887241691351,mappo,1.57253543875413e-05,0.49040403962135315,0.0008592530843614538,469.0,,,,,,,,,,,,,,0.0,,,,,0.01517606619745493,0.006666666828095913
,mappo,,,,469.0,0.0,0.0,0.3333333432674408,0.0,0.0,0.0,0.3333333432674408,0.0,0.0,0.0,0.0,0.0,0.0,,,,,,,
0.006335146725177765,mappo,7.539283615187742e-06,0.4596618711948395,0.0008589529843281094,470.0,,,,,,,,,,,,,,0.0,,,,,0.015062831342220306,0.006666666828095913
,mappo,,,,470.0,0.0,0.0,0.3333333432674408,0.0,0.0,0.0,0.3333333432674408,0.0,0.0,0.0,0.0,0.0,0.0,,,,,,,
-0.0018231163267046213,mappo,1.2998658576179878e-06,0.4526834189891815,0.0008586528842947649,471.0,,,,,,,,,,,,,,0.0,,,,,0.015129491686820984,0.006666666828095913
,mappo,,,,471.0,0.0,0.0,0.3333333432674408,0.0,0.0,0.0,0.3333333432674408,0.0,0.0,0.0,0.0,0.0,0.0,,,,,,,
0.005610986612737179,mappo,9.139450298789598e-07,0.43495163321495056,0.0008583527842614205,472.0,,,,,,,,,,,,,,0.0,,,,,0.015026174485683441,0.006666666828095913
,mappo,,,,472.0,0.0,0.0,0.3333333432674408,0.0,0.0,0.0,0.3333333432674408,0.0,0.0,0.0,0.0,0.0,0.0,,,,,,,
-0.005891000386327505,mappo,2.1435212147480343e-06,0.43747594952583313,0.0008580526842280761,473.0,,,,,,,,,,,,,,0.0,,,,,0.015124586410820484,0.006666666828095913
,mappo,,,,473.0,0.0,0.0,0.3333333432674408,0.0,0.0,0.0,0.3333333432674408,0.0,0.0,0.0,0.0,0.0,0.0,,,,,,,
0.0016505552921444178,mappo,2.1291821212798823e-06,0.432127982378006,0.0008577525841947316,474.0,,,,,,,,,,,,,,0.0,,,,,0.015235627070069313,0.006666666828095913
,mappo,,,,474.0,0.0,0.0,0.3333333432674408,0.0,0.0,0.0,0.3333333432674408,0.0,0.0,0.0,0.0,0.0,0.0,,,,,,,
-0.0088324174284935,mappo,1.4954671314626466e-06,0.4280810058116913,0.0008574524841613872,475.0,,,,,,,,,,,,,,0.0,,,,,0.015119519084692001,0.006666666828095913
,mappo,,,,475.0,0.0,0.0,0.3333333432674408,0.0,0.0,0.0,0.3333333432674408,0.0,0.0,0.0,0.0,0.0,0.0,,,,,,,
-0.009886106476187706,mappo,6.902618565618468e-07,0.4359869360923767,0.0008571523841280427,476.0,,,,,,,,,,,,,,0.0,,,,,0.015174183994531631,0.006666666828095913
,mappo,,,,476.0,0.0,0.0,0.3333333432674408,0.0,0.0,0.0,0.3333333432674408,0.0,0.0,0.0,0.0,0.0,0.0,,,,,,,
-0.009132920764386654,mappo,4.7189845986395085e-07,0.425711989402771,0.0008568522840946982,477.0,,,,,,,,,,,,,,0.0,,,,,0.015003676526248455,0.006666666828095913
,mappo,,,,477.0,0.0,0.0,0.3333333432674408,0.0,0.0,0.0,0.3333333432674408,0.0,0.0,0.0,0.0,0.0,0.0,,,,,,,
-0.009004799649119377,mappo,8.585175805819745e-07,0.44196656346321106,0.0008565521840613538,478.0,,,,,,,,,,,,,,0.0,,,,,0.015230783261358738,0.006666666828095913
,mappo,,,,478.0,0.0,0.0,0.3333333432674408,0.0,0.0,0.0,0.3333333432674408,0.0,0.0,0.0,0.0,0.0,0.0,,,,,,,
-0.004850051365792751,mappo,2.7325373253006546e-07,0.45384323596954346,0.0008562520840280093,479.0,,,,,,,,,,,,,,0.0,,,,,0.015090540051460266,0.006666666828095913
,mappo,,,,479.0,0.0,0.0,0.3333333432674408,0.0,0.0,0.0,0.3333333432674408,0.0,0.0,0.0,0.0,0.0,0.0,,,,,,,
-0.0030306121334433556,mappo,8.173039987013908e-07,0.45264801383018494,0.0008559519839946649,480.0,,,,,,,,,,,,,,0.0,,,,,0.015005810186266899,0.006666666828095913
,mappo,,,,480.0,0.0,0.0,0.3333333432674408,0.0,0.0,0.0,0.3333333432674408,0.0,0.0,0.0,0.0,0.0,0.0,,,,,,,
-0.0016153205651789904,mappo,1.1809284927721819e-07,0.4625678062438965,0.0008556518839613205,481.0,,,,,,,,,,,,,,0.0,,,,,0.015171757899224758,0.006666666828095913
,mappo,,,,481.0,0.0,0.0,0.3333333432674408,0.0,0.0,0.0,0.3333333432674408,0.0,0.0,0.0,0.0,0.0,0.0,,,,,,,
-0.009284239262342453,mappo,3.2823808737703075e-07,0.44300344586372375,0.000855351783927976,482.0,,,,,,,,,,,,,,0.0,,,,,0.014952005818486214,0.006666666828095913
,mappo,,,,482.0,0.0,0.0,0.3333333432674408,0.0,0.0,0.0,0.3333333432674408,0.0,0.0,0.0,0.0,0.0,0.0,,,,,,,
-0.00461025582626462,mappo,6.733934583280643e-07,0.43485137820243835,0.0008550516838946316,483.0,,,,,,,,,,,,,,0.0,,,,,0.01514562126249075,0.006666666828095913
,mappo,,,,483.0,0.0,0.0,0.3333333432674408,0.0,0.0,0.0,0.3333333432674408,0.0,0.0,0.0,0.0,0.0,0.0,,,,,,,
-0.0031798682175576687,mappo,8.335861139130429e-07,0.4432416260242462,0.0008547515838612872,484.0,,,,,,,,,,,,,,0.0,,,,,0.014933004043996334,0.006666666828095913
,mappo,,,,484.0,0.0,0.0,0.3333333432674408,0.0,0.0,0.0,0.3333333432674408,0.0,0.0,0.0,0.0,0.0,0.0,,,,,,,
-0.01165822334587574,mappo,1.2779631788362167e-06,0.4595646262168884,0.0008544514838279427,485.0,,,,,,,,,,,,,,0.0,,,,,0.014949304051697254,0.006666666828095913
,mappo,,,,485.0,0.0,0.0,0.3333333432674408,0.0,0.0,0.0,0.3333333432674408,0.0,0.0,0.0,0.0,0.0,0.0,,,,,,,
-0.00041733417310751975,mappo,1.1411812010919675e-06,0.4540333151817322,0.0008541513837945982,486.0,,,,,,,,,,,,,,0.0,,,,,0.01497727818787098,0.006666666828095913
,mappo,,,,486.0,0.0,0.0,0.3333333432674408,0.0,0.0,0.0,0.3333333432674408,0.0,0.0,0.0,0.0,0.0,0.0,,,,,,,
-0.0019020967883989215,mappo,4.74936541650095e-07,0.4590754210948944,0.0008538512837612537,487.0,,,,,,,,,,,,,,0.0,,,,,0.01496917475014925,0.006666666828095913
,mappo,,,,487.0,0.0,0.0,0.3333333432674408,0.0,0.0,0.0,0.3333333432674408,0.0,0.0,0.0,0.0,0.0,0.0,,,,,,,
-0.006990758236497641,mappo,2.083230356220156e-06,0.4622102975845337,0.0008535511837279093,488.0,,,,,,,,,,,,,,0.0,,,,,0.015175031498074532,0.006666666828095913
,mappo,,,,488.0,0.0,0.0,0.3333333432674408,0.0,0.0,0.0,0.3333333432674408,0.0,0.0,0.0,0.0,0.0,0.0,,,,,,,
-0.005373367574065924,mappo,8.367082955373917e-07,0.4611044228076935,0.0008532510836945649,489.0,,,,,,,,,,,,,,0.0,,,,,0.015087476931512356,0.006666666828095913
,mappo,,,,489.0,0.0,0.0,0.3333333432674408,0.0,0.0,0.0,0.3333333432674408,0.0,0.0,0.0,0.0,0.0,0.0,,,,,,,
-0.0031216859351843596,mappo,5.211672373661713e-07,0.45249858498573303,0.0008529509836612204,490.0,,,,,,,,,,,,,,0.0,,,,,0.015152571722865105,0.006666666828095913
,mappo,,,,490.0,0.0,0.0,0.3333333432674408,0.0,0.0,0.0,0.3333333432674408,0.0,0.0,0.0,0.0,0.0,0.0,,,,,,,
-0.009800087660551071,mappo,7.519312248405186e-07,0.43416300415992737,0.000852650883627876,491.0,,,,,,,,,,,,,,0.0,,,,,0.015022432431578636,0.006666666828095913
,mappo,,,,491.0,0.0,0.0,0.3333333432674408,0.0,0.0,0.0,0.3333333432674408,0.0,0.0,0.0,0.0,0.0,0.0,,,,,,,
-0.0022401302121579647,mappo,1.131905833062774e-06,0.4259783923625946,0.0008523507835945315,492.0,,,,,,,,,,,,,,0.0,,,,,0.015211503952741623,0.006666666828095913
,mappo,,,,492.0,0.0,0.0,0.3333333432674408,0.0,0.0,0.0,0.3333333432674408,0.0,0.0,0.0,0.0,0.0,0.0,,,,,,,
-0.010793070308864117,mappo,2.1897085389355198e-07,0.42500364780426025,0.0008520506835611871,493.0,,,,,,,,,,,,,,0.0,,,,,0.015184598043560982,0.006666666828095913
,mappo,,,,493.0,0.0,0.0,0.3333333432674408,0.0,0.0,0.0,0.3333333432674408,0.0,0.0,0.0,0.0,0.0,0.0,,,,,,,
-0.007442813832312822,mappo,5.031220098317135e-07,0.4244749844074249,0.0008517505835278427,494.0,,,,,,,,,,,,,,0.0,,,,,0.015204932540655136,0.006666666828095913
,mappo,,,,494.0,0.0,0.0,0.3333333432674408,0.0,0.0,0.0,0.3333333432674408,0.0,0.0,0.0,0.0,0.0,0.0,,,,,,,
-0.010646943934261799,mappo,4.903745320916642e-07,0.41514521837234497,0.0008514504834944983,495.0,,,,,,,,,,,,,,0.0,,,,,0.015245810151100159,0.006666666828095913
,mappo,,,,495.0,0.0,0.0,0.3333333432674408,0.0,0.0,0.0,0.3333333432674408,0.0,0.0,0.0,0.0,0.0,0.0,,,,,,,
-0.007804739288985729,mappo,1.2643295121961273e-06,0.401677668094635,0.0008511503834611537,496.0,,,,,,,,,,,,,,0.0,,,,,0.015127506107091904,0.006666666828095913
,mappo,,,,496.0,0.0,0.0,0.3333333432674408,0.0,0.0,0.0,0.3333333432674408,0.0,0.0,0.0,0.0,0.0,0.0,,,,,,,
-0.002743970602750778,mappo,3.59758303147828e-07,0.3890147805213928,0.0008508502834278093,497.0,,,,,,,,,,,,,,0.0,,,,,0.015082291327416897,0.006666666828095913
,mappo,,,,497.0,0.0,0.0,0.3333333432674408,0.0,0.0,0.0,0.3333333432674408,0.0,0.0,0.0,0.0,0.0,0.0,,,,,,,
-0.007412283215671778,mappo,3.6063539710085024e-07,0.3807867169380188,0.0008505501833944648,498.0,,,,,,,,,,,,,,0.0,,,,,0.015276473015546799,0.006666666828095913
,mappo,,,,498.0,0.0,0.0,0.3333333432674408,0.0,0.0,0.0,0.3333333432674408,0.0,0.0,0.0,0.0,0.0,0.0,,,,,,,
-0.013911326415836811,mappo,2.2718197101312398e-07,0.3660837411880493,0.0008502500833611204,499.0,,,,,,,,,,,,,,0.0,,,,,0.015036745928227901,0.006666666828095913
,mappo,,,,499.0,0.0,0.0,0.3333333432674408,0.0,0.0,0.0,0.3333333432674408,0.0,0.0,0.0,0.0,0.0,0.0,,,,,,,
,mappo,,,,499.0,,,,,,,,,,,,,,,0.0,0.0,0.3333333432674408,0.0,,
-0.00035301485331729054,mappo,2.4911701075325254e-06,0.38292598724365234,0.000849949983327776,500.0,,,,,,,,,,,,,,0.0,,,,,0.015180250629782677,0.006666666828095913
,mappo,,,,500.0,0.0,0.0,0.3333333432674408,0.0,0.0,0.0,0.3333333432674408,0.0,0.0,0.0,0.0,0.0,0.0,,,,,,,
-0.009543987922370434,mappo,1.7499846762802918e-06,0.38276010751724243,0.0008496498832944315,501.0,,,,,,,,,,,,,,0.0,,,,,0.015187296085059643,0.006666666828095913
,mappo,,,,501.0,0.0,0.0,0.3333333432674408,0.0,0.0,0.0,0.3333333432674408,0.0,0.0,0.0,0.0,0.0,0.0,,,,,,,
0.0008751442655920982,mappo,1.3402319609667757e-06,0.3680572509765625,0.0008493497832610871,502.0,,,,,,,,,,,,,,0.0,,,,,0.015157029032707214,0.006666666828095913
,mappo,,,,502.0,0.0,0.0,0.3333333432674408,0.0,0.0,0.0,0.3333333432674408,0.0,0.0,0.0,0.0,0.0,0.0,,,,,,,
-0.01492974441498518,mappo,4.172999581442127e-07,0.3486372232437134,0.0008490496832277426,503.0,,,,,,,,,,,,,,0.0,,,,,0.01511826366186142,0.006666666828095913
,mappo,,,,503.0,0.0,0.0,0.3333333432674408,0.0,0.0,0.0,0.3333333432674408,0.0,0.0,0.0,0.0,0.0,0.0,,,,,,,
-0.0004969563451595604,mappo,4.977191565558314e-07,0.3541001081466675,0.0008487495831943981,504.0,,,,,,,,,,,,,,0.0,,,,,0.015018315985798836,0.006666666828095913
,mappo,,,,504.0,0.0,0.0,0.3333333432674408,0.0,0.0,0.0,0.3333333432674408,0.0,0.0,0.0,0.0,0.0,0.0,,,,,,,
-0.005506761372089386,mappo,9.142457315647334e-07,0.3494322597980499,0.0008484494831610537,505.0,,,,,,,,,,,,,,0.0,,,,,0.015088633634150028,0.006666666828095913
,mappo,,,,505.0,0.0,0.0,0.3333333432674408,0.0,0.0,0.0,0.3333333432674408,0.0,0.0,0.0,0.0,0.0,0.0,,,,,,,
-0.0022670321632176638,mappo,6.115195674283314e-07,0.3288272023200989,0.0008481493831277092,506.0,,,,,,,,,,,,,,0.0,,,,,0.015172617509961128,0.006666666828095913
,mappo,,,,506.0,0.0,0.0,0.3333333432674408,0.0,0.0,0.0,0.3333333432674408,0.0,0.0,0.0,0.0,0.0,0.0,,,,,,,
-0.004007280804216862,mappo,9.516305681245285e-07,0.3075305223464966,0.0008478492830943648,507.0,,,,,,,,,,,,,,0.0,,,,,0.015141002833843231,0.006666666828095913
,mappo,,,,507.0,0.0,0.0,0.3333333432674408,0.0,0.0,0.0,0.3333333432674408,0.0,0.0,0.0,0.0,0.0,0.0,,,,,,,
0.0002956738753709942,mappo,1.4511543611206434e-07,0.2832390367984772,0.0008475491830610203,508.0,,,,,,,,,,,,,,0.0,,,,,0.015170542523264885,0.006666666828095913
,mappo,,,,508.0,0.0,0.0,0.3333333432674408,0.0,0.0,0.0,0.3333333432674408,0.0,0.0,0.0,0.0,0.0,0.0,,,,,,,
-0.007415346801280975,mappo,4.3926968373853015e-07,0.26703080534935,0.0008472490830276759,509.0,,,,,,,,,,,,,,0.0,,,,,0.015061084181070328,0.006666666828095913
,mappo,,,,509.0,0.0,0.0,0.3333333432674408,0.0,0.0,0.0,0.3333333432674408,0.0,0.0,0.0,0.0,0.0,0.0,,,,,,,
-0.005940585862845182,mappo,5.108573191137111e-07,0.23861223459243774,0.0008469489829943315,510.0,,,,,,,,,,,,,,0.0,,,,,0.01508523989468813,0.006666666828095913
,mappo,,,,510.0,0.0,0.0,0.3333333432674408,0.0,0.0,0.0,0.3333333432674408,0.0,0.0,0.0,0.0,0.0,0.0,,,,,,,
-0.006012042984366417,mappo,2.646322911914467e-07,0.22097069025039673,0.0008466488829609871,511.0,,,,,,,,,,,,,,0.0,,,,,0.015147972851991653,0.006666666828095913
,mappo,,,,511.0,0.0,0.0,0.3333333432674408,0.0,0.0,0.0,0.3333333432674408,0.0,0.0,0.0,0.0,0.0,0.0,,,,,,,
-0.005540888290852308,mappo,6.459976589212602e-07,0.22331050038337708,0.0008463487829276426,512.0,,,,,,,,,,,,,,0.0,,,,,0.015032562427222729,0.006666666828095913
,mappo,,,,512.0,0.0,0.0,0.3333333432674408,0.0,0.0,0.0,0.3333333432674408,0.0,0.0,0.0,0.0,0.0,0.0,,,,,,,
-0.005603516474366188,mappo,7.936349106785201e-07,0.23747746646404266,0.0008460486828942981,513.0,,,,,,,,,,,,,,0.0,,,,,0.015136538073420525,0.006666666828095913
,mappo,,,,513.0,0.0,0.0,0.3333333432674408,0.0,0.0,0.0,0.3333333432674408,0.0,0.0,0.0,0.0,0.0,0.0,,,,,,,
-0.00262834457680583,mappo,3.504702306145191e-07,0.25586843490600586,0.0008457485828609536,514.0,,,,,,,,,,,,,,0.0,,,,,0.01505791861563921,0.006666666828095913
,mappo,,,,514.0,0.0,0.0,0.3333333432674408,0.0,0.0,0.0,0.3333333432674408,0.0,0.0,0.0,0.0,0.0,0.0,,,,,,,
-0.006120494566857815,mappo,1.637992710357139e-07,0.2709748446941376,0.0008454484828276092,515.0,,,,,,,,,,,,,,0.0,,,,,0.015195788815617561,0.006666666828095913
,mappo,,,,515.0,0.0,0.0,0.3333333432674408,0.0,0.0,0.0,0.3333333432674408,0.0,0.0,0.0,0.0,0.0,0.0,,,,,,,
-0.003690411103889346,mappo,4.0533760170546884e-07,0.2797573208808899,0.0008451483827942648,516.0,,,,,,,,,,,,,,0.0,,,,,0.01502657774835825,0.006666666828095913
,mappo,,,,516.0,0.0,0.0,0.3333333432674408,0.0,0.0,0.0,0.3333333432674408,0.0,0.0,0.0,0.0,0.0,0.0,,,,,,,
-0.0034373595844954252,mappo,1.3621678363051615e-06,0.30301016569137573,0.0008448482827609203,517.0,,,,,,,,,,,,,,0.0,,,,,0.01511434931308031,0.006666666828095913
,mappo,,,,517.0,0.0,0.0,0.3333333432674408,0.0,0.0,0.0,0.3333333432674408,0.0,0.0,0.0,0.0,0.0,0.0,,,,,,,
0.003132979152724147,mappo,2.488524728505581e-07,0.3219223916530609,0.0008445481827275759,518.0,,,,,,,,,,,,,,0.0,,,,,0.015158571302890778,0.006666666828095913
,mappo,,,,518.0,0.0,0.0,0.3333333432674408,0.0,0.0,0.0,0.3333333432674408,0.0,0.0,0.0,0.0,0.0,0.0,,,,,,,
0.01782800629734993,mappo,4.111217606350692e-07,0.3452337086200714,0.0008442480826942314,519.0,,,,,,,,,,,,,,0.0,,,,,0.01511196605861187,0.006666666828095913
,mappo,,,,519.0,0.0,0.0,0.3333333432674408,0.0,0.0,0.0,0.3333333432674408,0.0,0.0,0.0,0.0,0.0,0.0,,,,,,,
-0.0022076100576668978,mappo,8.814668603918108e-07,0.33960390090942383,0.000843947982660887,520.0,,,,,,,,,,,,,,0.0,,,,,0.015138634480535984,0.006666666828095913
,mappo,,,,520.0,0.0,0.0,0.3333333432674408,0.0,0.0,0.0,0.3333333432674408,0.0,0.0,0.0,0.0,0.0,0.0,,,,,,,
-0.0007996631902642548,mappo,4.4265050291869557e-07,0.339604914188385,0.0008436478826275426,521.0,,,,,,,,,,,,,,0.0,,,,,0.015072453767061234,0.006666666828095913
,mappo,,,,521.0,0.0,0.0,0.3333333432674408,0.0,0.0,0.0,0.3333333432674408,0.0,0.0,0.0,0.0,0.0,0.0,,,,,,,
-0.01455849688500166,mappo,1.882743276837573e-07,0.315116822719574,0.0008433477825941981,522.0,,,,,,,,,,,,,,0.0,,,,,0.01510768011212349,0.006666666828095913
,mappo,,,,522.0,0.0,0.0,0.3333333432674408,0.0,0.0,0.0,0.3333333432674408,0.0,0.0,0.0,0.0,0.0,0.0,,,,,,,
0.00012343487469479442,mappo,1.4426282177737448e-06,0.29680538177490234,0.0008430476825608536,523.0,,,,,,,,,,,,,,0.0,,,,,0.015046904794871807,0.006666666828095913
,mappo,,,,523.0,0.0,0.0,0.3333333432674408,0.0,0.0,0.0,0.3333333432674408,0.0,0.0,0.0,0.0,0.0,0.0,,,,,,,
-0.006440709810703993,mappo,2.5517158519505756e-07,0.2945311665534973,0.0008427475825275092,524.0,,,,,,,,,,,,,,0.0,,,,,0.015107538551092148,0.006666666828095913
,mappo,,,,524.0,0.0,0.0,0.3333333432674408,0.0,0.0,0.0,0.3333333432674408,0.0,0.0,0.0,0.0,0.0,0.0,,,,,,,
-0.006067921407520771,mappo,7.044598078209674e-07,0.2885388731956482,0.0008424474824941647,525.0,,,,,,,,,,,,,,0.0,,,,,0.01509197149425745,0.006666666828095913
,mappo,,,,525.0,0.0,0.0,0.3333333432674408,0.0,0.0,0.0,0.3333333432674408,0.0,0.0,0.0,0.0,0.0,0.0,,,,,,,
-0.0020263511687517166,mappo,4.5609732524098945e-07,0.2762174904346466,0.0008421473824608203,526.0,,,,,,,,,,,,,,0.0,,,,,0.015082541853189468,0.006666666828095913
,mappo,,,,526.0,0.0,0.0,0.3333333432674408,0.0,0.0,0.0,0.3333333432674408,0.0,0.0,0.0,0.0,0.0,0.0,,,,,,,
-0.0015851283678784966,mappo,2.6925752649731294e-07,0.27055612206459045,0.0008418472824274759,527.0,,,,,,,,,,,,,,0.0,,,,,0.015118368901312351,0.006666666828095913
,mappo,,,,527.0,0.0,0.0,0.3333333432674408,0.0,0.0,0.0,0.3333333432674408,0.0,0.0,0.0,0.0,0.0,0.0,,,,,,,
-0.008550492115318775,mappo,2.6539925102042616e-07,0.2711738646030426,0.0008415471823941314,528.0,,,,,,,,,,,,,,0.0,,,,,0.015189377591013908,0.006666666828095913
,mappo,,,,528.0,0.0,0.0,0.3333333432674408,0.0,0.0,0.0,0.3333333432674408,0.0,0.0,0.0,0.0,0.0,0.0,,,,,,,
-0.011710704304277897,mappo,1.6429523839178728e-06,0.2555214464664459,0.000841247082360787,529.0,,,,,,,,,,,,,,0.0,,,,,0.015273099765181541,0.006666666828095913
,mappo,,,,529.0,0.0,0.0,0.3333333432674408,0.0,0.0,0.0,0.3333333432674408,0.0,0.0,0.0,0.0,0.0,0.0,,,,,,,
-0.0007665249286219478,mappo,4.4427378043110366e-07,0.250078946352005,0.0008409469823274424,530.0,,,,,,,,,,,,,,0.0,,,,,0.015123944729566574,0.006666666828095913
,mappo,,,,530.0,0.0,0.0,0.3333333432674408,0.0,0.0,0.0,0.3333333432674408,0.0,0.0,0.0,0.0,0.0,0.0,,,,,,,
-0.008297291584312916,mappo,6.681920581286249e-07,0.25989577174186707,0.000840646882294098,531.0,,,,,,,,,,,,,,0.0,,,,,0.01512007787823677,0.006666666828095913
,mappo,,,,531.0,0.0,0.0,0.3333333432674408,0.0,0.0,0.0,0.3333333432674408,0.0,0.0,0.0,0.0,0.0,0.0,,,,,,,
-0.007207127287983894,mappo,1.0111831443282426e-06,0.27376726269721985,0.0008403467822607536,532.0,,,,,,,,,,,,,,0.0,,,,,0.015042167156934738,0.006666666828095913
,mappo,,,,532.0,0.0,0.0,0.3333333432674408,0.0,0.0,0.0,0.3333333432674408,0.0,0.0,0.0,0.0,0.0,0.0,,,,,,,
0.009897083044052124,mappo,1.894209589181628e-07,0.27297842502593994,0.0008400466822274092,533.0,,,,,,,,,,,,,,0.0,,,,,0.015155542641878128,0.006666666828095913
,mappo,,,,533.0,0.0,0.0,0.3333333432674408,0.0,0.0,0.0,0.3333333432674408,0.0,0.0,0.0,0.0,0.0,0.0,,,,,,,
-0.008750442415475845,mappo,3.468299496489635e-07,0.2759341299533844,0.0008397465821940647,534.0,,,,,,,,,,,,,,0.0,,,,,0.015176687389612198,0.006666666828095913
,mappo,,,,534.0,0.0,0.0,0.3333333432674408,0.0,0.0,0.0,0.3333333432674408,0.0,0.0,0.0,0.0,0.0,0.0,,,,,,,
-0.0002881178224924952,mappo,2.751428382907761e-07,0.26574987173080444,0.0008394464821607203,535.0,,,,,,,,,,,,,,0.0,,,,,0.015093248337507248,0.006666666828095913
,mappo,,,,535.0,0.0,0.0,0.3333333432674408,0.0,0.0,0.0,0.3333333432674408,0.0,0.0,0.0,0.0,0.0,0.0,,,,,,,
0.0017846479313448071,mappo,1.882871458747104e-07,0.26880550384521484,0.0008391463821273758,536.0,,,,,,,,,,,,,,0.0,,,,,0.015116328373551369,0.006666666828095913
,mappo,,,,536.0,0.0,0.0,0.3333333432674408,0.0,0.0,0.0,0.3333333432674408,0.0,0.0,0.0,0.0,0.0,0.0,,,,,,,
-0.0050340015441179276,mappo,1.8318547745366232e-07,0.2771354019641876,0.0008388462820940314,537.0,,,,,,,,,,,,,,0.0,,,,,0.015042131766676903,0.006666666828095913
,mappo,,,,537.0,0.0,0.0,0.3333333432674408,0.0,0.0,0.0,0.3333333432674408,0.0,0.0,0.0,0.0,0.0,0.0,,,,,,,
0.01340506598353386,mappo,1.5618520592397545e-06,0.2835409939289093,0.000838546182060687,538.0,,,,,,,,,,,,,,0.0,,,,,0.014944549649953842,0.006666666828095913
,mappo,,,,538.0,0.0,0.0,0.3333333432674408,0.0,0.0,0.0,0.3333333432674408,0.0,0.0,0.0,0.0,0.0,0.0,,,,,,,
-0.007814954966306686,mappo,1.7155601881313487e-06,0.2917647361755371,0.0008382460820273424,539.0,,,,,,,,,,,,,,0.0,,,,,0.015118992887437344,0.006666666828095913
,mappo,,,,539.0,0.0,0.0,0.3333333432674408,0.0,0.0,0.0,0.3333333432674408,0.0,0.0,0.0,0.0,0.0,0.0,,,,,,,
-0.001497959834523499,mappo,1.0463573971719597e-06,0.27769652009010315,0.000837945981993998,540.0,,,,,,,,,,,,,,0.0,,,,,0.01518518291413784,0.006666666828095913
,mappo,,,,540.0,0.0,0.0,0.3333333432674408,0.0,0.0,0.0,0.3333333432674408,0.0,0.0,0.0,0.0,0.0,0.0,,,,,,,
-0.0035353705752640963,mappo,3.053153818655119e-07,0.26695379614830017,0.0008376458819606535,541.0,,,,,,,,,,,,,,0.0,,,,,0.015075979754328728,0.006666666828095913
,mappo,,,,541.0,0.0,0.0,0.3333333432674408,0.0,0.0,0.0,0.3333333432674408,0.0,0.0,0.0,0.0,0.0,0.0,,,,,,,
-0.005732840858399868,mappo,8.106107998173684e-07,0.2629317045211792,0.0008373457819273091,542.0,,,,,,,,,,,,,,0.0,,,,,0.015095774084329605,0.006666666828095913
,mappo,,,,542.0,0.0,0.0,0.3333333432674408,0.0,0.0,0.0,0.3333333432674408,0.0,0.0,0.0,0.0,0.0,0.0,,,,,,,
0.0006316606304608285,mappo,5.451435072245658e-07,0.2620267868041992,0.0008370456818939647,543.0,,,,,,,,,,,,,,0.0,,,,,0.015072495676577091,0.006666666828095913
,mappo,,,,543.0,0.0,0.0,0.3333333432674408,0.0,0.0,0.0,0.3333333432674408,0.0,0.0,0.0,0.0,0.0,0.0,,,,,,,
-0.011894641444087029,mappo,4.86603994431789e-07,0.26829761266708374,0.0008367455818606203,544.0,,,,,,,,,,,,,,0.0,,,,,0.015012267976999283,0.006666666828095913
,mappo,,,,544.0,0.0,0.0,0.3333333432674408,0.0,0.0,0.0,0.3333333432674408,0.0,0.0,0.0,0.0,0.0,0.0,,,,,,,
-0.012426040135324001,mappo,6.041822189217783e-07,0.2732057273387909,0.0008364454818272758,545.0,,,,,,,,,,,,,,0.0,,,,,0.015116533264517784,0.006666666828095913
,mappo,,,,545.0,0.0,0.0,0.3333333432674408,0.0,0.0,0.0,0.3333333432674408,0.0,0.0,0.0,0.0,0.0,0.0,,,,,,,
-0.005012783221900463,mappo,3.3128938525806007e-07,0.2771494388580322,0.0008361453817939314,546.0,,,,,,,,,,,,,,0.0,,,,,0.015164345502853394,0.006666666828095913
,mappo,,,,546.0,0.0,0.0,0.3333333432674408,0.0,0.0,0.0,0.3333333432674408,0.0,0.0,0.0,0.0,0.0,0.0,,,,,,,
0.0019115860341116786,mappo,2.2620496054059913e-07,0.2675745189189911,0.0008358452817605869,547.0,,,,,,,,,,,,,,0.0,,,,,0.015139364637434483,0.006666666828095913
,mappo,,,,547.0,0.0,0.0,0.3333333432674408,0.0,0.0,0.0,0.3333333432674408,0.0,0.0,0.0,0.0,0.0,0.0,,,,,,,
-0.0033100538421422243,mappo,1.4936124159703468e-07,0.2776915431022644,0.0008355451817272424,548.0,,,,,,,,,,,,,,0.0,,,,,0.015150006860494614,0.006666666828095913
,mappo,,,,548.0,0.0,0.0,0.3333333432674408,0.0,0.0,0.0,0.3333333432674408,0.0,0.0,0.0,0.0,0.0,0.0,,,,,,,
-0.007624136749655008,mappo,3.0790289429205586e-07,0.2826573848724365,0.000835245081693898,549.0,,,,,,,,,,,,,,0.0,,,,,0.015166550874710083,0.006666666828095913
,mappo,,,,549.0,0.0,0.0,0.3333333432674408,0.0,0.0,0.0,0.3333333432674408,0.0,0.0,0.0,0.0,0.0,0.0,,,,,,,
-0.0029773632995784283,mappo,1.098192043968993e-07,0.2927592098712921,0.0008349449816605535,550.0,,,,,,,,,,,,,,0.0,,,,,0.015233196318149567,0.006666666828095913
,mappo,,,,550.0,0.0,0.0,0.3333333432674408,0.0,0.0,0.0,0.3333333432674408,0.0,0.0,0.0,0.0,0.0,0.0,,,,,,,
-0.007757831830531359,mappo,9.572811165980966e-08,0.28710564970970154,0.0008346448816272091,551.0,,,,,,,,,,,,,,0.0,,,,,0.01513590943068266,0.006666666828095913
,mappo,,,,551.0,0.0,0.0,0.3333333432674408,0.0,0.0,0.0,0.3333333432674408,0.0,0.0,0.0,0.0,0.0,0.0,,,,,,,
-0.0034959400072693825,mappo,9.377288847645104e-07,0.288840115070343,0.0008343447815938646,552.0,,,,,,,,,,,,,,0.0,,,,,0.015215047635138035,0.006666666828095913
,mappo,,,,552.0,0.0,0.0,0.3333333432674408,0.0,0.0,0.0,0.3333333432674408,0.0,0.0,0.0,0.0,0.0,0.0,,,,,,,
-0.002203628420829773,mappo,3.0454359034592926e-07,0.27561143040657043,0.0008340446815605202,553.0,,,,,,,,,,,,,,0.0,,,,,0.015114719979465008,0.006666666828095913
,mappo,,,,553.0,0.0,0.0,0.3333333432674408,0.0,0.0,0.0,0.3333333432674408,0.0,0.0,0.0,0.0,0.0,0.0,,,,,,,
-0.007075929082930088,mappo,1.1616244819379062e-06,0.26005035638809204,0.0008337445815271758,554.0,,,,,,,,,,,,,,0.0,,,,,0.015118679963052273,0.006666666828095913
,mappo,,,,554.0,0.0,0.0,0.3333333432674408,0.0,0.0,0.0,0.3333333432674408,0.0,0.0,0.0,0.0,0.0,0.0,,,,,,,
-0.009832855314016342,mappo,1.8110064559095918e-07,0.2273668348789215,0.0008334444814938313,555.0,,,,,,,,,,,,,,0.0,,,,,0.01504863053560257,0.006666666828095913
,mappo,,,,555.0,0.0,0.0,0.3333333432674408,0.0,0.0,0.0,0.3333333432674408,0.0,0.0,0.0,0.0,0.0,0.0,,,,,,,
0.002623584121465683,mappo,8.493381074003992e-07,0.20107750594615936,0.0008331443814604869,556.0,,,,,,,,,,,,,,0.0,,,,,0.015062417834997177,0.006666666828095913
,mappo,,,,556.0,0.0,0.0,0.3333333432674408,0.0,0.0,0.0,0.3333333432674408,0.0,0.0,0.0,0.0,0.0,0.0,,,,,,,
-0.000220454327063635,mappo,1.3270916099372698e-07,0.18058669567108154,0.0008328442814271425,557.0,,,,,,,,,,,,,,0.0,,,,,0.015102285891771317,0.006666666828095913
,mappo,,,,557.0,0.0,0.0,0.3333333432674408,0.0,0.0,0.0,0.3333333432674408,0.0,0.0,0.0,0.0,0.0,0.0,,,,,,,
-0.006324125453829765,mappo,8.244497280429641e-07,0.17648190259933472,0.0008325441813937979,558.0,,,,,,,,,,,,,,0.0,,,,,0.0151046272367239,0.006666666828095913
,mappo,,,,558.0,0.0,0.0,0.3333333432674408,0.0,0.0,0.0,0.3333333432674408,0.0,0.0,0.0,0.0,0.0,0.0,,,,,,,
-0.010045647621154785,mappo,1.0453810972421707e-07,0.188288152217865,0.0008322440813604535,559.0,,,,,,,,,,,,,,0.0,,,,,0.015060926787555218,0.006666666828095913
,mappo,,,,559.0,0.0,0.0,0.3333333432674408,0.0,0.0,0.0,0.3333333432674408,0.0,0.0,0.0,0.0,0.0,0.0,,,,,,,
-0.0026266719214618206,mappo,2.9116620225977385e-07,0.20307959616184235,0.0008319439813271091,560.0,,,,,,,,,,,,,,0.0,,,,,0.015050992369651794,0.006666666828095913
,mappo,,,,560.0,0.0,0.0,0.3333333432674408,0.0,0.0,0.0,0.3333333432674408,0.0,0.0,0.0,0.0,0.0,0.0,,,,,,,
-0.002187796402722597,mappo,1.507658851096494e-07,0.22821225225925446,0.0008316438812937646,561.0,,,,,,,,,,,,,,0.0,,,,,0.015029661357402802,0.006666666828095913
,mappo,,,,561.0,0.0,0.0,0.3333333432674408,0.0,0.0,0.0,0.3333333432674408,0.0,0.0,0.0,0.0,0.0,0.0,,,,,,,
-0.004952003248035908,mappo,1.7781412964268384e-07,0.22638440132141113,0.0008313437812604202,562.0,,,,,,,,,,,,,,0.0,,,,,0.015018198639154434,0.006666666828095913
,mappo,,,,562.0,0.0,0.0,0.3333333432674408,0.0,0.0,0.0,0.3333333432674408,0.0,0.0,0.0,0.0,0.0,0.0,,,,,,,
-0.009371427819132805,mappo,1.7888682180000615e-07,0.2392512708902359,0.0008310436812270757,563.0,,,,,,,,,,,,,,0.0,,,,,0.015122991986572742,0.006666666828095913
,mappo,,,,563.0,0.0,0.0,0.3333333432674408,0.0,0.0,0.0,0.3333333432674408,0.0,0.0,0.0,0.0,0.0,0.0,,,,,,,
0.007344864308834076,mappo,1.8949739910567587e-07,0.23012913763523102,0.0008307435811937313,564.0,,,,,,,,,,,,,,0.0,,,,,0.015063963830471039,0.006666666828095913
,mappo,,,,564.0,0.0,0.0,0.3333333432674408,0.0,0.0,0.0,0.3333333432674408,0.0,0.0,0.0,0.0,0.0,0.0,,,,,,,
-0.005760240368545055,mappo,1.2715415209640923e-07,0.24219563603401184,0.0008304434811603869,565.0,,,,,,,,,,,,,,0.0,,,,,0.015058988705277443,0.006666666828095913
,mappo,,,,565.0,0.0,0.0,0.3333333432674408,0.0,0.0,0.0,0.3333333432674408,0.0,0.0,0.0,0.0,0.0,0.0,,,,,,,
-0.0026812320575118065,mappo,1.8041995986095571e-07,0.2613734304904938,0.0008301433811270423,566.0,,,,,,,,,,,,,,0.0,,,,,0.015109065920114517,0.006666666828095913
,mappo,,,,566.0,0.0,0.0,0.3333333432674408,0.0,0.0,0.0,0.3333333432674408,0.0,0.0,0.0,0.0,0.0,0.0,,,,,,,
0.0013723550364375114,mappo,2.753298531388282e-07,0.2611920237541199,0.0008298432810936979,567.0,,,,,,,,,,,,,,0.0,,,,,0.015108101069927216,0.006666666828095913
,mappo,,,,567.0,0.0,0.0,0.3333333432674408,0.0,0.0,0.0,0.3333333432674408,0.0,0.0,0.0,0.0,0.0,0.0,,,,,,,
-0.003133437829092145,mappo,3.269406079198234e-07,0.26266685128211975,0.0008295431810603534,568.0,,,,,,,,,,,,,,0.0,,,,,0.015232047997415066,0.006666666828095913
,mappo,,,,568.0,0.0,0.0,0.3333333432674408,0.0,0.0,0.0,0.3333333432674408,0.0,0.0,0.0,0.0,0.0,0.0,,,,,,,
-0.008461168967187405,mappo,2.396996308107191e-07,0.254177451133728,0.000829243081027009,569.0,,,,,,,,,,,,,,0.0,,,,,0.015279937535524368,0.006666666828095913
,mappo,,,,569.0,0.0,0.0,0.3333333432674408,0.0,0.0,0.0,0.3333333432674408,0.0,0.0,0.0,0.0,0.0,0.0,,,,,,,
-0.012185433879494667,mappo,1.7855525413779105e-07,0.26837703585624695,0.0008289429809936646,570.0,,,,,,,,,,,,,,0.0,,,,,0.015215238556265831,0.006666666828095913
,mappo,,,,570.0,0.0,0.0,0.3333333432674408,0.0,0.0,0.0,0.3333333432674408,0.0,0.0,0.0,0.0,0.0,0.0,,,,,,,
-0.001305015874095261,mappo,5.347415026335511e-07,0.2819616198539734,0.0008286428809603202,571.0,,,,,,,,,,,,,,0.0,,,,,0.01512120570987463,0.006666666828095913
,mappo,,,,571.0,0.0,0.0,0.3333333432674408,0.0,0.0,0.0,0.3333333432674408,0.0,0.0,0.0,0.0,0.0,0.0,,,,,,,
-0.0005340622738003731,mappo,4.0544651369600615e-07,0.2736552357673645,0.0008283427809269757,572.0,,,,,,,,,,,,,,0.0,,,,,0.015107729472219944,0.006666666828095913
,mappo,,,,572.0,0.0,0.0,0.3333333432674408,0.0,0.0,0.0,0.3333333432674408,0.0,0.0,0.0,0.0,0.0,0.0,,,,,,,
-0.004051766823977232,mappo,2.895246211664926e-07,0.2683359980583191,0.0008280426808936313,573.0,,,,,,,,,,,,,,0.0,,,,,0.015130524523556232,0.006666666828095913
,mappo,,,,573.0,0.0,0.0,0.3333333432674408,0.0,0.0,0.0,0.3333333432674408,0.0,0.0,0.0,0.0,0.0,0.0,,,,,,,
-0.003976799082010984,mappo,3.7192717172729317e-07,0.25709906220436096,0.0008277425808602868,574.0,,,,,,,,,,,,,,0.0,,,,,0.015069889836013317,0.006666666828095913
,mappo,,,,574.0,0.0,0.0,0.3333333432674408,0.0,0.0,0.0,0.3333333432674408,0.0,0.0,0.0,0.0,0.0,0.0,,,,,,,
-0.0028474731370806694,mappo,2.6527379759500036e-07,0.24426551163196564,0.0008274424808269423,575.0,,,,,,,,,,,,,,0.0,,,,,0.015124780125916004,0.006666666828095913
,mappo,,,,575.0,0.0,0.0,0.3333333432674408,0.0,0.0,0.0,0.3333333432674408,0.0,0.0,0.0,0.0,0.0,0.0,,,,,,,
-0.006971320137381554,mappo,3.527048022533563e-07,0.24385283887386322,0.0008271423807935979,576.0,,,,,,,,,,,,,,0.0,,,,,0.015121920965611935,0.006666666828095913
,mappo,,,,576.0,0.0,0.0,0.3333333432674408,0.0,0.0,0.0,0.3333333432674408,0.0,0.0,0.0,0.0,0.0,0.0,,,,,,,
-0.0004246740718372166,mappo,2.4299643541780824e-07,0.25939586758613586,0.0008268422807602534,577.0,,,,,,,,,,,,,,0.0,,,,,0.015185622498393059,0.006666666828095913
,mappo,,,,577.0,0.0,0.0,0.3333333432674408,0.0,0.0,0.0,0.3333333432674408,0.0,0.0,0.0,0.0,0.0,0.0,,,,,,,
-0.007307243999093771,mappo,1.9506298087890173e-07,0.2760868966579437,0.000826542180726909,578.0,,,,,,,,,,,,,,0.0,,,,,0.015107555314898491,0.006666666828095913
,mappo,,,,578.0,0.0,0.0,0.3333333432674408,0.0,0.0,0.0,0.3333333432674408,0.0,0.0,0.0,0.0,0.0,0.0,,,,,,,
-0.01605851948261261,mappo,1.9690669716965203e-07,0.290461927652359,0.0008262420806935645,579.0,,,,,,,,,,,,,,0.0,,,,,0.015205614268779755,0.006666666828095913
,mappo,,,,579.0,0.0,0.0,0.3333333432674408,0.0,0.0,0.0,0.3333333432674408,0.0,0.0,0.0,0.0,0.0,0.0,,,,,,,
-0.005264497362077236,mappo,4.3069130128969846e-07,0.3009694814682007,0.0008259419806602201,580.0,,,,,,,,,,,,,,0.0,,,,,0.015109818428754807,0.006666666828095913
,mappo,,,,580.0,0.0,0.0,0.3333333432674408,0.0,0.0,0.0,0.3333333432674408,0.0,0.0,0.0,0.0,0.0,0.0,,,,,,,
-0.0025071643758565187,mappo,1.7310898670075403e-07,0.3173207640647888,0.0008256418806268757,581.0,,,,,,,,,,,,,,0.0,,,,,0.015053370967507362,0.006666666828095913
,mappo,,,,581.0,0.0,0.0,0.3333333432674408,0.0,0.0,0.0,0.3333333432674408,0.0,0.0,0.0,0.0,0.0,0.0,,,,,,,
-0.006628523115068674,mappo,2.145470290315643e-07,0.3245929479598999,0.0008253417805935312,582.0,,,,,,,,,,,,,,0.0,,,,,0.015169218182563782,0.006666666828095913
,mappo,,,,582.0,0.0,0.0,0.3333333432674408,0.0,0.0,0.0,0.3333333432674408,0.0,0.0,0.0,0.0,0.0,0.0,,,,,,,
-0.0004535284824669361,mappo,2.2233152208173124e-07,0.32033252716064453,0.0008250416805601868,583.0,,,,,,,,,,,,,,0.0,,,,,0.015059510245919228,0.006666666828095913
,mappo,,,,583.0,0.0,0.0,0.3333333432674408,0.0,0.0,0.0,0.3333333432674408,0.0,0.0,0.0,0.0,0.0,0.0,,,,,,,
-0.002021034946665168,mappo,2.1034411190612445e-07,0.30976027250289917,0.0008247415805268422,584.0,,,,,,,,,,,,,,0.0,,,,,0.015058662742376328,0.006666666828095913
,mappo,,,,584.0,0.0,0.0,0.3333333432674408,0.0,0.0,0.0,0.3333333432674408,0.0,0.0,0.0,0.0,0.0,0.0,,,,,,,
-0.0028980213683098555,mappo,1.9267918105470017e-07,0.3295880854129791,0.0008244414804934978,585.0,,,,,,,,,,,,,,0.0,,,,,0.014997012913227081,0.006666666828095913
,mappo,,,,585.0,0.0,0.0,0.3333333432674408,0.0,0.0,0.0,0.3333333432674408,0.0,0.0,0.0,0.0,0.0,0.0,,,,,,,
-0.002741205273196101,mappo,9.598023780199583e-07,0.3286241292953491,0.0008241413804601534,586.0,,,,,,,,,,,,,,0.0,,,,,0.015162304975092411,0.006666666828095913
,mappo,,,,586.0,0.0,0.0,0.3333333432674408,0.0,0.0,0.0,0.3333333432674408,0.0,0.0,0.0,0.0,0.0,0.0,,,,,,,
-0.007778662722557783,mappo,4.0239578424916544e-07,0.3303031325340271,0.000823841280426809,587.0,,,,,,,,,,,,,,0.0,,,,,0.015221737325191498,0.006666666828095913
,mappo,,,,587.0,0.0,0.0,0.3333333432674408,0.0,0.0,0.0,0.3333333432674408,0.0,0.0,0.0,0.0,0.0,0.0,,,,,,,
-0.005452289711683989,mappo,4.3237253066763515e-07,0.32647183537483215,0.0008235411803934645,588.0,,,,,,,,,,,,,,0.0,,,,,0.015033716335892677,0.006666666828095913
,mappo,,,,588.0,0.0,0.0,0.3333333432674408,0.0,0.0,0.0,0.3333333432674408,0.0,0.0,0.0,0.0,0.0,0.0,,,,,,,
-0.0031166784465312958,mappo,1.8724536232639366e-07,0.31740862131118774,0.0008232410803601201,589.0,,,,,,,,,,,,,,0.0,,,,,0.015025259926915169,0.006666666828095913
,mappo,,,,589.0,0.0,0.0,0.3333333432674408,0.0,0.0,0.0,0.3333333432674408,0.0,0.0,0.0,0.0,0.0,0.0,,,,,,,
-0.0004010937991552055,mappo,3.811745159509883e-07,0.31678515672683716,0.0008229409803267756,590.0,,,,,,,,,,,,,,0.0,,,,,0.015087670646607876,0.006666666828095913
,mappo,,,,590.0,0.0,0.0,0.3333333432674408,0.0,0.0,0.0,0.3333333432674408,0.0,0.0,0.0,0.0,0.0,0.0,,,,,,,
-0.013965204358100891,mappo,2.535941518999607e-07,0.2975022494792938,0.0008226408802934312,591.0,,,,,,,,,,,,,,0.0,,,,,0.015005648136138916,0.006666666828095913
,mappo,,,,591.0,0.0,0.0,0.3333333432674408,0.0,0.0,0.0,0.3333333432674408,0.0,0.0,0.0,0.0,0.0,0.0,,,,,,,
-0.013389777392148972,mappo,1.5615300696936174e-07,0.2758778929710388,0.0008223407802600868,592.0,,,,,,,,,,,,,,0.0,,,,,0.015084302052855492,0.006666666828095913
,mappo,,,,592.0,0.0,0.0,0.3333333432674408,0.0,0.0,0.0,0.3333333432674408,0.0,0.0,0.0,0.0,0.0,0.0,,,,,,,
-0.0031798812560737133,mappo,1.8857330985611043e-07,0.2439005970954895,0.0008220406802267422,593.0,,,,,,,,,,,,,,0.0,,,,,0.01519625075161457,0.006666666828095913
,mappo,,,,593.0,0.0,0.0,0.3333333432674408,0.0,0.0,0.0,0.3333333432674408,0.0,0.0,0.0,0.0,0.0,0.0,,,,,,,
-0.00488221226260066,mappo,3.3984090919148e-07,0.21576356887817383,0.0008217405801933978,594.0,,,,,,,,,,,,,,0.0,,,,,0.015148836188018322,0.006666666828095913
,mappo,,,,594.0,0.0,0.0,0.3333333432674408,0.0,0.0,0.0,0.3333333432674408,0.0,0.0,0.0,0.0,0.0,0.0,,,,,,,
0.00019967406115029007,mappo,2.8813826702389633e-07,0.20291370153427124,0.0008214404801600533,595.0,,,,,,,,,,,,,,0.0,,,,,0.015041027218103409,0.006666666828095913
,mappo,,,,595.0,0.0,0.0,0.3333333432674408,0.0,0.0,0.0,0.3333333432674408,0.0,0.0,0.0,0.0,0.0,0.0,,,,,,,
-0.003483156906440854,mappo,0.0004890825948677957,0.14223948121070862,0.0008211403801267089,596.0,,,,,,,,,,,,,,0.0,,,,,0.014190217480063438,0.0
,mappo,,,,596.0,0.0,0.0,0.0,0.0,0.0,0.0,0.0,0.0,0.0,0.0,0.0,0.0,0.0,,,,,,,
-0.006834628526121378,mappo,0.00020606975886039436,0.16836611926555634,0.0008208402800933645,597.0,,,,,,,,,,,,,,0.0,,,,,0.015093285590410233,0.006666666828095913
,mappo,,,,597.0,0.0,0.0,0.3333333432674408,0.0,0.0,0.0,0.3333333432674408,0.0,0.0,0.0,0.0,0.0,0.0,,,,,,,
-0.004400616977363825,mappo,4.353610711405054e-05,0.13767662644386292,0.0008205401800600201,598.0,,,,,,,,,,,,,,0.0,,,,,0.015177355147898197,0.006666666828095913
,mappo,,,,598.0,0.0,0.0,0.3333333432674408,0.0,0.0,0.0,0.3333333432674408,0.0,0.0,0.0,0.0,0.0,0.0,,,,,,,
-0.0044686440378427505,mappo,5.7592671510064974e-05,0.12372571229934692,0.0008202400800266756,599.0,,,,,,,,,,,,,,0.0,,,,,0.015146472491323948,0.006666666828095913
,mappo,,,,599.0,0.0,0.0,0.3333333432674408,0.0,0.0,0.0,0.3333333432674408,0.0,0.0,0.0,0.0,0.0,0.0,,,,,,,
,mappo,,,,599.0,,,,,,,,,,,,,,,0.0,0.0,0.3333333432674408,0.0,,
-0.006216352805495262,mappo,7.386647212115349e-06,0.11612395942211151,0.0008199399799933312,600.0,,,,,,,,,,,,,,0.0,,,,,0.015073997899889946,0.006666666828095913
,mappo,,,,600.0,0.0,0.0,0.3333333432674408,0.0,0.0,0.0,0.3333333432674408,0.0,0.0,0.0,0.0,0.0,0.0,,,,,,,
0.00872926414012909,mappo,3.090631798841059e-05,0.10314678400754929,0.0008196398799599866,601.0,,,,,,,,,,,,,,0.0,,,,,0.01515751052647829,0.006666666828095913
,mappo,,,,601.0,0.0,0.0,0.3333333432674408,0.0,0.0,0.0,0.3333333432674408,0.0,0.0,0.0,0.0,0.0,0.0,,,,,,,
-0.00819271057844162,mappo,1.2296051863813773e-05,0.10358954966068268,0.0008193397799266422,602.0,,,,,,,,,,,,,,0.0,,,,,0.015059136785566807,0.006666666828095913
,mappo,,,,602.0,0.0,0.0,0.3333333432674408,0.0,0.0,0.0,0.3333333432674408,0.0,0.0,0.0,0.0,0.0,0.0,,,,,,,
-0.004821815527975559,mappo,9.3432945504901e-06,0.09082948416471481,0.0008190396798932978,603.0,,,,,,,,,,,,,,0.0,,,,,0.015082716941833496,0.006666666828095913
,mappo,,,,603.0,0.0,0.0,0.3333333432674408,0.0,0.0,0.0,0.3333333432674408,0.0,0.0,0.0,0.0,0.0,0.0,,,,,,,
-0.003225492313504219,mappo,0.00040469420491717756,0.047072429209947586,0.0008187395798599533,604.0,,,,,,,,,,,,,,0.0,,,,,0.014149390161037445,0.0
,mappo,,,,604.0,0.0,0.0,0.0,0.0,0.0,0.0,0.0,0.0,0.0,0.0,0.0,0.0,0.0,,,,,,,
-0.004851621109992266,mappo,0.000138870018417947,0.08889493346214294,0.0008184394798266089,605.0,,,,,,,,,,,,,,0.0,,,,,0.014972411096096039,0.006666666828095913
,mappo,,,,605.0,0.0,0.0,0.3333333432674408,0.0,0.0,0.0,0.3333333432674408,0.0,0.0,0.0,0.0,0.0,0.0,,,,,,,
0.0019770245999097824,mappo,0.000374084513168782,0.03007018379867077,0.0008181393797932644,606.0,,,,,,,,,,,,,,0.0,,,,,0.014145886525511742,0.0
,mappo,,,,606.0,0.0,0.0,0.0,0.0,0.0,0.0,0.0,0.0,0.0,0.0,0.0,0.0,0.0,,,,,,,
-0.008143708109855652,mappo,7.680109411012381e-05,0.009429583325982094,0.00081783927975992,607.0,,,,,,,,,,,,,,0.0,,,,,0.014161933213472366,0.0
,mappo,,,,607.0,0.0,0.0,0.0,0.0,0.0,0.0,0.0,0.0,0.0,0.0,0.0,0.0,0.0,,,,,,,
-0.0034930722322314978,mappo,0.00016410469834227115,-0.019776303321123123,0.0008175391797265756,608.0,,,,,,,,,,,,,,0.0,,,,,0.014115015044808388,0.0
,mappo,,,,608.0,0.0,0.0,0.0,0.0,0.0,0.0,0.0,0.0,0.0,0.0,0.0,0.0,0.0,,,,,,,
-0.007412994746118784,mappo,1.5503981558140367e-05,-0.030361561104655266,0.0008172390796932312,609.0,,,,,,,,,,,,,,0.0,,,,,0.014157071709632874,0.0
,mappo,,,,609.0,0.0,0.0,0.0,0.0,0.0,0.0,0.0,0.0,0.0,0.0,0.0,0.0,0.0,,,,,,,
-0.0035543025005608797,mappo,3.8761871110182256e-05,-0.029671618714928627,0.0008169389796598867,610.0,,,,,,,,,,,,,,0.0,,,,,0.014159328304231167,0.0
,mappo,,,,610.0,0.0,0.0,0.0,0.0,0.0,0.0,0.0,0.0,0.0,0.0,0.0,0.0,0.0,,,,,,,
-0.005664507858455181,mappo,4.411920599523e-06,-0.018992425873875618,0.0008166388796265422,611.0,,,,,,,,,,,,,,0.0,,,,,0.014172382652759552,0.0
,mappo,,,,611.0,0.0,0.0,0.0,0.0,0.0,0.0,0.0,0.0,0.0,0.0,0.0,0.0,0.0,,,,,,,
-0.0016380570596083999,mappo,0.00014645956980530173,0.03126170486211777,0.0008163387795931977,612.0,,,,,,,,,,,,,,0.0,,,,,0.0150527972728014,0.006666666828095913
,mappo,,,,612.0,0.0,0.0,0.3333333432674408,0.0,0.0,0.0,0.3333333432674408,0.0,0.0,0.0,0.0,0.0,0.0,,,,,,,
0.001652728533372283,mappo,8.421037637162954e-05,-0.00018094539700541645,0.0008160386795598533,613.0,,,,,,,,,,,,,,0.0,,,,,0.014132004231214523,0.0
,mappo,,,,613.0,0.0,0.0,0.0,0.0,0.0,0.0,0.0,0.0,0.0,0.0,0.0,0.0,0.0,,,,,,,
0.0012055969564244151,mappo,0.0004343621840234846,-0.025311918929219246,0.0008157385795265089,614.0,,,,,,,,,,,,,,0.0,,,,,0.014187367632985115,0.0
,mappo,,,,614.0,0.0,0.0,0.0,0.0,0.0,0.0,0.0,0.0,0.0,0.0,0.0,0.0,0.0,,,,,,,
0.02826954983174801,mappo,3.4164972021244466e-05,-0.019592594355344772,0.0008154384794931644,615.0,,,,,,,,,,,,,,0.0,,,,,0.014190759509801865,0.0
,mappo,,,,615.0,0.0,0.0,0.0,0.0,0.0,0.0,0.0,0.0,0.0,0.0,0.0,0.0,0.0,,,,,,,
0.010461394675076008,mappo,0.00018139887833967805,-0.03555561602115631,0.00081513837945982,616.0,,,,,,,,,,,,,,0.0,,,,,0.014164014719426632,0.0
,mappo,,,,616.0,0.0,0.0,0.0,0.0,0.0,0.0,0.0,0.0,0.0,0.0,0.0,0.0,0.0,,,,,,,
0.028525395318865776,mappo,3.3604846976231784e-05,-0.019690953195095062,0.0008148382794264755,617.0,,,,,,,,,,,,,,0.0,,,,,0.014192484319210052,0.0
,mappo,,,,617.0,0.0,0.0,0.0,0.0,0.0,0.0,0.0,0.0,0.0,0.0,0.0,0.0,0.0,,,,,,,
-0.004204363562166691,mappo,0.0005790248396806419,0.02324250340461731,0.0008145381793931311,618.0,,,,,,,,,,,,,,0.0,,,,,0.01508141215890646,0.006666666828095913
,mappo,,,,618.0,0.0,0.0,0.3333333432674408,0.0,0.0,0.0,0.3333333432674408,0.0,0.0,0.0,0.0,0.0,0.0,,,,,,,
-0.0002504253061488271,mappo,0.000572293414734304,0.0067678093910217285,0.0008142380793597867,619.0,,,,,,,,,,,,,,0.0,,,,,0.01503182016313076,0.006666666828095913
,mappo,,,,619.0,0.0,0.0,0.3333333432674408,0.0,0.0,0.0,0.3333333432674408,0.0,0.0,0.0,0.0,0.0,0.0,,,,,,,
-0.008905493654310703,mappo,0.00012501623132266104,-0.003816028358414769,0.0008139379793264422,620.0,,,,,,,,,,,,,,0.0,,,,,0.015016209334135056,0.006666666828095913
,mappo,,,,620.0,0.0,0.0,0.3333333432674408,0.0,0.0,0.0,0.3333333432674408,0.0,0.0,0.0,0.0,0.0,0.0,,,,,,,
-0.009506253525614738,mappo,0.00031124529778026044,-0.05530496686697006,0.0008136378792930977,621.0,,,,,,,,,,,,,,0.0,,,,,0.014146609231829643,0.0
,mappo,,,,621.0,0.0,0.0,0.0,0.0,0.0,0.0,0.0,0.0,0.0,0.0,0.0,0.0,0.0,,,,,,,
0.007183515932410955,mappo,0.0001842255296651274,-0.0748407393693924,0.0008133377792597533,622.0,,,,,,,,,,,,,,0.0,,,,,0.014163849875330925,0.0
,mappo,,,,622.0,0.0,0.0,0.0,0.0,0.0,0.0,0.0,0.0,0.0,0.0,0.0,0.0,0.0,,,,,,,
-0.005721702706068754,mappo,0.00011344447557348758,-0.09312066435813904,0.0008130376792264088,623.0,,,,,,,,,,,,,,0.0,,,,,0.014168803580105305,0.0
,mappo,,,,623.0,0.0,0.0,0.0,0.0,0.0,0.0,0.0,0.0,0.0,0.0,0.0,0.0,0.0,,,,,,,
0.006676283199340105,mappo,0.00015959075244609267,-0.06247516721487045,0.0008127375791930644,624.0,,,,,,,,,,,,,,0.0,,,,,0.015099840238690376,0.006666666828095913
,mappo,,,,624.0,0.0,0.0,0.3333333432674408,0.0,0.0,0.0,0.3333333432674408,0.0,0.0,0.0,0.0,0.0,0.0,,,,,,,
0.023871412500739098,mappo,0.0001574684283696115,-0.05244271829724312,0.00081243747915972,625.0,,,,,,,,,,,,,,0.0,,,,,0.015125393867492676,0.006666666828095913
,mappo,,,,625.0,0.0,0.0,0.3333333432674408,0.0,0.0,0.0,0.3333333432674408,0.0,0.0,0.0,0.0,0.0,0.0,,,,,,,
-0.0008140784921124578,mappo,5.985678217257373e-05,-0.0709696039557457,0.0008121373791263755,626.0,,,,,,,,,,,,,,0.0,,,,,0.015055708587169647,0.006666666828095913
,mappo,,,,626.0,0.0,0.0,0.3333333432674408,0.0,0.0,0.0,0.3333333432674408,0.0,0.0,0.0,0.0,0.0,0.0,,,,,,,
-0.0027564079500734806,mappo,1.976854218810331e-05,-0.05594766139984131,0.0008118372790930311,627.0,,,,,,,,,,,,,,0.0,,,,,0.015155977569520473,0.006666666828095913
,mappo,,,,627.0,0.0,0.0,0.3333333432674408,0.0,0.0,0.0,0.3333333432674408,0.0,0.0,0.0,0.0,0.0,0.0,,,,,,,
0.006520003546029329,mappo,1.4948454918339849e-05,-0.06162425875663757,0.0008115371790596865,628.0,,,,,,,,,,,,,,0.0,,,,,0.015152204781770706,0.006666666828095913
,mappo,,,,628.0,0.0,0.0,0.3333333432674408,0.0,0.0,0.0,0.3333333432674408,0.0,0.0,0.0,0.0,0.0,0.0,,,,,,,
-0.005252267699688673,mappo,9.251435403712094e-05,-0.10130921006202698,0.0008112370790263421,629.0,,,,,,,,,,,,,,0.0,,,,,0.0141479866579175,0.0
,mappo,,,,629.0,0.0,0.0,0.0,0.0,0.0,0.0,0.0,0.0,0.0,0.0,0.0,0.0,0.0,,,,,,,
-0.00758099602535367,mappo,1.7750555343809538e-05,-0.03873052820563316,0.0008109369789929977,630.0,,,,,,,,,,,,,,0.0,,,,,0.015018017031252384,0.006666666828095913
,mappo,,,,630.0,0.0,0.0,0.3333333432674408,0.0,0.0,0.0,0.3333333432674408,0.0,0.0,0.0,0.0,0.0,0.0,,,,,,,
-0.002657620469108224,mappo,5.814480027765967e-05,-0.03852920979261398,0.0008106368789596532,631.0,,,,,,,,,,,,,,0.0,,,,,0.015154385939240456,0.006666666828095913
,mappo,,,,631.0,0.0,0.0,0.3333333432674408,0.0,0.0,0.0,0.3333333432674408,0.0,0.0,0.0,0.0,0.0,0.0,,,,,,,
0.014790339395403862,mappo,1.768132824508939e-05,-0.0448884516954422,0.0008103367789263088,632.0,,,,,,,,,,,,,,0.0,,,,,0.01510795671492815,0.006666666828095913
,mappo,,,,632.0,0.0,0.0,0.3333333432674408,0.0,0.0,0.0,0.3333333432674408,0.0,0.0,0.0,0.0,0.0,0.0,,,,,,,
-0.0025755681563168764,mappo,1.8146987713407725e-05,-0.06965556740760803,0.0008100366788929644,633.0,,,,,,,,,,,,,,0.0,,,,,0.015114368870854378,0.006666666828095913
,mappo,,,,633.0,0.0,0.0,0.3333333432674408,0.0,0.0,0.0,0.3333333432674408,0.0,0.0,0.0,0.0,0.0,0.0,,,,,,,
-0.0035547493025660515,mappo,5.651491392200114e-06,-0.08217056840658188,0.0008097365788596199,634.0,,,,,,,,,,,,,,0.0,,,,,0.015018170699477196,0.006666666828095913
,mappo,,,,634.0,0.0,0.0,0.3333333432674408,0.0,0.0,0.0,0.3333333432674408,0.0,0.0,0.0,0.0,0.0,0.0,,,,,,,
-0.006464031059294939,mappo,0.00013012088311370462,-0.12116433680057526,0.0008094364788262755,635.0,,,,,,,,,,,,,,0.0,,,,,0.014170306734740734,0.0
,mappo,,,,635.0,0.0,0.0,0.0,0.0,0.0,0.0,0.0,0.0,0.0,0.0,0.0,0.0,0.0,,,,,,,
0.0011010401649400592,mappo,5.568448978010565e-05,-0.0585043840110302,0.0008091363787929311,636.0,,,,,,,,,,,,,,0.0,,,,,0.015130488201975822,0.006666666828095913
,mappo,,,,636.0,0.0,0.0,0.3333333432674408,0.0,0.0,0.0,0.3333333432674408,0.0,0.0,0.0,0.0,0.0,0.0,,,,,,,
-0.002521658083423972,mappo,3.5717064747586846e-05,-0.08940278738737106,0.0008088362787595865,637.0,,,,,,,,,,,,,,0.0,,,,,0.01418696902692318,0.0
,mappo,,,,637.0,0.0,0.0,0.0,0.0,0.0,0.0,0.0,0.0,0.0,0.0,0.0,0.0,0.0,,,,,,,
-0.006848681252449751,mappo,0.0001690755452727899,-0.05598990246653557,0.0008085361787262421,638.0,,,,,,,,,,,,,,0.0,,,,,0.015013907104730606,0.006666666828095913
,mappo,,,,638.0,0.0,0.0,0.3333333432674408,0.0,0.0,0.0,0.3333333432674408,0.0,0.0,0.0,0.0,0.0,0.0,,,,,,,
0.001654835999943316,mappo,0.00016322384180966765,-0.054904449731111526,0.0008082360786928976,639.0,,,,,,,,,,,,,,0.0,,,,,0.015117835253477097,0.006666666828095913
,mappo,,,,639.0,0.0,0.0,0.3333333432674408,0.0,0.0,0.0,0.3333333432674408,0.0,0.0,0.0,0.0,0.0,0.0,,,,,,,
-0.008987940847873688,mappo,4.1316085116704926e-05,-0.07201358675956726,0.0008079359786595532,640.0,,,,,,,,,,,,,,0.0,,,,,0.015037484467029572,0.006666666828095913
,mappo,,,,640.0,0.0,0.0,0.3333333432674408,0.0,0.0,0.0,0.3333333432674408,0.0,0.0,0.0,0.0,0.0,0.0,,,,,,,
-0.0016202849801629782,mappo,2.8787360861315392e-05,-0.08936423063278198,0.0008076358786262088,641.0,,,,,,,,,,,,,,0.0,,,,,0.015181668102741241,0.006666666828095913
,mappo,,,,641.0,0.0,0.0,0.3333333432674408,0.0,0.0,0.0,0.3333333432674408,0.0,0.0,0.0,0.0,0.0,0.0,,,,,,,
0.0018918040441349149,mappo,1.95805259863846e-05,-0.09329146891832352,0.0008073357785928643,642.0,,,,,,,,,,,,,,0.0,,,,,0.01512717641890049,0.006666666828095913
,mappo,,,,642.0,0.0,0.0,0.3333333432674408,0.0,0.0,0.0,0.3333333432674408,0.0,0.0,0.0,0.0,0.0,0.0,,,,,,,
-0.005558297503739595,mappo,7.2813104452507105e-06,-0.09982255846261978,0.0008070356785595199,643.0,,,,,,,,,,,,,,0.0,,,,,0.015200957655906677,0.006666666828095913
,mappo,,,,643.0,0.0,0.0,0.3333333432674408,0.0,0.0,0.0,0.3333333432674408,0.0,0.0,0.0,0.0,0.0,0.0,,,,,,,
0.0028629812877625227,mappo,4.432216883287765e-06,-0.12301747500896454,0.0008067355785261754,644.0,,,,,,,,,,,,,,0.0,,,,,0.015111058950424194,0.006666666828095913
,mappo,,,,644.0,0.0,0.0,0.3333333432674408,0.0,0.0,0.0,0.3333333432674408,0.0,0.0,0.0,0.0,0.0,0.0,,,,,,,
0.0032050691079348326,mappo,0.0001259955606656149,-0.17633652687072754,0.000806435478492831,645.0,,,,,,,,,,,,,,0.0,,,,,0.014148392714560032,0.0
,mappo,,,,645.0,0.0,0.0,0.0,0.0,0.0,0.0,0.0,0.0,0.0,0.0,0.0,0.0,0.0,,,,,,,
-0.00010960611689370126,mappo,0.00015864962188061327,-0.19317887723445892,0.0008061353784594865,646.0,,,,,,,,,,,,,,0.0,,,,,0.014189966954290867,0.0
,mappo,,,,646.0,0.0,0.0,0.0,0.0,0.0,0.0,0.0,0.0,0.0,0.0,0.0,0.0,0.0,,,,,,,
-0.006361451465636492,mappo,0.00016737784608267248,-0.18731370568275452,0.0008058352784261421,647.0,,,,,,,,,,,,,,0.0,,,,,0.015169516205787659,0.006666666828095913
,mappo,,,,647.0,0.0,0.0,0.3333333432674408,0.0,0.0,0.0,0.3333333432674408,0.0,0.0,0.0,0.0,0.0,0.0,,,,,,,
0.01126503013074398,mappo,0.0001941967784659937,-0.18774579465389252,0.0008055351783927976,648.0,,,,,,,,,,,,,,0.0,,,,,0.015222504734992981,0.006666666828095913
,mappo,,,,648.0,0.0,0.0,0.3333333432674408,0.0,0.0,0.0,0.3333333432674408,0.0,0.0,0.0,0.0,0.0,0.0,,,,,,,
0.02310662902891636,mappo,5.866279389010742e-05,-0.2174772173166275,0.0008052350783594532,649.0,,,,,,,,,,,,,,0.0,,,,,0.015231721103191376,0.006666666828095913
,mappo,,,,649.0,0.0,0.0,0.3333333432674408,0.0,0.0,0.0,0.3333333432674408,0.0,0.0,0.0,0.0,0.0,0.0,,,,,,,
-0.0008754943264648318,mappo,3.1638628570362926e-05,-0.22210077941417694,0.0008049349783261087,650.0,,,,,,,,,,,,,,0.0,,,,,0.015189461410045624,0.006666666828095913
,mappo,,,,650.0,0.0,0.0,0.3333333432674408,0.0,0.0,0.0,0.3333333432674408,0.0,0.0,0.0,0.0,0.0,0.0,,,,,,,
0.006570653524249792,mappo,1.6704838344594464e-05,-0.24928390979766846,0.0008046348782927643,651.0,,,,,,,,,,,,,,0.0,,,,,0.015249273739755154,0.006666666828095913
,mappo,,,,651.0,0.0,0.0,0.3333333432674408,0.0,0.0,0.0,0.3333333432674408,0.0,0.0,0.0,0.0,0.0,0.0,,,,,,,
-0.005031501408666372,mappo,1.037928359437501e-05,-0.2568325400352478,0.0008043347782594199,652.0,,,,,,,,,,,,,,0.0,,,,,0.015236891806125641,0.006666666828095913
,mappo,,,,652.0,0.0,0.0,0.3333333432674408,0.0,0.0,0.0,0.3333333432674408,0.0,0.0,0.0,0.0,0.0,0.0,,,,,,,
-0.005149544216692448,mappo,3.892427685059374e-06,-0.2646985948085785,0.0008040346782260754,653.0,,,,,,,,,,,,,,0.0,,,,,0.015202893875539303,0.006666666828095913
,mappo,,,,653.0,0.0,0.0,0.3333333432674408,0.0,0.0,0.0,0.3333333432674408,0.0,0.0,0.0,0.0,0.0,0.0,,,,,,,
0.001161135034635663,mappo,5.686664280801779e-06,-0.2673424184322357,0.000803734578192731,654.0,,,,,,,,,,,,,,0.0,,,,,0.015262632630765438,0.006666666828095913
,mappo,,,,654.0,0.0,0.0,0.3333333432674408,0.0,0.0,0.0,0.3333333432674408,0.0,0.0,0.0,0.0,0.0,0.0,,,,,,,
-0.0037586099933832884,mappo,7.352583452302497e-06,-0.2715078294277191,0.0008034344781593864,655.0,,,,,,,,,,,,,,0.0,,,,,0.015134064480662346,0.006666666828095913
,mappo,,,,655.0,0.0,0.0,0.3333333432674408,0.0,0.0,0.0,0.3333333432674408,0.0,0.0,0.0,0.0,0.0,0.0,,,,,,,
0.0027288238052278757,mappo,8.185026672435924e-06,-0.26777470111846924,0.000803134378126042,656.0,,,,,,,,,,,,,,0.0,,,,,0.015207660384476185,0.006666666828095913
,mappo,,,,656.0,0.0,0.0,0.3333333432674408,0.0,0.0,0.0,0.3333333432674408,0.0,0.0,0.0,0.0,0.0,0.0,,,,,,,
0.026427755132317543,mappo,2.784369371511275e-06,-0.2988384962081909,0.0008028342780926976,657.0,,,,,,,,,,,,,,0.0,,,,,0.015244186855852604,0.006666666828095913
,mappo,,,,657.0,0.0,0.0,0.3333333432674408,0.0,0.0,0.0,0.3333333432674408,0.0,0.0,0.0,0.0,0.0,0.0,,,,,,,
-0.002709156135097146,mappo,1.68074677731056e-06,-0.3073648512363434,0.0008025341780593531,658.0,,,,,,,,,,,,,,0.0,,,,,0.01527254655957222,0.006666666828095913
,mappo,,,,658.0,0.0,0.0,0.3333333432674408,0.0,0.0,0.0,0.3333333432674408,0.0,0.0,0.0,0.0,0.0,0.0,,,,,,,
-0.0029903610702604055,mappo,2.365950422245078e-06,-0.3091006875038147,0.0008022340780260087,659.0,,,,,,,,,,,,,,0.0,,,,,0.015299822203814983,0.006666666828095913
,mappo,,,,659.0,0.0,0.0,0.3333333432674408,0.0,0.0,0.0,0.3333333432674408,0.0,0.0,0.0,0.0,0.0,0.0,,,,,,,
-0.0037354277446866035,mappo,1.5104003523447318e-06,-0.32195112109184265,0.0008019339779926642,660.0,,,,,,,,,,,,,,0.0,,,,,0.015241790562868118,0.006666666828095913
,mappo,,,,660.0,0.0,0.0,0.3333333432674408,0.0,0.0,0.0,0.3333333432674408,0.0,0.0,0.0,0.0,0.0,0.0,,,,,,,
-0.0010755121475085616,mappo,1.3356584531720728e-06,-0.3320801854133606,0.0008016338779593198,661.0,,,,,,,,,,,,,,0.0,,,,,0.015278606675565243,0.006666666828095913
,mappo,,,,661.0,0.0,0.0,0.3333333432674408,0.0,0.0,0.0,0.3333333432674408,0.0,0.0,0.0,0.0,0.0,0.0,,,,,,,
-0.00747637078166008,mappo,8.326845772899105e-07,-0.3510015308856964,0.0008013337779259754,662.0,,,,,,,,,,,,,,0.0,,,,,0.01530560851097107,0.006666666828095913
,mappo,,,,662.0,0.0,0.0,0.3333333432674408,0.0,0.0,0.0,0.3333333432674408,0.0,0.0,0.0,0.0,0.0,0.0,,,,,,,
0.0056926049292087555,mappo,1.7900958937389078e-06,-0.34742024540901184,0.000801033677892631,663.0,,,,,,,,,,,,,,0.0,,,,,0.01534515805542469,0.006666666828095913
,mappo,,,,663.0,0.0,0.0,0.3333333432674408,0.0,0.0,0.0,0.3333333432674408,0.0,0.0,0.0,0.0,0.0,0.0,,,,,,,
-0.00616798922419548,mappo,1.2884808029411943e-06,-0.3314688205718994,0.0008007335778592864,664.0,,,,,,,,,,,,,,0.0,,,,,0.0153802540153265,0.006666666828095913
,mappo,,,,664.0,0.0,0.0,0.3333333432674408,0.0,0.0,0.0,0.3333333432674408,0.0,0.0,0.0,0.0,0.0,0.0,,,,,,,
0.0010334639810025692,mappo,5.448455908663163e-07,-0.31844276189804077,0.000800433477825942,665.0,,,,,,,,,,,,,,0.0,,,,,0.01536552794277668,0.006666666828095913
,mappo,,,,665.0,0.0,0.0,0.3333333432674408,0.0,0.0,0.0,0.3333333432674408,0.0,0.0,0.0,0.0,0.0,0.0,,,,,,,
0.000232136546401307,mappo,4.923758751829155e-07,-0.31046199798583984,0.0008001333777925975,666.0,,,,,,,,,,,,,,0.0,,,,,0.015312256291508675,0.006666666828095913
,mappo,,,,666.0,0.0,0.0,0.3333333432674408,0.0,0.0,0.0,0.3333333432674408,0.0,0.0,0.0,0.0,0.0,0.0,,,,,,,
-0.011907621286809444,mappo,1.1458147355369874e-06,-0.30388009548187256,0.0007998332777592531,667.0,,,,,,,,,,,,,,0.0,,,,,0.015250395983457565,0.006666666828095913
,mappo,,,,667.0,0.0,0.0,0.3333333432674408,0.0,0.0,0.0,0.3333333432674408,0.0,0.0,0.0,0.0,0.0,0.0,,,,,,,
-0.0015821419656276703,mappo,9.155730253951333e-07,-0.3246620297431946,0.0007995331777259087,668.0,,,,,,,,,,,,,,0.0,,,,,0.015319112688302994,0.006666666828095913
,mappo,,,,668.0,0.0,0.0,0.3333333432674408,0.0,0.0,0.0,0.3333333432674408,0.0,0.0,0.0,0.0,0.0,0.0,,,,,,,
-0.004351943731307983,mappo,1.0815296036525979e-06,-0.3515331447124481,0.0007992330776925642,669.0,,,,,,,,,,,,,,0.0,,,,,0.015281791798770428,0.006666666828095913
,mappo,,,,669.0,0.0,0.0,0.3333333432674408,0.0,0.0,0.0,0.3333333432674408,0.0,0.0,0.0,0.0,0.0,0.0,,,,,,,
-0.0077055636793375015,mappo,1.7552451936353464e-06,-0.3576194643974304,0.0007989329776592198,670.0,,,,,,,,,,,,,,0.0,,,,,0.01527549047023058,0.006666666828095913
,mappo,,,,670.0,0.0,0.0,0.3333333432674408,0.0,0.0,0.0,0.3333333432674408,0.0,0.0,0.0,0.0,0.0,0.0,,,,,,,
4.8476242227479815e-05,mappo,6.919035513419658e-07,-0.347121924161911,0.0007986328776258753,671.0,,,,,,,,,,,,,,0.0,,,,,0.01530146598815918,0.006666666828095913
,mappo,,,,671.0,0.0,0.0,0.3333333432674408,0.0,0.0,0.0,0.3333333432674408,0.0,0.0,0.0,0.0,0.0,0.0,,,,,,,
-0.00768951466307044,mappo,6.163203352116398e-07,-0.33565977215766907,0.0007983327775925309,672.0,,,,,,,,,,,,,,0.0,,,,,0.015264218673110008,0.006666666828095913
,mappo,,,,672.0,0.0,0.0,0.3333333432674408,0.0,0.0,0.0,0.3333333432674408,0.0,0.0,0.0,0.0,0.0,0.0,,,,,,,
0.0011047811713069677,mappo,5.698271934306831e-07,-0.3210417628288269,0.0007980326775591864,673.0,,,,,,,,,,,,,,0.0,,,,,0.015336880460381508,0.006666666828095913
,mappo,,,,673.0,0.0,0.0,0.3333333432674408,0.0,0.0,0.0,0.3333333432674408,0.0,0.0,0.0,0.0,0.0,0.0,,,,,,,
0.019054796546697617,mappo,4.272402520655305e-07,-0.33614611625671387,0.0007977325775258419,674.0,,,,,,,,,,,,,,0.0,,,,,0.01533307135105133,0.006666666828095913
,mappo,,,,674.0,0.0,0.0,0.3333333432674408,0.0,0.0,0.0,0.3333333432674408,0.0,0.0,0.0,0.0,0.0,0.0,,,,,,,
-0.0020049975719302893,mappo,6.831315317867848e-07,-0.32857540249824524,0.0007974324774924975,675.0,,,,,,,,,,,,,,0.0,,,,,0.01539641059935093,0.006666666828095913
,mappo,,,,675.0,0.0,0.0,0.3333333432674408,0.0,0.0,0.0,0.3333333432674408,0.0,0.0,0.0,0.0,0.0,0.0,,,,,,,
-0.000996164744719863,mappo,7.956589342938969e-07,-0.3264213800430298,0.000797132377459153,676.0,,,,,,,,,,,,,,0.0,,,,,0.015378160402178764,0.006666666828095913
,mappo,,,,676.0,0.0,0.0,0.3333333432674408,0.0,0.0,0.0,0.3333333432674408,0.0,0.0,0.0,0.0,0.0,0.0,,,,,,,
0.0029733942355960608,mappo,9.000666523206746e-07,-0.34296751022338867,0.0007968322774258086,677.0,,,,,,,,,,,,,,0.0,,,,,0.01541457511484623,0.006666666828095913
,mappo,,,,677.0,0.0,0.0,0.3333333432674408,0.0,0.0,0.0,0.3333333432674408,0.0,0.0,0.0,0.0,0.0,0.0,,,,,,,
-0.004563940688967705,mappo,9.817887303142925e-07,-0.3410359025001526,0.0007965321773924642,678.0,,,,,,,,,,,,,,0.0,,,,,0.015286754816770554,0.006666666828095913
,mappo,,,,678.0,0.0,0.0,0.3333333432674408,0.0,0.0,0.0,0.3333333432674408,0.0,0.0,0.0,0.0,0.0,0.0,,,,,,,
-0.007228425238281488,mappo,6.212642347236397e-07,-0.34652891755104065,0.0007962320773591198,679.0,,,,,,,,,,,,,,0.0,,,,,0.015428518876433372,0.006666666828095913
,mappo,,,,679.0,0.0,0.0,0.3333333432674408,0.0,0.0,0.0,0.3333333432674408,0.0,0.0,0.0,0.0,0.0,0.0,,,,,,,
0.0009683441021479666,mappo,8.771908142080065e-07,-0.338845819234848,0.0007959319773257753,680.0,,,,,,,,,,,,,,0.0,,,,,0.015463925898075104,0.006666666828095913
,mappo,,,,680.0,0.0,0.0,0.3333333432674408,0.0,0.0,0.0,0.3333333432674408,0.0,0.0,0.0,0.0,0.0,0.0,,,,,,,
-0.008154798299074173,mappo,7.319888482015813e-07,-0.36919811367988586,0.0007956318772924309,681.0,,,,,,,,,,,,,,0.0,,,,,0.015464694239199162,0.006666666828095913
,mappo,,,,681.0,0.0,0.0,0.3333333432674408,0.0,0.0,0.0,0.3333333432674408,0.0,0.0,0.0,0.0,0.0,0.0,,,,,,,
-0.0032692840322852135,mappo,4.502782360304991e-07,-0.3987742066383362,0.0007953317772590863,682.0,,,,,,,,,,,,,,0.0,,,,,0.015486963093280792,0.006666666828095913
,mappo,,,,682.0,0.0,0.0,0.3333333432674408,0.0,0.0,0.0,0.3333333432674408,0.0,0.0,0.0,0.0,0.0,0.0,,,,,,,
-0.004125673323869705,mappo,5.850862407896784e-07,-0.3954944312572479,0.0007950316772257419,683.0,,,,,,,,,,,,,,0.0,,,,,0.015314191579818726,0.006666666828095913
,mappo,,,,683.0,0.0,0.0,0.3333333432674408,0.0,0.0,0.0,0.3333333432674408,0.0,0.0,0.0,0.0,0.0,0.0,,,,,,,
-0.0024619651958346367,mappo,3.5025499300900265e-07,-0.38732534646987915,0.0007947315771923975,684.0,,,,,,,,,,,,,,0.0,,,,,0.015452162362635136,0.006666666828095913
,mappo,,,,684.0,0.0,0.0,0.3333333432674408,0.0,0.0,0.0,0.3333333432674408,0.0,0.0,0.0,0.0,0.0,0.0,,,,,,,
-0.007439804263412952,mappo,5.749247975472827e-07,-0.36691397428512573,0.0007944314771590531,685.0,,,,,,,,,,,,,,0.0,,,,,0.015345031395554543,0.006666666828095913
,mappo,,,,685.0,0.0,0.0,0.3333333432674408,0.0,0.0,0.0,0.3333333432674408,0.0,0.0,0.0,0.0,0.0,0.0,,,,,,,
0.023184295743703842,mappo,2.9418822578008985e-07,-0.3765938878059387,0.0007941313771257086,686.0,,,,,,,,,,,,,,0.0,,,,,0.015372276306152344,0.006666666828095913
,mappo,,,,686.0,0.0,0.0,0.3333333432674408,0.0,0.0,0.0,0.3333333432674408,0.0,0.0,0.0,0.0,0.0,0.0,,,,,,,
-0.006127058528363705,mappo,3.479975703157834e-07,-0.38168099522590637,0.0007938312770923641,687.0,,,,,,,,,,,,,,0.0,,,,,0.015447605401277542,0.006666666828095913
,mappo,,,,687.0,0.0,0.0,0.3333333432674408,0.0,0.0,0.0,0.3333333432674408,0.0,0.0,0.0,0.0,0.0,0.0,,,,,,,
-0.005422578193247318,mappo,3.496730300867057e-07,-0.382924348115921,0.0007935311770590197,688.0,,,,,,,,,,,,,,0.0,,,,,0.01542842946946621,0.006666666828095913
,mappo,,,,688.0,0.0,0.0,0.3333333432674408,0.0,0.0,0.0,0.3333333432674408,0.0,0.0,0.0,0.0,0.0,0.0,,,,,,,
0.004483254160732031,mappo,4.4220720951670955e-07,-0.3642815947532654,0.0007932310770256753,689.0,,,,,,,,,,,,,,0.0,,,,,0.01545366644859314,0.006666666828095913
,mappo,,,,689.0,0.0,0.0,0.3333333432674408,0.0,0.0,0.0,0.3333333432674408,0.0,0.0,0.0,0.0,0.0,0.0,,,,,,,
-0.0002512769715394825,mappo,4.4730029458150966e-07,-0.3258785009384155,0.0007929309769923309,690.0,,,,,,,,,,,,,,0.0,,,,,0.015423357486724854,0.006666666828095913
,mappo,,,,690.0,0.0,0.0,0.3333333432674408,0.0,0.0,0.0,0.3333333432674408,0.0,0.0,0.0,0.0,0.0,0.0,,,,,,,
-0.006064379122108221,mappo,1.0911001027125167e-06,-0.3071458041667938,0.0007926308769589863,691.0,,,,,,,,,,,,,,0.0,,,,,0.015563296154141426,0.006666666828095913
,mappo,,,,691.0,0.0,0.0,0.3333333432674408,0.0,0.0,0.0,0.3333333432674408,0.0,0.0,0.0,0.0,0.0,0.0,,,,,,,
0.02914217859506607,mappo,3.706386735302658e-07,-0.2771504521369934,0.0007923307769256419,692.0,,,,,,,,,,,,,,0.0,,,,,0.015484877862036228,0.006666666828095913
,mappo,,,,692.0,0.0,0.0,0.3333333432674408,0.0,0.0,0.0,0.3333333432674408,0.0,0.0,0.0,0.0,0.0,0.0,,,,,,,
-0.007112450432032347,mappo,9.387001114191662e-07,-0.266475111246109,0.0007920306768922974,693.0,,,,,,,,,,,,,,0.0,,,,,0.015428050421178341,0.006666666828095913
,mappo,,,,693.0,0.0,0.0,0.3333333432674408,0.0,0.0,0.0,0.3333333432674408,0.0,0.0,0.0,0.0,0.0,0.0,,,,,,,
-0.0011335137533023953,mappo,8.800668638286879e-07,-0.24487733840942383,0.000791730576858953,694.0,,,,,,,,,,,,,,0.0,,,,,0.015401910990476608,0.006666666828095913
,mappo,,,,694.0,0.0,0.0,0.3333333432674408,0.0,0.0,0.0,0.3333333432674408,0.0,0.0,0.0,0.0,0.0,0.0,,,,,,,
-0.00023637864796910435,mappo,4.3050695808233286e-07,-0.2209618091583252,0.0007914304768256086,695.0,,,,,,,,,,,,,,0.0,,,,,0.01545463316142559,0.006666666828095913
,mappo,,,,695.0,0.0,0.0,0.3333333432674408,0.0,0.0,0.0,0.3333333432674408,0.0,0.0,0.0,0.0,0.0,0.0,,,,,,,
-0.007163516711443663,mappo,8.215488378482405e-07,-0.193873792886734,0.0007911303767922642,696.0,,,,,,,,,,,,,,0.0,,,,,0.015407712198793888,0.006666666828095913
,mappo,,,,696.0,0.0,0.0,0.3333333432674408,0.0,0.0,0.0,0.3333333432674408,0.0,0.0,0.0,0.0,0.0,0.0,,,,,,,
-0.002405258361250162,mappo,2.5524141165078618e-06,-0.16810135543346405,0.0007908302767589197,697.0,,,,,,,,,,,,,,0.0,,,,,0.015480561181902885,0.006666666828095913
,mappo,,,,697.0,0.0,0.0,0.3333333432674408,0.0,0.0,0.0,0.3333333432674408,0.0,0.0,0.0,0.0,0.0,0.0,,,,,,,
0.010554098524153233,mappo,1.1236793397984002e-06,-0.1578066498041153,0.0007905301767255752,698.0,,,,,,,,,,,,,,0.0,,,,,0.015348497778177261,0.006666666828095913
,mappo,,,,698.0,0.0,0.0,0.3333333432674408,0.0,0.0,0.0,0.3333333432674408,0.0,0.0,0.0,0.0,0.0,0.0,,,,,,,
-0.003042443422600627,mappo,3.9471385093747813e-07,-0.14601053297519684,0.0007902300766922307,699.0,,,,,,,,,,,,,,0.0,,,,,0.015398425981402397,0.006666666828095913
,mappo,,,,699.0,0.0,0.0,0.3333333432674408,0.0,0.0,0.0,0.3333333432674408,0.0,0.0,0.0,0.0,0.0,0.0,,,,,,,
,mappo,,,,699.0,,,,,,,,,,,,,,,0.0,0.0,0.3333333432674408,0.0,,
0.007907352410256863,mappo,3.4830790696105396e-07,-0.16068801283836365,0.0007899299766588863,700.0,,,,,,,,,,,,,,0.0,,,,,0.015392029657959938,0.006666666828095913
,mappo,,,,700.0,0.0,0.0,0.3333333432674408,0.0,0.0,0.0,0.3333333432674408,0.0,0.0,0.0,0.0,0.0,0.0,,,,,,,
0.019442599266767502,mappo,5.973911925138964e-07,-0.15720294415950775,0.0007896298766255419,701.0,,,,,,,,,,,,,,0.0,,,,,0.015430329367518425,0.006666666828095913
,mappo,,,,701.0,0.0,0.0,0.3333333432674408,0.0,0.0,0.0,0.3333333432674408,0.0,0.0,0.0,0.0,0.0,0.0,,,,,,,
0.0033312663435935974,mappo,9.169640406980761e-07,-0.1788722425699234,0.0007893297765921974,702.0,,,,,,,,,,,,,,0.0,,,,,0.015374528244137764,0.006666666828095913
,mappo,,,,702.0,0.0,0.0,0.3333333432674408,0.0,0.0,0.0,0.3333333432674408,0.0,0.0,0.0,0.0,0.0,0.0,,,,,,,
-0.003793667769059539,mappo,1.3360544244278572e-06,-0.1730705350637436,0.000789029676558853,703.0,,,,,,,,,,,,,,0.0,,,,,0.015291694551706314,0.006666666828095913
,mappo,,,,703.0,0.0,0.0,0.3333333432674408,0.0,0.0,0.0,0.3333333432674408,0.0,0.0,0.0,0.0,0.0,0.0,,,,,,,
-0.0035177774261683226,mappo,7.039236606942723e-07,-0.17796307802200317,0.0007887295765255085,704.0,,,,,,,,,,,,,,0.0,,,,,0.015386765822768211,0.006666666828095913
,mappo,,,,704.0,0.0,0.0,0.3333333432674408,0.0,0.0,0.0,0.3333333432674408,0.0,0.0,0.0,0.0,0.0,0.0,,,,,,,
-0.008067826740443707,mappo,9.909041409628117e-07,-0.18674156069755554,0.0007884294764921641,705.0,,,,,,,,,,,,,,0.0,,,,,0.015326006338000298,0.006666666828095913
,mappo,,,,705.0,0.0,0.0,0.3333333432674408,0.0,0.0,0.0,0.3333333432674408,0.0,0.0,0.0,0.0,0.0,0.0,,,,,,,
0.0009556359727866948,mappo,6.162992463032424e-07,-0.21896255016326904,0.0007881293764588197,706.0,,,,,,,,,,,,,,0.0,,,,,0.01532326452434063,0.006666666828095913
,mappo,,,,706.0,0.0,0.0,0.3333333432674408,0.0,0.0,0.0,0.3333333432674408,0.0,0.0,0.0,0.0,0.0,0.0,,,,,,,
0.0006815781234763563,mappo,4.269793407729594e-07,-0.24235476553440094,0.0007878292764254752,707.0,,,,,,,,,,,,,,0.0,,,,,0.015420021489262581,0.006666666828095913
,mappo,,,,707.0,0.0,0.0,0.3333333432674408,0.0,0.0,0.0,0.3333333432674408,0.0,0.0,0.0,0.0,0.0,0.0,,,,,,,
0.0010361248860135674,mappo,5.622277399197628e-07,-0.26639312505722046,0.0007875291763921307,708.0,,,,,,,,,,,,,,0.0,,,,,0.01542401872575283,0.006666666828095913
,mappo,,,,708.0,0.0,0.0,0.3333333432674408,0.0,0.0,0.0,0.3333333432674408,0.0,0.0,0.0,0.0,0.0,0.0,,,,,,,
-0.00724868243560195,mappo,9.794259767659241e-07,-0.2979297637939453,0.0007872290763587863,709.0,,,,,,,,,,,,,,0.0,,,,,0.015305057168006897,0.006666666828095913
,mappo,,,,709.0,0.0,0.0,0.3333333432674408,0.0,0.0,0.0,0.3333333432674408,0.0,0.0,0.0,0.0,0.0,0.0,,,,,,,
-0.005041784141212702,mappo,2.2347408048517536e-06,-0.32163578271865845,0.0007869289763254418,710.0,,,,,,,,,,,,,,0.0,,,,,0.015357498079538345,0.006666666828095913
,mappo,,,,710.0,0.0,0.0,0.3333333432674408,0.0,0.0,0.0,0.3333333432674408,0.0,0.0,0.0,0.0,0.0,0.0,,,,,,,
-0.005102876573801041,mappo,1.723324658087222e-06,-0.3357440233230591,0.0007866288762920974,711.0,,,,,,,,,,,,,,0.0,,,,,0.015369310975074768,0.006666666828095913
,mappo,,,,711.0,0.0,0.0,0.3333333432674408,0.0,0.0,0.0,0.3333333432674408,0.0,0.0,0.0,0.0,0.0,0.0,,,,,,,
-0.0011559766717255116,mappo,4.321416895436414e-07,-0.37084826827049255,0.000786328776258753,712.0,,,,,,,,,,,,,,0.0,,,,,0.015415885485708714,0.006666666828095913
,mappo,,,,712.0,0.0,0.0,0.3333333432674408,0.0,0.0,0.0,0.3333333432674408,0.0,0.0,0.0,0.0,0.0,0.0,,,,,,,
-0.0047242832370102406,mappo,8.72545285801607e-07,-0.41245537996292114,0.0007860286762254085,713.0,,,,,,,,,,,,,,0.0,,,,,0.015302268788218498,0.006666666828095913
,mappo,,,,713.0,0.0,0.0,0.3333333432674408,0.0,0.0,0.0,0.3333333432674408,0.0,0.0,0.0,0.0,0.0,0.0,,,,,,,
0.006551270838826895,mappo,8.16221302102349e-07,-0.4523452818393707,0.0007857285761920641,714.0,,,,,,,,,,,,,,0.0,,,,,0.015278402715921402,0.006666666828095913
,mappo,,,,714.0,0.0,0.0,0.3333333432674408,0.0,0.0,0.0,0.3333333432674408,0.0,0.0,0.0,0.0,0.0,0.0,,,,,,,
0.0017828496638685465,mappo,1.4845319356027176e-06,-0.4553486704826355,0.0007854284761587196,715.0,,,,,,,,,,,,,,0.0,,,,,0.015318195335566998,0.006666666828095913
,mappo,,,,715.0,0.0,0.0,0.3333333432674408,0.0,0.0,0.0,0.3333333432674408,0.0,0.0,0.0,0.0,0.0,0.0,,,,,,,
0.000799264176748693,mappo,5.235790467850165e-07,-0.46240586042404175,0.0007851283761253752,716.0,,,,,,,,,,,,,,0.0,,,,,0.015439226292073727,0.006666666828095913
,mappo,,,,716.0,0.0,0.0,0.3333333432674408,0.0,0.0,0.0,0.3333333432674408,0.0,0.0,0.0,0.0,0.0,0.0,,,,,,,
0.0008517938549630344,mappo,3.3602245252950524e-07,-0.45126229524612427,0.0007848282760920307,717.0,,,,,,,,,,,,,,0.0,,,,,0.015403930097818375,0.006666666828095913
,mappo,,,,717.0,0.0,0.0,0.3333333432674408,0.0,0.0,0.0,0.3333333432674408,0.0,0.0,0.0,0.0,0.0,0.0,,,,,,,
-0.003412378253415227,mappo,2.997345518451766e-07,-0.45669224858283997,0.0007845281760586862,718.0,,,,,,,,,,,,,,0.0,,,,,0.015419920906424522,0.006666666828095913
,mappo,,,,718.0,0.0,0.0,0.3333333432674408,0.0,0.0,0.0,0.3333333432674408,0.0,0.0,0.0,0.0,0.0,0.0,,,,,,,
-0.003719939151778817,mappo,3.3392308296242845e-07,-0.44867151975631714,0.0007842280760253418,719.0,,,,,,,,,,,,,,0.0,,,,,0.015382150188088417,0.006666666828095913
,mappo,,,,719.0,0.0,0.0,0.3333333432674408,0.0,0.0,0.0,0.3333333432674408,0.0,0.0,0.0,0.0,0.0,0.0,,,,,,,
-0.004245387390255928,mappo,1.6961037090368336e-06,-0.4659770131111145,0.0007839279759919973,720.0,,,,,,,,,,,,,,0.0,,,,,0.015363859944045544,0.006666666828095913
,mappo,,,,720.0,0.0,0.0,0.3333333432674408,0.0,0.0,0.0,0.3333333432674408,0.0,0.0,0.0,0.0,0.0,0.0,,,,,,,
-0.0024052856024354696,mappo,6.951869977456226e-07,-0.48453012108802795,0.0007836278759586529,721.0,,,,,,,,,,,,,,0.0,,,,,0.015449749305844307,0.006666666828095913
,mappo,,,,721.0,0.0,0.0,0.3333333432674408,0.0,0.0,0.0,0.3333333432674408,0.0,0.0,0.0,0.0,0.0,0.0,,,,,,,
0.005358671769499779,mappo,3.1593236826665816e-07,-0.4932171106338501,0.0007833277759253085,722.0,,,,,,,,,,,,,,0.0,,,,,0.015399652533233166,0.006666666828095913
,mappo,,,,722.0,0.0,0.0,0.3333333432674408,0.0,0.0,0.0,0.3333333432674408,0.0,0.0,0.0,0.0,0.0,0.0,,,,,,,
0.02505558170378208,mappo,1.8346560182180838e-06,-0.5189694166183472,0.000783027675891964,723.0,,,,,,,,,,,,,,0.0,,,,,0.015306714922189713,0.006666666828095913
,mappo,,,,723.0,0.0,0.0,0.3333333432674408,0.0,0.0,0.0,0.3333333432674408,0.0,0.0,0.0,0.0,0.0,0.0,,,,,,,
-0.0012623332440853119,mappo,3.765071880934556e-07,-0.5326201915740967,0.0007827275758586196,724.0,,,,,,,,,,,,,,0.0,,,,,0.015365300700068474,0.006666666828095913
,mappo,,,,724.0,0.0,0.0,0.3333333432674408,0.0,0.0,0.0,0.3333333432674408,0.0,0.0,0.0,0.0,0.0,0.0,,,,,,,
0.0034268423914909363,mappo,1.9149159413700545e-07,-0.5347859859466553,0.0007824274758252752,725.0,,,,,,,,,,,,,,0.0,,,,,0.015421086922287941,0.006666666828095913
,mappo,,,,725.0,0.0,0.0,0.3333333432674408,0.0,0.0,0.0,0.3333333432674408,0.0,0.0,0.0,0.0,0.0,0.0,,,,,,,
-0.0026320181787014008,mappo,1.7854112002169131e-06,-0.5321727395057678,0.0007821273757919306,726.0,,,,,,,,,,,,,,0.0,,,,,0.01537303812801838,0.006666666828095913
,mappo,,,,726.0,0.0,0.0,0.3333333432674408,0.0,0.0,0.0,0.3333333432674408,0.0,0.0,0.0,0.0,0.0,0.0,,,,,,,
-0.008943445980548859,mappo,7.093847216310678e-07,-0.5285041928291321,0.0007818272757585862,727.0,,,,,,,,,,,,,,0.0,,,,,0.015340170823037624,0.006666666828095913
,mappo,,,,727.0,0.0,0.0,0.3333333432674408,0.0,0.0,0.0,0.3333333432674408,0.0,0.0,0.0,0.0,0.0,0.0,,,,,,,
-0.001607206417247653,mappo,3.433811457398406e-07,-0.5248445868492126,0.0007815271757252418,728.0,,,,,,,,,,,,,,0.0,,,,,0.015370931476354599,0.006666666828095913
,mappo,,,,728.0,0.0,0.0,0.3333333432674408,0.0,0.0,0.0,0.3333333432674408,0.0,0.0,0.0,0.0,0.0,0.0,,,,,,,
0.00254816934466362,mappo,4.3646770109262434e-07,-0.5181130170822144,0.0007812270756918973,729.0,,,,,,,,,,,,,,0.0,,,,,0.015378794632852077,0.006666666828095913
,mappo,,,,729.0,0.0,0.0,0.3333333432674408,0.0,0.0,0.0,0.3333333432674408,0.0,0.0,0.0,0.0,0.0,0.0,,,,,,,
-0.005272655747830868,mappo,1.2889145182271022e-06,-0.4927668869495392,0.0007809269756585529,730.0,,,,,,,,,,,,,,0.0,,,,,0.015285790897905827,0.006666666828095913
,mappo,,,,730.0,0.0,0.0,0.3333333432674408,0.0,0.0,0.0,0.3333333432674408,0.0,0.0,0.0,0.0,0.0,0.0,,,,,,,
0.014123150147497654,mappo,2.0322661384852836e-06,-0.4933973252773285,0.0007806268756252084,731.0,,,,,,,,,,,,,,0.0,,,,,0.01528272032737732,0.006666666828095913
,mappo,,,,731.0,0.0,0.0,0.3333333432674408,0.0,0.0,0.0,0.3333333432674408,0.0,0.0,0.0,0.0,0.0,0.0,,,,,,,
-0.004972102586179972,mappo,3.4955730825458886e-06,-0.5025133490562439,0.000780326775591864,732.0,,,,,,,,,,,,,,0.0,,,,,0.015286503359675407,0.006666666828095913
,mappo,,,,732.0,0.0,0.0,0.3333333432674408,0.0,0.0,0.0,0.3333333432674408,0.0,0.0,0.0,0.0,0.0,0.0,,,,,,,
-0.0036023235879838467,mappo,1.0774527936519007e-06,-0.5113508105278015,0.0007800266755585196,733.0,,,,,,,,,,,,,,0.0,,,,,0.015232512727379799,0.006666666828095913
,mappo,,,,733.0,0.0,0.0,0.3333333432674408,0.0,0.0,0.0,0.3333333432674408,0.0,0.0,0.0,0.0,0.0,0.0,,,,,,,
-0.004948844667524099,mappo,4.887440354650607e-07,-0.5279483199119568,0.000779726575525175,734.0,,,,,,,,,,,,,,0.0,,,,,0.01529378816485405,0.006666666828095913
,mappo,,,,734.0,0.0,0.0,0.3333333432674408,0.0,0.0,0.0,0.3333333432674408,0.0,0.0,0.0,0.0,0.0,0.0,,,,,,,
0.010519306175410748,mappo,3.970299985667225e-06,-0.5335921049118042,0.0007794264754918306,735.0,,,,,,,,,,,,,,0.0,,,,,0.015299465507268906,0.006666666828095913
,mappo,,,,735.0,0.0,0.0,0.3333333432674408,0.0,0.0,0.0,0.3333333432674408,0.0,0.0,0.0,0.0,0.0,0.0,,,,,,,
0.011909645050764084,mappo,5.104565843794262e-06,-0.541582465171814,0.0007791263754584861,736.0,,,,,,,,,,,,,,0.0,,,,,0.015221263282001019,0.006666666828095913
,mappo,,,,736.0,0.0,0.0,0.3333333432674408,0.0,0.0,0.0,0.3333333432674408,0.0,0.0,0.0,0.0,0.0,0.0,,,,,,,
-0.0026772795245051384,mappo,5.50462527826312e-06,-0.5475062131881714,0.0007788262754251417,737.0,,,,,,,,,,,,,,0.0,,,,,0.015244312584400177,0.006666666828095913
,mappo,,,,737.0,0.0,0.0,0.3333333432674408,0.0,0.0,0.0,0.3333333432674408,0.0,0.0,0.0,0.0,0.0,0.0,,,,,,,
-0.004104752093553543,mappo,2.4932712676672963e-06,-0.5556432008743286,0.0007785261753917973,738.0,,,,,,,,,,,,,,0.0,,,,,0.015240538865327835,0.006666666828095913
,mappo,,,,738.0,0.0,0.0,0.3333333432674408,0.0,0.0,0.0,0.3333333432674408,0.0,0.0,0.0,0.0,0.0,0.0,,,,,,,
-0.0011640519369393587,mappo,8.827847182146797e-07,-0.5563748478889465,0.0007782260753584529,739.0,,,,,,,,,,,,,,0.0,,,,,0.015238922089338303,0.006666666828095913
,mappo,,,,739.0,0.0,0.0,0.3333333432674408,0.0,0.0,0.0,0.3333333432674408,0.0,0.0,0.0,0.0,0.0,0.0,,,,,,,
0.01388090942054987,mappo,1.2543159755296074e-06,-0.5661783814430237,0.0007779259753251084,740.0,,,,,,,,,,,,,,0.0,,,,,0.015234507620334625,0.006666666828095913
,mappo,,,,740.0,0.0,0.0,0.3333333432674408,0.0,0.0,0.0,0.3333333432674408,0.0,0.0,0.0,0.0,0.0,0.0,,,,,,,
-0.0022256867960095406,mappo,2.9203351914475206e-06,-0.572040319442749,0.000777625875291764,741.0,,,,,,,,,,,,,,0.0,,,,,0.015265517868101597,0.006666666828095913
,mappo,,,,741.0,0.0,0.0,0.3333333432674408,0.0,0.0,0.0,0.3333333432674408,0.0,0.0,0.0,0.0,0.0,0.0,,,,,,,
0.00012993981363251805,mappo,1.3538141274693771e-06,-0.592512845993042,0.0007773257752584195,742.0,,,,,,,,,,,,,,0.0,,,,,0.01518712006509304,0.006666666828095913
,mappo,,,,742.0,0.0,0.0,0.3333333432674408,0.0,0.0,0.0,0.3333333432674408,0.0,0.0,0.0,0.0,0.0,0.0,,,,,,,
-0.007064167410135269,mappo,1.8357791304879356e-06,-0.6057869791984558,0.000777025675225075,743.0,,,,,,,,,,,,,,0.0,,,,,0.015289802104234695,0.006666666828095913
,mappo,,,,743.0,0.0,0.0,0.3333333432674408,0.0,0.0,0.0,0.3333333432674408,0.0,0.0,0.0,0.0,0.0,0.0,,,,,,,
-0.003356426488608122,mappo,1.9294197954877745e-06,-0.5978401303291321,0.0007767255751917306,744.0,,,,,,,,,,,,,,0.0,,,,,0.015229713171720505,0.006666666828095913
,mappo,,,,744.0,0.0,0.0,0.3333333432674408,0.0,0.0,0.0,0.3333333432674408,0.0,0.0,0.0,0.0,0.0,0.0,,,,,,,
-0.002562321024015546,mappo,1.068361711986654e-06,-0.6012173295021057,0.0007764254751583861,745.0,,,,,,,,,,,,,,0.0,,,,,0.015205889008939266,0.006666666828095913
,mappo,,,,745.0,0.0,0.0,0.3333333432674408,0.0,0.0,0.0,0.3333333432674408,0.0,0.0,0.0,0.0,0.0,0.0,,,,,,,
-0.003543555736541748,mappo,2.0345469238236547e-06,-0.5815788507461548,0.0007761253751250417,746.0,,,,,,,,,,,,,,0.0,,,,,0.015155899338424206,0.006666666828095913
,mappo,,,,746.0,0.0,0.0,0.3333333432674408,0.0,0.0,0.0,0.3333333432674408,0.0,0.0,0.0,0.0,0.0,0.0,,,,,,,
-0.002612479729577899,mappo,1.5759313782837125e-06,-0.5640933513641357,0.0007758252750916972,747.0,,,,,,,,,,,,,,0.0,,,,,0.015173976309597492,0.006666666828095913
,mappo,,,,747.0,0.0,0.0,0.3333333432674408,0.0,0.0,0.0,0.3333333432674408,0.0,0.0,0.0,0.0,0.0,0.0,,,,,,,
-0.006860305089503527,mappo,1.0323303740733536e-06,-0.554617702960968,0.0007755251750583528,748.0,,,,,,,,,,,,,,0.0,,,,,0.01517781987786293,0.006666666828095913
,mappo,,,,748.0,0.0,0.0,0.3333333432674408,0.0,0.0,0.0,0.3333333432674408,0.0,0.0,0.0,0.0,0.0,0.0,,,,,,,
-0.006871385965496302,mappo,1.2713172736766865e-06,-0.5309252142906189,0.0007752250750250084,749.0,,,,,,,,,,,,,,0.0,,,,,0.015187535434961319,0.006666666828095913
,mappo,,,,749.0,0.0,0.0,0.3333333432674408,0.0,0.0,0.0,0.3333333432674408,0.0,0.0,0.0,0.0,0.0,0.0,,,,,,,
-0.0026587313041090965,mappo,1.4452194818659336e-06,-0.5216199159622192,0.000774924974991664,750.0,,,,,,,,,,,,,,0.0,,,,,0.015169858932495117,0.006666666828095913
,mappo,,,,750.0,0.0,0.0,0.3333333432674408,0.0,0.0,0.0,0.3333333432674408,0.0,0.0,0.0,0.0,0.0,0.0,,,,,,,
-0.004197291564196348,mappo,0.0002538234693929553,-0.5323404669761658,0.0007746248749583195,751.0,,,,,,,,,,,,,,0.0,,,,,0.014214151538908482,0.0
,mappo,,,,751.0,0.0,0.0,0.0,0.0,0.0,0.0,0.0,0.0,0.0,0.0,0.0,0.0,0.0,,,,,,,
-0.0036449902690947056,mappo,9.251166193280369e-05,-0.5253317952156067,0.0007743247749249751,752.0,,,,,,,,,,,,,,0.0,,,,,0.015165770426392555,0.006666666828095913
,mappo,,,,752.0,0.0,0.0,0.3333333432674408,0.0,0.0,0.0,0.3333333432674408,0.0,0.0,0.0,0.0,0.0,0.0,,,,,,,
-0.010260027833282948,mappo,1.6316582332365215e-05,-0.5294869542121887,0.0007740246748916305,753.0,,,,,,,,,,,,,,0.0,,,,,0.015054067596793175,0.006666666828095913
,mappo,,,,753.0,0.0,0.0,0.3333333432674408,0.0,0.0,0.0,0.3333333432674408,0.0,0.0,0.0,0.0,0.0,0.0,,,,,,,
-0.004860398825258017,mappo,7.468677358701825e-05,-0.5410674810409546,0.0007737245748582861,754.0,,,,,,,,,,,,,,0.0,,,,,0.015099750831723213,0.006666666828095913
,mappo,,,,754.0,0.0,0.0,0.3333333432674408,0.0,0.0,0.0,0.3333333432674408,0.0,0.0,0.0,0.0,0.0,0.0,,,,,,,
0.004448784980922937,mappo,0.00013532685989048332,-0.5655062198638916,0.0007734244748249417,755.0,,,,,,,,,,,,,,0.0,,,,,0.014223223552107811,0.0
,mappo,,,,755.0,0.0,0.0,0.0,0.0,0.0,0.0,0.0,0.0,0.0,0.0,0.0,0.0,0.0,,,,,,,
-0.011126668192446232,mappo,7.37950176699087e-05,-0.5837329030036926,0.0007731243747915972,756.0,,,,,,,,,,,,,,0.0,,,,,0.014232920482754707,0.0
,mappo,,,,756.0,0.0,0.0,0.0,0.0,0.0,0.0,0.0,0.0,0.0,0.0,0.0,0.0,0.0,,,,,,,
0.0036713138688355684,mappo,0.00014694081619381905,-0.6128857135772705,0.0007728242747582528,757.0,,,,,,,,,,,,,,0.0,,,,,0.014189798384904861,0.0
,mappo,,,,757.0,0.0,0.0,0.0,0.0,0.0,0.0,0.0,0.0,0.0,0.0,0.0,0.0,0.0,,,,,,,
-0.009964588098227978,mappo,4.011705095763318e-05,-0.6346131563186646,0.0007725241747249083,758.0,,,,,,,,,,,,,,0.0,,,,,0.014215134084224701,0.0
,mappo,,,,758.0,0.0,0.0,0.0,0.0,0.0,0.0,0.0,0.0,0.0,0.0,0.0,0.0,0.0,,,,,,,
-0.0029782652854919434,mappo,7.021993224043399e-05,-0.6602506637573242,0.0007722240746915639,759.0,,,,,,,,,,,,,,0.0,,,,,0.014222120866179466,0.0
,mappo,,,,759.0,0.0,0.0,0.0,0.0,0.0,0.0,0.0,0.0,0.0,0.0,0.0,0.0,0.0,,,,,,,
-0.003078046254813671,mappo,6.254389973037178e-06,-0.645910918712616,0.0007719239746582195,760.0,,,,,,,,,,,,,,0.0,,,,,0.014207324013113976,0.0
,mappo,,,,760.0,0.0,0.0,0.0,0.0,0.0,0.0,0.0,0.0,0.0,0.0,0.0,0.0,0.0,,,,,,,
0.004094259347766638,mappo,5.6823068007361144e-05,-0.6223351955413818,0.000771623874624875,761.0,,,,,,,,,,,,,,0.0,,,,,0.015191420912742615,0.006666666828095913
,mappo,,,,761.0,0.0,0.0,0.3333333432674408,0.0,0.0,0.0,0.3333333432674408,0.0,0.0,0.0,0.0,0.0,0.0,,,,,,,
-0.0013503411319106817,mappo,6.601900622626999e-06,-0.6301073431968689,0.0007713237745915305,762.0,,,,,,,,,,,,,,0.0,,,,,0.014206604100763798,0.0
,mappo,,,,762.0,0.0,0.0,0.0,0.0,0.0,0.0,0.0,0.0,0.0,0.0,0.0,0.0,0.0,,,,,,,
-0.004704671911895275,mappo,1.332263582298765e-05,-0.603563666343689,0.0007710236745581861,763.0,,,,,,,,,,,,,,0.0,,,,,0.01509123481810093,0.006666666828095913
,mappo,,,,763.0,0.0,0.0,0.3333333432674408,0.0,0.0,0.0,0.3333333432674408,0.0,0.0,0.0,0.0,0.0,0.0,,,,,,,
0.03447606787085533,mappo,3.064166594413109e-05,-0.632977306842804,0.0007707235745248416,764.0,,,,,,,,,,,,,,0.0,,,,,0.015140230767428875,0.006666666828095913
,mappo,,,,764.0,0.0,0.0,0.3333333432674408,0.0,0.0,0.0,0.3333333432674408,0.0,0.0,0.0,0.0,0.0,0.0,,,,,,,
-0.010134472511708736,mappo,0.00016806169878691435,-0.6589966416358948,0.0007704234744914972,765.0,,,,,,,,,,,,,,0.0,,,,,0.01423538476228714,0.0
,mappo,,,,765.0,0.0,0.0,0.0,0.0,0.0,0.0,0.0,0.0,0.0,0.0,0.0,0.0,0.0,,,,,,,
0.0014552397187799215,mappo,7.352479588007554e-05,-0.6756435036659241,0.0007701233744581528,766.0,,,,,,,,,,,,,,0.0,,,,,0.014227135106921196,0.0
,mappo,,,,766.0,0.0,0.0,0.0,0.0,0.0,0.0,0.0,0.0,0.0,0.0,0.0,0.0,0.0,,,,,,,
0.0030784301925450563,mappo,1.9048497051699087e-05,-0.6640226244926453,0.0007698232744248083,767.0,,,,,,,,,,,,,,0.0,,,,,0.015122603625059128,0.006666666828095913
,mappo,,,,767.0,0.0,0.0,0.3333333432674408,0.0,0.0,0.0,0.3333333432674408,0.0,0.0,0.0,0.0,0.0,0.0,,,,,,,
-0.008239948190748692,mappo,4.994730988983065e-05,-0.6539241075515747,0.0007695231743914639,768.0,,,,,,,,,,,,,,0.0,,,,,0.015191372483968735,0.006666666828095913
,mappo,,,,768.0,0.0,0.0,0.3333333432674408,0.0,0.0,0.0,0.3333333432674408,0.0,0.0,0.0,0.0,0.0,0.0,,,,,,,
-0.013188716024160385,mappo,2.4355393179575913e-05,-0.6431310772895813,0.0007692230743581194,769.0,,,,,,,,,,,,,,0.0,,,,,0.015219148248434067,0.006666666828095913
,mappo,,,,769.0,0.0,0.0,0.3333333432674408,0.0,0.0,0.0,0.3333333432674408,0.0,0.0,0.0,0.0,0.0,0.0,,,,,,,
-0.0010166462743654847,mappo,2.237550688732881e-05,-0.630847156047821,0.000768922974324775,770.0,,,,,,,,,,,,,,0.0,,,,,0.01508844830095768,0.006666666828095913
,mappo,,,,770.0,0.0,0.0,0.3333333432674408,0.0,0.0,0.0,0.3333333432674408,0.0,0.0,0.0,0.0,0.0,0.0,,,,,,,
0.032938599586486816,mappo,5.896310540265404e-06,-0.6582229137420654,0.0007686228742914305,771.0,,,,,,,,,,,,,,0.0,,,,,0.015195085667073727,0.006666666828095913
,mappo,,,,771.0,0.0,0.0,0.3333333432674408,0.0,0.0,0.0,0.3333333432674408,0.0,0.0,0.0,0.0,0.0,0.0,,,,,,,
0.05041684955358505,mappo,5.1413531764410436e-05,-0.6649656295776367,0.000768322774258086,772.0,,,,,,,,,,,,,,0.0,,,,,0.014228455722332,0.0
,mappo,,,,772.0,0.0,0.0,0.0,0.0,0.0,0.0,0.0,0.0,0.0,0.0,0.0,0.0,0.0,,,,,,,
0.03447779268026352,mappo,3.71095011360012e-05,-0.6837913393974304,0.0007680226742247416,773.0,,,,,,,,,,,,,,0.0,,,,,0.01422615721821785,0.0
,mappo,,,,773.0,0.0,0.0,0.0,0.0,0.0,0.0,0.0,0.0,0.0,0.0,0.0,0.0,0.0,,,,,,,
0.016270721331238747,mappo,1.061954208125826e-05,-0.6545273065567017,0.0007677225741913971,774.0,,,,,,,,,,,,,,0.0,,,,,0.015200074762105942,0.006666666828095913
,mappo,,,,774.0,0.0,0.0,0.3333333432674408,0.0,0.0,0.0,0.3333333432674408,0.0,0.0,0.0,0.0,0.0,0.0,,,,,,,
0.04418984428048134,mappo,9.603999387763906e-06,-0.684600830078125,0.0007674224741580527,775.0,,,,,,,,,,,,,,0.0,,,,,0.01514541544020176,0.006666666828095913
,mappo,,,,775.0,0.0,0.0,0.3333333432674408,0.0,0.0,0.0,0.3333333432674408,0.0,0.0,0.0,0.0,0.0,0.0,,,,,,,
0.017499348148703575,mappo,7.805459972587414e-06,-0.7029568552970886,0.0007671223741247083,776.0,,,,,,,,,,,,,,0.0,,,,,0.015126494690775871,0.006666666828095913
,mappo,,,,776.0,0.0,0.0,0.3333333432674408,0.0,0.0,0.0,0.3333333432674408,0.0,0.0,0.0,0.0,0.0,0.0,,,,,,,
0.0043295822106301785,mappo,1.3334639334061649e-05,-0.7095485329627991,0.0007668222740913639,777.0,,,,,,,,,,,,,,0.0,,,,,0.01515011116862297,0.006666666828095913
,mappo,,,,777.0,0.0,0.0,0.3333333432674408,0.0,0.0,0.0,0.3333333432674408,0.0,0.0,0.0,0.0,0.0,0.0,,,,,,,
-0.00342663936316967,mappo,6.677617420791648e-06,-0.7224182486534119,0.0007665221740580194,778.0,,,,,,,,,,,,,,0.0,,,,,0.015208466909825802,0.006666666828095913
,mappo,,,,778.0,0.0,0.0,0.3333333432674408,0.0,0.0,0.0,0.3333333432674408,0.0,0.0,0.0,0.0,0.0,0.0,,,,,,,
-0.003636493580415845,mappo,4.142114903515903e-06,-0.7053073048591614,0.000766222074024675,779.0,,,,,,,,,,,,,,0.0,,,,,0.015198728069663048,0.006666666828095913
,mappo,,,,779.0,0.0,0.0,0.3333333432674408,0.0,0.0,0.0,0.3333333432674408,0.0,0.0,0.0,0.0,0.0,0.0,,,,,,,
-0.009020411409437656,mappo,2.4001801648410037e-06,-0.6929410099983215,0.0007659219739913304,780.0,,,,,,,,,,,,,,0.0,,,,,0.0153104392811656,0.006666666828095913
,mappo,,,,780.0,0.0,0.0,0.3333333432674408,0.0,0.0,0.0,0.3333333432674408,0.0,0.0,0.0,0.0,0.0,0.0,,,,,,,
0.005963748320937157,mappo,1.2750168707498233e-06,-0.6785768866539001,0.000765621873957986,781.0,,,,,,,,,,,,,,0.0,,,,,0.015264932997524738,0.006666666828095913
,mappo,,,,781.0,0.0,0.0,0.3333333432674408,0.0,0.0,0.0,0.3333333432674408,0.0,0.0,0.0,0.0,0.0,0.0,,,,,,,
-0.006854327395558357,mappo,2.19854246097384e-06,-0.6748899221420288,0.0007653217739246416,782.0,,,,,,,,,,,,,,0.0,,,,,0.015279893763363361,0.006666666828095913
,mappo,,,,782.0,0.0,0.0,0.3333333432674408,0.0,0.0,0.0,0.3333333432674408,0.0,0.0,0.0,0.0,0.0,0.0,,,,,,,
0.0012121042236685753,mappo,8.087366040854249e-06,-0.6588935852050781,0.0007650216738912971,783.0,,,,,,,,,,,,,,0.0,,,,,0.015202282927930355,0.006666666828095913
,mappo,,,,783.0,0.0,0.0,0.3333333432674408,0.0,0.0,0.0,0.3333333432674408,0.0,0.0,0.0,0.0,0.0,0.0,,,,,,,
-0.0039038504473865032,mappo,7.104018550307956e-06,-0.6420261859893799,0.0007647215738579527,784.0,,,,,,,,,,,,,,0.0,,,,,0.0150937894359231,0.006666666828095913
,mappo,,,,784.0,0.0,0.0,0.3333333432674408,0.0,0.0,0.0,0.3333333432674408,0.0,0.0,0.0,0.0,0.0,0.0,,,,,,,
0.0026997169479727745,mappo,2.8673746328422567e-06,-0.6286261677742004,0.0007644214738246082,785.0,,,,,,,,,,,,,,0.0,,,,,0.015261347405612469,0.006666666828095913
,mappo,,,,785.0,0.0,0.0,0.3333333432674408,0.0,0.0,0.0,0.3333333432674408,0.0,0.0,0.0,0.0,0.0,0.0,,,,,,,
-0.0034904207568615675,mappo,2.9083860226819525e-06,-0.6297338604927063,0.0007641213737912638,786.0,,,,,,,,,,,,,,0.0,,,,,0.015180767513811588,0.006666666828095913
,mappo,,,,786.0,0.0,0.0,0.3333333432674408,0.0,0.0,0.0,0.3333333432674408,0.0,0.0,0.0,0.0,0.0,0.0,,,,,,,
0.0021096467971801758,mappo,1.351600758425775e-06,-0.6294349431991577,0.0007638212737579194,787.0,,,,,,,,,,,,,,0.0,,,,,0.015245265327394009,0.006666666828095913
,mappo,,,,787.0,0.0,0.0,0.3333333432674408,0.0,0.0,0.0,0.3333333432674408,0.0,0.0,0.0,0.0,0.0,0.0,,,,,,,
-0.0031634701881557703,mappo,9.253585631086025e-07,-0.6334847807884216,0.000763521173724575,788.0,,,,,,,,,,,,,,0.0,,,,,0.015240268781781197,0.006666666828095913
,mappo,,,,788.0,0.0,0.0,0.3333333432674408,0.0,0.0,0.0,0.3333333432674408,0.0,0.0,0.0,0.0,0.0,0.0,,,,,,,
0.00432980852201581,mappo,5.855941935806186e-07,-0.6346531510353088,0.0007632210736912304,789.0,,,,,,,,,,,,,,0.0,,,,,0.015233286656439304,0.006666666828095913
,mappo,,,,789.0,0.0,0.0,0.3333333432674408,0.0,0.0,0.0,0.3333333432674408,0.0,0.0,0.0,0.0,0.0,0.0,,,,,,,
0.054647739976644516,mappo,4.67724930786062e-06,-0.6653018593788147,0.000762920973657886,790.0,,,,,,,,,,,,,,0.0,,,,,0.015150927007198334,0.006666666828095913
,mappo,,,,790.0,0.0,0.0,0.3333333432674408,0.0,0.0,0.0,0.3333333432674408,0.0,0.0,0.0,0.0,0.0,0.0,,,,,,,
0.015935640782117844,mappo,4.4824978431279305e-06,-0.6601486802101135,0.0007626208736245415,791.0,,,,,,,,,,,,,,0.0,,,,,0.015211669728159904,0.006666666828095913
,mappo,,,,791.0,0.0,0.0,0.3333333432674408,0.0,0.0,0.0,0.3333333432674408,0.0,0.0,0.0,0.0,0.0,0.0,,,,,,,
0.018887953832745552,mappo,1.0168748758587753e-06,-0.6731650233268738,0.0007623207735911971,792.0,,,,,,,,,,,,,,0.0,,,,,0.015274850651621819,0.006666666828095913
,mappo,,,,792.0,0.0,0.0,0.3333333432674408,0.0,0.0,0.0,0.3333333432674408,0.0,0.0,0.0,0.0,0.0,0.0,,,,,,,
0.016289683058857918,mappo,1.724962658045115e-06,-0.6736600995063782,0.0007620206735578527,793.0,,,,,,,,,,,,,,0.0,,,,,0.015156774781644344,0.006666666828095913
,mappo,,,,793.0,0.0,0.0,0.3333333432674408,0.0,0.0,0.0,0.3333333432674408,0.0,0.0,0.0,0.0,0.0,0.0,,,,,,,
-0.0033956989645957947,mappo,2.4096195829770295e-06,-0.674385666847229,0.0007617205735245082,794.0,,,,,,,,,,,,,,0.0,,,,,0.015187989920377731,0.006666666828095913
,mappo,,,,794.0,0.0,0.0,0.3333333432674408,0.0,0.0,0.0,0.3333333432674408,0.0,0.0,0.0,0.0,0.0,0.0,,,,,,,
0.001263190759345889,mappo,9.237606946044252e-07,-0.6927938461303711,0.0007614204734911638,795.0,,,,,,,,,,,,,,0.0,,,,,0.015149503946304321,0.006666666828095913
,mappo,,,,795.0,0.0,0.0,0.3333333432674408,0.0,0.0,0.0,0.3333333432674408,0.0,0.0,0.0,0.0,0.0,0.0,,,,,,,
0.00026122707640752196,mappo,9.110661380873353e-07,-0.6894394159317017,0.0007611203734578193,796.0,,,,,,,,,,,,,,0.0,,,,,0.015235687606036663,0.006666666828095913
,mappo,,,,796.0,0.0,0.0,0.3333333432674408,0.0,0.0,0.0,0.3333333432674408,0.0,0.0,0.0,0.0,0.0,0.0,,,,,,,
-0.004470905289053917,mappo,4.3473121991155494e-07,-0.6995149850845337,0.0007608202734244748,797.0,,,,,,,,,,,,,,0.0,,,,,0.015266712754964828,0.006666666828095913
,mappo,,,,797.0,0.0,0.0,0.3333333432674408,0.0,0.0,0.0,0.3333333432674408,0.0,0.0,0.0,0.0,0.0,0.0,,,,,,,
-0.007577313110232353,mappo,4.420109576130926e-07,-0.7104129791259766,0.0007605201733911304,798.0,,,,,,,,,,,,,,0.0,,,,,0.01520535908639431,0.006666666828095913
,mappo,,,,798.0,0.0,0.0,0.3333333432674408,0.0,0.0,0.0,0.3333333432674408,0.0,0.0,0.0,0.0,0.0,0.0,,,,,,,
0.0034146287944167852,mappo,3.495677447062917e-06,-0.7429535984992981,0.000760220073357786,799.0,,,,,,,,,,,,,,0.0,,,,,0.01519392803311348,0.006666666828095913
,mappo,,,,799.0,0.0,0.0,0.3333333432674408,0.0,0.0,0.0,0.3333333432674408,0.0,0.0,0.0,0.0,0.0,0.0,,,,,,,
,mappo,,,,799.0,,,,,,,,,,,,,,,0.0,0.0,0.0,0.0,,
0.005772051401436329,mappo,1.907793830469018e-06,-0.7676306366920471,0.0007599199733244415,800.0,,,,,,,,,,,,,,0.0,,,,,0.015140701085329056,0.006666666828095913
,mappo,,,,800.0,0.0,0.0,0.3333333432674408,0.0,0.0,0.0,0.3333333432674408,0.0,0.0,0.0,0.0,0.0,0.0,,,,,,,
-0.0053899167105555534,mappo,1.8846384364223923e-06,-0.7902249097824097,0.0007596198732910971,801.0,,,,,,,,,,,,,,0.0,,,,,0.015123877674341202,0.006666666828095913
,mappo,,,,801.0,0.0,0.0,0.3333333432674408,0.0,0.0,0.0,0.3333333432674408,0.0,0.0,0.0,0.0,0.0,0.0,,,,,,,
0.0014651917153969407,mappo,2.0128954929532483e-06,-0.7991663813591003,0.0007593197732577526,802.0,,,,,,,,,,,,,,0.0,,,,,0.015165017917752266,0.006666666828095913
,mappo,,,,802.0,0.0,0.0,0.3333333432674408,0.0,0.0,0.0,0.3333333432674408,0.0,0.0,0.0,0.0,0.0,0.0,,,,,,,
-0.004465226083993912,mappo,3.5807857784675434e-05,-0.823478102684021,0.0007590196732244082,803.0,,,,,,,,,,,,,,0.0,,,,,0.014214050024747849,0.0
,mappo,,,,803.0,0.0,0.0,0.0,0.0,0.0,0.0,0.0,0.0,0.0,0.0,0.0,0.0,0.0,,,,,,,
0.0038127973675727844,mappo,1.8407417883281596e-05,-0.8170695900917053,0.0007587195731910637,804.0,,,,,,,,,,,,,,0.0,,,,,0.015194233506917953,0.006666666828095913
,mappo,,,,804.0,0.0,0.0,0.3333333432674408,0.0,0.0,0.0,0.3333333432674408,0.0,0.0,0.0,0.0,0.0,0.0,,,,,,,
0.005643485113978386,mappo,1.0043529073300306e-05,-0.8238388299942017,0.0007584194731577193,805.0,,,,,,,,,,,,,,0.0,,,,,0.015143319964408875,0.006666666828095913
,mappo,,,,805.0,0.0,0.0,0.3333333432674408,0.0,0.0,0.0,0.3333333432674408,0.0,0.0,0.0,0.0,0.0,0.0,,,,,,,
-0.0039209662936627865,mappo,4.3208798160776496e-05,-0.8367326259613037,0.0007581193731243747,806.0,,,,,,,,,,,,,,0.0,,,,,0.01421639509499073,0.0
,mappo,,,,806.0,0.0,0.0,0.0,0.0,0.0,0.0,0.0,0.0,0.0,0.0,0.0,0.0,0.0,,,,,,,
-0.004838502500206232,mappo,5.176867853151634e-05,-0.8196964859962463,0.0007578192730910303,807.0,,,,,,,,,,,,,,0.0,,,,,0.014251741580665112,0.0
,mappo,,,,807.0,0.0,0.0,0.0,0.0,0.0,0.0,0.0,0.0,0.0,0.0,0.0,0.0,0.0,,,,,,,
-0.000872107979375869,mappo,4.7913286834955215e-05,-0.8126298189163208,0.0007575191730576859,808.0,,,,,,,,,,,,,,0.0,,,,,0.014209844172000885,0.0
,mappo,,,,808.0,0.0,0.0,0.0,0.0,0.0,0.0,0.0,0.0,0.0,0.0,0.0,0.0,0.0,,,,,,,
-0.004911012947559357,mappo,3.62664541171398e-05,-0.8109127283096313,0.0007572190730243415,809.0,,,,,,,,,,,,,,0.0,,,,,0.014202222228050232,0.0
,mappo,,,,809.0,0.0,0.0,0.0,0.0,0.0,0.0,0.0,0.0,0.0,0.0,0.0,0.0,0.0,,,,,,,
-0.000712675042450428,mappo,9.769955795491114e-05,-0.8032031655311584,0.0007569189729909971,810.0,,,,,,,,,,,,,,0.0,,,,,0.015163127332925797,0.006666666828095913
,mappo,,,,810.0,0.0,0.0,0.3333333432674408,0.0,0.0,0.0,0.3333333432674408,0.0,0.0,0.0,0.0,0.0,0.0,,,,,,,
-0.0007528739515691996,mappo,3.330947947688401e-05,-0.8282474279403687,0.0007566188729576526,811.0,,,,,,,,,,,,,,0.0,,,,,0.014226699247956276,0.0
,mappo,,,,811.0,0.0,0.0,0.0,0.0,0.0,0.0,0.0,0.0,0.0,0.0,0.0,0.0,0.0,,,,,,,
0.11087742447853088,mappo,3.581120108719915e-05,-0.8502360582351685,0.0007563187729243082,812.0,,,,,,,,,,,,,,0.0,,,,,0.014225220307707787,0.0
,mappo,,,,812.0,0.0,0.0,0.0,0.0,0.0,0.0,0.0,0.0,0.0,0.0,0.0,0.0,0.0,,,,,,,
-0.0029031855519860983,mappo,1.508606055722339e-05,-0.8160076141357422,0.0007560186728909637,813.0,,,,,,,,,,,,,,0.0,,,,,0.015200359746813774,0.006666666828095913
,mappo,,,,813.0,0.0,0.0,0.3333333432674408,0.0,0.0,0.0,0.3333333432674408,0.0,0.0,0.0,0.0,0.0,0.0,,,,,,,
0.029148029163479805,mappo,2.0723771740449592e-05,-0.8235917687416077,0.0007557185728576193,814.0,,,,,,,,,,,,,,0.0,,,,,0.014227427542209625,0.0
,mappo,,,,814.0,0.0,0.0,0.0,0.0,0.0,0.0,0.0,0.0,0.0,0.0,0.0,0.0,0.0,,,,,,,
0.04894803836941719,mappo,1.0373354598414153e-05,-0.8075265288352966,0.0007554184728242748,815.0,,,,,,,,,,,,,,0.0,,,,,0.015233289450407028,0.006666666828095913
,mappo,,,,815.0,0.0,0.0,0.3333333432674408,0.0,0.0,0.0,0.3333333432674408,0.0,0.0,0.0,0.0,0.0,0.0,,,,,,,
0.011682581156492233,mappo,2.1511566956178285e-05,-0.8312669992446899,0.0007551183727909303,816.0,,,,,,,,,,,,,,0.0,,,,,0.014240597374737263,0.0
,mappo,,,,816.0,0.0,0.0,0.0,0.0,0.0,0.0,0.0,0.0,0.0,0.0,0.0,0.0,0.0,,,,,,,
-0.002541848225519061,mappo,1.5793908460182138e-05,-0.7815471291542053,0.0007548182727575858,817.0,,,,,,,,,,,,,,0.0,,,,,0.015262993983924389,0.006666666828095913
,mappo,,,,817.0,0.0,0.0,0.3333333432674408,0.0,0.0,0.0,0.3333333432674408,0.0,0.0,0.0,0.0,0.0,0.0,,,,,,,
0.005936230067163706,mappo,1.7508806195110083e-05,-0.8090065717697144,0.0007545181727242414,818.0,,,,,,,,,,,,,,0.0,,,,,0.014231661334633827,0.0
,mappo,,,,818.0,0.0,0.0,0.0,0.0,0.0,0.0,0.0,0.0,0.0,0.0,0.0,0.0,0.0,,,,,,,
0.008325249888002872,mappo,1.6439455066574737e-05,-0.7534802556037903,0.000754218072690897,819.0,,,,,,,,,,,,,,0.0,,,,,0.015111654996871948,0.006666666828095913
,mappo,,,,819.0,0.0,0.0,0.3333333432674408,0.0,0.0,0.0,0.3333333432674408,0.0,0.0,0.0,0.0,0.0,0.0,,,,,,,
0.011497054249048233,mappo,1.3735261745750904e-06,-0.7468481659889221,0.0007539179726575526,820.0,,,,,,,,,,,,,,0.0,,,,,0.015199285000562668,0.006666666828095913
,mappo,,,,820.0,0.0,0.0,0.3333333432674408,0.0,0.0,0.0,0.3333333432674408,0.0,0.0,0.0,0.0,0.0,0.0,,,,,,,
-0.0037572067230939865,mappo,1.7238779037143104e-05,-0.7546483278274536,0.0007536178726242081,821.0,,,,,,,,,,,,,,0.0,,,,,0.015209026634693146,0.006666666828095913
,mappo,,,,821.0,0.0,0.0,0.3333333432674408,0.0,0.0,0.0,0.3333333432674408,0.0,0.0,0.0,0.0,0.0,0.0,,,,,,,
-0.005107106640934944,mappo,2.2754102246835828e-06,-0.771432638168335,0.0007533177725908637,822.0,,,,,,,,,,,,,,0.0,,,,,0.015140874311327934,0.006666666828095913
,mappo,,,,822.0,0.0,0.0,0.3333333432674408,0.0,0.0,0.0,0.3333333432674408,0.0,0.0,0.0,0.0,0.0,0.0,,,,,,,
-0.006206771824508905,mappo,4.786264980793931e-06,-0.7983862161636353,0.0007530176725575191,823.0,,,,,,,,,,,,,,0.0,,,,,0.015297077596187592,0.006666666828095913
,mappo,,,,823.0,0.0,0.0,0.3333333432674408,0.0,0.0,0.0,0.3333333432674408,0.0,0.0,0.0,0.0,0.0,0.0,,,,,,,
0.04877891391515732,mappo,1.0445000953041017e-06,-0.7800216674804688,0.0007527175725241747,824.0,,,,,,,,,,,,,,0.0,,,,,0.01520321611315012,0.006666666828095913
,mappo,,,,824.0,0.0,0.0,0.3333333432674408,0.0,0.0,0.0,0.3333333432674408,0.0,0.0,0.0,0.0,0.0,0.0,,,,,,,
0.002322653541341424,mappo,4.8564106691628695e-06,-0.7772478461265564,0.0007524174724908303,825.0,,,,,,,,,,,,,,0.0,,,,,0.015213508158922195,0.006666666828095913
,mappo,,,,825.0,0.0,0.0,0.3333333432674408,0.0,0.0,0.0,0.3333333432674408,0.0,0.0,0.0,0.0,0.0,0.0,,,,,,,
0.008920097723603249,mappo,1.2591841596076847e-06,-0.7949563264846802,0.0007521173724574859,826.0,,,,,,,,,,,,,,0.0,,,,,0.015223061665892601,0.006666666828095913
,mappo,,,,826.0,0.0,0.0,0.3333333432674408,0.0,0.0,0.0,0.3333333432674408,0.0,0.0,0.0,0.0,0.0,0.0,,,,,,,
0.05668149143457413,mappo,2.368504283367656e-06,-0.7751498818397522,0.0007518172724241414,827.0,,,,,,,,,,,,,,0.0,,,,,0.015255127102136612,0.006666666828095913
,mappo,,,,827.0,0.0,0.0,0.3333333432674408,0.0,0.0,0.0,0.3333333432674408,0.0,0.0,0.0,0.0,0.0,0.0,,,,,,,
0.025340033695101738,mappo,5.147122692505945e-07,-0.7855685949325562,0.0007515171723907969,828.0,,,,,,,,,,,,,,0.0,,,,,0.015285711735486984,0.006666666828095913
,mappo,,,,828.0,0.0,0.0,0.3333333432674408,0.0,0.0,0.0,0.3333333432674408,0.0,0.0,0.0,0.0,0.0,0.0,,,,,,,
-0.0026449181605130434,mappo,1.7934205516212387e-06,-0.7720102667808533,0.0007512170723574525,829.0,,,,,,,,,,,,,,0.0,,,,,0.015336193144321442,0.006666666828095913
,mappo,,,,829.0,0.0,0.0,0.3333333432674408,0.0,0.0,0.0,0.3333333432674408,0.0,0.0,0.0,0.0,0.0,0.0,,,,,,,
-0.0036907384637743235,mappo,1.579921899974579e-06,-0.7711691856384277,0.0007509169723241081,830.0,,,,,,,,,,,,,,0.0,,,,,0.015262620523571968,0.006666666828095913
,mappo,,,,830.0,0.0,0.0,0.3333333432674408,0.0,0.0,0.0,0.3333333432674408,0.0,0.0,0.0,0.0,0.0,0.0,,,,,,,
-0.008385233581066132,mappo,7.404654752463102e-06,-0.7490593791007996,0.0007506168722907637,831.0,,,,,,,,,,,,,,0.0,,,,,0.015152273699641228,0.006666666828095913
,mappo,,,,831.0,0.0,0.0,0.3333333432674408,0.0,0.0,0.0,0.3333333432674408,0.0,0.0,0.0,0.0,0.0,0.0,,,,,,,
0.01686643250286579,mappo,9.104558671424456e-07,-0.7408972382545471,0.0007503167722574191,832.0,,,,,,,,,,,,,,0.0,,,,,0.015243245288729668,0.006666666828095913
,mappo,,,,832.0,0.0,0.0,0.3333333432674408,0.0,0.0,0.0,0.3333333432674408,0.0,0.0,0.0,0.0,0.0,0.0,,,,,,,
-0.0015424182638525963,mappo,1.867633500296506e-06,-0.7320460677146912,0.0007500166722240747,833.0,,,,,,,,,,,,,,0.0,,,,,0.0151998121291399,0.006666666828095913
,mappo,,,,833.0,0.0,0.0,0.3333333432674408,0.0,0.0,0.0,0.3333333432674408,0.0,0.0,0.0,0.0,0.0,0.0,,,,,,,
-0.006512126419693232,mappo,7.787988351992681e-07,-0.7272554636001587,0.0007497165721907302,834.0,,,,,,,,,,,,,,0.0,,,,,0.015229634940624237,0.006666666828095913
,mappo,,,,834.0,0.0,0.0,0.3333333432674408,0.0,0.0,0.0,0.3333333432674408,0.0,0.0,0.0,0.0,0.0,0.0,,,,,,,
-0.0025329221971333027,mappo,9.107479854719713e-07,-0.7361674904823303,0.0007494164721573858,835.0,,,,,,,,,,,,,,0.0,,,,,0.015275673009455204,0.006666666828095913
,mappo,,,,835.0,0.0,0.0,0.3333333432674408,0.0,0.0,0.0,0.3333333432674408,0.0,0.0,0.0,0.0,0.0,0.0,,,,,,,
0.004502883646637201,mappo,4.972346232534619e-06,-0.7535861134529114,0.0007491163721240414,836.0,,,,,,,,,,,,,,0.0,,,,,0.015149211511015892,0.006666666828095913
,mappo,,,,836.0,0.0,0.0,0.3333333432674408,0.0,0.0,0.0,0.3333333432674408,0.0,0.0,0.0,0.0,0.0,0.0,,,,,,,
0.003748956136405468,mappo,5.617607712338213e-07,-0.7747403383255005,0.000748816272090697,837.0,,,,,,,,,,,,,,0.0,,,,,0.015229817479848862,0.006666666828095913
,mappo,,,,837.0,0.0,0.0,0.3333333432674408,0.0,0.0,0.0,0.3333333432674408,0.0,0.0,0.0,0.0,0.0,0.0,,,,,,,
0.001662690774537623,mappo,1.1947228131248266e-06,-0.7803834080696106,0.0007485161720573525,838.0,,,,,,,,,,,,,,0.0,,,,,0.015247194096446037,0.006666666828095913
,mappo,,,,838.0,0.0,0.0,0.3333333432674408,0.0,0.0,0.0,0.3333333432674408,0.0,0.0,0.0,0.0,0.0,0.0,,,,,,,
-0.0004020218038931489,mappo,1.7817428670241497e-06,-0.7744364142417908,0.000748216072024008,839.0,,,,,,,,,,,,,,0.0,,,,,0.015206551179289818,0.006666666828095913
,mappo,,,,839.0,0.0,0.0,0.3333333432674408,0.0,0.0,0.0,0.3333333432674408,0.0,0.0,0.0,0.0,0.0,0.0,,,,,,,
0.0043228319846093655,mappo,2.2991323476162506e-06,-0.7660486102104187,0.0007479159719906636,840.0,,,,,,,,,,,,,,0.0,,,,,0.015235165134072304,0.006666666828095913
,mappo,,,,840.0,0.0,0.0,0.3333333432674408,0.0,0.0,0.0,0.3333333432674408,0.0,0.0,0.0,0.0,0.0,0.0,,,,,,,
0.003625982441008091,mappo,5.384647465689341e-07,-0.7536301016807556,0.0007476158719573192,841.0,,,,,,,,,,,,,,0.0,,,,,0.01525929756462574,0.006666666828095913
,mappo,,,,841.0,0.0,0.0,0.3333333432674408,0.0,0.0,0.0,0.3333333432674408,0.0,0.0,0.0,0.0,0.0,0.0,,,,,,,
-0.005248594097793102,mappo,1.0239061793981818e-06,-0.7511245012283325,0.0007473157719239747,842.0,,,,,,,,,,,,,,0.0,,,,,0.015212835744023323,0.006666666828095913
,mappo,,,,842.0,0.0,0.0,0.3333333432674408,0.0,0.0,0.0,0.3333333432674408,0.0,0.0,0.0,0.0,0.0,0.0,,,,,,,
-0.004500882234424353,mappo,8.566788096686651e-07,-0.7385324835777283,0.0007470156718906302,843.0,,,,,,,,,,,,,,0.0,,,,,0.01520690880715847,0.006666666828095913
,mappo,,,,843.0,0.0,0.0,0.3333333432674408,0.0,0.0,0.0,0.3333333432674408,0.0,0.0,0.0,0.0,0.0,0.0,,,,,,,
-0.008298304863274097,mappo,6.9247766987246e-07,-0.7294517755508423,0.0007467155718572858,844.0,,,,,,,,,,,,,,0.0,,,,,0.015262570232152939,0.006666666828095913
,mappo,,,,844.0,0.0,0.0,0.3333333432674408,0.0,0.0,0.0,0.3333333432674408,0.0,0.0,0.0,0.0,0.0,0.0,,,,,,,
0.009820302948355675,mappo,2.313865707037621e-06,-0.746171772480011,0.0007464154718239413,845.0,,,,,,,,,,,,,,0.0,,,,,0.015200634486973286,0.006666666828095913
,mappo,,,,845.0,0.0,0.0,0.3333333432674408,0.0,0.0,0.0,0.3333333432674408,0.0,0.0,0.0,0.0,0.0,0.0,,,,,,,
0.00209505925886333,mappo,1.4565443962055724e-05,-0.8034834861755371,0.0007461153717905969,846.0,,,,,,,,,,,,,,0.0,,,,,0.014199458062648773,0.0
,mappo,,,,846.0,0.0,0.0,0.0,0.0,0.0,0.0,0.0,0.0,0.0,0.0,0.0,0.0,0.0,,,,,,,
-0.00523175997659564,mappo,9.980106369766872e-06,-0.7510250806808472,0.0007458152717572525,847.0,,,,,,,,,,,,,,0.0,,,,,0.015119815245270729,0.006666666828095913
,mappo,,,,847.0,0.0,0.0,0.3333333432674408,0.0,0.0,0.0,0.3333333432674408,0.0,0.0,0.0,0.0,0.0,0.0,,,,,,,
-0.0010841658804565668,mappo,3.286040009697899e-05,-0.774483323097229,0.0007455151717239081,848.0,,,,,,,,,,,,,,0.0,,,,,0.01420682668685913,0.0
,mappo,,,,848.0,0.0,0.0,0.0,0.0,0.0,0.0,0.0,0.0,0.0,0.0,0.0,0.0,0.0,,,,,,,
0.08213352411985397,mappo,6.79310760460794e-05,-0.7837691903114319,0.0007452150716905635,849.0,,,,,,,,,,,,,,0.0,,,,,0.014239106327295303,0.0
,mappo,,,,849.0,0.0,0.0,0.0,0.0,0.0,0.0,0.0,0.0,0.0,0.0,0.0,0.0,0.0,,,,,,,
0.04064345732331276,mappo,3.7692891055485234e-05,-0.7635990381240845,0.000744914971657219,850.0,,,,,,,,,,,,,,0.0,,,,,0.014223648235201836,0.0
,mappo,,,,850.0,0.0,0.0,0.0,0.0,0.0,0.0,0.0,0.0,0.0,0.0,0.0,0.0,0.0,,,,,,,
0.08366543799638748,mappo,3.328351158415899e-05,-0.7752164006233215,0.0007446148716238746,851.0,,,,,,,,,,,,,,0.0,,,,,0.014233900234103203,0.0
,mappo,,,,851.0,0.0,0.0,0.0,0.0,0.0,0.0,0.0,0.0,0.0,0.0,0.0,0.0,0.0,,,,,,,
0.0389985628426075,mappo,2.428638435958419e-05,-0.7571789622306824,0.0007443147715905302,852.0,,,,,,,,,,,,,,0.0,,,,,0.0142478346824646,0.0
,mappo,,,,852.0,0.0,0.0,0.0,0.0,0.0,0.0,0.0,0.0,0.0,0.0,0.0,0.0,0.0,,,,,,,
-0.004691872745752335,mappo,1.7083506463677622e-05,-0.769959032535553,0.0007440146715571858,853.0,,,,,,,,,,,,,,0.0,,,,,0.01422121562063694,0.0
,mappo,,,,853.0,0.0,0.0,0.0,0.0,0.0,0.0,0.0,0.0,0.0,0.0,0.0,0.0,0.0,,,,,,,
0.009737645275890827,mappo,1.8813407223206013e-05,-0.7770190834999084,0.0007437145715238413,854.0,,,,,,,,,,,,,,0.0,,,,,0.014233941212296486,0.0
,mappo,,,,854.0,0.0,0.0,0.0,0.0,0.0,0.0,0.0,0.0,0.0,0.0,0.0,0.0,0.0,,,,,,,
0.015606461092829704,mappo,1.9442268239799887e-05,-0.8048111200332642,0.0007434144714904969,855.0,,,,,,,,,,,,,,0.0,,,,,0.014231075532734394,0.0
,mappo,,,,855.0,0.0,0.0,0.0,0.0,0.0,0.0,0.0,0.0,0.0,0.0,0.0,0.0,0.0,,,,,,,
0.012198144569993019,mappo,1.6687170500517823e-05,-0.8135510683059692,0.0007431143714571524,856.0,,,,,,,,,,,,,,0.0,,,,,0.014264862984418869,0.0
,mappo,,,,856.0,0.0,0.0,0.0,0.0,0.0,0.0,0.0,0.0,0.0,0.0,0.0,0.0,0.0,,,,,,,
-0.006636573933064938,mappo,1.681916182860732e-05,-0.8027263283729553,0.000742814271423808,857.0,,,,,,,,,,,,,,0.0,,,,,0.014197569340467453,0.0
,mappo,,,,857.0,0.0,0.0,0.0,0.0,0.0,0.0,0.0,0.0,0.0,0.0,0.0,0.0,0.0,,,,,,,
-0.0025242536794394255,mappo,8.72591117513366e-05,-0.7265981435775757,0.0007425141713904636,858.0,,,,,,,,,,,,,,0.0,,,,,0.015223252587020397,0.006666666828095913
,mappo,,,,858.0,0.0,0.0,0.3333333432674408,0.0,0.0,0.0,0.3333333432674408,0.0,0.0,0.0,0.0,0.0,0.0,,,,,,,
-0.008818569593131542,mappo,3.493336043902673e-05,-0.7254687547683716,0.0007422140713571192,859.0,,,,,,,,,,,,,,0.0,,,,,0.014208727516233921,0.0
,mappo,,,,859.0,0.0,0.0,0.0,0.0,0.0,0.0,0.0,0.0,0.0,0.0,0.0,0.0,0.0,,,,,,,
0.004639115184545517,mappo,4.430994886206463e-05,-0.68748539686203,0.0007419139713237745,860.0,,,,,,,,,,,,,,0.0,,,,,0.01417937595397234,0.0
,mappo,,,,860.0,0.0,0.0,0.0,0.0,0.0,0.0,0.0,0.0,0.0,0.0,0.0,0.0,0.0,,,,,,,
-0.00204959767870605,mappo,3.152616409352049e-05,-0.6346922516822815,0.0007416138712904301,861.0,,,,,,,,,,,,,,0.0,,,,,0.014186086133122444,0.0
,mappo,,,,861.0,0.0,0.0,0.0,0.0,0.0,0.0,0.0,0.0,0.0,0.0,0.0,0.0,0.0,,,,,,,
0.0008442902471870184,mappo,1.7075664800358936e-05,-0.6069756746292114,0.0007413137712570857,862.0,,,,,,,,,,,,,,0.0,,,,,0.014196059666574001,0.0
,mappo,,,,862.0,0.0,0.0,0.0,0.0,0.0,0.0,0.0,0.0,0.0,0.0,0.0,0.0,0.0,,,,,,,
0.004209969192743301,mappo,1.634054751775693e-05,-0.5962538123130798,0.0007410136712237413,863.0,,,,,,,,,,,,,,0.0,,,,,0.01419607549905777,0.0
,mappo,,,,863.0,0.0,0.0,0.0,0.0,0.0,0.0,0.0,0.0,0.0,0.0,0.0,0.0,0.0,,,,,,,
-0.00877816416323185,mappo,1.6863687051227316e-05,-0.5796722173690796,0.0007407135711903968,864.0,,,,,,,,,,,,,,0.0,,,,,0.014227497391402721,0.0
,mappo,,,,864.0,0.0,0.0,0.0,0.0,0.0,0.0,0.0,0.0,0.0,0.0,0.0,0.0,0.0,,,,,,,
0.009553520008921623,mappo,2.197797948610969e-05,-0.5481645464897156,0.0007404134711570524,865.0,,,,,,,,,,,,,,0.0,,,,,0.014251422137022018,0.0
,mappo,,,,865.0,0.0,0.0,0.0,0.0,0.0,0.0,0.0,0.0,0.0,0.0,0.0,0.0,0.0,,,,,,,
0.0053136213682591915,mappo,2.3973754650796764e-05,-0.5297341346740723,0.0007401133711237079,866.0,,,,,,,,,,,,,,0.0,,,,,0.014236398041248322,0.0
,mappo,,,,866.0,0.0,0.0,0.0,0.0,0.0,0.0,0.0,0.0,0.0,0.0,0.0,0.0,0.0,,,,,,,
-0.0028496221639215946,mappo,2.6105415599886328e-05,-0.5250760912895203,0.0007398132710903635,867.0,,,,,,,,,,,,,,0.0,,,,,0.014241615310311317,0.0
,mappo,,,,867.0,0.0,0.0,0.0,0.0,0.0,0.0,0.0,0.0,0.0,0.0,0.0,0.0,0.0,,,,,,,
0.0075034527108073235,mappo,1.7138121620519087e-05,-0.5253546833992004,0.000739513171057019,868.0,,,,,,,,,,,,,,0.0,,,,,0.01422351785004139,0.0
,mappo,,,,868.0,0.0,0.0,0.0,0.0,0.0,0.0,0.0,0.0,0.0,0.0,0.0,0.0,0.0,,,,,,,
-0.008835526183247566,mappo,1.5041357073641848e-05,-0.5242012143135071,0.0007392130710236746,869.0,,,,,,,,,,,,,,0.0,,,,,0.014232804998755455,0.0
,mappo,,,,869.0,0.0,0.0,0.0,0.0,0.0,0.0,0.0,0.0,0.0,0.0,0.0,0.0,0.0,,,,,,,
0.002087672706693411,mappo,8.555519343644846e-06,-0.5018600225448608,0.0007389129709903302,870.0,,,,,,,,,,,,,,0.0,,,,,0.014179693534970284,0.0
,mappo,,,,870.0,0.0,0.0,0.0,0.0,0.0,0.0,0.0,0.0,0.0,0.0,0.0,0.0,0.0,,,,,,,
0.011029199697077274,mappo,9.017136108013801e-06,-0.49713075160980225,0.0007386128709569856,871.0,,,,,,,,,,,,,,0.0,,,,,0.01426419522613287,0.0
,mappo,,,,871.0,0.0,0.0,0.0,0.0,0.0,0.0,0.0,0.0,0.0,0.0,0.0,0.0,0.0,,,,,,,
-0.001587707200087607,mappo,6.621883585467003e-06,-0.4815673232078552,0.0007383127709236412,872.0,,,,,,,,,,,,,,0.0,,,,,0.014195531606674194,0.0
,mappo,,,,872.0,0.0,0.0,0.0,0.0,0.0,0.0,0.0,0.0,0.0,0.0,0.0,0.0,0.0,,,,,,,
0.0003069876111112535,mappo,1.056456494552549e-05,-0.4609258472919464,0.0007380126708902968,873.0,,,,,,,,,,,,,,0.0,,,,,0.01418380718678236,0.0
,mappo,,,,873.0,0.0,0.0,0.0,0.0,0.0,0.0,0.0,0.0,0.0,0.0,0.0,0.0,0.0,,,,,,,
0.0012793669011443853,mappo,1.1475741303001996e-05,-0.4440365731716156,0.0007377125708569524,874.0,,,,,,,,,,,,,,0.0,,,,,0.014166725799441338,0.0
,mappo,,,,874.0,0.0,0.0,0.0,0.0,0.0,0.0,0.0,0.0,0.0,0.0,0.0,0.0,0.0,,,,,,,
0.00784770306199789,mappo,1.4535512491420377e-05,-0.4097613990306854,0.0007374124708236079,875.0,,,,,,,,,,,,,,0.0,,,,,0.014188658446073532,0.0
,mappo,,,,875.0,0.0,0.0,0.0,0.0,0.0,0.0,0.0,0.0,0.0,0.0,0.0,0.0,0.0,,,,,,,
-0.0034786975011229515,mappo,1.4332061255117878e-05,-0.41227468848228455,0.0007371123707902635,876.0,,,,,,,,,,,,,,0.0,,,,,0.014177190139889717,0.0
,mappo,,,,876.0,0.0,0.0,0.0,0.0,0.0,0.0,0.0,0.0,0.0,0.0,0.0,0.0,0.0,,,,,,,
-0.00951166357845068,mappo,1.328439793724101e-05,-0.40684688091278076,0.0007368122707569189,877.0,,,,,,,,,,,,,,0.0,,,,,0.014163696207106113,0.0
,mappo,,,,877.0,0.0,0.0,0.0,0.0,0.0,0.0,0.0,0.0,0.0,0.0,0.0,0.0,0.0,,,,,,,
0.012500501237809658,mappo,1.0005773219745606e-05,-0.42240726947784424,0.0007365121707235745,878.0,,,,,,,,,,,,,,0.0,,,,,0.014187385328114033,0.0
,mappo,,,,878.0,0.0,0.0,0.0,0.0,0.0,0.0,0.0,0.0,0.0,0.0,0.0,0.0,0.0,,,,,,,
0.034876272082328796,mappo,7.775373887852766e-06,-0.40523186326026917,0.0007362120706902301,879.0,,,,,,,,,,,,,,0.0,,,,,0.01416328176856041,0.0
,mappo,,,,879.0,0.0,0.0,0.0,0.0,0.0,0.0,0.0,0.0,0.0,0.0,0.0,0.0,0.0,,,,,,,
0.013740376569330692,mappo,7.474505764548667e-06,-0.42878657579421997,0.0007359119706568857,880.0,,,,,,,,,,,,,,0.0,,,,,0.014187125489115715,0.0
,mappo,,,,880.0,0.0,0.0,0.0,0.0,0.0,0.0,0.0,0.0,0.0,0.0,0.0,0.0,0.0,,,,,,,
0.020481456071138382,mappo,5.872735073353397e-06,-0.4195314645767212,0.0007356118706235412,881.0,,,,,,,,,,,,,,0.0,,,,,0.014174725860357285,0.0
,mappo,,,,881.0,0.0,0.0,0.0,0.0,0.0,0.0,0.0,0.0,0.0,0.0,0.0,0.0,0.0,,,,,,,
0.03752169385552406,mappo,6.373314590746304e-06,-0.4583158493041992,0.0007353117705901967,882.0,,,,,,,,,,,,,,0.0,,,,,0.014179353602230549,0.0
,mappo,,,,882.0,0.0,0.0,0.0,0.0,0.0,0.0,0.0,0.0,0.0,0.0,0.0,0.0,0.0,,,,,,,
0.015098324045538902,mappo,6.3503339333692566e-06,-0.4845069348812103,0.0007350116705568523,883.0,,,,,,,,,,,,,,0.0,,,,,0.014181699603796005,0.0
,mappo,,,,883.0,0.0,0.0,0.0,0.0,0.0,0.0,0.0,0.0,0.0,0.0,0.0,0.0,0.0,,,,,,,
0.04931299388408661,mappo,6.610279797314433e-06,-0.5353452563285828,0.0007347115705235079,884.0,,,,,,,,,,,,,,0.0,,,,,0.014191966503858566,0.0
,mappo,,,,884.0,0.0,0.0,0.0,0.0,0.0,0.0,0.0,0.0,0.0,0.0,0.0,0.0,0.0,,,,,,,
3.9300473872572184e-05,mappo,6.911912805662723e-06,-0.5548950433731079,0.0007344114704901635,885.0,,,,,,,,,,,,,,0.0,,,,,0.014195108786225319,0.0
,mappo,,,,885.0,0.0,0.0,0.0,0.0,0.0,0.0,0.0,0.0,0.0,0.0,0.0,0.0,0.0,,,,,,,
0.005352412816137075,mappo,7.66452376410598e-06,-0.5672397613525391,0.0007341113704568189,886.0,,,,,,,,,,,,,,0.0,,,,,0.014200055040419102,0.0
,mappo,,,,886.0,0.0,0.0,0.0,0.0,0.0,0.0,0.0,0.0,0.0,0.0,0.0,0.0,0.0,,,,,,,
0.012619397602975368,mappo,9.638833944336511e-06,-0.5556699633598328,0.0007338112704234745,887.0,,,,,,,,,,,,,,0.0,,,,,0.014174802228808403,0.0
,mappo,,,,887.0,0.0,0.0,0.0,0.0,0.0,0.0,0.0,0.0,0.0,0.0,0.0,0.0,0.0,,,,,,,
0.004027148243039846,mappo,7.86974578659283e-06,-0.5677158236503601,0.00073351117039013,888.0,,,,,,,,,,,,,,0.0,,,,,0.014177663251757622,0.0
,mappo,,,,888.0,0.0,0.0,0.0,0.0,0.0,0.0,0.0,0.0,0.0,0.0,0.0,0.0,0.0,,,,,,,
0.0493280403316021,mappo,4.915075351163978e-06,-0.5461041331291199,0.0007332110703567856,889.0,,,,,,,,,,,,,,0.0,,,,,0.014195327647030354,0.0
,mappo,,,,889.0,0.0,0.0,0.0,0.0,0.0,0.0,0.0,0.0,0.0,0.0,0.0,0.0,0.0,,,,,,,
-0.0073033710941672325,mappo,2.69698671218066e-06,-0.5310296416282654,0.0007329109703234412,890.0,,,,,,,,,,,,,,0.0,,,,,0.014121380634605885,0.0
,mappo,,,,890.0,0.0,0.0,0.0,0.0,0.0,0.0,0.0,0.0,0.0,0.0,0.0,0.0,0.0,,,,,,,
-0.0033495945390313864,mappo,1.1057609299314208e-06,-0.5096316337585449,0.0007326108702900968,891.0,,,,,,,,,,,,,,0.0,,,,,0.014176825061440468,0.0
,mappo,,,,891.0,0.0,0.0,0.0,0.0,0.0,0.0,0.0,0.0,0.0,0.0,0.0,0.0,0.0,,,,,,,
-0.0074363769963383675,mappo,1.3277469861350255e-06,-0.5026983618736267,0.0007323107702567523,892.0,,,,,,,,,,,,,,0.0,,,,,0.014177328906953335,0.0
,mappo,,,,892.0,0.0,0.0,0.0,0.0,0.0,0.0,0.0,0.0,0.0,0.0,0.0,0.0,0.0,,,,,,,
-0.009355567395687103,mappo,2.669277591849095e-06,-0.5049753189086914,0.0007320106702234078,893.0,,,,,,,,,,,,,,0.0,,,,,0.01417391188442707,0.0
,mappo,,,,893.0,0.0,0.0,0.0,0.0,0.0,0.0,0.0,0.0,0.0,0.0,0.0,0.0,0.0,,,,,,,
-0.006537311244755983,mappo,1.1263161923125153e-06,-0.46539855003356934,0.0007317105701900633,894.0,,,,,,,,,,,,,,0.0,,,,,0.014218930155038834,0.0
,mappo,,,,894.0,0.0,0.0,0.0,0.0,0.0,0.0,0.0,0.0,0.0,0.0,0.0,0.0,0.0,,,,,,,
-0.004150631837546825,mappo,2.8803476652683457e-06,-0.4373184144496918,0.0007314104701567189,895.0,,,,,,,,,,,,,,0.0,,,,,0.014157220721244812,0.0
,mappo,,,,895.0,0.0,0.0,0.0,0.0,0.0,0.0,0.0,0.0,0.0,0.0,0.0,0.0,0.0,,,,,,,
-0.0026753901038318872,mappo,3.715413640748011e-06,-0.42937132716178894,0.0007311103701233745,896.0,,,,,,,,,,,,,,0.0,,,,,0.01422850787639618,0.0
,mappo,,,,896.0,0.0,0.0,0.0,0.0,0.0,0.0,0.0,0.0,0.0,0.0,0.0,0.0,0.0,,,,,,,
0.0011964143486693501,mappo,3.278677468188107e-06,-0.42176637053489685,0.00073081027009003,897.0,,,,,,,,,,,,,,0.0,,,,,0.014156843535602093,0.0
,mappo,,,,897.0,0.0,0.0,0.0,0.0,0.0,0.0,0.0,0.0,0.0,0.0,0.0,0.0,0.0,,,,,,,
0.0328029990196228,mappo,2.9176835596445017e-06,-0.43111881613731384,0.0007305101700566855,898.0,,,,,,,,,,,,,,0.0,,,,,0.014193303883075714,0.0
,mappo,,,,898.0,0.0,0.0,0.0,0.0,0.0,0.0,0.0,0.0,0.0,0.0,0.0,0.0,0.0,,,,,,,
-0.0058965072967112064,mappo,3.2741781978984363e-06,-0.4277583956718445,0.0007302100700233411,899.0,,,,,,,,,,,,,,0.0,,,,,0.01419436652213335,0.0
,mappo,,,,899.0,0.0,0.0,0.0,0.0,0.0,0.0,0.0,0.0,0.0,0.0,0.0,0.0,0.0,,,,,,,
,mappo,,,,899.0,,,,,,,,,,,,,,,0.0,0.0,0.0,0.0,,
-0.011460605077445507,mappo,2.962714461318683e-06,-0.4363550841808319,0.0007299099699899967,900.0,,,,,,,,,,,,,,0.0,,,,,0.014164591208100319,0.0
,mappo,,,,900.0,0.0,0.0,0.0,0.0,0.0,0.0,0.0,0.0,0.0,0.0,0.0,0.0,0.0,,,,,,,
0.003435377962887287,mappo,2.2787635316490196e-06,-0.4470006823539734,0.0007296098699566523,901.0,,,,,,,,,,,,,,0.0,,,,,0.014186790212988853,0.0
,mappo,,,,901.0,0.0,0.0,0.0,0.0,0.0,0.0,0.0,0.0,0.0,0.0,0.0,0.0,0.0,,,,,,,
0.003074244363233447,mappo,3.2962777822831413e-06,-0.4779450595378876,0.0007293097699233079,902.0,,,,,,,,,,,,,,0.0,,,,,0.014244664460420609,0.0
,mappo,,,,902.0,0.0,0.0,0.0,0.0,0.0,0.0,0.0,0.0,0.0,0.0,0.0,0.0,0.0,,,,,,,
-0.00893787108361721,mappo,2.0163163299002917e-06,-0.5067345499992371,0.0007290096698899634,903.0,,,,,,,,,,,,,,0.0,,,,,0.014212395995855331,0.0
,mappo,,,,903.0,0.0,0.0,0.0,0.0,0.0,0.0,0.0,0.0,0.0,0.0,0.0,0.0,0.0,,,,,,,
-0.002134503796696663,mappo,1.079414118976274e-06,-0.5448695421218872,0.0007287095698566189,904.0,,,,,,,,,,,,,,0.0,,,,,0.014187520369887352,0.0
,mappo,,,,904.0,0.0,0.0,0.0,0.0,0.0,0.0,0.0,0.0,0.0,0.0,0.0,0.0,0.0,,,,,,,
-0.008522608317434788,mappo,6.522262765429332e-07,-0.5574788451194763,0.0007284094698232744,905.0,,,,,,,,,,,,,,0.0,,,,,0.014192143455147743,0.0
,mappo,,,,905.0,0.0,0.0,0.0,0.0,0.0,0.0,0.0,0.0,0.0,0.0,0.0,0.0,0.0,,,,,,,
-0.000772300292737782,mappo,8.214060471800622e-07,-0.5705440044403076,0.00072810936978993,906.0,,,,,,,,,,,,,,0.0,,,,,0.014175811782479286,0.0
,mappo,,,,906.0,0.0,0.0,0.0,0.0,0.0,0.0,0.0,0.0,0.0,0.0,0.0,0.0,0.0,,,,,,,
-0.0016606833087280393,mappo,4.838292966269364e-07,-0.5781853199005127,0.0007278092697565856,907.0,,,,,,,,,,,,,,0.0,,,,,0.014142150059342384,0.0
,mappo,,,,907.0,0.0,0.0,0.0,0.0,0.0,0.0,0.0,0.0,0.0,0.0,0.0,0.0,0.0,,,,,,,
0.013731232844293118,mappo,8.201729997381335e-07,-0.6037019491195679,0.0007275091697232411,908.0,,,,,,,,,,,,,,0.0,,,,,0.01421089842915535,0.0
,mappo,,,,908.0,0.0,0.0,0.0,0.0,0.0,0.0,0.0,0.0,0.0,0.0,0.0,0.0,0.0,,,,,,,
0.005978958681225777,mappo,1.0190060493187048e-06,-0.6086321473121643,0.0007272090696898966,909.0,,,,,,,,,,,,,,0.0,,,,,0.014204088598489761,0.0
,mappo,,,,909.0,0.0,0.0,0.0,0.0,0.0,0.0,0.0,0.0,0.0,0.0,0.0,0.0,0.0,,,,,,,
-0.0007509179413318634,mappo,1.4465982758338214e-06,-0.6088345050811768,0.0007269089696565522,910.0,,,,,,,,,,,,,,0.0,,,,,0.014219554141163826,0.0
,mappo,,,,910.0,0.0,0.0,0.0,0.0,0.0,0.0,0.0,0.0,0.0,0.0,0.0,0.0,0.0,,,,,,,
-0.0002525700838305056,mappo,1.747834062371112e-06,-0.6023854613304138,0.0007266088696232078,911.0,,,,,,,,,,,,,,0.0,,,,,0.014194614253938198,0.0
,mappo,,,,911.0,0.0,0.0,0.0,0.0,0.0,0.0,0.0,0.0,0.0,0.0,0.0,0.0,0.0,,,,,,,
0.0008328774711117148,mappo,2.2206099856703077e-06,-0.6082760691642761,0.0007263087695898634,912.0,,,,,,,,,,,,,,0.0,,,,,0.014190934598445892,0.0
,mappo,,,,912.0,0.0,0.0,0.0,0.0,0.0,0.0,0.0,0.0,0.0,0.0,0.0,0.0,0.0,,,,,,,
-0.010594343766570091,mappo,2.456624088154058e-06,-0.6240149140357971,0.0007260086695565188,913.0,,,,,,,,,,,,,,0.0,,,,,0.01421713549643755,0.0
,mappo,,,,913.0,0.0,0.0,0.0,0.0,0.0,0.0,0.0,0.0,0.0,0.0,0.0,0.0,0.0,,,,,,,
-0.0030121072195470333,mappo,2.7027467695006635e-06,-0.6346868872642517,0.0007257085695231744,914.0,,,,,,,,,,,,,,0.0,,,,,0.014213170856237411,0.0
,mappo,,,,914.0,0.0,0.0,0.0,0.0,0.0,0.0,0.0,0.0,0.0,0.0,0.0,0.0,0.0,,,,,,,
-0.006117699667811394,mappo,2.2089768663136056e-06,-0.6342090368270874,0.00072540846948983,915.0,,,,,,,,,,,,,,0.0,,,,,0.014198102988302708,0.0
,mappo,,,,915.0,0.0,0.0,0.0,0.0,0.0,0.0,0.0,0.0,0.0,0.0,0.0,0.0,0.0,,,,,,,
-0.0005411945166997612,mappo,9.73365217760147e-07,-0.6188724040985107,0.0007251083694564855,916.0,,,,,,,,,,,,,,0.0,,,,,0.014233087189495564,0.0
,mappo,,,,916.0,0.0,0.0,0.0,0.0,0.0,0.0,0.0,0.0,0.0,0.0,0.0,0.0,0.0,,,,,,,
-0.007516193203628063,mappo,4.539528219993372e-07,-0.6213461756706238,0.0007248082694231411,917.0,,,,,,,,,,,,,,0.0,,,,,0.014270355924963951,0.0
,mappo,,,,917.0,0.0,0.0,0.0,0.0,0.0,0.0,0.0,0.0,0.0,0.0,0.0,0.0,0.0,,,,,,,
0.0024270988069474697,mappo,4.2586529502841586e-07,-0.6179915070533752,0.0007245081693897967,918.0,,,,,,,,,,,,,,0.0,,,,,0.014217464253306389,0.0
,mappo,,,,918.0,0.0,0.0,0.0,0.0,0.0,0.0,0.0,0.0,0.0,0.0,0.0,0.0,0.0,,,,,,,
-0.004702867474406958,mappo,2.8301886345616367e-07,-0.6294782757759094,0.0007242080693564522,919.0,,,,,,,,,,,,,,0.0,,,,,0.0142009686678648,0.0
,mappo,,,,919.0,0.0,0.0,0.0,0.0,0.0,0.0,0.0,0.0,0.0,0.0,0.0,0.0,0.0,,,,,,,
0.0003363960422575474,mappo,6.00750695411989e-07,-0.664855420589447,0.0007239079693231077,920.0,,,,,,,,,,,,,,0.0,,,,,0.014204202219843864,0.0
,mappo,,,,920.0,0.0,0.0,0.0,0.0,0.0,0.0,0.0,0.0,0.0,0.0,0.0,0.0,0.0,,,,,,,
-0.0048295496962964535,mappo,2.6865600943892787e-07,-0.7051699757575989,0.0007236078692897632,921.0,,,,,,,,,,,,,,0.0,,,,,0.014238867908716202,0.0
,mappo,,,,921.0,0.0,0.0,0.0,0.0,0.0,0.0,0.0,0.0,0.0,0.0,0.0,0.0,0.0,,,,,,,
-0.008290431462228298,mappo,6.051752166058577e-07,-0.7241387963294983,0.0007233077692564188,922.0,,,,,,,,,,,,,,0.0,,,,,0.014219613745808601,0.0
,mappo,,,,922.0,0.0,0.0,0.0,0.0,0.0,0.0,0.0,0.0,0.0,0.0,0.0,0.0,0.0,,,,,,,
-0.0004933698801323771,mappo,8.535961342204246e-07,-0.7180456519126892,0.0007230076692230744,923.0,,,,,,,,,,,,,,0.0,,,,,0.01419462263584137,0.0
,mappo,,,,923.0,0.0,0.0,0.0,0.0,0.0,0.0,0.0,0.0,0.0,0.0,0.0,0.0,0.0,,,,,,,
-0.00045840785605832934,mappo,7.424882824125234e-07,-0.6930345892906189,0.0007227075691897299,924.0,,,,,,,,,,,,,,0.0,,,,,0.014221560209989548,0.0
,mappo,,,,924.0,0.0,0.0,0.0,0.0,0.0,0.0,0.0,0.0,0.0,0.0,0.0,0.0,0.0,,,,,,,
0.004920435603708029,mappo,8.057330092015036e-07,-0.6850830912590027,0.0007224074691563855,925.0,,,,,,,,,,,,,,0.0,,,,,0.014193672686815262,0.0
,mappo,,,,925.0,0.0,0.0,0.0,0.0,0.0,0.0,0.0,0.0,0.0,0.0,0.0,0.0,0.0,,,,,,,
0.00368258124217391,mappo,9.440028065910155e-07,-0.6775423288345337,0.000722107369123041,926.0,,,,,,,,,,,,,,0.0,,,,,0.014164725318551064,0.0
,mappo,,,,926.0,0.0,0.0,0.0,0.0,0.0,0.0,0.0,0.0,0.0,0.0,0.0,0.0,0.0,,,,,,,
0.011000863276422024,mappo,7.712969818385318e-07,-0.6874653100967407,0.0007218072690896966,927.0,,,,,,,,,,,,,,0.0,,,,,0.014224282465875149,0.0
,mappo,,,,927.0,0.0,0.0,0.0,0.0,0.0,0.0,0.0,0.0,0.0,0.0,0.0,0.0,0.0,,,,,,,
-0.0021955908741801977,mappo,6.551545084221289e-07,-0.6859904527664185,0.0007215071690563522,928.0,,,,,,,,,,,,,,0.0,,,,,0.014215823262929916,0.0
,mappo,,,,928.0,0.0,0.0,0.0,0.0,0.0,0.0,0.0,0.0,0.0,0.0,0.0,0.0,0.0,,,,,,,
0.011803905479609966,mappo,6.09791868555476e-07,-0.6932619214057922,0.0007212070690230078,929.0,,,,,,,,,,,,,,0.0,,,,,0.01421902421861887,0.0
,mappo,,,,929.0,0.0,0.0,0.0,0.0,0.0,0.0,0.0,0.0,0.0,0.0,0.0,0.0,0.0,,,,,,,
-0.0005067229503765702,mappo,4.941020392834616e-07,-0.6886643767356873,0.0007209069689896632,930.0,,,,,,,,,,,,,,0.0,,,,,0.014178559184074402,0.0
,mappo,,,,930.0,0.0,0.0,0.0,0.0,0.0,0.0,0.0,0.0,0.0,0.0,0.0,0.0,0.0,,,,,,,
1.1479831300675869e-05,mappo,7.063914608806954e-07,-0.6900827288627625,0.0007206068689563187,931.0,,,,,,,,,,,,,,0.0,,,,,0.014152513816952705,0.0
,mappo,,,,931.0,0.0,0.0,0.0,0.0,0.0,0.0,0.0,0.0,0.0,0.0,0.0,0.0,0.0,,,,,,,
0.0052756499499082565,mappo,9.806913112697657e-07,-0.6850993037223816,0.0007203067689229743,932.0,,,,,,,,,,,,,,0.0,,,,,0.014193914830684662,0.0
,mappo,,,,932.0,0.0,0.0,0.0,0.0,0.0,0.0,0.0,0.0,0.0,0.0,0.0,0.0,0.0,,,,,,,
-0.0067801522091031075,mappo,1.4862438320051297e-06,-0.7035937309265137,0.0007200066688896299,933.0,,,,,,,,,,,,,,0.0,,,,,0.014234349131584167,0.0
,mappo,,,,933.0,0.0,0.0,0.0,0.0,0.0,0.0,0.0,0.0,0.0,0.0,0.0,0.0,0.0,,,,,,,
-0.00014353898586705327,mappo,1.9645442534965696e-06,-0.7202824950218201,0.0007197065688562855,934.0,,,,,,,,,,,,,,0.0,,,,,0.014161854982376099,0.0
,mappo,,,,934.0,0.0,0.0,0.0,0.0,0.0,0.0,0.0,0.0,0.0,0.0,0.0,0.0,0.0,,,,,,,
-0.0021619999315589666,mappo,2.064445652649738e-06,-0.7281824350357056,0.000719406468822941,935.0,,,,,,,,,,,,,,0.0,,,,,0.014187880791723728,0.0
,mappo,,,,935.0,0.0,0.0,0.0,0.0,0.0,0.0,0.0,0.0,0.0,0.0,0.0,0.0,0.0,,,,,,,
-0.004355979152023792,mappo,2.0804543510166695e-06,-0.7426683306694031,0.0007191063687895966,936.0,,,,,,,,,,,,,,0.0,,,,,0.014196805655956268,0.0
,mappo,,,,936.0,0.0,0.0,0.0,0.0,0.0,0.0,0.0,0.0,0.0,0.0,0.0,0.0,0.0,,,,,,,
0.0007598428055644035,mappo,1.757236645971716e-06,-0.7529042363166809,0.0007188062687562521,937.0,,,,,,,,,,,,,,0.0,,,,,0.014216873794794083,0.0
,mappo,,,,937.0,0.0,0.0,0.0,0.0,0.0,0.0,0.0,0.0,0.0,0.0,0.0,0.0,0.0,,,,,,,
-0.011920257471501827,mappo,1.2495852388383355e-06,-0.7449046969413757,0.0007185061687229077,938.0,,,,,,,,,,,,,,0.0,,,,,0.014236776158213615,0.0
,mappo,,,,938.0,0.0,0.0,0.0,0.0,0.0,0.0,0.0,0.0,0.0,0.0,0.0,0.0,0.0,,,,,,,
0.006618354469537735,mappo,7.089402060955763e-07,-0.757032573223114,0.0007182060686895632,939.0,,,,,,,,,,,,,,0.0,,,,,0.014181150123476982,0.0
,mappo,,,,939.0,0.0,0.0,0.0,0.0,0.0,0.0,0.0,0.0,0.0,0.0,0.0,0.0,0.0,,,,,,,
0.004904098808765411,mappo,6.059336215002986e-07,-0.7628006935119629,0.0007179059686562188,940.0,,,,,,,,,,,,,,0.0,,,,,0.014243204146623611,0.0
,mappo,,,,940.0,0.0,0.0,0.0,0.0,0.0,0.0,0.0,0.0,0.0,0.0,0.0,0.0,0.0,,,,,,,
-0.003728209063410759,mappo,5.206974265092867e-07,-0.7606652975082397,0.0007176058686228743,941.0,,,,,,,,,,,,,,0.0,,,,,0.014202557504177094,0.0
,mappo,,,,941.0,0.0,0.0,0.0,0.0,0.0,0.0,0.0,0.0,0.0,0.0,0.0,0.0,0.0,,,,,,,
-0.0047271414659917355,mappo,1.0890780686168e-06,-0.7448815703392029,0.0007173057685895298,942.0,,,,,,,,,,,,,,0.0,,,,,0.014254824258387089,0.0
,mappo,,,,942.0,0.0,0.0,0.0,0.0,0.0,0.0,0.0,0.0,0.0,0.0,0.0,0.0,0.0,,,,,,,
-0.007494807243347168,mappo,1.181977040687343e-06,-0.732656717300415,0.0007170056685561854,943.0,,,,,,,,,,,,,,0.0,,,,,0.014265669509768486,0.0
,mappo,,,,943.0,0.0,0.0,0.0,0.0,0.0,0.0,0.0,0.0,0.0,0.0,0.0,0.0,0.0,,,,,,,
0.00034832837991416454,mappo,1.6762320456109592e-06,-0.7370099425315857,0.000716705568522841,944.0,,,,,,,,,,,,,,0.0,,,,,0.014191068708896637,0.0
,mappo,,,,944.0,0.0,0.0,0.0,0.0,0.0,0.0,0.0,0.0,0.0,0.0,0.0,0.0,0.0,,,,,,,
0.0010234545916318893,mappo,1.4310065807876526e-06,-0.7312837243080139,0.0007164054684894966,945.0,,,,,,,,,,,,,,0.0,,,,,0.014199044555425644,0.0
,mappo,,,,945.0,0.0,0.0,0.0,0.0,0.0,0.0,0.0,0.0,0.0,0.0,0.0,0.0,0.0,,,,,,,
-0.003907723817974329,mappo,1.0419184945931192e-06,-0.7112659811973572,0.0007161053684561521,946.0,,,,,,,,,,,,,,0.0,,,,,0.014216500334441662,0.0
,mappo,,,,946.0,0.0,0.0,0.0,0.0,0.0,0.0,0.0,0.0,0.0,0.0,0.0,0.0,0.0,,,,,,,
0.053097013384103775,mappo,7.38498954433453e-07,-0.7331236004829407,0.0007158052684228077,947.0,,,,,,,,,,,,,,0.0,,,,,0.014213448390364647,0.0
,mappo,,,,947.0,0.0,0.0,0.0,0.0,0.0,0.0,0.0,0.0,0.0,0.0,0.0,0.0,0.0,,,,,,,
-0.006230123341083527,mappo,2.738428861448483e-07,-0.7208717465400696,0.0007155051683894631,948.0,,,,,,,,,,,,,,0.0,,,,,0.014229938387870789,0.0
,mappo,,,,948.0,0.0,0.0,0.0,0.0,0.0,0.0,0.0,0.0,0.0,0.0,0.0,0.0,0.0,,,,,,,
-0.001336120069026947,mappo,1.603364978564059e-07,-0.6965923309326172,0.0007152050683561187,949.0,,,,,,,,,,,,,,0.0,,,,,0.014192033559083939,0.0
,mappo,,,,949.0,0.0,0.0,0.0,0.0,0.0,0.0,0.0,0.0,0.0,0.0,0.0,0.0,0.0,,,,,,,
-0.0035231278743594885,mappo,8.426908948422351e-08,-0.697623610496521,0.0007149049683227743,950.0,,,,,,,,,,,,,,0.0,,,,,0.014217565767467022,0.0
,mappo,,,,950.0,0.0,0.0,0.0,0.0,0.0,0.0,0.0,0.0,0.0,0.0,0.0,0.0,0.0,,,,,,,
0.002998292911797762,mappo,5.535189373517824e-08,-0.6751516461372375,0.0007146048682894299,951.0,,,,,,,,,,,,,,0.0,,,,,0.014215282164514065,0.0
,mappo,,,,951.0,0.0,0.0,0.0,0.0,0.0,0.0,0.0,0.0,0.0,0.0,0.0,0.0,0.0,,,,,,,
0.022725103422999382,mappo,1.4327856945328676e-07,-0.6610196232795715,0.0007143047682560854,952.0,,,,,,,,,,,,,,0.0,,,,,0.014189762994647026,0.0
,mappo,,,,952.0,0.0,0.0,0.0,0.0,0.0,0.0,0.0,0.0,0.0,0.0,0.0,0.0,0.0,,,,,,,
-0.010556473396718502,mappo,6.50255515211029e-07,-0.6309483647346497,0.0007140046682227409,953.0,,,,,,,,,,,,,,0.0,,,,,0.014197977259755135,0.0
,mappo,,,,953.0,0.0,0.0,0.0,0.0,0.0,0.0,0.0,0.0,0.0,0.0,0.0,0.0,0.0,,,,,,,
0.012864159420132637,mappo,6.553655111929402e-07,-0.6233075261116028,0.0007137045681893965,954.0,,,,,,,,,,,,,,0.0,,,,,0.014237477444112301,0.0
,mappo,,,,954.0,0.0,0.0,0.0,0.0,0.0,0.0,0.0,0.0,0.0,0.0,0.0,0.0,0.0,,,,,,,
-0.0059115211479365826,mappo,7.124118610590813e-07,-0.633319079875946,0.0007134044681560521,955.0,,,,,,,,,,,,,,0.0,,,,,0.014253441244363785,0.0
,mappo,,,,955.0,0.0,0.0,0.0,0.0,0.0,0.0,0.0,0.0,0.0,0.0,0.0,0.0,0.0,,,,,,,
-0.009074744768440723,mappo,1.013529526971979e-06,-0.6186149716377258,0.0007131043681227077,956.0,,,,,,,,,,,,,,0.0,,,,,0.014248847961425781,0.0
,mappo,,,,956.0,0.0,0.0,0.0,0.0,0.0,0.0,0.0,0.0,0.0,0.0,0.0,0.0,0.0,,,,,,,
0.0011605815961956978,mappo,1.2321829672146123e-06,-0.5909002423286438,0.0007128042680893631,957.0,,,,,,,,,,,,,,0.0,,,,,0.014285320416092873,0.0
,mappo,,,,957.0,0.0,0.0,0.0,0.0,0.0,0.0,0.0,0.0,0.0,0.0,0.0,0.0,0.0,,,,,,,
-0.01660796068608761,mappo,9.375788749821368e-07,-0.5693758130073547,0.0007125041680560186,958.0,,,,,,,,,,,,,,0.0,,,,,0.01426674984395504,0.0
,mappo,,,,958.0,0.0,0.0,0.0,0.0,0.0,0.0,0.0,0.0,0.0,0.0,0.0,0.0,0.0,,,,,,,
-0.002827682765200734,mappo,5.714514372812118e-07,-0.566148579120636,0.0007122040680226742,959.0,,,,,,,,,,,,,,0.0,,,,,0.014302082359790802,0.0
,mappo,,,,959.0,0.0,0.0,0.0,0.0,0.0,0.0,0.0,0.0,0.0,0.0,0.0,0.0,0.0,,,,,,,
0.0017267962684854865,mappo,5.926679591539141e-07,-0.5607171058654785,0.0007119039679893298,960.0,,,,,,,,,,,,,,0.0,,,,,0.014260029420256615,0.0
,mappo,,,,960.0,0.0,0.0,0.0,0.0,0.0,0.0,0.0,0.0,0.0,0.0,0.0,0.0,0.0,,,,,,,
-0.005564342252910137,mappo,2.472789901730721e-07,-0.5700070858001709,0.0007116038679559854,961.0,,,,,,,,,,,,,,0.0,,,,,0.014254096895456314,0.0
,mappo,,,,961.0,0.0,0.0,0.0,0.0,0.0,0.0,0.0,0.0,0.0,0.0,0.0,0.0,0.0,,,,,,,
0.026482047513127327,mappo,1.4040131190995453e-07,-0.5678866505622864,0.000711303767922641,962.0,,,,,,,,,,,,,,0.0,,,,,0.014240885153412819,0.0
,mappo,,,,962.0,0.0,0.0,0.0,0.0,0.0,0.0,0.0,0.0,0.0,0.0,0.0,0.0,0.0,,,,,,,
-0.0009766692528501153,mappo,6.803478669326068e-08,-0.5846955180168152,0.0007110036678892965,963.0,,,,,,,,,,,,,,0.0,,,,,0.01425551250576973,0.0
,mappo,,,,963.0,0.0,0.0,0.0,0.0,0.0,0.0,0.0,0.0,0.0,0.0,0.0,0.0,0.0,,,,,,,
0.015863971784710884,mappo,3.781795854251868e-08,-0.5726792216300964,0.000710703567855952,964.0,,,,,,,,,,,,,,0.0,,,,,0.014197787269949913,0.0
,mappo,,,,964.0,0.0,0.0,0.0,0.0,0.0,0.0,0.0,0.0,0.0,0.0,0.0,0.0,0.0,,,,,,,
-0.0027309141587466,mappo,1.4353273058986815e-07,-0.5816420316696167,0.0007104034678226076,965.0,,,,,,,,,,,,,,0.0,,,,,0.014237003400921822,0.0
,mappo,,,,965.0,0.0,0.0,0.0,0.0,0.0,0.0,0.0,0.0,0.0,0.0,0.0,0.0,0.0,,,,,,,
0.005807950161397457,mappo,8.478187396576686e-08,-0.5909934639930725,0.0007101033677892631,966.0,,,,,,,,,,,,,,0.0,,,,,0.014260083436965942,0.0
,mappo,,,,966.0,0.0,0.0,0.0,0.0,0.0,0.0,0.0,0.0,0.0,0.0,0.0,0.0,0.0,,,,,,,
-0.003049566876143217,mappo,5.221672694233348e-08,-0.6006588339805603,0.0007098032677559187,967.0,,,,,,,,,,,,,,0.0,,,,,0.014256637543439865,0.0
,mappo,,,,967.0,0.0,0.0,0.0,0.0,0.0,0.0,0.0,0.0,0.0,0.0,0.0,0.0,0.0,,,,,,,
-0.005226908251643181,mappo,2.7595905294219847e-07,-0.6145931482315063,0.0007095031677225742,968.0,,,,,,,,,,,,,,0.0,,,,,0.014243969693779945,0.0
,mappo,,,,968.0,0.0,0.0,0.0,0.0,0.0,0.0,0.0,0.0,0.0,0.0,0.0,0.0,0.0,,,,,,,
0.0006727756699547172,mappo,2.4865536829565826e-07,-0.6241300702095032,0.0007092030676892297,969.0,,,,,,,,,,,,,,0.0,,,,,0.014232339337468147,0.0
,mappo,,,,969.0,0.0,0.0,0.0,0.0,0.0,0.0,0.0,0.0,0.0,0.0,0.0,0.0,0.0,,,,,,,
0.001815085532143712,mappo,2.6119917606592935e-07,-0.6136845946311951,0.0007089029676558853,970.0,,,,,,,,,,,,,,0.0,,,,,0.014224437065422535,0.0
,mappo,,,,970.0,0.0,0.0,0.0,0.0,0.0,0.0,0.0,0.0,0.0,0.0,0.0,0.0,0.0,,,,,,,
0.003872427623718977,mappo,2.866591728434287e-07,-0.6195329427719116,0.0007086028676225409,971.0,,,,,,,,,,,,,,0.0,,,,,0.01426700409501791,0.0
,mappo,,,,971.0,0.0,0.0,0.0,0.0,0.0,0.0,0.0,0.0,0.0,0.0,0.0,0.0,0.0,,,,,,,
0.003195187309756875,mappo,2.5947466042453016e-07,-0.6279565691947937,0.0007083027675891965,972.0,,,,,,,,,,,,,,0.0,,,,,0.014253473840653896,0.0
,mappo,,,,972.0,0.0,0.0,0.0,0.0,0.0,0.0,0.0,0.0,0.0,0.0,0.0,0.0,0.0,,,,,,,
-0.0033863703720271587,mappo,1.9064268030888343e-07,-0.6371408104896545,0.000708002667555852,973.0,,,,,,,,,,,,,,0.0,,,,,0.014308295212686062,0.0
,mappo,,,,973.0,0.0,0.0,0.0,0.0,0.0,0.0,0.0,0.0,0.0,0.0,0.0,0.0,0.0,,,,,,,
0.00011992655345238745,mappo,1.0703020336677582e-07,-0.634164035320282,0.0007077025675225076,974.0,,,,,,,,,,,,,,0.0,,,,,0.014302995055913925,0.0
,mappo,,,,974.0,0.0,0.0,0.0,0.0,0.0,0.0,0.0,0.0,0.0,0.0,0.0,0.0,0.0,,,,,,,
-0.0017640109872445464,mappo,1.0105761560907922e-07,-0.6298966407775879,0.000707402467489163,975.0,,,,,,,,,,,,,,0.0,,,,,0.014282895252108574,0.0
,mappo,,,,975.0,0.0,0.0,0.0,0.0,0.0,0.0,0.0,0.0,0.0,0.0,0.0,0.0,0.0,,,,,,,
0.049046412110328674,mappo,1.1491127338558726e-07,-0.6466370820999146,0.0007071023674558186,976.0,,,,,,,,,,,,,,0.0,,,,,0.014270946383476257,0.0
,mappo,,,,976.0,0.0,0.0,0.0,0.0,0.0,0.0,0.0,0.0,0.0,0.0,0.0,0.0,0.0,,,,,,,
0.014945752918720245,mappo,3.736832070444507e-07,-0.6594423651695251,0.0007068022674224742,977.0,,,,,,,,,,,,,,0.0,,,,,0.014235284179449081,0.0
,mappo,,,,977.0,0.0,0.0,0.0,0.0,0.0,0.0,0.0,0.0,0.0,0.0,0.0,0.0,0.0,,,,,,,
-0.007677516434341669,mappo,1.1729109417046857e-07,-0.6797702312469482,0.0007065021673891298,978.0,,,,,,,,,,,,,,0.0,,,,,0.014246768318116665,0.0
,mappo,,,,978.0,0.0,0.0,0.0,0.0,0.0,0.0,0.0,0.0,0.0,0.0,0.0,0.0,0.0,,,,,,,
-0.005819904617965221,mappo,5.359288479667157e-08,-0.6853048801422119,0.0007062020673557853,979.0,,,,,,,,,,,,,,0.0,,,,,0.014279669150710106,0.0
,mappo,,,,979.0,0.0,0.0,0.0,0.0,0.0,0.0,0.0,0.0,0.0,0.0,0.0,0.0,0.0,,,,,,,
-0.0005750323180109262,mappo,1.0175003239965008e-07,-0.681035041809082,0.0007059019673224408,980.0,,,,,,,,,,,,,,0.0,,,,,0.014264421537518501,0.0
,mappo,,,,980.0,0.0,0.0,0.0,0.0,0.0,0.0,0.0,0.0,0.0,0.0,0.0,0.0,0.0,,,,,,,
0.0027826311998069286,mappo,2.3188466258261542e-08,-0.6859115362167358,0.0007056018672890964,981.0,,,,,,,,,,,,,,0.0,,,,,0.014265496283769608,0.0
,mappo,,,,981.0,0.0,0.0,0.0,0.0,0.0,0.0,0.0,0.0,0.0,0.0,0.0,0.0,0.0,,,,,,,
-0.0074858637526631355,mappo,3.252931080055532e-08,-0.6881315112113953,0.000705301767255752,982.0,,,,,,,,,,,,,,0.0,,,,,0.014256147667765617,0.0
,mappo,,,,982.0,0.0,0.0,0.0,0.0,0.0,0.0,0.0,0.0,0.0,0.0,0.0,0.0,0.0,,,,,,,
0.005457648076117039,mappo,4.6825824995266885e-08,-0.6838419437408447,0.0007050016672224076,983.0,,,,,,,,,,,,,,0.0,,,,,0.014248558320105076,0.0
,mappo,,,,983.0,0.0,0.0,0.0,0.0,0.0,0.0,0.0,0.0,0.0,0.0,0.0,0.0,0.0,,,,,,,
-0.00010442780330777168,mappo,8.464198941737777e-08,-0.6960005164146423,0.000704701567189063,984.0,,,,,,,,,,,,,,0.0,,,,,0.01430993340909481,0.0
,mappo,,,,984.0,0.0,0.0,0.0,0.0,0.0,0.0,0.0,0.0,0.0,0.0,0.0,0.0,0.0,,,,,,,
-0.0014560839626938105,mappo,2.0624658247925254e-07,-0.6971938610076904,0.0007044014671557186,985.0,,,,,,,,,,,,,,0.0,,,,,0.014258310198783875,0.0
,mappo,,,,985.0,0.0,0.0,0.0,0.0,0.0,0.0,0.0,0.0,0.0,0.0,0.0,0.0,0.0,,,,,,,
0.015178404748439789,mappo,2.1745643152826233e-07,-0.706196129322052,0.0007041013671223741,986.0,,,,,,,,,,,,,,0.0,,,,,0.014267200604081154,0.0
,mappo,,,,986.0,0.0,0.0,0.0,0.0,0.0,0.0,0.0,0.0,0.0,0.0,0.0,0.0,0.0,,,,,,,
-0.009863574057817459,mappo,1.2118313463815866e-07,-0.6947329044342041,0.0007038012670890297,987.0,,,,,,,,,,,,,,0.0,,,,,0.014343542978167534,0.0
,mappo,,,,987.0,0.0,0.0,0.0,0.0,0.0,0.0,0.0,0.0,0.0,0.0,0.0,0.0,0.0,,,,,,,
0.029157452285289764,mappo,1.740560975349581e-07,-0.720867931842804,0.0007035011670556853,988.0,,,,,,,,,,,,,,0.0,,,,,0.014298278838396072,0.0
,mappo,,,,988.0,0.0,0.0,0.0,0.0,0.0,0.0,0.0,0.0,0.0,0.0,0.0,0.0,0.0,,,,,,,
0.019457273185253143,mappo,8.613071145191498e-08,-0.7019644379615784,0.0007032010670223409,989.0,,,,,,,,,,,,,,0.0,,,,,0.014339227229356766,0.0
,mappo,,,,989.0,0.0,0.0,0.0,0.0,0.0,0.0,0.0,0.0,0.0,0.0,0.0,0.0,0.0,,,,,,,
0.03256203606724739,mappo,1.4683709537166578e-07,-0.713340699672699,0.0007029009669889964,990.0,,,,,,,,,,,,,,0.0,,,,,0.014370337128639221,0.0
,mappo,,,,990.0,0.0,0.0,0.0,0.0,0.0,0.0,0.0,0.0,0.0,0.0,0.0,0.0,0.0,,,,,,,
-0.006092189811170101,mappo,2.1021899954121182e-07,-0.7306373119354248,0.0007026008669556519,991.0,,,,,,,,,,,,,,0.0,,,,,0.014334863051772118,0.0
,mappo,,,,991.0,0.0,0.0,0.0,0.0,0.0,0.0,0.0,0.0,0.0,0.0,0.0,0.0,0.0,,,,,,,
-0.006670777685940266,mappo,3.6245967294235015e-07,-0.7499568462371826,0.0007023007669223074,992.0,,,,,,,,,,,,,,0.0,,,,,0.01426310557872057,0.0
,mappo,,,,992.0,0.0,0.0,0.0,0.0,0.0,0.0,0.0,0.0,0.0,0.0,0.0,0.0,0.0,,,,,,,
-0.012025474570691586,mappo,1.908419449137e-07,-0.743981122970581,0.000702000666888963,993.0,,,,,,,,,,,,,,0.0,,,,,0.014317132532596588,0.0
,mappo,,,,993.0,0.0,0.0,0.0,0.0,0.0,0.0,0.0,0.0,0.0,0.0,0.0,0.0,0.0,,,,,,,
-0.001726650632917881,mappo,9.434247516537653e-08,-0.7285615801811218,0.0007017005668556186,994.0,,,,,,,,,,,,,,0.0,,,,,0.014348026365041733,0.0
,mappo,,,,994.0,0.0,0.0,0.0,0.0,0.0,0.0,0.0,0.0,0.0,0.0,0.0,0.0,0.0,,,,,,,
-0.011496108956634998,mappo,3.7846675127184426e-08,-0.715362012386322,0.0007014004668222741,995.0,,,,,,,,,,,,,,0.0,,,,,0.01432485319674015,0.0
,mappo,,,,995.0,0.0,0.0,0.0,0.0,0.0,0.0,0.0,0.0,0.0,0.0,0.0,0.0,0.0,,,,,,,
-0.00874636322259903,mappo,3.821454797048318e-08,-0.7112658619880676,0.0007011003667889297,996.0,,,,,,,,,,,,,,0.0,,,,,0.01432674191892147,0.0
,mappo,,,,996.0,0.0,0.0,0.0,0.0,0.0,0.0,0.0,0.0,0.0,0.0,0.0,0.0,0.0,,,,,,,
-0.004179444629698992,mappo,2.959120770640311e-08,-0.6904050707817078,0.0007008002667555852,997.0,,,,,,,,,,,,,,0.0,,,,,0.014345547184348106,0.0
,mappo,,,,997.0,0.0,0.0,0.0,0.0,0.0,0.0,0.0,0.0,0.0,0.0,0.0,0.0,0.0,,,,,,,
-0.004109825007617474,mappo,1.7589893985814342e-08,-0.6888453364372253,0.0007005001667222408,998.0,,,,,,,,,,,,,,0.0,,,,,0.014355070888996124,0.0
,mappo,,,,998.0,0.0,0.0,0.0,0.0,0.0,0.0,0.0,0.0,0.0,0.0,0.0,0.0,0.0,,,,,,,
-0.006799460854381323,mappo,1.2076237965175096e-07,-0.7267443537712097,0.0007002000666888964,999.0,,,,,,,,,,,,,,0.0,,,,,0.014289410784840584,0.0
,mappo,,,,999.0,0.0,0.0,0.0,0.0,0.0,0.0,0.0,0.0,0.0,0.0,0.0,0.0,0.0,,,,,,,
,mappo,,,,999.0,,,,,,,,,,,,,,,0.0,0.0,0.0,0.0,,
-0.012437044642865658,mappo,7.613877528456214e-08,-0.7531431913375854,0.000699899966655552,1000.0,,,,,,,,,,,,,,0.0,,,,,0.014307030476629734,0.0
,mappo,,,,1000.0,0.0,0.0,0.0,0.0,0.0,0.0,0.0,0.0,0.0,0.0,0.0,0.0,0.0,,,,,,,
0.02969318814575672,mappo,5.0707477328160167e-08,-0.7908944487571716,0.0006995998666222073,1001.0,,,,,,,,,,,,,,0.0,,,,,0.014327656477689743,0.0
,mappo,,,,1001.0,0.0,0.0,0.0,0.0,0.0,0.0,0.0,0.0,0.0,0.0,0.0,0.0,0.0,,,,,,,
0.017322231084108353,mappo,1.226264032538893e-07,-0.7890292406082153,0.0006992997665888629,1002.0,,,,,,,,,,,,,,0.0,,,,,0.014315320178866386,0.0
,mappo,,,,1002.0,0.0,0.0,0.0,0.0,0.0,0.0,0.0,0.0,0.0,0.0,0.0,0.0,0.0,,,,,,,
0.006673639174550772,mappo,9.919470045360868e-08,-0.8206828832626343,0.0006989996665555185,1003.0,,,,,,,,,,,,,,0.0,,,,,0.01436220109462738,0.0
,mappo,,,,1003.0,0.0,0.0,0.0,0.0,0.0,0.0,0.0,0.0,0.0,0.0,0.0,0.0,0.0,,,,,,,
0.06934931874275208,mappo,1.3560037359638955e-07,-0.8053147792816162,0.0006986995665221741,1004.0,,,,,,,,,,,,,,0.0,,,,,0.014346428215503693,0.0
,mappo,,,,1004.0,0.0,0.0,0.0,0.0,0.0,0.0,0.0,0.0,0.0,0.0,0.0,0.0,0.0,,,,,,,
0.0065096900798380375,mappo,1.1305032643349477e-07,-0.8141543865203857,0.0006983994664888297,1005.0,,,,,,,,,,,,,,0.0,,,,,0.014338531531393528,0.0
,mappo,,,,1005.0,0.0,0.0,0.0,0.0,0.0,0.0,0.0,0.0,0.0,0.0,0.0,0.0,0.0,,,,,,,
0.0011608540080487728,mappo,1.3146798494290124e-07,-0.8045225143432617,0.0006980993664554852,1006.0,,,,,,,,,,,,,,0.0,,,,,0.014351286925375462,0.0
,mappo,,,,1006.0,0.0,0.0,0.0,0.0,0.0,0.0,0.0,0.0,0.0,0.0,0.0,0.0,0.0,,,,,,,
-0.007703523151576519,mappo,1.5387085738893802e-07,-0.7835637331008911,0.0006977992664221408,1007.0,,,,,,,,,,,,,,0.0,,,,,0.014375412836670876,0.0
,mappo,,,,1007.0,0.0,0.0,0.0,0.0,0.0,0.0,0.0,0.0,0.0,0.0,0.0,0.0,0.0,,,,,,,
-0.00531854759901762,mappo,1.458060268078043e-07,-0.7516791820526123,0.0006974991663887963,1008.0,,,,,,,,,,,,,,0.0,,,,,0.014365613460540771,0.0
,mappo,,,,1008.0,0.0,0.0,0.0,0.0,0.0,0.0,0.0,0.0,0.0,0.0,0.0,0.0,0.0,,,,,,,
0.0034159005153924227,mappo,7.039996319235797e-08,-0.7188694477081299,0.0006971990663554519,1009.0,,,,,,,,,,,,,,0.0,,,,,0.014395697042346,0.0
,mappo,,,,1009.0,0.0,0.0,0.0,0.0,0.0,0.0,0.0,0.0,0.0,0.0,0.0,0.0,0.0,,,,,,,
-0.0044291396625339985,mappo,9.894223751416575e-08,-0.6918023824691772,0.0006968989663221075,1010.0,,,,,,,,,,,,,,0.0,,,,,0.014355942606925964,0.0
,mappo,,,,1010.0,0.0,0.0,0.0,0.0,0.0,0.0,0.0,0.0,0.0,0.0,0.0,0.0,0.0,,,,,,,
0.005413066130131483,mappo,6.28576870553843e-08,-0.6814751029014587,0.000696598866288763,1011.0,,,,,,,,,,,,,,0.0,,,,,0.014382550492882729,0.0
,mappo,,,,1011.0,0.0,0.0,0.0,0.0,0.0,0.0,0.0,0.0,0.0,0.0,0.0,0.0,0.0,,,,,,,
0.0019589560106396675,mappo,4.019350541284439e-08,-0.691296398639679,0.0006962987662554184,1012.0,,,,,,,,,,,,,,0.0,,,,,0.014363087713718414,0.0
,mappo,,,,1012.0,0.0,0.0,0.0,0.0,0.0,0.0,0.0,0.0,0.0,0.0,0.0,0.0,0.0,,,,,,,
-0.000156206835526973,mappo,5.6071566945092854e-08,-0.7094911336898804,0.000695998666222074,1013.0,,,,,,,,,,,,,,0.0,,,,,0.0144005436450243,0.0
,mappo,,,,1013.0,0.0,0.0,0.0,0.0,0.0,0.0,0.0,0.0,0.0,0.0,0.0,0.0,0.0,,,,,,,
-0.005010551307350397,mappo,1.7838256383129192e-07,-0.7243847250938416,0.0006956985661887296,1014.0,,,,,,,,,,,,,,0.0,,,,,0.01436824444681406,0.0
,mappo,,,,1014.0,0.0,0.0,0.0,0.0,0.0,0.0,0.0,0.0,0.0,0.0,0.0,0.0,0.0,,,,,,,
-0.004587179981172085,mappo,2.2147021638829756e-07,-0.7381412982940674,0.0006953984661553852,1015.0,,,,,,,,,,,,,,0.0,,,,,0.01441170647740364,0.0
,mappo,,,,1015.0,0.0,0.0,0.0,0.0,0.0,0.0,0.0,0.0,0.0,0.0,0.0,0.0,0.0,,,,,,,
-0.00015671836445108056,mappo,3.3248244335482013e-07,-0.763566255569458,0.0006950983661220407,1016.0,,,,,,,,,,,,,,0.0,,,,,0.014412728138267994,0.0
,mappo,,,,1016.0,0.0,0.0,0.0,0.0,0.0,0.0,0.0,0.0,0.0,0.0,0.0,0.0,0.0,,,,,,,
0.002712718676775694,mappo,2.830678624832217e-07,-0.805528461933136,0.0006947982660886963,1017.0,,,,,,,,,,,,,,0.0,,,,,0.014402502216398716,0.0
,mappo,,,,1017.0,0.0,0.0,0.0,0.0,0.0,0.0,0.0,0.0,0.0,0.0,0.0,0.0,0.0,,,,,,,
0.01749623566865921,mappo,1.80885393774588e-07,-0.8273178935050964,0.0006944981660553518,1018.0,,,,,,,,,,,,,,0.0,,,,,0.014424286782741547,0.0
,mappo,,,,1018.0,0.0,0.0,0.0,0.0,0.0,0.0,0.0,0.0,0.0,0.0,0.0,0.0,0.0,,,,,,,
7.501844083890319e-05,mappo,7.587481576365462e-08,-0.8350397944450378,0.0006941980660220073,1019.0,,,,,,,,,,,,,,0.0,,,,,0.014409349299967289,0.0
,mappo,,,,1019.0,0.0,0.0,0.0,0.0,0.0,0.0,0.0,0.0,0.0,0.0,0.0,0.0,0.0,,,,,,,
-0.00302266632206738,mappo,4.8087031245813705e-08,-0.826171338558197,0.0006938979659886629,1020.0,,,,,,,,,,,,,,0.0,,,,,0.014412658289074898,0.0
,mappo,,,,1020.0,0.0,0.0,0.0,0.0,0.0,0.0,0.0,0.0,0.0,0.0,0.0,0.0,0.0,,,,,,,
-0.007208339869976044,mappo,1.7445167088681046e-08,-0.8196974396705627,0.0006935978659553185,1021.0,,,,,,,,,,,,,,0.0,,,,,0.01441273558884859,0.0
,mappo,,,,1021.0,0.0,0.0,0.0,0.0,0.0,0.0,0.0,0.0,0.0,0.0,0.0,0.0,0.0,,,,,,,
0.01437909435480833,mappo,3.480350230233853e-08,-0.8270696997642517,0.0006932977659219741,1022.0,,,,,,,,,,,,,,0.0,,,,,0.014368738047778606,0.0
,mappo,,,,1022.0,0.0,0.0,0.0,0.0,0.0,0.0,0.0,0.0,0.0,0.0,0.0,0.0,0.0,,,,,,,
0.01015083771198988,mappo,3.697573802696752e-08,-0.8606104254722595,0.0006929976658886295,1023.0,,,,,,,,,,,,,,0.0,,,,,0.014411278069019318,0.0
,mappo,,,,1023.0,0.0,0.0,0.0,0.0,0.0,0.0,0.0,0.0,0.0,0.0,0.0,0.0,0.0,,,,,,,
0.025953857228159904,mappo,2.54858427695126e-08,-0.8592007160186768,0.0006926975658552851,1024.0,,,,,,,,,,,,,,0.0,,,,,0.014467811211943626,0.0
,mappo,,,,1024.0,0.0,0.0,0.0,0.0,0.0,0.0,0.0,0.0,0.0,0.0,0.0,0.0,0.0,,,,,,,
0.08511136472225189,mappo,6.81532341673119e-08,-0.89456707239151,0.0006923974658219407,1025.0,,,,,,,,,,,,,,0.0,,,,,0.014417100697755814,0.0
,mappo,,,,1025.0,0.0,0.0,0.0,0.0,0.0,0.0,0.0,0.0,0.0,0.0,0.0,0.0,0.0,,,,,,,
0.0015500623267143965,mappo,3.3632662166382943e-07,-0.8929813504219055,0.0006920973657885963,1026.0,,,,,,,,,,,,,,0.0,,,,,0.014407917857170105,0.0
,mappo,,,,1026.0,0.0,0.0,0.0,0.0,0.0,0.0,0.0,0.0,0.0,0.0,0.0,0.0,0.0,,,,,,,
0.004701642319560051,mappo,1.430421008308258e-07,-0.9181923270225525,0.0006917972657552518,1027.0,,,,,,,,,,,,,,0.0,,,,,0.014452105388045311,0.0
,mappo,,,,1027.0,0.0,0.0,0.0,0.0,0.0,0.0,0.0,0.0,0.0,0.0,0.0,0.0,0.0,,,,,,,
0.005451594479382038,mappo,1.339288218105139e-07,-0.9303765892982483,0.0006914971657219073,1028.0,,,,,,,,,,,,,,0.0,,,,,0.014457356184720993,0.0
,mappo,,,,1028.0,0.0,0.0,0.0,0.0,0.0,0.0,0.0,0.0,0.0,0.0,0.0,0.0,0.0,,,,,,,
-0.004469097591936588,mappo,4.4628293949244835e-08,-0.9331457614898682,0.0006911970656885628,1029.0,,,,,,,,,,,,,,0.0,,,,,0.01445036195218563,0.0
,mappo,,,,1029.0,0.0,0.0,0.0,0.0,0.0,0.0,0.0,0.0,0.0,0.0,0.0,0.0,0.0,,,,,,,
-0.0001746850903145969,mappo,6.975752597782048e-08,-0.928754448890686,0.0006908969656552184,1030.0,,,,,,,,,,,,,,0.0,,,,,0.014480402693152428,0.0
,mappo,,,,1030.0,0.0,0.0,0.0,0.0,0.0,0.0,0.0,0.0,0.0,0.0,0.0,0.0,0.0,,,,,,,
0.00620832247659564,mappo,1.5205128534034884e-07,-0.9100428223609924,0.000690596865621874,1031.0,,,,,,,,,,,,,,0.0,,,,,0.014493823051452637,0.0
,mappo,,,,1031.0,0.0,0.0,0.0,0.0,0.0,0.0,0.0,0.0,0.0,0.0,0.0,0.0,0.0,,,,,,,
-0.009331203065812588,mappo,3.400442096790357e-07,-0.8796655535697937,0.0006902967655885296,1032.0,,,,,,,,,,,,,,0.0,,,,,0.014480452984571457,0.0
,mappo,,,,1032.0,0.0,0.0,0.0,0.0,0.0,0.0,0.0,0.0,0.0,0.0,0.0,0.0,0.0,,,,,,,
0.008462543599307537,mappo,2.2917085118479008e-07,-0.8324705958366394,0.0006899966655551851,1033.0,,,,,,,,,,,,,,0.0,,,,,0.01449204795062542,0.0
,mappo,,,,1033.0,0.0,0.0,0.0,0.0,0.0,0.0,0.0,0.0,0.0,0.0,0.0,0.0,0.0,,,,,,,
0.009463771246373653,mappo,2.15439570183662e-07,-0.8072136044502258,0.0006896965655218406,1034.0,,,,,,,,,,,,,,0.0,,,,,0.01451108232140541,0.0
,mappo,,,,1034.0,0.0,0.0,0.0,0.0,0.0,0.0,0.0,0.0,0.0,0.0,0.0,0.0,0.0,,,,,,,
0.034687645733356476,mappo,1.0970340724725247e-07,-0.7800747156143188,0.0006893964654884962,1035.0,,,,,,,,,,,,,,0.0,,,,,0.014512534253299236,0.0
,mappo,,,,1035.0,0.0,0.0,0.0,0.0,0.0,0.0,0.0,0.0,0.0,0.0,0.0,0.0,0.0,,,,,,,
-0.0068489545956254005,mappo,5.828913884897702e-08,-0.7676011919975281,0.0006890963654551518,1036.0,,,,,,,,,,,,,,0.0,,,,,0.014498943462967873,0.0
,mappo,,,,1036.0,0.0,0.0,0.0,0.0,0.0,0.0,0.0,0.0,0.0,0.0,0.0,0.0,0.0,,,,,,,
-0.00039799849037081003,mappo,9.383995092093755e-08,-0.7453666925430298,0.0006887962654218073,1037.0,,,,,,,,,,,,,,0.0,,,,,0.014562291093170643,0.0
,mappo,,,,1037.0,0.0,0.0,0.0,0.0,0.0,0.0,0.0,0.0,0.0,0.0,0.0,0.0,0.0,,,,,,,
0.006928121205419302,mappo,9.234298659066553e-08,-0.728801965713501,0.0006884961653884628,1038.0,,,,,,,,,,,,,,0.0,,,,,0.014480285346508026,0.0
,mappo,,,,1038.0,0.0,0.0,0.0,0.0,0.0,0.0,0.0,0.0,0.0,0.0,0.0,0.0,0.0,,,,,,,
0.0014433651231229305,mappo,1.5801361996636842e-07,-0.7163563370704651,0.0006881960653551184,1039.0,,,,,,,,,,,,,,0.0,,,,,0.014539679512381554,0.0
,mappo,,,,1039.0,0.0,0.0,0.0,0.0,0.0,0.0,0.0,0.0,0.0,0.0,0.0,0.0,0.0,,,,,,,
0.005299348384141922,mappo,2.3743136523535213e-07,-0.6959474682807922,0.0006878959653217739,1040.0,,,,,,,,,,,,,,0.0,,,,,0.014580992981791496,0.0
,mappo,,,,1040.0,0.0,0.0,0.0,0.0,0.0,0.0,0.0,0.0,0.0,0.0,0.0,0.0,0.0,,,,,,,
-0.006887542083859444,mappo,3.477839811694139e-07,-0.675517201423645,0.0006875958652884295,1041.0,,,,,,,,,,,,,,0.0,,,,,0.014521932229399681,0.0
,mappo,,,,1041.0,0.0,0.0,0.0,0.0,0.0,0.0,0.0,0.0,0.0,0.0,0.0,0.0,0.0,,,,,,,
-0.012396186590194702,mappo,2.5969816874749085e-07,-0.6368908882141113,0.0006872957652550851,1042.0,,,,,,,,,,,,,,0.0,,,,,0.014569740742444992,0.0
,mappo,,,,1042.0,0.0,0.0,0.0,0.0,0.0,0.0,0.0,0.0,0.0,0.0,0.0,0.0,0.0,,,,,,,
-0.0038933209143579006,mappo,1.3593562186997588e-07,-0.576364278793335,0.0006869956652217407,1043.0,,,,,,,,,,,,,,0.0,,,,,0.014561673626303673,0.0
,mappo,,,,1043.0,0.0,0.0,0.0,0.0,0.0,0.0,0.0,0.0,0.0,0.0,0.0,0.0,0.0,,,,,,,
0.017758255824446678,mappo,9.577752990708177e-08,-0.5669608116149902,0.0006866955651883962,1044.0,,,,,,,,,,,,,,0.0,,,,,0.014579061418771744,0.0
,mappo,,,,1044.0,0.0,0.0,0.0,0.0,0.0,0.0,0.0,0.0,0.0,0.0,0.0,0.0,0.0,,,,,,,
0.04217519238591194,mappo,1.0922272508651076e-07,-0.5213643312454224,0.0006863954651550516,1045.0,,,,,,,,,,,,,,0.0,,,,,0.014614571817219257,0.0
,mappo,,,,1045.0,0.0,0.0,0.0,0.0,0.0,0.0,0.0,0.0,0.0,0.0,0.0,0.0,0.0,,,,,,,
-0.0005077856476418674,mappo,1.864029570697312e-07,-0.5133068561553955,0.0006860953651217072,1046.0,,,,,,,,,,,,,,0.0,,,,,0.014619579538702965,0.0
,mappo,,,,1046.0,0.0,0.0,0.0,0.0,0.0,0.0,0.0,0.0,0.0,0.0,0.0,0.0,0.0,,,,,,,
-0.007529635448008776,mappo,3.8076970554357104e-07,-0.5017899870872498,0.0006857952650883628,1047.0,,,,,,,,,,,,,,0.0,,,,,0.014620441943407059,0.0
,mappo,,,,1047.0,0.0,0.0,0.0,0.0,0.0,0.0,0.0,0.0,0.0,0.0,0.0,0.0,0.0,,,,,,,
-0.004198503214865923,mappo,3.4504358836784377e-07,-0.4632491171360016,0.0006854951650550184,1048.0,,,,,,,,,,,,,,0.0,,,,,0.014605080708861351,0.0
,mappo,,,,1048.0,0.0,0.0,0.0,0.0,0.0,0.0,0.0,0.0,0.0,0.0,0.0,0.0,0.0,,,,,,,
-0.006679067388176918,mappo,1.4561716454863927e-07,-0.4312495291233063,0.0006851950650216739,1049.0,,,,,,,,,,,,,,0.0,,,,,0.014584150165319443,0.0
,mappo,,,,1049.0,0.0,0.0,0.0,0.0,0.0,0.0,0.0,0.0,0.0,0.0,0.0,0.0,0.0,,,,,,,
-0.0033994861878454685,mappo,6.268316354862691e-08,-0.4020208418369293,0.0006848949649883294,1050.0,,,,,,,,,,,,,,0.0,,,,,0.014611502178013325,0.0
,mappo,,,,1050.0,0.0,0.0,0.0,0.0,0.0,0.0,0.0,0.0,0.0,0.0,0.0,0.0,0.0,,,,,,,
-0.004466880578547716,mappo,3.379575730377837e-08,-0.41621485352516174,0.000684594864954985,1051.0,,,,,,,,,,,,,,0.0,,,,,0.014654809609055519,0.0
,mappo,,,,1051.0,0.0,0.0,0.0,0.0,0.0,0.0,0.0,0.0,0.0,0.0,0.0,0.0,0.0,,,,,,,
-0.0016829869709908962,mappo,9.782254295487292e-08,-0.4325355589389801,0.0006842947649216406,1052.0,,,,,,,,,,,,,,0.0,,,,,0.01468266174197197,0.0
,mappo,,,,1052.0,0.0,0.0,0.0,0.0,0.0,0.0,0.0,0.0,0.0,0.0,0.0,0.0,0.0,,,,,,,
-0.0043203216046094894,mappo,5.289913929118484e-07,-0.4462943971157074,0.0006839946648882962,1053.0,,,,,,,,,,,,,,0.0,,,,,0.014689357951283455,0.0
,mappo,,,,1053.0,0.0,0.0,0.0,0.0,0.0,0.0,0.0,0.0,0.0,0.0,0.0,0.0,0.0,,,,,,,
0.006226932164281607,mappo,4.0415835655949195e-07,-0.4496457874774933,0.0006836945648549518,1054.0,,,,,,,,,,,,,,0.0,,,,,0.014640044420957565,0.0
,mappo,,,,1054.0,0.0,0.0,0.0,0.0,0.0,0.0,0.0,0.0,0.0,0.0,0.0,0.0,0.0,,,,,,,
-0.008931884542107582,mappo,2.1968212138290255e-07,-0.4562612771987915,0.0006833944648216072,1055.0,,,,,,,,,,,,,,0.0,,,,,0.014662595465779305,0.0
,mappo,,,,1055.0,0.0,0.0,0.0,0.0,0.0,0.0,0.0,0.0,0.0,0.0,0.0,0.0,0.0,,,,,,,
0.0013756199041381478,mappo,1.0924041049520383e-07,-0.4636482894420624,0.0006830943647882627,1056.0,,,,,,,,,,,,,,0.0,,,,,0.014611356891691685,0.0
,mappo,,,,1056.0,0.0,0.0,0.0,0.0,0.0,0.0,0.0,0.0,0.0,0.0,0.0,0.0,0.0,,,,,,,
-0.0053371344693005085,mappo,5.739490305245454e-08,-0.47402334213256836,0.0006827942647549183,1057.0,,,,,,,,,,,,,,0.0,,,,,0.014624558389186859,0.0
,mappo,,,,1057.0,0.0,0.0,0.0,0.0,0.0,0.0,0.0,0.0,0.0,0.0,0.0,0.0,0.0,,,,,,,
-0.0006870911456644535,mappo,5.050810614193324e-08,-0.4710460305213928,0.0006824941647215739,1058.0,,,,,,,,,,,,,,0.0,,,,,0.01471107266843319,0.0
,mappo,,,,1058.0,0.0,0.0,0.0,0.0,0.0,0.0,0.0,0.0,0.0,0.0,0.0,0.0,0.0,,,,,,,
-0.006569309160113335,mappo,3.0465810141322436e-07,-0.4664382338523865,0.0006821940646882295,1059.0,,,,,,,,,,,,,,0.0,,,,,0.014733768999576569,0.0
,mappo,,,,1059.0,0.0,0.0,0.0,0.0,0.0,0.0,0.0,0.0,0.0,0.0,0.0,0.0,0.0,,,,,,,
-0.009091634303331375,mappo,6.647289865213679e-07,-0.45832961797714233,0.000681893964654885,1060.0,,,,,,,,,,,,,,0.0,,,,,0.014704326167702675,0.0
,mappo,,,,1060.0,0.0,0.0,0.0,0.0,0.0,0.0,0.0,0.0,0.0,0.0,0.0,0.0,0.0,,,,,,,
-0.0001707424526102841,mappo,3.7339262348723423e-07,-0.45675185322761536,0.0006815938646215405,1061.0,,,,,,,,,,,,,,0.0,,,,,0.014688117429614067,0.0
,mappo,,,,1061.0,0.0,0.0,0.0,0.0,0.0,0.0,0.0,0.0,0.0,0.0,0.0,0.0,0.0,,,,,,,
0.01606799103319645,mappo,1.3717225044729275e-07,-0.43469101190567017,0.0006812937645881961,1062.0,,,,,,,,,,,,,,0.0,,,,,0.014776354655623436,0.0
,mappo,,,,1062.0,0.0,0.0,0.0,0.0,0.0,0.0,0.0,0.0,0.0,0.0,0.0,0.0,0.0,,,,,,,
0.008483785204589367,mappo,3.2209776179570326e-08,-0.4278968870639801,0.0006809936645548516,1063.0,,,,,,,,,,,,,,0.0,,,,,0.014761567115783691,0.0
,mappo,,,,1063.0,0.0,0.0,0.0,0.0,0.0,0.0,0.0,0.0,0.0,0.0,0.0,0.0,0.0,,,,,,,
0.01841822639107704,mappo,1.270541076792142e-07,-0.41125965118408203,0.0006806935645215072,1064.0,,,,,,,,,,,,,,0.0,,,,,0.014864545315504074,0.0
,mappo,,,,1064.0,0.0,0.0,0.0,0.0,0.0,0.0,0.0,0.0,0.0,0.0,0.0,0.0,0.0,,,,,,,
0.05630255490541458,mappo,4.2255319954165316e-07,-0.4332982897758484,0.0006803934644881627,1065.0,,,,,,,,,,,,,,0.0,,,,,0.014783145859837532,0.0
,mappo,,,,1065.0,0.0,0.0,0.0,0.0,0.0,0.0,0.0,0.0,0.0,0.0,0.0,0.0,0.0,,,,,,,
0.006219154689460993,mappo,5.649313834510394e-07,-0.4475715160369873,0.0006800933644548183,1066.0,,,,,,,,,,,,,,0.0,,,,,0.014825750142335892,0.0
,mappo,,,,1066.0,0.0,0.0,0.0,0.0,0.0,0.0,0.0,0.0,0.0,0.0,0.0,0.0,0.0,,,,,,,
0.00516149215400219,mappo,3.2418245154985925e-07,-0.4630132019519806,0.0006797932644214738,1067.0,,,,,,,,,,,,,,0.0,,,,,0.014806224033236504,0.0
,mappo,,,,1067.0,0.0,0.0,0.0,0.0,0.0,0.0,0.0,0.0,0.0,0.0,0.0,0.0,0.0,,,,,,,
-0.002827318152412772,mappo,1.2245942571098567e-07,-0.4583969712257385,0.0006794931643881294,1068.0,,,,,,,,,,,,,,0.0,,,,,0.0148407481610775,0.0
,mappo,,,,1068.0,0.0,0.0,0.0,0.0,0.0,0.0,0.0,0.0,0.0,0.0,0.0,0.0,0.0,,,,,,,
0.0017893083859235048,mappo,8.462902911787751e-08,-0.4356858432292938,0.000679193064354785,1069.0,,,,,,,,,,,,,,0.0,,,,,0.0147868562489748,0.0
,mappo,,,,1069.0,0.0,0.0,0.0,0.0,0.0,0.0,0.0,0.0,0.0,0.0,0.0,0.0,0.0,,,,,,,
0.007791143376380205,mappo,8.741224633013189e-08,-0.40187743306159973,0.0006788929643214406,1070.0,,,,,,,,,,,,,,0.0,,,,,0.014855094254016876,0.0
,mappo,,,,1070.0,0.0,0.0,0.0,0.0,0.0,0.0,0.0,0.0,0.0,0.0,0.0,0.0,0.0,,,,,,,
0.031466543674468994,mappo,1.0726582644338123e-07,-0.39644303917884827,0.0006785928642880961,1071.0,,,,,,,,,,,,,,0.0,,,,,0.014813056215643883,0.0
,mappo,,,,1071.0,0.0,0.0,0.0,0.0,0.0,0.0,0.0,0.0,0.0,0.0,0.0,0.0,0.0,,,,,,,
0.018252713605761528,mappo,2.0353704144326912e-07,-0.38477787375450134,0.0006782927642547515,1072.0,,,,,,,,,,,,,,0.0,,,,,0.014867252670228481,0.0
,mappo,,,,1072.0,0.0,0.0,0.0,0.0,0.0,0.0,0.0,0.0,0.0,0.0,0.0,0.0,0.0,,,,,,,
0.011228138580918312,mappo,3.788850051478221e-07,-0.3955839276313782,0.0006779926642214071,1073.0,,,,,,,,,,,,,,0.0,,,,,0.014971823431551456,0.0
,mappo,,,,1073.0,0.0,0.0,0.0,0.0,0.0,0.0,0.0,0.0,0.0,0.0,0.0,0.0,0.0,,,,,,,
0.004389834590256214,mappo,4.553773749194079e-07,-0.40036141872406006,0.0006776925641880627,1074.0,,,,,,,,,,,,,,0.0,,,,,0.014847714453935623,0.0
,mappo,,,,1074.0,0.0,0.0,0.0,0.0,0.0,0.0,0.0,0.0,0.0,0.0,0.0,0.0,0.0,,,,,,,
-0.0023486095014959574,mappo,2.0166866931958793e-07,-0.43020880222320557,0.0006773924641547183,1075.0,,,,,,,,,,,,,,0.0,,,,,0.01495424471795559,0.0
,mappo,,,,1075.0,0.0,0.0,0.0,0.0,0.0,0.0,0.0,0.0,0.0,0.0,0.0,0.0,0.0,,,,,,,
-0.004092744551599026,mappo,5.634273136934098e-08,-0.4356858432292938,0.0006770923641213738,1076.0,,,,,,,,,,,,,,0.0,,,,,0.014975450932979584,0.0
,mappo,,,,1076.0,0.0,0.0,0.0,0.0,0.0,0.0,0.0,0.0,0.0,0.0,0.0,0.0,0.0,,,,,,,
-0.007207960356026888,mappo,4.412492060623663e-08,-0.42737334966659546,0.0006767922640880294,1077.0,,,,,,,,,,,,,,0.0,,,,,0.014953533187508583,0.0
,mappo,,,,1077.0,0.0,0.0,0.0,0.0,0.0,0.0,0.0,0.0,0.0,0.0,0.0,0.0,0.0,,,,,,,
-0.0019569378346204758,mappo,3.091625728757208e-07,-0.4346705675125122,0.0006764921640546849,1078.0,,,,,,,,,,,,,,0.0,,,,,0.01502184383571148,0.0
,mappo,,,,1078.0,0.0,0.0,0.0,0.0,0.0,0.0,0.0,0.0,0.0,0.0,0.0,0.0,0.0,,,,,,,
0.007929240353405476,mappo,9.00223312783055e-07,-0.43951284885406494,0.0006761920640213405,1079.0,,,,,,,,,,,,,,0.0,,,,,0.015040600672364235,0.0
,mappo,,,,1079.0,0.0,0.0,0.0,0.0,0.0,0.0,0.0,0.0,0.0,0.0,0.0,0.0,0.0,,,,,,,
-0.008026662282645702,mappo,9.117076729125984e-07,-0.43093952536582947,0.0006758919639879961,1080.0,,,,,,,,,,,,,,0.0,,,,,0.014927120879292488,0.0
,mappo,,,,1080.0,0.0,0.0,0.0,0.0,0.0,0.0,0.0,0.0,0.0,0.0,0.0,0.0,0.0,,,,,,,
-0.0024176749866455793,mappo,4.214613795738842e-07,-0.4186900556087494,0.0006755918639546517,1081.0,,,,,,,,,,,,,,0.0,,,,,0.015066895633935928,0.0
,mappo,,,,1081.0,0.0,0.0,0.0,0.0,0.0,0.0,0.0,0.0,0.0,0.0,0.0,0.0,0.0,,,,,,,
-0.005290639121085405,mappo,1.0626244772993232e-07,-0.39402446150779724,0.0006752917639213071,1082.0,,,,,,,,,,,,,,0.0,,,,,0.015050648711621761,0.0
,mappo,,,,1082.0,0.0,0.0,0.0,0.0,0.0,0.0,0.0,0.0,0.0,0.0,0.0,0.0,0.0,,,,,,,
-0.0065264953300356865,mappo,1.2418567507666012e-07,-0.36912164092063904,0.0006749916638879626,1083.0,,,,,,,,,,,,,,0.0,,,,,0.015148596838116646,0.0
,mappo,,,,1083.0,0.0,0.0,0.0,0.0,0.0,0.0,0.0,0.0,0.0,0.0,0.0,0.0,0.0,,,,,,,
-0.0031860305462032557,mappo,5.295123060022888e-07,-0.35627150535583496,0.0006746915638546182,1084.0,,,,,,,,,,,,,,0.0,,,,,0.015152376145124435,0.0
,mappo,,,,1084.0,0.0,0.0,0.0,0.0,0.0,0.0,0.0,0.0,0.0,0.0,0.0,0.0,0.0,,,,,,,
0.012422040104866028,mappo,8.903277262106712e-07,-0.35491257905960083,0.0006743914638212738,1085.0,,,,,,,,,,,,,,0.0,,,,,0.015108590945601463,0.0
,mappo,,,,1085.0,0.0,0.0,0.0,0.0,0.0,0.0,0.0,0.0,0.0,0.0,0.0,0.0,0.0,,,,,,,
0.007746155373752117,mappo,7.861734729885939e-07,-0.343400239944458,0.0006740913637879294,1086.0,,,,,,,,,,,,,,0.0,,,,,0.015031779184937477,0.0
,mappo,,,,1086.0,0.0,0.0,0.0,0.0,0.0,0.0,0.0,0.0,0.0,0.0,0.0,0.0,0.0,,,,,,,
0.0005109015619382262,mappo,3.865020801185892e-07,-0.340710312128067,0.0006737912637545849,1087.0,,,,,,,,,,,,,,0.0,,,,,0.015057659707963467,0.0
,mappo,,,,1087.0,0.0,0.0,0.0,0.0,0.0,0.0,0.0,0.0,0.0,0.0,0.0,0.0,0.0,,,,,,,
-0.0038342121988534927,mappo,1.3158745559849194e-07,-0.3425915837287903,0.0006734911637212405,1088.0,,,,,,,,,,,,,,0.0,,,,,0.015058867633342743,0.0
,mappo,,,,1088.0,0.0,0.0,0.0,0.0,0.0,0.0,0.0,0.0,0.0,0.0,0.0,0.0,0.0,,,,,,,
-0.0057714469730854034,mappo,3.931179293203968e-08,-0.3566538989543915,0.000673191063687896,1089.0,,,,,,,,,,,,,,0.0,,,,,0.015027908608317375,0.0
,mappo,,,,1089.0,0.0,0.0,0.0,0.0,0.0,0.0,0.0,0.0,0.0,0.0,0.0,0.0,0.0,,,,,,,
0.0006690375739708543,mappo,3.6860154040141424e-08,-0.371246874332428,0.0006728909636545515,1090.0,,,,,,,,,,,,,,0.0,,,,,0.01489887572824955,0.0
,mappo,,,,1090.0,0.0,0.0,0.0,0.0,0.0,0.0,0.0,0.0,0.0,0.0,0.0,0.0,0.0,,,,,,,
-0.004665752872824669,mappo,6.686850895221141e-08,-0.38191941380500793,0.0006725908636212071,1091.0,,,,,,,,,,,,,,0.0,,,,,0.014980750158429146,0.0
,mappo,,,,1091.0,0.0,0.0,0.0,0.0,0.0,0.0,0.0,0.0,0.0,0.0,0.0,0.0,0.0,,,,,,,
0.004103826824575663,mappo,2.234178282378707e-07,-0.4019101560115814,0.0006722907635878627,1092.0,,,,,,,,,,,,,,0.0,,,,,0.01505246851593256,0.0
,mappo,,,,1092.0,0.0,0.0,0.0,0.0,0.0,0.0,0.0,0.0,0.0,0.0,0.0,0.0,0.0,,,,,,,
-0.003962094429880381,mappo,3.531977199600078e-07,-0.38695722818374634,0.0006719906635545181,1093.0,,,,,,,,,,,,,,0.0,,,,,0.015053724870085716,0.0
,mappo,,,,1093.0,0.0,0.0,0.0,0.0,0.0,0.0,0.0,0.0,0.0,0.0,0.0,0.0,0.0,,,,,,,
-0.00379767338745296,mappo,2.350964791730803e-07,-0.3496948778629303,0.0006716905635211737,1094.0,,,,,,,,,,,,,,0.0,,,,,0.015012555755674839,0.0
,mappo,,,,1094.0,0.0,0.0,0.0,0.0,0.0,0.0,0.0,0.0,0.0,0.0,0.0,0.0,0.0,,,,,,,
-0.0022837950382381678,mappo,9.226888408875311e-08,-0.30158549547195435,0.0006713904634878293,1095.0,,,,,,,,,,,,,,0.0,,,,,0.014989679679274559,0.0
,mappo,,,,1095.0,0.0,0.0,0.0,0.0,0.0,0.0,0.0,0.0,0.0,0.0,0.0,0.0,0.0,,,,,,,
-0.008145324885845184,mappo,2.1279351614111874e-08,-0.2668682932853699,0.0006710903634544849,1096.0,,,,,,,,,,,,,,0.0,,,,,0.014913830906152725,0.0
,mappo,,,,1096.0,0.0,0.0,0.0,0.0,0.0,0.0,0.0,0.0,0.0,0.0,0.0,0.0,0.0,,,,,,,
0.01986714079976082,mappo,4.104810713556617e-08,-0.22870028018951416,0.0006707902634211405,1097.0,,,,,,,,,,,,,,0.0,,,,,0.01498714555054903,0.0
,mappo,,,,1097.0,0.0,0.0,0.0,0.0,0.0,0.0,0.0,0.0,0.0,0.0,0.0,0.0,0.0,,,,,,,
-0.005990090314298868,mappo,5.1035712544944545e-08,-0.2146075963973999,0.000670490163387796,1098.0,,,,,,,,,,,,,,0.0,,,,,0.014973228797316551,0.0
,mappo,,,,1098.0,0.0,0.0,0.0,0.0,0.0,0.0,0.0,0.0,0.0,0.0,0.0,0.0,0.0,,,,,,,
0.0021693778689950705,mappo,1.2612692046332086e-07,-0.21625670790672302,0.0006701900633544515,1099.0,,,,,,,,,,,,,,0.0,,,,,0.014963297173380852,0.0
,mappo,,,,1099.0,0.0,0.0,0.0,0.0,0.0,0.0,0.0,0.0,0.0,0.0,0.0,0.0,0.0,,,,,,,
,mappo,,,,1099.0,,,,,,,,,,,,,,,0.0,0.0,0.0,0.0,,
0.0022035131696611643,mappo,2.5676811787889164e-07,-0.22995524108409882,0.000669889963321107,1100.0,,,,,,,,,,,,,,0.0,,,,,0.01505911722779274,0.0
,mappo,,,,1100.0,0.0,0.0,0.0,0.0,0.0,0.0,0.0,0.0,0.0,0.0,0.0,0.0,0.0,,,,,,,
-7.12377077434212e-05,mappo,2.4339587412214314e-07,-0.23579467833042145,0.0006695898632877626,1101.0,,,,,,,,,,,,,,0.0,,,,,0.015017155557870865,0.0
,mappo,,,,1101.0,0.0,0.0,0.0,0.0,0.0,0.0,0.0,0.0,0.0,0.0,0.0,0.0,0.0,,,,,,,
-0.0012388485483825207,mappo,1.1402185862152692e-07,-0.24964302778244019,0.0006692897632544182,1102.0,,,,,,,,,,,,,,0.0,,,,,0.01493498869240284,0.0
,mappo,,,,1102.0,0.0,0.0,0.0,0.0,0.0,0.0,0.0,0.0,0.0,0.0,0.0,0.0,0.0,,,,,,,
-0.014306419529020786,mappo,5.981585360359531e-08,-0.23088763654232025,0.0006689896632210738,1103.0,,,,,,,,,,,,,,0.0,,,,,0.015110740438103676,0.0
,mappo,,,,1103.0,0.0,0.0,0.0,0.0,0.0,0.0,0.0,0.0,0.0,0.0,0.0,0.0,0.0,,,,,,,
-0.004438316449522972,mappo,3.087487598918415e-08,-0.20387281477451324,0.0006686895631877292,1104.0,,,,,,,,,,,,,,0.0,,,,,0.015127571299672127,0.0
,mappo,,,,1104.0,0.0,0.0,0.0,0.0,0.0,0.0,0.0,0.0,0.0,0.0,0.0,0.0,0.0,,,,,,,
-0.003499087644740939,mappo,2.1161648078305006e-07,-0.16961222887039185,0.0006683894631543848,1105.0,,,,,,,,,,,,,,0.0,,,,,0.01515863835811615,0.0
,mappo,,,,1105.0,0.0,0.0,0.0,0.0,0.0,0.0,0.0,0.0,0.0,0.0,0.0,0.0,0.0,,,,,,,
0.0009133325656875968,mappo,4.5046363084111363e-07,-0.14515456557273865,0.0006680893631210404,1106.0,,,,,,,,,,,,,,0.0,,,,,0.015000730752944946,0.0
,mappo,,,,1106.0,0.0,0.0,0.0,0.0,0.0,0.0,0.0,0.0,0.0,0.0,0.0,0.0,0.0,,,,,,,
-0.0020127720199525356,mappo,3.470123886017973e-07,-0.1407431662082672,0.000667789263087696,1107.0,,,,,,,,,,,,,,0.0,,,,,0.015095964074134827,0.0
,mappo,,,,1107.0,0.0,0.0,0.0,0.0,0.0,0.0,0.0,0.0,0.0,0.0,0.0,0.0,0.0,,,,,,,
-0.008705107495188713,mappo,2.104807208525017e-07,-0.12706585228443146,0.0006674891630543514,1108.0,,,,,,,,,,,,,,0.0,,,,,0.015059943310916424,0.0
,mappo,,,,1108.0,0.0,0.0,0.0,0.0,0.0,0.0,0.0,0.0,0.0,0.0,0.0,0.0,0.0,,,,,,,
0.001235505100339651,mappo,9.257886546265581e-08,-0.1327180713415146,0.000667189063021007,1109.0,,,,,,,,,,,,,,0.0,,,,,0.015178235247731209,0.0
,mappo,,,,1109.0,0.0,0.0,0.0,0.0,0.0,0.0,0.0,0.0,0.0,0.0,0.0,0.0,0.0,,,,,,,
0.01477871835231781,mappo,2.0838795933286747e-07,-0.129611536860466,0.0006668889629876625,1110.0,,,,,,,,,,,,,,0.0,,,,,0.015253836289048195,0.0
,mappo,,,,1110.0,0.0,0.0,0.0,0.0,0.0,0.0,0.0,0.0,0.0,0.0,0.0,0.0,0.0,,,,,,,
-0.0014980878913775086,mappo,3.4018063388430164e-07,-0.15858983993530273,0.0006665888629543181,1111.0,,,,,,,,,,,,,,0.0,,,,,0.01522674411535263,0.0
,mappo,,,,1111.0,0.0,0.0,0.0,0.0,0.0,0.0,0.0,0.0,0.0,0.0,0.0,0.0,0.0,,,,,,,
0.006144346669316292,mappo,3.6874735087621957e-07,-0.19195348024368286,0.0006662887629209737,1112.0,,,,,,,,,,,,,,0.0,,,,,0.015117830596864223,0.0
,mappo,,,,1112.0,0.0,0.0,0.0,0.0,0.0,0.0,0.0,0.0,0.0,0.0,0.0,0.0,0.0,,,,,,,
-0.0004377003642730415,mappo,2.483954517629172e-07,-0.23838384449481964,0.0006659886628876293,1113.0,,,,,,,,,,,,,,0.0,,,,,0.01521091815084219,0.0
,mappo,,,,1113.0,0.0,0.0,0.0,0.0,0.0,0.0,0.0,0.0,0.0,0.0,0.0,0.0,0.0,,,,,,,
-0.005423893686383963,mappo,2.5033190809153893e-07,-0.26909953355789185,0.0006656885628542849,1114.0,,,,,,,,,,,,,,0.0,,,,,0.015261178836226463,0.0
,mappo,,,,1114.0,0.0,0.0,0.0,0.0,0.0,0.0,0.0,0.0,0.0,0.0,0.0,0.0,0.0,,,,,,,
0.028671229258179665,mappo,2.818806876803137e-07,-0.2611851096153259,0.0006653884628209403,1115.0,,,,,,,,,,,,,,0.0,,,,,0.015195237472653389,0.0
,mappo,,,,1115.0,0.0,0.0,0.0,0.0,0.0,0.0,0.0,0.0,0.0,0.0,0.0,0.0,0.0,,,,,,,
0.02254081889986992,mappo,3.017723315679177e-07,-0.25830164551734924,0.0006650883627875958,1116.0,,,,,,,,,,,,,,0.0,,,,,0.015176717191934586,0.0
,mappo,,,,1116.0,0.0,0.0,0.0,0.0,0.0,0.0,0.0,0.0,0.0,0.0,0.0,0.0,0.0,,,,,,,
0.0584639310836792,mappo,2.524249680391222e-07,-0.21528874337673187,0.0006647882627542514,1117.0,,,,,,,,,,,,,,0.0,,,,,0.01517428271472454,0.0
,mappo,,,,1117.0,0.0,0.0,0.0,0.0,0.0,0.0,0.0,0.0,0.0,0.0,0.0,0.0,0.0,,,,,,,
0.0013888045214116573,mappo,2.4688660005267593e-07,-0.2035790979862213,0.000664488162720907,1118.0,,,,,,,,,,,,,,0.0,,,,,0.015366359613835812,0.0
,mappo,,,,1118.0,0.0,0.0,0.0,0.0,0.0,0.0,0.0,0.0,0.0,0.0,0.0,0.0,0.0,,,,,,,
-0.004606996662914753,mappo,4.382880831599323e-07,-0.1732264757156372,0.0006641880626875625,1119.0,,,,,,,,,,,,,,0.0,,,,,0.015299705788493156,0.0
,mappo,,,,1119.0,0.0,0.0,0.0,0.0,0.0,0.0,0.0,0.0,0.0,0.0,0.0,0.0,0.0,,,,,,,
-0.008477531373500824,mappo,4.809691063201171e-07,-0.16702796518802643,0.0006638879626542181,1120.0,,,,,,,,,,,,,,0.0,,,,,0.01531960815191269,0.0
,mappo,,,,1120.0,0.0,0.0,0.0,0.0,0.0,0.0,0.0,0.0,0.0,0.0,0.0,0.0,0.0,,,,,,,
-0.003960820380598307,mappo,4.627574412552349e-07,-0.14322461187839508,0.0006635878626208736,1121.0,,,,,,,,,,,,,,0.0,,,,,0.01527889259159565,0.0
,mappo,,,,1121.0,0.0,0.0,0.0,0.0,0.0,0.0,0.0,0.0,0.0,0.0,0.0,0.0,0.0,,,,,,,
0.003339478513225913,mappo,3.182078103236563e-07,-0.10503160208463669,0.0006632877625875292,1122.0,,,,,,,,,,,,,,0.0,,,,,0.015307247638702393,0.0
,mappo,,,,1122.0,0.0,0.0,0.0,0.0,0.0,0.0,0.0,0.0,0.0,0.0,0.0,0.0,0.0,,,,,,,
-0.00625297287479043,mappo,2.693709575396497e-07,-0.052166882902383804,0.0006629876625541848,1123.0,,,,,,,,,,,,,,0.0,,,,,0.015286460518836975,0.0
,mappo,,,,1123.0,0.0,0.0,0.0,0.0,0.0,0.0,0.0,0.0,0.0,0.0,0.0,0.0,0.0,,,,,,,
-0.004692486487329006,mappo,2.5645169898780296e-07,-0.019520848989486694,0.0006626875625208404,1124.0,,,,,,,,,,,,,,0.0,,,,,0.015300425700843334,0.0
,mappo,,,,1124.0,0.0,0.0,0.0,0.0,0.0,0.0,0.0,0.0,0.0,0.0,0.0,0.0,0.0,,,,,,,
0.01099367905408144,mappo,3.0689975005770975e-07,0.020247235894203186,0.0006623874624874958,1125.0,,,,,,,,,,,,,,0.0,,,,,0.015246115624904633,0.0
,mappo,,,,1125.0,0.0,0.0,0.0,0.0,0.0,0.0,0.0,0.0,0.0,0.0,0.0,0.0,0.0,,,,,,,
-0.00035178131656721234,mappo,3.142741604733601e-07,0.04719170928001404,0.0006620873624541514,1126.0,,,,,,,,,,,,,,0.0,,,,,0.01534120924770832,0.0
,mappo,,,,1126.0,0.0,0.0,0.0,0.0,0.0,0.0,0.0,0.0,0.0,0.0,0.0,0.0,0.0,,,,,,,
-0.003656629705801606,mappo,3.989606227605691e-07,0.06708741933107376,0.0006617872624208069,1127.0,,,,,,,,,,,,,,0.0,,,,,0.015498435124754906,0.0
,mappo,,,,1127.0,0.0,0.0,0.0,0.0,0.0,0.0,0.0,0.0,0.0,0.0,0.0,0.0,0.0,,,,,,,
0.0007633732748217881,mappo,4.970247005076089e-07,0.06651237607002258,0.0006614871623874625,1128.0,,,,,,,,,,,,,,0.0,,,,,0.015448439866304398,0.0
,mappo,,,,1128.0,0.0,0.0,0.0,0.0,0.0,0.0,0.0,0.0,0.0,0.0,0.0,0.0,0.0,,,,,,,
0.00021593557903543115,mappo,4.798705504072132e-07,0.03951143100857735,0.0006611870623541181,1129.0,,,,,,,,,,,,,,0.0,,,,,0.015492311678826809,0.0
,mappo,,,,1129.0,0.0,0.0,0.0,0.0,0.0,0.0,0.0,0.0,0.0,0.0,0.0,0.0,0.0,,,,,,,
-0.006311455741524696,mappo,4.0645852550369455e-07,0.019444860517978668,0.0006608869623207736,1130.0,,,,,,,,,,,,,,0.0,,,,,0.015464631840586662,0.0
,mappo,,,,1130.0,0.0,0.0,0.0,0.0,0.0,0.0,0.0,0.0,0.0,0.0,0.0,0.0,0.0,,,,,,,
-0.0067728734575212,mappo,3.103409937921242e-07,-0.03283006325364113,0.0006605868622874292,1131.0,,,,,,,,,,,,,,0.0,,,,,0.015522731468081474,0.0
,mappo,,,,1131.0,0.0,0.0,0.0,0.0,0.0,0.0,0.0,0.0,0.0,0.0,0.0,0.0,0.0,,,,,,,
-0.0002240252069896087,mappo,3.214120170014212e-07,-0.07756436616182327,0.0006602867622540847,1132.0,,,,,,,,,,,,,,0.0,,,,,0.015471763908863068,0.0
,mappo,,,,1132.0,0.0,0.0,0.0,0.0,0.0,0.0,0.0,0.0,0.0,0.0,0.0,0.0,0.0,,,,,,,
0.0005154195823706686,mappo,3.090630116275861e-07,-0.11046943813562393,0.0006599866622207403,1133.0,,,,,,,,,,,,,,0.0,,,,,0.015489373356103897,0.0
,mappo,,,,1133.0,0.0,0.0,0.0,0.0,0.0,0.0,0.0,0.0,0.0,0.0,0.0,0.0,0.0,,,,,,,
0.012361390516161919,mappo,3.5696632494364167e-07,-0.11550348997116089,0.0006596865621873959,1134.0,,,,,,,,,,,,,,0.0,,,,,0.015428882092237473,0.0
,mappo,,,,1134.0,0.0,0.0,0.0,0.0,0.0,0.0,0.0,0.0,0.0,0.0,0.0,0.0,0.0,,,,,,,
-0.002825325122103095,mappo,3.4755305478029186e-07,-0.11413824558258057,0.0006593864621540514,1135.0,,,,,,,,,,,,,,0.0,,,,,0.015468530356884003,0.0
,mappo,,,,1135.0,0.0,0.0,0.0,0.0,0.0,0.0,0.0,0.0,0.0,0.0,0.0,0.0,0.0,,,,,,,
-0.005286430008709431,mappo,3.4923644420814526e-07,-0.10270468890666962,0.0006590863621207069,1136.0,,,,,,,,,,,,,,0.0,,,,,0.015589697286486626,0.0
,mappo,,,,1136.0,0.0,0.0,0.0,0.0,0.0,0.0,0.0,0.0,0.0,0.0,0.0,0.0,0.0,,,,,,,
0.003715957747772336,mappo,3.578157361516787e-07,-0.08779461681842804,0.0006587862620873625,1137.0,,,,,,,,,,,,,,0.0,,,,,0.015530282631516457,0.0
,mappo,,,,1137.0,0.0,0.0,0.0,0.0,0.0,0.0,0.0,0.0,0.0,0.0,0.0,0.0,0.0,,,,,,,
0.005092320032417774,mappo,2.966968963846739e-07,-0.07434965670108795,0.000658486162054018,1138.0,,,,,,,,,,,,,,0.0,,,,,0.015532051213085651,0.0
,mappo,,,,1138.0,0.0,0.0,0.0,0.0,0.0,0.0,0.0,0.0,0.0,0.0,0.0,0.0,0.0,,,,,,,
0.0020886717829853296,mappo,2.2161275126109103e-07,-0.06238589435815811,0.0006581860620206736,1139.0,,,,,,,,,,,,,,0.0,,,,,0.015451082959771156,0.0
,mappo,,,,1139.0,0.0,0.0,0.0,0.0,0.0,0.0,0.0,0.0,0.0,0.0,0.0,0.0,0.0,,,,,,,
-0.010574915446341038,mappo,1.5254983054546756e-07,-0.05919823795557022,0.0006578859619873292,1140.0,,,,,,,,,,,,,,0.0,,,,,0.01548213604837656,0.0
,mappo,,,,1140.0,0.0,0.0,0.0,0.0,0.0,0.0,0.0,0.0,0.0,0.0,0.0,0.0,0.0,,,,,,,
-0.0039985994808375835,mappo,2.5027452466019895e-07,-0.060410793870687485,0.0006575858619539847,1141.0,,,,,,,,,,,,,,0.0,,,,,0.015649130567908287,0.0
,mappo,,,,1141.0,0.0,0.0,0.0,0.0,0.0,0.0,0.0,0.0,0.0,0.0,0.0,0.0,0.0,,,,,,,
0.09231709688901901,mappo,4.279218046576716e-07,-0.08451969176530838,0.0006572857619206403,1142.0,,,,,,,,,,,,,,0.0,,,,,0.015600311569869518,0.0
,mappo,,,,1142.0,0.0,0.0,0.0,0.0,0.0,0.0,0.0,0.0,0.0,0.0,0.0,0.0,0.0,,,,,,,
0.004564207512885332,mappo,4.1737709466360684e-07,-0.07337910681962967,0.0006569856618872957,1143.0,,,,,,,,,,,,,,0.0,,,,,0.015581818297505379,0.0
,mappo,,,,1143.0,0.0,0.0,0.0,0.0,0.0,0.0,0.0,0.0,0.0,0.0,0.0,0.0,0.0,,,,,,,
0.028880897909402847,mappo,2.9282361424520786e-07,-0.10457029193639755,0.0006566855618539513,1144.0,,,,,,,,,,,,,,0.0,,,,,0.015572691336274147,0.0
,mappo,,,,1144.0,0.0,0.0,0.0,0.0,0.0,0.0,0.0,0.0,0.0,0.0,0.0,0.0,0.0,,,,,,,
0.0010633232304826379,mappo,1.75984212091862e-07,-0.09833141416311264,0.0006563854618206069,1145.0,,,,,,,,,,,,,,0.0,,,,,0.015549948439002037,0.0
,mappo,,,,1145.0,0.0,0.0,0.0,0.0,0.0,0.0,0.0,0.0,0.0,0.0,0.0,0.0,0.0,,,,,,,
0.044029876589775085,mappo,1.3326854286788148e-07,-0.07230639457702637,0.0006560853617872625,1146.0,,,,,,,,,,,,,,0.0,,,,,0.01561594009399414,0.0
,mappo,,,,1146.0,0.0,0.0,0.0,0.0,0.0,0.0,0.0,0.0,0.0,0.0,0.0,0.0,0.0,,,,,,,
0.0018144410569220781,mappo,1.9927232131067285e-07,-0.055405985563993454,0.000655785261753918,1147.0,,,,,,,,,,,,,,0.0,,,,,0.015551786869764328,0.0
,mappo,,,,1147.0,0.0,0.0,0.0,0.0,0.0,0.0,0.0,0.0,0.0,0.0,0.0,0.0,0.0,,,,,,,
0.006317323539406061,mappo,2.3975979956958327e-07,-0.024887273088097572,0.0006554851617205736,1148.0,,,,,,,,,,,,,,0.0,,,,,0.015590589493513107,0.0
,mappo,,,,1148.0,0.0,0.0,0.0,0.0,0.0,0.0,0.0,0.0,0.0,0.0,0.0,0.0,0.0,,,,,,,
0.020833764225244522,mappo,2.584891376500309e-07,-0.0044609117321670055,0.0006551850616872291,1149.0,,,,,,,,,,,,,,0.0,,,,,0.015562482178211212,0.0
,mappo,,,,1149.0,0.0,0.0,0.0,0.0,0.0,0.0,0.0,0.0,0.0,0.0,0.0,0.0,0.0,,,,,,,
-0.008209656924009323,mappo,2.36317248436535e-07,0.04537759721279144,0.0006548849616538847,1150.0,,,,,,,,,,,,,,0.0,,,,,0.015615811571478844,0.0
,mappo,,,,1150.0,0.0,0.0,0.0,0.0,0.0,0.0,0.0,0.0,0.0,0.0,0.0,0.0,0.0,,,,,,,
-0.006810246501117945,mappo,2.1038212594248762e-07,0.07004479318857193,0.0006545848616205403,1151.0,,,,,,,,,,,,,,0.0,,,,,0.015623698942363262,0.0
,mappo,,,,1151.0,0.0,0.0,0.0,0.0,0.0,0.0,0.0,0.0,0.0,0.0,0.0,0.0,0.0,,,,,,,
0.0022290449123829603,mappo,1.8327247630622878e-07,0.10515064001083374,0.0006542847615871957,1152.0,,,,,,,,,,,,,,0.0,,,,,0.015507593750953674,0.0
,mappo,,,,1152.0,0.0,0.0,0.0,0.0,0.0,0.0,0.0,0.0,0.0,0.0,0.0,0.0,0.0,,,,,,,
-0.004021562170237303,mappo,1.3916067587160796e-07,0.12431565672159195,0.0006539846615538512,1153.0,,,,,,,,,,,,,,0.0,,,,,0.015632374212145805,0.0
,mappo,,,,1153.0,0.0,0.0,0.0,0.0,0.0,0.0,0.0,0.0,0.0,0.0,0.0,0.0,0.0,,,,,,,
-0.004651205614209175,mappo,1.6474727715376503e-07,0.15077844262123108,0.0006536845615205068,1154.0,,,,,,,,,,,,,,0.0,,,,,0.015721995383501053,0.0
,mappo,,,,1154.0,0.0,0.0,0.0,0.0,0.0,0.0,0.0,0.0,0.0,0.0,0.0,0.0,0.0,,,,,,,
0.007008288521319628,mappo,2.2190756965301262e-07,0.1890694797039032,0.0006533844614871624,1155.0,,,,,,,,,,,,,,0.0,,,,,0.015661217272281647,0.0
,mappo,,,,1155.0,0.0,0.0,0.0,0.0,0.0,0.0,0.0,0.0,0.0,0.0,0.0,0.0,0.0,,,,,,,
-0.0008515875670127571,mappo,2.322896364148619e-07,0.2019459456205368,0.000653084361453818,1156.0,,,,,,,,,,,,,,0.0,,,,,0.015663035213947296,0.0
,mappo,,,,1156.0,0.0,0.0,0.0,0.0,0.0,0.0,0.0,0.0,0.0,0.0,0.0,0.0,0.0,,,,,,,
-1.4315824955701828e-05,mappo,1.7660789808360278e-07,0.2274983674287796,0.0006527842614204736,1157.0,,,,,,,,,,,,,,0.0,,,,,0.015620540827512741,0.0
,mappo,,,,1157.0,0.0,0.0,0.0,0.0,0.0,0.0,0.0,0.0,0.0,0.0,0.0,0.0,0.0,,,,,,,
-0.005404174793511629,mappo,9.61018855605289e-08,0.26561495661735535,0.0006524841613871291,1158.0,,,,,,,,,,,,,,0.0,,,,,0.01570948027074337,0.0
,mappo,,,,1158.0,0.0,0.0,0.0,0.0,0.0,0.0,0.0,0.0,0.0,0.0,0.0,0.0,0.0,,,,,,,
-0.014188697561621666,mappo,1.2327480192197982e-07,0.27780506014823914,0.0006521840613537847,1159.0,,,,,,,,,,,,,,0.0,,,,,0.015771757811307907,0.0
,mappo,,,,1159.0,0.0,0.0,0.0,0.0,0.0,0.0,0.0,0.0,0.0,0.0,0.0,0.0,0.0,,,,,,,
0.010888013057410717,mappo,1.708726387050774e-07,0.3046557605266571,0.0006518839613204402,1160.0,,,,,,,,,,,,,,0.0,,,,,0.015799179673194885,0.0
,mappo,,,,1160.0,0.0,0.0,0.0,0.0,0.0,0.0,0.0,0.0,0.0,0.0,0.0,0.0,0.0,,,,,,,
0.005608754698187113,mappo,1.9110973425995326e-07,0.3072158992290497,0.0006515838612870957,1161.0,,,,,,,,,,,,,,0.0,,,,,0.01575787179172039,0.0
,mappo,,,,1161.0,0.0,0.0,0.0,0.0,0.0,0.0,0.0,0.0,0.0,0.0,0.0,0.0,0.0,,,,,,,
-0.004902778659015894,mappo,1.5247225348957727e-07,0.3284658193588257,0.0006512837612537513,1162.0,,,,,,,,,,,,,,0.0,,,,,0.015775226056575775,0.0
,mappo,,,,1162.0,0.0,0.0,0.0,0.0,0.0,0.0,0.0,0.0,0.0,0.0,0.0,0.0,0.0,,,,,,,
0.017497215420007706,mappo,1.2227283718857507e-07,0.3337600827217102,0.0006509836612204068,1163.0,,,,,,,,,,,,,,0.0,,,,,0.015768563374876976,0.0
,mappo,,,,1163.0,0.0,0.0,0.0,0.0,0.0,0.0,0.0,0.0,0.0,0.0,0.0,0.0,0.0,,,,,,,
0.009077358059585094,mappo,1.01618155667893e-07,0.3805893659591675,0.0006506835611870623,1164.0,,,,,,,,,,,,,,0.0,,,,,0.015863731503486633,0.0
,mappo,,,,1164.0,0.0,0.0,0.0,0.0,0.0,0.0,0.0,0.0,0.0,0.0,0.0,0.0,0.0,,,,,,,
0.0097130062058568,mappo,1.2325068610152812e-07,0.4324091672897339,0.0006503834611537179,1165.0,,,,,,,,,,,,,,0.0,,,,,0.015896394848823547,0.0
,mappo,,,,1165.0,0.0,0.0,0.0,0.0,0.0,0.0,0.0,0.0,0.0,0.0,0.0,0.0,0.0,,,,,,,
0.023021817207336426,mappo,1.6063503949226288e-07,0.44483765959739685,0.0006500833611203735,1166.0,,,,,,,,,,,,,,0.0,,,,,0.015892796218395233,0.0
,mappo,,,,1166.0,0.0,0.0,0.0,0.0,0.0,0.0,0.0,0.0,0.0,0.0,0.0,0.0,0.0,,,,,,,
-0.006605181843042374,mappo,1.819284420889744e-07,0.5057317614555359,0.0006497832610870291,1167.0,,,,,,,,,,,,,,0.0,,,,,0.015794662758708,0.0
,mappo,,,,1167.0,0.0,0.0,0.0,0.0,0.0,0.0,0.0,0.0,0.0,0.0,0.0,0.0,0.0,,,,,,,
-0.00781273003667593,mappo,1.1878569239343051e-07,0.5949663519859314,0.0006494831610536846,1168.0,,,,,,,,,,,,,,0.0,,,,,0.015815790742635727,0.0
,mappo,,,,1168.0,0.0,0.0,0.0,0.0,0.0,0.0,0.0,0.0,0.0,0.0,0.0,0.0,0.0,,,,,,,
-0.008917255327105522,mappo,8.84273561041482e-08,0.677562952041626,0.0006491830610203402,1169.0,,,,,,,,,,,,,,0.0,,,,,0.015898343175649643,0.0
,mappo,,,,1169.0,0.0,0.0,0.0,0.0,0.0,0.0,0.0,0.0,0.0,0.0,0.0,0.0,0.0,,,,,,,
-0.014625080861151218,mappo,9.647319387795505e-08,0.7143415212631226,0.0006488829609869956,1170.0,,,,,,,,,,,,,,0.0,,,,,0.0158509723842144,0.0
,mappo,,,,1170.0,0.0,0.0,0.0,0.0,0.0,0.0,0.0,0.0,0.0,0.0,0.0,0.0,0.0,,,,,,,
-0.002647813642397523,mappo,1.0132984584743099e-07,0.7095531225204468,0.0006485828609536512,1171.0,,,,,,,,,,,,,,0.0,,,,,0.015828371047973633,0.0
,mappo,,,,1171.0,0.0,0.0,0.0,0.0,0.0,0.0,0.0,0.0,0.0,0.0,0.0,0.0,0.0,,,,,,,
3.209960414096713e-05,mappo,1.0813693052114104e-07,0.7056629061698914,0.0006482827609203068,1172.0,,,,,,,,,,,,,,0.0,,,,,0.01584707200527191,0.0
,mappo,,,,1172.0,0.0,0.0,0.0,0.0,0.0,0.0,0.0,0.0,0.0,0.0,0.0,0.0,0.0,,,,,,,
-0.010744521394371986,mappo,9.539443368566936e-08,0.7314322590827942,0.0006479826608869624,1173.0,,,,,,,,,,,,,,0.0,,,,,0.015950877219438553,0.0
,mappo,,,,1173.0,0.0,0.0,0.0,0.0,0.0,0.0,0.0,0.0,0.0,0.0,0.0,0.0,0.0,,,,,,,
-0.0037815484683960676,mappo,9.484919871738384e-08,0.7490416765213013,0.0006476825608536179,1174.0,,,,,,,,,,,,,,0.0,,,,,0.015841860324144363,0.0
,mappo,,,,1174.0,0.0,0.0,0.0,0.0,0.0,0.0,0.0,0.0,0.0,0.0,0.0,0.0,0.0,,,,,,,
-0.0024052727967500687,mappo,6.843796995781304e-08,0.6726048588752747,0.0006473824608202734,1175.0,,,,,,,,,,,,,,0.0,,,,,0.01615002006292343,0.0
,mappo,,,,1175.0,0.0,0.0,0.0,0.0,0.0,0.0,0.0,0.0,0.0,0.0,0.0,0.0,0.0,,,,,,,
0.00136452610604465,mappo,9.466661765600293e-08,0.6759844422340393,0.000647082360786929,1176.0,,,,,,,,,,,,,,0.0,,,,,0.01596524938941002,0.0
,mappo,,,,1176.0,0.0,0.0,0.0,0.0,0.0,0.0,0.0,0.0,0.0,0.0,0.0,0.0,0.0,,,,,,,
-0.0019654950592666864,mappo,8.222932734724964e-08,0.691962718963623,0.0006467822607535846,1177.0,,,,,,,,,,,,,,0.0,,,,,0.015999602153897285,0.0
,mappo,,,,1177.0,0.0,0.0,0.0,0.0,0.0,0.0,0.0,0.0,0.0,0.0,0.0,0.0,0.0,,,,,,,
0.0011721027549356222,mappo,8.74462315891833e-08,0.7339406609535217,0.0006464821607202402,1178.0,,,,,,,,,,,,,,0.0,,,,,0.01600860431790352,0.0
,mappo,,,,1178.0,0.0,0.0,0.0,0.0,0.0,0.0,0.0,0.0,0.0,0.0,0.0,0.0,0.0,,,,,,,
-0.002498277463018894,mappo,6.397441154604167e-08,0.719922661781311,0.0006461820606868956,1179.0,,,,,,,,,,,,,,0.0,,,,,0.015960032120347023,0.0
,mappo,,,,1179.0,0.0,0.0,0.0,0.0,0.0,0.0,0.0,0.0,0.0,0.0,0.0,0.0,0.0,,,,,,,
-0.0053168730810284615,mappo,6.839293575922056e-08,0.6985355615615845,0.0006458819606535512,1180.0,,,,,,,,,,,,,,0.0,,,,,0.0157952681183815,0.0
,mappo,,,,1180.0,0.0,0.0,0.0,0.0,0.0,0.0,0.0,0.0,0.0,0.0,0.0,0.0,0.0,,,,,,,
4.1512976167723536e-05,mappo,6.437073096776658e-08,0.6673735976219177,0.0006455818606202067,1181.0,,,,,,,,,,,,,,0.0,,,,,0.01581464149057865,0.0
,mappo,,,,1181.0,0.0,0.0,0.0,0.0,0.0,0.0,0.0,0.0,0.0,0.0,0.0,0.0,0.0,,,,,,,
-0.005956449080258608,mappo,9.261013644845661e-08,0.6837196350097656,0.0006452817605868623,1182.0,,,,,,,,,,,,,,0.0,,,,,0.01565071940422058,0.0
,mappo,,,,1182.0,0.0,0.0,0.0,0.0,0.0,0.0,0.0,0.0,0.0,0.0,0.0,0.0,0.0,,,,,,,
-0.013635129667818546,mappo,6.209201330875658e-08,0.6443174481391907,0.0006449816605535179,1183.0,,,,,,,,,,,,,,0.0,,,,,0.015715936198830605,0.0
,mappo,,,,1183.0,0.0,0.0,0.0,0.0,0.0,0.0,0.0,0.0,0.0,0.0,0.0,0.0,0.0,,,,,,,
0.011173608712852001,mappo,5.8589360918404054e-08,0.6276180148124695,0.0006446815605201735,1184.0,,,,,,,,,,,,,,0.0,,,,,0.015858856961131096,0.0
,mappo,,,,1184.0,0.0,0.0,0.0,0.0,0.0,0.0,0.0,0.0,0.0,0.0,0.0,0.0,0.0,,,,,,,
-0.008507220074534416,mappo,4.69674148462218e-08,0.6509541273117065,0.000644381460486829,1185.0,,,,,,,,,,,,,,0.0,,,,,0.015794210135936737,0.0
,mappo,,,,1185.0,0.0,0.0,0.0,0.0,0.0,0.0,0.0,0.0,0.0,0.0,0.0,0.0,0.0,,,,,,,
0.00021755255875177681,mappo,2.4326029191001908e-08,0.6214442849159241,0.0006440813604534845,1186.0,,,,,,,,,,,,,,0.0,,,,,0.015890300273895264,0.0
,mappo,,,,1186.0,0.0,0.0,0.0,0.0,0.0,0.0,0.0,0.0,0.0,0.0,0.0,0.0,0.0,,,,,,,
-0.01012168824672699,mappo,2.641586149820796e-08,0.6158916354179382,0.00064378126042014,1187.0,,,,,,,,,,,,,,0.0,,,,,0.01581432670354843,0.0
,mappo,,,,1187.0,0.0,0.0,0.0,0.0,0.0,0.0,0.0,0.0,0.0,0.0,0.0,0.0,0.0,,,,,,,
0.0008627433562651277,mappo,3.589141428506082e-08,0.5825631022453308,0.0006434811603867956,1188.0,,,,,,,,,,,,,,0.0,,,,,0.015920720994472504,0.0
,mappo,,,,1188.0,0.0,0.0,0.0,0.0,0.0,0.0,0.0,0.0,0.0,0.0,0.0,0.0,0.0,,,,,,,
0.004178384784609079,mappo,5.820790960342492e-08,0.5566862225532532,0.0006431810603534512,1189.0,,,,,,,,,,,,,,0.0,,,,,0.015980347990989685,0.0
,mappo,,,,1189.0,0.0,0.0,0.0,0.0,0.0,0.0,0.0,0.0,0.0,0.0,0.0,0.0,0.0,,,,,,,
-0.004004462156444788,mappo,6.518148154555092e-08,0.5453608632087708,0.0006428809603201067,1190.0,,,,,,,,,,,,,,0.0,,,,,0.01590905338525772,0.0
,mappo,,,,1190.0,0.0,0.0,0.0,0.0,0.0,0.0,0.0,0.0,0.0,0.0,0.0,0.0,0.0,,,,,,,
0.002464297926053405,mappo,6.938044094795259e-08,0.5400205850601196,0.0006425808602867623,1191.0,,,,,,,,,,,,,,0.0,,,,,0.015947764739394188,0.0
,mappo,,,,1191.0,0.0,0.0,0.0,0.0,0.0,0.0,0.0,0.0,0.0,0.0,0.0,0.0,0.0,,,,,,,
-0.005875409580767155,mappo,4.155217681045542e-08,0.5111737251281738,0.0006422807602534178,1192.0,,,,,,,,,,,,,,0.0,,,,,0.015932966023683548,0.0
,mappo,,,,1192.0,0.0,0.0,0.0,0.0,0.0,0.0,0.0,0.0,0.0,0.0,0.0,0.0,0.0,,,,,,,
0.0019806174095720053,mappo,2.8745033020527444e-08,0.4745825231075287,0.0006419806602200734,1193.0,,,,,,,,,,,,,,0.0,,,,,0.016039926558732986,0.0
,mappo,,,,1193.0,0.0,0.0,0.0,0.0,0.0,0.0,0.0,0.0,0.0,0.0,0.0,0.0,0.0,,,,,,,
0.004081152845174074,mappo,2.2694155887847955e-08,0.5059694051742554,0.000641680560186729,1194.0,,,,,,,,,,,,,,0.0,,,,,0.015847861766815186,0.0
,mappo,,,,1194.0,0.0,0.0,0.0,0.0,0.0,0.0,0.0,0.0,0.0,0.0,0.0,0.0,0.0,,,,,,,
0.00034939422039315104,mappo,3.4042262342381946e-08,0.5176379680633545,0.0006413804601533846,1195.0,,,,,,,,,,,,,,0.0,,,,,0.01575758308172226,0.0
,mappo,,,,1195.0,0.0,0.0,0.0,0.0,0.0,0.0,0.0,0.0,0.0,0.0,0.0,0.0,0.0,,,,,,,
-0.007989316247403622,mappo,1.7318884104611243e-08,0.5311723947525024,0.00064108036012004,1196.0,,,,,,,,,,,,,,0.0,,,,,0.01569967530667782,0.0
,mappo,,,,1196.0,0.0,0.0,0.0,0.0,0.0,0.0,0.0,0.0,0.0,0.0,0.0,0.0,0.0,,,,,,,
-0.001322070136666298,mappo,2.5998382113812113e-08,0.5993325710296631,0.0006407802600866955,1197.0,,,,,,,,,,,,,,0.0,,,,,0.015659864991903305,0.0
,mappo,,,,1197.0,0.0,0.0,0.0,0.0,0.0,0.0,0.0,0.0,0.0,0.0,0.0,0.0,0.0,,,,,,,
0.001280908822081983,mappo,4.3408231675812203e-08,0.5931436419487,0.0006404801600533511,1198.0,,,,,,,,,,,,,,0.0,,,,,0.01587671786546707,0.0
,mappo,,,,1198.0,0.0,0.0,0.0,0.0,0.0,0.0,0.0,0.0,0.0,0.0,0.0,0.0,0.0,,,,,,,
-0.005246381741017103,mappo,4.94074328116767e-08,0.5729170441627502,0.0006401800600200067,1199.0,,,,,,,,,,,,,,0.0,,,,,0.015742961317300797,0.0
,mappo,,,,1199.0,0.0,0.0,0.0,0.0,0.0,0.0,0.0,0.0,0.0,0.0,0.0,0.0,0.0,,,,,,,
,mappo,,,,1199.0,,,,,,,,,,,,,,,0.0,0.0,0.0,0.0,,
-0.005043911747634411,mappo,3.9699660447922724e-08,0.5191765427589417,0.0006398799599866623,1200.0,,,,,,,,,,,,,,0.0,,,,,0.015814943239092827,0.0
,mappo,,,,1200.0,0.0,0.0,0.0,0.0,0.0,0.0,0.0,0.0,0.0,0.0,0.0,0.0,0.0,,,,,,,
0.006844719406217337,mappo,3.764960609942136e-08,0.5256927609443665,0.0006395798599533178,1201.0,,,,,,,,,,,,,,0.0,,,,,0.01572783850133419,0.0
,mappo,,,,1201.0,0.0,0.0,0.0,0.0,0.0,0.0,0.0,0.0,0.0,0.0,0.0,0.0,0.0,,,,,,,
0.005720921326428652,mappo,1.5908538486542056e-08,0.49808165431022644,0.0006392797599199733,1202.0,,,,,,,,,,,,,,0.0,,,,,0.01588372327387333,0.0
,mappo,,,,1202.0,0.0,0.0,0.0,0.0,0.0,0.0,0.0,0.0,0.0,0.0,0.0,0.0,0.0,,,,,,,
-0.001527892192825675,mappo,1.7277018926620258e-08,0.49285340309143066,0.0006389796598866289,1203.0,,,,,,,,,,,,,,0.0,,,,,0.015941254794597626,0.0
,mappo,,,,1203.0,0.0,0.0,0.0,0.0,0.0,0.0,0.0,0.0,0.0,0.0,0.0,0.0,0.0,,,,,,,
-0.001808146364055574,mappo,2.4105320406420105e-08,0.5458862781524658,0.0006386795598532845,1204.0,,,,,,,,,,,,,,0.0,,,,,0.01600026711821556,0.0
,mappo,,,,1204.0,0.0,0.0,0.0,0.0,0.0,0.0,0.0,0.0,0.0,0.0,0.0,0.0,0.0,,,,,,,
-0.007536489982157946,mappo,3.934144032768927e-08,0.6047979593276978,0.00063837945981994,1205.0,,,,,,,,,,,,,,0.0,,,,,0.01580752246081829,0.0
,mappo,,,,1205.0,0.0,0.0,0.0,0.0,0.0,0.0,0.0,0.0,0.0,0.0,0.0,0.0,0.0,,,,,,,
-0.0025311633944511414,mappo,2.5075522103179537e-08,0.5841071605682373,0.0006380793597865956,1206.0,,,,,,,,,,,,,,0.0,,,,,0.01589113473892212,0.0
,mappo,,,,1206.0,0.0,0.0,0.0,0.0,0.0,0.0,0.0,0.0,0.0,0.0,0.0,0.0,0.0,,,,,,,
-0.0005642772885039449,mappo,2.1351418411086343e-08,0.5859540104866028,0.0006377792597532511,1207.0,,,,,,,,,,,,,,0.0,,,,,0.01592743769288063,0.0
,mappo,,,,1207.0,0.0,0.0,0.0,0.0,0.0,0.0,0.0,0.0,0.0,0.0,0.0,0.0,0.0,,,,,,,
0.002464138437062502,mappo,2.5047365070918204e-08,0.5245110988616943,0.0006374791597199066,1208.0,,,,,,,,,,,,,,0.0,,,,,0.015818418934941292,0.0
,mappo,,,,1208.0,0.0,0.0,0.0,0.0,0.0,0.0,0.0,0.0,0.0,0.0,0.0,0.0,0.0,,,,,,,
0.00736695621162653,mappo,2.992661407574815e-08,0.4853023886680603,0.0006371790596865622,1209.0,,,,,,,,,,,,,,0.0,,,,,0.015853257849812508,0.0
,mappo,,,,1209.0,0.0,0.0,0.0,0.0,0.0,0.0,0.0,0.0,0.0,0.0,0.0,0.0,0.0,,,,,,,
-0.0004308722564019263,mappo,2.2959355305829376e-08,0.45700809359550476,0.0006368789596532178,1210.0,,,,,,,,,,,,,,0.0,,,,,0.015825539827346802,0.0
,mappo,,,,1210.0,0.0,0.0,0.0,0.0,0.0,0.0,0.0,0.0,0.0,0.0,0.0,0.0,0.0,,,,,,,
0.00450874213129282,mappo,3.965645944958851e-08,0.43502989411354065,0.0006365788596198734,1211.0,,,,,,,,,,,,,,0.0,,,,,0.015819091349840164,0.0
,mappo,,,,1211.0,0.0,0.0,0.0,0.0,0.0,0.0,0.0,0.0,0.0,0.0,0.0,0.0,0.0,,,,,,,
-9.391062485519797e-05,mappo,2.0765329011851463e-08,0.4162939190864563,0.0006362787595865289,1212.0,,,,,,,,,,,,,,0.0,,,,,0.015734706073999405,0.0
,mappo,,,,1212.0,0.0,0.0,0.0,0.0,0.0,0.0,0.0,0.0,0.0,0.0,0.0,0.0,0.0,,,,,,,
0.003532678121700883,mappo,8.465589118600292e-09,0.3837195634841919,0.0006359786595531844,1213.0,,,,,,,,,,,,,,0.0,,,,,0.015801092609763145,0.0
,mappo,,,,1213.0,0.0,0.0,0.0,0.0,0.0,0.0,0.0,0.0,0.0,0.0,0.0,0.0,0.0,,,,,,,
0.002220999449491501,mappo,6.610499259096514e-09,0.3421085476875305,0.00063567855951984,1214.0,,,,,,,,,,,,,,0.0,,,,,0.015792708843946457,0.0
,mappo,,,,1214.0,0.0,0.0,0.0,0.0,0.0,0.0,0.0,0.0,0.0,0.0,0.0,0.0,0.0,,,,,,,
-0.005936162080615759,mappo,2.0715157589279443e-08,0.3172239065170288,0.0006353784594864955,1215.0,,,,,,,,,,,,,,0.0,,,,,0.015673058107495308,0.0
,mappo,,,,1215.0,0.0,0.0,0.0,0.0,0.0,0.0,0.0,0.0,0.0,0.0,0.0,0.0,0.0,,,,,,,
-0.014586104080080986,mappo,1.7499369064921666e-08,0.2462049424648285,0.0006350783594531511,1216.0,,,,,,,,,,,,,,0.0,,,,,0.01585342362523079,0.0
,mappo,,,,1216.0,0.0,0.0,0.0,0.0,0.0,0.0,0.0,0.0,0.0,0.0,0.0,0.0,0.0,,,,,,,
0.05234901234507561,mappo,2.719500180603518e-08,0.20107664167881012,0.0006347782594198066,1217.0,,,,,,,,,,,,,,0.0,,,,,0.016008630394935608,0.0
,mappo,,,,1217.0,0.0,0.0,0.0,0.0,0.0,0.0,0.0,0.0,0.0,0.0,0.0,0.0,0.0,,,,,,,
-0.004627883899956942,mappo,2.9819524627328065e-08,0.22179438173770905,0.0006344781593864622,1218.0,,,,,,,,,,,,,,0.0,,,,,0.01587226614356041,0.0
,mappo,,,,1218.0,0.0,0.0,0.0,0.0,0.0,0.0,0.0,0.0,0.0,0.0,0.0,0.0,0.0,,,,,,,
-0.003942509181797504,mappo,3.891410571554843e-08,0.2528543174266815,0.0006341780593531177,1219.0,,,,,,,,,,,,,,0.0,,,,,0.015782879665493965,0.0
,mappo,,,,1219.0,0.0,0.0,0.0,0.0,0.0,0.0,0.0,0.0,0.0,0.0,0.0,0.0,0.0,,,,,,,
-0.00042084933375008404,mappo,1.5698319089096913e-08,0.276376873254776,0.0006338779593197733,1220.0,,,,,,,,,,,,,,0.0,,,,,0.015945523977279663,0.0
,mappo,,,,1220.0,0.0,0.0,0.0,0.0,0.0,0.0,0.0,0.0,0.0,0.0,0.0,0.0,0.0,,,,,,,
0.0008494700887240469,mappo,2.3712443564249952e-08,0.28498873114585876,0.0006335778592864289,1221.0,,,,,,,,,,,,,,0.0,,,,,0.016061104834079742,0.0
,mappo,,,,1221.0,0.0,0.0,0.0,0.0,0.0,0.0,0.0,0.0,0.0,0.0,0.0,0.0,0.0,,,,,,,
0.0015860398998484015,mappo,1.61497943906852e-08,0.3275166153907776,0.0006332777592530845,1222.0,,,,,,,,,,,,,,0.0,,,,,0.015968821942806244,0.0
,mappo,,,,1222.0,0.0,0.0,0.0,0.0,0.0,0.0,0.0,0.0,0.0,0.0,0.0,0.0,0.0,,,,,,,
0.0025701585691422224,mappo,1.646994718385031e-08,0.34706151485443115,0.00063297765921974,1223.0,,,,,,,,,,,,,,0.0,,,,,0.016048135235905647,0.0
,mappo,,,,1223.0,0.0,0.0,0.0,0.0,0.0,0.0,0.0,0.0,0.0,0.0,0.0,0.0,0.0,,,,,,,
0.012884672731161118,mappo,1.9320808064549055e-08,0.3590206205844879,0.0006326775591863954,1224.0,,,,,,,,,,,,,,0.0,,,,,0.016023660078644753,0.0
,mappo,,,,1224.0,0.0,0.0,0.0,0.0,0.0,0.0,0.0,0.0,0.0,0.0,0.0,0.0,0.0,,,,,,,
-0.0029896823689341545,mappo,1.325363196968965e-08,0.34656259417533875,0.000632377459153051,1225.0,,,,,,,,,,,,,,0.0,,,,,0.01622861996293068,0.0
,mappo,,,,1225.0,0.0,0.0,0.0,0.0,0.0,0.0,0.0,0.0,0.0,0.0,0.0,0.0,0.0,,,,,,,
-0.004117005504667759,mappo,1.7456331491416677e-08,0.3437459170818329,0.0006320773591197066,1226.0,,,,,,,,,,,,,,0.0,,,,,0.016110893338918686,0.0
,mappo,,,,1226.0,0.0,0.0,0.0,0.0,0.0,0.0,0.0,0.0,0.0,0.0,0.0,0.0,0.0,,,,,,,
-0.003459656611084938,mappo,1.940854943427439e-08,0.3735806941986084,0.0006317772590863622,1227.0,,,,,,,,,,,,,,0.0,,,,,0.01596040464937687,0.0
,mappo,,,,1227.0,0.0,0.0,0.0,0.0,0.0,0.0,0.0,0.0,0.0,0.0,0.0,0.0,0.0,,,,,,,
-0.0021038088016211987,mappo,1.1428666901736051e-08,0.37585049867630005,0.0006314771590530177,1228.0,,,,,,,,,,,,,,0.0,,,,,0.01610025018453598,0.0
,mappo,,,,1228.0,0.0,0.0,0.0,0.0,0.0,0.0,0.0,0.0,0.0,0.0,0.0,0.0,0.0,,,,,,,
0.0012225339887663722,mappo,2.642910246208885e-08,0.3337078094482422,0.0006311770590196733,1229.0,,,,,,,,,,,,,,0.0,,,,,0.01622088812291622,0.0
,mappo,,,,1229.0,0.0,0.0,0.0,0.0,0.0,0.0,0.0,0.0,0.0,0.0,0.0,0.0,0.0,,,,,,,
0.08803875744342804,mappo,9.929055799773323e-09,0.30744028091430664,0.0006308769589863288,1230.0,,,,,,,,,,,,,,0.0,,,,,0.01612604781985283,0.0
,mappo,,,,1230.0,0.0,0.0,0.0,0.0,0.0,0.0,0.0,0.0,0.0,0.0,0.0,0.0,0.0,,,,,,,
0.0006441686418838799,mappo,1.7962760168188652e-08,0.31008192896842957,0.0006305768589529844,1231.0,,,,,,,,,,,,,,0.0,,,,,0.016165703535079956,0.0
,mappo,,,,1231.0,0.0,0.0,0.0,0.0,0.0,0.0,0.0,0.0,0.0,0.0,0.0,0.0,0.0,,,,,,,
-0.0021638597827404737,mappo,3.9736857360139766e-08,0.3069075644016266,0.00063027675891964,1232.0,,,,,,,,,,,,,,0.0,,,,,0.016135506331920624,0.0
,mappo,,,,1232.0,0.0,0.0,0.0,0.0,0.0,0.0,0.0,0.0,0.0,0.0,0.0,0.0,0.0,,,,,,,
-0.005307300481945276,mappo,2.205453242254407e-08,0.2856762111186981,0.0006299766588862955,1233.0,,,,,,,,,,,,,,0.0,,,,,0.016409803181886673,0.0
,mappo,,,,1233.0,0.0,0.0,0.0,0.0,0.0,0.0,0.0,0.0,0.0,0.0,0.0,0.0,0.0,,,,,,,
0.0007905575912445784,mappo,2.7743130459612075e-08,0.31851711869239807,0.000629676558852951,1234.0,,,,,,,,,,,,,,0.0,,,,,0.016155317425727844,0.0
,mappo,,,,1234.0,0.0,0.0,0.0,0.0,0.0,0.0,0.0,0.0,0.0,0.0,0.0,0.0,0.0,,,,,,,
-0.0022720778360962868,mappo,2.7940187052877263e-08,0.27983415126800537,0.0006293764588196065,1235.0,,,,,,,,,,,,,,0.0,,,,,0.016432901844382286,0.0
,mappo,,,,1235.0,0.0,0.0,0.0,0.0,0.0,0.0,0.0,0.0,0.0,0.0,0.0,0.0,0.0,,,,,,,
0.018486162647604942,mappo,4.6252292662529726e-08,0.24415497481822968,0.0006290763587862621,1236.0,,,,,,,,,,,,,,0.0,,,,,0.016549551859498024,0.0
,mappo,,,,1236.0,0.0,0.0,0.0,0.0,0.0,0.0,0.0,0.0,0.0,0.0,0.0,0.0,0.0,,,,,,,
-0.003557528369128704,mappo,4.0714386528861723e-08,0.250652015209198,0.0006287762587529177,1237.0,,,,,,,,,,,,,,0.0,,,,,0.016498729586601257,0.0
,mappo,,,,1237.0,0.0,0.0,0.0,0.0,0.0,0.0,0.0,0.0,0.0,0.0,0.0,0.0,0.0,,,,,,,
-0.00048347178380936384,mappo,4.447372603522126e-08,0.2255980670452118,0.0006284761587195733,1238.0,,,,,,,,,,,,,,0.0,,,,,0.016655396670103073,0.0
,mappo,,,,1238.0,0.0,0.0,0.0,0.0,0.0,0.0,0.0,0.0,0.0,0.0,0.0,0.0,0.0,,,,,,,
0.001198507845401764,mappo,3.5934551334548814e-08,0.2379027009010315,0.0006281760586862288,1239.0,,,,,,,,,,,,,,0.0,,,,,0.016513004899024963,0.0
,mappo,,,,1239.0,0.0,0.0,0.0,0.0,0.0,0.0,0.0,0.0,0.0,0.0,0.0,0.0,0.0,,,,,,,
0.00210720207542181,mappo,5.038100781007415e-08,0.22367319464683533,0.0006278759586528844,1240.0,,,,,,,,,,,,,,0.0,,,,,0.01672365888953209,0.0
,mappo,,,,1240.0,0.0,0.0,0.0,0.0,0.0,0.0,0.0,0.0,0.0,0.0,0.0,0.0,0.0,,,,,,,
-0.0035961668472737074,mappo,4.117890384236489e-08,0.2609783411026001,0.0006275758586195398,1241.0,,,,,,,,,,,,,,0.0,,,,,0.01641048491001129,0.0
,mappo,,,,1241.0,0.0,0.0,0.0,0.0,0.0,0.0,0.0,0.0,0.0,0.0,0.0,0.0,0.0,,,,,,,
-0.001116899074986577,mappo,6.979102096238421e-08,0.25418147444725037,0.0006272757585861954,1242.0,,,,,,,,,,,,,,0.0,,,,,0.016608471050858498,0.0
,mappo,,,,1242.0,0.0,0.0,0.0,0.0,0.0,0.0,0.0,0.0,0.0,0.0,0.0,0.0,0.0,,,,,,,
-0.0031052702106535435,mappo,1.0404906447547546e-07,0.27194762229919434,0.000626975658552851,1243.0,,,,,,,,,,,,,,0.0,,,,,0.01683545857667923,0.0
,mappo,,,,1243.0,0.0,0.0,0.0,0.0,0.0,0.0,0.0,0.0,0.0,0.0,0.0,0.0,0.0,,,,,,,
0.007899652235209942,mappo,1.1050263992729015e-07,0.3329881727695465,0.0006266755585195066,1244.0,,,,,,,,,,,,,,0.0,,,,,0.016777651384472847,0.0
,mappo,,,,1244.0,0.0,0.0,0.0,0.0,0.0,0.0,0.0,0.0,0.0,0.0,0.0,0.0,0.0,,,,,,,
-0.0026509109884500504,mappo,7.375837185463752e-08,0.3943574130535126,0.000626375458486162,1245.0,,,,,,,,,,,,,,0.0,,,,,0.016598060727119446,0.0
,mappo,,,,1245.0,0.0,0.0,0.0,0.0,0.0,0.0,0.0,0.0,0.0,0.0,0.0,0.0,0.0,,,,,,,
0.0017655387055128813,mappo,1.4469799580751896e-08,0.4071378707885742,0.0006260753584528176,1246.0,,,,,,,,,,,,,,0.0,,,,,0.016521848738193512,0.0
,mappo,,,,1246.0,0.0,0.0,0.0,0.0,0.0,0.0,0.0,0.0,0.0,0.0,0.0,0.0,0.0,,,,,,,
0.0012238780036568642,mappo,6.213428349610695e-08,0.412603497505188,0.0006257752584194732,1247.0,,,,,,,,,,,,,,0.0,,,,,0.01656169444322586,0.0
,mappo,,,,1247.0,0.0,0.0,0.0,0.0,0.0,0.0,0.0,0.0,0.0,0.0,0.0,0.0,0.0,,,,,,,
-0.004045727197080851,mappo,5.593210872234522e-08,0.4268477261066437,0.0006254751583861288,1248.0,,,,,,,,,,,,,,0.0,,,,,0.016341451555490494,0.0
,mappo,,,,1248.0,0.0,0.0,0.0,0.0,0.0,0.0,0.0,0.0,0.0,0.0,0.0,0.0,0.0,,,,,,,
0.0033546097110956907,mappo,2.5354228938567758e-08,0.4351680874824524,0.0006251750583527844,1249.0,,,,,,,,,,,,,,0.0,,,,,0.01625303365290165,0.0
,mappo,,,,1249.0,0.0,0.0,0.0,0.0,0.0,0.0,0.0,0.0,0.0,0.0,0.0,0.0,0.0,,,,,,,
0.00019046911620534956,mappo,3.5892256278202694e-08,0.42620018124580383,0.0006248749583194398,1250.0,,,,,,,,,,,,,,0.0,,,,,0.016432296484708786,0.0
,mappo,,,,1250.0,0.0,0.0,0.0,0.0,0.0,0.0,0.0,0.0,0.0,0.0,0.0,0.0,0.0,,,,,,,
0.002654331736266613,mappo,3.352943878098813e-08,0.420072466135025,0.0006245748582860954,1251.0,,,,,,,,,,,,,,0.0,,,,,0.0165700800716877,0.0
,mappo,,,,1251.0,0.0,0.0,0.0,0.0,0.0,0.0,0.0,0.0,0.0,0.0,0.0,0.0,0.0,,,,,,,
0.005294090136885643,mappo,1.9356408031967476e-08,0.4306516647338867,0.0006242747582527509,1252.0,,,,,,,,,,,,,,0.0,,,,,0.016521168872714043,0.0
,mappo,,,,1252.0,0.0,0.0,0.0,0.0,0.0,0.0,0.0,0.0,0.0,0.0,0.0,0.0,0.0,,,,,,,
0.017668694257736206,mappo,3.4525335479429486e-08,0.40409138798713684,0.0006239746582194065,1253.0,,,,,,,,,,,,,,0.0,,,,,0.016551662236452103,0.0
,mappo,,,,1253.0,0.0,0.0,0.0,0.0,0.0,0.0,0.0,0.0,0.0,0.0,0.0,0.0,0.0,,,,,,,
-0.008445358835160732,mappo,1.810984961991835e-08,0.43040719628334045,0.0006236745581860621,1254.0,,,,,,,,,,,,,,0.0,,,,,0.016428204253315926,0.0
,mappo,,,,1254.0,0.0,0.0,0.0,0.0,0.0,0.0,0.0,0.0,0.0,0.0,0.0,0.0,0.0,,,,,,,
0.031171344220638275,mappo,4.3833253471348144e-08,0.44897720217704773,0.0006233744581527177,1255.0,,,,,,,,,,,,,,0.0,,,,,0.01684154011309147,0.0
,mappo,,,,1255.0,0.0,0.0,0.0,0.0,0.0,0.0,0.0,0.0,0.0,0.0,0.0,0.0,0.0,,,,,,,
0.0507124699652195,mappo,5.072700659525253e-08,0.496342271566391,0.0006230743581193731,1256.0,,,,,,,,,,,,,,0.0,,,,,0.01667694002389908,0.0
,mappo,,,,1256.0,0.0,0.0,0.0,0.0,0.0,0.0,0.0,0.0,0.0,0.0,0.0,0.0,0.0,,,,,,,
-0.004429243970662355,mappo,2.3165330986785193e-08,0.5475313067436218,0.0006227742580860287,1257.0,,,,,,,,,,,,,,0.0,,,,,0.016458967700600624,0.0
,mappo,,,,1257.0,0.0,0.0,0.0,0.0,0.0,0.0,0.0,0.0,0.0,0.0,0.0,0.0,0.0,,,,,,,
0.03189521282911301,mappo,5.636160338440277e-08,0.5234048366546631,0.0006224741580526843,1258.0,,,,,,,,,,,,,,0.0,,,,,0.01686917431652546,0.0
,mappo,,,,1258.0,0.0,0.0,0.0,0.0,0.0,0.0,0.0,0.0,0.0,0.0,0.0,0.0,0.0,,,,,,,
0.013040383346378803,mappo,4.500632400095128e-08,0.5727655291557312,0.0006221740580193398,1259.0,,,,,,,,,,,,,,0.0,,,,,0.016582174226641655,0.0
,mappo,,,,1259.0,0.0,0.0,0.0,0.0,0.0,0.0,0.0,0.0,0.0,0.0,0.0,0.0,0.0,,,,,,,
-0.003146861679852009,mappo,9.837949477287111e-08,0.559285581111908,0.0006218739579859953,1260.0,,,,,,,,,,,,,,0.0,,,,,0.016911014914512634,0.0
,mappo,,,,1260.0,0.0,0.0,0.0,0.0,0.0,0.0,0.0,0.0,0.0,0.0,0.0,0.0,0.0,,,,,,,
0.01639002189040184,mappo,6.33533190352864e-08,0.5540199279785156,0.0006215738579526509,1261.0,,,,,,,,,,,,,,0.0,,,,,0.016613364219665527,0.0
,mappo,,,,1261.0,0.0,0.0,0.0,0.0,0.0,0.0,0.0,0.0,0.0,0.0,0.0,0.0,0.0,,,,,,,
0.004814185667783022,mappo,1.3012096644615667e-07,0.5096883773803711,0.0006212737579193064,1262.0,,,,,,,,,,,,,,0.0,,,,,0.016825590282678604,0.0
,mappo,,,,1262.0,0.0,0.0,0.0,0.0,0.0,0.0,0.0,0.0,0.0,0.0,0.0,0.0,0.0,,,,,,,
-0.002835662569850683,mappo,1.5013085885584587e-07,0.5129855275154114,0.000620973657885962,1263.0,,,,,,,,,,,,,,0.0,,,,,0.016849353909492493,0.0
,mappo,,,,1263.0,0.0,0.0,0.0,0.0,0.0,0.0,0.0,0.0,0.0,0.0,0.0,0.0,0.0,,,,,,,
0.007708276156336069,mappo,1.9250175853358087e-07,0.5411298274993896,0.0006206735578526176,1264.0,,,,,,,,,,,,,,0.0,,,,,0.016663115471601486,0.0
,mappo,,,,1264.0,0.0,0.0,0.0,0.0,0.0,0.0,0.0,0.0,0.0,0.0,0.0,0.0,0.0,,,,,,,
0.07238727062940598,mappo,2.2730567650341982e-07,0.5264831781387329,0.0006203734578192732,1265.0,,,,,,,,,,,,,,0.0,,,,,0.016720259562134743,0.0
,mappo,,,,1265.0,0.0,0.0,0.0,0.0,0.0,0.0,0.0,0.0,0.0,0.0,0.0,0.0,0.0,,,,,,,
0.01449078880250454,mappo,1.9601378653533175e-07,0.588518500328064,0.0006200733577859288,1266.0,,,,,,,,,,,,,,0.0,,,,,0.016561323776841164,0.0
,mappo,,,,1266.0,0.0,0.0,0.0,0.0,0.0,0.0,0.0,0.0,0.0,0.0,0.0,0.0,0.0,,,,,,,
0.027707988396286964,mappo,2.4891289740480715e-07,0.6139724850654602,0.0006197732577525841,1267.0,,,,,,,,,,,,,,0.0,,,,,0.016736242920160294,0.0
,mappo,,,,1267.0,0.0,0.0,0.0,0.0,0.0,0.0,0.0,0.0,0.0,0.0,0.0,0.0,0.0,,,,,,,
0.01639978028833866,mappo,1.2172446872682485e-07,0.6533744931221008,0.0006194731577192397,1268.0,,,,,,,,,,,,,,0.0,,,,,0.01674855500459671,0.0
,mappo,,,,1268.0,0.0,0.0,0.0,0.0,0.0,0.0,0.0,0.0,0.0,0.0,0.0,0.0,0.0,,,,,,,
-0.007996554486453533,mappo,9.703736481014857e-08,0.703727662563324,0.0006191730576858953,1269.0,,,,,,,,,,,,,,0.0,,,,,0.016527002677321434,0.0
,mappo,,,,1269.0,0.0,0.0,0.0,0.0,0.0,0.0,0.0,0.0,0.0,0.0,0.0,0.0,0.0,,,,,,,
0.0040290867909789085,mappo,1.281578221323798e-07,0.6964994072914124,0.0006188729576525509,1270.0,,,,,,,,,,,,,,0.0,,,,,0.0169021338224411,0.0
,mappo,,,,1270.0,0.0,0.0,0.0,0.0,0.0,0.0,0.0,0.0,0.0,0.0,0.0,0.0,0.0,,,,,,,
0.0030045860912650824,mappo,1.2147236816417717e-07,0.6469085216522217,0.0006185728576192064,1271.0,,,,,,,,,,,,,,0.0,,,,,0.0168449804186821,0.0
,mappo,,,,1271.0,0.0,0.0,0.0,0.0,0.0,0.0,0.0,0.0,0.0,0.0,0.0,0.0,0.0,,,,,,,
0.018167903646826744,mappo,1.6251421186552761e-07,0.5894109010696411,0.000618272757585862,1272.0,,,,,,,,,,,,,,0.0,,,,,0.016715193167328835,0.0
,mappo,,,,1272.0,0.0,0.0,0.0,0.0,0.0,0.0,0.0,0.0,0.0,0.0,0.0,0.0,0.0,,,,,,,
0.0037740799598395824,mappo,1.2444620267615392e-07,0.48700323700904846,0.0006179726575525175,1273.0,,,,,,,,,,,,,,0.0,,,,,0.016881713643670082,0.0
,mappo,,,,1273.0,0.0,0.0,0.0,0.0,0.0,0.0,0.0,0.0,0.0,0.0,0.0,0.0,0.0,,,,,,,
0.0030416015069931746,mappo,6.094401072687106e-08,0.4752364456653595,0.0006176725575191731,1274.0,,,,,,,,,,,,,,0.0,,,,,0.016479138284921646,0.0
,mappo,,,,1274.0,0.0,0.0,0.0,0.0,0.0,0.0,0.0,0.0,0.0,0.0,0.0,0.0,0.0,,,,,,,
-0.005342920310795307,mappo,5.1451468863206173e-08,0.4328112304210663,0.0006173724574858287,1275.0,,,,,,,,,,,,,,0.0,,,,,0.016219332814216614,0.0
,mappo,,,,1275.0,0.0,0.0,0.0,0.0,0.0,0.0,0.0,0.0,0.0,0.0,0.0,0.0,0.0,,,,,,,
-0.007619326934218407,mappo,1.0030378660985662e-07,0.3849073648452759,0.0006170723574524843,1276.0,,,,,,,,,,,,,,0.0,,,,,0.016316788271069527,0.0
,mappo,,,,1276.0,0.0,0.0,0.0,0.0,0.0,0.0,0.0,0.0,0.0,0.0,0.0,0.0,0.0,,,,,,,
-0.0020559700205922127,mappo,4.9766981646826025e-08,0.33226513862609863,0.0006167722574191397,1277.0,,,,,,,,,,,,,,0.0,,,,,0.01625135913491249,0.0
,mappo,,,,1277.0,0.0,0.0,0.0,0.0,0.0,0.0,0.0,0.0,0.0,0.0,0.0,0.0,0.0,,,,,,,
0.012037847191095352,mappo,4.605780290489747e-08,0.29539191722869873,0.0006164721573857952,1278.0,,,,,,,,,,,,,,0.0,,,,,0.016210898756980896,0.0
,mappo,,,,1278.0,0.0,0.0,0.0,0.0,0.0,0.0,0.0,0.0,0.0,0.0,0.0,0.0,0.0,,,,,,,
0.010058390907943249,mappo,2.7627384824313594e-08,0.23755119740962982,0.0006161720573524508,1279.0,,,,,,,,,,,,,,0.0,,,,,0.01643420197069645,0.0
,mappo,,,,1279.0,0.0,0.0,0.0,0.0,0.0,0.0,0.0,0.0,0.0,0.0,0.0,0.0,0.0,,,,,,,
-0.0019233106868341565,mappo,4.049042345855014e-08,0.2495875358581543,0.0006158719573191064,1280.0,,,,,,,,,,,,,,0.0,,,,,0.015908606350421906,0.0
,mappo,,,,1280.0,0.0,0.0,0.0,0.0,0.0,0.0,0.0,0.0,0.0,0.0,0.0,0.0,0.0,,,,,,,
0.060129646211862564,mappo,2.4485059313406055e-08,0.17226015031337738,0.000615571857285762,1281.0,,,,,,,,,,,,,,0.0,,,,,0.01641789823770523,0.0
,mappo,,,,1281.0,0.0,0.0,0.0,0.0,0.0,0.0,0.0,0.0,0.0,0.0,0.0,0.0,0.0,,,,,,,
0.15191550552845,mappo,4.8843247668628464e-08,0.2235865741968155,0.0006152717572524175,1282.0,,,,,,,,,,,,,,0.0,,,,,0.016423452645540237,0.0
,mappo,,,,1282.0,0.0,0.0,0.0,0.0,0.0,0.0,0.0,0.0,0.0,0.0,0.0,0.0,0.0,,,,,,,
0.030529730021953583,mappo,4.494691907552806e-08,0.21713374555110931,0.0006149716572190731,1283.0,,,,,,,,,,,,,,0.0,,,,,0.016510462388396263,0.0
,mappo,,,,1283.0,0.0,0.0,0.0,0.0,0.0,0.0,0.0,0.0,0.0,0.0,0.0,0.0,0.0,,,,,,,
0.09031283855438232,mappo,5.319601825704012e-08,0.24437379837036133,0.0006146715571857286,1284.0,,,,,,,,,,,,,,0.0,,,,,0.016564032062888145,0.0
,mappo,,,,1284.0,0.0,0.0,0.0,0.0,0.0,0.0,0.0,0.0,0.0,0.0,0.0,0.0,0.0,,,,,,,
-0.0010026677045971155,mappo,2.988359426581155e-08,0.27371278405189514,0.0006143714571523841,1285.0,,,,,,,,,,,,,,0.0,,,,,0.016330605372786522,0.0
,mappo,,,,1285.0,0.0,0.0,0.0,0.0,0.0,0.0,0.0,0.0,0.0,0.0,0.0,0.0,0.0,,,,,,,
0.0070786187425255775,mappo,2.1471747047030476e-08,0.262056827545166,0.0006140713571190397,1286.0,,,,,,,,,,,,,,0.0,,,,,0.01649554818868637,0.0
,mappo,,,,1286.0,0.0,0.0,0.0,0.0,0.0,0.0,0.0,0.0,0.0,0.0,0.0,0.0,0.0,,,,,,,
-0.0058147660456597805,mappo,1.757941348046188e-08,0.2475627064704895,0.0006137712570856953,1287.0,,,,,,,,,,,,,,0.0,,,,,0.016515761613845825,0.0
,mappo,,,,1287.0,0.0,0.0,0.0,0.0,0.0,0.0,0.0,0.0,0.0,0.0,0.0,0.0,0.0,,,,,,,
0.0018564814236015081,mappo,1.796214377236538e-08,0.1927715241909027,0.0006134711570523508,1288.0,,,,,,,,,,,,,,0.0,,,,,0.01665521413087845,0.0
,mappo,,,,1288.0,0.0,0.0,0.0,0.0,0.0,0.0,0.0,0.0,0.0,0.0,0.0,0.0,0.0,,,,,,,
-0.01231146790087223,mappo,1.0756901147601639e-08,0.17186379432678223,0.0006131710570190063,1289.0,,,,,,,,,,,,,,0.0,,,,,0.01634623110294342,0.0
,mappo,,,,1289.0,0.0,0.0,0.0,0.0,0.0,0.0,0.0,0.0,0.0,0.0,0.0,0.0,0.0,,,,,,,
0.0028787117917090654,mappo,3.790651703639014e-08,0.11272896081209183,0.0006128709569856619,1290.0,,,,,,,,,,,,,,0.0,,,,,0.016439288854599,0.0
,mappo,,,,1290.0,0.0,0.0,0.0,0.0,0.0,0.0,0.0,0.0,0.0,0.0,0.0,0.0,0.0,,,,,,,
-0.00010437927267048508,mappo,2.9407628332478453e-08,0.10853701084852219,0.0006125708569523175,1291.0,,,,,,,,,,,,,,0.0,,,,,0.016330264508724213,0.0
,mappo,,,,1291.0,0.0,0.0,0.0,0.0,0.0,0.0,0.0,0.0,0.0,0.0,0.0,0.0,0.0,,,,,,,
3.016793925780803e-06,mappo,2.2637111740664295e-08,0.13104106485843658,0.0006122707569189731,1292.0,,,,,,,,,,,,,,0.0,,,,,0.016107920557260513,0.0
,mappo,,,,1292.0,0.0,0.0,0.0,0.0,0.0,0.0,0.0,0.0,0.0,0.0,0.0,0.0,0.0,,,,,,,
0.0034059551544487476,mappo,3.19447615027002e-08,0.10968354344367981,0.0006119706568856286,1293.0,,,,,,,,,,,,,,0.0,,,,,0.01644025929272175,0.0
,mappo,,,,1293.0,0.0,0.0,0.0,0.0,0.0,0.0,0.0,0.0,0.0,0.0,0.0,0.0,0.0,,,,,,,
0.002247792901471257,mappo,2.4091848516150094e-08,0.13332140445709229,0.0006116705568522841,1294.0,,,,,,,,,,,,,,0.0,,,,,0.015990372747182846,0.0
,mappo,,,,1294.0,0.0,0.0,0.0,0.0,0.0,0.0,0.0,0.0,0.0,0.0,0.0,0.0,0.0,,,,,,,
0.13929715752601624,mappo,2.309626623286931e-08,0.13914693892002106,0.0006113704568189396,1295.0,,,,,,,,,,,,,,0.0,,,,,0.016236133873462677,0.0
,mappo,,,,1295.0,0.0,0.0,0.0,0.0,0.0,0.0,0.0,0.0,0.0,0.0,0.0,0.0,0.0,,,,,,,
-0.004787984304130077,mappo,1.0056737664854154e-08,0.14280323684215546,0.0006110703567855952,1296.0,,,,,,,,,,,,,,0.0,,,,,0.016198359429836273,0.0
,mappo,,,,1296.0,0.0,0.0,0.0,0.0,0.0,0.0,0.0,0.0,0.0,0.0,0.0,0.0,0.0,,,,,,,
-0.0024696304462850094,mappo,1.5126268237963814e-08,0.1196320578455925,0.0006107702567522508,1297.0,,,,,,,,,,,,,,0.0,,,,,0.016344264149665833,0.0
,mappo,,,,1297.0,0.0,0.0,0.0,0.0,0.0,0.0,0.0,0.0,0.0,0.0,0.0,0.0,0.0,,,,,,,
0.05388829484581947,mappo,1.4001151349418706e-08,0.12960174679756165,0.0006104701567189064,1298.0,,,,,,,,,,,,,,0.0,,,,,0.0165727399289608,0.0
,mappo,,,,1298.0,0.0,0.0,0.0,0.0,0.0,0.0,0.0,0.0,0.0,0.0,0.0,0.0,0.0,,,,,,,
-0.004726433660835028,mappo,2.4646277907436343e-08,0.18727263808250427,0.0006101700566855619,1299.0,,,,,,,,,,,,,,0.0,,,,,0.016204994171857834,0.0
,mappo,,,,1299.0,0.0,0.0,0.0,0.0,0.0,0.0,0.0,0.0,0.0,0.0,0.0,0.0,0.0,,,,,,,
,mappo,,,,1299.0,,,,,,,,,,,,,,,0.0,0.0,0.0,0.0,,
0.0063148424960672855,mappo,1.8941459956067774e-08,0.20395950973033905,0.0006098699566522174,1300.0,,,,,,,,,,,,,,0.0,,,,,0.016479287296533585,0.0
,mappo,,,,1300.0,0.0,0.0,0.0,0.0,0.0,0.0,0.0,0.0,0.0,0.0,0.0,0.0,0.0,,,,,,,
-0.013892175629734993,mappo,1.6113466116962627e-08,0.2115243673324585,0.000609569856618873,1301.0,,,,,,,,,,,,,,0.0,,,,,0.01665090024471283,0.0
,mappo,,,,1301.0,0.0,0.0,0.0,0.0,0.0,0.0,0.0,0.0,0.0,0.0,0.0,0.0,0.0,,,,,,,
0.004852437414228916,mappo,2.811921362422254e-08,0.2334483116865158,0.0006092697565855286,1302.0,,,,,,,,,,,,,,0.0,,,,,0.01663937047123909,0.0
,mappo,,,,1302.0,0.0,0.0,0.0,0.0,0.0,0.0,0.0,0.0,0.0,0.0,0.0,0.0,0.0,,,,,,,
0.029653500765562057,mappo,3.126167413824987e-08,0.22993217408657074,0.0006089696565521842,1303.0,,,,,,,,,,,,,,0.0,,,,,0.016663670539855957,0.0
,mappo,,,,1303.0,0.0,0.0,0.0,0.0,0.0,0.0,0.0,0.0,0.0,0.0,0.0,0.0,0.0,,,,,,,
-0.0023310482501983643,mappo,2.6589761503714726e-08,0.2559991478919983,0.0006086695565188396,1304.0,,,,,,,,,,,,,,0.0,,,,,0.016436077654361725,0.0
,mappo,,,,1304.0,0.0,0.0,0.0,0.0,0.0,0.0,0.0,0.0,0.0,0.0,0.0,0.0,0.0,,,,,,,
0.01522498857229948,mappo,2.958608469327828e-08,0.25590312480926514,0.0006083694564854951,1305.0,,,,,,,,,,,,,,0.0,,,,,0.016497479751706123,0.0
,mappo,,,,1305.0,0.0,0.0,0.0,0.0,0.0,0.0,0.0,0.0,0.0,0.0,0.0,0.0,0.0,,,,,,,
0.0029139763209968805,mappo,6.50063753937502e-08,0.26827317476272583,0.0006080693564521507,1306.0,,,,,,,,,,,,,,0.0,,,,,0.01672840490937233,0.0
,mappo,,,,1306.0,0.0,0.0,0.0,0.0,0.0,0.0,0.0,0.0,0.0,0.0,0.0,0.0,0.0,,,,,,,
0.0031850452069193125,mappo,7.40844114943684e-08,0.2958894670009613,0.0006077692564188063,1307.0,,,,,,,,,,,,,,0.0,,,,,0.016592293977737427,0.0
,mappo,,,,1307.0,0.0,0.0,0.0,0.0,0.0,0.0,0.0,0.0,0.0,0.0,0.0,0.0,0.0,,,,,,,
0.0061927116475999355,mappo,6.702325094920525e-08,0.2982594072818756,0.0006074691563854619,1308.0,,,,,,,,,,,,,,0.0,,,,,0.016596008092164993,0.0
,mappo,,,,1308.0,0.0,0.0,0.0,0.0,0.0,0.0,0.0,0.0,0.0,0.0,0.0,0.0,0.0,,,,,,,
0.05097808316349983,mappo,6.953846565238564e-08,0.25059616565704346,0.0006071690563521174,1309.0,,,,,,,,,,,,,,0.0,,,,,0.016612116247415543,0.0
,mappo,,,,1309.0,0.0,0.0,0.0,0.0,0.0,0.0,0.0,0.0,0.0,0.0,0.0,0.0,0.0,,,,,,,
-0.005646750796586275,mappo,1.2262030679721647e-07,0.25475209951400757,0.000606868956318773,1310.0,,,,,,,,,,,,,,0.0,,,,,0.01666087657213211,0.0
,mappo,,,,1310.0,0.0,0.0,0.0,0.0,0.0,0.0,0.0,0.0,0.0,0.0,0.0,0.0,0.0,,,,,,,
0.00530385272577405,mappo,1.3457614045364608e-07,0.23882023990154266,0.0006065688562854285,1311.0,,,,,,,,,,,,,,0.0,,,,,0.016687024384737015,0.0
,mappo,,,,1311.0,0.0,0.0,0.0,0.0,0.0,0.0,0.0,0.0,0.0,0.0,0.0,0.0,0.0,,,,,,,
-0.007224461063742638,mappo,1.6491615895120049e-07,0.230468288064003,0.000606268756252084,1312.0,,,,,,,,,,,,,,0.0,,,,,0.016536183655261993,0.0
,mappo,,,,1312.0,0.0,0.0,0.0,0.0,0.0,0.0,0.0,0.0,0.0,0.0,0.0,0.0,0.0,,,,,,,
8.234236156567931e-05,mappo,1.0686011364668957e-07,0.2650482654571533,0.0006059686562187396,1313.0,,,,,,,,,,,,,,0.0,,,,,0.016279052942991257,0.0
,mappo,,,,1313.0,0.0,0.0,0.0,0.0,0.0,0.0,0.0,0.0,0.0,0.0,0.0,0.0,0.0,,,,,,,
-0.009394537657499313,mappo,1.0401144123761696e-07,0.31480488181114197,0.0006056685561853952,1314.0,,,,,,,,,,,,,,0.0,,,,,0.016239898279309273,0.0
,mappo,,,,1314.0,0.0,0.0,0.0,0.0,0.0,0.0,0.0,0.0,0.0,0.0,0.0,0.0,0.0,,,,,,,
0.015422110445797443,mappo,1.907264248757201e-07,0.38536226749420166,0.0006053684561520507,1315.0,,,,,,,,,,,,,,0.0,,,,,0.016452522948384285,0.0
,mappo,,,,1315.0,0.0,0.0,0.0,0.0,0.0,0.0,0.0,0.0,0.0,0.0,0.0,0.0,0.0,,,,,,,
0.08460730314254761,mappo,1.925943422520504e-07,0.42848896980285645,0.0006050683561187062,1316.0,,,,,,,,,,,,,,0.0,,,,,0.016550213098526,0.0
,mappo,,,,1316.0,0.0,0.0,0.0,0.0,0.0,0.0,0.0,0.0,0.0,0.0,0.0,0.0,0.0,,,,,,,
0.012780469842255116,mappo,2.372388507865253e-07,0.5063237547874451,0.0006047682560853618,1317.0,,,,,,,,,,,,,,0.0,,,,,0.01661563292145729,0.0
,mappo,,,,1317.0,0.0,0.0,0.0,0.0,0.0,0.0,0.0,0.0,0.0,0.0,0.0,0.0,0.0,,,,,,,
0.013667481951415539,mappo,1.507299032255105e-07,0.5510375499725342,0.0006044681560520174,1318.0,,,,,,,,,,,,,,0.0,,,,,0.016634970903396606,0.0
,mappo,,,,1318.0,0.0,0.0,0.0,0.0,0.0,0.0,0.0,0.0,0.0,0.0,0.0,0.0,0.0,,,,,,,
0.045199859887361526,mappo,1.6007257386263518e-07,0.5927728414535522,0.000604168056018673,1319.0,,,,,,,,,,,,,,0.0,,,,,0.016675617545843124,0.0
,mappo,,,,1319.0,0.0,0.0,0.0,0.0,0.0,0.0,0.0,0.0,0.0,0.0,0.0,0.0,0.0,,,,,,,
0.058884650468826294,mappo,1.9661877104226733e-07,0.5958430767059326,0.0006038679559853285,1320.0,,,,,,,,,,,,,,0.0,,,,,0.016498778015375137,0.0
,mappo,,,,1320.0,0.0,0.0,0.0,0.0,0.0,0.0,0.0,0.0,0.0,0.0,0.0,0.0,0.0,,,,,,,
0.030071258544921875,mappo,1.7535026586301683e-07,0.6065502166748047,0.000603567855951984,1321.0,,,,,,,,,,,,,,0.0,,,,,0.01653558760881424,0.0
,mappo,,,,1321.0,0.0,0.0,0.0,0.0,0.0,0.0,0.0,0.0,0.0,0.0,0.0,0.0,0.0,,,,,,,
0.021403329446911812,mappo,2.591541488072835e-07,0.5082826018333435,0.0006032677559186395,1322.0,,,,,,,,,,,,,,0.0,,,,,0.016950488090515137,0.0
,mappo,,,,1322.0,0.0,0.0,0.0,0.0,0.0,0.0,0.0,0.0,0.0,0.0,0.0,0.0,0.0,,,,,,,
0.004976842552423477,mappo,2.5929321623152646e-07,0.5259813666343689,0.0006029676558852951,1323.0,,,,,,,,,,,,,,0.0,,,,,0.01663181185722351,0.0
,mappo,,,,1323.0,0.0,0.0,0.0,0.0,0.0,0.0,0.0,0.0,0.0,0.0,0.0,0.0,0.0,,,,,,,
0.0009332092013210058,mappo,3.209311500995682e-07,0.5661998391151428,0.0006026675558519507,1324.0,,,,,,,,,,,,,,0.0,,,,,0.016613995656371117,0.0
,mappo,,,,1324.0,0.0,0.0,0.0,0.0,0.0,0.0,0.0,0.0,0.0,0.0,0.0,0.0,0.0,,,,,,,
-0.004988511558622122,mappo,2.1294559360285348e-07,0.5914035439491272,0.0006023674558186063,1325.0,,,,,,,,,,,,,,0.0,,,,,0.016803735867142677,0.0
,mappo,,,,1325.0,0.0,0.0,0.0,0.0,0.0,0.0,0.0,0.0,0.0,0.0,0.0,0.0,0.0,,,,,,,
-0.014591505751013756,mappo,1.9311084997752914e-07,0.5663414597511292,0.0006020673557852618,1326.0,,,,,,,,,,,,,,0.0,,,,,0.016570765525102615,0.0
,mappo,,,,1326.0,0.0,0.0,0.0,0.0,0.0,0.0,0.0,0.0,0.0,0.0,0.0,0.0,0.0,,,,,,,
0.017452117055654526,mappo,2.2829144086244924e-07,0.5062749981880188,0.0006017672557519173,1327.0,,,,,,,,,,,,,,0.0,,,,,0.016719311475753784,0.0
,mappo,,,,1327.0,0.0,0.0,0.0,0.0,0.0,0.0,0.0,0.0,0.0,0.0,0.0,0.0,0.0,,,,,,,
-0.010206220671534538,mappo,2.9356490927057166e-07,0.5164616703987122,0.0006014671557185729,1328.0,,,,,,,,,,,,,,0.0,,,,,0.016389071941375732,0.0
,mappo,,,,1328.0,0.0,0.0,0.0,0.0,0.0,0.0,0.0,0.0,0.0,0.0,0.0,0.0,0.0,,,,,,,
0.0025925133377313614,mappo,3.517674542763416e-07,0.4948519468307495,0.0006011670556852285,1329.0,,,,,,,,,,,,,,0.0,,,,,0.01646888628602028,0.0
,mappo,,,,1329.0,0.0,0.0,0.0,0.0,0.0,0.0,0.0,0.0,0.0,0.0,0.0,0.0,0.0,,,,,,,
-0.0029748775996267796,mappo,2.338780547006536e-07,0.4925820529460907,0.000600866955651884,1330.0,,,,,,,,,,,,,,0.0,,,,,0.016336891800165176,0.0
,mappo,,,,1330.0,0.0,0.0,0.0,0.0,0.0,0.0,0.0,0.0,0.0,0.0,0.0,0.0,0.0,,,,,,,
-0.0036013294011354446,mappo,2.6965801680489676e-07,0.4550391137599945,0.0006005668556185395,1331.0,,,,,,,,,,,,,,0.0,,,,,0.016647202894091606,0.0
,mappo,,,,1331.0,0.0,0.0,0.0,0.0,0.0,0.0,0.0,0.0,0.0,0.0,0.0,0.0,0.0,,,,,,,
-0.0033999523147940636,mappo,3.0086698643572163e-07,0.45850566029548645,0.0006002667555851951,1332.0,,,,,,,,,,,,,,0.0,,,,,0.016608837991952896,0.0
,mappo,,,,1332.0,0.0,0.0,0.0,0.0,0.0,0.0,0.0,0.0,0.0,0.0,0.0,0.0,0.0,,,,,,,
0.0006519697490148246,mappo,2.439737443182821e-07,0.5004315972328186,0.0005999666555518506,1333.0,,,,,,,,,,,,,,0.0,,,,,0.016413718461990356,0.0
,mappo,,,,1333.0,0.0,0.0,0.0,0.0,0.0,0.0,0.0,0.0,0.0,0.0,0.0,0.0,0.0,,,,,,,
0.009571263566613197,mappo,1.613374820408353e-07,0.5659162998199463,0.0005996665555185062,1334.0,,,,,,,,,,,,,,0.0,,,,,0.016004852950572968,0.0
,mappo,,,,1334.0,0.0,0.0,0.0,0.0,0.0,0.0,0.0,0.0,0.0,0.0,0.0,0.0,0.0,,,,,,,
0.0013788766227662563,mappo,1.739407338163801e-07,0.5311132073402405,0.0005993664554851618,1335.0,,,,,,,,,,,,,,0.0,,,,,0.016334129497408867,0.0
,mappo,,,,1335.0,0.0,0.0,0.0,0.0,0.0,0.0,0.0,0.0,0.0,0.0,0.0,0.0,0.0,,,,,,,
-0.005621348507702351,mappo,2.2144860167827574e-07,0.4911038279533386,0.0005990663554518174,1336.0,,,,,,,,,,,,,,0.0,,,,,0.01673918403685093,0.0
,mappo,,,,1336.0,0.0,0.0,0.0,0.0,0.0,0.0,0.0,0.0,0.0,0.0,0.0,0.0,0.0,,,,,,,
0.053120486438274384,mappo,1.8889424779899855e-07,0.4966890513896942,0.0005987662554184728,1337.0,,,,,,,,,,,,,,0.0,,,,,0.01650170609354973,0.0
,mappo,,,,1337.0,0.0,0.0,0.0,0.0,0.0,0.0,0.0,0.0,0.0,0.0,0.0,0.0,0.0,,,,,,,
0.029952028766274452,mappo,7.853627437270916e-08,0.5074836611747742,0.0005984661553851283,1338.0,,,,,,,,,,,,,,0.0,,,,,0.016541754826903343,0.0
,mappo,,,,1338.0,0.0,0.0,0.0,0.0,0.0,0.0,0.0,0.0,0.0,0.0,0.0,0.0,0.0,,,,,,,
0.059200625866651535,mappo,5.497638966289742e-08,0.4999929666519165,0.0005981660553517839,1339.0,,,,,,,,,,,,,,0.0,,,,,0.01639745756983757,0.0
,mappo,,,,1339.0,0.0,0.0,0.0,0.0,0.0,0.0,0.0,0.0,0.0,0.0,0.0,0.0,0.0,,,,,,,
-0.00812950637191534,mappo,4.665233177547634e-08,0.4793316125869751,0.0005978659553184395,1340.0,,,,,,,,,,,,,,0.0,,,,,0.01667180471122265,0.0
,mappo,,,,1340.0,0.0,0.0,0.0,0.0,0.0,0.0,0.0,0.0,0.0,0.0,0.0,0.0,0.0,,,,,,,
-0.008118627592921257,mappo,6.977693089993409e-08,0.5512537956237793,0.0005975658552850951,1341.0,,,,,,,,,,,,,,0.0,,,,,0.01648826152086258,0.0
,mappo,,,,1341.0,0.0,0.0,0.0,0.0,0.0,0.0,0.0,0.0,0.0,0.0,0.0,0.0,0.0,,,,,,,
-0.003806519089266658,mappo,3.776720092218966e-08,0.5519126653671265,0.0005972657552517506,1342.0,,,,,,,,,,,,,,0.0,,,,,0.016412485390901566,0.0
,mappo,,,,1342.0,0.0,0.0,0.0,0.0,0.0,0.0,0.0,0.0,0.0,0.0,0.0,0.0,0.0,,,,,,,
-0.003761853789910674,mappo,5.70137714817065e-08,0.6069751381874084,0.0005969656552184062,1343.0,,,,,,,,,,,,,,0.0,,,,,0.01622685417532921,0.0
,mappo,,,,1343.0,0.0,0.0,0.0,0.0,0.0,0.0,0.0,0.0,0.0,0.0,0.0,0.0,0.0,,,,,,,
-0.0014423653483390808,mappo,4.803504438655182e-08,0.6500071883201599,0.0005966655551850617,1344.0,,,,,,,,,,,,,,0.0,,,,,0.016083523631095886,0.0
,mappo,,,,1344.0,0.0,0.0,0.0,0.0,0.0,0.0,0.0,0.0,0.0,0.0,0.0,0.0,0.0,,,,,,,
-0.0004094812029507011,mappo,2.873346183207559e-08,0.6790746450424194,0.0005963654551517173,1345.0,,,,,,,,,,,,,,0.0,,,,,0.016171172261238098,0.0
,mappo,,,,1345.0,0.0,0.0,0.0,0.0,0.0,0.0,0.0,0.0,0.0,0.0,0.0,0.0,0.0,,,,,,,
0.006341900210827589,mappo,6.596307855488703e-08,0.606864333152771,0.0005960653551183729,1346.0,,,,,,,,,,,,,,0.0,,,,,0.01670891046524048,0.0
,mappo,,,,1346.0,0.0,0.0,0.0,0.0,0.0,0.0,0.0,0.0,0.0,0.0,0.0,0.0,0.0,,,,,,,
-0.00896109826862812,mappo,3.2580125264303206e-08,0.663649320602417,0.0005957652550850285,1347.0,,,,,,,,,,,,,,0.0,,,,,0.01636158488690853,0.0
,mappo,,,,1347.0,0.0,0.0,0.0,0.0,0.0,0.0,0.0,0.0,0.0,0.0,0.0,0.0,0.0,,,,,,,
-0.003625027136877179,mappo,1.272518357353647e-08,0.6957661509513855,0.0005954651550516838,1348.0,,,,,,,,,,,,,,0.0,,,,,0.016223473474383354,0.0
,mappo,,,,1348.0,0.0,0.0,0.0,0.0,0.0,0.0,0.0,0.0,0.0,0.0,0.0,0.0,0.0,,,,,,,
-0.0065200189128518105,mappo,1.4381583035572021e-08,0.6907778382301331,0.0005951650550183394,1349.0,,,,,,,,,,,,,,0.0,,,,,0.016211260110139847,0.0
,mappo,,,,1349.0,0.0,0.0,0.0,0.0,0.0,0.0,0.0,0.0,0.0,0.0,0.0,0.0,0.0,,,,,,,
-0.0050020297057926655,mappo,1.9419269747800172e-08,0.6722097396850586,0.000594864954984995,1350.0,,,,,,,,,,,,,,0.0,,,,,0.01613496243953705,0.0
,mappo,,,,1350.0,0.0,0.0,0.0,0.0,0.0,0.0,0.0,0.0,0.0,0.0,0.0,0.0,0.0,,,,,,,
0.0024644655641168356,mappo,3.897740441516362e-08,0.5965558886528015,0.0005945648549516506,1351.0,,,,,,,,,,,,,,0.0,,,,,0.016488686203956604,0.0
,mappo,,,,1351.0,0.0,0.0,0.0,0.0,0.0,0.0,0.0,0.0,0.0,0.0,0.0,0.0,0.0,,,,,,,
0.024289045482873917,mappo,1.910763280932315e-08,0.6094360947608948,0.0005942647549183061,1352.0,,,,,,,,,,,,,,0.0,,,,,0.01609729416668415,0.0
,mappo,,,,1352.0,0.0,0.0,0.0,0.0,0.0,0.0,0.0,0.0,0.0,0.0,0.0,0.0,0.0,,,,,,,
-0.009127222932875156,mappo,3.6544477666211606e-08,0.5470281839370728,0.0005939646548849617,1353.0,,,,,,,,,,,,,,0.0,,,,,0.01641525700688362,0.0
,mappo,,,,1353.0,0.0,0.0,0.0,0.0,0.0,0.0,0.0,0.0,0.0,0.0,0.0,0.0,0.0,,,,,,,
-0.002770662074908614,mappo,1.51505368251037e-08,0.5877244472503662,0.0005936645548516172,1354.0,,,,,,,,,,,,,,0.0,,,,,0.015920821577310562,0.0
,mappo,,,,1354.0,0.0,0.0,0.0,0.0,0.0,0.0,0.0,0.0,0.0,0.0,0.0,0.0,0.0,,,,,,,
-0.007337585557252169,mappo,2.6526981500296642e-08,0.5218402147293091,0.0005933644548182728,1355.0,,,,,,,,,,,,,,0.0,,,,,0.016226770356297493,0.0
,mappo,,,,1355.0,0.0,0.0,0.0,0.0,0.0,0.0,0.0,0.0,0.0,0.0,0.0,0.0,0.0,,,,,,,
0.004649443551898003,mappo,3.3803722487846244e-08,0.5213156342506409,0.0005930643547849283,1356.0,,,,,,,,,,,,,,0.0,,,,,0.016068004071712494,0.0
,mappo,,,,1356.0,0.0,0.0,0.0,0.0,0.0,0.0,0.0,0.0,0.0,0.0,0.0,0.0,0.0,,,,,,,
-0.007066183723509312,mappo,5.496615784750247e-08,0.47726669907569885,0.0005927642547515839,1357.0,,,,,,,,,,,,,,0.0,,,,,0.016385041177272797,0.0
,mappo,,,,1357.0,0.0,0.0,0.0,0.0,0.0,0.0,0.0,0.0,0.0,0.0,0.0,0.0,0.0,,,,,,,
0.00010548430145718157,mappo,2.476928706585113e-08,0.5104411840438843,0.0005924641547182395,1358.0,,,,,,,,,,,,,,0.0,,,,,0.016301734372973442,0.0
,mappo,,,,1358.0,0.0,0.0,0.0,0.0,0.0,0.0,0.0,0.0,0.0,0.0,0.0,0.0,0.0,,,,,,,
0.0007408351521007717,mappo,3.909238444066432e-08,0.5678918957710266,0.000592164054684895,1359.0,,,,,,,,,,,,,,0.0,,,,,0.016000065952539444,0.0
,mappo,,,,1359.0,0.0,0.0,0.0,0.0,0.0,0.0,0.0,0.0,0.0,0.0,0.0,0.0,0.0,,,,,,,
0.0007090301951393485,mappo,2.8824821640682785e-08,0.5462779402732849,0.0005918639546515505,1360.0,,,,,,,,,,,,,,0.0,,,,,0.016203297302126884,0.0
,mappo,,,,1360.0,0.0,0.0,0.0,0.0,0.0,0.0,0.0,0.0,0.0,0.0,0.0,0.0,0.0,,,,,,,
-0.0013081054203212261,mappo,2.301132795423655e-08,0.5890722274780273,0.0005915638546182061,1361.0,,,,,,,,,,,,,,0.0,,,,,0.015891268849372864,0.0
,mappo,,,,1361.0,0.0,0.0,0.0,0.0,0.0,0.0,0.0,0.0,0.0,0.0,0.0,0.0,0.0,,,,,,,
-0.011266292072832584,mappo,2.4124714670392677e-08,0.6386828422546387,0.0005912637545848617,1362.0,,,,,,,,,,,,,,0.0,,,,,0.016102993860840797,0.0
,mappo,,,,1362.0,0.0,0.0,0.0,0.0,0.0,0.0,0.0,0.0,0.0,0.0,0.0,0.0,0.0,,,,,,,
0.0018909397767856717,mappo,2.794342357503865e-08,0.6934133768081665,0.0005909636545515172,1363.0,,,,,,,,,,,,,,0.0,,,,,0.015903588384389877,0.0
,mappo,,,,1363.0,0.0,0.0,0.0,0.0,0.0,0.0,0.0,0.0,0.0,0.0,0.0,0.0,0.0,,,,,,,
0.0015825170557945967,mappo,6.259317331114289e-08,0.6711553931236267,0.0005906635545181728,1364.0,,,,,,,,,,,,,,0.0,,,,,0.016413714736700058,0.0
,mappo,,,,1364.0,0.0,0.0,0.0,0.0,0.0,0.0,0.0,0.0,0.0,0.0,0.0,0.0,0.0,,,,,,,
0.005382483825087547,mappo,3.3900509066597806e-08,0.7879213690757751,0.0005903634544848282,1365.0,,,,,,,,,,,,,,0.0,,,,,0.015818361192941666,0.0
,mappo,,,,1365.0,0.0,0.0,0.0,0.0,0.0,0.0,0.0,0.0,0.0,0.0,0.0,0.0,0.0,,,,,,,
-0.0032238976564258337,mappo,1.5147620047173405e-08,0.7359069585800171,0.0005900633544514838,1366.0,,,,,,,,,,,,,,0.0,,,,,0.016025766730308533,0.0
,mappo,,,,1366.0,0.0,0.0,0.0,0.0,0.0,0.0,0.0,0.0,0.0,0.0,0.0,0.0,0.0,,,,,,,
0.0008196206763386726,mappo,8.287237562853988e-09,0.6890485286712646,0.0005897632544181394,1367.0,,,,,,,,,,,,,,0.0,,,,,0.016172543168067932,0.0
,mappo,,,,1367.0,0.0,0.0,0.0,0.0,0.0,0.0,0.0,0.0,0.0,0.0,0.0,0.0,0.0,,,,,,,
-0.006258594337850809,mappo,1.2831326223761153e-08,0.6764868497848511,0.000589463154384795,1368.0,,,,,,,,,,,,,,0.0,,,,,0.016064073890447617,0.0
,mappo,,,,1368.0,0.0,0.0,0.0,0.0,0.0,0.0,0.0,0.0,0.0,0.0,0.0,0.0,0.0,,,,,,,
-0.0046714902855455875,mappo,2.567374934869804e-08,0.6113958358764648,0.0005891630543514505,1369.0,,,,,,,,,,,,,,0.0,,,,,0.01622406393289566,0.0
,mappo,,,,1369.0,0.0,0.0,0.0,0.0,0.0,0.0,0.0,0.0,0.0,0.0,0.0,0.0,0.0,,,,,,,
0.0030129640363156796,mappo,4.530958008786001e-08,0.5142496824264526,0.0005888629543181061,1370.0,,,,,,,,,,,,,,0.0,,,,,0.016848035156726837,0.0
,mappo,,,,1370.0,0.0,0.0,0.0,0.0,0.0,0.0,0.0,0.0,0.0,0.0,0.0,0.0,0.0,,,,,,,
0.018257586285471916,mappo,4.228295580332997e-08,0.5441293120384216,0.0005885628542847616,1371.0,,,,,,,,,,,,,,0.0,,,,,0.016296371817588806,0.0
,mappo,,,,1371.0,0.0,0.0,0.0,0.0,0.0,0.0,0.0,0.0,0.0,0.0,0.0,0.0,0.0,,,,,,,
-0.0010085605317726731,mappo,4.153120869432314e-08,0.5824742317199707,0.0005882627542514172,1372.0,,,,,,,,,,,,,,0.0,,,,,0.01584126427769661,0.0
,mappo,,,,1372.0,0.0,0.0,0.0,0.0,0.0,0.0,0.0,0.0,0.0,0.0,0.0,0.0,0.0,,,,,,,
0.01756734773516655,mappo,2.5633694278326402e-08,0.49492236971855164,0.0005879626542180728,1373.0,,,,,,,,,,,,,,0.0,,,,,0.016367454081773758,0.0
,mappo,,,,1373.0,0.0,0.0,0.0,0.0,0.0,0.0,0.0,0.0,0.0,0.0,0.0,0.0,0.0,,,,,,,
0.006212935317307711,mappo,4.9142180102990096e-08,0.4926200807094574,0.0005876625541847282,1374.0,,,,,,,,,,,,,,0.0,,,,,0.01626063510775566,0.0
,mappo,,,,1374.0,0.0,0.0,0.0,0.0,0.0,0.0,0.0,0.0,0.0,0.0,0.0,0.0,0.0,,,,,,,
0.007136227563023567,mappo,8.850425103901216e-08,0.4877670705318451,0.0005873624541513838,1375.0,,,,,,,,,,,,,,0.0,,,,,0.016125760972499847,0.0
,mappo,,,,1375.0,0.0,0.0,0.0,0.0,0.0,0.0,0.0,0.0,0.0,0.0,0.0,0.0,0.0,,,,,,,
-0.004521898925304413,mappo,1.152522699499059e-07,0.4743969738483429,0.0005870623541180393,1376.0,,,,,,,,,,,,,,0.0,,,,,0.01630118489265442,0.0
,mappo,,,,1376.0,0.0,0.0,0.0,0.0,0.0,0.0,0.0,0.0,0.0,0.0,0.0,0.0,0.0,,,,,,,
-0.0025731553323566914,mappo,6.25767313522374e-08,0.4170657992362976,0.0005867622540846949,1377.0,,,,,,,,,,,,,,0.0,,,,,0.01658174768090248,0.0
,mappo,,,,1377.0,0.0,0.0,0.0,0.0,0.0,0.0,0.0,0.0,0.0,0.0,0.0,0.0,0.0,,,,,,,
-0.004841441288590431,mappo,3.120597824590732e-08,0.44048890471458435,0.0005864621540513505,1378.0,,,,,,,,,,,,,,0.0,,,,,0.01632661744952202,0.0
,mappo,,,,1378.0,0.0,0.0,0.0,0.0,0.0,0.0,0.0,0.0,0.0,0.0,0.0,0.0,0.0,,,,,,,
0.010770564898848534,mappo,1.0510604830926695e-08,0.4357394278049469,0.0005861620540180061,1379.0,,,,,,,,,,,,,,0.0,,,,,0.01661267876625061,0.0
,mappo,,,,1379.0,0.0,0.0,0.0,0.0,0.0,0.0,0.0,0.0,0.0,0.0,0.0,0.0,0.0,,,,,,,
0.005571008659899235,mappo,1.8931096690266713e-08,0.45196884870529175,0.0005858619539846616,1380.0,,,,,,,,,,,,,,0.0,,,,,0.016594061627984047,0.0
,mappo,,,,1380.0,0.0,0.0,0.0,0.0,0.0,0.0,0.0,0.0,0.0,0.0,0.0,0.0,0.0,,,,,,,
0.006376718636602163,mappo,9.65687174669938e-09,0.4719703197479248,0.0005855618539513172,1381.0,,,,,,,,,,,,,,0.0,,,,,0.01646134816110134,0.0
,mappo,,,,1381.0,0.0,0.0,0.0,0.0,0.0,0.0,0.0,0.0,0.0,0.0,0.0,0.0,0.0,,,,,,,
-0.0009965581120923162,mappo,1.739832811153974e-08,0.4809262156486511,0.0005852617539179727,1382.0,,,,,,,,,,,,,,0.0,,,,,0.01638122648000717,0.0
,mappo,,,,1382.0,0.0,0.0,0.0,0.0,0.0,0.0,0.0,0.0,0.0,0.0,0.0,0.0,0.0,,,,,,,
0.008951984345912933,mappo,1.1619991191480494e-08,0.5303155183792114,0.0005849616538846282,1383.0,,,,,,,,,,,,,,0.0,,,,,0.016398154199123383,0.0
,mappo,,,,1383.0,0.0,0.0,0.0,0.0,0.0,0.0,0.0,0.0,0.0,0.0,0.0,0.0,0.0,,,,,,,
-0.010480980388820171,mappo,5.726616514323268e-09,0.597076952457428,0.0005846615538512838,1384.0,,,,,,,,,,,,,,0.0,,,,,0.016446255147457123,0.0
,mappo,,,,1384.0,0.0,0.0,0.0,0.0,0.0,0.0,0.0,0.0,0.0,0.0,0.0,0.0,0.0,,,,,,,
-0.0042652287520468235,mappo,3.291525274562446e-08,0.7312712073326111,0.0005843614538179393,1385.0,,,,,,,,,,,,,,0.0,,,,,0.01625189185142517,0.0
,mappo,,,,1385.0,0.0,0.0,0.0,0.0,0.0,0.0,0.0,0.0,0.0,0.0,0.0,0.0,0.0,,,,,,,
0.01594071462750435,mappo,4.3377159641977414e-08,0.694658637046814,0.0005840613537845949,1386.0,,,,,,,,,,,,,,0.0,,,,,0.01699969545006752,0.0
,mappo,,,,1386.0,0.0,0.0,0.0,0.0,0.0,0.0,0.0,0.0,0.0,0.0,0.0,0.0,0.0,,,,,,,
0.007257875055074692,mappo,7.078968167206767e-08,0.7861164212226868,0.0005837612537512504,1387.0,,,,,,,,,,,,,,0.0,,,,,0.01628459244966507,0.0
,mappo,,,,1387.0,0.0,0.0,0.0,0.0,0.0,0.0,0.0,0.0,0.0,0.0,0.0,0.0,0.0,,,,,,,
0.0346197672188282,mappo,7.59821574547459e-08,0.6729530096054077,0.000583461153717906,1388.0,,,,,,,,,,,,,,0.0,,,,,0.017048891633749008,0.0
,mappo,,,,1388.0,0.0,0.0,0.0,0.0,0.0,0.0,0.0,0.0,0.0,0.0,0.0,0.0,0.0,,,,,,,
0.004508758429437876,mappo,1.1176402381352091e-07,0.6719736456871033,0.0005831610536845616,1389.0,,,,,,,,,,,,,,0.0,,,,,0.016692139208316803,0.0
,mappo,,,,1389.0,0.0,0.0,0.0,0.0,0.0,0.0,0.0,0.0,0.0,0.0,0.0,0.0,0.0,,,,,,,
0.0010045808739960194,mappo,1.6979063843791664e-07,0.6896873712539673,0.0005828609536512172,1390.0,,,,,,,,,,,,,,0.0,,,,,0.01654067635536194,0.0
,mappo,,,,1390.0,0.0,0.0,0.0,0.0,0.0,0.0,0.0,0.0,0.0,0.0,0.0,0.0,0.0,,,,,,,
-0.007323019206523895,mappo,2.575261248694005e-07,0.6777137517929077,0.0005825608536178727,1391.0,,,,,,,,,,,,,,0.0,,,,,0.016580477356910706,0.0
,mappo,,,,1391.0,0.0,0.0,0.0,0.0,0.0,0.0,0.0,0.0,0.0,0.0,0.0,0.0,0.0,,,,,,,
0.011085644364356995,mappo,2.5367577904944483e-07,0.6554127335548401,0.0005822607535845282,1392.0,,,,,,,,,,,,,,0.0,,,,,0.01662842370569706,0.0
,mappo,,,,1392.0,0.0,0.0,0.0,0.0,0.0,0.0,0.0,0.0,0.0,0.0,0.0,0.0,0.0,,,,,,,
0.004508808720856905,mappo,2.3821081640562625e-07,0.608363151550293,0.0005819606535511837,1393.0,,,,,,,,,,,,,,0.0,,,,,0.01665150746703148,0.0
,mappo,,,,1393.0,0.0,0.0,0.0,0.0,0.0,0.0,0.0,0.0,0.0,0.0,0.0,0.0,0.0,,,,,,,
0.009130471386015415,mappo,2.3667813309202756e-07,0.5741010308265686,0.0005816605535178393,1394.0,,,,,,,,,,,,,,0.0,,,,,0.016547929495573044,0.0
,mappo,,,,1394.0,0.0,0.0,0.0,0.0,0.0,0.0,0.0,0.0,0.0,0.0,0.0,0.0,0.0,,,,,,,
0.04599706828594208,mappo,2.0277774126498116e-07,0.5448628067970276,0.0005813604534844949,1395.0,,,,,,,,,,,,,,0.0,,,,,0.01674189418554306,0.0
,mappo,,,,1395.0,0.0,0.0,0.0,0.0,0.0,0.0,0.0,0.0,0.0,0.0,0.0,0.0,0.0,,,,,,,
0.0032436593901365995,mappo,4.0742690998740727e-07,0.5183717608451843,0.0005810603534511504,1396.0,,,,,,,,,,,,,,0.0,,,,,0.016584128141403198,0.0
,mappo,,,,1396.0,0.0,0.0,0.0,0.0,0.0,0.0,0.0,0.0,0.0,0.0,0.0,0.0,0.0,,,,,,,
0.003765789559110999,mappo,3.570311548628524e-07,0.45441681146621704,0.0005807602534178059,1397.0,,,,,,,,,,,,,,0.0,,,,,0.016897689551115036,0.0
,mappo,,,,1397.0,0.0,0.0,0.0,0.0,0.0,0.0,0.0,0.0,0.0,0.0,0.0,0.0,0.0,,,,,,,
-0.0007799644954502583,mappo,4.654501424283808e-07,0.49711593985557556,0.0005804601533844615,1398.0,,,,,,,,,,,,,,0.0,,,,,0.01661042869091034,0.0
,mappo,,,,1398.0,0.0,0.0,0.0,0.0,0.0,0.0,0.0,0.0,0.0,0.0,0.0,0.0,0.0,,,,,,,
-0.006419802084565163,mappo,4.673613602790283e-07,0.5001453757286072,0.0005801600533511171,1399.0,,,,,,,,,,,,,,0.0,,,,,0.016567911952733994,0.0
,mappo,,,,1399.0,0.0,0.0,0.0,0.0,0.0,0.0,0.0,0.0,0.0,0.0,0.0,0.0,0.0,,,,,,,
,mappo,,,,1399.0,,,,,,,,,,,,,,,0.0,0.0,0.0,0.0,,
-0.005988129880279303,mappo,3.564965993518854e-07,0.4476430118083954,0.0005798599533177727,1400.0,,,,,,,,,,,,,,0.0,,,,,0.016912654042243958,0.0
,mappo,,,,1400.0,0.0,0.0,0.0,0.0,0.0,0.0,0.0,0.0,0.0,0.0,0.0,0.0,0.0,,,,,,,
0.0023201771546155214,mappo,4.2690197687988984e-07,0.466209352016449,0.0005795598532844282,1401.0,,,,,,,,,,,,,,0.0,,,,,0.016820531338453293,0.0
,mappo,,,,1401.0,0.0,0.0,0.0,0.0,0.0,0.0,0.0,0.0,0.0,0.0,0.0,0.0,0.0,,,,,,,
0.0010972205782309175,mappo,5.200785153647303e-07,0.4885580539703369,0.0005792597532510837,1402.0,,,,,,,,,,,,,,0.0,,,,,0.016876762732863426,0.0
,mappo,,,,1402.0,0.0,0.0,0.0,0.0,0.0,0.0,0.0,0.0,0.0,0.0,0.0,0.0,0.0,,,,,,,
-0.0015254603931680322,mappo,5.382034942158498e-07,0.557750940322876,0.0005789596532177393,1403.0,,,,,,,,,,,,,,0.0,,,,,0.016647376120090485,0.0
,mappo,,,,1403.0,0.0,0.0,0.0,0.0,0.0,0.0,0.0,0.0,0.0,0.0,0.0,0.0,0.0,,,,,,,
-0.0027010019402951,mappo,4.31636692610482e-07,0.5155706405639648,0.0005786595531843948,1404.0,,,,,,,,,,,,,,0.0,,,,,0.017091330140829086,0.0
,mappo,,,,1404.0,0.0,0.0,0.0,0.0,0.0,0.0,0.0,0.0,0.0,0.0,0.0,0.0,0.0,,,,,,,
-0.00019442298798821867,mappo,5.12422275278368e-07,0.5403897166252136,0.0005783594531510504,1405.0,,,,,,,,,,,,,,0.0,,,,,0.01671990007162094,0.0
,mappo,,,,1405.0,0.0,0.0,0.0,0.0,0.0,0.0,0.0,0.0,0.0,0.0,0.0,0.0,0.0,,,,,,,
-0.007578785996884108,mappo,3.1908723485685186e-07,0.4918999671936035,0.000578059353117706,1406.0,,,,,,,,,,,,,,0.0,,,,,0.01694459281861782,0.0
,mappo,,,,1406.0,0.0,0.0,0.0,0.0,0.0,0.0,0.0,0.0,0.0,0.0,0.0,0.0,0.0,,,,,,,
-0.004742691293358803,mappo,2.4709706281100807e-07,0.450636088848114,0.0005777592530843615,1407.0,,,,,,,,,,,,,,0.0,,,,,0.016999976709485054,0.0
,mappo,,,,1407.0,0.0,0.0,0.0,0.0,0.0,0.0,0.0,0.0,0.0,0.0,0.0,0.0,0.0,,,,,,,
-0.005459900945425034,mappo,1.783044041303583e-07,0.397749662399292,0.000577459153051017,1408.0,,,,,,,,,,,,,,0.0,,,,,0.0171147882938385,0.0
,mappo,,,,1408.0,0.0,0.0,0.0,0.0,0.0,0.0,0.0,0.0,0.0,0.0,0.0,0.0,0.0,,,,,,,
0.0012431233190000057,mappo,1.4192345076935453e-07,0.3813932538032532,0.0005771590530176725,1409.0,,,,,,,,,,,,,,0.0,,,,,0.017212245613336563,0.0
,mappo,,,,1409.0,0.0,0.0,0.0,0.0,0.0,0.0,0.0,0.0,0.0,0.0,0.0,0.0,0.0,,,,,,,
-0.01006336696445942,mappo,1.069302086875723e-07,0.381009042263031,0.0005768589529843281,1410.0,,,,,,,,,,,,,,0.0,,,,,0.0171382836997509,0.0
,mappo,,,,1410.0,0.0,0.0,0.0,0.0,0.0,0.0,0.0,0.0,0.0,0.0,0.0,0.0,0.0,,,,,,,
0.0008155445684678853,mappo,4.431328903820031e-08,0.332436203956604,0.0005765588529509837,1411.0,,,,,,,,,,,,,,0.0,,,,,0.017375633120536804,0.0
,mappo,,,,1411.0,0.0,0.0,0.0,0.0,0.0,0.0,0.0,0.0,0.0,0.0,0.0,0.0,0.0,,,,,,,
0.055106427520513535,mappo,2.4077923654886035e-08,0.31997138261795044,0.0005762587529176392,1412.0,,,,,,,,,,,,,,0.0,,,,,0.017458921298384666,0.0
,mappo,,,,1412.0,0.0,0.0,0.0,0.0,0.0,0.0,0.0,0.0,0.0,0.0,0.0,0.0,0.0,,,,,,,
0.0035729631781578064,mappo,9.246004850638201e-09,0.3136005401611328,0.0005759586528842948,1413.0,,,,,,,,,,,,,,0.0,,,,,0.017144005745649338,0.0
,mappo,,,,1413.0,0.0,0.0,0.0,0.0,0.0,0.0,0.0,0.0,0.0,0.0,0.0,0.0,0.0,,,,,,,
0.016912179067730904,mappo,8.980417298687371e-09,0.24318072199821472,0.0005756585528509503,1414.0,,,,,,,,,,,,,,0.0,,,,,0.01724766194820404,0.0
,mappo,,,,1414.0,0.0,0.0,0.0,0.0,0.0,0.0,0.0,0.0,0.0,0.0,0.0,0.0,0.0,,,,,,,
-0.0033731055445969105,mappo,3.420225169747937e-08,0.21819129586219788,0.0005753584528176059,1415.0,,,,,,,,,,,,,,0.0,,,,,0.017497092485427856,0.0
,mappo,,,,1415.0,0.0,0.0,0.0,0.0,0.0,0.0,0.0,0.0,0.0,0.0,0.0,0.0,0.0,,,,,,,
-0.004599300678819418,mappo,8.277464758066344e-08,0.22717227041721344,0.0005750583527842615,1416.0,,,,,,,,,,,,,,0.0,,,,,0.017291013151407242,0.0
,mappo,,,,1416.0,0.0,0.0,0.0,0.0,0.0,0.0,0.0,0.0,0.0,0.0,0.0,0.0,0.0,,,,,,,
-0.012244227342307568,mappo,2.456564516251092e-07,0.22071629762649536,0.0005747582527509171,1417.0,,,,,,,,,,,,,,0.0,,,,,0.017507538199424744,0.0
,mappo,,,,1417.0,0.0,0.0,0.0,0.0,0.0,0.0,0.0,0.0,0.0,0.0,0.0,0.0,0.0,,,,,,,
-0.0009429427445866168,mappo,4.045365074034635e-07,0.2698933482170105,0.0005744581527175727,1418.0,,,,,,,,,,,,,,0.0,,,,,0.017326077446341515,0.0
,mappo,,,,1418.0,0.0,0.0,0.0,0.0,0.0,0.0,0.0,0.0,0.0,0.0,0.0,0.0,0.0,,,,,,,
-0.0010470402194187045,mappo,7.255277409967675e-07,0.21112020313739777,0.000574158052684228,1419.0,,,,,,,,,,,,,,0.0,,,,,0.017594002187252045,0.0
,mappo,,,,1419.0,0.0,0.0,0.0,0.0,0.0,0.0,0.0,0.0,0.0,0.0,0.0,0.0,0.0,,,,,,,
0.0158681720495224,mappo,1.222798459821206e-06,0.23654286563396454,0.0005738579526508836,1420.0,,,,,,,,,,,,,,0.0,,,,,0.017487915232777596,0.0
,mappo,,,,1420.0,0.0,0.0,0.0,0.0,0.0,0.0,0.0,0.0,0.0,0.0,0.0,0.0,0.0,,,,,,,
0.02209579385817051,mappo,1.8153045857616235e-06,0.2331712543964386,0.0005735578526175392,1421.0,,,,,,,,,,,,,,0.0,,,,,0.017533712089061737,0.0
,mappo,,,,1421.0,0.0,0.0,0.0,0.0,0.0,0.0,0.0,0.0,0.0,0.0,0.0,0.0,0.0,,,,,,,
-0.007981420494616032,mappo,2.6238872123940382e-06,0.23624812066555023,0.0005732577525841948,1422.0,,,,,,,,,,,,,,0.0,,,,,0.017478730529546738,0.0
,mappo,,,,1422.0,0.0,0.0,0.0,0.0,0.0,0.0,0.0,0.0,0.0,0.0,0.0,0.0,0.0,,,,,,,
-0.003698004176840186,mappo,3.175450501657906e-06,0.20584622025489807,0.0005729576525508503,1423.0,,,,,,,,,,,,,,0.0,,,,,0.017534911632537842,0.0
,mappo,,,,1423.0,0.0,0.0,0.0,0.0,0.0,0.0,0.0,0.0,0.0,0.0,0.0,0.0,0.0,,,,,,,
0.0015310558956116438,mappo,3.3975632049987325e-06,0.1885838359594345,0.0005726575525175059,1424.0,,,,,,,,,,,,,,0.0,,,,,0.017469270154833794,0.0
,mappo,,,,1424.0,0.0,0.0,0.0,0.0,0.0,0.0,0.0,0.0,0.0,0.0,0.0,0.0,0.0,,,,,,,
-0.0015539693413302302,mappo,2.7715511805581627e-06,0.16889658570289612,0.0005723574524841614,1425.0,,,,,,,,,,,,,,0.0,,,,,0.017525099217891693,0.0
,mappo,,,,1425.0,0.0,0.0,0.0,0.0,0.0,0.0,0.0,0.0,0.0,0.0,0.0,0.0,0.0,,,,,,,
-0.006789216306060553,mappo,1.983251195269986e-06,0.18655383586883545,0.000572057352450817,1426.0,,,,,,,,,,,,,,0.0,,,,,0.017506394535303116,0.0
,mappo,,,,1426.0,0.0,0.0,0.0,0.0,0.0,0.0,0.0,0.0,0.0,0.0,0.0,0.0,0.0,,,,,,,
-0.005968285258859396,mappo,1.3433568710752297e-06,0.13729754090309143,0.0005717572524174726,1427.0,,,,,,,,,,,,,,0.0,,,,,0.017591137439012527,0.0
,mappo,,,,1427.0,0.0,0.0,0.0,0.0,0.0,0.0,0.0,0.0,0.0,0.0,0.0,0.0,0.0,,,,,,,
-0.0045029944740235806,mappo,8.786684588812932e-07,0.10586702823638916,0.0005714571523841281,1428.0,,,,,,,,,,,,,,0.0,,,,,0.017490359023213387,0.0
,mappo,,,,1428.0,0.0,0.0,0.0,0.0,0.0,0.0,0.0,0.0,0.0,0.0,0.0,0.0,0.0,,,,,,,
-0.001476950477808714,mappo,5.063355956735904e-07,0.09945672750473022,0.0005711570523507836,1429.0,,,,,,,,,,,,,,0.0,,,,,0.017534028738737106,0.0
,mappo,,,,1429.0,0.0,0.0,0.0,0.0,0.0,0.0,0.0,0.0,0.0,0.0,0.0,0.0,0.0,,,,,,,
0.007045694161206484,mappo,2.432803967167274e-07,0.07462450861930847,0.0005708569523174391,1430.0,,,,,,,,,,,,,,0.0,,,,,0.017357416450977325,0.0
,mappo,,,,1430.0,0.0,0.0,0.0,0.0,0.0,0.0,0.0,0.0,0.0,0.0,0.0,0.0,0.0,,,,,,,
-0.0009616396273486316,mappo,1.0891263002577034e-07,0.0015387689927592874,0.0005705568522840947,1431.0,,,,,,,,,,,,,,0.0,,,,,0.017584532499313354,0.0
,mappo,,,,1431.0,0.0,0.0,0.0,0.0,0.0,0.0,0.0,0.0,0.0,0.0,0.0,0.0,0.0,,,,,,,
0.00827068742364645,mappo,5.871812902569218e-08,-0.058347154408693314,0.0005702567522507503,1432.0,,,,,,,,,,,,,,0.0,,,,,0.017609640955924988,0.0
,mappo,,,,1432.0,0.0,0.0,0.0,0.0,0.0,0.0,0.0,0.0,0.0,0.0,0.0,0.0,0.0,,,,,,,
0.05384409800171852,mappo,3.673408954796287e-08,-0.06020575389266014,0.0005699566522174059,1433.0,,,,,,,,,,,,,,0.0,,,,,0.01748928800225258,0.0
,mappo,,,,1433.0,0.0,0.0,0.0,0.0,0.0,0.0,0.0,0.0,0.0,0.0,0.0,0.0,0.0,,,,,,,
-0.001688554068095982,mappo,1.4900376932303061e-08,-0.09798244386911392,0.0005696565521840614,1434.0,,,,,,,,,,,,,,0.0,,,,,0.017574399709701538,0.0
,mappo,,,,1434.0,0.0,0.0,0.0,0.0,0.0,0.0,0.0,0.0,0.0,0.0,0.0,0.0,0.0,,,,,,,
-0.008448564447462559,mappo,1.2390088066638327e-08,-0.11237829923629761,0.000569356452150717,1435.0,,,,,,,,,,,,,,0.0,,,,,0.017613951116800308,0.0
,mappo,,,,1435.0,0.0,0.0,0.0,0.0,0.0,0.0,0.0,0.0,0.0,0.0,0.0,0.0,0.0,,,,,,,
0.04358367621898651,mappo,8.420476760306883e-09,-0.08862560242414474,0.0005690563521173724,1436.0,,,,,,,,,,,,,,0.0,,,,,0.017647717148065567,0.0
,mappo,,,,1436.0,0.0,0.0,0.0,0.0,0.0,0.0,0.0,0.0,0.0,0.0,0.0,0.0,0.0,,,,,,,
-0.005231712479144335,mappo,4.4439536495133325e-09,-0.08685433864593506,0.000568756252084028,1437.0,,,,,,,,,,,,,,0.0,,,,,0.017499037086963654,0.0
,mappo,,,,1437.0,0.0,0.0,0.0,0.0,0.0,0.0,0.0,0.0,0.0,0.0,0.0,0.0,0.0,,,,,,,
0.0037085553631186485,mappo,3.196262587934484e-09,-0.10654594749212265,0.0005684561520506836,1438.0,,,,,,,,,,,,,,0.0,,,,,0.017596125602722168,0.0
,mappo,,,,1438.0,0.0,0.0,0.0,0.0,0.0,0.0,0.0,0.0,0.0,0.0,0.0,0.0,0.0,,,,,,,
0.0038578175008296967,mappo,2.777154950450722e-09,-0.11933033168315887,0.0005681560520173392,1439.0,,,,,,,,,,,,,,0.0,,,,,0.01759834960103035,0.0
,mappo,,,,1439.0,0.0,0.0,0.0,0.0,0.0,0.0,0.0,0.0,0.0,0.0,0.0,0.0,0.0,,,,,,,
-0.001233976799994707,mappo,2.6559252574998027e-09,-0.13865633308887482,0.0005678559519839947,1440.0,,,,,,,,,,,,,,0.0,,,,,0.01764633134007454,0.0
,mappo,,,,1440.0,0.0,0.0,0.0,0.0,0.0,0.0,0.0,0.0,0.0,0.0,0.0,0.0,0.0,,,,,,,
-0.0073503111489117146,mappo,2.260655884711582e-09,-0.07925595343112946,0.0005675558519506502,1441.0,,,,,,,,,,,,,,0.0,,,,,0.01751183718442917,0.0
,mappo,,,,1441.0,0.0,0.0,0.0,0.0,0.0,0.0,0.0,0.0,0.0,0.0,0.0,0.0,0.0,,,,,,,
-0.007778740022331476,mappo,3.0339564194292734e-09,-0.06602086871862411,0.0005672557519173058,1442.0,,,,,,,,,,,,,,0.0,,,,,0.017519816756248474,0.0
,mappo,,,,1442.0,0.0,0.0,0.0,0.0,0.0,0.0,0.0,0.0,0.0,0.0,0.0,0.0,0.0,,,,,,,
-0.0012938069412484765,mappo,3.0255862260020194e-09,-0.07377414405345917,0.0005669556518839614,1443.0,,,,,,,,,,,,,,0.0,,,,,0.017581533640623093,0.0
,mappo,,,,1443.0,0.0,0.0,0.0,0.0,0.0,0.0,0.0,0.0,0.0,0.0,0.0,0.0,0.0,,,,,,,
-0.006871457677334547,mappo,2.6451829615581346e-09,-0.09827696532011032,0.000566655551850617,1444.0,,,,,,,,,,,,,,0.0,,,,,0.017545301467180252,0.0
,mappo,,,,1444.0,0.0,0.0,0.0,0.0,0.0,0.0,0.0,0.0,0.0,0.0,0.0,0.0,0.0,,,,,,,
0.03209378942847252,mappo,2.135539522996055e-09,-0.16177570819854736,0.0005663554518172724,1445.0,,,,,,,,,,,,,,0.0,,,,,0.017499122768640518,0.0
,mappo,,,,1445.0,0.0,0.0,0.0,0.0,0.0,0.0,0.0,0.0,0.0,0.0,0.0,0.0,0.0,,,,,,,
0.03527349606156349,mappo,2.860867986953508e-09,-0.169966921210289,0.0005660553517839279,1446.0,,,,,,,,,,,,,,0.0,,,,,0.017614686861634254,0.0
,mappo,,,,1446.0,0.0,0.0,0.0,0.0,0.0,0.0,0.0,0.0,0.0,0.0,0.0,0.0,0.0,,,,,,,
-0.0008054866921156645,mappo,3.1274642875445124e-09,-0.19440677762031555,0.0005657552517505835,1447.0,,,,,,,,,,,,,,0.0,,,,,0.017447233200073242,0.0
,mappo,,,,1447.0,0.0,0.0,0.0,0.0,0.0,0.0,0.0,0.0,0.0,0.0,0.0,0.0,0.0,,,,,,,
-0.0015929779037833214,mappo,2.428309997526412e-09,-0.2340354472398758,0.0005654551517172391,1448.0,,,,,,,,,,,,,,0.0,,,,,0.017553403973579407,0.0
,mappo,,,,1448.0,0.0,0.0,0.0,0.0,0.0,0.0,0.0,0.0,0.0,0.0,0.0,0.0,0.0,,,,,,,
-0.011422885581851006,mappo,2.373623519957846e-09,-0.2552950084209442,0.0005651550516838947,1449.0,,,,,,,,,,,,,,0.0,,,,,0.017454762011766434,0.0
,mappo,,,,1449.0,0.0,0.0,0.0,0.0,0.0,0.0,0.0,0.0,0.0,0.0,0.0,0.0,0.0,,,,,,,
-0.0061486451886594296,mappo,2.3322541675696584e-09,-0.26093530654907227,0.0005648549516505503,1450.0,,,,,,,,,,,,,,0.0,,,,,0.01752820611000061,0.0
,mappo,,,,1450.0,0.0,0.0,0.0,0.0,0.0,0.0,0.0,0.0,0.0,0.0,0.0,0.0,0.0,,,,,,,
-0.0028157748747617006,mappo,2.842949431425268e-09,-0.2964356541633606,0.0005645548516172058,1451.0,,,,,,,,,,,,,,0.0,,,,,0.017519928514957428,0.0
,mappo,,,,1451.0,0.0,0.0,0.0,0.0,0.0,0.0,0.0,0.0,0.0,0.0,0.0,0.0,0.0,,,,,,,
0.004892372526228428,mappo,3.5447771384866655e-09,-0.3027695417404175,0.0005642547515838613,1452.0,,,,,,,,,,,,,,0.0,,,,,0.01757889799773693,0.0
,mappo,,,,1452.0,0.0,0.0,0.0,0.0,0.0,0.0,0.0,0.0,0.0,0.0,0.0,0.0,0.0,,,,,,,
0.022631138563156128,mappo,1.9038837173468437e-09,-0.387009859085083,0.0005639546515505169,1453.0,,,,,,,,,,,,,,0.0,,,,,0.017637081444263458,0.0
,mappo,,,,1453.0,0.0,0.0,0.0,0.0,0.0,0.0,0.0,0.0,0.0,0.0,0.0,0.0,0.0,,,,,,,
-0.0019064720254391432,mappo,4.951042242851145e-09,-0.41915616393089294,0.0005636545515171724,1454.0,,,,,,,,,,,,,,0.0,,,,,0.017520975321531296,0.0
,mappo,,,,1454.0,0.0,0.0,0.0,0.0,0.0,0.0,0.0,0.0,0.0,0.0,0.0,0.0,0.0,,,,,,,
-0.0031433715485036373,mappo,3.4463294440456593e-09,-0.4450618624687195,0.000563354451483828,1455.0,,,,,,,,,,,,,,0.0,,,,,0.017513833940029144,0.0
,mappo,,,,1455.0,0.0,0.0,0.0,0.0,0.0,0.0,0.0,0.0,0.0,0.0,0.0,0.0,0.0,,,,,,,
-8.854383486323059e-05,mappo,2.9876339180390232e-09,-0.4510151743888855,0.0005630543514504835,1456.0,,,,,,,,,,,,,,0.0,,,,,0.017507629469037056,0.0
,mappo,,,,1456.0,0.0,0.0,0.0,0.0,0.0,0.0,0.0,0.0,0.0,0.0,0.0,0.0,0.0,,,,,,,
-0.0018333966145291924,mappo,2.428176992808062e-09,-0.4953099191188812,0.000562754251417139,1457.0,,,,,,,,,,,,,,0.0,,,,,0.01748819649219513,0.0
,mappo,,,,1457.0,0.0,0.0,0.0,0.0,0.0,0.0,0.0,0.0,0.0,0.0,0.0,0.0,0.0,,,,,,,
0.007322976365685463,mappo,1.7654645523279555e-09,-0.4986649453639984,0.0005624541513837946,1458.0,,,,,,,,,,,,,,0.0,,,,,0.01754986122250557,0.0
,mappo,,,,1458.0,0.0,0.0,0.0,0.0,0.0,0.0,0.0,0.0,0.0,0.0,0.0,0.0,0.0,,,,,,,
-0.0011238239239901304,mappo,2.9061326678458954e-09,-0.543423056602478,0.0005621540513504502,1459.0,,,,,,,,,,,,,,0.0,,,,,0.017579808831214905,0.0
,mappo,,,,1459.0,0.0,0.0,0.0,0.0,0.0,0.0,0.0,0.0,0.0,0.0,0.0,0.0,0.0,,,,,,,
0.007001901511102915,mappo,2.8120110684426436e-09,-0.5317790508270264,0.0005618539513171058,1460.0,,,,,,,,,,,,,,0.0,,,,,0.01748683676123619,0.0
,mappo,,,,1460.0,0.0,0.0,0.0,0.0,0.0,0.0,0.0,0.0,0.0,0.0,0.0,0.0,0.0,,,,,,,
0.04066406190395355,mappo,4.053039681650716e-09,-0.5794208645820618,0.0005615538512837613,1461.0,,,,,,,,,,,,,,0.0,,,,,0.017566006630659103,0.0
,mappo,,,,1461.0,0.0,0.0,0.0,0.0,0.0,0.0,0.0,0.0,0.0,0.0,0.0,0.0,0.0,,,,,,,
-0.0068351649679243565,mappo,5.692939453183499e-09,-0.5768566727638245,0.0005612537512504169,1462.0,,,,,,,,,,,,,,0.0,,,,,0.017588529735803604,0.0
,mappo,,,,1462.0,0.0,0.0,0.0,0.0,0.0,0.0,0.0,0.0,0.0,0.0,0.0,0.0,0.0,,,,,,,
0.004321657121181488,mappo,5.173516726131311e-09,-0.5709470510482788,0.0005609536512170723,1463.0,,,,,,,,,,,,,,0.0,,,,,0.017587032169103622,0.0
,mappo,,,,1463.0,0.0,0.0,0.0,0.0,0.0,0.0,0.0,0.0,0.0,0.0,0.0,0.0,0.0,,,,,,,
9.545979264657944e-05,mappo,3.4576883578552042e-09,-0.5678183436393738,0.0005606535511837279,1464.0,,,,,,,,,,,,,,0.0,,,,,0.01758676767349243,0.0
,mappo,,,,1464.0,0.0,0.0,0.0,0.0,0.0,0.0,0.0,0.0,0.0,0.0,0.0,0.0,0.0,,,,,,,
0.002259635366499424,mappo,3.5171998646887914e-09,-0.5864791870117188,0.0005603534511503835,1465.0,,,,,,,,,,,,,,0.0,,,,,0.01763661950826645,0.0
,mappo,,,,1465.0,0.0,0.0,0.0,0.0,0.0,0.0,0.0,0.0,0.0,0.0,0.0,0.0,0.0,,,,,,,
-0.0007266511674970388,mappo,5.187475338175318e-09,-0.5417196154594421,0.0005600533511170391,1466.0,,,,,,,,,,,,,,0.0,,,,,0.017552310600876808,0.0
,mappo,,,,1466.0,0.0,0.0,0.0,0.0,0.0,0.0,0.0,0.0,0.0,0.0,0.0,0.0,0.0,,,,,,,
-0.0011143820593133569,mappo,5.6271431958521134e-09,-0.5454679727554321,0.0005597532510836946,1467.0,,,,,,,,,,,,,,0.0,,,,,0.017618773505091667,0.0
,mappo,,,,1467.0,0.0,0.0,0.0,0.0,0.0,0.0,0.0,0.0,0.0,0.0,0.0,0.0,0.0,,,,,,,
0.017814939841628075,mappo,6.850263023494563e-09,-0.49520692229270935,0.0005594531510503501,1468.0,,,,,,,,,,,,,,0.0,,,,,0.01757705584168434,0.0
,mappo,,,,1468.0,0.0,0.0,0.0,0.0,0.0,0.0,0.0,0.0,0.0,0.0,0.0,0.0,0.0,,,,,,,
-0.005590533372014761,mappo,1.1691002832492359e-08,-0.4782598912715912,0.0005591530510170057,1469.0,,,,,,,,,,,,,,0.0,,,,,0.017531681805849075,0.0
,mappo,,,,1469.0,0.0,0.0,0.0,0.0,0.0,0.0,0.0,0.0,0.0,0.0,0.0,0.0,0.0,,,,,,,
0.005975884385406971,mappo,5.654657186937584e-09,-0.4608456492424011,0.0005588529509836613,1470.0,,,,,,,,,,,,,,0.0,,,,,0.017684224992990494,0.0
,mappo,,,,1470.0,0.0,0.0,0.0,0.0,0.0,0.0,0.0,0.0,0.0,0.0,0.0,0.0,0.0,,,,,,,
-0.002779477508738637,mappo,8.725361766437345e-09,-0.4461384117603302,0.0005585528509503169,1471.0,,,,,,,,,,,,,,0.0,,,,,0.017594153061509132,0.0
,mappo,,,,1471.0,0.0,0.0,0.0,0.0,0.0,0.0,0.0,0.0,0.0,0.0,0.0,0.0,0.0,,,,,,,
-0.000856720085721463,mappo,6.445479705519119e-09,-0.3950384557247162,0.0005582527509169723,1472.0,,,,,,,,,,,,,,0.0,,,,,0.017583776265382767,0.0
,mappo,,,,1472.0,0.0,0.0,0.0,0.0,0.0,0.0,0.0,0.0,0.0,0.0,0.0,0.0,0.0,,,,,,,
0.01013966090977192,mappo,1.0035491548876507e-08,-0.3576178550720215,0.0005579526508836279,1473.0,,,,,,,,,,,,,,0.0,,,,,0.01763627491891384,0.0
,mappo,,,,1473.0,0.0,0.0,0.0,0.0,0.0,0.0,0.0,0.0,0.0,0.0,0.0,0.0,0.0,,,,,,,
-0.0025572730228304863,mappo,1.1667221855304888e-08,-0.31682124733924866,0.0005576525508502834,1474.0,,,,,,,,,,,,,,0.0,,,,,0.01764921098947525,0.0
,mappo,,,,1474.0,0.0,0.0,0.0,0.0,0.0,0.0,0.0,0.0,0.0,0.0,0.0,0.0,0.0,,,,,,,
-0.0032690514344722033,mappo,1.0398327532357143e-08,-0.3348131477832794,0.000557352450816939,1475.0,,,,,,,,,,,,,,0.0,,,,,0.01769443042576313,0.0
,mappo,,,,1475.0,0.0,0.0,0.0,0.0,0.0,0.0,0.0,0.0,0.0,0.0,0.0,0.0,0.0,,,,,,,
-0.0010519555071368814,mappo,1.3555046862734343e-08,-0.30753764510154724,0.0005570523507835946,1476.0,,,,,,,,,,,,,,0.0,,,,,0.017644446343183517,0.0
,mappo,,,,1476.0,0.0,0.0,0.0,0.0,0.0,0.0,0.0,0.0,0.0,0.0,0.0,0.0,0.0,,,,,,,
0.012004991993308067,mappo,2.3168786000837827e-08,-0.31780731678009033,0.0005567522507502502,1477.0,,,,,,,,,,,,,,0.0,,,,,0.0175812728703022,0.0
,mappo,,,,1477.0,0.0,0.0,0.0,0.0,0.0,0.0,0.0,0.0,0.0,0.0,0.0,0.0,0.0,,,,,,,
-0.00013926414248999208,mappo,1.9203429957315166e-08,-0.2936294674873352,0.0005564521507169057,1478.0,,,,,,,,,,,,,,0.0,,,,,0.017604660242795944,0.0
,mappo,,,,1478.0,0.0,0.0,0.0,0.0,0.0,0.0,0.0,0.0,0.0,0.0,0.0,0.0,0.0,,,,,,,
-0.0005567519110627472,mappo,1.7257095308309545e-08,-0.2875216007232666,0.0005561520506835612,1479.0,,,,,,,,,,,,,,0.0,,,,,0.017612356692552567,0.0
,mappo,,,,1479.0,0.0,0.0,0.0,0.0,0.0,0.0,0.0,0.0,0.0,0.0,0.0,0.0,0.0,,,,,,,
-0.00543728843331337,mappo,1.013479256073424e-08,-0.27919599413871765,0.0005558519506502168,1480.0,,,,,,,,,,,,,,0.0,,,,,0.017605789005756378,0.0
,mappo,,,,1480.0,0.0,0.0,0.0,0.0,0.0,0.0,0.0,0.0,0.0,0.0,0.0,0.0,0.0,,,,,,,
0.012407890520989895,mappo,1.2590410491952753e-08,-0.2753291726112366,0.0005555518506168723,1481.0,,,,,,,,,,,,,,0.0,,,,,0.017562735825777054,0.0
,mappo,,,,1481.0,0.0,0.0,0.0,0.0,0.0,0.0,0.0,0.0,0.0,0.0,0.0,0.0,0.0,,,,,,,
0.05562874302268028,mappo,1.4798803071869315e-08,-0.28026798367500305,0.0005552517505835279,1482.0,,,,,,,,,,,,,,0.0,,,,,0.0176105797290802,0.0
,mappo,,,,1482.0,0.0,0.0,0.0,0.0,0.0,0.0,0.0,0.0,0.0,0.0,0.0,0.0,0.0,,,,,,,
-0.0009582952479831874,mappo,3.062174869228329e-08,-0.31287893652915955,0.0005549516505501834,1483.0,,,,,,,,,,,,,,0.0,,,,,0.01758132502436638,0.0
,mappo,,,,1483.0,0.0,0.0,0.0,0.0,0.0,0.0,0.0,0.0,0.0,0.0,0.0,0.0,0.0,,,,,,,
0.0024548268411308527,mappo,2.1628082436109253e-08,-0.3067072927951813,0.000554651550516839,1484.0,,,,,,,,,,,,,,0.0,,,,,0.01755569502711296,0.0
,mappo,,,,1484.0,0.0,0.0,0.0,0.0,0.0,0.0,0.0,0.0,0.0,0.0,0.0,0.0,0.0,,,,,,,
0.015763185918331146,mappo,2.616564565016688e-08,-0.34287410974502563,0.0005543514504834945,1485.0,,,,,,,,,,,,,,0.0,,,,,0.017617661505937576,0.0
,mappo,,,,1485.0,0.0,0.0,0.0,0.0,0.0,0.0,0.0,0.0,0.0,0.0,0.0,0.0,0.0,,,,,,,
0.0077695478685200214,mappo,1.9550238761212313e-08,-0.34014892578125,0.0005540513504501501,1486.0,,,,,,,,,,,,,,0.0,,,,,0.017527233809232712,0.0
,mappo,,,,1486.0,0.0,0.0,0.0,0.0,0.0,0.0,0.0,0.0,0.0,0.0,0.0,0.0,0.0,,,,,,,
-0.001624585478566587,mappo,1.5432682687333e-08,-0.33178651332855225,0.0005537512504168057,1487.0,,,,,,,,,,,,,,0.0,,,,,0.017579954117536545,0.0
,mappo,,,,1487.0,0.0,0.0,0.0,0.0,0.0,0.0,0.0,0.0,0.0,0.0,0.0,0.0,0.0,,,,,,,
0.006560416892170906,mappo,8.98563445872469e-09,-0.2976306676864624,0.0005534511503834613,1488.0,,,,,,,,,,,,,,0.0,,,,,0.017572276294231415,0.0
,mappo,,,,1488.0,0.0,0.0,0.0,0.0,0.0,0.0,0.0,0.0,0.0,0.0,0.0,0.0,0.0,,,,,,,
-0.00015311753668356687,mappo,9.34816135611527e-09,-0.24266588687896729,0.0005531510503501166,1489.0,,,,,,,,,,,,,,0.0,,,,,0.017594728618860245,0.0
,mappo,,,,1489.0,0.0,0.0,0.0,0.0,0.0,0.0,0.0,0.0,0.0,0.0,0.0,0.0,0.0,,,,,,,
-0.001836101757362485,mappo,5.068208075442726e-09,-0.2161700427532196,0.0005528509503167722,1490.0,,,,,,,,,,,,,,0.0,,,,,0.017679182812571526,0.0
,mappo,,,,1490.0,0.0,0.0,0.0,0.0,0.0,0.0,0.0,0.0,0.0,0.0,0.0,0.0,0.0,,,,,,,
0.006245956756174564,mappo,7.0644694538657404e-09,-0.20397910475730896,0.0005525508502834278,1491.0,,,,,,,,,,,,,,0.0,,,,,0.0176527202129364,0.0
,mappo,,,,1491.0,0.0,0.0,0.0,0.0,0.0,0.0,0.0,0.0,0.0,0.0,0.0,0.0,0.0,,,,,,,
-0.0005471211043186486,mappo,4.869942671348326e-09,-0.2251037061214447,0.0005522507502500834,1492.0,,,,,,,,,,,,,,0.0,,,,,0.017713554203510284,0.0
,mappo,,,,1492.0,0.0,0.0,0.0,0.0,0.0,0.0,0.0,0.0,0.0,0.0,0.0,0.0,0.0,,,,,,,
-0.005343865603208542,mappo,6.1889222635613805e-09,-0.23322896659374237,0.000551950650216739,1493.0,,,,,,,,,,,,,,0.0,,,,,0.017636412754654884,0.0
,mappo,,,,1493.0,0.0,0.0,0.0,0.0,0.0,0.0,0.0,0.0,0.0,0.0,0.0,0.0,0.0,,,,,,,
-0.004014655482023954,mappo,1.4874383502672117e-08,-0.22141209244728088,0.0005516505501833945,1494.0,,,,,,,,,,,,,,0.0,,,,,0.017694983631372452,0.0
,mappo,,,,1494.0,0.0,0.0,0.0,0.0,0.0,0.0,0.0,0.0,0.0,0.0,0.0,0.0,0.0,,,,,,,
0.0003545481013134122,mappo,1.1813208189437319e-08,-0.2596934139728546,0.0005513504501500501,1495.0,,,,,,,,,,,,,,0.0,,,,,0.01768944039940834,0.0
,mappo,,,,1495.0,0.0,0.0,0.0,0.0,0.0,0.0,0.0,0.0,0.0,0.0,0.0,0.0,0.0,,,,,,,
-0.0007101594237610698,mappo,1.147170536341946e-08,-0.23971733450889587,0.0005510503501167056,1496.0,,,,,,,,,,,,,,0.0,,,,,0.01758282631635666,0.0
,mappo,,,,1496.0,0.0,0.0,0.0,0.0,0.0,0.0,0.0,0.0,0.0,0.0,0.0,0.0,0.0,,,,,,,
0.001852869288995862,mappo,4.105989770408769e-09,-0.25703176856040955,0.0005507502500833612,1497.0,,,,,,,,,,,,,,0.0,,,,,0.01768496446311474,0.0
,mappo,,,,1497.0,0.0,0.0,0.0,0.0,0.0,0.0,0.0,0.0,0.0,0.0,0.0,0.0,0.0,,,,,,,
0.0006218121270649135,mappo,3.7112704021069476e-09,-0.2404220551252365,0.0005504501500500168,1498.0,,,,,,,,,,,,,,0.0,,,,,0.01764368638396263,0.0
,mappo,,,,1498.0,0.0,0.0,0.0,0.0,0.0,0.0,0.0,0.0,0.0,0.0,0.0,0.0,0.0,,,,,,,
-0.004733381327241659,mappo,7.0253376449613825e-09,-0.23844408988952637,0.0005501500500166723,1499.0,,,,,,,,,,,,,,0.0,,,,,0.017643671482801437,0.0
,mappo,,,,1499.0,0.0,0.0,0.0,0.0,0.0,0.0,0.0,0.0,0.0,0.0,0.0,0.0,0.0,,,,,,,
,mappo,,,,1499.0,,,,,,,,,,,,,,,0.0,0.0,0.0,0.0,,
0.0652831569314003,mappo,7.607074969939731e-09,-0.19214794039726257,0.0005498499499833278,1500.0,,,,,,,,,,,,,,0.0,,,,,0.017639029771089554,0.0
,mappo,,,,1500.0,0.0,0.0,0.0,0.0,0.0,0.0,0.0,0.0,0.0,0.0,0.0,0.0,0.0,,,,,,,
0.0032589631155133247,mappo,6.289631482303548e-09,-0.1842685490846634,0.0005495498499499833,1501.0,,,,,,,,,,,,,,0.0,,,,,0.017759598791599274,0.0
,mappo,,,,1501.0,0.0,0.0,0.0,0.0,0.0,0.0,0.0,0.0,0.0,0.0,0.0,0.0,0.0,,,,,,,
0.03171773627400398,mappo,1.804600580079807e-09,-0.17677271366119385,0.0005492497499166389,1502.0,,,,,,,,,,,,,,0.0,,,,,0.01772472634911537,0.0
,mappo,,,,1502.0,0.0,0.0,0.0,0.0,0.0,0.0,0.0,0.0,0.0,0.0,0.0,0.0,0.0,,,,,,,
-0.003940718248486519,mappo,2.412707589272145e-09,-0.17062023282051086,0.0005489496498832945,1503.0,,,,,,,,,,,,,,0.0,,,,,0.017703648656606674,0.0
,mappo,,,,1503.0,0.0,0.0,0.0,0.0,0.0,0.0,0.0,0.0,0.0,0.0,0.0,0.0,0.0,,,,,,,
-0.009396062232553959,mappo,1.7494188320199555e-09,-0.17289486527442932,0.0005486495498499501,1504.0,,,,,,,,,,,,,,0.0,,,,,0.017684442922472954,0.0
,mappo,,,,1504.0,0.0,0.0,0.0,0.0,0.0,0.0,0.0,0.0,0.0,0.0,0.0,0.0,0.0,,,,,,,
0.004831157624721527,mappo,1.3130302400909954e-09,-0.1866654008626938,0.0005483494498166056,1505.0,,,,,,,,,,,,,,0.0,,,,,0.017657792195677757,0.0
,mappo,,,,1505.0,0.0,0.0,0.0,0.0,0.0,0.0,0.0,0.0,0.0,0.0,0.0,0.0,0.0,,,,,,,
0.000866911665070802,mappo,4.2769361385808224e-09,-0.20291496813297272,0.0005480493497832611,1506.0,,,,,,,,,,,,,,0.0,,,,,0.017765268683433533,0.0
,mappo,,,,1506.0,0.0,0.0,0.0,0.0,0.0,0.0,0.0,0.0,0.0,0.0,0.0,0.0,0.0,,,,,,,
0.004738029092550278,mappo,3.4931553205552746e-09,-0.22909703850746155,0.0005477492497499166,1507.0,,,,,,,,,,,,,,0.0,,,,,0.01762978546321392,0.0
,mappo,,,,1507.0,0.0,0.0,0.0,0.0,0.0,0.0,0.0,0.0,0.0,0.0,0.0,0.0,0.0,,,,,,,
-0.005817081779241562,mappo,4.930347685672132e-09,-0.24880848824977875,0.0005474491497165722,1508.0,,,,,,,,,,,,,,0.0,,,,,0.017719801515340805,0.0
,mappo,,,,1508.0,0.0,0.0,0.0,0.0,0.0,0.0,0.0,0.0,0.0,0.0,0.0,0.0,0.0,,,,,,,
-0.007533434312790632,mappo,9.286868163371764e-09,-0.31215712428092957,0.0005471490496832278,1509.0,,,,,,,,,,,,,,0.0,,,,,0.017789341509342194,0.0
,mappo,,,,1509.0,0.0,0.0,0.0,0.0,0.0,0.0,0.0,0.0,0.0,0.0,0.0,0.0,0.0,,,,,,,
0.010437194257974625,mappo,8.115718763690438e-09,-0.3480663001537323,0.0005468489496498833,1510.0,,,,,,,,,,,,,,0.0,,,,,0.017747946083545685,0.0
,mappo,,,,1510.0,0.0,0.0,0.0,0.0,0.0,0.0,0.0,0.0,0.0,0.0,0.0,0.0,0.0,,,,,,,
0.03102189116179943,mappo,1.0673455896892392e-08,-0.3502778708934784,0.0005465488496165389,1511.0,,,,,,,,,,,,,,0.0,,,,,0.01771649718284607,0.0
,mappo,,,,1511.0,0.0,0.0,0.0,0.0,0.0,0.0,0.0,0.0,0.0,0.0,0.0,0.0,0.0,,,,,,,
-0.0047045424580574036,mappo,9.331252215361019e-09,-0.3796251118183136,0.0005462487495831944,1512.0,,,,,,,,,,,,,,0.0,,,,,0.017765041440725327,0.0
,mappo,,,,1512.0,0.0,0.0,0.0,0.0,0.0,0.0,0.0,0.0,0.0,0.0,0.0,0.0,0.0,,,,,,,
-0.001069705467671156,mappo,1.7853999167982693e-08,-0.353103369474411,0.00054594864954985,1513.0,,,,,,,,,,,,,,0.0,,,,,0.017719019204378128,0.0
,mappo,,,,1513.0,0.0,0.0,0.0,0.0,0.0,0.0,0.0,0.0,0.0,0.0,0.0,0.0,0.0,,,,,,,
-0.0027666883543133736,mappo,1.6190620399925137e-08,-0.3535505533218384,0.0005456485495165056,1514.0,,,,,,,,,,,,,,0.0,,,,,0.017733262851834297,0.0
,mappo,,,,1514.0,0.0,0.0,0.0,0.0,0.0,0.0,0.0,0.0,0.0,0.0,0.0,0.0,0.0,,,,,,,
0.006931164301931858,mappo,2.624908290727035e-08,-0.31888148188591003,0.0005453484494831612,1515.0,,,,,,,,,,,,,,0.0,,,,,0.017741326242685318,0.0
,mappo,,,,1515.0,0.0,0.0,0.0,0.0,0.0,0.0,0.0,0.0,0.0,0.0,0.0,0.0,0.0,,,,,,,
0.0032835763413459063,mappo,2.798720011298883e-08,-0.35651734471321106,0.0005450483494498166,1516.0,,,,,,,,,,,,,,0.0,,,,,0.017733033746480942,0.0
,mappo,,,,1516.0,0.0,0.0,0.0,0.0,0.0,0.0,0.0,0.0,0.0,0.0,0.0,0.0,0.0,,,,,,,
0.005034197587519884,mappo,4.169201517356669e-08,-0.3529617190361023,0.0005447482494164721,1517.0,,,,,,,,,,,,,,0.0,,,,,0.017737651243805885,0.0
,mappo,,,,1517.0,0.0,0.0,0.0,0.0,0.0,0.0,0.0,0.0,0.0,0.0,0.0,0.0,0.0,,,,,,,
0.054745569825172424,mappo,5.722696627685764e-08,-0.4054909646511078,0.0005444481493831277,1518.0,,,,,,,,,,,,,,0.0,,,,,0.017827952280640602,0.0
,mappo,,,,1518.0,0.0,0.0,0.0,0.0,0.0,0.0,0.0,0.0,0.0,0.0,0.0,0.0,0.0,,,,,,,
-0.0053310031071305275,mappo,4.117691787541844e-08,-0.40510156750679016,0.0005441480493497833,1519.0,,,,,,,,,,,,,,0.0,,,,,0.01770917698740959,0.0
,mappo,,,,1519.0,0.0,0.0,0.0,0.0,0.0,0.0,0.0,0.0,0.0,0.0,0.0,0.0,0.0,,,,,,,
-0.00707204220816493,mappo,4.64252281062727e-08,-0.4047398865222931,0.0005438479493164389,1520.0,,,,,,,,,,,,,,0.0,,,,,0.017734989523887634,0.0
,mappo,,,,1520.0,0.0,0.0,0.0,0.0,0.0,0.0,0.0,0.0,0.0,0.0,0.0,0.0,0.0,,,,,,,
-0.0018910153303295374,mappo,4.577735523980664e-08,-0.405824214220047,0.0005435478492830944,1521.0,,,,,,,,,,,,,,0.0,,,,,0.01783262938261032,0.0
,mappo,,,,1521.0,0.0,0.0,0.0,0.0,0.0,0.0,0.0,0.0,0.0,0.0,0.0,0.0,0.0,,,,,,,
0.012721600010991096,mappo,3.867023679049453e-08,-0.41671022772789,0.0005432477492497499,1522.0,,,,,,,,,,,,,,0.0,,,,,0.017754487693309784,0.0
,mappo,,,,1522.0,0.0,0.0,0.0,0.0,0.0,0.0,0.0,0.0,0.0,0.0,0.0,0.0,0.0,,,,,,,
-0.0007299113203771412,mappo,2.910878649231563e-08,-0.4663662612438202,0.0005429476492164055,1523.0,,,,,,,,,,,,,,0.0,,,,,0.01773102581501007,0.0
,mappo,,,,1523.0,0.0,0.0,0.0,0.0,0.0,0.0,0.0,0.0,0.0,0.0,0.0,0.0,0.0,,,,,,,
0.0019204231211915612,mappo,3.2127413618354694e-08,-0.5082105398178101,0.0005426475491830611,1524.0,,,,,,,,,,,,,,0.0,,,,,0.01773759536445141,0.0
,mappo,,,,1524.0,0.0,0.0,0.0,0.0,0.0,0.0,0.0,0.0,0.0,0.0,0.0,0.0,0.0,,,,,,,
0.0022704037837684155,mappo,3.1792339427738625e-08,-0.5259622931480408,0.0005423474491497166,1525.0,,,,,,,,,,,,,,0.0,,,,,0.017736045643687248,0.0
,mappo,,,,1525.0,0.0,0.0,0.0,0.0,0.0,0.0,0.0,0.0,0.0,0.0,0.0,0.0,0.0,,,,,,,
-0.000958150252699852,mappo,1.255721482351646e-08,-0.5318029522895813,0.0005420473491163722,1526.0,,,,,,,,,,,,,,0.0,,,,,0.017773576080799103,0.0
,mappo,,,,1526.0,0.0,0.0,0.0,0.0,0.0,0.0,0.0,0.0,0.0,0.0,0.0,0.0,0.0,,,,,,,
-0.0019509237026795745,mappo,7.042189498207563e-09,-0.5524969696998596,0.0005417472490830277,1527.0,,,,,,,,,,,,,,0.0,,,,,0.0177944153547287,0.0
,mappo,,,,1527.0,0.0,0.0,0.0,0.0,0.0,0.0,0.0,0.0,0.0,0.0,0.0,0.0,0.0,,,,,,,
7.340157753787935e-05,mappo,2.9746727303603393e-09,-0.5644211173057556,0.0005414471490496832,1528.0,,,,,,,,,,,,,,0.0,,,,,0.01773528754711151,0.0
,mappo,,,,1528.0,0.0,0.0,0.0,0.0,0.0,0.0,0.0,0.0,0.0,0.0,0.0,0.0,0.0,,,,,,,
-0.002327545080333948,mappo,4.855546187343407e-09,-0.585616946220398,0.0005411470490163388,1529.0,,,,,,,,,,,,,,0.0,,,,,0.017815001308918,0.0
,mappo,,,,1529.0,0.0,0.0,0.0,0.0,0.0,0.0,0.0,0.0,0.0,0.0,0.0,0.0,0.0,,,,,,,
-0.005539705976843834,mappo,3.408368343116308e-08,-0.6017614603042603,0.0005408469489829944,1530.0,,,,,,,,,,,,,,0.0,,,,,0.01780811697244644,0.0
,mappo,,,,1530.0,0.0,0.0,0.0,0.0,0.0,0.0,0.0,0.0,0.0,0.0,0.0,0.0,0.0,,,,,,,
0.017789140343666077,mappo,7.781591904176821e-08,-0.5647440552711487,0.00054054684894965,1531.0,,,,,,,,,,,,,,0.0,,,,,0.017719680443406105,0.0
,mappo,,,,1531.0,0.0,0.0,0.0,0.0,0.0,0.0,0.0,0.0,0.0,0.0,0.0,0.0,0.0,,,,,,,
0.001218257937580347,mappo,1.5006895637270645e-07,-0.571603000164032,0.0005402467489163055,1532.0,,,,,,,,,,,,,,0.0,,,,,0.017684917896986008,0.0
,mappo,,,,1532.0,0.0,0.0,0.0,0.0,0.0,0.0,0.0,0.0,0.0,0.0,0.0,0.0,0.0,,,,,,,
0.0021368986926972866,mappo,2.537276202474459e-07,-0.5693363547325134,0.000539946648882961,1533.0,,,,,,,,,,,,,,0.0,,,,,0.017756473273038864,0.0
,mappo,,,,1533.0,0.0,0.0,0.0,0.0,0.0,0.0,0.0,0.0,0.0,0.0,0.0,0.0,0.0,,,,,,,
0.030884629115462303,mappo,3.778191342007631e-07,-0.5671094059944153,0.0005396465488496165,1534.0,,,,,,,,,,,,,,0.0,,,,,0.017652787268161774,0.0
,mappo,,,,1534.0,0.0,0.0,0.0,0.0,0.0,0.0,0.0,0.0,0.0,0.0,0.0,0.0,0.0,,,,,,,
-0.002967776730656624,mappo,5.148983746039448e-07,-0.5760756134986877,0.0005393464488162721,1535.0,,,,,,,,,,,,,,0.0,,,,,0.01760867051780224,0.0
,mappo,,,,1535.0,0.0,0.0,0.0,0.0,0.0,0.0,0.0,0.0,0.0,0.0,0.0,0.0,0.0,,,,,,,
0.01243765652179718,mappo,6.22487618784362e-07,-0.5733728408813477,0.0005390463487829277,1536.0,,,,,,,,,,,,,,0.0,,,,,0.017641786485910416,0.0
,mappo,,,,1536.0,0.0,0.0,0.0,0.0,0.0,0.0,0.0,0.0,0.0,0.0,0.0,0.0,0.0,,,,,,,
0.05100030452013016,mappo,8.096889132502838e-07,-0.5518674850463867,0.0005387462487495831,1537.0,,,,,,,,,,,,,,0.0,,,,,0.017721477895975113,0.0
,mappo,,,,1537.0,0.0,0.0,0.0,0.0,0.0,0.0,0.0,0.0,0.0,0.0,0.0,0.0,0.0,,,,,,,
-0.0010075581958517432,mappo,9.857707254923298e-07,-0.5500844717025757,0.0005384461487162388,1538.0,,,,,,,,,,,,,,0.0,,,,,0.017641983926296234,0.0
,mappo,,,,1538.0,0.0,0.0,0.0,0.0,0.0,0.0,0.0,0.0,0.0,0.0,0.0,0.0,0.0,,,,,,,
0.025027362629771233,mappo,1.0968248034259886e-06,-0.5442350506782532,0.0005381460486828943,1539.0,,,,,,,,,,,,,,0.0,,,,,0.01769043132662773,0.0
,mappo,,,,1539.0,0.0,0.0,0.0,0.0,0.0,0.0,0.0,0.0,0.0,0.0,0.0,0.0,0.0,,,,,,,
-0.006056597921997309,mappo,1.1249684348513256e-06,-0.5186514258384705,0.0005378459486495499,1540.0,,,,,,,,,,,,,,0.0,,,,,0.017690546810626984,0.0
,mappo,,,,1540.0,0.0,0.0,0.0,0.0,0.0,0.0,0.0,0.0,0.0,0.0,0.0,0.0,0.0,,,,,,,
0.02303469181060791,mappo,1.1050626653741347e-06,-0.5558230876922607,0.0005375458486162055,1541.0,,,,,,,,,,,,,,0.0,,,,,0.017721302807331085,0.0
,mappo,,,,1541.0,0.0,0.0,0.0,0.0,0.0,0.0,0.0,0.0,0.0,0.0,0.0,0.0,0.0,,,,,,,
0.02065296843647957,mappo,9.768575637281174e-07,-0.5762909054756165,0.0005372457485828611,1542.0,,,,,,,,,,,,,,0.0,,,,,0.017765317112207413,0.0
,mappo,,,,1542.0,0.0,0.0,0.0,0.0,0.0,0.0,0.0,0.0,0.0,0.0,0.0,0.0,0.0,,,,,,,
0.028605949133634567,mappo,9.739833330968395e-07,-0.6185190677642822,0.0005369456485495165,1543.0,,,,,,,,,,,,,,0.0,,,,,0.01769653521478176,0.0
,mappo,,,,1543.0,0.0,0.0,0.0,0.0,0.0,0.0,0.0,0.0,0.0,0.0,0.0,0.0,0.0,,,,,,,
0.013688713312149048,mappo,8.401283935199899e-07,-0.5926341414451599,0.000536645548516172,1544.0,,,,,,,,,,,,,,0.0,,,,,0.01766282133758068,0.0
,mappo,,,,1544.0,0.0,0.0,0.0,0.0,0.0,0.0,0.0,0.0,0.0,0.0,0.0,0.0,0.0,,,,,,,
0.008487178944051266,mappo,6.335922648759151e-07,-0.5836412310600281,0.0005363454484828276,1545.0,,,,,,,,,,,,,,0.0,,,,,0.017643101513385773,0.0
,mappo,,,,1545.0,0.0,0.0,0.0,0.0,0.0,0.0,0.0,0.0,0.0,0.0,0.0,0.0,0.0,,,,,,,
0.008773349225521088,mappo,4.971432190359337e-07,-0.6004551649093628,0.0005360453484494832,1546.0,,,,,,,,,,,,,,0.0,,,,,0.017576467245817184,0.0
,mappo,,,,1546.0,0.0,0.0,0.0,0.0,0.0,0.0,0.0,0.0,0.0,0.0,0.0,0.0,0.0,,,,,,,
0.01329689472913742,mappo,3.6737802133757214e-07,-0.5754824876785278,0.0005357452484161388,1547.0,,,,,,,,,,,,,,0.0,,,,,0.017636600881814957,0.0
,mappo,,,,1547.0,0.0,0.0,0.0,0.0,0.0,0.0,0.0,0.0,0.0,0.0,0.0,0.0,0.0,,,,,,,
0.005492725409567356,mappo,2.3049084063586633e-07,-0.5585932731628418,0.0005354451483827942,1548.0,,,,,,,,,,,,,,0.0,,,,,0.017629940062761307,0.0
,mappo,,,,1548.0,0.0,0.0,0.0,0.0,0.0,0.0,0.0,0.0,0.0,0.0,0.0,0.0,0.0,,,,,,,
-0.001715947757475078,mappo,1.5705759892625792e-07,-0.5684215426445007,0.0005351450483494499,1549.0,,,,,,,,,,,,,,0.0,,,,,0.017629927024245262,0.0
,mappo,,,,1549.0,0.0,0.0,0.0,0.0,0.0,0.0,0.0,0.0,0.0,0.0,0.0,0.0,0.0,,,,,,,
-4.6463654143735766e-05,mappo,8.056208855578006e-08,-0.5956831574440002,0.0005348449483161054,1550.0,,,,,,,,,,,,,,0.0,,,,,0.017632879316806793,0.0
,mappo,,,,1550.0,0.0,0.0,0.0,0.0,0.0,0.0,0.0,0.0,0.0,0.0,0.0,0.0,0.0,,,,,,,
0.006659538019448519,mappo,5.8635858835032195e-08,-0.5951672792434692,0.000534544848282761,1551.0,,,,,,,,,,,,,,0.0,,,,,0.017617641016840935,0.0
,mappo,,,,1551.0,0.0,0.0,0.0,0.0,0.0,0.0,0.0,0.0,0.0,0.0,0.0,0.0,0.0,,,,,,,
-0.0026181095745414495,mappo,2.6902943872642027e-08,-0.6185835599899292,0.0005342447482494164,1552.0,,,,,,,,,,,,,,0.0,,,,,0.0176718570291996,0.0
,mappo,,,,1552.0,0.0,0.0,0.0,0.0,0.0,0.0,0.0,0.0,0.0,0.0,0.0,0.0,0.0,,,,,,,
-0.00017184345051646233,mappo,9.465674466468954e-09,-0.6072376370429993,0.0005339446482160721,1553.0,,,,,,,,,,,,,,0.0,,,,,0.017649196088314056,0.0
,mappo,,,,1553.0,0.0,0.0,0.0,0.0,0.0,0.0,0.0,0.0,0.0,0.0,0.0,0.0,0.0,,,,,,,
0.03616299480199814,mappo,3.732686604251967e-09,-0.5766371488571167,0.0005336445481827276,1554.0,,,,,,,,,,,,,,0.0,,,,,0.017601240426301956,0.0
,mappo,,,,1554.0,0.0,0.0,0.0,0.0,0.0,0.0,0.0,0.0,0.0,0.0,0.0,0.0,0.0,,,,,,,
0.0022856828290969133,mappo,1.8834260373523648e-08,-0.5610387325286865,0.0005333444481493831,1555.0,,,,,,,,,,,,,,0.0,,,,,0.017716120928525925,0.0
,mappo,,,,1555.0,0.0,0.0,0.0,0.0,0.0,0.0,0.0,0.0,0.0,0.0,0.0,0.0,0.0,,,,,,,
0.025603260844945908,mappo,5.0361514070118574e-08,-0.5970434546470642,0.0005330443481160387,1556.0,,,,,,,,,,,,,,0.0,,,,,0.017713017761707306,0.0
,mappo,,,,1556.0,0.0,0.0,0.0,0.0,0.0,0.0,0.0,0.0,0.0,0.0,0.0,0.0,0.0,,,,,,,
0.020948154851794243,mappo,8.404084894664265e-08,-0.60162752866745,0.0005327442480826943,1557.0,,,,,,,,,,,,,,0.0,,,,,0.01774367317557335,0.0
,mappo,,,,1557.0,0.0,0.0,0.0,0.0,0.0,0.0,0.0,0.0,0.0,0.0,0.0,0.0,0.0,,,,,,,
0.017010536044836044,mappo,1.2187962283860543e-07,-0.6352865695953369,0.0005324441480493499,1558.0,,,,,,,,,,,,,,0.0,,,,,0.017694788053631783,0.0
,mappo,,,,1558.0,0.0,0.0,0.0,0.0,0.0,0.0,0.0,0.0,0.0,0.0,0.0,0.0,0.0,,,,,,,
0.0417596697807312,mappo,1.3398931741903652e-07,-0.618835985660553,0.0005321440480160053,1559.0,,,,,,,,,,,,,,0.0,,,,,0.01774638518691063,0.0
,mappo,,,,1559.0,0.0,0.0,0.0,0.0,0.0,0.0,0.0,0.0,0.0,0.0,0.0,0.0,0.0,,,,,,,
-0.0015178543981164694,mappo,1.854897391240229e-07,-0.6271131634712219,0.000531843947982661,1560.0,,,,,,,,,,,,,,0.0,,,,,0.017708906903862953,0.0
,mappo,,,,1560.0,0.0,0.0,0.0,0.0,0.0,0.0,0.0,0.0,0.0,0.0,0.0,0.0,0.0,,,,,,,
-0.0010096030309796333,mappo,1.968705873878207e-07,-0.656383216381073,0.0005315438479493164,1561.0,,,,,,,,,,,,,,0.0,,,,,0.017707057297229767,0.0
,mappo,,,,1561.0,0.0,0.0,0.0,0.0,0.0,0.0,0.0,0.0,0.0,0.0,0.0,0.0,0.0,,,,,,,
0.011652136221528053,mappo,2.6591925461616484e-07,-0.6766312718391418,0.000531243747915972,1562.0,,,,,,,,,,,,,,0.0,,,,,0.017776617780327797,0.0
,mappo,,,,1562.0,0.0,0.0,0.0,0.0,0.0,0.0,0.0,0.0,0.0,0.0,0.0,0.0,0.0,,,,,,,
0.010702610947191715,mappo,3.7272340591698594e-07,-0.7249886393547058,0.0005309436478826275,1563.0,,,,,,,,,,,,,,0.0,,,,,0.01773643121123314,0.0
,mappo,,,,1563.0,0.0,0.0,0.0,0.0,0.0,0.0,0.0,0.0,0.0,0.0,0.0,0.0,0.0,,,,,,,
-0.003685255069285631,mappo,4.134635958052968e-07,-0.7541846036911011,0.0005306435478492832,1564.0,,,,,,,,,,,,,,0.0,,,,,0.017743580043315887,0.0
,mappo,,,,1564.0,0.0,0.0,0.0,0.0,0.0,0.0,0.0,0.0,0.0,0.0,0.0,0.0,0.0,,,,,,,
-0.01079513505101204,mappo,4.5993525077392405e-07,-0.728897213935852,0.0005303434478159387,1565.0,,,,,,,,,,,,,,0.0,,,,,0.017652880400419235,0.0
,mappo,,,,1565.0,0.0,0.0,0.0,0.0,0.0,0.0,0.0,0.0,0.0,0.0,0.0,0.0,0.0,,,,,,,
0.007466970942914486,mappo,4.708492156169086e-07,-0.7571070790290833,0.0005300433477825942,1566.0,,,,,,,,,,,,,,0.0,,,,,0.017756197601556778,0.0
,mappo,,,,1566.0,0.0,0.0,0.0,0.0,0.0,0.0,0.0,0.0,0.0,0.0,0.0,0.0,0.0,,,,,,,
0.0009822105057537556,mappo,5.16515513027116e-07,-0.7501056790351868,0.0005297432477492498,1567.0,,,,,,,,,,,,,,0.0,,,,,0.01766662672162056,0.0
,mappo,,,,1567.0,0.0,0.0,0.0,0.0,0.0,0.0,0.0,0.0,0.0,0.0,0.0,0.0,0.0,,,,,,,
0.006012598983943462,mappo,5.103173634779523e-07,-0.7635172605514526,0.0005294431477159054,1568.0,,,,,,,,,,,,,,0.0,,,,,0.017735878005623817,0.0
,mappo,,,,1568.0,0.0,0.0,0.0,0.0,0.0,0.0,0.0,0.0,0.0,0.0,0.0,0.0,0.0,,,,,,,
0.00285872514359653,mappo,5.950296326773241e-07,-0.75197434425354,0.000529143047682561,1569.0,,,,,,,,,,,,,,0.0,,,,,0.017741864547133446,0.0
,mappo,,,,1569.0,0.0,0.0,0.0,0.0,0.0,0.0,0.0,0.0,0.0,0.0,0.0,0.0,0.0,,,,,,,
0.001416082144714892,mappo,5.772178042207088e-07,-0.762017548084259,0.0005288429476492163,1570.0,,,,,,,,,,,,,,0.0,,,,,0.017752233892679214,0.0
,mappo,,,,1570.0,0.0,0.0,0.0,0.0,0.0,0.0,0.0,0.0,0.0,0.0,0.0,0.0,0.0,,,,,,,
0.013469279743731022,mappo,5.64182982998318e-07,-0.7400143146514893,0.000528542847615872,1571.0,,,,,,,,,,,,,,0.0,,,,,0.01773650571703911,0.0
,mappo,,,,1571.0,0.0,0.0,0.0,0.0,0.0,0.0,0.0,0.0,0.0,0.0,0.0,0.0,0.0,,,,,,,
-0.005204296205192804,mappo,5.894677315154695e-07,-0.7277654409408569,0.0005282427475825275,1572.0,,,,,,,,,,,,,,0.0,,,,,0.017751477658748627,0.0
,mappo,,,,1572.0,0.0,0.0,0.0,0.0,0.0,0.0,0.0,0.0,0.0,0.0,0.0,0.0,0.0,,,,,,,
-0.0007311939843930304,mappo,5.620196361633134e-07,-0.7201641798019409,0.0005279426475491831,1573.0,,,,,,,,,,,,,,0.0,,,,,0.017739079892635345,0.0
,mappo,,,,1573.0,0.0,0.0,0.0,0.0,0.0,0.0,0.0,0.0,0.0,0.0,0.0,0.0,0.0,,,,,,,
-0.0030310582369565964,mappo,5.425463882602344e-07,-0.7262714505195618,0.0005276425475158386,1574.0,,,,,,,,,,,,,,0.0,,,,,0.01779942959547043,0.0
,mappo,,,,1574.0,0.0,0.0,0.0,0.0,0.0,0.0,0.0,0.0,0.0,0.0,0.0,0.0,0.0,,,,,,,
-0.005383927375078201,mappo,4.911682367492176e-07,-0.7282694578170776,0.0005273424474824943,1575.0,,,,,,,,,,,,,,0.0,,,,,0.017752263695001602,0.0
,mappo,,,,1575.0,0.0,0.0,0.0,0.0,0.0,0.0,0.0,0.0,0.0,0.0,0.0,0.0,0.0,,,,,,,
0.00256703095510602,mappo,4.6736329295526957e-07,-0.7228739857673645,0.0005270423474491498,1576.0,,,,,,,,,,,,,,0.0,,,,,0.017776314169168472,0.0
,mappo,,,,1576.0,0.0,0.0,0.0,0.0,0.0,0.0,0.0,0.0,0.0,0.0,0.0,0.0,0.0,,,,,,,
0.0052242521196603775,mappo,4.293704876090487e-07,-0.7493903636932373,0.0005267422474158053,1577.0,,,,,,,,,,,,,,0.0,,,,,0.017763540148735046,0.0
,mappo,,,,1577.0,0.0,0.0,0.0,0.0,0.0,0.0,0.0,0.0,0.0,0.0,0.0,0.0,0.0,,,,,,,
-0.0006391635979525745,mappo,3.5853153690368345e-07,-0.7625841498374939,0.0005264421473824608,1578.0,,,,,,,,,,,,,,0.0,,,,,0.017780736088752747,0.0
,mappo,,,,1578.0,0.0,0.0,0.0,0.0,0.0,0.0,0.0,0.0,0.0,0.0,0.0,0.0,0.0,,,,,,,
0.006827979348599911,mappo,3.157562673550274e-07,-0.7521395087242126,0.0005261420473491164,1579.0,,,,,,,,,,,,,,0.0,,,,,0.017770741134881973,0.0
,mappo,,,,1579.0,0.0,0.0,0.0,0.0,0.0,0.0,0.0,0.0,0.0,0.0,0.0,0.0,0.0,,,,,,,
-0.003121795831248164,mappo,2.704509540762956e-07,-0.7532749176025391,0.000525841947315772,1580.0,,,,,,,,,,,,,,0.0,,,,,0.017755785956978798,0.0
,mappo,,,,1580.0,0.0,0.0,0.0,0.0,0.0,0.0,0.0,0.0,0.0,0.0,0.0,0.0,0.0,,,,,,,
-0.004362029954791069,mappo,2.410891113413527e-07,-0.7391554117202759,0.0005255418472824274,1581.0,,,,,,,,,,,,,,0.0,,,,,0.017762329429388046,0.0
,mappo,,,,1581.0,0.0,0.0,0.0,0.0,0.0,0.0,0.0,0.0,0.0,0.0,0.0,0.0,0.0,,,,,,,
0.008292335085570812,mappo,2.2379460062893486e-07,-0.708236813545227,0.000525241747249083,1582.0,,,,,,,,,,,,,,0.0,,,,,0.017767146229743958,0.0
,mappo,,,,1582.0,0.0,0.0,0.0,0.0,0.0,0.0,0.0,0.0,0.0,0.0,0.0,0.0,0.0,,,,,,,
-0.006487352307885885,mappo,2.0612779394468816e-07,-0.685164749622345,0.0005249416472157386,1583.0,,,,,,,,,,,,,,0.0,,,,,0.01775727979838848,0.0
,mappo,,,,1583.0,0.0,0.0,0.0,0.0,0.0,0.0,0.0,0.0,0.0,0.0,0.0,0.0,0.0,,,,,,,
0.002547649433836341,mappo,1.745866029523313e-07,-0.6531968116760254,0.0005246415471823942,1584.0,,,,,,,,,,,,,,0.0,,,,,0.017760705202817917,0.0
,mappo,,,,1584.0,0.0,0.0,0.0,0.0,0.0,0.0,0.0,0.0,0.0,0.0,0.0,0.0,0.0,,,,,,,
-0.00888216495513916,mappo,1.5021596766473522e-07,-0.6761534810066223,0.0005243414471490497,1585.0,,,,,,,,,,,,,,0.0,,,,,0.017785098403692245,0.0
,mappo,,,,1585.0,0.0,0.0,0.0,0.0,0.0,0.0,0.0,0.0,0.0,0.0,0.0,0.0,0.0,,,,,,,
0.0018264733953401446,mappo,1.053360918490398e-07,-0.6667299866676331,0.0005240413471157054,1586.0,,,,,,,,,,,,,,0.0,,,,,0.017749840393662453,0.0
,mappo,,,,1586.0,0.0,0.0,0.0,0.0,0.0,0.0,0.0,0.0,0.0,0.0,0.0,0.0,0.0,,,,,,,
0.012447953224182129,mappo,8.738638967997758e-08,-0.6702169179916382,0.0005237412470823608,1587.0,,,,,,,,,,,,,,0.0,,,,,0.017689712345600128,0.0
,mappo,,,,1587.0,0.0,0.0,0.0,0.0,0.0,0.0,0.0,0.0,0.0,0.0,0.0,0.0,0.0,,,,,,,
-0.002683850470930338,mappo,6.814153152845392e-08,-0.678472638130188,0.0005234411470490163,1588.0,,,,,,,,,,,,,,0.0,,,,,0.0177850853651762,0.0
,mappo,,,,1588.0,0.0,0.0,0.0,0.0,0.0,0.0,0.0,0.0,0.0,0.0,0.0,0.0,0.0,,,,,,,
0.0017312178388237953,mappo,5.7011533272088855e-08,-0.7037485241889954,0.0005231410470156719,1589.0,,,,,,,,,,,,,,0.0,,,,,0.01775027997791767,0.0
,mappo,,,,1589.0,0.0,0.0,0.0,0.0,0.0,0.0,0.0,0.0,0.0,0.0,0.0,0.0,0.0,,,,,,,
-0.002927325898781419,mappo,5.3469122462956875e-08,-0.6947504878044128,0.0005228409469823275,1590.0,,,,,,,,,,,,,,0.0,,,,,0.017674777656793594,0.0
,mappo,,,,1590.0,0.0,0.0,0.0,0.0,0.0,0.0,0.0,0.0,0.0,0.0,0.0,0.0,0.0,,,,,,,
-0.00275176833383739,mappo,3.947403826032314e-08,-0.6988773941993713,0.0005225408469489831,1591.0,,,,,,,,,,,,,,0.0,,,,,0.01770787499845028,0.0
,mappo,,,,1591.0,0.0,0.0,0.0,0.0,0.0,0.0,0.0,0.0,0.0,0.0,0.0,0.0,0.0,,,,,,,
0.0008334900485351682,mappo,4.2915729636661126e-08,-0.7042922377586365,0.0005222407469156386,1592.0,,,,,,,,,,,,,,0.0,,,,,0.01767142489552498,0.0
,mappo,,,,1592.0,0.0,0.0,0.0,0.0,0.0,0.0,0.0,0.0,0.0,0.0,0.0,0.0,0.0,,,,,,,
-0.000328719150274992,mappo,2.8555234621308045e-08,-0.6950244307518005,0.0005219406468822941,1593.0,,,,,,,,,,,,,,0.0,,,,,0.017713144421577454,0.0
,mappo,,,,1593.0,0.0,0.0,0.0,0.0,0.0,0.0,0.0,0.0,0.0,0.0,0.0,0.0,0.0,,,,,,,
0.004943800158798695,mappo,1.4430280970145759e-08,-0.698703944683075,0.0005216405468489497,1594.0,,,,,,,,,,,,,,0.0,,,,,0.017623044550418854,0.0
,mappo,,,,1594.0,0.0,0.0,0.0,0.0,0.0,0.0,0.0,0.0,0.0,0.0,0.0,0.0,0.0,,,,,,,
0.01137737650424242,mappo,1.1688327639092222e-08,-0.6823825240135193,0.0005213404468156053,1595.0,,,,,,,,,,,,,,0.0,,,,,0.017699189484119415,0.0
,mappo,,,,1595.0,0.0,0.0,0.0,0.0,0.0,0.0,0.0,0.0,0.0,0.0,0.0,0.0,0.0,,,,,,,
-0.0022680354304611683,mappo,7.233574628173756e-09,-0.6847828030586243,0.0005210403467822607,1596.0,,,,,,,,,,,,,,0.0,,,,,0.017617421224713326,0.0
,mappo,,,,1596.0,0.0,0.0,0.0,0.0,0.0,0.0,0.0,0.0,0.0,0.0,0.0,0.0,0.0,,,,,,,
0.003824802115559578,mappo,1.0128326621838823e-08,-0.687988817691803,0.0005207402467489162,1597.0,,,,,,,,,,,,,,0.0,,,,,0.017648614943027496,0.0
,mappo,,,,1597.0,0.0,0.0,0.0,0.0,0.0,0.0,0.0,0.0,0.0,0.0,0.0,0.0,0.0,,,,,,,
-0.0024824871215969324,mappo,3.487700794835291e-09,-0.6967177391052246,0.0005204401467155719,1598.0,,,,,,,,,,,,,,0.0,,,,,0.01768120378255844,0.0
,mappo,,,,1598.0,0.0,0.0,0.0,0.0,0.0,0.0,0.0,0.0,0.0,0.0,0.0,0.0,0.0,,,,,,,
0.0005744075169786811,mappo,4.699821865017384e-09,-0.666970431804657,0.0005201400466822274,1599.0,,,,,,,,,,,,,,0.0,,,,,0.0176234133541584,0.0
,mappo,,,,1599.0,0.0,0.0,0.0,0.0,0.0,0.0,0.0,0.0,0.0,0.0,0.0,0.0,0.0,,,,,,,
,mappo,,,,1599.0,,,,,,,,,,,,,,,0.0,0.0,0.0,0.0,,
0.0034222151152789593,mappo,5.129775715317919e-09,-0.6804819703102112,0.000519839946648883,1600.0,,,,,,,,,,,,,,0.0,,,,,0.017609037458896637,0.0
,mappo,,,,1600.0,0.0,0.0,0.0,0.0,0.0,0.0,0.0,0.0,0.0,0.0,0.0,0.0,0.0,,,,,,,
-0.010452743619680405,mappo,6.015058229280612e-09,-0.6853747963905334,0.0005195398466155386,1601.0,,,,,,,,,,,,,,0.0,,,,,0.017559688538312912,0.0
,mappo,,,,1601.0,0.0,0.0,0.0,0.0,0.0,0.0,0.0,0.0,0.0,0.0,0.0,0.0,0.0,,,,,,,
-0.0012734703486785293,mappo,9.103914955232995e-09,-0.6849210262298584,0.0005192397465821942,1602.0,,,,,,,,,,,,,,0.0,,,,,0.017566969618201256,0.0
,mappo,,,,1602.0,0.0,0.0,0.0,0.0,0.0,0.0,0.0,0.0,0.0,0.0,0.0,0.0,0.0,,,,,,,
-0.006198743358254433,mappo,5.7556865940000534e-09,-0.7007777690887451,0.0005189396465488497,1603.0,,,,,,,,,,,,,,0.0,,,,,0.017567049711942673,0.0
,mappo,,,,1603.0,0.0,0.0,0.0,0.0,0.0,0.0,0.0,0.0,0.0,0.0,0.0,0.0,0.0,,,,,,,
8.20332788862288e-05,mappo,3.4075826604862414e-09,-0.6980907917022705,0.0005186395465155052,1604.0,,,,,,,,,,,,,,0.0,,,,,0.01756777986884117,0.0
,mappo,,,,1604.0,0.0,0.0,0.0,0.0,0.0,0.0,0.0,0.0,0.0,0.0,0.0,0.0,0.0,,,,,,,
-0.007107654120773077,mappo,1.8237317211955428e-09,-0.7159056663513184,0.0005183394464821607,1605.0,,,,,,,,,,,,,,0.0,,,,,0.01748383790254593,0.0
,mappo,,,,1605.0,0.0,0.0,0.0,0.0,0.0,0.0,0.0,0.0,0.0,0.0,0.0,0.0,0.0,,,,,,,
-0.0034727174788713455,mappo,1.4523512392727866e-09,-0.7440395355224609,0.0005180393464488163,1606.0,,,,,,,,,,,,,,0.0,,,,,0.017598025500774384,0.0
,mappo,,,,1606.0,0.0,0.0,0.0,0.0,0.0,0.0,0.0,0.0,0.0,0.0,0.0,0.0,0.0,,,,,,,
-0.004244890529662371,mappo,1.8545925906110483e-09,-0.7355768084526062,0.0005177392464154718,1607.0,,,,,,,,,,,,,,0.0,,,,,0.017577171325683594,0.0
,mappo,,,,1607.0,0.0,0.0,0.0,0.0,0.0,0.0,0.0,0.0,0.0,0.0,0.0,0.0,0.0,,,,,,,
0.0015473153907805681,mappo,2.2791064591132226e-09,-0.7065535187721252,0.0005174391463821273,1608.0,,,,,,,,,,,,,,0.0,,,,,0.017530180513858795,0.0
,mappo,,,,1608.0,0.0,0.0,0.0,0.0,0.0,0.0,0.0,0.0,0.0,0.0,0.0,0.0,0.0,,,,,,,
-0.00355296628549695,mappo,1.8078730734671922e-09,-0.7039211392402649,0.000517139046348783,1609.0,,,,,,,,,,,,,,0.0,,,,,0.017727363854646683,0.0
,mappo,,,,1609.0,0.0,0.0,0.0,0.0,0.0,0.0,0.0,0.0,0.0,0.0,0.0,0.0,0.0,,,,,,,
0.004713970702141523,mappo,2.358023554194233e-09,-0.6925050616264343,0.0005168389463154385,1610.0,,,,,,,,,,,,,,0.0,,,,,0.017689136788249016,0.0
,mappo,,,,1610.0,0.0,0.0,0.0,0.0,0.0,0.0,0.0,0.0,0.0,0.0,0.0,0.0,0.0,,,,,,,
-0.005824063904583454,mappo,4.131530229045666e-09,-0.7064464092254639,0.0005165388462820941,1611.0,,,,,,,,,,,,,,0.0,,,,,0.017531361430883408,0.0
,mappo,,,,1611.0,0.0,0.0,0.0,0.0,0.0,0.0,0.0,0.0,0.0,0.0,0.0,0.0,0.0,,,,,,,
0.002773599699139595,mappo,3.400623338478681e-09,-0.7406526803970337,0.0005162387462487496,1612.0,,,,,,,,,,,,,,0.0,,,,,0.01763918250799179,0.0
,mappo,,,,1612.0,0.0,0.0,0.0,0.0,0.0,0.0,0.0,0.0,0.0,0.0,0.0,0.0,0.0,,,,,,,
-0.0003208496200386435,mappo,2.7300839366972696e-09,-0.7568529844284058,0.0005159386462154053,1613.0,,,,,,,,,,,,,,0.0,,,,,0.017589647322893143,0.0
,mappo,,,,1613.0,0.0,0.0,0.0,0.0,0.0,0.0,0.0,0.0,0.0,0.0,0.0,0.0,0.0,,,,,,,
0.001988145289942622,mappo,1.1705940661244085e-09,-0.7544357776641846,0.0005156385461820607,1614.0,,,,,,,,,,,,,,0.0,,,,,0.017590470612049103,0.0
,mappo,,,,1614.0,0.0,0.0,0.0,0.0,0.0,0.0,0.0,0.0,0.0,0.0,0.0,0.0,0.0,,,,,,,
-0.003128916257992387,mappo,2.542462240739951e-09,-0.7675291895866394,0.0005153384461487162,1615.0,,,,,,,,,,,,,,0.0,,,,,0.017597738653421402,0.0
,mappo,,,,1615.0,0.0,0.0,0.0,0.0,0.0,0.0,0.0,0.0,0.0,0.0,0.0,0.0,0.0,,,,,,,
0.004269002005457878,mappo,1.653548631352919e-09,-0.7886600494384766,0.0005150383461153718,1616.0,,,,,,,,,,,,,,0.0,,,,,0.01759445294737816,0.0
,mappo,,,,1616.0,0.0,0.0,0.0,0.0,0.0,0.0,0.0,0.0,0.0,0.0,0.0,0.0,0.0,,,,,,,
-0.0032610383350402117,mappo,2.2175929981216314e-09,-0.7845845818519592,0.0005147382460820274,1617.0,,,,,,,,,,,,,,0.0,,,,,0.017572056502103806,0.0
,mappo,,,,1617.0,0.0,0.0,0.0,0.0,0.0,0.0,0.0,0.0,0.0,0.0,0.0,0.0,0.0,,,,,,,
0.005889191757887602,mappo,4.270388043181583e-09,-0.7793393731117249,0.0005144381460486829,1618.0,,,,,,,,,,,,,,0.0,,,,,0.01751839742064476,0.0
,mappo,,,,1618.0,0.0,0.0,0.0,0.0,0.0,0.0,0.0,0.0,0.0,0.0,0.0,0.0,0.0,,,,,,,
0.023745302110910416,mappo,2.460162074058303e-09,-0.7365846037864685,0.0005141380460153384,1619.0,,,,,,,,,,,,,,0.0,,,,,0.017543599009513855,0.0
,mappo,,,,1619.0,0.0,0.0,0.0,0.0,0.0,0.0,0.0,0.0,0.0,0.0,0.0,0.0,0.0,,,,,,,
-0.007020920515060425,mappo,4.89051688035147e-09,-0.7089926600456238,0.0005138379459819941,1620.0,,,,,,,,,,,,,,0.0,,,,,0.017352592200040817,0.0
,mappo,,,,1620.0,0.0,0.0,0.0,0.0,0.0,0.0,0.0,0.0,0.0,0.0,0.0,0.0,0.0,,,,,,,
0.0018635637825354934,mappo,3.692194550097838e-09,-0.7051313519477844,0.0005135378459486496,1621.0,,,,,,,,,,,,,,0.0,,,,,0.01743362843990326,0.0
,mappo,,,,1621.0,0.0,0.0,0.0,0.0,0.0,0.0,0.0,0.0,0.0,0.0,0.0,0.0,0.0,,,,,,,
-0.0009458576096221805,mappo,1.9510491000573893e-09,-0.6957043409347534,0.0005132377459153052,1622.0,,,,,,,,,,,,,,0.0,,,,,0.017550606280565262,0.0
,mappo,,,,1622.0,0.0,0.0,0.0,0.0,0.0,0.0,0.0,0.0,0.0,0.0,0.0,0.0,0.0,,,,,,,
-0.002371371490880847,mappo,1.1696178248143951e-08,-0.6684623956680298,0.0005129376458819606,1623.0,,,,,,,,,,,,,,0.0,,,,,0.017389187589287758,0.0
,mappo,,,,1623.0,0.0,0.0,0.0,0.0,0.0,0.0,0.0,0.0,0.0,0.0,0.0,0.0,0.0,,,,,,,
-0.010166424326598644,mappo,1.1550175926799966e-08,-0.6541919708251953,0.0005126375458486163,1624.0,,,,,,,,,,,,,,0.0,,,,,0.017349015921354294,0.0
,mappo,,,,1624.0,0.0,0.0,0.0,0.0,0.0,0.0,0.0,0.0,0.0,0.0,0.0,0.0,0.0,,,,,,,
-0.0013257295358926058,mappo,1.0816234130572866e-08,-0.6479724049568176,0.0005123374458152718,1625.0,,,,,,,,,,,,,,0.0,,,,,0.017357338219881058,0.0
,mappo,,,,1625.0,0.0,0.0,0.0,0.0,0.0,0.0,0.0,0.0,0.0,0.0,0.0,0.0,0.0,,,,,,,
0.007081771269440651,mappo,2.661688114358185e-08,-0.6592078804969788,0.0005120373457819273,1626.0,,,,,,,,,,,,,,0.0,,,,,0.01742604933679104,0.0
,mappo,,,,1626.0,0.0,0.0,0.0,0.0,0.0,0.0,0.0,0.0,0.0,0.0,0.0,0.0,0.0,,,,,,,
4.569548764266074e-05,mappo,1.5687000143316254e-08,-0.6426416039466858,0.0005117372457485829,1627.0,,,,,,,,,,,,,,0.0,,,,,0.01727200672030449,0.0
,mappo,,,,1627.0,0.0,0.0,0.0,0.0,0.0,0.0,0.0,0.0,0.0,0.0,0.0,0.0,0.0,,,,,,,
0.0016474592266604304,mappo,1.0555124774214164e-08,-0.6086574196815491,0.0005114371457152385,1628.0,,,,,,,,,,,,,,0.0,,,,,0.01729332096874714,0.0
,mappo,,,,1628.0,0.0,0.0,0.0,0.0,0.0,0.0,0.0,0.0,0.0,0.0,0.0,0.0,0.0,,,,,,,
-0.005163686815649271,mappo,7.234876697737036e-09,-0.5681208372116089,0.000511137045681894,1629.0,,,,,,,,,,,,,,0.0,,,,,0.017286453396081924,0.0
,mappo,,,,1629.0,0.0,0.0,0.0,0.0,0.0,0.0,0.0,0.0,0.0,0.0,0.0,0.0,0.0,,,,,,,
-0.003927784506231546,mappo,8.463101330846712e-09,-0.5427715182304382,0.0005108369456485496,1630.0,,,,,,,,,,,,,,0.0,,,,,0.01732800528407097,0.0
,mappo,,,,1630.0,0.0,0.0,0.0,0.0,0.0,0.0,0.0,0.0,0.0,0.0,0.0,0.0,0.0,,,,,,,
0.0019035878358408809,mappo,1.2014513828262352e-08,-0.557625412940979,0.0005105368456152052,1631.0,,,,,,,,,,,,,,0.0,,,,,0.017399601638317108,0.0
,mappo,,,,1631.0,0.0,0.0,0.0,0.0,0.0,0.0,0.0,0.0,0.0,0.0,0.0,0.0,0.0,,,,,,,
0.02489243820309639,mappo,1.18745138166787e-08,-0.5395042896270752,0.0005102367455818606,1632.0,,,,,,,,,,,,,,0.0,,,,,0.017225056886672974,0.0
,mappo,,,,1632.0,0.0,0.0,0.0,0.0,0.0,0.0,0.0,0.0,0.0,0.0,0.0,0.0,0.0,,,,,,,
0.0010370118543505669,mappo,6.314310407873336e-09,-0.549451470375061,0.0005099366455485162,1633.0,,,,,,,,,,,,,,0.0,,,,,0.017338935285806656,0.0
,mappo,,,,1633.0,0.0,0.0,0.0,0.0,0.0,0.0,0.0,0.0,0.0,0.0,0.0,0.0,0.0,,,,,,,
-0.005438377149403095,mappo,5.476139097737587e-09,-0.5484828948974609,0.0005096365455151717,1634.0,,,,,,,,,,,,,,0.0,,,,,0.01731887087225914,0.0
,mappo,,,,1634.0,0.0,0.0,0.0,0.0,0.0,0.0,0.0,0.0,0.0,0.0,0.0,0.0,0.0,,,,,,,
0.006568020675331354,mappo,6.126790186300468e-09,-0.5555782318115234,0.0005093364454818273,1635.0,,,,,,,,,,,,,,0.0,,,,,0.01728805899620056,0.0
,mappo,,,,1635.0,0.0,0.0,0.0,0.0,0.0,0.0,0.0,0.0,0.0,0.0,0.0,0.0,0.0,,,,,,,
-1.2779986718669534e-05,mappo,7.25263493706052e-09,-0.579831063747406,0.0005090363454484829,1636.0,,,,,,,,,,,,,,0.0,,,,,0.01726371794939041,0.0
,mappo,,,,1636.0,0.0,0.0,0.0,0.0,0.0,0.0,0.0,0.0,0.0,0.0,0.0,0.0,0.0,,,,,,,
0.003914299886673689,mappo,1.105438141024706e-08,-0.5832846164703369,0.0005087362454151384,1637.0,,,,,,,,,,,,,,0.0,,,,,0.017125047743320465,0.0
,mappo,,,,1637.0,0.0,0.0,0.0,0.0,0.0,0.0,0.0,0.0,0.0,0.0,0.0,0.0,0.0,,,,,,,
-0.0014638093998655677,mappo,1.681392802765913e-08,-0.6080611348152161,0.000508436145381794,1638.0,,,,,,,,,,,,,,0.0,,,,,0.01714683324098587,0.0
,mappo,,,,1638.0,0.0,0.0,0.0,0.0,0.0,0.0,0.0,0.0,0.0,0.0,0.0,0.0,0.0,,,,,,,
0.008026178926229477,mappo,9.819806301436529e-09,-0.6175361275672913,0.0005081360453484496,1639.0,,,,,,,,,,,,,,0.0,,,,,0.017163775861263275,0.0
,mappo,,,,1639.0,0.0,0.0,0.0,0.0,0.0,0.0,0.0,0.0,0.0,0.0,0.0,0.0,0.0,,,,,,,
0.03262756019830704,mappo,4.42071135253741e-09,-0.6198320984840393,0.000507835945315105,1640.0,,,,,,,,,,,,,,0.0,,,,,0.017161790281534195,0.0
,mappo,,,,1640.0,0.0,0.0,0.0,0.0,0.0,0.0,0.0,0.0,0.0,0.0,0.0,0.0,0.0,,,,,,,
0.0024999273009598255,mappo,1.0695096364088386e-08,-0.6372647881507874,0.0005075358452817606,1641.0,,,,,,,,,,,,,,0.0,,,,,0.017046485096216202,0.0
,mappo,,,,1641.0,0.0,0.0,0.0,0.0,0.0,0.0,0.0,0.0,0.0,0.0,0.0,0.0,0.0,,,,,,,
0.005686206743121147,mappo,1.235172497615622e-08,-0.6249516606330872,0.0005072357452484161,1642.0,,,,,,,,,,,,,,0.0,,,,,0.017021460458636284,0.0
,mappo,,,,1642.0,0.0,0.0,0.0,0.0,0.0,0.0,0.0,0.0,0.0,0.0,0.0,0.0,0.0,,,,,,,
0.0005875922506675124,mappo,1.180888009599812e-08,-0.6317470073699951,0.0005069356452150717,1643.0,,,,,,,,,,,,,,0.0,,,,,0.017023447901010513,0.0
,mappo,,,,1643.0,0.0,0.0,0.0,0.0,0.0,0.0,0.0,0.0,0.0,0.0,0.0,0.0,0.0,,,,,,,
-0.0016541143413633108,mappo,2.260415854493658e-09,-0.6146907806396484,0.0005066355451817273,1644.0,,,,,,,,,,,,,,0.0,,,,,0.017070073634386063,0.0
,mappo,,,,1644.0,0.0,0.0,0.0,0.0,0.0,0.0,0.0,0.0,0.0,0.0,0.0,0.0,0.0,,,,,,,
0.004617081023752689,mappo,3.837904660741742e-09,-0.6043217182159424,0.0005063354451483828,1645.0,,,,,,,,,,,,,,0.0,,,,,0.01709137298166752,0.0
,mappo,,,,1645.0,0.0,0.0,0.0,0.0,0.0,0.0,0.0,0.0,0.0,0.0,0.0,0.0,0.0,,,,,,,
0.000194570078747347,mappo,1.4235845835486316e-09,-0.581706702709198,0.0005060353451150384,1646.0,,,,,,,,,,,,,,0.0,,,,,0.017181698232889175,0.0
,mappo,,,,1646.0,0.0,0.0,0.0,0.0,0.0,0.0,0.0,0.0,0.0,0.0,0.0,0.0,0.0,,,,,,,
-0.0006685038097202778,mappo,4.030451972170113e-09,-0.56606525182724,0.000505735245081694,1647.0,,,,,,,,,,,,,,0.0,,,,,0.017037425190210342,0.0
,mappo,,,,1647.0,0.0,0.0,0.0,0.0,0.0,0.0,0.0,0.0,0.0,0.0,0.0,0.0,0.0,,,,,,,
-0.006176813039928675,mappo,2.0713109005754404e-09,-0.5821309089660645,0.0005054351450483495,1648.0,,,,,,,,,,,,,,0.0,,,,,0.017126798629760742,0.0
,mappo,,,,1648.0,0.0,0.0,0.0,0.0,0.0,0.0,0.0,0.0,0.0,0.0,0.0,0.0,0.0,,,,,,,
-0.0011524813016876578,mappo,3.978144480498713e-09,-0.5880220532417297,0.000505135045015005,1649.0,,,,,,,,,,,,,,0.0,,,,,0.017077969387173653,0.0
,mappo,,,,1649.0,0.0,0.0,0.0,0.0,0.0,0.0,0.0,0.0,0.0,0.0,0.0,0.0,0.0,,,,,,,
-0.0030503198504447937,mappo,6.041714684101862e-09,-0.631438672542572,0.0005048349449816606,1650.0,,,,,,,,,,,,,,0.0,,,,,0.0171798225492239,0.0
,mappo,,,,1650.0,0.0,0.0,0.0,0.0,0.0,0.0,0.0,0.0,0.0,0.0,0.0,0.0,0.0,,,,,,,
0.004471474792808294,mappo,4.960459154546015e-09,-0.6268892288208008,0.0005045348449483161,1651.0,,,,,,,,,,,,,,0.0,,,,,0.01694776490330696,0.0
,mappo,,,,1651.0,0.0,0.0,0.0,0.0,0.0,0.0,0.0,0.0,0.0,0.0,0.0,0.0,0.0,,,,,,,
0.006508621387183666,mappo,5.447168938133018e-09,-0.5827330946922302,0.0005042347449149717,1652.0,,,,,,,,,,,,,,0.0,,,,,0.016949299722909927,0.0
,mappo,,,,1652.0,0.0,0.0,0.0,0.0,0.0,0.0,0.0,0.0,0.0,0.0,0.0,0.0,0.0,,,,,,,
-0.0012491203378885984,mappo,1.5783843565486677e-08,-0.54730623960495,0.0005039346448816272,1653.0,,,,,,,,,,,,,,0.0,,,,,0.016845490783452988,0.0
,mappo,,,,1653.0,0.0,0.0,0.0,0.0,0.0,0.0,0.0,0.0,0.0,0.0,0.0,0.0,0.0,,,,,,,
0.001999520231038332,mappo,1.1908610098032568e-08,-0.5097237825393677,0.0005036345448482828,1654.0,,,,,,,,,,,,,,0.0,,,,,0.016889484599232674,0.0
,mappo,,,,1654.0,0.0,0.0,0.0,0.0,0.0,0.0,0.0,0.0,0.0,0.0,0.0,0.0,0.0,,,,,,,
0.0029618837870657444,mappo,5.726271901096425e-09,-0.5143013596534729,0.0005033344448149384,1655.0,,,,,,,,,,,,,,0.0,,,,,0.016927966848015785,0.0
,mappo,,,,1655.0,0.0,0.0,0.0,0.0,0.0,0.0,0.0,0.0,0.0,0.0,0.0,0.0,0.0,,,,,,,
-0.002585205715149641,mappo,2.416934430371498e-09,-0.4882846474647522,0.0005030343447815939,1656.0,,,,,,,,,,,,,,0.0,,,,,0.016858166083693504,0.0
,mappo,,,,1656.0,0.0,0.0,0.0,0.0,0.0,0.0,0.0,0.0,0.0,0.0,0.0,0.0,0.0,,,,,,,
0.015469304285943508,mappo,4.029970135377425e-09,-0.46472349762916565,0.0005027342447482494,1657.0,,,,,,,,,,,,,,0.0,,,,,0.01689288020133972,0.0
,mappo,,,,1657.0,0.0,0.0,0.0,0.0,0.0,0.0,0.0,0.0,0.0,0.0,0.0,0.0,0.0,,,,,,,
-0.0011952893109992146,mappo,7.34303151617155e-09,-0.4520817995071411,0.000502434144714905,1658.0,,,,,,,,,,,,,,0.0,,,,,0.016707230359315872,0.0
,mappo,,,,1658.0,0.0,0.0,0.0,0.0,0.0,0.0,0.0,0.0,0.0,0.0,0.0,0.0,0.0,,,,,,,
0.0177060104906559,mappo,3.799966563633461e-09,-0.441964715719223,0.0005021340446815605,1659.0,,,,,,,,,,,,,,0.0,,,,,0.01683623343706131,0.0
,mappo,,,,1659.0,0.0,0.0,0.0,0.0,0.0,0.0,0.0,0.0,0.0,0.0,0.0,0.0,0.0,,,,,,,
-0.00361234019510448,mappo,8.658952665996367e-09,-0.45123860239982605,0.0005018339446482161,1660.0,,,,,,,,,,,,,,0.0,,,,,0.016672825440764427,0.0
,mappo,,,,1660.0,0.0,0.0,0.0,0.0,0.0,0.0,0.0,0.0,0.0,0.0,0.0,0.0,0.0,,,,,,,
-0.009627176448702812,mappo,5.62537660897533e-09,-0.43384960293769836,0.0005015338446148717,1661.0,,,,,,,,,,,,,,0.0,,,,,0.016666483134031296,0.0
,mappo,,,,1661.0,0.0,0.0,0.0,0.0,0.0,0.0,0.0,0.0,0.0,0.0,0.0,0.0,0.0,,,,,,,
-0.0021684246603399515,mappo,6.410817210422692e-09,-0.46191105246543884,0.0005012337445815272,1662.0,,,,,,,,,,,,,,0.0,,,,,0.016656305640935898,0.0
,mappo,,,,1662.0,0.0,0.0,0.0,0.0,0.0,0.0,0.0,0.0,0.0,0.0,0.0,0.0,0.0,,,,,,,
-0.004701011814177036,mappo,7.757305908739909e-09,-0.4645023047924042,0.0005009336445481828,1663.0,,,,,,,,,,,,,,0.0,,,,,0.016630612313747406,0.0
,mappo,,,,1663.0,0.0,0.0,0.0,0.0,0.0,0.0,0.0,0.0,0.0,0.0,0.0,0.0,0.0,,,,,,,
-0.005757742561399937,mappo,1.2224943723992965e-08,-0.4555639624595642,0.0005006335445148383,1664.0,,,,,,,,,,,,,,0.0,,,,,0.016581429168581963,0.0
,mappo,,,,1664.0,0.0,0.0,0.0,0.0,0.0,0.0,0.0,0.0,0.0,0.0,0.0,0.0,0.0,,,,,,,
-0.0069066062569618225,mappo,4.066194936314105e-09,-0.4670717418193817,0.0005003334444814939,1665.0,,,,,,,,,,,,,,0.0,,,,,0.01664593257009983,0.0
,mappo,,,,1665.0,0.0,0.0,0.0,0.0,0.0,0.0,0.0,0.0,0.0,0.0,0.0,0.0,0.0,,,,,,,
-0.0027953265234827995,mappo,7.411562918946402e-09,-0.4927563965320587,0.0005000333444481495,1666.0,,,,,,,,,,,,,,0.0,,,,,0.0166925098747015,0.0
,mappo,,,,1666.0,0.0,0.0,0.0,0.0,0.0,0.0,0.0,0.0,0.0,0.0,0.0,0.0,0.0,,,,,,,
0.0017316972371190786,mappo,9.271552414702455e-09,-0.5138475298881531,0.0004997332444148049,1667.0,,,,,,,,,,,,,,0.0,,,,,0.0166366808116436,0.0
,mappo,,,,1667.0,0.0,0.0,0.0,0.0,0.0,0.0,0.0,0.0,0.0,0.0,0.0,0.0,0.0,,,,,,,
-0.002752735046669841,mappo,1.0077091161520002e-08,-0.5452771782875061,0.0004994331443814604,1668.0,,,,,,,,,,,,,,0.0,,,,,0.016642171889543533,0.0
,mappo,,,,1668.0,0.0,0.0,0.0,0.0,0.0,0.0,0.0,0.0,0.0,0.0,0.0,0.0,0.0,,,,,,,
-0.0013348362408578396,mappo,1.5383854190531565e-08,-0.5404614806175232,0.0004991330443481161,1669.0,,,,,,,,,,,,,,0.0,,,,,0.016556989401578903,0.0
,mappo,,,,1669.0,0.0,0.0,0.0,0.0,0.0,0.0,0.0,0.0,0.0,0.0,0.0,0.0,0.0,,,,,,,
-0.0016041849739849567,mappo,3.2711660935547116e-08,-0.5580673813819885,0.0004988329443147716,1670.0,,,,,,,,,,,,,,0.0,,,,,0.016642846167087555,0.0
,mappo,,,,1670.0,0.0,0.0,0.0,0.0,0.0,0.0,0.0,0.0,0.0,0.0,0.0,0.0,0.0,,,,,,,
-0.003177475417032838,mappo,4.825136201702662e-08,-0.5428773760795593,0.0004985328442814272,1671.0,,,,,,,,,,,,,,0.0,,,,,0.016615718603134155,0.0
,mappo,,,,1671.0,0.0,0.0,0.0,0.0,0.0,0.0,0.0,0.0,0.0,0.0,0.0,0.0,0.0,,,,,,,
-0.008819070644676685,mappo,3.76763971132732e-08,-0.538677990436554,0.0004982327442480827,1672.0,,,,,,,,,,,,,,0.0,,,,,0.01658160611987114,0.0
,mappo,,,,1672.0,0.0,0.0,0.0,0.0,0.0,0.0,0.0,0.0,0.0,0.0,0.0,0.0,0.0,,,,,,,
-0.0038469750434160233,mappo,2.763675333028459e-08,-0.5455144047737122,0.0004979326442147383,1673.0,,,,,,,,,,,,,,0.0,,,,,0.01661924459040165,0.0
,mappo,,,,1673.0,0.0,0.0,0.0,0.0,0.0,0.0,0.0,0.0,0.0,0.0,0.0,0.0,0.0,,,,,,,
0.007644842378795147,mappo,4.035953793390945e-08,-0.6102997064590454,0.0004976325441813939,1674.0,,,,,,,,,,,,,,0.0,,,,,0.01669859141111374,0.0
,mappo,,,,1674.0,0.0,0.0,0.0,0.0,0.0,0.0,0.0,0.0,0.0,0.0,0.0,0.0,0.0,,,,,,,
-0.005147501360625029,mappo,5.303907002485175e-08,-0.6158946752548218,0.0004973324441480494,1675.0,,,,,,,,,,,,,,0.0,,,,,0.016604097560048103,0.0
,mappo,,,,1675.0,0.0,0.0,0.0,0.0,0.0,0.0,0.0,0.0,0.0,0.0,0.0,0.0,0.0,,,,,,,
0.0066528343595564365,mappo,5.507255451675519e-08,-0.6599667072296143,0.000497032344114705,1676.0,,,,,,,,,,,,,,0.0,,,,,0.01659410074353218,0.0
,mappo,,,,1676.0,0.0,0.0,0.0,0.0,0.0,0.0,0.0,0.0,0.0,0.0,0.0,0.0,0.0,,,,,,,
0.001449773320928216,mappo,5.756159637826386e-08,-0.6508336067199707,0.0004967322440813605,1677.0,,,,,,,,,,,,,,0.0,,,,,0.016576770693063736,0.0
,mappo,,,,1677.0,0.0,0.0,0.0,0.0,0.0,0.0,0.0,0.0,0.0,0.0,0.0,0.0,0.0,,,,,,,
0.0029649974312633276,mappo,2.289901424035179e-08,-0.6593628525733948,0.000496432144048016,1678.0,,,,,,,,,,,,,,0.0,,,,,0.016608770936727524,0.0
,mappo,,,,1678.0,0.0,0.0,0.0,0.0,0.0,0.0,0.0,0.0,0.0,0.0,0.0,0.0,0.0,,,,,,,
0.003115876577794552,mappo,1.9983668053669135e-08,-0.641707181930542,0.0004961320440146716,1679.0,,,,,,,,,,,,,,0.0,,,,,0.016592811793088913,0.0
,mappo,,,,1679.0,0.0,0.0,0.0,0.0,0.0,0.0,0.0,0.0,0.0,0.0,0.0,0.0,0.0,,,,,,,
0.002562381327152252,mappo,6.082349290892353e-09,-0.6341615319252014,0.0004958319439813272,1680.0,,,,,,,,,,,,,,0.0,,,,,0.016643600538372993,0.0
,mappo,,,,1680.0,0.0,0.0,0.0,0.0,0.0,0.0,0.0,0.0,0.0,0.0,0.0,0.0,0.0,,,,,,,
-0.00015770530444569886,mappo,6.493316551114958e-09,-0.6039008498191833,0.0004955318439479827,1681.0,,,,,,,,,,,,,,0.0,,,,,0.016571005806326866,0.0
,mappo,,,,1681.0,0.0,0.0,0.0,0.0,0.0,0.0,0.0,0.0,0.0,0.0,0.0,0.0,0.0,,,,,,,
0.002019790932536125,mappo,6.477448355468596e-09,-0.5876331925392151,0.0004952317439146383,1682.0,,,,,,,,,,,,,,0.0,,,,,0.01663106307387352,0.0
,mappo,,,,1682.0,0.0,0.0,0.0,0.0,0.0,0.0,0.0,0.0,0.0,0.0,0.0,0.0,0.0,,,,,,,
-0.0032195502426475286,mappo,1.468511268143402e-08,-0.5899680256843567,0.0004949316438812938,1683.0,,,,,,,,,,,,,,0.0,,,,,0.016639811918139458,0.0
,mappo,,,,1683.0,0.0,0.0,0.0,0.0,0.0,0.0,0.0,0.0,0.0,0.0,0.0,0.0,0.0,,,,,,,
-0.007697777356952429,mappo,1.4408490400796836e-08,-0.627275824546814,0.0004946315438479494,1684.0,,,,,,,,,,,,,,0.0,,,,,0.01673300936818123,0.0
,mappo,,,,1684.0,0.0,0.0,0.0,0.0,0.0,0.0,0.0,0.0,0.0,0.0,0.0,0.0,0.0,,,,,,,
-0.00199652137234807,mappo,3.3638865915008864e-08,-0.6047458648681641,0.000494331443814605,1685.0,,,,,,,,,,,,,,0.0,,,,,0.01662280783057213,0.0
,mappo,,,,1685.0,0.0,0.0,0.0,0.0,0.0,0.0,0.0,0.0,0.0,0.0,0.0,0.0,0.0,,,,,,,
0.002974242903292179,mappo,4.9646907029909926e-08,-0.5946537256240845,0.0004940313437812604,1686.0,,,,,,,,,,,,,,0.0,,,,,0.016632292419672012,0.0
,mappo,,,,1686.0,0.0,0.0,0.0,0.0,0.0,0.0,0.0,0.0,0.0,0.0,0.0,0.0,0.0,,,,,,,
0.0033529545180499554,mappo,1.1192491200517907e-07,-0.6038640141487122,0.0004937312437479159,1687.0,,,,,,,,,,,,,,0.0,,,,,0.01659407466650009,0.0
,mappo,,,,1687.0,0.0,0.0,0.0,0.0,0.0,0.0,0.0,0.0,0.0,0.0,0.0,0.0,0.0,,,,,,,
0.010370250791311264,mappo,2.181931222366984e-07,-0.6387574672698975,0.0004934311437145716,1688.0,,,,,,,,,,,,,,0.0,,,,,0.016560696065425873,0.0
,mappo,,,,1688.0,0.0,0.0,0.0,0.0,0.0,0.0,0.0,0.0,0.0,0.0,0.0,0.0,0.0,,,,,,,
0.002160562202334404,mappo,2.9955381819490867e-07,-0.637271523475647,0.0004931310436812271,1689.0,,,,,,,,,,,,,,0.0,,,,,0.016579557210206985,0.0
,mappo,,,,1689.0,0.0,0.0,0.0,0.0,0.0,0.0,0.0,0.0,0.0,0.0,0.0,0.0,0.0,,,,,,,
-0.007762223947793245,mappo,3.18402129551032e-07,-0.6761651039123535,0.0004928309436478827,1690.0,,,,,,,,,,,,,,0.0,,,,,0.01656780019402504,0.0
,mappo,,,,1690.0,0.0,0.0,0.0,0.0,0.0,0.0,0.0,0.0,0.0,0.0,0.0,0.0,0.0,,,,,,,
-0.00433379365131259,mappo,4.2499254959693644e-07,-0.6996231079101562,0.0004925308436145383,1691.0,,,,,,,,,,,,,,0.0,,,,,0.01666150987148285,0.0
,mappo,,,,1691.0,0.0,0.0,0.0,0.0,0.0,0.0,0.0,0.0,0.0,0.0,0.0,0.0,0.0,,,,,,,
-0.0049003902822732925,mappo,5.530489488592139e-07,-0.7023590207099915,0.0004922307435811938,1692.0,,,,,,,,,,,,,,0.0,,,,,0.01649443991482258,0.0
,mappo,,,,1692.0,0.0,0.0,0.0,0.0,0.0,0.0,0.0,0.0,0.0,0.0,0.0,0.0,0.0,,,,,,,
0.0008244012715294957,mappo,8.619544473731366e-07,-0.6690148115158081,0.0004919306435478494,1693.0,,,,,,,,,,,,,,0.0,,,,,0.016636572778224945,0.0
,mappo,,,,1693.0,0.0,0.0,0.0,0.0,0.0,0.0,0.0,0.0,0.0,0.0,0.0,0.0,0.0,,,,,,,
0.0012261404190212488,mappo,9.727152701088926e-07,-0.6630507111549377,0.0004916305435145048,1694.0,,,,,,,,,,,,,,0.0,,,,,0.016620399430394173,0.0
,mappo,,,,1694.0,0.0,0.0,0.0,0.0,0.0,0.0,0.0,0.0,0.0,0.0,0.0,0.0,0.0,,,,,,,
-0.00027709754067473114,mappo,1.1499724905661424e-06,-0.6580045223236084,0.0004913304434811604,1695.0,,,,,,,,,,,,,,0.0,,,,,0.016496390104293823,0.0
,mappo,,,,1695.0,0.0,0.0,0.0,0.0,0.0,0.0,0.0,0.0,0.0,0.0,0.0,0.0,0.0,,,,,,,
0.014076539315283298,mappo,1.2075699942215579e-06,-0.6490628719329834,0.000491030343447816,1696.0,,,,,,,,,,,,,,0.0,,,,,0.016554996371269226,0.0
,mappo,,,,1696.0,0.0,0.0,0.0,0.0,0.0,0.0,0.0,0.0,0.0,0.0,0.0,0.0,0.0,,,,,,,
-0.0014155079843476415,mappo,1.2879280575361918e-06,-0.6475088000297546,0.0004907302434144715,1697.0,,,,,,,,,,,,,,0.0,,,,,0.016501715406775475,0.0
,mappo,,,,1697.0,0.0,0.0,0.0,0.0,0.0,0.0,0.0,0.0,0.0,0.0,0.0,0.0,0.0,,,,,,,
0.008263534866273403,mappo,1.114791416512162e-06,-0.6101456880569458,0.000490430143381127,1698.0,,,,,,,,,,,,,,0.0,,,,,0.01644965074956417,0.0
,mappo,,,,1698.0,0.0,0.0,0.0,0.0,0.0,0.0,0.0,0.0,0.0,0.0,0.0,0.0,0.0,,,,,,,
0.004240151960402727,mappo,8.127676665026229e-07,-0.6460627913475037,0.0004901300433477827,1699.0,,,,,,,,,,,,,,0.0,,,,,0.01647765189409256,0.0
,mappo,,,,1699.0,0.0,0.0,0.0,0.0,0.0,0.0,0.0,0.0,0.0,0.0,0.0,0.0,0.0,,,,,,,
,mappo,,,,1699.0,,,,,,,,,,,,,,,0.0,0.0,0.0,0.0,,
-0.004138048738241196,mappo,7.087772928571212e-07,-0.6262136101722717,0.0004898299433144382,1700.0,,,,,,,,,,,,,,0.0,,,,,0.016559313982725143,0.0
,mappo,,,,1700.0,0.0,0.0,0.0,0.0,0.0,0.0,0.0,0.0,0.0,0.0,0.0,0.0,0.0,,,,,,,
-0.004007128067314625,mappo,6.949240400899726e-07,-0.591553270816803,0.0004895298432810938,1701.0,,,,,,,,,,,,,,0.0,,,,,0.016477029770612717,0.0
,mappo,,,,1701.0,0.0,0.0,0.0,0.0,0.0,0.0,0.0,0.0,0.0,0.0,0.0,0.0,0.0,,,,,,,
0.0006525032222270966,mappo,6.508141154881741e-07,-0.5696114301681519,0.0004892297432477492,1702.0,,,,,,,,,,,,,,0.0,,,,,0.016456034034490585,0.0
,mappo,,,,1702.0,0.0,0.0,0.0,0.0,0.0,0.0,0.0,0.0,0.0,0.0,0.0,0.0,0.0,,,,,,,
-0.0046003335155546665,mappo,4.2647749864954676e-07,-0.5607014894485474,0.0004889296432144048,1703.0,,,,,,,,,,,,,,0.0,,,,,0.016434408724308014,0.0
,mappo,,,,1703.0,0.0,0.0,0.0,0.0,0.0,0.0,0.0,0.0,0.0,0.0,0.0,0.0,0.0,,,,,,,
-0.002037239260971546,mappo,2.2079751715864404e-07,-0.5953102111816406,0.0004886295431810604,1704.0,,,,,,,,,,,,,,0.0,,,,,0.01646958291530609,0.0
,mappo,,,,1704.0,0.0,0.0,0.0,0.0,0.0,0.0,0.0,0.0,0.0,0.0,0.0,0.0,0.0,,,,,,,
-0.007538781967014074,mappo,1.151046760128338e-07,-0.5962743163108826,0.0004883294431477159,1705.0,,,,,,,,,,,,,,0.0,,,,,0.01639598235487938,0.0
,mappo,,,,1705.0,0.0,0.0,0.0,0.0,0.0,0.0,0.0,0.0,0.0,0.0,0.0,0.0,0.0,,,,,,,
-0.005245924927294254,mappo,5.926236923414763e-08,-0.5955566167831421,0.0004880293431143715,1706.0,,,,,,,,,,,,,,0.0,,,,,0.016404379159212112,0.0
,mappo,,,,1706.0,0.0,0.0,0.0,0.0,0.0,0.0,0.0,0.0,0.0,0.0,0.0,0.0,0.0,,,,,,,
0.013272280804812908,mappo,2.9243480526019994e-08,-0.6264500617980957,0.0004877292430810271,1707.0,,,,,,,,,,,,,,0.0,,,,,0.01643304154276848,0.0
,mappo,,,,1707.0,0.0,0.0,0.0,0.0,0.0,0.0,0.0,0.0,0.0,0.0,0.0,0.0,0.0,,,,,,,
-0.0032488584984093904,mappo,2.5963831973285778e-08,-0.6184196472167969,0.0004874291430476826,1708.0,,,,,,,,,,,,,,0.0,,,,,0.0164035651832819,0.0
,mappo,,,,1708.0,0.0,0.0,0.0,0.0,0.0,0.0,0.0,0.0,0.0,0.0,0.0,0.0,0.0,,,,,,,
0.006072801072150469,mappo,7.226601894672058e-08,-0.6420261859893799,0.00048712904301433807,1709.0,,,,,,,,,,,,,,0.0,,,,,0.016362154856324196,0.0
,mappo,,,,1709.0,0.0,0.0,0.0,0.0,0.0,0.0,0.0,0.0,0.0,0.0,0.0,0.0,0.0,,,,,,,
-0.006502101663500071,mappo,1.1670142185948862e-07,-0.616499662399292,0.00048682894298099377,1710.0,,,,,,,,,,,,,,0.0,,,,,0.016361922025680542,0.0
,mappo,,,,1710.0,0.0,0.0,0.0,0.0,0.0,0.0,0.0,0.0,0.0,0.0,0.0,0.0,0.0,,,,,,,
-0.0008529886836186051,mappo,2.1361469748626405e-07,-0.6225399374961853,0.00048652884294764925,1711.0,,,,,,,,,,,,,,0.0,,,,,0.0163020770996809,0.0
,mappo,,,,1711.0,0.0,0.0,0.0,0.0,0.0,0.0,0.0,0.0,0.0,0.0,0.0,0.0,0.0,,,,,,,
-0.0007175944047048688,mappo,2.9474844609467254e-07,-0.6182748079299927,0.00048622874291430484,1712.0,,,,,,,,,,,,,,0.0,,,,,0.016322346404194832,0.0
,mappo,,,,1712.0,0.0,0.0,0.0,0.0,0.0,0.0,0.0,0.0,0.0,0.0,0.0,0.0,0.0,,,,,,,
0.0397544726729393,mappo,3.8824720149932546e-07,-0.6301377415657043,0.0004859286428809603,1713.0,,,,,,,,,,,,,,0.0,,,,,0.016285249963402748,0.0
,mappo,,,,1713.0,0.0,0.0,0.0,0.0,0.0,0.0,0.0,0.0,0.0,0.0,0.0,0.0,0.0,,,,,,,
-0.005146091338247061,mappo,4.3097330149066693e-07,-0.6458075046539307,0.0004856285428476159,1714.0,,,,,,,,,,,,,,0.0,,,,,0.016363348811864853,0.0
,mappo,,,,1714.0,0.0,0.0,0.0,0.0,0.0,0.0,0.0,0.0,0.0,0.0,0.0,0.0,0.0,,,,,,,
-0.004830014426261187,mappo,5.159021725376078e-07,-0.6380339860916138,0.0004853284428142715,1715.0,,,,,,,,,,,,,,0.0,,,,,0.01637432724237442,0.0
,mappo,,,,1715.0,0.0,0.0,0.0,0.0,0.0,0.0,0.0,0.0,0.0,0.0,0.0,0.0,0.0,,,,,,,
-0.003318290924653411,mappo,5.588064482253685e-07,-0.6008375287055969,0.000485028342780927,1716.0,,,,,,,,,,,,,,0.0,,,,,0.016326626762747765,0.0
,mappo,,,,1716.0,0.0,0.0,0.0,0.0,0.0,0.0,0.0,0.0,0.0,0.0,0.0,0.0,0.0,,,,,,,
-0.0005148700438439846,mappo,6.277217607930652e-07,-0.581712543964386,0.0004847282427475825,1717.0,,,,,,,,,,,,,,0.0,,,,,0.016303421929478645,0.0
,mappo,,,,1717.0,0.0,0.0,0.0,0.0,0.0,0.0,0.0,0.0,0.0,0.0,0.0,0.0,0.0,,,,,,,
-0.005874236114323139,mappo,6.519442763419647e-07,-0.5661413669586182,0.0004844281427142382,1718.0,,,,,,,,,,,,,,0.0,,,,,0.016327667981386185,0.0
,mappo,,,,1718.0,0.0,0.0,0.0,0.0,0.0,0.0,0.0,0.0,0.0,0.0,0.0,0.0,0.0,,,,,,,
-0.004855315200984478,mappo,6.28632108146121e-07,-0.5782906413078308,0.00048412804268089366,1719.0,,,,,,,,,,,,,,0.0,,,,,0.016378846019506454,0.0
,mappo,,,,1719.0,0.0,0.0,0.0,0.0,0.0,0.0,0.0,0.0,0.0,0.0,0.0,0.0,0.0,,,,,,,
-0.009794085286557674,mappo,5.665899038831412e-07,-0.5329394340515137,0.00048382794264754914,1720.0,,,,,,,,,,,,,,0.0,,,,,0.016360534355044365,0.0
,mappo,,,,1720.0,0.0,0.0,0.0,0.0,0.0,0.0,0.0,0.0,0.0,0.0,0.0,0.0,0.0,,,,,,,
-0.01038786955177784,mappo,6.632523650296207e-07,-0.5185940265655518,0.00048352784261420484,1721.0,,,,,,,,,,,,,,0.0,,,,,0.01634233631193638,0.0
,mappo,,,,1721.0,0.0,0.0,0.0,0.0,0.0,0.0,0.0,0.0,0.0,0.0,0.0,0.0,0.0,,,,,,,
0.002628754125908017,mappo,4.395526786993287e-07,-0.4900244176387787,0.00048322774258086033,1722.0,,,,,,,,,,,,,,0.0,,,,,0.01635981723666191,0.0
,mappo,,,,1722.0,0.0,0.0,0.0,0.0,0.0,0.0,0.0,0.0,0.0,0.0,0.0,0.0,0.0,,,,,,,
-0.0038959388621151447,mappo,4.663101833557448e-07,-0.4789237380027771,0.0004829276425475159,1723.0,,,,,,,,,,,,,,0.0,,,,,0.016396425664424896,0.0
,mappo,,,,1723.0,0.0,0.0,0.0,0.0,0.0,0.0,0.0,0.0,0.0,0.0,0.0,0.0,0.0,,,,,,,
-0.0031757375691086054,mappo,3.722651342741301e-07,-0.42558425664901733,0.0004826275425141714,1724.0,,,,,,,,,,,,,,0.0,,,,,0.016348853707313538,0.0
,mappo,,,,1724.0,0.0,0.0,0.0,0.0,0.0,0.0,0.0,0.0,0.0,0.0,0.0,0.0,0.0,,,,,,,
0.004755811300128698,mappo,2.849051270459313e-07,-0.4428403079509735,0.000482327442480827,1725.0,,,,,,,,,,,,,,0.0,,,,,0.016330216079950333,0.0
,mappo,,,,1725.0,0.0,0.0,0.0,0.0,0.0,0.0,0.0,0.0,0.0,0.0,0.0,0.0,0.0,,,,,,,
-0.0027939891442656517,mappo,2.3148940897499415e-07,-0.41523388028144836,0.0004820273424474826,1726.0,,,,,,,,,,,,,,0.0,,,,,0.016416333615779877,0.0
,mappo,,,,1726.0,0.0,0.0,0.0,0.0,0.0,0.0,0.0,0.0,0.0,0.0,0.0,0.0,0.0,,,,,,,
-0.006026731338351965,mappo,2.0860923655163788e-07,-0.39718571305274963,0.00048172724241413807,1727.0,,,,,,,,,,,,,,0.0,,,,,0.01637604460120201,0.0
,mappo,,,,1727.0,0.0,0.0,0.0,0.0,0.0,0.0,0.0,0.0,0.0,0.0,0.0,0.0,0.0,,,,,,,
0.0029505458660423756,mappo,1.6199400931782293e-07,-0.38486388325691223,0.00048142714238079355,1728.0,,,,,,,,,,,,,,0.0,,,,,0.016424257308244705,0.0
,mappo,,,,1728.0,0.0,0.0,0.0,0.0,0.0,0.0,0.0,0.0,0.0,0.0,0.0,0.0,0.0,,,,,,,
0.0006057369755581021,mappo,9.611987650259834e-08,-0.3826599717140198,0.00048112704234744925,1729.0,,,,,,,,,,,,,,0.0,,,,,0.016391746699810028,0.0
,mappo,,,,1729.0,0.0,0.0,0.0,0.0,0.0,0.0,0.0,0.0,0.0,0.0,0.0,0.0,0.0,,,,,,,
-0.004605961963534355,mappo,7.187549044829211e-08,-0.4023749530315399,0.00048082694231410474,1730.0,,,,,,,,,,,,,,0.0,,,,,0.016430774703621864,0.0
,mappo,,,,1730.0,0.0,0.0,0.0,0.0,0.0,0.0,0.0,0.0,0.0,0.0,0.0,0.0,0.0,,,,,,,
-0.00614215387031436,mappo,8.095604897562225e-08,-0.41056621074676514,0.0004805268422807602,1731.0,,,,,,,,,,,,,,0.0,,,,,0.016406595706939697,0.0
,mappo,,,,1731.0,0.0,0.0,0.0,0.0,0.0,0.0,0.0,0.0,0.0,0.0,0.0,0.0,0.0,,,,,,,
-0.0030392867047339678,mappo,8.31125888112183e-08,-0.4283883571624756,0.0004802267422474158,1732.0,,,,,,,,,,,,,,0.0,,,,,0.0163215771317482,0.0
,mappo,,,,1732.0,0.0,0.0,0.0,0.0,0.0,0.0,0.0,0.0,0.0,0.0,0.0,0.0,0.0,,,,,,,
-0.009804901666939259,mappo,8.302001219817612e-08,-0.43168720602989197,0.0004799266422140714,1733.0,,,,,,,,,,,,,,0.0,,,,,0.016389723867177963,0.0
,mappo,,,,1733.0,0.0,0.0,0.0,0.0,0.0,0.0,0.0,0.0,0.0,0.0,0.0,0.0,0.0,,,,,,,
-0.004722670651972294,mappo,7.73414541299644e-08,-0.464697003364563,0.000479626542180727,1734.0,,,,,,,,,,,,,,0.0,,,,,0.01644415780901909,0.0
,mappo,,,,1734.0,0.0,0.0,0.0,0.0,0.0,0.0,0.0,0.0,0.0,0.0,0.0,0.0,0.0,,,,,,,
0.0007074160384945571,mappo,1.0295523367176429e-07,-0.4140590727329254,0.0004793264421473825,1735.0,,,,,,,,,,,,,,0.0,,,,,0.016416914761066437,0.0
,mappo,,,,1735.0,0.0,0.0,0.0,0.0,0.0,0.0,0.0,0.0,0.0,0.0,0.0,0.0,0.0,,,,,,,
-0.00117946055252105,mappo,1.2928676085266488e-07,-0.3914705216884613,0.00047902634211403807,1736.0,,,,,,,,,,,,,,0.0,,,,,0.016362734138965607,0.0
,mappo,,,,1736.0,0.0,0.0,0.0,0.0,0.0,0.0,0.0,0.0,0.0,0.0,0.0,0.0,0.0,,,,,,,
-0.007055404130369425,mappo,1.3605443882624968e-07,-0.4033948481082916,0.00047872624208069366,1737.0,,,,,,,,,,,,,,0.0,,,,,0.01637401059269905,0.0
,mappo,,,,1737.0,0.0,0.0,0.0,0.0,0.0,0.0,0.0,0.0,0.0,0.0,0.0,0.0,0.0,,,,,,,
-0.0066341860219836235,mappo,1.198631309762277e-07,-0.4169008135795593,0.00047842614204734915,1738.0,,,,,,,,,,,,,,0.0,,,,,0.016349848359823227,0.0
,mappo,,,,1738.0,0.0,0.0,0.0,0.0,0.0,0.0,0.0,0.0,0.0,0.0,0.0,0.0,0.0,,,,,,,
-0.006225299555808306,mappo,9.112764587371203e-08,-0.4064547121524811,0.00047812604201400463,1739.0,,,,,,,,,,,,,,0.0,,,,,0.016385145485401154,0.0
,mappo,,,,1739.0,0.0,0.0,0.0,0.0,0.0,0.0,0.0,0.0,0.0,0.0,0.0,0.0,0.0,,,,,,,
-0.003767159068956971,mappo,1.2770108526183321e-07,-0.4411999583244324,0.00047782594198066033,1740.0,,,,,,,,,,,,,,0.0,,,,,0.01637154445052147,0.0
,mappo,,,,1740.0,0.0,0.0,0.0,0.0,0.0,0.0,0.0,0.0,0.0,0.0,0.0,0.0,0.0,,,,,,,
-0.006973218638449907,mappo,1.2512936109487782e-07,-0.4517501890659332,0.0004775258419473158,1741.0,,,,,,,,,,,,,,0.0,,,,,0.016376418992877007,0.0
,mappo,,,,1741.0,0.0,0.0,0.0,0.0,0.0,0.0,0.0,0.0,0.0,0.0,0.0,0.0,0.0,,,,,,,
0.0075346254743635654,mappo,5.888945864285233e-08,-0.4805169105529785,0.0004772257419139713,1742.0,,,,,,,,,,,,,,0.0,,,,,0.016344845294952393,0.0
,mappo,,,,1742.0,0.0,0.0,0.0,0.0,0.0,0.0,0.0,0.0,0.0,0.0,0.0,0.0,0.0,,,,,,,
-0.0023212970700114965,mappo,4.411689147332254e-08,-0.44541433453559875,0.0004769256418806269,1743.0,,,,,,,,,,,,,,0.0,,,,,0.016296084970235825,0.0
,mappo,,,,1743.0,0.0,0.0,0.0,0.0,0.0,0.0,0.0,0.0,0.0,0.0,0.0,0.0,0.0,,,,,,,
-0.005120340269058943,mappo,5.3128690780113175e-08,-0.49598634243011475,0.0004766255418472825,1744.0,,,,,,,,,,,,,,0.0,,,,,0.016415975987911224,0.0
,mappo,,,,1744.0,0.0,0.0,0.0,0.0,0.0,0.0,0.0,0.0,0.0,0.0,0.0,0.0,0.0,,,,,,,
-0.004751911386847496,mappo,4.6566427158722945e-08,-0.4712253212928772,0.00047632544181393807,1745.0,,,,,,,,,,,,,,0.0,,,,,0.01641036570072174,0.0
,mappo,,,,1745.0,0.0,0.0,0.0,0.0,0.0,0.0,0.0,0.0,0.0,0.0,0.0,0.0,0.0,,,,,,,
-0.003711494617164135,mappo,5.339827069406056e-08,-0.4682289659976959,0.00047602534178059356,1746.0,,,,,,,,,,,,,,0.0,,,,,0.016393989324569702,0.0
,mappo,,,,1746.0,0.0,0.0,0.0,0.0,0.0,0.0,0.0,0.0,0.0,0.0,0.0,0.0,0.0,,,,,,,
-0.0005530474008992314,mappo,7.051995964957314e-08,-0.4808368384838104,0.00047572524174724904,1747.0,,,,,,,,,,,,,,0.0,,,,,0.01645664870738983,0.0
,mappo,,,,1747.0,0.0,0.0,0.0,0.0,0.0,0.0,0.0,0.0,0.0,0.0,0.0,0.0,0.0,,,,,,,
-0.001491669798269868,mappo,5.014109660805843e-08,-0.47424280643463135,0.00047542514171390474,1748.0,,,,,,,,,,,,,,0.0,,,,,0.016419466584920883,0.0
,mappo,,,,1748.0,0.0,0.0,0.0,0.0,0.0,0.0,0.0,0.0,0.0,0.0,0.0,0.0,0.0,,,,,,,
-0.0061822934076189995,mappo,4.27786162049415e-08,-0.45786911249160767,0.0004751250416805602,1749.0,,,,,,,,,,,,,,0.0,,,,,0.01640544831752777,0.0
,mappo,,,,1749.0,0.0,0.0,0.0,0.0,0.0,0.0,0.0,0.0,0.0,0.0,0.0,0.0,0.0,,,,,,,
-0.009423448704183102,mappo,3.819088689738237e-08,-0.3856358230113983,0.0004748249416472157,1750.0,,,,,,,,,,,,,,0.0,,,,,0.0164039209485054,0.0
,mappo,,,,1750.0,0.0,0.0,0.0,0.0,0.0,0.0,0.0,0.0,0.0,0.0,0.0,0.0,0.0,,,,,,,
-0.004908300004899502,mappo,2.7570306926349986e-08,-0.33447855710983276,0.0004745248416138714,1751.0,,,,,,,,,,,,,,0.0,,,,,0.016391530632972717,0.0
,mappo,,,,1751.0,0.0,0.0,0.0,0.0,0.0,0.0,0.0,0.0,0.0,0.0,0.0,0.0,0.0,,,,,,,
0.007330512162297964,mappo,4.7484562060162716e-08,-0.283783495426178,0.0004742247415805269,1752.0,,,,,,,,,,,,,,0.0,,,,,0.0164162740111351,0.0
,mappo,,,,1752.0,0.0,0.0,0.0,0.0,0.0,0.0,0.0,0.0,0.0,0.0,0.0,0.0,0.0,,,,,,,
-0.0018353741616010666,mappo,2.420675393466354e-08,-0.25310736894607544,0.0004739246415471824,1753.0,,,,,,,,,,,,,,0.0,,,,,0.01636212319135666,0.0
,mappo,,,,1753.0,0.0,0.0,0.0,0.0,0.0,0.0,0.0,0.0,0.0,0.0,0.0,0.0,0.0,,,,,,,
-0.0028509784024208784,mappo,4.399103659125103e-08,-0.21663106977939606,0.00047362454151383797,1754.0,,,,,,,,,,,,,,0.0,,,,,0.016299676150083542,0.0
,mappo,,,,1754.0,0.0,0.0,0.0,0.0,0.0,0.0,0.0,0.0,0.0,0.0,0.0,0.0,0.0,,,,,,,
-0.0004287486372049898,mappo,6.552187414854416e-08,-0.2263161987066269,0.00047332444148049356,1755.0,,,,,,,,,,,,,,0.0,,,,,0.016416098922491074,0.0
,mappo,,,,1755.0,0.0,0.0,0.0,0.0,0.0,0.0,0.0,0.0,0.0,0.0,0.0,0.0,0.0,,,,,,,
0.003389935242012143,mappo,7.259669843051597e-08,-0.23478037118911743,0.00047302434144714915,1756.0,,,,,,,,,,,,,,0.0,,,,,0.01629021018743515,0.0
,mappo,,,,1756.0,0.0,0.0,0.0,0.0,0.0,0.0,0.0,0.0,0.0,0.0,0.0,0.0,0.0,,,,,,,
0.0013363470789045095,mappo,3.5803690678903877e-08,-0.20829947292804718,0.00047272424141380463,1757.0,,,,,,,,,,,,,,0.0,,,,,0.01632697880268097,0.0
,mappo,,,,1757.0,0.0,0.0,0.0,0.0,0.0,0.0,0.0,0.0,0.0,0.0,0.0,0.0,0.0,,,,,,,
-0.002988032530993223,mappo,1.3248666164145106e-08,-0.1838633418083191,0.0004724241413804601,1758.0,,,,,,,,,,,,,,0.0,,,,,0.016311094164848328,0.0
,mappo,,,,1758.0,0.0,0.0,0.0,0.0,0.0,0.0,0.0,0.0,0.0,0.0,0.0,0.0,0.0,,,,,,,
-0.002109075663611293,mappo,3.4667863246795605e-08,-0.21093957126140594,0.0004721240413471158,1759.0,,,,,,,,,,,,,,0.0,,,,,0.016368063166737556,0.0
,mappo,,,,1759.0,0.0,0.0,0.0,0.0,0.0,0.0,0.0,0.0,0.0,0.0,0.0,0.0,0.0,,,,,,,
-0.007627585437148809,mappo,1.3408305576945168e-08,-0.1937033087015152,0.0004718239413137713,1760.0,,,,,,,,,,,,,,0.0,,,,,0.016298051923513412,0.0
,mappo,,,,1760.0,0.0,0.0,0.0,0.0,0.0,0.0,0.0,0.0,0.0,0.0,0.0,0.0,0.0,,,,,,,
0.000705509795807302,mappo,5.0256275585525145e-08,-0.24054835736751556,0.0004715238412804268,1761.0,,,,,,,,,,,,,,0.0,,,,,0.016342466697096825,0.0
,mappo,,,,1761.0,0.0,0.0,0.0,0.0,0.0,0.0,0.0,0.0,0.0,0.0,0.0,0.0,0.0,,,,,,,
-0.007410155609250069,mappo,4.5705249362981704e-08,-0.20204441249370575,0.0004712237412470824,1762.0,,,,,,,,,,,,,,0.0,,,,,0.016290679574012756,0.0
,mappo,,,,1762.0,0.0,0.0,0.0,0.0,0.0,0.0,0.0,0.0,0.0,0.0,0.0,0.0,0.0,,,,,,,
0.004652346484363079,mappo,3.5484443827726864e-08,-0.24343256652355194,0.00047092364121373797,1763.0,,,,,,,,,,,,,,0.0,,,,,0.01638546958565712,0.0
,mappo,,,,1763.0,0.0,0.0,0.0,0.0,0.0,0.0,0.0,0.0,0.0,0.0,0.0,0.0,0.0,,,,,,,
-0.00028312200447544456,mappo,2.7617689468684148e-08,-0.23400266468524933,0.00047062354118039345,1764.0,,,,,,,,,,,,,,0.0,,,,,0.01628294587135315,0.0
,mappo,,,,1764.0,0.0,0.0,0.0,0.0,0.0,0.0,0.0,0.0,0.0,0.0,0.0,0.0,0.0,,,,,,,
-0.005424723960459232,mappo,2.2628821483294814e-08,-0.2594025433063507,0.00047032344114704904,1765.0,,,,,,,,,,,,,,0.0,,,,,0.01632528007030487,0.0
,mappo,,,,1765.0,0.0,0.0,0.0,0.0,0.0,0.0,0.0,0.0,0.0,0.0,0.0,0.0,0.0,,,,,,,
0.0070331585593521595,mappo,1.9444435395143955e-08,-0.235396146774292,0.00047002334111370463,1766.0,,,,,,,,,,,,,,0.0,,,,,0.016316939145326614,0.0
,mappo,,,,1766.0,0.0,0.0,0.0,0.0,0.0,0.0,0.0,0.0,0.0,0.0,0.0,0.0,0.0,,,,,,,
-0.008650406263768673,mappo,4.533663755523776e-08,-0.21776285767555237,0.0004697232410803602,1767.0,,,,,,,,,,,,,,0.0,,,,,0.0162458848208189,0.0
,mappo,,,,1767.0,0.0,0.0,0.0,0.0,0.0,0.0,0.0,0.0,0.0,0.0,0.0,0.0,0.0,,,,,,,
-0.003625345416367054,mappo,2.074126115303443e-08,-0.21303845942020416,0.0004694231410470157,1768.0,,,,,,,,,,,,,,0.0,,,,,0.01629076898097992,0.0
,mappo,,,,1768.0,0.0,0.0,0.0,0.0,0.0,0.0,0.0,0.0,0.0,0.0,0.0,0.0,0.0,,,,,,,
-0.0032817688770592213,mappo,4.04182678437337e-08,-0.2046559453010559,0.0004691230410136712,1769.0,,,,,,,,,,,,,,0.0,,,,,0.016305025666952133,0.0
,mappo,,,,1769.0,0.0,0.0,0.0,0.0,0.0,0.0,0.0,0.0,0.0,0.0,0.0,0.0,0.0,,,,,,,
-0.0057756295427680016,mappo,1.0908021152999936e-07,-0.20108194649219513,0.0004688229409803269,1770.0,,,,,,,,,,,,,,0.0,,,,,0.016317972913384438,0.0
,mappo,,,,1770.0,0.0,0.0,0.0,0.0,0.0,0.0,0.0,0.0,0.0,0.0,0.0,0.0,0.0,,,,,,,
0.0020037610083818436,mappo,4.492663308042211e-08,-0.19641181826591492,0.0004685228409469824,1771.0,,,,,,,,,,,,,,0.0,,,,,0.016384221613407135,0.0
,mappo,,,,1771.0,0.0,0.0,0.0,0.0,0.0,0.0,0.0,0.0,0.0,0.0,0.0,0.0,0.0,,,,,,,
-0.00302676553837955,mappo,4.070435366543279e-08,-0.18491987884044647,0.00046822274091363786,1772.0,,,,,,,,,,,,,,0.0,,,,,0.016276128590106964,0.0
,mappo,,,,1772.0,0.0,0.0,0.0,0.0,0.0,0.0,0.0,0.0,0.0,0.0,0.0,0.0,0.0,,,,,,,
-0.0018114714184775949,mappo,1.302739178754564e-07,-0.18246790766716003,0.00046792264088029345,1773.0,,,,,,,,,,,,,,0.0,,,,,0.016203097999095917,0.0
,mappo,,,,1773.0,0.0,0.0,0.0,0.0,0.0,0.0,0.0,0.0,0.0,0.0,0.0,0.0,0.0,,,,,,,
-0.006830424070358276,mappo,6.371760008505589e-08,-0.18418818712234497,0.00046762254084694904,1774.0,,,,,,,,,,,,,,0.0,,,,,0.016182268038392067,0.0
,mappo,,,,1774.0,0.0,0.0,0.0,0.0,0.0,0.0,0.0,0.0,0.0,0.0,0.0,0.0,0.0,,,,,,,
-0.0002892656484618783,mappo,1.3809113852403243e-07,-0.18666735291481018,0.0004673224408136045,1775.0,,,,,,,,,,,,,,0.0,,,,,0.016239747405052185,0.0
,mappo,,,,1775.0,0.0,0.0,0.0,0.0,0.0,0.0,0.0,0.0,0.0,0.0,0.0,0.0,0.0,,,,,,,
-0.00445552496239543,mappo,1.3108864038713364e-07,-0.19801898300647736,0.0004670223407802601,1776.0,,,,,,,,,,,,,,0.0,,,,,0.016166429966688156,0.0
,mappo,,,,1776.0,0.0,0.0,0.0,0.0,0.0,0.0,0.0,0.0,0.0,0.0,0.0,0.0,0.0,,,,,,,
-0.0027814849745482206,mappo,1.2620438383237342e-07,-0.2038709670305252,0.0004667222407469156,1777.0,,,,,,,,,,,,,,0.0,,,,,0.01617373339831829,0.0
,mappo,,,,1777.0,0.0,0.0,0.0,0.0,0.0,0.0,0.0,0.0,0.0,0.0,0.0,0.0,0.0,,,,,,,
-0.008078349754214287,mappo,1.227009107651611e-07,-0.1856556087732315,0.0004664221407135713,1778.0,,,,,,,,,,,,,,0.0,,,,,0.016103893518447876,0.0
,mappo,,,,1778.0,0.0,0.0,0.0,0.0,0.0,0.0,0.0,0.0,0.0,0.0,0.0,0.0,0.0,,,,,,,
-0.0038170635234564543,mappo,4.7869779251641376e-08,-0.18448634445667267,0.0004661220406802268,1779.0,,,,,,,,,,,,,,0.0,,,,,0.016058022156357765,0.0
,mappo,,,,1779.0,0.0,0.0,0.0,0.0,0.0,0.0,0.0,0.0,0.0,0.0,0.0,0.0,0.0,,,,,,,
-0.004350854083895683,mappo,1.035014918215893e-07,-0.1655484139919281,0.00046582194064688227,1780.0,,,,,,,,,,,,,,0.0,,,,,0.01596423238515854,0.0
,mappo,,,,1780.0,0.0,0.0,0.0,0.0,0.0,0.0,0.0,0.0,0.0,0.0,0.0,0.0,0.0,,,,,,,
-0.002700231270864606,mappo,6.253286954915893e-08,-0.1657099723815918,0.00046552184061353786,1781.0,,,,,,,,,,,,,,0.0,,,,,0.016025925055146217,0.0
,mappo,,,,1781.0,0.0,0.0,0.0,0.0,0.0,0.0,0.0,0.0,0.0,0.0,0.0,0.0,0.0,,,,,,,
-0.007341918535530567,mappo,1.9625981906301604e-07,-0.13193471729755402,0.00046522174058019345,1782.0,,,,,,,,,,,,,,0.0,,,,,0.015907898545265198,0.0
,mappo,,,,1782.0,0.0,0.0,0.0,0.0,0.0,0.0,0.0,0.0,0.0,0.0,0.0,0.0,0.0,,,,,,,
-0.0022649350576102734,mappo,1.808370484468469e-07,-0.080758236348629,0.00046492164054684894,1783.0,,,,,,,,,,,,,,0.0,,,,,0.016069699078798294,0.0
,mappo,,,,1783.0,0.0,0.0,0.0,0.0,0.0,0.0,0.0,0.0,0.0,0.0,0.0,0.0,0.0,,,,,,,
-0.008090383373200893,mappo,1.1230754637381324e-07,-0.03504078462719917,0.00046462154051350453,1784.0,,,,,,,,,,,,,,0.0,,,,,0.016097217798233032,0.0
,mappo,,,,1784.0,0.0,0.0,0.0,0.0,0.0,0.0,0.0,0.0,0.0,0.0,0.0,0.0,0.0,,,,,,,
-0.0026405942626297474,mappo,8.397833539675048e-08,0.01135233137756586,0.0004643214404801601,1785.0,,,,,,,,,,,,,,0.0,,,,,0.01591471955180168,0.0
,mappo,,,,1785.0,0.0,0.0,0.0,0.0,0.0,0.0,0.0,0.0,0.0,0.0,0.0,0.0,0.0,,,,,,,
-0.012660196982324123,mappo,1.0366848357534764e-07,0.0007879766053520143,0.0004640213404468156,1786.0,,,,,,,,,,,,,,0.0,,,,,0.016122812405228615,0.0
,mappo,,,,1786.0,0.0,0.0,0.0,0.0,0.0,0.0,0.0,0.0,0.0,0.0,0.0,0.0,0.0,,,,,,,
-0.01235995627939701,mappo,2.7003116187529486e-08,0.04320771247148514,0.0004637212404134712,1787.0,,,,,,,,,,,,,,0.0,,,,,0.016283176839351654,0.0
,mappo,,,,1787.0,0.0,0.0,0.0,0.0,0.0,0.0,0.0,0.0,0.0,0.0,0.0,0.0,0.0,,,,,,,
0.0030462827999144793,mappo,7.249173705758949e-08,0.07250519096851349,0.0004634211403801267,1788.0,,,,,,,,,,,,,,0.0,,,,,0.015993140637874603,0.0
,mappo,,,,1788.0,0.0,0.0,0.0,0.0,0.0,0.0,0.0,0.0,0.0,0.0,0.0,0.0,0.0,,,,,,,
-0.00917012244462967,mappo,9.752192653422753e-08,0.10327673703432083,0.0004631210403467824,1789.0,,,,,,,,,,,,,,0.0,,,,,0.016024652868509293,0.0
,mappo,,,,1789.0,0.0,0.0,0.0,0.0,0.0,0.0,0.0,0.0,0.0,0.0,0.0,0.0,0.0,,,,,,,
-0.006409559398889542,mappo,2.675071755220415e-07,0.10539156198501587,0.00046282094031343786,1790.0,,,,,,,,,,,,,,0.0,,,,,0.016197923570871353,0.0
,mappo,,,,1790.0,0.0,0.0,0.0,0.0,0.0,0.0,0.0,0.0,0.0,0.0,0.0,0.0,0.0,,,,,,,
-0.0036392053589224815,mappo,2.0470282890983071e-07,0.11740342527627945,0.00046252084028009335,1791.0,,,,,,,,,,,,,,0.0,,,,,0.015941832214593887,0.0
,mappo,,,,1791.0,0.0,0.0,0.0,0.0,0.0,0.0,0.0,0.0,0.0,0.0,0.0,0.0,0.0,,,,,,,
0.008238489739596844,mappo,3.1859261184763454e-07,0.0897788256406784,0.00046222074024674894,1792.0,,,,,,,,,,,,,,0.0,,,,,0.015967141836881638,0.0
,mappo,,,,1792.0,0.0,0.0,0.0,0.0,0.0,0.0,0.0,0.0,0.0,0.0,0.0,0.0,0.0,,,,,,,
-0.007682928815484047,mappo,5.87595081924519e-07,0.076058529317379,0.00046192064021340453,1793.0,,,,,,,,,,,,,,0.0,,,,,0.01606755703687668,0.0
,mappo,,,,1793.0,0.0,0.0,0.0,0.0,0.0,0.0,0.0,0.0,0.0,0.0,0.0,0.0,0.0,,,,,,,
-0.005022372119128704,mappo,9.412146937393118e-07,0.09168345481157303,0.00046162054018006,1794.0,,,,,,,,,,,,,,0.0,,,,,0.0160127691924572,0.0
,mappo,,,,1794.0,0.0,0.0,0.0,0.0,0.0,0.0,0.0,0.0,0.0,0.0,0.0,0.0,0.0,,,,,,,
-0.013595692813396454,mappo,6.965050829421671e-07,0.0771990492939949,0.0004613204401467156,1795.0,,,,,,,,,,,,,,0.0,,,,,0.01597418636083603,0.0
,mappo,,,,1795.0,0.0,0.0,0.0,0.0,0.0,0.0,0.0,0.0,0.0,0.0,0.0,0.0,0.0,,,,,,,
-0.0030476837418973446,mappo,6.782348123124393e-07,0.06098590046167374,0.0004610203401133711,1796.0,,,,,,,,,,,,,,0.0,,,,,0.01565510593354702,0.0
,mappo,,,,1796.0,0.0,0.0,0.0,0.0,0.0,0.0,0.0,0.0,0.0,0.0,0.0,0.0,0.0,,,,,,,
-0.012862513773143291,mappo,1.1334232112858444e-06,0.051880549639463425,0.0004607202400800268,1797.0,,,,,,,,,,,,,,0.0,,,,,0.015733491629362106,0.0
,mappo,,,,1797.0,0.0,0.0,0.0,0.0,0.0,0.0,0.0,0.0,0.0,0.0,0.0,0.0,0.0,,,,,,,
-0.00454501248896122,mappo,1.382183654641267e-06,0.01857834868133068,0.00046042014004668227,1798.0,,,,,,,,,,,,,,0.0,,,,,0.015580374747514725,0.0
,mappo,,,,1798.0,0.0,0.0,0.0,0.0,0.0,0.0,0.0,0.0,0.0,0.0,0.0,0.0,0.0,,,,,,,
-0.002113230060786009,mappo,1.753189167175151e-06,0.03656656667590141,0.00046012004001333776,1799.0,,,,,,,,,,,,,,0.0,,,,,0.01569083333015442,0.0
,mappo,,,,1799.0,0.0,0.0,0.0,0.0,0.0,0.0,0.0,0.0,0.0,0.0,0.0,0.0,0.0,,,,,,,
,mappo,,,,1799.0,,,,,,,,,,,,,,,0.0,0.0,0.0,0.0,,
-0.006380759179592133,mappo,1.6911048987822141e-06,0.05939527973532677,0.00045981993997999346,1800.0,,,,,,,,,,,,,,0.0,,,,,0.01552136242389679,0.0
,mappo,,,,1800.0,0.0,0.0,0.0,0.0,0.0,0.0,0.0,0.0,0.0,0.0,0.0,0.0,0.0,,,,,,,
-0.005516836419701576,mappo,9.56755116021668e-07,0.03858933225274086,0.00045951983994664894,1801.0,,,,,,,,,,,,,,0.0,,,,,0.01534738577902317,0.0
,mappo,,,,1801.0,0.0,0.0,0.0,0.0,0.0,0.0,0.0,0.0,0.0,0.0,0.0,0.0,0.0,,,,,,,
-0.00887177512049675,mappo,6.51722416478151e-07,0.07377061992883682,0.0004592197399133044,1802.0,,,,,,,,,,,,,,0.0,,,,,0.015575068071484566,0.0
,mappo,,,,1802.0,0.0,0.0,0.0,0.0,0.0,0.0,0.0,0.0,0.0,0.0,0.0,0.0,0.0,,,,,,,
-0.00012082178727723658,mappo,5.222000822868722e-07,0.07253555208444595,0.00045891963987996,1803.0,,,,,,,,,,,,,,0.0,,,,,0.015488609671592712,0.0
,mappo,,,,1803.0,0.0,0.0,0.0,0.0,0.0,0.0,0.0,0.0,0.0,0.0,0.0,0.0,0.0,,,,,,,
-0.0022147991694509983,mappo,2.6512825002100726e-07,0.06037422642111778,0.0004586195398466156,1804.0,,,,,,,,,,,,,,0.0,,,,,0.01548849605023861,0.0
,mappo,,,,1804.0,0.0,0.0,0.0,0.0,0.0,0.0,0.0,0.0,0.0,0.0,0.0,0.0,0.0,,,,,,,
-0.003505388041958213,mappo,2.414740549738781e-07,0.0441497303545475,0.0004583194398132711,1805.0,,,,,,,,,,,,,,0.0,,,,,0.015513542108237743,0.0
,mappo,,,,1805.0,0.0,0.0,0.0,0.0,0.0,0.0,0.0,0.0,0.0,0.0,0.0,0.0,0.0,,,,,,,
-0.007280406076461077,mappo,5.331021313281781e-08,0.057368457317352295,0.0004580193397799267,1806.0,,,,,,,,,,,,,,0.0,,,,,0.015315547585487366,0.0
,mappo,,,,1806.0,0.0,0.0,0.0,0.0,0.0,0.0,0.0,0.0,0.0,0.0,0.0,0.0,0.0,,,,,,,
0.020146925002336502,mappo,1.292025615384773e-07,0.07320891320705414,0.00045771923974658216,1807.0,,,,,,,,,,,,,,0.0,,,,,0.015340369194746017,0.0
,mappo,,,,1807.0,0.0,0.0,0.0,0.0,0.0,0.0,0.0,0.0,0.0,0.0,0.0,0.0,0.0,,,,,,,
-0.0046776579692959785,mappo,1.2071861021922814e-07,0.08568035811185837,0.00045741913971323787,1808.0,,,,,,,,,,,,,,0.0,,,,,0.015473299659788609,0.0
,mappo,,,,1808.0,0.0,0.0,0.0,0.0,0.0,0.0,0.0,0.0,0.0,0.0,0.0,0.0,0.0,,,,,,,
-0.006772097200155258,mappo,4.5507395185495625e-08,0.10584037750959396,0.00045711903967989335,1809.0,,,,,,,,,,,,,,0.0,,,,,0.015528055839240551,0.0
,mappo,,,,1809.0,0.0,0.0,0.0,0.0,0.0,0.0,0.0,0.0,0.0,0.0,0.0,0.0,0.0,,,,,,,
-0.003269969252869487,mappo,9.05348684909768e-08,0.1478162556886673,0.00045681893964654883,1810.0,,,,,,,,,,,,,,0.0,,,,,0.01549916248768568,0.0
,mappo,,,,1810.0,0.0,0.0,0.0,0.0,0.0,0.0,0.0,0.0,0.0,0.0,0.0,0.0,0.0,,,,,,,
-0.011340400204062462,mappo,1.7474256708283065e-07,0.15748609602451324,0.0004565188396132044,1811.0,,,,,,,,,,,,,,0.0,,,,,0.01516244187951088,0.0
,mappo,,,,1811.0,0.0,0.0,0.0,0.0,0.0,0.0,0.0,0.0,0.0,0.0,0.0,0.0,0.0,,,,,,,
-0.00040703342529013753,mappo,7.504002752511951e-08,0.17212699353694916,0.00045621873957986,1812.0,,,,,,,,,,,,,,0.0,,,,,0.01498081162571907,0.0
,mappo,,,,1812.0,0.0,0.0,0.0,0.0,0.0,0.0,0.0,0.0,0.0,0.0,0.0,0.0,0.0,,,,,,,
-0.0035475334152579308,mappo,9.861450678272377e-08,0.17506511509418488,0.0004559186395465155,1813.0,,,,,,,,,,,,,,0.0,,,,,0.015086017549037933,0.0
,mappo,,,,1813.0,0.0,0.0,0.0,0.0,0.0,0.0,0.0,0.0,0.0,0.0,0.0,0.0,0.0,,,,,,,
-0.008568846620619297,mappo,1.4399375913853873e-07,0.19331581890583038,0.0004556185395131711,1814.0,,,,,,,,,,,,,,0.0,,,,,0.015079217962920666,0.0
,mappo,,,,1814.0,0.0,0.0,0.0,0.0,0.0,0.0,0.0,0.0,0.0,0.0,0.0,0.0,0.0,,,,,,,
-0.010157945565879345,mappo,8.169527632162499e-08,0.24679285287857056,0.0004553184394798267,1815.0,,,,,,,,,,,,,,0.0,,,,,0.014967317692935467,0.0
,mappo,,,,1815.0,0.0,0.0,0.0,0.0,0.0,0.0,0.0,0.0,0.0,0.0,0.0,0.0,0.0,,,,,,,
-0.004423093516379595,mappo,9.846615967035177e-08,0.22719329595565796,0.00045501833944648217,1816.0,,,,,,,,,,,,,,0.0,,,,,0.01496694702655077,0.0
,mappo,,,,1816.0,0.0,0.0,0.0,0.0,0.0,0.0,0.0,0.0,0.0,0.0,0.0,0.0,0.0,,,,,,,
-0.002076872857287526,mappo,8.779180404872022e-08,0.26376646757125854,0.00045471823941313776,1817.0,,,,,,,,,,,,,,0.0,,,,,0.014900753274559975,0.0
,mappo,,,,1817.0,0.0,0.0,0.0,0.0,0.0,0.0,0.0,0.0,0.0,0.0,0.0,0.0,0.0,,,,,,,
-0.001677394495345652,mappo,8.21360046643349e-08,0.22475837171077728,0.00045441813937979324,1818.0,,,,,,,,,,,,,,0.0,,,,,0.014948759227991104,0.0
,mappo,,,,1818.0,0.0,0.0,0.0,0.0,0.0,0.0,0.0,0.0,0.0,0.0,0.0,0.0,0.0,,,,,,,
-0.005586736369878054,mappo,1.2417000050390925e-07,0.24808840453624725,0.00045411803934644894,1819.0,,,,,,,,,,,,,,0.0,,,,,0.014754092320799828,0.0
,mappo,,,,1819.0,0.0,0.0,0.0,0.0,0.0,0.0,0.0,0.0,0.0,0.0,0.0,0.0,0.0,,,,,,,
-0.0028816068079322577,mappo,1.022714357645782e-07,0.2596530318260193,0.0004538179393131044,1820.0,,,,,,,,,,,,,,0.0,,,,,0.014736929908394814,0.0
,mappo,,,,1820.0,0.0,0.0,0.0,0.0,0.0,0.0,0.0,0.0,0.0,0.0,0.0,0.0,0.0,,,,,,,
-0.0006885336479172111,mappo,6.373179672891638e-08,0.27755671739578247,0.0004535178392797599,1821.0,,,,,,,,,,,,,,0.0,,,,,0.014680320397019386,0.0
,mappo,,,,1821.0,0.0,0.0,0.0,0.0,0.0,0.0,0.0,0.0,0.0,0.0,0.0,0.0,0.0,,,,,,,
-0.009562973864376545,mappo,2.2898937857007695e-08,0.2673940658569336,0.0004532177392464155,1822.0,,,,,,,,,,,,,,0.0,,,,,0.014804772101342678,0.0
,mappo,,,,1822.0,0.0,0.0,0.0,0.0,0.0,0.0,0.0,0.0,0.0,0.0,0.0,0.0,0.0,,,,,,,
-0.00030760568915866315,mappo,4.3513100678183037e-08,0.3184046447277069,0.0004529176392130711,1823.0,,,,,,,,,,,,,,0.0,,,,,0.014783380553126335,0.0
,mappo,,,,1823.0,0.0,0.0,0.0,0.0,0.0,0.0,0.0,0.0,0.0,0.0,0.0,0.0,0.0,,,,,,,
-9.713025065138936e-05,mappo,3.3520151987431746e-08,0.34316885471343994,0.0004526175391797266,1824.0,,,,,,,,,,,,,,0.0,,,,,0.014809299260377884,0.0
,mappo,,,,1824.0,0.0,0.0,0.0,0.0,0.0,0.0,0.0,0.0,0.0,0.0,0.0,0.0,0.0,,,,,,,
-0.006007216405123472,mappo,5.545525638694926e-08,0.3799358904361725,0.00045231743914638217,1825.0,,,,,,,,,,,,,,0.0,,,,,0.01492275670170784,0.0
,mappo,,,,1825.0,0.0,0.0,0.0,0.0,0.0,0.0,0.0,0.0,0.0,0.0,0.0,0.0,0.0,,,,,,,
-0.006866120267659426,mappo,3.7097898086813075e-08,0.43555545806884766,0.00045201733911303765,1826.0,,,,,,,,,,,,,,0.0,,,,,0.014958357438445091,0.0
,mappo,,,,1826.0,0.0,0.0,0.0,0.0,0.0,0.0,0.0,0.0,0.0,0.0,0.0,0.0,0.0,,,,,,,
-0.01032377127557993,mappo,4.5818154603693984e-08,0.45742806792259216,0.00045171723907969324,1827.0,,,,,,,,,,,,,,0.0,,,,,0.01503803301602602,0.0
,mappo,,,,1827.0,0.0,0.0,0.0,0.0,0.0,0.0,0.0,0.0,0.0,0.0,0.0,0.0,0.0,,,,,,,
0.00012666036491282284,mappo,2.3642161295356345e-07,0.500481128692627,0.00045141713904634883,1828.0,,,,,,,,,,,,,,0.0,,,,,0.014882475137710571,0.0
,mappo,,,,1828.0,0.0,0.0,0.0,0.0,0.0,0.0,0.0,0.0,0.0,0.0,0.0,0.0,0.0,,,,,,,
-0.012439626269042492,mappo,1.4845090845483355e-07,0.49808669090270996,0.0004511170390130043,1829.0,,,,,,,,,,,,,,0.0,,,,,0.014997785910964012,0.0
,mappo,,,,1829.0,0.0,0.0,0.0,0.0,0.0,0.0,0.0,0.0,0.0,0.0,0.0,0.0,0.0,,,,,,,
-0.002733296947553754,mappo,2.933299185770011e-07,0.47478047013282776,0.00045081693897966,1830.0,,,,,,,,,,,,,,0.0,,,,,0.014830270782113075,0.0
,mappo,,,,1830.0,0.0,0.0,0.0,0.0,0.0,0.0,0.0,0.0,0.0,0.0,0.0,0.0,0.0,,,,,,,
-0.0042728534899652,mappo,2.6242310013913084e-07,0.49205341935157776,0.0004505168389463155,1831.0,,,,,,,,,,,,,,0.0,,,,,0.014839022420346737,0.0
,mappo,,,,1831.0,0.0,0.0,0.0,0.0,0.0,0.0,0.0,0.0,0.0,0.0,0.0,0.0,0.0,,,,,,,
-0.004135224502533674,mappo,4.460326579192042e-07,0.512013852596283,0.000450216738912971,1832.0,,,,,,,,,,,,,,0.0,,,,,0.014855394139885902,0.0
,mappo,,,,1832.0,0.0,0.0,0.0,0.0,0.0,0.0,0.0,0.0,0.0,0.0,0.0,0.0,0.0,,,,,,,
-0.006968315690755844,mappo,2.811923707213282e-07,0.45187127590179443,0.0004499166388796266,1833.0,,,,,,,,,,,,,,0.0,,,,,0.015102317556738853,0.0
,mappo,,,,1833.0,0.0,0.0,0.0,0.0,0.0,0.0,0.0,0.0,0.0,0.0,0.0,0.0,0.0,,,,,,,
-0.006042868364602327,mappo,5.611138362837664e-07,0.45876097679138184,0.00044961653884628217,1834.0,,,,,,,,,,,,,,0.0,,,,,0.014916345477104187,0.0
,mappo,,,,1834.0,0.0,0.0,0.0,0.0,0.0,0.0,0.0,0.0,0.0,0.0,0.0,0.0,0.0,,,,,,,
-0.00752838421612978,mappo,3.7993720525264507e-07,0.4653134047985077,0.00044931643881293765,1835.0,,,,,,,,,,,,,,0.0,,,,,0.014982647262513638,0.0
,mappo,,,,1835.0,0.0,0.0,0.0,0.0,0.0,0.0,0.0,0.0,0.0,0.0,0.0,0.0,0.0,,,,,,,
-0.003326059551909566,mappo,3.1338706207861833e-07,0.4685569107532501,0.00044901633877959324,1836.0,,,,,,,,,,,,,,0.0,,,,,0.014992373064160347,0.0
,mappo,,,,1836.0,0.0,0.0,0.0,0.0,0.0,0.0,0.0,0.0,0.0,0.0,0.0,0.0,0.0,,,,,,,
-0.0027728944551199675,mappo,1.7791801099065196e-07,0.43719401955604553,0.00044871623874624873,1837.0,,,,,,,,,,,,,,0.0,,,,,0.014990825206041336,0.0
,mappo,,,,1837.0,0.0,0.0,0.0,0.0,0.0,0.0,0.0,0.0,0.0,0.0,0.0,0.0,0.0,,,,,,,
-0.003933921456336975,mappo,2.6082076942657295e-07,0.444548100233078,0.0004484161387129043,1838.0,,,,,,,,,,,,,,0.0,,,,,0.015057029202580452,0.0
,mappo,,,,1838.0,0.0,0.0,0.0,0.0,0.0,0.0,0.0,0.0,0.0,0.0,0.0,0.0,0.0,,,,,,,
0.009151691570878029,mappo,1.283818988895291e-07,0.3993184268474579,0.0004481160386795599,1839.0,,,,,,,,,,,,,,0.0,,,,,0.015067619271576405,0.0
,mappo,,,,1839.0,0.0,0.0,0.0,0.0,0.0,0.0,0.0,0.0,0.0,0.0,0.0,0.0,0.0,,,,,,,
-0.004959329962730408,mappo,1.7154562215182523e-07,0.3922274112701416,0.0004478159386462154,1840.0,,,,,,,,,,,,,,0.0,,,,,0.014920981600880623,0.0
,mappo,,,,1840.0,0.0,0.0,0.0,0.0,0.0,0.0,0.0,0.0,0.0,0.0,0.0,0.0,0.0,,,,,,,
-0.0043437061831355095,mappo,7.639366828016136e-08,0.38995039463043213,0.000447515838612871,1841.0,,,,,,,,,,,,,,0.0,,,,,0.014859555289149284,0.0
,mappo,,,,1841.0,0.0,0.0,0.0,0.0,0.0,0.0,0.0,0.0,0.0,0.0,0.0,0.0,0.0,,,,,,,
0.00022085611999500543,mappo,6.420044229571431e-08,0.42124584317207336,0.0004472157385795266,1842.0,,,,,,,,,,,,,,0.0,,,,,0.014840888790786266,0.0
,mappo,,,,1842.0,0.0,0.0,0.0,0.0,0.0,0.0,0.0,0.0,0.0,0.0,0.0,0.0,0.0,,,,,,,
-0.0016755262622609735,mappo,2.5558335892128525e-08,0.3772523105144501,0.00044691563854618206,1843.0,,,,,,,,,,,,,,0.0,,,,,0.014835847541689873,0.0
,mappo,,,,1843.0,0.0,0.0,0.0,0.0,0.0,0.0,0.0,0.0,0.0,0.0,0.0,0.0,0.0,,,,,,,
-0.00424013938754797,mappo,5.147792236925852e-08,0.3943999111652374,0.00044661553851283765,1844.0,,,,,,,,,,,,,,0.0,,,,,0.01489916630089283,0.0
,mappo,,,,1844.0,0.0,0.0,0.0,0.0,0.0,0.0,0.0,0.0,0.0,0.0,0.0,0.0,0.0,,,,,,,
-0.003937136381864548,mappo,3.3743628335969333e-08,0.3558633029460907,0.00044631543847949325,1845.0,,,,,,,,,,,,,,0.0,,,,,0.014884913340210915,0.0
,mappo,,,,1845.0,0.0,0.0,0.0,0.0,0.0,0.0,0.0,0.0,0.0,0.0,0.0,0.0,0.0,,,,,,,
-0.0019431125838309526,mappo,2.3332493270800114e-08,0.39922428131103516,0.00044601533844614873,1846.0,,,,,,,,,,,,,,0.0,,,,,0.014862117357552052,0.0
,mappo,,,,1846.0,0.0,0.0,0.0,0.0,0.0,0.0,0.0,0.0,0.0,0.0,0.0,0.0,0.0,,,,,,,
-0.008368736132979393,mappo,2.5657699964654057e-08,0.40775856375694275,0.0004457152384128043,1847.0,,,,,,,,,,,,,,0.0,,,,,0.0149375069886446,0.0
,mappo,,,,1847.0,0.0,0.0,0.0,0.0,0.0,0.0,0.0,0.0,0.0,0.0,0.0,0.0,0.0,,,,,,,
0.0012929732911288738,mappo,7.667571821912134e-08,0.3910578787326813,0.0004454151383794598,1848.0,,,,,,,,,,,,,,0.0,,,,,0.014985114336013794,0.0
,mappo,,,,1848.0,0.0,0.0,0.0,0.0,0.0,0.0,0.0,0.0,0.0,0.0,0.0,0.0,0.0,,,,,,,
0.005854278337210417,mappo,1.9306922283135464e-08,0.3950675427913666,0.0004451150383461154,1849.0,,,,,,,,,,,,,,0.0,,,,,0.01494492869824171,0.0
,mappo,,,,1849.0,0.0,0.0,0.0,0.0,0.0,0.0,0.0,0.0,0.0,0.0,0.0,0.0,0.0,,,,,,,
-0.005092050414532423,mappo,9.071337103705446e-08,0.4093257188796997,0.000444814938312771,1850.0,,,,,,,,,,,,,,0.0,,,,,0.014917618595063686,0.0
,mappo,,,,1850.0,0.0,0.0,0.0,0.0,0.0,0.0,0.0,0.0,0.0,0.0,0.0,0.0,0.0,,,,,,,
-0.0009360614931210876,mappo,1.2394902171308786e-07,0.37272852659225464,0.00044451483827942647,1851.0,,,,,,,,,,,,,,0.0,,,,,0.015061376616358757,0.0
,mappo,,,,1851.0,0.0,0.0,0.0,0.0,0.0,0.0,0.0,0.0,0.0,0.0,0.0,0.0,0.0,,,,,,,
-0.006251716520637274,mappo,9.128579847583751e-08,0.4057600200176239,0.00044421473824608206,1852.0,,,,,,,,,,,,,,0.0,,,,,0.014841523952782154,0.0
,mappo,,,,1852.0,0.0,0.0,0.0,0.0,0.0,0.0,0.0,0.0,0.0,0.0,0.0,0.0,0.0,,,,,,,
-0.0027564470656216145,mappo,1.7840939392499422e-07,0.3944527804851532,0.00044391463821273766,1853.0,,,,,,,,,,,,,,0.0,,,,,0.014923635870218277,0.0
,mappo,,,,1853.0,0.0,0.0,0.0,0.0,0.0,0.0,0.0,0.0,0.0,0.0,0.0,0.0,0.0,,,,,,,
-0.00042973304516635835,mappo,3.018090524165018e-07,0.3854832351207733,0.00044361453817939314,1854.0,,,,,,,,,,,,,,0.0,,,,,0.014984579756855965,0.0
,mappo,,,,1854.0,0.0,0.0,0.0,0.0,0.0,0.0,0.0,0.0,0.0,0.0,0.0,0.0,0.0,,,,,,,
-0.005138044711202383,mappo,3.9159442621894414e-07,0.35671156644821167,0.00044331443814604873,1855.0,,,,,,,,,,,,,,0.0,,,,,0.015123704448342323,0.0
,mappo,,,,1855.0,0.0,0.0,0.0,0.0,0.0,0.0,0.0,0.0,0.0,0.0,0.0,0.0,0.0,,,,,,,
-0.01211457047611475,mappo,4.237880375512759e-07,0.365796834230423,0.0004430143381127042,1856.0,,,,,,,,,,,,,,0.0,,,,,0.014996591955423355,0.0
,mappo,,,,1856.0,0.0,0.0,0.0,0.0,0.0,0.0,0.0,0.0,0.0,0.0,0.0,0.0,0.0,,,,,,,
0.0008556676330044866,mappo,3.754653050691559e-07,0.3602442443370819,0.0004427142380793598,1857.0,,,,,,,,,,,,,,0.0,,,,,0.0148313008248806,0.0
,mappo,,,,1857.0,0.0,0.0,0.0,0.0,0.0,0.0,0.0,0.0,0.0,0.0,0.0,0.0,0.0,,,,,,,
-0.002611541887745261,mappo,3.890218067681417e-07,0.38103237748146057,0.0004424141380460154,1858.0,,,,,,,,,,,,,,0.0,,,,,0.014750584028661251,0.0
,mappo,,,,1858.0,0.0,0.0,0.0,0.0,0.0,0.0,0.0,0.0,0.0,0.0,0.0,0.0,0.0,,,,,,,
-0.012906738556921482,mappo,2.6796070073942246e-07,0.370743066072464,0.0004421140380126709,1859.0,,,,,,,,,,,,,,0.0,,,,,0.014675327576696873,0.0
,mappo,,,,1859.0,0.0,0.0,0.0,0.0,0.0,0.0,0.0,0.0,0.0,0.0,0.0,0.0,0.0,,,,,,,
-0.002524829935282469,mappo,1.5045580425976368e-07,0.3450164794921875,0.00044181393797932647,1860.0,,,,,,,,,,,,,,0.0,,,,,0.014815379865467548,0.0
,mappo,,,,1860.0,0.0,0.0,0.0,0.0,0.0,0.0,0.0,0.0,0.0,0.0,0.0,0.0,0.0,,,,,,,
0.006567488890141249,mappo,1.217973277789497e-07,0.3571595251560211,0.00044151383794598206,1861.0,,,,,,,,,,,,,,0.0,,,,,0.014768552035093307,0.0
,mappo,,,,1861.0,0.0,0.0,0.0,0.0,0.0,0.0,0.0,0.0,0.0,0.0,0.0,0.0,0.0,,,,,,,
-0.0027789261657744646,mappo,1.2282866634905076e-07,0.3617423474788666,0.00044121373791263755,1862.0,,,,,,,,,,,,,,0.0,,,,,0.014748575165867805,0.0
,mappo,,,,1862.0,0.0,0.0,0.0,0.0,0.0,0.0,0.0,0.0,0.0,0.0,0.0,0.0,0.0,,,,,,,
-0.008110796101391315,mappo,4.788019225543394e-08,0.3675834536552429,0.00044091363787929314,1863.0,,,,,,,,,,,,,,0.0,,,,,0.01487609650939703,0.0
,mappo,,,,1863.0,0.0,0.0,0.0,0.0,0.0,0.0,0.0,0.0,0.0,0.0,0.0,0.0,0.0,,,,,,,
-0.0016372784739360213,mappo,3.75317377176998e-08,0.3981332778930664,0.00044061353784594873,1864.0,,,,,,,,,,,,,,0.0,,,,,0.014743302017450333,0.0
,mappo,,,,1864.0,0.0,0.0,0.0,0.0,0.0,0.0,0.0,0.0,0.0,0.0,0.0,0.0,0.0,,,,,,,
0.012762287631630898,mappo,8.945896468048886e-08,0.3984331786632538,0.0004403134378126042,1865.0,,,,,,,,,,,,,,0.0,,,,,0.014809578657150269,0.0
,mappo,,,,1865.0,0.0,0.0,0.0,0.0,0.0,0.0,0.0,0.0,0.0,0.0,0.0,0.0,0.0,,,,,,,
-0.007060077972710133,mappo,9.719968119270561e-08,0.41822198033332825,0.0004400133377792598,1866.0,,,,,,,,,,,,,,0.0,,,,,0.0148911252617836,0.0
,mappo,,,,1866.0,0.0,0.0,0.0,0.0,0.0,0.0,0.0,0.0,0.0,0.0,0.0,0.0,0.0,,,,,,,
-0.008189233019948006,mappo,9.673729550740973e-08,0.4448111951351166,0.0004397132377459153,1867.0,,,,,,,,,,,,,,0.0,,,,,0.014705770649015903,0.0
,mappo,,,,1867.0,0.0,0.0,0.0,0.0,0.0,0.0,0.0,0.0,0.0,0.0,0.0,0.0,0.0,,,,,,,
-0.003614380257204175,mappo,4.590198443565896e-08,0.462033748626709,0.0004394131377125709,1868.0,,,,,,,,,,,,,,0.0,,,,,0.014680614694952965,0.0
,mappo,,,,1868.0,0.0,0.0,0.0,0.0,0.0,0.0,0.0,0.0,0.0,0.0,0.0,0.0,0.0,,,,,,,
-0.0031354017555713654,mappo,4.291023003588634e-08,0.4677059054374695,0.0004391130376792265,1869.0,,,,,,,,,,,,,,0.0,,,,,0.014807933941483498,0.0
,mappo,,,,1869.0,0.0,0.0,0.0,0.0,0.0,0.0,0.0,0.0,0.0,0.0,0.0,0.0,0.0,,,,,,,
-0.003943651914596558,mappo,2.9649104504869683e-08,0.4037752151489258,0.00043881293764588196,1870.0,,,,,,,,,,,,,,0.0,,,,,0.014873906038701534,0.0
,mappo,,,,1870.0,0.0,0.0,0.0,0.0,0.0,0.0,0.0,0.0,0.0,0.0,0.0,0.0,0.0,,,,,,,
-0.006732777692377567,mappo,3.7116205220399934e-08,0.40298712253570557,0.00043851283761253755,1871.0,,,,,,,,,,,,,,0.0,,,,,0.014935429207980633,0.0
,mappo,,,,1871.0,0.0,0.0,0.0,0.0,0.0,0.0,0.0,0.0,0.0,0.0,0.0,0.0,0.0,,,,,,,
-0.016027914360165596,mappo,5.381615508781579e-08,0.45833301544189453,0.00043821273757919314,1872.0,,,,,,,,,,,,,,0.0,,,,,0.014646705240011215,0.0
,mappo,,,,1872.0,0.0,0.0,0.0,0.0,0.0,0.0,0.0,0.0,0.0,0.0,0.0,0.0,0.0,,,,,,,
0.0009166428935714066,mappo,4.098228600923903e-08,0.4170769155025482,0.0004379126375458486,1873.0,,,,,,,,,,,,,,0.0,,,,,0.014882510527968407,0.0
,mappo,,,,1873.0,0.0,0.0,0.0,0.0,0.0,0.0,0.0,0.0,0.0,0.0,0.0,0.0,0.0,,,,,,,
4.335740231908858e-05,mappo,2.891647454816848e-08,0.3922021687030792,0.0004376125375125042,1874.0,,,,,,,,,,,,,,0.0,,,,,0.01482590101659298,0.0
,mappo,,,,1874.0,0.0,0.0,0.0,0.0,0.0,0.0,0.0,0.0,0.0,0.0,0.0,0.0,0.0,,,,,,,
-0.004636902827769518,mappo,1.4406914772280288e-08,0.41652512550354004,0.0004373124374791598,1875.0,,,,,,,,,,,,,,0.0,,,,,0.014798475429415703,0.0
,mappo,,,,1875.0,0.0,0.0,0.0,0.0,0.0,0.0,0.0,0.0,0.0,0.0,0.0,0.0,0.0,,,,,,,
-0.0015637216856703162,mappo,9.550034540950492e-09,0.38968825340270996,0.0004370123374458153,1876.0,,,,,,,,,,,,,,0.0,,,,,0.014881005510687828,0.0
,mappo,,,,1876.0,0.0,0.0,0.0,0.0,0.0,0.0,0.0,0.0,0.0,0.0,0.0,0.0,0.0,,,,,,,
-0.0003950324608013034,mappo,8.230610859527587e-09,0.4340656101703644,0.0004367122374124709,1877.0,,,,,,,,,,,,,,0.0,,,,,0.014785489067435265,0.0
,mappo,,,,1877.0,0.0,0.0,0.0,0.0,0.0,0.0,0.0,0.0,0.0,0.0,0.0,0.0,0.0,,,,,,,
-0.0062705338932573795,mappo,3.525427061390474e-08,0.44579601287841797,0.00043641213737912637,1878.0,,,,,,,,,,,,,,0.0,,,,,0.014892403036355972,0.0
,mappo,,,,1878.0,0.0,0.0,0.0,0.0,0.0,0.0,0.0,0.0,0.0,0.0,0.0,0.0,0.0,,,,,,,
-0.0006840433925390244,mappo,1.295795115652254e-08,0.48136284947395325,0.00043611203734578196,1879.0,,,,,,,,,,,,,,0.0,,,,,0.014937610365450382,0.0
,mappo,,,,1879.0,0.0,0.0,0.0,0.0,0.0,0.0,0.0,0.0,0.0,0.0,0.0,0.0,0.0,,,,,,,
-0.0018966804491356015,mappo,1.6998056295847164e-08,0.5008701086044312,0.00043581193731243755,1880.0,,,,,,,,,,,,,,0.0,,,,,0.014945431612432003,0.0
,mappo,,,,1880.0,0.0,0.0,0.0,0.0,0.0,0.0,0.0,0.0,0.0,0.0,0.0,0.0,0.0,,,,,,,
-0.002570571145042777,mappo,2.498197559930304e-08,0.47682952880859375,0.00043551183727909303,1881.0,,,,,,,,,,,,,,0.0,,,,,0.01487367320805788,0.0
,mappo,,,,1881.0,0.0,0.0,0.0,0.0,0.0,0.0,0.0,0.0,0.0,0.0,0.0,0.0,0.0,,,,,,,
-0.005817323923110962,mappo,2.739738569346173e-08,0.5187504291534424,0.0004352117372457486,1882.0,,,,,,,,,,,,,,0.0,,,,,0.01454596221446991,0.0
,mappo,,,,1882.0,0.0,0.0,0.0,0.0,0.0,0.0,0.0,0.0,0.0,0.0,0.0,0.0,0.0,,,,,,,
-0.004466287326067686,mappo,4.2295642543876966e-08,0.5133603811264038,0.0004349116372124042,1883.0,,,,,,,,,,,,,,0.0,,,,,0.014675694517791271,0.0
,mappo,,,,1883.0,0.0,0.0,0.0,0.0,0.0,0.0,0.0,0.0,0.0,0.0,0.0,0.0,0.0,,,,,,,
-0.005862402729690075,mappo,3.606205112305361e-08,0.5303136706352234,0.0004346115371790597,1884.0,,,,,,,,,,,,,,0.0,,,,,0.014686612412333488,0.0
,mappo,,,,1884.0,0.0,0.0,0.0,0.0,0.0,0.0,0.0,0.0,0.0,0.0,0.0,0.0,0.0,,,,,,,
-0.00562164094299078,mappo,2.7228582055727202e-08,0.5221772193908691,0.0004343114371457153,1885.0,,,,,,,,,,,,,,0.0,,,,,0.014873377978801727,0.0
,mappo,,,,1885.0,0.0,0.0,0.0,0.0,0.0,0.0,0.0,0.0,0.0,0.0,0.0,0.0,0.0,,,,,,,
-0.0002498751855455339,mappo,2.0410192647091208e-08,0.5333308577537537,0.0004340113371123708,1886.0,,,,,,,,,,,,,,0.0,,,,,0.014645624905824661,0.0
,mappo,,,,1886.0,0.0,0.0,0.0,0.0,0.0,0.0,0.0,0.0,0.0,0.0,0.0,0.0,0.0,,,,,,,
-0.001834972994402051,mappo,1.556809436920048e-08,0.5045623183250427,0.00043371123707902637,1887.0,,,,,,,,,,,,,,0.0,,,,,0.014815421774983406,0.0
,mappo,,,,1887.0,0.0,0.0,0.0,0.0,0.0,0.0,0.0,0.0,0.0,0.0,0.0,0.0,0.0,,,,,,,
-0.00898574199527502,mappo,1.3151393751797968e-08,0.4762662649154663,0.00043341113704568196,1888.0,,,,,,,,,,,,,,0.0,,,,,0.014824407175183296,0.0
,mappo,,,,1888.0,0.0,0.0,0.0,0.0,0.0,0.0,0.0,0.0,0.0,0.0,0.0,0.0,0.0,,,,,,,
0.007515482138842344,mappo,3.272532822506946e-08,0.44355228543281555,0.00043311103701233744,1889.0,,,,,,,,,,,,,,0.0,,,,,0.014972561039030552,0.0
,mappo,,,,1889.0,0.0,0.0,0.0,0.0,0.0,0.0,0.0,0.0,0.0,0.0,0.0,0.0,0.0,,,,,,,
-0.009107441641390324,mappo,2.4470187653946596e-08,0.454192191362381,0.00043281093697899304,1890.0,,,,,,,,,,,,,,0.0,,,,,0.014960894361138344,0.0
,mappo,,,,1890.0,0.0,0.0,0.0,0.0,0.0,0.0,0.0,0.0,0.0,0.0,0.0,0.0,0.0,,,,,,,
-0.011943845078349113,mappo,7.749780905896841e-08,0.46525660157203674,0.00043251083694564863,1891.0,,,,,,,,,,,,,,0.0,,,,,0.014948470517992973,0.0
,mappo,,,,1891.0,0.0,0.0,0.0,0.0,0.0,0.0,0.0,0.0,0.0,0.0,0.0,0.0,0.0,,,,,,,
-0.006406188942492008,mappo,3.829858385984153e-08,0.47310250997543335,0.0004322107369123041,1892.0,,,,,,,,,,,,,,0.0,,,,,0.014758868142962456,0.0
,mappo,,,,1892.0,0.0,0.0,0.0,0.0,0.0,0.0,0.0,0.0,0.0,0.0,0.0,0.0,0.0,,,,,,,
0.003976845182478428,mappo,1.2564240137180605e-07,0.4089035093784332,0.0004319106368789597,1893.0,,,,,,,,,,,,,,0.0,,,,,0.01493884064257145,0.0
,mappo,,,,1893.0,0.0,0.0,0.0,0.0,0.0,0.0,0.0,0.0,0.0,0.0,0.0,0.0,0.0,,,,,,,
-0.005956192035228014,mappo,1.5146953558087262e-07,0.39488887786865234,0.0004316105368456153,1894.0,,,,,,,,,,,,,,0.0,,,,,0.014973675832152367,0.0
,mappo,,,,1894.0,0.0,0.0,0.0,0.0,0.0,0.0,0.0,0.0,0.0,0.0,0.0,0.0,0.0,,,,,,,
-0.00019119560602121055,mappo,1.3290599554238725e-07,0.4138675034046173,0.0004313104368122708,1895.0,,,,,,,,,,,,,,0.0,,,,,0.014837382361292839,0.0
,mappo,,,,1895.0,0.0,0.0,0.0,0.0,0.0,0.0,0.0,0.0,0.0,0.0,0.0,0.0,0.0,,,,,,,
-0.0005919524119235575,mappo,8.51921484468221e-08,0.4349578320980072,0.00043101033677892637,1896.0,,,,,,,,,,,,,,0.0,,,,,0.014886939898133278,0.0
,mappo,,,,1896.0,0.0,0.0,0.0,0.0,0.0,0.0,0.0,0.0,0.0,0.0,0.0,0.0,0.0,,,,,,,
-0.0056342072784900665,mappo,1.010378767318798e-07,0.500683069229126,0.00043071023674558185,1897.0,,,,,,,,,,,,,,0.0,,,,,0.014848129823803902,0.0
,mappo,,,,1897.0,0.0,0.0,0.0,0.0,0.0,0.0,0.0,0.0,0.0,0.0,0.0,0.0,0.0,,,,,,,
-0.0031010995153337717,mappo,1.468689845296467e-07,0.5320239067077637,0.00043041013671223744,1898.0,,,,,,,,,,,,,,0.0,,,,,0.014778884127736092,0.0
,mappo,,,,1898.0,0.0,0.0,0.0,0.0,0.0,0.0,0.0,0.0,0.0,0.0,0.0,0.0,0.0,,,,,,,
-0.00045734894229099154,mappo,2.978718498525268e-07,0.5365820527076721,0.00043011003667889304,1899.0,,,,,,,,,,,,,,0.0,,,,,0.014861010015010834,0.0
,mappo,,,,1899.0,0.0,0.0,0.0,0.0,0.0,0.0,0.0,0.0,0.0,0.0,0.0,0.0,0.0,,,,,,,
,mappo,,,,1899.0,,,,,,,,,,,,,,,0.0,0.0,0.0,0.0,,
-0.006798023823648691,mappo,2.601015580694366e-07,0.5307462811470032,0.0004298099366455485,1900.0,,,,,,,,,,,,,,0.0,,,,,0.014878135174512863,0.0
,mappo,,,,1900.0,0.0,0.0,0.0,0.0,0.0,0.0,0.0,0.0,0.0,0.0,0.0,0.0,0.0,,,,,,,
-0.00525934062898159,mappo,2.523213993299578e-07,0.547554612159729,0.000429509836612204,1901.0,,,,,,,,,,,,,,0.0,,,,,0.014847731217741966,0.0
,mappo,,,,1901.0,0.0,0.0,0.0,0.0,0.0,0.0,0.0,0.0,0.0,0.0,0.0,0.0,0.0,,,,,,,
-0.0020385172683745623,mappo,2.2437394875396421e-07,0.5327603816986084,0.0004292097365788597,1902.0,,,,,,,,,,,,,,0.0,,,,,0.014856884256005287,0.0
,mappo,,,,1902.0,0.0,0.0,0.0,0.0,0.0,0.0,0.0,0.0,0.0,0.0,0.0,0.0,0.0,,,,,,,
-0.007674077060073614,mappo,1.7181186251491454e-07,0.578505277633667,0.0004289096365455152,1903.0,,,,,,,,,,,,,,0.0,,,,,0.014713127166032791,0.0
,mappo,,,,1903.0,0.0,0.0,0.0,0.0,0.0,0.0,0.0,0.0,0.0,0.0,0.0,0.0,0.0,,,,,,,
-0.0064543550834059715,mappo,1.9629645464647183e-07,0.5746865272521973,0.0004286095365121708,1904.0,,,,,,,,,,,,,,0.0,,,,,0.014733376912772655,0.0
,mappo,,,,1904.0,0.0,0.0,0.0,0.0,0.0,0.0,0.0,0.0,0.0,0.0,0.0,0.0,0.0,,,,,,,
0.0016711036441847682,mappo,9.401212253123958e-08,0.5387113690376282,0.00042830943647882637,1905.0,,,,,,,,,,,,,,0.0,,,,,0.014739280566573143,0.0
,mappo,,,,1905.0,0.0,0.0,0.0,0.0,0.0,0.0,0.0,0.0,0.0,0.0,0.0,0.0,0.0,,,,,,,
-0.00601186603307724,mappo,1.6950723491504505e-08,0.5581486821174622,0.00042800933644548185,1906.0,,,,,,,,,,,,,,0.0,,,,,0.014495357871055603,0.0
,mappo,,,,1906.0,0.0,0.0,0.0,0.0,0.0,0.0,0.0,0.0,0.0,0.0,0.0,0.0,0.0,,,,,,,
-0.0031737147364765406,mappo,2.96936626398292e-08,0.5476493239402771,0.00042770923641213745,1907.0,,,,,,,,,,,,,,0.0,,,,,0.01465270109474659,0.0
,mappo,,,,1907.0,0.0,0.0,0.0,0.0,0.0,0.0,0.0,0.0,0.0,0.0,0.0,0.0,0.0,,,,,,,
-0.005734114442020655,mappo,3.040067397819257e-08,0.5620753169059753,0.00042740913637879293,1908.0,,,,,,,,,,,,,,0.0,,,,,0.01454705186188221,0.0
,mappo,,,,1908.0,0.0,0.0,0.0,0.0,0.0,0.0,0.0,0.0,0.0,0.0,0.0,0.0,0.0,,,,,,,
-0.0032138177193701267,mappo,8.629733372345072e-08,0.6020780205726624,0.0004271090363454485,1909.0,,,,,,,,,,,,,,0.0,,,,,0.014508616179227829,0.0
,mappo,,,,1909.0,0.0,0.0,0.0,0.0,0.0,0.0,0.0,0.0,0.0,0.0,0.0,0.0,0.0,,,,,,,
-0.010390060022473335,mappo,1.527083242081062e-07,0.6012937426567078,0.0004268089363121041,1910.0,,,,,,,,,,,,,,0.0,,,,,0.014491844922304153,0.0
,mappo,,,,1910.0,0.0,0.0,0.0,0.0,0.0,0.0,0.0,0.0,0.0,0.0,0.0,0.0,0.0,,,,,,,
0.001795722870156169,mappo,2.399256686658191e-07,0.5493516325950623,0.0004265088362787596,1911.0,,,,,,,,,,,,,,0.0,,,,,0.014560558833181858,0.0
,mappo,,,,1911.0,0.0,0.0,0.0,0.0,0.0,0.0,0.0,0.0,0.0,0.0,0.0,0.0,0.0,,,,,,,
0.006707260850816965,mappo,3.947971265461092e-07,0.6039901375770569,0.0004262087362454152,1912.0,,,,,,,,,,,,,,0.0,,,,,0.014413507655262947,0.0
,mappo,,,,1912.0,0.0,0.0,0.0,0.0,0.0,0.0,0.0,0.0,0.0,0.0,0.0,0.0,0.0,,,,,,,
-0.007200317457318306,mappo,6.434973442992487e-07,0.5932191610336304,0.0004259086362120708,1913.0,,,,,,,,,,,,,,0.0,,,,,0.01439945213496685,0.0
,mappo,,,,1913.0,0.0,0.0,0.0,0.0,0.0,0.0,0.0,0.0,0.0,0.0,0.0,0.0,0.0,,,,,,,
0.0006137641612440348,mappo,7.844999458939128e-07,0.5690804123878479,0.00042560853617872626,1914.0,,,,,,,,,,,,,,0.0,,,,,0.014330865815281868,0.0
,mappo,,,,1914.0,0.0,0.0,0.0,0.0,0.0,0.0,0.0,0.0,0.0,0.0,0.0,0.0,0.0,,,,,,,
-0.006541682407259941,mappo,6.568962476194429e-07,0.5096948146820068,0.00042530843614538186,1915.0,,,,,,,,,,,,,,0.0,,,,,0.014389023184776306,0.0
,mappo,,,,1915.0,0.0,0.0,0.0,0.0,0.0,0.0,0.0,0.0,0.0,0.0,0.0,0.0,0.0,,,,,,,
0.0024344203993678093,mappo,8.00266661826754e-07,0.5220766663551331,0.00042500833611203734,1916.0,,,,,,,,,,,,,,0.0,,,,,0.01431695930659771,0.0
,mappo,,,,1916.0,0.0,0.0,0.0,0.0,0.0,0.0,0.0,0.0,0.0,0.0,0.0,0.0,0.0,,,,,,,
-0.003272260772064328,mappo,6.95159485530894e-07,0.5215595960617065,0.00042470823607869293,1917.0,,,,,,,,,,,,,,0.0,,,,,0.014382708817720413,0.0
,mappo,,,,1917.0,0.0,0.0,0.0,0.0,0.0,0.0,0.0,0.0,0.0,0.0,0.0,0.0,0.0,,,,,,,
-0.003892761655151844,mappo,6.202795930221328e-07,0.5594518184661865,0.0004244081360453485,1918.0,,,,,,,,,,,,,,0.0,,,,,0.014278722926974297,0.0
,mappo,,,,1918.0,0.0,0.0,0.0,0.0,0.0,0.0,0.0,0.0,0.0,0.0,0.0,0.0,0.0,,,,,,,
-0.0031945439986884594,mappo,3.79585827658957e-07,0.5687616467475891,0.000424108036012004,1919.0,,,,,,,,,,,,,,0.0,,,,,0.014289993792772293,0.0
,mappo,,,,1919.0,0.0,0.0,0.0,0.0,0.0,0.0,0.0,0.0,0.0,0.0,0.0,0.0,0.0,,,,,,,
-0.007599520497024059,mappo,3.284135061676352e-07,0.5435439944267273,0.0004238079359786596,1920.0,,,,,,,,,,,,,,0.0,,,,,0.014398021623492241,0.0
,mappo,,,,1920.0,0.0,0.0,0.0,0.0,0.0,0.0,0.0,0.0,0.0,0.0,0.0,0.0,0.0,,,,,,,
-0.006099015474319458,mappo,1.9482740754028782e-07,0.5916826128959656,0.0004235078359453152,1921.0,,,,,,,,,,,,,,0.0,,,,,0.014113392680883408,0.0
,mappo,,,,1921.0,0.0,0.0,0.0,0.0,0.0,0.0,0.0,0.0,0.0,0.0,0.0,0.0,0.0,,,,,,,
-0.003325457451865077,mappo,1.4958642680085177e-07,0.5910815000534058,0.0004232077359119707,1922.0,,,,,,,,,,,,,,0.0,,,,,0.014178024604916573,0.0
,mappo,,,,1922.0,0.0,0.0,0.0,0.0,0.0,0.0,0.0,0.0,0.0,0.0,0.0,0.0,0.0,,,,,,,
0.0051375459879636765,mappo,1.3906252149809006e-07,0.6070480346679688,0.00042290763587862627,1923.0,,,,,,,,,,,,,,0.0,,,,,0.014165431261062622,0.0
,mappo,,,,1923.0,0.0,0.0,0.0,0.0,0.0,0.0,0.0,0.0,0.0,0.0,0.0,0.0,0.0,,,,,,,
-0.0018651233986020088,mappo,8.282960095584713e-08,0.5723642706871033,0.00042260753584528186,1924.0,,,,,,,,,,,,,,0.0,,,,,0.014121867716312408,0.0
,mappo,,,,1924.0,0.0,0.0,0.0,0.0,0.0,0.0,0.0,0.0,0.0,0.0,0.0,0.0,0.0,,,,,,,
-0.004121902398765087,mappo,6.682216024955778e-08,0.5813626050949097,0.00042230743581193734,1925.0,,,,,,,,,,,,,,0.0,,,,,0.014216689392924309,0.0
,mappo,,,,1925.0,0.0,0.0,0.0,0.0,0.0,0.0,0.0,0.0,0.0,0.0,0.0,0.0,0.0,,,,,,,
-0.0018938658758997917,mappo,6.909539251864771e-08,0.6212614178657532,0.00042200733577859293,1926.0,,,,,,,,,,,,,,0.0,,,,,0.014136254787445068,0.0
,mappo,,,,1926.0,0.0,0.0,0.0,0.0,0.0,0.0,0.0,0.0,0.0,0.0,0.0,0.0,0.0,,,,,,,
0.0003933731932193041,mappo,3.5983859447696886e-08,0.5924047231674194,0.0004217072357452484,1927.0,,,,,,,,,,,,,,0.0,,,,,0.01428813487291336,0.0
,mappo,,,,1927.0,0.0,0.0,0.0,0.0,0.0,0.0,0.0,0.0,0.0,0.0,0.0,0.0,0.0,,,,,,,
-0.0013337205164134502,mappo,3.752471755547049e-08,0.6157359480857849,0.000421407135711904,1928.0,,,,,,,,,,,,,,0.0,,,,,0.014245755970478058,0.0
,mappo,,,,1928.0,0.0,0.0,0.0,0.0,0.0,0.0,0.0,0.0,0.0,0.0,0.0,0.0,0.0,,,,,,,
-0.011346998624503613,mappo,1.3350079264284886e-08,0.5621784329414368,0.0004211070356785596,1929.0,,,,,,,,,,,,,,0.0,,,,,0.014241190627217293,0.0
,mappo,,,,1929.0,0.0,0.0,0.0,0.0,0.0,0.0,0.0,0.0,0.0,0.0,0.0,0.0,0.0,,,,,,,
0.012345785275101662,mappo,4.60220519471477e-08,0.564758837223053,0.0004208069356452151,1930.0,,,,,,,,,,,,,,0.0,,,,,0.014207576401531696,0.0
,mappo,,,,1930.0,0.0,0.0,0.0,0.0,0.0,0.0,0.0,0.0,0.0,0.0,0.0,0.0,0.0,,,,,,,
-0.007848398759961128,mappo,2.0122685739920598e-08,0.548950731754303,0.00042050683561187057,1931.0,,,,,,,,,,,,,,0.0,,,,,0.014354681596159935,0.0
,mappo,,,,1931.0,0.0,0.0,0.0,0.0,0.0,0.0,0.0,0.0,0.0,0.0,0.0,0.0,0.0,,,,,,,
-0.003273413749411702,mappo,1.085786571763947e-08,0.5871282815933228,0.00042020673557852627,1932.0,,,,,,,,,,,,,,0.0,,,,,0.014215603470802307,0.0
,mappo,,,,1932.0,0.0,0.0,0.0,0.0,0.0,0.0,0.0,0.0,0.0,0.0,0.0,0.0,0.0,,,,,,,
-0.0008536413079127669,mappo,2.3097227241919427e-08,0.5480331182479858,0.00041990663554518175,1933.0,,,,,,,,,,,,,,0.0,,,,,0.014425111934542656,0.0
,mappo,,,,1933.0,0.0,0.0,0.0,0.0,0.0,0.0,0.0,0.0,0.0,0.0,0.0,0.0,0.0,,,,,,,
-0.002468703780323267,mappo,1.0877670320041943e-08,0.5632258057594299,0.00041960653551183734,1934.0,,,,,,,,,,,,,,0.0,,,,,0.014311209321022034,0.0
,mappo,,,,1934.0,0.0,0.0,0.0,0.0,0.0,0.0,0.0,0.0,0.0,0.0,0.0,0.0,0.0,,,,,,,
0.004848888609558344,mappo,8.871141154997986e-09,0.5268476605415344,0.00041930643547849293,1935.0,,,,,,,,,,,,,,0.0,,,,,0.014426245354115963,0.0
,mappo,,,,1935.0,0.0,0.0,0.0,0.0,0.0,0.0,0.0,0.0,0.0,0.0,0.0,0.0,0.0,,,,,,,
-0.004144280217587948,mappo,9.128430455973557e-09,0.599446713924408,0.0004190063354451484,1936.0,,,,,,,,,,,,,,0.0,,,,,0.014201207086443901,0.0
,mappo,,,,1936.0,0.0,0.0,0.0,0.0,0.0,0.0,0.0,0.0,0.0,0.0,0.0,0.0,0.0,,,,,,,
-0.005317540839314461,mappo,1.053221332369958e-08,0.5808870196342468,0.000418706235411804,1937.0,,,,,,,,,,,,,,0.0,,,,,0.014421558007597923,0.0
,mappo,,,,1937.0,0.0,0.0,0.0,0.0,0.0,0.0,0.0,0.0,0.0,0.0,0.0,0.0,0.0,,,,,,,
-0.0033597946166992188,mappo,1.4715035412393718e-08,0.5885049700737,0.0004184061353784595,1938.0,,,,,,,,,,,,,,0.0,,,,,0.014306260272860527,0.0
,mappo,,,,1938.0,0.0,0.0,0.0,0.0,0.0,0.0,0.0,0.0,0.0,0.0,0.0,0.0,0.0,,,,,,,
-0.005604342557489872,mappo,9.78423031483544e-09,0.5231844186782837,0.0004181060353451151,1939.0,,,,,,,,,,,,,,0.0,,,,,0.014428148977458477,0.0
,mappo,,,,1939.0,0.0,0.0,0.0,0.0,0.0,0.0,0.0,0.0,0.0,0.0,0.0,0.0,0.0,,,,,,,
-0.0028869081288576126,mappo,1.66104854315563e-08,0.5417296290397644,0.0004178059353117707,1940.0,,,,,,,,,,,,,,0.0,,,,,0.014203706756234169,0.0
,mappo,,,,1940.0,0.0,0.0,0.0,0.0,0.0,0.0,0.0,0.0,0.0,0.0,0.0,0.0,0.0,,,,,,,
-0.0030340119265019894,mappo,6.514702111104498e-09,0.4788680076599121,0.00041750583527842616,1941.0,,,,,,,,,,,,,,0.0,,,,,0.014304133132100105,0.0
,mappo,,,,1941.0,0.0,0.0,0.0,0.0,0.0,0.0,0.0,0.0,0.0,0.0,0.0,0.0,0.0,,,,,,,
-0.0011162065202370286,mappo,8.29902013776973e-09,0.4549033045768738,0.00041720573524508164,1942.0,,,,,,,,,,,,,,0.0,,,,,0.014285383746027946,0.0
,mappo,,,,1942.0,0.0,0.0,0.0,0.0,0.0,0.0,0.0,0.0,0.0,0.0,0.0,0.0,0.0,,,,,,,
-0.005647832993417978,mappo,4.52822446206369e-09,0.4378867447376251,0.00041690563521173734,1943.0,,,,,,,,,,,,,,0.0,,,,,0.014250360429286957,0.0
,mappo,,,,1943.0,0.0,0.0,0.0,0.0,0.0,0.0,0.0,0.0,0.0,0.0,0.0,0.0,0.0,,,,,,,
-0.004170867148786783,mappo,1.1923167342331453e-08,0.38554811477661133,0.0004166055351783928,1944.0,,,,,,,,,,,,,,0.0,,,,,0.01432095654308796,0.0
,mappo,,,,1944.0,0.0,0.0,0.0,0.0,0.0,0.0,0.0,0.0,0.0,0.0,0.0,0.0,0.0,,,,,,,
-0.0006087665678933263,mappo,5.956487747482697e-09,0.3500647246837616,0.0004163054351450484,1945.0,,,,,,,,,,,,,,0.0,,,,,0.014303002506494522,0.0
,mappo,,,,1945.0,0.0,0.0,0.0,0.0,0.0,0.0,0.0,0.0,0.0,0.0,0.0,0.0,0.0,,,,,,,
0.0003213660093024373,mappo,4.7159653959738534e-09,0.33569204807281494,0.0004160053351117039,1946.0,,,,,,,,,,,,,,0.0,,,,,0.014283305034041405,0.0
,mappo,,,,1946.0,0.0,0.0,0.0,0.0,0.0,0.0,0.0,0.0,0.0,0.0,0.0,0.0,0.0,,,,,,,
-0.01068919524550438,mappo,4.8186370449343485e-09,0.32448530197143555,0.0004157052350783595,1947.0,,,,,,,,,,,,,,0.0,,,,,0.014226090162992477,0.0
,mappo,,,,1947.0,0.0,0.0,0.0,0.0,0.0,0.0,0.0,0.0,0.0,0.0,0.0,0.0,0.0,,,,,,,
-0.003306975355371833,mappo,1.5399582053987615e-08,0.35302823781967163,0.0004154051350450151,1948.0,,,,,,,,,,,,,,0.0,,,,,0.014170488342642784,0.0
,mappo,,,,1948.0,0.0,0.0,0.0,0.0,0.0,0.0,0.0,0.0,0.0,0.0,0.0,0.0,0.0,,,,,,,
-0.004828623030334711,mappo,1.4807500114955019e-08,0.2990594506263733,0.00041510503501167057,1949.0,,,,,,,,,,,,,,0.0,,,,,0.014294486492872238,0.0
,mappo,,,,1949.0,0.0,0.0,0.0,0.0,0.0,0.0,0.0,0.0,0.0,0.0,0.0,0.0,0.0,,,,,,,
-0.002625423716381192,mappo,1.5129275610092918e-08,0.3148899972438812,0.00041480493497832616,1950.0,,,,,,,,,,,,,,0.0,,,,,0.014207093045115471,0.0
,mappo,,,,1950.0,0.0,0.0,0.0,0.0,0.0,0.0,0.0,0.0,0.0,0.0,0.0,0.0,0.0,,,,,,,
-0.0012116258731111884,mappo,6.070729696716626e-09,0.31049105525016785,0.00041450483494498175,1951.0,,,,,,,,,,,,,,0.0,,,,,0.014253147877752781,0.0
,mappo,,,,1951.0,0.0,0.0,0.0,0.0,0.0,0.0,0.0,0.0,0.0,0.0,0.0,0.0,0.0,,,,,,,
-0.004483584314584732,mappo,1.6871400276841086e-08,0.26802879571914673,0.00041420473491163724,1952.0,,,,,,,,,,,,,,0.0,,,,,0.014429144561290741,0.0
,mappo,,,,1952.0,0.0,0.0,0.0,0.0,0.0,0.0,0.0,0.0,0.0,0.0,0.0,0.0,0.0,,,,,,,
-0.002632666379213333,mappo,5.5959903377811315e-09,0.29211872816085815,0.0004139046348782927,1953.0,,,,,,,,,,,,,,0.0,,,,,0.014308169484138489,0.0
,mappo,,,,1953.0,0.0,0.0,0.0,0.0,0.0,0.0,0.0,0.0,0.0,0.0,0.0,0.0,0.0,,,,,,,
-0.002447976963594556,mappo,6.551034825719171e-09,0.2230171412229538,0.0004136045348449484,1954.0,,,,,,,,,,,,,,0.0,,,,,0.014274170622229576,0.0
,mappo,,,,1954.0,0.0,0.0,0.0,0.0,0.0,0.0,0.0,0.0,0.0,0.0,0.0,0.0,0.0,,,,,,,
0.0019010360119864345,mappo,4.017253640853369e-09,0.27044156193733215,0.0004133044348116039,1955.0,,,,,,,,,,,,,,0.0,,,,,0.014189094305038452,0.0
,mappo,,,,1955.0,0.0,0.0,0.0,0.0,0.0,0.0,0.0,0.0,0.0,0.0,0.0,0.0,0.0,,,,,,,
-0.005495922639966011,mappo,6.830735976848246e-09,0.2954736649990082,0.0004130043347782595,1956.0,,,,,,,,,,,,,,0.0,,,,,0.014215495437383652,0.0
,mappo,,,,1956.0,0.0,0.0,0.0,0.0,0.0,0.0,0.0,0.0,0.0,0.0,0.0,0.0,0.0,,,,,,,
-0.004884588997811079,mappo,4.143746679119431e-09,0.32112619280815125,0.000412704234744915,1957.0,,,,,,,,,,,,,,0.0,,,,,0.014195413328707218,0.0
,mappo,,,,1957.0,0.0,0.0,0.0,0.0,0.0,0.0,0.0,0.0,0.0,0.0,0.0,0.0,0.0,,,,,,,
-0.008382483385503292,mappo,6.555141762731864e-09,0.38107168674468994,0.00041240413471157057,1958.0,,,,,,,,,,,,,,0.0,,,,,0.01421648170799017,0.0
,mappo,,,,1958.0,0.0,0.0,0.0,0.0,0.0,0.0,0.0,0.0,0.0,0.0,0.0,0.0,0.0,,,,,,,
-0.005705519579350948,mappo,5.606334507746169e-09,0.41657060384750366,0.00041210403467822616,1959.0,,,,,,,,,,,,,,0.0,,,,,0.01439637690782547,0.0
,mappo,,,,1959.0,0.0,0.0,0.0,0.0,0.0,0.0,0.0,0.0,0.0,0.0,0.0,0.0,0.0,,,,,,,
-0.0061816140078008175,mappo,1.3460478065496773e-08,0.41927364468574524,0.00041180393464488165,1960.0,,,,,,,,,,,,,,0.0,,,,,0.014233529567718506,0.0
,mappo,,,,1960.0,0.0,0.0,0.0,0.0,0.0,0.0,0.0,0.0,0.0,0.0,0.0,0.0,0.0,,,,,,,
0.000418824958615005,mappo,4.044311552320323e-09,0.4231475293636322,0.00041150383461153713,1961.0,,,,,,,,,,,,,,0.0,,,,,0.014466545544564724,0.0
,mappo,,,,1961.0,0.0,0.0,0.0,0.0,0.0,0.0,0.0,0.0,0.0,0.0,0.0,0.0,0.0,,,,,,,
-0.002567082876339555,mappo,9.624418595421957e-09,0.43214496970176697,0.00041120373457819283,1962.0,,,,,,,,,,,,,,0.0,,,,,0.014397310093045235,0.0
,mappo,,,,1962.0,0.0,0.0,0.0,0.0,0.0,0.0,0.0,0.0,0.0,0.0,0.0,0.0,0.0,,,,,,,
-0.004718868061900139,mappo,6.152117038027427e-09,0.4232003390789032,0.0004109036345448483,1963.0,,,,,,,,,,,,,,0.0,,,,,0.014391209930181503,0.0
,mappo,,,,1963.0,0.0,0.0,0.0,0.0,0.0,0.0,0.0,0.0,0.0,0.0,0.0,0.0,0.0,,,,,,,
-0.005539124831557274,mappo,1.1421511736386947e-08,0.4312092959880829,0.0004106035345115038,1964.0,,,,,,,,,,,,,,0.0,,,,,0.014369716867804527,0.0
,mappo,,,,1964.0,0.0,0.0,0.0,0.0,0.0,0.0,0.0,0.0,0.0,0.0,0.0,0.0,0.0,,,,,,,
-0.004108385182917118,mappo,1.3722419645034734e-08,0.4162054657936096,0.0004103034344781595,1965.0,,,,,,,,,,,,,,0.0,,,,,0.014500133693218231,0.0
,mappo,,,,1965.0,0.0,0.0,0.0,0.0,0.0,0.0,0.0,0.0,0.0,0.0,0.0,0.0,0.0,,,,,,,
-0.0009441497386433184,mappo,6.4516454401086776e-09,0.4874153137207031,0.000410003334444815,1966.0,,,,,,,,,,,,,,0.0,,,,,0.014280116185545921,0.0
,mappo,,,,1966.0,0.0,0.0,0.0,0.0,0.0,0.0,0.0,0.0,0.0,0.0,0.0,0.0,0.0,,,,,,,
-0.0023371228016912937,mappo,7.801330248469185e-09,0.438807874917984,0.00040970323441147057,1967.0,,,,,,,,,,,,,,0.0,,,,,0.014331168495118618,0.0
,mappo,,,,1967.0,0.0,0.0,0.0,0.0,0.0,0.0,0.0,0.0,0.0,0.0,0.0,0.0,0.0,,,,,,,
-0.005442763678729534,mappo,4.829170840991992e-09,0.4550599753856659,0.00040940313437812605,1968.0,,,,,,,,,,,,,,0.0,,,,,0.014333773404359818,0.0
,mappo,,,,1968.0,0.0,0.0,0.0,0.0,0.0,0.0,0.0,0.0,0.0,0.0,0.0,0.0,0.0,,,,,,,
-0.005514638032764196,mappo,1.3151966626878675e-08,0.5012145042419434,0.00040910303434478165,1969.0,,,,,,,,,,,,,,0.0,,,,,0.01414734497666359,0.0
,mappo,,,,1969.0,0.0,0.0,0.0,0.0,0.0,0.0,0.0,0.0,0.0,0.0,0.0,0.0,0.0,,,,,,,
-0.004729038570076227,mappo,1.151494544160414e-08,0.4530416429042816,0.00040880293431143724,1970.0,,,,,,,,,,,,,,0.0,,,,,0.014336923137307167,0.0
,mappo,,,,1970.0,0.0,0.0,0.0,0.0,0.0,0.0,0.0,0.0,0.0,0.0,0.0,0.0,0.0,,,,,,,
-0.007668301463127136,mappo,1.3434506840326321e-08,0.42466381192207336,0.0004085028342780927,1971.0,,,,,,,,,,,,,,0.0,,,,,0.01436891034245491,0.0
,mappo,,,,1971.0,0.0,0.0,0.0,0.0,0.0,0.0,0.0,0.0,0.0,0.0,0.0,0.0,0.0,,,,,,,
0.0017067494336515665,mappo,8.012600360984834e-09,0.4304591417312622,0.0004082027342447482,1972.0,,,,,,,,,,,,,,0.0,,,,,0.014276072382926941,0.0
,mappo,,,,1972.0,0.0,0.0,0.0,0.0,0.0,0.0,0.0,0.0,0.0,0.0,0.0,0.0,0.0,,,,,,,
-0.0039170049130916595,mappo,1.2115542347146402e-08,0.40746769309043884,0.0004079026342114039,1973.0,,,,,,,,,,,,,,0.0,,,,,0.014433380216360092,0.0
,mappo,,,,1973.0,0.0,0.0,0.0,0.0,0.0,0.0,0.0,0.0,0.0,0.0,0.0,0.0,0.0,,,,,,,
-0.002769972663372755,mappo,6.698893884049539e-09,0.4492843747138977,0.0004076025341780594,1974.0,,,,,,,,,,,,,,0.0,,,,,0.014195859432220459,0.0
,mappo,,,,1974.0,0.0,0.0,0.0,0.0,0.0,0.0,0.0,0.0,0.0,0.0,0.0,0.0,0.0,,,,,,,
-0.0005460132961161435,mappo,8.846475552104494e-09,0.48280635476112366,0.00040730243414471487,1975.0,,,,,,,,,,,,,,0.0,,,,,0.014267541468143463,0.0
,mappo,,,,1975.0,0.0,0.0,0.0,0.0,0.0,0.0,0.0,0.0,0.0,0.0,0.0,0.0,0.0,,,,,,,
-0.002108237938955426,mappo,4.353108984389564e-09,0.475180983543396,0.00040700233411137046,1976.0,,,,,,,,,,,,,,0.0,,,,,0.014441358856856823,0.0
,mappo,,,,1976.0,0.0,0.0,0.0,0.0,0.0,0.0,0.0,0.0,0.0,0.0,0.0,0.0,0.0,,,,,,,
-0.004884881433099508,mappo,1.1884751849322583e-08,0.44880014657974243,0.00040670223407802606,1977.0,,,,,,,,,,,,,,0.0,,,,,0.014361819252371788,0.0
,mappo,,,,1977.0,0.0,0.0,0.0,0.0,0.0,0.0,0.0,0.0,0.0,0.0,0.0,0.0,0.0,,,,,,,
0.0011706616496667266,mappo,1.077911093716466e-08,0.49929744005203247,0.00040640213404468165,1978.0,,,,,,,,,,,,,,0.0,,,,,0.014227814972400665,0.0
,mappo,,,,1978.0,0.0,0.0,0.0,0.0,0.0,0.0,0.0,0.0,0.0,0.0,0.0,0.0,0.0,,,,,,,
-0.002854138147085905,mappo,4.8729362767119255e-09,0.5096277594566345,0.00040610203401133713,1979.0,,,,,,,,,,,,,,0.0,,,,,0.014370681717991829,0.0
,mappo,,,,1979.0,0.0,0.0,0.0,0.0,0.0,0.0,0.0,0.0,0.0,0.0,0.0,0.0,0.0,,,,,,,
-0.010458754375576973,mappo,1.819559969362672e-08,0.491944819688797,0.0004058019339779927,1980.0,,,,,,,,,,,,,,0.0,,,,,0.014494139701128006,0.0
,mappo,,,,1980.0,0.0,0.0,0.0,0.0,0.0,0.0,0.0,0.0,0.0,0.0,0.0,0.0,0.0,,,,,,,
-0.00880920235067606,mappo,1.025605023130538e-08,0.5159337520599365,0.0004055018339446483,1981.0,,,,,,,,,,,,,,0.0,,,,,0.014310408383607864,0.0
,mappo,,,,1981.0,0.0,0.0,0.0,0.0,0.0,0.0,0.0,0.0,0.0,0.0,0.0,0.0,0.0,,,,,,,
-0.0059845722280442715,mappo,1.3112542163185026e-08,0.5266810655593872,0.0004052017339113038,1982.0,,,,,,,,,,,,,,0.0,,,,,0.014402350410819054,0.0
,mappo,,,,1982.0,0.0,0.0,0.0,0.0,0.0,0.0,0.0,0.0,0.0,0.0,0.0,0.0,0.0,,,,,,,
-0.0011040149256587029,mappo,1.790270331980537e-08,0.5831747651100159,0.0004049016338779593,1983.0,,,,,,,,,,,,,,0.0,,,,,0.014338765293359756,0.0
,mappo,,,,1983.0,0.0,0.0,0.0,0.0,0.0,0.0,0.0,0.0,0.0,0.0,0.0,0.0,0.0,,,,,,,
-0.00326733710244298,mappo,2.4206640247825817e-08,0.5393593907356262,0.000404601533844615,1984.0,,,,,,,,,,,,,,0.0,,,,,0.014398172497749329,0.0
,mappo,,,,1984.0,0.0,0.0,0.0,0.0,0.0,0.0,0.0,0.0,0.0,0.0,0.0,0.0,0.0,,,,,,,
-0.010241271927952766,mappo,1.7163234389272475e-08,0.495647132396698,0.00040430143381127047,1985.0,,,,,,,,,,,,,,0.0,,,,,0.014386365190148354,0.0
,mappo,,,,1985.0,0.0,0.0,0.0,0.0,0.0,0.0,0.0,0.0,0.0,0.0,0.0,0.0,0.0,,,,,,,
-0.007365794852375984,mappo,1.675815752832932e-08,0.4925309717655182,0.00040400133377792595,1986.0,,,,,,,,,,,,,,0.0,,,,,0.01428932137787342,0.0
,mappo,,,,1986.0,0.0,0.0,0.0,0.0,0.0,0.0,0.0,0.0,0.0,0.0,0.0,0.0,0.0,,,,,,,
-0.006787415593862534,mappo,1.303854091361245e-08,0.465608149766922,0.00040370123374458154,1987.0,,,,,,,,,,,,,,0.0,,,,,0.014281082898378372,0.0
,mappo,,,,1987.0,0.0,0.0,0.0,0.0,0.0,0.0,0.0,0.0,0.0,0.0,0.0,0.0,0.0,,,,,,,
-0.002356118755415082,mappo,5.557592608340656e-09,0.45998305082321167,0.00040340113371123713,1988.0,,,,,,,,,,,,,,0.0,,,,,0.01431913860142231,0.0
,mappo,,,,1988.0,0.0,0.0,0.0,0.0,0.0,0.0,0.0,0.0,0.0,0.0,0.0,0.0,0.0,,,,,,,
-0.0025154724717140198,mappo,1.658957238248604e-08,0.4485025107860565,0.0004031010336778927,1989.0,,,,,,,,,,,,,,0.0,,,,,0.014361127279698849,0.0
,mappo,,,,1989.0,0.0,0.0,0.0,0.0,0.0,0.0,0.0,0.0,0.0,0.0,0.0,0.0,0.0,,,,,,,
-0.010180948302149773,mappo,2.1640182978899247e-08,0.42613402009010315,0.0004028009336445482,1990.0,,,,,,,,,,,,,,0.0,,,,,0.014350383542478085,0.0
,mappo,,,,1990.0,0.0,0.0,0.0,0.0,0.0,0.0,0.0,0.0,0.0,0.0,0.0,0.0,0.0,,,,,,,
-0.0012646683026105165,mappo,1.973850061176563e-08,0.3492317497730255,0.0004025008336112037,1991.0,,,,,,,,,,,,,,0.0,,,,,0.014388473704457283,0.0
,mappo,,,,1991.0,0.0,0.0,0.0,0.0,0.0,0.0,0.0,0.0,0.0,0.0,0.0,0.0,0.0,,,,,,,
-0.004637869540601969,mappo,1.7010203023914983e-08,0.36350661516189575,0.0004022007335778594,1992.0,,,,,,,,,,,,,,0.0,,,,,0.014271345920860767,0.0
,mappo,,,,1992.0,0.0,0.0,0.0,0.0,0.0,0.0,0.0,0.0,0.0,0.0,0.0,0.0,0.0,,,,,,,
-0.0012663154629990458,mappo,1.11080522557927e-08,0.3606339395046234,0.0004019006335445149,1993.0,,,,,,,,,,,,,,0.0,,,,,0.014391198754310608,0.0
,mappo,,,,1993.0,0.0,0.0,0.0,0.0,0.0,0.0,0.0,0.0,0.0,0.0,0.0,0.0,0.0,,,,,,,
0.010082820430397987,mappo,2.8524459239065436e-08,0.3767800033092499,0.00040160053351117036,1994.0,,,,,,,,,,,,,,0.0,,,,,0.014171358197927475,0.0
,mappo,,,,1994.0,0.0,0.0,0.0,0.0,0.0,0.0,0.0,0.0,0.0,0.0,0.0,0.0,0.0,,,,,,,
0.007820974104106426,mappo,7.96922083878826e-09,0.3696933090686798,0.00040130043347782606,1995.0,,,,,,,,,,,,,,0.0,,,,,0.014223957434296608,0.0
,mappo,,,,1995.0,0.0,0.0,0.0,0.0,0.0,0.0,0.0,0.0,0.0,0.0,0.0,0.0,0.0,,,,,,,
-0.004440359305590391,mappo,8.334810175369967e-09,0.38456103205680847,0.00040100033344448154,1996.0,,,,,,,,,,,,,,0.0,,,,,0.014204464852809906,0.0
,mappo,,,,1996.0,0.0,0.0,0.0,0.0,0.0,0.0,0.0,0.0,0.0,0.0,0.0,0.0,0.0,,,,,,,
0.003408855991438031,mappo,2.0152784330207396e-08,0.40217286348342896,0.000400700233411137,1997.0,,,,,,,,,,,,,,0.0,,,,,0.014293343760073185,0.0
,mappo,,,,1997.0,0.0,0.0,0.0,0.0,0.0,0.0,0.0,0.0,0.0,0.0,0.0,0.0,0.0,,,,,,,
-0.0071456776931881905,mappo,1.5800162955770247e-08,0.4387897849082947,0.0004004001333777926,1998.0,,,,,,,,,,,,,,0.0,,,,,0.014160022139549255,0.0
,mappo,,,,1998.0,0.0,0.0,0.0,0.0,0.0,0.0,0.0,0.0,0.0,0.0,0.0,0.0,0.0,,,,,,,
-0.0038564710412174463,mappo,2.530700804470598e-08,0.40896371006965637,0.0004001000333444482,1999.0,,,,,,,,,,,,,,0.0,,,,,0.01418612152338028,0.0
,mappo,,,,1999.0,0.0,0.0,0.0,0.0,0.0,0.0,0.0,0.0,0.0,0.0,0.0,0.0,0.0,,,,,,,
,mappo,,,,1999.0,,,,,,,,,,,,,,,0.0,0.0,0.0,0.0,,
-0.01082651223987341,mappo,3.689348915258961e-08,0.44502314925193787,0.0003997999333111038,2000.0,,,,,,,,,,,,,,0.0,,,,,0.014150834642350674,0.0
,mappo,,,,2000.0,0.0,0.0,0.0,0.0,0.0,0.0,0.0,0.0,0.0,0.0,0.0,0.0,0.0,,,,,,,
-0.022421076893806458,mappo,1.5707252387642257e-08,0.47737962007522583,0.0003994998332777593,2001.0,,,,,,,,,,,,,,0.0,,,,,0.01403083186596632,0.0
,mappo,,,,2001.0,0.0,0.0,0.0,0.0,0.0,0.0,0.0,0.0,0.0,0.0,0.0,0.0,0.0,,,,,,,
-1.2156087905168533e-05,mappo,4.291853095139686e-09,0.4370012879371643,0.00039919973324441477,2002.0,,,,,,,,,,,,,,0.0,,,,,0.014139354228973389,0.0
,mappo,,,,2002.0,0.0,0.0,0.0,0.0,0.0,0.0,0.0,0.0,0.0,0.0,0.0,0.0,0.0,,,,,,,
-0.0074602216482162476,mappo,4.5324313191486e-08,0.49616336822509766,0.00039889963321107047,2003.0,,,,,,,,,,,,,,0.0,,,,,0.01403065025806427,0.0
,mappo,,,,2003.0,0.0,0.0,0.0,0.0,0.0,0.0,0.0,0.0,0.0,0.0,0.0,0.0,0.0,,,,,,,
-0.0021108363289386034,mappo,1.031967542530765e-07,0.4445279836654663,0.00039859953317772595,2004.0,,,,,,,,,,,,,,0.0,,,,,0.0141762625426054,0.0
,mappo,,,,2004.0,0.0,0.0,0.0,0.0,0.0,0.0,0.0,0.0,0.0,0.0,0.0,0.0,0.0,,,,,,,
-0.004368274472653866,mappo,1.8654937150586193e-07,0.43654754757881165,0.00039829943314438144,2005.0,,,,,,,,,,,,,,0.0,,,,,0.014124631881713867,0.0
,mappo,,,,2005.0,0.0,0.0,0.0,0.0,0.0,0.0,0.0,0.0,0.0,0.0,0.0,0.0,0.0,,,,,,,
-0.0020759005565196276,mappo,3.4161405437771464e-07,0.4364531934261322,0.000397999333111037,2006.0,,,,,,,,,,,,,,0.0,,,,,0.014012889936566353,0.0
,mappo,,,,2006.0,0.0,0.0,0.0,0.0,0.0,0.0,0.0,0.0,0.0,0.0,0.0,0.0,0.0,,,,,,,
0.00041612639324739575,mappo,4.2230726648995187e-07,0.4051221013069153,0.0003976992330776926,2007.0,,,,,,,,,,,,,,0.0,,,,,0.014132348820567131,0.0
,mappo,,,,2007.0,0.0,0.0,0.0,0.0,0.0,0.0,0.0,0.0,0.0,0.0,0.0,0.0,0.0,,,,,,,
-0.0046879262663424015,mappo,5.731058081437368e-07,0.417855829000473,0.0003973991330443481,2008.0,,,,,,,,,,,,,,0.0,,,,,0.013973155990242958,0.0
,mappo,,,,2008.0,0.0,0.0,0.0,0.0,0.0,0.0,0.0,0.0,0.0,0.0,0.0,0.0,0.0,,,,,,,
-0.0033281324431300163,mappo,7.044854442028736e-07,0.4530852735042572,0.0003970990330110037,2009.0,,,,,,,,,,,,,,0.0,,,,,0.013986979611217976,0.0
,mappo,,,,2009.0,0.0,0.0,0.0,0.0,0.0,0.0,0.0,0.0,0.0,0.0,0.0,0.0,0.0,,,,,,,
0.0005665336502715945,mappo,8.906640687200706e-07,0.4608151316642761,0.0003967989329776593,2010.0,,,,,,,,,,,,,,0.0,,,,,0.013929331675171852,0.0
,mappo,,,,2010.0,0.0,0.0,0.0,0.0,0.0,0.0,0.0,0.0,0.0,0.0,0.0,0.0,0.0,,,,,,,
0.002404359169304371,mappo,8.242969329330663e-07,0.47308650612831116,0.0003964988329443149,2011.0,,,,,,,,,,,,,,0.0,,,,,0.013960900716483593,0.0
,mappo,,,,2011.0,0.0,0.0,0.0,0.0,0.0,0.0,0.0,0.0,0.0,0.0,0.0,0.0,0.0,,,,,,,
0.0024731431622058153,mappo,7.276406677192426e-07,0.4433242380619049,0.00039619873291097036,2012.0,,,,,,,,,,,,,,0.0,,,,,0.013952328823506832,0.0
,mappo,,,,2012.0,0.0,0.0,0.0,0.0,0.0,0.0,0.0,0.0,0.0,0.0,0.0,0.0,0.0,,,,,,,
-0.008525596931576729,mappo,6.484315235866234e-07,0.49242427945137024,0.00039589863287762584,2013.0,,,,,,,,,,,,,,0.0,,,,,0.013959357514977455,0.0
,mappo,,,,2013.0,0.0,0.0,0.0,0.0,0.0,0.0,0.0,0.0,0.0,0.0,0.0,0.0,0.0,,,,,,,
-0.006124545820057392,mappo,5.447619173537532e-07,0.5166429877281189,0.00039559853284428154,2014.0,,,,,,,,,,,,,,0.0,,,,,0.014019971713423729,0.0
,mappo,,,,2014.0,0.0,0.0,0.0,0.0,0.0,0.0,0.0,0.0,0.0,0.0,0.0,0.0,0.0,,,,,,,
0.007953066378831863,mappo,4.2146649548158166e-07,0.5407325029373169,0.00039529843281093703,2015.0,,,,,,,,,,,,,,0.0,,,,,0.014027928933501244,0.0
,mappo,,,,2015.0,0.0,0.0,0.0,0.0,0.0,0.0,0.0,0.0,0.0,0.0,0.0,0.0,0.0,,,,,,,
-0.0022510529961436987,mappo,3.822020460120257e-07,0.49440816044807434,0.0003949983327775925,2016.0,,,,,,,,,,,,,,0.0,,,,,0.014220872893929482,0.0
,mappo,,,,2016.0,0.0,0.0,0.0,0.0,0.0,0.0,0.0,0.0,0.0,0.0,0.0,0.0,0.0,,,,,,,
-0.003229888156056404,mappo,1.7772035221241822e-07,0.49589216709136963,0.0003946982327442481,2017.0,,,,,,,,,,,,,,0.0,,,,,0.014056703075766563,0.0
,mappo,,,,2017.0,0.0,0.0,0.0,0.0,0.0,0.0,0.0,0.0,0.0,0.0,0.0,0.0,0.0,,,,,,,
-0.0011468275915831327,mappo,1.6260288759895047e-07,0.4725172817707062,0.0003943981327109037,2018.0,,,,,,,,,,,,,,0.0,,,,,0.01416461169719696,0.0
,mappo,,,,2018.0,0.0,0.0,0.0,0.0,0.0,0.0,0.0,0.0,0.0,0.0,0.0,0.0,0.0,,,,,,,
-0.006033023819327354,mappo,1.1556860357586629e-07,0.5178380608558655,0.0003940980326775593,2019.0,,,,,,,,,,,,,,0.0,,,,,0.013992520049214363,0.0
,mappo,,,,2019.0,0.0,0.0,0.0,0.0,0.0,0.0,0.0,0.0,0.0,0.0,0.0,0.0,0.0,,,,,,,
-0.005639161914587021,mappo,6.58613430459809e-08,0.5332567095756531,0.00039379793264421477,2020.0,,,,,,,,,,,,,,0.0,,,,,0.013958620838820934,0.0
,mappo,,,,2020.0,0.0,0.0,0.0,0.0,0.0,0.0,0.0,0.0,0.0,0.0,0.0,0.0,0.0,,,,,,,
0.015207950957119465,mappo,4.393334762653467e-08,0.49168142676353455,0.00039349783261087025,2021.0,,,,,,,,,,,,,,0.0,,,,,0.01408975850790739,0.0
,mappo,,,,2021.0,0.0,0.0,0.0,0.0,0.0,0.0,0.0,0.0,0.0,0.0,0.0,0.0,0.0,,,,,,,
0.004601032007485628,mappo,7.815272873301637e-09,0.46755900979042053,0.00039319773257752595,2022.0,,,,,,,,,,,,,,0.0,,,,,0.014064395800232887,0.0
,mappo,,,,2022.0,0.0,0.0,0.0,0.0,0.0,0.0,0.0,0.0,0.0,0.0,0.0,0.0,0.0,,,,,,,
0.00032015037140809,mappo,2.3153456041313802e-08,0.47206762433052063,0.00039289763254418144,2023.0,,,,,,,,,,,,,,0.0,,,,,0.014033175073564053,0.0
,mappo,,,,2023.0,0.0,0.0,0.0,0.0,0.0,0.0,0.0,0.0,0.0,0.0,0.0,0.0,0.0,,,,,,,
0.0037239142693579197,mappo,9.240745946215156e-09,0.4567115306854248,0.0003925975325108369,2024.0,,,,,,,,,,,,,,0.0,,,,,0.014080872759222984,0.0
,mappo,,,,2024.0,0.0,0.0,0.0,0.0,0.0,0.0,0.0,0.0,0.0,0.0,0.0,0.0,0.0,,,,,,,
0.002691199304535985,mappo,3.166593742776058e-08,0.44987156987190247,0.0003922974324774926,2025.0,,,,,,,,,,,,,,0.0,,,,,0.013981668278574944,0.0
,mappo,,,,2025.0,0.0,0.0,0.0,0.0,0.0,0.0,0.0,0.0,0.0,0.0,0.0,0.0,0.0,,,,,,,
-0.005432363599538803,mappo,6.284640363674043e-08,0.464987576007843,0.0003919973324441481,2026.0,,,,,,,,,,,,,,0.0,,,,,0.013968681916594505,0.0
,mappo,,,,2026.0,0.0,0.0,0.0,0.0,0.0,0.0,0.0,0.0,0.0,0.0,0.0,0.0,0.0,,,,,,,
-0.006544321309775114,mappo,6.892284432069573e-08,0.5053146481513977,0.0003916972324108036,2027.0,,,,,,,,,,,,,,0.0,,,,,0.01393752358853817,0.0
,mappo,,,,2027.0,0.0,0.0,0.0,0.0,0.0,0.0,0.0,0.0,0.0,0.0,0.0,0.0,0.0,,,,,,,
-0.00993670430034399,mappo,1.26543312717331e-07,0.4925479590892792,0.0003913971323774592,2028.0,,,,,,,,,,,,,,0.0,,,,,0.013981323689222336,0.0
,mappo,,,,2028.0,0.0,0.0,0.0,0.0,0.0,0.0,0.0,0.0,0.0,0.0,0.0,0.0,0.0,,,,,,,
0.004845211748033762,mappo,1.3754802807852684e-07,0.4775571823120117,0.00039109703234411477,2029.0,,,,,,,,,,,,,,0.0,,,,,0.014118233695626259,0.0
,mappo,,,,2029.0,0.0,0.0,0.0,0.0,0.0,0.0,0.0,0.0,0.0,0.0,0.0,0.0,0.0,,,,,,,
-0.008040156215429306,mappo,1.8078092978157656e-07,0.500821053981781,0.00039079693231077036,2030.0,,,,,,,,,,,,,,0.0,,,,,0.01402010302990675,0.0
,mappo,,,,2030.0,0.0,0.0,0.0,0.0,0.0,0.0,0.0,0.0,0.0,0.0,0.0,0.0,0.0,,,,,,,
-0.0025777891278266907,mappo,2.3061058129769663e-07,0.45147940516471863,0.00039049683227742585,2031.0,,,,,,,,,,,,,,0.0,,,,,0.014190101064741611,0.0
,mappo,,,,2031.0,0.0,0.0,0.0,0.0,0.0,0.0,0.0,0.0,0.0,0.0,0.0,0.0,0.0,,,,,,,
-0.0002749372215475887,mappo,3.409438704693457e-07,0.4471069872379303,0.00039019673224408133,2032.0,,,,,,,,,,,,,,0.0,,,,,0.014098033308982849,0.0
,mappo,,,,2032.0,0.0,0.0,0.0,0.0,0.0,0.0,0.0,0.0,0.0,0.0,0.0,0.0,0.0,,,,,,,
-0.004913375712931156,mappo,3.5893751260118734e-07,0.387361615896225,0.00038989663221073703,2033.0,,,,,,,,,,,,,,0.0,,,,,0.01420096680521965,0.0
,mappo,,,,2033.0,0.0,0.0,0.0,0.0,0.0,0.0,0.0,0.0,0.0,0.0,0.0,0.0,0.0,,,,,,,
-0.0038363724015653133,mappo,3.9352210023935186e-07,0.3994559943675995,0.0003895965321773925,2034.0,,,,,,,,,,,,,,0.0,,,,,0.014092562720179558,0.0
,mappo,,,,2034.0,0.0,0.0,0.0,0.0,0.0,0.0,0.0,0.0,0.0,0.0,0.0,0.0,0.0,,,,,,,
0.03696621209383011,mappo,3.295295698535483e-07,0.33608385920524597,0.000389296432144048,2035.0,,,,,,,,,,,,,,0.0,,,,,0.014091486111283302,0.0
,mappo,,,,2035.0,0.0,0.0,0.0,0.0,0.0,0.0,0.0,0.0,0.0,0.0,0.0,0.0,0.0,,,,,,,
0.003654994536191225,mappo,3.387827973710955e-07,0.362833708524704,0.0003889963321107036,2036.0,,,,,,,,,,,,,,0.0,,,,,0.013977148570120335,0.0
,mappo,,,,2036.0,0.0,0.0,0.0,0.0,0.0,0.0,0.0,0.0,0.0,0.0,0.0,0.0,0.0,,,,,,,
-0.0008950448827818036,mappo,3.586145851386391e-07,0.3670080900192261,0.0003886962320773592,2037.0,,,,,,,,,,,,,,0.0,,,,,0.014017249457538128,0.0
,mappo,,,,2037.0,0.0,0.0,0.0,0.0,0.0,0.0,0.0,0.0,0.0,0.0,0.0,0.0,0.0,,,,,,,
-0.00611933832988143,mappo,3.162346047247411e-07,0.3738245368003845,0.00038839613204401467,2038.0,,,,,,,,,,,,,,0.0,,,,,0.014100752770900726,0.0
,mappo,,,,2038.0,0.0,0.0,0.0,0.0,0.0,0.0,0.0,0.0,0.0,0.0,0.0,0.0,0.0,,,,,,,
-0.00025214452762156725,mappo,2.724899275108328e-07,0.39083242416381836,0.00038809603201067026,2039.0,,,,,,,,,,,,,,0.0,,,,,0.014094346202909946,0.0
,mappo,,,,2039.0,0.0,0.0,0.0,0.0,0.0,0.0,0.0,0.0,0.0,0.0,0.0,0.0,0.0,,,,,,,
-0.003113566664978862,mappo,2.753660339749331e-07,0.42833277583122253,0.00038779593197732585,2040.0,,,,,,,,,,,,,,0.0,,,,,0.01404297724366188,0.0
,mappo,,,,2040.0,0.0,0.0,0.0,0.0,0.0,0.0,0.0,0.0,0.0,0.0,0.0,0.0,0.0,,,,,,,
-0.00437688734382391,mappo,2.5038789885911683e-07,0.4230407178401947,0.00038749583194398144,2041.0,,,,,,,,,,,,,,0.0,,,,,0.01414707861840725,0.0
,mappo,,,,2041.0,0.0,0.0,0.0,0.0,0.0,0.0,0.0,0.0,0.0,0.0,0.0,0.0,0.0,,,,,,,
-0.009772643446922302,mappo,2.8545130703605537e-07,0.45899105072021484,0.0003871957319106369,2042.0,,,,,,,,,,,,,,0.0,,,,,0.014091003686189651,0.0
,mappo,,,,2042.0,0.0,0.0,0.0,0.0,0.0,0.0,0.0,0.0,0.0,0.0,0.0,0.0,0.0,,,,,,,
-0.007795698940753937,mappo,2.678199564343231e-07,0.4223495125770569,0.0003868956318772924,2043.0,,,,,,,,,,,,,,0.0,,,,,0.014301340095698833,0.0
,mappo,,,,2043.0,0.0,0.0,0.0,0.0,0.0,0.0,0.0,0.0,0.0,0.0,0.0,0.0,0.0,,,,,,,
-0.0029484229162335396,mappo,2.2619140338520083e-07,0.45077332854270935,0.0003865955318439481,2044.0,,,,,,,,,,,,,,0.0,,,,,0.014258503913879395,0.0
,mappo,,,,2044.0,0.0,0.0,0.0,0.0,0.0,0.0,0.0,0.0,0.0,0.0,0.0,0.0,0.0,,,,,,,
-0.006261257920414209,mappo,1.905290787362901e-07,0.4064353406429291,0.0003862954318106036,2045.0,,,,,,,,,,,,,,0.0,,,,,0.014368736185133457,0.0
,mappo,,,,2045.0,0.0,0.0,0.0,0.0,0.0,0.0,0.0,0.0,0.0,0.0,0.0,0.0,0.0,,,,,,,
-0.006482002791017294,mappo,2.0784746368462947e-07,0.4549914598464966,0.0003859953317772591,2046.0,,,,,,,,,,,,,,0.0,,,,,0.014110995456576347,0.0
,mappo,,,,2046.0,0.0,0.0,0.0,0.0,0.0,0.0,0.0,0.0,0.0,0.0,0.0,0.0,0.0,,,,,,,
-0.001997370272874832,mappo,2.1838417296748958e-07,0.43613147735595703,0.00038569523174391467,2047.0,,,,,,,,,,,,,,0.0,,,,,0.014182519167661667,0.0
,mappo,,,,2047.0,0.0,0.0,0.0,0.0,0.0,0.0,0.0,0.0,0.0,0.0,0.0,0.0,0.0,,,,,,,
-0.005683335475623608,mappo,1.7445941580263025e-07,0.5007738471031189,0.00038539513171057026,2048.0,,,,,,,,,,,,,,0.0,,,,,0.014117580838501453,0.0
,mappo,,,,2048.0,0.0,0.0,0.0,0.0,0.0,0.0,0.0,0.0,0.0,0.0,0.0,0.0,0.0,,,,,,,
-0.0034565830137580633,mappo,1.496793657906892e-07,0.495263934135437,0.00038509503167722574,2049.0,,,,,,,,,,,,,,0.0,,,,,0.014141332358121872,0.0
,mappo,,,,2049.0,0.0,0.0,0.0,0.0,0.0,0.0,0.0,0.0,0.0,0.0,0.0,0.0,0.0,,,,,,,
0.002865904476493597,mappo,1.323161882282875e-07,0.462051123380661,0.00038479493164388133,2050.0,,,,,,,,,,,,,,0.0,,,,,0.014196883887052536,0.0
,mappo,,,,2050.0,0.0,0.0,0.0,0.0,0.0,0.0,0.0,0.0,0.0,0.0,0.0,0.0,0.0,,,,,,,
-0.011602750979363918,mappo,7.278853786374384e-08,0.49844756722450256,0.0003844948316105368,2051.0,,,,,,,,,,,,,,0.0,,,,,0.014052772894501686,0.0
,mappo,,,,2051.0,0.0,0.0,0.0,0.0,0.0,0.0,0.0,0.0,0.0,0.0,0.0,0.0,0.0,,,,,,,
-0.010657032020390034,mappo,5.558832683050241e-08,0.4637829065322876,0.0003841947315771925,2052.0,,,,,,,,,,,,,,0.0,,,,,0.014113960787653923,0.0
,mappo,,,,2052.0,0.0,0.0,0.0,0.0,0.0,0.0,0.0,0.0,0.0,0.0,0.0,0.0,0.0,,,,,,,
-0.001537336385808885,mappo,5.615374121248351e-08,0.4586818516254425,0.000383894631543848,2053.0,,,,,,,,,,,,,,0.0,,,,,0.01408801507204771,0.0
,mappo,,,,2053.0,0.0,0.0,0.0,0.0,0.0,0.0,0.0,0.0,0.0,0.0,0.0,0.0,0.0,,,,,,,
-0.011526095680892467,mappo,4.997817981688968e-08,0.45309188961982727,0.0003835945315105035,2054.0,,,,,,,,,,,,,,0.0,,,,,0.014006548561155796,0.0
,mappo,,,,2054.0,0.0,0.0,0.0,0.0,0.0,0.0,0.0,0.0,0.0,0.0,0.0,0.0,0.0,,,,,,,
0.00168527418281883,mappo,3.9775187588020344e-08,0.4777447581291199,0.0003832944314771591,2055.0,,,,,,,,,,,,,,0.0,,,,,0.013976922258734703,0.0
,mappo,,,,2055.0,0.0,0.0,0.0,0.0,0.0,0.0,0.0,0.0,0.0,0.0,0.0,0.0,0.0,,,,,,,
-0.0020675587002187967,mappo,1.6358473686750585e-08,0.4324527084827423,0.00038299433144381467,2056.0,,,,,,,,,,,,,,0.0,,,,,0.014026669785380363,0.0
,mappo,,,,2056.0,0.0,0.0,0.0,0.0,0.0,0.0,0.0,0.0,0.0,0.0,0.0,0.0,0.0,,,,,,,
-0.004444574937224388,mappo,5.238337763557865e-09,0.4263805150985718,0.00038269423141047015,2057.0,,,,,,,,,,,,,,0.0,,,,,0.013886637054383755,0.0
,mappo,,,,2057.0,0.0,0.0,0.0,0.0,0.0,0.0,0.0,0.0,0.0,0.0,0.0,0.0,0.0,,,,,,,
-0.005844698287546635,mappo,1.044581576792325e-08,0.39998215436935425,0.00038239413137712574,2058.0,,,,,,,,,,,,,,0.0,,,,,0.014049896039068699,0.0
,mappo,,,,2058.0,0.0,0.0,0.0,0.0,0.0,0.0,0.0,0.0,0.0,0.0,0.0,0.0,0.0,,,,,,,
-0.0033069178462028503,mappo,8.386181526987002e-09,0.398559033870697,0.00038209403134378133,2059.0,,,,,,,,,,,,,,0.0,,,,,0.014100655913352966,0.0
,mappo,,,,2059.0,0.0,0.0,0.0,0.0,0.0,0.0,0.0,0.0,0.0,0.0,0.0,0.0,0.0,,,,,,,
-0.0024427894968539476,mappo,9.348108065410088e-09,0.40941178798675537,0.0003817939313104368,2060.0,,,,,,,,,,,,,,0.0,,,,,0.014137901365756989,0.0
,mappo,,,,2060.0,0.0,0.0,0.0,0.0,0.0,0.0,0.0,0.0,0.0,0.0,0.0,0.0,0.0,,,,,,,
-0.0024607544764876366,mappo,1.0907436731599773e-08,0.4136276841163635,0.0003814938312770924,2061.0,,,,,,,,,,,,,,0.0,,,,,0.014047469943761826,0.0
,mappo,,,,2061.0,0.0,0.0,0.0,0.0,0.0,0.0,0.0,0.0,0.0,0.0,0.0,0.0,0.0,,,,,,,
-0.0018716668710112572,mappo,1.5309810308394844e-08,0.38439056277275085,0.0003811937312437479,2062.0,,,,,,,,,,,,,,0.0,,,,,0.014116015285253525,0.0
,mappo,,,,2062.0,0.0,0.0,0.0,0.0,0.0,0.0,0.0,0.0,0.0,0.0,0.0,0.0,0.0,,,,,,,
-0.007000384386628866,mappo,1.4691455163529099e-08,0.3551579713821411,0.0003808936312104036,2063.0,,,,,,,,,,,,,,0.0,,,,,0.014181049540638924,0.0
,mappo,,,,2063.0,0.0,0.0,0.0,0.0,0.0,0.0,0.0,0.0,0.0,0.0,0.0,0.0,0.0,,,,,,,
-0.005559985525906086,mappo,2.674557642023956e-08,0.36409705877304077,0.0003805935311770591,2064.0,,,,,,,,,,,,,,0.0,,,,,0.014183470979332924,0.0
,mappo,,,,2064.0,0.0,0.0,0.0,0.0,0.0,0.0,0.0,0.0,0.0,0.0,0.0,0.0,0.0,,,,,,,
-0.0033408361487090588,mappo,3.0900359604402183e-08,0.3898454010486603,0.00038029343114371456,2065.0,,,,,,,,,,,,,,0.0,,,,,0.014124153181910515,0.0
,mappo,,,,2065.0,0.0,0.0,0.0,0.0,0.0,0.0,0.0,0.0,0.0,0.0,0.0,0.0,0.0,,,,,,,
-0.006177512463182211,mappo,4.999194658239503e-08,0.3518519699573517,0.00037999333111037015,2066.0,,,,,,,,,,,,,,0.0,,,,,0.014214983209967613,0.0
,mappo,,,,2066.0,0.0,0.0,0.0,0.0,0.0,0.0,0.0,0.0,0.0,0.0,0.0,0.0,0.0,,,,,,,
-0.007416790351271629,mappo,5.0214783442470434e-08,0.357718288898468,0.00037969323107702574,2067.0,,,,,,,,,,,,,,0.0,,,,,0.014288346283137798,0.0
,mappo,,,,2067.0,0.0,0.0,0.0,0.0,0.0,0.0,0.0,0.0,0.0,0.0,0.0,0.0,0.0,,,,,,,
-0.007131070829927921,mappo,8.435469567302789e-08,0.3798719048500061,0.00037939313104368123,2068.0,,,,,,,,,,,,,,0.0,,,,,0.014139117673039436,0.0
,mappo,,,,2068.0,0.0,0.0,0.0,0.0,0.0,0.0,0.0,0.0,0.0,0.0,0.0,0.0,0.0,,,,,,,
0.002199784154072404,mappo,1.0530365557315235e-07,0.3133840560913086,0.0003790930310103368,2069.0,,,,,,,,,,,,,,0.0,,,,,0.014306419529020786,0.0
,mappo,,,,2069.0,0.0,0.0,0.0,0.0,0.0,0.0,0.0,0.0,0.0,0.0,0.0,0.0,0.0,,,,,,,
0.004381419625133276,mappo,1.2771853619142348e-07,0.31549331545829773,0.0003787929309769923,2070.0,,,,,,,,,,,,,,0.0,,,,,0.014303001575171947,0.0
,mappo,,,,2070.0,0.0,0.0,0.0,0.0,0.0,0.0,0.0,0.0,0.0,0.0,0.0,0.0,0.0,,,,,,,
-0.003101689973846078,mappo,1.7759924730853527e-07,0.3558463156223297,0.0003784928309436479,2071.0,,,,,,,,,,,,,,0.0,,,,,0.01427233312278986,0.0
,mappo,,,,2071.0,0.0,0.0,0.0,0.0,0.0,0.0,0.0,0.0,0.0,0.0,0.0,0.0,0.0,,,,,,,
0.007280939258635044,mappo,1.6279150827358535e-07,0.4178107678890228,0.0003781927309103035,2072.0,,,,,,,,,,,,,,0.0,,,,,0.014235449954867363,0.0
,mappo,,,,2072.0,0.0,0.0,0.0,0.0,0.0,0.0,0.0,0.0,0.0,0.0,0.0,0.0,0.0,,,,,,,
-0.009212194941937923,mappo,1.885044866867247e-07,0.4459737539291382,0.00037789263087695897,2073.0,,,,,,,,,,,,,,0.0,,,,,0.01418447308242321,0.0
,mappo,,,,2073.0,0.0,0.0,0.0,0.0,0.0,0.0,0.0,0.0,0.0,0.0,0.0,0.0,0.0,,,,,,,
-0.0015534745762124658,mappo,1.7001076457745512e-07,0.5093295574188232,0.00037759253084361467,2074.0,,,,,,,,,,,,,,0.0,,,,,0.014128429815173149,0.0
,mappo,,,,2074.0,0.0,0.0,0.0,0.0,0.0,0.0,0.0,0.0,0.0,0.0,0.0,0.0,0.0,,,,,,,
-0.008197971619665623,mappo,1.5177971590674133e-07,0.4740821421146393,0.00037729243081027015,2075.0,,,,,,,,,,,,,,0.0,,,,,0.014369392767548561,0.0
,mappo,,,,2075.0,0.0,0.0,0.0,0.0,0.0,0.0,0.0,0.0,0.0,0.0,0.0,0.0,0.0,,,,,,,
-0.0066123767755925655,mappo,1.740870487765278e-07,0.44510751962661743,0.00037699233077692564,2076.0,,,,,,,,,,,,,,0.0,,,,,0.014339428395032883,0.0
,mappo,,,,2076.0,0.0,0.0,0.0,0.0,0.0,0.0,0.0,0.0,0.0,0.0,0.0,0.0,0.0,,,,,,,
-0.0005508804460987449,mappo,1.1735244953570145e-07,0.43445146083831787,0.00037669223074358123,2077.0,,,,,,,,,,,,,,0.0,,,,,0.014295738190412521,0.0
,mappo,,,,2077.0,0.0,0.0,0.0,0.0,0.0,0.0,0.0,0.0,0.0,0.0,0.0,0.0,0.0,,,,,,,
-0.0065863910131156445,mappo,1.298000853466874e-07,0.45090562105178833,0.0003763921307102368,2078.0,,,,,,,,,,,,,,0.0,,,,,0.014211120083928108,0.0
,mappo,,,,2078.0,0.0,0.0,0.0,0.0,0.0,0.0,0.0,0.0,0.0,0.0,0.0,0.0,0.0,,,,,,,
-0.0046556256711483,mappo,8.021003594649301e-08,0.45715051889419556,0.0003760920306768923,2079.0,,,,,,,,,,,,,,0.0,,,,,0.014185039326548576,0.0
,mappo,,,,2079.0,0.0,0.0,0.0,0.0,0.0,0.0,0.0,0.0,0.0,0.0,0.0,0.0,0.0,,,,,,,
6.582798960153013e-05,mappo,6.492902571153536e-08,0.4191410541534424,0.0003757919306435479,2080.0,,,,,,,,,,,,,,0.0,,,,,0.014294980093836784,0.0
,mappo,,,,2080.0,0.0,0.0,0.0,0.0,0.0,0.0,0.0,0.0,0.0,0.0,0.0,0.0,0.0,,,,,,,
-0.007751955650746822,mappo,5.111643019972689e-08,0.36764371395111084,0.0003754918306102034,2081.0,,,,,,,,,,,,,,0.0,,,,,0.0143236443400383,0.0
,mappo,,,,2081.0,0.0,0.0,0.0,0.0,0.0,0.0,0.0,0.0,0.0,0.0,0.0,0.0,0.0,,,,,,,
-0.00907956063747406,mappo,2.190073189467512e-08,0.31198471784591675,0.00037519173057685897,2082.0,,,,,,,,,,,,,,0.0,,,,,0.014410298317670822,0.0
,mappo,,,,2082.0,0.0,0.0,0.0,0.0,0.0,0.0,0.0,0.0,0.0,0.0,0.0,0.0,0.0,,,,,,,
-0.0051060887053608894,mappo,8.417157637552464e-09,0.3772251009941101,0.00037489163054351456,2083.0,,,,,,,,,,,,,,0.0,,,,,0.01427421160042286,0.0
,mappo,,,,2083.0,0.0,0.0,0.0,0.0,0.0,0.0,0.0,0.0,0.0,0.0,0.0,0.0,0.0,,,,,,,
-0.0033362703397870064,mappo,5.551555215532744e-09,0.4211685061454773,0.00037459153051017005,2084.0,,,,,,,,,,,,,,0.0,,,,,0.014107860624790192,0.0
,mappo,,,,2084.0,0.0,0.0,0.0,0.0,0.0,0.0,0.0,0.0,0.0,0.0,0.0,0.0,0.0,,,,,,,
-0.0075451163575053215,mappo,7.667715351544757e-09,0.40344542264938354,0.00037429143047682564,2085.0,,,,,,,,,,,,,,0.0,,,,,0.014206469990313053,0.0
,mappo,,,,2085.0,0.0,0.0,0.0,0.0,0.0,0.0,0.0,0.0,0.0,0.0,0.0,0.0,0.0,,,,,,,
-0.003464839654043317,mappo,7.641598465113475e-09,0.3691735565662384,0.00037399133044348123,2086.0,,,,,,,,,,,,,,0.0,,,,,0.014265123754739761,0.0
,mappo,,,,2086.0,0.0,0.0,0.0,0.0,0.0,0.0,0.0,0.0,0.0,0.0,0.0,0.0,0.0,,,,,,,
-0.01067240722477436,mappo,7.698542248135709e-09,0.4404226541519165,0.0003736912304101367,2087.0,,,,,,,,,,,,,,0.0,,,,,0.014111675322055817,0.0
,mappo,,,,2087.0,0.0,0.0,0.0,0.0,0.0,0.0,0.0,0.0,0.0,0.0,0.0,0.0,0.0,,,,,,,
-0.005625454243272543,mappo,1.9687345087504582e-08,0.4585994482040405,0.0003733911303767923,2088.0,,,,,,,,,,,,,,0.0,,,,,0.014154104515910149,0.0
,mappo,,,,2088.0,0.0,0.0,0.0,0.0,0.0,0.0,0.0,0.0,0.0,0.0,0.0,0.0,0.0,,,,,,,
-0.004007681272923946,mappo,4.0984236449048694e-08,0.3918316066265106,0.0003730910303434479,2089.0,,,,,,,,,,,,,,0.0,,,,,0.014279985800385475,0.0
,mappo,,,,2089.0,0.0,0.0,0.0,0.0,0.0,0.0,0.0,0.0,0.0,0.0,0.0,0.0,0.0,,,,,,,
-0.0026004149112850428,mappo,9.791355637389643e-08,0.3756020665168762,0.0003727909303101034,2090.0,,,,,,,,,,,,,,0.0,,,,,0.014333603903651237,0.0
,mappo,,,,2090.0,0.0,0.0,0.0,0.0,0.0,0.0,0.0,0.0,0.0,0.0,0.0,0.0,0.0,,,,,,,
-0.0034340480342507362,mappo,1.4650088075995882e-07,0.4246951937675476,0.00037249083027675897,2091.0,,,,,,,,,,,,,,0.0,,,,,0.014249162748456001,0.0
,mappo,,,,2091.0,0.0,0.0,0.0,0.0,0.0,0.0,0.0,0.0,0.0,0.0,0.0,0.0,0.0,,,,,,,
0.007019150536507368,mappo,1.571906835806658e-07,0.4148617088794708,0.00037219073024341446,2092.0,,,,,,,,,,,,,,0.0,,,,,0.014303253963589668,0.0
,mappo,,,,2092.0,0.0,0.0,0.0,0.0,0.0,0.0,0.0,0.0,0.0,0.0,0.0,0.0,0.0,,,,,,,
-0.0018504660110920668,mappo,2.477472662576474e-07,0.4022256135940552,0.00037189063021007005,2093.0,,,,,,,,,,,,,,0.0,,,,,0.014353226870298386,0.0
,mappo,,,,2093.0,0.0,0.0,0.0,0.0,0.0,0.0,0.0,0.0,0.0,0.0,0.0,0.0,0.0,,,,,,,
-0.0025540615897625685,mappo,2.5120840518866316e-07,0.3718663156032562,0.00037159053017672564,2094.0,,,,,,,,,,,,,,0.0,,,,,0.014349181205034256,0.0
,mappo,,,,2094.0,0.0,0.0,0.0,0.0,0.0,0.0,0.0,0.0,0.0,0.0,0.0,0.0,0.0,,,,,,,
-0.008333475328981876,mappo,2.70822823722483e-07,0.42873087525367737,0.0003712904301433811,2095.0,,,,,,,,,,,,,,0.0,,,,,0.014410017058253288,0.0
,mappo,,,,2095.0,0.0,0.0,0.0,0.0,0.0,0.0,0.0,0.0,0.0,0.0,0.0,0.0,0.0,,,,,,,
-0.0008623938192613423,mappo,2.51068399848009e-07,0.45604491233825684,0.0003709903301100367,2096.0,,,,,,,,,,,,,,0.0,,,,,0.014302203431725502,0.0
,mappo,,,,2096.0,0.0,0.0,0.0,0.0,0.0,0.0,0.0,0.0,0.0,0.0,0.0,0.0,0.0,,,,,,,
-0.0038568286690860987,mappo,2.870084472306189e-07,0.44862183928489685,0.0003706902300766923,2097.0,,,,,,,,,,,,,,0.0,,,,,0.014259859919548035,0.0
,mappo,,,,2097.0,0.0,0.0,0.0,0.0,0.0,0.0,0.0,0.0,0.0,0.0,0.0,0.0,0.0,,,,,,,
-0.002506213029846549,mappo,2.906953113779309e-07,0.43158018589019775,0.0003703901300433478,2098.0,,,,,,,,,,,,,,0.0,,,,,0.01446731761097908,0.0
,mappo,,,,2098.0,0.0,0.0,0.0,0.0,0.0,0.0,0.0,0.0,0.0,0.0,0.0,0.0,0.0,,,,,,,
-0.0005266799125820398,mappo,2.362582449677575e-07,0.4276183545589447,0.0003700900300100034,2099.0,,,,,,,,,,,,,,0.0,,,,,0.014461738988757133,0.0
,mappo,,,,2099.0,0.0,0.0,0.0,0.0,0.0,0.0,0.0,0.0,0.0,0.0,0.0,0.0,0.0,,,,,,,
,mappo,,,,2099.0,,,,,,,,,,,,,,,0.0,0.0,0.0,0.0,,
-0.011370571330189705,mappo,2.2014211253917892e-07,0.4214838147163391,0.00036978992997665887,2100.0,,,,,,,,,,,,,,0.0,,,,,0.014402514323592186,0.0
,mappo,,,,2100.0,0.0,0.0,0.0,0.0,0.0,0.0,0.0,0.0,0.0,0.0,0.0,0.0,0.0,,,,,,,
0.017043497413396835,mappo,2.0671858180776326e-07,0.42379820346832275,0.00036948982994331446,2101.0,,,,,,,,,,,,,,0.0,,,,,0.014438057318329811,0.0
,mappo,,,,2101.0,0.0,0.0,0.0,0.0,0.0,0.0,0.0,0.0,0.0,0.0,0.0,0.0,0.0,,,,,,,
-0.0073028551414608955,mappo,2.410897650406696e-07,0.5258234143257141,0.00036918972990997005,2102.0,,,,,,,,,,,,,,0.0,,,,,0.014199130237102509,0.0
,mappo,,,,2102.0,0.0,0.0,0.0,0.0,0.0,0.0,0.0,0.0,0.0,0.0,0.0,0.0,0.0,,,,,,,
-0.0028038464952260256,mappo,1.609895292631336e-07,0.506218433380127,0.00036888962987662553,2103.0,,,,,,,,,,,,,,0.0,,,,,0.01413141842931509,0.0
,mappo,,,,2103.0,0.0,0.0,0.0,0.0,0.0,0.0,0.0,0.0,0.0,0.0,0.0,0.0,0.0,,,,,,,
-0.0030315998010337353,mappo,1.4929383951312047e-07,0.4717243015766144,0.0003685895298432811,2104.0,,,,,,,,,,,,,,0.0,,,,,0.014347603544592857,0.0
,mappo,,,,2104.0,0.0,0.0,0.0,0.0,0.0,0.0,0.0,0.0,0.0,0.0,0.0,0.0,0.0,,,,,,,
-0.005677627865225077,mappo,9.189680127974498e-08,0.4903559386730194,0.0003682894298099367,2105.0,,,,,,,,,,,,,,0.0,,,,,0.01422465406358242,0.0
,mappo,,,,2105.0,0.0,0.0,0.0,0.0,0.0,0.0,0.0,0.0,0.0,0.0,0.0,0.0,0.0,,,,,,,
0.001051530591212213,mappo,6.409145214547607e-08,0.5283852219581604,0.0003679893297765922,2106.0,,,,,,,,,,,,,,0.0,,,,,0.014225620776414871,0.0
,mappo,,,,2106.0,0.0,0.0,0.0,0.0,0.0,0.0,0.0,0.0,0.0,0.0,0.0,0.0,0.0,,,,,,,
-0.007493584882467985,mappo,3.0430459929675635e-08,0.5054853558540344,0.0003676892297432478,2107.0,,,,,,,,,,,,,,0.0,,,,,0.014264996163547039,0.0
,mappo,,,,2107.0,0.0,0.0,0.0,0.0,0.0,0.0,0.0,0.0,0.0,0.0,0.0,0.0,0.0,,,,,,,
-0.002274680882692337,mappo,2.730286929875092e-08,0.5008686184883118,0.0003673891297099034,2108.0,,,,,,,,,,,,,,0.0,,,,,0.014251530170440674,0.0
,mappo,,,,2108.0,0.0,0.0,0.0,0.0,0.0,0.0,0.0,0.0,0.0,0.0,0.0,0.0,0.0,,,,,,,
-0.004444003105163574,mappo,7.422078063257231e-09,0.5151543617248535,0.00036708902967655887,2109.0,,,,,,,,,,,,,,0.0,,,,,0.014312129467725754,0.0
,mappo,,,,2109.0,0.0,0.0,0.0,0.0,0.0,0.0,0.0,0.0,0.0,0.0,0.0,0.0,0.0,,,,,,,
-0.009974101558327675,mappo,1.5575462697370313e-08,0.526248574256897,0.00036678892964321446,2110.0,,,,,,,,,,,,,,0.0,,,,,0.014209747314453125,0.0
,mappo,,,,2110.0,0.0,0.0,0.0,0.0,0.0,0.0,0.0,0.0,0.0,0.0,0.0,0.0,0.0,,,,,,,
-0.0078384755179286,mappo,1.6040276662465658e-08,0.4840523302555084,0.00036648882960986994,2111.0,,,,,,,,,,,,,,0.0,,,,,0.014336097985506058,0.0
,mappo,,,,2111.0,0.0,0.0,0.0,0.0,0.0,0.0,0.0,0.0,0.0,0.0,0.0,0.0,0.0,,,,,,,
-0.004078438971191645,mappo,2.167305268585551e-08,0.5899828672409058,0.00036618872957652553,2112.0,,,,,,,,,,,,,,0.0,,,,,0.014126824215054512,0.0
,mappo,,,,2112.0,0.0,0.0,0.0,0.0,0.0,0.0,0.0,0.0,0.0,0.0,0.0,0.0,0.0,,,,,,,
-0.0002541535650379956,mappo,4.10336227218977e-08,0.5803571343421936,0.0003658886295431811,2113.0,,,,,,,,,,,,,,0.0,,,,,0.014142826199531555,0.0
,mappo,,,,2113.0,0.0,0.0,0.0,0.0,0.0,0.0,0.0,0.0,0.0,0.0,0.0,0.0,0.0,,,,,,,
-0.007478435058146715,mappo,7.353082054351034e-08,0.6028497815132141,0.0003655885295098366,2114.0,,,,,,,,,,,,,,0.0,,,,,0.014220863580703735,0.0
,mappo,,,,2114.0,0.0,0.0,0.0,0.0,0.0,0.0,0.0,0.0,0.0,0.0,0.0,0.0,0.0,,,,,,,
0.002556645544245839,mappo,1.2404083804540278e-07,0.6232048273086548,0.0003652884294764922,2115.0,,,,,,,,,,,,,,0.0,,,,,0.014238478615880013,0.0
,mappo,,,,2115.0,0.0,0.0,0.0,0.0,0.0,0.0,0.0,0.0,0.0,0.0,0.0,0.0,0.0,,,,,,,
-0.00603118073195219,mappo,0.0048221563920378685,0.5476445555686951,0.0003649883294431478,2116.0,,,,,,,,,,,,,,0.0,,,,,0.015130976215004921,0.006666666828095913
,mappo,,,,2116.0,0.0,0.0,0.3333333432674408,0.0,0.0,0.0,0.3333333432674408,0.0,0.0,0.0,0.0,0.0,0.0,,,,,,,
-0.0038284026086330414,mappo,0.00017608441703487188,0.5129865407943726,0.0003646882294098033,2117.0,,,,,,,,,,,,,,0.0,,,,,0.014541431330144405,0.0
,mappo,,,,2117.0,0.0,0.0,0.0,0.0,0.0,0.0,0.0,0.0,0.0,0.0,0.0,0.0,0.0,,,,,,,
-0.011379189789295197,mappo,9.441150177735835e-05,0.5631385445594788,0.00036438812937645887,2118.0,,,,,,,,,,,,,,0.0,,,,,0.014248771592974663,0.0
,mappo,,,,2118.0,0.0,0.0,0.0,0.0,0.0,0.0,0.0,0.0,0.0,0.0,0.0,0.0,0.0,,,,,,,
-0.0010721419239416718,mappo,4.1161336412187666e-05,0.5084483027458191,0.00036408802934311446,2119.0,,,,,,,,,,,,,,0.0,,,,,0.014323459006845951,0.0
,mappo,,,,2119.0,0.0,0.0,0.0,0.0,0.0,0.0,0.0,0.0,0.0,0.0,0.0,0.0,0.0,,,,,,,
-0.004566624294966459,mappo,1.9186958525096998e-05,0.49492859840393066,0.00036378792930976994,2120.0,,,,,,,,,,,,,,0.0,,,,,0.014334538020193577,0.0
,mappo,,,,2120.0,0.0,0.0,0.0,0.0,0.0,0.0,0.0,0.0,0.0,0.0,0.0,0.0,0.0,,,,,,,
-0.011003774590790272,mappo,8.81381674844306e-06,0.4933086037635803,0.00036348782927642554,2121.0,,,,,,,,,,,,,,0.0,,,,,0.01433904841542244,0.0
,mappo,,,,2121.0,0.0,0.0,0.0,0.0,0.0,0.0,0.0,0.0,0.0,0.0,0.0,0.0,0.0,,,,,,,
0.00048417161451652646,mappo,3.2458549412694992e-06,0.4777352809906006,0.000363187729243081,2122.0,,,,,,,,,,,,,,0.0,,,,,0.014371607452630997,0.0
,mappo,,,,2122.0,0.0,0.0,0.0,0.0,0.0,0.0,0.0,0.0,0.0,0.0,0.0,0.0,0.0,,,,,,,
-0.0016862333286553621,mappo,1.0899923381657572e-06,0.49221527576446533,0.0003628876292097366,2123.0,,,,,,,,,,,,,,0.0,,,,,0.014364682137966156,0.0
,mappo,,,,2123.0,0.0,0.0,0.0,0.0,0.0,0.0,0.0,0.0,0.0,0.0,0.0,0.0,0.0,,,,,,,
-0.004196420777589083,mappo,1.7713074385028449e-06,0.5273283123970032,0.0003625875291763922,2124.0,,,,,,,,,,,,,,0.0,,,,,0.014209330081939697,0.0
,mappo,,,,2124.0,0.0,0.0,0.0,0.0,0.0,0.0,0.0,0.0,0.0,0.0,0.0,0.0,0.0,,,,,,,
-0.0036998908035457134,mappo,2.8033236958435737e-06,0.4740504324436188,0.0003622874291430477,2125.0,,,,,,,,,,,,,,0.0,,,,,0.014279475435614586,0.0
,mappo,,,,2125.0,0.0,0.0,0.0,0.0,0.0,0.0,0.0,0.0,0.0,0.0,0.0,0.0,0.0,,,,,,,
-0.015872053802013397,mappo,1.6345678659490659e-06,0.4282163083553314,0.0003619873291097033,2126.0,,,,,,,,,,,,,,0.0,,,,,0.014337087981402874,0.0
,mappo,,,,2126.0,0.0,0.0,0.0,0.0,0.0,0.0,0.0,0.0,0.0,0.0,0.0,0.0,0.0,,,,,,,
0.018191508948802948,mappo,1.0559564316281467e-06,0.40252238512039185,0.00036168722907635887,2127.0,,,,,,,,,,,,,,0.0,,,,,0.014284884557127953,0.0
,mappo,,,,2127.0,0.0,0.0,0.0,0.0,0.0,0.0,0.0,0.0,0.0,0.0,0.0,0.0,0.0,,,,,,,
-0.003880683798342943,mappo,9.837808647716884e-07,0.4797002077102661,0.00036138712904301435,2128.0,,,,,,,,,,,,,,0.0,,,,,0.014107846654951572,0.0
,mappo,,,,2128.0,0.0,0.0,0.0,0.0,0.0,0.0,0.0,0.0,0.0,0.0,0.0,0.0,0.0,,,,,,,
-0.009019797667860985,mappo,7.492329814340337e-07,0.44843679666519165,0.00036108702900966994,2129.0,,,,,,,,,,,,,,0.0,,,,,0.014157403260469437,0.0
,mappo,,,,2129.0,0.0,0.0,0.0,0.0,0.0,0.0,0.0,0.0,0.0,0.0,0.0,0.0,0.0,,,,,,,
-0.0033891554921865463,mappo,9.387703130414593e-07,0.4433212876319885,0.00036078692897632543,2130.0,,,,,,,,,,,,,,0.0,,,,,0.014043085277080536,0.0
,mappo,,,,2130.0,0.0,0.0,0.0,0.0,0.0,0.0,0.0,0.0,0.0,0.0,0.0,0.0,0.0,,,,,,,
-0.01170287560671568,mappo,8.85365579961217e-07,0.4133644104003906,0.000360486828942981,2131.0,,,,,,,,,,,,,,0.0,,,,,0.014008589088916779,0.0
,mappo,,,,2131.0,0.0,0.0,0.0,0.0,0.0,0.0,0.0,0.0,0.0,0.0,0.0,0.0,0.0,,,,,,,
-0.0030008244793862104,mappo,6.693590535178373e-07,0.3962295353412628,0.0003601867289096366,2132.0,,,,,,,,,,,,,,0.0,,,,,0.014051773585379124,0.0
,mappo,,,,2132.0,0.0,0.0,0.0,0.0,0.0,0.0,0.0,0.0,0.0,0.0,0.0,0.0,0.0,,,,,,,
-0.006007052026689053,mappo,4.590123410253e-07,0.36517858505249023,0.0003598866288762921,2133.0,,,,,,,,,,,,,,0.0,,,,,0.01401512511074543,0.0
,mappo,,,,2133.0,0.0,0.0,0.0,0.0,0.0,0.0,0.0,0.0,0.0,0.0,0.0,0.0,0.0,,,,,,,
-0.00044060661457479,mappo,3.401915478207229e-07,0.4584103524684906,0.0003595865288429477,2134.0,,,,,,,,,,,,,,0.0,,,,,0.013824725523591042,0.0
,mappo,,,,2134.0,0.0,0.0,0.0,0.0,0.0,0.0,0.0,0.0,0.0,0.0,0.0,0.0,0.0,,,,,,,
-0.006649421527981758,mappo,2.521085491480335e-07,0.47168049216270447,0.0003592864288096033,2135.0,,,,,,,,,,,,,,0.0,,,,,0.013895554468035698,0.0
,mappo,,,,2135.0,0.0,0.0,0.0,0.0,0.0,0.0,0.0,0.0,0.0,0.0,0.0,0.0,0.0,,,,,,,
-0.01079349871724844,mappo,4.3891932932638156e-07,0.4886435568332672,0.00035898632877625876,2136.0,,,,,,,,,,,,,,0.0,,,,,0.01386181078851223,0.0
,mappo,,,,2136.0,0.0,0.0,0.0,0.0,0.0,0.0,0.0,0.0,0.0,0.0,0.0,0.0,0.0,,,,,,,
-0.005556168965995312,mappo,3.418707024138712e-07,0.5124177932739258,0.00035868622874291435,2137.0,,,,,,,,,,,,,,0.0,,,,,0.013982119970023632,0.0
,mappo,,,,2137.0,0.0,0.0,0.0,0.0,0.0,0.0,0.0,0.0,0.0,0.0,0.0,0.0,0.0,,,,,,,
-0.009779204614460468,mappo,2.462712984652171e-07,0.5727635622024536,0.00035838612870956995,2138.0,,,,,,,,,,,,,,0.0,,,,,0.01379622332751751,0.0
,mappo,,,,2138.0,0.0,0.0,0.0,0.0,0.0,0.0,0.0,0.0,0.0,0.0,0.0,0.0,0.0,,,,,,,
-0.002338965190574527,mappo,2.683783293377928e-07,0.523318886756897,0.00035808602867622543,2139.0,,,,,,,,,,,,,,0.0,,,,,0.013850538060069084,0.0
,mappo,,,,2139.0,0.0,0.0,0.0,0.0,0.0,0.0,0.0,0.0,0.0,0.0,0.0,0.0,0.0,,,,,,,
-0.000926816079299897,mappo,2.563203054251062e-07,0.5361396074295044,0.000357785928642881,2140.0,,,,,,,,,,,,,,0.0,,,,,0.013686531223356724,0.0
,mappo,,,,2140.0,0.0,0.0,0.0,0.0,0.0,0.0,0.0,0.0,0.0,0.0,0.0,0.0,0.0,,,,,,,
-0.007439031265676022,mappo,1.9031546116821119e-07,0.5099122524261475,0.0003574858286095365,2141.0,,,,,,,,,,,,,,0.0,,,,,0.013819687068462372,0.0
,mappo,,,,2141.0,0.0,0.0,0.0,0.0,0.0,0.0,0.0,0.0,0.0,0.0,0.0,0.0,0.0,,,,,,,
-0.006134210154414177,mappo,2.009387429779963e-07,0.4592582583427429,0.0003571857285761921,2142.0,,,,,,,,,,,,,,0.0,,,,,0.01387721672654152,0.0
,mappo,,,,2142.0,0.0,0.0,0.0,0.0,0.0,0.0,0.0,0.0,0.0,0.0,0.0,0.0,0.0,,,,,,,
0.005561465863138437,mappo,1.6692214899194369e-07,0.4562065005302429,0.0003568856285428477,2143.0,,,,,,,,,,,,,,0.0,,,,,0.013764526695013046,0.0
,mappo,,,,2143.0,0.0,0.0,0.0,0.0,0.0,0.0,0.0,0.0,0.0,0.0,0.0,0.0,0.0,,,,,,,
-0.008452663198113441,mappo,2.5094021793847787e-07,0.4578072130680084,0.00035658552850950317,2144.0,,,,,,,,,,,,,,0.0,,,,,0.013662824407219887,0.0
,mappo,,,,2144.0,0.0,0.0,0.0,0.0,0.0,0.0,0.0,0.0,0.0,0.0,0.0,0.0,0.0,,,,,,,
-0.00721513107419014,mappo,9.829936686855945e-08,0.43078577518463135,0.00035628542847615876,2145.0,,,,,,,,,,,,,,0.0,,,,,0.013659019023180008,0.0
,mappo,,,,2145.0,0.0,0.0,0.0,0.0,0.0,0.0,0.0,0.0,0.0,0.0,0.0,0.0,0.0,,,,,,,
-0.006235017441213131,mappo,7.115281874803259e-08,0.414154976606369,0.00035598532844281436,2146.0,,,,,,,,,,,,,,0.0,,,,,0.013589374721050262,0.0
,mappo,,,,2146.0,0.0,0.0,0.0,0.0,0.0,0.0,0.0,0.0,0.0,0.0,0.0,0.0,0.0,,,,,,,
-0.0029412151779979467,mappo,1.4922818536433624e-07,0.3982633948326111,0.00035568522840946984,2147.0,,,,,,,,,,,,,,0.0,,,,,0.013646859675645828,0.0
,mappo,,,,2147.0,0.0,0.0,0.0,0.0,0.0,0.0,0.0,0.0,0.0,0.0,0.0,0.0,0.0,,,,,,,
-0.002648270921781659,mappo,5.105978218011842e-08,0.42815616726875305,0.00035538512837612543,2148.0,,,,,,,,,,,,,,0.0,,,,,0.013591837137937546,0.0
,mappo,,,,2148.0,0.0,0.0,0.0,0.0,0.0,0.0,0.0,0.0,0.0,0.0,0.0,0.0,0.0,,,,,,,
-0.004079677164554596,mappo,9.014950563823731e-08,0.4764312207698822,0.000355085028342781,2149.0,,,,,,,,,,,,,,0.0,,,,,0.013544190675020218,0.0
,mappo,,,,2149.0,0.0,0.0,0.0,0.0,0.0,0.0,0.0,0.0,0.0,0.0,0.0,0.0,0.0,,,,,,,
-0.0005774052115157247,mappo,1.6981124417725368e-07,0.4164368808269501,0.0003547849283094365,2150.0,,,,,,,,,,,,,,0.0,,,,,0.013565218076109886,0.0
,mappo,,,,2150.0,0.0,0.0,0.0,0.0,0.0,0.0,0.0,0.0,0.0,0.0,0.0,0.0,0.0,,,,,,,
-0.00823071226477623,mappo,1.5619649218479026e-07,0.3943392336368561,0.0003544848282760921,2151.0,,,,,,,,,,,,,,0.0,,,,,0.01358634140342474,0.0
,mappo,,,,2151.0,0.0,0.0,0.0,0.0,0.0,0.0,0.0,0.0,0.0,0.0,0.0,0.0,0.0,,,,,,,
-0.004161486402153969,mappo,5.172837092004556e-08,0.3597885072231293,0.0003541847282427476,2152.0,,,,,,,,,,,,,,0.0,,,,,0.013624186627566814,0.0
,mappo,,,,2152.0,0.0,0.0,0.0,0.0,0.0,0.0,0.0,0.0,0.0,0.0,0.0,0.0,0.0,,,,,,,
-0.003670872189104557,mappo,3.970954054466347e-08,0.32550048828125,0.0003538846282094032,2153.0,,,,,,,,,,,,,,0.0,,,,,0.013605969026684761,0.0
,mappo,,,,2153.0,0.0,0.0,0.0,0.0,0.0,0.0,0.0,0.0,0.0,0.0,0.0,0.0,0.0,,,,,,,
-0.003756701946258545,mappo,1.0055182997348311e-07,0.33623063564300537,0.00035358452817605877,2154.0,,,,,,,,,,,,,,0.0,,,,,0.013496754691004753,0.0
,mappo,,,,2154.0,0.0,0.0,0.0,0.0,0.0,0.0,0.0,0.0,0.0,0.0,0.0,0.0,0.0,,,,,,,
-0.001054079388268292,mappo,3.868741416113153e-08,0.3205256760120392,0.00035328442814271425,2155.0,,,,,,,,,,,,,,0.0,,,,,0.013518083840608597,0.0
,mappo,,,,2155.0,0.0,0.0,0.0,0.0,0.0,0.0,0.0,0.0,0.0,0.0,0.0,0.0,0.0,,,,,,,
0.008274193853139877,mappo,5.560635685242232e-08,0.2965407371520996,0.00035298432810936984,2156.0,,,,,,,,,,,,,,0.0,,,,,0.013517064973711967,0.0
,mappo,,,,2156.0,0.0,0.0,0.0,0.0,0.0,0.0,0.0,0.0,0.0,0.0,0.0,0.0,0.0,,,,,,,
-0.00783253088593483,mappo,6.93417945285546e-08,0.23168940842151642,0.00035268422807602543,2157.0,,,,,,,,,,,,,,0.0,,,,,0.013614566996693611,0.0
,mappo,,,,2157.0,0.0,0.0,0.0,0.0,0.0,0.0,0.0,0.0,0.0,0.0,0.0,0.0,0.0,,,,,,,
0.0001755128032527864,mappo,6.199259416916902e-08,0.26972323656082153,0.0003523841280426809,2158.0,,,,,,,,,,,,,,0.0,,,,,0.013529060408473015,0.0
,mappo,,,,2158.0,0.0,0.0,0.0,0.0,0.0,0.0,0.0,0.0,0.0,0.0,0.0,0.0,0.0,,,,,,,
-0.0019265951123088598,mappo,6.685481679369332e-08,0.32350727915763855,0.0003520840280093365,2159.0,,,,,,,,,,,,,,0.0,,,,,0.01343198399990797,0.0
,mappo,,,,2159.0,0.0,0.0,0.0,0.0,0.0,0.0,0.0,0.0,0.0,0.0,0.0,0.0,0.0,,,,,,,
-0.0017883636755868793,mappo,6.310429512268456e-08,0.30543842911720276,0.000351783927975992,2160.0,,,,,,,,,,,,,,0.0,,,,,0.013463753275573254,0.0
,mappo,,,,2160.0,0.0,0.0,0.0,0.0,0.0,0.0,0.0,0.0,0.0,0.0,0.0,0.0,0.0,,,,,,,
0.01981351338326931,mappo,9.643012077731328e-08,0.3170437812805176,0.0003514838279426476,2161.0,,,,,,,,,,,,,,0.0,,,,,0.013483144342899323,0.0
,mappo,,,,2161.0,0.0,0.0,0.0,0.0,0.0,0.0,0.0,0.0,0.0,0.0,0.0,0.0,0.0,,,,,,,
-0.00312593299895525,mappo,4.6048612034610414e-08,0.350669801235199,0.0003511837279093032,2162.0,,,,,,,,,,,,,,0.0,,,,,0.01340065523982048,0.0
,mappo,,,,2162.0,0.0,0.0,0.0,0.0,0.0,0.0,0.0,0.0,0.0,0.0,0.0,0.0,0.0,,,,,,,
-0.012372714467346668,mappo,6.32555838819826e-08,0.36610499024391174,0.00035088362787595866,2163.0,,,,,,,,,,,,,,0.0,,,,,0.013427267782390118,0.0
,mappo,,,,2163.0,0.0,0.0,0.0,0.0,0.0,0.0,0.0,0.0,0.0,0.0,0.0,0.0,0.0,,,,,,,
-0.004199016373604536,mappo,6.42748005930116e-08,0.3933020532131195,0.00035058352784261425,2164.0,,,,,,,,,,,,,,0.0,,,,,0.013484647497534752,0.0
,mappo,,,,2164.0,0.0,0.0,0.0,0.0,0.0,0.0,0.0,0.0,0.0,0.0,0.0,0.0,0.0,,,,,,,
-0.0019088139524683356,mappo,4.481223214725105e-08,0.3863063454627991,0.00035028342780926984,2165.0,,,,,,,,,,,,,,0.0,,,,,0.013488870114088058,0.0
,mappo,,,,2165.0,0.0,0.0,0.0,0.0,0.0,0.0,0.0,0.0,0.0,0.0,0.0,0.0,0.0,,,,,,,
-0.0023295534774661064,mappo,6.620508230525957e-08,0.43359851837158203,0.0003499833277759253,2166.0,,,,,,,,,,,,,,0.0,,,,,0.013442791998386383,0.0
,mappo,,,,2166.0,0.0,0.0,0.0,0.0,0.0,0.0,0.0,0.0,0.0,0.0,0.0,0.0,0.0,,,,,,,
-0.005971340928226709,mappo,8.147785734990975e-08,0.4214997887611389,0.0003496832277425809,2167.0,,,,,,,,,,,,,,0.0,,,,,0.013500895351171494,0.0
,mappo,,,,2167.0,0.0,0.0,0.0,0.0,0.0,0.0,0.0,0.0,0.0,0.0,0.0,0.0,0.0,,,,,,,
0.00423014210537076,mappo,6.617405290398892e-08,0.3862950801849365,0.0003493831277092365,2168.0,,,,,,,,,,,,,,0.0,,,,,0.013466698117554188,0.0
,mappo,,,,2168.0,0.0,0.0,0.0,0.0,0.0,0.0,0.0,0.0,0.0,0.0,0.0,0.0,0.0,,,,,,,
0.00013625857536680996,mappo,8.002688645092348e-08,0.40794041752815247,0.000349083027675892,2169.0,,,,,,,,,,,,,,0.0,,,,,0.013485529460012913,0.0
,mappo,,,,2169.0,0.0,0.0,0.0,0.0,0.0,0.0,0.0,0.0,0.0,0.0,0.0,0.0,0.0,,,,,,,
-0.0015866744797676802,mappo,5.20795886416181e-08,0.3883846402168274,0.0003487829276425476,2170.0,,,,,,,,,,,,,,0.0,,,,,0.013432272709906101,0.0
,mappo,,,,2170.0,0.0,0.0,0.0,0.0,0.0,0.0,0.0,0.0,0.0,0.0,0.0,0.0,0.0,,,,,,,
-0.00029977585654705763,mappo,8.169127596602266e-08,0.4410409927368164,0.00034848282760920307,2171.0,,,,,,,,,,,,,,0.0,,,,,0.013444009236991405,0.0
,mappo,,,,2171.0,0.0,0.0,0.0,0.0,0.0,0.0,0.0,0.0,0.0,0.0,0.0,0.0,0.0,,,,,,,
-0.004691173788160086,mappo,6.653968398495635e-08,0.4092313349246979,0.00034818272757585866,2172.0,,,,,,,,,,,,,,0.0,,,,,0.013472547754645348,0.0
,mappo,,,,2172.0,0.0,0.0,0.0,0.0,0.0,0.0,0.0,0.0,0.0,0.0,0.0,0.0,0.0,,,,,,,
-0.003378337249159813,mappo,8.117206817814804e-08,0.384878933429718,0.00034788262754251425,2173.0,,,,,,,,,,,,,,0.0,,,,,0.01342562772333622,0.0
,mappo,,,,2173.0,0.0,0.0,0.0,0.0,0.0,0.0,0.0,0.0,0.0,0.0,0.0,0.0,0.0,,,,,,,
0.006783236749470234,mappo,7.720620232021247e-08,0.429825097322464,0.00034758252750916973,2174.0,,,,,,,,,,,,,,0.0,,,,,0.013463594019412994,0.0
,mappo,,,,2174.0,0.0,0.0,0.0,0.0,0.0,0.0,0.0,0.0,0.0,0.0,0.0,0.0,0.0,,,,,,,
0.002836251398548484,mappo,2.3317122455068784e-08,0.3853364884853363,0.0003472824274758252,2175.0,,,,,,,,,,,,,,0.0,,,,,0.013472188264131546,0.0
,mappo,,,,2175.0,0.0,0.0,0.0,0.0,0.0,0.0,0.0,0.0,0.0,0.0,0.0,0.0,0.0,,,,,,,
-0.00317128817550838,mappo,4.130779274191809e-08,0.38756322860717773,0.0003469823274424809,2176.0,,,,,,,,,,,,,,0.0,,,,,0.013562076725065708,0.0
,mappo,,,,2176.0,0.0,0.0,0.0,0.0,0.0,0.0,0.0,0.0,0.0,0.0,0.0,0.0,0.0,,,,,,,
-0.008791319094598293,mappo,3.625736866297302e-08,0.38753053545951843,0.0003466822274091364,2177.0,,,,,,,,,,,,,,0.0,,,,,0.01347400527447462,0.0
,mappo,,,,2177.0,0.0,0.0,0.0,0.0,0.0,0.0,0.0,0.0,0.0,0.0,0.0,0.0,0.0,,,,,,,
-0.002070424146950245,mappo,4.40565344206334e-08,0.3816462755203247,0.000346382127375792,2178.0,,,,,,,,,,,,,,0.0,,,,,0.013548271730542183,0.0
,mappo,,,,2178.0,0.0,0.0,0.0,0.0,0.0,0.0,0.0,0.0,0.0,0.0,0.0,0.0,0.0,,,,,,,
-0.006176293361932039,mappo,2.6972236000233352e-08,0.3947867453098297,0.0003460820273424476,2179.0,,,,,,,,,,,,,,0.0,,,,,0.01349659450352192,0.0
,mappo,,,,2179.0,0.0,0.0,0.0,0.0,0.0,0.0,0.0,0.0,0.0,0.0,0.0,0.0,0.0,,,,,,,
0.014774869196116924,mappo,2.0672759504236637e-08,0.41906416416168213,0.00034578192730910307,2180.0,,,,,,,,,,,,,,0.0,,,,,0.013597579672932625,0.0
,mappo,,,,2180.0,0.0,0.0,0.0,0.0,0.0,0.0,0.0,0.0,0.0,0.0,0.0,0.0,0.0,,,,,,,
-0.0013513111043721437,mappo,3.887222632670273e-08,0.4194984436035156,0.00034548182727575866,2181.0,,,,,,,,,,,,,,0.0,,,,,0.013594571501016617,0.0
,mappo,,,,2181.0,0.0,0.0,0.0,0.0,0.0,0.0,0.0,0.0,0.0,0.0,0.0,0.0,0.0,,,,,,,
0.0029008544515818357,mappo,2.281723432417948e-08,0.4068514406681061,0.00034518172724241414,2182.0,,,,,,,,,,,,,,0.0,,,,,0.01349665131419897,0.0
,mappo,,,,2182.0,0.0,0.0,0.0,0.0,0.0,0.0,0.0,0.0,0.0,0.0,0.0,0.0,0.0,,,,,,,
-0.009183647111058235,mappo,3.8400955304496165e-08,0.39022019505500793,0.00034488162720906974,2183.0,,,,,,,,,,,,,,0.0,,,,,0.013548136688768864,0.0
,mappo,,,,2183.0,0.0,0.0,0.0,0.0,0.0,0.0,0.0,0.0,0.0,0.0,0.0,0.0,0.0,,,,,,,
-0.0036605591885745525,mappo,1.9039736898207593e-08,0.4289814829826355,0.00034458152717572533,2184.0,,,,,,,,,,,,,,0.0,,,,,0.013508759438991547,0.0
,mappo,,,,2184.0,0.0,0.0,0.0,0.0,0.0,0.0,0.0,0.0,0.0,0.0,0.0,0.0,0.0,,,,,,,
-0.009431436657905579,mappo,3.8775304744831374e-08,0.3918866515159607,0.0003442814271423808,2185.0,,,,,,,,,,,,,,0.0,,,,,0.013541130349040031,0.0
,mappo,,,,2185.0,0.0,0.0,0.0,0.0,0.0,0.0,0.0,0.0,0.0,0.0,0.0,0.0,0.0,,,,,,,
-0.0007790953386574984,mappo,2.501758267214882e-08,0.3678794801235199,0.0003439813271090363,2186.0,,,,,,,,,,,,,,0.0,,,,,0.013571427203714848,0.0
,mappo,,,,2186.0,0.0,0.0,0.0,0.0,0.0,0.0,0.0,0.0,0.0,0.0,0.0,0.0,0.0,,,,,,,
-0.006481747608631849,mappo,2.6107407791187143e-08,0.3965163230895996,0.000343681227075692,2187.0,,,,,,,,,,,,,,0.0,,,,,0.013640394434332848,0.0
,mappo,,,,2187.0,0.0,0.0,0.0,0.0,0.0,0.0,0.0,0.0,0.0,0.0,0.0,0.0,0.0,,,,,,,
-0.002623610431328416,mappo,2.3813404581574105e-08,0.4010101854801178,0.0003433811270423475,2188.0,,,,,,,,,,,,,,0.0,,,,,0.013546795584261417,0.0
,mappo,,,,2188.0,0.0,0.0,0.0,0.0,0.0,0.0,0.0,0.0,0.0,0.0,0.0,0.0,0.0,,,,,,,
0.00011347448162268847,mappo,2.5352321131322242e-08,0.433935284614563,0.00034308102700900307,2189.0,,,,,,,,,,,,,,0.0,,,,,0.013512453995645046,0.0
,mappo,,,,2189.0,0.0,0.0,0.0,0.0,0.0,0.0,0.0,0.0,0.0,0.0,0.0,0.0,0.0,,,,,,,
-0.003937416709959507,mappo,4.865921354735292e-08,0.4286697804927826,0.00034278092697565855,2190.0,,,,,,,,,,,,,,0.0,,,,,0.01355992816388607,0.0
,mappo,,,,2190.0,0.0,0.0,0.0,0.0,0.0,0.0,0.0,0.0,0.0,0.0,0.0,0.0,0.0,,,,,,,
-0.005184511188417673,mappo,3.132836212671464e-08,0.45810744166374207,0.00034248082694231415,2191.0,,,,,,,,,,,,,,0.0,,,,,0.01345362514257431,0.0
,mappo,,,,2191.0,0.0,0.0,0.0,0.0,0.0,0.0,0.0,0.0,0.0,0.0,0.0,0.0,0.0,,,,,,,
0.007854839786887169,mappo,2.5932495262281918e-08,0.433403879404068,0.00034218072690896974,2192.0,,,,,,,,,,,,,,0.0,,,,,0.013570070266723633,0.0
,mappo,,,,2192.0,0.0,0.0,0.0,0.0,0.0,0.0,0.0,0.0,0.0,0.0,0.0,0.0,0.0,,,,,,,
-0.00120843097101897,mappo,2.9632419185077197e-08,0.42450082302093506,0.0003418806268756252,2193.0,,,,,,,,,,,,,,0.0,,,,,0.01352665014564991,0.0
,mappo,,,,2193.0,0.0,0.0,0.0,0.0,0.0,0.0,0.0,0.0,0.0,0.0,0.0,0.0,0.0,,,,,,,
-0.00969381257891655,mappo,2.1972569541617304e-08,0.38363969326019287,0.0003415805268422808,2194.0,,,,,,,,,,,,,,0.0,,,,,0.013581234030425549,0.0
,mappo,,,,2194.0,0.0,0.0,0.0,0.0,0.0,0.0,0.0,0.0,0.0,0.0,0.0,0.0,0.0,,,,,,,
-0.002431373344734311,mappo,1.963812401584164e-08,0.36217695474624634,0.0003412804268089364,2195.0,,,,,,,,,,,,,,0.0,,,,,0.013532044366002083,0.0
,mappo,,,,2195.0,0.0,0.0,0.0,0.0,0.0,0.0,0.0,0.0,0.0,0.0,0.0,0.0,0.0,,,,,,,
0.0009668464190326631,mappo,2.5493564592693474e-08,0.3724687397480011,0.0003409803267755919,2196.0,,,,,,,,,,,,,,0.0,,,,,0.01352185569703579,0.0
,mappo,,,,2196.0,0.0,0.0,0.0,0.0,0.0,0.0,0.0,0.0,0.0,0.0,0.0,0.0,0.0,,,,,,,
0.003699203720316291,mappo,1.8172061189147826e-08,0.4072326421737671,0.00034068022674224737,2197.0,,,,,,,,,,,,,,0.0,,,,,0.01348262932151556,0.0
,mappo,,,,2197.0,0.0,0.0,0.0,0.0,0.0,0.0,0.0,0.0,0.0,0.0,0.0,0.0,0.0,,,,,,,
-0.0017251938115805387,mappo,3.341623866504051e-08,0.34544262290000916,0.00034038012670890307,2198.0,,,,,,,,,,,,,,0.0,,,,,0.013596653938293457,0.0
,mappo,,,,2198.0,0.0,0.0,0.0,0.0,0.0,0.0,0.0,0.0,0.0,0.0,0.0,0.0,0.0,,,,,,,
-0.0059298304840922356,mappo,4.503054640281334e-08,0.4084447920322418,0.00034008002667555855,2199.0,,,,,,,,,,,,,,0.0,,,,,0.013525552116334438,0.0
,mappo,,,,2199.0,0.0,0.0,0.0,0.0,0.0,0.0,0.0,0.0,0.0,0.0,0.0,0.0,0.0,,,,,,,
,mappo,,,,2199.0,,,,,,,,,,,,,,,0.0,0.0,0.0,0.0,,
0.005143392365425825,mappo,2.5136369430356353e-08,0.3865971565246582,0.00033977992664221415,2200.0,,,,,,,,,,,,,,0.0,,,,,0.01353507675230503,0.0
,mappo,,,,2200.0,0.0,0.0,0.0,0.0,0.0,0.0,0.0,0.0,0.0,0.0,0.0,0.0,0.0,,,,,,,
-0.004740513861179352,mappo,3.439689777451349e-08,0.3619139790534973,0.00033947982660886963,2201.0,,,,,,,,,,,,,,0.0,,,,,0.0135971549898386,0.0
,mappo,,,,2201.0,0.0,0.0,0.0,0.0,0.0,0.0,0.0,0.0,0.0,0.0,0.0,0.0,0.0,,,,,,,
-0.0030118252616375685,mappo,3.523790681470018e-08,0.3989090621471405,0.0003391797265755252,2202.0,,,,,,,,,,,,,,0.0,,,,,0.01351109053939581,0.0
,mappo,,,,2202.0,0.0,0.0,0.0,0.0,0.0,0.0,0.0,0.0,0.0,0.0,0.0,0.0,0.0,,,,,,,
0.023859726265072823,mappo,2.4532390341391874e-08,0.39548784494400024,0.0003388796265421808,2203.0,,,,,,,,,,,,,,0.0,,,,,0.013517209328711033,0.0
,mappo,,,,2203.0,0.0,0.0,0.0,0.0,0.0,0.0,0.0,0.0,0.0,0.0,0.0,0.0,0.0,,,,,,,
0.0006643141969107091,mappo,1.2740602350902464e-08,0.3908989131450653,0.0003385795265088363,2204.0,,,,,,,,,,,,,,0.0,,,,,0.01358545757830143,0.0
,mappo,,,,2204.0,0.0,0.0,0.0,0.0,0.0,0.0,0.0,0.0,0.0,0.0,0.0,0.0,0.0,,,,,,,
-0.00720955990254879,mappo,2.1670219396696666e-08,0.40465423464775085,0.0003382794264754918,2205.0,,,,,,,,,,,,,,0.0,,,,,0.013518041931092739,0.0
,mappo,,,,2205.0,0.0,0.0,0.0,0.0,0.0,0.0,0.0,0.0,0.0,0.0,0.0,0.0,0.0,,,,,,,
0.0013902754290029407,mappo,1.9779072601977532e-08,0.43944281339645386,0.0003379793264421475,2206.0,,,,,,,,,,,,,,0.0,,,,,0.01357882097363472,0.0
,mappo,,,,2206.0,0.0,0.0,0.0,0.0,0.0,0.0,0.0,0.0,0.0,0.0,0.0,0.0,0.0,,,,,,,
0.0014342593494802713,mappo,2.7412172087792896e-08,0.463743656873703,0.00033767922640880296,2207.0,,,,,,,,,,,,,,0.0,,,,,0.013617563992738724,0.0
,mappo,,,,2207.0,0.0,0.0,0.0,0.0,0.0,0.0,0.0,0.0,0.0,0.0,0.0,0.0,0.0,,,,,,,
-0.0036055094096809626,mappo,2.2851095238252128e-08,0.43052002787590027,0.00033737912637545845,2208.0,,,,,,,,,,,,,,0.0,,,,,0.013706718571484089,0.0
,mappo,,,,2208.0,0.0,0.0,0.0,0.0,0.0,0.0,0.0,0.0,0.0,0.0,0.0,0.0,0.0,,,,,,,
-0.007952925749123096,mappo,3.20884154803025e-08,0.479122519493103,0.00033707902634211415,2209.0,,,,,,,,,,,,,,0.0,,,,,0.013631422072649002,0.0
,mappo,,,,2209.0,0.0,0.0,0.0,0.0,0.0,0.0,0.0,0.0,0.0,0.0,0.0,0.0,0.0,,,,,,,
-0.0022349366918206215,mappo,3.123093961221457e-08,0.49505549669265747,0.00033677892630876963,2210.0,,,,,,,,,,,,,,0.0,,,,,0.013671628199517727,0.0
,mappo,,,,2210.0,0.0,0.0,0.0,0.0,0.0,0.0,0.0,0.0,0.0,0.0,0.0,0.0,0.0,,,,,,,
0.0008917711675167084,mappo,2.4738112003319657e-08,0.5127187371253967,0.0003364788262754252,2211.0,,,,,,,,,,,,,,0.0,,,,,0.013576141558587551,0.0
,mappo,,,,2211.0,0.0,0.0,0.0,0.0,0.0,0.0,0.0,0.0,0.0,0.0,0.0,0.0,0.0,,,,,,,
-0.0029757963493466377,mappo,3.169060747154617e-08,0.5054587125778198,0.0003361787262420807,2212.0,,,,,,,,,,,,,,0.0,,,,,0.013589415699243546,0.0
,mappo,,,,2212.0,0.0,0.0,0.0,0.0,0.0,0.0,0.0,0.0,0.0,0.0,0.0,0.0,0.0,,,,,,,
-0.0060931481420993805,mappo,2.2078932460090073e-08,0.5010373592376709,0.0003358786262087363,2213.0,,,,,,,,,,,,,,0.0,,,,,0.013507923111319542,0.0
,mappo,,,,2213.0,0.0,0.0,0.0,0.0,0.0,0.0,0.0,0.0,0.0,0.0,0.0,0.0,0.0,,,,,,,
-0.006334159057587385,mappo,1.7655612083444794e-08,0.521474301815033,0.0003355785261753919,2214.0,,,,,,,,,,,,,,0.0,,,,,0.013547918759286404,0.0
,mappo,,,,2214.0,0.0,0.0,0.0,0.0,0.0,0.0,0.0,0.0,0.0,0.0,0.0,0.0,0.0,,,,,,,
-0.013174598105251789,mappo,1.9668759065893937e-08,0.5451590418815613,0.0003352784261420474,2215.0,,,,,,,,,,,,,,0.0,,,,,0.01348917931318283,0.0
,mappo,,,,2215.0,0.0,0.0,0.0,0.0,0.0,0.0,0.0,0.0,0.0,0.0,0.0,0.0,0.0,,,,,,,
-0.005306961480528116,mappo,2.294948053815915e-08,0.5603579878807068,0.00033497832610870286,2216.0,,,,,,,,,,,,,,0.0,,,,,0.013527091592550278,0.0
,mappo,,,,2216.0,0.0,0.0,0.0,0.0,0.0,0.0,0.0,0.0,0.0,0.0,0.0,0.0,0.0,,,,,,,
-0.006226424593478441,mappo,1.7342546954068894e-08,0.5334439277648926,0.00033467822607535856,2217.0,,,,,,,,,,,,,,0.0,,,,,0.013536426238715649,0.0
,mappo,,,,2217.0,0.0,0.0,0.0,0.0,0.0,0.0,0.0,0.0,0.0,0.0,0.0,0.0,0.0,,,,,,,
-0.005235665012151003,mappo,2.12997672832671e-08,0.48206135630607605,0.00033437812604201404,2218.0,,,,,,,,,,,,,,0.0,,,,,0.013598104938864708,0.0
,mappo,,,,2218.0,0.0,0.0,0.0,0.0,0.0,0.0,0.0,0.0,0.0,0.0,0.0,0.0,0.0,,,,,,,
-0.001710559823550284,mappo,2.1508412828552537e-08,0.5166677832603455,0.0003340780260086695,2219.0,,,,,,,,,,,,,,0.0,,,,,0.013502966612577438,0.0
,mappo,,,,2219.0,0.0,0.0,0.0,0.0,0.0,0.0,0.0,0.0,0.0,0.0,0.0,0.0,0.0,,,,,,,
0.0014908206649124622,mappo,6.438099831029831e-08,0.5355520844459534,0.0003337779259753251,2220.0,,,,,,,,,,,,,,0.0,,,,,0.013454971835017204,0.0
,mappo,,,,2220.0,0.0,0.0,0.0,0.0,0.0,0.0,0.0,0.0,0.0,0.0,0.0,0.0,0.0,,,,,,,
-0.003486541798338294,mappo,2.289593581394911e-08,0.554838240146637,0.0003334778259419807,2221.0,,,,,,,,,,,,,,0.0,,,,,0.01345600001513958,0.0
,mappo,,,,2221.0,0.0,0.0,0.0,0.0,0.0,0.0,0.0,0.0,0.0,0.0,0.0,0.0,0.0,,,,,,,
-0.003419197630137205,mappo,4.3183131737123404e-08,0.5989355444908142,0.0003331777259086363,2222.0,,,,,,,,,,,,,,0.0,,,,,0.01340315118432045,0.0
,mappo,,,,2222.0,0.0,0.0,0.0,0.0,0.0,0.0,0.0,0.0,0.0,0.0,0.0,0.0,0.0,,,,,,,
-0.0065291994251310825,mappo,3.0460757471928446e-08,0.5223309397697449,0.0003328776258752918,2223.0,,,,,,,,,,,,,,0.0,,,,,0.013657420873641968,0.0
,mappo,,,,2223.0,0.0,0.0,0.0,0.0,0.0,0.0,0.0,0.0,0.0,0.0,0.0,0.0,0.0,,,,,,,
0.0012216974282637239,mappo,4.34293987439105e-08,0.5330987572669983,0.0003325775258419474,2224.0,,,,,,,,,,,,,,0.0,,,,,0.013496419414877892,0.0
,mappo,,,,2224.0,0.0,0.0,0.0,0.0,0.0,0.0,0.0,0.0,0.0,0.0,0.0,0.0,0.0,,,,,,,
-0.004697747062891722,mappo,1.575170394119141e-08,0.53337162733078,0.00033227742580860297,2225.0,,,,,,,,,,,,,,0.0,,,,,0.013476355001330376,0.0
,mappo,,,,2225.0,0.0,0.0,0.0,0.0,0.0,0.0,0.0,0.0,0.0,0.0,0.0,0.0,0.0,,,,,,,
-0.004674335476011038,mappo,3.010059046459901e-08,0.5126229524612427,0.00033197732577525845,2226.0,,,,,,,,,,,,,,0.0,,,,,0.013420788571238518,0.0
,mappo,,,,2226.0,0.0,0.0,0.0,0.0,0.0,0.0,0.0,0.0,0.0,0.0,0.0,0.0,0.0,,,,,,,
0.0002395063784206286,mappo,1.605877919530485e-08,0.48214900493621826,0.00033167722574191393,2227.0,,,,,,,,,,,,,,0.0,,,,,0.013492884114384651,0.0
,mappo,,,,2227.0,0.0,0.0,0.0,0.0,0.0,0.0,0.0,0.0,0.0,0.0,0.0,0.0,0.0,,,,,,,
-0.003930995240807533,mappo,2.1005998718237606e-08,0.5141456723213196,0.00033137712570856963,2228.0,,,,,,,,,,,,,,0.0,,,,,0.013306302018463612,0.0
,mappo,,,,2228.0,0.0,0.0,0.0,0.0,0.0,0.0,0.0,0.0,0.0,0.0,0.0,0.0,0.0,,,,,,,
-0.005086204502731562,mappo,2.848167923730216e-08,0.47904494404792786,0.0003310770256752251,2229.0,,,,,,,,,,,,,,0.0,,,,,0.01334594190120697,0.0
,mappo,,,,2229.0,0.0,0.0,0.0,0.0,0.0,0.0,0.0,0.0,0.0,0.0,0.0,0.0,0.0,,,,,,,
-0.00328788417391479,mappo,2.466420490065957e-08,0.4140462279319763,0.0003307769256418806,2230.0,,,,,,,,,,,,,,0.0,,,,,0.013454664498567581,0.0
,mappo,,,,2230.0,0.0,0.0,0.0,0.0,0.0,0.0,0.0,0.0,0.0,0.0,0.0,0.0,0.0,,,,,,,
0.0029241631273180246,mappo,2.557416323156758e-08,0.4616365134716034,0.0003304768256085362,2231.0,,,,,,,,,,,,,,0.0,,,,,0.013354256749153137,0.0
,mappo,,,,2231.0,0.0,0.0,0.0,0.0,0.0,0.0,0.0,0.0,0.0,0.0,0.0,0.0,0.0,,,,,,,
0.006813402287662029,mappo,1.5641532513654965e-08,0.47634583711624146,0.0003301767255751918,2232.0,,,,,,,,,,,,,,0.0,,,,,0.013352997601032257,0.0
,mappo,,,,2232.0,0.0,0.0,0.0,0.0,0.0,0.0,0.0,0.0,0.0,0.0,0.0,0.0,0.0,,,,,,,
-0.0014822215307503939,mappo,2.0610857021097218e-08,0.48249703645706177,0.0003298766255418474,2233.0,,,,,,,,,,,,,,0.0,,,,,0.013383712619543076,0.0
,mappo,,,,2233.0,0.0,0.0,0.0,0.0,0.0,0.0,0.0,0.0,0.0,0.0,0.0,0.0,0.0,,,,,,,
-0.0022257566452026367,mappo,2.3026126783065592e-08,0.43521738052368164,0.00032957652550850286,2234.0,,,,,,,,,,,,,,0.0,,,,,0.01346350833773613,0.0
,mappo,,,,2234.0,0.0,0.0,0.0,0.0,0.0,0.0,0.0,0.0,0.0,0.0,0.0,0.0,0.0,,,,,,,
-0.005448777228593826,mappo,8.975393761545547e-09,0.4740928113460541,0.00032927642547515834,2235.0,,,,,,,,,,,,,,0.0,,,,,0.013313906267285347,0.0
,mappo,,,,2235.0,0.0,0.0,0.0,0.0,0.0,0.0,0.0,0.0,0.0,0.0,0.0,0.0,0.0,,,,,,,
0.0002630900125950575,mappo,2.0277088452758107e-08,0.4558209180831909,0.00032897632544181404,2236.0,,,,,,,,,,,,,,0.0,,,,,0.013337532989680767,0.0
,mappo,,,,2236.0,0.0,0.0,0.0,0.0,0.0,0.0,0.0,0.0,0.0,0.0,0.0,0.0,0.0,,,,,,,
-0.0004965470870956779,mappo,1.2889630696122367e-08,0.46636998653411865,0.0003286762254084695,2237.0,,,,,,,,,,,,,,0.0,,,,,0.0133132915943861,0.0
,mappo,,,,2237.0,0.0,0.0,0.0,0.0,0.0,0.0,0.0,0.0,0.0,0.0,0.0,0.0,0.0,,,,,,,
-0.0004254473897162825,mappo,2.981400726298489e-08,0.5136976838111877,0.000328376125375125,2238.0,,,,,,,,,,,,,,0.0,,,,,0.013316918164491653,0.0
,mappo,,,,2238.0,0.0,0.0,0.0,0.0,0.0,0.0,0.0,0.0,0.0,0.0,0.0,0.0,0.0,,,,,,,
-0.005396094173192978,mappo,2.2183273884479604e-08,0.467579185962677,0.0003280760253417807,2239.0,,,,,,,,,,,,,,0.0,,,,,0.013355089351534843,0.0
,mappo,,,,2239.0,0.0,0.0,0.0,0.0,0.0,0.0,0.0,0.0,0.0,0.0,0.0,0.0,0.0,,,,,,,
-0.009571251459419727,mappo,2.1755402812573266e-08,0.4564613997936249,0.0003277759253084362,2240.0,,,,,,,,,,,,,,0.0,,,,,0.013357512652873993,0.0
,mappo,,,,2240.0,0.0,0.0,0.0,0.0,0.0,0.0,0.0,0.0,0.0,0.0,0.0,0.0,0.0,,,,,,,
-0.0035851667635142803,mappo,1.7286925668713593e-08,0.4546295702457428,0.0003274758252750917,2241.0,,,,,,,,,,,,,,0.0,,,,,0.013347681611776352,0.0
,mappo,,,,2241.0,0.0,0.0,0.0,0.0,0.0,0.0,0.0,0.0,0.0,0.0,0.0,0.0,0.0,,,,,,,
-0.0029487707652151585,mappo,2.512423868950009e-08,0.4659811854362488,0.00032717572524174727,2242.0,,,,,,,,,,,,,,0.0,,,,,0.013310914859175682,0.0
,mappo,,,,2242.0,0.0,0.0,0.0,0.0,0.0,0.0,0.0,0.0,0.0,0.0,0.0,0.0,0.0,,,,,,,
-0.0008839290239848197,mappo,3.419196303866556e-08,0.529048502445221,0.00032687562520840286,2243.0,,,,,,,,,,,,,,0.0,,,,,0.013232543133199215,0.0
,mappo,,,,2243.0,0.0,0.0,0.0,0.0,0.0,0.0,0.0,0.0,0.0,0.0,0.0,0.0,0.0,,,,,,,
-0.0011273365234956145,mappo,2.703044188478998e-08,0.5313777923583984,0.00032657552517505845,2244.0,,,,,,,,,,,,,,0.0,,,,,0.013326182961463928,0.0
,mappo,,,,2244.0,0.0,0.0,0.0,0.0,0.0,0.0,0.0,0.0,0.0,0.0,0.0,0.0,0.0,,,,,,,
-0.0009711227612569928,mappo,4.733237801701762e-08,0.5349032282829285,0.00032627542514171394,2245.0,,,,,,,,,,,,,,0.0,,,,,0.013293629512190819,0.0
,mappo,,,,2245.0,0.0,0.0,0.0,0.0,0.0,0.0,0.0,0.0,0.0,0.0,0.0,0.0,0.0,,,,,,,
-0.005998141132295132,mappo,2.0974999515033232e-08,0.5605344176292419,0.0003259753251083694,2246.0,,,,,,,,,,,,,,0.0,,,,,0.013233513571321964,0.0
,mappo,,,,2246.0,0.0,0.0,0.0,0.0,0.0,0.0,0.0,0.0,0.0,0.0,0.0,0.0,0.0,,,,,,,
-0.006395253818482161,mappo,2.0479767215419997e-08,0.5809341669082642,0.0003256752250750251,2247.0,,,,,,,,,,,,,,0.0,,,,,0.013198266737163067,0.0
,mappo,,,,2247.0,0.0,0.0,0.0,0.0,0.0,0.0,0.0,0.0,0.0,0.0,0.0,0.0,0.0,,,,,,,
0.016020817682147026,mappo,2.2034850388763516e-08,0.5309450030326843,0.0003253751250416806,2248.0,,,,,,,,,,,,,,0.0,,,,,0.013253903947770596,0.0
,mappo,,,,2248.0,0.0,0.0,0.0,0.0,0.0,0.0,0.0,0.0,0.0,0.0,0.0,0.0,0.0,,,,,,,
-0.010226540267467499,mappo,1.3808748811072746e-08,0.5269905924797058,0.0003250750250083361,2249.0,,,,,,,,,,,,,,0.0,,,,,0.013202492147684097,0.0
,mappo,,,,2249.0,0.0,0.0,0.0,0.0,0.0,0.0,0.0,0.0,0.0,0.0,0.0,0.0,0.0,,,,,,,
-0.0015453959349542856,mappo,1.1586340775693316e-08,0.5214834213256836,0.0003247749249749917,2250.0,,,,,,,,,,,,,,0.0,,,,,0.013206328265368938,0.0
,mappo,,,,2250.0,0.0,0.0,0.0,0.0,0.0,0.0,0.0,0.0,0.0,0.0,0.0,0.0,0.0,,,,,,,
-0.006345911882817745,mappo,2.063824489084709e-08,0.5403374433517456,0.00032447482494164727,2251.0,,,,,,,,,,,,,,0.0,,,,,0.013151183724403381,0.0
,mappo,,,,2251.0,0.0,0.0,0.0,0.0,0.0,0.0,0.0,0.0,0.0,0.0,0.0,0.0,0.0,,,,,,,
-0.0047554150223731995,mappo,2.860012315863969e-08,0.5216720104217529,0.00032417472490830286,2252.0,,,,,,,,,,,,,,0.0,,,,,0.01316172257065773,0.0
,mappo,,,,2252.0,0.0,0.0,0.0,0.0,0.0,0.0,0.0,0.0,0.0,0.0,0.0,0.0,0.0,,,,,,,
-0.0015291044255718589,mappo,4.5542137172560615e-08,0.508076548576355,0.00032387462487495835,2253.0,,,,,,,,,,,,,,0.0,,,,,0.01311235036700964,0.0
,mappo,,,,2253.0,0.0,0.0,0.0,0.0,0.0,0.0,0.0,0.0,0.0,0.0,0.0,0.0,0.0,,,,,,,
-0.004902479704469442,mappo,2.566785006763439e-08,0.47641387581825256,0.00032357452484161394,2254.0,,,,,,,,,,,,,,0.0,,,,,0.013204479590058327,0.0
,mappo,,,,2254.0,0.0,0.0,0.0,0.0,0.0,0.0,0.0,0.0,0.0,0.0,0.0,0.0,0.0,,,,,,,
-0.006594865117222071,mappo,1.589081222164168e-08,0.5127266049385071,0.00032327442480826953,2255.0,,,,,,,,,,,,,,0.0,,,,,0.013169275596737862,0.0
,mappo,,,,2255.0,0.0,0.0,0.0,0.0,0.0,0.0,0.0,0.0,0.0,0.0,0.0,0.0,0.0,,,,,,,
-0.0050391750410199165,mappo,2.2529636822810062e-08,0.5028175115585327,0.000322974324774925,2256.0,,,,,,,,,,,,,,0.0,,,,,0.013116241432726383,0.0
,mappo,,,,2256.0,0.0,0.0,0.0,0.0,0.0,0.0,0.0,0.0,0.0,0.0,0.0,0.0,0.0,,,,,,,
-0.005474254954606295,mappo,1.8780275112817435e-08,0.5387607216835022,0.0003226742247415805,2257.0,,,,,,,,,,,,,,0.0,,,,,0.013069655746221542,0.0
,mappo,,,,2257.0,0.0,0.0,0.0,0.0,0.0,0.0,0.0,0.0,0.0,0.0,0.0,0.0,0.0,,,,,,,
0.01634042151272297,mappo,1.3556469724562703e-08,0.5401943922042847,0.0003223741247082362,2258.0,,,,,,,,,,,,,,0.0,,,,,0.01304379291832447,0.0
,mappo,,,,2258.0,0.0,0.0,0.0,0.0,0.0,0.0,0.0,0.0,0.0,0.0,0.0,0.0,0.0,,,,,,,
0.006522658281028271,mappo,1.3439450441410372e-08,0.5383034944534302,0.0003220740246748917,2259.0,,,,,,,,,,,,,,0.0,,,,,0.013082838617265224,0.0
,mappo,,,,2259.0,0.0,0.0,0.0,0.0,0.0,0.0,0.0,0.0,0.0,0.0,0.0,0.0,0.0,,,,,,,
0.014180275611579418,mappo,1.8874994012207935e-08,0.5214536786079407,0.00032177392464154716,2260.0,,,,,,,,,,,,,,0.0,,,,,0.01304437592625618,0.0
,mappo,,,,2260.0,0.0,0.0,0.0,0.0,0.0,0.0,0.0,0.0,0.0,0.0,0.0,0.0,0.0,,,,,,,
-0.007703171577304602,mappo,1.2607672239539625e-08,0.5045611262321472,0.00032147382460820276,2261.0,,,,,,,,,,,,,,0.0,,,,,0.013047467917203903,0.0
,mappo,,,,2261.0,0.0,0.0,0.0,0.0,0.0,0.0,0.0,0.0,0.0,0.0,0.0,0.0,0.0,,,,,,,
-0.003508791560307145,mappo,1.9989109034668218e-08,0.48779693245887756,0.00032117372457485835,2262.0,,,,,,,,,,,,,,0.0,,,,,0.013003656640648842,0.0
,mappo,,,,2262.0,0.0,0.0,0.0,0.0,0.0,0.0,0.0,0.0,0.0,0.0,0.0,0.0,0.0,,,,,,,
-0.003660387359559536,mappo,2.022365208631527e-08,0.4952915906906128,0.00032087362454151394,2263.0,,,,,,,,,,,,,,0.0,,,,,0.012981120496988297,0.0
,mappo,,,,2263.0,0.0,0.0,0.0,0.0,0.0,0.0,0.0,0.0,0.0,0.0,0.0,0.0,0.0,,,,,,,
0.0008211983367800713,mappo,2.235374019221581e-08,0.4940699636936188,0.0003205735245081694,2264.0,,,,,,,,,,,,,,0.0,,,,,0.013018457219004631,0.0
,mappo,,,,2264.0,0.0,0.0,0.0,0.0,0.0,0.0,0.0,0.0,0.0,0.0,0.0,0.0,0.0,,,,,,,
0.007984637282788754,mappo,1.5129701935734374e-08,0.47632309794425964,0.0003202734244748249,2265.0,,,,,,,,,,,,,,0.0,,,,,0.013108478859066963,0.0
,mappo,,,,2265.0,0.0,0.0,0.0,0.0,0.0,0.0,0.0,0.0,0.0,0.0,0.0,0.0,0.0,,,,,,,
0.004611950367689133,mappo,1.2656974135438759e-08,0.44301697611808777,0.0003199733244414806,2266.0,,,,,,,,,,,,,,0.0,,,,,0.013128207996487617,0.0
,mappo,,,,2266.0,0.0,0.0,0.0,0.0,0.0,0.0,0.0,0.0,0.0,0.0,0.0,0.0,0.0,,,,,,,
0.002355551114305854,mappo,1.7563413834409403e-08,0.487248033285141,0.0003196732244081361,2267.0,,,,,,,,,,,,,,0.0,,,,,0.012988056056201458,0.0
,mappo,,,,2267.0,0.0,0.0,0.0,0.0,0.0,0.0,0.0,0.0,0.0,0.0,0.0,0.0,0.0,,,,,,,
-0.003197205252945423,mappo,1.3993367353748454e-08,0.4763232469558716,0.0003193731243747916,2268.0,,,,,,,,,,,,,,0.0,,,,,0.013110746629536152,0.0
,mappo,,,,2268.0,0.0,0.0,0.0,0.0,0.0,0.0,0.0,0.0,0.0,0.0,0.0,0.0,0.0,,,,,,,
-0.003931823652237654,mappo,2.8918591965521045e-08,0.44872426986694336,0.0003190730243414473,2269.0,,,,,,,,,,,,,,0.0,,,,,0.013059419579803944,0.0
,mappo,,,,2269.0,0.0,0.0,0.0,0.0,0.0,0.0,0.0,0.0,0.0,0.0,0.0,0.0,0.0,,,,,,,
-0.004611000884324312,mappo,1.5551252730006127e-08,0.4748387038707733,0.00031877292430810276,2270.0,,,,,,,,,,,,,,0.0,,,,,0.013030658476054668,0.0
,mappo,,,,2270.0,0.0,0.0,0.0,0.0,0.0,0.0,0.0,0.0,0.0,0.0,0.0,0.0,0.0,,,,,,,
-0.007917393930256367,mappo,2.2971235580371285e-08,0.4844203591346741,0.00031847282427475824,2271.0,,,,,,,,,,,,,,0.0,,,,,0.013061655685305595,0.0
,mappo,,,,2271.0,0.0,0.0,0.0,0.0,0.0,0.0,0.0,0.0,0.0,0.0,0.0,0.0,0.0,,,,,,,
-0.004061661195009947,mappo,1.7677168173690916e-08,0.5382649302482605,0.00031817272424141383,2272.0,,,,,,,,,,,,,,0.0,,,,,0.012983538210391998,0.0
,mappo,,,,2272.0,0.0,0.0,0.0,0.0,0.0,0.0,0.0,0.0,0.0,0.0,0.0,0.0,0.0,,,,,,,
-0.00047471607103943825,mappo,1.3606873849880685e-08,0.5048325657844543,0.0003178726242080694,2273.0,,,,,,,,,,,,,,0.0,,,,,0.013115154579281807,0.0
,mappo,,,,2273.0,0.0,0.0,0.0,0.0,0.0,0.0,0.0,0.0,0.0,0.0,0.0,0.0,0.0,,,,,,,
0.0006050439551472664,mappo,2.263730891627347e-08,0.5373453497886658,0.000317572524174725,2274.0,,,,,,,,,,,,,,0.0,,,,,0.013101511634886265,0.0
,mappo,,,,2274.0,0.0,0.0,0.0,0.0,0.0,0.0,0.0,0.0,0.0,0.0,0.0,0.0,0.0,,,,,,,
0.0018213139846920967,mappo,2.483364802685628e-08,0.5601353049278259,0.0003172724241413805,2275.0,,,,,,,,,,,,,,0.0,,,,,0.013121679425239563,0.0
,mappo,,,,2275.0,0.0,0.0,0.0,0.0,0.0,0.0,0.0,0.0,0.0,0.0,0.0,0.0,0.0,,,,,,,
-0.005693134851753712,mappo,9.314619298095295e-09,0.5743744969367981,0.000316972324108036,2276.0,,,,,,,,,,,,,,0.0,,,,,0.013157439418137074,0.0
,mappo,,,,2276.0,0.0,0.0,0.0,0.0,0.0,0.0,0.0,0.0,0.0,0.0,0.0,0.0,0.0,,,,,,,
0.0091313561424613,mappo,1.0785840665050728e-08,0.605679452419281,0.0003166722240746917,2277.0,,,,,,,,,,,,,,0.0,,,,,0.01308042649179697,0.0
,mappo,,,,2277.0,0.0,0.0,0.0,0.0,0.0,0.0,0.0,0.0,0.0,0.0,0.0,0.0,0.0,,,,,,,
-0.006065705791115761,mappo,3.515803825848707e-08,0.6155781149864197,0.00031637212404134717,2278.0,,,,,,,,,,,,,,0.0,,,,,0.013132893480360508,0.0
,mappo,,,,2278.0,0.0,0.0,0.0,0.0,0.0,0.0,0.0,0.0,0.0,0.0,0.0,0.0,0.0,,,,,,,
0.0017513266066089272,mappo,9.755182439619148e-09,0.6669448614120483,0.00031607202400800265,2279.0,,,,,,,,,,,,,,0.0,,,,,0.01312177162617445,0.0
,mappo,,,,2279.0,0.0,0.0,0.0,0.0,0.0,0.0,0.0,0.0,0.0,0.0,0.0,0.0,0.0,,,,,,,
0.013888414017856121,mappo,1.2998218501536485e-08,0.632071852684021,0.00031577192397465824,2280.0,,,,,,,,,,,,,,0.0,,,,,0.013275829143822193,0.0
,mappo,,,,2280.0,0.0,0.0,0.0,0.0,0.0,0.0,0.0,0.0,0.0,0.0,0.0,0.0,0.0,,,,,,,
-0.009358380921185017,mappo,2.2449476944075286e-08,0.6523278951644897,0.00031547182394131383,2281.0,,,,,,,,,,,,,,0.0,,,,,0.013235257938504219,0.0
,mappo,,,,2281.0,0.0,0.0,0.0,0.0,0.0,0.0,0.0,0.0,0.0,0.0,0.0,0.0,0.0,,,,,,,
-0.007378906477242708,mappo,1.860850673551795e-08,0.6563245058059692,0.0003151717239079693,2282.0,,,,,,,,,,,,,,0.0,,,,,0.013224173337221146,0.0
,mappo,,,,2282.0,0.0,0.0,0.0,0.0,0.0,0.0,0.0,0.0,0.0,0.0,0.0,0.0,0.0,,,,,,,
0.005139377899467945,mappo,1.1486243067793112e-08,0.6058188676834106,0.0003148716238746249,2283.0,,,,,,,,,,,,,,0.0,,,,,0.013223077170550823,0.0
,mappo,,,,2283.0,0.0,0.0,0.0,0.0,0.0,0.0,0.0,0.0,0.0,0.0,0.0,0.0,0.0,,,,,,,
-0.006228828337043524,mappo,1.6543175718197745e-08,0.6627660393714905,0.0003145715238412805,2284.0,,,,,,,,,,,,,,0.0,,,,,0.013088608160614967,0.0
,mappo,,,,2284.0,0.0,0.0,0.0,0.0,0.0,0.0,0.0,0.0,0.0,0.0,0.0,0.0,0.0,,,,,,,
0.0003151249256916344,mappo,1.585823383720708e-08,0.63214111328125,0.0003142714238079361,2285.0,,,,,,,,,,,,,,0.0,,,,,0.013174823485314846,0.0
,mappo,,,,2285.0,0.0,0.0,0.0,0.0,0.0,0.0,0.0,0.0,0.0,0.0,0.0,0.0,0.0,,,,,,,
-0.00807237159460783,mappo,1.037363528411106e-08,0.6274638175964355,0.0003139713237745916,2286.0,,,,,,,,,,,,,,0.0,,,,,0.013151781633496284,0.0
,mappo,,,,2286.0,0.0,0.0,0.0,0.0,0.0,0.0,0.0,0.0,0.0,0.0,0.0,0.0,0.0,,,,,,,
-0.0023415882606059313,mappo,1.5855162516231758e-08,0.6540328860282898,0.00031367122374124706,2287.0,,,,,,,,,,,,,,0.0,,,,,0.013111197389662266,0.0
,mappo,,,,2287.0,0.0,0.0,0.0,0.0,0.0,0.0,0.0,0.0,0.0,0.0,0.0,0.0,0.0,,,,,,,
-0.003895755624398589,mappo,2.070429516720651e-08,0.6144142150878906,0.00031337112370790276,2288.0,,,,,,,,,,,,,,0.0,,,,,0.013170409947633743,0.0
,mappo,,,,2288.0,0.0,0.0,0.0,0.0,0.0,0.0,0.0,0.0,0.0,0.0,0.0,0.0,0.0,,,,,,,
-0.0025152547750622034,mappo,1.1167379909693409e-08,0.6305943131446838,0.00031307102367455824,2289.0,,,,,,,,,,,,,,0.0,,,,,0.013042796403169632,0.0
,mappo,,,,2289.0,0.0,0.0,0.0,0.0,0.0,0.0,0.0,0.0,0.0,0.0,0.0,0.0,0.0,,,,,,,
-0.004902927670627832,mappo,3.0577428589140254e-08,0.6297709345817566,0.0003127709236412137,2290.0,,,,,,,,,,,,,,0.0,,,,,0.013086060993373394,0.0
,mappo,,,,2290.0,0.0,0.0,0.0,0.0,0.0,0.0,0.0,0.0,0.0,0.0,0.0,0.0,0.0,,,,,,,
-0.005220747087150812,mappo,1.4478478860269206e-08,0.6794965863227844,0.0003124708236078693,2291.0,,,,,,,,,,,,,,0.0,,,,,0.013067517429590225,0.0
,mappo,,,,2291.0,0.0,0.0,0.0,0.0,0.0,0.0,0.0,0.0,0.0,0.0,0.0,0.0,0.0,,,,,,,
-0.0037325420416891575,mappo,9.019772484464283e-09,0.6532272696495056,0.0003121707235745249,2292.0,,,,,,,,,,,,,,0.0,,,,,0.01312338188290596,0.0
,mappo,,,,2292.0,0.0,0.0,0.0,0.0,0.0,0.0,0.0,0.0,0.0,0.0,0.0,0.0,0.0,,,,,,,
0.005419681780040264,mappo,1.1377419895097773e-08,0.6346351504325867,0.0003118706235411804,2293.0,,,,,,,,,,,,,,0.0,,,,,0.013116052374243736,0.0
,mappo,,,,2293.0,0.0,0.0,0.0,0.0,0.0,0.0,0.0,0.0,0.0,0.0,0.0,0.0,0.0,,,,,,,
-0.0002882530097849667,mappo,1.2674333582651798e-08,0.5965420603752136,0.000311570523507836,2294.0,,,,,,,,,,,,,,0.0,,,,,0.013115769252181053,0.0
,mappo,,,,2294.0,0.0,0.0,0.0,0.0,0.0,0.0,0.0,0.0,0.0,0.0,0.0,0.0,0.0,,,,,,,
-0.0007385077187791467,mappo,1.2249825154242444e-08,0.6319172382354736,0.00031127042347449147,2295.0,,,,,,,,,,,,,,0.0,,,,,0.012999637052416801,0.0
,mappo,,,,2295.0,0.0,0.0,0.0,0.0,0.0,0.0,0.0,0.0,0.0,0.0,0.0,0.0,0.0,,,,,,,
-0.004517032764852047,mappo,1.2894454393119759e-08,0.6126457452774048,0.00031097032344114717,2296.0,,,,,,,,,,,,,,0.0,,,,,0.013005338609218597,0.0
,mappo,,,,2296.0,0.0,0.0,0.0,0.0,0.0,0.0,0.0,0.0,0.0,0.0,0.0,0.0,0.0,,,,,,,
0.008694073185324669,mappo,1.6022159599060615e-08,0.6611226201057434,0.00031067022340780265,2297.0,,,,,,,,,,,,,,0.0,,,,,0.012932641431689262,0.0
,mappo,,,,2297.0,0.0,0.0,0.0,0.0,0.0,0.0,0.0,0.0,0.0,0.0,0.0,0.0,0.0,,,,,,,
-0.003943317569792271,mappo,1.0094637126201178e-08,0.6464806199073792,0.00031037012337445814,2298.0,,,,,,,,,,,,,,0.0,,,,,0.013054479844868183,0.0
,mappo,,,,2298.0,0.0,0.0,0.0,0.0,0.0,0.0,0.0,0.0,0.0,0.0,0.0,0.0,0.0,,,,,,,
-0.0026524141430854797,mappo,8.411593199753042e-09,0.6474332809448242,0.00031007002334111384,2299.0,,,,,,,,,,,,,,0.0,,,,,0.013013750314712524,0.0
,mappo,,,,2299.0,0.0,0.0,0.0,0.0,0.0,0.0,0.0,0.0,0.0,0.0,0.0,0.0,0.0,,,,,,,
,mappo,,,,2299.0,,,,,,,,,,,,,,,0.0,0.0,0.0,0.0,,
-0.004601256921887398,mappo,7.0263475038245815e-09,0.6852609515190125,0.0003097699233077693,2300.0,,,,,,,,,,,,,,0.0,,,,,0.013010485097765923,0.0
,mappo,,,,2300.0,0.0,0.0,0.0,0.0,0.0,0.0,0.0,0.0,0.0,0.0,0.0,0.0,0.0,,,,,,,
0.00047572405310347676,mappo,1.8482728236790535e-08,0.7029953002929688,0.0003094698232744248,2301.0,,,,,,,,,,,,,,0.0,,,,,0.013003222644329071,0.0
,mappo,,,,2301.0,0.0,0.0,0.0,0.0,0.0,0.0,0.0,0.0,0.0,0.0,0.0,0.0,0.0,,,,,,,
-0.00048521492863073945,mappo,1.598547605397016e-08,0.6949715614318848,0.0003091697232410804,2302.0,,,,,,,,,,,,,,0.0,,,,,0.013063576072454453,0.0
,mappo,,,,2302.0,0.0,0.0,0.0,0.0,0.0,0.0,0.0,0.0,0.0,0.0,0.0,0.0,0.0,,,,,,,
-0.0021995175629854202,mappo,1.4333327413851293e-08,0.7536579966545105,0.000308869623207736,2303.0,,,,,,,,,,,,,,0.0,,,,,0.013034909963607788,0.0
,mappo,,,,2303.0,0.0,0.0,0.0,0.0,0.0,0.0,0.0,0.0,0.0,0.0,0.0,0.0,0.0,,,,,,,
0.004575755447149277,mappo,1.5676782538776024e-08,0.7594084739685059,0.00030856952317439147,2304.0,,,,,,,,,,,,,,0.0,,,,,0.01299143023788929,0.0
,mappo,,,,2304.0,0.0,0.0,0.0,0.0,0.0,0.0,0.0,0.0,0.0,0.0,0.0,0.0,0.0,,,,,,,
0.005979964509606361,mappo,1.5256260255114285e-08,0.7943820357322693,0.00030826942314104706,2305.0,,,,,,,,,,,,,,0.0,,,,,0.013050061650574207,0.0
,mappo,,,,2305.0,0.0,0.0,0.0,0.0,0.0,0.0,0.0,0.0,0.0,0.0,0.0,0.0,0.0,,,,,,,
0.005205260124057531,mappo,1.6724907681009427e-08,0.7755594849586487,0.00030796932310770255,2306.0,,,,,,,,,,,,,,0.0,,,,,0.013145176693797112,0.0
,mappo,,,,2306.0,0.0,0.0,0.0,0.0,0.0,0.0,0.0,0.0,0.0,0.0,0.0,0.0,0.0,,,,,,,
-0.003076177788898349,mappo,2.1783634451821854e-08,0.7960513830184937,0.00030766922307435825,2307.0,,,,,,,,,,,,,,0.0,,,,,0.013082616962492466,0.0
,mappo,,,,2307.0,0.0,0.0,0.0,0.0,0.0,0.0,0.0,0.0,0.0,0.0,0.0,0.0,0.0,,,,,,,
-0.0018452256917953491,mappo,8.846670063178408e-09,0.7813665866851807,0.00030736912304101373,2308.0,,,,,,,,,,,,,,0.0,,,,,0.013137804344296455,0.0
,mappo,,,,2308.0,0.0,0.0,0.0,0.0,0.0,0.0,0.0,0.0,0.0,0.0,0.0,0.0,0.0,,,,,,,
-0.001081956783309579,mappo,1.1530576493612443e-08,0.8248119354248047,0.0003070690230076692,2309.0,,,,,,,,,,,,,,0.0,,,,,0.013106739148497581,0.0
,mappo,,,,2309.0,0.0,0.0,0.0,0.0,0.0,0.0,0.0,0.0,0.0,0.0,0.0,0.0,0.0,,,,,,,
-0.005064924247562885,mappo,9.789609123345144e-09,0.7814787030220032,0.0003067689229743248,2310.0,,,,,,,,,,,,,,0.0,,,,,0.013187128119170666,0.0
,mappo,,,,2310.0,0.0,0.0,0.0,0.0,0.0,0.0,0.0,0.0,0.0,0.0,0.0,0.0,0.0,,,,,,,
-0.0012517435243353248,mappo,1.6503490130048704e-08,0.7698781490325928,0.0003064688229409804,2311.0,,,,,,,,,,,,,,0.0,,,,,0.013177584856748581,0.0
,mappo,,,,2311.0,0.0,0.0,0.0,0.0,0.0,0.0,0.0,0.0,0.0,0.0,0.0,0.0,0.0,,,,,,,
-0.005610822234302759,mappo,1.9122726513387533e-08,0.7858597040176392,0.0003061687229076359,2312.0,,,,,,,,,,,,,,0.0,,,,,0.01321326196193695,0.0
,mappo,,,,2312.0,0.0,0.0,0.0,0.0,0.0,0.0,0.0,0.0,0.0,0.0,0.0,0.0,0.0,,,,,,,
-0.0025994828902184963,mappo,1.904231972105208e-08,0.8017409443855286,0.00030586862287429147,2313.0,,,,,,,,,,,,,,0.0,,,,,0.013181781396269798,0.0
,mappo,,,,2313.0,0.0,0.0,0.0,0.0,0.0,0.0,0.0,0.0,0.0,0.0,0.0,0.0,0.0,,,,,,,
0.004943680018186569,mappo,1.246972303192706e-08,0.8104022145271301,0.00030556852284094706,2314.0,,,,,,,,,,,,,,0.0,,,,,0.013248318806290627,0.0
,mappo,,,,2314.0,0.0,0.0,0.0,0.0,0.0,0.0,0.0,0.0,0.0,0.0,0.0,0.0,0.0,,,,,,,
-0.0008684663916938007,mappo,1.2285597428274286e-08,0.8425946831703186,0.00030526842280760255,2315.0,,,,,,,,,,,,,,0.0,,,,,0.013141600415110588,0.0
,mappo,,,,2315.0,0.0,0.0,0.0,0.0,0.0,0.0,0.0,0.0,0.0,0.0,0.0,0.0,0.0,,,,,,,
-0.005565788131207228,mappo,9.457820304703546e-09,0.8441097140312195,0.00030496832277425814,2316.0,,,,,,,,,,,,,,0.0,,,,,0.013065056875348091,0.0
,mappo,,,,2316.0,0.0,0.0,0.0,0.0,0.0,0.0,0.0,0.0,0.0,0.0,0.0,0.0,0.0,,,,,,,
0.008359567262232304,mappo,2.109158536711675e-08,0.8720274567604065,0.0003046682227409136,2317.0,,,,,,,,,,,,,,0.0,,,,,0.013154040090739727,0.0
,mappo,,,,2317.0,0.0,0.0,0.0,0.0,0.0,0.0,0.0,0.0,0.0,0.0,0.0,0.0,0.0,,,,,,,
0.009275544434785843,mappo,3.242618618060078e-08,0.8352150321006775,0.0003043681227075693,2318.0,,,,,,,,,,,,,,0.0,,,,,0.013216895051300526,0.0
,mappo,,,,2318.0,0.0,0.0,0.0,0.0,0.0,0.0,0.0,0.0,0.0,0.0,0.0,0.0,0.0,,,,,,,
0.006793408188968897,mappo,4.169493905692434e-08,0.8873102068901062,0.0003040680226742248,2319.0,,,,,,,,,,,,,,0.0,,,,,0.013091362081468105,0.0
,mappo,,,,2319.0,0.0,0.0,0.0,0.0,0.0,0.0,0.0,0.0,0.0,0.0,0.0,0.0,0.0,,,,,,,
-0.012993941083550453,mappo,2.6572465117169486e-08,0.890887975692749,0.0003037679226408803,2320.0,,,,,,,,,,,,,,0.0,,,,,0.013097506016492844,0.0
,mappo,,,,2320.0,0.0,0.0,0.0,0.0,0.0,0.0,0.0,0.0,0.0,0.0,0.0,0.0,0.0,,,,,,,
-0.00262007606215775,mappo,1.559102003056978e-08,0.8739654421806335,0.0003034678226075359,2321.0,,,,,,,,,,,,,,0.0,,,,,0.013200048357248306,0.0
,mappo,,,,2321.0,0.0,0.0,0.0,0.0,0.0,0.0,0.0,0.0,0.0,0.0,0.0,0.0,0.0,,,,,,,
-0.011164655908942223,mappo,0.004218186717480421,0.8802685737609863,0.00030316772257419147,2322.0,,,,,,,,,,,,,,0.0,,,,,0.01372532919049263,0.006666666828095913
,mappo,,,,2322.0,0.0,0.0,0.3333333432674408,0.0,0.0,0.0,0.3333333432674408,0.0,0.0,0.0,0.0,0.0,0.0,,,,,,,
-0.006706720683723688,mappo,0.0001311733212787658,0.9107261896133423,0.00030286762254084696,2323.0,,,,,,,,,,,,,,0.0,,,,,0.013096073642373085,0.0
,mappo,,,,2323.0,0.0,0.0,0.0,0.0,0.0,0.0,0.0,0.0,0.0,0.0,0.0,0.0,0.0,,,,,,,
-0.00047595088835805655,mappo,9.22053586691618e-05,0.9098801612854004,0.00030256752250750255,2324.0,,,,,,,,,,,,,,0.0,,,,,0.013210659846663475,0.0
,mappo,,,,2324.0,0.0,0.0,0.0,0.0,0.0,0.0,0.0,0.0,0.0,0.0,0.0,0.0,0.0,,,,,,,
-0.012707645073533058,mappo,6.844486779300496e-05,0.9143082499504089,0.00030226742247415803,2325.0,,,,,,,,,,,,,,0.0,,,,,0.013192941434681416,0.0
,mappo,,,,2325.0,0.0,0.0,0.0,0.0,0.0,0.0,0.0,0.0,0.0,0.0,0.0,0.0,0.0,,,,,,,
-0.011988679878413677,mappo,2.4050339561654255e-05,0.964557409286499,0.0003019673224408136,2326.0,,,,,,,,,,,,,,0.0,,,,,0.013127919286489487,0.0
,mappo,,,,2326.0,0.0,0.0,0.0,0.0,0.0,0.0,0.0,0.0,0.0,0.0,0.0,0.0,0.0,,,,,,,
-0.002989955246448517,mappo,1.898032223834889e-06,0.9606914520263672,0.0003016672224074692,2327.0,,,,,,,,,,,,,,0.0,,,,,0.013089725747704506,0.0
,mappo,,,,2327.0,0.0,0.0,0.0,0.0,0.0,0.0,0.0,0.0,0.0,0.0,0.0,0.0,0.0,,,,,,,
-0.009127561934292316,mappo,5.565303126786603e-06,0.9209291338920593,0.0003013671223741247,2328.0,,,,,,,,,,,,,,0.0,,,,,0.01326436921954155,0.0
,mappo,,,,2328.0,0.0,0.0,0.0,0.0,0.0,0.0,0.0,0.0,0.0,0.0,0.0,0.0,0.0,,,,,,,
-0.006901854649186134,mappo,0.0022131213918328285,0.9120606780052185,0.0003010670223407803,2329.0,,,,,,,,,,,,,,0.0,,,,,0.013949695974588394,0.006666666828095913
,mappo,,,,2329.0,0.0,0.0,0.3333333432674408,0.0,0.0,0.0,0.3333333432674408,0.0,0.0,0.0,0.0,0.0,0.0,,,,,,,
-0.009151019155979156,mappo,0.00014004128752276301,0.9474324584007263,0.0003007669223074359,2330.0,,,,,,,,,,,,,,0.0,,,,,0.01330677978694439,0.0
,mappo,,,,2330.0,0.0,0.0,0.0,0.0,0.0,0.0,0.0,0.0,0.0,0.0,0.0,0.0,0.0,,,,,,,
-0.009316901676356792,mappo,0.00023704368504695594,0.9469318389892578,0.00030046682227409137,2331.0,,,,,,,,,,,,,,0.0,,,,,0.013876931741833687,0.006666666828095913
,mappo,,,,2331.0,0.0,0.0,0.3333333432674408,0.0,0.0,0.0,0.3333333432674408,0.0,0.0,0.0,0.0,0.0,0.0,,,,,,,
-0.00041616271482780576,mappo,0.0002743263612501323,0.9848575592041016,0.00030016672224074696,2332.0,,,,,,,,,,,,,,0.0,,,,,0.013964442536234856,0.006666666828095913
,mappo,,,,2332.0,0.0,0.0,0.3333333432674408,0.0,0.0,0.0,0.3333333432674408,0.0,0.0,0.0,0.0,0.0,0.0,,,,,,,
0.006495359353721142,mappo,0.00031245246645994484,0.9768338203430176,0.00029986662220740255,2333.0,,,,,,,,,,,,,,0.0,,,,,0.013309369795024395,0.0
,mappo,,,,2333.0,0.0,0.0,0.0,0.0,0.0,0.0,0.0,0.0,0.0,0.0,0.0,0.0,0.0,,,,,,,
-0.01286715641617775,mappo,0.00010116588964592665,1.0190356969833374,0.00029956652217405803,2334.0,,,,,,,,,,,,,,0.0,,,,,0.013270366005599499,0.0
,mappo,,,,2334.0,0.0,0.0,0.0,0.0,0.0,0.0,0.0,0.0,0.0,0.0,0.0,0.0,0.0,,,,,,,
0.0028356611728668213,mappo,0.0001667354954406619,1.0308376550674438,0.0002992664221407136,2335.0,,,,,,,,,,,,,,0.0,,,,,0.013268319889903069,0.0
,mappo,,,,2335.0,0.0,0.0,0.0,0.0,0.0,0.0,0.0,0.0,0.0,0.0,0.0,0.0,0.0,,,,,,,
-0.00018858470139093697,mappo,0.00014542009739670902,0.9950549602508545,0.0002989663221073691,2336.0,,,,,,,,,,,,,,0.0,,,,,0.0140940360724926,0.006666666828095913
,mappo,,,,2336.0,0.0,0.0,0.3333333432674408,0.0,0.0,0.0,0.3333333432674408,0.0,0.0,0.0,0.0,0.0,0.0,,,,,,,
0.0006394227966666222,mappo,0.0001368316006846726,1.017351508140564,0.0002986662220740247,2337.0,,,,,,,,,,,,,,0.0,,,,,0.013478178530931473,0.0
,mappo,,,,2337.0,0.0,0.0,0.0,0.0,0.0,0.0,0.0,0.0,0.0,0.0,0.0,0.0,0.0,,,,,,,
-0.000298674451187253,mappo,3.695263512781821e-05,1.02073073387146,0.0002983661220406803,2338.0,,,,,,,,,,,,,,0.0,,,,,0.013372727669775486,0.0
,mappo,,,,2338.0,0.0,0.0,0.0,0.0,0.0,0.0,0.0,0.0,0.0,0.0,0.0,0.0,0.0,,,,,,,
-0.00497782276943326,mappo,0.00035560663673095405,1.003740668296814,0.0002980660220073358,2339.0,,,,,,,,,,,,,,0.0,,,,,0.014007837511599064,0.006666666828095913
,mappo,,,,2339.0,0.0,0.0,0.3333333432674408,0.0,0.0,0.0,0.3333333432674408,0.0,0.0,0.0,0.0,0.0,0.0,,,,,,,
-0.0034394816029816866,mappo,0.00047157955123111606,1.0058479309082031,0.00029776592197399137,2340.0,,,,,,,,,,,,,,0.0,,,,,0.013932308182120323,0.006666666828095913
,mappo,,,,2340.0,0.0,0.0,0.3333333432674408,0.0,0.0,0.0,0.3333333432674408,0.0,0.0,0.0,0.0,0.0,0.0,,,,,,,
-0.005827274639159441,mappo,1.9819442968582734e-05,1.0752229690551758,0.00029746582194064696,2341.0,,,,,,,,,,,,,,0.0,,,,,0.013115440495312214,0.0
,mappo,,,,2341.0,0.0,0.0,0.0,0.0,0.0,0.0,0.0,0.0,0.0,0.0,0.0,0.0,0.0,,,,,,,
-0.0021123187616467476,mappo,0.0004994661430828273,1.0057556629180908,0.00029716572190730244,2342.0,,,,,,,,,,,,,,0.0,,,,,0.014013928361237049,0.006666666828095913
,mappo,,,,2342.0,0.0,0.0,0.3333333432674408,0.0,0.0,0.0,0.3333333432674408,0.0,0.0,0.0,0.0,0.0,0.0,,,,,,,
0.0006225585239008069,mappo,6.652043521171436e-05,1.027495265007019,0.00029686562187395803,2343.0,,,,,,,,,,,,,,0.0,,,,,0.01327194832265377,0.0
,mappo,,,,2343.0,0.0,0.0,0.0,0.0,0.0,0.0,0.0,0.0,0.0,0.0,0.0,0.0,0.0,,,,,,,
-0.006044414360076189,mappo,1.7943622879101895e-05,1.0494669675827026,0.0002965655218406135,2344.0,,,,,,,,,,,,,,0.0,,,,,0.013245349749922752,0.0
,mappo,,,,2344.0,0.0,0.0,0.0,0.0,0.0,0.0,0.0,0.0,0.0,0.0,0.0,0.0,0.0,,,,,,,
-0.009856857359409332,mappo,1.2433389201760292e-05,1.0602060556411743,0.0002962654218072691,2345.0,,,,,,,,,,,,,,0.0,,,,,0.013293683528900146,0.0
,mappo,,,,2345.0,0.0,0.0,0.0,0.0,0.0,0.0,0.0,0.0,0.0,0.0,0.0,0.0,0.0,,,,,,,
-0.00515501294285059,mappo,0.000392400223063305,1.0824733972549438,0.0002959653217739247,2346.0,,,,,,,,,,,,,,0.0,,,,,0.014035481959581375,0.006666666828095913
,mappo,,,,2346.0,0.0,0.0,0.3333333432674408,0.0,0.0,0.0,0.3333333432674408,0.0,0.0,0.0,0.0,0.0,0.0,,,,,,,
-0.005374484695494175,mappo,5.17442367709009e-06,1.0959962606430054,0.0002956652217405802,2347.0,,,,,,,,,,,,,,0.0,,,,,0.013174518942832947,0.0
,mappo,,,,2347.0,0.0,0.0,0.0,0.0,0.0,0.0,0.0,0.0,0.0,0.0,0.0,0.0,0.0,,,,,,,
-0.007195708807557821,mappo,7.215686309791636e-06,1.0756230354309082,0.0002953651217072358,2348.0,,,,,,,,,,,,,,0.0,,,,,0.01339767500758171,0.0
,mappo,,,,2348.0,0.0,0.0,0.0,0.0,0.0,0.0,0.0,0.0,0.0,0.0,0.0,0.0,0.0,,,,,,,
-0.006705783307552338,mappo,0.00031913560815155506,1.126499056816101,0.00029506502167389137,2349.0,,,,,,,,,,,,,,0.0,,,,,0.013643210753798485,0.006666666828095913
,mappo,,,,2349.0,0.0,0.0,0.3333333432674408,0.0,0.0,0.0,0.3333333432674408,0.0,0.0,0.0,0.0,0.0,0.0,,,,,,,
-0.007092155050486326,mappo,2.0020042938995175e-05,1.0936588048934937,0.00029476492164054685,2350.0,,,,,,,,,,,,,,0.0,,,,,0.013211613520979881,0.0
,mappo,,,,2350.0,0.0,0.0,0.0,0.0,0.0,0.0,0.0,0.0,0.0,0.0,0.0,0.0,0.0,,,,,,,
-0.007414743769913912,mappo,8.08205186331179e-06,1.0882389545440674,0.00029446482160720244,2351.0,,,,,,,,,,,,,,0.0,,,,,0.013157198205590248,0.0
,mappo,,,,2351.0,0.0,0.0,0.0,0.0,0.0,0.0,0.0,0.0,0.0,0.0,0.0,0.0,0.0,,,,,,,
-0.00728527270257473,mappo,8.391129995288793e-06,1.1382580995559692,0.00029416472157385804,2352.0,,,,,,,,,,,,,,0.0,,,,,0.013097153976559639,0.0
,mappo,,,,2352.0,0.0,0.0,0.0,0.0,0.0,0.0,0.0,0.0,0.0,0.0,0.0,0.0,0.0,,,,,,,
0.008955363184213638,mappo,6.855203082523076e-06,1.0928759574890137,0.0002938646215405135,2353.0,,,,,,,,,,,,,,0.0,,,,,0.013196923770010471,0.0
,mappo,,,,2353.0,0.0,0.0,0.0,0.0,0.0,0.0,0.0,0.0,0.0,0.0,0.0,0.0,0.0,,,,,,,
-0.005230607930570841,mappo,4.566288680507569e-06,1.1257169246673584,0.0002935645215071691,2354.0,,,,,,,,,,,,,,0.0,,,,,0.013117698952555656,0.0
,mappo,,,,2354.0,0.0,0.0,0.0,0.0,0.0,0.0,0.0,0.0,0.0,0.0,0.0,0.0,0.0,,,,,,,
-0.007246064953505993,mappo,4.145344519201899e-06,1.2019973993301392,0.0002932644214738246,2355.0,,,,,,,,,,,,,,0.0,,,,,0.01313256286084652,0.0
,mappo,,,,2355.0,0.0,0.0,0.0,0.0,0.0,0.0,0.0,0.0,0.0,0.0,0.0,0.0,0.0,,,,,,,
-0.004335412755608559,mappo,1.2204394579384825e-06,1.2181934118270874,0.0002929643214404802,2356.0,,,,,,,,,,,,,,0.0,,,,,0.013200631365180016,0.0
,mappo,,,,2356.0,0.0,0.0,0.0,0.0,0.0,0.0,0.0,0.0,0.0,0.0,0.0,0.0,0.0,,,,,,,
-0.006761459168046713,mappo,9.058449563781323e-07,1.230827808380127,0.0002926642214071358,2357.0,,,,,,,,,,,,,,0.0,,,,,0.013355698436498642,0.0
,mappo,,,,2357.0,0.0,0.0,0.0,0.0,0.0,0.0,0.0,0.0,0.0,0.0,0.0,0.0,0.0,,,,,,,
-0.018445242196321487,mappo,4.4301853563410987e-07,1.2327042818069458,0.00029236412137379126,2358.0,,,,,,,,,,,,,,0.0,,,,,0.013289889320731163,0.0
,mappo,,,,2358.0,0.0,0.0,0.0,0.0,0.0,0.0,0.0,0.0,0.0,0.0,0.0,0.0,0.0,,,,,,,
-0.00853989738970995,mappo,4.720064623597864e-07,1.3235766887664795,0.00029206402134044685,2359.0,,,,,,,,,,,,,,0.0,,,,,0.013223088346421719,0.0
,mappo,,,,2359.0,0.0,0.0,0.0,0.0,0.0,0.0,0.0,0.0,0.0,0.0,0.0,0.0,0.0,,,,,,,
-0.0073765055276453495,mappo,4.311799841616448e-07,1.3727566003799438,0.00029176392130710244,2360.0,,,,,,,,,,,,,,0.0,,,,,0.013243932276964188,0.0
,mappo,,,,2360.0,0.0,0.0,0.0,0.0,0.0,0.0,0.0,0.0,0.0,0.0,0.0,0.0,0.0,,,,,,,
-0.004409398417919874,mappo,0.0006215572939254344,1.3248999118804932,0.00029146382127375793,2361.0,,,,,,,,,,,,,,0.0,,,,,0.01412120833992958,0.006666666828095913
,mappo,,,,2361.0,0.0,0.0,0.3333333432674408,0.0,0.0,0.0,0.3333333432674408,0.0,0.0,0.0,0.0,0.0,0.0,,,,,,,
-0.005189831834286451,mappo,0.0006544273346662521,1.3907517194747925,0.0002911637212404135,2362.0,,,,,,,,,,,,,,0.0,,,,,0.014180620200932026,0.006666666828095913
,mappo,,,,2362.0,0.0,0.0,0.3333333432674408,0.0,0.0,0.0,0.3333333432674408,0.0,0.0,0.0,0.0,0.0,0.0,,,,,,,
-0.0026173994410783052,mappo,0.0005776332109235227,1.3348922729492188,0.0002908636212070691,2363.0,,,,,,,,,,,,,,0.0,,,,,0.014047112315893173,0.006666666828095913
,mappo,,,,2363.0,0.0,0.0,0.3333333432674408,0.0,0.0,0.0,0.3333333432674408,0.0,0.0,0.0,0.0,0.0,0.0,,,,,,,
-0.0026856339536607265,mappo,0.00043881460442207754,1.4440373182296753,0.0002905635211737246,2364.0,,,,,,,,,,,,,,0.0,,,,,0.01393178105354309,0.006666666828095913
,mappo,,,,2364.0,0.0,0.0,0.3333333432674408,0.0,0.0,0.0,0.3333333432674408,0.0,0.0,0.0,0.0,0.0,0.0,,,,,,,
0.0018041663570329547,mappo,0.00024691884755156934,1.3630622625350952,0.0002902634211403802,2365.0,,,,,,,,,,,,,,0.0,,,,,0.013848032802343369,0.006666666828095913
,mappo,,,,2365.0,0.0,0.0,0.3333333432674408,0.0,0.0,0.0,0.3333333432674408,0.0,0.0,0.0,0.0,0.0,0.0,,,,,,,
-0.0036390405148267746,mappo,4.516974513535388e-05,1.4739164113998413,0.00028996332110703567,2366.0,,,,,,,,,,,,,,0.0,,,,,0.013804774731397629,0.006666666828095913
,mappo,,,,2366.0,0.0,0.0,0.3333333432674408,0.0,0.0,0.0,0.3333333432674408,0.0,0.0,0.0,0.0,0.0,0.0,,,,,,,
-0.0076301502995193005,mappo,0.0001170831747003831,1.4483755826950073,0.00028966322107369126,2367.0,,,,,,,,,,,,,,0.0,,,,,0.013859450817108154,0.006666666828095913
,mappo,,,,2367.0,0.0,0.0,0.3333333432674408,0.0,0.0,0.0,0.3333333432674408,0.0,0.0,0.0,0.0,0.0,0.0,,,,,,,
-0.00044720296864397824,mappo,2.077934186672792e-05,1.4814914464950562,0.00028936312104034685,2368.0,,,,,,,,,,,,,,0.0,,,,,0.01396779716014862,0.006666666828095913
,mappo,,,,2368.0,0.0,0.0,0.3333333432674408,0.0,0.0,0.0,0.3333333432674408,0.0,0.0,0.0,0.0,0.0,0.0,,,,,,,
-0.001371597172692418,mappo,1.8188417016062886e-05,1.46341872215271,0.00028906302100700234,2369.0,,,,,,,,,,,,,,0.0,,,,,0.014041154645383358,0.006666666828095913
,mappo,,,,2369.0,0.0,0.0,0.3333333432674408,0.0,0.0,0.0,0.3333333432674408,0.0,0.0,0.0,0.0,0.0,0.0,,,,,,,
-0.006554317194968462,mappo,1.963061367860064e-05,1.5209490060806274,0.00028876292097365793,2370.0,,,,,,,,,,,,,,0.0,,,,,0.01410609483718872,0.006666666828095913
,mappo,,,,2370.0,0.0,0.0,0.3333333432674408,0.0,0.0,0.0,0.3333333432674408,0.0,0.0,0.0,0.0,0.0,0.0,,,,,,,
-0.0006493490654975176,mappo,8.404624168178998e-06,1.3944400548934937,0.0002884628209403135,2371.0,,,,,,,,,,,,,,0.0,,,,,0.014139749109745026,0.006666666828095913
,mappo,,,,2371.0,0.0,0.0,0.3333333432674408,0.0,0.0,0.0,0.3333333432674408,0.0,0.0,0.0,0.0,0.0,0.0,,,,,,,
0.0015982120530679822,mappo,1.096339929063106e-05,1.4448496103286743,0.000288162720906969,2372.0,,,,,,,,,,,,,,0.0,,,,,0.013848420232534409,0.006666666828095913
,mappo,,,,2372.0,0.0,0.0,0.3333333432674408,0.0,0.0,0.0,0.3333333432674408,0.0,0.0,0.0,0.0,0.0,0.0,,,,,,,
-0.0007125790580175817,mappo,3.845519131573383e-06,1.4090746641159058,0.0002878626208736246,2373.0,,,,,,,,,,,,,,0.0,,,,,0.013931794092059135,0.006666666828095913
,mappo,,,,2373.0,0.0,0.0,0.3333333432674408,0.0,0.0,0.0,0.3333333432674408,0.0,0.0,0.0,0.0,0.0,0.0,,,,,,,
-0.004620288033038378,mappo,2.614867753436556e-06,1.3979871273040771,0.0002875625208402801,2374.0,,,,,,,,,,,,,,0.0,,,,,0.013897333294153214,0.006666666828095913
,mappo,,,,2374.0,0.0,0.0,0.3333333432674408,0.0,0.0,0.0,0.3333333432674408,0.0,0.0,0.0,0.0,0.0,0.0,,,,,,,
-0.004231939557939768,mappo,8.230674211517908e-06,1.4329718351364136,0.00028726242080693567,2375.0,,,,,,,,,,,,,,0.0,,,,,0.013921169564127922,0.006666666828095913
,mappo,,,,2375.0,0.0,0.0,0.3333333432674408,0.0,0.0,0.0,0.3333333432674408,0.0,0.0,0.0,0.0,0.0,0.0,,,,,,,
-0.01371690072119236,mappo,4.3859176912519615e-06,1.3557838201522827,0.00028696232077359126,2376.0,,,,,,,,,,,,,,0.0,,,,,0.014116182923316956,0.006666666828095913
,mappo,,,,2376.0,0.0,0.0,0.3333333432674408,0.0,0.0,0.0,0.3333333432674408,0.0,0.0,0.0,0.0,0.0,0.0,,,,,,,
-0.009105836972594261,mappo,5.03649607708212e-06,1.3151212930679321,0.00028666222074024675,2377.0,,,,,,,,,,,,,,0.0,,,,,0.01402338221669197,0.006666666828095913
,mappo,,,,2377.0,0.0,0.0,0.3333333432674408,0.0,0.0,0.0,0.3333333432674408,0.0,0.0,0.0,0.0,0.0,0.0,,,,,,,
-0.0017371344147250056,mappo,2.2918677586858394e-06,1.3495880365371704,0.00028636212070690234,2378.0,,,,,,,,,,,,,,0.0,,,,,0.013792101293802261,0.006666666828095913
,mappo,,,,2378.0,0.0,0.0,0.3333333432674408,0.0,0.0,0.0,0.3333333432674408,0.0,0.0,0.0,0.0,0.0,0.0,,,,,,,
-0.002687159925699234,mappo,1.9624962988018524e-06,1.2980479001998901,0.00028606202067355793,2379.0,,,,,,,,,,,,,,0.0,,,,,0.013803917914628983,0.006666666828095913
,mappo,,,,2379.0,0.0,0.0,0.3333333432674408,0.0,0.0,0.0,0.3333333432674408,0.0,0.0,0.0,0.0,0.0,0.0,,,,,,,
-0.006504724733531475,mappo,1.8019939034275012e-06,1.3576971292495728,0.0002857619206402134,2380.0,,,,,,,,,,,,,,0.0,,,,,0.013759326189756393,0.006666666828095913
,mappo,,,,2380.0,0.0,0.0,0.3333333432674408,0.0,0.0,0.0,0.3333333432674408,0.0,0.0,0.0,0.0,0.0,0.0,,,,,,,
-0.00542051438242197,mappo,1.9821859496005345e-06,1.2861387729644775,0.000285461820606869,2381.0,,,,,,,,,,,,,,0.0,,,,,0.013951271772384644,0.006666666828095913
,mappo,,,,2381.0,0.0,0.0,0.3333333432674408,0.0,0.0,0.0,0.3333333432674408,0.0,0.0,0.0,0.0,0.0,0.0,,,,,,,
-0.011923514306545258,mappo,1.3967695622341125e-06,1.3688673973083496,0.0002851617205735246,2382.0,,,,,,,,,,,,,,0.0,,,,,0.013848433271050453,0.006666666828095913
,mappo,,,,2382.0,0.0,0.0,0.3333333432674408,0.0,0.0,0.0,0.3333333432674408,0.0,0.0,0.0,0.0,0.0,0.0,,,,,,,
-0.003965394105762243,mappo,0.00015355924551840872,1.4090899229049683,0.0002848616205401801,2383.0,,,,,,,,,,,,,,0.0,,,,,0.013155314140021801,0.0
,mappo,,,,2383.0,0.0,0.0,0.0,0.0,0.0,0.0,0.0,0.0,0.0,0.0,0.0,0.0,0.0,,,,,,,
0.001638430985622108,mappo,0.00017389249114785343,1.339320182800293,0.0002845615205068357,2384.0,,,,,,,,,,,,,,0.0,,,,,0.013874522410333157,0.006666666828095913
,mappo,,,,2384.0,0.0,0.0,0.3333333432674408,0.0,0.0,0.0,0.3333333432674408,0.0,0.0,0.0,0.0,0.0,0.0,,,,,,,
-0.0029290206730365753,mappo,9.042818419402465e-05,1.3339747190475464,0.00028426142047349116,2385.0,,,,,,,,,,,,,,0.0,,,,,0.013324173167347908,0.0
,mappo,,,,2385.0,0.0,0.0,0.0,0.0,0.0,0.0,0.0,0.0,0.0,0.0,0.0,0.0,0.0,,,,,,,
-0.005497702397406101,mappo,0.000460866343928501,1.3318508863449097,0.00028396132044014675,2386.0,,,,,,,,,,,,,,0.0,,,,,0.013821380212903023,0.006666666828095913
,mappo,,,,2386.0,0.0,0.0,0.3333333432674408,0.0,0.0,0.0,0.3333333432674408,0.0,0.0,0.0,0.0,0.0,0.0,,,,,,,
-0.006213064305484295,mappo,0.00015021555009298027,1.381790280342102,0.00028366122040680234,2387.0,,,,,,,,,,,,,,0.0,,,,,0.013128543272614479,0.0
,mappo,,,,2387.0,0.0,0.0,0.0,0.0,0.0,0.0,0.0,0.0,0.0,0.0,0.0,0.0,0.0,,,,,,,
-0.0013404404744505882,mappo,0.00011333783913869411,1.3807471990585327,0.0002833611203734578,2388.0,,,,,,,,,,,,,,0.0,,,,,0.013277335092425346,0.0
,mappo,,,,2388.0,0.0,0.0,0.0,0.0,0.0,0.0,0.0,0.0,0.0,0.0,0.0,0.0,0.0,,,,,,,
-0.008177332580089569,mappo,0.0009618687909096479,1.3619792461395264,0.0002830610203401134,2389.0,,,,,,,,,,,,,,0.0,,,,,0.013913237489759922,0.006666666828095913
,mappo,,,,2389.0,0.0,0.0,0.3333333432674408,0.0,0.0,0.0,0.3333333432674408,0.0,0.0,0.0,0.0,0.0,0.0,,,,,,,
-0.008311671204864979,mappo,0.0007540754741057754,1.3760340213775635,0.000282760920306769,2390.0,,,,,,,,,,,,,,0.0,,,,,0.014055993407964706,0.006666666828095913
,mappo,,,,2390.0,0.0,0.0,0.3333333432674408,0.0,0.0,0.0,0.3333333432674408,0.0,0.0,0.0,0.0,0.0,0.0,,,,,,,
-0.0011516489321365952,mappo,0.00045489356853067875,1.3808352947235107,0.0002824608202734245,2391.0,,,,,,,,,,,,,,0.0,,,,,0.013951899483799934,0.006666666828095913
,mappo,,,,2391.0,0.0,0.0,0.3333333432674408,0.0,0.0,0.0,0.3333333432674408,0.0,0.0,0.0,0.0,0.0,0.0,,,,,,,
-0.007563811726868153,mappo,0.00015249387070070952,1.4226584434509277,0.0002821607202400801,2392.0,,,,,,,,,,,,,,0.0,,,,,0.014271303080022335,0.006666666828095913
,mappo,,,,2392.0,0.0,0.0,0.3333333432674408,0.0,0.0,0.0,0.3333333432674408,0.0,0.0,0.0,0.0,0.0,0.0,,,,,,,
-0.002988040680065751,mappo,5.3224674047669396e-05,1.4086087942123413,0.0002818606202067357,2393.0,,,,,,,,,,,,,,0.0,,,,,0.014298268593847752,0.006666666828095913
,mappo,,,,2393.0,0.0,0.0,0.3333333432674408,0.0,0.0,0.0,0.3333333432674408,0.0,0.0,0.0,0.0,0.0,0.0,,,,,,,
-0.0066492208279669285,mappo,7.966774865053594e-05,1.399652123451233,0.00028156052017339116,2394.0,,,,,,,,,,,,,,0.0,,,,,0.014657407067716122,0.006666666828095913
,mappo,,,,2394.0,0.0,0.0,0.3333333432674408,0.0,0.0,0.0,0.3333333432674408,0.0,0.0,0.0,0.0,0.0,0.0,,,,,,,
-0.004176812712103128,mappo,9.640763892093673e-06,1.4149821996688843,0.00028126042014004675,2395.0,,,,,,,,,,,,,,0.0,,,,,0.014627196826040745,0.006666666828095913
,mappo,,,,2395.0,0.0,0.0,0.3333333432674408,0.0,0.0,0.0,0.3333333432674408,0.0,0.0,0.0,0.0,0.0,0.0,,,,,,,
-0.008361919783055782,mappo,7.971189006639179e-06,1.3433187007904053,0.00028096032010670223,2396.0,,,,,,,,,,,,,,0.0,,,,,0.014134306460618973,0.006666666828095913
,mappo,,,,2396.0,0.0,0.0,0.3333333432674408,0.0,0.0,0.0,0.3333333432674408,0.0,0.0,0.0,0.0,0.0,0.0,,,,,,,
-0.000918909499887377,mappo,1.750200317474082e-05,1.2903943061828613,0.0002806602200733578,2397.0,,,,,,,,,,,,,,0.0,,,,,0.014408781193196774,0.006666666828095913
,mappo,,,,2397.0,0.0,0.0,0.3333333432674408,0.0,0.0,0.0,0.3333333432674408,0.0,0.0,0.0,0.0,0.0,0.0,,,,,,,
0.00038185782614164054,mappo,1.2553836313600186e-05,1.3913403749465942,0.0002803601200400134,2398.0,,,,,,,,,,,,,,0.0,,,,,0.01395522803068161,0.006666666828095913
,mappo,,,,2398.0,0.0,0.0,0.3333333432674408,0.0,0.0,0.0,0.3333333432674408,0.0,0.0,0.0,0.0,0.0,0.0,,,,,,,
-0.006631123833358288,mappo,6.097169261920499e-06,1.3057342767715454,0.0002800600200066689,2399.0,,,,,,,,,,,,,,0.0,,,,,0.014135230332612991,0.006666666828095913
,mappo,,,,2399.0,0.0,0.0,0.3333333432674408,0.0,0.0,0.0,0.3333333432674408,0.0,0.0,0.0,0.0,0.0,0.0,,,,,,,
,mappo,,,,2399.0,,,,,,,,,,,,,,,0.0,0.0,0.0,0.0,,
0.0015272987075150013,mappo,0.0001462653890484944,1.383007287979126,0.0002797599199733245,2400.0,,,,,,,,,,,,,,0.0,,,,,0.013509253971278667,0.0
,mappo,,,,2400.0,0.0,0.0,0.0,0.0,0.0,0.0,0.0,0.0,0.0,0.0,0.0,0.0,0.0,,,,,,,
-0.0063828411512076855,mappo,0.00017521690460853279,1.3416247367858887,0.0002794598199399801,2401.0,,,,,,,,,,,,,,0.0,,,,,0.014240376651287079,0.006666666828095913
,mappo,,,,2401.0,0.0,0.0,0.3333333432674408,0.0,0.0,0.0,0.3333333432674408,0.0,0.0,0.0,0.0,0.0,0.0,,,,,,,
-0.0009440656285732985,mappo,0.00021196407033130527,1.3117119073867798,0.00027915971990663557,2402.0,,,,,,,,,,,,,,0.0,,,,,0.014080987311899662,0.006666666828095913
,mappo,,,,2402.0,0.0,0.0,0.3333333432674408,0.0,0.0,0.0,0.3333333432674408,0.0,0.0,0.0,0.0,0.0,0.0,,,,,,,
-0.004160542506724596,mappo,0.00016464496729895473,1.2954548597335815,0.00027885961987329116,2403.0,,,,,,,,,,,,,,0.0,,,,,0.014163320884108543,0.006666666828095913
,mappo,,,,2403.0,0.0,0.0,0.3333333432674408,0.0,0.0,0.0,0.3333333432674408,0.0,0.0,0.0,0.0,0.0,0.0,,,,,,,
-0.0073409611359238625,mappo,9.410965867573395e-05,1.3352384567260742,0.00027855951983994664,2404.0,,,,,,,,,,,,,,0.0,,,,,0.014332562685012817,0.006666666828095913
,mappo,,,,2404.0,0.0,0.0,0.3333333432674408,0.0,0.0,0.0,0.3333333432674408,0.0,0.0,0.0,0.0,0.0,0.0,,,,,,,
-0.004926727153360844,mappo,5.255831274553202e-05,1.4151121377944946,0.00027825941980660223,2405.0,,,,,,,,,,,,,,0.0,,,,,0.014070088043808937,0.006666666828095913
,mappo,,,,2405.0,0.0,0.0,0.3333333432674408,0.0,0.0,0.0,0.3333333432674408,0.0,0.0,0.0,0.0,0.0,0.0,,,,,,,
-0.004589790012687445,mappo,9.683284588390961e-06,1.4067598581314087,0.0002779593197732578,2406.0,,,,,,,,,,,,,,0.0,,,,,0.014092163182795048,0.006666666828095913
,mappo,,,,2406.0,0.0,0.0,0.3333333432674408,0.0,0.0,0.0,0.3333333432674408,0.0,0.0,0.0,0.0,0.0,0.0,,,,,,,
8.09843186289072e-05,mappo,1.1767698197218124e-05,1.4375571012496948,0.0002776592197399133,2407.0,,,,,,,,,,,,,,0.0,,,,,0.014440186321735382,0.006666666828095913
,mappo,,,,2407.0,0.0,0.0,0.3333333432674408,0.0,0.0,0.0,0.3333333432674408,0.0,0.0,0.0,0.0,0.0,0.0,,,,,,,
-0.008051540702581406,mappo,1.3040300473221578e-05,1.438774824142456,0.0002773591197065689,2408.0,,,,,,,,,,,,,,0.0,,,,,0.014313949272036552,0.006666666828095913
,mappo,,,,2408.0,0.0,0.0,0.3333333432674408,0.0,0.0,0.0,0.3333333432674408,0.0,0.0,0.0,0.0,0.0,0.0,,,,,,,
-0.013826228678226471,mappo,8.124957275867928e-06,1.4382147789001465,0.0002770590196732245,2409.0,,,,,,,,,,,,,,0.0,,,,,0.014181452803313732,0.006666666828095913
,mappo,,,,2409.0,0.0,0.0,0.3333333432674408,0.0,0.0,0.0,0.3333333432674408,0.0,0.0,0.0,0.0,0.0,0.0,,,,,,,
-0.0018880603602156043,mappo,3.7641011658706702e-06,1.5499383211135864,0.00027675891963988,2410.0,,,,,,,,,,,,,,0.0,,,,,0.014503194019198418,0.006666666828095913
,mappo,,,,2410.0,0.0,0.0,0.3333333432674408,0.0,0.0,0.0,0.3333333432674408,0.0,0.0,0.0,0.0,0.0,0.0,,,,,,,
-0.002200343878939748,mappo,4.914734745398164e-06,1.5100979804992676,0.00027645881960653557,2411.0,,,,,,,,,,,,,,0.0,,,,,0.014341805130243301,0.006666666828095913
,mappo,,,,2411.0,0.0,0.0,0.3333333432674408,0.0,0.0,0.0,0.3333333432674408,0.0,0.0,0.0,0.0,0.0,0.0,,,,,,,
-0.003354396903887391,mappo,6.628826213272987e-06,1.4886953830718994,0.00027615871957319116,2412.0,,,,,,,,,,,,,,0.0,,,,,0.014544418081641197,0.006666666828095913
,mappo,,,,2412.0,0.0,0.0,0.3333333432674408,0.0,0.0,0.0,0.3333333432674408,0.0,0.0,0.0,0.0,0.0,0.0,,,,,,,
-0.004419167060405016,mappo,7.96762924437644e-06,1.4903007745742798,0.00027585861953984664,2413.0,,,,,,,,,,,,,,0.0,,,,,0.014434649609029293,0.006666666828095913
,mappo,,,,2413.0,0.0,0.0,0.3333333432674408,0.0,0.0,0.0,0.3333333432674408,0.0,0.0,0.0,0.0,0.0,0.0,,,,,,,
-0.0020302068442106247,mappo,3.827997716143727e-06,1.489681363105774,0.00027555851950650224,2414.0,,,,,,,,,,,,,,0.0,,,,,0.014135027304291725,0.006666666828095913
,mappo,,,,2414.0,0.0,0.0,0.3333333432674408,0.0,0.0,0.0,0.3333333432674408,0.0,0.0,0.0,0.0,0.0,0.0,,,,,,,
-0.004217027686536312,mappo,3.760001845876104e-06,1.5350840091705322,0.0002752584194731577,2415.0,,,,,,,,,,,,,,0.0,,,,,0.01494729332625866,0.006666666828095913
,mappo,,,,2415.0,0.0,0.0,0.3333333432674408,0.0,0.0,0.0,0.3333333432674408,0.0,0.0,0.0,0.0,0.0,0.0,,,,,,,
-0.010426318272948265,mappo,2.92846061711316e-06,1.5354784727096558,0.0002749583194398133,2416.0,,,,,,,,,,,,,,0.0,,,,,0.014741022139787674,0.006666666828095913
,mappo,,,,2416.0,0.0,0.0,0.3333333432674408,0.0,0.0,0.0,0.3333333432674408,0.0,0.0,0.0,0.0,0.0,0.0,,,,,,,
-0.0022160550579428673,mappo,3.209959459127276e-06,1.455863356590271,0.0002746582194064689,2417.0,,,,,,,,,,,,,,0.0,,,,,0.014587244018912315,0.006666666828095913
,mappo,,,,2417.0,0.0,0.0,0.3333333432674408,0.0,0.0,0.0,0.3333333432674408,0.0,0.0,0.0,0.0,0.0,0.0,,,,,,,
-0.0033146454952657223,mappo,4.047140919283265e-06,1.4960484504699707,0.0002743581193731244,2418.0,,,,,,,,,,,,,,0.0,,,,,0.014223674312233925,0.006666666828095913
,mappo,,,,2418.0,0.0,0.0,0.3333333432674408,0.0,0.0,0.0,0.3333333432674408,0.0,0.0,0.0,0.0,0.0,0.0,,,,,,,
-0.007618447300046682,mappo,4.978907327313209e-06,1.4877738952636719,0.00027405801933977987,2419.0,,,,,,,,,,,,,,0.0,,,,,0.01435707788914442,0.006666666828095913
,mappo,,,,2419.0,0.0,0.0,0.3333333432674408,0.0,0.0,0.0,0.3333333432674408,0.0,0.0,0.0,0.0,0.0,0.0,,,,,,,
-0.004352911841124296,mappo,3.196007128281053e-06,1.4810659885406494,0.00027375791930643557,2420.0,,,,,,,,,,,,,,0.0,,,,,0.014298910275101662,0.006666666828095913
,mappo,,,,2420.0,0.0,0.0,0.3333333432674408,0.0,0.0,0.0,0.3333333432674408,0.0,0.0,0.0,0.0,0.0,0.0,,,,,,,
-0.00675831688567996,mappo,4.769641691382276e-06,1.5231307744979858,0.00027345781927309105,2421.0,,,,,,,,,,,,,,0.0,,,,,0.014287221245467663,0.006666666828095913
,mappo,,,,2421.0,0.0,0.0,0.3333333432674408,0.0,0.0,0.0,0.3333333432674408,0.0,0.0,0.0,0.0,0.0,0.0,,,,,,,
0.0033066486939787865,mappo,3.9595997805008665e-06,1.606162428855896,0.00027315771923974665,2422.0,,,,,,,,,,,,,,0.0,,,,,0.01446138508617878,0.006666666828095913
,mappo,,,,2422.0,0.0,0.0,0.3333333432674408,0.0,0.0,0.0,0.3333333432674408,0.0,0.0,0.0,0.0,0.0,0.0,,,,,,,
-0.004721183329820633,mappo,3.901344825862907e-06,1.506600022315979,0.00027285761920640224,2423.0,,,,,,,,,,,,,,0.0,,,,,0.014821698889136314,0.006666666828095913
,mappo,,,,2423.0,0.0,0.0,0.3333333432674408,0.0,0.0,0.0,0.3333333432674408,0.0,0.0,0.0,0.0,0.0,0.0,,,,,,,
-0.004153720568865538,mappo,2.404250835752464e-06,1.4768929481506348,0.0002725575191730577,2424.0,,,,,,,,,,,,,,0.0,,,,,0.014914378523826599,0.006666666828095913
,mappo,,,,2424.0,0.0,0.0,0.3333333432674408,0.0,0.0,0.0,0.3333333432674408,0.0,0.0,0.0,0.0,0.0,0.0,,,,,,,
-0.001921272836625576,mappo,2.3154875634645578e-06,1.5743129253387451,0.0002722574191397133,2425.0,,,,,,,,,,,,,,0.0,,,,,0.014952683821320534,0.006666666828095913
,mappo,,,,2425.0,0.0,0.0,0.3333333432674408,0.0,0.0,0.0,0.3333333432674408,0.0,0.0,0.0,0.0,0.0,0.0,,,,,,,
-0.002074805786833167,mappo,1.4637533922723378e-06,1.6061440706253052,0.0002719573191063688,2426.0,,,,,,,,,,,,,,0.0,,,,,0.01459508202970028,0.006666666828095913
,mappo,,,,2426.0,0.0,0.0,0.3333333432674408,0.0,0.0,0.0,0.3333333432674408,0.0,0.0,0.0,0.0,0.0,0.0,,,,,,,
-0.0022118135821074247,mappo,3.4030701954179676e-06,1.543302059173584,0.0002716572190730244,2427.0,,,,,,,,,,,,,,0.0,,,,,0.014531156979501247,0.006666666828095913
,mappo,,,,2427.0,0.0,0.0,0.3333333432674408,0.0,0.0,0.0,0.3333333432674408,0.0,0.0,0.0,0.0,0.0,0.0,,,,,,,
-0.00711128581315279,mappo,2.056390258076135e-06,1.6048333644866943,0.00027135711903968,2428.0,,,,,,,,,,,,,,0.0,,,,,0.014743822626769543,0.006666666828095913
,mappo,,,,2428.0,0.0,0.0,0.3333333432674408,0.0,0.0,0.0,0.3333333432674408,0.0,0.0,0.0,0.0,0.0,0.0,,,,,,,
-0.006364838220179081,mappo,3.2642940368532436e-06,1.6489936113357544,0.00027105701900633546,2429.0,,,,,,,,,,,,,,0.0,,,,,0.014941221103072166,0.006666666828095913
,mappo,,,,2429.0,0.0,0.0,0.3333333432674408,0.0,0.0,0.0,0.3333333432674408,0.0,0.0,0.0,0.0,0.0,0.0,,,,,,,
-0.0066754561848938465,mappo,9.456943530494755e-07,1.6595206260681152,0.00027075691897299095,2430.0,,,,,,,,,,,,,,0.0,,,,,0.014915421605110168,0.006666666828095913
,mappo,,,,2430.0,0.0,0.0,0.3333333432674408,0.0,0.0,0.0,0.3333333432674408,0.0,0.0,0.0,0.0,0.0,0.0,,,,,,,
-0.005459594074636698,mappo,6.931768439244479e-07,1.6605693101882935,0.00027045681893964665,2431.0,,,,,,,,,,,,,,0.0,,,,,0.015044721774756908,0.006666666828095913
,mappo,,,,2431.0,0.0,0.0,0.3333333432674408,0.0,0.0,0.0,0.3333333432674408,0.0,0.0,0.0,0.0,0.0,0.0,,,,,,,
-0.006329694762825966,mappo,2.2818974230176536e-06,1.6932244300842285,0.00027015671890630213,2432.0,,,,,,,,,,,,,,0.0,,,,,0.01467378530651331,0.006666666828095913
,mappo,,,,2432.0,0.0,0.0,0.3333333432674408,0.0,0.0,0.0,0.3333333432674408,0.0,0.0,0.0,0.0,0.0,0.0,,,,,,,
-0.011097907088696957,mappo,8.363273309441865e-07,1.7167643308639526,0.0002698566188729577,2433.0,,,,,,,,,,,,,,0.0,,,,,0.014549274928867817,0.006666666828095913
,mappo,,,,2433.0,0.0,0.0,0.3333333432674408,0.0,0.0,0.0,0.3333333432674408,0.0,0.0,0.0,0.0,0.0,0.0,,,,,,,
-0.0008266837103292346,mappo,7.478571433239267e-07,1.6469600200653076,0.0002695565188396132,2434.0,,,,,,,,,,,,,,0.0,,,,,0.014347326941788197,0.006666666828095913
,mappo,,,,2434.0,0.0,0.0,0.3333333432674408,0.0,0.0,0.0,0.3333333432674408,0.0,0.0,0.0,0.0,0.0,0.0,,,,,,,
0.0014383896486833692,mappo,0.00022061126946937293,1.635047435760498,0.0002692564188062688,2435.0,,,,,,,,,,,,,,0.0,,,,,0.013644127175211906,0.0
,mappo,,,,2435.0,0.0,0.0,0.0,0.0,0.0,0.0,0.0,0.0,0.0,0.0,0.0,0.0,0.0,,,,,,,
-0.007093875203281641,mappo,0.0002056632802123204,1.6806212663650513,0.0002689563187729244,2436.0,,,,,,,,,,,,,,0.0,,,,,0.014261286705732346,0.006666666828095913
,mappo,,,,2436.0,0.0,0.0,0.3333333432674408,0.0,0.0,0.0,0.3333333432674408,0.0,0.0,0.0,0.0,0.0,0.0,,,,,,,
-0.007360678631812334,mappo,0.0002448315790388733,1.7843245267868042,0.00026865621873957987,2437.0,,,,,,,,,,,,,,0.0,,,,,0.014564646407961845,0.006666666828095913
,mappo,,,,2437.0,0.0,0.0,0.3333333432674408,0.0,0.0,0.0,0.3333333432674408,0.0,0.0,0.0,0.0,0.0,0.0,,,,,,,
-0.005002992227673531,mappo,0.0001823238708311692,1.7856221199035645,0.00026835611870623546,2438.0,,,,,,,,,,,,,,0.0,,,,,0.014569813385605812,0.006666666828095913
,mappo,,,,2438.0,0.0,0.0,0.3333333432674408,0.0,0.0,0.0,0.3333333432674408,0.0,0.0,0.0,0.0,0.0,0.0,,,,,,,
-0.0027552363462746143,mappo,8.663375047035515e-05,1.7102768421173096,0.00026805601867289106,2439.0,,,,,,,,,,,,,,0.0,,,,,0.014482758939266205,0.006666666828095913
,mappo,,,,2439.0,0.0,0.0,0.3333333432674408,0.0,0.0,0.0,0.3333333432674408,0.0,0.0,0.0,0.0,0.0,0.0,,,,,,,
-0.01293342374265194,mappo,2.2955386157264e-05,1.7037925720214844,0.00026775591863954654,2440.0,,,,,,,,,,,,,,0.0,,,,,0.014725154265761375,0.006666666828095913
,mappo,,,,2440.0,0.0,0.0,0.3333333432674408,0.0,0.0,0.0,0.3333333432674408,0.0,0.0,0.0,0.0,0.0,0.0,,,,,,,
-0.004058058373630047,mappo,1.0042276699095964e-05,1.6552079916000366,0.000267455818606202,2441.0,,,,,,,,,,,,,,0.0,,,,,0.01438321452587843,0.006666666828095913
,mappo,,,,2441.0,0.0,0.0,0.3333333432674408,0.0,0.0,0.0,0.3333333432674408,0.0,0.0,0.0,0.0,0.0,0.0,,,,,,,
-0.0020347305107861757,mappo,2.64181708189426e-05,1.6976678371429443,0.0002671557185728577,2442.0,,,,,,,,,,,,,,0.0,,,,,0.014700310304760933,0.006666666828095913
,mappo,,,,2442.0,0.0,0.0,0.3333333432674408,0.0,0.0,0.0,0.3333333432674408,0.0,0.0,0.0,0.0,0.0,0.0,,,,,,,
-0.00742872292175889,mappo,1.3635473806061782e-05,1.7143341302871704,0.0002668556185395132,2443.0,,,,,,,,,,,,,,0.0,,,,,0.014620131812989712,0.006666666828095913
,mappo,,,,2443.0,0.0,0.0,0.3333333432674408,0.0,0.0,0.0,0.3333333432674408,0.0,0.0,0.0,0.0,0.0,0.0,,,,,,,
-0.004336225800216198,mappo,1.213023188029183e-05,1.6555979251861572,0.0002665555185061688,2444.0,,,,,,,,,,,,,,0.0,,,,,0.014611870050430298,0.006666666828095913
,mappo,,,,2444.0,0.0,0.0,0.3333333432674408,0.0,0.0,0.0,0.3333333432674408,0.0,0.0,0.0,0.0,0.0,0.0,,,,,,,
-0.006364637054502964,mappo,5.406552645581542e-06,1.6556849479675293,0.0002662554184728243,2445.0,,,,,,,,,,,,,,0.0,,,,,0.014590553939342499,0.006666666828095913
,mappo,,,,2445.0,0.0,0.0,0.3333333432674408,0.0,0.0,0.0,0.3333333432674408,0.0,0.0,0.0,0.0,0.0,0.0,,,,,,,
-0.004607280716300011,mappo,9.740452696860302e-06,1.6797919273376465,0.0002659553184394799,2446.0,,,,,,,,,,,,,,0.0,,,,,0.015189510770142078,0.006666666828095913
,mappo,,,,2446.0,0.0,0.0,0.3333333432674408,0.0,0.0,0.0,0.3333333432674408,0.0,0.0,0.0,0.0,0.0,0.0,,,,,,,
-0.004697267431765795,mappo,8.55281268741237e-06,1.6446573734283447,0.00026565521840613547,2447.0,,,,,,,,,,,,,,0.0,,,,,0.014824362471699715,0.006666666828095913
,mappo,,,,2447.0,0.0,0.0,0.3333333432674408,0.0,0.0,0.0,0.3333333432674408,0.0,0.0,0.0,0.0,0.0,0.0,,,,,,,
-0.00969134271144867,mappo,8.99675433174707e-06,1.632292628288269,0.00026535511837279095,2448.0,,,,,,,,,,,,,,0.0,,,,,0.015264933928847313,0.006666666828095913
,mappo,,,,2448.0,0.0,0.0,0.3333333432674408,0.0,0.0,0.0,0.3333333432674408,0.0,0.0,0.0,0.0,0.0,0.0,,,,,,,
-0.005266827531158924,mappo,6.885085440444527e-06,1.591198444366455,0.00026505501833944643,2449.0,,,,,,,,,,,,,,0.0,,,,,0.015251338481903076,0.006666666828095913
,mappo,,,,2449.0,0.0,0.0,0.3333333432674408,0.0,0.0,0.0,0.3333333432674408,0.0,0.0,0.0,0.0,0.0,0.0,,,,,,,
0.003957193344831467,mappo,5.784169388789451e-06,1.5666673183441162,0.00026475491830610213,2450.0,,,,,,,,,,,,,,0.0,,,,,0.014898959547281265,0.006666666828095913
,mappo,,,,2450.0,0.0,0.0,0.3333333432674408,0.0,0.0,0.0,0.3333333432674408,0.0,0.0,0.0,0.0,0.0,0.0,,,,,,,
-0.004793872591108084,mappo,6.710418347211089e-06,1.5759533643722534,0.0002644548182727576,2451.0,,,,,,,,,,,,,,0.0,,,,,0.015848038718104362,0.006666666828095913
,mappo,,,,2451.0,0.0,0.0,0.3333333432674408,0.0,0.0,0.0,0.3333333432674408,0.0,0.0,0.0,0.0,0.0,0.0,,,,,,,
-0.007852925918996334,mappo,9.022502126754262e-06,1.5297572612762451,0.0002641547182394131,2452.0,,,,,,,,,,,,,,0.0,,,,,0.015040669590234756,0.006666666828095913
,mappo,,,,2452.0,0.0,0.0,0.3333333432674408,0.0,0.0,0.0,0.3333333432674408,0.0,0.0,0.0,0.0,0.0,0.0,,,,,,,
-0.005524461157619953,mappo,4.78669062431436e-06,1.5840469598770142,0.0002638546182060688,2453.0,,,,,,,,,,,,,,0.0,,,,,0.015476725995540619,0.006666666828095913
,mappo,,,,2453.0,0.0,0.0,0.3333333432674408,0.0,0.0,0.0,0.3333333432674408,0.0,0.0,0.0,0.0,0.0,0.0,,,,,,,
-0.013385397382080555,mappo,7.545800144725945e-06,1.5213600397109985,0.0002635545181727243,2454.0,,,,,,,,,,,,,,0.0,,,,,0.015158703550696373,0.006666666828095913
,mappo,,,,2454.0,0.0,0.0,0.3333333432674408,0.0,0.0,0.0,0.3333333432674408,0.0,0.0,0.0,0.0,0.0,0.0,,,,,,,
0.0005441642133519053,mappo,5.336935828381684e-06,1.5243226289749146,0.0002632544181393799,2455.0,,,,,,,,,,,,,,0.0,,,,,0.015248484909534454,0.006666666828095913
,mappo,,,,2455.0,0.0,0.0,0.3333333432674408,0.0,0.0,0.0,0.3333333432674408,0.0,0.0,0.0,0.0,0.0,0.0,,,,,,,
-0.005674717016518116,mappo,6.112835762905888e-06,1.4977470636367798,0.00026295431810603536,2456.0,,,,,,,,,,,,,,0.0,,,,,0.01504675392061472,0.006666666828095913
,mappo,,,,2456.0,0.0,0.0,0.3333333432674408,0.0,0.0,0.0,0.3333333432674408,0.0,0.0,0.0,0.0,0.0,0.0,,,,,,,
-0.007390778046101332,mappo,5.683727067662403e-06,1.5445208549499512,0.00026265421807269095,2457.0,,,,,,,,,,,,,,0.0,,,,,0.015253853052854538,0.006666666828095913
,mappo,,,,2457.0,0.0,0.0,0.3333333432674408,0.0,0.0,0.0,0.3333333432674408,0.0,0.0,0.0,0.0,0.0,0.0,,,,,,,
-0.0001702433219179511,mappo,8.270711987279356e-06,1.5297420024871826,0.00026235411803934654,2458.0,,,,,,,,,,,,,,0.0,,,,,0.014950532466173172,0.006666666828095913
,mappo,,,,2458.0,0.0,0.0,0.3333333432674408,0.0,0.0,0.0,0.3333333432674408,0.0,0.0,0.0,0.0,0.0,0.0,,,,,,,
-0.003785911947488785,mappo,6.800112714699935e-06,1.5204200744628906,0.000262054018006002,2459.0,,,,,,,,,,,,,,0.0,,,,,0.01471753604710102,0.006666666828095913
,mappo,,,,2459.0,0.0,0.0,0.3333333432674408,0.0,0.0,0.0,0.3333333432674408,0.0,0.0,0.0,0.0,0.0,0.0,,,,,,,
-0.003518959740176797,mappo,7.249675491038943e-06,1.5460346937179565,0.0002617539179726575,2460.0,,,,,,,,,,,,,,0.0,,,,,0.01541871763765812,0.006666666828095913
,mappo,,,,2460.0,0.0,0.0,0.3333333432674408,0.0,0.0,0.0,0.3333333432674408,0.0,0.0,0.0,0.0,0.0,0.0,,,,,,,
-0.0022743442095816135,mappo,7.291922429430997e-06,1.5473021268844604,0.0002614538179393132,2461.0,,,,,,,,,,,,,,0.0,,,,,0.015727277845144272,0.006666666828095913
,mappo,,,,2461.0,0.0,0.0,0.3333333432674408,0.0,0.0,0.0,0.3333333432674408,0.0,0.0,0.0,0.0,0.0,0.0,,,,,,,
-0.005208947230130434,mappo,3.899457624356728e-06,1.547966480255127,0.0002611537179059687,2462.0,,,,,,,,,,,,,,0.0,,,,,0.015359432436525822,0.006666666828095913
,mappo,,,,2462.0,0.0,0.0,0.3333333432674408,0.0,0.0,0.0,0.3333333432674408,0.0,0.0,0.0,0.0,0.0,0.0,,,,,,,
-0.00978973601013422,mappo,3.96919949707808e-06,1.5666520595550537,0.0002608536178726242,2463.0,,,,,,,,,,,,,,0.0,,,,,0.016012078151106834,0.006666666828095913
,mappo,,,,2463.0,0.0,0.0,0.3333333432674408,0.0,0.0,0.0,0.3333333432674408,0.0,0.0,0.0,0.0,0.0,0.0,,,,,,,
-0.009074733592569828,mappo,4.688872650149278e-06,1.553033471107483,0.00026055351783927977,2464.0,,,,,,,,,,,,,,0.0,,,,,0.015432152897119522,0.006666666828095913
,mappo,,,,2464.0,0.0,0.0,0.3333333432674408,0.0,0.0,0.0,0.3333333432674408,0.0,0.0,0.0,0.0,0.0,0.0,,,,,,,
-0.0016621609684079885,mappo,4.661205366573995e-06,1.6027339696884155,0.00026025341780593536,2465.0,,,,,,,,,,,,,,0.0,,,,,0.016147535294294357,0.006666666828095913
,mappo,,,,2465.0,0.0,0.0,0.3333333432674408,0.0,0.0,0.0,0.3333333432674408,0.0,0.0,0.0,0.0,0.0,0.0,,,,,,,
-0.004836294334381819,mappo,5.805569799122168e-06,1.6444730758666992,0.00025995331777259095,2466.0,,,,,,,,,,,,,,0.0,,,,,0.016514860093593597,0.006666666828095913
,mappo,,,,2466.0,0.0,0.0,0.3333333432674408,0.0,0.0,0.0,0.3333333432674408,0.0,0.0,0.0,0.0,0.0,0.0,,,,,,,
-0.0034194537438452244,mappo,2.996604280269821e-06,1.6168015003204346,0.00025965321773924644,2467.0,,,,,,,,,,,,,,0.0,,,,,0.016031954437494278,0.006666666828095913
,mappo,,,,2467.0,0.0,0.0,0.3333333432674408,0.0,0.0,0.0,0.3333333432674408,0.0,0.0,0.0,0.0,0.0,0.0,,,,,,,
-0.004465517122298479,mappo,2.7230862542637624e-06,1.5731943845748901,0.00025935311770590203,2468.0,,,,,,,,,,,,,,0.0,,,,,0.015686126425862312,0.006666666828095913
,mappo,,,,2468.0,0.0,0.0,0.3333333432674408,0.0,0.0,0.0,0.3333333432674408,0.0,0.0,0.0,0.0,0.0,0.0,,,,,,,
-0.005354831460863352,mappo,2.231098733318504e-06,1.664401650428772,0.0002590530176725576,2469.0,,,,,,,,,,,,,,0.0,,,,,0.01640307530760765,0.006666666828095913
,mappo,,,,2469.0,0.0,0.0,0.3333333432674408,0.0,0.0,0.0,0.3333333432674408,0.0,0.0,0.0,0.0,0.0,0.0,,,,,,,
-0.009718833491206169,mappo,4.913158591079991e-06,1.6682031154632568,0.0002587529176392131,2470.0,,,,,,,,,,,,,,0.0,,,,,0.015950627624988556,0.006666666828095913
,mappo,,,,2470.0,0.0,0.0,0.3333333432674408,0.0,0.0,0.0,0.3333333432674408,0.0,0.0,0.0,0.0,0.0,0.0,,,,,,,
0.001637064851820469,mappo,2.068033154500881e-06,1.693153738975525,0.0002584528176058686,2471.0,,,,,,,,,,,,,,0.0,,,,,0.015861500054597855,0.006666666828095913
,mappo,,,,2471.0,0.0,0.0,0.3333333432674408,0.0,0.0,0.0,0.3333333432674408,0.0,0.0,0.0,0.0,0.0,0.0,,,,,,,
-0.004346328321844339,mappo,4.261264621163718e-06,1.6572144031524658,0.0002581527175725243,2472.0,,,,,,,,,,,,,,0.0,,,,,0.016366448253393173,0.006666666828095913
,mappo,,,,2472.0,0.0,0.0,0.3333333432674408,0.0,0.0,0.0,0.3333333432674408,0.0,0.0,0.0,0.0,0.0,0.0,,,,,,,
-0.01731797680258751,mappo,3.410304088902194e-06,1.6153254508972168,0.00025785261753917977,2473.0,,,,,,,,,,,,,,0.0,,,,,0.015871692448854446,0.006666666828095913
,mappo,,,,2473.0,0.0,0.0,0.3333333432674408,0.0,0.0,0.0,0.3333333432674408,0.0,0.0,0.0,0.0,0.0,0.0,,,,,,,
-0.002655843971297145,mappo,6.222766387509182e-06,1.7039926052093506,0.00025755251750583525,2474.0,,,,,,,,,,,,,,0.0,,,,,0.01660705730319023,0.006666666828095913
,mappo,,,,2474.0,0.0,0.0,0.3333333432674408,0.0,0.0,0.0,0.3333333432674408,0.0,0.0,0.0,0.0,0.0,0.0,,,,,,,
-0.016765346750617027,mappo,4.3304162318236195e-06,1.7147663831710815,0.00025725241747249084,2475.0,,,,,,,,,,,,,,0.0,,,,,0.016753830015659332,0.006666666828095913
,mappo,,,,2475.0,0.0,0.0,0.3333333432674408,0.0,0.0,0.0,0.3333333432674408,0.0,0.0,0.0,0.0,0.0,0.0,,,,,,,
-0.009086365811526775,mappo,4.387965873320354e-06,1.7029471397399902,0.00025695231743914644,2476.0,,,,,,,,,,,,,,0.0,,,,,0.0177362859249115,0.006666666828095913
,mappo,,,,2476.0,0.0,0.0,0.3333333432674408,0.0,0.0,0.0,0.3333333432674408,0.0,0.0,0.0,0.0,0.0,0.0,,,,,,,
-0.004065013024955988,mappo,3.614983597799437e-06,1.6862409114837646,0.00025665221740580203,2477.0,,,,,,,,,,,,,,0.0,,,,,0.01794484257698059,0.006666666828095913
,mappo,,,,2477.0,0.0,0.0,0.3333333432674408,0.0,0.0,0.0,0.3333333432674408,0.0,0.0,0.0,0.0,0.0,0.0,,,,,,,
-0.005657995119690895,mappo,3.2530542739550583e-06,1.6780333518981934,0.0002563521173724575,2478.0,,,,,,,,,,,,,,0.0,,,,,0.017960503697395325,0.006666666828095913
,mappo,,,,2478.0,0.0,0.0,0.3333333432674408,0.0,0.0,0.0,0.3333333432674408,0.0,0.0,0.0,0.0,0.0,0.0,,,,,,,
-0.005792893003672361,mappo,2.498250751159503e-06,1.5985112190246582,0.000256052017339113,2479.0,,,,,,,,,,,,,,0.0,,,,,0.01721070520579815,0.006666666828095913
,mappo,,,,2479.0,0.0,0.0,0.3333333432674408,0.0,0.0,0.0,0.3333333432674408,0.0,0.0,0.0,0.0,0.0,0.0,,,,,,,
-0.010555056855082512,mappo,1.906727106870676e-06,1.5847378969192505,0.0002557519173057687,2480.0,,,,,,,,,,,,,,0.0,,,,,0.017332568764686584,0.006666666828095913
,mappo,,,,2480.0,0.0,0.0,0.3333333432674408,0.0,0.0,0.0,0.3333333432674408,0.0,0.0,0.0,0.0,0.0,0.0,,,,,,,
-0.011175790801644325,mappo,2.928365120169474e-06,1.5424647331237793,0.0002554518172724242,2481.0,,,,,,,,,,,,,,0.0,,,,,0.016660507768392563,0.006666666828095913
,mappo,,,,2481.0,0.0,0.0,0.3333333432674408,0.0,0.0,0.0,0.3333333432674408,0.0,0.0,0.0,0.0,0.0,0.0,,,,,,,
-0.00871149729937315,mappo,3.807062967098318e-06,1.5691020488739014,0.00025515171723907966,2482.0,,,,,,,,,,,,,,0.0,,,,,0.017308309674263,0.006666666828095913
,mappo,,,,2482.0,0.0,0.0,0.3333333432674408,0.0,0.0,0.0,0.3333333432674408,0.0,0.0,0.0,0.0,0.0,0.0,,,,,,,
-0.003390912665054202,mappo,1.537899038339674e-06,1.5642489194869995,0.00025485161720573536,2483.0,,,,,,,,,,,,,,0.0,,,,,0.01727036014199257,0.006666666828095913
,mappo,,,,2483.0,0.0,0.0,0.3333333432674408,0.0,0.0,0.0,0.3333333432674408,0.0,0.0,0.0,0.0,0.0,0.0,,,,,,,
-0.009031785652041435,mappo,3.838549673673697e-06,1.6626356840133667,0.00025455151717239085,2484.0,,,,,,,,,,,,,,0.0,,,,,0.018463654443621635,0.006666666828095913
,mappo,,,,2484.0,0.0,0.0,0.3333333432674408,0.0,0.0,0.0,0.3333333432674408,0.0,0.0,0.0,0.0,0.0,0.0,,,,,,,
-0.009326656349003315,mappo,2.366769876971375e-06,1.6543827056884766,0.00025425141713904644,2485.0,,,,,,,,,,,,,,0.0,,,,,0.017678074538707733,0.006666666828095913
,mappo,,,,2485.0,0.0,0.0,0.3333333432674408,0.0,0.0,0.0,0.3333333432674408,0.0,0.0,0.0,0.0,0.0,0.0,,,,,,,
-0.0032758719753473997,mappo,1.676314582255145e-06,1.6552517414093018,0.0002539513171057019,2486.0,,,,,,,,,,,,,,0.0,,,,,0.017242450267076492,0.006666666828095913
,mappo,,,,2486.0,0.0,0.0,0.3333333432674408,0.0,0.0,0.0,0.3333333432674408,0.0,0.0,0.0,0.0,0.0,0.0,,,,,,,
-0.0020385151728987694,mappo,1.2081986824341584e-06,1.6005090475082397,0.0002536512170723575,2487.0,,,,,,,,,,,,,,0.0,,,,,0.018256284296512604,0.006666666828095913
,mappo,,,,2487.0,0.0,0.0,0.3333333432674408,0.0,0.0,0.0,0.3333333432674408,0.0,0.0,0.0,0.0,0.0,0.0,,,,,,,
-0.006390292197465897,mappo,3.6230458135833032e-06,1.5673807859420776,0.0002533511170390131,2488.0,,,,,,,,,,,,,,0.0,,,,,0.016283683478832245,0.006666666828095913
,mappo,,,,2488.0,0.0,0.0,0.3333333432674408,0.0,0.0,0.0,0.3333333432674408,0.0,0.0,0.0,0.0,0.0,0.0,,,,,,,
-0.002866418333724141,mappo,1.7949370203496073e-06,1.6417754888534546,0.0002530510170056686,2489.0,,,,,,,,,,,,,,0.0,,,,,0.01750168576836586,0.006666666828095913
,mappo,,,,2489.0,0.0,0.0,0.3333333432674408,0.0,0.0,0.0,0.3333333432674408,0.0,0.0,0.0,0.0,0.0,0.0,,,,,,,
-0.009919272735714912,mappo,1.983191168619669e-06,1.7466843128204346,0.00025275091697232407,2490.0,,,,,,,,,,,,,,0.0,,,,,0.018378853797912598,0.006666666828095913
,mappo,,,,2490.0,0.0,0.0,0.3333333432674408,0.0,0.0,0.0,0.3333333432674408,0.0,0.0,0.0,0.0,0.0,0.0,,,,,,,
-0.00616829190403223,mappo,1.3684802979696542e-06,1.7062944173812866,0.00025245081693897977,2491.0,,,,,,,,,,,,,,0.0,,,,,0.018106376752257347,0.006666666828095913
,mappo,,,,2491.0,0.0,0.0,0.3333333432674408,0.0,0.0,0.0,0.3333333432674408,0.0,0.0,0.0,0.0,0.0,0.0,,,,,,,
-0.00480754766613245,mappo,9.264760478799872e-07,1.7026739120483398,0.00025215071690563526,2492.0,,,,,,,,,,,,,,0.0,,,,,0.018445240333676338,0.006666666828095913
,mappo,,,,2492.0,0.0,0.0,0.3333333432674408,0.0,0.0,0.0,0.3333333432674408,0.0,0.0,0.0,0.0,0.0,0.0,,,,,,,
-0.003391050035133958,mappo,1.3014697515245643e-06,1.691833734512329,0.00025185061687229074,2493.0,,,,,,,,,,,,,,0.0,,,,,0.01646251231431961,0.006666666828095913
,mappo,,,,2493.0,0.0,0.0,0.3333333432674408,0.0,0.0,0.0,0.3333333432674408,0.0,0.0,0.0,0.0,0.0,0.0,,,,,,,
-0.002731652930378914,mappo,6.846881319688691e-07,1.709700107574463,0.00025155051683894633,2494.0,,,,,,,,,,,,,,0.0,,,,,0.01791512221097946,0.006666666828095913
,mappo,,,,2494.0,0.0,0.0,0.3333333432674408,0.0,0.0,0.0,0.3333333432674408,0.0,0.0,0.0,0.0,0.0,0.0,,,,,,,
-0.005679355002939701,mappo,7.128148240553855e-07,1.7654186487197876,0.0002512504168056019,2495.0,,,,,,,,,,,,,,0.0,,,,,0.01793178915977478,0.006666666828095913
,mappo,,,,2495.0,0.0,0.0,0.3333333432674408,0.0,0.0,0.0,0.3333333432674408,0.0,0.0,0.0,0.0,0.0,0.0,,,,,,,
-0.005627325735986233,mappo,1.0164468449147535e-06,1.7116316556930542,0.0002509503167722575,2496.0,,,,,,,,,,,,,,0.0,,,,,0.018000617623329163,0.006666666828095913
,mappo,,,,2496.0,0.0,0.0,0.3333333432674408,0.0,0.0,0.0,0.3333333432674408,0.0,0.0,0.0,0.0,0.0,0.0,,,,,,,
-0.006437813397496939,mappo,2.203378386411714e-07,1.6881829500198364,0.000250650216738913,2497.0,,,,,,,,,,,,,,0.0,,,,,0.01798965223133564,0.006666666828095913
,mappo,,,,2497.0,0.0,0.0,0.3333333432674408,0.0,0.0,0.0,0.3333333432674408,0.0,0.0,0.0,0.0,0.0,0.0,,,,,,,
-0.0038482961244881153,mappo,2.109071147060604e-06,1.6408482789993286,0.0002503501167055686,2498.0,,,,,,,,,,,,,,0.0,,,,,0.018358834087848663,0.006666666828095913
,mappo,,,,2498.0,0.0,0.0,0.3333333432674408,0.0,0.0,0.0,0.3333333432674408,0.0,0.0,0.0,0.0,0.0,0.0,,,,,,,
-0.002450468484312296,mappo,3.193279667357274e-07,1.6631072759628296,0.0002500500166722242,2499.0,,,,,,,,,,,,,,0.0,,,,,0.0185093991458416,0.006666666828095913
,mappo,,,,2499.0,0.0,0.0,0.3333333432674408,0.0,0.0,0.0,0.3333333432674408,0.0,0.0,0.0,0.0,0.0,0.0,,,,,,,
,mappo,,,,2499.0,,,,,,,,,,,,,,,0.0,0.0,0.3333333432674408,0.0,,
-0.002869257004931569,mappo,0.0004321351880207658,1.753478765487671,0.00024974991663887967,2500.0,,,,,,,,,,,,,,0.0,,,,,0.017361804842948914,0.0
,mappo,,,,2500.0,0.0,0.0,0.0,0.0,0.0,0.0,0.0,0.0,0.0,0.0,0.0,0.0,0.0,,,,,,,
-0.006183352787047625,mappo,0.00016508091357536614,1.756685733795166,0.00024944981660553515,2501.0,,,,,,,,,,,,,,0.0,,,,,0.0195440873503685,0.006666666828095913
,mappo,,,,2501.0,0.0,0.0,0.3333333432674408,0.0,0.0,0.0,0.3333333432674408,0.0,0.0,0.0,0.0,0.0,0.0,,,,,,,
-0.00287745357491076,mappo,0.00010575356282060966,1.6613194942474365,0.00024914971657219085,2502.0,,,,,,,,,,,,,,0.0,,,,,0.01826055720448494,0.006666666828095913
,mappo,,,,2502.0,0.0,0.0,0.3333333432674408,0.0,0.0,0.0,0.3333333432674408,0.0,0.0,0.0,0.0,0.0,0.0,,,,,,,
-0.0007310863584280014,mappo,4.3112653656862676e-05,1.6527554988861084,0.00024884961653884633,2503.0,,,,,,,,,,,,,,0.0,,,,,0.019463229924440384,0.006666666828095913
,mappo,,,,2503.0,0.0,0.0,0.3333333432674408,0.0,0.0,0.0,0.3333333432674408,0.0,0.0,0.0,0.0,0.0,0.0,,,,,,,
-0.0023318941239267588,mappo,6.362172825902235e-06,1.6708862781524658,0.0002485495165055018,2504.0,,,,,,,,,,,,,,0.0,,,,,0.019195623695850372,0.006666666828095913
,mappo,,,,2504.0,0.0,0.0,0.3333333432674408,0.0,0.0,0.0,0.3333333432674408,0.0,0.0,0.0,0.0,0.0,0.0,,,,,,,
-0.009039371274411678,mappo,0.0002693978603929281,1.6398845911026,0.0002482494164721574,2505.0,,,,,,,,,,,,,,0.0,,,,,0.016572754830121994,0.0
,mappo,,,,2505.0,0.0,0.0,0.0,0.0,0.0,0.0,0.0,0.0,0.0,0.0,0.0,0.0,0.0,,,,,,,
-0.0051159788854420185,mappo,0.00011041991092497483,1.6812565326690674,0.000247949316438813,2506.0,,,,,,,,,,,,,,0.0,,,,,0.018639786168932915,0.006666666828095913
,mappo,,,,2506.0,0.0,0.0,0.3333333432674408,0.0,0.0,0.0,0.3333333432674408,0.0,0.0,0.0,0.0,0.0,0.0,,,,,,,
-0.0044930544681847095,mappo,0.0001229962072102353,1.4810059070587158,0.0002476492164054686,2507.0,,,,,,,,,,,,,,0.0,,,,,0.01691250130534172,0.006666666828095913
,mappo,,,,2507.0,0.0,0.0,0.3333333432674408,0.0,0.0,0.0,0.3333333432674408,0.0,0.0,0.0,0.0,0.0,0.0,,,,,,,
-0.009534948505461216,mappo,0.00011909910244867206,1.5189701318740845,0.0002473491163721241,2508.0,,,,,,,,,,,,,,0.0,,,,,0.01751122623682022,0.006666666828095913
,mappo,,,,2508.0,0.0,0.0,0.3333333432674408,0.0,0.0,0.0,0.3333333432674408,0.0,0.0,0.0,0.0,0.0,0.0,,,,,,,
-0.002396954456344247,mappo,0.00047538854414597154,1.492295503616333,0.00024704901633877956,2509.0,,,,,,,,,,,,,,0.0,,,,,0.016352929174900055,0.0
,mappo,,,,2509.0,0.0,0.0,0.0,0.0,0.0,0.0,0.0,0.0,0.0,0.0,0.0,0.0,0.0,,,,,,,
-0.008243734017014503,mappo,0.0003007381164934486,1.4963641166687012,0.00024674891630543526,2510.0,,,,,,,,,,,,,,0.0,,,,,0.01679031178355217,0.006666666828095913
,mappo,,,,2510.0,0.0,0.0,0.3333333432674408,0.0,0.0,0.0,0.3333333432674408,0.0,0.0,0.0,0.0,0.0,0.0,,,,,,,
-0.000401844474254176,mappo,0.0002667166409082711,1.5546680688858032,0.00024644881627209074,2511.0,,,,,,,,,,,,,,0.0,,,,,0.017293468117713928,0.006666666828095913
,mappo,,,,2511.0,0.0,0.0,0.3333333432674408,0.0,0.0,0.0,0.3333333432674408,0.0,0.0,0.0,0.0,0.0,0.0,,,,,,,
-0.0020391277503222227,mappo,0.0001708276686258614,1.511630892753601,0.0002461487162387462,2512.0,,,,,,,,,,,,,,0.0,,,,,0.01826566644012928,0.006666666828095913
,mappo,,,,2512.0,0.0,0.0,0.3333333432674408,0.0,0.0,0.0,0.3333333432674408,0.0,0.0,0.0,0.0,0.0,0.0,,,,,,,
-0.014685947448015213,mappo,7.317161362152547e-05,1.5751081705093384,0.0002458486162054019,2513.0,,,,,,,,,,,,,,0.0,,,,,0.016951294615864754,0.006666666828095913
,mappo,,,,2513.0,0.0,0.0,0.3333333432674408,0.0,0.0,0.0,0.3333333432674408,0.0,0.0,0.0,0.0,0.0,0.0,,,,,,,
-0.008002160117030144,mappo,1.8985279893968254e-05,1.4832673072814941,0.0002455485161720574,2514.0,,,,,,,,,,,,,,0.0,,,,,0.016908757388591766,0.006666666828095913
,mappo,,,,2514.0,0.0,0.0,0.3333333432674408,0.0,0.0,0.0,0.3333333432674408,0.0,0.0,0.0,0.0,0.0,0.0,,,,,,,
-0.004385366570204496,mappo,8.99996575753903e-06,1.5103343725204468,0.0002452484161387129,2515.0,,,,,,,,,,,,,,0.0,,,,,0.01741151511669159,0.006666666828095913
,mappo,,,,2515.0,0.0,0.0,0.3333333432674408,0.0,0.0,0.0,0.3333333432674408,0.0,0.0,0.0,0.0,0.0,0.0,,,,,,,
0.0030705754179507494,mappo,1.3748394849244505e-05,1.5279710292816162,0.0002449483161053685,2516.0,,,,,,,,,,,,,,0.0,,,,,0.017102712765336037,0.006666666828095913
,mappo,,,,2516.0,0.0,0.0,0.3333333432674408,0.0,0.0,0.0,0.3333333432674408,0.0,0.0,0.0,0.0,0.0,0.0,,,,,,,
-0.003692053258419037,mappo,1.4999555787653662e-05,1.4895340204238892,0.0002446482160720241,2517.0,,,,,,,,,,,,,,0.0,,,,,0.01614144816994667,0.006666666828095913
,mappo,,,,2517.0,0.0,0.0,0.3333333432674408,0.0,0.0,0.0,0.3333333432674408,0.0,0.0,0.0,0.0,0.0,0.0,,,,,,,
-0.006937985308468342,mappo,6.613003733946243e-06,1.571106195449829,0.00024434811603867967,2518.0,,,,,,,,,,,,,,0.0,,,,,0.01695339009165764,0.006666666828095913
,mappo,,,,2518.0,0.0,0.0,0.3333333432674408,0.0,0.0,0.0,0.3333333432674408,0.0,0.0,0.0,0.0,0.0,0.0,,,,,,,
-0.0065816789865493774,mappo,3.1643994589103386e-06,1.5238885879516602,0.00024404801600533515,2519.0,,,,,,,,,,,,,,0.0,,,,,0.016429778188467026,0.006666666828095913
,mappo,,,,2519.0,0.0,0.0,0.3333333432674408,0.0,0.0,0.0,0.3333333432674408,0.0,0.0,0.0,0.0,0.0,0.0,,,,,,,
-0.010267641395330429,mappo,4.28080511483131e-06,1.5773301124572754,0.00024374791597199063,2520.0,,,,,,,,,,,,,,0.0,,,,,0.016007237136363983,0.006666666828095913
,mappo,,,,2520.0,0.0,0.0,0.3333333432674408,0.0,0.0,0.0,0.3333333432674408,0.0,0.0,0.0,0.0,0.0,0.0,,,,,,,
0.0028044884093105793,mappo,7.572906724817585e-06,1.5870816707611084,0.00024344781593864633,2521.0,,,,,,,,,,,,,,0.0,,,,,0.01670602709054947,0.006666666828095913
,mappo,,,,2521.0,0.0,0.0,0.3333333432674408,0.0,0.0,0.0,0.3333333432674408,0.0,0.0,0.0,0.0,0.0,0.0,,,,,,,
0.003486390458419919,mappo,5.7786469369602855e-06,1.6572561264038086,0.00024314771590530182,2522.0,,,,,,,,,,,,,,0.0,,,,,0.016115088015794754,0.006666666828095913
,mappo,,,,2522.0,0.0,0.0,0.3333333432674408,0.0,0.0,0.0,0.3333333432674408,0.0,0.0,0.0,0.0,0.0,0.0,,,,,,,
-0.001726066810078919,mappo,6.6822353801399e-06,1.7241861820220947,0.0002428476158719573,2523.0,,,,,,,,,,,,,,0.0,,,,,0.016884759068489075,0.006666666828095913
,mappo,,,,2523.0,0.0,0.0,0.3333333432674408,0.0,0.0,0.0,0.3333333432674408,0.0,0.0,0.0,0.0,0.0,0.0,,,,,,,
-0.008822130039334297,mappo,3.0475857784040272e-06,1.6618132591247559,0.0002425475158386129,2524.0,,,,,,,,,,,,,,0.0,,,,,0.016183555126190186,0.006666666828095913
,mappo,,,,2524.0,0.0,0.0,0.3333333432674408,0.0,0.0,0.0,0.3333333432674408,0.0,0.0,0.0,0.0,0.0,0.0,,,,,,,
-0.007501385174691677,mappo,3.5918033063353505e-06,1.6431167125701904,0.00024224741580526849,2525.0,,,,,,,,,,,,,,0.0,,,,,0.0157117061316967,0.006666666828095913
,mappo,,,,2525.0,0.0,0.0,0.3333333432674408,0.0,0.0,0.0,0.3333333432674408,0.0,0.0,0.0,0.0,0.0,0.0,,,,,,,
-0.003641052870079875,mappo,3.993144673586357e-06,1.666839361190796,0.00024194731577192397,2526.0,,,,,,,,,,,,,,0.0,,,,,0.017682626843452454,0.006666666828095913
,mappo,,,,2526.0,0.0,0.0,0.3333333432674408,0.0,0.0,0.0,0.3333333432674408,0.0,0.0,0.0,0.0,0.0,0.0,,,,,,,
-0.0029564746655523777,mappo,1.7991482081924914e-06,1.6114907264709473,0.00024164721573857956,2527.0,,,,,,,,,,,,,,0.0,,,,,0.017193477600812912,0.006666666828095913
,mappo,,,,2527.0,0.0,0.0,0.3333333432674408,0.0,0.0,0.0,0.3333333432674408,0.0,0.0,0.0,0.0,0.0,0.0,,,,,,,
-0.002971216104924679,mappo,4.2907395254587755e-06,1.5748927593231201,0.00024134711570523515,2528.0,,,,,,,,,,,,,,0.0,,,,,0.016475830227136612,0.006666666828095913
,mappo,,,,2528.0,0.0,0.0,0.3333333432674408,0.0,0.0,0.0,0.3333333432674408,0.0,0.0,0.0,0.0,0.0,0.0,,,,,,,
-0.00807766430079937,mappo,2.1368623492890038e-06,1.5731176137924194,0.00024104701567189074,2529.0,,,,,,,,,,,,,,0.0,,,,,0.016103308647871017,0.006666666828095913
,mappo,,,,2529.0,0.0,0.0,0.3333333432674408,0.0,0.0,0.0,0.3333333432674408,0.0,0.0,0.0,0.0,0.0,0.0,,,,,,,
-0.0037172080483287573,mappo,2.6962914034811547e-06,1.4934194087982178,0.00024074691563854623,2530.0,,,,,,,,,,,,,,0.0,,,,,0.016224510967731476,0.006666666828095913
,mappo,,,,2530.0,0.0,0.0,0.3333333432674408,0.0,0.0,0.0,0.3333333432674408,0.0,0.0,0.0,0.0,0.0,0.0,,,,,,,
-0.0024538214784115553,mappo,2.4591570308984956e-06,1.6002072095870972,0.0002404468156052017,2531.0,,,,,,,,,,,,,,0.0,,,,,0.016325732693076134,0.006666666828095913
,mappo,,,,2531.0,0.0,0.0,0.3333333432674408,0.0,0.0,0.0,0.3333333432674408,0.0,0.0,0.0,0.0,0.0,0.0,,,,,,,
-0.008303944952785969,mappo,2.9586215077870293e-06,1.5254850387573242,0.0002401467155718574,2532.0,,,,,,,,,,,,,,0.0,,,,,0.016217797994613647,0.006666666828095913
,mappo,,,,2532.0,0.0,0.0,0.3333333432674408,0.0,0.0,0.0,0.3333333432674408,0.0,0.0,0.0,0.0,0.0,0.0,,,,,,,
-0.0015172946732491255,mappo,2.83341387330438e-06,1.4550864696502686,0.0002398466155385129,2533.0,,,,,,,,,,,,,,0.0,,,,,0.015683190897107124,0.006666666828095913
,mappo,,,,2533.0,0.0,0.0,0.3333333432674408,0.0,0.0,0.0,0.3333333432674408,0.0,0.0,0.0,0.0,0.0,0.0,,,,,,,
-0.006099754013121128,mappo,3.381373062438797e-06,1.469590425491333,0.00023954651550516838,2534.0,,,,,,,,,,,,,,0.0,,,,,0.01566286012530327,0.006666666828095913
,mappo,,,,2534.0,0.0,0.0,0.3333333432674408,0.0,0.0,0.0,0.3333333432674408,0.0,0.0,0.0,0.0,0.0,0.0,,,,,,,
-0.003211714792996645,mappo,1.2663098232224002e-06,1.4784694910049438,0.00023924641547182397,2535.0,,,,,,,,,,,,,,0.0,,,,,0.015585727989673615,0.006666666828095913
,mappo,,,,2535.0,0.0,0.0,0.3333333432674408,0.0,0.0,0.0,0.3333333432674408,0.0,0.0,0.0,0.0,0.0,0.0,,,,,,,
-0.0031670830212533474,mappo,2.6684349450079026e-06,1.5000319480895996,0.00023894631543847956,2536.0,,,,,,,,,,,,,,0.0,,,,,0.016144245862960815,0.006666666828095913
,mappo,,,,2536.0,0.0,0.0,0.3333333432674408,0.0,0.0,0.0,0.3333333432674408,0.0,0.0,0.0,0.0,0.0,0.0,,,,,,,
-0.008823234587907791,mappo,1.3351773304748349e-06,1.5382449626922607,0.00023864621540513505,2537.0,,,,,,,,,,,,,,0.0,,,,,0.015337040647864342,0.006666666828095913
,mappo,,,,2537.0,0.0,0.0,0.3333333432674408,0.0,0.0,0.0,0.3333333432674408,0.0,0.0,0.0,0.0,0.0,0.0,,,,,,,
0.0004998750519007444,mappo,1.7487622017142712e-06,1.5093775987625122,0.00023834611537179064,2538.0,,,,,,,,,,,,,,0.0,,,,,0.016260219737887383,0.006666666828095913
,mappo,,,,2538.0,0.0,0.0,0.3333333432674408,0.0,0.0,0.0,0.3333333432674408,0.0,0.0,0.0,0.0,0.0,0.0,,,,,,,
-0.0038730287924408913,mappo,2.4015871531446464e-06,1.5950188636779785,0.00023804601533844612,2539.0,,,,,,,,,,,,,,0.0,,,,,0.015442071482539177,0.006666666828095913
,mappo,,,,2539.0,0.0,0.0,0.3333333432674408,0.0,0.0,0.0,0.3333333432674408,0.0,0.0,0.0,0.0,0.0,0.0,,,,,,,
-0.001950767240487039,mappo,2.6912086923402967e-06,1.5481187105178833,0.00023774591530510182,2540.0,,,,,,,,,,,,,,0.0,,,,,0.01611456274986267,0.006666666828095913
,mappo,,,,2540.0,0.0,0.0,0.3333333432674408,0.0,0.0,0.0,0.3333333432674408,0.0,0.0,0.0,0.0,0.0,0.0,,,,,,,
-0.004428515210747719,mappo,2.826100626407424e-06,1.653592586517334,0.0002374458152717573,2541.0,,,,,,,,,,,,,,0.0,,,,,0.015823204070329666,0.006666666828095913
,mappo,,,,2541.0,0.0,0.0,0.3333333432674408,0.0,0.0,0.0,0.3333333432674408,0.0,0.0,0.0,0.0,0.0,0.0,,,,,,,
-0.008000937290489674,mappo,1.7213102410096326e-06,1.5644848346710205,0.0002371457152384128,2542.0,,,,,,,,,,,,,,0.0,,,,,0.015515068545937538,0.006666666828095913
,mappo,,,,2542.0,0.0,0.0,0.3333333432674408,0.0,0.0,0.0,0.3333333432674408,0.0,0.0,0.0,0.0,0.0,0.0,,,,,,,
-0.007378238718956709,mappo,1.7854519001048175e-06,1.6433324813842773,0.0002368456152050685,2543.0,,,,,,,,,,,,,,0.0,,,,,0.015283931978046894,0.006666666828095913
,mappo,,,,2543.0,0.0,0.0,0.3333333432674408,0.0,0.0,0.0,0.3333333432674408,0.0,0.0,0.0,0.0,0.0,0.0,,,,,,,
0.004037272650748491,mappo,5.105778109282255e-05,1.5024292469024658,0.00023654551517172397,2544.0,,,,,,,,,,,,,,0.0,,,,,0.014404941350221634,0.006666666828095913
,mappo,,,,2544.0,0.0,0.0,0.3333333432674408,0.0,0.0,0.0,0.3333333432674408,0.0,0.0,0.0,0.0,0.0,0.0,,,,,,,
-0.005924600176513195,mappo,5.382470590120647e-06,1.4904656410217285,0.00023624541513837945,2545.0,,,,,,,,,,,,,,0.0,,,,,0.014586616307497025,0.006666666828095913
,mappo,,,,2545.0,0.0,0.0,0.3333333432674408,0.0,0.0,0.0,0.3333333432674408,0.0,0.0,0.0,0.0,0.0,0.0,,,,,,,
-0.004540966358035803,mappo,6.998752269282704e-06,1.532963752746582,0.00023594531510503505,2546.0,,,,,,,,,,,,,,0.0,,,,,0.014984959736466408,0.006666666828095913
,mappo,,,,2546.0,0.0,0.0,0.3333333432674408,0.0,0.0,0.0,0.3333333432674408,0.0,0.0,0.0,0.0,0.0,0.0,,,,,,,
-0.005046219564974308,mappo,1.2376777704048436e-05,1.5581703186035156,0.00023564521507169064,2547.0,,,,,,,,,,,,,,0.0,,,,,0.01469137892127037,0.006666666828095913
,mappo,,,,2547.0,0.0,0.0,0.3333333432674408,0.0,0.0,0.0,0.3333333432674408,0.0,0.0,0.0,0.0,0.0,0.0,,,,,,,
-0.0022338794078677893,mappo,2.52391396315943e-06,1.574749231338501,0.00023534511503834612,2548.0,,,,,,,,,,,,,,0.0,,,,,0.01477477140724659,0.006666666828095913
,mappo,,,,2548.0,0.0,0.0,0.3333333432674408,0.0,0.0,0.0,0.3333333432674408,0.0,0.0,0.0,0.0,0.0,0.0,,,,,,,
-0.009926842525601387,mappo,1.0382821074017556e-06,1.488398551940918,0.00023504501500500171,2549.0,,,,,,,,,,,,,,0.0,,,,,0.01486586220562458,0.006666666828095913
,mappo,,,,2549.0,0.0,0.0,0.3333333432674408,0.0,0.0,0.0,0.3333333432674408,0.0,0.0,0.0,0.0,0.0,0.0,,,,,,,
0.00012580983457155526,mappo,2.4001779820537195e-05,1.4411884546279907,0.0002347449149716572,2550.0,,,,,,,,,,,,,,0.0,,,,,0.014512239955365658,0.006666666828095913
,mappo,,,,2550.0,0.0,0.0,0.3333333432674408,0.0,0.0,0.0,0.3333333432674408,0.0,0.0,0.0,0.0,0.0,0.0,,,,,,,
-0.007694021798670292,mappo,1.6123026398418006e-06,1.4733091592788696,0.0002344448149383129,2551.0,,,,,,,,,,,,,,0.0,,,,,0.015195269137620926,0.006666666828095913
,mappo,,,,2551.0,0.0,0.0,0.3333333432674408,0.0,0.0,0.0,0.3333333432674408,0.0,0.0,0.0,0.0,0.0,0.0,,,,,,,
-0.006111795082688332,mappo,3.1954136829881463e-06,1.4493883848190308,0.00023414471490496838,2552.0,,,,,,,,,,,,,,0.0,,,,,0.015063464641571045,0.006666666828095913
,mappo,,,,2552.0,0.0,0.0,0.3333333432674408,0.0,0.0,0.0,0.3333333432674408,0.0,0.0,0.0,0.0,0.0,0.0,,,,,,,
-0.010647976770997047,mappo,6.221276180440327e-06,1.461863398551941,0.00023384461487162386,2553.0,,,,,,,,,,,,,,0.0,,,,,0.014640184119343758,0.006666666828095913
,mappo,,,,2553.0,0.0,0.0,0.3333333432674408,0.0,0.0,0.0,0.3333333432674408,0.0,0.0,0.0,0.0,0.0,0.0,,,,,,,
-0.006523285061120987,mappo,2.967032969536376e-06,1.474576473236084,0.00023354451483827946,2554.0,,,,,,,,,,,,,,0.0,,,,,0.014699907042086124,0.006666666828095913
,mappo,,,,2554.0,0.0,0.0,0.3333333432674408,0.0,0.0,0.0,0.3333333432674408,0.0,0.0,0.0,0.0,0.0,0.0,,,,,,,
-0.0028124216478317976,mappo,5.030262855143519e-06,1.4423598051071167,0.00023324441480493505,2555.0,,,,,,,,,,,,,,0.0,,,,,0.014741702005267143,0.006666666828095913
,mappo,,,,2555.0,0.0,0.0,0.3333333432674408,0.0,0.0,0.0,0.3333333432674408,0.0,0.0,0.0,0.0,0.0,0.0,,,,,,,
-0.005784335546195507,mappo,1.7050333553925157e-06,1.3913544416427612,0.00023294431477159053,2556.0,,,,,,,,,,,,,,0.0,,,,,0.015121353790163994,0.006666666828095913
,mappo,,,,2556.0,0.0,0.0,0.3333333432674408,0.0,0.0,0.0,0.3333333432674408,0.0,0.0,0.0,0.0,0.0,0.0,,,,,,,
-0.012597371824085712,mappo,1.3796368421026273e-06,1.4147523641586304,0.00023264421473824612,2557.0,,,,,,,,,,,,,,0.0,,,,,0.01467479020357132,0.006666666828095913
,mappo,,,,2557.0,0.0,0.0,0.3333333432674408,0.0,0.0,0.0,0.3333333432674408,0.0,0.0,0.0,0.0,0.0,0.0,,,,,,,
0.004716649651527405,mappo,4.8383575631305575e-05,1.3885765075683594,0.00023234411470490172,2558.0,,,,,,,,,,,,,,0.0,,,,,0.014258727431297302,0.006666666828095913
,mappo,,,,2558.0,0.0,0.0,0.3333333432674408,0.0,0.0,0.0,0.3333333432674408,0.0,0.0,0.0,0.0,0.0,0.0,,,,,,,
-0.00232679583132267,mappo,7.351646672759671e-06,1.4501434564590454,0.0002320440146715572,2559.0,,,,,,,,,,,,,,0.0,,,,,0.014428768306970596,0.006666666828095913
,mappo,,,,2559.0,0.0,0.0,0.3333333432674408,0.0,0.0,0.0,0.3333333432674408,0.0,0.0,0.0,0.0,0.0,0.0,,,,,,,
-0.004767891950905323,mappo,5.49677633898682e-06,1.3310524225234985,0.0002317439146382128,2560.0,,,,,,,,,,,,,,0.0,,,,,0.014615766704082489,0.006666666828095913
,mappo,,,,2560.0,0.0,0.0,0.3333333432674408,0.0,0.0,0.0,0.3333333432674408,0.0,0.0,0.0,0.0,0.0,0.0,,,,,,,
0.07648099958896637,mappo,3.380459384061396e-05,1.3995277881622314,0.00023144381460486827,2561.0,,,,,,,,,,,,,,0.0,,,,,0.01423478964716196,0.006666666828095913
,mappo,,,,2561.0,0.0,0.0,0.3333333432674408,0.0,0.0,0.0,0.3333333432674408,0.0,0.0,0.0,0.0,0.0,0.0,,,,,,,
-0.007558051962405443,mappo,1.0524883691687137e-05,1.393873929977417,0.00023114371457152397,2562.0,,,,,,,,,,,,,,0.0,,,,,0.01447821781039238,0.006666666828095913
,mappo,,,,2562.0,0.0,0.0,0.3333333432674408,0.0,0.0,0.0,0.3333333432674408,0.0,0.0,0.0,0.0,0.0,0.0,,,,,,,
-0.007775556296110153,mappo,3.5266859867988387e-06,1.3529658317565918,0.00023084361453817946,2563.0,,,,,,,,,,,,,,0.0,,,,,0.01466747559607029,0.006666666828095913
,mappo,,,,2563.0,0.0,0.0,0.3333333432674408,0.0,0.0,0.0,0.3333333432674408,0.0,0.0,0.0,0.0,0.0,0.0,,,,,,,
-0.006595190614461899,mappo,1.4966973367336323e-06,1.3872004747390747,0.00023054351450483494,2564.0,,,,,,,,,,,,,,0.0,,,,,0.015039539895951748,0.006666666828095913
,mappo,,,,2564.0,0.0,0.0,0.3333333432674408,0.0,0.0,0.0,0.3333333432674408,0.0,0.0,0.0,0.0,0.0,0.0,,,,,,,
0.005243285093456507,mappo,2.8228469091118313e-06,1.4323421716690063,0.00023024341447149053,2565.0,,,,,,,,,,,,,,0.0,,,,,0.014737625606358051,0.006666666828095913
,mappo,,,,2565.0,0.0,0.0,0.3333333432674408,0.0,0.0,0.0,0.3333333432674408,0.0,0.0,0.0,0.0,0.0,0.0,,,,,,,
-0.012822219170629978,mappo,5.447736270980386e-07,1.379142165184021,0.00022994331443814612,2566.0,,,,,,,,,,,,,,0.0,,,,,0.015074120834469795,0.006666666828095913
,mappo,,,,2566.0,0.0,0.0,0.3333333432674408,0.0,0.0,0.0,0.3333333432674408,0.0,0.0,0.0,0.0,0.0,0.0,,,,,,,
0.004625236615538597,mappo,1.2657701518037356e-06,1.353407621383667,0.0002296432144048016,2567.0,,,,,,,,,,,,,,0.0,,,,,0.01447891816496849,0.006666666828095913
,mappo,,,,2567.0,0.0,0.0,0.3333333432674408,0.0,0.0,0.0,0.3333333432674408,0.0,0.0,0.0,0.0,0.0,0.0,,,,,,,
-0.0043977731838822365,mappo,1.4153367828839691e-06,1.3464537858963013,0.0002293431143714572,2568.0,,,,,,,,,,,,,,0.0,,,,,0.014351175166666508,0.006666666828095913
,mappo,,,,2568.0,0.0,0.0,0.3333333432674408,0.0,0.0,0.0,0.3333333432674408,0.0,0.0,0.0,0.0,0.0,0.0,,,,,,,
-0.00844391155987978,mappo,3.476079655229114e-07,1.3270946741104126,0.00022904301433811268,2569.0,,,,,,,,,,,,,,0.0,,,,,0.014275786466896534,0.006666666828095913
,mappo,,,,2569.0,0.0,0.0,0.3333333432674408,0.0,0.0,0.0,0.3333333432674408,0.0,0.0,0.0,0.0,0.0,0.0,,,,,,,
0.004954238887876272,mappo,3.7501802125916583e-06,1.260450005531311,0.00022874291430476828,2570.0,,,,,,,,,,,,,,0.0,,,,,0.014240778982639313,0.006666666828095913
,mappo,,,,2570.0,0.0,0.0,0.3333333432674408,0.0,0.0,0.0,0.3333333432674408,0.0,0.0,0.0,0.0,0.0,0.0,,,,,,,
-0.0027089137583971024,mappo,1.4381325854628813e-06,1.282395601272583,0.00022844281427142387,2571.0,,,,,,,,,,,,,,0.0,,,,,0.014120439067482948,0.006666666828095913
,mappo,,,,2571.0,0.0,0.0,0.3333333432674408,0.0,0.0,0.0,0.3333333432674408,0.0,0.0,0.0,0.0,0.0,0.0,,,,,,,
-0.0008853373001329601,mappo,1.5999577271941234e-06,1.3252800703048706,0.00022814271423807935,2572.0,,,,,,,,,,,,,,0.0,,,,,0.014491353183984756,0.006666666828095913
,mappo,,,,2572.0,0.0,0.0,0.3333333432674408,0.0,0.0,0.0,0.3333333432674408,0.0,0.0,0.0,0.0,0.0,0.0,,,,,,,
-0.009099752642214298,mappo,4.6349666149581026e-07,1.3630332946777344,0.00022784261420473505,2573.0,,,,,,,,,,,,,,0.0,,,,,0.014364169910550117,0.006666666828095913
,mappo,,,,2573.0,0.0,0.0,0.3333333432674408,0.0,0.0,0.0,0.3333333432674408,0.0,0.0,0.0,0.0,0.0,0.0,,,,,,,
-0.005518547724932432,mappo,1.2571301795105683e-06,1.2849069833755493,0.00022754251417139053,2574.0,,,,,,,,,,,,,,0.0,,,,,0.01427873782813549,0.006666666828095913
,mappo,,,,2574.0,0.0,0.0,0.3333333432674408,0.0,0.0,0.0,0.3333333432674408,0.0,0.0,0.0,0.0,0.0,0.0,,,,,,,
-0.00539392838254571,mappo,7.794912448844116e-07,1.3060095310211182,0.00022724241413804602,2575.0,,,,,,,,,,,,,,0.0,,,,,0.013831829652190208,0.006666666828095913
,mappo,,,,2575.0,0.0,0.0,0.3333333432674408,0.0,0.0,0.0,0.3333333432674408,0.0,0.0,0.0,0.0,0.0,0.0,,,,,,,
-0.005950717255473137,mappo,3.200510434453463e-07,1.2770898342132568,0.0002269423141047016,2576.0,,,,,,,,,,,,,,0.0,,,,,0.013886364176869392,0.006666666828095913
,mappo,,,,2576.0,0.0,0.0,0.3333333432674408,0.0,0.0,0.0,0.3333333432674408,0.0,0.0,0.0,0.0,0.0,0.0,,,,,,,
-0.009092059917747974,mappo,0.00015878371777944267,1.2797532081604004,0.0002266422140713572,2577.0,,,,,,,,,,,,,,0.0,,,,,0.012990685179829597,0.0
,mappo,,,,2577.0,0.0,0.0,0.0,0.0,0.0,0.0,0.0,0.0,0.0,0.0,0.0,0.0,0.0,,,,,,,
-0.011904613114893436,mappo,0.0001725538313621655,1.2548178434371948,0.00022634211403801268,2578.0,,,,,,,,,,,,,,0.0,,,,,0.013843614608049393,0.006666666828095913
,mappo,,,,2578.0,0.0,0.0,0.3333333432674408,0.0,0.0,0.0,0.3333333432674408,0.0,0.0,0.0,0.0,0.0,0.0,,,,,,,
-0.0016881149495020509,mappo,0.00017373218724969774,1.217805027961731,0.00022604201400466828,2579.0,,,,,,,,,,,,,,0.0,,,,,0.013935216702520847,0.006666666828095913
,mappo,,,,2579.0,0.0,0.0,0.3333333432674408,0.0,0.0,0.0,0.3333333432674408,0.0,0.0,0.0,0.0,0.0,0.0,,,,,,,
-0.003236145246773958,mappo,0.00020150448835920542,1.2112312316894531,0.00022574191397132376,2580.0,,,,,,,,,,,,,,0.0,,,,,0.013729737140238285,0.006666666828095913
,mappo,,,,2580.0,0.0,0.0,0.3333333432674408,0.0,0.0,0.0,0.3333333432674408,0.0,0.0,0.0,0.0,0.0,0.0,,,,,,,
-0.006147842388600111,mappo,6.205245153978467e-05,1.1837639808654785,0.00022544181393797935,2581.0,,,,,,,,,,,,,,0.0,,,,,0.014154903590679169,0.006666666828095913
,mappo,,,,2581.0,0.0,0.0,0.3333333432674408,0.0,0.0,0.0,0.3333333432674408,0.0,0.0,0.0,0.0,0.0,0.0,,,,,,,
-0.004662913735955954,mappo,2.7066371330874972e-05,1.1767547130584717,0.00022514171390463494,2582.0,,,,,,,,,,,,,,0.0,,,,,0.014146720059216022,0.006666666828095913
,mappo,,,,2582.0,0.0,0.0,0.3333333432674408,0.0,0.0,0.0,0.3333333432674408,0.0,0.0,0.0,0.0,0.0,0.0,,,,,,,
-0.003929744940251112,mappo,3.9503320294898e-06,1.2109986543655396,0.00022484161387129043,2583.0,,,,,,,,,,,,,,0.0,,,,,0.01435524970293045,0.006666666828095913
,mappo,,,,2583.0,0.0,0.0,0.3333333432674408,0.0,0.0,0.0,0.3333333432674408,0.0,0.0,0.0,0.0,0.0,0.0,,,,,,,
-0.009959914721548557,mappo,0.00010621146066114306,1.1687219142913818,0.00022454151383794602,2584.0,,,,,,,,,,,,,,0.0,,,,,0.01395343616604805,0.006666666828095913
,mappo,,,,2584.0,0.0,0.0,0.3333333432674408,0.0,0.0,0.0,0.3333333432674408,0.0,0.0,0.0,0.0,0.0,0.0,,,,,,,
-0.0052843112498521805,mappo,1.301215434068581e-06,1.1455529928207397,0.0002242414138046016,2585.0,,,,,,,,,,,,,,0.0,,,,,0.014637544751167297,0.006666666828095913
,mappo,,,,2585.0,0.0,0.0,0.3333333432674408,0.0,0.0,0.0,0.3333333432674408,0.0,0.0,0.0,0.0,0.0,0.0,,,,,,,
-0.005935974884778261,mappo,2.548202610341832e-05,1.158111333847046,0.0002239413137712571,2586.0,,,,,,,,,,,,,,0.0,,,,,0.014275102876126766,0.006666666828095913
,mappo,,,,2586.0,0.0,0.0,0.3333333432674408,0.0,0.0,0.0,0.3333333432674408,0.0,0.0,0.0,0.0,0.0,0.0,,,,,,,
-0.007995718158781528,mappo,3.816412572632544e-06,1.1381213665008545,0.00022364121373791269,2587.0,,,,,,,,,,,,,,0.0,,,,,0.014455411583185196,0.006666666828095913
,mappo,,,,2587.0,0.0,0.0,0.3333333432674408,0.0,0.0,0.0,0.3333333432674408,0.0,0.0,0.0,0.0,0.0,0.0,,,,,,,
-0.009493331424891949,mappo,3.780530050789821e-06,1.1280572414398193,0.00022334111370456828,2588.0,,,,,,,,,,,,,,0.0,,,,,0.014723820611834526,0.006666666828095913
,mappo,,,,2588.0,0.0,0.0,0.3333333432674408,0.0,0.0,0.0,0.3333333432674408,0.0,0.0,0.0,0.0,0.0,0.0,,,,,,,
-0.003775182645767927,mappo,4.669992904382525e-06,1.142812728881836,0.00022304101367122376,2589.0,,,,,,,,,,,,,,0.0,,,,,0.014878771267831326,0.006666666828095913
,mappo,,,,2589.0,0.0,0.0,0.3333333432674408,0.0,0.0,0.0,0.3333333432674408,0.0,0.0,0.0,0.0,0.0,0.0,,,,,,,
-0.004158334340900183,mappo,3.646679715529899e-06,1.161293864250183,0.00022274091363787935,2590.0,,,,,,,,,,,,,,0.0,,,,,0.014690851792693138,0.006666666828095913
,mappo,,,,2590.0,0.0,0.0,0.3333333432674408,0.0,0.0,0.0,0.3333333432674408,0.0,0.0,0.0,0.0,0.0,0.0,,,,,,,
-0.005426532123237848,mappo,2.852852048818022e-06,1.1275347471237183,0.00022244081360453484,2591.0,,,,,,,,,,,,,,0.0,,,,,0.014872263185679913,0.006666666828095913
,mappo,,,,2591.0,0.0,0.0,0.3333333432674408,0.0,0.0,0.0,0.3333333432674408,0.0,0.0,0.0,0.0,0.0,0.0,,,,,,,
-0.005894171539694071,mappo,3.9345745790342335e-06,1.1841323375701904,0.00022214071357119043,2592.0,,,,,,,,,,,,,,0.0,,,,,0.015024833381175995,0.006666666828095913
,mappo,,,,2592.0,0.0,0.0,0.3333333432674408,0.0,0.0,0.0,0.3333333432674408,0.0,0.0,0.0,0.0,0.0,0.0,,,,,,,
-0.00394733902066946,mappo,1.986981624213513e-05,1.1518592834472656,0.00022184061353784602,2593.0,,,,,,,,,,,,,,0.0,,,,,0.014033305458724499,0.006666666828095913
,mappo,,,,2593.0,0.0,0.0,0.3333333432674408,0.0,0.0,0.0,0.3333333432674408,0.0,0.0,0.0,0.0,0.0,0.0,,,,,,,
-0.0066255624406039715,mappo,3.2345749332307605e-06,1.1683311462402344,0.0002215405135045015,2594.0,,,,,,,,,,,,,,0.0,,,,,0.01416823361068964,0.006666666828095913
,mappo,,,,2594.0,0.0,0.0,0.3333333432674408,0.0,0.0,0.0,0.3333333432674408,0.0,0.0,0.0,0.0,0.0,0.0,,,,,,,
-0.005953304469585419,mappo,2.00997737920261e-06,1.175213098526001,0.0002212404134711571,2595.0,,,,,,,,,,,,,,0.0,,,,,0.014479242265224457,0.006666666828095913
,mappo,,,,2595.0,0.0,0.0,0.3333333432674408,0.0,0.0,0.0,0.3333333432674408,0.0,0.0,0.0,0.0,0.0,0.0,,,,,,,
0.0013768183998763561,mappo,3.055334445889457e-06,1.2422031164169312,0.0002209403134378127,2596.0,,,,,,,,,,,,,,0.0,,,,,0.014083612710237503,0.006666666828095913
,mappo,,,,2596.0,0.0,0.0,0.3333333432674408,0.0,0.0,0.0,0.3333333432674408,0.0,0.0,0.0,0.0,0.0,0.0,,,,,,,
-0.012898680754005909,mappo,9.573133183948812e-07,1.158778429031372,0.00022064021340446817,2597.0,,,,,,,,,,,,,,0.0,,,,,0.014591140672564507,0.006666666828095913
,mappo,,,,2597.0,0.0,0.0,0.3333333432674408,0.0,0.0,0.0,0.3333333432674408,0.0,0.0,0.0,0.0,0.0,0.0,,,,,,,
-0.004725015722215176,mappo,1.8461615809428622e-06,1.189631700515747,0.00022034011337112376,2598.0,,,,,,,,,,,,,,0.0,,,,,0.01469685509800911,0.006666666828095913
,mappo,,,,2598.0,0.0,0.0,0.3333333432674408,0.0,0.0,0.0,0.3333333432674408,0.0,0.0,0.0,0.0,0.0,0.0,,,,,,,
-0.00789040606468916,mappo,1.8386863303021528e-06,1.1662623882293701,0.00022004001333777925,2599.0,,,,,,,,,,,,,,0.0,,,,,0.014340409077703953,0.006666666828095913
,mappo,,,,2599.0,0.0,0.0,0.3333333432674408,0.0,0.0,0.0,0.3333333432674408,0.0,0.0,0.0,0.0,0.0,0.0,,,,,,,
,mappo,,,,2599.0,,,,,,,,,,,,,,,0.0,0.0,0.3333333432674408,0.0,,
-0.00605686055496335,mappo,2.2266401629167376e-06,1.1271687746047974,0.00021973991330443484,2600.0,,,,,,,,,,,,,,0.0,,,,,0.014376988634467125,0.006666666828095913
,mappo,,,,2600.0,0.0,0.0,0.3333333432674408,0.0,0.0,0.0,0.3333333432674408,0.0,0.0,0.0,0.0,0.0,0.0,,,,,,,
-0.009513160213828087,mappo,2.739520823524799e-06,1.129148244857788,0.00021943981327109043,2601.0,,,,,,,,,,,,,,0.0,,,,,0.013986784964799881,0.006666666828095913
,mappo,,,,2601.0,0.0,0.0,0.3333333432674408,0.0,0.0,0.0,0.3333333432674408,0.0,0.0,0.0,0.0,0.0,0.0,,,,,,,
-0.00741312513127923,mappo,2.23291772272205e-06,1.0980991125106812,0.0002191397132377459,2602.0,,,,,,,,,,,,,,0.0,,,,,0.014109522104263306,0.006666666828095913
,mappo,,,,2602.0,0.0,0.0,0.3333333432674408,0.0,0.0,0.0,0.3333333432674408,0.0,0.0,0.0,0.0,0.0,0.0,,,,,,,
0.0018425076268613338,mappo,2.2167423594510183e-06,1.191611409187317,0.0002188396132044015,2603.0,,,,,,,,,,,,,,0.0,,,,,0.013794533908367157,0.006666666828095913
,mappo,,,,2603.0,0.0,0.0,0.3333333432674408,0.0,0.0,0.0,0.3333333432674408,0.0,0.0,0.0,0.0,0.0,0.0,,,,,,,
-0.0005280565237626433,mappo,9.679316690380801e-07,1.1594860553741455,0.0002185395131710571,2604.0,,,,,,,,,,,,,,0.0,,,,,0.013773057609796524,0.006666666828095913
,mappo,,,,2604.0,0.0,0.0,0.3333333432674408,0.0,0.0,0.0,0.3333333432674408,0.0,0.0,0.0,0.0,0.0,0.0,,,,,,,
-0.006091865710914135,mappo,0.00027666997630149126,1.1860541105270386,0.00021823941313771258,2605.0,,,,,,,,,,,,,,0.0,,,,,0.01301584579050541,0.0
,mappo,,,,2605.0,0.0,0.0,0.0,0.0,0.0,0.0,0.0,0.0,0.0,0.0,0.0,0.0,0.0,,,,,,,
-0.0027656066231429577,mappo,0.00012290409358683974,1.115943193435669,0.00021793931310436817,2606.0,,,,,,,,,,,,,,0.0,,,,,0.013753589242696762,0.006666666828095913
,mappo,,,,2606.0,0.0,0.0,0.3333333432674408,0.0,0.0,0.0,0.3333333432674408,0.0,0.0,0.0,0.0,0.0,0.0,,,,,,,
0.003993595484644175,mappo,0.00016601046081632376,1.1274418830871582,0.00021763921307102376,2607.0,,,,,,,,,,,,,,0.0,,,,,0.013757875189185143,0.006666666828095913
,mappo,,,,2607.0,0.0,0.0,0.3333333432674408,0.0,0.0,0.0,0.3333333432674408,0.0,0.0,0.0,0.0,0.0,0.0,,,,,,,
-0.007432508282363415,mappo,0.00014309205289464444,1.083190679550171,0.00021733911303767925,2608.0,,,,,,,,,,,,,,0.0,,,,,0.013978737406432629,0.006666666828095913
,mappo,,,,2608.0,0.0,0.0,0.3333333432674408,0.0,0.0,0.0,0.3333333432674408,0.0,0.0,0.0,0.0,0.0,0.0,,,,,,,
-0.0031782416626811028,mappo,0.00010297413246007636,1.0757938623428345,0.00021703901300433484,2609.0,,,,,,,,,,,,,,0.0,,,,,0.013651907444000244,0.006666666828095913
,mappo,,,,2609.0,0.0,0.0,0.3333333432674408,0.0,0.0,0.0,0.3333333432674408,0.0,0.0,0.0,0.0,0.0,0.0,,,,,,,
-0.00739317899569869,mappo,0.00045575405238196254,1.121809959411621,0.00021673891297099032,2610.0,,,,,,,,,,,,,,0.0,,,,,0.012999163009226322,0.0
,mappo,,,,2610.0,0.0,0.0,0.0,0.0,0.0,0.0,0.0,0.0,0.0,0.0,0.0,0.0,0.0,,,,,,,
-0.004112022928893566,mappo,0.0005215773708187044,1.103278398513794,0.00021643881293764591,2611.0,,,,,,,,,,,,,,0.0,,,,,0.013388698920607567,0.006666666828095913
,mappo,,,,2611.0,0.0,0.0,0.3333333432674408,0.0,0.0,0.0,0.3333333432674408,0.0,0.0,0.0,0.0,0.0,0.0,,,,,,,
-0.0031681228429079056,mappo,0.00019698456162586808,1.0920246839523315,0.0002161387129043015,2612.0,,,,,,,,,,,,,,0.0,,,,,0.013783587142825127,0.006666666828095913
,mappo,,,,2612.0,0.0,0.0,0.3333333432674408,0.0,0.0,0.0,0.3333333432674408,0.0,0.0,0.0,0.0,0.0,0.0,,,,,,,
9.991759725380689e-05,mappo,0.00016322912415489554,1.087915301322937,0.000215838612870957,2613.0,,,,,,,,,,,,,,0.0,,,,,0.013881717808544636,0.006666666828095913
,mappo,,,,2613.0,0.0,0.0,0.3333333432674408,0.0,0.0,0.0,0.3333333432674408,0.0,0.0,0.0,0.0,0.0,0.0,,,,,,,
-0.0010385224595665932,mappo,0.00011105299927294254,1.1151856184005737,0.00021553851283761258,2614.0,,,,,,,,,,,,,,0.0,,,,,0.014007466845214367,0.006666666828095913
,mappo,,,,2614.0,0.0,0.0,0.3333333432674408,0.0,0.0,0.0,0.3333333432674408,0.0,0.0,0.0,0.0,0.0,0.0,,,,,,,
-0.010933913290500641,mappo,5.741709901485592e-05,1.1564147472381592,0.00021523841280426817,2615.0,,,,,,,,,,,,,,0.0,,,,,0.013762371614575386,0.006666666828095913
,mappo,,,,2615.0,0.0,0.0,0.3333333432674408,0.0,0.0,0.0,0.3333333432674408,0.0,0.0,0.0,0.0,0.0,0.0,,,,,,,
-0.0030128145590424538,mappo,2.054549077001866e-05,1.1258220672607422,0.00021493831277092366,2616.0,,,,,,,,,,,,,,0.0,,,,,0.013851085677742958,0.006666666828095913
,mappo,,,,2616.0,0.0,0.0,0.3333333432674408,0.0,0.0,0.0,0.3333333432674408,0.0,0.0,0.0,0.0,0.0,0.0,,,,,,,
-0.011862148530781269,mappo,4.637673555407673e-06,1.0925630331039429,0.00021463821273757925,2617.0,,,,,,,,,,,,,,0.0,,,,,0.01387391984462738,0.006666666828095913
,mappo,,,,2617.0,0.0,0.0,0.3333333432674408,0.0,0.0,0.0,0.3333333432674408,0.0,0.0,0.0,0.0,0.0,0.0,,,,,,,
-0.0004977736389264464,mappo,4.463336154003628e-06,1.1191785335540771,0.00021433811270423473,2618.0,,,,,,,,,,,,,,0.0,,,,,0.013858538120985031,0.006666666828095913
,mappo,,,,2618.0,0.0,0.0,0.3333333432674408,0.0,0.0,0.0,0.3333333432674408,0.0,0.0,0.0,0.0,0.0,0.0,,,,,,,
-0.01574156992137432,mappo,0.0004900305066257715,1.1330280303955078,0.00021403801267089032,2619.0,,,,,,,,,,,,,,0.0,,,,,0.013065461069345474,0.006666666828095913
,mappo,,,,2619.0,0.0,0.0,0.3333333432674408,0.0,0.0,0.0,0.3333333432674408,0.0,0.0,0.0,0.0,0.0,0.0,,,,,,,
-0.0019516433821991086,mappo,1.2407839676598087e-05,1.1357423067092896,0.00021373791263754592,2620.0,,,,,,,,,,,,,,0.0,,,,,0.013959763571619987,0.006666666828095913
,mappo,,,,2620.0,0.0,0.0,0.3333333432674408,0.0,0.0,0.0,0.3333333432674408,0.0,0.0,0.0,0.0,0.0,0.0,,,,,,,
-0.0035532864276319742,mappo,2.6157729735132307e-05,1.0969148874282837,0.0002134378126042014,2621.0,,,,,,,,,,,,,,0.0,,,,,0.014178159646689892,0.006666666828095913
,mappo,,,,2621.0,0.0,0.0,0.3333333432674408,0.0,0.0,0.0,0.3333333432674408,0.0,0.0,0.0,0.0,0.0,0.0,,,,,,,
-0.005101856775581837,mappo,2.5093986550928093e-05,1.0959919691085815,0.000213137712570857,2622.0,,,,,,,,,,,,,,0.0,,,,,0.013825505040585995,0.006666666828095913
,mappo,,,,2622.0,0.0,0.0,0.3333333432674408,0.0,0.0,0.0,0.3333333432674408,0.0,0.0,0.0,0.0,0.0,0.0,,,,,,,
-0.001844413229264319,mappo,2.1680616555386223e-05,1.1197415590286255,0.00021283761253751258,2623.0,,,,,,,,,,,,,,0.0,,,,,0.01387275755405426,0.006666666828095913
,mappo,,,,2623.0,0.0,0.0,0.3333333432674408,0.0,0.0,0.0,0.3333333432674408,0.0,0.0,0.0,0.0,0.0,0.0,,,,,,,
-0.0036010320764034986,mappo,1.629562393645756e-05,1.0849517583847046,0.00021253751250416807,2624.0,,,,,,,,,,,,,,0.0,,,,,0.013771956786513329,0.006666666828095913
,mappo,,,,2624.0,0.0,0.0,0.3333333432674408,0.0,0.0,0.0,0.3333333432674408,0.0,0.0,0.0,0.0,0.0,0.0,,,,,,,
-0.007272041402757168,mappo,7.161737812566571e-06,1.0719549655914307,0.00021223741247082366,2625.0,,,,,,,,,,,,,,0.0,,,,,0.014060664921998978,0.006666666828095913
,mappo,,,,2625.0,0.0,0.0,0.3333333432674408,0.0,0.0,0.0,0.3333333432674408,0.0,0.0,0.0,0.0,0.0,0.0,,,,,,,
-0.0005915697547607124,mappo,4.83723533761804e-06,1.0301716327667236,0.00021193731243747925,2626.0,,,,,,,,,,,,,,0.0,,,,,0.013983947224915028,0.006666666828095913
,mappo,,,,2626.0,0.0,0.0,0.3333333432674408,0.0,0.0,0.0,0.3333333432674408,0.0,0.0,0.0,0.0,0.0,0.0,,,,,,,
-0.011791462078690529,mappo,6.583202775800601e-06,0.9979851245880127,0.00021163721240413473,2627.0,,,,,,,,,,,,,,0.0,,,,,0.013846071437001228,0.006666666828095913
,mappo,,,,2627.0,0.0,0.0,0.3333333432674408,0.0,0.0,0.0,0.3333333432674408,0.0,0.0,0.0,0.0,0.0,0.0,,,,,,,
0.000807921402156353,mappo,2.719320718824747e-06,1.015297770500183,0.00021133711237079033,2628.0,,,,,,,,,,,,,,0.0,,,,,0.013734271749854088,0.006666666828095913
,mappo,,,,2628.0,0.0,0.0,0.3333333432674408,0.0,0.0,0.0,0.3333333432674408,0.0,0.0,0.0,0.0,0.0,0.0,,,,,,,
-0.002700423588976264,mappo,0.0004487263795454055,0.9640336036682129,0.0002110370123374458,2629.0,,,,,,,,,,,,,,0.0,,,,,0.0133524090051651,0.006666666828095913
,mappo,,,,2629.0,0.0,0.0,0.3333333432674408,0.0,0.0,0.0,0.3333333432674408,0.0,0.0,0.0,0.0,0.0,0.0,,,,,,,
-0.004001316614449024,mappo,0.0003132428100798279,0.9869836568832397,0.0002107369123041014,2630.0,,,,,,,,,,,,,,0.0,,,,,0.013155415654182434,0.0
,mappo,,,,2630.0,0.0,0.0,0.0,0.0,0.0,0.0,0.0,0.0,0.0,0.0,0.0,0.0,0.0,,,,,,,
-0.006370442919433117,mappo,0.00019812010577879846,0.9939480423927307,0.000210436812270757,2631.0,,,,,,,,,,,,,,0.0,,,,,0.013040678575634956,0.0
,mappo,,,,2631.0,0.0,0.0,0.0,0.0,0.0,0.0,0.0,0.0,0.0,0.0,0.0,0.0,0.0,,,,,,,
-0.0027611644472926855,mappo,0.0003538051387295127,0.9922119975090027,0.00021013671223741248,2632.0,,,,,,,,,,,,,,0.0,,,,,0.013863472267985344,0.006666666828095913
,mappo,,,,2632.0,0.0,0.0,0.3333333432674408,0.0,0.0,0.0,0.3333333432674408,0.0,0.0,0.0,0.0,0.0,0.0,,,,,,,
0.0036691634450107813,mappo,0.00044478767085820436,1.0305120944976807,0.00020983661220406807,2633.0,,,,,,,,,,,,,,0.0,,,,,0.013803817331790924,0.006666666828095913
,mappo,,,,2633.0,0.0,0.0,0.3333333432674408,0.0,0.0,0.0,0.3333333432674408,0.0,0.0,0.0,0.0,0.0,0.0,,,,,,,
-0.0064627015963196754,mappo,0.0004443541110958904,0.9885581731796265,0.00020953651217072366,2634.0,,,,,,,,,,,,,,0.0,,,,,0.013823435641825199,0.006666666828095913
,mappo,,,,2634.0,0.0,0.0,0.3333333432674408,0.0,0.0,0.0,0.3333333432674408,0.0,0.0,0.0,0.0,0.0,0.0,,,,,,,
-0.0012605431256815791,mappo,0.00035420674248598516,1.0365616083145142,0.00020923641213737914,2635.0,,,,,,,,,,,,,,0.0,,,,,0.013811955228447914,0.006666666828095913
,mappo,,,,2635.0,0.0,0.0,0.3333333432674408,0.0,0.0,0.0,0.3333333432674408,0.0,0.0,0.0,0.0,0.0,0.0,,,,,,,
-0.0033065329771488905,mappo,0.00024859950644895434,0.9969053268432617,0.00020893631210403473,2636.0,,,,,,,,,,,,,,0.0,,,,,0.014095094986259937,0.006666666828095913
,mappo,,,,2636.0,0.0,0.0,0.3333333432674408,0.0,0.0,0.0,0.3333333432674408,0.0,0.0,0.0,0.0,0.0,0.0,,,,,,,
-0.012696725316345692,mappo,0.00014325545635074377,1.0251412391662598,0.00020863621207069033,2637.0,,,,,,,,,,,,,,0.0,,,,,0.013841445557773113,0.006666666828095913
,mappo,,,,2637.0,0.0,0.0,0.3333333432674408,0.0,0.0,0.0,0.3333333432674408,0.0,0.0,0.0,0.0,0.0,0.0,,,,,,,
-0.009022973477840424,mappo,5.70075681025628e-05,1.010162591934204,0.0002083361120373458,2638.0,,,,,,,,,,,,,,0.0,,,,,0.014011620543897152,0.006666666828095913
,mappo,,,,2638.0,0.0,0.0,0.3333333432674408,0.0,0.0,0.0,0.3333333432674408,0.0,0.0,0.0,0.0,0.0,0.0,,,,,,,
-6.249996658880264e-05,mappo,1.3578746802522801e-05,0.9806825518608093,0.0002080360120040014,2639.0,,,,,,,,,,,,,,0.0,,,,,0.013980958610773087,0.006666666828095913
,mappo,,,,2639.0,0.0,0.0,0.3333333432674408,0.0,0.0,0.0,0.3333333432674408,0.0,0.0,0.0,0.0,0.0,0.0,,,,,,,
-0.0053067621774971485,mappo,1.4398920939129312e-05,1.0214097499847412,0.00020773591197065689,2640.0,,,,,,,,,,,,,,0.0,,,,,0.013933280482888222,0.006666666828095913
,mappo,,,,2640.0,0.0,0.0,0.3333333432674408,0.0,0.0,0.0,0.3333333432674408,0.0,0.0,0.0,0.0,0.0,0.0,,,,,,,
-0.0070534199476242065,mappo,2.1518255380215123e-05,1.0001145601272583,0.00020743581193731248,2641.0,,,,,,,,,,,,,,0.0,,,,,0.013991422951221466,0.006666666828095913
,mappo,,,,2641.0,0.0,0.0,0.3333333432674408,0.0,0.0,0.0,0.3333333432674408,0.0,0.0,0.0,0.0,0.0,0.0,,,,,,,
-0.005859867669641972,mappo,1.2429501111910213e-05,1.0191104412078857,0.00020713571190396807,2642.0,,,,,,,,,,,,,,0.0,,,,,0.013959774747490883,0.006666666828095913
,mappo,,,,2642.0,0.0,0.0,0.3333333432674408,0.0,0.0,0.0,0.3333333432674408,0.0,0.0,0.0,0.0,0.0,0.0,,,,,,,
-0.01562625728547573,mappo,4.839180746785132e-06,1.0424184799194336,0.00020683561187062355,2643.0,,,,,,,,,,,,,,0.0,,,,,0.014198126271367073,0.006666666828095913
,mappo,,,,2643.0,0.0,0.0,0.3333333432674408,0.0,0.0,0.0,0.3333333432674408,0.0,0.0,0.0,0.0,0.0,0.0,,,,,,,
-0.009502432309091091,mappo,6.717384621879319e-06,1.062820315361023,0.00020653551183727914,2644.0,,,,,,,,,,,,,,0.0,,,,,0.013922545127570629,0.006666666828095913
,mappo,,,,2644.0,0.0,0.0,0.3333333432674408,0.0,0.0,0.0,0.3333333432674408,0.0,0.0,0.0,0.0,0.0,0.0,,,,,,,
-0.009504773654043674,mappo,7.783309411024675e-05,1.073110818862915,0.00020623541180393474,2645.0,,,,,,,,,,,,,,0.0,,,,,0.013733266852796078,0.006666666828095913
,mappo,,,,2645.0,0.0,0.0,0.3333333432674408,0.0,0.0,0.0,0.3333333432674408,0.0,0.0,0.0,0.0,0.0,0.0,,,,,,,
-0.005208978429436684,mappo,1.1220798114663921e-05,1.0871593952178955,0.00020593531177059022,2646.0,,,,,,,,,,,,,,0.0,,,,,0.014055300503969193,0.006666666828095913
,mappo,,,,2646.0,0.0,0.0,0.3333333432674408,0.0,0.0,0.0,0.3333333432674408,0.0,0.0,0.0,0.0,0.0,0.0,,,,,,,
-0.009061054326593876,mappo,1.1724315299943555e-05,1.0837482213974,0.0002056352117372458,2647.0,,,,,,,,,,,,,,0.0,,,,,0.0141564030200243,0.006666666828095913
,mappo,,,,2647.0,0.0,0.0,0.3333333432674408,0.0,0.0,0.0,0.3333333432674408,0.0,0.0,0.0,0.0,0.0,0.0,,,,,,,
0.0007613354828208685,mappo,7.441565230692504e-06,1.1151480674743652,0.0002053351117039013,2648.0,,,,,,,,,,,,,,0.0,,,,,0.014370927587151527,0.006666666828095913
,mappo,,,,2648.0,0.0,0.0,0.3333333432674408,0.0,0.0,0.0,0.3333333432674408,0.0,0.0,0.0,0.0,0.0,0.0,,,,,,,
-0.000805670628324151,mappo,3.7085203530295985e-06,1.1201598644256592,0.0002050350116705569,2649.0,,,,,,,,,,,,,,0.0,,,,,0.014166977256536484,0.006666666828095913
,mappo,,,,2649.0,0.0,0.0,0.3333333432674408,0.0,0.0,0.0,0.3333333432674408,0.0,0.0,0.0,0.0,0.0,0.0,,,,,,,
-0.0045495112426579,mappo,0.00010047715477412567,1.0849204063415527,0.00020473491163721248,2650.0,,,,,,,,,,,,,,0.0,,,,,0.013922298327088356,0.006666666828095913
,mappo,,,,2650.0,0.0,0.0,0.3333333432674408,0.0,0.0,0.0,0.3333333432674408,0.0,0.0,0.0,0.0,0.0,0.0,,,,,,,
-0.0003431040095165372,mappo,0.00013330113142728806,1.0838220119476318,0.00020443481160386796,2651.0,,,,,,,,,,,,,,0.0,,,,,0.013969626277685165,0.006666666828095913
,mappo,,,,2651.0,0.0,0.0,0.3333333432674408,0.0,0.0,0.0,0.3333333432674408,0.0,0.0,0.0,0.0,0.0,0.0,,,,,,,
-0.0019305170280858874,mappo,1.853344656410627e-05,1.105161190032959,0.00020413471157052355,2652.0,,,,,,,,,,,,,,0.0,,,,,0.014095330610871315,0.006666666828095913
,mappo,,,,2652.0,0.0,0.0,0.3333333432674408,0.0,0.0,0.0,0.3333333432674408,0.0,0.0,0.0,0.0,0.0,0.0,,,,,,,
-0.006483524106442928,mappo,1.6236672308878042e-05,1.1138191223144531,0.00020383461153717915,2653.0,,,,,,,,,,,,,,0.0,,,,,0.014263882301747799,0.006666666828095913
,mappo,,,,2653.0,0.0,0.0,0.3333333432674408,0.0,0.0,0.0,0.3333333432674408,0.0,0.0,0.0,0.0,0.0,0.0,,,,,,,
0.00017751756240613759,mappo,6.693255727441283e-06,1.0943615436553955,0.00020353451150383463,2654.0,,,,,,,,,,,,,,0.0,,,,,0.01455116830766201,0.006666666828095913
,mappo,,,,2654.0,0.0,0.0,0.3333333432674408,0.0,0.0,0.0,0.3333333432674408,0.0,0.0,0.0,0.0,0.0,0.0,,,,,,,
-0.00806577131152153,mappo,1.8428328303343733e-06,1.1683692932128906,0.00020323441147049022,2655.0,,,,,,,,,,,,,,0.0,,,,,0.014018210582435131,0.006666666828095913
,mappo,,,,2655.0,0.0,0.0,0.3333333432674408,0.0,0.0,0.0,0.3333333432674408,0.0,0.0,0.0,0.0,0.0,0.0,,,,,,,
-0.0029723423067480326,mappo,2.028052222158294e-06,1.0992900133132935,0.0002029343114371458,2656.0,,,,,,,,,,,,,,0.0,,,,,0.014528129249811172,0.006666666828095913
,mappo,,,,2656.0,0.0,0.0,0.3333333432674408,0.0,0.0,0.0,0.3333333432674408,0.0,0.0,0.0,0.0,0.0,0.0,,,,,,,
-0.005500381346791983,mappo,5.201634849072434e-06,1.0901470184326172,0.0002026342114038013,2657.0,,,,,,,,,,,,,,0.0,,,,,0.014356710016727448,0.006666666828095913
,mappo,,,,2657.0,0.0,0.0,0.3333333432674408,0.0,0.0,0.0,0.3333333432674408,0.0,0.0,0.0,0.0,0.0,0.0,,,,,,,
0.00469367066398263,mappo,6.551470869453624e-05,1.0589178800582886,0.0002023341113704569,2658.0,,,,,,,,,,,,,,0.0,,,,,0.014046983793377876,0.006666666828095913
,mappo,,,,2658.0,0.0,0.0,0.3333333432674408,0.0,0.0,0.0,0.3333333432674408,0.0,0.0,0.0,0.0,0.0,0.0,,,,,,,
0.004177885130047798,mappo,1.5995066860341467e-05,1.0854010581970215,0.00020203401133711237,2659.0,,,,,,,,,,,,,,0.0,,,,,0.014502272009849548,0.006666666828095913
,mappo,,,,2659.0,0.0,0.0,0.3333333432674408,0.0,0.0,0.0,0.3333333432674408,0.0,0.0,0.0,0.0,0.0,0.0,,,,,,,
-0.009394769556820393,mappo,2.998626951011829e-05,1.113737940788269,0.00020173391130376796,2660.0,,,,,,,,,,,,,,0.0,,,,,0.013905307278037071,0.006666666828095913
,mappo,,,,2660.0,0.0,0.0,0.3333333432674408,0.0,0.0,0.0,0.3333333432674408,0.0,0.0,0.0,0.0,0.0,0.0,,,,,,,
-0.00829192716628313,mappo,3.4231296012876555e-05,1.1377450227737427,0.00020143381127042356,2661.0,,,,,,,,,,,,,,0.0,,,,,0.014685219153761864,0.006666666828095913
,mappo,,,,2661.0,0.0,0.0,0.3333333432674408,0.0,0.0,0.0,0.3333333432674408,0.0,0.0,0.0,0.0,0.0,0.0,,,,,,,
-0.003910832107067108,mappo,1.799737583496608e-05,1.1166292428970337,0.00020113371123707904,2662.0,,,,,,,,,,,,,,0.0,,,,,0.014704478904604912,0.006666666828095913
,mappo,,,,2662.0,0.0,0.0,0.3333333432674408,0.0,0.0,0.0,0.3333333432674408,0.0,0.0,0.0,0.0,0.0,0.0,,,,,,,
-0.0006294746999628842,mappo,7.732973244856112e-06,1.1259454488754272,0.00020083361120373452,2663.0,,,,,,,,,,,,,,0.0,,,,,0.014387239702045918,0.006666666828095913
,mappo,,,,2663.0,0.0,0.0,0.3333333432674408,0.0,0.0,0.0,0.3333333432674408,0.0,0.0,0.0,0.0,0.0,0.0,,,,,,,
0.0030718687921762466,mappo,2.187258587582619e-06,1.1484169960021973,0.00020053351117039022,2664.0,,,,,,,,,,,,,,0.0,,,,,0.014597595669329166,0.006666666828095913
,mappo,,,,2664.0,0.0,0.0,0.3333333432674408,0.0,0.0,0.0,0.3333333432674408,0.0,0.0,0.0,0.0,0.0,0.0,,,,,,,
-0.0034769042395055294,mappo,2.771035724435933e-06,1.135105848312378,0.0002002334111370457,2665.0,,,,,,,,,,,,,,0.0,,,,,0.014747707173228264,0.006666666828095913
,mappo,,,,2665.0,0.0,0.0,0.3333333432674408,0.0,0.0,0.0,0.3333333432674408,0.0,0.0,0.0,0.0,0.0,0.0,,,,,,,
-0.004189240746200085,mappo,3.90504510505707e-06,1.1311200857162476,0.0001999333111037013,2666.0,,,,,,,,,,,,,,0.0,,,,,0.014662934467196465,0.006666666828095913
,mappo,,,,2666.0,0.0,0.0,0.3333333432674408,0.0,0.0,0.0,0.3333333432674408,0.0,0.0,0.0,0.0,0.0,0.0,,,,,,,
-0.003323236247524619,mappo,3.1578069865645375e-06,1.097740650177002,0.0001996332110703569,2667.0,,,,,,,,,,,,,,0.0,,,,,0.014743012376129627,0.006666666828095913
,mappo,,,,2667.0,0.0,0.0,0.3333333432674408,0.0,0.0,0.0,0.3333333432674408,0.0,0.0,0.0,0.0,0.0,0.0,,,,,,,
-0.0075243739411234856,mappo,1.332263082076679e-06,1.0988852977752686,0.00019933311103701237,2668.0,,,,,,,,,,,,,,0.0,,,,,0.014460785314440727,0.006666666828095913
,mappo,,,,2668.0,0.0,0.0,0.3333333432674408,0.0,0.0,0.0,0.3333333432674408,0.0,0.0,0.0,0.0,0.0,0.0,,,,,,,
-0.011171785183250904,mappo,9.099406952373101e-07,1.1141002178192139,0.00019903301100366796,2669.0,,,,,,,,,,,,,,0.0,,,,,0.014277040027081966,0.006666666828095913
,mappo,,,,2669.0,0.0,0.0,0.3333333432674408,0.0,0.0,0.0,0.3333333432674408,0.0,0.0,0.0,0.0,0.0,0.0,,,,,,,
-0.005671599879860878,mappo,6.998222943366272e-07,1.123563289642334,0.00019873291097032345,2670.0,,,,,,,,,,,,,,0.0,,,,,0.014251094311475754,0.006666666828095913
,mappo,,,,2670.0,0.0,0.0,0.3333333432674408,0.0,0.0,0.0,0.3333333432674408,0.0,0.0,0.0,0.0,0.0,0.0,,,,,,,
-0.007921629585325718,mappo,1.0170746236326522e-06,1.088969111442566,0.00019843281093697904,2671.0,,,,,,,,,,,,,,0.0,,,,,0.014476928859949112,0.006666666828095913
,mappo,,,,2671.0,0.0,0.0,0.3333333432674408,0.0,0.0,0.0,0.3333333432674408,0.0,0.0,0.0,0.0,0.0,0.0,,,,,,,
0.006422084756195545,mappo,1.0805198371599545e-06,1.0723859071731567,0.00019813271090363463,2672.0,,,,,,,,,,,,,,0.0,,,,,0.014343885704874992,0.006666666828095913
,mappo,,,,2672.0,0.0,0.0,0.3333333432674408,0.0,0.0,0.0,0.3333333432674408,0.0,0.0,0.0,0.0,0.0,0.0,,,,,,,
-0.0035173362120985985,mappo,8.405064590988331e-07,1.116891622543335,0.00019783261087029012,2673.0,,,,,,,,,,,,,,0.0,,,,,0.013856470584869385,0.006666666828095913
,mappo,,,,2673.0,0.0,0.0,0.3333333432674408,0.0,0.0,0.0,0.3333333432674408,0.0,0.0,0.0,0.0,0.0,0.0,,,,,,,
0.00397309847176075,mappo,6.328583026515844e-07,1.137127161026001,0.0001975325108369456,2674.0,,,,,,,,,,,,,,0.0,,,,,0.014440289698541164,0.006666666828095913
,mappo,,,,2674.0,0.0,0.0,0.3333333432674408,0.0,0.0,0.0,0.3333333432674408,0.0,0.0,0.0,0.0,0.0,0.0,,,,,,,
-0.0009426876786164939,mappo,5.176876811674447e-07,1.105682373046875,0.0001972324108036013,2675.0,,,,,,,,,,,,,,0.0,,,,,0.014507841318845749,0.006666666828095913
,mappo,,,,2675.0,0.0,0.0,0.3333333432674408,0.0,0.0,0.0,0.3333333432674408,0.0,0.0,0.0,0.0,0.0,0.0,,,,,,,
-0.008772831410169601,mappo,6.784247830182721e-07,1.1039890050888062,0.00019693231077025678,2676.0,,,,,,,,,,,,,,0.0,,,,,0.014250563457608223,0.006666666828095913
,mappo,,,,2676.0,0.0,0.0,0.3333333432674408,0.0,0.0,0.0,0.3333333432674408,0.0,0.0,0.0,0.0,0.0,0.0,,,,,,,
-0.00553937628865242,mappo,3.452346675203444e-07,1.0927156209945679,0.00019663221073691237,2677.0,,,,,,,,,,,,,,0.0,,,,,0.014059856534004211,0.006666666828095913
,mappo,,,,2677.0,0.0,0.0,0.3333333432674408,0.0,0.0,0.0,0.3333333432674408,0.0,0.0,0.0,0.0,0.0,0.0,,,,,,,
-0.0039111552760005,mappo,6.082531854190165e-06,1.1140223741531372,0.00019633211070356786,2678.0,,,,,,,,,,,,,,0.0,,,,,0.01441892609000206,0.006666666828095913
,mappo,,,,2678.0,0.0,0.0,0.3333333432674408,0.0,0.0,0.0,0.3333333432674408,0.0,0.0,0.0,0.0,0.0,0.0,,,,,,,
-0.0024794982746243477,mappo,1.4833763088972773e-06,1.115019679069519,0.00019603201067022345,2679.0,,,,,,,,,,,,,,0.0,,,,,0.013927877880632877,0.006666666828095913
,mappo,,,,2679.0,0.0,0.0,0.3333333432674408,0.0,0.0,0.0,0.3333333432674408,0.0,0.0,0.0,0.0,0.0,0.0,,,,,,,
-0.002476552501320839,mappo,1.276712623621279e-06,1.0895402431488037,0.00019573191063687904,2680.0,,,,,,,,,,,,,,0.0,,,,,0.014016282744705677,0.006666666828095913
,mappo,,,,2680.0,0.0,0.0,0.3333333432674408,0.0,0.0,0.0,0.3333333432674408,0.0,0.0,0.0,0.0,0.0,0.0,,,,,,,
-0.006698626093566418,mappo,6.803392693655042e-07,1.108998417854309,0.00019543181060353452,2681.0,,,,,,,,,,,,,,0.0,,,,,0.014228506945073605,0.006666666828095913
,mappo,,,,2681.0,0.0,0.0,0.3333333432674408,0.0,0.0,0.0,0.3333333432674408,0.0,0.0,0.0,0.0,0.0,0.0,,,,,,,
-0.0015197634929791093,mappo,2.1871497665415518e-05,1.121749758720398,0.00019513171057019012,2682.0,,,,,,,,,,,,,,0.0,,,,,0.013731405138969421,0.006666666828095913
,mappo,,,,2682.0,0.0,0.0,0.3333333432674408,0.0,0.0,0.0,0.3333333432674408,0.0,0.0,0.0,0.0,0.0,0.0,,,,,,,
-0.0029856422916054726,mappo,5.138222695677541e-05,1.0947505235671997,0.0001948316105368457,2683.0,,,,,,,,,,,,,,0.0,,,,,0.01381133683025837,0.006666666828095913
,mappo,,,,2683.0,0.0,0.0,0.3333333432674408,0.0,0.0,0.0,0.3333333432674408,0.0,0.0,0.0,0.0,0.0,0.0,,,,,,,
-0.0070489742793142796,mappo,3.094547355431132e-05,1.0971041917800903,0.0001945315105035012,2684.0,,,,,,,,,,,,,,0.0,,,,,0.013737521134316921,0.006666666828095913
,mappo,,,,2684.0,0.0,0.0,0.3333333432674408,0.0,0.0,0.0,0.3333333432674408,0.0,0.0,0.0,0.0,0.0,0.0,,,,,,,
-0.004573226440697908,mappo,3.312775515951216e-05,1.095690369606018,0.00019423141047015668,2685.0,,,,,,,,,,,,,,0.0,,,,,0.013917572796344757,0.006666666828095913
,mappo,,,,2685.0,0.0,0.0,0.3333333432674408,0.0,0.0,0.0,0.3333333432674408,0.0,0.0,0.0,0.0,0.0,0.0,,,,,,,
-0.007009339518845081,mappo,8.073076605796814e-05,1.1035679578781128,0.00019393131043681238,2686.0,,,,,,,,,,,,,,0.0,,,,,0.013829611241817474,0.006666666828095913
,mappo,,,,2686.0,0.0,0.0,0.3333333432674408,0.0,0.0,0.0,0.3333333432674408,0.0,0.0,0.0,0.0,0.0,0.0,,,,,,,
-0.003438846440985799,mappo,3.8736416172469035e-05,1.092768669128418,0.00019363121040346786,2687.0,,,,,,,,,,,,,,0.0,,,,,0.014067940413951874,0.006666666828095913
,mappo,,,,2687.0,0.0,0.0,0.3333333432674408,0.0,0.0,0.0,0.3333333432674408,0.0,0.0,0.0,0.0,0.0,0.0,,,,,,,
-0.0034603760577738285,mappo,8.820935363473836e-06,1.1043621301651,0.00019333111037012345,2688.0,,,,,,,,,,,,,,0.0,,,,,0.014073766767978668,0.006666666828095913
,mappo,,,,2688.0,0.0,0.0,0.3333333432674408,0.0,0.0,0.0,0.3333333432674408,0.0,0.0,0.0,0.0,0.0,0.0,,,,,,,
0.03013346530497074,mappo,7.243233994813636e-05,1.0733344554901123,0.00019303101033677893,2689.0,,,,,,,,,,,,,,0.0,,,,,0.013893199153244495,0.006666666828095913
,mappo,,,,2689.0,0.0,0.0,0.3333333432674408,0.0,0.0,0.0,0.3333333432674408,0.0,0.0,0.0,0.0,0.0,0.0,,,,,,,
-0.0040144058875739574,mappo,6.954993750696303e-06,1.0608381032943726,0.00019273091030343453,2690.0,,,,,,,,,,,,,,0.0,,,,,0.01399496290832758,0.006666666828095913
,mappo,,,,2690.0,0.0,0.0,0.3333333432674408,0.0,0.0,0.0,0.3333333432674408,0.0,0.0,0.0,0.0,0.0,0.0,,,,,,,
-0.005637145601212978,mappo,7.112493767635897e-05,1.0720957517623901,0.00019243081027009012,2691.0,,,,,,,,,,,,,,0.0,,,,,0.013895869255065918,0.006666666828095913
,mappo,,,,2691.0,0.0,0.0,0.3333333432674408,0.0,0.0,0.0,0.3333333432674408,0.0,0.0,0.0,0.0,0.0,0.0,,,,,,,
-0.005370934493839741,mappo,2.7618334570433944e-05,1.0518840551376343,0.0001921307102367456,2692.0,,,,,,,,,,,,,,0.0,,,,,0.014005938544869423,0.006666666828095913
,mappo,,,,2692.0,0.0,0.0,0.3333333432674408,0.0,0.0,0.0,0.3333333432674408,0.0,0.0,0.0,0.0,0.0,0.0,,,,,,,
-0.0004115265910513699,mappo,3.062699397560209e-05,1.0827974081039429,0.00019183061020340108,2693.0,,,,,,,,,,,,,,0.0,,,,,0.014198316261172295,0.006666666828095913
,mappo,,,,2693.0,0.0,0.0,0.3333333432674408,0.0,0.0,0.0,0.3333333432674408,0.0,0.0,0.0,0.0,0.0,0.0,,,,,,,
-0.008607964031398296,mappo,2.1198489775997587e-05,1.0082064867019653,0.00019153051017005678,2694.0,,,,,,,,,,,,,,0.0,,,,,0.014629021286964417,0.006666666828095913
,mappo,,,,2694.0,0.0,0.0,0.3333333432674408,0.0,0.0,0.0,0.3333333432674408,0.0,0.0,0.0,0.0,0.0,0.0,,,,,,,
-0.004667419474571943,mappo,1.1138292393297888e-05,1.0547435283660889,0.00019123041013671227,2695.0,,,,,,,,,,,,,,0.0,,,,,0.014258204028010368,0.006666666828095913
,mappo,,,,2695.0,0.0,0.0,0.3333333432674408,0.0,0.0,0.0,0.3333333432674408,0.0,0.0,0.0,0.0,0.0,0.0,,,,,,,
-0.0024359128437936306,mappo,5.453850008052541e-06,1.0310499668121338,0.00019093031010336775,2696.0,,,,,,,,,,,,,,0.0,,,,,0.014494715258479118,0.006666666828095913
,mappo,,,,2696.0,0.0,0.0,0.3333333432674408,0.0,0.0,0.0,0.3333333432674408,0.0,0.0,0.0,0.0,0.0,0.0,,,,,,,
-0.009932871907949448,mappo,2.9563004773081047e-06,1.0050400495529175,0.00019063021007002345,2697.0,,,,,,,,,,,,,,0.0,,,,,0.014837220311164856,0.006666666828095913
,mappo,,,,2697.0,0.0,0.0,0.3333333432674408,0.0,0.0,0.0,0.3333333432674408,0.0,0.0,0.0,0.0,0.0,0.0,,,,,,,
-0.007411192636936903,mappo,2.9850407372578047e-06,0.9762272238731384,0.00019033011003667894,2698.0,,,,,,,,,,,,,,0.0,,,,,0.014523538760840893,0.006666666828095913
,mappo,,,,2698.0,0.0,0.0,0.3333333432674408,0.0,0.0,0.0,0.3333333432674408,0.0,0.0,0.0,0.0,0.0,0.0,,,,,,,
-0.014249510131776333,mappo,3.289319465693552e-06,0.9664764404296875,0.00019003001000333453,2699.0,,,,,,,,,,,,,,0.0,,,,,0.014853497967123985,0.006666666828095913
,mappo,,,,2699.0,0.0,0.0,0.3333333432674408,0.0,0.0,0.0,0.3333333432674408,0.0,0.0,0.0,0.0,0.0,0.0,,,,,,,
,mappo,,,,2699.0,,,,,,,,,,,,,,,0.0,0.0,0.3333333432674408,0.0,,
0.0007290580542758107,mappo,2.796946318994742e-06,0.9465903639793396,0.00018972990996999,2700.0,,,,,,,,,,,,,,0.0,,,,,0.014680437743663788,0.006666666828095913
,mappo,,,,2700.0,0.0,0.0,0.3333333432674408,0.0,0.0,0.0,0.3333333432674408,0.0,0.0,0.0,0.0,0.0,0.0,,,,,,,
-0.0008981784339994192,mappo,1.5358895097961067e-06,0.9620453119277954,0.0001894298099366456,2701.0,,,,,,,,,,,,,,0.0,,,,,0.014833269640803337,0.006666666828095913
,mappo,,,,2701.0,0.0,0.0,0.3333333432674408,0.0,0.0,0.0,0.3333333432674408,0.0,0.0,0.0,0.0,0.0,0.0,,,,,,,
-0.0016919402405619621,mappo,2.091988562824554e-06,0.9387562274932861,0.0001891297099033012,2702.0,,,,,,,,,,,,,,0.0,,,,,0.01441474910825491,0.006666666828095913
,mappo,,,,2702.0,0.0,0.0,0.3333333432674408,0.0,0.0,0.0,0.3333333432674408,0.0,0.0,0.0,0.0,0.0,0.0,,,,,,,
-0.003518126904964447,mappo,1.0520066098251846e-06,0.9225448369979858,0.00018882960986995668,2703.0,,,,,,,,,,,,,,0.0,,,,,0.01470396388322115,0.006666666828095913
,mappo,,,,2703.0,0.0,0.0,0.3333333432674408,0.0,0.0,0.0,0.3333333432674408,0.0,0.0,0.0,0.0,0.0,0.0,,,,,,,
-0.008929065428674221,mappo,1.1033896498702234e-06,0.924051821231842,0.00018852950983661216,2704.0,,,,,,,,,,,,,,0.0,,,,,0.014754250645637512,0.006666666828095913
,mappo,,,,2704.0,0.0,0.0,0.3333333432674408,0.0,0.0,0.0,0.3333333432674408,0.0,0.0,0.0,0.0,0.0,0.0,,,,,,,
-0.0067170122638344765,mappo,1.1686399830068694e-06,0.9212984442710876,0.00018822940980326786,2705.0,,,,,,,,,,,,,,0.0,,,,,0.01439749076962471,0.006666666828095913
,mappo,,,,2705.0,0.0,0.0,0.3333333432674408,0.0,0.0,0.0,0.3333333432674408,0.0,0.0,0.0,0.0,0.0,0.0,,,,,,,
0.0004812144616153091,mappo,1.2793124142262968e-06,0.9226552248001099,0.00018792930976992334,2706.0,,,,,,,,,,,,,,0.0,,,,,0.014557946473360062,0.006666666828095913
,mappo,,,,2706.0,0.0,0.0,0.3333333432674408,0.0,0.0,0.0,0.3333333432674408,0.0,0.0,0.0,0.0,0.0,0.0,,,,,,,
-0.004515479784458876,mappo,9.665641300671268e-07,0.9348579049110413,0.00018762920973657883,2707.0,,,,,,,,,,,,,,0.0,,,,,0.014116687700152397,0.006666666828095913
,mappo,,,,2707.0,0.0,0.0,0.3333333432674408,0.0,0.0,0.0,0.3333333432674408,0.0,0.0,0.0,0.0,0.0,0.0,,,,,,,
-0.000980536686256528,mappo,9.581602853359072e-07,0.9502370953559875,0.00018732910970323442,2708.0,,,,,,,,,,,,,,0.0,,,,,0.014399894513189793,0.006666666828095913
,mappo,,,,2708.0,0.0,0.0,0.3333333432674408,0.0,0.0,0.0,0.3333333432674408,0.0,0.0,0.0,0.0,0.0,0.0,,,,,,,
-0.00991908647119999,mappo,7.98600865437038e-07,0.9512104392051697,0.00018702900966989,2709.0,,,,,,,,,,,,,,0.0,,,,,0.014357442036271095,0.006666666828095913
,mappo,,,,2709.0,0.0,0.0,0.3333333432674408,0.0,0.0,0.0,0.3333333432674408,0.0,0.0,0.0,0.0,0.0,0.0,,,,,,,
-0.00667193066328764,mappo,6.507131047328585e-07,0.921953022480011,0.0001867289096365456,2710.0,,,,,,,,,,,,,,0.0,,,,,0.014487817883491516,0.006666666828095913
,mappo,,,,2710.0,0.0,0.0,0.3333333432674408,0.0,0.0,0.0,0.3333333432674408,0.0,0.0,0.0,0.0,0.0,0.0,,,,,,,
-0.0036942134611308575,mappo,8.143321679199289e-07,0.9405688643455505,0.0001864288096032011,2711.0,,,,,,,,,,,,,,0.0,,,,,0.014267470687627792,0.006666666828095913
,mappo,,,,2711.0,0.0,0.0,0.3333333432674408,0.0,0.0,0.0,0.3333333432674408,0.0,0.0,0.0,0.0,0.0,0.0,,,,,,,
-0.006103445775806904,mappo,4.1646447357379657e-07,0.9183279275894165,0.00018612870956985668,2712.0,,,,,,,,,,,,,,0.0,,,,,0.014187118038535118,0.006666666828095913
,mappo,,,,2712.0,0.0,0.0,0.3333333432674408,0.0,0.0,0.0,0.3333333432674408,0.0,0.0,0.0,0.0,0.0,0.0,,,,,,,
0.0002401453093625605,mappo,4.788388423548895e-07,0.9495213031768799,0.00018582860953651227,2713.0,,,,,,,,,,,,,,0.0,,,,,0.013997199013829231,0.006666666828095913
,mappo,,,,2713.0,0.0,0.0,0.3333333432674408,0.0,0.0,0.0,0.3333333432674408,0.0,0.0,0.0,0.0,0.0,0.0,,,,,,,
-0.008409025147557259,mappo,3.664641496925469e-07,0.9631752371788025,0.00018552850950316775,2714.0,,,,,,,,,,,,,,0.0,,,,,0.014016442000865936,0.006666666828095913
,mappo,,,,2714.0,0.0,0.0,0.3333333432674408,0.0,0.0,0.0,0.3333333432674408,0.0,0.0,0.0,0.0,0.0,0.0,,,,,,,
-0.007415308617055416,mappo,4.444157184479991e-07,0.934457004070282,0.00018522840946982324,2715.0,,,,,,,,,,,,,,0.0,,,,,0.014077408239245415,0.006666666828095913
,mappo,,,,2715.0,0.0,0.0,0.3333333432674408,0.0,0.0,0.0,0.3333333432674408,0.0,0.0,0.0,0.0,0.0,0.0,,,,,,,
-0.001812853617593646,mappo,0.0001177154845208861,0.9571288228034973,0.00018492830943647894,2716.0,,,,,,,,,,,,,,0.0,,,,,0.013674317859113216,0.006666666828095913
,mappo,,,,2716.0,0.0,0.0,0.3333333432674408,0.0,0.0,0.0,0.3333333432674408,0.0,0.0,0.0,0.0,0.0,0.0,,,,,,,
-0.003291553817689419,mappo,3.3818261726992205e-05,0.9709604978561401,0.00018462820940313442,2717.0,,,,,,,,,,,,,,0.0,,,,,0.013794960454106331,0.006666666828095913
,mappo,,,,2717.0,0.0,0.0,0.3333333432674408,0.0,0.0,0.0,0.3333333432674408,0.0,0.0,0.0,0.0,0.0,0.0,,,,,,,
-0.003196676028892398,mappo,4.4247186451684684e-05,0.950637936592102,0.00018432810936979,2718.0,,,,,,,,,,,,,,0.0,,,,,0.013867449946701527,0.006666666828095913
,mappo,,,,2718.0,0.0,0.0,0.3333333432674408,0.0,0.0,0.0,0.3333333432674408,0.0,0.0,0.0,0.0,0.0,0.0,,,,,,,
-0.0022867638617753983,mappo,7.56720473873429e-05,0.9375101923942566,0.0001840280093364455,2719.0,,,,,,,,,,,,,,0.0,,,,,0.013893408700823784,0.006666666828095913
,mappo,,,,2719.0,0.0,0.0,0.3333333432674408,0.0,0.0,0.0,0.3333333432674408,0.0,0.0,0.0,0.0,0.0,0.0,,,,,,,
-0.0018437859835103154,mappo,5.5905493354657665e-05,0.942748486995697,0.0001837279093031011,2720.0,,,,,,,,,,,,,,0.0,,,,,0.013966783881187439,0.006666666828095913
,mappo,,,,2720.0,0.0,0.0,0.3333333432674408,0.0,0.0,0.0,0.3333333432674408,0.0,0.0,0.0,0.0,0.0,0.0,,,,,,,
-0.008737915195524693,mappo,2.48573469434632e-05,0.9024141430854797,0.00018342780926975668,2721.0,,,,,,,,,,,,,,0.0,,,,,0.014056239277124405,0.006666666828095913
,mappo,,,,2721.0,0.0,0.0,0.3333333432674408,0.0,0.0,0.0,0.3333333432674408,0.0,0.0,0.0,0.0,0.0,0.0,,,,,,,
-0.00782086607068777,mappo,7.215466030174866e-05,0.9477766752243042,0.00018312770923641216,2722.0,,,,,,,,,,,,,,0.0,,,,,0.013718155212700367,0.006666666828095913
,mappo,,,,2722.0,0.0,0.0,0.3333333432674408,0.0,0.0,0.0,0.3333333432674408,0.0,0.0,0.0,0.0,0.0,0.0,,,,,,,
-0.003426369046792388,mappo,5.978377885185182e-05,0.9379954934120178,0.00018282760920306765,2723.0,,,,,,,,,,,,,,0.0,,,,,0.013764390721917152,0.006666666828095913
,mappo,,,,2723.0,0.0,0.0,0.3333333432674408,0.0,0.0,0.0,0.3333333432674408,0.0,0.0,0.0,0.0,0.0,0.0,,,,,,,
-0.0029685823246836662,mappo,2.6003155653597787e-05,0.9116054177284241,0.00018252750916972335,2724.0,,,,,,,,,,,,,,0.0,,,,,0.01376249361783266,0.006666666828095913
,mappo,,,,2724.0,0.0,0.0,0.3333333432674408,0.0,0.0,0.0,0.3333333432674408,0.0,0.0,0.0,0.0,0.0,0.0,,,,,,,
-0.010360626503825188,mappo,2.16549560718704e-05,0.8848833441734314,0.00018222740913637883,2725.0,,,,,,,,,,,,,,0.0,,,,,0.013967483304440975,0.006666666828095913
,mappo,,,,2725.0,0.0,0.0,0.3333333432674408,0.0,0.0,0.0,0.3333333432674408,0.0,0.0,0.0,0.0,0.0,0.0,,,,,,,
-0.0053641521371901035,mappo,1.2540167517727241e-05,0.9136857986450195,0.00018192730910303431,2726.0,,,,,,,,,,,,,,0.0,,,,,0.013901092112064362,0.006666666828095913
,mappo,,,,2726.0,0.0,0.0,0.3333333432674408,0.0,0.0,0.0,0.3333333432674408,0.0,0.0,0.0,0.0,0.0,0.0,,,,,,,
0.0009845220483839512,mappo,3.2735929380578455e-06,0.8958376049995422,0.00018162720906969001,2727.0,,,,,,,,,,,,,,0.0,,,,,0.013676455244421959,0.006666666828095913
,mappo,,,,2727.0,0.0,0.0,0.3333333432674408,0.0,0.0,0.0,0.3333333432674408,0.0,0.0,0.0,0.0,0.0,0.0,,,,,,,
-0.0037340486887842417,mappo,5.040580435888842e-05,0.8937171697616577,0.0001813271090363455,2728.0,,,,,,,,,,,,,,0.0,,,,,0.013692823238670826,0.006666666828095913
,mappo,,,,2728.0,0.0,0.0,0.3333333432674408,0.0,0.0,0.0,0.3333333432674408,0.0,0.0,0.0,0.0,0.0,0.0,,,,,,,
-0.007513522636145353,mappo,7.576413736387622e-06,0.8476316928863525,0.0001810270090030011,2729.0,,,,,,,,,,,,,,0.0,,,,,0.013933250680565834,0.006666666828095913
,mappo,,,,2729.0,0.0,0.0,0.3333333432674408,0.0,0.0,0.0,0.3333333432674408,0.0,0.0,0.0,0.0,0.0,0.0,,,,,,,
3.521860344335437e-05,mappo,7.390634436887922e-06,0.8465335369110107,0.00018072690896965657,2730.0,,,,,,,,,,,,,,0.0,,,,,0.013904247432947159,0.006666666828095913
,mappo,,,,2730.0,0.0,0.0,0.3333333432674408,0.0,0.0,0.0,0.3333333432674408,0.0,0.0,0.0,0.0,0.0,0.0,,,,,,,
-0.004075092263519764,mappo,5.742192570323823e-06,0.8952000737190247,0.00018042680893631217,2731.0,,,,,,,,,,,,,,0.0,,,,,0.013913648203015327,0.006666666828095913
,mappo,,,,2731.0,0.0,0.0,0.3333333432674408,0.0,0.0,0.0,0.3333333432674408,0.0,0.0,0.0,0.0,0.0,0.0,,,,,,,
-0.0034144020173698664,mappo,2.6034365419036476e-06,0.8750472068786621,0.00018012670890296776,2732.0,,,,,,,,,,,,,,0.0,,,,,0.013903356157243252,0.006666666828095913
,mappo,,,,2732.0,0.0,0.0,0.3333333432674408,0.0,0.0,0.0,0.3333333432674408,0.0,0.0,0.0,0.0,0.0,0.0,,,,,,,
-0.0013787904754281044,mappo,1.6786402738944162e-06,0.8441961407661438,0.00017982660886962324,2733.0,,,,,,,,,,,,,,0.0,,,,,0.01433265395462513,0.006666666828095913
,mappo,,,,2733.0,0.0,0.0,0.3333333432674408,0.0,0.0,0.0,0.3333333432674408,0.0,0.0,0.0,0.0,0.0,0.0,,,,,,,
-0.0036653249990195036,mappo,8.872547141436371e-07,0.8765163421630859,0.00017952650883627872,2734.0,,,,,,,,,,,,,,0.0,,,,,0.013854395598173141,0.006666666828095913
,mappo,,,,2734.0,0.0,0.0,0.3333333432674408,0.0,0.0,0.0,0.3333333432674408,0.0,0.0,0.0,0.0,0.0,0.0,,,,,,,
-0.012454479932785034,mappo,1.2389966741466196e-06,0.8182998299598694,0.00017922640880293442,2735.0,,,,,,,,,,,,,,0.0,,,,,0.014046333730220795,0.006666666828095913
,mappo,,,,2735.0,0.0,0.0,0.3333333432674408,0.0,0.0,0.0,0.3333333432674408,0.0,0.0,0.0,0.0,0.0,0.0,,,,,,,
-0.012020337395370007,mappo,1.2244006484252168e-06,0.8153752088546753,0.0001789263087695899,2736.0,,,,,,,,,,,,,,0.0,,,,,0.013991903513669968,0.006666666828095913
,mappo,,,,2736.0,0.0,0.0,0.3333333432674408,0.0,0.0,0.0,0.3333333432674408,0.0,0.0,0.0,0.0,0.0,0.0,,,,,,,
-0.0035352790728211403,mappo,2.879676230804762e-06,0.8150894045829773,0.0001786262087362454,2737.0,,,,,,,,,,,,,,0.0,,,,,0.013862751424312592,0.006666666828095913
,mappo,,,,2737.0,0.0,0.0,0.3333333432674408,0.0,0.0,0.0,0.3333333432674408,0.0,0.0,0.0,0.0,0.0,0.0,,,,,,,
-0.012334499508142471,mappo,7.213606068035006e-07,0.8023462295532227,0.00017832610870290098,2738.0,,,,,,,,,,,,,,0.0,,,,,0.01418718509376049,0.006666666828095913
,mappo,,,,2738.0,0.0,0.0,0.3333333432674408,0.0,0.0,0.0,0.3333333432674408,0.0,0.0,0.0,0.0,0.0,0.0,,,,,,,
-0.01208395417779684,mappo,7.67413609992218e-07,0.7961151003837585,0.00017802600866955657,2739.0,,,,,,,,,,,,,,0.0,,,,,0.013895465061068535,0.006666666828095913
,mappo,,,,2739.0,0.0,0.0,0.3333333432674408,0.0,0.0,0.0,0.3333333432674408,0.0,0.0,0.0,0.0,0.0,0.0,,,,,,,
-0.003923072014003992,mappo,7.005039037721872e-07,0.7651669383049011,0.00017772590863621217,2740.0,,,,,,,,,,,,,,0.0,,,,,0.013949014246463776,0.006666666828095913
,mappo,,,,2740.0,0.0,0.0,0.3333333432674408,0.0,0.0,0.0,0.3333333432674408,0.0,0.0,0.0,0.0,0.0,0.0,,,,,,,
-0.009924706071615219,mappo,6.482249546024832e-07,0.7459985613822937,0.00017742580860286765,2741.0,,,,,,,,,,,,,,0.0,,,,,0.013739442452788353,0.006666666828095913
,mappo,,,,2741.0,0.0,0.0,0.3333333432674408,0.0,0.0,0.0,0.3333333432674408,0.0,0.0,0.0,0.0,0.0,0.0,,,,,,,
-0.003528203582391143,mappo,2.9508830721169943e-06,0.7750979661941528,0.00017712570856952324,2742.0,,,,,,,,,,,,,,0.0,,,,,0.013684086501598358,0.006666666828095913
,mappo,,,,2742.0,0.0,0.0,0.3333333432674408,0.0,0.0,0.0,0.3333333432674408,0.0,0.0,0.0,0.0,0.0,0.0,,,,,,,
-0.010106260888278484,mappo,9.908732317853719e-05,0.8060405254364014,0.00017682560853617883,2743.0,,,,,,,,,,,,,,0.0,,,,,0.013562439009547234,0.006666666828095913
,mappo,,,,2743.0,0.0,0.0,0.3333333432674408,0.0,0.0,0.0,0.3333333432674408,0.0,0.0,0.0,0.0,0.0,0.0,,,,,,,
-0.00229245494119823,mappo,2.431903703836724e-05,0.8025897741317749,0.00017652550850283432,2744.0,,,,,,,,,,,,,,0.0,,,,,0.013568667694926262,0.006666666828095913
,mappo,,,,2744.0,0.0,0.0,0.3333333432674408,0.0,0.0,0.0,0.3333333432674408,0.0,0.0,0.0,0.0,0.0,0.0,,,,,,,
-0.011946241371333599,mappo,7.264349551405758e-05,0.8171404600143433,0.0001762254084694898,2745.0,,,,,,,,,,,,,,0.0,,,,,0.013587616384029388,0.006666666828095913
,mappo,,,,2745.0,0.0,0.0,0.3333333432674408,0.0,0.0,0.0,0.3333333432674408,0.0,0.0,0.0,0.0,0.0,0.0,,,,,,,
-0.0053827944211661816,mappo,4.3358981201890856e-05,0.8224123120307922,0.0001759253084361455,2746.0,,,,,,,,,,,,,,0.0,,,,,0.013905851170420647,0.006666666828095913
,mappo,,,,2746.0,0.0,0.0,0.3333333432674408,0.0,0.0,0.0,0.3333333432674408,0.0,0.0,0.0,0.0,0.0,0.0,,,,,,,
-0.0009485697955824435,mappo,0.00026846202672459185,0.8611751198768616,0.00017562520840280098,2747.0,,,,,,,,,,,,,,0.0,,,,,0.013173652812838554,0.0
,mappo,,,,2747.0,0.0,0.0,0.0,0.0,0.0,0.0,0.0,0.0,0.0,0.0,0.0,0.0,0.0,,,,,,,
-0.0014588182093575597,mappo,0.00021455661044456065,0.8206299543380737,0.00017532510836945647,2748.0,,,,,,,,,,,,,,0.0,,,,,0.013753151521086693,0.006666666828095913
,mappo,,,,2748.0,0.0,0.0,0.3333333432674408,0.0,0.0,0.0,0.3333333432674408,0.0,0.0,0.0,0.0,0.0,0.0,,,,,,,
-0.001809778274036944,mappo,0.00022159217041917145,0.8537436723709106,0.00017502500833611206,2749.0,,,,,,,,,,,,,,0.0,,,,,0.01369381695985794,0.006666666828095913
,mappo,,,,2749.0,0.0,0.0,0.3333333432674408,0.0,0.0,0.0,0.3333333432674408,0.0,0.0,0.0,0.0,0.0,0.0,,,,,,,
-0.001981685869395733,mappo,0.00022170942975208163,0.7907986044883728,0.00017472490830276765,2750.0,,,,,,,,,,,,,,0.0,,,,,0.014172220602631569,0.006666666828095913
,mappo,,,,2750.0,0.0,0.0,0.3333333432674408,0.0,0.0,0.0,0.3333333432674408,0.0,0.0,0.0,0.0,0.0,0.0,,,,,,,
0.00022641452960669994,mappo,0.00013153125473763794,0.8308225274085999,0.00017442480826942324,2751.0,,,,,,,,,,,,,,0.0,,,,,0.013722669333219528,0.006666666828095913
,mappo,,,,2751.0,0.0,0.0,0.3333333432674408,0.0,0.0,0.0,0.3333333432674408,0.0,0.0,0.0,0.0,0.0,0.0,,,,,,,
-0.006398733705282211,mappo,7.720976282143965e-05,0.8064651489257812,0.00017412470823607873,2752.0,,,,,,,,,,,,,,0.0,,,,,0.014098716899752617,0.006666666828095913
,mappo,,,,2752.0,0.0,0.0,0.3333333432674408,0.0,0.0,0.0,0.3333333432674408,0.0,0.0,0.0,0.0,0.0,0.0,,,,,,,
-0.011831160634756088,mappo,2.8707911042147316e-05,0.7671154737472534,0.0001738246082027342,2753.0,,,,,,,,,,,,,,0.0,,,,,0.014061949215829372,0.006666666828095913
,mappo,,,,2753.0,0.0,0.0,0.3333333432674408,0.0,0.0,0.0,0.3333333432674408,0.0,0.0,0.0,0.0,0.0,0.0,,,,,,,
0.007786438800394535,mappo,5.133382728672586e-06,0.7507872581481934,0.0001735245081693899,2754.0,,,,,,,,,,,,,,0.0,,,,,0.014049511402845383,0.006666666828095913
,mappo,,,,2754.0,0.0,0.0,0.3333333432674408,0.0,0.0,0.0,0.3333333432674408,0.0,0.0,0.0,0.0,0.0,0.0,,,,,,,
-0.01172148808836937,mappo,8.903515663405415e-06,0.7749195098876953,0.0001732244081360454,2755.0,,,,,,,,,,,,,,0.0,,,,,0.014049995690584183,0.006666666828095913
,mappo,,,,2755.0,0.0,0.0,0.3333333432674408,0.0,0.0,0.0,0.3333333432674408,0.0,0.0,0.0,0.0,0.0,0.0,,,,,,,
-0.004736464470624924,mappo,1.19464120871271e-05,0.7796429395675659,0.00017292430810270088,2756.0,,,,,,,,,,,,,,0.0,,,,,0.013959133997559547,0.006666666828095913
,mappo,,,,2756.0,0.0,0.0,0.3333333432674408,0.0,0.0,0.0,0.3333333432674408,0.0,0.0,0.0,0.0,0.0,0.0,,,,,,,
-0.006665728520601988,mappo,0.00021173906861804426,0.8026155829429626,0.00017262420806935658,2757.0,,,,,,,,,,,,,,0.0,,,,,0.013370117172598839,0.006666666828095913
,mappo,,,,2757.0,0.0,0.0,0.3333333432674408,0.0,0.0,0.0,0.3333333432674408,0.0,0.0,0.0,0.0,0.0,0.0,,,,,,,
-0.002863943809643388,mappo,3.957722947234288e-05,0.8403456211090088,0.00017232410803601206,2758.0,,,,,,,,,,,,,,0.0,,,,,0.013801082037389278,0.006666666828095913
,mappo,,,,2758.0,0.0,0.0,0.3333333432674408,0.0,0.0,0.0,0.3333333432674408,0.0,0.0,0.0,0.0,0.0,0.0,,,,,,,
-0.0008166866609826684,mappo,6.871268851682544e-05,0.8255783915519714,0.00017202400800266754,2759.0,,,,,,,,,,,,,,0.0,,,,,0.013985992409288883,0.006666666828095913
,mappo,,,,2759.0,0.0,0.0,0.3333333432674408,0.0,0.0,0.0,0.3333333432674408,0.0,0.0,0.0,0.0,0.0,0.0,,,,,,,
-0.009381606243550777,mappo,9.473282989347354e-05,0.856709897518158,0.00017172390796932314,2760.0,,,,,,,,,,,,,,0.0,,,,,0.013726050034165382,0.006666666828095913
,mappo,,,,2760.0,0.0,0.0,0.3333333432674408,0.0,0.0,0.0,0.3333333432674408,0.0,0.0,0.0,0.0,0.0,0.0,,,,,,,
-0.0004875909071415663,mappo,6.749531894456595e-05,0.8611840605735779,0.00017142380793597873,2761.0,,,,,,,,,,,,,,0.0,,,,,0.014044778421521187,0.006666666828095913
,mappo,,,,2761.0,0.0,0.0,0.3333333432674408,0.0,0.0,0.0,0.3333333432674408,0.0,0.0,0.0,0.0,0.0,0.0,,,,,,,
-0.0060664694756269455,mappo,4.904799789073877e-05,0.8696381449699402,0.00017112370790263432,2762.0,,,,,,,,,,,,,,0.0,,,,,0.014093978330492973,0.006666666828095913
,mappo,,,,2762.0,0.0,0.0,0.3333333432674408,0.0,0.0,0.0,0.3333333432674408,0.0,0.0,0.0,0.0,0.0,0.0,,,,,,,
-0.009028894826769829,mappo,2.6522593543631956e-05,0.8513444066047668,0.0001708236078692898,2763.0,,,,,,,,,,,,,,0.0,,,,,0.013907383196055889,0.006666666828095913
,mappo,,,,2763.0,0.0,0.0,0.3333333432674408,0.0,0.0,0.0,0.3333333432674408,0.0,0.0,0.0,0.0,0.0,0.0,,,,,,,
-0.004698918201029301,mappo,1.3013552234042436e-05,0.8307334184646606,0.0001705235078359453,2764.0,,,,,,,,,,,,,,0.0,,,,,0.014161158353090286,0.006666666828095913
,mappo,,,,2764.0,0.0,0.0,0.3333333432674408,0.0,0.0,0.0,0.3333333432674408,0.0,0.0,0.0,0.0,0.0,0.0,,,,,,,
-0.010121239349246025,mappo,3.052345709875226e-05,0.8322528600692749,0.000170223407802601,2765.0,,,,,,,,,,,,,,0.0,,,,,0.013905972242355347,0.006666666828095913
,mappo,,,,2765.0,0.0,0.0,0.3333333432674408,0.0,0.0,0.0,0.3333333432674408,0.0,0.0,0.0,0.0,0.0,0.0,,,,,,,
-0.0034675179049372673,mappo,4.095782969670836e-06,0.8406942486763,0.00016992330776925647,2766.0,,,,,,,,,,,,,,0.0,,,,,0.01412647869437933,0.006666666828095913
,mappo,,,,2766.0,0.0,0.0,0.3333333432674408,0.0,0.0,0.0,0.3333333432674408,0.0,0.0,0.0,0.0,0.0,0.0,,,,,,,
-0.00320565071888268,mappo,6.647298960160697e-06,0.7945744395256042,0.00016962320773591195,2767.0,,,,,,,,,,,,,,0.0,,,,,0.01423269510269165,0.006666666828095913
,mappo,,,,2767.0,0.0,0.0,0.3333333432674408,0.0,0.0,0.0,0.3333333432674408,0.0,0.0,0.0,0.0,0.0,0.0,,,,,,,
-0.004999635741114616,mappo,2.100510982927517e-06,0.8030664324760437,0.00016932310770256755,2768.0,,,,,,,,,,,,,,0.0,,,,,0.013962242752313614,0.006666666828095913
,mappo,,,,2768.0,0.0,0.0,0.3333333432674408,0.0,0.0,0.0,0.3333333432674408,0.0,0.0,0.0,0.0,0.0,0.0,,,,,,,
-0.007335691712796688,mappo,1.9675924249895616e-06,0.8093580007553101,0.00016902300766922314,2769.0,,,,,,,,,,,,,,0.0,,,,,0.01405235007405281,0.006666666828095913
,mappo,,,,2769.0,0.0,0.0,0.3333333432674408,0.0,0.0,0.0,0.3333333432674408,0.0,0.0,0.0,0.0,0.0,0.0,,,,,,,
0.00837602186948061,mappo,3.3701433039823314e-06,0.8454926013946533,0.00016872290763587862,2770.0,,,,,,,,,,,,,,0.0,,,,,0.013950921595096588,0.006666666828095913
,mappo,,,,2770.0,0.0,0.0,0.3333333432674408,0.0,0.0,0.0,0.3333333432674408,0.0,0.0,0.0,0.0,0.0,0.0,,,,,,,
-0.00487505691125989,mappo,0.0002018820377998054,0.8498542308807373,0.0001684228076025342,2771.0,,,,,,,,,,,,,,0.0,,,,,0.013499090448021889,0.006666666828095913
,mappo,,,,2771.0,0.0,0.0,0.3333333432674408,0.0,0.0,0.0,0.3333333432674408,0.0,0.0,0.0,0.0,0.0,0.0,,,,,,,
-0.006334166042506695,mappo,2.4548400688217953e-05,0.8785784840583801,0.0001681227075691898,2772.0,,,,,,,,,,,,,,0.0,,,,,0.013966139405965805,0.006666666828095913
,mappo,,,,2772.0,0.0,0.0,0.3333333432674408,0.0,0.0,0.0,0.3333333432674408,0.0,0.0,0.0,0.0,0.0,0.0,,,,,,,
-0.0036830459721386433,mappo,3.052514512091875e-05,0.8797872066497803,0.0001678226075358454,2773.0,,,,,,,,,,,,,,0.0,,,,,0.014006562530994415,0.006666666828095913
,mappo,,,,2773.0,0.0,0.0,0.3333333432674408,0.0,0.0,0.0,0.3333333432674408,0.0,0.0,0.0,0.0,0.0,0.0,,,,,,,
0.001403790432959795,mappo,3.4016455174423754e-05,0.850690484046936,0.00016752250750250088,2774.0,,,,,,,,,,,,,,0.0,,,,,0.01445812825113535,0.006666666828095913
,mappo,,,,2774.0,0.0,0.0,0.3333333432674408,0.0,0.0,0.0,0.3333333432674408,0.0,0.0,0.0,0.0,0.0,0.0,,,,,,,
-0.007078203838318586,mappo,2.6136463930015452e-05,0.8709549903869629,0.00016722240746915636,2775.0,,,,,,,,,,,,,,0.0,,,,,0.01410328596830368,0.006666666828095913
,mappo,,,,2775.0,0.0,0.0,0.3333333432674408,0.0,0.0,0.0,0.3333333432674408,0.0,0.0,0.0,0.0,0.0,0.0,,,,,,,
-0.008029027841985226,mappo,1.53031105583068e-05,0.8577146530151367,0.00016692230743581206,2776.0,,,,,,,,,,,,,,0.0,,,,,0.014576840214431286,0.006666666828095913
,mappo,,,,2776.0,0.0,0.0,0.3333333432674408,0.0,0.0,0.0,0.3333333432674408,0.0,0.0,0.0,0.0,0.0,0.0,,,,,,,
-0.00897771492600441,mappo,6.697945536870975e-06,0.8417956233024597,0.00016662220740246755,2777.0,,,,,,,,,,,,,,0.0,,,,,0.014399036765098572,0.006666666828095913
,mappo,,,,2777.0,0.0,0.0,0.3333333432674408,0.0,0.0,0.0,0.3333333432674408,0.0,0.0,0.0,0.0,0.0,0.0,,,,,,,
-0.01182320062071085,mappo,3.680880126921693e-06,0.831692099571228,0.00016632210736912303,2778.0,,,,,,,,,,,,,,0.0,,,,,0.014487205073237419,0.006666666828095913
,mappo,,,,2778.0,0.0,0.0,0.3333333432674408,0.0,0.0,0.0,0.3333333432674408,0.0,0.0,0.0,0.0,0.0,0.0,,,,,,,
-0.008192963898181915,mappo,7.967847523104865e-06,0.8098397850990295,0.00016602200733577862,2779.0,,,,,,,,,,,,,,0.0,,,,,0.0144499521702528,0.006666666828095913
,mappo,,,,2779.0,0.0,0.0,0.3333333432674408,0.0,0.0,0.0,0.3333333432674408,0.0,0.0,0.0,0.0,0.0,0.0,,,,,,,
-0.003654392436146736,mappo,2.011061951634474e-06,0.8257277607917786,0.00016572190730243421,2780.0,,,,,,,,,,,,,,0.0,,,,,0.014710033312439919,0.006666666828095913
,mappo,,,,2780.0,0.0,0.0,0.3333333432674408,0.0,0.0,0.0,0.3333333432674408,0.0,0.0,0.0,0.0,0.0,0.0,,,,,,,
-0.010855520144104958,mappo,1.7666650364844827e-06,0.8339066505432129,0.0001654218072690897,2781.0,,,,,,,,,,,,,,0.0,,,,,0.014567063190042973,0.006666666828095913
,mappo,,,,2781.0,0.0,0.0,0.3333333432674408,0.0,0.0,0.0,0.3333333432674408,0.0,0.0,0.0,0.0,0.0,0.0,,,,,,,
-0.004177214112132788,mappo,1.8305046296518412e-06,0.8113390207290649,0.0001651217072357453,2782.0,,,,,,,,,,,,,,0.0,,,,,0.014495925977826118,0.006666666828095913
,mappo,,,,2782.0,0.0,0.0,0.3333333432674408,0.0,0.0,0.0,0.3333333432674408,0.0,0.0,0.0,0.0,0.0,0.0,,,,,,,
-0.0035476316697895527,mappo,1.5519686940024258e-06,0.8523396849632263,0.00016482160720240077,2783.0,,,,,,,,,,,,,,0.0,,,,,0.014278682880103588,0.006666666828095913
,mappo,,,,2783.0,0.0,0.0,0.3333333432674408,0.0,0.0,0.0,0.3333333432674408,0.0,0.0,0.0,0.0,0.0,0.0,,,,,,,
0.00022653609630651772,mappo,1.2218846450195997e-06,0.8173843622207642,0.00016452150716905647,2784.0,,,,,,,,,,,,,,0.0,,,,,0.014319868758320808,0.006666666828095913
,mappo,,,,2784.0,0.0,0.0,0.3333333432674408,0.0,0.0,0.0,0.3333333432674408,0.0,0.0,0.0,0.0,0.0,0.0,,,,,,,
-0.0034189103171229362,mappo,1.219199020852102e-06,0.8232051730155945,0.00016422140713571196,2785.0,,,,,,,,,,,,,,0.0,,,,,0.014300765469670296,0.006666666828095913
,mappo,,,,2785.0,0.0,0.0,0.3333333432674408,0.0,0.0,0.0,0.3333333432674408,0.0,0.0,0.0,0.0,0.0,0.0,,,,,,,
-0.0020802756771445274,mappo,9.500194551037566e-07,0.8299082517623901,0.00016392130710236744,2786.0,,,,,,,,,,,,,,0.0,,,,,0.013950209133327007,0.006666666828095913
,mappo,,,,2786.0,0.0,0.0,0.3333333432674408,0.0,0.0,0.0,0.3333333432674408,0.0,0.0,0.0,0.0,0.0,0.0,,,,,,,
-0.0003813215298578143,mappo,2.655593925737776e-05,0.7944969534873962,0.00016362120706902314,2787.0,,,,,,,,,,,,,,0.0,,,,,0.013804524205625057,0.006666666828095913
,mappo,,,,2787.0,0.0,0.0,0.3333333432674408,0.0,0.0,0.0,0.3333333432674408,0.0,0.0,0.0,0.0,0.0,0.0,,,,,,,
-0.0020648608915507793,mappo,3.0279657039500307e-06,0.771873950958252,0.00016332110703567862,2788.0,,,,,,,,,,,,,,0.0,,,,,0.014225238934159279,0.006666666828095913
,mappo,,,,2788.0,0.0,0.0,0.3333333432674408,0.0,0.0,0.0,0.3333333432674408,0.0,0.0,0.0,0.0,0.0,0.0,,,,,,,
-0.002568840980529785,mappo,3.005366579600377e-06,0.7989454865455627,0.0001630210070023341,2789.0,,,,,,,,,,,,,,0.0,,,,,0.014054065570235252,0.006666666828095913
,mappo,,,,2789.0,0.0,0.0,0.3333333432674408,0.0,0.0,0.0,0.3333333432674408,0.0,0.0,0.0,0.0,0.0,0.0,,,,,,,
-0.00224428647197783,mappo,2.652019020388252e-06,0.7706853151321411,0.0001627209069689897,2790.0,,,,,,,,,,,,,,0.0,,,,,0.014116249047219753,0.006666666828095913
,mappo,,,,2790.0,0.0,0.0,0.3333333432674408,0.0,0.0,0.0,0.3333333432674408,0.0,0.0,0.0,0.0,0.0,0.0,,,,,,,
-0.005920978728681803,mappo,2.164844090657425e-06,0.7758356928825378,0.0001624208069356453,2791.0,,,,,,,,,,,,,,0.0,,,,,0.014105357229709625,0.006666666828095913
,mappo,,,,2791.0,0.0,0.0,0.3333333432674408,0.0,0.0,0.0,0.3333333432674408,0.0,0.0,0.0,0.0,0.0,0.0,,,,,,,
-0.0027244093362241983,mappo,1.4913040331521188e-06,0.7388432025909424,0.00016212070690230077,2792.0,,,,,,,,,,,,,,0.0,,,,,0.014337314292788506,0.006666666828095913
,mappo,,,,2792.0,0.0,0.0,0.3333333432674408,0.0,0.0,0.0,0.3333333432674408,0.0,0.0,0.0,0.0,0.0,0.0,,,,,,,
-0.006586745381355286,mappo,1.1507970612001373e-06,0.7563878297805786,0.00016182060686895637,2793.0,,,,,,,,,,,,,,0.0,,,,,0.01398895401507616,0.006666666828095913
,mappo,,,,2793.0,0.0,0.0,0.3333333432674408,0.0,0.0,0.0,0.3333333432674408,0.0,0.0,0.0,0.0,0.0,0.0,,,,,,,
-0.0007726057665422559,mappo,9.023960387821717e-07,0.7754143476486206,0.00016152050683561185,2794.0,,,,,,,,,,,,,,0.0,,,,,0.014096664264798164,0.006666666828095913
,mappo,,,,2794.0,0.0,0.0,0.3333333432674408,0.0,0.0,0.0,0.3333333432674408,0.0,0.0,0.0,0.0,0.0,0.0,,,,,,,
-0.003314860397949815,mappo,7.990313406480709e-07,0.7448394894599915,0.00016122040680226755,2795.0,,,,,,,,,,,,,,0.0,,,,,0.014083278365433216,0.006666666828095913
,mappo,,,,2795.0,0.0,0.0,0.3333333432674408,0.0,0.0,0.0,0.3333333432674408,0.0,0.0,0.0,0.0,0.0,0.0,,,,,,,
-0.0017119377152994275,mappo,1.7674558421276743e-06,0.7614213824272156,0.00016092030676892303,2796.0,,,,,,,,,,,,,,0.0,,,,,0.013978971168398857,0.006666666828095913
,mappo,,,,2796.0,0.0,0.0,0.3333333432674408,0.0,0.0,0.0,0.3333333432674408,0.0,0.0,0.0,0.0,0.0,0.0,,,,,,,
-0.00808103010058403,mappo,3.802085188908677e-07,0.790404200553894,0.00016062020673557852,2797.0,,,,,,,,,,,,,,0.0,,,,,0.013905785977840424,0.006666666828095913
,mappo,,,,2797.0,0.0,0.0,0.3333333432674408,0.0,0.0,0.0,0.3333333432674408,0.0,0.0,0.0,0.0,0.0,0.0,,,,,,,
0.0023367279209196568,mappo,1.6853368833835702e-06,0.775696337223053,0.0001603201067022341,2798.0,,,,,,,,,,,,,,0.0,,,,,0.013930758461356163,0.006666666828095913
,mappo,,,,2798.0,0.0,0.0,0.3333333432674408,0.0,0.0,0.0,0.3333333432674408,0.0,0.0,0.0,0.0,0.0,0.0,,,,,,,
-0.005814921576529741,mappo,4.254767134170834e-07,0.752240777015686,0.0001600200066688897,2799.0,,,,,,,,,,,,,,0.0,,,,,0.01410004310309887,0.006666666828095913
,mappo,,,,2799.0,0.0,0.0,0.3333333432674408,0.0,0.0,0.0,0.3333333432674408,0.0,0.0,0.0,0.0,0.0,0.0,,,,,,,
,mappo,,,,2799.0,,,,,,,,,,,,,,,0.0,0.0,0.3333333432674408,0.0,,
-0.00571934599429369,mappo,5.407641197052726e-07,0.7686200737953186,0.00015971990663554518,2800.0,,,,,,,,,,,,,,0.0,,,,,0.014459656551480293,0.006666666828095913
,mappo,,,,2800.0,0.0,0.0,0.3333333432674408,0.0,0.0,0.0,0.3333333432674408,0.0,0.0,0.0,0.0,0.0,0.0,,,,,,,
-0.003354244166985154,mappo,4.44321415216109e-07,0.778576672077179,0.00015941980660220078,2801.0,,,,,,,,,,,,,,0.0,,,,,0.014010170474648476,0.006666666828095913
,mappo,,,,2801.0,0.0,0.0,0.3333333432674408,0.0,0.0,0.0,0.3333333432674408,0.0,0.0,0.0,0.0,0.0,0.0,,,,,,,
-0.0020364015363156796,mappo,3.7869165225856705e-07,0.7752419114112854,0.00015911970656885637,2802.0,,,,,,,,,,,,,,0.0,,,,,0.014004262164235115,0.006666666828095913
,mappo,,,,2802.0,0.0,0.0,0.3333333432674408,0.0,0.0,0.0,0.3333333432674408,0.0,0.0,0.0,0.0,0.0,0.0,,,,,,,
0.0009069255320355296,mappo,3.6491894661594415e-07,0.7724208235740662,0.00015881960653551185,2803.0,,,,,,,,,,,,,,0.0,,,,,0.013980765827000141,0.006666666828095913
,mappo,,,,2803.0,0.0,0.0,0.3333333432674408,0.0,0.0,0.0,0.3333333432674408,0.0,0.0,0.0,0.0,0.0,0.0,,,,,,,
-0.007772271987050772,mappo,8.137967233778909e-05,0.7981777787208557,0.00015851950650216744,2804.0,,,,,,,,,,,,,,0.0,,,,,0.013685902580618858,0.006666666828095913
,mappo,,,,2804.0,0.0,0.0,0.3333333432674408,0.0,0.0,0.0,0.3333333432674408,0.0,0.0,0.0,0.0,0.0,0.0,,,,,,,
-0.0017355808522552252,mappo,1.0829908205778338e-05,0.792522132396698,0.00015821940646882293,2805.0,,,,,,,,,,,,,,0.0,,,,,0.014222441241145134,0.006666666828095913
,mappo,,,,2805.0,0.0,0.0,0.3333333432674408,0.0,0.0,0.0,0.3333333432674408,0.0,0.0,0.0,0.0,0.0,0.0,,,,,,,
-0.005524592474102974,mappo,1.0130494956683833e-05,0.773708164691925,0.00015791930643547863,2806.0,,,,,,,,,,,,,,0.0,,,,,0.01422716211527586,0.006666666828095913
,mappo,,,,2806.0,0.0,0.0,0.3333333432674408,0.0,0.0,0.0,0.3333333432674408,0.0,0.0,0.0,0.0,0.0,0.0,,,,,,,
-0.0034043563064187765,mappo,7.953594831633382e-06,0.8136270642280579,0.0001576192064021341,2807.0,,,,,,,,,,,,,,0.0,,,,,0.014428980648517609,0.006666666828095913
,mappo,,,,2807.0,0.0,0.0,0.3333333432674408,0.0,0.0,0.0,0.3333333432674408,0.0,0.0,0.0,0.0,0.0,0.0,,,,,,,
-0.005296660121530294,mappo,2.9520133466576226e-06,0.8582277297973633,0.0001573191063687896,2808.0,,,,,,,,,,,,,,0.0,,,,,0.014272059313952923,0.006666666828095913
,mappo,,,,2808.0,0.0,0.0,0.3333333432674408,0.0,0.0,0.0,0.3333333432674408,0.0,0.0,0.0,0.0,0.0,0.0,,,,,,,
-0.0031619546934962273,mappo,1.4184483916324098e-06,0.8880029320716858,0.00015701900633544518,2809.0,,,,,,,,,,,,,,0.0,,,,,0.01416565477848053,0.006666666828095913
,mappo,,,,2809.0,0.0,0.0,0.3333333432674408,0.0,0.0,0.0,0.3333333432674408,0.0,0.0,0.0,0.0,0.0,0.0,,,,,,,
-0.0003491922398097813,mappo,5.493274102263968e-07,0.8860915303230286,0.00015671890630210078,2810.0,,,,,,,,,,,,,,0.0,,,,,0.014411522075533867,0.006666666828095913
,mappo,,,,2810.0,0.0,0.0,0.3333333432674408,0.0,0.0,0.0,0.3333333432674408,0.0,0.0,0.0,0.0,0.0,0.0,,,,,,,
0.04367254301905632,mappo,2.1480598206835566e-06,0.9131103754043579,0.00015641880626875626,2811.0,,,,,,,,,,,,,,0.0,,,,,0.01410142332315445,0.006666666828095913
,mappo,,,,2811.0,0.0,0.0,0.3333333432674408,0.0,0.0,0.0,0.3333333432674408,0.0,0.0,0.0,0.0,0.0,0.0,,,,,,,
0.004661306273192167,mappo,7.112523690011585e-07,0.8587800860404968,0.00015611870623541185,2812.0,,,,,,,,,,,,,,0.0,,,,,0.014539254829287529,0.006666666828095913
,mappo,,,,2812.0,0.0,0.0,0.3333333432674408,0.0,0.0,0.0,0.3333333432674408,0.0,0.0,0.0,0.0,0.0,0.0,,,,,,,
-0.00652693584561348,mappo,7.862270194891607e-07,0.8513602018356323,0.00015581860620206734,2813.0,,,,,,,,,,,,,,0.0,,,,,0.015301055274903774,0.006666666828095913
,mappo,,,,2813.0,0.0,0.0,0.3333333432674408,0.0,0.0,0.0,0.3333333432674408,0.0,0.0,0.0,0.0,0.0,0.0,,,,,,,
-0.0018961376044899225,mappo,1.0076531680169865e-06,0.8860921263694763,0.00015551850616872293,2814.0,,,,,,,,,,,,,,0.0,,,,,0.014424530789256096,0.006666666828095913
,mappo,,,,2814.0,0.0,0.0,0.3333333432674408,0.0,0.0,0.0,0.3333333432674408,0.0,0.0,0.0,0.0,0.0,0.0,,,,,,,
-0.010196464136242867,mappo,8.505213031639869e-07,0.8688833713531494,0.00015521840613537852,2815.0,,,,,,,,,,,,,,0.0,,,,,0.014541365206241608,0.006666666828095913
,mappo,,,,2815.0,0.0,0.0,0.3333333432674408,0.0,0.0,0.0,0.3333333432674408,0.0,0.0,0.0,0.0,0.0,0.0,,,,,,,
0.0011981712887063622,mappo,3.4669517390284454e-07,0.8887633085250854,0.000154918306102034,2816.0,,,,,,,,,,,,,,0.0,,,,,0.01511538028717041,0.006666666828095913
,mappo,,,,2816.0,0.0,0.0,0.3333333432674408,0.0,0.0,0.0,0.3333333432674408,0.0,0.0,0.0,0.0,0.0,0.0,,,,,,,
-0.005760645028203726,mappo,2.363321840448407e-07,0.8945831060409546,0.0001546182060686897,2817.0,,,,,,,,,,,,,,0.0,,,,,0.014771144837141037,0.006666666828095913
,mappo,,,,2817.0,0.0,0.0,0.3333333432674408,0.0,0.0,0.0,0.3333333432674408,0.0,0.0,0.0,0.0,0.0,0.0,,,,,,,
-0.009615086950361729,mappo,1.0666520893209963e-06,0.9272004961967468,0.00015431810603534519,2818.0,,,,,,,,,,,,,,0.0,,,,,0.014268504455685616,0.006666666828095913
,mappo,,,,2818.0,0.0,0.0,0.3333333432674408,0.0,0.0,0.0,0.3333333432674408,0.0,0.0,0.0,0.0,0.0,0.0,,,,,,,
-0.003134631086140871,mappo,4.2913521269838384e-07,0.9253615140914917,0.00015401800600200067,2819.0,,,,,,,,,,,,,,0.0,,,,,0.014643042348325253,0.006666666828095913
,mappo,,,,2819.0,0.0,0.0,0.3333333432674408,0.0,0.0,0.0,0.3333333432674408,0.0,0.0,0.0,0.0,0.0,0.0,,,,,,,
0.0008315881132148206,mappo,3.8782457068009535e-07,0.962558925151825,0.00015371790596865626,2820.0,,,,,,,,,,,,,,0.0,,,,,0.014475524425506592,0.006666666828095913
,mappo,,,,2820.0,0.0,0.0,0.3333333432674408,0.0,0.0,0.0,0.3333333432674408,0.0,0.0,0.0,0.0,0.0,0.0,,,,,,,
-0.003712048754096031,mappo,4.0894295239013445e-07,0.9485391974449158,0.00015341780593531185,2821.0,,,,,,,,,,,,,,0.0,,,,,0.014676069840788841,0.006666666828095913
,mappo,,,,2821.0,0.0,0.0,0.3333333432674408,0.0,0.0,0.0,0.3333333432674408,0.0,0.0,0.0,0.0,0.0,0.0,,,,,,,
-0.01271511148661375,mappo,1.246117903974664e-06,0.9685584306716919,0.00015311770590196734,2822.0,,,,,,,,,,,,,,0.0,,,,,0.01423556637018919,0.006666666828095913
,mappo,,,,2822.0,0.0,0.0,0.3333333432674408,0.0,0.0,0.0,0.3333333432674408,0.0,0.0,0.0,0.0,0.0,0.0,,,,,,,
-0.0036697648465633392,mappo,4.816888008463138e-07,0.9760565161705017,0.00015281760586862293,2823.0,,,,,,,,,,,,,,0.0,,,,,0.014366885647177696,0.006666666828095913
,mappo,,,,2823.0,0.0,0.0,0.3333333432674408,0.0,0.0,0.0,0.3333333432674408,0.0,0.0,0.0,0.0,0.0,0.0,,,,,,,
-0.0030327464919537306,mappo,2.0895487296002102e-07,0.901677131652832,0.0001525175058352784,2824.0,,,,,,,,,,,,,,0.0,,,,,0.014288579113781452,0.006666666828095913
,mappo,,,,2824.0,0.0,0.0,0.3333333432674408,0.0,0.0,0.0,0.3333333432674408,0.0,0.0,0.0,0.0,0.0,0.0,,,,,,,
-0.0042908573523163795,mappo,2.519855399896187e-07,0.9266762137413025,0.000152217405801934,2825.0,,,,,,,,,,,,,,0.0,,,,,0.0141722671687603,0.006666666828095913
,mappo,,,,2825.0,0.0,0.0,0.3333333432674408,0.0,0.0,0.0,0.3333333432674408,0.0,0.0,0.0,0.0,0.0,0.0,,,,,,,
-0.006020560394972563,mappo,2.801688765430299e-07,0.9161857962608337,0.0001519173057685896,2826.0,,,,,,,,,,,,,,0.0,,,,,0.014241095632314682,0.006666666828095913
,mappo,,,,2826.0,0.0,0.0,0.3333333432674408,0.0,0.0,0.0,0.3333333432674408,0.0,0.0,0.0,0.0,0.0,0.0,,,,,,,
-0.00047462762449868023,mappo,1.7232724758287077e-07,0.862726628780365,0.00015161720573524508,2827.0,,,,,,,,,,,,,,0.0,,,,,0.014351723715662956,0.006666666828095913
,mappo,,,,2827.0,0.0,0.0,0.3333333432674408,0.0,0.0,0.0,0.3333333432674408,0.0,0.0,0.0,0.0,0.0,0.0,,,,,,,
-0.007696692366153002,mappo,1.1224245781704667e-06,0.8783400654792786,0.00015131710570190067,2828.0,,,,,,,,,,,,,,0.0,,,,,0.014561976306140423,0.006666666828095913
,mappo,,,,2828.0,0.0,0.0,0.3333333432674408,0.0,0.0,0.0,0.3333333432674408,0.0,0.0,0.0,0.0,0.0,0.0,,,,,,,
-0.011469104327261448,mappo,6.032300916558597e-07,0.8695935010910034,0.00015101700566855626,2829.0,,,,,,,,,,,,,,0.0,,,,,0.014371399767696857,0.006666666828095913
,mappo,,,,2829.0,0.0,0.0,0.3333333432674408,0.0,0.0,0.0,0.3333333432674408,0.0,0.0,0.0,0.0,0.0,0.0,,,,,,,
-0.00139226159080863,mappo,3.3696176160447067e-07,0.8679055571556091,0.00015071690563521175,2830.0,,,,,,,,,,,,,,0.0,,,,,0.014432728290557861,0.006666666828095913
,mappo,,,,2830.0,0.0,0.0,0.3333333432674408,0.0,0.0,0.0,0.3333333432674408,0.0,0.0,0.0,0.0,0.0,0.0,,,,,,,
-0.004487938713282347,mappo,5.016919999434322e-07,0.874006986618042,0.00015041680560186734,2831.0,,,,,,,,,,,,,,0.0,,,,,0.014017588458955288,0.006666666828095913
,mappo,,,,2831.0,0.0,0.0,0.3333333432674408,0.0,0.0,0.0,0.3333333432674408,0.0,0.0,0.0,0.0,0.0,0.0,,,,,,,
-0.004578720778226852,mappo,2.7527428869689174e-07,0.9450662136077881,0.00015011670556852293,2832.0,,,,,,,,,,,,,,0.0,,,,,0.014033949002623558,0.006666666828095913
,mappo,,,,2832.0,0.0,0.0,0.3333333432674408,0.0,0.0,0.0,0.3333333432674408,0.0,0.0,0.0,0.0,0.0,0.0,,,,,,,
-0.008243992924690247,mappo,2.884301011363277e-07,0.8756096363067627,0.0001498166055351784,2833.0,,,,,,,,,,,,,,0.0,,,,,0.01409794669598341,0.006666666828095913
,mappo,,,,2833.0,0.0,0.0,0.3333333432674408,0.0,0.0,0.0,0.3333333432674408,0.0,0.0,0.0,0.0,0.0,0.0,,,,,,,
-0.005387459881603718,mappo,3.395233989067492e-06,0.8848801851272583,0.000149516505501834,2834.0,,,,,,,,,,,,,,0.0,,,,,0.013916881754994392,0.006666666828095913
,mappo,,,,2834.0,0.0,0.0,0.3333333432674408,0.0,0.0,0.0,0.3333333432674408,0.0,0.0,0.0,0.0,0.0,0.0,,,,,,,
-0.0049812402576208115,mappo,4.0872700424188224e-07,0.8975969552993774,0.0001492164054684895,2835.0,,,,,,,,,,,,,,0.0,,,,,0.014204464852809906,0.006666666828095913
,mappo,,,,2835.0,0.0,0.0,0.3333333432674408,0.0,0.0,0.0,0.3333333432674408,0.0,0.0,0.0,0.0,0.0,0.0,,,,,,,
-0.0075030140578746796,mappo,4.7166540184662153e-07,0.867019772529602,0.0001489163054351452,2836.0,,,,,,,,,,,,,,0.0,,,,,0.014229701831936836,0.006666666828095913
,mappo,,,,2836.0,0.0,0.0,0.3333333432674408,0.0,0.0,0.0,0.3333333432674408,0.0,0.0,0.0,0.0,0.0,0.0,,,,,,,
-0.007699203211814165,mappo,2.4589556346654717e-07,0.8060734868049622,0.00014861620540180067,2837.0,,,,,,,,,,,,,,0.0,,,,,0.01434469036757946,0.006666666828095913
,mappo,,,,2837.0,0.0,0.0,0.3333333432674408,0.0,0.0,0.0,0.3333333432674408,0.0,0.0,0.0,0.0,0.0,0.0,,,,,,,
0.003895163768902421,mappo,3.181460851919837e-05,0.8496395945549011,0.00014831610536845616,2838.0,,,,,,,,,,,,,,0.0,,,,,0.013996166177093983,0.006666666828095913
,mappo,,,,2838.0,0.0,0.0,0.3333333432674408,0.0,0.0,0.0,0.3333333432674408,0.0,0.0,0.0,0.0,0.0,0.0,,,,,,,
-0.0029456992633640766,mappo,2.828435299306875e-06,0.8599303364753723,0.00014801600533511175,2839.0,,,,,,,,,,,,,,0.0,,,,,0.014297284185886383,0.006666666828095913
,mappo,,,,2839.0,0.0,0.0,0.3333333432674408,0.0,0.0,0.0,0.3333333432674408,0.0,0.0,0.0,0.0,0.0,0.0,,,,,,,
-0.006937501486390829,mappo,3.705868948600255e-06,0.8608808517456055,0.00014771590530176734,2840.0,,,,,,,,,,,,,,0.0,,,,,0.0143860699608922,0.006666666828095913
,mappo,,,,2840.0,0.0,0.0,0.3333333432674408,0.0,0.0,0.0,0.3333333432674408,0.0,0.0,0.0,0.0,0.0,0.0,,,,,,,
-0.0018649079138413072,mappo,1.2336184909145231e-06,0.8257887363433838,0.00014741580526842282,2841.0,,,,,,,,,,,,,,0.0,,,,,0.014351597055792809,0.006666666828095913
,mappo,,,,2841.0,0.0,0.0,0.3333333432674408,0.0,0.0,0.0,0.3333333432674408,0.0,0.0,0.0,0.0,0.0,0.0,,,,,,,
-0.0033789819572120905,mappo,1.880660875031026e-06,0.8332210779190063,0.00014711570523507841,2842.0,,,,,,,,,,,,,,0.0,,,,,0.014584872871637344,0.006666666828095913
,mappo,,,,2842.0,0.0,0.0,0.3333333432674408,0.0,0.0,0.0,0.3333333432674408,0.0,0.0,0.0,0.0,0.0,0.0,,,,,,,
-0.00590484868735075,mappo,5.705546186618449e-07,0.8241444230079651,0.0001468156052017339,2843.0,,,,,,,,,,,,,,0.0,,,,,0.014201102778315544,0.006666666828095913
,mappo,,,,2843.0,0.0,0.0,0.3333333432674408,0.0,0.0,0.0,0.3333333432674408,0.0,0.0,0.0,0.0,0.0,0.0,,,,,,,
-0.0025312681682407856,mappo,2.4995381409098627e-07,0.8050627708435059,0.0001465155051683895,2844.0,,,,,,,,,,,,,,0.0,,,,,0.014846467413008213,0.006666666828095913
,mappo,,,,2844.0,0.0,0.0,0.3333333432674408,0.0,0.0,0.0,0.3333333432674408,0.0,0.0,0.0,0.0,0.0,0.0,,,,,,,
-0.0074419924058020115,mappo,1.062589660705271e-07,0.8004816770553589,0.00014621540513504508,2845.0,,,,,,,,,,,,,,0.0,,,,,0.014676902443170547,0.006666666828095913
,mappo,,,,2845.0,0.0,0.0,0.3333333432674408,0.0,0.0,0.0,0.3333333432674408,0.0,0.0,0.0,0.0,0.0,0.0,,,,,,,
0.08005829155445099,mappo,6.098635481066594e-07,0.8238409161567688,0.00014591530510170056,2846.0,,,,,,,,,,,,,,0.0,,,,,0.014755617827177048,0.006666666828095913
,mappo,,,,2846.0,0.0,0.0,0.3333333432674408,0.0,0.0,0.0,0.3333333432674408,0.0,0.0,0.0,0.0,0.0,0.0,,,,,,,
-0.0006167151732370257,mappo,2.0766201487276703e-06,0.7971524000167847,0.00014561520506835627,2847.0,,,,,,,,,,,,,,0.0,,,,,0.014394346624612808,0.006666666828095913
,mappo,,,,2847.0,0.0,0.0,0.3333333432674408,0.0,0.0,0.0,0.3333333432674408,0.0,0.0,0.0,0.0,0.0,0.0,,,,,,,
0.01058472041040659,mappo,1.6164214855507453e-07,0.831963837146759,0.00014531510503501175,2848.0,,,,,,,,,,,,,,0.0,,,,,0.014876080676913261,0.006666666828095913
,mappo,,,,2848.0,0.0,0.0,0.3333333432674408,0.0,0.0,0.0,0.3333333432674408,0.0,0.0,0.0,0.0,0.0,0.0,,,,,,,
-0.008238228037953377,mappo,1.352192100512184e-07,0.8001985549926758,0.00014501500500166723,2849.0,,,,,,,,,,,,,,0.0,,,,,0.014527704566717148,0.006666666828095913
,mappo,,,,2849.0,0.0,0.0,0.3333333432674408,0.0,0.0,0.0,0.3333333432674408,0.0,0.0,0.0,0.0,0.0,0.0,,,,,,,
-0.006131523754447699,mappo,1.6263540203453886e-07,0.8022164702415466,0.00014471490496832282,2850.0,,,,,,,,,,,,,,0.0,,,,,0.014706307090818882,0.006666666828095913
,mappo,,,,2850.0,0.0,0.0,0.3333333432674408,0.0,0.0,0.0,0.3333333432674408,0.0,0.0,0.0,0.0,0.0,0.0,,,,,,,
-0.012774807401001453,mappo,1.6264559121736966e-07,0.810448944568634,0.00014441480493497842,2851.0,,,,,,,,,,,,,,0.0,,,,,0.01428242027759552,0.006666666828095913
,mappo,,,,2851.0,0.0,0.0,0.3333333432674408,0.0,0.0,0.0,0.3333333432674408,0.0,0.0,0.0,0.0,0.0,0.0,,,,,,,
-0.005521510262042284,mappo,9.230137152371753e-07,0.7779698967933655,0.0001441147049016339,2852.0,,,,,,,,,,,,,,0.0,,,,,0.014340264722704887,0.006666666828095913
,mappo,,,,2852.0,0.0,0.0,0.3333333432674408,0.0,0.0,0.0,0.3333333432674408,0.0,0.0,0.0,0.0,0.0,0.0,,,,,,,
-0.006342991255223751,mappo,3.526264720221661e-07,0.7893763780593872,0.0001438146048682895,2853.0,,,,,,,,,,,,,,0.0,,,,,0.01448966097086668,0.006666666828095913
,mappo,,,,2853.0,0.0,0.0,0.3333333432674408,0.0,0.0,0.0,0.3333333432674408,0.0,0.0,0.0,0.0,0.0,0.0,,,,,,,
-0.0037796082906425,mappo,4.027964735087153e-07,0.7693989276885986,0.00014351450483494497,2854.0,,,,,,,,,,,,,,0.0,,,,,0.014276377856731415,0.006666666828095913
,mappo,,,,2854.0,0.0,0.0,0.3333333432674408,0.0,0.0,0.0,0.3333333432674408,0.0,0.0,0.0,0.0,0.0,0.0,,,,,,,
-0.003232138231396675,mappo,2.0993576299588312e-07,0.7907200455665588,0.00014321440480160057,2855.0,,,,,,,,,,,,,,0.0,,,,,0.014177130535244942,0.006666666828095913
,mappo,,,,2855.0,0.0,0.0,0.3333333432674408,0.0,0.0,0.0,0.3333333432674408,0.0,0.0,0.0,0.0,0.0,0.0,,,,,,,
-0.009607360698282719,mappo,1.9552167884739902e-07,0.7886704206466675,0.00014291430476825616,2856.0,,,,,,,,,,,,,,0.0,,,,,0.014352008700370789,0.006666666828095913
,mappo,,,,2856.0,0.0,0.0,0.3333333432674408,0.0,0.0,0.0,0.3333333432674408,0.0,0.0,0.0,0.0,0.0,0.0,,,,,,,
-0.0051376232877373695,mappo,7.40912923902215e-07,0.808947741985321,0.00014261420473491164,2857.0,,,,,,,,,,,,,,0.0,,,,,0.014204863458871841,0.006666666828095913
,mappo,,,,2857.0,0.0,0.0,0.3333333432674408,0.0,0.0,0.0,0.3333333432674408,0.0,0.0,0.0,0.0,0.0,0.0,,,,,,,
-0.0033645539078861475,mappo,1.4224907829429867e-07,0.7925262451171875,0.00014231410470156723,2858.0,,,,,,,,,,,,,,0.0,,,,,0.013943718746304512,0.006666666828095913
,mappo,,,,2858.0,0.0,0.0,0.3333333432674408,0.0,0.0,0.0,0.3333333432674408,0.0,0.0,0.0,0.0,0.0,0.0,,,,,,,
-0.008229304105043411,mappo,9.133352563139852e-08,0.7782909870147705,0.00014201400466822283,2859.0,,,,,,,,,,,,,,0.0,,,,,0.01412435807287693,0.006666666828095913
,mappo,,,,2859.0,0.0,0.0,0.3333333432674408,0.0,0.0,0.0,0.3333333432674408,0.0,0.0,0.0,0.0,0.0,0.0,,,,,,,
0.00024320921511389315,mappo,4.893686309515033e-07,0.7617206573486328,0.0001417139046348783,2860.0,,,,,,,,,,,,,,0.0,,,,,0.0140281543135643,0.006666666828095913
,mappo,,,,2860.0,0.0,0.0,0.3333333432674408,0.0,0.0,0.0,0.3333333432674408,0.0,0.0,0.0,0.0,0.0,0.0,,,,,,,
-0.007378701586276293,mappo,1.1507810171451638e-07,0.776494026184082,0.0001414138046015339,2861.0,,,,,,,,,,,,,,0.0,,,,,0.014209972694516182,0.006666666828095913
,mappo,,,,2861.0,0.0,0.0,0.3333333432674408,0.0,0.0,0.0,0.3333333432674408,0.0,0.0,0.0,0.0,0.0,0.0,,,,,,,
-0.0037150660064071417,mappo,1.5448614476554212e-07,0.7709853053092957,0.0001411137045681895,2862.0,,,,,,,,,,,,,,0.0,,,,,0.014326103031635284,0.006666666828095913
,mappo,,,,2862.0,0.0,0.0,0.3333333432674408,0.0,0.0,0.0,0.3333333432674408,0.0,0.0,0.0,0.0,0.0,0.0,,,,,,,
-0.0070171058177948,mappo,1.163186453823073e-07,0.7702849507331848,0.00014081360453484498,2863.0,,,,,,,,,,,,,,0.0,,,,,0.014235155656933784,0.006666666828095913
,mappo,,,,2863.0,0.0,0.0,0.3333333432674408,0.0,0.0,0.0,0.3333333432674408,0.0,0.0,0.0,0.0,0.0,0.0,,,,,,,
0.022295869886875153,mappo,8.863045763973787e-08,0.7870540022850037,0.00014051350450150057,2864.0,,,,,,,,,,,,,,0.0,,,,,0.014169166795909405,0.006666666828095913
,mappo,,,,2864.0,0.0,0.0,0.3333333432674408,0.0,0.0,0.0,0.3333333432674408,0.0,0.0,0.0,0.0,0.0,0.0,,,,,,,
-0.0004941310035064816,mappo,1.0717881337996005e-07,0.8045414686203003,0.00014021340446815605,2865.0,,,,,,,,,,,,,,0.0,,,,,0.013889763504266739,0.006666666828095913
,mappo,,,,2865.0,0.0,0.0,0.3333333432674408,0.0,0.0,0.0,0.3333333432674408,0.0,0.0,0.0,0.0,0.0,0.0,,,,,,,
0.00261588953435421,mappo,1.5516909115831368e-05,0.7519673109054565,0.00013991330443481164,2866.0,,,,,,,,,,,,,,0.0,,,,,0.013921599835157394,0.006666666828095913
,mappo,,,,2866.0,0.0,0.0,0.3333333432674408,0.0,0.0,0.0,0.3333333432674408,0.0,0.0,0.0,0.0,0.0,0.0,,,,,,,
-0.005606436636298895,mappo,0.0001574831985635683,0.7533719539642334,0.00013961320440146723,2867.0,,,,,,,,,,,,,,0.0,,,,,0.013367551378905773,0.006666666828095913
,mappo,,,,2867.0,0.0,0.0,0.3333333432674408,0.0,0.0,0.0,0.3333333432674408,0.0,0.0,0.0,0.0,0.0,0.0,,,,,,,
-0.012148137204349041,mappo,5.676721048075706e-05,0.8173927068710327,0.00013931310436812272,2868.0,,,,,,,,,,,,,,0.0,,,,,0.01385260559618473,0.006666666828095913
,mappo,,,,2868.0,0.0,0.0,0.3333333432674408,0.0,0.0,0.0,0.3333333432674408,0.0,0.0,0.0,0.0,0.0,0.0,,,,,,,
0.059070292860269547,mappo,0.00012415093078743666,0.7803938984870911,0.0001390130043347783,2869.0,,,,,,,,,,,,,,0.0,,,,,0.013561971485614777,0.006666666828095913
,mappo,,,,2869.0,0.0,0.0,0.3333333432674408,0.0,0.0,0.0,0.3333333432674408,0.0,0.0,0.0,0.0,0.0,0.0,,,,,,,
-0.004038522951304913,mappo,0.0001269398198928684,0.8035008907318115,0.0001387129043014339,2870.0,,,,,,,,,,,,,,0.0,,,,,0.013467824086546898,0.006666666828095913
,mappo,,,,2870.0,0.0,0.0,0.3333333432674408,0.0,0.0,0.0,0.3333333432674408,0.0,0.0,0.0,0.0,0.0,0.0,,,,,,,
-0.004492084961384535,mappo,8.872367470758036e-05,0.7822603583335876,0.00013841280426808939,2871.0,,,,,,,,,,,,,,0.0,,,,,0.01386661920696497,0.006666666828095913
,mappo,,,,2871.0,0.0,0.0,0.3333333432674408,0.0,0.0,0.0,0.3333333432674408,0.0,0.0,0.0,0.0,0.0,0.0,,,,,,,
-0.006411943584680557,mappo,9.586854139342904e-05,0.7933908104896545,0.00013811270423474498,2872.0,,,,,,,,,,,,,,0.0,,,,,0.013704590499401093,0.006666666828095913
,mappo,,,,2872.0,0.0,0.0,0.3333333432674408,0.0,0.0,0.0,0.3333333432674408,0.0,0.0,0.0,0.0,0.0,0.0,,,,,,,
-4.938555503031239e-05,mappo,8.022754627745599e-05,0.7634314298629761,0.00013781260420140046,2873.0,,,,,,,,,,,,,,0.0,,,,,0.014203071594238281,0.006666666828095913
,mappo,,,,2873.0,0.0,0.0,0.3333333432674408,0.0,0.0,0.0,0.3333333432674408,0.0,0.0,0.0,0.0,0.0,0.0,,,,,,,
0.0029862967785447836,mappo,3.356767774675973e-05,0.7564254999160767,0.00013751250416805605,2874.0,,,,,,,,,,,,,,0.0,,,,,0.0140400230884552,0.006666666828095913
,mappo,,,,2874.0,0.0,0.0,0.3333333432674408,0.0,0.0,0.0,0.3333333432674408,0.0,0.0,0.0,0.0,0.0,0.0,,,,,,,
0.007531953044235706,mappo,7.391391591227148e-06,0.7506962418556213,0.00013721240413471164,2875.0,,,,,,,,,,,,,,0.0,,,,,0.013981206342577934,0.006666666828095913
,mappo,,,,2875.0,0.0,0.0,0.3333333432674408,0.0,0.0,0.0,0.3333333432674408,0.0,0.0,0.0,0.0,0.0,0.0,,,,,,,
0.002391134388744831,mappo,9.302531793764501e-07,0.767692506313324,0.00013691230410136713,2876.0,,,,,,,,,,,,,,0.0,,,,,0.014150852337479591,0.006666666828095913
,mappo,,,,2876.0,0.0,0.0,0.3333333432674408,0.0,0.0,0.0,0.3333333432674408,0.0,0.0,0.0,0.0,0.0,0.0,,,,,,,
-0.0081305718049407,mappo,3.6355352222017245e-06,0.7453488707542419,0.00013661220406802272,2877.0,,,,,,,,,,,,,,0.0,,,,,0.013993638567626476,0.006666666828095913
,mappo,,,,2877.0,0.0,0.0,0.3333333432674408,0.0,0.0,0.0,0.3333333432674408,0.0,0.0,0.0,0.0,0.0,0.0,,,,,,,
-0.009172131307423115,mappo,5.253206381894415e-06,0.7679030299186707,0.0001363121040346783,2878.0,,,,,,,,,,,,,,0.0,,,,,0.014330381527543068,0.006666666828095913
,mappo,,,,2878.0,0.0,0.0,0.3333333432674408,0.0,0.0,0.0,0.3333333432674408,0.0,0.0,0.0,0.0,0.0,0.0,,,,,,,
-0.016561409458518028,mappo,4.622310370905325e-06,0.7974162101745605,0.0001360120040013338,2879.0,,,,,,,,,,,,,,0.0,,,,,0.014146978035569191,0.006666666828095913
,mappo,,,,2879.0,0.0,0.0,0.3333333432674408,0.0,0.0,0.0,0.3333333432674408,0.0,0.0,0.0,0.0,0.0,0.0,,,,,,,
-0.011895142495632172,mappo,3.3645953863015166e-06,0.7995181083679199,0.0001357119039679894,2880.0,,,,,,,,,,,,,,0.0,,,,,0.014158966019749641,0.006666666828095913
,mappo,,,,2880.0,0.0,0.0,0.3333333432674408,0.0,0.0,0.0,0.3333333432674408,0.0,0.0,0.0,0.0,0.0,0.0,,,,,,,
-0.01911950670182705,mappo,1.1396183481338085e-06,0.8564430475234985,0.00013541180393464498,2881.0,,,,,,,,,,,,,,0.0,,,,,0.013997558504343033,0.006666666828095913
,mappo,,,,2881.0,0.0,0.0,0.3333333432674408,0.0,0.0,0.0,0.3333333432674408,0.0,0.0,0.0,0.0,0.0,0.0,,,,,,,
-0.008706086315214634,mappo,1.674731720413547e-05,0.862375795841217,0.00013511170390130046,2882.0,,,,,,,,,,,,,,0.0,,,,,0.013962749391794205,0.006666666828095913
,mappo,,,,2882.0,0.0,0.0,0.3333333432674408,0.0,0.0,0.0,0.3333333432674408,0.0,0.0,0.0,0.0,0.0,0.0,,,,,,,
-0.009168577380478382,mappo,2.3235825210576877e-06,0.8542971611022949,0.00013481160386795605,2883.0,,,,,,,,,,,,,,0.0,,,,,0.014274749904870987,0.006666666828095913
,mappo,,,,2883.0,0.0,0.0,0.3333333432674408,0.0,0.0,0.0,0.3333333432674408,0.0,0.0,0.0,0.0,0.0,0.0,,,,,,,
0.006404108367860317,mappo,1.4199793440639041e-05,0.9040274024009705,0.00013451150383461154,2884.0,,,,,,,,,,,,,,0.0,,,,,0.01392664760351181,0.006666666828095913
,mappo,,,,2884.0,0.0,0.0,0.3333333432674408,0.0,0.0,0.0,0.3333333432674408,0.0,0.0,0.0,0.0,0.0,0.0,,,,,,,
-0.0028266110457479954,mappo,6.17529303781339e-06,0.9510095119476318,0.00013421140380126713,2885.0,,,,,,,,,,,,,,0.0,,,,,0.013871908187866211,0.006666666828095913
,mappo,,,,2885.0,0.0,0.0,0.3333333432674408,0.0,0.0,0.0,0.3333333432674408,0.0,0.0,0.0,0.0,0.0,0.0,,,,,,,
0.01423229556530714,mappo,8.975277523859404e-06,0.9377295970916748,0.00013391130376792272,2886.0,,,,,,,,,,,,,,0.0,,,,,0.014521947130560875,0.006666666828095913
,mappo,,,,2886.0,0.0,0.0,0.3333333432674408,0.0,0.0,0.0,0.3333333432674408,0.0,0.0,0.0,0.0,0.0,0.0,,,,,,,
0.012153719551861286,mappo,4.641118721337989e-06,0.9634517431259155,0.0001336112037345782,2887.0,,,,,,,,,,,,,,0.0,,,,,0.014714011922478676,0.006666666828095913
,mappo,,,,2887.0,0.0,0.0,0.3333333432674408,0.0,0.0,0.0,0.3333333432674408,0.0,0.0,0.0,0.0,0.0,0.0,,,,,,,
0.006234664469957352,mappo,1.8772136627376312e-06,0.9457322359085083,0.0001333111037012338,2888.0,,,,,,,,,,,,,,0.0,,,,,0.014803143218159676,0.006666666828095913
,mappo,,,,2888.0,0.0,0.0,0.3333333432674408,0.0,0.0,0.0,0.3333333432674408,0.0,0.0,0.0,0.0,0.0,0.0,,,,,,,
-0.00800585187971592,mappo,6.301903567873524e-07,0.9301102757453918,0.0001330110036678894,2889.0,,,,,,,,,,,,,,0.0,,,,,0.014496873132884502,0.006666666828095913
,mappo,,,,2889.0,0.0,0.0,0.3333333432674408,0.0,0.0,0.0,0.3333333432674408,0.0,0.0,0.0,0.0,0.0,0.0,,,,,,,
0.00888923741877079,mappo,5.48729417459981e-07,0.951883852481842,0.00013271090363454487,2890.0,,,,,,,,,,,,,,0.0,,,,,0.014627711847424507,0.006666666828095913
,mappo,,,,2890.0,0.0,0.0,0.3333333432674408,0.0,0.0,0.0,0.3333333432674408,0.0,0.0,0.0,0.0,0.0,0.0,,,,,,,
-0.007570661138743162,mappo,5.918511760683032e-07,1.0270354747772217,0.00013241080360120046,2891.0,,,,,,,,,,,,,,0.0,,,,,0.014220856130123138,0.006666666828095913
,mappo,,,,2891.0,0.0,0.0,0.3333333432674408,0.0,0.0,0.0,0.3333333432674408,0.0,0.0,0.0,0.0,0.0,0.0,,,,,,,
0.03104434534907341,mappo,2.009832314797677e-06,0.9959378838539124,0.00013211070356785595,2892.0,,,,,,,,,,,,,,0.0,,,,,0.014283492229878902,0.006666666828095913
,mappo,,,,2892.0,0.0,0.0,0.3333333432674408,0.0,0.0,0.0,0.3333333432674408,0.0,0.0,0.0,0.0,0.0,0.0,,,,,,,
-0.01749029941856861,mappo,4.2380685272291885e-07,1.0128804445266724,0.00013181060353451154,2893.0,,,,,,,,,,,,,,0.0,,,,,0.014266274869441986,0.006666666828095913
,mappo,,,,2893.0,0.0,0.0,0.3333333432674408,0.0,0.0,0.0,0.3333333432674408,0.0,0.0,0.0,0.0,0.0,0.0,,,,,,,
-0.011464761570096016,mappo,3.4003352311628987e-07,0.9779107570648193,0.00013151050350116713,2894.0,,,,,,,,,,,,,,0.0,,,,,0.014195004478096962,0.006666666828095913
,mappo,,,,2894.0,0.0,0.0,0.3333333432674408,0.0,0.0,0.0,0.3333333432674408,0.0,0.0,0.0,0.0,0.0,0.0,,,,,,,
-0.002472684718668461,mappo,3.702613753375772e-07,0.9945471286773682,0.00013121040346782261,2895.0,,,,,,,,,,,,,,0.0,,,,,0.014059578999876976,0.006666666828095913
,mappo,,,,2895.0,0.0,0.0,0.3333333432674408,0.0,0.0,0.0,0.3333333432674408,0.0,0.0,0.0,0.0,0.0,0.0,,,,,,,
0.012486553750932217,mappo,4.94479252211022e-07,0.9919976592063904,0.0001309103034344782,2896.0,,,,,,,,,,,,,,0.0,,,,,0.01374330185353756,0.006666666828095913
,mappo,,,,2896.0,0.0,0.0,0.3333333432674408,0.0,0.0,0.0,0.3333333432674408,0.0,0.0,0.0,0.0,0.0,0.0,,,,,,,
0.010493542067706585,mappo,3.2906734759308165e-07,1.0708307027816772,0.0001306102034011338,2897.0,,,,,,,,,,,,,,0.0,,,,,0.013929220847785473,0.006666666828095913
,mappo,,,,2897.0,0.0,0.0,0.3333333432674408,0.0,0.0,0.0,0.3333333432674408,0.0,0.0,0.0,0.0,0.0,0.0,,,,,,,
-0.0015662944642826915,mappo,2.907976579535898e-07,1.0233123302459717,0.00013031010336778928,2898.0,,,,,,,,,,,,,,0.0,,,,,0.014126727357506752,0.006666666828095913
,mappo,,,,2898.0,0.0,0.0,0.3333333432674408,0.0,0.0,0.0,0.3333333432674408,0.0,0.0,0.0,0.0,0.0,0.0,,,,,,,
-0.01240688469260931,mappo,6.553770799655467e-05,1.0572348833084106,0.00013001000333444487,2899.0,,,,,,,,,,,,,,0.0,,,,,0.013696480542421341,0.006666666828095913
,mappo,,,,2899.0,0.0,0.0,0.3333333432674408,0.0,0.0,0.0,0.3333333432674408,0.0,0.0,0.0,0.0,0.0,0.0,,,,,,,
,mappo,,,,2899.0,,,,,,,,,,,,,,,0.0,0.0,0.3333333432674408,0.0,,
0.026046451181173325,mappo,9.640751159167849e-06,1.0361361503601074,0.00012970990330110046,2900.0,,,,,,,,,,,,,,0.0,,,,,0.014137187972664833,0.006666666828095913
,mappo,,,,2900.0,0.0,0.0,0.3333333432674408,0.0,0.0,0.0,0.3333333432674408,0.0,0.0,0.0,0.0,0.0,0.0,,,,,,,
0.02873310260474682,mappo,1.0930122698482592e-05,1.0542945861816406,0.00012940980326775595,2901.0,,,,,,,,,,,,,,0.0,,,,,0.014113316312432289,0.006666666828095913
,mappo,,,,2901.0,0.0,0.0,0.3333333432674408,0.0,0.0,0.0,0.3333333432674408,0.0,0.0,0.0,0.0,0.0,0.0,,,,,,,
0.018434306606650352,mappo,8.876610991137568e-06,1.0133652687072754,0.00012910970323441154,2902.0,,,,,,,,,,,,,,0.0,,,,,0.01414807140827179,0.006666666828095913
,mappo,,,,2902.0,0.0,0.0,0.3333333432674408,0.0,0.0,0.0,0.3333333432674408,0.0,0.0,0.0,0.0,0.0,0.0,,,,,,,
0.00879610888659954,mappo,4.579085725708865e-06,1.08639657497406,0.00012880960320106702,2903.0,,,,,,,,,,,,,,0.0,,,,,0.014490107074379921,0.006666666828095913
,mappo,,,,2903.0,0.0,0.0,0.3333333432674408,0.0,0.0,0.0,0.3333333432674408,0.0,0.0,0.0,0.0,0.0,0.0,,,,,,,
0.026765508577227592,mappo,1.7955192106455797e-06,1.1300956010818481,0.00012850950316772262,2904.0,,,,,,,,,,,,,,0.0,,,,,0.01436293963342905,0.006666666828095913
,mappo,,,,2904.0,0.0,0.0,0.3333333432674408,0.0,0.0,0.0,0.3333333432674408,0.0,0.0,0.0,0.0,0.0,0.0,,,,,,,
2.61714740190655e-06,mappo,5.64194010621577e-07,1.0236670970916748,0.0001282094031343782,2905.0,,,,,,,,,,,,,,0.0,,,,,0.014265505596995354,0.006666666828095913
,mappo,,,,2905.0,0.0,0.0,0.3333333432674408,0.0,0.0,0.0,0.3333333432674408,0.0,0.0,0.0,0.0,0.0,0.0,,,,,,,
-0.00316947721876204,mappo,7.442881155839132e-07,1.05631685256958,0.0001279093031010337,2906.0,,,,,,,,,,,,,,0.0,,,,,0.014279626309871674,0.006666666828095913
,mappo,,,,2906.0,0.0,0.0,0.3333333432674408,0.0,0.0,0.0,0.3333333432674408,0.0,0.0,0.0,0.0,0.0,0.0,,,,,,,
0.2997552156448364,mappo,5.916198915656423e-06,1.0202447175979614,0.00012760920306768917,2907.0,,,,,,,,,,,,,,0.0,,,,,0.014177734963595867,0.006666666828095913
,mappo,,,,2907.0,0.0,0.0,0.3333333432674408,0.0,0.0,0.0,0.3333333432674408,0.0,0.0,0.0,0.0,0.0,0.0,,,,,,,
0.0036114791873842478,mappo,1.9216727196180727e-06,1.04866361618042,0.00012730910303434487,2908.0,,,,,,,,,,,,,,0.0,,,,,0.014304164797067642,0.006666666828095913
,mappo,,,,2908.0,0.0,0.0,0.3333333432674408,0.0,0.0,0.0,0.3333333432674408,0.0,0.0,0.0,0.0,0.0,0.0,,,,,,,
-0.012023848481476307,mappo,3.7358427107392345e-07,1.0213730335235596,0.00012700900300100036,2909.0,,,,,,,,,,,,,,0.0,,,,,0.01501466054469347,0.006666666828095913
,mappo,,,,2909.0,0.0,0.0,0.3333333432674408,0.0,0.0,0.0,0.3333333432674408,0.0,0.0,0.0,0.0,0.0,0.0,,,,,,,
0.005987685639411211,mappo,4.748966944134736e-07,0.9805123805999756,0.00012670890296765595,2910.0,,,,,,,,,,,,,,0.0,,,,,0.014700436033308506,0.006666666828095913
,mappo,,,,2910.0,0.0,0.0,0.3333333432674408,0.0,0.0,0.0,0.3333333432674408,0.0,0.0,0.0,0.0,0.0,0.0,,,,,,,
-0.01165039837360382,mappo,5.507864102582971e-07,0.9936155080795288,0.00012640880293431154,2911.0,,,,,,,,,,,,,,0.0,,,,,0.015457021072506905,0.006666666828095913
,mappo,,,,2911.0,0.0,0.0,0.3333333432674408,0.0,0.0,0.0,0.3333333432674408,0.0,0.0,0.0,0.0,0.0,0.0,,,,,,,
0.0005733726429753006,mappo,6.061496833353885e-07,1.0100692510604858,0.00012610870290096702,2912.0,,,,,,,,,,,,,,0.0,,,,,0.015154740773141384,0.006666666828095913
,mappo,,,,2912.0,0.0,0.0,0.3333333432674408,0.0,0.0,0.0,0.3333333432674408,0.0,0.0,0.0,0.0,0.0,0.0,,,,,,,
-0.010758147574961185,mappo,3.9689879827164987e-07,0.9960961937904358,0.00012580860286762262,2913.0,,,,,,,,,,,,,,0.0,,,,,0.015062851831316948,0.006666666828095913
,mappo,,,,2913.0,0.0,0.0,0.3333333432674408,0.0,0.0,0.0,0.3333333432674408,0.0,0.0,0.0,0.0,0.0,0.0,,,,,,,
0.00045469935867004097,mappo,3.909892143383331e-07,0.9792659282684326,0.0001255085028342781,2914.0,,,,,,,,,,,,,,0.0,,,,,0.014790313318371773,0.006666666828095913
,mappo,,,,2914.0,0.0,0.0,0.3333333432674408,0.0,0.0,0.0,0.3333333432674408,0.0,0.0,0.0,0.0,0.0,0.0,,,,,,,
-0.01171928085386753,mappo,3.5425443911663024e-07,0.9547578692436218,0.0001252084028009337,2915.0,,,,,,,,,,,,,,0.0,,,,,0.01493931096047163,0.006666666828095913
,mappo,,,,2915.0,0.0,0.0,0.3333333432674408,0.0,0.0,0.0,0.3333333432674408,0.0,0.0,0.0,0.0,0.0,0.0,,,,,,,
0.0015011387877166271,mappo,4.3690855022759933e-07,0.9037274122238159,0.00012490830276758928,2916.0,,,,,,,,,,,,,,0.0,,,,,0.01451968215405941,0.006666666828095913
,mappo,,,,2916.0,0.0,0.0,0.3333333432674408,0.0,0.0,0.0,0.3333333432674408,0.0,0.0,0.0,0.0,0.0,0.0,,,,,,,
-0.009971195831894875,mappo,1.9299154985219502e-07,0.9091687798500061,0.00012460820273424477,2917.0,,,,,,,,,,,,,,0.0,,,,,0.015037881210446358,0.006666666828095913
,mappo,,,,2917.0,0.0,0.0,0.3333333432674408,0.0,0.0,0.0,0.3333333432674408,0.0,0.0,0.0,0.0,0.0,0.0,,,,,,,
-0.004108940251171589,mappo,3.240575949803315e-07,0.912574052810669,0.00012430810270090025,2918.0,,,,,,,,,,,,,,0.0,,,,,0.015121718868613243,0.006666666828095913
,mappo,,,,2918.0,0.0,0.0,0.3333333432674408,0.0,0.0,0.0,0.3333333432674408,0.0,0.0,0.0,0.0,0.0,0.0,,,,,,,
0.013090872205793858,mappo,3.3878094995998254e-07,0.9185295701026917,0.00012400800266755595,2919.0,,,,,,,,,,,,,,0.0,,,,,0.014706986956298351,0.006666666828095913
,mappo,,,,2919.0,0.0,0.0,0.3333333432674408,0.0,0.0,0.0,0.3333333432674408,0.0,0.0,0.0,0.0,0.0,0.0,,,,,,,
0.0020391815342009068,mappo,1.1620509212662e-06,0.881352424621582,0.00012370790263421143,2920.0,,,,,,,,,,,,,,0.0,,,,,0.014235313050448895,0.006666666828095913
,mappo,,,,2920.0,0.0,0.0,0.3333333432674408,0.0,0.0,0.0,0.3333333432674408,0.0,0.0,0.0,0.0,0.0,0.0,,,,,,,
-0.011720581911504269,mappo,2.456583274579316e-07,0.8903270363807678,0.00012340780260086703,2921.0,,,,,,,,,,,,,,0.0,,,,,0.014747461304068565,0.006666666828095913
,mappo,,,,2921.0,0.0,0.0,0.3333333432674408,0.0,0.0,0.0,0.3333333432674408,0.0,0.0,0.0,0.0,0.0,0.0,,,,,,,
0.01684424839913845,mappo,2.4349040472770866e-07,0.8909573554992676,0.0001231077025675225,2922.0,,,,,,,,,,,,,,0.0,,,,,0.014427969232201576,0.006666666828095913
,mappo,,,,2922.0,0.0,0.0,0.3333333432674408,0.0,0.0,0.0,0.3333333432674408,0.0,0.0,0.0,0.0,0.0,0.0,,,,,,,
-0.005602841265499592,mappo,2.0804283451525407e-07,0.8345411419868469,0.0001228076025341781,2923.0,,,,,,,,,,,,,,0.0,,,,,0.014829259365797043,0.006666666828095913
,mappo,,,,2923.0,0.0,0.0,0.3333333432674408,0.0,0.0,0.0,0.3333333432674408,0.0,0.0,0.0,0.0,0.0,0.0,,,,,,,
0.00768955796957016,mappo,2.3875179522292456e-07,0.8815084099769592,0.0001225075025008337,2924.0,,,,,,,,,,,,,,0.0,,,,,0.014797217212617397,0.006666666828095913
,mappo,,,,2924.0,0.0,0.0,0.3333333432674408,0.0,0.0,0.0,0.3333333432674408,0.0,0.0,0.0,0.0,0.0,0.0,,,,,,,
0.016673147678375244,mappo,2.4354500283152447e-07,0.846322238445282,0.00012220740246748918,2925.0,,,,,,,,,,,,,,0.0,,,,,0.014417381957173347,0.006666666828095913
,mappo,,,,2925.0,0.0,0.0,0.3333333432674408,0.0,0.0,0.0,0.3333333432674408,0.0,0.0,0.0,0.0,0.0,0.0,,,,,,,
-0.007612317334860563,mappo,1.4130422698599432e-07,0.8012194037437439,0.00012190730243414477,2926.0,,,,,,,,,,,,,,0.0,,,,,0.014894787222146988,0.006666666828095913
,mappo,,,,2926.0,0.0,0.0,0.3333333432674408,0.0,0.0,0.0,0.3333333432674408,0.0,0.0,0.0,0.0,0.0,0.0,,,,,,,
0.0012688663555309176,mappo,2.176276581167258e-07,0.8614369630813599,0.00012160720240080036,2927.0,,,,,,,,,,,,,,0.0,,,,,0.014677775092422962,0.006666666828095913
,mappo,,,,2927.0,0.0,0.0,0.3333333432674408,0.0,0.0,0.0,0.3333333432674408,0.0,0.0,0.0,0.0,0.0,0.0,,,,,,,
0.009028683416545391,mappo,1.464057959310594e-07,0.8183700442314148,0.00012130710236745584,2928.0,,,,,,,,,,,,,,0.0,,,,,0.01438160054385662,0.006666666828095913
,mappo,,,,2928.0,0.0,0.0,0.3333333432674408,0.0,0.0,0.0,0.3333333432674408,0.0,0.0,0.0,0.0,0.0,0.0,,,,,,,
0.020916089415550232,mappo,9.200173280987656e-07,0.8386275172233582,0.00012100700233411133,2929.0,,,,,,,,,,,,,,0.0,,,,,0.014109998941421509,0.006666666828095913
,mappo,,,,2929.0,0.0,0.0,0.3333333432674408,0.0,0.0,0.0,0.3333333432674408,0.0,0.0,0.0,0.0,0.0,0.0,,,,,,,
0.014814458787441254,mappo,2.3423069706041133e-07,0.8676905035972595,0.00012070690230076703,2930.0,,,,,,,,,,,,,,0.0,,,,,0.014102545566856861,0.006666666828095913
,mappo,,,,2930.0,0.0,0.0,0.3333333432674408,0.0,0.0,0.0,0.3333333432674408,0.0,0.0,0.0,0.0,0.0,0.0,,,,,,,
-0.003967707511037588,mappo,1.734434391664763e-07,0.8772424459457397,0.00012040680226742251,2931.0,,,,,,,,,,,,,,0.0,,,,,0.014451717957854271,0.006666666828095913
,mappo,,,,2931.0,0.0,0.0,0.3333333432674408,0.0,0.0,0.0,0.3333333432674408,0.0,0.0,0.0,0.0,0.0,0.0,,,,,,,
0.01848132349550724,mappo,2.655305308962852e-07,0.8603425025939941,0.0001201067022340781,2932.0,,,,,,,,,,,,,,0.0,,,,,0.013851366937160492,0.006666666828095913
,mappo,,,,2932.0,0.0,0.0,0.3333333432674408,0.0,0.0,0.0,0.3333333432674408,0.0,0.0,0.0,0.0,0.0,0.0,,,,,,,
0.013486585579812527,mappo,2.5316876417491585e-07,0.847527265548706,0.00011980660220073359,2933.0,,,,,,,,,,,,,,0.0,,,,,0.014264355413615704,0.006666666828095913
,mappo,,,,2933.0,0.0,0.0,0.3333333432674408,0.0,0.0,0.0,0.3333333432674408,0.0,0.0,0.0,0.0,0.0,0.0,,,,,,,
0.01130649447441101,mappo,1.8922705180557386e-07,0.8101341724395752,0.00011950650216738918,2934.0,,,,,,,,,,,,,,0.0,,,,,0.014472054317593575,0.006666666828095913
,mappo,,,,2934.0,0.0,0.0,0.3333333432674408,0.0,0.0,0.0,0.3333333432674408,0.0,0.0,0.0,0.0,0.0,0.0,,,,,,,
0.005854192189872265,mappo,1.0357223345636157e-06,0.8599221706390381,0.00011920640213404477,2935.0,,,,,,,,,,,,,,0.0,,,,,0.01403110846877098,0.006666666828095913
,mappo,,,,2935.0,0.0,0.0,0.3333333432674408,0.0,0.0,0.0,0.3333333432674408,0.0,0.0,0.0,0.0,0.0,0.0,,,,,,,
-0.007315528113394976,mappo,8.233383255173976e-07,0.8248730897903442,0.00011890630210070025,2936.0,,,,,,,,,,,,,,0.0,,,,,0.014021961949765682,0.006666666828095913
,mappo,,,,2936.0,0.0,0.0,0.3333333432674408,0.0,0.0,0.0,0.3333333432674408,0.0,0.0,0.0,0.0,0.0,0.0,,,,,,,
0.025959717109799385,mappo,5.427614269137848e-07,0.8374747037887573,0.00011860620206735574,2937.0,,,,,,,,,,,,,,0.0,,,,,0.014208771288394928,0.006666666828095913
,mappo,,,,2937.0,0.0,0.0,0.3333333432674408,0.0,0.0,0.0,0.3333333432674408,0.0,0.0,0.0,0.0,0.0,0.0,,,,,,,
0.01884257048368454,mappo,2.6868394797929795e-07,0.7872947454452515,0.00011830610203401144,2938.0,,,,,,,,,,,,,,0.0,,,,,0.01395617239177227,0.006666666828095913
,mappo,,,,2938.0,0.0,0.0,0.3333333432674408,0.0,0.0,0.0,0.3333333432674408,0.0,0.0,0.0,0.0,0.0,0.0,,,,,,,
0.00641084648668766,mappo,3.117281437425845e-07,0.8002135157585144,0.00011800600200066692,2939.0,,,,,,,,,,,,,,0.0,,,,,0.014001748524606228,0.006666666828095913
,mappo,,,,2939.0,0.0,0.0,0.3333333432674408,0.0,0.0,0.0,0.3333333432674408,0.0,0.0,0.0,0.0,0.0,0.0,,,,,,,
-0.0025053180288523436,mappo,8.073652679740917e-07,0.8237316012382507,0.0001177059019673224,2940.0,,,,,,,,,,,,,,0.0,,,,,0.013852054253220558,0.006666666828095913
,mappo,,,,2940.0,0.0,0.0,0.3333333432674408,0.0,0.0,0.0,0.3333333432674408,0.0,0.0,0.0,0.0,0.0,0.0,,,,,,,
0.01536161731928587,mappo,2.0783731713436282e-07,0.8029437065124512,0.0001174058019339781,2941.0,,,,,,,,,,,,,,0.0,,,,,0.013917921110987663,0.006666666828095913
,mappo,,,,2941.0,0.0,0.0,0.3333333432674408,0.0,0.0,0.0,0.3333333432674408,0.0,0.0,0.0,0.0,0.0,0.0,,,,,,,
0.015467807650566101,mappo,2.6844901412914624e-07,0.7912042140960693,0.00011710570190063359,2942.0,,,,,,,,,,,,,,0.0,,,,,0.013894055038690567,0.006666666828095913
,mappo,,,,2942.0,0.0,0.0,0.3333333432674408,0.0,0.0,0.0,0.3333333432674408,0.0,0.0,0.0,0.0,0.0,0.0,,,,,,,
0.004909642972052097,mappo,1.7522333450870065e-07,0.7802400588989258,0.00011680560186728918,2943.0,,,,,,,,,,,,,,0.0,,,,,0.013823200017213821,0.006666666828095913
,mappo,,,,2943.0,0.0,0.0,0.3333333432674408,0.0,0.0,0.0,0.3333333432674408,0.0,0.0,0.0,0.0,0.0,0.0,,,,,,,
0.006300771608948708,mappo,1.2936757798343024e-07,0.8338889479637146,0.00011650550183394466,2944.0,,,,,,,,,,,,,,0.0,,,,,0.01362687349319458,0.006666666828095913
,mappo,,,,2944.0,0.0,0.0,0.3333333432674408,0.0,0.0,0.0,0.3333333432674408,0.0,0.0,0.0,0.0,0.0,0.0,,,,,,,
-0.002694780007004738,mappo,1.3906500839766522e-07,0.8193928003311157,0.00011620540180060025,2945.0,,,,,,,,,,,,,,0.0,,,,,0.0137759018689394,0.006666666828095913
,mappo,,,,2945.0,0.0,0.0,0.3333333432674408,0.0,0.0,0.0,0.3333333432674408,0.0,0.0,0.0,0.0,0.0,0.0,,,,,,,
0.017846062779426575,mappo,1.331197410081586e-07,0.8471978306770325,0.00011590530176725585,2946.0,,,,,,,,,,,,,,0.0,,,,,0.01398361474275589,0.006666666828095913
,mappo,,,,2946.0,0.0,0.0,0.3333333432674408,0.0,0.0,0.0,0.3333333432674408,0.0,0.0,0.0,0.0,0.0,0.0,,,,,,,
-0.004881742410361767,mappo,1.115238248416972e-07,0.7823684215545654,0.00011560520173391133,2947.0,,,,,,,,,,,,,,0.0,,,,,0.014238672330975533,0.006666666828095913
,mappo,,,,2947.0,0.0,0.0,0.3333333432674408,0.0,0.0,0.0,0.3333333432674408,0.0,0.0,0.0,0.0,0.0,0.0,,,,,,,
-0.0013233085628598928,mappo,1.5389278473776358e-07,0.8299521207809448,0.00011530510170056681,2948.0,,,,,,,,,,,,,,0.0,,,,,0.013882661238312721,0.006666666828095913
,mappo,,,,2948.0,0.0,0.0,0.3333333432674408,0.0,0.0,0.0,0.3333333432674408,0.0,0.0,0.0,0.0,0.0,0.0,,,,,,,
-0.006261628121137619,mappo,1.2217461744512548e-06,0.8396930694580078,0.00011500500166722251,2949.0,,,,,,,,,,,,,,0.0,,,,,0.013780263252556324,0.006666666828095913
,mappo,,,,2949.0,0.0,0.0,0.3333333432674408,0.0,0.0,0.0,0.3333333432674408,0.0,0.0,0.0,0.0,0.0,0.0,,,,,,,
0.011448240838944912,mappo,2.0250372756436263e-07,0.828209638595581,0.000114704901633878,2950.0,,,,,,,,,,,,,,0.0,,,,,0.013826758600771427,0.006666666828095913
,mappo,,,,2950.0,0.0,0.0,0.3333333432674408,0.0,0.0,0.0,0.3333333432674408,0.0,0.0,0.0,0.0,0.0,0.0,,,,,,,
0.008293868973851204,mappo,2.1593206156467204e-07,0.8238267302513123,0.00011440480160053359,2951.0,,,,,,,,,,,,,,0.0,,,,,0.013912362046539783,0.006666666828095913
,mappo,,,,2951.0,0.0,0.0,0.3333333432674408,0.0,0.0,0.0,0.3333333432674408,0.0,0.0,0.0,0.0,0.0,0.0,,,,,,,
-0.0031800339929759502,mappo,5.944268082203052e-07,0.8148859739303589,0.00011410470156718907,2952.0,,,,,,,,,,,,,,0.0,,,,,0.01373174786567688,0.006666666828095913
,mappo,,,,2952.0,0.0,0.0,0.3333333432674408,0.0,0.0,0.0,0.3333333432674408,0.0,0.0,0.0,0.0,0.0,0.0,,,,,,,
0.003709562122821808,mappo,2.249538795240369e-07,0.8199119567871094,0.00011380460153384466,2953.0,,,,,,,,,,,,,,0.0,,,,,0.013805894181132317,0.006666666828095913
,mappo,,,,2953.0,0.0,0.0,0.3333333432674408,0.0,0.0,0.0,0.3333333432674408,0.0,0.0,0.0,0.0,0.0,0.0,,,,,,,
0.002900969935581088,mappo,2.3000355042768206e-07,0.8069084882736206,0.00011350450150050026,2954.0,,,,,,,,,,,,,,0.0,,,,,0.013846315443515778,0.006666666828095913
,mappo,,,,2954.0,0.0,0.0,0.3333333432674408,0.0,0.0,0.0,0.3333333432674408,0.0,0.0,0.0,0.0,0.0,0.0,,,,,,,
0.00579037657007575,mappo,1.397255289248278e-07,0.7668730616569519,0.00011320440146715574,2955.0,,,,,,,,,,,,,,0.0,,,,,0.013910670764744282,0.006666666828095913
,mappo,,,,2955.0,0.0,0.0,0.3333333432674408,0.0,0.0,0.0,0.3333333432674408,0.0,0.0,0.0,0.0,0.0,0.0,,,,,,,
-0.004998983349651098,mappo,8.822355823667749e-08,0.8292102813720703,0.00011290430143381133,2956.0,,,,,,,,,,,,,,0.0,,,,,0.01388983428478241,0.006666666828095913
,mappo,,,,2956.0,0.0,0.0,0.3333333432674408,0.0,0.0,0.0,0.3333333432674408,0.0,0.0,0.0,0.0,0.0,0.0,,,,,,,
0.007630187086760998,mappo,6.01825149715296e-08,0.7735200524330139,0.00011260420140046692,2957.0,,,,,,,,,,,,,,0.0,,,,,0.01373379211872816,0.006666666828095913
,mappo,,,,2957.0,0.0,0.0,0.3333333432674408,0.0,0.0,0.0,0.3333333432674408,0.0,0.0,0.0,0.0,0.0,0.0,,,,,,,
-0.0008104497101157904,mappo,1.0892043178500899e-07,0.7941031455993652,0.0001123041013671224,2958.0,,,,,,,,,,,,,,0.0,,,,,0.013859065249562263,0.006666666828095913
,mappo,,,,2958.0,0.0,0.0,0.3333333432674408,0.0,0.0,0.0,0.3333333432674408,0.0,0.0,0.0,0.0,0.0,0.0,,,,,,,
-0.010968651622533798,mappo,1.2393199710913905e-07,0.7863138318061829,0.00011200400133377789,2959.0,,,,,,,,,,,,,,0.0,,,,,0.01404808834195137,0.006666666828095913
,mappo,,,,2959.0,0.0,0.0,0.3333333432674408,0.0,0.0,0.0,0.3333333432674408,0.0,0.0,0.0,0.0,0.0,0.0,,,,,,,
-0.003657927270978689,mappo,1.0119540405639782e-07,0.8213924169540405,0.00011170390130043359,2960.0,,,,,,,,,,,,,,0.0,,,,,0.013938773423433304,0.006666666828095913
,mappo,,,,2960.0,0.0,0.0,0.3333333432674408,0.0,0.0,0.0,0.3333333432674408,0.0,0.0,0.0,0.0,0.0,0.0,,,,,,,
-0.0018604215001687407,mappo,9.774014131380682e-08,0.8211819529533386,0.00011140380126708907,2961.0,,,,,,,,,,,,,,0.0,,,,,0.013901880010962486,0.006666666828095913
,mappo,,,,2961.0,0.0,0.0,0.3333333432674408,0.0,0.0,0.0,0.3333333432674408,0.0,0.0,0.0,0.0,0.0,0.0,,,,,,,
0.010312672704458237,mappo,8.293061171116278e-08,0.8211856484413147,0.00011110370123374467,2962.0,,,,,,,,,,,,,,0.0,,,,,0.013799680396914482,0.006666666828095913
,mappo,,,,2962.0,0.0,0.0,0.3333333432674408,0.0,0.0,0.0,0.3333333432674408,0.0,0.0,0.0,0.0,0.0,0.0,,,,,,,
-0.0050172340124845505,mappo,5.608272601875797e-08,0.8479325175285339,0.00011080360120040015,2963.0,,,,,,,,,,,,,,0.0,,,,,0.013879600912332535,0.006666666828095913
,mappo,,,,2963.0,0.0,0.0,0.3333333432674408,0.0,0.0,0.0,0.3333333432674408,0.0,0.0,0.0,0.0,0.0,0.0,,,,,,,
-0.0029610106721520424,mappo,8.609171686657646e-08,0.8300644755363464,0.00011050350116705574,2964.0,,,,,,,,,,,,,,0.0,,,,,0.013664701953530312,0.006666666828095913
,mappo,,,,2964.0,0.0,0.0,0.3333333432674408,0.0,0.0,0.0,0.3333333432674408,0.0,0.0,0.0,0.0,0.0,0.0,,,,,,,
-0.0033849484752863646,mappo,1.20822605254034e-07,0.8674734234809875,0.00011020340113371133,2965.0,,,,,,,,,,,,,,0.0,,,,,0.013687683269381523,0.006666666828095913
,mappo,,,,2965.0,0.0,0.0,0.3333333432674408,0.0,0.0,0.0,0.3333333432674408,0.0,0.0,0.0,0.0,0.0,0.0,,,,,,,
-0.004019138403236866,mappo,1.2226055901010113e-07,0.8547698855400085,0.00010990330110036682,2966.0,,,,,,,,,,,,,,0.0,,,,,0.013798253610730171,0.006666666828095913
,mappo,,,,2966.0,0.0,0.0,0.3333333432674408,0.0,0.0,0.0,0.3333333432674408,0.0,0.0,0.0,0.0,0.0,0.0,,,,,,,
-0.006348458584398031,mappo,9.703279602035764e-08,0.8466627597808838,0.0001096032010670223,2967.0,,,,,,,,,,,,,,0.0,,,,,0.01359136588871479,0.006666666828095913
,mappo,,,,2967.0,0.0,0.0,0.3333333432674408,0.0,0.0,0.0,0.3333333432674408,0.0,0.0,0.0,0.0,0.0,0.0,,,,,,,
0.0021862522698938847,mappo,8.960360275978019e-08,0.8423894643783569,0.000109303101033678,2968.0,,,,,,,,,,,,,,0.0,,,,,0.013619190081954002,0.006666666828095913
,mappo,,,,2968.0,0.0,0.0,0.3333333432674408,0.0,0.0,0.0,0.3333333432674408,0.0,0.0,0.0,0.0,0.0,0.0,,,,,,,
0.00806383416056633,mappo,2.4299879441969097e-06,0.840958833694458,0.00010900300100033348,2969.0,,,,,,,,,,,,,,0.0,,,,,0.013535585254430771,0.006666666828095913
,mappo,,,,2969.0,0.0,0.0,0.3333333432674408,0.0,0.0,0.0,0.3333333432674408,0.0,0.0,0.0,0.0,0.0,0.0,,,,,,,
-0.010703632608056068,mappo,3.650706048574648e-07,0.8209468722343445,0.00010870290096698897,2970.0,,,,,,,,,,,,,,0.0,,,,,0.013479087501764297,0.006666666828095913
,mappo,,,,2970.0,0.0,0.0,0.3333333432674408,0.0,0.0,0.0,0.3333333432674408,0.0,0.0,0.0,0.0,0.0,0.0,,,,,,,
-0.012224064208567142,mappo,4.580569168410875e-07,0.8622756004333496,0.00010840280093364467,2971.0,,,,,,,,,,,,,,0.0,,,,,0.013355836272239685,0.006666666828095913
,mappo,,,,2971.0,0.0,0.0,0.3333333432674408,0.0,0.0,0.0,0.3333333432674408,0.0,0.0,0.0,0.0,0.0,0.0,,,,,,,
0.001542592654004693,mappo,3.287040328814328e-07,0.8523100018501282,0.00010810270090030015,2972.0,,,,,,,,,,,,,,0.0,,,,,0.013566647656261921,0.006666666828095913
,mappo,,,,2972.0,0.0,0.0,0.3333333432674408,0.0,0.0,0.0,0.3333333432674408,0.0,0.0,0.0,0.0,0.0,0.0,,,,,,,
-0.0027163929771631956,mappo,0.0002676074218470603,0.885787844657898,0.00010780260086695574,2973.0,,,,,,,,,,,,,,0.0,,,,,0.01313325110822916,0.0
,mappo,,,,2973.0,0.0,0.0,0.0,0.0,0.0,0.0,0.0,0.0,0.0,0.0,0.0,0.0,0.0,,,,,,,
-0.0031778074335306883,mappo,0.00010986469715135172,0.8433950543403625,0.00010750250083361123,2974.0,,,,,,,,,,,,,,0.0,,,,,0.0135666998103261,0.006666666828095913
,mappo,,,,2974.0,0.0,0.0,0.3333333432674408,0.0,0.0,0.0,0.3333333432674408,0.0,0.0,0.0,0.0,0.0,0.0,,,,,,,
-0.001614489359781146,mappo,0.0001500890066381544,0.8319537043571472,0.00010720240080026682,2975.0,,,,,,,,,,,,,,0.0,,,,,0.013506971299648285,0.006666666828095913
,mappo,,,,2975.0,0.0,0.0,0.3333333432674408,0.0,0.0,0.0,0.3333333432674408,0.0,0.0,0.0,0.0,0.0,0.0,,,,,,,
0.0019820916932076216,mappo,0.00012942295870743692,0.9009873270988464,0.00010690230076692241,2976.0,,,,,,,,,,,,,,0.0,,,,,0.013453887775540352,0.006666666828095913
,mappo,,,,2976.0,0.0,0.0,0.3333333432674408,0.0,0.0,0.0,0.3333333432674408,0.0,0.0,0.0,0.0,0.0,0.0,,,,,,,
-0.007689394522458315,mappo,8.977723337011412e-05,0.8910711407661438,0.00010660220073357789,2977.0,,,,,,,,,,,,,,0.0,,,,,0.013487638905644417,0.006666666828095913
,mappo,,,,2977.0,0.0,0.0,0.3333333432674408,0.0,0.0,0.0,0.3333333432674408,0.0,0.0,0.0,0.0,0.0,0.0,,,,,,,
-0.00040672902832739055,mappo,4.897452890872955e-05,0.8583165407180786,0.00010630210070023338,2978.0,,,,,,,,,,,,,,0.0,,,,,0.013556944206357002,0.006666666828095913
,mappo,,,,2978.0,0.0,0.0,0.3333333432674408,0.0,0.0,0.0,0.3333333432674408,0.0,0.0,0.0,0.0,0.0,0.0,,,,,,,
-0.006801528390496969,mappo,1.836500086938031e-05,0.865278959274292,0.00010600200066688908,2979.0,,,,,,,,,,,,,,0.0,,,,,0.013558672741055489,0.006666666828095913
,mappo,,,,2979.0,0.0,0.0,0.3333333432674408,0.0,0.0,0.0,0.3333333432674408,0.0,0.0,0.0,0.0,0.0,0.0,,,,,,,
0.04857548326253891,mappo,8.908595191314816e-06,0.8207780718803406,0.00010570190063354456,2980.0,,,,,,,,,,,,,,0.0,,,,,0.013572761788964272,0.006666666828095913
,mappo,,,,2980.0,0.0,0.0,0.3333333432674408,0.0,0.0,0.0,0.3333333432674408,0.0,0.0,0.0,0.0,0.0,0.0,,,,,,,
-0.0076804738491773605,mappo,4.7243670451280195e-06,0.8227075934410095,0.00010540180060020004,2981.0,,,,,,,,,,,,,,0.0,,,,,0.013726610690355301,0.006666666828095913
,mappo,,,,2981.0,0.0,0.0,0.3333333432674408,0.0,0.0,0.0,0.3333333432674408,0.0,0.0,0.0,0.0,0.0,0.0,,,,,,,
0.005265277344733477,mappo,5.737518222304061e-06,0.818398654460907,0.00010510170056685563,2982.0,,,,,,,,,,,,,,0.0,,,,,0.013606623746454716,0.006666666828095913
,mappo,,,,2982.0,0.0,0.0,0.3333333432674408,0.0,0.0,0.0,0.3333333432674408,0.0,0.0,0.0,0.0,0.0,0.0,,,,,,,
-0.013933824375271797,mappo,1.0045441740658134e-05,0.853415310382843,0.00010480160053351123,2983.0,,,,,,,,,,,,,,0.0,,,,,0.01352967880666256,0.006666666828095913
,mappo,,,,2983.0,0.0,0.0,0.3333333432674408,0.0,0.0,0.0,0.3333333432674408,0.0,0.0,0.0,0.0,0.0,0.0,,,,,,,
0.039801083505153656,mappo,4.110826466785511e-06,0.8757256269454956,0.00010450150050016682,2984.0,,,,,,,,,,,,,,0.0,,,,,0.013552330434322357,0.006666666828095913
,mappo,,,,2984.0,0.0,0.0,0.3333333432674408,0.0,0.0,0.0,0.3333333432674408,0.0,0.0,0.0,0.0,0.0,0.0,,,,,,,
0.0316033810377121,mappo,2.8335273327684263e-06,0.8673939108848572,0.0001042014004668223,2985.0,,,,,,,,,,,,,,0.0,,,,,0.013414686545729637,0.006666666828095913
,mappo,,,,2985.0,0.0,0.0,0.3333333432674408,0.0,0.0,0.0,0.3333333432674408,0.0,0.0,0.0,0.0,0.0,0.0,,,,,,,
-0.004877827595919371,mappo,2.6327988962293603e-06,0.8657864332199097,0.0001039013004334779,2986.0,,,,,,,,,,,,,,0.0,,,,,0.013733481988310814,0.006666666828095913
,mappo,,,,2986.0,0.0,0.0,0.3333333432674408,0.0,0.0,0.0,0.3333333432674408,0.0,0.0,0.0,0.0,0.0,0.0,,,,,,,
-0.002095023402944207,mappo,0.0003133252903353423,0.8523852825164795,0.00010360120040013349,2987.0,,,,,,,,,,,,,,0.0,,,,,0.013258688151836395,0.006666666828095913
,mappo,,,,2987.0,0.0,0.0,0.3333333432674408,0.0,0.0,0.0,0.3333333432674408,0.0,0.0,0.0,0.0,0.0,0.0,,,,,,,
-0.0038350734394043684,mappo,0.00015652980073355138,0.9280855059623718,0.00010330110036678897,2988.0,,,,,,,,,,,,,,0.0,,,,,0.013005261309444904,0.0
,mappo,,,,2988.0,0.0,0.0,0.0,0.0,0.0,0.0,0.0,0.0,0.0,0.0,0.0,0.0,0.0,,,,,,,
-0.007785665802657604,mappo,0.00047236078535206616,0.934229850769043,0.00010300100033344445,2989.0,,,,,,,,,,,,,,0.0,,,,,0.013201011344790459,0.006666666828095913
,mappo,,,,2989.0,0.0,0.0,0.3333333432674408,0.0,0.0,0.0,0.3333333432674408,0.0,0.0,0.0,0.0,0.0,0.0,,,,,,,
0.37428733706474304,mappo,0.00010364804620621726,0.9260246753692627,0.00010270090030010015,2990.0,,,,,,,,,,,,,,0.0,,,,,0.013113259337842464,0.0
,mappo,,,,2990.0,0.0,0.0,0.0,0.0,0.0,0.0,0.0,0.0,0.0,0.0,0.0,0.0,0.0,,,,,,,
0.16527827084064484,mappo,0.00016133121971506625,0.9300132393836975,0.00010240080026675564,2991.0,,,,,,,,,,,,,,0.0,,,,,0.01308230496942997,0.0
,mappo,,,,2991.0,0.0,0.0,0.0,0.0,0.0,0.0,0.0,0.0,0.0,0.0,0.0,0.0,0.0,,,,,,,
0.011952798813581467,mappo,0.0007328084902837873,0.8847435712814331,0.00010210070023341112,2992.0,,,,,,,,,,,,,,0.0,,,,,0.013128602877259254,0.006666666828095913
,mappo,,,,2992.0,0.0,0.0,0.3333333432674408,0.0,0.0,0.0,0.3333333432674408,0.0,0.0,0.0,0.0,0.0,0.0,,,,,,,
0.04607208073139191,mappo,0.0006663809763267636,0.896395742893219,0.00010180060020006671,2993.0,,,,,,,,,,,,,,0.0,,,,,0.013551655225455761,0.006666666828095913
,mappo,,,,2993.0,0.0,0.0,0.3333333432674408,0.0,0.0,0.0,0.3333333432674408,0.0,0.0,0.0,0.0,0.0,0.0,,,,,,,
0.10932166129350662,mappo,0.0005700203473679721,0.8678076267242432,0.0001015005001667223,2994.0,,,,,,,,,,,,,,0.0,,,,,0.013187592849135399,0.006666666828095913
,mappo,,,,2994.0,0.0,0.0,0.3333333432674408,0.0,0.0,0.0,0.3333333432674408,0.0,0.0,0.0,0.0,0.0,0.0,,,,,,,
0.03104431740939617,mappo,0.0003043737087864429,0.9746752977371216,0.0001012004001333779,2995.0,,,,,,,,,,,,,,0.0,,,,,0.013007134199142456,0.0
,mappo,,,,2995.0,0.0,0.0,0.0,0.0,0.0,0.0,0.0,0.0,0.0,0.0,0.0,0.0,0.0,,,,,,,
-0.007053068373352289,mappo,9.841388964559883e-05,0.9331919550895691,0.00010090030010003338,2996.0,,,,,,,,,,,,,,0.0,,,,,0.013165204785764217,0.0
,mappo,,,,2996.0,0.0,0.0,0.0,0.0,0.0,0.0,0.0,0.0,0.0,0.0,0.0,0.0,0.0,,,,,,,
-0.0011980857234448195,mappo,3.390580968698487e-05,0.9502177834510803,0.00010060020006668886,2997.0,,,,,,,,,,,,,,0.0,,,,,0.013223203830420971,0.0
,mappo,,,,2997.0,0.0,0.0,0.0,0.0,0.0,0.0,0.0,0.0,0.0,0.0,0.0,0.0,0.0,,,,,,,
0.015832537785172462,mappo,0.0002137536066584289,0.8963037133216858,0.00010030010003334456,2998.0,,,,,,,,,,,,,,0.0,,,,,0.013646325096487999,0.006666666828095913
,mappo,,,,2998.0,0.0,0.0,0.3333333432674408,0.0,0.0,0.0,0.3333333432674408,0.0,0.0,0.0,0.0,0.0,0.0,,,,,,,
-0.008259910158813,mappo,0.0002498879039194435,0.908693253993988,0.00010000000000000005,2999.0,,,,,,,,,,,,,,0.0,,,,,0.013306932523846626,0.006666666828095913
,mappo,,,,2999.0,0.0,0.0,0.3333333432674408,0.0,0.0,0.0,0.3333333432674408,0.0,0.0,0.0,0.0,0.0,0.0,,,,,,,
,mappo,,,,2999.0,,,,,,,,,,,,,,,0.0,0.0,0.0,0.0,,
