{
  "actor_loss": [
    -0.04177439212799072,
    -0.03975849226117134,
    -0.040586672723293304,
    -0.015614998526871204,
    -0.02415328659117222,
    -0.03321310505270958,
    -0.013601518236100674,
    -0.015293646603822708,
    -0.015424429439008236,
    -0.028389032930135727,
    -0.02275855839252472,
    -0.018625851720571518,
    -0.03335558995604515,
    -0.02136116474866867,
    -0.05014978349208832,
    -0.02356759086251259,
    -0.03928063064813614,
    -0.032952241599559784,
    -0.032423488795757294,
    -0.062424544245004654
  ],
  "actor_loss_T": [
    0,
    1,
    2,
    3,
    4,
    5,
    6,
    7,
    8,
    9,
    10,
    11,
    12,
    13,
    14,
    15,
    16,
    17,
    18,
    19
  ],
  "critic_loss": [
    224.02227783203125,
    121.66065979003906,
    119.28831481933594,
    107.40157318115234,
    53.280086517333984,
    113.046142578125,
    86.58465576171875,
    32.26202392578125,
    67.15496826171875,
    97.93331909179688,
    55.192176818847656,
    19.68257713317871,
    61.60789108276367,
    42.83595275878906,
    85.28211975097656,
    15.398831367492676,
    9.679702758789062,
    7.023885726928711,
    23.584152221679688,
    19.06593132019043
  ],
  "critic_loss_T": [
    0,
    1,
    2,
    3,
    4,
    5,
    6,
    7,
    8,
    9,
    10,
    11,
    12,
    13,
    14,
    15,
    16,
    17,
    18,
    19
  ],
  "entropy": [
    3.248161792755127,
    4.460387229919434,
    1.9991672039031982,
    0.7152266502380371,
    4.565311431884766,
    3.3701467514038086,
    0.8822627067565918,
    0.9855295419692993,
    2.3292627334594727,
    4.8699421882629395,
    3.6457443237304688,
    2.2751920223236084,
    -0.34021931886672974,
    2.651686906814575,
    5.2581963539123535,
    5.136313438415527,
    2.8335001468658447,
    4.092873573303223,
    1.1636826992034912,
    5.688409328460693
  ],
  "entropy_T": [
    0,
    1,
    2,
    3,
    4,
    5,
    6,
    7,
    8,
    9,
    10,
    11,
    12,
    13,
    14,
    15,
    16,
    17,
    18,
    19
  ],
  "episode": [
    0,
    1,
    2,
    3,
    4,
    5,
    6,
    7,
    8,
    9,
    10,
    11,
    12,
    13,
    14,
    15,
    16,
    17,
    18,
    19
  ],
  "episode_T": [
    0,
    1,
    2,
    3,
    4,
    5,
    6,
    7,
    8,
    9,
    10,
    11,
    12,
    13,
    14,
    15,
    16,
    17,
    18,
    19
  ],
  "episode_return": [
    -34.51220774650574,
    -25.74258327484131,
    -25.222404956817627,
    -24.422942519187927,
    -17.453718781471252,
    -25.84607768058777,
    -22.862874746322632,
    -14.761806070804596,
    -23.900277256965637,
    -31.921327471733093,
    -27.555915236473083,
    -25.017821431159973,
    -19.51706826686859,
    -23.45066726207733,
    -25.956028938293457,
    -31.351438999176025,
    -29.846152544021606,
    -25.35555064678192,
    -32.12452781200409,
    -24.80162811279297
  ],
  "episode_return_T": [
    0,
    1,
    2,
    3,
    4,
    5,
    6,
    7,
    8,
    9,
    10,
    11,
    12,
    13,
    14,
    15,
    16,
    17,
    18,
    19
  ],
  "potential_loss": [
    0.8474918603897095,
    3.539677143096924,
    1.6629562377929688,
    1.7415785789489746,
    0.8885244131088257,
    1.6888761520385742,
    1.1962417364120483,
    2.708698034286499,
    0.6618730425834656,
    2.6758952140808105,
    3.987536668777466,
    1.3756790161132812,
    1.9731059074401855,
    1.7960524559020996,
    0.8129965662956238,
    1.2379627227783203,
    2.190948724746704,
    2.0645527839660645,
    1.67842698097229,
    3.4390084743499756
  ],
  "potential_loss_T": [
    0,
    1,
    2,
    3,
    4,
    5,
    6,
    7,
    8,
    9,
    10,
    11,
    12,
    13,
    14,
    15,
    16,
    17,
    18,
    19
  ],
  "return_mean": [
    -2.157013177871704,
    -1.608911395072937,
    -1.5764003992080688,
    -1.5264337062835693,
    -1.0908575057983398,
    -1.6153799295425415,
    -1.4289298057556152,
    -0.9226129055023193,
    -1.4937673807144165,
    -1.9950828552246094,
    -1.7222446203231812,
    -1.5636138916015625,
    -1.2198166847229004,
    -1.465666651725769,
    -1.6222517490386963,
    -1.9594649076461792,
    -1.865384578704834,
    -1.5847219228744507,
    -2.0077829360961914,
    -1.550101637840271
  ],
  "return_mean_T": [
    0,
    1,
    2,
    3,
    4,
    5,
    6,
    7,
    8,
    9,
    10,
    11,
    12,
    13,
    14,
    15,
    16,
    17,
    18,
    19
  ]
}