{
  "seeds": [
    7,
    11,
    23
  ],
  "algorithm": "imappo",
  "output_dir": "reports/imappo_stage4_eval10",
  "final_eval_collision_rate_mean": 0.3088888888888888,
  "final_easy_probe_collision_rate_mean": 0.3088888888888888,
  "final_mid_probe_collision_rate_mean": 0.4322222222222223,
  "final_hard_probe_collision_rate_mean": 0.6688888888888888,
  "final_easy_probe_task_completion_mean": 0.5663570631212659,
  "final_mid_probe_task_completion_mean": 0.5630948383609454,
  "final_hard_probe_task_completion_mean": 0.5601042780776818,
  "final_probe_collision_rate_mean": 0.6688888888888888
}