actor_loss,algorithm,critic_loss,entropy,entropy_coef,episode,episode_collision_rate,episode_collisions,episode_return,episode_reward_collision,episode_reward_dist,episode_reward_energy,episode_reward_env,episode_reward_intent,episode_reward_safety,episode_reward_task,episode_reward_threat,episode_reward_time,episode_task_completion,eta,eval_collision_rate,eval_episode_collisions,eval_episode_return,eval_task_completion,potential_loss,return_mean
-0.007126932963728905,imappo,2.5380604711244814e-06,0.8378829956054688,0.001,0.0,,,,,,,,,,,,,,0.5,,,,,0.03456561267375946,9.706502896733582e-05
,imappo,,,,0.0,0.0,0.0,0.00485325139015913,0.0,0.0,0.0,0.0,0.00485325139015913,0.0,0.0,0.0,0.0,0.0,,,,,,,
-0.003256578929722309,imappo,5.723379217670299e-06,0.839835524559021,0.0009996998999666556,1.0,,,,,,,,,,,,,,0.49986662220740247,,,,,0.03658454120159149,8.838283247314394e-05
,imappo,,,,1.0,0.0,0.0,0.0044191414690430975,0.0,0.0,0.0,0.0,0.0044191414690430975,0.0,0.0,0.0,0.0,0.0,,,,,,,
-0.001959755551069975,imappo,1.379260720568709e-05,0.844569981098175,0.0009993997999333112,2.0,,,,,,,,,,,,,,0.49973324441480493,,,,,0.032358214259147644,7.718896813457832e-05
,imappo,,,,2.0,0.0,0.0,0.003859448168725521,0.0,0.0,0.0,0.0,0.003859448168725521,0.0,0.0,0.0,0.0,0.0,,,,,,,
-0.0037995190359652042,imappo,2.4305936676682904e-06,0.8482442498207092,0.0009990996998999666,3.0,,,,,,,,,,,,,,0.4995998666222074,,,,,0.03300914540886879,8.686738146934658e-05
,imappo,,,,3.0,0.0,0.0,0.00434336897887988,0.0,0.0,0.0,0.0,0.00434336897887988,0.0,0.0,0.0,0.0,0.0,,,,,,,
-0.002380956197157502,imappo,5.914642315474339e-06,0.8505319952964783,0.0009987995998666222,4.0,,,,,,,,,,,,,,0.49946648882960987,,,,,0.036647308617830276,0.00010000585461966693
,imappo,,,,4.0,0.0,0.0,0.005000293182092719,0.0,0.0,0.0,0.0,0.005000293182092719,0.0,0.0,0.0,0.0,0.0,,,,,,,
-0.00642686802893877,imappo,1.3701418311029556e-06,0.8524840474128723,0.0009984994998332778,5.0,,,,,,,,,,,,,,0.49933311103701233,,,,,0.03663993626832962,9.532825788483024e-05
,imappo,,,,5.0,0.0,0.0,0.0047664127487223595,0.0,0.0,0.0,0.0,0.0047664127487223595,0.0,0.0,0.0,0.0,0.0,,,,,,,
-0.005195197183638811,imappo,1.4678487332275836e-06,0.8535519242286682,0.0009981993997999334,6.0,,,,,,,,,,,,,,0.4991997332444148,,,,,0.03679431602358818,9.426132601220161e-05
,imappo,,,,6.0,0.0,0.0,0.004713066413387423,0.0,0.0,0.0,0.0,0.004713066413387423,0.0,0.0,0.0,0.0,0.0,,,,,,,
-0.008061879314482212,imappo,5.470000701279787e-07,0.8545324802398682,0.000997899299766589,7.0,,,,,,,,,,,,,,0.49906635545181727,,,,,0.03500158339738846,8.875939238350838e-05
,imappo,,,,7.0,0.0,0.0,0.0044379693317750935,0.0,0.0,0.0,0.0,0.0044379693317750935,0.0,0.0,0.0,0.0,0.0,,,,,,,
-0.013861842453479767,imappo,3.205632026492822e-07,0.8578943610191345,0.0009975991997332445,8.0,,,,,,,,,,,,,,0.49893297765921973,,,,,0.03414198011159897,8.741088095121086e-05
,imappo,,,,8.0,0.0,0.0,0.0043705440548365004,0.0,0.0,0.0,0.0,0.0043705440548365004,0.0,0.0,0.0,0.0,0.0,,,,,,,
-0.005263736471533775,imappo,4.3200066102144774e-07,0.8600642085075378,0.0009972990996999,9.0,,,,,,,,,,,,,,0.4987995998666222,,,,,0.029331505298614502,7.377561996690929e-05
,imappo,,,,9.0,0.0,0.0,0.0036887810310872737,0.0,0.0,0.0,0.0,0.0036887810310872737,0.0,0.0,0.0,0.0,0.0,,,,,,,
-0.0040732938796281815,imappo,1.0732767350418726e-06,0.8677215576171875,0.0009969989996665555,10.0,,,,,,,,,,,,,,0.49866622207402467,,,,,0.034575920552015305,8.965886809164658e-05
,imappo,,,,10.0,0.0,0.0,0.004482943899347447,0.0,0.0,0.0,0.0,0.004482943899347447,0.0,0.0,0.0,0.0,0.0,,,,,,,
-0.0076286024414002895,imappo,2.469224682499771e-07,0.8693091869354248,0.000996698899633211,11.0,,,,,,,,,,,,,,0.49853284428142713,,,,,0.027675243094563484,7.029120752122253e-05
,imappo,,,,11.0,0.0,0.0,0.0035145604019817256,0.0,0.0,0.0,0.0,0.0035145604019817256,0.0,0.0,0.0,0.0,0.0,,,,,,,
-0.009096524678170681,imappo,7.056717095110798e-07,0.8735272288322449,0.0009963987995998667,12.0,,,,,,,,,,,,,,0.4983994664888296,,,,,0.031656138598918915,8.323638758156449e-05
,imappo,,,,12.0,0.0,0.0,0.004161819233559072,0.0,0.0,0.0,0.0,0.004161819233559072,0.0,0.0,0.0,0.0,0.0,,,,,,,
-0.00155754410661757,imappo,2.627191406645579e-07,0.8720148801803589,0.0009960986995665223,13.0,,,,,,,,,,,,,,0.49826608869623207,,,,,0.028387993574142456,6.943810876691714e-05
,imappo,,,,13.0,0.0,0.0,0.003471905645710649,0.0,0.0,0.0,0.0,0.003471905645710649,0.0,0.0,0.0,0.0,0.0,,,,,,,
-0.010458866134285927,imappo,8.640793680569914e-08,0.8818029761314392,0.0009957985995331777,14.0,,,,,,,,,,,,,,0.49813271090363453,,,,,0.03754919022321701,9.050891821971163e-05
,imappo,,,,14.0,0.0,0.0,0.004525445379840676,0.0,0.0,0.0,0.0,0.004525445379840676,0.0,0.0,0.0,0.0,0.0,,,,,,,
-0.001008159015327692,imappo,9.22918275136908e-08,0.8902199268341064,0.0009954984994998332,15.0,,,,,,,,,,,,,,0.497999333111037,,,,,0.0315190851688385,7.296659896383062e-05
,imappo,,,,15.0,0.0,0.0,0.0036483299227256794,0.0,0.0,0.0,0.0,0.0036483299227256794,0.0,0.0,0.0,0.0,0.0,,,,,,,
-0.0035590275656431913,imappo,1.439352956822404e-07,0.890475332736969,0.0009951983994664888,16.0,,,,,,,,,,,,,,0.49786595531843947,,,,,0.030916204676032066,7.095376349752769e-05
,imappo,,,,16.0,0.0,0.0,0.003547687825630419,0.0,0.0,0.0,0.0,0.003547687825630419,0.0,0.0,0.0,0.0,0.0,,,,,,,
-0.005410381127148867,imappo,1.8087759201534936e-07,0.896011233329773,0.0009948982994331444,17.0,,,,,,,,,,,,,,0.49773257752584193,,,,,0.03119633160531521,7.759164873277768e-05
,imappo,,,,17.0,0.0,0.0,0.0038795828077127226,0.0,0.0,0.0,0.0,0.0038795828077127226,0.0,0.0,0.0,0.0,0.0,,,,,,,
-0.007139536552131176,imappo,1.8745103602668678e-07,0.8978434205055237,0.0009945981993998,18.0,,,,,,,,,,,,,,0.4975991997332444,,,,,0.026804573833942413,7.274063682416454e-05
,imappo,,,,18.0,0.0,0.0,0.0036370318885019515,0.0,0.0,0.0,0.0,0.0036370318885019515,0.0,0.0,0.0,0.0,0.0,,,,,,,
-0.007316206581890583,imappo,6.869559143751758e-08,0.9021367430686951,0.0009942980993664554,19.0,,,,,,,,,,,,,,0.49746582194064687,,,,,0.026607196778059006,5.645952478516847e-05
,imappo,,,,19.0,0.0,0.0,0.002822976362040208,0.0,0.0,0.0,0.0,0.002822976362040208,0.0,0.0,0.0,0.0,0.0,,,,,,,
-0.002614507917314768,imappo,2.8713484923059696e-08,0.9001114964485168,0.000993997999333111,20.0,,,,,,,,,,,,,,0.49733244414804934,,,,,0.030064959079027176,7.079462375259027e-05
,imappo,,,,20.0,0.0,0.0,0.003539731103956001,0.0,0.0,0.0,0.0,0.003539731103956001,0.0,0.0,0.0,0.0,0.0,,,,,,,
-0.004822644870728254,imappo,3.742324850009027e-08,0.8922683596611023,0.0009936978992997666,21.0,,,,,,,,,,,,,,0.4971990663554518,,,,,0.03334403783082962,6.626715185120702e-05
,imappo,,,,21.0,0.0,0.0,0.0033133578721731283,0.0,0.0,0.0,0.0,0.0033133578721731283,0.0,0.0,0.0,0.0,0.0,,,,,,,
-0.005783308297395706,imappo,4.855172974771449e-08,0.9003956913948059,0.0009933977992664222,22.0,,,,,,,,,,,,,,0.49706568856285427,,,,,0.0317801870405674,7.711625949013978e-05
,imappo,,,,22.0,0.0,0.0,0.0038558129854209255,0.0,0.0,0.0,0.0,0.0038558129854209255,0.0,0.0,0.0,0.0,0.0,,,,,,,
-0.01098918728530407,imappo,2.699804113603932e-08,0.90401691198349,0.0009930976992330778,23.0,,,,,,,,,,,,,,0.49693231077025674,,,,,0.027838071808218956,7.686979370191693e-05
,imappo,,,,23.0,0.0,0.0,0.0038434899470303208,0.0,0.0,0.0,0.0,0.0038434899470303208,0.0,0.0,0.0,0.0,0.0,,,,,,,
-0.010832133702933788,imappo,1.6657857315749425e-08,0.9043877124786377,0.0009927975991997334,24.0,,,,,,,,,,,,,,0.4967989329776592,,,,,0.02523927018046379,7.449572149198502e-05
,imappo,,,,24.0,0.0,0.0,0.003724785947269993,0.0,0.0,0.0,0.0,0.003724785947269993,0.0,0.0,0.0,0.0,0.0,,,,,,,
-0.00215914542786777,imappo,2.1142136930052402e-08,0.9079335331916809,0.0009924974991663887,25.0,,,,,,,,,,,,,,0.49666555518506167,,,,,0.022710956633090973,7.291405199794099e-05
,imappo,,,,25.0,0.0,0.0,0.003645702417998109,0.0,0.0,0.0,0.0,0.003645702417998109,0.0,0.0,0.0,0.0,0.0,,,,,,,
-0.00643612677231431,imappo,5.360621813110811e-08,0.9078528881072998,0.0009921973991330443,26.0,,,,,,,,,,,,,,0.49653217739246414,,,,,0.03674311935901642,6.548701639985666e-05
,imappo,,,,26.0,0.0,0.0,0.003274350672654691,0.0,0.0,0.0,0.0,0.003274350672654691,0.0,0.0,0.0,0.0,0.0,,,,,,,
-0.004575750790536404,imappo,6.329197077548088e-08,0.9026133418083191,0.0009918972990997,27.0,,,,,,,,,,,,,,0.4963987995998666,,,,,0.03806759789586067,5.5587752285646275e-05
,imappo,,,,27.0,0.0,0.0,0.0027793875674433366,0.0,0.0,0.0,0.0,0.0027793875674433366,0.0,0.0,0.0,0.0,0.0,,,,,,,
-0.0006495076231658459,imappo,1.5220547311400878e-07,0.8873573541641235,0.0009915971990663555,28.0,,,,,,,,,,,,,,0.49626542180726907,,,,,0.03409194201231003,7.555387855973095e-05
,imappo,,,,28.0,0.0,0.0,0.0037776939789182507,0.0,0.0,0.0,0.0,0.0037776939789182507,0.0,0.0,0.0,0.0,0.0,,,,,,,
-0.004964062012732029,imappo,3.509775581278518e-08,0.8875806927680969,0.000991297099033011,29.0,,,,,,,,,,,,,,0.49613204401467154,,,,,0.03082980215549469,5.887312363483943e-05
,imappo,,,,29.0,0.0,0.0,0.0029436562217597384,0.0,0.0,0.0,0.0,0.0029436562217597384,0.0,0.0,0.0,0.0,0.0,,,,,,,
-0.005098261870443821,imappo,2.584872760280632e-08,0.8892050385475159,0.0009909969989996665,30.0,,,,,,,,,,,,,,0.495998666222074,,,,,0.031963713467121124,5.6408141972497106e-05
,imappo,,,,30.0,0.0,0.0,0.0028204069549246924,0.0,0.0,0.0,0.0,0.0028204069549246924,0.0,0.0,0.0,0.0,0.0,,,,,,,
-0.004806087352335453,imappo,2.044896802999574e-07,0.8908507227897644,0.000990696898966322,31.0,,,,,,,,,,,,,,0.49586528842947647,,,,,0.029049180448055267,8.007831638678908e-05
,imappo,,,,31.0,0.0,0.0,0.004003916248620953,0.0,0.0,0.0,0.0,0.004003916248620953,0.0,0.0,0.0,0.0,0.0,,,,,,,
-0.008613958954811096,imappo,3.4170520279985794e-07,0.895117998123169,0.0009903967989329777,32.0,,,,,,,,,,,,,,0.49573191063687894,,,,,0.03129228949546814,7.216172525659204e-05
,imappo,,,,32.0,0.0,0.0,0.0036080860190850217,0.0,0.0,0.0,0.0,0.0036080860190850217,0.0,0.0,0.0,0.0,0.0,,,,,,,
-0.006402661558240652,imappo,4.451760844403907e-07,0.887270987033844,0.0009900966988996333,33.0,,,,,,,,,,,,,,0.4955985328442814,,,,,0.02622631937265396,6.659121572738513e-05
,imappo,,,,33.0,0.0,0.0,0.0033295607681793626,0.0,0.0,0.0,0.0,0.0033295607681793626,0.0,0.0,0.0,0.0,0.0,,,,,,,
-0.012750602327287197,imappo,3.748646975054726e-07,0.8764578104019165,0.0009897965988662888,34.0,,,,,,,,,,,,,,0.49546515505168387,,,,,0.036205362528562546,9.0977773652412e-05
,imappo,,,,34.0,0.0,0.0,0.004548888839053689,0.0,0.0,0.0,0.0,0.004548888839053689,0.0,0.0,0.0,0.0,0.0,,,,,,,
0.0004837162559852004,imappo,5.624444270324602e-07,0.8741396069526672,0.0009894964988329444,35.0,,,,,,,,,,,,,,0.49533177725908634,,,,,0.02787422016263008,7.467823888873681e-05
,imappo,,,,35.0,0.0,0.0,0.0037339119517127983,0.0,0.0,0.0,0.0,0.0037339119517127983,0.0,0.0,0.0,0.0,0.0,,,,,,,
-0.005736079066991806,imappo,3.6441750239646353e-07,0.8716000318527222,0.0009891963987995998,36.0,,,,,,,,,,,,,,0.4951983994664888,,,,,0.03155794367194176,7.527600246248767e-05
,imappo,,,,36.0,0.0,0.0,0.0037638002722815145,0.0,0.0,0.0,0.0,0.0037638002722815145,0.0,0.0,0.0,0.0,0.0,,,,,,,
-0.0071489689871668816,imappo,3.530241201588069e-07,0.8765422701835632,0.0009888962987662554,37.0,,,,,,,,,,,,,,0.49506502167389127,,,,,0.029164699837565422,7.408567034872249e-05
,imappo,,,,37.0,0.0,0.0,0.003704283421029686,0.0,0.0,0.0,0.0,0.003704283421029686,0.0,0.0,0.0,0.0,0.0,,,,,,,
-0.0019645877182483673,imappo,9.651419219380841e-08,0.875912606716156,0.000988596198732911,38.0,,,,,,,,,,,,,,0.49493164388129374,,,,,0.027500785887241364,7.434238796122372e-05
,imappo,,,,38.0,0.0,0.0,0.003717119550856296,0.0,0.0,0.0,0.0,0.003717119550856296,0.0,0.0,0.0,0.0,0.0,,,,,,,
-0.0035144444555044174,imappo,5.4585974851306673e-08,0.875810444355011,0.0009882960986995666,39.0,,,,,,,,,,,,,,0.49479826608869626,,,,,0.033774081617593765,6.639381172135472e-05
,imappo,,,,39.0,0.0,0.0,0.0033196910608239705,0.0,0.0,0.0,0.0,0.0033196910608239705,0.0,0.0,0.0,0.0,0.0,,,,,,,
-0.00012717489153146744,imappo,9.97772886535131e-09,0.8854833245277405,0.0009879959986662222,40.0,,,,,,,,,,,,,,0.4946648882960987,,,,,0.036176592111587524,7.52103078411892e-05
,imappo,,,,40.0,0.0,0.0,0.003760515493922867,0.0,0.0,0.0,0.0,0.003760515493922867,0.0,0.0,0.0,0.0,0.0,,,,,,,
0.0005834640469402075,imappo,5.9185460088428954e-08,0.8803808689117432,0.0009876958986328776,41.0,,,,,,,,,,,,,,0.4945315105035012,,,,,0.035329923033714294,7.047731196507812e-05
,imappo,,,,41.0,0.0,0.0,0.0035238656382716727,0.0,0.0,0.0,0.0,0.0035238656382716727,0.0,0.0,0.0,0.0,0.0,,,,,,,
-0.007024734281003475,imappo,3.123898650869705e-08,0.8721200823783875,0.0009873957985995331,42.0,,,,,,,,,,,,,,0.49439813271090366,,,,,0.02562180534005165,7.301499135792255e-05
,imappo,,,,42.0,0.0,0.0,0.003650749356893357,0.0,0.0,0.0,0.0,0.003650749356893357,0.0,0.0,0.0,0.0,0.0,,,,,,,
-0.011881740763783455,imappo,1.3535454002067127e-07,0.8763174414634705,0.0009870956985661887,43.0,,,,,,,,,,,,,,0.4942647549183061,,,,,0.033323004841804504,6.105676584411412e-05
,imappo,,,,43.0,0.0,0.0,0.0030528380448231474,0.0,0.0,0.0,0.0,0.0030528380448231474,0.0,0.0,0.0,0.0,0.0,,,,,,,
-0.0041923220269382,imappo,5.132877731739427e-07,0.8818643093109131,0.0009867955985328443,44.0,,,,,,,,,,,,,,0.4941313771257086,,,,,0.034926675260066986,8.216441347030923e-05
,imappo,,,,44.0,0.0,0.0,0.004108220549824182,0.0,0.0,0.0,0.0,0.004108220549824182,0.0,0.0,0.0,0.0,0.0,,,,,,,
-0.008267251774668694,imappo,9.50528544763074e-07,0.8919426202774048,0.0009864954984995,45.0,,,,,,,,,,,,,,0.49399799933311106,,,,,0.03462892025709152,8.128977060550824e-05
,imappo,,,,45.0,0.0,0.0,0.004064488599397009,0.0,0.0,0.0,0.0,0.004064488599397009,0.0,0.0,0.0,0.0,0.0,,,,,,,
-0.00343315745703876,imappo,1.0122807907464448e-06,0.8950254321098328,0.0009861953984661555,46.0,,,,,,,,,,,,,,0.4938646215405135,,,,,0.0322752371430397,7.444174843840301e-05
,imappo,,,,46.0,0.0,0.0,0.003722087432834087,0.0,0.0,0.0,0.0,0.003722087432834087,0.0,0.0,0.0,0.0,0.0,,,,,,,
-0.008675665594637394,imappo,1.0755305765997036e-06,0.8996506929397583,0.0009858952984328109,47.0,,,,,,,,,,,,,,0.493731243747916,,,,,0.027786001563072205,7.493992598028854e-05
,imappo,,,,47.0,0.0,0.0,0.003746996309928363,0.0,0.0,0.0,0.0,0.003746996309928363,0.0,0.0,0.0,0.0,0.0,,,,,,,
-0.014146359637379646,imappo,8.084130058705341e-07,0.9086043238639832,0.0009855951983994665,48.0,,,,,,,,,,,,,,0.49359786595531846,,,,,0.03153533488512039,7.888919935794547e-05
,imappo,,,,48.0,0.0,0.0,0.003944459647755139,0.0,0.0,0.0,0.0,0.003944459647755139,0.0,0.0,0.0,0.0,0.0,,,,,,,
-0.005189034156501293,imappo,3.3507942021060444e-07,0.9032285809516907,0.000985295098366122,49.0,,,,,,,,,,,,,,0.4934644881627209,,,,,0.02475469931960106,7.14101770427078e-05
,imappo,,,,49.0,0.0,0.0,0.0035705083719221875,0.0,0.0,0.0,0.0,0.0035705083719221875,0.0,0.0,0.0,0.0,0.0,,,,,,,
-0.0038312191609293222,imappo,2.4458634584334504e-07,0.9022347927093506,0.0009849949983327777,50.0,,,,,,,,,,,,,,0.4933311103701234,,,,,0.029877066612243652,6.747395673301071e-05
,imappo,,,,50.0,0.0,0.0,0.0033736978548404295,0.0,0.0,0.0,0.0,0.0033736978548404295,0.0,0.0,0.0,0.0,0.0,,,,,,,
-0.002916814759373665,imappo,2.24743004650918e-07,0.9056757688522339,0.0009846948982994333,51.0,,,,,,,,,,,,,,0.49319773257752586,,,,,0.0336596854031086,5.936541492701508e-05
,imappo,,,,51.0,0.0,0.0,0.0029682705535378773,0.0,0.0,0.0,0.0,0.0029682705535378773,0.0,0.0,0.0,0.0,0.0,,,,,,,
-0.00017046945868059993,imappo,2.408304453638266e-07,0.9011713862419128,0.0009843947982660886,52.0,,,,,,,,,,,,,,0.4930643547849283,,,,,0.03620477020740509,6.454660615418106e-05
,imappo,,,,52.0,0.0,0.0,0.003227330110348703,0.0,0.0,0.0,0.0,0.003227330110348703,0.0,0.0,0.0,0.0,0.0,,,,,,,
-0.0012655735481530428,imappo,9.332843831089122e-08,0.9117842316627502,0.0009840946982327442,53.0,,,,,,,,,,,,,,0.4929309769923308,,,,,0.03381861001253128,6.213514279806986e-05
,imappo,,,,53.0,0.0,0.0,0.0031067572272149846,0.0,0.0,0.0,0.0,0.0031067572272149846,0.0,0.0,0.0,0.0,0.0,,,,,,,
-0.006129357032477856,imappo,1.5689330723489547e-07,0.9049137234687805,0.0009837945981993998,54.0,,,,,,,,,,,,,,0.49279759919973326,,,,,0.030501600354909897,7.211264892248437e-05
,imappo,,,,54.0,0.0,0.0,0.0036056326316611376,0.0,0.0,0.0,0.0,0.0036056326316611376,0.0,0.0,0.0,0.0,0.0,,,,,,,
-0.0025163041427731514,imappo,1.1856462123205347e-07,0.9245111346244812,0.0009834944981660554,55.0,,,,,,,,,,,,,,0.4926642214071357,,,,,0.029311997815966606,7.911403372418135e-05
,imappo,,,,55.0,0.0,0.0,0.0039557018881168915,0.0,0.0,0.0,0.0,0.0039557018881168915,0.0,0.0,0.0,0.0,0.0,,,,,,,
-0.0035109827294945717,imappo,1.4309808449297634e-08,0.9395493865013123,0.000983194398132711,56.0,,,,,,,,,,,,,,0.4925308436145382,,,,,0.02797377109527588,7.28422892279923e-05
,imappo,,,,56.0,0.0,0.0,0.0036421143558982294,0.0,0.0,0.0,0.0,0.0036421143558982294,0.0,0.0,0.0,0.0,0.0,,,,,,,
-0.005372338462620974,imappo,1.652586689715463e-08,0.9382924437522888,0.0009828942980993664,57.0,,,,,,,,,,,,,,0.49239746582194066,,,,,0.030422251671552658,7.862411439418793e-05
,imappo,,,,57.0,0.0,0.0,0.003931205596018117,0.0,0.0,0.0,0.0,0.003931205596018117,0.0,0.0,0.0,0.0,0.0,,,,,,,
0.0006213571759872139,imappo,2.123423854527573e-07,0.9206544756889343,0.000982594198066022,58.0,,,,,,,,,,,,,,0.4922640880293431,,,,,0.03145467862486839,6.985914660617709e-05
,imappo,,,,58.0,0.0,0.0,0.003492957002890762,0.0,0.0,0.0,0.0,0.003492957002890762,0.0,0.0,0.0,0.0,0.0,,,,,,,
-0.004342122469097376,imappo,4.30017450980813e-07,0.9134170413017273,0.0009822940980326776,59.0,,,,,,,,,,,,,,0.4921307102367456,,,,,0.03098652884364128,7.607840234413743e-05
,imappo,,,,59.0,0.0,0.0,0.0038039199062041007,0.0,0.0,0.0,0.0,0.0038039199062041007,0.0,0.0,0.0,0.0,0.0,,,,,,,
-0.009234271012246609,imappo,5.510922278517683e-07,0.8984383344650269,0.0009819939979993331,60.0,,,,,,,,,,,,,,0.49199733244414806,,,,,0.03424802049994469,7.187714072642848e-05
,imappo,,,,60.0,0.0,0.0,0.003593857225496322,0.0,0.0,0.0,0.0,0.003593857225496322,0.0,0.0,0.0,0.0,0.0,,,,,,,
-0.00370071642100811,imappo,8.39932340568339e-07,0.8799619674682617,0.0009816938979659887,61.0,,,,,,,,,,,,,,0.49186395465155053,,,,,0.032609835267066956,7.577391806989908e-05
,imappo,,,,61.0,0.0,0.0,0.0037886956561123952,0.0,0.0,0.0,0.0,0.0037886956561123952,0.0,0.0,0.0,0.0,0.0,,,,,,,
-0.014160455204546452,imappo,1.211637027154211e-06,0.8805946111679077,0.0009813937979326443,62.0,,,,,,,,,,,,,,0.491730576858953,,,,,0.031021416187286377,6.766475416952744e-05
,imappo,,,,62.0,0.0,0.0,0.0033832378721854184,0.0,0.0,0.0,0.0,0.0033832378721854184,0.0,0.0,0.0,0.0,0.0,,,,,,,
0.0024544380139559507,imappo,1.2701484592980705e-06,0.8862817287445068,0.0009810936978992997,63.0,,,,,,,,,,,,,,0.49159719906635546,,,,,0.03178814426064491,7.811986142769456e-05
,imappo,,,,63.0,0.0,0.0,0.003905993085936643,0.0,0.0,0.0,0.0,0.003905993085936643,0.0,0.0,0.0,0.0,0.0,,,,,,,
-0.006510801613330841,imappo,1.71876058630005e-06,0.8858529925346375,0.0009807935978659553,64.0,,,,,,,,,,,,,,0.49146382127375793,,,,,0.03051382675766945,6.841830327175558e-05
,imappo,,,,64.0,0.0,0.0,0.0034209148871013895,0.0,0.0,0.0,0.0,0.0034209148871013895,0.0,0.0,0.0,0.0,0.0,,,,,,,
-0.009299222379922867,imappo,1.0950534488074481e-06,0.8808474540710449,0.0009804934978326109,65.0,,,,,,,,,,,,,,0.4913304434811604,,,,,0.02889302559196949,7.444337825290859e-05
,imappo,,,,65.0,0.0,0.0,0.00372216887990362,0.0,0.0,0.0,0.0,0.00372216887990362,0.0,0.0,0.0,0.0,0.0,,,,,,,
-0.004016565158963203,imappo,6.387062398971466e-07,0.8883123993873596,0.0009801933977992665,66.0,,,,,,,,,,,,,,0.49119706568856286,,,,,0.03412993252277374,7.830413233023137e-05
,imappo,,,,66.0,0.0,0.0,0.003915206536476035,0.0,0.0,0.0,0.0,0.003915206536476035,0.0,0.0,0.0,0.0,0.0,,,,,,,
-0.008103562518954277,imappo,5.649771424032224e-07,0.8891658782958984,0.000979893297765922,67.0,,,,,,,,,,,,,,0.49106368789596533,,,,,0.033700164407491684,8.042984700296074e-05
,imappo,,,,67.0,0.0,0.0,0.00402149255387485,0.0,0.0,0.0,0.0,0.00402149255387485,0.0,0.0,0.0,0.0,0.0,,,,,,,
0.0027226516976952553,imappo,2.775440179902944e-07,0.8873640894889832,0.0009795931977325774,68.0,,,,,,,,,,,,,,0.4909303101033678,,,,,0.028344742953777313,6.640630454057828e-05
,imappo,,,,68.0,0.0,0.0,0.00332031539073796,0.0,0.0,0.0,0.0,0.00332031539073796,0.0,0.0,0.0,0.0,0.0,,,,,,,
-0.008513438515365124,imappo,1.6028215554797498e-07,0.8900736570358276,0.000979293097699233,69.0,,,,,,,,,,,,,,0.49079693231077026,,,,,0.03003193438053131,7.184545393101871e-05
,imappo,,,,69.0,0.0,0.0,0.0035922723145631608,0.0,0.0,0.0,0.0,0.0035922723145631608,0.0,0.0,0.0,0.0,0.0,,,,,,,
-0.005766582675278187,imappo,8.638314596964847e-08,0.8927811980247498,0.0009789929976658886,70.0,,,,,,,,,,,,,,0.49066355451817273,,,,,0.03200777620077133,6.513010885100812e-05
,imappo,,,,70.0,0.0,0.0,0.003256505493482109,0.0,0.0,0.0,0.0,0.003256505493482109,0.0,0.0,0.0,0.0,0.0,,,,,,,
-0.003780608531087637,imappo,4.6427459210462985e-08,0.885940432548523,0.0009786928976325442,71.0,,,,,,,,,,,,,,0.4905301767255752,,,,,0.03393064811825752,7.55161017877981e-05
,imappo,,,,71.0,0.0,0.0,0.003775804925680859,0.0,0.0,0.0,0.0,0.003775804925680859,0.0,0.0,0.0,0.0,0.0,,,,,,,
-0.004606930539011955,imappo,1.7653357886615595e-08,0.8884783983230591,0.0009783927975991998,72.0,,,,,,,,,,,,,,0.49039679893297766,,,,,0.02950184978544712,7.398568413918838e-05
,imappo,,,,72.0,0.0,0.0,0.0036992838340665912,0.0,0.0,0.0,0.0,0.0036992838340665912,0.0,0.0,0.0,0.0,0.0,,,,,,,
-0.004440596792846918,imappo,2.803088428038336e-08,0.8875535130500793,0.0009780926975658554,73.0,,,,,,,,,,,,,,0.49026342114038013,,,,,0.03132713586091995,6.612147262785584e-05
,imappo,,,,73.0,0.0,0.0,0.00330607366777258,0.0,0.0,0.0,0.0,0.00330607366777258,0.0,0.0,0.0,0.0,0.0,,,,,,,
-0.006567268632352352,imappo,1.5615523096812467e-08,0.8785132765769958,0.0009777925975325108,74.0,,,,,,,,,,,,,,0.4901300433477826,,,,,0.027875222265720367,7.326847116928548e-05
,imappo,,,,74.0,0.0,0.0,0.003663423878606409,0.0,0.0,0.0,0.0,0.003663423878606409,0.0,0.0,0.0,0.0,0.0,,,,,,,
-0.0029091769829392433,imappo,2.281066535658738e-08,0.8704159259796143,0.0009774924974991664,75.0,,,,,,,,,,,,,,0.48999666555518506,,,,,0.031578175723552704,8.283092029159889e-05
,imappo,,,,75.0,0.0,0.0,0.004141545869060792,0.0,0.0,0.0,0.0,0.004141545869060792,0.0,0.0,0.0,0.0,0.0,,,,,,,
-0.000175363733433187,imappo,3.479342680634545e-08,0.8739078640937805,0.000977192397465822,76.0,,,,,,,,,,,,,,0.48986328776258753,,,,,0.036670297384262085,7.64406577218324e-05
,imappo,,,,76.0,0.0,0.0,0.00382203297704109,0.0,0.0,0.0,0.0,0.00382203297704109,0.0,0.0,0.0,0.0,0.0,,,,,,,
-0.0019776364788413048,imappo,2.7355170573173382e-08,0.8901963233947754,0.0009768922974324776,77.0,,,,,,,,,,,,,,0.48972990996999,,,,,0.028100527822971344,7.00147938914597e-05
,imappo,,,,77.0,0.0,0.0,0.0035007396545552183,0.0,0.0,0.0,0.0,0.0035007396545552183,0.0,0.0,0.0,0.0,0.0,,,,,,,
-0.004542003385722637,imappo,2.0743877726658866e-08,0.8966501951217651,0.0009765921973991331,78.0,,,,,,,,,,,,,,0.48959653217739246,,,,,0.03184175491333008,7.94441657490097e-05
,imappo,,,,78.0,0.0,0.0,0.003972208265622612,0.0,0.0,0.0,0.0,0.003972208265622612,0.0,0.0,0.0,0.0,0.0,,,,,,,
-0.007885529659688473,imappo,1.164192120484131e-08,0.8900712132453918,0.0009762920973657886,79.0,,,,,,,,,,,,,,0.48946315438479493,,,,,0.0306529700756073,7.994892075657845e-05
,imappo,,,,79.0,0.0,0.0,0.0039974457504285965,0.0,0.0,0.0,0.0,0.0039974457504285965,0.0,0.0,0.0,0.0,0.0,,,,,,,
-0.005292992573231459,imappo,1.9776656756675948e-08,0.8848888278007507,0.0009759919973324441,80.0,,,,,,,,,,,,,,0.4893297765921974,,,,,0.03006528876721859,7.604861457366496e-05
,imappo,,,,80.0,0.0,0.0,0.0038024310633772984,0.0,0.0,0.0,0.0,0.0038024310633772984,0.0,0.0,0.0,0.0,0.0,,,,,,,
-0.009755231440067291,imappo,1.153091044869825e-08,0.8875935077667236,0.0009756918972990997,81.0,,,,,,,,,,,,,,0.48919639879959986,,,,,0.02844005823135376,8.019243978196755e-05
,imappo,,,,81.0,0.0,0.0,0.004009622181911254,0.0,0.0,0.0,0.0,0.004009622181911254,0.0,0.0,0.0,0.0,0.0,,,,,,,
-0.002543797716498375,imappo,1.5251254481540855e-08,0.8909386992454529,0.0009753917972657553,82.0,,,,,,,,,,,,,,0.48906302100700233,,,,,0.03189589083194733,7.766619819449261e-05
,imappo,,,,82.0,0.0,0.0,0.0038833097896713298,0.0,0.0,0.0,0.0,0.0038833097896713298,0.0,0.0,0.0,0.0,0.0,,,,,,,
0.0002541424473747611,imappo,1.0605853972833756e-08,0.8866953253746033,0.0009750916972324108,83.0,,,,,,,,,,,,,,0.4889296432144048,,,,,0.031024117022752762,6.201082578627393e-05
,imappo,,,,83.0,0.0,0.0,0.0031005414384708274,0.0,0.0,0.0,0.0,0.0031005414384708274,0.0,0.0,0.0,0.0,0.0,,,,,,,
-0.004964836407452822,imappo,2.0879465267853448e-08,0.8783777952194214,0.0009747915971990664,84.0,,,,,,,,,,,,,,0.48879626542180726,,,,,0.029852699488401413,6.605108501389623e-05
,imappo,,,,84.0,0.0,0.0,0.003302554392575985,0.0,0.0,0.0,0.0,0.003302554392575985,0.0,0.0,0.0,0.0,0.0,,,,,,,
-0.0056709717027843,imappo,4.3661497528546533e-08,0.8732154369354248,0.000974491497165722,85.0,,,,,,,,,,,,,,0.48866288762920973,,,,,0.02690523862838745,7.203940185718238e-05
,imappo,,,,85.0,0.0,0.0,0.003601970191084547,0.0,0.0,0.0,0.0,0.003601970191084547,0.0,0.0,0.0,0.0,0.0,,,,,,,
-0.0011751602869480848,imappo,7.338717722404908e-08,0.8688983917236328,0.0009741913971323774,86.0,,,,,,,,,,,,,,0.4885295098366122,,,,,0.03430384024977684,7.715753599768505e-05
,imappo,,,,86.0,0.0,0.0,0.0038578769308514893,0.0,0.0,0.0,0.0,0.0038578769308514893,0.0,0.0,0.0,0.0,0.0,,,,,,,
-0.0021096651908010244,imappo,1.8125879819308466e-07,0.8722794651985168,0.000973891297099033,87.0,,,,,,,,,,,,,,0.48839613204401466,,,,,0.025798805058002472,7.591630128445104e-05
,imappo,,,,87.0,0.0,0.0,0.0037958150314807426,0.0,0.0,0.0,0.0,0.0037958150314807426,0.0,0.0,0.0,0.0,0.0,,,,,,,
-0.005416782572865486,imappo,1.7494339488166588e-07,0.8783078193664551,0.0009735911970656886,88.0,,,,,,,,,,,,,,0.48826275425141713,,,,,0.031909603625535965,7.809128874214366e-05
,imappo,,,,88.0,0.0,0.0,0.0039045646699378267,0.0,0.0,0.0,0.0,0.0039045646699378267,0.0,0.0,0.0,0.0,0.0,,,,,,,
-0.008913886733353138,imappo,4.1656849703031185e-07,0.8793366551399231,0.0009732910970323441,89.0,,,,,,,,,,,,,,0.4881293764588196,,,,,0.030772320926189423,7.506726979045197e-05
,imappo,,,,89.0,0.0,0.0,0.0037533632130362093,0.0,0.0,0.0,0.0,0.0037533632130362093,0.0,0.0,0.0,0.0,0.0,,,,,,,
-0.003953295294195414,imappo,6.200838242875761e-07,0.880234956741333,0.0009729909969989997,90.0,,,,,,,,,,,,,,0.48799599866622206,,,,,0.02507556602358818,7.222119165817276e-05
,imappo,,,,90.0,0.0,0.0,0.003611059804825345,0.0,0.0,0.0,0.0,0.003611059804825345,0.0,0.0,0.0,0.0,0.0,,,,,,,
-0.004021858796477318,imappo,5.784903578387457e-07,0.8790542483329773,0.0009726908969656552,91.0,,,,,,,,,,,,,,0.48786262087362453,,,,,0.03384356200695038,5.871808752999641e-05
,imappo,,,,91.0,0.0,0.0,0.002935904392870725,0.0,0.0,0.0,0.0,0.002935904392870725,0.0,0.0,0.0,0.0,0.0,,,,,,,
0.004133773967623711,imappo,4.5220639321996714e-07,0.8785942792892456,0.0009723907969323108,92.0,,,,,,,,,,,,,,0.487729243081027,,,,,0.02309850975871086,7.056101458147168e-05
,imappo,,,,92.0,0.0,0.0,0.0035280506490380503,0.0,0.0,0.0,0.0,0.0035280506490380503,0.0,0.0,0.0,0.0,0.0,,,,,,,
-0.0011237580329179764,imappo,1.5971468769748753e-07,0.872938334941864,0.0009720906968989664,93.0,,,,,,,,,,,,,,0.48759586528842946,,,,,0.029682964086532593,7.170427852543071e-05
,imappo,,,,93.0,0.0,0.0,0.0035852139480994083,0.0,0.0,0.0,0.0,0.0035852139480994083,0.0,0.0,0.0,0.0,0.0,,,,,,,
-0.0026324070058763027,imappo,2.2877716787661484e-07,0.8803300261497498,0.0009717905968656219,94.0,,,,,,,,,,,,,,0.48746248749583193,,,,,0.02061738818883896,6.77734351484105e-05
,imappo,,,,94.0,0.0,0.0,0.003388672132132342,0.0,0.0,0.0,0.0,0.003388672132132342,0.0,0.0,0.0,0.0,0.0,,,,,,,
0.0029502480756491423,imappo,1.3454254599309934e-07,0.8891565203666687,0.0009714904968322775,95.0,,,,,,,,,,,,,,0.4873291097032344,,,,,0.03177787363529205,6.327284063445404e-05
,imappo,,,,95.0,0.0,0.0,0.003163642031722702,0.0,0.0,0.0,0.0,0.003163642031722702,0.0,0.0,0.0,0.0,0.0,,,,,,,
-0.006613361649215221,imappo,9.611467532977258e-08,0.9042527079582214,0.000971190396798933,96.0,,,,,,,,,,,,,,0.48719573191063686,,,,,0.01756703481078148,6.48265122435987e-05
,imappo,,,,96.0,0.0,0.0,0.0032413257267762674,0.0,0.0,0.0,0.0,0.0032413257267762674,0.0,0.0,0.0,0.0,0.0,,,,,,,
0.0005337733891792595,imappo,2.1553327655965404e-07,0.9345211982727051,0.0009708902967655885,97.0,,,,,,,,,,,,,,0.48706235411803933,,,,,0.029513388872146606,6.662907253485173e-05
,imappo,,,,97.0,0.0,0.0,0.0033314539432467427,0.0,0.0,0.0,0.0,0.0033314539432467427,0.0,0.0,0.0,0.0,0.0,,,,,,,
-0.0014318509493023157,imappo,1.892868084496513e-07,0.9361052513122559,0.0009705901967322441,98.0,,,,,,,,,,,,,,0.4869289763254418,,,,,0.03479977697134018,7.300306606339291e-05
,imappo,,,,98.0,0.0,0.0,0.0036501534584090223,0.0,0.0,0.0,0.0,0.0036501534584090223,0.0,0.0,0.0,0.0,0.0,,,,,,,
-0.00555602740496397,imappo,1.5119147178666026e-07,0.9813917279243469,0.0009702900966988997,99.0,,,,,,,,,,,,,,0.48679559853284426,,,,,0.03546096384525299,7.088869460858405e-05
,imappo,,,,99.0,0.0,0.0,0.0035444348604869447,0.0,0.0,0.0,0.0,0.0035444348604869447,0.0,0.0,0.0,0.0,0.0,,,,,,,
,imappo,,,,99.0,,,,,,,,,,,,,,,0.0,0.0,0.0,0.0,,
-0.002501038834452629,imappo,1.3792632103104552e-07,1.010530948638916,0.0009699899966655552,100.0,,,,,,,,,,,,,,0.48666222074024673,,,,,0.032956548035144806,6.821271381340921e-05
,imappo,,,,100.0,0.0,0.0,0.0034106353832612513,0.0,0.0,0.0,0.0,0.0034106353832612513,0.0,0.0,0.0,0.0,0.0,,,,,,,
-0.006694285664707422,imappo,8.56028989915103e-08,1.0164867639541626,0.0009696898966322108,101.0,,,,,,,,,,,,,,0.4865288429476492,,,,,0.03641144931316376,7.875452138250694e-05
,imappo,,,,101.0,0.0,0.0,0.003937725943615078,0.0,0.0,0.0,0.0,0.003937725943615078,0.0,0.0,0.0,0.0,0.0,,,,,,,
-0.0038350592367351055,imappo,1.9596900813212415e-07,1.0225611925125122,0.0009693897965988663,102.0,,,,,,,,,,,,,,0.48639546515505167,,,,,0.02137245237827301,5.701542249880731e-05
,imappo,,,,102.0,0.0,0.0,0.0028507711958809523,0.0,0.0,0.0,0.0,0.0028507711958809523,0.0,0.0,0.0,0.0,0.0,,,,,,,
-0.00727336760610342,imappo,1.5990906376828207e-07,1.0346835851669312,0.0009690896965655219,103.0,,,,,,,,,,,,,,0.48626208736245413,,,,,0.03007303550839424,7.659087714273483e-05
,imappo,,,,103.0,0.0,0.0,0.0038295435697364155,0.0,0.0,0.0,0.0,0.0038295435697364155,0.0,0.0,0.0,0.0,0.0,,,,,,,
-0.0024372818879783154,imappo,2.219011889792455e-07,1.0087603330612183,0.0009687895965321775,104.0,,,,,,,,,,,,,,0.4861287095698566,,,,,0.028432946652173996,6.998726894380525e-05
,imappo,,,,104.0,0.0,0.0,0.0034993633671547286,0.0,0.0,0.0,0.0,0.0034993633671547286,0.0,0.0,0.0,0.0,0.0,,,,,,,
-0.004219520837068558,imappo,1.4408223591999558e-07,1.0342875719070435,0.0009684894964988329,105.0,,,,,,,,,,,,,,0.48599533177725907,,,,,0.032273367047309875,7.842137711122632e-05
,imappo,,,,105.0,0.0,0.0,0.003921068622730672,0.0,0.0,0.0,0.0,0.003921068622730672,0.0,0.0,0.0,0.0,0.0,,,,,,,
-0.004823257215321064,imappo,1.3900368855956913e-07,1.0649677515029907,0.0009681893964654885,106.0,,,,,,,,,,,,,,0.48586195398466153,,,,,0.028334708884358406,7.311809895327315e-05
,imappo,,,,106.0,0.0,0.0,0.0036559047584887594,0.0,0.0,0.0,0.0,0.0036559047584887594,0.0,0.0,0.0,0.0,0.0,,,,,,,
-0.002124967984855175,imappo,8.513110572039295e-08,1.0599429607391357,0.0009678892964321441,107.0,,,,,,,,,,,,,,0.485728576192064,,,,,0.03327152132987976,7.965567783685401e-05
,imappo,,,,107.0,0.0,0.0,0.003982783768151421,0.0,0.0,0.0,0.0,0.003982783768151421,0.0,0.0,0.0,0.0,0.0,,,,,,,
-0.0019681083504110575,imappo,2.6209022507828195e-07,1.061851143836975,0.0009675891963987996,108.0,,,,,,,,,,,,,,0.48559519839946647,,,,,0.03255610913038254,7.41169715183787e-05
,imappo,,,,108.0,0.0,0.0,0.0037058483248983975,0.0,0.0,0.0,0.0,0.0037058483248983975,0.0,0.0,0.0,0.0,0.0,,,,,,,
-4.7533889301121235e-05,imappo,1.2791332437700476e-07,1.0674775838851929,0.0009672890963654552,109.0,,,,,,,,,,,,,,0.48546182060686893,,,,,0.03243579715490341,7.868980901548639e-05
,imappo,,,,109.0,0.0,0.0,0.003934490217943676,0.0,0.0,0.0,0.0,0.003934490217943676,0.0,0.0,0.0,0.0,0.0,,,,,,,
-0.003727062838152051,imappo,1.4409194193376607e-07,1.069980263710022,0.0009669889963321107,110.0,,,,,,,,,,,,,,0.4853284428142714,,,,,0.029863592237234116,7.122086390154436e-05
,imappo,,,,110.0,0.0,0.0,0.003561043329682434,0.0,0.0,0.0,0.0,0.003561043329682434,0.0,0.0,0.0,0.0,0.0,,,,,,,
-0.004203369840979576,imappo,1.6178583450709993e-07,1.0338013172149658,0.0009666888962987663,111.0,,,,,,,,,,,,,,0.48519506502167387,,,,,0.03646311163902283,8.858115324983373e-05
,imappo,,,,111.0,0.0,0.0,0.004429057902598288,0.0,0.0,0.0,0.0,0.004429057902598288,0.0,0.0,0.0,0.0,0.0,,,,,,,
-8.136383257806301e-06,imappo,2.511275738470431e-07,1.005682110786438,0.0009663887962654219,112.0,,,,,,,,,,,,,,0.48506168722907633,,,,,0.027545779943466187,6.287906580837443e-05
,imappo,,,,112.0,0.0,0.0,0.0031439531539945165,0.0,0.0,0.0,0.0,0.0031439531539945165,0.0,0.0,0.0,0.0,0.0,,,,,,,
-0.00460815941914916,imappo,1.6012516823593614e-07,1.0159879922866821,0.0009660886962320773,113.0,,,,,,,,,,,,,,0.4849283094364788,,,,,0.026194117963314056,6.142233178252354e-05
,imappo,,,,113.0,0.0,0.0,0.003071116494538728,0.0,0.0,0.0,0.0,0.003071116494538728,0.0,0.0,0.0,0.0,0.0,,,,,,,
-0.0025481493212282658,imappo,3.4690490480215885e-08,1.095927119255066,0.0009657885961987329,114.0,,,,,,,,,,,,,,0.4847949316438813,,,,,0.029932506382465363,7.193323108367622e-05
,imappo,,,,114.0,0.0,0.0,0.0035966613577329554,0.0,0.0,0.0,0.0,0.0035966613577329554,0.0,0.0,0.0,0.0,0.0,,,,,,,
-0.006705135107040405,imappo,8.754584257530951e-08,1.090002417564392,0.0009654884961653885,115.0,,,,,,,,,,,,,,0.48466155385128373,,,,,0.028859639540314674,7.501545042032376e-05
,imappo,,,,115.0,0.0,0.0,0.0037507727029151283,0.0,0.0,0.0,0.0,0.0037507727029151283,0.0,0.0,0.0,0.0,0.0,,,,,,,
0.005399416666477919,imappo,2.1909076508563885e-07,1.170278549194336,0.000965188396132044,116.0,,,,,,,,,,,,,,0.48452817605868626,,,,,0.03385169804096222,7.815632852725685e-05
,imappo,,,,116.0,0.0,0.0,0.003907816451828694,0.0,0.0,0.0,0.0,0.003907816451828694,0.0,0.0,0.0,0.0,0.0,,,,,,,
-0.010104970075190067,imappo,2.9689286407119653e-07,1.1800693273544312,0.0009648882960986996,117.0,,,,,,,,,,,,,,0.4843947982660887,,,,,0.032080959528684616,8.010552119230852e-05
,imappo,,,,117.0,0.0,0.0,0.004005275946838083,0.0,0.0,0.0,0.0,0.004005275946838083,0.0,0.0,0.0,0.0,0.0,,,,,,,
-0.00847630575299263,imappo,4.5207096377453126e-07,1.1988310813903809,0.0009645881960653551,118.0,,,,,,,,,,,,,,0.4842614204734912,,,,,0.029673317447304726,6.881437730044127e-05
,imappo,,,,118.0,0.0,0.0,0.003440719061472919,0.0,0.0,0.0,0.0,0.003440719061472919,0.0,0.0,0.0,0.0,0.0,,,,,,,
0.0003208983689546585,imappo,3.0693780672663706e-07,1.2402199506759644,0.0009642880960320107,119.0,,,,,,,,,,,,,,0.48412804268089366,,,,,0.02938002161681652,7.272121729329228e-05
,imappo,,,,119.0,0.0,0.0,0.0036360607045935467,0.0,0.0,0.0,0.0,0.0036360607045935467,0.0,0.0,0.0,0.0,0.0,,,,,,,
-0.0026699109002947807,imappo,9.478664964035488e-08,1.283911943435669,0.0009639879959986663,120.0,,,,,,,,,,,,,,0.4839946648882961,,,,,0.030857399106025696,7.12977780494839e-05
,imappo,,,,120.0,0.0,0.0,0.0035648886478156783,0.0,0.0,0.0,0.0,0.0035648886478156783,0.0,0.0,0.0,0.0,0.0,,,,,,,
-0.006452595349401236,imappo,7.843696891995933e-08,1.1958643198013306,0.0009636878959653218,121.0,,,,,,,,,,,,,,0.4838612870956986,,,,,0.03566768765449524,8.567671466153115e-05
,imappo,,,,121.0,0.0,0.0,0.004283835645765066,0.0,0.0,0.0,0.0,0.004283835645765066,0.0,0.0,0.0,0.0,0.0,,,,,,,
-0.0031922911293804646,imappo,2.0383407672852627e-07,1.262557864189148,0.0009633877959319773,122.0,,,,,,,,,,,,,,0.48372790930310106,,,,,0.02762415260076523,7.15219575795345e-05
,imappo,,,,122.0,0.0,0.0,0.0035760979662882164,0.0,0.0,0.0,0.0,0.0035760979662882164,0.0,0.0,0.0,0.0,0.0,,,,,,,
-0.006293570157140493,imappo,1.2250914949163416e-07,1.2993991374969482,0.0009630876958986329,123.0,,,,,,,,,,,,,,0.4835945315105035,,,,,0.028993045911192894,7.595571514684707e-05
,imappo,,,,123.0,0.0,0.0,0.0037977856991346925,0.0,0.0,0.0,0.0,0.0037977856991346925,0.0,0.0,0.0,0.0,0.0,,,,,,,
-0.009285458363592625,imappo,1.4550005289493129e-07,1.3345333337783813,0.0009627875958652884,124.0,,,,,,,,,,,,,,0.483461153717906,,,,,0.03198704123497009,7.144758274080232e-05
,imappo,,,,124.0,0.0,0.0,0.0035723793116630986,0.0,0.0,0.0,0.0,0.0035723793116630986,0.0,0.0,0.0,0.0,0.0,,,,,,,
-0.0007175116916187108,imappo,2.651496231464989e-07,1.2852647304534912,0.000962487495831944,125.0,,,,,,,,,,,,,,0.48332777592530846,,,,,0.029107999056577682,6.140744517324492e-05
,imappo,,,,125.0,0.0,0.0,0.003070372564252466,0.0,0.0,0.0,0.0,0.003070372564252466,0.0,0.0,0.0,0.0,0.0,,,,,,,
-0.006903528701514006,imappo,1.2924616044074355e-07,1.3478584289550781,0.0009621873957985996,126.0,,,,,,,,,,,,,,0.4831943981327109,,,,,0.03692149370908737,8.784011151874438e-05
,imappo,,,,126.0,0.0,0.0,0.0043920053576584905,0.0,0.0,0.0,0.0,0.0043920053576584905,0.0,0.0,0.0,0.0,0.0,,,,,,,
-0.0031486009247601032,imappo,2.751483236806962e-07,1.2858796119689941,0.0009618872957652551,127.0,,,,,,,,,,,,,,0.4830610203401134,,,,,0.03142046183347702,6.712556933052838e-05
,imappo,,,,127.0,0.0,0.0,0.003356278612045571,0.0,0.0,0.0,0.0,0.003356278612045571,0.0,0.0,0.0,0.0,0.0,,,,,,,
-0.00403163768351078,imappo,1.9253916150319128e-07,1.302971363067627,0.0009615871957319107,128.0,,,,,,,,,,,,,,0.48292764254751586,,,,,0.032819461077451706,8.088403410511091e-05
,imappo,,,,128.0,0.0,0.0,0.004044201607939613,0.0,0.0,0.0,0.0,0.004044201607939613,0.0,0.0,0.0,0.0,0.0,,,,,,,
-3.151688724756241e-05,imappo,1.146697101717109e-07,1.293296456336975,0.0009612870956985662,129.0,,,,,,,,,,,,,,0.4827942647549183,,,,,0.030682967975735664,8.035786595428362e-05
,imappo,,,,129.0,0.0,0.0,0.004017893177660881,0.0,0.0,0.0,0.0,0.004017893177660881,0.0,0.0,0.0,0.0,0.0,,,,,,,
-0.011084562167525291,imappo,6.652314965549522e-08,1.296209692955017,0.0009609869956652218,130.0,,,,,,,,,,,,,,0.4826608869623208,,,,,0.03426919877529144,8.901894761947915e-05
,imappo,,,,130.0,0.0,0.0,0.004450947235454805,0.0,0.0,0.0,0.0,0.004450947235454805,0.0,0.0,0.0,0.0,0.0,,,,,,,
0.00014077709056437016,imappo,1.6981277894956293e-07,1.351529836654663,0.0009606868956318773,131.0,,,,,,,,,,,,,,0.48252750916972326,,,,,0.030337857082486153,7.027768151601776e-05
,imappo,,,,131.0,0.0,0.0,0.003513883850246202,0.0,0.0,0.0,0.0,0.003513883850246202,0.0,0.0,0.0,0.0,0.0,,,,,,,
-0.005858586635440588,imappo,2.90490675070032e-07,1.1932446956634521,0.0009603867955985328,132.0,,,,,,,,,,,,,,0.4823941313771257,,,,,0.03286077827215195,7.962338713696226e-05
,imappo,,,,132.0,0.0,0.0,0.003981169415055774,0.0,0.0,0.0,0.0,0.003981169415055774,0.0,0.0,0.0,0.0,0.0,,,,,,,
-0.009088520891964436,imappo,1.9752729940591962e-07,1.3679653406143188,0.0009600866955651884,133.0,,,,,,,,,,,,,,0.4822607535845282,,,,,0.030448876321315765,7.143412949517369e-05
,imappo,,,,133.0,0.0,0.0,0.0035717063401534688,0.0,0.0,0.0,0.0,0.0035717063401534688,0.0,0.0,0.0,0.0,0.0,,,,,,,
-0.002197264228016138,imappo,2.7409757308305416e-07,1.3498471975326538,0.000959786595531844,134.0,,,,,,,,,,,,,,0.48212737579193066,,,,,0.03373907506465912,7.691890641581267e-05
,imappo,,,,134.0,0.0,0.0,0.0038459450588561594,0.0,0.0,0.0,0.0,0.0038459450588561594,0.0,0.0,0.0,0.0,0.0,,,,,,,
-0.008339786902070045,imappo,3.9634127801946306e-07,1.3601187467575073,0.0009594864954984995,135.0,,,,,,,,,,,,,,0.4819939979993331,,,,,0.032582443207502365,8.307964890263975e-05
,imappo,,,,135.0,0.0,0.0,0.004153982750722207,0.0,0.0,0.0,0.0,0.004153982750722207,0.0,0.0,0.0,0.0,0.0,,,,,,,
-0.0022812120150774717,imappo,7.208683996395848e-07,1.342339038848877,0.0009591863954651551,136.0,,,,,,,,,,,,,,0.4818606202067356,,,,,0.030916137620806694,8.425409760093316e-05
,imappo,,,,136.0,0.0,0.0,0.004212705003737938,0.0,0.0,0.0,0.0,0.004212705003737938,0.0,0.0,0.0,0.0,0.0,,,,,,,
-0.007107249926775694,imappo,9.158429747913033e-07,1.342508316040039,0.0009588862954318107,137.0,,,,,,,,,,,,,,0.48172724241413806,,,,,0.02728193812072277,7.416857988573611e-05
,imappo,,,,137.0,0.0,0.0,0.003708428943355102,0.0,0.0,0.0,0.0,0.003708428943355102,0.0,0.0,0.0,0.0,0.0,,,,,,,
-0.009272005409002304,imappo,2.05910146178212e-06,1.3065599203109741,0.0009585861953984662,138.0,,,,,,,,,,,,,,0.4815938646215405,,,,,0.026946328580379486,6.974591815378517e-05
,imappo,,,,138.0,0.0,0.0,0.0034872959586209618,0.0,0.0,0.0,0.0,0.0034872959586209618,0.0,0.0,0.0,0.0,0.0,,,,,,,
-0.0021726395934820175,imappo,9.912697578329244e-07,1.2881801128387451,0.0009582860953651218,139.0,,,,,,,,,,,,,,0.481460486828943,,,,,0.03155849501490593,6.667453999398276e-05
,imappo,,,,139.0,0.0,0.0,0.003333727261633612,0.0,0.0,0.0,0.0,0.003333727261633612,0.0,0.0,0.0,0.0,0.0,,,,,,,
-0.007783026434481144,imappo,5.44301371974143e-07,1.275992512702942,0.0009579859953317772,140.0,,,,,,,,,,,,,,0.48132710903634546,,,,,0.030280210077762604,6.728151493007317e-05
,imappo,,,,140.0,0.0,0.0,0.003364075641002273,0.0,0.0,0.0,0.0,0.003364075641002273,0.0,0.0,0.0,0.0,0.0,,,,,,,
-0.007202219218015671,imappo,2.830864787028986e-07,1.3238039016723633,0.0009576858952984328,141.0,,,,,,,,,,,,,,0.4811937312437479,,,,,0.02978183887898922,5.312414941727184e-05
,imappo,,,,141.0,0.0,0.0,0.002656207769177854,0.0,0.0,0.0,0.0,0.002656207769177854,0.0,0.0,0.0,0.0,0.0,,,,,,,
-0.008691910654306412,imappo,1.0550579787604875e-07,1.365135669708252,0.0009573857952650884,142.0,,,,,,,,,,,,,,0.4810603534511504,,,,,0.03035510703921318,5.479959145304747e-05
,imappo,,,,142.0,0.0,0.0,0.002739979814577964,0.0,0.0,0.0,0.0,0.002739979814577964,0.0,0.0,0.0,0.0,0.0,,,,,,,
0.002563430927693844,imappo,1.2370276358808496e-08,1.4331443309783936,0.0009570856952317439,143.0,,,,,,,,,,,,,,0.48092697565855286,,,,,0.03467286005616188,5.964708179817535e-05
,imappo,,,,143.0,0.0,0.0,0.00298235408263281,0.0,0.0,0.0,0.0,0.00298235408263281,0.0,0.0,0.0,0.0,0.0,,,,,,,
-0.006523324176669121,imappo,6.638925853508226e-09,1.4895434379577637,0.0009567855951983995,144.0,,,,,,,,,,,,,,0.4807935978659553,,,,,0.03280483931303024,7.203917630249634e-05
,imappo,,,,144.0,0.0,0.0,0.0036019588442286476,0.0,0.0,0.0,0.0,0.0036019588442286476,0.0,0.0,0.0,0.0,0.0,,,,,,,
-0.004464292898774147,imappo,5.357444265996492e-09,1.379217505455017,0.000956485495165055,145.0,,,,,,,,,,,,,,0.4806602200733578,,,,,0.029683470726013184,7.54852153477259e-05
,imappo,,,,145.0,0.0,0.0,0.0037742610493296525,0.0,0.0,0.0,0.0,0.0037742610493296525,0.0,0.0,0.0,0.0,0.0,,,,,,,
-0.00294342078268528,imappo,1.163753982069693e-08,1.3690105676651,0.0009561853951317106,146.0,,,,,,,,,,,,,,0.48052684228076026,,,,,0.03246646001935005,7.723475573584437e-05
,imappo,,,,146.0,0.0,0.0,0.0038617377213086,0.0,0.0,0.0,0.0,0.0038617377213086,0.0,0.0,0.0,0.0,0.0,,,,,,,
-0.0026404736563563347,imappo,8.612700774790483e-09,1.316939353942871,0.0009558852950983662,147.0,,,,,,,,,,,,,,0.4803934644881627,,,,,0.027397364377975464,7.3025788879022e-05
,imappo,,,,147.0,0.0,0.0,0.003651289312983863,0.0,0.0,0.0,0.0,0.003651289312983863,0.0,0.0,0.0,0.0,0.0,,,,,,,
-0.007540570572018623,imappo,4.5384003222181946e-09,1.2986280918121338,0.0009555851950650217,148.0,,,,,,,,,,,,,,0.4802600866955652,,,,,0.032618943601846695,7.56350127630867e-05
,imappo,,,,148.0,0.0,0.0,0.00378175068544806,0.0,0.0,0.0,0.0,0.00378175068544806,0.0,0.0,0.0,0.0,0.0,,,,,,,
-0.002992372727021575,imappo,1.1627355078758228e-08,1.2629196643829346,0.0009552850950316772,149.0,,,,,,,,,,,,,,0.48012670890296766,,,,,0.02582070603966713,7.096985063981265e-05
,imappo,,,,149.0,0.0,0.0,0.0035484922445903067,0.0,0.0,0.0,0.0,0.0035484922445903067,0.0,0.0,0.0,0.0,0.0,,,,,,,
-0.009879926219582558,imappo,2.9732327710974005e-09,1.324863314628601,0.0009549849949983328,150.0,,,,,,,,,,,,,,0.4799933311103701,,,,,0.031165335327386856,7.153705519158393e-05
,imappo,,,,150.0,0.0,0.0,0.0035768526868196204,0.0,0.0,0.0,0.0,0.0035768526868196204,0.0,0.0,0.0,0.0,0.0,,,,,,,
-0.004185469355434179,imappo,2.7705981953118908e-09,1.2223142385482788,0.0009546848949649883,151.0,,,,,,,,,,,,,,0.4798599533177726,,,,,0.023888446390628815,6.752736226189882e-05
,imappo,,,,151.0,0.0,0.0,0.003376368109456962,0.0,0.0,0.0,0.0,0.003376368109456962,0.0,0.0,0.0,0.0,0.0,,,,,,,
-0.0019870693795382977,imappo,7.528776713172647e-09,1.213372826576233,0.0009543847949316439,152.0,,,,,,,,,,,,,,0.47972657552517506,,,,,0.03038915991783142,7.182536501204595e-05
,imappo,,,,152.0,0.0,0.0,0.0035912679340981413,0.0,0.0,0.0,0.0,0.0035912679340981413,0.0,0.0,0.0,0.0,0.0,,,,,,,
-0.004309335723519325,imappo,4.359043348500791e-09,1.204098105430603,0.0009540846948982995,153.0,,,,,,,,,,,,,,0.4795931977325775,,,,,0.029030725359916687,6.493155524367467e-05
,imappo,,,,153.0,0.0,0.0,0.0032465778167534154,0.0,0.0,0.0,0.0,0.0032465778167534154,0.0,0.0,0.0,0.0,0.0,,,,,,,
-9.602704085409641e-05,imappo,1.65504143723183e-08,1.1870027780532837,0.000953784594864955,154.0,,,,,,,,,,,,,,0.47945981993998,,,,,0.03046131134033203,7.501593790948391e-05
,imappo,,,,154.0,0.0,0.0,0.0037507970664591994,0.0,0.0,0.0,0.0,0.0037507970664591994,0.0,0.0,0.0,0.0,0.0,,,,,,,
-0.0051789614371955395,imappo,9.133287903750897e-09,1.160352110862732,0.0009534844948316106,155.0,,,,,,,,,,,,,,0.47932644214738246,,,,,0.0318327322602272,7.012120477156714e-05
,imappo,,,,155.0,0.0,0.0,0.003506060293148039,0.0,0.0,0.0,0.0,0.003506060293148039,0.0,0.0,0.0,0.0,0.0,,,,,,,
-0.006781496573239565,imappo,7.259255863090175e-09,1.1312754154205322,0.0009531843947982661,156.0,,,,,,,,,,,,,,0.4791930643547849,,,,,0.030922461301088333,7.011337584117427e-05
,imappo,,,,156.0,0.0,0.0,0.0035056688138865866,0.0,0.0,0.0,0.0,0.0035056688138865866,0.0,0.0,0.0,0.0,0.0,,,,,,,
-0.00430590333417058,imappo,4.645433371308627e-09,1.205370306968689,0.0009528842947649217,157.0,,,,,,,,,,,,,,0.4790596865621874,,,,,0.03326934576034546,8.114697266137227e-05
,imappo,,,,157.0,0.0,0.0,0.004057348640344571,0.0,0.0,0.0,0.0,0.004057348640344571,0.0,0.0,0.0,0.0,0.0,,,,,,,
-0.003151699434965849,imappo,6.354583081957799e-09,1.1552371978759766,0.0009525841947315772,158.0,,,,,,,,,,,,,,0.47892630876958986,,,,,0.028496533632278442,6.783251592423767e-05
,imappo,,,,158.0,0.0,0.0,0.003391625996300718,0.0,0.0,0.0,0.0,0.003391625996300718,0.0,0.0,0.0,0.0,0.0,,,,,,,
-0.005743186920881271,imappo,5.529360080913648e-09,1.1744333505630493,0.0009522840946982327,159.0,,,,,,,,,,,,,,0.4787929309769923,,,,,0.030830569565296173,7.096291665220633e-05
,imappo,,,,159.0,0.0,0.0,0.0035481459890434053,0.0,0.0,0.0,0.0,0.0035481459890434053,0.0,0.0,0.0,0.0,0.0,,,,,,,
0.0012597744353115559,imappo,7.97375321326399e-09,1.2179253101348877,0.0009519839946648883,160.0,,,,,,,,,,,,,,0.4786595531843948,,,,,0.032031260430812836,7.679974805796519e-05
,imappo,,,,160.0,0.0,0.0,0.003839987413812196,0.0,0.0,0.0,0.0,0.003839987413812196,0.0,0.0,0.0,0.0,0.0,,,,,,,
-0.0027301025111228228,imappo,8.40579694738608e-09,1.162572979927063,0.0009516838946315439,161.0,,,,,,,,,,,,,,0.47852617539179726,,,,,0.03225035220384598,7.875903247622773e-05
,imappo,,,,161.0,0.0,0.0,0.003937951678381069,0.0,0.0,0.0,0.0,0.003937951678381069,0.0,0.0,0.0,0.0,0.0,,,,,,,
-0.002756226807832718,imappo,2.937852094930804e-08,1.207901120185852,0.0009513837945981994,162.0,,,,,,,,,,,,,,0.4783927975991997,,,,,0.02578103542327881,6.0622929595410824e-05
,imappo,,,,162.0,0.0,0.0,0.003031146659850492,0.0,0.0,0.0,0.0,0.003031146659850492,0.0,0.0,0.0,0.0,0.0,,,,,,,
-0.00859437882900238,imappo,1.0416048468187e-08,1.1918889284133911,0.000951083694564855,163.0,,,,,,,,,,,,,,0.4782594198066022,,,,,0.03327590599656105,7.783094770275056e-05
,imappo,,,,163.0,0.0,0.0,0.003891547316015931,0.0,0.0,0.0,0.0,0.003891547316015931,0.0,0.0,0.0,0.0,0.0,,,,,,,
-0.008075280115008354,imappo,5.150367243800247e-09,1.2106431722640991,0.0009507835945315106,164.0,,,,,,,,,,,,,,0.47812604201400466,,,,,0.03214965760707855,7.142777758417651e-05
,imappo,,,,164.0,0.0,0.0,0.0035713889865292003,0.0,0.0,0.0,0.0,0.0035713889865292003,0.0,0.0,0.0,0.0,0.0,,,,,,,
-0.0076128332875669,imappo,6.135560948195007e-09,1.2446829080581665,0.0009504834944981661,165.0,,,,,,,,,,,,,,0.4779926642214071,,,,,0.030275754630565643,7.075020403135568e-05
,imappo,,,,165.0,0.0,0.0,0.0035375100196688436,0.0,0.0,0.0,0.0,0.0035375100196688436,0.0,0.0,0.0,0.0,0.0,,,,,,,
-0.005309103988111019,imappo,1.2127578941090178e-08,1.2124319076538086,0.0009501833944648217,166.0,,,,,,,,,,,,,,0.4778592864288096,,,,,0.031417667865753174,7.661554263904691e-05
,imappo,,,,166.0,0.0,0.0,0.0038307771064864937,0.0,0.0,0.0,0.0,0.0038307771064864937,0.0,0.0,0.0,0.0,0.0,,,,,,,
-0.004444730933755636,imappo,1.0723639753962289e-08,1.2663064002990723,0.0009498832944314771,167.0,,,,,,,,,,,,,,0.47772590863621206,,,,,0.03326810896396637,8.145590254571289e-05
,imappo,,,,167.0,0.0,0.0,0.004072795440151822,0.0,0.0,0.0,0.0,0.004072795440151822,0.0,0.0,0.0,0.0,0.0,,,,,,,
-0.0035961628891527653,imappo,1.4844479423459234e-08,1.2482398748397827,0.0009495831943981327,168.0,,,,,,,,,,,,,,0.4775925308436145,,,,,0.030222637578845024,7.506505789933726e-05
,imappo,,,,168.0,0.0,0.0,0.003753252916794736,0.0,0.0,0.0,0.0,0.003753252916794736,0.0,0.0,0.0,0.0,0.0,,,,,,,
-0.0038912498857825994,imappo,2.8589624889718834e-08,1.2607916593551636,0.0009492830943647883,169.0,,,,,,,,,,,,,,0.477459153051017,,,,,0.02455991320312023,5.8771696785697713e-05
,imappo,,,,169.0,0.0,0.0,0.002938585097581381,0.0,0.0,0.0,0.0,0.002938585097581381,0.0,0.0,0.0,0.0,0.0,,,,,,,
-0.006645319052040577,imappo,2.46727633879118e-08,1.275744080543518,0.0009489829943314438,170.0,,,,,,,,,,,,,,0.47732577525841946,,,,,0.030692249536514282,7.822740008123219e-05
,imappo,,,,170.0,0.0,0.0,0.003911369840352563,0.0,0.0,0.0,0.0,0.003911369840352563,0.0,0.0,0.0,0.0,0.0,,,,,,,
-0.0018070812802761793,imappo,7.0533299201258615e-09,1.248777151107788,0.0009486828942980994,171.0,,,,,,,,,,,,,,0.4771923974658219,,,,,0.031088586896657944,7.212166383396834e-05
,imappo,,,,171.0,0.0,0.0,0.0036060829988855403,0.0,0.0,0.0,0.0,0.0036060829988855403,0.0,0.0,0.0,0.0,0.0,,,,,,,
-0.003006354905664921,imappo,7.291957260235904e-09,1.2681849002838135,0.000948382794264755,172.0,,,,,,,,,,,,,,0.4770590196732244,,,,,0.02841881290078163,6.678122736047953e-05
,imappo,,,,172.0,0.0,0.0,0.0033390612770745065,0.0,0.0,0.0,0.0,0.0033390612770745065,0.0,0.0,0.0,0.0,0.0,,,,,,,
-0.0028400630690157413,imappo,4.5854107177945025e-09,1.2676610946655273,0.0009480826942314105,173.0,,,,,,,,,,,,,,0.47692564188062686,,,,,0.030074477195739746,7.187676965259016e-05
,imappo,,,,173.0,0.0,0.0,0.00359383829345461,0.0,0.0,0.0,0.0,0.00359383829345461,0.0,0.0,0.0,0.0,0.0,,,,,,,
-0.006413974333554506,imappo,4.2439647351955045e-09,1.263097882270813,0.0009477825941980661,174.0,,,,,,,,,,,,,,0.4767922640880293,,,,,0.029433440417051315,7.038170588202775e-05
,imappo,,,,174.0,0.0,0.0,0.003519085465086391,0.0,0.0,0.0,0.0,0.003519085465086391,0.0,0.0,0.0,0.0,0.0,,,,,,,
-0.006929056718945503,imappo,9.714277382499859e-09,1.2890316247940063,0.0009474824941647215,175.0,,,,,,,,,,,,,,0.4766588862954318,,,,,0.03302059322595596,8.128896297421306e-05
,imappo,,,,175.0,0.0,0.0,0.0040644478795002215,0.0,0.0,0.0,0.0,0.0040644478795002215,0.0,0.0,0.0,0.0,0.0,,,,,,,
0.00133043946698308,imappo,1.2699667983895324e-08,1.2720153331756592,0.0009471823941313771,176.0,,,,,,,,,,,,,,0.47652550850283426,,,,,0.032771483063697815,7.292522059287876e-05
,imappo,,,,176.0,0.0,0.0,0.003646261215180857,0.0,0.0,0.0,0.0,0.003646261215180857,0.0,0.0,0.0,0.0,0.0,,,,,,,
-0.0038716811686754227,imappo,3.793708902577464e-09,1.286551594734192,0.0009468822940980327,177.0,,,,,,,,,,,,,,0.4763921307102367,,,,,0.031190136447548866,7.329489017138258e-05
,imappo,,,,177.0,0.0,0.0,0.0036647444358095527,0.0,0.0,0.0,0.0,0.0036647444358095527,0.0,0.0,0.0,0.0,0.0,,,,,,,
-0.005927878897637129,imappo,8.131523898669002e-09,1.3408750295639038,0.0009465821940646882,178.0,,,,,,,,,,,,,,0.4762587529176392,,,,,0.035767026245594025,7.711833313805982e-05
,imappo,,,,178.0,0.0,0.0,0.003855916922475444,0.0,0.0,0.0,0.0,0.003855916922475444,0.0,0.0,0.0,0.0,0.0,,,,,,,
-0.00623740628361702,imappo,1.2163927642916406e-08,1.324786901473999,0.0009462820940313438,179.0,,,,,,,,,,,,,,0.47612537512504166,,,,,0.03255961090326309,7.826968067092821e-05
,imappo,,,,179.0,0.0,0.0,0.003913483818905661,0.0,0.0,0.0,0.0,0.003913483818905661,0.0,0.0,0.0,0.0,0.0,,,,,,,
-0.004528242629021406,imappo,7.95485632920645e-09,1.2362782955169678,0.0009459819939979994,180.0,,,,,,,,,,,,,,0.47599199733244413,,,,,0.030994348227977753,7.259357516886666e-05
,imappo,,,,180.0,0.0,0.0,0.003629679064033553,0.0,0.0,0.0,0.0,0.003629679064033553,0.0,0.0,0.0,0.0,0.0,,,,,,,
-0.00941153522580862,imappo,6.4231824303817575e-09,1.1642639636993408,0.0009456818939646549,181.0,,,,,,,,,,,,,,0.4758586195398466,,,,,0.030096208676695824,6.987984670558944e-05
,imappo,,,,181.0,0.0,0.0,0.003493992298899684,0.0,0.0,0.0,0.0,0.003493992298899684,0.0,0.0,0.0,0.0,0.0,,,,,,,
0.0006070121889933944,imappo,4.577055623400383e-09,1.1774364709854126,0.0009453817939313105,182.0,,,,,,,,,,,,,,0.47572524174724906,,,,,0.030677147209644318,7.178976375143975e-05
,imappo,,,,182.0,0.0,0.0,0.0035894881657441147,0.0,0.0,0.0,0.0,0.0035894881657441147,0.0,0.0,0.0,0.0,0.0,,,,,,,
-0.0156535804271698,imappo,1.5646651974066117e-08,1.2007567882537842,0.000945081693897966,183.0,,,,,,,,,,,,,,0.47559186395465153,,,,,0.02956927940249443,6.754107016604394e-05
,imappo,,,,183.0,0.0,0.0,0.0033770535483199637,0.0,0.0,0.0,0.0,0.0033770535483199637,0.0,0.0,0.0,0.0,0.0,,,,,,,
-0.0036580627784132957,imappo,1.818111350360141e-08,1.1497514247894287,0.0009447815938646215,184.0,,,,,,,,,,,,,,0.475458486162054,,,,,0.03002706915140152,7.11414177203551e-05
,imappo,,,,184.0,0.0,0.0,0.003557071089744568,0.0,0.0,0.0,0.0,0.003557071089744568,0.0,0.0,0.0,0.0,0.0,,,,,,,
-0.0074801575392484665,imappo,4.742060077944643e-09,1.1399824619293213,0.0009444814938312771,185.0,,,,,,,,,,,,,,0.47532510836945646,,,,,0.030608918517827988,7.908746920293197e-05
,imappo,,,,185.0,0.0,0.0,0.003954373358283192,0.0,0.0,0.0,0.0,0.003954373358283192,0.0,0.0,0.0,0.0,0.0,,,,,,,
-0.006267428398132324,imappo,1.783099357055562e-08,1.108441710472107,0.0009441813937979326,186.0,,,,,,,,,,,,,,0.47519173057685893,,,,,0.026871496811509132,6.457219569711015e-05
,imappo,,,,186.0,0.0,0.0,0.0032286098139593378,0.0,0.0,0.0,0.0,0.0032286098139593378,0.0,0.0,0.0,0.0,0.0,,,,,,,
-0.005022045224905014,imappo,2.508490082320236e-09,1.0972771644592285,0.0009438812937645882,187.0,,,,,,,,,,,,,,0.4750583527842614,,,,,0.02923457697033882,6.713885522913188e-05
,imappo,,,,187.0,0.0,0.0,0.0033569429178896826,0.0,0.0,0.0,0.0,0.0033569429178896826,0.0,0.0,0.0,0.0,0.0,,,,,,,
0.0005556161049753428,imappo,1.0683700146785213e-08,1.121432900428772,0.0009435811937312438,188.0,,,,,,,,,,,,,,0.47492497499166386,,,,,0.031166478991508484,7.287215703399852e-05
,imappo,,,,188.0,0.0,0.0,0.003643607946287375,0.0,0.0,0.0,0.0,0.003643607946287375,0.0,0.0,0.0,0.0,0.0,,,,,,,
-0.004353144206106663,imappo,3.826615024848934e-09,1.11555016040802,0.0009432810936978993,189.0,,,,,,,,,,,,,,0.4747915971990664,,,,,0.03270389884710312,8.116126991808414e-05
,imappo,,,,189.0,0.0,0.0,0.004058063437696546,0.0,0.0,0.0,0.0,0.004058063437696546,0.0,0.0,0.0,0.0,0.0,,,,,,,
-0.006183868274092674,imappo,8.137189588808269e-09,1.0906871557235718,0.0009429809936645549,190.0,,,,,,,,,,,,,,0.4746582194064688,,,,,0.033104319125413895,7.671569619560614e-05
,imappo,,,,190.0,0.0,0.0,0.0038357848643499892,0.0,0.0,0.0,0.0,0.0038357848643499892,0.0,0.0,0.0,0.0,0.0,,,,,,,
-0.004612149205058813,imappo,5.1907109721582856e-09,1.0907012224197388,0.0009426808936312105,191.0,,,,,,,,,,,,,,0.4745248416138713,,,,,0.028702568262815475,6.679576472379267e-05
,imappo,,,,191.0,0.0,0.0,0.0033397881488781422,0.0,0.0,0.0,0.0,0.0033397881488781422,0.0,0.0,0.0,0.0,0.0,,,,,,,
-0.0023438530042767525,imappo,6.7810161930026425e-09,1.057030439376831,0.000942380793597866,192.0,,,,,,,,,,,,,,0.47439146382127373,,,,,0.028754353523254395,6.796370871597901e-05
,imappo,,,,192.0,0.0,0.0,0.003398185470359749,0.0,0.0,0.0,0.0,0.003398185470359749,0.0,0.0,0.0,0.0,0.0,,,,,,,
-0.003018287243321538,imappo,1.2788454739620647e-08,1.0657411813735962,0.0009420806935645215,193.0,,,,,,,,,,,,,,0.47425808602867625,,,,,0.027516167610883713,7.5971482146997e-05
,imappo,,,,193.0,0.0,0.0,0.0037985741037118714,0.0,0.0,0.0,0.0,0.0037985741037118714,0.0,0.0,0.0,0.0,0.0,,,,,,,
-0.002568893600255251,imappo,4.183266177903988e-09,1.046236515045166,0.000941780593531177,194.0,,,,,,,,,,,,,,0.47412470823607866,,,,,0.02891293168067932,6.208197009982541e-05
,imappo,,,,194.0,0.0,0.0,0.0031040985086292494,0.0,0.0,0.0,0.0,0.0031040985086292494,0.0,0.0,0.0,0.0,0.0,,,,,,,
-0.0068232398480176926,imappo,1.2837520380060141e-08,1.0862957239151,0.0009414804934978326,195.0,,,,,,,,,,,,,,0.4739913304434812,,,,,0.029784392565488815,7.403951167361811e-05
,imappo,,,,195.0,0.0,0.0,0.0037019753326603677,0.0,0.0,0.0,0.0,0.0037019753326603677,0.0,0.0,0.0,0.0,0.0,,,,,,,
-0.0002735374146141112,imappo,7.249866929015525e-09,1.019797444343567,0.0009411803934644882,196.0,,,,,,,,,,,,,,0.47385795265088365,,,,,0.03269100934267044,7.666713645448908e-05
,imappo,,,,196.0,0.0,0.0,0.0038333565535140224,0.0,0.0,0.0,0.0,0.0038333565535140224,0.0,0.0,0.0,0.0,0.0,,,,,,,
-0.0034570826683193445,imappo,1.2021059703215542e-08,1.042828917503357,0.0009408802934311437,197.0,,,,,,,,,,,,,,0.4737245748582861,,,,,0.03197269141674042,7.066367834340781e-05
,imappo,,,,197.0,0.0,0.0,0.0035331836879777256,0.0,0.0,0.0,0.0,0.0035331836879777256,0.0,0.0,0.0,0.0,0.0,,,,,,,
-0.006201336160302162,imappo,1.336804800189384e-08,1.044064998626709,0.0009405801933977993,198.0,,,,,,,,,,,,,,0.4735911970656886,,,,,0.03352701663970947,7.973550236783922e-05
,imappo,,,,198.0,0.0,0.0,0.003986775176599622,0.0,0.0,0.0,0.0,0.003986775176599622,0.0,0.0,0.0,0.0,0.0,,,,,,,
-0.008898762054741383,imappo,4.89442575357657e-09,1.006974697113037,0.0009402800933644549,199.0,,,,,,,,,,,,,,0.47345781927309105,,,,,0.028270898386836052,6.402605504263192e-05
,imappo,,,,199.0,0.0,0.0,0.003201302512024995,0.0,0.0,0.0,0.0,0.003201302512024995,0.0,0.0,0.0,0.0,0.0,,,,,,,
,imappo,,,,199.0,,,,,,,,,,,,,,,0.0,0.0,0.0,0.0,,
-0.0022077346220612526,imappo,8.785646876674491e-09,1.004746913909912,0.0009399799933311104,200.0,,,,,,,,,,,,,,0.4733244414804935,,,,,0.031979210674762726,7.815587014192715e-05
,imappo,,,,200.0,0.0,0.0,0.003907793769030832,0.0,0.0,0.0,0.0,0.003907793769030832,0.0,0.0,0.0,0.0,0.0,,,,,,,
-0.0019964438397437334,imappo,7.603665252986502e-09,0.9792409539222717,0.000939679893297766,201.0,,,,,,,,,,,,,,0.473191063687896,,,,,0.035698458552360535,8.108586189337075e-05
,imappo,,,,201.0,0.0,0.0,0.004054293021908961,0.0,0.0,0.0,0.0,0.004054293021908961,0.0,0.0,0.0,0.0,0.0,,,,,,,
-0.004847165197134018,imappo,1.6083845366665628e-08,1.006995439529419,0.0009393797932644216,202.0,,,,,,,,,,,,,,0.47305768589529845,,,,,0.030957549810409546,6.952178955543786e-05
,imappo,,,,202.0,0.0,0.0,0.0034760895978251938,0.0,0.0,0.0,0.0,0.0034760895978251938,0.0,0.0,0.0,0.0,0.0,,,,,,,
-0.007285947445780039,imappo,5.74580516499168e-09,0.9799466133117676,0.000939079693231077,203.0,,,,,,,,,,,,,,0.4729243081027009,,,,,0.027431173250079155,6.222420051926747e-05
,imappo,,,,203.0,0.0,0.0,0.003111209920461988,0.0,0.0,0.0,0.0,0.003111209920461988,0.0,0.0,0.0,0.0,0.0,,,,,,,
-0.005012724548578262,imappo,6.356986936850717e-09,0.9955366849899292,0.0009387795931977326,204.0,,,,,,,,,,,,,,0.4727909303101034,,,,,0.027705449610948563,6.615768506890163e-05
,imappo,,,,204.0,0.0,0.0,0.0033078840606322046,0.0,0.0,0.0,0.0,0.0033078840606322046,0.0,0.0,0.0,0.0,0.0,,,,,,,
-0.004876449704170227,imappo,4.2371657293927e-09,0.9739423394203186,0.0009384794931643881,205.0,,,,,,,,,,,,,,0.47265755251750585,,,,,0.02892482839524746,6.764064892195165e-05
,imappo,,,,205.0,0.0,0.0,0.0033820322350948118,0.0,0.0,0.0,0.0,0.0033820322350948118,0.0,0.0,0.0,0.0,0.0,,,,,,,
-0.004799215588718653,imappo,8.604038370663147e-09,0.9542534351348877,0.0009381793931310437,206.0,,,,,,,,,,,,,,0.4725241747249083,,,,,0.03315730392932892,7.968684076331556e-05
,imappo,,,,206.0,0.0,0.0,0.003984341779869283,0.0,0.0,0.0,0.0,0.003984341779869283,0.0,0.0,0.0,0.0,0.0,,,,,,,
-0.005754755809903145,imappo,2.2199531102273795e-09,0.9348675608634949,0.0009378792930976993,207.0,,,,,,,,,,,,,,0.4723907969323108,,,,,0.03214482218027115,7.577538053737953e-05
,imappo,,,,207.0,0.0,0.0,0.003788768961385358,0.0,0.0,0.0,0.0,0.003788768961385358,0.0,0.0,0.0,0.0,0.0,,,,,,,
-0.004456047900021076,imappo,2.683966826566575e-09,0.9028367400169373,0.0009375791930643548,208.0,,,,,,,,,,,,,,0.47225741913971325,,,,,0.0330536887049675,7.522464147768915e-05
,imappo,,,,208.0,0.0,0.0,0.003761232208489673,0.0,0.0,0.0,0.0,0.003761232208489673,0.0,0.0,0.0,0.0,0.0,,,,,,,
-0.0024144346825778484,imappo,8.309036125808689e-09,0.8928256034851074,0.0009372790930310104,209.0,,,,,,,,,,,,,,0.4721240413471157,,,,,0.026691041886806488,6.083425250835717e-05
,imappo,,,,209.0,0.0,0.0,0.003041712483536685,0.0,0.0,0.0,0.0,0.003041712483536685,0.0,0.0,0.0,0.0,0.0,,,,,,,
-0.0021769865415990353,imappo,1.6642037081737726e-08,0.8889166116714478,0.000936978992997666,210.0,,,,,,,,,,,,,,0.4719906635545182,,,,,0.03245440870523453,7.72766798036173e-05
,imappo,,,,210.0,0.0,0.0,0.0038638341102341656,0.0,0.0,0.0,0.0,0.0038638341102341656,0.0,0.0,0.0,0.0,0.0,,,,,,,
-0.005892180372029543,imappo,2.1717116993613672e-08,0.8698845505714417,0.0009366788929643214,211.0,,,,,,,,,,,,,,0.47185728576192065,,,,,0.03166141360998154,7.870195258874446e-05
,imappo,,,,211.0,0.0,0.0,0.003935097738576587,0.0,0.0,0.0,0.0,0.003935097738576587,0.0,0.0,0.0,0.0,0.0,,,,,,,
-0.0035256310366094112,imappo,5.352979393080659e-09,0.8729367256164551,0.000936378792930977,212.0,,,,,,,,,,,,,,0.4717239079693231,,,,,0.030484862625598907,7.0801361289341e-05
,imappo,,,,212.0,0.0,0.0,0.0035400681299506687,0.0,0.0,0.0,0.0,0.0035400681299506687,0.0,0.0,0.0,0.0,0.0,,,,,,,
-0.0035518724471330643,imappo,9.970099412726086e-09,0.8620619773864746,0.0009360786928976326,213.0,,,,,,,,,,,,,,0.4715905301767256,,,,,0.029947690665721893,6.694582407362759e-05
,imappo,,,,213.0,0.0,0.0,0.0033472913346486166,0.0,0.0,0.0,0.0,0.0033472913346486166,0.0,0.0,0.0,0.0,0.0,,,,,,,
-0.0022195077035576105,imappo,3.974487849944808e-09,0.8630068898200989,0.0009357785928642881,214.0,,,,,,,,,,,,,,0.47145715238412805,,,,,0.029346808791160583,7.436060695908964e-05
,imappo,,,,214.0,0.0,0.0,0.0037180304861976765,0.0,0.0,0.0,0.0,0.0037180304861976765,0.0,0.0,0.0,0.0,0.0,,,,,,,
-0.0034493296407163143,imappo,1.9986992061404862e-09,0.8624954223632812,0.0009354784928309437,215.0,,,,,,,,,,,,,,0.4713237745915305,,,,,0.029967721551656723,7.639954128535464e-05
,imappo,,,,215.0,0.0,0.0,0.003819977238890715,0.0,0.0,0.0,0.0,0.003819977238890715,0.0,0.0,0.0,0.0,0.0,,,,,,,
-0.004294374957680702,imappo,2.236733687155379e-09,0.8499835133552551,0.0009351783927975992,216.0,,,,,,,,,,,,,,0.471190396798933,,,,,0.03189878538250923,7.790351810399443e-05
,imappo,,,,216.0,0.0,0.0,0.0038951757887843996,0.0,0.0,0.0,0.0,0.0038951757887843996,0.0,0.0,0.0,0.0,0.0,,,,,,,
0.00047148135490715504,imappo,8.478284740931485e-09,0.8478173613548279,0.0009348782927642548,217.0,,,,,,,,,,,,,,0.47105701900633545,,,,,0.028536885976791382,6.504185148514807e-05
,imappo,,,,217.0,0.0,0.0,0.0032520927816221956,0.0,0.0,0.0,0.0,0.0032520927816221956,0.0,0.0,0.0,0.0,0.0,,,,,,,
-0.003055569715797901,imappo,1.7348947833895068e-09,0.8444971442222595,0.0009345781927309104,218.0,,,,,,,,,,,,,,0.4709236412137379,,,,,0.027581822127103806,6.502260657725856e-05
,imappo,,,,218.0,0.0,0.0,0.0032511302233615424,0.0,0.0,0.0,0.0,0.0032511302233615424,0.0,0.0,0.0,0.0,0.0,,,,,,,
-0.012897714972496033,imappo,2.84292518415441e-08,0.8417017459869385,0.0009342780926975659,219.0,,,,,,,,,,,,,,0.4707902634211404,,,,,0.031194979324936867,7.454380829585716e-05
,imappo,,,,219.0,0.0,0.0,0.003727190396602964,0.0,0.0,0.0,0.0,0.003727190396602964,0.0,0.0,0.0,0.0,0.0,,,,,,,
-0.002774346387013793,imappo,3.497445888456241e-09,0.8405736088752747,0.0009339779926642214,220.0,,,,,,,,,,,,,,0.47065688562854285,,,,,0.030609674751758575,7.468281546607614e-05
,imappo,,,,220.0,0.0,0.0,0.003734140940650832,0.0,0.0,0.0,0.0,0.003734140940650832,0.0,0.0,0.0,0.0,0.0,,,,,,,
-0.002887321636080742,imappo,4.206327286482292e-09,0.8381569981575012,0.0009336778926308769,221.0,,,,,,,,,,,,,,0.4705235078359453,,,,,0.03184109553694725,7.886626553954557e-05
,imappo,,,,221.0,0.0,0.0,0.003943313618947286,0.0,0.0,0.0,0.0,0.003943313618947286,0.0,0.0,0.0,0.0,0.0,,,,,,,
-0.008001255802810192,imappo,3.932596914779651e-09,0.8271346092224121,0.0009333777925975325,222.0,,,,,,,,,,,,,,0.4703901300433478,,,,,0.0294693224132061,7.288414053618908e-05
,imappo,,,,222.0,0.0,0.0,0.00364420709956903,0.0,0.0,0.0,0.0,0.00364420709956903,0.0,0.0,0.0,0.0,0.0,,,,,,,
-0.0017118033720180392,imappo,2.8219337977475334e-09,0.8158799409866333,0.0009330776925641881,223.0,,,,,,,,,,,,,,0.47025675225075025,,,,,0.03350807726383209,7.595792703796178e-05
,imappo,,,,223.0,0.0,0.0,0.003797896424657665,0.0,0.0,0.0,0.0,0.003797896424657665,0.0,0.0,0.0,0.0,0.0,,,,,,,
-0.002217130735516548,imappo,4.654365781675551e-09,0.7974691987037659,0.0009327775925308436,224.0,,,,,,,,,,,,,,0.4701233744581527,,,,,0.033547673374414444,7.622921111760661e-05
,imappo,,,,224.0,0.0,0.0,0.003811460606812034,0.0,0.0,0.0,0.0,0.003811460606812034,0.0,0.0,0.0,0.0,0.0,,,,,,,
-0.004342657048255205,imappo,1.7251816641916662e-09,0.7881088256835938,0.0009324774924974992,225.0,,,,,,,,,,,,,,0.4699899966655552,,,,,0.03269205242395401,7.916800677776337e-05
,imappo,,,,225.0,0.0,0.0,0.003958400244300719,0.0,0.0,0.0,0.0,0.003958400244300719,0.0,0.0,0.0,0.0,0.0,,,,,,,
-0.0073090530931949615,imappo,4.121556873570853e-09,0.7905266880989075,0.0009321773924641548,226.0,,,,,,,,,,,,,,0.46985661887295765,,,,,0.028158657252788544,7.416192238451913e-05
,imappo,,,,226.0,0.0,0.0,0.0037080959700688254,0.0,0.0,0.0,0.0,0.0037080959700688254,0.0,0.0,0.0,0.0,0.0,,,,,,,
-0.0067708855494856834,imappo,9.809063783450256e-09,0.7941575646400452,0.0009318772924308103,227.0,,,,,,,,,,,,,,0.4697232410803601,,,,,0.032262757420539856,7.656924572074786e-05
,imappo,,,,227.0,0.0,0.0,0.00382846241700463,0.0,0.0,0.0,0.0,0.00382846241700463,0.0,0.0,0.0,0.0,0.0,,,,,,,
-0.0016401150496676564,imappo,2.590601066998488e-09,0.7965927124023438,0.0009315771923974659,228.0,,,,,,,,,,,,,,0.4695898632877626,,,,,0.03071720339357853,7.376234862022102e-05
,imappo,,,,228.0,0.0,0.0,0.0036881175183225423,0.0,0.0,0.0,0.0,0.0036881175183225423,0.0,0.0,0.0,0.0,0.0,,,,,,,
-0.002748732455074787,imappo,2.2187303105880574e-09,0.7925565838813782,0.0009312770923641214,229.0,,,,,,,,,,,,,,0.46945648549516505,,,,,0.027429232373833656,6.541395123349503e-05
,imappo,,,,229.0,0.0,0.0,0.003270697583502624,0.0,0.0,0.0,0.0,0.003270697583502624,0.0,0.0,0.0,0.0,0.0,,,,,,,
-0.002872677054256201,imappo,3.2382221348825624e-09,0.7878647446632385,0.0009309769923307769,230.0,,,,,,,,,,,,,,0.4693231077025675,,,,,0.03348303958773613,7.860323239583522e-05
,imappo,,,,230.0,0.0,0.0,0.003930161463358672,0.0,0.0,0.0,0.0,0.003930161463358672,0.0,0.0,0.0,0.0,0.0,,,,,,,
-0.009932534769177437,imappo,9.858975857923724e-09,0.7938277721405029,0.0009306768922974325,231.0,,,,,,,,,,,,,,0.46918972990997,,,,,0.02628152444958687,5.977712498861365e-05
,imappo,,,,231.0,0.0,0.0,0.002988856387673877,0.0,0.0,0.0,0.0,0.002988856387673877,0.0,0.0,0.0,0.0,0.0,,,,,,,
-0.008441701531410217,imappo,1.9202004430951547e-09,0.7956404685974121,0.000930376792264088,232.0,,,,,,,,,,,,,,0.46905635211737245,,,,,0.03004724159836769,7.018349424470216e-05
,imappo,,,,232.0,0.0,0.0,0.003509174915961921,0.0,0.0,0.0,0.0,0.003509174915961921,0.0,0.0,0.0,0.0,0.0,,,,,,,
-1.4907331205904484e-05,imappo,2.3740269750049947e-09,0.8015722036361694,0.0009300766922307436,233.0,,,,,,,,,,,,,,0.4689229743247749,,,,,0.03239430487155914,7.35796129447408e-05
,imappo,,,,233.0,0.0,0.0,0.003678980821860023,0.0,0.0,0.0,0.0,0.003678980821860023,0.0,0.0,0.0,0.0,0.0,,,,,,,
-0.004090764559805393,imappo,2.3996682418925275e-09,0.8070083856582642,0.0009297765921973992,234.0,,,,,,,,,,,,,,0.4687895965321774,,,,,0.03149290382862091,7.25269055692479e-05
,imappo,,,,234.0,0.0,0.0,0.0036263456058804877,0.0,0.0,0.0,0.0,0.0036263456058804877,0.0,0.0,0.0,0.0,0.0,,,,,,,
-0.003650944447144866,imappo,4.132875819351511e-09,0.8008154034614563,0.0009294764921640547,235.0,,,,,,,,,,,,,,0.46865621873957986,,,,,0.029911603778600693,7.512573938583955e-05
,imappo,,,,235.0,0.0,0.0,0.003756286663701758,0.0,0.0,0.0,0.0,0.003756286663701758,0.0,0.0,0.0,0.0,0.0,,,,,,,
-0.00498179392889142,imappo,1.0542573924965382e-08,0.7983895540237427,0.0009291763921307103,236.0,,,,,,,,,,,,,,0.4685228409469823,,,,,0.02561398595571518,5.868047082913108e-05
,imappo,,,,236.0,0.0,0.0,0.002934023468696978,0.0,0.0,0.0,0.0,0.002934023468696978,0.0,0.0,0.0,0.0,0.0,,,,,,,
-0.004890537820756435,imappo,6.483959591463417e-09,0.8038010597229004,0.0009288762920973659,237.0,,,,,,,,,,,,,,0.4683894631543848,,,,,0.033852286636829376,7.389306847471744e-05
,imappo,,,,237.0,0.0,0.0,0.0036946536201867275,0.0,0.0,0.0,0.0,0.0036946536201867275,0.0,0.0,0.0,0.0,0.0,,,,,,,
-0.0004340129089541733,imappo,8.25616197630552e-09,0.7973684072494507,0.0009285761920640213,238.0,,,,,,,,,,,,,,0.46825608536178726,,,,,0.03197389841079712,7.597400690428913e-05
,imappo,,,,238.0,0.0,0.0,0.003798700236075092,0.0,0.0,0.0,0.0,0.003798700236075092,0.0,0.0,0.0,0.0,0.0,,,,,,,
-0.010942145250737667,imappo,2.9007563018268456e-09,0.788895845413208,0.0009282760920306769,239.0,,,,,,,,,,,,,,0.4681227075691897,,,,,0.03179924190044403,7.717734843026847e-05
,imappo,,,,239.0,0.0,0.0,0.0038588672832702287,0.0,0.0,0.0,0.0,0.0038588672832702287,0.0,0.0,0.0,0.0,0.0,,,,,,,
-0.007039214018732309,imappo,2.2519257569797446e-09,0.7892692685127258,0.0009279759919973325,240.0,,,,,,,,,,,,,,0.4679893297765922,,,,,0.03309222310781479,7.329293293878436e-05
,imappo,,,,240.0,0.0,0.0,0.003664646475954214,0.0,0.0,0.0,0.0,0.003664646475954214,0.0,0.0,0.0,0.0,0.0,,,,,,,
0.0013031361158937216,imappo,3.0247664373206362e-09,0.7966470718383789,0.000927675891963988,241.0,,,,,,,,,,,,,,0.46785595198399466,,,,,0.030763115733861923,7.172879122663289e-05
,imappo,,,,241.0,0.0,0.0,0.0035864396559190936,0.0,0.0,0.0,0.0,0.0035864396559190936,0.0,0.0,0.0,0.0,0.0,,,,,,,
-0.008372633717954159,imappo,1.7329563339885112e-09,0.7822983860969543,0.0009273757919306436,242.0,,,,,,,,,,,,,,0.4677225741913971,,,,,0.033171504735946655,7.82660863478668e-05
,imappo,,,,242.0,0.0,0.0,0.003913304088200675,0.0,0.0,0.0,0.0,0.003913304088200675,0.0,0.0,0.0,0.0,0.0,,,,,,,
-0.002802408766001463,imappo,4.437548106750455e-09,0.774981677532196,0.0009270756918972991,243.0,,,,,,,,,,,,,,0.4675891963987996,,,,,0.028650986030697823,6.878336716908962e-05
,imappo,,,,243.0,0.0,0.0,0.0034391685658192728,0.0,0.0,0.0,0.0,0.0034391685658192728,0.0,0.0,0.0,0.0,0.0,,,,,,,
-0.003835124894976616,imappo,2.6068249781019404e-09,0.7589945197105408,0.0009267755918639547,244.0,,,,,,,,,,,,,,0.46745581860620206,,,,,0.03265678137540817,7.333003304665908e-05
,imappo,,,,244.0,0.0,0.0,0.003666501805128064,0.0,0.0,0.0,0.0,0.003666501805128064,0.0,0.0,0.0,0.0,0.0,,,,,,,
-0.003268698463216424,imappo,1.483210887442965e-09,0.7673124670982361,0.0009264754918306103,245.0,,,,,,,,,,,,,,0.4673224408136045,,,,,0.03258281201124191,7.22034164937213e-05
,imappo,,,,245.0,0.0,0.0,0.0036101704827160574,0.0,0.0,0.0,0.0,0.0036101704827160574,0.0,0.0,0.0,0.0,0.0,,,,,,,
-0.004401923157274723,imappo,1.6727367269098181e-09,0.7397857308387756,0.0009261753917972657,246.0,,,,,,,,,,,,,,0.467189063021007,,,,,0.031103061512112617,7.194183126557618e-05
,imappo,,,,246.0,0.0,0.0,0.00359709128679242,0.0,0.0,0.0,0.0,0.00359709128679242,0.0,0.0,0.0,0.0,0.0,,,,,,,
-0.0046722847037017345,imappo,2.452325231772079e-09,0.7311927676200867,0.0009258752917639213,247.0,,,,,,,,,,,,,,0.46705568522840946,,,,,0.031984131783246994,7.68790123402141e-05
,imappo,,,,247.0,0.0,0.0,0.0038439503332483582,0.0,0.0,0.0,0.0,0.0038439503332483582,0.0,0.0,0.0,0.0,0.0,,,,,,,
-0.002031001728028059,imappo,2.6950002229853e-09,0.7330618500709534,0.0009255751917305769,248.0,,,,,,,,,,,,,,0.4669223074358119,,,,,0.030814025551080704,7.40503310225904e-05
,imappo,,,,248.0,0.0,0.0,0.003702516663906863,0.0,0.0,0.0,0.0,0.003702516663906863,0.0,0.0,0.0,0.0,0.0,,,,,,,
-0.009251558221876621,imappo,2.793151931967941e-09,0.6846410036087036,0.0009252750916972324,249.0,,,,,,,,,,,,,,0.4667889296432144,,,,,0.03197073936462402,7.382701733149588e-05
,imappo,,,,249.0,0.0,0.0,0.0036913509356963914,0.0,0.0,0.0,0.0,0.0036913509356963914,0.0,0.0,0.0,0.0,0.0,,,,,,,
-0.0031531243585050106,imappo,1.5631919092484736e-09,0.6869557499885559,0.000924974991663888,250.0,,,,,,,,,,,,,,0.46665555185061686,,,,,0.03331270441412926,7.681138959014788e-05
,imappo,,,,250.0,0.0,0.0,0.0038405694613175,0.0,0.0,0.0,0.0,0.0038405694613175,0.0,0.0,0.0,0.0,0.0,,,,,,,
-0.0053843120113015175,imappo,7.706435489751584e-09,0.6734004020690918,0.0009246748916305435,251.0,,,,,,,,,,,,,,0.4665221740580193,,,,,0.031197145581245422,7.487635593861341e-05
,imappo,,,,251.0,0.0,0.0,0.003743817887880141,0.0,0.0,0.0,0.0,0.003743817887880141,0.0,0.0,0.0,0.0,0.0,,,,,,,
-0.005924409255385399,imappo,1.2234697699398112e-09,0.6879358887672424,0.0009243747915971991,252.0,,,,,,,,,,,,,,0.4663887962654218,,,,,0.028364034369587898,6.622863293159753e-05
,imappo,,,,252.0,0.0,0.0,0.00331143169751158,0.0,0.0,0.0,0.0,0.00331143169751158,0.0,0.0,0.0,0.0,0.0,,,,,,,
-0.002812931314110756,imappo,4.377715967507356e-09,0.6539682745933533,0.0009240746915638547,253.0,,,,,,,,,,,,,,0.46625541847282426,,,,,0.02998920902609825,6.935752753634006e-05
,imappo,,,,253.0,0.0,0.0,0.003467876409558812,0.0,0.0,0.0,0.0,0.003467876409558812,0.0,0.0,0.0,0.0,0.0,,,,,,,
-0.007424667477607727,imappo,1.6145280667956285e-08,0.6286255121231079,0.0009237745915305102,254.0,,,,,,,,,,,,,,0.4661220406802267,,,,,0.030371375381946564,7.576933421660215e-05
,imappo,,,,254.0,0.0,0.0,0.0037884668345213868,0.0,0.0,0.0,0.0,0.0037884668345213868,0.0,0.0,0.0,0.0,0.0,,,,,,,
-0.0013008819660171866,imappo,4.401826014799326e-09,0.6087266802787781,0.0009234744914971657,255.0,,,,,,,,,,,,,,0.4659886628876292,,,,,0.029137950390577316,6.980054604355246e-05
,imappo,,,,255.0,0.0,0.0,0.003490027145744534,0.0,0.0,0.0,0.0,0.003490027145744534,0.0,0.0,0.0,0.0,0.0,,,,,,,
-0.003195743076503277,imappo,1.3173095947394131e-09,0.6536920666694641,0.0009231743914638213,256.0,,,,,,,,,,,,,,0.46585528509503166,,,,,0.02728329598903656,6.52630187687464e-05
,imappo,,,,256.0,0.0,0.0,0.003263151073042536,0.0,0.0,0.0,0.0,0.003263151073042536,0.0,0.0,0.0,0.0,0.0,,,,,,,
-0.0021211225539445877,imappo,3.554454508503113e-09,0.6124048829078674,0.0009228742914304768,257.0,,,,,,,,,,,,,,0.4657219073024341,,,,,0.030067086219787598,7.402864139294252e-05
,imappo,,,,257.0,0.0,0.0,0.00370143193504191,0.0,0.0,0.0,0.0,0.00370143193504191,0.0,0.0,0.0,0.0,0.0,,,,,,,
-0.00294135557487607,imappo,2.1478212541836683e-09,0.6553152203559875,0.0009225741913971324,258.0,,,,,,,,,,,,,,0.4655885295098366,,,,,0.029082871973514557,6.517035217257217e-05
,imappo,,,,258.0,0.0,0.0,0.0032585176086286083,0.0,0.0,0.0,0.0,0.0032585176086286083,0.0,0.0,0.0,0.0,0.0,,,,,,,
-0.0020064087584614754,imappo,6.471606806002228e-09,0.6263515949249268,0.0009222740913637879,259.0,,,,,,,,,,,,,,0.46545515171723906,,,,,0.030042488127946854,7.184309652075171e-05
,imappo,,,,259.0,0.0,0.0,0.0035921550370403565,0.0,0.0,0.0,0.0,0.0035921550370403565,0.0,0.0,0.0,0.0,0.0,,,,,,,
-0.004716959316283464,imappo,7.74800312797197e-09,0.6731406450271606,0.0009219739913304435,260.0,,,,,,,,,,,,,,0.4653217739246415,,,,,0.03248738870024681,7.264893793035299e-05
,imappo,,,,260.0,0.0,0.0,0.003632447111158399,0.0,0.0,0.0,0.0,0.003632447111158399,0.0,0.0,0.0,0.0,0.0,,,,,,,
-0.00043484719935804605,imappo,2.2221628981355934e-09,0.6312286257743835,0.0009216738912970991,261.0,,,,,,,,,,,,,,0.465188396132044,,,,,0.03386455029249191,7.072900189086795e-05
,imappo,,,,261.0,0.0,0.0,0.0035364498617127538,0.0,0.0,0.0,0.0,0.0035364498617127538,0.0,0.0,0.0,0.0,0.0,,,,,,,
-0.0055242180824279785,imappo,4.372962880694331e-09,0.6463051438331604,0.0009213737912637546,262.0,,,,,,,,,,,,,,0.46505501833944646,,,,,0.026192694902420044,6.307309377007186e-05
,imappo,,,,262.0,0.0,0.0,0.003153654444759013,0.0,0.0,0.0,0.0,0.003153654444759013,0.0,0.0,0.0,0.0,0.0,,,,,,,
-0.000507171091157943,imappo,4.708680112486263e-09,0.5434877872467041,0.0009210736912304102,263.0,,,,,,,,,,,,,,0.4649216405468489,,,,,0.03064299374818802,7.266514148795977e-05
,imappo,,,,263.0,0.0,0.0,0.003633257332694484,0.0,0.0,0.0,0.0,0.003633257332694484,0.0,0.0,0.0,0.0,0.0,,,,,,,
-0.0046491436660289764,imappo,6.927104223564129e-09,0.5869669318199158,0.0009207735911970658,264.0,,,,,,,,,,,,,,0.46478826275425145,,,,,0.028851483017206192,7.37856316845864e-05
,imappo,,,,264.0,0.0,0.0,0.003689281609695172,0.0,0.0,0.0,0.0,0.003689281609695172,0.0,0.0,0.0,0.0,0.0,,,,,,,
-0.0025253964122384787,imappo,7.222523468186637e-09,0.5768594145774841,0.0009204734911637212,265.0,,,,,,,,,,,,,,0.46465488496165386,,,,,0.03307810425758362,7.600017852382734e-05
,imappo,,,,265.0,0.0,0.0,0.003800008911639452,0.0,0.0,0.0,0.0,0.003800008911639452,0.0,0.0,0.0,0.0,0.0,,,,,,,
-0.0038060746155679226,imappo,1.032866125960652e-09,0.6065807938575745,0.0009201733911303768,266.0,,,,,,,,,,,,,,0.4645215071690564,,,,,0.028204264119267464,6.812526407884434e-05
,imappo,,,,266.0,0.0,0.0,0.003406263131182641,0.0,0.0,0.0,0.0,0.003406263131182641,0.0,0.0,0.0,0.0,0.0,,,,,,,
-0.002740018768236041,imappo,1.990211107028017e-09,0.6299163699150085,0.0009198732910970324,267.0,,,,,,,,,,,,,,0.4643881293764588,,,,,0.030547309666872025,6.711130845360458e-05
,imappo,,,,267.0,0.0,0.0,0.003355565499077784,0.0,0.0,0.0,0.0,0.003355565499077784,0.0,0.0,0.0,0.0,0.0,,,,,,,
-0.007374688517302275,imappo,1.0087711999062776e-08,0.571164608001709,0.0009195731910636879,268.0,,,,,,,,,,,,,,0.4642547515838613,,,,,0.027506669983267784,6.906876660650596e-05
,imappo,,,,268.0,0.0,0.0,0.003453438199358061,0.0,0.0,0.0,0.0,0.003453438199358061,0.0,0.0,0.0,0.0,0.0,,,,,,,
-0.004131309222429991,imappo,1.0492161806041622e-08,0.6165626645088196,0.0009192730910303435,269.0,,,,,,,,,,,,,,0.4641213737912637,,,,,0.02946064993739128,6.985211803112179e-05
,imappo,,,,269.0,0.0,0.0,0.003492605741485022,0.0,0.0,0.0,0.0,0.003492605741485022,0.0,0.0,0.0,0.0,0.0,,,,,,,
-0.004254259634763002,imappo,1.4465094899662745e-08,0.5606288909912109,0.000918972990996999,270.0,,,,,,,,,,,,,,0.46398799599866625,,,,,0.029832053929567337,7.036258466541767e-05
,imappo,,,,270.0,0.0,0.0,0.0035181292769266292,0.0,0.0,0.0,0.0,0.0035181292769266292,0.0,0.0,0.0,0.0,0.0,,,,,,,
-0.012055423110723495,imappo,2.36766979355707e-08,0.5976213812828064,0.0009186728909636546,271.0,,,,,,,,,,,,,,0.4638546182060687,,,,,0.03124905750155449,7.119276415323839e-05
,imappo,,,,271.0,0.0,0.0,0.003559638531442033,0.0,0.0,0.0,0.0,0.003559638531442033,0.0,0.0,0.0,0.0,0.0,,,,,,,
-0.0052227601408958435,imappo,9.687267876756778e-09,0.6076986789703369,0.0009183727909303102,272.0,,,,,,,,,,,,,,0.4637212404134712,,,,,0.028874538838863373,6.427917833207175e-05
,imappo,,,,272.0,0.0,0.0,0.0032139588183781598,0.0,0.0,0.0,0.0,0.0032139588183781598,0.0,0.0,0.0,0.0,0.0,,,,,,,
-0.00105454889126122,imappo,3.1460761107382496e-08,0.5492217540740967,0.0009180726908969656,273.0,,,,,,,,,,,,,,0.46358786262087365,,,,,0.03694866597652435,8.370411524083465e-05
,imappo,,,,273.0,0.0,0.0,0.004185205827525351,0.0,0.0,0.0,0.0,0.004185205827525351,0.0,0.0,0.0,0.0,0.0,,,,,,,
-0.00373986829072237,imappo,7.439219906757444e-09,0.6405639052391052,0.0009177725908636212,274.0,,,,,,,,,,,,,,0.4634544848282761,,,,,0.02710522711277008,6.029154246789403e-05
,imappo,,,,274.0,0.0,0.0,0.0030145769378577825,0.0,0.0,0.0,0.0,0.0030145769378577825,0.0,0.0,0.0,0.0,0.0,,,,,,,
-0.006669003516435623,imappo,3.939016579579402e-08,0.5956874489784241,0.0009174724908302768,275.0,,,,,,,,,,,,,,0.4633211070356786,,,,,0.035221464931964874,8.19939814391546e-05
,imappo,,,,275.0,0.0,0.0,0.004099699326616246,0.0,0.0,0.0,0.0,0.004099699326616246,0.0,0.0,0.0,0.0,0.0,,,,,,,
-0.0014158581616356969,imappo,7.592042550186306e-09,0.5924093723297119,0.0009171723907969323,276.0,,,,,,,,,,,,,,0.46318772924308105,,,,,0.02984551154077053,6.587863754248247e-05
,imappo,,,,276.0,0.0,0.0,0.0032939318953140173,0.0,0.0,0.0,0.0,0.0032939318953140173,0.0,0.0,0.0,0.0,0.0,,,,,,,
-0.005369394086301327,imappo,6.5357705913982045e-09,0.6113583445549011,0.0009168722907635879,277.0,,,,,,,,,,,,,,0.4630543514504835,,,,,0.026978345587849617,6.846134783700109e-05
,imappo,,,,277.0,0.0,0.0,0.003423067475523567,0.0,0.0,0.0,0.0,0.003423067475523567,0.0,0.0,0.0,0.0,0.0,,,,,,,
-0.0033668377436697483,imappo,1.4073354925869808e-08,0.6401532888412476,0.0009165721907302435,278.0,,,,,,,,,,,,,,0.462920973657886,,,,,0.030847975984215736,6.948227382963523e-05
,imappo,,,,278.0,0.0,0.0,0.0034741134695650544,0.0,0.0,0.0,0.0,0.0034741134695650544,0.0,0.0,0.0,0.0,0.0,,,,,,,
-0.0033328095450997353,imappo,8.284937180746965e-09,0.6529383063316345,0.000916272090696899,279.0,,,,,,,,,,,,,,0.46278759586528845,,,,,0.029244914650917053,6.779086834285408e-05
,imappo,,,,279.0,0.0,0.0,0.003389543380762916,0.0,0.0,0.0,0.0,0.003389543380762916,0.0,0.0,0.0,0.0,0.0,,,,,,,
-0.006059583742171526,imappo,7.10292553662839e-08,0.6239805817604065,0.0009159719906635546,280.0,,,,,,,,,,,,,,0.4626542180726909,,,,,0.03160666674375534,7.366351201198995e-05
,imappo,,,,280.0,0.0,0.0,0.003683175156766083,0.0,0.0,0.0,0.0,0.003683175156766083,0.0,0.0,0.0,0.0,0.0,,,,,,,
-0.010519042611122131,imappo,7.874074725577884e-08,0.6235377192497253,0.00091567189063021,281.0,,,,,,,,,,,,,,0.4625208402800934,,,,,0.031168224290013313,7.25737918401137e-05
,imappo,,,,281.0,0.0,0.0,0.0036286898321122862,0.0,0.0,0.0,0.0,0.0036286898321122862,0.0,0.0,0.0,0.0,0.0,,,,,,,
-0.006431247107684612,imappo,8.207776147628465e-08,0.6543737649917603,0.0009153717905968656,282.0,,,,,,,,,,,,,,0.46238746248749585,,,,,0.030934620648622513,6.906003545736894e-05
,imappo,,,,282.0,0.0,0.0,0.0034530015946074855,0.0,0.0,0.0,0.0,0.0034530015946074855,0.0,0.0,0.0,0.0,0.0,,,,,,,
-0.006603210233151913,imappo,6.482378012151457e-08,0.5991812944412231,0.0009150716905635212,283.0,,,,,,,,,,,,,,0.4622540846948983,,,,,0.03069262020289898,7.148787699406967e-05
,imappo,,,,283.0,0.0,0.0,0.003574394046154339,0.0,0.0,0.0,0.0,0.003574394046154339,0.0,0.0,0.0,0.0,0.0,,,,,,,
-0.0008688950911164284,imappo,1.0673579708964098e-07,0.6889306902885437,0.0009147715905301767,284.0,,,,,,,,,,,,,,0.4621207069023008,,,,,0.02970382198691368,7.088461279636249e-05
,imappo,,,,284.0,0.0,0.0,0.003544230534316739,0.0,0.0,0.0,0.0,0.003544230534316739,0.0,0.0,0.0,0.0,0.0,,,,,,,
-0.007931101135909557,imappo,1.3265956511077093e-07,0.6618165969848633,0.0009144714904968323,285.0,,,,,,,,,,,,,,0.46198732910970325,,,,,0.03363322466611862,7.621312397532165e-05
,imappo,,,,285.0,0.0,0.0,0.0038106561405584216,0.0,0.0,0.0,0.0,0.0038106561405584216,0.0,0.0,0.0,0.0,0.0,,,,,,,
-0.003978405147790909,imappo,8.292187203551293e-08,0.6434991955757141,0.0009141713904634879,286.0,,,,,,,,,,,,,,0.4618539513171057,,,,,0.03393654525279999,7.454722071997821e-05
,imappo,,,,286.0,0.0,0.0,0.0037273607740644366,0.0,0.0,0.0,0.0,0.0037273607740644366,0.0,0.0,0.0,0.0,0.0,,,,,,,
-0.002661767415702343,imappo,6.999334090096454e-08,0.6810969114303589,0.0009138712904301434,287.0,,,,,,,,,,,,,,0.4617205735245082,,,,,0.028948841616511345,6.833553197793663e-05
,imappo,,,,287.0,0.0,0.0,0.0034167764242738485,0.0,0.0,0.0,0.0,0.0034167764242738485,0.0,0.0,0.0,0.0,0.0,,,,,,,
-0.0042625050991773605,imappo,1.1673660793576346e-07,0.6424151659011841,0.000913571190396799,288.0,,,,,,,,,,,,,,0.46158719573191065,,,,,0.031789638102054596,7.33722117729485e-05
,imappo,,,,288.0,0.0,0.0,0.0036686107487184927,0.0,0.0,0.0,0.0,0.0036686107487184927,0.0,0.0,0.0,0.0,0.0,,,,,,,
-0.008999424055218697,imappo,1.5488072335756442e-07,0.6218203902244568,0.0009132710903634545,289.0,,,,,,,,,,,,,,0.4614538179393131,,,,,0.02832483872771263,6.357346865115687e-05
,imappo,,,,289.0,0.0,0.0,0.0031786732979526278,0.0,0.0,0.0,0.0,0.0031786732979526278,0.0,0.0,0.0,0.0,0.0,,,,,,,
-0.001585162477567792,imappo,2.6014714649136295e-07,0.601227343082428,0.0009129709903301101,290.0,,,,,,,,,,,,,,0.4613204401467156,,,,,0.03342517465353012,7.737942360108718e-05
,imappo,,,,290.0,0.0,0.0,0.0038689713292114902,0.0,0.0,0.0,0.0,0.0038689713292114902,0.0,0.0,0.0,0.0,0.0,,,,,,,
-0.002644226187840104,imappo,2.4346456939383643e-07,0.6606118679046631,0.0009126708902967656,291.0,,,,,,,,,,,,,,0.46118706235411805,,,,,0.03320041298866272,7.452494173776358e-05
,imappo,,,,291.0,0.0,0.0,0.0037262471778376494,0.0,0.0,0.0,0.0,0.0037262471778376494,0.0,0.0,0.0,0.0,0.0,,,,,,,
-0.005712711717933416,imappo,8.493211822724334e-08,0.5325976610183716,0.0009123707902634211,292.0,,,,,,,,,,,,,,0.4610536845615205,,,,,0.033414993435144424,7.730953075224534e-05
,imappo,,,,292.0,0.0,0.0,0.003865476173814386,0.0,0.0,0.0,0.0,0.003865476173814386,0.0,0.0,0.0,0.0,0.0,,,,,,,
-0.0009088704828172922,imappo,8.030418996440858e-08,0.6157411932945251,0.0009120706902300767,293.0,,,,,,,,,,,,,,0.460920306768923,,,,,0.030415695160627365,6.775606743758544e-05
,imappo,,,,293.0,0.0,0.0,0.003387803131772671,0.0,0.0,0.0,0.0,0.003387803131772671,0.0,0.0,0.0,0.0,0.0,,,,,,,
-0.0018102438189089298,imappo,1.4893468858190317e-07,0.6337462067604065,0.0009117705901967323,294.0,,,,,,,,,,,,,,0.46078692897632545,,,,,0.03326267749071121,7.702792208874598e-05
,imappo,,,,294.0,0.0,0.0,0.0038513962281285785,0.0,0.0,0.0,0.0,0.0038513962281285785,0.0,0.0,0.0,0.0,0.0,,,,,,,
-0.002480491530150175,imappo,7.014597258603317e-08,0.587864100933075,0.0009114704901633878,295.0,,,,,,,,,,,,,,0.4606535511837279,,,,,0.027353685349225998,6.118560122558847e-05
,imappo,,,,295.0,0.0,0.0,0.00305928022498847,0.0,0.0,0.0,0.0,0.00305928022498847,0.0,0.0,0.0,0.0,0.0,,,,,,,
-0.007591418921947479,imappo,1.778284826059462e-07,0.6176016330718994,0.0009111703901300434,296.0,,,,,,,,,,,,,,0.4605201733911304,,,,,0.03277275711297989,7.570171146653593e-05
,imappo,,,,296.0,0.0,0.0,0.0037850856242584996,0.0,0.0,0.0,0.0,0.0037850856242584996,0.0,0.0,0.0,0.0,0.0,,,,,,,
-0.0027072629891335964,imappo,5.1366843223377145e-08,0.6010523438453674,0.0009108702900966989,297.0,,,,,,,,,,,,,,0.46038679559853285,,,,,0.026366766542196274,6.0015052440576255e-05
,imappo,,,,297.0,0.0,0.0,0.0030007525274413638,0.0,0.0,0.0,0.0,0.0030007525274413638,0.0,0.0,0.0,0.0,0.0,,,,,,,
-0.005791214760392904,imappo,6.683067255153219e-08,0.6243728399276733,0.0009105701900633545,298.0,,,,,,,,,,,,,,0.4602534178059353,,,,,0.03002529963850975,6.929294613655657e-05
,imappo,,,,298.0,0.0,0.0,0.0034646474014152773,0.0,0.0,0.0,0.0,0.0034646474014152773,0.0,0.0,0.0,0.0,0.0,,,,,,,
-0.007127111312001944,imappo,4.3838703334131424e-08,0.6396903395652771,0.0009102700900300101,299.0,,,,,,,,,,,,,,0.4601200400133378,,,,,0.029682707041502,6.41169972368516e-05
,imappo,,,,299.0,0.0,0.0,0.00320584992368822,0.0,0.0,0.0,0.0,0.00320584992368822,0.0,0.0,0.0,0.0,0.0,,,,,,,
,imappo,,,,299.0,,,,,,,,,,,,,,,0.0,0.0,0.0,0.0,,
-0.003102579154074192,imappo,3.805937609513421e-08,0.6279470920562744,0.0009099699899966655,300.0,,,,,,,,,,,,,,0.45998666222074025,,,,,0.03119625896215439,7.397963781841099e-05
,imappo,,,,300.0,0.0,0.0,0.003698981869092677,0.0,0.0,0.0,0.0,0.003698981869092677,0.0,0.0,0.0,0.0,0.0,,,,,,,
-0.0016971912700682878,imappo,6.129585017333739e-08,0.6555652618408203,0.0009096698899633211,301.0,,,,,,,,,,,,,,0.4598532844281427,,,,,0.03201550617814064,7.482848013751209e-05
,imappo,,,,301.0,0.0,0.0,0.0037414239995996468,0.0,0.0,0.0,0.0,0.0037414239995996468,0.0,0.0,0.0,0.0,0.0,,,,,,,
-0.005071729887276888,imappo,4.488285298975825e-08,0.6827959418296814,0.0009093697899299767,302.0,,,,,,,,,,,,,,0.4597199066355452,,,,,0.03239626809954643,7.319418364204466e-05
,imappo,,,,302.0,0.0,0.0,0.00365970906932489,0.0,0.0,0.0,0.0,0.00365970906932489,0.0,0.0,0.0,0.0,0.0,,,,,,,
-0.004477357491850853,imappo,3.535692272294e-08,0.609573483467102,0.0009090696898966322,303.0,,,,,,,,,,,,,,0.45958652884294765,,,,,0.03127205744385719,7.308781641768292e-05
,imappo,,,,303.0,0.0,0.0,0.0036543906899169087,0.0,0.0,0.0,0.0,0.0036543906899169087,0.0,0.0,0.0,0.0,0.0,,,,,,,
-0.003633147804066539,imappo,4.821538013288773e-08,0.6559126973152161,0.0009087695898632878,304.0,,,,,,,,,,,,,,0.4594531510503501,,,,,0.03147190809249878,7.260357233462855e-05
,imappo,,,,304.0,0.0,0.0,0.0036301787695265375,0.0,0.0,0.0,0.0,0.0036301787695265375,0.0,0.0,0.0,0.0,0.0,,,,,,,
-0.01054168026894331,imappo,2.461909121009853e-09,0.6162290573120117,0.0009084694898299434,305.0,,,,,,,,,,,,,,0.4593197732577526,,,,,0.030197221785783768,7.185582217061892e-05
,imappo,,,,305.0,0.0,0.0,0.0035927913122577593,0.0,0.0,0.0,0.0,0.0035927913122577593,0.0,0.0,0.0,0.0,0.0,,,,,,,
-0.0022394885309040546,imappo,4.123260843869048e-09,0.6662825345993042,0.0009081693897965989,306.0,,,,,,,,,,,,,,0.45918639546515505,,,,,0.03089822828769684,7.188312883954495e-05
,imappo,,,,306.0,0.0,0.0,0.0035941566675319336,0.0,0.0,0.0,0.0,0.0035941566675319336,0.0,0.0,0.0,0.0,0.0,,,,,,,
0.004889354109764099,imappo,4.4381156527606436e-09,0.6276501417160034,0.0009078692897632545,307.0,,,,,,,,,,,,,,0.4590530176725575,,,,,0.0294197890907526,7.097996422089636e-05
,imappo,,,,307.0,0.0,0.0,0.0035489982255967334,0.0,0.0,0.0,0.0,0.0035489982255967334,0.0,0.0,0.0,0.0,0.0,,,,,,,
-0.0014172554947435856,imappo,1.763115697883677e-08,0.6511558294296265,0.00090756918972991,308.0,,,,,,,,,,,,,,0.45891963987996,,,,,0.028422169387340546,6.573546852450818e-05
,imappo,,,,308.0,0.0,0.0,0.003286773539002752,0.0,0.0,0.0,0.0,0.003286773539002752,0.0,0.0,0.0,0.0,0.0,,,,,,,
-0.003199008060619235,imappo,3.57684264429281e-08,0.6464207172393799,0.0009072690896965655,309.0,,,,,,,,,,,,,,0.45878626208736245,,,,,0.0277054775506258,6.43032108200714e-05
,imappo,,,,309.0,0.0,0.0,0.003215160919353366,0.0,0.0,0.0,0.0,0.003215160919353366,0.0,0.0,0.0,0.0,0.0,,,,,,,
-0.003888123668730259,imappo,3.842782803076261e-08,0.6256855726242065,0.0009069689896632211,310.0,,,,,,,,,,,,,,0.4586528842947649,,,,,0.03139685466885567,7.037166506052017e-05
,imappo,,,,310.0,0.0,0.0,0.0035185831948183477,0.0,0.0,0.0,0.0,0.0035185831948183477,0.0,0.0,0.0,0.0,0.0,,,,,,,
-0.0025632234755903482,imappo,1.25012590501683e-07,0.5829368829727173,0.0009066688896298766,311.0,,,,,,,,,,,,,,0.4585195065021674,,,,,0.031124655157327652,7.236615783767775e-05
,imappo,,,,311.0,0.0,0.0,0.0036183078736939933,0.0,0.0,0.0,0.0,0.0036183078736939933,0.0,0.0,0.0,0.0,0.0,,,,,,,
-0.004533487372100353,imappo,4.195901794901147e-07,0.6208208799362183,0.0009063687895965322,312.0,,,,,,,,,,,,,,0.45838612870956985,,,,,0.03137974441051483,7.217708480311558e-05
,imappo,,,,312.0,0.0,0.0,0.0036088545821257867,0.0,0.0,0.0,0.0,0.0036088545821257867,0.0,0.0,0.0,0.0,0.0,,,,,,,
-0.007106493227183819,imappo,7.573440257147013e-07,0.5915789008140564,0.0009060686895631877,313.0,,,,,,,,,,,,,,0.4582527509169723,,,,,0.028866136446595192,7.134042971301824e-05
,imappo,,,,313.0,0.0,0.0,0.0035670213655976113,0.0,0.0,0.0,0.0,0.0035670213655976113,0.0,0.0,0.0,0.0,0.0,,,,,,,
-0.0016367081552743912,imappo,1.1776564861065708e-06,0.5832871794700623,0.0009057685895298433,314.0,,,,,,,,,,,,,,0.4581193731243748,,,,,0.03442668914794922,7.52918203943409e-05
,imappo,,,,314.0,0.0,0.0,0.003764590986975236,0.0,0.0,0.0,0.0,0.003764590986975236,0.0,0.0,0.0,0.0,0.0,,,,,,,
-0.00785296130925417,imappo,2.032084239544929e-06,0.5877928733825684,0.0009054684894964989,315.0,,,,,,,,,,,,,,0.45798599533177725,,,,,0.02995165064930916,6.900369771756232e-05
,imappo,,,,315.0,0.0,0.0,0.0034501850277592894,0.0,0.0,0.0,0.0,0.0034501850277592894,0.0,0.0,0.0,0.0,0.0,,,,,,,
-0.0009840212296694517,imappo,2.264168642795994e-06,0.6221166253089905,0.0009051683894631545,316.0,,,,,,,,,,,,,,0.4578526175391797,,,,,0.032805703580379486,7.181018008850515e-05
,imappo,,,,316.0,0.0,0.0,0.003590508731576847,0.0,0.0,0.0,0.0,0.003590508731576847,0.0,0.0,0.0,0.0,0.0,,,,,,,
-0.005840498022735119,imappo,1.5281195828720229e-06,0.5412383079528809,0.00090486828942981,317.0,,,,,,,,,,,,,,0.4577192397465822,,,,,0.030471548438072205,6.547269731527194e-05
,imappo,,,,317.0,0.0,0.0,0.003273635036748601,0.0,0.0,0.0,0.0,0.003273635036748601,0.0,0.0,0.0,0.0,0.0,,,,,,,
-0.005385965574532747,imappo,1.0916836572505417e-06,0.5630313158035278,0.0009045681893964655,318.0,,,,,,,,,,,,,,0.45758586195398465,,,,,0.030034158378839493,6.56178526696749e-05
,imappo,,,,318.0,0.0,0.0,0.0032808924406708684,0.0,0.0,0.0,0.0,0.0032808924406708684,0.0,0.0,0.0,0.0,0.0,,,,,,,
-0.0042687333188951015,imappo,5.793713171442505e-07,0.5798338651657104,0.000904268089363121,319.0,,,,,,,,,,,,,,0.4574524841613871,,,,,0.02990049496293068,6.870467768749222e-05
,imappo,,,,319.0,0.0,0.0,0.0034352337424934376,0.0,0.0,0.0,0.0,0.0034352337424934376,0.0,0.0,0.0,0.0,0.0,,,,,,,
-0.008276628330349922,imappo,2.878261966543505e-07,0.6100534796714783,0.0009039679893297766,320.0,,,,,,,,,,,,,,0.4573191063687896,,,,,0.030627042055130005,6.91088498570025e-05
,imappo,,,,320.0,0.0,0.0,0.0034554421981738415,0.0,0.0,0.0,0.0,0.0034554421981738415,0.0,0.0,0.0,0.0,0.0,,,,,,,
-0.005293765105307102,imappo,1.1699486179850282e-07,0.5912652015686035,0.0009036678892964322,321.0,,,,,,,,,,,,,,0.45718572857619205,,,,,0.03241528570652008,7.309510692721233e-05
,imappo,,,,321.0,0.0,0.0,0.0036547553208947647,0.0,0.0,0.0,0.0,0.0036547553208947647,0.0,0.0,0.0,0.0,0.0,,,,,,,
0.0015309941954910755,imappo,7.470696772315932e-08,0.5527795553207397,0.0009033677892630877,322.0,,,,,,,,,,,,,,0.4570523507835945,,,,,0.029803749173879623,7.118306530173868e-05
,imappo,,,,322.0,0.0,0.0,0.0035591532359831035,0.0,0.0,0.0,0.0,0.0035591532359831035,0.0,0.0,0.0,0.0,0.0,,,,,,,
-0.006229553837329149,imappo,6.083152470637287e-08,0.5939659476280212,0.0009030676892297433,323.0,,,,,,,,,,,,,,0.456918972990997,,,,,0.029141591861844063,6.596372259082273e-05
,imappo,,,,323.0,0.0,0.0,0.0032981861440930516,0.0,0.0,0.0,0.0,0.0032981861440930516,0.0,0.0,0.0,0.0,0.0,,,,,,,
-0.0011481345864012837,imappo,1.5710623912923438e-08,0.5676153898239136,0.0009027675891963988,324.0,,,,,,,,,,,,,,0.45678559519839945,,,,,0.03284338861703873,7.619307143613696e-05
,imappo,,,,324.0,0.0,0.0,0.0038096535863587633,0.0,0.0,0.0,0.0,0.0038096535863587633,0.0,0.0,0.0,0.0,0.0,,,,,,,
-0.0014056020881980658,imappo,1.2784644454200134e-08,0.5688055753707886,0.0009024674891630544,325.0,,,,,,,,,,,,,,0.4566522174058019,,,,,0.03013456240296364,6.960386235732585e-05
,imappo,,,,325.0,0.0,0.0,0.0034801932124537416,0.0,0.0,0.0,0.0,0.0034801932124537416,0.0,0.0,0.0,0.0,0.0,,,,,,,
-0.003586285514757037,imappo,1.4266921866123994e-08,0.4894615709781647,0.00090216738912971,326.0,,,,,,,,,,,,,,0.4565188396132044,,,,,0.031166939064860344,7.269893831107765e-05
,imappo,,,,326.0,0.0,0.0,0.0036349468646221794,0.0,0.0,0.0,0.0,0.0036349468646221794,0.0,0.0,0.0,0.0,0.0,,,,,,,
-0.004760279785841703,imappo,3.5027994726988254e-08,0.5723812580108643,0.0009018672890963654,327.0,,,,,,,,,,,,,,0.45638546182060685,,,,,0.030481401830911636,6.94049522280693e-05
,imappo,,,,327.0,0.0,0.0,0.0034702475713856984,0.0,0.0,0.0,0.0,0.0034702475713856984,0.0,0.0,0.0,0.0,0.0,,,,,,,
-0.0005744925583712757,imappo,1.7838239330103534e-08,0.5493055582046509,0.000901567189063021,328.0,,,,,,,,,,,,,,0.4562520840280093,,,,,0.02966841123998165,6.679508078377694e-05
,imappo,,,,328.0,0.0,0.0,0.0033397542392776813,0.0,0.0,0.0,0.0,0.0033397542392776813,0.0,0.0,0.0,0.0,0.0,,,,,,,
-0.0030554370023310184,imappo,3.578339180521084e-09,0.5830447673797607,0.0009012670890296766,329.0,,,,,,,,,,,,,,0.4561187062354118,,,,,0.02854543924331665,6.569921970367432e-05
,imappo,,,,329.0,0.0,0.0,0.0032849611052370165,0.0,0.0,0.0,0.0,0.0032849611052370165,0.0,0.0,0.0,0.0,0.0,,,,,,,
-0.0019962016958743334,imappo,2.8441831112502314e-09,0.5809854865074158,0.0009009669889963321,330.0,,,,,,,,,,,,,,0.45598532844281425,,,,,0.031877562403678894,7.235920202219859e-05
,imappo,,,,330.0,0.0,0.0,0.003617960224801209,0.0,0.0,0.0,0.0,0.003617960224801209,0.0,0.0,0.0,0.0,0.0,,,,,,,
-0.0023385409731417894,imappo,1.0961068497294946e-08,0.5154493451118469,0.0009006668889629877,331.0,,,,,,,,,,,,,,0.4558519506502167,,,,,0.032908327877521515,7.535245094913989e-05
,imappo,,,,331.0,0.0,0.0,0.0037676230058423243,0.0,0.0,0.0,0.0,0.0037676230058423243,0.0,0.0,0.0,0.0,0.0,,,,,,,
-0.007194060366600752,imappo,6.9104304500910985e-09,0.6048411130905151,0.0009003667889296433,332.0,,,,,,,,,,,,,,0.4557185728576192,,,,,0.031244199723005295,7.162159454310313e-05
,imappo,,,,332.0,0.0,0.0,0.0035810797780868597,0.0,0.0,0.0,0.0,0.0035810797780868597,0.0,0.0,0.0,0.0,0.0,,,,,,,
-0.002522094873711467,imappo,6.289525789071604e-09,0.6183534264564514,0.0009000666888962988,333.0,,,,,,,,,,,,,,0.45558519506502165,,,,,0.030290570110082626,6.95556664140895e-05
,imappo,,,,333.0,0.0,0.0,0.003477783211565111,0.0,0.0,0.0,0.0,0.003477783211565111,0.0,0.0,0.0,0.0,0.0,,,,,,,
0.007113131228834391,imappo,9.697409986131333e-09,0.6519258618354797,0.0008997665888629544,334.0,,,,,,,,,,,,,,0.4554518172724241,,,,,0.027921242639422417,6.423997547244653e-05
,imappo,,,,334.0,0.0,0.0,0.0032119983552547637,0.0,0.0,0.0,0.0,0.0032119983552547637,0.0,0.0,0.0,0.0,0.0,,,,,,,
-0.0014190138317644596,imappo,9.791185640040112e-09,0.6374716758728027,0.0008994664888296098,335.0,,,,,,,,,,,,,,0.4553184394798266,,,,,0.029570983722805977,6.642162770731375e-05
,imappo,,,,335.0,0.0,0.0,0.0033210813780897297,0.0,0.0,0.0,0.0,0.0033210813780897297,0.0,0.0,0.0,0.0,0.0,,,,,,,
-0.00871218554675579,imappo,4.08859968104025e-09,0.6827446222305298,0.0008991663887962654,336.0,,,,,,,,,,,,,,0.45518506168722905,,,,,0.031932152807712555,7.132421160349622e-05
,imappo,,,,336.0,0.0,0.0,0.0035662107802636456,0.0,0.0,0.0,0.0,0.0035662107802636456,0.0,0.0,0.0,0.0,0.0,,,,,,,
-0.0008104973239824176,imappo,1.0130041694367264e-08,0.648444414138794,0.000898866288762921,337.0,,,,,,,,,,,,,,0.4550516838946315,,,,,0.029006775468587875,6.559235043823719e-05
,imappo,,,,337.0,0.0,0.0,0.003279617587395478,0.0,0.0,0.0,0.0,0.003279617587395478,0.0,0.0,0.0,0.0,0.0,,,,,,,
-0.0054777455516159534,imappo,7.209272734343131e-09,0.6820265650749207,0.0008985661887295765,338.0,,,,,,,,,,,,,,0.454918306102034,,,,,0.02904656156897545,6.687289715046063e-05
,imappo,,,,338.0,0.0,0.0,0.0033436450430599507,0.0,0.0,0.0,0.0,0.0033436450430599507,0.0,0.0,0.0,0.0,0.0,,,,,,,
-0.0001993874611798674,imappo,5.1465058881206005e-09,0.6673437356948853,0.0008982660886962321,339.0,,,,,,,,,,,,,,0.4547849283094365,,,,,0.03082198090851307,6.910121737746522e-05
,imappo,,,,339.0,0.0,0.0,0.003455060996202519,0.0,0.0,0.0,0.0,0.003455060996202519,0.0,0.0,0.0,0.0,0.0,,,,,,,
0.00047452026046812534,imappo,4.8577213362932525e-09,0.6730573177337646,0.0008979659886628877,340.0,,,,,,,,,,,,,,0.4546515505168389,,,,,0.029515787959098816,6.89300723024644e-05
,imappo,,,,340.0,0.0,0.0,0.003446503607847262,0.0,0.0,0.0,0.0,0.003446503607847262,0.0,0.0,0.0,0.0,0.0,,,,,,,
-0.007144859526306391,imappo,1.2178463570933218e-08,0.694767951965332,0.0008976658886295432,341.0,,,,,,,,,,,,,,0.45451817272424144,,,,,0.03111102059483528,7.053597073536366e-05
,imappo,,,,341.0,0.0,0.0,0.0035267983075755183,0.0,0.0,0.0,0.0,0.0035267983075755183,0.0,0.0,0.0,0.0,0.0,,,,,,,
-0.0011135099921375513,imappo,1.4236684720003723e-08,0.6899150609970093,0.0008973657885961988,342.0,,,,,,,,,,,,,,0.45438479493164385,,,,,0.030046360567212105,7.048102997941896e-05
,imappo,,,,342.0,0.0,0.0,0.003524051709973719,0.0,0.0,0.0,0.0,0.003524051709973719,0.0,0.0,0.0,0.0,0.0,,,,,,,
-0.004346179310232401,imappo,2.0889270313517727e-09,0.718686044216156,0.0008970656885628544,343.0,,,,,,,,,,,,,,0.4542514171390464,,,,,0.03116772696375847,6.964510248508304e-05
,imappo,,,,343.0,0.0,0.0,0.003482254978735,0.0,0.0,0.0,0.0,0.003482254978735,0.0,0.0,0.0,0.0,0.0,,,,,,,
-0.0005176302511245012,imappo,4.1640282333332834e-09,0.7140190601348877,0.0008967655885295098,344.0,,,,,,,,,,,,,,0.4541180393464488,,,,,0.029846712946891785,6.817952817073092e-05
,imappo,,,,344.0,0.0,0.0,0.003408976241189521,0.0,0.0,0.0,0.0,0.003408976241189521,0.0,0.0,0.0,0.0,0.0,,,,,,,
-0.005124869756400585,imappo,2.275732047252177e-09,0.7238527536392212,0.0008964654884961654,345.0,,,,,,,,,,,,,,0.4539846615538513,,,,,0.02768861874938011,6.221658259164542e-05
,imappo,,,,345.0,0.0,0.0,0.0031108292278076988,0.0,0.0,0.0,0.0,0.0031108292278076988,0.0,0.0,0.0,0.0,0.0,,,,,,,
-0.0006579673499800265,imappo,4.6249333252035285e-09,0.700482964515686,0.0008961653884628209,346.0,,,,,,,,,,,,,,0.4538512837612537,,,,,0.029331158846616745,6.801214476581663e-05
,imappo,,,,346.0,0.0,0.0,0.0034006072783085983,0.0,0.0,0.0,0.0,0.0034006072783085983,0.0,0.0,0.0,0.0,0.0,,,,,,,
-0.009154819883406162,imappo,8.048406385796625e-09,0.7193491458892822,0.0008958652884294765,347.0,,,,,,,,,,,,,,0.45371790596865624,,,,,0.03060026280581951,7.046081736916676e-05
,imappo,,,,347.0,0.0,0.0,0.0035230409157520626,0.0,0.0,0.0,0.0,0.0035230409157520626,0.0,0.0,0.0,0.0,0.0,,,,,,,
-0.004618544597178698,imappo,1.3002124710226326e-08,0.6873846650123596,0.0008955651883961321,348.0,,,,,,,,,,,,,,0.45358452817605865,,,,,0.028128501027822495,6.561704503837973e-05
,imappo,,,,348.0,0.0,0.0,0.003280852182797389,0.0,0.0,0.0,0.0,0.003280852182797389,0.0,0.0,0.0,0.0,0.0,,,,,,,
-0.006415104493498802,imappo,3.906280188203937e-09,0.7099692821502686,0.0008952650883627876,349.0,,,,,,,,,,,,,,0.4534511503834612,,,,,0.03002176061272621,6.877721898490563e-05
,imappo,,,,349.0,0.0,0.0,0.0034388612293696497,0.0,0.0,0.0,0.0,0.0034388612293696497,0.0,0.0,0.0,0.0,0.0,,,,,,,
-0.0013077078619971871,imappo,2.5825961369463357e-09,0.710955023765564,0.0008949649883294432,350.0,,,,,,,,,,,,,,0.4533177725908636,,,,,0.031114978715777397,6.989169196458533e-05
,imappo,,,,350.0,0.0,0.0,0.003494584532745648,0.0,0.0,0.0,0.0,0.003494584532745648,0.0,0.0,0.0,0.0,0.0,,,,,,,
-0.004286475479602814,imappo,2.986491498546684e-09,0.7358607053756714,0.0008946648882960987,351.0,,,,,,,,,,,,,,0.4531843947982661,,,,,0.0294421948492527,6.683409446850419e-05
,imappo,,,,351.0,0.0,0.0,0.0033417048216506373,0.0,0.0,0.0,0.0,0.0033417048216506373,0.0,0.0,0.0,0.0,0.0,,,,,,,
-0.008096949197351933,imappo,5.654797075038687e-09,0.7126255035400391,0.0008943647882627543,352.0,,,,,,,,,,,,,,0.4530510170056685,,,,,0.03170330077409744,7.237972022267058e-05
,imappo,,,,352.0,0.0,0.0,0.0036189861057209782,0.0,0.0,0.0,0.0,0.0036189861057209782,0.0,0.0,0.0,0.0,0.0,,,,,,,
-0.00397486612200737,imappo,3.6165925809683586e-09,0.7188976407051086,0.0008940646882294098,353.0,,,,,,,,,,,,,,0.45291763921307104,,,,,0.030500702559947968,7.231083873193711e-05
,imappo,,,,353.0,0.0,0.0,0.0036155419365968555,0.0,0.0,0.0,0.0,0.0036155419365968555,0.0,0.0,0.0,0.0,0.0,,,,,,,
-0.003069064347073436,imappo,8.894038394657855e-09,0.7340856790542603,0.0008937645881960654,354.0,,,,,,,,,,,,,,0.4527842614204735,,,,,0.028737027198076248,6.584503717022017e-05
,imappo,,,,354.0,0.0,0.0,0.00329225188397686,0.0,0.0,0.0,0.0,0.00329225188397686,0.0,0.0,0.0,0.0,0.0,,,,,,,
-0.005163611378520727,imappo,6.3941389960575634e-09,0.7155764698982239,0.0008934644881627209,355.0,,,,,,,,,,,,,,0.452650883627876,,,,,0.030101459473371506,6.743043923052028e-05
,imappo,,,,355.0,0.0,0.0,0.0033715219688019715,0.0,0.0,0.0,0.0,0.0033715219688019715,0.0,0.0,0.0,0.0,0.0,,,,,,,
-0.0031820626463741064,imappo,2.7235953492521503e-09,0.7260857820510864,0.0008931643881293765,356.0,,,,,,,,,,,,,,0.45251750583527844,,,,,0.036412082612514496,7.901953358668834e-05
,imappo,,,,356.0,0.0,0.0,0.003950976799387718,0.0,0.0,0.0,0.0,0.003950976799387718,0.0,0.0,0.0,0.0,0.0,,,,,,,
-0.006570993922650814,imappo,2.2916146757978595e-09,0.7215023040771484,0.000892864288096032,357.0,,,,,,,,,,,,,,0.4523841280426809,,,,,0.03155406564474106,7.536113116657361e-05
,imappo,,,,357.0,0.0,0.0,0.0037680565837945323,0.0,0.0,0.0,0.0,0.0037680565837945323,0.0,0.0,0.0,0.0,0.0,,,,,,,
-0.005840027239173651,imappo,7.14917991473385e-09,0.7276830673217773,0.0008925641880626876,358.0,,,,,,,,,,,,,,0.4522507502500834,,,,,0.02857910841703415,6.433258386095986e-05
,imappo,,,,358.0,0.0,0.0,0.0032166289383894764,0.0,0.0,0.0,0.0,0.0032166289383894764,0.0,0.0,0.0,0.0,0.0,,,,,,,
-0.00931556522846222,imappo,9.44998834739863e-09,0.7210091948509216,0.0008922640880293432,359.0,,,,,,,,,,,,,,0.45211737245748584,,,,,0.027815600857138634,5.9240694099571556e-05
,imappo,,,,359.0,0.0,0.0,0.0029620345958392136,0.0,0.0,0.0,0.0,0.0029620345958392136,0.0,0.0,0.0,0.0,0.0,,,,,,,
-0.0003585302329156548,imappo,4.653966989565106e-09,0.7010407447814941,0.0008919639879959987,360.0,,,,,,,,,,,,,,0.4519839946648883,,,,,0.02847926691174507,6.345018482534215e-05
,imappo,,,,360.0,0.0,0.0,0.003172509343130514,0.0,0.0,0.0,0.0,0.003172509343130514,0.0,0.0,0.0,0.0,0.0,,,,,,,
-0.007363329641520977,imappo,5.015229120886033e-09,0.6960431933403015,0.0008916638879626543,361.0,,,,,,,,,,,,,,0.4518506168722908,,,,,0.027571536600589752,6.232646410353482e-05
,imappo,,,,361.0,0.0,0.0,0.0031163231215032283,0.0,0.0,0.0,0.0,0.0031163231215032283,0.0,0.0,0.0,0.0,0.0,,,,,,,
-0.007200219668447971,imappo,1.1910715080887257e-08,0.6958959698677063,0.0008913637879293097,362.0,,,,,,,,,,,,,,0.45171723907969324,,,,,0.03652828931808472,8.374675235245377e-05
,imappo,,,,362.0,0.0,0.0,0.004187337632174604,0.0,0.0,0.0,0.0,0.004187337632174604,0.0,0.0,0.0,0.0,0.0,,,,,,,
-0.002655566902831197,imappo,4.352116889094759e-09,0.7045815587043762,0.0008910636878959653,363.0,,,,,,,,,,,,,,0.4515838612870957,,,,,0.03765873610973358,8.485492435283959e-05
,imappo,,,,363.0,0.0,0.0,0.004242746279487619,0.0,0.0,0.0,0.0,0.004242746279487619,0.0,0.0,0.0,0.0,0.0,,,,,,,
-0.0013804524205625057,imappo,7.1436034865257625e-09,0.6869626045227051,0.0008907635878626209,364.0,,,,,,,,,,,,,,0.4514504834944982,,,,,0.029895812273025513,6.999142351560295e-05
,imappo,,,,364.0,0.0,0.0,0.00349957125945366,0.0,0.0,0.0,0.0,0.00349957125945366,0.0,0.0,0.0,0.0,0.0,,,,,,,
-0.002249091165140271,imappo,5.026973948218938e-09,0.7014350295066833,0.0008904634878292764,365.0,,,,,,,,,,,,,,0.45131710570190064,,,,,0.03583011031150818,8.102631545625627e-05
,imappo,,,,365.0,0.0,0.0,0.004051315459946636,0.0,0.0,0.0,0.0,0.004051315459946636,0.0,0.0,0.0,0.0,0.0,,,,,,,
-0.004082450643181801,imappo,2.6598387936616064e-09,0.7059749364852905,0.000890163387795932,366.0,,,,,,,,,,,,,,0.4511837279093031,,,,,0.03176616132259369,7.266250759130344e-05
,imappo,,,,366.0,0.0,0.0,0.0036331250812509097,0.0,0.0,0.0,0.0,0.0036331250812509097,0.0,0.0,0.0,0.0,0.0,,,,,,,
-0.01003823708742857,imappo,6.0179035088481214e-09,0.7187067866325378,0.0008898632877625876,367.0,,,,,,,,,,,,,,0.4510503501167056,,,,,0.029987677931785583,6.806950841564685e-05
,imappo,,,,367.0,0.0,0.0,0.003403475566301495,0.0,0.0,0.0,0.0,0.003403475566301495,0.0,0.0,0.0,0.0,0.0,,,,,,,
-0.004674031864851713,imappo,9.96540716613481e-09,0.6993260979652405,0.0008895631877292431,368.0,,,,,,,,,,,,,,0.45091697232410805,,,,,0.031963199377059937,7.05408601788804e-05
,imappo,,,,368.0,0.0,0.0,0.003527042965288274,0.0,0.0,0.0,0.0,0.003527042965288274,0.0,0.0,0.0,0.0,0.0,,,,,,,
-0.0030420669354498386,imappo,5.75457015372649e-09,0.7149352431297302,0.0008892630876958987,369.0,,,,,,,,,,,,,,0.4507835945315105,,,,,0.029758475720882416,6.894678517710418e-05
,imappo,,,,369.0,0.0,0.0,0.003447339471676969,0.0,0.0,0.0,0.0,0.003447339471676969,0.0,0.0,0.0,0.0,0.0,,,,,,,
-0.010994807817041874,imappo,4.7343462483695475e-09,0.7220438718795776,0.0008889629876625543,370.0,,,,,,,,,,,,,,0.450650216738913,,,,,0.028815982863307,6.677548662992194e-05
,imappo,,,,370.0,0.0,0.0,0.0033387746025255183,0.0,0.0,0.0,0.0,0.0033387746025255183,0.0,0.0,0.0,0.0,0.0,,,,,,,
0.00035661208676174283,imappo,3.2270883743024115e-09,0.7220099568367004,0.0008886628876292097,371.0,,,,,,,,,,,,,,0.45051683894631545,,,,,0.03025953657925129,6.726787250954658e-05
,imappo,,,,371.0,0.0,0.0,0.0033633937273407355,0.0,0.0,0.0,0.0,0.0033633937273407355,0.0,0.0,0.0,0.0,0.0,,,,,,,
-0.00606154091656208,imappo,7.835825321933498e-09,0.7379688024520874,0.0008883627875958653,372.0,,,,,,,,,,,,,,0.4503834611537179,,,,,0.028231410309672356,6.0743001085938886e-05
,imappo,,,,372.0,0.0,0.0,0.0030371499015018344,0.0,0.0,0.0,0.0,0.0030371499015018344,0.0,0.0,0.0,0.0,0.0,,,,,,,
-0.005592502187937498,imappo,2.6549313858481582e-09,0.7062209844589233,0.0008880626875625208,373.0,,,,,,,,,,,,,,0.4502500833611204,,,,,0.030383771285414696,6.715534982504323e-05
,imappo,,,,373.0,0.0,0.0,0.003357767429406522,0.0,0.0,0.0,0.0,0.003357767429406522,0.0,0.0,0.0,0.0,0.0,,,,,,,
-0.0019805319607257843,imappo,9.558973612655564e-10,0.7043347358703613,0.0008877625875291764,374.0,,,,,,,,,,,,,,0.45011670556852285,,,,,0.030617710202932358,6.450744695030153e-05
,imappo,,,,374.0,0.0,0.0,0.00322537233660114,0.0,0.0,0.0,0.0,0.00322537233660114,0.0,0.0,0.0,0.0,0.0,,,,,,,
-0.0011886733118444681,imappo,1.8946526569862954e-09,0.6840428113937378,0.000887462487495832,375.0,,,,,,,,,,,,,,0.4499833277759253,,,,,0.02915843576192856,6.526182551169768e-05
,imappo,,,,375.0,0.0,0.0,0.0032630914538458455,0.0,0.0,0.0,0.0,0.0032630914538458455,0.0,0.0,0.0,0.0,0.0,,,,,,,
-0.004114395007491112,imappo,2.1857413656789504e-09,0.7053561210632324,0.0008871623874624875,376.0,,,,,,,,,,,,,,0.4498499499833278,,,,,0.02717706188559532,5.95839592278935e-05
,imappo,,,,376.0,0.0,0.0,0.002979197925014887,0.0,0.0,0.0,0.0,0.002979197925014887,0.0,0.0,0.0,0.0,0.0,,,,,,,
-0.0029599801637232304,imappo,1.0219909363229362e-09,0.6957444548606873,0.0008868622874291431,377.0,,,,,,,,,,,,,,0.44971657219073025,,,,,0.028976697474718094,6.780978583265096e-05
,imappo,,,,377.0,0.0,0.0,0.0033904896044987254,0.0,0.0,0.0,0.0,0.0033904896044987254,0.0,0.0,0.0,0.0,0.0,,,,,,,
-0.006123404484242201,imappo,3.459451836107519e-09,0.7129029631614685,0.0008865621873957987,378.0,,,,,,,,,,,,,,0.4495831943981327,,,,,0.030185867100954056,6.843330629635602e-05
,imappo,,,,378.0,0.0,0.0,0.003421665143832797,0.0,0.0,0.0,0.0,0.003421665143832797,0.0,0.0,0.0,0.0,0.0,,,,,,,
-0.00021124834893271327,imappo,1.9206609636057692e-08,0.6662589907646179,0.0008862620873624542,379.0,,,,,,,,,,,,,,0.4494498166055352,,,,,0.03248872607946396,7.439553155563772e-05
,imappo,,,,379.0,0.0,0.0,0.003719776646903483,0.0,0.0,0.0,0.0,0.003719776646903483,0.0,0.0,0.0,0.0,0.0,,,,,,,
-0.0036056519020348787,imappo,4.7667931823980325e-09,0.6600227952003479,0.0008859619873291097,380.0,,,,,,,,,,,,,,0.44931643881293765,,,,,0.029397178441286087,6.498042785096914e-05
,imappo,,,,380.0,0.0,0.0,0.0032490209778188728,0.0,0.0,0.0,0.0,0.0032490209778188728,0.0,0.0,0.0,0.0,0.0,,,,,,,
-0.002245659474283457,imappo,2.9528735012718244e-09,0.658270001411438,0.0008856618872957653,381.0,,,,,,,,,,,,,,0.4491830610203401,,,,,0.030369997024536133,7.010292029008269e-05
,imappo,,,,381.0,0.0,0.0,0.0035051462473347783,0.0,0.0,0.0,0.0,0.0035051462473347783,0.0,0.0,0.0,0.0,0.0,,,,,,,
-0.007513399235904217,imappo,2.347926741919082e-09,0.678185760974884,0.0008853617872624208,382.0,,,,,,,,,,,,,,0.4490496832277426,,,,,0.0305388942360878,7.398614252451807e-05
,imappo,,,,382.0,0.0,0.0,0.003699307195347501,0.0,0.0,0.0,0.0,0.003699307195347501,0.0,0.0,0.0,0.0,0.0,,,,,,,
-0.0017592932563275099,imappo,3.640739620891509e-08,0.6911424398422241,0.0008850616872290764,383.0,,,,,,,,,,,,,,0.44891630543514505,,,,,0.025939008221030235,5.725368100684136e-05
,imappo,,,,383.0,0.0,0.0,0.002862683897546958,0.0,0.0,0.0,0.0,0.002862683897546958,0.0,0.0,0.0,0.0,0.0,,,,,,,
-0.006123294588178396,imappo,7.825401659999898e-09,0.6782397031784058,0.0008847615871957319,384.0,,,,,,,,,,,,,,0.4487829276425475,,,,,0.03468276560306549,7.760252628941089e-05
,imappo,,,,384.0,0.0,0.0,0.00388012617622735,0.0,0.0,0.0,0.0,0.00388012617622735,0.0,0.0,0.0,0.0,0.0,,,,,,,
-0.001720695523545146,imappo,5.454919627112531e-09,0.66488116979599,0.0008844614871623875,385.0,,,,,,,,,,,,,,0.44864954984995,,,,,0.029491066932678223,6.275739724515006e-05
,imappo,,,,385.0,0.0,0.0,0.0031378698913613334,0.0,0.0,0.0,0.0,0.0031378698913613334,0.0,0.0,0.0,0.0,0.0,,,,,,,
-0.0031581399962306023,imappo,2.563881995598649e-09,0.6831223368644714,0.0008841613871290431,386.0,,,,,,,,,,,,,,0.44851617205735245,,,,,0.03410991281270981,7.801080209901556e-05
,imappo,,,,386.0,0.0,0.0,0.003900540090398863,0.0,0.0,0.0,0.0,0.003900540090398863,0.0,0.0,0.0,0.0,0.0,,,,,,,
-0.0008887192234396935,imappo,1.771571866981958e-08,0.6545595526695251,0.0008838612870956986,387.0,,,,,,,,,,,,,,0.4483827942647549,,,,,0.03353353217244148,7.452380668837577e-05
,imappo,,,,387.0,0.0,0.0,0.003726190232555382,0.0,0.0,0.0,0.0,0.003726190232555382,0.0,0.0,0.0,0.0,0.0,,,,,,,
-0.002928068395704031,imappo,3.48516202564042e-08,0.6661468744277954,0.0008835611870623542,388.0,,,,,,,,,,,,,,0.4482494164721574,,,,,0.02941690944135189,6.993570423219353e-05
,imappo,,,,388.0,0.0,0.0,0.003496785015158821,0.0,0.0,0.0,0.0,0.003496785015158821,0.0,0.0,0.0,0.0,0.0,,,,,,,
-0.0036694747395813465,imappo,8.693090336464593e-08,0.6526651382446289,0.0008832610870290097,389.0,,,,,,,,,,,,,,0.44811603867955985,,,,,0.02813015505671501,6.294121703831479e-05
,imappo,,,,389.0,0.0,0.0,0.00314706097196904,0.0,0.0,0.0,0.0,0.00314706097196904,0.0,0.0,0.0,0.0,0.0,,,,,,,
-0.0015604982618242502,imappo,8.472215995425358e-08,0.6861584186553955,0.0008829609869956652,390.0,,,,,,,,,,,,,,0.4479826608869623,,,,,0.029175493866205215,6.451057561207563e-05
,imappo,,,,390.0,0.0,0.0,0.003225528544135159,0.0,0.0,0.0,0.0,0.003225528544135159,0.0,0.0,0.0,0.0,0.0,,,,,,,
-0.003823022823780775,imappo,1.6800674629280365e-08,0.6801564693450928,0.0008826608869623208,391.0,,,,,,,,,,,,,,0.4478492830943648,,,,,0.032103344798088074,7.09500745870173e-05
,imappo,,,,391.0,0.0,0.0,0.003547503765730653,0.0,0.0,0.0,0.0,0.003547503765730653,0.0,0.0,0.0,0.0,0.0,,,,,,,
-0.000982151017524302,imappo,1.716988506927919e-08,0.6404730081558228,0.0008823607869289764,392.0,,,,,,,,,,,,,,0.44771590530176725,,,,,0.027326174080371857,6.134517025202513e-05
,imappo,,,,392.0,0.0,0.0,0.003067258672672324,0.0,0.0,0.0,0.0,0.003067258672672324,0.0,0.0,0.0,0.0,0.0,,,,,,,
-0.004612721502780914,imappo,2.1026446361815943e-08,0.6461331844329834,0.0008820606868956319,393.0,,,,,,,,,,,,,,0.4475825275091697,,,,,0.03131992742419243,6.95573617122136e-05
,imappo,,,,393.0,0.0,0.0,0.0034778682747855783,0.0,0.0,0.0,0.0,0.0034778682747855783,0.0,0.0,0.0,0.0,0.0,,,,,,,
-0.0009824149310588837,imappo,4.138715326007514e-08,0.6724761724472046,0.0008817605868622875,394.0,,,,,,,,,,,,,,0.4474491497165722,,,,,0.030571680516004562,6.709594890708104e-05
,imappo,,,,394.0,0.0,0.0,0.003354797798237996,0.0,0.0,0.0,0.0,0.003354797798237996,0.0,0.0,0.0,0.0,0.0,,,,,,,
2.3016880732029676e-05,imappo,1.3566645584717207e-08,0.618817925453186,0.000881460486828943,395.0,,,,,,,,,,,,,,0.44731577192397465,,,,,0.029001429677009583,6.879433203721419e-05
,imappo,,,,395.0,0.0,0.0,0.003439716445427621,0.0,0.0,0.0,0.0,0.003439716445427621,0.0,0.0,0.0,0.0,0.0,,,,,,,
-0.002379626501351595,imappo,2.3390903436393273e-08,0.5940487384796143,0.0008811603867955986,396.0,,,,,,,,,,,,,,0.4471823941313771,,,,,0.02963675931096077,6.624834350077435e-05
,imappo,,,,396.0,0.0,0.0,0.0033124171022791415,0.0,0.0,0.0,0.0,0.0033124171022791415,0.0,0.0,0.0,0.0,0.0,,,,,,,
-0.007602112367749214,imappo,3.2363203672503005e-08,0.5756182670593262,0.0008808602867622542,397.0,,,,,,,,,,,,,,0.4470490163387796,,,,,0.030060362070798874,6.636427133344114e-05
,imappo,,,,397.0,0.0,0.0,0.0033182135957758874,0.0,0.0,0.0,0.0,0.0033182135957758874,0.0,0.0,0.0,0.0,0.0,,,,,,,
-0.00770215317606926,imappo,5.238365119453192e-08,0.6233402490615845,0.0008805601867289096,398.0,,,,,,,,,,,,,,0.44691563854618205,,,,,0.029515046626329422,6.618729094043374e-05
,imappo,,,,398.0,0.0,0.0,0.003309364794404246,0.0,0.0,0.0,0.0,0.003309364794404246,0.0,0.0,0.0,0.0,0.0,,,,,,,
0.0001890311250463128,imappo,1.5273791120762326e-08,0.555361807346344,0.0008802600866955652,399.0,,,,,,,,,,,,,,0.4467822607535845,,,,,0.02887793630361557,6.278452201513574e-05
,imappo,,,,399.0,0.0,0.0,0.003139225740596885,0.0,0.0,0.0,0.0,0.003139225740596885,0.0,0.0,0.0,0.0,0.0,,,,,,,
,imappo,,,,399.0,,,,,,,,,,,,,,,0.0,0.0,0.0,0.0,,
-0.005867877509444952,imappo,9.41225408723767e-09,0.5859675407409668,0.0008799599866622207,400.0,,,,,,,,,,,,,,0.446648882960987,,,,,0.031738415360450745,6.881052831886336e-05
,imappo,,,,400.0,0.0,0.0,0.003440526739723282,0.0,0.0,0.0,0.0,0.003440526739723282,0.0,0.0,0.0,0.0,0.0,,,,,,,
-0.002707483246922493,imappo,7.435016158297003e-09,0.5149231553077698,0.0008796598866288763,401.0,,,,,,,,,,,,,,0.44651550516838945,,,,,0.02883906103670597,6.509950617328286e-05
,imappo,,,,401.0,0.0,0.0,0.003254974948504241,0.0,0.0,0.0,0.0,0.003254974948504241,0.0,0.0,0.0,0.0,0.0,,,,,,,
-0.00347257312387228,imappo,3.0492419256233916e-08,0.4988998472690582,0.0008793597865955319,402.0,,,,,,,,,,,,,,0.4463821273757919,,,,,0.027937445789575577,6.402313010767102e-05
,imappo,,,,402.0,0.0,0.0,0.003201156545401318,0.0,0.0,0.0,0.0,0.003201156545401318,0.0,0.0,0.0,0.0,0.0,,,,,,,
-0.0163525752723217,imappo,7.828109716001563e-08,0.5658594965934753,0.0008790596865621874,403.0,,,,,,,,,,,,,,0.4462487495831944,,,,,0.03045133873820305,6.979829049669206e-05
,imappo,,,,403.0,0.0,0.0,0.003489914925012272,0.0,0.0,0.0,0.0,0.003489914925012272,0.0,0.0,0.0,0.0,0.0,,,,,,,
-0.00044878816697746515,imappo,1.1451516002125572e-07,0.5161659121513367,0.000878759586528843,404.0,,,,,,,,,,,,,,0.44611537179059685,,,,,0.028677742928266525,6.135833245934919e-05
,imappo,,,,404.0,0.0,0.0,0.0030679165101901162,0.0,0.0,0.0,0.0,0.0030679165101901162,0.0,0.0,0.0,0.0,0.0,,,,,,,
0.008545316755771637,imappo,1.0795374549843473e-07,0.4931013584136963,0.0008784594864954986,405.0,,,,,,,,,,,,,,0.4459819939979993,,,,,0.02777038887143135,6.71268135192804e-05
,imappo,,,,405.0,0.0,0.0,0.0033563407669134904,0.0,0.0,0.0,0.0,0.0033563407669134904,0.0,0.0,0.0,0.0,0.0,,,,,,,
-0.0027068699710071087,imappo,1.0172657027851528e-07,0.5392463207244873,0.000878159386462154,406.0,,,,,,,,,,,,,,0.4458486162054018,,,,,0.034731972962617874,7.892034045653418e-05
,imappo,,,,406.0,0.0,0.0,0.003946017190173734,0.0,0.0,0.0,0.0,0.003946017190173734,0.0,0.0,0.0,0.0,0.0,,,,,,,
-0.0036437357775866985,imappo,1.8606826301947876e-07,0.5376845002174377,0.0008778592864288096,407.0,,,,,,,,,,,,,,0.44571523841280425,,,,,0.02993236668407917,6.931328971404582e-05
,imappo,,,,407.0,0.0,0.0,0.003465664107352495,0.0,0.0,0.0,0.0,0.003465664107352495,0.0,0.0,0.0,0.0,0.0,,,,,,,
-0.0020577393006533384,imappo,2.213614465063074e-07,0.5483241677284241,0.0008775591863954652,408.0,,,,,,,,,,,,,,0.4455818606202067,,,,,0.033225368708372116,7.584481500089169e-05
,imappo,,,,408.0,0.0,0.0,0.0037922406336292624,0.0,0.0,0.0,0.0,0.0037922406336292624,0.0,0.0,0.0,0.0,0.0,,,,,,,
-0.0021291787270456553,imappo,2.0741070727581246e-07,0.5155628323554993,0.0008772590863621207,409.0,,,,,,,,,,,,,,0.4454484828276092,,,,,0.03286036476492882,7.298995478777215e-05
,imappo,,,,409.0,0.0,0.0,0.0036494977430265862,0.0,0.0,0.0,0.0,0.0036494977430265862,0.0,0.0,0.0,0.0,0.0,,,,,,,
-0.003453603945672512,imappo,3.5050823044002755e-07,0.541373610496521,0.0008769589863287763,410.0,,,,,,,,,,,,,,0.44531510503501165,,,,,0.029341474175453186,6.677107739960775e-05
,imappo,,,,410.0,0.0,0.0,0.0033385536189598497,0.0,0.0,0.0,0.0,0.0033385536189598497,0.0,0.0,0.0,0.0,0.0,,,,,,,
-0.008402475155889988,imappo,4.1872743850035476e-07,0.487901508808136,0.0008766588862954318,411.0,,,,,,,,,,,,,,0.4451817272424141,,,,,0.027727607637643814,6.182167999213561e-05
,imappo,,,,411.0,0.0,0.0,0.0030910839232092258,0.0,0.0,0.0,0.0,0.0030910839232092258,0.0,0.0,0.0,0.0,0.0,,,,,,,
-0.001874350942671299,imappo,3.6884839005324466e-07,0.5227800607681274,0.0008763587862620874,412.0,,,,,,,,,,,,,,0.4450483494498166,,,,,0.02734268829226494,6.442885933211073e-05
,imappo,,,,412.0,0.0,0.0,0.0032214427010330837,0.0,0.0,0.0,0.0,0.0032214427010330837,0.0,0.0,0.0,0.0,0.0,,,,,,,
-0.0035980844404548407,imappo,2.6135938924198854e-07,0.5134401321411133,0.000876058686228743,413.0,,,,,,,,,,,,,,0.44491497165721905,,,,,0.03306712210178375,7.516689947806299e-05
,imappo,,,,413.0,0.0,0.0,0.0037583445955533534,0.0,0.0,0.0,0.0,0.0037583445955533534,0.0,0.0,0.0,0.0,0.0,,,,,,,
-0.005885438062250614,imappo,3.2432117791358905e-07,0.5299205780029297,0.0008757585861953985,414.0,,,,,,,,,,,,,,0.4447815938646215,,,,,0.0320524238049984,7.461481436621398e-05
,imappo,,,,414.0,0.0,0.0,0.0037307408965716604,0.0,0.0,0.0,0.0,0.0037307408965716604,0.0,0.0,0.0,0.0,0.0,,,,,,,
-0.0017150138737633824,imappo,2.7690802539837023e-07,0.5306504368782043,0.000875458486162054,415.0,,,,,,,,,,,,,,0.444648216072024,,,,,0.035447265952825546,8.051320764934644e-05
,imappo,,,,415.0,0.0,0.0,0.004025660779007012,0.0,0.0,0.0,0.0,0.004025660779007012,0.0,0.0,0.0,0.0,0.0,,,,,,,
-0.001817932236008346,imappo,5.101907163407304e-07,0.5747727751731873,0.0008751583861287095,416.0,,,,,,,,,,,,,,0.44451483827942645,,,,,0.02822454646229744,5.978752233204432e-05
,imappo,,,,416.0,0.0,0.0,0.002989376062032534,0.0,0.0,0.0,0.0,0.002989376062032534,0.0,0.0,0.0,0.0,0.0,,,,,,,
-0.0009391395724378526,imappo,3.261096992446255e-07,0.5902629494667053,0.0008748582860953651,417.0,,,,,,,,,,,,,,0.4443814604868289,,,,,0.02958357147872448,6.526808283524588e-05
,imappo,,,,417.0,0.0,0.0,0.003263404083554633,0.0,0.0,0.0,0.0,0.003263404083554633,0.0,0.0,0.0,0.0,0.0,,,,,,,
-0.010082311928272247,imappo,1.6317244444508106e-07,0.5901104807853699,0.0008745581860620207,418.0,,,,,,,,,,,,,,0.4442480826942314,,,,,0.02888108417391777,6.471286906162277e-05
,imappo,,,,418.0,0.0,0.0,0.0032356433948734775,0.0,0.0,0.0,0.0,0.0032356433948734775,0.0,0.0,0.0,0.0,0.0,,,,,,,
-0.005143423099070787,imappo,1.9355484326410988e-08,0.5464645624160767,0.0008742580860286763,419.0,,,,,,,,,,,,,,0.44411470490163385,,,,,0.035729289054870605,7.716791151324287e-05
,imappo,,,,419.0,0.0,0.0,0.0038583954446949065,0.0,0.0,0.0,0.0,0.0038583954446949065,0.0,0.0,0.0,0.0,0.0,,,,,,,
-0.002350255148485303,imappo,2.3502343182713048e-08,0.5822307467460632,0.0008739579859953318,420.0,,,,,,,,,,,,,,0.44398132710903637,,,,,0.030820300802588463,6.618504994548857e-05
,imappo,,,,420.0,0.0,0.0,0.0033092525191023014,0.0,0.0,0.0,0.0,0.0033092525191023014,0.0,0.0,0.0,0.0,0.0,,,,,,,
-0.012289175763726234,imappo,4.61728744127754e-09,0.5409302711486816,0.0008736578859619874,421.0,,,,,,,,,,,,,,0.4438479493164388,,,,,0.03097676858305931,6.825100717833266e-05
,imappo,,,,421.0,0.0,0.0,0.003412550206121523,0.0,0.0,0.0,0.0,0.003412550206121523,0.0,0.0,0.0,0.0,0.0,,,,,,,
0.0012988834641873837,imappo,1.2745783983802994e-08,0.5322503447532654,0.0008733577859286429,422.0,,,,,,,,,,,,,,0.4437145715238413,,,,,0.028545934706926346,6.214500172063708e-05
,imappo,,,,422.0,0.0,0.0,0.003107250409811968,0.0,0.0,0.0,0.0,0.003107250409811968,0.0,0.0,0.0,0.0,0.0,,,,,,,
-0.006035984493792057,imappo,2.0979339154791887e-08,0.6226510405540466,0.0008730576858952985,423.0,,,,,,,,,,,,,,0.4435811937312437,,,,,0.0345102995634079,7.319045107578859e-05
,imappo,,,,423.0,0.0,0.0,0.00365952252104762,0.0,0.0,0.0,0.0,0.00365952252104762,0.0,0.0,0.0,0.0,0.0,,,,,,,
-0.005918718874454498,imappo,2.7145077297063835e-09,0.5636730790138245,0.000872757585861954,424.0,,,,,,,,,,,,,,0.44344781593864624,,,,,0.027635052800178528,6.176428723847494e-05
,imappo,,,,424.0,0.0,0.0,0.003088214434683323,0.0,0.0,0.0,0.0,0.003088214434683323,0.0,0.0,0.0,0.0,0.0,,,,,,,
0.0037615876644849777,imappo,1.3956231725842372e-08,0.5888653993606567,0.0008724574858286095,425.0,,,,,,,,,,,,,,0.44331443814604865,,,,,0.0305294468998909,6.429035420296714e-05
,imappo,,,,425.0,0.0,0.0,0.003214517953892937,0.0,0.0,0.0,0.0,0.003214517953892937,0.0,0.0,0.0,0.0,0.0,,,,,,,
-0.0017370912246406078,imappo,1.714672492880709e-08,0.5921213030815125,0.0008721573857952651,426.0,,,,,,,,,,,,,,0.4431810603534512,,,,,0.02971559390425682,6.599770131288096e-05
,imappo,,,,426.0,0.0,0.0,0.0032998851020238362,0.0,0.0,0.0,0.0,0.0032998851020238362,0.0,0.0,0.0,0.0,0.0,,,,,,,
-0.0011136152315884829,imappo,1.3185404768023545e-08,0.6367148756980896,0.0008718572857619206,427.0,,,,,,,,,,,,,,0.4430476825608536,,,,,0.030012452974915504,6.53050301480107e-05
,imappo,,,,427.0,0.0,0.0,0.003265251358243404,0.0,0.0,0.0,0.0,0.003265251358243404,0.0,0.0,0.0,0.0,0.0,,,,,,,
-0.001248332322575152,imappo,1.596933474345974e-09,0.6449961066246033,0.0008715571857285762,428.0,,,,,,,,,,,,,,0.4429143047682561,,,,,0.030394671484827995,6.62151796859689e-05
,imappo,,,,428.0,0.0,0.0,0.0033107592025771737,0.0,0.0,0.0,0.0,0.0033107592025771737,0.0,0.0,0.0,0.0,0.0,,,,,,,
-0.0036759774666279554,imappo,1.796483850569075e-09,0.5992957949638367,0.0008712570856952318,429.0,,,,,,,,,,,,,,0.4427809269756585,,,,,0.02848985232412815,6.398719415301457e-05
,imappo,,,,429.0,0.0,0.0,0.0031993600641726516,0.0,0.0,0.0,0.0,0.0031993600641726516,0.0,0.0,0.0,0.0,0.0,,,,,,,
0.0011665092315524817,imappo,1.2148939632083966e-08,0.6138452291488647,0.0008709569856618873,430.0,,,,,,,,,,,,,,0.44264754918306104,,,,,0.03529619798064232,7.874698349041864e-05
,imappo,,,,430.0,0.0,0.0,0.003937349269108381,0.0,0.0,0.0,0.0,0.003937349269108381,0.0,0.0,0.0,0.0,0.0,,,,,,,
-0.0037947718519717455,imappo,1.3533751896943613e-09,0.615108847618103,0.0008706568856285429,431.0,,,,,,,,,,,,,,0.44251417139046345,,,,,0.026223182678222656,5.9598689404083416e-05
,imappo,,,,431.0,0.0,0.0,0.0029799343865306582,0.0,0.0,0.0,0.0,0.0029799343865306582,0.0,0.0,0.0,0.0,0.0,,,,,,,
-0.003113705664873123,imappo,1.8302593218777474e-08,0.6175307035446167,0.0008703567855951983,432.0,,,,,,,,,,,,,,0.442380793597866,,,,,0.03240925073623657,7.345003541558981e-05
,imappo,,,,432.0,0.0,0.0,0.003672501647088211,0.0,0.0,0.0,0.0,0.003672501647088211,0.0,0.0,0.0,0.0,0.0,,,,,,,
-0.0018553511472418904,imappo,2.015870137483944e-08,0.61662358045578,0.0008700566855618539,433.0,,,,,,,,,,,,,,0.4422474158052684,,,,,0.0348186194896698,7.751248631393537e-05
,imappo,,,,433.0,0.0,0.0,0.0038756243739044294,0.0,0.0,0.0,0.0,0.0038756243739044294,0.0,0.0,0.0,0.0,0.0,,,,,,,
-0.00284578837454319,imappo,6.659991669266674e-09,0.6270925402641296,0.0008697565855285095,434.0,,,,,,,,,,,,,,0.4421140380126709,,,,,0.03023463487625122,6.454569665947929e-05
,imappo,,,,434.0,0.0,0.0,0.003227284843887901,0.0,0.0,0.0,0.0,0.003227284843887901,0.0,0.0,0.0,0.0,0.0,,,,,,,
-0.005185606889426708,imappo,3.96624821874525e-09,0.651075005531311,0.0008694564854951651,435.0,,,,,,,,,,,,,,0.4419806602200734,,,,,0.029114000499248505,6.441520235966891e-05
,imappo,,,,435.0,0.0,0.0,0.0032207601361733396,0.0,0.0,0.0,0.0,0.0032207601361733396,0.0,0.0,0.0,0.0,0.0,,,,,,,
-0.001737796002998948,imappo,2.407565702355896e-09,0.5893772840499878,0.0008691563854618206,436.0,,,,,,,,,,,,,,0.44184728242747584,,,,,0.026257965713739395,5.8058518334291875e-05
,imappo,,,,436.0,0.0,0.0,0.00290292568388395,0.0,0.0,0.0,0.0,0.00290292568388395,0.0,0.0,0.0,0.0,0.0,,,,,,,
-0.0029087583534419537,imappo,3.5431102496374933e-09,0.6447120308876038,0.0008688562854284762,437.0,,,,,,,,,,,,,,0.4417139046348783,,,,,0.028147738426923752,6.287421274464577e-05
,imappo,,,,437.0,0.0,0.0,0.0031437108846148476,0.0,0.0,0.0,0.0,0.0031437108846148476,0.0,0.0,0.0,0.0,0.0,,,,,,,
-0.004825120326131582,imappo,3.5622218508279957e-09,0.5770375728607178,0.0008685561853951317,438.0,,,,,,,,,,,,,,0.4415805268422808,,,,,0.02920779213309288,6.150985427666456e-05
,imappo,,,,438.0,0.0,0.0,0.003075492935749935,0.0,0.0,0.0,0.0,0.003075492935749935,0.0,0.0,0.0,0.0,0.0,,,,,,,
-0.006574021652340889,imappo,4.2253320842178255e-09,0.6052122712135315,0.0008682560853617873,439.0,,,,,,,,,,,,,,0.44144714904968324,,,,,0.029012203216552734,6.279314402490854e-05
,imappo,,,,439.0,0.0,0.0,0.0031396576268889476,0.0,0.0,0.0,0.0,0.0031396576268889476,0.0,0.0,0.0,0.0,0.0,,,,,,,
-0.0010058998595923185,imappo,9.97805127411766e-09,0.5814695358276367,0.0008679559853284429,440.0,,,,,,,,,,,,,,0.4413137712570857,,,,,0.034000784158706665,7.575151539640501e-05
,imappo,,,,440.0,0.0,0.0,0.0037875757734582294,0.0,0.0,0.0,0.0,0.0037875757734582294,0.0,0.0,0.0,0.0,0.0,,,,,,,
-0.0045366790145635605,imappo,6.276917652314751e-09,0.5788959860801697,0.0008676558852950984,441.0,,,,,,,,,,,,,,0.4411803934644882,,,,,0.03311100974678993,7.541394006693736e-05
,imappo,,,,441.0,0.0,0.0,0.0037706969123973977,0.0,0.0,0.0,0.0,0.0037706969123973977,0.0,0.0,0.0,0.0,0.0,,,,,,,
0.001392869045957923,imappo,4.461242930631215e-09,0.6043910980224609,0.0008673557852617539,442.0,,,,,,,,,,,,,,0.44104701567189064,,,,,0.03088763915002346,6.238433707039803e-05
,imappo,,,,442.0,0.0,0.0,0.0031192166643450037,0.0,0.0,0.0,0.0,0.0031192166643450037,0.0,0.0,0.0,0.0,0.0,,,,,,,
-0.0028173227328807116,imappo,6.357814275048668e-09,0.5412335395812988,0.0008670556852284094,443.0,,,,,,,,,,,,,,0.4409136378792931,,,,,0.03084212727844715,6.925562774995342e-05
,imappo,,,,443.0,0.0,0.0,0.003462781256530434,0.0,0.0,0.0,0.0,0.003462781256530434,0.0,0.0,0.0,0.0,0.0,,,,,,,
-0.0026267452631145716,imappo,1.5403672781744149e-09,0.5530986785888672,0.000866755585195065,444.0,,,,,,,,,,,,,,0.4407802600866956,,,,,0.029863981530070305,6.75625997246243e-05
,imappo,,,,444.0,0.0,0.0,0.003378129862539936,0.0,0.0,0.0,0.0,0.003378129862539936,0.0,0.0,0.0,0.0,0.0,,,,,,,
-0.005758479703217745,imappo,3.002268655905027e-09,0.5091552734375,0.0008664554851617206,445.0,,,,,,,,,,,,,,0.44064688229409804,,,,,0.028690548613667488,6.185802340041846e-05
,imappo,,,,445.0,0.0,0.0,0.0030929009772080462,0.0,0.0,0.0,0.0,0.0030929009772080462,0.0,0.0,0.0,0.0,0.0,,,,,,,
-0.001965604955330491,imappo,2.051911973666165e-09,0.5536148548126221,0.0008661553851283762,446.0,,,,,,,,,,,,,,0.4405135045015005,,,,,0.02758544683456421,6.291404133662581e-05
,imappo,,,,446.0,0.0,0.0,0.0031457021796086337,0.0,0.0,0.0,0.0,0.0031457021796086337,0.0,0.0,0.0,0.0,0.0,,,,,,,
-0.00997538585215807,imappo,1.587890885446086e-08,0.5382984280586243,0.0008658552850950317,447.0,,,,,,,,,,,,,,0.440380126708903,,,,,0.028445065021514893,6.696013588225469e-05
,imappo,,,,447.0,0.0,0.0,0.0033480066267657094,0.0,0.0,0.0,0.0,0.0033480066267657094,0.0,0.0,0.0,0.0,0.0,,,,,,,
-0.0046503725461661816,imappo,3.2279792172573707e-09,0.5739415287971497,0.0008655551850616873,448.0,,,,,,,,,,,,,,0.44024674891630544,,,,,0.031037859618663788,6.619758642045781e-05
,imappo,,,,448.0,0.0,0.0,0.003309879259177251,0.0,0.0,0.0,0.0,0.003309879259177251,0.0,0.0,0.0,0.0,0.0,,,,,,,
-0.0035219299606978893,imappo,5.115255330423452e-09,0.5217397212982178,0.0008652550850283428,449.0,,,,,,,,,,,,,,0.4401133711237079,,,,,0.03455979377031326,7.238146645249799e-05
,imappo,,,,449.0,0.0,0.0,0.0036190731152601074,0.0,0.0,0.0,0.0,0.0036190731152601074,0.0,0.0,0.0,0.0,0.0,,,,,,,
-0.002378182951360941,imappo,4.972343869980023e-09,0.5982263088226318,0.0008649549849949984,450.0,,,,,,,,,,,,,,0.4399799933311104,,,,,0.03493069112300873,7.424587965942919e-05
,imappo,,,,450.0,0.0,0.0,0.0037122941212146543,0.0,0.0,0.0,0.0,0.0037122941212146543,0.0,0.0,0.0,0.0,0.0,,,,,,,
-0.003962019924074411,imappo,2.9753117747333135e-09,0.6144449710845947,0.0008646548849616539,451.0,,,,,,,,,,,,,,0.43984661553851284,,,,,0.029505223035812378,6.3831772422418e-05
,imappo,,,,451.0,0.0,0.0,0.0031915885519993026,0.0,0.0,0.0,0.0,0.0031915885519993026,0.0,0.0,0.0,0.0,0.0,,,,,,,
-0.005670509301126003,imappo,4.603950110038113e-09,0.5712067484855652,0.0008643547849283095,452.0,,,,,,,,,,,,,,0.4397132377459153,,,,,0.03178222104907036,7.205171277746558e-05
,imappo,,,,452.0,0.0,0.0,0.003602585809858283,0.0,0.0,0.0,0.0,0.003602585809858283,0.0,0.0,0.0,0.0,0.0,,,,,,,
-0.005195260047912598,imappo,2.9978861615376218e-09,0.5361084938049316,0.000864054684894965,453.0,,,,,,,,,,,,,,0.4395798599533178,,,,,0.030050048604607582,6.792452040826902e-05
,imappo,,,,453.0,0.0,0.0,0.0033962262932618614,0.0,0.0,0.0,0.0,0.0033962262932618614,0.0,0.0,0.0,0.0,0.0,,,,,,,
-0.00215105339884758,imappo,1.3359597872408813e-09,0.5630820989608765,0.0008637545848616205,454.0,,,,,,,,,,,,,,0.43944648216072024,,,,,0.030542004853487015,7.11143366061151e-05
,imappo,,,,454.0,0.0,0.0,0.0035557169176172465,0.0,0.0,0.0,0.0,0.0035557169176172465,0.0,0.0,0.0,0.0,0.0,,,,,,,
-0.003902922384440899,imappo,2.130732035254823e-09,0.6021597385406494,0.0008634544848282761,455.0,,,,,,,,,,,,,,0.4393131043681227,,,,,0.028652265667915344,6.181430217111483e-05
,imappo,,,,455.0,0.0,0.0,0.0030907151485735085,0.0,0.0,0.0,0.0,0.0030907151485735085,0.0,0.0,0.0,0.0,0.0,,,,,,,
-0.0037107758689671755,imappo,3.1420599455600495e-09,0.5663290619850159,0.0008631543847949317,456.0,,,,,,,,,,,,,,0.4391797265755252,,,,,0.02898077853024006,6.344971916405484e-05
,imappo,,,,456.0,0.0,0.0,0.00317248584178742,0.0,0.0,0.0,0.0,0.00317248584178742,0.0,0.0,0.0,0.0,0.0,,,,,,,
-0.0022618782240897417,imappo,2.6760735849507e-09,0.5845341086387634,0.0008628542847615873,457.0,,,,,,,,,,,,,,0.43904634878292764,,,,,0.030885081738233566,6.372154894052073e-05
,imappo,,,,457.0,0.0,0.0,0.0031860774361121003,0.0,0.0,0.0,0.0,0.0031860774361121003,0.0,0.0,0.0,0.0,0.0,,,,,,,
-0.003935383167117834,imappo,7.610297281246403e-09,0.6024956107139587,0.0008625541847282428,458.0,,,,,,,,,,,,,,0.4389129709903301,,,,,0.03388706594705582,7.305604231078178e-05
,imappo,,,,458.0,0.0,0.0,0.0036528022901620716,0.0,0.0,0.0,0.0,0.0036528022901620716,0.0,0.0,0.0,0.0,0.0,,,,,,,
-0.00515704182907939,imappo,3.799773828916386e-09,0.5980352759361267,0.0008622540846948984,459.0,,,,,,,,,,,,,,0.4387795931977326,,,,,0.029086802154779434,6.47428460069932e-05
,imappo,,,,459.0,0.0,0.0,0.003237142096622847,0.0,0.0,0.0,0.0,0.003237142096622847,0.0,0.0,0.0,0.0,0.0,,,,,,,
-0.0029068731237202883,imappo,2.332782855773985e-09,0.5172603130340576,0.0008619539846615538,460.0,,,,,,,,,,,,,,0.43864621540513504,,,,,0.02788442373275757,6.23679588898085e-05
,imappo,,,,460.0,0.0,0.0,0.0031183978790068068,0.0,0.0,0.0,0.0,0.0031183978790068068,0.0,0.0,0.0,0.0,0.0,,,,,,,
-0.005469906143844128,imappo,6.610679115226503e-09,0.5277042388916016,0.0008616538846282094,461.0,,,,,,,,,,,,,,0.4385128376125375,,,,,0.032075200229883194,7.271679351106286e-05
,imappo,,,,461.0,0.0,0.0,0.0036358391807880253,0.0,0.0,0.0,0.0,0.0036358391807880253,0.0,0.0,0.0,0.0,0.0,,,,,,,
-0.00020146099268458784,imappo,1.2464888010654818e-09,0.5214162468910217,0.000861353784594865,462.0,,,,,,,,,,,,,,0.43837945981994,,,,,0.02660265378654003,6.179919000715017e-05
,imappo,,,,462.0,0.0,0.0,0.0030899596313247457,0.0,0.0,0.0,0.0,0.0030899596313247457,0.0,0.0,0.0,0.0,0.0,,,,,,,
0.0011774834711104631,imappo,4.142828302633461e-09,0.5355370044708252,0.0008610536845615205,463.0,,,,,,,,,,,,,,0.43824608202734244,,,,,0.025377430021762848,6.09629787504673e-05
,imappo,,,,463.0,0.0,0.0,0.003048148599191336,0.0,0.0,0.0,0.0,0.003048148599191336,0.0,0.0,0.0,0.0,0.0,,,,,,,
-0.005209879018366337,imappo,1.7375435534816575e-09,0.5395964980125427,0.0008607535845281761,464.0,,,,,,,,,,,,,,0.4381127042347449,,,,,0.0229792557656765,6.0114249208709225e-05
,imappo,,,,464.0,0.0,0.0,0.003005712711455999,0.0,0.0,0.0,0.0,0.003005712711455999,0.0,0.0,0.0,0.0,0.0,,,,,,,
-0.0008383806562051177,imappo,7.717176897514832e-10,0.5658339858055115,0.0008604534844948316,465.0,,,,,,,,,,,,,,0.4379793264421474,,,,,0.035354286432266235,7.060503412503749e-05
,imappo,,,,465.0,0.0,0.0,0.003530251731717726,0.0,0.0,0.0,0.0,0.003530251731717726,0.0,0.0,0.0,0.0,0.0,,,,,,,
-0.0032612865325063467,imappo,2.4244592111699603e-08,0.5199500322341919,0.0008601533844614872,466.0,,,,,,,,,,,,,,0.43784594864954984,,,,,0.032768040895462036,5.5083437473513186e-05
,imappo,,,,466.0,0.0,0.0,0.002754171664491878,0.0,0.0,0.0,0.0,0.002754171664491878,0.0,0.0,0.0,0.0,0.0,,,,,,,
-0.001918114023283124,imappo,5.214774390083221e-09,0.5835818648338318,0.0008598532844281428,467.0,,,,,,,,,,,,,,0.4377125708569523,,,,,0.03800448775291443,7.305714825633913e-05
,imappo,,,,467.0,0.0,0.0,0.0036528576274577063,0.0,0.0,0.0,0.0,0.0036528576274577063,0.0,0.0,0.0,0.0,0.0,,,,,,,
-0.00636928528547287,imappo,6.216583692264521e-09,0.6428011655807495,0.0008595531843947984,468.0,,,,,,,,,,,,,,0.4375791930643548,,,,,0.027952328324317932,6.094865602790378e-05
,imappo,,,,468.0,0.0,0.0,0.003047432648600079,0.0,0.0,0.0,0.0,0.003047432648600079,0.0,0.0,0.0,0.0,0.0,,,,,,,
-0.008454836905002594,imappo,4.36778302415064e-09,0.5691285133361816,0.0008592530843614538,469.0,,,,,,,,,,,,,,0.43744581527175724,,,,,0.032654959708452225,7.205327710835263e-05
,imappo,,,,469.0,0.0,0.0,0.0036026637390023097,0.0,0.0,0.0,0.0,0.0036026637390023097,0.0,0.0,0.0,0.0,0.0,,,,,,,
0.00032625184394419193,imappo,3.275957061177337e-09,0.533942699432373,0.0008589529843281094,470.0,,,,,,,,,,,,,,0.4373124374791597,,,,,0.03527864068746567,7.618574454681948e-05
,imappo,,,,470.0,0.0,0.0,0.0038092871982371435,0.0,0.0,0.0,0.0,0.0038092871982371435,0.0,0.0,0.0,0.0,0.0,,,,,,,
-0.010229921899735928,imappo,1.4234355916187269e-08,0.5113076567649841,0.0008586528842947649,471.0,,,,,,,,,,,,,,0.4371790596865622,,,,,0.031099911779165268,5.857156065758318e-05
,imappo,,,,471.0,0.0,0.0,0.0029285780365171377,0.0,0.0,0.0,0.0,0.0029285780365171377,0.0,0.0,0.0,0.0,0.0,,,,,,,
-0.001445018919184804,imappo,5.585170104183135e-09,0.5653008818626404,0.0008583527842614205,472.0,,,,,,,,,,,,,,0.43704568189396464,,,,,0.02363690920174122,5.697352025890723e-05
,imappo,,,,472.0,0.0,0.0,0.0028486759547377005,0.0,0.0,0.0,0.0,0.0028486759547377005,0.0,0.0,0.0,0.0,0.0,,,,,,,
-0.002660827711224556,imappo,5.819181136956786e-09,0.6181199550628662,0.0008580526842280761,473.0,,,,,,,,,,,,,,0.4369123041013671,,,,,0.033980466425418854,7.193411875050515e-05
,imappo,,,,473.0,0.0,0.0,0.0035967057301604655,0.0,0.0,0.0,0.0,0.0035967057301604655,0.0,0.0,0.0,0.0,0.0,,,,,,,
-0.003289201995357871,imappo,9.10363251449553e-09,0.51519376039505,0.0008577525841947316,474.0,,,,,,,,,,,,,,0.4367789263087696,,,,,0.03131435811519623,7.217546954052523e-05
,imappo,,,,474.0,0.0,0.0,0.003608773731684778,0.0,0.0,0.0,0.0,0.003608773731684778,0.0,0.0,0.0,0.0,0.0,,,,,,,
-0.002570902928709984,imappo,5.829432492276965e-09,0.6280256509780884,0.0008574524841613872,475.0,,,,,,,,,,,,,,0.43664554851617204,,,,,0.029830947518348694,6.448849308071658e-05
,imappo,,,,475.0,0.0,0.0,0.0032244246285699774,0.0,0.0,0.0,0.0,0.0032244246285699774,0.0,0.0,0.0,0.0,0.0,,,,,,,
-0.004620144609361887,imappo,2.181297142911376e-09,0.5796219110488892,0.0008571523841280427,476.0,,,,,,,,,,,,,,0.4365121707235745,,,,,0.03139534965157509,6.928009679540992e-05
,imappo,,,,476.0,0.0,0.0,0.003464004839770496,0.0,0.0,0.0,0.0,0.003464004839770496,0.0,0.0,0.0,0.0,0.0,,,,,,,
-0.002723667537793517,imappo,1.0444449749513751e-08,0.5624856948852539,0.0008568522840946982,477.0,,,,,,,,,,,,,,0.436378792930977,,,,,0.030242767184972763,6.279614171944559e-05
,imappo,,,,477.0,0.0,0.0,0.0031398071041621733,0.0,0.0,0.0,0.0,0.0031398071041621733,0.0,0.0,0.0,0.0,0.0,,,,,,,
-0.0033364652190357447,imappo,3.0625166846931506e-09,0.5202456116676331,0.0008565521840613538,478.0,,,,,,,,,,,,,,0.43624541513837944,,,,,0.028172479942440987,6.20902719674632e-05
,imappo,,,,478.0,0.0,0.0,0.0031045137511682697,0.0,0.0,0.0,0.0,0.0031045137511682697,0.0,0.0,0.0,0.0,0.0,,,,,,,
-0.0033683921210467815,imappo,4.621588889364148e-09,0.5522536039352417,0.0008562520840280093,479.0,,,,,,,,,,,,,,0.4361120373457819,,,,,0.028919603675603867,6.444696919061244e-05
,imappo,,,,479.0,0.0,0.0,0.0032223485213762615,0.0,0.0,0.0,0.0,0.0032223485213762615,0.0,0.0,0.0,0.0,0.0,,,,,,,
-0.005258649587631226,imappo,7.265837709269363e-09,0.48160216212272644,0.0008559519839946649,480.0,,,,,,,,,,,,,,0.4359786595531844,,,,,0.03303904831409454,7.36323490855284e-05
,imappo,,,,480.0,0.0,0.0,0.003681617323309183,0.0,0.0,0.0,0.0,0.003681617323309183,0.0,0.0,0.0,0.0,0.0,,,,,,,
-0.0014471389586105943,imappo,2.4309576573955383e-09,0.43166518211364746,0.0008556518839613205,481.0,,,,,,,,,,,,,,0.43584528176058684,,,,,0.032750584185123444,6.66858977638185e-05
,imappo,,,,481.0,0.0,0.0,0.003334294793603476,0.0,0.0,0.0,0.0,0.003334294793603476,0.0,0.0,0.0,0.0,0.0,,,,,,,
-0.0006731410976499319,imappo,3.388382019409164e-09,0.591477632522583,0.000855351783927976,482.0,,,,,,,,,,,,,,0.4357119039679893,,,,,0.027771838009357452,5.8945970522472635e-05
,imappo,,,,482.0,0.0,0.0,0.0029472985916072503,0.0,0.0,0.0,0.0,0.0029472985916072503,0.0,0.0,0.0,0.0,0.0,,,,,,,
0.0015946512576192617,imappo,9.822339386289514e-09,0.435518741607666,0.0008550516838946316,483.0,,,,,,,,,,,,,,0.4355785261753918,,,,,0.030269896611571312,7.300145807676017e-05
,imappo,,,,483.0,0.0,0.0,0.003650072780146729,0.0,0.0,0.0,0.0,0.003650072780146729,0.0,0.0,0.0,0.0,0.0,,,,,,,
-0.002474163891747594,imappo,5.959461368831853e-09,0.47113358974456787,0.0008547515838612872,484.0,,,,,,,,,,,,,,0.43544514838279424,,,,,0.03061516210436821,7.324098260141909e-05
,imappo,,,,484.0,0.0,0.0,0.0036620489008782897,0.0,0.0,0.0,0.0,0.0036620489008782897,0.0,0.0,0.0,0.0,0.0,,,,,,,
-0.004754060413688421,imappo,2.079344696426233e-09,0.5766929388046265,0.0008544514838279427,485.0,,,,,,,,,,,,,,0.4353117705901967,,,,,0.03372891992330551,6.815454253228381e-05
,imappo,,,,485.0,0.0,0.0,0.003407727115700254,0.0,0.0,0.0,0.0,0.003407727115700254,0.0,0.0,0.0,0.0,0.0,,,,,,,
0.0013202010886743665,imappo,5.010060810661798e-09,0.43995848298072815,0.0008541513837945982,486.0,,,,,,,,,,,,,,0.4351783927975992,,,,,0.02699132263660431,8.001754758879542e-05
,imappo,,,,486.0,0.0,0.0,0.004000877710495843,0.0,0.0,0.0,0.0,0.004000877710495843,0.0,0.0,0.0,0.0,0.0,,,,,,,
0.004564868286252022,imappo,8.73583161364877e-09,0.489506334066391,0.0008538512837612537,487.0,,,,,,,,,,,,,,0.43504501500500165,,,,,0.02925112098455429,6.451364606618881e-05
,imappo,,,,487.0,0.0,0.0,0.003225682205084013,0.0,0.0,0.0,0.0,0.003225682205084013,0.0,0.0,0.0,0.0,0.0,,,,,,,
-0.005326473154127598,imappo,5.252046264558885e-08,0.44783514738082886,0.0008535511837279093,488.0,,,,,,,,,,,,,,0.4349116372124041,,,,,0.03438536077737808,6.093242336646654e-05
,imappo,,,,488.0,0.0,0.0,0.003046621042813058,0.0,0.0,0.0,0.0,0.003046621042813058,0.0,0.0,0.0,0.0,0.0,,,,,,,
-0.005166776943951845,imappo,7.953327241239094e-08,0.4117734134197235,0.0008532510836945649,489.0,,,,,,,,,,,,,,0.4347782594198066,,,,,0.031885258853435516,5.3738232963951305e-05
,imappo,,,,489.0,0.0,0.0,0.002686911725504615,0.0,0.0,0.0,0.0,0.002686911725504615,0.0,0.0,0.0,0.0,0.0,,,,,,,
-0.006658910308033228,imappo,1.4916332702341606e-07,0.43266281485557556,0.0008529509836612204,490.0,,,,,,,,,,,,,,0.43464488162720905,,,,,0.032851383090019226,4.703606464318e-05
,imappo,,,,490.0,0.0,0.0,0.002351803128476604,0.0,0.0,0.0,0.0,0.002351803128476604,0.0,0.0,0.0,0.0,0.0,,,,,,,
-0.0018018148839473724,imappo,5.3950625300558386e-08,0.5130518674850464,0.000852650883627876,491.0,,,,,,,,,,,,,,0.4345115038346115,,,,,0.028760232031345367,5.0293499953113496e-05
,imappo,,,,491.0,0.0,0.0,0.0025146751504507847,0.0,0.0,0.0,0.0,0.0025146751504507847,0.0,0.0,0.0,0.0,0.0,,,,,,,
-0.007512152194976807,imappo,1.8154084457933095e-08,0.5762628316879272,0.0008523507835945315,492.0,,,,,,,,,,,,,,0.434378126042014,,,,,0.029532065615057945,5.551304275286384e-05
,imappo,,,,492.0,0.0,0.0,0.002775651790216216,0.0,0.0,0.0,0.0,0.002775651790216216,0.0,0.0,0.0,0.0,0.0,,,,,,,
-0.0014846945414319634,imappo,4.137207909593599e-09,0.42671412229537964,0.0008520506835611871,493.0,,,,,,,,,,,,,,0.43424474824941645,,,,,0.03054254688322544,6.45447798888199e-05
,imappo,,,,493.0,0.0,0.0,0.0032272393436869606,0.0,0.0,0.0,0.0,0.0032272393436869606,0.0,0.0,0.0,0.0,0.0,,,,,,,
-0.0022199179511517286,imappo,7.947740243707813e-09,0.377258837223053,0.0008517505835278427,494.0,,,,,,,,,,,,,,0.4341113704568189,,,,,0.03314629942178726,7.42389602237381e-05
,imappo,,,,494.0,0.0,0.0,0.0037119478220120072,0.0,0.0,0.0,0.0,0.0037119478220120072,0.0,0.0,0.0,0.0,0.0,,,,,,,
-0.0022079104091972113,imappo,5.9813127784025255e-09,0.5306484699249268,0.0008514504834944983,495.0,,,,,,,,,,,,,,0.43397799266422143,,,,,0.029849091544747353,6.115670112194493e-05
,imappo,,,,495.0,0.0,0.0,0.0030578348341805395,0.0,0.0,0.0,0.0,0.0030578348341805395,0.0,0.0,0.0,0.0,0.0,,,,,,,
-0.004077925346791744,imappo,1.4466562392456694e-09,0.38736483454704285,0.0008511503834611537,496.0,,,,,,,,,,,,,,0.43384461487162385,,,,,0.032306768000125885,7.333850226132199e-05
,imappo,,,,496.0,0.0,0.0,0.0036669250730483327,0.0,0.0,0.0,0.0,0.0036669250730483327,0.0,0.0,0.0,0.0,0.0,,,,,,,
-0.0021228452678769827,imappo,4.4766257367712115e-09,0.4063650369644165,0.0008508502834278093,497.0,,,,,,,,,,,,,,0.43371123707902637,,,,,0.0330163910984993,7.16990907676518e-05
,imappo,,,,497.0,0.0,0.0,0.0035849544874508865,0.0,0.0,0.0,0.0,0.0035849544874508865,0.0,0.0,0.0,0.0,0.0,,,,,,,
-0.008556418120861053,imappo,2.4324640079953497e-09,0.592258095741272,0.0008505501833944648,498.0,,,,,,,,,,,,,,0.4335778592864288,,,,,0.02758605405688286,5.89901210332755e-05
,imappo,,,,498.0,0.0,0.0,0.0029495059716282412,0.0,0.0,0.0,0.0,0.0029495059716282412,0.0,0.0,0.0,0.0,0.0,,,,,,,
-0.0003995827282778919,imappo,1.0519624060734145e-09,0.48273077607154846,0.0008502500833611204,499.0,,,,,,,,,,,,,,0.4334444814938313,,,,,0.02738630585372448,6.237423804122955e-05
,imappo,,,,499.0,0.0,0.0,0.0031187119202513713,0.0,0.0,0.0,0.0,0.0031187119202513713,0.0,0.0,0.0,0.0,0.0,,,,,,,
,imappo,,,,499.0,,,,,,,,,,,,,,,0.0,0.0,0.0,0.0,,
-0.0051952204667031765,imappo,4.333343461837558e-09,0.46957433223724365,0.000849949983327776,500.0,,,,,,,,,,,,,,0.4333111037012337,,,,,0.02927146479487419,6.466022750828415e-05
,imappo,,,,500.0,0.0,0.0,0.003233011728298152,0.0,0.0,0.0,0.0,0.003233011728298152,0.0,0.0,0.0,0.0,0.0,,,,,,,
0.003546430729329586,imappo,8.032161047388797e-10,0.4900479018688202,0.0008496498832944315,501.0,,,,,,,,,,,,,,0.43317772590863624,,,,,0.030673563480377197,6.347338057821617e-05
,imappo,,,,501.0,0.0,0.0,0.0031736692653794307,0.0,0.0,0.0,0.0,0.0031736692653794307,0.0,0.0,0.0,0.0,0.0,,,,,,,
-0.007312678266316652,imappo,2.97612223754129e-09,0.3993179202079773,0.0008493497832610871,502.0,,,,,,,,,,,,,,0.43304434811603865,,,,,0.030921947211027145,6.997245509410277e-05
,imappo,,,,502.0,0.0,0.0,0.0034986228529305663,0.0,0.0,0.0,0.0,0.0034986228529305663,0.0,0.0,0.0,0.0,0.0,,,,,,,
-0.002729312051087618,imappo,1.3179398683504928e-09,0.4098159372806549,0.0008490496832277426,503.0,,,,,,,,,,,,,,0.43291097032344117,,,,,0.03275829553604126,6.91658424329944e-05
,imappo,,,,503.0,0.0,0.0,0.003458292194409296,0.0,0.0,0.0,0.0,0.003458292194409296,0.0,0.0,0.0,0.0,0.0,,,,,,,
-0.006085072178393602,imappo,9.63907265116859e-09,0.3693464696407318,0.0008487495831943981,504.0,,,,,,,,,,,,,,0.4327775925308436,,,,,0.030175235122442245,6.295104685705155e-05
,imappo,,,,504.0,0.0,0.0,0.0031475521900574677,0.0,0.0,0.0,0.0,0.0031475521900574677,0.0,0.0,0.0,0.0,0.0,,,,,,,
-0.0004545675765257329,imappo,1.892014322990576e-09,0.5052867531776428,0.0008484494831610537,505.0,,,,,,,,,,,,,,0.4326442147382461,,,,,0.03320677578449249,7.21640681149438e-05
,imappo,,,,505.0,0.0,0.0,0.0036082033184356987,0.0,0.0,0.0,0.0,0.0036082033184356987,0.0,0.0,0.0,0.0,0.0,,,,,,,
-0.0019136061891913414,imappo,8.329997247535914e-10,0.4034597873687744,0.0008481493831277092,506.0,,,,,,,,,,,,,,0.4325108369456485,,,,,0.03193105757236481,7.09790110704489e-05
,imappo,,,,506.0,0.0,0.0,0.003548950411641272,0.0,0.0,0.0,0.0,0.003548950411641272,0.0,0.0,0.0,0.0,0.0,,,,,,,
0.0009577457094565034,imappo,2.467374748960083e-09,0.42365527153015137,0.0008478492830943648,507.0,,,,,,,,,,,,,,0.43237745915305104,,,,,0.03136488422751427,7.110650039976463e-05
,imappo,,,,507.0,0.0,0.0,0.003555325081833871,0.0,0.0,0.0,0.0,0.003555325081833871,0.0,0.0,0.0,0.0,0.0,,,,,,,
-0.0029585554730147123,imappo,6.4305454294810716e-09,0.4086904227733612,0.0008475491830610203,508.0,,,,,,,,,,,,,,0.43224408136045345,,,,,0.028781212866306305,6.089928501751274e-05
,imappo,,,,508.0,0.0,0.0,0.0030449643163592555,0.0,0.0,0.0,0.0,0.0030449643163592555,0.0,0.0,0.0,0.0,0.0,,,,,,,
-0.01284878607839346,imappo,3.784526469985394e-09,0.4302910268306732,0.0008472490830276759,509.0,,,,,,,,,,,,,,0.43211070356785597,,,,,0.03163096308708191,6.82008612784557e-05
,imappo,,,,509.0,0.0,0.0,0.0034100427365046926,0.0,0.0,0.0,0.0,0.0034100427365046926,0.0,0.0,0.0,0.0,0.0,,,,,,,
-0.015287462621927261,imappo,1.657579629110728e-09,0.41548824310302734,0.0008469489829943315,510.0,,,,,,,,,,,,,,0.43197732577525844,,,,,0.02766195312142372,5.80557607463561e-05
,imappo,,,,510.0,0.0,0.0,0.002902788284700364,0.0,0.0,0.0,0.0,0.002902788284700364,0.0,0.0,0.0,0.0,0.0,,,,,,,
-0.006900159642100334,imappo,1.160306517533627e-09,0.48271963000297546,0.0008466488829609871,511.0,,,,,,,,,,,,,,0.4318439479826609,,,,,0.031030209735035896,6.628541450481862e-05
,imappo,,,,511.0,0.0,0.0,0.0033142705033242237,0.0,0.0,0.0,0.0,0.0033142705033242237,0.0,0.0,0.0,0.0,0.0,,,,,,,
-0.01000137161463499,imappo,6.0370575205581645e-09,0.6600605249404907,0.0008463487829276426,512.0,,,,,,,,,,,,,,0.43171057019006337,,,,,0.02713782712817192,5.9247351600788534e-05
,imappo,,,,512.0,0.0,0.0,0.002962367634609109,0.0,0.0,0.0,0.0,0.002962367634609109,0.0,0.0,0.0,0.0,0.0,,,,,,,
0.003765800502151251,imappo,1.2912703128975522e-09,0.4853016138076782,0.0008460486828942981,513.0,,,,,,,,,,,,,,0.43157719239746584,,,,,0.03006582520902157,6.490965461125597e-05
,imappo,,,,513.0,0.0,0.0,0.003245482897909824,0.0,0.0,0.0,0.0,0.003245482897909824,0.0,0.0,0.0,0.0,0.0,,,,,,,
-0.004561159759759903,imappo,1.3884259297824997e-09,0.5643114447593689,0.0008457485828609536,514.0,,,,,,,,,,,,,,0.4314438146048683,,,,,0.02825983241200447,5.9694295487133786e-05
,imappo,,,,514.0,0.0,0.0,0.002984714647027431,0.0,0.0,0.0,0.0,0.002984714647027431,0.0,0.0,0.0,0.0,0.0,,,,,,,
-0.006260763853788376,imappo,1.90049451731511e-08,0.6701132655143738,0.0008454484828276092,515.0,,,,,,,,,,,,,,0.43131043681227077,,,,,0.030137620866298676,6.612603465327993e-05
,imappo,,,,515.0,0.0,0.0,0.0033063018272514455,0.0,0.0,0.0,0.0,0.0033063018272514455,0.0,0.0,0.0,0.0,0.0,,,,,,,
-0.0046219369396567345,imappo,8.125730310837298e-09,0.5442837476730347,0.0008451483827942648,516.0,,,,,,,,,,,,,,0.43117705901967324,,,,,0.03537191078066826,7.64192664064467e-05
,imappo,,,,516.0,0.0,0.0,0.0038209633203223348,0.0,0.0,0.0,0.0,0.0038209633203223348,0.0,0.0,0.0,0.0,0.0,,,,,,,
-0.006231633946299553,imappo,5.5723813119357146e-08,0.673505425453186,0.0008448482827609203,517.0,,,,,,,,,,,,,,0.4310436812270757,,,,,0.03442131727933884,7.537741475971416e-05
,imappo,,,,517.0,0.0,0.0,0.003768870752537623,0.0,0.0,0.0,0.0,0.003768870752537623,0.0,0.0,0.0,0.0,0.0,,,,,,,
-0.004030582495033741,imappo,1.1153737489166815e-08,0.4196750521659851,0.0008445481827275759,518.0,,,,,,,,,,,,,,0.43091030343447817,,,,,0.030065232887864113,7.128246215870604e-05
,imappo,,,,518.0,0.0,0.0,0.003564122976968065,0.0,0.0,0.0,0.0,0.003564122976968065,0.0,0.0,0.0,0.0,0.0,,,,,,,
-0.0003222827799618244,imappo,1.6595310681211117e-09,0.502695620059967,0.0008442480826942314,519.0,,,,,,,,,,,,,,0.43077692564188064,,,,,0.028713352978229523,6.284235132625327e-05
,imappo,,,,519.0,0.0,0.0,0.003142117460811278,0.0,0.0,0.0,0.0,0.003142117460811278,0.0,0.0,0.0,0.0,0.0,,,,,,,
-0.008507311344146729,imappo,8.92971474542037e-09,0.5272922515869141,0.000843947982660887,520.0,,,,,,,,,,,,,,0.4306435478492831,,,,,0.030079981312155724,6.455554103013128e-05
,imappo,,,,520.0,0.0,0.0,0.0032277773680107202,0.0,0.0,0.0,0.0,0.0032277773680107202,0.0,0.0,0.0,0.0,0.0,,,,,,,
-0.0057358755730092525,imappo,2.1015944540181408e-08,0.43079060316085815,0.0008436478826275426,521.0,,,,,,,,,,,,,,0.43051017005668557,,,,,0.03146294504404068,7.034779264358804e-05
,imappo,,,,521.0,0.0,0.0,0.003517389646731317,0.0,0.0,0.0,0.0,0.003517389646731317,0.0,0.0,0.0,0.0,0.0,,,,,,,
-0.008992091752588749,imappo,1.345752220771601e-08,0.5158220529556274,0.0008433477825941981,522.0,,,,,,,,,,,,,,0.43037679226408804,,,,,0.028979003429412842,6.31046132184565e-05
,imappo,,,,522.0,0.0,0.0,0.0031552304935758,0.0,0.0,0.0,0.0,0.0031552304935758,0.0,0.0,0.0,0.0,0.0,,,,,,,
-0.005330221727490425,imappo,3.432111128631732e-08,0.6888113617897034,0.0008430476825608536,523.0,,,,,,,,,,,,,,0.4302434144714905,,,,,0.02921050414443016,6.357684469548985e-05
,imappo,,,,523.0,0.0,0.0,0.003178842358465772,0.0,0.0,0.0,0.0,0.003178842358465772,0.0,0.0,0.0,0.0,0.0,,,,,,,
-0.007040098775178194,imappo,2.235169382913682e-09,0.5668032765388489,0.0008427475825275092,524.0,,,,,,,,,,,,,,0.43011003667889297,,,,,0.03132978826761246,6.879419379401952e-05
,imappo,,,,524.0,0.0,0.0,0.003439709576923633,0.0,0.0,0.0,0.0,0.003439709576923633,0.0,0.0,0.0,0.0,0.0,,,,,,,
0.000948958215303719,imappo,4.390565688794368e-09,0.5039281845092773,0.0008424474824941647,525.0,,,,,,,,,,,,,,0.42997665888629544,,,,,0.033095717430114746,7.240982085932046e-05
,imappo,,,,525.0,0.0,0.0,0.003620490795583464,0.0,0.0,0.0,0.0,0.003620490795583464,0.0,0.0,0.0,0.0,0.0,,,,,,,
-0.0008947610622271895,imappo,4.6894657046436805e-09,0.5669424533843994,0.0008421473824608203,526.0,,,,,,,,,,,,,,0.4298432810936979,,,,,0.0300309956073761,6.561813643202186e-05
,imappo,,,,526.0,0.0,0.0,0.0032809071271913126,0.0,0.0,0.0,0.0,0.0032809071271913126,0.0,0.0,0.0,0.0,0.0,,,,,,,
-0.009157252497971058,imappo,4.438355460933963e-09,0.533576250076294,0.0008418472824274759,527.0,,,,,,,,,,,,,,0.42970990330110037,,,,,0.026532042771577835,5.7329179981024936e-05
,imappo,,,,527.0,0.0,0.0,0.0028664592537097633,0.0,0.0,0.0,0.0,0.0028664592537097633,0.0,0.0,0.0,0.0,0.0,,,,,,,
-0.0027986783534288406,imappo,4.843795586850774e-09,0.6152422428131104,0.0008415471823941314,528.0,,,,,,,,,,,,,,0.42957652550850284,,,,,0.03377189487218857,7.086944970069453e-05
,imappo,,,,528.0,0.0,0.0,0.0035434725396044087,0.0,0.0,0.0,0.0,0.0035434725396044087,0.0,0.0,0.0,0.0,0.0,,,,,,,
-0.003500663209706545,imappo,1.1479545314330153e-08,0.6043345332145691,0.000841247082360787,529.0,,,,,,,,,,,,,,0.4294431477159053,,,,,0.03243250399827957,6.870811193948612e-05
,imappo,,,,529.0,0.0,0.0,0.0034354057897871826,0.0,0.0,0.0,0.0,0.0034354057897871826,0.0,0.0,0.0,0.0,0.0,,,,,,,
-0.009459415450692177,imappo,1.3922910602204297e-09,0.5522500872612,0.0008409469823274424,530.0,,,,,,,,,,,,,,0.42930976992330777,,,,,0.029810525476932526,6.594655133085325e-05
,imappo,,,,530.0,0.0,0.0,0.0032973275338008534,0.0,0.0,0.0,0.0,0.0032973275338008534,0.0,0.0,0.0,0.0,0.0,,,,,,,
-0.0009497234132140875,imappo,2.18224771586506e-09,0.6086288690567017,0.000840646882294098,531.0,,,,,,,,,,,,,,0.42917639213071024,,,,,0.03190251439809799,6.87946958350949e-05
,imappo,,,,531.0,0.0,0.0,0.0034397349481878337,0.0,0.0,0.0,0.0,0.0034397349481878337,0.0,0.0,0.0,0.0,0.0,,,,,,,
-0.005693160928785801,imappo,1.1827340884451587e-08,0.46807053685188293,0.0008403467822607536,532.0,,,,,,,,,,,,,,0.4290430143381127,,,,,0.031867045909166336,7.205965812318027e-05
,imappo,,,,532.0,0.0,0.0,0.003602982706070179,0.0,0.0,0.0,0.0,0.003602982706070179,0.0,0.0,0.0,0.0,0.0,,,,,,,
-0.0014414213364943862,imappo,1.9933526829163384e-08,0.5575845241546631,0.0008400466822274092,533.0,,,,,,,,,,,,,,0.42890963654551517,,,,,0.029751086607575417,6.397840479621664e-05
,imappo,,,,533.0,0.0,0.0,0.0031989204690034967,0.0,0.0,0.0,0.0,0.0031989204690034967,0.0,0.0,0.0,0.0,0.0,,,,,,,
-0.003770718816667795,imappo,1.6519486223387503e-08,0.6158074140548706,0.0008397465821940647,534.0,,,,,,,,,,,,,,0.42877625875291764,,,,,0.029511958360671997,6.525966455228627e-05
,imappo,,,,534.0,0.0,0.0,0.0032629832603561226,0.0,0.0,0.0,0.0,0.0032629832603561226,0.0,0.0,0.0,0.0,0.0,,,,,,,
-0.0042055705562233925,imappo,4.741672832153654e-09,0.49354177713394165,0.0008394464821607203,535.0,,,,,,,,,,,,,,0.4286428809603201,,,,,0.02787773311138153,6.059376391931437e-05
,imappo,,,,535.0,0.0,0.0,0.0030296884069684893,0.0,0.0,0.0,0.0,0.0030296884069684893,0.0,0.0,0.0,0.0,0.0,,,,,,,
-0.0011995858512818813,imappo,2.406058285941981e-08,0.6011193990707397,0.0008391463821273758,536.0,,,,,,,,,,,,,,0.42850950316772257,,,,,0.0328831821680069,7.051619468256831e-05
,imappo,,,,536.0,0.0,0.0,0.00352580984326778,0.0,0.0,0.0,0.0,0.00352580984326778,0.0,0.0,0.0,0.0,0.0,,,,,,,
0.00596555694937706,imappo,2.287593448002667e-09,0.5221919417381287,0.0008388462820940314,537.0,,,,,,,,,,,,,,0.42837612537512504,,,,,0.03062664344906807,6.916064012330025e-05
,imappo,,,,537.0,0.0,0.0,0.0034580321007524617,0.0,0.0,0.0,0.0,0.0034580321007524617,0.0,0.0,0.0,0.0,0.0,,,,,,,
-0.0010061715729534626,imappo,4.210559012562953e-09,0.55945885181427,0.000838546182060687,538.0,,,,,,,,,,,,,,0.4282427475825275,,,,,0.02959982305765152,6.021246372256428e-05
,imappo,,,,538.0,0.0,0.0,0.0030106234444247093,0.0,0.0,0.0,0.0,0.0030106234444247093,0.0,0.0,0.0,0.0,0.0,,,,,,,
-0.0007778436411172152,imappo,2.3281496730476192e-09,0.4054408371448517,0.0008382460820273424,539.0,,,,,,,,,,,,,,0.42810936978992997,,,,,0.030655210837721825,6.670760194538161e-05
,imappo,,,,539.0,0.0,0.0,0.0033353799808537588,0.0,0.0,0.0,0.0,0.0033353799808537588,0.0,0.0,0.0,0.0,0.0,,,,,,,
-0.0019774220418184996,imappo,7.072736618596309e-09,0.5216769576072693,0.000837945981993998,540.0,,,,,,,,,,,,,,0.42797599199733244,,,,,0.029079623520374298,6.787404709029943e-05
,imappo,,,,540.0,0.0,0.0,0.003393702172616031,0.0,0.0,0.0,0.0,0.003393702172616031,0.0,0.0,0.0,0.0,0.0,,,,,,,
-0.0008322111680172384,imappo,1.4004223558572448e-08,0.5824161171913147,0.0008376458819606535,541.0,,,,,,,,,,,,,,0.4278426142047349,,,,,0.030608009546995163,6.59696088405326e-05
,imappo,,,,541.0,0.0,0.0,0.003298480722150998,0.0,0.0,0.0,0.0,0.003298480722150998,0.0,0.0,0.0,0.0,0.0,,,,,,,
0.0034434644039720297,imappo,1.4756055044529148e-08,0.39395618438720703,0.0008373457819273091,542.0,,,,,,,,,,,,,,0.4277092364121374,,,,,0.03339309245347977,7.357489812420681e-05
,imappo,,,,542.0,0.0,0.0,0.003678744746139273,0.0,0.0,0.0,0.0,0.003678744746139273,0.0,0.0,0.0,0.0,0.0,,,,,,,
0.005572943948209286,imappo,3.811245097296023e-09,0.4464609920978546,0.0008370456818939647,543.0,,,,,,,,,,,,,,0.42757585861953984,,,,,0.028073642402887344,5.9113641327712685e-05
,imappo,,,,543.0,0.0,0.0,0.0029556820627476554,0.0,0.0,0.0,0.0,0.0029556820627476554,0.0,0.0,0.0,0.0,0.0,,,,,,,
-0.005756475031375885,imappo,1.9336086509724737e-08,0.3996126055717468,0.0008367455818606203,544.0,,,,,,,,,,,,,,0.4274424808269423,,,,,0.03012670762836933,6.301921530393884e-05
,imappo,,,,544.0,0.0,0.0,0.0031509608634223696,0.0,0.0,0.0,0.0,0.0031509608634223696,0.0,0.0,0.0,0.0,0.0,,,,,,,
-0.010268613696098328,imappo,4.2523591758936163e-08,0.35864269733428955,0.0008364454818272758,545.0,,,,,,,,,,,,,,0.4273091030343448,,,,,0.03173751011490822,7.331250526476651e-05
,imappo,,,,545.0,0.0,0.0,0.00366562521958258,0.0,0.0,0.0,0.0,0.00366562521958258,0.0,0.0,0.0,0.0,0.0,,,,,,,
-0.002505906857550144,imappo,7.511002309001924e-08,0.599274754524231,0.0008361453817939314,546.0,,,,,,,,,,,,,,0.42717572524174724,,,,,0.03269171714782715,7.084523531375453e-05
,imappo,,,,546.0,0.0,0.0,0.0035422616274445318,0.0,0.0,0.0,0.0,0.0035422616274445318,0.0,0.0,0.0,0.0,0.0,,,,,,,
-0.0031030909158289433,imappo,7.996882800398453e-08,0.4832337498664856,0.0008358452817605869,547.0,,,,,,,,,,,,,,0.4270423474491497,,,,,0.03512057662010193,7.810210809111595e-05
,imappo,,,,547.0,0.0,0.0,0.0039051052954164334,0.0,0.0,0.0,0.0,0.0039051052954164334,0.0,0.0,0.0,0.0,0.0,,,,,,,
-0.0035562184639275074,imappo,4.858249269545922e-08,0.6104941368103027,0.0008355451817272424,548.0,,,,,,,,,,,,,,0.4269089696565522,,,,,0.03454795852303505,7.731565710855648e-05
,imappo,,,,548.0,0.0,0.0,0.0038657830737065524,0.0,0.0,0.0,0.0,0.0038657830737065524,0.0,0.0,0.0,0.0,0.0,,,,,,,
-0.0050373375415802,imappo,1.2488581724312553e-08,0.39397794008255005,0.000835245081693898,549.0,,,,,,,,,,,,,,0.42677559186395464,,,,,0.027938460931181908,5.885227437829599e-05
,imappo,,,,549.0,0.0,0.0,0.0029426138862618245,0.0,0.0,0.0,0.0,0.0029426138862618245,0.0,0.0,0.0,0.0,0.0,,,,,,,
-0.0034389870706945658,imappo,1.571452834525644e-08,0.5557081699371338,0.0008349449816605535,550.0,,,,,,,,,,,,,,0.4266422140713571,,,,,0.029314782470464706,6.261726230150089e-05
,imappo,,,,550.0,0.0,0.0,0.0031308632387663238,0.0,0.0,0.0,0.0,0.0031308632387663238,0.0,0.0,0.0,0.0,0.0,,,,,,,
-0.0055405013263225555,imappo,2.041803170982348e-09,0.3761151134967804,0.0008346448816272091,551.0,,,,,,,,,,,,,,0.4265088362787596,,,,,0.031258393079042435,6.596437015105039e-05
,imappo,,,,551.0,0.0,0.0,0.003298218103736872,0.0,0.0,0.0,0.0,0.003298218103736872,0.0,0.0,0.0,0.0,0.0,,,,,,,
-0.0058377995155751705,imappo,4.884575854902096e-09,0.5536946654319763,0.0008343447815938646,552.0,,,,,,,,,,,,,,0.42637545848616204,,,,,0.03022373467683792,6.391198985511437e-05
,imappo,,,,552.0,0.0,0.0,0.0031955994199961424,0.0,0.0,0.0,0.0,0.0031955994199961424,0.0,0.0,0.0,0.0,0.0,,,,,,,
-0.0014729147078469396,imappo,5.860625762466043e-09,0.31205397844314575,0.0008340446815605202,553.0,,,,,,,,,,,,,,0.4262420806935645,,,,,0.027194887399673462,5.8296802308177575e-05
,imappo,,,,553.0,0.0,0.0,0.0029148400244594086,0.0,0.0,0.0,0.0,0.0029148400244594086,0.0,0.0,0.0,0.0,0.0,,,,,,,
-0.006841392256319523,imappo,8.142918339615335e-09,0.5620598793029785,0.0008337445815271758,554.0,,,,,,,,,,,,,,0.426108702900967,,,,,0.03105752356350422,6.755215144949034e-05
,imappo,,,,554.0,0.0,0.0,0.0033776074451452587,0.0,0.0,0.0,0.0,0.0033776074451452587,0.0,0.0,0.0,0.0,0.0,,,,,,,
-0.003547841915860772,imappo,3.202581311256836e-08,0.3063690662384033,0.0008334444814938313,555.0,,,,,,,,,,,,,,0.42597532510836944,,,,,0.035092346370220184,7.882563659222797e-05
,imappo,,,,555.0,0.0,0.0,0.003941281865991186,0.0,0.0,0.0,0.0,0.003941281865991186,0.0,0.0,0.0,0.0,0.0,,,,,,,
0.002560383640229702,imappo,1.4821806892939549e-08,0.39268970489501953,0.0008331443814604869,556.0,,,,,,,,,,,,,,0.4258419473157719,,,,,0.030220504850149155,6.690488226013258e-05
,imappo,,,,556.0,0.0,0.0,0.0033452439674874768,0.0,0.0,0.0,0.0,0.0033452439674874768,0.0,0.0,0.0,0.0,0.0,,,,,,,
-0.0037573552690446377,imappo,4.708019751831216e-09,0.5231484770774841,0.0008328442814271425,557.0,,,,,,,,,,,,,,0.4257085695231744,,,,,0.02913900464773178,6.166598905110732e-05
,imappo,,,,557.0,0.0,0.0,0.0030832992742944043,0.0,0.0,0.0,0.0,0.0030832992742944043,0.0,0.0,0.0,0.0,0.0,,,,,,,
-0.005355332046747208,imappo,5.0158903697195e-09,0.4057258367538452,0.0008325441813937979,558.0,,,,,,,,,,,,,,0.42557519173057684,,,,,0.029116839170455933,6.417340773623437e-05
,imappo,,,,558.0,0.0,0.0,0.0032086707797134295,0.0,0.0,0.0,0.0,0.0032086707797134295,0.0,0.0,0.0,0.0,0.0,,,,,,,
-0.000496317632496357,imappo,2.1325679000483433e-09,0.13044250011444092,0.0008322440813604535,559.0,,,,,,,,,,,,,,0.4254418139379793,,,,,0.031161006540060043,6.738810043316334e-05
,imappo,,,,559.0,0.0,0.0,0.0033694050580379553,0.0,0.0,0.0,0.0,0.0033694050580379553,0.0,0.0,0.0,0.0,0.0,,,,,,,
0.004549691919237375,imappo,3.934988335174694e-09,0.05273905396461487,0.0008319439813271091,560.0,,,,,,,,,,,,,,0.4253084361453818,,,,,0.03006821498274803,6.59719153190963e-05
,imappo,,,,560.0,0.0,0.0,0.003298595347587252,0.0,0.0,0.0,0.0,0.003298595347587252,0.0,0.0,0.0,0.0,0.0,,,,,,,
-0.005096665117889643,imappo,3.877773213645241e-09,0.4031774401664734,0.0008316438812937646,561.0,,,,,,,,,,,,,,0.42517505835278424,,,,,0.030857734382152557,6.723830301780254e-05
,imappo,,,,561.0,0.0,0.0,0.003361914881679695,0.0,0.0,0.0,0.0,0.003361914881679695,0.0,0.0,0.0,0.0,0.0,,,,,,,
-0.010955555364489555,imappo,3.54125440082953e-08,0.5325354337692261,0.0008313437812604202,562.0,,,,,,,,,,,,,,0.4250416805601867,,,,,0.03390386700630188,7.37731606932357e-05
,imappo,,,,562.0,0.0,0.0,0.0036886583075101953,0.0,0.0,0.0,0.0,0.0036886583075101953,0.0,0.0,0.0,0.0,0.0,,,,,,,
-0.003701338544487953,imappo,1.7107675276406553e-08,0.4431428015232086,0.0008310436812270757,563.0,,,,,,,,,,,,,,0.4249083027675892,,,,,0.027552593499422073,5.821911690873094e-05
,imappo,,,,563.0,0.0,0.0,0.0029109557399351615,0.0,0.0,0.0,0.0,0.0029109557399351615,0.0,0.0,0.0,0.0,0.0,,,,,,,
-0.008614364080131054,imappo,8.737831080907199e-08,0.23077596724033356,0.0008307435811937313,564.0,,,,,,,,,,,,,,0.42477492497499164,,,,,0.03438127785921097,7.099129288690165e-05
,imappo,,,,564.0,0.0,0.0,0.003549564476998057,0.0,0.0,0.0,0.0,0.003549564476998057,0.0,0.0,0.0,0.0,0.0,,,,,,,
-0.0018805497093126178,imappo,2.6862432278562665e-08,0.37857601046562195,0.0008304434811603869,565.0,,,,,,,,,,,,,,0.4246415471823941,,,,,0.029645957052707672,6.275642954278737e-05
,imappo,,,,565.0,0.0,0.0,0.0031378218009194825,0.0,0.0,0.0,0.0,0.0031378218009194825,0.0,0.0,0.0,0.0,0.0,,,,,,,
-0.0040799411945044994,imappo,5.4499132318142074e-08,0.2558951675891876,0.0008301433811270423,566.0,,,,,,,,,,,,,,0.4245081693897966,,,,,0.029669973999261856,6.533726264024153e-05
,imappo,,,,566.0,0.0,0.0,0.0032668631174601614,0.0,0.0,0.0,0.0,0.0032668631174601614,0.0,0.0,0.0,0.0,0.0,,,,,,,
-0.0056962789967656136,imappo,6.2362289554585e-08,0.16529589891433716,0.0008298432810936979,567.0,,,,,,,,,,,,,,0.42437479159719904,,,,,0.03267937898635864,6.805351586081088e-05
,imappo,,,,567.0,0.0,0.0,0.0034026758403342683,0.0,0.0,0.0,0.0,0.0034026758403342683,0.0,0.0,0.0,0.0,0.0,,,,,,,
-0.016353756189346313,imappo,9.424558555792828e-08,0.007916681468486786,0.0008295431810603534,568.0,,,,,,,,,,,,,,0.4242414138046015,,,,,0.032408181577920914,8.343027002410963e-05
,imappo,,,,568.0,0.0,0.0,0.004171513624896761,0.0,0.0,0.0,0.0,0.004171513624896761,0.0,0.0,0.0,0.0,0.0,,,,,,,
-0.002924437867477536,imappo,8.233076442820675e-09,0.38642048835754395,0.000829243081027009,569.0,,,,,,,,,,,,,,0.424108036012004,,,,,0.02751166746020317,6.102427505538799e-05
,imappo,,,,569.0,0.0,0.0,0.00305121378187323,0.0,0.0,0.0,0.0,0.00305121378187323,0.0,0.0,0.0,0.0,0.0,,,,,,,
-0.0034562565851956606,imappo,6.425607068649697e-08,0.25260913372039795,0.0008289429809936646,570.0,,,,,,,,,,,,,,0.42397465821940644,,,,,0.031686171889305115,7.234751683427021e-05
,imappo,,,,570.0,0.0,0.0,0.0036173758417135105,0.0,0.0,0.0,0.0,0.0036173758417135105,0.0,0.0,0.0,0.0,0.0,,,,,,,
-0.008755928836762905,imappo,1.8388418565606912e-09,0.2663235664367676,0.0008286428809603202,571.0,,,,,,,,,,,,,,0.4238412804268089,,,,,0.027898358181118965,5.82783468416892e-05
,imappo,,,,571.0,0.0,0.0,0.0029139173857402056,0.0,0.0,0.0,0.0,0.0029139173857402056,0.0,0.0,0.0,0.0,0.0,,,,,,,
-0.0091003542765975,imappo,4.04672029219455e-09,0.2749662399291992,0.0008283427809269757,572.0,,,,,,,,,,,,,,0.42370790263421143,,,,,0.02976560965180397,6.863474118290469e-05
,imappo,,,,572.0,0.0,0.0,0.003431736957281828,0.0,0.0,0.0,0.0,0.003431736957281828,0.0,0.0,0.0,0.0,0.0,,,,,,,
-0.005362180061638355,imappo,8.84112605348264e-09,-0.05340178683400154,0.0008280426808936313,573.0,,,,,,,,,,,,,,0.42357452484161384,,,,,0.03232435882091522,7.202531560324132e-05
,imappo,,,,573.0,0.0,0.0,0.0036012657983519603,0.0,0.0,0.0,0.0,0.0036012657983519603,0.0,0.0,0.0,0.0,0.0,,,,,,,
-0.004841727204620838,imappo,1.0076271372838619e-08,0.24087226390838623,0.0008277425808602868,574.0,,,,,,,,,,,,,,0.42344114704901636,,,,,0.027581719681620598,6.002150985295884e-05
,imappo,,,,574.0,0.0,0.0,0.003001075518113794,0.0,0.0,0.0,0.0,0.003001075518113794,0.0,0.0,0.0,0.0,0.0,,,,,,,
-0.00808808021247387,imappo,5.699164518091493e-08,0.1106104776263237,0.0008274424808269423,575.0,,,,,,,,,,,,,,0.4233077692564188,,,,,0.0315316878259182,6.841556023573503e-05
,imappo,,,,575.0,0.0,0.0,0.003420777869905578,0.0,0.0,0.0,0.0,0.003420777869905578,0.0,0.0,0.0,0.0,0.0,,,,,,,
-0.0040634144097566605,imappo,3.4963569817136886e-08,0.34590741991996765,0.0008271423807935979,576.0,,,,,,,,,,,,,,0.4231743914638213,,,,,0.029339471831917763,6.408762419596314e-05
,imappo,,,,576.0,0.0,0.0,0.003204381609975826,0.0,0.0,0.0,0.0,0.003204381609975826,0.0,0.0,0.0,0.0,0.0,,,,,,,
-0.004559246823191643,imappo,8.532566653229878e-08,0.16164958477020264,0.0008268422807602534,577.0,,,,,,,,,,,,,,0.4230410136712237,,,,,0.02969212457537651,6.561941700056195e-05
,imappo,,,,577.0,0.0,0.0,0.0032809711592562962,0.0,0.0,0.0,0.0,0.0032809711592562962,0.0,0.0,0.0,0.0,0.0,,,,,,,
-0.004689779598265886,imappo,8.6741486882147e-08,0.37149709463119507,0.000826542180726909,578.0,,,,,,,,,,,,,,0.42290763587862623,,,,,0.028709877282381058,6.059242514311336e-05
,imappo,,,,578.0,0.0,0.0,0.0030296212280518375,0.0,0.0,0.0,0.0,0.0030296212280518375,0.0,0.0,0.0,0.0,0.0,,,,,,,
-0.003875911235809326,imappo,3.9604973522955333e-08,0.037059251219034195,0.0008262420806935645,579.0,,,,,,,,,,,,,,0.42277425808602864,,,,,0.0295670498162508,7.575829658890143e-05
,imappo,,,,579.0,0.0,0.0,0.00378791489492869,0.0,0.0,0.0,0.0,0.00378791489492869,0.0,0.0,0.0,0.0,0.0,,,,,,,
-0.007025250233709812,imappo,1.7177804068069236e-07,0.24412643909454346,0.0008259419806602201,580.0,,,,,,,,,,,,,,0.42264088029343116,,,,,0.02559598907828331,5.015735951019451e-05
,imappo,,,,580.0,0.0,0.0,0.0025078679664147785,0.0,0.0,0.0,0.0,0.0025078679664147785,0.0,0.0,0.0,0.0,0.0,,,,,,,
-0.005747905466705561,imappo,1.3295684198055824e-07,0.27521905303001404,0.0008256418806268757,581.0,,,,,,,,,,,,,,0.4225075025008336,,,,,0.030935484915971756,6.97072027833201e-05
,imappo,,,,581.0,0.0,0.0,0.0034853602264774963,0.0,0.0,0.0,0.0,0.0034853602264774963,0.0,0.0,0.0,0.0,0.0,,,,,,,
-0.0011147846234962344,imappo,1.1456251769459413e-07,0.16222280263900757,0.0008253417805935312,582.0,,,,,,,,,,,,,,0.4223741247082361,,,,,0.031639665365219116,7.160646055126563e-05
,imappo,,,,582.0,0.0,0.0,0.003580323333153501,0.0,0.0,0.0,0.0,0.003580323333153501,0.0,0.0,0.0,0.0,0.0,,,,,,,
-0.006057520397007465,imappo,1.2102755420073663e-07,0.2954860031604767,0.0008250416805601868,583.0,,,,,,,,,,,,,,0.4222407469156385,,,,,0.031038008630275726,7.984587864484638e-05
,imappo,,,,583.0,0.0,0.0,0.003992294030467747,0.0,0.0,0.0,0.0,0.003992294030467747,0.0,0.0,0.0,0.0,0.0,,,,,,,
-0.006612661760300398,imappo,2.856946537121985e-07,0.3353689908981323,0.0008247415805268422,584.0,,,,,,,,,,,,,,0.42210736912304103,,,,,0.029201189056038857,5.896367656532675e-05
,imappo,,,,584.0,0.0,0.0,0.0029481838428182527,0.0,0.0,0.0,0.0,0.0029481838428182527,0.0,0.0,0.0,0.0,0.0,,,,,,,
-0.0034880256280303,imappo,7.214720767478866e-07,0.22146286070346832,0.0008244414804934978,585.0,,,,,,,,,,,,,,0.42197399133044344,,,,,0.029431305825710297,6.46245971438475e-05
,imappo,,,,585.0,0.0,0.0,0.003231229773518862,0.0,0.0,0.0,0.0,0.003231229773518862,0.0,0.0,0.0,0.0,0.0,,,,,,,
-0.002571552060544491,imappo,1.1706279110512696e-06,0.3171340823173523,0.0008241413804601534,586.0,,,,,,,,,,,,,,0.42184061353784597,,,,,0.029130905866622925,6.328021845547482e-05
,imappo,,,,586.0,0.0,0.0,0.00316401092641172,0.0,0.0,0.0,0.0,0.00316401092641172,0.0,0.0,0.0,0.0,0.0,,,,,,,
-0.0056383246555924416,imappo,7.452546810782223e-07,0.3712611496448517,0.000823841280426809,587.0,,,,,,,,,,,,,,0.42170723574524843,,,,,0.030828963965177536,6.84918268234469e-05
,imappo,,,,587.0,0.0,0.0,0.003424591304792557,0.0,0.0,0.0,0.0,0.003424591304792557,0.0,0.0,0.0,0.0,0.0,,,,,,,
-0.016664719209074974,imappo,1.9612481594322162e-07,0.3671010434627533,0.0008235411803934645,588.0,,,,,,,,,,,,,,0.4215738579526509,,,,,0.027296066284179688,6.546584336319938e-05
,imappo,,,,588.0,0.0,0.0,0.0032732923082221532,0.0,0.0,0.0,0.0,0.0032732923082221532,0.0,0.0,0.0,0.0,0.0,,,,,,,
-0.003049540100619197,imappo,1.583555473416709e-07,0.46465882658958435,0.0008232410803601201,589.0,,,,,,,,,,,,,,0.42144048016005337,,,,,0.03580918908119202,7.336076669162139e-05
,imappo,,,,589.0,0.0,0.0,0.0036680386401712894,0.0,0.0,0.0,0.0,0.0036680386401712894,0.0,0.0,0.0,0.0,0.0,,,,,,,
-0.012622393667697906,imappo,5.960552016404108e-07,0.18609242141246796,0.0008229409803267756,590.0,,,,,,,,,,,,,,0.42130710236745583,,,,,0.0337689071893692,6.363020656863227e-05
,imappo,,,,590.0,0.0,0.0,0.003181510324793635,0.0,0.0,0.0,0.0,0.003181510324793635,0.0,0.0,0.0,0.0,0.0,,,,,,,
-0.004219536669552326,imappo,2.117782287314185e-07,0.010701924562454224,0.0008226408802934312,591.0,,,,,,,,,,,,,,0.4211737245748583,,,,,0.03086923435330391,6.849876808701083e-05
,imappo,,,,591.0,0.0,0.0,0.0034249382188136224,0.0,0.0,0.0,0.0,0.0034249382188136224,0.0,0.0,0.0,0.0,0.0,,,,,,,
-0.004170115105807781,imappo,5.205841802080613e-08,0.4396210312843323,0.0008223407802600868,592.0,,,,,,,,,,,,,,0.42104034678226077,,,,,0.03215315565466881,7.003734208410606e-05
,imappo,,,,592.0,0.0,0.0,0.003501866842270829,0.0,0.0,0.0,0.0,0.003501866842270829,0.0,0.0,0.0,0.0,0.0,,,,,,,
-0.006447614170610905,imappo,8.350593816430774e-08,0.29428648948669434,0.0008220406802267422,593.0,,,,,,,,,,,,,,0.42090696898966323,,,,,0.02989843115210533,5.4645573982270434e-05
,imappo,,,,593.0,0.0,0.0,0.002732278728217352,0.0,0.0,0.0,0.0,0.002732278728217352,0.0,0.0,0.0,0.0,0.0,,,,,,,
-0.007143864408135414,imappo,1.3469634296825461e-08,0.01025132741779089,0.0008217405801933978,594.0,,,,,,,,,,,,,,0.4207735911970657,,,,,0.02838493324816227,7.052128057694063e-05
,imappo,,,,594.0,0.0,0.0,0.003526063748722663,0.0,0.0,0.0,0.0,0.003526063748722663,0.0,0.0,0.0,0.0,0.0,,,,,,,
-0.007172193843871355,imappo,1.3803016507552002e-08,0.32787588238716125,0.0008214404801600533,595.0,,,,,,,,,,,,,,0.42064021340446817,,,,,0.030436288565397263,5.955818051006645e-05
,imappo,,,,595.0,0.0,0.0,0.0029779088854411384,0.0,0.0,0.0,0.0,0.0029779088854411384,0.0,0.0,0.0,0.0,0.0,,,,,,,
-0.011592123657464981,imappo,9.102445019948391e-09,0.331483393907547,0.0008211403801267089,596.0,,,,,,,,,,,,,,0.42050683561187063,,,,,0.03194133937358856,6.168678373796865e-05
,imappo,,,,596.0,0.0,0.0,0.003084339174165507,0.0,0.0,0.0,0.0,0.003084339174165507,0.0,0.0,0.0,0.0,0.0,,,,,,,
-0.0032311833929270506,imappo,0.004191127605736256,0.37965157628059387,0.0008208402800933645,597.0,,,,,,,,,,,,,,0.4203734578192731,,,,,0.03000727668404579,0.006723945029079914
,imappo,,,,597.0,0.0,0.0,0.33619727767290897,0.0,0.0,0.0,0.3333333432674408,0.002863951838662615,0.0,0.0,0.0,0.0,0.0,,,,,,,
0.00038397961179725826,imappo,0.00040636982885189354,0.17172451317310333,0.0008205401800600201,598.0,,,,,,,,,,,,,,0.42024008002667557,,,,,0.030535392463207245,6.484678306151181e-05
,imappo,,,,598.0,0.0,0.0,0.003242339564167196,0.0,0.0,0.0,0.0,0.003242339564167196,0.0,0.0,0.0,0.0,0.0,,,,,,,
-0.00917207170277834,imappo,0.003517966251820326,0.36150050163269043,0.0008202400800266756,599.0,,,,,,,,,,,,,,0.42010670223407803,,,,,0.02848108857870102,0.006719076074659824
,imappo,,,,599.0,0.0,0.0,0.3359538200566021,0.0,0.0,0.0,0.3333333432674408,0.002620477807795396,0.0,0.0,0.0,0.0,0.0,,,,,,,
,imappo,,,,599.0,,,,,,,,,,,,,,,0.0,0.0,0.0,0.0,,
-0.006422970909625292,imappo,0.001297391252592206,0.3633646070957184,0.0008199399799933312,600.0,,,,,,,,,,,,,,0.4199733244414805,,,,,0.027699822559952736,0.006722941529005766
,imappo,,,,600.0,0.0,0.0,0.33614709789617336,0.0,0.0,0.0,0.3333333432674408,0.0028137348090240266,0.0,0.0,0.0,0.0,0.0,,,,,,,
-0.0075897774659097195,imappo,0.0006495554698631167,0.06416284292936325,0.0008196398799599866,601.0,,,,,,,,,,,,,,0.41983994664888297,,,,,0.032155513763427734,7.441991328960285e-05
,imappo,,,,601.0,0.0,0.0,0.0037209954170975834,0.0,0.0,0.0,0.0,0.0037209954170975834,0.0,0.0,0.0,0.0,0.0,,,,,,,
-0.00021771914907731116,imappo,0.00025852618273347616,0.2121444046497345,0.0008193397799266422,602.0,,,,,,,,,,,,,,0.41970656885628543,,,,,0.03154902905225754,6.566254887729883e-05
,imappo,,,,602.0,0.0,0.0,0.003283127603936009,0.0,0.0,0.0,0.0,0.003283127603936009,0.0,0.0,0.0,0.0,0.0,,,,,,,
-0.007162618916481733,imappo,3.1173018214758486e-05,-0.05461123213171959,0.0008190396798932978,603.0,,,,,,,,,,,,,,0.4195731910636879,,,,,0.029724376276135445,6.551171827595681e-05
,imappo,,,,603.0,0.0,0.0,0.0032755858410382643,0.0,0.0,0.0,0.0,0.0032755858410382643,0.0,0.0,0.0,0.0,0.0,,,,,,,
-0.00821525976061821,imappo,0.0004688683256972581,0.3323068618774414,0.0008187395798599533,604.0,,,,,,,,,,,,,,0.41943981327109037,,,,,0.025626536458730698,0.0067268256098032
,imappo,,,,604.0,0.0,0.0,0.3363413272127218,0.0,0.0,0.0,0.3333333432674408,0.003007954546774272,0.0,0.0,0.0,0.0,0.0,,,,,,,
-0.0016362294554710388,imappo,5.0251572247361764e-05,-0.22301512956619263,0.0008184394798266089,605.0,,,,,,,,,,,,,,0.41930643547849283,,,,,0.02745845541357994,7.894685404608026e-05
,imappo,,,,605.0,0.0,0.0,0.003947343036998063,0.0,0.0,0.0,0.0,0.003947343036998063,0.0,0.0,0.0,0.0,0.0,,,,,,,
-0.0033677085302770138,imappo,0.003759625367820263,0.2863469421863556,0.0008181393797932644,606.0,,,,,,,,,,,,,,0.4191730576858953,,,,,0.02873881161212921,0.013393372297286987
,imappo,,,,606.0,0.0,0.0,0.6696685753086058,0.0,0.0,0.0,0.6666666865348816,0.003001899669470731,0.0,0.0,0.0,0.0,0.0,,,,,,,
-0.007300493307411671,imappo,0.006895154714584351,0.315523236989975,0.00081783927975992,607.0,,,,,,,,,,,,,,0.41903967989329777,,,,,0.027220996096730232,0.0134046645835042
,imappo,,,,607.0,0.0,0.0,0.6702332706918241,0.0,0.0,0.0,0.6666666865348816,0.0035666042422235478,0.0,0.0,0.0,0.0,0.0,,,,,,,
-0.0017448272556066513,imappo,0.000535458093509078,0.0063077909871935844,0.0008175391797265756,608.0,,,,,,,,,,,,,,0.41890630210070023,,,,,0.03027470037341118,6.943589687580243e-05
,imappo,,,,608.0,0.0,0.0,0.0034717946909950115,0.0,0.0,0.0,0.0,0.0034717946909950115,0.0,0.0,0.0,0.0,0.0,,,,,,,
-0.007353868335485458,imappo,0.005142010282725096,0.20611579716205597,0.0008172390796932312,609.0,,,,,,,,,,,,,,0.4187729243081027,,,,,0.02978472411632538,0.006724662613123655
,imappo,,,,609.0,0.0,0.0,0.3362331748667202,0.0,0.0,0.0,0.3333333432674408,0.002899839471865562,0.0,0.0,0.0,0.0,0.0,,,,,,,
-0.008038352243602276,imappo,9.3236674729269e-05,0.10655281692743301,0.0008169389796598867,610.0,,,,,,,,,,,,,,0.41863954651550517,,,,,0.0288871880620718,6.150298577267677e-05
,imappo,,,,610.0,0.0,0.0,0.0030751496851735283,0.0,0.0,0.0,0.0,0.0030751496851735283,0.0,0.0,0.0,0.0,0.0,,,,,,,
-0.008104285225272179,imappo,0.009202264249324799,0.33999180793762207,0.0008166388796265422,611.0,,,,,,,,,,,,,,0.41850616872290763,,,,,0.030420875176787376,0.013371671549975872
,imappo,,,,611.0,0.0,0.0,0.668583571759882,0.0,0.0,0.0,0.6666666865348816,0.001916892937515513,0.0,0.0,0.0,0.0,0.0,,,,,,,
-0.003013649256899953,imappo,0.000756438821554184,0.01625230722129345,0.0008163387795931977,612.0,,,,,,,,,,,,,,0.4183727909303101,,,,,0.0337456613779068,6.346810550894588e-05
,imappo,,,,612.0,0.0,0.0,0.003173405180859845,0.0,0.0,0.0,0.0,0.003173405180859845,0.0,0.0,0.0,0.0,0.0,,,,,,,
-0.004867592826485634,imappo,0.0019188572186976671,0.49182912707328796,0.0008160386795598533,613.0,,,,,,,,,,,,,,0.41823941313771257,,,,,0.034983646124601364,7.536043267464265e-05
,imappo,,,,613.0,0.0,0.0,0.0037680216555600055,0.0,0.0,0.0,0.0,0.0037680216555600055,0.0,0.0,0.0,0.0,0.0,,,,,,,
-0.006040086969733238,imappo,0.00024148695229087025,-0.039367370307445526,0.0008157385795265089,614.0,,,,,,,,,,,,,,0.41810603534511503,,,,,0.02660590223968029,5.741282438975759e-05
,imappo,,,,614.0,0.0,0.0,0.002870641226763837,0.0,0.0,0.0,0.0,0.002870641226763837,0.0,0.0,0.0,0.0,0.0,,,,,,,
-0.0037380638532340527,imappo,0.00018970946257468313,0.11380724608898163,0.0008154384794931644,615.0,,,,,,,,,,,,,,0.4179726575525175,,,,,0.029652975499629974,6.509825470857322e-05
,imappo,,,,615.0,0.0,0.0,0.0032549128191021737,0.0,0.0,0.0,0.0,0.0032549128191021737,0.0,0.0,0.0,0.0,0.0,,,,,,,
-0.005315404385328293,imappo,0.00013372926332522184,0.14557570219039917,0.00081513837945982,616.0,,,,,,,,,,,,,,0.41783927975991997,,,,,0.03137555345892906,4.86546014144551e-05
,imappo,,,,616.0,0.0,0.0,0.0024327300197910517,0.0,0.0,0.0,0.0,0.0024327300197910517,0.0,0.0,0.0,0.0,0.0,,,,,,,
-0.00285694794729352,imappo,0.000259748863754794,0.08500556647777557,0.0008148382794264755,617.0,,,,,,,,,,,,,,0.41770590196732243,,,,,0.028931811451911926,6.72532623866573e-05
,imappo,,,,617.0,0.0,0.0,0.0033626632794039324,0.0,0.0,0.0,0.0,0.0033626632794039324,0.0,0.0,0.0,0.0,0.0,,,,,,,
-0.004031757824122906,imappo,0.00012057513959007338,0.05126934126019478,0.0008145381793931311,618.0,,,,,,,,,,,,,,0.4175725241747249,,,,,0.028136875480413437,6.80152588756755e-05
,imappo,,,,618.0,0.0,0.0,0.0034007630129053723,0.0,0.0,0.0,0.0,0.0034007630129053723,0.0,0.0,0.0,0.0,0.0,,,,,,,
-0.006423433311283588,imappo,0.00026688104844652116,0.2161245495080948,0.0008142380793597867,619.0,,,,,,,,,,,,,,0.41743914638212737,,,,,0.03327719122171402,6.740781100234017e-05
,imappo,,,,619.0,0.0,0.0,0.003370390557392966,0.0,0.0,0.0,0.0,0.003370390557392966,0.0,0.0,0.0,0.0,0.0,,,,,,,
-0.006068070884793997,imappo,0.0005717162857763469,0.2341424524784088,0.0008139379793264422,620.0,,,,,,,,,,,,,,0.41730576858952984,,,,,0.028866637498140335,6.374267104547471e-05
,imappo,,,,620.0,0.0,0.0,0.003187133857863955,0.0,0.0,0.0,0.0,0.003187133857863955,0.0,0.0,0.0,0.0,0.0,,,,,,,
-0.009604623541235924,imappo,0.0031988664995878935,0.2547200322151184,0.0008136378792930977,621.0,,,,,,,,,,,,,,0.4171723907969323,,,,,0.029109321534633636,0.01338263414800167
,imappo,,,,621.0,0.0,0.0,0.6691316827891569,0.0,0.0,0.0,0.6666666865348816,0.002465000125084771,0.0,0.0,0.0,0.0,0.0,,,,,,,
-0.006921741180121899,imappo,0.005535343196243048,0.21902109682559967,0.0008133377792597533,622.0,,,,,,,,,,,,,,0.41703901300433477,,,,,0.0283606369048357,0.013388941064476967
,imappo,,,,622.0,0.0,0.0,0.6694470188303967,0.0,0.0,0.0,0.6666666865348816,0.0027803379998658784,0.0,0.0,0.0,0.0,0.0,,,,,,,
-0.0024967025965452194,imappo,0.0006029965006746352,-0.09320099651813507,0.0008130376792264088,623.0,,,,,,,,,,,,,,0.41690563521173724,,,,,0.03349054232239723,6.364519504131749e-05
,imappo,,,,623.0,0.0,0.0,0.0031822596483834786,0.0,0.0,0.0,0.0,0.0031822596483834786,0.0,0.0,0.0,0.0,0.0,,,,,,,
-0.01479426957666874,imappo,0.0007214019424282014,0.04524211585521698,0.0008127375791930644,624.0,,,,,,,,,,,,,,0.4167722574191397,,,,,0.028947658836841583,5.773598240921274e-05
,imappo,,,,624.0,0.0,0.0,0.0028867990913568065,0.0,0.0,0.0,0.0,0.0028867990913568065,0.0,0.0,0.0,0.0,0.0,,,,,,,
-0.006009718403220177,imappo,0.0007044894737191498,0.22818860411643982,0.00081243747915972,625.0,,,,,,,,,,,,,,0.41663887962654217,,,,,0.03217518329620361,0.00672617694362998
,imappo,,,,625.0,0.0,0.0,0.33630886056562304,0.0,0.0,0.0,0.3333333432674408,0.0029755040850432124,0.0,0.0,0.0,0.0,0.0,,,,,,,
-0.0044169495813548565,imappo,0.0006290696328505874,0.2526211440563202,0.0008121373791263755,626.0,,,,,,,,,,,,,,0.41650550183394464,,,,,0.0334315225481987,0.0067377034574747086
,imappo,,,,626.0,0.0,0.0,0.33688523418459226,0.0,0.0,0.0,0.3333333432674408,0.0035518762924766634,0.0,0.0,0.0,0.0,0.0,,,,,,,
-0.0037042656913399696,imappo,0.0004468108236324042,0.16019247472286224,0.0008118372790930311,627.0,,,,,,,,,,,,,,0.4163721240413471,,,,,0.0310177281498909,6.219108763616532e-05
,imappo,,,,627.0,0.0,0.0,0.003109554265392944,0.0,0.0,0.0,0.0,0.003109554265392944,0.0,0.0,0.0,0.0,0.0,,,,,,,
0.00030823174165561795,imappo,0.0006719672819599509,0.2855140268802643,0.0008115371790596865,628.0,,,,,,,,,,,,,,0.41623874624874957,,,,,0.03027280420064926,6.294469494605437e-05
,imappo,,,,628.0,0.0,0.0,0.003147234758216655,0.0,0.0,0.0,0.0,0.003147234758216655,0.0,0.0,0.0,0.0,0.0,,,,,,,
-0.008601388894021511,imappo,0.0008274915744550526,-0.21745271980762482,0.0008112370790263421,629.0,,,,,,,,,,,,,,0.41610536845615204,,,,,0.03105079010128975,8.503301069140434e-05
,imappo,,,,629.0,0.0,0.0,0.0042516502435319126,0.0,0.0,0.0,0.0,0.0042516502435319126,0.0,0.0,0.0,0.0,0.0,,,,,,,
-0.006531436461955309,imappo,0.00033157801954075694,0.1821717470884323,0.0008109369789929977,630.0,,,,,,,,,,,,,,0.4159719906635545,,,,,0.02345798909664154,0.013410542160272598
,imappo,,,,630.0,0.0,0.0,0.6705271368082322,0.0,0.0,0.0,0.6666666865348816,0.0038604956534982193,0.0,0.0,0.0,0.0,0.0,,,,,,,
-0.005242805927991867,imappo,0.0004315866972319782,0.14409282803535461,0.0008106368789596532,631.0,,,,,,,,,,,,,,0.41583861287095697,,,,,0.031006664037704468,0.013375253416597843
,imappo,,,,631.0,0.0,0.0,0.6687627185647216,0.0,0.0,0.0,0.6666666865348816,0.002096022396472108,0.0,0.0,0.0,0.0,0.0,,,,,,,
-0.0018538889707997441,imappo,0.0007916188333183527,0.12609173357486725,0.0008103367789263088,632.0,,,,,,,,,,,,,,0.41570523507835944,,,,,0.028880100697278976,6.605728412978351e-05
,imappo,,,,632.0,0.0,0.0,0.0033028641337295994,0.0,0.0,0.0,0.0,0.0033028641337295994,0.0,0.0,0.0,0.0,0.0,,,,,,,
-0.005118109285831451,imappo,0.000330628186929971,0.07960689067840576,0.0008100366788929644,633.0,,,,,,,,,,,,,,0.4155718572857619,,,,,0.02817748486995697,0.006722064223140478
,imappo,,,,633.0,0.0,0.0,0.33610319705985603,0.0,0.0,0.0,0.3333333432674408,0.002769884195004124,0.0,0.0,0.0,0.0,0.0,,,,,,,
-0.005448475480079651,imappo,0.0004191210609860718,0.14561721682548523,0.0008097365788596199,634.0,,,,,,,,,,,,,,0.41543847949316437,,,,,0.030679047107696533,6.109453534008935e-05
,imappo,,,,634.0,0.0,0.0,0.003054726570553612,0.0,0.0,0.0,0.0,0.003054726570553612,0.0,0.0,0.0,0.0,0.0,,,,,,,
-0.007145699113607407,imappo,0.0017188589554280043,0.4553528428077698,0.0008094364788262755,635.0,,,,,,,,,,,,,,0.41530510170056684,,,,,0.03473249077796936,0.006724881008267403
,imappo,,,,635.0,0.0,0.0,0.3362440607197641,0.0,0.0,0.0,0.3333333432674408,0.0029107300833857153,0.0,0.0,0.0,0.0,0.0,,,,,,,
-0.007782420609146357,imappo,3.242167440475896e-05,0.2457893341779709,0.0008091363787929311,636.0,,,,,,,,,,,,,,0.4151717239079693,,,,,0.02553415112197399,0.006728264037519693
,imappo,,,,636.0,0.0,0.0,0.33641319375544754,0.0,0.0,0.0,0.3333333432674408,0.0030798273213576977,0.0,0.0,0.0,0.0,0.0,,,,,,,
-0.005587723571807146,imappo,0.00024682239745743573,0.19785693287849426,0.0008088362787595865,637.0,,,,,,,,,,,,,,0.41503834611537177,,,,,0.029953952878713608,6.012250742060132e-05
,imappo,,,,637.0,0.0,0.0,0.003006125432875706,0.0,0.0,0.0,0.0,0.003006125432875706,0.0,0.0,0.0,0.0,0.0,,,,,,,
-0.01007932797074318,imappo,0.0005735794547945261,-0.060938745737075806,0.0008085361787262421,638.0,,,,,,,,,,,,,,0.41490496832277424,,,,,0.03175829350948334,7.135330088203773e-05
,imappo,,,,638.0,0.0,0.0,0.0035676651568792295,0.0,0.0,0.0,0.0,0.0035676651568792295,0.0,0.0,0.0,0.0,0.0,,,,,,,
-0.006967699155211449,imappo,0.0004356647259555757,0.03417551890015602,0.0008082360786928976,639.0,,,,,,,,,,,,,,0.4147715905301767,,,,,0.029922127723693848,4.405787694850005e-05
,imappo,,,,639.0,0.0,0.0,0.002202893693038277,0.0,0.0,0.0,0.0,0.002202893693038277,0.0,0.0,0.0,0.0,0.0,,,,,,,
-0.0021456079557538033,imappo,0.00025733711663633585,0.5078126192092896,0.0008079359786595532,640.0,,,,,,,,,,,,,,0.41463821273757917,,,,,0.032099198549985886,6.933367694728076e-05
,imappo,,,,640.0,0.0,0.0,0.0034666838182602078,0.0,0.0,0.0,0.0,0.0034666838182602078,0.0,0.0,0.0,0.0,0.0,,,,,,,
-0.0024454654194414616,imappo,0.0014207647182047367,-0.20777001976966858,0.0008076358786262088,641.0,,,,,,,,,,,,,,0.41450483494498164,,,,,0.0299992635846138,6.694487092318013e-05
,imappo,,,,641.0,0.0,0.0,0.0033472437389718834,0.0,0.0,0.0,0.0,0.0033472437389718834,0.0,0.0,0.0,0.0,0.0,,,,,,,
-0.01188590656965971,imappo,0.0004542191745713353,0.28556135296821594,0.0008073357785928643,642.0,,,,,,,,,,,,,,0.4143714571523841,,,,,0.029600730165839195,5.133777085575275e-05
,imappo,,,,642.0,0.0,0.0,0.0025668885791674256,0.0,0.0,0.0,0.0,0.0025668885791674256,0.0,0.0,0.0,0.0,0.0,,,,,,,
-0.007747482508420944,imappo,0.00036028213798999786,0.29346659779548645,0.0008070356785595199,643.0,,,,,,,,,,,,,,0.41423807935978657,,,,,0.02992292307317257,0.006707031279802322
,imappo,,,,643.0,0.0,0.0,0.33535155117283466,0.0,0.0,0.0,0.3333333432674408,0.0020182218170248234,0.0,0.0,0.0,0.0,0.0,,,,,,,
-0.005582034587860107,imappo,0.00023121866979636252,0.17027807235717773,0.0008067355785261754,644.0,,,,,,,,,,,,,,0.41410470156718904,,,,,0.031560979783535004,6.16274555795826e-05
,imappo,,,,644.0,0.0,0.0,0.00308137277897913,0.0,0.0,0.0,0.0,0.00308137277897913,0.0,0.0,0.0,0.0,0.0,,,,,,,
0.002893216675147414,imappo,0.0007459807675331831,0.16704235970973969,0.000806435478492831,645.0,,,,,,,,,,,,,,0.4139713237745915,,,,,0.031282469630241394,0.006739353761076927
,imappo,,,,645.0,0.0,0.0,0.3369676717229595,0.0,0.0,0.0,0.3333333432674408,0.00363430179641,0.0,0.0,0.0,0.0,0.0,,,,,,,
-0.00839115772396326,imappo,0.00019611629249993712,0.11537981778383255,0.0008061353784594865,646.0,,,,,,,,,,,,,,0.41383794598199397,,,,,0.027426496148109436,5.8314526540925726e-05
,imappo,,,,646.0,0.0,0.0,0.002915726425271714,0.0,0.0,0.0,0.0,0.002915726425271714,0.0,0.0,0.0,0.0,0.0,,,,,,,
0.0017267332877963781,imappo,0.0009551939438097179,-0.1502089947462082,0.0008058352784261421,647.0,,,,,,,,,,,,,,0.4137045681893965,,,,,0.03353027254343033,6.524322816403583e-05
,imappo,,,,647.0,0.0,0.0,0.00326216141183977,0.0,0.0,0.0,0.0,0.00326216141183977,0.0,0.0,0.0,0.0,0.0,,,,,,,
-0.007174092344939709,imappo,0.00020184513414278626,-0.04733576998114586,0.0008055351783927976,648.0,,,,,,,,,,,,,,0.4135711903967989,,,,,0.029482316225767136,5.899510870222002e-05
,imappo,,,,648.0,0.0,0.0,0.0029497554132831283,0.0,0.0,0.0,0.0,0.0029497554132831283,0.0,0.0,0.0,0.0,0.0,,,,,,,
-0.005362389609217644,imappo,0.00017774835578165948,0.040239665657281876,0.0008052350783594532,649.0,,,,,,,,,,,,,,0.4134378126042014,,,,,0.029252812266349792,5.456782309920527e-05
,imappo,,,,649.0,0.0,0.0,0.002728391156779253,0.0,0.0,0.0,0.0,0.002728391156779253,0.0,0.0,0.0,0.0,0.0,,,,,,,
-0.006457341834902763,imappo,0.00024905797909013927,0.3035289943218231,0.0008049349783261087,650.0,,,,,,,,,,,,,,0.41330443481160384,,,,,0.026524489745497704,0.01339050754904747
,imappo,,,,650.0,0.0,0.0,0.6695253730140394,0.0,0.0,0.0,0.6666666865348816,0.0028586368352989666,0.0,0.0,0.0,0.0,0.0,,,,,,,
-0.00794594082981348,imappo,0.0003694137849379331,0.24539077281951904,0.0008046348782927643,651.0,,,,,,,,,,,,,,0.41317105701900636,,,,,0.0327676460146904,0.00673850579187274
,imappo,,,,651.0,0.0,0.0,0.33692530572079704,0.0,0.0,0.0,0.3333333432674408,0.0035919321271649096,0.0,0.0,0.0,0.0,0.0,,,,,,,
-0.0059668454341590405,imappo,8.354466990567744e-05,0.08418863266706467,0.0008043347782594199,652.0,,,,,,,,,,,,,,0.41303767922640877,,,,,0.02813035249710083,5.571451038122177e-05
,imappo,,,,652.0,0.0,0.0,0.0027857255154231098,0.0,0.0,0.0,0.0,0.0027857255154231098,0.0,0.0,0.0,0.0,0.0,,,,,,,
-0.009117391891777515,imappo,0.0004733920795843005,0.20805639028549194,0.0008040346782260754,653.0,,,,,,,,,,,,,,0.4129043014338113,,,,,0.02515222877264023,0.013409716077148914
,imappo,,,,653.0,0.0,0.0,0.6704858821249218,0.0,0.0,0.0,0.6666666865348816,0.0038192155479919165,0.0,0.0,0.0,0.0,0.0,,,,,,,
0.0003239237703382969,imappo,0.0005481243715621531,0.12203860282897949,0.000803734578192731,654.0,,,,,,,,,,,,,,0.4127709236412137,,,,,0.03100329078733921,7.39445531507954e-05
,imappo,,,,654.0,0.0,0.0,0.0036972278139728587,0.0,0.0,0.0,0.0,0.0036972278139728587,0.0,0.0,0.0,0.0,0.0,,,,,,,
-0.0027570149395614862,imappo,0.000149472602060996,0.19042961299419403,0.0008034344781593864,655.0,,,,,,,,,,,,,,0.4126375458486162,,,,,0.020915716886520386,0.006758723873645067
,imappo,,,,655.0,0.0,0.0,0.3379361851439171,0.0,0.0,0.0,0.3333333432674408,0.004602817487466382,0.0,0.0,0.0,0.0,0.0,,,,,,,
-0.00352265196852386,imappo,0.0001225007581524551,0.20707954466342926,0.000803134378126042,656.0,,,,,,,,,,,,,,0.41250416805601864,,,,,0.03097861260175705,5.010590757592581e-05
,imappo,,,,656.0,0.0,0.0,0.0025052952710211684,0.0,0.0,0.0,0.0,0.0025052952710211684,0.0,0.0,0.0,0.0,0.0,,,,,,,
-0.016467072069644928,imappo,0.00011564640590222552,0.28242382407188416,0.0008028342780926976,657.0,,,,,,,,,,,,,,0.41237079026342116,,,,,0.032681889832019806,0.006676819175481796
,imappo,,,,657.0,0.0,0.0,0.33384094696566535,0.0,0.0,0.0,0.3333333432674408,0.0005076075399301772,0.0,0.0,0.0,0.0,0.0,,,,,,,
-0.0061026327311992645,imappo,0.0003456398844718933,0.5030677914619446,0.0008025341780593531,658.0,,,,,,,,,,,,,,0.41223741247082357,,,,,0.03387059271335602,0.006712786387652159
,imappo,,,,658.0,0.0,0.0,0.33563929737101716,0.0,0.0,0.0,0.3333333432674408,0.0023059878058120375,0.0,0.0,0.0,0.0,0.0,,,,,,,
-0.00019579978834372014,imappo,0.0006099756574258208,0.18824930489063263,0.0008022340780260087,659.0,,,,,,,,,,,,,,0.4121040346782261,,,,,0.026903534308075905,5.8603411162039265e-05
,imappo,,,,659.0,0.0,0.0,0.0029301708782440983,0.0,0.0,0.0,0.0,0.0029301708782440983,0.0,0.0,0.0,0.0,0.0,,,,,,,
0.007392380852252245,imappo,0.00016492394206579775,0.1488766074180603,0.0008019339779926642,660.0,,,,,,,,,,,,,,0.4119706568856285,,,,,0.028967896476387978,6.104918429628015e-05
,imappo,,,,660.0,0.0,0.0,0.0030524592293659225,0.0,0.0,0.0,0.0,0.0030524592293659225,0.0,0.0,0.0,0.0,0.0,,,,,,,
-0.0016980402870103717,imappo,0.0002808168937917799,0.2594984769821167,0.0008016338779593198,661.0,,,,,,,,,,,,,,0.41183727909303103,,,,,0.02892955020070076,5.211110692471266e-05
,imappo,,,,661.0,0.0,0.0,0.002605555418995209,0.0,0.0,0.0,0.0,0.002605555418995209,0.0,0.0,0.0,0.0,0.0,,,,,,,
-0.011309382505714893,imappo,0.00034914218122139573,-0.11496700346469879,0.0008013337779259754,662.0,,,,,,,,,,,,,,0.41170390130043344,,,,,0.028926141560077667,7.202809501904994e-05
,imappo,,,,662.0,0.0,0.0,0.0036014046672789846,0.0,0.0,0.0,0.0,0.0036014046672789846,0.0,0.0,0.0,0.0,0.0,,,,,,,
-0.01388891227543354,imappo,0.0001475642784498632,0.12953685224056244,0.000801033677892631,663.0,,,,,,,,,,,,,,0.41157052350783596,,,,,0.02730616182088852,5.7204753829864785e-05
,imappo,,,,663.0,0.0,0.0,0.0028602377606148366,0.0,0.0,0.0,0.0,0.0028602377606148366,0.0,0.0,0.0,0.0,0.0,,,,,,,
-0.0022011997643858194,imappo,0.00018732514581643045,0.0933392122387886,0.0008007335778592864,664.0,,,,,,,,,,,,,,0.41143714571523843,,,,,0.028916021808981895,5.648256774293259e-05
,imappo,,,,664.0,0.0,0.0,0.0028241284562682267,0.0,0.0,0.0,0.0,0.0028241284562682267,0.0,0.0,0.0,0.0,0.0,,,,,,,
-0.0010730796493589878,imappo,0.00040427723433822393,-0.1407608985900879,0.000800433477825942,665.0,,,,,,,,,,,,,,0.4113037679226409,,,,,0.031821027398109436,7.819769234629348e-05
,imappo,,,,665.0,0.0,0.0,0.0039098842680687085,0.0,0.0,0.0,0.0,0.0039098842680687085,0.0,0.0,0.0,0.0,0.0,,,,,,,
0.015483344905078411,imappo,0.0001695422688499093,-0.17870114743709564,0.0008001333777925975,666.0,,,,,,,,,,,,,,0.41117039013004336,,,,,0.03468180447816849,7.069122511893511e-05
,imappo,,,,666.0,0.0,0.0,0.003534561335982289,0.0,0.0,0.0,0.0,0.003534561335982289,0.0,0.0,0.0,0.0,0.0,,,,,,,
0.014449135400354862,imappo,0.0003108183154836297,-0.24674758315086365,0.0007998332777592531,667.0,,,,,,,,,,,,,,0.41103701233744583,,,,,0.030612096190452576,7.570391608169302e-05
,imappo,,,,667.0,0.0,0.0,0.003785195509408368,0.0,0.0,0.0,0.0,0.003785195509408368,0.0,0.0,0.0,0.0,0.0,,,,,,,
-0.014249766245484352,imappo,8.46646653371863e-05,-0.002744597615674138,0.0007995331777259087,668.0,,,,,,,,,,,,,,0.4109036345448483,,,,,0.03166715055704117,7.230843038996682e-05
,imappo,,,,668.0,0.0,0.0,0.00361542115570046,0.0,0.0,0.0,0.0,0.00361542115570046,0.0,0.0,0.0,0.0,0.0,,,,,,,
-0.005481739528477192,imappo,5.781943036708981e-05,0.023758258670568466,0.0007992330776925642,669.0,,,,,,,,,,,,,,0.41077025675225076,,,,,0.028616825118660927,5.177374623599462e-05
,imappo,,,,669.0,0.0,0.0,0.0025886872281262185,0.0,0.0,0.0,0.0,0.0025886872281262185,0.0,0.0,0.0,0.0,0.0,,,,,,,
-0.009487198665738106,imappo,7.489529525628313e-05,-0.010390399023890495,0.0007989329776592198,670.0,,,,,,,,,,,,,,0.41063687895965323,,,,,0.02777809649705887,4.6729586756555364e-05
,imappo,,,,670.0,0.0,0.0,0.0023364790631603682,0.0,0.0,0.0,0.0,0.0023364790631603682,0.0,0.0,0.0,0.0,0.0,,,,,,,
0.0359044149518013,imappo,6.94219779688865e-05,-0.08486665785312653,0.0007986328776258753,671.0,,,,,,,,,,,,,,0.4105035011670557,,,,,0.02877194434404373,5.9718764532590285e-05
,imappo,,,,671.0,0.0,0.0,0.0029859382593713235,0.0,0.0,0.0,0.0,0.0029859382593713235,0.0,0.0,0.0,0.0,0.0,,,,,,,
-0.0016224106075242162,imappo,0.00023905393027234823,0.1104242205619812,0.0007983327775925309,672.0,,,,,,,,,,,,,,0.41037012337445816,,,,,0.026896607130765915,7.319374708458781e-05
,imappo,,,,672.0,0.0,0.0,0.0036596873142116237,0.0,0.0,0.0,0.0,0.0036596873142116237,0.0,0.0,0.0,0.0,0.0,,,,,,,
-0.004839738365262747,imappo,0.00015975075075402856,0.21068838238716125,0.0007980326775591864,673.0,,,,,,,,,,,,,,0.41023674558186063,,,,,0.028686650097370148,7.209122850326821e-05
,imappo,,,,673.0,0.0,0.0,0.003604561417887453,0.0,0.0,0.0,0.0,0.003604561417887453,0.0,0.0,0.0,0.0,0.0,,,,,,,
-0.005439738743007183,imappo,2.8964486773475073e-05,0.09757637232542038,0.0007977325775258419,674.0,,,,,,,,,,,,,,0.4101033677892631,,,,,0.03218838572502136,6.201319047249854e-05
,imappo,,,,674.0,0.0,0.0,0.003100659541814821,0.0,0.0,0.0,0.0,0.003100659541814821,0.0,0.0,0.0,0.0,0.0,,,,,,,
-0.002973720198497176,imappo,1.611167135706637e-05,0.265306293964386,0.0007974324774924975,675.0,,,,,,,,,,,,,,0.40996998999666556,,,,,0.03240494430065155,5.4996213293634355e-05
,imappo,,,,675.0,0.0,0.0,0.0027498105700942688,0.0,0.0,0.0,0.0,0.0027498105700942688,0.0,0.0,0.0,0.0,0.0,,,,,,,
-0.0017720740288496017,imappo,0.00016680518456269056,-0.17948001623153687,0.000797132377459153,676.0,,,,,,,,,,,,,,0.40983661220406803,,,,,0.02720465511083603,5.595445691142231e-05
,imappo,,,,676.0,0.0,0.0,0.0027977227546216454,0.0,0.0,0.0,0.0,0.0027977227546216454,0.0,0.0,0.0,0.0,0.0,,,,,,,
-0.005717347376048565,imappo,0.0034698867239058018,0.2247493416070938,0.0007968322774258086,677.0,,,,,,,,,,,,,,0.4097032344114705,,,,,0.020909082144498825,0.006763151381164789
,imappo,,,,677.0,0.0,0.0,0.3381575586354302,0.0,0.0,0.0,0.3333333432674408,0.004824205996555975,0.0,0.0,0.0,0.0,0.0,,,,,,,
-0.003558805910870433,imappo,0.0016486587701365352,0.20956648886203766,0.0007965321773924642,678.0,,,,,,,,,,,,,,0.40956985661887296,,,,,0.01659955084323883,0.00677098473533988
,imappo,,,,678.0,0.0,0.0,0.33854923663966474,0.0,0.0,0.0,0.3333333432674408,0.005215872883127304,0.0,0.0,0.0,0.0,0.0,,,,,,,
-0.006941854953765869,imappo,0.0010771551169455051,-0.13005471229553223,0.0007962320773591198,679.0,,,,,,,,,,,,,,0.40943647882627543,,,,,0.025448329746723175,6.034216858097352e-05
,imappo,,,,679.0,0.0,0.0,0.003017108527274104,0.0,0.0,0.0,0.0,0.003017108527274104,0.0,0.0,0.0,0.0,0.0,,,,,,,
-0.005329609848558903,imappo,0.0011335198068991303,0.24101696908473969,0.0007959319773257753,680.0,,,,,,,,,,,,,,0.4093031010336779,,,,,0.030534962192177773,6.0676266002701595e-05
,imappo,,,,680.0,0.0,0.0,0.0030338134984049248,0.0,0.0,0.0,0.0,0.0030338134984049248,0.0,0.0,0.0,0.0,0.0,,,,,,,
-0.004562860354781151,imappo,0.0007544325198978186,0.148209810256958,0.0007956318772924309,681.0,,,,,,,,,,,,,,0.40916972324108036,,,,,0.012829030863940716,0.00010126696724910289
,imappo,,,,681.0,0.0,0.0,0.005063348531621159,0.0,0.0,0.0,0.0,0.005063348531621159,0.0,0.0,0.0,0.0,0.0,,,,,,,
-0.003588210791349411,imappo,0.00028680890682153404,-0.5710485577583313,0.0007953317772590863,682.0,,,,,,,,,,,,,,0.40903634544848283,,,,,0.030413031578063965,6.608873809454963e-05
,imappo,,,,682.0,0.0,0.0,0.0033044368974515237,0.0,0.0,0.0,0.0,0.0033044368974515237,0.0,0.0,0.0,0.0,0.0,,,,,,,
-0.009236692450940609,imappo,0.00012213052832521498,0.33694353699684143,0.0007950316772257419,683.0,,,,,,,,,,,,,,0.4089029676558853,,,,,0.033425502479076385,5.958205656497739e-05
,imappo,,,,683.0,0.0,0.0,0.0029791029592161067,0.0,0.0,0.0,0.0,0.0029791029592161067,0.0,0.0,0.0,0.0,0.0,,,,,,,
-0.008368638344109058,imappo,0.0001971623278222978,0.0057171424850821495,0.0007947315771923975,684.0,,,,,,,,,,,,,,0.40876958986328776,,,,,0.03214861452579498,-2.8005346393911168e-05
,imappo,,,,684.0,0.0,0.0,-0.0014002673945014976,0.0,0.0,0.0,0.0,-0.0014002673945014976,0.0,0.0,0.0,0.0,0.0,,,,,,,
-0.008832368068397045,imappo,0.00021938845748081803,0.1619693636894226,0.0007944314771590531,685.0,,,,,,,,,,,,,,0.40863621207069023,,,,,0.011294824071228504,8.531832281732932e-05
,imappo,,,,685.0,0.0,0.0,0.004265915813761012,0.0,0.0,0.0,0.0,0.004265915813761012,0.0,0.0,0.0,0.0,0.0,,,,,,,
0.004553798586130142,imappo,3.4044685889966786e-05,-0.5913867950439453,0.0007941313771257086,686.0,,,,,,,,,,,,,,0.4085028342780927,,,,,0.02946750819683075,8.751578570809215e-05
,imappo,,,,686.0,0.0,0.0,0.004375789489131421,0.0,0.0,0.0,0.0,0.004375789489131421,0.0,0.0,0.0,0.0,0.0,,,,,,,
-0.0022498080506920815,imappo,2.9534492568927817e-05,0.24536877870559692,0.0007938312770923641,687.0,,,,,,,,,,,,,,0.40836945648549516,,,,,0.028290599584579468,5.832592069054954e-05
,imappo,,,,687.0,0.0,0.0,0.002916295797717794,0.0,0.0,0.0,0.0,0.002916295797717794,0.0,0.0,0.0,0.0,0.0,,,,,,,
-0.009876983240246773,imappo,1.0813289918587543e-05,-0.5313714742660522,0.0007935311770590197,688.0,,,,,,,,,,,,,,0.40823607869289763,,,,,0.02989845722913742,8.975045784609392e-05
,imappo,,,,688.0,0.0,0.0,0.004487523008720018,0.0,0.0,0.0,0.0,0.004487523008720018,0.0,0.0,0.0,0.0,0.0,,,,,,,
-0.00989704579114914,imappo,4.053320481034461e-06,0.18699170649051666,0.0007932310770256753,689.0,,,,,,,,,,,,,,0.4081027009003001,,,,,0.025943726301193237,7.184710557339713e-05
,imappo,,,,689.0,0.0,0.0,0.0035923553341490333,0.0,0.0,0.0,0.0,0.0035923553341490333,0.0,0.0,0.0,0.0,0.0,,,,,,,
-0.00763513520359993,imappo,1.0420601938676555e-05,0.3713032901287079,0.0007929309769923309,690.0,,,,,,,,,,,,,,0.40796932310770256,,,,,0.03541627526283264,-2.8815418318117736e-06
,imappo,,,,690.0,0.0,0.0,-0.00014407705555186112,0.0,0.0,0.0,0.0,-0.00014407705555186112,0.0,0.0,0.0,0.0,0.0,,,,,,,
-0.007646879181265831,imappo,4.6942873268562835e-06,0.19682590663433075,0.0007926308769589863,691.0,,,,,,,,,,,,,,0.40783594531510503,,,,,0.031883012503385544,1.10664286694373e-05
,imappo,,,,691.0,0.0,0.0,0.0005533214259685337,0.0,0.0,0.0,0.0,0.0005533214259685337,0.0,0.0,0.0,0.0,0.0,,,,,,,
-0.004550653509795666,imappo,2.6453030841366854e-06,-0.10341311991214752,0.0007923307769256419,692.0,,,,,,,,,,,,,,0.4077025675225075,,,,,0.03145010769367218,4.5093107473803684e-05
,imappo,,,,692.0,0.0,0.0,0.002254655440310671,0.0,0.0,0.0,0.0,0.002254655440310671,0.0,0.0,0.0,0.0,0.0,,,,,,,
-1.1980650015175343e-05,imappo,5.34820946995751e-06,-0.5263717770576477,0.0007920306768922974,693.0,,,,,,,,,,,,,,0.40756918972990996,,,,,0.02509531006217003,7.240959530463442e-05
,imappo,,,,693.0,0.0,0.0,0.0036204794523655437,0.0,0.0,0.0,0.0,0.0036204794523655437,0.0,0.0,0.0,0.0,0.0,,,,,,,
0.00797592755407095,imappo,4.731115041067824e-06,-0.21727341413497925,0.000791730576858953,694.0,,,,,,,,,,,,,,0.40743581193731243,,,,,0.02990732342004776,7.204165012808517e-05
,imappo,,,,694.0,0.0,0.0,0.0036020824536535656,0.0,0.0,0.0,0.0,0.0036020824536535656,0.0,0.0,0.0,0.0,0.0,,,,,,,
0.0015682183438912034,imappo,6.700021913275123e-06,-0.5554764866828918,0.0007914304768256086,695.0,,,,,,,,,,,,,,0.4073024341447149,,,,,0.02274644747376442,7.619498501298949e-05
,imappo,,,,695.0,0.0,0.0,0.0038097492179076653,0.0,0.0,0.0,0.0,0.0038097492179076653,0.0,0.0,0.0,0.0,0.0,,,,,,,
-0.016019359230995178,imappo,2.4198486698878696e-06,0.11520285159349442,0.0007911303767922642,696.0,,,,,,,,,,,,,,0.40716905635211736,,,,,0.025983814150094986,5.522849096450955e-05
,imappo,,,,696.0,0.0,0.0,0.0027614242353593,0.0,0.0,0.0,0.0,0.0027614242353593,0.0,0.0,0.0,0.0,0.0,,,,,,,
-0.0006154442671686411,imappo,0.005889843683689833,0.2612978219985962,0.0007908302767589197,697.0,,,,,,,,,,,,,,0.40703567855951983,,,,,0.03498779982328415,0.0067175463773310184
,imappo,,,,697.0,0.0,0.0,0.33587733666172426,0.0,0.0,0.0,0.3333333432674408,0.00254399330697197,0.0,0.0,0.0,0.0,0.0,,,,,,,
-0.005453451070934534,imappo,0.00026444121613167226,-0.4828658103942871,0.0007905301767255752,698.0,,,,,,,,,,,,,,0.4069023007669223,,,,,0.02720344066619873,6.461823068093508e-05
,imappo,,,,698.0,0.0,0.0,0.0032309111938957358,0.0,0.0,0.0,0.0,0.0032309111938957358,0.0,0.0,0.0,0.0,0.0,,,,,,,
-0.004416318144649267,imappo,0.0020680215675383806,0.44254323840141296,0.0007902300766922307,699.0,,,,,,,,,,,,,,0.40676892297432476,,,,,0.03312462940812111,0.006734916940331459
,imappo,,,,699.0,0.0,0.0,0.3367458431966952,0.0,0.0,0.0,0.3333333432674408,0.0034125131423934363,0.0,0.0,0.0,0.0,0.0,,,,,,,
,imappo,,,,699.0,,,,,,,,,,,,,,,0.0,0.0,0.0,0.0,,
-0.0031805364415049553,imappo,0.0010373953264206648,0.053826212882995605,0.0007899299766588863,700.0,,,,,,,,,,,,,,0.40663554518172723,,,,,0.033199891448020935,6.142156053101644e-05
,imappo,,,,700.0,0.0,0.0,0.0030710782266396564,0.0,0.0,0.0,0.0,0.0030710782266396564,0.0,0.0,0.0,0.0,0.0,,,,,,,
-0.006144479848444462,imappo,0.005809930618852377,0.4111088812351227,0.0007896298766255419,701.0,,,,,,,,,,,,,,0.4065021673891297,,,,,0.03224311023950577,0.01338882651180029
,imappo,,,,701.0,0.0,0.0,0.6694413337418155,0.0,0.0,0.0,0.6666666865348816,0.0027746479636334698,0.0,0.0,0.0,0.0,0.0,,,,,,,
-0.001122638233937323,imappo,0.001563196536153555,-0.6072060465812683,0.0007893297765921974,702.0,,,,,,,,,,,,,,0.40636878959653217,,,,,0.022961154580116272,7.997776265256107e-05
,imappo,,,,702.0,0.0,0.0,0.003998888620117214,0.0,0.0,0.0,0.0,0.003998888620117214,0.0,0.0,0.0,0.0,0.0,,,,,,,
-0.009129052050411701,imappo,0.0012746767606586218,0.22706009447574615,0.000789029676558853,703.0,,,,,,,,,,,,,,0.40623541180393463,,,,,0.03208145499229431,0.006747128441929817
,imappo,,,,703.0,0.0,0.0,0.33735641382736503,0.0,0.0,0.0,0.3333333432674408,0.004023106765089324,0.0,0.0,0.0,0.0,0.0,,,,,,,
-0.004634415730834007,imappo,0.0001904784730868414,0.025674451142549515,0.0007887295765255085,704.0,,,,,,,,,,,,,,0.4061020340113371,,,,,0.028817925602197647,6.16714169154875e-05
,imappo,,,,704.0,0.0,0.0,0.0030835706675134134,0.0,0.0,0.0,0.0,0.0030835706675134134,0.0,0.0,0.0,0.0,0.0,,,,,,,
-0.004394402261823416,imappo,0.001622467185370624,0.21015776693820953,0.0007884294764921641,705.0,,,,,,,,,,,,,,0.40596865621873957,,,,,0.03178616613149643,0.006722899153828621
,imappo,,,,705.0,0.0,0.0,0.3361449471085507,0.0,0.0,0.0,0.3333333432674408,0.002811619207932381,0.0,0.0,0.0,0.0,0.0,,,,,,,
0.010363922454416752,imappo,8.830929436953738e-05,-0.008168104104697704,0.0007881293764588197,706.0,,,,,,,,,,,,,,0.40583527842614203,,,,,0.027661927044391632,6.11727373325266e-05
,imappo,,,,706.0,0.0,0.0,0.003058637124922825,0.0,0.0,0.0,0.0,0.003058637124922825,0.0,0.0,0.0,0.0,0.0,,,,,,,
-0.0059373811818659306,imappo,0.0006765860598534346,0.11323337256908417,0.0007878292764254752,707.0,,,,,,,,,,,,,,0.4057019006335445,,,,,0.030100233852863312,6.40152720734477e-05
,imappo,,,,707.0,0.0,0.0,0.003200763585482491,0.0,0.0,0.0,0.0,0.003200763585482491,0.0,0.0,0.0,0.0,0.0,,,,,,,
-0.0014383301604539156,imappo,0.00014074472710490227,-0.35456782579421997,0.0007875291763921307,708.0,,,,,,,,,,,,,,0.40556852284094697,,,,,0.027543433010578156,4.793109474121593e-05
,imappo,,,,708.0,0.0,0.0,0.0023965547692341715,0.0,0.0,0.0,0.0,0.0023965547692341715,0.0,0.0,0.0,0.0,0.0,,,,,,,
-0.004983070306479931,imappo,0.0029722407925873995,0.36807894706726074,0.0007872290763587863,709.0,,,,,,,,,,,,,,0.40543514504834943,,,,,0.029473841190338135,0.006740121636539698
,imappo,,,,709.0,0.0,0.0,0.33700610702999256,0.0,0.0,0.0,0.3333333432674408,0.0036727609103763825,0.0,0.0,0.0,0.0,0.0,,,,,,,
-0.0003552039270289242,imappo,0.0009700204245746136,-0.6919367909431458,0.0007869289763254418,710.0,,,,,,,,,,,,,,0.4053017672557519,,,,,0.02408997155725956,6.16425386397168e-05
,imappo,,,,710.0,0.0,0.0,0.0030821273339824984,0.0,0.0,0.0,0.0,0.0030821273339824984,0.0,0.0,0.0,0.0,0.0,,,,,,,
-0.007170586846768856,imappo,0.004951550159603357,0.22281326353549957,0.0007866288762920974,711.0,,,,,,,,,,,,,,0.40516838946315437,,,,,0.026072436943650246,0.013402814976871014
,imappo,,,,711.0,0.0,0.0,0.6701407314412791,0.0,0.0,0.0,0.6666666865348816,0.003474073580946424,0.0,0.0,0.0,0.0,0.0,,,,,,,
-0.005757881328463554,imappo,0.0027819594833999872,0.07378645241260529,0.000786328776258753,712.0,,,,,,,,,,,,,,0.40503501167055683,,,,,0.029021795839071274,5.3434250730788335e-05
,imappo,,,,712.0,0.0,0.0,0.002671712429219042,0.0,0.0,0.0,0.0,0.002671712429219042,0.0,0.0,0.0,0.0,0.0,,,,,,,
0.004412346985191107,imappo,0.0007795648416504264,0.09766785055398941,0.0007860286762254085,713.0,,,,,,,,,,,,,,0.4049016338779593,,,,,0.029859429225325584,6.324171408778057e-05
,imappo,,,,713.0,0.0,0.0,0.0031620853351341793,0.0,0.0,0.0,0.0,0.0031620853351341793,0.0,0.0,0.0,0.0,0.0,,,,,,,
-0.0041163950227200985,imappo,0.00021010052296333015,0.20954301953315735,0.0007857285761920641,714.0,,,,,,,,,,,,,,0.40476825608536177,,,,,0.03183268383145332,6.403084262274206e-05
,imappo,,,,714.0,0.0,0.0,0.003201542091119336,0.0,0.0,0.0,0.0,0.003201542091119336,0.0,0.0,0.0,0.0,0.0,,,,,,,
-0.01014928612858057,imappo,7.325002661673352e-05,0.2110103815793991,0.0007854284761587196,715.0,,,,,,,,,,,,,,0.40463487829276423,,,,,0.028264161199331284,5.6681303249206394e-05
,imappo,,,,715.0,0.0,0.0,0.0028340651359712865,0.0,0.0,0.0,0.0,0.0028340651359712865,0.0,0.0,0.0,0.0,0.0,,,,,,,
-0.005712129175662994,imappo,4.5002903789281845e-05,-0.011389972642064095,0.0007851283761253752,716.0,,,,,,,,,,,,,,0.4045015005001667,,,,,0.02821965701878071,7.158771040849388e-05
,imappo,,,,716.0,0.0,0.0,0.0035793853971881617,0.0,0.0,0.0,0.0,0.0035793853971881617,0.0,0.0,0.0,0.0,0.0,,,,,,,
-0.008826198987662792,imappo,8.597034138801973e-06,0.13230665028095245,0.0007848282760920307,717.0,,,,,,,,,,,,,,0.40436812270756917,,,,,0.03433522209525108,7.064866804284975e-05
,imappo,,,,717.0,0.0,0.0,0.0035324332675372716,0.0,0.0,0.0,0.0,0.0035324332675372716,0.0,0.0,0.0,0.0,0.0,,,,,,,
-0.0035277986899018288,imappo,5.193980541662313e-06,-0.4520926773548126,0.0007845281760586862,718.0,,,,,,,,,,,,,,0.40423474491497163,,,,,0.03335191309452057,6.276545173022896e-05
,imappo,,,,718.0,0.0,0.0,0.003138272368005346,0.0,0.0,0.0,0.0,0.003138272368005346,0.0,0.0,0.0,0.0,0.0,,,,,,,
-0.005850765388458967,imappo,0.007458642590790987,0.23560383915901184,0.0007842280760253418,719.0,,,,,,,,,,,,,,0.4041013671223741,,,,,0.024041492491960526,0.006738679483532906
,imappo,,,,719.0,0.0,0.0,0.3369339804175979,0.0,0.0,0.0,0.3333333432674408,0.0036006160498800455,0.0,0.0,0.0,0.0,0.0,,,,,,,
-0.007653586566448212,imappo,9.176846651826054e-05,0.10428546369075775,0.0007839279759919973,720.0,,,,,,,,,,,,,,0.40396798932977657,,,,,0.03217341750860214,6.479469448095188e-05
,imappo,,,,720.0,0.0,0.0,0.003239734571252484,0.0,0.0,0.0,0.0,0.003239734571252484,0.0,0.0,0.0,0.0,0.0,,,,,,,
-0.004849025048315525,imappo,6.498684524558485e-05,0.2886858582496643,0.0007836278759586529,721.0,,,,,,,,,,,,,,0.40383461153717903,,,,,0.028526317328214645,5.9551093727350235e-05
,imappo,,,,721.0,0.0,0.0,0.002977554777316982,0.0,0.0,0.0,0.0,0.002977554777316982,0.0,0.0,0.0,0.0,0.0,,,,,,,
-0.007596558891236782,imappo,0.0052016424015164375,0.24465852975845337,0.0007833277759253085,722.0,,,,,,,,,,,,,,0.4037012337445815,,,,,0.02982575073838234,0.006748330779373646
,imappo,,,,722.0,0.0,0.0,0.33741653604010935,0.0,0.0,0.0,0.3333333432674408,0.004083183823240688,0.0,0.0,0.0,0.0,0.0,,,,,,,
-0.008854685351252556,imappo,0.0037908500526100397,0.24250739812850952,0.000783027675891964,723.0,,,,,,,,,,,,,,0.40356785595198397,,,,,0.02628757804632187,0.006729793734848499
,imappo,,,,723.0,0.0,0.0,0.33648965189524915,0.0,0.0,0.0,0.3333333432674408,0.003156297437385547,0.0,0.0,0.0,0.0,0.0,,,,,,,
-0.007190947886556387,imappo,0.0010838622692972422,0.2014203518629074,0.0007827275758586196,724.0,,,,,,,,,,,,,,0.4034344781593865,,,,,0.03031288832426071,0.006742758210748434
,imappo,,,,724.0,0.0,0.0,0.33713791828995454,0.0,0.0,0.0,0.3333333432674408,0.0038045566652726848,0.0,0.0,0.0,0.0,0.0,,,,,,,
-0.005274737719446421,imappo,0.0008879391243681312,-0.3327504098415375,0.0007824274758252752,725.0,,,,,,,,,,,,,,0.4033011003667889,,,,,0.028441915288567543,8.866477583069354e-05
,imappo,,,,725.0,0.0,0.0,0.004433238792444172,0.0,0.0,0.0,0.0,0.004433238792444172,0.0,0.0,0.0,0.0,0.0,,,,,,,
-0.008581423200666904,imappo,0.0004223327850922942,0.16449758410453796,0.0007821273757919306,726.0,,,,,,,,,,,,,,0.4031677225741914,,,,,0.03226470947265625,0.006716135889291763
,imappo,,,,726.0,0.0,0.0,0.3358067875233246,0.0,0.0,0.0,0.3333333432674408,0.0024734621692914516,0.0,0.0,0.0,0.0,0.0,,,,,,,
-0.003688171273097396,imappo,6.400974234566092e-05,-0.1723463237285614,0.0007818272757585862,727.0,,,,,,,,,,,,,,0.40303434478159383,,,,,0.025182675570249557,7.096180343069136e-05
,imappo,,,,727.0,0.0,0.0,0.0035480900332913734,0.0,0.0,0.0,0.0,0.0035480900332913734,0.0,0.0,0.0,0.0,0.0,,,,,,,
0.006183070596307516,imappo,0.000692218542098999,-0.07050202786922455,0.0007815271757252418,728.0,,,,,,,,,,,,,,0.40290096698899636,,,,,0.030660100281238556,0.00673023983836174
,imappo,,,,728.0,0.0,0.0,0.33651200971144135,0.0,0.0,0.0,0.3333333432674408,0.0031786707222636323,0.0,0.0,0.0,0.0,0.0,,,,,,,
-0.0030854472424834967,imappo,0.001263489481061697,-0.11339950561523438,0.0007812270756918973,729.0,,,,,,,,,,,,,,0.40276758919639877,,,,,0.02993275411427021,6.949650560272858e-05
,imappo,,,,729.0,0.0,0.0,0.003474825465673348,0.0,0.0,0.0,0.0,0.003474825465673348,0.0,0.0,0.0,0.0,0.0,,,,,,,
-0.01205716747790575,imappo,5.467365917866118e-05,-0.16035126149654388,0.0007809269756585529,730.0,,,,,,,,,,,,,,0.4026342114038013,,,,,0.03136730194091797,6.32120281807147e-05
,imappo,,,,730.0,0.0,0.0,0.003160601503623184,0.0,0.0,0.0,0.0,0.003160601503623184,0.0,0.0,0.0,0.0,0.0,,,,,,,
0.0022184737026691437,imappo,0.00044889614218845963,-0.2578656077384949,0.0007806268756252084,731.0,,,,,,,,,,,,,,0.4025008336112037,,,,,0.0319245308637619,8.452223846688867e-05
,imappo,,,,731.0,0.0,0.0,0.0042261118069291115,0.0,0.0,0.0,0.0,0.0042261118069291115,0.0,0.0,0.0,0.0,0.0,,,,,,,
-0.0014894066844135523,imappo,0.00013869623944628984,0.0022581887897104025,0.000780326775591864,732.0,,,,,,,,,,,,,,0.4023674558186062,,,,,0.030621957033872604,7.226836169138551e-05
,imappo,,,,732.0,0.0,0.0,0.0036134179472355754,0.0,0.0,0.0,0.0,0.0036134179472355754,0.0,0.0,0.0,0.0,0.0,,,,,,,
-0.008274463936686516,imappo,4.999279190087691e-05,-0.18625175952911377,0.0007800266755585196,733.0,,,,,,,,,,,,,,0.40223407802600863,,,,,0.03149523586034775,5.738826803280972e-05
,imappo,,,,733.0,0.0,0.0,0.0028694134869056143,0.0,0.0,0.0,0.0,0.0028694134869056143,0.0,0.0,0.0,0.0,0.0,,,,,,,
-0.004161440301686525,imappo,0.005927060265094042,0.09099359810352325,0.000779726575525175,734.0,,,,,,,,,,,,,,0.40210070023341116,,,,,0.028046773746609688,0.006736604496836662
,imappo,,,,734.0,0.0,0.0,0.33683022284276376,0.0,0.0,0.0,0.3333333432674408,0.003496895436910563,0.0,0.0,0.0,0.0,0.0,,,,,,,
-0.0014597427798435092,imappo,0.0004198822134640068,-0.25699174404144287,0.0007794264754918306,735.0,,,,,,,,,,,,,,0.40196732244081357,,,,,0.030427590012550354,5.612373206531629e-05
,imappo,,,,735.0,0.0,0.0,0.002806186363159213,0.0,0.0,0.0,0.0,0.002806186363159213,0.0,0.0,0.0,0.0,0.0,,,,,,,
-0.0035727941431105137,imappo,0.003881680779159069,-0.08604595810174942,0.0007791263754584861,736.0,,,,,,,,,,,,,,0.4018339446482161,,,,,0.029628224670886993,0.006733332760632038
,imappo,,,,736.0,0.0,0.0,0.3366666415313375,0.0,0.0,0.0,0.3333333432674408,0.0033333007304463536,0.0,0.0,0.0,0.0,0.0,,,,,,,
-0.004104187712073326,imappo,0.000217727167182602,-0.949083685874939,0.0007788262754251417,737.0,,,,,,,,,,,,,,0.4017005668556185,,,,,0.023996246978640556,7.473884033970535e-05
,imappo,,,,737.0,0.0,0.0,0.003736942006071331,0.0,0.0,0.0,0.0,0.003736942006071331,0.0,0.0,0.0,0.0,0.0,,,,,,,
-0.006506856065243483,imappo,0.0002553169906605035,-0.28901663422584534,0.0007785261753917973,738.0,,,,,,,,,,,,,,0.401567189063021,,,,,0.02830519713461399,6.302785914158449e-05
,imappo,,,,738.0,0.0,0.0,0.0031513927497144323,0.0,0.0,0.0,0.0,0.0031513927497144323,0.0,0.0,0.0,0.0,0.0,,,,,,,
-0.0008898925152607262,imappo,0.00015005619206931442,-0.7793941497802734,0.0007782260753584529,739.0,,,,,,,,,,,,,,0.4014338112704235,,,,,0.02364984154701233,6.749480962753296e-05
,imappo,,,,739.0,0.0,0.0,0.003374740725121228,0.0,0.0,0.0,0.0,0.003374740725121228,0.0,0.0,0.0,0.0,0.0,,,,,,,
-0.003246164182201028,imappo,8.402261300943792e-05,-0.39812570810317993,0.0007779259753251084,740.0,,,,,,,,,,,,,,0.40130043347782596,,,,,0.030544525012373924,8.083332068054006e-05
,imappo,,,,740.0,0.0,0.0,0.004041665963086416,0.0,0.0,0.0,0.0,0.004041665963086416,0.0,0.0,0.0,0.0,0.0,,,,,,,
-0.004572057630866766,imappo,0.014007668942213058,-0.05637623369693756,0.000777625875291764,741.0,,,,,,,,,,,,,,0.4011670556852284,,,,,0.03429170697927475,0.01334840152412653
,imappo,,,,741.0,0.0,0.0,0.6674201428777451,0.0,0.0,0.0,0.6666666865348816,0.0007534463893534848,0.0,0.0,0.0,0.0,0.0,,,,,,,
-0.008828923106193542,imappo,0.011088443920016289,0.050289154052734375,0.0007773257752584195,742.0,,,,,,,,,,,,,,0.4010336778926309,,,,,0.028001494705677032,0.013399617746472359
,imappo,,,,742.0,0.0,0.0,0.6699809264064243,0.0,0.0,0.0,0.6666666865348816,0.0033142065403808374,0.0,0.0,0.0,0.0,0.0,,,,,,,
0.002310581970959902,imappo,0.002477464498952031,-0.2669941186904907,0.000777025675225075,743.0,,,,,,,,,,,,,,0.40090030010003336,,,,,0.03281109780073166,5.666275683324784e-05
,imappo,,,,743.0,0.0,0.0,0.002833138034475269,0.0,0.0,0.0,0.0,0.002833138034475269,0.0,0.0,0.0,0.0,0.0,,,,,,,
-0.005364126060158014,imappo,0.0094166724011302,0.029246803373098373,0.0007767255751917306,744.0,,,,,,,,,,,,,,0.4007669223074358,,,,,0.026722602546215057,0.013408012688159943
,imappo,,,,744.0,0.0,0.0,0.6704006154286617,0.0,0.0,0.0,0.6666666865348816,0.0037339616064855363,0.0,0.0,0.0,0.0,0.0,,,,,,,
0.0008502151467837393,imappo,0.00594375329092145,-0.13053660094738007,0.0007764254751583861,745.0,,,,,,,,,,,,,,0.4006335445148383,,,,,0.028395995497703552,0.013418208807706833
,imappo,,,,745.0,0.0,0.0,0.6709105017662296,0.0,0.0,0.0,0.6666666865348816,0.004243809974468604,0.0,0.0,0.0,0.0,0.0,,,,,,,
-0.0036708000116050243,imappo,0.0030964866746217012,-0.205265611410141,0.0007761253751250417,746.0,,,,,,,,,,,,,,0.40050016672224076,,,,,0.029003245756030083,0.006717587821185589
,imappo,,,,746.0,0.0,0.0,0.33587938294022024,0.0,0.0,0.0,0.3333333432674408,0.002546053652167757,0.0,0.0,0.0,0.0,0.0,,,,,,,
-0.008969193324446678,imappo,0.002071317285299301,-0.4727078676223755,0.0007758252750916972,747.0,,,,,,,,,,,,,,0.4003667889296432,,,,,0.029574673622846603,5.601752855000086e-05
,imappo,,,,747.0,0.0,0.0,0.002800876256742413,0.0,0.0,0.0,0.0,0.002800876256742413,0.0,0.0,0.0,0.0,0.0,,,,,,,
-0.0005775648169219494,imappo,0.0011073686182498932,-0.20645999908447266,0.0007755251750583528,748.0,,,,,,,,,,,,,,0.4002334111370457,,,,,0.02774139866232872,0.006718446500599384
,imappo,,,,748.0,0.0,0.0,0.33592235125615844,0.0,0.0,0.0,0.3333333432674408,0.0025890396245813463,0.0,0.0,0.0,0.0,0.0,,,,,,,
-0.004236715845763683,imappo,0.002515590749680996,-0.01667718216776848,0.0007752250750250084,749.0,,,,,,,,,,,,,,0.40010003334444816,,,,,0.02490951679646969,0.013413554057478905
,imappo,,,,749.0,0.0,0.0,0.6706777153485746,0.0,0.0,0.0,0.6666666865348816,0.004011016662843758,0.0,0.0,0.0,0.0,0.0,,,,,,,
0.010662908665835857,imappo,0.0010352067183703184,-0.6631260514259338,0.000774924974991664,750.0,,,,,,,,,,,,,,0.3999666555518506,,,,,0.035249922424554825,8.136445831041783e-05
,imappo,,,,750.0,0.0,0.0,0.004068222508067265,0.0,0.0,0.0,0.0,0.004068222508067265,0.0,0.0,0.0,0.0,0.0,,,,,,,
0.004482517018914223,imappo,0.0004919093335047364,-0.3092116415500641,0.0007746248749583195,751.0,,,,,,,,,,,,,,0.3998332777592531,,,,,0.02919033356010914,0.00672100530937314
,imappo,,,,751.0,0.0,0.0,0.336050286070531,0.0,0.0,0.0,0.3333333432674408,0.002716939397942042,0.0,0.0,0.0,0.0,0.0,,,,,,,
-0.008836161345243454,imappo,0.003404518123716116,-0.1903519332408905,0.0007743247749249751,752.0,,,,,,,,,,,,,,0.39969989996665556,,,,,0.032825905829668045,0.013386867940425873
,imappo,,,,752.0,0.0,0.0,0.6693433672298852,0.0,0.0,0.0,0.6666666865348816,0.0026767142226162832,0.0,0.0,0.0,0.0,0.0,,,,,,,
0.0021489737555384636,imappo,0.0008242526091635227,-0.532597541809082,0.0007740246748916305,753.0,,,,,,,,,,,,,,0.399566522174058,,,,,0.03344254195690155,7.008776447037235e-05
,imappo,,,,753.0,0.0,0.0,0.0035043883217440452,0.0,0.0,0.0,0.0,0.0035043883217440452,0.0,0.0,0.0,0.0,0.0,,,,,,,
0.0014166630571708083,imappo,0.0017144775483757257,-0.2950608730316162,0.0007737245748582861,754.0,,,,,,,,,,,,,,0.3994331443814605,,,,,0.02630677819252014,0.006738007068634033
,imappo,,,,754.0,0.0,0.0,0.33690036558618885,0.0,0.0,0.0,0.3333333432674408,0.0035670291654241737,0.0,0.0,0.0,0.0,0.0,,,,,,,
-0.0033062102738767862,imappo,0.0018689873395487666,-0.11701776832342148,0.0007734244748249417,755.0,,,,,,,,,,,,,,0.39929976658886296,,,,,0.034206390380859375,0.013403802178800106
,imappo,,,,755.0,0.0,0.0,0.6701900675507204,0.0,0.0,0.0,0.6666666865348816,0.0035233795824751724,0.0,0.0,0.0,0.0,0.0,,,,,,,
-0.006006540730595589,imappo,0.0016412623226642609,-0.20481635630130768,0.0007731243747915972,756.0,,,,,,,,,,,,,,0.3991663887962654,,,,,0.03089172951877117,0.006724847014993429
,imappo,,,,756.0,0.0,0.0,0.3362423462422157,0.0,0.0,0.0,0.3333333432674408,0.0029090011266816873,0.0,0.0,0.0,0.0,0.0,,,,,,,
-0.004636759869754314,imappo,0.0008099906262941658,0.08753456920385361,0.0007728242747582528,757.0,,,,,,,,,,,,,,0.3990330110036679,,,,,0.03201533854007721,0.01339421235024929
,imappo,,,,757.0,0.0,0.0,0.6697106356023141,0.0,0.0,0.0,0.6666666865348816,0.0030439280981227057,0.0,0.0,0.0,0.0,0.0,,,,,,,
-0.004326728172600269,imappo,0.0019758441485464573,-0.29965677857398987,0.0007725241747249083,758.0,,,,,,,,,,,,,,0.39889963321107036,,,,,0.030478350818157196,0.006726493127644062
,imappo,,,,758.0,0.0,0.0,0.33632466788913007,0.0,0.0,0.0,0.3333333432674408,0.002991324621689273,0.0,0.0,0.0,0.0,0.0,,,,,,,
-0.011636829003691673,imappo,0.0029718265868723392,0.017354164272546768,0.0007722240746915639,759.0,,,,,,,,,,,,,,0.3987662554184728,,,,,0.030339350923895836,0.013400598429143429
,imappo,,,,759.0,0.0,0.0,0.6700298794530681,0.0,0.0,0.0,0.6666666865348816,0.0033632085542194545,0.0,0.0,0.0,0.0,0.0,,,,,,,
0.0006884147878736258,imappo,0.00042838527588173747,-0.3155983090400696,0.0007719239746582195,760.0,,,,,,,,,,,,,,0.3986328776258753,,,,,0.027252618223428726,0.0067228712141513824
,imappo,,,,760.0,0.0,0.0,0.33614356797988876,0.0,0.0,0.0,0.3333333432674408,0.0028102607184337103,0.0,0.0,0.0,0.0,0.0,,,,,,,
-0.0024778007064014673,imappo,0.0002426130376989022,-0.2920949161052704,0.000771623874624875,761.0,,,,,,,,,,,,,,0.39849949983327776,,,,,0.030715661123394966,4.2983810999430716e-05
,imappo,,,,761.0,0.0,0.0,0.002149190631243414,0.0,0.0,0.0,0.0,0.002149190631243414,0.0,0.0,0.0,0.0,0.0,,,,,,,
-0.006560388952493668,imappo,0.005491720512509346,0.19593818485736847,0.0007713237745915305,762.0,,,,,,,,,,,,,,0.3983661220406802,,,,,0.03406105190515518,0.013401398435235023
,imappo,,,,762.0,0.0,0.0,0.6700699073990108,0.0,0.0,0.0,0.6666666865348816,0.0034031793093163287,0.0,0.0,0.0,0.0,0.0,,,,,,,
-0.00456103403121233,imappo,0.002316791331395507,-0.01646435260772705,0.0007710236745581861,763.0,,,,,,,,,,,,,,0.3982327442480827,,,,,0.03353308141231537,0.013388576917350292
,imappo,,,,763.0,0.0,0.0,0.6694288098454138,0.0,0.0,0.0,0.6666666865348816,0.0027621292768174044,0.0,0.0,0.0,0.0,0.0,,,,,,,
-0.004513686988502741,imappo,0.0006258580251596868,-0.04377632960677147,0.0007707235745248416,764.0,,,,,,,,,,,,,,0.39809936645548516,,,,,0.03155716508626938,0.013405829668045044
,imappo,,,,764.0,0.0,0.0,0.6702915181267599,0.0,0.0,0.0,0.6666666865348816,0.0036248579357334165,0.0,0.0,0.0,0.0,0.0,,,,,,,
-0.010853015817701817,imappo,0.0003029236395377666,0.12529735267162323,0.0007704234744914972,765.0,,,,,,,,,,,,,,0.3979659886628876,,,,,0.03135572373867035,0.013398704119026661
,imappo,,,,765.0,0.0,0.0,0.6699352332980197,0.0,0.0,0.0,0.6666666865348816,0.00326855245657498,0.0,0.0,0.0,0.0,0.0,,,,,,,
-0.015701597556471825,imappo,0.000599968945607543,-0.039565734565258026,0.0007701233744581528,766.0,,,,,,,,,,,,,,0.3978326108702901,,,,,0.027564993128180504,0.013397999107837677
,imappo,,,,766.0,0.0,0.0,0.6698999745749461,0.0,0.0,0.0,0.6666666865348816,0.003233305270441633,0.0,0.0,0.0,0.0,0.0,,,,,,,
-0.010412062518298626,imappo,0.0003979211032856256,0.08886918425559998,0.0007698232744248083,767.0,,,,,,,,,,,,,,0.39769923307769256,,,,,0.02858607843518257,0.013406573794782162
,imappo,,,,767.0,0.0,0.0,0.6703286463880431,0.0,0.0,0.0,0.6666666865348816,0.0036619627053369186,0.0,0.0,0.0,0.0,0.0,,,,,,,
-0.005478645674884319,imappo,0.00044610846089199185,-0.1919819861650467,0.0007695231743914639,768.0,,,,,,,,,,,,,,0.397565855285095,,,,,0.02851271629333496,0.013404074124991894
,imappo,,,,768.0,0.0,0.0,0.670203721991129,0.0,0.0,0.0,0.6666666865348816,0.0035370296209293883,0.0,0.0,0.0,0.0,0.0,,,,,,,
-0.003135519800707698,imappo,0.0013907162938266993,-0.23196259140968323,0.0007692230743581194,769.0,,,,,,,,,,,,,,0.3974324774924975,,,,,0.028790783137083054,0.00672904122620821
,imappo,,,,769.0,0.0,0.0,0.3364520383438503,0.0,0.0,0.0,0.3333333432674408,0.003118724878731882,0.0,0.0,0.0,0.0,0.0,,,,,,,
0.003438902786001563,imappo,0.0015537586295977235,-0.3521827757358551,0.000768922974324775,770.0,,,,,,,,,,,,,,0.39729909969989996,,,,,0.02680060639977455,0.00674010394141078
,imappo,,,,770.0,0.0,0.0,0.33700523283550865,0.0,0.0,0.0,0.3333333432674408,0.003671895177831175,0.0,0.0,0.0,0.0,0.0,,,,,,,
-0.00934984628111124,imappo,0.0005404765834100544,-0.16691827774047852,0.0007686228742914305,771.0,,,,,,,,,,,,,,0.3971657219073024,,,,,0.026235543191432953,0.006733826827257872
,imappo,,,,771.0,0.0,0.0,0.33669139308767626,0.0,0.0,0.0,0.3333333432674408,0.0033580796225578524,0.0,0.0,0.0,0.0,0.0,,,,,,,
-0.008773693814873695,imappo,0.004042207729071379,0.20905616879463196,0.000768322774258086,772.0,,,,,,,,,,,,,,0.3970323441147049,,,,,0.03096136823296547,0.013394656591117382
,imappo,,,,772.0,0.0,0.0,0.6697328135014686,0.0,0.0,0.0,0.6666666865348816,0.003066148918151157,0.0,0.0,0.0,0.0,0.0,,,,,,,
0.008619748055934906,imappo,0.005553309340029955,-0.3139919638633728,0.0007680226742247416,773.0,,,,,,,,,,,,,,0.39689896632210736,,,,,0.03467178717255592,3.794303484028205e-05
,imappo,,,,773.0,0.0,0.0,0.0018971518952639599,0.0,0.0,0.0,0.0,0.0018971518952639599,0.0,0.0,0.0,0.0,0.0,,,,,,,
-0.008472796529531479,imappo,0.005820519290864468,0.03836541622877121,0.0007677225741913971,774.0,,,,,,,,,,,,,,0.3967655885295098,,,,,0.02794419601559639,0.01339630875736475
,imappo,,,,774.0,0.0,0.0,0.669815412025855,0.0,0.0,0.0,0.6666666865348816,0.003148717880321783,0.0,0.0,0.0,0.0,0.0,,,,,,,
-0.0019986454863101244,imappo,0.0006133525748737156,-0.051988355815410614,0.0007674224741580527,775.0,,,,,,,,,,,,,,0.3966322107369123,,,,,0.023892253637313843,0.00673969741910696
,imappo,,,,775.0,0.0,0.0,0.33698488674417604,0.0,0.0,0.0,0.3333333432674408,0.0036515690735541284,0.0,0.0,0.0,0.0,0.0,,,,,,,
-0.007406826131045818,imappo,0.0063845813274383545,0.26183366775512695,0.0007671223741247083,776.0,,,,,,,,,,,,,,0.39649883294431476,,,,,0.03150753676891327,0.013385609723627567
,imappo,,,,776.0,0.0,0.0,0.669280533787969,0.0,0.0,0.0,0.6666666865348816,0.0026138419343624264,0.0,0.0,0.0,0.0,0.0,,,,,,,
-0.003541940590366721,imappo,0.005865201819688082,0.24427004158496857,0.0007668222740913639,777.0,,,,,,,,,,,,,,0.3963654551517172,,,,,0.028743445873260498,0.013390499167144299
,imappo,,,,777.0,0.0,0.0,0.6695249559197691,0.0,0.0,0.0,0.6666666865348816,0.002858300707885064,0.0,0.0,0.0,0.0,0.0,,,,,,,
-0.00581442890688777,imappo,0.0007297787233255804,-0.3360055685043335,0.0007665221740580194,778.0,,,,,,,,,,,,,,0.3962320773591197,,,,,0.03295847028493881,0.006732282694429159
,imappo,,,,778.0,0.0,0.0,0.3366141285857793,0.0,0.0,0.0,0.3333333432674408,0.0032807853183385305,0.0,0.0,0.0,0.0,0.0,,,,,,,
-0.000542228517588228,imappo,0.004443248733878136,0.21367788314819336,0.000766222074024675,779.0,,,,,,,,,,,,,,0.39609869956652216,,,,,0.0321270152926445,0.013401299715042114
,imappo,,,,779.0,0.0,0.0,0.6700649233316653,0.0,0.0,0.0,0.6666666865348816,0.0033982730892603286,0.0,0.0,0.0,0.0,0.0,,,,,,,
0.004588751122355461,imappo,0.004338467493653297,-0.50434410572052,0.0007659219739913304,780.0,,,,,,,,,,,,,,0.39596532177392463,,,,,0.02891584485769272,6.705382111249492e-05
,imappo,,,,780.0,0.0,0.0,0.0033526909996908216,0.0,0.0,0.0,0.0,0.0033526909996908216,0.0,0.0,0.0,0.0,0.0,,,,,,,
-0.007620236836373806,imappo,0.002311847172677517,-0.4318033456802368,0.000765621873957986,781.0,,,,,,,,,,,,,,0.3958319439813271,,,,,0.027434594929218292,5.716118175769225e-05
,imappo,,,,781.0,0.0,0.0,0.0028580588936168994,0.0,0.0,0.0,0.0,0.0028580588936168994,0.0,0.0,0.0,0.0,0.0,,,,,,,
-0.010575208812952042,imappo,0.0013265972957015038,-0.5227165818214417,0.0007653217739246416,782.0,,,,,,,,,,,,,,0.39569856618872956,,,,,0.03214353322982788,6.51941227260977e-05
,imappo,,,,782.0,0.0,0.0,0.003259706234530313,0.0,0.0,0.0,0.0,0.003259706234530313,0.0,0.0,0.0,0.0,0.0,,,,,,,
-0.006289757322520018,imappo,0.007306852377951145,0.15367037057876587,0.0007650216738912971,783.0,,,,,,,,,,,,,,0.39556518839613203,,,,,0.03085450828075409,0.013403968885540962
,imappo,,,,783.0,0.0,0.0,0.670198460429674,0.0,0.0,0.0,0.6666666865348816,0.0035318004156579264,0.0,0.0,0.0,0.0,0.0,,,,,,,
-0.013181335292756557,imappo,0.0047967080026865005,0.03400648012757301,0.0007647215738579527,784.0,,,,,,,,,,,,,,0.3954318106035345,,,,,0.02571031078696251,0.013414979912340641
,imappo,,,,784.0,0.0,0.0,0.6707489905820694,0.0,0.0,0.0,0.6666666865348816,0.004082279730937444,0.0,0.0,0.0,0.0,0.0,,,,,,,
-0.007950442843139172,imappo,0.004642231855541468,0.20543894171714783,0.0007644214738246082,785.0,,,,,,,,,,,,,,0.39529843281093696,,,,,0.031208354979753494,0.013380608521401882
,imappo,,,,785.0,0.0,0.0,0.669030498097527,0.0,0.0,0.0,0.6666666865348816,0.0023638062111785985,0.0,0.0,0.0,0.0,0.0,,,,,,,
-0.006810303777456284,imappo,0.0016175901982933283,0.3276541233062744,0.0007641213737912638,786.0,,,,,,,,,,,,,,0.39516505501833943,,,,,0.03493112698197365,0.013410129584372044
,imappo,,,,786.0,0.0,0.0,0.6705064744892297,0.0,0.0,0.0,0.6666666865348816,0.0038398092110583093,0.0,0.0,0.0,0.0,0.0,,,,,,,
-0.011309238150715828,imappo,0.002562056528404355,0.3528865575790405,0.0007638212737579194,787.0,,,,,,,,,,,,,,0.3950316772257419,,,,,0.033619225025177,0.01341158989816904
,imappo,,,,787.0,0.0,0.0,0.6705795346897503,0.0,0.0,0.0,0.6666666865348816,0.00391285879231873,0.0,0.0,0.0,0.0,0.0,,,,,,,
0.007092647720128298,imappo,0.002315543359145522,-0.4105920195579529,0.000763521173724575,788.0,,,,,,,,,,,,,,0.39489829943314436,,,,,0.03201372176408768,4.369058660813607e-05
,imappo,,,,788.0,0.0,0.0,0.0021845292862963106,0.0,0.0,0.0,0.0,0.0021845292862963106,0.0,0.0,0.0,0.0,0.0,,,,,,,
-0.00580607121810317,imappo,0.0011198298307135701,0.15060819685459137,0.0007632210736912304,789.0,,,,,,,,,,,,,,0.39476492164054683,,,,,0.029533587396144867,0.013402288779616356
,imappo,,,,789.0,0.0,0.0,0.6701144509788719,0.0,0.0,0.0,0.6666666865348816,0.0034477901772334008,0.0,0.0,0.0,0.0,0.0,,,,,,,
-0.007063903845846653,imappo,0.0011748222168534994,0.16564780473709106,0.000762920973657886,790.0,,,,,,,,,,,,,,0.3946315438479493,,,,,0.0298602432012558,0.013413196429610252
,imappo,,,,790.0,0.0,0.0,0.6706598393830063,0.0,0.0,0.0,0.6666666865348816,0.003993173739218037,0.0,0.0,0.0,0.0,0.0,,,,,,,
-0.013808339834213257,imappo,0.0010258113034069538,0.23825658857822418,0.0007626208736245415,791.0,,,,,,,,,,,,,,0.39449816605535176,,,,,0.02983277477324009,0.013394922949373722
,imappo,,,,791.0,0.0,0.0,0.6697461913581719,0.0,0.0,0.0,0.6666666865348816,0.003079517392507114,0.0,0.0,0.0,0.0,0.0,,,,,,,
-0.0045779976062476635,imappo,0.000677206669934094,0.3071594834327698,0.0007623207735911971,792.0,,,,,,,,,,,,,,0.39436478826275423,,,,,0.030198846012353897,0.013407652266323566
,imappo,,,,792.0,0.0,0.0,0.6703826005104929,0.0,0.0,0.0,0.6666666865348816,0.003715868206199957,0.0,0.0,0.0,0.0,0.0,,,,,,,
-0.006584133021533489,imappo,0.0010957049671560526,0.11659109592437744,0.0007620206735578527,793.0,,,,,,,,,,,,,,0.39423141047015675,,,,,0.03144330531358719,0.013393337838351727
,imappo,,,,793.0,0.0,0.0,0.6696668999666144,0.0,0.0,0.0,0.6666666865348816,0.003000196580615011,0.0,0.0,0.0,0.0,0.0,,,,,,,
-0.0030903518199920654,imappo,0.0005514192744158208,0.10313410311937332,0.0007617205735245082,794.0,,,,,,,,,,,,,,0.39409803267755916,,,,,0.03394939750432968,0.01336241327226162
,imappo,,,,794.0,0.0,0.0,0.6681206413262544,0.0,0.0,0.0,0.6666666865348816,0.001453940857913949,0.0,0.0,0.0,0.0,0.0,,,,,,,
-0.007311943452805281,imappo,0.0017896863864734769,-0.10419891774654388,0.0007614204734911638,795.0,,,,,,,,,,,,,,0.3939646548849617,,,,,0.03301621973514557,0.013389775529503822
,imappo,,,,795.0,0.0,0.0,0.6694887727394416,0.0,0.0,0.0,0.6666666865348816,0.0028221020006640174,0.0,0.0,0.0,0.0,0.0,,,,,,,
-0.00996304675936699,imappo,0.0005087545141577721,0.12549756467342377,0.0007611203734578193,796.0,,,,,,,,,,,,,,0.3938312770923641,,,,,0.032947614789009094,0.013372715562582016
,imappo,,,,796.0,0.0,0.0,0.6686358156957795,0.0,0.0,0.0,0.6666666865348816,0.001969177618775575,0.0,0.0,0.0,0.0,0.0,,,,,,,
0.0031882566399872303,imappo,0.0005194710684008896,-0.6705302000045776,0.0007608202734244748,797.0,,,,,,,,,,,,,,0.3936978992997666,,,,,0.030304942280054092,6.739619129803032e-05
,imappo,,,,797.0,0.0,0.0,0.003369809714058647,0.0,0.0,0.0,0.0,0.003369809714058647,0.0,0.0,0.0,0.0,0.0,,,,,,,
-0.004476859234273434,imappo,0.0003975745930802077,-0.06850209087133408,0.0007605201733911304,798.0,,,,,,,,,,,,,,0.39356452150716903,,,,,0.02794579416513443,0.013388324528932571
,imappo,,,,798.0,0.0,0.0,0.6694161970899586,0.0,0.0,0.0,0.6666666865348816,0.002749507245425775,0.0,0.0,0.0,0.0,0.0,,,,,,,
-0.0026730382815003395,imappo,0.00027428410248830914,0.022618837654590607,0.000760220073357786,799.0,,,,,,,,,,,,,,0.39343114371457155,,,,,0.033576950430870056,0.013370023109018803
,imappo,,,,799.0,0.0,0.0,0.6685012024909724,0.0,0.0,0.0,0.6666666865348816,0.0018345073995646999,0.0,0.0,0.0,0.0,0.0,,,,,,,
,imappo,,,,799.0,,,,,,,,,,,,,,,0.0,0.0,0.0,0.0,,
-0.00584502425044775,imappo,0.0003713530604727566,-0.1486227959394455,0.0007599199733244415,800.0,,,,,,,,,,,,,,0.39329776592197396,,,,,0.033201564103364944,0.013412248343229294
,imappo,,,,800.0,0.0,0.0,0.6706124814081704,0.0,0.0,0.0,0.6666666865348816,0.003945820710214321,0.0,0.0,0.0,0.0,0.0,,,,,,,
-0.003303597215563059,imappo,0.0004661853890866041,-0.1642708033323288,0.0007596198732910971,801.0,,,,,,,,,,,,,,0.3931643881293765,,,,,0.03142701834440231,0.013413649052381516
,imappo,,,,801.0,0.0,0.0,0.6706824289176438,0.0,0.0,0.0,0.6666666865348816,0.004015741884359159,0.0,0.0,0.0,0.0,0.0,,,,,,,
-0.006129991263151169,imappo,0.0002570136566646397,-0.22825780510902405,0.0007593197732577526,802.0,,,,,,,,,,,,,,0.3930310103367789,,,,,0.030393967404961586,0.013402721844613552
,imappo,,,,802.0,0.0,0.0,0.6701360674014722,0.0,0.0,0.0,0.6666666865348816,0.003469388165285636,0.0,0.0,0.0,0.0,0.0,,,,,,,
0.003412084886804223,imappo,0.0005993437953293324,-0.15072280168533325,0.0007590196732244082,803.0,,,,,,,,,,,,,,0.3928976325441814,,,,,0.03328239917755127,0.01339178066700697
,imappo,,,,803.0,0.0,0.0,0.6695890334398769,0.0,0.0,0.0,0.6666666865348816,0.002922394164158959,0.0,0.0,0.0,0.0,0.0,,,,,,,
0.00024771803873591125,imappo,0.0005868829903192818,-0.2742778956890106,0.0007587195731910637,804.0,,,,,,,,,,,,,,0.39276425475158383,,,,,0.029788518324494362,0.013414335437119007
,imappo,,,,804.0,0.0,0.0,0.6707167045606184,0.0,0.0,0.0,0.6666666865348816,0.004050047341479512,0.0,0.0,0.0,0.0,0.0,,,,,,,
-0.005706283263862133,imappo,0.00016050126578193158,-0.230601504445076,0.0007584194731577193,805.0,,,,,,,,,,,,,,0.39263087695898635,,,,,0.03123532608151436,0.013370249420404434
,imappo,,,,805.0,0.0,0.0,0.6685125091947839,0.0,0.0,0.0,0.6666666865348816,0.0018458519674595664,0.0,0.0,0.0,0.0,0.0,,,,,,,
-0.014422585256397724,imappo,0.0005702528287656605,-0.2979075014591217,0.0007581193731243747,806.0,,,,,,,,,,,,,,0.39249749916638876,,,,,0.029254600405693054,0.013397889211773872
,imappo,,,,806.0,0.0,0.0,0.6698943913725088,0.0,0.0,0.0,0.6666666865348816,0.003227737433917355,0.0,0.0,0.0,0.0,0.0,,,,,,,
-0.004107985179871321,imappo,0.00019373212126083672,-0.06582126766443253,0.0007578192730910303,807.0,,,,,,,,,,,,,,0.3923641213737913,,,,,0.032043587416410446,0.013407271355390549
,imappo,,,,807.0,0.0,0.0,0.6703635312806,0.0,0.0,0.0,0.6666666865348816,0.003696802021295298,0.0,0.0,0.0,0.0,0.0,,,,,,,
0.0021822054404765368,imappo,0.0007274078670889139,-0.6936634182929993,0.0007575191730576859,808.0,,,,,,,,,,,,,,0.39223074358119375,,,,,0.030015133321285248,0.006696534808725119
,imappo,,,,808.0,0.0,0.0,0.3348266929743886,0.0,0.0,0.0,0.3333333432674408,0.0014933739067828355,0.0,0.0,0.0,0.0,0.0,,,,,,,
-0.011496897786855698,imappo,0.0007485622190870345,-0.26193690299987793,0.0007572190730243415,809.0,,,,,,,,,,,,,,0.3920973657885962,,,,,0.030120592564344406,0.013396172784268856
,imappo,,,,809.0,0.0,0.0,0.6698086376745778,0.0,0.0,0.0,0.6666666865348816,0.0031419341648870613,0.0,0.0,0.0,0.0,0.0,,,,,,,
-0.0013323260936886072,imappo,0.00017525999282952398,-0.5075026154518127,0.0007569189729909971,810.0,,,,,,,,,,,,,,0.3919639879959987,,,,,0.028531968593597412,0.01340596005320549
,imappo,,,,810.0,0.0,0.0,0.6702979870315176,0.0,0.0,0.0,0.6666666865348816,0.003631328399933409,0.0,0.0,0.0,0.0,0.0,,,,,,,
-0.002649902366101742,imappo,0.00030089219217188656,-0.21730120480060577,0.0007566188729576526,811.0,,,,,,,,,,,,,,0.39183061020340115,,,,,0.031237058341503143,0.013405348174273968
,imappo,,,,811.0,0.0,0.0,0.6702674307089183,0.0,0.0,0.0,0.6666666865348816,0.003600727599405218,0.0,0.0,0.0,0.0,0.0,,,,,,,
-0.005748822819441557,imappo,0.00019044500368181616,-0.44845250248908997,0.0007563187729243082,812.0,,,,,,,,,,,,,,0.3916972324108036,,,,,0.031657807528972626,0.013393684290349483
,imappo,,,,812.0,0.0,0.0,0.669684188629617,0.0,0.0,0.0,0.6666666865348816,0.0030175265710568056,0.0,0.0,0.0,0.0,0.0,,,,,,,
-0.013044299557805061,imappo,0.002757996553555131,-0.7761556506156921,0.0007560186728909637,813.0,,,,,,,,,,,,,,0.3915638546182061,,,,,0.029164519160985947,3.3033833460649475e-05
,imappo,,,,813.0,0.0,0.0,0.0016516918494655641,0.0,0.0,0.0,0.0,0.0016516918494655641,0.0,0.0,0.0,0.0,0.0,,,,,,,
-0.005738821811974049,imappo,0.001414841739460826,-0.5761188864707947,0.0007557185728576193,814.0,,,,,,,,,,,,,,0.39143047682560855,,,,,0.029411379247903824,0.013385913334786892
,imappo,,,,814.0,0.0,0.0,0.6692956648257677,0.0,0.0,0.0,0.6666666865348816,0.0026289999404980335,0.0,0.0,0.0,0.0,0.0,,,,,,,
-0.006442331708967686,imappo,0.00025314054801128805,-0.5874670147895813,0.0007554184728242748,815.0,,,,,,,,,,,,,,0.391297099033011,,,,,0.029312243685126305,0.013406804762780666
,imappo,,,,815.0,0.0,0.0,0.67034029432034,0.0,0.0,0.0,0.6666666865348816,0.0036736077854584437,0.0,0.0,0.0,0.0,0.0,,,,,,,
-0.0025701916310936213,imappo,0.0008818855858407915,-0.4514998495578766,0.0007551183727909303,816.0,,,,,,,,,,,,,,0.3911637212404135,,,,,0.02869425341486931,0.013400022871792316
,imappo,,,,816.0,0.0,0.0,0.6700010991771705,0.0,0.0,0.0,0.6666666865348816,0.003334448101668386,0.0,0.0,0.0,0.0,0.0,,,,,,,
-0.011130183935165405,imappo,0.0007480825297534466,-0.7253715395927429,0.0007548182727575858,817.0,,,,,,,,,,,,,,0.39103034344781595,,,,,0.03077513538300991,0.013410823419690132
,imappo,,,,817.0,0.0,0.0,0.67054113571794,0.0,0.0,0.0,0.6666666865348816,0.0038744226985727437,0.0,0.0,0.0,0.0,0.0,,,,,,,
0.0018105697818100452,imappo,0.0003630197315942496,-0.6572042107582092,0.0007545181727242414,818.0,,,,,,,,,,,,,,0.3908969656552184,,,,,0.03077545017004013,0.013409030623733997
,imappo,,,,818.0,0.0,0.0,0.6704515607161738,0.0,0.0,0.0,0.6666666865348816,0.0037848812116862973,0.0,0.0,0.0,0.0,0.0,,,,,,,
-0.003473971039056778,imappo,0.00025103671941906214,-0.5928760766983032,0.000754218072690897,819.0,,,,,,,,,,,,,,0.3907635878626209,,,,,0.030666418373584747,0.01340801827609539
,imappo,,,,819.0,0.0,0.0,0.6704009041604877,0.0,0.0,0.0,0.6666666865348816,0.003734187823283719,0.0,0.0,0.0,0.0,0.0,,,,,,,
-0.0032098807860165834,imappo,6.306589784799144e-05,-0.7809335589408875,0.0007539179726575526,820.0,,,,,,,,,,,,,,0.39063021007002335,,,,,0.02829957753419876,0.006704449653625488
,imappo,,,,820.0,0.0,0.0,0.33522248977817526,0.0,0.0,0.0,0.3333333432674408,0.0018891409100660894,0.0,0.0,0.0,0.0,0.0,,,,,,,
-0.005007108673453331,imappo,0.00042583991307765245,-0.7615594267845154,0.0007536178726242081,821.0,,,,,,,,,,,,,,0.3904968322774258,,,,,0.028664324432611465,0.013400891795754433
,imappo,,,,821.0,0.0,0.0,0.6700446413160535,0.0,0.0,0.0,0.6666666865348816,0.003377959474164527,0.0,0.0,0.0,0.0,0.0,,,,,,,
-0.009436342865228653,imappo,0.00010338149149902165,-0.7341505885124207,0.0007533177725908637,822.0,,,,,,,,,,,,,,0.3903634544848283,,,,,0.029347246512770653,0.013379615731537342
,imappo,,,,822.0,0.0,0.0,0.6689808010924025,0.0,0.0,0.0,0.6666666865348816,0.002314135371307202,0.0,0.0,0.0,0.0,0.0,,,,,,,
-0.0024999382440000772,imappo,0.0004088376881554723,-0.6463859677314758,0.0007530176725575191,823.0,,,,,,,,,,,,,,0.39023007669223075,,,,,0.02868037298321724,0.013409947976469994
,imappo,,,,823.0,0.0,0.0,0.670497392758989,0.0,0.0,0.0,0.6666666865348816,0.003830699180980446,0.0,0.0,0.0,0.0,0.0,,,,,,,
-0.004505384713411331,imappo,0.00022628801525570452,-0.537827730178833,0.0007527175725241747,824.0,,,,,,,,,,,,,,0.3900966988996332,,,,,0.028437018394470215,0.013391511514782906
,imappo,,,,824.0,0.0,0.0,0.6695755797027232,0.0,0.0,0.0,0.6666666865348816,0.002908931787715119,0.0,0.0,0.0,0.0,0.0,,,,,,,
0.0001045350800268352,imappo,0.00014950887998566031,-0.836287260055542,0.0007524174724908303,825.0,,,,,,,,,,,,,,0.3899633211070357,,,,,0.027740538120269775,0.013386649079620838
,imappo,,,,825.0,0.0,0.0,0.6693324730495078,0.0,0.0,0.0,0.6666666865348816,0.002665788246304146,0.0,0.0,0.0,0.0,0.0,,,,,,,
-0.00850741472095251,imappo,5.524593871086836e-05,-0.6337723731994629,0.0007521173724574859,826.0,,,,,,,,,,,,,,0.38982994331443815,,,,,0.03520059585571289,0.013369112275540829
,imappo,,,,826.0,0.0,0.0,0.6684556584160646,0.0,0.0,0.0,0.6666666865348816,0.0017890360041974418,0.0,0.0,0.0,0.0,0.0,,,,,,,
-0.005393574945628643,imappo,0.0002058345708064735,-0.906665563583374,0.0007518172724241414,827.0,,,,,,,,,,,,,,0.3896965655218406,,,,,0.027130816131830215,0.013405089266598225
,imappo,,,,827.0,0.0,0.0,0.6702544518375362,0.0,0.0,0.0,0.6666666865348816,0.0035877601512765978,0.0,0.0,0.0,0.0,0.0,,,,,,,
-0.005753289442509413,imappo,6.320185639197007e-05,-0.6981126666069031,0.0007515171723907969,828.0,,,,,,,,,,,,,,0.3895631877292431,,,,,0.032010942697525024,0.013397309929132462
,imappo,,,,828.0,0.0,0.0,0.669865442738228,0.0,0.0,0.0,0.6666666865348816,0.0031987646380002843,0.0,0.0,0.0,0.0,0.0,,,,,,,
-0.00836397148668766,imappo,4.0004466427490115e-05,-0.4943999648094177,0.0007512170723574525,829.0,,,,,,,,,,,,,,0.38942980993664555,,,,,0.031237907707691193,0.013398847542703152
,imappo,,,,829.0,0.0,0.0,0.6699424358339456,0.0,0.0,0.0,0.6666666865348816,0.0032757904118625447,0.0,0.0,0.0,0.0,0.0,,,,,,,
-0.004965153988450766,imappo,0.00016307886107824743,-0.9170326590538025,0.0007509169723241081,830.0,,,,,,,,,,,,,,0.389296432144048,,,,,0.02606014348566532,0.013405382633209229
,imappo,,,,830.0,0.0,0.0,0.6702690673118923,0.0,0.0,0.0,0.6666666865348816,0.003602380777010694,0.0,0.0,0.0,0.0,0.0,,,,,,,
0.004028802737593651,imappo,6.931159441592172e-05,-0.7649731040000916,0.0007506168722907637,831.0,,,,,,,,,,,,,,0.3891630543514505,,,,,0.031102675944566727,0.013406834565103054
,imappo,,,,831.0,0.0,0.0,0.6703417159587843,0.0,0.0,0.0,0.6666666865348816,0.003675009611470159,0.0,0.0,0.0,0.0,0.0,,,,,,,
-0.0013268771581351757,imappo,0.00018101820023730397,-1.1156460046768188,0.0007503167722574191,832.0,,,,,,,,,,,,,,0.38902967655885295,,,,,0.02974887564778328,0.013401007279753685
,imappo,,,,832.0,0.0,0.0,0.6700503117535845,0.0,0.0,0.0,0.6666666865348816,0.00338364951130643,0.0,0.0,0.0,0.0,0.0,,,,,,,
-0.013098640367388725,imappo,0.00021637485770042986,-0.9674236178398132,0.0007500166722240747,833.0,,,,,,,,,,,,,,0.3888962987662554,,,,,0.03288358077406883,0.01340238843113184
,imappo,,,,833.0,0.0,0.0,0.6701194077577384,0.0,0.0,0.0,0.6666666865348816,0.003452715662206174,0.0,0.0,0.0,0.0,0.0,,,,,,,
-0.007947743870317936,imappo,6.606182432733476e-05,-0.6247245073318481,0.0007497165721907302,834.0,,,,,,,,,,,,,,0.3887629209736579,,,,,0.0270845890045166,0.013396168127655983
,imappo,,,,834.0,0.0,0.0,0.6698083373157715,0.0,0.0,0.0,0.6666666865348816,0.0031416797974088695,0.0,0.0,0.0,0.0,0.0,,,,,,,
-0.01231796108186245,imappo,4.617893137037754e-05,-0.7200455665588379,0.0007494164721573858,835.0,,,,,,,,,,,,,,0.38862954318106036,,,,,0.02919677086174488,0.013398339971899986
,imappo,,,,835.0,0.0,0.0,0.6699169759012875,0.0,0.0,0.0,0.6666666865348816,0.0032503036618436454,0.0,0.0,0.0,0.0,0.0,,,,,,,
-0.00951826199889183,imappo,5.1550694479374215e-05,-0.7716546654701233,0.0007491163721240414,836.0,,,,,,,,,,,,,,0.3884961653884628,,,,,0.03109363466501236,0.013413247652351856
,imappo,,,,836.0,0.0,0.0,0.6706624037360598,0.0,0.0,0.0,0.6666666865348816,0.003995717201178195,0.0,0.0,0.0,0.0,0.0,,,,,,,
-0.005534129682928324,imappo,0.00012413173681125045,-0.6158921122550964,0.000748816272090697,837.0,,,,,,,,,,,,,,0.3883627875958653,,,,,0.03363171964883804,0.013371839188039303
,imappo,,,,837.0,0.0,0.0,0.6685920209347387,0.0,0.0,0.0,0.6666666865348816,0.001925365773786325,0.0,0.0,0.0,0.0,0.0,,,,,,,
-0.004436963703483343,imappo,5.982947186566889e-05,-0.8875032663345337,0.0007485161720573525,838.0,,,,,,,,,,,,,,0.38822940980326776,,,,,0.0306840967386961,0.013396975584328175
,imappo,,,,838.0,0.0,0.0,0.66984882225006,0.0,0.0,0.0,0.6666666865348816,0.0031821510892768856,0.0,0.0,0.0,0.0,0.0,,,,,,,
-0.0007297468837350607,imappo,0.00011196693230886012,-0.6310127377510071,0.000748216072024008,839.0,,,,,,,,,,,,,,0.3880960320106702,,,,,0.03272091597318649,0.013384001329541206
,imappo,,,,839.0,0.0,0.0,0.6692000766361161,0.0,0.0,0.0,0.6666666865348816,0.0025333886533189798,0.0,0.0,0.0,0.0,0.0,,,,,,,
-0.008398955687880516,imappo,7.15976202627644e-05,-0.5824910402297974,0.0007479159719906636,840.0,,,,,,,,,,,,,,0.3879626542180727,,,,,0.02674122527241707,0.013394658453762531
,imappo,,,,840.0,0.0,0.0,0.6697329995768087,0.0,0.0,0.0,0.6666666865348816,0.00306632258798345,0.0,0.0,0.0,0.0,0.0,,,,,,,
-0.005789472721517086,imappo,5.540049460250884e-05,-0.43506982922554016,0.0007476158719573192,841.0,,,,,,,,,,,,,,0.38782927642547516,,,,,0.031123865395784378,0.013395263813436031
,imappo,,,,841.0,0.0,0.0,0.6697632622817764,0.0,0.0,0.0,0.6666666865348816,0.0030965512814873364,0.0,0.0,0.0,0.0,0.0,,,,,,,
-0.005522224120795727,imappo,4.335535049904138e-05,-1.0055358409881592,0.0007473157719239747,842.0,,,,,,,,,,,,,,0.3876958986328776,,,,,0.028575630858540535,0.01340174674987793
,imappo,,,,842.0,0.0,0.0,0.6700873510926613,0.0,0.0,0.0,0.6666666865348816,0.0034206815143988933,0.0,0.0,0.0,0.0,0.0,,,,,,,
-0.003867823164910078,imappo,3.8485031836899e-05,-0.8357540965080261,0.0007470156718906302,843.0,,,,,,,,,,,,,,0.3875625208402801,,,,,0.03097817674279213,0.013399995863437653
,imappo,,,,843.0,0.0,0.0,0.6699998697386036,0.0,0.0,0.0,0.6666666865348816,0.003333194968945463,0.0,0.0,0.0,0.0,0.0,,,,,,,
-0.005229447968304157,imappo,1.891714236990083e-05,-0.4928499460220337,0.0007467155718572858,844.0,,,,,,,,,,,,,,0.38742914304768256,,,,,0.030422313138842583,0.013395710848271847
,imappo,,,,844.0,0.0,0.0,0.6697855611055274,0.0,0.0,0.0,0.6666666865348816,0.0031188763314276002,0.0,0.0,0.0,0.0,0.0,,,,,,,
-0.011995680630207062,imappo,2.8082566132070497e-05,-0.49227985739707947,0.0007464154718239413,845.0,,,,,,,,,,,,,,0.387295765255085,,,,,0.029761940240859985,0.013394461944699287
,imappo,,,,845.0,0.0,0.0,0.669723126487952,0.0,0.0,0.0,0.6666666865348816,0.003056427554838592,0.0,0.0,0.0,0.0,0.0,,,,,,,
-0.0021915000397711992,imappo,3.518188532325439e-05,-0.9227144122123718,0.0007461153717905969,846.0,,,,,,,,,,,,,,0.3871623874624875,,,,,0.026990024372935295,0.013401202857494354
,imappo,,,,846.0,0.0,0.0,0.6700601414340781,0.0,0.0,0.0,0.6666666865348816,0.003393466366105713,0.0,0.0,0.0,0.0,0.0,,,,,,,
-0.015786856412887573,imappo,0.001253065885975957,-0.9663166403770447,0.0007458152717572525,847.0,,,,,,,,,,,,,,0.38702900966988996,,,,,0.03030061535537243,7.169451419031247e-05
,imappo,,,,847.0,0.0,0.0,0.0035847256040142383,0.0,0.0,0.0,0.0,0.0035847256040142383,0.0,0.0,0.0,0.0,0.0,,,,,,,
0.004324433859437704,imappo,0.0002909501490648836,-0.7609888911247253,0.0007455151717239081,848.0,,,,,,,,,,,,,,0.3868956318772924,,,,,0.029262173920869827,0.013378743082284927
,imappo,,,,848.0,0.0,0.0,0.6689370915028121,0.0,0.0,0.0,0.6666666865348816,0.002270415590828634,0.0,0.0,0.0,0.0,0.0,,,,,,,
-0.009826998226344585,imappo,0.00011067790183005854,-0.2806978225708008,0.0007452150716905635,849.0,,,,,,,,,,,,,,0.3867622540846949,,,,,0.0314304418861866,0.01339165773242712
,imappo,,,,849.0,0.0,0.0,0.6695829019608937,0.0,0.0,0.0,0.6666666865348816,0.002916265211752034,0.0,0.0,0.0,0.0,0.0,,,,,,,
-0.0058951107785105705,imappo,0.00048005158896557987,-0.9442647099494934,0.000744914971657219,850.0,,,,,,,,,,,,,,0.38662887629209736,,,,,0.028445588424801826,7.694761006860062e-05
,imappo,,,,850.0,0.0,0.0,0.003847380281513324,0.0,0.0,0.0,0.0,0.003847380281513324,0.0,0.0,0.0,0.0,0.0,,,,,,,
-0.005450672470033169,imappo,0.0003629346319939941,-0.5484539866447449,0.0007446148716238746,851.0,,,,,,,,,,,,,,0.3864954984994998,,,,,0.03275793045759201,0.013382984325289726
,imappo,,,,851.0,0.0,0.0,0.669149176918836,0.0,0.0,0.0,0.6666666865348816,0.0024824639467624365,0.0,0.0,0.0,0.0,0.0,,,,,,,
-0.004581735469400883,imappo,0.00032112703775055707,-0.43680909276008606,0.0007443147715905302,852.0,,,,,,,,,,,,,,0.3863621207069023,,,,,0.03106798231601715,0.013386806473135948
,imappo,,,,852.0,0.0,0.0,0.6693403958706767,0.0,0.0,0.0,0.6666666865348816,0.0026736968366094516,0.0,0.0,0.0,0.0,0.0,,,,,,,
-0.004908202216029167,imappo,8.512747444910929e-05,-0.4610227048397064,0.0007440146715571858,853.0,,,,,,,,,,,,,,0.38622874291430476,,,,,0.031045226380228996,0.013389945030212402
,imappo,,,,853.0,0.0,0.0,0.6694972217374016,0.0,0.0,0.0,0.6666666865348816,0.0028305129235377535,0.0,0.0,0.0,0.0,0.0,,,,,,,
-0.006970555055886507,imappo,9.456132829654962e-05,-0.47188645601272583,0.0007437145715238413,854.0,,,,,,,,,,,,,,0.3860953651217072,,,,,0.03155233711004257,0.013409926556050777
,imappo,,,,854.0,0.0,0.0,0.6704963024822064,0.0,0.0,0.0,0.6666666865348816,0.0038296328484648257,0.0,0.0,0.0,0.0,0.0,,,,,,,
0.002733099041506648,imappo,0.00011046884901588783,-0.5667484998703003,0.0007434144714904969,855.0,,,,,,,,,,,,,,0.3859619873291097,,,,,0.02967400848865509,0.013396712951362133
,imappo,,,,855.0,0.0,0.0,0.6698356331216928,0.0,0.0,0.0,0.6666666865348816,0.003168967866258754,0.0,0.0,0.0,0.0,0.0,,,,,,,
-0.0049032303504645824,imappo,4.635644654626958e-05,-0.5701237916946411,0.0007431143714571524,856.0,,,,,,,,,,,,,,0.38582860953651216,,,,,0.02987346611917019,0.013400479219853878
,imappo,,,,856.0,0.0,0.0,0.6700239920937747,0.0,0.0,0.0,0.6666666865348816,0.0033573098480701447,0.0,0.0,0.0,0.0,0.0,,,,,,,
0.001015583984553814,imappo,0.0003320773830637336,-0.8570432662963867,0.000742814271423808,857.0,,,,,,,,,,,,,,0.3856952317439146,,,,,0.02694866806268692,0.0067491657100617886
,imappo,,,,857.0,0.0,0.0,0.3374582693577395,0.0,0.0,0.0,0.3333333432674408,0.004124909282836597,0.0,0.0,0.0,0.0,0.0,,,,,,,
-0.0066337790340185165,imappo,9.888522617984563e-05,-0.4166218042373657,0.0007425141713904636,858.0,,,,,,,,,,,,,,0.3855618539513171,,,,,0.03256896883249283,0.01337602362036705
,imappo,,,,858.0,0.0,0.0,0.6688012458230332,0.0,0.0,0.0,0.6666666865348816,0.00213455786843042,0.0,0.0,0.0,0.0,0.0,,,,,,,
-0.008280216716229916,imappo,5.068657992524095e-05,-0.22583341598510742,0.0007422140713571192,859.0,,,,,,,,,,,,,,0.38542847615871956,,,,,0.027936788275837898,0.013393474742770195
,imappo,,,,859.0,0.0,0.0,0.6696737011261575,0.0,0.0,0.0,0.6666666865348816,0.0030070216871536104,0.0,0.0,0.0,0.0,0.0,,,,,,,
-0.0032769960816949606,imappo,0.00020088210294488817,-0.8695986866950989,0.0007419139713237745,860.0,,,,,,,,,,,,,,0.385295098366122,,,,,0.024029728025197983,0.006757731549441814
,imappo,,,,860.0,0.0,0.0,0.33788658939738525,0.0,0.0,0.0,0.3333333432674408,0.00455324742506491,0.0,0.0,0.0,0.0,0.0,,,,,,,
-0.013246116228401661,imappo,6.456753908423707e-05,-0.38376060128211975,0.0007416138712904301,861.0,,,,,,,,,,,,,,0.3851617205735245,,,,,0.029402848333120346,0.013398629613220692
,imappo,,,,861.0,0.0,0.0,0.6699314801080618,0.0,0.0,0.0,0.6666666865348816,0.0032648316700942814,0.0,0.0,0.0,0.0,0.0,,,,,,,
-0.0011430750600993633,imappo,0.00044262007577344775,-0.1492329090833664,0.0007413137712570857,862.0,,,,,,,,,,,,,,0.38502834278092696,,,,,0.03198277950286865,0.006728108040988445
,imappo,,,,862.0,0.0,0.0,0.3364053743321165,0.0,0.0,0.0,0.3333333432674408,0.0030720377003490285,0.0,0.0,0.0,0.0,0.0,,,,,,,
-0.005167562048882246,imappo,0.0007053531589917839,-0.3677927851676941,0.0007410136712237413,863.0,,,,,,,,,,,,,,0.3848949649883294,,,,,0.03024517372250557,0.013385914266109467
,imappo,,,,863.0,0.0,0.0,0.6692957232207846,0.0,0.0,0.0,0.6666666865348816,0.0026290969481124193,0.0,0.0,0.0,0.0,0.0,,,,,,,
-0.013951760716736317,imappo,0.0002463255950715393,-0.19402500987052917,0.0007407135711903968,864.0,,,,,,,,,,,,,,0.3847615871957319,,,,,0.03129442036151886,0.01340465433895588
,imappo,,,,864.0,0.0,0.0,0.6702327246789537,0.0,0.0,0.0,0.6666666865348816,0.0035660881299008906,0.0,0.0,0.0,0.0,0.0,,,,,,,
-0.005652084015309811,imappo,0.0001080338770407252,-0.32823270559310913,0.0007404134711570524,865.0,,,,,,,,,,,,,,0.38462820940313436,,,,,0.029232027009129524,0.013386576436460018
,imappo,,,,865.0,0.0,0.0,0.6693287098132714,0.0,0.0,0.0,0.6666666865348816,0.0026620267890393734,0.0,0.0,0.0,0.0,0.0,,,,,,,
-0.003802000777795911,imappo,0.00018975930288434029,-0.1824890673160553,0.0007401133711237079,866.0,,,,,,,,,,,,,,0.3844948316105368,,,,,0.030052199959754944,0.013408031314611435
,imappo,,,,866.0,0.0,0.0,0.6704016155272257,0.0,0.0,0.0,0.6666666865348816,0.0037349289923440665,0.0,0.0,0.0,0.0,0.0,,,,,,,
-0.005226091016083956,imappo,9.124064672505483e-05,-0.27821236848831177,0.0007398132710903635,867.0,,,,,,,,,,,,,,0.3843614538179393,,,,,0.030772613361477852,0.0133834108710289
,imappo,,,,867.0,0.0,0.0,0.6691706131787214,0.0,0.0,0.0,0.6666666865348816,0.0025039526649379695,0.0,0.0,0.0,0.0,0.0,,,,,,,
-0.009347197599709034,imappo,9.056657290784642e-05,-0.3160170018672943,0.000739513171057019,868.0,,,,,,,,,,,,,,0.3842280760253418,,,,,0.028603119775652885,0.01341197732836008
,imappo,,,,868.0,0.0,0.0,0.6705987919031031,0.0,0.0,0.0,0.6666666865348816,0.00393213097959233,0.0,0.0,0.0,0.0,0.0,,,,,,,
-0.0030521051958203316,imappo,5.258839519228786e-05,-0.38981306552886963,0.0007392130710236746,869.0,,,,,,,,,,,,,,0.3840946982327442,,,,,0.03323551267385483,0.013372039422392845
,imappo,,,,869.0,0.0,0.0,0.6686020187664781,0.0,0.0,0.0,0.6666666865348816,0.0019353366408267902,0.0,0.0,0.0,0.0,0.0,,,,,,,
-0.004281086381524801,imappo,6.986464723013341e-05,-0.5624176859855652,0.0007389129709903302,870.0,,,,,,,,,,,,,,0.38396132044014675,,,,,0.031480081379413605,0.01341680996119976
,imappo,,,,870.0,0.0,0.0,0.6708404297583002,0.0,0.0,0.0,0.6666666865348816,0.0041737166225175315,0.0,0.0,0.0,0.0,0.0,,,,,,,
-0.0026198728010058403,imappo,6.455659604398534e-05,-0.42703643441200256,0.0007386128709569856,871.0,,,,,,,,,,,,,,0.38382794264754916,,,,,0.029789723455905914,0.013382233679294586
,imappo,,,,871.0,0.0,0.0,0.6691116411911935,0.0,0.0,0.0,0.6666666865348816,0.0024449312968499726,0.0,0.0,0.0,0.0,0.0,,,,,,,
0.006558195687830448,imappo,0.0008552441140636802,-0.8820275664329529,0.0007383127709236412,872.0,,,,,,,,,,,,,,0.3836945648549517,,,,,0.0309772789478302,4.8606372729409486e-05
,imappo,,,,872.0,0.0,0.0,0.0024303189425154414,0.0,0.0,0.0,0.0,0.0024303189425154414,0.0,0.0,0.0,0.0,0.0,,,,,,,
-0.0012779333628714085,imappo,0.0006215787143446505,-0.5409614443778992,0.0007380126708902968,873.0,,,,,,,,,,,,,,0.3835611870623541,,,,,0.03102775663137436,0.013379223644733429
,imappo,,,,873.0,0.0,0.0,0.6689611853447559,0.0,0.0,0.0,0.6666666865348816,0.002294511266313748,0.0,0.0,0.0,0.0,0.0,,,,,,,
-0.006128225941210985,imappo,0.00015798924141563475,-0.4411400854587555,0.0007377125708569524,874.0,,,,,,,,,,,,,,0.3834278092697566,,,,,0.03237377107143402,0.0134040005505085
,imappo,,,,874.0,0.0,0.0,0.6702000483346637,0.0,0.0,0.0,0.6666666865348816,0.00353331801306922,0.0,0.0,0.0,0.0,0.0,,,,,,,
0.010048026219010353,imappo,0.0002822555834427476,-0.9848960638046265,0.0007374124708236079,875.0,,,,,,,,,,,,,,0.383294431477159,,,,,0.02629212662577629,8.228296064771712e-05
,imappo,,,,875.0,0.0,0.0,0.004114148272492457,0.0,0.0,0.0,0.0,0.004114148272492457,0.0,0.0,0.0,0.0,0.0,,,,,,,
-0.0075767734088003635,imappo,0.00012444198364391923,-0.42422327399253845,0.0007371123707902635,876.0,,,,,,,,,,,,,,0.38316105368456155,,,,,0.029129300266504288,0.013408397324383259
,imappo,,,,876.0,0.0,0.0,0.6704198891020496,0.0,0.0,0.0,0.6666666865348816,0.0037532323694904335,0.0,0.0,0.0,0.0,0.0,,,,,,,
-0.005983174312859774,imappo,0.00012512340617831796,-0.4176231324672699,0.0007368122707569189,877.0,,,,,,,,,,,,,,0.38302767589196396,,,,,0.03246770799160004,0.013375426642596722
,imappo,,,,877.0,0.0,0.0,0.6687713229990209,0.0,0.0,0.0,0.6666666865348816,0.00210464094885765,0.0,0.0,0.0,0.0,0.0,,,,,,,
-0.012008204124867916,imappo,0.00012105164933018386,-0.6353954672813416,0.0007365121707235745,878.0,,,,,,,,,,,,,,0.3828942980993665,,,,,0.029335513710975647,0.013386517763137817
,imappo,,,,878.0,0.0,0.0,0.6693258502350545,0.0,0.0,0.0,0.6666666865348816,0.0026591188220663753,0.0,0.0,0.0,0.0,0.0,,,,,,,
-0.009925696067512035,imappo,2.813084574881941e-05,-0.3679356575012207,0.0007362120706902301,879.0,,,,,,,,,,,,,,0.3827609203067689,,,,,0.035267844796180725,0.01337116863578558
,imappo,,,,879.0,0.0,0.0,0.6685584678849352,0.0,0.0,0.0,0.6666666865348816,0.0018918102392433411,0.0,0.0,0.0,0.0,0.0,,,,,,,
-0.004447590094059706,imappo,7.832074334146455e-05,-0.4428599178791046,0.0007359119706568857,880.0,,,,,,,,,,,,,,0.3826275425141714,,,,,0.031405262649059296,0.013408051803708076
,imappo,,,,880.0,0.0,0.0,0.6704026237312064,0.0,0.0,0.0,0.6666666865348816,0.0037359624802775215,0.0,0.0,0.0,0.0,0.0,,,,,,,
-0.00872854795306921,imappo,7.09427913534455e-05,-0.4234388768672943,0.0007356118706235412,881.0,,,,,,,,,,,,,,0.3824941647215738,,,,,0.030826479196548462,0.013386007398366928
,imappo,,,,881.0,0.0,0.0,0.6693004254120751,0.0,0.0,0.0,0.6666666865348816,0.0026337330673413817,0.0,0.0,0.0,0.0,0.0,,,,,,,
-0.008991844020783901,imappo,0.000132863424369134,-0.4065781831741333,0.0007353117705901967,882.0,,,,,,,,,,,,,,0.38236078692897635,,,,,0.03154117241501808,0.013411743566393852
,imappo,,,,882.0,0.0,0.0,0.6705871561207459,0.0,0.0,0.0,0.6666666865348816,0.003920465249393601,0.0,0.0,0.0,0.0,0.0,,,,,,,
-0.004656749311834574,imappo,0.00012641646026168019,-0.4193737506866455,0.0007350116705568523,883.0,,,,,,,,,,,,,,0.3822274091363788,,,,,0.028938857838511467,0.013411587104201317
,imappo,,,,883.0,0.0,0.0,0.6705793258149697,0.0,0.0,0.0,0.6666666865348816,0.003912671112402677,0.0,0.0,0.0,0.0,0.0,,,,,,,
-0.010900739580392838,imappo,8.716997399460524e-05,-0.45896366238594055,0.0007347115705235079,884.0,,,,,,,,,,,,,,0.3820940313437813,,,,,0.027778983116149902,0.013411550782620907
,imappo,,,,884.0,0.0,0.0,0.6705774812198797,0.0,0.0,0.0,0.6666666865348816,0.0039107788161345525,0.0,0.0,0.0,0.0,0.0,,,,,,,
-0.009873858653008938,imappo,4.6741268306504935e-05,-0.4707225561141968,0.0007344114704901635,885.0,,,,,,,,,,,,,,0.38196065355118375,,,,,0.029459049925208092,0.01340609323233366
,imappo,,,,885.0,0.0,0.0,0.6703045946869679,0.0,0.0,0.0,0.6666666865348816,0.003637910902398289,0.0,0.0,0.0,0.0,0.0,,,,,,,
-0.002982584061101079,imappo,5.34289501956664e-05,-0.1704280525445938,0.0007341113704568189,886.0,,,,,,,,,,,,,,0.3818272757585862,,,,,0.031683530658483505,0.013394065201282501
,imappo,,,,886.0,0.0,0.0,0.6697032147094433,0.0,0.0,0.0,0.6666666865348816,0.003036487959434453,0.0,0.0,0.0,0.0,0.0,,,,,,,
-0.008210545405745506,imappo,4.253849692759104e-05,-0.5033647418022156,0.0007338112704234745,887.0,,,,,,,,,,,,,,0.3816938979659887,,,,,0.027782462537288666,0.01340413000434637
,imappo,,,,887.0,0.0,0.0,0.6702064503842848,0.0,0.0,0.0,0.6666666865348816,0.003539769124472514,0.0,0.0,0.0,0.0,0.0,,,,,,,
-0.006857933010905981,imappo,3.340408511576243e-05,-0.7393640875816345,0.00073351117039013,888.0,,,,,,,,,,,,,,0.38156052017339115,,,,,0.031083859503269196,0.013367614708840847
,imappo,,,,888.0,0.0,0.0,0.668380672366709,0.0,0.0,0.0,0.6666666865348816,0.0017140166236799814,0.0,0.0,0.0,0.0,0.0,,,,,,,
-0.005545020569115877,imappo,0.00046009093057364225,-1.055158019065857,0.0007332110703567856,889.0,,,,,,,,,,,,,,0.3814271423807936,,,,,0.022725459188222885,9.087753278436139e-05
,imappo,,,,889.0,0.0,0.0,0.004543876704701688,0.0,0.0,0.0,0.0,0.004543876704701688,0.0,0.0,0.0,0.0,0.0,,,,,,,
-0.005617355462163687,imappo,0.00011795014142990112,-0.5382347702980042,0.0007329109703234412,890.0,,,,,,,,,,,,,,0.3812937645881961,,,,,0.02427046000957489,0.013405055738985538
,imappo,,,,890.0,0.0,0.0,0.670252768219143,0.0,0.0,0.0,0.6666666865348816,0.0035860815387422917,0.0,0.0,0.0,0.0,0.0,,,,,,,
-0.006121806800365448,imappo,8.908841118682176e-05,-0.6632863283157349,0.0007326108702900968,891.0,,,,,,,,,,,,,,0.38116038679559855,,,,,0.03066881373524666,0.013367557898163795
,imappo,,,,891.0,0.0,0.0,0.6683778392588806,0.0,0.0,0.0,0.6666666865348816,0.001711169753377817,0.0,0.0,0.0,0.0,0.0,,,,,,,
-0.004492802079766989,imappo,0.00013320751895662397,-0.5408075451850891,0.0007323107702567523,892.0,,,,,,,,,,,,,,0.381027009003001,,,,,0.030278507620096207,0.013372736051678658
,imappo,,,,892.0,0.0,0.0,0.6686367459373628,0.0,0.0,0.0,0.6666666865348816,0.0019700297784197573,0.0,0.0,0.0,0.0,0.0,,,,,,,
-0.0035415065940469503,imappo,0.00033841095864772797,-1.1736812591552734,0.0007320106702234078,893.0,,,,,,,,,,,,,,0.3808936312104035,,,,,0.0195503830909729,9.314220369560644e-05
,imappo,,,,893.0,0.0,0.0,0.004657110738662595,0.0,0.0,0.0,0.0,0.004657110738662595,0.0,0.0,0.0,0.0,0.0,,,,,,,
-0.008180584758520126,imappo,2.4089922590064816e-05,-0.5686306357383728,0.0007317105701900633,894.0,,,,,,,,,,,,,,0.38076025341780595,,,,,0.030157972127199173,0.013379562646150589
,imappo,,,,894.0,0.0,0.0,0.6689780940450873,0.0,0.0,0.0,0.6666666865348816,0.0023114282048481982,0.0,0.0,0.0,0.0,0.0,,,,,,,
-0.007012503687292337,imappo,2.5280034606112167e-05,-0.8031441569328308,0.0007314104701567189,895.0,,,,,,,,,,,,,,0.3806268756252084,,,,,0.030079513788223267,0.013377087190747261
,imappo,,,,895.0,0.0,0.0,0.668854356557631,0.0,0.0,0.0,0.6666666865348816,0.002187665082374224,0.0,0.0,0.0,0.0,0.0,,,,,,,
-0.0032620143610984087,imappo,0.00010782876779558137,-0.6058701872825623,0.0007311103701233745,896.0,,,,,,,,,,,,,,0.3804934978326109,,,,,0.027944862842559814,0.013391312211751938
,imappo,,,,896.0,0.0,0.0,0.6695657090676832,0.0,0.0,0.0,0.6666666865348816,0.0028990225328016095,0.0,0.0,0.0,0.0,0.0,,,,,,,
0.0018229023553431034,imappo,4.442073259269819e-05,-0.8131325840950012,0.00073081027009003,897.0,,,,,,,,,,,,,,0.38036012004001335,,,,,0.02834388241171837,0.013383555226027966
,imappo,,,,897.0,0.0,0.0,0.6691778065923017,0.0,0.0,0.0,0.6666666865348816,0.0025111427220281257,0.0,0.0,0.0,0.0,0.0,,,,,,,
-0.008066022768616676,imappo,0.0002432463807053864,-0.7249216437339783,0.0007305101700566855,898.0,,,,,,,,,,,,,,0.3802267422474158,,,,,0.02808566763997078,0.013393087312579155
,imappo,,,,898.0,0.0,0.0,0.6696543716589076,0.0,0.0,0.0,0.6666666865348816,0.0029876676544517977,0.0,0.0,0.0,0.0,0.0,,,,,,,
-0.0036111478693783283,imappo,0.0001839199976529926,-0.5959974527359009,0.0007302100700233411,899.0,,,,,,,,,,,,,,0.3800933644548183,,,,,0.030701329931616783,0.013382128439843655
,imappo,,,,899.0,0.0,0.0,0.6691064201131667,0.0,0.0,0.0,0.6666666865348816,0.0024397228207817534,0.0,0.0,0.0,0.0,0.0,,,,,,,
,imappo,,,,899.0,,,,,,,,,,,,,,,0.0,0.0,0.0,0.0,,
-0.007445482071489096,imappo,3.094121711910702e-05,-0.6297149062156677,0.0007299099699899967,900.0,,,,,,,,,,,,,,0.37995998666222075,,,,,0.029770322144031525,0.013384925201535225
,imappo,,,,900.0,0.0,0.0,0.6692462357118529,0.0,0.0,0.0,0.6666666865348816,0.0025795789792937285,0.0,0.0,0.0,0.0,0.0,,,,,,,
-0.0012806609738618135,imappo,4.512496889219619e-05,-0.48440486192703247,0.0007296098699566523,901.0,,,,,,,,,,,,,,0.3798266088696232,,,,,0.03187045454978943,0.013399126939475536
,imappo,,,,901.0,0.0,0.0,0.6699563281797509,0.0,0.0,0.0,0.6666666865348816,0.003289687701681032,0.0,0.0,0.0,0.0,0.0,,,,,,,
0.006568378768861294,imappo,0.0028686397708952427,-0.9723965525627136,0.0007293097699233079,902.0,,,,,,,,,,,,,,0.3796932310770257,,,,,0.03062089905142784,1.5634950614185072e-05
,imappo,,,,902.0,0.0,0.0,0.0007817475543561159,0.0,0.0,0.0,0.0,0.0007817475543561159,0.0,0.0,0.0,0.0,0.0,,,,,,,
0.004375163000077009,imappo,0.0001341333263553679,-0.4769713878631592,0.0007290096698899634,903.0,,,,,,,,,,,,,,0.37955985328442815,,,,,0.03486274182796478,0.013376095332205296
,imappo,,,,903.0,0.0,0.0,0.6688047955099137,0.0,0.0,0.0,0.6666666865348816,0.0021380944303928118,0.0,0.0,0.0,0.0,0.0,,,,,,,
-0.016265803948044777,imappo,6.5374028054066e-05,-0.450943261384964,0.0007287095698566189,904.0,,,,,,,,,,,,,,0.3794264754918306,,,,,0.030047990381717682,0.013401960954070091
,imappo,,,,904.0,0.0,0.0,0.6700980265077305,0.0,0.0,0.0,0.6666666865348816,0.0034313000205656863,0.0,0.0,0.0,0.0,0.0,,,,,,,
0.0039289528504014015,imappo,0.0002355114702368155,-0.6208258867263794,0.0007284094698232744,905.0,,,,,,,,,,,,,,0.3792930976992331,,,,,0.02749333530664444,0.013361506164073944
,imappo,,,,905.0,0.0,0.0,0.668075292712274,0.0,0.0,0.0,0.6666666865348816,0.0014085979228184442,0.0,0.0,0.0,0.0,0.0,,,,,,,
-4.79194859508425e-05,imappo,0.00032411597203463316,-0.6617690324783325,0.00072810936978993,906.0,,,,,,,,,,,,,,0.37915971990663555,,,,,0.028390325605869293,0.013407557271420956
,imappo,,,,906.0,0.0,0.0,0.6703778742758004,0.0,0.0,0.0,0.6666666865348816,0.003711191306138062,0.0,0.0,0.0,0.0,0.0,,,,,,,
0.0012975872959941626,imappo,0.0001442836073692888,-0.5714032053947449,0.0007278092697565856,907.0,,,,,,,,,,,,,,0.379026342114038,,,,,0.031030409038066864,0.013380671851336956
,imappo,,,,907.0,0.0,0.0,0.6690335719599716,0.0,0.0,0.0,0.6666666865348816,0.0023668946801080892,0.0,0.0,0.0,0.0,0.0,,,,,,,
-0.005135677754878998,imappo,0.0001571436005178839,-0.5307060480117798,0.0007275091697232411,908.0,,,,,,,,,,,,,,0.3788929643214405,,,,,0.03167415037751198,0.013420364819467068
,imappo,,,,908.0,0.0,0.0,0.6710182491951855,0.0,0.0,0.0,0.6666666865348816,0.004351534123998135,0.0,0.0,0.0,0.0,0.0,,,,,,,
-0.0038622880820184946,imappo,0.00011839812941616401,-0.6081071496009827,0.0007272090696898966,909.0,,,,,,,,,,,,,,0.37875958652884295,,,,,0.030797433108091354,0.013411602936685085
,imappo,,,,909.0,0.0,0.0,0.6705801221905858,0.0,0.0,0.0,0.6666666865348816,0.003913453976565506,0.0,0.0,0.0,0.0,0.0,,,,,,,
-0.012129394337534904,imappo,2.7678666810970753e-05,-0.5552052855491638,0.0007269089696565522,910.0,,,,,,,,,,,,,,0.3786262087362454,,,,,0.028143346309661865,0.013393420726060867
,imappo,,,,910.0,0.0,0.0,0.6696710524083755,0.0,0.0,0.0,0.6666666865348816,0.003004362807587313,0.0,0.0,0.0,0.0,0.0,,,,,,,
-0.008751148357987404,imappo,0.0002041123079834506,-1.1345959901809692,0.0007266088696232078,911.0,,,,,,,,,,,,,,0.3784928309436479,,,,,0.03030950203537941,5.6513817980885506e-06
,imappo,,,,911.0,0.0,0.0,0.0002825691248062867,0.0,0.0,0.0,0.0,0.0002825691248062867,0.0,0.0,0.0,0.0,0.0,,,,,,,
-0.0026102974079549313,imappo,0.00011457661457825452,-0.8392876386642456,0.0007263087695898634,912.0,,,,,,,,,,,,,,0.37835945315105035,,,,,0.030354371294379234,0.013399687595665455
,imappo,,,,912.0,0.0,0.0,0.6699844142058282,0.0,0.0,0.0,0.6666666865348816,0.003317752889415715,0.0,0.0,0.0,0.0,0.0,,,,,,,
-0.012915217317640781,imappo,4.1122995753539726e-05,-0.5704565644264221,0.0007260086695565188,913.0,,,,,,,,,,,,,,0.3782260753584528,,,,,0.0293108057230711,0.013402820564806461
,imappo,,,,913.0,0.0,0.0,0.6701410412715632,0.0,0.0,0.0,0.6666666865348816,0.0034744150761980563,0.0,0.0,0.0,0.0,0.0,,,,,,,
-0.014268643222749233,imappo,5.7419732911512256e-05,-0.6594117879867554,0.0007257085695231744,914.0,,,,,,,,,,,,,,0.3780926975658553,,,,,0.02763875015079975,0.013389749452471733
,imappo,,,,914.0,0.0,0.0,0.669487509298051,0.0,0.0,0.0,0.6666666865348816,0.0028208364892634563,0.0,0.0,0.0,0.0,0.0,,,,,,,
-0.0024319281801581383,imappo,0.00010950653813779354,-0.7239701151847839,0.00072540846948983,915.0,,,,,,,,,,,,,,0.37795931977325775,,,,,0.03407435119152069,0.013361973688006401
,imappo,,,,915.0,0.0,0.0,0.6680987548948032,0.0,0.0,0.0,0.6666666865348816,0.0014320402383454223,0.0,0.0,0.0,0.0,0.0,,,,,,,
-0.0007814864511601627,imappo,0.0020975563675165176,-1.0930880308151245,0.0007251083694564855,916.0,,,,,,,,,,,,,,0.3778259419806602,,,,,0.03141126036643982,5.389998841565102e-05
,imappo,,,,916.0,0.0,0.0,0.002694999585401092,0.0,0.0,0.0,0.0,0.002694999585401092,0.0,0.0,0.0,0.0,0.0,,,,,,,
-0.011805341579020023,imappo,0.0003752991324290633,-0.6611405611038208,0.0007248082694231411,917.0,,,,,,,,,,,,,,0.3776925641880627,,,,,0.02830515429377556,0.013402331620454788
,imappo,,,,917.0,0.0,0.0,0.6701166476050275,0.0,0.0,0.0,0.6666666865348816,0.003449946168984752,0.0,0.0,0.0,0.0,0.0,,,,,,,
-0.01126952189952135,imappo,8.674209675518796e-05,-0.6563969850540161,0.0007245081693897967,918.0,,,,,,,,,,,,,,0.37755918639546515,,,,,0.028401335701346397,0.013392841443419456
,imappo,,,,918.0,0.0,0.0,0.6696420474108891,0.0,0.0,0.0,0.6666666865348816,0.002975405688630417,0.0,0.0,0.0,0.0,0.0,,,,,,,
-0.010893275961279869,imappo,8.111416536848992e-05,-0.6702547073364258,0.0007242080693564522,919.0,,,,,,,,,,,,,,0.3774258086028676,,,,,0.0340515561401844,0.013384772464632988
,imappo,,,,919.0,0.0,0.0,0.6692385981045845,0.0,0.0,0.0,0.6666666865348816,0.002571888046531967,0.0,0.0,0.0,0.0,0.0,,,,,,,
0.007802238687872887,imappo,0.0001394093269482255,-0.9215065240859985,0.0007239079693231077,920.0,,,,,,,,,,,,,,0.3772924308102701,,,,,0.029597079381346703,0.013380142860114574
,imappo,,,,920.0,0.0,0.0,0.6690071416260253,0.0,0.0,0.0,0.6666666865348816,0.002340470297895081,0.0,0.0,0.0,0.0,0.0,,,,,,,
-0.008394504897296429,imappo,0.0007230925839394331,-0.313242644071579,0.0007236078692897632,921.0,,,,,,,,,,,,,,0.37715905301767255,,,,,0.03138589486479759,0.006733667105436325
,imappo,,,,921.0,0.0,0.0,0.3366833725995093,0.0,0.0,0.0,0.3333333432674408,0.0033500565150461625,0.0,0.0,0.0,0.0,0.0,,,,,,,
0.015653619542717934,imappo,0.0002435428905300796,-0.7700302600860596,0.0007233077692564188,922.0,,,,,,,,,,,,,,0.377025675225075,,,,,0.030385412275791168,0.013396934606134892
,imappo,,,,922.0,0.0,0.0,0.6698467325477395,0.0,0.0,0.0,0.6666666865348816,0.003180039224389475,0.0,0.0,0.0,0.0,0.0,,,,,,,
-0.002540573477745056,imappo,0.00013578226207755506,-1.021333932876587,0.0007230076692230744,923.0,,,,,,,,,,,,,,0.3768922974324775,,,,,0.02928677201271057,0.013402207754552364
,imappo,,,,923.0,0.0,0.0,0.6701103983978101,0.0,0.0,0.0,0.6666666865348816,0.003443711862928467,0.0,0.0,0.0,0.0,0.0,,,,,,,
-0.0016436793375760317,imappo,0.0003041125019080937,-0.7039820551872253,0.0007227075691897299,924.0,,,,,,,,,,,,,,0.37675891963987995,,,,,0.031009219586849213,0.0067189522087574005
,imappo,,,,924.0,0.0,0.0,0.3359475781344372,0.0,0.0,0.0,0.3333333432674408,0.002614255745356786,0.0,0.0,0.0,0.0,0.0,,,,,,,
-0.007599618285894394,imappo,0.00013781641609966755,-0.745688796043396,0.0007224074691563855,925.0,,,,,,,,,,,,,,0.3766255418472824,,,,,0.027685876935720444,0.013391767628490925
,imappo,,,,925.0,0.0,0.0,0.6695883937536564,0.0,0.0,0.0,0.6666666865348816,0.0029217025767138693,0.0,0.0,0.0,0.0,0.0,,,,,,,
-0.006814489606767893,imappo,3.10972573061008e-05,-0.8244749903678894,0.000722107369123041,926.0,,,,,,,,,,,,,,0.3764921640546849,,,,,0.027531880885362625,0.013381768018007278
,imappo,,,,926.0,0.0,0.0,0.669088409289543,0.0,0.0,0.0,0.6666666865348816,0.002421752078589634,0.0,0.0,0.0,0.0,0.0,,,,,,,
-0.0007423911592923105,imappo,5.984739254927263e-05,-1.0562933683395386,0.0007218072690896966,927.0,,,,,,,,,,,,,,0.37635878626208735,,,,,0.03214056417346001,0.01339496299624443
,imappo,,,,927.0,0.0,0.0,0.6697481726710066,0.0,0.0,0.0,0.6666666865348816,0.0030814968245067575,0.0,0.0,0.0,0.0,0.0,,,,,,,
-0.006247606594115496,imappo,4.6456949348794296e-05,-0.7739143371582031,0.0007215071690563522,928.0,,,,,,,,,,,,,,0.3762254084694898,,,,,0.02699807472527027,0.01340032834559679
,imappo,,,,928.0,0.0,0.0,0.6700164354660956,0.0,0.0,0.0,0.6666666865348816,0.0033497447984700557,0.0,0.0,0.0,0.0,0.0,,,,,,,
-0.008056199178099632,imappo,1.9408644220675342e-05,-0.8576443195343018,0.0007212070690230078,929.0,,,,,,,,,,,,,,0.3760920306768923,,,,,0.02927699312567711,0.013393142260611057
,imappo,,,,929.0,0.0,0.0,0.6696570748190425,0.0,0.0,0.0,0.6666666865348816,0.002990365521327476,0.0,0.0,0.0,0.0,0.0,,,,,,,
-0.011415613815188408,imappo,3.1700234103482217e-05,-0.7783365249633789,0.0007209069689896632,930.0,,,,,,,,,,,,,,0.37595865288429475,,,,,0.030118105933070183,0.013383584097027779
,imappo,,,,930.0,0.0,0.0,0.6691791735347579,0.0,0.0,0.0,0.6666666865348816,0.0025125164693236,0.0,0.0,0.0,0.0,0.0,,,,,,,
-0.010256028734147549,imappo,1.5750732927699573e-05,-0.8240484595298767,0.0007206068689563187,931.0,,,,,,,,,,,,,,0.3758252750916972,,,,,0.032316312193870544,0.013381286524236202
,imappo,,,,931.0,0.0,0.0,0.6690643734694959,0.0,0.0,0.0,0.6666666865348816,0.0023976912747230017,0.0,0.0,0.0,0.0,0.0,,,,,,,
0.12975212931632996,imappo,0.004660130012780428,-2.4524967670440674,0.0007203067689229743,932.0,,,,,,,,,,,,,,0.3756918972990997,,,,,0.03703632205724716,-5.411084202933125e-05
,imappo,,,,932.0,0.0,0.0,-0.0027055417860992748,0.0,0.0,0.0,0.0,-0.0027055417860992748,0.0,0.0,0.0,0.0,0.0,,,,,,,
-0.010650670155882835,imappo,0.0035200663842260838,-0.771340012550354,0.0007200066688896299,933.0,,,,,,,,,,,,,,0.37555851950650215,,,,,0.03097124956548214,0.013387203216552734
,imappo,,,,933.0,0.0,0.0,0.6693600826110924,0.0,0.0,0.0,0.6666666865348816,0.0026933942499454133,0.0,0.0,0.0,0.0,0.0,,,,,,,
-0.004758623894304037,imappo,0.00022937767789699137,-1.0851649045944214,0.0007197065688562855,934.0,,,,,,,,,,,,,,0.3754251417139046,,,,,0.030989695340394974,6.059472798369825e-05
,imappo,,,,934.0,0.0,0.0,0.0030297365628939588,0.0,0.0,0.0,0.0,0.0030297365628939588,0.0,0.0,0.0,0.0,0.0,,,,,,,
-0.0025293193757534027,imappo,0.0016908330144360662,-0.8226080536842346,0.000719406468822941,935.0,,,,,,,,,,,,,,0.3752917639213071,,,,,0.03124139830470085,0.013382243923842907
,imappo,,,,935.0,0.0,0.0,0.6691122221600381,0.0,0.0,0.0,0.6666666865348816,0.002445535990773351,0.0,0.0,0.0,0.0,0.0,,,,,,,
0.0002904381253756583,imappo,0.0003602248034439981,-0.9963271021842957,0.0007191063687895966,936.0,,,,,,,,,,,,,,0.37515838612870955,,,,,0.030050627887248993,0.013392908498644829
,imappo,,,,936.0,0.0,0.0,0.6696454062632711,0.0,0.0,0.0,0.6666666865348816,0.002978736673185267,0.0,0.0,0.0,0.0,0.0,,,,,,,
-0.01800369843840599,imappo,0.0005647594225592911,-0.8988211154937744,0.0007188062687562521,937.0,,,,,,,,,,,,,,0.375025008336112,,,,,0.031441036611795425,0.013400966301560402
,imappo,,,,937.0,0.0,0.0,0.6700483126351173,0.0,0.0,0.0,0.6666666865348816,0.003381647113201325,0.0,0.0,0.0,0.0,0.0,,,,,,,
0.0013805654598399997,imappo,0.0034984659869223833,-1.942739486694336,0.0007185061687229077,938.0,,,,,,,,,,,,,,0.3748916305435145,,,,,0.025917844846844673,9.047551429830492e-05
,imappo,,,,938.0,0.0,0.0,0.004523775689449394,0.0,0.0,0.0,0.0,0.004523775689449394,0.0,0.0,0.0,0.0,0.0,,,,,,,
-0.0009550081449560821,imappo,0.0008058873354457319,-0.9744513034820557,0.0007182060686895632,939.0,,,,,,,,,,,,,,0.37475825275091695,,,,,0.028542649000883102,0.01339107844978571
,imappo,,,,939.0,0.0,0.0,0.6695539526865559,0.0,0.0,0.0,0.6666666865348816,0.0028872622044673335,0.0,0.0,0.0,0.0,0.0,,,,,,,
-0.004816827364265919,imappo,0.0013795909471809864,-1.8693338632583618,0.0007179059686562188,940.0,,,,,,,,,,,,,,0.3746248749583194,,,,,0.02395540475845337,8.906231232685968e-05
,imappo,,,,940.0,0.0,0.0,0.004453115634532878,0.0,0.0,0.0,0.0,0.004453115634532878,0.0,0.0,0.0,0.0,0.0,,,,,,,
-0.003561713034287095,imappo,0.0017807942349463701,-1.7389967441558838,0.0007176058686228743,941.0,,,,,,,,,,,,,,0.3744914971657219,,,,,0.02220001071691513,8.334848826052621e-05
,imappo,,,,941.0,0.0,0.0,0.004167424918705365,0.0,0.0,0.0,0.0,0.004167424918705365,0.0,0.0,0.0,0.0,0.0,,,,,,,
-0.005528106354176998,imappo,0.0009136213338933885,-0.6255654096603394,0.0007173057685895298,942.0,,,,,,,,,,,,,,0.37435811937312435,,,,,0.027701199054718018,0.013413590379059315
,imappo,,,,942.0,0.0,0.0,0.6706795796776532,0.0,0.0,0.0,0.6666666865348816,0.0040129326075657445,0.0,0.0,0.0,0.0,0.0,,,,,,,
-0.003292796667665243,imappo,0.0006870646611787379,-1.0981497764587402,0.0007170056685561854,943.0,,,,,,,,,,,,,,0.3742247415805268,,,,,0.02864663116633892,5.1594739488791674e-05
,imappo,,,,943.0,0.0,0.0,0.0025797370699365274,0.0,0.0,0.0,0.0,0.0025797370699365274,0.0,0.0,0.0,0.0,0.0,,,,,,,
-0.005188877694308758,imappo,0.0004227377939969301,-1.041634202003479,0.000716705568522841,944.0,,,,,,,,,,,,,,0.3740913637879293,,,,,0.029333055019378662,4.579574670060538e-05
,imappo,,,,944.0,0.0,0.0,0.002289787511472241,0.0,0.0,0.0,0.0,0.002289787511472241,0.0,0.0,0.0,0.0,0.0,,,,,,,
-0.0014806479448452592,imappo,0.0003073347033932805,-0.6626878976821899,0.0007164054684894966,945.0,,,,,,,,,,,,,,0.3739579859953318,,,,,0.02890150249004364,0.013413021340966225
,imappo,,,,945.0,0.0,0.0,0.6706510841595446,0.0,0.0,0.0,0.6666666865348816,0.003984391442827473,0.0,0.0,0.0,0.0,0.0,,,,,,,
0.02388066239655018,imappo,0.0018546530045568943,-2.2266616821289062,0.0007161053684561521,946.0,,,,,,,,,,,,,,0.3738246082027342,,,,,0.03172774612903595,-4.777791218657512e-06
,imappo,,,,946.0,0.0,0.0,-0.00023888956579298792,0.0,0.0,0.0,0.0,-0.00023888956579298792,0.0,0.0,0.0,0.0,0.0,,,,,,,
-0.005321660079061985,imappo,0.00044325468479655683,-1.375641107559204,0.0007158052684228077,947.0,,,,,,,,,,,,,,0.37369123041013674,,,,,0.03025861829519272,3.831033973256126e-05
,imappo,,,,947.0,0.0,0.0,0.001915517040515624,0.0,0.0,0.0,0.0,0.001915517040515624,0.0,0.0,0.0,0.0,0.0,,,,,,,
0.0046651666052639484,imappo,0.00039620010647922754,-0.7336400151252747,0.0007155051683894631,948.0,,,,,,,,,,,,,,0.37355785261753915,,,,,0.0268704816699028,0.013414259068667889
,imappo,,,,948.0,0.0,0.0,0.6707129497808637,0.0,0.0,0.0,0.6666666865348816,0.0040462662909703795,0.0,0.0,0.0,0.0,0.0,,,,,,,
-0.014615657739341259,imappo,0.000552228419110179,-1.5893274545669556,0.0007152050683561187,949.0,,,,,,,,,,,,,,0.3734244748249417,,,,,0.026394128799438477,6.20343562331982e-05
,imappo,,,,949.0,0.0,0.0,0.003101718037214596,0.0,0.0,0.0,0.0,0.003101718037214596,0.0,0.0,0.0,0.0,0.0,,,,,,,
-0.006332091521471739,imappo,0.0001280046271858737,-0.7014273405075073,0.0007149049683227743,950.0,,,,,,,,,,,,,,0.3732910970323441,,,,,0.03027903288602829,0.013377942144870758
,imappo,,,,950.0,0.0,0.0,0.6688970920100701,0.0,0.0,0.0,0.6666666865348816,0.002230395397987195,0.0,0.0,0.0,0.0,0.0,,,,,,,
-0.00011373212328180671,imappo,0.0001278647396247834,-1.0473284721374512,0.0007146048682894299,951.0,,,,,,,,,,,,,,0.3731577192397466,,,,,0.02882593870162964,4.7766319767106324e-05
,imappo,,,,951.0,0.0,0.0,0.0023883161493358784,0.0,0.0,0.0,0.0,0.0023883161493358784,0.0,0.0,0.0,0.0,0.0,,,,,,,
-0.013646736741065979,imappo,8.483318379148841e-05,-0.8469301462173462,0.0007143047682560854,952.0,,,,,,,,,,,,,,0.373024341447149,,,,,0.02932283654808998,0.01337258331477642
,imappo,,,,952.0,0.0,0.0,0.6686292025078728,0.0,0.0,0.0,0.6666666865348816,0.001962545979040442,0.0,0.0,0.0,0.0,0.0,,,,,,,
-0.003590524895116687,imappo,0.0001473388692829758,-0.6906947493553162,0.0007140046682227409,953.0,,,,,,,,,,,,,,0.37289096365455154,,,,,0.028948508203029633,0.013398855924606323
,imappo,,,,953.0,0.0,0.0,0.6699428123283724,0.0,0.0,0.0,0.6666666865348816,0.0032761638904048596,0.0,0.0,0.0,0.0,0.0,,,,,,,
0.0009775739163160324,imappo,0.00018791966431308538,-0.8590437769889832,0.0007137045681893965,954.0,,,,,,,,,,,,,,0.37275758586195396,,,,,0.028089189901947975,0.013416229747235775
,imappo,,,,954.0,0.0,0.0,0.6708114456237126,0.0,0.0,0.0,0.6666666865348816,0.0041447728185630694,0.0,0.0,0.0,0.0,0.0,,,,,,,
-0.010388560593128204,imappo,8.19684864836745e-05,-0.7928867340087891,0.0007134044681560521,955.0,,,,,,,,,,,,,,0.3726242080693565,,,,,0.033400584012269974,0.01337253488600254
,imappo,,,,955.0,0.0,0.0,0.6686266597646409,0.0,0.0,0.0,0.6666666865348816,0.0019599912473040604,0.0,0.0,0.0,0.0,0.0,,,,,,,
-0.0032464780379086733,imappo,0.0013902325881645083,-1.8159865140914917,0.0007131043681227077,956.0,,,,,,,,,,,,,,0.3724908302767589,,,,,0.03002389892935753,3.839249984594062e-05
,imappo,,,,956.0,0.0,0.0,0.001919625039249695,0.0,0.0,0.0,0.0,0.001919625039249695,0.0,0.0,0.0,0.0,0.0,,,,,,,
-0.008000239729881287,imappo,0.0007281166035681963,-0.6890021562576294,0.0007128042680893631,957.0,,,,,,,,,,,,,,0.3723574524841614,,,,,0.02836601808667183,0.006719580385833979
,imappo,,,,957.0,0.0,0.0,0.33597904664770795,0.0,0.0,0.0,0.3333333432674408,0.0026456764446720626,0.0,0.0,0.0,0.0,0.0,,,,,,,
-0.008832963183522224,imappo,0.0009444350725971162,-0.7105715870857239,0.0007125041680560186,958.0,,,,,,,,,,,,,,0.3722240746915638,,,,,0.026991870254278183,0.013404594734311104
,imappo,,,,958.0,0.0,0.0,0.6702297009746303,0.0,0.0,0.0,0.6666666865348816,0.0035630181650390114,0.0,0.0,0.0,0.0,0.0,,,,,,,
0.010887352749705315,imappo,0.0008921732660382986,-1.9786393642425537,0.0007122040680226742,959.0,,,,,,,,,,,,,,0.37209069689896634,,,,,0.02869660034775734,5.249873720458709e-05
,imappo,,,,959.0,0.0,0.0,0.0026249368020216934,0.0,0.0,0.0,0.0,0.0026249368020216934,0.0,0.0,0.0,0.0,0.0,,,,,,,
-0.010823916643857956,imappo,0.0008029879536479712,-0.6825809478759766,0.0007119039679893298,960.0,,,,,,,,,,,,,,0.37195731910636876,,,,,0.027734436094760895,0.013402409851551056
,imappo,,,,960.0,0.0,0.0,0.6701205097688216,0.0,0.0,0.0,0.6666666865348816,0.0034538591771706706,0.0,0.0,0.0,0.0,0.0,,,,,,,
0.0019458618480712175,imappo,0.0013061303179711103,-1.9149894714355469,0.0007116038679559854,961.0,,,,,,,,,,,,,,0.3718239413137713,,,,,0.02597622573375702,5.314357622410171e-05
,imappo,,,,961.0,0.0,0.0,0.0026571788448563893,0.0,0.0,0.0,0.0,0.0026571788448563893,0.0,0.0,0.0,0.0,0.0,,,,,,,
0.030857108533382416,imappo,0.0007221474661491811,-2.4617931842803955,0.000711303767922641,962.0,,,,,,,,,,,,,,0.3716905635211737,,,,,0.02589334361255169,5.230818351265043e-05
,imappo,,,,962.0,0.0,0.0,0.00261540923679604,0.0,0.0,0.0,0.0,0.00261540923679604,0.0,0.0,0.0,0.0,0.0,,,,,,,
0.0009833755902945995,imappo,0.0003688615979626775,-1.9754400253295898,0.0007110036678892965,963.0,,,,,,,,,,,,,,0.3715571857285762,,,,,0.02332368493080139,6.000088615110144e-05
,imappo,,,,963.0,0.0,0.0,0.003000044194777729,0.0,0.0,0.0,0.0,0.003000044194777729,0.0,0.0,0.0,0.0,0.0,,,,,,,
0.012384060770273209,imappo,0.0007937085465528071,-2.6796414852142334,0.000710703567855952,964.0,,,,,,,,,,,,,,0.3714238079359786,,,,,0.024868380278348923,6.39226782368496e-05
,imappo,,,,964.0,0.0,0.0,0.0031961339209374273,0.0,0.0,0.0,0.0,0.0031961339209374273,0.0,0.0,0.0,0.0,0.0,,,,,,,
-0.004354781471192837,imappo,0.0028806678019464016,-0.7065890431404114,0.0007104034678226076,965.0,,,,,,,,,,,,,,0.37129043014338114,,,,,0.029446229338645935,0.013360099866986275
,imappo,,,,965.0,0.0,0.0,0.6680050497216143,0.0,0.0,0.0,0.6666666865348816,0.0013383929890551371,0.0,0.0,0.0,0.0,0.0,,,,,,,
0.0015016015386208892,imappo,0.001824449747800827,-0.5983189940452576,0.0007101033677892631,966.0,,,,,,,,,,,,,,0.37115705235078356,,,,,0.032896365970373154,0.0066886828280985355
,imappo,,,,966.0,0.0,0.0,0.3344341741003518,0.0,0.0,0.0,0.3333333432674408,0.001100830832911015,0.0,0.0,0.0,0.0,0.0,,,,,,,
0.01792806014418602,imappo,0.0008038263185881078,-2.5857810974121094,0.0007098032677559187,967.0,,,,,,,,,,,,,,0.3710236745581861,,,,,0.02235783450305462,5.665592470904812e-05
,imappo,,,,967.0,0.0,0.0,0.0028327959703347005,0.0,0.0,0.0,0.0,0.0028327959703347005,0.0,0.0,0.0,0.0,0.0,,,,,,,
-0.0025641873944550753,imappo,0.0008921513217501342,-0.6313499212265015,0.0007095031677225742,968.0,,,,,,,,,,,,,,0.3708902967655885,,,,,0.026621662080287933,0.013416523113846779
,imappo,,,,968.0,0.0,0.0,0.6708261151488841,0.0,0.0,0.0,0.6666666865348816,0.004159439484283212,0.0,0.0,0.0,0.0,0.0,,,,,,,
-0.005114298779517412,imappo,0.0006545591168105602,-0.702067494392395,0.0007092030676892297,969.0,,,,,,,,,,,,,,0.370756918972991,,,,,0.03234726935625076,0.01335991732776165
,imappo,,,,969.0,0.0,0.0,0.6679958479465711,0.0,0.0,0.0,0.6666666865348816,0.0013291614116894834,0.0,0.0,0.0,0.0,0.0,,,,,,,
0.04097192361950874,imappo,0.0005109724588692188,-0.6919627785682678,0.0007089029676558853,970.0,,,,,,,,,,,,,,0.3706235411803934,,,,,0.030520129948854446,0.013367111794650555
,imappo,,,,970.0,0.0,0.0,0.6683555647706498,0.0,0.0,0.0,0.6666666865348816,0.0016888862029418306,0.0,0.0,0.0,0.0,0.0,,,,,,,
0.004506978671997786,imappo,0.0006444432656280696,-0.8167628049850464,0.0007086028676225409,971.0,,,,,,,,,,,,,,0.37049016338779595,,,,,0.02984638139605522,0.01340467482805252
,imappo,,,,971.0,0.0,0.0,0.6702337370516034,0.0,0.0,0.0,0.6666666865348816,0.0035670533834490925,0.0,0.0,0.0,0.0,0.0,,,,,,,
-0.016932206228375435,imappo,0.0003346269077155739,-0.6207692623138428,0.0007083027675891965,972.0,,,,,,,,,,,,,,0.37035678559519836,,,,,0.02728121727705002,0.013419844210147858
,imappo,,,,972.0,0.0,0.0,0.670992246014066,0.0,0.0,0.0,0.6666666865348816,0.004325572197558358,0.0,0.0,0.0,0.0,0.0,,,,,,,
-0.0039287591353058815,imappo,0.00020767547539435327,-0.9457223415374756,0.000708002667555852,973.0,,,,,,,,,,,,,,0.3702234078026009,,,,,0.030346855521202087,0.013395670801401138
,imappo,,,,973.0,0.0,0.0,0.6697835753575418,0.0,0.0,0.0,0.6666666865348816,0.00311685902033787,0.0,0.0,0.0,0.0,0.0,,,,,,,
-0.0014755259035155177,imappo,0.0003841371217276901,-0.6376297473907471,0.0007077025675225076,974.0,,,,,,,,,,,,,,0.3700900300100033,,,,,0.027546102181077003,0.00673283264040947
,imappo,,,,974.0,0.0,0.0,0.3366416337539704,0.0,0.0,0.0,0.3333333432674408,0.003308284898594138,0.0,0.0,0.0,0.0,0.0,,,,,,,
-0.0010234930086880922,imappo,0.0016715317033231258,-0.9139905571937561,0.000707402467489163,975.0,,,,,,,,,,,,,,0.3699566522174058,,,,,0.03375891596078873,6.689334259135649e-05
,imappo,,,,975.0,0.0,0.0,0.0033446671027377306,0.0,0.0,0.0,0.0,0.0033446671027377306,0.0,0.0,0.0,0.0,0.0,,,,,,,
-0.0026173170190304518,imappo,0.0006042905151844025,-0.8508403301239014,0.0007071023674558186,976.0,,,,,,,,,,,,,,0.3698232744248082,,,,,0.02919675037264824,6.506568024633452e-05
,imappo,,,,976.0,0.0,0.0,0.0032532841323700268,0.0,0.0,0.0,0.0,0.0032532841323700268,0.0,0.0,0.0,0.0,0.0,,,,,,,
-0.0009949939558282495,imappo,0.00418589822947979,-0.7444337606430054,0.0007068022674224742,977.0,,,,,,,,,,,,,,0.36968989663221075,,,,,0.029895536601543427,0.013365787453949451
,imappo,,,,977.0,0.0,0.0,0.6682893926708857,0.0,0.0,0.0,0.6666666865348816,0.0016227275564233423,0.0,0.0,0.0,0.0,0.0,,,,,,,
0.038811568170785904,imappo,0.002203521318733692,-3.8478715419769287,0.0007065021673891298,978.0,,,,,,,,,,,,,,0.36955651883961316,,,,,0.01878223568201065,6.441146251745522e-05
,imappo,,,,978.0,0.0,0.0,0.003220573159637752,0.0,0.0,0.0,0.0,0.003220573159637752,0.0,0.0,0.0,0.0,0.0,,,,,,,
-0.006000915076583624,imappo,0.0015861871652305126,-0.9105629324913025,0.0007062020673557853,979.0,,,,,,,,,,,,,,0.3694231410470157,,,,,0.027765339240431786,0.013392562977969646
,imappo,,,,979.0,0.0,0.0,0.669628103386458,0.0,0.0,0.0,0.6666666865348816,0.0029614030636366806,0.0,0.0,0.0,0.0,0.0,,,,,,,
-0.005047209095209837,imappo,0.0008519916445948184,-0.9726547002792358,0.0007059019673224408,980.0,,,,,,,,,,,,,,0.3692897632544181,,,,,0.029172658920288086,0.006710900459438562
,imappo,,,,980.0,0.0,0.0,0.3355450259094823,0.0,0.0,0.0,0.3333333432674408,0.0022116791932376145,0.0,0.0,0.0,0.0,0.0,,,,,,,
-0.003562269266694784,imappo,0.0004218633403070271,-0.7388656735420227,0.0007056018672890964,981.0,,,,,,,,,,,,,,0.3691563854618206,,,,,0.02682766318321228,0.006724083796143532
,imappo,,,,981.0,0.0,0.0,0.33620419839917304,0.0,0.0,0.0,0.3333333432674408,0.0028708162490147515,0.0,0.0,0.0,0.0,0.0,,,,,,,
-0.00730466702952981,imappo,0.0009721514070406556,-1.198395848274231,0.000705301767255752,982.0,,,,,,,,,,,,,,0.369023007669223,,,,,0.030130386352539062,7.221630221465603e-05
,imappo,,,,982.0,0.0,0.0,0.00361081517621642,0.0,0.0,0.0,0.0,0.00361081517621642,0.0,0.0,0.0,0.0,0.0,,,,,,,
-0.0027122553437948227,imappo,0.0004408136010169983,-0.8054335713386536,0.0007050016672224076,983.0,,,,,,,,,,,,,,0.36888962987662555,,,,,0.02872673235833645,0.006743882317095995
,imappo,,,,983.0,0.0,0.0,0.33719410297999275,0.0,0.0,0.0,0.3333333432674408,0.003860766144498484,0.0,0.0,0.0,0.0,0.0,,,,,,,
0.02893621101975441,imappo,0.0008890010649338365,-3.370990037918091,0.000704701567189063,984.0,,,,,,,,,,,,,,0.36875625208402796,,,,,0.02649669721722603,4.9880654842127115e-05
,imappo,,,,984.0,0.0,0.0,0.0024940329092828506,0.0,0.0,0.0,0.0,0.0024940329092828506,0.0,0.0,0.0,0.0,0.0,,,,,,,
0.004922896157950163,imappo,0.0009428464691154659,-1.2479544878005981,0.0007044014671557186,985.0,,,,,,,,,,,,,,0.3686228742914305,,,,,0.02564302831888199,7.47873418731615e-05
,imappo,,,,985.0,0.0,0.0,0.003739367028174456,0.0,0.0,0.0,0.0,0.003739367028174456,0.0,0.0,0.0,0.0,0.0,,,,,,,
-0.004770941101014614,imappo,0.005869071464985609,-1.028236746788025,0.0007041013671223741,986.0,,,,,,,,,,,,,,0.3684894964988329,,,,,0.03046325221657753,0.013374285772442818
,imappo,,,,986.0,0.0,0.0,0.6687142587643393,0.0,0.0,0.0,0.6666666865348816,0.002047572229457728,0.0,0.0,0.0,0.0,0.0,,,,,,,
-0.006295355968177319,imappo,0.0007815684657543898,-1.0017499923706055,0.0007038012670890297,987.0,,,,,,,,,,,,,,0.3683561187062354,,,,,0.02904399111866951,0.00672787195071578
,imappo,,,,987.0,0.0,0.0,0.3363935837696772,0.0,0.0,0.0,0.3333333432674408,0.003060236787860049,0.0,0.0,0.0,0.0,0.0,,,,,,,
-0.00894303061068058,imappo,0.0020423748064786196,-1.3174705505371094,0.0007035011670556853,988.0,,,,,,,,,,,,,,0.3682227409136378,,,,,0.025730255991220474,6.210091669345275e-05
,imappo,,,,988.0,0.0,0.0,0.00310504549088364,0.0,0.0,0.0,0.0,0.00310504549088364,0.0,0.0,0.0,0.0,0.0,,,,,,,
0.049353037029504776,imappo,0.0004914854653179646,-2.4813599586486816,0.0007032010670223409,989.0,,,,,,,,,,,,,,0.36808936312104035,,,,,0.03393111377954483,3.7750207411590964e-05
,imappo,,,,989.0,0.0,0.0,0.0018875101977755548,0.0,0.0,0.0,0.0,0.0018875101977755548,0.0,0.0,0.0,0.0,0.0,,,,,,,
-0.010578538291156292,imappo,0.0009529606904834509,-0.5511128902435303,0.0007029009669889964,990.0,,,,,,,,,,,,,,0.3679559853284428,,,,,0.03509019315242767,4.72804022138007e-05
,imappo,,,,990.0,0.0,0.0,0.0023640201184740306,0.0,0.0,0.0,0.0,0.0023640201184740306,0.0,0.0,0.0,0.0,0.0,,,,,,,
-0.0022304453887045383,imappo,0.0005133800441399217,-0.5594520568847656,0.0007026008669556519,991.0,,,,,,,,,,,,,,0.3678226075358453,,,,,0.03300533443689346,5.549862180487253e-05
,imappo,,,,991.0,0.0,0.0,0.0027749311593652237,0.0,0.0,0.0,0.0,0.0027749311593652237,0.0,0.0,0.0,0.0,0.0,,,,,,,
-0.00041195901576429605,imappo,0.013957601971924305,-0.7489039897918701,0.0007023007669223074,992.0,,,,,,,,,,,,,,0.36768922974324775,,,,,0.03186281770467758,0.013387023471295834
,imappo,,,,992.0,0.0,0.0,0.6693511337225573,0.0,0.0,0.0,0.6666666865348816,0.0026844448711926816,0.0,0.0,0.0,0.0,0.0,,,,,,,
0.00456607062369585,imappo,0.009796395897865295,-1.0678250789642334,0.000702000666888963,993.0,,,,,,,,,,,,,,0.3675558519506502,,,,,0.02778998576104641,0.013387404382228851
,imappo,,,,993.0,0.0,0.0,0.6693702674274391,0.0,0.0,0.0,0.6666666865348816,0.002703554534491559,0.0,0.0,0.0,0.0,0.0,,,,,,,
-0.0012024835450574756,imappo,0.006559239234775305,-0.8074144721031189,0.0007017005668556186,994.0,,,,,,,,,,,,,,0.3674224741580527,,,,,0.029639843851327896,0.013384826481342316
,imappo,,,,994.0,0.0,0.0,0.6692412591073662,0.0,0.0,0.0,0.6666666865348816,0.002574575089965947,0.0,0.0,0.0,0.0,0.0,,,,,,,
-0.003042324911803007,imappo,0.006077672354876995,-0.4916563034057617,0.0007014004668222741,995.0,,,,,,,,,,,,,,0.36728909636545515,,,,,0.030189761891961098,6.863166345283389e-05
,imappo,,,,995.0,0.0,0.0,0.0034315834564040415,0.0,0.0,0.0,0.0,0.0034315834564040415,0.0,0.0,0.0,0.0,0.0,,,,,,,
-0.006779721472412348,imappo,0.004799109883606434,-0.7538852095603943,0.0007011003667889297,996.0,,,,,,,,,,,,,,0.3671557185728576,,,,,0.031335603445768356,0.013387346640229225
,imappo,,,,996.0,0.0,0.0,0.6693673225054226,0.0,0.0,0.0,0.6666666865348816,0.0027006607415387407,0.0,0.0,0.0,0.0,0.0,,,,,,,
-0.008828173391520977,imappo,0.0019291916396468878,-0.9951033592224121,0.0007008002667555852,997.0,,,,,,,,,,,,,,0.3670223407802601,,,,,0.0271474476903677,0.01338522881269455
,imappo,,,,997.0,0.0,0.0,0.6692614771818626,0.0,0.0,0.0,0.6666666865348816,0.002594756799226161,0.0,0.0,0.0,0.0,0.0,,,,,,,
0.0037836763076484203,imappo,0.0007017847965471447,-0.8521286845207214,0.0007005001667222408,998.0,,,,,,,,,,,,,,0.36688896298766255,,,,,0.03054770827293396,0.013389850035309792
,imappo,,,,998.0,0.0,0.0,0.6694924638577504,0.0,0.0,0.0,0.6666666865348816,0.0028257591839064844,0.0,0.0,0.0,0.0,0.0,,,,,,,
-0.001862295437604189,imappo,0.0003001235018018633,-0.8604297637939453,0.0007002000666888964,999.0,,,,,,,,,,,,,,0.366755585195065,,,,,0.03306145966053009,0.013400554656982422
,imappo,,,,999.0,0.0,0.0,0.670027776216557,0.0,0.0,0.0,0.6666666865348816,0.0033610914424571092,0.0,0.0,0.0,0.0,0.0,,,,,,,
,imappo,,,,999.0,,,,,,,,,,,,,,,0.0,0.0,0.0,0.0,,
-0.005135290790349245,imappo,0.004514554049819708,-0.8537381887435913,0.000699899966655552,1000.0,,,,,,,,,,,,,,0.3666222074024675,,,,,0.026507016271352768,0.006733723450452089
,imappo,,,,1000.0,0.0,0.0,0.3366861944414268,0.0,0.0,0.0,0.3333333432674408,0.003352859228471061,0.0,0.0,0.0,0.0,0.0,,,,,,,
0.000763143296353519,imappo,0.0005605550250038505,-0.7719925045967102,0.0006995998666222073,1001.0,,,,,,,,,,,,,,0.36648882960986995,,,,,0.031008172780275345,0.013396793976426125
,imappo,,,,1001.0,0.0,0.0,0.6698396267238422,0.0,0.0,0.0,0.6666666865348816,0.003172959652147256,0.0,0.0,0.0,0.0,0.0,,,,,,,
-0.006424464285373688,imappo,0.0012279818765819073,-1.112694263458252,0.0006992997665888629,1002.0,,,,,,,,,,,,,,0.3663554518172724,,,,,0.026589345186948776,0.006726450752466917
,imappo,,,,1002.0,0.0,0.0,0.3363225529283227,0.0,0.0,0.0,0.3333333432674408,0.0029891996127844322,0.0,0.0,0.0,0.0,0.0,,,,,,,
-0.01161830872297287,imappo,0.0019104330567643046,-0.8348764777183533,0.0006989996665555185,1003.0,,,,,,,,,,,,,,0.3662220740246749,,,,,0.03236488997936249,0.013380923308432102
,imappo,,,,1003.0,0.0,0.0,0.6690461842954392,0.0,0.0,0.0,0.6666666865348816,0.002379523022682406,0.0,0.0,0.0,0.0,0.0,,,,,,,
0.001925193122588098,imappo,0.0013319830177351832,-0.8611505031585693,0.0006986995665221741,1004.0,,,,,,,,,,,,,,0.36608869623207735,,,,,0.030754297971725464,0.013368256390094757
,imappo,,,,1004.0,0.0,0.0,0.6684128155601456,0.0,0.0,0.0,0.6666666865348816,0.0017461335363577746,0.0,0.0,0.0,0.0,0.0,,,,,,,
0.02415802702307701,imappo,0.0008491815533488989,-2.1795694828033447,0.0006983994664888297,1005.0,,,,,,,,,,,,,,0.3659553184394798,,,,,0.0245269276201725,7.959469803608954e-05
,imappo,,,,1005.0,0.0,0.0,0.003979735407483531,0.0,0.0,0.0,0.0,0.003979735407483531,0.0,0.0,0.0,0.0,0.0,,,,,,,
0.0012305574491620064,imappo,0.003329494036734104,-0.8346644639968872,0.0006980993664554852,1006.0,,,,,,,,,,,,,,0.3658219406468823,,,,,0.03222956508398056,0.013385619036853313
,imappo,,,,1006.0,0.0,0.0,0.669280924063969,0.0,0.0,0.0,0.6666666865348816,0.0026142319848077022,0.0,0.0,0.0,0.0,0.0,,,,,,,
-0.009044727310538292,imappo,0.002217356115579605,-0.7657296657562256,0.0006977992664221408,1007.0,,,,,,,,,,,,,,0.36568856285428475,,,,,0.030585624277591705,0.013384108431637287
,imappo,,,,1007.0,0.0,0.0,0.6692054778850434,0.0,0.0,0.0,0.6666666865348816,0.002538766833822592,0.0,0.0,0.0,0.0,0.0,,,,,,,
-0.004718068987131119,imappo,0.0007751293014734983,-0.800986111164093,0.0006974991663887963,1008.0,,,,,,,,,,,,,,0.3655551850616872,,,,,0.03373529016971588,0.013382069766521454
,imappo,,,,1008.0,0.0,0.0,0.6691033391398378,0.0,0.0,0.0,0.6666666865348816,0.00243667014001403,0.0,0.0,0.0,0.0,0.0,,,,,,,
0.0034015863202512264,imappo,0.009409954771399498,-1.2352347373962402,0.0006971990663554519,1009.0,,,,,,,,,,,,,,0.3654218072690897,,,,,0.02520047128200531,8.540929411537945e-05
,imappo,,,,1009.0,0.0,0.0,0.004270464549335884,0.0,0.0,0.0,0.0,0.004270464549335884,0.0,0.0,0.0,0.0,0.0,,,,,,,
0.0012671963777393103,imappo,0.0025355464313179255,-1.1447416543960571,0.0006968989663221075,1010.0,,,,,,,,,,,,,,0.36528842947649215,,,,,0.030419394373893738,0.013388901017606258
,imappo,,,,1010.0,0.0,0.0,0.6694450879549549,0.0,0.0,0.0,0.6666666865348816,0.002778401420073351,0.0,0.0,0.0,0.0,0.0,,,,,,,
0.02092587761580944,imappo,0.0020853113383054733,-1.1237146854400635,0.000696598866288763,1011.0,,,,,,,,,,,,,,0.3651550516838946,,,,,0.029401004314422607,0.013390814885497093
,imappo,,,,1011.0,0.0,0.0,0.6695408045361546,0.0,0.0,0.0,0.6666666865348816,0.0028741197547788033,0.0,0.0,0.0,0.0,0.0,,,,,,,
0.0035676995757967234,imappo,0.0016030916012823582,-1.1420314311981201,0.0006962987662554184,1012.0,,,,,,,,,,,,,,0.3650216738912971,,,,,0.02678919956088066,0.006749460473656654
,imappo,,,,1012.0,0.0,0.0,0.3374730571595137,0.0,0.0,0.0,0.3333333432674408,0.004139723816479091,0.0,0.0,0.0,0.0,0.0,,,,,,,
-0.011611412279307842,imappo,0.0014635218540206552,-0.8583093285560608,0.000695998666222074,1013.0,,,,,,,,,,,,,,0.36488829609869955,,,,,0.030534975230693817,0.013381589204072952
,imappo,,,,1013.0,0.0,0.0,0.6690795531558251,0.0,0.0,0.0,0.6666666865348816,0.002412856365481275,0.0,0.0,0.0,0.0,0.0,,,,,,,
-0.0016852740664035082,imappo,0.0011241375468671322,-0.7338334918022156,0.0006956985661887296,1014.0,,,,,,,,,,,,,,0.364754918306102,,,,,0.03048727475106716,0.01341039314866066
,imappo,,,,1014.0,0.0,0.0,0.6705196053444524,0.0,0.0,0.0,0.6666666865348816,0.003852946865663398,0.0,0.0,0.0,0.0,0.0,,,,,,,
-0.001518811797723174,imappo,0.00034677315852604806,-0.7892407178878784,0.0006953984661553852,1015.0,,,,,,,,,,,,,,0.3646215405135045,,,,,0.029463276267051697,0.013385139405727386
,imappo,,,,1015.0,0.0,0.0,0.6692569727347291,0.0,0.0,0.0,0.6666666865348816,0.0025902687252710166,0.0,0.0,0.0,0.0,0.0,,,,,,,
-0.011324066668748856,imappo,0.0005126732867211103,-0.7917553782463074,0.0006950983661220407,1016.0,,,,,,,,,,,,,,0.36448816272090695,,,,,0.029696162790060043,0.013378595933318138
,imappo,,,,1016.0,0.0,0.0,0.6689298069195502,0.0,0.0,0.0,0.6666666865348816,0.002263153563035303,0.0,0.0,0.0,0.0,0.0,,,,,,,
0.0006106484797783196,imappo,0.000527550932019949,-0.9824938774108887,0.0006947982660886963,1017.0,,,,,,,,,,,,,,0.3643547849283094,,,,,0.0298631452023983,0.013373633846640587
,imappo,,,,1017.0,0.0,0.0,0.6686816504034141,0.0,0.0,0.0,0.6666666865348816,0.0020150030568402144,0.0,0.0,0.0,0.0,0.0,,,,,,,
-0.00412357971072197,imappo,0.0002326987450942397,-0.8095609545707703,0.0006944981660553518,1018.0,,,,,,,,,,,,,,0.3642214071357119,,,,,0.028342660516500473,0.01337876170873642
,imappo,,,,1018.0,0.0,0.0,0.6689380334437374,0.0,0.0,0.0,0.6666666865348816,0.002271364836815337,0.0,0.0,0.0,0.0,0.0,,,,,,,
-0.0064775836654007435,imappo,0.00017946120351552963,-0.8690244555473328,0.0006941980660220073,1019.0,,,,,,,,,,,,,,0.36408802934311435,,,,,0.029257450252771378,0.013371305540204048
,imappo,,,,1019.0,0.0,0.0,0.6685653126002933,0.0,0.0,0.0,0.6666666865348816,0.0018986246465999557,0.0,0.0,0.0,0.0,0.0,,,,,,,
-0.008175864815711975,imappo,0.00036948395427316427,-0.8985414505004883,0.0006938979659886629,1020.0,,,,,,,,,,,,,,0.36395465155051687,,,,,0.03258192539215088,0.013417885638773441
,imappo,,,,1020.0,0.0,0.0,0.6708943038756843,0.0,0.0,0.0,0.6666666865348816,0.004227646932122298,0.0,0.0,0.0,0.0,0.0,,,,,,,
-0.007292692083865404,imappo,0.00023980828700587153,-1.0289404392242432,0.0006935978659553185,1021.0,,,,,,,,,,,,,,0.3638212737579193,,,,,0.030581677332520485,0.013397583737969398
,imappo,,,,1021.0,0.0,0.0,0.6698791757680738,0.0,0.0,0.0,0.6666666865348816,0.003212489233192173,0.0,0.0,0.0,0.0,0.0,,,,,,,
-0.0022914386354386806,imappo,0.00018153020937461406,-0.6781095862388611,0.0006932977659219741,1022.0,,,,,,,,,,,,,,0.3636878959653218,,,,,0.03260286524891853,0.013400270603597164
,imappo,,,,1022.0,0.0,0.0,0.670013557333732,0.0,0.0,0.0,0.6666666865348816,0.003346887679072097,0.0,0.0,0.0,0.0,0.0,,,,,,,
-0.011549737304449081,imappo,0.0036865975707769394,-1.0659294128417969,0.0006929976658886295,1023.0,,,,,,,,,,,,,,0.3635545181727242,,,,,0.025628861039876938,0.006761493161320686
,imappo,,,,1023.0,0.0,0.0,0.3380746446819103,0.0,0.0,0.0,0.3333333432674408,0.0047412962921953294,0.0,0.0,0.0,0.0,0.0,,,,,,,
-0.0003520949394442141,imappo,0.0013934654416516423,-0.9284738898277283,0.0006926975658552851,1024.0,,,,,,,,,,,,,,0.36342114038012674,,,,,0.029203206300735474,0.006724322214722633
,imappo,,,,1024.0,0.0,0.0,0.3362161109498629,0.0,0.0,0.0,0.3333333432674408,0.0028828043177782092,0.0,0.0,0.0,0.0,0.0,,,,,,,
-0.002944276202470064,imappo,0.002872183220461011,-0.8977750539779663,0.0006923974658219407,1025.0,,,,,,,,,,,,,,0.36328776258752915,,,,,0.03245767951011658,0.01337432861328125
,imappo,,,,1025.0,0.0,0.0,0.6687165521038878,0.0,0.0,0.0,0.6666666865348816,0.0020498684502854303,0.0,0.0,0.0,0.0,0.0,,,,,,,
-0.011184832081198692,imappo,0.0023432360030710697,-0.8175510168075562,0.0006920973657885963,1026.0,,,,,,,,,,,,,,0.3631543847949317,,,,,0.02997037023305893,0.013394922949373722
,imappo,,,,1026.0,0.0,0.0,0.669746118135663,0.0,0.0,0.0,0.6666666865348816,0.0030794027170486515,0.0,0.0,0.0,0.0,0.0,,,,,,,
-0.0021158785093575716,imappo,0.0019054107833653688,-0.8109534978866577,0.0006917972657552518,1027.0,,,,,,,,,,,,,,0.3630210070023341,,,,,0.028904255479574203,0.01340674888342619
,imappo,,,,1027.0,0.0,0.0,0.6703374049975537,0.0,0.0,0.0,0.6666666865348816,0.0036707352846860886,0.0,0.0,0.0,0.0,0.0,,,,,,,
-0.0011378893395885825,imappo,0.007827278226613998,-1.4608491659164429,0.0006914971657219073,1028.0,,,,,,,,,,,,,,0.3628876292097366,,,,,0.029082845896482468,4.0615195757709444e-05
,imappo,,,,1028.0,0.0,0.0,0.002030759945682803,0.0,0.0,0.0,0.0,0.002030759945682803,0.0,0.0,0.0,0.0,0.0,,,,,,,
0.004794684704393148,imappo,0.004509332124143839,-0.9046992063522339,0.0006911970656885628,1029.0,,,,,,,,,,,,,,0.362754251417139,,,,,0.030269257724285126,0.013390762731432915
,imappo,,,,1029.0,0.0,0.0,0.6695381225508754,0.0,0.0,0.0,0.6666666865348816,0.0028714390718960203,0.0,0.0,0.0,0.0,0.0,,,,,,,
-0.004167097620666027,imappo,0.004449330735951662,-0.84527188539505,0.0006908969656552184,1030.0,,,,,,,,,,,,,,0.36262087362454154,,,,,0.028628138825297356,0.013378340750932693
,imappo,,,,1030.0,0.0,0.0,0.6689170614540672,0.0,0.0,0.0,0.6666666865348816,0.0022503451168631727,0.0,0.0,0.0,0.0,0.0,,,,,,,
-0.013471409678459167,imappo,0.0028789471834897995,-1.1342320442199707,0.000690596865621874,1031.0,,,,,,,,,,,,,,0.36248749583194395,,,,,0.02895257994532585,0.013394680805504322
,imappo,,,,1031.0,0.0,0.0,0.6697340374958003,0.0,0.0,0.0,0.6666666865348816,0.003067350960918702,0.0,0.0,0.0,0.0,0.0,,,,,,,
-0.012631853111088276,imappo,0.00141296093352139,-0.9114204049110413,0.0006902967655885296,1032.0,,,,,,,,,,,,,,0.3623541180393465,,,,,0.028674747794866562,0.013392511755228043
,imappo,,,,1032.0,0.0,0.0,0.6696256181548961,0.0,0.0,0.0,0.6666666865348816,0.002958931620014482,0.0,0.0,0.0,0.0,0.0,,,,,,,
-0.002442170400172472,imappo,0.0004127238935325295,-1.2042412757873535,0.0006899966655551851,1033.0,,,,,,,,,,,,,,0.3622207402467489,,,,,0.030343089252710342,0.013385848142206669
,imappo,,,,1033.0,0.0,0.0,0.6692924537105682,0.0,0.0,0.0,0.6666666865348816,0.0026257682816321903,0.0,0.0,0.0,0.0,0.0,,,,,,,
-0.013167117722332478,imappo,0.00026669830549508333,-0.8580334186553955,0.0006896965655218406,1034.0,,,,,,,,,,,,,,0.3620873624541514,,,,,0.028733395040035248,0.01339241024106741
,imappo,,,,1034.0,0.0,0.0,0.6696204838335689,0.0,0.0,0.0,0.6666666865348816,0.0029537976006395184,0.0,0.0,0.0,0.0,0.0,,,,,,,
-0.008222032338380814,imappo,0.00034151706495322287,-1.266189455986023,0.0006893964654884962,1035.0,,,,,,,,,,,,,,0.3619539846615538,,,,,0.029209885746240616,0.013387694023549557
,imappo,,,,1035.0,0.0,0.0,0.6693846998864501,0.0,0.0,0.0,0.6666666865348816,0.002718014704896632,0.0,0.0,0.0,0.0,0.0,,,,,,,
0.010666778311133385,imappo,0.0017953640781342983,-2.1134026050567627,0.0006890963654551518,1036.0,,,,,,,,,,,,,,0.36182060686895634,,,,,0.027538234367966652,4.052975054946728e-05
,imappo,,,,1036.0,0.0,0.0,0.00202648781487369,0.0,0.0,0.0,0.0,0.00202648781487369,0.0,0.0,0.0,0.0,0.0,,,,,,,
-0.007367468439042568,imappo,0.0005632846150547266,-1.134726643562317,0.0006887962654218073,1037.0,,,,,,,,,,,,,,0.36168722907635875,,,,,0.027244437485933304,0.013401051983237267
,imappo,,,,1037.0,0.0,0.0,0.6700525508313149,0.0,0.0,0.0,0.6666666865348816,0.003385864296433283,0.0,0.0,0.0,0.0,0.0,,,,,,,
-0.006617940496653318,imappo,0.0008706464432179928,-0.799629271030426,0.0006884961653884628,1038.0,,,,,,,,,,,,,,0.3615538512837613,,,,,0.034235306084156036,0.013371880166232586
,imappo,,,,1038.0,0.0,0.0,0.6685940466149987,0.0,0.0,0.0,0.6666666865348816,0.001927377404172148,0.0,0.0,0.0,0.0,0.0,,,,,,,
-0.004556968808174133,imappo,0.00042617457802407444,-0.852786123752594,0.0006881960653551184,1039.0,,,,,,,,,,,,,,0.3614204734911637,,,,,0.0313311368227005,0.013367149978876114
,imappo,,,,1039.0,0.0,0.0,0.6683574767638447,0.0,0.0,0.0,0.6666666865348816,0.0016907902289631238,0.0,0.0,0.0,0.0,0.0,,,,,,,
-0.007755224592983723,imappo,0.006269786972552538,-2.0846149921417236,0.0006878959653217739,1040.0,,,,,,,,,,,,,,0.3612870956985662,,,,,0.025274738669395447,5.913649147260003e-05
,imappo,,,,1040.0,0.0,0.0,0.0029568246498001827,0.0,0.0,0.0,0.0,0.0029568246498001827,0.0,0.0,0.0,0.0,0.0,,,,,,,
0.007422438357025385,imappo,0.0016205764841288328,-1.2886828184127808,0.0006875958652884295,1041.0,,,,,,,,,,,,,,0.3611537179059686,,,,,0.028143074363470078,0.006746008526533842
,imappo,,,,1041.0,0.0,0.0,0.33730044375624857,0.0,0.0,0.0,0.3333333432674408,0.003967114109400427,0.0,0.0,0.0,0.0,0.0,,,,,,,
-0.013111437670886517,imappo,0.011486755684018135,-0.9092421531677246,0.0006872957652550851,1042.0,,,,,,,,,,,,,,0.36102034011337114,,,,,0.029827818274497986,0.013374246656894684
,imappo,,,,1042.0,0.0,0.0,0.6687122829071086,0.0,0.0,0.0,0.6666666865348816,0.00204553711466815,0.0,0.0,0.0,0.0,0.0,,,,,,,
0.004085177090018988,imappo,0.0010616136714816093,-1.1078370809555054,0.0006869956652217407,1043.0,,,,,,,,,,,,,,0.36088696232077355,,,,,0.025028876960277557,0.006759000476449728
,imappo,,,,1043.0,0.0,0.0,0.3379500131122768,0.0,0.0,0.0,0.3333333432674408,0.004616681602783501,0.0,0.0,0.0,0.0,0.0,,,,,,,
-0.01500644814223051,imappo,0.003541825106367469,-0.8483525514602661,0.0006866955651883962,1044.0,,,,,,,,,,,,,,0.3607535845281761,,,,,0.029800251126289368,0.01341385766863823
,imappo,,,,1044.0,0.0,0.0,0.6706929161591688,0.0,0.0,0.0,0.6666666865348816,0.004026253314805217,0.0,0.0,0.0,0.0,0.0,,,,,,,
-0.00464230589568615,imappo,0.006934479344636202,-2.153097629547119,0.0006863954651550516,1045.0,,,,,,,,,,,,,,0.3606202067355785,,,,,0.02111702412366867,6.748150190105662e-05
,imappo,,,,1045.0,0.0,0.0,0.0033740752880930813,0.0,0.0,0.0,0.0,0.0033740752880930813,0.0,0.0,0.0,0.0,0.0,,,,,,,
-0.0040457299910485744,imappo,0.0014520356198772788,-1.9377119541168213,0.0006860953651217072,1046.0,,,,,,,,,,,,,,0.360486828942981,,,,,0.024964481592178345,4.727355553768575e-05
,imappo,,,,1046.0,0.0,0.0,0.002363677920129703,0.0,0.0,0.0,0.0,0.002363677920129703,0.0,0.0,0.0,0.0,0.0,,,,,,,
-0.00909180473536253,imappo,0.02332087978720665,-1.2193810939788818,0.0006857952650883628,1047.0,,,,,,,,,,,,,,0.3603534511503834,,,,,0.027763493359088898,0.013373779132962227
,imappo,,,,1047.0,0.0,0.0,0.6686890028385051,0.0,0.0,0.0,0.6666666865348816,0.002022319163074826,0.0,0.0,0.0,0.0,0.0,,,,,,,
0.009569356217980385,imappo,0.006568984594196081,-1.2423555850982666,0.0006854951650550184,1048.0,,,,,,,,,,,,,,0.36022007335778594,,,,,0.02923884242773056,0.01338291447609663
,imappo,,,,1048.0,0.0,0.0,0.6691456680046599,0.0,0.0,0.0,0.6666666865348816,0.0024789814697783186,0.0,0.0,0.0,0.0,0.0,,,,,,,
-0.008368031121790409,imappo,0.0017134194495156407,-0.9825237989425659,0.0006851950650216739,1049.0,,,,,,,,,,,,,,0.36008669556518835,,,,,0.029535658657550812,0.006705875508487225
,imappo,,,,1049.0,0.0,0.0,0.33529376361985896,0.0,0.0,0.0,0.3333333432674408,0.0019604217494020304,0.0,0.0,0.0,0.0,0.0,,,,,,,
-0.00789317861199379,imappo,0.002776762470602989,-0.8887103199958801,0.0006848949649883294,1050.0,,,,,,,,,,,,,,0.3599533177725909,,,,,0.028302278369665146,0.013380520045757294
,imappo,,,,1050.0,0.0,0.0,0.6690259643551144,0.0,0.0,0.0,0.6666666865348816,0.002359299086037936,0.0,0.0,0.0,0.0,0.0,,,,,,,
0.004279033280909061,imappo,0.007662382908165455,-2.2433881759643555,0.000684594864954985,1051.0,,,,,,,,,,,,,,0.3598199399799933,,,,,0.01903299055993557,7.734192331554368e-05
,imappo,,,,1051.0,0.0,0.0,0.0038670965877827257,0.0,0.0,0.0,0.0,0.0038670965877827257,0.0,0.0,0.0,0.0,0.0,,,,,,,
0.0009550834656693041,imappo,0.002447615610435605,-0.8056715130805969,0.0006842947649216406,1052.0,,,,,,,,,,,,,,0.3596865621873958,,,,,0.034265778958797455,0.013394652865827084
,imappo,,,,1052.0,0.0,0.0,0.6697326188641455,0.0,0.0,0.0,0.6666666865348816,0.0030658984378533205,0.0,0.0,0.0,0.0,0.0,,,,,,,
-0.0050309160724282265,imappo,0.0013686110032722354,-0.8495011329650879,0.0006839946648882962,1053.0,,,,,,,,,,,,,,0.3595531843947982,,,,,0.032404400408267975,0.013404898345470428
,imappo,,,,1053.0,0.0,0.0,0.670244889969581,0.0,0.0,0.0,0.6666666865348816,0.003578187020139012,0.0,0.0,0.0,0.0,0.0,,,,,,,
-0.0022012083791196346,imappo,0.006091792602092028,-1.7365405559539795,0.0006836945648549518,1054.0,,,,,,,,,,,,,,0.35941980660220074,,,,,0.027350611984729767,4.3955911678494886e-05
,imappo,,,,1054.0,0.0,0.0,0.0021977957239869284,0.0,0.0,0.0,0.0,0.0021977957239869284,0.0,0.0,0.0,0.0,0.0,,,,,,,
-0.0033922179136425257,imappo,0.003299606963992119,-0.8381326198577881,0.0006833944648216072,1055.0,,,,,,,,,,,,,,0.35928642880960315,,,,,0.03081676736474037,0.013403225690126419
,imappo,,,,1055.0,0.0,0.0,0.670161331273448,0.0,0.0,0.0,0.6666666865348816,0.003494632529509545,0.0,0.0,0.0,0.0,0.0,,,,,,,
-0.0058812955394387245,imappo,0.0027709000278264284,-2.09285044670105,0.0006830943647882627,1056.0,,,,,,,,,,,,,,0.3591530510170057,,,,,0.016976207494735718,9.107763617066666e-05
,imappo,,,,1056.0,0.0,0.0,0.0045538821004811325,0.0,0.0,0.0,0.0,0.0045538821004811325,0.0,0.0,0.0,0.0,0.0,,,,,,,
-0.0022328742779791355,imappo,0.004111670423299074,-0.7642472982406616,0.0006827942647549183,1057.0,,,,,,,,,,,,,,0.3590196732244081,,,,,0.03163447976112366,0.013392500579357147
,imappo,,,,1057.0,0.0,0.0,0.6696250139739277,0.0,0.0,0.0,0.6666666865348816,0.0029583053783426294,0.0,0.0,0.0,0.0,0.0,,,,,,,
0.0005056074005551636,imappo,0.0028138074558228254,-1.996439814567566,0.0006824941647215739,1058.0,,,,,,,,,,,,,,0.3588862954318106,,,,,0.03618953749537468,1.6987862181849778e-05
,imappo,,,,1058.0,0.0,0.0,0.0008493929985604609,0.0,0.0,0.0,0.0,0.0008493929985604609,0.0,0.0,0.0,0.0,0.0,,,,,,,
0.003421576227992773,imappo,0.0032253628596663475,-1.0337048768997192,0.0006821940646882295,1059.0,,,,,,,,,,,,,,0.358752917639213,,,,,0.028743963688611984,0.013385149650275707
,imappo,,,,1059.0,0.0,0.0,0.6692574548324046,0.0,0.0,0.0,0.6666666865348816,0.0025907682975230273,0.0,0.0,0.0,0.0,0.0,,,,,,,
-0.005319997668266296,imappo,0.003471480682492256,-1.6678211688995361,0.000681893964654885,1060.0,,,,,,,,,,,,,,0.35861953984661554,,,,,0.026238925755023956,3.649781865533441e-05
,imappo,,,,1060.0,0.0,0.0,0.001824890876541474,0.0,0.0,0.0,0.0,0.001824890876541474,0.0,0.0,0.0,0.0,0.0,,,,,,,
-0.002537717577069998,imappo,0.008541993796825409,-1.040483832359314,0.0006815938646215405,1061.0,,,,,,,,,,,,,,0.35848616205401795,,,,,0.028789564967155457,0.013364837504923344
,imappo,,,,1061.0,0.0,0.0,0.6682417952843025,0.0,0.0,0.0,0.6666666865348816,0.0015751398032080033,0.0,0.0,0.0,0.0,0.0,,,,,,,
-0.013938562013208866,imappo,0.0004928566049784422,-0.7851122617721558,0.0006812937645881961,1062.0,,,,,,,,,,,,,,0.3583527842614205,,,,,0.03261224552989006,0.013369500637054443
,imappo,,,,1062.0,0.0,0.0,0.668474980125211,0.0,0.0,0.0,0.6666666865348816,0.0018083259828927112,0.0,0.0,0.0,0.0,0.0,,,,,,,
-0.005466058384627104,imappo,0.0010056670289486647,-0.9620116949081421,0.0006809936645548516,1063.0,,,,,,,,,,,,,,0.3582194064688229,,,,,0.031863532960414886,0.013423599302768707
,imappo,,,,1063.0,0.0,0.0,0.6711799308213813,0.0,0.0,0.0,0.6666666865348816,0.004513206080446253,0.0,0.0,0.0,0.0,0.0,,,,,,,
-0.0138695714995265,imappo,0.00031903275521472096,-0.8138508796691895,0.0006806935645215072,1064.0,,,,,,,,,,,,,,0.3580860286762254,,,,,0.031003892421722412,0.013365693390369415
,imappo,,,,1064.0,0.0,0.0,0.6682846419689668,0.0,0.0,0.0,0.6666666865348816,0.001617960340809077,0.0,0.0,0.0,0.0,0.0,,,,,,,
-0.008840120397508144,imappo,0.0036284069065004587,-0.3177354037761688,0.0006803934644881627,1065.0,,,,,,,,,,,,,,0.3579526508836278,,,,,0.03355740010738373,0.006744584999978542
,imappo,,,,1065.0,0.0,0.0,0.3372292621515953,0.0,0.0,0.0,0.3333333432674408,0.003895936550179613,0.0,0.0,0.0,0.0,0.0,,,,,,,
0.011337507516145706,imappo,0.0038007681723684072,-1.1428899765014648,0.0006800933644548183,1066.0,,,,,,,,,,,,,,0.35781927309103034,,,,,0.0239548422396183,0.013342234306037426
,imappo,,,,1066.0,0.0,0.0,0.6671117644801257,0.0,0.0,0.0,0.6666666865348816,0.00044508247631824815,0.0,0.0,0.0,0.0,0.0,,,,,,,
-0.015530691482126713,imappo,0.002385728759691119,-0.9473621845245361,0.0006797932644214738,1067.0,,,,,,,,,,,,,,0.3576858952984328,,,,,0.028767455369234085,0.013371506705880165
,imappo,,,,1067.0,0.0,0.0,0.6685753592617445,0.0,0.0,0.0,0.6666666865348816,0.0019086659311184917,0.0,0.0,0.0,0.0,0.0,,,,,,,
-0.005606574937701225,imappo,0.0011743409559130669,-0.8160887360572815,0.0006794931643881294,1068.0,,,,,,,,,,,,,,0.3575525175058353,,,,,0.03096616640686989,0.013408051803708076
,imappo,,,,1068.0,0.0,0.0,0.6704025375329365,0.0,0.0,0.0,0.6666666865348816,0.0037358634763222653,0.0,0.0,0.0,0.0,0.0,,,,,,,
-0.003770812414586544,imappo,0.0005918008391745389,-0.6767008304595947,0.000679193064354785,1069.0,,,,,,,,,,,,,,0.35741913971323774,,,,,0.031024686992168427,0.013401738367974758
,imappo,,,,1069.0,0.0,0.0,0.6700869707165111,0.0,0.0,0.0,0.6666666865348816,0.003420278117118869,0.0,0.0,0.0,0.0,0.0,,,,,,,
-0.0009592064889147878,imappo,0.00041756255086511374,-1.0777504444122314,0.0006788929643214406,1070.0,,,,,,,,,,,,,,0.3572857619206402,,,,,0.027806157246232033,0.013362875208258629
,imappo,,,,1070.0,0.0,0.0,0.6681437087270297,0.0,0.0,0.0,0.6666666865348816,0.0014770159566523944,0.0,0.0,0.0,0.0,0.0,,,,,,,
-0.0018306340789422393,imappo,0.00024642556672915816,-0.8473602533340454,0.0006785928642880961,1071.0,,,,,,,,,,,,,,0.3571523841280427,,,,,0.030661113560199738,0.013434779830276966
,imappo,,,,1071.0,0.0,0.0,0.671738958601054,0.0,0.0,0.0,0.6666666865348816,0.005072269679658348,0.0,0.0,0.0,0.0,0.0,,,,,,,
-0.013378849253058434,imappo,0.0002189316728617996,-0.7792089581489563,0.0006782927642547515,1072.0,,,,,,,,,,,,,,0.35701900633544514,,,,,0.02956113964319229,0.013380536809563637
,imappo,,,,1072.0,0.0,0.0,0.669026891694557,0.0,0.0,0.0,0.6666666865348816,0.0023602095106980414,0.0,0.0,0.0,0.0,0.0,,,,,,,
-0.0009392483625560999,imappo,0.01240945141762495,-1.582891583442688,0.0006779926642214071,1073.0,,,,,,,,,,,,,,0.3568856285428476,,,,,0.028169073164463043,6.598205072805285e-05
,imappo,,,,1073.0,0.0,0.0,0.003299102572782431,0.0,0.0,0.0,0.0,0.003299102572782431,0.0,0.0,0.0,0.0,0.0,,,,,,,
0.012006604112684727,imappo,0.004021461587399244,-0.9540955424308777,0.0006776925641880627,1074.0,,,,,,,,,,,,,,0.3567522507502501,,,,,0.02763182297348976,0.013400031253695488
,imappo,,,,1074.0,0.0,0.0,0.6700015590722614,0.0,0.0,0.0,0.6666666865348816,0.0033348725373798516,0.0,0.0,0.0,0.0,0.0,,,,,,,
-0.007171844597905874,imappo,0.0013843146152794361,-0.8656005859375,0.0006773924641547183,1075.0,,,,,,,,,,,,,,0.35661887295765254,,,,,0.03339165821671486,0.006734183523803949
,imappo,,,,1075.0,0.0,0.0,0.33670918305006126,0.0,0.0,0.0,0.3333333432674408,0.0033758465638129564,0.0,0.0,0.0,0.0,0.0,,,,,,,
0.0002484852448105812,imappo,0.00430617481470108,-1.8929014205932617,0.0006770923641213738,1076.0,,,,,,,,,,,,,,0.356485495165055,,,,,0.02844168245792389,7.850150723243132e-05
,imappo,,,,1076.0,0.0,0.0,0.003925075353436114,0.0,0.0,0.0,0.0,0.003925075353436114,0.0,0.0,0.0,0.0,0.0,,,,,,,
-0.0037158329505473375,imappo,0.010707007721066475,-0.8302285075187683,0.0006767922640880294,1077.0,,,,,,,,,,,,,,0.3563521173724575,,,,,0.0336555615067482,0.01338538620620966
,imappo,,,,1077.0,0.0,0.0,0.669269356400946,0.0,0.0,0.0,0.6666666865348816,0.0026026698660643888,0.0,0.0,0.0,0.0,0.0,,,,,,,
0.0019189853919669986,imappo,0.007157093845307827,-1.0989800691604614,0.0006764921640546849,1078.0,,,,,,,,,,,,,,0.35621873957985994,,,,,0.028062991797924042,0.013367453590035439
,imappo,,,,1078.0,0.0,0.0,0.6683725868432333,0.0,0.0,0.0,0.6666666865348816,0.0017058944875856241,0.0,0.0,0.0,0.0,0.0,,,,,,,
-0.008957397192716599,imappo,0.005387897603213787,-0.850509524345398,0.0006761920640213405,1079.0,,,,,,,,,,,,,,0.3560853617872624,,,,,0.031315676867961884,0.01339312270283699
,imappo,,,,1079.0,0.0,0.0,0.6696562237375474,0.0,0.0,0.0,0.6666666865348816,0.002989517202877323,0.0,0.0,0.0,0.0,0.0,,,,,,,
-0.003505036933347583,imappo,0.002964762505143881,-0.8735476732254028,0.0006758919639879961,1080.0,,,,,,,,,,,,,,0.3559519839946649,,,,,0.029767489060759544,0.01339320931583643
,imappo,,,,1080.0,0.0,0.0,0.6696604276730795,0.0,0.0,0.0,0.6666666865348816,0.0029937411381979473,0.0,0.0,0.0,0.0,0.0,,,,,,,
-0.0024376544170081615,imappo,0.0012126249494031072,-0.9461580514907837,0.0006755918639546517,1081.0,,,,,,,,,,,,,,0.35581860620206734,,,,,0.028121214359998703,0.013386214151978493
,imappo,,,,1081.0,0.0,0.0,0.6693106547918433,0.0,0.0,0.0,0.6666666865348816,0.002644000329382834,0.0,0.0,0.0,0.0,0.0,,,,,,,
0.014161603525280952,imappo,0.0005377103807404637,-1.323298454284668,0.0006752917639213071,1082.0,,,,,,,,,,,,,,0.3556852284094698,,,,,0.031133335083723068,0.01339844148606062
,imappo,,,,1082.0,0.0,0.0,0.6699219923411874,0.0,0.0,0.0,0.6666666865348816,0.0032553058063058415,0.0,0.0,0.0,0.0,0.0,,,,,,,
0.02155119925737381,imappo,0.010735178366303444,-2.64367938041687,0.0006749916638879626,1083.0,,,,,,,,,,,,,,0.3555518506168723,,,,,0.03246504068374634,5.297810275806114e-05
,imappo,,,,1083.0,0.0,0.0,0.002648905010573799,0.0,0.0,0.0,0.0,0.002648905010573799,0.0,0.0,0.0,0.0,0.0,,,,,,,
-0.008731411769986153,imappo,0.0027683123480528593,-0.6318209767341614,0.0006746915638546182,1084.0,,,,,,,,,,,,,,0.35541847282427474,,,,,0.029871568083763123,0.013385559432208538
,imappo,,,,1084.0,0.0,0.0,0.6692779287996018,0.0,0.0,0.0,0.6666666865348816,0.00261126481291285,0.0,0.0,0.0,0.0,0.0,,,,,,,
-0.004127222113311291,imappo,0.0027287020348012447,-0.6691784262657166,0.0006743914638212738,1085.0,,,,,,,,,,,,,,0.3552850950316772,,,,,0.029128599911928177,0.013385513797402382
,imappo,,,,1085.0,0.0,0.0,0.66927574593592,0.0,0.0,0.0,0.6666666865348816,0.0026090743458553334,0.0,0.0,0.0,0.0,0.0,,,,,,,
-0.003346048528328538,imappo,0.001793220522813499,-0.9399028420448303,0.0006740913637879294,1086.0,,,,,,,,,,,,,,0.3551517172390797,,,,,0.02579069510102272,0.006750277243554592
,imappo,,,,1086.0,0.0,0.0,0.3375138350438647,0.0,0.0,0.0,0.3333333432674408,0.004180479436399764,0.0,0.0,0.0,0.0,0.0,,,,,,,
-0.0003098305896855891,imappo,0.005756024736911058,-1.1980257034301758,0.0006737912637545849,1087.0,,,,,,,,,,,,,,0.35501833944648215,,,,,0.028789792209863663,0.013373957946896553
,imappo,,,,1087.0,0.0,0.0,0.668697945190388,0.0,0.0,0.0,0.6666666865348816,0.00203122661218913,0.0,0.0,0.0,0.0,0.0,,,,,,,
0.00035394172300584614,imappo,0.0038110031746327877,-1.100528597831726,0.0006734911637212405,1088.0,,,,,,,,,,,,,,0.3548849616538846,,,,,0.03234555572271347,0.006722793448716402
,imappo,,,,1088.0,0.0,0.0,0.33613971304293955,0.0,0.0,0.0,0.3333333432674408,0.0028063738500350155,0.0,0.0,0.0,0.0,0.0,,,,,,,
0.0024619512259960175,imappo,0.0015551134711131454,-0.8908205032348633,0.000673191063687896,1089.0,,,,,,,,,,,,,,0.3547515838612871,,,,,0.029402874410152435,0.01337604783475399
,imappo,,,,1089.0,0.0,0.0,0.6688023925589732,0.0,0.0,0.0,0.6666666865348816,0.002135676221769245,0.0,0.0,0.0,0.0,0.0,,,,,,,
-0.0038211180362850428,imappo,0.0009796355152502656,-1.1222827434539795,0.0006728909636545515,1090.0,,,,,,,,,,,,,,0.35461820606868955,,,,,0.03012200817465782,0.01340113952755928
,imappo,,,,1090.0,0.0,0.0,0.6700569621789327,0.0,0.0,0.0,0.6666666865348816,0.003390260138985468,0.0,0.0,0.0,0.0,0.0,,,,,,,
0.008512145839631557,imappo,0.0004113955656066537,-0.9344437718391418,0.0006725908636212071,1091.0,,,,,,,,,,,,,,0.354484828276092,,,,,0.03067760169506073,0.013395242393016815
,imappo,,,,1091.0,0.0,0.0,0.6697620654304046,0.0,0.0,0.0,0.6666666865348816,0.0030954059620853513,0.0,0.0,0.0,0.0,0.0,,,,,,,
0.011414067819714546,imappo,0.00026556779630482197,-0.9300214648246765,0.0006722907635878627,1092.0,,,,,,,,,,,,,,0.3543514504834945,,,,,0.029932331293821335,0.013396037742495537
,imappo,,,,1092.0,0.0,0.0,0.6698018418319407,0.0,0.0,0.0,0.6666666865348816,0.0031351577272289433,0.0,0.0,0.0,0.0,0.0,,,,,,,
-0.00909667182713747,imappo,0.00035233431844972074,-1.0155565738677979,0.0006719906635545181,1093.0,,,,,,,,,,,,,,0.35421807269089695,,,,,0.028744153678417206,0.013385117053985596
,imappo,,,,1093.0,0.0,0.0,0.6692558228996859,0.0,0.0,0.0,0.6666666865348816,0.002589172984698962,0.0,0.0,0.0,0.0,0.0,,,,,,,
0.003695977386087179,imappo,0.0004165449645370245,-0.9878220558166504,0.0006716905635211737,1094.0,,,,,,,,,,,,,,0.3540846948982994,,,,,0.0315980538725853,0.013378044590353966
,imappo,,,,1094.0,0.0,0.0,0.6689021619688447,0.0,0.0,0.0,0.6666666865348816,0.0022355146950303606,0.0,0.0,0.0,0.0,0.0,,,,,,,
-0.0027786963619291782,imappo,0.00027630338445305824,-0.9547088742256165,0.0006713904634878293,1095.0,,,,,,,,,,,,,,0.3539513171057019,,,,,0.030555184930562973,0.01338573545217514
,imappo,,,,1095.0,0.0,0.0,0.6692867900910642,0.0,0.0,0.0,0.6666666865348816,0.002620093464429374,0.0,0.0,0.0,0.0,0.0,,,,,,,
-0.007233758457005024,imappo,0.00024523294996470213,-0.7622819542884827,0.0006710903634544849,1096.0,,,,,,,,,,,,,,0.35381793931310435,,,,,0.029705096036195755,0.013399169780313969
,imappo,,,,1096.0,0.0,0.0,0.6699585047263099,0.0,0.0,0.0,0.6666666865348816,0.003291810624432401,0.0,0.0,0.0,0.0,0.0,,,,,,,
-0.007692495360970497,imappo,0.00015242272638715804,-0.8578398823738098,0.0006707902634211405,1097.0,,,,,,,,,,,,,,0.35368456152050687,,,,,0.028475161641836166,0.013401324860751629
,imappo,,,,1097.0,0.0,0.0,0.6700662133735023,0.0,0.0,0.0,0.6666666865348816,0.003399526838620659,0.0,0.0,0.0,0.0,0.0,,,,,,,
-0.007980701513588428,imappo,0.004458823706954718,-1.3905926942825317,0.000670490163387796,1098.0,,,,,,,,,,,,,,0.3535511837279093,,,,,0.025971703231334686,0.0067466567270457745
,imappo,,,,1098.0,0.0,0.0,0.3373327937642898,0.0,0.0,0.0,0.3333333432674408,0.003999456579549587,0.0,0.0,0.0,0.0,0.0,,,,,,,
0.0006957163568586111,imappo,0.0014243643963709474,-1.439707636833191,0.0006701900633544515,1099.0,,,,,,,,,,,,,,0.3534178059353118,,,,,0.02451186813414097,0.006746616214513779
,imappo,,,,1099.0,0.0,0.0,0.33733083914921735,0.0,0.0,0.0,0.3333333432674408,0.0039975004219741095,0.0,0.0,0.0,0.0,0.0,,,,,,,
,imappo,,,,1099.0,,,,,,,,,,,,,,,0.0,0.0,0.6666666865348816,0.0,,
-0.007813659496605396,imappo,0.00023586448514834046,-1.0783469676971436,0.000669889963321107,1100.0,,,,,,,,,,,,,,0.3532844281427142,,,,,0.027441412210464478,0.006726242136210203
,imappo,,,,1100.0,0.0,0.0,0.33631216839648914,0.0,0.0,0.0,0.3333333432674408,0.0029788513570565556,0.0,0.0,0.0,0.0,0.0,,,,,,,
0.016322650015354156,imappo,0.00835172738879919,-1.494222640991211,0.0006695898632877626,1101.0,,,,,,,,,,,,,,0.35315105035011674,,,,,0.031148036941885948,0.013380267657339573
,imappo,,,,1101.0,0.0,0.0,0.6690133795611928,0.0,0.0,0.0,0.6666666865348816,0.0023467034527584474,0.0,0.0,0.0,0.0,0.0,,,,,,,
-0.00753185385838151,imappo,0.004274231381714344,-0.8517013788223267,0.0006692897632544182,1102.0,,,,,,,,,,,,,,0.35301767255751915,,,,,0.029332388192415237,0.013384891673922539
,imappo,,,,1102.0,0.0,0.0,0.6692445795988533,0.0,0.0,0.0,0.6666666865348816,0.002577915444817336,0.0,0.0,0.0,0.0,0.0,,,,,,,
-0.0015299618244171143,imappo,0.0025864734780043364,-0.832134485244751,0.0006689896632210738,1103.0,,,,,,,,,,,,,,0.35288429476492167,,,,,0.02853323146700859,0.013385559432208538
,imappo,,,,1103.0,0.0,0.0,0.6692779023887852,0.0,0.0,0.0,0.6666666865348816,0.0026112053765245946,0.0,0.0,0.0,0.0,0.0,,,,,,,
-0.00454540504142642,imappo,0.001221806975081563,-0.7761457562446594,0.0006686895631877292,1104.0,,,,,,,,,,,,,,0.3527509169723241,,,,,0.032093510031700134,0.013392210006713867
,imappo,,,,1104.0,0.0,0.0,0.6696103981475972,0.0,0.0,0.0,0.6666666865348816,0.0029437285875246744,0.0,0.0,0.0,0.0,0.0,,,,,,,
0.006819464731961489,imappo,0.0005824851687066257,-0.7609831690788269,0.0006683894631543848,1105.0,,,,,,,,,,,,,,0.3526175391797266,,,,,0.031242314726114273,0.013412151485681534
,imappo,,,,1105.0,0.0,0.0,0.6706075053734821,0.0,0.0,0.0,0.6666666865348816,0.00394083349237917,0.0,0.0,0.0,0.0,0.0,,,,,,,
-0.0030147056095302105,imappo,0.0004901891807094216,-0.8342466354370117,0.0006680893631210404,1106.0,,,,,,,,,,,,,,0.352484161387129,,,,,0.029817473143339157,0.013377680443227291
,imappo,,,,1106.0,0.0,0.0,0.6688840503102256,0.0,0.0,0.0,0.6666666865348816,0.0022174047535372665,0.0,0.0,0.0,0.0,0.0,,,,,,,
-0.00897331815212965,imappo,0.0003510356764309108,-0.5199268460273743,0.000667789263087696,1107.0,,,,,,,,,,,,,,0.35235078359453154,,,,,0.02917724847793579,0.013398407958447933
,imappo,,,,1107.0,0.0,0.0,0.6699203960524756,0.0,0.0,0.0,0.6666666865348816,0.0032536915023229085,0.0,0.0,0.0,0.0,0.0,,,,,,,
0.008900577202439308,imappo,0.000350740912836045,-0.8898619413375854,0.0006674891630543514,1108.0,,,,,,,,,,,,,,0.35221740580193395,,,,,0.030351106077432632,0.01338700670748949
,imappo,,,,1108.0,0.0,0.0,0.669350296668199,0.0,0.0,0.0,0.6666666865348816,0.0026836354827537434,0.0,0.0,0.0,0.0,0.0,,,,,,,
-0.010153369978070259,imappo,0.0002377906785113737,-0.6358407139778137,0.000667189063021007,1109.0,,,,,,,,,,,,,,0.35208402800933647,,,,,0.026515327394008636,0.013402015902101994
,imappo,,,,1109.0,0.0,0.0,0.6701007441006368,0.0,0.0,0.0,0.6666666865348816,0.0034340848069405183,0.0,0.0,0.0,0.0,0.0,,,,,,,
0.024901630356907845,imappo,0.00022384541807696223,-1.2240569591522217,0.0006668889629876625,1110.0,,,,,,,,,,,,,,0.3519506502167389,,,,,0.031022503972053528,0.013370187021791935
,imappo,,,,1110.0,0.0,0.0,0.668509356372283,0.0,0.0,0.0,0.6666666865348816,0.0018426526443136027,0.0,0.0,0.0,0.0,0.0,,,,,,,
0.018283624202013016,imappo,0.0005454864585772157,-1.3227046728134155,0.0006665888629543181,1111.0,,,,,,,,,,,,,,0.3518172724241414,,,,,0.028514865785837173,0.013370114378631115
,imappo,,,,1111.0,0.0,0.0,0.6685057106403747,0.0,0.0,0.0,0.6666666865348816,0.0018390282673408365,0.0,0.0,0.0,0.0,0.0,,,,,,,
-0.004264239687472582,imappo,0.00019008286471944302,-0.47567030787467957,0.0006662887629209737,1112.0,,,,,,,,,,,,,,0.3516838946315438,,,,,0.029273979365825653,0.013382146134972572
,imappo,,,,1112.0,0.0,0.0,0.6691073263747285,0.0,0.0,0.0,0.6666666865348816,0.0024406507110370512,0.0,0.0,0.0,0.0,0.0,,,,,,,
-0.008167383261024952,imappo,0.0001402309280820191,-0.708954393863678,0.0006659886628876293,1113.0,,,,,,,,,,,,,,0.35155051683894634,,,,,0.03165541589260101,0.013407863676548004
,imappo,,,,1113.0,0.0,0.0,0.6703931052288681,0.0,0.0,0.0,0.6666666865348816,0.003726448496308876,0.0,0.0,0.0,0.0,0.0,,,,,,,
0.003421194851398468,imappo,0.00014536065282300115,-1.0497703552246094,0.0006656885628542849,1114.0,,,,,,,,,,,,,,0.35141713904634875,,,,,0.029828134924173355,0.013374170288443565
,imappo,,,,1114.0,0.0,0.0,0.6687085020018344,0.0,0.0,0.0,0.6666666865348816,0.002041816471034963,0.0,0.0,0.0,0.0,0.0,,,,,,,
0.008764148689806461,imappo,0.0001528202265035361,-1.0338796377182007,0.0006653884628209403,1115.0,,,,,,,,,,,,,,0.35128376125375127,,,,,0.028298573568463326,0.013343879953026772
,imappo,,,,1115.0,0.0,0.0,0.6671939938897822,0.0,0.0,0.0,0.6666666865348816,0.0005273663520029004,0.0,0.0,0.0,0.0,0.0,,,,,,,
-0.001110661425627768,imappo,0.002631863346323371,-2.266038179397583,0.0006650883627875958,1116.0,,,,,,,,,,,,,,0.3511503834611537,,,,,0.021031208336353302,4.469812483876012e-05
,imappo,,,,1116.0,0.0,0.0,0.0022349061928252922,0.0,0.0,0.0,0.0,0.0022349061928252922,0.0,0.0,0.0,0.0,0.0,,,,,,,
-0.003488525515422225,imappo,0.001780088641680777,-0.7871885299682617,0.0006647882627542514,1117.0,,,,,,,,,,,,,,0.3510170056685562,,,,,0.030604908242821693,0.013390220701694489
,imappo,,,,1117.0,0.0,0.0,0.6695110575699914,0.0,0.0,0.0,0.6666666865348816,0.002844361907420989,0.0,0.0,0.0,0.0,0.0,,,,,,,
-0.006812201347202063,imappo,0.009732007049024105,-0.5415956974029541,0.000664488162720907,1118.0,,,,,,,,,,,,,,0.3508836278759586,,,,,0.0348287895321846,6.266827404033393e-05
,imappo,,,,1118.0,0.0,0.0,0.0031334141998797804,0.0,0.0,0.0,0.0,0.0031334141998797804,0.0,0.0,0.0,0.0,0.0,,,,,,,
0.004319333471357822,imappo,0.005804381798952818,-0.4647550880908966,0.0006641880626875625,1119.0,,,,,,,,,,,,,,0.35075025008336114,,,,,0.02994135022163391,0.013437432236969471
,imappo,,,,1119.0,0.0,0.0,0.6718715101378621,0.0,0.0,0.0,0.6666666865348816,0.005204823602980468,0.0,0.0,0.0,0.0,0.0,,,,,,,
-0.009575491771101952,imappo,0.006012861616909504,-0.5198581218719482,0.0006638879626542181,1120.0,,,,,,,,,,,,,,0.35061687229076355,,,,,0.032011646777391434,7.558325887657702e-05
,imappo,,,,1120.0,0.0,0.0,0.003779163058254653,0.0,0.0,0.0,0.0,0.003779163058254653,0.0,0.0,0.0,0.0,0.0,,,,,,,
0.0002749408595263958,imappo,0.008883720263838768,-0.5333876609802246,0.0006635878626208736,1121.0,,,,,,,,,,,,,,0.35048349449816607,,,,,0.02986963838338852,0.013398519717156887
,imappo,,,,1121.0,0.0,0.0,0.6699259833112592,0.0,0.0,0.0,0.6666666865348816,0.0032593096693744883,0.0,0.0,0.0,0.0,0.0,,,,,,,
0.0015772053739055991,imappo,0.007279670797288418,-0.6818228363990784,0.0006632877625875292,1122.0,,,,,,,,,,,,,,0.3503501167055685,,,,,0.029228202998638153,0.013384257443249226
,imappo,,,,1122.0,0.0,0.0,0.6692128630568561,0.0,0.0,0.0,0.6666666865348816,0.0025461775769883843,0.0,0.0,0.0,0.0,0.0,,,,,,,
-0.008578356355428696,imappo,0.006767345126718283,-0.3699715733528137,0.0006629876625541848,1123.0,,,,,,,,,,,,,,0.350216738912971,,,,,0.028862211853265762,7.253665535245091e-05
,imappo,,,,1123.0,0.0,0.0,0.0036268327403377043,0.0,0.0,0.0,0.0,0.0036268327403377043,0.0,0.0,0.0,0.0,0.0,,,,,,,
-0.004924987442791462,imappo,0.0065895249135792255,-0.40528079867362976,0.0006626875625208404,1124.0,,,,,,,,,,,,,,0.3500833611203734,,,,,0.02686074562370777,0.013403372839093208
,imappo,,,,1124.0,0.0,0.0,0.6701685775915394,0.0,0.0,0.0,0.6666666865348816,0.0035019041533814743,0.0,0.0,0.0,0.0,0.0,,,,,,,
-0.010066145099699497,imappo,0.005221156869083643,-0.7879560589790344,0.0006623874624874958,1125.0,,,,,,,,,,,,,,0.34994998332777594,,,,,0.03004325181245804,0.01338631846010685
,imappo,,,,1125.0,0.0,0.0,0.6693159421974997,0.0,0.0,0.0,0.6666666865348816,0.0026492626620893134,0.0,0.0,0.0,0.0,0.0,,,,,,,
0.0027764965780079365,imappo,0.002822334412485361,-0.8002333045005798,0.0006620873624541514,1126.0,,,,,,,,,,,,,,0.34981660553517835,,,,,0.03061726689338684,0.013386610895395279
,imappo,,,,1126.0,0.0,0.0,0.6693305055287055,0.0,0.0,0.0,0.6666666865348816,0.002663849960299558,0.0,0.0,0.0,0.0,0.0,,,,,,,
-0.0007753813406452537,imappo,0.0017445891862735152,-0.6386536955833435,0.0006617872624208069,1127.0,,,,,,,,,,,,,,0.34968322774258087,,,,,0.029482491314411163,0.013399941846728325
,imappo,,,,1127.0,0.0,0.0,0.6699970533045416,0.0,0.0,0.0,0.6666666865348816,0.00333036262600217,0.0,0.0,0.0,0.0,0.0,,,,,,,
-0.007366678211838007,imappo,0.0006484416662715375,-0.9135818481445312,0.0006614871623874625,1128.0,,,,,,,,,,,,,,0.3495498499499833,,,,,0.02862146496772766,0.013388283550739288
,imappo,,,,1128.0,0.0,0.0,0.6694141277184826,0.0,0.0,0.0,0.6666666865348816,0.002747476100012136,0.0,0.0,0.0,0.0,0.0,,,,,,,
-0.003748144255951047,imappo,0.0004973298637196422,-0.733005166053772,0.0006611870623541181,1129.0,,,,,,,,,,,,,,0.3494164721573858,,,,,0.03507189825177193,0.013382806442677975
,imappo,,,,1129.0,0.0,0.0,0.6691403087042431,0.0,0.0,0.0,0.6666666865348816,0.002473585440327497,0.0,0.0,0.0,0.0,0.0,,,,,,,
0.004275142680853605,imappo,0.0007081585936248302,-0.7465683221817017,0.0006608869623207736,1130.0,,,,,,,,,,,,,,0.3492830943647882,,,,,0.033353619277477264,0.013381646946072578
,imappo,,,,1130.0,0.0,0.0,0.6690823182567556,0.0,0.0,0.0,0.6666666865348816,0.0024156391724545756,0.0,0.0,0.0,0.0,0.0,,,,,,,
-0.011549297720193863,imappo,0.0008424727711826563,-0.5296878218650818,0.0006605868622874292,1131.0,,,,,,,,,,,,,,0.34914971657219074,,,,,0.03014945611357689,0.013392985798418522
,imappo,,,,1131.0,0.0,0.0,0.6696492869396025,0.0,0.0,0.0,0.6666666865348816,0.00298260040472087,0.0,0.0,0.0,0.0,0.0,,,,,,,
-0.0009924427140504122,imappo,0.0006040916196070611,-0.9887691140174866,0.0006602867622540847,1132.0,,,,,,,,,,,,,,0.34901633877959315,,,,,0.02796267718076706,0.013365944847464561
,imappo,,,,1132.0,0.0,0.0,0.6682972106450507,0.0,0.0,0.0,0.6666666865348816,0.001630516295790585,0.0,0.0,0.0,0.0,0.0,,,,,,,
0.004869845695793629,imappo,0.00037213199539110065,-1.0202194452285767,0.0006599866622207403,1133.0,,,,,,,,,,,,,,0.34888296098699567,,,,,0.026845870539546013,0.013362946920096874
,imappo,,,,1133.0,0.0,0.0,0.668147312048859,0.0,0.0,0.0,0.6666666865348816,0.0014806311310167075,0.0,0.0,0.0,0.0,0.0,,,,,,,
0.00830579549074173,imappo,0.0002557725238148123,-1.033607840538025,0.0006596865621873959,1134.0,,,,,,,,,,,,,,0.3487495831943981,,,,,0.0239251796156168,0.013360117562115192
,imappo,,,,1134.0,0.0,0.0,0.6680058777059514,0.0,0.0,0.0,0.6666666865348816,0.0013391812975953599,0.0,0.0,0.0,0.0,0.0,,,,,,,
-0.004260152578353882,imappo,0.00018930360965896398,-0.6376261115074158,0.0006593864621540514,1135.0,,,,,,,,,,,,,,0.3486162054018006,,,,,0.03172491863369942,0.013408908620476723
,imappo,,,,1135.0,0.0,0.0,0.6704454878763499,0.0,0.0,0.0,0.6666666865348816,0.003778798925850424,0.0,0.0,0.0,0.0,0.0,,,,,,,
0.012716339901089668,imappo,0.00014476801152341068,-0.652265727519989,0.0006590863621207069,1136.0,,,,,,,,,,,,,,0.348482827609203,,,,,0.030928077176213264,0.013415174558758736
,imappo,,,,1136.0,0.0,0.0,0.6707586735328732,0.0,0.0,0.0,0.6666666865348816,0.004091986997991626,0.0,0.0,0.0,0.0,0.0,,,,,,,
0.006917248014360666,imappo,0.00014010808081366122,-0.663500189781189,0.0006587862620873625,1137.0,,,,,,,,,,,,,,0.34834944981660554,,,,,0.02934870310127735,0.013416745699942112
,imappo,,,,1137.0,0.0,0.0,0.670837303123335,0.0,0.0,0.0,0.6666666865348816,0.004170616588453413,0.0,0.0,0.0,0.0,0.0,,,,,,,
-0.012633873149752617,imappo,0.00018206873210147023,-0.8278585076332092,0.000658486162054018,1138.0,,,,,,,,,,,,,,0.34821607202400795,,,,,0.03082367032766342,0.013410867191851139
,imappo,,,,1138.0,0.0,0.0,0.6705433572697075,0.0,0.0,0.0,0.6666666865348816,0.0038766751804359956,0.0,0.0,0.0,0.0,0.0,,,,,,,
-0.0009565457585267723,imappo,0.0004457399481907487,-1.0354183912277222,0.0006581860620206736,1139.0,,,,,,,,,,,,,,0.34808269423141047,,,,,0.02742702141404152,0.013368346728384495
,imappo,,,,1139.0,0.0,0.0,0.6684174032957344,0.0,0.0,0.0,0.6666666865348816,0.0017507068400846038,0.0,0.0,0.0,0.0,0.0,,,,,,,
0.004033310804516077,imappo,0.00018856098176911473,-0.6862900853157043,0.0006578859619873292,1140.0,,,,,,,,,,,,,,0.3479493164388129,,,,,0.028618132695555687,0.01340208575129509
,imappo,,,,1140.0,0.0,0.0,0.6701043401153584,0.0,0.0,0.0,0.6666666865348816,0.0034376346002318314,0.0,0.0,0.0,0.0,0.0,,,,,,,
0.0027640252374112606,imappo,0.00018883847224060446,-1.2694787979125977,0.0006575858619539847,1141.0,,,,,,,,,,,,,,0.3478159386462154,,,,,0.03079092875123024,0.013395172543823719
,imappo,,,,1141.0,0.0,0.0,0.6697586605323522,0.0,0.0,0.0,0.6666666865348816,0.0030919739974706317,0.0,0.0,0.0,0.0,0.0,,,,,,,
-0.0005971861537545919,imappo,0.00024003149883355945,-0.9931988716125488,0.0006572857619206403,1142.0,,,,,,,,,,,,,,0.3476825608536179,,,,,0.030739549547433853,0.013383734039962292
,imappo,,,,1142.0,0.0,0.0,0.6691867131357867,0.0,0.0,0.0,0.6666666865348816,0.002520026177080581,0.0,0.0,0.0,0.0,0.0,,,,,,,
-0.006959586404263973,imappo,0.0001532839669380337,-0.9018458127975464,0.0006569856618872957,1143.0,,,,,,,,,,,,,,0.34754918306102034,,,,,0.02979535609483719,0.013386688195168972
,imappo,,,,1143.0,0.0,0.0,0.669334462394545,0.0,0.0,0.0,0.6666666865348816,0.002667808894329937,0.0,0.0,0.0,0.0,0.0,,,,,,,
0.045274898409843445,imappo,0.006753107532858849,-3.177711248397827,0.0006566855618539513,1144.0,,,,,,,,,,,,,,0.3474158052684228,,,,,0.03582846373319626,-1.944249015650712e-05
,imappo,,,,1144.0,0.0,0.0,-0.0009721245462515071,0.0,0.0,0.0,0.0,-0.0009721245462515071,0.0,0.0,0.0,0.0,0.0,,,,,,,
-0.0020825613755732775,imappo,0.001145675079897046,-0.6966735124588013,0.0006563854618206069,1145.0,,,,,,,,,,,,,,0.3472824274758253,,,,,0.033657483756542206,0.013377180323004723
,imappo,,,,1145.0,0.0,0.0,0.6688589783750842,0.0,0.0,0.0,0.6666666865348816,0.002192291432749016,0.0,0.0,0.0,0.0,0.0,,,,,,,
-0.010701462626457214,imappo,0.001146126538515091,-1.0375216007232666,0.0006560853617872625,1146.0,,,,,,,,,,,,,,0.34714904968322774,,,,,0.028241019695997238,0.01338396780192852
,imappo,,,,1146.0,0.0,0.0,0.669198375670021,0.0,0.0,0.0,0.6666666865348816,0.0025316819610452512,0.0,0.0,0.0,0.0,0.0,,,,,,,
-0.014166267588734627,imappo,0.00047093257308006287,-0.7319360971450806,0.000655785261753918,1147.0,,,,,,,,,,,,,,0.3470156718906302,,,,,0.028033073991537094,0.013393504545092583
,imappo,,,,1147.0,0.0,0.0,0.669675233975795,0.0,0.0,0.0,0.6666666865348816,0.0030086046590440674,0.0,0.0,0.0,0.0,0.0,,,,,,,
0.000208929181098938,imappo,0.002884539309889078,-2.67022705078125,0.0006554851617205736,1148.0,,,,,,,,,,,,,,0.3468822940980327,,,,,0.02322644554078579,7.898900366853923e-05
,imappo,,,,1148.0,0.0,0.0,0.003949450336222071,0.0,0.0,0.0,0.0,0.003949450336222071,0.0,0.0,0.0,0.0,0.0,,,,,,,
0.007316179573535919,imappo,0.0021223926451057196,-0.9399750828742981,0.0006551850616872291,1149.0,,,,,,,,,,,,,,0.34674891630543514,,,,,0.029467016458511353,0.013379773125052452
,imappo,,,,1149.0,0.0,0.0,0.6689885497444266,0.0,0.0,0.0,0.6666666865348816,0.002321862203643832,0.0,0.0,0.0,0.0,0.0,,,,,,,
-0.005370068363845348,imappo,0.00034626995329745114,-0.7304673194885254,0.0006548849616538847,1150.0,,,,,,,,,,,,,,0.3466155385128376,,,,,0.032424211502075195,0.013373726978898048
,imappo,,,,1150.0,0.0,0.0,0.6686864304477922,0.0,0.0,0.0,0.6666666865348816,0.0020197737152329864,0.0,0.0,0.0,0.0,0.0,,,,,,,
-0.009474888443946838,imappo,0.0008525823941454291,-0.8055974245071411,0.0006545848616205403,1151.0,,,,,,,,,,,,,,0.3464821607202401,,,,,0.027228806167840958,0.013394328765571117
,imappo,,,,1151.0,0.0,0.0,0.6697164243196312,0.0,0.0,0.0,0.6666666865348816,0.0030497377847495954,0.0,0.0,0.0,0.0,0.0,,,,,,,
-0.004232814535498619,imappo,0.003753453493118286,-2.3116002082824707,0.0006542847615871957,1152.0,,,,,,,,,,,,,,0.34634878292764254,,,,,0.03109123185276985,4.145901039009914e-05
,imappo,,,,1152.0,0.0,0.0,0.002072950803267304,0.0,0.0,0.0,0.0,0.002072950803267304,0.0,0.0,0.0,0.0,0.0,,,,,,,
0.010271488688886166,imappo,0.003358688671141863,-1.152249813079834,0.0006539846615538512,1153.0,,,,,,,,,,,,,,0.346215405135045,,,,,0.026539724320173264,0.013371473178267479
,imappo,,,,1153.0,0.0,0.0,0.668573686961949,0.0,0.0,0.0,0.6666666865348816,0.0019069928491575183,0.0,0.0,0.0,0.0,0.0,,,,,,,
0.025561058893799782,imappo,0.00038085129926912487,-1.289275050163269,0.0006536845615205068,1154.0,,,,,,,,,,,,,,0.3460820273424475,,,,,0.03045768477022648,0.013384553603827953
,imappo,,,,1154.0,0.0,0.0,0.66922768906079,0.0,0.0,0.0,0.6666666865348816,0.0025609903823351488,0.0,0.0,0.0,0.0,0.0,,,,,,,
0.020554296672344208,imappo,0.004721973091363907,-2.051485538482666,0.0006533844614871624,1155.0,,,,,,,,,,,,,,0.34594864954984994,,,,,0.029196614399552345,4.446818638825789e-05
,imappo,,,,1155.0,0.0,0.0,0.00222340939399146,0.0,0.0,0.0,0.0,0.00222340939399146,0.0,0.0,0.0,0.0,0.0,,,,,,,
0.02862010896205902,imappo,0.002427285071462393,-0.8182659149169922,0.000653084361453818,1156.0,,,,,,,,,,,,,,0.3458152717572524,,,,,0.027949148789048195,0.013396096415817738
,imappo,,,,1156.0,0.0,0.0,0.6698048031375947,0.0,0.0,0.0,0.6666666865348816,0.0031381166027131258,0.0,0.0,0.0,0.0,0.0,,,,,,,
0.003077439498156309,imappo,0.004310112912207842,-1.6832079887390137,0.0006527842614204736,1157.0,,,,,,,,,,,,,,0.3456818939646549,,,,,0.02917584776878357,2.4893444788176566e-05
,imappo,,,,1157.0,0.0,0.0,0.0012446722892605067,0.0,0.0,0.0,0.0,0.0012446722892605067,0.0,0.0,0.0,0.0,0.0,,,,,,,
0.003014113288372755,imappo,0.0029354810249060392,-0.5600045919418335,0.0006524841613871291,1158.0,,,,,,,,,,,,,,0.34554851617205734,,,,,0.027257822453975677,0.01340764295309782
,imappo,,,,1158.0,0.0,0.0,0.6703820478214766,0.0,0.0,0.0,0.6666666865348816,0.003715377311550583,0.0,0.0,0.0,0.0,0.0,,,,,,,
-0.0004775951965712011,imappo,0.0014768510591238737,-0.6992053985595703,0.0006521840613537847,1159.0,,,,,,,,,,,,,,0.3454151383794598,,,,,0.031244125217199326,0.013372513465583324
,imappo,,,,1159.0,0.0,0.0,0.6686256624643647,0.0,0.0,0.0,0.6666666865348816,0.0019590057318055187,0.0,0.0,0.0,0.0,0.0,,,,,,,
-0.007483119610697031,imappo,0.0006232590530999005,-0.5221788287162781,0.0006518839613204402,1160.0,,,,,,,,,,,,,,0.3452817605868623,,,,,0.029453016817569733,0.013389318250119686
,imappo,,,,1160.0,0.0,0.0,0.6694659447548474,0.0,0.0,0.0,0.6666666865348816,0.0027992741615889827,0.0,0.0,0.0,0.0,0.0,,,,,,,
-0.002551889279857278,imappo,0.004051295109093189,-2.350362539291382,0.0006515838612870957,1161.0,,,,,,,,,,,,,,0.34514838279426474,,,,,0.028118543326854706,6.322002445813268e-05
,imappo,,,,1161.0,0.0,0.0,0.0031610014593752567,0.0,0.0,0.0,0.0,0.0031610014593752567,0.0,0.0,0.0,0.0,0.0,,,,,,,
-0.008970255963504314,imappo,0.001500332960858941,-0.6489949822425842,0.0006512837612537513,1162.0,,,,,,,,,,,,,,0.3450150050016672,,,,,0.03098888322710991,0.013387572020292282
,imappo,,,,1162.0,0.0,0.0,0.6693786199452916,0.0,0.0,0.0,0.6666666865348816,0.002711923427796137,0.0,0.0,0.0,0.0,0.0,,,,,,,
-0.0019844670314341784,imappo,0.0015887821791693568,-0.5234727263450623,0.0006509836612204068,1163.0,,,,,,,,,,,,,,0.3448816272090697,,,,,0.030329491943120956,0.01339747104793787
,imappo,,,,1163.0,0.0,0.0,0.6698735367990594,0.0,0.0,0.0,0.6666666865348816,0.0032068529490061337,0.0,0.0,0.0,0.0,0.0,,,,,,,
-0.010688439011573792,imappo,0.0009712972678244114,-0.7631663680076599,0.0006506835611870623,1164.0,,,,,,,,,,,,,,0.34474824941647214,,,,,0.028841691091656685,0.013395333662629128
,imappo,,,,1164.0,0.0,0.0,0.6697666776071856,0.0,0.0,0.0,0.6666666865348816,0.0031000342569313943,0.0,0.0,0.0,0.0,0.0,,,,,,,
-0.004142383113503456,imappo,0.0004430055560078472,-0.7847896814346313,0.0006503834611537179,1165.0,,,,,,,,,,,,,,0.3446148716238746,,,,,0.031703174114227295,0.013389484956860542
,imappo,,,,1165.0,0.0,0.0,0.6694742655636219,0.0,0.0,0.0,0.6666666865348816,0.002807602064422099,0.0,0.0,0.0,0.0,0.0,,,,,,,
0.007050774525851011,imappo,0.012412706390023232,-1.505671501159668,0.0006500833611203735,1166.0,,,,,,,,,,,,,,0.3444814938312771,,,,,0.02911563217639923,0.01338039617985487
,imappo,,,,1166.0,0.0,0.0,0.6690198109461107,0.0,0.0,0.0,0.6666666865348816,0.002353121863166052,0.0,0.0,0.0,0.0,0.0,,,,,,,
0.01048056036233902,imappo,0.0006072995020076632,-1.0033371448516846,0.0006497832610870291,1167.0,,,,,,,,,,,,,,0.34434811603867954,,,,,0.027670329436659813,0.013382084667682648
,imappo,,,,1167.0,0.0,0.0,0.669104262554356,0.0,0.0,0.0,0.6666666865348816,0.0024376014998779283,0.0,0.0,0.0,0.0,0.0,,,,,,,
-0.007552727125585079,imappo,0.00042522780131548643,-0.3783099353313446,0.0006494831610536846,1168.0,,,,,,,,,,,,,,0.344214738246082,,,,,0.03075764887034893,0.013380463235080242
,imappo,,,,1168.0,0.0,0.0,0.6690231269785727,0.0,0.0,0.0,0.6666666865348816,0.0023564440598420333,0.0,0.0,0.0,0.0,0.0,,,,,,,
-0.005975848063826561,imappo,0.00010213052155449986,-0.8897463083267212,0.0006491830610203402,1169.0,,,,,,,,,,,,,,0.3440813604534845,,,,,0.030071185901761055,0.013373586349189281
,imappo,,,,1169.0,0.0,0.0,0.6686793595936251,0.0,0.0,0.0,0.6666666865348816,0.002012695666962827,0.0,0.0,0.0,0.0,0.0,,,,,,,
-0.0031079391483217478,imappo,0.00010384772758698091,-0.5270034670829773,0.0006488829609869956,1170.0,,,,,,,,,,,,,,0.34394798266088694,,,,,0.028865810483694077,0.013386372476816177
,imappo,,,,1170.0,0.0,0.0,0.6693186122183761,0.0,0.0,0.0,0.6666666865348816,0.002651933058018585,0.0,0.0,0.0,0.0,0.0,,,,,,,
0.024182580411434174,imappo,0.0001510884176241234,-0.6127800345420837,0.0006485828609536512,1171.0,,,,,,,,,,,,,,0.3438146048682894,,,,,0.028225373476743698,0.013391788117587566
,imappo,,,,1171.0,0.0,0.0,0.6695894197819143,0.0,0.0,0.0,0.6666666865348816,0.002922752317317645,0.0,0.0,0.0,0.0,0.0,,,,,,,
0.002930947346612811,imappo,0.00010841627954505384,-0.83173668384552,0.0006482827609203068,1172.0,,,,,,,,,,,,,,0.3436812270756919,,,,,0.030741628259420395,0.01339305192232132
,imappo,,,,1172.0,0.0,0.0,0.6696526067789819,0.0,0.0,0.0,0.6666666865348816,0.002985915394674521,0.0,0.0,0.0,0.0,0.0,,,,,,,
0.021889055147767067,imappo,0.00010571025632089004,-1.3134047985076904,0.0006479826608869624,1173.0,,,,,,,,,,,,,,0.34354784928309434,,,,,0.03021955117583275,0.013385015539824963
,imappo,,,,1173.0,0.0,0.0,0.6692508108935726,0.0,0.0,0.0,0.6666666865348816,0.0025841543938440736,0.0,0.0,0.0,0.0,0.0,,,,,,,
-0.0006262645474635065,imappo,0.00044436383177526295,-1.400716781616211,0.0006476825608536179,1174.0,,,,,,,,,,,,,,0.34341447149049686,,,,,0.03082825243473053,0.013380024582147598
,imappo,,,,1174.0,0.0,0.0,0.6690011769387638,0.0,0.0,0.0,0.6666666865348816,0.0023345412191702053,0.0,0.0,0.0,0.0,0.0,,,,,,,
-0.01547261793166399,imappo,9.966983634512872e-05,-0.6861315369606018,0.0006473824608202734,1175.0,,,,,,,,,,,,,,0.3432810936978993,,,,,0.032912567257881165,0.013370834290981293
,imappo,,,,1175.0,0.0,0.0,0.668541744507138,0.0,0.0,0.0,0.6666666865348816,0.0018750579722563998,0.0,0.0,0.0,0.0,0.0,,,,,,,
0.0022546635009348392,imappo,8.49948191898875e-05,-0.737297773361206,0.000647082360786929,1176.0,,,,,,,,,,,,,,0.3431477159053018,,,,,0.03071948140859604,0.013374575413763523
,imappo,,,,1176.0,0.0,0.0,0.6687287408058182,0.0,0.0,0.0,0.6666666865348816,0.0020620878858608194,0.0,0.0,0.0,0.0,0.0,,,,,,,
-0.011565699242055416,imappo,0.00010479593765921891,-0.7992110252380371,0.0006467822607535846,1177.0,,,,,,,,,,,,,,0.3430143381127042,,,,,0.03078301064670086,0.013393603265285492
,imappo,,,,1177.0,0.0,0.0,0.669680110670015,0.0,0.0,0.0,0.6666666865348816,0.003013432296938845,0.0,0.0,0.0,0.0,0.0,,,,,,,
0.004935494624078274,imappo,7.533079769928008e-05,-0.7129838466644287,0.0006464821607202402,1178.0,,,,,,,,,,,,,,0.34288096032010673,,,,,0.029981154948472977,0.01339243445545435
,imappo,,,,1178.0,0.0,0.0,0.669621702938457,0.0,0.0,0.0,0.6666666865348816,0.00295503789675422,0.0,0.0,0.0,0.0,0.0,,,,,,,
-0.010915555991232395,imappo,0.00020629541540984064,-0.8316540122032166,0.0006461820606868956,1179.0,,,,,,,,,,,,,,0.34274758252750914,,,,,0.028778517618775368,0.013391013257205486
,imappo,,,,1179.0,0.0,0.0,0.6695506299729459,0.0,0.0,0.0,0.6666666865348816,0.0028839854155648936,0.0,0.0,0.0,0.0,0.0,,,,,,,
0.006702556274831295,imappo,5.675899228663184e-05,-1.2748743295669556,0.0006458819606535512,1180.0,,,,,,,,,,,,,,0.34261420473491166,,,,,0.028540708124637604,0.013385388068854809
,imappo,,,,1180.0,0.0,0.0,0.6692693562108616,0.0,0.0,0.0,0.6666666865348816,0.002602709693746874,0.0,0.0,0.0,0.0,0.0,,,,,,,
-0.010579690337181091,imappo,0.0018498823046684265,-2.3613219261169434,0.0006455818606202067,1181.0,,,,,,,,,,,,,,0.3424808269423141,,,,,0.0250469408929348,5.606564809568226e-05
,imappo,,,,1181.0,0.0,0.0,0.0028032819220769056,0.0,0.0,0.0,0.0,0.0028032819220769056,0.0,0.0,0.0,0.0,0.0,,,,,,,
-0.011980214156210423,imappo,0.001639405614696443,-0.8760852217674255,0.0006452817605868623,1182.0,,,,,,,,,,,,,,0.3423474491497166,,,,,0.029578514397144318,0.013387407176196575
,imappo,,,,1182.0,0.0,0.0,0.669370300229275,0.0,0.0,0.0,0.6666666865348816,0.0027036041483370354,0.0,0.0,0.0,0.0,0.0,,,,,,,
0.0014674621634185314,imappo,0.0035498631186783314,-1.2481200695037842,0.0006449816605535179,1183.0,,,,,,,,,,,,,,0.342214071357119,,,,,0.026940904557704926,0.0067098564468324184
,imappo,,,,1183.0,0.0,0.0,0.33549285013214103,0.0,0.0,0.0,0.3333333432674408,0.0021595056241494603,0.0,0.0,0.0,0.0,0.0,,,,,,,
-0.008217020891606808,imappo,0.002423682250082493,-0.420396625995636,0.0006446815605201735,1184.0,,,,,,,,,,,,,,0.34208069356452153,,,,,0.029821928590536118,0.013388880528509617
,imappo,,,,1184.0,0.0,0.0,0.6694440940045752,0.0,0.0,0.0,0.6666666865348816,0.0027774206100730225,0.0,0.0,0.0,0.0,0.0,,,,,,,
0.0005970951169729233,imappo,0.001987491501495242,-0.7771563529968262,0.000644381460486829,1185.0,,,,,,,,,,,,,,0.34194731577192394,,,,,0.033517222851514816,0.013373627327382565
,imappo,,,,1185.0,0.0,0.0,0.6686813130372116,0.0,0.0,0.0,0.6666666865348816,0.0020145927709904754,0.0,0.0,0.0,0.0,0.0,,,,,,,
-0.004470122046768665,imappo,0.0008615918341092765,-1.046234369277954,0.0006440813604534845,1186.0,,,,,,,,,,,,,,0.34181393797932647,,,,,0.02903645671904087,0.01338412519544363
,imappo,,,,1186.0,0.0,0.0,0.6692062215970509,0.0,0.0,0.0,0.6666666865348816,0.002539527822591481,0.0,0.0,0.0,0.0,0.0,,,,,,,
0.019713779911398888,imappo,0.0003169936244376004,-1.0924497842788696,0.00064378126042014,1187.0,,,,,,,,,,,,,,0.3416805601867289,,,,,0.028276417404413223,0.013386167585849762
,imappo,,,,1187.0,0.0,0.0,0.6693083835907601,0.0,0.0,0.0,0.6666666865348816,0.002641697055878467,0.0,0.0,0.0,0.0,0.0,,,,,,,
-0.0033032610081136227,imappo,0.00040461457683704793,-0.5956422090530396,0.0006434811603867956,1188.0,,,,,,,,,,,,,,0.3415471823941314,,,,,0.029068883508443832,0.013401211239397526
,imappo,,,,1188.0,0.0,0.0,0.6700605605947203,0.0,0.0,0.0,0.6666666865348816,0.0033938745837076567,0.0,0.0,0.0,0.0,0.0,,,,,,,
0.03274413198232651,imappo,0.0038841450586915016,-3.793219804763794,0.0006431810603534512,1189.0,,,,,,,,,,,,,,0.3414138046015338,,,,,0.02016489952802658,6.636802572757006e-05
,imappo,,,,1189.0,0.0,0.0,0.0033184013873324147,0.0,0.0,0.0,0.0,0.0033184013873324147,0.0,0.0,0.0,0.0,0.0,,,,,,,
0.010225441306829453,imappo,0.00149300426710397,-2.092137098312378,0.0006428809603201067,1190.0,,,,,,,,,,,,,,0.34128042680893633,,,,,0.03006870299577713,0.013388973660767078
,imappo,,,,1190.0,0.0,0.0,0.6694486103078816,0.0,0.0,0.0,0.6666666865348816,0.0027819409351650393,0.0,0.0,0.0,0.0,0.0,,,,,,,
0.003650087397545576,imappo,0.0009667888516560197,-0.5009892582893372,0.0006425808602867623,1191.0,,,,,,,,,,,,,,0.34114704901633874,,,,,0.02976018190383911,0.013408496044576168
,imappo,,,,1191.0,0.0,0.0,0.670424753383486,0.0,0.0,0.0,0.6666666865348816,0.003758066222872003,0.0,0.0,0.0,0.0,0.0,,,,,,,
0.00013852055417373776,imappo,0.0069803232327103615,-1.1883982419967651,0.0006422807602534178,1192.0,,,,,,,,,,,,,,0.34101367122374127,,,,,0.025956163182854652,0.006743750534951687
,imappo,,,,1192.0,0.0,0.0,0.33718752487220627,0.0,0.0,0.0,0.3333333432674408,0.003854193406368722,0.0,0.0,0.0,0.0,0.0,,,,,,,
0.004789516795426607,imappo,0.0009648791165091097,-0.7021778225898743,0.0006419806602200734,1193.0,,,,,,,,,,,,,,0.3408802934311437,,,,,0.029382068663835526,0.013391477055847645
,imappo,,,,1193.0,0.0,0.0,0.669573881289125,0.0,0.0,0.0,0.6666666865348816,0.0029072042766529194,0.0,0.0,0.0,0.0,0.0,,,,,,,
-0.008012987673282623,imappo,0.00226472201757133,-0.8610849976539612,0.000641680560186729,1194.0,,,,,,,,,,,,,,0.3407469156385462,,,,,0.03154047578573227,0.006727964151650667
,imappo,,,,1194.0,0.0,0.0,0.3363982181231222,0.0,0.0,0.0,0.3333333432674408,0.003064877773340413,0.0,0.0,0.0,0.0,0.0,,,,,,,
-0.0029174371156841516,imappo,0.002897170139476657,-0.5802993178367615,0.0006413804601533846,1195.0,,,,,,,,,,,,,,0.3406135378459486,,,,,0.027612080797553062,0.013397515751421452
,imappo,,,,1195.0,0.0,0.0,0.6698758434995398,0.0,0.0,0.0,0.6666666865348816,0.003209154294381733,0.0,0.0,0.0,0.0,0.0,,,,,,,
-0.005634436849504709,imappo,0.002118457341566682,-0.5395524501800537,0.00064108036012004,1196.0,,,,,,,,,,,,,,0.34048016005335113,,,,,0.028888344764709473,0.01339486800134182
,imappo,,,,1196.0,0.0,0.0,0.6697434604793671,0.0,0.0,0.0,0.6666666865348816,0.0030768017407467596,0.0,0.0,0.0,0.0,0.0,,,,,,,
-0.006244066171348095,imappo,0.0013618053635582328,-1.0351836681365967,0.0006407802600866955,1197.0,,,,,,,,,,,,,,0.34034678226075354,,,,,0.032790638506412506,0.013374541886150837
,imappo,,,,1197.0,0.0,0.0,0.6687270922071775,0.0,0.0,0.0,0.6666666865348816,0.0020604043832008756,0.0,0.0,0.0,0.0,0.0,,,,,,,
-0.00653438363224268,imappo,0.013767523691058159,-1.4302210807800293,0.0006404801600533511,1198.0,,,,,,,,,,,,,,0.34021340446815607,,,,,0.028280936181545258,6.418082921300083e-05
,imappo,,,,1198.0,0.0,0.0,0.0032090415879793,0.0,0.0,0.0,0.0,0.0032090415879793,0.0,0.0,0.0,0.0,0.0,,,,,,,
-0.0033887105528265238,imappo,0.002713029272854328,-1.0274134874343872,0.0006401800600200067,1199.0,,,,,,,,,,,,,,0.3400800266755585,,,,,0.03175573796033859,0.013371181674301624
,imappo,,,,1199.0,0.0,0.0,0.6685590598979161,0.0,0.0,0.0,0.6666666865348816,0.0018924123912711366,0.0,0.0,0.0,0.0,0.0,,,,,,,
,imappo,,,,1199.0,,,,,,,,,,,,,,,0.0,0.0,0.0,0.0,,
0.009657829999923706,imappo,0.0030616330914199352,-0.6856099367141724,0.0006398799599866623,1200.0,,,,,,,,,,,,,,0.339946648882961,,,,,0.025869019329547882,0.013406752608716488
,imappo,,,,1200.0,0.0,0.0,0.6703376342920819,0.0,0.0,0.0,0.6666666865348816,0.0036709860432893038,0.0,0.0,0.0,0.0,0.0,,,,,,,
0.014446789398789406,imappo,0.0012849575141444802,-1.4188590049743652,0.0006395798599533178,1201.0,,,,,,,,,,,,,,0.3398132710903634,,,,,0.030519070103764534,0.013376238755881786
,imappo,,,,1201.0,0.0,0.0,0.6688118909250989,0.0,0.0,0.0,0.6666666865348816,0.0021452276005220483,0.0,0.0,0.0,0.0,0.0,,,,,,,
-0.0005731038982048631,imappo,0.001014971174299717,-0.7512696981430054,0.0006392797599199733,1202.0,,,,,,,,,,,,,,0.33967989329776593,,,,,0.029508665204048157,0.013393189758062363
,imappo,,,,1202.0,0.0,0.0,0.6696595520115807,0.0,0.0,0.0,0.6666666865348816,0.0029928654766990803,0.0,0.0,0.0,0.0,0.0,,,,,,,
-0.006947188638150692,imappo,0.0002737316535785794,-0.9825887084007263,0.0006389796598866289,1203.0,,,,,,,,,,,,,,0.33954651550516834,,,,,0.031156200915575027,0.013379381038248539
,imappo,,,,1203.0,0.0,0.0,0.668969025206934,0.0,0.0,0.0,0.6666666865348816,0.002302329893609567,0.0,0.0,0.0,0.0,0.0,,,,,,,
-0.004108862951397896,imappo,0.00026916214847005904,-0.7483452558517456,0.0006386795598532845,1204.0,,,,,,,,,,,,,,0.33941313771257087,,,,,0.030032966285943985,0.013385997153818607
,imappo,,,,1204.0,0.0,0.0,0.6692998573416844,0.0,0.0,0.0,0.6666666865348816,0.0026331703847972676,0.0,0.0,0.0,0.0,0.0,,,,,,,
0.05665743723511696,imappo,0.007521101739257574,-2.654512643814087,0.00063837945981994,1205.0,,,,,,,,,,,,,,0.3392797599199733,,,,,0.028773363679647446,4.733819150715135e-05
,imappo,,,,1205.0,0.0,0.0,0.0023669095508012106,0.0,0.0,0.0,0.0,0.0023669095508012106,0.0,0.0,0.0,0.0,0.0,,,,,,,
-0.0076934644021093845,imappo,0.003410512814298272,-0.6142061948776245,0.0006380793597865956,1206.0,,,,,,,,,,,,,,0.3391463821273758,,,,,0.0264731477946043,0.006746881641447544
,imappo,,,,1206.0,0.0,0.0,0.3373440909326746,0.0,0.0,0.0,0.3333333432674408,0.004010751012174296,0.0,0.0,0.0,0.0,0.0,,,,,,,
0.0074514830484986305,imappo,0.00010988020949298516,-2.535423517227173,0.0006377792597532511,1207.0,,,,,,,,,,,,,,0.3390130043347782,,,,,0.02771199867129326,6.430163921322674e-05
,imappo,,,,1207.0,0.0,0.0,0.0032150821025425103,0.0,0.0,0.0,0.0,0.0032150821025425103,0.0,0.0,0.0,0.0,0.0,,,,,,,
-0.0005124524468556046,imappo,0.011103098280727863,-1.0735875368118286,0.0006374791597199066,1208.0,,,,,,,,,,,,,,0.33887962654218073,,,,,0.031370364129543304,0.013384891673922539
,imappo,,,,1208.0,0.0,0.0,0.6692445426187987,0.0,0.0,0.0,0.6666666865348816,0.002577859525445092,0.0,0.0,0.0,0.0,0.0,,,,,,,
0.08146975934505463,imappo,0.004631189629435539,-1.3879618644714355,0.0006371790596865622,1209.0,,,,,,,,,,,,,,0.33874624874958315,,,,,0.02989194169640541,0.013390139676630497
,imappo,,,,1209.0,0.0,0.0,0.6695070059893169,0.0,0.0,0.0,0.6666666865348816,0.002840345378672282,0.0,0.0,0.0,0.0,0.0,,,,,,,
-0.0028059054166078568,imappo,0.0018212497234344482,-2.4698243141174316,0.0006368789596532178,1210.0,,,,,,,,,,,,,,0.33861287095698567,,,,,0.027188019827008247,5.131591024110094e-05
,imappo,,,,1210.0,0.0,0.0,0.0025657957510247797,0.0,0.0,0.0,0.0,0.0025657957510247797,0.0,0.0,0.0,0.0,0.0,,,,,,,
0.1227642223238945,imappo,0.0009844477754086256,-2.6625850200653076,0.0006365788596198734,1211.0,,,,,,,,,,,,,,0.3384794931643881,,,,,0.026411263272166252,6.636290345340967e-05
,imappo,,,,1211.0,0.0,0.0,0.003318145278171869,0.0,0.0,0.0,0.0,0.003318145278171869,0.0,0.0,0.0,0.0,0.0,,,,,,,
-0.0058012488298118114,imappo,0.0036314630415290594,-0.8246711492538452,0.0006362787595865289,1212.0,,,,,,,,,,,,,,0.3383461153717906,,,,,0.0308710765093565,0.013373621739447117
,imappo,,,,1212.0,0.0,0.0,0.6686810103733478,0.0,0.0,0.0,0.6666666865348816,0.0020142940361438377,0.0,0.0,0.0,0.0,0.0,,,,,,,
0.08704416453838348,imappo,0.0007840387406758964,-3.375957727432251,0.0006359786595531844,1213.0,,,,,,,,,,,,,,0.338212737579193,,,,,0.019574910402297974,5.957691973890178e-05
,imappo,,,,1213.0,0.0,0.0,0.0029788460718691567,0.0,0.0,0.0,0.0,0.0029788460718691567,0.0,0.0,0.0,0.0,0.0,,,,,,,
0.0005920305848121643,imappo,0.0022072745487093925,-0.6894342303276062,0.00063567855951984,1214.0,,,,,,,,,,,,,,0.33807935978659553,,,,,0.028349123895168304,0.013392828404903412
,imappo,,,,1214.0,0.0,0.0,0.6696414653997635,0.0,0.0,0.0,0.6666666865348816,0.002974778864881955,0.0,0.0,0.0,0.0,0.0,,,,,,,
0.06300264596939087,imappo,0.0007481772336177528,-3.5386266708374023,0.0006353784594864955,1215.0,,,,,,,,,,,,,,0.33794598199399795,,,,,0.01677616685628891,5.317687100614421e-05
,imappo,,,,1215.0,0.0,0.0,0.0026588434708685327,0.0,0.0,0.0,0.0,0.0026588434708685327,0.0,0.0,0.0,0.0,0.0,,,,,,,
0.011194862425327301,imappo,0.002465828787535429,-1.0101722478866577,0.0006350783594531511,1216.0,,,,,,,,,,,,,,0.33781260420140047,,,,,0.031151171773672104,0.01336522027850151
,imappo,,,,1216.0,0.0,0.0,0.6682609312719681,0.0,0.0,0.0,0.6666666865348816,0.0015942447370864699,0.0,0.0,0.0,0.0,0.0,,,,,,,
-0.005764375906437635,imappo,0.00036992522655054927,-0.6694508194923401,0.0006347782594198066,1217.0,,,,,,,,,,,,,,0.3376792264088029,,,,,0.03056248463690281,0.01339472271502018
,imappo,,,,1217.0,0.0,0.0,0.6697361744018053,0.0,0.0,0.0,0.6666666865348816,0.0030694894148837193,0.0,0.0,0.0,0.0,0.0,,,,,,,
0.030008066445589066,imappo,0.0004981336533091962,-1.0482196807861328,0.0006344781593864622,1218.0,,,,,,,,,,,,,,0.3375458486162054,,,,,0.032047197222709656,0.013399690389633179
,imappo,,,,1218.0,0.0,0.0,0.6699845787688901,0.0,0.0,0.0,0.6666666865348816,0.003317921999951068,0.0,0.0,0.0,0.0,0.0,,,,,,,
0.0007314343238249421,imappo,0.007556473836302757,-2.848684787750244,0.0006341780593531177,1219.0,,,,,,,,,,,,,,0.33741247082360787,,,,,0.026446964591741562,4.199320756015368e-05
,imappo,,,,1219.0,0.0,0.0,0.0020996602206651005,0.0,0.0,0.0,0.0,0.0020996602206651005,0.0,0.0,0.0,0.0,0.0,,,,,,,
0.005007180385291576,imappo,0.0005784037057310343,-0.6266242265701294,0.0006338779593197733,1220.0,,,,,,,,,,,,,,0.33727909303101034,,,,,0.02611635997891426,0.013420959934592247
,imappo,,,,1220.0,0.0,0.0,0.6710479457615293,0.0,0.0,0.0,0.6666666865348816,0.004381271164675127,0.0,0.0,0.0,0.0,0.0,,,,,,,
-0.000878572347573936,imappo,0.0008485170546919107,-0.5711110234260559,0.0006335778592864289,1221.0,,,,,,,,,,,,,,0.3371457152384128,,,,,0.02843601256608963,0.01341217290610075
,imappo,,,,1221.0,0.0,0.0,0.6706086610738566,0.0,0.0,0.0,0.6666666865348816,0.00394197425339371,0.0,0.0,0.0,0.0,0.0,,,,,,,
-0.010628786869347095,imappo,0.003909866325557232,-1.2310594320297241,0.0006332777592530845,1222.0,,,,,,,,,,,,,,0.33701233744581527,,,,,0.031928546726703644,0.013374339789152145
,imappo,,,,1222.0,0.0,0.0,0.668716950816588,0.0,0.0,0.0,0.6666666865348816,0.0020502445856891427,0.0,0.0,0.0,0.0,0.0,,,,,,,
0.09087785333395004,imappo,0.005911554209887981,-3.2048234939575195,0.00063297765921974,1223.0,,,,,,,,,,,,,,0.33687895965321774,,,,,0.03165634721517563,3.454928446444683e-05
,imappo,,,,1223.0,0.0,0.0,0.001727464119085198,0.0,0.0,0.0,0.0,0.001727464119085198,0.0,0.0,0.0,0.0,0.0,,,,,,,
0.057732824236154556,imappo,0.0010138710495084524,-1.0107187032699585,0.0006326775591863954,1224.0,,,,,,,,,,,,,,0.3367455818606202,,,,,0.030729349702596664,0.013363824225962162
,imappo,,,,1224.0,0.0,0.0,0.6681912010133715,0.0,0.0,0.0,0.6666666865348816,0.0015245414577407246,0.0,0.0,0.0,0.0,0.0,,,,,,,
0.04068668559193611,imappo,0.0009147380478680134,-1.0848441123962402,0.000632377459153051,1225.0,,,,,,,,,,,,,,0.33661220406802267,,,,,0.03073970414698124,0.013368946500122547
,imappo,,,,1225.0,0.0,0.0,0.6684473903021626,0.0,0.0,0.0,0.6666666865348816,0.001780709842705619,0.0,0.0,0.0,0.0,0.0,,,,,,,
0.01447992492467165,imappo,0.0007988907163962722,-0.6458120346069336,0.0006320773591197066,1226.0,,,,,,,,,,,,,,0.33647882627542514,,,,,0.02429618500173092,0.013418549671769142
,imappo,,,,1226.0,0.0,0.0,0.6709273832184408,0.0,0.0,0.0,0.6666666865348816,0.004260688199792639,0.0,0.0,0.0,0.0,0.0,,,,,,,
-0.012954320758581161,imappo,0.0005567622138187289,-0.4564456045627594,0.0006317772590863622,1227.0,,,,,,,,,,,,,,0.3363454484828276,,,,,0.029145868495106697,0.013388227671384811
,imappo,,,,1227.0,0.0,0.0,0.6694113551360488,0.0,0.0,0.0,0.6666666865348816,0.002744692917417524,0.0,0.0,0.0,0.0,0.0,,,,,,,
0.017434556037187576,imappo,0.00045092194341123104,-0.6457188725471497,0.0006314771590530177,1228.0,,,,,,,,,,,,,,0.33621207069023007,,,,,0.023040540516376495,0.013422280550003052
,imappo,,,,1228.0,0.0,0.0,0.6711140874176635,0.0,0.0,0.0,0.6666666865348816,0.004447369974514004,0.0,0.0,0.0,0.0,0.0,,,,,,,
0.002792374463751912,imappo,0.0003179976483806968,-0.6138070821762085,0.0006311770590196733,1229.0,,,,,,,,,,,,,,0.33607869289763254,,,,,0.021498527377843857,0.013421266339719296
,imappo,,,,1229.0,0.0,0.0,0.6710632565063861,0.0,0.0,0.0,0.6666666865348816,0.004396569971504505,0.0,0.0,0.0,0.0,0.0,,,,,,,
-0.011078014969825745,imappo,0.012507754378020763,-0.5026028156280518,0.0006308769589863288,1230.0,,,,,,,,,,,,,,0.335945315105035,,,,,0.030921997502446175,5.629894440062344e-05
,imappo,,,,1230.0,0.0,0.0,0.0028149471568212903,0.0,0.0,0.0,0.0,0.0028149471568212903,0.0,0.0,0.0,0.0,0.0,,,,,,,
0.005994542967528105,imappo,0.003109983867034316,-0.6815310120582581,0.0006305768589529844,1231.0,,,,,,,,,,,,,,0.33581193731243747,,,,,0.02976970374584198,0.01336586195975542
,imappo,,,,1231.0,0.0,0.0,0.6682931050563639,0.0,0.0,0.0,0.6666666865348816,0.0016263956167676952,0.0,0.0,0.0,0.0,0.0,,,,,,,
0.03273775801062584,imappo,0.00323867192491889,-1.477912425994873,0.00063027675891964,1232.0,,,,,,,,,,,,,,0.33567855951983994,,,,,0.030062608420848846,0.013377886265516281
,imappo,,,,1232.0,0.0,0.0,0.6688943250079546,0.0,0.0,0.0,0.6666666865348816,0.002227623106250576,0.0,0.0,0.0,0.0,0.0,,,,,,,
0.0022091574501246214,imappo,0.0033307895064353943,-3.4543001651763916,0.0006299766588862955,1233.0,,,,,,,,,,,,,,0.3355451817272424,,,,,0.026215292513370514,4.458281182451174e-05
,imappo,,,,1233.0,0.0,0.0,0.0022291407309467104,0.0,0.0,0.0,0.0,0.0022291407309467104,0.0,0.0,0.0,0.0,0.0,,,,,,,
0.01402952428907156,imappo,0.0024687149561941624,-1.1832126379013062,0.000629676558852951,1234.0,,,,,,,,,,,,,,0.33541180393464487,,,,,0.030533848330378532,0.01337414886802435
,imappo,,,,1234.0,0.0,0.0,0.6687075177308088,0.0,0.0,0.0,0.6666666865348816,0.0020408839611718577,0.0,0.0,0.0,0.0,0.0,,,,,,,
0.0015192478895187378,imappo,0.001351068145595491,-1.4933935403823853,0.0006293764588196065,1235.0,,,,,,,,,,,,,,0.33527842614204734,,,,,0.028934892266988754,0.013376920484006405
,imappo,,,,1235.0,0.0,0.0,0.6688460544868349,0.0,0.0,0.0,0.6666666865348816,0.0021793249946995275,0.0,0.0,0.0,0.0,0.0,,,,,,,
0.11354203522205353,imappo,0.005661970004439354,-3.733336925506592,0.0006290763587862621,1236.0,,,,,,,,,,,,,,0.3351450483494498,,,,,0.028992628678679466,3.125858711428009e-05
,imappo,,,,1236.0,0.0,0.0,0.0015629293060896998,0.0,0.0,0.0,0.0,0.0015629293060896998,0.0,0.0,0.0,0.0,0.0,,,,,,,
0.01444936078041792,imappo,0.0013497652253136039,-3.043196201324463,0.0006287762587529177,1237.0,,,,,,,,,,,,,,0.33501167055685227,,,,,0.02898239903151989,7.766306953271851e-05
,imappo,,,,1237.0,0.0,0.0,0.003883153425704222,0.0,0.0,0.0,0.0,0.003883153425704222,0.0,0.0,0.0,0.0,0.0,,,,,,,
0.01952596940100193,imappo,0.004711463116109371,-0.628136932849884,0.0006284761587195733,1238.0,,,,,,,,,,,,,,0.33487829276425474,,,,,0.02987087145447731,0.013379569165408611
,imappo,,,,1238.0,0.0,0.0,0.6689784721752403,0.0,0.0,0.0,0.6666666865348816,0.0023117558380363334,0.0,0.0,0.0,0.0,0.0,,,,,,,
-0.0019057085737586021,imappo,0.0006819100817665458,-2.5453531742095947,0.0006281760586862288,1239.0,,,,,,,,,,,,,,0.3347449149716572,,,,,0.029967235401272774,6.971602124394849e-05
,imappo,,,,1239.0,0.0,0.0,0.003485801018541679,0.0,0.0,0.0,0.0,0.003485801018541679,0.0,0.0,0.0,0.0,0.0,,,,,,,
0.010955982841551304,imappo,0.005180712789297104,-1.1110707521438599,0.0006278759586528844,1240.0,,,,,,,,,,,,,,0.33461153717905967,,,,,0.03032311424612999,0.013379132375121117
,imappo,,,,1240.0,0.0,0.0,0.6689566343147817,0.0,0.0,0.0,0.6666666865348816,0.0022899179775777156,0.0,0.0,0.0,0.0,0.0,,,,,,,
0.010580377653241158,imappo,0.0036586893256753683,-0.844926655292511,0.0006275758586195398,1241.0,,,,,,,,,,,,,,0.33447815938646214,,,,,0.03059125319123268,0.013377782888710499
,imappo,,,,1241.0,0.0,0.0,0.6688891080402755,0.0,0.0,0.0,0.6666666865348816,0.002222453053946083,0.0,0.0,0.0,0.0,0.0,,,,,,,
0.020132357254624367,imappo,0.00029291241662576795,-2.7833940982818604,0.0006272757585861954,1242.0,,,,,,,,,,,,,,0.3343447815938646,,,,,0.024623192846775055,6.718150689266622e-05
,imappo,,,,1242.0,0.0,0.0,0.003359075335538364,0.0,0.0,0.0,0.0,0.003359075335538364,0.0,0.0,0.0,0.0,0.0,,,,,,,
-0.006129851099103689,imappo,0.002061960520222783,-0.5258879065513611,0.000626975658552851,1243.0,,,,,,,,,,,,,,0.33421140380126707,,,,,0.030217042192816734,0.01337711326777935
,imappo,,,,1243.0,0.0,0.0,0.6688556677413544,0.0,0.0,0.0,0.6666666865348816,0.0021889953363825043,0.0,0.0,0.0,0.0,0.0,,,,,,,
0.03678683936595917,imappo,0.0015761825488880277,-1.166404366493225,0.0006266755585195066,1244.0,,,,,,,,,,,,,,0.33407802600866954,,,,,0.02841121330857277,0.01340086106210947
,imappo,,,,1244.0,0.0,0.0,0.6700430680994032,0.0,0.0,0.0,0.6666666865348816,0.00337638156452158,0.0,0.0,0.0,0.0,0.0,,,,,,,
-0.0017888406291604042,imappo,0.0006894641555845737,-0.9670433402061462,0.000626375458486162,1245.0,,,,,,,,,,,,,,0.333944648216072,,,,,0.02942081168293953,0.013386334292590618
,imappo,,,,1245.0,0.0,0.0,0.6693167420953614,0.0,0.0,0.0,0.6666666865348816,0.0026500404446778703,0.0,0.0,0.0,0.0,0.0,,,,,,,
0.006873153615742922,imappo,0.00038745731581002474,-0.34548577666282654,0.0006260753584528176,1246.0,,,,,,,,,,,,,,0.33381127042347447,,,,,0.03188803791999817,0.013368180952966213
,imappo,,,,1246.0,0.0,0.0,0.6684090422086229,0.0,0.0,0.0,0.6666666865348816,0.0017423557492293185,0.0,0.0,0.0,0.0,0.0,,,,,,,
-0.009601550176739693,imappo,0.0002082700957544148,-0.6124879717826843,0.0006257752584194732,1247.0,,,,,,,,,,,,,,0.33367789263087694,,,,,0.027737978845834732,0.013394701294600964
,imappo,,,,1247.0,0.0,0.0,0.6697350004633336,0.0,0.0,0.0,0.6666666865348816,0.003068341144171427,0.0,0.0,0.0,0.0,0.0,,,,,,,
-0.009995758533477783,imappo,0.011438237503170967,-0.4410642981529236,0.0006254751583861288,1248.0,,,,,,,,,,,,,,0.3335445148382794,,,,,0.027299225330352783,8.311370038427413e-05
,imappo,,,,1248.0,0.0,0.0,0.004155685102887219,0.0,0.0,0.0,0.0,0.004155685102887219,0.0,0.0,0.0,0.0,0.0,,,,,,,
0.008637755177915096,imappo,0.0030856835655868053,-0.8044760227203369,0.0006251750583527844,1249.0,,,,,,,,,,,,,,0.3334111370456819,,,,,0.028698213398456573,0.013378598727285862
,imappo,,,,1249.0,0.0,0.0,0.6689298960267251,0.0,0.0,0.0,0.6666666865348816,0.002263231894517048,0.0,0.0,0.0,0.0,0.0,,,,,,,
-0.009023888036608696,imappo,0.006159364711493254,-0.6481233835220337,0.0006248749583194398,1250.0,,,,,,,,,,,,,,0.33327775925308434,,,,,0.025387926027178764,0.006743720266968012
,imappo,,,,1250.0,0.0,0.0,0.33718604236673855,0.0,0.0,0.0,0.3333333432674408,0.003852706578982179,0.0,0.0,0.0,0.0,0.0,,,,,,,
0.21209876239299774,imappo,0.006659217644482851,-4.099591255187988,0.0006245748582860954,1251.0,,,,,,,,,,,,,,0.33314438146048686,,,,,0.02078908681869507,8.112730574794114e-05
,imappo,,,,1251.0,0.0,0.0,0.0040563650018157205,0.0,0.0,0.0,0.0,0.0040563650018157205,0.0,0.0,0.0,0.0,0.0,,,,,,,
0.030597545206546783,imappo,0.005579477641731501,-0.678590714931488,0.0006242747582527509,1252.0,,,,,,,,,,,,,,0.33301100366788927,,,,,0.026802286505699158,0.013391849584877491
,imappo,,,,1252.0,0.0,0.0,0.6695924550931522,0.0,0.0,0.0,0.6666666865348816,0.002925768558270647,0.0,0.0,0.0,0.0,0.0,,,,,,,
0.02130872569978237,imappo,0.0013589125592261553,-3.2757158279418945,0.0006239746582194065,1253.0,,,,,,,,,,,,,,0.3328776258752918,,,,,0.036267705261707306,1.7001427750074072e-06
,imappo,,,,1253.0,0.0,0.0,8.5007134970283e-05,0.0,0.0,0.0,0.0,8.5007134970283e-05,0.0,0.0,0.0,0.0,0.0,,,,,,,
0.03750113025307655,imappo,0.002844718750566244,-1.0628489255905151,0.0006236745581860621,1254.0,,,,,,,,,,,,,,0.3327442480826942,,,,,0.02789144404232502,0.013389192521572113
,imappo,,,,1254.0,0.0,0.0,0.669459642457241,0.0,0.0,0.0,0.6666666865348816,0.002792995503568818,0.0,0.0,0.0,0.0,0.0,,,,,,,
0.0076357098296284676,imappo,0.0006060832529328763,-0.9829108715057373,0.0006233744581527177,1255.0,,,,,,,,,,,,,,0.3326108702900967,,,,,0.027913834899663925,0.013382399454712868
,imappo,,,,1255.0,0.0,0.0,0.6691199120632518,0.0,0.0,0.0,0.6666666865348816,0.0024532146144338185,0.0,0.0,0.0,0.0,0.0,,,,,,,
-0.011152777820825577,imappo,0.0008358139311894774,-0.30080339312553406,0.0006230743581193731,1256.0,,,,,,,,,,,,,,0.33247749249749914,,,,,0.02956768497824669,0.013381067663431168
,imappo,,,,1256.0,0.0,0.0,0.6690533471680737,0.0,0.0,0.0,0.6666666865348816,0.0023866663957505807,0.0,0.0,0.0,0.0,0.0,,,,,,,
-0.004062047228217125,imappo,0.006181592121720314,-0.7428479790687561,0.0006227742580860287,1257.0,,,,,,,,,,,,,,0.33234411470490166,,,,,0.024309052154421806,0.006734449882060289
,imappo,,,,1257.0,0.0,0.0,0.3367225043639337,0.0,0.0,0.0,0.3333333432674408,0.0033891585935634794,0.0,0.0,0.0,0.0,0.0,,,,,,,
-0.011378982104361057,imappo,0.0009445541072636843,-0.6717040538787842,0.0006224741580526843,1258.0,,,,,,,,,,,,,,0.33221073691230407,,,,,0.02550632134079933,0.013384965248405933
,imappo,,,,1258.0,0.0,0.0,0.6692483071856259,0.0,0.0,0.0,0.6666666865348816,0.0025816235029196832,0.0,0.0,0.0,0.0,0.0,,,,,,,
-0.018931059166789055,imappo,0.0004939661012031138,-0.8122302889823914,0.0006221740580193398,1259.0,,,,,,,,,,,,,,0.3320773591197066,,,,,0.02507641352713108,0.013392101973295212
,imappo,,,,1259.0,0.0,0.0,0.6696050696955353,0.0,0.0,0.0,0.6666666865348816,0.002938383160653757,0.0,0.0,0.0,0.0,0.0,,,,,,,
0.025132833048701286,imappo,0.0039718663319945335,-2.3940539360046387,0.0006218739579859953,1260.0,,,,,,,,,,,,,,0.331943981327109,,,,,0.03139350190758705,0.0067206514067947865
,imappo,,,,1260.0,0.0,0.0,0.3360325589751483,0.0,0.0,0.0,0.3333333432674408,0.0026992181597051967,0.0,0.0,0.0,0.0,0.0,,,,,,,
0.023923754692077637,imappo,0.0016979544889181852,-1.2845150232315063,0.0006215738579526509,1261.0,,,,,,,,,,,,,,0.33181060353451153,,,,,0.02548636868596077,0.01339041069149971
,imappo,,,,1261.0,0.0,0.0,0.6695205525611527,0.0,0.0,0.0,0.6666666865348816,0.0028538660262711346,0.0,0.0,0.0,0.0,0.0,,,,,,,
0.003686417592689395,imappo,0.001247021253220737,-1.1479532718658447,0.0006212737579193064,1262.0,,,,,,,,,,,,,,0.33167722574191394,,,,,0.029382143169641495,0.013372855260968208
,imappo,,,,1262.0,0.0,0.0,0.6686427364511474,0.0,0.0,0.0,0.6666666865348816,0.0019760201139433775,0.0,0.0,0.0,0.0,0.0,,,,,,,
0.09750284254550934,imappo,0.0024748877622187138,-3.33197283744812,0.000620973657885962,1263.0,,,,,,,,,,,,,,0.33154384794931646,,,,,0.028957601636648178,7.389337406493723e-05
,imappo,,,,1263.0,0.0,0.0,0.0036946686486771796,0.0,0.0,0.0,0.0,0.0036946686486771796,0.0,0.0,0.0,0.0,0.0,,,,,,,
-0.004715616814792156,imappo,0.0007542303064838052,-1.303524374961853,0.0006206735578526176,1264.0,,,,,,,,,,,,,,0.3314104701567189,,,,,0.023262934759259224,0.013391890563070774
,imappo,,,,1264.0,0.0,0.0,0.6695945390711131,0.0,0.0,0.0,0.6666666865348816,0.0029278512847668026,0.0,0.0,0.0,0.0,0.0,,,,,,,
0.15575699508190155,imappo,0.009655281901359558,-3.790642023086548,0.0006203734578192732,1265.0,,,,,,,,,,,,,,0.3312770923641214,,,,,0.03111947327852249,2.4192873752326705e-05
,imappo,,,,1265.0,0.0,0.0,0.0012096437574200536,0.0,0.0,0.0,0.0,0.0012096437574200536,0.0,0.0,0.0,0.0,0.0,,,,,,,
-0.0059181684628129005,imappo,0.0006674277829006314,-0.6943070292472839,0.0006200733577859288,1266.0,,,,,,,,,,,,,,0.3311437145715238,,,,,0.030146535485982895,0.013363737612962723
,imappo,,,,1266.0,0.0,0.0,0.6681868919906151,0.0,0.0,0.0,0.6666666865348816,0.0015202216301872795,0.0,0.0,0.0,0.0,0.0,,,,,,,
-0.006775906775146723,imappo,0.002754498738795519,-3.270514726638794,0.0006197732577525841,1267.0,,,,,,,,,,,,,,0.33101033677892633,,,,,0.026722123846411705,8.017074287636206e-05
,imappo,,,,1267.0,0.0,0.0,0.0040085369710141094,0.0,0.0,0.0,0.0,0.0040085369710141094,0.0,0.0,0.0,0.0,0.0,,,,,,,
-0.0034595001488924026,imappo,0.006786367855966091,-0.5807037353515625,0.0006194731577192397,1268.0,,,,,,,,,,,,,,0.33087695898632874,,,,,0.026351261883974075,6.812957872170955e-05
,imappo,,,,1268.0,0.0,0.0,0.0034064786118506163,0.0,0.0,0.0,0.0,0.0034064786118506163,0.0,0.0,0.0,0.0,0.0,,,,,,,
0.01044764369726181,imappo,0.004216110333800316,-1.3537418842315674,0.0006191730576858953,1269.0,,,,,,,,,,,,,,0.33074358119373126,,,,,0.02823624201118946,0.01337410882115364
,imappo,,,,1269.0,0.0,0.0,0.6687054387421085,0.0,0.0,0.0,0.6666666865348816,0.0020388255343277706,0.0,0.0,0.0,0.0,0.0,,,,,,,
0.022539282217621803,imappo,0.0012745565036311746,-2.976886510848999,0.0006188729576525509,1270.0,,,,,,,,,,,,,,0.3306102034011337,,,,,0.03358007222414017,1.489650549046928e-05
,imappo,,,,1270.0,0.0,0.0,0.0007448253131769889,0.0,0.0,0.0,0.0,0.0007448253131769889,0.0,0.0,0.0,0.0,0.0,,,,,,,
0.04239198565483093,imappo,0.0008595131221227348,-3.453354835510254,0.0006185728576192064,1271.0,,,,,,,,,,,,,,0.3304768256085362,,,,,0.024033445864915848,9.015168325277045e-05
,imappo,,,,1271.0,0.0,0.0,0.0045075836569594685,0.0,0.0,0.0,0.0,0.0045075836569594685,0.0,0.0,0.0,0.0,0.0,,,,,,,
0.05226664990186691,imappo,0.0025121390353888273,-1.054771900177002,0.000618272757585862,1272.0,,,,,,,,,,,,,,0.3303434478159386,,,,,0.02582288719713688,0.013384707272052765
,imappo,,,,1272.0,0.0,0.0,0.6692353188645939,0.0,0.0,0.0,0.6666666865348816,0.0025686323297122726,0.0,0.0,0.0,0.0,0.0,,,,,,,
0.19207026064395905,imappo,0.001546124811284244,-3.907196521759033,0.0006179726575525175,1273.0,,,,,,,,,,,,,,0.33021007002334113,,,,,0.03147447481751442,5.3485226089833304e-05
,imappo,,,,1273.0,0.0,0.0,0.0026742614736576797,0.0,0.0,0.0,0.0,0.0026742614736576797,0.0,0.0,0.0,0.0,0.0,,,,,,,
0.0025178526993840933,imappo,0.003176235593855381,-0.48042216897010803,0.0006176725575191731,1274.0,,,,,,,,,,,,,,0.33007669223074354,,,,,0.029246089980006218,0.013379856012761593
,imappo,,,,1274.0,0.0,0.0,0.6689928170162602,0.0,0.0,0.0,0.6666666865348816,0.002326127920241561,0.0,0.0,0.0,0.0,0.0,,,,,,,
0.18349513411521912,imappo,0.0002663997875060886,-3.981752872467041,0.0006173724574858287,1275.0,,,,,,,,,,,,,,0.32994331443814606,,,,,0.028713811188936234,6.060089071979746e-05
,imappo,,,,1275.0,0.0,0.0,0.0030300443631858798,0.0,0.0,0.0,0.0,0.0030300443631858798,0.0,0.0,0.0,0.0,0.0,,,,,,,
0.027340548112988472,imappo,0.0006833935622125864,-1.8749332427978516,0.0006170723574524843,1276.0,,,,,,,,,,,,,,0.3298099366455485,,,,,0.03059440106153488,0.013380246236920357
,imappo,,,,1276.0,0.0,0.0,0.6690122523068567,0.0,0.0,0.0,0.6666666865348816,0.00234554561029654,0.0,0.0,0.0,0.0,0.0,,,,,,,
0.055839695036411285,imappo,0.0005961517454124987,-3.906986951828003,0.0006167722574191397,1277.0,,,,,,,,,,,,,,0.329676558852951,,,,,0.03142663091421127,3.933320112992078e-05
,imappo,,,,1277.0,0.0,0.0,0.0019666601092467317,0.0,0.0,0.0,0.0,0.0019666601092467317,0.0,0.0,0.0,0.0,0.0,,,,,,,
-0.002621773397549987,imappo,0.008468545973300934,-0.6457052230834961,0.0006164721573857952,1278.0,,,,,,,,,,,,,,0.3295431810603534,,,,,0.020689090713858604,7.754225953249261e-05
,imappo,,,,1278.0,0.0,0.0,0.0038771132931287866,0.0,0.0,0.0,0.0,0.0038771132931287866,0.0,0.0,0.0,0.0,0.0,,,,,,,
0.05105139687657356,imappo,0.0013281424762681127,-3.09131121635437,0.0006161720573524508,1279.0,,,,,,,,,,,,,,0.32940980326775593,,,,,0.030876152217388153,2.1391029804362915e-05
,imappo,,,,1279.0,0.0,0.0,0.0010695513911969101,0.0,0.0,0.0,0.0,0.0010695513911969101,0.0,0.0,0.0,0.0,0.0,,,,,,,
0.01792113110423088,imappo,0.0014890286838635802,-3.281162977218628,0.0006158719573191064,1280.0,,,,,,,,,,,,,,0.32927642547515834,,,,,0.031341128051280975,3.4621803933987394e-05
,imappo,,,,1280.0,0.0,0.0,0.0017310902038474296,0.0,0.0,0.0,0.0,0.0017310902038474296,0.0,0.0,0.0,0.0,0.0,,,,,,,
0.006476480048149824,imappo,0.0006534567219205201,-2.838196277618408,0.000615571857285762,1281.0,,,,,,,,,,,,,,0.32914304768256086,,,,,0.029415380209684372,2.775938992272131e-05
,imappo,,,,1281.0,0.0,0.0,0.001387969466350114,0.0,0.0,0.0,0.0,0.001387969466350114,0.0,0.0,0.0,0.0,0.0,,,,,,,
0.00713217630982399,imappo,0.00025242677656933665,-2.814301013946533,0.0006152717572524175,1282.0,,,,,,,,,,,,,,0.3290096698899633,,,,,0.0278153195977211,3.34926116920542e-05
,imappo,,,,1282.0,0.0,0.0,0.0016746304977459658,0.0,0.0,0.0,0.0,0.0016746304977459658,0.0,0.0,0.0,0.0,0.0,,,,,,,
0.03996388986706734,imappo,0.00017238775035366416,-4.065773010253906,0.0006149716572190731,1283.0,,,,,,,,,,,,,,0.3288762920973658,,,,,0.027753198519349098,4.73264699394349e-05
,imappo,,,,1283.0,0.0,0.0,0.0023663235660933424,0.0,0.0,0.0,0.0,0.0023663235660933424,0.0,0.0,0.0,0.0,0.0,,,,,,,
0.05980098620057106,imappo,0.0006807832978665829,-1.6083300113677979,0.0006146715571857286,1284.0,,,,,,,,,,,,,,0.3287429143047682,,,,,0.028936974704265594,0.013376559130847454
,imappo,,,,1284.0,0.0,0.0,0.6688279971322117,0.0,0.0,0.0,0.6666666865348816,0.0021612729660773766,0.0,0.0,0.0,0.0,0.0,,,,,,,
0.1420001983642578,imappo,0.00027952127857133746,-3.662534236907959,0.0006143714571523841,1285.0,,,,,,,,,,,,,,0.32860953651217073,,,,,0.02544403076171875,4.646163506549783e-05
,imappo,,,,1285.0,0.0,0.0,0.0023230818142110365,0.0,0.0,0.0,0.0,0.0023230818142110365,0.0,0.0,0.0,0.0,0.0,,,,,,,
0.1255117654800415,imappo,6.588867836399004e-05,-3.673065185546875,0.0006140713571190397,1286.0,,,,,,,,,,,,,,0.32847615871957314,,,,,0.032737549394369125,5.79501866013743e-05
,imappo,,,,1286.0,0.0,0.0,0.0028975094464840367,0.0,0.0,0.0,0.0,0.0028975094464840367,0.0,0.0,0.0,0.0,0.0,,,,,,,
0.012025254778563976,imappo,0.00047968904254958034,-0.5707874298095703,0.0006137712570856953,1287.0,,,,,,,,,,,,,,0.32834278092697566,,,,,0.029718032106757164,0.013385805301368237
,imappo,,,,1287.0,0.0,0.0,0.6692902049708209,0.0,0.0,0.0,0.6666666865348816,0.0026235401983285556,0.0,0.0,0.0,0.0,0.0,,,,,,,
0.08460087329149246,imappo,0.0006421246216632426,-4.040861129760742,0.0006134711570523508,1288.0,,,,,,,,,,,,,,0.3282094031343781,,,,,0.03366033732891083,5.6099019275279716e-05
,imappo,,,,1288.0,0.0,0.0,0.0028049510256096255,0.0,0.0,0.0,0.0,0.0028049510256096255,0.0,0.0,0.0,0.0,0.0,,,,,,,
0.16560502350330353,imappo,0.0005311438580974936,-4.687799453735352,0.0006131710570190063,1289.0,,,,,,,,,,,,,,0.3280760253417806,,,,,0.032509639859199524,2.5336072212667204e-05
,imappo,,,,1289.0,0.0,0.0,0.0012668035577121373,0.0,0.0,0.0,0.0,0.0012668035577121373,0.0,0.0,0.0,0.0,0.0,,,,,,,
0.00391811691224575,imappo,0.0011116113746538758,-1.623839020729065,0.0006128709569856619,1290.0,,,,,,,,,,,,,,0.327942647549183,,,,,0.025952458381652832,0.013394488021731377
,imappo,,,,1290.0,0.0,0.0,0.6697244802289788,0.0,0.0,0.0,0.6666666865348816,0.003057823496419587,0.0,0.0,0.0,0.0,0.0,,,,,,,
-0.0017591966316103935,imappo,0.0004257015243638307,-0.9611852765083313,0.0006125708569523175,1291.0,,,,,,,,,,,,,,0.32780926975658553,,,,,0.028760861605405807,0.013380127027630806
,imappo,,,,1291.0,0.0,0.0,0.6690063963651482,0.0,0.0,0.0,0.6666666865348816,0.0023397274999297224,0.0,0.0,0.0,0.0,0.0,,,,,,,
0.0475710928440094,imappo,0.00018608827667776495,-4.0672221183776855,0.0006122707569189731,1292.0,,,,,,,,,,,,,,0.32767589196398794,,,,,0.025699744001030922,6.561665941262618e-05
,imappo,,,,1292.0,0.0,0.0,0.0032808330724947155,0.0,0.0,0.0,0.0,0.0032808330724947155,0.0,0.0,0.0,0.0,0.0,,,,,,,
0.018719352781772614,imappo,0.0006329799653030932,-1.5727479457855225,0.0006119706568856286,1293.0,,,,,,,,,,,,,,0.32754251417139046,,,,,0.02903747372329235,0.013378093019127846
,imappo,,,,1293.0,0.0,0.0,0.668904620801186,0.0,0.0,0.0,0.6666666865348816,0.0022379252050086507,0.0,0.0,0.0,0.0,0.0,,,,,,,
0.01608484797179699,imappo,0.0008966319728642702,-1.1422582864761353,0.0006116705568522841,1294.0,,,,,,,,,,,,,,0.32740913637879293,,,,,0.025660239160060883,0.013393028639256954
,imappo,,,,1294.0,0.0,0.0,0.6696514138793646,0.0,0.0,0.0,0.6666666865348816,0.0029847469022570294,0.0,0.0,0.0,0.0,0.0,,,,,,,
0.02915579080581665,imappo,0.0006927694194018841,-2.6465137004852295,0.0006113704568189396,1295.0,,,,,,,,,,,,,,0.3272757585861954,,,,,0.02879512496292591,3.605770325521007e-05
,imappo,,,,1295.0,0.0,0.0,0.001802885084771333,0.0,0.0,0.0,0.0,0.001802885084771333,0.0,0.0,0.0,0.0,0.0,,,,,,,
0.028697626665234566,imappo,0.0009027265477925539,-0.9147505760192871,0.0006110703567855952,1296.0,,,,,,,,,,,,,,0.32714238079359786,,,,,0.02902204915881157,0.013386155478656292
,imappo,,,,1296.0,0.0,0.0,0.669307807243058,0.0,0.0,0.0,0.6666666865348816,0.0026411145236124867,0.0,0.0,0.0,0.0,0.0,,,,,,,
0.014857776463031769,imappo,0.0002427798171993345,-1.0892380475997925,0.0006107702567522508,1297.0,,,,,,,,,,,,,,0.32700900300100033,,,,,0.023661814630031586,0.01339796744287014
,imappo,,,,1297.0,0.0,0.0,0.6698983523911011,0.0,0.0,0.0,0.6666666865348816,0.0032316922824975336,0.0,0.0,0.0,0.0,0.0,,,,,,,
0.03142593801021576,imappo,0.0003301582473795861,-4.354522228240967,0.0006104701567189064,1298.0,,,,,,,,,,,,,,0.3268756252084028,,,,,0.02388945408165455,7.915881724329665e-05
,imappo,,,,1298.0,0.0,0.0,0.003957940967666218,0.0,0.0,0.0,0.0,0.003957940967666218,0.0,0.0,0.0,0.0,0.0,,,,,,,
0.0004297910491004586,imappo,0.0013850918039679527,-2.720447301864624,0.0006101700566855619,1299.0,,,,,,,,,,,,,,0.32674224741580526,,,,,0.02744387462735176,3.9613423723494634e-05
,imappo,,,,1299.0,0.0,0.0,0.0019806714344667853,0.0,0.0,0.0,0.0,0.0019806714344667853,0.0,0.0,0.0,0.0,0.0,,,,,,,
,imappo,,,,1299.0,,,,,,,,,,,,,,,0.0,0.0,0.0,0.0,,
0.004060412757098675,imappo,0.0005673039122484624,-2.656822919845581,0.0006098699566522174,1300.0,,,,,,,,,,,,,,0.32660886962320773,,,,,0.03491785004734993,4.6985307562863454e-05
,imappo,,,,1300.0,0.0,0.0,0.0023492656810049084,0.0,0.0,0.0,0.0,0.0023492656810049084,0.0,0.0,0.0,0.0,0.0,,,,,,,
0.13759979605674744,imappo,0.00043839708087034523,-4.2444658279418945,0.000609569856618873,1301.0,,,,,,,,,,,,,,0.3264754918306102,,,,,0.029336847364902496,4.290252400096506e-05
,imappo,,,,1301.0,0.0,0.0,0.0021451262346090516,0.0,0.0,0.0,0.0,0.0021451262346090516,0.0,0.0,0.0,0.0,0.0,,,,,,,
0.0030712548177689314,imappo,0.006060874555259943,-1.0394634008407593,0.0006092697565855286,1302.0,,,,,,,,,,,,,,0.32634211403801267,,,,,0.02863648533821106,0.013381315395236015
,imappo,,,,1302.0,0.0,0.0,0.6690657730970031,0.0,0.0,0.0,0.6666666865348816,0.0023991163644438984,0.0,0.0,0.0,0.0,0.0,,,,,,,
0.07739037275314331,imappo,0.0005076171946711838,-3.3432936668395996,0.0006089696565521842,1303.0,,,,,,,,,,,,,,0.32620873624541513,,,,,0.03062349185347557,4.281399378669448e-05
,imappo,,,,1303.0,0.0,0.0,0.0021406996847872506,0.0,0.0,0.0,0.0,0.0021406996847872506,0.0,0.0,0.0,0.0,0.0,,,,,,,
0.023399459198117256,imappo,0.0031104236841201782,-2.869507074356079,0.0006086695565188396,1304.0,,,,,,,,,,,,,,0.3260753584528176,,,,,0.030018460005521774,0.006724332459270954
,imappo,,,,1304.0,0.0,0.0,0.33621662776567973,0.0,0.0,0.0,0.3333333432674408,0.0028832927928306162,0.0,0.0,0.0,0.0,0.0,,,,,,,
0.08248884230852127,imappo,0.0014952635392546654,-1.713589072227478,0.0006083694564854951,1305.0,,,,,,,,,,,,,,0.32594198066022007,,,,,0.02388792298734188,0.013401209376752377
,imappo,,,,1305.0,0.0,0.0,0.6700604568504787,0.0,0.0,0.0,0.6666666865348816,0.0033937703155970667,0.0,0.0,0.0,0.0,0.0,,,,,,,
0.02383771724998951,imappo,0.00030096789123490453,-1.1670567989349365,0.0006080693564521507,1306.0,,,,,,,,,,,,,,0.32580860286762253,,,,,0.02716343104839325,0.01338353380560875
,imappo,,,,1306.0,0.0,0.0,0.66917672521231,0.0,0.0,0.0,0.6666666865348816,0.0025100592647504527,0.0,0.0,0.0,0.0,0.0,,,,,,,
-0.003367698285728693,imappo,0.0008971337229013443,-1.735596776008606,0.0006077692564188063,1307.0,,,,,,,,,,,,,,0.325675225075025,,,,,0.028110109269618988,0.013378863222897053
,imappo,,,,1307.0,0.0,0.0,0.6689431464097879,0.0,0.0,0.0,0.6666666865348816,0.002276475609164663,0.0,0.0,0.0,0.0,0.0,,,,,,,
0.0020376439206302166,imappo,0.0012124479981139302,-1.5706589221954346,0.0006074691563854619,1308.0,,,,,,,,,,,,,,0.32554184728242747,,,,,0.03702177107334137,0.013361087068915367
,imappo,,,,1308.0,0.0,0.0,0.6680543124176523,0.0,0.0,0.0,0.6666666865348816,0.0013876394742595721,0.0,0.0,0.0,0.0,0.0,,,,,,,
0.015765078365802765,imappo,0.0007733345264568925,-1.3494350910186768,0.0006071690563521174,1309.0,,,,,,,,,,,,,,0.32540846948982993,,,,,0.0317155122756958,0.01338245254009962
,imappo,,,,1309.0,0.0,0.0,0.669122646895687,0.0,0.0,0.0,0.6666666865348816,0.0024559603608054204,0.0,0.0,0.0,0.0,0.0,,,,,,,
0.009716145694255829,imappo,0.0010003413772210479,-2.947140693664551,0.000606868956318773,1310.0,,,,,,,,,,,,,,0.3252750916972324,,,,,0.032792918384075165,4.288365016691387e-05
,imappo,,,,1310.0,0.0,0.0,0.0021441824683279265,0.0,0.0,0.0,0.0,0.0021441824683279265,0.0,0.0,0.0,0.0,0.0,,,,,,,
0.014378497377038002,imappo,0.005093539133667946,-1.8019907474517822,0.0006065688562854285,1311.0,,,,,,,,,,,,,,0.32514171390463487,,,,,0.02748560905456543,0.013377859257161617
,imappo,,,,1311.0,0.0,0.0,0.6688929204501619,0.0,0.0,0.0,0.6666666865348816,0.002226227973551431,0.0,0.0,0.0,0.0,0.0,,,,,,,
0.00822499766945839,imappo,0.0002457111841067672,-1.5488817691802979,0.000606268756252084,1312.0,,,,,,,,,,,,,,0.32500833611203733,,,,,0.027222830802202225,0.013390321284532547
,imappo,,,,1312.0,0.0,0.0,0.6695160619547096,0.0,0.0,0.0,0.6666666865348816,0.0028493755798990605,0.0,0.0,0.0,0.0,0.0,,,,,,,
-0.005456272978335619,imappo,0.0004501901858020574,-1.1943538188934326,0.0006059686562187396,1313.0,,,,,,,,,,,,,,0.3248749583194398,,,,,0.027383677661418915,0.013394070789217949
,imappo,,,,1313.0,0.0,0.0,0.6697035699726257,0.0,0.0,0.0,0.6666666865348816,0.003036849302588962,0.0,0.0,0.0,0.0,0.0,,,,,,,
0.003671417711302638,imappo,0.0004929446149617434,-1.1937828063964844,0.0006056685561853952,1314.0,,,,,,,,,,,,,,0.32474158052684227,,,,,0.026269208639860153,0.013392955996096134
,imappo,,,,1314.0,0.0,0.0,0.6696477187961136,0.0,0.0,0.0,0.6666666865348816,0.002981040177473915,0.0,0.0,0.0,0.0,0.0,,,,,,,
-0.012063855305314064,imappo,0.0006706147687509656,-1.2647219896316528,0.0006053684561520507,1315.0,,,,,,,,,,,,,,0.32460820273424473,,,,,0.024264715611934662,0.013405870646238327
,imappo,,,,1315.0,0.0,0.0,0.6702934910736076,0.0,0.0,0.0,0.6666666865348816,0.0036268343410483794,0.0,0.0,0.0,0.0,0.0,,,,,,,
-0.01026229839771986,imappo,0.0031821662560105324,-3.2260477542877197,0.0006050683561187062,1316.0,,,,,,,,,,,,,,0.3244748249416472,,,,,0.02628342993557453,6.345925066852942e-05
,imappo,,,,1316.0,0.0,0.0,0.003172962344251573,0.0,0.0,0.0,0.0,0.003172962344251573,0.0,0.0,0.0,0.0,0.0,,,,,,,
-5.2727991715073586e-05,imappo,0.002511506900191307,-1.255149483680725,0.0006047682560853618,1317.0,,,,,,,,,,,,,,0.32434144714904967,,,,,0.027290642261505127,0.006742486730217934
,imappo,,,,1317.0,0.0,0.0,0.33712435704728705,0.0,0.0,0.0,0.3333333432674408,0.003790994920564117,0.0,0.0,0.0,0.0,0.0,,,,,,,
0.017747437581419945,imappo,0.00281925150193274,-1.2413110733032227,0.0006044681560520174,1318.0,,,,,,,,,,,,,,0.32420806935645213,,,,,0.03125405311584473,0.013381749391555786
,imappo,,,,1318.0,0.0,0.0,0.6690874843925485,0.0,0.0,0.0,0.6666666865348816,0.002420797857666912,0.0,0.0,0.0,0.0,0.0,,,,,,,
0.03001996874809265,imappo,0.0013792339013889432,-3.1081197261810303,0.000604168056018673,1319.0,,,,,,,,,,,,,,0.3240746915638546,,,,,0.03037131577730179,5.673264604411088e-05
,imappo,,,,1319.0,0.0,0.0,0.002836632625985658,0.0,0.0,0.0,0.0,0.002836632625985658,0.0,0.0,0.0,0.0,0.0,,,,,,,
0.012064309790730476,imappo,0.0040894197300076485,-1.7431144714355469,0.0006038679559853285,1320.0,,,,,,,,,,,,,,0.32394131377125707,,,,,0.02374371513724327,7.758347783237696e-05
,imappo,,,,1320.0,0.0,0.0,0.0038791739443695405,0.0,0.0,0.0,0.0,0.0038791739443695405,0.0,0.0,0.0,0.0,0.0,,,,,,,
0.027811143547296524,imappo,0.00031275994842872024,-4.058278560638428,0.000603567855951984,1321.0,,,,,,,,,,,,,,0.32380793597865953,,,,,0.01852290704846382,7.556672062491998e-05
,imappo,,,,1321.0,0.0,0.0,0.0037783357092848746,0.0,0.0,0.0,0.0,0.0037783357092848746,0.0,0.0,0.0,0.0,0.0,,,,,,,
0.004028598312288523,imappo,0.009540126658976078,-1.3005001544952393,0.0006032677559186395,1322.0,,,,,,,,,,,,,,0.323674558186062,,,,,0.0290850680321455,0.013360397890210152
,imappo,,,,1322.0,0.0,0.0,0.668019937026429,0.0,0.0,0.0,0.6666666865348816,0.0013532732361909439,0.0,0.0,0.0,0.0,0.0,,,,,,,
0.006474485620856285,imappo,0.0034331721253693104,-1.6279841661453247,0.0006029676558852951,1323.0,,,,,,,,,,,,,,0.32354118039346447,,,,,0.0324496254324913,0.013364848680794239
,imappo,,,,1323.0,0.0,0.0,0.6682424318178164,0.0,0.0,0.0,0.6666666865348816,0.0015757750852571917,0.0,0.0,0.0,0.0,0.0,,,,,,,
-0.007083824370056391,imappo,0.003000801196321845,-0.7020575404167175,0.0006026675558519507,1324.0,,,,,,,,,,,,,,0.32340780260086693,,,,,0.0306233000010252,0.013379602693021297
,imappo,,,,1324.0,0.0,0.0,0.6689801279223957,0.0,0.0,0.0,0.6666666865348816,0.002313451995860305,0.0,0.0,0.0,0.0,0.0,,,,,,,
0.06043122708797455,imappo,0.0012952960096299648,-3.316744804382324,0.0006023674558186063,1325.0,,,,,,,,,,,,,,0.3232744248082694,,,,,0.02816709131002426,4.6201254008337855e-05
,imappo,,,,1325.0,0.0,0.0,0.0023100627686289954,0.0,0.0,0.0,0.0,0.0023100627686289954,0.0,0.0,0.0,0.0,0.0,,,,,,,
-0.0037232707254588604,imappo,0.007031476590782404,-1.3201117515563965,0.0006020673557852618,1326.0,,,,,,,,,,,,,,0.3231410470156719,,,,,0.022091880440711975,0.006762930657714605
,imappo,,,,1326.0,0.0,0.0,0.33814654459274607,0.0,0.0,0.0,0.3333333432674408,0.004813198996998835,0.0,0.0,0.0,0.0,0.0,,,,,,,
0.0037380014546215534,imappo,0.002726696664467454,-4.007641792297363,0.0006017672557519173,1327.0,,,,,,,,,,,,,,0.32300766922307433,,,,,0.029879393056035042,7.44381541153416e-05
,imappo,,,,1327.0,0.0,0.0,0.0037219078694761265,0.0,0.0,0.0,0.0,0.0037219078694761265,0.0,0.0,0.0,0.0,0.0,,,,,,,
0.007883480750024319,imappo,0.0013508684933185577,-1.1839038133621216,0.0006014671557185729,1328.0,,,,,,,,,,,,,,0.32287429143047686,,,,,0.029619570821523666,0.013382459059357643
,imappo,,,,1328.0,0.0,0.0,0.6691229883249434,0.0,0.0,0.0,0.6666666865348816,0.0024562955036344647,0.0,0.0,0.0,0.0,0.0,,,,,,,
0.1419171243906021,imappo,0.001087642041966319,-1.8069409132003784,0.0006011670556852285,1329.0,,,,,,,,,,,,,,0.32274091363787927,,,,,0.026650872081518173,0.013387287966907024
,imappo,,,,1329.0,0.0,0.0,0.6693644688236873,0.0,0.0,0.0,0.6666666865348816,0.0026977822888056835,0.0,0.0,0.0,0.0,0.0,,,,,,,
0.02143562026321888,imappo,0.0005373423337005079,-2.6464879512786865,0.000600866955651884,1330.0,,,,,,,,,,,,,,0.3226075358452818,,,,,0.028179969638586044,4.064403401571326e-05
,imappo,,,,1330.0,0.0,0.0,0.0020322017616294374,0.0,0.0,0.0,0.0,0.0020322017616294374,0.0,0.0,0.0,0.0,0.0,,,,,,,
0.05791623517870903,imappo,0.0021805132273584604,-3.419078826904297,0.0006005668556185395,1331.0,,,,,,,,,,,,,,0.3224741580526842,,,,,0.026463259011507034,0.006743546575307846
,imappo,,,,1331.0,0.0,0.0,0.3371773355765981,0.0,0.0,0.0,0.3333333432674408,0.003844004864959061,0.0,0.0,0.0,0.0,0.0,,,,,,,
0.028015967458486557,imappo,0.001635602442547679,-1.9234567880630493,0.0006002667555851951,1332.0,,,,,,,,,,,,,,0.3223407802600867,,,,,0.029865913093090057,0.01337635051459074
,imappo,,,,1332.0,0.0,0.0,0.6688174856310525,0.0,0.0,0.0,0.6666666865348816,0.0021507972262497788,0.0,0.0,0.0,0.0,0.0,,,,,,,
0.02123066782951355,imappo,0.0002978570119012147,-1.6036195755004883,0.0005999666555518506,1333.0,,,,,,,,,,,,,,0.32220740246748913,,,,,0.029749756678938866,0.01337971817702055
,imappo,,,,1333.0,0.0,0.0,0.6689859061111747,0.0,0.0,0.0,0.6666666865348816,0.00231914771893571,0.0,0.0,0.0,0.0,0.0,,,,,,,
0.002971750684082508,imappo,0.0012672512093558908,-4.092737197875977,0.0005996665555185062,1334.0,,,,,,,,,,,,,,0.32207402467489166,,,,,0.015421871095895767,6.118340388638899e-05
,imappo,,,,1334.0,0.0,0.0,0.00305916996421729,0.0,0.0,0.0,0.0,0.00305916996421729,0.0,0.0,0.0,0.0,0.0,,,,,,,
-0.00692874426022172,imappo,0.0007592574693262577,-1.296011209487915,0.0005993664554851618,1335.0,,,,,,,,,,,,,,0.32194064688229407,,,,,0.02664545737206936,0.013401700183749199
,imappo,,,,1335.0,0.0,0.0,0.6700850331271795,0.0,0.0,0.0,0.6666666865348816,0.003418409391088062,0.0,0.0,0.0,0.0,0.0,,,,,,,
0.009802866727113724,imappo,0.0006038981955498457,-1.5938814878463745,0.0005990663554518174,1336.0,,,,,,,,,,,,,,0.3218072690896966,,,,,0.029488427564501762,0.013391201384365559
,imappo,,,,1336.0,0.0,0.0,0.669560077195456,0.0,0.0,0.0,0.6666666865348816,0.0028933963067174773,0.0,0.0,0.0,0.0,0.0,,,,,,,
0.029044324532151222,imappo,0.0002722673525568098,-2.019047737121582,0.0005987662554184728,1337.0,,,,,,,,,,,,,,0.321673891297099,,,,,0.0324854701757431,0.013366776518523693
,imappo,,,,1337.0,0.0,0.0,0.6683388170015405,0.0,0.0,0.0,0.6666666865348816,0.0016721599197353498,0.0,0.0,0.0,0.0,0.0,,,,,,,
0.021083418279886246,imappo,0.0002358246420044452,-1.2810701131820679,0.0005984661553851283,1338.0,,,,,,,,,,,,,,0.3215405135045015,,,,,0.02482428401708603,0.0133999427780509
,imappo,,,,1338.0,0.0,0.0,0.6699971346261009,0.0,0.0,0.0,0.6666666865348816,0.0033305149136140244,0.0,0.0,0.0,0.0,0.0,,,,,,,
0.02667396515607834,imappo,0.001263348152860999,-3.5555856227874756,0.0005981660553517839,1339.0,,,,,,,,,,,,,,0.32140713571190394,,,,,0.032599616795778275,4.893542791251093e-05
,imappo,,,,1339.0,0.0,0.0,0.002446771230950162,0.0,0.0,0.0,0.0,0.002446771230950162,0.0,0.0,0.0,0.0,0.0,,,,,,,
0.004939481150358915,imappo,0.0003571374109014869,-1.2220264673233032,0.0005978659553184395,1340.0,,,,,,,,,,,,,,0.32127375791930646,,,,,0.027581706643104553,0.013372374698519707
,imappo,,,,1340.0,0.0,0.0,0.6686186321849164,0.0,0.0,0.0,0.6666666865348816,0.0019519536899679224,0.0,0.0,0.0,0.0,0.0,,,,,,,
0.008067726157605648,imappo,0.0005182139575481415,-0.7515736222267151,0.0005975658552850951,1341.0,,,,,,,,,,,,,,0.32114038012670887,,,,,0.02996225655078888,0.013384802266955376
,imappo,,,,1341.0,0.0,0.0,0.6692401506570604,0.0,0.0,0.0,0.6666666865348816,0.002573473930169712,0.0,0.0,0.0,0.0,0.0,,,,,,,
-0.009394410997629166,imappo,0.0039101894944906235,-2.723952293395996,0.0005972657552517506,1342.0,,,,,,,,,,,,,,0.3210070023341114,,,,,0.02950276806950569,0.00672156410291791
,imappo,,,,1342.0,0.0,0.0,0.33607819297003516,0.0,0.0,0.0,0.3333333432674408,0.0027448497025943652,0.0,0.0,0.0,0.0,0.0,,,,,,,
-0.003521912731230259,imappo,0.0031192523892968893,-1.8087892532348633,0.0005969656552184062,1343.0,,,,,,,,,,,,,,0.3208736245415138,,,,,0.031874239444732666,0.013375801965594292
,imappo,,,,1343.0,0.0,0.0,0.6687901151146889,0.0,0.0,0.0,0.6666666865348816,0.0021233861245946173,0.0,0.0,0.0,0.0,0.0,,,,,,,
0.00796187948435545,imappo,0.0014772642171010375,-1.4113060235977173,0.0005966655551850617,1344.0,,,,,,,,,,,,,,0.3207402467489163,,,,,0.03199879825115204,0.013358021154999733
,imappo,,,,1344.0,0.0,0.0,0.6679009931949693,0.0,0.0,0.0,0.6666666865348816,0.0012342908276039566,0.0,0.0,0.0,0.0,0.0,,,,,,,
-0.014784766361117363,imappo,0.0011332728900015354,-0.6848629117012024,0.0005963654551517173,1345.0,,,,,,,,,,,,,,0.32060686895631874,,,,,0.027272231876850128,0.013400346972048283
,imappo,,,,1345.0,0.0,0.0,0.6700174248180701,0.0,0.0,0.0,0.6666666865348816,0.0033507191328681074,0.0,0.0,0.0,0.0,0.0,,,,,,,
0.007294144481420517,imappo,0.00015131257532630116,-1.1199095249176025,0.0005960653551183729,1346.0,,,,,,,,,,,,,,0.32047349116372126,,,,,0.02551192417740822,0.01340746320784092
,imappo,,,,1346.0,0.0,0.0,0.6703731721473218,0.0,0.0,0.0,0.6666666865348816,0.0037064856124402468,0.0,0.0,0.0,0.0,0.0,,,,,,,
0.00960479024797678,imappo,0.0007524753455072641,-1.4410678148269653,0.0005957652550850285,1347.0,,,,,,,,,,,,,,0.32034011337112367,,,,,0.03220219165086746,0.013365000486373901
,imappo,,,,1347.0,0.0,0.0,0.6682500736048667,0.0,0.0,0.0,0.6666666865348816,0.00158341447124144,0.0,0.0,0.0,0.0,0.0,,,,,,,
-0.0058469572104513645,imappo,9.669542487245053e-05,-1.099788784980774,0.0005954651550516838,1348.0,,,,,,,,,,,,,,0.3202067355785262,,,,,0.02692057378590107,0.013380817137658596
,imappo,,,,1348.0,0.0,0.0,0.6690407638266151,0.0,0.0,0.0,0.6666666865348816,0.0023741046870782156,0.0,0.0,0.0,0.0,0.0,,,,,,,
0.051726263016462326,imappo,0.006827016361057758,-3.0128841400146484,0.0005951650550183394,1349.0,,,,,,,,,,,,,,0.3200733577859286,,,,,0.029495272785425186,3.5692210076376796e-05
,imappo,,,,1349.0,0.0,0.0,0.0017846103351502052,0.0,0.0,0.0,0.0,0.0017846103351502052,0.0,0.0,0.0,0.0,0.0,,,,,,,
0.0017750312108546495,imappo,0.0012247276026755571,-2.887845754623413,0.000594864954984995,1350.0,,,,,,,,,,,,,,0.3199399799933311,,,,,0.028280334547162056,5.732836143579334e-05
,imappo,,,,1350.0,0.0,0.0,0.002866418175472063,0.0,0.0,0.0,0.0,0.002866418175472063,0.0,0.0,0.0,0.0,0.0,,,,,,,
0.006957239005714655,imappo,0.002331742085516453,-2.236255407333374,0.0005945648549516506,1351.0,,,,,,,,,,,,,,0.31980660220073354,,,,,0.03213056921958923,0.006727912928909063
,imappo,,,,1351.0,0.0,0.0,0.33639564610621164,0.0,0.0,0.0,0.3333333432674408,0.0030622982694694656,0.0,0.0,0.0,0.0,0.0,,,,,,,
0.09930180013179779,imappo,0.0010921895736828446,-3.6685705184936523,0.0005942647549183061,1352.0,,,,,,,,,,,,,,0.31967322440813606,,,,,0.012049751356244087,7.002523489063606e-05
,imappo,,,,1352.0,0.0,0.0,0.003501261555811652,0.0,0.0,0.0,0.0,0.003501261555811652,0.0,0.0,0.0,0.0,0.0,,,,,,,
0.011346610262989998,imappo,0.0025146270636469126,-3.702191114425659,0.0005939646548849617,1353.0,,,,,,,,,,,,,,0.31953984661553847,,,,,0.02900812029838562,8.488193270750344e-05
,imappo,,,,1353.0,0.0,0.0,0.004244096980983159,0.0,0.0,0.0,0.0,0.004244096980983159,0.0,0.0,0.0,0.0,0.0,,,,,,,
0.0006067268550395966,imappo,0.005673849489539862,-1.0050712823867798,0.0005936645548516172,1354.0,,,,,,,,,,,,,,0.319406468822941,,,,,0.030115945264697075,0.013381983153522015
,imappo,,,,1354.0,0.0,0.0,0.6690990921110824,0.0,0.0,0.0,0.6666666865348816,0.0024324055762008356,0.0,0.0,0.0,0.0,0.0,,,,,,,
0.010329676792025566,imappo,0.002069947076961398,-3.6232926845550537,0.0005933644548182728,1355.0,,,,,,,,,,,,,,0.3192730910303434,,,,,0.0259149968624115,9.137897723121569e-05
,imappo,,,,1355.0,0.0,0.0,0.004568948770611314,0.0,0.0,0.0,0.0,0.004568948770611314,0.0,0.0,0.0,0.0,0.0,,,,,,,
-0.0045633818954229355,imappo,0.005500752944499254,-0.9416561722755432,0.0005930643547849283,1356.0,,,,,,,,,,,,,,0.3191397132377459,,,,,0.028727054595947266,0.013380949385464191
,imappo,,,,1356.0,0.0,0.0,0.669047517906165,0.0,0.0,0.0,0.6666666865348816,0.0023808125120012846,0.0,0.0,0.0,0.0,0.0,,,,,,,
0.0036582129541784525,imappo,0.011902382597327232,-1.3313477039337158,0.0005927642547515839,1357.0,,,,,,,,,,,,,,0.31900633544514834,,,,,0.030032509937882423,0.013396617956459522
,imappo,,,,1357.0,0.0,0.0,0.6698309519015311,0.0,0.0,0.0,0.6666666865348816,0.003164279452903429,0.0,0.0,0.0,0.0,0.0,,,,,,,
0.0005398935172706842,imappo,0.004390401300042868,-2.6913957595825195,0.0005924641547182395,1358.0,,,,,,,,,,,,,,0.31887295765255086,,,,,0.03399832546710968,7.431282483594259e-06
,imappo,,,,1358.0,0.0,0.0,0.0003715641387600499,0.0,0.0,0.0,0.0,0.0003715641387600499,0.0,0.0,0.0,0.0,0.0,,,,,,,
0.0005591301014646888,imappo,0.0016341700684279203,-2.881934881210327,0.000592164054684895,1359.0,,,,,,,,,,,,,,0.31873957985995327,,,,,0.02744668908417225,4.606576112564653e-05
,imappo,,,,1359.0,0.0,0.0,0.00230328818270209,0.0,0.0,0.0,0.0,0.00230328818270209,0.0,0.0,0.0,0.0,0.0,,,,,,,
0.02530835010111332,imappo,0.0011684398632496595,-3.3753702640533447,0.0005918639546515505,1360.0,,,,,,,,,,,,,,0.3186062020673558,,,,,0.029876718297600746,4.0230504964711145e-05
,imappo,,,,1360.0,0.0,0.0,0.002011525286093274,0.0,0.0,0.0,0.0,0.002011525286093274,0.0,0.0,0.0,0.0,0.0,,,,,,,
0.017948655411601067,imappo,0.004350551404058933,-3.8359334468841553,0.0005915638546182061,1361.0,,,,,,,,,,,,,,0.3184728242747582,,,,,0.02258727326989174,9.532528929412365e-05
,imappo,,,,1361.0,0.0,0.0,0.004766264273712295,0.0,0.0,0.0,0.0,0.004766264273712295,0.0,0.0,0.0,0.0,0.0,,,,,,,
0.012485682964324951,imappo,0.007262673228979111,-2.4082958698272705,0.0005912637545848617,1362.0,,,,,,,,,,,,,,0.3183394464821607,,,,,0.030910132452845573,0.006704262457787991
,imappo,,,,1362.0,0.0,0.0,0.3352131122683204,0.0,0.0,0.0,0.3333333432674408,0.0018797834534325375,0.0,0.0,0.0,0.0,0.0,,,,,,,
0.00975317694246769,imappo,0.003983297850936651,-0.9828587770462036,0.0005909636545515172,1363.0,,,,,,,,,,,,,,0.31820606868956314,,,,,0.028316225856542587,0.013396409340202808
,imappo,,,,1363.0,0.0,0.0,0.6698205397206038,0.0,0.0,0.0,0.6666666865348816,0.003153853185722255,0.0,0.0,0.0,0.0,0.0,,,,,,,
0.10158691555261612,imappo,0.002788181882351637,-1.5743978023529053,0.0005906635545181728,1364.0,,,,,,,,,,,,,,0.31807269089696566,,,,,0.027680259197950363,0.013395688496530056
,imappo,,,,1364.0,0.0,0.0,0.6697844454433834,0.0,0.0,0.0,0.6666666865348816,0.0031177812384157733,0.0,0.0,0.0,0.0,0.0,,,,,,,
0.03784814476966858,imappo,0.0025908222887665033,-3.9129903316497803,0.0005903634544848282,1365.0,,,,,,,,,,,,,,0.31793931310436807,,,,,0.010182253085076809,7.108343561412767e-05
,imappo,,,,1365.0,0.0,0.0,0.003554171635187231,0.0,0.0,0.0,0.0,0.003554171635187231,0.0,0.0,0.0,0.0,0.0,,,,,,,
0.048926934599876404,imappo,0.0018829095643013716,-3.568979501724243,0.0005900633544514838,1366.0,,,,,,,,,,,,,,0.3178059353117706,,,,,0.02790585532784462,4.136710413149558e-05
,imappo,,,,1366.0,0.0,0.0,0.0020683551501861075,0.0,0.0,0.0,0.0,0.0020683551501861075,0.0,0.0,0.0,0.0,0.0,,,,,,,
-0.00146516936365515,imappo,0.0025674840435385704,-1.0796657800674438,0.0005897632544181394,1367.0,,,,,,,,,,,,,,0.317672557519173,,,,,0.029984548687934875,0.01339309848845005
,imappo,,,,1367.0,0.0,0.0,0.6696549061180121,0.0,0.0,0.0,0.6666666865348816,0.0029882663293392397,0.0,0.0,0.0,0.0,0.0,,,,,,,
-0.00923374854028225,imappo,0.0002908577735070139,-0.5847570300102234,0.000589463154384795,1368.0,,,,,,,,,,,,,,0.3175391797265755,,,,,0.029021138325333595,0.013402117416262627
,imappo,,,,1368.0,0.0,0.0,0.6701058318385549,0.0,0.0,0.0,0.6666666865348816,0.0034391333711027983,0.0,0.0,0.0,0.0,0.0,,,,,,,
-5.967624019831419e-06,imappo,0.0007015777518972754,-1.0841671228408813,0.0005891630543514505,1369.0,,,,,,,,,,,,,,0.31740580193397794,,,,,0.023779653012752533,0.013405160047113895
,imappo,,,,1369.0,0.0,0.0,0.6702579404541211,0.0,0.0,0.0,0.6666666865348816,0.0035912241169171466,0.0,0.0,0.0,0.0,0.0,,,,,,,
0.032174792140722275,imappo,0.010404087603092194,-3.7224557399749756,0.0005888629543181061,1370.0,,,,,,,,,,,,,,0.31727242414138046,,,,,0.02957777865231037,4.4212247303221375e-05
,imappo,,,,1370.0,0.0,0.0,0.0022106124062872823,0.0,0.0,0.0,0.0,0.0022106124062872823,0.0,0.0,0.0,0.0,0.0,,,,,,,
0.007189917843788862,imappo,0.0011875994969159365,-1.0982674360275269,0.0005885628542847616,1371.0,,,,,,,,,,,,,,0.3171390463487829,,,,,0.027385655790567398,0.013378419913351536
,imappo,,,,1371.0,0.0,0.0,0.6689210199266427,0.0,0.0,0.0,0.6666666865348816,0.0022543333917610653,0.0,0.0,0.0,0.0,0.0,,,,,,,
-0.009962737560272217,imappo,0.0012327274307608604,-1.0397156476974487,0.0005882627542514172,1372.0,,,,,,,,,,,,,,0.3170056685561854,,,,,0.02982987090945244,0.013374246656894684
,imappo,,,,1372.0,0.0,0.0,0.668712336114595,0.0,0.0,0.0,0.6666666865348816,0.0020456495797134266,0.0,0.0,0.0,0.0,0.0,,,,,,,
0.009044784121215343,imappo,0.008440027013421059,-0.6749764680862427,0.0005879626542180728,1373.0,,,,,,,,,,,,,,0.31687229076358786,,,,,0.025221291929483414,7.242921128636226e-05
,imappo,,,,1373.0,0.0,0.0,0.003621460533395293,0.0,0.0,0.0,0.0,0.003621460533395293,0.0,0.0,0.0,0.0,0.0,,,,,,,
0.012550761923193932,imappo,0.006545439828187227,-3.274299383163452,0.0005876625541847282,1374.0,,,,,,,,,,,,,,0.3167389129709903,,,,,0.030359094962477684,4.183416240266524e-05
,imappo,,,,1374.0,0.0,0.0,0.002091708017815108,0.0,0.0,0.0,0.0,0.002091708017815108,0.0,0.0,0.0,0.0,0.0,,,,,,,
-0.008359668776392937,imappo,0.010588574223220348,-0.569895327091217,0.0005873624541513838,1375.0,,,,,,,,,,,,,,0.3166055351783928,,,,,0.025849854573607445,0.013382439501583576
,imappo,,,,1375.0,0.0,0.0,0.6691219737060692,0.0,0.0,0.0,0.6666666865348816,0.0024552947672873415,0.0,0.0,0.0,0.0,0.0,,,,,,,
0.002102543832734227,imappo,0.008726007305085659,-2.623241662979126,0.0005870623541180393,1376.0,,,,,,,,,,,,,,0.31647215738579526,,,,,0.029346324503421783,0.006720395293086767
,imappo,,,,1376.0,0.0,0.0,0.33601977254011217,0.0,0.0,0.0,0.3333333432674408,0.002686428530523699,0.0,0.0,0.0,0.0,0.0,,,,,,,
0.04329851642251015,imappo,0.0022155374754220247,-1.7463502883911133,0.0005867622540846949,1377.0,,,,,,,,,,,,,,0.3163387795931977,,,,,0.029568301513791084,0.01338393334299326
,imappo,,,,1377.0,0.0,0.0,0.669196666732887,0.0,0.0,0.0,0.6666666865348816,0.0025299866081240907,0.0,0.0,0.0,0.0,0.0,,,,,,,
0.002809596713632345,imappo,0.0009077470749616623,-1.854655385017395,0.0005864621540513505,1378.0,,,,,,,,,,,,,,0.3162054018006002,,,,,0.02870149165391922,0.013381852768361568
,imappo,,,,1378.0,0.0,0.0,0.6690926559467698,0.0,0.0,0.0,0.6666666865348816,0.002425965175461897,0.0,0.0,0.0,0.0,0.0,,,,,,,
-0.005115386564284563,imappo,0.0014159397687762976,-0.7539024353027344,0.0005861620540180061,1379.0,,,,,,,,,,,,,,0.31607202400800266,,,,,0.02526608295738697,0.013391592539846897
,imappo,,,,1379.0,0.0,0.0,0.6695796486637846,0.0,0.0,0.0,0.6666666865348816,0.0029129621289030183,0.0,0.0,0.0,0.0,0.0,,,,,,,
-0.012899196706712246,imappo,0.00803841557353735,-0.8066996932029724,0.0005858619539846616,1380.0,,,,,,,,,,,,,,0.31593864621540513,,,,,0.01769527979195118,6.946270150365308e-05
,imappo,,,,1380.0,0.0,0.0,0.003473135114120396,0.0,0.0,0.0,0.0,0.003473135114120396,0.0,0.0,0.0,0.0,0.0,,,,,,,
0.004474114626646042,imappo,0.008956554345786572,-3.387016534805298,0.0005855618539513172,1381.0,,,,,,,,,,,,,,0.3158052684228076,,,,,0.032125383615493774,4.087131310370751e-05
,imappo,,,,1381.0,0.0,0.0,0.0020435657173720756,0.0,0.0,0.0,0.0,0.0020435657173720756,0.0,0.0,0.0,0.0,0.0,,,,,,,
0.018272314220666885,imappo,0.005503111053258181,-1.3108750581741333,0.0005852617539179727,1382.0,,,,,,,,,,,,,,0.31567189063021006,,,,,0.026799559593200684,0.013395976275205612
,imappo,,,,1382.0,0.0,0.0,0.6697987973582258,0.0,0.0,0.0,0.6666666865348816,0.003132081021021804,0.0,0.0,0.0,0.0,0.0,,,,,,,
0.034818220883607864,imappo,0.0042882259003818035,-2.9480667114257812,0.0005849616538846282,1383.0,,,,,,,,,,,,,,0.31553851283761253,,,,,0.03039613366127014,0.006708371452987194
,imappo,,,,1383.0,0.0,0.0,0.33541857914246975,0.0,0.0,0.0,0.3333333432674408,0.0020852654081409128,0.0,0.0,0.0,0.0,0.0,,,,,,,
0.04393742233514786,imappo,0.00600481079891324,-3.2461888790130615,0.0005846615538512838,1384.0,,,,,,,,,,,,,,0.315405135045015,,,,,0.02677326649427414,7.179244130384177e-05
,imappo,,,,1384.0,0.0,0.0,0.003589622356230393,0.0,0.0,0.0,0.0,0.003589622356230393,0.0,0.0,0.0,0.0,0.0,,,,,,,
0.07298807799816132,imappo,0.013036713935434818,-3.3938450813293457,0.0005843614538179393,1385.0,,,,,,,,,,,,,,0.31527175725241746,,,,,0.0325402170419693,3.6847592127742246e-05
,imappo,,,,1385.0,0.0,0.0,0.0018423794035697938,0.0,0.0,0.0,0.0,0.0018423794035697938,0.0,0.0,0.0,0.0,0.0,,,,,,,
-0.0035086406860500574,imappo,0.009903681464493275,-0.8246461153030396,0.0005840613537845949,1386.0,,,,,,,,,,,,,,0.31513837945981993,,,,,0.02361505664885044,0.013394840061664581
,imappo,,,,1386.0,0.0,0.0,0.6697420680075084,0.0,0.0,0.0,0.6666666865348816,0.0030753940309296013,0.0,0.0,0.0,0.0,0.0,,,,,,,
0.025738347321748734,imappo,0.0450996533036232,-3.5523037910461426,0.0005837612537512504,1387.0,,,,,,,,,,,,,,0.3150050016672224,,,,,0.027230793610215187,5.7349894632352516e-05
,imappo,,,,1387.0,0.0,0.0,0.002867494984457153,0.0,0.0,0.0,0.0,0.002867494984457153,0.0,0.0,0.0,0.0,0.0,,,,,,,
-0.004192264284938574,imappo,0.0063835447654128075,-0.6347692608833313,0.000583461153717906,1388.0,,,,,,,,,,,,,,0.31487162387462486,,,,,0.015656523406505585,6.71761590638198e-05
,imappo,,,,1388.0,0.0,0.0,0.0033588080796107533,0.0,0.0,0.0,0.0,0.0033588080796107533,0.0,0.0,0.0,0.0,0.0,,,,,,,
0.041504137217998505,imappo,0.019610662013292313,-3.873417854309082,0.0005831610536845616,1389.0,,,,,,,,,,,,,,0.31473824608202733,,,,,0.026765726506710052,5.63787943974603e-05
,imappo,,,,1389.0,0.0,0.0,0.002818939688950195,0.0,0.0,0.0,0.0,0.002818939688950195,0.0,0.0,0.0,0.0,0.0,,,,,,,
0.1873948574066162,imappo,0.22534799575805664,-4.049490451812744,0.0005828609536512172,1390.0,,,,,,,,,,,,,,0.3146048682894298,,,,,0.010366829112172127,9.711033635539934e-05
,imappo,,,,1390.0,0.0,0.0,0.004855516795487347,0.0,0.0,0.0,0.0,0.004855516795487347,0.0,0.0,0.0,0.0,0.0,,,,,,,
0.046615004539489746,imappo,0.010487573221325874,-3.1377384662628174,0.0005825608536178727,1391.0,,,,,,,,,,,,,,0.31447149049683226,,,,,0.025327466428279877,7.031190034467727e-05
,imappo,,,,1391.0,0.0,0.0,0.0035155953828507336,0.0,0.0,0.0,0.0,0.0035155953828507336,0.0,0.0,0.0,0.0,0.0,,,,,,,
0.02237205021083355,imappo,0.03726780414581299,-2.0121405124664307,0.0005822607535845282,1392.0,,,,,,,,,,,,,,0.31433811270423473,,,,,0.03273548185825348,0.013381396420300007
,imappo,,,,1392.0,0.0,0.0,0.6690698230703447,0.0,0.0,0.0,0.6666666865348816,0.002403115442461967,0.0,0.0,0.0,0.0,0.0,,,,,,,
0.016616562381386757,imappo,0.013812677934765816,-3.457458019256592,0.0005819606535511837,1393.0,,,,,,,,,,,,,,0.3142047349116372,,,,,0.02968527004122734,4.3078103772131726e-05
,imappo,,,,1393.0,0.0,0.0,0.0021539051904255757,0.0,0.0,0.0,0.0,0.0021539051904255757,0.0,0.0,0.0,0.0,0.0,,,,,,,
-0.007509410381317139,imappo,0.007388205733150244,-1.307131052017212,0.0005816605535178393,1394.0,,,,,,,,,,,,,,0.31407135711903966,,,,,0.028952598571777344,0.01338608656078577
,imappo,,,,1394.0,0.0,0.0,0.669304256579835,0.0,0.0,0.0,0.6666666865348816,0.0026375700449534634,0.0,0.0,0.0,0.0,0.0,,,,,,,
0.030431075021624565,imappo,0.005927746184170246,-3.9759762287139893,0.0005813604534844949,1395.0,,,,,,,,,,,,,,0.31393797932644213,,,,,0.0264270156621933,5.03781448060181e-05
,imappo,,,,1395.0,0.0,0.0,0.0025189070558440108,0.0,0.0,0.0,0.0,0.0025189070558440108,0.0,0.0,0.0,0.0,0.0,,,,,,,
0.03554770350456238,imappo,0.004514917265623808,-1.8138965368270874,0.0005810603534511504,1396.0,,,,,,,,,,,,,,0.3138046015338446,,,,,0.029513031244277954,0.013384448364377022
,imappo,,,,1396.0,0.0,0.0,0.6692224428052214,0.0,0.0,0.0,0.6666666865348816,0.002555726468017383,0.0,0.0,0.0,0.0,0.0,,,,,,,
0.0018138536252081394,imappo,0.005415857303887606,-0.781848669052124,0.0005807602534178059,1397.0,,,,,,,,,,,,,,0.31367122374124706,,,,,0.02487529069185257,0.013424661941826344
,imappo,,,,1397.0,0.0,0.0,0.6712330854079482,0.0,0.0,0.0,0.6666666865348816,0.004566415127555956,0.0,0.0,0.0,0.0,0.0,,,,,,,
-0.008211017586290836,imappo,0.003577255643904209,-3.155714511871338,0.0005804601533844615,1398.0,,,,,,,,,,,,,,0.31353784594864953,,,,,0.023027319461107254,5.3669718909077346e-05
,imappo,,,,1398.0,0.0,0.0,0.0026834858851998433,0.0,0.0,0.0,0.0,0.0026834858851998433,0.0,0.0,0.0,0.0,0.0,,,,,,,
0.017135027796030045,imappo,0.004057812504470348,-1.3314961194992065,0.0005801600533511171,1399.0,,,,,,,,,,,,,,0.313404468156052,,,,,0.0238430704921484,0.013410849496722221
,imappo,,,,1399.0,0.0,0.0,0.6705425256823219,0.0,0.0,0.0,0.6666666865348816,0.0038758987520850496,0.0,0.0,0.0,0.0,0.0,,,,,,,
,imappo,,,,1399.0,,,,,,,,,,,,,,,0.0,0.0,0.0,0.0,,
0.015283240005373955,imappo,0.004982259124517441,-3.0072693824768066,0.0005798599533177727,1400.0,,,,,,,,,,,,,,0.31327109036345446,,,,,0.02169763296842575,5.857576252310537e-05
,imappo,,,,1400.0,0.0,0.0,0.002928788108874869,0.0,0.0,0.0,0.0,0.002928788108874869,0.0,0.0,0.0,0.0,0.0,,,,,,,
0.09546077251434326,imappo,0.004193452186882496,-1.2761942148208618,0.0005795598532844282,1401.0,,,,,,,,,,,,,,0.313137712570857,,,,,0.021028336137533188,0.013408195227384567
,imappo,,,,1401.0,0.0,0.0,0.6704096516043592,0.0,0.0,0.0,0.6666666865348816,0.0037429631195209367,0.0,0.0,0.0,0.0,0.0,,,,,,,
0.0026882460806518793,imappo,0.0019085481762886047,-3.141723394393921,0.0005792597532510837,1402.0,,,,,,,,,,,,,,0.3130043347782594,,,,,0.03388933464884758,5.611926826531999e-05
,imappo,,,,1402.0,0.0,0.0,0.0028059634041710524,0.0,0.0,0.0,0.0,0.0028059634041710524,0.0,0.0,0.0,0.0,0.0,,,,,,,
0.02459031715989113,imappo,0.004029134288430214,-3.7872395515441895,0.0005789596532177393,1403.0,,,,,,,,,,,,,,0.3128709569856619,,,,,0.023899275809526443,4.495198663789779e-05
,imappo,,,,1403.0,0.0,0.0,0.0022475992645922815,0.0,0.0,0.0,0.0,0.0022475992645922815,0.0,0.0,0.0,0.0,0.0,,,,,,,
0.11268288642168045,imappo,0.003710411721840501,-3.3521885871887207,0.0005786595531843948,1404.0,,,,,,,,,,,,,,0.31273757919306433,,,,,0.028586316853761673,4.2600862798281014e-05
,imappo,,,,1404.0,0.0,0.0,0.002130043285433203,0.0,0.0,0.0,0.0,0.002130043285433203,0.0,0.0,0.0,0.0,0.0,,,,,,,
0.2487097978591919,imappo,0.0053458018228411674,-3.3405601978302,0.0005783594531510504,1405.0,,,,,,,,,,,,,,0.31260420140046685,,,,,0.027384597808122635,4.361492028692737e-05
,imappo,,,,1405.0,0.0,0.0,0.002180746065278072,0.0,0.0,0.0,0.0,0.002180746065278072,0.0,0.0,0.0,0.0,0.0,,,,,,,
0.007143132854253054,imappo,0.002510855905711651,-3.1083598136901855,0.000578059353117706,1406.0,,,,,,,,,,,,,,0.31247082360786926,,,,,0.030708778649568558,5.3451400162884966e-05
,imappo,,,,1406.0,0.0,0.0,0.002672569990863849,0.0,0.0,0.0,0.0,0.002672569990863849,0.0,0.0,0.0,0.0,0.0,,,,,,,
-0.0010019309120252728,imappo,0.005920629482716322,-2.0433077812194824,0.0005777592530843615,1407.0,,,,,,,,,,,,,,0.3123374458152718,,,,,0.03231297433376312,0.013338528573513031
,imappo,,,,1407.0,0.0,0.0,0.6669264721579111,0.0,0.0,0.0,0.6666666865348816,0.00025978562302952923,0.0,0.0,0.0,0.0,0.0,,,,,,,
0.09610436111688614,imappo,0.007935239002108574,-3.9665307998657227,0.000577459153051017,1408.0,,,,,,,,,,,,,,0.3122040680226742,,,,,0.022911828011274338,4.797631481778808e-05
,imappo,,,,1408.0,0.0,0.0,0.0023988154916878557,0.0,0.0,0.0,0.0,0.0023988154916878557,0.0,0.0,0.0,0.0,0.0,,,,,,,
-0.010731305927038193,imappo,0.012155725620687008,-1.5809508562088013,0.0005771590530176725,1409.0,,,,,,,,,,,,,,0.3120706902300767,,,,,0.03773414343595505,0.013345826417207718
,imappo,,,,1409.0,0.0,0.0,0.6672913689378017,0.0,0.0,0.0,0.6666666865348816,0.0006246725094367633,0.0,0.0,0.0,0.0,0.0,,,,,,,
0.001172155374661088,imappo,0.00521751306951046,-0.8249396681785583,0.0005768589529843281,1410.0,,,,,,,,,,,,,,0.31193731243747913,,,,,0.024073127657175064,0.013397944159805775
,imappo,,,,1410.0,0.0,0.0,0.6698972684816908,0.0,0.0,0.0,0.6666666865348816,0.003230564018849691,0.0,0.0,0.0,0.0,0.0,,,,,,,
0.08699903637170792,imappo,0.060363128781318665,-4.130311489105225,0.0005765588529509837,1411.0,,,,,,,,,,,,,,0.31180393464488165,,,,,0.015954677015542984,6.0683210904244334e-05
,imappo,,,,1411.0,0.0,0.0,0.0030341605811372574,0.0,0.0,0.0,0.0,0.0030341605811372574,0.0,0.0,0.0,0.0,0.0,,,,,,,
0.05701827257871628,imappo,0.005975023377686739,-2.4777982234954834,0.0005762587529176392,1412.0,,,,,,,,,,,,,,0.31167055685228406,,,,,0.031132714822888374,0.013389412313699722
,imappo,,,,1412.0,0.0,0.0,0.6694706310900074,0.0,0.0,0.0,0.6666666865348816,0.002803924982799799,0.0,0.0,0.0,0.0,0.0,,,,,,,
0.012109136208891869,imappo,0.00535544054582715,-1.3921546936035156,0.0005759586528842948,1413.0,,,,,,,,,,,,,,0.3115371790596866,,,,,0.034068211913108826,0.01334340125322342
,imappo,,,,1413.0,0.0,0.0,0.6671700697654046,0.0,0.0,0.0,0.6666666865348816,0.0005034065936229126,0.0,0.0,0.0,0.0,0.0,,,,,,,
-0.0004452360444702208,imappo,0.01883040927350521,-0.8689677715301514,0.0005756585528509503,1414.0,,,,,,,,,,,,,,0.311403801267089,,,,,0.03054196760058403,0.01337143313139677
,imappo,,,,1414.0,0.0,0.0,0.6685716618135302,0.0,0.0,0.0,0.6666666865348816,0.0019049707238991687,0.0,0.0,0.0,0.0,0.0,,,,,,,
-0.0020321125630289316,imappo,0.007324896287173033,-1.4757404327392578,0.0005753584528176059,1415.0,,,,,,,,,,,,,,0.3112704234744915,,,,,0.03168656304478645,0.013384833000600338
,imappo,,,,1415.0,0.0,0.0,0.669241672019325,0.0,0.0,0.0,0.6666666865348816,0.0025749570208972727,0.0,0.0,0.0,0.0,0.0,,,,,,,
0.008489998057484627,imappo,0.00956710148602724,-2.212470769882202,0.0005750583527842615,1416.0,,,,,,,,,,,,,,0.31113704568189393,,,,,0.027841385453939438,0.013360205106437206
,imappo,,,,1416.0,0.0,0.0,0.6680102675816215,0.0,0.0,0.0,0.6666666865348816,0.0013435626767659414,0.0,0.0,0.0,0.0,0.0,,,,,,,
-0.007182668894529343,imappo,0.0023270242381840944,-1.3998206853866577,0.0005747582527509171,1417.0,,,,,,,,,,,,,,0.31100366788929645,,,,,0.030148547142744064,0.01339159719645977
,imappo,,,,1417.0,0.0,0.0,0.6695799441713461,0.0,0.0,0.0,0.6666666865348816,0.0029132577383279568,0.0,0.0,0.0,0.0,0.0,,,,,,,
0.05253902077674866,imappo,0.0030358373187482357,-1.3052746057510376,0.0005744581527175727,1418.0,,,,,,,,,,,,,,0.31087029009669886,,,,,0.031206466257572174,0.013376601971685886
,imappo,,,,1418.0,0.0,0.0,0.6688300382129455,0.0,0.0,0.0,0.6666666865348816,0.0021633768674291787,0.0,0.0,0.0,0.0,0.0,,,,,,,
0.09480161964893341,imappo,0.0026193291414529085,-1.2402632236480713,0.000574158052684228,1419.0,,,,,,,,,,,,,,0.3107369123041014,,,,,0.030486028641462326,0.013389267027378082
,imappo,,,,1419.0,0.0,0.0,0.6694632954436202,0.0,0.0,0.0,0.6666666865348816,0.0027966089087385626,0.0,0.0,0.0,0.0,0.0,,,,,,,
0.021662436425685883,imappo,0.0029774396680295467,-1.9090718030929565,0.0005738579526508836,1420.0,,,,,,,,,,,,,,0.3106035345115038,,,,,0.027198292315006256,0.013365251012146473
,imappo,,,,1420.0,0.0,0.0,0.6682624966601907,0.0,0.0,0.0,0.6666666865348816,0.0015958101253090717,0.0,0.0,0.0,0.0,0.0,,,,,,,
0.07091440260410309,imappo,0.0012119178427383304,-1.9134297370910645,0.0005735578526175392,1421.0,,,,,,,,,,,,,,0.3104701567189063,,,,,0.02762497216463089,0.013384542427957058
,imappo,,,,1421.0,0.0,0.0,0.6692271283154696,0.0,0.0,0.0,0.6666666865348816,0.0025604417805880075,0.0,0.0,0.0,0.0,0.0,,,,,,,
0.005578472279012203,imappo,0.007499689236283302,-0.8112848401069641,0.0005732577525841948,1422.0,,,,,,,,,,,,,,0.31033677892630873,,,,,0.016648858785629272,9.325159771833569e-05
,imappo,,,,1422.0,0.0,0.0,0.004662579652631393,0.0,0.0,0.0,0.0,0.004662579652631393,0.0,0.0,0.0,0.0,0.0,,,,,,,
0.004383101128041744,imappo,0.0022005594801157713,-1.3305515050888062,0.0005729576525508503,1423.0,,,,,,,,,,,,,,0.31020340113371125,,,,,0.027929384261369705,0.01338384859263897
,imappo,,,,1423.0,0.0,0.0,0.6691923941689311,0.0,0.0,0.0,0.6666666865348816,0.002525713491195347,0.0,0.0,0.0,0.0,0.0,,,,,,,
0.05898219347000122,imappo,0.0018506069900467992,-1.2735487222671509,0.0005726575525175059,1424.0,,,,,,,,,,,,,,0.31007002334111367,,,,,0.027937836945056915,0.013410734944045544
,imappo,,,,1424.0,0.0,0.0,0.670536687283402,0.0,0.0,0.0,0.6666666865348816,0.003870000748520397,0.0,0.0,0.0,0.0,0.0,,,,,,,
0.01242596935480833,imappo,0.027095766738057137,-3.8098270893096924,0.0005723574524841614,1425.0,,,,,,,,,,,,,,0.3099366455485162,,,,,0.012445854023098946,8.96099882083945e-05
,imappo,,,,1425.0,0.0,0.0,0.004480499552300898,0.0,0.0,0.0,0.0,0.004480499552300898,0.0,0.0,0.0,0.0,0.0,,,,,,,
-0.002005952876061201,imappo,0.0017211914528161287,-1.4033180475234985,0.000572057352450817,1426.0,,,,,,,,,,,,,,0.3098032677559186,,,,,0.033771492540836334,0.013372345827519894
,imappo,,,,1426.0,0.0,0.0,0.668617316539212,0.0,0.0,0.0,0.6666666865348816,0.0019506505225308501,0.0,0.0,0.0,0.0,0.0,,,,,,,
-0.00154022010974586,imappo,0.00466355262324214,-1.3365179300308228,0.0005717572524174726,1427.0,,,,,,,,,,,,,,0.3096698899633211,,,,,0.026615750044584274,0.013385927304625511
,imappo,,,,1427.0,0.0,0.0,0.6692963917175803,0.0,0.0,0.0,0.6666666865348816,0.0026297288150090026,0.0,0.0,0.0,0.0,0.0,,,,,,,
0.023855675011873245,imappo,0.00147387501783669,-1.327329397201538,0.0005714571523841281,1428.0,,,,,,,,,,,,,,0.30953651217072353,,,,,0.029137875884771347,0.013389598578214645
,imappo,,,,1428.0,0.0,0.0,0.6694799168649297,0.0,0.0,0.0,0.6666666865348816,0.00281326347931099,0.0,0.0,0.0,0.0,0.0,,,,,,,
0.07680591940879822,imappo,0.0009241208317689598,-1.5143674612045288,0.0005711570523507836,1429.0,,,,,,,,,,,,,,0.30940313437812605,,,,,0.03228979930281639,0.01339625846594572
,imappo,,,,1429.0,0.0,0.0,0.6698129515607434,0.0,0.0,0.0,0.6666666865348816,0.0031462743390875403,0.0,0.0,0.0,0.0,0.0,,,,,,,
0.011140415444970131,imappo,0.0010413542622700334,-3.87078857421875,0.0005708569523174391,1430.0,,,,,,,,,,,,,,0.30926975658552847,,,,,0.025378558784723282,5.1974700909340754e-05
,imappo,,,,1430.0,0.0,0.0,0.002598734846287698,0.0,0.0,0.0,0.0,0.002598734846287698,0.0,0.0,0.0,0.0,0.0,,,,,,,
0.06280778348445892,imappo,0.004560255911201239,-3.786947011947632,0.0005705568522840947,1431.0,,,,,,,,,,,,,,0.309136378792931,,,,,0.03252970054745674,4.161679316894151e-05
,imappo,,,,1431.0,0.0,0.0,0.0020808395684071,0.0,0.0,0.0,0.0,0.0020808395684071,0.0,0.0,0.0,0.0,0.0,,,,,,,
0.0013143423711881042,imappo,0.002408311003819108,-0.5232805609703064,0.0005702567522507503,1432.0,,,,,,,,,,,,,,0.3090030010003334,,,,,0.013655995950102806,9.669535211287439e-05
,imappo,,,,1432.0,0.0,0.0,0.004834767505599302,0.0,0.0,0.0,0.0,0.004834767505599302,0.0,0.0,0.0,0.0,0.0,,,,,,,
0.02594377100467682,imappo,0.001797594246454537,-1.1535454988479614,0.0005699566522174059,1433.0,,,,,,,,,,,,,,0.3088696232077359,,,,,0.029472671449184418,0.013391896151006222
,imappo,,,,1433.0,0.0,0.0,0.6695948400340512,0.0,0.0,0.0,0.6666666865348816,0.002928153499169639,0.0,0.0,0.0,0.0,0.0,,,,,,,
-0.00619844812899828,imappo,0.001656398642808199,-0.5859500169754028,0.0005696565521840614,1434.0,,,,,,,,,,,,,,0.30873624541513833,,,,,0.011297386139631271,8.803558739600703e-05
,imappo,,,,1434.0,0.0,0.0,0.004401779218824231,0.0,0.0,0.0,0.0,0.004401779218824231,0.0,0.0,0.0,0.0,0.0,,,,,,,
0.0036025270819664,imappo,0.001264185644686222,-1.4245365858078003,0.000569356452150717,1435.0,,,,,,,,,,,,,,0.30860286762254086,,,,,0.03158807381987572,0.013387088663876057
,imappo,,,,1435.0,0.0,0.0,0.6693544348058822,0.0,0.0,0.0,0.6666666865348816,0.0026877795794462145,0.0,0.0,0.0,0.0,0.0,,,,,,,
0.033928245306015015,imappo,0.006347160320729017,-3.8952078819274902,0.0005690563521173724,1436.0,,,,,,,,,,,,,,0.30846948982994327,,,,,0.024015571922063828,6.492706597782671e-05
,imappo,,,,1436.0,0.0,0.0,0.0032463534862472443,0.0,0.0,0.0,0.0,0.0032463534862472443,0.0,0.0,0.0,0.0,0.0,,,,,,,
0.059983063489198685,imappo,0.0018083988688886166,-1.7720904350280762,0.000568756252084028,1437.0,,,,,,,,,,,,,,0.3083361120373458,,,,,0.029981162399053574,0.013385963626205921
,imappo,,,,1437.0,0.0,0.0,0.6692982108015713,0.0,0.0,0.0,0.6666666865348816,0.0026315459126635687,0.0,0.0,0.0,0.0,0.0,,,,,,,
0.04381180182099342,imappo,0.0028399520087987185,-1.922821283340454,0.0005684561520506836,1438.0,,,,,,,,,,,,,,0.3082027342447482,,,,,0.029591154307127,0.013383566401898861
,imappo,,,,1438.0,0.0,0.0,0.6691782961352146,0.0,0.0,0.0,0.6666666865348816,0.0025116332799370866,0.0,0.0,0.0,0.0,0.0,,,,,,,
0.012805909849703312,imappo,0.0007524615502916276,-1.060613989830017,0.0005681560520173392,1439.0,,,,,,,,,,,,,,0.3080693564521507,,,,,0.02957911789417267,0.013387465849518776
,imappo,,,,1439.0,0.0,0.0,0.6693733232395971,0.0,0.0,0.0,0.6666666865348816,0.002706644515910739,0.0,0.0,0.0,0.0,0.0,,,,,,,
0.011251788586378098,imappo,0.0010871251579374075,-1.126088261604309,0.0005678559519839947,1440.0,,,,,,,,,,,,,,0.30793597865955313,,,,,0.03130088001489639,0.013387753628194332
,imappo,,,,1440.0,0.0,0.0,0.6693876924864526,0.0,0.0,0.0,0.6666666865348816,0.002721035753893375,0.0,0.0,0.0,0.0,0.0,,,,,,,
-0.010305843316018581,imappo,0.00038200896233320236,-2.098919153213501,0.0005675558519506502,1441.0,,,,,,,,,,,,,,0.30780260086695566,,,,,0.029633501544594765,0.013381286524236202
,imappo,,,,1441.0,0.0,0.0,0.6690642720805045,0.0,0.0,0.0,0.6666666865348816,0.0023975916844101164,0.0,0.0,0.0,0.0,0.0,,,,,,,
-0.0055039264261722565,imappo,0.0007661068229936063,-1.9978421926498413,0.0005672557519173058,1442.0,,,,,,,,,,,,,,0.30766922307435807,,,,,0.028150297701358795,0.013376349583268166
,imappo,,,,1442.0,0.0,0.0,0.6688173931779602,0.0,0.0,0.0,0.6666666865348816,0.0021507094552362105,0.0,0.0,0.0,0.0,0.0,,,,,,,
-0.009267577901482582,imappo,0.0003921509487554431,-1.5052306652069092,0.0005669556518839614,1443.0,,,,,,,,,,,,,,0.3075358452817606,,,,,0.02890673652291298,0.013379541225731373
,imappo,,,,1443.0,0.0,0.0,0.6689771027777169,0.0,0.0,0.0,0.6666666865348816,0.0023104162428353447,0.0,0.0,0.0,0.0,0.0,,,,,,,
0.016294481232762337,imappo,0.002344774082303047,-2.2787926197052,0.000566655551850617,1444.0,,,,,,,,,,,,,,0.307402467489163,,,,,0.029521778225898743,0.013400672934949398
,imappo,,,,1444.0,0.0,0.0,0.6700336119401982,0.0,0.0,0.0,0.6666666865348816,0.003366895602994191,0.0,0.0,0.0,0.0,0.0,,,,,,,
0.04924476146697998,imappo,0.0005384260439313948,-3.866767168045044,0.0005663554518172724,1445.0,,,,,,,,,,,,,,0.3072690896965655,,,,,0.02250450849533081,4.77548164781183e-05
,imappo,,,,1445.0,0.0,0.0,0.00238774098659178,0.0,0.0,0.0,0.0,0.00238774098659178,0.0,0.0,0.0,0.0,0.0,,,,,,,
-0.00789916142821312,imappo,0.0005463040433824062,-1.899513602256775,0.0005660553517839279,1446.0,,,,,,,,,,,,,,0.30713571190396793,,,,,0.03111141547560692,0.013383163139224052
,imappo,,,,1446.0,0.0,0.0,0.6691580495448761,0.0,0.0,0.0,0.6666666865348816,0.0024913518786888744,0.0,0.0,0.0,0.0,0.0,,,,,,,
-0.004673176910728216,imappo,0.0007409730460494757,-1.1358673572540283,0.0005657552517505835,1447.0,,,,,,,,,,,,,,0.30700233411137046,,,,,0.02779245749115944,0.013393341563642025
,imappo,,,,1447.0,0.0,0.0,0.6696670004021144,0.0,0.0,0.0,0.6666666865348816,0.0030002989224158227,0.0,0.0,0.0,0.0,0.0,,,,,,,
-0.004800626076757908,imappo,0.0003384315932635218,-1.303000569343567,0.0005654551517172391,1448.0,,,,,,,,,,,,,,0.3068689563187729,,,,,0.029983390122652054,0.013385401107370853
,imappo,,,,1448.0,0.0,0.0,0.6692700366201052,0.0,0.0,0.0,0.6666666865348816,0.0026033675293319902,0.0,0.0,0.0,0.0,0.0,,,,,,,
-0.004546359647065401,imappo,0.0011346923420205712,-0.7411659359931946,0.0005651550516838947,1449.0,,,,,,,,,,,,,,0.3067355785261754,,,,,0.031977348029613495,0.013390200212597847
,imappo,,,,1449.0,0.0,0.0,0.6695100116521644,0.0,0.0,0.0,0.6666666865348816,0.0028433251172828022,0.0,0.0,0.0,0.0,0.0,,,,,,,
-0.004384906962513924,imappo,0.0007476259488612413,-0.7185657024383545,0.0005648549516505503,1450.0,,,,,,,,,,,,,,0.30660220073357786,,,,,0.030496610328555107,0.01339137926697731
,imappo,,,,1450.0,0.0,0.0,0.6695690303549782,0.0,0.0,0.0,0.6666666865348816,0.0029023522893112386,0.0,0.0,0.0,0.0,0.0,,,,,,,
0.0673627257347107,imappo,0.0019078637706115842,-3.35786509513855,0.0005645548516172058,1451.0,,,,,,,,,,,,,,0.3064688229409803,,,,,0.021839173510670662,3.68838882423006e-05
,imappo,,,,1451.0,0.0,0.0,0.0018441942449403115,0.0,0.0,0.0,0.0,0.0018441942449403115,0.0,0.0,0.0,0.0,0.0,,,,,,,
0.00944799929857254,imappo,0.0012996506411582232,-1.702360987663269,0.0005642547515838613,1452.0,,,,,,,,,,,,,,0.3063354451483828,,,,,0.027600441128015518,0.013371960259974003
,imappo,,,,1452.0,0.0,0.0,0.6685979627436609,0.0,0.0,0.0,0.6666666865348816,0.001931302487719222,0.0,0.0,0.0,0.0,0.0,,,,,,,
-0.008200525306165218,imappo,0.0005916364025324583,-0.4725193381309509,0.0005639546515505169,1453.0,,,,,,,,,,,,,,0.30620206735578526,,,,,0.016648050397634506,0.00012109083036193624
,imappo,,,,1453.0,0.0,0.0,0.006054541112387568,0.0,0.0,0.0,0.0,0.006054541112387568,0.0,0.0,0.0,0.0,0.0,,,,,,,
-0.007063776254653931,imappo,0.0007783007458783686,-0.4415774643421173,0.0005636545515171724,1454.0,,,,,,,,,,,,,,0.3060686895631877,,,,,0.017846092581748962,0.0001182302730740048
,imappo,,,,1454.0,0.0,0.0,0.005911513801549972,0.0,0.0,0.0,0.0,0.005911513801549972,0.0,0.0,0.0,0.0,0.0,,,,,,,
-0.0025829614605754614,imappo,0.0017980147385969758,-1.039675235748291,0.000563354451483828,1455.0,,,,,,,,,,,,,,0.3059353117705902,,,,,0.027299504727125168,0.01340450905263424
,imappo,,,,1455.0,0.0,0.0,0.6702254267770513,0.0,0.0,0.0,0.6666666865348816,0.0035587402421697334,0.0,0.0,0.0,0.0,0.0,,,,,,,
0.02490328997373581,imappo,0.0008586299372836947,-0.9800024628639221,0.0005630543514504835,1456.0,,,,,,,,,,,,,,0.30580193397799266,,,,,0.030252423137426376,0.013389552012085915
,imappo,,,,1456.0,0.0,0.0,0.6694776030467438,0.0,0.0,0.0,0.6666666865348816,0.0028109165118621604,0.0,0.0,0.0,0.0,0.0,,,,,,,
-0.0022369050420820713,imappo,0.0006018237909302115,-1.4529519081115723,0.000562754251417139,1457.0,,,,,,,,,,,,,,0.3056685561853951,,,,,0.03052426502108574,0.0134085388854146
,imappo,,,,1457.0,0.0,0.0,0.6704269942483734,0.0,0.0,0.0,0.6666666865348816,0.00376029964445479,0.0,0.0,0.0,0.0,0.0,,,,,,,
-0.005013395566493273,imappo,0.0004420213517732918,-0.7226366996765137,0.0005624541513837946,1458.0,,,,,,,,,,,,,,0.3055351783927976,,,,,0.02756691724061966,0.01339422445744276
,imappo,,,,1458.0,0.0,0.0,0.6697112317219762,0.0,0.0,0.0,0.6666666865348816,0.003044545187094627,0.0,0.0,0.0,0.0,0.0,,,,,,,
0.02359902299940586,imappo,0.0014798614429309964,-2.647641897201538,0.0005621540513504502,1459.0,,,,,,,,,,,,,,0.30540180060020006,,,,,0.02924276888370514,7.363912300206721e-05
,imappo,,,,1459.0,0.0,0.0,0.0036819564479628752,0.0,0.0,0.0,0.0,0.0036819564479628752,0.0,0.0,0.0,0.0,0.0,,,,,,,
0.016793517395853996,imappo,0.0025143600068986416,-1.577785849571228,0.0005618539513171058,1460.0,,,,,,,,,,,,,,0.3052684228076025,,,,,0.030156295746564865,0.013371202163398266
,imappo,,,,1460.0,0.0,0.0,0.6685600356174746,0.0,0.0,0.0,0.6666666865348816,0.0018933629651201045,0.0,0.0,0.0,0.0,0.0,,,,,,,
0.056902285665273666,imappo,0.004244170617312193,-3.0769577026367188,0.0005615538512837613,1461.0,,,,,,,,,,,,,,0.305135045015005,,,,,0.027225522324442863,0.006757361348718405
,imappo,,,,1461.0,0.0,0.0,0.3378680455916765,0.0,0.0,0.0,0.3333333432674408,0.004534684978352743,0.0,0.0,0.0,0.0,0.0,,,,,,,
-0.004927820526063442,imappo,0.009690134786069393,-1.662588357925415,0.0005612537512504169,1462.0,,,,,,,,,,,,,,0.30500166722240746,,,,,0.02758556604385376,0.013372701592743397
,imappo,,,,1462.0,0.0,0.0,0.6686350495419902,0.0,0.0,0.0,0.6666666865348816,0.0019683893751789583,0.0,0.0,0.0,0.0,0.0,,,,,,,
-0.00574896764010191,imappo,0.006851313170045614,-1.8678412437438965,0.0005609536512170723,1463.0,,,,,,,,,,,,,,0.3048682894298099,,,,,0.027831044048070908,0.013375792652368546
,imappo,,,,1463.0,0.0,0.0,0.668789567222575,0.0,0.0,0.0,0.6666666865348816,0.0021228949121905316,0.0,0.0,0.0,0.0,0.0,,,,,,,
0.025730159133672714,imappo,0.0019508152035996318,-1.4694020748138428,0.0005606535511837279,1464.0,,,,,,,,,,,,,,0.3047349116372124,,,,,0.028461165726184845,0.013406219892203808
,imappo,,,,1464.0,0.0,0.0,0.670310988672739,0.0,0.0,0.0,0.6666666865348816,0.0036443021378573803,0.0,0.0,0.0,0.0,0.0,,,,,,,
-0.008825235068798065,imappo,0.001187408110126853,-0.9665301442146301,0.0005603534511503835,1465.0,,,,,,,,,,,,,,0.30460153384461486,,,,,0.025100938975811005,0.013418997637927532
,imappo,,,,1465.0,0.0,0.0,0.6709499317571783,0.0,0.0,0.0,0.6666666865348816,0.004283259948834939,0.0,0.0,0.0,0.0,0.0,,,,,,,
-0.002921042498201132,imappo,0.002022608183324337,-1.9824233055114746,0.0005600533511170391,1466.0,,,,,,,,,,,,,,0.3044681560520173,,,,,0.03284251689910889,0.013390480540692806
,imappo,,,,1466.0,0.0,0.0,0.6695240797157567,0.0,0.0,0.0,0.6666666865348816,0.0028574218626999937,0.0,0.0,0.0,0.0,0.0,,,,,,,
-0.003174281446263194,imappo,0.001804984058253467,-0.9620192646980286,0.0005597532510836946,1467.0,,,,,,,,,,,,,,0.3043347782594198,,,,,0.0222492478787899,0.013412883505225182
,imappo,,,,1467.0,0.0,0.0,0.6706440962220768,0.0,0.0,0.0,0.6666666865348816,0.00397743633175196,0.0,0.0,0.0,0.0,0.0,,,,,,,
0.0006202985532581806,imappo,0.0018581044860184193,-1.3980783224105835,0.0005594531510503501,1468.0,,,,,,,,,,,,,,0.30420140046682226,,,,,0.03002370521426201,0.013385138474404812
,imappo,,,,1468.0,0.0,0.0,0.6692569238648503,0.0,0.0,0.0,0.6666666865348816,0.0025902134211719385,0.0,0.0,0.0,0.0,0.0,,,,,,,
0.005076959729194641,imappo,0.001572674373164773,-1.5915234088897705,0.0005591530510170057,1469.0,,,,,,,,,,,,,,0.3040680226742247,,,,,0.029138002544641495,0.013382240198552608
,imappo,,,,1469.0,0.0,0.0,0.6691120722261985,0.0,0.0,0.0,0.6666666865348816,0.0024454164540657075,0.0,0.0,0.0,0.0,0.0,,,,,,,
0.015411741100251675,imappo,0.0016947026597335935,-1.2819855213165283,0.0005588529509836613,1470.0,,,,,,,,,,,,,,0.3039346448816272,,,,,0.030373215675354004,0.0133802630007267
,imappo,,,,1470.0,0.0,0.0,0.6690131746406394,0.0,0.0,0.0,0.6666666865348816,0.002346484700609608,0.0,0.0,0.0,0.0,0.0,,,,,,,
0.06734198331832886,imappo,0.002026026602834463,-1.545487642288208,0.0005585528509503169,1471.0,,,,,,,,,,,,,,0.30380126708902966,,,,,0.030441150069236755,0.013370406813919544
,imappo,,,,1471.0,0.0,0.0,0.6685203936802964,0.0,0.0,0.0,0.6666666865348816,0.001853707824977846,0.0,0.0,0.0,0.0,0.0,,,,,,,
-0.016256600618362427,imappo,0.0011721167247742414,-0.5605444312095642,0.0005582527509169723,1472.0,,,,,,,,,,,,,,0.3036678892964321,,,,,0.012292832136154175,9.327377483714372e-05
,imappo,,,,1472.0,0.0,0.0,0.004663688441723934,0.0,0.0,0.0,0.0,0.004663688441723934,0.0,0.0,0.0,0.0,0.0,,,,,,,
0.003895421512424946,imappo,0.006526912562549114,-3.288311243057251,0.0005579526508836279,1473.0,,,,,,,,,,,,,,0.3035345115038346,,,,,0.019760437309741974,7.817901496309787e-05
,imappo,,,,1473.0,0.0,0.0,0.003908950414142964,0.0,0.0,0.0,0.0,0.003908950414142964,0.0,0.0,0.0,0.0,0.0,,,,,,,
0.04681064188480377,imappo,0.0030654435977339745,-1.8199609518051147,0.0005576525508502834,1474.0,,,,,,,,,,,,,,0.30340113371123706,,,,,0.030847780406475067,0.013372155837714672
,imappo,,,,1474.0,0.0,0.0,0.6686077910692347,0.0,0.0,0.0,0.6666666865348816,0.0019411349769598019,0.0,0.0,0.0,0.0,0.0,,,,,,,
0.015274365432560444,imappo,0.004425227176398039,-1.5643060207366943,0.000557352450816939,1475.0,,,,,,,,,,,,,,0.3032677559186395,,,,,0.03398814797401428,0.013362634927034378
,imappo,,,,1475.0,0.0,0.0,0.668131893275131,0.0,0.0,0.0,0.6666666865348816,0.001465222485421691,0.0,0.0,0.0,0.0,0.0,,,,,,,
0.04634226858615875,imappo,0.0033176629804074764,-2.874326467514038,0.0005570523507835946,1476.0,,,,,,,,,,,,,,0.303134378126042,,,,,0.025139441713690758,6.95309427101165e-05
,imappo,,,,1476.0,0.0,0.0,0.0034765471859827812,0.0,0.0,0.0,0.0,0.0034765471859827812,0.0,0.0,0.0,0.0,0.0,,,,,,,
0.019092939794063568,imappo,0.0010618360247462988,-3.4233081340789795,0.0005567522507502502,1477.0,,,,,,,,,,,,,,0.30300100033344446,,,,,0.022640975192189217,5.173998943064362e-05
,imappo,,,,1477.0,0.0,0.0,0.002586999370876697,0.0,0.0,0.0,0.0,0.002586999370876697,0.0,0.0,0.0,0.0,0.0,,,,,,,
0.00012710856390185654,imappo,0.0038402113132178783,-1.021327018737793,0.0005564521507169057,1478.0,,,,,,,,,,,,,,0.302867622540847,,,,,0.030652649700641632,0.013399423100054264
,imappo,,,,1478.0,0.0,0.0,0.6699711523115184,0.0,0.0,0.0,0.6666666865348816,0.003304467741145345,0.0,0.0,0.0,0.0,0.0,,,,,,,
-0.0039031733758747578,imappo,0.003673447063192725,-0.968880295753479,0.0005561520506835612,1479.0,,,,,,,,,,,,,,0.3027342447482494,,,,,0.03230654448270798,0.013413889333605766
,imappo,,,,1479.0,0.0,0.0,0.6706945238712478,0.0,0.0,0.0,0.6666666865348816,0.004027797464118521,0.0,0.0,0.0,0.0,0.0,,,,,,,
-0.0010369165102019906,imappo,0.005039702169597149,-1.280950665473938,0.0005558519506502168,1480.0,,,,,,,,,,,,,,0.3026008669556519,,,,,0.02910841628909111,0.01339657325297594
,imappo,,,,1480.0,0.0,0.0,0.6698286319065119,0.0,0.0,0.0,0.6666666865348816,0.0031619582991879724,0.0,0.0,0.0,0.0,0.0,,,,,,,
0.006332497112452984,imappo,0.0031683051493018866,-0.9303011894226074,0.0005555518506168723,1481.0,,,,,,,,,,,,,,0.3024674891630543,,,,,0.02905704826116562,0.013403700664639473
,imappo,,,,1481.0,0.0,0.0,0.6701850587678564,0.0,0.0,0.0,0.6666666865348816,0.003518372232974798,0.0,0.0,0.0,0.0,0.0,,,,,,,
-0.003417204599827528,imappo,0.002839026041328907,-1.9842911958694458,0.0005552517505835279,1482.0,,,,,,,,,,,,,,0.30233411137045685,,,,,0.031686656177043915,0.006710750516504049
,imappo,,,,1482.0,0.0,0.0,0.3355375599222157,0.0,0.0,0.0,0.3333333432674408,0.0022042179644472526,0.0,0.0,0.0,0.0,0.0,,,,,,,
0.04321443289518356,imappo,0.002187463454902172,-0.9744887351989746,0.0005549516505501834,1483.0,,,,,,,,,,,,,,0.30220073357785926,,,,,0.02479056641459465,0.01341382134705782
,imappo,,,,1483.0,0.0,0.0,0.6706910719725556,0.0,0.0,0.0,0.6666666865348816,0.004024385437674027,0.0,0.0,0.0,0.0,0.0,,,,,,,
0.005963848438113928,imappo,0.0017736084992066026,-1.1536310911178589,0.000554651550516839,1484.0,,,,,,,,,,,,,,0.3020673557852618,,,,,0.033259619027376175,0.013361357152462006
,imappo,,,,1484.0,0.0,0.0,0.6680678690709101,0.0,0.0,0.0,0.6666666865348816,0.0014011871489856276,0.0,0.0,0.0,0.0,0.0,,,,,,,
-0.005332785192877054,imappo,0.004328140988945961,-2.822777032852173,0.0005543514504834945,1485.0,,,,,,,,,,,,,,0.3019339779926642,,,,,0.03286079317331314,5.3303265303839e-05
,imappo,,,,1485.0,0.0,0.0,0.002665163029632822,0.0,0.0,0.0,0.0,0.002665163029632822,0.0,0.0,0.0,0.0,0.0,,,,,,,
0.0355236791074276,imappo,0.0015126361977308989,-0.9794746041297913,0.0005540513504501501,1486.0,,,,,,,,,,,,,,0.3018006002000667,,,,,0.028598755598068237,0.013395699672400951
,imappo,,,,1486.0,0.0,0.0,0.6697850066839237,0.0,0.0,0.0,0.6666666865348816,0.00311830233749788,0.0,0.0,0.0,0.0,0.0,,,,,,,
0.016725854948163033,imappo,0.01109081506729126,-3.168048143386841,0.0005537512504168057,1487.0,,,,,,,,,,,,,,0.3016672224074691,,,,,0.02777782455086708,4.350640665506944e-05
,imappo,,,,1487.0,0.0,0.0,0.002175320512833423,0.0,0.0,0.0,0.0,0.002175320512833423,0.0,0.0,0.0,0.0,0.0,,,,,,,
0.01307400967925787,imappo,0.004747162573039532,-0.7557970881462097,0.0005534511503834613,1488.0,,,,,,,,,,,,,,0.30153384461487165,,,,,0.02863709256052971,0.013388030230998993
,imappo,,,,1488.0,0.0,0.0,0.6694015305274661,0.0,0.0,0.0,0.6666666865348816,0.002734815674557467,0.0,0.0,0.0,0.0,0.0,,,,,,,
0.006540341768413782,imappo,0.0030506558250635862,-2.932340383529663,0.0005531510503501166,1489.0,,,,,,,,,,,,,,0.30140046682227406,,,,,0.03316556662321091,3.097839362453669e-05
,imappo,,,,1489.0,0.0,0.0,0.0015489195938584999,0.0,0.0,0.0,0.0,0.0015489195938584999,0.0,0.0,0.0,0.0,0.0,,,,,,,
-0.004147738218307495,imappo,0.0033350870944559574,-2.714798927307129,0.0005528509503167722,1490.0,,,,,,,,,,,,,,0.3012670890296766,,,,,0.034238822758197784,4.327341594034806e-05
,imappo,,,,1490.0,0.0,0.0,0.002163670565096254,0.0,0.0,0.0,0.0,0.002163670565096254,0.0,0.0,0.0,0.0,0.0,,,,,,,
0.028813287615776062,imappo,0.0069679804146289825,-3.111252784729004,0.0005525508502834278,1491.0,,,,,,,,,,,,,,0.301133711237079,,,,,0.028276262804865837,3.987669333582744e-05
,imappo,,,,1491.0,0.0,0.0,0.0019938348077630508,0.0,0.0,0.0,0.0,0.0019938348077630508,0.0,0.0,0.0,0.0,0.0,,,,,,,
-0.013044914230704308,imappo,0.015199325047433376,-0.10324974358081818,0.0005522507502500834,1492.0,,,,,,,,,,,,,,0.3010003334444815,,,,,0.018517062067985535,0.013337194919586182
,imappo,,,,1492.0,0.0,0.0,0.6668597231655156,0.0,0.0,0.0,0.6666666865348816,0.000193026036839683,0.0,0.0,0.0,0.0,0.0,,,,,,,
-0.004701702855527401,imappo,0.01785004884004593,-0.8609651923179626,0.000551950650216739,1493.0,,,,,,,,,,,,,,0.3008669556518839,,,,,0.03220980986952782,0.013358746655285358
,imappo,,,,1493.0,0.0,0.0,0.6679373821577883,0.0,0.0,0.0,0.6666666865348816,0.0012706960594641714,0.0,0.0,0.0,0.0,0.0,,,,,,,
-0.0004938278580084443,imappo,0.005377697758376598,-1.4042253494262695,0.0005516505501833945,1494.0,,,,,,,,,,,,,,0.30073357785928645,,,,,0.03220803663134575,0.013391912914812565
,imappo,,,,1494.0,0.0,0.0,0.6695957084493784,0.0,0.0,0.0,0.6666666865348816,0.002929070896243502,0.0,0.0,0.0,0.0,0.0,,,,,,,
0.002946520922705531,imappo,0.020708374679088593,-2.5321993827819824,0.0005513504501500501,1495.0,,,,,,,,,,,,,,0.30060020006668886,,,,,0.01945478655397892,6.25897228019312e-05
,imappo,,,,1495.0,0.0,0.0,0.003129485628619477,0.0,0.0,0.0,0.0,0.003129485628619477,0.0,0.0,0.0,0.0,0.0,,,,,,,
0.00982606504112482,imappo,0.006796278525143862,-0.9231467843055725,0.0005510503501167056,1496.0,,,,,,,,,,,,,,0.3004668222740914,,,,,0.029901636764407158,0.013387704268097878
,imappo,,,,1496.0,0.0,0.0,0.669385194322814,0.0,0.0,0.0,0.6666666865348816,0.002718503567876951,0.0,0.0,0.0,0.0,0.0,,,,,,,
0.014828483574092388,imappo,0.0027456472162157297,-1.1832966804504395,0.0005507502500833612,1497.0,,,,,,,,,,,,,,0.3003334444814938,,,,,0.03463584557175636,0.013378879055380821
,imappo,,,,1497.0,0.0,0.0,0.6689438938297627,0.0,0.0,0.0,0.6666666865348816,0.002277195449622127,0.0,0.0,0.0,0.0,0.0,,,,,,,
-0.007955815643072128,imappo,0.004221057984977961,-0.01872134767472744,0.0005504501500500168,1498.0,,,,,,,,,,,,,,0.3002000666888963,,,,,0.013858362101018429,0.006749563850462437
,imappo,,,,1498.0,0.0,0.0,0.3374781860920848,0.0,0.0,0.0,0.3333333432674408,0.004144842591813358,0.0,0.0,0.0,0.0,0.0,,,,,,,
0.03459269180893898,imappo,0.009479066357016563,-2.339308738708496,0.0005501500500166723,1499.0,,,,,,,,,,,,,,0.30006668889629873,,,,,0.014898557215929031,2.413292895653285e-05
,imappo,,,,1499.0,0.0,0.0,0.0012066464430517954,0.0,0.0,0.0,0.0,0.0012066464430517954,0.0,0.0,0.0,0.0,0.0,,,,,,,
,imappo,,,,1499.0,,,,,,,,,,,,,,,0.0,0.0,0.0,0.0,,
0.001211968483403325,imappo,0.005618932191282511,-1.0150517225265503,0.0005498499499833278,1500.0,,,,,,,,,,,,,,0.29993331110370125,,,,,0.0318441204726696,0.013400337658822536
,imappo,,,,1500.0,0.0,0.0,0.6700168821234911,0.0,0.0,0.0,0.6666666865348816,0.0033502193591630203,0.0,0.0,0.0,0.0,0.0,,,,,,,
-0.0054977089166641235,imappo,0.0011003706604242325,-0.4259844720363617,0.0005495498499499833,1501.0,,,,,,,,,,,,,,0.29979993331110366,,,,,0.029587727040052414,0.013399768620729446
,imappo,,,,1501.0,0.0,0.0,0.6699884802413294,0.0,0.0,0.0,0.6666666865348816,0.0033217684152191396,0.0,0.0,0.0,0.0,0.0,,,,,,,
-0.0009353456553071737,imappo,0.0010243334108963609,-0.6412855386734009,0.0005492497499166389,1502.0,,,,,,,,,,,,,,0.2996665555185062,,,,,0.03003103658556938,0.013408252969384193
,imappo,,,,1502.0,0.0,0.0,0.6704126517824989,0.0,0.0,0.0,0.6666666865348816,0.003745944729416806,0.0,0.0,0.0,0.0,0.0,,,,,,,
-0.012197877280414104,imappo,0.0008688876987434924,-0.9305381178855896,0.0005489496498832945,1503.0,,,,,,,,,,,,,,0.2995331777259086,,,,,0.029172010719776154,0.01338864117860794
,imappo,,,,1503.0,0.0,0.0,0.6694320665930888,0.0,0.0,0.0,0.6666666865348816,0.0027653758090480096,0.0,0.0,0.0,0.0,0.0,,,,,,,
0.00726808188483119,imappo,0.007288774475455284,-2.392036199569702,0.0005486495498499501,1504.0,,,,,,,,,,,,,,0.2993997999333111,,,,,0.011845380067825317,3.0422275813180022e-05
,imappo,,,,1504.0,0.0,0.0,0.0015211138839958949,0.0,0.0,0.0,0.0,0.0015211138839958949,0.0,0.0,0.0,0.0,0.0,,,,,,,
-0.010945919901132584,imappo,0.0021960062440484762,0.05217307060956955,0.0005483494498166056,1505.0,,,,,,,,,,,,,,0.29926642214071353,,,,,0.012085499241948128,0.006744591519236565
,imappo,,,,1505.0,0.0,0.0,0.3372295968333674,0.0,0.0,0.0,0.3333333432674408,0.0038962379662734747,0.0,0.0,0.0,0.0,0.0,,,,,,,
-0.0034424890764057636,imappo,0.0018129581585526466,-0.5064896941184998,0.0005480493497832611,1506.0,,,,,,,,,,,,,,0.29913304434811605,,,,,0.027956008911132812,0.013396873138844967
,imappo,,,,1506.0,0.0,0.0,0.6698436152782961,0.0,0.0,0.0,0.6666666865348816,0.003176958720359835,0.0,0.0,0.0,0.0,0.0,,,,,,,
-0.002618290949612856,imappo,0.0025941759813576937,-2.5521442890167236,0.0005477492497499166,1507.0,,,,,,,,,,,,,,0.29899966655551846,,,,,0.034593597054481506,8.702954073669389e-05
,imappo,,,,1507.0,0.0,0.0,0.004351477024101769,0.0,0.0,0.0,0.0,0.004351477024101769,0.0,0.0,0.0,0.0,0.0,,,,,,,
0.00715592410415411,imappo,0.009701196104288101,-2.279386043548584,0.0005474491497165722,1508.0,,,,,,,,,,,,,,0.298866288762921,,,,,0.029686255380511284,5.434828199213371e-05
,imappo,,,,1508.0,0.0,0.0,0.002717414136895968,0.0,0.0,0.0,0.0,0.002717414136895968,0.0,0.0,0.0,0.0,0.0,,,,,,,
0.000581936095841229,imappo,0.008104048669338226,-2.509120225906372,0.0005471490496832278,1509.0,,,,,,,,,,,,,,0.2987329109703234,,,,,0.030244329944252968,8.361095387954265e-05
,imappo,,,,1509.0,0.0,0.0,0.0041805475671026215,0.0,0.0,0.0,0.0,0.0041805475671026215,0.0,0.0,0.0,0.0,0.0,,,,,,,
-0.006453636102378368,imappo,0.013857279904186726,-0.585602879524231,0.0005468489496498833,1510.0,,,,,,,,,,,,,,0.2985995331777259,,,,,0.02878445014357567,0.013430689461529255
,imappo,,,,1510.0,0.0,0.0,0.6715344219760482,0.0,0.0,0.0,0.6666666865348816,0.004867743706654437,0.0,0.0,0.0,0.0,0.0,,,,,,,
-0.0004911680007353425,imappo,0.0011406249832361937,-2.1632041931152344,0.0005465488496165389,1511.0,,,,,,,,,,,,,,0.2984661553851284,,,,,0.02790401503443718,5.052627238910645e-05
,imappo,,,,1511.0,0.0,0.0,0.0025263134325541614,0.0,0.0,0.0,0.0,0.0025263134325541614,0.0,0.0,0.0,0.0,0.0,,,,,,,
0.019091058522462845,imappo,0.007551759947091341,-0.8435269594192505,0.0005462487495831944,1512.0,,,,,,,,,,,,,,0.29833277759253085,,,,,0.03747677057981491,0.013378146104514599
,imappo,,,,1512.0,0.0,0.0,0.6689073295892172,0.0,0.0,0.0,0.6666666865348816,0.002240643054335578,0.0,0.0,0.0,0.0,0.0,,,,,,,
0.010818769223988056,imappo,0.0026073139160871506,-0.6210317611694336,0.00054594864954985,1513.0,,,,,,,,,,,,,,0.29819939979993326,,,,,0.024870123714208603,0.013410880230367184
,imappo,,,,1513.0,0.0,0.0,0.6705440394952689,0.0,0.0,0.0,0.6666666865348816,0.0038773304340224968,0.0,0.0,0.0,0.0,0.0,,,,,,,
0.016447879374027252,imappo,0.004541868809610605,-2.062396764755249,0.0005456485495165056,1514.0,,,,,,,,,,,,,,0.2980660220073358,,,,,0.028392963111400604,0.006714727729558945
,imappo,,,,1514.0,0.0,0.0,0.3357364159255667,0.0,0.0,0.0,0.3333333432674408,0.0024030897711782018,0.0,0.0,0.0,0.0,0.0,,,,,,,
0.04318605735898018,imappo,0.06279312819242477,-3.8831775188446045,0.0005453484494831612,1515.0,,,,,,,,,,,,,,0.29793264421473825,,,,,0.02904275245964527,8.881864050636068e-05
,imappo,,,,1515.0,0.0,0.0,0.00444093209807761,0.0,0.0,0.0,0.0,0.00444093209807761,0.0,0.0,0.0,0.0,0.0,,,,,,,
0.009663545526564121,imappo,0.005099190864712,-0.5845831632614136,0.0005450483494498166,1516.0,,,,,,,,,,,,,,0.2977992664221407,,,,,0.027165263891220093,0.013389190658926964
,imappo,,,,1516.0,0.0,0.0,0.6694594753325873,0.0,0.0,0.0,0.6666666865348816,0.0027928161043746513,0.0,0.0,0.0,0.0,0.0,,,,,,,
-0.005504111759364605,imappo,0.002597618382424116,-0.6424791216850281,0.0005447482494164721,1517.0,,,,,,,,,,,,,,0.29766588862954313,,,,,0.022996850311756134,0.013411159627139568
,imappo,,,,1517.0,0.0,0.0,0.670557934187002,0.0,0.0,0.0,0.6666666865348816,0.003891244712633579,0.0,0.0,0.0,0.0,0.0,,,,,,,
-0.005725794937461615,imappo,0.004772568121552467,-0.6368427276611328,0.0005444481493831277,1518.0,,,,,,,,,,,,,,0.29753251083694565,,,,,0.02957082912325859,0.01338602788746357
,imappo,,,,1518.0,0.0,0.0,0.6693014491252143,0.0,0.0,0.0,0.6666666865348816,0.0026347938123763015,0.0,0.0,0.0,0.0,0.0,,,,,,,
0.010378064587712288,imappo,0.002908318070694804,-0.9261685013771057,0.0005441480493497833,1519.0,,,,,,,,,,,,,,0.2973991330443481,,,,,0.035472266376018524,0.013365361839532852
,imappo,,,,1519.0,0.0,0.0,0.6682681176761207,0.0,0.0,0.0,0.6666666865348816,0.00160144815242802,0.0,0.0,0.0,0.0,0.0,,,,,,,
-0.010403873398900032,imappo,0.005954116117209196,-1.1750155687332153,0.0005438479493164389,1520.0,,,,,,,,,,,,,,0.2972657552517506,,,,,0.03171302378177643,0.013348698616027832
,imappo,,,,1520.0,0.0,0.0,0.6674349170713185,0.0,0.0,0.0,0.6666666865348816,0.0007682389474439333,0.0,0.0,0.0,0.0,0.0,,,,,,,
-0.007226855959743261,imappo,0.0018718104111030698,-0.5225726366043091,0.0005435478492830944,1521.0,,,,,,,,,,,,,,0.297132377459153,,,,,0.0303887277841568,0.013378569856286049
,imappo,,,,1521.0,0.0,0.0,0.6689285785772654,0.0,0.0,0.0,0.6666666865348816,0.0022619188542876145,0.0,0.0,0.0,0.0,0.0,,,,,,,
-0.002914577955380082,imappo,0.006575839128345251,-1.3369226455688477,0.0005432477492497499,1522.0,,,,,,,,,,,,,,0.2969989996665555,,,,,0.030674485489726067,0.013380305841565132
,imappo,,,,1522.0,0.0,0.0,0.669015269531883,0.0,0.0,0.0,0.6666666865348816,0.0023486160662287148,0.0,0.0,0.0,0.0,0.0,,,,,,,
-0.0005714818835258484,imappo,0.023190122097730637,-2.6200809478759766,0.0005429476492164055,1523.0,,,,,,,,,,,,,,0.296865621873958,,,,,0.021683968603610992,3.7455116398632526e-05
,imappo,,,,1523.0,0.0,0.0,0.0018727558995124127,0.0,0.0,0.0,0.0,0.0018727558995124127,0.0,0.0,0.0,0.0,0.0,,,,,,,
0.03370917961001396,imappo,0.009835200384259224,-2.6689693927764893,0.0005426475491830611,1524.0,,,,,,,,,,,,,,0.29673224408136045,,,,,0.02739819511771202,4.447835817700252e-05
,imappo,,,,1524.0,0.0,0.0,0.002223917821993382,0.0,0.0,0.0,0.0,0.002223917821993382,0.0,0.0,0.0,0.0,0.0,,,,,,,
0.07243824750185013,imappo,0.0074021159671247005,-2.974757432937622,0.0005423474491497166,1525.0,,,,,,,,,,,,,,0.29659886628876286,,,,,0.028020229190587997,0.006754772271960974
,imappo,,,,1525.0,0.0,0.0,0.33773860021210567,0.0,0.0,0.0,0.3333333432674408,0.00440525694466487,0.0,0.0,0.0,0.0,0.0,,,,,,,
0.03780921921133995,imappo,0.0033632167614996433,-3.2648019790649414,0.0005420473491163722,1526.0,,,,,,,,,,,,,,0.2964654884961654,,,,,0.02702803909778595,4.5911747292848304e-05
,imappo,,,,1526.0,0.0,0.0,0.002295587492881168,0.0,0.0,0.0,0.0,0.002295587492881168,0.0,0.0,0.0,0.0,0.0,,,,,,,
-0.014608418568968773,imappo,0.09463388472795486,-1.7100447416305542,0.0005417472490830277,1527.0,,,,,,,,,,,,,,0.29633211070356785,,,,,0.01877473294734955,0.013302557170391083
,imappo,,,,1527.0,0.0,0.0,0.6651279156706096,0.0,0.0,0.0,0.6666666865348816,-0.0015387757537155267,0.0,0.0,0.0,0.0,0.0,,,,,,,
-0.015268373303115368,imappo,0.004181402735412121,-0.127621129155159,0.0005414471490496832,1528.0,,,,,,,,,,,,,,0.2961987329109703,,,,,0.03616240248084068,0.013407927006483078
,imappo,,,,1528.0,0.0,0.0,0.6703962210212921,0.0,0.0,0.0,0.6666666865348816,0.0037295394195098197,0.0,0.0,0.0,0.0,0.0,,,,,,,
0.003452231176197529,imappo,0.003006584011018276,-1.2869404554367065,0.0005411470490163388,1529.0,,,,,,,,,,,,,,0.29606535511837273,,,,,0.0335419699549675,0.013420796021819115
,imappo,,,,1529.0,0.0,0.0,0.6710397592960362,0.0,0.0,0.0,0.6666666865348816,0.004373082838355913,0.0,0.0,0.0,0.0,0.0,,,,,,,
-0.0005950156482867897,imappo,0.001886987709440291,-1.06326425075531,0.0005408469489829944,1530.0,,,,,,,,,,,,,,0.29593197732577525,,,,,0.03338047116994858,0.01336083747446537
,imappo,,,,1530.0,0.0,0.0,0.6680419356328002,0.0,0.0,0.0,0.6666666865348816,0.0013752563884281699,0.0,0.0,0.0,0.0,0.0,,,,,,,
-0.006946828681975603,imappo,0.0020231588277965784,0.04248575121164322,0.00054054684894965,1531.0,,,,,,,,,,,,,,0.2957985995331777,,,,,0.027262747287750244,0.006728383246809244
,imappo,,,,1531.0,0.0,0.0,0.33641911932181756,0.0,0.0,0.0,0.3333333432674408,0.00308579532929798,0.0,0.0,0.0,0.0,0.0,,,,,,,
-0.007200967520475388,imappo,0.0015807624440640211,-0.717642068862915,0.0005402467489163055,1532.0,,,,,,,,,,,,,,0.2956652217405802,,,,,0.027322715148329735,0.013392407447099686
,imappo,,,,1532.0,0.0,0.0,0.66962037863982,0.0,0.0,0.0,0.6666666865348816,0.0029537354441799835,0.0,0.0,0.0,0.0,0.0,,,,,,,
-0.00563141331076622,imappo,0.0006478048744611442,-1.1755518913269043,0.000539946648882961,1533.0,,,,,,,,,,,,,,0.2955318439479826,,,,,0.03140716999769211,0.013366872444748878
,imappo,,,,1533.0,0.0,0.0,0.6683435742989445,0.0,0.0,0.0,0.6666666865348816,0.0016769012682402717,0.0,0.0,0.0,0.0,0.0,,,,,,,
0.0022857801523059607,imappo,0.0006919697625562549,-1.6349549293518066,0.0005396465488496165,1534.0,,,,,,,,,,,,,,0.2953984661553851,,,,,0.028701085597276688,0.013372685760259628
,imappo,,,,1534.0,0.0,0.0,0.6686342186490037,0.0,0.0,0.0,0.6666666865348816,0.001967560519460676,0.0,0.0,0.0,0.0,0.0,,,,,,,
0.002369005000218749,imappo,0.0004481222713366151,-1.6316899061203003,0.0005393464488162721,1535.0,,,,,,,,,,,,,,0.2952650883627876,,,,,0.028316255658864975,0.01337583176791668
,imappo,,,,1535.0,0.0,0.0,0.6687916110577135,0.0,0.0,0.0,0.6666666865348816,0.0021249075443847687,0.0,0.0,0.0,0.0,0.0,,,,,,,
0.05791950970888138,imappo,0.00044783513294532895,-1.7166224718093872,0.0005390463487829277,1536.0,,,,,,,,,,,,,,0.29513171057019005,,,,,0.03142619878053665,0.013390774838626385
,imappo,,,,1536.0,0.0,0.0,0.6695387791569374,0.0,0.0,0.0,0.6666666865348816,0.0028720937498292187,0.0,0.0,0.0,0.0,0.0,,,,,,,
-0.005955390632152557,imappo,0.0005436281207948923,-0.7544606328010559,0.0005387462487495831,1537.0,,,,,,,,,,,,,,0.29499833277759246,,,,,0.030873484909534454,0.01339855045080185
,imappo,,,,1537.0,0.0,0.0,0.6699275712361441,0.0,0.0,0.0,0.6666666865348816,0.0032609145617925606,0.0,0.0,0.0,0.0,0.0,,,,,,,
0.004820320289582014,imappo,0.00039195179124362767,-1.780031681060791,0.0005384461487162388,1538.0,,,,,,,,,,,,,,0.294864954984995,,,,,0.030852247029542923,0.013384239748120308
,imappo,,,,1538.0,0.0,0.0,0.6692120426622523,0.0,0.0,0.0,0.6666666865348816,0.002545387144778033,0.0,0.0,0.0,0.0,0.0,,,,,,,
0.0575665682554245,imappo,0.008705385960638523,-3.585935354232788,0.0005381460486828943,1539.0,,,,,,,,,,,,,,0.29473157719239745,,,,,0.027449846267700195,0.006785699166357517
,imappo,,,,1539.0,0.0,0.0,0.3392849724259577,0.0,0.0,0.0,0.3333333432674408,0.00595162915851688,0.0,0.0,0.0,0.0,0.0,,,,,,,
0.010825145989656448,imappo,0.0019163299584761262,-1.918324589729309,0.0005378459486495499,1540.0,,,,,,,,,,,,,,0.2945981993997999,,,,,0.0261748805642128,0.013368405401706696
,imappo,,,,1540.0,0.0,0.0,0.6684202543801803,0.0,0.0,0.0,0.6666666865348816,0.0017535184160806239,0.0,0.0,0.0,0.0,0.0,,,,,,,
-0.011329999193549156,imappo,0.0009121906477957964,-1.5310616493225098,0.0005375458486162055,1541.0,,,,,,,,,,,,,,0.29446482160720244,,,,,0.029371293261647224,0.013367611914873123
,imappo,,,,1541.0,0.0,0.0,0.6683806660437313,0.0,0.0,0.0,0.6666666865348816,0.001713997898832531,0.0,0.0,0.0,0.0,0.0,,,,,,,
-0.00021831702906638384,imappo,0.0008074379875324667,-1.7286523580551147,0.0005372457485828611,1542.0,,,,,,,,,,,,,,0.29433144381460485,,,,,0.0340055376291275,0.013387579470872879
,imappo,,,,1542.0,0.0,0.0,0.6693790416985621,0.0,0.0,0.0,0.6666666865348816,0.0027123243863798052,0.0,0.0,0.0,0.0,0.0,,,,,,,
0.0649198442697525,imappo,0.002581073669716716,-2.2387521266937256,0.0005369456485495165,1543.0,,,,,,,,,,,,,,0.2941980660220073,,,,,0.03139806538820267,0.013392169028520584
,imappo,,,,1543.0,0.0,0.0,0.6696084818095187,0.0,0.0,0.0,0.6666666865348816,0.002941812504104746,0.0,0.0,0.0,0.0,0.0,,,,,,,
-0.00308929942548275,imappo,0.0005752303986810148,-1.0491420030593872,0.000536645548516172,1544.0,,,,,,,,,,,,,,0.2940646882294098,,,,,0.03060268983244896,0.013394578360021114
,imappo,,,,1544.0,0.0,0.0,0.6697288666769055,0.0,0.0,0.0,0.6666666865348816,0.0030622099443462503,0.0,0.0,0.0,0.0,0.0,,,,,,,
-0.002731655491515994,imappo,0.0006284210248850286,-1.1625404357910156,0.0005363454484828276,1545.0,,,,,,,,,,,,,,0.2939313104368123,,,,,0.03126921504735947,0.013397219590842724
,imappo,,,,1545.0,0.0,0.0,0.6698609507706124,0.0,0.0,0.0,0.6666666865348816,0.003194267582671273,0.0,0.0,0.0,0.0,0.0,,,,,,,
-0.0019049260299652815,imappo,0.0005549925845116377,-1.1700818538665771,0.0005360453484494832,1546.0,,,,,,,,,,,,,,0.2937979326442147,,,,,0.030375314876437187,0.013395599089562893
,imappo,,,,1546.0,0.0,0.0,0.6697799262707349,0.0,0.0,0.0,0.6666666865348816,0.0031132258533261847,0.0,0.0,0.0,0.0,0.0,,,,,,,
-0.006386338733136654,imappo,0.00026578406686894596,-1.8502660989761353,0.0005357452484161388,1547.0,,,,,,,,,,,,,,0.2936645548516172,,,,,0.02810468152165413,0.013381905853748322
,imappo,,,,1547.0,0.0,0.0,0.6690952825292698,0.0,0.0,0.0,0.6666666865348816,0.0024285864137709723,0.0,0.0,0.0,0.0,0.0,,,,,,,
0.023923931643366814,imappo,0.0006032134406268597,-2.247615337371826,0.0005354451483827942,1548.0,,,,,,,,,,,,,,0.29353117705901965,,,,,0.03168337792158127,0.013384147547185421
,imappo,,,,1548.0,0.0,0.0,0.6692073924261308,0.0,0.0,0.0,0.6666666865348816,0.0025407470076856953,0.0,0.0,0.0,0.0,0.0,,,,,,,
0.005875033792108297,imappo,0.00038013572338968515,-1.4584355354309082,0.0005351450483494499,1549.0,,,,,,,,,,,,,,0.2933977992664222,,,,,0.029319247230887413,0.013390894047915936
,imappo,,,,1549.0,0.0,0.0,0.669544645958922,0.0,0.0,0.0,0.6666666865348816,0.00287798203771672,0.0,0.0,0.0,0.0,0.0,,,,,,,
0.0022229694295674562,imappo,0.0002848715812433511,-1.8796826601028442,0.0005348449483161054,1550.0,,,,,,,,,,,,,,0.2932644214738246,,,,,0.02665787935256958,0.013379225507378578
,imappo,,,,1550.0,0.0,0.0,0.6689613639873642,0.0,0.0,0.0,0.6666666865348816,0.0022946637736822595,0.0,0.0,0.0,0.0,0.0,,,,,,,
0.01692396216094494,imappo,0.0005708000971935689,-2.3274850845336914,0.000534544848282761,1551.0,,,,,,,,,,,,,,0.29313104368122705,,,,,0.02943393960595131,0.013376283459365368
,imappo,,,,1551.0,0.0,0.0,0.6688142413026981,0.0,0.0,0.0,0.6666666865348816,0.0021475353701134736,0.0,0.0,0.0,0.0,0.0,,,,,,,
-0.0002223053015768528,imappo,0.005990470759570599,-2.6574277877807617,0.0005342447482494164,1552.0,,,,,,,,,,,,,,0.2929976658886295,,,,,0.022871222347021103,0.006695104297250509
,imappo,,,,1552.0,0.0,0.0,0.33475518195933773,0.0,0.0,0.0,0.3333333432674408,0.0014218413112416783,0.0,0.0,0.0,0.0,0.0,,,,,,,
0.04407430812716484,imappo,0.000434711342677474,-2.3622357845306396,0.0005339446482160721,1553.0,,,,,,,,,,,,,,0.29286428809603204,,,,,0.026032080873847008,0.013371310196816921
,imappo,,,,1553.0,0.0,0.0,0.6685655252723564,0.0,0.0,0.0,0.6666666865348816,0.0018988356906675108,0.0,0.0,0.0,0.0,0.0,,,,,,,
-0.007336793467402458,imappo,0.0005679624737240374,-1.8758907318115234,0.0005336445481827276,1554.0,,,,,,,,,,,,,,0.29273091030343446,,,,,0.03431736305356026,0.013389199040830135
,imappo,,,,1554.0,0.0,0.0,0.6694599256188667,0.0,0.0,0.0,0.6666666865348816,0.0027932523262279574,0.0,0.0,0.0,0.0,0.0,,,,,,,
-0.0017612806987017393,imappo,0.00044209492625668645,-1.960492730140686,0.0005333444481493831,1555.0,,,,,,,,,,,,,,0.2925975325108369,,,,,0.027151618152856827,0.013369712978601456
,imappo,,,,1555.0,0.0,0.0,0.6684856803772163,0.0,0.0,0.0,0.6666666865348816,0.0018189904055816442,0.0,0.0,0.0,0.0,0.0,,,,,,,
-0.002497646026313305,imappo,0.00024029274936765432,-1.5487927198410034,0.0005330443481160387,1556.0,,,,,,,,,,,,,,0.2924641547182394,,,,,0.029718924313783646,0.013363713398575783
,imappo,,,,1556.0,0.0,0.0,0.6681856716827497,0.0,0.0,0.0,0.6666666865348816,0.0015190035069281294,0.0,0.0,0.0,0.0,0.0,,,,,,,
-0.007364804390817881,imappo,0.0006509723025374115,-0.06408460438251495,0.0005327442480826943,1557.0,,,,,,,,,,,,,,0.2923307769256419,,,,,0.026755280792713165,0.006759272888302803
,imappo,,,,1557.0,0.0,0.0,0.3379636172803373,0.0,0.0,0.0,0.3333333432674408,0.004630286352920621,0.0,0.0,0.0,0.0,0.0,,,,,,,
-0.009068453684449196,imappo,0.000788939418271184,-0.9626480340957642,0.0005324441480493499,1558.0,,,,,,,,,,,,,,0.2921973991330443,,,,,0.028750140219926834,0.013387104496359825
,imappo,,,,1558.0,0.0,0.0,0.6693552032103298,0.0,0.0,0.0,0.6666666865348816,0.002688550319476235,0.0,0.0,0.0,0.0,0.0,,,,,,,
0.011459719389677048,imappo,0.0006778512615710497,-2.786234140396118,0.0005321440480160053,1559.0,,,,,,,,,,,,,,0.2920640213404468,,,,,0.03220127522945404,0.013388602994382381
,imappo,,,,1559.0,0.0,0.0,0.6694301898653521,0.0,0.0,0.0,0.6666666865348816,0.0027635149481568533,0.0,0.0,0.0,0.0,0.0,,,,,,,
-0.0042250086553394794,imappo,0.00017489108722656965,-2.7391345500946045,0.000531843947982661,1560.0,,,,,,,,,,,,,,0.29193064354784926,,,,,0.024111038073897362,0.00669030612334609
,imappo,,,,1560.0,0.0,0.0,0.334515309044491,0.0,0.0,0.0,0.3333333432674408,0.0011819418682534888,0.0,0.0,0.0,0.0,0.0,,,,,,,
0.06911108642816544,imappo,0.00028312171343714,-2.32381272315979,0.0005315438479493164,1561.0,,,,,,,,,,,,,,0.2917972657552518,,,,,0.030362941324710846,0.013395560905337334
,imappo,,,,1561.0,0.0,0.0,0.66977812225241,0.0,0.0,0.0,0.6666666865348816,0.00311147294132752,0.0,0.0,0.0,0.0,0.0,,,,,,,
0.006795232649892569,imappo,0.0002898163511417806,-1.5479313135147095,0.000531243747915972,1562.0,,,,,,,,,,,,,,0.2916638879626542,,,,,0.028697364032268524,0.013357046991586685
,imappo,,,,1562.0,0.0,0.0,0.6678523603761732,0.0,0.0,0.0,0.6666666865348816,0.001185639265941063,0.0,0.0,0.0,0.0,0.0,,,,,,,
0.02224048413336277,imappo,0.0001617001398699358,-2.3464624881744385,0.0005309436478826275,1563.0,,,,,,,,,,,,,,0.29153051017005666,,,,,0.030479229986667633,0.01338538434356451
,imappo,,,,1563.0,0.0,0.0,0.669269238468587,0.0,0.0,0.0,0.6666666865348816,0.0026025519337053993,0.0,0.0,0.0,0.0,0.0,,,,,,,
-0.01180226169526577,imappo,0.0002485839941073209,-1.7567918300628662,0.0005306435478492832,1564.0,,,,,,,,,,,,,,0.2913971323774591,,,,,0.033438365906476974,0.01339707337319851
,imappo,,,,1564.0,0.0,0.0,0.6698536978442462,0.0,0.0,0.0,0.6666666865348816,0.0031870560528659553,0.0,0.0,0.0,0.0,0.0,,,,,,,
-0.0025545735843479633,imappo,0.00012865634926129133,-2.15039324760437,0.0005303434478159387,1565.0,,,,,,,,,,,,,,0.29126375458486164,,,,,0.02890981361269951,0.01338058803230524
,imappo,,,,1565.0,0.0,0.0,0.6690294344452923,0.0,0.0,0.0,0.6666666865348816,0.002362753920351679,0.0,0.0,0.0,0.0,0.0,,,,,,,
0.021976051852107048,imappo,0.002978024771437049,-3.1543514728546143,0.0005300433477825942,1566.0,,,,,,,,,,,,,,0.29113037679226406,,,,,0.03009243682026863,6.0944574215682223e-05
,imappo,,,,1566.0,0.0,0.0,0.0030472288275404935,0.0,0.0,0.0,0.0,0.0030472288275404935,0.0,0.0,0.0,0.0,0.0,,,,,,,
0.006103189196437597,imappo,0.0013909119879826903,-2.2222516536712646,0.0005297432477492498,1567.0,,,,,,,,,,,,,,0.2909969989996665,,,,,0.027464842423796654,0.013378636911511421
,imappo,,,,1567.0,0.0,0.0,0.6689317770724301,0.0,0.0,0.0,0.6666666865348816,0.002265047472974402,0.0,0.0,0.0,0.0,0.0,,,,,,,
-0.0032849956769496202,imappo,0.0016146391863003373,-1.074997901916504,0.0005294431477159054,1568.0,,,,,,,,,,,,,,0.290863621207069,,,,,0.029285838827490807,0.013397553004324436
,imappo,,,,1568.0,0.0,0.0,0.6698776256268957,0.0,0.0,0.0,0.6666666865348816,0.0032109688943364745,0.0,0.0,0.0,0.0,0.0,,,,,,,
0.017458414658904076,imappo,0.0007308455533348024,-1.910333514213562,0.000529143047682561,1569.0,,,,,,,,,,,,,,0.2907302434144715,,,,,0.027644231915473938,0.013368978165090084
,imappo,,,,1569.0,0.0,0.0,0.6684489453946298,0.0,0.0,0.0,0.6666666865348816,0.001782256851583952,0.0,0.0,0.0,0.0,0.0,,,,,,,
0.0023469743318855762,imappo,0.0003736971702892333,-1.5062837600708008,0.0005288429476492163,1570.0,,,,,,,,,,,,,,0.2905968656218739,,,,,0.030054081231355667,0.01338114496320486
,imappo,,,,1570.0,0.0,0.0,0.669057214670147,0.0,0.0,0.0,0.6666666865348816,0.0023905405116693146,0.0,0.0,0.0,0.0,0.0,,,,,,,
0.021517258137464523,imappo,0.00022513970907311887,-1.5013368129730225,0.000528542847615872,1571.0,,,,,,,,,,,,,,0.29046348782927645,,,,,0.03446246683597565,0.013386900536715984
,imappo,,,,1571.0,0.0,0.0,0.6693449732739456,0.0,0.0,0.0,0.6666666865348816,0.0026783200629498793,0.0,0.0,0.0,0.0,0.0,,,,,,,
0.022678758949041367,imappo,0.0002321715437574312,-1.4356133937835693,0.0005282427475825275,1572.0,,,,,,,,,,,,,,0.29033011003667886,,,,,0.0318654328584671,0.013382188975811005
,imappo,,,,1572.0,0.0,0.0,0.6691094244906708,0.0,0.0,0.0,0.6666666865348816,0.002442746090309811,0.0,0.0,0.0,0.0,0.0,,,,,,,
0.009523428976535797,imappo,0.00025613897014409304,-1.8342622518539429,0.0005279426475491831,1573.0,,,,,,,,,,,,,,0.2901967322440814,,,,,0.03170466795563698,0.013380571268498898
,imappo,,,,1573.0,0.0,0.0,0.6690285326068306,0.0,0.0,0.0,0.6666666865348816,0.0023618283731821066,0.0,0.0,0.0,0.0,0.0,,,,,,,
0.031063711270689964,imappo,0.00020037034119013697,-1.7465287446975708,0.0005276425475158386,1574.0,,,,,,,,,,,,,,0.2900633544514838,,,,,0.028018880635499954,0.01337458100169897
,imappo,,,,1574.0,0.0,0.0,0.6687290719323755,0.0,0.0,0.0,0.6666666865348816,0.0020624227595362754,0.0,0.0,0.0,0.0,0.0,,,,,,,
0.0058346400037407875,imappo,6.702495738863945e-05,-2.143571615219116,0.0005273424474824943,1575.0,,,,,,,,,,,,,,0.2899299766588863,,,,,0.02787349373102188,0.013374538160860538
,imappo,,,,1575.0,0.0,0.0,0.6687269321632812,0.0,0.0,0.0,0.6666666865348816,0.0020602447079909325,0.0,0.0,0.0,0.0,0.0,,,,,,,
-0.009443200193345547,imappo,8.640878513688222e-05,-1.9167745113372803,0.0005270423474491498,1576.0,,,,,,,,,,,,,,0.2897965988662887,,,,,0.028569795191287994,0.01337362453341484
,imappo,,,,1576.0,0.0,0.0,0.6686812462208991,0.0,0.0,0.0,0.6666666865348816,0.0020145570157410475,0.0,0.0,0.0,0.0,0.0,,,,,,,
-0.002626366913318634,imappo,8.440061355940998e-05,-2.699533224105835,0.0005267422474158053,1577.0,,,,,,,,,,,,,,0.28966322107369125,,,,,0.026589583605527878,0.013374102301895618
,imappo,,,,1577.0,0.0,0.0,0.668705141179089,0.0,0.0,0.0,0.6666666865348816,0.0020384752242534887,0.0,0.0,0.0,0.0,0.0,,,,,,,
0.000751964864321053,imappo,0.0001524340914329514,-2.228266477584839,0.0005264421473824608,1578.0,,,,,,,,,,,,,,0.28952984328109366,,,,,0.02650819718837738,0.013373314402997494
,imappo,,,,1578.0,0.0,0.0,0.6686657050568101,0.0,0.0,0.0,0.6666666865348816,0.0019990044356745784,0.0,0.0,0.0,0.0,0.0,,,,,,,
0.011774107813835144,imappo,0.0003511364047881216,-0.9261853098869324,0.0005261420473491164,1579.0,,,,,,,,,,,,,,0.2893964654884962,,,,,0.030364293605089188,0.013396132737398148
,imappo,,,,1579.0,0.0,0.0,0.6698066655107446,0.0,0.0,0.0,0.6666666865348816,0.00313997438473379,0.0,0.0,0.0,0.0,0.0,,,,,,,
-0.0035648278426378965,imappo,0.00037250795867294073,-0.3217325806617737,0.000525841947315772,1580.0,,,,,,,,,,,,,,0.2892630876958986,,,,,0.02265610732138157,0.006755047012120485
,imappo,,,,1580.0,0.0,0.0,0.33775237925169677,0.0,0.0,0.0,0.3333333432674408,0.004419031560473741,0.0,0.0,0.0,0.0,0.0,,,,,,,
0.0054402281530201435,imappo,0.0007330483058467507,-2.659621477127075,0.0005255418472824274,1581.0,,,,,,,,,,,,,,0.2891297099033011,,,,,0.030064206570386887,0.013369884341955185
,imappo,,,,1581.0,0.0,0.0,0.6684941732094103,0.0,0.0,0.0,0.6666666865348816,0.0018275178010753734,0.0,0.0,0.0,0.0,0.0,,,,,,,
0.0007672447245568037,imappo,0.0017581434221938252,-2.9992525577545166,0.000525241747249083,1582.0,,,,,,,,,,,,,,0.2889963321107035,,,,,0.03284076601266861,0.006710987072438002
,imappo,,,,1582.0,0.0,0.0,0.3355493742910767,0.0,0.0,0.0,0.3333333432674408,0.0022160248627187684,0.0,0.0,0.0,0.0,0.0,,,,,,,
0.002915057586506009,imappo,0.0009309892193414271,-0.879499614238739,0.0005249416472157386,1583.0,,,,,,,,,,,,,,0.28886295431810605,,,,,0.029148735105991364,0.013390243984758854
,imappo,,,,1583.0,0.0,0.0,0.6695121275035376,0.0,0.0,0.0,0.6666666865348816,0.002845443835383321,0.0,0.0,0.0,0.0,0.0,,,,,,,
0.004277382977306843,imappo,0.0006239250069484115,-2.040282726287842,0.0005246415471823942,1584.0,,,,,,,,,,,,,,0.28872957652550846,,,,,0.03364387899637222,0.01338556781411171
,imappo,,,,1584.0,0.0,0.0,0.669278383573328,0.0,0.0,0.0,0.6666666865348816,0.002611748439449002,0.0,0.0,0.0,0.0,0.0,,,,,,,
0.030862007290124893,imappo,0.0005115103558637202,-1.7579654455184937,0.0005243414471490497,1585.0,,,,,,,,,,,,,,0.288596198732911,,,,,0.032681070268154144,0.013389425352215767
,imappo,,,,1585.0,0.0,0.0,0.669471290527099,0.0,0.0,0.0,0.6666666865348816,0.002804602886271823,0.0,0.0,0.0,0.0,0.0,,,,,,,
0.0014480968238785863,imappo,0.0005752959987148643,-2.0296943187713623,0.0005240413471157054,1586.0,,,,,,,,,,,,,,0.28846282094031345,,,,,0.028158755972981453,0.01337076909840107
,imappo,,,,1586.0,0.0,0.0,0.6685384620031982,0.0,0.0,0.0,0.6666666865348816,0.001871763070084853,0.0,0.0,0.0,0.0,0.0,,,,,,,
-0.00083642773097381,imappo,0.0014404746470972896,-0.3068944811820984,0.0005237412470823608,1587.0,,,,,,,,,,,,,,0.2883294431477159,,,,,0.01488768681883812,0.006754191126674414
,imappo,,,,1587.0,0.0,0.0,0.3377095640224752,0.0,0.0,0.0,0.3333333432674408,0.004376235074118995,0.0,0.0,0.0,0.0,0.0,,,,,,,
-0.0009764344431459904,imappo,0.0014160065911710262,-1.2778806686401367,0.0005234411470490163,1588.0,,,,,,,,,,,,,,0.2881960653551183,,,,,0.029530830681324005,0.013392883352935314
,imappo,,,,1588.0,0.0,0.0,0.6696441020358179,0.0,0.0,0.0,0.6666666865348816,0.002977441170514794,0.0,0.0,0.0,0.0,0.0,,,,,,,
-0.0013892388669773936,imappo,0.001271787565201521,-1.69868004322052,0.0005231410470156719,1589.0,,,,,,,,,,,,,,0.28806268756252085,,,,,0.035202838480472565,0.013385708443820477
,imappo,,,,1589.0,0.0,0.0,0.6692854654523899,0.0,0.0,0.0,0.6666666865348816,0.002618782088916305,0.0,0.0,0.0,0.0,0.0,,,,,,,
0.002450521569699049,imappo,0.000991559005342424,-1.3290351629257202,0.0005228409469823275,1590.0,,,,,,,,,,,,,,0.2879293097699233,,,,,0.028167495504021645,0.013396437279880047
,imappo,,,,1590.0,0.0,0.0,0.6698218786591497,0.0,0.0,0.0,0.6666666865348816,0.0031551621473226987,0.0,0.0,0.0,0.0,0.0,,,,,,,
0.008211140520870686,imappo,0.0008991405484266579,-1.531030297279358,0.0005225408469489831,1591.0,,,,,,,,,,,,,,0.2877959319773258,,,,,0.03224041312932968,0.013379357755184174
,imappo,,,,1591.0,0.0,0.0,0.6689678697534873,0.0,0.0,0.0,0.6666666865348816,0.0023011901525933354,0.0,0.0,0.0,0.0,0.0,,,,,,,
0.0059702396392822266,imappo,0.000912509101908654,-1.8929498195648193,0.0005222407469156386,1592.0,,,,,,,,,,,,,,0.2876625541847282,,,,,0.0271754190325737,0.013378458097577095
,imappo,,,,1592.0,0.0,0.0,0.6689229084863655,0.0,0.0,0.0,0.6666666865348816,0.0022562188519259507,0.0,0.0,0.0,0.0,0.0,,,,,,,
0.011451173573732376,imappo,0.0005286298110149801,-1.2468605041503906,0.0005219406468822941,1593.0,,,,,,,,,,,,,,0.2875291763921307,,,,,0.03260844945907593,0.013383298180997372
,imappo,,,,1593.0,0.0,0.0,0.6691648775100418,0.0,0.0,0.0,0.6666666865348816,0.0024981897527993624,0.0,0.0,0.0,0.0,0.0,,,,,,,
-0.0014275361318141222,imappo,0.00041899606003426015,-2.307243824005127,0.0005216405468489497,1594.0,,,,,,,,,,,,,,0.2873957985995332,,,,,0.02691659703850746,0.013375947251915932
,imappo,,,,1594.0,0.0,0.0,0.6687973665430036,0.0,0.0,0.0,0.6666666865348816,0.0021306683956936467,0.0,0.0,0.0,0.0,0.0,,,,,,,
-0.0033326190896332264,imappo,0.00029963284032419324,-2.0850698947906494,0.0005213404468156053,1595.0,,,,,,,,,,,,,,0.28726242080693565,,,,,0.02615344151854515,0.013372224755585194
,imappo,,,,1595.0,0.0,0.0,0.6686112430157891,0.0,0.0,0.0,0.6666666865348816,0.0019445957733523755,0.0,0.0,0.0,0.0,0.0,,,,,,,
0.007236682344228029,imappo,0.0005272712442092597,-1.7702723741531372,0.0005210403467822607,1596.0,,,,,,,,,,,,,,0.28712904301433806,,,,,0.03252293914556503,0.013390801846981049
,imappo,,,,1596.0,0.0,0.0,0.6695402047830612,0.0,0.0,0.0,0.6666666865348816,0.002873488853310846,0.0,0.0,0.0,0.0,0.0,,,,,,,
0.01528894156217575,imappo,0.00026426248950883746,-2.6348519325256348,0.0005207402467489162,1597.0,,,,,,,,,,,,,,0.2869956652217406,,,,,0.023172203451395035,0.01335300412029028
,imappo,,,,1597.0,0.0,0.0,0.6676502563016129,0.0,0.0,0.0,0.6666666865348816,0.0009835643825226725,0.0,0.0,0.0,0.0,0.0,,,,,,,
-0.007768336683511734,imappo,0.00035266336635686457,-2.4660234451293945,0.0005204401467155719,1598.0,,,,,,,,,,,,,,0.28686228742914305,,,,,0.031056728214025497,0.013376664370298386
,imappo,,,,1598.0,0.0,0.0,0.6688332473531773,0.0,0.0,0.0,0.6666666865348816,0.0021665806671080645,0.0,0.0,0.0,0.0,0.0,,,,,,,
0.025602929294109344,imappo,0.000277056940831244,-2.245368242263794,0.0005201400466822274,1599.0,,,,,,,,,,,,,,0.2867289096365455,,,,,0.03253474086523056,0.013387996703386307
,imappo,,,,1599.0,0.0,0.0,0.6693998813129269,0.0,0.0,0.0,0.6666666865348816,0.0027331964078598503,0.0,0.0,0.0,0.0,0.0,,,,,,,
,imappo,,,,1599.0,,,,,,,,,,,,,,,0.0,0.0,0.6666666865348816,0.0,,
0.008881456218659878,imappo,0.00023275945568457246,-2.4592015743255615,0.000519839946648883,1600.0,,,,,,,,,,,,,,0.2865955318439479,,,,,0.025509342551231384,0.013373484835028648
,imappo,,,,1600.0,0.0,0.0,0.6686741577964312,0.0,0.0,0.0,0.6666666865348816,0.002007494588269765,0.0,0.0,0.0,0.0,0.0,,,,,,,
0.004025040194392204,imappo,0.0004329032963141799,-2.3087918758392334,0.0005195398466155386,1601.0,,,,,,,,,,,,,,0.28646215405135045,,,,,0.032018572092056274,0.013395252637565136
,imappo,,,,1601.0,0.0,0.0,0.6697626383052011,0.0,0.0,0.0,0.6666666865348816,0.0030959411474213994,0.0,0.0,0.0,0.0,0.0,,,,,,,
0.006565834395587444,imappo,0.00041285238694399595,-1.4976667165756226,0.0005192397465821942,1602.0,,,,,,,,,,,,,,0.2863287762587529,,,,,0.028887100517749786,0.013395906426012516
,imappo,,,,1602.0,0.0,0.0,0.6697953306702402,0.0,0.0,0.0,0.6666666865348816,0.0031286542925954564,0.0,0.0,0.0,0.0,0.0,,,,,,,
0.038232047110795975,imappo,0.00023554189829155803,-2.507112503051758,0.0005189396465488497,1603.0,,,,,,,,,,,,,,0.2861953984661554,,,,,0.02866194024682045,0.013376614078879356
,imappo,,,,1603.0,0.0,0.0,0.6688307024705864,0.0,0.0,0.0,0.6666666865348816,0.0021640136546920985,0.0,0.0,0.0,0.0,0.0,,,,,,,
-0.009627489373087883,imappo,0.00023095228243619204,-2.1014580726623535,0.0005186395465155052,1604.0,,,,,,,,,,,,,,0.2860620206735578,,,,,0.03371753916144371,0.013395274989306927
,imappo,,,,1604.0,0.0,0.0,0.6697637573757902,0.0,0.0,0.0,0.6666666865348816,0.003097083646594001,0.0,0.0,0.0,0.0,0.0,,,,,,,
0.0029593915678560734,imappo,0.0003407079784665257,-2.356729030609131,0.0005183394464821607,1605.0,,,,,,,,,,,,,,0.2859286428809603,,,,,0.029395751655101776,0.013391893357038498
,imappo,,,,1605.0,0.0,0.0,0.6695946616152924,0.0,0.0,0.0,0.6666666865348816,0.002928003834995252,0.0,0.0,0.0,0.0,0.0,,,,,,,
0.0034915145952254534,imappo,0.00025964935775846243,-2.7406022548675537,0.0005180393464488163,1606.0,,,,,,,,,,,,,,0.2857952650883628,,,,,0.028203211724758148,0.013377266004681587
,imappo,,,,1606.0,0.0,0.0,0.6688632199420681,0.0,0.0,0.0,0.6666666865348816,0.0021965366086078575,0.0,0.0,0.0,0.0,0.0,,,,,,,
-0.0030999695882201195,imappo,0.0002994634851347655,-2.0097365379333496,0.0005177392464154718,1607.0,,,,,,,,,,,,,,0.28566188729576525,,,,,0.031477123498916626,0.013381543569266796
,imappo,,,,1607.0,0.0,0.0,0.6690772108731835,0.0,0.0,0.0,0.6666666865348816,0.002410529978988052,0.0,0.0,0.0,0.0,0.0,,,,,,,
0.0034936205483973026,imappo,0.0002450181054882705,-1.982272744178772,0.0005174391463821273,1608.0,,,,,,,,,,,,,,0.28552850950316766,,,,,0.029618173837661743,0.01338130235671997
,imappo,,,,1608.0,0.0,0.0,0.6690651336157316,0.0,0.0,0.0,0.6666666865348816,0.0023984636818568106,0.0,0.0,0.0,0.0,0.0,,,,,,,
0.01971089094877243,imappo,0.00029258799622766674,-2.421830415725708,0.000517139046348783,1609.0,,,,,,,,,,,,,,0.2853951317105702,,,,,0.031248362734913826,0.01337229274213314
,imappo,,,,1609.0,0.0,0.0,0.6686147048180828,0.0,0.0,0.0,0.6666666865348816,0.0019479773523016775,0.0,0.0,0.0,0.0,0.0,,,,,,,
0.0038833310827612877,imappo,0.00019804824842140079,-2.5161030292510986,0.0005168389463154385,1610.0,,,,,,,,,,,,,,0.28526175391797265,,,,,0.026975084096193314,0.013370844535529613
,imappo,,,,1610.0,0.0,0.0,0.6685421957517974,0.0,0.0,0.0,0.6666666865348816,0.001875498128356412,0.0,0.0,0.0,0.0,0.0,,,,,,,
0.017389759421348572,imappo,0.0002537047548685223,-2.1593284606933594,0.0005165388462820941,1611.0,,,,,,,,,,,,,,0.2851283761253751,,,,,0.031920768320560455,0.013383503071963787
,imappo,,,,1611.0,0.0,0.0,0.6691752113522398,0.0,0.0,0.0,0.6666666865348816,0.002508521121171725,0.0,0.0,0.0,0.0,0.0,,,,,,,
0.10600979626178741,imappo,0.0002803554816637188,-1.9731857776641846,0.0005162387462487496,1612.0,,,,,,,,,,,,,,0.2849949983327775,,,,,0.027981018647551537,0.013386531732976437
,imappo,,,,1612.0,0.0,0.0,0.6693265931448877,0.0,0.0,0.0,0.6666666865348816,0.0026599047182571667,0.0,0.0,0.0,0.0,0.0,,,,,,,
0.0024392413906753063,imappo,0.00020070432219654322,-2.16066837310791,0.0005159386462154053,1613.0,,,,,,,,,,,,,,0.28486162054018005,,,,,0.030274828895926476,0.01338254101574421
,imappo,,,,1613.0,0.0,0.0,0.669126993951636,0.0,0.0,0.0,0.6666666865348816,0.002460349297166431,0.0,0.0,0.0,0.0,0.0,,,,,,,
0.013248792849481106,imappo,0.0006612481665797532,-2.7496283054351807,0.0005156385461820607,1614.0,,,,,,,,,,,,,,0.2847282427475825,,,,,0.029334325343370438,0.013379741460084915
,imappo,,,,1614.0,0.0,0.0,0.6689870682589003,0.0,0.0,0.0,0.6666666865348816,0.0023203817240187163,0.0,0.0,0.0,0.0,0.0,,,,,,,
-0.007771499454975128,imappo,0.00018358622037339956,-2.75718092918396,0.0005153384461487162,1615.0,,,,,,,,,,,,,,0.284594864954985,,,,,0.024710357189178467,0.013368395157158375
,imappo,,,,1615.0,0.0,0.0,0.668419728794106,0.0,0.0,0.0,0.6666666865348816,0.0017530596633150708,0.0,0.0,0.0,0.0,0.0,,,,,,,
0.06558281183242798,imappo,0.0002679347526282072,-2.672337293624878,0.0005150383461153718,1616.0,,,,,,,,,,,,,,0.2844614871623875,,,,,0.027695491909980774,0.013372711837291718
,imappo,,,,1616.0,0.0,0.0,0.6686355941083093,0.0,0.0,0.0,0.6666666865348816,0.0019689085775098647,0.0,0.0,0.0,0.0,0.0,,,,,,,
0.08112768083810806,imappo,0.0002371768350712955,-2.4624810218811035,0.0005147382460820274,1617.0,,,,,,,,,,,,,,0.2843281093697899,,,,,0.029757730662822723,0.013376450166106224
,imappo,,,,1617.0,0.0,0.0,0.6688225553425582,0.0,0.0,0.0,0.6666666865348816,0.0021558688076765975,0.0,0.0,0.0,0.0,0.0,,,,,,,
0.035408589988946915,imappo,0.00031953101279214025,-2.240778923034668,0.0005144381460486829,1618.0,,,,,,,,,,,,,,0.2841947315771924,,,,,0.029324661940336227,0.013380467891693115
,imappo,,,,1618.0,0.0,0.0,0.6690233908311711,0.0,0.0,0.0,0.6666666865348816,0.002356698650146427,0.0,0.0,0.0,0.0,0.0,,,,,,,
0.02263568341732025,imappo,0.00021522630413528532,-2.364226818084717,0.0005141380460153384,1619.0,,,,,,,,,,,,,,0.28406135378459485,,,,,0.02865622192621231,0.013375351205468178
,imappo,,,,1619.0,0.0,0.0,0.6687674760723894,0.0,0.0,0.0,0.6666666865348816,0.0021007924360674224,0.0,0.0,0.0,0.0,0.0,,,,,,,
-0.0021332907490432262,imappo,0.0002791695296764374,-2.2430458068847656,0.0005138379459819941,1620.0,,,,,,,,,,,,,,0.28392797599199737,,,,,0.022795364260673523,0.013368094339966774
,imappo,,,,1620.0,0.0,0.0,0.6684046664073549,0.0,0.0,0.0,0.6666666865348816,0.0017380097912109704,0.0,0.0,0.0,0.0,0.0,,,,,,,
-0.003105117939412594,imappo,0.0005065606674179435,-0.3467167615890503,0.0005135378459486496,1621.0,,,,,,,,,,,,,,0.2837945981993998,,,,,0.027647890150547028,0.006779661402106285
,imappo,,,,1621.0,0.0,0.0,0.33898304959348025,0.0,0.0,0.0,0.3333333432674408,0.005649686659126019,0.0,0.0,0.0,0.0,0.0,,,,,,,
-9.735277853906155e-05,imappo,0.001425763824954629,-2.0252845287323,0.0005132377459153052,1622.0,,,,,,,,,,,,,,0.28366122040680225,,,,,0.031172752380371094,0.013378137722611427
,imappo,,,,1622.0,0.0,0.0,0.6689068568530274,0.0,0.0,0.0,0.6666666865348816,0.0022401650430765585,0.0,0.0,0.0,0.0,0.0,,,,,,,
0.010757203213870525,imappo,0.00042792956810444593,-2.1689393520355225,0.0005129376458819606,1623.0,,,,,,,,,,,,,,0.2835278426142047,,,,,0.029156796634197235,0.013371173292398453
,imappo,,,,1623.0,0.0,0.0,0.6685586804742343,0.0,0.0,0.0,0.6666666865348816,0.0018919939393526874,0.0,0.0,0.0,0.0,0.0,,,,,,,
0.010916267521679401,imappo,0.00030683056684210896,-1.1165004968643188,0.0005126375458486163,1624.0,,,,,,,,,,,,,,0.28339446482160724,,,,,0.0281987302005291,0.013394704088568687
,imappo,,,,1624.0,0.0,0.0,0.6697352215415577,0.0,0.0,0.0,0.6666666865348816,0.0030685052043537553,0.0,0.0,0.0,0.0,0.0,,,,,,,
0.007867874577641487,imappo,0.0003135599254164845,-1.4582407474517822,0.0005123374458152718,1625.0,,,,,,,,,,,,,,0.28326108702900965,,,,,0.03517957776784897,0.013383515179157257
,imappo,,,,1625.0,0.0,0.0,0.6691757478479303,0.0,0.0,0.0,0.6666666865348816,0.002509059012027137,0.0,0.0,0.0,0.0,0.0,,,,,,,
0.014538946561515331,imappo,0.0002454213099554181,-1.647679090499878,0.0005120373457819273,1626.0,,,,,,,,,,,,,,0.2831277092364121,,,,,0.031422123312950134,0.013387465849518776
,imappo,,,,1626.0,0.0,0.0,0.6693732220924176,0.0,0.0,0.0,0.6666666865348816,0.002706514559122297,0.0,0.0,0.0,0.0,0.0,,,,,,,
0.007090626750141382,imappo,0.00020339066395536065,-2.0838401317596436,0.0005117372457485829,1627.0,,,,,,,,,,,,,,0.2829943314438146,,,,,0.028370048850774765,0.013370982371270657
,imappo,,,,1627.0,0.0,0.0,0.668549148652346,0.0,0.0,0.0,0.6666666865348816,0.0018824621174644562,0.0,0.0,0.0,0.0,0.0,,,,,,,
0.035500962287187576,imappo,0.00028390975785441697,-1.8001234531402588,0.0005114371457152385,1628.0,,,,,,,,,,,,,,0.2828609536512171,,,,,0.029935559257864952,0.013381569646298885
,imappo,,,,1628.0,0.0,0.0,0.6690784802760277,0.0,0.0,0.0,0.6666666865348816,0.0024118540442827907,0.0,0.0,0.0,0.0,0.0,,,,,,,
-0.00712351780384779,imappo,0.00031149116693995893,-1.3342124223709106,0.000511137045681894,1629.0,,,,,,,,,,,,,,0.2827275758586195,,,,,0.03038003109395504,0.013377304188907146
,imappo,,,,1629.0,0.0,0.0,0.6688652415832621,0.0,0.0,0.0,0.6666666865348816,0.0021985843959555496,0.0,0.0,0.0,0.0,0.0,,,,,,,
-0.005733049008995295,imappo,0.0001925319229485467,-1.7804237604141235,0.0005108369456485496,1630.0,,,,,,,,,,,,,,0.282594198066022,,,,,0.029965441673994064,0.013379338197410107
,imappo,,,,1630.0,0.0,0.0,0.6689669431477796,0.0,0.0,0.0,0.6666666865348816,0.0023002306668331585,0.0,0.0,0.0,0.0,0.0,,,,,,,
-0.011739106848835945,imappo,0.0003363163268659264,-2.184868812561035,0.0005105368456152052,1631.0,,,,,,,,,,,,,,0.28246082027342445,,,,,0.03400355577468872,0.013378947041928768
,imappo,,,,1631.0,0.0,0.0,0.6689473216335955,0.0,0.0,0.0,0.6666666865348816,0.002280668524463181,0.0,0.0,0.0,0.0,0.0,,,,,,,
-0.0021426952444016933,imappo,0.000235922314459458,-1.434401273727417,0.0005102367455818606,1632.0,,,,,,,,,,,,,,0.282327442480827,,,,,0.029223348945379257,0.013373908586800098
,imappo,,,,1632.0,0.0,0.0,0.6686954604472248,0.0,0.0,0.0,0.6666666865348816,0.00202874314231849,0.0,0.0,0.0,0.0,0.0,,,,,,,
0.026115376502275467,imappo,0.00012501022138167173,-2.2540555000305176,0.0005099366455485162,1633.0,,,,,,,,,,,,,,0.2821940646882294,,,,,0.030080977827310562,0.013370858505368233
,imappo,,,,1633.0,0.0,0.0,0.6685429107773757,0.0,0.0,0.0,0.6666666865348816,0.0018762207445774948,0.0,0.0,0.0,0.0,0.0,,,,,,,
0.03747614473104477,imappo,0.00023923226399347186,-2.2802176475524902,0.0005096365455151717,1634.0,,,,,,,,,,,,,,0.28206068689563185,,,,,0.024191200733184814,0.013372008688747883
,imappo,,,,1634.0,0.0,0.0,0.6686003669608453,0.0,0.0,0.0,0.6666666865348816,0.0019336708508035372,0.0,0.0,0.0,0.0,0.0,,,,,,,
-0.0030153272673487663,imappo,0.0004595902282744646,-1.327022671699524,0.0005093364454818273,1635.0,,,,,,,,,,,,,,0.2819273091030343,,,,,0.027834827080368996,0.01339268684387207
,imappo,,,,1635.0,0.0,0.0,0.669634398621838,0.0,0.0,0.0,0.6666666865348816,0.002967712057852623,0.0,0.0,0.0,0.0,0.0,,,,,,,
0.007187319919466972,imappo,0.00016950555436778814,-1.6171905994415283,0.0005090363454484829,1636.0,,,,,,,,,,,,,,0.28179393131043684,,,,,0.0344904288649559,0.013376201502978802
,imappo,,,,1636.0,0.0,0.0,0.6688100662277066,0.0,0.0,0.0,0.6666666865348816,0.002143366566997429,0.0,0.0,0.0,0.0,0.0,,,,,,,
0.010972931981086731,imappo,0.00015937355055939406,-1.6215554475784302,0.0005087362454151384,1637.0,,,,,,,,,,,,,,0.28166055351783925,,,,,0.03283438831567764,0.01336748618632555
,imappo,,,,1637.0,0.0,0.0,0.6683743890206983,0.0,0.0,0.0,0.6666666865348816,0.0017076967232583229,0.0,0.0,0.0,0.0,0.0,,,,,,,
0.009309949353337288,imappo,0.0001706558687146753,-1.5183160305023193,0.000508436145381794,1638.0,,,,,,,,,,,,,,0.2815271757252417,,,,,0.036019012331962585,0.013394206762313843
,imappo,,,,1638.0,0.0,0.0,0.6697102457544588,0.0,0.0,0.0,0.6666666865348816,0.003043592368840109,0.0,0.0,0.0,0.0,0.0,,,,,,,
0.005086123943328857,imappo,0.00012147543020546436,-1.6359443664550781,0.0005081360453484496,1639.0,,,,,,,,,,,,,,0.2813937979326442,,,,,0.03021896630525589,0.013373557478189468
,imappo,,,,1639.0,0.0,0.0,0.6686778673736171,0.0,0.0,0.0,0.6666666865348816,0.00201121641816826,0.0,0.0,0.0,0.0,0.0,,,,,,,
0.01229715533554554,imappo,0.000222302638576366,-2.306838274002075,0.000507835945315105,1640.0,,,,,,,,,,,,,,0.2812604201400467,,,,,0.03163730353116989,0.013394386507570744
,imappo,,,,1640.0,0.0,0.0,0.6697193397067736,0.0,0.0,0.0,0.6666666865348816,0.0030526531718919614,0.0,0.0,0.0,0.0,0.0,,,,,,,
-0.005176953971385956,imappo,0.0001295385300181806,-1.683172345161438,0.0005075358452817606,1641.0,,,,,,,,,,,,,,0.2811270423474491,,,,,0.0310080423951149,0.013389954343438148
,imappo,,,,1641.0,0.0,0.0,0.6694976970561584,0.0,0.0,0.0,0.6666666865348816,0.002831005362622818,0.0,0.0,0.0,0.0,0.0,,,,,,,
0.03682887181639671,imappo,0.00015281415835488588,-1.9732087850570679,0.0005072357452484161,1642.0,,,,,,,,,,,,,,0.2809936645548516,,,,,0.023529380559921265,0.013363081961870193
,imappo,,,,1642.0,0.0,0.0,0.6681540989527548,0.0,0.0,0.0,0.6666666865348816,0.001487444490294365,0.0,0.0,0.0,0.0,0.0,,,,,,,
0.029127204790711403,imappo,0.0002604107721708715,-2.0965404510498047,0.0005069356452150717,1643.0,,,,,,,,,,,,,,0.28086028676225405,,,,,0.02973375841975212,0.013366086408495903
,imappo,,,,1643.0,0.0,0.0,0.6683043533216733,0.0,0.0,0.0,0.6666666865348816,0.0016376470252907893,0.0,0.0,0.0,0.0,0.0,,,,,,,
-0.004194192588329315,imappo,0.0001609139289939776,-1.4736405611038208,0.0005066355451817273,1644.0,,,,,,,,,,,,,,0.2807269089696566,,,,,0.029793385416269302,0.01338968239724636
,imappo,,,,1644.0,0.0,0.0,0.6694841464914134,0.0,0.0,0.0,0.6666666865348816,0.002817452309500368,0.0,0.0,0.0,0.0,0.0,,,,,,,
0.0043756174854934216,imappo,0.00014777915203012526,-1.7630047798156738,0.0005063354451483828,1645.0,,,,,,,,,,,,,,0.280593531177059,,,,,0.03304930776357651,0.013391410931944847
,imappo,,,,1645.0,0.0,0.0,0.6695705009676658,0.0,0.0,0.0,0.6666666865348816,0.002903854508758741,0.0,0.0,0.0,0.0,0.0,,,,,,,
0.006881856359541416,imappo,0.00011146651377202943,-1.6380549669265747,0.0005060353451150384,1646.0,,,,,,,,,,,,,,0.2804601533844615,,,,,0.028392240405082703,0.01338014006614685
,imappo,,,,1646.0,0.0,0.0,0.6690069669466538,0.0,0.0,0.0,0.6666666865348816,0.002340300653486338,0.0,0.0,0.0,0.0,0.0,,,,,,,
0.020739898085594177,imappo,8.950635674409568e-05,-2.2417664527893066,0.000505735245081694,1647.0,,,,,,,,,,,,,,0.2803267755918639,,,,,0.02851114235818386,0.013374537229537964
,imappo,,,,1647.0,0.0,0.0,0.6687268065434182,0.0,0.0,0.0,0.6666666865348816,0.00206013469141908,0.0,0.0,0.0,0.0,0.0,,,,,,,
-0.0028153571765869856,imappo,0.00013420193863566965,-1.456112027168274,0.0005054351450483495,1648.0,,,,,,,,,,,,,,0.28019339779926644,,,,,0.030510209500789642,0.013369276188313961
,imappo,,,,1648.0,0.0,0.0,0.6684638281122375,0.0,0.0,0.0,0.6666666865348816,0.001797146073897693,0.0,0.0,0.0,0.0,0.0,,,,,,,
0.04575278237462044,imappo,0.00016643507115077227,-1.8834620714187622,0.000505135045015005,1649.0,,,,,,,,,,,,,,0.28006002000666885,,,,,0.030576273798942566,0.01337937731295824
,imappo,,,,1649.0,0.0,0.0,0.6689688328972352,0.0,0.0,0.0,0.6666666865348816,0.002302145241856124,0.0,0.0,0.0,0.0,0.0,,,,,,,
-0.0006312120240181684,imappo,0.00021736708004027605,-2.076301097869873,0.0005048349449816606,1650.0,,,,,,,,,,,,,,0.2799266422140714,,,,,0.030088957399129868,0.013377314433455467
,imappo,,,,1650.0,0.0,0.0,0.6688657119393611,0.0,0.0,0.0,0.6666666865348816,0.0021990185541653773,0.0,0.0,0.0,0.0,0.0,,,,,,,
-0.005346520803868771,imappo,0.00015685973630752414,-1.4005190134048462,0.0005045348449483161,1651.0,,,,,,,,,,,,,,0.2797932644214738,,,,,0.033517517149448395,0.013374824076890945
,imappo,,,,1651.0,0.0,0.0,0.6687412540567124,0.0,0.0,0.0,0.6666666865348816,0.0020745377195083847,0.0,0.0,0.0,0.0,0.0,,,,,,,
0.000212845450732857,imappo,0.0001152174299932085,-1.5805805921554565,0.0005042347449149717,1652.0,,,,,,,,,,,,,,0.2796598866288763,,,,,0.03182750195264816,0.013376758433878422
,imappo,,,,1652.0,0.0,0.0,0.6688378933215517,0.0,0.0,0.0,0.6666666865348816,0.0021711889460220846,0.0,0.0,0.0,0.0,0.0,,,,,,,
0.08722522854804993,imappo,0.00019751052604988217,-1.8451224565505981,0.0005039346448816272,1653.0,,,,,,,,,,,,,,0.2795265088362787,,,,,0.02859300747513771,0.013373244553804398
,imappo,,,,1653.0,0.0,0.0,0.6686622402610851,0.0,0.0,0.0,0.6666666865348816,0.00199558048717563,0.0,0.0,0.0,0.0,0.0,,,,,,,
-0.00632961792871356,imappo,0.00012430733477231115,-1.3702280521392822,0.0005036345448482828,1654.0,,,,,,,,,,,,,,0.27939313104368124,,,,,0.028667468577623367,0.013377154245972633
,imappo,,,,1654.0,0.0,0.0,0.6688577134750631,0.0,0.0,0.0,0.6666666865348816,0.002191038217915775,0.0,0.0,0.0,0.0,0.0,,,,,,,
0.038848571479320526,imappo,6.467736238846555e-05,-2.2332561016082764,0.0005033344448149384,1655.0,,,,,,,,,,,,,,0.27925975325108365,,,,,0.028567317873239517,0.013373203575611115
,imappo,,,,1655.0,0.0,0.0,0.6686601793903719,0.0,0.0,0.0,0.6666666865348816,0.00199348800970256,0.0,0.0,0.0,0.0,0.0,,,,,,,
0.008032462559640408,imappo,0.00013443776697386056,-1.332601547241211,0.0005030343447815939,1656.0,,,,,,,,,,,,,,0.2791263754584862,,,,,0.027658231556415558,0.013376915827393532
,imappo,,,,1656.0,0.0,0.0,0.6688458102239565,0.0,0.0,0.0,0.6666666865348816,0.0021791057902191824,0.0,0.0,0.0,0.0,0.0,,,,,,,
-0.003869222477078438,imappo,0.00015044058091007173,-1.1588943004608154,0.0005027342447482494,1657.0,,,,,,,,,,,,,,0.2789929976658886,,,,,0.027961887419223785,0.013389183208346367
,imappo,,,,1657.0,0.0,0.0,0.6694591249656696,0.0,0.0,0.0,0.6666666865348816,0.00279242508668176,0.0,0.0,0.0,0.0,0.0,,,,,,,
0.001772240735590458,imappo,0.00012641398643609136,-1.5420719385147095,0.000502434144714905,1658.0,,,,,,,,,,,,,,0.2788596198732911,,,,,0.03620479255914688,0.013374433852732182
,imappo,,,,1658.0,0.0,0.0,0.668721655868012,0.0,0.0,0.0,0.6666666865348816,0.0020550113881654397,0.0,0.0,0.0,0.0,0.0,,,,,,,
0.0012565406505018473,imappo,9.956582653103396e-05,-1.7012687921524048,0.0005021340446815605,1659.0,,,,,,,,,,,,,,0.2787262420806935,,,,,0.030767906457185745,0.01337919756770134
,imappo,,,,1659.0,0.0,0.0,0.6689599157525663,0.0,0.0,0.0,0.6666666865348816,0.0022932292176847113,0.0,0.0,0.0,0.0,0.0,,,,,,,
0.00653961393982172,imappo,6.285141716944054e-05,-1.640214443206787,0.0005018339446482161,1660.0,,,,,,,,,,,,,,0.27859286428809604,,,,,0.030208293348550797,0.013379151932895184
,imappo,,,,1660.0,0.0,0.0,0.6689575882282952,0.0,0.0,0.0,0.6666666865348816,0.002290899248691858,0.0,0.0,0.0,0.0,0.0,,,,,,,
-0.007422990631312132,imappo,8.259478636318818e-05,-1.5459202527999878,0.0005015338446148717,1661.0,,,,,,,,,,,,,,0.2784594864954985,,,,,0.029695933684706688,0.013381874188780785
,imappo,,,,1661.0,0.0,0.0,0.669093713214238,0.0,0.0,0.0,0.6666666865348816,0.002427031103138688,0.0,0.0,0.0,0.0,0.0,,,,,,,
-0.009173044934868813,imappo,8.632816025055945e-05,-1.7872165441513062,0.0005012337445815272,1662.0,,,,,,,,,,,,,,0.278326108702901,,,,,0.030428998172283173,0.013378160074353218
,imappo,,,,1662.0,0.0,0.0,0.6689080715914315,0.0,0.0,0.0,0.6666666865348816,0.002241377795144217,0.0,0.0,0.0,0.0,0.0,,,,,,,
0.11727332323789597,imappo,5.505105582415126e-05,-2.058558464050293,0.0005009336445481828,1663.0,,,,,,,,,,,,,,0.2781927309103034,,,,,0.03007820062339306,0.013367366977036
,imappo,,,,1663.0,0.0,0.0,0.6683683557539553,0.0,0.0,0.0,0.6666666865348816,0.0017016850515574333,0.0,0.0,0.0,0.0,0.0,,,,,,,
-0.009175342507660389,imappo,0.0004032063588965684,-0.301668256521225,0.0005006335445148383,1664.0,,,,,,,,,,,,,,0.2780593531177059,,,,,0.01633710227906704,0.006743627600371838
,imappo,,,,1664.0,0.0,0.0,0.3371813751609807,0.0,0.0,0.0,0.3333333432674408,0.003848030380140699,0.0,0.0,0.0,0.0,0.0,,,,,,,
0.02051871456205845,imappo,0.0007965469267219305,-1.2340741157531738,0.0005003334444814939,1665.0,,,,,,,,,,,,,,0.2779259753251084,,,,,0.0269777849316597,0.013384195975959301
,imappo,,,,1665.0,0.0,0.0,0.6692098788712428,0.0,0.0,0.0,0.6666666865348816,0.0025432143388570694,0.0,0.0,0.0,0.0,0.0,,,,,,,
0.035791557282209396,imappo,0.0003062433679588139,-2.0755136013031006,0.0005000333444481495,1666.0,,,,,,,,,,,,,,0.27779259753251084,,,,,0.02959880605340004,0.013388399966061115
,imappo,,,,1666.0,0.0,0.0,0.6694199763892357,0.0,0.0,0.0,0.6666666865348816,0.0027532898543540796,0.0,0.0,0.0,0.0,0.0,,,,,,,
0.016002893447875977,imappo,0.00015035233809612691,-1.9471936225891113,0.0004997332444148049,1667.0,,,,,,,,,,,,,,0.27765921973991325,,,,,0.030513759702444077,0.013394458219408989
,imappo,,,,1667.0,0.0,0.0,0.6697229392393638,0.0,0.0,0.0,0.6666666865348816,0.003056266928979312,0.0,0.0,0.0,0.0,0.0,,,,,,,
-0.01225711964070797,imappo,0.00017488573212176561,-2.156129837036133,0.0004994331443814604,1668.0,,,,,,,,,,,,,,0.2775258419473158,,,,,0.028310662135481834,0.013380024582147598
,imappo,,,,1668.0,0.0,0.0,0.6690012023755116,0.0,0.0,0.0,0.6666666865348816,0.002334515840630047,0.0,0.0,0.0,0.0,0.0,,,,,,,
-0.006600405555218458,imappo,8.262663322966546e-05,-1.5779229402542114,0.0004991330443481161,1669.0,,,,,,,,,,,,,,0.27739246415471824,,,,,0.033119771629571915,0.013385568745434284
,imappo,,,,1669.0,0.0,0.0,0.6692783374448936,0.0,0.0,0.0,0.6666666865348816,0.002611650910012031,0.0,0.0,0.0,0.0,0.0,,,,,,,
0.043386004865169525,imappo,9.892159869195893e-05,-1.8130602836608887,0.0004988329443147716,1670.0,,,,,,,,,,,,,,0.2772590863621207,,,,,0.030669985339045525,0.013386718928813934
,imappo,,,,1670.0,0.0,0.0,0.6693360106404498,0.0,0.0,0.0,0.6666666865348816,0.0026693117364402497,0.0,0.0,0.0,0.0,0.0,,,,,,,
0.02541499212384224,imappo,0.00021771620959043503,-2.576082468032837,0.0004985328442814272,1671.0,,,,,,,,,,,,,,0.2771257085695231,,,,,0.03060740977525711,0.013397096656262875
,imappo,,,,1671.0,0.0,0.0,0.6698548503910473,0.0,0.0,0.0,0.6666666865348816,0.0031881759633591855,0.0,0.0,0.0,0.0,0.0,,,,,,,
-0.0015755718341097236,imappo,6.953747652005404e-05,-1.6153972148895264,0.0004982327442480827,1672.0,,,,,,,,,,,,,,0.27699233077692564,,,,,0.03380606696009636,0.013372063636779785
,imappo,,,,1672.0,0.0,0.0,0.668603166827026,0.0,0.0,0.0,0.6666666865348816,0.0019365063691765272,0.0,0.0,0.0,0.0,0.0,,,,,,,
0.027697483077645302,imappo,6.857905827928334e-05,-1.8694463968276978,0.0004979326442147383,1673.0,,,,,,,,,,,,,,0.2768589529843281,,,,,0.029201559722423553,0.013371577486395836
,imappo,,,,1673.0,0.0,0.0,0.6685788558064587,0.0,0.0,0.0,0.6666666865348816,0.001912159754624554,0.0,0.0,0.0,0.0,0.0,,,,,,,
-0.0003372285282239318,imappo,0.000104465514596086,-2.259899616241455,0.0004976325441813939,1674.0,,,,,,,,,,,,,,0.2767255751917306,,,,,0.02914208360016346,0.013383163139224052
,imappo,,,,1674.0,0.0,0.0,0.6691581030971747,0.0,0.0,0.0,0.6666666865348816,0.0024913867599707373,0.0,0.0,0.0,0.0,0.0,,,,,,,
-0.0002676253207027912,imappo,9.178861364489421e-05,-2.164992332458496,0.0004973324441480494,1675.0,,,,,,,,,,,,,,0.276592197399133,,,,,0.032513417303562164,0.013370527885854244
,imappo,,,,1675.0,0.0,0.0,0.6685263744379881,0.0,0.0,0.0,0.6666666865348816,0.0018596896493363602,0.0,0.0,0.0,0.0,0.0,,,,,,,
-0.008044297806918621,imappo,0.00046842574374750257,-0.29258090257644653,0.000497032344114705,1676.0,,,,,,,,,,,,,,0.2764588196065355,,,,,0.015429617837071419,0.006742003373801708
,imappo,,,,1676.0,0.0,0.0,0.33710022102332005,0.0,0.0,0.0,0.3333333432674408,0.0037668833438146976,0.0,0.0,0.0,0.0,0.0,,,,,,,
0.06965091824531555,imappo,0.00045515847159549594,-2.0864555835723877,0.0004967322440813605,1677.0,,,,,,,,,,,,,,0.276325441813938,,,,,0.03151680529117584,0.013370852917432785
,imappo,,,,1677.0,0.0,0.0,0.6685425986285622,0.0,0.0,0.0,0.6666666865348816,0.0018759068549911717,0.0,0.0,0.0,0.0,0.0,,,,,,,
0.026881616562604904,imappo,0.0029664277099072933,-2.652249813079834,0.000496432144048016,1678.0,,,,,,,,,,,,,,0.27619206402134044,,,,,0.03605122119188309,0.006703764665871859
,imappo,,,,1678.0,0.0,0.0,0.33518828411183677,0.0,0.0,0.0,0.3333333432674408,0.0018549388362316677,0.0,0.0,0.0,0.0,0.0,,,,,,,
0.02179686352610588,imappo,0.002664511790499091,-1.357136845588684,0.0004961320440146716,1679.0,,,,,,,,,,,,,,0.27605868622874286,,,,,0.031634844839572906,0.013402626849710941
,imappo,,,,1679.0,0.0,0.0,0.6701312846644214,0.0,0.0,0.0,0.6666666865348816,0.003464640830316057,0.0,0.0,0.0,0.0,0.0,,,,,,,
0.03567328676581383,imappo,0.009213339537382126,-3.4528706073760986,0.0004958319439813272,1680.0,,,,,,,,,,,,,,0.2759253084361454,,,,,0.030030198395252228,0.006702165585011244
,imappo,,,,1680.0,0.0,0.0,0.33510831760696647,0.0,0.0,0.0,0.3333333432674408,0.00177497433952567,0.0,0.0,0.0,0.0,0.0,,,,,,,
0.030093230307102203,imappo,0.007316846866160631,-1.6237279176712036,0.0004955318439479827,1681.0,,,,,,,,,,,,,,0.27579193064354784,,,,,0.02862296812236309,0.013379574753344059
,imappo,,,,1681.0,0.0,0.0,0.6689787340302473,0.0,0.0,0.0,0.6666666865348816,0.002312041252594099,0.0,0.0,0.0,0.0,0.0,,,,,,,
0.013134232722222805,imappo,0.002954562194645405,-1.6232186555862427,0.0004952317439146383,1682.0,,,,,,,,,,,,,,0.2756585528509503,,,,,0.029936350882053375,0.01337919570505619
,imappo,,,,1682.0,0.0,0.0,0.6689597971426906,0.0,0.0,0.0,0.6666666865348816,0.002293108787910114,0.0,0.0,0.0,0.0,0.0,,,,,,,
0.015354963019490242,imappo,0.0034044829662889242,-1.5155996084213257,0.0004949316438812938,1683.0,,,,,,,,,,,,,,0.2755251750583527,,,,,0.031596776098012924,0.013384724035859108
,imappo,,,,1683.0,0.0,0.0,0.669236152715257,0.0,0.0,0.0,0.6666666865348816,0.0025694612691040675,0.0,0.0,0.0,0.0,0.0,,,,,,,
-0.0030000905971974134,imappo,0.0042501408606767654,-1.9352353811264038,0.0004946315438479494,1684.0,,,,,,,,,,,,,,0.27539179726575524,,,,,0.03145574778318405,0.013398701325058937
,imappo,,,,1684.0,0.0,0.0,0.6699350630970571,0.0,0.0,0.0,0.6666666865348816,0.0032683798181665225,0.0,0.0,0.0,0.0,0.0,,,,,,,
0.10059215873479843,imappo,0.004284549038857222,-1.5599939823150635,0.000494331443814605,1685.0,,,,,,,,,,,,,,0.2752584194731577,,,,,0.031397100538015366,0.013373569585382938
,imappo,,,,1685.0,0.0,0.0,0.6686784690666059,0.0,0.0,0.0,0.6666666865348816,0.0020117722871759725,0.0,0.0,0.0,0.0,0.0,,,,,,,
0.008848664350807667,imappo,0.003338557668030262,-1.515584945678711,0.0004940313437812604,1686.0,,,,,,,,,,,,,,0.2751250416805602,,,,,0.030376650393009186,0.013374821282923222
,imappo,,,,1686.0,0.0,0.0,0.6687411039242761,0.0,0.0,0.0,0.6666666865348816,0.0020744471917168994,0.0,0.0,0.0,0.0,0.0,,,,,,,
-0.021501867100596428,imappo,0.0026824441738426685,-1.6147047281265259,0.0004937312437479159,1687.0,,,,,,,,,,,,,,0.2749916638879626,,,,,0.03327997028827667,0.01339354645460844
,imappo,,,,1687.0,0.0,0.0,0.6696772860057081,0.0,0.0,0.0,0.6666666865348816,0.0030106185338354408,0.0,0.0,0.0,0.0,0.0,,,,,,,
0.03811720013618469,imappo,0.014864790253341198,-2.604994773864746,0.0004934311437145716,1688.0,,,,,,,,,,,,,,0.2748582860953651,,,,,0.029756778851151466,0.006688992492854595
,imappo,,,,1688.0,0.0,0.0,0.334449609226084,0.0,0.0,0.0,0.3333333432674408,0.0011162659586432255,0.0,0.0,0.0,0.0,0.0,,,,,,,
0.0055458564311265945,imappo,0.0049894023686647415,-1.9410258531570435,0.0004931310436812271,1689.0,,,,,,,,,,,,,,0.2747249083027676,,,,,0.030127868056297302,0.013387634418904781
,imappo,,,,1689.0,0.0,0.0,0.669381748396745,0.0,0.0,0.0,0.6666666865348816,0.0027150618618634326,0.0,0.0,0.0,0.0,0.0,,,,,,,
0.05994482338428497,imappo,0.01920389011502266,-3.277653694152832,0.0004928309436478827,1690.0,,,,,,,,,,,,,,0.27459153051017005,,,,,0.03224481642246246,0.00670274393633008
,imappo,,,,1690.0,0.0,0.0,0.33513717743994675,0.0,0.0,0.0,0.3333333432674408,0.0018038341725059581,0.0,0.0,0.0,0.0,0.0,,,,,,,
0.0008424143306910992,imappo,0.010419330559670925,-2.8053672313690186,0.0004925308436145383,1691.0,,,,,,,,,,,,,,0.27445815271757257,,,,,0.03160269930958748,0.0067110746167600155
,imappo,,,,1691.0,0.0,0.0,0.33555374947161454,0.0,0.0,0.0,0.3333333432674408,0.0022204136693062537,0.0,0.0,0.0,0.0,0.0,,,,,,,
0.008449247106909752,imappo,0.020912759006023407,-1.3617576360702515,0.0004922307435811938,1692.0,,,,,,,,,,,,,,0.274324774924975,,,,,0.029349064454436302,0.013372846879065037
,imappo,,,,1692.0,0.0,0.0,0.6686423965135191,0.0,0.0,0.0,0.6666666865348816,0.001975695863279725,0.0,0.0,0.0,0.0,0.0,,,,,,,
0.02651391178369522,imappo,0.009864606894552708,-1.564862608909607,0.0004919306435478494,1693.0,,,,,,,,,,,,,,0.27419139713237745,,,,,0.029775014147162437,0.013373256660997868
,imappo,,,,1693.0,0.0,0.0,0.6686628443678586,0.0,0.0,0.0,0.6666666865348816,0.001996157832977019,0.0,0.0,0.0,0.0,0.0,,,,,,,
0.006359795108437538,imappo,0.010522007942199707,-1.4868690967559814,0.0004916305435145048,1694.0,,,,,,,,,,,,,,0.2740580193397799,,,,,0.031095318496227264,0.013383673503994942
,imappo,,,,1694.0,0.0,0.0,0.6691837277303421,0.0,0.0,0.0,0.6666666865348816,0.0025170751450787066,0.0,0.0,0.0,0.0,0.0,,,,,,,
0.015349353663623333,imappo,0.00889939721673727,-2.1150877475738525,0.0004913304434811604,1695.0,,,,,,,,,,,,,,0.27392464154718243,,,,,0.02963539958000183,0.013380007818341255
,imappo,,,,1695.0,0.0,0.0,0.6690003721814719,0.0,0.0,0.0,0.6666666865348816,0.002333725249627605,0.0,0.0,0.0,0.0,0.0,,,,,,,
-0.0031974867451936007,imappo,0.011517787352204323,-1.3981804847717285,0.000491030343447816,1696.0,,,,,,,,,,,,,,0.27379126375458485,,,,,0.030382227152585983,0.013383440673351288
,imappo,,,,1696.0,0.0,0.0,0.6691720455846735,0.0,0.0,0.0,0.6666666865348816,0.0025053590497918776,0.0,0.0,0.0,0.0,0.0,,,,,,,
0.06028181314468384,imappo,0.009616369381546974,-1.299951195716858,0.0004907302434144715,1697.0,,,,,,,,,,,,,,0.2736578859619873,,,,,0.02909642644226551,0.013383885845541954
,imappo,,,,1697.0,0.0,0.0,0.6691942838028524,0.0,0.0,0.0,0.6666666865348816,0.0025276179025865986,0.0,0.0,0.0,0.0,0.0,,,,,,,
0.05358170345425606,imappo,0.014274057932198048,-2.4103431701660156,0.000490430143381127,1698.0,,,,,,,,,,,,,,0.2735245081693898,,,,,0.027388490736484528,0.006703771185129881
,imappo,,,,1698.0,0.0,0.0,0.3351886060390825,0.0,0.0,0.0,0.3333333432674408,0.0018552627716417192,0.0,0.0,0.0,0.0,0.0,,,,,,,
0.08399391174316406,imappo,0.007467865478247404,-2.017871379852295,0.0004901300433477827,1699.0,,,,,,,,,,,,,,0.2733911303767923,,,,,0.0318731963634491,0.013378280214965343
,imappo,,,,1699.0,0.0,0.0,0.6689140340731399,0.0,0.0,0.0,0.6666666865348816,0.002247347538258282,0.0,0.0,0.0,0.0,0.0,,,,,,,
,imappo,,,,1699.0,,,,,,,,,,,,,,,0.0,0.0,0.6666666865348816,0.0,,
0.011828062124550343,imappo,0.00838328804820776,-1.5666271448135376,0.0004898299433144382,1700.0,,,,,,,,,,,,,,0.2732577525841947,,,,,0.030157633125782013,0.01336528267711401
,imappo,,,,1700.0,0.0,0.0,0.6682642095056508,0.0,0.0,0.0,0.6666666865348816,0.0015975246005837107,0.0,0.0,0.0,0.0,0.0,,,,,,,
-0.004873265977948904,imappo,0.0029061215464025736,-0.9317652583122253,0.0004895298432810938,1701.0,,,,,,,,,,,,,,0.2731243747915972,,,,,0.030544426292181015,0.01337973028421402
,imappo,,,,1701.0,0.0,0.0,0.668986421389377,0.0,0.0,0.0,0.6666666865348816,0.0023197005338033705,0.0,0.0,0.0,0.0,0.0,,,,,,,
0.04115856811404228,imappo,0.0015616274904459715,-1.4698212146759033,0.0004892297432477492,1702.0,,,,,,,,,,,,,,0.27299099699899965,,,,,0.02960694208741188,0.013383185490965843
,imappo,,,,1702.0,0.0,0.0,0.6691592596089322,0.0,0.0,0.0,0.6666666865348816,0.0024925791349232895,0.0,0.0,0.0,0.0,0.0,,,,,,,
0.008067947812378407,imappo,0.012354586273431778,-1.941035509109497,0.0004889296432144048,1703.0,,,,,,,,,,,,,,0.27285761920640217,,,,,0.027387021109461784,0.013367119245231152
,imappo,,,,1703.0,0.0,0.0,0.6683559817147398,0.0,0.0,0.0,0.6666666865348816,0.001689295791038603,0.0,0.0,0.0,0.0,0.0,,,,,,,
0.013782676309347153,imappo,0.042471833527088165,-3.2082531452178955,0.0004886295431810604,1704.0,,,,,,,,,,,,,,0.2727242414138046,,,,,0.028348170220851898,0.006710468325763941
,imappo,,,,1704.0,0.0,0.0,0.33552344560303027,0.0,0.0,0.0,0.3333333432674408,0.0021900950887356885,0.0,0.0,0.0,0.0,0.0,,,,,,,
0.0007276423857547343,imappo,0.007741822395473719,-1.6329288482666016,0.0004883294431477159,1705.0,,,,,,,,,,,,,,0.27259086362120705,,,,,0.032897550612688065,0.01336156576871872
,imappo,,,,1705.0,0.0,0.0,0.6680783864981095,0.0,0.0,0.0,0.6666666865348816,0.001411709181866172,0.0,0.0,0.0,0.0,0.0,,,,,,,
0.0005076188826933503,imappo,0.006984695792198181,-1.7628371715545654,0.0004880293431143715,1706.0,,,,,,,,,,,,,,0.2724574858286095,,,,,0.02848145365715027,0.013372209854424
,imappo,,,,1706.0,0.0,0.0,0.6686104736754714,0.0,0.0,0.0,0.6666666865348816,0.0019437916444076109,0.0,0.0,0.0,0.0,0.0,,,,,,,
0.003334835870191455,imappo,0.003669250290840864,-1.602023720741272,0.0004877292430810271,1707.0,,,,,,,,,,,,,,0.27232410803601204,,,,,0.029033880680799484,0.01338617131114006
,imappo,,,,1707.0,0.0,0.0,0.6693086006955582,0.0,0.0,0.0,0.6666666865348816,0.0026419480011554697,0.0,0.0,0.0,0.0,0.0,,,,,,,
0.0274151973426342,imappo,0.0034320312552154064,-1.7456638813018799,0.0004874291430476826,1708.0,,,,,,,,,,,,,,0.27219073024341445,,,,,0.029963988810777664,0.013374077156186104
,imappo,,,,1708.0,0.0,0.0,0.6687038804793701,0.0,0.0,0.0,0.6666666865348816,0.002037204916632618,0.0,0.0,0.0,0.0,0.0,,,,,,,
-0.01130808424204588,imappo,0.002389343222603202,-1.2229233980178833,0.00048712904301433807,1709.0,,,,,,,,,,,,,,0.2720573524508169,,,,,0.02977624163031578,0.013380012474954128
,imappo,,,,1709.0,0.0,0.0,0.6690007199592856,0.0,0.0,0.0,0.6666666865348816,0.0023340334244039695,0.0,0.0,0.0,0.0,0.0,,,,,,,
-0.0025426149368286133,imappo,0.002460403833538294,-1.8040014505386353,0.00048682894298099377,1710.0,,,,,,,,,,,,,,0.2719239746582194,,,,,0.0276954248547554,0.01337171159684658
,imappo,,,,1710.0,0.0,0.0,0.6685856731489821,0.0,0.0,0.0,0.6666666865348816,0.001918988331226501,0.0,0.0,0.0,0.0,0.0,,,,,,,
-0.008515767753124237,imappo,0.0021408896427601576,-1.3866888284683228,0.00048652884294764925,1711.0,,,,,,,,,,,,,,0.2717905968656219,,,,,0.030997037887573242,0.013378415256738663
,imappo,,,,1711.0,0.0,0.0,0.6689208032985334,0.0,0.0,0.0,0.6666666865348816,0.002254107406770345,0.0,0.0,0.0,0.0,0.0,,,,,,,
0.016536032781004906,imappo,0.0013881995109841228,-2.114717721939087,0.00048622874291430484,1712.0,,,,,,,,,,,,,,0.2716572190730243,,,,,0.02910776063799858,0.013375257141888142
,imappo,,,,1712.0,0.0,0.0,0.668762856934336,0.0,0.0,0.0,0.6666666865348816,0.0020961959817213938,0.0,0.0,0.0,0.0,0.0,,,,,,,
0.0155946034938097,imappo,0.0009575821459293365,-1.5840704441070557,0.0004859286428809603,1713.0,,,,,,,,,,,,,,0.2715238412804268,,,,,0.027210485190153122,0.013383738696575165
,imappo,,,,1713.0,0.0,0.0,0.6691869326974285,0.0,0.0,0.0,0.6666666865348816,0.0025202464681370884,0.0,0.0,0.0,0.0,0.0,,,,,,,
0.0007605820428580046,imappo,0.001485357410274446,-1.93829345703125,0.0004856285428476159,1714.0,,,,,,,,,,,,,,0.27139046348782925,,,,,0.031176291406154633,0.01337232906371355
,imappo,,,,1714.0,0.0,0.0,0.6686164983457275,0.0,0.0,0.0,0.6666666865348816,0.001949840652741841,0.0,0.0,0.0,0.0,0.0,,,,,,,
0.06400484591722488,imappo,0.0006473056273534894,-2.0383405685424805,0.0004853284428142715,1715.0,,,,,,,,,,,,,,0.27125708569523177,,,,,0.03010956011712551,0.013370450586080551
,imappo,,,,1715.0,0.0,0.0,0.6685225794553844,0.0,0.0,0.0,0.6666666865348816,0.001855863118180423,0.0,0.0,0.0,0.0,0.0,,,,,,,
0.03974730521440506,imappo,0.000863321591168642,-1.8478076457977295,0.000485028342780927,1716.0,,,,,,,,,,,,,,0.2711237079026342,,,,,0.029120931401848793,0.01337455864995718
,imappo,,,,1716.0,0.0,0.0,0.668727899618716,0.0,0.0,0.0,0.6666666865348816,0.0020612222078852938,0.0,0.0,0.0,0.0,0.0,,,,,,,
0.02407877892255783,imappo,0.10738284140825272,-3.3469762802124023,0.0004847282427475825,1717.0,,,,,,,,,,,,,,0.27099033011003665,,,,,0.027777649462223053,4.182099655736238e-05
,imappo,,,,1717.0,0.0,0.0,0.0020910498246848874,0.0,0.0,0.0,0.0,0.0020910498246848874,0.0,0.0,0.0,0.0,0.0,,,,,,,
-0.005928427912294865,imappo,0.005147246643900871,-0.22436782717704773,0.0004844281427142382,1718.0,,,,,,,,,,,,,,0.2708569523174391,,,,,0.025308862328529358,0.006772699765861034
,imappo,,,,1718.0,0.0,0.0,0.338634991282035,0.0,0.0,0.0,0.3333333432674408,0.005301640942363406,0.0,0.0,0.0,0.0,0.0,,,,,,,
0.09525606036186218,imappo,0.009310849010944366,-1.6135063171386719,0.00048412804268089366,1719.0,,,,,,,,,,,,,,0.27072357452484164,,,,,0.027902109548449516,0.013375443406403065
,imappo,,,,1719.0,0.0,0.0,0.6687721891972842,0.0,0.0,0.0,0.6666666865348816,0.0021055324647250018,0.0,0.0,0.0,0.0,0.0,,,,,,,
0.09815002977848053,imappo,0.008387669920921326,-1.3534291982650757,0.00048382794264754914,1720.0,,,,,,,,,,,,,,0.27059019673224405,,,,,0.03105592168867588,0.013376089744269848
,imappo,,,,1720.0,0.0,0.0,0.6688044908702295,0.0,0.0,0.0,0.6666666865348816,0.002137804335347937,0.0,0.0,0.0,0.0,0.0,,,,,,,
0.024251919239759445,imappo,0.0073155127465724945,-1.2966440916061401,0.00048352784261420484,1721.0,,,,,,,,,,,,,,0.27045681893964657,,,,,0.03052358329296112,0.01337706670165062
,imappo,,,,1721.0,0.0,0.0,0.6688532335519994,0.0,0.0,0.0,0.6666666865348816,0.002186547730161692,0.0,0.0,0.0,0.0,0.0,,,,,,,
0.06901411712169647,imappo,0.005304012913256884,-1.8729746341705322,0.00048322774258086033,1722.0,,,,,,,,,,,,,,0.270323441147049,,,,,0.02905847877264023,0.013369820080697536
,imappo,,,,1722.0,0.0,0.0,0.6684910539993325,0.0,0.0,0.0,0.6666666865348816,0.0018243674644509156,0.0,0.0,0.0,0.0,0.0,,,,,,,
0.023282455280423164,imappo,0.07835447043180466,-3.476267099380493,0.0004829276425475159,1723.0,,,,,,,,,,,,,,0.2701900633544515,,,,,0.027287442237138748,0.006731749977916479
,imappo,,,,1723.0,0.0,0.0,0.3365874766204797,0.0,0.0,0.0,0.3333333432674408,0.003254133353038924,0.0,0.0,0.0,0.0,0.0,,,,,,,
0.01551305316388607,imappo,0.01244964450597763,-1.5021215677261353,0.0004826275425141714,1724.0,,,,,,,,,,,,,,0.2700566855618539,,,,,0.033247318118810654,0.013374172151088715
,imappo,,,,1724.0,0.0,0.0,0.6687086272763594,0.0,0.0,0.0,0.6666666865348816,0.002041940741477788,0.0,0.0,0.0,0.0,0.0,,,,,,,
-0.0001079266075976193,imappo,0.008736702613532543,-1.079749345779419,0.000482327442480827,1725.0,,,,,,,,,,,,,,0.26992330776925644,,,,,0.029981235042214394,0.013375494629144669
,imappo,,,,1725.0,0.0,0.0,0.6687747244449156,0.0,0.0,0.0,0.6666666865348816,0.0021080379100339997,0.0,0.0,0.0,0.0,0.0,,,,,,,
-0.0008834436885081232,imappo,0.0095022302120924,-1.2400037050247192,0.0004820273424474826,1726.0,,,,,,,,,,,,,,0.26978992997665885,,,,,0.03341419994831085,0.013373282738029957
,imappo,,,,1726.0,0.0,0.0,0.6686640849327432,0.0,0.0,0.0,0.6666666865348816,0.00199741012670529,0.0,0.0,0.0,0.0,0.0,,,,,,,
-0.002991983899846673,imappo,0.004840501584112644,-1.3186419010162354,0.00048172724241413807,1727.0,,,,,,,,,,,,,,0.26965655218406137,,,,,0.03213414549827576,0.013371196575462818
,imappo,,,,1727.0,0.0,0.0,0.6685597417003919,0.0,0.0,0.0,0.6666666865348816,0.0018930879218714836,0.0,0.0,0.0,0.0,0.0,,,,,,,
-0.010193360969424248,imappo,0.0022579359356313944,-1.5041847229003906,0.00048142714238079355,1728.0,,,,,,,,,,,,,,0.2695231743914638,,,,,0.03254951536655426,0.01338100153952837
,imappo,,,,1728.0,0.0,0.0,0.6690500936360877,0.0,0.0,0.0,0.6666666865348816,0.002383407101206103,0.0,0.0,0.0,0.0,0.0,,,,,,,
0.00865261722356081,imappo,0.0007163492846302688,-1.2069953680038452,0.00048112704234744925,1729.0,,,,,,,,,,,,,,0.2693897965988663,,,,,0.03030204027891159,0.013379313983023167
,imappo,,,,1729.0,0.0,0.0,0.6689657365777748,0.0,0.0,0.0,0.6666666865348816,0.0022990587012827746,0.0,0.0,0.0,0.0,0.0,,,,,,,
0.0917886272072792,imappo,0.000500943569932133,-2.1554291248321533,0.00048082694231410474,1730.0,,,,,,,,,,,,,,0.2692564188062687,,,,,0.029201658442616463,0.013379458338022232
,imappo,,,,1730.0,0.0,0.0,0.6689729736840491,0.0,0.0,0.0,0.6666666865348816,0.0023062573468450864,0.0,0.0,0.0,0.0,0.0,,,,,,,
0.019936304539442062,imappo,0.0005993093363940716,-1.6411017179489136,0.0004805268422807602,1731.0,,,,,,,,,,,,,,0.26912304101367124,,,,,0.030014056712388992,0.013376251794397831
,imappo,,,,1731.0,0.0,0.0,0.6688125913860858,0.0,0.0,0.0,0.6666666865348816,0.0021459486615640344,0.0,0.0,0.0,0.0,0.0,,,,,,,
0.018627846613526344,imappo,0.0006651284056715667,-1.2197564840316772,0.0004802267422474158,1732.0,,,,,,,,,,,,,,0.26898966322107365,,,,,0.02903587371110916,0.013375314883887768
,imappo,,,,1732.0,0.0,0.0,0.6687657632675155,0.0,0.0,0.0,0.6666666865348816,0.0020990767326338755,0.0,0.0,0.0,0.0,0.0,,,,,,,
0.021072613075375557,imappo,0.000545137096196413,-1.9989114999771118,0.0004799266422140714,1733.0,,,,,,,,,,,,,,0.26885628542847617,,,,,0.02943410351872444,0.013383720070123672
,imappo,,,,1733.0,0.0,0.0,0.6691860168971289,0.0,0.0,0.0,0.6666666865348816,0.002519330362247274,0.0,0.0,0.0,0.0,0.0,,,,,,,
0.043904636055231094,imappo,0.00022951292339712381,-1.9913395643234253,0.000479626542180727,1734.0,,,,,,,,,,,,,,0.2687229076358786,,,,,0.028301119804382324,0.013368954882025719
,imappo,,,,1734.0,0.0,0.0,0.6684477312779222,0.0,0.0,0.0,0.6666666865348816,0.0017810447430406384,0.0,0.0,0.0,0.0,0.0,,,,,,,
0.05481655150651932,imappo,0.0002741944626905024,-1.3915642499923706,0.0004793264421473825,1735.0,,,,,,,,,,,,,,0.2685895298432811,,,,,0.03258451446890831,0.01337092649191618
,imappo,,,,1735.0,0.0,0.0,0.6685462493666137,0.0,0.0,0.0,0.6666666865348816,0.0018795673573777094,0.0,0.0,0.0,0.0,0.0,,,,,,,
0.0072639696300029755,imappo,0.00021485064644366503,-1.9405555725097656,0.00047902634211403807,1736.0,,,,,,,,,,,,,,0.26845615205068357,,,,,0.02709074690937996,0.013368439860641956
,imappo,,,,1736.0,0.0,0.0,0.6684220217334769,0.0,0.0,0.0,0.6666666865348816,0.0017553621014485543,0.0,0.0,0.0,0.0,0.0,,,,,,,
0.012955481186509132,imappo,0.00015519534645136446,-1.386260986328125,0.00047872624208069366,1737.0,,,,,,,,,,,,,,0.26832277425808604,,,,,0.030843626707792282,0.013374595902860165
,imappo,,,,1737.0,0.0,0.0,0.6687298148234504,0.0,0.0,0.0,0.6666666865348816,0.002063145772694952,0.0,0.0,0.0,0.0,0.0,,,,,,,
0.05244884639978409,imappo,0.00012376427184790373,-1.766052484512329,0.00047842614204734915,1738.0,,,,,,,,,,,,,,0.26818939646548845,,,,,0.03224814683198929,0.013374065980315208
,imappo,,,,1738.0,0.0,0.0,0.6687033984021582,0.0,0.0,0.0,0.6666666865348816,0.0020367122565403406,0.0,0.0,0.0,0.0,0.0,,,,,,,
0.01843755505979061,imappo,0.00013009505346417427,-1.7363908290863037,0.00047812604201400463,1739.0,,,,,,,,,,,,,,0.26805601867289097,,,,,0.03128369152545929,0.01337601151317358
,imappo,,,,1739.0,0.0,0.0,0.6688006659516503,0.0,0.0,0.0,0.6666666865348816,0.0021339819306120944,0.0,0.0,0.0,0.0,0.0,,,,,,,
0.005939332768321037,imappo,0.03876573592424393,-2.9659295082092285,0.00047782594198066033,1740.0,,,,,,,,,,,,,,0.26792264088029344,,,,,0.024879949167370796,0.006712756119668484
,imappo,,,,1740.0,0.0,0.0,0.3356378191274416,0.0,0.0,0.0,0.3333333432674408,0.002304514626302989,0.0,0.0,0.0,0.0,0.0,,,,,,,
0.03832269832491875,imappo,0.003859672462567687,-1.76952064037323,0.0004775258419473158,1741.0,,,,,,,,,,,,,,0.2677892630876959,,,,,0.03019348531961441,0.013368644751608372
,imappo,,,,1741.0,0.0,0.0,0.6684322423002413,0.0,0.0,0.0,0.6666666865348816,0.0017655592578194046,0.0,0.0,0.0,0.0,0.0,,,,,,,
0.023490464314818382,imappo,0.003341982141137123,-2.2290713787078857,0.0004772257419139713,1742.0,,,,,,,,,,,,,,0.2676558852950983,,,,,0.02693195827305317,0.01337334793061018
,imappo,,,,1742.0,0.0,0.0,0.6686673249823798,0.0,0.0,0.0,0.6666666865348816,0.002000638447498204,0.0,0.0,0.0,0.0,0.0,,,,,,,
-0.0035866389516741037,imappo,0.002063942840322852,-1.5549510717391968,0.0004769256418806269,1743.0,,,,,,,,,,,,,,0.26752250750250084,,,,,0.030395271256566048,0.013374862261116505
,imappo,,,,1743.0,0.0,0.0,0.668743167550474,0.0,0.0,0.0,0.6666666865348816,0.0020764843625329377,0.0,0.0,0.0,0.0,0.0,,,,,,,
0.022759441286325455,imappo,0.1839277446269989,-4.05148458480835,0.0004766255418472825,1744.0,,,,,,,,,,,,,,0.2673891297099033,,,,,0.024173814803361893,0.0067330109886825085
,imappo,,,,1744.0,0.0,0.0,0.3366505661797419,0.0,0.0,0.0,0.3333333432674408,0.0033172229123010766,0.0,0.0,0.0,0.0,0.0,,,,,,,
0.008986540138721466,imappo,0.00978589616715908,-1.2767391204833984,0.00047632544181393807,1745.0,,,,,,,,,,,,,,0.2672557519173058,,,,,0.02909558266401291,0.01337715145200491
,imappo,,,,1745.0,0.0,0.0,0.6688575198264743,0.0,0.0,0.0,0.6666666865348816,0.0021908632830900387,0.0,0.0,0.0,0.0,0.0,,,,,,,
0.004388406872749329,imappo,0.01377241499722004,-2.111955404281616,0.00047602534178059356,1746.0,,,,,,,,,,,,,,0.2671223741247082,,,,,0.03165389597415924,0.013381494209170341
,imappo,,,,1746.0,0.0,0.0,0.6690747313910208,0.0,0.0,0.0,0.6666666865348816,0.002408074658461601,0.0,0.0,0.0,0.0,0.0,,,,,,,
0.04119718074798584,imappo,0.009165857918560505,-1.9567631483078003,0.00047572524174724904,1747.0,,,,,,,,,,,,,,0.2669889963321107,,,,,0.032229091972112656,0.013373952358961105
,imappo,,,,1747.0,0.0,0.0,0.6686976106129805,0.0,0.0,0.0,0.6666666865348816,0.002030946138802392,0.0,0.0,0.0,0.0,0.0,,,,,,,
-0.0030698920600116253,imappo,0.0068398709408938885,-1.583051323890686,0.00047542514171390474,1748.0,,,,,,,,,,,,,,0.2668556185395132,,,,,0.030154358595609665,0.013376014307141304
,imappo,,,,1748.0,0.0,0.0,0.6688007840853061,0.0,0.0,0.0,0.6666666865348816,0.002134127352746873,0.0,0.0,0.0,0.0,0.0,,,,,,,
-0.01349578145891428,imappo,0.012996821664273739,-1.5832481384277344,0.0004751250416805602,1749.0,,,,,,,,,,,,,,0.26672224074691564,,,,,0.03184782713651657,0.013375606387853622
,imappo,,,,1749.0,0.0,0.0,0.6687803411141431,0.0,0.0,0.0,0.6666666865348816,0.0021136394016139093,0.0,0.0,0.0,0.0,0.0,,,,,,,
0.027428187429904938,imappo,0.003583778627216816,-1.6863682270050049,0.0004748249416472157,1750.0,,,,,,,,,,,,,,0.26658886295431805,,,,,0.028955694288015366,0.01337508112192154
,imappo,,,,1750.0,0.0,0.0,0.668754068492734,0.0,0.0,0.0,0.6666666865348816,0.0020873819578524078,0.0,0.0,0.0,0.0,0.0,,,,,,,
0.01505197212100029,imappo,0.0017210862133651972,-1.6806553602218628,0.0004745248416138714,1751.0,,,,,,,,,,,,,,0.2664554851617206,,,,,0.029649492353200912,0.013371424749493599
,imappo,,,,1751.0,0.0,0.0,0.6685712239713553,0.0,0.0,0.0,0.6666666865348816,0.0019045320449890824,0.0,0.0,0.0,0.0,0.0,,,,,,,
0.06130515784025192,imappo,0.0009503628825768828,-1.9141548871994019,0.0004742247415805269,1752.0,,,,,,,,,,,,,,0.26632210736912304,,,,,0.030397653579711914,0.013382873497903347
,imappo,,,,1752.0,0.0,0.0,0.6691436760564784,0.0,0.0,0.0,0.6666666865348816,0.0024769597192744186,0.0,0.0,0.0,0.0,0.0,,,,,,,
-0.002237461507320404,imappo,0.0005959537229500711,-1.5963870286941528,0.0004739246415471824,1753.0,,,,,,,,,,,,,,0.2661887295765255,,,,,0.033816054463386536,0.01337649580091238
,imappo,,,,1753.0,0.0,0.0,0.6688247412262172,0.0,0.0,0.0,0.6666666865348816,0.0021580684283435403,0.0,0.0,0.0,0.0,0.0,,,,,,,
0.02083962969481945,imappo,0.0005710300174541771,-2.355670690536499,0.00047362454151383797,1754.0,,,,,,,,,,,,,,0.2660553517839279,,,,,0.03066529706120491,0.01337510347366333
,imappo,,,,1754.0,0.0,0.0,0.6687551529473694,0.0,0.0,0.0,0.6666666865348816,0.002088504596713392,0.0,0.0,0.0,0.0,0.0,,,,,,,
0.014177080243825912,imappo,0.000422815908677876,-1.7899609804153442,0.00047332444148049356,1755.0,,,,,,,,,,,,,,0.26592197399133044,,,,,0.031581491231918335,0.013369346968829632
,imappo,,,,1755.0,0.0,0.0,0.6684673294207073,0.0,0.0,0.0,0.6666666865348816,0.0018006618906269978,0.0,0.0,0.0,0.0,0.0,,,,,,,
-0.007753533311188221,imappo,0.000603681372012943,-2.016674280166626,0.00047302434144714915,1756.0,,,,,,,,,,,,,,0.2657885961987329,,,,,0.032669223845005035,0.01337984949350357
,imappo,,,,1756.0,0.0,0.0,0.6689925199564186,0.0,0.0,0.0,0.6666666865348816,0.002325824501212992,0.0,0.0,0.0,0.0,0.0,,,,,,,
0.007898183539509773,imappo,0.00020172633230686188,-2.224684953689575,0.00047272424141380463,1757.0,,,,,,,,,,,,,,0.2656552184061354,,,,,0.031109482049942017,0.013367660343647003
,imappo,,,,1757.0,0.0,0.0,0.6683829830677723,0.0,0.0,0.0,0.6666666865348816,0.0017162965328907376,0.0,0.0,0.0,0.0,0.0,,,,,,,
0.006613167468458414,imappo,0.00025787026970647275,-1.8958702087402344,0.0004724241413804601,1758.0,,,,,,,,,,,,,,0.2655218406135378,,,,,0.030454181134700775,0.013368219137191772
,imappo,,,,1758.0,0.0,0.0,0.6684108971562637,0.0,0.0,0.0,0.6666666865348816,0.001744192547903367,0.0,0.0,0.0,0.0,0.0,,,,,,,
0.005141442641615868,imappo,0.002569182775914669,-2.2747833728790283,0.0004721240413471158,1759.0,,,,,,,,,,,,,,0.2653884628209403,,,,,0.03035423345863819,0.013371992856264114
,imappo,,,,1759.0,0.0,0.0,0.6685996731175692,0.0,0.0,0.0,0.6666666865348816,0.0019330020659253933,0.0,0.0,0.0,0.0,0.0,,,,,,,
0.037825874984264374,imappo,0.053705234080553055,-3.249528169631958,0.0004718239413137713,1760.0,,,,,,,,,,,,,,0.2652550850283428,,,,,0.02824465185403824,0.006708921864628792
,imappo,,,,1760.0,0.0,0.0,0.3354461146864196,0.0,0.0,0.0,0.3333333432674408,0.002112775420755497,0.0,0.0,0.0,0.0,0.0,,,,,,,
0.05944683402776718,imappo,0.010098538361489773,-2.4597342014312744,0.0004715238412804268,1761.0,,,,,,,,,,,,,,0.26512170723574524,,,,,0.030452389270067215,0.013376474380493164
,imappo,,,,1761.0,0.0,0.0,0.6688237614284844,0.0,0.0,0.0,0.6666666865348816,0.002157085312774143,0.0,0.0,0.0,0.0,0.0,,,,,,,
0.026947392150759697,imappo,0.0027544423937797546,-2.3474602699279785,0.0004712237412470824,1762.0,,,,,,,,,,,,,,0.26498832944314765,,,,,0.027357596904039383,0.013365753926336765
,imappo,,,,1762.0,0.0,0.0,0.6682877601815562,0.0,0.0,0.0,0.6666666865348816,0.0016210937283176463,0.0,0.0,0.0,0.0,0.0,,,,,,,
0.02699093520641327,imappo,0.002138755517080426,-2.241950511932373,0.00047092364121373797,1763.0,,,,,,,,,,,,,,0.2648549516505502,,,,,0.03118380531668663,0.013387682847678661
,imappo,,,,1763.0,0.0,0.0,0.6693840732286844,0.0,0.0,0.0,0.6666666865348816,0.002717446298447612,0.0,0.0,0.0,0.0,0.0,,,,,,,
0.005140677094459534,imappo,0.002760284347459674,-1.7289915084838867,0.00047062354118039345,1764.0,,,,,,,,,,,,,,0.26472157385795264,,,,,0.02983909845352173,0.01336752437055111
,imappo,,,,1764.0,0.0,0.0,0.6683761910067005,0.0,0.0,0.0,0.6666666865348816,0.001709474669496558,0.0,0.0,0.0,0.0,0.0,,,,,,,
0.046870917081832886,imappo,0.002010209718719125,-2.3371617794036865,0.00047032344114704904,1765.0,,,,,,,,,,,,,,0.2645881960653551,,,,,0.030213531106710434,0.013387063518166542
,imappo,,,,1765.0,0.0,0.0,0.6693532051075408,0.0,0.0,0.0,0.6666666865348816,0.002686458968014449,0.0,0.0,0.0,0.0,0.0,,,,,,,
0.028972597792744637,imappo,0.0019920901395380497,-1.9210809469223022,0.00047002334111370463,1766.0,,,,,,,,,,,,,,0.26445481827275763,,,,,0.032913386821746826,0.01338213961571455
,imappo,,,,1766.0,0.0,0.0,0.6691069955863895,0.0,0.0,0.0,0.6666666865348816,0.002440355544877093,0.0,0.0,0.0,0.0,0.0,,,,,,,
0.008913925848901272,imappo,0.000982338679023087,-1.9795074462890625,0.0004697232410803602,1767.0,,,,,,,,,,,,,,0.26432144048016004,,,,,0.03295626491308212,0.013379048556089401
,imappo,,,,1767.0,0.0,0.0,0.6689524175872066,0.0,0.0,0.0,0.6666666865348816,0.0022857608546473784,0.0,0.0,0.0,0.0,0.0,,,,,,,
0.016512086614966393,imappo,0.0009915136033669114,-1.8090152740478516,0.0004694231410470157,1768.0,,,,,,,,,,,,,,0.2641880626875625,,,,,0.030224140733480453,0.013365739956498146
,imappo,,,,1768.0,0.0,0.0,0.6682869508417753,0.0,0.0,0.0,0.6666666865348816,0.0016202707824959361,0.0,0.0,0.0,0.0,0.0,,,,,,,
0.01890397258102894,imappo,0.000474016327643767,-2.067531108856201,0.0004691230410136712,1769.0,,,,,,,,,,,,,,0.264054684894965,,,,,0.031499169766902924,0.01337821502238512
,imappo,,,,1769.0,0.0,0.0,0.6689106563592304,0.0,0.0,0.0,0.6666666865348816,0.0022439698243488237,0.0,0.0,0.0,0.0,0.0,,,,,,,
0.004036093596369028,imappo,0.0003495532146189362,-1.705175518989563,0.0004688229409803269,1770.0,,,,,,,,,,,,,,0.2639213071023675,,,,,0.03011520951986313,0.013364996761083603
,imappo,,,,1770.0,0.0,0.0,0.6682498883410517,0.0,0.0,0.0,0.6666666865348816,0.00158323287996609,0.0,0.0,0.0,0.0,0.0,,,,,,,
0.086025670170784,imappo,0.000282469904050231,-2.1564526557922363,0.0004685228409469824,1771.0,,,,,,,,,,,,,,0.2637879293097699,,,,,0.03005986660718918,0.013364658690989017
,imappo,,,,1771.0,0.0,0.0,0.668232907899835,0.0,0.0,0.0,0.6666666865348816,0.0015662213649534351,0.0,0.0,0.0,0.0,0.0,,,,,,,
0.07609932869672775,imappo,0.00048083701403811574,-2.5473437309265137,0.00046822274091363786,1772.0,,,,,,,,,,,,,,0.2636545515171724,,,,,0.029774855822324753,0.013371599838137627
,imappo,,,,1772.0,0.0,0.0,0.6685800693130659,0.0,0.0,0.0,0.6666666865348816,0.0019133827781843138,0.0,0.0,0.0,0.0,0.0,,,,,,,
0.025533195585012436,imappo,0.00020764202054124326,-1.7544394731521606,0.00046792264088029345,1773.0,,,,,,,,,,,,,,0.26352117372457484,,,,,0.030820894986391068,0.013378108851611614
,imappo,,,,1773.0,0.0,0.0,0.6689054194084747,0.0,0.0,0.0,0.6666666865348816,0.002238732873593108,0.0,0.0,0.0,0.0,0.0,,,,,,,
0.0017034322954714298,imappo,0.00027269095880910754,-1.951369047164917,0.00046762254084694904,1774.0,,,,,,,,,,,,,,0.26338779593197736,,,,,0.03268176317214966,0.013376758433878422
,imappo,,,,1774.0,0.0,0.0,0.6688378540175108,0.0,0.0,0.0,0.6666666865348816,0.0021711674826292438,0.0,0.0,0.0,0.0,0.0,,,,,,,
0.04021907225251198,imappo,0.0003252398455515504,-2.0141983032226562,0.0004673224408136045,1775.0,,,,,,,,,,,,,,0.2632544181393798,,,,,0.03219660371541977,0.013376941904425621
,imappo,,,,1775.0,0.0,0.0,0.6688471066945567,0.0,0.0,0.0,0.6666666865348816,0.0021804201596751227,0.0,0.0,0.0,0.0,0.0,,,,,,,
-0.0008570833597332239,imappo,0.00030124126351438463,-2.7732412815093994,0.0004670223407802601,1776.0,,,,,,,,,,,,,,0.26312104034678224,,,,,0.03204092010855675,0.013379803858697414
,imappo,,,,1776.0,0.0,0.0,0.6689901514896803,0.0,0.0,0.0,0.6666666865348816,0.0023234649547987374,0.0,0.0,0.0,0.0,0.0,,,,,,,
0.008792603388428688,imappo,0.00016717970720492303,-1.797163486480713,0.0004667222407469156,1777.0,,,,,,,,,,,,,,0.2629876625541847,,,,,0.029416214674711227,0.013371734879910946
,imappo,,,,1777.0,0.0,0.0,0.668586694860096,0.0,0.0,0.0,0.6666666865348816,0.0019200083252144395,0.0,0.0,0.0,0.0,0.0,,,,,,,
-0.0017100981203839183,imappo,0.06658608466386795,-3.324855089187622,0.0004664221407135713,1778.0,,,,,,,,,,,,,,0.26285428476158723,,,,,0.025626597926020622,0.006710335146635771
,imappo,,,,1778.0,0.0,0.0,0.33551675601120223,0.0,0.0,0.0,0.3333333432674408,0.002183433094614884,0.0,0.0,0.0,0.0,0.0,,,,,,,
0.010553129017353058,imappo,0.010469495318830013,-2.0596048831939697,0.0004661220406802268,1779.0,,,,,,,,,,,,,,0.26272090696898964,,,,,0.030677050352096558,0.013374095782637596
,imappo,,,,1779.0,0.0,0.0,0.6687048037620116,0.0,0.0,0.0,0.6666666865348816,0.002038147029452375,0.0,0.0,0.0,0.0,0.0,,,,,,,
0.016158396378159523,imappo,0.005502509418874979,-1.7550382614135742,0.00046582194064688227,1780.0,,,,,,,,,,,,,,0.2625875291763921,,,,,0.029347175732254982,0.013367971405386925
,imappo,,,,1780.0,0.0,0.0,0.6683984704215362,0.0,0.0,0.0,0.6666666865348816,0.001731816555704313,0.0,0.0,0.0,0.0,0.0,,,,,,,
0.04449392855167389,imappo,0.07080623507499695,-2.549459218978882,0.00046552184061353786,1781.0,,,,,,,,,,,,,,0.2624541513837946,,,,,0.02558661252260208,0.013362212106585503
,imappo,,,,1781.0,0.0,0.0,0.6681106347798504,0.0,0.0,0.0,0.6666666865348816,0.0014439269118611264,0.0,0.0,0.0,0.0,0.0,,,,,,,
-0.0006587890675291419,imappo,0.0035642243456095457,-2.3969812393188477,0.00046522174058019345,1782.0,,,,,,,,,,,,,,0.2623207735911971,,,,,0.02751389518380165,0.013369173742830753
,imappo,,,,1782.0,0.0,0.0,0.6684586960600427,0.0,0.0,0.0,0.6666666865348816,0.0017920095251611201,0.0,0.0,0.0,0.0,0.0,,,,,,,
-0.010016500018537045,imappo,0.001404637354426086,-0.30582067370414734,0.00046492164054684894,1783.0,,,,,,,,,,,,,,0.2621873957985995,,,,,0.01936160959303379,0.006771151442080736
,imappo,,,,1783.0,0.0,0.0,0.33855757110359264,0.0,0.0,0.0,0.3333333432674408,0.005224201802775497,0.0,0.0,0.0,0.0,0.0,,,,,,,
0.2033701241016388,imappo,0.0024288061540573835,-1.8993499279022217,0.00046462154051350453,1784.0,,,,,,,,,,,,,,0.262054018006002,,,,,0.029390009120106697,0.013372603803873062
,imappo,,,,1784.0,0.0,0.0,0.6686302396749397,0.0,0.0,0.0,0.6666666865348816,0.0019635531400581385,0.0,0.0,0.0,0.0,0.0,,,,,,,
0.04636256769299507,imappo,0.0013832193799316883,-1.5366581678390503,0.0004643214404801601,1785.0,,,,,,,,,,,,,,0.26192064021340444,,,,,0.03040352091193199,0.013379335403442383
,imappo,,,,1785.0,0.0,0.0,0.6689667888499571,0.0,0.0,0.0,0.6666666865348816,0.002300102315075492,0.0,0.0,0.0,0.0,0.0,,,,,,,
0.028989214450120926,imappo,0.0012211583089083433,-2.1787683963775635,0.0004640213404468156,1786.0,,,,,,,,,,,,,,0.26178726242080697,,,,,0.030286669731140137,0.013377062976360321
,imappo,,,,1786.0,0.0,0.0,0.6688532255072914,0.0,0.0,0.0,0.6666666865348816,0.0021865996684482525,0.0,0.0,0.0,0.0,0.0,,,,,,,
0.03253840655088425,imappo,0.19759178161621094,-4.675848960876465,0.0004637212404134712,1787.0,,,,,,,,,,,,,,0.2616538846282094,,,,,0.022946015000343323,0.006740010809153318
,imappo,,,,1787.0,0.0,0.0,0.33700055895860714,0.0,0.0,0.0,0.3333333432674408,0.003667215691166348,0.0,0.0,0.0,0.0,0.0,,,,,,,
-0.0026074033230543137,imappo,0.004047164227813482,-1.9906811714172363,0.0004634211403801267,1788.0,,,,,,,,,,,,,,0.26152050683561184,,,,,0.028750957921147346,0.013372225686907768
,imappo,,,,1788.0,0.0,0.0,0.6686112972547562,0.0,0.0,0.0,0.6666666865348816,0.0019446153764874907,0.0,0.0,0.0,0.0,0.0,,,,,,,
0.010474620386958122,imappo,0.02022605948150158,-2.2311880588531494,0.0004631210403467824,1789.0,,,,,,,,,,,,,,0.2613871290430143,,,,,0.028038375079631805,0.013374319300055504
,imappo,,,,1789.0,0.0,0.0,0.66871595576049,0.0,0.0,0.0,0.6666666865348816,0.0020492635794653324,0.0,0.0,0.0,0.0,0.0,,,,,,,
0.02974902279675007,imappo,0.0007027341634966433,-1.557702660560608,0.00046282094031343786,1790.0,,,,,,,,,,,,,,0.26125375125041683,,,,,0.029660571366548538,0.013380710035562515
,imappo,,,,1790.0,0.0,0.0,0.6690355150217897,0.0,0.0,0.0,0.6666666865348816,0.0023688604720177864,0.0,0.0,0.0,0.0,0.0,,,,,,,
0.04335782676935196,imappo,0.0004632237832993269,-2.3254761695861816,0.00046252084028009335,1791.0,,,,,,,,,,,,,,0.26112037345781924,,,,,0.031433627009391785,0.013389084488153458
,imappo,,,,1791.0,0.0,0.0,0.6694542341859915,0.0,0.0,0.0,0.6666666865348816,0.0027875476511098896,0.0,0.0,0.0,0.0,0.0,,,,,,,
0.045668914914131165,imappo,0.00035021413350477815,-1.7991666793823242,0.00046222074024674894,1792.0,,,,,,,,,,,,,,0.2609869956652217,,,,,0.0331987664103508,0.013375085778534412
,imappo,,,,1792.0,0.0,0.0,0.6687542722953594,0.0,0.0,0.0,0.6666666865348816,0.002087615562800238,0.0,0.0,0.0,0.0,0.0,,,,,,,
0.0182806346565485,imappo,0.004828689154237509,-2.6721794605255127,0.00046192064021340453,1793.0,,,,,,,,,,,,,,0.2608536178726242,,,,,0.02853909507393837,0.013362066820263863
,imappo,,,,1793.0,0.0,0.0,0.6681033045042284,0.0,0.0,0.0,0.6666666865348816,0.001436618958877034,0.0,0.0,0.0,0.0,0.0,,,,,,,
-0.0010669135954231024,imappo,0.00043887473293580115,-2.7789955139160156,0.00046162054018006,1794.0,,,,,,,,,,,,,,0.2607202400800267,,,,,0.029848814010620117,0.013378281146287918
,imappo,,,,1794.0,0.0,0.0,0.6689141085731762,0.0,0.0,0.0,0.6666666865348816,0.002247422038294644,0.0,0.0,0.0,0.0,0.0,,,,,,,
0.05461391061544418,imappo,0.00017522033886052668,-1.9752277135849,0.0004613204401467156,1795.0,,,,,,,,,,,,,,0.2605868622874291,,,,,0.030277036130428314,0.01337956078350544
,imappo,,,,1795.0,0.0,0.0,0.6689780629203597,0.0,0.0,0.0,0.6666666865348816,0.00231137638547807,0.0,0.0,0.0,0.0,0.0,,,,,,,
0.02690145932137966,imappo,0.044167861342430115,-3.536468029022217,0.0004610203401133711,1796.0,,,,,,,,,,,,,,0.2604534844948316,,,,,0.021919390186667442,0.006706797517836094
,imappo,,,,1796.0,0.0,0.0,0.33533987993726555,0.0,0.0,0.0,0.3333333432674408,0.002006498485599195,0.0,0.0,0.0,0.0,0.0,,,,,,,
-0.010865116491913795,imappo,0.0011653127148747444,-1.9002211093902588,0.0004607202400800268,1797.0,,,,,,,,,,,,,,0.26032010670223404,,,,,0.029276568442583084,0.013378050178289413
,imappo,,,,1797.0,0.0,0.0,0.6689025118706695,0.0,0.0,0.0,0.6666666865348816,0.002235825335787922,0.0,0.0,0.0,0.0,0.0,,,,,,,
0.14164011180400848,imappo,0.007718827109783888,-2.9275548458099365,0.00046042014004668227,1798.0,,,,,,,,,,,,,,0.26018672890963657,,,,,0.033500250428915024,0.01339023932814598
,imappo,,,,1798.0,0.0,0.0,0.6695119788150805,0.0,0.0,0.0,0.6666666865348816,0.002845262477876531,0.0,0.0,0.0,0.0,0.0,,,,,,,
0.10841938108205795,imappo,0.585094153881073,-4.70505952835083,0.00046012004001333776,1799.0,,,,,,,,,,,,,,0.260053351117039,,,,,0.042580462992191315,0.0066177439875900745
,imappo,,,,1799.0,0.0,0.0,0.33088721679382616,0.0,0.0,0.0,0.3333333432674408,-0.002446156275937028,0.0,0.0,0.0,0.0,0.0,,,,,,,
,imappo,,,,1799.0,,,,,,,,,,,,,,,0.0,0.0,0.6666666865348816,0.0,,
0.0034830577205866575,imappo,0.023160841315984726,-1.6046888828277588,0.00045981993997999346,1800.0,,,,,,,,,,,,,,0.2599199733244415,,,,,0.031159784644842148,0.013379206880927086
,imappo,,,,1800.0,0.0,0.0,0.6689602911210386,0.0,0.0,0.0,0.6666666865348816,0.0022935747838346288,0.0,0.0,0.0,0.0,0.0,,,,,,,
0.05520425736904144,imappo,0.017199469730257988,-2.4741971492767334,0.00045951983994664894,1801.0,,,,,,,,,,,,,,0.2597865955318439,,,,,0.028415940701961517,0.013382013887166977
,imappo,,,,1801.0,0.0,0.0,0.6691006737919452,0.0,0.0,0.0,0.6666666865348816,0.0024339801266251015,0.0,0.0,0.0,0.0,0.0,,,,,,,
0.053411729633808136,imappo,0.019901571795344353,-2.4180989265441895,0.0004592197399133044,1802.0,,,,,,,,,,,,,,0.25965321773924643,,,,,0.02762254886329174,0.01338145136833191
,imappo,,,,1802.0,0.0,0.0,0.669072545905351,0.0,0.0,0.0,0.6666666865348816,0.002405854131779961,0.0,0.0,0.0,0.0,0.0,,,,,,,
0.2084626704454422,imappo,1.2548702955245972,-4.856940269470215,0.00045891963987996,1803.0,,,,,,,,,,,,,,0.25951983994664884,,,,,0.03083622083067894,0.006674265488982201
,imappo,,,,1803.0,0.0,0.0,0.3337132467699888,0.0,0.0,0.0,0.3333333432674408,0.00037990350254801797,0.0,0.0,0.0,0.0,0.0,,,,,,,
-0.0009487445931881666,imappo,0.003484737826511264,-0.31543272733688354,0.0004586195398466156,1804.0,,,,,,,,,,,,,,0.25938646215405137,,,,,0.021000631153583527,0.006736183539032936
,imappo,,,,1804.0,0.0,0.0,0.33680923047433,0.0,0.0,0.0,0.3333333432674408,0.0034759046109797964,0.0,0.0,0.0,0.0,0.0,,,,,,,
0.12368766218423843,imappo,0.0029624139424413443,-2.274106025695801,0.0004583194398132711,1805.0,,,,,,,,,,,,,,0.2592530843614538,,,,,0.031901225447654724,0.013381081633269787
,imappo,,,,1805.0,0.0,0.0,0.6690541163588932,0.0,0.0,0.0,0.6666666865348816,0.002387429824011633,0.0,0.0,0.0,0.0,0.0,,,,,,,
0.021894067525863647,imappo,0.0023650466464459896,-1.8202111721038818,0.0004580193397799267,1806.0,,,,,,,,,,,,,,0.2591197065688563,,,,,0.027945056557655334,0.013378297910094261
,imappo,,,,1806.0,0.0,0.0,0.6689149284984524,0.0,0.0,0.0,0.6666666865348816,0.002248242451059923,0.0,0.0,0.0,0.0,0.0,,,,,,,
-0.010111305862665176,imappo,0.026887984946370125,-2.0888919830322266,0.00045771923974658216,1807.0,,,,,,,,,,,,,,0.2589863287762587,,,,,0.03176193684339523,0.013370241969823837
,imappo,,,,1807.0,0.0,0.0,0.6685121031050585,0.0,0.0,0.0,0.6666666865348816,0.0018454131050020806,0.0,0.0,0.0,0.0,0.0,,,,,,,
0.05299196392297745,imappo,2.820178270339966,-4.8051910400390625,0.00045741913971323787,1808.0,,,,,,,,,,,,,,0.25885295098366123,,,,,0.028584646061062813,0.006720702163875103
,imappo,,,,1808.0,0.0,0.0,0.3360351123260443,0.0,0.0,0.0,0.3333333432674408,0.0027017690586035314,0.0,0.0,0.0,0.0,0.0,,,,,,,
0.057301003485918045,imappo,0.0019556190818548203,-2.0196194648742676,0.00045711903967989335,1809.0,,,,,,,,,,,,,,0.25871957319106365,,,,,0.029688555747270584,0.013408798724412918
,imappo,,,,1809.0,0.0,0.0,0.6704399232676224,0.0,0.0,0.0,0.6666666865348816,0.00377323673274077,0.0,0.0,0.0,0.0,0.0,,,,,,,
0.005090635735541582,imappo,0.003946955781430006,-1.9016715288162231,0.00045681893964654883,1810.0,,,,,,,,,,,,,,0.25858619539846617,,,,,0.02677287347614765,0.013382591307163239
,imappo,,,,1810.0,0.0,0.0,0.6691296108565439,0.0,0.0,0.0,0.6666666865348816,0.002462926122461795,0.0,0.0,0.0,0.0,0.0,,,,,,,
0.02627989836037159,imappo,0.0006128604873083532,-1.5917396545410156,0.0004565188396132044,1811.0,,,,,,,,,,,,,,0.2584528176058686,,,,,0.028233570978045464,0.013378783129155636
,imappo,,,,1811.0,0.0,0.0,0.668939174447587,0.0,0.0,0.0,0.6666666865348816,0.0022724843329342548,0.0,0.0,0.0,0.0,0.0,,,,,,,
0.0013399673625826836,imappo,0.027123842388391495,-1.9270099401474,0.00045621873957986,1812.0,,,,,,,,,,,,,,0.2583194398132711,,,,,0.03182142972946167,0.013369938358664513
,imappo,,,,1812.0,0.0,0.0,0.6684969184325382,0.0,0.0,0.0,0.6666666865348816,0.0018302357975699124,0.0,0.0,0.0,0.0,0.0,,,,,,,
0.005996493622660637,imappo,0.00027094167307950556,-2.05930495262146,0.0004559186395465155,1813.0,,,,,,,,,,,,,,0.2581860620206735,,,,,0.03193731978535652,0.013372000306844711
,imappo,,,,1813.0,0.0,0.0,0.6685999917735899,0.0,0.0,0.0,0.6666666865348816,0.0019333052387082716,0.0,0.0,0.0,0.0,0.0,,,,,,,
0.012731121852993965,imappo,5.678605556488037,-4.9102301597595215,0.0004556185395131711,1814.0,,,,,,,,,,,,,,0.25805268422807603,,,,,0.026279963552951813,0.0067285578697919846
,imappo,,,,1814.0,0.0,0.0,0.3364279237248411,0.0,0.0,0.0,0.3333333432674408,0.0030945804574002977,0.0,0.0,0.0,0.0,0.0,,,,,,,
0.0022086920216679573,imappo,0.009418847970664501,-2.185091733932495,0.0004553184394798267,1815.0,,,,,,,,,,,,,,0.2579193064354785,,,,,0.03106893226504326,0.013374550268054008
,imappo,,,,1815.0,0.0,0.0,0.6687274998587327,0.0,0.0,0.0,0.6666666865348816,0.002060844013840324,0.0,0.0,0.0,0.0,0.0,,,,,,,
0.019366975873708725,imappo,3.487645149230957,-4.137159824371338,0.00045501833944648217,1816.0,,,,,,,,,,,,,,0.25778592864288097,,,,,0.03034801408648491,0.00671323062852025
,imappo,,,,1816.0,0.0,0.0,0.3356615466727817,0.0,0.0,0.0,0.3333333432674408,0.002328206002857769,0.0,0.0,0.0,0.0,0.0,,,,,,,
0.12753190100193024,imappo,8.421624183654785,-4.752999305725098,0.00045471823941313776,1817.0,,,,,,,,,,,,,,0.2576525508502834,,,,,0.03464142233133316,0.006692721974104643
,imappo,,,,1817.0,0.0,0.0,0.33463606363027054,0.0,0.0,0.0,0.3333333432674408,0.0013027203628297457,0.0,0.0,0.0,0.0,0.0,,,,,,,
0.2907882630825043,imappo,10.449607849121094,-4.702599048614502,0.00045441813937979324,1818.0,,,,,,,,,,,,,,0.2575191730576859,,,,,0.026261119171977043,0.006714786868542433
,imappo,,,,1818.0,0.0,0.0,0.3357393437945575,0.0,0.0,0.0,0.3333333432674408,0.002406000527116703,0.0,0.0,0.0,0.0,0.0,,,,,,,
0.027812011539936066,imappo,0.3416576385498047,-2.1730918884277344,0.00045411803934644894,1819.0,,,,,,,,,,,,,,0.25738579526508837,,,,,0.029460962861776352,0.013389664702117443
,imappo,,,,1819.0,0.0,0.0,0.6694832405678426,0.0,0.0,0.0,0.6666666865348816,0.002816562873249495,0.0,0.0,0.0,0.0,0.0,,,,,,,
0.015151006169617176,imappo,4.935417652130127,-4.083188056945801,0.0004538179393131044,1820.0,,,,,,,,,,,,,,0.25725241747249084,,,,,0.03093593567609787,0.006704949773848057
,imappo,,,,1820.0,0.0,0.0,0.33524751143522735,0.0,0.0,0.0,0.3333333432674408,0.0019141681677865563,0.0,0.0,0.0,0.0,0.0,,,,,,,
0.09371533989906311,imappo,6.883275985717773,-4.525818824768066,0.0004535178392797599,1821.0,,,,,,,,,,,,,,0.25711903967989325,,,,,0.024887993931770325,0.006714226678013802
,imappo,,,,1821.0,0.0,0.0,0.33571134115118184,0.0,0.0,0.0,0.3333333432674408,0.0023779978837410454,0.0,0.0,0.0,0.0,0.0,,,,,,,
0.166146919131279,imappo,10.756821632385254,-5.080378532409668,0.0004532177392464155,1822.0,,,,,,,,,,,,,,0.25698566188729577,,,,,0.03326626867055893,0.006689035799354315
,imappo,,,,1822.0,0.0,0.0,0.33445180525752605,0.0,0.0,0.0,0.3333333432674408,0.001118461990085251,0.0,0.0,0.0,0.0,0.0,,,,,,,
0.004015144892036915,imappo,10.220324516296387,-5.06922721862793,0.0004529176392130711,1823.0,,,,,,,,,,,,,,0.25685228409469824,,,,,0.031788378953933716,0.006691419053822756
,imappo,,,,1823.0,0.0,0.0,0.3345709689520362,0.0,0.0,0.0,0.3333333432674408,0.0012376256845954003,0.0,0.0,0.0,0.0,0.0,,,,,,,
0.01289509516209364,imappo,24.161142349243164,-6.1067585945129395,0.0004526175391797266,1824.0,,,,,,,,,,,,,,0.2567189063021007,,,,,0.024807099252939224,5.894525384064764e-05
,imappo,,,,1824.0,0.0,0.0,0.0029472628211806295,0.0,0.0,0.0,0.0,0.0029472628211806295,0.0,0.0,0.0,0.0,0.0,,,,,,,
0.02100677229464054,imappo,2.8172740936279297,-4.00102424621582,0.00045231743914638217,1825.0,,,,,,,,,,,,,,0.2565855285095031,,,,,0.03031051903963089,0.006704520434141159
,imappo,,,,1825.0,0.0,0.0,0.33522604867175687,0.0,0.0,0.0,0.3333333432674408,0.0018927038181573153,0.0,0.0,0.0,0.0,0.0,,,,,,,
0.07458420842885971,imappo,11.507624626159668,-5.163938522338867,0.00045201733911303765,1826.0,,,,,,,,,,,,,,0.25645215071690564,,,,,0.028735682368278503,3.420184657443315e-05
,imappo,,,,1826.0,0.0,0.0,0.0017100925019519764,0.0,0.0,0.0,0.0,0.0017100925019519764,0.0,0.0,0.0,0.0,0.0,,,,,,,
0.3666074573993683,imappo,19.788488388061523,-6.0918121337890625,0.00045171723907969324,1827.0,,,,,,,,,,,,,,0.2563187729243081,,,,,0.022070515900850296,6.527613004436716e-05
,imappo,,,,1827.0,0.0,0.0,0.0032638064894854324,0.0,0.0,0.0,0.0,0.0032638064894854324,0.0,0.0,0.0,0.0,0.0,,,,,,,
0.0810207724571228,imappo,3.3410139083862305,-4.924895763397217,0.00045141713904634883,1828.0,,,,,,,,,,,,,,0.25618539513171057,,,,,0.032457008957862854,0.006691455375403166
,imappo,,,,1828.0,0.0,0.0,0.33457276487763465,0.0,0.0,0.0,0.3333333432674408,0.0012394216101938582,0.0,0.0,0.0,0.0,0.0,,,,,,,
0.017818808555603027,imappo,0.6984882354736328,-4.1798248291015625,0.0004511170390130043,1829.0,,,,,,,,,,,,,,0.256052017339113,,,,,0.030113132670521736,0.006707792170345783
,imappo,,,,1829.0,0.0,0.0,0.3353896401516323,0.0,0.0,0.0,0.3333333432674408,0.002056296884191511,0.0,0.0,0.0,0.0,0.0,,,,,,,
0.1018499955534935,imappo,1.769950270652771,-4.34531307220459,0.00045081693897966,1830.0,,,,,,,,,,,,,,0.2559186395465155,,,,,0.030871214345097542,0.0066909026354551315
,imappo,,,,1830.0,0.0,0.0,0.33454513390051943,0.0,0.0,0.0,0.3333333432674408,0.0012117906330786354,0.0,0.0,0.0,0.0,0.0,,,,,,,
0.09426883608102798,imappo,3.9603781700134277,-5.2969651222229,0.0004505168389463155,1831.0,,,,,,,,,,,,,,0.25578526175391797,,,,,0.030205950140953064,0.0066945976577699184
,imappo,,,,1831.0,0.0,0.0,0.3347298336898774,0.0,0.0,0.0,0.3333333432674408,0.0013964904224366137,0.0,0.0,0.0,0.0,0.0,,,,,,,
0.0650126039981842,imappo,2.4447596073150635,-4.436098098754883,0.000450216738912971,1832.0,,,,,,,,,,,,,,0.25565188396132044,,,,,0.031137090176343918,0.006711011752486229
,imappo,,,,1832.0,0.0,0.0,0.3355506025964132,0.0,0.0,0.0,0.3333333432674408,0.002217259328972432,0.0,0.0,0.0,0.0,0.0,,,,,,,
0.11881150305271149,imappo,13.582773208618164,-6.16187858581543,0.0004499166388796266,1833.0,,,,,,,,,,,,,,0.25551850616872285,,,,,0.019845686852931976,6.885790935484692e-05
,imappo,,,,1833.0,0.0,0.0,0.003442895437729021,0.0,0.0,0.0,0.0,0.003442895437729021,0.0,0.0,0.0,0.0,0.0,,,,,,,
0.037355609238147736,imappo,0.6774599552154541,-4.619922637939453,0.00044961653884628217,1834.0,,,,,,,,,,,,,,0.25538512837612537,,,,,0.030772214755415916,0.006711858324706554
,imappo,,,,1834.0,0.0,0.0,0.33559290533276,0.0,0.0,0.0,0.3333333432674408,0.0022595322629967995,0.0,0.0,0.0,0.0,0.0,,,,,,,
0.04915119707584381,imappo,0.4269479513168335,-3.9460299015045166,0.00044931643881293765,1835.0,,,,,,,,,,,,,,0.25525175058352784,,,,,0.028791196644306183,0.006702148821204901
,imappo,,,,1835.0,0.0,0.0,0.3351074305828661,0.0,0.0,0.0,0.3333333432674408,0.0017740873154252768,0.0,0.0,0.0,0.0,0.0,,,,,,,
0.3369486629962921,imappo,8.762908935546875,-6.177148342132568,0.00044901633877959324,1836.0,,,,,,,,,,,,,,0.2551183727909303,,,,,0.017270421609282494,7.3045797762461e-05
,imappo,,,,1836.0,0.0,0.0,0.0036522901136777364,0.0,0.0,0.0,0.0,0.0036522901136777364,0.0,0.0,0.0,0.0,0.0,,,,,,,
0.1713397204875946,imappo,0.524272620677948,-5.415936470031738,0.00044871623874624873,1837.0,,,,,,,,,,,,,,0.2549849949983327,,,,,0.031364910304546356,0.006707473192363977
,imappo,,,,1837.0,0.0,0.0,0.3353736842154831,0.0,0.0,0.0,0.3333333432674408,0.002040340948042285,0.0,0.0,0.0,0.0,0.0,,,,,,,
0.009153934195637703,imappo,0.185017928481102,-3.909404754638672,0.0004484161387129043,1838.0,,,,,,,,,,,,,,0.25485161720573524,,,,,0.03212086856365204,0.00671079708263278
,imappo,,,,1838.0,0.0,0.0,0.3355398245766992,0.0,0.0,0.0,0.3333333432674408,0.002206481309258379,0.0,0.0,0.0,0.0,0.0,,,,,,,
0.11635885387659073,imappo,1.8183518648147583,-4.482816696166992,0.0004481160386795599,1839.0,,,,,,,,,,,,,,0.2547182394131377,,,,,0.026059266179800034,2.4333696273970418e-05
,imappo,,,,1839.0,0.0,0.0,0.0012166847521939417,0.0,0.0,0.0,0.0,0.0012166847521939417,0.0,0.0,0.0,0.0,0.0,,,,,,,
-0.0131598562002182,imappo,6.598840236663818,-1.697912335395813,0.0004478159386462154,1840.0,,,,,,,,,,,,,,0.25458486162054017,,,,,0.030526060611009598,0.013371746987104416
,imappo,,,,1840.0,0.0,0.0,0.6685872977102463,0.0,0.0,0.0,0.6666666865348816,0.0019206181166282477,0.0,0.0,0.0,0.0,0.0,,,,,,,
0.03307899087667465,imappo,5.683632850646973,-1.6599910259246826,0.000447515838612871,1841.0,,,,,,,,,,,,,,0.2544514838279426,,,,,0.028173360973596573,0.01337726041674614
,imappo,,,,1841.0,0.0,0.0,0.6688630216267484,0.0,0.0,0.0,0.6666666865348816,0.0021963225190120284,0.0,0.0,0.0,0.0,0.0,,,,,,,
0.01282222755253315,imappo,1.3401806354522705,-5.496946811676025,0.0004472157385795266,1842.0,,,,,,,,,,,,,,0.2543181060353451,,,,,0.030876249074935913,0.0066964514553546906
,imappo,,,,1842.0,0.0,0.0,0.33482255714534404,0.0,0.0,0.0,0.3333333432674408,0.0014892138779032393,0.0,0.0,0.0,0.0,0.0,,,,,,,
0.1261756867170334,imappo,0.765350341796875,-5.353546142578125,0.00044691563854618206,1843.0,,,,,,,,,,,,,,0.25418472824274757,,,,,0.028854642063379288,0.006702768616378307
,imappo,,,,1843.0,0.0,0.0,0.3351384360121301,0.0,0.0,0.0,0.3333333432674408,0.0018050629423669307,0.0,0.0,0.0,0.0,0.0,,,,,,,
0.09212398529052734,imappo,0.6056039333343506,-4.572607517242432,0.00044661553851283765,1844.0,,,,,,,,,,,,,,0.25405135045015004,,,,,0.021899454295635223,2.9614409868372604e-05
,imappo,,,,1844.0,0.0,0.0,0.0014807205275246815,0.0,0.0,0.0,0.0,0.0014807205275246815,0.0,0.0,0.0,0.0,0.0,,,,,,,
0.044152840971946716,imappo,0.9031282067298889,-3.5802555084228516,0.00044631543847949325,1845.0,,,,,,,,,,,,,,0.25391797265755256,,,,,0.0311814546585083,0.006706056650727987
,imappo,,,,1845.0,0.0,0.0,0.33530284859170933,0.0,0.0,0.0,0.3333333432674408,0.001969505324268539,0.0,0.0,0.0,0.0,0.0,,,,,,,
0.0637645274400711,imappo,0.43736666440963745,-5.017903804779053,0.00044601533844614873,1846.0,,,,,,,,,,,,,,0.25378459486495497,,,,,0.03160082921385765,0.00671316497027874
,imappo,,,,1846.0,0.0,0.0,0.3356582285468903,0.0,0.0,0.0,0.3333333432674408,0.002324885279449518,0.0,0.0,0.0,0.0,0.0,,,,,,,
0.02393980510532856,imappo,4.725369930267334,-1.9371919631958008,0.0004457152384128043,1847.0,,,,,,,,,,,,,,0.25365121707235744,,,,,0.03037772700190544,0.013368446379899979
,imappo,,,,1847.0,0.0,0.0,0.6684222927115115,0.0,0.0,0.0,0.6666666865348816,0.0017556204375068774,0.0,0.0,0.0,0.0,0.0,,,,,,,
0.15879184007644653,imappo,2.070646286010742,-5.882351398468018,0.0004454151383794598,1848.0,,,,,,,,,,,,,,0.2535178392797599,,,,,0.03168146312236786,0.006736434530466795
,imappo,,,,1848.0,0.0,0.0,0.33682172617773176,0.0,0.0,0.0,0.3333333432674408,0.003488382910290966,0.0,0.0,0.0,0.0,0.0,,,,,,,
0.01882101409137249,imappo,5.456143379211426,-1.7883061170578003,0.0004451150383461154,1849.0,,,,,,,,,,,,,,0.2533844614871624,,,,,0.028864044696092606,0.01336794625967741
,imappo,,,,1849.0,0.0,0.0,0.66839734006453,0.0,0.0,0.0,0.6666666865348816,0.0017306418881162244,0.0,0.0,0.0,0.0,0.0,,,,,,,
-0.0056433421559631824,imappo,0.5623592138290405,-3.644880771636963,0.000444814938312771,1850.0,,,,,,,,,,,,,,0.25325108369456484,,,,,0.031851962208747864,0.006703442893922329
,imappo,,,,1850.0,0.0,0.0,0.3351721557237397,0.0,0.0,0.0,0.3333333432674408,0.0018388124562989105,0.0,0.0,0.0,0.0,0.0,,,,,,,
0.17072223126888275,imappo,0.22045080363750458,-5.125415802001953,0.00044451483827942647,1851.0,,,,,,,,,,,,,,0.2531177059019673,,,,,0.030295908451080322,0.006716374307870865
,imappo,,,,1851.0,0.0,0.0,0.3358186806035519,0.0,0.0,0.0,0.3333333432674408,0.0024853373361111153,0.0,0.0,0.0,0.0,0.0,,,,,,,
0.12385877221822739,imappo,1.0639511346817017,-5.610631942749023,0.00044421473824608206,1852.0,,,,,,,,,,,,,,0.25298432810936977,,,,,0.03083256259560585,0.006708819419145584
,imappo,,,,1852.0,0.0,0.0,0.33544096429068304,0.0,0.0,0.0,0.3333333432674408,0.0021076210232422454,0.0,0.0,0.0,0.0,0.0,,,,,,,
0.023265061900019646,imappo,0.07743227481842041,-5.239087104797363,0.00044391463821273766,1853.0,,,,,,,,,,,,,,0.2528509503167723,,,,,0.028924014419317245,0.006716714706271887
,imappo,,,,1853.0,0.0,0.0,0.33583569095208077,0.0,0.0,0.0,0.3333333432674408,0.0025023476846399717,0.0,0.0,0.0,0.0,0.0,,,,,,,
0.04488701745867729,imappo,0.08257167041301727,-4.712064743041992,0.00044361453817939314,1854.0,,,,,,,,,,,,,,0.2527175725241747,,,,,0.027937835082411766,0.006709616165608168
,imappo,,,,1854.0,0.0,0.0,0.3354808218937251,0.0,0.0,0.0,0.3333333432674408,0.0021474786262842827,0.0,0.0,0.0,0.0,0.0,,,,,,,
0.052078649401664734,imappo,0.11307835578918457,-4.702683448791504,0.00044331443814604873,1855.0,,,,,,,,,,,,,,0.25258419473157717,,,,,0.027221105992794037,0.006709482055157423
,imappo,,,,1855.0,0.0,0.0,0.3354741064213158,0.0,0.0,0.0,0.3333333432674408,0.002140763153875014,0.0,0.0,0.0,0.0,0.0,,,,,,,
0.021972043439745903,imappo,0.2725414037704468,-4.9704155921936035,0.0004430143381127042,1856.0,,,,,,,,,,,,,,0.25245081693897964,,,,,0.020454831421375275,3.080379610764794e-05
,imappo,,,,1856.0,0.0,0.0,0.0015401898483560217,0.0,0.0,0.0,0.0,0.0015401898483560217,0.0,0.0,0.0,0.0,0.0,,,,,,,
0.028527112677693367,imappo,6.9876389503479,-2.37778902053833,0.0004427142380793598,1857.0,,,,,,,,,,,,,,0.25231743914638216,,,,,0.031577080488204956,0.013384564779698849
,imappo,,,,1857.0,0.0,0.0,0.6692282698040799,0.0,0.0,0.0,0.6666666865348816,0.0025615832691983087,0.0,0.0,0.0,0.0,0.0,,,,,,,
0.007639117538928986,imappo,0.02125851809978485,-5.024257659912109,0.0004424141380460154,1858.0,,,,,,,,,,,,,,0.25218406135378457,,,,,0.02682662010192871,0.006693318020552397
,imappo,,,,1858.0,0.0,0.0,0.33466588749706716,0.0,0.0,0.0,0.3333333432674408,0.0013325442296263645,0.0,0.0,0.0,0.0,0.0,,,,,,,
0.19300363957881927,imappo,1.0310232639312744,-6.067576885223389,0.0004421140380126709,1859.0,,,,,,,,,,,,,,0.25205068356118704,,,,,0.030562693253159523,0.006731649860739708
,imappo,,,,1859.0,0.0,0.0,0.336582461754233,0.0,0.0,0.0,0.3333333432674408,0.003249118486792213,0.0,0.0,0.0,0.0,0.0,,,,,,,
0.04106913506984711,imappo,1.0596389770507812,-5.755500793457031,0.00044181393797932647,1860.0,,,,,,,,,,,,,,0.2519173057685895,,,,,0.030145086348056793,0.006704277824610472
,imappo,,,,1860.0,0.0,0.0,0.33521393944420197,0.0,0.0,0.0,0.3333333432674408,0.0018805961767611734,0.0,0.0,0.0,0.0,0.0,,,,,,,
0.015189423225820065,imappo,5.4052228927612305,-1.8896377086639404,0.00044151383794598206,1861.0,,,,,,,,,,,,,,0.25178392797599203,,,,,0.029824990779161453,0.01337778102606535
,imappo,,,,1861.0,0.0,0.0,0.6688890805618826,0.0,0.0,0.0,0.6666666865348816,0.0022224272781272703,0.0,0.0,0.0,0.0,0.0,,,,,,,
0.050321660935878754,imappo,4.077867031097412,-2.4194774627685547,0.00044121373791263755,1862.0,,,,,,,,,,,,,,0.25165055018339444,,,,,0.030216369777917862,0.013392198830842972
,imappo,,,,1862.0,0.0,0.0,0.6696099457627298,0.0,0.0,0.0,0.6666666865348816,0.002943259227848216,0.0,0.0,0.0,0.0,0.0,,,,,,,
0.037601538002491,imappo,3.008723735809326,-2.0458335876464844,0.00044091363787929314,1863.0,,,,,,,,,,,,,,0.2515171723907969,,,,,0.032392751425504684,0.013368938118219376
,imappo,,,,1863.0,0.0,0.0,0.6684468542482023,0.0,0.0,0.0,0.6666666865348816,0.0017801732539624027,0.0,0.0,0.0,0.0,0.0,,,,,,,
0.16416621208190918,imappo,0.188855841755867,-5.385898590087891,0.00044061353784594873,1864.0,,,,,,,,,,,,,,0.2513837945981994,,,,,0.028769737109541893,0.0067098611034452915
,imappo,,,,1864.0,0.0,0.0,0.33549306075485674,0.0,0.0,0.0,0.3333333432674408,0.002159747289738334,0.0,0.0,0.0,0.0,0.0,,,,,,,
-0.002284411806613207,imappo,1.6572678089141846,-0.3741549551486969,0.0004403134378126042,1865.0,,,,,,,,,,,,,,0.2512504168056019,,,,,0.02284717559814453,0.006755711976438761
,imappo,,,,1865.0,0.0,0.0,0.3377855758546051,0.0,0.0,0.0,0.3333333432674408,0.004452240779892591,0.0,0.0,0.0,0.0,0.0,,,,,,,
0.04975929111242294,imappo,0.0656173899769783,-4.045779228210449,0.0004400133377792598,1866.0,,,,,,,,,,,,,,0.2511170390130043,,,,,0.03083174303174019,0.006697650998830795
,imappo,,,,1866.0,0.0,0.0,0.33488255933480104,0.0,0.0,0.0,0.3333333432674408,0.0015492160673602484,0.0,0.0,0.0,0.0,0.0,,,,,,,
0.16922397911548615,imappo,0.16082248091697693,-5.231496810913086,0.0004397132377459153,1867.0,,,,,,,,,,,,,,0.2509836612204068,,,,,0.027144940569996834,0.00671631982550025
,imappo,,,,1867.0,0.0,0.0,0.33581598314231087,0.0,0.0,0.0,0.3333333432674408,0.0024826696771924617,0.0,0.0,0.0,0.0,0.0,,,,,,,
0.018826976418495178,imappo,1.318228006362915,-1.6868761777877808,0.0004394131377125709,1868.0,,,,,,,,,,,,,,0.25085028342780924,,,,,0.02891097031533718,0.013374541886150837
,imappo,,,,1868.0,0.0,0.0,0.6687271631344629,0.0,0.0,0.0,0.6666666865348816,0.0020604958981493837,0.0,0.0,0.0,0.0,0.0,,,,,,,
0.00845189206302166,imappo,1.6562060117721558,-1.839942455291748,0.0004391130376792265,1869.0,,,,,,,,,,,,,,0.25071690563521176,,,,,0.027723457664251328,0.013401631265878677
,imappo,,,,1869.0,0.0,0.0,0.6700814802825334,0.0,0.0,0.0,0.6666666865348816,0.0034148151680710725,0.0,0.0,0.0,0.0,0.0,,,,,,,
0.01922502927482128,imappo,0.7858158349990845,-5.474602699279785,0.00043881293764588196,1870.0,,,,,,,,,,,,,,0.2505835278426142,,,,,0.029346095398068428,0.006717756390571594
,imappo,,,,1870.0,0.0,0.0,0.33588780774516636,0.0,0.0,0.0,0.3333333432674408,0.00255446447772556,0.0,0.0,0.0,0.0,0.0,,,,,,,
0.47234833240509033,imappo,0.30703094601631165,-5.242691993713379,0.00043851283761253755,1871.0,,,,,,,,,,,,,,0.25045015005001664,,,,,0.03146142512559891,0.006715360097587109
,imappo,,,,1871.0,0.0,0.0,0.33576804320455267,0.0,0.0,0.0,0.3333333432674408,0.0024346999371118727,0.0,0.0,0.0,0.0,0.0,,,,,,,
0.41889849305152893,imappo,0.8374196887016296,-5.5722126960754395,0.00043821273757919314,1872.0,,,,,,,,,,,,,,0.2503167722574191,,,,,0.028532378375530243,0.006717609707266092
,imappo,,,,1872.0,0.0,0.0,0.33588049248282914,0.0,0.0,0.0,0.3333333432674408,0.0025471492153883446,0.0,0.0,0.0,0.0,0.0,,,,,,,
0.16251018643379211,imappo,0.542488157749176,-5.711299419403076,0.0004379126375458486,1873.0,,,,,,,,,,,,,,0.25018339446482163,,,,,0.029050223529338837,0.006746175233274698
,imappo,,,,1873.0,0.0,0.0,0.3373087741638301,0.0,0.0,0.0,0.3333333432674408,0.003975430896389298,0.0,0.0,0.0,0.0,0.0,,,,,,,
0.0032045715488493443,imappo,3.0501885414123535,-1.5537521839141846,0.0004376125375125042,1874.0,,,,,,,,,,,,,,0.25005001667222404,,,,,0.027932601049542427,0.01337222196161747
,imappo,,,,1874.0,0.0,0.0,0.6686111468814033,0.0,0.0,0.0,0.6666666865348816,0.0019444849974661338,0.0,0.0,0.0,0.0,0.0,,,,,,,
0.04055709391832352,imappo,0.5145159363746643,-5.643780708312988,0.0004373124374791598,1875.0,,,,,,,,,,,,,,0.24991663887962656,,,,,0.02714082971215248,0.006715408992022276
,imappo,,,,1875.0,0.0,0.0,0.33577045611491485,0.0,0.0,0.0,0.3333333432674408,0.0024371128474740544,0.0,0.0,0.0,0.0,0.0,,,,,,,
0.019329361617565155,imappo,1.8413596153259277,-3.4306445121765137,0.0004370123374458153,1876.0,,,,,,,,,,,,,,0.24978326108702903,,,,,0.027188485488295555,0.006689944304525852
,imappo,,,,1876.0,0.0,0.0,0.3344972390154908,0.0,0.0,0.0,0.3333333432674408,0.0011638881228464015,0.0,0.0,0.0,0.0,0.0,,,,,,,
0.021604197099804878,imappo,2.273958921432495,-1.2106225490570068,0.0004367122374124709,1877.0,,,,,,,,,,,,,,0.24964988329443144,,,,,0.03199947625398636,0.013369929976761341
,imappo,,,,1877.0,0.0,0.0,0.6684965545664454,0.0,0.0,0.0,0.6666666865348816,0.001829885239203577,0.0,0.0,0.0,0.0,0.0,,,,,,,
0.017901744693517685,imappo,3.6941404342651367,-1.6689797639846802,0.00043641213737912637,1878.0,,,,,,,,,,,,,,0.2495165055018339,,,,,0.03160860389471054,0.013362896628677845
,imappo,,,,1878.0,0.0,0.0,0.6681448774124874,0.0,0.0,0.0,0.6666666865348816,0.0014781908776058117,0.0,0.0,0.0,0.0,0.0,,,,,,,
0.11297477781772614,imappo,0.674835741519928,-5.921145915985107,0.00043611203734578196,1879.0,,,,,,,,,,,,,,0.24938312770923643,,,,,0.027376551181077957,0.006740512792021036
,imappo,,,,1879.0,0.0,0.0,0.33702565035855514,0.0,0.0,0.0,0.3333333432674408,0.003692307091114344,0.0,0.0,0.0,0.0,0.0,,,,,,,
0.05200578272342682,imappo,1.8796685934066772,-1.695656657218933,0.00043581193731243755,1880.0,,,,,,,,,,,,,,0.2492497499166389,,,,,0.033395979553461075,0.013370942324399948
,imappo,,,,1880.0,0.0,0.0,0.6685470689362774,0.0,0.0,0.0,0.6666666865348816,0.001880352599073376,0.0,0.0,0.0,0.0,0.0,,,,,,,
0.03072029910981655,imappo,2.4791083335876465,-1.6661361455917358,0.00043551183727909303,1881.0,,,,,,,,,,,,,,0.2491163721240413,,,,,0.03267703205347061,0.013372373767197132
,imappo,,,,1881.0,0.0,0.0,0.6686186737447315,0.0,0.0,0.0,0.6666666865348816,0.0019519806287462416,0.0,0.0,0.0,0.0,0.0,,,,,,,
0.08238594979047775,imappo,0.03247784823179245,-4.9541916847229,0.0004352117372457486,1882.0,,,,,,,,,,,,,,0.24898299433144377,,,,,0.02785651758313179,0.006709839217364788
,imappo,,,,1882.0,0.0,0.0,0.3354919270732353,0.0,0.0,0.0,0.3333333432674408,0.0021586002612821176,0.0,0.0,0.0,0.0,0.0,,,,,,,
0.019977480173110962,imappo,1.889589548110962,-1.6822912693023682,0.0004349116372124042,1883.0,,,,,,,,,,,,,,0.2488496165388463,,,,,0.03218638151884079,0.013377254828810692
,imappo,,,,1883.0,0.0,0.0,0.6688627004091359,0.0,0.0,0.0,0.6666666865348816,0.0021960140270493866,0.0,0.0,0.0,0.0,0.0,,,,,,,
-0.005189685616642237,imappo,1.2957110404968262,-1.2404451370239258,0.0004346115371790597,1884.0,,,,,,,,,,,,,,0.24871623874624876,,,,,0.03104552999138832,0.013380083255469799
,imappo,,,,1884.0,0.0,0.0,0.6690042235795772,0.0,0.0,0.0,0.6666666865348816,0.0023375370446956367,0.0,0.0,0.0,0.0,0.0,,,,,,,
0.01896749809384346,imappo,1.1481801271438599,-1.6855629682540894,0.0004343114371457153,1885.0,,,,,,,,,,,,,,0.24858286095365117,,,,,0.02835978753864765,0.013383226469159126
,imappo,,,,1885.0,0.0,0.0,0.66916133154308,0.0,0.0,0.0,0.6666666865348816,0.0024946152058760163,0.0,0.0,0.0,0.0,0.0,,,,,,,
0.02373664453625679,imappo,0.8618499040603638,-1.811907172203064,0.0004340113371123708,1886.0,,,,,,,,,,,,,,0.24844948316105364,,,,,0.03158529847860336,0.013372261077165604
,imappo,,,,1886.0,0.0,0.0,0.6686130897428484,0.0,0.0,0.0,0.6666666865348816,0.0019463944986455317,0.0,0.0,0.0,0.0,0.0,,,,,,,
0.20507113635540009,imappo,0.30671975016593933,-5.523478031158447,0.00043371123707902637,1887.0,,,,,,,,,,,,,,0.24831610536845616,,,,,0.02677057683467865,0.006710191257297993
,imappo,,,,1887.0,0.0,0.0,0.3355095382376021,0.0,0.0,0.0,0.3333333432674408,0.002176194970161305,0.0,0.0,0.0,0.0,0.0,,,,,,,
0.04947841167449951,imappo,0.3056284785270691,-5.812151908874512,0.00043341113704568196,1888.0,,,,,,,,,,,,,,0.24818272757585863,,,,,0.025837348774075508,0.006736690178513527
,imappo,,,,1888.0,0.0,0.0,0.33683459590611164,0.0,0.0,0.0,0.3333333432674408,0.0035012526386708487,0.0,0.0,0.0,0.0,0.0,,,,,,,
0.024283066391944885,imappo,0.6288503408432007,-1.7496813535690308,0.00043311103701233744,1889.0,,,,,,,,,,,,,,0.24804934978326104,,,,,0.030085360631346703,0.013372532092034817
,imappo,,,,1889.0,0.0,0.0,0.6686265875910067,0.0,0.0,0.0,0.6666666865348816,0.0019599010561250907,0.0,0.0,0.0,0.0,0.0,,,,,,,
0.021278418600559235,imappo,0.04017931595444679,-4.959848403930664,0.00043281093697899304,1890.0,,,,,,,,,,,,,,0.24791597199066356,,,,,0.03201604634523392,0.006705553736537695
,imappo,,,,1890.0,0.0,0.0,0.3352776945612277,0.0,0.0,0.0,0.3333333432674408,0.0019443512937868945,0.0,0.0,0.0,0.0,0.0,,,,,,,
0.09651858359575272,imappo,0.5765633583068848,-1.838900089263916,0.00043251083694564863,1891.0,,,,,,,,,,,,,,0.24778259419806603,,,,,0.028612807393074036,0.01337512582540512
,imappo,,,,1891.0,0.0,0.0,0.6687563014802436,0.0,0.0,0.0,0.6666666865348816,0.002089614945361973,0.0,0.0,0.0,0.0,0.0,,,,,,,
0.0008476489456370473,imappo,0.7110461592674255,-1.207790493965149,0.0004322107369123041,1892.0,,,,,,,,,,,,,,0.2476492164054685,,,,,0.027808742597699165,0.013379881158471107
,imappo,,,,1892.0,0.0,0.0,0.6689939566676344,0.0,0.0,0.0,0.6666666865348816,0.002327270132752801,0.0,0.0,0.0,0.0,0.0,,,,,,,
0.059908926486968994,imappo,0.5015814304351807,-1.993140697479248,0.0004319106368789597,1893.0,,,,,,,,,,,,,,0.2475158386128709,,,,,0.02701864391565323,0.013380148448050022
,imappo,,,,1893.0,0.0,0.0,0.669007334596472,0.0,0.0,0.0,0.6666666865348816,0.0023406526017879514,0.0,0.0,0.0,0.0,0.0,,,,,,,
0.02058621123433113,imappo,0.2814435660839081,-1.3602112531661987,0.0004316105368456153,1894.0,,,,,,,,,,,,,,0.24738246082027343,,,,,0.03005298227071762,0.013367066159844398
,imappo,,,,1894.0,0.0,0.0,0.668353286048216,0.0,0.0,0.0,0.6666666865348816,0.0016865995133343858,0.0,0.0,0.0,0.0,0.0,,,,,,,
0.077862448990345,imappo,0.32268601655960083,-2.088632345199585,0.0004313104368122708,1895.0,,,,,,,,,,,,,,0.2472490830276759,,,,,0.03176988661289215,0.013371875509619713
,imappo,,,,1895.0,0.0,0.0,0.6685937826969166,0.0,0.0,0.0,0.6666666865348816,0.0019270961620350135,0.0,0.0,0.0,0.0,0.0,,,,,,,
0.03428936004638672,imappo,0.10203111916780472,-4.649054527282715,0.00043101033677892637,1896.0,,,,,,,,,,,,,,0.24711570523507836,,,,,0.030545921996235847,0.006688168738037348
,imappo,,,,1896.0,0.0,0.0,0.33440840680987094,0.0,0.0,0.0,0.3333333432674408,0.0010750635424301436,0.0,0.0,0.0,0.0,0.0,,,,,,,
0.18410713970661163,imappo,0.024170562624931335,-4.526695728302002,0.00043071023674558185,1897.0,,,,,,,,,,,,,,0.24698232744248078,,,,,0.02931845560669899,0.0066896481439471245
,imappo,,,,1897.0,0.0,0.0,0.33448239682275016,0.0,0.0,0.0,0.3333333432674408,0.001149053555309365,0.0,0.0,0.0,0.0,0.0,,,,,,,
0.12809360027313232,imappo,0.3896803557872772,-2.374462842941284,0.00043041013671223744,1898.0,,,,,,,,,,,,,,0.2468489496498833,,,,,0.030903246253728867,0.013370402157306671
,imappo,,,,1898.0,0.0,0.0,0.668520183546093,0.0,0.0,0.0,0.6666666865348816,0.0018534970112114024,0.0,0.0,0.0,0.0,0.0,,,,,,,
0.003646115306764841,imappo,0.1062314510345459,-1.438073992729187,0.00043011003667889304,1899.0,,,,,,,,,,,,,,0.24671557185728576,,,,,0.031297456473112106,0.013370591215789318
,imappo,,,,1899.0,0.0,0.0,0.6685295982969137,0.0,0.0,0.0,0.6666666865348816,0.0018629117620321267,0.0,0.0,0.0,0.0,0.0,,,,,,,
,imappo,,,,1899.0,,,,,,,,,,,,,,,0.0,0.0,0.6666666865348816,0.0,,
0.0018742495449259877,imappo,0.08896131813526154,-1.725585699081421,0.0004298099366455485,1900.0,,,,,,,,,,,,,,0.24658219406468823,,,,,0.03243383765220642,0.013361065648496151
,imappo,,,,1900.0,0.0,0.0,0.6680532433119879,0.0,0.0,0.0,0.6666666865348816,0.0013865750652257702,0.0,0.0,0.0,0.0,0.0,,,,,,,
0.060508158057928085,imappo,0.024517307057976723,-1.5258723497390747,0.000429509836612204,1901.0,,,,,,,,,,,,,,0.24644881627209064,,,,,0.03393515944480896,0.013369555585086346
,imappo,,,,1901.0,0.0,0.0,0.6684777060595479,0.0,0.0,0.0,0.6666666865348816,0.0018110195246663352,0.0,0.0,0.0,0.0,0.0,,,,,,,
0.05140330642461777,imappo,0.01373528502881527,-1.6038014888763428,0.0004292097365788597,1902.0,,,,,,,,,,,,,,0.24631543847949317,,,,,0.030310504138469696,0.013372456654906273
,imappo,,,,1902.0,0.0,0.0,0.6686228032149302,0.0,0.0,0.0,0.6666666865348816,0.0019561166800485807,0.0,0.0,0.0,0.0,0.0,,,,,,,
0.0375685878098011,imappo,0.023597152903676033,-1.6169899702072144,0.0004289096365455152,1903.0,,,,,,,,,,,,,,0.24618206068689563,,,,,0.031106771901249886,0.013377213850617409
,imappo,,,,1903.0,0.0,0.0,0.6688606609877752,0.0,0.0,0.0,0.6666666865348816,0.002193974452893599,0.0,0.0,0.0,0.0,0.0,,,,,,,
0.028549913316965103,imappo,0.006728214677423239,-2.2324461936950684,0.0004286095365121708,1904.0,,,,,,,,,,,,,,0.2460486828942981,,,,,0.02982485666871071,0.013369505293667316
,imappo,,,,1904.0,0.0,0.0,0.6684752373448646,0.0,0.0,0.0,0.6666666865348816,0.0018085508099829894,0.0,0.0,0.0,0.0,0.0,,,,,,,
0.020113518461585045,imappo,0.01772022247314453,-1.1378334760665894,0.00042830943647882637,1905.0,,,,,,,,,,,,,,0.24591530510170057,,,,,0.027932390570640564,0.013381076976656914
,imappo,,,,1905.0,0.0,0.0,0.6690538316252059,0.0,0.0,0.0,0.6666666865348816,0.002387138592894189,0.0,0.0,0.0,0.0,0.0,,,,,,,
0.0372747927904129,imappo,0.004958321340382099,-1.4629870653152466,0.00042800933644548185,1906.0,,,,,,,,,,,,,,0.24578192730910303,,,,,0.029306994751095772,0.013371509499847889
,imappo,,,,1906.0,0.0,0.0,0.6685754442387406,0.0,0.0,0.0,0.6666666865348816,0.001908768203065847,0.0,0.0,0.0,0.0,0.0,,,,,,,
0.056406158953905106,imappo,0.04746776446700096,-4.264817237854004,0.00042770923641213745,1907.0,,,,,,,,,,,,,,0.2456485495165055,,,,,0.026183120906352997,0.006691613234579563
,imappo,,,,1907.0,0.0,0.0,0.33458067167066474,0.0,0.0,0.0,0.3333333432674408,0.0012473284032239462,0.0,0.0,0.0,0.0,0.0,,,,,,,
0.009610605426132679,imappo,0.04417146369814873,-1.3763281106948853,0.00042740913637879293,1908.0,,,,,,,,,,,,,,0.24551517172390797,,,,,0.0321953110396862,0.013376448303461075
,imappo,,,,1908.0,0.0,0.0,0.6688224206509403,0.0,0.0,0.0,0.6666666865348816,0.0021557341160587384,0.0,0.0,0.0,0.0,0.0,,,,,,,
0.034448061138391495,imappo,0.03760778531432152,-2.0269103050231934,0.0004271090363454485,1909.0,,,,,,,,,,,,,,0.24538179393131043,,,,,0.028821535408496857,0.013371502980589867
,imappo,,,,1909.0,0.0,0.0,0.6685752356279409,0.0,0.0,0.0,0.6666666865348816,0.0019085490930592641,0.0,0.0,0.0,0.0,0.0,,,,,,,
-0.003457437502220273,imappo,0.07761716097593307,-4.033473491668701,0.0004268089363121041,1910.0,,,,,,,,,,,,,,0.2452484161387129,,,,,0.024642881006002426,0.006690687499940395
,imappo,,,,1910.0,0.0,0.0,0.3345344032941284,0.0,0.0,0.0,0.3333333432674408,0.0012010600266876281,0.0,0.0,0.0,0.0,0.0,,,,,,,
0.006374669261276722,imappo,0.030141960829496384,-1.371816873550415,0.0004265088362787596,1911.0,,,,,,,,,,,,,,0.24511503834611537,,,,,0.029694948345422745,0.01338531170040369
,imappo,,,,1911.0,0.0,0.0,0.6692656069358236,0.0,0.0,0.0,0.6666666865348816,0.002598950203264394,0.0,0.0,0.0,0.0,0.0,,,,,,,
0.0681830495595932,imappo,0.03110824152827263,-1.639281153678894,0.0004262087362454152,1912.0,,,,,,,,,,,,,,0.24498166055351783,,,,,0.028884366154670715,0.013383060693740845
,imappo,,,,1912.0,0.0,0.0,0.6691530983499945,0.0,0.0,0.0,0.6666666865348816,0.0024864118151128878,0.0,0.0,0.0,0.0,0.0,,,,,,,
0.004993122536689043,imappo,0.029669208452105522,-1.2828420400619507,0.0004259086362120708,1913.0,,,,,,,,,,,,,,0.2448482827609203,,,,,0.03410123288631439,0.013372736983001232
,imappo,,,,1913.0,0.0,0.0,0.668636861019877,0.0,0.0,0.0,0.6666666865348816,0.0019701800192706287,0.0,0.0,0.0,0.0,0.0,,,,,,,
-0.008440021425485611,imappo,0.015258300118148327,-1.2040462493896484,0.00042560853617872626,1914.0,,,,,,,,,,,,,,0.24471490496832277,,,,,0.03204368054866791,0.013372236862778664
,imappo,,,,1914.0,0.0,0.0,0.6686118867288542,0.0,0.0,0.0,0.6666666865348816,0.001945200193972596,0.0,0.0,0.0,0.0,0.0,,,,,,,
0.013966921716928482,imappo,0.06009584292769432,-2.092768669128418,0.00042530843614538186,1915.0,,,,,,,,,,,,,,0.24458152717572523,,,,,0.02471044845879078,0.013346782885491848
,imappo,,,,1915.0,0.0,0.0,0.6673391767502608,0.0,0.0,0.0,0.6666666865348816,0.0006724995286049307,0.0,0.0,0.0,0.0,0.0,,,,,,,
0.13921576738357544,imappo,0.014987953007221222,-1.5776910781860352,0.00042500833611203734,1916.0,,,,,,,,,,,,,,0.2444481493831277,,,,,0.0317295640707016,0.013380641117691994
,imappo,,,,1916.0,0.0,0.0,0.6690320589049747,0.0,0.0,0.0,0.6666666865348816,0.002365367276922825,0.0,0.0,0.0,0.0,0.0,,,,,,,
0.13080616295337677,imappo,0.012973643839359283,-1.5744091272354126,0.00042470823607869293,1917.0,,,,,,,,,,,,,,0.24431477159053017,,,,,0.03130008652806282,0.013370438478887081
,imappo,,,,1917.0,0.0,0.0,0.6685219381779461,0.0,0.0,0.0,0.6666666865348816,0.0018552593364802306,0.0,0.0,0.0,0.0,0.0,,,,,,,
0.017466289922595024,imappo,0.01738877221941948,-0.9811281561851501,0.0004244081360453485,1918.0,,,,,,,,,,,,,,0.24418139379793263,,,,,0.031795959919691086,0.013378527946770191
,imappo,,,,1918.0,0.0,0.0,0.6689264364974861,0.0,0.0,0.0,0.6666666865348816,0.002259774380718227,0.0,0.0,0.0,0.0,0.0,,,,,,,
0.03959893807768822,imappo,0.013440939597785473,-1.3482574224472046,0.000424108036012004,1919.0,,,,,,,,,,,,,,0.2440480160053351,,,,,0.032500170171260834,0.01336752437055111
,imappo,,,,1919.0,0.0,0.0,0.6683761877252437,0.0,0.0,0.0,0.6666666865348816,0.0017094908730541647,0.0,0.0,0.0,0.0,0.0,,,,,,,
0.00011362170334905386,imappo,0.009125623852014542,-1.7309497594833374,0.0004238079359786596,1920.0,,,,,,,,,,,,,,0.24391463821273757,,,,,0.02971886843442917,0.013367284089326859
,imappo,,,,1920.0,0.0,0.0,0.6683641350059588,0.0,0.0,0.0,0.6666666865348816,0.0016974522354757937,0.0,0.0,0.0,0.0,0.0,,,,,,,
-0.004962371662259102,imappo,0.011659142561256886,-1.2182258367538452,0.0004235078359453152,1921.0,,,,,,,,,,,,,,0.24378126042014003,,,,,0.03011230006814003,0.013368790037930012
,imappo,,,,1921.0,0.0,0.0,0.6684395113647952,0.0,0.0,0.0,0.6666666865348816,0.0017728248299135885,0.0,0.0,0.0,0.0,0.0,,,,,,,
0.01950668729841709,imappo,0.012861848808825016,-0.9377557635307312,0.0004232077359119707,1922.0,,,,,,,,,,,,,,0.2436478826275425,,,,,0.028617853298783302,0.013380289077758789
,imappo,,,,1922.0,0.0,0.0,0.6690144622878051,0.0,0.0,0.0,0.6666666865348816,0.0023477607790027832,0.0,0.0,0.0,0.0,0.0,,,,,,,
0.0654793530702591,imappo,0.0045731086283922195,-1.9279476404190063,0.00042290763587862627,1923.0,,,,,,,,,,,,,,0.24351450483494497,,,,,0.02656625770032406,0.013351347297430038
,imappo,,,,1923.0,0.0,0.0,0.6675673970324851,0.0,0.0,0.0,0.6666666865348816,0.0009007010970663032,0.0,0.0,0.0,0.0,0.0,,,,,,,
0.0650143250823021,imappo,0.010965720750391483,-1.434086799621582,0.00042260753584528186,1924.0,,,,,,,,,,,,,,0.24338112704234743,,,,,0.031035667285323143,0.013380814343690872
,imappo,,,,1924.0,0.0,0.0,0.669040723986086,0.0,0.0,0.0,0.6666666865348816,0.002374037451204458,0.0,0.0,0.0,0.0,0.0,,,,,,,
-0.004450545180588961,imappo,0.017846062779426575,0.022686854004859924,0.00042230743581193734,1925.0,,,,,,,,,,,,,,0.2432477492497499,,,,,0.015998195856809616,0.006750903557986021
,imappo,,,,1925.0,0.0,0.0,0.33754518356113294,0.0,0.0,0.0,0.3333333432674408,0.004211856009760595,0.0,0.0,0.0,0.0,0.0,,,,,,,
0.05944955721497536,imappo,0.0037899762392044067,-1.7045327425003052,0.00042200733577859293,1926.0,,,,,,,,,,,,,,0.24311437145715237,,,,,0.02538180723786354,0.01334589347243309
,imappo,,,,1926.0,0.0,0.0,0.6672947010279131,0.0,0.0,0.0,0.6666666865348816,0.0006280328284447023,0.0,0.0,0.0,0.0,0.0,,,,,,,
-0.008056622929871082,imappo,0.00549120781943202,-1.6280747652053833,0.0004217072357452484,1927.0,,,,,,,,,,,,,,0.24298099366455483,,,,,0.0312601700425148,0.013386056758463383
,imappo,,,,1927.0,0.0,0.0,0.6693028002028996,0.0,0.0,0.0,0.6666666865348816,0.0026361136680179698,0.0,0.0,0.0,0.0,0.0,,,,,,,
0.00031022855546325445,imappo,0.007962538860738277,-1.7250972986221313,0.000421407135711904,1928.0,,,,,,,,,,,,,,0.2428476158719573,,,,,0.023471899330615997,0.013352613896131516
,imappo,,,,1928.0,0.0,0.0,0.6676306957483575,0.0,0.0,0.0,0.6666666865348816,0.0009639968734518334,0.0,0.0,0.0,0.0,0.0,,,,,,,
0.017225807532668114,imappo,0.009121159091591835,-1.0712419748306274,0.0004211070356785596,1929.0,,,,,,,,,,,,,,0.24271423807935977,,,,,0.03102918341755867,0.013382221572101116
,imappo,,,,1929.0,0.0,0.0,0.6691111170277964,0.0,0.0,0.0,0.6666666865348816,0.0024444602952371497,0.0,0.0,0.0,0.0,0.0,,,,,,,
0.010028316639363766,imappo,0.009790146723389626,-1.0547847747802734,0.0004208069356452151,1930.0,,,,,,,,,,,,,,0.24258086028676223,,,,,0.0301969014108181,0.01338305976241827
,imappo,,,,1930.0,0.0,0.0,0.6691529839388011,0.0,0.0,0.0,0.6666666865348816,0.002486267601597092,0.0,0.0,0.0,0.0,0.0,,,,,,,
0.01615200936794281,imappo,0.005132474936544895,-1.394727349281311,0.00042050683561187057,1931.0,,,,,,,,,,,,,,0.2424474824941647,,,,,0.03293909132480621,0.01337305549532175
,imappo,,,,1931.0,0.0,0.0,0.6686527403699074,0.0,0.0,0.0,0.6666666865348816,0.0019860287766277906,0.0,0.0,0.0,0.0,0.0,,,,,,,
-0.010882556438446045,imappo,0.002168041653931141,-1.4163893461227417,0.00042020673557852627,1932.0,,,,,,,,,,,,,,0.24231410470156717,,,,,0.032049354165792465,0.013377776369452477
,imappo,,,,1932.0,0.0,0.0,0.6688887614542551,0.0,0.0,0.0,0.6666666865348816,0.002222090519026665,0.0,0.0,0.0,0.0,0.0,,,,,,,
0.10951852798461914,imappo,0.0070864297449588776,-1.136795997619629,0.00041990663554518175,1933.0,,,,,,,,,,,,,,0.24218072690896963,,,,,0.03133060038089752,0.01338875386863947
,imappo,,,,1933.0,0.0,0.0,0.6694377420822093,0.0,0.0,0.0,0.6666666865348816,0.002771085349650093,0.0,0.0,0.0,0.0,0.0,,,,,,,
0.029050128534436226,imappo,0.002445333870127797,-1.6011254787445068,0.00041960653551183734,1934.0,,,,,,,,,,,,,,0.2420473491163721,,,,,0.029910586774349213,0.01337356772273779
,imappo,,,,1934.0,0.0,0.0,0.6686783776485754,0.0,0.0,0.0,0.6666666865348816,0.0020116911136938143,0.0,0.0,0.0,0.0,0.0,,,,,,,
0.04768453538417816,imappo,0.0015782925765961409,-1.211535096168518,0.00041930643547849293,1935.0,,,,,,,,,,,,,,0.24191397132377462,,,,,0.029346315190196037,0.013376965187489986
,imappo,,,,1935.0,0.0,0.0,0.6688482361050774,0.0,0.0,0.0,0.6666666865348816,0.0021815197678733966,0.0,0.0,0.0,0.0,0.0,,,,,,,
0.02052982710301876,imappo,0.0015326904831454158,-1.3001604080200195,0.0004190063354451484,1936.0,,,,,,,,,,,,,,0.24178059353117703,,,,,0.0315609872341156,0.013386327773332596
,imappo,,,,1936.0,0.0,0.0,0.6693164065876545,0.0,0.0,0.0,0.6666666865348816,0.0026497498550952514,0.0,0.0,0.0,0.0,0.0,,,,,,,
0.015171166509389877,imappo,0.0022660831455141306,-1.3728355169296265,0.000418706235411804,1937.0,,,,,,,,,,,,,,0.2416472157385795,,,,,0.031081313267350197,0.013382235541939735
,imappo,,,,1937.0,0.0,0.0,0.6691117825480433,0.0,0.0,0.0,0.6666666865348816,0.00244509321919395,0.0,0.0,0.0,0.0,0.0,,,,,,,
0.01570160500705242,imappo,0.0009694792097434402,-1.352342963218689,0.0004184061353784595,1938.0,,,,,,,,,,,,,,0.24151383794598197,,,,,0.02907661348581314,0.01338903233408928
,imappo,,,,1938.0,0.0,0.0,0.6694515255776423,0.0,0.0,0.0,0.6666666865348816,0.002784839042760723,0.0,0.0,0.0,0.0,0.0,,,,,,,
0.0321892648935318,imappo,0.0005590099608525634,-1.2700881958007812,0.0004181060353451151,1939.0,,,,,,,,,,,,,,0.2413804601533845,,,,,0.03022451139986515,0.013381289318203926
,imappo,,,,1939.0,0.0,0.0,0.6690645089745431,0.0,0.0,0.0,0.6666666865348816,0.002397822439661468,0.0,0.0,0.0,0.0,0.0,,,,,,,
0.040131956338882446,imappo,0.0005580332945100963,-1.2810348272323608,0.0004178059353117707,1940.0,,,,,,,,,,,,,,0.2412470823607869,,,,,0.027265001088380814,0.013388308696448803
,imappo,,,,1940.0,0.0,0.0,0.6694153847959683,0.0,0.0,0.0,0.6666666865348816,0.0027486982610867017,0.0,0.0,0.0,0.0,0.0,,,,,,,
0.010938897728919983,imappo,0.0004589868476614356,-1.1608434915542603,0.00041750583527842616,1941.0,,,,,,,,,,,,,,0.24111370456818937,,,,,0.030516617000102997,0.013374941423535347
,imappo,,,,1941.0,0.0,0.0,0.668746978929903,0.0,0.0,0.0,0.6666666865348816,0.0020802898629881383,0.0,0.0,0.0,0.0,0.0,,,,,,,
0.0119944391772151,imappo,0.0007480484782718122,-1.1543288230895996,0.00041720573524508164,1942.0,,,,,,,,,,,,,,0.24098032677559184,,,,,0.03024226985871792,0.013372224755585194
,imappo,,,,1942.0,0.0,0.0,0.6686112756684466,0.0,0.0,0.0,0.6666666865348816,0.0019445967369406958,0.0,0.0,0.0,0.0,0.0,,,,,,,
0.0015781220281496644,imappo,0.00044797465670853853,-0.8406071662902832,0.00041690563521173734,1943.0,,,,,,,,,,,,,,0.24084694898299436,,,,,0.02801484987139702,0.013376281596720219
,imappo,,,,1943.0,0.0,0.0,0.6688140588347551,0.0,0.0,0.0,0.6666666865348816,0.0021473722998734956,0.0,0.0,0.0,0.0,0.0,,,,,,,
-0.00929039716720581,imappo,0.004812957718968391,-1.3568241596221924,0.0004166055351783928,1944.0,,,,,,,,,,,,,,0.24071357119039677,,,,,0.027589764446020126,0.013355057686567307
,imappo,,,,1944.0,0.0,0.0,0.6677528156321841,0.0,0.0,0.0,0.6666666865348816,0.0010861255466352304,0.0,0.0,0.0,0.0,0.0,,,,,,,
0.04775027558207512,imappo,0.001946559059433639,-1.7660038471221924,0.0004163054351450484,1945.0,,,,,,,,,,,,,,0.24058019339779924,,,,,0.03297886997461319,0.013367223553359509
,imappo,,,,1945.0,0.0,0.0,0.6683611375174223,0.0,0.0,0.0,0.6666666865348816,0.0016944509825407295,0.0,0.0,0.0,0.0,0.0,,,,,,,
0.04623257368803024,imappo,0.0026988035533577204,-1.9794737100601196,0.0004160053351117039,1946.0,,,,,,,,,,,,,,0.2404468156052017,,,,,0.029081452637910843,0.013385861180722713
,imappo,,,,1946.0,0.0,0.0,0.6692930402768411,0.0,0.0,0.0,0.6666666865348816,0.0026263835442819072,0.0,0.0,0.0,0.0,0.0,,,,,,,
0.0004353974654804915,imappo,0.003260168479755521,-0.9958831667900085,0.0004157052350783595,1947.0,,,,,,,,,,,,,,0.24031343781260422,,,,,0.031055185943841934,0.013369445689022541
,imappo,,,,1947.0,0.0,0.0,0.6684723040716563,0.0,0.0,0.0,0.6666666865348816,0.0018056431190416333,0.0,0.0,0.0,0.0,0.0,,,,,,,
-0.0019392024260014296,imappo,0.0022173605393618345,-1.0700974464416504,0.0004154051350450151,1948.0,,,,,,,,,,,,,,0.24018006002000664,,,,,0.02874230593442917,0.013374073430895805
,imappo,,,,1948.0,0.0,0.0,0.6687037427918767,0.0,0.0,0.0,0.6666666865348816,0.0020370509673739434,0.0,0.0,0.0,0.0,0.0,,,,,,,
-0.007029833272099495,imappo,0.0019104322418570518,-1.524341344833374,0.00041510503501167057,1949.0,,,,,,,,,,,,,,0.2400466822274091,,,,,0.03201061487197876,0.013385143131017685
,imappo,,,,1949.0,0.0,0.0,0.669257185567858,0.0,0.0,0.0,0.6666666865348816,0.0025904990329763677,0.0,0.0,0.0,0.0,0.0,,,,,,,
0.0035250589717179537,imappo,0.00476361159235239,-1.1839338541030884,0.00041480493497832616,1950.0,,,,,,,,,,,,,,0.23991330443481163,,,,,0.025012893602252007,0.013355164788663387
,imappo,,,,1950.0,0.0,0.0,0.6677581776365855,0.0,0.0,0.0,0.6666666865348816,0.0010914948852018824,0.0,0.0,0.0,0.0,0.0,,,,,,,
0.16765375435352325,imappo,0.014468645676970482,-5.135958671569824,0.00041450483494498175,1951.0,,,,,,,,,,,,,,0.2397799266422141,,,,,0.025957129895687103,0.006721487734466791
,imappo,,,,1951.0,0.0,0.0,0.3360743365350629,0.0,0.0,0.0,0.3333333432674408,0.002740993267622116,0.0,0.0,0.0,0.0,0.0,,,,,,,
0.13630491495132446,imappo,0.012685085646808147,-3.4016337394714355,0.00041420473491163724,1952.0,,,,,,,,,,,,,,0.2396465488496165,,,,,0.03266233950853348,0.006687157321721315
,imappo,,,,1952.0,0.0,0.0,0.3343578770869442,0.0,0.0,0.0,0.3333333432674408,0.0010245338195034037,0.0,0.0,0.0,0.0,0.0,,,,,,,
-0.003450065851211548,imappo,0.0049757459200918674,-1.2741562128067017,0.0004139046348782927,1953.0,,,,,,,,,,,,,,0.23951317105701897,,,,,0.029975619167089462,0.013370420783758163
,imappo,,,,1953.0,0.0,0.0,0.6685210006253328,0.0,0.0,0.0,0.6666666865348816,0.0018543411861173809,0.0,0.0,0.0,0.0,0.0,,,,,,,
0.0032081773970276117,imappo,0.004474054090678692,-0.9187071919441223,0.0004136045348449484,1954.0,,,,,,,,,,,,,,0.2393797932644215,,,,,0.02897236868739128,0.013374606147408485
,imappo,,,,1954.0,0.0,0.0,0.6687302395373536,0.0,0.0,0.0,0.6666666865348816,0.0020635545795357757,0.0,0.0,0.0,0.0,0.0,,,,,,,
0.002512425184249878,imappo,0.0035250072833150625,-2.919260263442993,0.0004133044348116039,1955.0,,,,,,,,,,,,,,0.23924641547182396,,,,,0.03156232088804245,0.0066863554529845715
,imappo,,,,1955.0,0.0,0.0,0.33431777126736506,0.0,0.0,0.0,0.3333333432674408,0.0009844279999242644,0.0,0.0,0.0,0.0,0.0,,,,,,,
0.05926274135708809,imappo,0.0024400954134762287,-3.7694759368896484,0.0004130043347782595,1956.0,,,,,,,,,,,,,,0.23911303767922637,,,,,0.030651774257421494,0.006708758417516947
,imappo,,,,1956.0,0.0,0.0,0.3354379399314311,0.0,0.0,0.0,0.3333333432674408,0.0021045966639903213,0.0,0.0,0.0,0.0,0.0,,,,,,,
0.2844512164592743,imappo,0.0011608331697061658,-4.617513656616211,0.000412704234744915,1957.0,,,,,,,,,,,,,,0.23897965988662884,,,,,0.02823718637228012,0.006709876004606485
,imappo,,,,1957.0,0.0,0.0,0.33549378118186723,0.0,0.0,0.0,0.3333333432674408,0.0021604379144264385,0.0,0.0,0.0,0.0,0.0,,,,,,,
0.00403105653822422,imappo,0.015129110775887966,-0.6971709132194519,0.00041240413471157057,1958.0,,,,,,,,,,,,,,0.23884628209403136,,,,,0.029131513088941574,0.013376504182815552
,imappo,,,,1958.0,0.0,0.0,0.66882521737557,0.0,0.0,0.0,0.6666666865348816,0.0021585473862160143,0.0,0.0,0.0,0.0,0.0,,,,,,,
0.005730418022722006,imappo,0.02010110393166542,-0.8585460186004639,0.00041210403467822616,1959.0,,,,,,,,,,,,,,0.23871290430143383,,,,,0.029376456514000893,0.01337271835654974
,imappo,,,,1959.0,0.0,0.0,0.6686360157325453,0.0,0.0,0.0,0.6666666865348816,0.0019693158681093337,0.0,0.0,0.0,0.0,0.0,,,,,,,
-0.014504394493997097,imappo,0.008255857042968273,-1.1510740518569946,0.00041180393464488165,1960.0,,,,,,,,,,,,,,0.23857952650883624,,,,,0.027433084324002266,0.013380523771047592
,imappo,,,,1960.0,0.0,0.0,0.6690261904228052,0.0,0.0,0.0,0.6666666865348816,0.002359537371880549,0.0,0.0,0.0,0.0,0.0,,,,,,,
0.017935127019882202,imappo,0.011440708301961422,-0.914143979549408,0.00041150383461153713,1961.0,,,,,,,,,,,,,,0.2384461487162387,,,,,0.027185717597603798,0.013370591215789318
,imappo,,,,1961.0,0.0,0.0,0.6685295721781586,0.0,0.0,0.0,0.6666666865348816,0.0018629208589118207,0.0,0.0,0.0,0.0,0.0,,,,,,,
0.010347825475037098,imappo,0.011045169085264206,-3.036677122116089,0.00041120373457819283,1962.0,,,,,,,,,,,,,,0.23831277092364123,,,,,0.03189835697412491,0.006711565889418125
,imappo,,,,1962.0,0.0,0.0,0.3355783275746944,0.0,0.0,0.0,0.3333333432674408,0.002244984307253617,0.0,0.0,0.0,0.0,0.0,,,,,,,
0.0473770946264267,imappo,0.003766384907066822,-3.5314395427703857,0.0004109036345448483,1963.0,,,,,,,,,,,,,,0.2381793931310437,,,,,0.033725108951330185,0.006698154378682375
,imappo,,,,1963.0,0.0,0.0,0.3349076935097628,0.0,0.0,0.0,0.3333333432674408,0.001574350242321998,0.0,0.0,0.0,0.0,0.0,,,,,,,
0.002677332144230604,imappo,0.005059468559920788,-4.539822578430176,0.0004106035345115038,1964.0,,,,,,,,,,,,,,0.2380460153384461,,,,,0.029815776273608208,0.006705441977828741
,imappo,,,,1964.0,0.0,0.0,0.33527212783349114,0.0,0.0,0.0,0.3333333432674408,0.0019387845660503444,0.0,0.0,0.0,0.0,0.0,,,,,,,
0.15712809562683105,imappo,0.013784997165203094,-4.746842861175537,0.0004103034344781595,1965.0,,,,,,,,,,,,,,0.23791263754584863,,,,,0.03116634488105774,0.006708997301757336
,imappo,,,,1965.0,0.0,0.0,0.3354498470314411,0.0,0.0,0.0,0.3333333432674408,0.0021165037640002993,0.0,0.0,0.0,0.0,0.0,,,,,,,
0.004792824853211641,imappo,0.0015924380859360099,-2.656452178955078,0.000410003334444815,1966.0,,,,,,,,,,,,,,0.2377792597532511,,,,,0.03190462291240692,0.00670241005718708
,imappo,,,,1966.0,0.0,0.0,0.33512051295127776,0.0,0.0,0.0,0.3333333432674408,0.0017871696838369644,0.0,0.0,0.0,0.0,0.0,,,,,,,
0.015186918899416924,imappo,0.006756795570254326,-0.8094361424446106,0.00040970323441147057,1967.0,,,,,,,,,,,,,,0.23764588196065356,,,,,0.028060661628842354,0.013374945148825645
,imappo,,,,1967.0,0.0,0.0,0.6687472562101675,0.0,0.0,0.0,0.6666666865348816,0.002080578799336763,0.0,0.0,0.0,0.0,0.0,,,,,,,
0.016942985355854034,imappo,0.0030881701968610287,-4.65286922454834,0.00040940313437812605,1968.0,,,,,,,,,,,,,,0.23751250416805597,,,,,0.028735265135765076,0.006706440355628729
,imappo,,,,1968.0,0.0,0.0,0.33532205469857956,0.0,0.0,0.0,0.3333333432674408,0.0019887114311387677,0.0,0.0,0.0,0.0,0.0,,,,,,,
0.0146827083081007,imappo,0.005630004219710827,-0.722750186920166,0.00040910303434478165,1969.0,,,,,,,,,,,,,,0.2373791263754585,,,,,0.029392868280410767,0.013370969332754612
,imappo,,,,1969.0,0.0,0.0,0.6685484984986942,0.0,0.0,0.0,0.6666666865348816,0.0018818221719811845,0.0,0.0,0.0,0.0,0.0,,,,,,,
0.014598388224840164,imappo,0.008548528887331486,-3.491790294647217,0.00040880293431143724,1970.0,,,,,,,,,,,,,,0.23724574858286096,,,,,0.03121715970337391,0.006698403507471085
,imappo,,,,1970.0,0.0,0.0,0.33492012291117135,0.0,0.0,0.0,0.3333333432674408,0.0015867796437305515,0.0,0.0,0.0,0.0,0.0,,,,,,,
0.20664402842521667,imappo,0.0026548823807388544,-3.9629008769989014,0.0004085028342780927,1971.0,,,,,,,,,,,,,,0.23711237079026343,,,,,0.029788607731461525,0.0066995942033827305
,imappo,,,,1971.0,0.0,0.0,0.33497970530970633,0.0,0.0,0.0,0.3333333432674408,0.0016463620422655367,0.0,0.0,0.0,0.0,0.0,,,,,,,
0.0015404227888211608,imappo,0.0010237378301098943,-4.256287097930908,0.0004082027342447482,1972.0,,,,,,,,,,,,,,0.23697899299766584,,,,,0.02998913824558258,0.006701455917209387
,imappo,,,,1972.0,0.0,0.0,0.3350728131365486,0.0,0.0,0.0,0.3333333432674408,0.0017394698691077792,0.0,0.0,0.0,0.0,0.0,,,,,,,
0.03308276832103729,imappo,0.0016343668103218079,-4.687246799468994,0.0004079026342114039,1973.0,,,,,,,,,,,,,,0.23684561520506836,,,,,0.03269442915916443,0.006703683640807867
,imappo,,,,1973.0,0.0,0.0,0.3351841857202089,0.0,0.0,0.0,0.3333333432674408,0.00185084245276812,0.0,0.0,0.0,0.0,0.0,,,,,,,
0.008892013691365719,imappo,0.005317346658557653,-0.8351043462753296,0.0004076025341780594,1974.0,,,,,,,,,,,,,,0.23671223741247083,,,,,0.028760164976119995,0.013371013104915619
,imappo,,,,1974.0,0.0,0.0,0.6685506477335537,0.0,0.0,0.0,0.6666666865348816,0.0018839594087864953,0.0,0.0,0.0,0.0,0.0,,,,,,,
0.10391794890165329,imappo,0.0028591228183358908,-4.573289394378662,0.00040730243414471487,1975.0,,,,,,,,,,,,,,0.2365788596198733,,,,,0.030765868723392487,0.006709680426865816
,imappo,,,,1975.0,0.0,0.0,0.33548401882029566,0.0,0.0,0.0,0.3333333432674408,0.0021506755528548638,0.0,0.0,0.0,0.0,0.0,,,,,,,
0.0023562225978821516,imappo,0.0019519994966685772,-3.772775888442993,0.00040700233411137046,1976.0,,,,,,,,,,,,,,0.2364454818272757,,,,,0.02825421281158924,0.006697254721075296
,imappo,,,,1976.0,0.0,0.0,0.334862720624443,0.0,0.0,0.0,0.3333333432674408,0.001529378753986066,0.0,0.0,0.0,0.0,0.0,,,,,,,
0.002406276995316148,imappo,0.0016501775244250894,-4.1576247215271,0.00040670223407802606,1977.0,,,,,,,,,,,,,,0.23631210403467823,,,,,0.03453298285603523,0.006709326058626175
,imappo,,,,1977.0,0.0,0.0,0.3354663317923041,0.0,0.0,0.0,0.3333333432674408,0.002132988524863322,0.0,0.0,0.0,0.0,0.0,,,,,,,
-0.0015925259795039892,imappo,0.0010124928085133433,-4.119876384735107,0.00040640213404468165,1978.0,,,,,,,,,,,,,,0.2361787262420807,,,,,0.03404524177312851,0.006709263194352388
,imappo,,,,1978.0,0.0,0.0,0.33546311193822476,0.0,0.0,0.0,0.3333333432674408,0.0021297686707839603,0.0,0.0,0.0,0.0,0.0,,,,,,,
-0.003804342355579138,imappo,0.01831206865608692,-0.6962119936943054,0.00040610203401133713,1979.0,,,,,,,,,,,,,,0.23604534844948316,,,,,0.028610140085220337,0.013371061533689499
,imappo,,,,1979.0,0.0,0.0,0.6685529937705041,0.0,0.0,0.0,0.6666666865348816,0.001886371129444342,0.0,0.0,0.0,0.0,0.0,,,,,,,
0.02607053332030773,imappo,0.002293995348736644,-3.8705577850341797,0.0004058019339779927,1980.0,,,,,,,,,,,,,,0.23591197065688563,,,,,0.027376875281333923,0.0066961608827114105
,imappo,,,,1980.0,0.0,0.0,0.33480810305425734,0.0,0.0,0.0,0.3333333432674408,0.0014747597868165485,0.0,0.0,0.0,0.0,0.0,,,,,,,
0.002780402544885874,imappo,0.00922263041138649,-2.965696096420288,0.0004055018339446483,1981.0,,,,,,,,,,,,,,0.2357785928642881,,,,,0.0311017706990242,0.006699699908494949
,imappo,,,,1981.0,0.0,0.0,0.33498499164852547,0.0,0.0,0.0,0.3333333432674408,0.0016516483810846694,0.0,0.0,0.0,0.0,0.0,,,,,,,
0.06050591170787811,imappo,0.0008652688702568412,-3.71879506111145,0.0004052017339113038,1982.0,,,,,,,,,,,,,,0.23564521507169056,,,,,0.028760913759469986,0.006704546045511961
,imappo,,,,1982.0,0.0,0.0,0.3352273016498657,0.0,0.0,0.0,0.3333333432674408,0.0018939583824248984,0.0,0.0,0.0,0.0,0.0,,,,,,,
0.08799809217453003,imappo,0.001098552835173905,-3.6994996070861816,0.0004049016338779593,1983.0,,,,,,,,,,,,,,0.23551183727909303,,,,,0.0300378929823637,0.006706352345645428
,imappo,,,,1983.0,0.0,0.0,0.3353176159677105,0.0,0.0,0.0,0.3333333432674408,0.001984242897947297,0.0,0.0,0.0,0.0,0.0,,,,,,,
0.2551444172859192,imappo,0.00830078125,-5.364975452423096,0.000404601533844615,1984.0,,,,,,,,,,,,,,0.2353784594864955,,,,,0.02819068357348442,0.006724364589899778
,imappo,,,,1984.0,0.0,0.0,0.3362182329647112,0.0,0.0,0.0,0.3333333432674408,0.0028848896972704097,0.0,0.0,0.0,0.0,0.0,,,,,,,
0.045168161392211914,imappo,0.002347460947930813,-3.5470170974731445,0.00040430143381127047,1985.0,,,,,,,,,,,,,,0.23524508169389796,,,,,0.031102370470762253,0.006708649918437004
,imappo,,,,1985.0,0.0,0.0,0.33543254827554847,0.0,0.0,0.0,0.3333333432674408,0.0020992348104300618,0.0,0.0,0.0,0.0,0.0,,,,,,,
-0.01134315226227045,imappo,0.012835782021284103,-0.6678658723831177,0.00040400133377792595,1986.0,,,,,,,,,,,,,,0.23511170390130043,,,,,0.027725346386432648,0.013367835432291031
,imappo,,,,1986.0,0.0,0.0,0.6683917425375512,0.0,0.0,0.0,0.6666666865348816,0.0017250695577786246,0.0,0.0,0.0,0.0,0.0,,,,,,,
0.001944900257512927,imappo,0.0035245371982455254,-4.054996967315674,0.00040370123374458154,1987.0,,,,,,,,,,,,,,0.2349783261087029,,,,,0.03019348904490471,0.006700065918266773
,imappo,,,,1987.0,0.0,0.0,0.33500327545698383,0.0,0.0,0.0,0.3333333432674408,0.001669932189543033,0.0,0.0,0.0,0.0,0.0,,,,,,,
0.012215499766170979,imappo,0.00488222436979413,-3.6941423416137695,0.00040340113371123713,1988.0,,,,,,,,,,,,,,0.23484494831610536,,,,,0.03408178314566612,0.0067035430110991
,imappo,,,,1988.0,0.0,0.0,0.3351771378347621,0.0,0.0,0.0,0.3333333432674408,0.0018437945673213108,0.0,0.0,0.0,0.0,0.0,,,,,,,
0.007153880316764116,imappo,0.009593469090759754,-0.8391197919845581,0.0004031010336778927,1989.0,,,,,,,,,,,,,,0.23471157052350783,,,,,0.027451977133750916,0.013369133695960045
,imappo,,,,1989.0,0.0,0.0,0.668456586310981,0.0,0.0,0.0,0.6666666865348816,0.0017899295784218339,0.0,0.0,0.0,0.0,0.0,,,,,,,
0.008651452139019966,imappo,0.020974984392523766,-1.0001623630523682,0.0004028009336445482,1990.0,,,,,,,,,,,,,,0.2345781927309103,,,,,0.03028380498290062,0.013366243802011013
,imappo,,,,1990.0,0.0,0.0,0.6683122501440266,0.0,0.0,0.0,0.6666666865348816,0.0016455983973173716,0.0,0.0,0.0,0.0,0.0,,,,,,,
-0.004719860386103392,imappo,0.003064046846702695,-0.926466703414917,0.0004025008336112037,1991.0,,,,,,,,,,,,,,0.23444481493831276,,,,,0.027786634862422943,0.013369820080697536
,imappo,,,,1991.0,0.0,0.0,0.6684909709993008,0.0,0.0,0.0,0.6666666865348816,0.001824281903282099,0.0,0.0,0.0,0.0,0.0,,,,,,,
0.08606888353824615,imappo,0.002308154944330454,-4.155785083770752,0.0004022007335778594,1992.0,,,,,,,,,,,,,,0.23431143714571523,,,,,0.02885681577026844,0.006704214960336685
,imappo,,,,1992.0,0.0,0.0,0.33521073073097796,0.0,0.0,0.0,0.3333333432674408,0.0018773874635371612,0.0,0.0,0.0,0.0,0.0,,,,,,,
0.09467985481023788,imappo,0.0034747242461889982,-3.392322301864624,0.0004019006335445149,1993.0,,,,,,,,,,,,,,0.2341780593531177,,,,,0.03379043936729431,0.006700313650071621
,imappo,,,,1993.0,0.0,0.0,0.33501566329323396,0.0,0.0,0.0,0.3333333432674408,0.0016823200257931603,0.0,0.0,0.0,0.0,0.0,,,,,,,
0.010258594527840614,imappo,0.0007489395211450756,-1.008643388748169,0.00040160053351117036,1994.0,,,,,,,,,,,,,,0.23404468156052016,,,,,0.02738203853368759,0.013367981649935246
,imappo,,,,1994.0,0.0,0.0,0.6683991314640068,0.0,0.0,0.0,0.6666666865348816,0.0017324447545021826,0.0,0.0,0.0,0.0,0.0,,,,,,,
0.053323857486248016,imappo,0.0072360895574092865,-3.628257989883423,0.00040130043347782606,1995.0,,,,,,,,,,,,,,0.23391130376792263,,,,,0.02641826495528221,0.006700485944747925
,imappo,,,,1995.0,0.0,0.0,0.33502428389903116,0.0,0.0,0.0,0.3333333432674408,0.0016909406315903652,0.0,0.0,0.0,0.0,0.0,,,,,,,
0.275708943605423,imappo,0.010438002645969391,-5.246567249298096,0.00040100033344448154,1996.0,,,,,,,,,,,,,,0.2337779259753251,,,,,0.026616893708705902,0.006726159248501062
,imappo,,,,1996.0,0.0,0.0,0.33630794235957495,0.0,0.0,0.0,0.3333333432674408,0.002974599092134156,0.0,0.0,0.0,0.0,0.0,,,,,,,
0.03205372020602226,imappo,0.004007289186120033,-2.678034782409668,0.000400700233411137,1997.0,,,,,,,,,,,,,,0.23364454818272756,,,,,0.033503398299217224,0.006698003038764
,imappo,,,,1997.0,0.0,0.0,0.334900135578323,0.0,0.0,0.0,0.3333333432674408,0.0015667923108821924,0.0,0.0,0.0,0.0,0.0,,,,,,,
0.008326470851898193,imappo,0.0008668418158777058,-3.589061975479126,0.0004004001333777926,1998.0,,,,,,,,,,,,,,0.23351117039013003,,,,,0.0344017893075943,0.006703564897179604
,imappo,,,,1998.0,0.0,0.0,0.33517821548664983,0.0,0.0,0.0,0.3333333432674408,0.0018448722192090372,0.0,0.0,0.0,0.0,0.0,,,,,,,
0.14340968430042267,imappo,0.0017778129549697042,-4.133040428161621,0.0004001000333444482,1999.0,,,,,,,,,,,,,,0.2333777925975325,,,,,0.03193886950612068,0.006710197310894728
,imappo,,,,1999.0,0.0,0.0,0.3355098235958849,0.0,0.0,0.0,0.3333333432674408,0.002176480328444086,0.0,0.0,0.0,0.0,0.0,,,,,,,
,imappo,,,,1999.0,,,,,,,,,,,,,,,0.0,0.0,0.3333333432674408,0.0,,
-0.008921384811401367,imappo,0.012037218548357487,-2.5187935829162598,0.0003997999333111038,2000.0,,,,,,,,,,,,,,0.23324441480493496,,,,,0.03201834857463837,0.006696343421936035
,imappo,,,,2000.0,0.0,0.0,0.3348171536877089,0.0,0.0,0.0,0.3333333432674408,0.001483810420268128,0.0,0.0,0.0,0.0,0.0,,,,,,,
0.011559735983610153,imappo,0.002494185697287321,-2.266026496887207,0.0003994998332777593,2001.0,,,,,,,,,,,,,,0.23311103701233743,,,,,0.030659761279821396,0.006701149977743626
,imappo,,,,2001.0,0.0,0.0,0.3350575035553902,0.0,0.0,0.0,0.3333333432674408,0.0017241602879494167,0.0,0.0,0.0,0.0,0.0,,,,,,,
0.004050807096064091,imappo,0.011841504834592342,-2.2678468227386475,0.00039919973324441477,2002.0,,,,,,,,,,,,,,0.2329776592197399,,,,,0.030102336779236794,0.006700611207634211
,imappo,,,,2002.0,0.0,0.0,0.3350305398337241,0.0,0.0,0.0,0.3333333432674408,0.00169719656628331,0.0,0.0,0.0,0.0,0.0,,,,,,,
0.029969651252031326,imappo,0.0016720843268558383,-3.268711805343628,0.00039889963321107047,2003.0,,,,,,,,,,,,,,0.23284428142714236,,,,,0.03242453932762146,0.006707785185426474
,imappo,,,,2003.0,0.0,0.0,0.33538921994590964,0.0,0.0,0.0,0.3333333432674408,0.0020558766784688487,0.0,0.0,0.0,0.0,0.0,,,,,,,
0.004548233933746815,imappo,0.0018713314784690738,-2.1508796215057373,0.00039859953317772595,2004.0,,,,,,,,,,,,,,0.23271090363454483,,,,,0.028411265462636948,0.006696391850709915
,imappo,,,,2004.0,0.0,0.0,0.33481959815151185,0.0,0.0,0.0,0.3333333432674408,0.0014862511587807603,0.0,0.0,0.0,0.0,0.0,,,,,,,
0.25359296798706055,imappo,0.0041632140055298805,-4.561825275421143,0.00039829943314438144,2005.0,,,,,,,,,,,,,,0.2325775258419473,,,,,0.0304129458963871,0.006705872248858213
,imappo,,,,2005.0,0.0,0.0,0.33529361148941916,0.0,0.0,0.0,0.3333333432674408,0.0019602682219783674,0.0,0.0,0.0,0.0,0.0,,,,,,,
0.0044043711386621,imappo,0.0018017758848145604,-2.0940990447998047,0.000397999333111037,2006.0,,,,,,,,,,,,,,0.23244414804934976,,,,,0.024865183979272842,0.006680305581539869
,imappo,,,,2006.0,0.0,0.0,0.3340152788950945,0.0,0.0,0.0,0.3333333432674408,0.0006819247428211384,0.0,0.0,0.0,0.0,0.0,,,,,,,
0.01130753941833973,imappo,0.0007252523209899664,-4.174346923828125,0.0003976992330776926,2007.0,,,,,,,,,,,,,,0.23231077025675223,,,,,0.03146339952945709,0.006705641280859709
,imappo,,,,2007.0,0.0,0.0,0.33528208130280746,0.0,0.0,0.0,0.3333333432674408,0.0019487380353666595,0.0,0.0,0.0,0.0,0.0,,,,,,,
0.010546273551881313,imappo,0.0010343380272388458,-3.5326364040374756,0.0003973991330443481,2008.0,,,,,,,,,,,,,,0.2321773924641547,,,,,0.03190802037715912,0.006709480658173561
,imappo,,,,2008.0,0.0,0.0,0.33547405939839336,0.0,0.0,0.0,0.3333333432674408,0.002140716130952569,0.0,0.0,0.0,0.0,0.0,,,,,,,
-0.00024813797790557146,imappo,0.000351446564309299,-4.155034065246582,0.0003970990330110037,2009.0,,,,,,,,,,,,,,0.23204401467155716,,,,,0.031526170670986176,0.00671246787533164
,imappo,,,,2009.0,0.0,0.0,0.3356233968224842,0.0,0.0,0.0,0.3333333432674408,0.0022900237527210265,0.0,0.0,0.0,0.0,0.0,,,,,,,
0.010973094031214714,imappo,0.000436302536400035,-3.035205602645874,0.0003967989329776593,2010.0,,,,,,,,,,,,,,0.2319106368789597,,,,,0.0313761830329895,0.006697905249893665
,imappo,,,,2010.0,0.0,0.0,0.3348952729015764,0.0,0.0,0.0,0.3333333432674408,0.0015619544997207413,0.0,0.0,0.0,0.0,0.0,,,,,,,
0.028553690761327744,imappo,0.0005504688015207648,-3.741694688796997,0.0003964988329443149,2011.0,,,,,,,,,,,,,,0.2317772590863621,,,,,0.03125613182783127,0.006708345841616392
,imappo,,,,2011.0,0.0,0.0,0.3354173287411868,0.0,0.0,0.0,0.3333333432674408,0.0020839854737459973,0.0,0.0,0.0,0.0,0.0,,,,,,,
0.2182157188653946,imappo,0.0036667126696556807,-5.1891584396362305,0.00039619873291097036,2012.0,,,,,,,,,,,,,,0.23164388129376456,,,,,0.0264756940305233,0.006727281957864761
,imappo,,,,2012.0,0.0,0.0,0.33636405337864517,0.0,0.0,0.0,0.3333333432674408,0.0030307399135267588,0.0,0.0,0.0,0.0,0.0,,,,,,,
0.045484382659196854,imappo,0.0006945516797713935,-4.033131122589111,0.00039589863287762584,2013.0,,,,,,,,,,,,,,0.23151050350116703,,,,,0.029359348118305206,0.0067102801986038685
,imappo,,,,2013.0,0.0,0.0,0.33551396011080215,0.0,0.0,0.0,0.3333333432674408,0.0021806168433613493,0.0,0.0,0.0,0.0,0.0,,,,,,,
0.003170178970322013,imappo,0.004206507001072168,-0.997280478477478,0.00039559853284428154,2014.0,,,,,,,,,,,,,,0.23137712570856955,,,,,0.028156913816928864,0.013367701321840286
,imappo,,,,2014.0,0.0,0.0,0.6683851175115478,0.0,0.0,0.0,0.6666666865348816,0.0017184498068445464,0.0,0.0,0.0,0.0,0.0,,,,,,,
0.08042852580547333,imappo,0.0005750819109380245,-2.349015235900879,0.00039529843281093703,2015.0,,,,,,,,,,,,,,0.23124374791597196,,,,,0.026988215744495392,0.006691219750791788
,imappo,,,,2015.0,0.0,0.0,0.3345610339040377,0.0,0.0,0.0,0.3333333432674408,0.0012276918298539385,0.0,0.0,0.0,0.0,0.0,,,,,,,
0.018373211845755577,imappo,0.002353877993300557,-2.095041513442993,0.0003949983327775925,2016.0,,,,,,,,,,,,,,0.23111037012337443,,,,,0.026272520422935486,0.006677765399217606
,imappo,,,,2016.0,0.0,0.0,0.3338882603795952,0.0,0.0,0.0,0.3333333432674408,0.0005549082063822652,0.0,0.0,0.0,0.0,0.0,,,,,,,
0.09848584234714508,imappo,0.0018335619242861867,-3.5105268955230713,0.0003946982327442481,2017.0,,,,,,,,,,,,,,0.2309769923307769,,,,,0.03190634399652481,0.006700635422021151
,imappo,,,,2017.0,0.0,0.0,0.3350317109286607,0.0,0.0,0.0,0.3333333432674408,0.0016983676612198906,0.0,0.0,0.0,0.0,0.0,,,,,,,
0.4094960689544678,imappo,0.003978403750807047,-5.249500274658203,0.0003943981327109037,2018.0,,,,,,,,,,,,,,0.23084361453817942,,,,,0.02414313331246376,0.0067291841842234135
,imappo,,,,2018.0,0.0,0.0,0.3364592585586479,0.0,0.0,0.0,0.3333333432674408,0.003125915291207093,0.0,0.0,0.0,0.0,0.0,,,,,,,
0.1676318645477295,imappo,0.002966064028441906,-3.7620694637298584,0.0003940980326775593,2019.0,,,,,,,,,,,,,,0.23071023674558183,,,,,0.035051822662353516,0.006711666006594896
,imappo,,,,2019.0,0.0,0.0,0.33558327270175425,0.0,0.0,0.0,0.3333333432674408,0.002249929434313458,0.0,0.0,0.0,0.0,0.0,,,,,,,
-0.01114836148917675,imappo,0.005128931254148483,0.0031258384697139263,0.00039379793264421477,2020.0,,,,,,,,,,,,,,0.2305768589529843,,,,,0.036615870893001556,3.0394612622330897e-05
,imappo,,,,2020.0,0.0,0.0,0.0015197306925074372,0.0,0.0,0.0,0.0,0.0015197306925074372,0.0,0.0,0.0,0.0,0.0,,,,,,,
-0.004526155069470406,imappo,0.009072176180779934,-3.205972671508789,0.00039349783261087025,2021.0,,,,,,,,,,,,,,0.23044348116038676,,,,,0.03271208703517914,0.006709064822643995
,imappo,,,,2021.0,0.0,0.0,0.3354532505873067,0.0,0.0,0.0,0.3333333432674408,0.002119907319865888,0.0,0.0,0.0,0.0,0.0,,,,,,,
0.034276727586984634,imappo,0.002449487801641226,-3.2856574058532715,0.00039319773257752595,2022.0,,,,,,,,,,,,,,0.2303101033677893,,,,,0.028001852333545685,0.00669455761089921
,imappo,,,,2022.0,0.0,0.0,0.33472787394578063,0.0,0.0,0.0,0.3333333432674408,0.0013945306783398337,0.0,0.0,0.0,0.0,0.0,,,,,,,
0.038305092602968216,imappo,0.0033280341885983944,-4.268284320831299,0.00039289763254418144,2023.0,,,,,,,,,,,,,,0.2301767255751917,,,,,0.03113171085715294,0.006710987072438002
,imappo,,,,2023.0,0.0,0.0,0.3355493406379537,0.0,0.0,0.0,0.3333333432674408,0.0022159973705129232,0.0,0.0,0.0,0.0,0.0,,,,,,,
0.11093118041753769,imappo,0.0009376995149068534,-3.241314172744751,0.0003925975325108369,2024.0,,,,,,,,,,,,,,0.23004334778259417,,,,,0.03183111920952797,0.006710497196763754
,imappo,,,,2024.0,0.0,0.0,0.33552484214487777,0.0,0.0,0.0,0.3333333432674408,0.0021914988774369704,0.0,0.0,0.0,0.0,0.0,,,,,,,
0.0168424341827631,imappo,0.005327720660716295,-3.948887586593628,0.0003922974324774926,2025.0,,,,,,,,,,,,,,0.2299099699899967,,,,,0.030047841370105743,0.006698958110064268
,imappo,,,,2025.0,0.0,0.0,0.3349479466573797,0.0,0.0,0.0,0.3333333432674408,0.0016146033899389067,0.0,0.0,0.0,0.0,0.0,,,,,,,
0.07652692496776581,imappo,0.0010663337307050824,-3.462519884109497,0.0003919973324441481,2026.0,,,,,,,,,,,,,,0.22977659219739915,,,,,0.027313701808452606,0.006696050055325031
,imappo,,,,2026.0,0.0,0.0,0.33480246474675823,0.0,0.0,0.0,0.3333333432674408,0.0014691214793174368,0.0,0.0,0.0,0.0,0.0,,,,,,,
0.017418693751096725,imappo,0.0045111277140676975,-3.3832130432128906,0.0003916972324108036,2027.0,,,,,,,,,,,,,,0.22964321440480157,,,,,0.031049184501171112,0.00670288922265172
,imappo,,,,2027.0,0.0,0.0,0.3351444780116708,0.0,0.0,0.0,0.3333333432674408,0.0018111645465523907,0.0,0.0,0.0,0.0,0.0,,,,,,,
0.15965600311756134,imappo,0.006587549578398466,-3.980494737625122,0.0003913971323774592,2028.0,,,,,,,,,,,,,,0.22950983661220403,,,,,0.02924843691289425,0.006700075231492519
,imappo,,,,2028.0,0.0,0.0,0.33500377406081316,0.0,0.0,0.0,0.3333333432674408,0.0016704331435066777,0.0,0.0,0.0,0.0,0.0,,,,,,,
0.016730817034840584,imappo,0.0024246214888989925,-3.22945237159729,0.00039109703234411477,2029.0,,,,,,,,,,,,,,0.22937645881960655,,,,,0.02611398696899414,0.006695026531815529
,imappo,,,,2029.0,0.0,0.0,0.3347513387487666,0.0,0.0,0.0,0.3333333432674408,0.0014179954813258178,0.0,0.0,0.0,0.0,0.0,,,,,,,
0.02805478498339653,imappo,0.0027647956740111113,-2.8158650398254395,0.00039079693231077036,2030.0,,,,,,,,,,,,,,0.22924308102700902,,,,,0.03166703134775162,0.006699736695736647
,imappo,,,,2030.0,0.0,0.0,0.3349868397666569,0.0,0.0,0.0,0.3333333432674408,0.001653502258136541,0.0,0.0,0.0,0.0,0.0,,,,,,,
0.03628651797771454,imappo,0.006342467851936817,-3.587996006011963,0.00039049683227742585,2031.0,,,,,,,,,,,,,,0.22910970323441143,,,,,0.02950705960392952,0.006703021936118603
,imappo,,,,2031.0,0.0,0.0,0.3351510887450786,0.0,0.0,0.0,0.3333333432674408,0.0018177454776378,0.0,0.0,0.0,0.0,0.0,,,,,,,
0.002678378252312541,imappo,0.005771095864474773,-3.7479500770568848,0.00039019673224408133,2032.0,,,,,,,,,,,,,,0.2289763254418139,,,,,0.030855614691972733,0.006696649827063084
,imappo,,,,2032.0,0.0,0.0,0.3348324530852551,0.0,0.0,0.0,0.3333333432674408,0.0014991098178143147,0.0,0.0,0.0,0.0,0.0,,,,,,,
-0.009862015955150127,imappo,0.014341822825372219,-0.7076432704925537,0.00038989663221073703,2033.0,,,,,,,,,,,,,,0.22884294764921642,,,,,0.031220685690641403,0.013352780602872372
,imappo,,,,2033.0,0.0,0.0,0.6676390262275618,0.0,0.0,0.0,0.6666666865348816,0.0009723249515900534,0.0,0.0,0.0,0.0,0.0,,,,,,,
0.16340754926204681,imappo,0.008816197514533997,-4.01183557510376,0.0003895965321773925,2034.0,,,,,,,,,,,,,,0.2287095698566189,,,,,0.03146834671497345,0.0067071085795760155
,imappo,,,,2034.0,0.0,0.0,0.33535547129861243,0.0,0.0,0.0,0.3333333432674408,0.002022098228849245,0.0,0.0,0.0,0.0,0.0,,,,,,,
0.03563905507326126,imappo,0.020878134295344353,-4.356729984283447,0.000389296432144048,2035.0,,,,,,,,,,,,,,0.2285761920640213,,,,,0.03194601833820343,0.006702899467200041
,imappo,,,,2035.0,0.0,0.0,0.3351449906943458,0.0,0.0,0.0,0.3333333432674408,0.0018116474269049831,0.0,0.0,0.0,0.0,0.0,,,,,,,
0.20452207326889038,imappo,0.026169242337346077,-4.204272270202637,0.0003889963321107036,2036.0,,,,,,,,,,,,,,0.22844281427142377,,,,,0.029762620106339455,0.006705729756504297
,imappo,,,,2036.0,0.0,0.0,0.3352864853459323,0.0,0.0,0.0,0.3333333432674408,0.00195314207849151,0.0,0.0,0.0,0.0,0.0,,,,,,,
0.0031199813820421696,imappo,0.00531497597694397,-2.0316197872161865,0.0003886962320773592,2037.0,,,,,,,,,,,,,,0.2283094364788263,,,,,0.028226153925061226,0.006698435638099909
,imappo,,,,2037.0,0.0,0.0,0.3349217853061255,0.0,0.0,0.0,0.3333333432674408,0.001588442184203842,0.0,0.0,0.0,0.0,0.0,,,,,,,
-0.007146232761442661,imappo,0.014717739075422287,-2.7793807983398438,0.00038839613204401467,2038.0,,,,,,,,,,,,,,0.22817605868622876,,,,,0.031592607498168945,0.006701128091663122
,imappo,,,,2038.0,0.0,0.0,0.3350564141819632,0.0,0.0,0.0,0.3333333432674408,0.0017230709145223955,0.0,0.0,0.0,0.0,0.0,,,,,,,
0.02113182470202446,imappo,0.021311838179826736,-3.353187322616577,0.00038809603201067026,2039.0,,,,,,,,,,,,,,0.22804268089363117,,,,,0.02918478474020958,0.006705111358314753
,imappo,,,,2039.0,0.0,0.0,0.335255559529287,0.0,0.0,0.0,0.3333333432674408,0.001922216261846188,0.0,0.0,0.0,0.0,0.0,,,,,,,
0.02727390266954899,imappo,0.038524728268384933,-3.419459581375122,0.00038779593197732585,2040.0,,,,,,,,,,,,,,0.2279093031010337,,,,,0.030645545572042465,0.006700790487229824
,imappo,,,,2040.0,0.0,0.0,0.3350395471625234,0.0,0.0,0.0,0.3333333432674408,0.0017062038950825809,0.0,0.0,0.0,0.0,0.0,,,,,,,
-0.0012740690726786852,imappo,0.08736992627382278,-4.277733325958252,0.00038749583194398144,2041.0,,,,,,,,,,,,,,0.22777592530843616,,,,,0.030393924564123154,0.0067070601508021355
,imappo,,,,2041.0,0.0,0.0,0.3353530579852304,0.0,0.0,0.0,0.3333333432674408,0.0020196849154672236,0.0,0.0,0.0,0.0,0.0,,,,,,,
0.06425075978040695,imappo,0.11599601805210114,-4.270500659942627,0.0003871957319106369,2042.0,,,,,,,,,,,,,,0.22764254751583862,,,,,0.03005339950323105,0.006706219166517258
,imappo,,,,2042.0,0.0,0.0,0.33531096677870664,0.0,0.0,0.0,0.3333333432674408,0.001977623511265847,0.0,0.0,0.0,0.0,0.0,,,,,,,
0.06877459585666656,imappo,0.03384427726268768,-2.8750340938568115,0.0003868956318772924,2043.0,,,,,,,,,,,,,,0.22750916972324103,,,,,0.029442904517054558,0.006700131110846996
,imappo,,,,2043.0,0.0,0.0,0.33500656702592213,0.0,0.0,0.0,0.3333333432674408,0.0016732535608037225,0.0,0.0,0.0,0.0,0.0,,,,,,,
0.05824873223900795,imappo,0.18488125503063202,-4.576585292816162,0.0003865955318439481,2044.0,,,,,,,,,,,,,,0.22737579193064356,,,,,0.028575817123055458,0.0067062401212751865
,imappo,,,,2044.0,0.0,0.0,0.3353119681071064,0.0,0.0,0.0,0.3333333432674408,0.001978624839665599,0.0,0.0,0.0,0.0,0.0,,,,,,,
0.01214820146560669,imappo,0.03620331361889839,-2.8352274894714355,0.0003862954318106036,2045.0,,,,,,,,,,,,,,0.22724241413804602,,,,,0.028813129290938377,0.0066976589150726795
,imappo,,,,2045.0,0.0,0.0,0.3348829557630779,0.0,0.0,0.0,0.3333333432674408,0.0015496124956371204,0.0,0.0,0.0,0.0,0.0,,,,,,,
0.10420937836170197,imappo,0.07667195051908493,-3.533215284347534,0.0003859953317772591,2046.0,,,,,,,,,,,,,,0.2271090363454485,,,,,0.028254974633455276,0.006704078987240791
,imappo,,,,2046.0,0.0,0.0,0.3352039202204651,0.0,0.0,0.0,0.3333333432674408,0.0018705769530242833,0.0,0.0,0.0,0.0,0.0,,,,,,,
-0.005303412675857544,imappo,0.03311491012573242,0.3131757974624634,0.00038569523174391467,2047.0,,,,,,,,,,,,,,0.2269756585528509,,,,,0.03001074120402336,3.068911246373318e-05
,imappo,,,,2047.0,0.0,0.0,0.0015344555731644505,0.0,0.0,0.0,0.0,0.0015344555731644505,0.0,0.0,0.0,0.0,0.0,,,,,,,
0.0036715655587613583,imappo,0.021224629133939743,-2.9309535026550293,0.00038539513171057026,2048.0,,,,,,,,,,,,,,0.22684228076025342,,,,,0.02767210640013218,0.006694423500448465
,imappo,,,,2048.0,0.0,0.0,0.33472116974326127,0.0,0.0,0.0,0.3333333432674408,0.001387826475820475,0.0,0.0,0.0,0.0,0.0,,,,,,,
0.0022499465849250555,imappo,0.058267802000045776,-0.9072278738021851,0.00038509503167722574,2049.0,,,,,,,,,,,,,,0.2267089029676559,,,,,0.030985139310359955,0.013365710154175758
,imappo,,,,2049.0,0.0,0.0,0.6682854897971993,0.0,0.0,0.0,0.6666666865348816,0.001618812342712772,0.0,0.0,0.0,0.0,0.0,,,,,,,
-0.008066589012742043,imappo,0.02412322908639908,0.2257613092660904,0.00038479493164388133,2050.0,,,,,,,,,,,,,,0.22657552517505836,,,,,0.01716240495443344,4.218808317091316e-05
,imappo,,,,2050.0,0.0,0.0,0.0021094043950142805,0.0,0.0,0.0,0.0,0.0021094043950142805,0.0,0.0,0.0,0.0,0.0,,,,,,,
-0.005193962249904871,imappo,0.05616074427962303,-0.8789834380149841,0.0003844948316105368,2051.0,,,,,,,,,,,,,,0.22644214738246077,,,,,0.03715398907661438,0.013384965248405933
,imappo,,,,2051.0,0.0,0.0,0.6692482837149782,0.0,0.0,0.0,0.6666666865348816,0.0025816203030899487,0.0,0.0,0.0,0.0,0.0,,,,,,,
0.002277914434671402,imappo,0.023120159283280373,-0.959191083908081,0.0003841947315771925,2052.0,,,,,,,,,,,,,,0.2263087695898633,,,,,0.02993055060505867,0.013397013768553734
,imappo,,,,2052.0,0.0,0.0,0.6698506537317144,0.0,0.0,0.0,0.6666666865348816,0.0031839393699328866,0.0,0.0,0.0,0.0,0.0,,,,,,,
0.0009799317922443151,imappo,0.019450288265943527,-0.9201580882072449,0.000383894631543848,2053.0,,,,,,,,,,,,,,0.22617539179726576,,,,,0.03159734606742859,0.013428633101284504
,imappo,,,,2053.0,0.0,0.0,0.6714316664629223,0.0,0.0,0.0,0.6666666865348816,0.00476495715429337,0.0,0.0,0.0,0.0,0.0,,,,,,,
-0.004345766734331846,imappo,0.007519006263464689,-0.8017749786376953,0.0003835945315105035,2054.0,,,,,,,,,,,,,,0.22604201400466822,,,,,0.03470225632190704,0.013405125588178635
,imappo,,,,2054.0,0.0,0.0,0.6702562829264025,0.0,0.0,0.0,0.6666666865348816,0.003589597119116661,0.0,0.0,0.0,0.0,0.0,,,,,,,
0.006171191111207008,imappo,0.015512637794017792,-0.8951418995857239,0.0003832944314771591,2055.0,,,,,,,,,,,,,,0.22590863621207063,,,,,0.033439189195632935,0.013415046036243439
,imappo,,,,2055.0,0.0,0.0,0.670752248122426,0.0,0.0,0.0,0.6666666865348816,0.004085550491709,0.0,0.0,0.0,0.0,0.0,,,,,,,
-0.004854127299040556,imappo,0.010738790966570377,-0.8445875644683838,0.00038299433144381467,2056.0,,,,,,,,,,,,,,0.22577525841947316,,,,,0.0268765389919281,0.013388154096901417
,imappo,,,,2056.0,0.0,0.0,0.6694076860502491,0.0,0.0,0.0,0.6666666865348816,0.002740995615454267,0.0,0.0,0.0,0.0,0.0,,,,,,,
0.0018565693171694875,imappo,0.014582681469619274,-1.090360164642334,0.00038269423141047015,2057.0,,,,,,,,,,,,,,0.22564188062687562,,,,,0.02994876727461815,0.013430421240627766
,imappo,,,,2057.0,0.0,0.0,0.6715209521970849,0.0,0.0,0.0,0.6666666865348816,0.0048542380426681575,0.0,0.0,0.0,0.0,0.0,,,,,,,
-0.005566626321524382,imappo,0.011059059761464596,-0.8670641183853149,0.00038239413137712574,2058.0,,,,,,,,,,,,,,0.2255085028342781,,,,,0.03225020691752434,0.013375134207308292
,imappo,,,,2058.0,0.0,0.0,0.6687567328299338,0.0,0.0,0.0,0.6666666865348816,0.002090055942971958,0.0,0.0,0.0,0.0,0.0,,,,,,,
0.013470306061208248,imappo,0.010545453056693077,-0.9804900884628296,0.00038209403134378133,2059.0,,,,,,,,,,,,,,0.22537512504168056,,,,,0.03210192173719406,0.013387314975261688
,imappo,,,,2059.0,0.0,0.0,0.6693657647083455,0.0,0.0,0.0,0.6666666865348816,0.00269909912822186,0.0,0.0,0.0,0.0,0.0,,,,,,,
0.015201112255454063,imappo,0.009060352109372616,-1.1873748302459717,0.0003817939313104368,2060.0,,,,,,,,,,,,,,0.22524174724908302,,,,,0.029405537992715836,0.013392273336648941
,imappo,,,,2060.0,0.0,0.0,0.6696136891509923,0.0,0.0,0.0,0.6666666865348816,0.002947034455701214,0.0,0.0,0.0,0.0,0.0,,,,,,,
0.006013243459165096,imappo,0.010088728740811348,-1.041983962059021,0.0003814938312770924,2061.0,,,,,,,,,,,,,,0.2251083694564855,,,,,0.030067207291722298,0.01337970606982708
,imappo,,,,2061.0,0.0,0.0,0.6689853599964408,0.0,0.0,0.0,0.6666666865348816,0.0023186734615592286,0.0,0.0,0.0,0.0,0.0,,,,,,,
-0.008279935456812382,imappo,0.011909631080925465,-0.7789351940155029,0.0003811937312437479,2062.0,,,,,,,,,,,,,,0.22497499166388796,,,,,0.030728265643119812,0.013368367217481136
,imappo,,,,2062.0,0.0,0.0,0.6684183276624935,0.0,0.0,0.0,0.6666666865348816,0.001751641127611947,0.0,0.0,0.0,0.0,0.0,,,,,,,
0.020811934024095535,imappo,0.011911225505173206,-1.3870986700057983,0.0003808936312104036,2063.0,,,,,,,,,,,,,,0.22484161387129042,,,,,0.031079286709427834,0.013383891433477402
,imappo,,,,2063.0,0.0,0.0,0.6691945324175776,0.0,0.0,0.0,0.6666666865348816,0.0025278712321323837,0.0,0.0,0.0,0.0,0.0,,,,,,,
0.0020132572390139103,imappo,0.009596283547580242,-1.0166435241699219,0.0003805935311770591,2064.0,,,,,,,,,,,,,,0.2247082360786929,,,,,0.02801070734858513,0.013383700512349606
,imappo,,,,2064.0,0.0,0.0,0.6691850607553533,0.0,0.0,0.0,0.6666666865348816,0.0025184425562656543,0.0,0.0,0.0,0.0,0.0,,,,,,,
-0.006589333992451429,imappo,0.0076041314750909805,-1.049166202545166,0.00038029343114371456,2065.0,,,,,,,,,,,,,,0.22457485828609536,,,,,0.03168058022856712,0.013360850512981415
,imappo,,,,2065.0,0.0,0.0,0.6680425335694054,0.0,0.0,0.0,0.6666666865348816,0.0013758470345237583,0.0,0.0,0.0,0.0,0.0,,,,,,,
-0.0051519679836928844,imappo,0.002563858637586236,0.246562659740448,0.00037999333111037015,2066.0,,,,,,,,,,,,,,0.22444148049349782,,,,,0.005335759371519089,1.7506950825918466e-05
,imappo,,,,2066.0,0.0,0.0,0.0008753474978675513,0.0,0.0,0.0,0.0,0.0008753474978675513,0.0,0.0,0.0,0.0,0.0,,,,,,,
0.06287021189928055,imappo,0.007610120810568333,-1.041138768196106,0.00037969323107702574,2067.0,,,,,,,,,,,,,,0.2243081027009003,,,,,0.027057455852627754,0.013383369892835617
,imappo,,,,2067.0,0.0,0.0,0.6691684316571695,0.0,0.0,0.0,0.6666666865348816,0.002501745122287957,0.0,0.0,0.0,0.0,0.0,,,,,,,
0.000787150114774704,imappo,0.003298653755337,-1.0825765132904053,0.00037939313104368123,2068.0,,,,,,,,,,,,,,0.22417472490830276,,,,,0.032510921359062195,0.013374091126024723
,imappo,,,,2068.0,0.0,0.0,0.6687045442536146,0.0,0.0,0.0,0.6666666865348816,0.002037892548742093,0.0,0.0,0.0,0.0,0.0,,,,,,,
0.008216993883252144,imappo,0.0037051148246973753,-1.1950507164001465,0.0003790930310103368,2069.0,,,,,,,,,,,,,,0.22404134711570522,,,,,0.028796665370464325,0.013374757952988148
,imappo,,,,2069.0,0.0,0.0,0.6687378522892686,0.0,0.0,0.0,0.6666666865348816,0.0020711955567094265,0.0,0.0,0.0,0.0,0.0,,,,,,,
-0.0059052202850580215,imappo,0.002093433402478695,0.6059322953224182,0.0003787929309769923,2070.0,,,,,,,,,,,,,,0.2239079693231077,,,,,0.00391435855999589,4.063675078214146e-05
,imappo,,,,2070.0,0.0,0.0,0.0020318375961778656,0.0,0.0,0.0,0.0,0.0020318375961778656,0.0,0.0,0.0,0.0,0.0,,,,,,,
-0.0034951891284435987,imappo,0.0017481542890891433,0.34416463971138,0.0003784928309436479,2071.0,,,,,,,,,,,,,,0.22377459153051016,,,,,0.0030493533704429865,4.7196033847285435e-05
,imappo,,,,2071.0,0.0,0.0,0.002359801491252256,0.0,0.0,0.0,0.0,0.002359801491252256,0.0,0.0,0.0,0.0,0.0,,,,,,,
0.010235628113150597,imappo,0.0029580206610262394,-1.2961102724075317,0.0003781927309103035,2072.0,,,,,,,,,,,,,,0.22364121373791263,,,,,0.02949603646993637,0.013371988199651241
,imappo,,,,2072.0,0.0,0.0,0.6685993652436082,0.0,0.0,0.0,0.6666666865348816,0.0019326979645484244,0.0,0.0,0.0,0.0,0.0,,,,,,,
0.023736579343676567,imappo,0.0025638416409492493,-1.277893304824829,0.00037789263087695897,2073.0,,,,,,,,,,,,,,0.2235078359453151,,,,,0.03571415692567825,0.01338124554604292
,imappo,,,,2073.0,0.0,0.0,0.6690622410190485,0.0,0.0,0.0,0.6666666865348816,0.0023955544841669507,0.0,0.0,0.0,0.0,0.0,,,,,,,
0.005121145863085985,imappo,0.001569229643791914,-1.3230565786361694,0.00037759253084361467,2074.0,,,,,,,,,,,,,,0.22337445815271756,,,,,0.028073467314243317,0.013385561294853687
,imappo,,,,2074.0,0.0,0.0,0.6692780709151975,0.0,0.0,0.0,0.6666666865348816,0.0026113843803159398,0.0,0.0,0.0,0.0,0.0,,,,,,,
0.034198351204395294,imappo,0.0013969704741612077,-2.1116247177124023,0.00037729243081027015,2075.0,,,,,,,,,,,,,,0.22324108036012003,,,,,0.04190940409898758,0.006630939431488514
,imappo,,,,2075.0,0.0,0.0,0.33154696207634515,0.0,0.0,0.0,0.3333333432674408,-0.0017863728091924713,0.0,0.0,0.0,0.0,0.0,,,,,,,
0.029911663383245468,imappo,0.0016170096350833774,-1.3484742641448975,0.00037699233077692564,2076.0,,,,,,,,,,,,,,0.2231077025675225,,,,,0.02819008380174637,0.01340579055249691
,imappo,,,,2076.0,0.0,0.0,0.6702894851750898,0.0,0.0,0.0,0.6666666865348816,0.0036227688378858147,0.0,0.0,0.0,0.0,0.0,,,,,,,
0.027091119438409805,imappo,0.0016702966531738639,-1.75483238697052,0.00037669223074358123,2077.0,,,,,,,,,,,,,,0.22297432477492496,,,,,0.03444458916783333,0.013373407535254955
,imappo,,,,2077.0,0.0,0.0,0.6686703569417318,0.0,0.0,0.0,0.6666666865348816,0.00200370079124923,0.0,0.0,0.0,0.0,0.0,,,,,,,
0.09522992372512817,imappo,0.0008721100748516619,-1.302093267440796,0.0003763921307102368,2078.0,,,,,,,,,,,,,,0.22284094698232743,,,,,0.03057122603058815,0.013379793614149094
,imappo,,,,2078.0,0.0,0.0,0.6689896691077593,0.0,0.0,0.0,0.6666666865348816,0.0023230156784848077,0.0,0.0,0.0,0.0,0.0,,,,,,,
-0.0038445116952061653,imappo,0.0013915204908698797,-1.7805861234664917,0.0003760920306768923,2079.0,,,,,,,,,,,,,,0.2227075691897299,,,,,0.03334151580929756,0.01337000448256731
,imappo,,,,2079.0,0.0,0.0,0.6685002662889019,0.0,0.0,0.0,0.6666666865348816,0.0018336030952923466,0.0,0.0,0.0,0.0,0.0,,,,,,,
0.0721922516822815,imappo,0.0005127166514284909,-1.2446796894073486,0.0003757919306435479,2080.0,,,,,,,,,,,,,,0.22257419139713236,,,,,0.03405921161174774,0.01336759701371193
,imappo,,,,2080.0,0.0,0.0,0.6683798162282244,0.0,0.0,0.0,0.6666666865348816,0.0017131314832283806,0.0,0.0,0.0,0.0,0.0,,,,,,,
0.08172924816608429,imappo,0.0008645145571790636,-1.1051206588745117,0.0003754918306102034,2081.0,,,,,,,,,,,,,,0.22244081360453483,,,,,0.027177516371011734,0.013380326330661774
,imappo,,,,2081.0,0.0,0.0,0.6690162974259692,0.0,0.0,0.0,0.6666666865348816,0.002349641333694308,0.0,0.0,0.0,0.0,0.0,,,,,,,
-0.005277722142636776,imappo,0.0006267051212489605,-1.1734132766723633,0.00037519173057685897,2082.0,,,,,,,,,,,,,,0.2223074358119373,,,,,0.02857496403157711,0.013374925591051579
,imappo,,,,2082.0,0.0,0.0,0.6687463023265536,0.0,0.0,0.0,0.6666666865348816,0.0020796157916720404,0.0,0.0,0.0,0.0,0.0,,,,,,,
0.07692664861679077,imappo,0.0006389301270246506,-1.7743624448776245,0.00037489163054351456,2083.0,,,,,,,,,,,,,,0.22217405801933976,,,,,0.02936214953660965,0.013367652893066406
,imappo,,,,2083.0,0.0,0.0,0.6683826426465203,0.0,0.0,0.0,0.6666666865348816,0.0017159273024844879,0.0,0.0,0.0,0.0,0.0,,,,,,,
0.03694953769445419,imappo,0.00032634061062708497,-1.360069751739502,0.00037459153051017005,2084.0,,,,,,,,,,,,,,0.22204068022674223,,,,,0.030432306230068207,0.013363141566514969
,imappo,,,,2084.0,0.0,0.0,0.6681571259809971,0.0,0.0,0.0,0.6666666865348816,0.001490439446115488,0.0,0.0,0.0,0.0,0.0,,,,,,,
0.005768919363617897,imappo,0.0003107606607954949,-1.3618614673614502,0.00037429143047682564,2085.0,,,,,,,,,,,,,,0.2219073024341447,,,,,0.030854592099785805,0.013374059461057186
,imappo,,,,2085.0,0.0,0.0,0.6687030169032369,0.0,0.0,0.0,0.6666666865348816,0.002036330368355266,0.0,0.0,0.0,0.0,0.0,,,,,,,
0.01246299035847187,imappo,0.00021565411589108407,-1.4278656244277954,0.00037399133044348123,2086.0,,,,,,,,,,,,,,0.22177392464154716,,,,,0.028495673090219498,0.013368912972509861
,imappo,,,,2086.0,0.0,0.0,0.6684456651806485,0.0,0.0,0.0,0.6666666865348816,0.0017789786457669265,0.0,0.0,0.0,0.0,0.0,,,,,,,
-0.01607423461973667,imappo,0.00016915805463213474,-1.4094566106796265,0.0003736912304101367,2087.0,,,,,,,,,,,,,,0.22164054684894963,,,,,0.02818918228149414,0.013347812928259373
,imappo,,,,2087.0,0.0,0.0,0.6673907651975242,0.0,0.0,0.0,0.6666666865348816,0.0007241083485496347,0.0,0.0,0.0,0.0,0.0,,,,,,,
0.012369607575237751,imappo,0.00011779171472880989,-1.4545412063598633,0.0003733911303767923,2088.0,,,,,,,,,,,,,,0.2215071690563521,,,,,0.02722254768013954,0.01334808673709631
,imappo,,,,2088.0,0.0,0.0,0.6674043234362728,0.0,0.0,0.0,0.6666666865348816,0.0007376673876535733,0.0,0.0,0.0,0.0,0.0,,,,,,,
0.08544342964887619,imappo,0.00016297087131533772,-1.4733065366744995,0.0003730910303434479,2089.0,,,,,,,,,,,,,,0.22137379126375462,,,,,0.027362771332263947,0.013368917629122734
,imappo,,,,2089.0,0.0,0.0,0.6684458516022005,0.0,0.0,0.0,0.6666666865348816,0.0017791690545436722,0.0,0.0,0.0,0.0,0.0,,,,,,,
0.03953384980559349,imappo,0.00016396453429479152,-1.4194194078445435,0.0003727909303101034,2090.0,,,,,,,,,,,,,,0.22124041347115703,,,,,0.03067949041724205,0.013378544710576534
,imappo,,,,2090.0,0.0,0.0,0.6689272138082742,0.0,0.0,0.0,0.6666666865348816,0.0022605565663980087,0.0,0.0,0.0,0.0,0.0,,,,,,,
0.004714501556009054,imappo,9.047057392308488e-05,-1.1913706064224243,0.00037249083027675897,2091.0,,,,,,,,,,,,,,0.2211070356785595,,,,,0.027773965150117874,0.013377181254327297
,imappo,,,,2091.0,0.0,0.0,0.6688589856057661,0.0,0.0,0.0,0.6666666865348816,0.0021922990708844736,0.0,0.0,0.0,0.0,0.0,,,,,,,
0.024159109219908714,imappo,7.107225974323228e-05,-1.6715306043624878,0.00037219073024341446,2092.0,,,,,,,,,,,,,,0.22097365788596196,,,,,0.03310476988554001,0.01337045431137085
,imappo,,,,2092.0,0.0,0.0,0.6685227399211726,0.0,0.0,0.0,0.6666666865348816,0.0018560881435405463,0.0,0.0,0.0,0.0,0.0,,,,,,,
0.03746889531612396,imappo,7.973121682880446e-05,-1.395156741142273,0.00037189063021007005,2093.0,,,,,,,,,,,,,,0.22084028009336448,,,,,0.03033445216715336,0.013379702344536781
,imappo,,,,2093.0,0.0,0.0,0.6689850761795242,0.0,0.0,0.0,0.6666666865348816,0.0023183598423202056,0.0,0.0,0.0,0.0,0.0,,,,,,,
0.10756324976682663,imappo,0.00014619220746681094,-1.3985836505889893,0.00037159053017672564,2094.0,,,,,,,,,,,,,,0.2207069023007669,,,,,0.026439422741532326,0.013366710394620895
,imappo,,,,2094.0,0.0,0.0,0.6683354802607937,0.0,0.0,0.0,0.6666666865348816,0.0016688213236193405,0.0,0.0,0.0,0.0,0.0,,,,,,,
0.06389584392309189,imappo,8.640002488391474e-05,-1.498711347579956,0.0003712904301433811,2095.0,,,,,,,,,,,,,,0.22057352450816936,,,,,0.03380201756954193,0.013389966450631618
,imappo,,,,2095.0,0.0,0.0,0.6694983477345886,0.0,0.0,0.0,0.6666666865348816,0.002831661199707014,0.0,0.0,0.0,0.0,0.0,,,,,,,
0.051322001963853836,imappo,7.00921009411104e-05,-1.5955289602279663,0.0003709903301100367,2096.0,,,,,,,,,,,,,,0.22044014671557183,,,,,0.03135909140110016,0.013372448273003101
,imappo,,,,2096.0,0.0,0.0,0.6686224329114339,0.0,0.0,0.0,0.6666666865348816,0.001955716574229882,0.0,0.0,0.0,0.0,0.0,,,,,,,
0.0021864871960133314,imappo,8.464902930427343e-05,-1.1779135465621948,0.0003706902300766923,2097.0,,,,,,,,,,,,,,0.22030676892297435,,,,,0.03209461271762848,0.013368180021643639
,imappo,,,,2097.0,0.0,0.0,0.6684089795193131,0.0,0.0,0.0,0.6666666865348816,0.0017423049315539174,0.0,0.0,0.0,0.0,0.0,,,,,,,
0.03414137661457062,imappo,5.03250521433074e-05,-1.2218091487884521,0.0003703901300433478,2098.0,,,,,,,,,,,,,,0.22017339113037676,,,,,0.02990584820508957,0.013372588902711868
,imappo,,,,2098.0,0.0,0.0,0.6686295015661017,0.0,0.0,0.0,0.6666666865348816,0.0019628234681476897,0.0,0.0,0.0,0.0,0.0,,,,,,,
0.0008697041776031256,imappo,0.00020042608957737684,-1.5505895614624023,0.0003700900300100034,2099.0,,,,,,,,,,,,,,0.22004001333777923,,,,,0.02973916381597519,0.013356528244912624
,imappo,,,,2099.0,0.0,0.0,0.6678264025815679,0.0,0.0,0.0,0.6666666865348816,0.0011597062095916044,0.0,0.0,0.0,0.0,0.0,,,,,,,
,imappo,,,,2099.0,,,,,,,,,,,,,,,0.0,0.0,0.6666666865348816,0.0,,
0.004208843223750591,imappo,0.00010724805906647816,-1.0601067543029785,0.00036978992997665887,2100.0,,,,,,,,,,,,,,0.2199066355451817,,,,,0.027202703058719635,0.01337895542383194
,imappo,,,,2100.0,0.0,0.0,0.6689477216148134,0.0,0.0,0.0,0.6666666865348816,0.002281005277609438,0.0,0.0,0.0,0.0,0.0,,,,,,,
0.005473637953400612,imappo,5.794089156552218e-05,-0.9909381866455078,0.00036948982994331446,2101.0,,,,,,,,,,,,,,0.21977325775258422,,,,,0.02737301215529442,0.013373848982155323
,imappo,,,,2101.0,0.0,0.0,0.6686924530886245,0.0,0.0,0.0,0.6666666865348816,0.0020257665537428693,0.0,0.0,0.0,0.0,0.0,,,,,,,
0.07907574623823166,imappo,8.43134184833616e-05,-1.2220176458358765,0.00036918972990997005,2102.0,,,,,,,,,,,,,,0.21963987995998663,,,,,0.030346587300300598,0.013375717215240002
,imappo,,,,2102.0,0.0,0.0,0.6687859388530342,0.0,0.0,0.0,0.6666666865348816,0.002119222515830188,0.0,0.0,0.0,0.0,0.0,,,,,,,
0.007480708882212639,imappo,5.3252220823196694e-05,-1.2166310548782349,0.00036888962987662553,2103.0,,,,,,,,,,,,,,0.2195065021673891,,,,,0.026051411405205727,0.013367189094424248
,imappo,,,,2103.0,0.0,0.0,0.6683594673550033,0.0,0.0,0.0,0.6666666865348816,0.0016927551723711076,0.0,0.0,0.0,0.0,0.0,,,,,,,
-0.003086946438997984,imappo,7.3084476753138e-05,-1.266268253326416,0.0003685895298432811,2104.0,,,,,,,,,,,,,,0.21937312437479162,,,,,0.029150348156690598,0.013375596143305302
,imappo,,,,2104.0,0.0,0.0,0.6687797517060972,0.0,0.0,0.0,0.6666666865348816,0.002113086613462656,0.0,0.0,0.0,0.0,0.0,,,,,,,
0.010004779323935509,imappo,0.00048101635184139013,-2.1846277713775635,0.0003682894298099367,2105.0,,,,,,,,,,,,,,0.21923974658219408,,,,,0.028443200513720512,0.006691891700029373
,imappo,,,,2105.0,0.0,0.0,0.3345945405101176,0.0,0.0,0.0,0.3333333432674408,0.0012612263828870596,0.0,0.0,0.0,0.0,0.0,,,,,,,
0.11274835467338562,imappo,0.00046786171151325107,-1.291176199913025,0.0003679893297765922,2106.0,,,,,,,,,,,,,,0.2191063687895965,,,,,0.027457553893327713,0.013382650911808014
,imappo,,,,2106.0,0.0,0.0,0.6691325561832855,0.0,0.0,0.0,0.6666666865348816,0.0024658696484038956,0.0,0.0,0.0,0.0,0.0,,,,,,,
0.07355263084173203,imappo,0.00021129600645508617,-1.4183225631713867,0.0003676892297432478,2107.0,,,,,,,,,,,,,,0.21897299099699896,,,,,0.03440925478935242,0.01336733903735876
,imappo,,,,2107.0,0.0,0.0,0.6683669360199929,0.0,0.0,0.0,0.6666666865348816,0.0017002494851112715,0.0,0.0,0.0,0.0,0.0,,,,,,,
0.01052456721663475,imappo,0.00015450357750523835,-1.1712623834609985,0.0003673891297099034,2108.0,,,,,,,,,,,,,,0.21883961320440148,,,,,0.03447829559445381,0.013355446048080921
,imappo,,,,2108.0,0.0,0.0,0.667772296864996,0.0,0.0,0.0,0.6666666865348816,0.0011056031123644061,0.0,0.0,0.0,0.0,0.0,,,,,,,
0.004417926073074341,imappo,5.3945630497764796e-05,-1.2222297191619873,0.00036708902967655887,2109.0,,,,,,,,,,,,,,0.21870623541180395,,,,,0.02950548566877842,0.013373938389122486
,imappo,,,,2109.0,0.0,0.0,0.668696993043568,0.0,0.0,0.0,0.6666666865348816,0.002030306508686408,0.0,0.0,0.0,0.0,0.0,,,,,,,
-0.006618100218474865,imappo,0.0002999530697707087,-1.228218913078308,0.00036678892964321446,2110.0,,,,,,,,,,,,,,0.21857285761920636,,,,,0.026822324842214584,0.013347197324037552
,imappo,,,,2110.0,0.0,0.0,0.6673598731565278,0.0,0.0,0.0,0.6666666865348816,0.0006931646846339845,0.0,0.0,0.0,0.0,0.0,,,,,,,
0.01829550229012966,imappo,6.54700052109547e-05,-1.3902136087417603,0.00036648882960986994,2111.0,,,,,,,,,,,,,,0.21843947982660883,,,,,0.029277775436639786,0.013368528336286545
,imappo,,,,2111.0,0.0,0.0,0.668426397719486,0.0,0.0,0.0,0.6666666865348816,0.0017597355608813814,0.0,0.0,0.0,0.0,0.0,,,,,,,
-0.00023342049098573625,imappo,5.74652076466009e-05,-1.161754846572876,0.00036618872957652553,2112.0,,,,,,,,,,,,,,0.21830610203401135,,,,,0.026570983231067657,0.013366157189011574
,imappo,,,,2112.0,0.0,0.0,0.6683078233085098,0.0,0.0,0.0,0.6666666865348816,0.0016411367736282045,0.0,0.0,0.0,0.0,0.0,,,,,,,
0.007595251780003309,imappo,6.882907473482192e-05,-1.0485764741897583,0.0003658886295431811,2113.0,,,,,,,,,,,,,,0.21817272424141382,,,,,0.029002711176872253,0.013376559130847454
,imappo,,,,2113.0,0.0,0.0,0.6688279494064773,0.0,0.0,0.0,0.6666666865348816,0.002161269034331781,0.0,0.0,0.0,0.0,0.0,,,,,,,
-0.006031861063092947,imappo,0.004679549485445023,0.6728882193565369,0.0003655885295098366,2114.0,,,,,,,,,,,,,,0.21803934644881623,,,,,0.009819507598876953,5.921009505982511e-05
,imappo,,,,2114.0,0.0,0.0,0.002960504786273077,0.0,0.0,0.0,0.0,0.002960504786273077,0.0,0.0,0.0,0.0,0.0,,,,,,,
-0.005322187207639217,imappo,0.0014447943540289998,-1.1299006938934326,0.0003652884294764922,2115.0,,,,,,,,,,,,,,0.2179059686562187,,,,,0.02576535940170288,0.013367939740419388
,imappo,,,,2115.0,0.0,0.0,0.6683970851147478,0.0,0.0,0.0,0.6666666865348816,0.001730338975221457,0.0,0.0,0.0,0.0,0.0,,,,,,,
-0.006544888485223055,imappo,0.0009935664711520076,-1.21755051612854,0.0003649883294431478,2116.0,,,,,,,,,,,,,,0.21777259086362122,,,,,0.028276611119508743,0.013357212767004967
,imappo,,,,2116.0,0.0,0.0,0.6678606365853739,0.0,0.0,0.0,0.6666666865348816,0.0011939348000851169,0.0,0.0,0.0,0.0,0.0,,,,,,,
0.024274064227938652,imappo,0.0002813756000250578,-0.9448370337486267,0.0003646882294098033,2117.0,,,,,,,,,,,,,,0.21763921307102368,,,,,0.02692439965903759,0.013383242301642895
,imappo,,,,2117.0,0.0,0.0,0.6691621723737171,0.0,0.0,0.0,0.6666666865348816,0.0024954850675840134,0.0,0.0,0.0,0.0,0.0,,,,,,,
0.06708770245313644,imappo,0.00045761759974993765,-1.1379908323287964,0.00036438812937645887,2118.0,,,,,,,,,,,,,,0.2175058352784261,,,,,0.030483242124319077,0.013390899635851383
,imappo,,,,2118.0,0.0,0.0,0.6695450067529691,0.0,0.0,0.0,0.6666666865348816,0.002878326850122903,0.0,0.0,0.0,0.0,0.0,,,,,,,
-0.0059034270234405994,imappo,5.2101629989920184e-05,-1.139347791671753,0.00036408802934311446,2119.0,,,,,,,,,,,,,,0.21737245748582862,,,,,0.03214859589934349,0.013363370671868324
,imappo,,,,2119.0,0.0,0.0,0.668168590269488,0.0,0.0,0.0,0.6666666865348816,0.001501933755207574,0.0,0.0,0.0,0.0,0.0,,,,,,,
0.006315913982689381,imappo,0.00031359519925899804,-1.1843971014022827,0.00036378792930976994,2120.0,,,,,,,,,,,,,,0.21723907969323109,,,,,0.029274865984916687,0.013398895040154457
,imappo,,,,2120.0,0.0,0.0,0.6699448111702395,0.0,0.0,0.0,0.6666666865348816,0.0032780955078806073,0.0,0.0,0.0,0.0,0.0,,,,,,,
0.013189266435801983,imappo,0.0002051720512099564,-1.3486356735229492,0.00036348782927642554,2121.0,,,,,,,,,,,,,,0.21710570190063355,,,,,0.031164802610874176,0.013380632735788822
,imappo,,,,2121.0,0.0,0.0,0.669031564108991,0.0,0.0,0.0,0.6666666865348816,0.002364877574109414,0.0,0.0,0.0,0.0,0.0,,,,,,,
0.03234785795211792,imappo,0.0002133699308615178,-1.058354139328003,0.000363187729243081,2122.0,,,,,,,,,,,,,,0.21697232410803596,,,,,0.02797074243426323,0.013376865535974503
,imappo,,,,2122.0,0.0,0.0,0.6688433266454012,0.0,0.0,0.0,0.6666666865348816,0.0021766676572951837,0.0,0.0,0.0,0.0,0.0,,,,,,,
-0.008047519251704216,imappo,0.0001324742625001818,-1.0557435750961304,0.0003628876292097366,2123.0,,,,,,,,,,,,,,0.21683894631543849,,,,,0.034951210021972656,0.01337749045342207
,imappo,,,,2123.0,0.0,0.0,0.6688745195638148,0.0,0.0,0.0,0.6666666865348816,0.002207829274539108,0.0,0.0,0.0,0.0,0.0,,,,,,,
0.04918333515524864,imappo,0.00022576894843950868,-1.1989442110061646,0.0003625875291763922,2124.0,,,,,,,,,,,,,,0.21670556852284095,,,,,0.03304310142993927,0.013370297849178314
,imappo,,,,2124.0,0.0,0.0,0.6685149295299198,0.0,0.0,0.0,0.6666666865348816,0.001848242995038163,0.0,0.0,0.0,0.0,0.0,,,,,,,
-0.0026981469709426165,imappo,6.713908805977553e-05,-1.1699614524841309,0.0003622874291430477,2125.0,,,,,,,,,,,,,,0.21657219073024342,,,,,0.030082430690526962,0.013362611643970013
,imappo,,,,2125.0,0.0,0.0,0.6681305344391149,0.0,0.0,0.0,0.6666666865348816,0.001463843094825279,0.0,0.0,0.0,0.0,0.0,,,,,,,
-0.00640794588252902,imappo,0.0014950887998566031,-1.6579625606536865,0.0003619873291097033,2126.0,,,,,,,,,,,,,,0.21643881293764583,,,,,0.0318574383854866,0.006703363265842199
,imappo,,,,2126.0,0.0,0.0,0.33516812286597997,0.0,0.0,0.0,0.3333333432674408,0.0018347920768064796,0.0,0.0,0.0,0.0,0.0,,,,,,,
-0.008554541505873203,imappo,0.0005010284949094057,-1.1777716875076294,0.00036168722907635887,2127.0,,,,,,,,,,,,,,0.21630543514504835,,,,,0.02940278872847557,0.01336086355149746
,imappo,,,,2127.0,0.0,0.0,0.66804325877456,0.0,0.0,0.0,0.6666666865348816,0.0013765715575573267,0.0,0.0,0.0,0.0,0.0,,,,,,,
-0.006124977488070726,imappo,0.0002917259989771992,-1.411839246749878,0.00036138712904301435,2128.0,,,,,,,,,,,,,,0.21617205735245082,,,,,0.02904604747891426,0.006690269336104393
,imappo,,,,2128.0,0.0,0.0,0.3345134450005389,0.0,0.0,0.0,0.3333333432674408,0.0011801018495134485,0.0,0.0,0.0,0.0,0.0,,,,,,,
1.184077700600028e-05,imappo,0.0012984223430976272,-1.3195635080337524,0.00036108702900966994,2129.0,,,,,,,,,,,,,,0.21603867955985329,,,,,0.032663457095623016,0.013373017311096191
,imappo,,,,2129.0,0.0,0.0,0.6686508176917414,0.0,0.0,0.0,0.6666666865348816,0.001984131156859803,0.0,0.0,0.0,0.0,0.0,,,,,,,
-0.008825252763926983,imappo,0.0011999655980616808,-1.0489100217819214,0.00036078692897632543,2130.0,,,,,,,,,,,,,,0.2159053017672557,,,,,0.02718479186296463,0.013352995738387108
,imappo,,,,2130.0,0.0,0.0,0.6676497992265809,0.0,0.0,0.0,0.6666666865348816,0.0009831402239228737,0.0,0.0,0.0,0.0,0.0,,,,,,,
-0.004795900080353022,imappo,0.0015869182534515858,-1.0918430089950562,0.000360486828942981,2131.0,,,,,,,,,,,,,,0.21577192397465822,,,,,0.02644333429634571,0.013351666741073132
,imappo,,,,2131.0,0.0,0.0,0.667583320023823,0.0,0.0,0.0,0.6666666865348816,0.0009166593331428885,0.0,0.0,0.0,0.0,0.0,,,,,,,
-0.010848705656826496,imappo,0.00026265456108376384,-0.869204580783844,0.0003601867289096366,2132.0,,,,,,,,,,,,,,0.2156385461820607,,,,,0.032121315598487854,0.01336992159485817
,imappo,,,,2132.0,0.0,0.0,0.6684960800703266,0.0,0.0,0.0,0.6666666865348816,0.0018293899338459596,0.0,0.0,0.0,0.0,0.0,,,,,,,
0.08375938981771469,imappo,6.983881030464545e-05,-1.1653902530670166,0.0003598866288762921,2133.0,,,,,,,,,,,,,,0.21550516838946315,,,,,0.03142448514699936,0.013377235271036625
,imappo,,,,2133.0,0.0,0.0,0.668861736610495,0.0,0.0,0.0,0.6666666865348816,0.0021950500756133806,0.0,0.0,0.0,0.0,0.0,,,,,,,
-0.007107195444405079,imappo,5.870970926480368e-05,-1.3042670488357544,0.0003595865288429477,2134.0,,,,,,,,,,,,,,0.21537179059686562,,,,,0.031102923676371574,0.01336508709937334
,imappo,,,,2134.0,0.0,0.0,0.6682544385134861,0.0,0.0,0.0,0.6666666865348816,0.0015878132421676128,0.0,0.0,0.0,0.0,0.0,,,,,,,
-7.908613770268857e-05,imappo,7.061936048557982e-05,-1.3533935546875,0.0003592864288096033,2135.0,,,,,,,,,,,,,,0.2152384128042681,,,,,0.023786993697285652,0.013350664637982845
,imappo,,,,2135.0,0.0,0.0,0.6675332368744193,0.0,0.0,0.0,0.6666666865348816,0.0008665520712156649,0.0,0.0,0.0,0.0,0.0,,,,,,,
-0.006705190986394882,imappo,0.00013436301378533244,-1.3109605312347412,0.00035898632877625876,2136.0,,,,,,,,,,,,,,0.21510503501167055,,,,,0.031171705573797226,0.013371584005653858
,imappo,,,,2136.0,0.0,0.0,0.6685792048283474,0.0,0.0,0.0,0.6666666865348816,0.0019124884911434492,0.0,0.0,0.0,0.0,0.0,,,,,,,
-0.0037206041160970926,imappo,0.00012298628280404955,-1.4869515895843506,0.00035868622874291435,2137.0,,,,,,,,,,,,,,0.21497165721907302,,,,,0.030505163595080376,0.013374673202633858
,imappo,,,,2137.0,0.0,0.0,0.6687336594322915,0.0,0.0,0.0,0.6666666865348816,0.002066972897409869,0.0,0.0,0.0,0.0,0.0,,,,,,,
-0.008149934001266956,imappo,8.916424849303439e-05,-1.3342329263687134,0.00035838612870956995,2138.0,,,,,,,,,,,,,,0.2148382794264755,,,,,0.029180267825722694,0.013363982550799847
,imappo,,,,2138.0,0.0,0.0,0.6681990970571974,0.0,0.0,0.0,0.6666666865348816,0.0015324197555059982,0.0,0.0,0.0,0.0,0.0,,,,,,,
0.0068799229338765144,imappo,0.0001359649613732472,-1.443338394165039,0.00035808602867622543,2139.0,,,,,,,,,,,,,,0.21470490163387795,,,,,0.030136343091726303,0.0133699681609869
,imappo,,,,2139.0,0.0,0.0,0.6684983981231198,0.0,0.0,0.0,0.6666666865348816,0.0018317413905606372,0.0,0.0,0.0,0.0,0.0,,,,,,,
0.04627319797873497,imappo,0.0001118849977501668,-1.4659855365753174,0.000357785928642881,2140.0,,,,,,,,,,,,,,0.21457152384128042,,,,,0.02934374287724495,0.013370218686759472
,imappo,,,,2140.0,0.0,0.0,0.6685108970777947,0.0,0.0,0.0,0.6666666865348816,0.001844165531139197,0.0,0.0,0.0,0.0,0.0,,,,,,,
0.01952272467315197,imappo,0.00010612465121084824,-1.2672463655471802,0.0003574858286095365,2141.0,,,,,,,,,,,,,,0.2144381460486829,,,,,0.034526705741882324,0.013372930698096752
,imappo,,,,2141.0,0.0,0.0,0.6686465035792253,0.0,0.0,0.0,0.6666666865348816,0.001979812824288274,0.0,0.0,0.0,0.0,0.0,,,,,,,
0.009971450082957745,imappo,0.00010810926323756576,-1.4583542346954346,0.0003571857285761921,2142.0,,,,,,,,,,,,,,0.21430476825608535,,,,,0.027444705367088318,0.013360789977014065
,imappo,,,,2142.0,0.0,0.0,0.6680395269307837,0.0,0.0,0.0,0.6666666865348816,0.0013728205616416744,0.0,0.0,0.0,0.0,0.0,,,,,,,
0.001258794218301773,imappo,0.00010548625868977979,-1.3155252933502197,0.0003568856285428477,2143.0,,,,,,,,,,,,,,0.21417139046348782,,,,,0.029893076047301292,0.013374784030020237
,imappo,,,,2143.0,0.0,0.0,0.6687391453739906,0.0,0.0,0.0,0.6666666865348816,0.002072448405385785,0.0,0.0,0.0,0.0,0.0,,,,,,,
-0.0063710385002195835,imappo,7.487089169444516e-05,-1.2907142639160156,0.00035658552850950317,2144.0,,,,,,,,,,,,,,0.2140380126708903,,,,,0.026400405913591385,0.013356450945138931
,imappo,,,,2144.0,0.0,0.0,0.6678226121050557,0.0,0.0,0.0,0.6666666865348816,0.0011559110719190357,0.0,0.0,0.0,0.0,0.0,,,,,,,
0.23701782524585724,imappo,0.00033809669548645616,-1.8731358051300049,0.00035628542847615876,2145.0,,,,,,,,,,,,,,0.21390463487829275,,,,,0.031119737774133682,0.013383493758738041
,imappo,,,,2145.0,0.0,0.0,0.6691746579390383,0.0,0.0,0.0,0.6666666865348816,0.0025080012064790935,0.0,0.0,0.0,0.0,0.0,,,,,,,
0.005268091801553965,imappo,0.00018817510863300413,-1.3916387557983398,0.00035598532844281436,2146.0,,,,,,,,,,,,,,0.21377125708569522,,,,,0.0314163938164711,0.013370020315051079
,imappo,,,,2146.0,0.0,0.0,0.6685010228466126,0.0,0.0,0.0,0.6666666865348816,0.0018343580268265214,0.0,0.0,0.0,0.0,0.0,,,,,,,
-0.003103862749412656,imappo,0.0009137035231105983,-1.7598637342453003,0.00035568522840946984,2147.0,,,,,,,,,,,,,,0.2136378792930977,,,,,0.0226847305893898,0.006692823022603989
,imappo,,,,2147.0,0.0,0.0,0.33464116643790476,0.0,0.0,0.0,0.3333333432674408,0.0013078421025056741,0.0,0.0,0.0,0.0,0.0,,,,,,,
-0.005207280162721872,imappo,0.00035484731779433787,-1.2242199182510376,0.00035538512837612543,2148.0,,,,,,,,,,,,,,0.21350450150050015,,,,,0.027930080890655518,0.01336582936346531
,imappo,,,,2148.0,0.0,0.0,0.6682915000255889,0.0,0.0,0.0,0.6666666865348816,0.0016248265474132495,0.0,0.0,0.0,0.0,0.0,,,,,,,
-0.008324268274009228,imappo,0.0003362928982824087,-1.0590834617614746,0.000355085028342781,2149.0,,,,,,,,,,,,,,0.21337112370790262,,,,,0.025391772389411926,0.013353315182030201
,imappo,,,,2149.0,0.0,0.0,0.6676658424631796,0.0,0.0,0.0,0.6666666865348816,0.0009991440466592394,0.0,0.0,0.0,0.0,0.0,,,,,,,
-0.004462565295398235,imappo,0.00017684609338175505,-0.9446414113044739,0.0003547849283094365,2150.0,,,,,,,,,,,,,,0.2132377459153051,,,,,0.028843596577644348,0.013373822905123234
,imappo,,,,2150.0,0.0,0.0,0.668691185056673,0.0,0.0,0.0,0.6666666865348816,0.002024498521791429,0.0,0.0,0.0,0.0,0.0,,,,,,,
-0.010431676171720028,imappo,0.00018301833188161254,-1.160057783126831,0.0003544848282760921,2151.0,,,,,,,,,,,,,,0.21310436812270755,,,,,0.03235616534948349,0.01337981503456831
,imappo,,,,2151.0,0.0,0.0,0.668990776580813,0.0,0.0,0.0,0.6666666865348816,0.0023240875430019514,0.0,0.0,0.0,0.0,0.0,,,,,,,
0.019438816234469414,imappo,0.00018376197840552777,-1.4069461822509766,0.0003541847282427476,2152.0,,,,,,,,,,,,,,0.21297099033011002,,,,,0.03192545473575592,0.013378764502704144
,imappo,,,,2152.0,0.0,0.0,0.6689382630515865,0.0,0.0,0.0,0.6666666865348816,0.002271576516704954,0.0,0.0,0.0,0.0,0.0,,,,,,,
-0.00723594194278121,imappo,0.00013844481145497411,-1.2083721160888672,0.0003538846282094032,2153.0,,,,,,,,,,,,,,0.2128376125375125,,,,,0.03518995642662048,0.013378491625189781
,imappo,,,,2153.0,0.0,0.0,0.6689246313644617,0.0,0.0,0.0,0.6666666865348816,0.0022579006135856616,0.0,0.0,0.0,0.0,0.0,,,,,,,
0.004936397075653076,imappo,0.00022995128529146314,-1.1822088956832886,0.00035358452817605877,2154.0,,,,,,,,,,,,,,0.21270423474491496,,,,,0.02843126282095909,0.013366368599236012
,imappo,,,,2154.0,0.0,0.0,0.6683185023947118,0.0,0.0,0.0,0.6666666865348816,0.0016518540440557672,0.0,0.0,0.0,0.0,0.0,,,,,,,
0.02413141541182995,imappo,0.00027292771846987307,-1.3965057134628296,0.00035328442814271425,2155.0,,,,,,,,,,,,,,0.21257085695231742,,,,,0.03066970594227314,0.013367132283747196
,imappo,,,,2155.0,0.0,0.0,0.6683565759913108,0.0,0.0,0.0,0.6666666865348816,0.0016898894564292277,0.0,0.0,0.0,0.0,0.0,,,,,,,
0.003624004777520895,imappo,0.00018581705808173865,-1.3933295011520386,0.00035298432810936984,2156.0,,,,,,,,,,,,,,0.2124374791597199,,,,,0.029635114595294,0.013373570516705513
,imappo,,,,2156.0,0.0,0.0,0.6686786015653183,0.0,0.0,0.0,0.6666666865348816,0.0020119150304367395,0.0,0.0,0.0,0.0,0.0,,,,,,,
-0.0023627360351383686,imappo,0.00048561845324002206,-1.1089674234390259,0.00035268422807602543,2157.0,,,,,,,,,,,,,,0.21230410136712236,,,,,0.02638930454850197,0.013350376859307289
,imappo,,,,2157.0,0.0,0.0,0.6675188843549904,0.0,0.0,0.0,0.6666666865348816,0.0008521776366023914,0.0,0.0,0.0,0.0,0.0,,,,,,,
-0.007523140404373407,imappo,0.0027852358762174845,0.5850518345832825,0.0003523841280426809,2158.0,,,,,,,,,,,,,,0.21217072357452482,,,,,0.018994107842445374,2.8020564059261233e-05
,imappo,,,,2158.0,0.0,0.0,0.0014010282625349646,0.0,0.0,0.0,0.0,0.0014010282625349646,0.0,0.0,0.0,0.0,0.0,,,,,,,
0.01497839204967022,imappo,0.0013740803115069866,-1.2920039892196655,0.0003520840280093365,2159.0,,,,,,,,,,,,,,0.2120373457819273,,,,,0.02870955877006054,0.013365030288696289
,imappo,,,,2159.0,0.0,0.0,0.6682514803705999,0.0,0.0,0.0,0.6666666865348816,0.0015847938357183011,0.0,0.0,0.0,0.0,0.0,,,,,,,
0.0027860484551638365,imappo,0.0008339409250766039,-0.9530908465385437,0.000351783927975992,2160.0,,,,,,,,,,,,,,0.21190396798932976,,,,,0.027380459010601044,0.013378553092479706
,imappo,,,,2160.0,0.0,0.0,0.6689277077748557,0.0,0.0,0.0,0.6666666865348816,0.002261022302263882,0.0,0.0,0.0,0.0,0.0,,,,,,,
0.00240616244263947,imappo,0.0009896827396005392,-1.3354204893112183,0.0003514838279426476,2161.0,,,,,,,,,,,,,,0.21177059019673222,,,,,0.03352659195661545,0.013390012085437775
,imappo,,,,2161.0,0.0,0.0,0.669500609034003,0.0,0.0,0.0,0.6666666865348816,0.0028339224991213996,0.0,0.0,0.0,0.0,0.0,,,,,,,
0.04741751775145531,imappo,0.0006650241557508707,-1.749536395072937,0.0003511837279093032,2162.0,,,,,,,,,,,,,,0.2116372124041347,,,,,0.03015774115920067,0.01339900866150856
,imappo,,,,2162.0,0.0,0.0,0.6699503270898788,0.0,0.0,0.0,0.6666666865348816,0.0032836405549971914,0.0,0.0,0.0,0.0,0.0,,,,,,,
-0.003350019222125411,imappo,0.0018999085295945406,0.5094560384750366,0.00035088362787595866,2163.0,,,,,,,,,,,,,,0.21150383461153716,,,,,0.010133776813745499,1.2009308193228208e-05
,imappo,,,,2163.0,0.0,0.0,0.0006004654683877675,0.0,0.0,0.0,0.0,0.0006004654683877675,0.0,0.0,0.0,0.0,0.0,,,,,,,
0.0012512890389189124,imappo,0.002083429368212819,-1.3299566507339478,0.00035058352784261425,2164.0,,,,,,,,,,,,,,0.21137045681893968,,,,,0.03224208205938339,0.013412323780357838
,imappo,,,,2164.0,0.0,0.0,0.6706162611681066,0.0,0.0,0.0,0.6666666865348816,0.003949515028580208,0.0,0.0,0.0,0.0,0.0,,,,,,,
0.0002861023531295359,imappo,0.001400906010530889,-1.2875486612319946,0.00035028342780926984,2165.0,,,,,,,,,,,,,,0.2112370790263421,,,,,0.03280828893184662,0.013417918235063553
,imappo,,,,2165.0,0.0,0.0,0.6708960238350983,0.0,0.0,0.0,0.6666666865348816,0.004229394300068634,0.0,0.0,0.0,0.0,0.0,,,,,,,
0.006114908494055271,imappo,0.0010716100223362446,-1.1337003707885742,0.0003499833277759253,2166.0,,,,,,,,,,,,,,0.21110370123374456,,,,,0.03033333271741867,0.013417970389127731
,imappo,,,,2166.0,0.0,0.0,0.670898417213607,0.0,0.0,0.0,0.6666666865348816,0.004231730678725398,0.0,0.0,0.0,0.0,0.0,,,,,,,
-0.007285055238753557,imappo,0.0008106454624794424,-1.1976016759872437,0.0003496832277425809,2167.0,,,,,,,,,,,,,,0.21097032344114702,,,,,0.03544066846370697,0.013416067697107792
,imappo,,,,2167.0,0.0,0.0,0.6708033842332952,0.0,0.0,0.0,0.6666666865348816,0.004136697698413627,0.0,0.0,0.0,0.0,0.0,,,,,,,
-0.0034133989829570055,imappo,0.0005540458369068801,-1.2553091049194336,0.0003493831277092365,2168.0,,,,,,,,,,,,,,0.21083694564854955,,,,,0.03209464251995087,0.013396160677075386
,imappo,,,,2168.0,0.0,0.0,0.669808047548031,0.0,0.0,0.0,0.6666666865348816,0.003141358844914066,0.0,0.0,0.0,0.0,0.0,,,,,,,
0.0728733241558075,imappo,0.0009909146465361118,-1.1363625526428223,0.000349083027675892,2169.0,,,,,,,,,,,,,,0.21070356785595196,,,,,0.029197966679930687,0.013406426645815372
,imappo,,,,2169.0,0.0,0.0,0.6703213542691628,0.0,0.0,0.0,0.6666666865348816,0.0036546683136293723,0.0,0.0,0.0,0.0,0.0,,,,,,,
-0.0036554811522364616,imappo,0.0005660314345732331,-1.2940959930419922,0.0003487829276425476,2170.0,,,,,,,,,,,,,,0.21057019006335442,,,,,0.028117675334215164,0.013394352979958057
,imappo,,,,2170.0,0.0,0.0,0.669717691374899,0.0,0.0,0.0,0.6666666865348816,0.003051004840017413,0.0,0.0,0.0,0.0,0.0,,,,,,,
-0.008357022888958454,imappo,0.00048420458915643394,-0.9851747751235962,0.00034848282760920307,2171.0,,,,,,,,,,,,,,0.2104368122707569,,,,,0.031285740435123444,0.013395235873758793
,imappo,,,,2171.0,0.0,0.0,0.6697617726977114,0.0,0.0,0.0,0.6666666865348816,0.0030951188955441467,0.0,0.0,0.0,0.0,0.0,,,,,,,
-0.009498164989054203,imappo,0.0005199622828513384,-1.253952145576477,0.00034818272757585866,2172.0,,,,,,,,,,,,,,0.2103034344781594,,,,,0.03397965431213379,0.013388081453740597
,imappo,,,,2172.0,0.0,0.0,0.6694041141641947,0.0,0.0,0.0,0.6666666865348816,0.002737397826990673,0.0,0.0,0.0,0.0,0.0,,,,,,,
0.022216033190488815,imappo,0.00040653228643350303,-1.4915350675582886,0.00034788262754251425,2173.0,,,,,,,,,,,,,,0.21017005668556182,,,,,0.02945530228316784,0.013394280336797237
,imappo,,,,2173.0,0.0,0.0,0.6697140134010624,0.0,0.0,0.0,0.6666666865348816,0.0030473343167614075,0.0,0.0,0.0,0.0,0.0,,,,,,,
0.008833425119519234,imappo,0.0005125044262968004,-1.4479848146438599,0.00034758252750916973,2174.0,,,,,,,,,,,,,,0.2100366788929643,,,,,0.02798149734735489,0.013387840241193771
,imappo,,,,2174.0,0.0,0.0,0.6693920003226594,0.0,0.0,0.0,0.6666666865348816,0.0027253368380115717,0.0,0.0,0.0,0.0,0.0,,,,,,,
0.0006700365338474512,imappo,0.00016367912758141756,-1.2665752172470093,0.0003472824274758252,2175.0,,,,,,,,,,,,,,0.20990330110036676,,,,,0.027040250599384308,0.013372490182518959
,imappo,,,,2175.0,0.0,0.0,0.6686245499140568,0.0,0.0,0.0,0.6666666865348816,0.0019578965575419716,0.0,0.0,0.0,0.0,0.0,,,,,,,
0.0046621402725577354,imappo,0.0002456244546920061,-1.2784326076507568,0.0003469823274424809,2176.0,,,,,,,,,,,,,,0.20976992330776928,,,,,0.03303154557943344,0.013374618254601955
,imappo,,,,2176.0,0.0,0.0,0.66873091405796,0.0,0.0,0.0,0.6666666865348816,0.0020642252056859434,0.0,0.0,0.0,0.0,0.0,,,,,,,
-0.0024341149255633354,imappo,0.00024036318063735962,-1.5076146125793457,0.0003466822274091364,2177.0,,,,,,,,,,,,,,0.2096365455151717,,,,,0.030482357367873192,0.013380763120949268
,imappo,,,,2177.0,0.0,0.0,0.6690381771950342,0.0,0.0,0.0,0.6666666865348816,0.00237148072119453,0.0,0.0,0.0,0.0,0.0,,,,,,,
-0.006373008247464895,imappo,0.0001771025126799941,-1.395284652709961,0.000346382127375792,2178.0,,,,,,,,,,,,,,0.20950316772257416,,,,,0.029398437589406967,0.013375637121498585
,imappo,,,,2178.0,0.0,0.0,0.6687818648279062,0.0,0.0,0.0,0.6666666865348816,0.002115183502610307,0.0,0.0,0.0,0.0,0.0,,,,,,,
0.0012093274854123592,imappo,0.000269699958153069,-1.0693825483322144,0.0003460820273424476,2179.0,,,,,,,,,,,,,,0.20936978992997668,,,,,0.030038069933652878,0.013369280844926834
,imappo,,,,2179.0,0.0,0.0,0.6684640680805387,0.0,0.0,0.0,0.6666666865348816,0.001797414818611287,0.0,0.0,0.0,0.0,0.0,,,,,,,
0.0037490467075258493,imappo,0.0001432332646800205,-1.4253885746002197,0.00034578192730910307,2180.0,,,,,,,,,,,,,,0.20923641213737915,,,,,0.0318269357085228,0.013369028456509113
,imappo,,,,2180.0,0.0,0.0,0.6684514266485166,0.0,0.0,0.0,0.6666666865348816,0.0017847699159574404,0.0,0.0,0.0,0.0,0.0,,,,,,,
0.013433328829705715,imappo,0.0002042210689978674,-1.9866669178009033,0.00034548182727575866,2181.0,,,,,,,,,,,,,,0.20910303434478156,,,,,0.02913658693432808,0.013388076797127724
,imappo,,,,2181.0,0.0,0.0,0.6694038227451529,0.0,0.0,0.0,0.6666666865348816,0.002737106407948886,0.0,0.0,0.0,0.0,0.0,,,,,,,
0.017475076019763947,imappo,0.0001337856228929013,-1.6812900304794312,0.00034518172724241414,2182.0,,,,,,,,,,,,,,0.20896965655218402,,,,,0.026366231963038445,0.013371999375522137
,imappo,,,,2182.0,0.0,0.0,0.66860001321038,0.0,0.0,0.0,0.6666666865348816,0.0019333266754983924,0.0,0.0,0.0,0.0,0.0,,,,,,,
0.005912475287914276,imappo,8.603410969953984e-05,-1.6856884956359863,0.00034488162720906974,2183.0,,,,,,,,,,,,,,0.20883627875958655,,,,,0.03116629272699356,0.01337056141346693
,imappo,,,,2183.0,0.0,0.0,0.6685280715191766,0.0,0.0,0.0,0.6666666865348816,0.001861405394151916,0.0,0.0,0.0,0.0,0.0,,,,,,,
0.02943716198205948,imappo,0.0001720035943435505,-1.5318024158477783,0.00034458152717572533,2184.0,,,,,,,,,,,,,,0.208702900966989,,,,,0.03149902820587158,0.013383602723479271
,imappo,,,,2184.0,0.0,0.0,0.6691800824597749,0.0,0.0,0.0,0.6666666865348816,0.0025133959248933024,0.0,0.0,0.0,0.0,0.0,,,,,,,
0.0030973106622695923,imappo,0.00016675179358571768,-1.540796160697937,0.0003442814271423808,2185.0,,,,,,,,,,,,,,0.20856952317439142,,,,,0.02893960103392601,0.01337308157235384
,imappo,,,,2185.0,0.0,0.0,0.6686541198887426,0.0,0.0,0.0,0.6666666865348816,0.001987457131690462,0.0,0.0,0.0,0.0,0.0,,,,,,,
0.028364406898617744,imappo,0.0003350202750880271,-1.9814047813415527,0.0003439813271090363,2186.0,,,,,,,,,,,,,,0.2084361453817939,,,,,0.027729947119951248,0.01338143926113844
,imappo,,,,2186.0,0.0,0.0,0.6690719668292786,0.0,0.0,0.0,0.6666666865348816,0.0024052802943970164,0.0,0.0,0.0,0.0,0.0,,,,,,,
-0.0023643390741199255,imappo,0.0002901513653341681,-1.3492789268493652,0.000343681227075692,2187.0,,,,,,,,,,,,,,0.2083027675891964,,,,,0.03432440757751465,0.013369235210120678
,imappo,,,,2187.0,0.0,0.0,0.6684617084924867,0.0,0.0,0.0,0.6666666865348816,0.0017950316128008126,0.0,0.0,0.0,0.0,0.0,,,,,,,
-0.00608946243301034,imappo,0.0005700709880329669,-1.0976775884628296,0.0003433811270423475,2188.0,,,,,,,,,,,,,,0.20816938979659888,,,,,0.028985265642404556,0.01336219348013401
,imappo,,,,2188.0,0.0,0.0,0.6681096165029032,0.0,0.0,0.0,0.6666666865348816,0.0014429589845406099,0.0,0.0,0.0,0.0,0.0,,,,,,,
-0.002316000172868371,imappo,0.002168182050809264,0.3357984125614166,0.00034308102700900307,2189.0,,,,,,,,,,,,,,0.2080360120040013,,,,,0.013951605185866356,4.2225528886774555e-05
,imappo,,,,2189.0,0.0,0.0,0.0021112765648467757,0.0,0.0,0.0,0.0,0.0021112765648467757,0.0,0.0,0.0,0.0,0.0,,,,,,,
-0.00618637865409255,imappo,0.002944562118500471,-1.304076910018921,0.00034278092697565855,2190.0,,,,,,,,,,,,,,0.20790263421140376,,,,,0.03181370347738266,0.013374365866184235
,imappo,,,,2190.0,0.0,0.0,0.6687183199892388,0.0,0.0,0.0,0.6666666865348816,0.0020516320755632478,0.0,0.0,0.0,0.0,0.0,,,,,,,
0.046705421060323715,imappo,0.0014317519962787628,-1.4112542867660522,0.00034248082694231415,2191.0,,,,,,,,,,,,,,0.20776925641880628,,,,,0.02823590859770775,0.013396011665463448
,imappo,,,,2191.0,0.0,0.0,0.6698005746202398,0.0,0.0,0.0,0.6666666865348816,0.0031339412798843114,0.0,0.0,0.0,0.0,0.0,,,,,,,
-0.00856696255505085,imappo,0.0012156559387221932,-1.345893144607544,0.00034218072690896974,2192.0,,,,,,,,,,,,,,0.20763587862620875,,,,,0.03226027637720108,0.013398977927863598
,imappo,,,,2192.0,0.0,0.0,0.6699488666517937,0.0,0.0,0.0,0.6666666865348816,0.0032821990234879195,0.0,0.0,0.0,0.0,0.0,,,,,,,
-0.0011404387187212706,imappo,0.001059079309925437,-1.4399279356002808,0.0003418806268756252,2193.0,,,,,,,,,,,,,,0.20750250083361116,,,,,0.02774701453745365,0.013410162180662155
,imappo,,,,2193.0,0.0,0.0,0.6705081298210871,0.0,0.0,0.0,0.6666666865348816,0.0038414432862055037,0.0,0.0,0.0,0.0,0.0,,,,,,,
0.010241135023534298,imappo,0.00044661483843810856,-1.683390736579895,0.0003415805268422808,2194.0,,,,,,,,,,,,,,0.20736912304101368,,,,,0.031470172107219696,0.013414781540632248
,imappo,,,,2194.0,0.0,0.0,0.6707390147121259,0.0,0.0,0.0,0.6666666865348816,0.0040723722258917405,0.0,0.0,0.0,0.0,0.0,,,,,,,
0.0007157009094953537,imappo,0.0004475860914681107,-1.4134968519210815,0.0003412804268089364,2195.0,,,,,,,,,,,,,,0.20723574524841615,,,,,0.03265960514545441,0.01341119036078453
,imappo,,,,2195.0,0.0,0.0,0.6705595817766152,0.0,0.0,0.0,0.6666666865348816,0.0038928952417336404,0.0,0.0,0.0,0.0,0.0,,,,,,,
-0.003100865986198187,imappo,0.0004263199807610363,-1.032142996788025,0.0003409803267755919,2196.0,,,,,,,,,,,,,,0.20710236745581861,,,,,0.028758909553289413,0.013388254679739475
,imappo,,,,2196.0,0.0,0.0,0.6694128162012021,0.0,0.0,0.0,0.6666666865348816,0.002746149269569287,0.0,0.0,0.0,0.0,0.0,,,,,,,
0.041374728083610535,imappo,0.000908904243260622,-1.5792392492294312,0.00034068022674224737,2197.0,,,,,,,,,,,,,,0.20696898966322103,,,,,0.03272475302219391,0.013401750475168228
,imappo,,,,2197.0,0.0,0.0,0.6700875219703448,0.0,0.0,0.0,0.6666666865348816,0.003420835435463232,0.0,0.0,0.0,0.0,0.0,,,,,,,
-0.00474358256906271,imappo,0.0002805594995152205,-1.2541996240615845,0.00034038012670890307,2198.0,,,,,,,,,,,,,,0.20683561187062355,,,,,0.03054267168045044,0.013374578207731247
,imappo,,,,2198.0,0.0,0.0,0.6687288809989695,0.0,0.0,0.0,0.6666666865348816,0.0020621950898203067,0.0,0.0,0.0,0.0,0.0,,,,,,,
0.004764502868056297,imappo,0.00040495715802535415,-1.7882707118988037,0.00034008002667555855,2199.0,,,,,,,,,,,,,,0.20670223407802601,,,,,0.03177937492728233,0.01338589284569025
,imappo,,,,2199.0,0.0,0.0,0.6692946860730444,0.0,0.0,0.0,0.6666666865348816,0.00262799798110791,0.0,0.0,0.0,0.0,0.0,,,,,,,
,imappo,,,,2199.0,,,,,,,,,,,,,,,0.0,0.0,0.6666666865348816,0.0,,
-0.013391160406172276,imappo,0.0002708529063966125,-1.3133223056793213,0.00033977992664221415,2200.0,,,,,,,,,,,,,,0.20656885628542848,,,,,0.03246288001537323,0.013373954221606255
,imappo,,,,2200.0,0.0,0.0,0.6686976982032036,0.0,0.0,0.0,0.6666666865348816,0.002031027402580321,0.0,0.0,0.0,0.0,0.0,,,,,,,
0.11273065209388733,imappo,0.0006844584131613374,-1.5960056781768799,0.00033947982660886963,2201.0,,,,,,,,,,,,,,0.2064354784928309,,,,,0.030894329771399498,0.013385695405304432
,imappo,,,,2201.0,0.0,0.0,0.6692847806251336,0.0,0.0,0.0,0.6666666865348816,0.0026180940902520433,0.0,0.0,0.0,0.0,0.0,,,,,,,
0.004176404792815447,imappo,0.0006416200776584446,-1.7161850929260254,0.0003391797265755252,2202.0,,,,,,,,,,,,,,0.20630210070023342,,,,,0.02710338681936264,0.013378702104091644
,imappo,,,,2202.0,0.0,0.0,0.6689351579912,0.0,0.0,0.0,0.6666666865348816,0.002268471456318366,0.0,0.0,0.0,0.0,0.0,,,,,,,
-0.007982061244547367,imappo,0.0006069645751267672,-1.7570867538452148,0.0003388796265421808,2203.0,,,,,,,,,,,,,,0.20616872290763588,,,,,0.026564419269561768,0.013377655297517776
,imappo,,,,2203.0,0.0,0.0,0.668882757717256,0.0,0.0,0.0,0.6666666865348816,0.0022160413800520473,0.0,0.0,0.0,0.0,0.0,,,,,,,
0.0505714938044548,imappo,0.0005199106526561081,-1.7710801362991333,0.0003385795265088363,2204.0,,,,,,,,,,,,,,0.20603534511503835,,,,,0.025652535259723663,0.013376292772591114
,imappo,,,,2204.0,0.0,0.0,0.6688146304481961,0.0,0.0,0.0,0.6666666865348816,0.0021479676620401733,0.0,0.0,0.0,0.0,0.0,,,,,,,
0.001362958224490285,imappo,0.00016472772404085845,-1.4371516704559326,0.0003382794264754918,2205.0,,,,,,,,,,,,,,0.20590196732244076,,,,,0.031008411198854446,0.013366065919399261
,imappo,,,,2205.0,0.0,0.0,0.6683032345680999,0.0,0.0,0.0,0.6666666865348816,0.0016365840583034696,0.0,0.0,0.0,0.0,0.0,,,,,,,
0.008241618052124977,imappo,0.00014206915511749685,-1.4228794574737549,0.0003379793264421475,2206.0,,,,,,,,,,,,,,0.20576858952984328,,,,,0.033041901886463165,0.013379931449890137
,imappo,,,,2206.0,0.0,0.0,0.6689965964651492,0.0,0.0,0.0,0.6666666865348816,0.0023298760133911856,0.0,0.0,0.0,0.0,0.0,,,,,,,
0.06492770463228226,imappo,0.00044453408918343484,-1.9448751211166382,0.00033767922640880296,2207.0,,,,,,,,,,,,,,0.20563521173724575,,,,,0.026405146345496178,0.013376869261264801
,imappo,,,,2207.0,0.0,0.0,0.6688434480370233,0.0,0.0,0.0,0.6666666865348816,0.002176761502141744,0.0,0.0,0.0,0.0,0.0,,,,,,,
-0.0060243504121899605,imappo,0.0007451189449056983,-1.4256032705307007,0.00033737912637545845,2208.0,,,,,,,,,,,,,,0.20550183394464822,,,,,0.027092453092336655,0.013362566009163857
,imappo,,,,2208.0,0.0,0.0,0.6681282850681782,0.0,0.0,0.0,0.6666666865348816,0.0014616212779401394,0.0,0.0,0.0,0.0,0.0,,,,,,,
0.012857925146818161,imappo,0.0003067730867769569,-1.948516845703125,0.00033707902634211415,2209.0,,,,,,,,,,,,,,0.20536845615205068,,,,,0.02550480142235756,0.013375150971114635
,imappo,,,,2209.0,0.0,0.0,0.6687576060076026,0.0,0.0,0.0,0.6666666865348816,0.0020909492750433856,0.0,0.0,0.0,0.0,0.0,,,,,,,
-0.001551212975755334,imappo,0.00022066404926590621,-1.74437415599823,0.00033677892630876963,2210.0,,,,,,,,,,,,,,0.20523507835945315,,,,,0.03216668218374252,0.01337557565420866
,imappo,,,,2210.0,0.0,0.0,0.6687787484024739,0.0,0.0,0.0,0.6666666865348816,0.002112061867592274,0.0,0.0,0.0,0.0,0.0,,,,,,,
0.004215702880173922,imappo,0.00012534776760730892,-1.7120399475097656,0.0003364788262754252,2211.0,,,,,,,,,,,,,,0.20510170056685562,,,,,0.031233590096235275,0.013368009589612484
,imappo,,,,2211.0,0.0,0.0,0.6684004303606343,0.0,0.0,0.0,0.6666666865348816,0.0017337475073873065,0.0,0.0,0.0,0.0,0.0,,,,,,,
0.11649109423160553,imappo,0.0001012584543786943,-1.6034802198410034,0.0003361787262420807,2212.0,,,,,,,,,,,,,,0.20496832277425808,,,,,0.03024229407310486,0.013368064537644386
,imappo,,,,2212.0,0.0,0.0,0.6684032455259512,0.0,0.0,0.0,0.6666666865348816,0.0017365823941872804,0.0,0.0,0.0,0.0,0.0,,,,,,,
-0.013398954644799232,imappo,6.901859160279855e-05,-1.7170401811599731,0.0003358786262087363,2213.0,,,,,,,,,,,,,,0.20483494498166055,,,,,0.03314327448606491,0.013374371454119682
,imappo,,,,2213.0,0.0,0.0,0.6687185750679419,0.0,0.0,0.0,0.6666666865348816,0.0020518885330602643,0.0,0.0,0.0,0.0,0.0,,,,,,,
0.013068419881165028,imappo,0.0001470185088692233,-1.4972693920135498,0.0003355785261753919,2214.0,,,,,,,,,,,,,,0.20470156718906302,,,,,0.02959248423576355,0.013370961882174015
,imappo,,,,2214.0,0.0,0.0,0.6685481569320473,0.0,0.0,0.0,0.6666666865348816,0.0018814703971656854,0.0,0.0,0.0,0.0,0.0,,,,,,,
0.03134613111615181,imappo,0.00016528955893591046,-1.745908260345459,0.0003352784261420474,2215.0,,,,,,,,,,,,,,0.20456818939646548,,,,,0.029001835733652115,0.0133811691775918
,imappo,,,,2215.0,0.0,0.0,0.6690584580674113,0.0,0.0,0.0,0.6666666865348816,0.0023917417302072863,0.0,0.0,0.0,0.0,0.0,,,,,,,
0.0024259784258902073,imappo,0.00013954509631730616,-1.597253680229187,0.00033497832610870286,2216.0,,,,,,,,,,,,,,0.20443481160386795,,,,,0.030743908137083054,0.013369337655603886
,imappo,,,,2216.0,0.0,0.0,0.668466839744724,0.0,0.0,0.0,0.6666666865348816,0.0018001380431087455,0.0,0.0,0.0,0.0,0.0,,,,,,,
0.03110225312411785,imappo,7.082105003064498e-05,-1.5770940780639648,0.00033467822607535856,2217.0,,,,,,,,,,,,,,0.20430143381127042,,,,,0.027639154344797134,0.013367865234613419
,imappo,,,,2217.0,0.0,0.0,0.6683932697792443,0.0,0.0,0.0,0.6666666865348816,0.0017266130466850882,0.0,0.0,0.0,0.0,0.0,,,,,,,
0.12241137027740479,imappo,8.148501365212724e-05,-1.7858834266662598,0.00033437812604201404,2218.0,,,,,,,,,,,,,,0.20416805601867288,,,,,0.02442246861755848,0.013372501358389854
,imappo,,,,2218.0,0.0,0.0,0.6686251030355379,0.0,0.0,0.0,0.6666666865348816,0.0019584108035815007,0.0,0.0,0.0,0.0,0.0,,,,,,,
-0.007951600477099419,imappo,0.0036114994436502457,0.2220551073551178,0.0003340780260086695,2219.0,,,,,,,,,,,,,,0.20403467822607535,,,,,0.008468570187687874,2.148447856598068e-05
,imappo,,,,2219.0,0.0,0.0,0.001074223823252396,0.0,0.0,0.0,0.0,0.001074223823252396,0.0,0.0,0.0,0.0,0.0,,,,,,,
0.015205196104943752,imappo,0.0005823455867357552,-1.6301928758621216,0.0003337779259753251,2220.0,,,,,,,,,,,,,,0.20390130043347782,,,,,0.031338684260845184,0.013379215262830257
,imappo,,,,2220.0,0.0,0.0,0.6689607528214765,0.0,0.0,0.0,0.6666666865348816,0.0022940620374356513,0.0,0.0,0.0,0.0,0.0,,,,,,,
0.006229693535715342,imappo,0.00045494167716242373,-1.6094914674758911,0.0003334778259419807,2221.0,,,,,,,,,,,,,,0.20376792264088028,,,,,0.030650034546852112,0.01338875200599432
,imappo,,,,2221.0,0.0,0.0,0.669437600722631,0.0,0.0,0.0,0.6666666865348816,0.0027709157884601154,0.0,0.0,0.0,0.0,0.0,,,,,,,
-0.012837802059948444,imappo,0.00028336496325209737,-1.5340410470962524,0.0003331777259086363,2222.0,,,,,,,,,,,,,,0.20363454484828275,,,,,0.029962308704853058,0.013376805931329727
,imappo,,,,2222.0,0.0,0.0,0.6688402209724131,0.0,0.0,0.0,0.6666666865348816,0.0021735536051323834,0.0,0.0,0.0,0.0,0.0,,,,,,,
-0.013220258057117462,imappo,0.0002855229249689728,-1.5543180704116821,0.0003328776258752918,2223.0,,,,,,,,,,,,,,0.20350116705568522,,,,,0.02962816134095192,0.013379099778831005
,imappo,,,,2223.0,0.0,0.0,0.6689549776390038,0.0,0.0,0.0,0.6666666865348816,0.0022883233311574713,0.0,0.0,0.0,0.0,0.0,,,,,,,
0.01876446045935154,imappo,0.00046934987767599523,-1.8596445322036743,0.0003325775258419474,2224.0,,,,,,,,,,,,,,0.20336778926308768,,,,,0.0283188559114933,0.013414387591183186
,imappo,,,,2224.0,0.0,0.0,0.6707193905450168,0.0,0.0,0.0,0.6666666865348816,0.004052733812457632,0.0,0.0,0.0,0.0,0.0,,,,,,,
0.04367087781429291,imappo,0.0003519575984682888,-2.021139621734619,0.00033227742580860297,2225.0,,,,,,,,,,,,,,0.20323441147049015,,,,,0.02811713144183159,0.013396047055721283
,imappo,,,,2225.0,0.0,0.0,0.669802421592884,0.0,0.0,0.0,0.6666666865348816,0.0031357350580023535,0.0,0.0,0.0,0.0,0.0,,,,,,,
-0.002221774309873581,imappo,0.00041115746716968715,-1.9249756336212158,0.00033197732577525845,2226.0,,,,,,,,,,,,,,0.20310103367789262,,,,,0.033010706305503845,0.013391652144491673
,imappo,,,,2226.0,0.0,0.0,0.6695827253536208,0.0,0.0,0.0,0.6666666865348816,0.002916044697713005,0.0,0.0,0.0,0.0,0.0,,,,,,,
-0.00764597300440073,imappo,0.00012262238305993378,-1.4626274108886719,0.00033167722574191393,2227.0,,,,,,,,,,,,,,0.20296765588529508,,,,,0.02777351252734661,0.013377632014453411
,imappo,,,,2227.0,0.0,0.0,0.6688816168368703,0.0,0.0,0.0,0.6666666865348816,0.002214940764815765,0.0,0.0,0.0,0.0,0.0,,,,,,,
0.03856523334980011,imappo,0.0001806852378649637,-1.627099871635437,0.00033137712570856963,2228.0,,,,,,,,,,,,,,0.20283427809269755,,,,,0.02925323322415352,0.013399290852248669
,imappo,,,,2228.0,0.0,0.0,0.6699645163844252,0.0,0.0,0.0,0.6666666865348816,0.0032978437175188446,0.0,0.0,0.0,0.0,0.0,,,,,,,
-0.0038027120754122734,imappo,0.0004522160452324897,-1.773019790649414,0.0003310770256752251,2229.0,,,,,,,,,,,,,,0.20270090030010002,,,,,0.03400631248950958,0.01337586622685194
,imappo,,,,2229.0,0.0,0.0,0.6687933300827353,0.0,0.0,0.0,0.6666666865348816,0.002126639909874939,0.0,0.0,0.0,0.0,0.0,,,,,,,
-0.005760652478784323,imappo,0.00013413900160230696,-1.199594497680664,0.0003307769256418806,2230.0,,,,,,,,,,,,,,0.20256752250750248,,,,,0.028223836794495583,0.01338168978691101
,imappo,,,,2230.0,0.0,0.0,0.6690844767896351,0.0,0.0,0.0,0.6666666865348816,0.0024178039190019263,0.0,0.0,0.0,0.0,0.0,,,,,,,
-0.004196610301733017,imappo,0.0001913214655360207,-1.494575023651123,0.0003304768256085362,2231.0,,,,,,,,,,,,,,0.20243414471490495,,,,,0.02759091556072235,0.013384785503149033
,imappo,,,,2231.0,0.0,0.0,0.6692392656768789,0.0,0.0,0.0,0.6666666865348816,0.0025726093554112595,0.0,0.0,0.0,0.0,0.0,,,,,,,
0.07007496803998947,imappo,0.00017965650476980954,-1.6633754968643188,0.0003301767255751918,2232.0,,,,,,,,,,,,,,0.20230076692230742,,,,,0.034468263387680054,0.013390898704528809
,imappo,,,,2232.0,0.0,0.0,0.6695449285907671,0.0,0.0,0.0,0.6666666865348816,0.002878252499158407,0.0,0.0,0.0,0.0,0.0,,,,,,,
0.0936020016670227,imappo,0.0002027113368967548,-2.307527780532837,0.0003298766255418474,2233.0,,,,,,,,,,,,,,0.20216738912970988,,,,,0.032111261039972305,0.013410079292953014
,imappo,,,,2233.0,0.0,0.0,0.6705040182932862,0.0,0.0,0.0,0.6666666865348816,0.0038373317584046163,0.0,0.0,0.0,0.0,0.0,,,,,,,
-0.0027248095721006393,imappo,0.0007665950106456876,-1.7694000005722046,0.00032957652550850286,2234.0,,,,,,,,,,,,,,0.20203401133711235,,,,,0.032450564205646515,0.013367905281484127
,imappo,,,,2234.0,0.0,0.0,0.6683952523567314,0.0,0.0,0.0,0.6666666865348816,0.001728569408896874,0.0,0.0,0.0,0.0,0.0,,,,,,,
-0.0018333951011300087,imappo,0.00014236909919418395,-1.4557218551635742,0.00032927642547515834,2235.0,,,,,,,,,,,,,,0.20190063354451482,,,,,0.030107149854302406,0.013385709375143051
,imappo,,,,2235.0,0.0,0.0,0.6692854660032026,0.0,0.0,0.0,0.6666666865348816,0.0026187612347712275,0.0,0.0,0.0,0.0,0.0,,,,,,,
-0.01008668728172779,imappo,9.987848170567304e-05,-1.5209721326828003,0.00032897632544181404,2236.0,,,,,,,,,,,,,,0.20176725575191728,,,,,0.03026578761637211,0.013380483724176884
,imappo,,,,2236.0,0.0,0.0,0.6690241521509961,0.0,0.0,0.0,0.6666666865348816,0.002357485563152295,0.0,0.0,0.0,0.0,0.0,,,,,,,
0.013440415263175964,imappo,0.00010974136966979131,-1.9062294960021973,0.0003286762254084695,2237.0,,,,,,,,,,,,,,0.20163387795931975,,,,,0.029810655862092972,0.013386429287493229
,imappo,,,,2237.0,0.0,0.0,0.6693214690649256,0.0,0.0,0.0,0.6666666865348816,0.002654782530044031,0.0,0.0,0.0,0.0,0.0,,,,,,,
0.03755064681172371,imappo,0.0001789829257177189,-2.013126850128174,0.000328376125375125,2238.0,,,,,,,,,,,,,,0.20150050016672222,,,,,0.0347331240773201,0.013398685492575169
,imappo,,,,2238.0,0.0,0.0,0.669934211537111,0.0,0.0,0.0,0.6666666865348816,0.003267495199906989,0.0,0.0,0.0,0.0,0.0,,,,,,,
-0.0042554158717393875,imappo,0.00010840365575859323,-2.0783886909484863,0.0003280760253417807,2239.0,,,,,,,,,,,,,,0.20136712237412474,,,,,0.033679042011499405,0.013387685641646385
,imappo,,,,2239.0,0.0,0.0,0.669384310795067,0.0,0.0,0.0,0.6666666865348816,0.0027176015810255194,0.0,0.0,0.0,0.0,0.0,,,,,,,
0.03246717527508736,imappo,0.0001869705447461456,-1.7969661951065063,0.0003277759253084362,2240.0,,,,,,,,,,,,,,0.20123374458152715,,,,,0.031728025525808334,0.013386472128331661
,imappo,,,,2240.0,0.0,0.0,0.6693236741657529,0.0,0.0,0.0,0.6666666865348816,0.002656987630871299,0.0,0.0,0.0,0.0,0.0,,,,,,,
-0.005076706409454346,imappo,0.0009656032780185342,-0.043899789452552795,0.0003274758252750917,2241.0,,,,,,,,,,,,,,0.20110036678892962,,,,,0.01583750545978546,1.7992069842875935e-05
,imappo,,,,2241.0,0.0,0.0,0.000899603497600765,0.0,0.0,0.0,0.0,0.000899603497600765,0.0,0.0,0.0,0.0,0.0,,,,,,,
0.011090902611613274,imappo,0.0006183428922668099,-1.7397027015686035,0.00032717572524174727,2242.0,,,,,,,,,,,,,,0.20096698899633209,,,,,0.031468868255615234,0.013394603505730629
,imappo,,,,2242.0,0.0,0.0,0.6697301696458453,0.0,0.0,0.0,0.6666666865348816,0.003063483110963716,0.0,0.0,0.0,0.0,0.0,,,,,,,
0.009212990291416645,imappo,0.0003414059174247086,-1.368363380432129,0.00032687562520840286,2243.0,,,,,,,,,,,,,,0.2008336112037346,,,,,0.034349627792835236,0.013405878096818924
,imappo,,,,2243.0,0.0,0.0,0.6702939000465449,0.0,0.0,0.0,0.6666666865348816,0.00362725140485054,0.0,0.0,0.0,0.0,0.0,,,,,,,
-0.003522397018969059,imappo,0.0001223095750901848,-1.8915047645568848,0.00032657552517505845,2244.0,,,,,,,,,,,,,,0.20070023341113702,,,,,0.030631210654973984,0.013381879776716232
,imappo,,,,2244.0,0.0,0.0,0.6690940067073825,0.0,0.0,0.0,0.6666666865348816,0.0024273158460346167,0.0,0.0,0.0,0.0,0.0,,,,,,,
0.06748966872692108,imappo,0.00031635668710805476,-1.9972963333129883,0.00032627542514171394,2245.0,,,,,,,,,,,,,,0.20056685561853949,,,,,0.03302420675754547,0.013434218242764473
,imappo,,,,2245.0,0.0,0.0,0.6717108896491482,0.0,0.0,0.0,0.6666666865348816,0.0050442031142665655,0.0,0.0,0.0,0.0,0.0,,,,,,,
0.07218926399946213,imappo,0.0002776847977656871,-1.700087308883667,0.0003259753251083694,2246.0,,,,,,,,,,,,,,0.20043347782594195,,,,,0.029675383120775223,0.013443038798868656
,imappo,,,,2246.0,0.0,0.0,0.6721519628299575,0.0,0.0,0.0,0.6666666865348816,0.005485246492753504,0.0,0.0,0.0,0.0,0.0,,,,,,,
0.008168105967342854,imappo,6.313822814263403e-05,-1.3666223287582397,0.0003256752250750251,2247.0,,,,,,,,,,,,,,0.20030010003334447,,,,,0.030600938946008682,0.013388692401349545
,imappo,,,,2247.0,0.0,0.0,0.6694346392717989,0.0,0.0,0.0,0.6666666865348816,0.0027679601365662165,0.0,0.0,0.0,0.0,0.0,,,,,,,
-0.005530709400773048,imappo,0.0002596172271296382,-1.4938793182373047,0.0003253751250416806,2248.0,,,,,,,,,,,,,,0.20016672224074689,,,,,0.029232047498226166,0.013412301428616047
,imappo,,,,2248.0,0.0,0.0,0.6706150520776646,0.0,0.0,0.0,0.6666666865348816,0.003948365188080061,0.0,0.0,0.0,0.0,0.0,,,,,,,
0.01095341145992279,imappo,0.00020338987815193832,-1.8012090921401978,0.0003250750250083361,2249.0,,,,,,,,,,,,,,0.20003334444814935,,,,,0.03077753633260727,0.013408016413450241
,imappo,,,,2249.0,0.0,0.0,0.6704007751316112,0.0,0.0,0.0,0.6666666865348816,0.0037340885967296344,0.0,0.0,0.0,0.0,0.0,,,,,,,
0.005912063643336296,imappo,0.00019846658688038588,-1.3866289854049683,0.0003247749249749917,2250.0,,,,,,,,,,,,,,0.19989996665555182,,,,,0.029916420578956604,0.013401188887655735
,imappo,,,,2250.0,0.0,0.0,0.6700593993364237,0.0,0.0,0.0,0.6666666865348816,0.003392712801542075,0.0,0.0,0.0,0.0,0.0,,,,,,,
0.11531578749418259,imappo,0.00024398880486842245,-1.512853741645813,0.00032447482494164727,2251.0,,,,,,,,,,,,,,0.1997665888629543,,,,,0.03017875924706459,0.01340826041996479
,imappo,,,,2251.0,0.0,0.0,0.6704130865600746,0.0,0.0,0.0,0.6666666865348816,0.003746429827515385,0.0,0.0,0.0,0.0,0.0,,,,,,,
-0.0004897679900750518,imappo,0.00019414977577980608,-1.671865463256836,0.00032417472490830286,2252.0,,,,,,,,,,,,,,0.19963321107035675,,,,,0.02812783792614937,0.013402136974036694
,imappo,,,,2252.0,0.0,0.0,0.6701068291791898,0.0,0.0,0.0,0.6666666865348816,0.003440146602429195,0.0,0.0,0.0,0.0,0.0,,,,,,,
-0.010834205895662308,imappo,7.884709339123219e-05,-1.2094464302062988,0.00032387462487495835,2253.0,,,,,,,,,,,,,,0.19949983327775922,,,,,0.029087772592902184,0.013372483663260937
,imappo,,,,2253.0,0.0,0.0,0.6686242355867904,0.0,0.0,0.0,0.6666666865348816,0.001957542234336529,0.0,0.0,0.0,0.0,0.0,,,,,,,
0.018500568345189095,imappo,0.00021234892483334988,-1.5874580144882202,0.00032357452484161394,2254.0,,,,,,,,,,,,,,0.19936645548516174,,,,,0.03030024841427803,0.013366504572331905
,imappo,,,,2254.0,0.0,0.0,0.6683253373098523,0.0,0.0,0.0,0.6666666865348816,0.0016586747983637906,0.0,0.0,0.0,0.0,0.0,,,,,,,
0.037140242755413055,imappo,7.898182957433164e-05,-1.2873246669769287,0.00032327442480826953,2255.0,,,,,,,,,,,,,,0.19923307769256415,,,,,0.027681060135364532,0.01337066013365984
,imappo,,,,2255.0,0.0,0.0,0.6685330289244291,0.0,0.0,0.0,0.6666666865348816,0.0018663453581382328,0.0,0.0,0.0,0.0,0.0,,,,,,,
0.01982467994093895,imappo,0.00012038389104418457,-1.4014347791671753,0.000322974324774925,2256.0,,,,,,,,,,,,,,0.19909969989996662,,,,,0.03378111124038696,0.01338711753487587
,imappo,,,,2256.0,0.0,0.0,0.6693559359846404,0.0,0.0,0.0,0.6666666865348816,0.0026892494497587904,0.0,0.0,0.0,0.0,0.0,,,,,,,
0.014648248441517353,imappo,0.0001396121078869328,-1.6754305362701416,0.0003226742247415805,2257.0,,,,,,,,,,,,,,0.1989663221073691,,,,,0.027237024158239365,0.013398068025708199
,imappo,,,,2257.0,0.0,0.0,0.6699034437505134,0.0,0.0,0.0,0.6666666865348816,0.003236757215631769,0.0,0.0,0.0,0.0,0.0,,,,,,,
0.0031462563201785088,imappo,9.664915705798194e-05,-1.4057409763336182,0.0003223741247082362,2258.0,,,,,,,,,,,,,,0.1988329443147716,,,,,0.026941927149891853,0.013373786583542824
,imappo,,,,2258.0,0.0,0.0,0.6686893372361737,0.0,0.0,0.0,0.6666666865348816,0.002022644553107966,0.0,0.0,0.0,0.0,0.0,,,,,,,
0.0103836078196764,imappo,0.00013751305232290179,-1.4919850826263428,0.0003220740246748917,2259.0,,,,,,,,,,,,,,0.19869956652217402,,,,,0.029450830072164536,0.0133964279666543
,imappo,,,,2259.0,0.0,0.0,0.6698213675203988,0.0,0.0,0.0,0.6666666865348816,0.0031546809855171887,0.0,0.0,0.0,0.0,0.0,,,,,,,
0.01365432608872652,imappo,7.739442662568763e-05,-1.7330468893051147,0.00032177392464154716,2260.0,,,,,,,,,,,,,,0.1985661887295765,,,,,0.03530391305685043,0.013383490964770317
,imappo,,,,2260.0,0.0,0.0,0.6691745826743727,0.0,0.0,0.0,0.6666666865348816,0.002507896139491095,0.0,0.0,0.0,0.0,0.0,,,,,,,
-0.008673624135553837,imappo,7.749128417344764e-05,-1.3159335851669312,0.00032147382460820276,2261.0,,,,,,,,,,,,,,0.19843281093697895,,,,,0.02780306152999401,0.013383069075644016
,imappo,,,,2261.0,0.0,0.0,0.669153437066349,0.0,0.0,0.0,0.6666666865348816,0.0024867747458543477,0.0,0.0,0.0,0.0,0.0,,,,,,,
-0.00925618875771761,imappo,4.362309482530691e-05,-1.36062490940094,0.00032117372457485835,2262.0,,,,,,,,,,,,,,0.19829943314438148,,,,,0.03134380653500557,0.013377456925809383
,imappo,,,,2262.0,0.0,0.0,0.6688728982707062,0.0,0.0,0.0,0.6666666865348816,0.0022062197102741266,0.0,0.0,0.0,0.0,0.0,,,,,,,
-0.0034496861044317484,imappo,6.25213433522731e-05,-1.4883133172988892,0.00032087362454151394,2263.0,,,,,,,,,,,,,,0.1981660553517839,,,,,0.0291688684374094,0.013357051648199558
,imappo,,,,2263.0,0.0,0.0,0.6678525849883954,0.0,0.0,0.0,0.6666666865348816,0.0011859241340062,0.0,0.0,0.0,0.0,0.0,,,,,,,
-0.008949927054345608,imappo,0.0019298073602840304,0.17807167768478394,0.0003205735245081694,2264.0,,,,,,,,,,,,,,0.19803267755918635,,,,,0.007039960008114576,1.3695864254259504e-05
,imappo,,,,2264.0,0.0,0.0,0.0006847932177151961,0.0,0.0,0.0,0.0,0.0006847932177151961,0.0,0.0,0.0,0.0,0.0,,,,,,,
-0.0012169318506494164,imappo,0.0004123287508264184,-1.3609037399291992,0.0003202734244748249,2265.0,,,,,,,,,,,,,,0.19789929976658882,,,,,0.028574533760547638,0.013358249329030514
,imappo,,,,2265.0,0.0,0.0,0.6679124417703406,0.0,0.0,0.0,0.6666666865348816,0.001245779631744881,0.0,0.0,0.0,0.0,0.0,,,,,,,
0.043970413506031036,imappo,0.0002727473038248718,-1.6096888780593872,0.0003199733244414806,2266.0,,,,,,,,,,,,,,0.19776592197399134,,,,,0.030331572517752647,0.013395420275628567
,imappo,,,,2266.0,0.0,0.0,0.6697709840852895,0.0,0.0,0.0,0.6666666865348816,0.003104304622638665,0.0,0.0,0.0,0.0,0.0,,,,,,,
-0.013324828818440437,imappo,0.0006191061693243682,0.10819859802722931,0.0003196732244081361,2267.0,,,,,,,,,,,,,,0.19763254418139375,,,,,0.001986808143556118,6.941766514501069e-06
,imappo,,,,2267.0,0.0,0.0,0.00034708833027252695,0.0,0.0,0.0,0.0,0.00034708833027252695,0.0,0.0,0.0,0.0,0.0,,,,,,,
0.055490054190158844,imappo,0.0006029215874150395,-1.5349361896514893,0.0003193731243747916,2268.0,,,,,,,,,,,,,,0.19749916638879622,,,,,0.029987119138240814,0.01341753825545311
,imappo,,,,2268.0,0.0,0.0,0.670876904529905,0.0,0.0,0.0,0.6666666865348816,0.004210247797345801,0.0,0.0,0.0,0.0,0.0,,,,,,,
-0.005716871935874224,imappo,0.0005048972670920193,-1.2052979469299316,0.0003190730243414473,2269.0,,,,,,,,,,,,,,0.19736578859619874,,,,,0.02819349616765976,0.013376359827816486
,imappo,,,,2269.0,0.0,0.0,0.6688179801494698,0.0,0.0,0.0,0.6666666865348816,0.0021512807288672775,0.0,0.0,0.0,0.0,0.0,,,,,,,
0.09349679946899414,imappo,0.0004145056882407516,-1.6602030992507935,0.00031877292430810276,2270.0,,,,,,,,,,,,,,0.1972324108036012,,,,,0.029776837676763535,0.01342086773365736
,imappo,,,,2270.0,0.0,0.0,0.6710434346196053,0.0,0.0,0.0,0.6666666865348816,0.004376735948426358,0.0,0.0,0.0,0.0,0.0,,,,,,,
-0.0001074529136531055,imappo,0.0005078463000245392,-1.7810750007629395,0.00031847282427475824,2271.0,,,,,,,,,,,,,,0.19709903301100362,,,,,0.029145490378141403,0.013422531075775623
,imappo,,,,2271.0,0.0,0.0,0.6711265438415239,0.0,0.0,0.0,0.6666666865348816,0.004459842085339005,0.0,0.0,0.0,0.0,0.0,,,,,,,
0.06323326379060745,imappo,0.00045532057993113995,-1.4048418998718262,0.00031817272424141383,2272.0,,,,,,,,,,,,,,0.1969656552184061,,,,,0.02960088662803173,0.01342760119587183
,imappo,,,,2272.0,0.0,0.0,0.6713800605543838,0.0,0.0,0.0,0.6666666865348816,0.0047133740195022256,0.0,0.0,0.0,0.0,0.0,,,,,,,
0.16753260791301727,imappo,0.0003625615208875388,-1.475630521774292,0.0003178726242080694,2273.0,,,,,,,,,,,,,,0.1968322774258086,,,,,0.026578351855278015,0.013424055650830269
,imappo,,,,2273.0,0.0,0.0,0.6712028142778763,0.0,0.0,0.0,0.6666666865348816,0.004536147380804323,0.0,0.0,0.0,0.0,0.0,,,,,,,
0.03602960333228111,imappo,0.000597023987211287,-1.122032642364502,0.000317572524174725,2274.0,,,,,,,,,,,,,,0.19669889963321108,,,,,0.030597202479839325,0.0134066641330719
,imappo,,,,2274.0,0.0,0.0,0.6703332910187783,0.0,0.0,0.0,0.6666666865348816,0.0036666221972154744,0.0,0.0,0.0,0.0,0.0,,,,,,,
-0.0045167128555476665,imappo,0.00022725333110429347,-1.1675541400909424,0.0003172724241413805,2275.0,,,,,,,,,,,,,,0.1965655218406135,,,,,0.030933545902371407,0.013410496525466442
,imappo,,,,2275.0,0.0,0.0,0.6705247737008904,0.0,0.0,0.0,0.6666666865348816,0.003858100993966218,0.0,0.0,0.0,0.0,0.0,,,,,,,
0.034709058701992035,imappo,0.0005873544723726809,-1.3299000263214111,0.000316972324108036,2276.0,,,,,,,,,,,,,,0.19643214404801596,,,,,0.03010433539748192,0.013406088575720787
,imappo,,,,2276.0,0.0,0.0,0.6703044124797088,0.0,0.0,0.0,0.6666666865348816,0.0036377259448272525,0.0,0.0,0.0,0.0,0.0,,,,,,,
0.07983756065368652,imappo,0.0002703487407416105,-1.5811549425125122,0.0003166722240746917,2277.0,,,,,,,,,,,,,,0.19629876625541848,,,,,0.025039419531822205,0.013407327234745026
,imappo,,,,2277.0,0.0,0.0,0.6703664018540394,0.0,0.0,0.0,0.6666666865348816,0.0036997153191578036,0.0,0.0,0.0,0.0,0.0,,,,,,,
0.09363648295402527,imappo,0.0026032307650893927,-3.7154972553253174,0.00031637212404134717,2278.0,,,,,,,,,,,,,,0.19616538846282094,,,,,0.030878927558660507,0.006723972037434578
,imappo,,,,2278.0,0.0,0.0,0.33619859462123713,0.0,0.0,0.0,0.3333333432674408,0.0028652513537963387,0.0,0.0,0.0,0.0,0.0,,,,,,,
-0.003051940817385912,imappo,0.0018639951013028622,-1.807830810546875,0.00031607202400800265,2279.0,,,,,,,,,,,,,,0.19603201067022336,,,,,0.03407168760895729,0.013404862023890018
,imappo,,,,2279.0,0.0,0.0,0.670243053285958,0.0,0.0,0.0,0.6666666865348816,0.003576361861632904,0.0,0.0,0.0,0.0,0.0,,,,,,,
-0.011257408186793327,imappo,0.0017843011301010847,-1.5827772617340088,0.00031577192397465824,2280.0,,,,,,,,,,,,,,0.19589863287762582,,,,,0.028655201196670532,0.013361637480556965
,imappo,,,,2280.0,0.0,0.0,0.6680818442575855,0.0,0.0,0.0,0.6666666865348816,0.0014151625757676811,0.0,0.0,0.0,0.0,0.0,,,,,,,
-0.013101128861308098,imappo,0.0011381867807358503,-1.5527485609054565,0.00031547182394131383,2281.0,,,,,,,,,,,,,,0.19576525508502834,,,,,0.027887992560863495,0.013360429555177689
,imappo,,,,2281.0,0.0,0.0,0.6680215183577047,0.0,0.0,0.0,0.6666666865348816,0.0013547923580290444,0.0,0.0,0.0,0.0,0.0,,,,,,,
-0.010698238387703896,imappo,0.00020207367197144777,-1.1145268678665161,0.0003151717239079693,2282.0,,,,,,,,,,,,,,0.1956318772924308,,,,,0.031632594764232635,0.013403588905930519
,imappo,,,,2282.0,0.0,0.0,0.6701794208943284,0.0,0.0,0.0,0.6666666865348816,0.003512738688641548,0.0,0.0,0.0,0.0,0.0,,,,,,,
-0.009818343445658684,imappo,0.0002413864858681336,-1.4097816944122314,0.0003148716238746249,2283.0,,,,,,,,,,,,,,0.19549849949983322,,,,,0.029654715210199356,0.013392578810453415
,imappo,,,,2283.0,0.0,0.0,0.6696289296014584,0.0,0.0,0.0,0.6666666865348816,0.002962268285045866,0.0,0.0,0.0,0.0,0.0,,,,,,,
0.012934129685163498,imappo,0.0013606101274490356,-1.3884682655334473,0.0003145715238412805,2284.0,,,,,,,,,,,,,,0.19536512170723574,,,,,0.025004040449857712,0.01336966548115015
,imappo,,,,2284.0,0.0,0.0,0.6684832731746155,0.0,0.0,0.0,0.6666666865348816,0.0018166055353958654,0.0,0.0,0.0,0.0,0.0,,,,,,,
0.05291647091507912,imappo,0.0005673332489095628,-1.4900275468826294,0.0003142714238079361,2285.0,,,,,,,,,,,,,,0.1952317439146382,,,,,0.02357645332813263,0.013368220068514347
,imappo,,,,2285.0,0.0,0.0,0.6684109941825227,0.0,0.0,0.0,0.6666666865348816,0.0017443038132114452,0.0,0.0,0.0,0.0,0.0,,,,,,,
0.016987748444080353,imappo,0.0005901379627175629,-2.0048556327819824,0.0003139713237745916,2286.0,,,,,,,,,,,,,,0.19509836612204068,,,,,0.02552313357591629,0.013354502618312836
,imappo,,,,2286.0,0.0,0.0,0.6677251271036084,0.0,0.0,0.0,0.6666666865348816,0.0010584503767177011,0.0,0.0,0.0,0.0,0.0,,,,,,,
0.03579992428421974,imappo,0.00033198215533047915,-2.3042562007904053,0.00031367122374124706,2287.0,,,,,,,,,,,,,,0.1949649883294431,,,,,0.03342428058385849,0.013390387408435345
,imappo,,,,2287.0,0.0,0.0,0.6695193866741533,0.0,0.0,0.0,0.6666666865348816,0.0028527362571253434,0.0,0.0,0.0,0.0,0.0,,,,,,,
0.008567500859498978,imappo,0.002257547341287136,-3.2361068725585938,0.00031337112370790276,2288.0,,,,,,,,,,,,,,0.1948316105368456,,,,,0.02178926020860672,0.006692482158541679
,imappo,,,,2288.0,0.0,0.0,0.33462411415945326,0.0,0.0,0.0,0.3333333432674408,0.0012907618407211885,0.0,0.0,0.0,0.0,0.0,,,,,,,
-0.003464864566922188,imappo,0.001075419713743031,-1.7028199434280396,0.00031307102367455824,2289.0,,,,,,,,,,,,,,0.19469823274424808,,,,,0.02066131867468357,0.013358389027416706
,imappo,,,,2289.0,0.0,0.0,0.6679194511544324,0.0,0.0,0.0,0.6666666865348816,0.0012527815716225632,0.0,0.0,0.0,0.0,0.0,,,,,,,
0.038296569138765335,imappo,0.0004768707149196416,-1.705152153968811,0.0003127709236412137,2290.0,,,,,,,,,,,,,,0.19456485495165055,,,,,0.03265015780925751,0.013421610929071903
,imappo,,,,2290.0,0.0,0.0,0.6710804823009084,0.0,0.0,0.0,0.6666666865348816,0.004413795766026851,0.0,0.0,0.0,0.0,0.0,,,,,,,
0.005362978205084801,imappo,0.0003829354827757925,-1.68423330783844,0.0003124708236078693,2291.0,,,,,,,,,,,,,,0.19443147715905296,,,,,0.03356647491455078,0.013389662839472294
,imappo,,,,2291.0,0.0,0.0,0.6694831232316574,0.0,0.0,0.0,0.6666666865348816,0.002816461260408687,0.0,0.0,0.0,0.0,0.0,,,,,,,
0.21547000110149384,imappo,0.010078038088977337,-5.142882347106934,0.0003121707235745249,2292.0,,,,,,,,,,,,,,0.19429809936645548,,,,,0.02917451411485672,0.00672163674607873
,imappo,,,,2292.0,0.0,0.0,0.33608184647437156,0.0,0.0,0.0,0.3333333432674408,0.0027485032069307636,0.0,0.0,0.0,0.0,0.0,,,,,,,
0.08462339639663696,imappo,0.00251230807043612,-3.5961694717407227,0.0003118706235411804,2293.0,,,,,,,,,,,,,,0.19416472157385795,,,,,0.030223991721868515,0.006713477894663811
,imappo,,,,2293.0,0.0,0.0,0.33567390448024526,0.0,0.0,0.0,0.3333333432674408,0.0023405612128044595,0.0,0.0,0.0,0.0,0.0,,,,,,,
-0.005460045766085386,imappo,0.003541358979418874,-1.0823009014129639,0.000311570523507836,2294.0,,,,,,,,,,,,,,0.1940313437812604,,,,,0.03241856396198273,0.01337931677699089
,imappo,,,,2294.0,0.0,0.0,0.6689658912424647,0.0,0.0,0.0,0.6666666865348816,0.002299211285048841,0.0,0.0,0.0,0.0,0.0,,,,,,,
-0.01033803541213274,imappo,0.000763283169362694,-1.2066086530685425,0.00031127042347449147,2295.0,,,,,,,,,,,,,,0.19389796598866282,,,,,0.031556159257888794,0.013365011662244797
,imappo,,,,2295.0,0.0,0.0,0.6682505295982537,0.0,0.0,0.0,0.6666666865348816,0.0015838835540762375,0.0,0.0,0.0,0.0,0.0,,,,,,,
-0.005565264727920294,imappo,0.0008754545706324279,0.22960835695266724,0.00031097032344114717,2296.0,,,,,,,,,,,,,,0.19376458819606535,,,,,0.019994553178548813,-2.5024708065757295e-06
,imappo,,,,2296.0,0.0,0.0,-0.00012512343892012723,0.0,0.0,0.0,0.0,-0.00012512343892012723,0.0,0.0,0.0,0.0,0.0,,,,,,,
-0.007246376480907202,imappo,0.0006821959395892918,0.19162775576114655,0.00031067022340780265,2297.0,,,,,,,,,,,,,,0.1936312104034678,,,,,0.006921706721186638,2.6057556169689633e-05
,imappo,,,,2297.0,0.0,0.0,0.0013028778357693227,0.0,0.0,0.0,0.0,0.0013028778357693227,0.0,0.0,0.0,0.0,0.0,,,,,,,
0.0031507345847785473,imappo,0.0005667048972100019,-1.2941585779190063,0.00031037012337445814,2298.0,,,,,,,,,,,,,,0.19349783261087028,,,,,0.03144028037786484,0.013413221575319767
,imappo,,,,2298.0,0.0,0.0,0.6706610159317279,0.0,0.0,0.0,0.6666666865348816,0.003994353933194361,0.0,0.0,0.0,0.0,0.0,,,,,,,
0.030186697840690613,imappo,0.0010959318606182933,-2.025608539581299,0.00031007002334111384,2299.0,,,,,,,,,,,,,,0.19336445481827275,,,,,0.030620964244008064,0.013423130847513676
,imappo,,,,2299.0,0.0,0.0,0.6711565379097237,0.0,0.0,0.0,0.6666666865348816,0.00448987736365325,0.0,0.0,0.0,0.0,0.0,,,,,,,
,imappo,,,,2299.0,,,,,,,,,,,,,,,0.0,0.0,0.6666666865348816,0.0,,
-0.0002498424146324396,imappo,0.00032882188679650426,-0.0598938949406147,0.0003097699233077693,2300.0,,,,,,,,,,,,,,0.1932310770256752,,,,,0.001106108771637082,5.939475045124709e-07
,imappo,,,,2300.0,0.0,0.0,2.969738193314697e-05,0.0,0.0,0.0,0.0,2.969738193314697e-05,0.0,0.0,0.0,0.0,0.0,,,,,,,
0.01416782010346651,imappo,0.0026900044176727533,-2.3242125511169434,0.0003094698232744248,2301.0,,,,,,,,,,,,,,0.19309769923307768,,,,,0.028529204428195953,0.013404840603470802
,imappo,,,,2301.0,0.0,0.0,0.6702420191856788,0.0,0.0,0.0,0.6666666865348816,0.0035753418694355332,0.0,0.0,0.0,0.0,0.0,,,,,,,
0.007954668253660202,imappo,0.0010497557232156396,-1.8004438877105713,0.0003091697232410804,2302.0,,,,,,,,,,,,,,0.19296432144048015,,,,,0.031088335439562798,0.013422228395938873
,imappo,,,,2302.0,0.0,0.0,0.6711113886688054,0.0,0.0,0.0,0.6666666865348816,0.004444714408464279,0.0,0.0,0.0,0.0,0.0,,,,,,,
0.0011727921664714813,imappo,0.0006841885042376816,-1.6191147565841675,0.000308869623207736,2303.0,,,,,,,,,,,,,,0.1928309436478826,,,,,0.03647200018167496,0.01343453023582697
,imappo,,,,2303.0,0.0,0.0,0.6717265401548502,0.0,0.0,0.0,0.6666666865348816,0.005059845892901649,0.0,0.0,0.0,0.0,0.0,,,,,,,
0.008916309103369713,imappo,0.0011594258248806,-2.4257898330688477,0.00030856952317439147,2304.0,,,,,,,,,,,,,,0.19269756585528508,,,,,0.030610542744398117,0.013426980935037136
,imappo,,,,2304.0,0.0,0.0,0.6713491012108079,0.0,0.0,0.0,0.6666666865348816,0.004682420991457548,0.0,0.0,0.0,0.0,0.0,,,,,,,
-0.010375733487308025,imappo,0.00047118731890805066,-1.6064168214797974,0.00030826942314104706,2305.0,,,,,,,,,,,,,,0.19256418806268755,,,,,0.03497470170259476,0.013419165275990963
,imappo,,,,2305.0,0.0,0.0,0.6709582877083449,0.0,0.0,0.0,0.6666666865348816,0.0042915958183584735,0.0,0.0,0.0,0.0,0.0,,,,,,,
-0.00834284070879221,imappo,0.00022955819440539926,-1.7060002088546753,0.00030796932310770255,2306.0,,,,,,,,,,,,,,0.19243081027009,,,,,0.030453182756900787,0.013400547206401825
,imappo,,,,2306.0,0.0,0.0,0.6700274308740859,0.0,0.0,0.0,0.6666666865348816,0.003360763977013903,0.0,0.0,0.0,0.0,0.0,,,,,,,
-0.0011615839321166277,imappo,0.0001886766403913498,-1.7528167963027954,0.00030766922307435825,2307.0,,,,,,,,,,,,,,0.19229743247749248,,,,,0.03054201602935791,0.013413072563707829
,imappo,,,,2307.0,0.0,0.0,0.6706536349834096,0.0,0.0,0.0,0.6666666865348816,0.003986979297678772,0.0,0.0,0.0,0.0,0.0,,,,,,,
0.0028799017891287804,imappo,0.0004671744245570153,-2.5671513080596924,0.00030736912304101373,2308.0,,,,,,,,,,,,,,0.19216405468489495,,,,,0.03234042972326279,0.013402312062680721
,imappo,,,,2308.0,0.0,0.0,0.67011557044043,0.0,0.0,0.0,0.6666666865348816,0.0034489190848034923,0.0,0.0,0.0,0.0,0.0,,,,,,,
0.07497840374708176,imappo,0.0002506404707673937,-1.6795241832733154,0.0003070690230076692,2309.0,,,,,,,,,,,,,,0.19203067689229741,,,,,0.030078427866101265,0.013396935537457466
,imappo,,,,2309.0,0.0,0.0,0.6698467882370096,0.0,0.0,0.0,0.6666666865348816,0.0031801061695659882,0.0,0.0,0.0,0.0,0.0,,,,,,,
0.3175452947616577,imappo,0.00026899774093180895,-2.314944267272949,0.0003067689229743248,2310.0,,,,,,,,,,,,,,0.19189729909969988,,,,,0.032725073397159576,0.01341219525784254
,imappo,,,,2310.0,0.0,0.0,0.670609735781909,0.0,0.0,0.0,0.6666666865348816,0.003943049247027375,0.0,0.0,0.0,0.0,0.0,,,,,,,
0.11828384548425674,imappo,0.00023253825202118605,-2.98215651512146,0.0003064688229409804,2311.0,,,,,,,,,,,,,,0.19176392130710235,,,,,0.03060610219836235,0.01341729611158371
,imappo,,,,2311.0,0.0,0.0,0.6708648582512069,0.0,0.0,0.0,0.6666666865348816,0.004198171716325305,0.0,0.0,0.0,0.0,0.0,,,,,,,
-0.007045811973512173,imappo,0.00011527066817507148,-1.8105077743530273,0.0003061687229076359,2312.0,,,,,,,,,,,,,,0.19163054351450481,,,,,0.029575902968645096,0.013381347991526127
,imappo,,,,2312.0,0.0,0.0,0.6690674671481247,0.0,0.0,0.0,0.6666666865348816,0.0024007976790016983,0.0,0.0,0.0,0.0,0.0,,,,,,,
0.03541852906346321,imappo,0.00012705060362350196,-1.4543079137802124,0.00030586862287429147,2313.0,,,,,,,,,,,,,,0.19149716572190728,,,,,0.0290207602083683,0.013398420996963978
,imappo,,,,2313.0,0.0,0.0,0.6699210389549535,0.0,0.0,0.0,0.6666666865348816,0.003254352420071882,0.0,0.0,0.0,0.0,0.0,,,,,,,
0.024970021098852158,imappo,0.00013073039008304477,-1.9194321632385254,0.00030556852284094706,2314.0,,,,,,,,,,,,,,0.19136378792930975,,,,,0.029736775904893875,0.013392789289355278
,imappo,,,,2314.0,0.0,0.0,0.6696394471719032,0.0,0.0,0.0,0.6666666865348816,0.0029727606370215653,0.0,0.0,0.0,0.0,0.0,,,,,,,
0.051597464829683304,imappo,0.0017376779578626156,-2.7201781272888184,0.00030526842280760255,2315.0,,,,,,,,,,,,,,0.19123041013671221,,,,,0.028506390750408173,0.013364721089601517
,imappo,,,,2315.0,0.0,0.0,0.6682361264105481,0.0,0.0,0.0,0.6666666865348816,0.0015694235775214338,0.0,0.0,0.0,0.0,0.0,,,,,,,
0.09640318155288696,imappo,0.00022554998577106744,-1.9105066061019897,0.00030496832277425814,2316.0,,,,,,,,,,,,,,0.19109703234411468,,,,,0.02873494103550911,0.013409094884991646
,imappo,,,,2316.0,0.0,0.0,0.6704548215593604,0.0,0.0,0.0,0.6666666865348816,0.0037881350244788337,0.0,0.0,0.0,0.0,0.0,,,,,,,
-0.001439622137695551,imappo,0.00015723949763923883,-1.711639165878296,0.0003046682227409136,2317.0,,,,,,,,,,,,,,0.19096365455151715,,,,,0.029549241065979004,0.013388428837060928
,imappo,,,,2317.0,0.0,0.0,0.669421319178582,0.0,0.0,0.0,0.6666666865348816,0.002754635482233425,0.0,0.0,0.0,0.0,0.0,,,,,,,
0.05008574202656746,imappo,0.00019426648213993758,-2.2058393955230713,0.0003043681227075693,2318.0,,,,,,,,,,,,,,0.19083027675891961,,,,,0.031951211392879486,0.013395152986049652
,imappo,,,,2318.0,0.0,0.0,0.6697576539145302,0.0,0.0,0.0,0.6666666865348816,0.003090967379648646,0.0,0.0,0.0,0.0,0.0,,,,,,,
-0.008942733518779278,imappo,0.0003907409554813057,-1.8416166305541992,0.0003040680226742248,2319.0,,,,,,,,,,,,,,0.19069689896632208,,,,,0.02540096826851368,0.013368921354413033
,imappo,,,,2319.0,0.0,0.0,0.6684459823890165,0.0,0.0,0.0,0.6666666865348816,0.0017792774496001584,0.0,0.0,0.0,0.0,0.0,,,,,,,
0.09163522720336914,imappo,0.00018506677588447928,-1.937748670578003,0.0003037679226408803,2320.0,,,,,,,,,,,,,,0.19056352117372455,,,,,0.03430711850523949,0.013378896750509739
,imappo,,,,2320.0,0.0,0.0,0.6689449011173565,0.0,0.0,0.0,0.6666666865348816,0.0022782145824749023,0.0,0.0,0.0,0.0,0.0,,,,,,,
0.026896901428699493,imappo,0.00011106057354481891,-1.7586684226989746,0.0003034678226075359,2321.0,,,,,,,,,,,,,,0.19043014338112702,,,,,0.03371048718690872,0.013377705588936806
,imappo,,,,2321.0,0.0,0.0,0.6688852715878966,0.0,0.0,0.0,0.6666666865348816,0.0022185794105098466,0.0,0.0,0.0,0.0,0.0,,,,,,,
-0.007097259629517794,imappo,0.0009446682524867356,-0.22945460677146912,0.00030316772257419147,2322.0,,,,,,,,,,,,,,0.19029676558852948,,,,,0.007127010263502598,1.599076495040208e-05
,imappo,,,,2322.0,0.0,0.0,0.0007995381962473402,0.0,0.0,0.0,0.0,0.0007995381962473402,0.0,0.0,0.0,0.0,0.0,,,,,,,
0.06839893758296967,imappo,0.0005887397564947605,-2.085498809814453,0.00030286762254084696,2323.0,,,,,,,,,,,,,,0.19016338779593195,,,,,0.03080015629529953,0.013401588425040245
,imappo,,,,2323.0,0.0,0.0,0.6700793763967283,0.0,0.0,0.0,0.6666666865348816,0.0034126898618467294,0.0,0.0,0.0,0.0,0.0,,,,,,,
-0.007273527793586254,imappo,0.0005617904243990779,-2.1803910732269287,0.00030256752250750255,2324.0,,,,,,,,,,,,,,0.19003001000333442,,,,,0.026638776063919067,0.013366726227104664
,imappo,,,,2324.0,0.0,0.0,0.668336308464859,0.0,0.0,0.0,0.6666666865348816,0.0016695800641173264,0.0,0.0,0.0,0.0,0.0,,,,,,,
0.008904477581381798,imappo,0.0004111046437174082,-2.0518503189086914,0.00030226742247415803,2325.0,,,,,,,,,,,,,,0.18989663221073688,,,,,0.030668936669826508,0.013415532186627388
,imappo,,,,2325.0,0.0,0.0,0.6707766426948183,0.0,0.0,0.0,0.6666666865348816,0.004109956159936701,0.0,0.0,0.0,0.0,0.0,,,,,,,
-0.004144451580941677,imappo,0.00017565861344337463,-1.8030853271484375,0.0003019673224408136,2326.0,,,,,,,,,,,,,,0.18976325441813935,,,,,0.03150761127471924,0.01340606901794672
,imappo,,,,2326.0,0.0,0.0,0.6703034979054792,0.0,0.0,0.0,0.6666666865348816,0.00363681137059757,0.0,0.0,0.0,0.0,0.0,,,,,,,
-0.0032229290809482336,imappo,0.00010909235425060615,-1.7654554843902588,0.0003016672224074692,2327.0,,,,,,,,,,,,,,0.18962987662554182,,,,,0.025607744231820107,0.013382762670516968
,imappo,,,,2327.0,0.0,0.0,0.6691381394590508,0.0,0.0,0.0,0.6666666865348816,0.00247147979428064,0.0,0.0,0.0,0.0,0.0,,,,,,,
0.10933100432157516,imappo,0.0003482381289359182,-2.244943141937256,0.0003013671223741247,2328.0,,,,,,,,,,,,,,0.18949649883294428,,,,,0.03175244480371475,0.013419418595731258
,imappo,,,,2328.0,0.0,0.0,0.670970981235854,0.0,0.0,0.0,0.6666666865348816,0.004304354305617153,0.0,0.0,0.0,0.0,0.0,,,,,,,
0.07391636073589325,imappo,0.00024621241027489305,-2.482347011566162,0.0003010670223407803,2329.0,,,,,,,,,,,,,,0.18936312104034675,,,,,0.030998729169368744,0.013400876894593239
,imappo,,,,2329.0,0.0,0.0,0.6700437756705071,0.0,0.0,0.0,0.6666666865348816,0.0033770649212385706,0.0,0.0,0.0,0.0,0.0,,,,,,,
0.09508035331964493,imappo,0.00023572679492644966,-2.49300217628479,0.0003007669223074359,2330.0,,,,,,,,,,,,,,0.18922974324774922,,,,,0.030394496396183968,0.01339590921998024
,imappo,,,,2330.0,0.0,0.0,0.6697954103121901,0.0,0.0,0.0,0.6666666865348816,0.0031287535796309385,0.0,0.0,0.0,0.0,0.0,,,,,,,
0.11618845164775848,imappo,0.0002642945619300008,-2.1352550983428955,0.00030046682227409137,2331.0,,,,,,,,,,,,,,0.18909636545515168,,,,,0.028298836201429367,0.013398430310189724
,imappo,,,,2331.0,0.0,0.0,0.6699214928441108,0.0,0.0,0.0,0.6666666865348816,0.00325483611155164,0.0,0.0,0.0,0.0,0.0,,,,,,,
0.21315263211727142,imappo,0.014197815209627151,-6.824297904968262,0.00030016672224074696,2332.0,,,,,,,,,,,,,,0.18896298766255415,,,,,0.027243589982390404,0.006748558487743139
,imappo,,,,2332.0,0.0,0.0,0.337427889824653,0.0,0.0,0.0,0.3333333432674408,0.0040945465572121975,0.0,0.0,0.0,0.0,0.0,,,,,,,
0.0024480274878442287,imappo,0.0015796780353412032,-2.250960350036621,0.00029986662220740255,2333.0,,,,,,,,,,,,,,0.18882960986995667,,,,,0.030133269727230072,0.013379935175180435
,imappo,,,,2333.0,0.0,0.0,0.6689967694710504,0.0,0.0,0.0,0.6666666865348816,0.0023300829361687647,0.0,0.0,0.0,0.0,0.0,,,,,,,
-0.008270163089036942,imappo,0.0010426301741972566,-0.1369931697845459,0.00029956652217405803,2334.0,,,,,,,,,,,,,,0.18869623207735908,,,,,0.0052257115021348,2.2622856704401784e-05
,imappo,,,,2334.0,0.0,0.0,0.0011311427342661773,0.0,0.0,0.0,0.0,0.0011311427342661773,0.0,0.0,0.0,0.0,0.0,,,,,,,
0.002931001363322139,imappo,0.0022503521759063005,-1.868167757987976,0.0002992664221407136,2335.0,,,,,,,,,,,,,,0.18856285428476155,,,,,0.03238691762089729,0.013383195735514164
,imappo,,,,2335.0,0.0,0.0,0.6691597305507457,0.0,0.0,0.0,0.6666666865348816,0.0024930416293500457,0.0,0.0,0.0,0.0,0.0,,,,,,,
0.1612965613603592,imappo,0.002877624239772558,-2.6706154346466064,0.0002989663221073691,2336.0,,,,,,,,,,,,,,0.18842947649216402,,,,,0.028262577950954437,0.013390008360147476
,imappo,,,,2336.0,0.0,0.0,0.6695003946645102,0.0,0.0,0.0,0.6666666865348816,0.002833708129628576,0.0,0.0,0.0,0.0,0.0,,,,,,,
0.003241503145545721,imappo,0.0014978477265685797,-1.9211235046386719,0.0002986662220740247,2337.0,,,,,,,,,,,,,,0.18829609869956654,,,,,0.03034544549882412,0.013391304761171341
,imappo,,,,2337.0,0.0,0.0,0.6695653110464264,0.0,0.0,0.0,0.6666666865348816,0.002898629400988284,0.0,0.0,0.0,0.0,0.0,,,,,,,
-0.0033569529186934233,imappo,0.0005277851014398038,-1.6438682079315186,0.0002983661220406803,2338.0,,,,,,,,,,,,,,0.18816272090696895,,,,,0.0312955379486084,0.013390729203820229
,imappo,,,,2338.0,0.0,0.0,0.669536451298427,0.0,0.0,0.0,0.6666666865348816,0.002869770180495834,0.0,0.0,0.0,0.0,0.0,,,,,,,
0.07631907612085342,imappo,0.0006230529397726059,-2.442063093185425,0.0002980660220073358,2339.0,,,,,,,,,,,,,,0.18802934311437142,,,,,0.031095655634999275,0.01340837124735117
,imappo,,,,2339.0,0.0,0.0,0.6704185804046574,0.0,0.0,0.0,0.6666666865348816,0.003751893869775813,0.0,0.0,0.0,0.0,0.0,,,,,,,
0.0028791893273591995,imappo,0.00042359382496215403,-2.3378548622131348,0.00029776592197399137,2340.0,,,,,,,,,,,,,,0.18789596532177388,,,,,0.03205469250679016,0.013382341712713242
,imappo,,,,2340.0,0.0,0.0,0.6691170176156902,0.0,0.0,0.0,0.6666666865348816,0.002450328308668759,0.0,0.0,0.0,0.0,0.0,,,,,,,
0.008111979812383652,imappo,0.00019684860308188945,-2.061619281768799,0.00029746582194064696,2341.0,,,,,,,,,,,,,,0.1877625875291764,,,,,0.03138375282287598,0.013389292173087597
,imappo,,,,2341.0,0.0,0.0,0.6694645526853549,0.0,0.0,0.0,0.6666666865348816,0.002797887381717601,0.0,0.0,0.0,0.0,0.0,,,,,,,
-0.0036411001347005367,imappo,0.00010833933629328385,-2.0687308311462402,0.00029716572190730244,2342.0,,,,,,,,,,,,,,0.18762920973657882,,,,,0.029612138867378235,0.013390063308179379
,imappo,,,,2342.0,0.0,0.0,0.6695031600493166,0.0,0.0,0.0,0.6666666865348816,0.002836473514435056,0.0,0.0,0.0,0.0,0.0,,,,,,,
0.03855383023619652,imappo,0.00012374628568068147,-2.0778753757476807,0.00029686562187395803,2343.0,,,,,,,,,,,,,,0.18749583194398128,,,,,0.0291019007563591,0.013389128260314465
,imappo,,,,2343.0,0.0,0.0,0.6694564411579904,0.0,0.0,0.0,0.6666666865348816,0.0027897248207864322,0.0,0.0,0.0,0.0,0.0,,,,,,,
0.10356683284044266,imappo,8.105383312795311e-05,-2.111055612564087,0.0002965655218406135,2344.0,,,,,,,,,,,,,,0.18736245415138375,,,,,0.029893821105360985,0.013379157520830631
,imappo,,,,2344.0,0.0,0.0,0.6689579381818476,0.0,0.0,0.0,0.6666666865348816,0.002291235825396143,0.0,0.0,0.0,0.0,0.0,,,,,,,
0.06969260424375534,imappo,0.00020644519827328622,-2.5398268699645996,0.0002962654218072691,2345.0,,,,,,,,,,,,,,0.18722907635878627,,,,,0.026488464325666428,0.013394963927567005
,imappo,,,,2345.0,0.0,0.0,0.6697481553138687,0.0,0.0,0.0,0.6666666865348816,0.003081498581309461,0.0,0.0,0.0,0.0,0.0,,,,,,,
0.04963470622897148,imappo,0.00011891200119862333,-2.29843807220459,0.0002959653217739247,2346.0,,,,,,,,,,,,,,0.18709569856618868,,,,,0.030804883688688278,0.013361060991883278
,imappo,,,,2346.0,0.0,0.0,0.6680530001958118,0.0,0.0,0.0,0.6666666865348816,0.0013863022522286883,0.0,0.0,0.0,0.0,0.0,,,,,,,
-0.009183971211314201,imappo,0.00012114766286686063,-1.9364752769470215,0.0002956652217405802,2347.0,,,,,,,,,,,,,,0.18696232077359115,,,,,0.025432392954826355,0.013359828852117062
,imappo,,,,2347.0,0.0,0.0,0.667991465341288,0.0,0.0,0.0,0.6666666865348816,0.0013248044759848199,0.0,0.0,0.0,0.0,0.0,,,,,,,
0.040169354528188705,imappo,0.0001384987699566409,-2.3808350563049316,0.0002953651217072358,2348.0,,,,,,,,,,,,,,0.18682894298099367,,,,,0.028664905577898026,0.013358628377318382
,imappo,,,,2348.0,0.0,0.0,0.6679314189639172,0.0,0.0,0.0,0.6666666865348816,0.0012647465734971775,0.0,0.0,0.0,0.0,0.0,,,,,,,
0.07560618966817856,imappo,0.0001531220623292029,-2.6313223838806152,0.00029506502167389137,2349.0,,,,,,,,,,,,,,0.18669556518839614,,,,,0.029819685965776443,0.01338809635490179
,imappo,,,,2349.0,0.0,0.0,0.6694048202657541,0.0,0.0,0.0,0.6666666865348816,0.0027381285302681135,0.0,0.0,0.0,0.0,0.0,,,,,,,
-0.0006463983445428312,imappo,8.235283166868612e-05,-1.8586745262145996,0.00029476492164054685,2350.0,,,,,,,,,,,,,,0.18656218739579855,,,,,0.030467625707387924,0.013382556848227978
,imappo,,,,2350.0,0.0,0.0,0.6691277710160648,0.0,0.0,0.0,0.6666666865348816,0.0024611137378087733,0.0,0.0,0.0,0.0,0.0,,,,,,,
0.06682557612657547,imappo,0.00015083265316206962,-1.8507112264633179,0.00029446482160720244,2351.0,,,,,,,,,,,,,,0.18642880960320102,,,,,0.02878294512629509,0.01339821144938469
,imappo,,,,2351.0,0.0,0.0,0.6699105505394982,0.0,0.0,0.0,0.6666666865348816,0.0032438640046166256,0.0,0.0,0.0,0.0,0.0,,,,,,,
0.025279363617300987,imappo,0.00015653137234039605,-2.4099574089050293,0.00029416472157385804,2352.0,,,,,,,,,,,,,,0.18629543181060354,,,,,0.029763247817754745,0.013419544324278831
,imappo,,,,2352.0,0.0,0.0,0.6709772706017247,0.0,0.0,0.0,0.6666666865348816,0.004310554264520761,0.0,0.0,0.0,0.0,0.0,,,,,,,
0.0191654060035944,imappo,0.00012186514504719526,-2.586576461791992,0.0002938646215405135,2353.0,,,,,,,,,,,,,,0.186162054018006,,,,,0.026928642764687538,0.013397902250289917
,imappo,,,,2353.0,0.0,0.0,0.66989506814798,0.0,0.0,0.0,0.6666666865348816,0.003228404532364948,0.0,0.0,0.0,0.0,0.0,,,,,,,
0.0873057097196579,imappo,0.00020886283891741186,-2.74601674079895,0.0002935645215071691,2354.0,,,,,,,,,,,,,,0.18602867622540842,,,,,0.033436119556427,0.01338508352637291
,imappo,,,,2354.0,0.0,0.0,0.669254244871059,0.0,0.0,0.0,0.6666666865348816,0.002587549073883366,0.0,0.0,0.0,0.0,0.0,,,,,,,
0.04363033547997475,imappo,0.000164346958626993,-2.7734200954437256,0.0002932644214738246,2355.0,,,,,,,,,,,,,,0.18589529843281088,,,,,0.03290225565433502,0.013383345678448677
,imappo,,,,2355.0,0.0,0.0,0.6691672687838945,0.0,0.0,0.0,0.6666666865348816,0.0025005822490129503,0.0,0.0,0.0,0.0,0.0,,,,,,,
0.10459942370653152,imappo,0.00012184232764411718,-2.3604965209960938,0.0002929643214404802,2356.0,,,,,,,,,,,,,,0.1857619206402134,,,,,0.028413577005267143,0.01340774167329073
,imappo,,,,2356.0,0.0,0.0,0.670387058767119,0.0,0.0,0.0,0.6666666865348816,0.0037204114205451333,0.0,0.0,0.0,0.0,0.0,,,,,,,
-0.0017829635180532932,imappo,7.985339470906183e-05,-2.5010502338409424,0.0002926642214071358,2357.0,,,,,,,,,,,,,,0.18562854284761587,,,,,0.0320306271314621,0.01336702611297369
,imappo,,,,2357.0,0.0,0.0,0.6683513472262348,0.0,0.0,0.0,0.6666666865348816,0.0016846606913532014,0.0,0.0,0.0,0.0,0.0,,,,,,,
0.04329486936330795,imappo,5.587406849372201e-05,-2.3110544681549072,0.00029236412137379126,2358.0,,,,,,,,,,,,,,0.18549516505501829,,,,,0.03143667057156563,0.01337044220417738
,imappo,,,,2358.0,0.0,0.0,0.6685220849346933,0.0,0.0,0.0,0.6666666865348816,0.0018553983998117474,0.0,0.0,0.0,0.0,0.0,,,,,,,
0.0443912073969841,imappo,0.00012212811270728707,-2.424329996109009,0.00029206402134044685,2359.0,,,,,,,,,,,,,,0.18536178726242075,,,,,0.03071003220975399,0.01339059229940176
,imappo,,,,2359.0,0.0,0.0,0.6695297293898648,0.0,0.0,0.0,0.6666666865348816,0.0028630428549831777,0.0,0.0,0.0,0.0,0.0,,,,,,,
0.022695139050483704,imappo,4.748167339130305e-05,-2.0844497680664062,0.00029176392130710244,2360.0,,,,,,,,,,,,,,0.18522840946982327,,,,,0.02919641137123108,0.01337120309472084
,imappo,,,,2360.0,0.0,0.0,0.668560144964431,0.0,0.0,0.0,0.6666666865348816,0.0018935105108539574,0.0,0.0,0.0,0.0,0.0,,,,,,,
0.0816003829240799,imappo,9.644206875236705e-05,-2.2641475200653076,0.00029146382127375793,2361.0,,,,,,,,,,,,,,0.18509503167722574,,,,,0.0342523455619812,0.013377663679420948
,imappo,,,,2361.0,0.0,0.0,0.6688831736556722,0.0,0.0,0.0,0.6666666865348816,0.0022164573184682013,0.0,0.0,0.0,0.0,0.0,,,,,,,
-0.008490514941513538,imappo,0.00012636267638299614,-2.357370376586914,0.0002911637212404135,2362.0,,,,,,,,,,,,,,0.18496165388462815,,,,,0.02826349064707756,0.013350563123822212
,imappo,,,,2362.0,0.0,0.0,0.6675281169929121,0.0,0.0,0.0,0.6666666865348816,0.0008614206700485738,0.0,0.0,0.0,0.0,0.0,,,,,,,
0.06933542340993881,imappo,2.974359995278064e-05,-1.9995912313461304,0.0002908636212070691,2363.0,,,,,,,,,,,,,,0.18482827609203067,,,,,0.032098859548568726,0.013365008868277073
,imappo,,,,2363.0,0.0,0.0,0.6682504386153596,0.0,0.0,0.0,0.6666666865348816,0.0015837516148167197,0.0,0.0,0.0,0.0,0.0,,,,,,,
0.004730040207505226,imappo,8.70512958499603e-05,-2.477499485015869,0.0002905635211737246,2364.0,,,,,,,,,,,,,,0.18469489829943314,,,,,0.026853695511817932,0.013382920995354652
,imappo,,,,2364.0,0.0,0.0,0.669146088176376,0.0,0.0,0.0,0.6666666865348816,0.0024793689142370567,0.0,0.0,0.0,0.0,0.0,,,,,,,
0.03135298192501068,imappo,0.00024816521909087896,-3.4712748527526855,0.0002902634211403802,2365.0,,,,,,,,,,,,,,0.1845615205068356,,,,,0.028577987104654312,0.013396847061812878
,imappo,,,,2365.0,0.0,0.0,0.6698424354426606,0.0,0.0,0.0,0.6666666865348816,0.0031757489077790524,0.0,0.0,0.0,0.0,0.0,,,,,,,
0.04394067823886871,imappo,4.534752224572003e-05,-2.1617610454559326,0.00028996332110703567,2366.0,,,,,,,,,,,,,,0.18442814271423802,,,,,0.030300263315439224,0.013373114168643951
,imappo,,,,2366.0,0.0,0.0,0.6686557227724279,0.0,0.0,0.0,0.6666666865348816,0.0019890362375463155,0.0,0.0,0.0,0.0,0.0,,,,,,,
0.042592693120241165,imappo,4.4707805500365794e-05,-2.1561121940612793,0.00028966322107369126,2367.0,,,,,,,,,,,,,,0.18429476492164054,,,,,0.029842384159564972,0.013372272253036499
,imappo,,,,2367.0,0.0,0.0,0.6686135534421283,0.0,0.0,0.0,0.6666666865348816,0.0019468669072466582,0.0,0.0,0.0,0.0,0.0,,,,,,,
0.15351451933383942,imappo,7.678049587411806e-05,-2.7102982997894287,0.00028936312104034685,2368.0,,,,,,,,,,,,,,0.184161387129043,,,,,0.03146174177527428,0.013375930488109589
,imappo,,,,2368.0,0.0,0.0,0.6687964907914647,0.0,0.0,0.0,0.6666666865348816,0.002129839679582801,0.0,0.0,0.0,0.0,0.0,,,,,,,
0.08417203277349472,imappo,6.93352340022102e-05,-2.559030055999756,0.00028906302100700234,2369.0,,,,,,,,,,,,,,0.18402800933644547,,,,,0.03265176713466644,0.013391979970037937
,imappo,,,,2369.0,0.0,0.0,0.6695990050156979,0.0,0.0,0.0,0.6666666865348816,0.002932343413704075,0.0,0.0,0.0,0.0,0.0,,,,,,,
0.06822987645864487,imappo,6.004689566907473e-05,-2.2555923461914062,0.00028876292097365793,2370.0,,,,,,,,,,,,,,0.1838946315438479,,,,,0.03347422927618027,0.013378101401031017
,imappo,,,,2370.0,0.0,0.0,0.6689050674411874,0.0,0.0,0.0,0.6666666865348816,0.002238440510950568,0.0,0.0,0.0,0.0,0.0,,,,,,,
0.015506149269640446,imappo,4.3783551518572494e-05,-1.8668650388717651,0.0002884628209403135,2371.0,,,,,,,,,,,,,,0.1837612537512504,,,,,0.031176432967185974,0.013369673863053322
,imappo,,,,2371.0,0.0,0.0,0.6684836796239324,0.0,0.0,0.0,0.6666666865348816,0.0018169919540014234,0.0,0.0,0.0,0.0,0.0,,,,,,,
0.022501977160573006,imappo,5.4868160077603534e-05,-1.9695451259613037,0.000288162720906969,2372.0,,,,,,,,,,,,,,0.18362787595865288,,,,,0.030494682490825653,0.013377008028328419
,imappo,,,,2372.0,0.0,0.0,0.6688504397567243,0.0,0.0,0.0,0.6666666865348816,0.0021837532218427214,0.0,0.0,0.0,0.0,0.0,,,,,,,
0.036206576973199844,imappo,5.9757028793683276e-05,-2.680022716522217,0.0002878626208736246,2373.0,,,,,,,,,,,,,,0.18349449816605534,,,,,0.029862718656659126,0.01337498426437378
,imappo,,,,2373.0,0.0,0.0,0.6687492453020241,0.0,0.0,0.0,0.6666666865348816,0.002082558767142473,0.0,0.0,0.0,0.0,0.0,,,,,,,
-0.004779011942446232,imappo,0.0015510363737121224,-0.4626687169075012,0.0002875625208402801,2374.0,,,,,,,,,,,,,,0.18336112037345775,,,,,0.008697694167494774,2.4381140974583104e-05
,imappo,,,,2374.0,0.0,0.0,0.0012190570218990615,0.0,0.0,0.0,0.0,0.0012190570218990615,0.0,0.0,0.0,0.0,0.0,,,,,,,
-0.004149804823100567,imappo,0.0006588985561393201,-2.387054204940796,0.00028726242080693567,2375.0,,,,,,,,,,,,,,0.18322774258086028,,,,,0.02917594462633133,0.013375762850046158
,imappo,,,,2375.0,0.0,0.0,0.6687881774478228,0.0,0.0,0.0,0.6666666865348816,0.002121520715263614,0.0,0.0,0.0,0.0,0.0,,,,,,,
-0.003772726748138666,imappo,0.0004412960261106491,-2.239266872406006,0.00028696232077359126,2376.0,,,,,,,,,,,,,,0.18309436478826274,,,,,0.03077496960759163,0.013386609964072704
,imappo,,,,2376.0,0.0,0.0,0.6693303944648505,0.0,0.0,0.0,0.6666666865348816,0.0026637651772034587,0.0,0.0,0.0,0.0,0.0,,,,,,,
0.05279434472322464,imappo,0.0003870146756526083,-2.939288854598999,0.00028666222074024675,2377.0,,,,,,,,,,,,,,0.1829609869956652,,,,,0.029735540971159935,0.013397639617323875
,imappo,,,,2377.0,0.0,0.0,0.6698820153578708,0.0,0.0,0.0,0.6666666865348816,0.0032153586253116373,0.0,0.0,0.0,0.0,0.0,,,,,,,
0.11609330773353577,imappo,0.00020999023399781436,-2.3034799098968506,0.00028636212070690234,2378.0,,,,,,,,,,,,,,0.18282760920306768,,,,,0.03492693603038788,0.013401358388364315
,imappo,,,,2378.0,0.0,0.0,0.6700678999715137,0.0,0.0,0.0,0.6666666865348816,0.0034012134366321334,0.0,0.0,0.0,0.0,0.0,,,,,,,
0.15296904742717743,imappo,0.00012062099995091558,-2.9669716358184814,0.00028606202067355793,2379.0,,,,,,,,,,,,,,0.18269423141047014,,,,,0.02966206893324852,0.013402024284005165
,imappo,,,,2379.0,0.0,0.0,0.6701011949317035,0.0,0.0,0.0,0.6666666865348816,0.003434477102928213,0.0,0.0,0.0,0.0,0.0,,,,,,,
-0.0018548163352534175,imappo,0.0011783393565565348,-0.6818280816078186,0.0002857619206402134,2380.0,,,,,,,,,,,,,,0.1825608536178726,,,,,0.004029841162264347,1.4470191445070668e-07
,imappo,,,,2380.0,0.0,0.0,7.235132557070756e-06,0.0,0.0,0.0,0.0,7.235132557070756e-06,0.0,0.0,0.0,0.0,0.0,,,,,,,
0.04975872114300728,imappo,0.0005411406164057553,-2.7905852794647217,0.000285461820606869,2381.0,,,,,,,,,,,,,,0.18242747582527508,,,,,0.03180994838476181,0.013425571843981743
,imappo,,,,2381.0,0.0,0.0,0.6712785221367312,0.0,0.0,0.0,0.6666666865348816,0.0046118057995272466,0.0,0.0,0.0,0.0,0.0,,,,,,,
0.031014442443847656,imappo,0.00045438282540999353,-2.9967103004455566,0.0002851617205735246,2382.0,,,,,,,,,,,,,,0.18229409803267754,,,,,0.031585849821567535,0.013414494693279266
,imappo,,,,2382.0,0.0,0.0,0.6707247342892515,0.0,0.0,0.0,0.6666666865348816,0.004058047754369909,0.0,0.0,0.0,0.0,0.0,,,,,,,
0.005350103136152029,imappo,0.0003741018008440733,-2.764035940170288,0.0002848616205401801,2383.0,,,,,,,,,,,,,,0.18216072024008,,,,,0.031307198107242584,0.013439209200441837
,imappo,,,,2383.0,0.0,0.0,0.6719605369055444,0.0,0.0,0.0,0.6666666865348816,0.005293880172985155,0.0,0.0,0.0,0.0,0.0,,,,,,,
0.01787366345524788,imappo,0.0002370079600950703,-2.1794345378875732,0.0002845615205068357,2384.0,,,,,,,,,,,,,,0.18202734244748248,,,,,0.03385407477617264,0.013420211151242256
,imappo,,,,2384.0,0.0,0.0,0.6710105425263464,0.0,0.0,0.0,0.6666666865348816,0.004343855991464807,0.0,0.0,0.0,0.0,0.0,,,,,,,
0.008016076870262623,imappo,0.00016167973808478564,-2.181523323059082,0.00028426142047349116,2385.0,,,,,,,,,,,,,,0.18189396465488494,,,,,0.03149309754371643,0.01342492364346981
,imappo,,,,2385.0,0.0,0.0,0.6712461287352198,0.0,0.0,0.0,0.6666666865348816,0.004579412398015847,0.0,0.0,0.0,0.0,0.0,,,,,,,
0.040633127093315125,imappo,0.00013789978402201086,-2.2608330249786377,0.00028396132044014675,2386.0,,,,,,,,,,,,,,0.1817605868622874,,,,,0.030398335307836533,0.013402602635324001
,imappo,,,,2386.0,0.0,0.0,0.6701302180567836,0.0,0.0,0.0,0.6666666865348816,0.0034635338538464566,0.0,0.0,0.0,0.0,0.0,,,,,,,
0.03460270166397095,imappo,0.0002581239677965641,-2.500828504562378,0.00028366122040680234,2387.0,,,,,,,,,,,,,,0.18162720906968988,,,,,0.029558710753917694,0.013438143767416477
,imappo,,,,2387.0,0.0,0.0,0.6719071696070387,0.0,0.0,0.0,0.6666666865348816,0.005240483072157076,0.0,0.0,0.0,0.0,0.0,,,,,,,
0.014991985633969307,imappo,0.00012553794658742845,-2.4189000129699707,0.0002833611203734578,2388.0,,,,,,,,,,,,,,0.18149383127709234,,,,,0.031158242374658585,0.013408067636191845
,imappo,,,,2388.0,0.0,0.0,0.670403436180095,0.0,0.0,0.0,0.6666666865348816,0.003736783348813333,0.0,0.0,0.0,0.0,0.0,,,,,,,
0.004190237261354923,imappo,0.00023114004579838365,-2.743649959564209,0.0002830610203401134,2389.0,,,,,,,,,,,,,,0.1813604534844948,,,,,0.02942965365946293,0.013411121442914009
,imappo,,,,2389.0,0.0,0.0,0.6705560804075503,0.0,0.0,0.0,0.6666666865348816,0.003889393872668734,0.0,0.0,0.0,0.0,0.0,,,,,,,
0.11084327846765518,imappo,0.00013370155647862703,-2.6360397338867188,0.000282760920306769,2390.0,,,,,,,,,,,,,,0.18122707569189728,,,,,0.03164584934711456,0.013386525213718414
,imappo,,,,2390.0,0.0,0.0,0.6693262526018771,0.0,0.0,0.0,0.6666666865348816,0.002659566066995467,0.0,0.0,0.0,0.0,0.0,,,,,,,
0.13135641813278198,imappo,0.00013938923075329512,-2.8010547161102295,0.0002824608202734245,2391.0,,,,,,,,,,,,,,0.18109369789929974,,,,,0.02874860353767872,0.013402252458035946
,imappo,,,,2391.0,0.0,0.0,0.6701125719109768,0.0,0.0,0.0,0.6666666865348816,0.003445885376095248,0.0,0.0,0.0,0.0,0.0,,,,,,,
0.018180007115006447,imappo,0.00010193013440584764,-2.432180643081665,0.0002821607202400801,2392.0,,,,,,,,,,,,,,0.1809603201067022,,,,,0.03178021311759949,0.013390365056693554
,imappo,,,,2392.0,0.0,0.0,0.6695182449129788,0.0,0.0,0.0,0.6666666865348816,0.002851558378097252,0.0,0.0,0.0,0.0,0.0,,,,,,,
0.348984956741333,imappo,0.028883332386612892,-7.103262424468994,0.0002818606202067357,2393.0,,,,,,,,,,,,,,0.18082694231410468,,,,,0.024174630641937256,0.006754976697266102
,imappo,,,,2393.0,0.0,0.0,0.3377488042078767,0.0,0.0,0.0,0.3333333432674408,0.004415460940435878,0.0,0.0,0.0,0.0,0.0,,,,,,,
-0.004495438188314438,imappo,0.0034847145434468985,-2.230442762374878,0.00028156052017339116,2394.0,,,,,,,,,,,,,,0.18069356452150714,,,,,0.02837168425321579,0.013374748639762402
,imappo,,,,2394.0,0.0,0.0,0.6687374432767683,0.0,0.0,0.0,0.6666666865348816,0.002070753642328782,0.0,0.0,0.0,0.0,0.0,,,,,,,
0.031130272895097733,imappo,0.0012174895964562893,-2.7767174243927,0.00028126042014004675,2395.0,,,,,,,,,,,,,,0.1805601867289096,,,,,0.030070815235376358,0.013391511514782906
,imappo,,,,2395.0,0.0,0.0,0.6695755690761871,0.0,0.0,0.0,0.6666666865348816,0.0029089123436278896,0.0,0.0,0.0,0.0,0.0,,,,,,,
0.0736948698759079,imappo,0.0013365962076932192,-2.736992835998535,0.00028096032010670223,2396.0,,,,,,,,,,,,,,0.18042680893631208,,,,,0.03092985972762108,0.013376650400459766
,imappo,,,,2396.0,0.0,0.0,0.6688326098151265,0.0,0.0,0.0,0.6666666865348816,0.002165923280244897,0.0,0.0,0.0,0.0,0.0,,,,,,,
-0.0005991459474898875,imappo,0.001304419245570898,-2.1343140602111816,0.0002806602200733578,2397.0,,,,,,,,,,,,,,0.18029343114371454,,,,,0.02734530158340931,0.013370487838983536
,imappo,,,,2397.0,0.0,0.0,0.6685244585269174,0.0,0.0,0.0,0.6666666865348816,0.0018577770561023499,0.0,0.0,0.0,0.0,0.0,,,,,,,
0.05313194915652275,imappo,0.0009172894642688334,-2.347403049468994,0.0002803601200400134,2398.0,,,,,,,,,,,,,,0.180160053351117,,,,,0.03254745155572891,0.013382116332650185
,imappo,,,,2398.0,0.0,0.0,0.6691057946591172,0.0,0.0,0.0,0.6666666865348816,0.002439108124235645,0.0,0.0,0.0,0.0,0.0,,,,,,,
0.003342583542689681,imappo,0.0006725047715008259,-2.4202232360839844,0.0002800600200066689,2399.0,,,,,,,,,,,,,,0.18002667555851948,,,,,0.029780708253383636,0.013375738635659218
,imappo,,,,2399.0,0.0,0.0,0.6687869788548468,0.0,0.0,0.0,0.6666666865348816,0.0021202923199652446,0.0,0.0,0.0,0.0,0.0,,,,,,,
,imappo,,,,2399.0,,,,,,,,,,,,,,,0.0,0.0,0.3333333432674408,0.0,,
0.05515275523066521,imappo,0.01754460297524929,-4.485692024230957,0.0002797599199733245,2400.0,,,,,,,,,,,,,,0.17989329776592194,,,,,0.028114477172493935,0.006696606054902077
,imappo,,,,2400.0,0.0,0.0,0.33483028864711173,0.0,0.0,0.0,0.3333333432674408,0.001496945379670933,0.0,0.0,0.0,0.0,0.0,,,,,,,
0.081427663564682,imappo,0.004750371444970369,-3.1356201171875,0.0002794598199399801,2401.0,,,,,,,,,,,,,,0.1797599199733244,,,,,0.029472120106220245,0.013390435837209225
,imappo,,,,2401.0,0.0,0.0,0.6695218281637381,0.0,0.0,0.0,0.6666666865348816,0.0028551416288564724,0.0,0.0,0.0,0.0,0.0,,,,,,,
0.00895916111767292,imappo,0.0011037306394428015,-2.00738525390625,0.00027915971990663557,2402.0,,,,,,,,,,,,,,0.17962654218072688,,,,,0.03123488277196884,0.013380968943238258
,imappo,,,,2402.0,0.0,0.0,0.6690483858978951,0.0,0.0,0.0,0.6666666865348816,0.0023817230826352898,0.0,0.0,0.0,0.0,0.0,,,,,,,
-0.0011533047072589397,imappo,0.0013798985164612532,-2.5850026607513428,0.00027885961987329116,2403.0,,,,,,,,,,,,,,0.17949316438812934,,,,,0.0335259810090065,0.013381374068558216
,imappo,,,,2403.0,0.0,0.0,0.6690685972962456,0.0,0.0,0.0,0.6666666865348816,0.0024019405636863667,0.0,0.0,0.0,0.0,0.0,,,,,,,
0.20873115956783295,imappo,0.03615011274814606,-6.527130603790283,0.00027855951983994664,2404.0,,,,,,,,,,,,,,0.1793597865955318,,,,,0.03124615177512169,0.006722449790686369
,imappo,,,,2404.0,0.0,0.0,0.33612247481369195,0.0,0.0,0.0,0.3333333432674408,0.0027891613485735434,0.0,0.0,0.0,0.0,0.0,,,,,,,
-0.0025954486336559057,imappo,0.012431331910192966,-2.3317813873291016,0.00027825941980660223,2405.0,,,,,,,,,,,,,,0.17922640880293428,,,,,0.025905678048729897,0.013363312929868698
,imappo,,,,2405.0,0.0,0.0,0.6681655821798813,0.0,0.0,0.0,0.6666666865348816,0.0014988977404755133,0.0,0.0,0.0,0.0,0.0,,,,,,,
-0.019219547510147095,imappo,0.0027093985117971897,-2.0552189350128174,0.0002779593197732578,2406.0,,,,,,,,,,,,,,0.17909303101033675,,,,,0.029750041663646698,0.01337519846856594
,imappo,,,,2406.0,0.0,0.0,0.668759989017417,0.0,0.0,0.0,0.6666666865348816,0.002093332735967124,0.0,0.0,0.0,0.0,0.0,,,,,,,
0.0033394326455891132,imappo,0.0043747639283537865,-2.510923385620117,0.0002776592197399133,2407.0,,,,,,,,,,,,,,0.1789596532177392,,,,,0.029427699744701385,0.013372796587646008
,imappo,,,,2407.0,0.0,0.0,0.6686398402625855,0.0,0.0,0.0,0.6666666865348816,0.0019731537277039024,0.0,0.0,0.0,0.0,0.0,,,,,,,
0.0040350910276174545,imappo,0.004491331055760384,-2.6062331199645996,0.0002773591197065689,2408.0,,,,,,,,,,,,,,0.17882627542514173,,,,,0.024936437606811523,0.013361097313463688
,imappo,,,,2408.0,0.0,0.0,0.6680549001789586,0.0,0.0,0.0,0.6666666865348816,0.0013882332964385569,0.0,0.0,0.0,0.0,0.0,,,,,,,
0.06221047043800354,imappo,0.10462778061628342,-7.155914783477783,0.0002770590196732245,2409.0,,,,,,,,,,,,,,0.17869289763254415,,,,,0.02440398745238781,0.006752980872988701
,imappo,,,,2409.0,0.0,0.0,0.33764897779860803,0.0,0.0,0.0,0.3333333432674408,0.004315664333489622,0.0,0.0,0.0,0.0,0.0,,,,,,,
0.12488429993391037,imappo,0.021910473704338074,-3.0212910175323486,0.00027675891963988,2410.0,,,,,,,,,,,,,,0.1785595198399466,,,,,0.03014807403087616,0.013381808064877987
,imappo,,,,2410.0,0.0,0.0,0.6690904527713428,0.0,0.0,0.0,0.6666666865348816,0.00242376237292774,0.0,0.0,0.0,0.0,0.0,,,,,,,
0.14948508143424988,imappo,0.07020002603530884,-5.926372528076172,0.00027645881960653557,2411.0,,,,,,,,,,,,,,0.17842614204734908,,,,,0.030604468658566475,0.0067054228857159615
,imappo,,,,2411.0,0.0,0.0,0.3352711480118842,0.0,0.0,0.0,0.3333333432674408,0.0019378047444433832,0.0,0.0,0.0,0.0,0.0,,,,,,,
0.0024681787472218275,imappo,0.053800374269485474,-2.8472213745117188,0.00027615871957319116,2412.0,,,,,,,,,,,,,,0.1782927642547516,,,,,0.033938340842723846,0.013372627086937428
,imappo,,,,2412.0,0.0,0.0,0.6686313905602219,0.0,0.0,0.0,0.6666666865348816,0.001964722273442021,0.0,0.0,0.0,0.0,0.0,,,,,,,
0.05868637561798096,imappo,0.014461874961853027,-3.2108778953552246,0.00027585861953984664,2413.0,,,,,,,,,,,,,,0.178159386462154,,,,,0.030864985659718513,0.013391124084591866
,imappo,,,,2413.0,0.0,0.0,0.6695561766721312,0.0,0.0,0.0,0.6666666865348816,0.002889490137249595,0.0,0.0,0.0,0.0,0.0,,,,,,,
0.1654815971851349,imappo,0.013138795271515846,-3.240076780319214,0.00027555851950650224,2414.0,,,,,,,,,,,,,,0.17802600866955648,,,,,0.02950439602136612,0.013369305059313774
,imappo,,,,2414.0,0.0,0.0,0.6684652585879576,0.0,0.0,0.0,0.6666666865348816,0.0017985720530759863,0.0,0.0,0.0,0.0,0.0,,,,,,,
0.05074601620435715,imappo,0.1558249443769455,-6.252198219299316,0.0002752584194731577,2415.0,,,,,,,,,,,,,,0.17789263087695895,,,,,0.032765261828899384,0.006696181371808052
,imappo,,,,2415.0,0.0,0.0,0.334809076446561,0.0,0.0,0.0,0.3333333432674408,0.00147570337679781,0.0,0.0,0.0,0.0,0.0,,,,,,,
0.15602700412273407,imappo,0.023834608495235443,-3.2681164741516113,0.0002749583194398133,2416.0,,,,,,,,,,,,,,0.17775925308436147,,,,,0.029068682342767715,0.013368519954383373
,imappo,,,,2416.0,0.0,0.0,0.6684260343859023,0.0,0.0,0.0,0.6666666865348816,0.0017593526458767883,0.0,0.0,0.0,0.0,0.0,,,,,,,
0.594990074634552,imappo,0.23771661520004272,-6.806381702423096,0.0002746582194064689,2417.0,,,,,,,,,,,,,,0.17762587529176388,,,,,0.030758341774344444,0.006718186661601067
,imappo,,,,2417.0,0.0,0.0,0.335909314470598,0.0,0.0,0.0,0.3333333432674408,0.0025759712031572235,0.0,0.0,0.0,0.0,0.0,,,,,,,
0.06161818280816078,imappo,0.039881736040115356,-2.644139051437378,0.0002743581193731244,2418.0,,,,,,,,,,,,,,0.17749249749916635,,,,,0.029076214879751205,0.013369488529860973
,imappo,,,,2418.0,0.0,0.0,0.6684744009860424,0.0,0.0,0.0,0.6666666865348816,0.001807744253483179,0.0,0.0,0.0,0.0,0.0,,,,,,,
0.18348921835422516,imappo,0.6124007701873779,-7.06074857711792,0.00027405801933977987,2419.0,,,,,,,,,,,,,,0.1773591197065688,,,,,0.026618603616952896,0.006716561503708363
,imappo,,,,2419.0,0.0,0.0,0.3358280948700241,0.0,0.0,0.0,0.3333333432674408,0.0024947516025832783,0.0,0.0,0.0,0.0,0.0,,,,,,,
0.006149412132799625,imappo,0.04148750379681587,-2.2814390659332275,0.00027375791930643557,2420.0,,,,,,,,,,,,,,0.17722574191397134,,,,,0.028169751167297363,0.013365399092435837
,imappo,,,,2420.0,0.0,0.0,0.6682699414598119,0.0,0.0,0.0,0.6666666865348816,0.001603267890686766,0.0,0.0,0.0,0.0,0.0,,,,,,,
0.30261877179145813,imappo,0.8611167073249817,-7.011465072631836,0.00027345781927309105,2421.0,,,,,,,,,,,,,,0.17709236412137375,,,,,0.02946695312857628,0.0067124576307833195
,imappo,,,,2421.0,0.0,0.0,0.3356228995216952,0.0,0.0,0.0,0.3333333432674408,0.0022895562542544212,0.0,0.0,0.0,0.0,0.0,,,,,,,
0.22371317446231842,imappo,1.2021428346633911,-6.794507026672363,0.00027315771923974665,2422.0,,,,,,,,,,,,,,0.1769589863287762,,,,,0.030490033328533173,0.0067044938914477825
,imappo,,,,2422.0,0.0,0.0,0.33522469614581496,0.0,0.0,0.0,0.3333333432674408,0.001891352878374164,0.0,0.0,0.0,0.0,0.0,,,,,,,
0.02158834971487522,imappo,0.12571166455745697,-2.535269260406494,0.00027285761920640224,2423.0,,,,,,,,,,,,,,0.17682560853617874,,,,,0.03348007798194885,0.013373682275414467
,imappo,,,,2423.0,0.0,0.0,0.6686841159771575,0.0,0.0,0.0,0.6666666865348816,0.0020174294422758976,0.0,0.0,0.0,0.0,0.0,,,,,,,
0.04563145712018013,imappo,1.2893688678741455,-6.7244720458984375,0.0002725575191730577,2424.0,,,,,,,,,,,,,,0.1766922307435812,,,,,0.028829425573349,0.006705929059535265
,imappo,,,,2424.0,0.0,0.0,0.3352964033747412,0.0,0.0,0.0,0.3333333432674408,0.0019630601073004073,0.0,0.0,0.0,0.0,0.0,,,,,,,
0.21249988675117493,imappo,1.2821637392044067,-6.72628927230835,0.0002722574191397133,2425.0,,,,,,,,,,,,,,0.1765588529509836,,,,,0.028137806802988052,0.006705654785037041
,imappo,,,,2425.0,0.0,0.0,0.33528271965951717,0.0,0.0,0.0,0.3333333432674408,0.001949376392076374,0.0,0.0,0.0,0.0,0.0,,,,,,,
0.30681493878364563,imappo,1.2027711868286133,-5.830339431762695,0.0002719573191063688,2426.0,,,,,,,,,,,,,,0.17642547515838608,,,,,0.029033172875642776,0.0067025707103312016
,imappo,,,,2426.0,0.0,0.0,0.33512854220424515,0.0,0.0,0.0,0.3333333432674408,0.0017951989368043542,0.0,0.0,0.0,0.0,0.0,,,,,,,
-0.005116558633744717,imappo,0.24788494408130646,-2.2580137252807617,0.0002716572190730244,2427.0,,,,,,,,,,,,,,0.1762920973657886,,,,,0.028366051614284515,0.013363730162382126
,imappo,,,,2427.0,0.0,0.0,0.668186474016693,0.0,0.0,0.0,0.6666666865348816,0.0015197874818113633,0.0,0.0,0.0,0.0,0.0,,,,,,,
0.03359120711684227,imappo,0.18505097925662994,-2.6830945014953613,0.00027135711903968,2428.0,,,,,,,,,,,,,,0.17615871957319107,,,,,0.031061414629220963,0.013371070846915245
,imappo,,,,2428.0,0.0,0.0,0.6685535317785138,0.0,0.0,0.0,0.6666666865348816,0.001886785638987476,0.0,0.0,0.0,0.0,0.0,,,,,,,
0.018518498167395592,imappo,0.7159814238548279,-4.678380489349365,0.00027105701900633546,2429.0,,,,,,,,,,,,,,0.17602534178059348,,,,,0.029039986431598663,0.00668893801048398
,imappo,,,,2429.0,0.0,0.0,0.3344468786590369,0.0,0.0,0.0,0.3333333432674408,0.0011135353915960877,0.0,0.0,0.0,0.0,0.0,,,,,,,
0.04266291484236717,imappo,0.13866253197193146,-2.6878530979156494,0.00027075691897299095,2430.0,,,,,,,,,,,,,,0.17589196398799595,,,,,0.030741311609745026,0.013371237553656101
,imappo,,,,2430.0,0.0,0.0,0.668561915221062,0.0,0.0,0.0,0.6666666865348816,0.0018951988838580291,0.0,0.0,0.0,0.0,0.0,,,,,,,
2.0982304704375565e-05,imappo,7.962529343785718e-05,-0.6222318410873413,0.00027045681893964665,2431.0,,,,,,,,,,,,,,0.17575858619539847,,,,,0.011865632608532906,2.5407085558981635e-05
,imappo,,,,2431.0,0.0,0.0,0.0012703541549399233,0.0,0.0,0.0,0.0,0.0012703541549399233,0.0,0.0,0.0,0.0,0.0,,,,,,,
0.009897044859826565,imappo,0.049445848912000656,-2.1622567176818848,0.00027015671890630213,2432.0,,,,,,,,,,,,,,0.17562520840280094,,,,,0.03306978568434715,0.013379611074924469
,imappo,,,,2432.0,0.0,0.0,0.6689805394343011,0.0,0.0,0.0,0.6666666865348816,0.002313852899419544,0.0,0.0,0.0,0.0,0.0,,,,,,,
0.008190248161554337,imappo,0.7918425798416138,-5.567934989929199,0.0002698566188729577,2433.0,,,,,,,,,,,,,,0.17549183061020335,,,,,0.02820974960923195,0.0067245918326079845
,imappo,,,,2433.0,0.0,0.0,0.3362295649922089,0.0,0.0,0.0,0.3333333432674408,0.002896221724768111,0.0,0.0,0.0,0.0,0.0,,,,,,,
0.5010582804679871,imappo,1.2710098028182983,-6.82420015335083,0.0002695565188396132,2434.0,,,,,,,,,,,,,,0.17535845281760581,,,,,0.03360269218683243,0.006736921612173319
,imappo,,,,2434.0,0.0,0.0,0.3368461327318073,0.0,0.0,0.0,0.3333333432674408,0.003512789464366506,0.0,0.0,0.0,0.0,0.0,,,,,,,
0.04791296645998955,imappo,0.07492107897996902,-2.619494915008545,0.0002692564188062688,2435.0,,,,,,,,,,,,,,0.17522507502500834,,,,,0.028514958918094635,0.013390923850238323
,imappo,,,,2435.0,0.0,0.0,0.6695461091594552,0.0,0.0,0.0,0.6666666865348816,0.002879418899283337,0.0,0.0,0.0,0.0,0.0,,,,,,,
0.40336164832115173,imappo,2.531858444213867,-7.150943279266357,0.0002689563187729244,2436.0,,,,,,,,,,,,,,0.1750916972324108,,,,,0.027231184765696526,0.006779366638511419
,imappo,,,,2436.0,0.0,0.0,0.33896837579300154,0.0,0.0,0.0,0.3333333432674408,0.005635032525560746,0.0,0.0,0.0,0.0,0.0,,,,,,,
0.09070853143930435,imappo,1.4930363893508911,-6.2925310134887695,0.00026865621873957987,2437.0,,,,,,,,,,,,,,0.17495831943981321,,,,,0.028319507837295532,0.006723220460116863
,imappo,,,,2437.0,0.0,0.0,0.3361609844155282,0.0,0.0,0.0,0.3333333432674408,0.002827641148087423,0.0,0.0,0.0,0.0,0.0,,,,,,,
-0.005153993144631386,imappo,0.05233369395136833,-1.8093743324279785,0.00026835611870623546,2438.0,,,,,,,,,,,,,,0.17482494164721574,,,,,0.028641071170568466,0.013398674316704273
,imappo,,,,2438.0,0.0,0.0,0.6699337540391355,0.0,0.0,0.0,0.6666666865348816,0.0032670675042538733,0.0,0.0,0.0,0.0,0.0,,,,,,,
0.1920972764492035,imappo,2.2924864292144775,-6.554120063781738,0.00026805601867289106,2439.0,,,,,,,,,,,,,,0.1746915638546182,,,,,0.030777083709836006,0.006756727118045092
,imappo,,,,2439.0,0.0,0.0,0.33783634258713846,0.0,0.0,0.0,0.3333333432674408,0.004502999319697665,0.0,0.0,0.0,0.0,0.0,,,,,,,
0.004641524516046047,imappo,1.6319406032562256,-4.605297088623047,0.00026775591863954654,2440.0,,,,,,,,,,,,,,0.17455818606202067,,,,,0.03129296377301216,0.00673866318538785
,imappo,,,,2440.0,0.0,0.0,0.3369331590465663,0.0,0.0,0.0,0.3333333432674408,0.0035998157791254926,0.0,0.0,0.0,0.0,0.0,,,,,,,
0.025087783113121986,imappo,4.072980880737305,-6.8356451988220215,0.000267455818606202,2441.0,,,,,,,,,,,,,,0.17442480826942308,,,,,0.02908046543598175,0.006738465279340744
,imappo,,,,2441.0,0.0,0.0,0.3369232386787644,0.0,0.0,0.0,0.3333333432674408,0.003589895411323596,0.0,0.0,0.0,0.0,0.0,,,,,,,
0.08715874701738358,imappo,3.2959094047546387,-5.774703502655029,0.0002671557185728577,2442.0,,,,,,,,,,,,,,0.1742914304768256,,,,,0.028354886919260025,0.006726989522576332
,imappo,,,,2442.0,0.0,0.0,0.33634946309030056,0.0,0.0,0.0,0.3333333432674408,0.003016119822859764,0.0,0.0,0.0,0.0,0.0,,,,,,,
-0.009599453769624233,imappo,0.45842698216438293,-1.8435754776000977,0.0002668556185395132,2443.0,,,,,,,,,,,,,,0.17415805268422807,,,,,0.026845738291740417,0.013376805000007153
,imappo,,,,2443.0,0.0,0.0,0.6688403188718439,0.0,0.0,0.0,0.6666666865348816,0.002173622732698277,0.0,0.0,0.0,0.0,0.0,,,,,,,
0.3021376132965088,imappo,4.047475814819336,-6.868128299713135,0.0002665555185061688,2444.0,,,,,,,,,,,,,,0.17402467489163054,,,,,0.02802322618663311,0.006731904111802578
,imappo,,,,2444.0,0.0,0.0,0.33659518818535616,0.0,0.0,0.0,0.3333333432674408,0.0032618449179153686,0.0,0.0,0.0,0.0,0.0,,,,,,,
-0.000745747413020581,imappo,0.4734265208244324,-1.9116337299346924,0.0002662554184728243,2445.0,,,,,,,,,,,,,,0.17389129709903295,,,,,0.031159117817878723,0.01338997483253479
,imappo,,,,2445.0,0.0,0.0,0.6694987206610676,0.0,0.0,0.0,0.6666666865348816,0.002832030768331606,0.0,0.0,0.0,0.0,0.0,,,,,,,
0.0372820720076561,imappo,0.511257529258728,-2.3441765308380127,0.0002659553184394799,2446.0,,,,,,,,,,,,,,0.17375791930643547,,,,,0.03524767979979515,0.013383516110479832
,imappo,,,,2446.0,0.0,0.0,0.669175815874496,0.0,0.0,0.0,0.6666666865348816,0.0025091643951782316,0.0,0.0,0.0,0.0,0.0,,,,,,,
-0.002003762871026993,imappo,2.9115099906921387,-5.809182643890381,0.00026565521840613547,2447.0,,,,,,,,,,,,,,0.17362454151383794,,,,,0.026858985424041748,0.006715401541441679
,imappo,,,,2447.0,0.0,0.0,0.3357700863784885,0.0,0.0,0.0,0.3333333432674408,0.00243674311104769,0.0,0.0,0.0,0.0,0.0,,,,,,,
0.5815281271934509,imappo,4.178912162780762,-6.620187759399414,0.00026535511837279095,2448.0,,,,,,,,,,,,,,0.1734911637212404,,,,,0.033561065793037415,0.006718201097100973
,imappo,,,,2448.0,0.0,0.0,0.33591008656549093,0.0,0.0,0.0,0.3333333432674408,0.0025767432980501326,0.0,0.0,0.0,0.0,0.0,,,,,,,
0.17658331990242004,imappo,3.8520255088806152,-6.023243427276611,0.00026505501833944643,2449.0,,,,,,,,,,,,,,0.17335778592864282,,,,,0.02616187557578087,0.006711913272738457
,imappo,,,,2449.0,0.0,0.0,0.3355956720497488,0.0,0.0,0.0,0.3333333432674408,0.002262328782308032,0.0,0.0,0.0,0.0,0.0,,,,,,,
0.09233275055885315,imappo,6.834171772003174,-7.003045082092285,0.00026475491830610213,2450.0,,,,,,,,,,,,,,0.17322440813604534,,,,,0.02665170282125473,0.0067242830991744995
,imappo,,,,2450.0,0.0,0.0,0.3362141641609355,0.0,0.0,0.0,0.3333333432674408,0.0028808506958171165,0.0,0.0,0.0,0.0,0.0,,,,,,,
0.4028763771057129,imappo,7.447016716003418,-7.0102009773254395,0.0002644548182727576,2451.0,,,,,,,,,,,,,,0.1730910303434478,,,,,0.02818647213280201,0.006722216494381428
,imappo,,,,2451.0,0.0,0.0,0.33611083519053864,0.0,0.0,0.0,0.3333333432674408,0.002777491923097841,0.0,0.0,0.0,0.0,0.0,,,,,,,
0.0763862282037735,imappo,0.8340258002281189,-2.196930170059204,0.0002641547182394131,2452.0,,,,,,,,,,,,,,0.17295765255085027,,,,,0.02882486768066883,0.013363020494580269
,imappo,,,,2452.0,0.0,0.0,0.6681510084040383,0.0,0.0,0.0,0.6666666865348816,0.0014843184931123687,0.0,0.0,0.0,0.0,0.0,,,,,,,
0.06610782444477081,imappo,0.6210542917251587,-2.6444015502929688,0.0002638546182060688,2453.0,,,,,,,,,,,,,,0.17282427475825274,,,,,0.02854059264063835,0.013396156020462513
,imappo,,,,2453.0,0.0,0.0,0.6698078126528344,0.0,0.0,0.0,0.6666666865348816,0.0031411351983479108,0.0,0.0,0.0,0.0,0.0,,,,,,,
0.0065494258888065815,imappo,0.333622008562088,-2.0650126934051514,0.0002635545181727243,2454.0,,,,,,,,,,,,,,0.1726908969656552,,,,,0.03104229085147381,0.013385997153818607
,imappo,,,,2454.0,0.0,0.0,0.6692998290436663,0.0,0.0,0.0,0.6666666865348816,0.002633172311107046,0.0,0.0,0.0,0.0,0.0,,,,,,,
0.011843284592032433,imappo,0.12192178517580032,-1.8816490173339844,0.0002632544181393799,2455.0,,,,,,,,,,,,,,0.17255751917305767,,,,,0.03264516592025757,0.013369505293667316
,imappo,,,,2455.0,0.0,0.0,0.668475233537265,0.0,0.0,0.0,0.6666666865348816,0.001808577459087246,0.0,0.0,0.0,0.0,0.0,,,,,,,
0.06492489576339722,imappo,0.09768002480268478,-2.5115904808044434,0.00026295431810603536,2456.0,,,,,,,,,,,,,,0.17242414138046014,,,,,0.03171101585030556,0.013376313261687756
,imappo,,,,2456.0,0.0,0.0,0.6688156768250337,0.0,0.0,0.0,0.6666666865348816,0.0021490200924745295,0.0,0.0,0.0,0.0,0.0,,,,,,,
-0.008049219846725464,imappo,0.0014162472216412425,-0.5155481696128845,0.00026265421807269095,2457.0,,,,,,,,,,,,,,0.1722907635878626,,,,,0.009471982717514038,9.240254257747438e-06
,imappo,,,,2457.0,0.0,0.0,0.00046201264825640465,0.0,0.0,0.0,0.0,0.00046201264825640465,0.0,0.0,0.0,0.0,0.0,,,,,,,
-0.0014798962511122227,imappo,0.004140801262110472,-1.9181196689605713,0.00026235411803934654,2458.0,,,,,,,,,,,,,,0.17215738579526507,,,,,0.02662098966538906,0.013366736471652985
,imappo,,,,2458.0,0.0,0.0,0.6683367585810629,0.0,0.0,0.0,0.6666666865348816,0.0016700467404007213,0.0,0.0,0.0,0.0,0.0,,,,,,,
0.01690877228975296,imappo,0.002238989807665348,-1.864078402519226,0.000262054018006002,2459.0,,,,,,,,,,,,,,0.17202400800266754,,,,,0.026016712188720703,0.01337724830955267
,imappo,,,,2459.0,0.0,0.0,0.6688624525304476,0.0,0.0,0.0,0.6666666865348816,0.002195784301875392,0.0,0.0,0.0,0.0,0.0,,,,,,,
0.02345423959195614,imappo,0.0014031815808266401,-1.807557225227356,0.0002617539179726575,2460.0,,,,,,,,,,,,,,0.17189063021007,,,,,0.030557915568351746,0.013391029089689255
,imappo,,,,2460.0,0.0,0.0,0.6695514204277515,0.0,0.0,0.0,0.6666666865348816,0.0028847338928699173,0.0,0.0,0.0,0.0,0.0,,,,,,,
0.0070079006254673,imappo,0.0011038542725145817,-1.91502845287323,0.0002614538179393132,2461.0,,,,,,,,,,,,,,0.17175725241747247,,,,,0.0351543202996254,0.013397909700870514
,imappo,,,,2461.0,0.0,0.0,0.6698955267941074,0.0,0.0,0.0,0.6666666865348816,0.003228811853887237,0.0,0.0,0.0,0.0,0.0,,,,,,,
0.051507849246263504,imappo,1.38026762008667,-6.977822303771973,0.0002611537179059687,2462.0,,,,,,,,,,,,,,0.17162387462487494,,,,,0.02692348137497902,0.006751795299351215
,imappo,,,,2462.0,0.0,0.0,0.3375897405994781,0.0,0.0,0.0,0.3333333432674408,0.004256367529714922,0.0,0.0,0.0,0.0,0.0,,,,,,,
0.039113666862249374,imappo,0.004108050372451544,-2.5475058555603027,0.0002608536178726242,2463.0,,,,,,,,,,,,,,0.1714904968322774,,,,,0.03213329240679741,0.01342274434864521
,imappo,,,,2463.0,0.0,0.0,0.6711372626637058,0.0,0.0,0.0,0.6666666865348816,0.004470554053568776,0.0,0.0,0.0,0.0,0.0,,,,,,,
0.048913538455963135,imappo,0.0026183477602899075,-2.060330867767334,0.00026055351783927977,2464.0,,,,,,,,,,,,,,0.17135711903967987,,,,,0.03399718552827835,0.013394356705248356
,imappo,,,,2464.0,0.0,0.0,0.6697178324657216,0.0,0.0,0.0,0.6666666865348816,0.0030511459308399935,0.0,0.0,0.0,0.0,0.0,,,,,,,
0.2932117283344269,imappo,2.650158166885376,-7.0114641189575195,0.00026025341780593536,2465.0,,,,,,,,,,,,,,0.17122374124708234,,,,,0.02661977894604206,0.006741753313690424
,imappo,,,,2465.0,0.0,0.0,0.33708766174015636,0.0,0.0,0.0,0.3333333432674408,0.0037543184727155676,0.0,0.0,0.0,0.0,0.0,,,,,,,
0.014689896255731583,imappo,2.224397897720337,-6.019041538238525,0.00025995331777259095,2466.0,,,,,,,,,,,,,,0.1710903634544848,,,,,0.03156335651874542,0.0067358482629060745
,imappo,,,,2466.0,0.0,0.0,0.3367923819519092,0.0,0.0,0.0,0.3333333432674408,0.0034590386844683962,0.0,0.0,0.0,0.0,0.0,,,,,,,
-0.001972248312085867,imappo,0.048110123723745346,-2.372345209121704,0.00025965321773924644,2467.0,,,,,,,,,,,,,,0.17095698566188727,,,,,0.02873750776052475,0.013399128802120686
,imappo,,,,2467.0,0.0,0.0,0.6699563765741914,0.0,0.0,0.0,0.6666666865348816,0.003289719841632177,0.0,0.0,0.0,0.0,0.0,,,,,,,
0.05031558871269226,imappo,0.02260219305753708,-2.0530900955200195,0.00025935311770590203,2468.0,,,,,,,,,,,,,,0.17082360786928974,,,,,0.0331517830491066,0.013383250683546066
,imappo,,,,2468.0,0.0,0.0,0.6691625338779659,0.0,0.0,0.0,0.6666666865348816,0.0024958476486744985,0.0,0.0,0.0,0.0,0.0,,,,,,,
-0.005469846073538065,imappo,0.004234608728438616,-1.811784267425537,0.0002590530176725576,2469.0,,,,,,,,,,,,,,0.1706902300766922,,,,,0.031440369784832,0.013380307704210281
,imappo,,,,2469.0,0.0,0.0,0.6690154140660525,0.0,0.0,0.0,0.6666666865348816,0.0023487257994929678,0.0,0.0,0.0,0.0,0.0,,,,,,,
0.024004217237234116,imappo,0.0028444542549550533,-1.9246482849121094,0.0002587529176392131,2470.0,,,,,,,,,,,,,,0.17055685228409467,,,,,0.030896496027708054,0.013377959839999676
,imappo,,,,2470.0,0.0,0.0,0.668897990682467,0.0,0.0,0.0,0.6666666865348816,0.002231332552923959,0.0,0.0,0.0,0.0,0.0,,,,,,,
0.04920337349176407,imappo,1.4261752367019653,-5.373231410980225,0.0002584528176058686,2471.0,,,,,,,,,,,,,,0.17042347449149714,,,,,0.032411206513643265,0.00671363016590476
,imappo,,,,2471.0,0.0,0.0,0.33568149707934936,0.0,0.0,0.0,0.3333333432674408,0.00234815381190856,0.0,0.0,0.0,0.0,0.0,,,,,,,
0.07899747788906097,imappo,0.003164423629641533,-1.7697848081588745,0.0002581527175725243,2472.0,,,,,,,,,,,,,,0.1702900966988996,,,,,0.03345698490738869,0.01338666956871748
,imappo,,,,2472.0,0.0,0.0,0.6693335188556375,0.0,0.0,0.0,0.6666666865348816,0.0026668323207559297,0.0,0.0,0.0,0.0,0.0,,,,,,,
0.0005921773845329881,imappo,0.023647334426641464,-2.539370536804199,0.00025785261753917977,2473.0,,,,,,,,,,,,,,0.17015671890630207,,,,,0.03299466520547867,0.013387548737227917
,imappo,,,,2473.0,0.0,0.0,0.6693774623818172,0.0,0.0,0.0,0.6666666865348816,0.0027107844725833274,0.0,0.0,0.0,0.0,0.0,,,,,,,
0.018107924610376358,imappo,0.0013437814777716994,-1.7139320373535156,0.00025755251750583525,2474.0,,,,,,,,,,,,,,0.17002334111370454,,,,,0.03201333433389664,0.013388856314122677
,imappo,,,,2474.0,0.0,0.0,0.6694427236416232,0.0,0.0,0.0,0.6666666865348816,0.002776037106741569,0.0,0.0,0.0,0.0,0.0,,,,,,,
0.3789094388484955,imappo,3.9457786083221436,-7.162123203277588,0.00025725241747249084,2475.0,,,,,,,,,,,,,,0.169889963321107,,,,,0.024771060794591904,0.006751975044608116
,imappo,,,,2475.0,0.0,0.0,0.3375987539648122,0.0,0.0,0.0,0.3333333432674408,0.004265404932084493,0.0,0.0,0.0,0.0,0.0,,,,,,,
0.4876192510128021,imappo,2.9871644973754883,-6.978342056274414,0.00025695231743914644,2476.0,,,,,,,,,,,,,,0.16975658552850947,,,,,0.025851691141724586,0.006723484490066767
,imappo,,,,2476.0,0.0,0.0,0.33617421042526985,0.0,0.0,0.0,0.3333333432674408,0.0028408373555066646,0.0,0.0,0.0,0.0,0.0,,,,,,,
-0.005115099251270294,imappo,0.006134343799203634,-1.5858445167541504,0.00025665221740580203,2477.0,,,,,,,,,,,,,,0.16962320773591194,,,,,0.02560083568096161,0.013363485224545002
,imappo,,,,2477.0,0.0,0.0,0.6681743181143247,0.0,0.0,0.0,0.6666666865348816,0.0015076290183060337,0.0,0.0,0.0,0.0,0.0,,,,,,,
0.19795523583889008,imappo,2.944683790206909,-5.8070149421691895,0.0002563521173724575,2478.0,,,,,,,,,,,,,,0.1694898299433144,,,,,0.032107844948768616,0.006704649887979031
,imappo,,,,2478.0,0.0,0.0,0.33523249398319876,0.0,0.0,0.0,0.3333333432674408,0.001899150715757969,0.0,0.0,0.0,0.0,0.0,,,,,,,
0.042835939675569534,imappo,3.249335289001465,-5.70652437210083,0.000256052017339113,2479.0,,,,,,,,,,,,,,0.16935645215071687,,,,,0.027585405856370926,0.006712974514812231
,imappo,,,,2479.0,0.0,0.0,0.3356487496248519,0.0,0.0,0.0,0.3333333432674408,0.0023154086202339386,0.0,0.0,0.0,0.0,0.0,,,,,,,
0.09850060194730759,imappo,6.789117336273193,-7.022092342376709,0.0002557519173057687,2480.0,,,,,,,,,,,,,,0.16922307435811934,,,,,0.026545695960521698,0.006717332173138857
,imappo,,,,2480.0,0.0,0.0,0.33586659976270994,0.0,0.0,0.0,0.3333333432674408,0.0025332564952691428,0.0,0.0,0.0,0.0,0.0,,,,,,,
-0.003700961358845234,imappo,0.2201356142759323,-2.2524478435516357,0.0002554518172724242,2481.0,,,,,,,,,,,,,,0.1690896965655218,,,,,0.028268417343497276,0.013364461250603199
,imappo,,,,2481.0,0.0,0.0,0.668223057920386,0.0,0.0,0.0,0.6666666865348816,0.0015564174532300967,0.0,0.0,0.0,0.0,0.0,,,,,,,
-0.005418485961854458,imappo,0.005992348305881023,-1.5377315282821655,0.00025515171723907966,2482.0,,,,,,,,,,,,,,0.16895631877292427,,,,,0.023532072082161903,0.013356196694076061
,imappo,,,,2482.0,0.0,0.0,0.6678098389326692,0.0,0.0,0.0,0.6666666865348816,0.0011431695690475863,0.0,0.0,0.0,0.0,0.0,,,,,,,
0.2274077832698822,imappo,2.751349449157715,-5.831628799438477,0.00025485161720573536,2483.0,,,,,,,,,,,,,,0.1688229409803268,,,,,0.026288775727152824,0.006709877867251635
,imappo,,,,2483.0,0.0,0.0,0.3354939146411198,0.0,0.0,0.0,0.3333333432674408,0.0021605713736789767,0.0,0.0,0.0,0.0,0.0,,,,,,,
0.22708182036876678,imappo,6.643823146820068,-7.162123203277588,0.00025455151717239085,2484.0,,,,,,,,,,,,,,0.1686895631877292,,,,,0.022678034380078316,0.006749402265995741
,imappo,,,,2484.0,0.0,0.0,0.33747009410922146,0.0,0.0,0.0,0.3333333432674408,0.004136780644103055,0.0,0.0,0.0,0.0,0.0,,,,,,,
0.41651228070259094,imappo,4.199383735656738,-6.840331077575684,0.00025425141713904644,2485.0,,,,,,,,,,,,,,0.16855618539513167,,,,,0.032280102372169495,0.006716093048453331
,imappo,,,,2485.0,0.0,0.0,0.33580465663118275,0.0,0.0,0.0,0.3333333432674408,0.002471313363741956,0.0,0.0,0.0,0.0,0.0,,,,,,,
-0.0037686952855437994,imappo,0.10706593841314316,-2.533273458480835,0.0002539513171057019,2486.0,,,,,,,,,,,,,,0.16842280760253414,,,,,0.030410271137952805,0.013368156738579273
,imappo,,,,2486.0,0.0,0.0,0.6684078189027787,0.0,0.0,0.0,0.6666666865348816,0.0017411397266187123,0.0,0.0,0.0,0.0,0.0,,,,,,,
0.3134935200214386,imappo,4.793527126312256,-7.092303276062012,0.0002536512170723575,2487.0,,,,,,,,,,,,,,0.16828942980993666,,,,,0.025268390774726868,0.006719107739627361
,imappo,,,,2487.0,0.0,0.0,0.3359553684895218,0.0,0.0,0.0,0.3333333432674408,0.0026220252220809925,0.0,0.0,0.0,0.0,0.0,,,,,,,
0.0818326398730278,imappo,0.13886882364749908,-2.4800894260406494,0.0002533511170390131,2488.0,,,,,,,,,,,,,,0.16815605201733907,,,,,0.030102133750915527,0.0133748734369874
,imappo,,,,2488.0,0.0,0.0,0.6687436945881018,0.0,0.0,0.0,0.6666666865348816,0.002077004327929899,0.0,0.0,0.0,0.0,0.0,,,,,,,
0.20204570889472961,imappo,5.230567455291748,-7.089663028717041,0.0002530510170056686,2489.0,,,,,,,,,,,,,,0.16802267422474154,,,,,0.02354612573981285,0.0067150951363146305
,imappo,,,,2489.0,0.0,0.0,0.3357547512966761,0.0,0.0,0.0,0.3333333432674408,0.0024214080292352946,0.0,0.0,0.0,0.0,0.0,,,,,,,
0.035133060067892075,imappo,0.07881921529769897,-2.3537955284118652,0.00025275091697232407,2490.0,,,,,,,,,,,,,,0.167889296432144,,,,,0.029394257813692093,0.013371429406106472
,imappo,,,,2490.0,0.0,0.0,0.6685714760728843,0.0,0.0,0.0,0.6666666865348816,0.0019047895380026603,0.0,0.0,0.0,0.0,0.0,,,,,,,
0.08402960002422333,imappo,4.109724521636963,-6.650417804718018,0.00025245081693897977,2491.0,,,,,,,,,,,,,,0.16775591863954653,,,,,0.029101556167006493,0.006710306275635958
,imappo,,,,2491.0,0.0,0.0,0.3355152822864511,0.0,0.0,0.0,0.3333333432674408,0.002181939019010315,0.0,0.0,0.0,0.0,0.0,,,,,,,
-0.013373589143157005,imappo,0.03284968063235283,-1.8587074279785156,0.00025215071690563526,2492.0,,,,,,,,,,,,,,0.16762254084694894,,,,,0.022802909836173058,0.013348918408155441
,imappo,,,,2492.0,0.0,0.0,0.6674458943687114,0.0,0.0,0.0,0.6666666865348816,0.00077923606454533,0.0,0.0,0.0,0.0,0.0,,,,,,,
0.33317533135414124,imappo,5.714214324951172,-6.826509952545166,0.00025185061687229074,2493.0,,,,,,,,,,,,,,0.1674891630543514,,,,,0.03437333554029465,0.006701530888676643
,imappo,,,,2493.0,0.0,0.0,0.3350765723262157,0.0,0.0,0.0,0.3333333432674408,0.0017432290587748867,0.0,0.0,0.0,0.0,0.0,,,,,,,
0.011062812991440296,imappo,0.019575491547584534,-1.9903723001480103,0.00025155051683894633,2494.0,,,,,,,,,,,,,,0.16735578526175388,,,,,0.0332958921790123,0.013373731635510921
,imappo,,,,2494.0,0.0,0.0,0.668686490901564,0.0,0.0,0.0,0.6666666865348816,0.002019804366682365,0.0,0.0,0.0,0.0,0.0,,,,,,,
-0.0017446867423132062,imappo,0.031507931649684906,-1.874796748161316,0.0002512504168056019,2495.0,,,,,,,,,,,,,,0.1672224074691564,,,,,0.03039422631263733,0.013368939980864525
,imappo,,,,2495.0,0.0,0.0,0.6684470467607753,0.0,0.0,0.0,0.6666666865348816,0.0017803499085857766,0.0,0.0,0.0,0.0,0.0,,,,,,,
0.16917620599269867,imappo,5.8289618492126465,-5.728946208953857,0.0002509503167722575,2496.0,,,,,,,,,,,,,,0.1670890296765588,,,,,0.028054360300302505,0.006698906421661377
,imappo,,,,2496.0,0.0,0.0,0.33494529464496736,0.0,0.0,0.0,0.3333333432674408,0.001611951377526566,0.0,0.0,0.0,0.0,0.0,,,,,,,
0.3831336200237274,imappo,9.726357460021973,-6.714781284332275,0.000250650216738913,2497.0,,,,,,,,,,,,,,0.16695565188396128,,,,,0.03330357372760773,0.006704969331622124
,imappo,,,,2497.0,0.0,0.0,0.33524846014915965,0.0,0.0,0.0,0.3333333432674408,0.001915116881718859,0.0,0.0,0.0,0.0,0.0,,,,,,,
0.3485128581523895,imappo,10.50356674194336,-6.888370990753174,0.0002503501167055686,2498.0,,,,,,,,,,,,,,0.1668222740913638,,,,,0.03100622445344925,0.006709831301122904
,imappo,,,,2498.0,0.0,0.0,0.33549155109949425,0.0,0.0,0.0,0.3333333432674408,0.0021582078320534492,0.0,0.0,0.0,0.0,0.0,,,,,,,
0.10060629993677139,imappo,0.014827795326709747,-2.182931423187256,0.0002500500166722242,2499.0,,,,,,,,,,,,,,0.16668889629876626,,,,,0.030218522995710373,0.013363347388803959
,imappo,,,,2499.0,0.0,0.0,0.6681673661546483,0.0,0.0,0.0,0.6666666865348816,0.0015006796197667427,0.0,0.0,0.0,0.0,0.0,,,,,,,
,imappo,,,,2499.0,,,,,,,,,,,,,,,0.0,0.0,0.3333333432674408,0.0,,
0.039342641830444336,imappo,0.10392093658447266,-2.31807804107666,0.00024974991663887967,2500.0,,,,,,,,,,,,,,0.16655551850616868,,,,,0.030861441045999527,0.013366770930588245
,imappo,,,,2500.0,0.0,0.0,0.6683384415232467,0.0,0.0,0.0,0.6666666865348816,0.0016717549883651373,0.0,0.0,0.0,0.0,0.0,,,,,,,
0.07603820413351059,imappo,0.009270022623240948,-2.2733423709869385,0.00024944981660553515,2501.0,,,,,,,,,,,,,,0.16642214071357114,,,,,0.02816718816757202,0.013366090133786201
,imappo,,,,2501.0,0.0,0.0,0.6683044471442372,0.0,0.0,0.0,0.6666666865348816,0.0016377701708734094,0.0,0.0,0.0,0.0,0.0,,,,,,,
0.027396388351917267,imappo,0.012891056947410107,-2.328073024749756,0.00024914971657219085,2502.0,,,,,,,,,,,,,,0.16628876292097367,,,,,0.03043435327708721,0.013366150669753551
,imappo,,,,2502.0,0.0,0.0,0.6683076376128554,0.0,0.0,0.0,0.6666666865348816,0.0016409808802961834,0.0,0.0,0.0,0.0,0.0,,,,,,,
0.3586329221725464,imappo,10.030567169189453,-7.162123203277588,0.00024884961653884633,2503.0,,,,,,,,,,,,,,0.16615538512837613,,,,,0.026898430660367012,0.006728419568389654
,imappo,,,,2503.0,0.0,0.0,0.3364210013232878,0.0,0.0,0.0,0.3333333432674408,0.003087658055846987,0.0,0.0,0.0,0.0,0.0,,,,,,,
0.08530239015817642,imappo,0.012080417014658451,-2.320439577102661,0.0002485495165055018,2504.0,,,,,,,,,,,,,,0.16602200733577854,,,,,0.029209021478891373,0.013370071537792683
,imappo,,,,2504.0,0.0,0.0,0.668503591597073,0.0,0.0,0.0,0.6666666865348816,0.001836905062191363,0.0,0.0,0.0,0.0,0.0,,,,,,,
0.09060581028461456,imappo,0.014760482124984264,-2.62345814704895,0.0002482494164721574,2505.0,,,,,,,,,,,,,,0.165888629543181,,,,,0.029440291225910187,0.013375085778534412
,imappo,,,,2505.0,0.0,0.0,0.6687542378949729,0.0,0.0,0.0,0.6666666865348816,0.0020875215577689232,0.0,0.0,0.0,0.0,0.0,,,,,,,
0.0359608419239521,imappo,0.011136534623801708,-2.182504892349243,0.000247949316438813,2506.0,,,,,,,,,,,,,,0.16575525175058353,,,,,0.028088653460144997,0.013363692909479141
,imappo,,,,2506.0,0.0,0.0,0.6681846293490707,0.0,0.0,0.0,0.6666666865348816,0.0015179726165115426,0.0,0.0,0.0,0.0,0.0,,,,,,,
0.352022647857666,imappo,9.560502052307129,-7.077348709106445,0.0002476492164054686,2507.0,,,,,,,,,,,,,,0.165621873957986,,,,,0.022833628579974174,0.0067079877480864525
,imappo,,,,2507.0,0.0,0.0,0.3353994013129977,0.0,0.0,0.0,0.3333333432674408,0.002066058045556929,0.0,0.0,0.0,0.0,0.0,,,,,,,
0.3776698410511017,imappo,8.972576141357422,-6.991873264312744,0.0002473491163721241,2508.0,,,,,,,,,,,,,,0.1654884961653884,,,,,0.0274598840624094,0.006703738588839769
,imappo,,,,2508.0,0.0,0.0,0.33518690309665544,0.0,0.0,0.0,0.3333333432674408,0.001853559829214646,0.0,0.0,0.0,0.0,0.0,,,,,,,
-0.0066969688050448895,imappo,0.12490212172269821,-0.6327321529388428,0.00024704901633877956,2509.0,,,,,,,,,,,,,,0.16535511837279088,,,,,0.008631222881376743,3.1987667171051726e-05
,imappo,,,,2509.0,0.0,0.0,0.0015993833576430916,0.0,0.0,0.0,0.0,0.0015993833576430916,0.0,0.0,0.0,0.0,0.0,,,,,,,
0.10325371474027634,imappo,0.05498943850398064,-2.655430555343628,0.00024674891630543526,2510.0,,,,,,,,,,,,,,0.1652217405801934,,,,,0.028185734525322914,0.013372907415032387
,imappo,,,,2510.0,0.0,0.0,0.668645415357787,0.0,0.0,0.0,0.6666666865348816,0.0019787288229053956,0.0,0.0,0.0,0.0,0.0,,,,,,,
0.06682563573122025,imappo,0.009600132703781128,-2.238316535949707,0.00024644881627209074,2511.0,,,,,,,,,,,,,,0.16508836278759587,,,,,0.034223102033138275,0.013371837325394154
,imappo,,,,2511.0,0.0,0.0,0.6685919127894522,0.0,0.0,0.0,0.6666666865348816,0.001925226254570589,0.0,0.0,0.0,0.0,0.0,,,,,,,
0.03319524973630905,imappo,0.005731306504458189,-2.211137294769287,0.0002461487162387462,2512.0,,,,,,,,,,,,,,0.16495498499499828,,,,,0.028620393946766853,0.01338114868849516
,imappo,,,,2512.0,0.0,0.0,0.6690574199419643,0.0,0.0,0.0,0.6666666865348816,0.0023907470276753884,0.0,0.0,0.0,0.0,0.0,,,,,,,
0.02765835076570511,imappo,0.009260384365916252,-2.276944637298584,0.0002458486162054019,2513.0,,,,,,,,,,,,,,0.1648216072024008,,,,,0.029573095962405205,0.013375941663980484
,imappo,,,,2513.0,0.0,0.0,0.6687970963926091,0.0,0.0,0.0,0.6666666865348816,0.0021304396600498876,0.0,0.0,0.0,0.0,0.0,,,,,,,
0.026945024728775024,imappo,0.005868059583008289,-2.135558605194092,0.0002455485161720574,2514.0,,,,,,,,,,,,,,0.16468822940980327,,,,,0.02811884880065918,0.013386211358010769
,imappo,,,,2514.0,0.0,0.0,0.6693105434515019,0.0,0.0,0.0,0.6666666865348816,0.0026438697004778078,0.0,0.0,0.0,0.0,0.0,,,,,,,
0.04289978742599487,imappo,0.0164626557379961,-2.8450396060943604,0.0002452484161387129,2515.0,,,,,,,,,,,,,,0.16455485161720573,,,,,0.026708941906690598,0.013390054926276207
,imappo,,,,2515.0,0.0,0.0,0.6695027220398515,0.0,0.0,0.0,0.6666666865348816,0.002836005702647526,0.0,0.0,0.0,0.0,0.0,,,,,,,
0.09841404110193253,imappo,0.007727450225502253,-2.286283016204834,0.0002449483161053685,2516.0,,,,,,,,,,,,,,0.16442147382460814,,,,,0.029535843059420586,0.013389058411121368
,imappo,,,,2516.0,0.0,0.0,0.6694529260721538,0.0,0.0,0.0,0.6666666865348816,0.002786239537272195,0.0,0.0,0.0,0.0,0.0,,,,,,,
0.021814921870827675,imappo,0.01712225191295147,-2.311093330383301,0.0002446482160720241,2517.0,,,,,,,,,,,,,,0.16428809603201067,,,,,0.03201878443360329,0.013374690897762775
,imappo,,,,2517.0,0.0,0.0,0.6687345949212613,0.0,0.0,0.0,0.6666666865348816,0.002067908386379713,0.0,0.0,0.0,0.0,0.0,,,,,,,
0.07290031760931015,imappo,0.0036421939730644226,-2.2928173542022705,0.00024434811603867967,2518.0,,,,,,,,,,,,,,0.16415471823941313,,,,,0.02874823659658432,0.013384412974119186
,imappo,,,,2518.0,0.0,0.0,0.6692206366942628,0.0,0.0,0.0,0.6666666865348816,0.002553950159381202,0.0,0.0,0.0,0.0,0.0,,,,,,,
0.004916235338896513,imappo,0.017479537054896355,-2.4800894260406494,0.00024404801600533515,2519.0,,,,,,,,,,,,,,0.1640213404468156,,,,,0.029151994735002518,0.013364847749471664
,imappo,,,,2519.0,0.0,0.0,0.6682424019545579,0.0,0.0,0.0,0.6666666865348816,0.001575716649313108,0.0,0.0,0.0,0.0,0.0,,,,,,,
0.11479370296001434,imappo,8.919883728027344,-7.162100315093994,0.00024374791597199063,2520.0,,,,,,,,,,,,,,0.163887962654218,,,,,0.023211924359202385,0.006740117445588112
,imappo,,,,2520.0,0.0,0.0,0.33700588629108097,0.0,0.0,0.0,0.3333333432674408,0.0036725430236401735,0.0,0.0,0.0,0.0,0.0,,,,,,,
-0.0029943829867988825,imappo,0.0034215329214930534,-1.9262551069259644,0.00024344781593864633,2521.0,,,,,,,,,,,,,,0.16375458486162053,,,,,0.033807456493377686,0.013375780545175076
,imappo,,,,2521.0,0.0,0.0,0.668789010830551,0.0,0.0,0.0,0.6666666865348816,0.0021223242956693866,0.0,0.0,0.0,0.0,0.0,,,,,,,
0.05242156609892845,imappo,0.010554584674537182,-1.9258679151535034,0.00024314771590530182,2522.0,,,,,,,,,,,,,,0.163621207069023,,,,,0.03327958285808563,0.013374663889408112
,imappo,,,,2522.0,0.0,0.0,0.6687331858884136,0.0,0.0,0.0,0.6666666865348816,0.002066499353531981,0.0,0.0,0.0,0.0,0.0,,,,,,,
-0.007286710664629936,imappo,0.01677371747791767,-0.4999920725822449,0.0002428476158719573,2523.0,,,,,,,,,,,,,,0.16348782927642547,,,,,0.003337459173053503,1.6920121197472326e-05
,imappo,,,,2523.0,0.0,0.0,0.0008460058878085874,0.0,0.0,0.0,0.0,0.0008460058878085874,0.0,0.0,0.0,0.0,0.0,,,,,,,
0.09762357920408249,imappo,0.049152079969644547,-2.6784164905548096,0.0002425475158386129,2524.0,,,,,,,,,,,,,,0.16335445148382788,,,,,0.027822451665997505,0.013375191949307919
,imappo,,,,2524.0,0.0,0.0,0.6687595766547201,0.0,0.0,0.0,0.6666666865348816,0.0020928901198384864,0.0,0.0,0.0,0.0,0.0,,,,,,,
-0.006493271328508854,imappo,0.0064300657249987125,-2.118400812149048,0.00024224741580526849,2525.0,,,,,,,,,,,,,,0.1632210736912304,,,,,0.031226173043251038,0.01336350291967392
,imappo,,,,2525.0,0.0,0.0,0.6681751046478439,0.0,0.0,0.0,0.6666666865348816,0.0015084225512964622,0.0,0.0,0.0,0.0,0.0,,,,,,,
-0.00559700932353735,imappo,0.0057921744883060455,-1.8533555269241333,0.00024194731577192397,2526.0,,,,,,,,,,,,,,0.16308769589863287,,,,,0.03233030065894127,0.013379096053540707
,imappo,,,,2526.0,0.0,0.0,0.6689547729602054,0.0,0.0,0.0,0.6666666865348816,0.002288086425323854,0.0,0.0,0.0,0.0,0.0,,,,,,,
0.001602700212970376,imappo,0.006652044598013163,-2.0399343967437744,0.00024164721573857956,2527.0,,,,,,,,,,,,,,0.16295431810603533,,,,,0.028567388653755188,0.013377802446484566
,imappo,,,,2527.0,0.0,0.0,0.6688901417355737,0.0,0.0,0.0,0.6666666865348816,0.002223455200692115,0.0,0.0,0.0,0.0,0.0,,,,,,,
0.02102046087384224,imappo,0.001947510871104896,-2.01820969581604,0.00024134711570523515,2528.0,,,,,,,,,,,,,,0.1628209403134378,,,,,0.02773251011967659,0.013378751464188099
,imappo,,,,2528.0,0.0,0.0,0.6689375645710243,0.0,0.0,0.0,0.6666666865348816,0.002270875438625808,0.0,0.0,0.0,0.0,0.0,,,,,,,
0.07821346819400787,imappo,0.008454132825136185,-2.5356760025024414,0.00024104701567189074,2529.0,,,,,,,,,,,,,,0.16268756252084027,,,,,0.02975829690694809,0.013389864936470985
,imappo,,,,2529.0,0.0,0.0,0.6694932861419147,0.0,0.0,0.0,0.6666666865348816,0.002826599607033131,0.0,0.0,0.0,0.0,0.0,,,,,,,
-0.008195681497454643,imappo,0.001715775695629418,-0.2121697962284088,0.00024074691563854623,2530.0,,,,,,,,,,,,,,0.16255418472824273,,,,,0.0021922006271779537,1.2515478374552913e-05
,imappo,,,,2530.0,0.0,0.0,0.0006257738519650502,0.0,0.0,0.0,0.0,0.0006257738519650502,0.0,0.0,0.0,0.0,0.0,,,,,,,
0.005877961404621601,imappo,0.00434480095282197,-1.912936806678772,0.0002404468156052017,2531.0,,,,,,,,,,,,,,0.1624208069356452,,,,,0.03173614293336868,0.01338145975023508
,imappo,,,,2531.0,0.0,0.0,0.6690730049685953,0.0,0.0,0.0,0.6666666865348816,0.00240631843371375,0.0,0.0,0.0,0.0,0.0,,,,,,,
-0.013205831870436668,imappo,0.001641700742766261,-2.1291720867156982,0.0002401467155718574,2532.0,,,,,,,,,,,,,,0.16228742914304767,,,,,0.03160133957862854,0.013376799412071705
,imappo,,,,2532.0,0.0,0.0,0.6688400120187907,0.0,0.0,0.0,0.6666666865348816,0.002173334076815081,0.0,0.0,0.0,0.0,0.0,,,,,,,
0.0011522341519594193,imappo,0.003789901966229081,-2.8069145679473877,0.0002398466155385129,2533.0,,,,,,,,,,,,,,0.16215405135045013,,,,,0.026473842561244965,0.013391378335654736
,imappo,,,,2533.0,0.0,0.0,0.6695689928965294,0.0,0.0,0.0,0.6666666865348816,0.0029023063616477884,0.0,0.0,0.0,0.0,0.0,,,,,,,
-0.005822941195219755,imappo,0.0030742306262254715,-1.9539058208465576,0.00023954651550516838,2534.0,,,,,,,,,,,,,,0.1620206735578526,,,,,0.02781304344534874,0.013387849554419518
,imappo,,,,2534.0,0.0,0.0,0.6693924632054404,0.0,0.0,0.0,0.6666666865348816,0.0027257989404461114,0.0,0.0,0.0,0.0,0.0,,,,,,,
-0.009007399901747704,imappo,0.0005191717064008117,-1.8934121131896973,0.00023924641547182397,2535.0,,,,,,,,,,,,,,0.16188729576525507,,,,,0.031388767063617706,0.013385412283241749
,imappo,,,,2535.0,0.0,0.0,0.669270718599364,0.0,0.0,0.0,0.6666666865348816,0.0026040320644824533,0.0,0.0,0.0,0.0,0.0,,,,,,,
0.011589398607611656,imappo,0.0011652123648673296,-2.635082483291626,0.00023894631543847956,2536.0,,,,,,,,,,,,,,0.16175391797265753,,,,,0.030738774687051773,0.0133823798969388
,imappo,,,,2536.0,0.0,0.0,0.6691189326938911,0.0,0.0,0.0,0.6666666865348816,0.002452246159009519,0.0,0.0,0.0,0.0,0.0,,,,,,,
0.0003332832420710474,imappo,0.002057786565274,-2.4198474884033203,0.00023864621540513505,2537.0,,,,,,,,,,,,,,0.16162054018006,,,,,0.0340508371591568,0.01338228303939104
,imappo,,,,2537.0,0.0,0.0,0.669114191123299,0.0,0.0,0.0,0.6666666865348816,0.0024475343907397473,0.0,0.0,0.0,0.0,0.0,,,,,,,
0.10741180926561356,imappo,0.0005244087660685182,-2.3701303005218506,0.00023834611537179064,2538.0,,,,,,,,,,,,,,0.16148716238746247,,,,,0.03362260013818741,0.013380304910242558
,imappo,,,,2538.0,0.0,0.0,0.6690151856619195,0.0,0.0,0.0,0.6666666865348816,0.002348469324715552,0.0,0.0,0.0,0.0,0.0,,,,,,,
0.10443613678216934,imappo,0.0013005438959226012,-2.68436598777771,0.00023804601533844612,2539.0,,,,,,,,,,,,,,0.16135378459486494,,,,,0.029809433966875076,0.013389221392571926
,imappo,,,,2539.0,0.0,0.0,0.669461005913945,0.0,0.0,0.0,0.6666666865348816,0.0027942895767409937,0.0,0.0,0.0,0.0,0.0,,,,,,,
0.07045386731624603,imappo,0.0011445796117186546,-1.9020743370056152,0.00023774591530510182,2540.0,,,,,,,,,,,,,,0.1612204068022674,,,,,0.030358102172613144,0.013371497392654419
,imappo,,,,2540.0,0.0,0.0,0.6685748593681637,0.0,0.0,0.0,0.6666666865348816,0.0019081728332821513,0.0,0.0,0.0,0.0,0.0,,,,,,,
0.052638065069913864,imappo,0.00027448288165032864,-2.2688989639282227,0.0002374458152717573,2541.0,,,,,,,,,,,,,,0.16108702900966987,,,,,0.030654823407530785,0.013372150249779224
,imappo,,,,2541.0,0.0,0.0,0.6686075434436134,0.0,0.0,0.0,0.6666666865348816,0.0019408778252909542,0.0,0.0,0.0,0.0,0.0,,,,,,,
-0.006233967375010252,imappo,0.00024369751918129623,-0.1942557543516159,0.0002371457152384128,2542.0,,,,,,,,,,,,,,0.16095365121707234,,,,,0.002773670479655266,9.235816833097488e-06
,imappo,,,,2542.0,0.0,0.0,0.0004617907642341379,0.0,0.0,0.0,0.0,0.0004617907642341379,0.0,0.0,0.0,0.0,0.0,,,,,,,
0.005599365569651127,imappo,0.0006779072573408484,-2.378239631652832,0.0002368456152050685,2543.0,,,,,,,,,,,,,,0.1608202734244748,,,,,0.03224300965666771,0.013376180082559586
,imappo,,,,2543.0,0.0,0.0,0.6688090794941672,0.0,0.0,0.0,0.6666666865348816,0.002142399253898475,0.0,0.0,0.0,0.0,0.0,,,,,,,
0.007245650514960289,imappo,8.347531547769904e-05,-1.8747084140777588,0.00023654551517172397,2544.0,,,,,,,,,,,,,,0.16068689563187727,,,,,0.02886231243610382,0.013362489640712738
,imappo,,,,2544.0,0.0,0.0,0.6681245439231134,0.0,0.0,0.0,0.6666666865348816,0.0014578726895706495,0.0,0.0,0.0,0.0,0.0,,,,,,,
-0.005408442113548517,imappo,0.00012745309504680336,-1.661399483680725,0.00023624541513837945,2545.0,,,,,,,,,,,,,,0.16055351783927974,,,,,0.03317956626415253,0.013380472548305988
,imappo,,,,2545.0,0.0,0.0,0.6690236265355907,0.0,0.0,0.0,0.6666666865348816,0.00235694693469668,0.0,0.0,0.0,0.0,0.0,,,,,,,
0.0034771771170198917,imappo,0.00016786968626547605,-1.9123051166534424,0.00023594531510503505,2546.0,,,,,,,,,,,,,,0.1604201400466822,,,,,0.027682974934577942,0.013373395428061485
,imappo,,,,2546.0,0.0,0.0,0.6686697592786004,0.0,0.0,0.0,0.6666666865348816,0.0020030727437188034,0.0,0.0,0.0,0.0,0.0,,,,,,,
0.13824985921382904,imappo,0.00045832761679776013,-2.499589681625366,0.00023564521507169064,2547.0,,,,,,,,,,,,,,0.16028676225408467,,,,,0.029933210462331772,0.013388085179030895
,imappo,,,,2547.0,0.0,0.0,0.6694043129671172,0.0,0.0,0.0,0.6666666865348816,0.002737626432235629,0.0,0.0,0.0,0.0,0.0,,,,,,,
-0.010965024121105671,imappo,0.0007157986401580274,-1.6512932777404785,0.00023534511503834612,2548.0,,,,,,,,,,,,,,0.16015338446148714,,,,,0.023902878165245056,0.006693830713629723
,imappo,,,,2548.0,0.0,0.0,0.3346915200023872,0.0,0.0,0.0,0.3333333432674408,0.0013582062316785937,0.0,0.0,0.0,0.0,0.0,,,,,,,
-0.011107919737696648,imappo,0.00011030785390175879,-1.7668571472167969,0.00023504501500500171,2549.0,,,,,,,,,,,,,,0.1600200066688896,,,,,0.026726538315415382,0.013364246115088463
,imappo,,,,2549.0,0.0,0.0,0.6682123462705931,0.0,0.0,0.0,0.6666666865348816,0.0015456540422746912,0.0,0.0,0.0,0.0,0.0,,,,,,,
0.008182728663086891,imappo,0.000788721430581063,-2.2720611095428467,0.0002347449149716572,2550.0,,,,,,,,,,,,,,0.15988662887629207,,,,,0.03008127212524414,0.013369014486670494
,imappo,,,,2550.0,0.0,0.0,0.6684506252040592,0.0,0.0,0.0,0.6666666865348816,0.0017839386691775871,0.0,0.0,0.0,0.0,0.0,,,,,,,
-0.005616569425910711,imappo,0.0002541326393838972,-1.349098563194275,0.0002344448149383129,2551.0,,,,,,,,,,,,,,0.15975325108369454,,,,,0.03141285851597786,0.013363528996706009
,imappo,,,,2551.0,0.0,0.0,0.6681764532872876,0.0,0.0,0.0,0.6666666865348816,0.001509723533217766,0.0,0.0,0.0,0.0,0.0,,,,,,,
-0.0038239816203713417,imappo,0.00015893584350124002,-1.6144660711288452,0.00023414471490496838,2552.0,,,,,,,,,,,,,,0.159619873291097,,,,,0.02586444281041622,0.013356287032365799
,imappo,,,,2552.0,0.0,0.0,0.6678143539402299,0.0,0.0,0.0,0.6666666865348816,0.0011476673325887532,0.0,0.0,0.0,0.0,0.0,,,,,,,
0.03761473670601845,imappo,0.002526018535718322,-2.7808942794799805,0.00023384461487162386,2553.0,,,,,,,,,,,,,,0.15948649549849947,,,,,0.030260195955634117,0.013378649018704891
,imappo,,,,2553.0,0.0,0.0,0.6689323813207011,0.0,0.0,0.0,0.6666666865348816,0.0022656649834971176,0.0,0.0,0.0,0.0,0.0,,,,,,,
-0.006918380036950111,imappo,0.0010027798125520349,-0.2984108328819275,0.00023354451483827946,2554.0,,,,,,,,,,,,,,0.15935311770590194,,,,,0.009628070518374443,3.9166174246929586e-05
,imappo,,,,2554.0,0.0,0.0,0.001958308604571357,0.0,0.0,0.0,0.0,0.001958308604571357,0.0,0.0,0.0,0.0,0.0,,,,,,,
0.003291462082415819,imappo,0.0014797415351495147,-2.361037492752075,0.00023324441480493505,2555.0,,,,,,,,,,,,,,0.1592197399133044,,,,,0.029687687754631042,0.013364885933697224
,imappo,,,,2555.0,0.0,0.0,0.6682443000972853,0.0,0.0,0.0,0.6666666865348816,0.0015776135624037124,0.0,0.0,0.0,0.0,0.0,,,,,,,
0.01454690471291542,imappo,0.0006233613821677864,-1.543160319328308,0.00023294431477159053,2556.0,,,,,,,,,,,,,,0.15908636212070687,,,,,0.030290285125374794,0.013366852886974812
,imappo,,,,2556.0,0.0,0.0,0.6683426865142792,0.0,0.0,0.0,0.6666666865348816,0.0016759964869379473,0.0,0.0,0.0,0.0,0.0,,,,,,,
-0.005901126656681299,imappo,0.0006777280359528959,-1.1113715171813965,0.00023264421473824612,2557.0,,,,,,,,,,,,,,0.15895298432810934,,,,,0.02988310158252716,0.013374531641602516
,imappo,,,,2557.0,0.0,0.0,0.6687265401488958,0.0,0.0,0.0,0.6666666865348816,0.0020598567426759473,0.0,0.0,0.0,0.0,0.0,,,,,,,
0.015707099810242653,imappo,0.013288754969835281,-2.223398208618164,0.00023234411470490172,2558.0,,,,,,,,,,,,,,0.15881960653551186,,,,,0.03165040165185928,0.013387101702392101
,imappo,,,,2558.0,0.0,0.0,0.6693551190946891,0.0,0.0,0.0,0.6666666865348816,0.0026884526560024824,0.0,0.0,0.0,0.0,0.0,,,,,,,
-0.012834172695875168,imappo,0.0037635182961821556,-1.0656033754348755,0.0002320440146715572,2559.0,,,,,,,,,,,,,,0.15868622874291427,,,,,0.028770331293344498,0.013378682546317577
,imappo,,,,2559.0,0.0,0.0,0.6689341057575575,0.0,0.0,0.0,0.6666666865348816,0.0022674671566846882,0.0,0.0,0.0,0.0,0.0,,,,,,,
-0.005385115277022123,imappo,0.0005719318287447095,-0.9952796697616577,0.0002317439146382128,2560.0,,,,,,,,,,,,,,0.15855285095031674,,,,,0.024330798536539078,0.013360300101339817
,imappo,,,,2560.0,0.0,0.0,0.6680149718786765,0.0,0.0,0.0,0.6666666865348816,0.0013482770582982084,0.0,0.0,0.0,0.0,0.0,,,,,,,
0.44189053773880005,imappo,7.491677284240723,-6.02518367767334,0.00023144381460486827,2561.0,,,,,,,,,,,,,,0.1584194731577192,,,,,0.030607961118221283,0.00671201478689909
,imappo,,,,2561.0,0.0,0.0,0.33560075599763195,0.0,0.0,0.0,0.3333333432674408,0.0022673829278687663,0.0,0.0,0.0,0.0,0.0,,,,,,,
0.0023503361735492945,imappo,0.004716860596090555,-1.6031486988067627,0.00023114371457152397,2562.0,,,,,,,,,,,,,,0.15828609536512173,,,,,0.03179485350847244,0.013371231965720654
,imappo,,,,2562.0,0.0,0.0,0.6685615340484219,0.0,0.0,0.0,0.6666666865348816,0.0018948503686715412,0.0,0.0,0.0,0.0,0.0,,,,,,,
-0.01241256482899189,imappo,0.003248755354434252,-1.2426241636276245,0.00023084361453817946,2563.0,,,,,,,,,,,,,,0.15815271757252414,,,,,0.03265431523323059,0.013360562734305859
,imappo,,,,2563.0,0.0,0.0,0.6680280731361563,0.0,0.0,0.0,0.6666666865348816,0.001361335524052265,0.0,0.0,0.0,0.0,0.0,,,,,,,
0.0030270852148532867,imappo,0.0021991922985762358,-1.2076377868652344,0.00023054351450483494,2564.0,,,,,,,,,,,,,,0.1580193397799266,,,,,0.031900785863399506,0.013359366916120052
,imappo,,,,2564.0,0.0,0.0,0.6679682795258373,0.0,0.0,0.0,0.6666666865348816,0.0013015778314979798,0.0,0.0,0.0,0.0,0.0,,,,,,,
0.09787783026695251,imappo,9.199614524841309,-6.40786600112915,0.00023024341447149053,2565.0,,,,,,,,,,,,,,0.15788596198732907,,,,,0.03047293610870838,0.006711168680340052
,imappo,,,,2565.0,0.0,0.0,0.33555842781271394,0.0,0.0,0.0,0.3333333432674408,0.0022250845452731483,0.0,0.0,0.0,0.0,0.0,,,,,,,
-0.006666251458227634,imappo,0.00036046543391421437,-0.12723128497600555,0.00022994331443814612,2566.0,,,,,,,,,,,,,,0.1577525841947316,,,,,0.007905492559075356,1.8285365513293073e-05
,imappo,,,,2566.0,0.0,0.0,0.0009142683825302811,0.0,0.0,0.0,0.0,0.0009142683825302811,0.0,0.0,0.0,0.0,0.0,,,,,,,
0.14369334280490875,imappo,8.972887992858887,-5.577122211456299,0.0002296432144048016,2567.0,,,,,,,,,,,,,,0.157619206402134,,,,,0.035985711961984634,0.006700295023620129
,imappo,,,,2567.0,0.0,0.0,0.3350147772978289,0.0,0.0,0.0,0.3333333432674408,0.0016814042280657304,0.0,0.0,0.0,0.0,0.0,,,,,,,
0.008156107738614082,imappo,7.936911106109619,-4.681934356689453,0.0002293431143714572,2568.0,,,,,,,,,,,,,,0.15748582860953647,,,,,0.03236553817987442,0.006716002244502306
,imappo,,,,2568.0,0.0,0.0,0.3358001043980039,0.0,0.0,0.0,0.3333333432674408,0.0024667611305631,0.0,0.0,0.0,0.0,0.0,,,,,,,
-0.00710804108530283,imappo,0.3438970148563385,-1.9467846155166626,0.00022904301433811268,2569.0,,,,,,,,,,,,,,0.15735245081693894,,,,,0.029074789956212044,0.01338890939950943
,imappo,,,,2569.0,0.0,0.0,0.6694454332604209,0.0,0.0,0.0,0.6666666865348816,0.0027787467255393494,0.0,0.0,0.0,0.0,0.0,,,,,,,
0.17083008587360382,imappo,8.758237838745117,-5.532183647155762,0.00022874291430476828,2570.0,,,,,,,,,,,,,,0.15721907302434146,,,,,0.03048919513821602,0.006721814163029194
,imappo,,,,2570.0,0.0,0.0,0.3360907455130473,0.0,0.0,0.0,0.3333333432674408,0.002757372443284112,0.0,0.0,0.0,0.0,0.0,,,,,,,
0.06210782378911972,imappo,8.894979476928711,-5.4406538009643555,0.00022844281427142387,2571.0,,,,,,,,,,,,,,0.15708569523174387,,,,,0.026918845251202583,0.006733211688697338
,imappo,,,,2571.0,0.0,0.0,0.3366605966807583,0.0,0.0,0.0,0.3333333432674408,0.0033272236109951336,0.0,0.0,0.0,0.0,0.0,,,,,,,
-0.01099368929862976,imappo,0.18571770191192627,-1.3488396406173706,0.00022814271423807935,2572.0,,,,,,,,,,,,,,0.15695231743914634,,,,,0.02997259795665741,0.01336892694234848
,imappo,,,,2572.0,0.0,0.0,0.66844636896667,0.0,0.0,0.0,0.6666666865348816,0.001779688907390664,0.0,0.0,0.0,0.0,0.0,,,,,,,
0.3199094235897064,imappo,8.332232475280762,-5.448028087615967,0.00022784261420473505,2573.0,,,,,,,,,,,,,,0.15681893964654886,,,,,0.032890595495700836,0.006715714931488037
,imappo,,,,2573.0,0.0,0.0,0.33578571936595836,0.0,0.0,0.0,0.3333333432674408,0.0024523760985175613,0.0,0.0,0.0,0.0,0.0,,,,,,,
0.13067080080509186,imappo,7.7590436935424805,-5.158592700958252,0.00022754251417139053,2574.0,,,,,,,,,,,,,,0.15668556185395133,,,,,0.03307763487100601,0.0067044575698673725
,imappo,,,,2574.0,0.0,0.0,0.3352228902278718,0.0,0.0,0.0,0.3333333432674408,0.0018895469604309767,0.0,0.0,0.0,0.0,0.0,,,,,,,
0.28001850843429565,imappo,12.38763427734375,-6.141627311706543,0.00022724241413804602,2575.0,,,,,,,,,,,,,,0.15655218406135374,,,,,0.027049295604228973,0.0067196134477853775
,imappo,,,,2575.0,0.0,0.0,0.33598069198933445,0.0,0.0,0.0,0.3333333432674408,0.0026473487218936498,0.0,0.0,0.0,0.0,0.0,,,,,,,
0.45059388875961304,imappo,11.431465148925781,-6.263576507568359,0.0002269423141047016,2576.0,,,,,,,,,,,,,,0.1564188062687562,,,,,0.026891600340604782,0.0067219203338027
,imappo,,,,2576.0,0.0,0.0,0.33609604030425544,0.0,0.0,0.0,0.3333333432674408,0.002762697036814643,0.0,0.0,0.0,0.0,0.0,,,,,,,
0.16128359735012054,imappo,6.766128063201904,-4.6916937828063965,0.0002266422140713572,2577.0,,,,,,,,,,,,,,0.15628542847615873,,,,,0.03165905922651291,0.006710052490234375
,imappo,,,,2577.0,0.0,0.0,0.3355026247645583,0.0,0.0,0.0,0.3333333432674408,0.002169281497117481,0.0,0.0,0.0,0.0,0.0,,,,,,,
0.062146831303834915,imappo,9.253693580627441,-5.558396816253662,0.00022634211403801268,2578.0,,,,,,,,,,,,,,0.1561520506835612,,,,,0.033770717680454254,0.006699936930090189
,imappo,,,,2578.0,0.0,0.0,0.3349968298384738,0.0,0.0,0.0,0.3333333432674408,0.0016634865710329905,0.0,0.0,0.0,0.0,0.0,,,,,,,
0.27949100732803345,imappo,8.768789291381836,-5.43125581741333,0.00022604201400466828,2579.0,,,,,,,,,,,,,,0.1560186728909636,,,,,0.028867363929748535,0.006704234983772039
,imappo,,,,2579.0,0.0,0.0,0.3352117661320335,0.0,0.0,0.0,0.3333333432674408,0.0018783930622703338,0.0,0.0,0.0,0.0,0.0,,,,,,,
0.3064875900745392,imappo,8.567947387695312,-5.606759548187256,0.00022574191397132376,2580.0,,,,,,,,,,,,,,0.15588529509836607,,,,,0.03202462196350098,0.006707947701215744
,imappo,,,,2580.0,0.0,0.0,0.3353973757402855,0.0,0.0,0.0,0.3333333432674408,0.0020640324728447013,0.0,0.0,0.0,0.0,0.0,,,,,,,
0.0472906269133091,imappo,6.645925998687744,-4.9943366050720215,0.00022544181393797935,2581.0,,,,,,,,,,,,,,0.1557519173057686,,,,,0.031702540814876556,0.0067009758204221725
,imappo,,,,2581.0,0.0,0.0,0.3350488002304246,0.0,0.0,0.0,0.3333333432674408,0.001715456962983808,0.0,0.0,0.0,0.0,0.0,,,,,,,
0.06132448464632034,imappo,7.4387526512146,-5.38922119140625,0.00022514171390463494,2582.0,,,,,,,,,,,,,,0.15561853951317106,,,,,0.02571067400276661,0.006718713790178299
,imappo,,,,2582.0,0.0,0.0,0.3359356853115969,0.0,0.0,0.0,0.3333333432674408,0.002602342044156103,0.0,0.0,0.0,0.0,0.0,,,,,,,
0.028515636920928955,imappo,7.344095230102539,-5.34924840927124,0.00022484161387129043,2583.0,,,,,,,,,,,,,,0.15548516172057347,,,,,0.032348185777664185,0.006698720622807741
,imappo,,,,2583.0,0.0,0.0,0.33493600621932273,0.0,0.0,0.0,0.3333333432674408,0.0016026982057155692,0.0,0.0,0.0,0.0,0.0,,,,,,,
0.09021664410829544,imappo,5.050294876098633,-5.151096343994141,0.00022454151383794602,2584.0,,,,,,,,,,,,,,0.15535178392797594,,,,,0.02946980856359005,0.006703807506710291
,imappo,,,,2584.0,0.0,0.0,0.3351904087458024,0.0,0.0,0.0,0.3333333432674408,0.0018570654783616192,0.0,0.0,0.0,0.0,0.0,,,,,,,
0.017875026911497116,imappo,8.257292747497559,-5.672730922698975,0.0002242414138046016,2585.0,,,,,,,,,,,,,,0.15521840613537846,,,,,0.02785438299179077,0.006699868477880955
,imappo,,,,2585.0,0.0,0.0,0.33499339838954256,0.0,0.0,0.0,0.3333333432674408,0.0016600849244241545,0.0,0.0,0.0,0.0,0.0,,,,,,,
0.5250540375709534,imappo,14.469727516174316,-6.88081693649292,0.0002239413137712571,2586.0,,,,,,,,,,,,,,0.15508502834278093,,,,,0.029363568872213364,0.006723384372889996
,imappo,,,,2586.0,0.0,0.0,0.33616920342046797,0.0,0.0,0.0,0.3333333432674408,0.00283586015302717,0.0,0.0,0.0,0.0,0.0,,,,,,,
0.07498017698526382,imappo,4.183950424194336,-5.155144691467285,0.00022364121373791269,2587.0,,,,,,,,,,,,,,0.15495165055018334,,,,,0.03137064352631569,0.006701834034174681
,imappo,,,,2587.0,0.0,0.0,0.3350917182651756,0.0,0.0,0.0,0.3333333432674408,0.0017583749977347907,0.0,0.0,0.0,0.0,0.0,,,,,,,
0.19851244986057281,imappo,7.1265177726745605,-6.042637348175049,0.00022334111370456828,2588.0,,,,,,,,,,,,,,0.15481827275758586,,,,,0.028362806886434555,0.0067037553526461124
,imappo,,,,2588.0,0.0,0.0,0.3351877849545417,0.0,0.0,0.0,0.3333333432674408,0.0018544416871009162,0.0,0.0,0.0,0.0,0.0,,,,,,,
-0.00799649115651846,imappo,2.5906827449798584,-1.1461061239242554,0.00022304101367122376,2589.0,,,,,,,,,,,,,,0.15468489496498833,,,,,0.03203905001282692,0.013373536989092827
,imappo,,,,2589.0,0.0,0.0,0.6686768448216753,0.0,0.0,0.0,0.6666666865348816,0.002010169297136599,0.0,0.0,0.0,0.0,0.0,,,,,,,
0.05786385014653206,imappo,3.712672233581543,-5.401862144470215,0.00022274091363787935,2590.0,,,,,,,,,,,,,,0.1545515171723908,,,,,0.030792761594057083,0.006699186749756336
,imappo,,,,2590.0,0.0,0.0,0.33495937481438887,0.0,0.0,0.0,0.3333333432674408,0.0016260315469480702,0.0,0.0,0.0,0.0,0.0,,,,,,,
0.02680201455950737,imappo,3.5622971057891846,-5.373447418212891,0.00022244081360453484,2591.0,,,,,,,,,,,,,,0.1544181393797932,,,,,0.03221238777041435,0.006689969450235367
,imappo,,,,2591.0,0.0,0.0,0.3344984759924978,0.0,0.0,0.0,0.3333333432674408,0.0011651327250570276,0.0,0.0,0.0,0.0,0.0,,,,,,,
0.2609633505344391,imappo,5.424785614013672,-6.301305294036865,0.00022214071357119043,2592.0,,,,,,,,,,,,,,0.15428476158719573,,,,,0.028240587562322617,0.0067017958499491215
,imappo,,,,2592.0,0.0,0.0,0.33508980460283055,0.0,0.0,0.0,0.3333333432674408,0.0017564613353897585,0.0,0.0,0.0,0.0,0.0,,,,,,,
0.19007913768291473,imappo,2.7121546268463135,-5.388848304748535,0.00022184061353784602,2593.0,,,,,,,,,,,,,,0.1541513837945982,,,,,0.025866813957691193,0.006706587038934231
,imappo,,,,2593.0,0.0,0.0,0.3353293738425691,0.0,0.0,0.0,0.3333333432674408,0.001996030575128316,0.0,0.0,0.0,0.0,0.0,,,,,,,
0.17604562640190125,imappo,6.094327449798584,-6.139307498931885,0.0002215405135045015,2594.0,,,,,,,,,,,,,,0.15401800600200066,,,,,0.026476453989744186,0.006703200750052929
,imappo,,,,2594.0,0.0,0.0,0.3351600215229382,0.0,0.0,0.0,0.3333333432674408,0.0018266776188511358,0.0,0.0,0.0,0.0,0.0,,,,,,,
0.11572624742984772,imappo,2.6765198707580566,-5.49409818649292,0.0002212404134711571,2595.0,,,,,,,,,,,,,,0.15388462820940307,,,,,0.024681158363819122,0.006705755367875099
,imappo,,,,2595.0,0.0,0.0,0.3352877529523539,0.0,0.0,0.0,0.3333333432674408,0.0019544096849131165,0.0,0.0,0.0,0.0,0.0,,,,,,,
0.27430716156959534,imappo,5.074404239654541,-6.09278678894043,0.0002209403134378127,2596.0,,,,,,,,,,,,,,0.1537512504168056,,,,,0.025200381875038147,0.006701998878270388
,imappo,,,,2596.0,0.0,0.0,0.3350999245180901,0.0,0.0,0.0,0.3333333432674408,0.0017665514483269362,0.0,0.0,0.0,0.0,0.0,,,,,,,
0.09945759922266006,imappo,1.1680347919464111,-4.775357723236084,0.00022064021340446817,2597.0,,,,,,,,,,,,,,0.15361787262420806,,,,,0.03180895000696182,0.006690278649330139
,imappo,,,,2597.0,0.0,0.0,0.334513915308321,0.0,0.0,0.0,0.3333333432674408,0.001180572040880179,0.0,0.0,0.0,0.0,0.0,,,,,,,
0.011907916516065598,imappo,3.1643149852752686,-5.995291233062744,0.00022034011337112376,2598.0,,,,,,,,,,,,,,0.15348449483161053,,,,,0.02787165530025959,0.006697698961943388
,imappo,,,,2598.0,0.0,0.0,0.3348849718859128,0.0,0.0,0.0,0.3333333432674408,0.001551628618472023,0.0,0.0,0.0,0.0,0.0,,,,,,,
0.06311997026205063,imappo,2.7266499996185303,-5.647757530212402,0.00022004001333777925,2599.0,,,,,,,,,,,,,,0.15335111703901294,,,,,0.02767840214073658,0.006691951770335436
,imappo,,,,2599.0,0.0,0.0,0.33459757520540734,0.0,0.0,0.0,0.3333333432674408,0.0012642319379665423,0.0,0.0,0.0,0.0,0.0,,,,,,,
,imappo,,,,2599.0,,,,,,,,,,,,,,,0.0,0.0,0.3333333432674408,0.0,,
0.026372136548161507,imappo,4.534068584442139,-1.534696102142334,0.00021973991330443484,2600.0,,,,,,,,,,,,,,0.15321773924641546,,,,,0.02956216037273407,0.013360880315303802
,imappo,,,,2600.0,0.0,0.0,0.668044012375276,0.0,0.0,0.0,0.6666666865348816,0.0013773595062502864,0.0,0.0,0.0,0.0,0.0,,,,,,,
-0.003358185524120927,imappo,5.3131632804870605,-1.1127393245697021,0.00021943981327109043,2601.0,,,,,,,,,,,,,,0.15308436145381793,,,,,0.027494410052895546,0.013363630510866642
,imappo,,,,2601.0,0.0,0.0,0.6681815507092779,0.0,0.0,0.0,0.6666666865348816,0.001514891364649884,0.0,0.0,0.0,0.0,0.0,,,,,,,
0.06589458137750626,imappo,0.4979696571826935,-5.160348415374756,0.0002191397132377459,2602.0,,,,,,,,,,,,,,0.1529509836612204,,,,,0.029410000890493393,0.006694964598864317
,imappo,,,,2602.0,0.0,0.0,0.3347482382814633,0.0,0.0,0.0,0.3333333432674408,0.001414895014022477,0.0,0.0,0.0,0.0,0.0,,,,,,,
0.09184928983449936,imappo,0.3505845367908478,-5.194873809814453,0.0002188396132044015,2603.0,,,,,,,,,,,,,,0.1528176058686228,,,,,0.028740864247083664,0.006695541553199291
,imappo,,,,2603.0,0.0,0.0,0.3347770644340926,0.0,0.0,0.0,0.3333333432674408,0.0014437211666518124,0.0,0.0,0.0,0.0,0.0,,,,,,,
-0.0036864595022052526,imappo,5.79799747467041,-1.8665088415145874,0.0002185395131710571,2604.0,,,,,,,,,,,,,,0.15268422807602533,,,,,0.03194471448659897,0.013362531550228596
,imappo,,,,2604.0,0.0,0.0,0.6681265484889991,0.0,0.0,0.0,0.6666666865348816,0.001459861954117514,0.0,0.0,0.0,0.0,0.0,,,,,,,
0.060106974095106125,imappo,0.5511401891708374,-5.47993803024292,0.00021823941313771258,2605.0,,,,,,,,,,,,,,0.1525508502834278,,,,,0.03127732872962952,0.00669566635042429
,imappo,,,,2605.0,0.0,0.0,0.33478332060349203,0.0,0.0,0.0,0.3333333432674408,0.0014499773360512336,0.0,0.0,0.0,0.0,0.0,,,,,,,
0.003458118997514248,imappo,0.1527421772480011,-4.139861106872559,0.00021793931310436817,2606.0,,,,,,,,,,,,,,0.15241747249083026,,,,,0.0320608913898468,0.006695365533232689
,imappo,,,,2606.0,0.0,0.0,0.3347682679479931,0.0,0.0,0.0,0.3333333432674408,0.0014349246805522853,0.0,0.0,0.0,0.0,0.0,,,,,,,
0.007977016270160675,imappo,2.5493805408477783,-1.7721991539001465,0.00021763921307102376,2607.0,,,,,,,,,,,,,,0.15228409469823273,,,,,0.029609989374876022,0.013354734517633915
,imappo,,,,2607.0,0.0,0.0,0.667736743806131,0.0,0.0,0.0,0.6666666865348816,0.0010700659587428163,0.0,0.0,0.0,0.0,0.0,,,,,,,
0.0007240480044856668,imappo,2.0755462646484375,-1.9941768646240234,0.00021733911303767925,2608.0,,,,,,,,,,,,,,0.1521507169056352,,,,,0.02901698276400566,0.013359137810766697
,imappo,,,,2608.0,0.0,0.0,0.6679568993795328,0.0,0.0,0.0,0.6666666865348816,0.0012902071330245235,0.0,0.0,0.0,0.0,0.0,,,,,,,
0.057397618889808655,imappo,0.4883890450000763,-5.473587512969971,0.00021703901300433484,2609.0,,,,,,,,,,,,,,0.15201733911303766,,,,,0.02598973736166954,0.0067088003270328045
,imappo,,,,2609.0,0.0,0.0,0.3354399799177372,0.0,0.0,0.0,0.3333333432674408,0.002106636650296423,0.0,0.0,0.0,0.0,0.0,,,,,,,
-0.014197203330695629,imappo,2.3470284938812256,-1.368181824684143,0.00021673891297099032,2610.0,,,,,,,,,,,,,,0.15188396132044013,,,,,0.02418421395123005,0.013355736620724201
,imappo,,,,2610.0,0.0,0.0,0.6677867538238615,0.0,0.0,0.0,0.6666666865348816,0.00112009669840063,0.0,0.0,0.0,0.0,0.0,,,,,,,
0.09962870925664902,imappo,0.6871020793914795,-5.25912618637085,0.00021643881293764591,2611.0,,,,,,,,,,,,,,0.1517505835278426,,,,,0.03224479407072067,0.006700851488858461
,imappo,,,,2611.0,0.0,0.0,0.3350425458065729,0.0,0.0,0.0,0.3333333432674408,0.001709202539132093,0.0,0.0,0.0,0.0,0.0,,,,,,,
-0.006223815027624369,imappo,3.6066794395446777,-1.7100458145141602,0.0002161387129043015,2612.0,,,,,,,,,,,,,,0.15161720573524506,,,,,0.030719920992851257,0.013369150459766388
,imappo,,,,2612.0,0.0,0.0,0.6684575174079365,0.0,0.0,0.0,0.6666666865348816,0.00179086341841328,0.0,0.0,0.0,0.0,0.0,,,,,,,
-0.010240915231406689,imappo,1.926163911819458,-1.6298900842666626,0.000215838612870957,2613.0,,,,,,,,,,,,,,0.15148382794264753,,,,,0.02987573854625225,0.013367398642003536
,imappo,,,,2613.0,0.0,0.0,0.6683699539511281,0.0,0.0,0.0,0.6666666865348816,0.0017033084453714764,0.0,0.0,0.0,0.0,0.0,,,,,,,
-0.004495367407798767,imappo,4.204285621643066,-1.9502679109573364,0.00021553851283761258,2614.0,,,,,,,,,,,,,,0.15135045015005,,,,,0.0274653322994709,0.013360314071178436
,imappo,,,,2614.0,0.0,0.0,0.668015750516588,0.0,0.0,0.0,0.6666666865348816,0.001349083728655387,0.0,0.0,0.0,0.0,0.0,,,,,,,
-0.0048876176588237286,imappo,2.291588068008423,-1.5667903423309326,0.00021523841280426817,2615.0,,,,,,,,,,,,,,0.15121707235745246,,,,,0.02185744047164917,0.013347034342586994
,imappo,,,,2615.0,0.0,0.0,0.6673517471774915,0.0,0.0,0.0,0.6666666865348816,0.0006850672637312982,0.0,0.0,0.0,0.0,0.0,,,,,,,
-0.006960940081626177,imappo,4.961793899536133,-2.2664635181427,0.00021493831277092366,2616.0,,,,,,,,,,,,,,0.15108369456485493,,,,,0.030049040913581848,0.01336729060858488
,imappo,,,,2616.0,0.0,0.0,0.6683645337930102,0.0,0.0,0.0,0.6666666865348816,0.0016978140215542226,0.0,0.0,0.0,0.0,0.0,,,,,,,
-0.0051720221526920795,imappo,0.33773794770240784,-3.62481689453125,0.00021463821273757925,2617.0,,,,,,,,,,,,,,0.1509503167722574,,,,,0.032164253294467926,0.006701252423226833
,imappo,,,,2617.0,0.0,0.0,0.33506266057952416,0.0,0.0,0.0,0.3333333432674408,0.001729310734617684,0.0,0.0,0.0,0.0,0.0,,,,,,,
-0.007157638669013977,imappo,4.596319198608398,-1.9877909421920776,0.00021433811270423473,2618.0,,,,,,,,,,,,,,0.15081693897965986,,,,,0.025874942541122437,0.013358470983803272
,imappo,,,,2618.0,0.0,0.0,0.6679235050223724,0.0,0.0,0.0,0.6666666865348816,0.0012568109641506453,0.0,0.0,0.0,0.0,0.0,,,,,,,
0.027275443077087402,imappo,0.14426858723163605,-5.413627624511719,0.00021403801267089032,2619.0,,,,,,,,,,,,,,0.15068356118706233,,,,,0.0304554495960474,0.006699257995933294
,imappo,,,,2619.0,0.0,0.0,0.3349629103759071,0.0,0.0,0.0,0.3333333432674408,0.00162956710846629,0.0,0.0,0.0,0.0,0.0,,,,,,,
-0.008212191984057426,imappo,3.9131088256835938,-0.19545646011829376,0.00021373791263754592,2620.0,,,,,,,,,,,,,,0.1505501833944648,,,,,0.008928079158067703,4.339900624472648e-05
,imappo,,,,2620.0,0.0,0.0,0.002169950507777685,0.0,0.0,0.0,0.0,0.002169950507777685,0.0,0.0,0.0,0.0,0.0,,,,,,,
0.03098505549132824,imappo,0.17615312337875366,-3.69783091545105,0.0002134378126042014,2621.0,,,,,,,,,,,,,,0.15041680560186727,,,,,0.030271116644144058,0.00669274665415287
,imappo,,,,2621.0,0.0,0.0,0.334637349793411,0.0,0.0,0.0,0.3333333432674408,0.0013040099347563228,0.0,0.0,0.0,0.0,0.0,,,,,,,
0.007166704162955284,imappo,6.028618335723877,-2.347658395767212,0.000213137712570857,2622.0,,,,,,,,,,,,,,0.15028342780926973,,,,,0.03265387937426567,0.013362591154873371
,imappo,,,,2622.0,0.0,0.0,0.6681295155322005,0.0,0.0,0.0,0.6666666865348816,0.001462812511363154,0.0,0.0,0.0,0.0,0.0,,,,,,,
0.03946194797754288,imappo,0.3469603657722473,-6.083628177642822,0.00021283761253751258,2623.0,,,,,,,,,,,,,,0.1501500500166722,,,,,0.026670770719647408,0.006713055539876223
,imappo,,,,2623.0,0.0,0.0,0.3356527788762378,0.0,0.0,0.0,0.3333333432674408,0.0023194356087969936,0.0,0.0,0.0,0.0,0.0,,,,,,,
-0.004218298476189375,imappo,2.530418634414673,-2.1309006214141846,0.00021253751250416807,2624.0,,,,,,,,,,,,,,0.15001667222407467,,,,,0.028920480981469154,0.013373743742704391
,imappo,,,,2624.0,0.0,0.0,0.6686871428182712,0.0,0.0,0.0,0.6666666865348816,0.002020438783802092,0.0,0.0,0.0,0.0,0.0,,,,,,,
-0.004314715508371592,imappo,2.873960018157959,-1.5725500583648682,0.00021223741247082366,2625.0,,,,,,,,,,,,,,0.14988329443147713,,,,,0.022956419736146927,0.013357754796743393
,imappo,,,,2625.0,0.0,0.0,0.6678877545512591,0.0,0.0,0.0,0.6666666865348816,0.0012210713633180603,0.0,0.0,0.0,0.0,0.0,,,,,,,
-0.002912052907049656,imappo,2.453477621078491,-1.566766619682312,0.00021193731243747925,2626.0,,,,,,,,,,,,,,0.1497499166388796,,,,,0.021716371178627014,0.013354556635022163
,imappo,,,,2626.0,0.0,0.0,0.6677278144306911,0.0,0.0,0.0,0.6666666865348816,0.0010611551806505304,0.0,0.0,0.0,0.0,0.0,,,,,,,
0.1155679002404213,imappo,0.5924632549285889,-5.824747562408447,0.00021163721240413473,2627.0,,,,,,,,,,,,,,0.14961653884628207,,,,,0.025236893445253372,0.006716427858918905
,imappo,,,,2627.0,0.0,0.0,0.335821390139472,0.0,0.0,0.0,0.3333333432674408,0.0024880575604129263,0.0,0.0,0.0,0.0,0.0,,,,,,,
0.06259965151548386,imappo,0.2329363375902176,-5.125994682312012,0.00021133711237079033,2628.0,,,,,,,,,,,,,,0.14948316105368453,,,,,0.030591513961553574,0.006697482895106077
,imappo,,,,2628.0,0.0,0.0,0.3348741878889996,0.0,0.0,0.0,0.3333333432674408,0.00154084462155879,0.0,0.0,0.0,0.0,0.0,,,,,,,
0.057915035635232925,imappo,0.4911629557609558,-5.439223289489746,0.0002110370123374458,2629.0,,,,,,,,,,,,,,0.149349783261087,,,,,0.03146463632583618,0.006693837698549032
,imappo,,,,2629.0,0.0,0.0,0.3346918914012349,0.0,0.0,0.0,0.3333333432674408,0.0013585477872766205,0.0,0.0,0.0,0.0,0.0,,,,,,,
0.016365770250558853,imappo,3.7662880420684814,-2.4596705436706543,0.0002107369123041014,2630.0,,,,,,,,,,,,,,0.14921640546848947,,,,,0.03032902628183365,0.013360085897147655
,imappo,,,,2630.0,0.0,0.0,0.6680041917625203,0.0,0.0,0.0,0.6666666865348816,0.0013375052276387578,0.0,0.0,0.0,0.0,0.0,,,,,,,
0.024837525561451912,imappo,2.6214003562927246,-7.081486225128174,0.000210436812270757,2631.0,,,,,,,,,,,,,,0.14908302767589193,,,,,0.02734939008951187,0.0067195650190114975
,imappo,,,,2631.0,0.0,0.0,0.3359782540064771,0.0,0.0,0.0,0.3333333432674408,0.002644910739036277,0.0,0.0,0.0,0.0,0.0,,,,,,,
-0.00439874641597271,imappo,2.5232326984405518,-0.42755797505378723,0.00021013671223741248,2632.0,,,,,,,,,,,,,,0.1489496498832944,,,,,0.007596267387270927,3.17511148750782e-05
,imappo,,,,2632.0,0.0,0.0,0.0015875555475304282,0.0,0.0,0.0,0.0,0.0015875555475304282,0.0,0.0,0.0,0.0,0.0,,,,,,,
0.15664032101631165,imappo,1.1444095373153687,-5.855423450469971,0.00020983661220406807,2633.0,,,,,,,,,,,,,,0.14881627209069687,,,,,0.030925270169973373,0.006703296676278114
,imappo,,,,2633.0,0.0,0.0,0.33516485470136104,0.0,0.0,0.0,0.3333333432674408,0.001831511433920241,0.0,0.0,0.0,0.0,0.0,,,,,,,
-0.00779746612533927,imappo,2.0312230587005615,-0.28632014989852905,0.00020953651217072366,2634.0,,,,,,,,,,,,,,0.14868289429809933,,,,,0.0028142440132796764,1.4488101442111656e-05
,imappo,,,,2634.0,0.0,0.0,0.0007244050269434865,0.0,0.0,0.0,0.0,0.0007244050269434865,0.0,0.0,0.0,0.0,0.0,,,,,,,
-0.006875255145132542,imappo,3.3538095951080322,-1.9547648429870605,0.00020923641213737914,2635.0,,,,,,,,,,,,,,0.1485495165055018,,,,,0.026500608772039413,0.013372710905969143
,imappo,,,,2635.0,0.0,0.0,0.6686355318315691,0.0,0.0,0.0,0.6666666865348816,0.0019688056245286134,0.0,0.0,0.0,0.0,0.0,,,,,,,
0.004042518325150013,imappo,0.44535893201828003,-3.3794970512390137,0.00020893631210403473,2636.0,,,,,,,,,,,,,,0.14841613871290427,,,,,0.028333576396107674,0.00669882632791996
,imappo,,,,2636.0,0.0,0.0,0.3349413773952392,0.0,0.0,0.0,0.3333333432674408,0.0016080324143104008,0.0,0.0,0.0,0.0,0.0,,,,,,,
0.0029390223789960146,imappo,2.7647271156311035,-5.900068283081055,0.00020863621207069033,2637.0,,,,,,,,,,,,,,0.1482827609203068,,,,,0.03021833673119545,0.0067145610228180885
,imappo,,,,2637.0,0.0,0.0,0.33572803147262675,0.0,0.0,0.0,0.3333333432674408,0.0023946882051859575,0.0,0.0,0.0,0.0,0.0,,,,,,,
0.0017117888201028109,imappo,5.202505111694336,-2.069204568862915,0.0002083361120373458,2638.0,,,,,,,,,,,,,,0.1481493831277092,,,,,0.03158895671367645,0.0133676053956151
,imappo,,,,2638.0,0.0,0.0,0.6683801817943049,0.0,0.0,0.0,0.6666666865348816,0.0017135390756948254,0.0,0.0,0.0,0.0,0.0,,,,,,,
0.13246813416481018,imappo,2.870321035385132,-5.502351760864258,0.0002080360120040014,2639.0,,,,,,,,,,,,,,0.14801600533511167,,,,,0.031157568097114563,0.00671707047149539
,imappo,,,,2639.0,0.0,0.0,0.3358535140808385,0.0,0.0,0.0,0.3333333432674408,0.0025201708133977263,0.0,0.0,0.0,0.0,0.0,,,,,,,
-0.0003300948301330209,imappo,2.3264496326446533,-1.5555801391601562,0.00020773591197065689,2640.0,,,,,,,,,,,,,,0.14788262754251413,,,,,0.029778216034173965,0.013383066281676292
,imappo,,,,2640.0,0.0,0.0,0.669153273134043,0.0,0.0,0.0,0.6666666865348816,0.002486623066261018,0.0,0.0,0.0,0.0,0.0,,,,,,,
-0.008874312974512577,imappo,3.4312832355499268,-2.109606981277466,0.00020743581193731248,2641.0,,,,,,,,,,,,,,0.14774924974991666,,,,,0.029824087396264076,0.013361006043851376
,imappo,,,,2641.0,0.0,0.0,0.6680502597832856,0.0,0.0,0.0,0.6666666865348816,0.0013836064758834254,0.0,0.0,0.0,0.0,0.0,,,,,,,
-0.009196951054036617,imappo,2.4429070949554443,-1.958615779876709,0.00020713571190396807,2642.0,,,,,,,,,,,,,,0.14761587195731907,,,,,0.02868717536330223,0.013357230462133884
,imappo,,,,2642.0,0.0,0.0,0.667861518162681,0.0,0.0,0.0,0.6666666865348816,0.0011948206174565712,0.0,0.0,0.0,0.0,0.0,,,,,,,
0.05312129855155945,imappo,2.714564561843872,-5.751653671264648,0.00020683561187062355,2643.0,,,,,,,,,,,,,,0.14748249416472153,,,,,0.031224047765135765,0.006696703378111124
,imappo,,,,2643.0,0.0,0.0,0.334835182906545,0.0,0.0,0.0,0.3333333432674408,0.0015018694414266065,0.0,0.0,0.0,0.0,0.0,,,,,,,
0.05885845422744751,imappo,4.181197643280029,-6.235719680786133,0.00020653551183727914,2644.0,,,,,,,,,,,,,,0.147349116372124,,,,,0.02671682834625244,0.0067105647176504135
,imappo,,,,2644.0,0.0,0.0,0.3355282297104232,0.0,0.0,0.0,0.3333333432674408,0.002194886323838574,0.0,0.0,0.0,0.0,0.0,,,,,,,
-0.002402301412075758,imappo,1.8850537538528442,-1.977529525756836,0.00020623541180393474,2645.0,,,,,,,,,,,,,,0.14721573857952652,,,,,0.025994224473834038,0.013352010399103165
,imappo,,,,2645.0,0.0,0.0,0.6676005565445564,0.0,0.0,0.0,0.6666666865348816,0.0009339023058316798,0.0,0.0,0.0,0.0,0.0,,,,,,,
0.046283505856990814,imappo,3.521568536758423,-5.306056976318359,0.00020593531177059022,2646.0,,,,,,,,,,,,,,0.14708236078692893,,,,,0.030072923749685287,0.006704932078719139
,imappo,,,,2646.0,0.0,0.0,0.3352465806206055,0.0,0.0,0.0,0.3333333432674408,0.0019132373531647318,0.0,0.0,0.0,0.0,0.0,,,,,,,
0.27497270703315735,imappo,3.1435935497283936,-5.270885467529297,0.0002056352117372458,2647.0,,,,,,,,,,,,,,0.1469489829943314,,,,,0.029543455690145493,0.006704999599605799
,imappo,,,,2647.0,0.0,0.0,0.33524997006634294,0.0,0.0,0.0,0.3333333432674408,0.0019165969965797558,0.0,0.0,0.0,0.0,0.0,,,,,,,
0.010055924765765667,imappo,4.407580852508545,-2.0123095512390137,0.0002053351117039013,2648.0,,,,,,,,,,,,,,0.14681560520173387,,,,,0.03360741585493088,0.013369915075600147
,imappo,,,,2648.0,0.0,0.0,0.6684957133111311,0.0,0.0,0.0,0.6666666865348816,0.0018290263396920636,0.0,0.0,0.0,0.0,0.0,,,,,,,
-0.010608545504510403,imappo,4.972634792327881,-2.078442096710205,0.0002050350116705569,2649.0,,,,,,,,,,,,,,0.1466822274091364,,,,,0.03269603103399277,0.013368779793381691
,imappo,,,,2649.0,0.0,0.0,0.6684389308439904,0.0,0.0,0.0,0.6666666865348816,0.0017722343410468966,0.0,0.0,0.0,0.0,0.0,,,,,,,
0.03719140961766243,imappo,3.3702123165130615,-5.394049644470215,0.00020473491163721248,2650.0,,,,,,,,,,,,,,0.1465488496165388,,,,,0.030128024518489838,0.0066992188803851604
,imappo,,,,2650.0,0.0,0.0,0.3349609676442924,0.0,0.0,0.0,0.3333333432674408,0.001627652807655977,0.0,0.0,0.0,0.0,0.0,,,,,,,
0.04766986891627312,imappo,3.2346696853637695,-6.236645698547363,0.00020443481160386796,2651.0,,,,,,,,,,,,,,0.14641547182394127,,,,,0.029481716454029083,0.006705884821712971
,imappo,,,,2651.0,0.0,0.0,0.33529425639699184,0.0,0.0,0.0,0.3333333432674408,0.001960913129551045,0.0,0.0,0.0,0.0,0.0,,,,,,,
0.04210478067398071,imappo,2.7417213916778564,-2.464653968811035,0.00020413471157052355,2652.0,,,,,,,,,,,,,,0.1462820940313438,,,,,0.02970646508038044,0.013368923217058182
,imappo,,,,2652.0,0.0,0.0,0.6684461923232448,0.0,0.0,0.0,0.6666666865348816,0.0017795396724977763,0.0,0.0,0.0,0.0,0.0,,,,,,,
0.19717766344547272,imappo,4.098670482635498,-6.08200216293335,0.00020383461153717915,2653.0,,,,,,,,,,,,,,0.14614871623874626,,,,,0.02998058870434761,0.006699323188513517
,imappo,,,,2653.0,0.0,0.0,0.3349661573047342,0.0,0.0,0.0,0.3333333432674408,0.0016328140372934286,0.0,0.0,0.0,0.0,0.0,,,,,,,
0.09781995415687561,imappo,1.5677522420883179,-5.234620571136475,0.00020353451150383463,2654.0,,,,,,,,,,,,,,0.14601533844614867,,,,,0.02905622497200966,0.006695931777358055
,imappo,,,,2654.0,0.0,0.0,0.33479658244516486,0.0,0.0,0.0,0.3333333432674408,0.0014632391777240628,0.0,0.0,0.0,0.0,0.0,,,,,,,
0.002418287331238389,imappo,5.695672035217285,-2.7936599254608154,0.00020323441147049022,2655.0,,,,,,,,,,,,,,0.14588196065355113,,,,,0.0294228233397007,0.013359728269279003
,imappo,,,,2655.0,0.0,0.0,0.6679864260798922,0.0,0.0,0.0,0.6666666865348816,0.0013197329020613324,0.0,0.0,0.0,0.0,0.0,,,,,,,
0.19570182263851166,imappo,2.8865058422088623,-5.4028215408325195,0.0002029343114371458,2656.0,,,,,,,,,,,,,,0.14574858286095366,,,,,0.029371067881584167,0.006691762711852789
,imappo,,,,2656.0,0.0,0.0,0.3345881389277565,0.0,0.0,0.0,0.3333333432674408,0.0012547956603157218,0.0,0.0,0.0,0.0,0.0,,,,,,,
-0.0013582748360931873,imappo,4.075908660888672,-2.5811402797698975,0.0002026342114038013,2657.0,,,,,,,,,,,,,,0.14561520506835612,,,,,0.03165510669350624,0.013354283757507801
,imappo,,,,2657.0,0.0,0.0,0.6677141827906325,0.0,0.0,0.0,0.6666666865348816,0.0010475260580733448,0.0,0.0,0.0,0.0,0.0,,,,,,,
-0.001052893465384841,imappo,4.607934951782227,-2.875385284423828,0.0002023341113704569,2658.0,,,,,,,,,,,,,,0.14548182727575854,,,,,0.02860739454627037,0.013358118943870068
,imappo,,,,2658.0,0.0,0.0,0.6679060328697233,0.0,0.0,0.0,0.6666666865348816,0.0012393836168484995,0.0,0.0,0.0,0.0,0.0,,,,,,,
0.25828829407691956,imappo,3.3730156421661377,-6.198205471038818,0.00020203401133711237,2659.0,,,,,,,,,,,,,,0.145348449483161,,,,,0.02870204672217369,0.006696698721498251
,imappo,,,,2659.0,0.0,0.0,0.33483491202241566,0.0,0.0,0.0,0.3333333432674408,0.001501568754974869,0.0,0.0,0.0,0.0,0.0,,,,,,,
0.08248541504144669,imappo,2.4099414348602295,-5.333196640014648,0.00020173391130376796,2660.0,,,,,,,,,,,,,,0.14521507169056352,,,,,0.028571458533406258,0.006692166905850172
,imappo,,,,2660.0,0.0,0.0,0.3346083850119612,0.0,0.0,0.0,0.3333333432674408,0.0012750715468428098,0.0,0.0,0.0,0.0,0.0,,,,,,,
0.006551632657647133,imappo,1.6610171794891357,-2.5695459842681885,0.00020143381127042356,2661.0,,,,,,,,,,,,,,0.145081693897966,,,,,0.02899903431534767,0.013360337354242802
,imappo,,,,2661.0,0.0,0.0,0.6680168335324197,0.0,0.0,0.0,0.6666666865348816,0.0013501450985131669,0.0,0.0,0.0,0.0,0.0,,,,,,,
0.22824934124946594,imappo,3.6845321655273438,-6.0025200843811035,0.00020113371123707904,2662.0,,,,,,,,,,,,,,0.1449483161053684,,,,,0.02953120693564415,0.006689803674817085
,imappo,,,,2662.0,0.0,0.0,0.33449019251838763,0.0,0.0,0.0,0.3333333432674408,0.0011568492509468342,0.0,0.0,0.0,0.0,0.0,,,,,,,
-0.004903080407530069,imappo,2.7806453704833984,-2.5830326080322266,0.00020083361120373452,2663.0,,,,,,,,,,,,,,0.14481493831277087,,,,,0.03423342853784561,0.013360047712922096
,imappo,,,,2663.0,0.0,0.0,0.6680024010695433,0.0,0.0,0.0,0.6666666865348816,0.0013357060990983882,0.0,0.0,0.0,0.0,0.0,,,,,,,
0.00011415910557843745,imappo,2.557178258895874,-2.470219612121582,0.00020053351117039022,2664.0,,,,,,,,,,,,,,0.1446815605201734,,,,,0.029471026733517647,0.013356905430555344
,imappo,,,,2664.0,0.0,0.0,0.6678452766708176,0.0,0.0,0.0,0.6666666865348816,0.0011785576560612299,0.0,0.0,0.0,0.0,0.0,,,,,,,
-0.0035606790333986282,imappo,0.6126054525375366,-1.9566855430603027,0.0002002334111370457,2665.0,,,,,,,,,,,,,,0.14454818272757586,,,,,0.03090650774538517,0.013357963413000107
,imappo,,,,2665.0,0.0,0.0,0.6678981547220246,0.0,0.0,0.0,0.6666666865348816,0.0012314737459746539,0.0,0.0,0.0,0.0,0.0,,,,,,,
0.001185898669064045,imappo,0.17912061512470245,-2.571291208267212,0.0001999333111037013,2666.0,,,,,,,,,,,,,,0.14441480493497827,,,,,0.032474249601364136,0.013360586017370224
,imappo,,,,2666.0,0.0,0.0,0.6680291984729365,0.0,0.0,0.0,0.6666666865348816,0.0013625107702637251,0.0,0.0,0.0,0.0,0.0,,,,,,,
0.0861320048570633,imappo,5.960507392883301,-5.899956703186035,0.0001996332110703569,2667.0,,,,,,,,,,,,,,0.1442814271423808,,,,,0.026390595361590385,0.0066930633038282394
,imappo,,,,2667.0,0.0,0.0,0.33465316693627756,0.0,0.0,0.0,0.3333333432674408,0.0013198236688367615,0.0,0.0,0.0,0.0,0.0,,,,,,,
0.00480016740038991,imappo,0.04285380244255066,-2.2894275188446045,0.00019933311103701237,2668.0,,,,,,,,,,,,,,0.14414804934978326,,,,,0.030539797618985176,0.013352726586163044
,imappo,,,,2668.0,0.0,0.0,0.6676363176193831,0.0,0.0,0.0,0.6666666865348816,0.0009696680027104776,0.0,0.0,0.0,0.0,0.0,,,,,,,
0.045092444866895676,imappo,8.310186386108398,-6.071876049041748,0.00019903301100366796,2669.0,,,,,,,,,,,,,,0.14401467155718572,,,,,0.028196536004543304,0.006691308692097664
,imappo,,,,2669.0,0.0,0.0,0.3345654032373204,0.0,0.0,0.0,0.3333333432674408,0.0012320599698796286,0.0,0.0,0.0,0.0,0.0,,,,,,,
-0.006108779460191727,imappo,0.00934305228292942,-2.34938645362854,0.00019873291097032345,2670.0,,,,,,,,,,,,,,0.14388129376458814,,,,,0.02946743369102478,0.013351206667721272
,imappo,,,,2670.0,0.0,0.0,0.6675604125478003,0.0,0.0,0.0,0.6666666865348816,0.0008937345476169867,0.0,0.0,0.0,0.0,0.0,,,,,,,
0.020465685054659843,imappo,0.7511417865753174,-2.633847713470459,0.00019843281093697904,2671.0,,,,,,,,,,,,,,0.14374791597199066,,,,,0.029885469004511833,0.013357528485357761
,imappo,,,,2671.0,0.0,0.0,0.6678762909746752,0.0,0.0,0.0,0.6666666865348816,0.0012096294818206843,0.0,0.0,0.0,0.0,0.0,,,,,,,
0.2603606879711151,imappo,11.413363456726074,-6.36865758895874,0.00019813271090363463,2672.0,,,,,,,,,,,,,,0.14361453817939313,,,,,0.026212062686681747,0.006698594894260168
,imappo,,,,2672.0,0.0,0.0,0.334929698567521,0.0,0.0,0.0,0.3333333432674408,0.0015963553000801767,0.0,0.0,0.0,0.0,0.0,,,,,,,
0.27458032965660095,imappo,10.89113998413086,-6.493161678314209,0.00019783261087029012,2673.0,,,,,,,,,,,,,,0.1434811603867956,,,,,0.03074960969388485,0.006697703152894974
,imappo,,,,2673.0,0.0,0.0,0.3348851391833705,0.0,0.0,0.0,0.3333333432674408,0.0015518007498940278,0.0,0.0,0.0,0.0,0.0,,,,,,,
-0.0014503325801342726,imappo,2.06644868850708,-2.7025303840637207,0.0001975325108369456,2674.0,,,,,,,,,,,,,,0.143347782594198,,,,,0.028755739331245422,0.013358894735574722
,imappo,,,,2674.0,0.0,0.0,0.6679447667229397,0.0,0.0,0.0,0.6666666865348816,0.0012780939832737204,0.0,0.0,0.0,0.0,0.0,,,,,,,
0.16573989391326904,imappo,11.89725112915039,-6.362440586090088,0.0001972324108036013,2675.0,,,,,,,,,,,,,,0.14321440480160053,,,,,0.02463151142001152,0.006699280347675085
,imappo,,,,2675.0,0.0,0.0,0.33496402068681164,0.0,0.0,0.0,0.3333333432674408,0.001630647617048453,0.0,0.0,0.0,0.0,0.0,,,,,,,
0.0010390754323452711,imappo,0.14489108324050903,-2.3669240474700928,0.00019693231077025678,2676.0,,,,,,,,,,,,,,0.143081027009003,,,,,0.029482204467058182,0.013349088840186596
,imappo,,,,2676.0,0.0,0.0,0.6674543877868473,0.0,0.0,0.0,0.6666666865348816,0.0007876939105244674,0.0,0.0,0.0,0.0,0.0,,,,,,,
0.144766703248024,imappo,12.322772979736328,-6.445354461669922,0.00019663221073691237,2677.0,,,,,,,,,,,,,,0.14294764921640546,,,,,0.028994210064411163,0.006696155294775963
,imappo,,,,2677.0,0.0,0.0,0.3348077472182922,0.0,0.0,0.0,0.3333333432674408,0.0014744039508514106,0.0,0.0,0.0,0.0,0.0,,,,,,,
-0.008127423003315926,imappo,0.018390629440546036,-2.2969424724578857,0.00019633211070356786,2678.0,,,,,,,,,,,,,,0.14281427142380787,,,,,0.02986280992627144,0.013356616720557213
,imappo,,,,2678.0,0.0,0.0,0.6678308394825763,0.0,0.0,0.0,0.6666666865348816,0.0011641432761280157,0.0,0.0,0.0,0.0,0.0,,,,,,,
0.01260057371109724,imappo,0.007893401198089123,-2.3937647342681885,0.00019603201067022345,2679.0,,,,,,,,,,,,,,0.1426808936312104,,,,,0.02921210043132305,0.013356504030525684
,imappo,,,,2679.0,0.0,0.0,0.6678252421406796,0.0,0.0,0.0,0.6666666865348816,0.0011585881657083519,0.0,0.0,0.0,0.0,0.0,,,,,,,
-0.0030367381405085325,imappo,0.03689700737595558,-2.4725356101989746,0.00019573191063687904,2680.0,,,,,,,,,,,,,,0.14254751583861286,,,,,0.027068933472037315,0.013347649946808815
,imappo,,,,2680.0,0.0,0.0,0.6673824745752199,0.0,0.0,0.0,0.6666666865348816,0.0007157946687357253,0.0,0.0,0.0,0.0,0.0,,,,,,,
-0.015221910551190376,imappo,0.0014274040004238486,-2.166719436645508,0.00019543181060353452,2681.0,,,,,,,,,,,,,,0.14241413804601533,,,,,0.02318599447607994,0.006682532373815775
,imappo,,,,2681.0,0.0,0.0,0.33412661694652,0.0,0.0,0.0,0.3333333432674408,0.0007932744776155687,0.0,0.0,0.0,0.0,0.0,,,,,,,
-0.006148200947791338,imappo,0.000150007545016706,-0.6399672031402588,0.00019513171057019012,2682.0,,,,,,,,,,,,,,0.1422807602534178,,,,,0.008494969457387924,3.4070992114720866e-05
,imappo,,,,2682.0,0.0,0.0,0.0017035496100561431,0.0,0.0,0.0,0.0,0.0017035496100561431,0.0,0.0,0.0,0.0,0.0,,,,,,,
0.04805803298950195,imappo,0.7169522643089294,-2.5738632678985596,0.0001948316105368457,2683.0,,,,,,,,,,,,,,0.14214738246082026,,,,,0.028826488181948662,0.01336225401610136
,imappo,,,,2683.0,0.0,0.0,0.6681126890171072,0.0,0.0,0.0,0.6666666865348816,0.0014460029105975991,0.0,0.0,0.0,0.0,0.0,,,,,,,
0.030604442581534386,imappo,0.009008772671222687,-2.6426312923431396,0.0001945315105035012,2684.0,,,,,,,,,,,,,,0.14201400466822273,,,,,0.034142158925533295,0.013367926701903343
,imappo,,,,2684.0,0.0,0.0,0.668396242588642,0.0,0.0,0.0,0.6666666865348816,0.0017295858560828492,0.0,0.0,0.0,0.0,0.0,,,,,,,
0.012012973427772522,imappo,0.20515835285186768,-3.3540267944335938,0.00019423141047015668,2685.0,,,,,,,,,,,,,,0.1418806268756252,,,,,0.02825832925736904,0.013369310647249222
,imappo,,,,2685.0,0.0,0.0,0.6684655829237727,0.0,0.0,0.0,0.6666666865348816,0.0017988963888910803,0.0,0.0,0.0,0.0,0.0,,,,,,,
0.023139333352446556,imappo,0.07035771012306213,-3.47882080078125,0.00019393131043681238,2686.0,,,,,,,,,,,,,,0.14174724908302766,,,,,0.030649293214082718,0.013378786854445934
,imappo,,,,2686.0,0.0,0.0,0.6689393994932971,0.0,0.0,0.0,0.6666666865348816,0.002272712958415468,0.0,0.0,0.0,0.0,0.0,,,,,,,
0.004959978628903627,imappo,0.0020381922367960215,-2.477428436279297,0.00019363121040346786,2687.0,,,,,,,,,,,,,,0.14161387129043013,,,,,0.02821621671319008,0.013347668573260307
,imappo,,,,2687.0,0.0,0.0,0.6673834089201591,0.0,0.0,0.0,0.6666666865348816,0.0007167214193941618,0.0,0.0,0.0,0.0,0.0,,,,,,,
0.001824433682486415,imappo,0.0011829097056761384,-2.6172280311584473,0.00019333111037012345,2688.0,,,,,,,,,,,,,,0.1414804934978326,,,,,0.031529150903224945,0.013358572497963905
,imappo,,,,2688.0,0.0,0.0,0.6679286495118504,0.0,0.0,0.0,0.6666666865348816,0.0012619987237485475,0.0,0.0,0.0,0.0,0.0,,,,,,,
0.0887792780995369,imappo,0.0005691261030733585,-2.2642436027526855,0.00019303101033677893,2689.0,,,,,,,,,,,,,,0.14134711570523506,,,,,0.030949782580137253,0.013362224213778973
,imappo,,,,2689.0,0.0,0.0,0.668111216721627,0.0,0.0,0.0,0.6666666865348816,0.0014445620045080432,0.0,0.0,0.0,0.0,0.0,,,,,,,
0.07477641105651855,imappo,0.000724268495105207,-3.501147508621216,0.00019273091030343453,2690.0,,,,,,,,,,,,,,0.14121373791263753,,,,,0.03126544505357742,0.01336622703820467
,imappo,,,,2690.0,0.0,0.0,0.6683113456838328,0.0,0.0,0.0,0.6666666865348816,0.0016446591489511775,0.0,0.0,0.0,0.0,0.0,,,,,,,
0.04751213267445564,imappo,0.0007516562473028898,-3.4542253017425537,0.00019243081027009012,2691.0,,,,,,,,,,,,,,0.14108036012004,,,,,0.02481314167380333,0.013368615880608559
,imappo,,,,2691.0,0.0,0.0,0.6684307501263902,0.0,0.0,0.0,0.6666666865348816,0.0017640635915086023,0.0,0.0,0.0,0.0,0.0,,,,,,,
0.008693784475326538,imappo,0.0002823720860760659,-2.738029718399048,0.0001921307102367456,2692.0,,,,,,,,,,,,,,0.14094698232744246,,,,,0.030155114829540253,0.013359852135181427
,imappo,,,,2692.0,0.0,0.0,0.6679926069427893,0.0,0.0,0.0,0.6666666865348816,0.001325920407907688,0.0,0.0,0.0,0.0,0.0,,,,,,,
-0.010967381298542023,imappo,0.0001653839717619121,-3.0894153118133545,0.00019183061020340108,2693.0,,,,,,,,,,,,,,0.14081360453484493,,,,,0.029082130640745163,0.013358274474740028
,imappo,,,,2693.0,0.0,0.0,0.6679137653354701,0.0,0.0,0.0,0.6666666865348816,0.0012470820311136777,0.0,0.0,0.0,0.0,0.0,,,,,,,
0.008851848542690277,imappo,0.0008214504923671484,-3.4943180084228516,0.00019153051017005678,2694.0,,,,,,,,,,,,,,0.1406802267422474,,,,,0.02349189855158329,0.013367127627134323
,imappo,,,,2694.0,0.0,0.0,0.6683563661797507,0.0,0.0,0.0,0.6666666865348816,0.0016896748463750555,0.0,0.0,0.0,0.0,0.0,,,,,,,
0.05422643572092056,imappo,0.0010333167156204581,-3.6218602657318115,0.00019123041013671227,2695.0,,,,,,,,,,,,,,0.14054684894964986,,,,,0.030330710113048553,0.013366511091589928
,imappo,,,,2695.0,0.0,0.0,0.6683255941798052,0.0,0.0,0.0,0.6666666865348816,0.0016589076449236018,0.0,0.0,0.0,0.0,0.0,,,,,,,
-0.014806080609560013,imappo,0.00027084865723736584,-2.501955270767212,0.00019093031010336775,2696.0,,,,,,,,,,,,,,0.14041347115705233,,,,,0.02753523364663124,0.013342988677322865
,imappo,,,,2696.0,0.0,0.0,0.6671495056112349,0.0,0.0,0.0,0.6666666865348816,0.00048282297626656145,0.0,0.0,0.0,0.0,0.0,,,,,,,
0.0717109739780426,imappo,0.0003065374039579183,-2.5420331954956055,0.00019063021007002345,2697.0,,,,,,,,,,,,,,0.1402800933644548,,,,,0.03368578106164932,0.013360343873500824
,imappo,,,,2697.0,0.0,0.0,0.6680172210478759,0.0,0.0,0.0,0.6666666865348816,0.0013505345129942725,0.0,0.0,0.0,0.0,0.0,,,,,,,
0.04226984456181526,imappo,0.00017828539421316236,-2.1494815349578857,0.00019033011003667894,2698.0,,,,,,,,,,,,,,0.14014671557185726,,,,,0.03268803283572197,0.013361646793782711
,imappo,,,,2698.0,0.0,0.0,0.668082307689474,0.0,0.0,0.0,0.6666666865348816,0.0014156173238006886,0.0,0.0,0.0,0.0,0.0,,,,,,,
0.15522734820842743,imappo,0.0006464470061473548,-3.522045850753784,0.00019003001000333453,2699.0,,,,,,,,,,,,,,0.14001333777925973,,,,,0.028989221900701523,0.013367908075451851
,imappo,,,,2699.0,0.0,0.0,0.6683953855526852,0.0,0.0,0.0,0.6666666865348816,0.0017286692154812044,0.0,0.0,0.0,0.0,0.0,,,,,,,
,imappo,,,,2699.0,,,,,,,,,,,,,,,0.0,0.0,0.6666666865348816,0.0,,
0.005270139314234257,imappo,0.0003643038508016616,-2.1317567825317383,0.00018972990996999,2700.0,,,,,,,,,,,,,,0.1398799599866622,,,,,0.03093656897544861,0.013360107317566872
,imappo,,,,2700.0,0.0,0.0,0.6680052643355339,0.0,0.0,0.0,0.6666666865348816,0.0013385866081989661,0.0,0.0,0.0,0.0,0.0,,,,,,,
-0.014967989176511765,imappo,0.00032478972570970654,-2.2181172370910645,0.0001894298099366456,2701.0,,,,,,,,,,,,,,0.13974658219406466,,,,,0.02578556537628174,0.01334279216825962
,imappo,,,,2701.0,0.0,0.0,0.6671395034680643,0.0,0.0,0.0,0.6666666865348816,0.00047281635110607567,0.0,0.0,0.0,0.0,0.0,,,,,,,
0.01668485254049301,imappo,0.0004710080975200981,-3.3275625705718994,0.0001891297099033012,2702.0,,,,,,,,,,,,,,0.13961320440146713,,,,,0.02927820011973381,0.013365400955080986
,imappo,,,,2702.0,0.0,0.0,0.6682700538772224,0.0,0.0,0.0,0.6666666865348816,0.001603367476946005,0.0,0.0,0.0,0.0,0.0,,,,,,,
0.06193876639008522,imappo,0.0003284148988313973,-3.4114186763763428,0.00018882960986995668,2703.0,,,,,,,,,,,,,,0.1394798266088696,,,,,0.02421025186777115,0.013365792110562325
,imappo,,,,2703.0,0.0,0.0,0.6682895872845052,0.0,0.0,0.0,0.6666666865348816,0.0016229007496235681,0.0,0.0,0.0,0.0,0.0,,,,,,,
0.034990835934877396,imappo,0.0001685910247033462,-2.534508228302002,0.00018852950983661216,2704.0,,,,,,,,,,,,,,0.13934644881627206,,,,,0.032632939517498016,0.013361135497689247
,imappo,,,,2704.0,0.0,0.0,0.6680568344750668,0.0,0.0,0.0,0.6666666865348816,0.0013901436291803293,0.0,0.0,0.0,0.0,0.0,,,,,,,
0.005169857293367386,imappo,0.00013635397772304714,-2.075622320175171,0.00018822940980326786,2705.0,,,,,,,,,,,,,,0.13921307102367453,,,,,0.02996196039021015,0.013356927782297134
,imappo,,,,2705.0,0.0,0.0,0.667846387544472,0.0,0.0,0.0,0.6666666865348816,0.0011796982083467356,0.0,0.0,0.0,0.0,0.0,,,,,,,
-0.006442956160753965,imappo,0.0020094553474336863,-2.9913671016693115,0.00018792930976992334,2706.0,,,,,,,,,,,,,,0.139079693231077,,,,,0.02485148049890995,1.8123755580745637e-05
,imappo,,,,2706.0,0.0,0.0,0.0009061877400426965,0.0,0.0,0.0,0.0,0.0009061877400426965,0.0,0.0,0.0,0.0,0.0,,,,,,,
-0.00874590128660202,imappo,0.00014310282131191343,-1.946498990058899,0.00018762920973657883,2707.0,,,,,,,,,,,,,,0.13894631543847946,,,,,0.030241621658205986,0.013359502889215946
,imappo,,,,2707.0,0.0,0.0,0.6679751274587034,0.0,0.0,0.0,0.6666666865348816,0.001308412111029611,0.0,0.0,0.0,0.0,0.0,,,,,,,
-0.004568225238472223,imappo,8.529833576176316e-05,-2.2463247776031494,0.00018732910970323442,2708.0,,,,,,,,,,,,,,0.13881293764588193,,,,,0.031238682568073273,0.013353667221963406
,imappo,,,,2708.0,0.0,0.0,0.6676833428567193,0.0,0.0,0.0,0.6666666865348816,0.0010166670102194075,0.0,0.0,0.0,0.0,0.0,,,,,,,
0.003870550077408552,imappo,8.403743413509801e-05,-2.097891330718994,0.00018702900966989,2709.0,,,,,,,,,,,,,,0.1386795598532844,,,,,0.03122660145163536,0.013354510068893433
,imappo,,,,2709.0,0.0,0.0,0.6677254659280152,0.0,0.0,0.0,0.6666666865348816,0.0010587979249976343,0.0,0.0,0.0,0.0,0.0,,,,,,,
-0.009871438145637512,imappo,9.472107194596902e-05,-1.812645435333252,0.0001867289096365456,2710.0,,,,,,,,,,,,,,0.13854618206068686,,,,,0.027923954650759697,0.013345753774046898
,imappo,,,,2710.0,0.0,0.0,0.6672877055095796,0.0,0.0,0.0,0.6666666865348816,0.0006210462486251345,0.0,0.0,0.0,0.0,0.0,,,,,,,
-0.0005289484979584813,imappo,6.834742816863582e-05,-1.943888545036316,0.0001864288096032011,2711.0,,,,,,,,,,,,,,0.13841280426808933,,,,,0.029656969010829926,0.013359877280890942
,imappo,,,,2711.0,0.0,0.0,0.6679937467083619,0.0,0.0,0.0,0.6666666865348816,0.0013270899758026644,0.0,0.0,0.0,0.0,0.0,,,,,,,
0.02387859858572483,imappo,16.204235076904297,-5.082977771759033,0.00018612870956985668,2712.0,,,,,,,,,,,,,,0.13827942647549185,,,,,0.03034306690096855,0.0066865552216768265
,imappo,,,,2712.0,0.0,0.0,0.3343277205325208,0.0,0.0,0.0,0.3333333432674408,0.0009943772650800042,0.0,0.0,0.0,0.0,0.0,,,,,,,
0.0891108587384224,imappo,18.231477737426758,-5.511134624481201,0.00018582860953651227,2713.0,,,,,,,,,,,,,,0.13814604868289426,,,,,0.02668556198477745,0.006699474062770605
,imappo,,,,2713.0,0.0,0.0,0.33497370895838685,0.0,0.0,0.0,0.3333333432674408,0.0016404042244175798,0.0,0.0,0.0,0.0,0.0,,,,,,,
-0.004144520498812199,imappo,0.015754416584968567,-2.131512403488159,0.00018552850950316775,2714.0,,,,,,,,,,,,,,0.13801267089029673,,,,,0.02733750268816948,0.013349246233701706
,imappo,,,,2714.0,0.0,0.0,0.6674622648412765,0.0,0.0,0.0,0.6666666865348816,0.0007955854977694798,0.0,0.0,0.0,0.0,0.0,,,,,,,
0.4120931625366211,imappo,28.95777130126953,-7.001561641693115,0.00018522840946982324,2715.0,,,,,,,,,,,,,,0.1378792930976992,,,,,0.02687695622444153,0.006710501853376627
,imappo,,,,2715.0,0.0,0.0,0.3355250840613735,0.0,0.0,0.0,0.3333333432674408,0.002191740793932695,0.0,0.0,0.0,0.0,0.0,,,,,,,
0.021145660430192947,imappo,0.20145438611507416,-2.794954538345337,0.00018492830943647894,2716.0,,,,,,,,,,,,,,0.13774591530510172,,,,,0.02843473106622696,0.01335861999541521
,imappo,,,,2716.0,0.0,0.0,0.6679310304989485,0.0,0.0,0.0,0.6666666865348816,0.0012643562427001598,0.0,0.0,0.0,0.0,0.0,,,,,,,
-0.003015508409589529,imappo,0.00511236721649766,-1.6811894178390503,0.00018462820940313442,2717.0,,,,,,,,,,,,,,0.13761253751250413,,,,,0.026083465665578842,0.013344909995794296
,imappo,,,,2717.0,0.0,0.0,0.6672455336390044,0.0,0.0,0.0,0.6666666865348816,0.0005788565162561099,0.0,0.0,0.0,0.0,0.0,,,,,,,
0.03972184658050537,imappo,17.909805297851562,-5.215010166168213,0.00018432810936979,2718.0,,,,,,,,,,,,,,0.1374791597199066,,,,,0.028152622282505035,0.0066926134750247
,imappo,,,,2718.0,0.0,0.0,0.33463068292803655,0.0,0.0,0.0,0.3333333432674408,0.0012973396605957532,0.0,0.0,0.0,0.0,0.0,,,,,,,
0.03898359462618828,imappo,0.0804038941860199,-3.1473705768585205,0.0001840280093364455,2719.0,,,,,,,,,,,,,,0.13734578192730906,,,,,0.03260645642876625,0.01336829736828804
,imappo,,,,2719.0,0.0,0.0,0.6684149039606382,0.0,0.0,0.0,0.6666666865348816,0.0017482057537563378,0.0,0.0,0.0,0.0,0.0,,,,,,,
0.06468059122562408,imappo,0.14262597262859344,-3.1270875930786133,0.0001837279093031011,2720.0,,,,,,,,,,,,,,0.13721240413471159,,,,,0.0315103754401207,0.013374601490795612
,imappo,,,,2720.0,0.0,0.0,0.6687301224028488,0.0,0.0,0.0,0.6666666865348816,0.0020634385828088853,0.0,0.0,0.0,0.0,0.0,,,,,,,
0.008716084063053131,imappo,0.005764663685113192,-2.365196943283081,0.00018342780926975668,2721.0,,,,,,,,,,,,,,0.137079026342114,,,,,0.03345181792974472,0.0133665194734931
,imappo,,,,2721.0,0.0,0.0,0.6683259685660232,0.0,0.0,0.0,0.6666666865348816,0.001659282031141629,0.0,0.0,0.0,0.0,0.0,,,,,,,
0.12638500332832336,imappo,0.007341197691857815,-3.2715280055999756,0.00018312770923641216,2722.0,,,,,,,,,,,,,,0.13694564854951646,,,,,0.031012356281280518,0.013366367667913437
,imappo,,,,2722.0,0.0,0.0,0.6683183517579891,0.0,0.0,0.0,0.6666666865348816,0.0016516632913408102,0.0,0.0,0.0,0.0,0.0,,,,,,,
0.11302951723337173,imappo,0.008695315569639206,-3.249164342880249,0.00018282760920306765,2723.0,,,,,,,,,,,,,,0.13681227075691893,,,,,0.03040025569498539,0.013365224935114384
,imappo,,,,2723.0,0.0,0.0,0.6682613183365902,0.0,0.0,0.0,0.6666666865348816,0.0015946318017086014,0.0,0.0,0.0,0.0,0.0,,,,,,,
0.049069371074438095,imappo,0.010421664454042912,-2.394629955291748,0.00018252750916972335,2724.0,,,,,,,,,,,,,,0.13667889296432145,,,,,0.03167174756526947,0.013352618552744389
,imappo,,,,2724.0,0.0,0.0,0.6676308477863131,0.0,0.0,0.0,0.6666666865348816,0.0009641612514315057,0.0,0.0,0.0,0.0,0.0,,,,,,,
0.02303491160273552,imappo,0.011935175396502018,-2.4990739822387695,0.00018222740913637883,2725.0,,,,,,,,,,,,,,0.13654551517172386,,,,,0.027890298515558243,0.013357489369809628
,imappo,,,,2725.0,0.0,0.0,0.6678744956261653,0.0,0.0,0.0,0.6666666865348816,0.0012078068702976452,0.0,0.0,0.0,0.0,0.0,,,,,,,
0.030770687386393547,imappo,21.5523681640625,-6.204838752746582,0.00018192730910303431,2726.0,,,,,,,,,,,,,,0.13641213737912633,,,,,0.024660121649503708,0.006700682453811169
,imappo,,,,2726.0,0.0,0.0,0.3350341079396486,0.0,0.0,0.0,0.3333333432674408,0.0017007646722078107,0.0,0.0,0.0,0.0,0.0,,,,,,,
-0.007837165147066116,imappo,0.00012723775580525398,-2.9572219848632812,0.00018162720906969001,2727.0,,,,,,,,,,,,,,0.13627875958652885,,,,,0.02113933302462101,1.7246424249606207e-05
,imappo,,,,2727.0,0.0,0.0,0.0008623212147540471,0.0,0.0,0.0,0.0,0.0008623212147540471,0.0,0.0,0.0,0.0,0.0,,,,,,,
0.028476165607571602,imappo,0.015263950452208519,-2.0322227478027344,0.0001813271090363455,2728.0,,,,,,,,,,,,,,0.13614538179393132,,,,,0.03290634602308273,0.013362854719161987
,imappo,,,,2728.0,0.0,0.0,0.668142772976978,0.0,0.0,0.0,0.6666666865348816,0.001476119795086106,0.0,0.0,0.0,0.0,0.0,,,,,,,
0.015431604348123074,imappo,0.014512605965137482,-2.3282077312469482,0.0001810270090030011,2729.0,,,,,,,,,,,,,,0.13601200400133373,,,,,0.027461960911750793,0.01335560530424118
,imappo,,,,2729.0,0.0,0.0,0.6677802685462666,0.0,0.0,0.0,0.6666666865348816,0.001113561678721453,0.0,0.0,0.0,0.0,0.0,,,,,,,
0.002440081676468253,imappo,0.015716539695858955,-2.222759246826172,0.00018072690896965657,2730.0,,,,,,,,,,,,,,0.1358786262087362,,,,,0.03033285215497017,0.013361087068915367
,imappo,,,,2730.0,0.0,0.0,0.6680544011065876,0.0,0.0,0.0,0.6666666865348816,0.0013877081252076096,0.0,0.0,0.0,0.0,0.0,,,,,,,
0.00378139759413898,imappo,0.04603557288646698,-3.0062103271484375,0.00018042680893631217,2731.0,,,,,,,,,,,,,,0.13574524841613872,,,,,0.029475819319486618,0.013365162536501884
,imappo,,,,2731.0,0.0,0.0,0.6682581294705869,0.0,0.0,0.0,0.6666666865348816,0.0015914727380277327,0.0,0.0,0.0,0.0,0.0,,,,,,,
-0.0002844040282070637,imappo,0.01686631515622139,-2.946726083755493,0.00018012670890296776,2732.0,,,,,,,,,,,,,,0.1356118706235412,,,,,0.024724945425987244,0.013362366706132889
,imappo,,,,2732.0,0.0,0.0,0.6681182849302179,0.0,0.0,0.0,0.6666666865348816,0.0014515983953362621,0.0,0.0,0.0,0.0,0.0,,,,,,,
-0.0055178077891469,imappo,0.018178032711148262,-1.7674235105514526,0.00017982660886962324,2733.0,,,,,,,,,,,,,,0.1354784928309436,,,,,0.02869378589093685,0.013344270177185535
,imappo,,,,2733.0,0.0,0.0,0.6672134473736833,0.0,0.0,0.0,0.6666666865348816,0.0005467569279744566,0.0,0.0,0.0,0.0,0.0,,,,,,,
-0.00044438574695959687,imappo,0.019404593855142593,-2.282270908355713,0.00017952650883627872,2734.0,,,,,,,,,,,,,,0.13534511503834606,,,,,0.028070807456970215,0.013347018510103226
,imappo,,,,2734.0,0.0,0.0,0.6673509676115827,0.0,0.0,0.0,0.6666666865348816,0.000684273444221617,0.0,0.0,0.0,0.0,0.0,,,,,,,
0.09996991604566574,imappo,20.525049209594727,-5.724169731140137,0.00017922640880293442,2735.0,,,,,,,,,,,,,,0.1352117372457486,,,,,0.02664211392402649,0.006696545984596014
,imappo,,,,2735.0,0.0,0.0,0.3348273267001787,0.0,0.0,0.0,0.3333333432674408,0.0014939789580239449,0.0,0.0,0.0,0.0,0.0,,,,,,,
0.02558574266731739,imappo,0.02280486561357975,-2.4068214893341064,0.0001789263087695899,2736.0,,,,,,,,,,,,,,0.13507835945315105,,,,,0.030802804976701736,0.013362078927457333
,imappo,,,,2736.0,0.0,0.0,0.6681039561107127,0.0,0.0,0.0,0.6666666865348816,0.0014372695758311238,0.0,0.0,0.0,0.0,0.0,,,,,,,
0.023941107094287872,imappo,0.020046379417181015,-2.2858686447143555,0.0001786262087362454,2737.0,,,,,,,,,,,,,,0.13494498166055346,,,,,0.030978921800851822,0.013355045579373837
,imappo,,,,2737.0,0.0,0.0,0.6677523201490203,0.0,0.0,0.0,0.6666666865348816,0.0010856373830847588,0.0,0.0,0.0,0.0,0.0,,,,,,,
-0.0019582693930715322,imappo,0.020357543602585793,-2.229999303817749,0.00017832610870290098,2738.0,,,,,,,,,,,,,,0.13481160386795593,,,,,0.032386332750320435,0.01336284913122654
,imappo,,,,2738.0,0.0,0.0,0.6681424147907364,0.0,0.0,0.0,0.6666666865348816,0.0014757410724541842,0.0,0.0,0.0,0.0,0.0,,,,,,,
-0.008028343319892883,imappo,0.016404958441853523,-2.3188436031341553,0.00017802600866955657,2739.0,,,,,,,,,,,,,,0.13467822607535845,,,,,0.030383404344320297,0.01335547212511301
,imappo,,,,2739.0,0.0,0.0,0.6677735781504452,0.0,0.0,0.0,0.6666666865348816,0.0011068705116485944,0.0,0.0,0.0,0.0,0.0,,,,,,,
0.013722341507673264,imappo,0.011472520418465137,-2.504831075668335,0.00017772590863621217,2740.0,,,,,,,,,,,,,,0.13454484828276092,,,,,0.027250267565250397,0.013356488198041916
,imappo,,,,2740.0,0.0,0.0,0.6678243616106556,0.0,0.0,0.0,0.6666666865348816,0.0011576661115952902,0.0,0.0,0.0,0.0,0.0,,,,,,,
0.003746554721146822,imappo,0.02108326181769371,-2.7621395587921143,0.00017742580860286765,2741.0,,,,,,,,,,,,,,0.13441147049016333,,,,,0.029468312859535217,0.013362453319132328
,imappo,,,,2741.0,0.0,0.0,0.6681226446714845,0.0,0.0,0.0,0.6666666865348816,0.0014559274848124915,0.0,0.0,0.0,0.0,0.0,,,,,,,
0.029200388118624687,imappo,0.004983149003237486,-2.3968162536621094,0.00017712570856952324,2742.0,,,,,,,,,,,,,,0.13427809269756585,,,,,0.026467761024832726,0.013348706066608429
,imappo,,,,2742.0,0.0,0.0,0.6674353081995008,0.0,0.0,0.0,0.6666666865348816,0.0007686147670113996,0.0,0.0,0.0,0.0,0.0,,,,,,,
0.04193895682692528,imappo,0.002913136500865221,-3.2381443977355957,0.00017682560853617883,2743.0,,,,,,,,,,,,,,0.13414471490496832,,,,,0.0299648717045784,0.013363556005060673
,imappo,,,,2743.0,0.0,0.0,0.6681777149033223,0.0,0.0,0.0,0.6666666865348816,0.0015110283684407477,0.0,0.0,0.0,0.0,0.0,,,,,,,
0.04232601076364517,imappo,0.001915634609758854,-3.202446937561035,0.00017652550850283432,2744.0,,,,,,,,,,,,,,0.1340113371123708,,,,,0.02952556312084198,0.013363541103899479
,imappo,,,,2744.0,0.0,0.0,0.6681770837440126,0.0,0.0,0.0,0.6666666865348816,0.0015103972091310425,0.0,0.0,0.0,0.0,0.0,,,,,,,
0.01200325321406126,imappo,0.004585704300552607,-2.751124382019043,0.0001762254084694898,2745.0,,,,,,,,,,,,,,0.1338779593197732,,,,,0.02909003384411335,0.013362109661102295
,imappo,,,,2745.0,0.0,0.0,0.6681055161484437,0.0,0.0,0.0,0.6666666865348816,0.0014388694576155103,0.0,0.0,0.0,0.0,0.0,,,,,,,
0.04669221490621567,imappo,0.0013937554322183132,-2.537716865539551,0.0001759253084361455,2746.0,,,,,,,,,,,,,,0.13374458152717572,,,,,0.031490691006183624,0.013352916575968266
,imappo,,,,2746.0,0.0,0.0,0.6676457987319608,0.0,0.0,0.0,0.6666666865348816,0.000979112197079246,0.0,0.0,0.0,0.0,0.0,,,,,,,
-0.0033639632165431976,imappo,0.0017354505835101008,-1.964357852935791,0.00017562520840280098,2747.0,,,,,,,,,,,,,,0.1336112037345782,,,,,0.031345807015895844,0.013361532241106033
,imappo,,,,2747.0,0.0,0.0,0.6680766775609754,0.0,0.0,0.0,0.6666666865348816,0.001409982760605999,0.0,0.0,0.0,0.0,0.0,,,,,,,
0.015459342859685421,imappo,0.0004898285842500627,-2.357675075531006,0.00017532510836945647,2748.0,,,,,,,,,,,,,,0.13347782594198065,,,,,0.030669836327433586,0.01336420513689518
,imappo,,,,2748.0,0.0,0.0,0.6682102603997464,0.0,0.0,0.0,0.6666666865348816,0.0015436135333857237,0.0,0.0,0.0,0.0,0.0,,,,,,,
0.0009351939661428332,imappo,0.0005568561609834433,-1.9940038919448853,0.00017502500833611206,2749.0,,,,,,,,,,,,,,0.13334444814938307,,,,,0.027191512286663055,0.013343950733542442
,imappo,,,,2749.0,0.0,0.0,0.6671975496778373,0.0,0.0,0.0,0.6666666865348816,0.000530873503919338,0.0,0.0,0.0,0.0,0.0,,,,,,,
-0.006660777144134045,imappo,0.0014370616991072893,-0.6587461233139038,0.00017472490830276765,2750.0,,,,,,,,,,,,,,0.1332110703567856,,,,,0.008185281418263912,3.811627175309695e-05
,imappo,,,,2750.0,0.0,0.0,0.001905813573330306,0.0,0.0,0.0,0.0,0.001905813573330306,0.0,0.0,0.0,0.0,0.0,,,,,,,
0.02828122489154339,imappo,0.0010881973430514336,-2.107992649078369,0.00017442480826942324,2751.0,,,,,,,,,,,,,,0.13307769256418805,,,,,0.03246833384037018,0.013360313139855862
,imappo,,,,2751.0,0.0,0.0,0.6680157291101523,0.0,0.0,0.0,0.6666666865348816,0.0013490465788663641,0.0,0.0,0.0,0.0,0.0,,,,,,,
-0.016034908592700958,imappo,0.0008095608791336417,-0.6316842436790466,0.00017412470823607873,2752.0,,,,,,,,,,,,,,0.13294431477159052,,,,,0.0037680333480238914,2.4440823835902847e-05
,imappo,,,,2752.0,0.0,0.0,0.0012220412298233896,0.0,0.0,0.0,0.0,0.0012220412298233896,0.0,0.0,0.0,0.0,0.0,,,,,,,
0.019218148663640022,imappo,0.0013880942715331912,-2.4830660820007324,0.0001738246082027342,2753.0,,,,,,,,,,,,,,0.13281093697899293,,,,,0.028125856071710587,0.013359587639570236
,imappo,,,,2753.0,0.0,0.0,0.6679793702915049,0.0,0.0,0.0,0.6666666865348816,0.0013126447950071451,0.0,0.0,0.0,0.0,0.0,,,,,,,
0.0052439444698393345,imappo,0.0016185033600777388,-2.130282402038574,0.0001735245081693899,2754.0,,,,,,,,,,,,,,0.13267755918639546,,,,,0.024038635194301605,0.006683040875941515
,imappo,,,,2754.0,0.0,0.0,0.33415208052332446,0.0,0.0,0.0,0.3333333432674408,0.000818720724907962,0.0,0.0,0.0,0.0,0.0,,,,,,,
-0.012167765758931637,imappo,0.0009593989234417677,-1.8114656209945679,0.0001732244081360454,2755.0,,,,,,,,,,,,,,0.13254418139379792,,,,,0.03145946189761162,0.006691750138998032
,imappo,,,,2755.0,0.0,0.0,0.33458751440230117,0.0,0.0,0.0,0.3333333432674408,0.0012541422202048125,0.0,0.0,0.0,0.0,0.0,,,,,,,
0.0473364032804966,imappo,28.447099685668945,-5.811359882354736,0.00017292430810270088,2756.0,,,,,,,,,,,,,,0.1324108036012004,,,,,0.025626223534345627,0.006703653372824192
,imappo,,,,2756.0,0.0,0.0,0.3351826623585623,0.0,0.0,0.0,0.3333333432674408,0.0018493190911215152,0.0,0.0,0.0,0.0,0.0,,,,,,,
0.06459899991750717,imappo,0.009528283029794693,-2.399595022201538,0.00017262420806935658,2757.0,,,,,,,,,,,,,,0.13227742580860286,,,,,0.03242063522338867,0.013362351804971695
,imappo,,,,2757.0,0.0,0.0,0.6681176124210992,0.0,0.0,0.0,0.6666666865348816,0.0014509258862176466,0.0,0.0,0.0,0.0,0.0,,,,,,,
0.007054862566292286,imappo,0.003359144553542137,-2.038231372833252,0.00017232410803601206,2758.0,,,,,,,,,,,,,,0.13214404801600532,,,,,0.03231785073876381,0.01335782092064619
,imappo,,,,2758.0,0.0,0.0,0.6678910368418656,0.0,0.0,0.0,0.6666666865348816,0.001224348815412668,0.0,0.0,0.0,0.0,0.0,,,,,,,
0.02151324413716793,imappo,0.003694813931360841,-2.3962392807006836,0.00017202400800266754,2759.0,,,,,,,,,,,,,,0.1320106702234078,,,,,0.03187989443540573,0.013361270539462566
,imappo,,,,2759.0,0.0,0.0,0.668063576201888,0.0,0.0,0.0,0.6666666865348816,0.0013968896670064623,0.0,0.0,0.0,0.0,0.0,,,,,,,
-0.005607447121292353,imappo,0.002469267463311553,-2.285679817199707,0.00017172390796932314,2760.0,,,,,,,,,,,,,,0.13187729243081026,,,,,0.031315699219703674,0.01335652731359005
,imappo,,,,2760.0,0.0,0.0,0.6678263681552608,0.0,0.0,0.0,0.6666666865348816,0.0011596816203791604,0.0,0.0,0.0,0.0,0.0,,,,,,,
0.030934341251850128,imappo,0.0016840173630043864,-2.295626640319824,0.00017142380793597873,2761.0,,,,,,,,,,,,,,0.13174391463821272,,,,,0.03029719367623329,0.013358306139707565
,imappo,,,,2761.0,0.0,0.0,0.6679152609040102,0.0,0.0,0.0,0.6666666865348816,0.0012485743691286189,0.0,0.0,0.0,0.0,0.0,,,,,,,
0.023696376010775566,imappo,0.002286143833771348,-2.152620792388916,0.00017112370790263432,2762.0,,,,,,,,,,,,,,0.1316105368456152,,,,,0.031319260597229004,0.013355249539017677
,imappo,,,,2762.0,0.0,0.0,0.6677624118542553,0.0,0.0,0.0,0.6666666865348816,0.0010957315075756924,0.0,0.0,0.0,0.0,0.0,,,,,,,
-0.001887151738628745,imappo,0.0013597701909020543,-1.5425490140914917,0.0001708236078692898,2763.0,,,,,,,,,,,,,,0.13147715905301766,,,,,0.0277419276535511,0.013355121947824955
,imappo,,,,2763.0,0.0,0.0,0.6677560564406804,0.0,0.0,0.0,0.6666666865348816,0.0010893324855487663,0.0,0.0,0.0,0.0,0.0,,,,,,,
0.0018654827727004886,imappo,0.0012836061650887132,-2.244351625442505,0.0001705235078359453,2764.0,,,,,,,,,,,,,,0.13134378126042012,,,,,0.03003513067960739,0.013354707509279251
,imappo,,,,2764.0,0.0,0.0,0.6677353555205627,0.0,0.0,0.0,0.6666666865348816,0.0010686731184250675,0.0,0.0,0.0,0.0,0.0,,,,,,,
-0.005879353731870651,imappo,0.00047791574615985155,-1.7403395175933838,0.000170223407802601,2765.0,,,,,,,,,,,,,,0.1312104034678226,,,,,0.02656754106283188,0.013353373855352402
,imappo,,,,2765.0,0.0,0.0,0.6676686680743842,0.0,0.0,0.0,0.6666666865348816,0.0010019937776633014,0.0,0.0,0.0,0.0,0.0,,,,,,,
0.09324856847524643,imappo,0.0011606577318161726,-2.6254870891571045,0.00016992330776925647,2766.0,,,,,,,,,,,,,,0.13107702567522506,,,,,0.03126730024814606,0.013359823264181614
,imappo,,,,2766.0,0.0,0.0,0.6679911182311571,0.0,0.0,0.0,0.6666666865348816,0.0013244018939531088,0.0,0.0,0.0,0.0,0.0,,,,,,,
-0.007988127879798412,imappo,0.0017894548363983631,-2.5607991218566895,0.00016962320773591195,2767.0,,,,,,,,,,,,,,0.13094364788262752,,,,,0.02933521568775177,0.013358074240386486
,imappo,,,,2767.0,0.0,0.0,0.6679037632266045,0.0,0.0,0.0,0.6666666865348816,0.0012370766917229048,0.0,0.0,0.0,0.0,0.0,,,,,,,
-0.0013349741930142045,imappo,0.0018168953247368336,-2.5531375408172607,0.00016932310770256755,2768.0,,,,,,,,,,,,,,0.13081027009003,,,,,0.0273548886179924,0.013352477923035622
,imappo,,,,2768.0,0.0,0.0,0.6676238844033833,0.0,0.0,0.0,0.6666666865348816,0.0009572548647156509,0.0,0.0,0.0,0.0,0.0,,,,,,,
0.024692077189683914,imappo,0.005214101634919643,-2.332261800765991,0.00016902300766922314,2769.0,,,,,,,,,,,,,,0.13067689229743246,,,,,0.032525040209293365,0.013361935503780842
,imappo,,,,2769.0,0.0,0.0,0.6680968142155237,0.0,0.0,0.0,0.6666666865348816,0.0014300978783197138,0.0,0.0,0.0,0.0,0.0,,,,,,,
0.03562574088573456,imappo,0.004065130837261677,-2.4003379344940186,0.00016872290763587862,2770.0,,,,,,,,,,,,,,0.13054351450483492,,,,,0.032034434378147125,0.01336259488016367
,imappo,,,,2770.0,0.0,0.0,0.6681297457582787,0.0,0.0,0.0,0.6666666865348816,0.0014630592233970674,0.0,0.0,0.0,0.0,0.0,,,,,,,
0.029680782929062843,imappo,0.004185398109257221,-3.0669500827789307,0.0001684228076025342,2771.0,,,,,,,,,,,,,,0.1304101367122374,,,,,0.026241840794682503,0.0066825938411056995
,imappo,,,,2771.0,0.0,0.0,0.33412965155517327,0.0,0.0,0.0,0.3333333432674408,0.0007963227355105573,0.0,0.0,0.0,0.0,0.0,,,,,,,
0.2306922972202301,imappo,43.14011764526367,-6.863895893096924,0.0001681227075691898,2772.0,,,,,,,,,,,,,,0.13027675891963986,,,,,0.029377344995737076,0.0066940258257091045
,imappo,,,,2772.0,0.0,0.0,0.3347013102784331,0.0,0.0,0.0,0.3333333432674408,0.0013679670109922881,0.0,0.0,0.0,0.0,0.0,,,,,,,
-0.007495514117181301,imappo,0.005234701558947563,-0.9922590255737305,0.0001678226075358454,2773.0,,,,,,,,,,,,,,0.13014338112704232,,,,,0.005765107925981283,1.3519756066671107e-05
,imappo,,,,2773.0,0.0,0.0,0.0006759876993669423,0.0,0.0,0.0,0.0,0.0006759876993669423,0.0,0.0,0.0,0.0,0.0,,,,,,,
0.059795577079057693,imappo,0.009329739958047867,-3.2252962589263916,0.00016752250750250088,2774.0,,,,,,,,,,,,,,0.1300100033344448,,,,,0.02965717948973179,0.013360261917114258
,imappo,,,,2774.0,0.0,0.0,0.6680131510572664,0.0,0.0,0.0,0.6666666865348816,0.0013464347200624616,0.0,0.0,0.0,0.0,0.0,,,,,,,
0.19197720289230347,imappo,45.61980438232422,-5.756582736968994,0.00016722240746915636,2775.0,,,,,,,,,,,,,,0.12987662554184726,,,,,0.03035023994743824,0.006689935456961393
,imappo,,,,2775.0,0.0,0.0,0.3344967657545226,0.0,0.0,0.0,0.3333333432674408,0.0011634224870817889,0.0,0.0,0.0,0.0,0.0,,,,,,,
-0.005320417694747448,imappo,0.009929338470101357,-0.9249371290206909,0.00016692230743581206,2776.0,,,,,,,,,,,,,,0.12974324774924972,,,,,0.0036063827574253082,3.207655026926659e-05
,imappo,,,,2776.0,0.0,0.0,0.0016038275464325125,0.0,0.0,0.0,0.0,0.0016038275464325125,0.0,0.0,0.0,0.0,0.0,,,,,,,
0.04882819950580597,imappo,0.009199261665344238,-2.802294969558716,0.00016662220740246755,2777.0,,,,,,,,,,,,,,0.1296098699566522,,,,,0.030342062935233116,0.013360325247049332
,imappo,,,,2777.0,0.0,0.0,0.6680162199263577,0.0,0.0,0.0,0.6666666865348816,0.0013495333914761432,0.0,0.0,0.0,0.0,0.0,,,,,,,
0.019807394593954086,imappo,0.019231649115681648,-2.6485931873321533,0.00016632210736912303,2778.0,,,,,,,,,,,,,,0.12947649216405466,,,,,0.03149636834859848,0.013357064686715603
,imappo,,,,2778.0,0.0,0.0,0.6678531572151769,0.0,0.0,0.0,0.6666666865348816,0.001186470680295315,0.0,0.0,0.0,0.0,0.0,,,,,,,
0.026524081826210022,imappo,0.030687952414155006,-3.0141916275024414,0.00016602200733577862,2779.0,,,,,,,,,,,,,,0.12934311437145712,,,,,0.03145158663392067,0.013370716944336891
,imappo,,,,2779.0,0.0,0.0,0.6685357951787552,0.0,0.0,0.0,0.6666666865348816,0.0018691060197539855,0.0,0.0,0.0,0.0,0.0,,,,,,,
-0.013957027345895767,imappo,0.022168951109051704,-2.324690103530884,0.00016572190730243421,2780.0,,,,,,,,,,,,,,0.1292097365788596,,,,,0.03103841468691826,0.013363462872803211
,imappo,,,,2780.0,0.0,0.0,0.668173136815085,0.0,0.0,0.0,0.6666666865348816,0.0015064403485212097,0.0,0.0,0.0,0.0,0.0,,,,,,,
-0.005895671900361776,imappo,0.009919041767716408,-2.363987445831299,0.0001654218072690897,2781.0,,,,,,,,,,,,,,0.12907635878626206,,,,,0.02973417565226555,0.013356792740523815
,imappo,,,,2781.0,0.0,0.0,0.6678397209211475,0.0,0.0,0.0,0.6666666865348816,0.001173093834477612,0.0,0.0,0.0,0.0,0.0,,,,,,,
0.06582615524530411,imappo,0.10270654410123825,-3.2525110244750977,0.0001651217072357453,2782.0,,,,,,,,,,,,,,0.12894298099366452,,,,,0.029026808217167854,0.01336275227367878
,imappo,,,,2782.0,0.0,0.0,0.6681375552293503,0.0,0.0,0.0,0.6666666865348816,0.0014708686944686633,0.0,0.0,0.0,0.0,0.0,,,,,,,
-0.002888428745791316,imappo,0.02417062222957611,-2.2809135913848877,0.00016482160720240077,2783.0,,,,,,,,,,,,,,0.128809603201067,,,,,0.02506660670042038,0.006688139867037535
,imappo,,,,2783.0,0.0,0.0,0.3344069935078551,0.0,0.0,0.0,0.3333333432674408,0.001073653034382005,0.0,0.0,0.0,0.0,0.0,,,,,,,
0.006186204496771097,imappo,0.011052844114601612,-2.6347179412841797,0.00016452150716905647,2784.0,,,,,,,,,,,,,,0.12867622540846946,,,,,0.029036175459623337,0.013357949443161488
,imappo,,,,2784.0,0.0,0.0,0.6678975324555267,0.0,0.0,0.0,0.6666666865348816,0.001230877965781474,0.0,0.0,0.0,0.0,0.0,,,,,,,
0.030516764149069786,imappo,0.006214222405105829,-2.330073595046997,0.00016422140713571196,2785.0,,,,,,,,,,,,,,0.12854284761587192,,,,,0.029972650110721588,0.01335761696100235
,imappo,,,,2785.0,0.0,0.0,0.6678808170854609,0.0,0.0,0.0,0.6666666865348816,0.0012141509178036358,0.0,0.0,0.0,0.0,0.0,,,,,,,
-0.009726854972541332,imappo,0.014469945803284645,-2.3178534507751465,0.00016392130710236744,2786.0,,,,,,,,,,,,,,0.1284094698232744,,,,,0.02853028103709221,0.013353687711060047
,imappo,,,,2786.0,0.0,0.0,0.6676843392469891,0.0,0.0,0.0,0.6666666865348816,0.0010176354389841435,0.0,0.0,0.0,0.0,0.0,,,,,,,
0.06292016059160233,imappo,0.004353307653218508,-3.101986885070801,0.00016362120706902314,2787.0,,,,,,,,,,,,,,0.1282760920306769,,,,,0.026913799345493317,0.01335887797176838
,imappo,,,,2787.0,0.0,0.0,0.667943853259402,0.0,0.0,0.0,0.6666666865348816,0.0012771667245203844,0.0,0.0,0.0,0.0,0.0,,,,,,,
0.00440523587167263,imappo,0.02734953723847866,-2.3419671058654785,0.00016332110703567862,2788.0,,,,,,,,,,,,,,0.12814271423807932,,,,,0.031577274203300476,0.0066850678995251656
,imappo,,,,2788.0,0.0,0.0,0.3342534134990274,0.0,0.0,0.0,0.3333333432674408,0.0009200577605952276,0.0,0.0,0.0,0.0,0.0,,,,,,,
0.00979622919112444,imappo,60.32310104370117,-5.863983631134033,0.0001630210070023341,2789.0,,,,,,,,,,,,,,0.1280093364454818,,,,,0.030463915318250656,0.006686067208647728
,imappo,,,,2789.0,0.0,0.0,0.3343033415892762,0.0,0.0,0.0,0.3333333432674408,0.0009699983218354191,0.0,0.0,0.0,0.0,0.0,,,,,,,
0.03277600556612015,imappo,0.02119431272149086,-3.1861774921417236,0.0001627209069689897,2790.0,,,,,,,,,,,,,,0.12787595865288426,,,,,0.030269231647253036,0.013361201621592045
,imappo,,,,2790.0,0.0,0.0,0.6680600711342777,0.0,0.0,0.0,0.6666666865348816,0.0013933845993960858,0.0,0.0,0.0,0.0,0.0,,,,,,,
-0.0021663608495146036,imappo,0.1028001606464386,-2.3676517009735107,0.0001624208069356453,2791.0,,,,,,,,,,,,,,0.12774258086028678,,,,,0.029218148440122604,0.006687179673463106
,imappo,,,,2791.0,0.0,0.0,0.3343589653222807,0.0,0.0,0.0,0.3333333432674408,0.0010256366504108883,0.0,0.0,0.0,0.0,0.0,,,,,,,
0.0520772822201252,imappo,0.04099688678979874,-2.5560975074768066,0.00016212070690230077,2792.0,,,,,,,,,,,,,,0.1276092030676892,,,,,0.029433436691761017,0.013354523107409477
,imappo,,,,2792.0,0.0,0.0,0.6677261493417745,0.0,0.0,0.0,0.6666666865348816,0.0010594628068929524,0.0,0.0,0.0,0.0,0.0,,,,,,,
-0.0010002015624195337,imappo,0.0886671245098114,-0.8320267796516418,0.00016182060686895637,2793.0,,,,,,,,,,,,,,0.12747582527509166,,,,,0.004375188611447811,3.457925413385965e-05
,imappo,,,,2793.0,0.0,0.0,0.001728962728066108,0.0,0.0,0.0,0.0,0.001728962728066108,0.0,0.0,0.0,0.0,0.0,,,,,,,
-0.0014086337760090828,imappo,0.07958833873271942,-2.1629838943481445,0.00016152050683561185,2794.0,,,,,,,,,,,,,,0.12734244748249413,,,,,0.02880396507680416,0.013344318605959415
,imappo,,,,2794.0,0.0,0.0,0.6672159852304027,0.0,0.0,0.0,0.6666666865348816,0.0005493106499194766,0.0,0.0,0.0,0.0,0.0,,,,,,,
0.19337432086467743,imappo,71.37185668945312,-6.828233242034912,0.00016122040680226755,2795.0,,,,,,,,,,,,,,0.12720906968989665,,,,,0.02876690775156021,0.006696639582514763
,imappo,,,,2795.0,0.0,0.0,0.33483199034799327,0.0,0.0,0.0,0.3333333432674408,0.0014986470805524732,0.0,0.0,0.0,0.0,0.0,,,,,,,
0.08404963463544846,imappo,74.36825561523438,-5.725118637084961,0.00016092030676892303,2796.0,,,,,,,,,,,,,,0.12707569189729906,,,,,0.02840256318449974,0.006693559233099222
,imappo,,,,2796.0,0.0,0.0,0.3346780261117601,0.0,0.0,0.0,0.3333333432674408,0.0013446828443193226,0.0,0.0,0.0,0.0,0.0,,,,,,,
0.0020310094114392996,imappo,0.07070605456829071,-2.3289310932159424,0.00016062020673557852,2797.0,,,,,,,,,,,,,,0.12694231410470153,,,,,0.028788721188902855,0.013358639553189278
,imappo,,,,2797.0,0.0,0.0,0.6679320506104887,0.0,0.0,0.0,0.6666666865348816,0.0012653737417167576,0.0,0.0,0.0,0.0,0.0,,,,,,,
0.001003105891868472,imappo,0.11292858421802521,-2.3073556423187256,0.0001603201067022341,2798.0,,,,,,,,,,,,,,0.126808936312104,,,,,0.0278177410364151,0.006689704488962889
,imappo,,,,2798.0,0.0,0.0,0.3344852444531625,0.0,0.0,0.0,0.3333333432674408,0.00115189535040372,0.0,0.0,0.0,0.0,0.0,,,,,,,
0.26666176319122314,imappo,107.14225769042969,-7.128509998321533,0.0001600200066688897,2799.0,,,,,,,,,,,,,,0.12667555851950651,,,,,0.026976315304636955,0.006711019203066826
,imappo,,,,2799.0,0.0,0.0,0.33555093411723647,0.0,0.0,0.0,0.3333333432674408,0.0022176206521180575,0.0,0.0,0.0,0.0,0.0,,,,,,,
,imappo,,,,2799.0,,,,,,,,,,,,,,,0.0,0.0,0.3333333432674408,0.0,,
0.05965904891490936,imappo,0.05419748276472092,-2.5248334407806396,0.00015971990663554518,2800.0,,,,,,,,,,,,,,0.12654218072690893,,,,,0.028646109625697136,0.013359432108700275
,imappo,,,,2800.0,0.0,0.0,0.6679715833579394,0.0,0.0,0.0,0.6666666865348816,0.0013048670207354007,0.0,0.0,0.0,0.0,0.0,,,,,,,
0.020443620160222054,imappo,0.1610012948513031,-2.480259418487549,0.00015941980660220078,2801.0,,,,,,,,,,,,,,0.1264088029343114,,,,,0.028177883476018906,0.0133579783141613
,imappo,,,,2801.0,0.0,0.0,0.6678988765979739,0.0,0.0,0.0,0.6666666865348816,0.0012321602607698878,0.0,0.0,0.0,0.0,0.0,,,,,,,
0.2849122881889343,imappo,79.77442932128906,-6.8021650314331055,0.00015911970656885637,2802.0,,,,,,,,,,,,,,0.12627542514171392,,,,,0.02834906429052353,0.006697823293507099
,imappo,,,,2802.0,0.0,0.0,0.334891161900714,0.0,0.0,0.0,0.3333333432674408,0.0015578186332732002,0.0,0.0,0.0,0.0,0.0,,,,,,,
0.19497153162956238,imappo,117.84099578857422,-7.109899044036865,0.00015881960653551185,2803.0,,,,,,,,,,,,,,0.12614204734911638,,,,,0.022404294461011887,0.006712005008012056
,imappo,,,,2803.0,0.0,0.0,0.33560026265331544,0.0,0.0,0.0,0.3333333432674408,0.002266919385874644,0.0,0.0,0.0,0.0,0.0,,,,,,,
-0.008231725543737411,imappo,0.11618637293577194,-2.3811047077178955,0.00015851950650216744,2804.0,,,,,,,,,,,,,,0.1260086695565188,,,,,0.03196023032069206,0.013353519141674042
,imappo,,,,2804.0,0.0,0.0,0.6676759434590167,0.0,0.0,0.0,0.6666666865348816,0.0010092718034684367,0.0,0.0,0.0,0.0,0.0,,,,,,,
0.007114800624549389,imappo,0.13453756272792816,-2.6885814666748047,0.00015821940646882293,2805.0,,,,,,,,,,,,,,0.12587529176392126,,,,,0.026377104222774506,2.0647552446462214e-05
,imappo,,,,2805.0,0.0,0.0,0.0010323775213691988,0.0,0.0,0.0,0.0,0.0010323775213691988,0.0,0.0,0.0,0.0,0.0,,,,,,,
0.0017618968850001693,imappo,0.1792280524969101,-2.574903964996338,0.00015791930643547863,2806.0,,,,,,,,,,,,,,0.12574191397132378,,,,,0.03134338557720184,0.013355889357626438
,imappo,,,,2806.0,0.0,0.0,0.6677944627111856,0.0,0.0,0.0,0.6666666865348816,0.0011277761763039962,0.0,0.0,0.0,0.0,0.0,,,,,,,
0.023317664861679077,imappo,0.16871820390224457,-2.374685764312744,0.0001576192064021341,2807.0,,,,,,,,,,,,,,0.12560853617872625,,,,,0.030716340988874435,0.013353897258639336
,imappo,,,,2807.0,0.0,0.0,0.6676948475571862,0.0,0.0,0.0,0.6666666865348816,0.001028160418400148,0.0,0.0,0.0,0.0,0.0,,,,,,,
0.04771646484732628,imappo,0.2493465095758438,-2.80387806892395,0.0001573191063687896,2808.0,,,,,,,,,,,,,,0.12547515838612866,,,,,0.028579890727996826,0.013353641144931316
,imappo,,,,2808.0,0.0,0.0,0.6676820589082126,0.0,0.0,0.0,0.6666666865348816,0.0010153934354093508,0.0,0.0,0.0,0.0,0.0,,,,,,,
0.005900200456380844,imappo,0.21884462237358093,-2.540893077850342,0.00015701900633544518,2809.0,,,,,,,,,,,,,,0.12534178059353113,,,,,0.03136903792619705,0.01335296779870987
,imappo,,,,2809.0,0.0,0.0,0.6676484007784893,0.0,0.0,0.0,0.6666666865348816,0.00098170933961228,0.0,0.0,0.0,0.0,0.0,,,,,,,
0.2844619154930115,imappo,0.6085641384124756,-3.3095312118530273,0.00015671890630210078,2810.0,,,,,,,,,,,,,,0.12520840280093365,,,,,0.028726700693368912,0.013358693569898605
,imappo,,,,2810.0,0.0,0.0,0.667934673381751,0.0,0.0,0.0,0.6666666865348816,0.0012679850133281434,0.0,0.0,0.0,0.0,0.0,,,,,,,
-0.003245041472837329,imappo,0.3987533450126648,-2.7569587230682373,0.00015641880626875626,2811.0,,,,,,,,,,,,,,0.12507502500833612,,,,,0.02049896866083145,1.6851969121489674e-05
,imappo,,,,2811.0,0.0,0.0,0.0008425984573250389,0.0,0.0,0.0,0.0,0.0008425984573250389,0.0,0.0,0.0,0.0,0.0,,,,,,,
0.009415404871106148,imappo,0.0782385990023613,-2.6996119022369385,0.00015611870623541185,2812.0,,,,,,,,,,,,,,0.12494164721573853,,,,,0.02802363410592079,0.013352449052035809
,imappo,,,,2812.0,0.0,0.0,0.6676224742109298,0.0,0.0,0.0,0.6666666865348816,0.0009558179481246043,0.0,0.0,0.0,0.0,0.0,,,,,,,
0.0716073215007782,imappo,69.79901123046875,-5.884565353393555,0.00015581860620206734,2813.0,,,,,,,,,,,,,,0.124808269423141,,,,,0.028301101177930832,0.006685097236186266
,imappo,,,,2813.0,0.0,0.0,0.33425479370451683,0.0,0.0,0.0,0.3333333432674408,0.0009214821020435693,0.0,0.0,0.0,0.0,0.0,,,,,,,
0.22365990281105042,imappo,108.6782455444336,-7.073831558227539,0.00015551850616872293,2814.0,,,,,,,,,,,,,,0.12467489163054352,,,,,0.018186133354902267,0.006713579874485731
,imappo,,,,2814.0,0.0,0.0,0.33567901998776506,0.0,0.0,0.0,0.3333333432674408,0.0023456767203242634,0.0,0.0,0.0,0.0,0.0,,,,,,,
-0.01361321285367012,imappo,0.039320990443229675,-2.095508337020874,0.00015521840613537852,2815.0,,,,,,,,,,,,,,0.12454151383794598,,,,,0.028501681983470917,0.013348710723221302
,imappo,,,,2815.0,0.0,0.0,0.667435532693446,0.0,0.0,0.0,0.6666666865348816,0.0007688566959700438,0.0,0.0,0.0,0.0,0.0,,,,,,,
0.2921816408634186,imappo,91.47334289550781,-6.950878143310547,0.000154918306102034,2816.0,,,,,,,,,,,,,,0.1244081360453484,,,,,0.0308341383934021,0.006676897406578064
,imappo,,,,2816.0,0.0,0.0,0.3338448615346645,0.0,0.0,0.0,0.3333333432674408,0.0005115182672237317,0.0,0.0,0.0,0.0,0.0,,,,,,,
-0.005196696612983942,imappo,0.05567670986056328,-2.4481046199798584,0.0001546182060686897,2817.0,,,,,,,,,,,,,,0.12427475825275092,,,,,0.027438748627901077,0.013351298868656158
,imappo,,,,2817.0,0.0,0.0,0.6675649311164307,0.0,0.0,0.0,0.6666666865348816,0.0008982218692779043,0.0,0.0,0.0,0.0,0.0,,,,,,,
0.007128110621124506,imappo,0.17199920117855072,-2.525153160095215,0.00015431810603534519,2818.0,,,,,,,,,,,,,,0.12414138046015338,,,,,0.03038458526134491,0.01335301622748375
,imappo,,,,2818.0,0.0,0.0,0.6676507725080043,0.0,0.0,0.0,0.6666666865348816,0.000984085973122717,0.0,0.0,0.0,0.0,0.0,,,,,,,
0.01943819783627987,imappo,0.07823112607002258,-2.420158624649048,0.00015401800600200067,2819.0,,,,,,,,,,,,,,0.12400800266755585,,,,,0.029144566506147385,0.013350001536309719
,imappo,,,,2819.0,0.0,0.0,0.667500076975557,0.0,0.0,0.0,0.6666666865348816,0.0008333883233717643,0.0,0.0,0.0,0.0,0.0,,,,,,,
0.04646895453333855,imappo,114.27239227294922,-6.7909417152404785,0.00015371790596865626,2820.0,,,,,,,,,,,,,,0.12387462487495826,,,,,0.027411874383687973,0.006687268614768982
,imappo,,,,2820.0,0.0,0.0,0.3343634790277008,0.0,0.0,0.0,0.3333333432674408,0.00103012593771723,0.0,0.0,0.0,0.0,0.0,,,,,,,
-0.0006073025870136917,imappo,0.10085801035165787,-2.4383862018585205,0.00015341780593531185,2821.0,,,,,,,,,,,,,,0.12374124708236078,,,,,0.028943896293640137,0.01335644256323576
,imappo,,,,2821.0,0.0,0.0,0.667822103056551,0.0,0.0,0.0,0.6666666865348816,0.0011554165216693946,0.0,0.0,0.0,0.0,0.0,,,,,,,
0.03302138298749924,imappo,0.08318103104829788,-2.6036596298217773,0.00015311770590196734,2822.0,,,,,,,,,,,,,,0.12360786928976325,,,,,0.02830483205616474,0.013349425047636032
,imappo,,,,2822.0,0.0,0.0,0.6674712776231218,0.0,0.0,0.0,0.6666666865348816,0.0008046092126505755,0.0,0.0,0.0,0.0,0.0,,,,,,,
0.11347745358943939,imappo,114.30142211914062,-6.466201305389404,0.00015281760586862293,2823.0,,,,,,,,,,,,,,0.12347449149716572,,,,,0.027478069067001343,0.006694082636386156
,imappo,,,,2823.0,0.0,0.0,0.33470413792565523,0.0,0.0,0.0,0.3333333432674408,0.001370794658214436,0.0,0.0,0.0,0.0,0.0,,,,,,,
0.10368870198726654,imappo,93.84215545654297,-6.210573673248291,0.0001525175058352784,2824.0,,,,,,,,,,,,,,0.12334111370456813,,,,,0.025211015716195107,0.0066963364370167255
,imappo,,,,2824.0,0.0,0.0,0.33481684345383655,0.0,0.0,0.0,0.3333333432674408,0.0014835001863957586,0.0,0.0,0.0,0.0,0.0,,,,,,,
0.0076314788311719894,imappo,1.0308634042739868,-2.8159430027008057,0.000152217405801934,2825.0,,,,,,,,,,,,,,0.12320773591197065,,,,,0.02845926210284233,0.013352868147194386
,imappo,,,,2825.0,0.0,0.0,0.6676433979916965,0.0,0.0,0.0,0.6666666865348816,0.0009766866239715455,0.0,0.0,0.0,0.0,0.0,,,,,,,
0.143204927444458,imappo,0.5223649144172668,-2.7069766521453857,0.0001519173057685896,2826.0,,,,,,,,,,,,,,0.12307435811937312,,,,,0.03207286819815636,0.013355505652725697
,imappo,,,,2826.0,0.0,0.0,0.6677752408789956,0.0,0.0,0.0,0.6666666865348816,0.0011085543441140544,0.0,0.0,0.0,0.0,0.0,,,,,,,
0.03038766421377659,imappo,0.09142085909843445,-2.2901229858398438,0.00015161720573524508,2827.0,,,,,,,,,,,,,,0.12294098032677558,,,,,0.02775973454117775,0.013348188251256943
,imappo,,,,2827.0,0.0,0.0,0.6674093918541075,0.0,0.0,0.0,0.6666666865348816,0.0007427205041494744,0.0,0.0,0.0,0.0,0.0,,,,,,,
0.3690129220485687,imappo,116.85013580322266,-6.718019962310791,0.00015131710570190067,2828.0,,,,,,,,,,,,,,0.122807602534178,,,,,0.028524529188871384,0.006692180410027504
,imappo,,,,2828.0,0.0,0.0,0.3346090187369555,0.0,0.0,0.0,0.3333333432674408,0.001275675469514681,0.0,0.0,0.0,0.0,0.0,,,,,,,
-0.005313122645020485,imappo,0.4463936984539032,-2.4576826095581055,0.00015101700566855626,2829.0,,,,,,,,,,,,,,0.12267422474158052,,,,,0.028810560703277588,0.013354604132473469
,imappo,,,,2829.0,0.0,0.0,0.6677302051824654,0.0,0.0,0.0,0.6666666865348816,0.0010635557404157225,0.0,0.0,0.0,0.0,0.0,,,,,,,
0.054015159606933594,imappo,144.88125610351562,-6.691189765930176,0.00015071690563521175,2830.0,,,,,,,,,,,,,,0.12254084694898298,,,,,0.02391943708062172,0.006693841889500618
,imappo,,,,2830.0,0.0,0.0,0.334692103722773,0.0,0.0,0.0,0.3333333432674408,0.0013587604553322308,0.0,0.0,0.0,0.0,0.0,,,,,,,
0.01476696040481329,imappo,0.06772646307945251,-2.1654608249664307,0.00015041680560186734,2831.0,,,,,,,,,,,,,,0.12240746915638545,,,,,0.027568168938159943,0.01334654726088047
,imappo,,,,2831.0,0.0,0.0,0.6673273696460456,0.0,0.0,0.0,0.6666666865348816,0.0006606911147173378,0.0,0.0,0.0,0.0,0.0,,,,,,,
0.007452656514942646,imappo,0.15787330269813538,-1.9825828075408936,0.00015011670556852293,2832.0,,,,,,,,,,,,,,0.12227409136378792,,,,,0.02827095240354538,0.006683183368295431
,imappo,,,,2832.0,0.0,0.0,0.3341592072600861,0.0,0.0,0.0,0.3333333432674408,0.0008258386504849113,0.0,0.0,0.0,0.0,0.0,,,,,,,
0.22112812101840973,imappo,125.2416000366211,-6.7984161376953125,0.0001498166055351784,2833.0,,,,,,,,,,,,,,0.12214071357119038,,,,,0.02786960080265999,0.00669883331283927
,imappo,,,,2833.0,0.0,0.0,0.334941668128522,0.0,0.0,0.0,0.3333333432674408,0.0016083248610812007,0.0,0.0,0.0,0.0,0.0,,,,,,,
0.02815893292427063,imappo,4.393789768218994,-2.830651044845581,0.000149516505501834,2834.0,,,,,,,,,,,,,,0.12200733577859285,,,,,0.02878393977880478,0.013357329182326794
,imappo,,,,2834.0,0.0,0.0,0.6678664008147841,0.0,0.0,0.0,0.6666666865348816,0.001199723421233756,0.0,0.0,0.0,0.0,0.0,,,,,,,
0.0028063696809113026,imappo,0.06216862052679062,-2.5192973613739014,0.0001492164054684895,2835.0,,,,,,,,,,,,,,0.12187395798599532,,,,,0.029730355367064476,0.013349179178476334
,imappo,,,,2835.0,0.0,0.0,0.6674590181078486,0.0,0.0,0.0,0.6666666865348816,0.000792366417528001,0.0,0.0,0.0,0.0,0.0,,,,,,,
0.01655608043074608,imappo,0.03558208793401718,-2.5125882625579834,0.0001489163054351452,2836.0,,,,,,,,,,,,,,0.12174058019339778,,,,,0.02876957692205906,0.013349697925150394
,imappo,,,,2836.0,0.0,0.0,0.6674849294048499,0.0,0.0,0.0,0.6666666865348816,0.0008182428699683442,0.0,0.0,0.0,0.0,0.0,,,,,,,
0.14110122621059418,imappo,139.8748016357422,-6.606152057647705,0.00014861620540180067,2837.0,,,,,,,,,,,,,,0.12160720240080025,,,,,0.02683865837752819,0.0066954572685062885
,imappo,,,,2837.0,0.0,0.0,0.3347728598805588,0.0,0.0,0.0,0.3333333432674408,0.0014395166131180304,0.0,0.0,0.0,0.0,0.0,,,,,,,
-0.0028665827121585608,imappo,0.428643137216568,-2.500429153442383,0.00014831610536845616,2838.0,,,,,,,,,,,,,,0.12147382460820272,,,,,0.03189816698431969,0.013360202312469482
,imappo,,,,2838.0,0.0,0.0,0.6680100697597595,0.0,0.0,0.0,0.6666666865348816,0.0013433534225555377,0.0,0.0,0.0,0.0,0.0,,,,,,,
0.0232960544526577,imappo,158.00379943847656,-5.80268669128418,0.00014801600533511175,2839.0,,,,,,,,,,,,,,0.12134044681560519,,,,,0.030511407181620598,0.006688498426228762
,imappo,,,,2839.0,0.0,0.0,0.3344249557551393,0.0,0.0,0.0,0.3333333432674408,0.0010916124876985123,0.0,0.0,0.0,0.0,0.0,,,,,,,
0.24509941041469574,imappo,168.80274963378906,-6.40476655960083,0.00014771590530176734,2840.0,,,,,,,,,,,,,,0.12120706902300765,,,,,0.026917148381471634,0.0066934204660356045
,imappo,,,,2840.0,0.0,0.0,0.3346710195082778,0.0,0.0,0.0,0.3333333432674408,0.0013376762408370269,0.0,0.0,0.0,0.0,0.0,,,,,,,
0.15448863804340363,imappo,187.5699005126953,-6.77879524230957,0.00014741580526842282,2841.0,,,,,,,,,,,,,,0.12107369123041012,,,,,0.02386527694761753,0.006696305703371763
,imappo,,,,2841.0,0.0,0.0,0.33481532440441697,0.0,0.0,0.0,0.3333333432674408,0.0014819811369761737,0.0,0.0,0.0,0.0,0.0,,,,,,,
0.02113262191414833,imappo,1.036586880683899,-2.4288129806518555,0.00014711570523507841,2842.0,,,,,,,,,,,,,,0.12094031343781259,,,,,0.02980790100991726,0.0133522292599082
,imappo,,,,2842.0,0.0,0.0,0.6676114779156137,0.0,0.0,0.0,0.6666666865348816,0.0009447913807321129,0.0,0.0,0.0,0.0,0.0,,,,,,,
0.15220990777015686,imappo,121.19144439697266,-5.545474052429199,0.0001468156052017339,2843.0,,,,,,,,,,,,,,0.12080693564521505,,,,,0.03453107178211212,0.006692877970635891
,imappo,,,,2843.0,0.0,0.0,0.33464386211062447,0.0,0.0,0.0,0.3333333432674408,0.0013105188431836723,0.0,0.0,0.0,0.0,0.0,,,,,,,
0.43176382780075073,imappo,212.7269287109375,-6.318405628204346,0.0001465155051683895,2844.0,,,,,,,,,,,,,,0.12067355785261752,,,,,0.030249524861574173,0.006680404767394066
,imappo,,,,2844.0,0.0,0.0,0.3340202602221325,0.0,0.0,0.0,0.3333333432674408,0.0006869169546916964,0.0,0.0,0.0,0.0,0.0,,,,,,,
0.058622945100069046,imappo,1.2942062616348267,-2.478142261505127,0.00014621540513504508,2845.0,,,,,,,,,,,,,,0.12054018006001999,,,,,0.026170823723077774,0.01334866601973772
,imappo,,,,2845.0,0.0,0.0,0.6674333279142957,0.0,0.0,0.0,0.6666666865348816,0.0007666352530577569,0.0,0.0,0.0,0.0,0.0,,,,,,,
0.0648178681731224,imappo,7.430655479431152,-2.4606871604919434,0.00014591530510170056,2846.0,,,,,,,,,,,,,,0.12040680226742245,,,,,0.031981371343135834,0.0133582828566432
,imappo,,,,2846.0,0.0,0.0,0.6679142639019346,0.0,0.0,0.0,0.6666666865348816,0.001247547084517464,0.0,0.0,0.0,0.0,0.0,,,,,,,
0.09510757029056549,imappo,114.2283706665039,-5.705365180969238,0.00014561520506835627,2847.0,,,,,,,,,,,,,,0.12027342447482492,,,,,0.03242402896285057,0.006696019787341356
,imappo,,,,2847.0,0.0,0.0,0.33480096280004545,0.0,0.0,0.0,0.3333333432674408,0.0014675897302822705,0.0,0.0,0.0,0.0,0.0,,,,,,,
0.13473330438137054,imappo,115.79681396484375,-5.646302223205566,0.00014531510503501175,2848.0,,,,,,,,,,,,,,0.12014004668222739,,,,,0.03172147274017334,0.006695745512843132
,imappo,,,,2848.0,0.0,0.0,0.33478724204269383,0.0,0.0,0.0,0.3333333432674408,0.0014538689729306498,0.0,0.0,0.0,0.0,0.0,,,,,,,
0.061319492757320404,imappo,23.128969192504883,-2.547274589538574,0.00014501500500166723,2849.0,,,,,,,,,,,,,,0.12000666888962985,,,,,0.03162518888711929,0.01335383765399456
,imappo,,,,2849.0,0.0,0.0,0.6676918815444424,0.0,0.0,0.0,0.6666666865348816,0.0010251652072383877,0.0,0.0,0.0,0.0,0.0,,,,,,,
0.0011275829747319221,imappo,1.3604642152786255,-1.91667640209198,0.00014471490496832282,2850.0,,,,,,,,,,,,,,0.11987329109703232,,,,,0.026294220238924026,0.006684762425720692
,imappo,,,,2850.0,0.0,0.0,0.3342381136473307,0.0,0.0,0.0,0.3333333432674408,0.0009047308114134012,0.0,0.0,0.0,0.0,0.0,,,,,,,
-0.004190416540950537,imappo,0.9674986004829407,-0.78183513879776,0.00014441480493497842,2851.0,,,,,,,,,,,,,,0.11973991330443479,,,,,0.004860680550336838,3.13170748995617e-05
,imappo,,,,2851.0,0.0,0.0,0.0015658536641183218,0.0,0.0,0.0,0.0,0.0015658536641183218,0.0,0.0,0.0,0.0,0.0,,,,,,,
0.0610751248896122,imappo,1.4360698461532593,-2.4816958904266357,0.0001441147049016339,2852.0,,,,,,,,,,,,,,0.11960653551183725,,,,,0.03148616850376129,0.013355009257793427
,imappo,,,,2852.0,0.0,0.0,0.6677504856979795,0.0,0.0,0.0,0.6666666865348816,0.0010837693607754773,0.0,0.0,0.0,0.0,0.0,,,,,,,
0.11104945838451385,imappo,10.436954498291016,-2.8829753398895264,0.0001438146048682895,2853.0,,,,,,,,,,,,,,0.11947315771923972,,,,,0.03192755952477455,0.013361125253140926
,imappo,,,,2853.0,0.0,0.0,0.6680562617439136,0.0,0.0,0.0,0.6666666865348816,0.001389581316288968,0.0,0.0,0.0,0.0,0.0,,,,,,,
0.04608495533466339,imappo,0.5419774651527405,-2.401034355163574,0.00014351450483494497,2854.0,,,,,,,,,,,,,,0.11933977992664219,,,,,0.03042837232351303,0.013357844203710556
,imappo,,,,2854.0,0.0,0.0,0.6678922614401017,0.0,0.0,0.0,0.6666666865348816,0.0012255749052201281,0.0,0.0,0.0,0.0,0.0,,,,,,,
0.01098801102489233,imappo,6.395697116851807,-2.916715621948242,0.00014321440480160057,2855.0,,,,,,,,,,,,,,0.11920640213404465,,,,,0.028623376041650772,0.01335543766617775
,imappo,,,,2855.0,0.0,0.0,0.6677718433527389,0.0,0.0,0.0,0.6666666865348816,0.0011051582148411399,0.0,0.0,0.0,0.0,0.0,,,,,,,
0.003511368064209819,imappo,0.2000052034854889,-1.7940913438796997,0.00014291430476825616,2856.0,,,,,,,,,,,,,,0.11907302434144712,,,,,0.02537510171532631,0.0066850800067186356
,imappo,,,,2856.0,0.0,0.0,0.33425399026953073,0.0,0.0,0.0,0.3333333432674408,0.000920643720633052,0.0,0.0,0.0,0.0,0.0,,,,,,,
0.12435299903154373,imappo,0.19568534195423126,-2.346449375152588,0.00014261420473491164,2857.0,,,,,,,,,,,,,,0.11893964654884959,,,,,0.02924710512161255,0.006688169203698635
,imappo,,,,2857.0,0.0,0.0,0.33440842563231854,0.0,0.0,0.0,0.3333333432674408,0.0010750931260190555,0.0,0.0,0.0,0.0,0.0,,,,,,,
0.22507469356060028,imappo,126.57827758789062,-5.42405891418457,0.00014231410470156723,2858.0,,,,,,,,,,,,,,0.11880626875625205,,,,,0.029967397451400757,0.006690851878374815
,imappo,,,,2858.0,0.0,0.0,0.33454258546453275,0.0,0.0,0.0,0.3333333432674408,0.0012092421970919531,0.0,0.0,0.0,0.0,0.0,,,,,,,
0.17947831749916077,imappo,125.07707214355469,-5.4156975746154785,0.00014201400466822283,2859.0,,,,,,,,,,,,,,0.11867289096365452,,,,,0.029355879873037338,0.006691107526421547
,imappo,,,,2859.0,0.0,0.0,0.3345553945222264,0.0,0.0,0.0,0.3333333432674408,0.0012220214524631956,0.0,0.0,0.0,0.0,0.0,,,,,,,
0.10484359413385391,imappo,0.7143200635910034,-2.442357063293457,0.0001417139046348783,2860.0,,,,,,,,,,,,,,0.11853951317105699,,,,,0.029563969001173973,0.013354890048503876
,imappo,,,,2860.0,0.0,0.0,0.6677444681348561,0.0,0.0,0.0,0.6666666865348816,0.0010777517976521267,0.0,0.0,0.0,0.0,0.0,,,,,,,
0.0029770524706691504,imappo,2.6207361221313477,-2.603820323944092,0.0001414138046015339,2861.0,,,,,,,,,,,,,,0.11840613537845945,,,,,0.02749304100871086,0.01335358340293169
,imappo,,,,2861.0,0.0,0.0,0.6676792428133922,0.0,0.0,0.0,0.6666666865348816,0.0010125514254468726,0.0,0.0,0.0,0.0,0.0,,,,,,,
-0.009368407540023327,imappo,0.233368381857872,-2.167508125305176,0.0001411137045681895,2862.0,,,,,,,,,,,,,,0.11827275758586198,,,,,0.029518932104110718,0.01334649883210659
,imappo,,,,2862.0,0.0,0.0,0.6673249471814415,0.0,0.0,0.0,0.6666666865348816,0.0006582606465599383,0.0,0.0,0.0,0.0,0.0,,,,,,,
0.03572378680109978,imappo,3.4206457138061523,-2.7423148155212402,0.00014081360453484498,2863.0,,,,,,,,,,,,,,0.11813937979326439,,,,,0.03210856765508652,0.013352402485907078
,imappo,,,,2863.0,0.0,0.0,0.6676201879372456,0.0,0.0,0.0,0.6666666865348816,0.0009535189919915865,0.0,0.0,0.0,0.0,0.0,,,,,,,
0.008237610571086407,imappo,0.2653978765010834,-2.1780049800872803,0.00014051350450150057,2864.0,,,,,,,,,,,,,,0.11800600200066685,,,,,0.031905703246593475,0.013353949412703514
,imappo,,,,2864.0,0.0,0.0,0.6676974939420006,0.0,0.0,0.0,0.6666666865348816,0.001030831199500426,0.0,0.0,0.0,0.0,0.0,,,,,,,
0.21010278165340424,imappo,156.6160888671875,-6.87087869644165,0.00014021340446815605,2865.0,,,,,,,,,,,,,,0.11787262420806932,,,,,0.02622319757938385,0.00668962299823761
,imappo,,,,2865.0,0.0,0.0,0.33448113842840144,0.0,0.0,0.0,0.3333333432674408,0.0011477951609606407,0.0,0.0,0.0,0.0,0.0,,,,,,,
0.3721001446247101,imappo,134.66685485839844,-7.014843940734863,0.00013991330443481164,2866.0,,,,,,,,,,,,,,0.11773924641547184,,,,,0.029651470482349396,0.006691982038319111
,imappo,,,,2866.0,0.0,0.0,0.33459913954084186,0.0,0.0,0.0,0.3333333432674408,0.0012657962734010653,0.0,0.0,0.0,0.0,0.0,,,,,,,
0.021659323945641518,imappo,1.5916060209274292,-2.828562021255493,0.00013961320440146723,2867.0,,,,,,,,,,,,,,0.11760586862287425,,,,,0.03301548957824707,0.0133559200912714
,imappo,,,,2867.0,0.0,0.0,0.6677959569228875,0.0,0.0,0.0,0.6666666865348816,0.0011292903386816988,0.0,0.0,0.0,0.0,0.0,,,,,,,
-0.007110338658094406,imappo,1.392033338546753,-2.857987403869629,0.00013931310436812272,2868.0,,,,,,,,,,,,,,0.11747249083027672,,,,,0.03263935074210167,0.013355633243918419
,imappo,,,,2868.0,0.0,0.0,0.6677816005935711,0.0,0.0,0.0,0.6666666865348816,0.0011149267479595437,0.0,0.0,0.0,0.0,0.0,,,,,,,
0.3434535264968872,imappo,148.66998291015625,-7.147540092468262,0.0001390130043347783,2869.0,,,,,,,,,,,,,,0.11733911303767919,,,,,0.025333628058433533,0.006704592611640692
,imappo,,,,2869.0,0.0,0.0,0.33522961614835367,0.0,0.0,0.0,0.3333333432674408,0.0018962728809128748,0.0,0.0,0.0,0.0,0.0,,,,,,,
0.005404475145041943,imappo,0.30826735496520996,-2.40022349357605,0.0001387129043014339,2870.0,,,,,,,,,,,,,,0.11720573524508171,,,,,0.028629284352064133,0.013347984291613102
,imappo,,,,2870.0,0.0,0.0,0.6673991831020771,0.0,0.0,0.0,0.6666666865348816,0.0007325060077505441,0.0,0.0,0.0,0.0,0.0,,,,,,,
0.010942213237285614,imappo,7.430133819580078,-4.227190971374512,0.00013841280426808939,2871.0,,,,,,,,,,,,,,0.11707235745248412,,,,,0.028484035283327103,1.9002833141712472e-05
,imappo,,,,2871.0,0.0,0.0,0.0009501417498540832,0.0,0.0,0.0,0.0,0.0009501417498540832,0.0,0.0,0.0,0.0,0.0,,,,,,,
0.051613807678222656,imappo,0.5473057627677917,-2.677603006362915,0.00013811270423474498,2872.0,,,,,,,,,,,,,,0.11693897965988659,,,,,0.027243006974458694,0.013353347778320312
,imappo,,,,2872.0,0.0,0.0,0.6676673773015409,0.0,0.0,0.0,0.6666666865348816,0.0010006907666593179,0.0,0.0,0.0,0.0,0.0,,,,,,,
0.11263886839151382,imappo,1.6581944227218628,-2.848466634750366,0.00013781260420140046,2873.0,,,,,,,,,,,,,,0.11680560186728906,,,,,0.031238626688718796,0.013351286761462688
,imappo,,,,2873.0,0.0,0.0,0.6675643026577518,0.0,0.0,0.0,0.6666666865348816,0.0008976255802508604,0.0,0.0,0.0,0.0,0.0,,,,,,,
0.30902132391929626,imappo,162.69314575195312,-6.487889766693115,0.00013751250416805605,2874.0,,,,,,,,,,,,,,0.11667222407469158,,,,,0.02997450716793537,0.006674054078757763
,imappo,,,,2874.0,0.0,0.0,0.3337027064657434,0.0,0.0,0.0,0.3333333432674408,0.000369363198302608,0.0,0.0,0.0,0.0,0.0,,,,,,,
0.052883073687553406,imappo,0.2747155427932739,-2.7829151153564453,0.00013721240413471164,2875.0,,,,,,,,,,,,,,0.11653884628209399,,,,,0.03151608258485794,0.01335239689797163
,imappo,,,,2875.0,0.0,0.0,0.6676198553099653,0.0,0.0,0.0,0.6666666865348816,0.0009531389727612805,0.0,0.0,0.0,0.0,0.0,,,,,,,
0.06110937148332596,imappo,4.859963417053223,-3.2930490970611572,0.00013691230410136713,2876.0,,,,,,,,,,,,,,0.11640546848949646,,,,,0.02721521630883217,0.01335132122039795
,imappo,,,,2876.0,0.0,0.0,0.6675659993661611,0.0,0.0,0.0,0.6666666865348816,0.0008993128312795307,0.0,0.0,0.0,0.0,0.0,,,,,,,
0.015054605901241302,imappo,0.2837844789028168,-2.7104709148406982,0.00013661220406802272,2877.0,,,,,,,,,,,,,,0.11627209069689892,,,,,0.026138266548514366,0.013353419490158558
,imappo,,,,2877.0,0.0,0.0,0.667670947579154,0.0,0.0,0.0,0.6666666865348816,0.0010042538920060906,0.0,0.0,0.0,0.0,0.0,,,,,,,
0.010417603887617588,imappo,3.001054048538208,-2.931777000427246,0.0001363121040346783,2878.0,,,,,,,,,,,,,,0.11613871290430144,,,,,0.03022729977965355,0.013352150097489357
,imappo,,,,2878.0,0.0,0.0,0.6676074197540629,0.0,0.0,0.0,0.6666666865348816,0.0009407332191813111,0.0,0.0,0.0,0.0,0.0,,,,,,,
0.13800479471683502,imappo,192.66307067871094,-7.162123203277588,0.0001360120040013338,2879.0,,,,,,,,,,,,,,0.11600533511170386,,,,,0.02100880816578865,0.0067092012614011765
,imappo,,,,2879.0,0.0,0.0,0.3354600905186089,0.0,0.0,0.0,0.3333333432674408,0.0021267472511681262,0.0,0.0,0.0,0.0,0.0,,,,,,,
0.08529089391231537,imappo,154.59051513671875,-6.346508979797363,0.0001357119039679894,2880.0,,,,,,,,,,,,,,0.11587195731910632,,,,,0.030622966587543488,0.006683179177343845
,imappo,,,,2880.0,0.0,0.0,0.33415891576350987,0.0,0.0,0.0,0.3333333432674408,0.0008255724960690713,0.0,0.0,0.0,0.0,0.0,,,,,,,
-0.0018977300496771932,imappo,5.839072227478027,-3.488349199295044,0.00013541180393464498,2881.0,,,,,,,,,,,,,,0.11573857952650884,,,,,0.02388438954949379,1.784552659955807e-05
,imappo,,,,2881.0,0.0,0.0,0.0008922763731789018,0.0,0.0,0.0,0.0,0.0008922763731789018,0.0,0.0,0.0,0.0,0.0,,,,,,,
0.3437947630882263,imappo,182.37374877929688,-7.162123203277588,0.00013511170390130046,2882.0,,,,,,,,,,,,,,0.11560520173391131,,,,,0.01769600436091423,0.006710250396281481
,imappo,,,,2882.0,0.0,0.0,0.33551249879928946,0.0,0.0,0.0,0.3333333432674408,0.0021791555318486644,0.0,0.0,0.0,0.0,0.0,,,,,,,
0.06460210680961609,imappo,1.1370797157287598,-2.859659433364868,0.00013481160386795605,2883.0,,,,,,,,,,,,,,0.11547182394131372,,,,,0.030334733426570892,0.013350690715014935
,imappo,,,,2883.0,0.0,0.0,0.6675344833714121,0.0,0.0,0.0,0.6666666865348816,0.0008677968365304878,0.0,0.0,0.0,0.0,0.0,,,,,,,
0.008522228337824345,imappo,0.1504700481891632,-2.907895565032959,0.00013451150383461154,2884.0,,,,,,,,,,,,,,0.11533844614871619,,,,,0.030570149421691895,0.013349137268960476
,imappo,,,,2884.0,0.0,0.0,0.6674568795042433,0.0,0.0,0.0,0.6666666865348816,0.0007901862027210882,0.0,0.0,0.0,0.0,0.0,,,,,,,
0.005512031260877848,imappo,0.12436679750680923,-2.5613956451416016,0.00013421140380126713,2885.0,,,,,,,,,,,,,,0.11520506835611871,,,,,0.029178578406572342,0.01334595400840044
,imappo,,,,2885.0,0.0,0.0,0.6672977003469782,0.0,0.0,0.0,0.6666666865348816,0.0006310158530027365,0.0,0.0,0.0,0.0,0.0,,,,,,,
0.05383515730500221,imappo,2.167917490005493,-3.26694917678833,0.00013391130376792272,2886.0,,,,,,,,,,,,,,0.11507169056352118,,,,,0.02633284404873848,0.013350386172533035
,imappo,,,,2886.0,0.0,0.0,0.66751929023917,0.0,0.0,0.0,0.6666666865348816,0.0008526222579803289,0.0,0.0,0.0,0.0,0.0,,,,,,,
0.12778083980083466,imappo,180.8751983642578,-7.130710601806641,0.0001336112037345782,2887.0,,,,,,,,,,,,,,0.11493831277092359,,,,,0.03596882522106171,0.006663164589554071
,imappo,,,,2887.0,0.0,0.0,0.3331582346938262,0.0,0.0,0.0,0.3333333432674408,-0.00017513837593696735,0.0,0.0,0.0,0.0,0.0,,,,,,,
0.025882236659526825,imappo,0.08345284312963486,-2.5361201763153076,0.0001333111037012338,2888.0,,,,,,,,,,,,,,0.11480493497832606,,,,,0.027385560795664787,0.013346931897103786
,imappo,,,,2888.0,0.0,0.0,0.6673466476800058,0.0,0.0,0.0,0.6666666865348816,0.0006799741618124244,0.0,0.0,0.0,0.0,0.0,,,,,,,
0.004025452770292759,imappo,0.24568648636341095,-0.9796918630599976,0.0001330110036678894,2889.0,,,,,,,,,,,,,,0.11467155718572858,,,,,0.005565735977143049,2.826602394634392e-05
,imappo,,,,2889.0,0.0,0.0,0.0014133011389958483,0.0,0.0,0.0,0.0,0.0014133011389958483,0.0,0.0,0.0,0.0,0.0,,,,,,,
0.014534711837768555,imappo,0.028585389256477356,-3.0943603515625,0.00013271090363454487,2890.0,,,,,,,,,,,,,,0.11453817939313105,,,,,0.028377270326018333,0.013348007574677467
,imappo,,,,2890.0,0.0,0.0,0.6674003724338036,0.0,0.0,0.0,0.6666666865348816,0.0007336858989219763,0.0,0.0,0.0,0.0,0.0,,,,,,,
0.07454413920640945,imappo,0.689852774143219,-2.8607802391052246,0.00013241080360120046,2891.0,,,,,,,,,,,,,,0.11440480160053346,,,,,0.030951138585805893,0.013351866975426674
,imappo,,,,2891.0,0.0,0.0,0.6675933782642005,0.0,0.0,0.0,0.6666666865348816,0.0009266866234156623,0.0,0.0,0.0,0.0,0.0,,,,,,,
0.059350110590457916,imappo,234.98495483398438,-7.054812908172607,0.00013211070356785595,2892.0,,,,,,,,,,,,,,0.11427142380793592,,,,,0.03380633518099785,0.006679327692836523
,imappo,,,,2892.0,0.0,0.0,0.33396637269009943,0.0,0.0,0.0,0.3333333432674408,0.0006330294226586375,0.0,0.0,0.0,0.0,0.0,,,,,,,
0.48371419310569763,imappo,225.88197326660156,-6.559164524078369,0.00013181060353451154,2893.0,,,,,,,,,,,,,,0.11413804601533845,,,,,0.0266239233314991,0.0066809640266001225
,imappo,,,,2893.0,0.0,0.0,0.33404819269975405,0.0,0.0,0.0,0.3333333432674408,0.0007148494323132581,0.0,0.0,0.0,0.0,0.0,,,,,,,
-0.0017077921656891704,imappo,2.638216257095337,-3.3856492042541504,0.00013151050350116713,2894.0,,,,,,,,,,,,,,0.11400466822274091,,,,,0.026379916816949844,0.01335100457072258
,imappo,,,,2894.0,0.0,0.0,0.6675502217393614,0.0,0.0,0.0,0.6666666865348816,0.0008835352044798128,0.0,0.0,0.0,0.0,0.0,,,,,,,
0.03136620670557022,imappo,0.18368209898471832,-2.7132740020751953,0.00013121040346782261,2895.0,,,,,,,,,,,,,,0.11387129043014332,,,,,0.02523765340447426,0.013346823863685131
,imappo,,,,2895.0,0.0,0.0,0.6673411966971798,0.0,0.0,0.0,0.6666666865348816,0.0006745386112925189,0.0,0.0,0.0,0.0,0.0,,,,,,,
0.0017213891260325909,imappo,0.12191354483366013,-3.1315226554870605,0.0001309103034344782,2896.0,,,,,,,,,,,,,,0.11373791263754585,,,,,0.02700570598244667,0.013347694650292397
,imappo,,,,2896.0,0.0,0.0,0.6673847465399376,0.0,0.0,0.0,0.6666666865348816,0.0007180954080467927,0.0,0.0,0.0,0.0,0.0,,,,,,,
0.006639191880822182,imappo,0.2344721555709839,-2.4472618103027344,0.0001306102034011338,2897.0,,,,,,,,,,,,,,0.11360453484494831,,,,,0.02583381161093712,0.013350262306630611
,imappo,,,,2897.0,0.0,0.0,0.6675131597946802,0.0,0.0,0.0,0.6666666865348816,0.0008464778727557132,0.0,0.0,0.0,0.0,0.0,,,,,,,
0.034729328006505966,imappo,0.34805285930633545,-3.029081344604492,0.00013031010336778928,2898.0,,,,,,,,,,,,,,0.11347115705235078,,,,,0.029937151819467545,0.013353032059967518
,imappo,,,,2898.0,0.0,0.0,0.6676516204734071,0.0,0.0,0.0,0.6666666865348816,0.000984904136203113,0.0,0.0,0.0,0.0,0.0,,,,,,,
0.03744475170969963,imappo,201.78878784179688,-7.148158550262451,0.00013001000333444487,2899.0,,,,,,,,,,,,,,0.11333777925975319,,,,,0.031292226165533066,0.006698970217257738
,imappo,,,,2899.0,0.0,0.0,0.3349485254896081,0.0,0.0,0.0,0.3333333432674408,0.0016151524198448897,0.0,0.0,0.0,0.0,0.0,,,,,,,
,imappo,,,,2899.0,,,,,,,,,,,,,,,0.0,0.0,0.6666666865348816,0.0,,
0.021619588136672974,imappo,0.2240455448627472,-3.184788703918457,0.00012970990330110046,2900.0,,,,,,,,,,,,,,0.11320440146715571,,,,,0.03320212662220001,0.013356395065784454
,imappo,,,,2900.0,0.0,0.0,0.6678198026106656,0.0,0.0,0.0,0.6666666865348816,0.0011531160757840553,0.0,0.0,0.0,0.0,0.0,,,,,,,
0.014363188296556473,imappo,0.2551944851875305,-3.2005391120910645,0.00012940980326775595,2901.0,,,,,,,,,,,,,,0.11307102367455818,,,,,0.03217985853552818,0.013356420211493969
,imappo,,,,2901.0,0.0,0.0,0.6678210193845189,0.0,0.0,0.0,0.6666666865348816,0.001154332849637285,0.0,0.0,0.0,0.0,0.0,,,,,,,
0.10174127668142319,imappo,0.09702695906162262,-3.364964723587036,0.00012910970323441154,2902.0,,,,,,,,,,,,,,0.11293764588196065,,,,,0.03179462254047394,0.013353471644222736
,imappo,,,,2902.0,0.0,0.0,0.6676736054705543,0.0,0.0,0.0,0.6666666865348816,0.0010069189356727293,0.0,0.0,0.0,0.0,0.0,,,,,,,
0.0012410939671099186,imappo,1.1503033638000488,-3.783203601837158,0.00012880960320106702,2903.0,,,,,,,,,,,,,,0.11280426808936306,,,,,0.030638400465250015,0.013355307281017303
,imappo,,,,2903.0,0.0,0.0,0.6677653491087767,0.0,0.0,0.0,0.6666666865348816,0.0010986625738951261,0.0,0.0,0.0,0.0,0.0,,,,,,,
0.0004890908603556454,imappo,0.13339565694332123,-2.5282540321350098,0.00012850950316772262,2904.0,,,,,,,,,,,,,,0.11267089029676558,,,,,0.024646934121847153,0.0066856564953923225
,imappo,,,,2904.0,0.0,0.0,0.334282806507872,0.0,0.0,0.0,0.3333333432674408,0.0009494632404312142,0.0,0.0,0.0,0.0,0.0,,,,,,,
0.0482090525329113,imappo,0.19506359100341797,-3.0398025512695312,0.0001282094031343782,2905.0,,,,,,,,,,,,,,0.11253751250416805,,,,,0.0285327211022377,0.013352027162909508
,imappo,,,,2905.0,0.0,0.0,0.6676014150039009,0.0,0.0,0.0,0.6666666865348816,0.0009346986666969315,0.0,0.0,0.0,0.0,0.0,,,,,,,
0.06998395919799805,imappo,0.5339793562889099,-3.1625049114227295,0.0001279093031010337,2906.0,,,,,,,,,,,,,,0.11240413471157051,,,,,0.029746074229478836,0.013355019502341747
,imappo,,,,2906.0,0.0,0.0,0.6677509342900976,0.0,0.0,0.0,0.6666666865348816,0.0010842775575383712,0.0,0.0,0.0,0.0,0.0,,,,,,,
0.0018752722535282373,imappo,0.15809234976768494,-2.471120595932007,0.00012760920306768917,2907.0,,,,,,,,,,,,,,0.11227075691897292,,,,,0.022446490824222565,0.006684217602014542
,imappo,,,,2907.0,0.0,0.0,0.3342108612019262,0.0,0.0,0.0,0.3333333432674408,0.0008775135470829865,0.0,0.0,0.0,0.0,0.0,,,,,,,
0.4699459373950958,imappo,231.47402954101562,-7.156981468200684,0.00012730910303434487,2908.0,,,,,,,,,,,,,,0.11213737912637545,,,,,0.02809269353747368,0.0066912975162267685
,imappo,,,,2908.0,0.0,0.0,0.3345648585282106,0.0,0.0,0.0,0.3333333432674408,0.001231515260769811,0.0,0.0,0.0,0.0,0.0,,,,,,,
0.04415162652730942,imappo,0.04652141407132149,-3.4846036434173584,0.00012700900300100036,2909.0,,,,,,,,,,,,,,0.11200400133377791,,,,,0.030343741178512573,0.013353229500353336
,imappo,,,,2909.0,0.0,0.0,0.6676614475891256,0.0,0.0,0.0,0.6666666865348816,0.0009947610542440088,0.0,0.0,0.0,0.0,0.0,,,,,,,
0.07616423815488815,imappo,231.00048828125,-6.694619655609131,0.00012670890296765595,2910.0,,,,,,,,,,,,,,0.11187062354118038,,,,,0.03189461678266525,0.006687465123832226
,imappo,,,,2910.0,0.0,0.0,0.33437324864303264,0.0,0.0,0.0,0.3333333432674408,0.001039905375591843,0.0,0.0,0.0,0.0,0.0,,,,,,,
0.0079570934176445,imappo,251.57623291015625,-6.608695030212402,0.00012640880293431154,2911.0,,,,,,,,,,,,,,0.11173724574858285,,,,,0.030121861025691032,0.006686383858323097
,imappo,,,,2911.0,0.0,0.0,0.3343192276493028,0.0,0.0,0.0,0.3333333432674408,0.0009858545795395912,0.0,0.0,0.0,0.0,0.0,,,,,,,
0.06930173188447952,imappo,0.11205200105905533,-3.4416635036468506,0.00012610870290096702,2912.0,,,,,,,,,,,,,,0.11160386795598531,,,,,0.029168836772441864,0.013353108428418636
,imappo,,,,2912.0,0.0,0.0,0.6676554013738496,0.0,0.0,0.0,0.6666666865348816,0.0009887148389680078,0.0,0.0,0.0,0.0,0.0,,,,,,,
0.0616772286593914,imappo,1.6638381481170654,-3.5012593269348145,0.00012580860286762262,2913.0,,,,,,,,,,,,,,0.11147049016338778,,,,,0.03191870078444481,0.013352526351809502
,imappo,,,,2913.0,0.0,0.0,0.6676263673311951,0.0,0.0,0.0,0.6666666865348816,0.0009596807963134779,0.0,0.0,0.0,0.0,0.0,,,,,,,
-0.006379060447216034,imappo,0.41191306710243225,-1.2282716035842896,0.0001255085028342781,2914.0,,,,,,,,,,,,,,0.11133711237079025,,,,,0.003399759531021118,2.4320925149368122e-05
,imappo,,,,2914.0,0.0,0.0,0.001216046213272648,0.0,0.0,0.0,0.0,0.001216046213272648,0.0,0.0,0.0,0.0,0.0,,,,,,,
0.11149304360151291,imappo,214.9344940185547,-6.905810356140137,0.0001252084028009337,2915.0,,,,,,,,,,,,,,0.11120373457819271,,,,,0.02871021069586277,0.006688268855214119
,imappo,,,,2915.0,0.0,0.0,0.33441339833279926,0.0,0.0,0.0,0.3333333432674408,0.001080055065358465,0.0,0.0,0.0,0.0,0.0,,,,,,,
0.011193888261914253,imappo,0.09626033902168274,-3.0376672744750977,0.00012490830276758928,2916.0,,,,,,,,,,,,,,0.11107035678559518,,,,,0.02837172895669937,0.013344482518732548
,imappo,,,,2916.0,0.0,0.0,0.6672241625254003,0.0,0.0,0.0,0.6666666865348816,0.0005575021039305739,0.0,0.0,0.0,0.0,0.0,,,,,,,
0.27326685190200806,imappo,249.3851776123047,-7.127194881439209,0.00012460820273424477,2917.0,,,,,,,,,,,,,,0.11093697899299765,,,,,0.029721606522798538,0.006689873524010181
,imappo,,,,2917.0,0.0,0.0,0.3344936908792988,0.0,0.0,0.0,0.3333333432674408,0.0011603476118580147,0.0,0.0,0.0,0.0,0.0,,,,,,,
-0.004275030456483364,imappo,0.12070105224847794,-2.7018685340881348,0.00012430810270090025,2918.0,,,,,,,,,,,,,,0.11080360120040011,,,,,0.02302960492670536,0.01334641594439745
,imappo,,,,2918.0,0.0,0.0,0.6673208077384629,0.0,0.0,0.0,0.6666666865348816,0.0006541148116525619,0.0,0.0,0.0,0.0,0.0,,,,,,,
0.23728586733341217,imappo,245.21116638183594,-6.70925760269165,0.00012400800266755595,2919.0,,,,,,,,,,,,,,0.11067022340780258,,,,,0.029197821393609047,0.006689401809126139
,imappo,,,,2919.0,0.0,0.0,0.3344701357473241,0.0,0.0,0.0,0.3333333432674408,0.0011367924798832973,0.0,0.0,0.0,0.0,0.0,,,,,,,
-0.005424477159976959,imappo,0.29857397079467773,-3.106841564178467,0.00012370790263421143,2920.0,,,,,,,,,,,,,,0.11053684561520505,,,,,0.02465437725186348,0.013348175212740898
,imappo,,,,2920.0,0.0,0.0,0.6674087770253436,0.0,0.0,0.0,0.6666666865348816,0.0007421155270321833,0.0,0.0,0.0,0.0,0.0,,,,,,,
-0.003847415093332529,imappo,0.2214512676000595,-2.7683098316192627,0.00012340780260086703,2921.0,,,,,,,,,,,,,,0.11040346782260752,,,,,0.019631274044513702,0.013350987806916237
,imappo,,,,2921.0,0.0,0.0,0.667549299433631,0.0,0.0,0.0,0.6666666865348816,0.0008826300409054966,0.0,0.0,0.0,0.0,0.0,,,,,,,
-0.001367949997074902,imappo,0.13001179695129395,-2.8009655475616455,0.0001231077025675225,2922.0,,,,,,,,,,,,,,0.11027009003000998,,,,,0.017720628529787064,0.013351325877010822
,imappo,,,,2922.0,0.0,0.0,0.6675662437864958,0.0,0.0,0.0,0.6666666865348816,0.000899554172065109,0.0,0.0,0.0,0.0,0.0,,,,,,,
0.17020218074321747,imappo,240.29751586914062,-6.880958557128906,0.0001228076025341781,2923.0,,,,,,,,,,,,,,0.11013671223741245,,,,,0.03168085962533951,0.006695311516523361
,imappo,,,,2923.0,0.0,0.0,0.33476558468828443,0.0,0.0,0.0,0.3333333432674408,0.0014322116185212508,0.0,0.0,0.0,0.0,0.0,,,,,,,
-0.005793367978185415,imappo,0.1574140191078186,-3.6776790618896484,0.0001225075025008337,2924.0,,,,,,,,,,,,,,0.11000333444481492,,,,,0.034847475588321686,0.013348285108804703
,imappo,,,,2924.0,0.0,0.0,0.6674142525620255,0.0,0.0,0.0,0.6666666865348816,0.0007475581872995463,0.0,0.0,0.0,0.0,0.0,,,,,,,
0.26752254366874695,imappo,242.24156188964844,-6.964257717132568,0.00012220740246748918,2925.0,,,,,,,,,,,,,,0.10986995665221738,,,,,0.03064068779349327,0.0066945296712219715
,imappo,,,,2925.0,0.0,0.0,0.33472650867861375,0.0,0.0,0.0,0.3333333432674408,0.0013931654111729586,0.0,0.0,0.0,0.0,0.0,,,,,,,
0.3827548325061798,imappo,356.83477783203125,-7.162123203277588,0.00012190730243414477,2926.0,,,,,,,,,,,,,,0.10973657885961985,,,,,0.024902433156967163,0.006714908871799707
,imappo,,,,2926.0,0.0,0.0,0.33574545808187395,0.0,0.0,0.0,0.3333333432674408,0.0024121345468302025,0.0,0.0,0.0,0.0,0.0,,,,,,,
0.02349403314292431,imappo,0.9788177609443665,-3.5851705074310303,0.00012160720240080036,2927.0,,,,,,,,,,,,,,0.10960320106702232,,,,,0.032231662422418594,9.674010470916983e-06
,imappo,,,,2927.0,0.0,0.0,0.0004837004971705028,0.0,0.0,0.0,0.0,0.0004837004971705028,0.0,0.0,0.0,0.0,0.0,,,,,,,
0.054019439965486526,imappo,0.6436325311660767,-3.9741902351379395,0.00012130710236745584,2928.0,,,,,,,,,,,,,,0.10946982327442478,,,,,0.030387714505195618,0.013343933038413525
,imappo,,,,2928.0,0.0,0.0,0.667196609485984,0.0,0.0,0.0,0.6666666865348816,0.0005299349236906892,0.0,0.0,0.0,0.0,0.0,,,,,,,
0.1688881367444992,imappo,291.706298828125,-7.162123203277588,0.00012100700233411133,2929.0,,,,,,,,,,,,,,0.10933644548182725,,,,,0.027866177260875702,0.006686108186841011
,imappo,,,,2929.0,0.0,0.0,0.3343053986406801,0.0,0.0,0.0,0.3333333432674408,0.0009720553732393,0.0,0.0,0.0,0.0,0.0,,,,,,,
0.09750255942344666,imappo,26.423809051513672,-4.319123268127441,0.00012070690230076703,2930.0,,,,,,,,,,,,,,0.10920306768922972,,,,,0.032282620668411255,0.013345612213015556
,imappo,,,,2930.0,0.0,0.0,0.6672805912178887,0.0,0.0,0.0,0.6666666865348816,0.000613926472226467,0.0,0.0,0.0,0.0,0.0,,,,,,,
0.09453804045915604,imappo,0.5122972130775452,-3.5831921100616455,0.00012040680226742251,2931.0,,,,,,,,,,,,,,0.10906968989663218,,,,,0.028042210265994072,0.01335112378001213
,imappo,,,,2931.0,0.0,0.0,0.6675562112702664,0.0,0.0,0.0,0.6666666865348816,0.000889524735384839,0.0,0.0,0.0,0.0,0.0,,,,,,,
0.1481330841779709,imappo,0.270812064409256,-3.4635307788848877,0.0001201067022340781,2932.0,,,,,,,,,,,,,,0.10893631210403465,,,,,0.027063293382525444,0.013351449742913246
,imappo,,,,2932.0,0.0,0.0,0.6675724870152209,0.0,0.0,0.0,0.6666666865348816,0.0009057706780168928,0.0,0.0,0.0,0.0,0.0,,,,,,,
-0.00694999611005187,imappo,0.4697539508342743,-1.5447744131088257,0.00011980660220073359,2933.0,,,,,,,,,,,,,,0.10880293431143712,,,,,0.005526034161448479,3.278891017544083e-05
,imappo,,,,2933.0,0.0,0.0,0.0016394453896069194,0.0,0.0,0.0,0.0,0.0016394453896069194,0.0,0.0,0.0,0.0,0.0,,,,,,,
0.09600408375263214,imappo,4.870258331298828,-4.1572585105896,0.00011950650216738918,2934.0,,,,,,,,,,,,,,0.10866955651883958,,,,,0.030689042061567307,0.013350329361855984
,imappo,,,,2934.0,0.0,0.0,0.6675164721165743,0.0,0.0,0.0,0.6666666865348816,0.0008498240712810912,0.0,0.0,0.0,0.0,0.0,,,,,,,
0.001185702160000801,imappo,0.14301155507564545,-3.8559772968292236,0.00011920640213404477,2935.0,,,,,,,,,,,,,,0.10853617872624205,,,,,0.029649551957845688,0.013350505381822586
,imappo,,,,2935.0,0.0,0.0,0.6675252866557457,0.0,0.0,0.0,0.6666666865348816,0.0008586001208641392,0.0,0.0,0.0,0.0,0.0,,,,,,,
0.022942300885915756,imappo,1.145334005355835,-3.8341519832611084,0.00011890630210070025,2936.0,,,,,,,,,,,,,,0.10840280093364452,,,,,0.02322712540626526,1.613556560187135e-05
,imappo,,,,2936.0,0.0,0.0,0.0008067783144838359,0.0,0.0,0.0,0.0,0.0008067783144838359,0.0,0.0,0.0,0.0,0.0,,,,,,,
0.1521632820367813,imappo,322.91180419921875,-7.161909103393555,0.00011860620206735574,2937.0,,,,,,,,,,,,,,0.10826942314104698,,,,,0.02945505455136299,0.00668525043874979
,imappo,,,,2937.0,0.0,0.0,0.3342625154145935,0.0,0.0,0.0,0.3333333432674408,0.0009291721471527126,0.0,0.0,0.0,0.0,0.0,,,,,,,
0.02826543338596821,imappo,0.03812238201498985,-3.247837543487549,0.00011830610203401144,2938.0,,,,,,,,,,,,,,0.10813604534844945,,,,,0.03200795501470566,0.013351616449654102
,imappo,,,,2938.0,0.0,0.0,0.6675808128238714,0.0,0.0,0.0,0.6666666865348816,0.0009141560913121793,0.0,0.0,0.0,0.0,0.0,,,,,,,
0.117939792573452,imappo,304.5109558105469,-6.80411958694458,0.00011800600200066692,2939.0,,,,,,,,,,,,,,0.10800266755585192,,,,,0.02940656989812851,0.006680835038423538
,imappo,,,,2939.0,0.0,0.0,0.3340417411664589,0.0,0.0,0.0,0.3333333432674408,0.0007084277013404972,0.0,0.0,0.0,0.0,0.0,,,,,,,
0.025571485981345177,imappo,0.20285645127296448,-3.7899982929229736,0.0001177059019673224,2940.0,,,,,,,,,,,,,,0.10786928976325438,,,,,0.027708616107702255,0.013350888155400753
,imappo,,,,2940.0,0.0,0.0,0.6675443541062123,0.0,0.0,0.0,0.6666666865348816,0.0008776973736530636,0.0,0.0,0.0,0.0,0.0,,,,,,,
0.05388611555099487,imappo,0.09049024432897568,-3.5998528003692627,0.0001174058019339781,2941.0,,,,,,,,,,,,,,0.1077359119706569,,,,,0.031290970742702484,0.013352513313293457
,imappo,,,,2941.0,0.0,0.0,0.6676256917803585,0.0,0.0,0.0,0.6666666865348816,0.0009590052454768738,0.0,0.0,0.0,0.0,0.0,,,,,,,
0.12122893333435059,imappo,423.0359802246094,-7.162123203277588,0.00011710570190063359,2942.0,,,,,,,,,,,,,,0.10760253417805932,,,,,0.021674470975995064,0.00670603709295392
,imappo,,,,2942.0,0.0,0.0,0.33530184730989276,0.0,0.0,0.0,0.3333333432674408,0.0019685040424519684,0.0,0.0,0.0,0.0,0.0,,,,,,,
0.23028847575187683,imappo,390.74969482421875,-7.160501480102539,0.00011680560186728918,2943.0,,,,,,,,,,,,,,0.10746915638546178,,,,,0.028673473745584488,0.006677782628685236
,imappo,,,,2943.0,0.0,0.0,0.33388909589814375,0.0,0.0,0.0,0.3333333432674408,0.0005557526307029548,0.0,0.0,0.0,0.0,0.0,,,,,,,
0.08397851139307022,imappo,292.52349853515625,-6.696876049041748,0.00011650550183394466,2944.0,,,,,,,,,,,,,,0.10733577859286425,,,,,0.028236277401447296,0.006681083235889673
,imappo,,,,2944.0,0.0,0.0,0.3340541995635249,0.0,0.0,0.0,0.3333333432674408,0.0007208562960840936,0.0,0.0,0.0,0.0,0.0,,,,,,,
0.003868469502776861,imappo,0.17169694602489471,-3.1269636154174805,0.00011620540180060025,2945.0,,,,,,,,,,,,,,0.10720240080026677,,,,,0.03131870925426483,0.013348059728741646
,imappo,,,,2945.0,0.0,0.0,0.667402962288179,0.0,0.0,0.0,0.6666666865348816,0.0007362718679360114,0.0,0.0,0.0,0.0,0.0,,,,,,,
0.1904267966747284,imappo,395.4419860839844,-7.151888847351074,0.00011590530176725585,2946.0,,,,,,,,,,,,,,0.10706902300766918,,,,,0.03284008800983429,0.006672499235719442
,imappo,,,,2946.0,0.0,0.0,0.33362494923361297,0.0,0.0,0.0,0.3333333432674408,0.0002916059661721704,0.0,0.0,0.0,0.0,0.0,,,,,,,
0.22913026809692383,imappo,326.7579345703125,-7.077254295349121,0.00011560520173391133,2947.0,,,,,,,,,,,,,,0.10693564521507165,,,,,0.03003034181892872,0.006682635750621557
,imappo,,,,2947.0,0.0,0.0,0.3341318271354794,0.0,0.0,0.0,0.3333333432674408,0.0007984838680386019,0.0,0.0,0.0,0.0,0.0,,,,,,,
0.08129788190126419,imappo,334.252197265625,-7.116697788238525,0.00011530510170056681,2948.0,,,,,,,,,,,,,,0.10680226742247412,,,,,0.03241173177957535,0.006678938400000334
,imappo,,,,2948.0,0.0,0.0,0.33394689067193895,0.0,0.0,0.0,0.3333333432674408,0.0006135474044981493,0.0,0.0,0.0,0.0,0.0,,,,,,,
0.021047376096248627,imappo,0.4107910990715027,-3.6762423515319824,0.00011500500166722251,2949.0,,,,,,,,,,,,,,0.10666888962987664,,,,,0.029748324304819107,0.006681772880256176
,imappo,,,,2949.0,0.0,0.0,0.33408860409156205,0.0,0.0,0.0,0.3333333432674408,0.000755268180114399,0.0,0.0,0.0,0.0,0.0,,,,,,,
-0.01085467729717493,imappo,1.012540578842163,-4.691697597503662,0.000114704901633878,2950.0,,,,,,,,,,,,,,0.10653551183727905,,,,,0.03198082745075226,1.9153423636453226e-05
,imappo,,,,2950.0,0.0,0.0,0.0009576711928787063,0.0,0.0,0.0,0.0,0.0009576711928787063,0.0,0.0,0.0,0.0,0.0,,,,,,,
0.060016028583049774,imappo,384.2242431640625,-7.160757541656494,0.00011440480160053359,2951.0,,,,,,,,,,,,,,0.10640213404468152,,,,,0.027299679815769196,0.006683890707790852
,imappo,,,,2951.0,0.0,0.0,0.33419458174876127,0.0,0.0,0.0,0.3333333432674408,0.0008612384813204699,0.0,0.0,0.0,0.0,0.0,,,,,,,
0.28677260875701904,imappo,269.97906494140625,-7.050731658935547,0.00011410470156718907,2952.0,,,,,,,,,,,,,,0.10626875625208398,,,,,0.027421394363045692,0.006684691179543734
,imappo,,,,2952.0,0.0,0.0,0.3342345759933778,0.0,0.0,0.0,0.3333333432674408,0.0009012327259370068,0.0,0.0,0.0,0.0,0.0,,,,,,,
0.43022698163986206,imappo,424.5343322753906,-6.947559356689453,0.00011380460153384466,2953.0,,,,,,,,,,,,,,0.1061353784594865,,,,,0.028947461396455765,0.0066800485365092754
,imappo,,,,2953.0,0.0,0.0,0.33400239700747036,0.0,0.0,0.0,0.3333333432674408,0.0006690537400295682,0.0,0.0,0.0,0.0,0.0,,,,,,,
0.16973057389259338,imappo,336.8122253417969,-7.160739898681641,0.00011350450150050026,2954.0,,,,,,,,,,,,,,0.10600200066688892,,,,,0.028480343520641327,0.0066862259991467
,imappo,,,,2954.0,0.0,0.0,0.33431136909075576,0.0,0.0,0.0,0.3333333432674408,0.000978055625637353,0.0,0.0,0.0,0.0,0.0,,,,,,,
0.0816483274102211,imappo,5.469834804534912,-3.3353772163391113,0.00011320440146715574,2955.0,,,,,,,,,,,,,,0.10586862287429138,,,,,0.028123006224632263,0.013349908404052258
,imappo,,,,2955.0,0.0,0.0,0.6674953903370806,0.0,0.0,0.0,0.6666666865348816,0.0008287360346912465,0.0,0.0,0.0,0.0,0.0,,,,,,,
0.1508602797985077,imappo,307.04852294921875,-7.159889221191406,0.00011290430143381133,2956.0,,,,,,,,,,,,,,0.10573524508169391,,,,,0.02782134711742401,0.006686415523290634
,imappo,,,,2956.0,0.0,0.0,0.334320748043865,0.0,0.0,0.0,0.3333333432674408,0.0009874047764242277,0.0,0.0,0.0,0.0,0.0,,,,,,,
-0.010042551904916763,imappo,0.5998188257217407,-2.7087857723236084,0.00011260420140046692,2957.0,,,,,,,,,,,,,,0.10560186728909637,,,,,0.02507965639233589,0.013347446918487549
,imappo,,,,2957.0,0.0,0.0,0.6673723282401625,0.0,0.0,0.0,0.6666666865348816,0.0007056424037727993,0.0,0.0,0.0,0.0,0.0,,,,,,,
-0.0029095052741467953,imappo,0.8182260394096375,-3.1341726779937744,0.0001123041013671224,2958.0,,,,,,,,,,,,,,0.10546848949649879,,,,,0.03065846487879753,0.013349208049476147
,imappo,,,,2958.0,0.0,0.0,0.6674604018267019,0.0,0.0,0.0,0.6666666865348816,0.0007937152918202628,0.0,0.0,0.0,0.0,0.0,,,,,,,
0.03142748773097992,imappo,0.24154940247535706,-3.1332671642303467,0.00011200400133377789,2959.0,,,,,,,,,,,,,,0.10533511170390125,,,,,0.028501534834504128,0.01334908977150917
,imappo,,,,2959.0,0.0,0.0,0.6674545605369531,0.0,0.0,0.0,0.6666666865348816,0.000787881458109041,0.0,0.0,0.0,0.0,0.0,,,,,,,
0.05041814222931862,imappo,341.529296875,-6.924582481384277,0.00011170390130043359,2960.0,,,,,,,,,,,,,,0.10520173391130377,,,,,0.031489789485931396,0.006683561019599438
,imappo,,,,2960.0,0.0,0.0,0.3341780665648457,0.0,0.0,0.0,0.3333333432674408,0.0008447232974049257,0.0,0.0,0.0,0.0,0.0,,,,,,,
0.0753457322716713,imappo,1.749355435371399,-3.4119162559509277,0.00011140380126708907,2961.0,,,,,,,,,,,,,,0.10506835611870624,,,,,0.024575546383857727,0.013353321701288223
,imappo,,,,2961.0,0.0,0.0,0.6676660372542642,0.0,0.0,0.0,0.6666666865348816,0.000999342741295095,0.0,0.0,0.0,0.0,0.0,,,,,,,
0.12469765543937683,imappo,0.12772822380065918,-3.773007869720459,0.00011110370123374467,2962.0,,,,,,,,,,,,,,0.10493497832610865,,,,,0.02805251255631447,0.013347123749554157
,imappo,,,,2962.0,0.0,0.0,0.6673562124331056,0.0,0.0,0.0,0.6666666865348816,0.000689537081598246,0.0,0.0,0.0,0.0,0.0,,,,,,,
0.030345607548952103,imappo,0.4008309543132782,-4.3009934425354,0.00011080360120040015,2963.0,,,,,,,,,,,,,,0.10480160053351112,,,,,0.028462298214435577,0.006677208002656698
,imappo,,,,2963.0,0.0,0.0,0.33386038250455385,0.0,0.0,0.0,0.3333333432674408,0.0005270453852972423,0.0,0.0,0.0,0.0,0.0,,,,,,,
-0.0029690247029066086,imappo,0.28113529086112976,-4.148066520690918,0.00011050350116705574,2964.0,,,,,,,,,,,,,,0.10466822274091364,,,,,0.027425287291407585,0.006676464807242155
,imappo,,,,2964.0,0.0,0.0,0.3338232145146378,0.0,0.0,0.0,0.3333333432674408,0.0004898790761274086,0.0,0.0,0.0,0.0,0.0,,,,,,,
0.02571779489517212,imappo,0.40497177839279175,-4.771535873413086,0.00011020340113371133,2965.0,,,,,,,,,,,,,,0.10453484494831611,,,,,0.030151445418596268,1.500408416177379e-05
,imappo,,,,2965.0,0.0,0.0,0.0007502042068949777,0.0,0.0,0.0,0.0,0.0007502042068949777,0.0,0.0,0.0,0.0,0.0,,,,,,,
0.4775488078594208,imappo,443.0453796386719,-7.162123203277588,0.00010990330110036682,2966.0,,,,,,,,,,,,,,0.10440146715571852,,,,,0.029276767745614052,0.00669242674484849
,imappo,,,,2966.0,0.0,0.0,0.33462135290483275,0.0,0.0,0.0,0.3333333432674408,0.001288039439714339,0.0,0.0,0.0,0.0,0.0,,,,,,,
0.017066292464733124,imappo,0.09629242867231369,-3.897946834564209,0.0001096032010670223,2967.0,,,,,,,,,,,,,,0.10426808936312099,,,,,0.028514593839645386,0.013348403386771679
,imappo,,,,2967.0,0.0,0.0,0.6674201242867639,0.0,0.0,0.0,0.6666666865348816,0.000753436340346525,0.0,0.0,0.0,0.0,0.0,,,,,,,
0.20785731077194214,imappo,390.2889709472656,-7.0399675369262695,0.000109303101033678,2968.0,,,,,,,,,,,,,,0.10413471157052351,,,,,0.02745906263589859,0.00668623810634017
,imappo,,,,2968.0,0.0,0.0,0.33431187127558815,0.0,0.0,0.0,0.3333333432674408,0.0009785280081473502,0.0,0.0,0.0,0.0,0.0,,,,,,,
0.024398326873779297,imappo,0.04038228467106819,-2.6979782581329346,0.00010900300100033348,2969.0,,,,,,,,,,,,,,0.10400133377792597,,,,,0.023492559790611267,0.01335015520453453
,imappo,,,,2969.0,0.0,0.0,0.6675077102468094,0.0,0.0,0.0,0.6666666865348816,0.0008409829592892493,0.0,0.0,0.0,0.0,0.0,,,,,,,
0.06565295904874802,imappo,64.09744262695312,-3.6140222549438477,0.00010870290096698897,2970.0,,,,,,,,,,,,,,0.10386795598532839,,,,,0.03270641714334488,0.013347568921744823
,imappo,,,,2970.0,0.0,0.0,0.6673784252061523,0.0,0.0,0.0,0.6666666865348816,0.000711738671270723,0.0,0.0,0.0,0.0,0.0,,,,,,,
0.015862910076975822,imappo,8.114986419677734,-3.3808364868164062,0.00010840280093364467,2971.0,,,,,,,,,,,,,,0.10373457819273091,,,,,0.02474547177553177,0.013353615999221802
,imappo,,,,2971.0,0.0,0.0,0.66768089010327,0.0,0.0,0.0,0.6666666865348816,0.0010142035683884387,0.0,0.0,0.0,0.0,0.0,,,,,,,
0.13276533782482147,imappo,501.4321594238281,-7.160903453826904,0.00010810270090030015,2972.0,,,,,,,,,,,,,,0.10360120040013338,,,,,0.03186330944299698,0.006684048566967249
,imappo,,,,2972.0,0.0,0.0,0.3342024415933338,0.0,0.0,0.0,0.3333333432674408,0.0008690983258929919,0.0,0.0,0.0,0.0,0.0,,,,,,,
0.22832395136356354,imappo,493.2063293457031,-7.1605305671691895,0.00010780260086695574,2973.0,,,,,,,,,,,,,,0.10346782260753584,,,,,0.031092096120119095,0.006684624589979649
,imappo,,,,2973.0,0.0,0.0,0.3342312486984156,0.0,0.0,0.0,0.3333333432674408,0.000897905430974788,0.0,0.0,0.0,0.0,0.0,,,,,,,
0.028966503217816353,imappo,0.07207462191581726,-3.2586793899536133,0.00010750250083361123,2974.0,,,,,,,,,,,,,,0.10333444481493825,,,,,0.028832800686359406,0.013349386863410473
,imappo,,,,2974.0,0.0,0.0,0.6674692673741447,0.0,0.0,0.0,0.6666666865348816,0.000802551036940713,0.0,0.0,0.0,0.0,0.0,,,,,,,
0.00017044352716766298,imappo,0.23117557168006897,-1.4835559129714966,0.00010720240080026682,2975.0,,,,,,,,,,,,,,0.10320106702234078,,,,,0.009636887349188328,3.917852518497966e-05
,imappo,,,,2975.0,0.0,0.0,0.0019589263542911795,0.0,0.0,0.0,0.0,0.0019589263542911795,0.0,0.0,0.0,0.0,0.0,,,,,,,
0.44538432359695435,imappo,462.42633056640625,-7.1621198654174805,0.00010690230076692241,2976.0,,,,,,,,,,,,,,0.10306768922974324,,,,,0.028224077075719833,0.006687281187623739
,imappo,,,,2976.0,0.0,0.0,0.3343640802980872,0.0,0.0,0.0,0.3333333432674408,0.0010307370306463781,0.0,0.0,0.0,0.0,0.0,,,,,,,
0.11980079859495163,imappo,0.02955395169556141,-3.6725594997406006,0.00010660220073357789,2977.0,,,,,,,,,,,,,,0.10293431143714571,,,,,0.03396550565958023,0.013348517008125782
,imappo,,,,2977.0,0.0,0.0,0.6674258673850488,0.0,0.0,0.0,0.6666666865348816,0.0007591808501672404,0.0,0.0,0.0,0.0,0.0,,,,,,,
0.08517191559076309,imappo,545.281982421875,-7.162123203277588,0.00010630210070023338,2978.0,,,,,,,,,,,,,,0.10280093364454812,,,,,0.02948601171374321,0.006685496773570776
,imappo,,,,2978.0,0.0,0.0,0.3342748473114625,0.0,0.0,0.0,0.3333333432674408,0.0009415040440217126,0.0,0.0,0.0,0.0,0.0,,,,,,,
0.14122118055820465,imappo,579.4773559570312,-7.162057399749756,0.00010600200066688908,2979.0,,,,,,,,,,,,,,0.10266755585195064,,,,,0.028935113921761513,0.006684683728963137
,imappo,,,,2979.0,0.0,0.0,0.3342341552452126,0.0,0.0,0.0,0.3333333432674408,0.0009007953831314808,0.0,0.0,0.0,0.0,0.0,,,,,,,
0.003983014728873968,imappo,0.14478863775730133,-4.2381391525268555,0.00010570190063354456,2980.0,,,,,,,,,,,,,,0.10253417805935311,,,,,0.026335056871175766,0.006679131183773279
,imappo,,,,2980.0,0.0,0.0,0.33395656720927036,0.0,0.0,0.0,0.3333333432674408,0.000623218470309439,0.0,0.0,0.0,0.0,0.0,,,,,,,
0.04240614175796509,imappo,30.103979110717773,-3.5263664722442627,0.00010540180060020004,2981.0,,,,,,,,,,,,,,0.10240080026675558,,,,,0.02454851195216179,0.0133526511490345
,imappo,,,,2981.0,0.0,0.0,0.6676325928278857,0.0,0.0,0.0,0.6666666865348816,0.0009659062930040818,0.0,0.0,0.0,0.0,0.0,,,,,,,
0.2715848386287689,imappo,449.43536376953125,-7.162123203277588,0.00010510170056685563,2982.0,,,,,,,,,,,,,,0.10226742247415799,,,,,0.027696732431650162,0.006684959400445223
,imappo,,,,2982.0,0.0,0.0,0.3342479993534653,0.0,0.0,0.0,0.3333333432674408,0.000914656086024479,0.0,0.0,0.0,0.0,0.0,,,,,,,
0.1419246643781662,imappo,0.11124636977910995,-4.195882320404053,0.00010480160053351123,2983.0,,,,,,,,,,,,,,0.10213404468156051,,,,,0.028648171573877335,0.013349438086152077
,imappo,,,,2983.0,0.0,0.0,0.6674718538024536,0.0,0.0,0.0,0.6666666865348816,0.0008052014145505382,0.0,0.0,0.0,0.0,0.0,,,,,,,
0.1780308485031128,imappo,527.5887451171875,-7.162123203277588,0.00010450150050016682,2984.0,,,,,,,,,,,,,,0.10200066688896298,,,,,0.02606397680938244,0.0066978586837649345
,imappo,,,,2984.0,0.0,0.0,0.33489291352998407,0.0,0.0,0.0,0.3333333432674408,0.001559570262543275,0.0,0.0,0.0,0.0,0.0,,,,,,,
0.002986618084833026,imappo,0.312055379152298,-3.419982433319092,0.0001042014004668223,2985.0,,,,,,,,,,,,,,0.10186728909636544,,,,,0.02519545517861843,1.36009075504262e-05
,imappo,,,,2985.0,0.0,0.0,0.0006800454772815101,0.0,0.0,0.0,0.0,0.0006800454772815101,0.0,0.0,0.0,0.0,0.0,,,,,,,
0.023388125002384186,imappo,0.06665382534265518,-4.3298115730285645,0.0001039013004334779,2986.0,,,,,,,,,,,,,,0.10173391130376791,,,,,0.026159124448895454,0.01334345806390047
,imappo,,,,2986.0,0.0,0.0,0.6671729650979614,0.0,0.0,0.0,0.6666666865348816,0.0005062862974227755,0.0,0.0,0.0,0.0,0.0,,,,,,,
0.21893922984600067,imappo,611.8579711914062,-7.162123203277588,0.00010360120040013349,2987.0,,,,,,,,,,,,,,0.10160053351117038,,,,,0.021275833249092102,0.006701631471514702
,imappo,,,,2987.0,0.0,0.0,0.3350815915273415,0.0,0.0,0.0,0.3333333432674408,0.0017482482599007199,0.0,0.0,0.0,0.0,0.0,,,,,,,
-0.0006271345773711801,imappo,0.17226846516132355,-1.6712822914123535,0.00010330110036678897,2988.0,,,,,,,,,,,,,,0.10146715571857284,,,,,0.006934078875929117,3.533804920152761e-05
,imappo,,,,2988.0,0.0,0.0,0.0017669023850430676,0.0,0.0,0.0,0.0,0.0017669023850430676,0.0,0.0,0.0,0.0,0.0,,,,,,,
0.4445805251598358,imappo,601.00732421875,-7.162123203277588,0.00010300100033344445,2989.0,,,,,,,,,,,,,,0.10133377792597531,,,,,0.03742191568017006,0.006670966278761625
,imappo,,,,2989.0,0.0,0.0,0.3335483246704598,0.0,0.0,0.0,0.3333333432674408,0.00021498140301901003,0.0,0.0,0.0,0.0,0.0,,,,,,,
0.029028896242380142,imappo,1.0211580991744995,-4.423575401306152,0.00010270090030010015,2990.0,,,,,,,,,,,,,,0.10120040013337778,,,,,0.02715015597641468,0.013348706997931004
,imappo,,,,2990.0,0.0,0.0,0.6674353577527654,0.0,0.0,0.0,0.6666666865348816,0.0007686712178838206,0.0,0.0,0.0,0.0,0.0,,,,,,,
0.015767941251397133,imappo,723.6375122070312,-7.114453315734863,0.00010240080026675564,2991.0,,,,,,,,,,,,,,0.10106702234078024,,,,,0.029035117477178574,0.006675416138023138
,imappo,,,,2991.0,0.0,0.0,0.3337708267132484,0.0,0.0,0.0,0.3333333432674408,0.00043745364348524163,0.0,0.0,0.0,0.0,0.0,,,,,,,
0.08512979745864868,imappo,25.821622848510742,-3.6443889141082764,0.00010210070023341112,2992.0,,,,,,,,,,,,,,0.10093364454818271,,,,,0.02300245873630047,0.013353568501770496
,imappo,,,,2992.0,0.0,0.0,0.6676783876358741,0.0,0.0,0.0,0.6666666865348816,0.0010116850502299712,0.0,0.0,0.0,0.0,0.0,,,,,,,
0.17315109074115753,imappo,720.2105712890625,-7.135423183441162,0.00010180060020006671,2993.0,,,,,,,,,,,,,,0.10080026675558518,,,,,0.02746882662177086,0.0066795796155929565
,imappo,,,,2993.0,0.0,0.0,0.33397893571276427,0.0,0.0,0.0,0.3333333432674408,0.0006455626430010852,0.0,0.0,0.0,0.0,0.0,,,,,,,
0.07264603674411774,imappo,15.353063583374023,-4.326375961303711,0.0001015005001667223,2994.0,,,,,,,,,,,,,,0.10066688896298764,,,,,0.025992192327976227,0.013348784297704697
,imappo,,,,2994.0,0.0,0.0,0.6674392099048418,0.0,0.0,0.0,0.6666666865348816,0.0007725233699602541,0.0,0.0,0.0,0.0,0.0,,,,,,,
0.006717071868479252,imappo,0.20083153247833252,-4.417485237121582,0.0001012004001333779,2995.0,,,,,,,,,,,,,,0.10053351117039011,,,,,0.022547248750925064,1.5868577975197695e-05
,imappo,,,,2995.0,0.0,0.0,0.0007934289355944202,0.0,0.0,0.0,0.0,0.0007934289355944202,0.0,0.0,0.0,0.0,0.0,,,,,,,
-0.0008332293364219368,imappo,0.13437007367610931,-1.9654451608657837,0.00010090030010003338,2996.0,,,,,,,,,,,,,,0.10040013337779258,,,,,0.006321379914879799,3.356231900397688e-05
,imappo,,,,2996.0,0.0,0.0,0.0016781159347445396,0.0,0.0,0.0,0.0,0.0016781159347445396,0.0,0.0,0.0,0.0,0.0,,,,,,,
0.01924552023410797,imappo,81.45369720458984,-3.8299872875213623,0.00010060020006668886,2997.0,,,,,,,,,,,,,,0.10026675558519504,,,,,0.022225480526685715,0.013354264199733734
,imappo,,,,2997.0,0.0,0.0,0.6677132537176931,0.0,0.0,0.0,0.6666666865348816,0.0010465671828114864,0.0,0.0,0.0,0.0,0.0,,,,,,,
0.061905574053525925,imappo,579.4114990234375,-7.162123203277588,0.00010030010003334456,2998.0,,,,,,,,,,,,,,0.10013337779259751,,,,,0.027187880128622055,0.006687062326818705
,imappo,,,,2998.0,0.0,0.0,0.3343531127575261,0.0,0.0,0.0,0.3333333432674408,0.0010197694900853094,0.0,0.0,0.0,0.0,0.0,,,,,,,
0.16739489138126373,imappo,408.3023376464844,-7.1548357009887695,0.00010000000000000005,2999.0,,,,,,,,,,,,,,0.09999999999999998,,,,,0.03257029876112938,0.0066841780208051205
,imappo,,,,2999.0,0.0,0.0,0.33420892732783614,0.0,0.0,0.0,0.3333333432674408,0.0008755840603953402,0.0,0.0,0.0,0.0,0.0,,,,,,,
,imappo,,,,2999.0,,,,,,,,,,,,,,,0.0,0.0,0.3333333432674408,0.0,,
