{
  "seeds": [
    7,
    11,
    23
  ],
  "algorithm": "imappo",
  "output_dir": "reports/imappo_stage5_v2",
  "final_eval_collision_rate_mean": 0.19466666666666668,
  "final_easy_probe_collision_rate_mean": 0.19466666666666668,
  "final_mid_probe_collision_rate_mean": 0.276,
  "final_hard_probe_collision_rate_mean": 0.4306666666666667,
  "final_easy_probe_task_completion_mean": 0.6702038685381412,
  "final_mid_probe_task_completion_mean": 0.6871348004043102,
  "final_hard_probe_task_completion_mean": 0.6857506232162317,
  "final_probe_collision_rate_mean": 0.4306666666666667
}