{
  "actor_loss": [
    -0.07688018679618835,
    -0.08839106559753418,
    -0.04237566143274307,
    -0.01537591777741909,
    -0.07495950162410736,
    -0.06579238176345825,
    -0.03599187731742859,
    -0.024457857012748718,
    -0.055697884410619736,
    -0.07312267273664474,
    -0.051187362521886826,
    -0.04079039767384529,
    -0.01688484102487564,
    -0.054669104516506195,
    -0.08759613335132599,
    -0.08031025528907776,
    -0.04424511641263962,
    -0.06355711817741394,
    -0.0241740420460701,
    -0.09572254121303558,
    -0.04301216080784798,
    -0.05989754945039749,
    -0.054409682750701904,
    -0.07581928372383118,
    -0.05428016185760498,
    -0.09447290003299713,
    -0.059478893876075745,
    -0.030614938586950302,
    -0.02459236979484558,
    -0.08455562591552734
  ],
  "actor_loss_T": [
    0,
    1,
    2,
    3,
    4,
    5,
    6,
    7,
    8,
    9,
    10,
    11,
    12,
    13,
    14,
    15,
    16,
    17,
    18,
    19,
    20,
    21,
    22,
    23,
    24,
    25,
    26,
    27,
    28,
    29
  ],
  "critic_loss": [
    326.0736083984375,
    211.53001403808594,
    143.47052001953125,
    164.88668823242188,
    84.96626281738281,
    188.71246337890625,
    126.77381896972656,
    169.48297119140625,
    214.95382690429688,
    98.98002624511719,
    33.32953643798828,
    39.4973258972168,
    67.02376556396484,
    164.26541137695312,
    47.693965911865234,
    18.668807983398438,
    9.554444313049316,
    27.195358276367188,
    16.15294647216797,
    65.90447235107422,
    93.1552963256836,
    81.75459289550781,
    17.725522994995117,
    24.149438858032227,
    17.575817108154297,
    46.66063690185547,
    8.745195388793945,
    0.7307493090629578,
    12.437389373779297,
    7.32457160949707
  ],
  "critic_loss_T": [
    0,
    1,
    2,
    3,
    4,
    5,
    6,
    7,
    8,
    9,
    10,
    11,
    12,
    13,
    14,
    15,
    16,
    17,
    18,
    19,
    20,
    21,
    22,
    23,
    24,
    25,
    26,
    27,
    28,
    29
  ],
  "entropy": [
    3.214442014694214,
    4.463381767272949,
    1.9196069240570068,
    0.5722047686576843,
    4.73569393157959,
    3.483694314956665,
    0.9765807390213013,
    1.0328915119171143,
    2.546013593673706,
    4.994047164916992,
    3.4717159271240234,
    2.5875651836395264,
    -0.027486015111207962,
    2.542235851287842,
    5.213531970977783,
    4.989223003387451,
    2.2962827682495117,
    3.8854475021362305,
    0.921615481376648,
    5.111256122589111,
    2.988053321838379,
    4.18326997756958,
    3.284818172454834,
    5.120715618133545,
    3.2328970432281494,
    5.684345245361328,
    2.781822919845581,
    1.8457494974136353,
    1.4832358360290527,
    4.563709735870361
  ],
  "entropy_T": [
    0,
    1,
    2,
    3,
    4,
    5,
    6,
    7,
    8,
    9,
    10,
    11,
    12,
    13,
    14,
    15,
    16,
    17,
    18,
    19,
    20,
    21,
    22,
    23,
    24,
    25,
    26,
    27,
    28,
    29
  ],
  "episode": [
    0,
    1,
    2,
    3,
    4,
    5,
    6,
    7,
    8,
    9,
    10,
    11,
    12,
    13,
    14,
    15,
    16,
    17,
    18,
    19,
    20,
    21,
    22,
    23,
    24,
    25,
    26,
    27,
    28,
    29
  ],
  "episode_T": [
    0,
    1,
    2,
    3,
    4,
    5,
    6,
    7,
    8,
    9,
    10,
    11,
    12,
    13,
    14,
    15,
    16,
    17,
    18,
    19,
    20,
    21,
    22,
    23,
    24,
    25,
    26,
    27,
    28,
    29
  ],
  "episode_return": [
    -41.80364656448364,
    -33.83655381202698,
    -28.24437403678894,
    -29.99821102619171,
    -22.25071406364441,
    -32.68804049491882,
    -27.4070485830307,
    -32.44342923164368,
    -38.819632053375244,
    -30.31209623813629,
    -22.15220808982849,
    -31.390013933181763,
    -46.65750312805176,
    -25.585800409317017,
    -22.652251839637756,
    -25.937591314315796,
    -23.19355046749115,
    -31.59132957458496,
    -20.511810183525085,
    -26.017795085906982,
    -27.034793972969055,
    -33.47152233123779,
    -29.088998556137085,
    -21.110281586647034,
    -38.906662702560425,
    -35.982120752334595,
    -34.055665254592896,
    -27.961342811584473,
    -26.001530528068542,
    -30.590848922729492
  ],
  "episode_return_T": [
    0,
    1,
    2,
    3,
    4,
    5,
    6,
    7,
    8,
    9,
    10,
    11,
    12,
    13,
    14,
    15,
    16,
    17,
    18,
    19,
    20,
    21,
    22,
    23,
    24,
    25,
    26,
    27,
    28,
    29
  ],
  "potential_loss": [
    0.770808219909668,
    3.7258048057556152,
    1.4832804203033447,
    1.5355165004730225,
    1.1455360651016235,
    2.045562267303467,
    1.3948416709899902,
    2.4655933380126953,
    0.8435511589050293,
    2.9285988807678223,
    3.5950636863708496,
    1.573193907737732,
    1.7019753456115723,
    1.8705451488494873,
    1.2132488489151,
    1.2434719800949097,
    2.1379170417785645,
    2.249488353729248,
    1.491837978363037,
    3.4939284324645996,
    2.8728885650634766,
    3.0519847869873047,
    2.953484535217285,
    1.0191792249679565,
    0.6139490604400635,
    0.8390412926673889,
    1.1228282451629639,
    1.977252721786499,
    0.5620561838150024,
    2.570300817489624
  ],
  "potential_loss_T": [
    0,
    1,
    2,
    3,
    4,
    5,
    6,
    7,
    8,
    9,
    10,
    11,
    12,
    13,
    14,
    15,
    16,
    17,
    18,
    19,
    20,
    21,
    22,
    23,
    24,
    25,
    26,
    27,
    28,
    29
  ],
  "return_mean": [
    -2.6127281188964844,
    -2.1147844791412354,
    -1.7652733325958252,
    -1.8748881816864014,
    -1.390669584274292,
    -2.0430023670196533,
    -1.7129405736923218,
    -2.027714490890503,
    -2.42622709274292,
    -1.8945059776306152,
    -1.384513020515442,
    -1.9618759155273438,
    -2.9160938262939453,
    -1.599112629890442,
    -1.4157657623291016,
    -1.6210994720458984,
    -1.449596881866455,
    -1.9744579792022705,
    -1.2819881439208984,
    -1.6261122226715088,
    -1.6896746158599854,
    -2.091970205307007,
    -1.818062424659729,
    -1.3193925619125366,
    -2.431666612625122,
    -2.248882532119751,
    -2.12847900390625,
    -1.7475837469100952,
    -1.6250957250595093,
    -1.9119280576705933
  ],
  "return_mean_T": [
    0,
    1,
    2,
    3,
    4,
    5,
    6,
    7,
    8,
    9,
    10,
    11,
    12,
    13,
    14,
    15,
    16,
    17,
    18,
    19,
    20,
    21,
    22,
    23,
    24,
    25,
    26,
    27,
    28,
    29
  ]
}