actor_loss,algorithm,critic_loss,entropy,entropy_coef,episode,episode_collision_rate,episode_collisions,episode_return,episode_reward_collision,episode_reward_dist,episode_reward_energy,episode_reward_env,episode_reward_intent,episode_reward_safety,episode_reward_task,episode_reward_threat,episode_reward_time,episode_task_completion,eta,eval_collision_rate,eval_episode_collisions,eval_episode_return,eval_task_completion,potential_loss,return_mean
-0.008390448056161404,mappo,4.069623628311092e-06,0.8378904461860657,0.001,0.0,,,,,,,,,,,,,,0.0,,,,,0.008367245085537434,0.0
,mappo,,,,0.0,0.0,0.0,0.0,0.0,0.0,0.0,0.0,0.0,0.0,0.0,0.0,0.0,0.0,,,,,,,
-0.0027401933912187815,mappo,4.884354893874843e-06,0.8398750424385071,0.0009996998999666556,1.0,,,,,,,,,,,,,,0.0,,,,,0.008730417117476463,0.0
,mappo,,,,1.0,0.0,0.0,0.0,0.0,0.0,0.0,0.0,0.0,0.0,0.0,0.0,0.0,0.0,,,,,,,
-0.001199779100716114,mappo,1.0768999345600605e-05,0.8448219299316406,0.0009993997999333112,2.0,,,,,,,,,,,,,,0.0,,,,,0.008355132304131985,0.0
,mappo,,,,2.0,0.0,0.0,0.0,0.0,0.0,0.0,0.0,0.0,0.0,0.0,0.0,0.0,0.0,,,,,,,
-0.0033699108753353357,mappo,2.0440586467884714e-06,0.8486213088035583,0.0009990996998999666,3.0,,,,,,,,,,,,,,0.0,,,,,0.008295253850519657,0.0
,mappo,,,,3.0,0.0,0.0,0.0,0.0,0.0,0.0,0.0,0.0,0.0,0.0,0.0,0.0,0.0,,,,,,,
-0.0002349038841202855,mappo,4.253061888448428e-06,0.8504152894020081,0.0009987995998666222,4.0,,,,,,,,,,,,,,0.0,,,,,0.008478894829750061,0.0
,mappo,,,,4.0,0.0,0.0,0.0,0.0,0.0,0.0,0.0,0.0,0.0,0.0,0.0,0.0,0.0,,,,,,,
-0.004172990098595619,mappo,1.2076505981895025e-06,0.8521173000335693,0.0009984994998332778,5.0,,,,,,,,,,,,,,0.0,,,,,0.008492130786180496,0.0
,mappo,,,,5.0,0.0,0.0,0.0,0.0,0.0,0.0,0.0,0.0,0.0,0.0,0.0,0.0,0.0,,,,,,,
-0.003727726638317108,mappo,1.0881294656428508e-06,0.8532053232192993,0.0009981993997999334,6.0,,,,,,,,,,,,,,0.0,,,,,0.00832897238433361,0.0
,mappo,,,,6.0,0.0,0.0,0.0,0.0,0.0,0.0,0.0,0.0,0.0,0.0,0.0,0.0,0.0,,,,,,,
-0.006560342386364937,mappo,4.22378263920109e-07,0.8546724319458008,0.000997899299766589,7.0,,,,,,,,,,,,,,0.0,,,,,0.008584522642195225,0.0
,mappo,,,,7.0,0.0,0.0,0.0,0.0,0.0,0.0,0.0,0.0,0.0,0.0,0.0,0.0,0.0,,,,,,,
-0.010670161806046963,mappo,2.371979235249455e-07,0.858281135559082,0.0009975991997332445,8.0,,,,,,,,,,,,,,0.0,,,,,0.00892840325832367,0.0
,mappo,,,,8.0,0.0,0.0,0.0,0.0,0.0,0.0,0.0,0.0,0.0,0.0,0.0,0.0,0.0,,,,,,,
-0.00301189674064517,mappo,3.8282871628325665e-07,0.862986147403717,0.0009972990996999,9.0,,,,,,,,,,,,,,0.0,,,,,0.00871091615408659,0.0
,mappo,,,,9.0,0.0,0.0,0.0,0.0,0.0,0.0,0.0,0.0,0.0,0.0,0.0,0.0,0.0,,,,,,,
-0.00625528022646904,mappo,3.662734116005595e-07,0.8686289191246033,0.0009969989996665555,10.0,,,,,,,,,,,,,,0.0,,,,,0.008421624079346657,0.0
,mappo,,,,10.0,0.0,0.0,0.0,0.0,0.0,0.0,0.0,0.0,0.0,0.0,0.0,0.0,0.0,,,,,,,
-0.0034846069756895304,mappo,3.192526207840274e-07,0.8766719698905945,0.000996698899633211,11.0,,,,,,,,,,,,,,0.0,,,,,0.008521031588315964,0.0
,mappo,,,,11.0,0.0,0.0,0.0,0.0,0.0,0.0,0.0,0.0,0.0,0.0,0.0,0.0,0.0,,,,,,,
-0.009340900927782059,mappo,4.839778853238386e-07,0.8799036741256714,0.0009963987995998667,12.0,,,,,,,,,,,,,,0.0,,,,,0.009050518274307251,0.0
,mappo,,,,12.0,0.0,0.0,0.0,0.0,0.0,0.0,0.0,0.0,0.0,0.0,0.0,0.0,0.0,,,,,,,
-0.0010447680251672864,mappo,1.2644898106373148e-07,0.8806495070457458,0.0009960986995665223,13.0,,,,,,,,,,,,,,0.0,,,,,0.009183770045638084,0.0
,mappo,,,,13.0,0.0,0.0,0.0,0.0,0.0,0.0,0.0,0.0,0.0,0.0,0.0,0.0,0.0,,,,,,,
-0.011429572477936745,mappo,7.245615307738262e-08,0.8897882103919983,0.0009957985995331777,14.0,,,,,,,,,,,,,,0.0,,,,,0.009335033595561981,0.0
,mappo,,,,14.0,0.0,0.0,0.0,0.0,0.0,0.0,0.0,0.0,0.0,0.0,0.0,0.0,0.0,,,,,,,
-0.0007321950397454202,mappo,3.1508417208669925e-08,0.8946674466133118,0.0009954984994998332,15.0,,,,,,,,,,,,,,0.0,,,,,0.009148182347416878,0.0
,mappo,,,,15.0,0.0,0.0,0.0,0.0,0.0,0.0,0.0,0.0,0.0,0.0,0.0,0.0,0.0,,,,,,,
-0.00904004368931055,mappo,4.7028624550193854e-08,0.9003429412841797,0.0009951983994664888,16.0,,,,,,,,,,,,,,0.0,,,,,0.009595447219908237,0.0
,mappo,,,,16.0,0.0,0.0,0.0,0.0,0.0,0.0,0.0,0.0,0.0,0.0,0.0,0.0,0.0,,,,,,,
-0.007499323226511478,mappo,4.526163976947828e-08,0.9083004593849182,0.0009948982994331444,17.0,,,,,,,,,,,,,,0.0,,,,,0.009384136646986008,0.0
,mappo,,,,17.0,0.0,0.0,0.0,0.0,0.0,0.0,0.0,0.0,0.0,0.0,0.0,0.0,0.0,,,,,,,
-0.00297703524120152,mappo,3.099060918998475e-08,0.9138966798782349,0.0009945981993998,18.0,,,,,,,,,,,,,,0.0,,,,,0.009602164849638939,0.0
,mappo,,,,18.0,0.0,0.0,0.0,0.0,0.0,0.0,0.0,0.0,0.0,0.0,0.0,0.0,0.0,,,,,,,
-0.011156146414577961,mappo,4.4881407035290977e-08,0.9251580834388733,0.0009942980993664554,19.0,,,,,,,,,,,,,,0.0,,,,,0.01011904887855053,0.0
,mappo,,,,19.0,0.0,0.0,0.0,0.0,0.0,0.0,0.0,0.0,0.0,0.0,0.0,0.0,0.0,,,,,,,
-0.00576862134039402,mappo,2.8270870089386335e-08,0.9236183762550354,0.000993997999333111,20.0,,,,,,,,,,,,,,0.0,,,,,0.010102982632815838,0.0
,mappo,,,,20.0,0.0,0.0,0.0,0.0,0.0,0.0,0.0,0.0,0.0,0.0,0.0,0.0,0.0,,,,,,,
-0.0022720464039593935,mappo,4.795370855958936e-08,0.9191343188285828,0.0009936978992997666,21.0,,,,,,,,,,,,,,0.0,,,,,0.009876077994704247,0.0
,mappo,,,,21.0,0.0,0.0,0.0,0.0,0.0,0.0,0.0,0.0,0.0,0.0,0.0,0.0,0.0,,,,,,,
-0.004147714003920555,mappo,4.3462609511379924e-08,0.9261947870254517,0.0009933977992664222,22.0,,,,,,,,,,,,,,0.0,,,,,0.010678190737962723,0.0
,mappo,,,,22.0,0.0,0.0,0.0,0.0,0.0,0.0,0.0,0.0,0.0,0.0,0.0,0.0,0.0,,,,,,,
-0.008186470717191696,mappo,1.922521519759357e-08,0.920584499835968,0.0009930976992330778,23.0,,,,,,,,,,,,,,0.0,,,,,0.010093944147229195,0.0
,mappo,,,,23.0,0.0,0.0,0.0,0.0,0.0,0.0,0.0,0.0,0.0,0.0,0.0,0.0,0.0,,,,,,,
-0.0064951092936098576,mappo,1.8264065815287722e-08,0.9038763642311096,0.0009927975991997334,24.0,,,,,,,,,,,,,,0.0,,,,,0.00997182447463274,0.0
,mappo,,,,24.0,0.0,0.0,0.0,0.0,0.0,0.0,0.0,0.0,0.0,0.0,0.0,0.0,0.0,,,,,,,
-0.005317830014973879,mappo,2.0172224779457792e-08,0.8914544582366943,0.0009924974991663887,25.0,,,,,,,,,,,,,,0.0,,,,,0.010334120132029057,0.0
,mappo,,,,25.0,0.0,0.0,0.0,0.0,0.0,0.0,0.0,0.0,0.0,0.0,0.0,0.0,0.0,,,,,,,
-0.00638909637928009,mappo,4.1595171751396265e-08,0.8780392408370972,0.0009921973991330443,26.0,,,,,,,,,,,,,,0.0,,,,,0.010901125147938728,0.0
,mappo,,,,26.0,0.0,0.0,0.0,0.0,0.0,0.0,0.0,0.0,0.0,0.0,0.0,0.0,0.0,,,,,,,
-0.009767656214535236,mappo,8.550610886004506e-08,0.8641030788421631,0.0009918972990997,27.0,,,,,,,,,,,,,,0.0,,,,,0.011083384975790977,0.0
,mappo,,,,27.0,0.0,0.0,0.0,0.0,0.0,0.0,0.0,0.0,0.0,0.0,0.0,0.0,0.0,,,,,,,
-0.009742354974150658,mappo,3.618966104568244e-08,0.8470125198364258,0.0009915971990663555,28.0,,,,,,,,,,,,,,0.0,,,,,0.010872181504964828,0.0
,mappo,,,,28.0,0.0,0.0,0.0,0.0,0.0,0.0,0.0,0.0,0.0,0.0,0.0,0.0,0.0,,,,,,,
-0.001687111216597259,mappo,4.760381600021901e-08,0.8311085104942322,0.000991297099033011,29.0,,,,,,,,,,,,,,0.0,,,,,0.011382302269339561,0.0
,mappo,,,,29.0,0.0,0.0,0.0,0.0,0.0,0.0,0.0,0.0,0.0,0.0,0.0,0.0,0.0,,,,,,,
-0.0038946031127125025,mappo,1.0375040915278078e-07,0.8225666284561157,0.0009909969989996665,30.0,,,,,,,,,,,,,,0.0,,,,,0.011501278728246689,0.0
,mappo,,,,30.0,0.0,0.0,0.0,0.0,0.0,0.0,0.0,0.0,0.0,0.0,0.0,0.0,0.0,,,,,,,
-0.005723350681364536,mappo,6.01685385959172e-08,0.8106604814529419,0.000990696898966322,31.0,,,,,,,,,,,,,,0.0,,,,,0.011494841426610947,0.0
,mappo,,,,31.0,0.0,0.0,0.0,0.0,0.0,0.0,0.0,0.0,0.0,0.0,0.0,0.0,0.0,,,,,,,
-0.0006341154221445322,mappo,2.1045211795467367e-08,0.7997302412986755,0.0009903967989329777,32.0,,,,,,,,,,,,,,0.0,,,,,0.01135287806391716,0.0
,mappo,,,,32.0,0.0,0.0,0.0,0.0,0.0,0.0,0.0,0.0,0.0,0.0,0.0,0.0,0.0,,,,,,,
-0.009171057492494583,mappo,3.052699781846968e-08,0.7962796092033386,0.0009900966988996333,33.0,,,,,,,,,,,,,,0.0,,,,,0.011222513392567635,0.0
,mappo,,,,33.0,0.0,0.0,0.0,0.0,0.0,0.0,0.0,0.0,0.0,0.0,0.0,0.0,0.0,,,,,,,
-0.006688347086310387,mappo,1.1426424251226308e-08,0.7980348467826843,0.0009897965988662888,34.0,,,,,,,,,,,,,,0.0,,,,,0.01150849461555481,0.0
,mappo,,,,34.0,0.0,0.0,0.0,0.0,0.0,0.0,0.0,0.0,0.0,0.0,0.0,0.0,0.0,,,,,,,
0.0008021394605748355,mappo,1.9908735993112714e-08,0.7873495221138,0.0009894964988329444,35.0,,,,,,,,,,,,,,0.0,,,,,0.011699996888637543,0.0
,mappo,,,,35.0,0.0,0.0,0.0,0.0,0.0,0.0,0.0,0.0,0.0,0.0,0.0,0.0,0.0,,,,,,,
-0.003334547160193324,mappo,5.932690783083672e-08,0.7766303420066833,0.0009891963987995998,36.0,,,,,,,,,,,,,,0.0,,,,,0.011549088172614574,0.0
,mappo,,,,36.0,0.0,0.0,0.0,0.0,0.0,0.0,0.0,0.0,0.0,0.0,0.0,0.0,0.0,,,,,,,
-0.004347020760178566,mappo,1.8957160818899865e-07,0.7614990472793579,0.0009888962987662554,37.0,,,,,,,,,,,,,,0.0,,,,,0.01145334355533123,0.0
,mappo,,,,37.0,0.0,0.0,0.0,0.0,0.0,0.0,0.0,0.0,0.0,0.0,0.0,0.0,0.0,,,,,,,
-0.005696398671716452,mappo,5.938255185355956e-07,0.751797616481781,0.000988596198732911,38.0,,,,,,,,,,,,,,0.0,,,,,0.01171395555138588,0.0
,mappo,,,,38.0,0.0,0.0,0.0,0.0,0.0,0.0,0.0,0.0,0.0,0.0,0.0,0.0,0.0,,,,,,,
0.0007486222311854362,mappo,1.5121736396395136e-06,0.7512423396110535,0.0009882960986995666,39.0,,,,,,,,,,,,,,0.0,,,,,0.01178514864295721,0.0
,mappo,,,,39.0,0.0,0.0,0.0,0.0,0.0,0.0,0.0,0.0,0.0,0.0,0.0,0.0,0.0,,,,,,,
-0.000579721003305167,mappo,2.0283509911678266e-06,0.7484345436096191,0.0009879959986662222,40.0,,,,,,,,,,,,,,0.0,,,,,0.012183994054794312,0.0
,mappo,,,,40.0,0.0,0.0,0.0,0.0,0.0,0.0,0.0,0.0,0.0,0.0,0.0,0.0,0.0,,,,,,,
-0.005297291558235884,mappo,1.3280472330734483e-06,0.7363524436950684,0.0009876958986328776,41.0,,,,,,,,,,,,,,0.0,,,,,0.011780179105699062,0.0
,mappo,,,,41.0,0.0,0.0,0.0,0.0,0.0,0.0,0.0,0.0,0.0,0.0,0.0,0.0,0.0,,,,,,,
-0.004782644100487232,mappo,5.326957648321695e-07,0.7099072933197021,0.0009873957985995331,42.0,,,,,,,,,,,,,,0.0,,,,,0.012072593905031681,0.0
,mappo,,,,42.0,0.0,0.0,0.0,0.0,0.0,0.0,0.0,0.0,0.0,0.0,0.0,0.0,0.0,,,,,,,
0.0068679372780025005,mappo,1.2641181967865123e-07,0.6906938552856445,0.0009870956985661887,43.0,,,,,,,,,,,,,,0.0,,,,,0.01197009440511465,0.0
,mappo,,,,43.0,0.0,0.0,0.0,0.0,0.0,0.0,0.0,0.0,0.0,0.0,0.0,0.0,0.0,,,,,,,
-0.00492085563018918,mappo,6.35263504022987e-08,0.6743037700653076,0.0009867955985328443,44.0,,,,,,,,,,,,,,0.0,,,,,0.011894523166120052,0.0
,mappo,,,,44.0,0.0,0.0,0.0,0.0,0.0,0.0,0.0,0.0,0.0,0.0,0.0,0.0,0.0,,,,,,,
-0.0014805174432694912,mappo,2.382322072946863e-08,0.6567904353141785,0.0009864954984995,45.0,,,,,,,,,,,,,,0.0,,,,,0.01208307035267353,0.0
,mappo,,,,45.0,0.0,0.0,0.0,0.0,0.0,0.0,0.0,0.0,0.0,0.0,0.0,0.0,0.0,,,,,,,
-0.002528273966163397,mappo,1.580738029360873e-08,0.6341226100921631,0.0009861953984661555,46.0,,,,,,,,,,,,,,0.0,,,,,0.012239588424563408,0.0
,mappo,,,,46.0,0.0,0.0,0.0,0.0,0.0,0.0,0.0,0.0,0.0,0.0,0.0,0.0,0.0,,,,,,,
-0.005602921359241009,mappo,7.397977785927878e-09,0.6267532706260681,0.0009858952984328109,47.0,,,,,,,,,,,,,,0.0,,,,,0.011774631217122078,0.0
,mappo,,,,47.0,0.0,0.0,0.0,0.0,0.0,0.0,0.0,0.0,0.0,0.0,0.0,0.0,0.0,,,,,,,
0.0013401025207713246,mappo,4.462613834022022e-09,0.621448278427124,0.0009855951983994665,48.0,,,,,,,,,,,,,,0.0,,,,,0.012001387774944305,0.0
,mappo,,,,48.0,0.0,0.0,0.0,0.0,0.0,0.0,0.0,0.0,0.0,0.0,0.0,0.0,0.0,,,,,,,
-0.0014745674561709166,mappo,6.201284374895977e-09,0.6344723105430603,0.000985295098366122,49.0,,,,,,,,,,,,,,0.0,,,,,0.012245068326592445,0.0
,mappo,,,,49.0,0.0,0.0,0.0,0.0,0.0,0.0,0.0,0.0,0.0,0.0,0.0,0.0,0.0,,,,,,,
-0.00331599242053926,mappo,2.4161426637192562e-08,0.655305027961731,0.0009849949983327777,50.0,,,,,,,,,,,,,,0.0,,,,,0.012281058356165886,0.0
,mappo,,,,50.0,0.0,0.0,0.0,0.0,0.0,0.0,0.0,0.0,0.0,0.0,0.0,0.0,0.0,,,,,,,
-0.0038599756080657244,mappo,1.0052998433707216e-08,0.6731486916542053,0.0009846948982994333,51.0,,,,,,,,,,,,,,0.0,,,,,0.011604785919189453,0.0
,mappo,,,,51.0,0.0,0.0,0.0,0.0,0.0,0.0,0.0,0.0,0.0,0.0,0.0,0.0,0.0,,,,,,,
0.002949252026155591,mappo,9.172953063796285e-09,0.6621456146240234,0.0009843947982660886,52.0,,,,,,,,,,,,,,0.0,,,,,0.012407142668962479,0.0
,mappo,,,,52.0,0.0,0.0,0.0,0.0,0.0,0.0,0.0,0.0,0.0,0.0,0.0,0.0,0.0,,,,,,,
-0.0029185728635638952,mappo,1.6694663429461798e-08,0.6529573798179626,0.0009840946982327442,53.0,,,,,,,,,,,,,,0.0,,,,,0.012598162516951561,0.0
,mappo,,,,53.0,0.0,0.0,0.0,0.0,0.0,0.0,0.0,0.0,0.0,0.0,0.0,0.0,0.0,,,,,,,
-0.004048056900501251,mappo,2.7474010622086098e-08,0.6616974472999573,0.0009837945981993998,54.0,,,,,,,,,,,,,,0.0,,,,,0.012563839554786682,0.0
,mappo,,,,54.0,0.0,0.0,0.0,0.0,0.0,0.0,0.0,0.0,0.0,0.0,0.0,0.0,0.0,,,,,,,
-0.00598779646679759,mappo,6.855648848613782e-08,0.671240508556366,0.0009834944981660554,55.0,,,,,,,,,,,,,,0.0,,,,,0.012124599888920784,0.0
,mappo,,,,55.0,0.0,0.0,0.0,0.0,0.0,0.0,0.0,0.0,0.0,0.0,0.0,0.0,0.0,,,,,,,
-0.00335902557708323,mappo,6.75640876579564e-08,0.6678829193115234,0.000983194398132711,56.0,,,,,,,,,,,,,,0.0,,,,,0.012419799342751503,0.0
,mappo,,,,56.0,0.0,0.0,0.0,0.0,0.0,0.0,0.0,0.0,0.0,0.0,0.0,0.0,0.0,,,,,,,
-0.0013985568657517433,mappo,6.726590129346732e-08,0.6634439826011658,0.0009828942980993664,57.0,,,,,,,,,,,,,,0.0,,,,,0.012256605550646782,0.0
,mappo,,,,57.0,0.0,0.0,0.0,0.0,0.0,0.0,0.0,0.0,0.0,0.0,0.0,0.0,0.0,,,,,,,
0.0008436805801466107,mappo,1.319865674531684e-07,0.6651537418365479,0.000982594198066022,58.0,,,,,,,,,,,,,,0.0,,,,,0.012651139870285988,0.0
,mappo,,,,58.0,0.0,0.0,0.0,0.0,0.0,0.0,0.0,0.0,0.0,0.0,0.0,0.0,0.0,,,,,,,
-0.0072069307789206505,mappo,3.1333166816693847e-07,0.6822225451469421,0.0009822940980326776,59.0,,,,,,,,,,,,,,0.0,,,,,0.01249777339398861,0.0
,mappo,,,,59.0,0.0,0.0,0.0,0.0,0.0,0.0,0.0,0.0,0.0,0.0,0.0,0.0,0.0,,,,,,,
-0.0021160596515983343,mappo,3.678593998301949e-07,0.697208046913147,0.0009819939979993331,60.0,,,,,,,,,,,,,,0.0,,,,,0.01197042316198349,0.0
,mappo,,,,60.0,0.0,0.0,0.0,0.0,0.0,0.0,0.0,0.0,0.0,0.0,0.0,0.0,0.0,,,,,,,
0.003184510860592127,mappo,4.6614758275609347e-07,0.6980313062667847,0.0009816938979659887,61.0,,,,,,,,,,,,,,0.0,,,,,0.012270445004105568,0.0
,mappo,,,,61.0,0.0,0.0,0.0,0.0,0.0,0.0,0.0,0.0,0.0,0.0,0.0,0.0,0.0,,,,,,,
-0.012446794658899307,mappo,4.5305921503313584e-07,0.6948261260986328,0.0009813937979326443,62.0,,,,,,,,,,,,,,0.0,,,,,0.011937745846807957,0.0
,mappo,,,,62.0,0.0,0.0,0.0,0.0,0.0,0.0,0.0,0.0,0.0,0.0,0.0,0.0,0.0,,,,,,,
-0.0004904090892523527,mappo,4.1977367004619737e-07,0.6921801567077637,0.0009810936978992997,63.0,,,,,,,,,,,,,,0.0,,,,,0.012647809460759163,0.0
,mappo,,,,63.0,0.0,0.0,0.0,0.0,0.0,0.0,0.0,0.0,0.0,0.0,0.0,0.0,0.0,,,,,,,
-0.0064917379058897495,mappo,5.44474914931925e-07,0.7061111927032471,0.0009807935978659553,64.0,,,,,,,,,,,,,,0.0,,,,,0.012128381989896297,0.0
,mappo,,,,64.0,0.0,0.0,0.0,0.0,0.0,0.0,0.0,0.0,0.0,0.0,0.0,0.0,0.0,,,,,,,
-0.003890138352289796,mappo,3.893572966262582e-07,0.707373321056366,0.0009804934978326109,65.0,,,,,,,,,,,,,,0.0,,,,,0.01235996000468731,0.0
,mappo,,,,65.0,0.0,0.0,0.0,0.0,0.0,0.0,0.0,0.0,0.0,0.0,0.0,0.0,0.0,,,,,,,
-0.0018408058676868677,mappo,3.182636021392682e-07,0.6987285614013672,0.0009801933977992665,66.0,,,,,,,,,,,,,,0.0,,,,,0.01229853555560112,0.0
,mappo,,,,66.0,0.0,0.0,0.0,0.0,0.0,0.0,0.0,0.0,0.0,0.0,0.0,0.0,0.0,,,,,,,
-0.00432348670437932,mappo,3.4249623581672495e-07,0.6913540363311768,0.000979893297765922,67.0,,,,,,,,,,,,,,0.0,,,,,0.012513871304690838,0.0
,mappo,,,,67.0,0.0,0.0,0.0,0.0,0.0,0.0,0.0,0.0,0.0,0.0,0.0,0.0,0.0,,,,,,,
-0.005759731400758028,mappo,2.649317991654243e-07,0.6834368109703064,0.0009795931977325774,68.0,,,,,,,,,,,,,,0.0,,,,,0.011907145380973816,0.0
,mappo,,,,68.0,0.0,0.0,0.0,0.0,0.0,0.0,0.0,0.0,0.0,0.0,0.0,0.0,0.0,,,,,,,
-0.008608415722846985,mappo,1.6281742887258588e-07,0.6677960753440857,0.000979293097699233,69.0,,,,,,,,,,,,,,0.0,,,,,0.012378942221403122,0.0
,mappo,,,,69.0,0.0,0.0,0.0,0.0,0.0,0.0,0.0,0.0,0.0,0.0,0.0,0.0,0.0,,,,,,,
-0.00652414932847023,mappo,1.1052436832414969e-07,0.6633874177932739,0.0009789929976658886,70.0,,,,,,,,,,,,,,0.0,,,,,0.012161396443843842,0.0
,mappo,,,,70.0,0.0,0.0,0.0,0.0,0.0,0.0,0.0,0.0,0.0,0.0,0.0,0.0,0.0,,,,,,,
-0.005939506459981203,mappo,9.409063750354107e-08,0.662274956703186,0.0009786928976325442,71.0,,,,,,,,,,,,,,0.0,,,,,0.011993911117315292,0.0
,mappo,,,,71.0,0.0,0.0,0.0,0.0,0.0,0.0,0.0,0.0,0.0,0.0,0.0,0.0,0.0,,,,,,,
-0.0017423946410417557,mappo,3.3476197813797626e-08,0.6522474884986877,0.0009783927975991998,72.0,,,,,,,,,,,,,,0.0,,,,,0.011965223588049412,0.0
,mappo,,,,72.0,0.0,0.0,0.0,0.0,0.0,0.0,0.0,0.0,0.0,0.0,0.0,0.0,0.0,,,,,,,
-0.002731852699071169,mappo,3.0883146706628395e-08,0.6350736021995544,0.0009780926975658554,73.0,,,,,,,,,,,,,,0.0,,,,,0.012383630499243736,0.0
,mappo,,,,73.0,0.0,0.0,0.0,0.0,0.0,0.0,0.0,0.0,0.0,0.0,0.0,0.0,0.0,,,,,,,
-0.0060245580971241,mappo,1.8634223053481946e-08,0.6058405041694641,0.0009777925975325108,74.0,,,,,,,,,,,,,,0.0,,,,,0.01220695860683918,0.0
,mappo,,,,74.0,0.0,0.0,0.0,0.0,0.0,0.0,0.0,0.0,0.0,0.0,0.0,0.0,0.0,,,,,,,
0.00014677154831588268,mappo,1.9142484930512182e-08,0.585503339767456,0.0009774924974991664,75.0,,,,,,,,,,,,,,0.0,,,,,0.01228404138237238,0.0
,mappo,,,,75.0,0.0,0.0,0.0,0.0,0.0,0.0,0.0,0.0,0.0,0.0,0.0,0.0,0.0,,,,,,,
-0.0029489086009562016,mappo,2.7179186901094e-08,0.5907827019691467,0.000977192397465822,76.0,,,,,,,,,,,,,,0.0,,,,,0.012065431103110313,0.0
,mappo,,,,76.0,0.0,0.0,0.0,0.0,0.0,0.0,0.0,0.0,0.0,0.0,0.0,0.0,0.0,,,,,,,
-0.0027517422568053007,mappo,1.5758427451828538e-08,0.5783829689025879,0.0009768922974324776,77.0,,,,,,,,,,,,,,0.0,,,,,0.012121308594942093,0.0
,mappo,,,,77.0,0.0,0.0,0.0,0.0,0.0,0.0,0.0,0.0,0.0,0.0,0.0,0.0,0.0,,,,,,,
-0.002968626096844673,mappo,1.5475166037504096e-08,0.5815268754959106,0.0009765921973991331,78.0,,,,,,,,,,,,,,0.0,,,,,0.012150276452302933,0.0
,mappo,,,,78.0,0.0,0.0,0.0,0.0,0.0,0.0,0.0,0.0,0.0,0.0,0.0,0.0,0.0,,,,,,,
-0.007912530563771725,mappo,2.143024246947789e-08,0.5847535133361816,0.0009762920973657886,79.0,,,,,,,,,,,,,,0.0,,,,,0.012052301317453384,0.0
,mappo,,,,79.0,0.0,0.0,0.0,0.0,0.0,0.0,0.0,0.0,0.0,0.0,0.0,0.0,0.0,,,,,,,
-0.006648945156484842,mappo,2.895981054962249e-08,0.5751776695251465,0.0009759919973324441,80.0,,,,,,,,,,,,,,0.0,,,,,0.012176716700196266,0.0
,mappo,,,,80.0,0.0,0.0,0.0,0.0,0.0,0.0,0.0,0.0,0.0,0.0,0.0,0.0,0.0,,,,,,,
-0.003536450443789363,mappo,7.753380160124834e-09,0.5807923674583435,0.0009756918972990997,81.0,,,,,,,,,,,,,,0.0,,,,,0.012045290321111679,0.0
,mappo,,,,81.0,0.0,0.0,0.0,0.0,0.0,0.0,0.0,0.0,0.0,0.0,0.0,0.0,0.0,,,,,,,
-0.0022376610431820154,mappo,9.27855658972021e-09,0.6018194556236267,0.0009753917972657553,82.0,,,,,,,,,,,,,,0.0,,,,,0.012206735089421272,0.0
,mappo,,,,82.0,0.0,0.0,0.0,0.0,0.0,0.0,0.0,0.0,0.0,0.0,0.0,0.0,0.0,,,,,,,
-0.006448184140026569,mappo,4.693400335042952e-09,0.6136579513549805,0.0009750916972324108,83.0,,,,,,,,,,,,,,0.0,,,,,0.01166214607656002,0.0
,mappo,,,,83.0,0.0,0.0,0.0,0.0,0.0,0.0,0.0,0.0,0.0,0.0,0.0,0.0,0.0,,,,,,,
-0.004317788407206535,mappo,3.627816713702714e-09,0.6097326874732971,0.0009747915971990664,84.0,,,,,,,,,,,,,,0.0,,,,,0.011815601959824562,0.0
,mappo,,,,84.0,0.0,0.0,0.0,0.0,0.0,0.0,0.0,0.0,0.0,0.0,0.0,0.0,0.0,,,,,,,
-0.0018340740352869034,mappo,4.651824259127579e-09,0.6049410700798035,0.000974491497165722,85.0,,,,,,,,,,,,,,0.0,,,,,0.012002144008874893,0.0
,mappo,,,,85.0,0.0,0.0,0.0,0.0,0.0,0.0,0.0,0.0,0.0,0.0,0.0,0.0,0.0,,,,,,,
-0.002398382406681776,mappo,6.193763724127166e-09,0.6146281957626343,0.0009741913971323774,86.0,,,,,,,,,,,,,,0.0,,,,,0.012042212300002575,0.0
,mappo,,,,86.0,0.0,0.0,0.0,0.0,0.0,0.0,0.0,0.0,0.0,0.0,0.0,0.0,0.0,,,,,,,
-0.0040041194297373295,mappo,1.4045704155307703e-08,0.6032812595367432,0.000973891297099033,87.0,,,,,,,,,,,,,,0.0,,,,,0.012216541916131973,0.0
,mappo,,,,87.0,0.0,0.0,0.0,0.0,0.0,0.0,0.0,0.0,0.0,0.0,0.0,0.0,0.0,,,,,,,
-0.005464470479637384,mappo,1.9813578333582882e-08,0.5837152600288391,0.0009735911970656886,88.0,,,,,,,,,,,,,,0.0,,,,,0.012320351786911488,0.0
,mappo,,,,88.0,0.0,0.0,0.0,0.0,0.0,0.0,0.0,0.0,0.0,0.0,0.0,0.0,0.0,,,,,,,
-0.005151459947228432,mappo,3.676559501286647e-08,0.5835569500923157,0.0009732910970323441,89.0,,,,,,,,,,,,,,0.0,,,,,0.012331122532486916,0.0
,mappo,,,,89.0,0.0,0.0,0.0,0.0,0.0,0.0,0.0,0.0,0.0,0.0,0.0,0.0,0.0,,,,,,,
-0.0024592129047960043,mappo,8.894080849586317e-08,0.5920922160148621,0.0009729909969989997,90.0,,,,,,,,,,,,,,0.0,,,,,0.01236102357506752,0.0
,mappo,,,,90.0,0.0,0.0,0.0,0.0,0.0,0.0,0.0,0.0,0.0,0.0,0.0,0.0,0.0,,,,,,,
-0.0036991750821471214,mappo,7.600424822840068e-08,0.5908315181732178,0.0009726908969656552,91.0,,,,,,,,,,,,,,0.0,,,,,0.012183824554085732,0.0
,mappo,,,,91.0,0.0,0.0,0.0,0.0,0.0,0.0,0.0,0.0,0.0,0.0,0.0,0.0,0.0,,,,,,,
-0.0025920826010406017,mappo,7.835794946231545e-08,0.591809093952179,0.0009723907969323108,92.0,,,,,,,,,,,,,,0.0,,,,,0.012311015278100967,0.0
,mappo,,,,92.0,0.0,0.0,0.0,0.0,0.0,0.0,0.0,0.0,0.0,0.0,0.0,0.0,0.0,,,,,,,
-0.0017835369799286127,mappo,6.016701092903531e-08,0.5946229100227356,0.0009720906968989664,93.0,,,,,,,,,,,,,,0.0,,,,,0.012475269846618176,0.0
,mappo,,,,93.0,0.0,0.0,0.0,0.0,0.0,0.0,0.0,0.0,0.0,0.0,0.0,0.0,0.0,,,,,,,
-0.002491255756467581,mappo,1.0243523007602562e-07,0.5995974540710449,0.0009717905968656219,94.0,,,,,,,,,,,,,,0.0,,,,,0.012300500646233559,0.0
,mappo,,,,94.0,0.0,0.0,0.0,0.0,0.0,0.0,0.0,0.0,0.0,0.0,0.0,0.0,0.0,,,,,,,
-0.00858940277248621,mappo,1.3685907163107913e-07,0.6024960279464722,0.0009714904968322775,95.0,,,,,,,,,,,,,,0.0,,,,,0.011943100951611996,0.0
,mappo,,,,95.0,0.0,0.0,0.0,0.0,0.0,0.0,0.0,0.0,0.0,0.0,0.0,0.0,0.0,,,,,,,
0.0010256839450448751,mappo,8.131392803534254e-08,0.6129838824272156,0.000971190396798933,96.0,,,,,,,,,,,,,,0.0,,,,,0.012302270159125328,0.0
,mappo,,,,96.0,0.0,0.0,0.0,0.0,0.0,0.0,0.0,0.0,0.0,0.0,0.0,0.0,0.0,,,,,,,
-0.002876709681004286,mappo,1.8882123242747184e-07,0.6262896656990051,0.0009708902967655885,97.0,,,,,,,,,,,,,,0.0,,,,,0.012443301267921925,0.0
,mappo,,,,97.0,0.0,0.0,0.0,0.0,0.0,0.0,0.0,0.0,0.0,0.0,0.0,0.0,0.0,,,,,,,
-0.0007582479156553745,mappo,2.3077103605828597e-07,0.6205108165740967,0.0009705901967322441,98.0,,,,,,,,,,,,,,0.0,,,,,0.012136724777519703,0.0
,mappo,,,,98.0,0.0,0.0,0.0,0.0,0.0,0.0,0.0,0.0,0.0,0.0,0.0,0.0,0.0,,,,,,,
-0.005970786791294813,mappo,2.3049150854603795e-07,0.6193185448646545,0.0009702900966988997,99.0,,,,,,,,,,,,,,0.0,,,,,0.01221359334886074,0.0
,mappo,,,,99.0,0.0,0.0,0.0,0.0,0.0,0.0,0.0,0.0,0.0,0.0,0.0,0.0,0.0,,,,,,,
,mappo,,,,99.0,,,,,,,,,,,,,,,0.0,0.0,0.0,0.0,,
-0.0004693936207331717,mappo,1.6773670097336435e-07,0.6238105297088623,0.0009699899966655552,100.0,,,,,,,,,,,,,,0.0,,,,,0.011991448700428009,0.0
,mappo,,,,100.0,0.0,0.0,0.0,0.0,0.0,0.0,0.0,0.0,0.0,0.0,0.0,0.0,0.0,,,,,,,
-0.005733020603656769,mappo,5.200797659199452e-08,0.6392998695373535,0.0009696898966322108,101.0,,,,,,,,,,,,,,0.0,,,,,0.012099254876375198,0.0
,mappo,,,,101.0,0.0,0.0,0.0,0.0,0.0,0.0,0.0,0.0,0.0,0.0,0.0,0.0,0.0,,,,,,,
-0.00313348020426929,mappo,1.3085728767237015e-07,0.6439734101295471,0.0009693897965988663,102.0,,,,,,,,,,,,,,0.0,,,,,0.012129632756114006,0.0
,mappo,,,,102.0,0.0,0.0,0.0,0.0,0.0,0.0,0.0,0.0,0.0,0.0,0.0,0.0,0.0,,,,,,,
-0.009968511760234833,mappo,1.5681951026635943e-07,0.6395117044448853,0.0009690896965655219,103.0,,,,,,,,,,,,,,0.0,,,,,0.012172703631222248,0.0
,mappo,,,,103.0,0.0,0.0,0.0,0.0,0.0,0.0,0.0,0.0,0.0,0.0,0.0,0.0,0.0,,,,,,,
0.00032167730387300253,mappo,1.8601431861497986e-07,0.6315315961837769,0.0009687895965321775,104.0,,,,,,,,,,,,,,0.0,,,,,0.012302136048674583,0.0
,mappo,,,,104.0,0.0,0.0,0.0,0.0,0.0,0.0,0.0,0.0,0.0,0.0,0.0,0.0,0.0,,,,,,,
-0.0027830996550619602,mappo,2.0773731534973194e-07,0.6202148199081421,0.0009684894964988329,105.0,,,,,,,,,,,,,,0.0,,,,,0.01241083163768053,0.0
,mappo,,,,105.0,0.0,0.0,0.0,0.0,0.0,0.0,0.0,0.0,0.0,0.0,0.0,0.0,0.0,,,,,,,
-0.004872783087193966,mappo,1.9283801577785198e-07,0.6178857684135437,0.0009681893964654885,106.0,,,,,,,,,,,,,,0.0,,,,,0.01217634230852127,0.0
,mappo,,,,106.0,0.0,0.0,0.0,0.0,0.0,0.0,0.0,0.0,0.0,0.0,0.0,0.0,0.0,,,,,,,
-0.002429919084534049,mappo,1.1008485500951792e-07,0.6084917187690735,0.0009678892964321441,107.0,,,,,,,,,,,,,,0.0,,,,,0.01258932426571846,0.0
,mappo,,,,107.0,0.0,0.0,0.0,0.0,0.0,0.0,0.0,0.0,0.0,0.0,0.0,0.0,0.0,,,,,,,
-0.00018625135999172926,mappo,1.4073297904815263e-07,0.5996197462081909,0.0009675891963987996,108.0,,,,,,,,,,,,,,0.0,,,,,0.012639526277780533,0.0
,mappo,,,,108.0,0.0,0.0,0.0,0.0,0.0,0.0,0.0,0.0,0.0,0.0,0.0,0.0,0.0,,,,,,,
-0.00594413373619318,mappo,7.062023854587096e-08,0.5949180126190186,0.0009672890963654552,109.0,,,,,,,,,,,,,,0.0,,,,,0.012502359226346016,0.0
,mappo,,,,109.0,0.0,0.0,0.0,0.0,0.0,0.0,0.0,0.0,0.0,0.0,0.0,0.0,0.0,,,,,,,
0.00024158292217180133,mappo,6.01723257886988e-08,0.5980719923973083,0.0009669889963321107,110.0,,,,,,,,,,,,,,0.0,,,,,0.012688634917140007,0.0
,mappo,,,,110.0,0.0,0.0,0.0,0.0,0.0,0.0,0.0,0.0,0.0,0.0,0.0,0.0,0.0,,,,,,,
-0.006653584539890289,mappo,1.7675631625024835e-08,0.6074360013008118,0.0009666888962987663,111.0,,,,,,,,,,,,,,0.0,,,,,0.0126044237986207,0.0
,mappo,,,,111.0,0.0,0.0,0.0,0.0,0.0,0.0,0.0,0.0,0.0,0.0,0.0,0.0,0.0,,,,,,,
-0.009854240342974663,mappo,1.2234449897619015e-08,0.6091271638870239,0.0009663887962654219,112.0,,,,,,,,,,,,,,0.0,,,,,0.012217911891639233,0.0
,mappo,,,,112.0,0.0,0.0,0.0,0.0,0.0,0.0,0.0,0.0,0.0,0.0,0.0,0.0,0.0,,,,,,,
0.003947751596570015,mappo,4.6474312398459006e-08,0.5980531573295593,0.0009660886962320773,113.0,,,,,,,,,,,,,,0.0,,,,,0.012635322287678719,0.0
,mappo,,,,113.0,0.0,0.0,0.0,0.0,0.0,0.0,0.0,0.0,0.0,0.0,0.0,0.0,0.0,,,,,,,
-0.006201355718076229,mappo,1.750246525489274e-07,0.5921229124069214,0.0009657885961987329,114.0,,,,,,,,,,,,,,0.0,,,,,0.013011126779019833,0.0
,mappo,,,,114.0,0.0,0.0,0.0,0.0,0.0,0.0,0.0,0.0,0.0,0.0,0.0,0.0,0.0,,,,,,,
0.003493574447929859,mappo,2.999852313223528e-07,0.5939363241195679,0.0009654884961653885,115.0,,,,,,,,,,,,,,0.0,,,,,0.012643162161111832,0.0
,mappo,,,,115.0,0.0,0.0,0.0,0.0,0.0,0.0,0.0,0.0,0.0,0.0,0.0,0.0,0.0,,,,,,,
-0.005590037442743778,mappo,4.814069143321831e-07,0.5941712856292725,0.000965188396132044,116.0,,,,,,,,,,,,,,0.0,,,,,0.012623099610209465,0.0
,mappo,,,,116.0,0.0,0.0,0.0,0.0,0.0,0.0,0.0,0.0,0.0,0.0,0.0,0.0,0.0,,,,,,,
-0.003026675432920456,mappo,6.970720960453036e-07,0.591671884059906,0.0009648882960986996,117.0,,,,,,,,,,,,,,0.0,,,,,0.012735353782773018,0.0
,mappo,,,,117.0,0.0,0.0,0.0,0.0,0.0,0.0,0.0,0.0,0.0,0.0,0.0,0.0,0.0,,,,,,,
-0.0034814062528312206,mappo,7.366579097833892e-07,0.5757575035095215,0.0009645881960653551,118.0,,,,,,,,,,,,,,0.0,,,,,0.012896120548248291,0.0
,mappo,,,,118.0,0.0,0.0,0.0,0.0,0.0,0.0,0.0,0.0,0.0,0.0,0.0,0.0,0.0,,,,,,,
-0.002665305742993951,mappo,8.276147696051339e-07,0.5647339224815369,0.0009642880960320107,119.0,,,,,,,,,,,,,,0.0,,,,,0.012524101883172989,0.0
,mappo,,,,119.0,0.0,0.0,0.0,0.0,0.0,0.0,0.0,0.0,0.0,0.0,0.0,0.0,0.0,,,,,,,
-8.146543405018747e-05,mappo,7.112502657946607e-07,0.5801353454589844,0.0009639879959986663,120.0,,,,,,,,,,,,,,0.0,,,,,0.012739624828100204,0.0
,mappo,,,,120.0,0.0,0.0,0.0,0.0,0.0,0.0,0.0,0.0,0.0,0.0,0.0,0.0,0.0,,,,,,,
0.0008709528483450413,mappo,7.811188424966531e-07,0.5792047381401062,0.0009636878959653218,121.0,,,,,,,,,,,,,,0.0,,,,,0.012588784098625183,0.0
,mappo,,,,121.0,0.0,0.0,0.0,0.0,0.0,0.0,0.0,0.0,0.0,0.0,0.0,0.0,0.0,,,,,,,
-0.003681469475850463,mappo,6.114185566730157e-07,0.5908351540565491,0.0009633877959319773,122.0,,,,,,,,,,,,,,0.0,,,,,0.012508250772953033,0.0
,mappo,,,,122.0,0.0,0.0,0.0,0.0,0.0,0.0,0.0,0.0,0.0,0.0,0.0,0.0,0.0,,,,,,,
-0.012510242871940136,mappo,3.4283874583707075e-07,0.5998328924179077,0.0009630876958986329,123.0,,,,,,,,,,,,,,0.0,,,,,0.012427229434251785,0.0
,mappo,,,,123.0,0.0,0.0,0.0,0.0,0.0,0.0,0.0,0.0,0.0,0.0,0.0,0.0,0.0,,,,,,,
-0.004801956471055746,mappo,1.8188161732268782e-07,0.6138819456100464,0.0009627875958652884,124.0,,,,,,,,,,,,,,0.0,,,,,0.012304657138884068,0.0
,mappo,,,,124.0,0.0,0.0,0.0,0.0,0.0,0.0,0.0,0.0,0.0,0.0,0.0,0.0,0.0,,,,,,,
-0.00221308134496212,mappo,6.67460398062758e-08,0.6189126372337341,0.000962487495831944,125.0,,,,,,,,,,,,,,0.0,,,,,0.012564986944198608,0.0
,mappo,,,,125.0,0.0,0.0,0.0,0.0,0.0,0.0,0.0,0.0,0.0,0.0,0.0,0.0,0.0,,,,,,,
-0.008579535409808159,mappo,3.286022121073984e-08,0.6216893792152405,0.0009621873957985996,126.0,,,,,,,,,,,,,,0.0,,,,,0.012771427631378174,0.0
,mappo,,,,126.0,0.0,0.0,0.0,0.0,0.0,0.0,0.0,0.0,0.0,0.0,0.0,0.0,0.0,,,,,,,
-0.004493064247071743,mappo,2.910451790683055e-08,0.6168778538703918,0.0009618872957652551,127.0,,,,,,,,,,,,,,0.0,,,,,0.012636154890060425,0.0
,mappo,,,,127.0,0.0,0.0,0.0,0.0,0.0,0.0,0.0,0.0,0.0,0.0,0.0,0.0,0.0,,,,,,,
0.002322801388800144,mappo,1.6260457869066158e-08,0.6076164841651917,0.0009615871957319107,128.0,,,,,,,,,,,,,,0.0,,,,,0.012641655281186104,0.0
,mappo,,,,128.0,0.0,0.0,0.0,0.0,0.0,0.0,0.0,0.0,0.0,0.0,0.0,0.0,0.0,,,,,,,
-0.00804892461746931,mappo,2.1514660275556707e-08,0.613284707069397,0.0009612870956985662,129.0,,,,,,,,,,,,,,0.0,,,,,0.012702509760856628,0.0
,mappo,,,,129.0,0.0,0.0,0.0,0.0,0.0,0.0,0.0,0.0,0.0,0.0,0.0,0.0,0.0,,,,,,,
-0.006691194139420986,mappo,2.327093007181702e-08,0.6225932240486145,0.0009609869956652218,130.0,,,,,,,,,,,,,,0.0,,,,,0.012685300782322884,0.0
,mappo,,,,130.0,0.0,0.0,0.0,0.0,0.0,0.0,0.0,0.0,0.0,0.0,0.0,0.0,0.0,,,,,,,
-0.001242597121745348,mappo,1.0423651275459633e-08,0.636338472366333,0.0009606868956318773,131.0,,,,,,,,,,,,,,0.0,,,,,0.012640874832868576,0.0
,mappo,,,,131.0,0.0,0.0,0.0,0.0,0.0,0.0,0.0,0.0,0.0,0.0,0.0,0.0,0.0,,,,,,,
-0.007453129161149263,mappo,8.868650702709147e-09,0.6481107473373413,0.0009603867955985328,132.0,,,,,,,,,,,,,,0.0,,,,,0.012615717947483063,0.0
,mappo,,,,132.0,0.0,0.0,0.0,0.0,0.0,0.0,0.0,0.0,0.0,0.0,0.0,0.0,0.0,,,,,,,
-0.004067560657858849,mappo,4.202003189845982e-09,0.6662867665290833,0.0009600866955651884,133.0,,,,,,,,,,,,,,0.0,,,,,0.012371809221804142,0.0
,mappo,,,,133.0,0.0,0.0,0.0,0.0,0.0,0.0,0.0,0.0,0.0,0.0,0.0,0.0,0.0,,,,,,,
-0.0024697252083569765,mappo,5.38490496637678e-09,0.6855408549308777,0.000959786595531844,134.0,,,,,,,,,,,,,,0.0,,,,,0.012703089974820614,0.0
,mappo,,,,134.0,0.0,0.0,0.0,0.0,0.0,0.0,0.0,0.0,0.0,0.0,0.0,0.0,0.0,,,,,,,
-0.0008228224469348788,mappo,3.7066063551804973e-09,0.695035994052887,0.0009594864954984995,135.0,,,,,,,,,,,,,,0.0,,,,,0.012687265872955322,0.0
,mappo,,,,135.0,0.0,0.0,0.0,0.0,0.0,0.0,0.0,0.0,0.0,0.0,0.0,0.0,0.0,,,,,,,
-0.0011570164933800697,mappo,5.179676243471931e-09,0.6886959075927734,0.0009591863954651551,136.0,,,,,,,,,,,,,,0.0,,,,,0.01242787204682827,0.0
,mappo,,,,136.0,0.0,0.0,0.0,0.0,0.0,0.0,0.0,0.0,0.0,0.0,0.0,0.0,0.0,,,,,,,
-0.003607694525271654,mappo,4.649848950322166e-09,0.6769008636474609,0.0009588862954318107,137.0,,,,,,,,,,,,,,0.0,,,,,0.013005907647311687,0.0
,mappo,,,,137.0,0.0,0.0,0.0,0.0,0.0,0.0,0.0,0.0,0.0,0.0,0.0,0.0,0.0,,,,,,,
-0.005519137717783451,mappo,2.7471356300878824e-09,0.6732975244522095,0.0009585861953984662,138.0,,,,,,,,,,,,,,0.0,,,,,0.012529246509075165,0.0
,mappo,,,,138.0,0.0,0.0,0.0,0.0,0.0,0.0,0.0,0.0,0.0,0.0,0.0,0.0,0.0,,,,,,,
-0.002010141033679247,mappo,6.028670451740936e-09,0.6628370881080627,0.0009582860953651218,139.0,,,,,,,,,,,,,,0.0,,,,,0.012571685947477818,0.0
,mappo,,,,139.0,0.0,0.0,0.0,0.0,0.0,0.0,0.0,0.0,0.0,0.0,0.0,0.0,0.0,,,,,,,
-0.00248148525133729,mappo,3.8001668478671036e-09,0.6585409641265869,0.0009579859953317772,140.0,,,,,,,,,,,,,,0.0,,,,,0.012874625623226166,0.0
,mappo,,,,140.0,0.0,0.0,0.0,0.0,0.0,0.0,0.0,0.0,0.0,0.0,0.0,0.0,0.0,,,,,,,
-0.0017785965465009212,mappo,2.3087758371787004e-09,0.6386240720748901,0.0009576858952984328,141.0,,,,,,,,,,,,,,0.0,,,,,0.012566906400024891,0.0
,mappo,,,,141.0,0.0,0.0,0.0,0.0,0.0,0.0,0.0,0.0,0.0,0.0,0.0,0.0,0.0,,,,,,,
0.0005855082999914885,mappo,4.661881103373844e-09,0.621508002281189,0.0009573857952650884,142.0,,,,,,,,,,,,,,0.0,,,,,0.01256515458226204,0.0
,mappo,,,,142.0,0.0,0.0,0.0,0.0,0.0,0.0,0.0,0.0,0.0,0.0,0.0,0.0,0.0,,,,,,,
-0.0021753674373030663,mappo,6.68864386099699e-09,0.6067926287651062,0.0009570856952317439,143.0,,,,,,,,,,,,,,0.0,,,,,0.012569623067975044,0.0
,mappo,,,,143.0,0.0,0.0,0.0,0.0,0.0,0.0,0.0,0.0,0.0,0.0,0.0,0.0,0.0,,,,,,,
-0.016522645950317383,mappo,5.622549537065424e-09,0.5856594443321228,0.0009567855951983995,144.0,,,,,,,,,,,,,,0.0,,,,,0.012534054927527905,0.0
,mappo,,,,144.0,0.0,0.0,0.0,0.0,0.0,0.0,0.0,0.0,0.0,0.0,0.0,0.0,0.0,,,,,,,
-0.0037653567269444466,mappo,3.5239440254741794e-09,0.5735983848571777,0.000956485495165055,145.0,,,,,,,,,,,,,,0.0,,,,,0.01261855661869049,0.0
,mappo,,,,145.0,0.0,0.0,0.0,0.0,0.0,0.0,0.0,0.0,0.0,0.0,0.0,0.0,0.0,,,,,,,
-0.005011666566133499,mappo,4.372739059732567e-09,0.5727220177650452,0.0009561853951317106,146.0,,,,,,,,,,,,,,0.0,,,,,0.012535495683550835,0.0
,mappo,,,,146.0,0.0,0.0,0.0,0.0,0.0,0.0,0.0,0.0,0.0,0.0,0.0,0.0,0.0,,,,,,,
-0.009991760365664959,mappo,5.051055573801477e-09,0.5489873290061951,0.0009558852950983662,147.0,,,,,,,,,,,,,,0.0,,,,,0.012461467646062374,0.0
,mappo,,,,147.0,0.0,0.0,0.0,0.0,0.0,0.0,0.0,0.0,0.0,0.0,0.0,0.0,0.0,,,,,,,
0.004196214023977518,mappo,5.419344528689862e-09,0.5405490398406982,0.0009555851950650217,148.0,,,,,,,,,,,,,,0.0,,,,,0.012597767636179924,0.0
,mappo,,,,148.0,0.0,0.0,0.0,0.0,0.0,0.0,0.0,0.0,0.0,0.0,0.0,0.0,0.0,,,,,,,
-0.0018259817734360695,mappo,1.1300982372119961e-08,0.5471768975257874,0.0009552850950316772,149.0,,,,,,,,,,,,,,0.0,,,,,0.012875224463641644,0.0
,mappo,,,,149.0,0.0,0.0,0.0,0.0,0.0,0.0,0.0,0.0,0.0,0.0,0.0,0.0,0.0,,,,,,,
-0.0036384498234838247,mappo,1.0325173604996962e-08,0.5550267696380615,0.0009549849949983328,150.0,,,,,,,,,,,,,,0.0,,,,,0.012758037075400352,0.0
,mappo,,,,150.0,0.0,0.0,0.0,0.0,0.0,0.0,0.0,0.0,0.0,0.0,0.0,0.0,0.0,,,,,,,
-0.0019818232394754887,mappo,8.949303520466856e-09,0.5491728782653809,0.0009546848949649883,151.0,,,,,,,,,,,,,,0.0,,,,,0.0127951605245471,0.0
,mappo,,,,151.0,0.0,0.0,0.0,0.0,0.0,0.0,0.0,0.0,0.0,0.0,0.0,0.0,0.0,,,,,,,
0.0017744809156283736,mappo,1.6686135140275837e-08,0.5351300239562988,0.0009543847949316439,152.0,,,,,,,,,,,,,,0.0,,,,,0.012953460216522217,0.0
,mappo,,,,152.0,0.0,0.0,0.0,0.0,0.0,0.0,0.0,0.0,0.0,0.0,0.0,0.0,0.0,,,,,,,
-0.0031414267141371965,mappo,1.2847633179546847e-08,0.5411319732666016,0.0009540846948982995,153.0,,,,,,,,,,,,,,0.0,,,,,0.0127601632848382,0.0
,mappo,,,,153.0,0.0,0.0,0.0,0.0,0.0,0.0,0.0,0.0,0.0,0.0,0.0,0.0,0.0,,,,,,,
0.0032127005979418755,mappo,1.6400477420575044e-08,0.5487660765647888,0.000953784594864955,154.0,,,,,,,,,,,,,,0.0,,,,,0.012982767075300217,0.0
,mappo,,,,154.0,0.0,0.0,0.0,0.0,0.0,0.0,0.0,0.0,0.0,0.0,0.0,0.0,0.0,,,,,,,
-0.0030797075014561415,mappo,4.0580392379752084e-08,0.5525074005126953,0.0009534844948316106,155.0,,,,,,,,,,,,,,0.0,,,,,0.012770423665642738,0.0
,mappo,,,,155.0,0.0,0.0,0.0,0.0,0.0,0.0,0.0,0.0,0.0,0.0,0.0,0.0,0.0,,,,,,,
-0.005541870836168528,mappo,7.412324976030504e-08,0.5582414865493774,0.0009531843947982661,156.0,,,,,,,,,,,,,,0.0,,,,,0.013033363968133926,0.0
,mappo,,,,156.0,0.0,0.0,0.0,0.0,0.0,0.0,0.0,0.0,0.0,0.0,0.0,0.0,0.0,,,,,,,
-0.0025702130515128374,mappo,1.0619702806025089e-07,0.5526613593101501,0.0009528842947649217,157.0,,,,,,,,,,,,,,0.0,,,,,0.01302914135158062,0.0
,mappo,,,,157.0,0.0,0.0,0.0,0.0,0.0,0.0,0.0,0.0,0.0,0.0,0.0,0.0,0.0,,,,,,,
-0.0022145260591059923,mappo,1.2152790418440418e-07,0.5457293391227722,0.0009525841947315772,158.0,,,,,,,,,,,,,,0.0,,,,,0.013066211715340614,0.0
,mappo,,,,158.0,0.0,0.0,0.0,0.0,0.0,0.0,0.0,0.0,0.0,0.0,0.0,0.0,0.0,,,,,,,
-0.006079230457544327,mappo,1.7509587735276e-07,0.5319674015045166,0.0009522840946982327,159.0,,,,,,,,,,,,,,0.0,,,,,0.013037033379077911,0.0
,mappo,,,,159.0,0.0,0.0,0.0,0.0,0.0,0.0,0.0,0.0,0.0,0.0,0.0,0.0,0.0,,,,,,,
-0.0004952208255417645,mappo,2.589572147826402e-07,0.5109506249427795,0.0009519839946648883,160.0,,,,,,,,,,,,,,0.0,,,,,0.01303350180387497,0.0
,mappo,,,,160.0,0.0,0.0,0.0,0.0,0.0,0.0,0.0,0.0,0.0,0.0,0.0,0.0,0.0,,,,,,,
-0.0028933417052030563,mappo,1.8526881717662036e-07,0.48481395840644836,0.0009516838946315439,161.0,,,,,,,,,,,,,,0.0,,,,,0.013022609986364841,0.0
,mappo,,,,161.0,0.0,0.0,0.0,0.0,0.0,0.0,0.0,0.0,0.0,0.0,0.0,0.0,0.0,,,,,,,
-0.0026448629796504974,mappo,5.579274784395238e-07,0.47237107157707214,0.0009513837945981994,162.0,,,,,,,,,,,,,,0.0,,,,,0.013003652915358543,0.0
,mappo,,,,162.0,0.0,0.0,0.0,0.0,0.0,0.0,0.0,0.0,0.0,0.0,0.0,0.0,0.0,,,,,,,
-0.0035916788037866354,mappo,1.1761815130739706e-06,0.46975499391555786,0.000951083694564855,163.0,,,,,,,,,,,,,,0.0,,,,,0.013366300612688065,0.0
,mappo,,,,163.0,0.0,0.0,0.0,0.0,0.0,0.0,0.0,0.0,0.0,0.0,0.0,0.0,0.0,,,,,,,
-0.0014335315208882093,mappo,1.0408101616121712e-06,0.475399374961853,0.0009507835945315106,164.0,,,,,,,,,,,,,,0.0,,,,,0.013384618796408176,0.0
,mappo,,,,164.0,0.0,0.0,0.0,0.0,0.0,0.0,0.0,0.0,0.0,0.0,0.0,0.0,0.0,,,,,,,
-0.003981588874012232,mappo,1.3042570117249852e-06,0.4777769446372986,0.0009504834944981661,165.0,,,,,,,,,,,,,,0.0,,,,,0.012999631464481354,0.0
,mappo,,,,165.0,0.0,0.0,0.0,0.0,0.0,0.0,0.0,0.0,0.0,0.0,0.0,0.0,0.0,,,,,,,
-0.004266353789716959,mappo,8.616883064860303e-07,0.48435738682746887,0.0009501833944648217,166.0,,,,,,,,,,,,,,0.0,,,,,0.012980645522475243,0.0
,mappo,,,,166.0,0.0,0.0,0.0,0.0,0.0,0.0,0.0,0.0,0.0,0.0,0.0,0.0,0.0,,,,,,,
0.00408219313248992,mappo,4.5779054858030577e-07,0.4757010340690613,0.0009498832944314771,167.0,,,,,,,,,,,,,,0.0,,,,,0.01300039142370224,0.0
,mappo,,,,167.0,0.0,0.0,0.0,0.0,0.0,0.0,0.0,0.0,0.0,0.0,0.0,0.0,0.0,,,,,,,
-0.0011838976060971618,mappo,1.3800007536701742e-07,0.48329320549964905,0.0009495831943981327,168.0,,,,,,,,,,,,,,0.0,,,,,0.012914750725030899,0.0
,mappo,,,,168.0,0.0,0.0,0.0,0.0,0.0,0.0,0.0,0.0,0.0,0.0,0.0,0.0,0.0,,,,,,,
-0.0057603344321250916,mappo,5.1107889476043056e-08,0.5024737119674683,0.0009492830943647883,169.0,,,,,,,,,,,,,,0.0,,,,,0.013291708193719387,0.0
,mappo,,,,169.0,0.0,0.0,0.0,0.0,0.0,0.0,0.0,0.0,0.0,0.0,0.0,0.0,0.0,,,,,,,
0.005030522588640451,mappo,2.2843195779387315e-08,0.4914626181125641,0.0009489829943314438,170.0,,,,,,,,,,,,,,0.0,,,,,0.013175579719245434,0.0
,mappo,,,,170.0,0.0,0.0,0.0,0.0,0.0,0.0,0.0,0.0,0.0,0.0,0.0,0.0,0.0,,,,,,,
-0.008594939485192299,mappo,3.0688760421782035e-09,0.48161670565605164,0.0009486828942980994,171.0,,,,,,,,,,,,,,0.0,,,,,0.013230500742793083,0.0
,mappo,,,,171.0,0.0,0.0,0.0,0.0,0.0,0.0,0.0,0.0,0.0,0.0,0.0,0.0,0.0,,,,,,,
-0.00287839793600142,mappo,2.8729807421967735e-09,0.48378488421440125,0.000948382794264755,172.0,,,,,,,,,,,,,,0.0,,,,,0.013164223171770573,0.0
,mappo,,,,172.0,0.0,0.0,0.0,0.0,0.0,0.0,0.0,0.0,0.0,0.0,0.0,0.0,0.0,,,,,,,
-0.004674483556300402,mappo,8.74921823879049e-09,0.4888121485710144,0.0009480826942314105,173.0,,,,,,,,,,,,,,0.0,,,,,0.013327104970812798,0.0
,mappo,,,,173.0,0.0,0.0,0.0,0.0,0.0,0.0,0.0,0.0,0.0,0.0,0.0,0.0,0.0,,,,,,,
-0.005148609634488821,mappo,5.398462121775083e-09,0.4726997911930084,0.0009477825941980661,174.0,,,,,,,,,,,,,,0.0,,,,,0.013363650999963284,0.0
,mappo,,,,174.0,0.0,0.0,0.0,0.0,0.0,0.0,0.0,0.0,0.0,0.0,0.0,0.0,0.0,,,,,,,
0.0006477826391346753,mappo,2.389966446969538e-09,0.48353755474090576,0.0009474824941647215,175.0,,,,,,,,,,,,,,0.0,,,,,0.01311376690864563,0.0
,mappo,,,,175.0,0.0,0.0,0.0,0.0,0.0,0.0,0.0,0.0,0.0,0.0,0.0,0.0,0.0,,,,,,,
-0.0016600345261394978,mappo,5.293835148023618e-09,0.49260812997817993,0.0009471823941313771,176.0,,,,,,,,,,,,,,0.0,,,,,0.013338218443095684,0.0
,mappo,,,,176.0,0.0,0.0,0.0,0.0,0.0,0.0,0.0,0.0,0.0,0.0,0.0,0.0,0.0,,,,,,,
-0.00435060728341341,mappo,1.6917712786224115e-09,0.5146017670631409,0.0009468822940980327,177.0,,,,,,,,,,,,,,0.0,,,,,0.01325564831495285,0.0
,mappo,,,,177.0,0.0,0.0,0.0,0.0,0.0,0.0,0.0,0.0,0.0,0.0,0.0,0.0,0.0,,,,,,,
-0.008868270553648472,mappo,4.534516317988846e-09,0.5416780114173889,0.0009465821940646882,178.0,,,,,,,,,,,,,,0.0,,,,,0.013177058659493923,0.0
,mappo,,,,178.0,0.0,0.0,0.0,0.0,0.0,0.0,0.0,0.0,0.0,0.0,0.0,0.0,0.0,,,,,,,
0.0038560053799301386,mappo,1.7963008858146168e-09,0.5565633177757263,0.0009462820940313438,179.0,,,,,,,,,,,,,,0.0,,,,,0.013084962964057922,0.0
,mappo,,,,179.0,0.0,0.0,0.0,0.0,0.0,0.0,0.0,0.0,0.0,0.0,0.0,0.0,0.0,,,,,,,
-0.003338614944368601,mappo,1.2043941399753066e-09,0.5815702080726624,0.0009459819939979994,180.0,,,,,,,,,,,,,,0.0,,,,,0.013176439329981804,0.0
,mappo,,,,180.0,0.0,0.0,0.0,0.0,0.0,0.0,0.0,0.0,0.0,0.0,0.0,0.0,0.0,,,,,,,
-0.009388307109475136,mappo,2.7293376447801165e-09,0.5974456667900085,0.0009456818939646549,181.0,,,,,,,,,,,,,,0.0,,,,,0.013170896098017693,0.0
,mappo,,,,181.0,0.0,0.0,0.0,0.0,0.0,0.0,0.0,0.0,0.0,0.0,0.0,0.0,0.0,,,,,,,
-0.001776577439159155,mappo,3.4513321089946203e-09,0.6249455809593201,0.0009453817939313105,182.0,,,,,,,,,,,,,,0.0,,,,,0.013164453208446503,0.0
,mappo,,,,182.0,0.0,0.0,0.0,0.0,0.0,0.0,0.0,0.0,0.0,0.0,0.0,0.0,0.0,,,,,,,
0.004748768638819456,mappo,5.071553399460527e-09,0.6346638202667236,0.000945081693897966,183.0,,,,,,,,,,,,,,0.0,,,,,0.013391018845140934,0.0
,mappo,,,,183.0,0.0,0.0,0.0,0.0,0.0,0.0,0.0,0.0,0.0,0.0,0.0,0.0,0.0,,,,,,,
-0.0023853343445807695,mappo,1.6553129977836534e-09,0.6520418524742126,0.0009447815938646215,184.0,,,,,,,,,,,,,,0.0,,,,,0.013314822688698769,0.0
,mappo,,,,184.0,0.0,0.0,0.0,0.0,0.0,0.0,0.0,0.0,0.0,0.0,0.0,0.0,0.0,,,,,,,
-0.009766560979187489,mappo,1.944155281208282e-09,0.6641532778739929,0.0009444814938312771,185.0,,,,,,,,,,,,,,0.0,,,,,0.013224962167441845,0.0
,mappo,,,,185.0,0.0,0.0,0.0,0.0,0.0,0.0,0.0,0.0,0.0,0.0,0.0,0.0,0.0,,,,,,,
-0.01182814035564661,mappo,5.977674355506224e-09,0.6812781095504761,0.0009441813937979326,186.0,,,,,,,,,,,,,,0.0,,,,,0.013212768360972404,0.0
,mappo,,,,186.0,0.0,0.0,0.0,0.0,0.0,0.0,0.0,0.0,0.0,0.0,0.0,0.0,0.0,,,,,,,
0.0015549848321825266,mappo,5.912368816751723e-09,0.6938687562942505,0.0009438812937645882,187.0,,,,,,,,,,,,,,0.0,,,,,0.01317249983549118,0.0
,mappo,,,,187.0,0.0,0.0,0.0,0.0,0.0,0.0,0.0,0.0,0.0,0.0,0.0,0.0,0.0,,,,,,,
-0.003415041835978627,mappo,6.073033631537328e-09,0.6925757527351379,0.0009435811937312438,188.0,,,,,,,,,,,,,,0.0,,,,,0.012989513576030731,0.0
,mappo,,,,188.0,0.0,0.0,0.0,0.0,0.0,0.0,0.0,0.0,0.0,0.0,0.0,0.0,0.0,,,,,,,
-0.0008262429619207978,mappo,1.9001680229280282e-08,0.677524745464325,0.0009432810936978993,189.0,,,,,,,,,,,,,,0.0,,,,,0.012990672141313553,0.0
,mappo,,,,189.0,0.0,0.0,0.0,0.0,0.0,0.0,0.0,0.0,0.0,0.0,0.0,0.0,0.0,,,,,,,
-0.0033188280649483204,mappo,3.15021537744542e-08,0.6623232960700989,0.0009429809936645549,190.0,,,,,,,,,,,,,,0.0,,,,,0.013048946857452393,0.0
,mappo,,,,190.0,0.0,0.0,0.0,0.0,0.0,0.0,0.0,0.0,0.0,0.0,0.0,0.0,0.0,,,,,,,
-0.00167169445194304,mappo,6.725195333956435e-08,0.6611146330833435,0.0009426808936312105,191.0,,,,,,,,,,,,,,0.0,,,,,0.012956683523952961,0.0
,mappo,,,,191.0,0.0,0.0,0.0,0.0,0.0,0.0,0.0,0.0,0.0,0.0,0.0,0.0,0.0,,,,,,,
-0.0021962234750390053,mappo,4.3890622691833414e-08,0.6683992147445679,0.000942380793597866,192.0,,,,,,,,,,,,,,0.0,,,,,0.01303246058523655,0.0
,mappo,,,,192.0,0.0,0.0,0.0,0.0,0.0,0.0,0.0,0.0,0.0,0.0,0.0,0.0,0.0,,,,,,,
-0.004613890312612057,mappo,4.4157602019367914e-08,0.6623210310935974,0.0009420806935645215,193.0,,,,,,,,,,,,,,0.0,,,,,0.012766554951667786,0.0
,mappo,,,,193.0,0.0,0.0,0.0,0.0,0.0,0.0,0.0,0.0,0.0,0.0,0.0,0.0,0.0,,,,,,,
-0.004149868153035641,mappo,4.176344603479265e-08,0.6645652055740356,0.000941780593531177,194.0,,,,,,,,,,,,,,0.0,,,,,0.01316658966243267,0.0
,mappo,,,,194.0,0.0,0.0,0.0,0.0,0.0,0.0,0.0,0.0,0.0,0.0,0.0,0.0,0.0,,,,,,,
-0.0014447567518800497,mappo,6.168515653826034e-08,0.6757846474647522,0.0009414804934978326,195.0,,,,,,,,,,,,,,0.0,,,,,0.013042377308011055,0.0
,mappo,,,,195.0,0.0,0.0,0.0,0.0,0.0,0.0,0.0,0.0,0.0,0.0,0.0,0.0,0.0,,,,,,,
-0.006497374270111322,mappo,6.918205031070102e-08,0.6761373281478882,0.0009411803934644882,196.0,,,,,,,,,,,,,,0.0,,,,,0.013032486662268639,0.0
,mappo,,,,196.0,0.0,0.0,0.0,0.0,0.0,0.0,0.0,0.0,0.0,0.0,0.0,0.0,0.0,,,,,,,
-0.005301317665725946,mappo,7.874149332565139e-08,0.6810632348060608,0.0009408802934311437,197.0,,,,,,,,,,,,,,0.0,,,,,0.012951717711985111,0.0
,mappo,,,,197.0,0.0,0.0,0.0,0.0,0.0,0.0,0.0,0.0,0.0,0.0,0.0,0.0,0.0,,,,,,,
-0.0068969265557825565,mappo,1.0900101443667154e-07,0.6909840703010559,0.0009405801933977993,198.0,,,,,,,,,,,,,,0.0,,,,,0.012783011421561241,0.0
,mappo,,,,198.0,0.0,0.0,0.0,0.0,0.0,0.0,0.0,0.0,0.0,0.0,0.0,0.0,0.0,,,,,,,
-0.004043327644467354,mappo,1.7673151830877032e-07,0.688814103603363,0.0009402800933644549,199.0,,,,,,,,,,,,,,0.0,,,,,0.012893596664071083,0.0
,mappo,,,,199.0,0.0,0.0,0.0,0.0,0.0,0.0,0.0,0.0,0.0,0.0,0.0,0.0,0.0,,,,,,,
,mappo,,,,199.0,,,,,,,,,,,,,,,0.0,0.0,0.0,0.0,,
-0.0003387214965187013,mappo,2.2286596390586055e-07,0.7017960548400879,0.0009399799933311104,200.0,,,,,,,,,,,,,,0.0,,,,,0.012949631549417973,0.0
,mappo,,,,200.0,0.0,0.0,0.0,0.0,0.0,0.0,0.0,0.0,0.0,0.0,0.0,0.0,0.0,,,,,,,
-0.0030716597102582455,mappo,2.780645331768028e-07,0.6986879706382751,0.000939679893297766,201.0,,,,,,,,,,,,,,0.0,,,,,0.012926834635436535,0.0
,mappo,,,,201.0,0.0,0.0,0.0,0.0,0.0,0.0,0.0,0.0,0.0,0.0,0.0,0.0,0.0,,,,,,,
-0.005126051604747772,mappo,3.616044637055893e-07,0.6880477070808411,0.0009393797932644216,202.0,,,,,,,,,,,,,,0.0,,,,,0.013163816183805466,0.0
,mappo,,,,202.0,0.0,0.0,0.0,0.0,0.0,0.0,0.0,0.0,0.0,0.0,0.0,0.0,0.0,,,,,,,
-0.005277298856526613,mappo,4.7230415134436043e-07,0.6827097535133362,0.000939079693231077,203.0,,,,,,,,,,,,,,0.0,,,,,0.01291639357805252,0.0
,mappo,,,,203.0,0.0,0.0,0.0,0.0,0.0,0.0,0.0,0.0,0.0,0.0,0.0,0.0,0.0,,,,,,,
-0.00024604026111774147,mappo,6.55287976769614e-07,0.6903917193412781,0.0009387795931977326,204.0,,,,,,,,,,,,,,0.0,,,,,0.012703964486718178,0.0
,mappo,,,,204.0,0.0,0.0,0.0,0.0,0.0,0.0,0.0,0.0,0.0,0.0,0.0,0.0,0.0,,,,,,,
0.0015795035287737846,mappo,7.163709483393177e-07,0.7002236843109131,0.0009384794931643881,205.0,,,,,,,,,,,,,,0.0,,,,,0.01285723689943552,0.0
,mappo,,,,205.0,0.0,0.0,0.0,0.0,0.0,0.0,0.0,0.0,0.0,0.0,0.0,0.0,0.0,,,,,,,
-0.003428998403251171,mappo,7.142173785723571e-07,0.6911279559135437,0.0009381793931310437,206.0,,,,,,,,,,,,,,0.0,,,,,0.012782258912920952,0.0
,mappo,,,,206.0,0.0,0.0,0.0,0.0,0.0,0.0,0.0,0.0,0.0,0.0,0.0,0.0,0.0,,,,,,,
-0.004361187107861042,mappo,6.112825872151006e-07,0.6625494360923767,0.0009378792930976993,207.0,,,,,,,,,,,,,,0.0,,,,,0.01283990778028965,0.0
,mappo,,,,207.0,0.0,0.0,0.0,0.0,0.0,0.0,0.0,0.0,0.0,0.0,0.0,0.0,0.0,,,,,,,
-0.0025019405875355005,mappo,6.157520715532883e-07,0.6309518218040466,0.0009375791930643548,208.0,,,,,,,,,,,,,,0.0,,,,,0.012885991483926773,0.0
,mappo,,,,208.0,0.0,0.0,0.0,0.0,0.0,0.0,0.0,0.0,0.0,0.0,0.0,0.0,0.0,,,,,,,
0.0005785779794678092,mappo,4.928169232698565e-07,0.6159003376960754,0.0009372790930310104,209.0,,,,,,,,,,,,,,0.0,,,,,0.012749100103974342,0.0
,mappo,,,,209.0,0.0,0.0,0.0,0.0,0.0,0.0,0.0,0.0,0.0,0.0,0.0,0.0,0.0,,,,,,,
-0.0003064712800551206,mappo,3.4791807479450654e-07,0.5939173698425293,0.000936978992997666,210.0,,,,,,,,,,,,,,0.0,,,,,0.012752453796565533,0.0
,mappo,,,,210.0,0.0,0.0,0.0,0.0,0.0,0.0,0.0,0.0,0.0,0.0,0.0,0.0,0.0,,,,,,,
-0.0007041713106445968,mappo,2.0771233266714262e-07,0.5689055919647217,0.0009366788929643214,211.0,,,,,,,,,,,,,,0.0,,,,,0.012721465900540352,0.0
,mappo,,,,211.0,0.0,0.0,0.0,0.0,0.0,0.0,0.0,0.0,0.0,0.0,0.0,0.0,0.0,,,,,,,
-0.0013046476524323225,mappo,1.4569631900940294e-07,0.5316795110702515,0.000936378792930977,212.0,,,,,,,,,,,,,,0.0,,,,,0.012930430471897125,0.0
,mappo,,,,212.0,0.0,0.0,0.0,0.0,0.0,0.0,0.0,0.0,0.0,0.0,0.0,0.0,0.0,,,,,,,
-0.006658169440925121,mappo,8.497731585066504e-08,0.5173725485801697,0.0009360786928976326,213.0,,,,,,,,,,,,,,0.0,,,,,0.013092489913105965,0.0
,mappo,,,,213.0,0.0,0.0,0.0,0.0,0.0,0.0,0.0,0.0,0.0,0.0,0.0,0.0,0.0,,,,,,,
0.001016918453387916,mappo,7.945728697222876e-08,0.49298620223999023,0.0009357785928642881,214.0,,,,,,,,,,,,,,0.0,,,,,0.013101905584335327,0.0
,mappo,,,,214.0,0.0,0.0,0.0,0.0,0.0,0.0,0.0,0.0,0.0,0.0,0.0,0.0,0.0,,,,,,,
-0.005324106197804213,mappo,3.9789966876924154e-08,0.4710284471511841,0.0009354784928309437,215.0,,,,,,,,,,,,,,0.0,,,,,0.013056138530373573,0.0
,mappo,,,,215.0,0.0,0.0,0.0,0.0,0.0,0.0,0.0,0.0,0.0,0.0,0.0,0.0,0.0,,,,,,,
-0.0009364740690216422,mappo,6.310646938345599e-08,0.46206483244895935,0.0009351783927975992,216.0,,,,,,,,,,,,,,0.0,,,,,0.013139182701706886,0.0
,mappo,,,,216.0,0.0,0.0,0.0,0.0,0.0,0.0,0.0,0.0,0.0,0.0,0.0,0.0,0.0,,,,,,,
-0.008946278132498264,mappo,5.487514087576528e-08,0.4661332070827484,0.0009348782927642548,217.0,,,,,,,,,,,,,,0.0,,,,,0.013179708272218704,0.0
,mappo,,,,217.0,0.0,0.0,0.0,0.0,0.0,0.0,0.0,0.0,0.0,0.0,0.0,0.0,0.0,,,,,,,
0.0019681109115481377,mappo,6.33009165085241e-08,0.4569697082042694,0.0009345781927309104,218.0,,,,,,,,,,,,,,0.0,,,,,0.013182570226490498,0.0
,mappo,,,,218.0,0.0,0.0,0.0,0.0,0.0,0.0,0.0,0.0,0.0,0.0,0.0,0.0,0.0,,,,,,,
3.87241889256984e-05,mappo,4.785696461340194e-08,0.47047001123428345,0.0009342780926975659,219.0,,,,,,,,,,,,,,0.0,,,,,0.01338726282119751,0.0
,mappo,,,,219.0,0.0,0.0,0.0,0.0,0.0,0.0,0.0,0.0,0.0,0.0,0.0,0.0,0.0,,,,,,,
-0.0027135286945849657,mappo,2.2408498168147162e-08,0.4835224449634552,0.0009339779926642214,220.0,,,,,,,,,,,,,,0.0,,,,,0.013264769688248634,0.0
,mappo,,,,220.0,0.0,0.0,0.0,0.0,0.0,0.0,0.0,0.0,0.0,0.0,0.0,0.0,0.0,,,,,,,
-0.004022619687020779,mappo,2.5643485557225176e-08,0.48822590708732605,0.0009336778926308769,221.0,,,,,,,,,,,,,,0.0,,,,,0.012989290989935398,0.0
,mappo,,,,221.0,0.0,0.0,0.0,0.0,0.0,0.0,0.0,0.0,0.0,0.0,0.0,0.0,0.0,,,,,,,
-0.0023164961021393538,mappo,2.2020342882456134e-08,0.49554866552352905,0.0009333777925975325,222.0,,,,,,,,,,,,,,0.0,,,,,0.01307768002152443,0.0
,mappo,,,,222.0,0.0,0.0,0.0,0.0,0.0,0.0,0.0,0.0,0.0,0.0,0.0,0.0,0.0,,,,,,,
0.00015590179827995598,mappo,1.7532226337380052e-08,0.49265503883361816,0.0009330776925641881,223.0,,,,,,,,,,,,,,0.0,,,,,0.013236192986369133,0.0
,mappo,,,,223.0,0.0,0.0,0.0,0.0,0.0,0.0,0.0,0.0,0.0,0.0,0.0,0.0,0.0,,,,,,,
-0.007286395877599716,mappo,3.912125023930457e-08,0.49744006991386414,0.0009327775925308436,224.0,,,,,,,,,,,,,,0.0,,,,,0.0132127795368433,0.0
,mappo,,,,224.0,0.0,0.0,0.0,0.0,0.0,0.0,0.0,0.0,0.0,0.0,0.0,0.0,0.0,,,,,,,
0.001832981244660914,mappo,3.036184637039696e-08,0.49951648712158203,0.0009324774924974992,225.0,,,,,,,,,,,,,,0.0,,,,,0.013250494375824928,0.0
,mappo,,,,225.0,0.0,0.0,0.0,0.0,0.0,0.0,0.0,0.0,0.0,0.0,0.0,0.0,0.0,,,,,,,
-0.011619534343481064,mappo,6.089205584203228e-08,0.5129696726799011,0.0009321773924641548,226.0,,,,,,,,,,,,,,0.0,,,,,0.013454342260956764,0.0
,mappo,,,,226.0,0.0,0.0,0.0,0.0,0.0,0.0,0.0,0.0,0.0,0.0,0.0,0.0,0.0,,,,,,,
-0.009843803010880947,mappo,1.2481709177336597e-07,0.5333834886550903,0.0009318772924308103,227.0,,,,,,,,,,,,,,0.0,,,,,0.01323827262967825,0.0
,mappo,,,,227.0,0.0,0.0,0.0,0.0,0.0,0.0,0.0,0.0,0.0,0.0,0.0,0.0,0.0,,,,,,,
0.007310709450393915,mappo,3.8335201679728925e-08,0.5294762253761292,0.0009315771923974659,228.0,,,,,,,,,,,,,,0.0,,,,,0.013621121644973755,0.0
,mappo,,,,228.0,0.0,0.0,0.0,0.0,0.0,0.0,0.0,0.0,0.0,0.0,0.0,0.0,0.0,,,,,,,
-0.006372465752065182,mappo,2.1888499901479008e-08,0.5405755639076233,0.0009312770923641214,229.0,,,,,,,,,,,,,,0.0,,,,,0.01374051719903946,0.0
,mappo,,,,229.0,0.0,0.0,0.0,0.0,0.0,0.0,0.0,0.0,0.0,0.0,0.0,0.0,0.0,,,,,,,
-0.0006497935391962528,mappo,1.1423039580904515e-07,0.5483723878860474,0.0009309769923307769,230.0,,,,,,,,,,,,,,0.0,,,,,0.013830233365297318,0.0
,mappo,,,,230.0,0.0,0.0,0.0,0.0,0.0,0.0,0.0,0.0,0.0,0.0,0.0,0.0,0.0,,,,,,,
-0.004832213744521141,mappo,2.0116978305395605e-08,0.5557226538658142,0.0009306768922974325,231.0,,,,,,,,,,,,,,0.0,,,,,0.014287583529949188,0.0
,mappo,,,,231.0,0.0,0.0,0.0,0.0,0.0,0.0,0.0,0.0,0.0,0.0,0.0,0.0,0.0,,,,,,,
-0.0022733411751687527,mappo,9.475699869199161e-08,0.5577172040939331,0.000930376792264088,232.0,,,,,,,,,,,,,,0.0,,,,,0.013877391815185547,0.0
,mappo,,,,232.0,0.0,0.0,0.0,0.0,0.0,0.0,0.0,0.0,0.0,0.0,0.0,0.0,0.0,,,,,,,
-0.0016321191797032952,mappo,3.301769879726635e-07,0.5493866801261902,0.0009300766922307436,233.0,,,,,,,,,,,,,,0.0,,,,,0.013687368482351303,0.0
,mappo,,,,233.0,0.0,0.0,0.0,0.0,0.0,0.0,0.0,0.0,0.0,0.0,0.0,0.0,0.0,,,,,,,
-0.00463101826608181,mappo,5.028954319641343e-07,0.538174033164978,0.0009297765921973992,234.0,,,,,,,,,,,,,,0.0,,,,,0.013708008453249931,0.0
,mappo,,,,234.0,0.0,0.0,0.0,0.0,0.0,0.0,0.0,0.0,0.0,0.0,0.0,0.0,0.0,,,,,,,
-0.0016062825452536345,mappo,9.113417718253913e-07,0.5373725891113281,0.0009294764921640547,235.0,,,,,,,,,,,,,,0.0,,,,,0.01359420083463192,0.0
,mappo,,,,235.0,0.0,0.0,0.0,0.0,0.0,0.0,0.0,0.0,0.0,0.0,0.0,0.0,0.0,,,,,,,
-0.0009066401980817318,mappo,1.261830789189844e-06,0.507103443145752,0.0009291763921307103,236.0,,,,,,,,,,,,,,0.0,,,,,0.013788433745503426,0.0
,mappo,,,,236.0,0.0,0.0,0.0,0.0,0.0,0.0,0.0,0.0,0.0,0.0,0.0,0.0,0.0,,,,,,,
-0.003820766694843769,mappo,1.334326611868164e-06,0.47911253571510315,0.0009288762920973659,237.0,,,,,,,,,,,,,,0.0,,,,,0.013707689940929413,0.0
,mappo,,,,237.0,0.0,0.0,0.0,0.0,0.0,0.0,0.0,0.0,0.0,0.0,0.0,0.0,0.0,,,,,,,
0.0015617565950378776,mappo,1.4197162272466812e-06,0.45277032256126404,0.0009285761920640213,238.0,,,,,,,,,,,,,,0.0,,,,,0.014010671526193619,0.0
,mappo,,,,238.0,0.0,0.0,0.0,0.0,0.0,0.0,0.0,0.0,0.0,0.0,0.0,0.0,0.0,,,,,,,
-0.0035691154189407825,mappo,1.445927068743913e-06,0.42970189452171326,0.0009282760920306769,239.0,,,,,,,,,,,,,,0.0,,,,,0.014139789156615734,0.0
,mappo,,,,239.0,0.0,0.0,0.0,0.0,0.0,0.0,0.0,0.0,0.0,0.0,0.0,0.0,0.0,,,,,,,
-0.00396433100104332,mappo,8.017848927011073e-07,0.4234478175640106,0.0009279759919973325,240.0,,,,,,,,,,,,,,0.0,,,,,0.013918079435825348,0.0
,mappo,,,,240.0,0.0,0.0,0.0,0.0,0.0,0.0,0.0,0.0,0.0,0.0,0.0,0.0,0.0,,,,,,,
-0.002183884382247925,mappo,3.5610057125268213e-07,0.4302377700805664,0.000927675891963988,241.0,,,,,,,,,,,,,,0.0,,,,,0.013750242069363594,0.0
,mappo,,,,241.0,0.0,0.0,0.0,0.0,0.0,0.0,0.0,0.0,0.0,0.0,0.0,0.0,0.0,,,,,,,
-0.002641337690874934,mappo,1.044404029926227e-07,0.4389154613018036,0.0009273757919306436,242.0,,,,,,,,,,,,,,0.0,,,,,0.01350471656769514,0.0
,mappo,,,,242.0,0.0,0.0,0.0,0.0,0.0,0.0,0.0,0.0,0.0,0.0,0.0,0.0,0.0,,,,,,,
-0.0034117759205400944,mappo,2.853970215710433e-08,0.4335139989852905,0.0009270756918972991,243.0,,,,,,,,,,,,,,0.0,,,,,0.013561049476265907,0.0
,mappo,,,,243.0,0.0,0.0,0.0,0.0,0.0,0.0,0.0,0.0,0.0,0.0,0.0,0.0,0.0,,,,,,,
-0.0023319257888942957,mappo,1.7671478724778922e-09,0.4188656806945801,0.0009267755918639547,244.0,,,,,,,,,,,,,,0.0,,,,,0.013530204072594643,0.0
,mappo,,,,244.0,0.0,0.0,0.0,0.0,0.0,0.0,0.0,0.0,0.0,0.0,0.0,0.0,0.0,,,,,,,
-0.005851506721228361,mappo,2.247887875839183e-09,0.4288569688796997,0.0009264754918306103,245.0,,,,,,,,,,,,,,0.0,,,,,0.013671604916453362,0.0
,mappo,,,,245.0,0.0,0.0,0.0,0.0,0.0,0.0,0.0,0.0,0.0,0.0,0.0,0.0,0.0,,,,,,,
-0.002872487995773554,mappo,4.302070699679916e-09,0.43401429057121277,0.0009261753917972657,246.0,,,,,,,,,,,,,,0.0,,,,,0.013482573442161083,0.0
,mappo,,,,246.0,0.0,0.0,0.0,0.0,0.0,0.0,0.0,0.0,0.0,0.0,0.0,0.0,0.0,,,,,,,
0.0013904691440984607,mappo,4.747030324381285e-09,0.4498455226421356,0.0009258752917639213,247.0,,,,,,,,,,,,,,0.0,,,,,0.013353778049349785,0.0
,mappo,,,,247.0,0.0,0.0,0.0,0.0,0.0,0.0,0.0,0.0,0.0,0.0,0.0,0.0,0.0,,,,,,,
-0.006318533793091774,mappo,1.4933557723750823e-09,0.4555015563964844,0.0009255751917305769,248.0,,,,,,,,,,,,,,0.0,,,,,0.013494479469954967,0.0
,mappo,,,,248.0,0.0,0.0,0.0,0.0,0.0,0.0,0.0,0.0,0.0,0.0,0.0,0.0,0.0,,,,,,,
-0.006468283943831921,mappo,1.5797465557909618e-09,0.46673858165740967,0.0009252750916972324,249.0,,,,,,,,,,,,,,0.0,,,,,0.013374697417020798,0.0
,mappo,,,,249.0,0.0,0.0,0.0,0.0,0.0,0.0,0.0,0.0,0.0,0.0,0.0,0.0,0.0,,,,,,,
0.0021234331652522087,mappo,3.763258149547255e-09,0.4884015917778015,0.000924974991663888,250.0,,,,,,,,,,,,,,0.0,,,,,0.013158150017261505,0.0
,mappo,,,,250.0,0.0,0.0,0.0,0.0,0.0,0.0,0.0,0.0,0.0,0.0,0.0,0.0,0.0,,,,,,,
-0.008795334957540035,mappo,5.0791273409345195e-09,0.5083330273628235,0.0009246748916305435,251.0,,,,,,,,,,,,,,0.0,,,,,0.013001620769500732,0.0
,mappo,,,,251.0,0.0,0.0,0.0,0.0,0.0,0.0,0.0,0.0,0.0,0.0,0.0,0.0,0.0,,,,,,,
0.0001322588650509715,mappo,2.3538131443956445e-09,0.5131107568740845,0.0009243747915971991,252.0,,,,,,,,,,,,,,0.0,,,,,0.013183839619159698,0.0
,mappo,,,,252.0,0.0,0.0,0.0,0.0,0.0,0.0,0.0,0.0,0.0,0.0,0.0,0.0,0.0,,,,,,,
-0.0006961992476135492,mappo,1.612786681981504e-09,0.5379304885864258,0.0009240746915638547,253.0,,,,,,,,,,,,,,0.0,,,,,0.013075836934149265,0.0
,mappo,,,,253.0,0.0,0.0,0.0,0.0,0.0,0.0,0.0,0.0,0.0,0.0,0.0,0.0,0.0,,,,,,,
0.0039884471334517,mappo,1.5017930232730237e-09,0.5500901341438293,0.0009237745915305102,254.0,,,,,,,,,,,,,,0.0,,,,,0.013157730922102928,0.0
,mappo,,,,254.0,0.0,0.0,0.0,0.0,0.0,0.0,0.0,0.0,0.0,0.0,0.0,0.0,0.0,,,,,,,
0.00039383454713970423,mappo,1.8245048805098918e-09,0.5840598940849304,0.0009234744914971657,255.0,,,,,,,,,,,,,,0.0,,,,,0.013330498710274696,0.0
,mappo,,,,255.0,0.0,0.0,0.0,0.0,0.0,0.0,0.0,0.0,0.0,0.0,0.0,0.0,0.0,,,,,,,
-0.0023280924651771784,mappo,9.668696954179268e-10,0.5980510711669922,0.0009231743914638213,256.0,,,,,,,,,,,,,,0.0,,,,,0.013216321356594563,0.0
,mappo,,,,256.0,0.0,0.0,0.0,0.0,0.0,0.0,0.0,0.0,0.0,0.0,0.0,0.0,0.0,,,,,,,
0.002990571316331625,mappo,5.372124967095715e-09,0.6069810390472412,0.0009228742914304768,257.0,,,,,,,,,,,,,,0.0,,,,,0.013123912736773491,0.0
,mappo,,,,257.0,0.0,0.0,0.0,0.0,0.0,0.0,0.0,0.0,0.0,0.0,0.0,0.0,0.0,,,,,,,
-0.0005631028325296938,mappo,2.827884815204129e-09,0.5972855687141418,0.0009225741913971324,258.0,,,,,,,,,,,,,,0.0,,,,,0.01312972791492939,0.0
,mappo,,,,258.0,0.0,0.0,0.0,0.0,0.0,0.0,0.0,0.0,0.0,0.0,0.0,0.0,0.0,,,,,,,
-0.005057473201304674,mappo,1.8120964728751687e-09,0.5998143553733826,0.0009222740913637879,259.0,,,,,,,,,,,,,,0.0,,,,,0.013106653466820717,0.0
,mappo,,,,259.0,0.0,0.0,0.0,0.0,0.0,0.0,0.0,0.0,0.0,0.0,0.0,0.0,0.0,,,,,,,
-0.0010507035767659545,mappo,4.506865103337532e-09,0.5992103815078735,0.0009219739913304435,260.0,,,,,,,,,,,,,,0.0,,,,,0.013057106174528599,0.0
,mappo,,,,260.0,0.0,0.0,0.0,0.0,0.0,0.0,0.0,0.0,0.0,0.0,0.0,0.0,0.0,,,,,,,
-0.007188102230429649,mappo,4.9020987269443594e-09,0.6147374510765076,0.0009216738912970991,261.0,,,,,,,,,,,,,,0.0,,,,,0.013237953186035156,0.0
,mappo,,,,261.0,0.0,0.0,0.0,0.0,0.0,0.0,0.0,0.0,0.0,0.0,0.0,0.0,0.0,,,,,,,
-0.005052871070802212,mappo,3.3695664036770268e-09,0.6299315690994263,0.0009213737912637546,262.0,,,,,,,,,,,,,,0.0,,,,,0.013266967609524727,0.0
,mappo,,,,262.0,0.0,0.0,0.0,0.0,0.0,0.0,0.0,0.0,0.0,0.0,0.0,0.0,0.0,,,,,,,
-0.004871184006333351,mappo,2.56214627292195e-09,0.6498526334762573,0.0009210736912304102,263.0,,,,,,,,,,,,,,0.0,,,,,0.013213876634836197,0.0
,mappo,,,,263.0,0.0,0.0,0.0,0.0,0.0,0.0,0.0,0.0,0.0,0.0,0.0,0.0,0.0,,,,,,,
-0.0007298775599338114,mappo,4.570679390525356e-09,0.6808257102966309,0.0009207735911970658,264.0,,,,,,,,,,,,,,0.0,,,,,0.01308780163526535,0.0
,mappo,,,,264.0,0.0,0.0,0.0,0.0,0.0,0.0,0.0,0.0,0.0,0.0,0.0,0.0,0.0,,,,,,,
0.0006857699481770396,mappo,2.703683277260893e-09,0.6980886459350586,0.0009204734911637212,265.0,,,,,,,,,,,,,,0.0,,,,,0.01306556910276413,0.0
,mappo,,,,265.0,0.0,0.0,0.0,0.0,0.0,0.0,0.0,0.0,0.0,0.0,0.0,0.0,0.0,,,,,,,
0.0027907933108508587,mappo,1.954115314006799e-09,0.7042616009712219,0.0009201733911303768,266.0,,,,,,,,,,,,,,0.0,,,,,0.013140860944986343,0.0
,mappo,,,,266.0,0.0,0.0,0.0,0.0,0.0,0.0,0.0,0.0,0.0,0.0,0.0,0.0,0.0,,,,,,,
-0.0027124471962451935,mappo,4.433359457323149e-09,0.7140070796012878,0.0009198732910970324,267.0,,,,,,,,,,,,,,0.0,,,,,0.013081521727144718,0.0
,mappo,,,,267.0,0.0,0.0,0.0,0.0,0.0,0.0,0.0,0.0,0.0,0.0,0.0,0.0,0.0,,,,,,,
-0.00519082834944129,mappo,4.12343048594721e-09,0.7407864332199097,0.0009195731910636879,268.0,,,,,,,,,,,,,,0.0,,,,,0.013373542577028275,0.0
,mappo,,,,268.0,0.0,0.0,0.0,0.0,0.0,0.0,0.0,0.0,0.0,0.0,0.0,0.0,0.0,,,,,,,
-0.0011790216667577624,mappo,5.000524438969478e-09,0.7514996528625488,0.0009192730910303435,269.0,,,,,,,,,,,,,,0.0,,,,,0.013036114163696766,0.0
,mappo,,,,269.0,0.0,0.0,0.0,0.0,0.0,0.0,0.0,0.0,0.0,0.0,0.0,0.0,0.0,,,,,,,
-0.0024146372452378273,mappo,2.232239948440906e-09,0.7667667269706726,0.000918972990996999,270.0,,,,,,,,,,,,,,0.0,,,,,0.012983485125005245,0.0
,mappo,,,,270.0,0.0,0.0,0.0,0.0,0.0,0.0,0.0,0.0,0.0,0.0,0.0,0.0,0.0,,,,,,,
0.0008948673494160175,mappo,3.3397438148341507e-09,0.7864336371421814,0.0009186728909636546,271.0,,,,,,,,,,,,,,0.0,,,,,0.013203075155615807,0.0
,mappo,,,,271.0,0.0,0.0,0.0,0.0,0.0,0.0,0.0,0.0,0.0,0.0,0.0,0.0,0.0,,,,,,,
-0.003616033587604761,mappo,3.27273408373685e-09,0.7938653826713562,0.0009183727909303102,272.0,,,,,,,,,,,,,,0.0,,,,,0.013059975579380989,0.0
,mappo,,,,272.0,0.0,0.0,0.0,0.0,0.0,0.0,0.0,0.0,0.0,0.0,0.0,0.0,0.0,,,,,,,
0.0015896777622401714,mappo,1.9586341437616284e-09,0.7831166386604309,0.0009180726908969656,273.0,,,,,,,,,,,,,,0.0,,,,,0.013158639892935753,0.0
,mappo,,,,273.0,0.0,0.0,0.0,0.0,0.0,0.0,0.0,0.0,0.0,0.0,0.0,0.0,0.0,,,,,,,
-0.0032011382281780243,mappo,3.4743510290979884e-09,0.765641450881958,0.0009177725908636212,274.0,,,,,,,,,,,,,,0.0,,,,,0.013001706451177597,0.0
,mappo,,,,274.0,0.0,0.0,0.0,0.0,0.0,0.0,0.0,0.0,0.0,0.0,0.0,0.0,0.0,,,,,,,
-0.008575933054089546,mappo,3.3611384786524923e-09,0.7440008521080017,0.0009174724908302768,275.0,,,,,,,,,,,,,,0.0,,,,,0.013255218043923378,0.0
,mappo,,,,275.0,0.0,0.0,0.0,0.0,0.0,0.0,0.0,0.0,0.0,0.0,0.0,0.0,0.0,,,,,,,
-0.0036849037278443575,mappo,1.8491504993889407e-09,0.7278881669044495,0.0009171723907969323,276.0,,,,,,,,,,,,,,0.0,,,,,0.013313514180481434,0.0
,mappo,,,,276.0,0.0,0.0,0.0,0.0,0.0,0.0,0.0,0.0,0.0,0.0,0.0,0.0,0.0,,,,,,,
-0.003944847267121077,mappo,3.166174211699513e-09,0.7048591375350952,0.0009168722907635879,277.0,,,,,,,,,,,,,,0.0,,,,,0.013067856431007385,0.0
,mappo,,,,277.0,0.0,0.0,0.0,0.0,0.0,0.0,0.0,0.0,0.0,0.0,0.0,0.0,0.0,,,,,,,
-0.005833735223859549,mappo,2.1432007279997833e-09,0.6749881505966187,0.0009165721907302435,278.0,,,,,,,,,,,,,,0.0,,,,,0.01290355995297432,0.0
,mappo,,,,278.0,0.0,0.0,0.0,0.0,0.0,0.0,0.0,0.0,0.0,0.0,0.0,0.0,0.0,,,,,,,
-0.0030814616475254297,mappo,3.1257820776176004e-09,0.6585540175437927,0.000916272090696899,279.0,,,,,,,,,,,,,,0.0,,,,,0.012994993478059769,0.0
,mappo,,,,279.0,0.0,0.0,0.0,0.0,0.0,0.0,0.0,0.0,0.0,0.0,0.0,0.0,0.0,,,,,,,
-0.0032151939813047647,mappo,1.8328363271535864e-09,0.6605597734451294,0.0009159719906635546,280.0,,,,,,,,,,,,,,0.0,,,,,0.013110484927892685,0.0
,mappo,,,,280.0,0.0,0.0,0.0,0.0,0.0,0.0,0.0,0.0,0.0,0.0,0.0,0.0,0.0,,,,,,,
-0.0013872906565666199,mappo,2.1484463097465323e-09,0.6615184545516968,0.00091567189063021,281.0,,,,,,,,,,,,,,0.0,,,,,0.012921342626214027,0.0
,mappo,,,,281.0,0.0,0.0,0.0,0.0,0.0,0.0,0.0,0.0,0.0,0.0,0.0,0.0,0.0,,,,,,,
-0.00407154206186533,mappo,1.2791516734722563e-09,0.6545326113700867,0.0009153717905968656,282.0,,,,,,,,,,,,,,0.0,,,,,0.013294555246829987,0.0
,mappo,,,,282.0,0.0,0.0,0.0,0.0,0.0,0.0,0.0,0.0,0.0,0.0,0.0,0.0,0.0,,,,,,,
-0.004601234570145607,mappo,1.5581954615484506e-09,0.6446310877799988,0.0009150716905635212,283.0,,,,,,,,,,,,,,0.0,,,,,0.013136398047208786,0.0
,mappo,,,,283.0,0.0,0.0,0.0,0.0,0.0,0.0,0.0,0.0,0.0,0.0,0.0,0.0,0.0,,,,,,,
-0.0023013073951005936,mappo,2.0950297052735323e-09,0.6341718435287476,0.0009147715905301767,284.0,,,,,,,,,,,,,,0.0,,,,,0.013001496903598309,0.0
,mappo,,,,284.0,0.0,0.0,0.0,0.0,0.0,0.0,0.0,0.0,0.0,0.0,0.0,0.0,0.0,,,,,,,
-0.00461500883102417,mappo,1.678862271425885e-09,0.6378288865089417,0.0009144714904968323,285.0,,,,,,,,,,,,,,0.0,,,,,0.013058222830295563,0.0
,mappo,,,,285.0,0.0,0.0,0.0,0.0,0.0,0.0,0.0,0.0,0.0,0.0,0.0,0.0,0.0,,,,,,,
-0.006144627463072538,mappo,3.739243137346193e-09,0.6373401284217834,0.0009141713904634879,286.0,,,,,,,,,,,,,,0.0,,,,,0.01294543594121933,0.0
,mappo,,,,286.0,0.0,0.0,0.0,0.0,0.0,0.0,0.0,0.0,0.0,0.0,0.0,0.0,0.0,,,,,,,
0.0018467000918462873,mappo,2.496252538009003e-09,0.6165863275527954,0.0009138712904301434,287.0,,,,,,,,,,,,,,0.0,,,,,0.013219760730862617,0.0
,mappo,,,,287.0,0.0,0.0,0.0,0.0,0.0,0.0,0.0,0.0,0.0,0.0,0.0,0.0,0.0,,,,,,,
-0.0014794539893046021,mappo,1.681784267404396e-09,0.6121402978897095,0.000913571190396799,288.0,,,,,,,,,,,,,,0.0,,,,,0.013082177378237247,0.0
,mappo,,,,288.0,0.0,0.0,0.0,0.0,0.0,0.0,0.0,0.0,0.0,0.0,0.0,0.0,0.0,,,,,,,
-0.004298376850783825,mappo,1.2282967976062764e-09,0.6086578369140625,0.0009132710903634545,289.0,,,,,,,,,,,,,,0.0,,,,,0.013173958286643028,0.0
,mappo,,,,289.0,0.0,0.0,0.0,0.0,0.0,0.0,0.0,0.0,0.0,0.0,0.0,0.0,0.0,,,,,,,
-0.0018602046184241772,mappo,5.929763902123852e-10,0.5902655124664307,0.0009129709903301101,290.0,,,,,,,,,,,,,,0.0,,,,,0.01308787614107132,0.0
,mappo,,,,290.0,0.0,0.0,0.0,0.0,0.0,0.0,0.0,0.0,0.0,0.0,0.0,0.0,0.0,,,,,,,
-0.00018125635688193142,mappo,6.222693471613638e-09,0.588163435459137,0.0009126708902967656,291.0,,,,,,,,,,,,,,0.0,,,,,0.013283520936965942,0.0
,mappo,,,,291.0,0.0,0.0,0.0,0.0,0.0,0.0,0.0,0.0,0.0,0.0,0.0,0.0,0.0,,,,,,,
-0.002743946388363838,mappo,1.4913061896493218e-09,0.5826876759529114,0.0009123707902634211,292.0,,,,,,,,,,,,,,0.0,,,,,0.01319645345211029,0.0
,mappo,,,,292.0,0.0,0.0,0.0,0.0,0.0,0.0,0.0,0.0,0.0,0.0,0.0,0.0,0.0,,,,,,,
-0.0019340445287525654,mappo,1.5918538709414065e-09,0.5977946519851685,0.0009120706902300767,293.0,,,,,,,,,,,,,,0.0,,,,,0.013239525258541107,0.0
,mappo,,,,293.0,0.0,0.0,0.0,0.0,0.0,0.0,0.0,0.0,0.0,0.0,0.0,0.0,0.0,,,,,,,
-0.0013515874743461609,mappo,1.7831294218950688e-09,0.6020369529724121,0.0009117705901967323,294.0,,,,,,,,,,,,,,0.0,,,,,0.012960785999894142,0.0
,mappo,,,,294.0,0.0,0.0,0.0,0.0,0.0,0.0,0.0,0.0,0.0,0.0,0.0,0.0,0.0,,,,,,,
-0.0021501320879906416,mappo,6.143864306196178e-10,0.5923873782157898,0.0009114704901633878,295.0,,,,,,,,,,,,,,0.0,,,,,0.013076853938400745,0.0
,mappo,,,,295.0,0.0,0.0,0.0,0.0,0.0,0.0,0.0,0.0,0.0,0.0,0.0,0.0,0.0,,,,,,,
0.0032360872719436884,mappo,1.3540514265386605e-09,0.5888333320617676,0.0009111703901300434,296.0,,,,,,,,,,,,,,0.0,,,,,0.013148272410035133,0.0
,mappo,,,,296.0,0.0,0.0,0.0,0.0,0.0,0.0,0.0,0.0,0.0,0.0,0.0,0.0,0.0,,,,,,,
-0.0029811072163283825,mappo,1.6454577700386608e-09,0.5826259255409241,0.0009108702900966989,297.0,,,,,,,,,,,,,,0.0,,,,,0.012932483106851578,0.0
,mappo,,,,297.0,0.0,0.0,0.0,0.0,0.0,0.0,0.0,0.0,0.0,0.0,0.0,0.0,0.0,,,,,,,
-0.006665570195764303,mappo,1.311104780299388e-09,0.5752084851264954,0.0009105701900633545,298.0,,,,,,,,,,,,,,0.0,,,,,0.013230705633759499,0.0
,mappo,,,,298.0,0.0,0.0,0.0,0.0,0.0,0.0,0.0,0.0,0.0,0.0,0.0,0.0,0.0,,,,,,,
-0.007185386028140783,mappo,2.138059507217349e-09,0.5734561085700989,0.0009102700900300101,299.0,,,,,,,,,,,,,,0.0,,,,,0.012846356257796288,0.0
,mappo,,,,299.0,0.0,0.0,0.0,0.0,0.0,0.0,0.0,0.0,0.0,0.0,0.0,0.0,0.0,,,,,,,
,mappo,,,,299.0,,,,,,,,,,,,,,,0.0,0.0,0.0,0.0,,
-0.0006967982626520097,mappo,6.387604334356922e-10,0.5732375383377075,0.0009099699899966655,300.0,,,,,,,,,,,,,,0.0,,,,,0.013096184469759464,0.0
,mappo,,,,300.0,0.0,0.0,0.0,0.0,0.0,0.0,0.0,0.0,0.0,0.0,0.0,0.0,0.0,,,,,,,
-0.001651373109780252,mappo,1.3517760244496912e-09,0.5648291707038879,0.0009096698899633211,301.0,,,,,,,,,,,,,,0.0,,,,,0.01294016558676958,0.0
,mappo,,,,301.0,0.0,0.0,0.0,0.0,0.0,0.0,0.0,0.0,0.0,0.0,0.0,0.0,0.0,,,,,,,
-0.001848824555054307,mappo,1.7536427865394444e-09,0.5682870745658875,0.0009093697899299767,302.0,,,,,,,,,,,,,,0.0,,,,,0.012981797568500042,0.0
,mappo,,,,302.0,0.0,0.0,0.0,0.0,0.0,0.0,0.0,0.0,0.0,0.0,0.0,0.0,0.0,,,,,,,
-0.00969010405242443,mappo,1.4792811420250018e-09,0.5826065540313721,0.0009090696898966322,303.0,,,,,,,,,,,,,,0.0,,,,,0.013130097649991512,0.0
,mappo,,,,303.0,0.0,0.0,0.0,0.0,0.0,0.0,0.0,0.0,0.0,0.0,0.0,0.0,0.0,,,,,,,
-0.000515855906996876,mappo,1.0704053199361852e-09,0.595392107963562,0.0009087695898632878,304.0,,,,,,,,,,,,,,0.0,,,,,0.012969760224223137,0.0
,mappo,,,,304.0,0.0,0.0,0.0,0.0,0.0,0.0,0.0,0.0,0.0,0.0,0.0,0.0,0.0,,,,,,,
-0.00131257064640522,mappo,9.88893411602021e-10,0.6014055609703064,0.0009084694898299434,305.0,,,,,,,,,,,,,,0.0,,,,,0.013257069513201714,0.0
,mappo,,,,305.0,0.0,0.0,0.0,0.0,0.0,0.0,0.0,0.0,0.0,0.0,0.0,0.0,0.0,,,,,,,
-0.006994323804974556,mappo,1.2255410020145519e-09,0.6165037155151367,0.0009081693897965989,306.0,,,,,,,,,,,,,,0.0,,,,,0.013065489009022713,0.0
,mappo,,,,306.0,0.0,0.0,0.0,0.0,0.0,0.0,0.0,0.0,0.0,0.0,0.0,0.0,0.0,,,,,,,
0.0009109416860155761,mappo,9.47588785216169e-10,0.6337717771530151,0.0009078692897632545,307.0,,,,,,,,,,,,,,0.0,,,,,0.012958120554685593,0.0
,mappo,,,,307.0,0.0,0.0,0.0,0.0,0.0,0.0,0.0,0.0,0.0,0.0,0.0,0.0,0.0,,,,,,,
-0.003385893302038312,mappo,3.7000393859898395e-09,0.6442736983299255,0.00090756918972991,308.0,,,,,,,,,,,,,,0.0,,,,,0.013097804971039295,0.0
,mappo,,,,308.0,0.0,0.0,0.0,0.0,0.0,0.0,0.0,0.0,0.0,0.0,0.0,0.0,0.0,,,,,,,
-0.0032222678419202566,mappo,3.6718248441758305e-09,0.6650205850601196,0.0009072690896965655,309.0,,,,,,,,,,,,,,0.0,,,,,0.012953572906553745,0.0
,mappo,,,,309.0,0.0,0.0,0.0,0.0,0.0,0.0,0.0,0.0,0.0,0.0,0.0,0.0,0.0,,,,,,,
-0.0016952413134276867,mappo,1.9625376879162104e-09,0.6666741371154785,0.0009069689896632211,310.0,,,,,,,,,,,,,,0.0,,,,,0.013046861626207829,0.0
,mappo,,,,310.0,0.0,0.0,0.0,0.0,0.0,0.0,0.0,0.0,0.0,0.0,0.0,0.0,0.0,,,,,,,
0.0005572137888520956,mappo,1.488081990963508e-09,0.6604886054992676,0.0009066688896298766,311.0,,,,,,,,,,,,,,0.0,,,,,0.012979349121451378,0.0
,mappo,,,,311.0,0.0,0.0,0.0,0.0,0.0,0.0,0.0,0.0,0.0,0.0,0.0,0.0,0.0,,,,,,,
-0.003467888804152608,mappo,9.382674637237187e-10,0.6634705662727356,0.0009063687895965322,312.0,,,,,,,,,,,,,,0.0,,,,,0.012973211705684662,0.0
,mappo,,,,312.0,0.0,0.0,0.0,0.0,0.0,0.0,0.0,0.0,0.0,0.0,0.0,0.0,0.0,,,,,,,
-0.005327544175088406,mappo,1.0661759253238756e-09,0.6722348928451538,0.0009060686895631877,313.0,,,,,,,,,,,,,,0.0,,,,,0.012969519942998886,0.0
,mappo,,,,313.0,0.0,0.0,0.0,0.0,0.0,0.0,0.0,0.0,0.0,0.0,0.0,0.0,0.0,,,,,,,
-0.004546114709228277,mappo,8.934550321804124e-10,0.70242840051651,0.0009057685895298433,314.0,,,,,,,,,,,,,,0.0,,,,,0.012957807630300522,0.0
,mappo,,,,314.0,0.0,0.0,0.0,0.0,0.0,0.0,0.0,0.0,0.0,0.0,0.0,0.0,0.0,,,,,,,
-0.00252410676330328,mappo,1.551897388374357e-09,0.747849702835083,0.0009054684894964989,315.0,,,,,,,,,,,,,,0.0,,,,,0.01311303861439228,0.0
,mappo,,,,315.0,0.0,0.0,0.0,0.0,0.0,0.0,0.0,0.0,0.0,0.0,0.0,0.0,0.0,,,,,,,
-0.004394284915179014,mappo,1.0325824639778602e-09,0.778778612613678,0.0009051683894631545,316.0,,,,,,,,,,,,,,0.0,,,,,0.013227447867393494,0.0
,mappo,,,,316.0,0.0,0.0,0.0,0.0,0.0,0.0,0.0,0.0,0.0,0.0,0.0,0.0,0.0,,,,,,,
-0.004155935253947973,mappo,9.858238669835373e-10,0.7992976903915405,0.00090486828942981,317.0,,,,,,,,,,,,,,0.0,,,,,0.013196216896176338,0.0
,mappo,,,,317.0,0.0,0.0,0.0,0.0,0.0,0.0,0.0,0.0,0.0,0.0,0.0,0.0,0.0,,,,,,,
-0.002256844425573945,mappo,2.3719783914799564e-09,0.8196970820426941,0.0009045681893964655,318.0,,,,,,,,,,,,,,0.0,,,,,0.012924766167998314,0.0
,mappo,,,,318.0,0.0,0.0,0.0,0.0,0.0,0.0,0.0,0.0,0.0,0.0,0.0,0.0,0.0,,,,,,,
-0.007922951132059097,mappo,1.7523043016609563e-09,0.8454005122184753,0.000904268089363121,319.0,,,,,,,,,,,,,,0.0,,,,,0.012813558802008629,0.0
,mappo,,,,319.0,0.0,0.0,0.0,0.0,0.0,0.0,0.0,0.0,0.0,0.0,0.0,0.0,0.0,,,,,,,
0.0011420786613598466,mappo,1.390839110548825e-09,0.8596195578575134,0.0009039679893297766,320.0,,,,,,,,,,,,,,0.0,,,,,0.012897299602627754,0.0
,mappo,,,,320.0,0.0,0.0,0.0,0.0,0.0,0.0,0.0,0.0,0.0,0.0,0.0,0.0,0.0,,,,,,,
-0.004874950274825096,mappo,9.459447669613041e-10,0.8589697480201721,0.0009036678892964322,321.0,,,,,,,,,,,,,,0.0,,,,,0.012954615987837315,0.0
,mappo,,,,321.0,0.0,0.0,0.0,0.0,0.0,0.0,0.0,0.0,0.0,0.0,0.0,0.0,0.0,,,,,,,
-0.0038879262283444405,mappo,3.34110805688681e-09,0.8486387729644775,0.0009033677892630877,322.0,,,,,,,,,,,,,,0.0,,,,,0.012830303981900215,0.0
,mappo,,,,322.0,0.0,0.0,0.0,0.0,0.0,0.0,0.0,0.0,0.0,0.0,0.0,0.0,0.0,,,,,,,
-0.0037972291465848684,mappo,1.4021688254928222e-09,0.8412298560142517,0.0009030676892297433,323.0,,,,,,,,,,,,,,0.0,,,,,0.013216190040111542,0.0
,mappo,,,,323.0,0.0,0.0,0.0,0.0,0.0,0.0,0.0,0.0,0.0,0.0,0.0,0.0,0.0,,,,,,,
-0.005000022239983082,mappo,2.3588100361848774e-09,0.8333892822265625,0.0009027675891963988,324.0,,,,,,,,,,,,,,0.0,,,,,0.01293426938354969,0.0
,mappo,,,,324.0,0.0,0.0,0.0,0.0,0.0,0.0,0.0,0.0,0.0,0.0,0.0,0.0,0.0,,,,,,,
0.0004218226531520486,mappo,7.1223882347482e-10,0.8228024840354919,0.0009024674891630544,325.0,,,,,,,,,,,,,,0.0,,,,,0.01321340724825859,0.0
,mappo,,,,325.0,0.0,0.0,0.0,0.0,0.0,0.0,0.0,0.0,0.0,0.0,0.0,0.0,0.0,,,,,,,
-0.005185846704989672,mappo,2.0155772606500477e-09,0.8097029328346252,0.00090216738912971,326.0,,,,,,,,,,,,,,0.0,,,,,0.013073235750198364,0.0
,mappo,,,,326.0,0.0,0.0,0.0,0.0,0.0,0.0,0.0,0.0,0.0,0.0,0.0,0.0,0.0,,,,,,,
-0.0024053258821368217,mappo,1.5520122964574057e-09,0.8014197945594788,0.0009018672890963654,327.0,,,,,,,,,,,,,,0.0,,,,,0.012970056384801865,0.0
,mappo,,,,327.0,0.0,0.0,0.0,0.0,0.0,0.0,0.0,0.0,0.0,0.0,0.0,0.0,0.0,,,,,,,
-0.005463090725243092,mappo,3.1398719180231183e-09,0.8073232173919678,0.000901567189063021,328.0,,,,,,,,,,,,,,0.0,,,,,0.012934137135744095,0.0
,mappo,,,,328.0,0.0,0.0,0.0,0.0,0.0,0.0,0.0,0.0,0.0,0.0,0.0,0.0,0.0,,,,,,,
-0.006327803246676922,mappo,3.670611814499125e-09,0.8035848736763,0.0009012670890296766,329.0,,,,,,,,,,,,,,0.0,,,,,0.012947271578013897,0.0
,mappo,,,,329.0,0.0,0.0,0.0,0.0,0.0,0.0,0.0,0.0,0.0,0.0,0.0,0.0,0.0,,,,,,,
0.000606202578637749,mappo,1.0574023878717753e-09,0.7902693748474121,0.0009009669889963321,330.0,,,,,,,,,,,,,,0.0,,,,,0.012954125180840492,0.0
,mappo,,,,330.0,0.0,0.0,0.0,0.0,0.0,0.0,0.0,0.0,0.0,0.0,0.0,0.0,0.0,,,,,,,
-0.004939091391861439,mappo,2.617640104674024e-09,0.7698301672935486,0.0009006668889629877,331.0,,,,,,,,,,,,,,0.0,,,,,0.013032803311944008,0.0
,mappo,,,,331.0,0.0,0.0,0.0,0.0,0.0,0.0,0.0,0.0,0.0,0.0,0.0,0.0,0.0,,,,,,,
-0.004753689747303724,mappo,2.241220320442494e-09,0.7358641028404236,0.0009003667889296433,332.0,,,,,,,,,,,,,,0.0,,,,,0.013021156191825867,0.0
,mappo,,,,332.0,0.0,0.0,0.0,0.0,0.0,0.0,0.0,0.0,0.0,0.0,0.0,0.0,0.0,,,,,,,
0.0014125969028100371,mappo,3.5693046296358943e-09,0.706113338470459,0.0009000666888962988,333.0,,,,,,,,,,,,,,0.0,,,,,0.012882238253951073,0.0
,mappo,,,,333.0,0.0,0.0,0.0,0.0,0.0,0.0,0.0,0.0,0.0,0.0,0.0,0.0,0.0,,,,,,,
-0.0003052920219488442,mappo,2.750847549748414e-09,0.6964849829673767,0.0008997665888629544,334.0,,,,,,,,,,,,,,0.0,,,,,0.012665273621678352,0.0
,mappo,,,,334.0,0.0,0.0,0.0,0.0,0.0,0.0,0.0,0.0,0.0,0.0,0.0,0.0,0.0,,,,,,,
-0.007779356092214584,mappo,1.7395234142014715e-09,0.6816574931144714,0.0008994664888296098,335.0,,,,,,,,,,,,,,0.0,,,,,0.013019349426031113,0.0
,mappo,,,,335.0,0.0,0.0,0.0,0.0,0.0,0.0,0.0,0.0,0.0,0.0,0.0,0.0,0.0,,,,,,,
-0.003265401115640998,mappo,2.1926180870934786e-09,0.6599511504173279,0.0008991663887962654,336.0,,,,,,,,,,,,,,0.0,,,,,0.01277581974864006,0.0
,mappo,,,,336.0,0.0,0.0,0.0,0.0,0.0,0.0,0.0,0.0,0.0,0.0,0.0,0.0,0.0,,,,,,,
-0.003857684787362814,mappo,2.7768343180412103e-09,0.6454799175262451,0.000898866288762921,337.0,,,,,,,,,,,,,,0.0,,,,,0.01255086250603199,0.0
,mappo,,,,337.0,0.0,0.0,0.0,0.0,0.0,0.0,0.0,0.0,0.0,0.0,0.0,0.0,0.0,,,,,,,
0.00022713292855769396,mappo,6.62731258760374e-10,0.6366741061210632,0.0008985661887295765,338.0,,,,,,,,,,,,,,0.0,,,,,0.0127035453915596,0.0
,mappo,,,,338.0,0.0,0.0,0.0,0.0,0.0,0.0,0.0,0.0,0.0,0.0,0.0,0.0,0.0,,,,,,,
-0.004157484509050846,mappo,1.9798263029002783e-09,0.6289619207382202,0.0008982660886962321,339.0,,,,,,,,,,,,,,0.0,,,,,0.012899549677968025,0.0
,mappo,,,,339.0,0.0,0.0,0.0,0.0,0.0,0.0,0.0,0.0,0.0,0.0,0.0,0.0,0.0,,,,,,,
-0.0029870858415961266,mappo,1.9199841716499577e-09,0.6313427686691284,0.0008979659886628877,340.0,,,,,,,,,,,,,,0.0,,,,,0.012551676481962204,0.0
,mappo,,,,340.0,0.0,0.0,0.0,0.0,0.0,0.0,0.0,0.0,0.0,0.0,0.0,0.0,0.0,,,,,,,
-0.0015269422437995672,mappo,2.178198510449647e-09,0.6279187202453613,0.0008976658886295432,341.0,,,,,,,,,,,,,,0.0,,,,,0.012603364884853363,0.0
,mappo,,,,341.0,0.0,0.0,0.0,0.0,0.0,0.0,0.0,0.0,0.0,0.0,0.0,0.0,0.0,,,,,,,
-0.001879469957202673,mappo,1.164981555668021e-09,0.6215525269508362,0.0008973657885961988,342.0,,,,,,,,,,,,,,0.0,,,,,0.012570038437843323,0.0
,mappo,,,,342.0,0.0,0.0,0.0,0.0,0.0,0.0,0.0,0.0,0.0,0.0,0.0,0.0,0.0,,,,,,,
-0.001049902755767107,mappo,1.3979033486322123e-09,0.6137312054634094,0.0008970656885628544,343.0,,,,,,,,,,,,,,0.0,,,,,0.01261875405907631,0.0
,mappo,,,,343.0,0.0,0.0,0.0,0.0,0.0,0.0,0.0,0.0,0.0,0.0,0.0,0.0,0.0,,,,,,,
-0.009895804338157177,mappo,1.1620736595219228e-09,0.6054176092147827,0.0008967655885295098,344.0,,,,,,,,,,,,,,0.0,,,,,0.012682240456342697,0.0
,mappo,,,,344.0,0.0,0.0,0.0,0.0,0.0,0.0,0.0,0.0,0.0,0.0,0.0,0.0,0.0,,,,,,,
-0.0013911190908402205,mappo,5.554910753602371e-09,0.6117693781852722,0.0008964654884961654,345.0,,,,,,,,,,,,,,0.0,,,,,0.012653859332203865,0.0
,mappo,,,,345.0,0.0,0.0,0.0,0.0,0.0,0.0,0.0,0.0,0.0,0.0,0.0,0.0,0.0,,,,,,,
-0.0023556179367005825,mappo,3.148157068366686e-09,0.6049910187721252,0.0008961653884628209,346.0,,,,,,,,,,,,,,0.0,,,,,0.01252622902393341,0.0
,mappo,,,,346.0,0.0,0.0,0.0,0.0,0.0,0.0,0.0,0.0,0.0,0.0,0.0,0.0,0.0,,,,,,,
-0.009740248322486877,mappo,3.148343141745613e-09,0.6057068109512329,0.0008958652884294765,347.0,,,,,,,,,,,,,,0.0,,,,,0.01262744702398777,0.0
,mappo,,,,347.0,0.0,0.0,0.0,0.0,0.0,0.0,0.0,0.0,0.0,0.0,0.0,0.0,0.0,,,,,,,
0.0015028805937618017,mappo,2.5335129549830526e-09,0.6030645966529846,0.0008955651883961321,348.0,,,,,,,,,,,,,,0.0,,,,,0.012973956763744354,0.0
,mappo,,,,348.0,0.0,0.0,0.0,0.0,0.0,0.0,0.0,0.0,0.0,0.0,0.0,0.0,0.0,,,,,,,
0.004409080371260643,mappo,2.7776119182476577e-09,0.6158013939857483,0.0008952650883627876,349.0,,,,,,,,,,,,,,0.0,,,,,0.012658931314945221,0.0
,mappo,,,,349.0,0.0,0.0,0.0,0.0,0.0,0.0,0.0,0.0,0.0,0.0,0.0,0.0,0.0,,,,,,,
-0.004913907498121262,mappo,3.9928937933808584e-10,0.6294838190078735,0.0008949649883294432,350.0,,,,,,,,,,,,,,0.0,,,,,0.012826421298086643,0.0
,mappo,,,,350.0,0.0,0.0,0.0,0.0,0.0,0.0,0.0,0.0,0.0,0.0,0.0,0.0,0.0,,,,,,,
0.0016813825350254774,mappo,1.1225073093257265e-09,0.645438015460968,0.0008946648882960987,351.0,,,,,,,,,,,,,,0.0,,,,,0.012629779055714607,0.0
,mappo,,,,351.0,0.0,0.0,0.0,0.0,0.0,0.0,0.0,0.0,0.0,0.0,0.0,0.0,0.0,,,,,,,
-0.002219598274677992,mappo,2.1357784429909543e-09,0.6559264659881592,0.0008943647882627543,352.0,,,,,,,,,,,,,,0.0,,,,,0.012538464739918709,0.0
,mappo,,,,352.0,0.0,0.0,0.0,0.0,0.0,0.0,0.0,0.0,0.0,0.0,0.0,0.0,0.0,,,,,,,
-0.00403812387958169,mappo,4.356858873677538e-09,0.6717580556869507,0.0008940646882294098,353.0,,,,,,,,,,,,,,0.0,,,,,0.01284481305629015,0.0
,mappo,,,,353.0,0.0,0.0,0.0,0.0,0.0,0.0,0.0,0.0,0.0,0.0,0.0,0.0,0.0,,,,,,,
-0.010076806880533695,mappo,1.91503168878171e-09,0.6762679815292358,0.0008937645881960654,354.0,,,,,,,,,,,,,,0.0,,,,,0.012634767219424248,0.0
,mappo,,,,354.0,0.0,0.0,0.0,0.0,0.0,0.0,0.0,0.0,0.0,0.0,0.0,0.0,0.0,,,,,,,
0.00032355746952816844,mappo,1.0253996540754429e-09,0.6812686920166016,0.0008934644881627209,355.0,,,,,,,,,,,,,,0.0,,,,,0.012582729570567608,0.0
,mappo,,,,355.0,0.0,0.0,0.0,0.0,0.0,0.0,0.0,0.0,0.0,0.0,0.0,0.0,0.0,,,,,,,
-0.003164435736835003,mappo,1.4365910683267202e-09,0.6779579520225525,0.0008931643881293765,356.0,,,,,,,,,,,,,,0.0,,,,,0.012555420398712158,0.0
,mappo,,,,356.0,0.0,0.0,0.0,0.0,0.0,0.0,0.0,0.0,0.0,0.0,0.0,0.0,0.0,,,,,,,
-0.006094567012041807,mappo,8.272426077482464e-10,0.6578932404518127,0.000892864288096032,357.0,,,,,,,,,,,,,,0.0,,,,,0.012769050896167755,0.0
,mappo,,,,357.0,0.0,0.0,0.0,0.0,0.0,0.0,0.0,0.0,0.0,0.0,0.0,0.0,0.0,,,,,,,
0.0006109032547101378,mappo,1.7989734146794945e-09,0.6556844115257263,0.0008925641880626876,358.0,,,,,,,,,,,,,,0.0,,,,,0.012657882645726204,0.0
,mappo,,,,358.0,0.0,0.0,0.0,0.0,0.0,0.0,0.0,0.0,0.0,0.0,0.0,0.0,0.0,,,,,,,
-0.00158957508392632,mappo,1.131839955093028e-09,0.6443665027618408,0.0008922640880293432,359.0,,,,,,,,,,,,,,0.0,,,,,0.012715296819806099,0.0
,mappo,,,,359.0,0.0,0.0,0.0,0.0,0.0,0.0,0.0,0.0,0.0,0.0,0.0,0.0,0.0,,,,,,,
-0.0017551362980157137,mappo,2.3562924944542374e-09,0.641326904296875,0.0008919639879959987,360.0,,,,,,,,,,,,,,0.0,,,,,0.012802675366401672,0.0
,mappo,,,,360.0,0.0,0.0,0.0,0.0,0.0,0.0,0.0,0.0,0.0,0.0,0.0,0.0,0.0,,,,,,,
-0.005832805298268795,mappo,1.6821907200537112e-09,0.6376447081565857,0.0008916638879626543,361.0,,,,,,,,,,,,,,0.0,,,,,0.012875456362962723,0.0
,mappo,,,,361.0,0.0,0.0,0.0,0.0,0.0,0.0,0.0,0.0,0.0,0.0,0.0,0.0,0.0,,,,,,,
-0.00285791652277112,mappo,1.5179333345827217e-09,0.6396418809890747,0.0008913637879293097,362.0,,,,,,,,,,,,,,0.0,,,,,0.012928985059261322,0.0
,mappo,,,,362.0,0.0,0.0,0.0,0.0,0.0,0.0,0.0,0.0,0.0,0.0,0.0,0.0,0.0,,,,,,,
-0.005754560232162476,mappo,3.06534708727213e-09,0.6384353637695312,0.0008910636878959653,363.0,,,,,,,,,,,,,,0.0,,,,,0.012823582626879215,0.0
,mappo,,,,363.0,0.0,0.0,0.0,0.0,0.0,0.0,0.0,0.0,0.0,0.0,0.0,0.0,0.0,,,,,,,
0.0019843317568302155,mappo,1.4593121155925814e-09,0.6263275146484375,0.0008907635878626209,364.0,,,,,,,,,,,,,,0.0,,,,,0.012565022334456444,0.0
,mappo,,,,364.0,0.0,0.0,0.0,0.0,0.0,0.0,0.0,0.0,0.0,0.0,0.0,0.0,0.0,,,,,,,
-0.00656266650184989,mappo,5.73798564218464e-09,0.6217002868652344,0.0008904634878292764,365.0,,,,,,,,,,,,,,0.0,,,,,0.012640395201742649,0.0
,mappo,,,,365.0,0.0,0.0,0.0,0.0,0.0,0.0,0.0,0.0,0.0,0.0,0.0,0.0,0.0,,,,,,,
-0.0010844995267689228,mappo,6.0963829540128245e-09,0.6151964068412781,0.000890163387795932,366.0,,,,,,,,,,,,,,0.0,,,,,0.01244129054248333,0.0
,mappo,,,,366.0,0.0,0.0,0.0,0.0,0.0,0.0,0.0,0.0,0.0,0.0,0.0,0.0,0.0,,,,,,,
-0.0037418059073388577,mappo,3.5328968639447567e-09,0.6057934761047363,0.0008898632877625876,367.0,,,,,,,,,,,,,,0.0,,,,,0.012575145810842514,0.0
,mappo,,,,367.0,0.0,0.0,0.0,0.0,0.0,0.0,0.0,0.0,0.0,0.0,0.0,0.0,0.0,,,,,,,
-0.0018422489520162344,mappo,7.408954783016952e-09,0.6068469285964966,0.0008895631877292431,368.0,,,,,,,,,,,,,,0.0,,,,,0.012578565627336502,0.0
,mappo,,,,368.0,0.0,0.0,0.0,0.0,0.0,0.0,0.0,0.0,0.0,0.0,0.0,0.0,0.0,,,,,,,
-0.0015561331529170275,mappo,7.664119117123391e-09,0.6228833794593811,0.0008892630876958987,369.0,,,,,,,,,,,,,,0.0,,,,,0.012586300261318684,0.0
,mappo,,,,369.0,0.0,0.0,0.0,0.0,0.0,0.0,0.0,0.0,0.0,0.0,0.0,0.0,0.0,,,,,,,
0.0002369092544540763,mappo,4.697884747884018e-09,0.6253417134284973,0.0008889629876625543,370.0,,,,,,,,,,,,,,0.0,,,,,0.012580493465065956,0.0
,mappo,,,,370.0,0.0,0.0,0.0,0.0,0.0,0.0,0.0,0.0,0.0,0.0,0.0,0.0,0.0,,,,,,,
-0.005725931376218796,mappo,1.4828526850863e-08,0.6306484937667847,0.0008886628876292097,371.0,,,,,,,,,,,,,,0.0,,,,,0.012627638876438141,0.0
,mappo,,,,371.0,0.0,0.0,0.0,0.0,0.0,0.0,0.0,0.0,0.0,0.0,0.0,0.0,0.0,,,,,,,
-0.005910688079893589,mappo,8.375255156067851e-09,0.6187751293182373,0.0008883627875958653,372.0,,,,,,,,,,,,,,0.0,,,,,0.012652450241148472,0.0
,mappo,,,,372.0,0.0,0.0,0.0,0.0,0.0,0.0,0.0,0.0,0.0,0.0,0.0,0.0,0.0,,,,,,,
-0.0019217871595174074,mappo,1.0538145467364757e-08,0.6077404022216797,0.0008880626875625208,373.0,,,,,,,,,,,,,,0.0,,,,,0.012450180947780609,0.0
,mappo,,,,373.0,0.0,0.0,0.0,0.0,0.0,0.0,0.0,0.0,0.0,0.0,0.0,0.0,0.0,,,,,,,
-0.0059524597600102425,mappo,1.075041122788889e-08,0.5959798097610474,0.0008877625875291764,374.0,,,,,,,,,,,,,,0.0,,,,,0.012789856642484665,0.0
,mappo,,,,374.0,0.0,0.0,0.0,0.0,0.0,0.0,0.0,0.0,0.0,0.0,0.0,0.0,0.0,,,,,,,
-0.005495270248502493,mappo,1.3773695073382441e-08,0.5834373235702515,0.000887462487495832,375.0,,,,,,,,,,,,,,0.0,,,,,0.012540565803647041,0.0
,mappo,,,,375.0,0.0,0.0,0.0,0.0,0.0,0.0,0.0,0.0,0.0,0.0,0.0,0.0,0.0,,,,,,,
-0.0008962225401774049,mappo,1.5659889385233328e-08,0.5800231695175171,0.0008871623874624875,376.0,,,,,,,,,,,,,,0.0,,,,,0.012757355347275734,0.0
,mappo,,,,376.0,0.0,0.0,0.0,0.0,0.0,0.0,0.0,0.0,0.0,0.0,0.0,0.0,0.0,,,,,,,
-0.00695094233378768,mappo,1.0479792145190459e-08,0.5893958806991577,0.0008868622874291431,377.0,,,,,,,,,,,,,,0.0,,,,,0.012618767097592354,0.0
,mappo,,,,377.0,0.0,0.0,0.0,0.0,0.0,0.0,0.0,0.0,0.0,0.0,0.0,0.0,0.0,,,,,,,
-0.0013172440230846405,mappo,1.1051435322428915e-08,0.5985697507858276,0.0008865621873957987,378.0,,,,,,,,,,,,,,0.0,,,,,0.012525406666100025,0.0
,mappo,,,,378.0,0.0,0.0,0.0,0.0,0.0,0.0,0.0,0.0,0.0,0.0,0.0,0.0,0.0,,,,,,,
-0.002078455174341798,mappo,5.532410973785318e-09,0.6053878664970398,0.0008862620873624542,379.0,,,,,,,,,,,,,,0.0,,,,,0.01276436634361744,0.0
,mappo,,,,379.0,0.0,0.0,0.0,0.0,0.0,0.0,0.0,0.0,0.0,0.0,0.0,0.0,0.0,,,,,,,
0.002865361515432596,mappo,1.0397906535786205e-08,0.6110978126525879,0.0008859619873291097,380.0,,,,,,,,,,,,,,0.0,,,,,0.012676922604441643,0.0
,mappo,,,,380.0,0.0,0.0,0.0,0.0,0.0,0.0,0.0,0.0,0.0,0.0,0.0,0.0,0.0,,,,,,,
-0.003094201907515526,mappo,9.944844947540332e-09,0.5983526110649109,0.0008856618872957653,381.0,,,,,,,,,,,,,,0.0,,,,,0.0128253735601902,0.0
,mappo,,,,381.0,0.0,0.0,0.0,0.0,0.0,0.0,0.0,0.0,0.0,0.0,0.0,0.0,0.0,,,,,,,
-0.0004440235788933933,mappo,1.4720699326176145e-08,0.5841524600982666,0.0008853617872624208,382.0,,,,,,,,,,,,,,0.0,,,,,0.01239997148513794,0.0
,mappo,,,,382.0,0.0,0.0,0.0,0.0,0.0,0.0,0.0,0.0,0.0,0.0,0.0,0.0,0.0,,,,,,,
-0.0017687671352177858,mappo,1.4604024656250658e-08,0.5670681595802307,0.0008850616872290764,383.0,,,,,,,,,,,,,,0.0,,,,,0.012541122734546661,0.0
,mappo,,,,383.0,0.0,0.0,0.0,0.0,0.0,0.0,0.0,0.0,0.0,0.0,0.0,0.0,0.0,,,,,,,
-0.0015019895508885384,mappo,1.639400615260911e-08,0.5611022710800171,0.0008847615871957319,384.0,,,,,,,,,,,,,,0.0,,,,,0.012537583708763123,0.0
,mappo,,,,384.0,0.0,0.0,0.0,0.0,0.0,0.0,0.0,0.0,0.0,0.0,0.0,0.0,0.0,,,,,,,
-0.00467424001544714,mappo,8.100633053231832e-09,0.5555965900421143,0.0008844614871623875,385.0,,,,,,,,,,,,,,0.0,,,,,0.012767876498401165,0.0
,mappo,,,,385.0,0.0,0.0,0.0,0.0,0.0,0.0,0.0,0.0,0.0,0.0,0.0,0.0,0.0,,,,,,,
-0.004986866842955351,mappo,5.402928771047755e-09,0.5685213804244995,0.0008841613871290431,386.0,,,,,,,,,,,,,,0.0,,,,,0.01246880553662777,0.0
,mappo,,,,386.0,0.0,0.0,0.0,0.0,0.0,0.0,0.0,0.0,0.0,0.0,0.0,0.0,0.0,,,,,,,
-0.0072372546419501305,mappo,3.6209502063400123e-09,0.5503599047660828,0.0008838612870956986,387.0,,,,,,,,,,,,,,0.0,,,,,0.01259968988597393,0.0
,mappo,,,,387.0,0.0,0.0,0.0,0.0,0.0,0.0,0.0,0.0,0.0,0.0,0.0,0.0,0.0,,,,,,,
-0.0006762025877833366,mappo,1.294977902688288e-09,0.5471003651618958,0.0008835611870623542,388.0,,,,,,,,,,,,,,0.0,,,,,0.01284702681005001,0.0
,mappo,,,,388.0,0.0,0.0,0.0,0.0,0.0,0.0,0.0,0.0,0.0,0.0,0.0,0.0,0.0,,,,,,,
0.0021119387820363045,mappo,3.6083762644523176e-09,0.5441120862960815,0.0008832610870290097,389.0,,,,,,,,,,,,,,0.0,,,,,0.012753826566040516,0.0
,mappo,,,,389.0,0.0,0.0,0.0,0.0,0.0,0.0,0.0,0.0,0.0,0.0,0.0,0.0,0.0,,,,,,,
-0.0015706198755651712,mappo,2.2320665316044597e-09,0.5440911650657654,0.0008829609869956652,390.0,,,,,,,,,,,,,,0.0,,,,,0.012632768601179123,0.0
,mappo,,,,390.0,0.0,0.0,0.0,0.0,0.0,0.0,0.0,0.0,0.0,0.0,0.0,0.0,0.0,,,,,,,
-0.0017353040166199207,mappo,3.663337411197176e-09,0.5185978412628174,0.0008826608869623208,391.0,,,,,,,,,,,,,,0.0,,,,,0.012840097770094872,0.0
,mappo,,,,391.0,0.0,0.0,0.0,0.0,0.0,0.0,0.0,0.0,0.0,0.0,0.0,0.0,0.0,,,,,,,
-0.002433953108265996,mappo,3.5570950629448816e-09,0.520431637763977,0.0008823607869289764,392.0,,,,,,,,,,,,,,0.0,,,,,0.012843295000493526,0.0
,mappo,,,,392.0,0.0,0.0,0.0,0.0,0.0,0.0,0.0,0.0,0.0,0.0,0.0,0.0,0.0,,,,,,,
-0.003636652370914817,mappo,1.8042834781795136e-08,0.5178459286689758,0.0008820606868956319,393.0,,,,,,,,,,,,,,0.0,,,,,0.012767690233886242,0.0
,mappo,,,,393.0,0.0,0.0,0.0,0.0,0.0,0.0,0.0,0.0,0.0,0.0,0.0,0.0,0.0,,,,,,,
-0.00046467658830806613,mappo,3.137000348374386e-08,0.491848349571228,0.0008817605868622875,394.0,,,,,,,,,,,,,,0.0,,,,,0.01251974981278181,0.0
,mappo,,,,394.0,0.0,0.0,0.0,0.0,0.0,0.0,0.0,0.0,0.0,0.0,0.0,0.0,0.0,,,,,,,
-0.004331545438617468,mappo,4.651088758578226e-08,0.48220089077949524,0.000881460486828943,395.0,,,,,,,,,,,,,,0.0,,,,,0.012855298817157745,0.0
,mappo,,,,395.0,0.0,0.0,0.0,0.0,0.0,0.0,0.0,0.0,0.0,0.0,0.0,0.0,0.0,,,,,,,
-0.0015898918500170112,mappo,4.758341276556166e-08,0.46761760115623474,0.0008811603867955986,396.0,,,,,,,,,,,,,,0.0,,,,,0.012790699489414692,0.0
,mappo,,,,396.0,0.0,0.0,0.0,0.0,0.0,0.0,0.0,0.0,0.0,0.0,0.0,0.0,0.0,,,,,,,
-0.004776135087013245,mappo,5.317764006917969e-08,0.45357874035835266,0.0008808602867622542,397.0,,,,,,,,,,,,,,0.0,,,,,0.012456357479095459,0.0
,mappo,,,,397.0,0.0,0.0,0.0,0.0,0.0,0.0,0.0,0.0,0.0,0.0,0.0,0.0,0.0,,,,,,,
-0.0006303724367171526,mappo,7.288986836329059e-08,0.4374978542327881,0.0008805601867289096,398.0,,,,,,,,,,,,,,0.0,,,,,0.012484807521104813,0.0
,mappo,,,,398.0,0.0,0.0,0.0,0.0,0.0,0.0,0.0,0.0,0.0,0.0,0.0,0.0,0.0,,,,,,,
-0.004211469553411007,mappo,9.020580193919159e-08,0.43556082248687744,0.0008802600866955652,399.0,,,,,,,,,,,,,,0.0,,,,,0.012539448216557503,0.0
,mappo,,,,399.0,0.0,0.0,0.0,0.0,0.0,0.0,0.0,0.0,0.0,0.0,0.0,0.0,0.0,,,,,,,
,mappo,,,,399.0,,,,,,,,,,,,,,,0.0,0.0,0.0,0.0,,
0.0039577605202794075,mappo,8.589316990992302e-08,0.40842974185943604,0.0008799599866622207,400.0,,,,,,,,,,,,,,0.0,,,,,0.012835720553994179,0.0
,mappo,,,,400.0,0.0,0.0,0.0,0.0,0.0,0.0,0.0,0.0,0.0,0.0,0.0,0.0,0.0,,,,,,,
-0.00830279290676117,mappo,9.879330065132308e-08,0.39737164974212646,0.0008796598866288763,401.0,,,,,,,,,,,,,,0.0,,,,,0.012839795090258121,0.0
,mappo,,,,401.0,0.0,0.0,0.0,0.0,0.0,0.0,0.0,0.0,0.0,0.0,0.0,0.0,0.0,,,,,,,
0.00011791710858233273,mappo,1.1020276247108995e-07,0.38762274384498596,0.0008793597865955319,402.0,,,,,,,,,,,,,,0.0,,,,,0.012967271730303764,0.0
,mappo,,,,402.0,0.0,0.0,0.0,0.0,0.0,0.0,0.0,0.0,0.0,0.0,0.0,0.0,0.0,,,,,,,
-0.0053082117810845375,mappo,1.258075457144514e-07,0.3770861327648163,0.0008790596865621874,403.0,,,,,,,,,,,,,,0.0,,,,,0.012834351509809494,0.0
,mappo,,,,403.0,0.0,0.0,0.0,0.0,0.0,0.0,0.0,0.0,0.0,0.0,0.0,0.0,0.0,,,,,,,
-0.009168344549834728,mappo,1.324793146295633e-07,0.3754023015499115,0.000878759586528843,404.0,,,,,,,,,,,,,,0.0,,,,,0.012748786248266697,0.0
,mappo,,,,404.0,0.0,0.0,0.0,0.0,0.0,0.0,0.0,0.0,0.0,0.0,0.0,0.0,0.0,,,,,,,
0.0016073576407507062,mappo,1.2242001901086041e-07,0.3610052168369293,0.0008784594864954986,405.0,,,,,,,,,,,,,,0.0,,,,,0.012803460471332073,0.0
,mappo,,,,405.0,0.0,0.0,0.0,0.0,0.0,0.0,0.0,0.0,0.0,0.0,0.0,0.0,0.0,,,,,,,
-0.006398223340511322,mappo,1.0386514048832396e-07,0.3624727725982666,0.000878159386462154,406.0,,,,,,,,,,,,,,0.0,,,,,0.012768742628395557,0.0
,mappo,,,,406.0,0.0,0.0,0.0,0.0,0.0,0.0,0.0,0.0,0.0,0.0,0.0,0.0,0.0,,,,,,,
-0.003489656839519739,mappo,7.661793688384932e-08,0.36954495310783386,0.0008778592864288096,407.0,,,,,,,,,,,,,,0.0,,,,,0.012761644087731838,0.0
,mappo,,,,407.0,0.0,0.0,0.0,0.0,0.0,0.0,0.0,0.0,0.0,0.0,0.0,0.0,0.0,,,,,,,
-0.00019514911400619894,mappo,6.479812242332628e-08,0.35448157787323,0.0008775591863954652,408.0,,,,,,,,,,,,,,0.0,,,,,0.012577859684824944,0.0
,mappo,,,,408.0,0.0,0.0,0.0,0.0,0.0,0.0,0.0,0.0,0.0,0.0,0.0,0.0,0.0,,,,,,,
-0.002204334130510688,mappo,4.863560221224361e-08,0.336459755897522,0.0008772590863621207,409.0,,,,,,,,,,,,,,0.0,,,,,0.012720334343612194,0.0
,mappo,,,,409.0,0.0,0.0,0.0,0.0,0.0,0.0,0.0,0.0,0.0,0.0,0.0,0.0,0.0,,,,,,,
-0.003225180320441723,mappo,2.982300273401961e-08,0.3679410517215729,0.0008769589863287763,410.0,,,,,,,,,,,,,,0.0,,,,,0.012965179979801178,0.0
,mappo,,,,410.0,0.0,0.0,0.0,0.0,0.0,0.0,0.0,0.0,0.0,0.0,0.0,0.0,0.0,,,,,,,
0.0007492501172237098,mappo,2.196289905498361e-08,0.37652987241744995,0.0008766588862954318,411.0,,,,,,,,,,,,,,0.0,,,,,0.012721260078251362,0.0
,mappo,,,,411.0,0.0,0.0,0.0,0.0,0.0,0.0,0.0,0.0,0.0,0.0,0.0,0.0,0.0,,,,,,,
-0.003518983256071806,mappo,8.401643825095562e-09,0.3726399540901184,0.0008763587862620874,412.0,,,,,,,,,,,,,,0.0,,,,,0.012923365458846092,0.0
,mappo,,,,412.0,0.0,0.0,0.0,0.0,0.0,0.0,0.0,0.0,0.0,0.0,0.0,0.0,0.0,,,,,,,
-0.0057966741733253,mappo,8.28844726186162e-09,0.36193129420280457,0.000876058686228743,413.0,,,,,,,,,,,,,,0.0,,,,,0.01282463502138853,0.0
,mappo,,,,413.0,0.0,0.0,0.0,0.0,0.0,0.0,0.0,0.0,0.0,0.0,0.0,0.0,0.0,,,,,,,
-0.003762677079066634,mappo,4.746344206552067e-09,0.37122368812561035,0.0008757585861953985,414.0,,,,,,,,,,,,,,0.0,,,,,0.012941841036081314,0.0
,mappo,,,,414.0,0.0,0.0,0.0,0.0,0.0,0.0,0.0,0.0,0.0,0.0,0.0,0.0,0.0,,,,,,,
0.0017834727186709642,mappo,8.776471993598989e-09,0.3495229482650757,0.000875458486162054,415.0,,,,,,,,,,,,,,0.0,,,,,0.012809181585907936,0.0
,mappo,,,,415.0,0.0,0.0,0.0,0.0,0.0,0.0,0.0,0.0,0.0,0.0,0.0,0.0,0.0,,,,,,,
-0.0025708789471536875,mappo,2.5866109254479852e-08,0.32750174403190613,0.0008751583861287095,416.0,,,,,,,,,,,,,,0.0,,,,,0.012877354398369789,0.0
,mappo,,,,416.0,0.0,0.0,0.0,0.0,0.0,0.0,0.0,0.0,0.0,0.0,0.0,0.0,0.0,,,,,,,
0.003315622452646494,mappo,4.660006780454751e-08,0.30322265625,0.0008748582860953651,417.0,,,,,,,,,,,,,,0.0,,,,,0.012981574982404709,0.0
,mappo,,,,417.0,0.0,0.0,0.0,0.0,0.0,0.0,0.0,0.0,0.0,0.0,0.0,0.0,0.0,,,,,,,
-0.00334647623822093,mappo,8.874996382246536e-08,0.2889728546142578,0.0008745581860620207,418.0,,,,,,,,,,,,,,0.0,,,,,0.013036060146987438,0.0
,mappo,,,,418.0,0.0,0.0,0.0,0.0,0.0,0.0,0.0,0.0,0.0,0.0,0.0,0.0,0.0,,,,,,,
-0.0027262058574706316,mappo,1.2871014121174085e-07,0.2766209542751312,0.0008742580860286763,419.0,,,,,,,,,,,,,,0.0,,,,,0.012902523390948772,0.0
,mappo,,,,419.0,0.0,0.0,0.0,0.0,0.0,0.0,0.0,0.0,0.0,0.0,0.0,0.0,0.0,,,,,,,
0.00652514910325408,mappo,1.9597595724007988e-07,0.29874861240386963,0.0008739579859953318,420.0,,,,,,,,,,,,,,0.0,,,,,0.01291901245713234,0.0
,mappo,,,,420.0,0.0,0.0,0.0,0.0,0.0,0.0,0.0,0.0,0.0,0.0,0.0,0.0,0.0,,,,,,,
-0.003948810510337353,mappo,2.578042028744676e-07,0.29461008310317993,0.0008736578859619874,421.0,,,,,,,,,,,,,,0.0,,,,,0.01267425250262022,0.0
,mappo,,,,421.0,0.0,0.0,0.0,0.0,0.0,0.0,0.0,0.0,0.0,0.0,0.0,0.0,0.0,,,,,,,
-0.004716462921351194,mappo,2.5414757942598953e-07,0.2733233869075775,0.0008733577859286429,422.0,,,,,,,,,,,,,,0.0,,,,,0.012813085690140724,0.0
,mappo,,,,422.0,0.0,0.0,0.0,0.0,0.0,0.0,0.0,0.0,0.0,0.0,0.0,0.0,0.0,,,,,,,
0.00010846552322618663,mappo,4.68816750753831e-07,0.302119642496109,0.0008730576858952985,423.0,,,,,,,,,,,,,,0.0,,,,,0.012765619903802872,0.0
,mappo,,,,423.0,0.0,0.0,0.0,0.0,0.0,0.0,0.0,0.0,0.0,0.0,0.0,0.0,0.0,,,,,,,
-0.0004106094711460173,mappo,5.354210657060321e-07,0.2910464107990265,0.000872757585861954,424.0,,,,,,,,,,,,,,0.0,,,,,0.012910168617963791,0.0
,mappo,,,,424.0,0.0,0.0,0.0,0.0,0.0,0.0,0.0,0.0,0.0,0.0,0.0,0.0,0.0,,,,,,,
-0.0019666175357997417,mappo,5.651711489917943e-07,0.2772853970527649,0.0008724574858286095,425.0,,,,,,,,,,,,,,0.0,,,,,0.012822926044464111,0.0
,mappo,,,,425.0,0.0,0.0,0.0,0.0,0.0,0.0,0.0,0.0,0.0,0.0,0.0,0.0,0.0,,,,,,,
-0.002944943495094776,mappo,5.884401730327227e-07,0.27264168858528137,0.0008721573857952651,426.0,,,,,,,,,,,,,,0.0,,,,,0.01294945739209652,0.0
,mappo,,,,426.0,0.0,0.0,0.0,0.0,0.0,0.0,0.0,0.0,0.0,0.0,0.0,0.0,0.0,,,,,,,
-0.001915972912684083,mappo,5.913818768021883e-07,0.2511388659477234,0.0008718572857619206,427.0,,,,,,,,,,,,,,0.0,,,,,0.012930340133607388,0.0
,mappo,,,,427.0,0.0,0.0,0.0,0.0,0.0,0.0,0.0,0.0,0.0,0.0,0.0,0.0,0.0,,,,,,,
-0.004223064053803682,mappo,4.97549024203181e-07,0.26121753454208374,0.0008715571857285762,428.0,,,,,,,,,,,,,,0.0,,,,,0.012937294319272041,0.0
,mappo,,,,428.0,0.0,0.0,0.0,0.0,0.0,0.0,0.0,0.0,0.0,0.0,0.0,0.0,0.0,,,,,,,
-0.002745535457506776,mappo,3.86173013566804e-07,0.2628006637096405,0.0008712570856952318,429.0,,,,,,,,,,,,,,0.0,,,,,0.012799089774489403,0.0
,mappo,,,,429.0,0.0,0.0,0.0,0.0,0.0,0.0,0.0,0.0,0.0,0.0,0.0,0.0,0.0,,,,,,,
-0.0018354819621890783,mappo,2.7965316462541523e-07,0.26176688075065613,0.0008709569856618873,430.0,,,,,,,,,,,,,,0.0,,,,,0.012927026487886906,0.0
,mappo,,,,430.0,0.0,0.0,0.0,0.0,0.0,0.0,0.0,0.0,0.0,0.0,0.0,0.0,0.0,,,,,,,
-0.0029537349473685026,mappo,1.6685717696418578e-07,0.2547735273838043,0.0008706568856285429,431.0,,,,,,,,,,,,,,0.0,,,,,0.012857848778367043,0.0
,mappo,,,,431.0,0.0,0.0,0.0,0.0,0.0,0.0,0.0,0.0,0.0,0.0,0.0,0.0,0.0,,,,,,,
-0.0028404504992067814,mappo,1.3776882212823693e-07,0.2387589067220688,0.0008703567855951983,432.0,,,,,,,,,,,,,,0.0,,,,,0.013041835278272629,0.0
,mappo,,,,432.0,0.0,0.0,0.0,0.0,0.0,0.0,0.0,0.0,0.0,0.0,0.0,0.0,0.0,,,,,,,
-0.0011088422033935785,mappo,7.862617934506488e-08,0.20549839735031128,0.0008700566855618539,433.0,,,,,,,,,,,,,,0.0,,,,,0.012848233804106712,0.0
,mappo,,,,433.0,0.0,0.0,0.0,0.0,0.0,0.0,0.0,0.0,0.0,0.0,0.0,0.0,0.0,,,,,,,
-0.0046694036573171616,mappo,4.2343568651403984e-08,0.18539133667945862,0.0008697565855285095,434.0,,,,,,,,,,,,,,0.0,,,,,0.013236192055046558,0.0
,mappo,,,,434.0,0.0,0.0,0.0,0.0,0.0,0.0,0.0,0.0,0.0,0.0,0.0,0.0,0.0,,,,,,,
-0.0026784518267959356,mappo,2.6420764243084705e-08,0.16284683346748352,0.0008694564854951651,435.0,,,,,,,,,,,,,,0.0,,,,,0.013000315055251122,0.0
,mappo,,,,435.0,0.0,0.0,0.0,0.0,0.0,0.0,0.0,0.0,0.0,0.0,0.0,0.0,0.0,,,,,,,
-0.0031141764484345913,mappo,1.1698773505486315e-08,0.15768715739250183,0.0008691563854618206,436.0,,,,,,,,,,,,,,0.0,,,,,0.013078916817903519,0.0
,mappo,,,,436.0,0.0,0.0,0.0,0.0,0.0,0.0,0.0,0.0,0.0,0.0,0.0,0.0,0.0,,,,,,,
-0.00012726463319268078,mappo,6.856660572651663e-09,0.140638068318367,0.0008688562854284762,437.0,,,,,,,,,,,,,,0.0,,,,,0.01325896754860878,0.0
,mappo,,,,437.0,0.0,0.0,0.0,0.0,0.0,0.0,0.0,0.0,0.0,0.0,0.0,0.0,0.0,,,,,,,
0.0012569543905556202,mappo,2.148939248769466e-09,0.14494095742702484,0.0008685561853951317,438.0,,,,,,,,,,,,,,0.0,,,,,0.013151329010725021,0.0
,mappo,,,,438.0,0.0,0.0,0.0,0.0,0.0,0.0,0.0,0.0,0.0,0.0,0.0,0.0,0.0,,,,,,,
-0.004548823460936546,mappo,2.8202249424680303e-09,0.1471720188856125,0.0008682560853617873,439.0,,,,,,,,,,,,,,0.0,,,,,0.013260187581181526,0.0
,mappo,,,,439.0,0.0,0.0,0.0,0.0,0.0,0.0,0.0,0.0,0.0,0.0,0.0,0.0,0.0,,,,,,,
-0.00260508363135159,mappo,1.2788791137197109e-09,0.15062673389911652,0.0008679559853284429,440.0,,,,,,,,,,,,,,0.0,,,,,0.01313650980591774,0.0
,mappo,,,,440.0,0.0,0.0,0.0,0.0,0.0,0.0,0.0,0.0,0.0,0.0,0.0,0.0,0.0,,,,,,,
-0.002188581507652998,mappo,2.14543138810086e-09,0.11661774665117264,0.0008676558852950984,441.0,,,,,,,,,,,,,,0.0,,,,,0.013001693412661552,0.0
,mappo,,,,441.0,0.0,0.0,0.0,0.0,0.0,0.0,0.0,0.0,0.0,0.0,0.0,0.0,0.0,,,,,,,
-0.004275571089237928,mappo,1.3154834999085097e-09,0.08007000386714935,0.0008673557852617539,442.0,,,,,,,,,,,,,,0.0,,,,,0.013046450912952423,0.0
,mappo,,,,442.0,0.0,0.0,0.0,0.0,0.0,0.0,0.0,0.0,0.0,0.0,0.0,0.0,0.0,,,,,,,
-0.002494598040357232,mappo,7.272638047339797e-10,0.043276336044073105,0.0008670556852284094,443.0,,,,,,,,,,,,,,0.0,,,,,0.013002909719944,0.0
,mappo,,,,443.0,0.0,0.0,0.0,0.0,0.0,0.0,0.0,0.0,0.0,0.0,0.0,0.0,0.0,,,,,,,
-0.005340005271136761,mappo,8.239144921873276e-10,0.026102663949131966,0.000866755585195065,444.0,,,,,,,,,,,,,,0.0,,,,,0.013101466000080109,0.0
,mappo,,,,444.0,0.0,0.0,0.0,0.0,0.0,0.0,0.0,0.0,0.0,0.0,0.0,0.0,0.0,,,,,,,
-0.0004787074285559356,mappo,1.3595357062357039e-09,0.019821835681796074,0.0008664554851617206,445.0,,,,,,,,,,,,,,0.0,,,,,0.012929964810609818,0.0
,mappo,,,,445.0,0.0,0.0,0.0,0.0,0.0,0.0,0.0,0.0,0.0,0.0,0.0,0.0,0.0,,,,,,,
0.007725864183157682,mappo,9.075177831441295e-10,-0.008987241424620152,0.0008661553851283762,446.0,,,,,,,,,,,,,,0.0,,,,,0.013189557939767838,0.0
,mappo,,,,446.0,0.0,0.0,0.0,0.0,0.0,0.0,0.0,0.0,0.0,0.0,0.0,0.0,0.0,,,,,,,
0.005736782215535641,mappo,2.3151942585286633e-09,-0.03471585735678673,0.0008658552850950317,447.0,,,,,,,,,,,,,,0.0,,,,,0.013074966147542,0.0
,mappo,,,,447.0,0.0,0.0,0.0,0.0,0.0,0.0,0.0,0.0,0.0,0.0,0.0,0.0,0.0,,,,,,,
0.0028813346289098263,mappo,9.190020966443058e-10,-0.017994394525885582,0.0008655551850616873,448.0,,,,,,,,,,,,,,0.0,,,,,0.013095097616314888,0.0
,mappo,,,,448.0,0.0,0.0,0.0,0.0,0.0,0.0,0.0,0.0,0.0,0.0,0.0,0.0,0.0,,,,,,,
-0.0062339589931070805,mappo,1.0535092798136247e-09,-0.029516814276576042,0.0008652550850283428,449.0,,,,,,,,,,,,,,0.0,,,,,0.013094119727611542,0.0
,mappo,,,,449.0,0.0,0.0,0.0,0.0,0.0,0.0,0.0,0.0,0.0,0.0,0.0,0.0,0.0,,,,,,,
0.003530779154971242,mappo,1.9827752772982876e-09,-0.02306606061756611,0.0008649549849949984,450.0,,,,,,,,,,,,,,0.0,,,,,0.013126466423273087,0.0
,mappo,,,,450.0,0.0,0.0,0.0,0.0,0.0,0.0,0.0,0.0,0.0,0.0,0.0,0.0,0.0,,,,,,,
-0.008193854242563248,mappo,1.6627110799305456e-09,-0.042732227593660355,0.0008646548849616539,451.0,,,,,,,,,,,,,,0.0,,,,,0.013024871237576008,0.0
,mappo,,,,451.0,0.0,0.0,0.0,0.0,0.0,0.0,0.0,0.0,0.0,0.0,0.0,0.0,0.0,,,,,,,
0.0012565290089696646,mappo,1.687761264079768e-09,-0.0010733500821515918,0.0008643547849283095,452.0,,,,,,,,,,,,,,0.0,,,,,0.01309646014124155,0.0
,mappo,,,,452.0,0.0,0.0,0.0,0.0,0.0,0.0,0.0,0.0,0.0,0.0,0.0,0.0,0.0,,,,,,,
-0.0015990331303328276,mappo,1.77900150166721e-09,-0.0042932587675750256,0.000864054684894965,453.0,,,,,,,,,,,,,,0.0,,,,,0.013020066544413567,0.0
,mappo,,,,453.0,0.0,0.0,0.0,0.0,0.0,0.0,0.0,0.0,0.0,0.0,0.0,0.0,0.0,,,,,,,
0.00414537638425827,mappo,3.2581126685471418e-09,0.003770186798647046,0.0008637545848616205,454.0,,,,,,,,,,,,,,0.0,,,,,0.013234923593699932,0.0
,mappo,,,,454.0,0.0,0.0,0.0,0.0,0.0,0.0,0.0,0.0,0.0,0.0,0.0,0.0,0.0,,,,,,,
-0.003389490768313408,mappo,4.609420400925046e-09,-0.02088223397731781,0.0008634544848282761,455.0,,,,,,,,,,,,,,0.0,,,,,0.012995602563023567,0.0
,mappo,,,,455.0,0.0,0.0,0.0,0.0,0.0,0.0,0.0,0.0,0.0,0.0,0.0,0.0,0.0,,,,,,,
-0.010967623442411423,mappo,3.2780880232508025e-09,-0.02199064940214157,0.0008631543847949317,456.0,,,,,,,,,,,,,,0.0,,,,,0.012998528778553009,0.0
,mappo,,,,456.0,0.0,0.0,0.0,0.0,0.0,0.0,0.0,0.0,0.0,0.0,0.0,0.0,0.0,,,,,,,
0.00108258705586195,mappo,2.3559045825294334e-09,-0.041893552988767624,0.0008628542847615873,457.0,,,,,,,,,,,,,,0.0,,,,,0.013017289340496063,0.0
,mappo,,,,457.0,0.0,0.0,0.0,0.0,0.0,0.0,0.0,0.0,0.0,0.0,0.0,0.0,0.0,,,,,,,
0.0008364456589333713,mappo,2.2763051443774884e-09,-0.0427590012550354,0.0008625541847282428,458.0,,,,,,,,,,,,,,0.0,,,,,0.01290522888302803,0.0
,mappo,,,,458.0,0.0,0.0,0.0,0.0,0.0,0.0,0.0,0.0,0.0,0.0,0.0,0.0,0.0,,,,,,,
0.0035817145835608244,mappo,1.6210986997222676e-09,-0.04304256662726402,0.0008622540846948984,459.0,,,,,,,,,,,,,,0.0,,,,,0.013063397258520126,0.0
,mappo,,,,459.0,0.0,0.0,0.0,0.0,0.0,0.0,0.0,0.0,0.0,0.0,0.0,0.0,0.0,,,,,,,
-0.0014278400922194123,mappo,3.0869076184103506e-09,-0.04776590317487717,0.0008619539846615538,460.0,,,,,,,,,,,,,,0.0,,,,,0.012941867113113403,0.0
,mappo,,,,460.0,0.0,0.0,0.0,0.0,0.0,0.0,0.0,0.0,0.0,0.0,0.0,0.0,0.0,,,,,,,
-0.0011263495543971658,mappo,2.0057775440562864e-09,-0.03230021148920059,0.0008616538846282094,461.0,,,,,,,,,,,,,,0.0,,,,,0.013004811480641365,0.0
,mappo,,,,461.0,0.0,0.0,0.0,0.0,0.0,0.0,0.0,0.0,0.0,0.0,0.0,0.0,0.0,,,,,,,
0.004674531985074282,mappo,2.6538584663171605e-09,-0.0474153570830822,0.000861353784594865,462.0,,,,,,,,,,,,,,0.0,,,,,0.012982795014977455,0.0
,mappo,,,,462.0,0.0,0.0,0.0,0.0,0.0,0.0,0.0,0.0,0.0,0.0,0.0,0.0,0.0,,,,,,,
-0.004713837523013353,mappo,1.8156158798632305e-09,-0.04165535047650337,0.0008610536845615205,463.0,,,,,,,,,,,,,,0.0,,,,,0.013133281841874123,0.0
,mappo,,,,463.0,0.0,0.0,0.0,0.0,0.0,0.0,0.0,0.0,0.0,0.0,0.0,0.0,0.0,,,,,,,
-0.0024190659169107676,mappo,2.0358152941213348e-09,-0.04835248365998268,0.0008607535845281761,464.0,,,,,,,,,,,,,,0.0,,,,,0.013020896352827549,0.0
,mappo,,,,464.0,0.0,0.0,0.0,0.0,0.0,0.0,0.0,0.0,0.0,0.0,0.0,0.0,0.0,,,,,,,
-0.0035300760064274073,mappo,6.444257127924402e-09,-0.051060814410448074,0.0008604534844948316,465.0,,,,,,,,,,,,,,0.0,,,,,0.013062281534075737,0.0
,mappo,,,,465.0,0.0,0.0,0.0,0.0,0.0,0.0,0.0,0.0,0.0,0.0,0.0,0.0,0.0,,,,,,,
-0.0003475093690212816,mappo,1.4469499376446038e-08,-0.06320848315954208,0.0008601533844614872,466.0,,,,,,,,,,,,,,0.0,,,,,0.013105730526149273,0.0
,mappo,,,,466.0,0.0,0.0,0.0,0.0,0.0,0.0,0.0,0.0,0.0,0.0,0.0,0.0,0.0,,,,,,,
0.0038942100945860147,mappo,1.6722252027534523e-08,-0.031791239976882935,0.0008598532844281428,467.0,,,,,,,,,,,,,,0.0,,,,,0.013151733204722404,0.0
,mappo,,,,467.0,0.0,0.0,0.0,0.0,0.0,0.0,0.0,0.0,0.0,0.0,0.0,0.0,0.0,,,,,,,
-0.0018618835601955652,mappo,3.029097683793225e-08,-0.04546750336885452,0.0008595531843947984,468.0,,,,,,,,,,,,,,0.0,,,,,0.013160424306988716,0.0
,mappo,,,,468.0,0.0,0.0,0.0,0.0,0.0,0.0,0.0,0.0,0.0,0.0,0.0,0.0,0.0,,,,,,,
-0.0034062329214066267,mappo,3.757652322633476e-08,-0.04146451875567436,0.0008592530843614538,469.0,,,,,,,,,,,,,,0.0,,,,,0.013110722415149212,0.0
,mappo,,,,469.0,0.0,0.0,0.0,0.0,0.0,0.0,0.0,0.0,0.0,0.0,0.0,0.0,0.0,,,,,,,
-0.0028458721935749054,mappo,3.448493401947417e-08,-0.058048997074365616,0.0008589529843281094,470.0,,,,,,,,,,,,,,0.0,,,,,0.013075185939669609,0.0
,mappo,,,,470.0,0.0,0.0,0.0,0.0,0.0,0.0,0.0,0.0,0.0,0.0,0.0,0.0,0.0,,,,,,,
-0.0031139557249844074,mappo,5.693089377700744e-08,-0.08890750259160995,0.0008586528842947649,471.0,,,,,,,,,,,,,,0.0,,,,,0.013254142366349697,0.0
,mappo,,,,471.0,0.0,0.0,0.0,0.0,0.0,0.0,0.0,0.0,0.0,0.0,0.0,0.0,0.0,,,,,,,
-0.0018305538687855005,mappo,5.705947003775691e-08,-0.08558636158704758,0.0008583527842614205,472.0,,,,,,,,,,,,,,0.0,,,,,0.013117926195263863,0.0
,mappo,,,,472.0,0.0,0.0,0.0,0.0,0.0,0.0,0.0,0.0,0.0,0.0,0.0,0.0,0.0,,,,,,,
-0.0007129014120437205,mappo,1.0083758894552375e-07,-0.09880834817886353,0.0008580526842280761,473.0,,,,,,,,,,,,,,0.0,,,,,0.013191493228077888,0.0
,mappo,,,,473.0,0.0,0.0,0.0,0.0,0.0,0.0,0.0,0.0,0.0,0.0,0.0,0.0,0.0,,,,,,,
-0.006550316233187914,mappo,9.007050749687551e-08,-0.10852652043104172,0.0008577525841947316,474.0,,,,,,,,,,,,,,0.0,,,,,0.012969349510967731,0.0
,mappo,,,,474.0,0.0,0.0,0.0,0.0,0.0,0.0,0.0,0.0,0.0,0.0,0.0,0.0,0.0,,,,,,,
0.004602780099958181,mappo,1.0596042443467013e-07,-0.10138043761253357,0.0008574524841613872,475.0,,,,,,,,,,,,,,0.0,,,,,0.01322205550968647,0.0
,mappo,,,,475.0,0.0,0.0,0.0,0.0,0.0,0.0,0.0,0.0,0.0,0.0,0.0,0.0,0.0,,,,,,,
-0.005232675466686487,mappo,1.0223223512184632e-07,-0.09013120085000992,0.0008571523841280427,476.0,,,,,,,,,,,,,,0.0,,,,,0.013057196512818336,0.0
,mappo,,,,476.0,0.0,0.0,0.0,0.0,0.0,0.0,0.0,0.0,0.0,0.0,0.0,0.0,0.0,,,,,,,
0.0013924414524808526,mappo,9.264036293643585e-08,-0.0443277433514595,0.0008568522840946982,477.0,,,,,,,,,,,,,,0.0,,,,,0.013146892189979553,0.0
,mappo,,,,477.0,0.0,0.0,0.0,0.0,0.0,0.0,0.0,0.0,0.0,0.0,0.0,0.0,0.0,,,,,,,
0.000559526844881475,mappo,1.1356263485140516e-07,-0.04218783974647522,0.0008565521840613538,478.0,,,,,,,,,,,,,,0.0,,,,,0.013077760115265846,0.0
,mappo,,,,478.0,0.0,0.0,0.0,0.0,0.0,0.0,0.0,0.0,0.0,0.0,0.0,0.0,0.0,,,,,,,
0.005969290155917406,mappo,9.373641773890995e-08,-0.06392867118120193,0.0008562520840280093,479.0,,,,,,,,,,,,,,0.0,,,,,0.013081974349915981,0.0
,mappo,,,,479.0,0.0,0.0,0.0,0.0,0.0,0.0,0.0,0.0,0.0,0.0,0.0,0.0,0.0,,,,,,,
-0.003360908478498459,mappo,8.378451354928984e-08,-0.05001012980937958,0.0008559519839946649,480.0,,,,,,,,,,,,,,0.0,,,,,0.013010799884796143,0.0
,mappo,,,,480.0,0.0,0.0,0.0,0.0,0.0,0.0,0.0,0.0,0.0,0.0,0.0,0.0,0.0,,,,,,,
-0.0028176666237413883,mappo,6.325009138663518e-08,-0.041498616337776184,0.0008556518839613205,481.0,,,,,,,,,,,,,,0.0,,,,,0.013071136549115181,0.0
,mappo,,,,481.0,0.0,0.0,0.0,0.0,0.0,0.0,0.0,0.0,0.0,0.0,0.0,0.0,0.0,,,,,,,
-0.0029330672696232796,mappo,5.388838530961948e-08,-0.017232777550816536,0.000855351783927976,482.0,,,,,,,,,,,,,,0.0,,,,,0.013103453442454338,0.0
,mappo,,,,482.0,0.0,0.0,0.0,0.0,0.0,0.0,0.0,0.0,0.0,0.0,0.0,0.0,0.0,,,,,,,
-0.009498558938503265,mappo,4.2437367397951675e-08,-0.004801934584975243,0.0008550516838946316,483.0,,,,,,,,,,,,,,0.0,,,,,0.01313820667564869,0.0
,mappo,,,,483.0,0.0,0.0,0.0,0.0,0.0,0.0,0.0,0.0,0.0,0.0,0.0,0.0,0.0,,,,,,,
-0.0029642574954777956,mappo,3.5698693778840607e-08,0.016640981659293175,0.0008547515838612872,484.0,,,,,,,,,,,,,,0.0,,,,,0.013167072087526321,0.0
,mappo,,,,484.0,0.0,0.0,0.0,0.0,0.0,0.0,0.0,0.0,0.0,0.0,0.0,0.0,0.0,,,,,,,
0.0031802866142243147,mappo,2.7460416163194168e-08,0.014030071906745434,0.0008544514838279427,485.0,,,,,,,,,,,,,,0.0,,,,,0.012986676767468452,0.0
,mappo,,,,485.0,0.0,0.0,0.0,0.0,0.0,0.0,0.0,0.0,0.0,0.0,0.0,0.0,0.0,,,,,,,
1.0518651833990589e-05,mappo,1.9981349907993717e-08,0.04842563346028328,0.0008541513837945982,486.0,,,,,,,,,,,,,,0.0,,,,,0.01308644749224186,0.0
,mappo,,,,486.0,0.0,0.0,0.0,0.0,0.0,0.0,0.0,0.0,0.0,0.0,0.0,0.0,0.0,,,,,,,
-0.003639916656538844,mappo,1.0033544661780525e-08,0.06688516587018967,0.0008538512837612537,487.0,,,,,,,,,,,,,,0.0,,,,,0.013026684522628784,0.0
,mappo,,,,487.0,0.0,0.0,0.0,0.0,0.0,0.0,0.0,0.0,0.0,0.0,0.0,0.0,0.0,,,,,,,
-0.0018972865073010325,mappo,8.51964809811534e-09,0.07972224801778793,0.0008535511837279093,488.0,,,,,,,,,,,,,,0.0,,,,,0.01303788274526596,0.0
,mappo,,,,488.0,0.0,0.0,0.0,0.0,0.0,0.0,0.0,0.0,0.0,0.0,0.0,0.0,0.0,,,,,,,
-0.0024316103663295507,mappo,3.9381644612035416e-09,0.08704984933137894,0.0008532510836945649,489.0,,,,,,,,,,,,,,0.0,,,,,0.01286657527089119,0.0
,mappo,,,,489.0,0.0,0.0,0.0,0.0,0.0,0.0,0.0,0.0,0.0,0.0,0.0,0.0,0.0,,,,,,,
-0.006336990278214216,mappo,4.5551229455043085e-09,0.1030009537935257,0.0008529509836612204,490.0,,,,,,,,,,,,,,0.0,,,,,0.013033758848905563,0.0
,mappo,,,,490.0,0.0,0.0,0.0,0.0,0.0,0.0,0.0,0.0,0.0,0.0,0.0,0.0,0.0,,,,,,,
-0.00732055539265275,mappo,1.5235085415454819e-09,0.12141153961420059,0.000852650883627876,491.0,,,,,,,,,,,,,,0.0,,,,,0.012887705117464066,0.0
,mappo,,,,491.0,0.0,0.0,0.0,0.0,0.0,0.0,0.0,0.0,0.0,0.0,0.0,0.0,0.0,,,,,,,
-0.00012308954319451004,mappo,1.822770157033915e-09,0.15260854363441467,0.0008523507835945315,492.0,,,,,,,,,,,,,,0.0,,,,,0.013052261434495449,0.0
,mappo,,,,492.0,0.0,0.0,0.0,0.0,0.0,0.0,0.0,0.0,0.0,0.0,0.0,0.0,0.0,,,,,,,
-0.003913535736501217,mappo,1.8814567681602057e-09,0.16146177053451538,0.0008520506835611871,493.0,,,,,,,,,,,,,,0.0,,,,,0.013012981973588467,0.0
,mappo,,,,493.0,0.0,0.0,0.0,0.0,0.0,0.0,0.0,0.0,0.0,0.0,0.0,0.0,0.0,,,,,,,
-0.0035284780897200108,mappo,2.438274249172423e-09,0.1674390733242035,0.0008517505835278427,494.0,,,,,,,,,,,,,,0.0,,,,,0.012913279235363007,0.0
,mappo,,,,494.0,0.0,0.0,0.0,0.0,0.0,0.0,0.0,0.0,0.0,0.0,0.0,0.0,0.0,,,,,,,
-0.002984042977914214,mappo,7.772070986789004e-09,0.1681281477212906,0.0008514504834944983,495.0,,,,,,,,,,,,,,0.0,,,,,0.013200562447309494,0.0
,mappo,,,,495.0,0.0,0.0,0.0,0.0,0.0,0.0,0.0,0.0,0.0,0.0,0.0,0.0,0.0,,,,,,,
-0.0006903920439071953,mappo,6.1697860154197315e-09,0.16552665829658508,0.0008511503834611537,496.0,,,,,,,,,,,,,,0.0,,,,,0.013053007423877716,0.0
,mappo,,,,496.0,0.0,0.0,0.0,0.0,0.0,0.0,0.0,0.0,0.0,0.0,0.0,0.0,0.0,,,,,,,
-0.00646184291690588,mappo,1.2588045272821091e-08,0.15836457908153534,0.0008508502834278093,497.0,,,,,,,,,,,,,,0.0,,,,,0.013248896226286888,0.0
,mappo,,,,497.0,0.0,0.0,0.0,0.0,0.0,0.0,0.0,0.0,0.0,0.0,0.0,0.0,0.0,,,,,,,
-0.001753426855430007,mappo,1.6522914592087545e-08,0.14653648436069489,0.0008505501833944648,498.0,,,,,,,,,,,,,,0.0,,,,,0.013122224248945713,0.0
,mappo,,,,498.0,0.0,0.0,0.0,0.0,0.0,0.0,0.0,0.0,0.0,0.0,0.0,0.0,0.0,,,,,,,
0.0012813942739740014,mappo,1.6470700359150214e-08,0.14329025149345398,0.0008502500833611204,499.0,,,,,,,,,,,,,,0.0,,,,,0.013087798841297626,0.0
,mappo,,,,499.0,0.0,0.0,0.0,0.0,0.0,0.0,0.0,0.0,0.0,0.0,0.0,0.0,0.0,,,,,,,
,mappo,,,,499.0,,,,,,,,,,,,,,,0.0,0.0,0.0,0.0,,
-0.001984302420169115,mappo,1.2832414242325285e-08,0.13142609596252441,0.000849949983327776,500.0,,,,,,,,,,,,,,0.0,,,,,0.012887711636722088,0.0
,mappo,,,,500.0,0.0,0.0,0.0,0.0,0.0,0.0,0.0,0.0,0.0,0.0,0.0,0.0,0.0,,,,,,,
-0.0005502920248545706,mappo,1.5195904978781982e-08,0.1459008753299713,0.0008496498832944315,501.0,,,,,,,,,,,,,,0.0,,,,,0.013101540505886078,0.0
,mappo,,,,501.0,0.0,0.0,0.0,0.0,0.0,0.0,0.0,0.0,0.0,0.0,0.0,0.0,0.0,,,,,,,
-0.002669203095138073,mappo,1.59564521595712e-08,0.16847172379493713,0.0008493497832610871,502.0,,,,,,,,,,,,,,0.0,,,,,0.012879490852355957,0.0
,mappo,,,,502.0,0.0,0.0,0.0,0.0,0.0,0.0,0.0,0.0,0.0,0.0,0.0,0.0,0.0,,,,,,,
-0.003429486183449626,mappo,1.7638107863149344e-08,0.16279686987400055,0.0008490496832277426,503.0,,,,,,,,,,,,,,0.0,,,,,0.01306916307657957,0.0
,mappo,,,,503.0,0.0,0.0,0.0,0.0,0.0,0.0,0.0,0.0,0.0,0.0,0.0,0.0,0.0,,,,,,,
-0.009617067873477936,mappo,1.4459020647450416e-08,0.17247848212718964,0.0008487495831943981,504.0,,,,,,,,,,,,,,0.0,,,,,0.012751288712024689,0.0
,mappo,,,,504.0,0.0,0.0,0.0,0.0,0.0,0.0,0.0,0.0,0.0,0.0,0.0,0.0,0.0,,,,,,,
-0.004627258516848087,mappo,1.976314223384179e-08,0.17631904780864716,0.0008484494831610537,505.0,,,,,,,,,,,,,,0.0,,,,,0.013007651083171368,0.0
,mappo,,,,505.0,0.0,0.0,0.0,0.0,0.0,0.0,0.0,0.0,0.0,0.0,0.0,0.0,0.0,,,,,,,
0.0046120379120111465,mappo,2.7949299763463387e-08,0.16394028067588806,0.0008481493831277092,506.0,,,,,,,,,,,,,,0.0,,,,,0.013110093772411346,0.0
,mappo,,,,506.0,0.0,0.0,0.0,0.0,0.0,0.0,0.0,0.0,0.0,0.0,0.0,0.0,0.0,,,,,,,
-0.001990168821066618,mappo,3.141721549582144e-08,0.14459502696990967,0.0008478492830943648,507.0,,,,,,,,,,,,,,0.0,,,,,0.013201178051531315,0.0
,mappo,,,,507.0,0.0,0.0,0.0,0.0,0.0,0.0,0.0,0.0,0.0,0.0,0.0,0.0,0.0,,,,,,,
-0.0023597890976816416,mappo,2.8956913311617427e-08,0.15631650388240814,0.0008475491830610203,508.0,,,,,,,,,,,,,,0.0,,,,,0.012992425821721554,0.0
,mappo,,,,508.0,0.0,0.0,0.0,0.0,0.0,0.0,0.0,0.0,0.0,0.0,0.0,0.0,0.0,,,,,,,
0.004859060049057007,mappo,2.2561094326079e-08,0.1415080726146698,0.0008472490830276759,509.0,,,,,,,,,,,,,,0.0,,,,,0.01287933997809887,0.0
,mappo,,,,509.0,0.0,0.0,0.0,0.0,0.0,0.0,0.0,0.0,0.0,0.0,0.0,0.0,0.0,,,,,,,
-0.005336107220500708,mappo,3.114089963673905e-08,0.15166541934013367,0.0008469489829943315,510.0,,,,,,,,,,,,,,0.0,,,,,0.013201336376369,0.0
,mappo,,,,510.0,0.0,0.0,0.0,0.0,0.0,0.0,0.0,0.0,0.0,0.0,0.0,0.0,0.0,,,,,,,
-0.0022436182480305433,mappo,4.0991611882645884e-08,0.162758007645607,0.0008466488829609871,511.0,,,,,,,,,,,,,,0.0,,,,,0.013047178275883198,0.0
,mappo,,,,511.0,0.0,0.0,0.0,0.0,0.0,0.0,0.0,0.0,0.0,0.0,0.0,0.0,0.0,,,,,,,
-0.002324241679161787,mappo,4.338001247106149e-08,0.19823582470417023,0.0008463487829276426,512.0,,,,,,,,,,,,,,0.0,,,,,0.013219865038990974,0.0
,mappo,,,,512.0,0.0,0.0,0.0,0.0,0.0,0.0,0.0,0.0,0.0,0.0,0.0,0.0,0.0,,,,,,,
-0.005878377240151167,mappo,4.489585592182266e-08,0.19930046796798706,0.0008460486828942981,513.0,,,,,,,,,,,,,,0.0,,,,,0.01304564531892538,0.0
,mappo,,,,513.0,0.0,0.0,0.0,0.0,0.0,0.0,0.0,0.0,0.0,0.0,0.0,0.0,0.0,,,,,,,
-0.007980595342814922,mappo,3.835017281517139e-08,0.19078892469406128,0.0008457485828609536,514.0,,,,,,,,,,,,,,0.0,,,,,0.01285360287874937,0.0
,mappo,,,,514.0,0.0,0.0,0.0,0.0,0.0,0.0,0.0,0.0,0.0,0.0,0.0,0.0,0.0,,,,,,,
-0.003011163789778948,mappo,4.451703361496584e-08,0.18115536868572235,0.0008454484828276092,515.0,,,,,,,,,,,,,,0.0,,,,,0.013090171851217747,0.0
,mappo,,,,515.0,0.0,0.0,0.0,0.0,0.0,0.0,0.0,0.0,0.0,0.0,0.0,0.0,0.0,,,,,,,
-0.001973947510123253,mappo,5.127293078999173e-08,0.21888963878154755,0.0008451483827942648,516.0,,,,,,,,,,,,,,0.0,,,,,0.01311909593641758,0.0
,mappo,,,,516.0,0.0,0.0,0.0,0.0,0.0,0.0,0.0,0.0,0.0,0.0,0.0,0.0,0.0,,,,,,,
0.006847858894616365,mappo,4.027998201650007e-08,0.20591163635253906,0.0008448482827609203,517.0,,,,,,,,,,,,,,0.0,,,,,0.013276148587465286,0.0
,mappo,,,,517.0,0.0,0.0,0.0,0.0,0.0,0.0,0.0,0.0,0.0,0.0,0.0,0.0,0.0,,,,,,,
-0.005719591863453388,mappo,3.125838787809698e-08,0.20247168838977814,0.0008445481827275759,518.0,,,,,,,,,,,,,,0.0,,,,,0.013305982574820518,0.0
,mappo,,,,518.0,0.0,0.0,0.0,0.0,0.0,0.0,0.0,0.0,0.0,0.0,0.0,0.0,0.0,,,,,,,
0.00033299162168987095,mappo,3.603422626952124e-08,0.21214672923088074,0.0008442480826942314,519.0,,,,,,,,,,,,,,0.0,,,,,0.013361603021621704,0.0
,mappo,,,,519.0,0.0,0.0,0.0,0.0,0.0,0.0,0.0,0.0,0.0,0.0,0.0,0.0,0.0,,,,,,,
-0.0014647861244156957,mappo,2.5271628345535646e-08,0.2080805003643036,0.000843947982660887,520.0,,,,,,,,,,,,,,0.0,,,,,0.013046381063759327,0.0
,mappo,,,,520.0,0.0,0.0,0.0,0.0,0.0,0.0,0.0,0.0,0.0,0.0,0.0,0.0,0.0,,,,,,,
-0.0027697263285517693,mappo,2.8900462467618127e-08,0.1961822211742401,0.0008436478826275426,521.0,,,,,,,,,,,,,,0.0,,,,,0.013252191245555878,0.0
,mappo,,,,521.0,0.0,0.0,0.0,0.0,0.0,0.0,0.0,0.0,0.0,0.0,0.0,0.0,0.0,,,,,,,
0.0019475675653666258,mappo,2.773441032388746e-08,0.1690865010023117,0.0008433477825941981,522.0,,,,,,,,,,,,,,0.0,,,,,0.013301990926265717,0.0
,mappo,,,,522.0,0.0,0.0,0.0,0.0,0.0,0.0,0.0,0.0,0.0,0.0,0.0,0.0,0.0,,,,,,,
-0.004765722900629044,mappo,1.5884161541634967e-08,0.1515832245349884,0.0008430476825608536,523.0,,,,,,,,,,,,,,0.0,,,,,0.012990986928343773,0.0
,mappo,,,,523.0,0.0,0.0,0.0,0.0,0.0,0.0,0.0,0.0,0.0,0.0,0.0,0.0,0.0,,,,,,,
-0.006062399595975876,mappo,1.2160134232885866e-08,0.11951000243425369,0.0008427475825275092,524.0,,,,,,,,,,,,,,0.0,,,,,0.013161851093173027,0.0
,mappo,,,,524.0,0.0,0.0,0.0,0.0,0.0,0.0,0.0,0.0,0.0,0.0,0.0,0.0,0.0,,,,,,,
-0.00351549475453794,mappo,1.27296528873444e-08,0.1008310317993164,0.0008424474824941647,525.0,,,,,,,,,,,,,,0.0,,,,,0.013129893690347672,0.0
,mappo,,,,525.0,0.0,0.0,0.0,0.0,0.0,0.0,0.0,0.0,0.0,0.0,0.0,0.0,0.0,,,,,,,
0.005278129130601883,mappo,6.78312650492785e-09,0.09403528273105621,0.0008421473824608203,526.0,,,,,,,,,,,,,,0.0,,,,,0.013378260657191277,0.0
,mappo,,,,526.0,0.0,0.0,0.0,0.0,0.0,0.0,0.0,0.0,0.0,0.0,0.0,0.0,0.0,,,,,,,
-0.0034777361433953047,mappo,3.470996157162176e-09,0.0971582680940628,0.0008418472824274759,527.0,,,,,,,,,,,,,,0.0,,,,,0.013234172016382217,0.0
,mappo,,,,527.0,0.0,0.0,0.0,0.0,0.0,0.0,0.0,0.0,0.0,0.0,0.0,0.0,0.0,,,,,,,
-0.0010517777409404516,mappo,2.8605611213095017e-09,0.07488317787647247,0.0008415471823941314,528.0,,,,,,,,,,,,,,0.0,,,,,0.013240691274404526,0.0
,mappo,,,,528.0,0.0,0.0,0.0,0.0,0.0,0.0,0.0,0.0,0.0,0.0,0.0,0.0,0.0,,,,,,,
-0.0042903306894004345,mappo,2.4516009222708135e-09,0.07398314028978348,0.000841247082360787,529.0,,,,,,,,,,,,,,0.0,,,,,0.01324920542538166,0.0
,mappo,,,,529.0,0.0,0.0,0.0,0.0,0.0,0.0,0.0,0.0,0.0,0.0,0.0,0.0,0.0,,,,,,,
0.0026743903290480375,mappo,2.8592881395894665e-09,0.060892894864082336,0.0008409469823274424,530.0,,,,,,,,,,,,,,0.0,,,,,0.01326194778084755,0.0
,mappo,,,,530.0,0.0,0.0,0.0,0.0,0.0,0.0,0.0,0.0,0.0,0.0,0.0,0.0,0.0,,,,,,,
-0.006012377329170704,mappo,1.763738310955887e-08,0.07273007929325104,0.000840646882294098,531.0,,,,,,,,,,,,,,0.0,,,,,0.013301647268235683,0.0
,mappo,,,,531.0,0.0,0.0,0.0,0.0,0.0,0.0,0.0,0.0,0.0,0.0,0.0,0.0,0.0,,,,,,,
-0.002457893220707774,mappo,5.3213458528489355e-08,0.06924647092819214,0.0008403467822607536,532.0,,,,,,,,,,,,,,0.0,,,,,0.01349080353975296,0.0
,mappo,,,,532.0,0.0,0.0,0.0,0.0,0.0,0.0,0.0,0.0,0.0,0.0,0.0,0.0,0.0,,,,,,,
-0.00877052079886198,mappo,1.1245148812122352e-07,0.09270203858613968,0.0008400466822274092,533.0,,,,,,,,,,,,,,0.0,,,,,0.013579484075307846,0.0
,mappo,,,,533.0,0.0,0.0,0.0,0.0,0.0,0.0,0.0,0.0,0.0,0.0,0.0,0.0,0.0,,,,,,,
0.0040276492945849895,mappo,3.922983751181164e-07,0.09969744831323624,0.0008397465821940647,534.0,,,,,,,,,,,,,,0.0,,,,,0.013291088864207268,0.0
,mappo,,,,534.0,0.0,0.0,0.0,0.0,0.0,0.0,0.0,0.0,0.0,0.0,0.0,0.0,0.0,,,,,,,
-0.010192125104367733,mappo,6.999044330768811e-07,0.11553821712732315,0.0008394464821607203,535.0,,,,,,,,,,,,,,0.0,,,,,0.013217872940003872,0.0
,mappo,,,,535.0,0.0,0.0,0.0,0.0,0.0,0.0,0.0,0.0,0.0,0.0,0.0,0.0,0.0,,,,,,,
-0.00010751774971140549,mappo,8.542295972802094e-07,0.1307206004858017,0.0008391463821273758,536.0,,,,,,,,,,,,,,0.0,,,,,0.013478630222380161,0.0
,mappo,,,,536.0,0.0,0.0,0.0,0.0,0.0,0.0,0.0,0.0,0.0,0.0,0.0,0.0,0.0,,,,,,,
0.0036505316384136677,mappo,6.660685016868229e-07,0.1241551861166954,0.0008388462820940314,537.0,,,,,,,,,,,,,,0.0,,,,,0.01349237933754921,0.0
,mappo,,,,537.0,0.0,0.0,0.0,0.0,0.0,0.0,0.0,0.0,0.0,0.0,0.0,0.0,0.0,,,,,,,
-0.010392817668616772,mappo,6.813016284468176e-07,0.12984323501586914,0.000838546182060687,538.0,,,,,,,,,,,,,,0.0,,,,,0.013537406921386719,0.0
,mappo,,,,538.0,0.0,0.0,0.0,0.0,0.0,0.0,0.0,0.0,0.0,0.0,0.0,0.0,0.0,,,,,,,
-0.0007186350412666798,mappo,6.321918135654414e-07,0.14757521450519562,0.0008382460820273424,539.0,,,,,,,,,,,,,,0.0,,,,,0.013414392247796059,0.0
,mappo,,,,539.0,0.0,0.0,0.0,0.0,0.0,0.0,0.0,0.0,0.0,0.0,0.0,0.0,0.0,,,,,,,
-0.004142027348279953,mappo,3.2152127005247166e-07,0.150063157081604,0.000837945981993998,540.0,,,,,,,,,,,,,,0.0,,,,,0.013538909144699574,0.0
,mappo,,,,540.0,0.0,0.0,0.0,0.0,0.0,0.0,0.0,0.0,0.0,0.0,0.0,0.0,0.0,,,,,,,
-0.0011068432359024882,mappo,1.4834454020729027e-07,0.16928617656230927,0.0008376458819606535,541.0,,,,,,,,,,,,,,0.0,,,,,0.013445194810628891,0.0
,mappo,,,,541.0,0.0,0.0,0.0,0.0,0.0,0.0,0.0,0.0,0.0,0.0,0.0,0.0,0.0,,,,,,,
-0.015114075504243374,mappo,4.2319896920162137e-08,0.16246643662452698,0.0008373457819273091,542.0,,,,,,,,,,,,,,0.0,,,,,0.013410447165369987,0.0
,mappo,,,,542.0,0.0,0.0,0.0,0.0,0.0,0.0,0.0,0.0,0.0,0.0,0.0,0.0,0.0,,,,,,,
0.002689792076125741,mappo,6.314727851730595e-09,0.1743241250514984,0.0008370456818939647,543.0,,,,,,,,,,,,,,0.0,,,,,0.013343035243451595,0.0
,mappo,,,,543.0,0.0,0.0,0.0,0.0,0.0,0.0,0.0,0.0,0.0,0.0,0.0,0.0,0.0,,,,,,,
-0.003409946570172906,mappo,4.3304413388511875e-09,0.18442414700984955,0.0008367455818606203,544.0,,,,,,,,,,,,,,0.0,,,,,0.013285791501402855,0.0
,mappo,,,,544.0,0.0,0.0,0.0,0.0,0.0,0.0,0.0,0.0,0.0,0.0,0.0,0.0,0.0,,,,,,,
-0.003494593780487776,mappo,3.64170493760696e-09,0.20514419674873352,0.0008364454818272758,545.0,,,,,,,,,,,,,,0.0,,,,,0.013399151153862476,0.0
,mappo,,,,545.0,0.0,0.0,0.0,0.0,0.0,0.0,0.0,0.0,0.0,0.0,0.0,0.0,0.0,,,,,,,
0.00044318241998553276,mappo,1.7563910326146015e-09,0.20335808396339417,0.0008361453817939314,546.0,,,,,,,,,,,,,,0.0,,,,,0.013240283355116844,0.0
,mappo,,,,546.0,0.0,0.0,0.0,0.0,0.0,0.0,0.0,0.0,0.0,0.0,0.0,0.0,0.0,,,,,,,
-0.003862111596390605,mappo,1.2064269583333953e-09,0.20757021009922028,0.0008358452817605869,547.0,,,,,,,,,,,,,,0.0,,,,,0.013335930183529854,0.0
,mappo,,,,547.0,0.0,0.0,0.0,0.0,0.0,0.0,0.0,0.0,0.0,0.0,0.0,0.0,0.0,,,,,,,
-0.0006483435281552374,mappo,2.761803674644625e-09,0.207956463098526,0.0008355451817272424,548.0,,,,,,,,,,,,,,0.0,,,,,0.013449990190565586,0.0
,mappo,,,,548.0,0.0,0.0,0.0,0.0,0.0,0.0,0.0,0.0,0.0,0.0,0.0,0.0,0.0,,,,,,,
0.0017948270542547107,mappo,3.623892519399874e-09,0.21679440140724182,0.000835245081693898,549.0,,,,,,,,,,,,,,0.0,,,,,0.013212330639362335,0.0
,mappo,,,,549.0,0.0,0.0,0.0,0.0,0.0,0.0,0.0,0.0,0.0,0.0,0.0,0.0,0.0,,,,,,,
-0.012636254541575909,mappo,2.3027062479030747e-09,0.22326207160949707,0.0008349449816605535,550.0,,,,,,,,,,,,,,0.0,,,,,0.013345079496502876,0.0
,mappo,,,,550.0,0.0,0.0,0.0,0.0,0.0,0.0,0.0,0.0,0.0,0.0,0.0,0.0,0.0,,,,,,,
-0.0031127724796533585,mappo,1.0698250063612136e-09,0.2262730896472931,0.0008346448816272091,551.0,,,,,,,,,,,,,,0.0,,,,,0.01314691361039877,0.0
,mappo,,,,551.0,0.0,0.0,0.0,0.0,0.0,0.0,0.0,0.0,0.0,0.0,0.0,0.0,0.0,,,,,,,
-0.0031899826135486364,mappo,9.292379643532911e-10,0.24290888011455536,0.0008343447815938646,552.0,,,,,,,,,,,,,,0.0,,,,,0.013093575835227966,0.0
,mappo,,,,552.0,0.0,0.0,0.0,0.0,0.0,0.0,0.0,0.0,0.0,0.0,0.0,0.0,0.0,,,,,,,
-0.0005032250192016363,mappo,1.7005227226363218e-09,0.2571824789047241,0.0008340446815605202,553.0,,,,,,,,,,,,,,0.0,,,,,0.013133089989423752,0.0
,mappo,,,,553.0,0.0,0.0,0.0,0.0,0.0,0.0,0.0,0.0,0.0,0.0,0.0,0.0,0.0,,,,,,,
0.00032035959884524345,mappo,2.268667476101882e-09,0.2740655243396759,0.0008337445815271758,554.0,,,,,,,,,,,,,,0.0,,,,,0.013191353529691696,0.0
,mappo,,,,554.0,0.0,0.0,0.0,0.0,0.0,0.0,0.0,0.0,0.0,0.0,0.0,0.0,0.0,,,,,,,
-0.003226535627618432,mappo,1.9073524981649825e-09,0.26278364658355713,0.0008334444814938313,555.0,,,,,,,,,,,,,,0.0,,,,,0.013127090409398079,0.0
,mappo,,,,555.0,0.0,0.0,0.0,0.0,0.0,0.0,0.0,0.0,0.0,0.0,0.0,0.0,0.0,,,,,,,
-0.010591513477265835,mappo,1.8001253820898455e-09,0.2526969313621521,0.0008331443814604869,556.0,,,,,,,,,,,,,,0.0,,,,,0.012982860207557678,0.0
,mappo,,,,556.0,0.0,0.0,0.0,0.0,0.0,0.0,0.0,0.0,0.0,0.0,0.0,0.0,0.0,,,,,,,
-0.0021743366960436106,mappo,1.7525452200573e-09,0.2514338493347168,0.0008328442814271425,557.0,,,,,,,,,,,,,,0.0,,,,,0.0131174735724926,0.0
,mappo,,,,557.0,0.0,0.0,0.0,0.0,0.0,0.0,0.0,0.0,0.0,0.0,0.0,0.0,0.0,,,,,,,
-0.0018336449284106493,mappo,2.2342876437875248e-09,0.2603318989276886,0.0008325441813937979,558.0,,,,,,,,,,,,,,0.0,,,,,0.0130128413438797,0.0
,mappo,,,,558.0,0.0,0.0,0.0,0.0,0.0,0.0,0.0,0.0,0.0,0.0,0.0,0.0,0.0,,,,,,,
0.0044890111312270164,mappo,2.4733948222888102e-09,0.23822914063930511,0.0008322440813604535,559.0,,,,,,,,,,,,,,0.0,,,,,0.013062357902526855,0.0
,mappo,,,,559.0,0.0,0.0,0.0,0.0,0.0,0.0,0.0,0.0,0.0,0.0,0.0,0.0,0.0,,,,,,,
-0.004095769487321377,mappo,2.901824780465745e-09,0.23760798573493958,0.0008319439813271091,560.0,,,,,,,,,,,,,,0.0,,,,,0.01320987194776535,0.0
,mappo,,,,560.0,0.0,0.0,0.0,0.0,0.0,0.0,0.0,0.0,0.0,0.0,0.0,0.0,0.0,,,,,,,
-0.006624455563724041,mappo,2.156076650550176e-09,0.23787282407283783,0.0008316438812937646,561.0,,,,,,,,,,,,,,0.0,,,,,0.01316804625093937,0.0
,mappo,,,,561.0,0.0,0.0,0.0,0.0,0.0,0.0,0.0,0.0,0.0,0.0,0.0,0.0,0.0,,,,,,,
-0.000948701286688447,mappo,1.6946366532266666e-09,0.2371254712343216,0.0008313437812604202,562.0,,,,,,,,,,,,,,0.0,,,,,0.012996073812246323,0.0
,mappo,,,,562.0,0.0,0.0,0.0,0.0,0.0,0.0,0.0,0.0,0.0,0.0,0.0,0.0,0.0,,,,,,,
-0.005676140543073416,mappo,3.898917189104623e-09,0.2385987788438797,0.0008310436812270757,563.0,,,,,,,,,,,,,,0.0,,,,,0.013023034669458866,0.0
,mappo,,,,563.0,0.0,0.0,0.0,0.0,0.0,0.0,0.0,0.0,0.0,0.0,0.0,0.0,0.0,,,,,,,
-0.002783564617857337,mappo,2.3704320728512585e-09,0.2571340501308441,0.0008307435811937313,564.0,,,,,,,,,,,,,,0.0,,,,,0.012999080121517181,0.0
,mappo,,,,564.0,0.0,0.0,0.0,0.0,0.0,0.0,0.0,0.0,0.0,0.0,0.0,0.0,0.0,,,,,,,
-0.005285301711410284,mappo,2.1702541985746393e-09,0.26090744137763977,0.0008304434811603869,565.0,,,,,,,,,,,,,,0.0,,,,,0.013174040243029594,0.0
,mappo,,,,565.0,0.0,0.0,0.0,0.0,0.0,0.0,0.0,0.0,0.0,0.0,0.0,0.0,0.0,,,,,,,
-0.00018885399913415313,mappo,4.775885020791293e-09,0.2756306231021881,0.0008301433811270423,566.0,,,,,,,,,,,,,,0.0,,,,,0.013017002493143082,0.0
,mappo,,,,566.0,0.0,0.0,0.0,0.0,0.0,0.0,0.0,0.0,0.0,0.0,0.0,0.0,0.0,,,,,,,
-0.0015190552221611142,mappo,5.884911669085113e-09,0.27405285835266113,0.0008298432810936979,567.0,,,,,,,,,,,,,,0.0,,,,,0.013044722378253937,0.0
,mappo,,,,567.0,0.0,0.0,0.0,0.0,0.0,0.0,0.0,0.0,0.0,0.0,0.0,0.0,0.0,,,,,,,
-0.00570021104067564,mappo,2.669380050335235e-09,0.27424511313438416,0.0008295431810603534,568.0,,,,,,,,,,,,,,0.0,,,,,0.013095125555992126,0.0
,mappo,,,,568.0,0.0,0.0,0.0,0.0,0.0,0.0,0.0,0.0,0.0,0.0,0.0,0.0,0.0,,,,,,,
-0.001103368354961276,mappo,1.1474068806194282e-08,0.26703357696533203,0.000829243081027009,569.0,,,,,,,,,,,,,,0.0,,,,,0.01306371483951807,0.0
,mappo,,,,569.0,0.0,0.0,0.0,0.0,0.0,0.0,0.0,0.0,0.0,0.0,0.0,0.0,0.0,,,,,,,
0.001945082563906908,mappo,1.556273865332969e-08,0.268965482711792,0.0008289429809936646,570.0,,,,,,,,,,,,,,0.0,,,,,0.013210948556661606,0.0
,mappo,,,,570.0,0.0,0.0,0.0,0.0,0.0,0.0,0.0,0.0,0.0,0.0,0.0,0.0,0.0,,,,,,,
-0.0006379453698173165,mappo,1.7451750267127863e-08,0.2552753686904907,0.0008286428809603202,571.0,,,,,,,,,,,,,,0.0,,,,,0.01315846387296915,0.0
,mappo,,,,571.0,0.0,0.0,0.0,0.0,0.0,0.0,0.0,0.0,0.0,0.0,0.0,0.0,0.0,,,,,,,
0.001061379793100059,mappo,2.4238506313167818e-08,0.2560684382915497,0.0008283427809269757,572.0,,,,,,,,,,,,,,0.0,,,,,0.013127848505973816,0.0
,mappo,,,,572.0,0.0,0.0,0.0,0.0,0.0,0.0,0.0,0.0,0.0,0.0,0.0,0.0,0.0,,,,,,,
-0.004914372693747282,mappo,2.3065727106086342e-08,0.23655405640602112,0.0008280426808936313,573.0,,,,,,,,,,,,,,0.0,,,,,0.013030994683504105,0.0
,mappo,,,,573.0,0.0,0.0,0.0,0.0,0.0,0.0,0.0,0.0,0.0,0.0,0.0,0.0,0.0,,,,,,,
8.256250293925405e-05,mappo,1.647328673470838e-08,0.22019131481647491,0.0008277425808602868,574.0,,,,,,,,,,,,,,0.0,,,,,0.013092869892716408,0.0
,mappo,,,,574.0,0.0,0.0,0.0,0.0,0.0,0.0,0.0,0.0,0.0,0.0,0.0,0.0,0.0,,,,,,,
-0.0004039969644509256,mappo,2.2372377728174797e-08,0.2063497006893158,0.0008274424808269423,575.0,,,,,,,,,,,,,,0.0,,,,,0.013090115040540695,0.0
,mappo,,,,575.0,0.0,0.0,0.0,0.0,0.0,0.0,0.0,0.0,0.0,0.0,0.0,0.0,0.0,,,,,,,
0.0007825864595361054,mappo,2.5364030875607568e-08,0.1995072364807129,0.0008271423807935979,576.0,,,,,,,,,,,,,,0.0,,,,,0.013154136948287487,0.0
,mappo,,,,576.0,0.0,0.0,0.0,0.0,0.0,0.0,0.0,0.0,0.0,0.0,0.0,0.0,0.0,,,,,,,
-0.0044842250645160675,mappo,1.5069122838440308e-08,0.17648683488368988,0.0008268422807602534,577.0,,,,,,,,,,,,,,0.0,,,,,0.013095702975988388,0.0
,mappo,,,,577.0,0.0,0.0,0.0,0.0,0.0,0.0,0.0,0.0,0.0,0.0,0.0,0.0,0.0,,,,,,,
0.0023706862702965736,mappo,3.040986129576595e-08,0.19739247858524323,0.000826542180726909,578.0,,,,,,,,,,,,,,0.0,,,,,0.013010885566473007,0.0
,mappo,,,,578.0,0.0,0.0,0.0,0.0,0.0,0.0,0.0,0.0,0.0,0.0,0.0,0.0,0.0,,,,,,,
-0.00258297729305923,mappo,1.913339708892181e-08,0.22456856071949005,0.0008262420806935645,579.0,,,,,,,,,,,,,,0.0,,,,,0.013045815750956535,0.0
,mappo,,,,579.0,0.0,0.0,0.0,0.0,0.0,0.0,0.0,0.0,0.0,0.0,0.0,0.0,0.0,,,,,,,
-0.0024394183419644833,mappo,1.9862056888086954e-08,0.26965972781181335,0.0008259419806602201,580.0,,,,,,,,,,,,,,0.0,,,,,0.01296071708202362,0.0
,mappo,,,,580.0,0.0,0.0,0.0,0.0,0.0,0.0,0.0,0.0,0.0,0.0,0.0,0.0,0.0,,,,,,,
-0.0016293784137815237,mappo,1.734871979408581e-08,0.3092685341835022,0.0008256418806268757,581.0,,,,,,,,,,,,,,0.0,,,,,0.012974189594388008,0.0
,mappo,,,,581.0,0.0,0.0,0.0,0.0,0.0,0.0,0.0,0.0,0.0,0.0,0.0,0.0,0.0,,,,,,,
-0.0010519875213503838,mappo,1.707273078466187e-08,0.3357263505458832,0.0008253417805935312,582.0,,,,,,,,,,,,,,0.0,,,,,0.012869725003838539,0.0
,mappo,,,,582.0,0.0,0.0,0.0,0.0,0.0,0.0,0.0,0.0,0.0,0.0,0.0,0.0,0.0,,,,,,,
-0.0006152309942990541,mappo,1.226260071263141e-08,0.34133046865463257,0.0008250416805601868,583.0,,,,,,,,,,,,,,0.0,,,,,0.01303036604076624,0.0
,mappo,,,,583.0,0.0,0.0,0.0,0.0,0.0,0.0,0.0,0.0,0.0,0.0,0.0,0.0,0.0,,,,,,,
0.004082126077264547,mappo,8.630706815893063e-09,0.37913259863853455,0.0008247415805268422,584.0,,,,,,,,,,,,,,0.0,,,,,0.012833645567297935,0.0
,mappo,,,,584.0,0.0,0.0,0.0,0.0,0.0,0.0,0.0,0.0,0.0,0.0,0.0,0.0,0.0,,,,,,,
-0.0038535138592123985,mappo,7.492890752303083e-09,0.3875724971294403,0.0008244414804934978,585.0,,,,,,,,,,,,,,0.0,,,,,0.012925578281283379,0.0
,mappo,,,,585.0,0.0,0.0,0.0,0.0,0.0,0.0,0.0,0.0,0.0,0.0,0.0,0.0,0.0,,,,,,,
-0.009331699460744858,mappo,7.258984080493747e-09,0.3903098702430725,0.0008241413804601534,586.0,,,,,,,,,,,,,,0.0,,,,,0.012779521755874157,0.0
,mappo,,,,586.0,0.0,0.0,0.0,0.0,0.0,0.0,0.0,0.0,0.0,0.0,0.0,0.0,0.0,,,,,,,
-8.397529018111527e-05,mappo,5.207968278853059e-09,0.37318575382232666,0.000823841280426809,587.0,,,,,,,,,,,,,,0.0,,,,,0.012999728322029114,0.0
,mappo,,,,587.0,0.0,0.0,0.0,0.0,0.0,0.0,0.0,0.0,0.0,0.0,0.0,0.0,0.0,,,,,,,
-0.006718604825437069,mappo,2.7090518717187706e-09,0.3599647581577301,0.0008235411803934645,588.0,,,,,,,,,,,,,,0.0,,,,,0.012975061312317848,0.0
,mappo,,,,588.0,0.0,0.0,0.0,0.0,0.0,0.0,0.0,0.0,0.0,0.0,0.0,0.0,0.0,,,,,,,
-0.004067159723490477,mappo,5.062704477865054e-09,0.3597636818885803,0.0008232410803601201,589.0,,,,,,,,,,,,,,0.0,,,,,0.013051899150013924,0.0
,mappo,,,,589.0,0.0,0.0,0.0,0.0,0.0,0.0,0.0,0.0,0.0,0.0,0.0,0.0,0.0,,,,,,,
0.002657199976965785,mappo,5.881837683574531e-09,0.3386216163635254,0.0008229409803267756,590.0,,,,,,,,,,,,,,0.0,,,,,0.01298945676535368,0.0
,mappo,,,,590.0,0.0,0.0,0.0,0.0,0.0,0.0,0.0,0.0,0.0,0.0,0.0,0.0,0.0,,,,,,,
0.0017487789737060666,mappo,3.9745655655565315e-09,0.31008225679397583,0.0008226408802934312,591.0,,,,,,,,,,,,,,0.0,,,,,0.013088149949908257,0.0
,mappo,,,,591.0,0.0,0.0,0.0,0.0,0.0,0.0,0.0,0.0,0.0,0.0,0.0,0.0,0.0,,,,,,,
-0.0018926049815490842,mappo,1.1549792233722656e-08,0.3091379404067993,0.0008223407802600868,592.0,,,,,,,,,,,,,,0.0,,,,,0.013120063580572605,0.0
,mappo,,,,592.0,0.0,0.0,0.0,0.0,0.0,0.0,0.0,0.0,0.0,0.0,0.0,0.0,0.0,,,,,,,
-7.321726297959685e-05,mappo,6.673722019456818e-09,0.3241642415523529,0.0008220406802267422,593.0,,,,,,,,,,,,,,0.0,,,,,0.013094632886350155,0.0
,mappo,,,,593.0,0.0,0.0,0.0,0.0,0.0,0.0,0.0,0.0,0.0,0.0,0.0,0.0,0.0,,,,,,,
-0.00454489141702652,mappo,4.430014577394559e-09,0.3496555685997009,0.0008217405801933978,594.0,,,,,,,,,,,,,,0.0,,,,,0.012859703972935677,0.0
,mappo,,,,594.0,0.0,0.0,0.0,0.0,0.0,0.0,0.0,0.0,0.0,0.0,0.0,0.0,0.0,,,,,,,
-0.0053203413262963295,mappo,2.706334489843698e-09,0.3622705638408661,0.0008214404801600533,595.0,,,,,,,,,,,,,,0.0,,,,,0.012959910556674004,0.0
,mappo,,,,595.0,0.0,0.0,0.0,0.0,0.0,0.0,0.0,0.0,0.0,0.0,0.0,0.0,0.0,,,,,,,
0.0004897625185549259,mappo,2.404927146315572e-09,0.3553718626499176,0.0008211403801267089,596.0,,,,,,,,,,,,,,0.0,,,,,0.013013934716582298,0.0
,mappo,,,,596.0,0.0,0.0,0.0,0.0,0.0,0.0,0.0,0.0,0.0,0.0,0.0,0.0,0.0,,,,,,,
-0.002932990435510874,mappo,2.354732853149244e-09,0.3415537476539612,0.0008208402800933645,597.0,,,,,,,,,,,,,,0.0,,,,,0.01308712549507618,0.0
,mappo,,,,597.0,0.0,0.0,0.0,0.0,0.0,0.0,0.0,0.0,0.0,0.0,0.0,0.0,0.0,,,,,,,
-0.01150266919285059,mappo,9.955302138209277e-10,0.32062143087387085,0.0008205401800600201,598.0,,,,,,,,,,,,,,0.0,,,,,0.013081925921142101,0.0
,mappo,,,,598.0,0.0,0.0,0.0,0.0,0.0,0.0,0.0,0.0,0.0,0.0,0.0,0.0,0.0,,,,,,,
0.0007599813397973776,mappo,5.129225932876125e-10,0.3126179277896881,0.0008202400800266756,599.0,,,,,,,,,,,,,,0.0,,,,,0.013117048889398575,0.0
,mappo,,,,599.0,0.0,0.0,0.0,0.0,0.0,0.0,0.0,0.0,0.0,0.0,0.0,0.0,0.0,,,,,,,
,mappo,,,,599.0,,,,,,,,,,,,,,,0.0,0.0,0.0,0.0,,
-0.006289198994636536,mappo,1.1427921942086527e-09,0.2991385757923126,0.0008199399799933312,600.0,,,,,,,,,,,,,,0.0,,,,,0.013089347630739212,0.0
,mappo,,,,600.0,0.0,0.0,0.0,0.0,0.0,0.0,0.0,0.0,0.0,0.0,0.0,0.0,0.0,,,,,,,
-0.005212019197642803,mappo,8.853205946124376e-10,0.28948166966438293,0.0008196398799599866,601.0,,,,,,,,,,,,,,0.0,,,,,0.013268237933516502,0.0
,mappo,,,,601.0,0.0,0.0,0.0,0.0,0.0,0.0,0.0,0.0,0.0,0.0,0.0,0.0,0.0,,,,,,,
-0.002661838661879301,mappo,1.015274087023954e-09,0.2765750288963318,0.0008193397799266422,602.0,,,,,,,,,,,,,,0.0,,,,,0.012985375709831715,0.0
,mappo,,,,602.0,0.0,0.0,0.0,0.0,0.0,0.0,0.0,0.0,0.0,0.0,0.0,0.0,0.0,,,,,,,
-0.004993438255041838,mappo,9.154345614881265e-10,0.2632963955402374,0.0008190396798932978,603.0,,,,,,,,,,,,,,0.0,,,,,0.01313769817352295,0.0
,mappo,,,,603.0,0.0,0.0,0.0,0.0,0.0,0.0,0.0,0.0,0.0,0.0,0.0,0.0,0.0,,,,,,,
0.001343235606327653,mappo,7.841438054434491e-10,0.2470785230398178,0.0008187395798599533,604.0,,,,,,,,,,,,,,0.0,,,,,0.013154331594705582,0.0
,mappo,,,,604.0,0.0,0.0,0.0,0.0,0.0,0.0,0.0,0.0,0.0,0.0,0.0,0.0,0.0,,,,,,,
-0.0006656552432104945,mappo,1.2905961854769998e-09,0.2577054798603058,0.0008184394798266089,605.0,,,,,,,,,,,,,,0.0,,,,,0.013096589595079422,0.0
,mappo,,,,605.0,0.0,0.0,0.0,0.0,0.0,0.0,0.0,0.0,0.0,0.0,0.0,0.0,0.0,,,,,,,
-0.006072699092328548,mappo,2.511268526461663e-09,0.2594229578971863,0.0008181393797932644,606.0,,,,,,,,,,,,,,0.0,,,,,0.013083119876682758,0.0
,mappo,,,,606.0,0.0,0.0,0.0,0.0,0.0,0.0,0.0,0.0,0.0,0.0,0.0,0.0,0.0,,,,,,,
-0.0028603209648281336,mappo,1.7205611380077812e-09,0.2662656307220459,0.00081783927975992,607.0,,,,,,,,,,,,,,0.0,,,,,0.012857477180659771,0.0
,mappo,,,,607.0,0.0,0.0,0.0,0.0,0.0,0.0,0.0,0.0,0.0,0.0,0.0,0.0,0.0,,,,,,,
-0.0012338728411123157,mappo,1.0256934190877587e-09,0.25576627254486084,0.0008175391797265756,608.0,,,,,,,,,,,,,,0.0,,,,,0.012966232374310493,0.0
,mappo,,,,608.0,0.0,0.0,0.0,0.0,0.0,0.0,0.0,0.0,0.0,0.0,0.0,0.0,0.0,,,,,,,
-0.0018945299088954926,mappo,1.3655538921852894e-09,0.23831327259540558,0.0008172390796932312,609.0,,,,,,,,,,,,,,0.0,,,,,0.012950528413057327,0.0
,mappo,,,,609.0,0.0,0.0,0.0,0.0,0.0,0.0,0.0,0.0,0.0,0.0,0.0,0.0,0.0,,,,,,,
-0.005079799797385931,mappo,3.293203487686469e-09,0.21457064151763916,0.0008169389796598867,610.0,,,,,,,,,,,,,,0.0,,,,,0.012962736189365387,0.0
,mappo,,,,610.0,0.0,0.0,0.0,0.0,0.0,0.0,0.0,0.0,0.0,0.0,0.0,0.0,0.0,,,,,,,
-0.004429713822901249,mappo,2.7004931624219353e-09,0.18065544962882996,0.0008166388796265422,611.0,,,,,,,,,,,,,,0.0,,,,,0.01303190179169178,0.0
,mappo,,,,611.0,0.0,0.0,0.0,0.0,0.0,0.0,0.0,0.0,0.0,0.0,0.0,0.0,0.0,,,,,,,
-0.001886390382423997,mappo,2.903503881768188e-09,0.1778319776058197,0.0008163387795931977,612.0,,,,,,,,,,,,,,0.0,,,,,0.013042893260717392,0.0
,mappo,,,,612.0,0.0,0.0,0.0,0.0,0.0,0.0,0.0,0.0,0.0,0.0,0.0,0.0,0.0,,,,,,,
0.007421709597110748,mappo,3.875520793172882e-09,0.17012055218219757,0.0008160386795598533,613.0,,,,,,,,,,,,,,0.0,,,,,0.013016261160373688,0.0
,mappo,,,,613.0,0.0,0.0,0.0,0.0,0.0,0.0,0.0,0.0,0.0,0.0,0.0,0.0,0.0,,,,,,,
-0.004193229600787163,mappo,4.166280209716433e-09,0.17036418616771698,0.0008157385795265089,614.0,,,,,,,,,,,,,,0.0,,,,,0.013188144192099571,0.0
,mappo,,,,614.0,0.0,0.0,0.0,0.0,0.0,0.0,0.0,0.0,0.0,0.0,0.0,0.0,0.0,,,,,,,
0.006767823826521635,mappo,4.646870443991702e-09,0.1505967676639557,0.0008154384794931644,615.0,,,,,,,,,,,,,,0.0,,,,,0.013091974891722202,0.0
,mappo,,,,615.0,0.0,0.0,0.0,0.0,0.0,0.0,0.0,0.0,0.0,0.0,0.0,0.0,0.0,,,,,,,
-0.0043102893978357315,mappo,1.8209977969974034e-09,0.13018369674682617,0.00081513837945982,616.0,,,,,,,,,,,,,,0.0,,,,,0.013236521743237972,0.0
,mappo,,,,616.0,0.0,0.0,0.0,0.0,0.0,0.0,0.0,0.0,0.0,0.0,0.0,0.0,0.0,,,,,,,
0.00014723069034516811,mappo,2.1160813101772646e-09,0.10727640986442566,0.0008148382794264755,617.0,,,,,,,,,,,,,,0.0,,,,,0.013112470507621765,0.0
,mappo,,,,617.0,0.0,0.0,0.0,0.0,0.0,0.0,0.0,0.0,0.0,0.0,0.0,0.0,0.0,,,,,,,
-0.0018037683330476284,mappo,1.4643536383474043e-09,0.09818244725465775,0.0008145381793931311,618.0,,,,,,,,,,,,,,0.0,,,,,0.01311246957629919,0.0
,mappo,,,,618.0,0.0,0.0,0.0,0.0,0.0,0.0,0.0,0.0,0.0,0.0,0.0,0.0,0.0,,,,,,,
-0.004645443055778742,mappo,2.264302301213661e-09,0.10661035031080246,0.0008142380793597867,619.0,,,,,,,,,,,,,,0.0,,,,,0.01323652733117342,0.0
,mappo,,,,619.0,0.0,0.0,0.0,0.0,0.0,0.0,0.0,0.0,0.0,0.0,0.0,0.0,0.0,,,,,,,
-0.0054239495657384396,mappo,1.9974597531557947e-09,0.10575199127197266,0.0008139379793264422,620.0,,,,,,,,,,,,,,0.0,,,,,0.01310017704963684,0.0
,mappo,,,,620.0,0.0,0.0,0.0,0.0,0.0,0.0,0.0,0.0,0.0,0.0,0.0,0.0,0.0,,,,,,,
-0.0016154919285327196,mappo,1.6397284641200827e-09,0.0995330661535263,0.0008136378792930977,621.0,,,,,,,,,,,,,,0.0,,,,,0.012857221066951752,0.0
,mappo,,,,621.0,0.0,0.0,0.0,0.0,0.0,0.0,0.0,0.0,0.0,0.0,0.0,0.0,0.0,,,,,,,
-0.005879999604076147,mappo,4.1947301188116626e-10,0.06546672433614731,0.0008133377792597533,622.0,,,,,,,,,,,,,,0.0,,,,,0.013107668608427048,0.0
,mappo,,,,622.0,0.0,0.0,0.0,0.0,0.0,0.0,0.0,0.0,0.0,0.0,0.0,0.0,0.0,,,,,,,
-0.001320720766671002,mappo,4.688419652509879e-10,0.05696301907300949,0.0008130376792264088,623.0,,,,,,,,,,,,,,0.0,,,,,0.013186458498239517,0.0
,mappo,,,,623.0,0.0,0.0,0.0,0.0,0.0,0.0,0.0,0.0,0.0,0.0,0.0,0.0,0.0,,,,,,,
-0.0002580246073193848,mappo,1.243911085246907e-09,0.04455837234854698,0.0008127375791930644,624.0,,,,,,,,,,,,,,0.0,,,,,0.013082664459943771,0.0
,mappo,,,,624.0,0.0,0.0,0.0,0.0,0.0,0.0,0.0,0.0,0.0,0.0,0.0,0.0,0.0,,,,,,,
-0.0006450802320614457,mappo,2.3874335841611583e-09,0.043868206441402435,0.00081243747915972,625.0,,,,,,,,,,,,,,0.0,,,,,0.012998223304748535,0.0
,mappo,,,,625.0,0.0,0.0,0.0,0.0,0.0,0.0,0.0,0.0,0.0,0.0,0.0,0.0,0.0,,,,,,,
0.002472738968208432,mappo,6.557976384158337e-09,0.02964869886636734,0.0008121373791263755,626.0,,,,,,,,,,,,,,0.0,,,,,0.013054803013801575,0.0
,mappo,,,,626.0,0.0,0.0,0.0,0.0,0.0,0.0,0.0,0.0,0.0,0.0,0.0,0.0,0.0,,,,,,,
-0.007441314402967691,mappo,7.591607342760653e-09,0.017374565824866295,0.0008118372790930311,627.0,,,,,,,,,,,,,,0.0,,,,,0.01304151676595211,0.0
,mappo,,,,627.0,0.0,0.0,0.0,0.0,0.0,0.0,0.0,0.0,0.0,0.0,0.0,0.0,0.0,,,,,,,
0.00013830774696543813,mappo,1.2256138326449673e-08,0.021401923149824142,0.0008115371790596865,628.0,,,,,,,,,,,,,,0.0,,,,,0.013232620432972908,0.0
,mappo,,,,628.0,0.0,0.0,0.0,0.0,0.0,0.0,0.0,0.0,0.0,0.0,0.0,0.0,0.0,,,,,,,
-0.010111602023243904,mappo,1.7884772773868463e-08,0.04415475204586983,0.0008112370790263421,629.0,,,,,,,,,,,,,,0.0,,,,,0.01311892457306385,0.0
,mappo,,,,629.0,0.0,0.0,0.0,0.0,0.0,0.0,0.0,0.0,0.0,0.0,0.0,0.0,0.0,,,,,,,
-0.001173830358311534,mappo,2.322279968325347e-08,0.06810684502124786,0.0008109369789929977,630.0,,,,,,,,,,,,,,0.0,,,,,0.01301366277039051,0.0
,mappo,,,,630.0,0.0,0.0,0.0,0.0,0.0,0.0,0.0,0.0,0.0,0.0,0.0,0.0,0.0,,,,,,,
-0.001385409734211862,mappo,2.787788311309214e-08,0.08231806010007858,0.0008106368789596532,631.0,,,,,,,,,,,,,,0.0,,,,,0.01294150110334158,0.0
,mappo,,,,631.0,0.0,0.0,0.0,0.0,0.0,0.0,0.0,0.0,0.0,0.0,0.0,0.0,0.0,,,,,,,
-0.0012567645171657205,mappo,2.284232181182233e-08,0.0864008367061615,0.0008103367789263088,632.0,,,,,,,,,,,,,,0.0,,,,,0.013065429404377937,0.0
,mappo,,,,632.0,0.0,0.0,0.0,0.0,0.0,0.0,0.0,0.0,0.0,0.0,0.0,0.0,0.0,,,,,,,
-4.347977665020153e-06,mappo,3.364077372225438e-08,0.06549348682165146,0.0008100366788929644,633.0,,,,,,,,,,,,,,0.0,,,,,0.01308891549706459,0.0
,mappo,,,,633.0,0.0,0.0,0.0,0.0,0.0,0.0,0.0,0.0,0.0,0.0,0.0,0.0,0.0,,,,,,,
-0.0027654850855469704,mappo,4.118995633461964e-08,0.08510266989469528,0.0008097365788596199,634.0,,,,,,,,,,,,,,0.0,,,,,0.012996148318052292,0.0
,mappo,,,,634.0,0.0,0.0,0.0,0.0,0.0,0.0,0.0,0.0,0.0,0.0,0.0,0.0,0.0,,,,,,,
-0.004895176738500595,mappo,4.6950194843020654e-08,0.07167162001132965,0.0008094364788262755,635.0,,,,,,,,,,,,,,0.0,,,,,0.013158632442355156,0.0
,mappo,,,,635.0,0.0,0.0,0.0,0.0,0.0,0.0,0.0,0.0,0.0,0.0,0.0,0.0,0.0,,,,,,,
-0.0017553471261635423,mappo,6.536397734180355e-08,0.07627109438180923,0.0008091363787929311,636.0,,,,,,,,,,,,,,0.0,,,,,0.013066273182630539,0.0
,mappo,,,,636.0,0.0,0.0,0.0,0.0,0.0,0.0,0.0,0.0,0.0,0.0,0.0,0.0,0.0,,,,,,,
0.002041954081505537,mappo,6.902361349148123e-08,0.05937328189611435,0.0008088362787595865,637.0,,,,,,,,,,,,,,0.0,,,,,0.013149766251444817,0.0
,mappo,,,,637.0,0.0,0.0,0.0,0.0,0.0,0.0,0.0,0.0,0.0,0.0,0.0,0.0,0.0,,,,,,,
-0.007210209034383297,mappo,5.643765277341117e-08,0.06315746903419495,0.0008085361787262421,638.0,,,,,,,,,,,,,,0.0,,,,,0.013163261115550995,0.0
,mappo,,,,638.0,0.0,0.0,0.0,0.0,0.0,0.0,0.0,0.0,0.0,0.0,0.0,0.0,0.0,,,,,,,
-0.0018184748478233814,mappo,5.823793003401079e-08,0.05174242705106735,0.0008082360786928976,639.0,,,,,,,,,,,,,,0.0,,,,,0.013126179575920105,0.0
,mappo,,,,639.0,0.0,0.0,0.0,0.0,0.0,0.0,0.0,0.0,0.0,0.0,0.0,0.0,0.0,,,,,,,
-0.00793056096881628,mappo,4.6089688510164706e-08,0.028868090361356735,0.0008079359786595532,640.0,,,,,,,,,,,,,,0.0,,,,,0.013058637268841267,0.0
,mappo,,,,640.0,0.0,0.0,0.0,0.0,0.0,0.0,0.0,0.0,0.0,0.0,0.0,0.0,0.0,,,,,,,
0.0042799427174031734,mappo,4.794372188143825e-08,0.011896246112883091,0.0008076358786262088,641.0,,,,,,,,,,,,,,0.0,,,,,0.012961514294147491,0.0
,mappo,,,,641.0,0.0,0.0,0.0,0.0,0.0,0.0,0.0,0.0,0.0,0.0,0.0,0.0,0.0,,,,,,,
-0.002436945913359523,mappo,3.866585274181489e-08,-0.013769893907010555,0.0008073357785928643,642.0,,,,,,,,,,,,,,0.0,,,,,0.013174893334507942,0.0
,mappo,,,,642.0,0.0,0.0,0.0,0.0,0.0,0.0,0.0,0.0,0.0,0.0,0.0,0.0,0.0,,,,,,,
-0.005278139375150204,mappo,2.3487107370101512e-08,-0.012293151579797268,0.0008070356785595199,643.0,,,,,,,,,,,,,,0.0,,,,,0.01317412406206131,0.0
,mappo,,,,643.0,0.0,0.0,0.0,0.0,0.0,0.0,0.0,0.0,0.0,0.0,0.0,0.0,0.0,,,,,,,
-0.0028221800457686186,mappo,7.3254007304512925e-09,-0.013562876731157303,0.0008067355785261754,644.0,,,,,,,,,,,,,,0.0,,,,,0.013165104202926159,0.0
,mappo,,,,644.0,0.0,0.0,0.0,0.0,0.0,0.0,0.0,0.0,0.0,0.0,0.0,0.0,0.0,,,,,,,
0.0014009297592565417,mappo,2.773615781492822e-09,-0.01327394787222147,0.000806435478492831,645.0,,,,,,,,,,,,,,0.0,,,,,0.013176480308175087,0.0
,mappo,,,,645.0,0.0,0.0,0.0,0.0,0.0,0.0,0.0,0.0,0.0,0.0,0.0,0.0,0.0,,,,,,,
-0.003373719984665513,mappo,5.8479177056369736e-09,-0.0024750304874032736,0.0008061353784594865,646.0,,,,,,,,,,,,,,0.0,,,,,0.013060102239251137,0.0
,mappo,,,,646.0,0.0,0.0,0.0,0.0,0.0,0.0,0.0,0.0,0.0,0.0,0.0,0.0,0.0,,,,,,,
0.006966359913349152,mappo,1.70184453196498e-08,-0.018982404842972755,0.0008058352784261421,647.0,,,,,,,,,,,,,,0.0,,,,,0.013125057332217693,0.0
,mappo,,,,647.0,0.0,0.0,0.0,0.0,0.0,0.0,0.0,0.0,0.0,0.0,0.0,0.0,0.0,,,,,,,
-0.0026034258771687746,mappo,4.37107061657116e-08,-0.031033983454108238,0.0008055351783927976,648.0,,,,,,,,,,,,,,0.0,,,,,0.013087993487715721,0.0
,mappo,,,,648.0,0.0,0.0,0.0,0.0,0.0,0.0,0.0,0.0,0.0,0.0,0.0,0.0,0.0,,,,,,,
-0.0022285704035311937,mappo,1.0252111337649694e-07,-0.04546235874295235,0.0008052350783594532,649.0,,,,,,,,,,,,,,0.0,,,,,0.013085450045764446,0.0
,mappo,,,,649.0,0.0,0.0,0.0,0.0,0.0,0.0,0.0,0.0,0.0,0.0,0.0,0.0,0.0,,,,,,,
-0.0018159291939809918,mappo,1.9401726092382887e-07,-0.08664953708648682,0.0008049349783261087,650.0,,,,,,,,,,,,,,0.0,,,,,0.01314186118543148,0.0
,mappo,,,,650.0,0.0,0.0,0.0,0.0,0.0,0.0,0.0,0.0,0.0,0.0,0.0,0.0,0.0,,,,,,,
-0.006895683705806732,mappo,3.277203290963371e-07,-0.1143295168876648,0.0008046348782927643,651.0,,,,,,,,,,,,,,0.0,,,,,0.013068117201328278,0.0
,mappo,,,,651.0,0.0,0.0,0.0,0.0,0.0,0.0,0.0,0.0,0.0,0.0,0.0,0.0,0.0,,,,,,,
-0.0052802287973463535,mappo,4.5211069732431497e-07,-0.12383004277944565,0.0008043347782594199,652.0,,,,,,,,,,,,,,0.0,,,,,0.01316338125616312,0.0
,mappo,,,,652.0,0.0,0.0,0.0,0.0,0.0,0.0,0.0,0.0,0.0,0.0,0.0,0.0,0.0,,,,,,,
0.0027710485737770796,mappo,5.427868359220156e-07,-0.10661972314119339,0.0008040346782260754,653.0,,,,,,,,,,,,,,0.0,,,,,0.013143753632903099,0.0
,mappo,,,,653.0,0.0,0.0,0.0,0.0,0.0,0.0,0.0,0.0,0.0,0.0,0.0,0.0,0.0,,,,,,,
-0.0029465132392942905,mappo,5.73646843804454e-07,-0.12563355267047882,0.000803734578192731,654.0,,,,,,,,,,,,,,0.0,,,,,0.01317480020225048,0.0
,mappo,,,,654.0,0.0,0.0,0.0,0.0,0.0,0.0,0.0,0.0,0.0,0.0,0.0,0.0,0.0,,,,,,,
-0.0038799166213721037,mappo,5.133553599989682e-07,-0.13125744462013245,0.0008034344781593864,655.0,,,,,,,,,,,,,,0.0,,,,,0.013090909458696842,0.0
,mappo,,,,655.0,0.0,0.0,0.0,0.0,0.0,0.0,0.0,0.0,0.0,0.0,0.0,0.0,0.0,,,,,,,
-0.00045313863665796816,mappo,4.259737806933117e-07,-0.1320667713880539,0.000803134378126042,656.0,,,,,,,,,,,,,,0.0,,,,,0.013286775909364223,0.0
,mappo,,,,656.0,0.0,0.0,0.0,0.0,0.0,0.0,0.0,0.0,0.0,0.0,0.0,0.0,0.0,,,,,,,
-0.006991857662796974,mappo,2.965021792533662e-07,-0.08604888617992401,0.0008028342780926976,657.0,,,,,,,,,,,,,,0.0,,,,,0.01317878533154726,0.0
,mappo,,,,657.0,0.0,0.0,0.0,0.0,0.0,0.0,0.0,0.0,0.0,0.0,0.0,0.0,0.0,,,,,,,
0.0010788021609187126,mappo,1.8831410386610514e-07,-0.07255876064300537,0.0008025341780593531,658.0,,,,,,,,,,,,,,0.0,,,,,0.013121431693434715,0.0
,mappo,,,,658.0,0.0,0.0,0.0,0.0,0.0,0.0,0.0,0.0,0.0,0.0,0.0,0.0,0.0,,,,,,,
0.00418618880212307,mappo,1.1092996743400363e-07,-0.08084313571453094,0.0008022340780260087,659.0,,,,,,,,,,,,,,0.0,,,,,0.013137433677911758,0.0
,mappo,,,,659.0,0.0,0.0,0.0,0.0,0.0,0.0,0.0,0.0,0.0,0.0,0.0,0.0,0.0,,,,,,,
0.0004502233350649476,mappo,5.956866644396541e-08,-0.0858660414814949,0.0008019339779926642,660.0,,,,,,,,,,,,,,0.0,,,,,0.013208395801484585,0.0
,mappo,,,,660.0,0.0,0.0,0.0,0.0,0.0,0.0,0.0,0.0,0.0,0.0,0.0,0.0,0.0,,,,,,,
-0.00835172738879919,mappo,3.6571229600212973e-08,-0.08449860662221909,0.0008016338779593198,661.0,,,,,,,,,,,,,,0.0,,,,,0.013297212310135365,0.0
,mappo,,,,661.0,0.0,0.0,0.0,0.0,0.0,0.0,0.0,0.0,0.0,0.0,0.0,0.0,0.0,,,,,,,
0.0007332497043535113,mappo,2.902891083067516e-08,-0.07444895058870316,0.0008013337779259754,662.0,,,,,,,,,,,,,,0.0,,,,,0.013421513140201569,0.0
,mappo,,,,662.0,0.0,0.0,0.0,0.0,0.0,0.0,0.0,0.0,0.0,0.0,0.0,0.0,0.0,,,,,,,
-0.003765108296647668,mappo,2.214659211574599e-08,-0.08220529556274414,0.000801033677892631,663.0,,,,,,,,,,,,,,0.0,,,,,0.013303217478096485,0.0
,mappo,,,,663.0,0.0,0.0,0.0,0.0,0.0,0.0,0.0,0.0,0.0,0.0,0.0,0.0,0.0,,,,,,,
-0.002093496499583125,mappo,1.1149854373115886e-08,-0.09732460975646973,0.0008007335778592864,664.0,,,,,,,,,,,,,,0.0,,,,,0.013336708769202232,0.0
,mappo,,,,664.0,0.0,0.0,0.0,0.0,0.0,0.0,0.0,0.0,0.0,0.0,0.0,0.0,0.0,,,,,,,
-0.0005125717725604773,mappo,6.034595045889546e-09,-0.11454126983880997,0.000800433477825942,665.0,,,,,,,,,,,,,,0.0,,,,,0.013145865872502327,0.0
,mappo,,,,665.0,0.0,0.0,0.0,0.0,0.0,0.0,0.0,0.0,0.0,0.0,0.0,0.0,0.0,,,,,,,
-0.003660453949123621,mappo,6.267603769316565e-09,-0.14718979597091675,0.0008001333777925975,666.0,,,,,,,,,,,,,,0.0,,,,,0.013278363272547722,0.0
,mappo,,,,666.0,0.0,0.0,0.0,0.0,0.0,0.0,0.0,0.0,0.0,0.0,0.0,0.0,0.0,,,,,,,
-0.004765115212649107,mappo,4.055888069842695e-09,-0.15090824663639069,0.0007998332777592531,667.0,,,,,,,,,,,,,,0.0,,,,,0.013200249522924423,0.0
,mappo,,,,667.0,0.0,0.0,0.0,0.0,0.0,0.0,0.0,0.0,0.0,0.0,0.0,0.0,0.0,,,,,,,
-0.00333232618868351,mappo,5.1372381904002395e-09,-0.16042767465114594,0.0007995331777259087,668.0,,,,,,,,,,,,,,0.0,,,,,0.01339697651565075,0.0
,mappo,,,,668.0,0.0,0.0,0.0,0.0,0.0,0.0,0.0,0.0,0.0,0.0,0.0,0.0,0.0,,,,,,,
-0.0002994451788254082,mappo,1.4119891922348415e-08,-0.19665463268756866,0.0007992330776925642,669.0,,,,,,,,,,,,,,0.0,,,,,0.013471802696585655,0.0
,mappo,,,,669.0,0.0,0.0,0.0,0.0,0.0,0.0,0.0,0.0,0.0,0.0,0.0,0.0,0.0,,,,,,,
-0.0014208439970389009,mappo,1.0325845067882256e-08,-0.18398717045783997,0.0007989329776592198,670.0,,,,,,,,,,,,,,0.0,,,,,0.013325484469532967,0.0
,mappo,,,,670.0,0.0,0.0,0.0,0.0,0.0,0.0,0.0,0.0,0.0,0.0,0.0,0.0,0.0,,,,,,,
-0.004280440509319305,mappo,9.296309499973177e-09,-0.20204271376132965,0.0007986328776258753,671.0,,,,,,,,,,,,,,0.0,,,,,0.01337569672614336,0.0
,mappo,,,,671.0,0.0,0.0,0.0,0.0,0.0,0.0,0.0,0.0,0.0,0.0,0.0,0.0,0.0,,,,,,,
-0.0032836811151355505,mappo,3.0096416470115628e-09,-0.24674613773822784,0.0007983327775925309,672.0,,,,,,,,,,,,,,0.0,,,,,0.013349386863410473,0.0
,mappo,,,,672.0,0.0,0.0,0.0,0.0,0.0,0.0,0.0,0.0,0.0,0.0,0.0,0.0,0.0,,,,,,,
0.0027659297920763493,mappo,2.910135021849669e-09,-0.2638004720211029,0.0007980326775591864,673.0,,,,,,,,,,,,,,0.0,,,,,0.013308760710060596,0.0
,mappo,,,,673.0,0.0,0.0,0.0,0.0,0.0,0.0,0.0,0.0,0.0,0.0,0.0,0.0,0.0,,,,,,,
-0.0045619988813996315,mappo,1.9083270519359985e-09,-0.2630546987056732,0.0007977325775258419,674.0,,,,,,,,,,,,,,0.0,,,,,0.013275198638439178,0.0
,mappo,,,,674.0,0.0,0.0,0.0,0.0,0.0,0.0,0.0,0.0,0.0,0.0,0.0,0.0,0.0,,,,,,,
-0.0015433464432135224,mappo,5.559984028735698e-09,-0.26860085129737854,0.0007974324774924975,675.0,,,,,,,,,,,,,,0.0,,,,,0.013306224718689919,0.0
,mappo,,,,675.0,0.0,0.0,0.0,0.0,0.0,0.0,0.0,0.0,0.0,0.0,0.0,0.0,0.0,,,,,,,
0.0027565928176045418,mappo,5.69731817279262e-09,-0.2835211455821991,0.000797132377459153,676.0,,,,,,,,,,,,,,0.0,,,,,0.01326474454253912,0.0
,mappo,,,,676.0,0.0,0.0,0.0,0.0,0.0,0.0,0.0,0.0,0.0,0.0,0.0,0.0,0.0,,,,,,,
-0.005514101125299931,mappo,4.96604268818146e-09,-0.27114996314048767,0.0007968322774258086,677.0,,,,,,,,,,,,,,0.0,,,,,0.013309136033058167,0.0
,mappo,,,,677.0,0.0,0.0,0.0,0.0,0.0,0.0,0.0,0.0,0.0,0.0,0.0,0.0,0.0,,,,,,,
0.0006380694103427231,mappo,6.987718403905774e-09,-0.30830544233322144,0.0007965321773924642,678.0,,,,,,,,,,,,,,0.0,,,,,0.013340672478079796,0.0
,mappo,,,,678.0,0.0,0.0,0.0,0.0,0.0,0.0,0.0,0.0,0.0,0.0,0.0,0.0,0.0,,,,,,,
0.0003525032661855221,mappo,4.1823171592625386e-09,-0.31679144501686096,0.0007962320773591198,679.0,,,,,,,,,,,,,,0.0,,,,,0.013323035091161728,0.0
,mappo,,,,679.0,0.0,0.0,0.0,0.0,0.0,0.0,0.0,0.0,0.0,0.0,0.0,0.0,0.0,,,,,,,
0.0006605936214327812,mappo,6.095022708763054e-09,-0.31496521830558777,0.0007959319773257753,680.0,,,,,,,,,,,,,,0.0,,,,,0.013362593948841095,0.0
,mappo,,,,680.0,0.0,0.0,0.0,0.0,0.0,0.0,0.0,0.0,0.0,0.0,0.0,0.0,0.0,,,,,,,
0.010725444182753563,mappo,2.045251523696834e-09,-0.3356528580188751,0.0007956318772924309,681.0,,,,,,,,,,,,,,0.0,,,,,0.0133194699883461,0.0
,mappo,,,,681.0,0.0,0.0,0.0,0.0,0.0,0.0,0.0,0.0,0.0,0.0,0.0,0.0,0.0,,,,,,,
-0.004761793650686741,mappo,1.9529831085662863e-09,-0.34033864736557007,0.0007953317772590863,682.0,,,,,,,,,,,,,,0.0,,,,,0.013274155557155609,0.0
,mappo,,,,682.0,0.0,0.0,0.0,0.0,0.0,0.0,0.0,0.0,0.0,0.0,0.0,0.0,0.0,,,,,,,
-0.008900769986212254,mappo,2.936711984702356e-09,-0.3586249351501465,0.0007950316772257419,683.0,,,,,,,,,,,,,,0.0,,,,,0.013271176256239414,0.0
,mappo,,,,683.0,0.0,0.0,0.0,0.0,0.0,0.0,0.0,0.0,0.0,0.0,0.0,0.0,0.0,,,,,,,
-0.0013458860339596868,mappo,3.147187843666188e-09,-0.3813360333442688,0.0007947315771923975,684.0,,,,,,,,,,,,,,0.0,,,,,0.013336909003555775,0.0
,mappo,,,,684.0,0.0,0.0,0.0,0.0,0.0,0.0,0.0,0.0,0.0,0.0,0.0,0.0,0.0,,,,,,,
3.1498027965426445e-05,mappo,6.238137117975384e-09,-0.3966739773750305,0.0007944314771590531,685.0,,,,,,,,,,,,,,0.0,,,,,0.01343618519604206,0.0
,mappo,,,,685.0,0.0,0.0,0.0,0.0,0.0,0.0,0.0,0.0,0.0,0.0,0.0,0.0,0.0,,,,,,,
3.7046847864985466e-06,mappo,4.300225509012989e-09,-0.39721208810806274,0.0007941313771257086,686.0,,,,,,,,,,,,,,0.0,,,,,0.013486115261912346,0.0
,mappo,,,,686.0,0.0,0.0,0.0,0.0,0.0,0.0,0.0,0.0,0.0,0.0,0.0,0.0,0.0,,,,,,,
0.006409564986824989,mappo,6.01414562595437e-09,-0.359613299369812,0.0007938312770923641,687.0,,,,,,,,,,,,,,0.0,,,,,0.013414469547569752,0.0
,mappo,,,,687.0,0.0,0.0,0.0,0.0,0.0,0.0,0.0,0.0,0.0,0.0,0.0,0.0,0.0,,,,,,,
-0.0013611327158287168,mappo,6.812647335152633e-09,-0.37336114048957825,0.0007935311770590197,688.0,,,,,,,,,,,,,,0.0,,,,,0.013546103611588478,0.0
,mappo,,,,688.0,0.0,0.0,0.0,0.0,0.0,0.0,0.0,0.0,0.0,0.0,0.0,0.0,0.0,,,,,,,
-0.007905122824013233,mappo,8.707745635661013e-09,-0.38874390721321106,0.0007932310770256753,689.0,,,,,,,,,,,,,,0.0,,,,,0.013515960425138474,0.0
,mappo,,,,689.0,0.0,0.0,0.0,0.0,0.0,0.0,0.0,0.0,0.0,0.0,0.0,0.0,0.0,,,,,,,
-0.004700762685388327,mappo,1.06749711292764e-08,-0.4029500186443329,0.0007929309769923309,690.0,,,,,,,,,,,,,,0.0,,,,,0.013415876775979996,0.0
,mappo,,,,690.0,0.0,0.0,0.0,0.0,0.0,0.0,0.0,0.0,0.0,0.0,0.0,0.0,0.0,,,,,,,
-0.005904999561607838,mappo,1.0862452270998801e-08,-0.41151827573776245,0.0007926308769589863,691.0,,,,,,,,,,,,,,0.0,,,,,0.013276473619043827,0.0
,mappo,,,,691.0,0.0,0.0,0.0,0.0,0.0,0.0,0.0,0.0,0.0,0.0,0.0,0.0,0.0,,,,,,,
-0.0027033912483602762,mappo,7.0625740811181e-09,-0.40506285429000854,0.0007923307769256419,692.0,,,,,,,,,,,,,,0.0,,,,,0.013437876477837563,0.0
,mappo,,,,692.0,0.0,0.0,0.0,0.0,0.0,0.0,0.0,0.0,0.0,0.0,0.0,0.0,0.0,,,,,,,
-0.003148103831335902,mappo,6.219268211538065e-09,-0.38590672612190247,0.0007920306768922974,693.0,,,,,,,,,,,,,,0.0,,,,,0.013377824798226357,0.0
,mappo,,,,693.0,0.0,0.0,0.0,0.0,0.0,0.0,0.0,0.0,0.0,0.0,0.0,0.0,0.0,,,,,,,
-0.00046714031486772,mappo,5.926040547166167e-09,-0.3889767825603485,0.000791730576858953,694.0,,,,,,,,,,,,,,0.0,,,,,0.013248903676867485,0.0
,mappo,,,,694.0,0.0,0.0,0.0,0.0,0.0,0.0,0.0,0.0,0.0,0.0,0.0,0.0,0.0,,,,,,,
-0.0006525716744363308,mappo,2.9134132883967823e-09,-0.3943192660808563,0.0007914304768256086,695.0,,,,,,,,,,,,,,0.0,,,,,0.013399818912148476,0.0
,mappo,,,,695.0,0.0,0.0,0.0,0.0,0.0,0.0,0.0,0.0,0.0,0.0,0.0,0.0,0.0,,,,,,,
-0.0009499221341684461,mappo,5.078558018567492e-09,-0.41716012358665466,0.0007911303767922642,696.0,,,,,,,,,,,,,,0.0,,,,,0.013373715803027153,0.0
,mappo,,,,696.0,0.0,0.0,0.0,0.0,0.0,0.0,0.0,0.0,0.0,0.0,0.0,0.0,0.0,,,,,,,
-0.0005620995070785284,mappo,2.8190549894446804e-09,-0.40637651085853577,0.0007908302767589197,697.0,,,,,,,,,,,,,,0.0,,,,,0.013266691006720066,0.0
,mappo,,,,697.0,0.0,0.0,0.0,0.0,0.0,0.0,0.0,0.0,0.0,0.0,0.0,0.0,0.0,,,,,,,
-0.0018794159404933453,mappo,4.953587762202005e-09,-0.41147124767303467,0.0007905301767255752,698.0,,,,,,,,,,,,,,0.0,,,,,0.013405971229076385,0.0
,mappo,,,,698.0,0.0,0.0,0.0,0.0,0.0,0.0,0.0,0.0,0.0,0.0,0.0,0.0,0.0,,,,,,,
0.001025912119075656,mappo,2.335930782138007e-09,-0.3914480209350586,0.0007902300766922307,699.0,,,,,,,,,,,,,,0.0,,,,,0.013298628851771355,0.0
,mappo,,,,699.0,0.0,0.0,0.0,0.0,0.0,0.0,0.0,0.0,0.0,0.0,0.0,0.0,0.0,,,,,,,
,mappo,,,,699.0,,,,,,,,,,,,,,,0.0,0.0,0.0,0.0,,
-0.0031090204138308764,mappo,3.629653022585444e-09,-0.401408851146698,0.0007899299766588863,700.0,,,,,,,,,,,,,,0.0,,,,,0.013305413536727428,0.0
,mappo,,,,700.0,0.0,0.0,0.0,0.0,0.0,0.0,0.0,0.0,0.0,0.0,0.0,0.0,0.0,,,,,,,
-0.005026540718972683,mappo,2.3148911676429407e-09,-0.4376494288444519,0.0007896298766255419,701.0,,,,,,,,,,,,,,0.0,,,,,0.013361508958041668,0.0
,mappo,,,,701.0,0.0,0.0,0.0,0.0,0.0,0.0,0.0,0.0,0.0,0.0,0.0,0.0,0.0,,,,,,,
-0.0017296869773417711,mappo,2.75386580206316e-09,-0.43978169560432434,0.0007893297765921974,702.0,,,,,,,,,,,,,,0.0,,,,,0.013392308726906776,0.0
,mappo,,,,702.0,0.0,0.0,0.0,0.0,0.0,0.0,0.0,0.0,0.0,0.0,0.0,0.0,0.0,,,,,,,
5.136814434081316e-05,mappo,2.965080625472183e-09,-0.46842408180236816,0.000789029676558853,703.0,,,,,,,,,,,,,,0.0,,,,,0.013389728963375092,0.0
,mappo,,,,703.0,0.0,0.0,0.0,0.0,0.0,0.0,0.0,0.0,0.0,0.0,0.0,0.0,0.0,,,,,,,
-0.0067646559327840805,mappo,4.729713509732392e-09,-0.4725743532180786,0.0007887295765255085,704.0,,,,,,,,,,,,,,0.0,,,,,0.01336901355534792,0.0
,mappo,,,,704.0,0.0,0.0,0.0,0.0,0.0,0.0,0.0,0.0,0.0,0.0,0.0,0.0,0.0,,,,,,,
-0.001123450230807066,mappo,4.532291875136707e-09,-0.5000600218772888,0.0007884294764921641,705.0,,,,,,,,,,,,,,0.0,,,,,0.013386182487010956,0.0
,mappo,,,,705.0,0.0,0.0,0.0,0.0,0.0,0.0,0.0,0.0,0.0,0.0,0.0,0.0,0.0,,,,,,,
-0.00042383463005535305,mappo,4.047161716869141e-09,-0.4975309669971466,0.0007881293764588197,706.0,,,,,,,,,,,,,,0.0,,,,,0.013390138745307922,0.0
,mappo,,,,706.0,0.0,0.0,0.0,0.0,0.0,0.0,0.0,0.0,0.0,0.0,0.0,0.0,0.0,,,,,,,
-0.0023381197825074196,mappo,3.1270224187807116e-09,-0.48794427514076233,0.0007878292764254752,707.0,,,,,,,,,,,,,,0.0,,,,,0.013337498530745506,0.0
,mappo,,,,707.0,0.0,0.0,0.0,0.0,0.0,0.0,0.0,0.0,0.0,0.0,0.0,0.0,0.0,,,,,,,
-0.005428667180240154,mappo,3.8090464116180556e-09,-0.4646943211555481,0.0007875291763921307,708.0,,,,,,,,,,,,,,0.0,,,,,0.013293268159031868,0.0
,mappo,,,,708.0,0.0,0.0,0.0,0.0,0.0,0.0,0.0,0.0,0.0,0.0,0.0,0.0,0.0,,,,,,,
0.0013256488600745797,mappo,3.3027003354391127e-09,-0.46781885623931885,0.0007872290763587863,709.0,,,,,,,,,,,,,,0.0,,,,,0.013226182200014591,0.0
,mappo,,,,709.0,0.0,0.0,0.0,0.0,0.0,0.0,0.0,0.0,0.0,0.0,0.0,0.0,0.0,,,,,,,
-0.0024378555826842785,mappo,2.126532505641876e-09,-0.4767305552959442,0.0007869289763254418,710.0,,,,,,,,,,,,,,0.0,,,,,0.013287300243973732,0.0
,mappo,,,,710.0,0.0,0.0,0.0,0.0,0.0,0.0,0.0,0.0,0.0,0.0,0.0,0.0,0.0,,,,,,,
-0.004803995601832867,mappo,7.350983710630032e-10,-0.4850016236305237,0.0007866288762920974,711.0,,,,,,,,,,,,,,0.0,,,,,0.013241180218756199,0.0
,mappo,,,,711.0,0.0,0.0,0.0,0.0,0.0,0.0,0.0,0.0,0.0,0.0,0.0,0.0,0.0,,,,,,,
-0.0028171425219625235,mappo,2.818688615846554e-09,-0.4959341287612915,0.000786328776258753,712.0,,,,,,,,,,,,,,0.0,,,,,0.013279972597956657,0.0
,mappo,,,,712.0,0.0,0.0,0.0,0.0,0.0,0.0,0.0,0.0,0.0,0.0,0.0,0.0,0.0,,,,,,,
-0.000297761318506673,mappo,1.9779768933858577e-09,-0.4951903820037842,0.0007860286762254085,713.0,,,,,,,,,,,,,,0.0,,,,,0.01324915885925293,0.0
,mappo,,,,713.0,0.0,0.0,0.0,0.0,0.0,0.0,0.0,0.0,0.0,0.0,0.0,0.0,0.0,,,,,,,
0.0006848933408036828,mappo,1.510667146931155e-09,-0.489633172750473,0.0007857285761920641,714.0,,,,,,,,,,,,,,0.0,,,,,0.013255370780825615,0.0
,mappo,,,,714.0,0.0,0.0,0.0,0.0,0.0,0.0,0.0,0.0,0.0,0.0,0.0,0.0,0.0,,,,,,,
-0.0016224703285843134,mappo,7.785885824951322e-10,-0.477232426404953,0.0007854284761587196,715.0,,,,,,,,,,,,,,0.0,,,,,0.01337658055126667,0.0
,mappo,,,,715.0,0.0,0.0,0.0,0.0,0.0,0.0,0.0,0.0,0.0,0.0,0.0,0.0,0.0,,,,,,,
-0.007577006239444017,mappo,2.833842327465419e-10,-0.4867594540119171,0.0007851283761253752,716.0,,,,,,,,,,,,,,0.0,,,,,0.013275224715471268,0.0
,mappo,,,,716.0,0.0,0.0,0.0,0.0,0.0,0.0,0.0,0.0,0.0,0.0,0.0,0.0,0.0,,,,,,,
0.0031424856279045343,mappo,4.288752686321118e-10,-0.49013805389404297,0.0007848282760920307,717.0,,,,,,,,,,,,,,0.0,,,,,0.013307913206517696,0.0
,mappo,,,,717.0,0.0,0.0,0.0,0.0,0.0,0.0,0.0,0.0,0.0,0.0,0.0,0.0,0.0,,,,,,,
0.0018373450729995966,mappo,7.812537283768961e-10,-0.48580455780029297,0.0007845281760586862,718.0,,,,,,,,,,,,,,0.0,,,,,0.013248102739453316,0.0
,mappo,,,,718.0,0.0,0.0,0.0,0.0,0.0,0.0,0.0,0.0,0.0,0.0,0.0,0.0,0.0,,,,,,,
0.0016025269869714975,mappo,9.233275255482454e-10,-0.485323041677475,0.0007842280760253418,719.0,,,,,,,,,,,,,,0.0,,,,,0.01325191929936409,0.0
,mappo,,,,719.0,0.0,0.0,0.0,0.0,0.0,0.0,0.0,0.0,0.0,0.0,0.0,0.0,0.0,,,,,,,
0.0031926168594509363,mappo,5.098907962519661e-10,-0.4848131239414215,0.0007839279759919973,720.0,,,,,,,,,,,,,,0.0,,,,,0.013254793360829353,0.0
,mappo,,,,720.0,0.0,0.0,0.0,0.0,0.0,0.0,0.0,0.0,0.0,0.0,0.0,0.0,0.0,,,,,,,
-0.0029653050005435944,mappo,3.708119922229969e-10,-0.48555710911750793,0.0007836278759586529,721.0,,,,,,,,,,,,,,0.0,,,,,0.013286413624882698,0.0
,mappo,,,,721.0,0.0,0.0,0.0,0.0,0.0,0.0,0.0,0.0,0.0,0.0,0.0,0.0,0.0,,,,,,,
-0.0008081347914412618,mappo,9.249701560243295e-10,-0.4978855848312378,0.0007833277759253085,722.0,,,,,,,,,,,,,,0.0,,,,,0.013409214094281197,0.0
,mappo,,,,722.0,0.0,0.0,0.0,0.0,0.0,0.0,0.0,0.0,0.0,0.0,0.0,0.0,0.0,,,,,,,
-0.005532999988645315,mappo,1.7083641168369468e-09,-0.46550852060317993,0.000783027675891964,723.0,,,,,,,,,,,,,,0.0,,,,,0.013294130563735962,0.0
,mappo,,,,723.0,0.0,0.0,0.0,0.0,0.0,0.0,0.0,0.0,0.0,0.0,0.0,0.0,0.0,,,,,,,
0.010059377178549767,mappo,1.244399805422347e-09,-0.49012720584869385,0.0007827275758586196,724.0,,,,,,,,,,,,,,0.0,,,,,0.013268839567899704,0.0
,mappo,,,,724.0,0.0,0.0,0.0,0.0,0.0,0.0,0.0,0.0,0.0,0.0,0.0,0.0,0.0,,,,,,,
-0.009363308548927307,mappo,7.022083470253904e-10,-0.4933893382549286,0.0007824274758252752,725.0,,,,,,,,,,,,,,0.0,,,,,0.013304655440151691,0.0
,mappo,,,,725.0,0.0,0.0,0.0,0.0,0.0,0.0,0.0,0.0,0.0,0.0,0.0,0.0,0.0,,,,,,,
-0.0051057059317827225,mappo,6.621601045253556e-10,-0.4670853316783905,0.0007821273757919306,726.0,,,,,,,,,,,,,,0.0,,,,,0.013431213796138763,0.0
,mappo,,,,726.0,0.0,0.0,0.0,0.0,0.0,0.0,0.0,0.0,0.0,0.0,0.0,0.0,0.0,,,,,,,
-0.0011207816423848271,mappo,5.897966004475563e-10,-0.4484401047229767,0.0007818272757585862,727.0,,,,,,,,,,,,,,0.0,,,,,0.01328173466026783,0.0
,mappo,,,,727.0,0.0,0.0,0.0,0.0,0.0,0.0,0.0,0.0,0.0,0.0,0.0,0.0,0.0,,,,,,,
0.00545213557779789,mappo,9.887286545051666e-10,-0.4167812466621399,0.0007815271757252418,728.0,,,,,,,,,,,,,,0.0,,,,,0.013242889195680618,0.0
,mappo,,,,728.0,0.0,0.0,0.0,0.0,0.0,0.0,0.0,0.0,0.0,0.0,0.0,0.0,0.0,,,,,,,
0.002843484515324235,mappo,3.129245751409826e-10,-0.4496506154537201,0.0007812270756918973,729.0,,,,,,,,,,,,,,0.0,,,,,0.013271110132336617,0.0
,mappo,,,,729.0,0.0,0.0,0.0,0.0,0.0,0.0,0.0,0.0,0.0,0.0,0.0,0.0,0.0,,,,,,,
0.0003411746583878994,mappo,4.1884840040751214e-10,-0.48618844151496887,0.0007809269756585529,730.0,,,,,,,,,,,,,,0.0,,,,,0.013374727219343185,0.0
,mappo,,,,730.0,0.0,0.0,0.0,0.0,0.0,0.0,0.0,0.0,0.0,0.0,0.0,0.0,0.0,,,,,,,
0.0008196550188586116,mappo,3.6136049708090923e-10,-0.48398250341415405,0.0007806268756252084,731.0,,,,,,,,,,,,,,0.0,,,,,0.01332277525216341,0.0
,mappo,,,,731.0,0.0,0.0,0.0,0.0,0.0,0.0,0.0,0.0,0.0,0.0,0.0,0.0,0.0,,,,,,,
-0.0032583377324044704,mappo,2.380874941643185e-10,-0.504396915435791,0.000780326775591864,732.0,,,,,,,,,,,,,,0.0,,,,,0.013268370181322098,0.0
,mappo,,,,732.0,0.0,0.0,0.0,0.0,0.0,0.0,0.0,0.0,0.0,0.0,0.0,0.0,0.0,,,,,,,
-0.003119295695796609,mappo,6.089562187838737e-10,-0.4909234642982483,0.0007800266755585196,733.0,,,,,,,,,,,,,,0.0,,,,,0.013287149369716644,0.0
,mappo,,,,733.0,0.0,0.0,0.0,0.0,0.0,0.0,0.0,0.0,0.0,0.0,0.0,0.0,0.0,,,,,,,
-0.0018614048603922129,mappo,7.807295920869706e-10,-0.510250449180603,0.000779726575525175,734.0,,,,,,,,,,,,,,0.0,,,,,0.013269702903926373,0.0
,mappo,,,,734.0,0.0,0.0,0.0,0.0,0.0,0.0,0.0,0.0,0.0,0.0,0.0,0.0,0.0,,,,,,,
0.005168878007680178,mappo,2.5000648218309607e-09,-0.5439127087593079,0.0007794264754918306,735.0,,,,,,,,,,,,,,0.0,,,,,0.013268162496387959,0.0
,mappo,,,,735.0,0.0,0.0,0.0,0.0,0.0,0.0,0.0,0.0,0.0,0.0,0.0,0.0,0.0,,,,,,,
-0.0032986572477966547,mappo,2.4364297246393107e-09,-0.5843220353126526,0.0007791263754584861,736.0,,,,,,,,,,,,,,0.0,,,,,0.013318318873643875,0.0
,mappo,,,,736.0,0.0,0.0,0.0,0.0,0.0,0.0,0.0,0.0,0.0,0.0,0.0,0.0,0.0,,,,,,,
0.00242787366732955,mappo,5.537131642086024e-09,-0.6259979605674744,0.0007788262754251417,737.0,,,,,,,,,,,,,,0.0,,,,,0.013228589668869972,0.0
,mappo,,,,737.0,0.0,0.0,0.0,0.0,0.0,0.0,0.0,0.0,0.0,0.0,0.0,0.0,0.0,,,,,,,
-0.0018648442346602678,mappo,4.206859305355692e-09,-0.6673197150230408,0.0007785261753917973,738.0,,,,,,,,,,,,,,0.0,,,,,0.013206850737333298,0.0
,mappo,,,,738.0,0.0,0.0,0.0,0.0,0.0,0.0,0.0,0.0,0.0,0.0,0.0,0.0,0.0,,,,,,,
0.0033645262010395527,mappo,5.711758621629315e-09,-0.6889397501945496,0.0007782260753584529,739.0,,,,,,,,,,,,,,0.0,,,,,0.013195622712373734,0.0
,mappo,,,,739.0,0.0,0.0,0.0,0.0,0.0,0.0,0.0,0.0,0.0,0.0,0.0,0.0,0.0,,,,,,,
-0.00520224217325449,mappo,8.050651700841627e-09,-0.7335524559020996,0.0007779259753251084,740.0,,,,,,,,,,,,,,0.0,,,,,0.013261089101433754,0.0
,mappo,,,,740.0,0.0,0.0,0.0,0.0,0.0,0.0,0.0,0.0,0.0,0.0,0.0,0.0,0.0,,,,,,,
-0.0007514347089454532,mappo,7.595343021193912e-09,-0.7459809184074402,0.000777625875291764,741.0,,,,,,,,,,,,,,0.0,,,,,0.01316558662801981,0.0
,mappo,,,,741.0,0.0,0.0,0.0,0.0,0.0,0.0,0.0,0.0,0.0,0.0,0.0,0.0,0.0,,,,,,,
-0.004759660456329584,mappo,7.067657126214044e-09,-0.7735949158668518,0.0007773257752584195,742.0,,,,,,,,,,,,,,0.0,,,,,0.013170544058084488,0.0
,mappo,,,,742.0,0.0,0.0,0.0,0.0,0.0,0.0,0.0,0.0,0.0,0.0,0.0,0.0,0.0,,,,,,,
0.0019813301041722298,mappo,1.2683692318660178e-08,-0.7810035347938538,0.000777025675225075,743.0,,,,,,,,,,,,,,0.0,,,,,0.013133525848388672,0.0
,mappo,,,,743.0,0.0,0.0,0.0,0.0,0.0,0.0,0.0,0.0,0.0,0.0,0.0,0.0,0.0,,,,,,,
0.0005433676997199655,mappo,9.302880243922118e-09,-0.7996298670768738,0.0007767255751917306,744.0,,,,,,,,,,,,,,0.0,,,,,0.01323725562542677,0.0
,mappo,,,,744.0,0.0,0.0,0.0,0.0,0.0,0.0,0.0,0.0,0.0,0.0,0.0,0.0,0.0,,,,,,,
0.009809526614844799,mappo,1.3905625984023118e-08,-0.8226125836372375,0.0007764254751583861,745.0,,,,,,,,,,,,,,0.0,,,,,0.013207989744842052,0.0
,mappo,,,,745.0,0.0,0.0,0.0,0.0,0.0,0.0,0.0,0.0,0.0,0.0,0.0,0.0,0.0,,,,,,,
-0.0003932024701498449,mappo,1.8165900783628786e-08,-0.8203988671302795,0.0007761253751250417,746.0,,,,,,,,,,,,,,0.0,,,,,0.01324206031858921,0.0
,mappo,,,,746.0,0.0,0.0,0.0,0.0,0.0,0.0,0.0,0.0,0.0,0.0,0.0,0.0,0.0,,,,,,,
0.00013494084123522043,mappo,1.953967654344524e-08,-0.8299099802970886,0.0007758252750916972,747.0,,,,,,,,,,,,,,0.0,,,,,0.013260375708341599,0.0
,mappo,,,,747.0,0.0,0.0,0.0,0.0,0.0,0.0,0.0,0.0,0.0,0.0,0.0,0.0,0.0,,,,,,,
0.0016616815701127052,mappo,2.177123548108284e-08,-0.8291339874267578,0.0007755251750583528,748.0,,,,,,,,,,,,,,0.0,,,,,0.013173057697713375,0.0
,mappo,,,,748.0,0.0,0.0,0.0,0.0,0.0,0.0,0.0,0.0,0.0,0.0,0.0,0.0,0.0,,,,,,,
-0.0012464381288737059,mappo,2.2942083788279888e-08,-0.8211005926132202,0.0007752250750250084,749.0,,,,,,,,,,,,,,0.0,,,,,0.013258054852485657,0.0
,mappo,,,,749.0,0.0,0.0,0.0,0.0,0.0,0.0,0.0,0.0,0.0,0.0,0.0,0.0,0.0,,,,,,,
0.0039429678581655025,mappo,2.4750637095394268e-08,-0.842204213142395,0.000774924974991664,750.0,,,,,,,,,,,,,,0.0,,,,,0.013342594727873802,0.0
,mappo,,,,750.0,0.0,0.0,0.0,0.0,0.0,0.0,0.0,0.0,0.0,0.0,0.0,0.0,0.0,,,,,,,
0.0014620032161474228,mappo,2.207624838490574e-08,-0.8397800922393799,0.0007746248749583195,751.0,,,,,,,,,,,,,,0.0,,,,,0.013218555599451065,0.0
,mappo,,,,751.0,0.0,0.0,0.0,0.0,0.0,0.0,0.0,0.0,0.0,0.0,0.0,0.0,0.0,,,,,,,
0.007955939508974552,mappo,3.218314148512036e-08,-0.8299067616462708,0.0007743247749249751,752.0,,,,,,,,,,,,,,0.0,,,,,0.013247165828943253,0.0
,mappo,,,,752.0,0.0,0.0,0.0,0.0,0.0,0.0,0.0,0.0,0.0,0.0,0.0,0.0,0.0,,,,,,,
-0.003322961274534464,mappo,2.8658451611818236e-08,-0.8473247289657593,0.0007740246748916305,753.0,,,,,,,,,,,,,,0.0,,,,,0.013219124637544155,0.0
,mappo,,,,753.0,0.0,0.0,0.0,0.0,0.0,0.0,0.0,0.0,0.0,0.0,0.0,0.0,0.0,,,,,,,
-0.0010730060748755932,mappo,2.37324453422616e-08,-0.853063702583313,0.0007737245748582861,754.0,,,,,,,,,,,,,,0.0,,,,,0.01320178247988224,0.0
,mappo,,,,754.0,0.0,0.0,0.0,0.0,0.0,0.0,0.0,0.0,0.0,0.0,0.0,0.0,0.0,,,,,,,
0.003363167867064476,mappo,2.186696512751496e-08,-0.854313850402832,0.0007734244748249417,755.0,,,,,,,,,,,,,,0.0,,,,,0.013342853635549545,0.0
,mappo,,,,755.0,0.0,0.0,0.0,0.0,0.0,0.0,0.0,0.0,0.0,0.0,0.0,0.0,0.0,,,,,,,
-0.0006356131634674966,mappo,2.3559046269383543e-08,-0.8641777634620667,0.0007731243747915972,756.0,,,,,,,,,,,,,,0.0,,,,,0.013332507573068142,0.0
,mappo,,,,756.0,0.0,0.0,0.0,0.0,0.0,0.0,0.0,0.0,0.0,0.0,0.0,0.0,0.0,,,,,,,
-0.002494419226422906,mappo,2.2285185252712836e-08,-0.8352597951889038,0.0007728242747582528,757.0,,,,,,,,,,,,,,0.0,,,,,0.013169714249670506,0.0
,mappo,,,,757.0,0.0,0.0,0.0,0.0,0.0,0.0,0.0,0.0,0.0,0.0,0.0,0.0,0.0,,,,,,,
0.01418710220605135,mappo,1.4447730123379188e-08,-0.8684643507003784,0.0007725241747249083,758.0,,,,,,,,,,,,,,0.0,,,,,0.013287276029586792,0.0
,mappo,,,,758.0,0.0,0.0,0.0,0.0,0.0,0.0,0.0,0.0,0.0,0.0,0.0,0.0,0.0,,,,,,,
-0.007055155001580715,mappo,1.448744324505924e-08,-0.8566672801971436,0.0007722240746915639,759.0,,,,,,,,,,,,,,0.0,,,,,0.013247599825263023,0.0
,mappo,,,,759.0,0.0,0.0,0.0,0.0,0.0,0.0,0.0,0.0,0.0,0.0,0.0,0.0,0.0,,,,,,,
-0.0030890917405486107,mappo,9.367654207892429e-09,-0.8511877059936523,0.0007719239746582195,760.0,,,,,,,,,,,,,,0.0,,,,,0.0132815632969141,0.0
,mappo,,,,760.0,0.0,0.0,0.0,0.0,0.0,0.0,0.0,0.0,0.0,0.0,0.0,0.0,0.0,,,,,,,
0.006034899037331343,mappo,7.201509166776532e-09,-0.858181893825531,0.000771623874624875,761.0,,,,,,,,,,,,,,0.0,,,,,0.013108285143971443,0.0
,mappo,,,,761.0,0.0,0.0,0.0,0.0,0.0,0.0,0.0,0.0,0.0,0.0,0.0,0.0,0.0,,,,,,,
-0.001787007786333561,mappo,5.235759825694686e-09,-0.8642851710319519,0.0007713237745915305,762.0,,,,,,,,,,,,,,0.0,,,,,0.013256564736366272,0.0
,mappo,,,,762.0,0.0,0.0,0.0,0.0,0.0,0.0,0.0,0.0,0.0,0.0,0.0,0.0,0.0,,,,,,,
-0.002206989098340273,mappo,2.244428198849846e-09,-0.8584756255149841,0.0007710236745581861,763.0,,,,,,,,,,,,,,0.0,,,,,0.013274265453219414,0.0
,mappo,,,,763.0,0.0,0.0,0.0,0.0,0.0,0.0,0.0,0.0,0.0,0.0,0.0,0.0,0.0,,,,,,,
-0.007491269148886204,mappo,8.623208258562443e-10,-0.8469375967979431,0.0007707235745248416,764.0,,,,,,,,,,,,,,0.0,,,,,0.013285860419273376,0.0
,mappo,,,,764.0,0.0,0.0,0.0,0.0,0.0,0.0,0.0,0.0,0.0,0.0,0.0,0.0,0.0,,,,,,,
0.00030413115746341646,mappo,4.928735197751166e-09,-0.8524850010871887,0.0007704234744914972,765.0,,,,,,,,,,,,,,0.0,,,,,0.013282150961458683,0.0
,mappo,,,,765.0,0.0,0.0,0.0,0.0,0.0,0.0,0.0,0.0,0.0,0.0,0.0,0.0,0.0,,,,,,,
0.0021482789888978004,mappo,1.0674773065488807e-08,-0.853513777256012,0.0007701233744581528,766.0,,,,,,,,,,,,,,0.0,,,,,0.013276946730911732,0.0
,mappo,,,,766.0,0.0,0.0,0.0,0.0,0.0,0.0,0.0,0.0,0.0,0.0,0.0,0.0,0.0,,,,,,,
0.005931554362177849,mappo,1.770390234412389e-08,-0.8703038692474365,0.0007698232744248083,767.0,,,,,,,,,,,,,,0.0,,,,,0.01317770779132843,0.0
,mappo,,,,767.0,0.0,0.0,0.0,0.0,0.0,0.0,0.0,0.0,0.0,0.0,0.0,0.0,0.0,,,,,,,
-0.0020411545410752296,mappo,3.197906295326902e-08,-0.8858691453933716,0.0007695231743914639,768.0,,,,,,,,,,,,,,0.0,,,,,0.01324074063450098,0.0
,mappo,,,,768.0,0.0,0.0,0.0,0.0,0.0,0.0,0.0,0.0,0.0,0.0,0.0,0.0,0.0,,,,,,,
-0.002852856647223234,mappo,4.6070354642324673e-08,-0.9104589819908142,0.0007692230743581194,769.0,,,,,,,,,,,,,,0.0,,,,,0.013277813792228699,0.0
,mappo,,,,769.0,0.0,0.0,0.0,0.0,0.0,0.0,0.0,0.0,0.0,0.0,0.0,0.0,0.0,,,,,,,
-0.0024377014487981796,mappo,6.658760298705602e-08,-0.9109842777252197,0.000768922974324775,770.0,,,,,,,,,,,,,,0.0,,,,,0.013222623616456985,0.0
,mappo,,,,770.0,0.0,0.0,0.0,0.0,0.0,0.0,0.0,0.0,0.0,0.0,0.0,0.0,0.0,,,,,,,
0.013958513736724854,mappo,8.132705886509939e-08,-0.9474692940711975,0.0007686228742914305,771.0,,,,,,,,,,,,,,0.0,,,,,0.013245219364762306,0.0
,mappo,,,,771.0,0.0,0.0,0.0,0.0,0.0,0.0,0.0,0.0,0.0,0.0,0.0,0.0,0.0,,,,,,,
-0.004757928196340799,mappo,1.0084340829052962e-07,-0.9490498900413513,0.000768322774258086,772.0,,,,,,,,,,,,,,0.0,,,,,0.013228515163064003,0.0
,mappo,,,,772.0,0.0,0.0,0.0,0.0,0.0,0.0,0.0,0.0,0.0,0.0,0.0,0.0,0.0,,,,,,,
-0.004175886977463961,mappo,1.2054343301315384e-07,-0.9614670872688293,0.0007680226742247416,773.0,,,,,,,,,,,,,,0.0,,,,,0.013230731710791588,0.0
,mappo,,,,773.0,0.0,0.0,0.0,0.0,0.0,0.0,0.0,0.0,0.0,0.0,0.0,0.0,0.0,,,,,,,
0.0007524813991039991,mappo,1.3435466428290965e-07,-0.958682119846344,0.0007677225741913971,774.0,,,,,,,,,,,,,,0.0,,,,,0.013226564973592758,0.0
,mappo,,,,774.0,0.0,0.0,0.0,0.0,0.0,0.0,0.0,0.0,0.0,0.0,0.0,0.0,0.0,,,,,,,
-0.0018473485251888633,mappo,1.4833983641437953e-07,-0.9546955227851868,0.0007674224741580527,775.0,,,,,,,,,,,,,,0.0,,,,,0.01327070128172636,0.0
,mappo,,,,775.0,0.0,0.0,0.0,0.0,0.0,0.0,0.0,0.0,0.0,0.0,0.0,0.0,0.0,,,,,,,
-0.0005461503751575947,mappo,1.4423308414279745e-07,-0.9573758840560913,0.0007671223741247083,776.0,,,,,,,,,,,,,,0.0,,,,,0.013231274671852589,0.0
,mappo,,,,776.0,0.0,0.0,0.0,0.0,0.0,0.0,0.0,0.0,0.0,0.0,0.0,0.0,0.0,,,,,,,
0.0006308610900305212,mappo,1.4252886160193157e-07,-0.9705885052680969,0.0007668222740913639,777.0,,,,,,,,,,,,,,0.0,,,,,0.013282468542456627,0.0
,mappo,,,,777.0,0.0,0.0,0.0,0.0,0.0,0.0,0.0,0.0,0.0,0.0,0.0,0.0,0.0,,,,,,,
-0.0019447236554697156,mappo,1.3606839388558e-07,-0.9622763991355896,0.0007665221740580194,778.0,,,,,,,,,,,,,,0.0,,,,,0.013307438232004642,0.0
,mappo,,,,778.0,0.0,0.0,0.0,0.0,0.0,0.0,0.0,0.0,0.0,0.0,0.0,0.0,0.0,,,,,,,
-0.0026052030734717846,mappo,1.1851052761358005e-07,-0.9770709276199341,0.000766222074024675,779.0,,,,,,,,,,,,,,0.0,,,,,0.0133323073387146,0.0
,mappo,,,,779.0,0.0,0.0,0.0,0.0,0.0,0.0,0.0,0.0,0.0,0.0,0.0,0.0,0.0,,,,,,,
0.00013574428157880902,mappo,1.0173253883749567e-07,-1.000598669052124,0.0007659219739913304,780.0,,,,,,,,,,,,,,0.0,,,,,0.013321604579687119,0.0
,mappo,,,,780.0,0.0,0.0,0.0,0.0,0.0,0.0,0.0,0.0,0.0,0.0,0.0,0.0,0.0,,,,,,,
0.0025621801614761353,mappo,8.931494477337765e-08,-1.0101531744003296,0.000765621873957986,781.0,,,,,,,,,,,,,,0.0,,,,,0.013322588056325912,0.0
,mappo,,,,781.0,0.0,0.0,0.0,0.0,0.0,0.0,0.0,0.0,0.0,0.0,0.0,0.0,0.0,,,,,,,
0.0019524707458913326,mappo,3.568989370705822e-08,-0.9864205121994019,0.0007653217739246416,782.0,,,,,,,,,,,,,,0.0,,,,,0.013295582495629787,0.0
,mappo,,,,782.0,0.0,0.0,0.0,0.0,0.0,0.0,0.0,0.0,0.0,0.0,0.0,0.0,0.0,,,,,,,
-0.0002716356539167464,mappo,3.7925516949144367e-08,-0.983554482460022,0.0007650216738912971,783.0,,,,,,,,,,,,,,0.0,,,,,0.013306666165590286,0.0
,mappo,,,,783.0,0.0,0.0,0.0,0.0,0.0,0.0,0.0,0.0,0.0,0.0,0.0,0.0,0.0,,,,,,,
0.0017273573903366923,mappo,2.8882910285688013e-08,-0.9831510186195374,0.0007647215738579527,784.0,,,,,,,,,,,,,,0.0,,,,,0.013261387124657631,0.0
,mappo,,,,784.0,0.0,0.0,0.0,0.0,0.0,0.0,0.0,0.0,0.0,0.0,0.0,0.0,0.0,,,,,,,
0.0008026656578294933,mappo,1.472776478550486e-08,-0.960260808467865,0.0007644214738246082,785.0,,,,,,,,,,,,,,0.0,,,,,0.013271596282720566,0.0
,mappo,,,,785.0,0.0,0.0,0.0,0.0,0.0,0.0,0.0,0.0,0.0,0.0,0.0,0.0,0.0,,,,,,,
0.0022871915716677904,mappo,1.2363419621408411e-08,-0.9508530497550964,0.0007641213737912638,786.0,,,,,,,,,,,,,,0.0,,,,,0.013265416026115417,0.0
,mappo,,,,786.0,0.0,0.0,0.0,0.0,0.0,0.0,0.0,0.0,0.0,0.0,0.0,0.0,0.0,,,,,,,
-0.0009403110598213971,mappo,1.097423396601016e-08,-0.9276973605155945,0.0007638212737579194,787.0,,,,,,,,,,,,,,0.0,,,,,0.01322147436439991,0.0
,mappo,,,,787.0,0.0,0.0,0.0,0.0,0.0,0.0,0.0,0.0,0.0,0.0,0.0,0.0,0.0,,,,,,,
0.009264722466468811,mappo,8.206291646217778e-09,-0.928266167640686,0.000763521173724575,788.0,,,,,,,,,,,,,,0.0,,,,,0.013258066028356552,0.0
,mappo,,,,788.0,0.0,0.0,0.0,0.0,0.0,0.0,0.0,0.0,0.0,0.0,0.0,0.0,0.0,,,,,,,
0.016311338171362877,mappo,3.913652069087448e-09,-0.9076201319694519,0.0007632210736912304,789.0,,,,,,,,,,,,,,0.0,,,,,0.013247528113424778,0.0
,mappo,,,,789.0,0.0,0.0,0.0,0.0,0.0,0.0,0.0,0.0,0.0,0.0,0.0,0.0,0.0,,,,,,,
0.0019182958640158176,mappo,4.785888574332375e-09,-0.9288367629051208,0.000762920973657886,790.0,,,,,,,,,,,,,,0.0,,,,,0.013280659914016724,0.0
,mappo,,,,790.0,0.0,0.0,0.0,0.0,0.0,0.0,0.0,0.0,0.0,0.0,0.0,0.0,0.0,,,,,,,
-0.005911586340516806,mappo,5.05880803913783e-09,-0.9077610373497009,0.0007626208736245415,791.0,,,,,,,,,,,,,,0.0,,,,,0.013434713706374168,0.0
,mappo,,,,791.0,0.0,0.0,0.0,0.0,0.0,0.0,0.0,0.0,0.0,0.0,0.0,0.0,0.0,,,,,,,
0.0022966652177274227,mappo,3.0694895514216114e-09,-0.9239822626113892,0.0007623207735911971,792.0,,,,,,,,,,,,,,0.0,,,,,0.013303618878126144,0.0
,mappo,,,,792.0,0.0,0.0,0.0,0.0,0.0,0.0,0.0,0.0,0.0,0.0,0.0,0.0,0.0,,,,,,,
-0.0016353772953152657,mappo,4.373623685438588e-09,-0.9084285497665405,0.0007620206735578527,793.0,,,,,,,,,,,,,,0.0,,,,,0.013260530307888985,0.0
,mappo,,,,793.0,0.0,0.0,0.0,0.0,0.0,0.0,0.0,0.0,0.0,0.0,0.0,0.0,0.0,,,,,,,
0.000545790302567184,mappo,7.67294894288284e-10,-0.9155023097991943,0.0007617205735245082,794.0,,,,,,,,,,,,,,0.0,,,,,0.01329253613948822,0.0
,mappo,,,,794.0,0.0,0.0,0.0,0.0,0.0,0.0,0.0,0.0,0.0,0.0,0.0,0.0,0.0,,,,,,,
0.012464870698750019,mappo,4.827599431322938e-10,-0.8837413787841797,0.0007614204734911638,795.0,,,,,,,,,,,,,,0.0,,,,,0.013227006420493126,0.0
,mappo,,,,795.0,0.0,0.0,0.0,0.0,0.0,0.0,0.0,0.0,0.0,0.0,0.0,0.0,0.0,,,,,,,
-0.0014385428512468934,mappo,2.2512625097448336e-10,-0.9032393097877502,0.0007611203734578193,796.0,,,,,,,,,,,,,,0.0,,,,,0.013302255421876907,0.0
,mappo,,,,796.0,0.0,0.0,0.0,0.0,0.0,0.0,0.0,0.0,0.0,0.0,0.0,0.0,0.0,,,,,,,
-0.010590864345431328,mappo,6.771911920111506e-10,-0.9133642315864563,0.0007608202734244748,797.0,,,,,,,,,,,,,,0.0,,,,,0.013301546685397625,0.0
,mappo,,,,797.0,0.0,0.0,0.0,0.0,0.0,0.0,0.0,0.0,0.0,0.0,0.0,0.0,0.0,,,,,,,
-0.0010267389006912708,mappo,3.5044782631388216e-09,-0.9372194409370422,0.0007605201733911304,798.0,,,,,,,,,,,,,,0.0,,,,,0.01323967706412077,0.0
,mappo,,,,798.0,0.0,0.0,0.0,0.0,0.0,0.0,0.0,0.0,0.0,0.0,0.0,0.0,0.0,,,,,,,
-0.0021778494119644165,mappo,9.180958215893043e-09,-0.9234690070152283,0.000760220073357786,799.0,,,,,,,,,,,,,,0.0,,,,,0.01323026604950428,0.0
,mappo,,,,799.0,0.0,0.0,0.0,0.0,0.0,0.0,0.0,0.0,0.0,0.0,0.0,0.0,0.0,,,,,,,
,mappo,,,,799.0,,,,,,,,,,,,,,,0.0,0.0,0.0,0.0,,
-0.0022014020942151546,mappo,5.757412324669531e-09,-0.9526736736297607,0.0007599199733244415,800.0,,,,,,,,,,,,,,0.0,,,,,0.013236630707979202,0.0
,mappo,,,,800.0,0.0,0.0,0.0,0.0,0.0,0.0,0.0,0.0,0.0,0.0,0.0,0.0,0.0,,,,,,,
-2.5347282644361258e-05,mappo,1.3746950244808431e-08,-0.9511507153511047,0.0007596198732910971,801.0,,,,,,,,,,,,,,0.0,,,,,0.013276753947138786,0.0
,mappo,,,,801.0,0.0,0.0,0.0,0.0,0.0,0.0,0.0,0.0,0.0,0.0,0.0,0.0,0.0,,,,,,,
0.009034809656441212,mappo,2.966892687084055e-08,-0.9295371770858765,0.0007593197732577526,802.0,,,,,,,,,,,,,,0.0,,,,,0.013241666369140148,0.0
,mappo,,,,802.0,0.0,0.0,0.0,0.0,0.0,0.0,0.0,0.0,0.0,0.0,0.0,0.0,0.0,,,,,,,
-0.006227841600775719,mappo,3.32885576881381e-08,-0.9505019187927246,0.0007590196732244082,803.0,,,,,,,,,,,,,,0.0,,,,,0.013303451240062714,0.0
,mappo,,,,803.0,0.0,0.0,0.0,0.0,0.0,0.0,0.0,0.0,0.0,0.0,0.0,0.0,0.0,,,,,,,
0.0036537337582558393,mappo,5.617796716705925e-08,-0.9415441155433655,0.0007587195731910637,804.0,,,,,,,,,,,,,,0.0,,,,,0.013274772092700005,0.0
,mappo,,,,804.0,0.0,0.0,0.0,0.0,0.0,0.0,0.0,0.0,0.0,0.0,0.0,0.0,0.0,,,,,,,
-0.003539003897458315,mappo,6.167330468542787e-08,-0.9506639838218689,0.0007584194731577193,805.0,,,,,,,,,,,,,,0.0,,,,,0.01334460824728012,0.0
,mappo,,,,805.0,0.0,0.0,0.0,0.0,0.0,0.0,0.0,0.0,0.0,0.0,0.0,0.0,0.0,,,,,,,
-0.0017935419455170631,mappo,6.379286787705496e-08,-0.9563565850257874,0.0007581193731243747,806.0,,,,,,,,,,,,,,0.0,,,,,0.013280610553920269,0.0
,mappo,,,,806.0,0.0,0.0,0.0,0.0,0.0,0.0,0.0,0.0,0.0,0.0,0.0,0.0,0.0,,,,,,,
-0.004124065861105919,mappo,6.780668826422698e-08,-0.9901140332221985,0.0007578192730910303,807.0,,,,,,,,,,,,,,0.0,,,,,0.013328474014997482,0.0
,mappo,,,,807.0,0.0,0.0,0.0,0.0,0.0,0.0,0.0,0.0,0.0,0.0,0.0,0.0,0.0,,,,,,,
-0.0015258003259077668,mappo,7.03026259429862e-08,-0.9925021529197693,0.0007575191730576859,808.0,,,,,,,,,,,,,,0.0,,,,,0.01327831856906414,0.0
,mappo,,,,808.0,0.0,0.0,0.0,0.0,0.0,0.0,0.0,0.0,0.0,0.0,0.0,0.0,0.0,,,,,,,
-0.0037715104408562183,mappo,7.997454076758004e-08,-0.9783014059066772,0.0007572190730243415,809.0,,,,,,,,,,,,,,0.0,,,,,0.013334101065993309,0.0
,mappo,,,,809.0,0.0,0.0,0.0,0.0,0.0,0.0,0.0,0.0,0.0,0.0,0.0,0.0,0.0,,,,,,,
-0.00013250159099698067,mappo,8.748733648644702e-08,-1.0167319774627686,0.0007569189729909971,810.0,,,,,,,,,,,,,,0.0,,,,,0.01328650489449501,0.0
,mappo,,,,810.0,0.0,0.0,0.0,0.0,0.0,0.0,0.0,0.0,0.0,0.0,0.0,0.0,0.0,,,,,,,
0.008698130026459694,mappo,8.604534684764076e-08,-1.003180742263794,0.0007566188729576526,811.0,,,,,,,,,,,,,,0.0,,,,,0.01327834278345108,0.0
,mappo,,,,811.0,0.0,0.0,0.0,0.0,0.0,0.0,0.0,0.0,0.0,0.0,0.0,0.0,0.0,,,,,,,
-0.0038116793148219585,mappo,8.181310562349609e-08,-1.0180820226669312,0.0007563187729243082,812.0,,,,,,,,,,,,,,0.0,,,,,0.013240456581115723,0.0
,mappo,,,,812.0,0.0,0.0,0.0,0.0,0.0,0.0,0.0,0.0,0.0,0.0,0.0,0.0,0.0,,,,,,,
0.006960335187613964,mappo,7.892165143630336e-08,-1.0637433528900146,0.0007560186728909637,813.0,,,,,,,,,,,,,,0.0,,,,,0.013244172558188438,0.0
,mappo,,,,813.0,0.0,0.0,0.0,0.0,0.0,0.0,0.0,0.0,0.0,0.0,0.0,0.0,0.0,,,,,,,
0.00041892912122420967,mappo,7.713021688005028e-08,-1.0814088582992554,0.0007557185728576193,814.0,,,,,,,,,,,,,,0.0,,,,,0.013338368386030197,0.0
,mappo,,,,814.0,0.0,0.0,0.0,0.0,0.0,0.0,0.0,0.0,0.0,0.0,0.0,0.0,0.0,,,,,,,
0.001690899720415473,mappo,7.664709045229756e-08,-1.0579249858856201,0.0007554184728242748,815.0,,,,,,,,,,,,,,0.0,,,,,0.013309894129633904,0.0
,mappo,,,,815.0,0.0,0.0,0.0,0.0,0.0,0.0,0.0,0.0,0.0,0.0,0.0,0.0,0.0,,,,,,,
0.002461372409015894,mappo,5.7180862711447844e-08,-1.04781973361969,0.0007551183727909303,816.0,,,,,,,,,,,,,,0.0,,,,,0.01330137811601162,0.0
,mappo,,,,816.0,0.0,0.0,0.0,0.0,0.0,0.0,0.0,0.0,0.0,0.0,0.0,0.0,0.0,,,,,,,
-0.0016132795717567205,mappo,5.300445948819288e-08,-1.0688488483428955,0.0007548182727575858,817.0,,,,,,,,,,,,,,0.0,,,,,0.013254276476800442,0.0
,mappo,,,,817.0,0.0,0.0,0.0,0.0,0.0,0.0,0.0,0.0,0.0,0.0,0.0,0.0,0.0,,,,,,,
-0.0010395953431725502,mappo,4.944567422171531e-08,-1.0526105165481567,0.0007545181727242414,818.0,,,,,,,,,,,,,,0.0,,,,,0.013311922550201416,0.0
,mappo,,,,818.0,0.0,0.0,0.0,0.0,0.0,0.0,0.0,0.0,0.0,0.0,0.0,0.0,0.0,,,,,,,
-0.0008267234079539776,mappo,3.6554279603251416e-08,-1.0755757093429565,0.000754218072690897,819.0,,,,,,,,,,,,,,0.0,,,,,0.01325702853500843,0.0
,mappo,,,,819.0,0.0,0.0,0.0,0.0,0.0,0.0,0.0,0.0,0.0,0.0,0.0,0.0,0.0,,,,,,,
-0.0009005318279378116,mappo,3.132662840243938e-08,-1.078163743019104,0.0007539179726575526,820.0,,,,,,,,,,,,,,0.0,,,,,0.01329912431538105,0.0
,mappo,,,,820.0,0.0,0.0,0.0,0.0,0.0,0.0,0.0,0.0,0.0,0.0,0.0,0.0,0.0,,,,,,,
0.007371526211500168,mappo,2.4562440970044008e-08,-1.0840904712677002,0.0007536178726242081,821.0,,,,,,,,,,,,,,0.0,,,,,0.013248421251773834,0.0
,mappo,,,,821.0,0.0,0.0,0.0,0.0,0.0,0.0,0.0,0.0,0.0,0.0,0.0,0.0,0.0,,,,,,,
-0.0013088018167763948,mappo,1.9045945265361297e-08,-1.0633374452590942,0.0007533177725908637,822.0,,,,,,,,,,,,,,0.0,,,,,0.013284493237733841,0.0
,mappo,,,,822.0,0.0,0.0,0.0,0.0,0.0,0.0,0.0,0.0,0.0,0.0,0.0,0.0,0.0,,,,,,,
0.0036434533540159464,mappo,1.3758016059739475e-08,-1.0483262538909912,0.0007530176725575191,823.0,,,,,,,,,,,,,,0.0,,,,,0.013248820789158344,0.0
,mappo,,,,823.0,0.0,0.0,0.0,0.0,0.0,0.0,0.0,0.0,0.0,0.0,0.0,0.0,0.0,,,,,,,
0.0037544588558375835,mappo,9.25074417068572e-09,-1.0392621755599976,0.0007527175725241747,824.0,,,,,,,,,,,,,,0.0,,,,,0.01329517550766468,0.0
,mappo,,,,824.0,0.0,0.0,0.0,0.0,0.0,0.0,0.0,0.0,0.0,0.0,0.0,0.0,0.0,,,,,,,
0.008151544257998466,mappo,7.440065896702208e-09,-1.0270298719406128,0.0007524174724908303,825.0,,,,,,,,,,,,,,0.0,,,,,0.013232425786554813,0.0
,mappo,,,,825.0,0.0,0.0,0.0,0.0,0.0,0.0,0.0,0.0,0.0,0.0,0.0,0.0,0.0,,,,,,,
0.016858121380209923,mappo,4.07216216302686e-09,-0.9859236478805542,0.0007521173724574859,826.0,,,,,,,,,,,,,,0.0,,,,,0.013276923447847366,0.0
,mappo,,,,826.0,0.0,0.0,0.0,0.0,0.0,0.0,0.0,0.0,0.0,0.0,0.0,0.0,0.0,,,,,,,
-0.004728281870484352,mappo,1.2969895157866063e-09,-0.9733931422233582,0.0007518172724241414,827.0,,,,,,,,,,,,,,0.0,,,,,0.013298381119966507,0.0
,mappo,,,,827.0,0.0,0.0,0.0,0.0,0.0,0.0,0.0,0.0,0.0,0.0,0.0,0.0,0.0,,,,,,,
0.0058397515676915646,mappo,4.790901009243953e-10,-0.935926079750061,0.0007515171723907969,828.0,,,,,,,,,,,,,,0.0,,,,,0.013281049206852913,0.0
,mappo,,,,828.0,0.0,0.0,0.0,0.0,0.0,0.0,0.0,0.0,0.0,0.0,0.0,0.0,0.0,,,,,,,
0.0010161217069253325,mappo,4.4428535850293827e-10,-0.9413648247718811,0.0007512170723574525,829.0,,,,,,,,,,,,,,0.0,,,,,0.013153567910194397,0.0
,mappo,,,,829.0,0.0,0.0,0.0,0.0,0.0,0.0,0.0,0.0,0.0,0.0,0.0,0.0,0.0,,,,,,,
7.947842823341489e-05,mappo,5.03360242376516e-10,-0.9289647340774536,0.0007509169723241081,830.0,,,,,,,,,,,,,,0.0,,,,,0.013293085619807243,0.0
,mappo,,,,830.0,0.0,0.0,0.0,0.0,0.0,0.0,0.0,0.0,0.0,0.0,0.0,0.0,0.0,,,,,,,
-0.0036488904152065516,mappo,1.9176891186134526e-09,-0.9627429246902466,0.0007506168722907637,831.0,,,,,,,,,,,,,,0.0,,,,,0.013241803273558617,0.0
,mappo,,,,831.0,0.0,0.0,0.0,0.0,0.0,0.0,0.0,0.0,0.0,0.0,0.0,0.0,0.0,,,,,,,
-0.005246001295745373,mappo,2.9027587000740596e-09,-0.9855522513389587,0.0007503167722574191,832.0,,,,,,,,,,,,,,0.0,,,,,0.013276905752718449,0.0
,mappo,,,,832.0,0.0,0.0,0.0,0.0,0.0,0.0,0.0,0.0,0.0,0.0,0.0,0.0,0.0,,,,,,,
0.007675069384276867,mappo,5.427381211120519e-09,-0.9846136569976807,0.0007500166722240747,833.0,,,,,,,,,,,,,,0.0,,,,,0.013271965086460114,0.0
,mappo,,,,833.0,0.0,0.0,0.0,0.0,0.0,0.0,0.0,0.0,0.0,0.0,0.0,0.0,0.0,,,,,,,
-0.003415794111788273,mappo,8.867073297835759e-09,-0.9828298091888428,0.0007497165721907302,834.0,,,,,,,,,,,,,,0.0,,,,,0.013339191675186157,0.0
,mappo,,,,834.0,0.0,0.0,0.0,0.0,0.0,0.0,0.0,0.0,0.0,0.0,0.0,0.0,0.0,,,,,,,
-0.0013601542450487614,mappo,1.5237461070682912e-08,-0.9797449707984924,0.0007494164721573858,835.0,,,,,,,,,,,,,,0.0,,,,,0.0133038479834795,0.0
,mappo,,,,835.0,0.0,0.0,0.0,0.0,0.0,0.0,0.0,0.0,0.0,0.0,0.0,0.0,0.0,,,,,,,
0.0006393325165845454,mappo,1.592623810608984e-08,-0.9800213575363159,0.0007491163721240414,836.0,,,,,,,,,,,,,,0.0,,,,,0.013267140835523605,0.0
,mappo,,,,836.0,0.0,0.0,0.0,0.0,0.0,0.0,0.0,0.0,0.0,0.0,0.0,0.0,0.0,,,,,,,
-0.0014442979590967298,mappo,2.1218697909830553e-08,-0.9862549901008606,0.000748816272090697,837.0,,,,,,,,,,,,,,0.0,,,,,0.013259188272058964,0.0
,mappo,,,,837.0,0.0,0.0,0.0,0.0,0.0,0.0,0.0,0.0,0.0,0.0,0.0,0.0,0.0,,,,,,,
-0.0028186067938804626,mappo,2.415761635177205e-08,-0.9965223073959351,0.0007485161720573525,838.0,,,,,,,,,,,,,,0.0,,,,,0.013362189754843712,0.0
,mappo,,,,838.0,0.0,0.0,0.0,0.0,0.0,0.0,0.0,0.0,0.0,0.0,0.0,0.0,0.0,,,,,,,
0.003626912832260132,mappo,3.028884876243865e-08,-1.0164493322372437,0.000748216072024008,839.0,,,,,,,,,,,,,,0.0,,,,,0.013277992606163025,0.0
,mappo,,,,839.0,0.0,0.0,0.0,0.0,0.0,0.0,0.0,0.0,0.0,0.0,0.0,0.0,0.0,,,,,,,
0.005270472262054682,mappo,4.234331640873279e-08,-1.0550000667572021,0.0007479159719906636,840.0,,,,,,,,,,,,,,0.0,,,,,0.013241155073046684,0.0
,mappo,,,,840.0,0.0,0.0,0.0,0.0,0.0,0.0,0.0,0.0,0.0,0.0,0.0,0.0,0.0,,,,,,,
0.0037373199593275785,mappo,4.7530328117773024e-08,-1.0585706233978271,0.0007476158719573192,841.0,,,,,,,,,,,,,,0.0,,,,,0.013302421197295189,0.0
,mappo,,,,841.0,0.0,0.0,0.0,0.0,0.0,0.0,0.0,0.0,0.0,0.0,0.0,0.0,0.0,,,,,,,
-0.0013768122298642993,mappo,5.6237130507952315e-08,-1.0786550045013428,0.0007473157719239747,842.0,,,,,,,,,,,,,,0.0,,,,,0.013346506282687187,0.0
,mappo,,,,842.0,0.0,0.0,0.0,0.0,0.0,0.0,0.0,0.0,0.0,0.0,0.0,0.0,0.0,,,,,,,
0.0003260791418142617,mappo,5.1377920584627645e-08,-1.0657166242599487,0.0007470156718906302,843.0,,,,,,,,,,,,,,0.0,,,,,0.013268216513097286,0.0
,mappo,,,,843.0,0.0,0.0,0.0,0.0,0.0,0.0,0.0,0.0,0.0,0.0,0.0,0.0,0.0,,,,,,,
-0.008568383753299713,mappo,5.417538062602034e-08,-1.0891023874282837,0.0007467155718572858,844.0,,,,,,,,,,,,,,0.0,,,,,0.013324253261089325,0.0
,mappo,,,,844.0,0.0,0.0,0.0,0.0,0.0,0.0,0.0,0.0,0.0,0.0,0.0,0.0,0.0,,,,,,,
0.0019822062458842993,mappo,4.865008662591208e-08,-1.0836946964263916,0.0007464154718239413,845.0,,,,,,,,,,,,,,0.0,,,,,0.013293130323290825,0.0
,mappo,,,,845.0,0.0,0.0,0.0,0.0,0.0,0.0,0.0,0.0,0.0,0.0,0.0,0.0,0.0,,,,,,,
-0.00020242843311280012,mappo,4.3059618093366225e-08,-1.0947686433792114,0.0007461153717905969,846.0,,,,,,,,,,,,,,0.0,,,,,0.013283144682645798,0.0
,mappo,,,,846.0,0.0,0.0,0.0,0.0,0.0,0.0,0.0,0.0,0.0,0.0,0.0,0.0,0.0,,,,,,,
-0.00164599169511348,mappo,4.426293287451699e-08,-1.1041654348373413,0.0007458152717572525,847.0,,,,,,,,,,,,,,0.0,,,,,0.013336792588233948,0.0
,mappo,,,,847.0,0.0,0.0,0.0,0.0,0.0,0.0,0.0,0.0,0.0,0.0,0.0,0.0,0.0,,,,,,,
0.0005343665834516287,mappo,3.635192058482062e-08,-1.1035754680633545,0.0007455151717239081,848.0,,,,,,,,,,,,,,0.0,,,,,0.013259168714284897,0.0
,mappo,,,,848.0,0.0,0.0,0.0,0.0,0.0,0.0,0.0,0.0,0.0,0.0,0.0,0.0,0.0,,,,,,,
-0.010896695777773857,mappo,2.876723392830627e-08,-1.09205162525177,0.0007452150716905635,849.0,,,,,,,,,,,,,,0.0,,,,,0.013260475359857082,0.0
,mappo,,,,849.0,0.0,0.0,0.0,0.0,0.0,0.0,0.0,0.0,0.0,0.0,0.0,0.0,0.0,,,,,,,
-0.006431057117879391,mappo,2.6523514051746133e-08,-1.1102242469787598,0.000744914971657219,850.0,,,,,,,,,,,,,,0.0,,,,,0.013286842033267021,0.0
,mappo,,,,850.0,0.0,0.0,0.0,0.0,0.0,0.0,0.0,0.0,0.0,0.0,0.0,0.0,0.0,,,,,,,
-0.0005924140568822622,mappo,2.2246235076295306e-08,-1.124722957611084,0.0007446148716238746,851.0,,,,,,,,,,,,,,0.0,,,,,0.013307450339198112,0.0
,mappo,,,,851.0,0.0,0.0,0.0,0.0,0.0,0.0,0.0,0.0,0.0,0.0,0.0,0.0,0.0,,,,,,,
0.002958764787763357,mappo,1.68629519237129e-08,-1.146022081375122,0.0007443147715905302,852.0,,,,,,,,,,,,,,0.0,,,,,0.013285852037370205,0.0
,mappo,,,,852.0,0.0,0.0,0.0,0.0,0.0,0.0,0.0,0.0,0.0,0.0,0.0,0.0,0.0,,,,,,,
-0.0013915877789258957,mappo,1.2025327400522201e-08,-1.1722978353500366,0.0007440146715571858,853.0,,,,,,,,,,,,,,0.0,,,,,0.013220859691500664,0.0
,mappo,,,,853.0,0.0,0.0,0.0,0.0,0.0,0.0,0.0,0.0,0.0,0.0,0.0,0.0,0.0,,,,,,,
-0.0011856310302391648,mappo,7.979138239022632e-09,-1.1867319345474243,0.0007437145715238413,854.0,,,,,,,,,,,,,,0.0,,,,,0.013349127024412155,0.0
,mappo,,,,854.0,0.0,0.0,0.0,0.0,0.0,0.0,0.0,0.0,0.0,0.0,0.0,0.0,0.0,,,,,,,
0.0054152049124240875,mappo,7.529223466917756e-09,-1.199729323387146,0.0007434144714904969,855.0,,,,,,,,,,,,,,0.0,,,,,0.013285594061017036,0.0
,mappo,,,,855.0,0.0,0.0,0.0,0.0,0.0,0.0,0.0,0.0,0.0,0.0,0.0,0.0,0.0,,,,,,,
0.010357766412198544,mappo,5.328227636880456e-09,-1.1788907051086426,0.0007431143714571524,856.0,,,,,,,,,,,,,,0.0,,,,,0.013296319171786308,0.0
,mappo,,,,856.0,0.0,0.0,0.0,0.0,0.0,0.0,0.0,0.0,0.0,0.0,0.0,0.0,0.0,,,,,,,
0.007861880585551262,mappo,3.1553941681750075e-09,-1.1761258840560913,0.000742814271423808,857.0,,,,,,,,,,,,,,0.0,,,,,0.013195281848311424,0.0
,mappo,,,,857.0,0.0,0.0,0.0,0.0,0.0,0.0,0.0,0.0,0.0,0.0,0.0,0.0,0.0,,,,,,,
-0.004029700066894293,mappo,1.7505088489855325e-09,-1.1621736288070679,0.0007425141713904636,858.0,,,,,,,,,,,,,,0.0,,,,,0.013287152163684368,0.0
,mappo,,,,858.0,0.0,0.0,0.0,0.0,0.0,0.0,0.0,0.0,0.0,0.0,0.0,0.0,0.0,,,,,,,
-0.0038050194270908833,mappo,8.825478681195875e-10,-1.1391277313232422,0.0007422140713571192,859.0,,,,,,,,,,,,,,0.0,,,,,0.013289004564285278,0.0
,mappo,,,,859.0,0.0,0.0,0.0,0.0,0.0,0.0,0.0,0.0,0.0,0.0,0.0,0.0,0.0,,,,,,,
0.0004586069262586534,mappo,1.0578239395542255e-09,-1.143890619277954,0.0007419139713237745,860.0,,,,,,,,,,,,,,0.0,,,,,0.013285449706017971,0.0
,mappo,,,,860.0,0.0,0.0,0.0,0.0,0.0,0.0,0.0,0.0,0.0,0.0,0.0,0.0,0.0,,,,,,,
0.007664867211133242,mappo,6.176341105224026e-10,-1.1487655639648438,0.0007416138712904301,861.0,,,,,,,,,,,,,,0.0,,,,,0.013213813304901123,0.0
,mappo,,,,861.0,0.0,0.0,0.0,0.0,0.0,0.0,0.0,0.0,0.0,0.0,0.0,0.0,0.0,,,,,,,
0.005144128575921059,mappo,2.1544735440137686e-10,-1.169795274734497,0.0007413137712570857,862.0,,,,,,,,,,,,,,0.0,,,,,0.013256505131721497,0.0
,mappo,,,,862.0,0.0,0.0,0.0,0.0,0.0,0.0,0.0,0.0,0.0,0.0,0.0,0.0,0.0,,,,,,,
-0.002609405666589737,mappo,1.5845590117802288e-10,-1.1689502000808716,0.0007410136712237413,863.0,,,,,,,,,,,,,,0.0,,,,,0.013316777534782887,0.0
,mappo,,,,863.0,0.0,0.0,0.0,0.0,0.0,0.0,0.0,0.0,0.0,0.0,0.0,0.0,0.0,,,,,,,
-0.002149354899302125,mappo,4.785543628038624e-10,-1.2016710042953491,0.0007407135711903968,864.0,,,,,,,,,,,,,,0.0,,,,,0.013235514983534813,0.0
,mappo,,,,864.0,0.0,0.0,0.0,0.0,0.0,0.0,0.0,0.0,0.0,0.0,0.0,0.0,0.0,,,,,,,
-0.0020745820365846157,mappo,2.9499094833518313e-10,-1.197821855545044,0.0007404134711570524,865.0,,,,,,,,,,,,,,0.0,,,,,0.013278795406222343,0.0
,mappo,,,,865.0,0.0,0.0,0.0,0.0,0.0,0.0,0.0,0.0,0.0,0.0,0.0,0.0,0.0,,,,,,,
0.005092541687190533,mappo,2.461760795213763e-10,-1.1601673364639282,0.0007401133711237079,866.0,,,,,,,,,,,,,,0.0,,,,,0.013304362073540688,0.0
,mappo,,,,866.0,0.0,0.0,0.0,0.0,0.0,0.0,0.0,0.0,0.0,0.0,0.0,0.0,0.0,,,,,,,
-0.0015575524885207415,mappo,7.61781415725693e-10,-1.1206821203231812,0.0007398132710903635,867.0,,,,,,,,,,,,,,0.0,,,,,0.013261280953884125,0.0
,mappo,,,,867.0,0.0,0.0,0.0,0.0,0.0,0.0,0.0,0.0,0.0,0.0,0.0,0.0,0.0,,,,,,,
0.003197555663064122,mappo,1.2423071460432311e-09,-1.0740047693252563,0.000739513171057019,868.0,,,,,,,,,,,,,,0.0,,,,,0.013289050199091434,0.0
,mappo,,,,868.0,0.0,0.0,0.0,0.0,0.0,0.0,0.0,0.0,0.0,0.0,0.0,0.0,0.0,,,,,,,
-0.003669595345854759,mappo,1.1075067529731086e-09,-1.0517414808273315,0.0007392130710236746,869.0,,,,,,,,,,,,,,0.0,,,,,0.01326370146125555,0.0
,mappo,,,,869.0,0.0,0.0,0.0,0.0,0.0,0.0,0.0,0.0,0.0,0.0,0.0,0.0,0.0,,,,,,,
0.009372340515255928,mappo,1.8595369688512164e-09,-1.0271705389022827,0.0007389129709903302,870.0,,,,,,,,,,,,,,0.0,,,,,0.013276027515530586,0.0
,mappo,,,,870.0,0.0,0.0,0.0,0.0,0.0,0.0,0.0,0.0,0.0,0.0,0.0,0.0,0.0,,,,,,,
-0.0030757300555706024,mappo,1.7897793247456661e-09,-1.0263009071350098,0.0007386128709569856,871.0,,,,,,,,,,,,,,0.0,,,,,0.013258721679449081,0.0
,mappo,,,,871.0,0.0,0.0,0.0,0.0,0.0,0.0,0.0,0.0,0.0,0.0,0.0,0.0,0.0,,,,,,,
-0.0022963196970522404,mappo,1.619621103898794e-09,-1.0169262886047363,0.0007383127709236412,872.0,,,,,,,,,,,,,,0.0,,,,,0.013325707986950874,0.0
,mappo,,,,872.0,0.0,0.0,0.0,0.0,0.0,0.0,0.0,0.0,0.0,0.0,0.0,0.0,0.0,,,,,,,
0.004571897443383932,mappo,2.7273208136335825e-09,-1.0116130113601685,0.0007380126708902968,873.0,,,,,,,,,,,,,,0.0,,,,,0.013297582045197487,0.0
,mappo,,,,873.0,0.0,0.0,0.0,0.0,0.0,0.0,0.0,0.0,0.0,0.0,0.0,0.0,0.0,,,,,,,
0.008016560226678848,mappo,8.005984208914185e-10,-1.0118540525436401,0.0007377125708569524,874.0,,,,,,,,,,,,,,0.0,,,,,0.013363832607865334,0.0
,mappo,,,,874.0,0.0,0.0,0.0,0.0,0.0,0.0,0.0,0.0,0.0,0.0,0.0,0.0,0.0,,,,,,,
-0.004542226903140545,mappo,5.817223369675162e-10,-1.0121376514434814,0.0007374124708236079,875.0,,,,,,,,,,,,,,0.0,,,,,0.013328773900866508,0.0
,mappo,,,,875.0,0.0,0.0,0.0,0.0,0.0,0.0,0.0,0.0,0.0,0.0,0.0,0.0,0.0,,,,,,,
-0.004286117851734161,mappo,1.7534020901877057e-09,-1.0155532360076904,0.0007371123707902635,876.0,,,,,,,,,,,,,,0.0,,,,,0.013310851529240608,0.0
,mappo,,,,876.0,0.0,0.0,0.0,0.0,0.0,0.0,0.0,0.0,0.0,0.0,0.0,0.0,0.0,,,,,,,
0.00026792631251737475,mappo,1.053810594342508e-09,-1.0268841981887817,0.0007368122707569189,877.0,,,,,,,,,,,,,,0.0,,,,,0.013330573216080666,0.0
,mappo,,,,877.0,0.0,0.0,0.0,0.0,0.0,0.0,0.0,0.0,0.0,0.0,0.0,0.0,0.0,,,,,,,
-0.0014270207611843944,mappo,1.4712074891676252e-09,-1.011041283607483,0.0007365121707235745,878.0,,,,,,,,,,,,,,0.0,,,,,0.013271861709654331,0.0
,mappo,,,,878.0,0.0,0.0,0.0,0.0,0.0,0.0,0.0,0.0,0.0,0.0,0.0,0.0,0.0,,,,,,,
-0.0004616755177266896,mappo,1.354100054307139e-09,-1.0115360021591187,0.0007362120706902301,879.0,,,,,,,,,,,,,,0.0,,,,,0.013251850381493568,0.0
,mappo,,,,879.0,0.0,0.0,0.0,0.0,0.0,0.0,0.0,0.0,0.0,0.0,0.0,0.0,0.0,,,,,,,
-0.004757582675665617,mappo,2.7931976731565555e-09,-0.9739505052566528,0.0007359119706568857,880.0,,,,,,,,,,,,,,0.0,,,,,0.013231186196208,0.0
,mappo,,,,880.0,0.0,0.0,0.0,0.0,0.0,0.0,0.0,0.0,0.0,0.0,0.0,0.0,0.0,,,,,,,
-0.00026017369236797094,mappo,3.735250775349641e-09,-0.971849799156189,0.0007356118706235412,881.0,,,,,,,,,,,,,,0.0,,,,,0.0132830198854208,0.0
,mappo,,,,881.0,0.0,0.0,0.0,0.0,0.0,0.0,0.0,0.0,0.0,0.0,0.0,0.0,0.0,,,,,,,
0.00048398139188066125,mappo,3.651870139620428e-09,-0.967572808265686,0.0007353117705901967,882.0,,,,,,,,,,,,,,0.0,,,,,0.013257242739200592,0.0
,mappo,,,,882.0,0.0,0.0,0.0,0.0,0.0,0.0,0.0,0.0,0.0,0.0,0.0,0.0,0.0,,,,,,,
-0.0023547173477709293,mappo,4.764314720517859e-09,-0.9876881837844849,0.0007350116705568523,883.0,,,,,,,,,,,,,,0.0,,,,,0.013275962322950363,0.0
,mappo,,,,883.0,0.0,0.0,0.0,0.0,0.0,0.0,0.0,0.0,0.0,0.0,0.0,0.0,0.0,,,,,,,
-0.00013014703290537,mappo,8.36886204780285e-09,-0.9847784638404846,0.0007347115705235079,884.0,,,,,,,,,,,,,,0.0,,,,,0.013347030617296696,0.0
,mappo,,,,884.0,0.0,0.0,0.0,0.0,0.0,0.0,0.0,0.0,0.0,0.0,0.0,0.0,0.0,,,,,,,
0.004220546223223209,mappo,9.843862613934107e-09,-0.9889198541641235,0.0007344114704901635,885.0,,,,,,,,,,,,,,0.0,,,,,0.013269668444991112,0.0
,mappo,,,,885.0,0.0,0.0,0.0,0.0,0.0,0.0,0.0,0.0,0.0,0.0,0.0,0.0,0.0,,,,,,,
0.01039053127169609,mappo,1.0577641873510402e-08,-1.004656195640564,0.0007341113704568189,886.0,,,,,,,,,,,,,,0.0,,,,,0.01333594135940075,0.0
,mappo,,,,886.0,0.0,0.0,0.0,0.0,0.0,0.0,0.0,0.0,0.0,0.0,0.0,0.0,0.0,,,,,,,
-0.003207131288945675,mappo,1.4030644202023268e-08,-1.0283821821212769,0.0007338112704234745,887.0,,,,,,,,,,,,,,0.0,,,,,0.013194256462156773,0.0
,mappo,,,,887.0,0.0,0.0,0.0,0.0,0.0,0.0,0.0,0.0,0.0,0.0,0.0,0.0,0.0,,,,,,,
0.0010167062282562256,mappo,1.816295558398906e-08,-1.0873026847839355,0.00073351117039013,888.0,,,,,,,,,,,,,,0.0,,,,,0.013229170814156532,0.0
,mappo,,,,888.0,0.0,0.0,0.0,0.0,0.0,0.0,0.0,0.0,0.0,0.0,0.0,0.0,0.0,,,,,,,
-0.0030502784065902233,mappo,1.6832604643468585e-08,-1.101102352142334,0.0007332110703567856,889.0,,,,,,,,,,,,,,0.0,,,,,0.013308869674801826,0.0
,mappo,,,,889.0,0.0,0.0,0.0,0.0,0.0,0.0,0.0,0.0,0.0,0.0,0.0,0.0,0.0,,,,,,,
-0.006432496011257172,mappo,2.0132105760239938e-08,-1.0963956117630005,0.0007329109703234412,890.0,,,,,,,,,,,,,,0.0,,,,,0.013273447751998901,0.0
,mappo,,,,890.0,0.0,0.0,0.0,0.0,0.0,0.0,0.0,0.0,0.0,0.0,0.0,0.0,0.0,,,,,,,
-0.0076207360252738,mappo,1.71440248664112e-08,-1.0650811195373535,0.0007326108702900968,891.0,,,,,,,,,,,,,,0.0,,,,,0.013189258053898811,0.0
,mappo,,,,891.0,0.0,0.0,0.0,0.0,0.0,0.0,0.0,0.0,0.0,0.0,0.0,0.0,0.0,,,,,,,
0.04951660335063934,mappo,1.785841696744228e-08,-1.1187189817428589,0.0007323107702567523,892.0,,,,,,,,,,,,,,0.0,,,,,0.013226555660367012,0.0
,mappo,,,,892.0,0.0,0.0,0.0,0.0,0.0,0.0,0.0,0.0,0.0,0.0,0.0,0.0,0.0,,,,,,,
-0.00015995261492207646,mappo,2.3299442375446233e-08,-1.105968713760376,0.0007320106702234078,893.0,,,,,,,,,,,,,,0.0,,,,,0.013283712789416313,0.0
,mappo,,,,893.0,0.0,0.0,0.0,0.0,0.0,0.0,0.0,0.0,0.0,0.0,0.0,0.0,0.0,,,,,,,
-0.0006195110618136823,mappo,2.221011996539346e-08,-1.120889663696289,0.0007317105701900633,894.0,,,,,,,,,,,,,,0.0,,,,,0.013274053111672401,0.0
,mappo,,,,894.0,0.0,0.0,0.0,0.0,0.0,0.0,0.0,0.0,0.0,0.0,0.0,0.0,0.0,,,,,,,
0.008744117803871632,mappo,1.8422248615479475e-08,-1.0868138074874878,0.0007314104701567189,895.0,,,,,,,,,,,,,,0.0,,,,,0.013215777464210987,0.0
,mappo,,,,895.0,0.0,0.0,0.0,0.0,0.0,0.0,0.0,0.0,0.0,0.0,0.0,0.0,0.0,,,,,,,
0.012491513043642044,mappo,1.7129027085616144e-08,-1.1299062967300415,0.0007311103701233745,896.0,,,,,,,,,,,,,,0.0,,,,,0.013305919244885445,0.0
,mappo,,,,896.0,0.0,0.0,0.0,0.0,0.0,0.0,0.0,0.0,0.0,0.0,0.0,0.0,0.0,,,,,,,
0.00041947068530134857,mappo,1.5220335214394254e-08,-1.123471736907959,0.00073081027009003,897.0,,,,,,,,,,,,,,0.0,,,,,0.013241356238722801,0.0
,mappo,,,,897.0,0.0,0.0,0.0,0.0,0.0,0.0,0.0,0.0,0.0,0.0,0.0,0.0,0.0,,,,,,,
-0.0025604465045034885,mappo,9.083800378562046e-09,-1.1200857162475586,0.0007305101700566855,898.0,,,,,,,,,,,,,,0.0,,,,,0.013312803581357002,0.0
,mappo,,,,898.0,0.0,0.0,0.0,0.0,0.0,0.0,0.0,0.0,0.0,0.0,0.0,0.0,0.0,,,,,,,
-0.0035136414226144552,mappo,8.57094750728038e-09,-1.1252729892730713,0.0007302100700233411,899.0,,,,,,,,,,,,,,0.0,,,,,0.013262704014778137,0.0
,mappo,,,,899.0,0.0,0.0,0.0,0.0,0.0,0.0,0.0,0.0,0.0,0.0,0.0,0.0,0.0,,,,,,,
,mappo,,,,899.0,,,,,,,,,,,,,,,0.0,0.0,0.0,0.0,,
0.010432354174554348,mappo,2.610406335534776e-09,-1.1055271625518799,0.0007299099699899967,900.0,,,,,,,,,,,,,,0.0,,,,,0.01327022910118103,0.0
,mappo,,,,900.0,0.0,0.0,0.0,0.0,0.0,0.0,0.0,0.0,0.0,0.0,0.0,0.0,0.0,,,,,,,
0.0110645592212677,mappo,6.198340729568486e-10,-1.1251388788223267,0.0007296098699566523,901.0,,,,,,,,,,,,,,0.0,,,,,0.013288156129419804,0.0
,mappo,,,,901.0,0.0,0.0,0.0,0.0,0.0,0.0,0.0,0.0,0.0,0.0,0.0,0.0,0.0,,,,,,,
-0.006849473342299461,mappo,1.4817603810612923e-09,-1.1260747909545898,0.0007293097699233079,902.0,,,,,,,,,,,,,,0.0,,,,,0.01334331650286913,0.0
,mappo,,,,902.0,0.0,0.0,0.0,0.0,0.0,0.0,0.0,0.0,0.0,0.0,0.0,0.0,0.0,,,,,,,
-0.003050992963835597,mappo,5.0814787933006755e-09,-1.1264004707336426,0.0007290096698899634,903.0,,,,,,,,,,,,,,0.0,,,,,0.013313893228769302,0.0
,mappo,,,,903.0,0.0,0.0,0.0,0.0,0.0,0.0,0.0,0.0,0.0,0.0,0.0,0.0,0.0,,,,,,,
-0.0021597123704850674,mappo,1.503547153447471e-08,-1.129942774772644,0.0007287095698566189,904.0,,,,,,,,,,,,,,0.0,,,,,0.013333611190319061,0.0
,mappo,,,,904.0,0.0,0.0,0.0,0.0,0.0,0.0,0.0,0.0,0.0,0.0,0.0,0.0,0.0,,,,,,,
0.0016745878383517265,mappo,2.29368364301763e-08,-1.1110793352127075,0.0007284094698232744,905.0,,,,,,,,,,,,,,0.0,,,,,0.013281980529427528,0.0
,mappo,,,,905.0,0.0,0.0,0.0,0.0,0.0,0.0,0.0,0.0,0.0,0.0,0.0,0.0,0.0,,,,,,,
0.0006379534024745226,mappo,3.8310822958464996e-08,-1.1215550899505615,0.00072810936978993,906.0,,,,,,,,,,,,,,0.0,,,,,0.013275057077407837,0.0
,mappo,,,,906.0,0.0,0.0,0.0,0.0,0.0,0.0,0.0,0.0,0.0,0.0,0.0,0.0,0.0,,,,,,,
-0.0001989148440770805,mappo,5.855741491700428e-08,-1.1363482475280762,0.0007278092697565856,907.0,,,,,,,,,,,,,,0.0,,,,,0.013342301361262798,0.0
,mappo,,,,907.0,0.0,0.0,0.0,0.0,0.0,0.0,0.0,0.0,0.0,0.0,0.0,0.0,0.0,,,,,,,
0.0024738102219998837,mappo,9.188718053110279e-08,-1.1160989999771118,0.0007275091697232411,908.0,,,,,,,,,,,,,,0.0,,,,,0.013315685093402863,0.0
,mappo,,,,908.0,0.0,0.0,0.0,0.0,0.0,0.0,0.0,0.0,0.0,0.0,0.0,0.0,0.0,,,,,,,
-0.007282651960849762,mappo,1.2451195630092116e-07,-1.1045241355895996,0.0007272090696898966,909.0,,,,,,,,,,,,,,0.0,,,,,0.013278055936098099,0.0
,mappo,,,,909.0,0.0,0.0,0.0,0.0,0.0,0.0,0.0,0.0,0.0,0.0,0.0,0.0,0.0,,,,,,,
0.001526314066722989,mappo,1.5875870928994118e-07,-1.110830307006836,0.0007269089696565522,910.0,,,,,,,,,,,,,,0.0,,,,,0.013241317123174667,0.0
,mappo,,,,910.0,0.0,0.0,0.0,0.0,0.0,0.0,0.0,0.0,0.0,0.0,0.0,0.0,0.0,,,,,,,
-0.003599036717787385,mappo,1.8951908486997127e-07,-1.1066912412643433,0.0007266088696232078,911.0,,,,,,,,,,,,,,0.0,,,,,0.013269776478409767,0.0
,mappo,,,,911.0,0.0,0.0,0.0,0.0,0.0,0.0,0.0,0.0,0.0,0.0,0.0,0.0,0.0,,,,,,,
-0.0016477261669933796,mappo,2.0421070701104327e-07,-1.088046669960022,0.0007263087695898634,912.0,,,,,,,,,,,,,,0.0,,,,,0.013330893591046333,0.0
,mappo,,,,912.0,0.0,0.0,0.0,0.0,0.0,0.0,0.0,0.0,0.0,0.0,0.0,0.0,0.0,,,,,,,
0.00038473046151921153,mappo,2.0656078447700565e-07,-1.057045340538025,0.0007260086695565188,913.0,,,,,,,,,,,,,,0.0,,,,,0.013245755806565285,0.0
,mappo,,,,913.0,0.0,0.0,0.0,0.0,0.0,0.0,0.0,0.0,0.0,0.0,0.0,0.0,0.0,,,,,,,
0.017238708212971687,mappo,1.8458227657447424e-07,-1.0799121856689453,0.0007257085695231744,914.0,,,,,,,,,,,,,,0.0,,,,,0.013356005772948265,0.0
,mappo,,,,914.0,0.0,0.0,0.0,0.0,0.0,0.0,0.0,0.0,0.0,0.0,0.0,0.0,0.0,,,,,,,
0.005858319345861673,mappo,1.6039413708313077e-07,-1.0493865013122559,0.00072540846948983,915.0,,,,,,,,,,,,,,0.0,,,,,0.013285862281918526,0.0
,mappo,,,,915.0,0.0,0.0,0.0,0.0,0.0,0.0,0.0,0.0,0.0,0.0,0.0,0.0,0.0,,,,,,,
-0.00576805742457509,mappo,1.231827013725706e-07,-1.0563075542449951,0.0007251083694564855,916.0,,,,,,,,,,,,,,0.0,,,,,0.013333638198673725,0.0
,mappo,,,,916.0,0.0,0.0,0.0,0.0,0.0,0.0,0.0,0.0,0.0,0.0,0.0,0.0,0.0,,,,,,,
0.002729515079408884,mappo,1.1332715388334691e-07,-1.0262537002563477,0.0007248082694231411,917.0,,,,,,,,,,,,,,0.0,,,,,0.013336529955267906,0.0
,mappo,,,,917.0,0.0,0.0,0.0,0.0,0.0,0.0,0.0,0.0,0.0,0.0,0.0,0.0,0.0,,,,,,,
-0.002658597193658352,mappo,9.509401621698998e-08,-0.9940395355224609,0.0007245081693897967,918.0,,,,,,,,,,,,,,0.0,,,,,0.013304591178894043,0.0
,mappo,,,,918.0,0.0,0.0,0.0,0.0,0.0,0.0,0.0,0.0,0.0,0.0,0.0,0.0,0.0,,,,,,,
0.00414687767624855,mappo,6.852055633999043e-08,-0.9615336060523987,0.0007242080693564522,919.0,,,,,,,,,,,,,,0.0,,,,,0.013321567326784134,0.0
,mappo,,,,919.0,0.0,0.0,0.0,0.0,0.0,0.0,0.0,0.0,0.0,0.0,0.0,0.0,0.0,,,,,,,
0.007872468791902065,mappo,5.913707923355105e-08,-0.9681471586227417,0.0007239079693231077,920.0,,,,,,,,,,,,,,0.0,,,,,0.01325463317334652,0.0
,mappo,,,,920.0,0.0,0.0,0.0,0.0,0.0,0.0,0.0,0.0,0.0,0.0,0.0,0.0,0.0,,,,,,,
-0.0016403901390731335,mappo,3.869099529651976e-08,-0.963418185710907,0.0007236078692897632,921.0,,,,,,,,,,,,,,0.0,,,,,0.013295041397213936,0.0
,mappo,,,,921.0,0.0,0.0,0.0,0.0,0.0,0.0,0.0,0.0,0.0,0.0,0.0,0.0,0.0,,,,,,,
-0.00735830795019865,mappo,2.6152862986350556e-08,-0.9761202931404114,0.0007233077692564188,922.0,,,,,,,,,,,,,,0.0,,,,,0.013288753107190132,0.0
,mappo,,,,922.0,0.0,0.0,0.0,0.0,0.0,0.0,0.0,0.0,0.0,0.0,0.0,0.0,0.0,,,,,,,
-0.0016295346431434155,mappo,1.1398363142234302e-08,-0.9727010130882263,0.0007230076692230744,923.0,,,,,,,,,,,,,,0.0,,,,,0.013261672109365463,0.0
,mappo,,,,923.0,0.0,0.0,0.0,0.0,0.0,0.0,0.0,0.0,0.0,0.0,0.0,0.0,0.0,,,,,,,
-0.002202485455200076,mappo,3.8203906704836754e-09,-0.9676234126091003,0.0007227075691897299,924.0,,,,,,,,,,,,,,0.0,,,,,0.013336364179849625,0.0
,mappo,,,,924.0,0.0,0.0,0.0,0.0,0.0,0.0,0.0,0.0,0.0,0.0,0.0,0.0,0.0,,,,,,,
0.0033835761714726686,mappo,1.3554771749468841e-09,-0.9550043940544128,0.0007224074691563855,925.0,,,,,,,,,,,,,,0.0,,,,,0.013361765071749687,0.0
,mappo,,,,925.0,0.0,0.0,0.0,0.0,0.0,0.0,0.0,0.0,0.0,0.0,0.0,0.0,0.0,,,,,,,
-0.0010047673713415861,mappo,1.22283627668196e-09,-0.9310479760169983,0.000722107369123041,926.0,,,,,,,,,,,,,,0.0,,,,,0.01332357618957758,0.0
,mappo,,,,926.0,0.0,0.0,0.0,0.0,0.0,0.0,0.0,0.0,0.0,0.0,0.0,0.0,0.0,,,,,,,
0.00429609464481473,mappo,2.5125177494089712e-09,-0.9023861885070801,0.0007218072690896966,927.0,,,,,,,,,,,,,,0.0,,,,,0.013260070234537125,0.0
,mappo,,,,927.0,0.0,0.0,0.0,0.0,0.0,0.0,0.0,0.0,0.0,0.0,0.0,0.0,0.0,,,,,,,
-0.006012252531945705,mappo,5.2005684203493274e-09,-0.8624909520149231,0.0007215071690563522,928.0,,,,,,,,,,,,,,0.0,,,,,0.013310104608535767,0.0
,mappo,,,,928.0,0.0,0.0,0.0,0.0,0.0,0.0,0.0,0.0,0.0,0.0,0.0,0.0,0.0,,,,,,,
0.0020181159488856792,mappo,6.711799116487782e-09,-0.8335812091827393,0.0007212070690230078,929.0,,,,,,,,,,,,,,0.0,,,,,0.013365384191274643,0.0
,mappo,,,,929.0,0.0,0.0,0.0,0.0,0.0,0.0,0.0,0.0,0.0,0.0,0.0,0.0,0.0,,,,,,,
-0.00017115840455517173,mappo,1.0565482710944707e-08,-0.8123272657394409,0.0007209069689896632,930.0,,,,,,,,,,,,,,0.0,,,,,0.013252705335617065,0.0
,mappo,,,,930.0,0.0,0.0,0.0,0.0,0.0,0.0,0.0,0.0,0.0,0.0,0.0,0.0,0.0,,,,,,,
0.010154803283512592,mappo,1.3655239605725455e-08,-0.8374327421188354,0.0007206068689563187,931.0,,,,,,,,,,,,,,0.0,,,,,0.013253157027065754,0.0
,mappo,,,,931.0,0.0,0.0,0.0,0.0,0.0,0.0,0.0,0.0,0.0,0.0,0.0,0.0,0.0,,,,,,,
0.0033251435961574316,mappo,1.75318497497301e-08,-0.832031786441803,0.0007203067689229743,932.0,,,,,,,,,,,,,,0.0,,,,,0.013233992271125317,0.0
,mappo,,,,932.0,0.0,0.0,0.0,0.0,0.0,0.0,0.0,0.0,0.0,0.0,0.0,0.0,0.0,,,,,,,
0.00989882368594408,mappo,1.9948483753751134e-08,-0.8280460834503174,0.0007200066688896299,933.0,,,,,,,,,,,,,,0.0,,,,,0.013327265158295631,0.0
,mappo,,,,933.0,0.0,0.0,0.0,0.0,0.0,0.0,0.0,0.0,0.0,0.0,0.0,0.0,0.0,,,,,,,
-0.006510121747851372,mappo,2.966845613627811e-08,-0.8237952589988708,0.0007197065688562855,934.0,,,,,,,,,,,,,,0.0,,,,,0.013270936906337738,0.0
,mappo,,,,934.0,0.0,0.0,0.0,0.0,0.0,0.0,0.0,0.0,0.0,0.0,0.0,0.0,0.0,,,,,,,
0.0009736268548294902,mappo,2.7414730041641633e-08,-0.8047522902488708,0.000719406468822941,935.0,,,,,,,,,,,,,,0.0,,,,,0.013276669196784496,0.0
,mappo,,,,935.0,0.0,0.0,0.0,0.0,0.0,0.0,0.0,0.0,0.0,0.0,0.0,0.0,0.0,,,,,,,
0.0018614307045936584,mappo,2.984193869792762e-08,-0.7831504344940186,0.0007191063687895966,936.0,,,,,,,,,,,,,,0.0,,,,,0.013268758542835712,0.0
,mappo,,,,936.0,0.0,0.0,0.0,0.0,0.0,0.0,0.0,0.0,0.0,0.0,0.0,0.0,0.0,,,,,,,
0.004120387136936188,mappo,3.1445534176555157e-08,-0.7773090600967407,0.0007188062687562521,937.0,,,,,,,,,,,,,,0.0,,,,,0.0132572827860713,0.0
,mappo,,,,937.0,0.0,0.0,0.0,0.0,0.0,0.0,0.0,0.0,0.0,0.0,0.0,0.0,0.0,,,,,,,
-0.0023941388353705406,mappo,4.1191352551095406e-08,-0.779097318649292,0.0007185061687229077,938.0,,,,,,,,,,,,,,0.0,,,,,0.013342814520001411,0.0
,mappo,,,,938.0,0.0,0.0,0.0,0.0,0.0,0.0,0.0,0.0,0.0,0.0,0.0,0.0,0.0,,,,,,,
-0.005535401403903961,mappo,4.472584791415102e-08,-0.7885225415229797,0.0007182060686895632,939.0,,,,,,,,,,,,,,0.0,,,,,0.01335383951663971,0.0
,mappo,,,,939.0,0.0,0.0,0.0,0.0,0.0,0.0,0.0,0.0,0.0,0.0,0.0,0.0,0.0,,,,,,,
-0.005541042424738407,mappo,4.3760064016851175e-08,-0.8105520606040955,0.0007179059686562188,940.0,,,,,,,,,,,,,,0.0,,,,,0.013312898576259613,0.0
,mappo,,,,940.0,0.0,0.0,0.0,0.0,0.0,0.0,0.0,0.0,0.0,0.0,0.0,0.0,0.0,,,,,,,
0.010033665224909782,mappo,4.236601114371297e-08,-0.8318105340003967,0.0007176058686228743,941.0,,,,,,,,,,,,,,0.0,,,,,0.013303671032190323,0.0
,mappo,,,,941.0,0.0,0.0,0.0,0.0,0.0,0.0,0.0,0.0,0.0,0.0,0.0,0.0,0.0,,,,,,,
0.011390621773898602,mappo,4.7355197096976553e-08,-0.8238374590873718,0.0007173057685895298,942.0,,,,,,,,,,,,,,0.0,,,,,0.013223253190517426,0.0
,mappo,,,,942.0,0.0,0.0,0.0,0.0,0.0,0.0,0.0,0.0,0.0,0.0,0.0,0.0,0.0,,,,,,,
9.563204366713762e-05,mappo,4.215858950828988e-08,-0.8347809314727783,0.0007170056685561854,943.0,,,,,,,,,,,,,,0.0,,,,,0.01328575611114502,0.0
,mappo,,,,943.0,0.0,0.0,0.0,0.0,0.0,0.0,0.0,0.0,0.0,0.0,0.0,0.0,0.0,,,,,,,
-0.012296744622290134,mappo,4.339115378115821e-08,-0.8282749652862549,0.000716705568522841,944.0,,,,,,,,,,,,,,0.0,,,,,0.013356497511267662,0.0
,mappo,,,,944.0,0.0,0.0,0.0,0.0,0.0,0.0,0.0,0.0,0.0,0.0,0.0,0.0,0.0,,,,,,,
0.011345744132995605,mappo,3.799203440735255e-08,-0.8252313137054443,0.0007164054684894966,945.0,,,,,,,,,,,,,,0.0,,,,,0.01328231766819954,0.0
,mappo,,,,945.0,0.0,0.0,0.0,0.0,0.0,0.0,0.0,0.0,0.0,0.0,0.0,0.0,0.0,,,,,,,
-0.003180599072948098,mappo,3.617257249288741e-08,-0.838093638420105,0.0007161053684561521,946.0,,,,,,,,,,,,,,0.0,,,,,0.013284554705023766,0.0
,mappo,,,,946.0,0.0,0.0,0.0,0.0,0.0,0.0,0.0,0.0,0.0,0.0,0.0,0.0,0.0,,,,,,,
-0.0016367908101528883,mappo,3.1542207068469e-08,-0.8426322340965271,0.0007158052684228077,947.0,,,,,,,,,,,,,,0.0,,,,,0.013290937058627605,0.0
,mappo,,,,947.0,0.0,0.0,0.0,0.0,0.0,0.0,0.0,0.0,0.0,0.0,0.0,0.0,0.0,,,,,,,
0.007837655954062939,mappo,3.260794656512189e-08,-0.891833484172821,0.0007155051683894631,948.0,,,,,,,,,,,,,,0.0,,,,,0.013217967003583908,0.0
,mappo,,,,948.0,0.0,0.0,0.0,0.0,0.0,0.0,0.0,0.0,0.0,0.0,0.0,0.0,0.0,,,,,,,
0.00926249474287033,mappo,2.745605165443976e-08,-0.9004414677619934,0.0007152050683561187,949.0,,,,,,,,,,,,,,0.0,,,,,0.01332317665219307,0.0
,mappo,,,,949.0,0.0,0.0,0.0,0.0,0.0,0.0,0.0,0.0,0.0,0.0,0.0,0.0,0.0,,,,,,,
-0.0016093931626528502,mappo,2.90312165418527e-08,-0.9370982050895691,0.0007149049683227743,950.0,,,,,,,,,,,,,,0.0,,,,,0.013274291530251503,0.0
,mappo,,,,950.0,0.0,0.0,0.0,0.0,0.0,0.0,0.0,0.0,0.0,0.0,0.0,0.0,0.0,,,,,,,
0.0010017735185101628,mappo,2.3418287753429468e-08,-0.9443336129188538,0.0007146048682894299,951.0,,,,,,,,,,,,,,0.0,,,,,0.013336868956685066,0.0
,mappo,,,,951.0,0.0,0.0,0.0,0.0,0.0,0.0,0.0,0.0,0.0,0.0,0.0,0.0,0.0,,,,,,,
0.00017361575737595558,mappo,1.9956603480864032e-08,-0.9802635908126831,0.0007143047682560854,952.0,,,,,,,,,,,,,,0.0,,,,,0.013408895581960678,0.0
,mappo,,,,952.0,0.0,0.0,0.0,0.0,0.0,0.0,0.0,0.0,0.0,0.0,0.0,0.0,0.0,,,,,,,
0.0016116988845169544,mappo,2.498558870911438e-08,-0.979645311832428,0.0007140046682227409,953.0,,,,,,,,,,,,,,0.0,,,,,0.013241374865174294,0.0
,mappo,,,,953.0,0.0,0.0,0.0,0.0,0.0,0.0,0.0,0.0,0.0,0.0,0.0,0.0,0.0,,,,,,,
-0.0031273080967366695,mappo,1.9654669003443814e-08,-0.9774017333984375,0.0007137045681893965,954.0,,,,,,,,,,,,,,0.0,,,,,0.013316884636878967,0.0
,mappo,,,,954.0,0.0,0.0,0.0,0.0,0.0,0.0,0.0,0.0,0.0,0.0,0.0,0.0,0.0,,,,,,,
-0.0028820475563406944,mappo,1.645530822713681e-08,-0.9856678247451782,0.0007134044681560521,955.0,,,,,,,,,,,,,,0.0,,,,,0.013303620740771294,0.0
,mappo,,,,955.0,0.0,0.0,0.0,0.0,0.0,0.0,0.0,0.0,0.0,0.0,0.0,0.0,0.0,,,,,,,
0.005609824787825346,mappo,1.552642459046183e-08,-0.9579113721847534,0.0007131043681227077,956.0,,,,,,,,,,,,,,0.0,,,,,0.013348309323191643,0.0
,mappo,,,,956.0,0.0,0.0,0.0,0.0,0.0,0.0,0.0,0.0,0.0,0.0,0.0,0.0,0.0,,,,,,,
-0.0036353725008666515,mappo,1.456267373356468e-08,-0.967867910861969,0.0007128042680893631,957.0,,,,,,,,,,,,,,0.0,,,,,0.013331212103366852,0.0
,mappo,,,,957.0,0.0,0.0,0.0,0.0,0.0,0.0,0.0,0.0,0.0,0.0,0.0,0.0,0.0,,,,,,,
0.0029854164458811283,mappo,1.5065463543351143e-08,-0.9659914374351501,0.0007125041680560186,958.0,,,,,,,,,,,,,,0.0,,,,,0.013259030878543854,0.0
,mappo,,,,958.0,0.0,0.0,0.0,0.0,0.0,0.0,0.0,0.0,0.0,0.0,0.0,0.0,0.0,,,,,,,
-0.0032786750234663486,mappo,1.3000594378809183e-08,-0.9686707854270935,0.0007122040680226742,959.0,,,,,,,,,,,,,,0.0,,,,,0.01326475664973259,0.0
,mappo,,,,959.0,0.0,0.0,0.0,0.0,0.0,0.0,0.0,0.0,0.0,0.0,0.0,0.0,0.0,,,,,,,
0.002512217964977026,mappo,9.646639931304435e-09,-0.9980567693710327,0.0007119039679893298,960.0,,,,,,,,,,,,,,0.0,,,,,0.013259757310152054,0.0
,mappo,,,,960.0,0.0,0.0,0.0,0.0,0.0,0.0,0.0,0.0,0.0,0.0,0.0,0.0,0.0,,,,,,,
-0.004891352728009224,mappo,1.0223890178906458e-08,-1.0185985565185547,0.0007116038679559854,961.0,,,,,,,,,,,,,,0.0,,,,,0.013271898031234741,0.0
,mappo,,,,961.0,0.0,0.0,0.0,0.0,0.0,0.0,0.0,0.0,0.0,0.0,0.0,0.0,0.0,,,,,,,
-0.0016452375566586852,mappo,6.544065733748994e-09,-1.0510205030441284,0.000711303767922641,962.0,,,,,,,,,,,,,,0.0,,,,,0.013366447761654854,0.0
,mappo,,,,962.0,0.0,0.0,0.0,0.0,0.0,0.0,0.0,0.0,0.0,0.0,0.0,0.0,0.0,,,,,,,
-0.002837228588759899,mappo,7.193709627983935e-09,-1.0338128805160522,0.0007110036678892965,963.0,,,,,,,,,,,,,,0.0,,,,,0.01321816723793745,0.0
,mappo,,,,963.0,0.0,0.0,0.0,0.0,0.0,0.0,0.0,0.0,0.0,0.0,0.0,0.0,0.0,,,,,,,
-0.0023919951636344194,mappo,5.292149385383027e-09,-1.0236051082611084,0.000710703567855952,964.0,,,,,,,,,,,,,,0.0,,,,,0.013269386254251003,0.0
,mappo,,,,964.0,0.0,0.0,0.0,0.0,0.0,0.0,0.0,0.0,0.0,0.0,0.0,0.0,0.0,,,,,,,
-0.0008264859789051116,mappo,5.929885471545049e-09,-1.0108530521392822,0.0007104034678226076,965.0,,,,,,,,,,,,,,0.0,,,,,0.01330712903290987,0.0
,mappo,,,,965.0,0.0,0.0,0.0,0.0,0.0,0.0,0.0,0.0,0.0,0.0,0.0,0.0,0.0,,,,,,,
-0.0028597302734851837,mappo,4.543913245669273e-09,-1.0143768787384033,0.0007101033677892631,966.0,,,,,,,,,,,,,,0.0,,,,,0.01333450898528099,0.0
,mappo,,,,966.0,0.0,0.0,0.0,0.0,0.0,0.0,0.0,0.0,0.0,0.0,0.0,0.0,0.0,,,,,,,
-0.0009297755314037204,mappo,3.775697976493575e-09,-0.9983401298522949,0.0007098032677559187,967.0,,,,,,,,,,,,,,0.0,,,,,0.013329636305570602,0.0
,mappo,,,,967.0,0.0,0.0,0.0,0.0,0.0,0.0,0.0,0.0,0.0,0.0,0.0,0.0,0.0,,,,,,,
-0.0020191518124192953,mappo,2.552923206167179e-09,-1.0042197704315186,0.0007095031677225742,968.0,,,,,,,,,,,,,,0.0,,,,,0.01339852623641491,0.0
,mappo,,,,968.0,0.0,0.0,0.0,0.0,0.0,0.0,0.0,0.0,0.0,0.0,0.0,0.0,0.0,,,,,,,
-0.002721639582887292,mappo,2.350875938361696e-09,-0.9925757646560669,0.0007092030676892297,969.0,,,,,,,,,,,,,,0.0,,,,,0.013258149847388268,0.0
,mappo,,,,969.0,0.0,0.0,0.0,0.0,0.0,0.0,0.0,0.0,0.0,0.0,0.0,0.0,0.0,,,,,,,
-0.001547507126815617,mappo,3.91370535979263e-09,-0.9901536107063293,0.0007089029676558853,970.0,,,,,,,,,,,,,,0.0,,,,,0.013308528810739517,0.0
,mappo,,,,970.0,0.0,0.0,0.0,0.0,0.0,0.0,0.0,0.0,0.0,0.0,0.0,0.0,0.0,,,,,,,
0.008813069202005863,mappo,3.4974676488275236e-09,-1.0147091150283813,0.0007086028676225409,971.0,,,,,,,,,,,,,,0.0,,,,,0.01333923265337944,0.0
,mappo,,,,971.0,0.0,0.0,0.0,0.0,0.0,0.0,0.0,0.0,0.0,0.0,0.0,0.0,0.0,,,,,,,
-0.0005666777724400163,mappo,2.347923633294613e-09,-1.0154852867126465,0.0007083027675891965,972.0,,,,,,,,,,,,,,0.0,,,,,0.013405287638306618,0.0
,mappo,,,,972.0,0.0,0.0,0.0,0.0,0.0,0.0,0.0,0.0,0.0,0.0,0.0,0.0,0.0,,,,,,,
0.003120224690064788,mappo,1.231730495376837e-09,-1.0400121212005615,0.000708002667555852,973.0,,,,,,,,,,,,,,0.0,,,,,0.013363171368837357,0.0
,mappo,,,,973.0,0.0,0.0,0.0,0.0,0.0,0.0,0.0,0.0,0.0,0.0,0.0,0.0,0.0,,,,,,,
0.015576420351862907,mappo,7.419208580827785e-10,-1.0150305032730103,0.0007077025675225076,974.0,,,,,,,,,,,,,,0.0,,,,,0.01330676767975092,0.0
,mappo,,,,974.0,0.0,0.0,0.0,0.0,0.0,0.0,0.0,0.0,0.0,0.0,0.0,0.0,0.0,,,,,,,
-0.0013048110995441675,mappo,4.781675055909318e-10,-1.0278449058532715,0.000707402467489163,975.0,,,,,,,,,,,,,,0.0,,,,,0.013321657665073872,0.0
,mappo,,,,975.0,0.0,0.0,0.0,0.0,0.0,0.0,0.0,0.0,0.0,0.0,0.0,0.0,0.0,,,,,,,
-0.005746776238083839,mappo,8.315388377866384e-10,-1.052523136138916,0.0007071023674558186,976.0,,,,,,,,,,,,,,0.0,,,,,0.01326279528439045,0.0
,mappo,,,,976.0,0.0,0.0,0.0,0.0,0.0,0.0,0.0,0.0,0.0,0.0,0.0,0.0,0.0,,,,,,,
-0.0002939741825684905,mappo,6.221306247944369e-10,-1.0821866989135742,0.0007068022674224742,977.0,,,,,,,,,,,,,,0.0,,,,,0.013361625373363495,0.0
,mappo,,,,977.0,0.0,0.0,0.0,0.0,0.0,0.0,0.0,0.0,0.0,0.0,0.0,0.0,0.0,,,,,,,
-0.0006100864266045392,mappo,1.991090486930247e-10,-1.108958125114441,0.0007065021673891298,978.0,,,,,,,,,,,,,,0.0,,,,,0.01332959532737732,0.0
,mappo,,,,978.0,0.0,0.0,0.0,0.0,0.0,0.0,0.0,0.0,0.0,0.0,0.0,0.0,0.0,,,,,,,
0.005270276218652725,mappo,1.72181061075527e-10,-1.109917163848877,0.0007062020673557853,979.0,,,,,,,,,,,,,,0.0,,,,,0.013312660157680511,0.0
,mappo,,,,979.0,0.0,0.0,0.0,0.0,0.0,0.0,0.0,0.0,0.0,0.0,0.0,0.0,0.0,,,,,,,
0.01116613857448101,mappo,1.0332296129789142e-10,-1.131231665611267,0.0007059019673224408,980.0,,,,,,,,,,,,,,0.0,,,,,0.013238294050097466,0.0
,mappo,,,,980.0,0.0,0.0,0.0,0.0,0.0,0.0,0.0,0.0,0.0,0.0,0.0,0.0,0.0,,,,,,,
0.007973766885697842,mappo,1.9425722141974688e-10,-1.109702706336975,0.0007056018672890964,981.0,,,,,,,,,,,,,,0.0,,,,,0.013294927775859833,0.0
,mappo,,,,981.0,0.0,0.0,0.0,0.0,0.0,0.0,0.0,0.0,0.0,0.0,0.0,0.0,0.0,,,,,,,
-0.004925555549561977,mappo,4.156618105266574e-10,-1.112365484237671,0.000705301767255752,982.0,,,,,,,,,,,,,,0.0,,,,,0.01332129631191492,0.0
,mappo,,,,982.0,0.0,0.0,0.0,0.0,0.0,0.0,0.0,0.0,0.0,0.0,0.0,0.0,0.0,,,,,,,
-0.003755093552172184,mappo,1.536521132550206e-09,-1.1034291982650757,0.0007050016672224076,983.0,,,,,,,,,,,,,,0.0,,,,,0.0133607666939497,0.0
,mappo,,,,983.0,0.0,0.0,0.0,0.0,0.0,0.0,0.0,0.0,0.0,0.0,0.0,0.0,0.0,,,,,,,
-0.0039803325198590755,mappo,1.1722169901418056e-09,-1.116962194442749,0.000704701567189063,984.0,,,,,,,,,,,,,,0.0,,,,,0.013310035690665245,0.0
,mappo,,,,984.0,0.0,0.0,0.0,0.0,0.0,0.0,0.0,0.0,0.0,0.0,0.0,0.0,0.0,,,,,,,
0.0010374548146501184,mappo,1.2565014584353662e-09,-1.1143171787261963,0.0007044014671557186,985.0,,,,,,,,,,,,,,0.0,,,,,0.013285523280501366,0.0
,mappo,,,,985.0,0.0,0.0,0.0,0.0,0.0,0.0,0.0,0.0,0.0,0.0,0.0,0.0,0.0,,,,,,,
-0.0017341927159577608,mappo,9.141718493310691e-10,-1.1362900733947754,0.0007041013671223741,986.0,,,,,,,,,,,,,,0.0,,,,,0.013294534757733345,0.0
,mappo,,,,986.0,0.0,0.0,0.0,0.0,0.0,0.0,0.0,0.0,0.0,0.0,0.0,0.0,0.0,,,,,,,
-0.007623524870723486,mappo,1.6860194351764335e-09,-1.1389234066009521,0.0007038012670890297,987.0,,,,,,,,,,,,,,0.0,,,,,0.013283485546708107,0.0
,mappo,,,,987.0,0.0,0.0,0.0,0.0,0.0,0.0,0.0,0.0,0.0,0.0,0.0,0.0,0.0,,,,,,,
0.0013029070105403662,mappo,1.7816259578751215e-09,-1.1403905153274536,0.0007035011670556853,988.0,,,,,,,,,,,,,,0.0,,,,,0.013350449502468109,0.0
,mappo,,,,988.0,0.0,0.0,0.0,0.0,0.0,0.0,0.0,0.0,0.0,0.0,0.0,0.0,0.0,,,,,,,
0.004969400353729725,mappo,2.3922834824219308e-09,-1.1453030109405518,0.0007032010670223409,989.0,,,,,,,,,,,,,,0.0,,,,,0.013252124190330505,0.0
,mappo,,,,989.0,0.0,0.0,0.0,0.0,0.0,0.0,0.0,0.0,0.0,0.0,0.0,0.0,0.0,,,,,,,
-0.0006268525612540543,mappo,2.9269160428668783e-09,-1.1550954580307007,0.0007029009669889964,990.0,,,,,,,,,,,,,,0.0,,,,,0.013299098238348961,0.0
,mappo,,,,990.0,0.0,0.0,0.0,0.0,0.0,0.0,0.0,0.0,0.0,0.0,0.0,0.0,0.0,,,,,,,
-0.0030085155740380287,mappo,3.945766380297755e-09,-1.1842559576034546,0.0007026008669556519,991.0,,,,,,,,,,,,,,0.0,,,,,0.013288222253322601,0.0
,mappo,,,,991.0,0.0,0.0,0.0,0.0,0.0,0.0,0.0,0.0,0.0,0.0,0.0,0.0,0.0,,,,,,,
-0.0058961776085197926,mappo,4.23710666552779e-09,-1.2120774984359741,0.0007023007669223074,992.0,,,,,,,,,,,,,,0.0,,,,,0.01330512948334217,0.0
,mappo,,,,992.0,0.0,0.0,0.0,0.0,0.0,0.0,0.0,0.0,0.0,0.0,0.0,0.0,0.0,,,,,,,
-0.002696894109249115,mappo,4.400996900244536e-09,-1.214799165725708,0.000702000666888963,993.0,,,,,,,,,,,,,,0.0,,,,,0.013307159766554832,0.0
,mappo,,,,993.0,0.0,0.0,0.0,0.0,0.0,0.0,0.0,0.0,0.0,0.0,0.0,0.0,0.0,,,,,,,
-0.004928597714751959,mappo,4.8465107482797976e-09,-1.203887939453125,0.0007017005668556186,994.0,,,,,,,,,,,,,,0.0,,,,,0.01328457985073328,0.0
,mappo,,,,994.0,0.0,0.0,0.0,0.0,0.0,0.0,0.0,0.0,0.0,0.0,0.0,0.0,0.0,,,,,,,
-0.0005568497581407428,mappo,4.317088908578626e-09,-1.188271164894104,0.0007014004668222741,995.0,,,,,,,,,,,,,,0.0,,,,,0.013267828151583672,0.0
,mappo,,,,995.0,0.0,0.0,0.0,0.0,0.0,0.0,0.0,0.0,0.0,0.0,0.0,0.0,0.0,,,,,,,
0.0030299548525363207,mappo,5.5114952601797995e-09,-1.160889744758606,0.0007011003667889297,996.0,,,,,,,,,,,,,,0.0,,,,,0.01335603091865778,0.0
,mappo,,,,996.0,0.0,0.0,0.0,0.0,0.0,0.0,0.0,0.0,0.0,0.0,0.0,0.0,0.0,,,,,,,
-0.004203145392239094,mappo,7.914179533941024e-09,-1.1555196046829224,0.0007008002667555852,997.0,,,,,,,,,,,,,,0.0,,,,,0.013309887610375881,0.0
,mappo,,,,997.0,0.0,0.0,0.0,0.0,0.0,0.0,0.0,0.0,0.0,0.0,0.0,0.0,0.0,,,,,,,
0.026544975116848946,mappo,7.954705338875101e-09,-1.127474069595337,0.0007005001667222408,998.0,,,,,,,,,,,,,,0.0,,,,,0.013374998234212399,0.0
,mappo,,,,998.0,0.0,0.0,0.0,0.0,0.0,0.0,0.0,0.0,0.0,0.0,0.0,0.0,0.0,,,,,,,
-0.0012681662337854505,mappo,7.059000051157227e-09,-1.110457181930542,0.0007002000666888964,999.0,,,,,,,,,,,,,,0.0,,,,,0.013232337310910225,0.0
,mappo,,,,999.0,0.0,0.0,0.0,0.0,0.0,0.0,0.0,0.0,0.0,0.0,0.0,0.0,0.0,,,,,,,
,mappo,,,,999.0,,,,,,,,,,,,,,,0.0,0.0,0.0,0.0,,
-0.005402707029134035,mappo,7.717114947070058e-09,-1.1142385005950928,0.000699899966655552,1000.0,,,,,,,,,,,,,,0.0,,,,,0.013288692571222782,0.0
,mappo,,,,1000.0,0.0,0.0,0.0,0.0,0.0,0.0,0.0,0.0,0.0,0.0,0.0,0.0,0.0,,,,,,,
0.00272879539988935,mappo,5.759325016896355e-09,-1.1075119972229004,0.0006995998666222073,1001.0,,,,,,,,,,,,,,0.0,,,,,0.013333240523934364,0.0
,mappo,,,,1001.0,0.0,0.0,0.0,0.0,0.0,0.0,0.0,0.0,0.0,0.0,0.0,0.0,0.0,,,,,,,
-0.002998828887939453,mappo,6.2818070745152e-09,-1.048685073852539,0.0006992997665888629,1002.0,,,,,,,,,,,,,,0.0,,,,,0.013303728774189949,0.0
,mappo,,,,1002.0,0.0,0.0,0.0,0.0,0.0,0.0,0.0,0.0,0.0,0.0,0.0,0.0,0.0,,,,,,,
0.013024856336414814,mappo,5.643039813207906e-09,-1.0479207038879395,0.0006989996665555185,1003.0,,,,,,,,,,,,,,0.0,,,,,0.013332471251487732,0.0
,mappo,,,,1003.0,0.0,0.0,0.0,0.0,0.0,0.0,0.0,0.0,0.0,0.0,0.0,0.0,0.0,,,,,,,
0.005159681662917137,mappo,5.136819414275351e-09,-1.0286093950271606,0.0006986995665221741,1004.0,,,,,,,,,,,,,,0.0,,,,,0.013341028243303299,0.0
,mappo,,,,1004.0,0.0,0.0,0.0,0.0,0.0,0.0,0.0,0.0,0.0,0.0,0.0,0.0,0.0,,,,,,,
0.0012101966422051191,mappo,2.6931479268910152e-09,-1.0129108428955078,0.0006983994664888297,1005.0,,,,,,,,,,,,,,0.0,,,,,0.013282017782330513,0.0
,mappo,,,,1005.0,0.0,0.0,0.0,0.0,0.0,0.0,0.0,0.0,0.0,0.0,0.0,0.0,0.0,,,,,,,
-0.0013022271450608969,mappo,2.3123118975121315e-09,-1.0169142484664917,0.0006980993664554852,1006.0,,,,,,,,,,,,,,0.0,,,,,0.013281814754009247,0.0
,mappo,,,,1006.0,0.0,0.0,0.0,0.0,0.0,0.0,0.0,0.0,0.0,0.0,0.0,0.0,0.0,,,,,,,
-0.00024039798881858587,mappo,1.2991568931752795e-09,-1.010658621788025,0.0006977992664221408,1007.0,,,,,,,,,,,,,,0.0,,,,,0.013261348940432072,0.0
,mappo,,,,1007.0,0.0,0.0,0.0,0.0,0.0,0.0,0.0,0.0,0.0,0.0,0.0,0.0,0.0,,,,,,,
0.019717030227184296,mappo,3.407137350031064e-10,-1.062170386314392,0.0006974991663887963,1008.0,,,,,,,,,,,,,,0.0,,,,,0.013218455016613007,0.0
,mappo,,,,1008.0,0.0,0.0,0.0,0.0,0.0,0.0,0.0,0.0,0.0,0.0,0.0,0.0,0.0,,,,,,,
0.018558142706751823,mappo,2.9321561845208066e-10,-1.060149908065796,0.0006971990663554519,1009.0,,,,,,,,,,,,,,0.0,,,,,0.013282297179102898,0.0
,mappo,,,,1009.0,0.0,0.0,0.0,0.0,0.0,0.0,0.0,0.0,0.0,0.0,0.0,0.0,0.0,,,,,,,
0.007359835784882307,mappo,1.0789968918345494e-09,-1.0708221197128296,0.0006968989663221075,1010.0,,,,,,,,,,,,,,0.0,,,,,0.013269287534058094,0.0
,mappo,,,,1010.0,0.0,0.0,0.0,0.0,0.0,0.0,0.0,0.0,0.0,0.0,0.0,0.0,0.0,,,,,,,
0.019868889823555946,mappo,2.269776144814273e-09,-1.0838881731033325,0.000696598866288763,1011.0,,,,,,,,,,,,,,0.0,,,,,0.013290029019117355,0.0
,mappo,,,,1011.0,0.0,0.0,0.0,0.0,0.0,0.0,0.0,0.0,0.0,0.0,0.0,0.0,0.0,,,,,,,
-0.0005521621787920594,mappo,7.171700122654556e-09,-1.0433359146118164,0.0006962987662554184,1012.0,,,,,,,,,,,,,,0.0,,,,,0.013271193951368332,0.0
,mappo,,,,1012.0,0.0,0.0,0.0,0.0,0.0,0.0,0.0,0.0,0.0,0.0,0.0,0.0,0.0,,,,,,,
0.007096806075423956,mappo,1.1513300535170856e-08,-1.0436468124389648,0.000695998666222074,1013.0,,,,,,,,,,,,,,0.0,,,,,0.013272497802972794,0.0
,mappo,,,,1013.0,0.0,0.0,0.0,0.0,0.0,0.0,0.0,0.0,0.0,0.0,0.0,0.0,0.0,,,,,,,
0.001252119429409504,mappo,1.4423640948280081e-08,-1.0080255270004272,0.0006956985661887296,1014.0,,,,,,,,,,,,,,0.0,,,,,0.013343892991542816,0.0
,mappo,,,,1014.0,0.0,0.0,0.0,0.0,0.0,0.0,0.0,0.0,0.0,0.0,0.0,0.0,0.0,,,,,,,
0.00033270486164838076,mappo,2.392484255153704e-08,-1.0030237436294556,0.0006953984661553852,1015.0,,,,,,,,,,,,,,0.0,,,,,0.013262452557682991,0.0
,mappo,,,,1015.0,0.0,0.0,0.0,0.0,0.0,0.0,0.0,0.0,0.0,0.0,0.0,0.0,0.0,,,,,,,
0.004629326052963734,mappo,3.19855182340234e-08,-0.9826176762580872,0.0006950983661220407,1016.0,,,,,,,,,,,,,,0.0,,,,,0.013315214775502682,0.0
,mappo,,,,1016.0,0.0,0.0,0.0,0.0,0.0,0.0,0.0,0.0,0.0,0.0,0.0,0.0,0.0,,,,,,,
-0.0013628317974507809,mappo,4.2199381766749866e-08,-0.9830672144889832,0.0006947982660886963,1017.0,,,,,,,,,,,,,,0.0,,,,,0.013276394456624985,0.0
,mappo,,,,1017.0,0.0,0.0,0.0,0.0,0.0,0.0,0.0,0.0,0.0,0.0,0.0,0.0,0.0,,,,,,,
0.0006425550673156977,mappo,5.5191311076896454e-08,-0.9977049827575684,0.0006944981660553518,1018.0,,,,,,,,,,,,,,0.0,,,,,0.013284839689731598,0.0
,mappo,,,,1018.0,0.0,0.0,0.0,0.0,0.0,0.0,0.0,0.0,0.0,0.0,0.0,0.0,0.0,,,,,,,
0.002269556513056159,mappo,6.375866945518283e-08,-0.9927459955215454,0.0006941980660220073,1019.0,,,,,,,,,,,,,,0.0,,,,,0.013323212042450905,0.0
,mappo,,,,1019.0,0.0,0.0,0.0,0.0,0.0,0.0,0.0,0.0,0.0,0.0,0.0,0.0,0.0,,,,,,,
-0.002380585065111518,mappo,7.099808385646611e-08,-1.013469934463501,0.0006938979659886629,1020.0,,,,,,,,,,,,,,0.0,,,,,0.013338197953999043,0.0
,mappo,,,,1020.0,0.0,0.0,0.0,0.0,0.0,0.0,0.0,0.0,0.0,0.0,0.0,0.0,0.0,,,,,,,
-5.510210758075118e-05,mappo,8.36501001799661e-08,-1.0217833518981934,0.0006935978659553185,1021.0,,,,,,,,,,,,,,0.0,,,,,0.013279949314892292,0.0
,mappo,,,,1021.0,0.0,0.0,0.0,0.0,0.0,0.0,0.0,0.0,0.0,0.0,0.0,0.0,0.0,,,,,,,
0.004711892455816269,mappo,9.164577363662829e-08,-1.0582572221755981,0.0006932977659219741,1022.0,,,,,,,,,,,,,,0.0,,,,,0.013295542448759079,0.0
,mappo,,,,1022.0,0.0,0.0,0.0,0.0,0.0,0.0,0.0,0.0,0.0,0.0,0.0,0.0,0.0,,,,,,,
0.002736911876127124,mappo,7.213331087996266e-08,-1.0374329090118408,0.0006929976658886295,1023.0,,,,,,,,,,,,,,0.0,,,,,0.013279340229928493,0.0
,mappo,,,,1023.0,0.0,0.0,0.0,0.0,0.0,0.0,0.0,0.0,0.0,0.0,0.0,0.0,0.0,,,,,,,
0.0016631180187687278,mappo,7.429021309235395e-08,-1.0264256000518799,0.0006926975658552851,1024.0,,,,,,,,,,,,,,0.0,,,,,0.013296665623784065,0.0
,mappo,,,,1024.0,0.0,0.0,0.0,0.0,0.0,0.0,0.0,0.0,0.0,0.0,0.0,0.0,0.0,,,,,,,
-0.0013947978150099516,mappo,7.881751429295036e-08,-0.9981560111045837,0.0006923974658219407,1025.0,,,,,,,,,,,,,,0.0,,,,,0.013302413746714592,0.0
,mappo,,,,1025.0,0.0,0.0,0.0,0.0,0.0,0.0,0.0,0.0,0.0,0.0,0.0,0.0,0.0,,,,,,,
-0.006976347882300615,mappo,6.647244532587138e-08,-0.9791461229324341,0.0006920973657885963,1026.0,,,,,,,,,,,,,,0.0,,,,,0.013295374810695648,0.0
,mappo,,,,1026.0,0.0,0.0,0.0,0.0,0.0,0.0,0.0,0.0,0.0,0.0,0.0,0.0,0.0,,,,,,,
0.004492512438446283,mappo,5.812021797169109e-08,-0.9828328490257263,0.0006917972657552518,1027.0,,,,,,,,,,,,,,0.0,,,,,0.01318814605474472,0.0
,mappo,,,,1027.0,0.0,0.0,0.0,0.0,0.0,0.0,0.0,0.0,0.0,0.0,0.0,0.0,0.0,,,,,,,
0.0007692681392654777,mappo,4.1119946558865195e-08,-0.9678412079811096,0.0006914971657219073,1028.0,,,,,,,,,,,,,,0.0,,,,,0.01323665864765644,0.0
,mappo,,,,1028.0,0.0,0.0,0.0,0.0,0.0,0.0,0.0,0.0,0.0,0.0,0.0,0.0,0.0,,,,,,,
0.006022518500685692,mappo,2.5719691265635447e-08,-0.9665119647979736,0.0006911970656885628,1029.0,,,,,,,,,,,,,,0.0,,,,,0.01324295811355114,0.0
,mappo,,,,1029.0,0.0,0.0,0.0,0.0,0.0,0.0,0.0,0.0,0.0,0.0,0.0,0.0,0.0,,,,,,,
0.008247790858149529,mappo,1.4641223344824539e-08,-0.9321532249450684,0.0006908969656552184,1030.0,,,,,,,,,,,,,,0.0,,,,,0.013254260644316673,0.0
,mappo,,,,1030.0,0.0,0.0,0.0,0.0,0.0,0.0,0.0,0.0,0.0,0.0,0.0,0.0,0.0,,,,,,,
-0.0013945528771728277,mappo,4.814227239080537e-09,-0.9260531663894653,0.000690596865621874,1031.0,,,,,,,,,,,,,,0.0,,,,,0.013274393044412136,0.0
,mappo,,,,1031.0,0.0,0.0,0.0,0.0,0.0,0.0,0.0,0.0,0.0,0.0,0.0,0.0,0.0,,,,,,,
-0.002860994078218937,mappo,1.5881335135858876e-09,-0.8936789035797119,0.0006902967655885296,1032.0,,,,,,,,,,,,,,0.0,,,,,0.013243832625448704,0.0
,mappo,,,,1032.0,0.0,0.0,0.0,0.0,0.0,0.0,0.0,0.0,0.0,0.0,0.0,0.0,0.0,,,,,,,
0.008764425292611122,mappo,8.434652976063717e-09,-0.8505575656890869,0.0006899966655551851,1033.0,,,,,,,,,,,,,,0.0,,,,,0.013232868164777756,0.0
,mappo,,,,1033.0,0.0,0.0,0.0,0.0,0.0,0.0,0.0,0.0,0.0,0.0,0.0,0.0,0.0,,,,,,,
-0.004319192375987768,mappo,2.077301353153871e-08,-0.8473742008209229,0.0006896965655218406,1034.0,,,,,,,,,,,,,,0.0,,,,,0.013126961886882782,0.0
,mappo,,,,1034.0,0.0,0.0,0.0,0.0,0.0,0.0,0.0,0.0,0.0,0.0,0.0,0.0,0.0,,,,,,,
0.0018084794282913208,mappo,4.1228080505106846e-08,-0.8460661768913269,0.0006893964654884962,1035.0,,,,,,,,,,,,,,0.0,,,,,0.013248574919998646,0.0
,mappo,,,,1035.0,0.0,0.0,0.0,0.0,0.0,0.0,0.0,0.0,0.0,0.0,0.0,0.0,0.0,,,,,,,
-0.007406421005725861,mappo,7.541466828797638e-08,-0.8453360199928284,0.0006890963654551518,1036.0,,,,,,,,,,,,,,0.0,,,,,0.013234404847025871,0.0
,mappo,,,,1036.0,0.0,0.0,0.0,0.0,0.0,0.0,0.0,0.0,0.0,0.0,0.0,0.0,0.0,,,,,,,
-0.008459308184683323,mappo,1.1510571340522802e-07,-0.8470961451530457,0.0006887962654218073,1037.0,,,,,,,,,,,,,,0.0,,,,,0.013265635818243027,0.0
,mappo,,,,1037.0,0.0,0.0,0.0,0.0,0.0,0.0,0.0,0.0,0.0,0.0,0.0,0.0,0.0,,,,,,,
0.008476593531668186,mappo,1.4448650631493365e-07,-0.8439103364944458,0.0006884961653884628,1038.0,,,,,,,,,,,,,,0.0,,,,,0.01325275283306837,0.0
,mappo,,,,1038.0,0.0,0.0,0.0,0.0,0.0,0.0,0.0,0.0,0.0,0.0,0.0,0.0,0.0,,,,,,,
-0.0033563231118023396,mappo,1.8265480150603253e-07,-0.8285435438156128,0.0006881960653551184,1039.0,,,,,,,,,,,,,,0.0,,,,,0.013250187039375305,0.0
,mappo,,,,1039.0,0.0,0.0,0.0,0.0,0.0,0.0,0.0,0.0,0.0,0.0,0.0,0.0,0.0,,,,,,,
0.002635542768985033,mappo,2.0769644493157102e-07,-0.8158431053161621,0.0006878959653217739,1040.0,,,,,,,,,,,,,,0.0,,,,,0.013279912993311882,0.0
,mappo,,,,1040.0,0.0,0.0,0.0,0.0,0.0,0.0,0.0,0.0,0.0,0.0,0.0,0.0,0.0,,,,,,,
-0.003699465189129114,mappo,2.0899759078929492e-07,-0.797726035118103,0.0006875958652884295,1041.0,,,,,,,,,,,,,,0.0,,,,,0.013249615207314491,0.0
,mappo,,,,1041.0,0.0,0.0,0.0,0.0,0.0,0.0,0.0,0.0,0.0,0.0,0.0,0.0,0.0,,,,,,,
-0.009096777997910976,mappo,1.8153934888687218e-07,-0.77745121717453,0.0006872957652550851,1042.0,,,,,,,,,,,,,,0.0,,,,,0.013246936723589897,0.0
,mappo,,,,1042.0,0.0,0.0,0.0,0.0,0.0,0.0,0.0,0.0,0.0,0.0,0.0,0.0,0.0,,,,,,,
-7.954350439831614e-05,mappo,1.728549818835745e-07,-0.7431801557540894,0.0006869956652217407,1043.0,,,,,,,,,,,,,,0.0,,,,,0.013193928636610508,0.0
,mappo,,,,1043.0,0.0,0.0,0.0,0.0,0.0,0.0,0.0,0.0,0.0,0.0,0.0,0.0,0.0,,,,,,,
-0.0013221970293670893,mappo,1.3824551103880367e-07,-0.7584760785102844,0.0006866955651883962,1044.0,,,,,,,,,,,,,,0.0,,,,,0.01316163782030344,0.0
,mappo,,,,1044.0,0.0,0.0,0.0,0.0,0.0,0.0,0.0,0.0,0.0,0.0,0.0,0.0,0.0,,,,,,,
0.004058090504258871,mappo,1.113457344104063e-07,-0.7762033343315125,0.0006863954651550516,1045.0,,,,,,,,,,,,,,0.0,,,,,0.013251964934170246,0.0
,mappo,,,,1045.0,0.0,0.0,0.0,0.0,0.0,0.0,0.0,0.0,0.0,0.0,0.0,0.0,0.0,,,,,,,
-0.0003057994763366878,mappo,1.0186999332972846e-07,-0.7637521624565125,0.0006860953651217072,1046.0,,,,,,,,,,,,,,0.0,,,,,0.013260100968182087,0.0
,mappo,,,,1046.0,0.0,0.0,0.0,0.0,0.0,0.0,0.0,0.0,0.0,0.0,0.0,0.0,0.0,,,,,,,
0.0023604165762662888,mappo,8.958720343343884e-08,-0.7851126194000244,0.0006857952650883628,1047.0,,,,,,,,,,,,,,0.0,,,,,0.013218974694609642,0.0
,mappo,,,,1047.0,0.0,0.0,0.0,0.0,0.0,0.0,0.0,0.0,0.0,0.0,0.0,0.0,0.0,,,,,,,
0.004306092858314514,mappo,6.312421874099527e-08,-0.8085943460464478,0.0006854951650550184,1048.0,,,,,,,,,,,,,,0.0,,,,,0.013257313519716263,0.0
,mappo,,,,1048.0,0.0,0.0,0.0,0.0,0.0,0.0,0.0,0.0,0.0,0.0,0.0,0.0,0.0,,,,,,,
-0.0011543430155143142,mappo,4.23299582053005e-08,-0.8209892511367798,0.0006851950650216739,1049.0,,,,,,,,,,,,,,0.0,,,,,0.013272495940327644,0.0
,mappo,,,,1049.0,0.0,0.0,0.0,0.0,0.0,0.0,0.0,0.0,0.0,0.0,0.0,0.0,0.0,,,,,,,
-0.000918568461202085,mappo,2.937662735291724e-08,-0.8182333707809448,0.0006848949649883294,1050.0,,,,,,,,,,,,,,0.0,,,,,0.01317743118852377,0.0
,mappo,,,,1050.0,0.0,0.0,0.0,0.0,0.0,0.0,0.0,0.0,0.0,0.0,0.0,0.0,0.0,,,,,,,
9.28967201616615e-05,mappo,2.4855204117102403e-08,-0.8080348968505859,0.000684594864954985,1051.0,,,,,,,,,,,,,,0.0,,,,,0.01326422393321991,0.0
,mappo,,,,1051.0,0.0,0.0,0.0,0.0,0.0,0.0,0.0,0.0,0.0,0.0,0.0,0.0,0.0,,,,,,,
-0.0022253410425037146,mappo,1.8286780090193133e-08,-0.8277097940444946,0.0006842947649216406,1052.0,,,,,,,,,,,,,,0.0,,,,,0.013199231587350368,0.0
,mappo,,,,1052.0,0.0,0.0,0.0,0.0,0.0,0.0,0.0,0.0,0.0,0.0,0.0,0.0,0.0,,,,,,,
-0.0015097677242010832,mappo,1.3937255793905479e-08,-0.8295395970344543,0.0006839946648882962,1053.0,,,,,,,,,,,,,,0.0,,,,,0.013263747096061707,0.0
,mappo,,,,1053.0,0.0,0.0,0.0,0.0,0.0,0.0,0.0,0.0,0.0,0.0,0.0,0.0,0.0,,,,,,,
0.008416460826992989,mappo,1.1067693428401526e-08,-0.8620461225509644,0.0006836945648549518,1054.0,,,,,,,,,,,,,,0.0,,,,,0.01325700618326664,0.0
,mappo,,,,1054.0,0.0,0.0,0.0,0.0,0.0,0.0,0.0,0.0,0.0,0.0,0.0,0.0,0.0,,,,,,,
-0.009563383646309376,mappo,7.087006537176421e-09,-0.8752161860466003,0.0006833944648216072,1055.0,,,,,,,,,,,,,,0.0,,,,,0.013211579993367195,0.0
,mappo,,,,1055.0,0.0,0.0,0.0,0.0,0.0,0.0,0.0,0.0,0.0,0.0,0.0,0.0,0.0,,,,,,,
0.006780214607715607,mappo,4.888869753472136e-09,-0.8574886322021484,0.0006830943647882627,1056.0,,,,,,,,,,,,,,0.0,,,,,0.013186916708946228,0.0
,mappo,,,,1056.0,0.0,0.0,0.0,0.0,0.0,0.0,0.0,0.0,0.0,0.0,0.0,0.0,0.0,,,,,,,
-0.007797644007951021,mappo,3.8513325861799785e-09,-0.8633102178573608,0.0006827942647549183,1057.0,,,,,,,,,,,,,,0.0,,,,,0.013301867991685867,0.0
,mappo,,,,1057.0,0.0,0.0,0.0,0.0,0.0,0.0,0.0,0.0,0.0,0.0,0.0,0.0,0.0,,,,,,,
-0.006653865799307823,mappo,2.8641571336862626e-09,-0.8581991791725159,0.0006824941647215739,1058.0,,,,,,,,,,,,,,0.0,,,,,0.013270841911435127,0.0
,mappo,,,,1058.0,0.0,0.0,0.0,0.0,0.0,0.0,0.0,0.0,0.0,0.0,0.0,0.0,0.0,,,,,,,
0.009909220039844513,mappo,3.400467019076814e-09,-0.8722949028015137,0.0006821940646882295,1059.0,,,,,,,,,,,,,,0.0,,,,,0.013315079733729362,0.0
,mappo,,,,1059.0,0.0,0.0,0.0,0.0,0.0,0.0,0.0,0.0,0.0,0.0,0.0,0.0,0.0,,,,,,,
-0.002786982338875532,mappo,3.025182104821056e-09,-0.8830769658088684,0.000681893964654885,1060.0,,,,,,,,,,,,,,0.0,,,,,0.013334929943084717,0.0
,mappo,,,,1060.0,0.0,0.0,0.0,0.0,0.0,0.0,0.0,0.0,0.0,0.0,0.0,0.0,0.0,,,,,,,
0.004501647781580687,mappo,3.2219262813271143e-09,-0.8878194093704224,0.0006815938646215405,1061.0,,,,,,,,,,,,,,0.0,,,,,0.01327394600957632,0.0
,mappo,,,,1061.0,0.0,0.0,0.0,0.0,0.0,0.0,0.0,0.0,0.0,0.0,0.0,0.0,0.0,,,,,,,
-0.005540823098272085,mappo,2.1526571636343306e-09,-0.8783412575721741,0.0006812937645881961,1062.0,,,,,,,,,,,,,,0.0,,,,,0.013333171606063843,0.0
,mappo,,,,1062.0,0.0,0.0,0.0,0.0,0.0,0.0,0.0,0.0,0.0,0.0,0.0,0.0,0.0,,,,,,,
-0.003843431593850255,mappo,1.7088541692800163e-09,-0.9057889580726624,0.0006809936645548516,1063.0,,,,,,,,,,,,,,0.0,,,,,0.013363232836127281,0.0
,mappo,,,,1063.0,0.0,0.0,0.0,0.0,0.0,0.0,0.0,0.0,0.0,0.0,0.0,0.0,0.0,,,,,,,
0.002576868748292327,mappo,1.9991925892526297e-09,-0.8884645700454712,0.0006806935645215072,1064.0,,,,,,,,,,,,,,0.0,,,,,0.013309083878993988,0.0
,mappo,,,,1064.0,0.0,0.0,0.0,0.0,0.0,0.0,0.0,0.0,0.0,0.0,0.0,0.0,0.0,,,,,,,
-0.0032795818988233805,mappo,2.304607171765838e-09,-0.8711040019989014,0.0006803934644881627,1065.0,,,,,,,,,,,,,,0.0,,,,,0.013219442218542099,0.0
,mappo,,,,1065.0,0.0,0.0,0.0,0.0,0.0,0.0,0.0,0.0,0.0,0.0,0.0,0.0,0.0,,,,,,,
-0.0006309967720881104,mappo,2.0566799374677203e-09,-0.8761501908302307,0.0006800933644548183,1066.0,,,,,,,,,,,,,,0.0,,,,,0.013294113799929619,0.0
,mappo,,,,1066.0,0.0,0.0,0.0,0.0,0.0,0.0,0.0,0.0,0.0,0.0,0.0,0.0,0.0,,,,,,,
0.0025282667484134436,mappo,1.6103827160662831e-09,-0.8509780168533325,0.0006797932644214738,1067.0,,,,,,,,,,,,,,0.0,,,,,0.013248126953840256,0.0
,mappo,,,,1067.0,0.0,0.0,0.0,0.0,0.0,0.0,0.0,0.0,0.0,0.0,0.0,0.0,0.0,,,,,,,
-0.0005902651464566588,mappo,1.4520654678662481e-09,-0.8474506735801697,0.0006794931643881294,1068.0,,,,,,,,,,,,,,0.0,,,,,0.013336898759007454,0.0
,mappo,,,,1068.0,0.0,0.0,0.0,0.0,0.0,0.0,0.0,0.0,0.0,0.0,0.0,0.0,0.0,,,,,,,
0.00030481518479064107,mappo,2.347055438889356e-09,-0.8431068658828735,0.000679193064354785,1069.0,,,,,,,,,,,,,,0.0,,,,,0.013285644352436066,0.0
,mappo,,,,1069.0,0.0,0.0,0.0,0.0,0.0,0.0,0.0,0.0,0.0,0.0,0.0,0.0,0.0,,,,,,,
0.0004961320082657039,mappo,2.3371351520751205e-09,-0.834826648235321,0.0006788929643214406,1070.0,,,,,,,,,,,,,,0.0,,,,,0.013225371018052101,0.0
,mappo,,,,1070.0,0.0,0.0,0.0,0.0,0.0,0.0,0.0,0.0,0.0,0.0,0.0,0.0,0.0,,,,,,,
-0.0004936655168421566,mappo,1.836198748605966e-09,-0.8538222312927246,0.0006785928642880961,1071.0,,,,,,,,,,,,,,0.0,,,,,0.013262098655104637,0.0
,mappo,,,,1071.0,0.0,0.0,0.0,0.0,0.0,0.0,0.0,0.0,0.0,0.0,0.0,0.0,0.0,,,,,,,
-0.00342597346752882,mappo,1.1593301874057715e-09,-0.8688990473747253,0.0006782927642547515,1072.0,,,,,,,,,,,,,,0.0,,,,,0.013354411348700523,0.0
,mappo,,,,1072.0,0.0,0.0,0.0,0.0,0.0,0.0,0.0,0.0,0.0,0.0,0.0,0.0,0.0,,,,,,,
-0.008171016350388527,mappo,1.8312945604392894e-09,-0.8401486873626709,0.0006779926642214071,1073.0,,,,,,,,,,,,,,0.0,,,,,0.013268576934933662,0.0
,mappo,,,,1073.0,0.0,0.0,0.0,0.0,0.0,0.0,0.0,0.0,0.0,0.0,0.0,0.0,0.0,,,,,,,
0.00602082209661603,mappo,2.8186843969990605e-09,-0.860614001750946,0.0006776925641880627,1074.0,,,,,,,,,,,,,,0.0,,,,,0.013339146971702576,0.0
,mappo,,,,1074.0,0.0,0.0,0.0,0.0,0.0,0.0,0.0,0.0,0.0,0.0,0.0,0.0,0.0,,,,,,,
0.00026137600070796907,mappo,1.642317393191206e-09,-0.8406408429145813,0.0006773924641547183,1075.0,,,,,,,,,,,,,,0.0,,,,,0.013310248032212257,0.0
,mappo,,,,1075.0,0.0,0.0,0.0,0.0,0.0,0.0,0.0,0.0,0.0,0.0,0.0,0.0,0.0,,,,,,,
0.0036751688458025455,mappo,1.9216082058903794e-09,-0.8274573683738708,0.0006770923641213738,1076.0,,,,,,,,,,,,,,0.0,,,,,0.01326422207057476,0.0
,mappo,,,,1076.0,0.0,0.0,0.0,0.0,0.0,0.0,0.0,0.0,0.0,0.0,0.0,0.0,0.0,,,,,,,
0.0019341505831107497,mappo,2.5232558265031457e-09,-0.8323017954826355,0.0006767922640880294,1077.0,,,,,,,,,,,,,,0.0,,,,,0.013320572674274445,0.0
,mappo,,,,1077.0,0.0,0.0,0.0,0.0,0.0,0.0,0.0,0.0,0.0,0.0,0.0,0.0,0.0,,,,,,,
0.0024701114743947983,mappo,2.661184828056662e-09,-0.8173586130142212,0.0006764921640546849,1078.0,,,,,,,,,,,,,,0.0,,,,,0.013312160968780518,0.0
,mappo,,,,1078.0,0.0,0.0,0.0,0.0,0.0,0.0,0.0,0.0,0.0,0.0,0.0,0.0,0.0,,,,,,,
-0.005550566129386425,mappo,2.2190622672724203e-09,-0.8158553838729858,0.0006761920640213405,1079.0,,,,,,,,,,,,,,0.0,,,,,0.013342129997909069,0.0
,mappo,,,,1079.0,0.0,0.0,0.0,0.0,0.0,0.0,0.0,0.0,0.0,0.0,0.0,0.0,0.0,,,,,,,
-0.0007137841894291341,mappo,2.549644939620066e-09,-0.8515061736106873,0.0006758919639879961,1080.0,,,,,,,,,,,,,,0.0,,,,,0.01335944328457117,0.0
,mappo,,,,1080.0,0.0,0.0,0.0,0.0,0.0,0.0,0.0,0.0,0.0,0.0,0.0,0.0,0.0,,,,,,,
0.002335028722882271,mappo,2.5497592925916024e-09,-0.8884117603302002,0.0006755918639546517,1081.0,,,,,,,,,,,,,,0.0,,,,,0.013332948088645935,0.0
,mappo,,,,1081.0,0.0,0.0,0.0,0.0,0.0,0.0,0.0,0.0,0.0,0.0,0.0,0.0,0.0,,,,,,,
0.00235514878295362,mappo,1.6948413783524074e-09,-0.8948578834533691,0.0006752917639213071,1082.0,,,,,,,,,,,,,,0.0,,,,,0.013358436524868011,0.0
,mappo,,,,1082.0,0.0,0.0,0.0,0.0,0.0,0.0,0.0,0.0,0.0,0.0,0.0,0.0,0.0,,,,,,,
0.004618863109499216,mappo,2.9435944792766122e-09,-0.9190996289253235,0.0006749916638879626,1083.0,,,,,,,,,,,,,,0.0,,,,,0.013350782915949821,0.0
,mappo,,,,1083.0,0.0,0.0,0.0,0.0,0.0,0.0,0.0,0.0,0.0,0.0,0.0,0.0,0.0,,,,,,,
-0.0024041286669671535,mappo,2.2490447282308423e-09,-0.9105110764503479,0.0006746915638546182,1084.0,,,,,,,,,,,,,,0.0,,,,,0.01332426443696022,0.0
,mappo,,,,1084.0,0.0,0.0,0.0,0.0,0.0,0.0,0.0,0.0,0.0,0.0,0.0,0.0,0.0,,,,,,,
0.0004134193295612931,mappo,2.8254785178205566e-09,-0.9015993475914001,0.0006743914638212738,1085.0,,,,,,,,,,,,,,0.0,,,,,0.013318927958607674,0.0
,mappo,,,,1085.0,0.0,0.0,0.0,0.0,0.0,0.0,0.0,0.0,0.0,0.0,0.0,0.0,0.0,,,,,,,
0.0015882865991443396,mappo,3.296212858217018e-09,-0.9240509271621704,0.0006740913637879294,1086.0,,,,,,,,,,,,,,0.0,,,,,0.013335500843822956,0.0
,mappo,,,,1086.0,0.0,0.0,0.0,0.0,0.0,0.0,0.0,0.0,0.0,0.0,0.0,0.0,0.0,,,,,,,
0.018842652440071106,mappo,3.815722848798941e-09,-0.8993811011314392,0.0006737912637545849,1087.0,,,,,,,,,,,,,,0.0,,,,,0.013359349220991135,0.0
,mappo,,,,1087.0,0.0,0.0,0.0,0.0,0.0,0.0,0.0,0.0,0.0,0.0,0.0,0.0,0.0,,,,,,,
0.010468238033354282,mappo,4.461159441859763e-09,-0.925576388835907,0.0006734911637212405,1088.0,,,,,,,,,,,,,,0.0,,,,,0.013336307369172573,0.0
,mappo,,,,1088.0,0.0,0.0,0.0,0.0,0.0,0.0,0.0,0.0,0.0,0.0,0.0,0.0,0.0,,,,,,,
0.0020679477602243423,mappo,5.787871515394727e-09,-0.9520869851112366,0.000673191063687896,1089.0,,,,,,,,,,,,,,0.0,,,,,0.013427715748548508,0.0
,mappo,,,,1089.0,0.0,0.0,0.0,0.0,0.0,0.0,0.0,0.0,0.0,0.0,0.0,0.0,0.0,,,,,,,
0.007406881079077721,mappo,5.528111746144759e-09,-0.9594006538391113,0.0006728909636545515,1090.0,,,,,,,,,,,,,,0.0,,,,,0.013369133695960045,0.0
,mappo,,,,1090.0,0.0,0.0,0.0,0.0,0.0,0.0,0.0,0.0,0.0,0.0,0.0,0.0,0.0,,,,,,,
-0.0031004950869828463,mappo,8.528834527510298e-09,-0.9676374197006226,0.0006725908636212071,1091.0,,,,,,,,,,,,,,0.0,,,,,0.01340489648282528,0.0
,mappo,,,,1091.0,0.0,0.0,0.0,0.0,0.0,0.0,0.0,0.0,0.0,0.0,0.0,0.0,0.0,,,,,,,
0.005078109446913004,mappo,7.547616753811326e-09,-0.9587518572807312,0.0006722907635878627,1092.0,,,,,,,,,,,,,,0.0,,,,,0.01336828526109457,0.0
,mappo,,,,1092.0,0.0,0.0,0.0,0.0,0.0,0.0,0.0,0.0,0.0,0.0,0.0,0.0,0.0,,,,,,,
-0.0025493192952126265,mappo,8.518119543055036e-09,-0.9947230815887451,0.0006719906635545181,1093.0,,,,,,,,,,,,,,0.0,,,,,0.01331252045929432,0.0
,mappo,,,,1093.0,0.0,0.0,0.0,0.0,0.0,0.0,0.0,0.0,0.0,0.0,0.0,0.0,0.0,,,,,,,
-0.002114737406373024,mappo,8.644630788978702e-09,-1.012937068939209,0.0006716905635211737,1094.0,,,,,,,,,,,,,,0.0,,,,,0.013326890766620636,0.0
,mappo,,,,1094.0,0.0,0.0,0.0,0.0,0.0,0.0,0.0,0.0,0.0,0.0,0.0,0.0,0.0,,,,,,,
0.0036939303390681744,mappo,1.1499157182015551e-08,-0.979482114315033,0.0006713904634878293,1095.0,,,,,,,,,,,,,,0.0,,,,,0.013363948091864586,0.0
,mappo,,,,1095.0,0.0,0.0,0.0,0.0,0.0,0.0,0.0,0.0,0.0,0.0,0.0,0.0,0.0,,,,,,,
0.00721119437366724,mappo,1.8869698692469683e-08,-0.9608600735664368,0.0006710903634544849,1096.0,,,,,,,,,,,,,,0.0,,,,,0.013432672247290611,0.0
,mappo,,,,1096.0,0.0,0.0,0.0,0.0,0.0,0.0,0.0,0.0,0.0,0.0,0.0,0.0,0.0,,,,,,,
0.013623960316181183,mappo,2.3376406588226928e-08,-0.9523699879646301,0.0006707902634211405,1097.0,,,,,,,,,,,,,,0.0,,,,,0.013309702277183533,0.0
,mappo,,,,1097.0,0.0,0.0,0.0,0.0,0.0,0.0,0.0,0.0,0.0,0.0,0.0,0.0,0.0,,,,,,,
0.01505843922495842,mappo,2.679698951624232e-08,-0.9200515747070312,0.000670490163387796,1098.0,,,,,,,,,,,,,,0.0,,,,,0.013410048559308052,0.0
,mappo,,,,1098.0,0.0,0.0,0.0,0.0,0.0,0.0,0.0,0.0,0.0,0.0,0.0,0.0,0.0,,,,,,,
-0.002555666258558631,mappo,2.9540455415144606e-08,-0.9084226489067078,0.0006701900633544515,1099.0,,,,,,,,,,,,,,0.0,,,,,0.01336771808564663,0.0
,mappo,,,,1099.0,0.0,0.0,0.0,0.0,0.0,0.0,0.0,0.0,0.0,0.0,0.0,0.0,0.0,,,,,,,
,mappo,,,,1099.0,,,,,,,,,,,,,,,0.0,0.0,0.0,0.0,,
-0.002868722891435027,mappo,2.7552037096256754e-08,-0.9222208857536316,0.000669889963321107,1100.0,,,,,,,,,,,,,,0.0,,,,,0.013369466178119183,0.0
,mappo,,,,1100.0,0.0,0.0,0.0,0.0,0.0,0.0,0.0,0.0,0.0,0.0,0.0,0.0,0.0,,,,,,,
0.0021825977601110935,mappo,2.7967958615704447e-08,-0.9055196046829224,0.0006695898632877626,1101.0,,,,,,,,,,,,,,0.0,,,,,0.013392865657806396,0.0
,mappo,,,,1101.0,0.0,0.0,0.0,0.0,0.0,0.0,0.0,0.0,0.0,0.0,0.0,0.0,0.0,,,,,,,
0.0017858396749943495,mappo,3.6585824148005486e-08,-0.9071068167686462,0.0006692897632544182,1102.0,,,,,,,,,,,,,,0.0,,,,,0.013369045220315456,0.0
,mappo,,,,1102.0,0.0,0.0,0.0,0.0,0.0,0.0,0.0,0.0,0.0,0.0,0.0,0.0,0.0,,,,,,,
0.0015401903074234724,mappo,3.665556036480666e-08,-0.8696198463439941,0.0006689896632210738,1103.0,,,,,,,,,,,,,,0.0,,,,,0.013304407708346844,0.0
,mappo,,,,1103.0,0.0,0.0,0.0,0.0,0.0,0.0,0.0,0.0,0.0,0.0,0.0,0.0,0.0,,,,,,,
-0.0017905570566654205,mappo,3.488593236511406e-08,-0.8526893854141235,0.0006686895631877292,1104.0,,,,,,,,,,,,,,0.0,,,,,0.013415800407528877,0.0
,mappo,,,,1104.0,0.0,0.0,0.0,0.0,0.0,0.0,0.0,0.0,0.0,0.0,0.0,0.0,0.0,,,,,,,
-0.0021763546392321587,mappo,3.0960066510488105e-08,-0.8495324850082397,0.0006683894631543848,1105.0,,,,,,,,,,,,,,0.0,,,,,0.013349771499633789,0.0
,mappo,,,,1105.0,0.0,0.0,0.0,0.0,0.0,0.0,0.0,0.0,0.0,0.0,0.0,0.0,0.0,,,,,,,
-0.0007352664833888412,mappo,2.6511134620932353e-08,-0.8283992409706116,0.0006680893631210404,1106.0,,,,,,,,,,,,,,0.0,,,,,0.013360096141695976,0.0
,mappo,,,,1106.0,0.0,0.0,0.0,0.0,0.0,0.0,0.0,0.0,0.0,0.0,0.0,0.0,0.0,,,,,,,
-0.00875387154519558,mappo,3.232793943652723e-08,-0.804816484451294,0.000667789263087696,1107.0,,,,,,,,,,,,,,0.0,,,,,0.013392416760325432,0.0
,mappo,,,,1107.0,0.0,0.0,0.0,0.0,0.0,0.0,0.0,0.0,0.0,0.0,0.0,0.0,0.0,,,,,,,
-0.002206341829150915,mappo,2.5219677013410546e-08,-0.7674897909164429,0.0006674891630543514,1108.0,,,,,,,,,,,,,,0.0,,,,,0.013302450999617577,0.0
,mappo,,,,1108.0,0.0,0.0,0.0,0.0,0.0,0.0,0.0,0.0,0.0,0.0,0.0,0.0,0.0,,,,,,,
0.0027197583112865686,mappo,1.919213055145974e-08,-0.7480574250221252,0.000667189063021007,1109.0,,,,,,,,,,,,,,0.0,,,,,0.013324074447154999,0.0
,mappo,,,,1109.0,0.0,0.0,0.0,0.0,0.0,0.0,0.0,0.0,0.0,0.0,0.0,0.0,0.0,,,,,,,
-0.003650329075753689,mappo,2.0877967799037833e-08,-0.7588799595832825,0.0006668889629876625,1110.0,,,,,,,,,,,,,,0.0,,,,,0.013306290842592716,0.0
,mappo,,,,1110.0,0.0,0.0,0.0,0.0,0.0,0.0,0.0,0.0,0.0,0.0,0.0,0.0,0.0,,,,,,,
0.0018617346649989486,mappo,1.7807838759154038e-08,-0.7501814365386963,0.0006665888629543181,1111.0,,,,,,,,,,,,,,0.0,,,,,0.013315794989466667,0.0
,mappo,,,,1111.0,0.0,0.0,0.0,0.0,0.0,0.0,0.0,0.0,0.0,0.0,0.0,0.0,0.0,,,,,,,
0.0036745253019034863,mappo,8.873008994214615e-09,-0.7660210132598877,0.0006662887629209737,1112.0,,,,,,,,,,,,,,0.0,,,,,0.013263892382383347,0.0
,mappo,,,,1112.0,0.0,0.0,0.0,0.0,0.0,0.0,0.0,0.0,0.0,0.0,0.0,0.0,0.0,,,,,,,
-0.003924052696675062,mappo,8.923705330232679e-09,-0.7736266851425171,0.0006659886628876293,1113.0,,,,,,,,,,,,,,0.0,,,,,0.013294368982315063,0.0
,mappo,,,,1113.0,0.0,0.0,0.0,0.0,0.0,0.0,0.0,0.0,0.0,0.0,0.0,0.0,0.0,,,,,,,
-0.005303557030856609,mappo,6.368673588497131e-09,-0.7921357750892639,0.0006656885628542849,1114.0,,,,,,,,,,,,,,0.0,,,,,0.013235548511147499,0.0
,mappo,,,,1114.0,0.0,0.0,0.0,0.0,0.0,0.0,0.0,0.0,0.0,0.0,0.0,0.0,0.0,,,,,,,
-0.0014316814485937357,mappo,3.5024969591290755e-09,-0.7853496670722961,0.0006653884628209403,1115.0,,,,,,,,,,,,,,0.0,,,,,0.013324018567800522,0.0
,mappo,,,,1115.0,0.0,0.0,0.0,0.0,0.0,0.0,0.0,0.0,0.0,0.0,0.0,0.0,0.0,,,,,,,
0.008413821458816528,mappo,6.1119944660958936e-09,-0.7857683300971985,0.0006650883627875958,1116.0,,,,,,,,,,,,,,0.0,,,,,0.013228857889771461,0.0
,mappo,,,,1116.0,0.0,0.0,0.0,0.0,0.0,0.0,0.0,0.0,0.0,0.0,0.0,0.0,0.0,,,,,,,
-0.002358414698392153,mappo,7.1692971559400576e-09,-0.813152551651001,0.0006647882627542514,1117.0,,,,,,,,,,,,,,0.0,,,,,0.013286981731653214,0.0
,mappo,,,,1117.0,0.0,0.0,0.0,0.0,0.0,0.0,0.0,0.0,0.0,0.0,0.0,0.0,0.0,,,,,,,
-0.001036923029460013,mappo,4.286578647594297e-09,-0.8235602974891663,0.000664488162720907,1118.0,,,,,,,,,,,,,,0.0,,,,,0.01323503628373146,0.0
,mappo,,,,1118.0,0.0,0.0,0.0,0.0,0.0,0.0,0.0,0.0,0.0,0.0,0.0,0.0,0.0,,,,,,,
0.0027549993246793747,mappo,4.819026067082177e-09,-0.8311984539031982,0.0006641880626875625,1119.0,,,,,,,,,,,,,,0.0,,,,,0.013304365798830986,0.0
,mappo,,,,1119.0,0.0,0.0,0.0,0.0,0.0,0.0,0.0,0.0,0.0,0.0,0.0,0.0,0.0,,,,,,,
0.004924194887280464,mappo,4.509174811317962e-09,-0.829136312007904,0.0006638879626542181,1120.0,,,,,,,,,,,,,,0.0,,,,,0.013284494169056416,0.0
,mappo,,,,1120.0,0.0,0.0,0.0,0.0,0.0,0.0,0.0,0.0,0.0,0.0,0.0,0.0,0.0,,,,,,,
-0.0030475850217044353,mappo,2.0701436120873495e-09,-0.8284544944763184,0.0006635878626208736,1121.0,,,,,,,,,,,,,,0.0,,,,,0.013295459561049938,0.0
,mappo,,,,1121.0,0.0,0.0,0.0,0.0,0.0,0.0,0.0,0.0,0.0,0.0,0.0,0.0,0.0,,,,,,,
0.0019681951962411404,mappo,1.1185167236860138e-09,-0.8344203233718872,0.0006632877625875292,1122.0,,,,,,,,,,,,,,0.0,,,,,0.01322402898222208,0.0
,mappo,,,,1122.0,0.0,0.0,0.0,0.0,0.0,0.0,0.0,0.0,0.0,0.0,0.0,0.0,0.0,,,,,,,
0.0018507640343159437,mappo,1.517251213556392e-09,-0.8456045985221863,0.0006629876625541848,1123.0,,,,,,,,,,,,,,0.0,,,,,0.013326914981007576,0.0
,mappo,,,,1123.0,0.0,0.0,0.0,0.0,0.0,0.0,0.0,0.0,0.0,0.0,0.0,0.0,0.0,,,,,,,
0.007508683018386364,mappo,9.232254960522823e-10,-0.8623917698860168,0.0006626875625208404,1124.0,,,,,,,,,,,,,,0.0,,,,,0.013334481045603752,0.0
,mappo,,,,1124.0,0.0,0.0,0.0,0.0,0.0,0.0,0.0,0.0,0.0,0.0,0.0,0.0,0.0,,,,,,,
0.0033334828913211823,mappo,1.3153601541304738e-09,-0.8493993878364563,0.0006623874624874958,1125.0,,,,,,,,,,,,,,0.0,,,,,0.01326759159564972,0.0
,mappo,,,,1125.0,0.0,0.0,0.0,0.0,0.0,0.0,0.0,0.0,0.0,0.0,0.0,0.0,0.0,,,,,,,
0.004077097401022911,mappo,3.2743623368247654e-09,-0.8727633953094482,0.0006620873624541514,1126.0,,,,,,,,,,,,,,0.0,,,,,0.01332591287791729,0.0
,mappo,,,,1126.0,0.0,0.0,0.0,0.0,0.0,0.0,0.0,0.0,0.0,0.0,0.0,0.0,0.0,,,,,,,
-0.0014483679551631212,mappo,7.660814760335199e-10,-0.8338955640792847,0.0006617872624208069,1127.0,,,,,,,,,,,,,,0.0,,,,,0.01321091316640377,0.0
,mappo,,,,1127.0,0.0,0.0,0.0,0.0,0.0,0.0,0.0,0.0,0.0,0.0,0.0,0.0,0.0,,,,,,,
-3.1328294426202774e-05,mappo,6.015538067671855e-10,-0.8348331451416016,0.0006614871623874625,1128.0,,,,,,,,,,,,,,0.0,,,,,0.01330466940999031,0.0
,mappo,,,,1128.0,0.0,0.0,0.0,0.0,0.0,0.0,0.0,0.0,0.0,0.0,0.0,0.0,0.0,,,,,,,
0.004532685503363609,mappo,1.3681526744857564e-10,-0.840813934803009,0.0006611870623541181,1129.0,,,,,,,,,,,,,,0.0,,,,,0.013261398300528526,0.0
,mappo,,,,1129.0,0.0,0.0,0.0,0.0,0.0,0.0,0.0,0.0,0.0,0.0,0.0,0.0,0.0,,,,,,,
-0.003662389237433672,mappo,3.288358751962761e-10,-0.8140658736228943,0.0006608869623207736,1130.0,,,,,,,,,,,,,,0.0,,,,,0.013315077871084213,0.0
,mappo,,,,1130.0,0.0,0.0,0.0,0.0,0.0,0.0,0.0,0.0,0.0,0.0,0.0,0.0,0.0,,,,,,,
-0.005003807600587606,mappo,4.648818829888768e-10,-0.8114202618598938,0.0006605868622874292,1131.0,,,,,,,,,,,,,,0.0,,,,,0.013240041211247444,0.0
,mappo,,,,1131.0,0.0,0.0,0.0,0.0,0.0,0.0,0.0,0.0,0.0,0.0,0.0,0.0,0.0,,,,,,,
0.004828727338463068,mappo,4.3167158736423517e-10,-0.7941465377807617,0.0006602867622540847,1132.0,,,,,,,,,,,,,,0.0,,,,,0.013315771706402302,0.0
,mappo,,,,1132.0,0.0,0.0,0.0,0.0,0.0,0.0,0.0,0.0,0.0,0.0,0.0,0.0,0.0,,,,,,,
0.0006064898334443569,mappo,6.319617051886439e-10,-0.8035456538200378,0.0006599866622207403,1133.0,,,,,,,,,,,,,,0.0,,,,,0.013194797560572624,0.0
,mappo,,,,1133.0,0.0,0.0,0.0,0.0,0.0,0.0,0.0,0.0,0.0,0.0,0.0,0.0,0.0,,,,,,,
-0.006443797145038843,mappo,7.918127820083498e-10,-0.8174376487731934,0.0006596865621873959,1134.0,,,,,,,,,,,,,,0.0,,,,,0.013326052576303482,0.0
,mappo,,,,1134.0,0.0,0.0,0.0,0.0,0.0,0.0,0.0,0.0,0.0,0.0,0.0,0.0,0.0,,,,,,,
-0.0017838607309386134,mappo,2.2683193101613597e-09,-0.816967248916626,0.0006593864621540514,1135.0,,,,,,,,,,,,,,0.0,,,,,0.013206133618950844,0.0
,mappo,,,,1135.0,0.0,0.0,0.0,0.0,0.0,0.0,0.0,0.0,0.0,0.0,0.0,0.0,0.0,,,,,,,
-0.0034868631046265364,mappo,1.6176940897949521e-09,-0.8247777223587036,0.0006590863621207069,1136.0,,,,,,,,,,,,,,0.0,,,,,0.013238810934126377,0.0
,mappo,,,,1136.0,0.0,0.0,0.0,0.0,0.0,0.0,0.0,0.0,0.0,0.0,0.0,0.0,0.0,,,,,,,
0.0031758134718984365,mappo,2.579870761465486e-09,-0.8202934861183167,0.0006587862620873625,1137.0,,,,,,,,,,,,,,0.0,,,,,0.01321156695485115,0.0
,mappo,,,,1137.0,0.0,0.0,0.0,0.0,0.0,0.0,0.0,0.0,0.0,0.0,0.0,0.0,0.0,,,,,,,
-0.0032820538617670536,mappo,6.511805317188646e-09,-0.8112491965293884,0.000658486162054018,1138.0,,,,,,,,,,,,,,0.0,,,,,0.013307292014360428,0.0
,mappo,,,,1138.0,0.0,0.0,0.0,0.0,0.0,0.0,0.0,0.0,0.0,0.0,0.0,0.0,0.0,,,,,,,
-0.0025162079837173223,mappo,3.5568974432464984e-09,-0.8433873057365417,0.0006581860620206736,1139.0,,,,,,,,,,,,,,0.0,,,,,0.013217756524682045,0.0
,mappo,,,,1139.0,0.0,0.0,0.0,0.0,0.0,0.0,0.0,0.0,0.0,0.0,0.0,0.0,0.0,,,,,,,
0.016825610771775246,mappo,6.481776004818585e-09,-0.797024667263031,0.0006578859619873292,1140.0,,,,,,,,,,,,,,0.0,,,,,0.013202576898038387,0.0
,mappo,,,,1140.0,0.0,0.0,0.0,0.0,0.0,0.0,0.0,0.0,0.0,0.0,0.0,0.0,0.0,,,,,,,
-0.002321659354493022,mappo,1.042040143062195e-08,-0.8039748668670654,0.0006575858619539847,1141.0,,,,,,,,,,,,,,0.0,,,,,0.01316813100129366,0.0
,mappo,,,,1141.0,0.0,0.0,0.0,0.0,0.0,0.0,0.0,0.0,0.0,0.0,0.0,0.0,0.0,,,,,,,
0.005429708864539862,mappo,1.0559777940954973e-08,-0.7618572115898132,0.0006572857619206403,1142.0,,,,,,,,,,,,,,0.0,,,,,0.013155784457921982,0.0
,mappo,,,,1142.0,0.0,0.0,0.0,0.0,0.0,0.0,0.0,0.0,0.0,0.0,0.0,0.0,0.0,,,,,,,
0.00046453686081804335,mappo,1.1276298117479655e-08,-0.7373145222663879,0.0006569856618872957,1143.0,,,,,,,,,,,,,,0.0,,,,,0.013282297179102898,0.0
,mappo,,,,1143.0,0.0,0.0,0.0,0.0,0.0,0.0,0.0,0.0,0.0,0.0,0.0,0.0,0.0,,,,,,,
-0.0015532474499195814,mappo,1.429385854123666e-08,-0.7056192755699158,0.0006566855618539513,1144.0,,,,,,,,,,,,,,0.0,,,,,0.013231123797595501,0.0
,mappo,,,,1144.0,0.0,0.0,0.0,0.0,0.0,0.0,0.0,0.0,0.0,0.0,0.0,0.0,0.0,,,,,,,
0.0033452901989221573,mappo,1.1167450075788565e-08,-0.6934041380882263,0.0006563854618206069,1145.0,,,,,,,,,,,,,,0.0,,,,,0.013194417580962181,0.0
,mappo,,,,1145.0,0.0,0.0,0.0,0.0,0.0,0.0,0.0,0.0,0.0,0.0,0.0,0.0,0.0,,,,,,,
-0.002704402431845665,mappo,1.2058861464936399e-08,-0.6777598857879639,0.0006560853617872625,1146.0,,,,,,,,,,,,,,0.0,,,,,0.01321297325193882,0.0
,mappo,,,,1146.0,0.0,0.0,0.0,0.0,0.0,0.0,0.0,0.0,0.0,0.0,0.0,0.0,0.0,,,,,,,
-0.001653702580370009,mappo,2.720616976148449e-08,-0.658653736114502,0.000655785261753918,1147.0,,,,,,,,,,,,,,0.0,,,,,0.01316976547241211,0.0
,mappo,,,,1147.0,0.0,0.0,0.0,0.0,0.0,0.0,0.0,0.0,0.0,0.0,0.0,0.0,0.0,,,,,,,
0.0006300052627921104,mappo,3.482026755818879e-08,-0.6762463450431824,0.0006554851617205736,1148.0,,,,,,,,,,,,,,0.0,,,,,0.013168370351195335,0.0
,mappo,,,,1148.0,0.0,0.0,0.0,0.0,0.0,0.0,0.0,0.0,0.0,0.0,0.0,0.0,0.0,,,,,,,
0.004374030977487564,mappo,3.970462003621833e-08,-0.672615647315979,0.0006551850616872291,1149.0,,,,,,,,,,,,,,0.0,,,,,0.013138048350811005,0.0
,mappo,,,,1149.0,0.0,0.0,0.0,0.0,0.0,0.0,0.0,0.0,0.0,0.0,0.0,0.0,0.0,,,,,,,
-0.006096913944929838,mappo,3.687310368150065e-08,-0.6619059443473816,0.0006548849616538847,1150.0,,,,,,,,,,,,,,0.0,,,,,0.013202889822423458,0.0
,mappo,,,,1150.0,0.0,0.0,0.0,0.0,0.0,0.0,0.0,0.0,0.0,0.0,0.0,0.0,0.0,,,,,,,
0.00615022424608469,mappo,5.0496929304699734e-08,-0.641655445098877,0.0006545848616205403,1151.0,,,,,,,,,,,,,,0.0,,,,,0.013113101944327354,0.0
,mappo,,,,1151.0,0.0,0.0,0.0,0.0,0.0,0.0,0.0,0.0,0.0,0.0,0.0,0.0,0.0,,,,,,,
-0.0016942574875429273,mappo,6.100805194364511e-08,-0.6300168633460999,0.0006542847615871957,1152.0,,,,,,,,,,,,,,0.0,,,,,0.013091841712594032,0.0
,mappo,,,,1152.0,0.0,0.0,0.0,0.0,0.0,0.0,0.0,0.0,0.0,0.0,0.0,0.0,0.0,,,,,,,
0.0011403737589716911,mappo,7.09077241367595e-08,-0.6605033278465271,0.0006539846615538512,1153.0,,,,,,,,,,,,,,0.0,,,,,0.013132903724908829,0.0
,mappo,,,,1153.0,0.0,0.0,0.0,0.0,0.0,0.0,0.0,0.0,0.0,0.0,0.0,0.0,0.0,,,,,,,
-0.0020220873411744833,mappo,6.350758496864728e-08,-0.7083660960197449,0.0006536845615205068,1154.0,,,,,,,,,,,,,,0.0,,,,,0.01307922787964344,0.0
,mappo,,,,1154.0,0.0,0.0,0.0,0.0,0.0,0.0,0.0,0.0,0.0,0.0,0.0,0.0,0.0,,,,,,,
-0.0004033762961626053,mappo,6.612327041466415e-08,-0.7368614673614502,0.0006533844614871624,1155.0,,,,,,,,,,,,,,0.0,,,,,0.013247551396489143,0.0
,mappo,,,,1155.0,0.0,0.0,0.0,0.0,0.0,0.0,0.0,0.0,0.0,0.0,0.0,0.0,0.0,,,,,,,
0.0008262267801910639,mappo,6.511385919338863e-08,-0.7559032440185547,0.000653084361453818,1156.0,,,,,,,,,,,,,,0.0,,,,,0.013091585598886013,0.0
,mappo,,,,1156.0,0.0,0.0,0.0,0.0,0.0,0.0,0.0,0.0,0.0,0.0,0.0,0.0,0.0,,,,,,,
-0.0029930253513157368,mappo,6.756881276714921e-08,-0.7733393311500549,0.0006527842614204736,1157.0,,,,,,,,,,,,,,0.0,,,,,0.01317471731454134,0.0
,mappo,,,,1157.0,0.0,0.0,0.0,0.0,0.0,0.0,0.0,0.0,0.0,0.0,0.0,0.0,0.0,,,,,,,
-0.000974855967797339,mappo,6.109027594902727e-08,-0.7815901637077332,0.0006524841613871291,1158.0,,,,,,,,,,,,,,0.0,,,,,0.013196028769016266,0.0
,mappo,,,,1158.0,0.0,0.0,0.0,0.0,0.0,0.0,0.0,0.0,0.0,0.0,0.0,0.0,0.0,,,,,,,
-0.002103738486766815,mappo,5.546949211066021e-08,-0.7757802605628967,0.0006521840613537847,1159.0,,,,,,,,,,,,,,0.0,,,,,0.013249699026346207,0.0
,mappo,,,,1159.0,0.0,0.0,0.0,0.0,0.0,0.0,0.0,0.0,0.0,0.0,0.0,0.0,0.0,,,,,,,
0.0011195908300578594,mappo,4.8509473771218836e-08,-0.7951887249946594,0.0006518839613204402,1160.0,,,,,,,,,,,,,,0.0,,,,,0.013259213417768478,0.0
,mappo,,,,1160.0,0.0,0.0,0.0,0.0,0.0,0.0,0.0,0.0,0.0,0.0,0.0,0.0,0.0,,,,,,,
-0.003103164955973625,mappo,4.6145341769943116e-08,-0.7773820757865906,0.0006515838612870957,1161.0,,,,,,,,,,,,,,0.0,,,,,0.013058759272098541,0.0
,mappo,,,,1161.0,0.0,0.0,0.0,0.0,0.0,0.0,0.0,0.0,0.0,0.0,0.0,0.0,0.0,,,,,,,
-0.0013747370103374124,mappo,4.084796856318462e-08,-0.7821413278579712,0.0006512837612537513,1162.0,,,,,,,,,,,,,,0.0,,,,,0.013150950893759727,0.0
,mappo,,,,1162.0,0.0,0.0,0.0,0.0,0.0,0.0,0.0,0.0,0.0,0.0,0.0,0.0,0.0,,,,,,,
0.0014064947608858347,mappo,2.9651909372319096e-08,-0.79505854845047,0.0006509836612204068,1163.0,,,,,,,,,,,,,,0.0,,,,,0.01322285458445549,0.0
,mappo,,,,1163.0,0.0,0.0,0.0,0.0,0.0,0.0,0.0,0.0,0.0,0.0,0.0,0.0,0.0,,,,,,,
-0.0025669049937278032,mappo,2.1191919330476594e-08,-0.8320788145065308,0.0006506835611870623,1164.0,,,,,,,,,,,,,,0.0,,,,,0.013201683759689331,0.0
,mappo,,,,1164.0,0.0,0.0,0.0,0.0,0.0,0.0,0.0,0.0,0.0,0.0,0.0,0.0,0.0,,,,,,,
0.005162923131138086,mappo,2.0366625719248077e-08,-0.8019220232963562,0.0006503834611537179,1165.0,,,,,,,,,,,,,,0.0,,,,,0.01319600734859705,0.0
,mappo,,,,1165.0,0.0,0.0,0.0,0.0,0.0,0.0,0.0,0.0,0.0,0.0,0.0,0.0,0.0,,,,,,,
8.728020475246012e-05,mappo,1.1260128829349014e-08,-0.797247588634491,0.0006500833611203735,1166.0,,,,,,,,,,,,,,0.0,,,,,0.01311720535159111,0.0
,mappo,,,,1166.0,0.0,0.0,0.0,0.0,0.0,0.0,0.0,0.0,0.0,0.0,0.0,0.0,0.0,,,,,,,
0.002560088876634836,mappo,9.292546288008907e-09,-0.7806264162063599,0.0006497832610870291,1167.0,,,,,,,,,,,,,,0.0,,,,,0.012990832328796387,0.0
,mappo,,,,1167.0,0.0,0.0,0.0,0.0,0.0,0.0,0.0,0.0,0.0,0.0,0.0,0.0,0.0,,,,,,,
0.004745751619338989,mappo,6.682260966783815e-09,-0.8503625988960266,0.0006494831610536846,1168.0,,,,,,,,,,,,,,0.0,,,,,0.013001833111047745,0.0
,mappo,,,,1168.0,0.0,0.0,0.0,0.0,0.0,0.0,0.0,0.0,0.0,0.0,0.0,0.0,0.0,,,,,,,
-0.0016307199839502573,mappo,5.466095132078408e-09,-0.8809394240379333,0.0006491830610203402,1169.0,,,,,,,,,,,,,,0.0,,,,,0.01306912675499916,0.0
,mappo,,,,1169.0,0.0,0.0,0.0,0.0,0.0,0.0,0.0,0.0,0.0,0.0,0.0,0.0,0.0,,,,,,,
-0.0008942362037487328,mappo,2.8898308190861144e-09,-0.8754105567932129,0.0006488829609869956,1170.0,,,,,,,,,,,,,,0.0,,,,,0.013111934065818787,0.0
,mappo,,,,1170.0,0.0,0.0,0.0,0.0,0.0,0.0,0.0,0.0,0.0,0.0,0.0,0.0,0.0,,,,,,,
0.0006377047975547612,mappo,1.6925432166914334e-09,-0.8572933673858643,0.0006485828609536512,1171.0,,,,,,,,,,,,,,0.0,,,,,0.013070018962025642,0.0
,mappo,,,,1171.0,0.0,0.0,0.0,0.0,0.0,0.0,0.0,0.0,0.0,0.0,0.0,0.0,0.0,,,,,,,
-0.0014937703963369131,mappo,9.536175182844886e-10,-0.853467583656311,0.0006482827609203068,1172.0,,,,,,,,,,,,,,0.0,,,,,0.013093271292746067,0.0
,mappo,,,,1172.0,0.0,0.0,0.0,0.0,0.0,0.0,0.0,0.0,0.0,0.0,0.0,0.0,0.0,,,,,,,
-0.0014444997068494558,mappo,3.856506503030488e-10,-0.8570956587791443,0.0006479826608869624,1173.0,,,,,,,,,,,,,,0.0,,,,,0.013101641088724136,0.0
,mappo,,,,1173.0,0.0,0.0,0.0,0.0,0.0,0.0,0.0,0.0,0.0,0.0,0.0,0.0,0.0,,,,,,,
0.0017113164067268372,mappo,5.332541630487242e-10,-0.8512846231460571,0.0006476825608536179,1174.0,,,,,,,,,,,,,,0.0,,,,,0.013090526685118675,0.0
,mappo,,,,1174.0,0.0,0.0,0.0,0.0,0.0,0.0,0.0,0.0,0.0,0.0,0.0,0.0,0.0,,,,,,,
-0.0068998257629573345,mappo,8.375186655307232e-10,-0.8751276731491089,0.0006473824608202734,1175.0,,,,,,,,,,,,,,0.0,,,,,0.013097373768687248,0.0
,mappo,,,,1175.0,0.0,0.0,0.0,0.0,0.0,0.0,0.0,0.0,0.0,0.0,0.0,0.0,0.0,,,,,,,
0.011002076789736748,mappo,1.6913895839465454e-09,-0.8765201568603516,0.000647082360786929,1176.0,,,,,,,,,,,,,,0.0,,,,,0.013165316544473171,0.0
,mappo,,,,1176.0,0.0,0.0,0.0,0.0,0.0,0.0,0.0,0.0,0.0,0.0,0.0,0.0,0.0,,,,,,,
0.00038359034806489944,mappo,5.025850846607227e-09,-0.881320595741272,0.0006467822607535846,1177.0,,,,,,,,,,,,,,0.0,,,,,0.013083506375551224,0.0
,mappo,,,,1177.0,0.0,0.0,0.0,0.0,0.0,0.0,0.0,0.0,0.0,0.0,0.0,0.0,0.0,,,,,,,
0.002037870232015848,mappo,5.16030906894116e-09,-0.9200888872146606,0.0006464821607202402,1178.0,,,,,,,,,,,,,,0.0,,,,,0.013081960380077362,0.0
,mappo,,,,1178.0,0.0,0.0,0.0,0.0,0.0,0.0,0.0,0.0,0.0,0.0,0.0,0.0,0.0,,,,,,,
-0.003983524162322283,mappo,3.5440979040402e-09,-0.9542205929756165,0.0006461820606868956,1179.0,,,,,,,,,,,,,,0.0,,,,,0.013171996921300888,0.0
,mappo,,,,1179.0,0.0,0.0,0.0,0.0,0.0,0.0,0.0,0.0,0.0,0.0,0.0,0.0,0.0,,,,,,,
0.004062028601765633,mappo,7.100433574436238e-09,-0.9752078056335449,0.0006458819606535512,1180.0,,,,,,,,,,,,,,0.0,,,,,0.013112133368849754,0.0
,mappo,,,,1180.0,0.0,0.0,0.0,0.0,0.0,0.0,0.0,0.0,0.0,0.0,0.0,0.0,0.0,,,,,,,
0.003980612847954035,mappo,9.945697598823244e-09,-1.0089045763015747,0.0006455818606202067,1181.0,,,,,,,,,,,,,,0.0,,,,,0.013182043097913265,0.0
,mappo,,,,1181.0,0.0,0.0,0.0,0.0,0.0,0.0,0.0,0.0,0.0,0.0,0.0,0.0,0.0,,,,,,,
0.0007088258862495422,mappo,1.4152544025591851e-08,-1.021445870399475,0.0006452817605868623,1182.0,,,,,,,,,,,,,,0.0,,,,,0.01307637244462967,0.0
,mappo,,,,1182.0,0.0,0.0,0.0,0.0,0.0,0.0,0.0,0.0,0.0,0.0,0.0,0.0,0.0,,,,,,,
0.0021835877560079098,mappo,1.5030595434950556e-08,-1.0314284563064575,0.0006449816605535179,1183.0,,,,,,,,,,,,,,0.0,,,,,0.01314820721745491,0.0
,mappo,,,,1183.0,0.0,0.0,0.0,0.0,0.0,0.0,0.0,0.0,0.0,0.0,0.0,0.0,0.0,,,,,,,
-0.001558579970151186,mappo,1.7262959062236405e-08,-1.0195752382278442,0.0006446815605201735,1184.0,,,,,,,,,,,,,,0.0,,,,,0.013087235391139984,0.0
,mappo,,,,1184.0,0.0,0.0,0.0,0.0,0.0,0.0,0.0,0.0,0.0,0.0,0.0,0.0,0.0,,,,,,,
0.0027484609745442867,mappo,1.7185803002917055e-08,-1.0203851461410522,0.000644381460486829,1185.0,,,,,,,,,,,,,,0.0,,,,,0.013034297153353691,0.0
,mappo,,,,1185.0,0.0,0.0,0.0,0.0,0.0,0.0,0.0,0.0,0.0,0.0,0.0,0.0,0.0,,,,,,,
-0.004211205057799816,mappo,1.6273821401568966e-08,-1.0185956954956055,0.0006440813604534845,1186.0,,,,,,,,,,,,,,0.0,,,,,0.013104480691254139,0.0
,mappo,,,,1186.0,0.0,0.0,0.0,0.0,0.0,0.0,0.0,0.0,0.0,0.0,0.0,0.0,0.0,,,,,,,
-0.007234501652419567,mappo,1.6310011119458068e-08,-0.9892340302467346,0.00064378126042014,1187.0,,,,,,,,,,,,,,0.0,,,,,0.013117536902427673,0.0
,mappo,,,,1187.0,0.0,0.0,0.0,0.0,0.0,0.0,0.0,0.0,0.0,0.0,0.0,0.0,0.0,,,,,,,
0.0018294232431799173,mappo,1.990803433216115e-08,-0.9416829347610474,0.0006434811603867956,1188.0,,,,,,,,,,,,,,0.0,,,,,0.013046441599726677,0.0
,mappo,,,,1188.0,0.0,0.0,0.0,0.0,0.0,0.0,0.0,0.0,0.0,0.0,0.0,0.0,0.0,,,,,,,
0.0019511100836098194,mappo,1.6946133385431494e-08,-0.9507798552513123,0.0006431810603534512,1189.0,,,,,,,,,,,,,,0.0,,,,,0.013142766430974007,0.0
,mappo,,,,1189.0,0.0,0.0,0.0,0.0,0.0,0.0,0.0,0.0,0.0,0.0,0.0,0.0,0.0,,,,,,,
-0.0012396863894537091,mappo,1.6453228113277873e-08,-0.9546835422515869,0.0006428809603201067,1190.0,,,,,,,,,,,,,,0.0,,,,,0.013103559613227844,0.0
,mappo,,,,1190.0,0.0,0.0,0.0,0.0,0.0,0.0,0.0,0.0,0.0,0.0,0.0,0.0,0.0,,,,,,,
-0.0020593509543687105,mappo,1.4012252691486538e-08,-0.9271280169487,0.0006425808602867623,1191.0,,,,,,,,,,,,,,0.0,,,,,0.01319596916437149,0.0
,mappo,,,,1191.0,0.0,0.0,0.0,0.0,0.0,0.0,0.0,0.0,0.0,0.0,0.0,0.0,0.0,,,,,,,
-0.0004928865819238126,mappo,1.8702582593732586e-08,-0.9046507477760315,0.0006422807602534178,1192.0,,,,,,,,,,,,,,0.0,,,,,0.013123229146003723,0.0
,mappo,,,,1192.0,0.0,0.0,0.0,0.0,0.0,0.0,0.0,0.0,0.0,0.0,0.0,0.0,0.0,,,,,,,
-0.001422595465555787,mappo,1.4112934820786904e-08,-0.9157213568687439,0.0006419806602200734,1193.0,,,,,,,,,,,,,,0.0,,,,,0.01312735304236412,0.0
,mappo,,,,1193.0,0.0,0.0,0.0,0.0,0.0,0.0,0.0,0.0,0.0,0.0,0.0,0.0,0.0,,,,,,,
0.0032100314274430275,mappo,9.744885787199564e-09,-0.8658857345581055,0.000641680560186729,1194.0,,,,,,,,,,,,,,0.0,,,,,0.013135064393281937,0.0
,mappo,,,,1194.0,0.0,0.0,0.0,0.0,0.0,0.0,0.0,0.0,0.0,0.0,0.0,0.0,0.0,,,,,,,
0.00011248516966588795,mappo,7.71175123759349e-09,-0.8558884859085083,0.0006413804601533846,1195.0,,,,,,,,,,,,,,0.0,,,,,0.013160428032279015,0.0
,mappo,,,,1195.0,0.0,0.0,0.0,0.0,0.0,0.0,0.0,0.0,0.0,0.0,0.0,0.0,0.0,,,,,,,
-0.002098760334774852,mappo,9.287643543132162e-09,-0.8576369285583496,0.00064108036012004,1196.0,,,,,,,,,,,,,,0.0,,,,,0.01314101554453373,0.0
,mappo,,,,1196.0,0.0,0.0,0.0,0.0,0.0,0.0,0.0,0.0,0.0,0.0,0.0,0.0,0.0,,,,,,,
-0.004606121219694614,mappo,8.017740249499639e-09,-0.877812922000885,0.0006407802600866955,1197.0,,,,,,,,,,,,,,0.0,,,,,0.01321201678365469,0.0
,mappo,,,,1197.0,0.0,0.0,0.0,0.0,0.0,0.0,0.0,0.0,0.0,0.0,0.0,0.0,0.0,,,,,,,
-0.004905281588435173,mappo,6.400687091456803e-09,-0.8697416186332703,0.0006404801600533511,1198.0,,,,,,,,,,,,,,0.0,,,,,0.013133542612195015,0.0
,mappo,,,,1198.0,0.0,0.0,0.0,0.0,0.0,0.0,0.0,0.0,0.0,0.0,0.0,0.0,0.0,,,,,,,
-0.001995171420276165,mappo,8.178448140938599e-09,-0.8559964895248413,0.0006401800600200067,1199.0,,,,,,,,,,,,,,0.0,,,,,0.013113312423229218,0.0
,mappo,,,,1199.0,0.0,0.0,0.0,0.0,0.0,0.0,0.0,0.0,0.0,0.0,0.0,0.0,0.0,,,,,,,
,mappo,,,,1199.0,,,,,,,,,,,,,,,0.0,0.0,0.0,0.0,,
0.0027543120086193085,mappo,5.032666283710796e-09,-0.8891755938529968,0.0006398799599866623,1200.0,,,,,,,,,,,,,,0.0,,,,,0.013169614598155022,0.0
,mappo,,,,1200.0,0.0,0.0,0.0,0.0,0.0,0.0,0.0,0.0,0.0,0.0,0.0,0.0,0.0,,,,,,,
0.0020487348083406687,mappo,2.843967505938849e-09,-0.8644747734069824,0.0006395798599533178,1201.0,,,,,,,,,,,,,,0.0,,,,,0.013059744611382484,0.0
,mappo,,,,1201.0,0.0,0.0,0.0,0.0,0.0,0.0,0.0,0.0,0.0,0.0,0.0,0.0,0.0,,,,,,,
-0.00680824788287282,mappo,3.3753937422886793e-09,-0.8997728228569031,0.0006392797599199733,1202.0,,,,,,,,,,,,,,0.0,,,,,0.013238229788839817,0.0
,mappo,,,,1202.0,0.0,0.0,0.0,0.0,0.0,0.0,0.0,0.0,0.0,0.0,0.0,0.0,0.0,,,,,,,
0.0006360160768963397,mappo,3.161731099154963e-09,-0.903860867023468,0.0006389796598866289,1203.0,,,,,,,,,,,,,,0.0,,,,,0.013201408088207245,0.0
,mappo,,,,1203.0,0.0,0.0,0.0,0.0,0.0,0.0,0.0,0.0,0.0,0.0,0.0,0.0,0.0,,,,,,,
-0.003289608983322978,mappo,2.5011674953390184e-09,-0.9173951148986816,0.0006386795598532845,1204.0,,,,,,,,,,,,,,0.0,,,,,0.013170361518859863,0.0
,mappo,,,,1204.0,0.0,0.0,0.0,0.0,0.0,0.0,0.0,0.0,0.0,0.0,0.0,0.0,0.0,,,,,,,
-0.0011657406575977802,mappo,2.4352551086792573e-09,-0.9202551245689392,0.00063837945981994,1205.0,,,,,,,,,,,,,,0.0,,,,,0.013242963701486588,0.0
,mappo,,,,1205.0,0.0,0.0,0.0,0.0,0.0,0.0,0.0,0.0,0.0,0.0,0.0,0.0,0.0,,,,,,,
0.001083776936866343,mappo,1.4421418503829386e-09,-0.9439280033111572,0.0006380793597865956,1206.0,,,,,,,,,,,,,,0.0,,,,,0.013251947239041328,0.0
,mappo,,,,1206.0,0.0,0.0,0.0,0.0,0.0,0.0,0.0,0.0,0.0,0.0,0.0,0.0,0.0,,,,,,,
-0.0008015127386897802,mappo,1.4440533213644358e-09,-0.9458643794059753,0.0006377792597532511,1207.0,,,,,,,,,,,,,,0.0,,,,,0.013277094811201096,0.0
,mappo,,,,1207.0,0.0,0.0,0.0,0.0,0.0,0.0,0.0,0.0,0.0,0.0,0.0,0.0,0.0,,,,,,,
-0.0025609221775084734,mappo,1.7843797550654017e-09,-0.9439966082572937,0.0006374791597199066,1208.0,,,,,,,,,,,,,,0.0,,,,,0.01324324868619442,0.0
,mappo,,,,1208.0,0.0,0.0,0.0,0.0,0.0,0.0,0.0,0.0,0.0,0.0,0.0,0.0,0.0,,,,,,,
-0.0024717473424971104,mappo,2.04804750936205e-09,-0.9461546540260315,0.0006371790596865622,1209.0,,,,,,,,,,,,,,0.0,,,,,0.013213984668254852,0.0
,mappo,,,,1209.0,0.0,0.0,0.0,0.0,0.0,0.0,0.0,0.0,0.0,0.0,0.0,0.0,0.0,,,,,,,
-0.0008411139133386314,mappo,1.6484880127620727e-09,-0.9400365352630615,0.0006368789596532178,1210.0,,,,,,,,,,,,,,0.0,,,,,0.01333827618509531,0.0
,mappo,,,,1210.0,0.0,0.0,0.0,0.0,0.0,0.0,0.0,0.0,0.0,0.0,0.0,0.0,0.0,,,,,,,
-0.004350343253463507,mappo,2.131677057093384e-09,-0.9357187747955322,0.0006365788596198734,1211.0,,,,,,,,,,,,,,0.0,,,,,0.013337024487555027,0.0
,mappo,,,,1211.0,0.0,0.0,0.0,0.0,0.0,0.0,0.0,0.0,0.0,0.0,0.0,0.0,0.0,,,,,,,
0.0023632878437638283,mappo,2.08108619226266e-09,-0.938643217086792,0.0006362787595865289,1212.0,,,,,,,,,,,,,,0.0,,,,,0.013344187289476395,0.0
,mappo,,,,1212.0,0.0,0.0,0.0,0.0,0.0,0.0,0.0,0.0,0.0,0.0,0.0,0.0,0.0,,,,,,,
-0.005448920652270317,mappo,1.685909856163903e-09,-0.9004562497138977,0.0006359786595531844,1213.0,,,,,,,,,,,,,,0.0,,,,,0.013233521953225136,0.0
,mappo,,,,1213.0,0.0,0.0,0.0,0.0,0.0,0.0,0.0,0.0,0.0,0.0,0.0,0.0,0.0,,,,,,,
-0.0005165468319319189,mappo,2.0206802897604348e-09,-0.9248989820480347,0.00063567855951984,1214.0,,,,,,,,,,,,,,0.0,,,,,0.013347625732421875,0.0
,mappo,,,,1214.0,0.0,0.0,0.0,0.0,0.0,0.0,0.0,0.0,0.0,0.0,0.0,0.0,0.0,,,,,,,
-0.000728614570107311,mappo,3.230833600653682e-09,-0.95493084192276,0.0006353784594864955,1215.0,,,,,,,,,,,,,,0.0,,,,,0.013329731300473213,0.0
,mappo,,,,1215.0,0.0,0.0,0.0,0.0,0.0,0.0,0.0,0.0,0.0,0.0,0.0,0.0,0.0,,,,,,,
-0.008530186489224434,mappo,7.405647206581989e-09,-0.9668995141983032,0.0006350783594531511,1216.0,,,,,,,,,,,,,,0.0,,,,,0.013298463076353073,0.0
,mappo,,,,1216.0,0.0,0.0,0.0,0.0,0.0,0.0,0.0,0.0,0.0,0.0,0.0,0.0,0.0,,,,,,,
0.0045016114600002766,mappo,4.772451767109942e-09,-1.0074447393417358,0.0006347782594198066,1217.0,,,,,,,,,,,,,,0.0,,,,,0.013213096186518669,0.0
,mappo,,,,1217.0,0.0,0.0,0.0,0.0,0.0,0.0,0.0,0.0,0.0,0.0,0.0,0.0,0.0,,,,,,,
0.001308002625592053,mappo,5.506912703623357e-09,-0.9909037351608276,0.0006344781593864622,1218.0,,,,,,,,,,,,,,0.0,,,,,0.013259063474833965,0.0
,mappo,,,,1218.0,0.0,0.0,0.0,0.0,0.0,0.0,0.0,0.0,0.0,0.0,0.0,0.0,0.0,,,,,,,
0.0030415800865739584,mappo,6.737630453557131e-09,-0.9681782126426697,0.0006341780593531177,1219.0,,,,,,,,,,,,,,0.0,,,,,0.013317406177520752,0.0
,mappo,,,,1219.0,0.0,0.0,0.0,0.0,0.0,0.0,0.0,0.0,0.0,0.0,0.0,0.0,0.0,,,,,,,
-0.0021399108227342367,mappo,1.0692482454999208e-08,-0.9589481353759766,0.0006338779593197733,1220.0,,,,,,,,,,,,,,0.0,,,,,0.01327467244118452,0.0
,mappo,,,,1220.0,0.0,0.0,0.0,0.0,0.0,0.0,0.0,0.0,0.0,0.0,0.0,0.0,0.0,,,,,,,
0.0040475125424563885,mappo,1.3159837664034058e-08,-0.9271726608276367,0.0006335778592864289,1221.0,,,,,,,,,,,,,,0.0,,,,,0.0132901631295681,0.0
,mappo,,,,1221.0,0.0,0.0,0.0,0.0,0.0,0.0,0.0,0.0,0.0,0.0,0.0,0.0,0.0,,,,,,,
0.0053282734006643295,mappo,1.1073534977867894e-08,-0.8990358710289001,0.0006332777592530845,1222.0,,,,,,,,,,,,,,0.0,,,,,0.013260271400213242,0.0
,mappo,,,,1222.0,0.0,0.0,0.0,0.0,0.0,0.0,0.0,0.0,0.0,0.0,0.0,0.0,0.0,,,,,,,
-0.007573224604129791,mappo,1.173945562982226e-08,-0.8803262114524841,0.00063297765921974,1223.0,,,,,,,,,,,,,,0.0,,,,,0.01317718904465437,0.0
,mappo,,,,1223.0,0.0,0.0,0.0,0.0,0.0,0.0,0.0,0.0,0.0,0.0,0.0,0.0,0.0,,,,,,,
-0.003675691783428192,mappo,1.0088407442765401e-08,-0.878158688545227,0.0006326775591863954,1224.0,,,,,,,,,,,,,,0.0,,,,,0.013286823406815529,0.0
,mappo,,,,1224.0,0.0,0.0,0.0,0.0,0.0,0.0,0.0,0.0,0.0,0.0,0.0,0.0,0.0,,,,,,,
0.010049225762486458,mappo,7.983482319673385e-09,-0.9288540482521057,0.000632377459153051,1225.0,,,,,,,,,,,,,,0.0,,,,,0.013133639469742775,0.0
,mappo,,,,1225.0,0.0,0.0,0.0,0.0,0.0,0.0,0.0,0.0,0.0,0.0,0.0,0.0,0.0,,,,,,,
0.0031790146604180336,mappo,7.873325102991657e-09,-0.9230728149414062,0.0006320773591197066,1226.0,,,,,,,,,,,,,,0.0,,,,,0.01329143438488245,0.0
,mappo,,,,1226.0,0.0,0.0,0.0,0.0,0.0,0.0,0.0,0.0,0.0,0.0,0.0,0.0,0.0,,,,,,,
0.0010948453564196825,mappo,7.590029937887266e-09,-0.9535001516342163,0.0006317772590863622,1227.0,,,,,,,,,,,,,,0.0,,,,,0.013314569368958473,0.0
,mappo,,,,1227.0,0.0,0.0,0.0,0.0,0.0,0.0,0.0,0.0,0.0,0.0,0.0,0.0,0.0,,,,,,,
-0.0029585594311356544,mappo,7.256814260614419e-09,-0.9581848978996277,0.0006314771590530177,1228.0,,,,,,,,,,,,,,0.0,,,,,0.013287188485264778,0.0
,mappo,,,,1228.0,0.0,0.0,0.0,0.0,0.0,0.0,0.0,0.0,0.0,0.0,0.0,0.0,0.0,,,,,,,
-0.002316682133823633,mappo,5.705697248004071e-09,-0.975392758846283,0.0006311770590196733,1229.0,,,,,,,,,,,,,,0.0,,,,,0.013268010690808296,0.0
,mappo,,,,1229.0,0.0,0.0,0.0,0.0,0.0,0.0,0.0,0.0,0.0,0.0,0.0,0.0,0.0,,,,,,,
0.015526196919381618,mappo,3.583960683783971e-09,-0.9137917160987854,0.0006308769589863288,1230.0,,,,,,,,,,,,,,0.0,,,,,0.013126600533723831,0.0
,mappo,,,,1230.0,0.0,0.0,0.0,0.0,0.0,0.0,0.0,0.0,0.0,0.0,0.0,0.0,0.0,,,,,,,
-0.001240891171619296,mappo,2.2451998038519605e-09,-0.9207261204719543,0.0006305768589529844,1231.0,,,,,,,,,,,,,,0.0,,,,,0.013276627287268639,0.0
,mappo,,,,1231.0,0.0,0.0,0.0,0.0,0.0,0.0,0.0,0.0,0.0,0.0,0.0,0.0,0.0,,,,,,,
0.012002176605165005,mappo,3.0640696646599963e-09,-0.8832623362541199,0.00063027675891964,1232.0,,,,,,,,,,,,,,0.0,,,,,0.013245940208435059,0.0
,mappo,,,,1232.0,0.0,0.0,0.0,0.0,0.0,0.0,0.0,0.0,0.0,0.0,0.0,0.0,0.0,,,,,,,
-1.1130643542855978e-05,mappo,2.0797277233697287e-09,-0.9027017951011658,0.0006299766588862955,1233.0,,,,,,,,,,,,,,0.0,,,,,0.013279451988637447,0.0
,mappo,,,,1233.0,0.0,0.0,0.0,0.0,0.0,0.0,0.0,0.0,0.0,0.0,0.0,0.0,0.0,,,,,,,
0.0006311823381111026,mappo,6.869264046471812e-10,-0.912245512008667,0.000629676558852951,1234.0,,,,,,,,,,,,,,0.0,,,,,0.01315112505108118,0.0
,mappo,,,,1234.0,0.0,0.0,0.0,0.0,0.0,0.0,0.0,0.0,0.0,0.0,0.0,0.0,0.0,,,,,,,
-0.0028351859655231237,mappo,1.2410948657670673e-10,-0.927819013595581,0.0006293764588196065,1235.0,,,,,,,,,,,,,,0.0,,,,,0.013268573209643364,0.0
,mappo,,,,1235.0,0.0,0.0,0.0,0.0,0.0,0.0,0.0,0.0,0.0,0.0,0.0,0.0,0.0,,,,,,,
-0.0025972144212573767,mappo,5.371147970834045e-10,-0.8943438529968262,0.0006290763587862621,1236.0,,,,,,,,,,,,,,0.0,,,,,0.013224555179476738,0.0
,mappo,,,,1236.0,0.0,0.0,0.0,0.0,0.0,0.0,0.0,0.0,0.0,0.0,0.0,0.0,0.0,,,,,,,
0.0012166858650743961,mappo,9.577578730102232e-10,-0.9183470606803894,0.0006287762587529177,1237.0,,,,,,,,,,,,,,0.0,,,,,0.013178513385355473,0.0
,mappo,,,,1237.0,0.0,0.0,0.0,0.0,0.0,0.0,0.0,0.0,0.0,0.0,0.0,0.0,0.0,,,,,,,
-0.003438713029026985,mappo,4.192752811604805e-09,-0.9063571095466614,0.0006284761587195733,1238.0,,,,,,,,,,,,,,0.0,,,,,0.01317003183066845,0.0
,mappo,,,,1238.0,0.0,0.0,0.0,0.0,0.0,0.0,0.0,0.0,0.0,0.0,0.0,0.0,0.0,,,,,,,
0.007644929923117161,mappo,2.9456674877081923e-09,-0.9241055250167847,0.0006281760586862288,1239.0,,,,,,,,,,,,,,0.0,,,,,0.013187597505748272,0.0
,mappo,,,,1239.0,0.0,0.0,0.0,0.0,0.0,0.0,0.0,0.0,0.0,0.0,0.0,0.0,0.0,,,,,,,
0.005402362905442715,mappo,3.208927346065593e-09,-0.920783281326294,0.0006278759586528844,1240.0,,,,,,,,,,,,,,0.0,,,,,0.0132114477455616,0.0
,mappo,,,,1240.0,0.0,0.0,0.0,0.0,0.0,0.0,0.0,0.0,0.0,0.0,0.0,0.0,0.0,,,,,,,
-0.0014894884079694748,mappo,7.988849581863633e-09,-0.9646472334861755,0.0006275758586195398,1241.0,,,,,,,,,,,,,,0.0,,,,,0.013247746042907238,0.0
,mappo,,,,1241.0,0.0,0.0,0.0,0.0,0.0,0.0,0.0,0.0,0.0,0.0,0.0,0.0,0.0,,,,,,,
-0.0018999202875420451,mappo,1.4454633046057097e-08,-0.9875580072402954,0.0006272757585861954,1242.0,,,,,,,,,,,,,,0.0,,,,,0.013270536437630653,0.0
,mappo,,,,1242.0,0.0,0.0,0.0,0.0,0.0,0.0,0.0,0.0,0.0,0.0,0.0,0.0,0.0,,,,,,,
-0.006557677872478962,mappo,1.8617578589896766e-08,-1.043314814567566,0.000626975658552851,1243.0,,,,,,,,,,,,,,0.0,,,,,0.013194223865866661,0.0
,mappo,,,,1243.0,0.0,0.0,0.0,0.0,0.0,0.0,0.0,0.0,0.0,0.0,0.0,0.0,0.0,,,,,,,
-0.006018570624291897,mappo,2.5110338697231782e-08,-1.0384804010391235,0.0006266755585195066,1244.0,,,,,,,,,,,,,,0.0,,,,,0.013233539648354053,0.0
,mappo,,,,1244.0,0.0,0.0,0.0,0.0,0.0,0.0,0.0,0.0,0.0,0.0,0.0,0.0,0.0,,,,,,,
-0.0017405219841748476,mappo,2.864940640279201e-08,-1.0502761602401733,0.000626375458486162,1245.0,,,,,,,,,,,,,,0.0,,,,,0.01325765810906887,0.0
,mappo,,,,1245.0,0.0,0.0,0.0,0.0,0.0,0.0,0.0,0.0,0.0,0.0,0.0,0.0,0.0,,,,,,,
-0.0031976166646927595,mappo,4.553481147695493e-08,-1.037598967552185,0.0006260753584528176,1246.0,,,,,,,,,,,,,,0.0,,,,,0.013163309544324875,0.0
,mappo,,,,1246.0,0.0,0.0,0.0,0.0,0.0,0.0,0.0,0.0,0.0,0.0,0.0,0.0,0.0,,,,,,,
-0.004389679059386253,mappo,5.619660825573192e-08,-1.0263475179672241,0.0006257752584194732,1247.0,,,,,,,,,,,,,,0.0,,,,,0.013140557333827019,0.0
,mappo,,,,1247.0,0.0,0.0,0.0,0.0,0.0,0.0,0.0,0.0,0.0,0.0,0.0,0.0,0.0,,,,,,,
-0.003542195772752166,mappo,7.568669957436214e-08,-1.030863642692566,0.0006254751583861288,1248.0,,,,,,,,,,,,,,0.0,,,,,0.013189777731895447,0.0
,mappo,,,,1248.0,0.0,0.0,0.0,0.0,0.0,0.0,0.0,0.0,0.0,0.0,0.0,0.0,0.0,,,,,,,
0.0021888436749577522,mappo,9.47158085295996e-08,-1.035790205001831,0.0006251750583527844,1249.0,,,,,,,,,,,,,,0.0,,,,,0.01318618468940258,0.0
,mappo,,,,1249.0,0.0,0.0,0.0,0.0,0.0,0.0,0.0,0.0,0.0,0.0,0.0,0.0,0.0,,,,,,,
-0.007714387029409409,mappo,1.1003709232682013e-07,-1.0248061418533325,0.0006248749583194398,1250.0,,,,,,,,,,,,,,0.0,,,,,0.013196565210819244,0.0
,mappo,,,,1250.0,0.0,0.0,0.0,0.0,0.0,0.0,0.0,0.0,0.0,0.0,0.0,0.0,0.0,,,,,,,
-0.0003869281499646604,mappo,1.2247886616023607e-07,-1.0509872436523438,0.0006245748582860954,1251.0,,,,,,,,,,,,,,0.0,,,,,0.013099905103445053,0.0
,mappo,,,,1251.0,0.0,0.0,0.0,0.0,0.0,0.0,0.0,0.0,0.0,0.0,0.0,0.0,0.0,,,,,,,
-0.00041657715337350965,mappo,1.331073917754111e-07,-1.0785914659500122,0.0006242747582527509,1252.0,,,,,,,,,,,,,,0.0,,,,,0.013160459697246552,0.0
,mappo,,,,1252.0,0.0,0.0,0.0,0.0,0.0,0.0,0.0,0.0,0.0,0.0,0.0,0.0,0.0,,,,,,,
0.0019260228145867586,mappo,1.383531298415619e-07,-1.0857230424880981,0.0006239746582194065,1253.0,,,,,,,,,,,,,,0.0,,,,,0.013111982494592667,0.0
,mappo,,,,1253.0,0.0,0.0,0.0,0.0,0.0,0.0,0.0,0.0,0.0,0.0,0.0,0.0,0.0,,,,,,,
0.0031880647875368595,mappo,1.3394831910318317e-07,-1.099866271018982,0.0006236745581860621,1254.0,,,,,,,,,,,,,,0.0,,,,,0.013147182762622833,0.0
,mappo,,,,1254.0,0.0,0.0,0.0,0.0,0.0,0.0,0.0,0.0,0.0,0.0,0.0,0.0,0.0,,,,,,,
-0.002066466026008129,mappo,1.2273825689135265e-07,-1.11343252658844,0.0006233744581527177,1255.0,,,,,,,,,,,,,,0.0,,,,,0.013175945729017258,0.0
,mappo,,,,1255.0,0.0,0.0,0.0,0.0,0.0,0.0,0.0,0.0,0.0,0.0,0.0,0.0,0.0,,,,,,,
-0.003739552339538932,mappo,1.0532785665873234e-07,-1.1142066717147827,0.0006230743581193731,1256.0,,,,,,,,,,,,,,0.0,,,,,0.013249706476926804,0.0
,mappo,,,,1256.0,0.0,0.0,0.0,0.0,0.0,0.0,0.0,0.0,0.0,0.0,0.0,0.0,0.0,,,,,,,
0.005719469860196114,mappo,3.71086024131273e-08,-1.1226643323898315,0.0006227742580860287,1257.0,,,,,,,,,,,,,,0.0,,,,,0.013050436973571777,0.0
,mappo,,,,1257.0,0.0,0.0,0.0,0.0,0.0,0.0,0.0,0.0,0.0,0.0,0.0,0.0,0.0,,,,,,,
-0.0002151855151169002,mappo,1.0099775238359143e-08,-1.1184037923812866,0.0006224741580526843,1258.0,,,,,,,,,,,,,,0.0,,,,,0.01311582513153553,0.0
,mappo,,,,1258.0,0.0,0.0,0.0,0.0,0.0,0.0,0.0,0.0,0.0,0.0,0.0,0.0,0.0,,,,,,,
-0.004258488770574331,mappo,5.33561994586762e-09,-1.1014732122421265,0.0006221740580193398,1259.0,,,,,,,,,,,,,,0.0,,,,,0.013164921663701534,0.0
,mappo,,,,1259.0,0.0,0.0,0.0,0.0,0.0,0.0,0.0,0.0,0.0,0.0,0.0,0.0,0.0,,,,,,,
0.010864662937819958,mappo,2.06726902263199e-09,-1.0935989618301392,0.0006218739579859953,1260.0,,,,,,,,,,,,,,0.0,,,,,0.01312682032585144,0.0
,mappo,,,,1260.0,0.0,0.0,0.0,0.0,0.0,0.0,0.0,0.0,0.0,0.0,0.0,0.0,0.0,,,,,,,
0.00034851525560952723,mappo,9.508061893370723e-09,-1.0883811712265015,0.0006215738579526509,1261.0,,,,,,,,,,,,,,0.0,,,,,0.013122200965881348,0.0
,mappo,,,,1261.0,0.0,0.0,0.0,0.0,0.0,0.0,0.0,0.0,0.0,0.0,0.0,0.0,0.0,,,,,,,
-0.004062281455844641,mappo,3.2298306251732356e-08,-1.0775240659713745,0.0006212737579193064,1262.0,,,,,,,,,,,,,,0.0,,,,,0.013177039101719856,0.0
,mappo,,,,1262.0,0.0,0.0,0.0,0.0,0.0,0.0,0.0,0.0,0.0,0.0,0.0,0.0,0.0,,,,,,,
-0.0032480324152857065,mappo,7.860537465376183e-08,-1.0931060314178467,0.000620973657885962,1263.0,,,,,,,,,,,,,,0.0,,,,,0.013230541720986366,0.0
,mappo,,,,1263.0,0.0,0.0,0.0,0.0,0.0,0.0,0.0,0.0,0.0,0.0,0.0,0.0,0.0,,,,,,,
0.005540558136999607,mappo,1.8196151074789668e-07,-1.096510410308838,0.0006206735578526176,1264.0,,,,,,,,,,,,,,0.0,,,,,0.013202923350036144,0.0
,mappo,,,,1264.0,0.0,0.0,0.0,0.0,0.0,0.0,0.0,0.0,0.0,0.0,0.0,0.0,0.0,,,,,,,
-0.0022753351368010044,mappo,2.7410393954596657e-07,-1.1145365238189697,0.0006203734578192732,1265.0,,,,,,,,,,,,,,0.0,,,,,0.013205047696828842,0.0
,mappo,,,,1265.0,0.0,0.0,0.0,0.0,0.0,0.0,0.0,0.0,0.0,0.0,0.0,0.0,0.0,,,,,,,
-0.0010606235591694713,mappo,3.2029711860559473e-07,-1.1218889951705933,0.0006200733577859288,1266.0,,,,,,,,,,,,,,0.0,,,,,0.01312574464827776,0.0
,mappo,,,,1266.0,0.0,0.0,0.0,0.0,0.0,0.0,0.0,0.0,0.0,0.0,0.0,0.0,0.0,,,,,,,
0.0005481633706949651,mappo,3.358258311436657e-07,-1.0982104539871216,0.0006197732577525841,1267.0,,,,,,,,,,,,,,0.0,,,,,0.013136472553014755,0.0
,mappo,,,,1267.0,0.0,0.0,0.0,0.0,0.0,0.0,0.0,0.0,0.0,0.0,0.0,0.0,0.0,,,,,,,
0.023412387818098068,mappo,2.920531869676779e-07,-1.1413723230361938,0.0006194731577192397,1268.0,,,,,,,,,,,,,,0.0,,,,,0.013212498277425766,0.0
,mappo,,,,1268.0,0.0,0.0,0.0,0.0,0.0,0.0,0.0,0.0,0.0,0.0,0.0,0.0,0.0,,,,,,,
0.0008751499699428678,mappo,2.3720946273897425e-07,-1.142581820487976,0.0006191730576858953,1269.0,,,,,,,,,,,,,,0.0,,,,,0.013164524920284748,0.0
,mappo,,,,1269.0,0.0,0.0,0.0,0.0,0.0,0.0,0.0,0.0,0.0,0.0,0.0,0.0,0.0,,,,,,,
0.026203718036413193,mappo,1.96348040049088e-07,-1.197877049446106,0.0006188729576525509,1270.0,,,,,,,,,,,,,,0.0,,,,,0.0132001843303442,0.0
,mappo,,,,1270.0,0.0,0.0,0.0,0.0,0.0,0.0,0.0,0.0,0.0,0.0,0.0,0.0,0.0,,,,,,,
0.0056985062547028065,mappo,1.313580071382603e-07,-1.1577097177505493,0.0006185728576192064,1271.0,,,,,,,,,,,,,,0.0,,,,,0.013184303417801857,0.0
,mappo,,,,1271.0,0.0,0.0,0.0,0.0,0.0,0.0,0.0,0.0,0.0,0.0,0.0,0.0,0.0,,,,,,,
-0.009199793450534344,mappo,7.859706130375343e-08,-1.1696388721466064,0.000618272757585862,1272.0,,,,,,,,,,,,,,0.0,,,,,0.013239247724413872,0.0
,mappo,,,,1272.0,0.0,0.0,0.0,0.0,0.0,0.0,0.0,0.0,0.0,0.0,0.0,0.0,0.0,,,,,,,
0.008607076480984688,mappo,5.4209021271844904e-08,-1.1067428588867188,0.0006179726575525175,1273.0,,,,,,,,,,,,,,0.0,,,,,0.013246229849755764,0.0
,mappo,,,,1273.0,0.0,0.0,0.0,0.0,0.0,0.0,0.0,0.0,0.0,0.0,0.0,0.0,0.0,,,,,,,
-0.0013354273978620768,mappo,2.452328295987627e-08,-1.0649158954620361,0.0006176725575191731,1274.0,,,,,,,,,,,,,,0.0,,,,,0.013274859637022018,0.0
,mappo,,,,1274.0,0.0,0.0,0.0,0.0,0.0,0.0,0.0,0.0,0.0,0.0,0.0,0.0,0.0,,,,,,,
-0.00020068848971277475,mappo,1.3359064965356993e-08,-1.0664814710617065,0.0006173724574858287,1275.0,,,,,,,,,,,,,,0.0,,,,,0.013173805549740791,0.0
,mappo,,,,1275.0,0.0,0.0,0.0,0.0,0.0,0.0,0.0,0.0,0.0,0.0,0.0,0.0,0.0,,,,,,,
-4.995311610400677e-05,mappo,6.806498475953049e-09,-1.0949592590332031,0.0006170723574524843,1276.0,,,,,,,,,,,,,,0.0,,,,,0.013260073959827423,0.0
,mappo,,,,1276.0,0.0,0.0,0.0,0.0,0.0,0.0,0.0,0.0,0.0,0.0,0.0,0.0,0.0,,,,,,,
-0.002386994194239378,mappo,3.0105733461738282e-09,-1.125903606414795,0.0006167722574191397,1277.0,,,,,,,,,,,,,,0.0,,,,,0.013159841299057007,0.0
,mappo,,,,1277.0,0.0,0.0,0.0,0.0,0.0,0.0,0.0,0.0,0.0,0.0,0.0,0.0,0.0,,,,,,,
-1.8833030480891466e-05,mappo,8.563168507613739e-10,-1.1677772998809814,0.0006164721573857952,1278.0,,,,,,,,,,,,,,0.0,,,,,0.013320455327630043,0.0
,mappo,,,,1278.0,0.0,0.0,0.0,0.0,0.0,0.0,0.0,0.0,0.0,0.0,0.0,0.0,0.0,,,,,,,
0.00493821082636714,mappo,1.4962029393217335e-09,-1.1786162853240967,0.0006161720573524508,1279.0,,,,,,,,,,,,,,0.0,,,,,0.013229195959866047,0.0
,mappo,,,,1279.0,0.0,0.0,0.0,0.0,0.0,0.0,0.0,0.0,0.0,0.0,0.0,0.0,0.0,,,,,,,
-0.01025424338877201,mappo,6.295119980848085e-10,-1.2325013875961304,0.0006158719573191064,1280.0,,,,,,,,,,,,,,0.0,,,,,0.013221627101302147,0.0
,mappo,,,,1280.0,0.0,0.0,0.0,0.0,0.0,0.0,0.0,0.0,0.0,0.0,0.0,0.0,0.0,,,,,,,
-0.0035355889704078436,mappo,2.421390588036587e-10,-1.245161771774292,0.000615571857285762,1281.0,,,,,,,,,,,,,,0.0,,,,,0.01322232000529766,0.0
,mappo,,,,1281.0,0.0,0.0,0.0,0.0,0.0,0.0,0.0,0.0,0.0,0.0,0.0,0.0,0.0,,,,,,,
0.0008703970815986395,mappo,2.3383653346975564e-10,-1.2073493003845215,0.0006152717572524175,1282.0,,,,,,,,,,,,,,0.0,,,,,0.013119909912347794,0.0
,mappo,,,,1282.0,0.0,0.0,0.0,0.0,0.0,0.0,0.0,0.0,0.0,0.0,0.0,0.0,0.0,,,,,,,
0.00323690683580935,mappo,1.4561227223985895e-10,-1.2303681373596191,0.0006149716572190731,1283.0,,,,,,,,,,,,,,0.0,,,,,0.0131927989423275,0.0
,mappo,,,,1283.0,0.0,0.0,0.0,0.0,0.0,0.0,0.0,0.0,0.0,0.0,0.0,0.0,0.0,,,,,,,
0.0005537975812330842,mappo,1.3374736040905333e-10,-1.2080519199371338,0.0006146715571857286,1284.0,,,,,,,,,,,,,,0.0,,,,,0.013160793110728264,0.0
,mappo,,,,1284.0,0.0,0.0,0.0,0.0,0.0,0.0,0.0,0.0,0.0,0.0,0.0,0.0,0.0,,,,,,,
-0.0008547710021957755,mappo,2.66599214926444e-10,-1.2196249961853027,0.0006143714571523841,1285.0,,,,,,,,,,,,,,0.0,,,,,0.013227475807070732,0.0
,mappo,,,,1285.0,0.0,0.0,0.0,0.0,0.0,0.0,0.0,0.0,0.0,0.0,0.0,0.0,0.0,,,,,,,
-0.00019164889818057418,mappo,9.296066000308301e-11,-1.2388765811920166,0.0006140713571190397,1286.0,,,,,,,,,,,,,,0.0,,,,,0.0132609773427248,0.0
,mappo,,,,1286.0,0.0,0.0,0.0,0.0,0.0,0.0,0.0,0.0,0.0,0.0,0.0,0.0,0.0,,,,,,,
-0.0024701589718461037,mappo,8.664480938280761e-11,-1.20567786693573,0.0006137712570856953,1287.0,,,,,,,,,,,,,,0.0,,,,,0.013288204558193684,0.0
,mappo,,,,1287.0,0.0,0.0,0.0,0.0,0.0,0.0,0.0,0.0,0.0,0.0,0.0,0.0,0.0,,,,,,,
0.040421899408102036,mappo,4.5908954415807557e-10,-1.2564481496810913,0.0006134711570523508,1288.0,,,,,,,,,,,,,,0.0,,,,,0.01313997246325016,0.0
,mappo,,,,1288.0,0.0,0.0,0.0,0.0,0.0,0.0,0.0,0.0,0.0,0.0,0.0,0.0,0.0,,,,,,,
-0.005577619653195143,mappo,7.554076808524712e-11,-1.2458513975143433,0.0006131710570190063,1289.0,,,,,,,,,,,,,,0.0,,,,,0.013197661377489567,0.0
,mappo,,,,1289.0,0.0,0.0,0.0,0.0,0.0,0.0,0.0,0.0,0.0,0.0,0.0,0.0,0.0,,,,,,,
-0.004975995514541864,mappo,8.535848416979519e-11,-1.2888418436050415,0.0006128709569856619,1290.0,,,,,,,,,,,,,,0.0,,,,,0.013290192931890488,0.0
,mappo,,,,1290.0,0.0,0.0,0.0,0.0,0.0,0.0,0.0,0.0,0.0,0.0,0.0,0.0,0.0,,,,,,,
-0.003978313412517309,mappo,5.0332196743774205e-11,-1.30270516872406,0.0006125708569523175,1291.0,,,,,,,,,,,,,,0.0,,,,,0.013267284259200096,0.0
,mappo,,,,1291.0,0.0,0.0,0.0,0.0,0.0,0.0,0.0,0.0,0.0,0.0,0.0,0.0,0.0,,,,,,,
0.00265688868239522,mappo,1.2932338533389043e-10,-1.3153632879257202,0.0006122707569189731,1292.0,,,,,,,,,,,,,,0.0,,,,,0.01329025998711586,0.0
,mappo,,,,1292.0,0.0,0.0,0.0,0.0,0.0,0.0,0.0,0.0,0.0,0.0,0.0,0.0,0.0,,,,,,,
0.0062933568842709064,mappo,7.805495833013154e-11,-1.3121744394302368,0.0006119706568856286,1293.0,,,,,,,,,,,,,,0.0,,,,,0.013321288861334324,0.0
,mappo,,,,1293.0,0.0,0.0,0.0,0.0,0.0,0.0,0.0,0.0,0.0,0.0,0.0,0.0,0.0,,,,,,,
-0.004406407475471497,mappo,1.5389854668423908e-10,-1.311242938041687,0.0006116705568522841,1294.0,,,,,,,,,,,,,,0.0,,,,,0.013319815509021282,0.0
,mappo,,,,1294.0,0.0,0.0,0.0,0.0,0.0,0.0,0.0,0.0,0.0,0.0,0.0,0.0,0.0,,,,,,,
0.0018183994106948376,mappo,4.5854004621093125e-11,-1.3134793043136597,0.0006113704568189396,1295.0,,,,,,,,,,,,,,0.0,,,,,0.01326853409409523,0.0
,mappo,,,,1295.0,0.0,0.0,0.0,0.0,0.0,0.0,0.0,0.0,0.0,0.0,0.0,0.0,0.0,,,,,,,
-0.003906646743416786,mappo,4.968014541417709e-11,-1.3336924314498901,0.0006110703567855952,1296.0,,,,,,,,,,,,,,0.0,,,,,0.01326646190136671,0.0
,mappo,,,,1296.0,0.0,0.0,0.0,0.0,0.0,0.0,0.0,0.0,0.0,0.0,0.0,0.0,0.0,,,,,,,
-0.002374960109591484,mappo,1.3462612968861976e-10,-1.3247246742248535,0.0006107702567522508,1297.0,,,,,,,,,,,,,,0.0,,,,,0.013337943702936172,0.0
,mappo,,,,1297.0,0.0,0.0,0.0,0.0,0.0,0.0,0.0,0.0,0.0,0.0,0.0,0.0,0.0,,,,,,,
-0.0007207246962934732,mappo,1.7760225234919602e-10,-1.2847068309783936,0.0006104701567189064,1298.0,,,,,,,,,,,,,,0.0,,,,,0.013290422037243843,0.0
,mappo,,,,1298.0,0.0,0.0,0.0,0.0,0.0,0.0,0.0,0.0,0.0,0.0,0.0,0.0,0.0,,,,,,,
-0.003540988778695464,mappo,1.615115680086987e-10,-1.3031023740768433,0.0006101700566855619,1299.0,,,,,,,,,,,,,,0.0,,,,,0.01324419304728508,0.0
,mappo,,,,1299.0,0.0,0.0,0.0,0.0,0.0,0.0,0.0,0.0,0.0,0.0,0.0,0.0,0.0,,,,,,,
,mappo,,,,1299.0,,,,,,,,,,,,,,,0.0,0.0,0.0,0.0,,
0.003624261822551489,mappo,1.4134238224272622e-10,-1.2652181386947632,0.0006098699566522174,1300.0,,,,,,,,,,,,,,0.0,,,,,0.01328260451555252,0.0
,mappo,,,,1300.0,0.0,0.0,0.0,0.0,0.0,0.0,0.0,0.0,0.0,0.0,0.0,0.0,0.0,,,,,,,
0.015350588597357273,mappo,3.221750990989314e-11,-1.2930108308792114,0.000609569856618873,1301.0,,,,,,,,,,,,,,0.0,,,,,0.013276583515107632,0.0
,mappo,,,,1301.0,0.0,0.0,0.0,0.0,0.0,0.0,0.0,0.0,0.0,0.0,0.0,0.0,0.0,,,,,,,
-0.0036487386096268892,mappo,4.824500868250148e-11,-1.2795028686523438,0.0006092697565855286,1302.0,,,,,,,,,,,,,,0.0,,,,,0.013259204104542732,0.0
,mappo,,,,1302.0,0.0,0.0,0.0,0.0,0.0,0.0,0.0,0.0,0.0,0.0,0.0,0.0,0.0,,,,,,,
-0.00626963097602129,mappo,8.325203720849217e-11,-1.2271121740341187,0.0006089696565521842,1303.0,,,,,,,,,,,,,,0.0,,,,,0.013275840319693089,0.0
,mappo,,,,1303.0,0.0,0.0,0.0,0.0,0.0,0.0,0.0,0.0,0.0,0.0,0.0,0.0,0.0,,,,,,,
0.0001854528090916574,mappo,1.530464782684149e-10,-1.1563920974731445,0.0006086695565188396,1304.0,,,,,,,,,,,,,,0.0,,,,,0.013232876546680927,0.0
,mappo,,,,1304.0,0.0,0.0,0.0,0.0,0.0,0.0,0.0,0.0,0.0,0.0,0.0,0.0,0.0,,,,,,,
0.00963483564555645,mappo,6.561855225850621e-11,-1.154729962348938,0.0006083694564854951,1305.0,,,,,,,,,,,,,,0.0,,,,,0.013324683532118797,0.0
,mappo,,,,1305.0,0.0,0.0,0.0,0.0,0.0,0.0,0.0,0.0,0.0,0.0,0.0,0.0,0.0,,,,,,,
-0.0022149072028696537,mappo,6.972224880774647e-11,-1.1377432346343994,0.0006080693564521507,1306.0,,,,,,,,,,,,,,0.0,,,,,0.01328226551413536,0.0
,mappo,,,,1306.0,0.0,0.0,0.0,0.0,0.0,0.0,0.0,0.0,0.0,0.0,0.0,0.0,0.0,,,,,,,
-0.000366076419595629,mappo,3.413029581178506e-11,-1.1486976146697998,0.0006077692564188063,1307.0,,,,,,,,,,,,,,0.0,,,,,0.013267227448523045,0.0
,mappo,,,,1307.0,0.0,0.0,0.0,0.0,0.0,0.0,0.0,0.0,0.0,0.0,0.0,0.0,0.0,,,,,,,
0.003755743382498622,mappo,1.1117662346293855e-10,-1.1865876913070679,0.0006074691563854619,1308.0,,,,,,,,,,,,,,0.0,,,,,0.013296731747686863,0.0
,mappo,,,,1308.0,0.0,0.0,0.0,0.0,0.0,0.0,0.0,0.0,0.0,0.0,0.0,0.0,0.0,,,,,,,
-0.0032871058210730553,mappo,9.563507624710255e-11,-1.224637508392334,0.0006071690563521174,1309.0,,,,,,,,,,,,,,0.0,,,,,0.013294193893671036,0.0
,mappo,,,,1309.0,0.0,0.0,0.0,0.0,0.0,0.0,0.0,0.0,0.0,0.0,0.0,0.0,0.0,,,,,,,
-0.0012721645180135965,mappo,3.282099869661437e-10,-1.2594006061553955,0.000606868956318773,1310.0,,,,,,,,,,,,,,0.0,,,,,0.013277402147650719,0.0
,mappo,,,,1310.0,0.0,0.0,0.0,0.0,0.0,0.0,0.0,0.0,0.0,0.0,0.0,0.0,0.0,,,,,,,
-0.003951746504753828,mappo,1.909082197881773e-10,-1.2781765460968018,0.0006065688562854285,1311.0,,,,,,,,,,,,,,0.0,,,,,0.013279206119477749,0.0
,mappo,,,,1311.0,0.0,0.0,0.0,0.0,0.0,0.0,0.0,0.0,0.0,0.0,0.0,0.0,0.0,,,,,,,
-0.004869627766311169,mappo,5.133106439902946e-11,-1.280091404914856,0.000606268756252084,1312.0,,,,,,,,,,,,,,0.0,,,,,0.013247106224298477,0.0
,mappo,,,,1312.0,0.0,0.0,0.0,0.0,0.0,0.0,0.0,0.0,0.0,0.0,0.0,0.0,0.0,,,,,,,
0.00039584178011864424,mappo,9.108964277304565e-11,-1.2802772521972656,0.0006059686562187396,1313.0,,,,,,,,,,,,,,0.0,,,,,0.013181835412979126,0.0
,mappo,,,,1313.0,0.0,0.0,0.0,0.0,0.0,0.0,0.0,0.0,0.0,0.0,0.0,0.0,0.0,,,,,,,
-9.157811291515827e-07,mappo,2.0504954678646214e-10,-1.2866134643554688,0.0006056685561853952,1314.0,,,,,,,,,,,,,,0.0,,,,,0.013207625597715378,0.0
,mappo,,,,1314.0,0.0,0.0,0.0,0.0,0.0,0.0,0.0,0.0,0.0,0.0,0.0,0.0,0.0,,,,,,,
-0.0004892246797680855,mappo,8.291897723999853e-11,-1.2772098779678345,0.0006053684561520507,1315.0,,,,,,,,,,,,,,0.0,,,,,0.013200323097407818,0.0
,mappo,,,,1315.0,0.0,0.0,0.0,0.0,0.0,0.0,0.0,0.0,0.0,0.0,0.0,0.0,0.0,,,,,,,
-0.002139900578185916,mappo,1.740359939494951e-11,-1.292272925376892,0.0006050683561187062,1316.0,,,,,,,,,,,,,,0.0,,,,,0.013173950836062431,0.0
,mappo,,,,1316.0,0.0,0.0,0.0,0.0,0.0,0.0,0.0,0.0,0.0,0.0,0.0,0.0,0.0,,,,,,,
0.006327281706035137,mappo,5.77515951727392e-11,-1.264372706413269,0.0006047682560853618,1317.0,,,,,,,,,,,,,,0.0,,,,,0.013230057433247566,0.0
,mappo,,,,1317.0,0.0,0.0,0.0,0.0,0.0,0.0,0.0,0.0,0.0,0.0,0.0,0.0,0.0,,,,,,,
0.010834419168531895,mappo,1.0070162759223678e-10,-1.3101824522018433,0.0006044681560520174,1318.0,,,,,,,,,,,,,,0.0,,,,,0.013279574923217297,0.0
,mappo,,,,1318.0,0.0,0.0,0.0,0.0,0.0,0.0,0.0,0.0,0.0,0.0,0.0,0.0,0.0,,,,,,,
-0.0023732942063361406,mappo,1.0059109795124144e-10,-1.293995976448059,0.000604168056018673,1319.0,,,,,,,,,,,,,,0.0,,,,,0.013291610404849052,0.0
,mappo,,,,1319.0,0.0,0.0,0.0,0.0,0.0,0.0,0.0,0.0,0.0,0.0,0.0,0.0,0.0,,,,,,,
0.011165065690875053,mappo,9.054128974339548e-11,-1.3010740280151367,0.0006038679559853285,1320.0,,,,,,,,,,,,,,0.0,,,,,0.013254109770059586,0.0
,mappo,,,,1320.0,0.0,0.0,0.0,0.0,0.0,0.0,0.0,0.0,0.0,0.0,0.0,0.0,0.0,,,,,,,
0.00891649629920721,mappo,2.0994561991671823e-11,-1.2705872058868408,0.000603567855951984,1321.0,,,,,,,,,,,,,,0.0,,,,,0.013299084268510342,0.0
,mappo,,,,1321.0,0.0,0.0,0.0,0.0,0.0,0.0,0.0,0.0,0.0,0.0,0.0,0.0,0.0,,,,,,,
-0.003939961548894644,mappo,9.365314079801124e-11,-1.2775075435638428,0.0006032677559186395,1322.0,,,,,,,,,,,,,,0.0,,,,,0.013233263976871967,0.0
,mappo,,,,1322.0,0.0,0.0,0.0,0.0,0.0,0.0,0.0,0.0,0.0,0.0,0.0,0.0,0.0,,,,,,,
0.019117828458547592,mappo,1.2285431005842895e-10,-1.224958896636963,0.0006029676558852951,1323.0,,,,,,,,,,,,,,0.0,,,,,0.013297597877681255,0.0
,mappo,,,,1323.0,0.0,0.0,0.0,0.0,0.0,0.0,0.0,0.0,0.0,0.0,0.0,0.0,0.0,,,,,,,
-0.0001919973292388022,mappo,2.0571817860304265e-10,-1.2272584438323975,0.0006026675558519507,1324.0,,,,,,,,,,,,,,0.0,,,,,0.01326040644198656,0.0
,mappo,,,,1324.0,0.0,0.0,0.0,0.0,0.0,0.0,0.0,0.0,0.0,0.0,0.0,0.0,0.0,,,,,,,
-0.0018097017891705036,mappo,4.2997504862141156e-11,-1.230489730834961,0.0006023674558186063,1325.0,,,,,,,,,,,,,,0.0,,,,,0.013262064196169376,0.0
,mappo,,,,1325.0,0.0,0.0,0.0,0.0,0.0,0.0,0.0,0.0,0.0,0.0,0.0,0.0,0.0,,,,,,,
-0.004306063987314701,mappo,3.215972627090835e-11,-1.2473164796829224,0.0006020673557852618,1326.0,,,,,,,,,,,,,,0.0,,,,,0.013223645277321339,0.0
,mappo,,,,1326.0,0.0,0.0,0.0,0.0,0.0,0.0,0.0,0.0,0.0,0.0,0.0,0.0,0.0,,,,,,,
0.003494568169116974,mappo,3.2772742852849035e-11,-1.2243599891662598,0.0006017672557519173,1327.0,,,,,,,,,,,,,,0.0,,,,,0.013212081044912338,0.0
,mappo,,,,1327.0,0.0,0.0,0.0,0.0,0.0,0.0,0.0,0.0,0.0,0.0,0.0,0.0,0.0,,,,,,,
-0.0005828819703310728,mappo,1.452065689910853e-10,-1.2368327379226685,0.0006014671557185729,1328.0,,,,,,,,,,,,,,0.0,,,,,0.013398117385804653,0.0
,mappo,,,,1328.0,0.0,0.0,0.0,0.0,0.0,0.0,0.0,0.0,0.0,0.0,0.0,0.0,0.0,,,,,,,
0.002672149334102869,mappo,3.817403060324409e-10,-1.2180609703063965,0.0006011670556852285,1329.0,,,,,,,,,,,,,,0.0,,,,,0.013289798982441425,0.0
,mappo,,,,1329.0,0.0,0.0,0.0,0.0,0.0,0.0,0.0,0.0,0.0,0.0,0.0,0.0,0.0,,,,,,,
0.001235252944752574,mappo,4.512011320123577e-10,-1.1795748472213745,0.000600866955651884,1330.0,,,,,,,,,,,,,,0.0,,,,,0.013244003057479858,0.0
,mappo,,,,1330.0,0.0,0.0,0.0,0.0,0.0,0.0,0.0,0.0,0.0,0.0,0.0,0.0,0.0,,,,,,,
-0.0010054918238893151,mappo,2.4734181369723274e-10,-1.1583331823349,0.0006005668556185395,1331.0,,,,,,,,,,,,,,0.0,,,,,0.013340037316083908,0.0
,mappo,,,,1331.0,0.0,0.0,0.0,0.0,0.0,0.0,0.0,0.0,0.0,0.0,0.0,0.0,0.0,,,,,,,
-0.00443157646805048,mappo,1.417955475258026e-10,-1.137416124343872,0.0006002667555851951,1332.0,,,,,,,,,,,,,,0.0,,,,,0.013245489448308945,0.0
,mappo,,,,1332.0,0.0,0.0,0.0,0.0,0.0,0.0,0.0,0.0,0.0,0.0,0.0,0.0,0.0,,,,,,,
-0.0028638432268053293,mappo,2.2053128767574037e-10,-1.1150704622268677,0.0005999666555518506,1333.0,,,,,,,,,,,,,,0.0,,,,,0.013209041208028793,0.0
,mappo,,,,1333.0,0.0,0.0,0.0,0.0,0.0,0.0,0.0,0.0,0.0,0.0,0.0,0.0,0.0,,,,,,,
0.0009700098307803273,mappo,2.619042482887579e-10,-1.0812183618545532,0.0005996665555185062,1334.0,,,,,,,,,,,,,,0.0,,,,,0.01322780642658472,0.0
,mappo,,,,1334.0,0.0,0.0,0.0,0.0,0.0,0.0,0.0,0.0,0.0,0.0,0.0,0.0,0.0,,,,,,,
-8.435652125626802e-05,mappo,7.265153756375042e-11,-1.0937782526016235,0.0005993664554851618,1335.0,,,,,,,,,,,,,,0.0,,,,,0.013276159763336182,0.0
,mappo,,,,1335.0,0.0,0.0,0.0,0.0,0.0,0.0,0.0,0.0,0.0,0.0,0.0,0.0,0.0,,,,,,,
-0.0023962908890098333,mappo,2.467766546665473e-10,-1.117925763130188,0.0005990663554518174,1336.0,,,,,,,,,,,,,,0.0,,,,,0.01316823624074459,0.0
,mappo,,,,1336.0,0.0,0.0,0.0,0.0,0.0,0.0,0.0,0.0,0.0,0.0,0.0,0.0,0.0,,,,,,,
0.005385654978454113,mappo,2.0428260472105109e-10,-1.109622597694397,0.0005987662554184728,1337.0,,,,,,,,,,,,,,0.0,,,,,0.013312466442584991,0.0
,mappo,,,,1337.0,0.0,0.0,0.0,0.0,0.0,0.0,0.0,0.0,0.0,0.0,0.0,0.0,0.0,,,,,,,
-0.0009609080152586102,mappo,2.8986194000601984e-10,-1.105007290840149,0.0005984661553851283,1338.0,,,,,,,,,,,,,,0.0,,,,,0.013191611506044865,0.0
,mappo,,,,1338.0,0.0,0.0,0.0,0.0,0.0,0.0,0.0,0.0,0.0,0.0,0.0,0.0,0.0,,,,,,,
-0.005004392936825752,mappo,2.9121749456351154e-10,-1.0993894338607788,0.0005981660553517839,1339.0,,,,,,,,,,,,,,0.0,,,,,0.013197521679103374,0.0
,mappo,,,,1339.0,0.0,0.0,0.0,0.0,0.0,0.0,0.0,0.0,0.0,0.0,0.0,0.0,0.0,,,,,,,
-0.0002674805582500994,mappo,1.9335692769129054e-10,-1.0918782949447632,0.0005978659553184395,1340.0,,,,,,,,,,,,,,0.0,,,,,0.013232752680778503,0.0
,mappo,,,,1340.0,0.0,0.0,0.0,0.0,0.0,0.0,0.0,0.0,0.0,0.0,0.0,0.0,0.0,,,,,,,
-0.006749986670911312,mappo,5.4607100091752514e-11,-1.0727685689926147,0.0005975658552850951,1341.0,,,,,,,,,,,,,,0.0,,,,,0.013268167153000832,0.0
,mappo,,,,1341.0,0.0,0.0,0.0,0.0,0.0,0.0,0.0,0.0,0.0,0.0,0.0,0.0,0.0,,,,,,,
-0.006204209756106138,mappo,1.1601108268477489e-10,-1.060716152191162,0.0005972657552517506,1342.0,,,,,,,,,,,,,,0.0,,,,,0.013302067294716835,0.0
,mappo,,,,1342.0,0.0,0.0,0.0,0.0,0.0,0.0,0.0,0.0,0.0,0.0,0.0,0.0,0.0,,,,,,,
-0.00282957311719656,mappo,7.858877437705303e-11,-1.0807479619979858,0.0005969656552184062,1343.0,,,,,,,,,,,,,,0.0,,,,,0.013246634975075722,0.0
,mappo,,,,1343.0,0.0,0.0,0.0,0.0,0.0,0.0,0.0,0.0,0.0,0.0,0.0,0.0,0.0,,,,,,,
-0.001294152345508337,mappo,5.984992362817465e-11,-1.0522422790527344,0.0005966655551850617,1344.0,,,,,,,,,,,,,,0.0,,,,,0.013299014419317245,0.0
,mappo,,,,1344.0,0.0,0.0,0.0,0.0,0.0,0.0,0.0,0.0,0.0,0.0,0.0,0.0,0.0,,,,,,,
-0.0061209420673549175,mappo,6.166141208741038e-11,-1.0670031309127808,0.0005963654551517173,1345.0,,,,,,,,,,,,,,0.0,,,,,0.0132551658898592,0.0
,mappo,,,,1345.0,0.0,0.0,0.0,0.0,0.0,0.0,0.0,0.0,0.0,0.0,0.0,0.0,0.0,,,,,,,
-0.000696081668138504,mappo,1.0587351134683232e-10,-1.0303813219070435,0.0005960653551183729,1346.0,,,,,,,,,,,,,,0.0,,,,,0.013261450454592705,0.0
,mappo,,,,1346.0,0.0,0.0,0.0,0.0,0.0,0.0,0.0,0.0,0.0,0.0,0.0,0.0,0.0,,,,,,,
0.009556911885738373,mappo,1.9136743578673787e-10,-1.0549812316894531,0.0005957652550850285,1347.0,,,,,,,,,,,,,,0.0,,,,,0.013228347525000572,0.0
,mappo,,,,1347.0,0.0,0.0,0.0,0.0,0.0,0.0,0.0,0.0,0.0,0.0,0.0,0.0,0.0,,,,,,,
0.0010374024277552962,mappo,1.442411745600225e-10,-1.064482569694519,0.0005954651550516838,1348.0,,,,,,,,,,,,,,0.0,,,,,0.013329869136214256,0.0
,mappo,,,,1348.0,0.0,0.0,0.0,0.0,0.0,0.0,0.0,0.0,0.0,0.0,0.0,0.0,0.0,,,,,,,
0.00830554123967886,mappo,2.1465045019208873e-10,-1.1051242351531982,0.0005951650550183394,1349.0,,,,,,,,,,,,,,0.0,,,,,0.013302506878972054,0.0
,mappo,,,,1349.0,0.0,0.0,0.0,0.0,0.0,0.0,0.0,0.0,0.0,0.0,0.0,0.0,0.0,,,,,,,
-0.003778670448809862,mappo,1.1395722560036958e-10,-1.11800217628479,0.000594864954984995,1350.0,,,,,,,,,,,,,,0.0,,,,,0.01325652003288269,0.0
,mappo,,,,1350.0,0.0,0.0,0.0,0.0,0.0,0.0,0.0,0.0,0.0,0.0,0.0,0.0,0.0,,,,,,,
0.0007393064443022013,mappo,3.737397891168115e-11,-1.116001844406128,0.0005945648549516506,1351.0,,,,,,,,,,,,,,0.0,,,,,0.013296390883624554,0.0
,mappo,,,,1351.0,0.0,0.0,0.0,0.0,0.0,0.0,0.0,0.0,0.0,0.0,0.0,0.0,0.0,,,,,,,
-0.007365645840764046,mappo,3.844647170070381e-11,-1.1029671430587769,0.0005942647549183061,1352.0,,,,,,,,,,,,,,0.0,,,,,0.013288511894643307,0.0
,mappo,,,,1352.0,0.0,0.0,0.0,0.0,0.0,0.0,0.0,0.0,0.0,0.0,0.0,0.0,0.0,,,,,,,
-0.0028371638618409634,mappo,5.796918500777792e-10,-1.0715830326080322,0.0005939646548849617,1353.0,,,,,,,,,,,,,,0.0,,,,,0.013326337561011314,0.0
,mappo,,,,1353.0,0.0,0.0,0.0,0.0,0.0,0.0,0.0,0.0,0.0,0.0,0.0,0.0,0.0,,,,,,,
5.699420580640435e-05,mappo,2.838693724527275e-10,-1.0490607023239136,0.0005936645548516172,1354.0,,,,,,,,,,,,,,0.0,,,,,0.013301119208335876,0.0
,mappo,,,,1354.0,0.0,0.0,0.0,0.0,0.0,0.0,0.0,0.0,0.0,0.0,0.0,0.0,0.0,,,,,,,
0.0009448364144191146,mappo,3.340607790391914e-10,-1.053662896156311,0.0005933644548182728,1355.0,,,,,,,,,,,,,,0.0,,,,,0.013263087719678879,0.0
,mappo,,,,1355.0,0.0,0.0,0.0,0.0,0.0,0.0,0.0,0.0,0.0,0.0,0.0,0.0,0.0,,,,,,,
-0.00424644909799099,mappo,1.1311563491434029e-10,-1.0565584897994995,0.0005930643547849283,1356.0,,,,,,,,,,,,,,0.0,,,,,0.013305621221661568,0.0
,mappo,,,,1356.0,0.0,0.0,0.0,0.0,0.0,0.0,0.0,0.0,0.0,0.0,0.0,0.0,0.0,,,,,,,
-0.002151504624634981,mappo,6.724228396315368e-10,-1.079248309135437,0.0005927642547515839,1357.0,,,,,,,,,,,,,,0.0,,,,,0.013214632868766785,0.0
,mappo,,,,1357.0,0.0,0.0,0.0,0.0,0.0,0.0,0.0,0.0,0.0,0.0,0.0,0.0,0.0,,,,,,,
-0.002755212364718318,mappo,4.836709366351499e-10,-1.0713034868240356,0.0005924641547182395,1358.0,,,,,,,,,,,,,,0.0,,,,,0.01332086231559515,0.0
,mappo,,,,1358.0,0.0,0.0,0.0,0.0,0.0,0.0,0.0,0.0,0.0,0.0,0.0,0.0,0.0,,,,,,,
-0.0033245200756937265,mappo,8.997061984317156e-10,-1.0772318840026855,0.000592164054684895,1359.0,,,,,,,,,,,,,,0.0,,,,,0.01328138168901205,0.0
,mappo,,,,1359.0,0.0,0.0,0.0,0.0,0.0,0.0,0.0,0.0,0.0,0.0,0.0,0.0,0.0,,,,,,,
-0.0018750769086182117,mappo,2.1703927544081125e-09,-1.0549348592758179,0.0005918639546515505,1360.0,,,,,,,,,,,,,,0.0,,,,,0.013393918052315712,0.0
,mappo,,,,1360.0,0.0,0.0,0.0,0.0,0.0,0.0,0.0,0.0,0.0,0.0,0.0,0.0,0.0,,,,,,,
-0.0021852711215615273,mappo,2.3900719181568775e-09,-1.0315749645233154,0.0005915638546182061,1361.0,,,,,,,,,,,,,,0.0,,,,,0.013326402753591537,0.0
,mappo,,,,1361.0,0.0,0.0,0.0,0.0,0.0,0.0,0.0,0.0,0.0,0.0,0.0,0.0,0.0,,,,,,,
0.00029662580345757306,mappo,2.7185165230037e-09,-1.0167579650878906,0.0005912637545848617,1362.0,,,,,,,,,,,,,,0.0,,,,,0.013211732730269432,0.0
,mappo,,,,1362.0,0.0,0.0,0.0,0.0,0.0,0.0,0.0,0.0,0.0,0.0,0.0,0.0,0.0,,,,,,,
-0.0019637523218989372,mappo,2.804116938648349e-09,-1.0107765197753906,0.0005909636545515172,1363.0,,,,,,,,,,,,,,0.0,,,,,0.013236534781754017,0.0
,mappo,,,,1363.0,0.0,0.0,0.0,0.0,0.0,0.0,0.0,0.0,0.0,0.0,0.0,0.0,0.0,,,,,,,
-0.004090944770723581,mappo,3.097909706539781e-09,-0.9934600591659546,0.0005906635545181728,1364.0,,,,,,,,,,,,,,0.0,,,,,0.013301610946655273,0.0
,mappo,,,,1364.0,0.0,0.0,0.0,0.0,0.0,0.0,0.0,0.0,0.0,0.0,0.0,0.0,0.0,,,,,,,
-0.0009620267665013671,mappo,3.6005216585976996e-09,-0.9697690606117249,0.0005903634544848282,1365.0,,,,,,,,,,,,,,0.0,,,,,0.013291964307427406,0.0
,mappo,,,,1365.0,0.0,0.0,0.0,0.0,0.0,0.0,0.0,0.0,0.0,0.0,0.0,0.0,0.0,,,,,,,
-0.0027691074647009373,mappo,3.1136746514448532e-09,-0.9624890089035034,0.0005900633544514838,1366.0,,,,,,,,,,,,,,0.0,,,,,0.013247104361653328,0.0
,mappo,,,,1366.0,0.0,0.0,0.0,0.0,0.0,0.0,0.0,0.0,0.0,0.0,0.0,0.0,0.0,,,,,,,
-0.0014274879358708858,mappo,1.2256716752645502e-09,-0.9552271366119385,0.0005897632544181394,1367.0,,,,,,,,,,,,,,0.0,,,,,0.013255124911665916,0.0
,mappo,,,,1367.0,0.0,0.0,0.0,0.0,0.0,0.0,0.0,0.0,0.0,0.0,0.0,0.0,0.0,,,,,,,
0.016545990481972694,mappo,1.1254962517526224e-09,-0.942791223526001,0.000589463154384795,1368.0,,,,,,,,,,,,,,0.0,,,,,0.013282692059874535,0.0
,mappo,,,,1368.0,0.0,0.0,0.0,0.0,0.0,0.0,0.0,0.0,0.0,0.0,0.0,0.0,0.0,,,,,,,
0.02832452580332756,mappo,1.034609287131616e-09,-0.9864540696144104,0.0005891630543514505,1369.0,,,,,,,,,,,,,,0.0,,,,,0.01327911764383316,0.0
,mappo,,,,1369.0,0.0,0.0,0.0,0.0,0.0,0.0,0.0,0.0,0.0,0.0,0.0,0.0,0.0,,,,,,,
0.00458582304418087,mappo,3.348682442450013e-10,-1.021790623664856,0.0005888629543181061,1370.0,,,,,,,,,,,,,,0.0,,,,,0.013216374441981316,0.0
,mappo,,,,1370.0,0.0,0.0,0.0,0.0,0.0,0.0,0.0,0.0,0.0,0.0,0.0,0.0,0.0,,,,,,,
0.0016240347176790237,mappo,2.3235846580149655e-10,-1.0544017553329468,0.0005885628542847616,1371.0,,,,,,,,,,,,,,0.0,,,,,0.013272086158394814,0.0
,mappo,,,,1371.0,0.0,0.0,0.0,0.0,0.0,0.0,0.0,0.0,0.0,0.0,0.0,0.0,0.0,,,,,,,
0.0010916129685938358,mappo,7.465268958561921e-10,-1.0590999126434326,0.0005882627542514172,1372.0,,,,,,,,,,,,,,0.0,,,,,0.013234006240963936,0.0
,mappo,,,,1372.0,0.0,0.0,0.0,0.0,0.0,0.0,0.0,0.0,0.0,0.0,0.0,0.0,0.0,,,,,,,
-0.0029200019780546427,mappo,1.4598413589084203e-09,-1.0531725883483887,0.0005879626542180728,1373.0,,,,,,,,,,,,,,0.0,,,,,0.01317114382982254,0.0
,mappo,,,,1373.0,0.0,0.0,0.0,0.0,0.0,0.0,0.0,0.0,0.0,0.0,0.0,0.0,0.0,,,,,,,
-0.003553477581590414,mappo,4.088960725567858e-09,-1.0550540685653687,0.0005876625541847282,1374.0,,,,,,,,,,,,,,0.0,,,,,0.013189652003347874,0.0
,mappo,,,,1374.0,0.0,0.0,0.0,0.0,0.0,0.0,0.0,0.0,0.0,0.0,0.0,0.0,0.0,,,,,,,
-0.0011571417562663555,mappo,5.273673053807215e-09,-1.036461591720581,0.0005873624541513838,1375.0,,,,,,,,,,,,,,0.0,,,,,0.013205285184085369,0.0
,mappo,,,,1375.0,0.0,0.0,0.0,0.0,0.0,0.0,0.0,0.0,0.0,0.0,0.0,0.0,0.0,,,,,,,
-0.0021447474136948586,mappo,8.47252668023657e-09,-1.0353727340698242,0.0005870623541180393,1376.0,,,,,,,,,,,,,,0.0,,,,,0.013154979795217514,0.0
,mappo,,,,1376.0,0.0,0.0,0.0,0.0,0.0,0.0,0.0,0.0,0.0,0.0,0.0,0.0,0.0,,,,,,,
-0.0010302925948053598,mappo,1.3107723795258153e-08,-1.0350853204727173,0.0005867622540846949,1377.0,,,,,,,,,,,,,,0.0,,,,,0.013216009363532066,0.0
,mappo,,,,1377.0,0.0,0.0,0.0,0.0,0.0,0.0,0.0,0.0,0.0,0.0,0.0,0.0,0.0,,,,,,,
0.0002660593017935753,mappo,1.7019058162759393e-08,-1.0194865465164185,0.0005864621540513505,1378.0,,,,,,,,,,,,,,0.0,,,,,0.013263393193483353,0.0
,mappo,,,,1378.0,0.0,0.0,0.0,0.0,0.0,0.0,0.0,0.0,0.0,0.0,0.0,0.0,0.0,,,,,,,
0.0021833283826708794,mappo,2.187845637990904e-08,-1.0202481746673584,0.0005861620540180061,1379.0,,,,,,,,,,,,,,0.0,,,,,0.013239435851573944,0.0
,mappo,,,,1379.0,0.0,0.0,0.0,0.0,0.0,0.0,0.0,0.0,0.0,0.0,0.0,0.0,0.0,,,,,,,
0.00263470527715981,mappo,2.9014348257305755e-08,-1.0194693803787231,0.0005858619539846616,1380.0,,,,,,,,,,,,,,0.0,,,,,0.013229906558990479,0.0
,mappo,,,,1380.0,0.0,0.0,0.0,0.0,0.0,0.0,0.0,0.0,0.0,0.0,0.0,0.0,0.0,,,,,,,
-0.0017172195948660374,mappo,3.257113334598216e-08,-1.0260193347930908,0.0005855618539513172,1381.0,,,,,,,,,,,,,,0.0,,,,,0.013270609080791473,0.0
,mappo,,,,1381.0,0.0,0.0,0.0,0.0,0.0,0.0,0.0,0.0,0.0,0.0,0.0,0.0,0.0,,,,,,,
-0.0033582462929189205,mappo,3.6018455773501046e-08,-1.0291334390640259,0.0005852617539179727,1382.0,,,,,,,,,,,,,,0.0,,,,,0.013208579272031784,0.0
,mappo,,,,1382.0,0.0,0.0,0.0,0.0,0.0,0.0,0.0,0.0,0.0,0.0,0.0,0.0,0.0,,,,,,,
0.00025141972582787275,mappo,4.06753599691001e-08,-1.0507642030715942,0.0005849616538846282,1383.0,,,,,,,,,,,,,,0.0,,,,,0.013315796852111816,0.0
,mappo,,,,1383.0,0.0,0.0,0.0,0.0,0.0,0.0,0.0,0.0,0.0,0.0,0.0,0.0,0.0,,,,,,,
-0.006950570736080408,mappo,4.705451672748495e-08,-1.041914701461792,0.0005846615538512838,1384.0,,,,,,,,,,,,,,0.0,,,,,0.01318934466689825,0.0
,mappo,,,,1384.0,0.0,0.0,0.0,0.0,0.0,0.0,0.0,0.0,0.0,0.0,0.0,0.0,0.0,,,,,,,
-0.0016219087410718203,mappo,4.78734456521579e-08,-1.0580412149429321,0.0005843614538179393,1385.0,,,,,,,,,,,,,,0.0,,,,,0.013213558122515678,0.0
,mappo,,,,1385.0,0.0,0.0,0.0,0.0,0.0,0.0,0.0,0.0,0.0,0.0,0.0,0.0,0.0,,,,,,,
-0.0010327573399990797,mappo,4.3839762042807706e-08,-1.0789600610733032,0.0005840613537845949,1386.0,,,,,,,,,,,,,,0.0,,,,,0.013398224487900734,0.0
,mappo,,,,1386.0,0.0,0.0,0.0,0.0,0.0,0.0,0.0,0.0,0.0,0.0,0.0,0.0,0.0,,,,,,,
-0.004645512904971838,mappo,3.587816621575257e-08,-1.0578464269638062,0.0005837612537512504,1387.0,,,,,,,,,,,,,,0.0,,,,,0.013278016820549965,0.0
,mappo,,,,1387.0,0.0,0.0,0.0,0.0,0.0,0.0,0.0,0.0,0.0,0.0,0.0,0.0,0.0,,,,,,,
0.042384129017591476,mappo,2.834750745250858e-08,-1.083032488822937,0.000583461153717906,1388.0,,,,,,,,,,,,,,0.0,,,,,0.013209574855864048,0.0
,mappo,,,,1388.0,0.0,0.0,0.0,0.0,0.0,0.0,0.0,0.0,0.0,0.0,0.0,0.0,0.0,,,,,,,
-0.0043803052976727486,mappo,2.3707256602278903e-08,-1.0918662548065186,0.0005831610536845616,1389.0,,,,,,,,,,,,,,0.0,,,,,0.013193288818001747,0.0
,mappo,,,,1389.0,0.0,0.0,0.0,0.0,0.0,0.0,0.0,0.0,0.0,0.0,0.0,0.0,0.0,,,,,,,
0.0010525805409997702,mappo,1.985534936466138e-08,-1.1449068784713745,0.0005828609536512172,1390.0,,,,,,,,,,,,,,0.0,,,,,0.013277031481266022,0.0
,mappo,,,,1390.0,0.0,0.0,0.0,0.0,0.0,0.0,0.0,0.0,0.0,0.0,0.0,0.0,0.0,,,,,,,
0.005110877100378275,mappo,9.709776982447238e-09,-1.1339974403381348,0.0005825608536178727,1391.0,,,,,,,,,,,,,,0.0,,,,,0.013200715184211731,0.0
,mappo,,,,1391.0,0.0,0.0,0.0,0.0,0.0,0.0,0.0,0.0,0.0,0.0,0.0,0.0,0.0,,,,,,,
-0.0034391789231449366,mappo,4.65937555205187e-09,-1.168678641319275,0.0005822607535845282,1392.0,,,,,,,,,,,,,,0.0,,,,,0.013315422460436821,0.0
,mappo,,,,1392.0,0.0,0.0,0.0,0.0,0.0,0.0,0.0,0.0,0.0,0.0,0.0,0.0,0.0,,,,,,,
4.362314939498901e-06,mappo,9.79196279615735e-10,-1.1985796689987183,0.0005819606535511837,1393.0,,,,,,,,,,,,,,0.0,,,,,0.013247490860521793,0.0
,mappo,,,,1393.0,0.0,0.0,0.0,0.0,0.0,0.0,0.0,0.0,0.0,0.0,0.0,0.0,0.0,,,,,,,
0.008188530802726746,mappo,1.3558046907391486e-09,-1.2433723211288452,0.0005816605535178393,1394.0,,,,,,,,,,,,,,0.0,,,,,0.013278786092996597,0.0
,mappo,,,,1394.0,0.0,0.0,0.0,0.0,0.0,0.0,0.0,0.0,0.0,0.0,0.0,0.0,0.0,,,,,,,
-0.0048984927125275135,mappo,7.921173050817742e-09,-1.280354619026184,0.0005813604534844949,1395.0,,,,,,,,,,,,,,0.0,,,,,0.013222357258200645,0.0
,mappo,,,,1395.0,0.0,0.0,0.0,0.0,0.0,0.0,0.0,0.0,0.0,0.0,0.0,0.0,0.0,,,,,,,
0.022781945765018463,mappo,2.0555292579160778e-08,-1.3131645917892456,0.0005810603534511504,1396.0,,,,,,,,,,,,,,0.0,,,,,0.013276921585202217,0.0
,mappo,,,,1396.0,0.0,0.0,0.0,0.0,0.0,0.0,0.0,0.0,0.0,0.0,0.0,0.0,0.0,,,,,,,
-0.003822010476142168,mappo,3.781261170843209e-08,-1.3311216831207275,0.0005807602534178059,1397.0,,,,,,,,,,,,,,0.0,,,,,0.013282157480716705,0.0
,mappo,,,,1397.0,0.0,0.0,0.0,0.0,0.0,0.0,0.0,0.0,0.0,0.0,0.0,0.0,0.0,,,,,,,
0.042868778109550476,mappo,5.781018330708321e-08,-1.3678454160690308,0.0005804601533844615,1398.0,,,,,,,,,,,,,,0.0,,,,,0.013311276212334633,0.0
,mappo,,,,1398.0,0.0,0.0,0.0,0.0,0.0,0.0,0.0,0.0,0.0,0.0,0.0,0.0,0.0,,,,,,,
0.003867979161441326,mappo,8.439883458777331e-08,-1.3635810613632202,0.0005801600533511171,1399.0,,,,,,,,,,,,,,0.0,,,,,0.013284890912473202,0.0
,mappo,,,,1399.0,0.0,0.0,0.0,0.0,0.0,0.0,0.0,0.0,0.0,0.0,0.0,0.0,0.0,,,,,,,
,mappo,,,,1399.0,,,,,,,,,,,,,,,0.0,0.0,0.0,0.0,,
-0.0009951286483556032,mappo,1.0465166155881889e-07,-1.3612771034240723,0.0005798599533177727,1400.0,,,,,,,,,,,,,,0.0,,,,,0.013225247152149677,0.0
,mappo,,,,1400.0,0.0,0.0,0.0,0.0,0.0,0.0,0.0,0.0,0.0,0.0,0.0,0.0,0.0,,,,,,,
-0.00040856003761291504,mappo,1.0756902923958478e-07,-1.3295164108276367,0.0005795598532844282,1401.0,,,,,,,,,,,,,,0.0,,,,,0.01317228376865387,0.0
,mappo,,,,1401.0,0.0,0.0,0.0,0.0,0.0,0.0,0.0,0.0,0.0,0.0,0.0,0.0,0.0,,,,,,,
0.003040425945073366,mappo,1.2411418026658794e-07,-1.3609092235565186,0.0005792597532510837,1402.0,,,,,,,,,,,,,,0.0,,,,,0.013269561342895031,0.0
,mappo,,,,1402.0,0.0,0.0,0.0,0.0,0.0,0.0,0.0,0.0,0.0,0.0,0.0,0.0,0.0,,,,,,,
-0.0020614382810890675,mappo,1.1836219471206277e-07,-1.3178374767303467,0.0005789596532177393,1403.0,,,,,,,,,,,,,,0.0,,,,,0.013323558494448662,0.0
,mappo,,,,1403.0,0.0,0.0,0.0,0.0,0.0,0.0,0.0,0.0,0.0,0.0,0.0,0.0,0.0,,,,,,,
0.0064923702739179134,mappo,1.0015145335273701e-07,-1.3069900274276733,0.0005786595531843948,1404.0,,,,,,,,,,,,,,0.0,,,,,0.013246020302176476,0.0
,mappo,,,,1404.0,0.0,0.0,0.0,0.0,0.0,0.0,0.0,0.0,0.0,0.0,0.0,0.0,0.0,,,,,,,
-0.0010128950234502554,mappo,1.7921435357948212e-07,-1.290407657623291,0.0005783594531510504,1405.0,,,,,,,,,,,,,,0.0,,,,,0.01324271596968174,0.0
,mappo,,,,1405.0,0.0,0.0,0.0,0.0,0.0,0.0,0.0,0.0,0.0,0.0,0.0,0.0,0.0,,,,,,,
0.003003134159371257,mappo,2.0854686511029286e-07,-1.3057277202606201,0.000578059353117706,1406.0,,,,,,,,,,,,,,0.0,,,,,0.013289213180541992,0.0
,mappo,,,,1406.0,0.0,0.0,0.0,0.0,0.0,0.0,0.0,0.0,0.0,0.0,0.0,0.0,0.0,,,,,,,
0.0016090335557237267,mappo,1.9495482206366432e-07,-1.302584171295166,0.0005777592530843615,1407.0,,,,,,,,,,,,,,0.0,,,,,0.013302922248840332,0.0
,mappo,,,,1407.0,0.0,0.0,0.0,0.0,0.0,0.0,0.0,0.0,0.0,0.0,0.0,0.0,0.0,,,,,,,
0.0012734871124848723,mappo,1.4095229516897234e-07,-1.307316541671753,0.000577459153051017,1408.0,,,,,,,,,,,,,,0.0,,,,,0.013352198526263237,0.0
,mappo,,,,1408.0,0.0,0.0,0.0,0.0,0.0,0.0,0.0,0.0,0.0,0.0,0.0,0.0,0.0,,,,,,,
-0.00023779383627697825,mappo,7.689739334182377e-08,-1.3008726835250854,0.0005771590530176725,1409.0,,,,,,,,,,,,,,0.0,,,,,0.01341177336871624,0.0
,mappo,,,,1409.0,0.0,0.0,0.0,0.0,0.0,0.0,0.0,0.0,0.0,0.0,0.0,0.0,0.0,,,,,,,
0.004714654758572578,mappo,3.847258511768814e-08,-1.2960758209228516,0.0005768589529843281,1410.0,,,,,,,,,,,,,,0.0,,,,,0.013418478891253471,0.0
,mappo,,,,1410.0,0.0,0.0,0.0,0.0,0.0,0.0,0.0,0.0,0.0,0.0,0.0,0.0,0.0,,,,,,,
-0.00025783036835491657,mappo,2.047288916173784e-08,-1.3089011907577515,0.0005765588529509837,1411.0,,,,,,,,,,,,,,0.0,,,,,0.013268324546515942,0.0
,mappo,,,,1411.0,0.0,0.0,0.0,0.0,0.0,0.0,0.0,0.0,0.0,0.0,0.0,0.0,0.0,,,,,,,
0.008985140360891819,mappo,6.464653257154396e-09,-1.3137481212615967,0.0005762587529176392,1412.0,,,,,,,,,,,,,,0.0,,,,,0.013300353661179543,0.0
,mappo,,,,1412.0,0.0,0.0,0.0,0.0,0.0,0.0,0.0,0.0,0.0,0.0,0.0,0.0,0.0,,,,,,,
0.0015468106139451265,mappo,2.6322752866292376e-09,-1.3068238496780396,0.0005759586528842948,1413.0,,,,,,,,,,,,,,0.0,,,,,0.01330763753503561,0.0
,mappo,,,,1413.0,0.0,0.0,0.0,0.0,0.0,0.0,0.0,0.0,0.0,0.0,0.0,0.0,0.0,,,,,,,
0.004141649696975946,mappo,1.42507006195558e-09,-1.2843862771987915,0.0005756585528509503,1414.0,,,,,,,,,,,,,,0.0,,,,,0.013288326561450958,0.0
,mappo,,,,1414.0,0.0,0.0,0.0,0.0,0.0,0.0,0.0,0.0,0.0,0.0,0.0,0.0,0.0,,,,,,,
0.0031454507261514664,mappo,1.2763955448136244e-09,-1.2791508436203003,0.0005753584528176059,1415.0,,,,,,,,,,,,,,0.0,,,,,0.013244993053376675,0.0
,mappo,,,,1415.0,0.0,0.0,0.0,0.0,0.0,0.0,0.0,0.0,0.0,0.0,0.0,0.0,0.0,,,,,,,
-0.0014236257411539555,mappo,1.2526671921975208e-09,-1.2766954898834229,0.0005750583527842615,1416.0,,,,,,,,,,,,,,0.0,,,,,0.013223625719547272,0.0
,mappo,,,,1416.0,0.0,0.0,0.0,0.0,0.0,0.0,0.0,0.0,0.0,0.0,0.0,0.0,0.0,,,,,,,
0.00460929935798049,mappo,5.023164106887634e-10,-1.2599806785583496,0.0005747582527509171,1417.0,,,,,,,,,,,,,,0.0,,,,,0.013220742344856262,0.0
,mappo,,,,1417.0,0.0,0.0,0.0,0.0,0.0,0.0,0.0,0.0,0.0,0.0,0.0,0.0,0.0,,,,,,,
-0.007439563050866127,mappo,2.3000784610260894e-10,-1.258080244064331,0.0005744581527175727,1418.0,,,,,,,,,,,,,,0.0,,,,,0.013278449885547161,0.0
,mappo,,,,1418.0,0.0,0.0,0.0,0.0,0.0,0.0,0.0,0.0,0.0,0.0,0.0,0.0,0.0,,,,,,,
-0.0006372741772793233,mappo,2.192351161722783e-10,-1.2424465417861938,0.000574158052684228,1419.0,,,,,,,,,,,,,,0.0,,,,,0.013240594416856766,0.0
,mappo,,,,1419.0,0.0,0.0,0.0,0.0,0.0,0.0,0.0,0.0,0.0,0.0,0.0,0.0,0.0,,,,,,,
-0.0024993717670440674,mappo,1.1461823157254969e-10,-1.228825330734253,0.0005738579526508836,1420.0,,,,,,,,,,,,,,0.0,,,,,0.013356138952076435,0.0
,mappo,,,,1420.0,0.0,0.0,0.0,0.0,0.0,0.0,0.0,0.0,0.0,0.0,0.0,0.0,0.0,,,,,,,
0.00046284549171105027,mappo,2.0228965724733428e-10,-1.2412538528442383,0.0005735578526175392,1421.0,,,,,,,,,,,,,,0.0,,,,,0.013303952291607857,0.0
,mappo,,,,1421.0,0.0,0.0,0.0,0.0,0.0,0.0,0.0,0.0,0.0,0.0,0.0,0.0,0.0,,,,,,,
-0.0032522366382181644,mappo,2.5091570488022796e-10,-1.2457295656204224,0.0005732577525841948,1422.0,,,,,,,,,,,,,,0.0,,,,,0.013358347117900848,0.0
,mappo,,,,1422.0,0.0,0.0,0.0,0.0,0.0,0.0,0.0,0.0,0.0,0.0,0.0,0.0,0.0,,,,,,,
0.0008128391345962882,mappo,2.2171439684193217e-10,-1.2419381141662598,0.0005729576525508503,1423.0,,,,,,,,,,,,,,0.0,,,,,0.013365386053919792,0.0
,mappo,,,,1423.0,0.0,0.0,0.0,0.0,0.0,0.0,0.0,0.0,0.0,0.0,0.0,0.0,0.0,,,,,,,
-0.003765809116885066,mappo,3.5422689781405836e-10,-1.219972014427185,0.0005726575525175059,1424.0,,,,,,,,,,,,,,0.0,,,,,0.013279722072184086,0.0
,mappo,,,,1424.0,0.0,0.0,0.0,0.0,0.0,0.0,0.0,0.0,0.0,0.0,0.0,0.0,0.0,,,,,,,
0.01232591550797224,mappo,1.6777496059106056e-10,-1.2039310932159424,0.0005723574524841614,1425.0,,,,,,,,,,,,,,0.0,,,,,0.013288367539644241,0.0
,mappo,,,,1425.0,0.0,0.0,0.0,0.0,0.0,0.0,0.0,0.0,0.0,0.0,0.0,0.0,0.0,,,,,,,
0.023396937176585197,mappo,1.5632024841227832e-10,-1.2494409084320068,0.000572057352450817,1426.0,,,,,,,,,,,,,,0.0,,,,,0.013170911930501461,0.0
,mappo,,,,1426.0,0.0,0.0,0.0,0.0,0.0,0.0,0.0,0.0,0.0,0.0,0.0,0.0,0.0,,,,,,,
0.007772783748805523,mappo,1.0037059378076307e-10,-1.2532483339309692,0.0005717572524174726,1427.0,,,,,,,,,,,,,,0.0,,,,,0.013220751658082008,0.0
,mappo,,,,1427.0,0.0,0.0,0.0,0.0,0.0,0.0,0.0,0.0,0.0,0.0,0.0,0.0,0.0,,,,,,,
-0.005327243357896805,mappo,1.1565971097526884e-10,-1.2567036151885986,0.0005714571523841281,1428.0,,,,,,,,,,,,,,0.0,,,,,0.01324421726167202,0.0
,mappo,,,,1428.0,0.0,0.0,0.0,0.0,0.0,0.0,0.0,0.0,0.0,0.0,0.0,0.0,0.0,,,,,,,
-0.004764975514262915,mappo,3.6686695348286946e-10,-1.254860281944275,0.0005711570523507836,1429.0,,,,,,,,,,,,,,0.0,,,,,0.013391825370490551,0.0
,mappo,,,,1429.0,0.0,0.0,0.0,0.0,0.0,0.0,0.0,0.0,0.0,0.0,0.0,0.0,0.0,,,,,,,
0.00371655379422009,mappo,1.1658092546884546e-10,-1.2661277055740356,0.0005708569523174391,1430.0,,,,,,,,,,,,,,0.0,,,,,0.013231154531240463,0.0
,mappo,,,,1430.0,0.0,0.0,0.0,0.0,0.0,0.0,0.0,0.0,0.0,0.0,0.0,0.0,0.0,,,,,,,
0.0014632183592766523,mappo,1.8554099923129286e-10,-1.2852870225906372,0.0005705568522840947,1431.0,,,,,,,,,,,,,,0.0,,,,,0.013234101235866547,0.0
,mappo,,,,1431.0,0.0,0.0,0.0,0.0,0.0,0.0,0.0,0.0,0.0,0.0,0.0,0.0,0.0,,,,,,,
-0.0008909017778933048,mappo,2.512297869738944e-10,-1.262938380241394,0.0005702567522507503,1432.0,,,,,,,,,,,,,,0.0,,,,,0.013248794712126255,0.0
,mappo,,,,1432.0,0.0,0.0,0.0,0.0,0.0,0.0,0.0,0.0,0.0,0.0,0.0,0.0,0.0,,,,,,,
0.014913386665284634,mappo,2.685578703864877e-10,-1.2680933475494385,0.0005699566522174059,1433.0,,,,,,,,,,,,,,0.0,,,,,0.013292203657329082,0.0
,mappo,,,,1433.0,0.0,0.0,0.0,0.0,0.0,0.0,0.0,0.0,0.0,0.0,0.0,0.0,0.0,,,,,,,
0.007660269271582365,mappo,1.6054409190946473e-10,-1.24916410446167,0.0005696565521840614,1434.0,,,,,,,,,,,,,,0.0,,,,,0.013288576155900955,0.0
,mappo,,,,1434.0,0.0,0.0,0.0,0.0,0.0,0.0,0.0,0.0,0.0,0.0,0.0,0.0,0.0,,,,,,,
-0.008668545633554459,mappo,2.2890372930461922e-10,-1.218577265739441,0.000569356452150717,1435.0,,,,,,,,,,,,,,0.0,,,,,0.013325593434274197,0.0
,mappo,,,,1435.0,0.0,0.0,0.0,0.0,0.0,0.0,0.0,0.0,0.0,0.0,0.0,0.0,0.0,,,,,,,
5.084217991679907e-05,mappo,1.8165285942117748e-10,-1.1921526193618774,0.0005690563521173724,1436.0,,,,,,,,,,,,,,0.0,,,,,0.01327972300350666,0.0
,mappo,,,,1436.0,0.0,0.0,0.0,0.0,0.0,0.0,0.0,0.0,0.0,0.0,0.0,0.0,0.0,,,,,,,
0.0004561299574561417,mappo,1.9204826617880144e-10,-1.1829906702041626,0.000568756252084028,1437.0,,,,,,,,,,,,,,0.0,,,,,0.013355696573853493,0.0
,mappo,,,,1437.0,0.0,0.0,0.0,0.0,0.0,0.0,0.0,0.0,0.0,0.0,0.0,0.0,0.0,,,,,,,
-0.0088154012337327,mappo,1.7622719949983434e-10,-1.170141339302063,0.0005684561520506836,1438.0,,,,,,,,,,,,,,0.0,,,,,0.013288803398609161,0.0
,mappo,,,,1438.0,0.0,0.0,0.0,0.0,0.0,0.0,0.0,0.0,0.0,0.0,0.0,0.0,0.0,,,,,,,
0.02625037170946598,mappo,3.6203537390200324e-10,-1.1469515562057495,0.0005681560520173392,1439.0,,,,,,,,,,,,,,0.0,,,,,0.013241982087492943,0.0
,mappo,,,,1439.0,0.0,0.0,0.0,0.0,0.0,0.0,0.0,0.0,0.0,0.0,0.0,0.0,0.0,,,,,,,
0.08423496037721634,mappo,3.2207148059626434e-10,-1.149808645248413,0.0005678559519839947,1440.0,,,,,,,,,,,,,,0.0,,,,,0.013239579275250435,0.0
,mappo,,,,1440.0,0.0,0.0,0.0,0.0,0.0,0.0,0.0,0.0,0.0,0.0,0.0,0.0,0.0,,,,,,,
0.01476407703012228,mappo,4.860370439452311e-10,-1.1298860311508179,0.0005675558519506502,1441.0,,,,,,,,,,,,,,0.0,,,,,0.013341566547751427,0.0
,mappo,,,,1441.0,0.0,0.0,0.0,0.0,0.0,0.0,0.0,0.0,0.0,0.0,0.0,0.0,0.0,,,,,,,
0.062410399317741394,mappo,1.9200348255754562e-10,-1.19377863407135,0.0005672557519173058,1442.0,,,,,,,,,,,,,,0.0,,,,,0.013400116935372353,0.0
,mappo,,,,1442.0,0.0,0.0,0.0,0.0,0.0,0.0,0.0,0.0,0.0,0.0,0.0,0.0,0.0,,,,,,,
0.030753174796700478,mappo,2.7576967376319317e-09,-1.1399738788604736,0.0005669556518839614,1443.0,,,,,,,,,,,,,,0.0,,,,,0.013393435627222061,0.0
,mappo,,,,1443.0,0.0,0.0,0.0,0.0,0.0,0.0,0.0,0.0,0.0,0.0,0.0,0.0,0.0,,,,,,,
0.030909501016139984,mappo,2.27662666496542e-09,-1.1850168704986572,0.000566655551850617,1444.0,,,,,,,,,,,,,,0.0,,,,,0.013346203602850437,0.0
,mappo,,,,1444.0,0.0,0.0,0.0,0.0,0.0,0.0,0.0,0.0,0.0,0.0,0.0,0.0,0.0,,,,,,,
0.02236737497150898,mappo,3.472479859212285e-09,-1.1746797561645508,0.0005663554518172724,1445.0,,,,,,,,,,,,,,0.0,,,,,0.013347262516617775,0.0
,mappo,,,,1445.0,0.0,0.0,0.0,0.0,0.0,0.0,0.0,0.0,0.0,0.0,0.0,0.0,0.0,,,,,,,
-0.012198837473988533,mappo,6.608439573341229e-09,-1.1796818971633911,0.0005660553517839279,1446.0,,,,,,,,,,,,,,0.0,,,,,0.013160508126020432,0.0
,mappo,,,,1446.0,0.0,0.0,0.0,0.0,0.0,0.0,0.0,0.0,0.0,0.0,0.0,0.0,0.0,,,,,,,
0.003643670817837119,mappo,3.187487385147847e-09,-1.175941824913025,0.0005657552517505835,1447.0,,,,,,,,,,,,,,0.0,,,,,0.013488832861185074,0.0
,mappo,,,,1447.0,0.0,0.0,0.0,0.0,0.0,0.0,0.0,0.0,0.0,0.0,0.0,0.0,0.0,,,,,,,
0.010808825492858887,mappo,3.4040659180334387e-09,-1.1813910007476807,0.0005654551517172391,1448.0,,,,,,,,,,,,,,0.0,,,,,0.013199230656027794,0.0
,mappo,,,,1448.0,0.0,0.0,0.0,0.0,0.0,0.0,0.0,0.0,0.0,0.0,0.0,0.0,0.0,,,,,,,
0.002123535145074129,mappo,1.4749810262060237e-09,-1.1870771646499634,0.0005651550516838947,1449.0,,,,,,,,,,,,,,0.0,,,,,0.013388514518737793,0.0
,mappo,,,,1449.0,0.0,0.0,0.0,0.0,0.0,0.0,0.0,0.0,0.0,0.0,0.0,0.0,0.0,,,,,,,
0.00563670601695776,mappo,1.7138028773899805e-09,-1.1795761585235596,0.0005648549516505503,1450.0,,,,,,,,,,,,,,0.0,,,,,0.013347169384360313,0.0
,mappo,,,,1450.0,0.0,0.0,0.0,0.0,0.0,0.0,0.0,0.0,0.0,0.0,0.0,0.0,0.0,,,,,,,
0.0024138835724443197,mappo,3.929606862129731e-09,-1.1590287685394287,0.0005645548516172058,1451.0,,,,,,,,,,,,,,0.0,,,,,0.013317309319972992,0.0
,mappo,,,,1451.0,0.0,0.0,0.0,0.0,0.0,0.0,0.0,0.0,0.0,0.0,0.0,0.0,0.0,,,,,,,
-0.0024606583174318075,mappo,3.733612086165294e-09,-1.1587255001068115,0.0005642547515838613,1452.0,,,,,,,,,,,,,,0.0,,,,,0.01345863752067089,0.0
,mappo,,,,1452.0,0.0,0.0,0.0,0.0,0.0,0.0,0.0,0.0,0.0,0.0,0.0,0.0,0.0,,,,,,,
0.013019176200032234,mappo,2.280778899077518e-09,-1.1741214990615845,0.0005639546515505169,1453.0,,,,,,,,,,,,,,0.0,,,,,0.01347410585731268,0.0
,mappo,,,,1453.0,0.0,0.0,0.0,0.0,0.0,0.0,0.0,0.0,0.0,0.0,0.0,0.0,0.0,,,,,,,
0.010888529941439629,mappo,1.925854142825756e-09,-1.1722595691680908,0.0005636545515171724,1454.0,,,,,,,,,,,,,,0.0,,,,,0.013407908380031586,0.0
,mappo,,,,1454.0,0.0,0.0,0.0,0.0,0.0,0.0,0.0,0.0,0.0,0.0,0.0,0.0,0.0,,,,,,,
0.01334456354379654,mappo,1.5416050658245695e-09,-1.1556235551834106,0.000563354451483828,1455.0,,,,,,,,,,,,,,0.0,,,,,0.013438679277896881,0.0
,mappo,,,,1455.0,0.0,0.0,0.0,0.0,0.0,0.0,0.0,0.0,0.0,0.0,0.0,0.0,0.0,,,,,,,
0.010958338156342506,mappo,4.3331875865249e-09,-1.1697044372558594,0.0005630543514504835,1456.0,,,,,,,,,,,,,,0.0,,,,,0.013350242748856544,0.0
,mappo,,,,1456.0,0.0,0.0,0.0,0.0,0.0,0.0,0.0,0.0,0.0,0.0,0.0,0.0,0.0,,,,,,,
0.0009007237968035042,mappo,1.0728180566133005e-09,-1.1762443780899048,0.000562754251417139,1457.0,,,,,,,,,,,,,,0.0,,,,,0.013418049551546574,0.0
,mappo,,,,1457.0,0.0,0.0,0.0,0.0,0.0,0.0,0.0,0.0,0.0,0.0,0.0,0.0,0.0,,,,,,,
0.008866289630532265,mappo,5.002261271869202e-09,-1.1849517822265625,0.0005624541513837946,1458.0,,,,,,,,,,,,,,0.0,,,,,0.013296915218234062,0.0
,mappo,,,,1458.0,0.0,0.0,0.0,0.0,0.0,0.0,0.0,0.0,0.0,0.0,0.0,0.0,0.0,,,,,,,
0.007849445566534996,mappo,2.230833517913311e-09,-1.196691632270813,0.0005621540513504502,1459.0,,,,,,,,,,,,,,0.0,,,,,0.013308399356901646,0.0
,mappo,,,,1459.0,0.0,0.0,0.0,0.0,0.0,0.0,0.0,0.0,0.0,0.0,0.0,0.0,0.0,,,,,,,
0.031124042347073555,mappo,9.065325157209259e-10,-1.2309620380401611,0.0005618539513171058,1460.0,,,,,,,,,,,,,,0.0,,,,,0.013292989693582058,0.0
,mappo,,,,1460.0,0.0,0.0,0.0,0.0,0.0,0.0,0.0,0.0,0.0,0.0,0.0,0.0,0.0,,,,,,,
-0.0013933804584667087,mappo,6.0808230673004e-10,-1.2372045516967773,0.0005615538512837613,1461.0,,,,,,,,,,,,,,0.0,,,,,0.01330073457211256,0.0
,mappo,,,,1461.0,0.0,0.0,0.0,0.0,0.0,0.0,0.0,0.0,0.0,0.0,0.0,0.0,0.0,,,,,,,
0.002311664167791605,mappo,1.759671158785281e-10,-1.2272758483886719,0.0005612537512504169,1462.0,,,,,,,,,,,,,,0.0,,,,,0.013458147644996643,0.0
,mappo,,,,1462.0,0.0,0.0,0.0,0.0,0.0,0.0,0.0,0.0,0.0,0.0,0.0,0.0,0.0,,,,,,,
0.008984820917248726,mappo,3.569607942566222e-10,-1.222434639930725,0.0005609536512170723,1463.0,,,,,,,,,,,,,,0.0,,,,,0.01335795596241951,0.0
,mappo,,,,1463.0,0.0,0.0,0.0,0.0,0.0,0.0,0.0,0.0,0.0,0.0,0.0,0.0,0.0,,,,,,,
-0.0029652961529791355,mappo,2.4593427294661296e-10,-1.23481023311615,0.0005606535511837279,1464.0,,,,,,,,,,,,,,0.0,,,,,0.013315663672983646,0.0
,mappo,,,,1464.0,0.0,0.0,0.0,0.0,0.0,0.0,0.0,0.0,0.0,0.0,0.0,0.0,0.0,,,,,,,
0.00610621552914381,mappo,3.1616076423546247e-10,-1.2129472494125366,0.0005603534511503835,1465.0,,,,,,,,,,,,,,0.0,,,,,0.013472819700837135,0.0
,mappo,,,,1465.0,0.0,0.0,0.0,0.0,0.0,0.0,0.0,0.0,0.0,0.0,0.0,0.0,0.0,,,,,,,
-0.003426690585911274,mappo,1.1142975431255309e-09,-1.2317496538162231,0.0005600533511170391,1466.0,,,,,,,,,,,,,,0.0,,,,,0.013341572135686874,0.0
,mappo,,,,1466.0,0.0,0.0,0.0,0.0,0.0,0.0,0.0,0.0,0.0,0.0,0.0,0.0,0.0,,,,,,,
0.009539064019918442,mappo,1.3641074936288078e-09,-1.230247139930725,0.0005597532510836946,1467.0,,,,,,,,,,,,,,0.0,,,,,0.013250499032437801,0.0
,mappo,,,,1467.0,0.0,0.0,0.0,0.0,0.0,0.0,0.0,0.0,0.0,0.0,0.0,0.0,0.0,,,,,,,
0.033022742718458176,mappo,1.1974999880592918e-09,-1.2472392320632935,0.0005594531510503501,1468.0,,,,,,,,,,,,,,0.0,,,,,0.013309374451637268,0.0
,mappo,,,,1468.0,0.0,0.0,0.0,0.0,0.0,0.0,0.0,0.0,0.0,0.0,0.0,0.0,0.0,,,,,,,
0.019976839423179626,mappo,1.1279063238944786e-09,-1.2724511623382568,0.0005591530510170057,1469.0,,,,,,,,,,,,,,0.0,,,,,0.013356081210076809,0.0
,mappo,,,,1469.0,0.0,0.0,0.0,0.0,0.0,0.0,0.0,0.0,0.0,0.0,0.0,0.0,0.0,,,,,,,
-0.000934732030145824,mappo,2.1402866146047472e-09,-1.3058463335037231,0.0005588529509836613,1470.0,,,,,,,,,,,,,,0.0,,,,,0.01324874721467495,0.0
,mappo,,,,1470.0,0.0,0.0,0.0,0.0,0.0,0.0,0.0,0.0,0.0,0.0,0.0,0.0,0.0,,,,,,,
-0.002323812572285533,mappo,1.8034137516664828e-09,-1.288883924484253,0.0005585528509503169,1471.0,,,,,,,,,,,,,,0.0,,,,,0.013228515163064003,0.0
,mappo,,,,1471.0,0.0,0.0,0.0,0.0,0.0,0.0,0.0,0.0,0.0,0.0,0.0,0.0,0.0,,,,,,,
0.00895004067569971,mappo,7.274289504088927e-10,-1.2745563983917236,0.0005582527509169723,1472.0,,,,,,,,,,,,,,0.0,,,,,0.013345934450626373,0.0
,mappo,,,,1472.0,0.0,0.0,0.0,0.0,0.0,0.0,0.0,0.0,0.0,0.0,0.0,0.0,0.0,,,,,,,
-0.0026244688779115677,mappo,3.4955466299280147e-10,-1.2818121910095215,0.0005579526508836279,1473.0,,,,,,,,,,,,,,0.0,,,,,0.013290997594594955,0.0
,mappo,,,,1473.0,0.0,0.0,0.0,0.0,0.0,0.0,0.0,0.0,0.0,0.0,0.0,0.0,0.0,,,,,,,
0.007449629716575146,mappo,5.392933322134752e-10,-1.3235735893249512,0.0005576525508502834,1474.0,,,,,,,,,,,,,,0.0,,,,,0.013225088827311993,0.0
,mappo,,,,1474.0,0.0,0.0,0.0,0.0,0.0,0.0,0.0,0.0,0.0,0.0,0.0,0.0,0.0,,,,,,,
-0.0031088381074368954,mappo,1.9261964245842478e-10,-1.3024059534072876,0.000557352450816939,1475.0,,,,,,,,,,,,,,0.0,,,,,0.013249928131699562,0.0
,mappo,,,,1475.0,0.0,0.0,0.0,0.0,0.0,0.0,0.0,0.0,0.0,0.0,0.0,0.0,0.0,,,,,,,
-2.0361505448818207e-05,mappo,1.2992812381540375e-09,-1.3061745166778564,0.0005570523507835946,1476.0,,,,,,,,,,,,,,0.0,,,,,0.013344671577215195,0.0
,mappo,,,,1476.0,0.0,0.0,0.0,0.0,0.0,0.0,0.0,0.0,0.0,0.0,0.0,0.0,0.0,,,,,,,
-0.00024168600793927908,mappo,1.7967597409906944e-09,-1.3355334997177124,0.0005567522507502502,1477.0,,,,,,,,,,,,,,0.0,,,,,0.013232935220003128,0.0
,mappo,,,,1477.0,0.0,0.0,0.0,0.0,0.0,0.0,0.0,0.0,0.0,0.0,0.0,0.0,0.0,,,,,,,
-0.0009159381734207273,mappo,1.0134604266909264e-09,-1.3453327417373657,0.0005564521507169057,1478.0,,,,,,,,,,,,,,0.0,,,,,0.013393736444413662,0.0
,mappo,,,,1478.0,0.0,0.0,0.0,0.0,0.0,0.0,0.0,0.0,0.0,0.0,0.0,0.0,0.0,,,,,,,
0.001435086247511208,mappo,3.015724336918879e-09,-1.3475532531738281,0.0005561520506835612,1479.0,,,,,,,,,,,,,,0.0,,,,,0.013447463512420654,0.0
,mappo,,,,1479.0,0.0,0.0,0.0,0.0,0.0,0.0,0.0,0.0,0.0,0.0,0.0,0.0,0.0,,,,,,,
0.006174854468554258,mappo,4.0680161461637e-09,-1.3401389122009277,0.0005558519506502168,1480.0,,,,,,,,,,,,,,0.0,,,,,0.013295702636241913,0.0
,mappo,,,,1480.0,0.0,0.0,0.0,0.0,0.0,0.0,0.0,0.0,0.0,0.0,0.0,0.0,0.0,,,,,,,
0.07529380917549133,mappo,3.5507066176165836e-09,-1.3907819986343384,0.0005555518506168723,1481.0,,,,,,,,,,,,,,0.0,,,,,0.013237480074167252,0.0
,mappo,,,,1481.0,0.0,0.0,0.0,0.0,0.0,0.0,0.0,0.0,0.0,0.0,0.0,0.0,0.0,,,,,,,
-0.0017579547129571438,mappo,6.341538405507663e-09,-1.3864116668701172,0.0005552517505835279,1482.0,,,,,,,,,,,,,,0.0,,,,,0.013327257707715034,0.0
,mappo,,,,1482.0,0.0,0.0,0.0,0.0,0.0,0.0,0.0,0.0,0.0,0.0,0.0,0.0,0.0,,,,,,,
-0.002201592782512307,mappo,4.134859121762702e-09,-1.3775566816329956,0.0005549516505501834,1483.0,,,,,,,,,,,,,,0.0,,,,,0.013322332873940468,0.0
,mappo,,,,1483.0,0.0,0.0,0.0,0.0,0.0,0.0,0.0,0.0,0.0,0.0,0.0,0.0,0.0,,,,,,,
-0.0067865606397390366,mappo,8.362945891349227e-09,-1.3488017320632935,0.000554651550516839,1484.0,,,,,,,,,,,,,,0.0,,,,,0.013414058834314346,0.0
,mappo,,,,1484.0,0.0,0.0,0.0,0.0,0.0,0.0,0.0,0.0,0.0,0.0,0.0,0.0,0.0,,,,,,,
0.002104069571942091,mappo,4.093923866577143e-09,-1.3070735931396484,0.0005543514504834945,1485.0,,,,,,,,,,,,,,0.0,,,,,0.013282152824103832,0.0
,mappo,,,,1485.0,0.0,0.0,0.0,0.0,0.0,0.0,0.0,0.0,0.0,0.0,0.0,0.0,0.0,,,,,,,
0.0028580455109477043,mappo,8.404710705178786e-09,-1.3256645202636719,0.0005540513504501501,1486.0,,,,,,,,,,,,,,0.0,,,,,0.01328561082482338,0.0
,mappo,,,,1486.0,0.0,0.0,0.0,0.0,0.0,0.0,0.0,0.0,0.0,0.0,0.0,0.0,0.0,,,,,,,
0.024281533434987068,mappo,1.147925932087901e-08,-1.3688209056854248,0.0005537512504168057,1487.0,,,,,,,,,,,,,,0.0,,,,,0.01329679787158966,0.0
,mappo,,,,1487.0,0.0,0.0,0.0,0.0,0.0,0.0,0.0,0.0,0.0,0.0,0.0,0.0,0.0,,,,,,,
0.007511119823902845,mappo,1.2192091780605097e-08,-1.397151231765747,0.0005534511503834613,1488.0,,,,,,,,,,,,,,0.0,,,,,0.013349601998925209,0.0
,mappo,,,,1488.0,0.0,0.0,0.0,0.0,0.0,0.0,0.0,0.0,0.0,0.0,0.0,0.0,0.0,,,,,,,
0.02407579869031906,mappo,1.0868994593238313e-08,-1.4386394023895264,0.0005531510503501166,1489.0,,,,,,,,,,,,,,0.0,,,,,0.013329219073057175,0.0
,mappo,,,,1489.0,0.0,0.0,0.0,0.0,0.0,0.0,0.0,0.0,0.0,0.0,0.0,0.0,0.0,,,,,,,
-0.007023967802524567,mappo,1.3229891848709485e-08,-1.455586314201355,0.0005528509503167722,1490.0,,,,,,,,,,,,,,0.0,,,,,0.013455573469400406,0.0
,mappo,,,,1490.0,0.0,0.0,0.0,0.0,0.0,0.0,0.0,0.0,0.0,0.0,0.0,0.0,0.0,,,,,,,
0.013464054092764854,mappo,9.961166114180742e-09,-1.4634803533554077,0.0005525508502834278,1491.0,,,,,,,,,,,,,,0.0,,,,,0.01329511497169733,0.0
,mappo,,,,1491.0,0.0,0.0,0.0,0.0,0.0,0.0,0.0,0.0,0.0,0.0,0.0,0.0,0.0,,,,,,,
0.02838282473385334,mappo,1.2595916309976474e-08,-1.4613304138183594,0.0005522507502500834,1492.0,,,,,,,,,,,,,,0.0,,,,,0.013359829783439636,0.0
,mappo,,,,1492.0,0.0,0.0,0.0,0.0,0.0,0.0,0.0,0.0,0.0,0.0,0.0,0.0,0.0,,,,,,,
0.06925579905509949,mappo,1.1174473790731554e-08,-1.5104033946990967,0.000551950650216739,1493.0,,,,,,,,,,,,,,0.0,,,,,0.013327118009328842,0.0
,mappo,,,,1493.0,0.0,0.0,0.0,0.0,0.0,0.0,0.0,0.0,0.0,0.0,0.0,0.0,0.0,,,,,,,
0.002989407628774643,mappo,1.1733726879015194e-08,-1.4549107551574707,0.0005516505501833945,1494.0,,,,,,,,,,,,,,0.0,,,,,0.013291947543621063,0.0
,mappo,,,,1494.0,0.0,0.0,0.0,0.0,0.0,0.0,0.0,0.0,0.0,0.0,0.0,0.0,0.0,,,,,,,
0.023501640185713768,mappo,1.1537081512358327e-08,-1.4848541021347046,0.0005513504501500501,1495.0,,,,,,,,,,,,,,0.0,,,,,0.01325998269021511,0.0
,mappo,,,,1495.0,0.0,0.0,0.0,0.0,0.0,0.0,0.0,0.0,0.0,0.0,0.0,0.0,0.0,,,,,,,
0.10759370028972626,mappo,1.5762612548542165e-08,-1.4368256330490112,0.0005510503501167056,1496.0,,,,,,,,,,,,,,0.0,,,,,0.01338413916528225,0.0
,mappo,,,,1496.0,0.0,0.0,0.0,0.0,0.0,0.0,0.0,0.0,0.0,0.0,0.0,0.0,0.0,,,,,,,
0.029388051480054855,mappo,1.26942882872072e-08,-1.4109457731246948,0.0005507502500833612,1497.0,,,,,,,,,,,,,,0.0,,,,,0.013284076005220413,0.0
,mappo,,,,1497.0,0.0,0.0,0.0,0.0,0.0,0.0,0.0,0.0,0.0,0.0,0.0,0.0,0.0,,,,,,,
0.004803900606930256,mappo,7.905614829439855e-09,-1.4023178815841675,0.0005504501500500168,1498.0,,,,,,,,,,,,,,0.0,,,,,0.01336846873164177,0.0
,mappo,,,,1498.0,0.0,0.0,0.0,0.0,0.0,0.0,0.0,0.0,0.0,0.0,0.0,0.0,0.0,,,,,,,
0.03402099013328552,mappo,8.074993118611928e-09,-1.404072880744934,0.0005501500500166723,1499.0,,,,,,,,,,,,,,0.0,,,,,0.013225975446403027,0.0
,mappo,,,,1499.0,0.0,0.0,0.0,0.0,0.0,0.0,0.0,0.0,0.0,0.0,0.0,0.0,0.0,,,,,,,
,mappo,,,,1499.0,,,,,,,,,,,,,,,0.0,0.0,0.0,0.0,,
0.01124014426022768,mappo,6.532500318456869e-09,-1.4114001989364624,0.0005498499499833278,1500.0,,,,,,,,,,,,,,0.0,,,,,0.013329857960343361,0.0
,mappo,,,,1500.0,0.0,0.0,0.0,0.0,0.0,0.0,0.0,0.0,0.0,0.0,0.0,0.0,0.0,,,,,,,
0.001959671964868903,mappo,3.968845252444453e-09,-1.3894871473312378,0.0005495498499499833,1501.0,,,,,,,,,,,,,,0.0,,,,,0.01326681673526764,0.0
,mappo,,,,1501.0,0.0,0.0,0.0,0.0,0.0,0.0,0.0,0.0,0.0,0.0,0.0,0.0,0.0,,,,,,,
-0.0023914198391139507,mappo,1.4713138485333843e-09,-1.3935742378234863,0.0005492497499166389,1502.0,,,,,,,,,,,,,,0.0,,,,,0.013334463350474834,0.0
,mappo,,,,1502.0,0.0,0.0,0.0,0.0,0.0,0.0,0.0,0.0,0.0,0.0,0.0,0.0,0.0,,,,,,,
0.0013669381150975823,mappo,9.92622206652527e-10,-1.4140434265136719,0.0005489496498832945,1503.0,,,,,,,,,,,,,,0.0,,,,,0.013342146761715412,0.0
,mappo,,,,1503.0,0.0,0.0,0.0,0.0,0.0,0.0,0.0,0.0,0.0,0.0,0.0,0.0,0.0,,,,,,,
0.00047418015310540795,mappo,1.0782309489698605e-09,-1.4002078771591187,0.0005486495498499501,1504.0,,,,,,,,,,,,,,0.0,,,,,0.013241268694400787,0.0
,mappo,,,,1504.0,0.0,0.0,0.0,0.0,0.0,0.0,0.0,0.0,0.0,0.0,0.0,0.0,0.0,,,,,,,
0.025382576510310173,mappo,2.902293128048683e-10,-1.3826199769973755,0.0005483494498166056,1505.0,,,,,,,,,,,,,,0.0,,,,,0.013370947912335396,0.0
,mappo,,,,1505.0,0.0,0.0,0.0,0.0,0.0,0.0,0.0,0.0,0.0,0.0,0.0,0.0,0.0,,,,,,,
0.002242098329588771,mappo,2.1382959847215943e-09,-1.3912363052368164,0.0005480493497832611,1506.0,,,,,,,,,,,,,,0.0,,,,,0.013265224173665047,0.0
,mappo,,,,1506.0,0.0,0.0,0.0,0.0,0.0,0.0,0.0,0.0,0.0,0.0,0.0,0.0,0.0,,,,,,,
-0.00229996582493186,mappo,3.6553995386157112e-09,-1.4115756750106812,0.0005477492497499166,1507.0,,,,,,,,,,,,,,0.0,,,,,0.013355804607272148,0.0
,mappo,,,,1507.0,0.0,0.0,0.0,0.0,0.0,0.0,0.0,0.0,0.0,0.0,0.0,0.0,0.0,,,,,,,
0.010711506940424442,mappo,6.050364653731322e-09,-1.385307788848877,0.0005474491497165722,1508.0,,,,,,,,,,,,,,0.0,,,,,0.013327345252037048,0.0
,mappo,,,,1508.0,0.0,0.0,0.0,0.0,0.0,0.0,0.0,0.0,0.0,0.0,0.0,0.0,0.0,,,,,,,
0.0017903053667396307,mappo,1.0513260484401599e-08,-1.3489588499069214,0.0005471490496832278,1509.0,,,,,,,,,,,,,,0.0,,,,,0.013280586339533329,0.0
,mappo,,,,1509.0,0.0,0.0,0.0,0.0,0.0,0.0,0.0,0.0,0.0,0.0,0.0,0.0,0.0,,,,,,,
0.005538327619433403,mappo,1.2548918348898042e-08,-1.3141855001449585,0.0005468489496498833,1510.0,,,,,,,,,,,,,,0.0,,,,,0.013428480364382267,0.0
,mappo,,,,1510.0,0.0,0.0,0.0,0.0,0.0,0.0,0.0,0.0,0.0,0.0,0.0,0.0,0.0,,,,,,,
0.0032552466727793217,mappo,2.4512033292012347e-08,-1.2964043617248535,0.0005465488496165389,1511.0,,,,,,,,,,,,,,0.0,,,,,0.013349181972444057,0.0
,mappo,,,,1511.0,0.0,0.0,0.0,0.0,0.0,0.0,0.0,0.0,0.0,0.0,0.0,0.0,0.0,,,,,,,
-0.0022137307096272707,mappo,3.691235761493772e-08,-1.2774101495742798,0.0005462487495831944,1512.0,,,,,,,,,,,,,,0.0,,,,,0.013437371701002121,0.0
,mappo,,,,1512.0,0.0,0.0,0.0,0.0,0.0,0.0,0.0,0.0,0.0,0.0,0.0,0.0,0.0,,,,,,,
0.00039744749665260315,mappo,4.085547189447425e-08,-1.2942087650299072,0.00054594864954985,1513.0,,,,,,,,,,,,,,0.0,,,,,0.013311196118593216,0.0
,mappo,,,,1513.0,0.0,0.0,0.0,0.0,0.0,0.0,0.0,0.0,0.0,0.0,0.0,0.0,0.0,,,,,,,
0.048612888902425766,mappo,3.954767535674364e-08,-1.3097094297409058,0.0005456485495165056,1514.0,,,,,,,,,,,,,,0.0,,,,,0.013390779495239258,0.0
,mappo,,,,1514.0,0.0,0.0,0.0,0.0,0.0,0.0,0.0,0.0,0.0,0.0,0.0,0.0,0.0,,,,,,,
0.0911000519990921,mappo,4.5595147213362e-08,-1.2591931819915771,0.0005453484494831612,1515.0,,,,,,,,,,,,,,0.0,,,,,0.013332578353583813,0.0
,mappo,,,,1515.0,0.0,0.0,0.0,0.0,0.0,0.0,0.0,0.0,0.0,0.0,0.0,0.0,0.0,,,,,,,
0.029979277402162552,mappo,5.0154778108435494e-08,-1.2411105632781982,0.0005450483494498166,1516.0,,,,,,,,,,,,,,0.0,,,,,0.013252558186650276,0.0
,mappo,,,,1516.0,0.0,0.0,0.0,0.0,0.0,0.0,0.0,0.0,0.0,0.0,0.0,0.0,0.0,,,,,,,
0.019996605813503265,mappo,3.841423179551384e-08,-1.2132105827331543,0.0005447482494164721,1517.0,,,,,,,,,,,,,,0.0,,,,,0.013461784459650517,0.0
,mappo,,,,1517.0,0.0,0.0,0.0,0.0,0.0,0.0,0.0,0.0,0.0,0.0,0.0,0.0,0.0,,,,,,,
0.0015353495255112648,mappo,4.419424470825106e-08,-1.2166953086853027,0.0005444481493831277,1518.0,,,,,,,,,,,,,,0.0,,,,,0.013395747169852257,0.0
,mappo,,,,1518.0,0.0,0.0,0.0,0.0,0.0,0.0,0.0,0.0,0.0,0.0,0.0,0.0,0.0,,,,,,,
0.012663181871175766,mappo,1.611706679227609e-08,-1.2275550365447998,0.0005441480493497833,1519.0,,,,,,,,,,,,,,0.0,,,,,0.0133826257660985,0.0
,mappo,,,,1519.0,0.0,0.0,0.0,0.0,0.0,0.0,0.0,0.0,0.0,0.0,0.0,0.0,0.0,,,,,,,
0.0063834600150585175,mappo,1.9641269943804218e-08,-1.2159849405288696,0.0005438479493164389,1520.0,,,,,,,,,,,,,,0.0,,,,,0.01337502896785736,0.0
,mappo,,,,1520.0,0.0,0.0,0.0,0.0,0.0,0.0,0.0,0.0,0.0,0.0,0.0,0.0,0.0,,,,,,,
0.013822924345731735,mappo,2.0200229045030937e-08,-1.2165660858154297,0.0005435478492830944,1521.0,,,,,,,,,,,,,,0.0,,,,,0.013259253464639187,0.0
,mappo,,,,1521.0,0.0,0.0,0.0,0.0,0.0,0.0,0.0,0.0,0.0,0.0,0.0,0.0,0.0,,,,,,,
0.004451066255569458,mappo,1.5821852272779324e-08,-1.2240142822265625,0.0005432477492497499,1522.0,,,,,,,,,,,,,,0.0,,,,,0.013294626027345657,0.0
,mappo,,,,1522.0,0.0,0.0,0.0,0.0,0.0,0.0,0.0,0.0,0.0,0.0,0.0,0.0,0.0,,,,,,,
0.0021757427603006363,mappo,9.768879927207763e-09,-1.2397408485412598,0.0005429476492164055,1523.0,,,,,,,,,,,,,,0.0,,,,,0.013348205015063286,0.0
,mappo,,,,1523.0,0.0,0.0,0.0,0.0,0.0,0.0,0.0,0.0,0.0,0.0,0.0,0.0,0.0,,,,,,,
0.0008098518592305481,mappo,7.587335204561896e-09,-1.257426142692566,0.0005426475491830611,1524.0,,,,,,,,,,,,,,0.0,,,,,0.013452846556901932,0.0
,mappo,,,,1524.0,0.0,0.0,0.0,0.0,0.0,0.0,0.0,0.0,0.0,0.0,0.0,0.0,0.0,,,,,,,
0.014890636317431927,mappo,5.3962150303732415e-09,-1.237897515296936,0.0005423474491497166,1525.0,,,,,,,,,,,,,,0.0,,,,,0.013338170945644379,0.0
,mappo,,,,1525.0,0.0,0.0,0.0,0.0,0.0,0.0,0.0,0.0,0.0,0.0,0.0,0.0,0.0,,,,,,,
0.06145162135362625,mappo,3.5068397075121993e-09,-1.2767844200134277,0.0005420473491163722,1526.0,,,,,,,,,,,,,,0.0,,,,,0.013373656198382378,0.0
,mappo,,,,1526.0,0.0,0.0,0.0,0.0,0.0,0.0,0.0,0.0,0.0,0.0,0.0,0.0,0.0,,,,,,,
-0.002232595346868038,mappo,1.589783860111993e-09,-1.257038950920105,0.0005417472490830277,1527.0,,,,,,,,,,,,,,0.0,,,,,0.013272819109261036,0.0
,mappo,,,,1527.0,0.0,0.0,0.0,0.0,0.0,0.0,0.0,0.0,0.0,0.0,0.0,0.0,0.0,,,,,,,
0.012707808054983616,mappo,5.607949105090881e-10,-1.2921282052993774,0.0005414471490496832,1528.0,,,,,,,,,,,,,,0.0,,,,,0.013265291228890419,0.0
,mappo,,,,1528.0,0.0,0.0,0.0,0.0,0.0,0.0,0.0,0.0,0.0,0.0,0.0,0.0,0.0,,,,,,,
0.014506435953080654,mappo,1.2857640507846213e-09,-1.3028147220611572,0.0005411470490163388,1529.0,,,,,,,,,,,,,,0.0,,,,,0.013433233834803104,0.0
,mappo,,,,1529.0,0.0,0.0,0.0,0.0,0.0,0.0,0.0,0.0,0.0,0.0,0.0,0.0,0.0,,,,,,,
0.003038344904780388,mappo,1.0522310800453738e-09,-1.3007358312606812,0.0005408469489829944,1530.0,,,,,,,,,,,,,,0.0,,,,,0.013184871524572372,0.0
,mappo,,,,1530.0,0.0,0.0,0.0,0.0,0.0,0.0,0.0,0.0,0.0,0.0,0.0,0.0,0.0,,,,,,,
0.027362439781427383,mappo,4.725859259480103e-09,-1.2848843336105347,0.00054054684894965,1531.0,,,,,,,,,,,,,,0.0,,,,,0.01324966549873352,0.0
,mappo,,,,1531.0,0.0,0.0,0.0,0.0,0.0,0.0,0.0,0.0,0.0,0.0,0.0,0.0,0.0,,,,,,,
-0.001094879349693656,mappo,8.276247243088619e-09,-1.2662408351898193,0.0005402467489163055,1532.0,,,,,,,,,,,,,,0.0,,,,,0.0132445702329278,0.0
,mappo,,,,1532.0,0.0,0.0,0.0,0.0,0.0,0.0,0.0,0.0,0.0,0.0,0.0,0.0,0.0,,,,,,,
0.015033438801765442,mappo,1.3357481343234667e-08,-1.303775668144226,0.000539946648882961,1533.0,,,,,,,,,,,,,,0.0,,,,,0.013255579397082329,0.0
,mappo,,,,1533.0,0.0,0.0,0.0,0.0,0.0,0.0,0.0,0.0,0.0,0.0,0.0,0.0,0.0,,,,,,,
0.07914430648088455,mappo,1.5875164294243405e-08,-1.295098900794983,0.0005396465488496165,1534.0,,,,,,,,,,,,,,0.0,,,,,0.013293258845806122,0.0
,mappo,,,,1534.0,0.0,0.0,0.0,0.0,0.0,0.0,0.0,0.0,0.0,0.0,0.0,0.0,0.0,,,,,,,
0.0056746038608253,mappo,2.354033590279414e-08,-1.303202509880066,0.0005393464488162721,1535.0,,,,,,,,,,,,,,0.0,,,,,0.013289570808410645,0.0
,mappo,,,,1535.0,0.0,0.0,0.0,0.0,0.0,0.0,0.0,0.0,0.0,0.0,0.0,0.0,0.0,,,,,,,
0.055648237466812134,mappo,3.52843585460505e-08,-1.312255859375,0.0005390463487829277,1536.0,,,,,,,,,,,,,,0.0,,,,,0.013409879058599472,0.0
,mappo,,,,1536.0,0.0,0.0,0.0,0.0,0.0,0.0,0.0,0.0,0.0,0.0,0.0,0.0,0.0,,,,,,,
0.015032617375254631,mappo,4.013381271761318e-08,-1.312325119972229,0.0005387462487495831,1537.0,,,,,,,,,,,,,,0.0,,,,,0.013226384297013283,0.0
,mappo,,,,1537.0,0.0,0.0,0.0,0.0,0.0,0.0,0.0,0.0,0.0,0.0,0.0,0.0,0.0,,,,,,,
-0.0023804756347090006,mappo,4.4282142397378266e-08,-1.3610352277755737,0.0005384461487162388,1538.0,,,,,,,,,,,,,,0.0,,,,,0.013262279331684113,0.0
,mappo,,,,1538.0,0.0,0.0,0.0,0.0,0.0,0.0,0.0,0.0,0.0,0.0,0.0,0.0,0.0,,,,,,,
0.01452851202338934,mappo,5.6196050479684345e-08,-1.4034019708633423,0.0005381460486828943,1539.0,,,,,,,,,,,,,,0.0,,,,,0.013308487832546234,0.0
,mappo,,,,1539.0,0.0,0.0,0.0,0.0,0.0,0.0,0.0,0.0,0.0,0.0,0.0,0.0,0.0,,,,,,,
0.028966868296265602,mappo,5.9036945998514057e-08,-1.422683835029602,0.0005378459486495499,1540.0,,,,,,,,,,,,,,0.0,,,,,0.01326582208275795,0.0
,mappo,,,,1540.0,0.0,0.0,0.0,0.0,0.0,0.0,0.0,0.0,0.0,0.0,0.0,0.0,0.0,,,,,,,
-0.002192036248743534,mappo,5.889606313758122e-08,-1.4157133102416992,0.0005375458486162055,1541.0,,,,,,,,,,,,,,0.0,,,,,0.01333339512348175,0.0
,mappo,,,,1541.0,0.0,0.0,0.0,0.0,0.0,0.0,0.0,0.0,0.0,0.0,0.0,0.0,0.0,,,,,,,
0.0001416240120306611,mappo,6.249934614288577e-08,-1.3689945936203003,0.0005372457485828611,1542.0,,,,,,,,,,,,,,0.0,,,,,0.01338106021285057,0.0
,mappo,,,,1542.0,0.0,0.0,0.0,0.0,0.0,0.0,0.0,0.0,0.0,0.0,0.0,0.0,0.0,,,,,,,
-0.0027230142150074244,mappo,5.451772366882324e-08,-1.3494524955749512,0.0005369456485495165,1543.0,,,,,,,,,,,,,,0.0,,,,,0.013402700424194336,0.0
,mappo,,,,1543.0,0.0,0.0,0.0,0.0,0.0,0.0,0.0,0.0,0.0,0.0,0.0,0.0,0.0,,,,,,,
0.0021619130857288837,mappo,5.139811065646427e-08,-1.3123315572738647,0.000536645548516172,1544.0,,,,,,,,,,,,,,0.0,,,,,0.013242896646261215,0.0
,mappo,,,,1544.0,0.0,0.0,0.0,0.0,0.0,0.0,0.0,0.0,0.0,0.0,0.0,0.0,0.0,,,,,,,
0.019548634067177773,mappo,4.381777074513593e-08,-1.317965030670166,0.0005363454484828276,1545.0,,,,,,,,,,,,,,0.0,,,,,0.013297275640070438,0.0
,mappo,,,,1545.0,0.0,0.0,0.0,0.0,0.0,0.0,0.0,0.0,0.0,0.0,0.0,0.0,0.0,,,,,,,
0.006935536861419678,mappo,4.0264627187980295e-08,-1.3045212030410767,0.0005360453484494832,1546.0,,,,,,,,,,,,,,0.0,,,,,0.013297023251652718,0.0
,mappo,,,,1546.0,0.0,0.0,0.0,0.0,0.0,0.0,0.0,0.0,0.0,0.0,0.0,0.0,0.0,,,,,,,
-0.000781543436460197,mappo,3.790870906072996e-08,-1.3070791959762573,0.0005357452484161388,1547.0,,,,,,,,,,,,,,0.0,,,,,0.013252593576908112,0.0
,mappo,,,,1547.0,0.0,0.0,0.0,0.0,0.0,0.0,0.0,0.0,0.0,0.0,0.0,0.0,0.0,,,,,,,
-0.011008246801793575,mappo,2.7487162768125017e-08,-1.310187578201294,0.0005354451483827942,1548.0,,,,,,,,,,,,,,0.0,,,,,0.013466542586684227,0.0
,mappo,,,,1548.0,0.0,0.0,0.0,0.0,0.0,0.0,0.0,0.0,0.0,0.0,0.0,0.0,0.0,,,,,,,
0.013520770706236362,mappo,1.7469139024228753e-08,-1.283622145652771,0.0005351450483494499,1549.0,,,,,,,,,,,,,,0.0,,,,,0.013327965512871742,0.0
,mappo,,,,1549.0,0.0,0.0,0.0,0.0,0.0,0.0,0.0,0.0,0.0,0.0,0.0,0.0,0.0,,,,,,,
0.17943696677684784,mappo,1.2104610647156733e-08,-1.3267102241516113,0.0005348449483161054,1550.0,,,,,,,,,,,,,,0.0,,,,,0.013301474042236805,0.0
,mappo,,,,1550.0,0.0,0.0,0.0,0.0,0.0,0.0,0.0,0.0,0.0,0.0,0.0,0.0,0.0,,,,,,,
0.018249182030558586,mappo,1.0417980256249848e-08,-1.3187477588653564,0.000534544848282761,1551.0,,,,,,,,,,,,,,0.0,,,,,0.013262668624520302,0.0
,mappo,,,,1551.0,0.0,0.0,0.0,0.0,0.0,0.0,0.0,0.0,0.0,0.0,0.0,0.0,0.0,,,,,,,
0.04704136401414871,mappo,7.003833957242023e-09,-1.3116637468338013,0.0005342447482494164,1552.0,,,,,,,,,,,,,,0.0,,,,,0.013272717595100403,0.0
,mappo,,,,1552.0,0.0,0.0,0.0,0.0,0.0,0.0,0.0,0.0,0.0,0.0,0.0,0.0,0.0,,,,,,,
0.0035992651246488094,mappo,5.393200552816779e-09,-1.3013819456100464,0.0005339446482160721,1553.0,,,,,,,,,,,,,,0.0,,,,,0.013291406445205212,0.0
,mappo,,,,1553.0,0.0,0.0,0.0,0.0,0.0,0.0,0.0,0.0,0.0,0.0,0.0,0.0,0.0,,,,,,,
0.006418144796043634,mappo,4.533057040845279e-09,-1.2598506212234497,0.0005336445481827276,1554.0,,,,,,,,,,,,,,0.0,,,,,0.013374505564570427,0.0
,mappo,,,,1554.0,0.0,0.0,0.0,0.0,0.0,0.0,0.0,0.0,0.0,0.0,0.0,0.0,0.0,,,,,,,
0.028317734599113464,mappo,6.706334931827485e-10,-1.2394098043441772,0.0005333444481493831,1555.0,,,,,,,,,,,,,,0.0,,,,,0.013334717601537704,0.0
,mappo,,,,1555.0,0.0,0.0,0.0,0.0,0.0,0.0,0.0,0.0,0.0,0.0,0.0,0.0,0.0,,,,,,,
-0.002104245126247406,mappo,2.8852864542017187e-10,-1.209531307220459,0.0005330443481160387,1556.0,,,,,,,,,,,,,,0.0,,,,,0.0133245550096035,0.0
,mappo,,,,1556.0,0.0,0.0,0.0,0.0,0.0,0.0,0.0,0.0,0.0,0.0,0.0,0.0,0.0,,,,,,,
-0.0048404657281935215,mappo,1.7568253796174105e-10,-1.2403255701065063,0.0005327442480826943,1557.0,,,,,,,,,,,,,,0.0,,,,,0.013336379081010818,0.0
,mappo,,,,1557.0,0.0,0.0,0.0,0.0,0.0,0.0,0.0,0.0,0.0,0.0,0.0,0.0,0.0,,,,,,,
0.0012348864693194628,mappo,2.4132806863974565e-10,-1.2539830207824707,0.0005324441480493499,1558.0,,,,,,,,,,,,,,0.0,,,,,0.013368979096412659,0.0
,mappo,,,,1558.0,0.0,0.0,0.0,0.0,0.0,0.0,0.0,0.0,0.0,0.0,0.0,0.0,0.0,,,,,,,
-0.0024427601601928473,mappo,3.267482395763466e-10,-1.2818433046340942,0.0005321440480160053,1559.0,,,,,,,,,,,,,,0.0,,,,,0.013391103595495224,0.0
,mappo,,,,1559.0,0.0,0.0,0.0,0.0,0.0,0.0,0.0,0.0,0.0,0.0,0.0,0.0,0.0,,,,,,,
-0.0011566414032131433,mappo,2.955302891294309e-09,-1.286129117012024,0.000531843947982661,1560.0,,,,,,,,,,,,,,0.0,,,,,0.013367836363613605,0.0
,mappo,,,,1560.0,0.0,0.0,0.0,0.0,0.0,0.0,0.0,0.0,0.0,0.0,0.0,0.0,0.0,,,,,,,
0.006892935838550329,mappo,3.2317797327152675e-09,-1.2817962169647217,0.0005315438479493164,1561.0,,,,,,,,,,,,,,0.0,,,,,0.013280931860208511,0.0
,mappo,,,,1561.0,0.0,0.0,0.0,0.0,0.0,0.0,0.0,0.0,0.0,0.0,0.0,0.0,0.0,,,,,,,
-0.002657199278473854,mappo,4.290267696660521e-09,-1.2727437019348145,0.000531243747915972,1562.0,,,,,,,,,,,,,,0.0,,,,,0.013342123478651047,0.0
,mappo,,,,1562.0,0.0,0.0,0.0,0.0,0.0,0.0,0.0,0.0,0.0,0.0,0.0,0.0,0.0,,,,,,,
0.005806918255984783,mappo,3.4213081256950773e-09,-1.2389013767242432,0.0005309436478826275,1563.0,,,,,,,,,,,,,,0.0,,,,,0.013287009671330452,0.0
,mappo,,,,1563.0,0.0,0.0,0.0,0.0,0.0,0.0,0.0,0.0,0.0,0.0,0.0,0.0,0.0,,,,,,,
-0.0033609638921916485,mappo,5.822284876444428e-09,-1.2259628772735596,0.0005306435478492832,1564.0,,,,,,,,,,,,,,0.0,,,,,0.01338956505060196,0.0
,mappo,,,,1564.0,0.0,0.0,0.0,0.0,0.0,0.0,0.0,0.0,0.0,0.0,0.0,0.0,0.0,,,,,,,
-0.005348137114197016,mappo,7.298817550349668e-09,-1.1948107481002808,0.0005303434478159387,1565.0,,,,,,,,,,,,,,0.0,,,,,0.013354683294892311,0.0
,mappo,,,,1565.0,0.0,0.0,0.0,0.0,0.0,0.0,0.0,0.0,0.0,0.0,0.0,0.0,0.0,,,,,,,
0.006651817820966244,mappo,1.280094341638005e-08,-1.1728886365890503,0.0005300433477825942,1566.0,,,,,,,,,,,,,,0.0,,,,,0.01336970366537571,0.0
,mappo,,,,1566.0,0.0,0.0,0.0,0.0,0.0,0.0,0.0,0.0,0.0,0.0,0.0,0.0,0.0,,,,,,,
0.006256989203393459,mappo,2.416249955672356e-08,-1.1587997674942017,0.0005297432477492498,1567.0,,,,,,,,,,,,,,0.0,,,,,0.013487459160387516,0.0
,mappo,,,,1567.0,0.0,0.0,0.0,0.0,0.0,0.0,0.0,0.0,0.0,0.0,0.0,0.0,0.0,,,,,,,
-0.0032629105262458324,mappo,2.9381878263734507e-08,-1.127198338508606,0.0005294431477159054,1568.0,,,,,,,,,,,,,,0.0,,,,,0.01333162933588028,0.0
,mappo,,,,1568.0,0.0,0.0,0.0,0.0,0.0,0.0,0.0,0.0,0.0,0.0,0.0,0.0,0.0,,,,,,,
-0.0011316232848912477,mappo,2.8615948721721907e-08,-1.1174982786178589,0.000529143047682561,1569.0,,,,,,,,,,,,,,0.0,,,,,0.013432320207357407,0.0
,mappo,,,,1569.0,0.0,0.0,0.0,0.0,0.0,0.0,0.0,0.0,0.0,0.0,0.0,0.0,0.0,,,,,,,
0.00031404150649905205,mappo,2.8880888791604775e-08,-1.0954772233963013,0.0005288429476492163,1570.0,,,,,,,,,,,,,,0.0,,,,,0.013507122173905373,0.0
,mappo,,,,1570.0,0.0,0.0,0.0,0.0,0.0,0.0,0.0,0.0,0.0,0.0,0.0,0.0,0.0,,,,,,,
-0.0017652851529419422,mappo,3.2315991660425425e-08,-1.0876829624176025,0.000528542847615872,1571.0,,,,,,,,,,,,,,0.0,,,,,0.013501109555363655,0.0
,mappo,,,,1571.0,0.0,0.0,0.0,0.0,0.0,0.0,0.0,0.0,0.0,0.0,0.0,0.0,0.0,,,,,,,
-0.00475109601393342,mappo,3.677299886817309e-08,-1.1061893701553345,0.0005282427475825275,1572.0,,,,,,,,,,,,,,0.0,,,,,0.01356271468102932,0.0
,mappo,,,,1572.0,0.0,0.0,0.0,0.0,0.0,0.0,0.0,0.0,0.0,0.0,0.0,0.0,0.0,,,,,,,
-0.009792685508728027,mappo,3.276342397384724e-08,-1.1554851531982422,0.0005279426475491831,1573.0,,,,,,,,,,,,,,0.0,,,,,0.013450173661112785,0.0
,mappo,,,,1573.0,0.0,0.0,0.0,0.0,0.0,0.0,0.0,0.0,0.0,0.0,0.0,0.0,0.0,,,,,,,
0.00529061583802104,mappo,2.8355868764151637e-08,-1.1992005109786987,0.0005276425475158386,1574.0,,,,,,,,,,,,,,0.0,,,,,0.013543128967285156,0.0
,mappo,,,,1574.0,0.0,0.0,0.0,0.0,0.0,0.0,0.0,0.0,0.0,0.0,0.0,0.0,0.0,,,,,,,
0.003630402497947216,mappo,3.1346438333912374e-08,-1.2172319889068604,0.0005273424474824943,1575.0,,,,,,,,,,,,,,0.0,,,,,0.013592363335192204,0.0
,mappo,,,,1575.0,0.0,0.0,0.0,0.0,0.0,0.0,0.0,0.0,0.0,0.0,0.0,0.0,0.0,,,,,,,
0.004650494083762169,mappo,3.248864643978777e-08,-1.2068722248077393,0.0005270423474491498,1576.0,,,,,,,,,,,,,,0.0,,,,,0.013556303456425667,0.0
,mappo,,,,1576.0,0.0,0.0,0.0,0.0,0.0,0.0,0.0,0.0,0.0,0.0,0.0,0.0,0.0,,,,,,,
0.006374948192387819,mappo,2.7361135579440088e-08,-1.208471655845642,0.0005267422474158053,1577.0,,,,,,,,,,,,,,0.0,,,,,0.01364002376794815,0.0
,mappo,,,,1577.0,0.0,0.0,0.0,0.0,0.0,0.0,0.0,0.0,0.0,0.0,0.0,0.0,0.0,,,,,,,
-0.0015915671829134226,mappo,2.2900445983964346e-08,-1.2143051624298096,0.0005264421473824608,1578.0,,,,,,,,,,,,,,0.0,,,,,0.013643244281411171,0.0
,mappo,,,,1578.0,0.0,0.0,0.0,0.0,0.0,0.0,0.0,0.0,0.0,0.0,0.0,0.0,0.0,,,,,,,
0.00041660951683297753,mappo,2.1254829007943954e-08,-1.2311524152755737,0.0005261420473491164,1579.0,,,,,,,,,,,,,,0.0,,,,,0.013481998816132545,0.0
,mappo,,,,1579.0,0.0,0.0,0.0,0.0,0.0,0.0,0.0,0.0,0.0,0.0,0.0,0.0,0.0,,,,,,,
0.025643562898039818,mappo,1.9721371202763294e-08,-1.2110694646835327,0.000525841947315772,1580.0,,,,,,,,,,,,,,0.0,,,,,0.013555780053138733,0.0
,mappo,,,,1580.0,0.0,0.0,0.0,0.0,0.0,0.0,0.0,0.0,0.0,0.0,0.0,0.0,0.0,,,,,,,
0.0049656969495117664,mappo,1.819479322762163e-08,-1.2064281702041626,0.0005255418472824274,1581.0,,,,,,,,,,,,,,0.0,,,,,0.013554245233535767,0.0
,mappo,,,,1581.0,0.0,0.0,0.0,0.0,0.0,0.0,0.0,0.0,0.0,0.0,0.0,0.0,0.0,,,,,,,
-0.004565819166600704,mappo,1.7801687235419195e-08,-1.2082571983337402,0.000525241747249083,1582.0,,,,,,,,,,,,,,0.0,,,,,0.013563243672251701,0.0
,mappo,,,,1582.0,0.0,0.0,0.0,0.0,0.0,0.0,0.0,0.0,0.0,0.0,0.0,0.0,0.0,,,,,,,
0.02391917258501053,mappo,1.403730376381418e-08,-1.222545862197876,0.0005249416472157386,1583.0,,,,,,,,,,,,,,0.0,,,,,0.01351136900484562,0.0
,mappo,,,,1583.0,0.0,0.0,0.0,0.0,0.0,0.0,0.0,0.0,0.0,0.0,0.0,0.0,0.0,,,,,,,
0.044093865901231766,mappo,1.4027744299482947e-08,-1.187739372253418,0.0005246415471823942,1584.0,,,,,,,,,,,,,,0.0,,,,,0.013694360852241516,0.0
,mappo,,,,1584.0,0.0,0.0,0.0,0.0,0.0,0.0,0.0,0.0,0.0,0.0,0.0,0.0,0.0,,,,,,,
0.012737386859953403,mappo,1.1538268118727046e-08,-1.2015167474746704,0.0005243414471490497,1585.0,,,,,,,,,,,,,,0.0,,,,,0.01360805332660675,0.0
,mappo,,,,1585.0,0.0,0.0,0.0,0.0,0.0,0.0,0.0,0.0,0.0,0.0,0.0,0.0,0.0,,,,,,,
0.0024245185777544975,mappo,6.7974186279684545e-09,-1.219969630241394,0.0005240413471157054,1586.0,,,,,,,,,,,,,,0.0,,,,,0.013548029586672783,0.0
,mappo,,,,1586.0,0.0,0.0,0.0,0.0,0.0,0.0,0.0,0.0,0.0,0.0,0.0,0.0,0.0,,,,,,,
0.028716405853629112,mappo,4.2796370891551305e-09,-1.2426917552947998,0.0005237412470823608,1587.0,,,,,,,,,,,,,,0.0,,,,,0.013464151881635189,0.0
,mappo,,,,1587.0,0.0,0.0,0.0,0.0,0.0,0.0,0.0,0.0,0.0,0.0,0.0,0.0,0.0,,,,,,,
-0.0008055971120484173,mappo,4.628374572490657e-09,-1.2593019008636475,0.0005234411470490163,1588.0,,,,,,,,,,,,,,0.0,,,,,0.013528738170862198,0.0
,mappo,,,,1588.0,0.0,0.0,0.0,0.0,0.0,0.0,0.0,0.0,0.0,0.0,0.0,0.0,0.0,,,,,,,
0.00158981722779572,mappo,6.130832286288523e-09,-1.2566649913787842,0.0005231410470156719,1589.0,,,,,,,,,,,,,,0.0,,,,,0.013580838218331337,0.0
,mappo,,,,1589.0,0.0,0.0,0.0,0.0,0.0,0.0,0.0,0.0,0.0,0.0,0.0,0.0,0.0,,,,,,,
0.013747986406087875,mappo,5.757759158342424e-09,-1.254214882850647,0.0005228409469823275,1590.0,,,,,,,,,,,,,,0.0,,,,,0.013589768670499325,0.0
,mappo,,,,1590.0,0.0,0.0,0.0,0.0,0.0,0.0,0.0,0.0,0.0,0.0,0.0,0.0,0.0,,,,,,,
4.177179653197527e-05,mappo,4.352489035852614e-09,-1.2442409992218018,0.0005225408469489831,1591.0,,,,,,,,,,,,,,0.0,,,,,0.013474113307893276,0.0
,mappo,,,,1591.0,0.0,0.0,0.0,0.0,0.0,0.0,0.0,0.0,0.0,0.0,0.0,0.0,0.0,,,,,,,
0.0005221422179602087,mappo,2.8790854145199773e-09,-1.2457873821258545,0.0005222407469156386,1592.0,,,,,,,,,,,,,,0.0,,,,,0.013596756383776665,0.0
,mappo,,,,1592.0,0.0,0.0,0.0,0.0,0.0,0.0,0.0,0.0,0.0,0.0,0.0,0.0,0.0,,,,,,,
0.005740020889788866,mappo,8.108141935636581e-10,-1.2449814081192017,0.0005219406468822941,1593.0,,,,,,,,,,,,,,0.0,,,,,0.013424687087535858,0.0
,mappo,,,,1593.0,0.0,0.0,0.0,0.0,0.0,0.0,0.0,0.0,0.0,0.0,0.0,0.0,0.0,,,,,,,
0.00608155457302928,mappo,1.0668030903104864e-09,-1.2679654359817505,0.0005216405468489497,1594.0,,,,,,,,,,,,,,0.0,,,,,0.01357707753777504,0.0
,mappo,,,,1594.0,0.0,0.0,0.0,0.0,0.0,0.0,0.0,0.0,0.0,0.0,0.0,0.0,0.0,,,,,,,
-0.0012493629474192858,mappo,5.723451712569272e-10,-1.2777377367019653,0.0005213404468156053,1595.0,,,,,,,,,,,,,,0.0,,,,,0.013379812240600586,0.0
,mappo,,,,1595.0,0.0,0.0,0.0,0.0,0.0,0.0,0.0,0.0,0.0,0.0,0.0,0.0,0.0,,,,,,,
0.00037340493872761726,mappo,3.75368819360844e-10,-1.2993251085281372,0.0005210403467822607,1596.0,,,,,,,,,,,,,,0.0,,,,,0.013441954739391804,0.0
,mappo,,,,1596.0,0.0,0.0,0.0,0.0,0.0,0.0,0.0,0.0,0.0,0.0,0.0,0.0,0.0,,,,,,,
0.012341659516096115,mappo,3.318082197889538e-10,-1.284260869026184,0.0005207402467489162,1597.0,,,,,,,,,,,,,,0.0,,,,,0.013410339131951332,0.0
,mappo,,,,1597.0,0.0,0.0,0.0,0.0,0.0,0.0,0.0,0.0,0.0,0.0,0.0,0.0,0.0,,,,,,,
0.004986840300261974,mappo,6.710071942528373e-10,-1.2732281684875488,0.0005204401467155719,1598.0,,,,,,,,,,,,,,0.0,,,,,0.01354309357702732,0.0
,mappo,,,,1598.0,0.0,0.0,0.0,0.0,0.0,0.0,0.0,0.0,0.0,0.0,0.0,0.0,0.0,,,,,,,
-0.00221712002530694,mappo,7.669095913875879e-10,-1.2533608675003052,0.0005201400466822274,1599.0,,,,,,,,,,,,,,0.0,,,,,0.013557033613324165,0.0
,mappo,,,,1599.0,0.0,0.0,0.0,0.0,0.0,0.0,0.0,0.0,0.0,0.0,0.0,0.0,0.0,,,,,,,
,mappo,,,,1599.0,,,,,,,,,,,,,,,0.0,0.0,0.0,0.0,,
-0.0009744695853441954,mappo,1.1417313761086234e-09,-1.2319203615188599,0.000519839946648883,1600.0,,,,,,,,,,,,,,0.0,,,,,0.0134148970246315,0.0
,mappo,,,,1600.0,0.0,0.0,0.0,0.0,0.0,0.0,0.0,0.0,0.0,0.0,0.0,0.0,0.0,,,,,,,
-0.005065522156655788,mappo,3.766807421534679e-10,-1.2017444372177124,0.0005195398466155386,1601.0,,,,,,,,,,,,,,0.0,,,,,0.013420145027339458,0.0
,mappo,,,,1601.0,0.0,0.0,0.0,0.0,0.0,0.0,0.0,0.0,0.0,0.0,0.0,0.0,0.0,,,,,,,
-0.006818026769906282,mappo,1.8853786587502697e-10,-1.1915494203567505,0.0005192397465821942,1602.0,,,,,,,,,,,,,,0.0,,,,,0.013459224253892899,0.0
,mappo,,,,1602.0,0.0,0.0,0.0,0.0,0.0,0.0,0.0,0.0,0.0,0.0,0.0,0.0,0.0,,,,,,,
0.1888013482093811,mappo,1.2084645784060655e-10,-1.1343289613723755,0.0005189396465488497,1603.0,,,,,,,,,,,,,,0.0,,,,,0.01332483533769846,0.0
,mappo,,,,1603.0,0.0,0.0,0.0,0.0,0.0,0.0,0.0,0.0,0.0,0.0,0.0,0.0,0.0,,,,,,,
0.009247948415577412,mappo,4.816977927646349e-10,-1.134852409362793,0.0005186395465155052,1604.0,,,,,,,,,,,,,,0.0,,,,,0.013385694473981857,0.0
,mappo,,,,1604.0,0.0,0.0,0.0,0.0,0.0,0.0,0.0,0.0,0.0,0.0,0.0,0.0,0.0,,,,,,,
0.025653626769781113,mappo,1.7025253429281406e-09,-1.1604859828948975,0.0005183394464821607,1605.0,,,,,,,,,,,,,,0.0,,,,,0.013374106958508492,0.0
,mappo,,,,1605.0,0.0,0.0,0.0,0.0,0.0,0.0,0.0,0.0,0.0,0.0,0.0,0.0,0.0,,,,,,,
-0.0014545766171067953,mappo,6.68957667038228e-10,-1.1761786937713623,0.0005180393464488163,1606.0,,,,,,,,,,,,,,0.0,,,,,0.013316952623426914,0.0
,mappo,,,,1606.0,0.0,0.0,0.0,0.0,0.0,0.0,0.0,0.0,0.0,0.0,0.0,0.0,0.0,,,,,,,
0.002967866137623787,mappo,2.34503039209244e-09,-1.1712952852249146,0.0005177392464154718,1607.0,,,,,,,,,,,,,,0.0,,,,,0.01332332007586956,0.0
,mappo,,,,1607.0,0.0,0.0,0.0,0.0,0.0,0.0,0.0,0.0,0.0,0.0,0.0,0.0,0.0,,,,,,,
-0.001330575905740261,mappo,1.5997708713300085e-09,-1.1675883531570435,0.0005174391463821273,1608.0,,,,,,,,,,,,,,0.0,,,,,0.013372113928198814,0.0
,mappo,,,,1608.0,0.0,0.0,0.0,0.0,0.0,0.0,0.0,0.0,0.0,0.0,0.0,0.0,0.0,,,,,,,
-0.001211367780342698,mappo,1.9687218522079775e-09,-1.1626665592193604,0.000517139046348783,1609.0,,,,,,,,,,,,,,0.0,,,,,0.01327179092913866,0.0
,mappo,,,,1609.0,0.0,0.0,0.0,0.0,0.0,0.0,0.0,0.0,0.0,0.0,0.0,0.0,0.0,,,,,,,
0.01661403477191925,mappo,2.7148427950152154e-09,-1.1624866724014282,0.0005168389463154385,1610.0,,,,,,,,,,,,,,0.0,,,,,0.013315441086888313,0.0
,mappo,,,,1610.0,0.0,0.0,0.0,0.0,0.0,0.0,0.0,0.0,0.0,0.0,0.0,0.0,0.0,,,,,,,
0.02579224482178688,mappo,4.044945711711989e-09,-1.1603031158447266,0.0005165388462820941,1611.0,,,,,,,,,,,,,,0.0,,,,,0.013332325965166092,0.0
,mappo,,,,1611.0,0.0,0.0,0.0,0.0,0.0,0.0,0.0,0.0,0.0,0.0,0.0,0.0,0.0,,,,,,,
0.004306898918002844,mappo,7.0172516686284325e-09,-1.1458687782287598,0.0005162387462487496,1612.0,,,,,,,,,,,,,,0.0,,,,,0.013360561802983284,0.0
,mappo,,,,1612.0,0.0,0.0,0.0,0.0,0.0,0.0,0.0,0.0,0.0,0.0,0.0,0.0,0.0,,,,,,,
0.011849354952573776,mappo,9.899850716976744e-09,-1.11245596408844,0.0005159386462154053,1613.0,,,,,,,,,,,,,,0.0,,,,,0.013376414775848389,0.0
,mappo,,,,1613.0,0.0,0.0,0.0,0.0,0.0,0.0,0.0,0.0,0.0,0.0,0.0,0.0,0.0,,,,,,,
-0.0010536641348153353,mappo,1.0493982571802007e-08,-1.0843499898910522,0.0005156385461820607,1614.0,,,,,,,,,,,,,,0.0,,,,,0.013401101343333721,0.0
,mappo,,,,1614.0,0.0,0.0,0.0,0.0,0.0,0.0,0.0,0.0,0.0,0.0,0.0,0.0,0.0,,,,,,,
-0.00013562326785176992,mappo,1.154305628858765e-08,-1.0487020015716553,0.0005153384461487162,1615.0,,,,,,,,,,,,,,0.0,,,,,0.01331794261932373,0.0
,mappo,,,,1615.0,0.0,0.0,0.0,0.0,0.0,0.0,0.0,0.0,0.0,0.0,0.0,0.0,0.0,,,,,,,
0.008012733422219753,mappo,1.2658139425525405e-08,-1.0401407480239868,0.0005150383461153718,1616.0,,,,,,,,,,,,,,0.0,,,,,0.013337750919163227,0.0
,mappo,,,,1616.0,0.0,0.0,0.0,0.0,0.0,0.0,0.0,0.0,0.0,0.0,0.0,0.0,0.0,,,,,,,
0.0018907675985246897,mappo,1.3922763386631232e-08,-1.0483834743499756,0.0005147382460820274,1617.0,,,,,,,,,,,,,,0.0,,,,,0.013377002440392971,0.0
,mappo,,,,1617.0,0.0,0.0,0.0,0.0,0.0,0.0,0.0,0.0,0.0,0.0,0.0,0.0,0.0,,,,,,,
0.0015190807171165943,mappo,1.4804420800373919e-08,-1.0448112487792969,0.0005144381460486829,1618.0,,,,,,,,,,,,,,0.0,,,,,0.013268033042550087,0.0
,mappo,,,,1618.0,0.0,0.0,0.0,0.0,0.0,0.0,0.0,0.0,0.0,0.0,0.0,0.0,0.0,,,,,,,
0.00933392159640789,mappo,1.61464175363335e-08,-1.051430344581604,0.0005141380460153384,1619.0,,,,,,,,,,,,,,0.0,,,,,0.013243455439805984,0.0
,mappo,,,,1619.0,0.0,0.0,0.0,0.0,0.0,0.0,0.0,0.0,0.0,0.0,0.0,0.0,0.0,,,,,,,
-0.0008024283451959491,mappo,2.248867758680717e-08,-1.063846230506897,0.0005138379459819941,1620.0,,,,,,,,,,,,,,0.0,,,,,0.013284001499414444,0.0
,mappo,,,,1620.0,0.0,0.0,0.0,0.0,0.0,0.0,0.0,0.0,0.0,0.0,0.0,0.0,0.0,,,,,,,
0.0032258157152682543,mappo,2.3243011071372166e-08,-1.0639349222183228,0.0005135378459486496,1621.0,,,,,,,,,,,,,,0.0,,,,,0.013295819982886314,0.0
,mappo,,,,1621.0,0.0,0.0,0.0,0.0,0.0,0.0,0.0,0.0,0.0,0.0,0.0,0.0,0.0,,,,,,,
0.006381602957844734,mappo,2.2242625519197645e-08,-1.0420129299163818,0.0005132377459153052,1622.0,,,,,,,,,,,,,,0.0,,,,,0.013515440747141838,0.0
,mappo,,,,1622.0,0.0,0.0,0.0,0.0,0.0,0.0,0.0,0.0,0.0,0.0,0.0,0.0,0.0,,,,,,,
-0.0011925318976864219,mappo,1.9558203945280184e-08,-1.0324727296829224,0.0005129376458819606,1623.0,,,,,,,,,,,,,,0.0,,,,,0.013254823163151741,0.0
,mappo,,,,1623.0,0.0,0.0,0.0,0.0,0.0,0.0,0.0,0.0,0.0,0.0,0.0,0.0,0.0,,,,,,,
0.0026530842296779156,mappo,2.2967332924395123e-08,-1.0393104553222656,0.0005126375458486163,1624.0,,,,,,,,,,,,,,0.0,,,,,0.01339278556406498,0.0
,mappo,,,,1624.0,0.0,0.0,0.0,0.0,0.0,0.0,0.0,0.0,0.0,0.0,0.0,0.0,0.0,,,,,,,
-0.0016428506933152676,mappo,2.3729544551542858e-08,-1.0222996473312378,0.0005123374458152718,1625.0,,,,,,,,,,,,,,0.0,,,,,0.01331146340817213,0.0
,mappo,,,,1625.0,0.0,0.0,0.0,0.0,0.0,0.0,0.0,0.0,0.0,0.0,0.0,0.0,0.0,,,,,,,
-0.008320809341967106,mappo,2.1576756381591622e-08,-1.0088459253311157,0.0005120373457819273,1626.0,,,,,,,,,,,,,,0.0,,,,,0.01336963102221489,0.0
,mappo,,,,1626.0,0.0,0.0,0.0,0.0,0.0,0.0,0.0,0.0,0.0,0.0,0.0,0.0,0.0,,,,,,,
-0.0029277396388351917,mappo,2.4085894168024424e-08,-0.9939376711845398,0.0005117372457485829,1627.0,,,,,,,,,,,,,,0.0,,,,,0.013314217329025269,0.0
,mappo,,,,1627.0,0.0,0.0,0.0,0.0,0.0,0.0,0.0,0.0,0.0,0.0,0.0,0.0,0.0,,,,,,,
-0.0007235403172671795,mappo,2.370211404922884e-08,-0.9708683490753174,0.0005114371457152385,1628.0,,,,,,,,,,,,,,0.0,,,,,0.013252036646008492,0.0
,mappo,,,,1628.0,0.0,0.0,0.0,0.0,0.0,0.0,0.0,0.0,0.0,0.0,0.0,0.0,0.0,,,,,,,
-0.003928368911147118,mappo,1.79320505111491e-08,-0.9709659814834595,0.000511137045681894,1629.0,,,,,,,,,,,,,,0.0,,,,,0.013312984257936478,0.0
,mappo,,,,1629.0,0.0,0.0,0.0,0.0,0.0,0.0,0.0,0.0,0.0,0.0,0.0,0.0,0.0,,,,,,,
-0.0087453443557024,mappo,1.4852109764262877e-08,-0.9703521728515625,0.0005108369456485496,1630.0,,,,,,,,,,,,,,0.0,,,,,0.013205221854150295,0.0
,mappo,,,,1630.0,0.0,0.0,0.0,0.0,0.0,0.0,0.0,0.0,0.0,0.0,0.0,0.0,0.0,,,,,,,
0.008321191184222698,mappo,1.2792477299683469e-08,-0.995456337928772,0.0005105368456152052,1631.0,,,,,,,,,,,,,,0.0,,,,,0.013396995142102242,0.0
,mappo,,,,1631.0,0.0,0.0,0.0,0.0,0.0,0.0,0.0,0.0,0.0,0.0,0.0,0.0,0.0,,,,,,,
0.01068713329732418,mappo,8.831386288932208e-09,-1.000482439994812,0.0005102367455818606,1632.0,,,,,,,,,,,,,,0.0,,,,,0.013392208144068718,0.0
,mappo,,,,1632.0,0.0,0.0,0.0,0.0,0.0,0.0,0.0,0.0,0.0,0.0,0.0,0.0,0.0,,,,,,,
0.02302611991763115,mappo,4.707706668938272e-09,-1.0027600526809692,0.0005099366455485162,1633.0,,,,,,,,,,,,,,0.0,,,,,0.013381395488977432,0.0
,mappo,,,,1633.0,0.0,0.0,0.0,0.0,0.0,0.0,0.0,0.0,0.0,0.0,0.0,0.0,0.0,,,,,,,
-0.004369468428194523,mappo,3.736138953769341e-09,-1.0237654447555542,0.0005096365455151717,1634.0,,,,,,,,,,,,,,0.0,,,,,0.013371862471103668,0.0
,mappo,,,,1634.0,0.0,0.0,0.0,0.0,0.0,0.0,0.0,0.0,0.0,0.0,0.0,0.0,0.0,,,,,,,
-0.0023093074560165405,mappo,1.6361451082858025e-09,-1.037976861000061,0.0005093364454818273,1635.0,,,,,,,,,,,,,,0.0,,,,,0.01335851289331913,0.0
,mappo,,,,1635.0,0.0,0.0,0.0,0.0,0.0,0.0,0.0,0.0,0.0,0.0,0.0,0.0,0.0,,,,,,,
0.001126895658671856,mappo,2.1645398806668936e-09,-1.0439566373825073,0.0005090363454484829,1636.0,,,,,,,,,,,,,,0.0,,,,,0.01341947540640831,0.0
,mappo,,,,1636.0,0.0,0.0,0.0,0.0,0.0,0.0,0.0,0.0,0.0,0.0,0.0,0.0,0.0,,,,,,,
0.0008923950954340398,mappo,5.108823364352588e-10,-1.0399922132492065,0.0005087362454151384,1637.0,,,,,,,,,,,,,,0.0,,,,,0.013325557112693787,0.0
,mappo,,,,1637.0,0.0,0.0,0.0,0.0,0.0,0.0,0.0,0.0,0.0,0.0,0.0,0.0,0.0,,,,,,,
0.008501715026795864,mappo,2.7324018048169307e-10,-1.0482536554336548,0.000508436145381794,1638.0,,,,,,,,,,,,,,0.0,,,,,0.013293907977640629,0.0
,mappo,,,,1638.0,0.0,0.0,0.0,0.0,0.0,0.0,0.0,0.0,0.0,0.0,0.0,0.0,0.0,,,,,,,
0.010598897002637386,mappo,7.976238558526916e-10,-1.0530333518981934,0.0005081360453484496,1639.0,,,,,,,,,,,,,,0.0,,,,,0.01332242600619793,0.0
,mappo,,,,1639.0,0.0,0.0,0.0,0.0,0.0,0.0,0.0,0.0,0.0,0.0,0.0,0.0,0.0,,,,,,,
0.0003180880448780954,mappo,2.9067457330000934e-09,-1.0671197175979614,0.000507835945315105,1640.0,,,,,,,,,,,,,,0.0,,,,,0.013275086879730225,0.0
,mappo,,,,1640.0,0.0,0.0,0.0,0.0,0.0,0.0,0.0,0.0,0.0,0.0,0.0,0.0,0.0,,,,,,,
-0.0055742631666362286,mappo,3.3027689472220345e-09,-1.1000105142593384,0.0005075358452817606,1641.0,,,,,,,,,,,,,,0.0,,,,,0.013392716646194458,0.0
,mappo,,,,1641.0,0.0,0.0,0.0,0.0,0.0,0.0,0.0,0.0,0.0,0.0,0.0,0.0,0.0,,,,,,,
-0.004368636757135391,mappo,7.892723807856328e-09,-1.1402095556259155,0.0005072357452484161,1642.0,,,,,,,,,,,,,,0.0,,,,,0.0132717564702034,0.0
,mappo,,,,1642.0,0.0,0.0,0.0,0.0,0.0,0.0,0.0,0.0,0.0,0.0,0.0,0.0,0.0,,,,,,,
-0.0014989249175414443,mappo,1.3785508734542873e-08,-1.1448085308074951,0.0005069356452150717,1643.0,,,,,,,,,,,,,,0.0,,,,,0.013311678543686867,0.0
,mappo,,,,1643.0,0.0,0.0,0.0,0.0,0.0,0.0,0.0,0.0,0.0,0.0,0.0,0.0,0.0,,,,,,,
0.001653908402658999,mappo,1.7047284472937463e-08,-1.142622947692871,0.0005066355451817273,1644.0,,,,,,,,,,,,,,0.0,,,,,0.013281311839818954,0.0
,mappo,,,,1644.0,0.0,0.0,0.0,0.0,0.0,0.0,0.0,0.0,0.0,0.0,0.0,0.0,0.0,,,,,,,
-0.00423822458833456,mappo,1.9506039450334356e-08,-1.129988431930542,0.0005063354451483828,1645.0,,,,,,,,,,,,,,0.0,,,,,0.013425838202238083,0.0
,mappo,,,,1645.0,0.0,0.0,0.0,0.0,0.0,0.0,0.0,0.0,0.0,0.0,0.0,0.0,0.0,,,,,,,
0.0009649378480389714,mappo,2.888484473828612e-08,-1.108410120010376,0.0005060353451150384,1646.0,,,,,,,,,,,,,,0.0,,,,,0.013400169089436531,0.0
,mappo,,,,1646.0,0.0,0.0,0.0,0.0,0.0,0.0,0.0,0.0,0.0,0.0,0.0,0.0,0.0,,,,,,,
-0.00170517573133111,mappo,4.2453248028095913e-08,-1.1195766925811768,0.000505735245081694,1647.0,,,,,,,,,,,,,,0.0,,,,,0.013338607735931873,0.0
,mappo,,,,1647.0,0.0,0.0,0.0,0.0,0.0,0.0,0.0,0.0,0.0,0.0,0.0,0.0,0.0,,,,,,,
0.07187370210886002,mappo,4.3941149385773315e-08,-1.090935230255127,0.0005054351450483495,1648.0,,,,,,,,,,,,,,0.0,,,,,0.013180630281567574,0.0
,mappo,,,,1648.0,0.0,0.0,0.0,0.0,0.0,0.0,0.0,0.0,0.0,0.0,0.0,0.0,0.0,,,,,,,
0.009285233914852142,mappo,4.335378278597091e-08,-1.1088141202926636,0.000505135045015005,1649.0,,,,,,,,,,,,,,0.0,,,,,0.01329837553203106,0.0
,mappo,,,,1649.0,0.0,0.0,0.0,0.0,0.0,0.0,0.0,0.0,0.0,0.0,0.0,0.0,0.0,,,,,,,
-0.002023298293352127,mappo,3.885689281446503e-08,-1.1139750480651855,0.0005048349449816606,1650.0,,,,,,,,,,,,,,0.0,,,,,0.013262517750263214,0.0
,mappo,,,,1650.0,0.0,0.0,0.0,0.0,0.0,0.0,0.0,0.0,0.0,0.0,0.0,0.0,0.0,,,,,,,
0.002124523278325796,mappo,4.0791864108769005e-08,-1.1212676763534546,0.0005045348449483161,1651.0,,,,,,,,,,,,,,0.0,,,,,0.013341056182980537,0.0
,mappo,,,,1651.0,0.0,0.0,0.0,0.0,0.0,0.0,0.0,0.0,0.0,0.0,0.0,0.0,0.0,,,,,,,
-0.003802950493991375,mappo,4.1509068182676856e-08,-1.1225309371948242,0.0005042347449149717,1652.0,,,,,,,,,,,,,,0.0,,,,,0.013266553170979023,0.0
,mappo,,,,1652.0,0.0,0.0,0.0,0.0,0.0,0.0,0.0,0.0,0.0,0.0,0.0,0.0,0.0,,,,,,,
0.003110386896878481,mappo,3.289581940180142e-08,-1.1260719299316406,0.0005039346448816272,1653.0,,,,,,,,,,,,,,0.0,,,,,0.013329556211829185,0.0
,mappo,,,,1653.0,0.0,0.0,0.0,0.0,0.0,0.0,0.0,0.0,0.0,0.0,0.0,0.0,0.0,,,,,,,
0.06476258486509323,mappo,2.984003444339578e-08,-1.0957114696502686,0.0005036345448482828,1654.0,,,,,,,,,,,,,,0.0,,,,,0.013458820059895515,0.0
,mappo,,,,1654.0,0.0,0.0,0.0,0.0,0.0,0.0,0.0,0.0,0.0,0.0,0.0,0.0,0.0,,,,,,,
-0.004463066812604666,mappo,3.067173892645769e-08,-1.1030991077423096,0.0005033344448149384,1655.0,,,,,,,,,,,,,,0.0,,,,,0.013373000547289848,0.0
,mappo,,,,1655.0,0.0,0.0,0.0,0.0,0.0,0.0,0.0,0.0,0.0,0.0,0.0,0.0,0.0,,,,,,,
0.0005963235162198544,mappo,2.203480597984253e-08,-1.081276297569275,0.0005030343447815939,1656.0,,,,,,,,,,,,,,0.0,,,,,0.013410188257694244,0.0
,mappo,,,,1656.0,0.0,0.0,0.0,0.0,0.0,0.0,0.0,0.0,0.0,0.0,0.0,0.0,0.0,,,,,,,
0.008831442333757877,mappo,1.928516191185281e-08,-1.0698935985565186,0.0005027342447482494,1657.0,,,,,,,,,,,,,,0.0,,,,,0.013290811330080032,0.0
,mappo,,,,1657.0,0.0,0.0,0.0,0.0,0.0,0.0,0.0,0.0,0.0,0.0,0.0,0.0,0.0,,,,,,,
0.0008907920564524829,mappo,1.5141511156002707e-08,-1.0666383504867554,0.000502434144714905,1658.0,,,,,,,,,,,,,,0.0,,,,,0.013108020648360252,0.0
,mappo,,,,1658.0,0.0,0.0,0.0,0.0,0.0,0.0,0.0,0.0,0.0,0.0,0.0,0.0,0.0,,,,,,,
-0.001459234394133091,mappo,6.183904499579285e-09,-1.097556710243225,0.0005021340446815605,1659.0,,,,,,,,,,,,,,0.0,,,,,0.01331380195915699,0.0
,mappo,,,,1659.0,0.0,0.0,0.0,0.0,0.0,0.0,0.0,0.0,0.0,0.0,0.0,0.0,0.0,,,,,,,
0.0017361519858241081,mappo,4.347358473211216e-09,-1.1112697124481201,0.0005018339446482161,1660.0,,,,,,,,,,,,,,0.0,,,,,0.01332717016339302,0.0
,mappo,,,,1660.0,0.0,0.0,0.0,0.0,0.0,0.0,0.0,0.0,0.0,0.0,0.0,0.0,0.0,,,,,,,
-0.0011251082178205252,mappo,3.845986196182594e-09,-1.1486140489578247,0.0005015338446148717,1661.0,,,,,,,,,,,,,,0.0,,,,,0.013350005261600018,0.0
,mappo,,,,1661.0,0.0,0.0,0.0,0.0,0.0,0.0,0.0,0.0,0.0,0.0,0.0,0.0,0.0,,,,,,,
0.030764814466238022,mappo,2.521898689877844e-09,-1.1731865406036377,0.0005012337445815272,1662.0,,,,,,,,,,,,,,0.0,,,,,0.013230817392468452,0.0
,mappo,,,,1662.0,0.0,0.0,0.0,0.0,0.0,0.0,0.0,0.0,0.0,0.0,0.0,0.0,0.0,,,,,,,
0.015478401444852352,mappo,6.288734533121954e-10,-1.191590428352356,0.0005009336445481828,1663.0,,,,,,,,,,,,,,0.0,,,,,0.013328386470675468,0.0
,mappo,,,,1663.0,0.0,0.0,0.0,0.0,0.0,0.0,0.0,0.0,0.0,0.0,0.0,0.0,0.0,,,,,,,
0.0073074838146567345,mappo,2.538839971588658e-10,-1.1860045194625854,0.0005006335445148383,1664.0,,,,,,,,,,,,,,0.0,,,,,0.01329177524894476,0.0
,mappo,,,,1664.0,0.0,0.0,0.0,0.0,0.0,0.0,0.0,0.0,0.0,0.0,0.0,0.0,0.0,,,,,,,
0.010467944666743279,mappo,5.120337487340976e-10,-1.2176505327224731,0.0005003334444814939,1665.0,,,,,,,,,,,,,,0.0,,,,,0.013370790518820286,0.0
,mappo,,,,1665.0,0.0,0.0,0.0,0.0,0.0,0.0,0.0,0.0,0.0,0.0,0.0,0.0,0.0,,,,,,,
-0.002424903679639101,mappo,6.567822952163738e-10,-1.2498416900634766,0.0005000333444481495,1666.0,,,,,,,,,,,,,,0.0,,,,,0.013279503211379051,0.0
,mappo,,,,1666.0,0.0,0.0,0.0,0.0,0.0,0.0,0.0,0.0,0.0,0.0,0.0,0.0,0.0,,,,,,,
0.010301928967237473,mappo,1.0748937295801397e-09,-1.2685998678207397,0.0004997332444148049,1667.0,,,,,,,,,,,,,,0.0,,,,,0.013353100046515465,0.0
,mappo,,,,1667.0,0.0,0.0,0.0,0.0,0.0,0.0,0.0,0.0,0.0,0.0,0.0,0.0,0.0,,,,,,,
0.017298392951488495,mappo,2.058499370960476e-09,-1.2661887407302856,0.0004994331443814604,1668.0,,,,,,,,,,,,,,0.0,,,,,0.013222981244325638,0.0
,mappo,,,,1668.0,0.0,0.0,0.0,0.0,0.0,0.0,0.0,0.0,0.0,0.0,0.0,0.0,0.0,,,,,,,
0.08523818105459213,mappo,3.0243740845037337e-09,-1.3027548789978027,0.0004991330443481161,1669.0,,,,,,,,,,,,,,0.0,,,,,0.013455459848046303,0.0
,mappo,,,,1669.0,0.0,0.0,0.0,0.0,0.0,0.0,0.0,0.0,0.0,0.0,0.0,0.0,0.0,,,,,,,
-0.0007492357981391251,mappo,4.434058453739453e-09,-1.3011709451675415,0.0004988329443147716,1670.0,,,,,,,,,,,,,,0.0,,,,,0.01325213722884655,0.0
,mappo,,,,1670.0,0.0,0.0,0.0,0.0,0.0,0.0,0.0,0.0,0.0,0.0,0.0,0.0,0.0,,,,,,,
-0.00305473362095654,mappo,6.770607630102177e-09,-1.296872615814209,0.0004985328442814272,1671.0,,,,,,,,,,,,,,0.0,,,,,0.013276412151753902,0.0
,mappo,,,,1671.0,0.0,0.0,0.0,0.0,0.0,0.0,0.0,0.0,0.0,0.0,0.0,0.0,0.0,,,,,,,
0.0018825179431587458,mappo,8.963262132510863e-09,-1.300908088684082,0.0004982327442480827,1672.0,,,,,,,,,,,,,,0.0,,,,,0.0132498973980546,0.0
,mappo,,,,1672.0,0.0,0.0,0.0,0.0,0.0,0.0,0.0,0.0,0.0,0.0,0.0,0.0,0.0,,,,,,,
0.002283642999827862,mappo,9.480191742738953e-09,-1.2624257802963257,0.0004979326442147383,1673.0,,,,,,,,,,,,,,0.0,,,,,0.013435712084174156,0.0
,mappo,,,,1673.0,0.0,0.0,0.0,0.0,0.0,0.0,0.0,0.0,0.0,0.0,0.0,0.0,0.0,,,,,,,
0.011144760996103287,mappo,8.831180231538838e-09,-1.248797059059143,0.0004976325441813939,1674.0,,,,,,,,,,,,,,0.0,,,,,0.013235288672149181,0.0
,mappo,,,,1674.0,0.0,0.0,0.0,0.0,0.0,0.0,0.0,0.0,0.0,0.0,0.0,0.0,0.0,,,,,,,
4.2540719732642174e-05,mappo,1.0520803783720112e-08,-1.2083091735839844,0.0004973324441480494,1675.0,,,,,,,,,,,,,,0.0,,,,,0.013207808136940002,0.0
,mappo,,,,1675.0,0.0,0.0,0.0,0.0,0.0,0.0,0.0,0.0,0.0,0.0,0.0,0.0,0.0,,,,,,,
0.14125385880470276,mappo,1.4001061643398316e-08,-1.2300204038619995,0.000497032344114705,1676.0,,,,,,,,,,,,,,0.0,,,,,0.013233890756964684,0.0
,mappo,,,,1676.0,0.0,0.0,0.0,0.0,0.0,0.0,0.0,0.0,0.0,0.0,0.0,0.0,0.0,,,,,,,
0.0024275435134768486,mappo,1.5506977035784075e-08,-1.2474699020385742,0.0004967322440813605,1677.0,,,,,,,,,,,,,,0.0,,,,,0.01331712119281292,0.0
,mappo,,,,1677.0,0.0,0.0,0.0,0.0,0.0,0.0,0.0,0.0,0.0,0.0,0.0,0.0,0.0,,,,,,,
-0.0027836135122925043,mappo,1.9898227066050822e-08,-1.2830009460449219,0.000496432144048016,1678.0,,,,,,,,,,,,,,0.0,,,,,0.013194507919251919,0.0
,mappo,,,,1678.0,0.0,0.0,0.0,0.0,0.0,0.0,0.0,0.0,0.0,0.0,0.0,0.0,0.0,,,,,,,
-0.0022803053725510836,mappo,2.313249503060888e-08,-1.296183466911316,0.0004961320440146716,1679.0,,,,,,,,,,,,,,0.0,,,,,0.013405665755271912,0.0
,mappo,,,,1679.0,0.0,0.0,0.0,0.0,0.0,0.0,0.0,0.0,0.0,0.0,0.0,0.0,0.0,,,,,,,
0.018218331038951874,mappo,1.9766925873909713e-08,-1.2996612787246704,0.0004958319439813272,1680.0,,,,,,,,,,,,,,0.0,,,,,0.013242263346910477,0.0
,mappo,,,,1680.0,0.0,0.0,0.0,0.0,0.0,0.0,0.0,0.0,0.0,0.0,0.0,0.0,0.0,,,,,,,
0.009677126072347164,mappo,2.1068702338311596e-08,-1.2886102199554443,0.0004955318439479827,1681.0,,,,,,,,,,,,,,0.0,,,,,0.013306792825460434,0.0
,mappo,,,,1681.0,0.0,0.0,0.0,0.0,0.0,0.0,0.0,0.0,0.0,0.0,0.0,0.0,0.0,,,,,,,
0.005286041647195816,mappo,2.317168146248605e-08,-1.2806636095046997,0.0004952317439146383,1682.0,,,,,,,,,,,,,,0.0,,,,,0.013415181078016758,0.0
,mappo,,,,1682.0,0.0,0.0,0.0,0.0,0.0,0.0,0.0,0.0,0.0,0.0,0.0,0.0,0.0,,,,,,,
-0.0037331413477659225,mappo,2.1210725620335324e-08,-1.2794411182403564,0.0004949316438812938,1683.0,,,,,,,,,,,,,,0.0,,,,,0.013280832208693027,0.0
,mappo,,,,1683.0,0.0,0.0,0.0,0.0,0.0,0.0,0.0,0.0,0.0,0.0,0.0,0.0,0.0,,,,,,,
-0.0013310187496244907,mappo,1.7710988231556257e-08,-1.280801773071289,0.0004946315438479494,1684.0,,,,,,,,,,,,,,0.0,,,,,0.013221710920333862,0.0
,mappo,,,,1684.0,0.0,0.0,0.0,0.0,0.0,0.0,0.0,0.0,0.0,0.0,0.0,0.0,0.0,,,,,,,
-0.0017185455653816462,mappo,1.796223614292103e-08,-1.2694480419158936,0.000494331443814605,1685.0,,,,,,,,,,,,,,0.0,,,,,0.013245203532278538,0.0
,mappo,,,,1685.0,0.0,0.0,0.0,0.0,0.0,0.0,0.0,0.0,0.0,0.0,0.0,0.0,0.0,,,,,,,
-0.000928505090996623,mappo,1.7516313732812705e-08,-1.250212550163269,0.0004940313437812604,1686.0,,,,,,,,,,,,,,0.0,,,,,0.013256843201816082,0.0
,mappo,,,,1686.0,0.0,0.0,0.0,0.0,0.0,0.0,0.0,0.0,0.0,0.0,0.0,0.0,0.0,,,,,,,
0.00012783336569555104,mappo,1.6637262234553418e-08,-1.225403904914856,0.0004937312437479159,1687.0,,,,,,,,,,,,,,0.0,,,,,0.013256371021270752,0.0
,mappo,,,,1687.0,0.0,0.0,0.0,0.0,0.0,0.0,0.0,0.0,0.0,0.0,0.0,0.0,0.0,,,,,,,
-0.0023961090482771397,mappo,1.3880303129099048e-08,-1.2172058820724487,0.0004934311437145716,1688.0,,,,,,,,,,,,,,0.0,,,,,0.01328863762319088,0.0
,mappo,,,,1688.0,0.0,0.0,0.0,0.0,0.0,0.0,0.0,0.0,0.0,0.0,0.0,0.0,0.0,,,,,,,
1.1710857506841421e-05,mappo,1.2117684633494719e-08,-1.2171066999435425,0.0004931310436812271,1689.0,,,,,,,,,,,,,,0.0,,,,,0.013216491788625717,0.0
,mappo,,,,1689.0,0.0,0.0,0.0,0.0,0.0,0.0,0.0,0.0,0.0,0.0,0.0,0.0,0.0,,,,,,,
0.005718784872442484,mappo,1.1644163855351053e-08,-1.2179714441299438,0.0004928309436478827,1690.0,,,,,,,,,,,,,,0.0,,,,,0.01341835968196392,0.0
,mappo,,,,1690.0,0.0,0.0,0.0,0.0,0.0,0.0,0.0,0.0,0.0,0.0,0.0,0.0,0.0,,,,,,,
0.012568005360662937,mappo,9.575789938764956e-09,-1.2203043699264526,0.0004925308436145383,1691.0,,,,,,,,,,,,,,0.0,,,,,0.013359805569052696,0.0
,mappo,,,,1691.0,0.0,0.0,0.0,0.0,0.0,0.0,0.0,0.0,0.0,0.0,0.0,0.0,0.0,,,,,,,
0.017123522236943245,mappo,7.3300090441819066e-09,-1.213443636894226,0.0004922307435811938,1692.0,,,,,,,,,,,,,,0.0,,,,,0.013370415195822716,0.0
,mappo,,,,1692.0,0.0,0.0,0.0,0.0,0.0,0.0,0.0,0.0,0.0,0.0,0.0,0.0,0.0,,,,,,,
0.00403522839769721,mappo,3.6833887051557213e-09,-1.2160356044769287,0.0004919306435478494,1693.0,,,,,,,,,,,,,,0.0,,,,,0.01322823204100132,0.0
,mappo,,,,1693.0,0.0,0.0,0.0,0.0,0.0,0.0,0.0,0.0,0.0,0.0,0.0,0.0,0.0,,,,,,,
0.0020230819936841726,mappo,1.9700132636302214e-09,-1.223053216934204,0.0004916305435145048,1694.0,,,,,,,,,,,,,,0.0,,,,,0.013197597116231918,0.0
,mappo,,,,1694.0,0.0,0.0,0.0,0.0,0.0,0.0,0.0,0.0,0.0,0.0,0.0,0.0,0.0,,,,,,,
0.006090590730309486,mappo,1.517999392852687e-09,-1.2164031267166138,0.0004913304434811604,1695.0,,,,,,,,,,,,,,0.0,,,,,0.013363420963287354,0.0
,mappo,,,,1695.0,0.0,0.0,0.0,0.0,0.0,0.0,0.0,0.0,0.0,0.0,0.0,0.0,0.0,,,,,,,
0.005854414310306311,mappo,2.8690350095672557e-10,-1.2201447486877441,0.000491030343447816,1696.0,,,,,,,,,,,,,,0.0,,,,,0.013204874470829964,0.0
,mappo,,,,1696.0,0.0,0.0,0.0,0.0,0.0,0.0,0.0,0.0,0.0,0.0,0.0,0.0,0.0,,,,,,,
-0.0032879775390028954,mappo,2.517197006390859e-10,-1.235162615776062,0.0004907302434144715,1697.0,,,,,,,,,,,,,,0.0,,,,,0.013214781880378723,0.0
,mappo,,,,1697.0,0.0,0.0,0.0,0.0,0.0,0.0,0.0,0.0,0.0,0.0,0.0,0.0,0.0,,,,,,,
-0.000527482305187732,mappo,1.5504685035860888e-10,-1.2624722719192505,0.000490430143381127,1698.0,,,,,,,,,,,,,,0.0,,,,,0.013247314840555191,0.0
,mappo,,,,1698.0,0.0,0.0,0.0,0.0,0.0,0.0,0.0,0.0,0.0,0.0,0.0,0.0,0.0,,,,,,,
0.0006596191669814289,mappo,7.188759587606341e-10,-1.268512487411499,0.0004901300433477827,1699.0,,,,,,,,,,,,,,0.0,,,,,0.013250967487692833,0.0
,mappo,,,,1699.0,0.0,0.0,0.0,0.0,0.0,0.0,0.0,0.0,0.0,0.0,0.0,0.0,0.0,,,,,,,
,mappo,,,,1699.0,,,,,,,,,,,,,,,0.0,0.0,0.0,0.0,,
-0.003356561064720154,mappo,9.49927470017542e-10,-1.2713336944580078,0.0004898299433144382,1700.0,,,,,,,,,,,,,,0.0,,,,,0.013349952176213264,0.0
,mappo,,,,1700.0,0.0,0.0,0.0,0.0,0.0,0.0,0.0,0.0,0.0,0.0,0.0,0.0,0.0,,,,,,,
0.018248453736305237,mappo,2.289093137264331e-09,-1.2467865943908691,0.0004895298432810938,1701.0,,,,,,,,,,,,,,0.0,,,,,0.013256462290883064,0.0
,mappo,,,,1701.0,0.0,0.0,0.0,0.0,0.0,0.0,0.0,0.0,0.0,0.0,0.0,0.0,0.0,,,,,,,
0.009771402925252914,mappo,3.950339166891581e-09,-1.2350059747695923,0.0004892297432477492,1702.0,,,,,,,,,,,,,,0.0,,,,,0.013227447867393494,0.0
,mappo,,,,1702.0,0.0,0.0,0.0,0.0,0.0,0.0,0.0,0.0,0.0,0.0,0.0,0.0,0.0,,,,,,,
0.010242333635687828,mappo,4.880283288599685e-09,-1.2214622497558594,0.0004889296432144048,1703.0,,,,,,,,,,,,,,0.0,,,,,0.013269467279314995,0.0
,mappo,,,,1703.0,0.0,0.0,0.0,0.0,0.0,0.0,0.0,0.0,0.0,0.0,0.0,0.0,0.0,,,,,,,
-0.0004686363972723484,mappo,8.427836206692518e-09,-1.2018589973449707,0.0004886295431810604,1704.0,,,,,,,,,,,,,,0.0,,,,,0.013252509757876396,0.0
,mappo,,,,1704.0,0.0,0.0,0.0,0.0,0.0,0.0,0.0,0.0,0.0,0.0,0.0,0.0,0.0,,,,,,,
0.006784130819141865,mappo,1.1602254268439083e-08,-1.1794945001602173,0.0004883294431477159,1705.0,,,,,,,,,,,,,,0.0,,,,,0.013254087418317795,0.0
,mappo,,,,1705.0,0.0,0.0,0.0,0.0,0.0,0.0,0.0,0.0,0.0,0.0,0.0,0.0,0.0,,,,,,,
0.010766816325485706,mappo,1.2760049017401798e-08,-1.1572426557540894,0.0004880293431143715,1706.0,,,,,,,,,,,,,,0.0,,,,,0.01331494189798832,0.0
,mappo,,,,1706.0,0.0,0.0,0.0,0.0,0.0,0.0,0.0,0.0,0.0,0.0,0.0,0.0,0.0,,,,,,,
-0.0017581902211531997,mappo,1.664098903120248e-08,-1.1513868570327759,0.0004877292430810271,1707.0,,,,,,,,,,,,,,0.0,,,,,0.013288820162415504,0.0
,mappo,,,,1707.0,0.0,0.0,0.0,0.0,0.0,0.0,0.0,0.0,0.0,0.0,0.0,0.0,0.0,,,,,,,
0.006870404351502657,mappo,2.1111352666025596e-08,-1.1590170860290527,0.0004874291430476826,1708.0,,,,,,,,,,,,,,0.0,,,,,0.01313511561602354,0.0
,mappo,,,,1708.0,0.0,0.0,0.0,0.0,0.0,0.0,0.0,0.0,0.0,0.0,0.0,0.0,0.0,,,,,,,
-0.002216888591647148,mappo,2.1516880721605958e-08,-1.1776564121246338,0.00048712904301433807,1709.0,,,,,,,,,,,,,,0.0,,,,,0.013299493119120598,0.0
,mappo,,,,1709.0,0.0,0.0,0.0,0.0,0.0,0.0,0.0,0.0,0.0,0.0,0.0,0.0,0.0,,,,,,,
0.0014302089111879468,mappo,2.0778589515657586e-08,-1.1857945919036865,0.00048682894298099377,1710.0,,,,,,,,,,,,,,0.0,,,,,0.013253256678581238,0.0
,mappo,,,,1710.0,0.0,0.0,0.0,0.0,0.0,0.0,0.0,0.0,0.0,0.0,0.0,0.0,0.0,,,,,,,
-0.005649415776133537,mappo,1.94184774926498e-08,-1.1900711059570312,0.00048652884294764925,1711.0,,,,,,,,,,,,,,0.0,,,,,0.013400016352534294,0.0
,mappo,,,,1711.0,0.0,0.0,0.0,0.0,0.0,0.0,0.0,0.0,0.0,0.0,0.0,0.0,0.0,,,,,,,
-0.0023704562336206436,mappo,2.5082012911070706e-08,-1.1835553646087646,0.00048622874291430484,1712.0,,,,,,,,,,,,,,0.0,,,,,0.013324838131666183,0.0
,mappo,,,,1712.0,0.0,0.0,0.0,0.0,0.0,0.0,0.0,0.0,0.0,0.0,0.0,0.0,0.0,,,,,,,
0.0023052175529301167,mappo,2.9569161341669314e-08,-1.1898193359375,0.0004859286428809603,1713.0,,,,,,,,,,,,,,0.0,,,,,0.013215666636824608,0.0
,mappo,,,,1713.0,0.0,0.0,0.0,0.0,0.0,0.0,0.0,0.0,0.0,0.0,0.0,0.0,0.0,,,,,,,
0.007425192277878523,mappo,2.605629845220392e-08,-1.194743275642395,0.0004856285428476159,1714.0,,,,,,,,,,,,,,0.0,,,,,0.013223017565906048,0.0
,mappo,,,,1714.0,0.0,0.0,0.0,0.0,0.0,0.0,0.0,0.0,0.0,0.0,0.0,0.0,0.0,,,,,,,
-0.002669475506991148,mappo,2.2745016536873663e-08,-1.195613145828247,0.0004853284428142715,1715.0,,,,,,,,,,,,,,0.0,,,,,0.013176897540688515,0.0
,mappo,,,,1715.0,0.0,0.0,0.0,0.0,0.0,0.0,0.0,0.0,0.0,0.0,0.0,0.0,0.0,,,,,,,
0.0009188361000269651,mappo,2.2486167594593098e-08,-1.1964527368545532,0.000485028342780927,1716.0,,,,,,,,,,,,,,0.0,,,,,0.013250762596726418,0.0
,mappo,,,,1716.0,0.0,0.0,0.0,0.0,0.0,0.0,0.0,0.0,0.0,0.0,0.0,0.0,0.0,,,,,,,
-2.2505817469209433e-05,mappo,1.7992405787481403e-08,-1.2150245904922485,0.0004847282427475825,1717.0,,,,,,,,,,,,,,0.0,,,,,0.013311212882399559,0.0
,mappo,,,,1717.0,0.0,0.0,0.0,0.0,0.0,0.0,0.0,0.0,0.0,0.0,0.0,0.0,0.0,,,,,,,
0.0032786582596600056,mappo,1.6349652298686124e-08,-1.211061954498291,0.0004844281427142382,1718.0,,,,,,,,,,,,,,0.0,,,,,0.01335513312369585,0.0
,mappo,,,,1718.0,0.0,0.0,0.0,0.0,0.0,0.0,0.0,0.0,0.0,0.0,0.0,0.0,0.0,,,,,,,
0.0007556345080956817,mappo,1.4238757728435303e-08,-1.202612280845642,0.00048412804268089366,1719.0,,,,,,,,,,,,,,0.0,,,,,0.01324010081589222,0.0
,mappo,,,,1719.0,0.0,0.0,0.0,0.0,0.0,0.0,0.0,0.0,0.0,0.0,0.0,0.0,0.0,,,,,,,
-0.006205340381711721,mappo,1.1027420754317063e-08,-1.2117462158203125,0.00048382794264754914,1720.0,,,,,,,,,,,,,,0.0,,,,,0.013257777318358421,0.0
,mappo,,,,1720.0,0.0,0.0,0.0,0.0,0.0,0.0,0.0,0.0,0.0,0.0,0.0,0.0,0.0,,,,,,,
0.045841533690690994,mappo,7.224657760929176e-09,-1.1629911661148071,0.00048352784261420484,1721.0,,,,,,,,,,,,,,0.0,,,,,0.013211660087108612,0.0
,mappo,,,,1721.0,0.0,0.0,0.0,0.0,0.0,0.0,0.0,0.0,0.0,0.0,0.0,0.0,0.0,,,,,,,
0.059319622814655304,mappo,5.766555677411134e-09,-1.1909053325653076,0.00048322774258086033,1722.0,,,,,,,,,,,,,,0.0,,,,,0.013220256194472313,0.0
,mappo,,,,1722.0,0.0,0.0,0.0,0.0,0.0,0.0,0.0,0.0,0.0,0.0,0.0,0.0,0.0,,,,,,,
0.03817596659064293,mappo,4.3336223498613435e-09,-1.1466832160949707,0.0004829276425475159,1723.0,,,,,,,,,,,,,,0.0,,,,,0.013316335156559944,0.0
,mappo,,,,1723.0,0.0,0.0,0.0,0.0,0.0,0.0,0.0,0.0,0.0,0.0,0.0,0.0,0.0,,,,,,,
0.0027283630333840847,mappo,4.2847618786368e-09,-1.1339385509490967,0.0004826275425141714,1724.0,,,,,,,,,,,,,,0.0,,,,,0.013247198425233364,0.0
,mappo,,,,1724.0,0.0,0.0,0.0,0.0,0.0,0.0,0.0,0.0,0.0,0.0,0.0,0.0,0.0,,,,,,,
-0.005527729634195566,mappo,3.035859119648876e-09,-1.1147583723068237,0.000482327442480827,1725.0,,,,,,,,,,,,,,0.0,,,,,0.013261022046208382,0.0
,mappo,,,,1725.0,0.0,0.0,0.0,0.0,0.0,0.0,0.0,0.0,0.0,0.0,0.0,0.0,0.0,,,,,,,
0.011866489425301552,mappo,1.609038235983462e-09,-1.0931880474090576,0.0004820273424474826,1726.0,,,,,,,,,,,,,,0.0,,,,,0.013174491934478283,0.0
,mappo,,,,1726.0,0.0,0.0,0.0,0.0,0.0,0.0,0.0,0.0,0.0,0.0,0.0,0.0,0.0,,,,,,,
-0.0011445507407188416,mappo,7.542579338881694e-10,-1.0853855609893799,0.00048172724241413807,1727.0,,,,,,,,,,,,,,0.0,,,,,0.01324034295976162,0.0
,mappo,,,,1727.0,0.0,0.0,0.0,0.0,0.0,0.0,0.0,0.0,0.0,0.0,0.0,0.0,0.0,,,,,,,
0.006775648798793554,mappo,3.928960212729038e-10,-1.0936185121536255,0.00048142714238079355,1728.0,,,,,,,,,,,,,,0.0,,,,,0.013314628042280674,0.0
,mappo,,,,1728.0,0.0,0.0,0.0,0.0,0.0,0.0,0.0,0.0,0.0,0.0,0.0,0.0,0.0,,,,,,,
0.003900313749909401,mappo,1.617232736617069e-10,-1.0916000604629517,0.00048112704234744925,1729.0,,,,,,,,,,,,,,0.0,,,,,0.013365833088755608,0.0
,mappo,,,,1729.0,0.0,0.0,0.0,0.0,0.0,0.0,0.0,0.0,0.0,0.0,0.0,0.0,0.0,,,,,,,
-0.002511239843443036,mappo,1.6939105673685617e-10,-1.1003613471984863,0.00048082694231410474,1730.0,,,,,,,,,,,,,,0.0,,,,,0.01327505987137556,0.0
,mappo,,,,1730.0,0.0,0.0,0.0,0.0,0.0,0.0,0.0,0.0,0.0,0.0,0.0,0.0,0.0,,,,,,,
0.00638575479388237,mappo,5.137732461690803e-10,-1.1140793561935425,0.0004805268422807602,1731.0,,,,,,,,,,,,,,0.0,,,,,0.013298321515321732,0.0
,mappo,,,,1731.0,0.0,0.0,0.0,0.0,0.0,0.0,0.0,0.0,0.0,0.0,0.0,0.0,0.0,,,,,,,
0.0005545057938434184,mappo,1.0493728108684763e-09,-1.126245379447937,0.0004802267422474158,1732.0,,,,,,,,,,,,,,0.0,,,,,0.013259155675768852,0.0
,mappo,,,,1732.0,0.0,0.0,0.0,0.0,0.0,0.0,0.0,0.0,0.0,0.0,0.0,0.0,0.0,,,,,,,
0.021414021030068398,mappo,2.7318975970302972e-09,-1.1343066692352295,0.0004799266422140714,1733.0,,,,,,,,,,,,,,0.0,,,,,0.013170961290597916,0.0
,mappo,,,,1733.0,0.0,0.0,0.0,0.0,0.0,0.0,0.0,0.0,0.0,0.0,0.0,0.0,0.0,,,,,,,
0.0010593635961413383,mappo,4.340155346227448e-09,-1.1454392671585083,0.000479626542180727,1734.0,,,,,,,,,,,,,,0.0,,,,,0.013242469169199467,0.0
,mappo,,,,1734.0,0.0,0.0,0.0,0.0,0.0,0.0,0.0,0.0,0.0,0.0,0.0,0.0,0.0,,,,,,,
0.07506196945905685,mappo,6.2827973934531656e-09,-1.1284661293029785,0.0004793264421473825,1735.0,,,,,,,,,,,,,,0.0,,,,,0.013265304267406464,0.0
,mappo,,,,1735.0,0.0,0.0,0.0,0.0,0.0,0.0,0.0,0.0,0.0,0.0,0.0,0.0,0.0,,,,,,,
0.03901086747646332,mappo,7.367729981666571e-09,-1.1689213514328003,0.00047902634211403807,1736.0,,,,,,,,,,,,,,0.0,,,,,0.013270636089146137,0.0
,mappo,,,,1736.0,0.0,0.0,0.0,0.0,0.0,0.0,0.0,0.0,0.0,0.0,0.0,0.0,0.0,,,,,,,
0.007208334747701883,mappo,8.125924821911212e-09,-1.14835786819458,0.00047872624208069366,1737.0,,,,,,,,,,,,,,0.0,,,,,0.013205030933022499,0.0
,mappo,,,,1737.0,0.0,0.0,0.0,0.0,0.0,0.0,0.0,0.0,0.0,0.0,0.0,0.0,0.0,,,,,,,
0.0117995236068964,mappo,7.764303866508726e-09,-1.1345878839492798,0.00047842614204734915,1738.0,,,,,,,,,,,,,,0.0,,,,,0.013233734294772148,0.0
,mappo,,,,1738.0,0.0,0.0,0.0,0.0,0.0,0.0,0.0,0.0,0.0,0.0,0.0,0.0,0.0,,,,,,,
-0.00448507210239768,mappo,8.73079741836591e-09,-1.1277532577514648,0.00047812604201400463,1739.0,,,,,,,,,,,,,,0.0,,,,,0.013205168768763542,0.0
,mappo,,,,1739.0,0.0,0.0,0.0,0.0,0.0,0.0,0.0,0.0,0.0,0.0,0.0,0.0,0.0,,,,,,,
0.004738607909530401,mappo,1.3466542547746485e-08,-1.1076678037643433,0.00047782594198066033,1740.0,,,,,,,,,,,,,,0.0,,,,,0.013341010548174381,0.0
,mappo,,,,1740.0,0.0,0.0,0.0,0.0,0.0,0.0,0.0,0.0,0.0,0.0,0.0,0.0,0.0,,,,,,,
0.0016312062507495284,mappo,1.3273393939527978e-08,-1.1147174835205078,0.0004775258419473158,1741.0,,,,,,,,,,,,,,0.0,,,,,0.01316909585148096,0.0
,mappo,,,,1741.0,0.0,0.0,0.0,0.0,0.0,0.0,0.0,0.0,0.0,0.0,0.0,0.0,0.0,,,,,,,
0.06471526622772217,mappo,1.800109572513975e-08,-1.0718880891799927,0.0004772257419139713,1742.0,,,,,,,,,,,,,,0.0,,,,,0.01330283097922802,0.0
,mappo,,,,1742.0,0.0,0.0,0.0,0.0,0.0,0.0,0.0,0.0,0.0,0.0,0.0,0.0,0.0,,,,,,,
0.008278461173176765,mappo,1.841193153495624e-08,-1.0769509077072144,0.0004769256418806269,1743.0,,,,,,,,,,,,,,0.0,,,,,0.013215700164437294,0.0
,mappo,,,,1743.0,0.0,0.0,0.0,0.0,0.0,0.0,0.0,0.0,0.0,0.0,0.0,0.0,0.0,,,,,,,
-0.0006130409310571849,mappo,1.9895223246635396e-08,-1.067633867263794,0.0004766255418472825,1744.0,,,,,,,,,,,,,,0.0,,,,,0.013199569657444954,0.0
,mappo,,,,1744.0,0.0,0.0,0.0,0.0,0.0,0.0,0.0,0.0,0.0,0.0,0.0,0.0,0.0,,,,,,,
-0.006990943569689989,mappo,2.1287574369921458e-08,-1.0798441171646118,0.00047632544181393807,1745.0,,,,,,,,,,,,,,0.0,,,,,0.01321614533662796,0.0
,mappo,,,,1745.0,0.0,0.0,0.0,0.0,0.0,0.0,0.0,0.0,0.0,0.0,0.0,0.0,0.0,,,,,,,
0.0050773476250469685,mappo,1.902493451666487e-08,-1.0700231790542603,0.00047602534178059356,1746.0,,,,,,,,,,,,,,0.0,,,,,0.013211211189627647,0.0
,mappo,,,,1746.0,0.0,0.0,0.0,0.0,0.0,0.0,0.0,0.0,0.0,0.0,0.0,0.0,0.0,,,,,,,
-0.002352736657485366,mappo,2.102976637274878e-08,-1.062417984008789,0.00047572524174724904,1747.0,,,,,,,,,,,,,,0.0,,,,,0.013248328119516373,0.0
,mappo,,,,1747.0,0.0,0.0,0.0,0.0,0.0,0.0,0.0,0.0,0.0,0.0,0.0,0.0,0.0,,,,,,,
-0.0032303922343999147,mappo,1.6790069778949146e-08,-1.0471805334091187,0.00047542514171390474,1748.0,,,,,,,,,,,,,,0.0,,,,,0.013172823935747147,0.0
,mappo,,,,1748.0,0.0,0.0,0.0,0.0,0.0,0.0,0.0,0.0,0.0,0.0,0.0,0.0,0.0,,,,,,,
0.009470581077039242,mappo,1.8831306292099725e-08,-1.0512782335281372,0.0004751250416805602,1749.0,,,,,,,,,,,,,,0.0,,,,,0.013287367299199104,0.0
,mappo,,,,1749.0,0.0,0.0,0.0,0.0,0.0,0.0,0.0,0.0,0.0,0.0,0.0,0.0,0.0,,,,,,,
-0.001992064295336604,mappo,1.7786442541023462e-08,-1.0545157194137573,0.0004748249416472157,1750.0,,,,,,,,,,,,,,0.0,,,,,0.013298475183546543,0.0
,mappo,,,,1750.0,0.0,0.0,0.0,0.0,0.0,0.0,0.0,0.0,0.0,0.0,0.0,0.0,0.0,,,,,,,
-0.010090351104736328,mappo,1.622834311376664e-08,-1.0387632846832275,0.0004745248416138714,1751.0,,,,,,,,,,,,,,0.0,,,,,0.01319168508052826,0.0
,mappo,,,,1751.0,0.0,0.0,0.0,0.0,0.0,0.0,0.0,0.0,0.0,0.0,0.0,0.0,0.0,,,,,,,
0.006699457298964262,mappo,1.1791902565505552e-08,-1.0066275596618652,0.0004742247415805269,1752.0,,,,,,,,,,,,,,0.0,,,,,0.013216406106948853,0.0
,mappo,,,,1752.0,0.0,0.0,0.0,0.0,0.0,0.0,0.0,0.0,0.0,0.0,0.0,0.0,0.0,,,,,,,
0.010470883920788765,mappo,9.392006283803767e-09,-0.969571053981781,0.0004739246415471824,1753.0,,,,,,,,,,,,,,0.0,,,,,0.01323205977678299,0.0
,mappo,,,,1753.0,0.0,0.0,0.0,0.0,0.0,0.0,0.0,0.0,0.0,0.0,0.0,0.0,0.0,,,,,,,
0.049640852957963943,mappo,6.936185847905563e-09,-0.9806149005889893,0.00047362454151383797,1754.0,,,,,,,,,,,,,,0.0,,,,,0.013187751173973083,0.0
,mappo,,,,1754.0,0.0,0.0,0.0,0.0,0.0,0.0,0.0,0.0,0.0,0.0,0.0,0.0,0.0,,,,,,,
0.027329253032803535,mappo,7.560847059551179e-09,-0.9484317898750305,0.00047332444148049356,1755.0,,,,,,,,,,,,,,0.0,,,,,0.013336203061044216,0.0
,mappo,,,,1755.0,0.0,0.0,0.0,0.0,0.0,0.0,0.0,0.0,0.0,0.0,0.0,0.0,0.0,,,,,,,
-0.0022673006169497967,mappo,4.378569506968688e-09,-0.9463901519775391,0.00047302434144714915,1756.0,,,,,,,,,,,,,,0.0,,,,,0.013194166123867035,0.0
,mappo,,,,1756.0,0.0,0.0,0.0,0.0,0.0,0.0,0.0,0.0,0.0,0.0,0.0,0.0,0.0,,,,,,,
0.025532763451337814,mappo,2.9132289913746945e-09,-0.9167014360427856,0.00047272424141380463,1757.0,,,,,,,,,,,,,,0.0,,,,,0.013199497014284134,0.0
,mappo,,,,1757.0,0.0,0.0,0.0,0.0,0.0,0.0,0.0,0.0,0.0,0.0,0.0,0.0,0.0,,,,,,,
0.03838469833135605,mappo,1.8752637220842416e-09,-0.9267337918281555,0.0004724241413804601,1758.0,,,,,,,,,,,,,,0.0,,,,,0.01311485469341278,0.0
,mappo,,,,1758.0,0.0,0.0,0.0,0.0,0.0,0.0,0.0,0.0,0.0,0.0,0.0,0.0,0.0,,,,,,,
0.04521936550736427,mappo,5.514054213229258e-10,-0.8924247026443481,0.0004721240413471158,1759.0,,,,,,,,,,,,,,0.0,,,,,0.0132699403911829,0.0
,mappo,,,,1759.0,0.0,0.0,0.0,0.0,0.0,0.0,0.0,0.0,0.0,0.0,0.0,0.0,0.0,,,,,,,
-0.004117509815841913,mappo,1.8861469330833103e-10,-0.8914623856544495,0.0004718239413137713,1760.0,,,,,,,,,,,,,,0.0,,,,,0.013094782829284668,0.0
,mappo,,,,1760.0,0.0,0.0,0.0,0.0,0.0,0.0,0.0,0.0,0.0,0.0,0.0,0.0,0.0,,,,,,,
-0.006319597829133272,mappo,5.363262056690132e-10,-0.8994181156158447,0.0004715238412804268,1761.0,,,,,,,,,,,,,,0.0,,,,,0.013268649578094482,0.0
,mappo,,,,1761.0,0.0,0.0,0.0,0.0,0.0,0.0,0.0,0.0,0.0,0.0,0.0,0.0,0.0,,,,,,,
-0.003285216400399804,mappo,1.0354392898648257e-09,-0.8713711500167847,0.0004712237412470824,1762.0,,,,,,,,,,,,,,0.0,,,,,0.013144629076123238,0.0
,mappo,,,,1762.0,0.0,0.0,0.0,0.0,0.0,0.0,0.0,0.0,0.0,0.0,0.0,0.0,0.0,,,,,,,
0.00828620046377182,mappo,3.4454885611268082e-09,-0.8535258173942566,0.00047092364121373797,1763.0,,,,,,,,,,,,,,0.0,,,,,0.013190213590860367,0.0
,mappo,,,,1763.0,0.0,0.0,0.0,0.0,0.0,0.0,0.0,0.0,0.0,0.0,0.0,0.0,0.0,,,,,,,
-0.0027900536078959703,mappo,6.689652831681769e-09,-0.8509793281555176,0.00047062354118039345,1764.0,,,,,,,,,,,,,,0.0,,,,,0.013233992271125317,0.0
,mappo,,,,1764.0,0.0,0.0,0.0,0.0,0.0,0.0,0.0,0.0,0.0,0.0,0.0,0.0,0.0,,,,,,,
0.005312187597155571,mappo,9.882548113182565e-09,-0.8523130416870117,0.00047032344114704904,1765.0,,,,,,,,,,,,,,0.0,,,,,0.013279575854539871,0.0
,mappo,,,,1765.0,0.0,0.0,0.0,0.0,0.0,0.0,0.0,0.0,0.0,0.0,0.0,0.0,0.0,,,,,,,
-0.004750650841742754,mappo,1.509826219603383e-08,-0.8783409595489502,0.00047002334111370463,1766.0,,,,,,,,,,,,,,0.0,,,,,0.013269091956317425,0.0
,mappo,,,,1766.0,0.0,0.0,0.0,0.0,0.0,0.0,0.0,0.0,0.0,0.0,0.0,0.0,0.0,,,,,,,
0.0040570576675236225,mappo,2.077555549817589e-08,-0.9363833665847778,0.0004697232410803602,1767.0,,,,,,,,,,,,,,0.0,,,,,0.01319405809044838,0.0
,mappo,,,,1767.0,0.0,0.0,0.0,0.0,0.0,0.0,0.0,0.0,0.0,0.0,0.0,0.0,0.0,,,,,,,
-0.003550338326022029,mappo,2.302406088006137e-08,-0.9892230033874512,0.0004694231410470157,1768.0,,,,,,,,,,,,,,0.0,,,,,0.013214552775025368,0.0
,mappo,,,,1768.0,0.0,0.0,0.0,0.0,0.0,0.0,0.0,0.0,0.0,0.0,0.0,0.0,0.0,,,,,,,
-0.0027358699589967728,mappo,2.416134137206427e-08,-0.9747064113616943,0.0004691230410136712,1769.0,,,,,,,,,,,,,,0.0,,,,,0.013294212520122528,0.0
,mappo,,,,1769.0,0.0,0.0,0.0,0.0,0.0,0.0,0.0,0.0,0.0,0.0,0.0,0.0,0.0,,,,,,,
-0.0011266074143350124,mappo,3.095427558719166e-08,-0.934902548789978,0.0004688229409803269,1770.0,,,,,,,,,,,,,,0.0,,,,,0.013044983148574829,0.0
,mappo,,,,1770.0,0.0,0.0,0.0,0.0,0.0,0.0,0.0,0.0,0.0,0.0,0.0,0.0,0.0,,,,,,,
0.007824189960956573,mappo,3.0087630165098744e-08,-0.9167542457580566,0.0004685228409469824,1771.0,,,,,,,,,,,,,,0.0,,,,,0.013295767828822136,0.0
,mappo,,,,1771.0,0.0,0.0,0.0,0.0,0.0,0.0,0.0,0.0,0.0,0.0,0.0,0.0,0.0,,,,,,,
5.4675096180289984e-05,mappo,2.9295337711232605e-08,-0.8974619507789612,0.00046822274091363786,1772.0,,,,,,,,,,,,,,0.0,,,,,0.013325335457921028,0.0
,mappo,,,,1772.0,0.0,0.0,0.0,0.0,0.0,0.0,0.0,0.0,0.0,0.0,0.0,0.0,0.0,,,,,,,
-0.005537782795727253,mappo,3.2815208328429435e-08,-0.8781532645225525,0.00046792264088029345,1773.0,,,,,,,,,,,,,,0.0,,,,,0.013290620408952236,0.0
,mappo,,,,1773.0,0.0,0.0,0.0,0.0,0.0,0.0,0.0,0.0,0.0,0.0,0.0,0.0,0.0,,,,,,,
-0.0033762974198907614,mappo,3.372997881001538e-08,-0.8685079216957092,0.00046762254084694904,1774.0,,,,,,,,,,,,,,0.0,,,,,0.013220423832535744,0.0
,mappo,,,,1774.0,0.0,0.0,0.0,0.0,0.0,0.0,0.0,0.0,0.0,0.0,0.0,0.0,0.0,,,,,,,
-0.007763172499835491,mappo,3.008400284443269e-08,-0.8748070001602173,0.0004673224408136045,1775.0,,,,,,,,,,,,,,0.0,,,,,0.013500025495886803,0.0
,mappo,,,,1775.0,0.0,0.0,0.0,0.0,0.0,0.0,0.0,0.0,0.0,0.0,0.0,0.0,0.0,,,,,,,
0.007623659446835518,mappo,3.6655602997370806e-08,-0.8298128247261047,0.0004670223407802601,1776.0,,,,,,,,,,,,,,0.0,,,,,0.013196366839110851,0.0
,mappo,,,,1776.0,0.0,0.0,0.0,0.0,0.0,0.0,0.0,0.0,0.0,0.0,0.0,0.0,0.0,,,,,,,
-0.0015529399970546365,mappo,3.183687624641607e-08,-0.8061560988426208,0.0004667222407469156,1777.0,,,,,,,,,,,,,,0.0,,,,,0.013232371769845486,0.0
,mappo,,,,1777.0,0.0,0.0,0.0,0.0,0.0,0.0,0.0,0.0,0.0,0.0,0.0,0.0,0.0,,,,,,,
-0.0037968200631439686,mappo,2.7715827854990494e-08,-0.7960455417633057,0.0004664221407135713,1778.0,,,,,,,,,,,,,,0.0,,,,,0.013333489187061787,0.0
,mappo,,,,1778.0,0.0,0.0,0.0,0.0,0.0,0.0,0.0,0.0,0.0,0.0,0.0,0.0,0.0,,,,,,,
-0.008644561283290386,mappo,2.5490487942647633e-08,-0.7929248809814453,0.0004661220406802268,1779.0,,,,,,,,,,,,,,0.0,,,,,0.013342656195163727,0.0
,mappo,,,,1779.0,0.0,0.0,0.0,0.0,0.0,0.0,0.0,0.0,0.0,0.0,0.0,0.0,0.0,,,,,,,
0.01975943334400654,mappo,2.1903030500425302e-08,-0.7785306572914124,0.00046582194064688227,1780.0,,,,,,,,,,,,,,0.0,,,,,0.013246563263237476,0.0
,mappo,,,,1780.0,0.0,0.0,0.0,0.0,0.0,0.0,0.0,0.0,0.0,0.0,0.0,0.0,0.0,,,,,,,
0.002010877011343837,mappo,1.7845145805495122e-08,-0.7915549278259277,0.00046552184061353786,1781.0,,,,,,,,,,,,,,0.0,,,,,0.013079686090350151,0.0
,mappo,,,,1781.0,0.0,0.0,0.0,0.0,0.0,0.0,0.0,0.0,0.0,0.0,0.0,0.0,0.0,,,,,,,
0.003415035316720605,mappo,1.183950715244464e-08,-0.8079082369804382,0.00046522174058019345,1782.0,,,,,,,,,,,,,,0.0,,,,,0.013180228881537914,0.0
,mappo,,,,1782.0,0.0,0.0,0.0,0.0,0.0,0.0,0.0,0.0,0.0,0.0,0.0,0.0,0.0,,,,,,,
-0.003163288813084364,mappo,6.844301125852326e-09,-0.8203898668289185,0.00046492164054684894,1783.0,,,,,,,,,,,,,,0.0,,,,,0.01327458955347538,0.0
,mappo,,,,1783.0,0.0,0.0,0.0,0.0,0.0,0.0,0.0,0.0,0.0,0.0,0.0,0.0,0.0,,,,,,,
-0.005208158399909735,mappo,4.6801180708655465e-09,-0.8227471709251404,0.00046462154051350453,1784.0,,,,,,,,,,,,,,0.0,,,,,0.013232245109975338,0.0
,mappo,,,,1784.0,0.0,0.0,0.0,0.0,0.0,0.0,0.0,0.0,0.0,0.0,0.0,0.0,0.0,,,,,,,
0.0011300609912723303,mappo,2.7342537123331567e-09,-0.8111417889595032,0.0004643214404801601,1785.0,,,,,,,,,,,,,,0.0,,,,,0.013184904120862484,0.0
,mappo,,,,1785.0,0.0,0.0,0.0,0.0,0.0,0.0,0.0,0.0,0.0,0.0,0.0,0.0,0.0,,,,,,,
0.010122565552592278,mappo,1.2538514670978884e-09,-0.8072935938835144,0.0004640213404468156,1786.0,,,,,,,,,,,,,,0.0,,,,,0.013116523623466492,0.0
,mappo,,,,1786.0,0.0,0.0,0.0,0.0,0.0,0.0,0.0,0.0,0.0,0.0,0.0,0.0,0.0,,,,,,,
-0.005328989587724209,mappo,4.4482093009001744e-10,-0.811981737613678,0.0004637212404134712,1787.0,,,,,,,,,,,,,,0.0,,,,,0.013177759945392609,0.0
,mappo,,,,1787.0,0.0,0.0,0.0,0.0,0.0,0.0,0.0,0.0,0.0,0.0,0.0,0.0,0.0,,,,,,,
-0.000832689693197608,mappo,2.2593976689577744e-10,-0.8110077381134033,0.0004634211403801267,1788.0,,,,,,,,,,,,,,0.0,,,,,0.013110470958054066,0.0
,mappo,,,,1788.0,0.0,0.0,0.0,0.0,0.0,0.0,0.0,0.0,0.0,0.0,0.0,0.0,0.0,,,,,,,
-0.007924960926175117,mappo,3.2253166803997146e-10,-0.8010505437850952,0.0004631210403467824,1789.0,,,,,,,,,,,,,,0.0,,,,,0.01319507509469986,0.0
,mappo,,,,1789.0,0.0,0.0,0.0,0.0,0.0,0.0,0.0,0.0,0.0,0.0,0.0,0.0,0.0,,,,,,,
-0.0017092699417844415,mappo,5.647119993845706e-10,-0.8096981048583984,0.00046282094031343786,1790.0,,,,,,,,,,,,,,0.0,,,,,0.01319221779704094,0.0
,mappo,,,,1790.0,0.0,0.0,0.0,0.0,0.0,0.0,0.0,0.0,0.0,0.0,0.0,0.0,0.0,,,,,,,
0.012173615396022797,mappo,5.544358860909426e-10,-0.8171206116676331,0.00046252084028009335,1791.0,,,,,,,,,,,,,,0.0,,,,,0.012967705726623535,0.0
,mappo,,,,1791.0,0.0,0.0,0.0,0.0,0.0,0.0,0.0,0.0,0.0,0.0,0.0,0.0,0.0,,,,,,,
-0.001677240477874875,mappo,1.8509467292204818e-09,-0.8299933075904846,0.00046222074024674894,1792.0,,,,,,,,,,,,,,0.0,,,,,0.01316063292324543,0.0
,mappo,,,,1792.0,0.0,0.0,0.0,0.0,0.0,0.0,0.0,0.0,0.0,0.0,0.0,0.0,0.0,,,,,,,
0.007291357032954693,mappo,4.243959850214196e-09,-0.8503376841545105,0.00046192064021340453,1793.0,,,,,,,,,,,,,,0.0,,,,,0.013164235278964043,0.0
,mappo,,,,1793.0,0.0,0.0,0.0,0.0,0.0,0.0,0.0,0.0,0.0,0.0,0.0,0.0,0.0,,,,,,,
-0.006027845200151205,mappo,3.995217934260609e-09,-0.8802697658538818,0.00046162054018006,1794.0,,,,,,,,,,,,,,0.0,,,,,0.01323956623673439,0.0
,mappo,,,,1794.0,0.0,0.0,0.0,0.0,0.0,0.0,0.0,0.0,0.0,0.0,0.0,0.0,0.0,,,,,,,
0.010330709628760815,mappo,8.730070888418595e-09,-0.8700402975082397,0.0004613204401467156,1795.0,,,,,,,,,,,,,,0.0,,,,,0.013082979246973991,0.0
,mappo,,,,1795.0,0.0,0.0,0.0,0.0,0.0,0.0,0.0,0.0,0.0,0.0,0.0,0.0,0.0,,,,,,,
0.004790602717548609,mappo,8.6120568454362e-09,-0.8714163303375244,0.0004610203401133711,1796.0,,,,,,,,,,,,,,0.0,,,,,0.013194991275668144,0.0
,mappo,,,,1796.0,0.0,0.0,0.0,0.0,0.0,0.0,0.0,0.0,0.0,0.0,0.0,0.0,0.0,,,,,,,
0.0033489675261080265,mappo,6.926309303878497e-09,-0.8486443161964417,0.0004607202400800268,1797.0,,,,,,,,,,,,,,0.0,,,,,0.013247419148683548,0.0
,mappo,,,,1797.0,0.0,0.0,0.0,0.0,0.0,0.0,0.0,0.0,0.0,0.0,0.0,0.0,0.0,,,,,,,
0.00022322045697364956,mappo,9.852700877388543e-09,-0.8582836985588074,0.00046042014004668227,1798.0,,,,,,,,,,,,,,0.0,,,,,0.013092294335365295,0.0
,mappo,,,,1798.0,0.0,0.0,0.0,0.0,0.0,0.0,0.0,0.0,0.0,0.0,0.0,0.0,0.0,,,,,,,
0.01938776858150959,mappo,1.2290289674865562e-08,-0.9085345268249512,0.00046012004001333776,1799.0,,,,,,,,,,,,,,0.0,,,,,0.013153274543583393,0.0
,mappo,,,,1799.0,0.0,0.0,0.0,0.0,0.0,0.0,0.0,0.0,0.0,0.0,0.0,0.0,0.0,,,,,,,
,mappo,,,,1799.0,,,,,,,,,,,,,,,0.0,0.0,0.0,0.0,,
0.013978179544210434,mappo,1.5964850774707884e-08,-0.9041540622711182,0.00045981993997999346,1800.0,,,,,,,,,,,,,,0.0,,,,,0.013155408203601837,0.0
,mappo,,,,1800.0,0.0,0.0,0.0,0.0,0.0,0.0,0.0,0.0,0.0,0.0,0.0,0.0,0.0,,,,,,,
0.06944736838340759,mappo,1.6383509660045092e-08,-0.9243832230567932,0.00045951983994664894,1801.0,,,,,,,,,,,,,,0.0,,,,,0.01320609450340271,0.0
,mappo,,,,1801.0,0.0,0.0,0.0,0.0,0.0,0.0,0.0,0.0,0.0,0.0,0.0,0.0,0.0,,,,,,,
-0.007557859644293785,mappo,1.7447248978896823e-08,-0.9041065573692322,0.0004592197399133044,1802.0,,,,,,,,,,,,,,0.0,,,,,0.013278957456350327,0.0
,mappo,,,,1802.0,0.0,0.0,0.0,0.0,0.0,0.0,0.0,0.0,0.0,0.0,0.0,0.0,0.0,,,,,,,
0.0029768841341137886,mappo,1.7391611706329968e-08,-0.8673082590103149,0.00045891963987996,1803.0,,,,,,,,,,,,,,0.0,,,,,0.013214549981057644,0.0
,mappo,,,,1803.0,0.0,0.0,0.0,0.0,0.0,0.0,0.0,0.0,0.0,0.0,0.0,0.0,0.0,,,,,,,
0.0046386984176933765,mappo,1.840028751587397e-08,-0.8408646583557129,0.0004586195398466156,1804.0,,,,,,,,,,,,,,0.0,,,,,0.013213930651545525,0.0
,mappo,,,,1804.0,0.0,0.0,0.0,0.0,0.0,0.0,0.0,0.0,0.0,0.0,0.0,0.0,0.0,,,,,,,
0.037604231387376785,mappo,1.6984317952051242e-08,-0.8310226798057556,0.0004583194398132711,1805.0,,,,,,,,,,,,,,0.0,,,,,0.013087030500173569,0.0
,mappo,,,,1805.0,0.0,0.0,0.0,0.0,0.0,0.0,0.0,0.0,0.0,0.0,0.0,0.0,0.0,,,,,,,
0.04084485396742821,mappo,1.8921712197084162e-08,-0.8020804524421692,0.0004580193397799267,1806.0,,,,,,,,,,,,,,0.0,,,,,0.013168666511774063,0.0
,mappo,,,,1806.0,0.0,0.0,0.0,0.0,0.0,0.0,0.0,0.0,0.0,0.0,0.0,0.0,0.0,,,,,,,
-0.00305846706032753,mappo,1.9368759041071826e-08,-0.8017112612724304,0.00045771923974658216,1807.0,,,,,,,,,,,,,,0.0,,,,,0.013253919780254364,0.0
,mappo,,,,1807.0,0.0,0.0,0.0,0.0,0.0,0.0,0.0,0.0,0.0,0.0,0.0,0.0,0.0,,,,,,,
0.004861289169639349,mappo,1.6966360760761745e-08,-0.7867398858070374,0.00045741913971323787,1808.0,,,,,,,,,,,,,,0.0,,,,,0.01313012931495905,0.0
,mappo,,,,1808.0,0.0,0.0,0.0,0.0,0.0,0.0,0.0,0.0,0.0,0.0,0.0,0.0,0.0,,,,,,,
-2.2165768314152956e-05,mappo,1.5588899060503536e-08,-0.7838781476020813,0.00045711903967989335,1809.0,,,,,,,,,,,,,,0.0,,,,,0.0132097527384758,0.0
,mappo,,,,1809.0,0.0,0.0,0.0,0.0,0.0,0.0,0.0,0.0,0.0,0.0,0.0,0.0,0.0,,,,,,,
-0.0022120221983641386,mappo,1.639737945424713e-08,-0.7542127370834351,0.00045681893964654883,1810.0,,,,,,,,,,,,,,0.0,,,,,0.01335601694881916,0.0
,mappo,,,,1810.0,0.0,0.0,0.0,0.0,0.0,0.0,0.0,0.0,0.0,0.0,0.0,0.0,0.0,,,,,,,
-0.003513452596962452,mappo,1.1387226273029682e-08,-0.7307621240615845,0.0004565188396132044,1811.0,,,,,,,,,,,,,,0.0,,,,,0.013296540826559067,0.0
,mappo,,,,1811.0,0.0,0.0,0.0,0.0,0.0,0.0,0.0,0.0,0.0,0.0,0.0,0.0,0.0,,,,,,,
-0.0075542316772043705,mappo,9.8111847535165e-09,-0.7324755191802979,0.00045621873957986,1812.0,,,,,,,,,,,,,,0.0,,,,,0.013275809586048126,0.0
,mappo,,,,1812.0,0.0,0.0,0.0,0.0,0.0,0.0,0.0,0.0,0.0,0.0,0.0,0.0,0.0,,,,,,,
-0.0061507136560976505,mappo,8.145926599922859e-09,-0.7442479729652405,0.0004559186395465155,1813.0,,,,,,,,,,,,,,0.0,,,,,0.013158593326807022,0.0
,mappo,,,,1813.0,0.0,0.0,0.0,0.0,0.0,0.0,0.0,0.0,0.0,0.0,0.0,0.0,0.0,,,,,,,
-0.001450177514925599,mappo,7.3630097574550746e-09,-0.7529284954071045,0.0004556185395131711,1814.0,,,,,,,,,,,,,,0.0,,,,,0.013047685846686363,0.0
,mappo,,,,1814.0,0.0,0.0,0.0,0.0,0.0,0.0,0.0,0.0,0.0,0.0,0.0,0.0,0.0,,,,,,,
-0.0006582170026376843,mappo,6.0881695240766476e-09,-0.7767661809921265,0.0004553184394798267,1815.0,,,,,,,,,,,,,,0.0,,,,,0.013109225779771805,0.0
,mappo,,,,1815.0,0.0,0.0,0.0,0.0,0.0,0.0,0.0,0.0,0.0,0.0,0.0,0.0,0.0,,,,,,,
0.030775127932429314,mappo,4.4742312077517e-09,-0.7464371919631958,0.00045501833944648217,1816.0,,,,,,,,,,,,,,0.0,,,,,0.013047639280557632,0.0
,mappo,,,,1816.0,0.0,0.0,0.0,0.0,0.0,0.0,0.0,0.0,0.0,0.0,0.0,0.0,0.0,,,,,,,
0.004530360922217369,mappo,4.00202715411524e-09,-0.770209550857544,0.00045471823941313776,1817.0,,,,,,,,,,,,,,0.0,,,,,0.013256987556815147,0.0
,mappo,,,,1817.0,0.0,0.0,0.0,0.0,0.0,0.0,0.0,0.0,0.0,0.0,0.0,0.0,0.0,,,,,,,
0.0022515133023262024,mappo,1.829601470326736e-09,-0.7721680998802185,0.00045441813937979324,1818.0,,,,,,,,,,,,,,0.0,,,,,0.013057869859039783,0.0
,mappo,,,,1818.0,0.0,0.0,0.0,0.0,0.0,0.0,0.0,0.0,0.0,0.0,0.0,0.0,0.0,,,,,,,
-0.002827890682965517,mappo,1.0390255322789699e-09,-0.7961284518241882,0.00045411803934644894,1819.0,,,,,,,,,,,,,,0.0,,,,,0.013035381212830544,0.0
,mappo,,,,1819.0,0.0,0.0,0.0,0.0,0.0,0.0,0.0,0.0,0.0,0.0,0.0,0.0,0.0,,,,,,,
-0.005155329592525959,mappo,5.53672885317269e-10,-0.8042277097702026,0.0004538179393131044,1820.0,,,,,,,,,,,,,,0.0,,,,,0.013207324780523777,0.0
,mappo,,,,1820.0,0.0,0.0,0.0,0.0,0.0,0.0,0.0,0.0,0.0,0.0,0.0,0.0,0.0,,,,,,,
-0.0004699350392911583,mappo,3.237336509975819e-10,-0.804273784160614,0.0004535178392797599,1821.0,,,,,,,,,,,,,,0.0,,,,,0.013062860816717148,0.0
,mappo,,,,1821.0,0.0,0.0,0.0,0.0,0.0,0.0,0.0,0.0,0.0,0.0,0.0,0.0,0.0,,,,,,,
0.004070894327014685,mappo,5.289590987445081e-10,-0.7901010513305664,0.0004532177392464155,1822.0,,,,,,,,,,,,,,0.0,,,,,0.013159184716641903,0.0
,mappo,,,,1822.0,0.0,0.0,0.0,0.0,0.0,0.0,0.0,0.0,0.0,0.0,0.0,0.0,0.0,,,,,,,
0.0041141388937830925,mappo,1.5725705182489946e-09,-0.7752130031585693,0.0004529176392130711,1823.0,,,,,,,,,,,,,,0.0,,,,,0.013296541757881641,0.0
,mappo,,,,1823.0,0.0,0.0,0.0,0.0,0.0,0.0,0.0,0.0,0.0,0.0,0.0,0.0,0.0,,,,,,,
-0.00395578658208251,mappo,3.4447331653808533e-09,-0.7381643652915955,0.0004526175391797266,1824.0,,,,,,,,,,,,,,0.0,,,,,0.013283539563417435,0.0
,mappo,,,,1824.0,0.0,0.0,0.0,0.0,0.0,0.0,0.0,0.0,0.0,0.0,0.0,0.0,0.0,,,,,,,
-0.008540218695998192,mappo,7.4331074628730676e-09,-0.7118532061576843,0.00045231743914638217,1825.0,,,,,,,,,,,,,,0.0,,,,,0.01320975087583065,0.0
,mappo,,,,1825.0,0.0,0.0,0.0,0.0,0.0,0.0,0.0,0.0,0.0,0.0,0.0,0.0,0.0,,,,,,,
-0.0004922313382849097,mappo,1.0415037721145382e-08,-0.6849729418754578,0.00045201733911303765,1826.0,,,,,,,,,,,,,,0.0,,,,,0.013159355148673058,0.0
,mappo,,,,1826.0,0.0,0.0,0.0,0.0,0.0,0.0,0.0,0.0,0.0,0.0,0.0,0.0,0.0,,,,,,,
-0.0025316341780126095,mappo,1.2613286415330549e-08,-0.639223039150238,0.00045171723907969324,1827.0,,,,,,,,,,,,,,0.0,,,,,0.013160266913473606,0.0
,mappo,,,,1827.0,0.0,0.0,0.0,0.0,0.0,0.0,0.0,0.0,0.0,0.0,0.0,0.0,0.0,,,,,,,
-0.0028437909204512835,mappo,1.4941216264219292e-08,-0.6126026511192322,0.00045141713904634883,1828.0,,,,,,,,,,,,,,0.0,,,,,0.013094320893287659,0.0
,mappo,,,,1828.0,0.0,0.0,0.0,0.0,0.0,0.0,0.0,0.0,0.0,0.0,0.0,0.0,0.0,,,,,,,
0.01407123263925314,mappo,2.1088837343086198e-08,-0.5860754251480103,0.0004511170390130043,1829.0,,,,,,,,,,,,,,0.0,,,,,0.01315874233841896,0.0
,mappo,,,,1829.0,0.0,0.0,0.0,0.0,0.0,0.0,0.0,0.0,0.0,0.0,0.0,0.0,0.0,,,,,,,
0.020289195701479912,mappo,1.9141195295446778e-08,-0.6045171022415161,0.00045081693897966,1830.0,,,,,,,,,,,,,,0.0,,,,,0.012865039519965649,0.0
,mappo,,,,1830.0,0.0,0.0,0.0,0.0,0.0,0.0,0.0,0.0,0.0,0.0,0.0,0.0,0.0,,,,,,,
0.007423206698149443,mappo,2.1033216057730897e-08,-0.6025076508522034,0.0004505168389463155,1831.0,,,,,,,,,,,,,,0.0,,,,,0.013148198835551739,0.0
,mappo,,,,1831.0,0.0,0.0,0.0,0.0,0.0,0.0,0.0,0.0,0.0,0.0,0.0,0.0,0.0,,,,,,,
0.06432665884494781,mappo,2.0134370615210173e-08,-0.6409010291099548,0.000450216738912971,1832.0,,,,,,,,,,,,,,0.0,,,,,0.013072026893496513,0.0
,mappo,,,,1832.0,0.0,0.0,0.0,0.0,0.0,0.0,0.0,0.0,0.0,0.0,0.0,0.0,0.0,,,,,,,
0.00046545459190383554,mappo,2.1174974662585555e-08,-0.6563615798950195,0.0004499166388796266,1833.0,,,,,,,,,,,,,,0.0,,,,,0.013054613023996353,0.0
,mappo,,,,1833.0,0.0,0.0,0.0,0.0,0.0,0.0,0.0,0.0,0.0,0.0,0.0,0.0,0.0,,,,,,,
-0.013554293662309647,mappo,1.7901674809195356e-08,-0.6758326292037964,0.00044961653884628217,1834.0,,,,,,,,,,,,,,0.0,,,,,0.013269207440316677,0.0
,mappo,,,,1834.0,0.0,0.0,0.0,0.0,0.0,0.0,0.0,0.0,0.0,0.0,0.0,0.0,0.0,,,,,,,
-0.0031966259703040123,mappo,1.737107879762334e-08,-0.6606525182723999,0.00044931643881293765,1835.0,,,,,,,,,,,,,,0.0,,,,,0.013086937367916107,0.0
,mappo,,,,1835.0,0.0,0.0,0.0,0.0,0.0,0.0,0.0,0.0,0.0,0.0,0.0,0.0,0.0,,,,,,,
-0.005041621159762144,mappo,1.9659850636344345e-08,-0.6706607341766357,0.00044901633877959324,1836.0,,,,,,,,,,,,,,0.0,,,,,0.01320316269993782,0.0
,mappo,,,,1836.0,0.0,0.0,0.0,0.0,0.0,0.0,0.0,0.0,0.0,0.0,0.0,0.0,0.0,,,,,,,
0.0018769294256344438,mappo,2.075310234772587e-08,-0.6486744284629822,0.00044871623874624873,1837.0,,,,,,,,,,,,,,0.0,,,,,0.013271983712911606,0.0
,mappo,,,,1837.0,0.0,0.0,0.0,0.0,0.0,0.0,0.0,0.0,0.0,0.0,0.0,0.0,0.0,,,,,,,
-0.0027528926730155945,mappo,2.010873245694711e-08,-0.6643072366714478,0.0004484161387129043,1838.0,,,,,,,,,,,,,,0.0,,,,,0.013106749393045902,0.0
,mappo,,,,1838.0,0.0,0.0,0.0,0.0,0.0,0.0,0.0,0.0,0.0,0.0,0.0,0.0,0.0,,,,,,,
0.0004170731990598142,mappo,1.477313826825366e-08,-0.6610137820243835,0.0004481160386795599,1839.0,,,,,,,,,,,,,,0.0,,,,,0.013117959722876549,0.0
,mappo,,,,1839.0,0.0,0.0,0.0,0.0,0.0,0.0,0.0,0.0,0.0,0.0,0.0,0.0,0.0,,,,,,,
-0.0028804729226976633,mappo,1.1261703569687143e-08,-0.6702284812927246,0.0004478159386462154,1840.0,,,,,,,,,,,,,,0.0,,,,,0.013153912499547005,0.0
,mappo,,,,1840.0,0.0,0.0,0.0,0.0,0.0,0.0,0.0,0.0,0.0,0.0,0.0,0.0,0.0,,,,,,,
0.0033037676475942135,mappo,1.0015575924171571e-08,-0.6620679497718811,0.000447515838612871,1841.0,,,,,,,,,,,,,,0.0,,,,,0.013090104795992374,0.0
,mappo,,,,1841.0,0.0,0.0,0.0,0.0,0.0,0.0,0.0,0.0,0.0,0.0,0.0,0.0,0.0,,,,,,,
0.001287737162783742,mappo,7.160599668765144e-09,-0.6542850732803345,0.0004472157385795266,1842.0,,,,,,,,,,,,,,0.0,,,,,0.013073763810098171,0.0
,mappo,,,,1842.0,0.0,0.0,0.0,0.0,0.0,0.0,0.0,0.0,0.0,0.0,0.0,0.0,0.0,,,,,,,
-0.011287161149084568,mappo,7.664016088426706e-09,-0.6376844048500061,0.00044691563854618206,1843.0,,,,,,,,,,,,,,0.0,,,,,0.01299254409968853,0.0
,mappo,,,,1843.0,0.0,0.0,0.0,0.0,0.0,0.0,0.0,0.0,0.0,0.0,0.0,0.0,0.0,,,,,,,
0.00019729859195649624,mappo,6.809619979009085e-09,-0.6191533207893372,0.00044661553851283765,1844.0,,,,,,,,,,,,,,0.0,,,,,0.013107776641845703,0.0
,mappo,,,,1844.0,0.0,0.0,0.0,0.0,0.0,0.0,0.0,0.0,0.0,0.0,0.0,0.0,0.0,,,,,,,
-0.0058255321346223354,mappo,4.949861409642153e-09,-0.6354901194572449,0.00044631543847949325,1845.0,,,,,,,,,,,,,,0.0,,,,,0.013120804913341999,0.0
,mappo,,,,1845.0,0.0,0.0,0.0,0.0,0.0,0.0,0.0,0.0,0.0,0.0,0.0,0.0,0.0,,,,,,,
-0.0066025136038661,mappo,3.647071089574183e-09,-0.6582142114639282,0.00044601533844614873,1846.0,,,,,,,,,,,,,,0.0,,,,,0.013070614077150822,0.0
,mappo,,,,1846.0,0.0,0.0,0.0,0.0,0.0,0.0,0.0,0.0,0.0,0.0,0.0,0.0,0.0,,,,,,,
-0.0038026408292353153,mappo,1.5695892363609687e-09,-0.6931900978088379,0.0004457152384128043,1847.0,,,,,,,,,,,,,,0.0,,,,,0.012971077114343643,0.0
,mappo,,,,1847.0,0.0,0.0,0.0,0.0,0.0,0.0,0.0,0.0,0.0,0.0,0.0,0.0,0.0,,,,,,,
-0.007575226482003927,mappo,3.336440457246681e-09,-0.7096850275993347,0.0004454151383794598,1848.0,,,,,,,,,,,,,,0.0,,,,,0.013110782951116562,0.0
,mappo,,,,1848.0,0.0,0.0,0.0,0.0,0.0,0.0,0.0,0.0,0.0,0.0,0.0,0.0,0.0,,,,,,,
0.002552382880821824,mappo,2.2777151276187624e-09,-0.7217106819152832,0.0004451150383461154,1849.0,,,,,,,,,,,,,,0.0,,,,,0.013124683871865273,0.0
,mappo,,,,1849.0,0.0,0.0,0.0,0.0,0.0,0.0,0.0,0.0,0.0,0.0,0.0,0.0,0.0,,,,,,,
-0.009204782545566559,mappo,9.022200209152231e-10,-0.7237275242805481,0.000444814938312771,1850.0,,,,,,,,,,,,,,0.0,,,,,0.01315905898809433,0.0
,mappo,,,,1850.0,0.0,0.0,0.0,0.0,0.0,0.0,0.0,0.0,0.0,0.0,0.0,0.0,0.0,,,,,,,
2.5959365302696824e-05,mappo,1.8522626488159943e-10,-0.7212291359901428,0.00044451483827942647,1851.0,,,,,,,,,,,,,,0.0,,,,,0.013089271262288094,0.0
,mappo,,,,1851.0,0.0,0.0,0.0,0.0,0.0,0.0,0.0,0.0,0.0,0.0,0.0,0.0,0.0,,,,,,,
0.012982374057173729,mappo,5.821678694672983e-10,-0.7355035543441772,0.00044421473824608206,1852.0,,,,,,,,,,,,,,0.0,,,,,0.01316338311880827,0.0
,mappo,,,,1852.0,0.0,0.0,0.0,0.0,0.0,0.0,0.0,0.0,0.0,0.0,0.0,0.0,0.0,,,,,,,
-0.0008134979871101677,mappo,1.3693532974201617e-09,-0.7366952300071716,0.00044391463821273766,1853.0,,,,,,,,,,,,,,0.0,,,,,0.013100627809762955,0.0
,mappo,,,,1853.0,0.0,0.0,0.0,0.0,0.0,0.0,0.0,0.0,0.0,0.0,0.0,0.0,0.0,,,,,,,
-0.004068088252097368,mappo,1.7590261469635493e-09,-0.7493282556533813,0.00044361453817939314,1854.0,,,,,,,,,,,,,,0.0,,,,,0.013084651902318,0.0
,mappo,,,,1854.0,0.0,0.0,0.0,0.0,0.0,0.0,0.0,0.0,0.0,0.0,0.0,0.0,0.0,,,,,,,
0.006420434452593327,mappo,4.187561852830868e-09,-0.7470169067382812,0.00044331443814604873,1855.0,,,,,,,,,,,,,,0.0,,,,,0.013090173713862896,0.0
,mappo,,,,1855.0,0.0,0.0,0.0,0.0,0.0,0.0,0.0,0.0,0.0,0.0,0.0,0.0,0.0,,,,,,,
-0.0017163127195090055,mappo,5.3426263413314246e-09,-0.7490172982215881,0.0004430143381127042,1856.0,,,,,,,,,,,,,,0.0,,,,,0.013123063370585442,0.0
,mappo,,,,1856.0,0.0,0.0,0.0,0.0,0.0,0.0,0.0,0.0,0.0,0.0,0.0,0.0,0.0,,,,,,,
-0.003500810358673334,mappo,5.953840087613571e-09,-0.7510405778884888,0.0004427142380793598,1857.0,,,,,,,,,,,,,,0.0,,,,,0.01308441162109375,0.0
,mappo,,,,1857.0,0.0,0.0,0.0,0.0,0.0,0.0,0.0,0.0,0.0,0.0,0.0,0.0,0.0,,,,,,,
0.06830364465713501,mappo,6.8530154884172134e-09,-0.7821345925331116,0.0004424141380460154,1858.0,,,,,,,,,,,,,,0.0,,,,,0.0130228903144598,0.0
,mappo,,,,1858.0,0.0,0.0,0.0,0.0,0.0,0.0,0.0,0.0,0.0,0.0,0.0,0.0,0.0,,,,,,,
-0.0021834142971783876,mappo,1.0902388325462198e-08,-0.7762983441352844,0.0004421140380126709,1859.0,,,,,,,,,,,,,,0.0,,,,,0.013004036620259285,0.0
,mappo,,,,1859.0,0.0,0.0,0.0,0.0,0.0,0.0,0.0,0.0,0.0,0.0,0.0,0.0,0.0,,,,,,,
0.009739072993397713,mappo,1.719781650422192e-08,-0.7683020830154419,0.00044181393797932647,1860.0,,,,,,,,,,,,,,0.0,,,,,0.013130761682987213,0.0
,mappo,,,,1860.0,0.0,0.0,0.0,0.0,0.0,0.0,0.0,0.0,0.0,0.0,0.0,0.0,0.0,,,,,,,
-0.005323726683855057,mappo,1.8877925000992946e-08,-0.7440828680992126,0.00044151383794598206,1861.0,,,,,,,,,,,,,,0.0,,,,,0.01311754435300827,0.0
,mappo,,,,1861.0,0.0,0.0,0.0,0.0,0.0,0.0,0.0,0.0,0.0,0.0,0.0,0.0,0.0,,,,,,,
-0.0010917694307863712,mappo,1.9001026529963383e-08,-0.7492527365684509,0.00044121373791263755,1862.0,,,,,,,,,,,,,,0.0,,,,,0.013051372021436691,0.0
,mappo,,,,1862.0,0.0,0.0,0.0,0.0,0.0,0.0,0.0,0.0,0.0,0.0,0.0,0.0,0.0,,,,,,,
0.0073297577910125256,mappo,2.4758936234547946e-08,-0.7213835120201111,0.00044091363787929314,1863.0,,,,,,,,,,,,,,0.0,,,,,0.013007739558815956,0.0
,mappo,,,,1863.0,0.0,0.0,0.0,0.0,0.0,0.0,0.0,0.0,0.0,0.0,0.0,0.0,0.0,,,,,,,
0.004079778678715229,mappo,2.6834266364517134e-08,-0.6954049468040466,0.00044061353784594873,1864.0,,,,,,,,,,,,,,0.0,,,,,0.013079917058348656,0.0
,mappo,,,,1864.0,0.0,0.0,0.0,0.0,0.0,0.0,0.0,0.0,0.0,0.0,0.0,0.0,0.0,,,,,,,
-0.0022340514697134495,mappo,2.919029640224835e-08,-0.6771337985992432,0.0004403134378126042,1865.0,,,,,,,,,,,,,,0.0,,,,,0.013063808903098106,0.0
,mappo,,,,1865.0,0.0,0.0,0.0,0.0,0.0,0.0,0.0,0.0,0.0,0.0,0.0,0.0,0.0,,,,,,,
-0.004427703097462654,mappo,3.2646916281464655e-08,-0.6468181014060974,0.0004400133377792598,1866.0,,,,,,,,,,,,,,0.0,,,,,0.013162477873265743,0.0
,mappo,,,,1866.0,0.0,0.0,0.0,0.0,0.0,0.0,0.0,0.0,0.0,0.0,0.0,0.0,0.0,,,,,,,
0.001019773306325078,mappo,3.1070893413698286e-08,-0.6213477849960327,0.0004397132377459153,1867.0,,,,,,,,,,,,,,0.0,,,,,0.013168249279260635,0.0
,mappo,,,,1867.0,0.0,0.0,0.0,0.0,0.0,0.0,0.0,0.0,0.0,0.0,0.0,0.0,0.0,,,,,,,
-0.009243550710380077,mappo,2.9794735567634234e-08,-0.596265435218811,0.0004394131377125709,1868.0,,,,,,,,,,,,,,0.0,,,,,0.012994864955544472,0.0
,mappo,,,,1868.0,0.0,0.0,0.0,0.0,0.0,0.0,0.0,0.0,0.0,0.0,0.0,0.0,0.0,,,,,,,
0.002812105230987072,mappo,3.054212882602769e-08,-0.5678356885910034,0.0004391130376792265,1869.0,,,,,,,,,,,,,,0.0,,,,,0.013219289481639862,0.0
,mappo,,,,1869.0,0.0,0.0,0.0,0.0,0.0,0.0,0.0,0.0,0.0,0.0,0.0,0.0,0.0,,,,,,,
-0.002401180099695921,mappo,3.038538665123269e-08,-0.5419660806655884,0.00043881293764588196,1870.0,,,,,,,,,,,,,,0.0,,,,,0.01309908926486969,0.0
,mappo,,,,1870.0,0.0,0.0,0.0,0.0,0.0,0.0,0.0,0.0,0.0,0.0,0.0,0.0,0.0,,,,,,,
0.001302349497564137,mappo,2.3312615837767225e-08,-0.5476759672164917,0.00043851283761253755,1871.0,,,,,,,,,,,,,,0.0,,,,,0.013134701177477837,0.0
,mappo,,,,1871.0,0.0,0.0,0.0,0.0,0.0,0.0,0.0,0.0,0.0,0.0,0.0,0.0,0.0,,,,,,,
-0.003595280461013317,mappo,2.279750788147794e-08,-0.5532804131507874,0.00043821273757919314,1872.0,,,,,,,,,,,,,,0.0,,,,,0.01298515684902668,0.0
,mappo,,,,1872.0,0.0,0.0,0.0,0.0,0.0,0.0,0.0,0.0,0.0,0.0,0.0,0.0,0.0,,,,,,,
0.012670324184000492,mappo,1.576466779340535e-08,-0.5708712339401245,0.0004379126375458486,1873.0,,,,,,,,,,,,,,0.0,,,,,0.013017309829592705,0.0
,mappo,,,,1873.0,0.0,0.0,0.0,0.0,0.0,0.0,0.0,0.0,0.0,0.0,0.0,0.0,0.0,,,,,,,
0.010951775126159191,mappo,1.4478303000942105e-08,-0.5798672437667847,0.0004376125375125042,1874.0,,,,,,,,,,,,,,0.0,,,,,0.013036323711276054,0.0
,mappo,,,,1874.0,0.0,0.0,0.0,0.0,0.0,0.0,0.0,0.0,0.0,0.0,0.0,0.0,0.0,,,,,,,
-0.001125760143622756,mappo,1.410894956421771e-08,-0.5913462042808533,0.0004373124374791598,1875.0,,,,,,,,,,,,,,0.0,,,,,0.012987068854272366,0.0
,mappo,,,,1875.0,0.0,0.0,0.0,0.0,0.0,0.0,0.0,0.0,0.0,0.0,0.0,0.0,0.0,,,,,,,
-0.003977530635893345,mappo,8.436560783309233e-09,-0.586137056350708,0.0004370123374458153,1876.0,,,,,,,,,,,,,,0.0,,,,,0.01294500008225441,0.0
,mappo,,,,1876.0,0.0,0.0,0.0,0.0,0.0,0.0,0.0,0.0,0.0,0.0,0.0,0.0,0.0,,,,,,,
-0.0016125572146847844,mappo,7.188313499995047e-09,-0.5965254902839661,0.0004367122374124709,1877.0,,,,,,,,,,,,,,0.0,,,,,0.01313689723610878,0.0
,mappo,,,,1877.0,0.0,0.0,0.0,0.0,0.0,0.0,0.0,0.0,0.0,0.0,0.0,0.0,0.0,,,,,,,
0.0004038879997096956,mappo,3.3375022745474325e-09,-0.5676082372665405,0.00043641213737912637,1878.0,,,,,,,,,,,,,,0.0,,,,,0.013026634231209755,0.0
,mappo,,,,1878.0,0.0,0.0,0.0,0.0,0.0,0.0,0.0,0.0,0.0,0.0,0.0,0.0,0.0,,,,,,,
0.02846778929233551,mappo,2.069517446301461e-09,-0.5509065985679626,0.00043611203734578196,1879.0,,,,,,,,,,,,,,0.0,,,,,0.01291742455214262,0.0
,mappo,,,,1879.0,0.0,0.0,0.0,0.0,0.0,0.0,0.0,0.0,0.0,0.0,0.0,0.0,0.0,,,,,,,
0.028055286034941673,mappo,7.684552993936222e-10,-0.5656980872154236,0.00043581193731243755,1880.0,,,,,,,,,,,,,,0.0,,,,,0.012943494133651257,0.0
,mappo,,,,1880.0,0.0,0.0,0.0,0.0,0.0,0.0,0.0,0.0,0.0,0.0,0.0,0.0,0.0,,,,,,,
0.0568387396633625,mappo,4.4203760096728217e-10,-0.5325381755828857,0.00043551183727909303,1881.0,,,,,,,,,,,,,,0.0,,,,,0.01318836398422718,0.0
,mappo,,,,1881.0,0.0,0.0,0.0,0.0,0.0,0.0,0.0,0.0,0.0,0.0,0.0,0.0,0.0,,,,,,,
-0.010837159119546413,mappo,2.6422189436381416e-10,-0.5214009881019592,0.0004352117372457486,1882.0,,,,,,,,,,,,,,0.0,,,,,0.013088453561067581,0.0
,mappo,,,,1882.0,0.0,0.0,0.0,0.0,0.0,0.0,0.0,0.0,0.0,0.0,0.0,0.0,0.0,,,,,,,
0.0006300504319369793,mappo,2.0937586386882145e-10,-0.5112337470054626,0.0004349116372124042,1883.0,,,,,,,,,,,,,,0.0,,,,,0.013044711202383041,0.0
,mappo,,,,1883.0,0.0,0.0,0.0,0.0,0.0,0.0,0.0,0.0,0.0,0.0,0.0,0.0,0.0,,,,,,,
0.0016426686197519302,mappo,5.295713867425889e-10,-0.5153263211250305,0.0004346115371790597,1884.0,,,,,,,,,,,,,,0.0,,,,,0.013080297037959099,0.0
,mappo,,,,1884.0,0.0,0.0,0.0,0.0,0.0,0.0,0.0,0.0,0.0,0.0,0.0,0.0,0.0,,,,,,,
0.0024048867635428905,mappo,1.1942699051914474e-09,-0.5017722845077515,0.0004343114371457153,1885.0,,,,,,,,,,,,,,0.0,,,,,0.012890471145510674,0.0
,mappo,,,,1885.0,0.0,0.0,0.0,0.0,0.0,0.0,0.0,0.0,0.0,0.0,0.0,0.0,0.0,,,,,,,
0.009421652182936668,mappo,1.1487698570178395e-09,-0.5057451128959656,0.0004340113371123708,1886.0,,,,,,,,,,,,,,0.0,,,,,0.012911003082990646,0.0
,mappo,,,,1886.0,0.0,0.0,0.0,0.0,0.0,0.0,0.0,0.0,0.0,0.0,0.0,0.0,0.0,,,,,,,
-0.0025521127972751856,mappo,2.2314541325840764e-09,-0.48061004281044006,0.00043371123707902637,1887.0,,,,,,,,,,,,,,0.0,,,,,0.013169405981898308,0.0
,mappo,,,,1887.0,0.0,0.0,0.0,0.0,0.0,0.0,0.0,0.0,0.0,0.0,0.0,0.0,0.0,,,,,,,
-0.0018541945610195398,mappo,6.165738586361158e-09,-0.445900559425354,0.00043341113704568196,1888.0,,,,,,,,,,,,,,0.0,,,,,0.013026118278503418,0.0
,mappo,,,,1888.0,0.0,0.0,0.0,0.0,0.0,0.0,0.0,0.0,0.0,0.0,0.0,0.0,0.0,,,,,,,
-0.005981393624097109,mappo,1.0280449380672962e-08,-0.4607531726360321,0.00043311103701233744,1889.0,,,,,,,,,,,,,,0.0,,,,,0.012891435995697975,0.0
,mappo,,,,1889.0,0.0,0.0,0.0,0.0,0.0,0.0,0.0,0.0,0.0,0.0,0.0,0.0,0.0,,,,,,,
-0.002599314320832491,mappo,1.1184560833044088e-08,-0.4911787509918213,0.00043281093697899304,1890.0,,,,,,,,,,,,,,0.0,,,,,0.013098755851387978,0.0
,mappo,,,,1890.0,0.0,0.0,0.0,0.0,0.0,0.0,0.0,0.0,0.0,0.0,0.0,0.0,0.0,,,,,,,
-0.004673981573432684,mappo,1.586179010359956e-08,-0.5199653506278992,0.00043251083694564863,1891.0,,,,,,,,,,,,,,0.0,,,,,0.013039017096161842,0.0
,mappo,,,,1891.0,0.0,0.0,0.0,0.0,0.0,0.0,0.0,0.0,0.0,0.0,0.0,0.0,0.0,,,,,,,
-0.004220065660774708,mappo,1.6440569794440307e-08,-0.5454856753349304,0.0004322107369123041,1892.0,,,,,,,,,,,,,,0.0,,,,,0.013039002195000648,0.0
,mappo,,,,1892.0,0.0,0.0,0.0,0.0,0.0,0.0,0.0,0.0,0.0,0.0,0.0,0.0,0.0,,,,,,,
0.0004201370174996555,mappo,2.272343557763179e-08,-0.5572471022605896,0.0004319106368789597,1893.0,,,,,,,,,,,,,,0.0,,,,,0.012967479415237904,0.0
,mappo,,,,1893.0,0.0,0.0,0.0,0.0,0.0,0.0,0.0,0.0,0.0,0.0,0.0,0.0,0.0,,,,,,,
-0.004811577964574099,mappo,2.2815180855673134e-08,-0.5349517464637756,0.0004316105368456153,1894.0,,,,,,,,,,,,,,0.0,,,,,0.013068227097392082,0.0
,mappo,,,,1894.0,0.0,0.0,0.0,0.0,0.0,0.0,0.0,0.0,0.0,0.0,0.0,0.0,0.0,,,,,,,
-0.006618816871196032,mappo,2.9762686537537775e-08,-0.5544695854187012,0.0004313104368122708,1895.0,,,,,,,,,,,,,,0.0,,,,,0.013307211920619011,0.0
,mappo,,,,1895.0,0.0,0.0,0.0,0.0,0.0,0.0,0.0,0.0,0.0,0.0,0.0,0.0,0.0,,,,,,,
-0.008723217062652111,mappo,4.0188098182625254e-08,-0.5666924715042114,0.00043101033677892637,1896.0,,,,,,,,,,,,,,0.0,,,,,0.013026699423789978,0.0
,mappo,,,,1896.0,0.0,0.0,0.0,0.0,0.0,0.0,0.0,0.0,0.0,0.0,0.0,0.0,0.0,,,,,,,
-0.00918178167194128,mappo,3.213480681552028e-08,-0.6087540984153748,0.00043071023674558185,1897.0,,,,,,,,,,,,,,0.0,,,,,0.013057082891464233,0.0
,mappo,,,,1897.0,0.0,0.0,0.0,0.0,0.0,0.0,0.0,0.0,0.0,0.0,0.0,0.0,0.0,,,,,,,
0.000980513053946197,mappo,2.697159118270065e-08,-0.6265876889228821,0.00043041013671223744,1898.0,,,,,,,,,,,,,,0.0,,,,,0.013152005150914192,0.0
,mappo,,,,1898.0,0.0,0.0,0.0,0.0,0.0,0.0,0.0,0.0,0.0,0.0,0.0,0.0,0.0,,,,,,,
0.001999670173972845,mappo,2.4228150152794115e-08,-0.623772382736206,0.00043011003667889304,1899.0,,,,,,,,,,,,,,0.0,,,,,0.013110868632793427,0.0
,mappo,,,,1899.0,0.0,0.0,0.0,0.0,0.0,0.0,0.0,0.0,0.0,0.0,0.0,0.0,0.0,,,,,,,
,mappo,,,,1899.0,,,,,,,,,,,,,,,0.0,0.0,0.0,0.0,,
-0.006976848002523184,mappo,2.1277131168062624e-08,-0.6159048676490784,0.0004298099366455485,1900.0,,,,,,,,,,,,,,0.0,,,,,0.013155046850442886,0.0
,mappo,,,,1900.0,0.0,0.0,0.0,0.0,0.0,0.0,0.0,0.0,0.0,0.0,0.0,0.0,0.0,,,,,,,
-0.0036737967748194933,mappo,2.0751796725448912e-08,-0.6148632168769836,0.000429509836612204,1901.0,,,,,,,,,,,,,,0.0,,,,,0.013147981837391853,0.0
,mappo,,,,1901.0,0.0,0.0,0.0,0.0,0.0,0.0,0.0,0.0,0.0,0.0,0.0,0.0,0.0,,,,,,,
0.005404460709542036,mappo,2.0164398151223395e-08,-0.6340307593345642,0.0004292097365788597,1902.0,,,,,,,,,,,,,,0.0,,,,,0.012989533133804798,0.0
,mappo,,,,1902.0,0.0,0.0,0.0,0.0,0.0,0.0,0.0,0.0,0.0,0.0,0.0,0.0,0.0,,,,,,,
0.0028343969024717808,mappo,1.5020031440826642e-08,-0.6646156311035156,0.0004289096365455152,1903.0,,,,,,,,,,,,,,0.0,,,,,0.01312586572021246,0.0
,mappo,,,,1903.0,0.0,0.0,0.0,0.0,0.0,0.0,0.0,0.0,0.0,0.0,0.0,0.0,0.0,,,,,,,
0.002791442908346653,mappo,1.1535608912538464e-08,-0.691572904586792,0.0004286095365121708,1904.0,,,,,,,,,,,,,,0.0,,,,,0.013157211244106293,0.0
,mappo,,,,1904.0,0.0,0.0,0.0,0.0,0.0,0.0,0.0,0.0,0.0,0.0,0.0,0.0,0.0,,,,,,,
0.02510245330631733,mappo,1.0548657058961908e-08,-0.6971646547317505,0.00042830943647882637,1905.0,,,,,,,,,,,,,,0.0,,,,,0.013183336704969406,0.0
,mappo,,,,1905.0,0.0,0.0,0.0,0.0,0.0,0.0,0.0,0.0,0.0,0.0,0.0,0.0,0.0,,,,,,,
-0.0018561233300715685,mappo,8.789046823665103e-09,-0.70721036195755,0.00042800933644548185,1906.0,,,,,,,,,,,,,,0.0,,,,,0.013187117874622345,0.0
,mappo,,,,1906.0,0.0,0.0,0.0,0.0,0.0,0.0,0.0,0.0,0.0,0.0,0.0,0.0,0.0,,,,,,,
-0.004666768480092287,mappo,7.409279412229353e-09,-0.711383581161499,0.00042770923641213745,1907.0,,,,,,,,,,,,,,0.0,,,,,0.013158759102225304,0.0
,mappo,,,,1907.0,0.0,0.0,0.0,0.0,0.0,0.0,0.0,0.0,0.0,0.0,0.0,0.0,0.0,,,,,,,
0.005062212701886892,mappo,5.78161163389268e-09,-0.707528293132782,0.00042740913637879293,1908.0,,,,,,,,,,,,,,0.0,,,,,0.013233428820967674,0.0
,mappo,,,,1908.0,0.0,0.0,0.0,0.0,0.0,0.0,0.0,0.0,0.0,0.0,0.0,0.0,0.0,,,,,,,
0.0046013714745640755,mappo,4.161568867289134e-09,-0.7232743501663208,0.0004271090363454485,1909.0,,,,,,,,,,,,,,0.0,,,,,0.013217290863394737,0.0
,mappo,,,,1909.0,0.0,0.0,0.0,0.0,0.0,0.0,0.0,0.0,0.0,0.0,0.0,0.0,0.0,,,,,,,
0.001951898098923266,mappo,5.254015444933202e-09,-0.7200973629951477,0.0004268089363121041,1910.0,,,,,,,,,,,,,,0.0,,,,,0.013128416612744331,0.0
,mappo,,,,1910.0,0.0,0.0,0.0,0.0,0.0,0.0,0.0,0.0,0.0,0.0,0.0,0.0,0.0,,,,,,,
-0.007722518872469664,mappo,4.2584749060381455e-09,-0.7508611083030701,0.0004265088362787596,1911.0,,,,,,,,,,,,,,0.0,,,,,0.013080805540084839,0.0
,mappo,,,,1911.0,0.0,0.0,0.0,0.0,0.0,0.0,0.0,0.0,0.0,0.0,0.0,0.0,0.0,,,,,,,
0.002298805397003889,mappo,2.918022490305816e-09,-0.7986104488372803,0.0004262087362454152,1912.0,,,,,,,,,,,,,,0.0,,,,,0.013178938999772072,0.0
,mappo,,,,1912.0,0.0,0.0,0.0,0.0,0.0,0.0,0.0,0.0,0.0,0.0,0.0,0.0,0.0,,,,,,,
0.0031853013206273317,mappo,1.394544146826604e-09,-0.7498558163642883,0.0004259086362120708,1913.0,,,,,,,,,,,,,,0.0,,,,,0.013273011893033981,0.0
,mappo,,,,1913.0,0.0,0.0,0.0,0.0,0.0,0.0,0.0,0.0,0.0,0.0,0.0,0.0,0.0,,,,,,,
-0.004529787693172693,mappo,9.533575040521214e-10,-0.7395758032798767,0.00042560853617872626,1914.0,,,,,,,,,,,,,,0.0,,,,,0.013216495513916016,0.0
,mappo,,,,1914.0,0.0,0.0,0.0,0.0,0.0,0.0,0.0,0.0,0.0,0.0,0.0,0.0,0.0,,,,,,,
0.01748313568532467,mappo,7.309144400835521e-10,-0.7825037240982056,0.00042530843614538186,1915.0,,,,,,,,,,,,,,0.0,,,,,0.013172581791877747,0.0
,mappo,,,,1915.0,0.0,0.0,0.0,0.0,0.0,0.0,0.0,0.0,0.0,0.0,0.0,0.0,0.0,,,,,,,
0.032998934388160706,mappo,2.299400225780346e-09,-0.725115954875946,0.00042500833611203734,1916.0,,,,,,,,,,,,,,0.0,,,,,0.013142836280167103,0.0
,mappo,,,,1916.0,0.0,0.0,0.0,0.0,0.0,0.0,0.0,0.0,0.0,0.0,0.0,0.0,0.0,,,,,,,
-0.00042512069921940565,mappo,3.0943749784739794e-09,-0.7169753909111023,0.00042470823607869293,1917.0,,,,,,,,,,,,,,0.0,,,,,0.013139864429831505,0.0
,mappo,,,,1917.0,0.0,0.0,0.0,0.0,0.0,0.0,0.0,0.0,0.0,0.0,0.0,0.0,0.0,,,,,,,
-0.0012934906408190727,mappo,1.7849368205702376e-08,-0.6814426183700562,0.0004244081360453485,1918.0,,,,,,,,,,,,,,0.0,,,,,0.013225715607404709,0.0
,mappo,,,,1918.0,0.0,0.0,0.0,0.0,0.0,0.0,0.0,0.0,0.0,0.0,0.0,0.0,0.0,,,,,,,
0.0012635472230613232,mappo,1.8537638979410076e-08,-0.6908597946166992,0.000424108036012004,1919.0,,,,,,,,,,,,,,0.0,,,,,0.013314006850123405,0.0
,mappo,,,,1919.0,0.0,0.0,0.0,0.0,0.0,0.0,0.0,0.0,0.0,0.0,0.0,0.0,0.0,,,,,,,
-7.564725819975138e-05,mappo,2.5426272642903314e-08,-0.671661913394928,0.0004238079359786596,1920.0,,,,,,,,,,,,,,0.0,,,,,0.013205910101532936,0.0
,mappo,,,,1920.0,0.0,0.0,0.0,0.0,0.0,0.0,0.0,0.0,0.0,0.0,0.0,0.0,0.0,,,,,,,
-0.005076284520328045,mappo,2.2839225621851256e-08,-0.6597409844398499,0.0004235078359453152,1921.0,,,,,,,,,,,,,,0.0,,,,,0.01328634936362505,0.0
,mappo,,,,1921.0,0.0,0.0,0.0,0.0,0.0,0.0,0.0,0.0,0.0,0.0,0.0,0.0,0.0,,,,,,,
0.0038983565755188465,mappo,2.0861577354480687e-08,-0.6550378203392029,0.0004232077359119707,1922.0,,,,,,,,,,,,,,0.0,,,,,0.013114286586642265,0.0
,mappo,,,,1922.0,0.0,0.0,0.0,0.0,0.0,0.0,0.0,0.0,0.0,0.0,0.0,0.0,0.0,,,,,,,
0.0004928706330247223,mappo,1.5017386445492775e-08,-0.6552902460098267,0.00042290763587862627,1923.0,,,,,,,,,,,,,,0.0,,,,,0.013272671028971672,0.0
,mappo,,,,1923.0,0.0,0.0,0.0,0.0,0.0,0.0,0.0,0.0,0.0,0.0,0.0,0.0,0.0,,,,,,,
-0.002709224121645093,mappo,1.2493640788591165e-08,-0.6515533328056335,0.00042260753584528186,1924.0,,,,,,,,,,,,,,0.0,,,,,0.01321730762720108,0.0
,mappo,,,,1924.0,0.0,0.0,0.0,0.0,0.0,0.0,0.0,0.0,0.0,0.0,0.0,0.0,0.0,,,,,,,
-0.00027931807562708855,mappo,1.468306809471187e-08,-0.6427581310272217,0.00042230743581193734,1925.0,,,,,,,,,,,,,,0.0,,,,,0.013191106729209423,0.0
,mappo,,,,1925.0,0.0,0.0,0.0,0.0,0.0,0.0,0.0,0.0,0.0,0.0,0.0,0.0,0.0,,,,,,,
0.022168388590216637,mappo,1.696839113662918e-08,-0.7047752141952515,0.00042200733577859293,1926.0,,,,,,,,,,,,,,0.0,,,,,0.013414829969406128,0.0
,mappo,,,,1926.0,0.0,0.0,0.0,0.0,0.0,0.0,0.0,0.0,0.0,0.0,0.0,0.0,0.0,,,,,,,
-0.007700899615883827,mappo,2.512536134702259e-08,-0.6783128976821899,0.0004217072357452484,1927.0,,,,,,,,,,,,,,0.0,,,,,0.013187892735004425,0.0
,mappo,,,,1927.0,0.0,0.0,0.0,0.0,0.0,0.0,0.0,0.0,0.0,0.0,0.0,0.0,0.0,,,,,,,
0.016526037827134132,mappo,1.3829515310703755e-08,-0.7133042812347412,0.000421407135711904,1928.0,,,,,,,,,,,,,,0.0,,,,,0.012950818985700607,0.0
,mappo,,,,1928.0,0.0,0.0,0.0,0.0,0.0,0.0,0.0,0.0,0.0,0.0,0.0,0.0,0.0,,,,,,,
0.018368709832429886,mappo,8.584644106690575e-09,-0.7164380550384521,0.0004211070356785596,1929.0,,,,,,,,,,,,,,0.0,,,,,0.013187096454203129,0.0
,mappo,,,,1929.0,0.0,0.0,0.0,0.0,0.0,0.0,0.0,0.0,0.0,0.0,0.0,0.0,0.0,,,,,,,
0.019457677379250526,mappo,4.841657741394556e-09,-0.7581716179847717,0.0004208069356452151,1930.0,,,,,,,,,,,,,,0.0,,,,,0.013186074793338776,0.0
,mappo,,,,1930.0,0.0,0.0,0.0,0.0,0.0,0.0,0.0,0.0,0.0,0.0,0.0,0.0,0.0,,,,,,,
0.016121478751301765,mappo,2.9745650387269507e-09,-0.7333304286003113,0.00042050683561187057,1931.0,,,,,,,,,,,,,,0.0,,,,,0.0131343649700284,0.0
,mappo,,,,1931.0,0.0,0.0,0.0,0.0,0.0,0.0,0.0,0.0,0.0,0.0,0.0,0.0,0.0,,,,,,,
0.030268045142292976,mappo,1.2529800530458601e-09,-0.7484750151634216,0.00042020673557852627,1932.0,,,,,,,,,,,,,,0.0,,,,,0.01315268687903881,0.0
,mappo,,,,1932.0,0.0,0.0,0.0,0.0,0.0,0.0,0.0,0.0,0.0,0.0,0.0,0.0,0.0,,,,,,,
0.02592104859650135,mappo,8.049328426018576e-10,-0.7170997858047485,0.00041990663554518175,1933.0,,,,,,,,,,,,,,0.0,,,,,0.013219844549894333,0.0
,mappo,,,,1933.0,0.0,0.0,0.0,0.0,0.0,0.0,0.0,0.0,0.0,0.0,0.0,0.0,0.0,,,,,,,
0.01601800136268139,mappo,2.1950631590161862e-10,-0.7357426285743713,0.00041960653551183734,1934.0,,,,,,,,,,,,,,0.0,,,,,0.013098889961838722,0.0
,mappo,,,,1934.0,0.0,0.0,0.0,0.0,0.0,0.0,0.0,0.0,0.0,0.0,0.0,0.0,0.0,,,,,,,
-0.00439541507512331,mappo,4.0586242699980346e-10,-0.7501561641693115,0.00041930643547849293,1935.0,,,,,,,,,,,,,,0.0,,,,,0.013088967651128769,0.0
,mappo,,,,1935.0,0.0,0.0,0.0,0.0,0.0,0.0,0.0,0.0,0.0,0.0,0.0,0.0,0.0,,,,,,,
-0.0007656886009499431,mappo,6.775242866741138e-11,-0.7921878099441528,0.0004190063354451484,1936.0,,,,,,,,,,,,,,0.0,,,,,0.01307784765958786,0.0
,mappo,,,,1936.0,0.0,0.0,0.0,0.0,0.0,0.0,0.0,0.0,0.0,0.0,0.0,0.0,0.0,,,,,,,
-0.008684623055160046,mappo,5.465994878939284e-10,-0.7571724653244019,0.000418706235411804,1937.0,,,,,,,,,,,,,,0.0,,,,,0.012853523716330528,0.0
,mappo,,,,1937.0,0.0,0.0,0.0,0.0,0.0,0.0,0.0,0.0,0.0,0.0,0.0,0.0,0.0,,,,,,,
-0.006326579488813877,mappo,2.124811215864497e-09,-0.7653793096542358,0.0004184061353784595,1938.0,,,,,,,,,,,,,,0.0,,,,,0.013022731989622116,0.0
,mappo,,,,1938.0,0.0,0.0,0.0,0.0,0.0,0.0,0.0,0.0,0.0,0.0,0.0,0.0,0.0,,,,,,,
0.03810817748308182,mappo,4.701771416648626e-09,-0.7452738285064697,0.0004181060353451151,1939.0,,,,,,,,,,,,,,0.0,,,,,0.013138826936483383,0.0
,mappo,,,,1939.0,0.0,0.0,0.0,0.0,0.0,0.0,0.0,0.0,0.0,0.0,0.0,0.0,0.0,,,,,,,
-0.0018936805427074432,mappo,4.062768343970902e-09,-0.7357516288757324,0.0004178059353117707,1940.0,,,,,,,,,,,,,,0.0,,,,,0.01324719563126564,0.0
,mappo,,,,1940.0,0.0,0.0,0.0,0.0,0.0,0.0,0.0,0.0,0.0,0.0,0.0,0.0,0.0,,,,,,,
0.012501687742769718,mappo,7.693973458344772e-09,-0.7257214784622192,0.00041750583527842616,1941.0,,,,,,,,,,,,,,0.0,,,,,0.013062780722975731,0.0
,mappo,,,,1941.0,0.0,0.0,0.0,0.0,0.0,0.0,0.0,0.0,0.0,0.0,0.0,0.0,0.0,,,,,,,
-0.004620279185473919,mappo,1.1147344380901814e-08,-0.7138354182243347,0.00041720573524508164,1942.0,,,,,,,,,,,,,,0.0,,,,,0.013027036562561989,0.0
,mappo,,,,1942.0,0.0,0.0,0.0,0.0,0.0,0.0,0.0,0.0,0.0,0.0,0.0,0.0,0.0,,,,,,,
-0.003823788370937109,mappo,1.4715542562271366e-08,-0.6942971348762512,0.00041690563521173734,1943.0,,,,,,,,,,,,,,0.0,,,,,0.013141992501914501,0.0
,mappo,,,,1943.0,0.0,0.0,0.0,0.0,0.0,0.0,0.0,0.0,0.0,0.0,0.0,0.0,0.0,,,,,,,
-0.0027878861874341965,mappo,1.862772514016342e-08,-0.6934441924095154,0.0004166055351783928,1944.0,,,,,,,,,,,,,,0.0,,,,,0.013156801462173462,0.0
,mappo,,,,1944.0,0.0,0.0,0.0,0.0,0.0,0.0,0.0,0.0,0.0,0.0,0.0,0.0,0.0,,,,,,,
-0.002248978242278099,mappo,2.3449281627563323e-08,-0.6694686412811279,0.0004163054351450484,1945.0,,,,,,,,,,,,,,0.0,,,,,0.012965476140379906,0.0
,mappo,,,,1945.0,0.0,0.0,0.0,0.0,0.0,0.0,0.0,0.0,0.0,0.0,0.0,0.0,0.0,,,,,,,
-0.0011773433070629835,mappo,2.6738034009099465e-08,-0.6714877486228943,0.0004160053351117039,1946.0,,,,,,,,,,,,,,0.0,,,,,0.013055995106697083,0.0
,mappo,,,,1946.0,0.0,0.0,0.0,0.0,0.0,0.0,0.0,0.0,0.0,0.0,0.0,0.0,0.0,,,,,,,
-0.006408997345715761,mappo,3.214871568957278e-08,-0.6538246273994446,0.0004157052350783595,1947.0,,,,,,,,,,,,,,0.0,,,,,0.01297474279999733,0.0
,mappo,,,,1947.0,0.0,0.0,0.0,0.0,0.0,0.0,0.0,0.0,0.0,0.0,0.0,0.0,0.0,,,,,,,
-0.0015178985195234418,mappo,2.956532085818253e-08,-0.6728089451789856,0.0004154051350450151,1948.0,,,,,,,,,,,,,,0.0,,,,,0.013196347281336784,0.0
,mappo,,,,1948.0,0.0,0.0,0.0,0.0,0.0,0.0,0.0,0.0,0.0,0.0,0.0,0.0,0.0,,,,,,,
-0.00046526110963895917,mappo,3.248142022016509e-08,-0.7151782512664795,0.00041510503501167057,1949.0,,,,,,,,,,,,,,0.0,,,,,0.013059224933385849,0.0
,mappo,,,,1949.0,0.0,0.0,0.0,0.0,0.0,0.0,0.0,0.0,0.0,0.0,0.0,0.0,0.0,,,,,,,
-0.004252460319548845,mappo,4.090366445552718e-08,-0.7715954780578613,0.00041480493497832616,1950.0,,,,,,,,,,,,,,0.0,,,,,0.013073033653199673,0.0
,mappo,,,,1950.0,0.0,0.0,0.0,0.0,0.0,0.0,0.0,0.0,0.0,0.0,0.0,0.0,0.0,,,,,,,
-0.0028318376280367374,mappo,3.970571071931772e-08,-0.804232120513916,0.00041450483494498175,1951.0,,,,,,,,,,,,,,0.0,,,,,0.01322285644710064,0.0
,mappo,,,,1951.0,0.0,0.0,0.0,0.0,0.0,0.0,0.0,0.0,0.0,0.0,0.0,0.0,0.0,,,,,,,
-0.004765399266034365,mappo,3.7105543526649853e-08,-0.8026008605957031,0.00041420473491163724,1952.0,,,,,,,,,,,,,,0.0,,,,,0.01312413439154625,0.0
,mappo,,,,1952.0,0.0,0.0,0.0,0.0,0.0,0.0,0.0,0.0,0.0,0.0,0.0,0.0,0.0,,,,,,,
0.008872875943779945,mappo,2.944783084046776e-08,-0.8033696413040161,0.0004139046348782927,1953.0,,,,,,,,,,,,,,0.0,,,,,0.012968266382813454,0.0
,mappo,,,,1953.0,0.0,0.0,0.0,0.0,0.0,0.0,0.0,0.0,0.0,0.0,0.0,0.0,0.0,,,,,,,
-0.0038744742050766945,mappo,2.6575930789363156e-08,-0.8119880557060242,0.0004136045348449484,1954.0,,,,,,,,,,,,,,0.0,,,,,0.013063615188002586,0.0
,mappo,,,,1954.0,0.0,0.0,0.0,0.0,0.0,0.0,0.0,0.0,0.0,0.0,0.0,0.0,0.0,,,,,,,
-0.0067104315385222435,mappo,2.3682641625555334e-08,-0.7678653001785278,0.0004133044348116039,1955.0,,,,,,,,,,,,,,0.0,,,,,0.013160057365894318,0.0
,mappo,,,,1955.0,0.0,0.0,0.0,0.0,0.0,0.0,0.0,0.0,0.0,0.0,0.0,0.0,0.0,,,,,,,
0.0008527426398359239,mappo,1.973050522963149e-08,-0.7035690546035767,0.0004130043347782595,1956.0,,,,,,,,,,,,,,0.0,,,,,0.012973975390195847,0.0
,mappo,,,,1956.0,0.0,0.0,0.0,0.0,0.0,0.0,0.0,0.0,0.0,0.0,0.0,0.0,0.0,,,,,,,
-0.0012989221140742302,mappo,1.76852736899491e-08,-0.6779671311378479,0.000412704234744915,1957.0,,,,,,,,,,,,,,0.0,,,,,0.01327330619096756,0.0
,mappo,,,,1957.0,0.0,0.0,0.0,0.0,0.0,0.0,0.0,0.0,0.0,0.0,0.0,0.0,0.0,,,,,,,
-0.00038136710645630956,mappo,1.6361434873601866e-08,-0.6737398505210876,0.00041240413471157057,1958.0,,,,,,,,,,,,,,0.0,,,,,0.01308197621256113,0.0
,mappo,,,,1958.0,0.0,0.0,0.0,0.0,0.0,0.0,0.0,0.0,0.0,0.0,0.0,0.0,0.0,,,,,,,
-0.0015107434010133147,mappo,1.3286995503847265e-08,-0.6783355474472046,0.00041210403467822616,1959.0,,,,,,,,,,,,,,0.0,,,,,0.01314338855445385,0.0
,mappo,,,,1959.0,0.0,0.0,0.0,0.0,0.0,0.0,0.0,0.0,0.0,0.0,0.0,0.0,0.0,,,,,,,
-0.0050424691289663315,mappo,1.1178392433919271e-08,-0.6914865970611572,0.00041180393464488165,1960.0,,,,,,,,,,,,,,0.0,,,,,0.013197206892073154,0.0
,mappo,,,,1960.0,0.0,0.0,0.0,0.0,0.0,0.0,0.0,0.0,0.0,0.0,0.0,0.0,0.0,,,,,,,
0.001266838749870658,mappo,9.874089101913341e-09,-0.6670310497283936,0.00041150383461153713,1961.0,,,,,,,,,,,,,,0.0,,,,,0.013057440519332886,0.0
,mappo,,,,1961.0,0.0,0.0,0.0,0.0,0.0,0.0,0.0,0.0,0.0,0.0,0.0,0.0,0.0,,,,,,,
-0.006361907813698053,mappo,8.694877706716397e-09,-0.6675764322280884,0.00041120373457819283,1962.0,,,,,,,,,,,,,,0.0,,,,,0.013043268583714962,0.0
,mappo,,,,1962.0,0.0,0.0,0.0,0.0,0.0,0.0,0.0,0.0,0.0,0.0,0.0,0.0,0.0,,,,,,,
-0.002764089498668909,mappo,6.675061392513726e-09,-0.6267199516296387,0.0004109036345448483,1963.0,,,,,,,,,,,,,,0.0,,,,,0.013143403455615044,0.0
,mappo,,,,1963.0,0.0,0.0,0.0,0.0,0.0,0.0,0.0,0.0,0.0,0.0,0.0,0.0,0.0,,,,,,,
-0.0017603664891794324,mappo,5.051243867626454e-09,-0.594226598739624,0.0004106035345115038,1964.0,,,,,,,,,,,,,,0.0,,,,,0.013138377107679844,0.0
,mappo,,,,1964.0,0.0,0.0,0.0,0.0,0.0,0.0,0.0,0.0,0.0,0.0,0.0,0.0,0.0,,,,,,,
-0.004805619828402996,mappo,4.313180479442735e-09,-0.5806654691696167,0.0004103034344781595,1965.0,,,,,,,,,,,,,,0.0,,,,,0.013104414567351341,0.0
,mappo,,,,1965.0,0.0,0.0,0.0,0.0,0.0,0.0,0.0,0.0,0.0,0.0,0.0,0.0,0.0,,,,,,,
-0.010820525698363781,mappo,2.958866707203356e-09,-0.5550568103790283,0.000410003334444815,1966.0,,,,,,,,,,,,,,0.0,,,,,0.013043641112744808,0.0
,mappo,,,,1966.0,0.0,0.0,0.0,0.0,0.0,0.0,0.0,0.0,0.0,0.0,0.0,0.0,0.0,,,,,,,
-0.009568683803081512,mappo,2.3088935208193107e-09,-0.5566708445549011,0.00040970323441147057,1967.0,,,,,,,,,,,,,,0.0,,,,,0.013082921504974365,0.0
,mappo,,,,1967.0,0.0,0.0,0.0,0.0,0.0,0.0,0.0,0.0,0.0,0.0,0.0,0.0,0.0,,,,,,,
0.01205473393201828,mappo,1.7507947314143735e-09,-0.5627235770225525,0.00040940313437812605,1968.0,,,,,,,,,,,,,,0.0,,,,,0.012933971360325813,0.0
,mappo,,,,1968.0,0.0,0.0,0.0,0.0,0.0,0.0,0.0,0.0,0.0,0.0,0.0,0.0,0.0,,,,,,,
-0.002318287966772914,mappo,1.8312283911470217e-09,-0.5562175512313843,0.00040910303434478165,1969.0,,,,,,,,,,,,,,0.0,,,,,0.013168036937713623,0.0
,mappo,,,,1969.0,0.0,0.0,0.0,0.0,0.0,0.0,0.0,0.0,0.0,0.0,0.0,0.0,0.0,,,,,,,
-0.0023083575069904327,mappo,1.4944551152140662e-09,-0.5259562134742737,0.00040880293431143724,1970.0,,,,,,,,,,,,,,0.0,,,,,0.013072258792817593,0.0
,mappo,,,,1970.0,0.0,0.0,0.0,0.0,0.0,0.0,0.0,0.0,0.0,0.0,0.0,0.0,0.0,,,,,,,
-0.006127149797976017,mappo,3.9885128533256875e-10,-0.5019956231117249,0.0004085028342780927,1971.0,,,,,,,,,,,,,,0.0,,,,,0.013059081509709358,0.0
,mappo,,,,1971.0,0.0,0.0,0.0,0.0,0.0,0.0,0.0,0.0,0.0,0.0,0.0,0.0,0.0,,,,,,,
0.013037373311817646,mappo,1.5236230332948963e-10,-0.5226823091506958,0.0004082027342447482,1972.0,,,,,,,,,,,,,,0.0,,,,,0.013038389384746552,0.0
,mappo,,,,1972.0,0.0,0.0,0.0,0.0,0.0,0.0,0.0,0.0,0.0,0.0,0.0,0.0,0.0,,,,,,,
-0.0019212025217711926,mappo,1.844835256781252e-10,-0.5451889634132385,0.0004079026342114039,1973.0,,,,,,,,,,,,,,0.0,,,,,0.013149229809641838,0.0
,mappo,,,,1973.0,0.0,0.0,0.0,0.0,0.0,0.0,0.0,0.0,0.0,0.0,0.0,0.0,0.0,,,,,,,
-0.002455591456964612,mappo,6.640595018314599e-11,-0.5627620220184326,0.0004076025341780594,1974.0,,,,,,,,,,,,,,0.0,,,,,0.013176975771784782,0.0
,mappo,,,,1974.0,0.0,0.0,0.0,0.0,0.0,0.0,0.0,0.0,0.0,0.0,0.0,0.0,0.0,,,,,,,
-0.005308706779032946,mappo,7.03790428713269e-11,-0.5934701561927795,0.00040730243414471487,1975.0,,,,,,,,,,,,,,0.0,,,,,0.013142514042556286,0.0
,mappo,,,,1975.0,0.0,0.0,0.0,0.0,0.0,0.0,0.0,0.0,0.0,0.0,0.0,0.0,0.0,,,,,,,
-0.006841957103461027,mappo,2.0595299077275087e-10,-0.6497538089752197,0.00040700233411137046,1976.0,,,,,,,,,,,,,,0.0,,,,,0.013100303709506989,0.0
,mappo,,,,1976.0,0.0,0.0,0.0,0.0,0.0,0.0,0.0,0.0,0.0,0.0,0.0,0.0,0.0,,,,,,,
-0.0012754672206938267,mappo,4.3033751562226996e-10,-0.6839801669120789,0.00040670223407802606,1977.0,,,,,,,,,,,,,,0.0,,,,,0.01312967762351036,0.0
,mappo,,,,1977.0,0.0,0.0,0.0,0.0,0.0,0.0,0.0,0.0,0.0,0.0,0.0,0.0,0.0,,,,,,,
-0.0017318069003522396,mappo,3.5693820121807107e-10,-0.682631254196167,0.00040640213404468165,1978.0,,,,,,,,,,,,,,0.0,,,,,0.01316770352423191,0.0
,mappo,,,,1978.0,0.0,0.0,0.0,0.0,0.0,0.0,0.0,0.0,0.0,0.0,0.0,0.0,0.0,,,,,,,
0.005349402315914631,mappo,3.7493047555514636e-10,-0.7062976956367493,0.00040610203401133713,1979.0,,,,,,,,,,,,,,0.0,,,,,0.013018928468227386,0.0
,mappo,,,,1979.0,0.0,0.0,0.0,0.0,0.0,0.0,0.0,0.0,0.0,0.0,0.0,0.0,0.0,,,,,,,
0.005502290558069944,mappo,4.575365641912299e-10,-0.7151486277580261,0.0004058019339779927,1980.0,,,,,,,,,,,,,,0.0,,,,,0.013135964050889015,0.0
,mappo,,,,1980.0,0.0,0.0,0.0,0.0,0.0,0.0,0.0,0.0,0.0,0.0,0.0,0.0,0.0,,,,,,,
0.0006501669995486736,mappo,4.660938857092845e-10,-0.7078332901000977,0.0004055018339446483,1981.0,,,,,,,,,,,,,,0.0,,,,,0.013146702200174332,0.0
,mappo,,,,1981.0,0.0,0.0,0.0,0.0,0.0,0.0,0.0,0.0,0.0,0.0,0.0,0.0,0.0,,,,,,,
-0.0004475434252526611,mappo,6.813308806030705e-10,-0.6757547855377197,0.0004052017339113038,1982.0,,,,,,,,,,,,,,0.0,,,,,0.013059346005320549,0.0
,mappo,,,,1982.0,0.0,0.0,0.0,0.0,0.0,0.0,0.0,0.0,0.0,0.0,0.0,0.0,0.0,,,,,,,
-0.003429180243983865,mappo,7.845981087051257e-10,-0.6407825350761414,0.0004049016338779593,1983.0,,,,,,,,,,,,,,0.0,,,,,0.013140017166733742,0.0
,mappo,,,,1983.0,0.0,0.0,0.0,0.0,0.0,0.0,0.0,0.0,0.0,0.0,0.0,0.0,0.0,,,,,,,
-0.0055441176518797874,mappo,1.026130624914856e-09,-0.6122056841850281,0.000404601533844615,1984.0,,,,,,,,,,,,,,0.0,,,,,0.013244153931736946,0.0
,mappo,,,,1984.0,0.0,0.0,0.0,0.0,0.0,0.0,0.0,0.0,0.0,0.0,0.0,0.0,0.0,,,,,,,
-0.004823082126677036,mappo,1.6128014479477315e-09,-0.5701943635940552,0.00040430143381127047,1985.0,,,,,,,,,,,,,,0.0,,,,,0.013135435059666634,0.0
,mappo,,,,1985.0,0.0,0.0,0.0,0.0,0.0,0.0,0.0,0.0,0.0,0.0,0.0,0.0,0.0,,,,,,,
0.0016567741986364126,mappo,2.7779529787608226e-09,-0.5495340824127197,0.00040400133377792595,1986.0,,,,,,,,,,,,,,0.0,,,,,0.013153748586773872,0.0
,mappo,,,,1986.0,0.0,0.0,0.0,0.0,0.0,0.0,0.0,0.0,0.0,0.0,0.0,0.0,0.0,,,,,,,
0.004775663837790489,mappo,2.809418697680144e-09,-0.5608310103416443,0.00040370123374458154,1987.0,,,,,,,,,,,,,,0.0,,,,,0.013070471584796906,0.0
,mappo,,,,1987.0,0.0,0.0,0.0,0.0,0.0,0.0,0.0,0.0,0.0,0.0,0.0,0.0,0.0,,,,,,,
0.00035296438727527857,mappo,2.9541302737357e-09,-0.5705795884132385,0.00040340113371123713,1988.0,,,,,,,,,,,,,,0.0,,,,,0.013175243511795998,0.0
,mappo,,,,1988.0,0.0,0.0,0.0,0.0,0.0,0.0,0.0,0.0,0.0,0.0,0.0,0.0,0.0,,,,,,,
-0.003964129835367203,mappo,2.4997757197553483e-09,-0.5574260354042053,0.0004031010336778927,1989.0,,,,,,,,,,,,,,0.0,,,,,0.0130922244861722,0.0
,mappo,,,,1989.0,0.0,0.0,0.0,0.0,0.0,0.0,0.0,0.0,0.0,0.0,0.0,0.0,0.0,,,,,,,
-0.0032853398006409407,mappo,3.995862307704101e-09,-0.5271869897842407,0.0004028009336445482,1990.0,,,,,,,,,,,,,,0.0,,,,,0.013128542341291904,0.0
,mappo,,,,1990.0,0.0,0.0,0.0,0.0,0.0,0.0,0.0,0.0,0.0,0.0,0.0,0.0,0.0,,,,,,,
-0.005771314725279808,mappo,6.029401422580349e-09,-0.4912642538547516,0.0004025008336112037,1991.0,,,,,,,,,,,,,,0.0,,,,,0.013224372640252113,0.0
,mappo,,,,1991.0,0.0,0.0,0.0,0.0,0.0,0.0,0.0,0.0,0.0,0.0,0.0,0.0,0.0,,,,,,,
0.008307471871376038,mappo,8.841855247965213e-09,-0.47752058506011963,0.0004022007335778594,1992.0,,,,,,,,,,,,,,0.0,,,,,0.013079602271318436,0.0
,mappo,,,,1992.0,0.0,0.0,0.0,0.0,0.0,0.0,0.0,0.0,0.0,0.0,0.0,0.0,0.0,,,,,,,
0.004732167813926935,mappo,1.1301983349198963e-08,-0.4720050096511841,0.0004019006335445149,1993.0,,,,,,,,,,,,,,0.0,,,,,0.013136012479662895,0.0
,mappo,,,,1993.0,0.0,0.0,0.0,0.0,0.0,0.0,0.0,0.0,0.0,0.0,0.0,0.0,0.0,,,,,,,
0.0043932050466537476,mappo,1.2038317009910315e-08,-0.4882102310657501,0.00040160053351117036,1994.0,,,,,,,,,,,,,,0.0,,,,,0.01322635356336832,0.0
,mappo,,,,1994.0,0.0,0.0,0.0,0.0,0.0,0.0,0.0,0.0,0.0,0.0,0.0,0.0,0.0,,,,,,,
-0.008293161168694496,mappo,1.537430449616295e-08,-0.4692661166191101,0.00040130043347782606,1995.0,,,,,,,,,,,,,,0.0,,,,,0.01314679067581892,0.0
,mappo,,,,1995.0,0.0,0.0,0.0,0.0,0.0,0.0,0.0,0.0,0.0,0.0,0.0,0.0,0.0,,,,,,,
7.759589061606675e-05,mappo,1.363662693876222e-08,-0.4798634946346283,0.00040100033344448154,1996.0,,,,,,,,,,,,,,0.0,,,,,0.013154666870832443,0.0
,mappo,,,,1996.0,0.0,0.0,0.0,0.0,0.0,0.0,0.0,0.0,0.0,0.0,0.0,0.0,0.0,,,,,,,
0.0031054671853780746,mappo,1.1250552489627808e-08,-0.4762817919254303,0.000400700233411137,1997.0,,,,,,,,,,,,,,0.0,,,,,0.013128016144037247,0.0
,mappo,,,,1997.0,0.0,0.0,0.0,0.0,0.0,0.0,0.0,0.0,0.0,0.0,0.0,0.0,0.0,,,,,,,
-0.001967966090887785,mappo,1.1412009115474575e-08,-0.47237059473991394,0.0004004001333777926,1998.0,,,,,,,,,,,,,,0.0,,,,,0.01313359197229147,0.0
,mappo,,,,1998.0,0.0,0.0,0.0,0.0,0.0,0.0,0.0,0.0,0.0,0.0,0.0,0.0,0.0,,,,,,,
-0.0003837491385638714,mappo,9.925429367285687e-09,-0.46261271834373474,0.0004001000333444482,1999.0,,,,,,,,,,,,,,0.0,,,,,0.012937779538333416,0.0
,mappo,,,,1999.0,0.0,0.0,0.0,0.0,0.0,0.0,0.0,0.0,0.0,0.0,0.0,0.0,0.0,,,,,,,
,mappo,,,,1999.0,,,,,,,,,,,,,,,0.0,0.0,0.0,0.0,,
-0.004461434204131365,mappo,1.6390190538118077e-08,-0.4306173622608185,0.0003997999333111038,2000.0,,,,,,,,,,,,,,0.0,,,,,0.013208453543484211,0.0
,mappo,,,,2000.0,0.0,0.0,0.0,0.0,0.0,0.0,0.0,0.0,0.0,0.0,0.0,0.0,0.0,,,,,,,
0.003301215125247836,mappo,1.9240514959051325e-08,-0.38482779264450073,0.0003994998332777593,2001.0,,,,,,,,,,,,,,0.0,,,,,0.013194449245929718,0.0
,mappo,,,,2001.0,0.0,0.0,0.0,0.0,0.0,0.0,0.0,0.0,0.0,0.0,0.0,0.0,0.0,,,,,,,
-0.009441347792744637,mappo,2.147244870798204e-08,-0.35447701811790466,0.00039919973324441477,2002.0,,,,,,,,,,,,,,0.0,,,,,0.013155343011021614,0.0
,mappo,,,,2002.0,0.0,0.0,0.0,0.0,0.0,0.0,0.0,0.0,0.0,0.0,0.0,0.0,0.0,,,,,,,
-0.002070790156722069,mappo,1.6386662693435028e-08,-0.32900670170783997,0.00039889963321107047,2003.0,,,,,,,,,,,,,,0.0,,,,,0.013058416545391083,0.0
,mappo,,,,2003.0,0.0,0.0,0.0,0.0,0.0,0.0,0.0,0.0,0.0,0.0,0.0,0.0,0.0,,,,,,,
0.0014488773886114359,mappo,1.3179004554331186e-08,-0.31989678740501404,0.00039859953317772595,2004.0,,,,,,,,,,,,,,0.0,,,,,0.013178873807191849,0.0
,mappo,,,,2004.0,0.0,0.0,0.0,0.0,0.0,0.0,0.0,0.0,0.0,0.0,0.0,0.0,0.0,,,,,,,
0.009870609268546104,mappo,9.153468205624904e-09,-0.31646615266799927,0.00039829943314438144,2005.0,,,,,,,,,,,,,,0.0,,,,,0.013146800920367241,0.0
,mappo,,,,2005.0,0.0,0.0,0.0,0.0,0.0,0.0,0.0,0.0,0.0,0.0,0.0,0.0,0.0,,,,,,,
-0.0034608852583914995,mappo,5.671589420330747e-09,-0.32044124603271484,0.000397999333111037,2006.0,,,,,,,,,,,,,,0.0,,,,,0.013142628595232964,0.0
,mappo,,,,2006.0,0.0,0.0,0.0,0.0,0.0,0.0,0.0,0.0,0.0,0.0,0.0,0.0,0.0,,,,,,,
0.005997578147798777,mappo,2.6393485175191245e-09,-0.3483939468860626,0.0003976992330776926,2007.0,,,,,,,,,,,,,,0.0,,,,,0.012951142154633999,0.0
,mappo,,,,2007.0,0.0,0.0,0.0,0.0,0.0,0.0,0.0,0.0,0.0,0.0,0.0,0.0,0.0,,,,,,,
-0.0030180192552506924,mappo,1.866456544874495e-09,-0.33249297738075256,0.0003973991330443481,2008.0,,,,,,,,,,,,,,0.0,,,,,0.013025699183344841,0.0
,mappo,,,,2008.0,0.0,0.0,0.0,0.0,0.0,0.0,0.0,0.0,0.0,0.0,0.0,0.0,0.0,,,,,,,
-0.004598124418407679,mappo,3.068369724967823e-10,-0.31450656056404114,0.0003970990330110037,2009.0,,,,,,,,,,,,,,0.0,,,,,0.013091571629047394,0.0
,mappo,,,,2009.0,0.0,0.0,0.0,0.0,0.0,0.0,0.0,0.0,0.0,0.0,0.0,0.0,0.0,,,,,,,
0.0010061057982966304,mappo,5.770166011664912e-10,-0.32489436864852905,0.0003967989329776593,2010.0,,,,,,,,,,,,,,0.0,,,,,0.01305132545530796,0.0
,mappo,,,,2010.0,0.0,0.0,0.0,0.0,0.0,0.0,0.0,0.0,0.0,0.0,0.0,0.0,0.0,,,,,,,
-0.0029216771945357323,mappo,1.0026900421067353e-09,-0.3364754915237427,0.0003964988329443149,2011.0,,,,,,,,,,,,,,0.0,,,,,0.013175372034311295,0.0
,mappo,,,,2011.0,0.0,0.0,0.0,0.0,0.0,0.0,0.0,0.0,0.0,0.0,0.0,0.0,0.0,,,,,,,
-0.0011941809207201004,mappo,4.76606043520178e-09,-0.3486400842666626,0.00039619873291097036,2012.0,,,,,,,,,,,,,,0.0,,,,,0.013126070611178875,0.0
,mappo,,,,2012.0,0.0,0.0,0.0,0.0,0.0,0.0,0.0,0.0,0.0,0.0,0.0,0.0,0.0,,,,,,,
-0.005988134536892176,mappo,6.069801106178829e-09,-0.336025208234787,0.00039589863287762584,2013.0,,,,,,,,,,,,,,0.0,,,,,0.013179159723222256,0.0
,mappo,,,,2013.0,0.0,0.0,0.0,0.0,0.0,0.0,0.0,0.0,0.0,0.0,0.0,0.0,0.0,,,,,,,
0.010916437953710556,mappo,8.638495252455414e-09,-0.3675368130207062,0.00039559853284428154,2014.0,,,,,,,,,,,,,,0.0,,,,,0.013192255049943924,0.0
,mappo,,,,2014.0,0.0,0.0,0.0,0.0,0.0,0.0,0.0,0.0,0.0,0.0,0.0,0.0,0.0,,,,,,,
-0.0028278157114982605,mappo,1.9452215838100528e-08,-0.39303600788116455,0.00039529843281093703,2015.0,,,,,,,,,,,,,,0.0,,,,,0.013060339726507664,0.0
,mappo,,,,2015.0,0.0,0.0,0.0,0.0,0.0,0.0,0.0,0.0,0.0,0.0,0.0,0.0,0.0,,,,,,,
-0.01331418938934803,mappo,2.7440215433216508e-08,-0.40415921807289124,0.0003949983327775925,2016.0,,,,,,,,,,,,,,0.0,,,,,0.013037232682108879,0.0
,mappo,,,,2016.0,0.0,0.0,0.0,0.0,0.0,0.0,0.0,0.0,0.0,0.0,0.0,0.0,0.0,,,,,,,
0.006989107001572847,mappo,3.3021702705582356e-08,-0.3961024582386017,0.0003946982327442481,2017.0,,,,,,,,,,,,,,0.0,,,,,0.013063803315162659,0.0
,mappo,,,,2017.0,0.0,0.0,0.0,0.0,0.0,0.0,0.0,0.0,0.0,0.0,0.0,0.0,0.0,,,,,,,
-0.0015983503544703126,mappo,3.485293120775168e-08,-0.39148595929145813,0.0003943981327109037,2018.0,,,,,,,,,,,,,,0.0,,,,,0.013096949085593224,0.0
,mappo,,,,2018.0,0.0,0.0,0.0,0.0,0.0,0.0,0.0,0.0,0.0,0.0,0.0,0.0,0.0,,,,,,,
0.004954799544066191,mappo,3.5363097339313754e-08,-0.37205639481544495,0.0003940980326775593,2019.0,,,,,,,,,,,,,,0.0,,,,,0.013065652921795845,0.0
,mappo,,,,2019.0,0.0,0.0,0.0,0.0,0.0,0.0,0.0,0.0,0.0,0.0,0.0,0.0,0.0,,,,,,,
0.023654410615563393,mappo,3.5878684911949676e-08,-0.3825985789299011,0.00039379793264421477,2020.0,,,,,,,,,,,,,,0.0,,,,,0.012965486384928226,0.0
,mappo,,,,2020.0,0.0,0.0,0.0,0.0,0.0,0.0,0.0,0.0,0.0,0.0,0.0,0.0,0.0,,,,,,,
-0.0018114483682438731,mappo,3.651066293741678e-08,-0.39427727460861206,0.00039349783261087025,2021.0,,,,,,,,,,,,,,0.0,,,,,0.013056199997663498,0.0
,mappo,,,,2021.0,0.0,0.0,0.0,0.0,0.0,0.0,0.0,0.0,0.0,0.0,0.0,0.0,0.0,,,,,,,
0.011816236190497875,mappo,3.351862787326354e-08,-0.40139034390449524,0.00039319773257752595,2022.0,,,,,,,,,,,,,,0.0,,,,,0.013141833245754242,0.0
,mappo,,,,2022.0,0.0,0.0,0.0,0.0,0.0,0.0,0.0,0.0,0.0,0.0,0.0,0.0,0.0,,,,,,,
-0.0012083143228664994,mappo,3.231183143270755e-08,-0.41058045625686646,0.00039289763254418144,2023.0,,,,,,,,,,,,,,0.0,,,,,0.013094539754092693,0.0
,mappo,,,,2023.0,0.0,0.0,0.0,0.0,0.0,0.0,0.0,0.0,0.0,0.0,0.0,0.0,0.0,,,,,,,
-0.0007279568817466497,mappo,2.828912926133853e-08,-0.42838338017463684,0.0003925975325108369,2024.0,,,,,,,,,,,,,,0.0,,,,,0.013181875459849834,0.0
,mappo,,,,2024.0,0.0,0.0,0.0,0.0,0.0,0.0,0.0,0.0,0.0,0.0,0.0,0.0,0.0,,,,,,,
0.00020390047575347126,mappo,2.288965106345131e-08,-0.41976484656333923,0.0003922974324774926,2025.0,,,,,,,,,,,,,,0.0,,,,,0.013157546520233154,0.0
,mappo,,,,2025.0,0.0,0.0,0.0,0.0,0.0,0.0,0.0,0.0,0.0,0.0,0.0,0.0,0.0,,,,,,,
-0.0026542143896222115,mappo,1.995367782114954e-08,-0.4363766610622406,0.0003919973324441481,2026.0,,,,,,,,,,,,,,0.0,,,,,0.013159519992768764,0.0
,mappo,,,,2026.0,0.0,0.0,0.0,0.0,0.0,0.0,0.0,0.0,0.0,0.0,0.0,0.0,0.0,,,,,,,
0.0018191741546615958,mappo,1.6182660544927785e-08,-0.44914719462394714,0.0003916972324108036,2027.0,,,,,,,,,,,,,,0.0,,,,,0.013023125007748604,0.0
,mappo,,,,2027.0,0.0,0.0,0.0,0.0,0.0,0.0,0.0,0.0,0.0,0.0,0.0,0.0,0.0,,,,,,,
-0.005010749213397503,mappo,1.4799755199135234e-08,-0.49506875872612,0.0003913971323774592,2028.0,,,,,,,,,,,,,,0.0,,,,,0.01317167840898037,0.0
,mappo,,,,2028.0,0.0,0.0,0.0,0.0,0.0,0.0,0.0,0.0,0.0,0.0,0.0,0.0,0.0,,,,,,,
-0.004132405389100313,mappo,1.253150827551508e-08,-0.4924692213535309,0.00039109703234411477,2029.0,,,,,,,,,,,,,,0.0,,,,,0.013086158782243729,0.0
,mappo,,,,2029.0,0.0,0.0,0.0,0.0,0.0,0.0,0.0,0.0,0.0,0.0,0.0,0.0,0.0,,,,,,,
-0.0018336527282372117,mappo,1.0509443093553728e-08,-0.4889424741268158,0.00039079693231077036,2030.0,,,,,,,,,,,,,,0.0,,,,,0.013105292804539204,0.0
,mappo,,,,2030.0,0.0,0.0,0.0,0.0,0.0,0.0,0.0,0.0,0.0,0.0,0.0,0.0,0.0,,,,,,,
-0.01061710063368082,mappo,7.8845125983662e-09,-0.4725867807865143,0.00039049683227742585,2031.0,,,,,,,,,,,,,,0.0,,,,,0.013237983919680119,0.0
,mappo,,,,2031.0,0.0,0.0,0.0,0.0,0.0,0.0,0.0,0.0,0.0,0.0,0.0,0.0,0.0,,,,,,,
-0.005167271010577679,mappo,6.469904167971663e-09,-0.47062429785728455,0.00039019673224408133,2032.0,,,,,,,,,,,,,,0.0,,,,,0.013243385590612888,0.0
,mappo,,,,2032.0,0.0,0.0,0.0,0.0,0.0,0.0,0.0,0.0,0.0,0.0,0.0,0.0,0.0,,,,,,,
-0.001248749322257936,mappo,4.585273938317869e-09,-0.48882198333740234,0.00038989663221073703,2033.0,,,,,,,,,,,,,,0.0,,,,,0.01322503574192524,0.0
,mappo,,,,2033.0,0.0,0.0,0.0,0.0,0.0,0.0,0.0,0.0,0.0,0.0,0.0,0.0,0.0,,,,,,,
-0.0033123164903372526,mappo,4.083488658324086e-09,-0.49728378653526306,0.0003895965321773925,2034.0,,,,,,,,,,,,,,0.0,,,,,0.013148900121450424,0.0
,mappo,,,,2034.0,0.0,0.0,0.0,0.0,0.0,0.0,0.0,0.0,0.0,0.0,0.0,0.0,0.0,,,,,,,
-0.0017668739892542362,mappo,3.835491924064627e-09,-0.49901580810546875,0.000389296432144048,2035.0,,,,,,,,,,,,,,0.0,,,,,0.013173595070838928,0.0
,mappo,,,,2035.0,0.0,0.0,0.0,0.0,0.0,0.0,0.0,0.0,0.0,0.0,0.0,0.0,0.0,,,,,,,
-0.004905447829514742,mappo,3.3057017123638843e-09,-0.4634063243865967,0.0003889963321107036,2036.0,,,,,,,,,,,,,,0.0,,,,,0.013092586770653725,0.0
,mappo,,,,2036.0,0.0,0.0,0.0,0.0,0.0,0.0,0.0,0.0,0.0,0.0,0.0,0.0,0.0,,,,,,,
0.013597258366644382,mappo,3.5381015894841994e-09,-0.45275360345840454,0.0003886962320773592,2037.0,,,,,,,,,,,,,,0.0,,,,,0.013171992264688015,0.0
,mappo,,,,2037.0,0.0,0.0,0.0,0.0,0.0,0.0,0.0,0.0,0.0,0.0,0.0,0.0,0.0,,,,,,,
0.0018278737552464008,mappo,1.332618349003667e-09,-0.4430501163005829,0.00038839613204401467,2038.0,,,,,,,,,,,,,,0.0,,,,,0.013262269087135792,0.0
,mappo,,,,2038.0,0.0,0.0,0.0,0.0,0.0,0.0,0.0,0.0,0.0,0.0,0.0,0.0,0.0,,,,,,,
-0.000793224317021668,mappo,2.178329072677343e-09,-0.4330911636352539,0.00038809603201067026,2039.0,,,,,,,,,,,,,,0.0,,,,,0.013144638389348984,0.0
,mappo,,,,2039.0,0.0,0.0,0.0,0.0,0.0,0.0,0.0,0.0,0.0,0.0,0.0,0.0,0.0,,,,,,,
0.016091493889689445,mappo,1.4917321822238705e-09,-0.46180278062820435,0.00038779593197732585,2040.0,,,,,,,,,,,,,,0.0,,,,,0.013269361108541489,0.0
,mappo,,,,2040.0,0.0,0.0,0.0,0.0,0.0,0.0,0.0,0.0,0.0,0.0,0.0,0.0,0.0,,,,,,,
-0.005502843298017979,mappo,1.4393097824694223e-09,-0.4506334066390991,0.00038749583194398144,2041.0,,,,,,,,,,,,,,0.0,,,,,0.013162188231945038,0.0
,mappo,,,,2041.0,0.0,0.0,0.0,0.0,0.0,0.0,0.0,0.0,0.0,0.0,0.0,0.0,0.0,,,,,,,
0.004669747315347195,mappo,1.446334496613133e-09,-0.4545603394508362,0.0003871957319106369,2042.0,,,,,,,,,,,,,,0.0,,,,,0.01320358831435442,0.0
,mappo,,,,2042.0,0.0,0.0,0.0,0.0,0.0,0.0,0.0,0.0,0.0,0.0,0.0,0.0,0.0,,,,,,,
0.006096366327255964,mappo,1.295429208347798e-09,-0.43273675441741943,0.0003868956318772924,2043.0,,,,,,,,,,,,,,0.0,,,,,0.013220676220953465,0.0
,mappo,,,,2043.0,0.0,0.0,0.0,0.0,0.0,0.0,0.0,0.0,0.0,0.0,0.0,0.0,0.0,,,,,,,
0.00405495660379529,mappo,6.094566518122235e-10,-0.41264721751213074,0.0003865955318439481,2044.0,,,,,,,,,,,,,,0.0,,,,,0.01330837793648243,0.0
,mappo,,,,2044.0,0.0,0.0,0.0,0.0,0.0,0.0,0.0,0.0,0.0,0.0,0.0,0.0,0.0,,,,,,,
0.004286668729037046,mappo,5.080194043216579e-10,-0.4196743667125702,0.0003862954318106036,2045.0,,,,,,,,,,,,,,0.0,,,,,0.013216430321335793,0.0
,mappo,,,,2045.0,0.0,0.0,0.0,0.0,0.0,0.0,0.0,0.0,0.0,0.0,0.0,0.0,0.0,,,,,,,
-0.000781548791565001,mappo,4.985195034556966e-10,-0.4205997884273529,0.0003859953317772591,2046.0,,,,,,,,,,,,,,0.0,,,,,0.013272048905491829,0.0
,mappo,,,,2046.0,0.0,0.0,0.0,0.0,0.0,0.0,0.0,0.0,0.0,0.0,0.0,0.0,0.0,,,,,,,
0.008412512950599194,mappo,6.755238035616173e-10,-0.471450537443161,0.00038569523174391467,2047.0,,,,,,,,,,,,,,0.0,,,,,0.013132493942975998,0.0
,mappo,,,,2047.0,0.0,0.0,0.0,0.0,0.0,0.0,0.0,0.0,0.0,0.0,0.0,0.0,0.0,,,,,,,
0.01481121126562357,mappo,7.14859560435599e-10,-0.4648667871952057,0.00038539513171057026,2048.0,,,,,,,,,,,,,,0.0,,,,,0.013270441442728043,0.0
,mappo,,,,2048.0,0.0,0.0,0.0,0.0,0.0,0.0,0.0,0.0,0.0,0.0,0.0,0.0,0.0,,,,,,,
0.0025698465760797262,mappo,5.524053992012057e-10,-0.4620906710624695,0.00038509503167722574,2049.0,,,,,,,,,,,,,,0.0,,,,,0.01313798502087593,0.0
,mappo,,,,2049.0,0.0,0.0,0.0,0.0,0.0,0.0,0.0,0.0,0.0,0.0,0.0,0.0,0.0,,,,,,,
0.011095383204519749,mappo,3.9047257094360077e-10,-0.48194655776023865,0.00038479493164388133,2050.0,,,,,,,,,,,,,,0.0,,,,,0.0131068741902709,0.0
,mappo,,,,2050.0,0.0,0.0,0.0,0.0,0.0,0.0,0.0,0.0,0.0,0.0,0.0,0.0,0.0,,,,,,,
-0.01678869128227234,mappo,1.994528570081755e-10,-0.502208948135376,0.0003844948316105368,2051.0,,,,,,,,,,,,,,0.0,,,,,0.013126084581017494,0.0
,mappo,,,,2051.0,0.0,0.0,0.0,0.0,0.0,0.0,0.0,0.0,0.0,0.0,0.0,0.0,0.0,,,,,,,
-0.0015418240800499916,mappo,2.501444884561721e-10,-0.5162463784217834,0.0003841947315771925,2052.0,,,,,,,,,,,,,,0.0,,,,,0.013376617804169655,0.0
,mappo,,,,2052.0,0.0,0.0,0.0,0.0,0.0,0.0,0.0,0.0,0.0,0.0,0.0,0.0,0.0,,,,,,,
-0.002032089978456497,mappo,2.5241203571724213e-10,-0.5192474722862244,0.000383894631543848,2053.0,,,,,,,,,,,,,,0.0,,,,,0.01306040771305561,0.0
,mappo,,,,2053.0,0.0,0.0,0.0,0.0,0.0,0.0,0.0,0.0,0.0,0.0,0.0,0.0,0.0,,,,,,,
0.00027646622038446367,mappo,2.0222439001127412e-10,-0.5419169068336487,0.0003835945315105035,2054.0,,,,,,,,,,,,,,0.0,,,,,0.01310119591653347,0.0
,mappo,,,,2054.0,0.0,0.0,0.0,0.0,0.0,0.0,0.0,0.0,0.0,0.0,0.0,0.0,0.0,,,,,,,
0.015461237169802189,mappo,2.405322052645431e-10,-0.4972602427005768,0.0003832944314771591,2055.0,,,,,,,,,,,,,,0.0,,,,,0.013174820691347122,0.0
,mappo,,,,2055.0,0.0,0.0,0.0,0.0,0.0,0.0,0.0,0.0,0.0,0.0,0.0,0.0,0.0,,,,,,,
0.018439942970871925,mappo,1.1265406663074629e-10,-0.48947083950042725,0.00038299433144381467,2056.0,,,,,,,,,,,,,,0.0,,,,,0.013149122707545757,0.0
,mappo,,,,2056.0,0.0,0.0,0.0,0.0,0.0,0.0,0.0,0.0,0.0,0.0,0.0,0.0,0.0,,,,,,,
0.004568658769130707,mappo,5.1025086933442765e-11,-0.47739073634147644,0.00038269423141047015,2057.0,,,,,,,,,,,,,,0.0,,,,,0.013315092772245407,0.0
,mappo,,,,2057.0,0.0,0.0,0.0,0.0,0.0,0.0,0.0,0.0,0.0,0.0,0.0,0.0,0.0,,,,,,,
0.003313054097816348,mappo,8.0186503270685e-11,-0.4403887987136841,0.00038239413137712574,2058.0,,,,,,,,,,,,,,0.0,,,,,0.013261253014206886,0.0
,mappo,,,,2058.0,0.0,0.0,0.0,0.0,0.0,0.0,0.0,0.0,0.0,0.0,0.0,0.0,0.0,,,,,,,
-0.0031790591310709715,mappo,7.242965949227909e-11,-0.4374670386314392,0.00038209403134378133,2059.0,,,,,,,,,,,,,,0.0,,,,,0.013221023604273796,0.0
,mappo,,,,2059.0,0.0,0.0,0.0,0.0,0.0,0.0,0.0,0.0,0.0,0.0,0.0,0.0,0.0,,,,,,,
-0.001957751577720046,mappo,6.729169998997975e-11,-0.43530216813087463,0.0003817939313104368,2060.0,,,,,,,,,,,,,,0.0,,,,,0.013287948444485664,0.0
,mappo,,,,2060.0,0.0,0.0,0.0,0.0,0.0,0.0,0.0,0.0,0.0,0.0,0.0,0.0,0.0,,,,,,,
-0.006005707196891308,mappo,2.1326948540512092e-10,-0.4414677023887634,0.0003814938312770924,2061.0,,,,,,,,,,,,,,0.0,,,,,0.013319315388798714,0.0
,mappo,,,,2061.0,0.0,0.0,0.0,0.0,0.0,0.0,0.0,0.0,0.0,0.0,0.0,0.0,0.0,,,,,,,
-0.0014285438228398561,mappo,8.615080315799162e-10,-0.44547200202941895,0.0003811937312437479,2062.0,,,,,,,,,,,,,,0.0,,,,,0.013257855549454689,0.0
,mappo,,,,2062.0,0.0,0.0,0.0,0.0,0.0,0.0,0.0,0.0,0.0,0.0,0.0,0.0,0.0,,,,,,,
0.000527423748280853,mappo,1.9460333344767378e-09,-0.41973838210105896,0.0003808936312104036,2063.0,,,,,,,,,,,,,,0.0,,,,,0.013148779049515724,0.0
,mappo,,,,2063.0,0.0,0.0,0.0,0.0,0.0,0.0,0.0,0.0,0.0,0.0,0.0,0.0,0.0,,,,,,,
-0.003969819750636816,mappo,1.8297714454718061e-09,-0.3850071132183075,0.0003805935311770591,2064.0,,,,,,,,,,,,,,0.0,,,,,0.01329571008682251,0.0
,mappo,,,,2064.0,0.0,0.0,0.0,0.0,0.0,0.0,0.0,0.0,0.0,0.0,0.0,0.0,0.0,,,,,,,
0.006295036990195513,mappo,3.2810738570532294e-09,-0.35659030079841614,0.00038029343114371456,2065.0,,,,,,,,,,,,,,0.0,,,,,0.013246966525912285,0.0
,mappo,,,,2065.0,0.0,0.0,0.0,0.0,0.0,0.0,0.0,0.0,0.0,0.0,0.0,0.0,0.0,,,,,,,
-0.004156589042395353,mappo,4.1376586601415966e-09,-0.3313671350479126,0.00037999333111037015,2066.0,,,,,,,,,,,,,,0.0,,,,,0.013201197609305382,0.0
,mappo,,,,2066.0,0.0,0.0,0.0,0.0,0.0,0.0,0.0,0.0,0.0,0.0,0.0,0.0,0.0,,,,,,,
-0.0032550226897001266,mappo,5.472299946518433e-09,-0.334216833114624,0.00037969323107702574,2067.0,,,,,,,,,,,,,,0.0,,,,,0.013192901387810707,0.0
,mappo,,,,2067.0,0.0,0.0,0.0,0.0,0.0,0.0,0.0,0.0,0.0,0.0,0.0,0.0,0.0,,,,,,,
-0.0017951123882085085,mappo,5.390662582982486e-09,-0.32252827286720276,0.00037939313104368123,2068.0,,,,,,,,,,,,,,0.0,,,,,0.013351371511816978,0.0
,mappo,,,,2068.0,0.0,0.0,0.0,0.0,0.0,0.0,0.0,0.0,0.0,0.0,0.0,0.0,0.0,,,,,,,
-0.009599652141332626,mappo,4.553003751794904e-09,-0.32177722454071045,0.0003790930310103368,2069.0,,,,,,,,,,,,,,0.0,,,,,0.013260160572826862,0.0
,mappo,,,,2069.0,0.0,0.0,0.0,0.0,0.0,0.0,0.0,0.0,0.0,0.0,0.0,0.0,0.0,,,,,,,
0.02019539847970009,mappo,3.977446816350039e-09,-0.3244790732860565,0.0003787929309769923,2070.0,,,,,,,,,,,,,,0.0,,,,,0.013148803263902664,0.0
,mappo,,,,2070.0,0.0,0.0,0.0,0.0,0.0,0.0,0.0,0.0,0.0,0.0,0.0,0.0,0.0,,,,,,,
0.0024284308310598135,mappo,3.3450051617478493e-09,-0.31663626432418823,0.0003784928309436479,2071.0,,,,,,,,,,,,,,0.0,,,,,0.013294543139636517,0.0
,mappo,,,,2071.0,0.0,0.0,0.0,0.0,0.0,0.0,0.0,0.0,0.0,0.0,0.0,0.0,0.0,,,,,,,
-0.006642303895205259,mappo,3.4655192049370953e-09,-0.32285499572753906,0.0003781927309103035,2072.0,,,,,,,,,,,,,,0.0,,,,,0.013263178989291191,0.0
,mappo,,,,2072.0,0.0,0.0,0.0,0.0,0.0,0.0,0.0,0.0,0.0,0.0,0.0,0.0,0.0,,,,,,,
-0.00855651032179594,mappo,3.0418767504869493e-09,-0.3342847228050232,0.00037789263087695897,2073.0,,,,,,,,,,,,,,0.0,,,,,0.013199389912188053,0.0
,mappo,,,,2073.0,0.0,0.0,0.0,0.0,0.0,0.0,0.0,0.0,0.0,0.0,0.0,0.0,0.0,,,,,,,
-0.008614602498710155,mappo,2.3104791413430803e-09,-0.302992045879364,0.00037759253084361467,2074.0,,,,,,,,,,,,,,0.0,,,,,0.013276170007884502,0.0
,mappo,,,,2074.0,0.0,0.0,0.0,0.0,0.0,0.0,0.0,0.0,0.0,0.0,0.0,0.0,0.0,,,,,,,
0.0015341832768172026,mappo,2.7053681517230643e-09,-0.26726463437080383,0.00037729243081027015,2075.0,,,,,,,,,,,,,,0.0,,,,,0.01324320025742054,0.0
,mappo,,,,2075.0,0.0,0.0,0.0,0.0,0.0,0.0,0.0,0.0,0.0,0.0,0.0,0.0,0.0,,,,,,,
-0.006022545509040356,mappo,2.2960211509825967e-09,-0.22010035812854767,0.00037699233077692564,2076.0,,,,,,,,,,,,,,0.0,,,,,0.013142155483365059,0.0
,mappo,,,,2076.0,0.0,0.0,0.0,0.0,0.0,0.0,0.0,0.0,0.0,0.0,0.0,0.0,0.0,,,,,,,
0.005416336469352245,mappo,3.3603817506389078e-09,-0.18612705171108246,0.00037669223074358123,2077.0,,,,,,,,,,,,,,0.0,,,,,0.013228191062808037,0.0
,mappo,,,,2077.0,0.0,0.0,0.0,0.0,0.0,0.0,0.0,0.0,0.0,0.0,0.0,0.0,0.0,,,,,,,
0.0005554251838475466,mappo,3.014376970256194e-09,-0.16257572174072266,0.0003763921307102368,2078.0,,,,,,,,,,,,,,0.0,,,,,0.0131985479965806,0.0
,mappo,,,,2078.0,0.0,0.0,0.0,0.0,0.0,0.0,0.0,0.0,0.0,0.0,0.0,0.0,0.0,,,,,,,
0.0005920148687437177,mappo,2.4235100593017478e-09,-0.13993744552135468,0.0003760920306768923,2079.0,,,,,,,,,,,,,,0.0,,,,,0.013048848137259483,0.0
,mappo,,,,2079.0,0.0,0.0,0.0,0.0,0.0,0.0,0.0,0.0,0.0,0.0,0.0,0.0,0.0,,,,,,,
-0.002405665349215269,mappo,1.5430317024112128e-09,-0.10288882255554199,0.0003757919306435479,2080.0,,,,,,,,,,,,,,0.0,,,,,0.013101930730044842,0.0
,mappo,,,,2080.0,0.0,0.0,0.0,0.0,0.0,0.0,0.0,0.0,0.0,0.0,0.0,0.0,0.0,,,,,,,
0.0017238177824765444,mappo,1.1052300186165098e-09,-0.06545662879943848,0.0003754918306102034,2081.0,,,,,,,,,,,,,,0.0,,,,,0.013148713856935501,0.0
,mappo,,,,2081.0,0.0,0.0,0.0,0.0,0.0,0.0,0.0,0.0,0.0,0.0,0.0,0.0,0.0,,,,,,,
-0.009818468242883682,mappo,8.634992720857326e-10,-0.03202499821782112,0.00037519173057685897,2082.0,,,,,,,,,,,,,,0.0,,,,,0.013188464567065239,0.0
,mappo,,,,2082.0,0.0,0.0,0.0,0.0,0.0,0.0,0.0,0.0,0.0,0.0,0.0,0.0,0.0,,,,,,,
-0.0001240907731698826,mappo,4.29072388730134e-10,-0.025984900072216988,0.00037489163054351456,2083.0,,,,,,,,,,,,,,0.0,,,,,0.013505901210010052,0.0
,mappo,,,,2083.0,0.0,0.0,0.0,0.0,0.0,0.0,0.0,0.0,0.0,0.0,0.0,0.0,0.0,,,,,,,
0.006318365223705769,mappo,3.2417116213601105e-10,-0.007348459679633379,0.00037459153051017005,2084.0,,,,,,,,,,,,,,0.0,,,,,0.013125427067279816,0.0
,mappo,,,,2084.0,0.0,0.0,0.0,0.0,0.0,0.0,0.0,0.0,0.0,0.0,0.0,0.0,0.0,,,,,,,
-0.004281455650925636,mappo,8.266760886943558e-11,-0.00219362904317677,0.00037429143047682564,2085.0,,,,,,,,,,,,,,0.0,,,,,0.013042481616139412,0.0
,mappo,,,,2085.0,0.0,0.0,0.0,0.0,0.0,0.0,0.0,0.0,0.0,0.0,0.0,0.0,0.0,,,,,,,
-0.004124878440052271,mappo,1.7753873371439965e-10,0.014800681732594967,0.00037399133044348123,2086.0,,,,,,,,,,,,,,0.0,,,,,0.013305455446243286,0.0
,mappo,,,,2086.0,0.0,0.0,0.0,0.0,0.0,0.0,0.0,0.0,0.0,0.0,0.0,0.0,0.0,,,,,,,
0.004459788091480732,mappo,9.468570372206386e-10,0.0227341428399086,0.0003736912304101367,2087.0,,,,,,,,,,,,,,0.0,,,,,0.013282740488648415,0.0
,mappo,,,,2087.0,0.0,0.0,0.0,0.0,0.0,0.0,0.0,0.0,0.0,0.0,0.0,0.0,0.0,,,,,,,
0.00011222438479308039,mappo,1.1808976019267448e-09,0.02079249732196331,0.0003733911303767923,2088.0,,,,,,,,,,,,,,0.0,,,,,0.013089856132864952,0.0
,mappo,,,,2088.0,0.0,0.0,0.0,0.0,0.0,0.0,0.0,0.0,0.0,0.0,0.0,0.0,0.0,,,,,,,
0.006039789877831936,mappo,1.6488105325507263e-09,-0.007332409266382456,0.0003730910303434479,2089.0,,,,,,,,,,,,,,0.0,,,,,0.013476969674229622,0.0
,mappo,,,,2089.0,0.0,0.0,0.0,0.0,0.0,0.0,0.0,0.0,0.0,0.0,0.0,0.0,0.0,,,,,,,
-0.0033858974929898977,mappo,4.129569575184178e-09,0.0018523701000958681,0.0003727909303101034,2090.0,,,,,,,,,,,,,,0.0,,,,,0.013212235644459724,0.0
,mappo,,,,2090.0,0.0,0.0,0.0,0.0,0.0,0.0,0.0,0.0,0.0,0.0,0.0,0.0,0.0,,,,,,,
0.0024423482827842236,mappo,3.679103910414483e-09,0.021157529205083847,0.00037249083027675897,2091.0,,,,,,,,,,,,,,0.0,,,,,0.013052966445684433,0.0
,mappo,,,,2091.0,0.0,0.0,0.0,0.0,0.0,0.0,0.0,0.0,0.0,0.0,0.0,0.0,0.0,,,,,,,
-0.0018111367244273424,mappo,4.283012167149991e-09,0.006242153700441122,0.00037219073024341446,2092.0,,,,,,,,,,,,,,0.0,,,,,0.01345331035554409,0.0
,mappo,,,,2092.0,0.0,0.0,0.0,0.0,0.0,0.0,0.0,0.0,0.0,0.0,0.0,0.0,0.0,,,,,,,
-0.002215917455032468,mappo,7.693550685416994e-09,-0.021195488050580025,0.00037189063021007005,2093.0,,,,,,,,,,,,,,0.0,,,,,0.013180907815694809,0.0
,mappo,,,,2093.0,0.0,0.0,0.0,0.0,0.0,0.0,0.0,0.0,0.0,0.0,0.0,0.0,0.0,,,,,,,
0.001461145468056202,mappo,1.0837196917634628e-08,-0.06501384824514389,0.00037159053017672564,2094.0,,,,,,,,,,,,,,0.0,,,,,0.013258460909128189,0.0
,mappo,,,,2094.0,0.0,0.0,0.0,0.0,0.0,0.0,0.0,0.0,0.0,0.0,0.0,0.0,0.0,,,,,,,
-0.011823266744613647,mappo,1.4620835209200322e-08,-0.0904625728726387,0.0003712904301433811,2095.0,,,,,,,,,,,,,,0.0,,,,,0.013203615322709084,0.0
,mappo,,,,2095.0,0.0,0.0,0.0,0.0,0.0,0.0,0.0,0.0,0.0,0.0,0.0,0.0,0.0,,,,,,,
-0.005602649878710508,mappo,1.7350982872699205e-08,-0.10984838008880615,0.0003709903301100367,2096.0,,,,,,,,,,,,,,0.0,,,,,0.0130845345556736,0.0
,mappo,,,,2096.0,0.0,0.0,0.0,0.0,0.0,0.0,0.0,0.0,0.0,0.0,0.0,0.0,0.0,,,,,,,
-0.0049213566817343235,mappo,2.288340361644714e-08,-0.1290864497423172,0.0003706902300766923,2097.0,,,,,,,,,,,,,,0.0,,,,,0.013105232268571854,0.0
,mappo,,,,2097.0,0.0,0.0,0.0,0.0,0.0,0.0,0.0,0.0,0.0,0.0,0.0,0.0,0.0,,,,,,,
-0.0005572150112129748,mappo,2.5756573762691914e-08,-0.15543588995933533,0.0003703901300433478,2098.0,,,,,,,,,,,,,,0.0,,,,,0.013102790340781212,0.0
,mappo,,,,2098.0,0.0,0.0,0.0,0.0,0.0,0.0,0.0,0.0,0.0,0.0,0.0,0.0,0.0,,,,,,,
-0.005612781271338463,mappo,2.5977174189506513e-08,-0.15381070971488953,0.0003700900300100034,2099.0,,,,,,,,,,,,,,0.0,,,,,0.013093916699290276,0.0
,mappo,,,,2099.0,0.0,0.0,0.0,0.0,0.0,0.0,0.0,0.0,0.0,0.0,0.0,0.0,0.0,,,,,,,
,mappo,,,,2099.0,,,,,,,,,,,,,,,0.0,0.0,0.0,0.0,,
-0.004622816573828459,mappo,2.8371800908644218e-08,-0.14414410293102264,0.00036978992997665887,2100.0,,,,,,,,,,,,,,0.0,,,,,0.013081198558211327,0.0
,mappo,,,,2100.0,0.0,0.0,0.0,0.0,0.0,0.0,0.0,0.0,0.0,0.0,0.0,0.0,0.0,,,,,,,
0.0030276882462203503,mappo,2.7734088803299528e-08,-0.1040046364068985,0.00036948982994331446,2101.0,,,,,,,,,,,,,,0.0,,,,,0.013125481083989143,0.0
,mappo,,,,2101.0,0.0,0.0,0.0,0.0,0.0,0.0,0.0,0.0,0.0,0.0,0.0,0.0,0.0,,,,,,,
-0.0025560215581208467,mappo,2.7746182240662165e-08,-0.1002146303653717,0.00036918972990997005,2102.0,,,,,,,,,,,,,,0.0,,,,,0.01316593587398529,0.0
,mappo,,,,2102.0,0.0,0.0,0.0,0.0,0.0,0.0,0.0,0.0,0.0,0.0,0.0,0.0,0.0,,,,,,,
-0.003826930420473218,mappo,1.916269098956036e-08,-0.14627820253372192,0.00036888962987662553,2103.0,,,,,,,,,,,,,,0.0,,,,,0.013228267431259155,0.0
,mappo,,,,2103.0,0.0,0.0,0.0,0.0,0.0,0.0,0.0,0.0,0.0,0.0,0.0,0.0,0.0,,,,,,,
-0.004012599121779203,mappo,1.929819504198349e-08,-0.19831782579421997,0.0003685895298432811,2104.0,,,,,,,,,,,,,,0.0,,,,,0.013161412440240383,0.0
,mappo,,,,2104.0,0.0,0.0,0.0,0.0,0.0,0.0,0.0,0.0,0.0,0.0,0.0,0.0,0.0,,,,,,,
-0.0025698861572891474,mappo,1.2959803008527615e-08,-0.23611389100551605,0.0003682894298099367,2105.0,,,,,,,,,,,,,,0.0,,,,,0.01323470938950777,0.0
,mappo,,,,2105.0,0.0,0.0,0.0,0.0,0.0,0.0,0.0,0.0,0.0,0.0,0.0,0.0,0.0,,,,,,,
-0.004101473838090897,mappo,1.1549888156991983e-08,-0.264828085899353,0.0003679893297765922,2106.0,,,,,,,,,,,,,,0.0,,,,,0.01311589777469635,0.0
,mappo,,,,2106.0,0.0,0.0,0.0,0.0,0.0,0.0,0.0,0.0,0.0,0.0,0.0,0.0,0.0,,,,,,,
0.0018209960544481874,mappo,7.349623132313354e-09,-0.3211608827114105,0.0003676892297432478,2107.0,,,,,,,,,,,,,,0.0,,,,,0.0131952203810215,0.0
,mappo,,,,2107.0,0.0,0.0,0.0,0.0,0.0,0.0,0.0,0.0,0.0,0.0,0.0,0.0,0.0,,,,,,,
-0.0047787888906896114,mappo,3.900608280815732e-09,-0.3332686722278595,0.0003673891297099034,2108.0,,,,,,,,,,,,,,0.0,,,,,0.013173103332519531,0.0
,mappo,,,,2108.0,0.0,0.0,0.0,0.0,0.0,0.0,0.0,0.0,0.0,0.0,0.0,0.0,0.0,,,,,,,
-0.00389535678550601,mappo,1.851199304958584e-09,-0.3287496864795685,0.00036708902967655887,2109.0,,,,,,,,,,,,,,0.0,,,,,0.013162283226847649,0.0
,mappo,,,,2109.0,0.0,0.0,0.0,0.0,0.0,0.0,0.0,0.0,0.0,0.0,0.0,0.0,0.0,,,,,,,
-0.0035705179907381535,mappo,4.957952381978714e-10,-0.3360725939273834,0.00036678892964321446,2110.0,,,,,,,,,,,,,,0.0,,,,,0.01312670111656189,0.0
,mappo,,,,2110.0,0.0,0.0,0.0,0.0,0.0,0.0,0.0,0.0,0.0,0.0,0.0,0.0,0.0,,,,,,,
-0.008767176419496536,mappo,3.650949820244165e-10,-0.3627518117427826,0.00036648882960986994,2111.0,,,,,,,,,,,,,,0.0,,,,,0.013330897316336632,0.0
,mappo,,,,2111.0,0.0,0.0,0.0,0.0,0.0,0.0,0.0,0.0,0.0,0.0,0.0,0.0,0.0,,,,,,,
0.01560594979673624,mappo,1.787570202971267e-09,-0.3712488114833832,0.00036618872957652553,2112.0,,,,,,,,,,,,,,0.0,,,,,0.013193881139159203,0.0
,mappo,,,,2112.0,0.0,0.0,0.0,0.0,0.0,0.0,0.0,0.0,0.0,0.0,0.0,0.0,0.0,,,,,,,
-0.0027918776031583548,mappo,7.46194839251757e-09,-0.35981515049934387,0.0003658886295431811,2113.0,,,,,,,,,,,,,,0.0,,,,,0.013311141170561314,0.0
,mappo,,,,2113.0,0.0,0.0,0.0,0.0,0.0,0.0,0.0,0.0,0.0,0.0,0.0,0.0,0.0,,,,,,,
-0.009196439757943153,mappo,1.542877470228632e-08,-0.34102603793144226,0.0003655885295098366,2114.0,,,,,,,,,,,,,,0.0,,,,,0.01330466940999031,0.0
,mappo,,,,2114.0,0.0,0.0,0.0,0.0,0.0,0.0,0.0,0.0,0.0,0.0,0.0,0.0,0.0,,,,,,,
-0.0032626972533762455,mappo,2.3056390574538455e-08,-0.3381277322769165,0.0003652884294764922,2115.0,,,,,,,,,,,,,,0.0,,,,,0.01318410038948059,0.0
,mappo,,,,2115.0,0.0,0.0,0.0,0.0,0.0,0.0,0.0,0.0,0.0,0.0,0.0,0.0,0.0,,,,,,,
-0.006833814084529877,mappo,3.355944500071928e-08,-0.3240761160850525,0.0003649883294431478,2116.0,,,,,,,,,,,,,,0.0,,,,,0.013319762423634529,0.0
,mappo,,,,2116.0,0.0,0.0,0.0,0.0,0.0,0.0,0.0,0.0,0.0,0.0,0.0,0.0,0.0,,,,,,,
-0.001286810263991356,mappo,5.2434021569069955e-08,-0.32123592495918274,0.0003646882294098033,2117.0,,,,,,,,,,,,,,0.0,,,,,0.013091807253658772,0.0
,mappo,,,,2117.0,0.0,0.0,0.0,0.0,0.0,0.0,0.0,0.0,0.0,0.0,0.0,0.0,0.0,,,,,,,
0.017975175753235817,mappo,6.359437065839302e-08,-0.3145730495452881,0.00036438812937645887,2118.0,,,,,,,,,,,,,,0.0,,,,,0.013234677724540234,0.0
,mappo,,,,2118.0,0.0,0.0,0.0,0.0,0.0,0.0,0.0,0.0,0.0,0.0,0.0,0.0,0.0,,,,,,,
-0.0023169771302491426,mappo,6.570017063722844e-08,-0.3083465099334717,0.00036408802934311446,2119.0,,,,,,,,,,,,,,0.0,,,,,0.01322530023753643,0.0
,mappo,,,,2119.0,0.0,0.0,0.0,0.0,0.0,0.0,0.0,0.0,0.0,0.0,0.0,0.0,0.0,,,,,,,
0.015774529427289963,mappo,7.32338349962447e-08,-0.30609047412872314,0.00036378792930976994,2120.0,,,,,,,,,,,,,,0.0,,,,,0.013227708637714386,0.0
,mappo,,,,2120.0,0.0,0.0,0.0,0.0,0.0,0.0,0.0,0.0,0.0,0.0,0.0,0.0,0.0,,,,,,,
0.0031492726411670446,mappo,6.822469345024729e-08,-0.3203636109828949,0.00036348782927642554,2121.0,,,,,,,,,,,,,,0.0,,,,,0.013223186135292053,0.0
,mappo,,,,2121.0,0.0,0.0,0.0,0.0,0.0,0.0,0.0,0.0,0.0,0.0,0.0,0.0,0.0,,,,,,,
-0.005420136731117964,mappo,6.452885514818263e-08,-0.33019912242889404,0.000363187729243081,2122.0,,,,,,,,,,,,,,0.0,,,,,0.013286782428622246,0.0
,mappo,,,,2122.0,0.0,0.0,0.0,0.0,0.0,0.0,0.0,0.0,0.0,0.0,0.0,0.0,0.0,,,,,,,
-0.004059507045894861,mappo,5.721022589000313e-08,-0.33044737577438354,0.0003628876292097366,2123.0,,,,,,,,,,,,,,0.0,,,,,0.013210229575634003,0.0
,mappo,,,,2123.0,0.0,0.0,0.0,0.0,0.0,0.0,0.0,0.0,0.0,0.0,0.0,0.0,0.0,,,,,,,
-0.0015892330557107925,mappo,4.895521499292954e-08,-0.34297704696655273,0.0003625875291763922,2124.0,,,,,,,,,,,,,,0.0,,,,,0.013242476619780064,0.0
,mappo,,,,2124.0,0.0,0.0,0.0,0.0,0.0,0.0,0.0,0.0,0.0,0.0,0.0,0.0,0.0,,,,,,,
-0.0011733679566532373,mappo,4.0743021401112856e-08,-0.3514155447483063,0.0003622874291430477,2125.0,,,,,,,,,,,,,,0.0,,,,,0.013187776319682598,0.0
,mappo,,,,2125.0,0.0,0.0,0.0,0.0,0.0,0.0,0.0,0.0,0.0,0.0,0.0,0.0,0.0,,,,,,,
-0.009543008171021938,mappo,3.400030124112163e-08,-0.3600301742553711,0.0003619873291097033,2126.0,,,,,,,,,,,,,,0.0,,,,,0.013280363753437996,0.0
,mappo,,,,2126.0,0.0,0.0,0.0,0.0,0.0,0.0,0.0,0.0,0.0,0.0,0.0,0.0,0.0,,,,,,,
-0.004973637871444225,mappo,2.390896725046332e-08,-0.3662846088409424,0.00036168722907635887,2127.0,,,,,,,,,,,,,,0.0,,,,,0.013233287259936333,0.0
,mappo,,,,2127.0,0.0,0.0,0.0,0.0,0.0,0.0,0.0,0.0,0.0,0.0,0.0,0.0,0.0,,,,,,,
-0.001197901787236333,mappo,1.8907064358586467e-08,-0.3710831105709076,0.00036138712904301435,2128.0,,,,,,,,,,,,,,0.0,,,,,0.0132837425917387,0.0
,mappo,,,,2128.0,0.0,0.0,0.0,0.0,0.0,0.0,0.0,0.0,0.0,0.0,0.0,0.0,0.0,,,,,,,
0.0004969302681274712,mappo,1.6368179700521068e-08,-0.34583044052124023,0.00036108702900966994,2129.0,,,,,,,,,,,,,,0.0,,,,,0.013225272297859192,0.0
,mappo,,,,2129.0,0.0,0.0,0.0,0.0,0.0,0.0,0.0,0.0,0.0,0.0,0.0,0.0,0.0,,,,,,,
-0.0021233537700027227,mappo,1.2355003242703333e-08,-0.33377328515052795,0.00036078692897632543,2130.0,,,,,,,,,,,,,,0.0,,,,,0.013245102018117905,0.0
,mappo,,,,2130.0,0.0,0.0,0.0,0.0,0.0,0.0,0.0,0.0,0.0,0.0,0.0,0.0,0.0,,,,,,,
-0.001508886693045497,mappo,7.10558145655682e-09,-0.31740739941596985,0.000360486828942981,2131.0,,,,,,,,,,,,,,0.0,,,,,0.013142822310328484,0.0
,mappo,,,,2131.0,0.0,0.0,0.0,0.0,0.0,0.0,0.0,0.0,0.0,0.0,0.0,0.0,0.0,,,,,,,
-0.005069095175713301,mappo,3.893104949526105e-09,-0.31045013666152954,0.0003601867289096366,2132.0,,,,,,,,,,,,,,0.0,,,,,0.013186272233724594,0.0
,mappo,,,,2132.0,0.0,0.0,0.0,0.0,0.0,0.0,0.0,0.0,0.0,0.0,0.0,0.0,0.0,,,,,,,
0.004221547394990921,mappo,3.0923665850224324e-09,-0.287402868270874,0.0003598866288762921,2133.0,,,,,,,,,,,,,,0.0,,,,,0.013186759315431118,0.0
,mappo,,,,2133.0,0.0,0.0,0.0,0.0,0.0,0.0,0.0,0.0,0.0,0.0,0.0,0.0,0.0,,,,,,,
0.001213736948557198,mappo,2.8477631364154377e-09,-0.27771157026290894,0.0003595865288429477,2134.0,,,,,,,,,,,,,,0.0,,,,,0.013262386433780193,0.0
,mappo,,,,2134.0,0.0,0.0,0.0,0.0,0.0,0.0,0.0,0.0,0.0,0.0,0.0,0.0,0.0,,,,,,,
-0.0011945345904678106,mappo,1.6335474084527846e-09,-0.25900256633758545,0.0003592864288096033,2135.0,,,,,,,,,,,,,,0.0,,,,,0.013177246786653996,0.0
,mappo,,,,2135.0,0.0,0.0,0.0,0.0,0.0,0.0,0.0,0.0,0.0,0.0,0.0,0.0,0.0,,,,,,,
-0.0022694298531860113,mappo,8.082143843068934e-10,-0.26197507977485657,0.00035898632877625876,2136.0,,,,,,,,,,,,,,0.0,,,,,0.013345655053853989,0.0
,mappo,,,,2136.0,0.0,0.0,0.0,0.0,0.0,0.0,0.0,0.0,0.0,0.0,0.0,0.0,0.0,,,,,,,
-0.004405002575367689,mappo,9.91911219827557e-10,-0.2545884847640991,0.00035868622874291435,2137.0,,,,,,,,,,,,,,0.0,,,,,0.013208622112870216,0.0
,mappo,,,,2137.0,0.0,0.0,0.0,0.0,0.0,0.0,0.0,0.0,0.0,0.0,0.0,0.0,0.0,,,,,,,
-0.0053520891815423965,mappo,5.519202317394445e-10,-0.2815122604370117,0.00035838612870956995,2138.0,,,,,,,,,,,,,,0.0,,,,,0.013132346794009209,0.0
,mappo,,,,2138.0,0.0,0.0,0.0,0.0,0.0,0.0,0.0,0.0,0.0,0.0,0.0,0.0,0.0,,,,,,,
0.008823145180940628,mappo,4.278345733244038e-10,-0.32611075043678284,0.00035808602867622543,2139.0,,,,,,,,,,,,,,0.0,,,,,0.01327759400010109,0.0
,mappo,,,,2139.0,0.0,0.0,0.0,0.0,0.0,0.0,0.0,0.0,0.0,0.0,0.0,0.0,0.0,,,,,,,
0.00024122264585457742,mappo,1.5413421927679138e-10,-0.383270263671875,0.000357785928642881,2140.0,,,,,,,,,,,,,,0.0,,,,,0.013133890926837921,0.0
,mappo,,,,2140.0,0.0,0.0,0.0,0.0,0.0,0.0,0.0,0.0,0.0,0.0,0.0,0.0,0.0,,,,,,,
-0.006001582369208336,mappo,8.774664328470294e-10,-0.42810189723968506,0.0003574858286095365,2141.0,,,,,,,,,,,,,,0.0,,,,,0.013292822986841202,0.0
,mappo,,,,2141.0,0.0,0.0,0.0,0.0,0.0,0.0,0.0,0.0,0.0,0.0,0.0,0.0,0.0,,,,,,,
-0.0008040807442739606,mappo,6.190108980952402e-10,-0.4547673165798187,0.0003571857285761921,2142.0,,,,,,,,,,,,,,0.0,,,,,0.013319622725248337,0.0
,mappo,,,,2142.0,0.0,0.0,0.0,0.0,0.0,0.0,0.0,0.0,0.0,0.0,0.0,0.0,0.0,,,,,,,
-0.006568034179508686,mappo,1.9799102635165156e-10,-0.50349360704422,0.0003568856285428477,2143.0,,,,,,,,,,,,,,0.0,,,,,0.01331264991313219,0.0
,mappo,,,,2143.0,0.0,0.0,0.0,0.0,0.0,0.0,0.0,0.0,0.0,0.0,0.0,0.0,0.0,,,,,,,
-0.0024458870757371187,mappo,1.6309277539594547e-10,-0.549730658531189,0.00035658552850950317,2144.0,,,,,,,,,,,,,,0.0,,,,,0.013209166005253792,0.0
,mappo,,,,2144.0,0.0,0.0,0.0,0.0,0.0,0.0,0.0,0.0,0.0,0.0,0.0,0.0,0.0,,,,,,,
-0.0019955153111368418,mappo,9.881680196333065e-11,-0.5719197988510132,0.00035628542847615876,2145.0,,,,,,,,,,,,,,0.0,,,,,0.013057250529527664,0.0
,mappo,,,,2145.0,0.0,0.0,0.0,0.0,0.0,0.0,0.0,0.0,0.0,0.0,0.0,0.0,0.0,,,,,,,
-0.002540051005780697,mappo,5.5861572312299046e-11,-0.5841226577758789,0.00035598532844281436,2146.0,,,,,,,,,,,,,,0.0,,,,,0.013243801891803741,0.0
,mappo,,,,2146.0,0.0,0.0,0.0,0.0,0.0,0.0,0.0,0.0,0.0,0.0,0.0,0.0,0.0,,,,,,,
0.006714066956192255,mappo,6.78375272622489e-11,-0.5584003925323486,0.00035568522840946984,2147.0,,,,,,,,,,,,,,0.0,,,,,0.013247422873973846,0.0
,mappo,,,,2147.0,0.0,0.0,0.0,0.0,0.0,0.0,0.0,0.0,0.0,0.0,0.0,0.0,0.0,,,,,,,
-0.0039796726778149605,mappo,7.473246327327487e-11,-0.5424168109893799,0.00035538512837612543,2148.0,,,,,,,,,,,,,,0.0,,,,,0.013229889795184135,0.0
,mappo,,,,2148.0,0.0,0.0,0.0,0.0,0.0,0.0,0.0,0.0,0.0,0.0,0.0,0.0,0.0,,,,,,,
0.0074043869972229,mappo,3.706857737428848e-11,-0.5347234010696411,0.000355085028342781,2149.0,,,,,,,,,,,,,,0.0,,,,,0.013166755437850952,0.0
,mappo,,,,2149.0,0.0,0.0,0.0,0.0,0.0,0.0,0.0,0.0,0.0,0.0,0.0,0.0,0.0,,,,,,,
-0.0037455838173627853,mappo,1.0395189570244767e-10,-0.5241762399673462,0.0003547849283094365,2150.0,,,,,,,,,,,,,,0.0,,,,,0.013135958462953568,0.0
,mappo,,,,2150.0,0.0,0.0,0.0,0.0,0.0,0.0,0.0,0.0,0.0,0.0,0.0,0.0,0.0,,,,,,,
-0.001404810231178999,mappo,5.516140322292529e-11,-0.5555620789527893,0.0003544848282760921,2151.0,,,,,,,,,,,,,,0.0,,,,,0.013128206133842468,0.0
,mappo,,,,2151.0,0.0,0.0,0.0,0.0,0.0,0.0,0.0,0.0,0.0,0.0,0.0,0.0,0.0,,,,,,,
-0.004127926658838987,mappo,7.719882372247966e-11,-0.5920391082763672,0.0003541847282427476,2152.0,,,,,,,,,,,,,,0.0,,,,,0.013242142274975777,0.0
,mappo,,,,2152.0,0.0,0.0,0.0,0.0,0.0,0.0,0.0,0.0,0.0,0.0,0.0,0.0,0.0,,,,,,,
-0.007327542174607515,mappo,1.0011873274873295e-10,-0.5999103784561157,0.0003538846282094032,2153.0,,,,,,,,,,,,,,0.0,,,,,0.013128827325999737,0.0
,mappo,,,,2153.0,0.0,0.0,0.0,0.0,0.0,0.0,0.0,0.0,0.0,0.0,0.0,0.0,0.0,,,,,,,
-0.0018254386959597468,mappo,5.083072157630042e-11,-0.603783130645752,0.00035358452817605877,2154.0,,,,,,,,,,,,,,0.0,,,,,0.013140341266989708,0.0
,mappo,,,,2154.0,0.0,0.0,0.0,0.0,0.0,0.0,0.0,0.0,0.0,0.0,0.0,0.0,0.0,,,,,,,
-0.006630254909396172,mappo,3.407604406979736e-11,-0.6519092917442322,0.00035328442814271425,2155.0,,,,,,,,,,,,,,0.0,,,,,0.013223300687968731,0.0
,mappo,,,,2155.0,0.0,0.0,0.0,0.0,0.0,0.0,0.0,0.0,0.0,0.0,0.0,0.0,0.0,,,,,,,
0.0025250460021197796,mappo,5.241243897224912e-11,-0.682099461555481,0.00035298432810936984,2156.0,,,,,,,,,,,,,,0.0,,,,,0.013117969036102295,0.0
,mappo,,,,2156.0,0.0,0.0,0.0,0.0,0.0,0.0,0.0,0.0,0.0,0.0,0.0,0.0,0.0,,,,,,,
-0.0009005474857985973,mappo,6.836205213023305e-11,-0.6946223378181458,0.00035268422807602543,2157.0,,,,,,,,,,,,,,0.0,,,,,0.013222317211329937,0.0
,mappo,,,,2157.0,0.0,0.0,0.0,0.0,0.0,0.0,0.0,0.0,0.0,0.0,0.0,0.0,0.0,,,,,,,
-0.003705444745719433,mappo,1.1991001247491084e-10,-0.6873400807380676,0.0003523841280426809,2158.0,,,,,,,,,,,,,,0.0,,,,,0.013238130137324333,0.0
,mappo,,,,2158.0,0.0,0.0,0.0,0.0,0.0,0.0,0.0,0.0,0.0,0.0,0.0,0.0,0.0,,,,,,,
0.0048295664601027966,mappo,4.8988132994587374e-11,-0.6839386820793152,0.0003520840280093365,2159.0,,,,,,,,,,,,,,0.0,,,,,0.013218734413385391,0.0
,mappo,,,,2159.0,0.0,0.0,0.0,0.0,0.0,0.0,0.0,0.0,0.0,0.0,0.0,0.0,0.0,,,,,,,
0.011086453683674335,mappo,9.0353793891218e-11,-0.6512855291366577,0.000351783927975992,2160.0,,,,,,,,,,,,,,0.0,,,,,0.013106273487210274,0.0
,mappo,,,,2160.0,0.0,0.0,0.0,0.0,0.0,0.0,0.0,0.0,0.0,0.0,0.0,0.0,0.0,,,,,,,
0.005695136729627848,mappo,3.250645308483513e-10,-0.6818395853042603,0.0003514838279426476,2161.0,,,,,,,,,,,,,,0.0,,,,,0.013167005032300949,0.0
,mappo,,,,2161.0,0.0,0.0,0.0,0.0,0.0,0.0,0.0,0.0,0.0,0.0,0.0,0.0,0.0,,,,,,,
0.015017646364867687,mappo,5.833827865231456e-10,-0.6819605231285095,0.0003511837279093032,2162.0,,,,,,,,,,,,,,0.0,,,,,0.01322086714208126,0.0
,mappo,,,,2162.0,0.0,0.0,0.0,0.0,0.0,0.0,0.0,0.0,0.0,0.0,0.0,0.0,0.0,,,,,,,
-0.0006233352469280362,mappo,5.326730168064842e-10,-0.6844558715820312,0.00035088362787595866,2163.0,,,,,,,,,,,,,,0.0,,,,,0.01324450597167015,0.0
,mappo,,,,2163.0,0.0,0.0,0.0,0.0,0.0,0.0,0.0,0.0,0.0,0.0,0.0,0.0,0.0,,,,,,,
0.003748323768377304,mappo,4.798956787510633e-10,-0.6915932297706604,0.00035058352784261425,2164.0,,,,,,,,,,,,,,0.0,,,,,0.013105261139571667,0.0
,mappo,,,,2164.0,0.0,0.0,0.0,0.0,0.0,0.0,0.0,0.0,0.0,0.0,0.0,0.0,0.0,,,,,,,
0.003542700782418251,mappo,4.485734006465236e-10,-0.7026005387306213,0.00035028342780926984,2165.0,,,,,,,,,,,,,,0.0,,,,,0.013090494088828564,0.0
,mappo,,,,2165.0,0.0,0.0,0.0,0.0,0.0,0.0,0.0,0.0,0.0,0.0,0.0,0.0,0.0,,,,,,,
-0.00645498326048255,mappo,4.771145700743773e-10,-0.7079398036003113,0.0003499833277759253,2166.0,,,,,,,,,,,,,,0.0,,,,,0.013191633857786655,0.0
,mappo,,,,2166.0,0.0,0.0,0.0,0.0,0.0,0.0,0.0,0.0,0.0,0.0,0.0,0.0,0.0,,,,,,,
0.005336105357855558,mappo,7.107051613886028e-10,-0.7309638857841492,0.0003496832277425809,2167.0,,,,,,,,,,,,,,0.0,,,,,0.013146958313882351,0.0
,mappo,,,,2167.0,0.0,0.0,0.0,0.0,0.0,0.0,0.0,0.0,0.0,0.0,0.0,0.0,0.0,,,,,,,
-0.002398470649495721,mappo,5.901538702168807e-10,-0.742789626121521,0.0003493831277092365,2168.0,,,,,,,,,,,,,,0.0,,,,,0.01322539895772934,0.0
,mappo,,,,2168.0,0.0,0.0,0.0,0.0,0.0,0.0,0.0,0.0,0.0,0.0,0.0,0.0,0.0,,,,,,,
0.007146656513214111,mappo,9.315777038665374e-10,-0.7553697824478149,0.000349083027675892,2169.0,,,,,,,,,,,,,,0.0,,,,,0.013071028515696526,0.0
,mappo,,,,2169.0,0.0,0.0,0.0,0.0,0.0,0.0,0.0,0.0,0.0,0.0,0.0,0.0,0.0,,,,,,,
0.01191518921405077,mappo,8.778047733137839e-10,-0.7749711871147156,0.0003487829276425476,2170.0,,,,,,,,,,,,,,0.0,,,,,0.013119149953126907,0.0
,mappo,,,,2170.0,0.0,0.0,0.0,0.0,0.0,0.0,0.0,0.0,0.0,0.0,0.0,0.0,0.0,,,,,,,
0.046065833419561386,mappo,1.3333315562746861e-09,-0.757869303226471,0.00034848282760920307,2171.0,,,,,,,,,,,,,,0.0,,,,,0.013164527714252472,0.0
,mappo,,,,2171.0,0.0,0.0,0.0,0.0,0.0,0.0,0.0,0.0,0.0,0.0,0.0,0.0,0.0,,,,,,,
-0.004245172254741192,mappo,1.3009854304968371e-09,-0.7553879618644714,0.00034818272757585866,2172.0,,,,,,,,,,,,,,0.0,,,,,0.013188217766582966,0.0
,mappo,,,,2172.0,0.0,0.0,0.0,0.0,0.0,0.0,0.0,0.0,0.0,0.0,0.0,0.0,0.0,,,,,,,
0.001564276055432856,mappo,1.2427340267961995e-09,-0.7442285418510437,0.00034788262754251425,2173.0,,,,,,,,,,,,,,0.0,,,,,0.013134637847542763,0.0
,mappo,,,,2173.0,0.0,0.0,0.0,0.0,0.0,0.0,0.0,0.0,0.0,0.0,0.0,0.0,0.0,,,,,,,
-0.004079539328813553,mappo,9.502416631335109e-10,-0.7338202595710754,0.00034758252750916973,2174.0,,,,,,,,,,,,,,0.0,,,,,0.013239499181509018,0.0
,mappo,,,,2174.0,0.0,0.0,0.0,0.0,0.0,0.0,0.0,0.0,0.0,0.0,0.0,0.0,0.0,,,,,,,
0.003408619435504079,mappo,8.344657742576089e-10,-0.7575130462646484,0.0003472824274758252,2175.0,,,,,,,,,,,,,,0.0,,,,,0.013299485668540001,0.0
,mappo,,,,2175.0,0.0,0.0,0.0,0.0,0.0,0.0,0.0,0.0,0.0,0.0,0.0,0.0,0.0,,,,,,,
-0.004733728710561991,mappo,6.11786343807097e-10,-0.7458937764167786,0.0003469823274424809,2176.0,,,,,,,,,,,,,,0.0,,,,,0.013174790889024734,0.0
,mappo,,,,2176.0,0.0,0.0,0.0,0.0,0.0,0.0,0.0,0.0,0.0,0.0,0.0,0.0,0.0,,,,,,,
0.0034807748161256313,mappo,7.511147259720019e-10,-0.7395926117897034,0.0003466822274091364,2177.0,,,,,,,,,,,,,,0.0,,,,,0.01299881562590599,0.0
,mappo,,,,2177.0,0.0,0.0,0.0,0.0,0.0,0.0,0.0,0.0,0.0,0.0,0.0,0.0,0.0,,,,,,,
-0.012056156992912292,mappo,1.004993421815925e-09,-0.7356555461883545,0.000346382127375792,2178.0,,,,,,,,,,,,,,0.0,,,,,0.013098500669002533,0.0
,mappo,,,,2178.0,0.0,0.0,0.0,0.0,0.0,0.0,0.0,0.0,0.0,0.0,0.0,0.0,0.0,,,,,,,
0.0004432749410625547,mappo,8.784366012370981e-10,-0.747751772403717,0.0003460820273424476,2179.0,,,,,,,,,,,,,,0.0,,,,,0.013114413246512413,0.0
,mappo,,,,2179.0,0.0,0.0,0.0,0.0,0.0,0.0,0.0,0.0,0.0,0.0,0.0,0.0,0.0,,,,,,,
-0.00927533395588398,mappo,3.29669985754677e-10,-0.7493403553962708,0.00034578192730910307,2180.0,,,,,,,,,,,,,,0.0,,,,,0.013256754726171494,0.0
,mappo,,,,2180.0,0.0,0.0,0.0,0.0,0.0,0.0,0.0,0.0,0.0,0.0,0.0,0.0,0.0,,,,,,,
0.032190628349781036,mappo,2.823059008782991e-10,-0.7177464365959167,0.00034548182727575866,2181.0,,,,,,,,,,,,,,0.0,,,,,0.01300774421542883,0.0
,mappo,,,,2181.0,0.0,0.0,0.0,0.0,0.0,0.0,0.0,0.0,0.0,0.0,0.0,0.0,0.0,,,,,,,
0.010957942344248295,mappo,6.441938649182077e-11,-0.7505320906639099,0.00034518172724241414,2182.0,,,,,,,,,,,,,,0.0,,,,,0.01329511683434248,0.0
,mappo,,,,2182.0,0.0,0.0,0.0,0.0,0.0,0.0,0.0,0.0,0.0,0.0,0.0,0.0,0.0,,,,,,,
-0.0012597630266100168,mappo,3.343412213752117e-10,-0.7520005106925964,0.00034488162720906974,2183.0,,,,,,,,,,,,,,0.0,,,,,0.013129698112607002,0.0
,mappo,,,,2183.0,0.0,0.0,0.0,0.0,0.0,0.0,0.0,0.0,0.0,0.0,0.0,0.0,0.0,,,,,,,
-0.006155436392873526,mappo,3.924078006978249e-10,-0.7471964359283447,0.00034458152717572533,2184.0,,,,,,,,,,,,,,0.0,,,,,0.01332923211157322,0.0
,mappo,,,,2184.0,0.0,0.0,0.0,0.0,0.0,0.0,0.0,0.0,0.0,0.0,0.0,0.0,0.0,,,,,,,
-0.008482303470373154,mappo,1.5171065514962834e-09,-0.7451133131980896,0.0003442814271423808,2185.0,,,,,,,,,,,,,,0.0,,,,,0.013133158907294273,0.0
,mappo,,,,2185.0,0.0,0.0,0.0,0.0,0.0,0.0,0.0,0.0,0.0,0.0,0.0,0.0,0.0,,,,,,,
0.005707463715225458,mappo,2.001727006373244e-09,-0.8057037591934204,0.0003439813271090363,2186.0,,,,,,,,,,,,,,0.0,,,,,0.013077237643301487,0.0
,mappo,,,,2186.0,0.0,0.0,0.0,0.0,0.0,0.0,0.0,0.0,0.0,0.0,0.0,0.0,0.0,,,,,,,
0.041554465889930725,mappo,3.398156200873359e-09,-0.8008930683135986,0.000343681227075692,2187.0,,,,,,,,,,,,,,0.0,,,,,0.013150801882147789,0.0
,mappo,,,,2187.0,0.0,0.0,0.0,0.0,0.0,0.0,0.0,0.0,0.0,0.0,0.0,0.0,0.0,,,,,,,
0.008187231607735157,mappo,4.245702456273648e-09,-0.8456568121910095,0.0003433811270423475,2188.0,,,,,,,,,,,,,,0.0,,,,,0.01310473121702671,0.0
,mappo,,,,2188.0,0.0,0.0,0.0,0.0,0.0,0.0,0.0,0.0,0.0,0.0,0.0,0.0,0.0,,,,,,,
-0.0013706686440855265,mappo,6.6513350382990666e-09,-0.8462851047515869,0.00034308102700900307,2189.0,,,,,,,,,,,,,,0.0,,,,,0.013115441426634789,0.0
,mappo,,,,2189.0,0.0,0.0,0.0,0.0,0.0,0.0,0.0,0.0,0.0,0.0,0.0,0.0,0.0,,,,,,,
-0.0026209584902971983,mappo,8.424388298067242e-09,-0.8532583117485046,0.00034278092697565855,2190.0,,,,,,,,,,,,,,0.0,,,,,0.013208091259002686,0.0
,mappo,,,,2190.0,0.0,0.0,0.0,0.0,0.0,0.0,0.0,0.0,0.0,0.0,0.0,0.0,0.0,,,,,,,
0.0017723559867590666,mappo,9.305368919854118e-09,-0.8621978759765625,0.00034248082694231415,2191.0,,,,,,,,,,,,,,0.0,,,,,0.013185922056436539,0.0
,mappo,,,,2191.0,0.0,0.0,0.0,0.0,0.0,0.0,0.0,0.0,0.0,0.0,0.0,0.0,0.0,,,,,,,
-0.0010476602474227548,mappo,1.0398114369536415e-08,-0.8729324340820312,0.00034218072690896974,2192.0,,,,,,,,,,,,,,0.0,,,,,0.013148639351129532,0.0
,mappo,,,,2192.0,0.0,0.0,0.0,0.0,0.0,0.0,0.0,0.0,0.0,0.0,0.0,0.0,0.0,,,,,,,
-0.0026828746777027845,mappo,1.3484571681487978e-08,-0.8714088201522827,0.0003418806268756252,2193.0,,,,,,,,,,,,,,0.0,,,,,0.013202260248363018,0.0
,mappo,,,,2193.0,0.0,0.0,0.0,0.0,0.0,0.0,0.0,0.0,0.0,0.0,0.0,0.0,0.0,,,,,,,
0.006614437326788902,mappo,1.3565770728973803e-08,-0.8740461468696594,0.0003415805268422808,2194.0,,,,,,,,,,,,,,0.0,,,,,0.013181501999497414,0.0
,mappo,,,,2194.0,0.0,0.0,0.0,0.0,0.0,0.0,0.0,0.0,0.0,0.0,0.0,0.0,0.0,,,,,,,
-0.0033126510679721832,mappo,1.3526572750777177e-08,-0.8869712352752686,0.0003412804268089364,2195.0,,,,,,,,,,,,,,0.0,,,,,0.01324743963778019,0.0
,mappo,,,,2195.0,0.0,0.0,0.0,0.0,0.0,0.0,0.0,0.0,0.0,0.0,0.0,0.0,0.0,,,,,,,
0.0035341677721589804,mappo,1.2062816523439324e-08,-0.9137996435165405,0.0003409803267755919,2196.0,,,,,,,,,,,,,,0.0,,,,,0.013072194531559944,0.0
,mappo,,,,2196.0,0.0,0.0,0.0,0.0,0.0,0.0,0.0,0.0,0.0,0.0,0.0,0.0,0.0,,,,,,,
-0.004207882098853588,mappo,1.069736388359388e-08,-0.9587655663490295,0.00034068022674224737,2197.0,,,,,,,,,,,,,,0.0,,,,,0.013217194005846977,0.0
,mappo,,,,2197.0,0.0,0.0,0.0,0.0,0.0,0.0,0.0,0.0,0.0,0.0,0.0,0.0,0.0,,,,,,,
0.0024220221675932407,mappo,1.059873611097828e-08,-0.9502773880958557,0.00034038012670890307,2198.0,,,,,,,,,,,,,,0.0,,,,,0.013128671795129776,0.0
,mappo,,,,2198.0,0.0,0.0,0.0,0.0,0.0,0.0,0.0,0.0,0.0,0.0,0.0,0.0,0.0,,,,,,,
0.008892212994396687,mappo,9.034792469719832e-09,-0.9639089703559875,0.00034008002667555855,2199.0,,,,,,,,,,,,,,0.0,,,,,0.013105710968375206,0.0
,mappo,,,,2199.0,0.0,0.0,0.0,0.0,0.0,0.0,0.0,0.0,0.0,0.0,0.0,0.0,0.0,,,,,,,
,mappo,,,,2199.0,,,,,,,,,,,,,,,0.0,0.0,0.0,0.0,,
0.038133200258016586,mappo,8.4989162374427e-09,-0.9245373606681824,0.00033977992664221415,2200.0,,,,,,,,,,,,,,0.0,,,,,0.013032462447881699,0.0
,mappo,,,,2200.0,0.0,0.0,0.0,0.0,0.0,0.0,0.0,0.0,0.0,0.0,0.0,0.0,0.0,,,,,,,
0.00821769516915083,mappo,5.9806612995316755e-09,-0.9600040912628174,0.00033947982660886963,2201.0,,,,,,,,,,,,,,0.0,,,,,0.013139484450221062,0.0
,mappo,,,,2201.0,0.0,0.0,0.0,0.0,0.0,0.0,0.0,0.0,0.0,0.0,0.0,0.0,0.0,,,,,,,
0.00472605787217617,mappo,4.167050704495523e-09,-0.9661053419113159,0.0003391797265755252,2202.0,,,,,,,,,,,,,,0.0,,,,,0.013070117682218552,0.0
,mappo,,,,2202.0,0.0,0.0,0.0,0.0,0.0,0.0,0.0,0.0,0.0,0.0,0.0,0.0,0.0,,,,,,,
-0.003572250483557582,mappo,2.2761605933396822e-09,-0.9628769159317017,0.0003388796265421808,2203.0,,,,,,,,,,,,,,0.0,,,,,0.013104408979415894,0.0
,mappo,,,,2203.0,0.0,0.0,0.0,0.0,0.0,0.0,0.0,0.0,0.0,0.0,0.0,0.0,0.0,,,,,,,
-0.005254359915852547,mappo,1.1088987506013837e-09,-0.9749265313148499,0.0003385795265088363,2204.0,,,,,,,,,,,,,,0.0,,,,,0.013106838800013065,0.0
,mappo,,,,2204.0,0.0,0.0,0.0,0.0,0.0,0.0,0.0,0.0,0.0,0.0,0.0,0.0,0.0,,,,,,,
0.007987835444509983,mappo,3.1122351917822755e-10,-0.9725547432899475,0.0003382794264754918,2205.0,,,,,,,,,,,,,,0.0,,,,,0.013046685606241226,0.0
,mappo,,,,2205.0,0.0,0.0,0.0,0.0,0.0,0.0,0.0,0.0,0.0,0.0,0.0,0.0,0.0,,,,,,,
0.01554859895259142,mappo,1.9758447655782163e-10,-0.9742669463157654,0.0003379793264421475,2206.0,,,,,,,,,,,,,,0.0,,,,,0.013054640963673592,0.0
,mappo,,,,2206.0,0.0,0.0,0.0,0.0,0.0,0.0,0.0,0.0,0.0,0.0,0.0,0.0,0.0,,,,,,,
0.0027771051973104477,mappo,9.387215449407904e-10,-0.9409391283988953,0.00033767922640880296,2207.0,,,,,,,,,,,,,,0.0,,,,,0.01306750439107418,0.0
,mappo,,,,2207.0,0.0,0.0,0.0,0.0,0.0,0.0,0.0,0.0,0.0,0.0,0.0,0.0,0.0,,,,,,,
0.0075184074230492115,mappo,1.8569048521044351e-09,-0.947039008140564,0.00033737912637545845,2208.0,,,,,,,,,,,,,,0.0,,,,,0.013095947913825512,0.0
,mappo,,,,2208.0,0.0,0.0,0.0,0.0,0.0,0.0,0.0,0.0,0.0,0.0,0.0,0.0,0.0,,,,,,,
0.004567228723317385,mappo,2.9187616767956115e-09,-0.9462549686431885,0.00033707902634211415,2209.0,,,,,,,,,,,,,,0.0,,,,,0.01317715086042881,0.0
,mappo,,,,2209.0,0.0,0.0,0.0,0.0,0.0,0.0,0.0,0.0,0.0,0.0,0.0,0.0,0.0,,,,,,,
0.00826259795576334,mappo,5.263061098048638e-09,-0.939967930316925,0.00033677892630876963,2210.0,,,,,,,,,,,,,,0.0,,,,,0.012973290868103504,0.0
,mappo,,,,2210.0,0.0,0.0,0.0,0.0,0.0,0.0,0.0,0.0,0.0,0.0,0.0,0.0,0.0,,,,,,,
0.0027573001570999622,mappo,8.088013814244732e-09,-0.9442687034606934,0.0003364788262754252,2211.0,,,,,,,,,,,,,,0.0,,,,,0.013068429194390774,0.0
,mappo,,,,2211.0,0.0,0.0,0.0,0.0,0.0,0.0,0.0,0.0,0.0,0.0,0.0,0.0,0.0,,,,,,,
-0.005057788919657469,mappo,1.0191149257821053e-08,-0.9282447099685669,0.0003361787262420807,2212.0,,,,,,,,,,,,,,0.0,,,,,0.013187538832426071,0.0
,mappo,,,,2212.0,0.0,0.0,0.0,0.0,0.0,0.0,0.0,0.0,0.0,0.0,0.0,0.0,0.0,,,,,,,
0.0020239497534930706,mappo,1.3176604696241156e-08,-0.9097824096679688,0.0003358786262087363,2213.0,,,,,,,,,,,,,,0.0,,,,,0.013105181977152824,0.0
,mappo,,,,2213.0,0.0,0.0,0.0,0.0,0.0,0.0,0.0,0.0,0.0,0.0,0.0,0.0,0.0,,,,,,,
-0.0024819651152938604,mappo,1.4891693211893653e-08,-0.8858358860015869,0.0003355785261753919,2214.0,,,,,,,,,,,,,,0.0,,,,,0.01308225467801094,0.0
,mappo,,,,2214.0,0.0,0.0,0.0,0.0,0.0,0.0,0.0,0.0,0.0,0.0,0.0,0.0,0.0,,,,,,,
0.002495421562343836,mappo,1.939471694356598e-08,-0.8977692723274231,0.0003352784261420474,2215.0,,,,,,,,,,,,,,0.0,,,,,0.013072870671749115,0.0
,mappo,,,,2215.0,0.0,0.0,0.0,0.0,0.0,0.0,0.0,0.0,0.0,0.0,0.0,0.0,0.0,,,,,,,
0.00023391356808133423,mappo,2.067645255010575e-08,-0.8989824652671814,0.00033497832610870286,2216.0,,,,,,,,,,,,,,0.0,,,,,0.013075844384729862,0.0
,mappo,,,,2216.0,0.0,0.0,0.0,0.0,0.0,0.0,0.0,0.0,0.0,0.0,0.0,0.0,0.0,,,,,,,
0.0035090830642729998,mappo,2.1497301716522088e-08,-0.8952080011367798,0.00033467822607535856,2217.0,,,,,,,,,,,,,,0.0,,,,,0.013033309951424599,0.0
,mappo,,,,2217.0,0.0,0.0,0.0,0.0,0.0,0.0,0.0,0.0,0.0,0.0,0.0,0.0,0.0,,,,,,,
-0.004954231902956963,mappo,2.3737072751828237e-08,-0.905520498752594,0.00033437812604201404,2218.0,,,,,,,,,,,,,,0.0,,,,,0.013131565414369106,0.0
,mappo,,,,2218.0,0.0,0.0,0.0,0.0,0.0,0.0,0.0,0.0,0.0,0.0,0.0,0.0,0.0,,,,,,,
0.00574217364192009,mappo,2.646745578260834e-08,-0.8995909690856934,0.0003340780260086695,2219.0,,,,,,,,,,,,,,0.0,,,,,0.013186430558562279,0.0
,mappo,,,,2219.0,0.0,0.0,0.0,0.0,0.0,0.0,0.0,0.0,0.0,0.0,0.0,0.0,0.0,,,,,,,
-0.0010411008261144161,mappo,2.9505594412171376e-08,-0.9110982418060303,0.0003337779259753251,2220.0,,,,,,,,,,,,,,0.0,,,,,0.013068177737295628,0.0
,mappo,,,,2220.0,0.0,0.0,0.0,0.0,0.0,0.0,0.0,0.0,0.0,0.0,0.0,0.0,0.0,,,,,,,
-0.006207124330103397,mappo,3.058760000840266e-08,-0.9022666215896606,0.0003334778259419807,2221.0,,,,,,,,,,,,,,0.0,,,,,0.013118804432451725,0.0
,mappo,,,,2221.0,0.0,0.0,0.0,0.0,0.0,0.0,0.0,0.0,0.0,0.0,0.0,0.0,0.0,,,,,,,
0.028582632541656494,mappo,3.1450571924551696e-08,-0.918416440486908,0.0003331777259086363,2222.0,,,,,,,,,,,,,,0.0,,,,,0.01307904627174139,0.0
,mappo,,,,2222.0,0.0,0.0,0.0,0.0,0.0,0.0,0.0,0.0,0.0,0.0,0.0,0.0,0.0,,,,,,,
0.03865964710712433,mappo,3.215301802583781e-08,-0.8893330693244934,0.0003328776258752918,2223.0,,,,,,,,,,,,,,0.0,,,,,0.01308656856417656,0.0
,mappo,,,,2223.0,0.0,0.0,0.0,0.0,0.0,0.0,0.0,0.0,0.0,0.0,0.0,0.0,0.0,,,,,,,
0.0029641473665833473,mappo,2.7425009818671242e-08,-0.8568557500839233,0.0003325775258419474,2224.0,,,,,,,,,,,,,,0.0,,,,,0.012928802520036697,0.0
,mappo,,,,2224.0,0.0,0.0,0.0,0.0,0.0,0.0,0.0,0.0,0.0,0.0,0.0,0.0,0.0,,,,,,,
-0.0010464036604389548,mappo,2.4619817295956636e-08,-0.858320951461792,0.00033227742580860297,2225.0,,,,,,,,,,,,,,0.0,,,,,0.013112587854266167,0.0
,mappo,,,,2225.0,0.0,0.0,0.0,0.0,0.0,0.0,0.0,0.0,0.0,0.0,0.0,0.0,0.0,,,,,,,
-0.0024436789099127054,mappo,2.1821604079264034e-08,-0.8548803925514221,0.00033197732577525845,2226.0,,,,,,,,,,,,,,0.0,,,,,0.013151241466403008,0.0
,mappo,,,,2226.0,0.0,0.0,0.0,0.0,0.0,0.0,0.0,0.0,0.0,0.0,0.0,0.0,0.0,,,,,,,
0.0022018710151314735,mappo,1.8092293885274557e-08,-0.8508202433586121,0.00033167722574191393,2227.0,,,,,,,,,,,,,,0.0,,,,,0.013005212880671024,0.0
,mappo,,,,2227.0,0.0,0.0,0.0,0.0,0.0,0.0,0.0,0.0,0.0,0.0,0.0,0.0,0.0,,,,,,,
0.0009163145441561937,mappo,1.3563417056161597e-08,-0.8628233671188354,0.00033137712570856963,2228.0,,,,,,,,,,,,,,0.0,,,,,0.01307949610054493,0.0
,mappo,,,,2228.0,0.0,0.0,0.0,0.0,0.0,0.0,0.0,0.0,0.0,0.0,0.0,0.0,0.0,,,,,,,
-0.0013042932841926813,mappo,9.929541633368899e-09,-0.8471398949623108,0.0003310770256752251,2229.0,,,,,,,,,,,,,,0.0,,,,,0.013083314523100853,0.0
,mappo,,,,2229.0,0.0,0.0,0.0,0.0,0.0,0.0,0.0,0.0,0.0,0.0,0.0,0.0,0.0,,,,,,,
0.00576811796054244,mappo,6.493378723604337e-09,-0.8351296782493591,0.0003307769256418806,2230.0,,,,,,,,,,,,,,0.0,,,,,0.01296662911772728,0.0
,mappo,,,,2230.0,0.0,0.0,0.0,0.0,0.0,0.0,0.0,0.0,0.0,0.0,0.0,0.0,0.0,,,,,,,
-0.001355423009954393,mappo,4.3754613265889475e-09,-0.8223506808280945,0.0003304768256085362,2231.0,,,,,,,,,,,,,,0.0,,,,,0.013069482520222664,0.0
,mappo,,,,2231.0,0.0,0.0,0.0,0.0,0.0,0.0,0.0,0.0,0.0,0.0,0.0,0.0,0.0,,,,,,,
-0.003929296974092722,mappo,2.966427326001053e-09,-0.7712113261222839,0.0003301767255751918,2232.0,,,,,,,,,,,,,,0.0,,,,,0.01306433416903019,0.0
,mappo,,,,2232.0,0.0,0.0,0.0,0.0,0.0,0.0,0.0,0.0,0.0,0.0,0.0,0.0,0.0,,,,,,,
0.010394543409347534,mappo,1.2375654945273595e-09,-0.7726830840110779,0.0003298766255418474,2233.0,,,,,,,,,,,,,,0.0,,,,,0.01312912069261074,0.0
,mappo,,,,2233.0,0.0,0.0,0.0,0.0,0.0,0.0,0.0,0.0,0.0,0.0,0.0,0.0,0.0,,,,,,,
0.024315601214766502,mappo,5.077900877559216e-10,-0.724810779094696,0.00032957652550850286,2234.0,,,,,,,,,,,,,,0.0,,,,,0.013125503435730934,0.0
,mappo,,,,2234.0,0.0,0.0,0.0,0.0,0.0,0.0,0.0,0.0,0.0,0.0,0.0,0.0,0.0,,,,,,,
0.013189354911446571,mappo,2.0438335746053582e-10,-0.7241387367248535,0.00032927642547515834,2235.0,,,,,,,,,,,,,,0.0,,,,,0.012909822165966034,0.0
,mappo,,,,2235.0,0.0,0.0,0.0,0.0,0.0,0.0,0.0,0.0,0.0,0.0,0.0,0.0,0.0,,,,,,,
0.0020466619171202183,mappo,1.0367396524602057e-10,-0.7232134342193604,0.00032897632544181404,2236.0,,,,,,,,,,,,,,0.0,,,,,0.013070005923509598,0.0
,mappo,,,,2236.0,0.0,0.0,0.0,0.0,0.0,0.0,0.0,0.0,0.0,0.0,0.0,0.0,0.0,,,,,,,
-0.004015452228486538,mappo,2.678612054385354e-10,-0.6968203783035278,0.0003286762254084695,2237.0,,,,,,,,,,,,,,0.0,,,,,0.01305028423666954,0.0
,mappo,,,,2237.0,0.0,0.0,0.0,0.0,0.0,0.0,0.0,0.0,0.0,0.0,0.0,0.0,0.0,,,,,,,
-0.0011317888274788857,mappo,6.060985047184886e-10,-0.6811832785606384,0.000328376125375125,2238.0,,,,,,,,,,,,,,0.0,,,,,0.013019808568060398,0.0
,mappo,,,,2238.0,0.0,0.0,0.0,0.0,0.0,0.0,0.0,0.0,0.0,0.0,0.0,0.0,0.0,,,,,,,
-0.0015386657323688269,mappo,1.4482570698248765e-09,-0.6533927321434021,0.0003280760253417807,2239.0,,,,,,,,,,,,,,0.0,,,,,0.01297468226402998,0.0
,mappo,,,,2239.0,0.0,0.0,0.0,0.0,0.0,0.0,0.0,0.0,0.0,0.0,0.0,0.0,0.0,,,,,,,
-0.0123853525146842,mappo,2.82121814798586e-09,-0.632935106754303,0.0003277759253084362,2240.0,,,,,,,,,,,,,,0.0,,,,,0.013108227401971817,0.0
,mappo,,,,2240.0,0.0,0.0,0.0,0.0,0.0,0.0,0.0,0.0,0.0,0.0,0.0,0.0,0.0,,,,,,,
-0.00020383075752761215,mappo,3.7031013810917557e-09,-0.6087343692779541,0.0003274758252750917,2241.0,,,,,,,,,,,,,,0.0,,,,,0.01290682703256607,0.0
,mappo,,,,2241.0,0.0,0.0,0.0,0.0,0.0,0.0,0.0,0.0,0.0,0.0,0.0,0.0,0.0,,,,,,,
-0.007742967922240496,mappo,5.131434832605919e-09,-0.5879768133163452,0.00032717572524174727,2242.0,,,,,,,,,,,,,,0.0,,,,,0.012920141220092773,0.0
,mappo,,,,2242.0,0.0,0.0,0.0,0.0,0.0,0.0,0.0,0.0,0.0,0.0,0.0,0.0,0.0,,,,,,,
-0.0037993243895471096,mappo,5.789894785834804e-09,-0.5704954862594604,0.00032687562520840286,2243.0,,,,,,,,,,,,,,0.0,,,,,0.013066248968243599,0.0
,mappo,,,,2243.0,0.0,0.0,0.0,0.0,0.0,0.0,0.0,0.0,0.0,0.0,0.0,0.0,0.0,,,,,,,
-0.0023703023325651884,mappo,8.085274671998377e-09,-0.5479058623313904,0.00032657552517505845,2244.0,,,,,,,,,,,,,,0.0,,,,,0.01307632029056549,0.0
,mappo,,,,2244.0,0.0,0.0,0.0,0.0,0.0,0.0,0.0,0.0,0.0,0.0,0.0,0.0,0.0,,,,,,,
-0.0011386449914425611,mappo,9.366128317367384e-09,-0.5301286578178406,0.00032627542514171394,2245.0,,,,,,,,,,,,,,0.0,,,,,0.013214990496635437,0.0
,mappo,,,,2245.0,0.0,0.0,0.0,0.0,0.0,0.0,0.0,0.0,0.0,0.0,0.0,0.0,0.0,,,,,,,
-0.0012635993771255016,mappo,1.2765723589325262e-08,-0.5075729489326477,0.0003259753251083694,2246.0,,,,,,,,,,,,,,0.0,,,,,0.013015767559409142,0.0
,mappo,,,,2246.0,0.0,0.0,0.0,0.0,0.0,0.0,0.0,0.0,0.0,0.0,0.0,0.0,0.0,,,,,,,
-0.0034903076011687517,mappo,1.3272789090024162e-08,-0.477383017539978,0.0003256752250750251,2247.0,,,,,,,,,,,,,,0.0,,,,,0.012961581349372864,0.0
,mappo,,,,2247.0,0.0,0.0,0.0,0.0,0.0,0.0,0.0,0.0,0.0,0.0,0.0,0.0,0.0,,,,,,,
0.0010580284288153052,mappo,1.130782578684375e-08,-0.4629315733909607,0.0003253751250416806,2248.0,,,,,,,,,,,,,,0.0,,,,,0.013191469945013523,0.0
,mappo,,,,2248.0,0.0,0.0,0.0,0.0,0.0,0.0,0.0,0.0,0.0,0.0,0.0,0.0,0.0,,,,,,,
-0.005439450033009052,mappo,1.2251043735034273e-08,-0.4328670799732208,0.0003250750250083361,2249.0,,,,,,,,,,,,,,0.0,,,,,0.01299990713596344,0.0
,mappo,,,,2249.0,0.0,0.0,0.0,0.0,0.0,0.0,0.0,0.0,0.0,0.0,0.0,0.0,0.0,,,,,,,
0.008575335144996643,mappo,1.2371406121758355e-08,-0.3858267664909363,0.0003247749249749917,2250.0,,,,,,,,,,,,,,0.0,,,,,0.012930616736412048,0.0
,mappo,,,,2250.0,0.0,0.0,0.0,0.0,0.0,0.0,0.0,0.0,0.0,0.0,0.0,0.0,0.0,,,,,,,
-0.001749779679812491,mappo,1.304026220338983e-08,-0.4082249104976654,0.00032447482494164727,2251.0,,,,,,,,,,,,,,0.0,,,,,0.013046825304627419,0.0
,mappo,,,,2251.0,0.0,0.0,0.0,0.0,0.0,0.0,0.0,0.0,0.0,0.0,0.0,0.0,0.0,,,,,,,
-0.0030468632467091084,mappo,1.2669135074361293e-08,-0.4249178469181061,0.00032417472490830286,2252.0,,,,,,,,,,,,,,0.0,,,,,0.01304700318723917,0.0
,mappo,,,,2252.0,0.0,0.0,0.0,0.0,0.0,0.0,0.0,0.0,0.0,0.0,0.0,0.0,0.0,,,,,,,
0.0007964238757267594,mappo,1.0512084536173916e-08,-0.43381786346435547,0.00032387462487495835,2253.0,,,,,,,,,,,,,,0.0,,,,,0.01299067959189415,0.0
,mappo,,,,2253.0,0.0,0.0,0.0,0.0,0.0,0.0,0.0,0.0,0.0,0.0,0.0,0.0,0.0,,,,,,,
-0.00437932601198554,mappo,1.066004262639808e-08,-0.4451080858707428,0.00032357452484161394,2254.0,,,,,,,,,,,,,,0.0,,,,,0.012937023304402828,0.0
,mappo,,,,2254.0,0.0,0.0,0.0,0.0,0.0,0.0,0.0,0.0,0.0,0.0,0.0,0.0,0.0,,,,,,,
0.00031084957299754024,mappo,9.79906911169337e-09,-0.4546199142932892,0.00032327442480826953,2255.0,,,,,,,,,,,,,,0.0,,,,,0.013098524883389473,0.0
,mappo,,,,2255.0,0.0,0.0,0.0,0.0,0.0,0.0,0.0,0.0,0.0,0.0,0.0,0.0,0.0,,,,,,,
0.00017439137445762753,mappo,1.0374784586986152e-08,-0.44768956303596497,0.000322974324774925,2256.0,,,,,,,,,,,,,,0.0,,,,,0.013026485219597816,0.0
,mappo,,,,2256.0,0.0,0.0,0.0,0.0,0.0,0.0,0.0,0.0,0.0,0.0,0.0,0.0,0.0,,,,,,,
-0.003528997767716646,mappo,7.724440642675745e-09,-0.4572930932044983,0.0003226742247415805,2257.0,,,,,,,,,,,,,,0.0,,,,,0.013097337447106838,0.0
,mappo,,,,2257.0,0.0,0.0,0.0,0.0,0.0,0.0,0.0,0.0,0.0,0.0,0.0,0.0,0.0,,,,,,,
-0.005738173611462116,mappo,7.880966990114757e-09,-0.4803916811943054,0.0003223741247082362,2258.0,,,,,,,,,,,,,,0.0,,,,,0.012992359697818756,0.0
,mappo,,,,2258.0,0.0,0.0,0.0,0.0,0.0,0.0,0.0,0.0,0.0,0.0,0.0,0.0,0.0,,,,,,,
-0.005042159464210272,mappo,6.963579934904374e-09,-0.48843181133270264,0.0003220740246748917,2259.0,,,,,,,,,,,,,,0.0,,,,,0.01308274082839489,0.0
,mappo,,,,2259.0,0.0,0.0,0.0,0.0,0.0,0.0,0.0,0.0,0.0,0.0,0.0,0.0,0.0,,,,,,,
0.0008768762927502394,mappo,7.882126062952466e-09,-0.5100252032279968,0.00032177392464154716,2260.0,,,,,,,,,,,,,,0.0,,,,,0.013071066699922085,0.0
,mappo,,,,2260.0,0.0,0.0,0.0,0.0,0.0,0.0,0.0,0.0,0.0,0.0,0.0,0.0,0.0,,,,,,,
9.425033931620419e-05,mappo,8.485685931702847e-09,-0.5438175201416016,0.00032147382460820276,2261.0,,,,,,,,,,,,,,0.0,,,,,0.013121597468852997,0.0
,mappo,,,,2261.0,0.0,0.0,0.0,0.0,0.0,0.0,0.0,0.0,0.0,0.0,0.0,0.0,0.0,,,,,,,
0.008144102059304714,mappo,8.154349195876875e-09,-0.5500698685646057,0.00032117372457485835,2262.0,,,,,,,,,,,,,,0.0,,,,,0.013068382628262043,0.0
,mappo,,,,2262.0,0.0,0.0,0.0,0.0,0.0,0.0,0.0,0.0,0.0,0.0,0.0,0.0,0.0,,,,,,,
0.01105501875281334,mappo,6.884848691157686e-09,-0.5721797943115234,0.00032087362454151394,2263.0,,,,,,,,,,,,,,0.0,,,,,0.012885747477412224,0.0
,mappo,,,,2263.0,0.0,0.0,0.0,0.0,0.0,0.0,0.0,0.0,0.0,0.0,0.0,0.0,0.0,,,,,,,
-0.0009343161946162581,mappo,5.7681290854816325e-09,-0.5601071715354919,0.0003205735245081694,2264.0,,,,,,,,,,,,,,0.0,,,,,0.013073555193841457,0.0
,mappo,,,,2264.0,0.0,0.0,0.0,0.0,0.0,0.0,0.0,0.0,0.0,0.0,0.0,0.0,0.0,,,,,,,
-0.00473546190187335,mappo,5.78590864108719e-09,-0.563622236251831,0.0003202734244748249,2265.0,,,,,,,,,,,,,,0.0,,,,,0.01305815763771534,0.0
,mappo,,,,2265.0,0.0,0.0,0.0,0.0,0.0,0.0,0.0,0.0,0.0,0.0,0.0,0.0,0.0,,,,,,,
0.014894260093569756,mappo,6.42335162837071e-09,-0.5379767417907715,0.0003199733244414806,2266.0,,,,,,,,,,,,,,0.0,,,,,0.012994375079870224,0.0
,mappo,,,,2266.0,0.0,0.0,0.0,0.0,0.0,0.0,0.0,0.0,0.0,0.0,0.0,0.0,0.0,,,,,,,
0.010255999863147736,mappo,6.854167011738355e-09,-0.568132758140564,0.0003196732244081361,2267.0,,,,,,,,,,,,,,0.0,,,,,0.013139719143509865,0.0
,mappo,,,,2267.0,0.0,0.0,0.0,0.0,0.0,0.0,0.0,0.0,0.0,0.0,0.0,0.0,0.0,,,,,,,
-0.006386301014572382,mappo,5.118326207309565e-09,-0.5838964581489563,0.0003193731243747916,2268.0,,,,,,,,,,,,,,0.0,,,,,0.0130794458091259,0.0
,mappo,,,,2268.0,0.0,0.0,0.0,0.0,0.0,0.0,0.0,0.0,0.0,0.0,0.0,0.0,0.0,,,,,,,
-0.003373643383383751,mappo,5.4171520602608325e-09,-0.5822513103485107,0.0003190730243414473,2269.0,,,,,,,,,,,,,,0.0,,,,,0.013021445833146572,0.0
,mappo,,,,2269.0,0.0,0.0,0.0,0.0,0.0,0.0,0.0,0.0,0.0,0.0,0.0,0.0,0.0,,,,,,,
-0.006984606385231018,mappo,3.892879352207501e-09,-0.5972926616668701,0.00031877292430810276,2270.0,,,,,,,,,,,,,,0.0,,,,,0.013008298352360725,0.0
,mappo,,,,2270.0,0.0,0.0,0.0,0.0,0.0,0.0,0.0,0.0,0.0,0.0,0.0,0.0,0.0,,,,,,,
-0.008738351985812187,mappo,2.42114905901758e-09,-0.5988204479217529,0.00031847282427475824,2271.0,,,,,,,,,,,,,,0.0,,,,,0.01308933924883604,0.0
,mappo,,,,2271.0,0.0,0.0,0.0,0.0,0.0,0.0,0.0,0.0,0.0,0.0,0.0,0.0,0.0,,,,,,,
-0.005788457579910755,mappo,2.3145123595469386e-09,-0.5591018199920654,0.00031817272424141383,2272.0,,,,,,,,,,,,,,0.0,,,,,0.012943061999976635,0.0
,mappo,,,,2272.0,0.0,0.0,0.0,0.0,0.0,0.0,0.0,0.0,0.0,0.0,0.0,0.0,0.0,,,,,,,
-0.0012882899027317762,mappo,2.7859494711179877e-09,-0.5528982281684875,0.0003178726242080694,2273.0,,,,,,,,,,,,,,0.0,,,,,0.01307420153170824,0.0
,mappo,,,,2273.0,0.0,0.0,0.0,0.0,0.0,0.0,0.0,0.0,0.0,0.0,0.0,0.0,0.0,,,,,,,
0.006199339870363474,mappo,1.9476604773416284e-09,-0.556107759475708,0.000317572524174725,2274.0,,,,,,,,,,,,,,0.0,,,,,0.012959539890289307,0.0
,mappo,,,,2274.0,0.0,0.0,0.0,0.0,0.0,0.0,0.0,0.0,0.0,0.0,0.0,0.0,0.0,,,,,,,
-0.006419589277356863,mappo,1.8293343506670112e-09,-0.5728785991668701,0.0003172724241413805,2275.0,,,,,,,,,,,,,,0.0,,,,,0.01294800266623497,0.0
,mappo,,,,2275.0,0.0,0.0,0.0,0.0,0.0,0.0,0.0,0.0,0.0,0.0,0.0,0.0,0.0,,,,,,,
-0.000636930693872273,mappo,1.5819690002416564e-09,-0.5728254914283752,0.000316972324108036,2276.0,,,,,,,,,,,,,,0.0,,,,,0.012841172516345978,0.0
,mappo,,,,2276.0,0.0,0.0,0.0,0.0,0.0,0.0,0.0,0.0,0.0,0.0,0.0,0.0,0.0,,,,,,,
-0.0038348855450749397,mappo,1.0583702803046435e-09,-0.6029761433601379,0.0003166722240746917,2277.0,,,,,,,,,,,,,,0.0,,,,,0.012996140867471695,0.0
,mappo,,,,2277.0,0.0,0.0,0.0,0.0,0.0,0.0,0.0,0.0,0.0,0.0,0.0,0.0,0.0,,,,,,,
0.0019711931236088276,mappo,9.696085045973746e-10,-0.6118768453598022,0.00031637212404134717,2278.0,,,,,,,,,,,,,,0.0,,,,,0.012835647910833359,0.0
,mappo,,,,2278.0,0.0,0.0,0.0,0.0,0.0,0.0,0.0,0.0,0.0,0.0,0.0,0.0,0.0,,,,,,,
-0.012729166075587273,mappo,6.712699840427661e-10,-0.6322363018989563,0.00031607202400800265,2279.0,,,,,,,,,,,,,,0.0,,,,,0.01287098042666912,0.0
,mappo,,,,2279.0,0.0,0.0,0.0,0.0,0.0,0.0,0.0,0.0,0.0,0.0,0.0,0.0,0.0,,,,,,,
0.004027266055345535,mappo,7.622301678722465e-10,-0.6492571234703064,0.00031577192397465824,2280.0,,,,,,,,,,,,,,0.0,,,,,0.012789631262421608,0.0
,mappo,,,,2280.0,0.0,0.0,0.0,0.0,0.0,0.0,0.0,0.0,0.0,0.0,0.0,0.0,0.0,,,,,,,
-0.017006220296025276,mappo,4.5428266703950726e-10,-0.6371739506721497,0.00031547182394131383,2281.0,,,,,,,,,,,,,,0.0,,,,,0.012775380164384842,0.0
,mappo,,,,2281.0,0.0,0.0,0.0,0.0,0.0,0.0,0.0,0.0,0.0,0.0,0.0,0.0,0.0,,,,,,,
-0.0001000303600449115,mappo,2.1546407713568527e-10,-0.6575069427490234,0.0003151717239079693,2282.0,,,,,,,,,,,,,,0.0,,,,,0.012839253060519695,0.0
,mappo,,,,2282.0,0.0,0.0,0.0,0.0,0.0,0.0,0.0,0.0,0.0,0.0,0.0,0.0,0.0,,,,,,,
-0.0007378815207630396,mappo,1.9894631775319027e-10,-0.6377009153366089,0.0003148716238746249,2283.0,,,,,,,,,,,,,,0.0,,,,,0.012773573398590088,0.0
,mappo,,,,2283.0,0.0,0.0,0.0,0.0,0.0,0.0,0.0,0.0,0.0,0.0,0.0,0.0,0.0,,,,,,,
-0.0009192338911816478,mappo,1.7606875679643252e-10,-0.6382660269737244,0.0003145715238412805,2284.0,,,,,,,,,,,,,,0.0,,,,,0.012831974774599075,0.0
,mappo,,,,2284.0,0.0,0.0,0.0,0.0,0.0,0.0,0.0,0.0,0.0,0.0,0.0,0.0,0.0,,,,,,,
0.004753571934998035,mappo,9.061494610218546e-11,-0.6569650173187256,0.0003142714238079361,2285.0,,,,,,,,,,,,,,0.0,,,,,0.012884996831417084,0.0
,mappo,,,,2285.0,0.0,0.0,0.0,0.0,0.0,0.0,0.0,0.0,0.0,0.0,0.0,0.0,0.0,,,,,,,
0.0010093551827594638,mappo,5.1995727168296924e-11,-0.6564520597457886,0.0003139713237745916,2286.0,,,,,,,,,,,,,,0.0,,,,,0.012773899361491203,0.0
,mappo,,,,2286.0,0.0,0.0,0.0,0.0,0.0,0.0,0.0,0.0,0.0,0.0,0.0,0.0,0.0,,,,,,,
-0.005822122562676668,mappo,6.083483716778915e-11,-0.6647761464118958,0.00031367122374124706,2287.0,,,,,,,,,,,,,,0.0,,,,,0.012839963659644127,0.0
,mappo,,,,2287.0,0.0,0.0,0.0,0.0,0.0,0.0,0.0,0.0,0.0,0.0,0.0,0.0,0.0,,,,,,,
-0.008305230177938938,mappo,1.1561693269435125e-10,-0.6569228768348694,0.00031337112370790276,2288.0,,,,,,,,,,,,,,0.0,,,,,0.012641329318284988,0.0
,mappo,,,,2288.0,0.0,0.0,0.0,0.0,0.0,0.0,0.0,0.0,0.0,0.0,0.0,0.0,0.0,,,,,,,
0.00491687748581171,mappo,1.0927674737315485e-10,-0.6883754730224609,0.00031307102367455824,2289.0,,,,,,,,,,,,,,0.0,,,,,0.01275881752371788,0.0
,mappo,,,,2289.0,0.0,0.0,0.0,0.0,0.0,0.0,0.0,0.0,0.0,0.0,0.0,0.0,0.0,,,,,,,
-0.011217441409826279,mappo,1.8773108068081967e-10,-0.7043408751487732,0.0003127709236412137,2290.0,,,,,,,,,,,,,,0.0,,,,,0.012798523530364037,0.0
,mappo,,,,2290.0,0.0,0.0,0.0,0.0,0.0,0.0,0.0,0.0,0.0,0.0,0.0,0.0,0.0,,,,,,,
0.017315266653895378,mappo,4.3879830324833335e-10,-0.7230802178382874,0.0003124708236078693,2291.0,,,,,,,,,,,,,,0.0,,,,,0.012408887967467308,0.0
,mappo,,,,2291.0,0.0,0.0,0.0,0.0,0.0,0.0,0.0,0.0,0.0,0.0,0.0,0.0,0.0,,,,,,,
0.0007555278716608882,mappo,1.6137553515704894e-09,-0.741417646408081,0.0003121707235745249,2292.0,,,,,,,,,,,,,,0.0,,,,,0.012324130162596703,0.0
,mappo,,,,2292.0,0.0,0.0,0.0,0.0,0.0,0.0,0.0,0.0,0.0,0.0,0.0,0.0,0.0,,,,,,,
-0.00770903006196022,mappo,1.9640040704871353e-09,-0.8104799389839172,0.0003118706235411804,2293.0,,,,,,,,,,,,,,0.0,,,,,0.012786880135536194,0.0
,mappo,,,,2293.0,0.0,0.0,0.0,0.0,0.0,0.0,0.0,0.0,0.0,0.0,0.0,0.0,0.0,,,,,,,
-0.0037262276746332645,mappo,2.25501972650477e-09,-0.8506355285644531,0.000311570523507836,2294.0,,,,,,,,,,,,,,0.0,,,,,0.012770632281899452,0.0
,mappo,,,,2294.0,0.0,0.0,0.0,0.0,0.0,0.0,0.0,0.0,0.0,0.0,0.0,0.0,0.0,,,,,,,
0.013409791514277458,mappo,2.5282207438692694e-09,-0.8449192643165588,0.00031127042347449147,2295.0,,,,,,,,,,,,,,0.0,,,,,0.012688388116657734,0.0
,mappo,,,,2295.0,0.0,0.0,0.0,0.0,0.0,0.0,0.0,0.0,0.0,0.0,0.0,0.0,0.0,,,,,,,
-0.0014836005866527557,mappo,3.203765919224111e-09,-0.8484688401222229,0.00031097032344114717,2296.0,,,,,,,,,,,,,,0.0,,,,,0.01268506795167923,0.0
,mappo,,,,2296.0,0.0,0.0,0.0,0.0,0.0,0.0,0.0,0.0,0.0,0.0,0.0,0.0,0.0,,,,,,,
0.004826843272894621,mappo,3.4815801353005327e-09,-0.8326091766357422,0.00031067022340780265,2297.0,,,,,,,,,,,,,,0.0,,,,,0.012660844251513481,0.0
,mappo,,,,2297.0,0.0,0.0,0.0,0.0,0.0,0.0,0.0,0.0,0.0,0.0,0.0,0.0,0.0,,,,,,,
0.0030271911527961493,mappo,4.14392831160626e-09,-0.855391263961792,0.00031037012337445814,2298.0,,,,,,,,,,,,,,0.0,,,,,0.012769924476742744,0.0
,mappo,,,,2298.0,0.0,0.0,0.0,0.0,0.0,0.0,0.0,0.0,0.0,0.0,0.0,0.0,0.0,,,,,,,
0.0001489296555519104,mappo,4.327829650208059e-09,-0.8198230862617493,0.00031007002334111384,2299.0,,,,,,,,,,,,,,0.0,,,,,0.012661075219511986,0.0
,mappo,,,,2299.0,0.0,0.0,0.0,0.0,0.0,0.0,0.0,0.0,0.0,0.0,0.0,0.0,0.0,,,,,,,
,mappo,,,,2299.0,,,,,,,,,,,,,,,0.0,0.0,0.0,0.0,,
-0.0012307235738262534,mappo,6.18631812443482e-09,-0.8596534132957458,0.0003097699233077693,2300.0,,,,,,,,,,,,,,0.0,,,,,0.012800030410289764,0.0
,mappo,,,,2300.0,0.0,0.0,0.0,0.0,0.0,0.0,0.0,0.0,0.0,0.0,0.0,0.0,0.0,,,,,,,
-0.002868430921807885,mappo,6.951315967285154e-09,-0.7897184491157532,0.0003094698232744248,2301.0,,,,,,,,,,,,,,0.0,,,,,0.01253112405538559,0.0
,mappo,,,,2301.0,0.0,0.0,0.0,0.0,0.0,0.0,0.0,0.0,0.0,0.0,0.0,0.0,0.0,,,,,,,
2.9142043786123395e-05,mappo,8.25802803916531e-09,-0.8294807076454163,0.0003091697232410804,2302.0,,,,,,,,,,,,,,0.0,,,,,0.012595126405358315,0.0
,mappo,,,,2302.0,0.0,0.0,0.0,0.0,0.0,0.0,0.0,0.0,0.0,0.0,0.0,0.0,0.0,,,,,,,
-0.006739328149706125,mappo,8.83297879283873e-09,-0.8011532425880432,0.000308869623207736,2303.0,,,,,,,,,,,,,,0.0,,,,,0.012528142891824245,0.0
,mappo,,,,2303.0,0.0,0.0,0.0,0.0,0.0,0.0,0.0,0.0,0.0,0.0,0.0,0.0,0.0,,,,,,,
-0.002400006167590618,mappo,1.0819682927376562e-08,-0.7883925437927246,0.00030856952317439147,2304.0,,,,,,,,,,,,,,0.0,,,,,0.012352647259831429,0.0
,mappo,,,,2304.0,0.0,0.0,0.0,0.0,0.0,0.0,0.0,0.0,0.0,0.0,0.0,0.0,0.0,,,,,,,
-0.007462470792233944,mappo,1.2230329637930026e-08,-0.7622066140174866,0.00030826942314104706,2305.0,,,,,,,,,,,,,,0.0,,,,,0.012313969433307648,0.0
,mappo,,,,2305.0,0.0,0.0,0.0,0.0,0.0,0.0,0.0,0.0,0.0,0.0,0.0,0.0,0.0,,,,,,,
0.0016223342390730977,mappo,1.5124692609447266e-08,-0.7967609763145447,0.00030796932310770255,2306.0,,,,,,,,,,,,,,0.0,,,,,0.012348359450697899,0.0
,mappo,,,,2306.0,0.0,0.0,0.0,0.0,0.0,0.0,0.0,0.0,0.0,0.0,0.0,0.0,0.0,,,,,,,
-0.006216548383235931,mappo,1.5039990586274143e-08,-0.7632689476013184,0.00030766922307435825,2307.0,,,,,,,,,,,,,,0.0,,,,,0.012296846136450768,0.0
,mappo,,,,2307.0,0.0,0.0,0.0,0.0,0.0,0.0,0.0,0.0,0.0,0.0,0.0,0.0,0.0,,,,,,,
0.0019095622701570392,mappo,1.5562482857944815e-08,-0.739837110042572,0.00030736912304101373,2308.0,,,,,,,,,,,,,,0.0,,,,,0.0121975839138031,0.0
,mappo,,,,2308.0,0.0,0.0,0.0,0.0,0.0,0.0,0.0,0.0,0.0,0.0,0.0,0.0,0.0,,,,,,,
-0.00923595204949379,mappo,1.6777121913946758e-08,-0.6791995763778687,0.0003070690230076692,2309.0,,,,,,,,,,,,,,0.0,,,,,0.011987490579485893,0.0
,mappo,,,,2309.0,0.0,0.0,0.0,0.0,0.0,0.0,0.0,0.0,0.0,0.0,0.0,0.0,0.0,,,,,,,
-0.008652637712657452,mappo,1.3622476480179557e-08,-0.7943063974380493,0.0003067689229743248,2310.0,,,,,,,,,,,,,,0.0,,,,,0.012508189305663109,0.0
,mappo,,,,2310.0,0.0,0.0,0.0,0.0,0.0,0.0,0.0,0.0,0.0,0.0,0.0,0.0,0.0,,,,,,,
-0.002567484276369214,mappo,8.553818986456463e-09,-0.7012243866920471,0.0003064688229409804,2311.0,,,,,,,,,,,,,,0.0,,,,,0.012013213708996773,0.0
,mappo,,,,2311.0,0.0,0.0,0.0,0.0,0.0,0.0,0.0,0.0,0.0,0.0,0.0,0.0,0.0,,,,,,,
0.0025244872085750103,mappo,6.072268021739546e-09,-0.5773243308067322,0.0003061687229076359,2312.0,,,,,,,,,,,,,,0.0,,,,,0.011578049510717392,0.0
,mappo,,,,2312.0,0.0,0.0,0.0,0.0,0.0,0.0,0.0,0.0,0.0,0.0,0.0,0.0,0.0,,,,,,,
-0.0024815406650304794,mappo,6.7687335736366094e-09,-0.677760899066925,0.00030586862287429147,2313.0,,,,,,,,,,,,,,0.0,,,,,0.011816741898655891,0.0
,mappo,,,,2313.0,0.0,0.0,0.0,0.0,0.0,0.0,0.0,0.0,0.0,0.0,0.0,0.0,0.0,,,,,,,
0.0039985268376767635,mappo,5.372912781353989e-09,-0.7503556609153748,0.00030556852284094706,2314.0,,,,,,,,,,,,,,0.0,,,,,0.011924991384148598,0.0
,mappo,,,,2314.0,0.0,0.0,0.0,0.0,0.0,0.0,0.0,0.0,0.0,0.0,0.0,0.0,0.0,,,,,,,
0.001860415912233293,mappo,3.7380813999732254e-09,-0.7668323516845703,0.00030526842280760255,2315.0,,,,,,,,,,,,,,0.0,,,,,0.011902570724487305,0.0
,mappo,,,,2315.0,0.0,0.0,0.0,0.0,0.0,0.0,0.0,0.0,0.0,0.0,0.0,0.0,0.0,,,,,,,
0.07348550856113434,mappo,2.8839304277994415e-09,-0.8542304635047913,0.00030496832277425814,2316.0,,,,,,,,,,,,,,0.0,,,,,0.012052294798195362,0.0
,mappo,,,,2316.0,0.0,0.0,0.0,0.0,0.0,0.0,0.0,0.0,0.0,0.0,0.0,0.0,0.0,,,,,,,
-0.003526859451085329,mappo,6.374976657674836e-10,-0.7322491407394409,0.0003046682227409136,2317.0,,,,,,,,,,,,,,0.0,,,,,0.011902106925845146,0.0
,mappo,,,,2317.0,0.0,0.0,0.0,0.0,0.0,0.0,0.0,0.0,0.0,0.0,0.0,0.0,0.0,,,,,,,
0.0027369470335543156,mappo,1.862285464726554e-10,-0.7644925713539124,0.0003043681227075693,2318.0,,,,,,,,,,,,,,0.0,,,,,0.011697176843881607,0.0
,mappo,,,,2318.0,0.0,0.0,0.0,0.0,0.0,0.0,0.0,0.0,0.0,0.0,0.0,0.0,0.0,,,,,,,
0.043434590101242065,mappo,8.974355703017523e-10,-0.8359559178352356,0.0003040680226742248,2319.0,,,,,,,,,,,,,,0.0,,,,,0.012011700309813023,0.0
,mappo,,,,2319.0,0.0,0.0,0.0,0.0,0.0,0.0,0.0,0.0,0.0,0.0,0.0,0.0,0.0,,,,,,,
0.014086015522480011,mappo,2.6983328904606196e-09,-0.72409588098526,0.0003037679226408803,2320.0,,,,,,,,,,,,,,0.0,,,,,0.011328771710395813,0.0
,mappo,,,,2320.0,0.0,0.0,0.0,0.0,0.0,0.0,0.0,0.0,0.0,0.0,0.0,0.0,0.0,,,,,,,
0.010871879756450653,mappo,3.649704760633199e-09,-0.7085348963737488,0.0003034678226075359,2321.0,,,,,,,,,,,,,,0.0,,,,,0.011606508865952492,0.0
,mappo,,,,2321.0,0.0,0.0,0.0,0.0,0.0,0.0,0.0,0.0,0.0,0.0,0.0,0.0,0.0,,,,,,,
0.0151774687692523,mappo,8.701477760553189e-09,-0.8023939728736877,0.00030316772257419147,2322.0,,,,,,,,,,,,,,0.0,,,,,0.01194906048476696,0.0
,mappo,,,,2322.0,0.0,0.0,0.0,0.0,0.0,0.0,0.0,0.0,0.0,0.0,0.0,0.0,0.0,,,,,,,
-0.003244148101657629,mappo,4.3913188640942735e-09,-0.6937341094017029,0.00030286762254084696,2323.0,,,,,,,,,,,,,,0.0,,,,,0.011155948974192142,0.0
,mappo,,,,2323.0,0.0,0.0,0.0,0.0,0.0,0.0,0.0,0.0,0.0,0.0,0.0,0.0,0.0,,,,,,,
-0.0015900759026408195,mappo,5.239549683011546e-09,-0.799458920955658,0.00030256752250750255,2324.0,,,,,,,,,,,,,,0.0,,,,,0.011829432100057602,0.0
,mappo,,,,2324.0,0.0,0.0,0.0,0.0,0.0,0.0,0.0,0.0,0.0,0.0,0.0,0.0,0.0,,,,,,,
-0.0031213322654366493,mappo,7.589607164959489e-09,-0.8357334136962891,0.00030226742247415803,2325.0,,,,,,,,,,,,,,0.0,,,,,0.012049069628119469,0.0
,mappo,,,,2325.0,0.0,0.0,0.0,0.0,0.0,0.0,0.0,0.0,0.0,0.0,0.0,0.0,0.0,,,,,,,
0.0037792855873703957,mappo,1.6695445026471134e-08,-0.701294481754303,0.0003019673224408136,2326.0,,,,,,,,,,,,,,0.0,,,,,0.01167664211243391,0.0
,mappo,,,,2326.0,0.0,0.0,0.0,0.0,0.0,0.0,0.0,0.0,0.0,0.0,0.0,0.0,0.0,,,,,,,
0.010239298455417156,mappo,2.4687704325287996e-08,-0.7377366423606873,0.0003016672224074692,2327.0,,,,,,,,,,,,,,0.0,,,,,0.012367966584861279,0.0
,mappo,,,,2327.0,0.0,0.0,0.0,0.0,0.0,0.0,0.0,0.0,0.0,0.0,0.0,0.0,0.0,,,,,,,
-0.004581613466143608,mappo,4.185262270084422e-08,-0.7288625836372375,0.0003013671223741247,2328.0,,,,,,,,,,,,,,0.0,,,,,0.01223690900951624,0.0
,mappo,,,,2328.0,0.0,0.0,0.0,0.0,0.0,0.0,0.0,0.0,0.0,0.0,0.0,0.0,0.0,,,,,,,
-0.008055600337684155,mappo,5.656113444274524e-08,-0.6921038031578064,0.0003010670223407803,2329.0,,,,,,,,,,,,,,0.0,,,,,0.012242498807609081,0.0
,mappo,,,,2329.0,0.0,0.0,0.0,0.0,0.0,0.0,0.0,0.0,0.0,0.0,0.0,0.0,0.0,,,,,,,
-0.00015276673366315663,mappo,7.174944016696827e-08,-0.6697777509689331,0.0003007669223074359,2330.0,,,,,,,,,,,,,,0.0,,,,,0.012216852977871895,0.0
,mappo,,,,2330.0,0.0,0.0,0.0,0.0,0.0,0.0,0.0,0.0,0.0,0.0,0.0,0.0,0.0,,,,,,,
0.002854460384696722,mappo,8.878958368541134e-08,-0.6019459366798401,0.00030046682227409137,2331.0,,,,,,,,,,,,,,0.0,,,,,0.012078940868377686,0.0
,mappo,,,,2331.0,0.0,0.0,0.0,0.0,0.0,0.0,0.0,0.0,0.0,0.0,0.0,0.0,0.0,,,,,,,
0.026640119031071663,mappo,9.110609511253642e-08,-0.5907268524169922,0.00030016672224074696,2332.0,,,,,,,,,,,,,,0.0,,,,,0.01201702281832695,0.0
,mappo,,,,2332.0,0.0,0.0,0.0,0.0,0.0,0.0,0.0,0.0,0.0,0.0,0.0,0.0,0.0,,,,,,,
0.0063717481680214405,mappo,7.344691965727179e-08,-0.6090295910835266,0.00029986662220740255,2333.0,,,,,,,,,,,,,,0.0,,,,,0.012020193971693516,0.0
,mappo,,,,2333.0,0.0,0.0,0.0,0.0,0.0,0.0,0.0,0.0,0.0,0.0,0.0,0.0,0.0,,,,,,,
-0.004643178079277277,mappo,5.134236147341653e-08,-0.6153832674026489,0.00029956652217405803,2334.0,,,,,,,,,,,,,,0.0,,,,,0.012091293931007385,0.0
,mappo,,,,2334.0,0.0,0.0,0.0,0.0,0.0,0.0,0.0,0.0,0.0,0.0,0.0,0.0,0.0,,,,,,,
-0.006528228521347046,mappo,3.848527185823514e-08,-0.6064555644989014,0.0002992664221407136,2335.0,,,,,,,,,,,,,,0.0,,,,,0.01236008107662201,0.0
,mappo,,,,2335.0,0.0,0.0,0.0,0.0,0.0,0.0,0.0,0.0,0.0,0.0,0.0,0.0,0.0,,,,,,,
-2.561137080192566e-05,mappo,2.8132820517612345e-08,-0.521702229976654,0.0002989663221073691,2336.0,,,,,,,,,,,,,,0.0,,,,,0.012305853888392448,0.0
,mappo,,,,2336.0,0.0,0.0,0.0,0.0,0.0,0.0,0.0,0.0,0.0,0.0,0.0,0.0,0.0,,,,,,,
0.003467421978712082,mappo,1.9752047109022897e-08,-0.5295155644416809,0.0002986662220740247,2337.0,,,,,,,,,,,,,,0.0,,,,,0.01202438771724701,0.0
,mappo,,,,2337.0,0.0,0.0,0.0,0.0,0.0,0.0,0.0,0.0,0.0,0.0,0.0,0.0,0.0,,,,,,,
-0.004777196329087019,mappo,6.9883174802498615e-09,-0.4247276186943054,0.0002983661220406803,2338.0,,,,,,,,,,,,,,0.0,,,,,0.012054674327373505,0.0
,mappo,,,,2338.0,0.0,0.0,0.0,0.0,0.0,0.0,0.0,0.0,0.0,0.0,0.0,0.0,0.0,,,,,,,
-0.008662140928208828,mappo,4.409860920873143e-09,-0.5338329076766968,0.0002980660220073358,2339.0,,,,,,,,,,,,,,0.0,,,,,0.012000088579952717,0.0
,mappo,,,,2339.0,0.0,0.0,0.0,0.0,0.0,0.0,0.0,0.0,0.0,0.0,0.0,0.0,0.0,,,,,,,
0.005007475148886442,mappo,2.3079171906914553e-09,-0.49826034903526306,0.00029776592197399137,2340.0,,,,,,,,,,,,,,0.0,,,,,0.01210484467446804,0.0
,mappo,,,,2340.0,0.0,0.0,0.0,0.0,0.0,0.0,0.0,0.0,0.0,0.0,0.0,0.0,0.0,,,,,,,
0.005830117966979742,mappo,1.3468480775102876e-09,-0.49383899569511414,0.00029746582194064696,2341.0,,,,,,,,,,,,,,0.0,,,,,0.012020828202366829,0.0
,mappo,,,,2341.0,0.0,0.0,0.0,0.0,0.0,0.0,0.0,0.0,0.0,0.0,0.0,0.0,0.0,,,,,,,
0.0029934525955468416,mappo,6.749412140294453e-10,-0.4443296194076538,0.00029716572190730244,2342.0,,,,,,,,,,,,,,0.0,,,,,0.012023533694446087,0.0
,mappo,,,,2342.0,0.0,0.0,0.0,0.0,0.0,0.0,0.0,0.0,0.0,0.0,0.0,0.0,0.0,,,,,,,
0.001129551907069981,mappo,4.82519968425521e-10,-0.4246876537799835,0.00029686562187395803,2343.0,,,,,,,,,,,,,,0.0,,,,,0.012020956724882126,0.0
,mappo,,,,2343.0,0.0,0.0,0.0,0.0,0.0,0.0,0.0,0.0,0.0,0.0,0.0,0.0,0.0,,,,,,,
-0.003491764422506094,mappo,3.996952768758888e-10,-0.413681298494339,0.0002965655218406135,2344.0,,,,,,,,,,,,,,0.0,,,,,0.011915484443306923,0.0
,mappo,,,,2344.0,0.0,0.0,0.0,0.0,0.0,0.0,0.0,0.0,0.0,0.0,0.0,0.0,0.0,,,,,,,
0.004892646800726652,mappo,1.0417307988452862e-10,-0.4360075891017914,0.0002962654218072691,2345.0,,,,,,,,,,,,,,0.0,,,,,0.012214023619890213,0.0
,mappo,,,,2345.0,0.0,0.0,0.0,0.0,0.0,0.0,0.0,0.0,0.0,0.0,0.0,0.0,0.0,,,,,,,
0.00032443017698824406,mappo,1.6044249262492372e-10,-0.40151289105415344,0.0002959653217739247,2346.0,,,,,,,,,,,,,,0.0,,,,,0.012125727720558643,0.0
,mappo,,,,2346.0,0.0,0.0,0.0,0.0,0.0,0.0,0.0,0.0,0.0,0.0,0.0,0.0,0.0,,,,,,,
-0.000508983270265162,mappo,1.9099058445881667e-10,-0.40886378288269043,0.0002956652217405802,2347.0,,,,,,,,,,,,,,0.0,,,,,0.012251184321939945,0.0
,mappo,,,,2347.0,0.0,0.0,0.0,0.0,0.0,0.0,0.0,0.0,0.0,0.0,0.0,0.0,0.0,,,,,,,
0.0017001895466819406,mappo,4.111311013854646e-10,-0.4332200586795807,0.0002953651217072358,2348.0,,,,,,,,,,,,,,0.0,,,,,0.012330292724072933,0.0
,mappo,,,,2348.0,0.0,0.0,0.0,0.0,0.0,0.0,0.0,0.0,0.0,0.0,0.0,0.0,0.0,,,,,,,
-0.005917952861636877,mappo,6.225800985859564e-10,-0.37602606415748596,0.00029506502167389137,2349.0,,,,,,,,,,,,,,0.0,,,,,0.01216739322990179,0.0
,mappo,,,,2349.0,0.0,0.0,0.0,0.0,0.0,0.0,0.0,0.0,0.0,0.0,0.0,0.0,0.0,,,,,,,
0.002657119184732437,mappo,9.265286871062983e-10,-0.2993386387825012,0.00029476492164054685,2350.0,,,,,,,,,,,,,,0.0,,,,,0.011816699057817459,0.0
,mappo,,,,2350.0,0.0,0.0,0.0,0.0,0.0,0.0,0.0,0.0,0.0,0.0,0.0,0.0,0.0,,,,,,,
0.007040258031338453,mappo,1.1779787145727028e-09,-0.2994861900806427,0.00029446482160720244,2351.0,,,,,,,,,,,,,,0.0,,,,,0.011708386242389679,0.0
,mappo,,,,2351.0,0.0,0.0,0.0,0.0,0.0,0.0,0.0,0.0,0.0,0.0,0.0,0.0,0.0,,,,,,,
-0.0060143303126096725,mappo,1.338951838292246e-09,-0.37154287099838257,0.00029416472157385804,2352.0,,,,,,,,,,,,,,0.0,,,,,0.012417558580636978,0.0
,mappo,,,,2352.0,0.0,0.0,0.0,0.0,0.0,0.0,0.0,0.0,0.0,0.0,0.0,0.0,0.0,,,,,,,
-0.0032664239406585693,mappo,1.058955367838621e-09,-0.33603641390800476,0.0002938646215405135,2353.0,,,,,,,,,,,,,,0.0,,,,,0.01224086619913578,0.0
,mappo,,,,2353.0,0.0,0.0,0.0,0.0,0.0,0.0,0.0,0.0,0.0,0.0,0.0,0.0,0.0,,,,,,,
0.004941214341670275,mappo,1.0112288784114298e-09,-0.29091188311576843,0.0002935645215071691,2354.0,,,,,,,,,,,,,,0.0,,,,,0.012125074863433838,0.0
,mappo,,,,2354.0,0.0,0.0,0.0,0.0,0.0,0.0,0.0,0.0,0.0,0.0,0.0,0.0,0.0,,,,,,,
-0.0013560897205024958,mappo,1.5543047959809542e-09,-0.2269091010093689,0.0002932644214738246,2355.0,,,,,,,,,,,,,,0.0,,,,,0.011618629097938538,0.0
,mappo,,,,2355.0,0.0,0.0,0.0,0.0,0.0,0.0,0.0,0.0,0.0,0.0,0.0,0.0,0.0,,,,,,,
-0.0031347977928817272,mappo,1.5243606377168817e-09,-0.24269939959049225,0.0002929643214404802,2356.0,,,,,,,,,,,,,,0.0,,,,,0.011972879990935326,0.0
,mappo,,,,2356.0,0.0,0.0,0.0,0.0,0.0,0.0,0.0,0.0,0.0,0.0,0.0,0.0,0.0,,,,,,,
0.0006918942090123892,mappo,2.093967665928176e-09,-0.23114417493343353,0.0002926642214071358,2357.0,,,,,,,,,,,,,,0.0,,,,,0.012214833870530128,0.0
,mappo,,,,2357.0,0.0,0.0,0.0,0.0,0.0,0.0,0.0,0.0,0.0,0.0,0.0,0.0,0.0,,,,,,,
0.0004259574052412063,mappo,2.6700381905442327e-09,-0.14984387159347534,0.00029236412137379126,2358.0,,,,,,,,,,,,,,0.0,,,,,0.011254931800067425,0.0
,mappo,,,,2358.0,0.0,0.0,0.0,0.0,0.0,0.0,0.0,0.0,0.0,0.0,0.0,0.0,0.0,,,,,,,
-0.0074714371003210545,mappo,3.651295488182882e-09,-0.17847223579883575,0.00029206402134044685,2359.0,,,,,,,,,,,,,,0.0,,,,,0.011841801926493645,0.0
,mappo,,,,2359.0,0.0,0.0,0.0,0.0,0.0,0.0,0.0,0.0,0.0,0.0,0.0,0.0,0.0,,,,,,,
-0.004559094551950693,mappo,4.166511580194765e-09,-0.041511569172143936,0.00029176392130710244,2360.0,,,,,,,,,,,,,,0.0,,,,,0.011155074462294579,0.0
,mappo,,,,2360.0,0.0,0.0,0.0,0.0,0.0,0.0,0.0,0.0,0.0,0.0,0.0,0.0,0.0,,,,,,,
-0.007342984899878502,mappo,4.271839326719373e-09,-0.06400874257087708,0.00029146382127375793,2361.0,,,,,,,,,,,,,,0.0,,,,,0.011863093823194504,0.0
,mappo,,,,2361.0,0.0,0.0,0.0,0.0,0.0,0.0,0.0,0.0,0.0,0.0,0.0,0.0,0.0,,,,,,,
-0.0008545219316147268,mappo,3.0244788895572583e-09,-0.0555139034986496,0.0002911637212404135,2362.0,,,,,,,,,,,,,,0.0,,,,,0.011775141581892967,0.0
,mappo,,,,2362.0,0.0,0.0,0.0,0.0,0.0,0.0,0.0,0.0,0.0,0.0,0.0,0.0,0.0,,,,,,,
0.012089458294212818,mappo,1.8102633836392101e-09,0.0823647752404213,0.0002908636212070691,2363.0,,,,,,,,,,,,,,0.0,,,,,0.009974760003387928,0.0
,mappo,,,,2363.0,0.0,0.0,0.0,0.0,0.0,0.0,0.0,0.0,0.0,0.0,0.0,0.0,0.0,,,,,,,
-0.0027569341473281384,mappo,2.4749780003219257e-09,0.050871312618255615,0.0002905635211737246,2364.0,,,,,,,,,,,,,,0.0,,,,,0.01045810617506504,0.0
,mappo,,,,2364.0,0.0,0.0,0.0,0.0,0.0,0.0,0.0,0.0,0.0,0.0,0.0,0.0,0.0,,,,,,,
-0.0058333175256848335,mappo,2.5284401239389354e-09,0.09305765479803085,0.0002902634211403802,2365.0,,,,,,,,,,,,,,0.0,,,,,0.010166699066758156,0.0
,mappo,,,,2365.0,0.0,0.0,0.0,0.0,0.0,0.0,0.0,0.0,0.0,0.0,0.0,0.0,0.0,,,,,,,
-0.004662636201828718,mappo,3.4598115483674974e-09,0.07465332001447678,0.00028996332110703567,2366.0,,,,,,,,,,,,,,0.0,,,,,0.011047830805182457,0.0
,mappo,,,,2366.0,0.0,0.0,0.0,0.0,0.0,0.0,0.0,0.0,0.0,0.0,0.0,0.0,0.0,,,,,,,
-0.006660339888185263,mappo,1.4383787494409717e-08,0.15876682102680206,0.00028966322107369126,2367.0,,,,,,,,,,,,,,0.0,,,,,0.009971054270863533,0.0
,mappo,,,,2367.0,0.0,0.0,0.0,0.0,0.0,0.0,0.0,0.0,0.0,0.0,0.0,0.0,0.0,,,,,,,
-0.001720838830806315,mappo,5.212029918766348e-09,0.1443227231502533,0.00028936312104034685,2368.0,,,,,,,,,,,,,,0.0,,,,,0.011098760180175304,0.0
,mappo,,,,2368.0,0.0,0.0,0.0,0.0,0.0,0.0,0.0,0.0,0.0,0.0,0.0,0.0,0.0,,,,,,,
-0.005257107317447662,mappo,3.2526873638971665e-08,0.30951881408691406,0.00028906302100700234,2369.0,,,,,,,,,,,,,,0.0,,,,,0.009026728570461273,0.0
,mappo,,,,2369.0,0.0,0.0,0.0,0.0,0.0,0.0,0.0,0.0,0.0,0.0,0.0,0.0,0.0,,,,,,,
-0.0012163585051894188,mappo,2.964692136231406e-08,0.1439482867717743,0.00028876292097365793,2370.0,,,,,,,,,,,,,,0.0,,,,,0.010555204004049301,0.0
,mappo,,,,2370.0,0.0,0.0,0.0,0.0,0.0,0.0,0.0,0.0,0.0,0.0,0.0,0.0,0.0,,,,,,,
-0.006081260275095701,mappo,1.943307736951283e-08,0.20705097913742065,0.0002884628209403135,2371.0,,,,,,,,,,,,,,0.0,,,,,0.010118218138813972,0.0
,mappo,,,,2371.0,0.0,0.0,0.0,0.0,0.0,0.0,0.0,0.0,0.0,0.0,0.0,0.0,0.0,,,,,,,
-0.0031680790707468987,mappo,1.963551454764456e-08,0.16686443984508514,0.000288162720906969,2372.0,,,,,,,,,,,,,,0.0,,,,,0.010606014169752598,0.0
,mappo,,,,2372.0,0.0,0.0,0.0,0.0,0.0,0.0,0.0,0.0,0.0,0.0,0.0,0.0,0.0,,,,,,,
-0.00620842631906271,mappo,1.7359315762632832e-08,0.11148358881473541,0.0002878626208736246,2373.0,,,,,,,,,,,,,,0.0,,,,,0.011439421214163303,0.0
,mappo,,,,2373.0,0.0,0.0,0.0,0.0,0.0,0.0,0.0,0.0,0.0,0.0,0.0,0.0,0.0,,,,,,,
-0.0023564763832837343,mappo,1.1283613154944305e-08,0.08719214051961899,0.0002875625208402801,2374.0,,,,,,,,,,,,,,0.0,,,,,0.010833530686795712,0.0
,mappo,,,,2374.0,0.0,0.0,0.0,0.0,0.0,0.0,0.0,0.0,0.0,0.0,0.0,0.0,0.0,,,,,,,
-0.007228114642202854,mappo,8.128896666903529e-09,0.12825393676757812,0.00028726242080693567,2375.0,,,,,,,,,,,,,,0.0,,,,,0.010315118357539177,0.0
,mappo,,,,2375.0,0.0,0.0,0.0,0.0,0.0,0.0,0.0,0.0,0.0,0.0,0.0,0.0,0.0,,,,,,,
-0.003496571909636259,mappo,5.095998290016723e-09,0.1919832080602646,0.00028696232077359126,2376.0,,,,,,,,,,,,,,0.0,,,,,0.010369762778282166,0.0
,mappo,,,,2376.0,0.0,0.0,0.0,0.0,0.0,0.0,0.0,0.0,0.0,0.0,0.0,0.0,0.0,,,,,,,
-0.007228204049170017,mappo,1.6682286663183277e-09,0.2931891679763794,0.00028666222074024675,2377.0,,,,,,,,,,,,,,0.0,,,,,0.009204813279211521,0.0
,mappo,,,,2377.0,0.0,0.0,0.0,0.0,0.0,0.0,0.0,0.0,0.0,0.0,0.0,0.0,0.0,,,,,,,
-0.0039037102833390236,mappo,1.1438041624955986e-09,0.322002112865448,0.00028636212070690234,2378.0,,,,,,,,,,,,,,0.0,,,,,0.009548503905534744,0.0
,mappo,,,,2378.0,0.0,0.0,0.0,0.0,0.0,0.0,0.0,0.0,0.0,0.0,0.0,0.0,0.0,,,,,,,
-0.010370070114731789,mappo,2.6602373637274468e-08,0.24933570623397827,0.00028606202067355793,2379.0,,,,,,,,,,,,,,0.0,,,,,0.00936832744628191,0.0
,mappo,,,,2379.0,0.0,0.0,0.0,0.0,0.0,0.0,0.0,0.0,0.0,0.0,0.0,0.0,0.0,,,,,,,
-0.0012768626911565661,mappo,6.862450163680478e-09,0.19014596939086914,0.0002857619206402134,2380.0,,,,,,,,,,,,,,0.0,,,,,0.010242639109492302,0.0
,mappo,,,,2380.0,0.0,0.0,0.0,0.0,0.0,0.0,0.0,0.0,0.0,0.0,0.0,0.0,0.0,,,,,,,
8.948062168201432e-05,mappo,2.0354644192366322e-08,0.27333781123161316,0.000285461820606869,2381.0,,,,,,,,,,,,,,0.0,,,,,0.009556209668517113,0.0
,mappo,,,,2381.0,0.0,0.0,0.0,0.0,0.0,0.0,0.0,0.0,0.0,0.0,0.0,0.0,0.0,,,,,,,
-0.009133400395512581,mappo,2.6497882998910427e-08,0.20298123359680176,0.0002851617205735246,2382.0,,,,,,,,,,,,,,0.0,,,,,0.010161180049180984,0.0
,mappo,,,,2382.0,0.0,0.0,0.0,0.0,0.0,0.0,0.0,0.0,0.0,0.0,0.0,0.0,0.0,,,,,,,
-8.282507042167708e-05,mappo,1.5208405201860842e-08,0.2652113437652588,0.0002848616205401801,2383.0,,,,,,,,,,,,,,0.0,,,,,0.009651768021285534,0.0
,mappo,,,,2383.0,0.0,0.0,0.0,0.0,0.0,0.0,0.0,0.0,0.0,0.0,0.0,0.0,0.0,,,,,,,
-0.006241540424525738,mappo,1.3179153768305696e-07,0.29562288522720337,0.0002845615205068357,2384.0,,,,,,,,,,,,,,0.0,,,,,0.009223056957125664,0.0
,mappo,,,,2384.0,0.0,0.0,0.0,0.0,0.0,0.0,0.0,0.0,0.0,0.0,0.0,0.0,0.0,,,,,,,
-0.006111229304224253,mappo,8.23954593442977e-09,0.23064616322517395,0.00028426142047349116,2385.0,,,,,,,,,,,,,,0.0,,,,,0.009725097566843033,0.0
,mappo,,,,2385.0,0.0,0.0,0.0,0.0,0.0,0.0,0.0,0.0,0.0,0.0,0.0,0.0,0.0,,,,,,,
-0.0006103673367761075,mappo,2.2722767667460175e-08,0.1199527382850647,0.00028396132044014675,2386.0,,,,,,,,,,,,,,0.0,,,,,0.010629927739501,0.0
,mappo,,,,2386.0,0.0,0.0,0.0,0.0,0.0,0.0,0.0,0.0,0.0,0.0,0.0,0.0,0.0,,,,,,,
-0.00519885029643774,mappo,2.3248876601655866e-08,0.29170000553131104,0.00028366122040680234,2387.0,,,,,,,,,,,,,,0.0,,,,,0.009183946996927261,0.0
,mappo,,,,2387.0,0.0,0.0,0.0,0.0,0.0,0.0,0.0,0.0,0.0,0.0,0.0,0.0,0.0,,,,,,,
-0.0035406919196248055,mappo,2.1096662194963756e-08,0.19811277091503143,0.0002833611203734578,2388.0,,,,,,,,,,,,,,0.0,,,,,0.010280073620378971,0.0
,mappo,,,,2388.0,0.0,0.0,0.0,0.0,0.0,0.0,0.0,0.0,0.0,0.0,0.0,0.0,0.0,,,,,,,
-0.004990435671061277,mappo,1.060756193993484e-08,0.23352406919002533,0.0002830610203401134,2389.0,,,,,,,,,,,,,,0.0,,,,,0.009614285081624985,0.0
,mappo,,,,2389.0,0.0,0.0,0.0,0.0,0.0,0.0,0.0,0.0,0.0,0.0,0.0,0.0,0.0,,,,,,,
0.0009267681161873043,mappo,5.37927746790956e-09,0.08311465382575989,0.000282760920306769,2390.0,,,,,,,,,,,,,,0.0,,,,,0.010320082306861877,0.0
,mappo,,,,2390.0,0.0,0.0,0.0,0.0,0.0,0.0,0.0,0.0,0.0,0.0,0.0,0.0,0.0,,,,,,,
-0.004761056508868933,mappo,7.3893615670783674e-09,-0.02982604317367077,0.0002824608202734245,2391.0,,,,,,,,,,,,,,0.0,,,,,0.011448251083493233,0.0
,mappo,,,,2391.0,0.0,0.0,0.0,0.0,0.0,0.0,0.0,0.0,0.0,0.0,0.0,0.0,0.0,,,,,,,
-0.012592827901244164,mappo,4.774385775618839e-09,-0.08289410918951035,0.0002821607202400801,2392.0,,,,,,,,,,,,,,0.0,,,,,0.011397775262594223,0.0
,mappo,,,,2392.0,0.0,0.0,0.0,0.0,0.0,0.0,0.0,0.0,0.0,0.0,0.0,0.0,0.0,,,,,,,
-0.0015904026804491878,mappo,5.9123999029964125e-09,-0.03717976436018944,0.0002818606202067357,2393.0,,,,,,,,,,,,,,0.0,,,,,0.010994864627718925,0.0
,mappo,,,,2393.0,0.0,0.0,0.0,0.0,0.0,0.0,0.0,0.0,0.0,0.0,0.0,0.0,0.0,,,,,,,
-0.006334010511636734,mappo,4.3860559628683404e-09,-0.10765840858221054,0.00028156052017339116,2394.0,,,,,,,,,,,,,,0.0,,,,,0.011567892506718636,0.0
,mappo,,,,2394.0,0.0,0.0,0.0,0.0,0.0,0.0,0.0,0.0,0.0,0.0,0.0,0.0,0.0,,,,,,,
0.0019359325524419546,mappo,3.19199511267243e-09,-0.10160530358552933,0.00028126042014004675,2395.0,,,,,,,,,,,,,,0.0,,,,,0.011658690869808197,0.0
,mappo,,,,2395.0,0.0,0.0,0.0,0.0,0.0,0.0,0.0,0.0,0.0,0.0,0.0,0.0,0.0,,,,,,,
0.0029012970626354218,mappo,2.1016051121591772e-09,-0.05758081376552582,0.00028096032010670223,2396.0,,,,,,,,,,,,,,0.0,,,,,0.011507036164402962,0.0
,mappo,,,,2396.0,0.0,0.0,0.0,0.0,0.0,0.0,0.0,0.0,0.0,0.0,0.0,0.0,0.0,,,,,,,
-0.007906089536845684,mappo,1.5373871065094136e-09,-0.07539928704500198,0.0002806602200733578,2397.0,,,,,,,,,,,,,,0.0,,,,,0.011580651625990868,0.0
,mappo,,,,2397.0,0.0,0.0,0.0,0.0,0.0,0.0,0.0,0.0,0.0,0.0,0.0,0.0,0.0,,,,,,,
-0.003942248411476612,mappo,1.8693936676417167e-10,-0.01679379679262638,0.0002803601200400134,2398.0,,,,,,,,,,,,,,0.0,,,,,0.01147737167775631,0.0
,mappo,,,,2398.0,0.0,0.0,0.0,0.0,0.0,0.0,0.0,0.0,0.0,0.0,0.0,0.0,0.0,,,,,,,
0.011299774050712585,mappo,1.0549833229234196e-09,-0.08076830208301544,0.0002800600200066689,2399.0,,,,,,,,,,,,,,0.0,,,,,0.011534502729773521,0.0
,mappo,,,,2399.0,0.0,0.0,0.0,0.0,0.0,0.0,0.0,0.0,0.0,0.0,0.0,0.0,0.0,,,,,,,
,mappo,,,,2399.0,,,,,,,,,,,,,,,0.0,0.0,0.0,0.0,,
-0.0040895636193454266,mappo,1.5257813068547676e-10,-0.05308828875422478,0.0002797599199733245,2400.0,,,,,,,,,,,,,,0.0,,,,,0.011237731203436852,0.0
,mappo,,,,2400.0,0.0,0.0,0.0,0.0,0.0,0.0,0.0,0.0,0.0,0.0,0.0,0.0,0.0,,,,,,,
-2.8954515073564835e-05,mappo,1.888034617536505e-09,-0.06282753497362137,0.0002794598199399801,2401.0,,,,,,,,,,,,,,0.0,,,,,0.01165601797401905,0.0
,mappo,,,,2401.0,0.0,0.0,0.0,0.0,0.0,0.0,0.0,0.0,0.0,0.0,0.0,0.0,0.0,,,,,,,
-0.01039071660488844,mappo,4.114437235358537e-09,-0.02127847447991371,0.00027915971990663557,2402.0,,,,,,,,,,,,,,0.0,,,,,0.011286936700344086,0.0
,mappo,,,,2402.0,0.0,0.0,0.0,0.0,0.0,0.0,0.0,0.0,0.0,0.0,0.0,0.0,0.0,,,,,,,
8.415995398536325e-05,mappo,2.052436665067603e-09,0.07215511798858643,0.00027885961987329116,2403.0,,,,,,,,,,,,,,0.0,,,,,0.010512461885809898,0.0
,mappo,,,,2403.0,0.0,0.0,0.0,0.0,0.0,0.0,0.0,0.0,0.0,0.0,0.0,0.0,0.0,,,,,,,
-0.003660329384729266,mappo,5.190949892153185e-09,0.02166113816201687,0.00027855951983994664,2404.0,,,,,,,,,,,,,,0.0,,,,,0.011502791196107864,0.0
,mappo,,,,2404.0,0.0,0.0,0.0,0.0,0.0,0.0,0.0,0.0,0.0,0.0,0.0,0.0,0.0,,,,,,,
0.0048776594921946526,mappo,2.2301629432064374e-09,0.009635495021939278,0.00027825941980660223,2405.0,,,,,,,,,,,,,,0.0,,,,,0.011140821501612663,0.0
,mappo,,,,2405.0,0.0,0.0,0.0,0.0,0.0,0.0,0.0,0.0,0.0,0.0,0.0,0.0,0.0,,,,,,,
-0.005173318088054657,mappo,1.3791978670241178e-09,0.0353885255753994,0.0002779593197732578,2406.0,,,,,,,,,,,,,,0.0,,,,,0.01101065706461668,0.0
,mappo,,,,2406.0,0.0,0.0,0.0,0.0,0.0,0.0,0.0,0.0,0.0,0.0,0.0,0.0,0.0,,,,,,,
-0.001227670582011342,mappo,4.0127684508561856e-10,0.034109462052583694,0.0002776592197399133,2407.0,,,,,,,,,,,,,,0.0,,,,,0.011462721973657608,0.0
,mappo,,,,2407.0,0.0,0.0,0.0,0.0,0.0,0.0,0.0,0.0,0.0,0.0,0.0,0.0,0.0,,,,,,,
-0.007922578603029251,mappo,3.4075856025772566e-10,0.049785066395998,0.0002773591197065689,2408.0,,,,,,,,,,,,,,0.0,,,,,0.01078377291560173,0.0
,mappo,,,,2408.0,0.0,0.0,0.0,0.0,0.0,0.0,0.0,0.0,0.0,0.0,0.0,0.0,0.0,,,,,,,
-0.005584342870861292,mappo,1.470595589747603e-10,-0.04469351842999458,0.0002770590196732245,2409.0,,,,,,,,,,,,,,0.0,,,,,0.01141827180981636,0.0
,mappo,,,,2409.0,0.0,0.0,0.0,0.0,0.0,0.0,0.0,0.0,0.0,0.0,0.0,0.0,0.0,,,,,,,
0.00016531800793018192,mappo,2.644863772438555e-10,0.05009661614894867,0.00027675891963988,2410.0,,,,,,,,,,,,,,0.0,,,,,0.010123515501618385,0.0
,mappo,,,,2410.0,0.0,0.0,0.0,0.0,0.0,0.0,0.0,0.0,0.0,0.0,0.0,0.0,0.0,,,,,,,
-0.005628197453916073,mappo,4.703379907766703e-10,0.10562637448310852,0.00027645881960653557,2411.0,,,,,,,,,,,,,,0.0,,,,,0.011617636308073997,0.0
,mappo,,,,2411.0,0.0,0.0,0.0,0.0,0.0,0.0,0.0,0.0,0.0,0.0,0.0,0.0,0.0,,,,,,,
-0.0066301156766712666,mappo,4.4116577058161965e-09,0.2782953679561615,0.00027615871957319116,2412.0,,,,,,,,,,,,,,0.0,,,,,0.008944672532379627,0.0
,mappo,,,,2412.0,0.0,0.0,0.0,0.0,0.0,0.0,0.0,0.0,0.0,0.0,0.0,0.0,0.0,,,,,,,
0.0005713640130124986,mappo,5.127446800479163e-10,0.15833774209022522,0.00027585861953984664,2413.0,,,,,,,,,,,,,,0.0,,,,,0.0099168810993433,0.0
,mappo,,,,2413.0,0.0,0.0,0.0,0.0,0.0,0.0,0.0,0.0,0.0,0.0,0.0,0.0,0.0,,,,,,,
-0.005161194130778313,mappo,1.3133891751948568e-09,0.1665753871202469,0.00027555851950650224,2414.0,,,,,,,,,,,,,,0.0,,,,,0.009692065417766571,0.0
,mappo,,,,2414.0,0.0,0.0,0.0,0.0,0.0,0.0,0.0,0.0,0.0,0.0,0.0,0.0,0.0,,,,,,,
-0.004353138152509928,mappo,4.261182240394845e-10,0.22011879086494446,0.0002752584194731577,2415.0,,,,,,,,,,,,,,0.0,,,,,0.009447049349546432,0.0
,mappo,,,,2415.0,0.0,0.0,0.0,0.0,0.0,0.0,0.0,0.0,0.0,0.0,0.0,0.0,0.0,,,,,,,
-0.0045057665556669235,mappo,1.8077374264180435e-08,0.3201868534088135,0.0002749583194398133,2416.0,,,,,,,,,,,,,,0.0,,,,,0.00868237391114235,0.0
,mappo,,,,2416.0,0.0,0.0,0.0,0.0,0.0,0.0,0.0,0.0,0.0,0.0,0.0,0.0,0.0,,,,,,,
-0.004308599978685379,mappo,3.3050673309276135e-09,0.2458132654428482,0.0002746582194064689,2417.0,,,,,,,,,,,,,,0.0,,,,,0.00934597197920084,0.0
,mappo,,,,2417.0,0.0,0.0,0.0,0.0,0.0,0.0,0.0,0.0,0.0,0.0,0.0,0.0,0.0,,,,,,,
-0.006517480593174696,mappo,3.639441414904354e-09,0.29533690214157104,0.0002743581193731244,2418.0,,,,,,,,,,,,,,0.0,,,,,0.00901888869702816,0.0
,mappo,,,,2418.0,0.0,0.0,0.0,0.0,0.0,0.0,0.0,0.0,0.0,0.0,0.0,0.0,0.0,,,,,,,
-0.00515587255358696,mappo,2.2931521126423604e-09,0.32288429141044617,0.00027405801933977987,2419.0,,,,,,,,,,,,,,0.0,,,,,0.009266728535294533,0.0
,mappo,,,,2419.0,0.0,0.0,0.0,0.0,0.0,0.0,0.0,0.0,0.0,0.0,0.0,0.0,0.0,,,,,,,
-0.001508371438831091,mappo,3.520547409152641e-09,0.37208303809165955,0.00027375791930643557,2420.0,,,,,,,,,,,,,,0.0,,,,,0.008705705404281616,0.0
,mappo,,,,2420.0,0.0,0.0,0.0,0.0,0.0,0.0,0.0,0.0,0.0,0.0,0.0,0.0,0.0,,,,,,,
-0.004427208099514246,mappo,1.0713311127119596e-07,0.35644012689590454,0.00027345781927309105,2421.0,,,,,,,,,,,,,,0.0,,,,,0.00883666891604662,0.0
,mappo,,,,2421.0,0.0,0.0,0.0,0.0,0.0,0.0,0.0,0.0,0.0,0.0,0.0,0.0,0.0,,,,,,,
-0.004893430508673191,mappo,1.0601995370507211e-07,0.4427913427352905,0.00027315771923974665,2422.0,,,,,,,,,,,,,,0.0,,,,,0.00859488919377327,0.0
,mappo,,,,2422.0,0.0,0.0,0.0,0.0,0.0,0.0,0.0,0.0,0.0,0.0,0.0,0.0,0.0,,,,,,,
-0.007158779073506594,mappo,2.1988915577253465e-08,0.4769675135612488,0.00027285761920640224,2423.0,,,,,,,,,,,,,,0.0,,,,,0.008284756913781166,0.0
,mappo,,,,2423.0,0.0,0.0,0.0,0.0,0.0,0.0,0.0,0.0,0.0,0.0,0.0,0.0,0.0,,,,,,,
-0.00422649784013629,mappo,2.259853815189672e-08,0.398322731256485,0.0002725575191730577,2424.0,,,,,,,,,,,,,,0.0,,,,,0.009302917867898941,0.0
,mappo,,,,2424.0,0.0,0.0,0.0,0.0,0.0,0.0,0.0,0.0,0.0,0.0,0.0,0.0,0.0,,,,,,,
-0.010503089055418968,mappo,1.376860581103756e-08,0.41043034195899963,0.0002722574191397133,2425.0,,,,,,,,,,,,,,0.0,,,,,0.0096469447016716,0.0
,mappo,,,,2425.0,0.0,0.0,0.0,0.0,0.0,0.0,0.0,0.0,0.0,0.0,0.0,0.0,0.0,,,,,,,
0.0007574521005153656,mappo,3.0366040792983995e-09,0.4092520475387573,0.0002719573191063688,2426.0,,,,,,,,,,,,,,0.0,,,,,0.009404804557561874,0.0
,mappo,,,,2426.0,0.0,0.0,0.0,0.0,0.0,0.0,0.0,0.0,0.0,0.0,0.0,0.0,0.0,,,,,,,
-0.0012321756221354008,mappo,8.559429609533709e-09,0.3754013180732727,0.0002716572190730244,2427.0,,,,,,,,,,,,,,0.0,,,,,0.009737899526953697,0.0
,mappo,,,,2427.0,0.0,0.0,0.0,0.0,0.0,0.0,0.0,0.0,0.0,0.0,0.0,0.0,0.0,,,,,,,
-0.008163218386471272,mappo,2.8964799447805945e-09,0.412093847990036,0.00027135711903968,2428.0,,,,,,,,,,,,,,0.0,,,,,0.009121306240558624,0.0
,mappo,,,,2428.0,0.0,0.0,0.0,0.0,0.0,0.0,0.0,0.0,0.0,0.0,0.0,0.0,0.0,,,,,,,
-0.003862016834318638,mappo,4.566214073520314e-10,0.32642582058906555,0.00027105701900633546,2429.0,,,,,,,,,,,,,,0.0,,,,,0.009851556271314621,0.0
,mappo,,,,2429.0,0.0,0.0,0.0,0.0,0.0,0.0,0.0,0.0,0.0,0.0,0.0,0.0,0.0,,,,,,,
-0.006215972360223532,mappo,4.288608135283312e-09,0.2546635866165161,0.00027075691897299095,2430.0,,,,,,,,,,,,,,0.0,,,,,0.010954771190881729,0.0
,mappo,,,,2430.0,0.0,0.0,0.0,0.0,0.0,0.0,0.0,0.0,0.0,0.0,0.0,0.0,0.0,,,,,,,
-0.0014572483487427235,mappo,1.7558657861016513e-09,0.35887137055397034,0.00027045681893964665,2431.0,,,,,,,,,,,,,,0.0,,,,,0.009692544117569923,0.0
,mappo,,,,2431.0,0.0,0.0,0.0,0.0,0.0,0.0,0.0,0.0,0.0,0.0,0.0,0.0,0.0,,,,,,,
-0.0014907043660059571,mappo,3.729717423794909e-09,0.393913209438324,0.00027015671890630213,2432.0,,,,,,,,,,,,,,0.0,,,,,0.009391069412231445,0.0
,mappo,,,,2432.0,0.0,0.0,0.0,0.0,0.0,0.0,0.0,0.0,0.0,0.0,0.0,0.0,0.0,,,,,,,
-0.0032893104944378138,mappo,8.51100168119956e-09,0.2994754910469055,0.0002698566188729577,2433.0,,,,,,,,,,,,,,0.0,,,,,0.010225122794508934,0.0
,mappo,,,,2433.0,0.0,0.0,0.0,0.0,0.0,0.0,0.0,0.0,0.0,0.0,0.0,0.0,0.0,,,,,,,
-0.005247312597930431,mappo,6.719194645121718e-10,0.38960760831832886,0.0002695565188396132,2434.0,,,,,,,,,,,,,,0.0,,,,,0.009111067280173302,0.0
,mappo,,,,2434.0,0.0,0.0,0.0,0.0,0.0,0.0,0.0,0.0,0.0,0.0,0.0,0.0,0.0,,,,,,,
-0.0062492419965565205,mappo,3.3620173311987855e-09,0.3510368764400482,0.0002692564188062688,2435.0,,,,,,,,,,,,,,0.0,,,,,0.010796967893838882,0.0
,mappo,,,,2435.0,0.0,0.0,0.0,0.0,0.0,0.0,0.0,0.0,0.0,0.0,0.0,0.0,0.0,,,,,,,
-0.003939768299460411,mappo,4.242228790474201e-09,0.4001072645187378,0.0002689563187729244,2436.0,,,,,,,,,,,,,,0.0,,,,,0.009759131819009781,0.0
,mappo,,,,2436.0,0.0,0.0,0.0,0.0,0.0,0.0,0.0,0.0,0.0,0.0,0.0,0.0,0.0,,,,,,,
-0.0018653434235602617,mappo,2.9377351662418505e-09,0.4768833518028259,0.00026865621873957987,2437.0,,,,,,,,,,,,,,0.0,,,,,0.008743565529584885,0.0
,mappo,,,,2437.0,0.0,0.0,0.0,0.0,0.0,0.0,0.0,0.0,0.0,0.0,0.0,0.0,0.0,,,,,,,
-0.001974280923604965,mappo,6.28428087345867e-10,0.4862625002861023,0.00026835611870623546,2438.0,,,,,,,,,,,,,,0.0,,,,,0.008662990294396877,0.0
,mappo,,,,2438.0,0.0,0.0,0.0,0.0,0.0,0.0,0.0,0.0,0.0,0.0,0.0,0.0,0.0,,,,,,,
-0.0013058730401098728,mappo,3.544515125852854e-09,0.5289520025253296,0.00026805601867289106,2439.0,,,,,,,,,,,,,,0.0,,,,,0.008515272289514542,0.0
,mappo,,,,2439.0,0.0,0.0,0.0,0.0,0.0,0.0,0.0,0.0,0.0,0.0,0.0,0.0,0.0,,,,,,,
-0.0060997940599918365,mappo,6.256716922337091e-09,0.5400631427764893,0.00026775591863954654,2440.0,,,,,,,,,,,,,,0.0,,,,,0.008583570830523968,0.0
,mappo,,,,2440.0,0.0,0.0,0.0,0.0,0.0,0.0,0.0,0.0,0.0,0.0,0.0,0.0,0.0,,,,,,,
-0.0035329011734575033,mappo,1.1140530276065874e-08,0.5426753163337708,0.000267455818606202,2441.0,,,,,,,,,,,,,,0.0,,,,,0.008581439033150673,0.0
,mappo,,,,2441.0,0.0,0.0,0.0,0.0,0.0,0.0,0.0,0.0,0.0,0.0,0.0,0.0,0.0,,,,,,,
-0.00838400050997734,mappo,2.0825307700533813e-08,0.5432578325271606,0.0002671557185728577,2442.0,,,,,,,,,,,,,,0.0,,,,,0.008436311967670918,0.0
,mappo,,,,2442.0,0.0,0.0,0.0,0.0,0.0,0.0,0.0,0.0,0.0,0.0,0.0,0.0,0.0,,,,,,,
-0.01423845998942852,mappo,3.424733208134967e-08,0.5409898161888123,0.0002668556185395132,2443.0,,,,,,,,,,,,,,0.0,,,,,0.008096467703580856,0.0
,mappo,,,,2443.0,0.0,0.0,0.0,0.0,0.0,0.0,0.0,0.0,0.0,0.0,0.0,0.0,0.0,,,,,,,
-0.010594556108117104,mappo,3.7088980775479286e-08,0.5204946398735046,0.0002665555185061688,2444.0,,,,,,,,,,,,,,0.0,,,,,0.008128203451633453,0.0
,mappo,,,,2444.0,0.0,0.0,0.0,0.0,0.0,0.0,0.0,0.0,0.0,0.0,0.0,0.0,0.0,,,,,,,
0.0006756567163392901,mappo,3.3785173769729226e-08,0.4900595545768738,0.0002662554184728243,2445.0,,,,,,,,,,,,,,0.0,,,,,0.00821206346154213,0.0
,mappo,,,,2445.0,0.0,0.0,0.0,0.0,0.0,0.0,0.0,0.0,0.0,0.0,0.0,0.0,0.0,,,,,,,
-0.002715921262279153,mappo,1.460431597877232e-08,0.46838074922561646,0.0002659553184394799,2446.0,,,,,,,,,,,,,,0.0,,,,,0.008234307169914246,0.0
,mappo,,,,2446.0,0.0,0.0,0.0,0.0,0.0,0.0,0.0,0.0,0.0,0.0,0.0,0.0,0.0,,,,,,,
-0.0009905101032927632,mappo,1.2001418525642293e-08,0.4614036977291107,0.00026565521840613547,2447.0,,,,,,,,,,,,,,0.0,,,,,0.008176194503903389,0.0
,mappo,,,,2447.0,0.0,0.0,0.0,0.0,0.0,0.0,0.0,0.0,0.0,0.0,0.0,0.0,0.0,,,,,,,
-0.0025643599219620228,mappo,0.005375916138291359,0.4393118917942047,0.00026535511837279095,2448.0,,,,,,,,,,,,,,0.0,,,,,0.008226198144257069,0.006666666828095913
,mappo,,,,2448.0,0.0,0.0,0.3333333432674408,0.0,0.0,0.0,0.3333333432674408,0.0,0.0,0.0,0.0,0.0,0.0,,,,,,,
0.000557351449970156,mappo,0.0004429432738106698,0.4247155487537384,0.00026505501833944643,2449.0,,,,,,,,,,,,,,0.0,,,,,0.008289344608783722,0.0
,mappo,,,,2449.0,0.0,0.0,0.0,0.0,0.0,0.0,0.0,0.0,0.0,0.0,0.0,0.0,0.0,,,,,,,
-0.0020042110700160265,mappo,0.00025259118410758674,0.42720046639442444,0.00026475491830610213,2450.0,,,,,,,,,,,,,,0.0,,,,,0.008180445060133934,0.0
,mappo,,,,2450.0,0.0,0.0,0.0,0.0,0.0,0.0,0.0,0.0,0.0,0.0,0.0,0.0,0.0,,,,,,,
-0.004347462672740221,mappo,2.039142964349594e-05,0.4584897756576538,0.0002644548182727576,2451.0,,,,,,,,,,,,,,0.0,,,,,0.008236631751060486,0.0
,mappo,,,,2451.0,0.0,0.0,0.0,0.0,0.0,0.0,0.0,0.0,0.0,0.0,0.0,0.0,0.0,,,,,,,
-0.0009879771387204528,mappo,1.0491668035683688e-05,0.4711272716522217,0.0002641547182394131,2452.0,,,,,,,,,,,,,,0.0,,,,,0.008204460144042969,0.0
,mappo,,,,2452.0,0.0,0.0,0.0,0.0,0.0,0.0,0.0,0.0,0.0,0.0,0.0,0.0,0.0,,,,,,,
-0.0002783614909276366,mappo,5.497948677657405e-06,0.4817768931388855,0.0002638546182060688,2453.0,,,,,,,,,,,,,,0.0,,,,,0.008205900900065899,0.0
,mappo,,,,2453.0,0.0,0.0,0.0,0.0,0.0,0.0,0.0,0.0,0.0,0.0,0.0,0.0,0.0,,,,,,,
-0.0020151196513324976,mappo,7.049727628327673e-06,0.48559579253196716,0.0002635545181727243,2454.0,,,,,,,,,,,,,,0.0,,,,,0.00821032002568245,0.0
,mappo,,,,2454.0,0.0,0.0,0.0,0.0,0.0,0.0,0.0,0.0,0.0,0.0,0.0,0.0,0.0,,,,,,,
-0.00790284015238285,mappo,2.457092932672822e-06,0.48422616720199585,0.0002632544181393799,2455.0,,,,,,,,,,,,,,0.0,,,,,0.008252929896116257,0.0
,mappo,,,,2455.0,0.0,0.0,0.0,0.0,0.0,0.0,0.0,0.0,0.0,0.0,0.0,0.0,0.0,,,,,,,
-0.0014561876887455583,mappo,2.672853497642791e-06,0.4840015769004822,0.00026295431810603536,2456.0,,,,,,,,,,,,,,0.0,,,,,0.008176611736416817,0.0
,mappo,,,,2456.0,0.0,0.0,0.0,0.0,0.0,0.0,0.0,0.0,0.0,0.0,0.0,0.0,0.0,,,,,,,
-0.003917453344911337,mappo,6.816839572820754e-07,0.48637714982032776,0.00026265421807269095,2457.0,,,,,,,,,,,,,,0.0,,,,,0.008137624710798264,0.0
,mappo,,,,2457.0,0.0,0.0,0.0,0.0,0.0,0.0,0.0,0.0,0.0,0.0,0.0,0.0,0.0,,,,,,,
-0.006502456031739712,mappo,5.789116244159231e-07,0.48397624492645264,0.00026235411803934654,2458.0,,,,,,,,,,,,,,0.0,,,,,0.008225787431001663,0.0
,mappo,,,,2458.0,0.0,0.0,0.0,0.0,0.0,0.0,0.0,0.0,0.0,0.0,0.0,0.0,0.0,,,,,,,
-0.0020934343338012695,mappo,6.18253821471626e-08,0.4796532690525055,0.000262054018006002,2459.0,,,,,,,,,,,,,,0.0,,,,,0.00814566295593977,0.0
,mappo,,,,2459.0,0.0,0.0,0.0,0.0,0.0,0.0,0.0,0.0,0.0,0.0,0.0,0.0,0.0,,,,,,,
-0.008452799171209335,mappo,1.2722529163511354e-07,0.4644051492214203,0.0002617539179726575,2460.0,,,,,,,,,,,,,,0.0,,,,,0.008182134479284286,0.0
,mappo,,,,2460.0,0.0,0.0,0.0,0.0,0.0,0.0,0.0,0.0,0.0,0.0,0.0,0.0,0.0,,,,,,,
-0.009106398560106754,mappo,1.2764094492467848e-07,0.42366328835487366,0.0002614538179393132,2461.0,,,,,,,,,,,,,,0.0,,,,,0.00841142050921917,0.0
,mappo,,,,2461.0,0.0,0.0,0.0,0.0,0.0,0.0,0.0,0.0,0.0,0.0,0.0,0.0,0.0,,,,,,,
-0.00712204584851861,mappo,3.7946745123917935e-07,0.3988582193851471,0.0002611537179059687,2462.0,,,,,,,,,,,,,,0.0,,,,,0.008207214064896107,0.0
,mappo,,,,2462.0,0.0,0.0,0.0,0.0,0.0,0.0,0.0,0.0,0.0,0.0,0.0,0.0,0.0,,,,,,,
0.0007302392041310668,mappo,2.7783558564919986e-08,0.3802654445171356,0.0002608536178726242,2463.0,,,,,,,,,,,,,,0.0,,,,,0.008357936516404152,0.0
,mappo,,,,2463.0,0.0,0.0,0.0,0.0,0.0,0.0,0.0,0.0,0.0,0.0,0.0,0.0,0.0,,,,,,,
-0.001067407545633614,mappo,1.6890697907001595e-07,0.3817926347255707,0.00026055351783927977,2464.0,,,,,,,,,,,,,,0.0,,,,,0.008292585611343384,0.0
,mappo,,,,2464.0,0.0,0.0,0.0,0.0,0.0,0.0,0.0,0.0,0.0,0.0,0.0,0.0,0.0,,,,,,,
-0.006446121726185083,mappo,9.549852819645821e-08,0.3797248303890228,0.00026025341780593536,2465.0,,,,,,,,,,,,,,0.0,,,,,0.00840662233531475,0.0
,mappo,,,,2465.0,0.0,0.0,0.0,0.0,0.0,0.0,0.0,0.0,0.0,0.0,0.0,0.0,0.0,,,,,,,
-0.002470758045092225,mappo,9.259195365984851e-08,0.38849857449531555,0.00025995331777259095,2466.0,,,,,,,,,,,,,,0.0,,,,,0.008427750319242477,0.0
,mappo,,,,2466.0,0.0,0.0,0.0,0.0,0.0,0.0,0.0,0.0,0.0,0.0,0.0,0.0,0.0,,,,,,,
-0.004211521707475185,mappo,9.396765676683572e-08,0.39979782700538635,0.00025965321773924644,2467.0,,,,,,,,,,,,,,0.0,,,,,0.008480713702738285,0.0
,mappo,,,,2467.0,0.0,0.0,0.0,0.0,0.0,0.0,0.0,0.0,0.0,0.0,0.0,0.0,0.0,,,,,,,
-0.004136983305215836,mappo,1.1360250340430866e-07,0.41056904196739197,0.00025935311770590203,2468.0,,,,,,,,,,,,,,0.0,,,,,0.008515303954482079,0.0
,mappo,,,,2468.0,0.0,0.0,0.0,0.0,0.0,0.0,0.0,0.0,0.0,0.0,0.0,0.0,0.0,,,,,,,
-0.003437422215938568,mappo,0.006018024869263172,0.4119049906730652,0.0002590530176725576,2469.0,,,,,,,,,,,,,,0.0,,,,,0.009019063785672188,0.006666666828095913
,mappo,,,,2469.0,0.0,0.0,0.3333333432674408,0.0,0.0,0.0,0.3333333432674408,0.0,0.0,0.0,0.0,0.0,0.0,,,,,,,
-0.0055617680773139,mappo,0.00024324774858541787,0.40027278661727905,0.0002587529176392131,2470.0,,,,,,,,,,,,,,0.0,,,,,0.008589992299675941,0.0
,mappo,,,,2470.0,0.0,0.0,0.0,0.0,0.0,0.0,0.0,0.0,0.0,0.0,0.0,0.0,0.0,,,,,,,
-0.0068819280713796616,mappo,7.088780694175512e-05,0.36887508630752563,0.0002584528176058686,2471.0,,,,,,,,,,,,,,0.0,,,,,0.008508969098329544,0.0
,mappo,,,,2471.0,0.0,0.0,0.0,0.0,0.0,0.0,0.0,0.0,0.0,0.0,0.0,0.0,0.0,,,,,,,
0.0006929368246346712,mappo,7.652393833268434e-06,0.352021723985672,0.0002581527175725243,2472.0,,,,,,,,,,,,,,0.0,,,,,0.008735195733606815,0.0
,mappo,,,,2472.0,0.0,0.0,0.0,0.0,0.0,0.0,0.0,0.0,0.0,0.0,0.0,0.0,0.0,,,,,,,
-0.007088085636496544,mappo,3.653649764601141e-05,0.3393702507019043,0.00025785261753917977,2473.0,,,,,,,,,,,,,,0.0,,,,,0.008847739547491074,0.0
,mappo,,,,2473.0,0.0,0.0,0.0,0.0,0.0,0.0,0.0,0.0,0.0,0.0,0.0,0.0,0.0,,,,,,,
0.0017520454712212086,mappo,1.8283395775142708e-07,0.31090763211250305,0.00025755251750583525,2474.0,,,,,,,,,,,,,,0.0,,,,,0.008808914572000504,0.0
,mappo,,,,2474.0,0.0,0.0,0.0,0.0,0.0,0.0,0.0,0.0,0.0,0.0,0.0,0.0,0.0,,,,,,,
-0.006762522738426924,mappo,9.180794222629629e-06,0.2889074683189392,0.00025725241747249084,2475.0,,,,,,,,,,,,,,0.0,,,,,0.008872108533978462,0.0
,mappo,,,,2475.0,0.0,0.0,0.0,0.0,0.0,0.0,0.0,0.0,0.0,0.0,0.0,0.0,0.0,,,,,,,
-0.0028233558405190706,mappo,4.143699698033743e-06,0.27109014987945557,0.00025695231743914644,2476.0,,,,,,,,,,,,,,0.0,,,,,0.00912914052605629,0.0
,mappo,,,,2476.0,0.0,0.0,0.0,0.0,0.0,0.0,0.0,0.0,0.0,0.0,0.0,0.0,0.0,,,,,,,
-0.0034483913332223892,mappo,3.557309128154884e-06,0.25469839572906494,0.00025665221740580203,2477.0,,,,,,,,,,,,,,0.0,,,,,0.009205665439367294,0.0
,mappo,,,,2477.0,0.0,0.0,0.0,0.0,0.0,0.0,0.0,0.0,0.0,0.0,0.0,0.0,0.0,,,,,,,
-0.0013756490079686046,mappo,2.916885478043696e-06,0.24935995042324066,0.0002563521173724575,2478.0,,,,,,,,,,,,,,0.0,,,,,0.00906570628285408,0.0
,mappo,,,,2478.0,0.0,0.0,0.0,0.0,0.0,0.0,0.0,0.0,0.0,0.0,0.0,0.0,0.0,,,,,,,
-0.0010711572831496596,mappo,1.7242548437934602e-06,0.28281548619270325,0.000256052017339113,2479.0,,,,,,,,,,,,,,0.0,,,,,0.008963343687355518,0.0
,mappo,,,,2479.0,0.0,0.0,0.0,0.0,0.0,0.0,0.0,0.0,0.0,0.0,0.0,0.0,0.0,,,,,,,
-0.003875945694744587,mappo,6.172343205435027e-07,0.2832607328891754,0.0002557519173057687,2480.0,,,,,,,,,,,,,,0.0,,,,,0.009290346875786781,0.0
,mappo,,,,2480.0,0.0,0.0,0.0,0.0,0.0,0.0,0.0,0.0,0.0,0.0,0.0,0.0,0.0,,,,,,,
-0.005917001981288195,mappo,5.63940432130039e-07,0.3255426287651062,0.0002554518172724242,2481.0,,,,,,,,,,,,,,0.0,,,,,0.009204013273119926,0.0
,mappo,,,,2481.0,0.0,0.0,0.0,0.0,0.0,0.0,0.0,0.0,0.0,0.0,0.0,0.0,0.0,,,,,,,
-0.008560394868254662,mappo,2.8247009709048143e-07,0.34993255138397217,0.00025515171723907966,2482.0,,,,,,,,,,,,,,0.0,,,,,0.009222342632710934,0.0
,mappo,,,,2482.0,0.0,0.0,0.0,0.0,0.0,0.0,0.0,0.0,0.0,0.0,0.0,0.0,0.0,,,,,,,
-0.0023260433226823807,mappo,2.6475854042473657e-07,0.3896000385284424,0.00025485161720573536,2483.0,,,,,,,,,,,,,,0.0,,,,,0.00952688418328762,0.0
,mappo,,,,2483.0,0.0,0.0,0.0,0.0,0.0,0.0,0.0,0.0,0.0,0.0,0.0,0.0,0.0,,,,,,,
-0.010529766790568829,mappo,7.923091516204295e-08,0.41314271092414856,0.00025455151717239085,2484.0,,,,,,,,,,,,,,0.0,,,,,0.009351784363389015,0.0
,mappo,,,,2484.0,0.0,0.0,0.0,0.0,0.0,0.0,0.0,0.0,0.0,0.0,0.0,0.0,0.0,,,,,,,
0.001526168896816671,mappo,4.2695722868302255e-07,0.41222235560417175,0.00025425141713904644,2485.0,,,,,,,,,,,,,,0.0,,,,,0.009228985756635666,0.0
,mappo,,,,2485.0,0.0,0.0,0.0,0.0,0.0,0.0,0.0,0.0,0.0,0.0,0.0,0.0,0.0,,,,,,,
-0.0023418799974024296,mappo,3.4629258038876287e-07,0.40187177062034607,0.0002539513171057019,2486.0,,,,,,,,,,,,,,0.0,,,,,0.008966252207756042,0.0
,mappo,,,,2486.0,0.0,0.0,0.0,0.0,0.0,0.0,0.0,0.0,0.0,0.0,0.0,0.0,0.0,,,,,,,
-0.008159286342561245,mappo,8.930238095672394e-07,0.3838806450366974,0.0002536512170723575,2487.0,,,,,,,,,,,,,,0.0,,,,,0.009543254971504211,0.0
,mappo,,,,2487.0,0.0,0.0,0.0,0.0,0.0,0.0,0.0,0.0,0.0,0.0,0.0,0.0,0.0,,,,,,,
-0.0048116412945091724,mappo,1.1157515444892852e-07,0.36646026372909546,0.0002533511170390131,2488.0,,,,,,,,,,,,,,0.0,,,,,0.009546730667352676,0.0
,mappo,,,,2488.0,0.0,0.0,0.0,0.0,0.0,0.0,0.0,0.0,0.0,0.0,0.0,0.0,0.0,,,,,,,
-0.01203254982829094,mappo,4.4885373995384725e-07,0.3423580527305603,0.0002530510170056686,2489.0,,,,,,,,,,,,,,0.0,,,,,0.009046399034559727,0.0
,mappo,,,,2489.0,0.0,0.0,0.0,0.0,0.0,0.0,0.0,0.0,0.0,0.0,0.0,0.0,0.0,,,,,,,
0.0032726379577070475,mappo,1.7188116885336058e-07,0.31371644139289856,0.00025275091697232407,2490.0,,,,,,,,,,,,,,0.0,,,,,0.009312237612903118,0.0
,mappo,,,,2490.0,0.0,0.0,0.0,0.0,0.0,0.0,0.0,0.0,0.0,0.0,0.0,0.0,0.0,,,,,,,
-0.007787374779582024,mappo,6.57066294706965e-08,0.30138444900512695,0.00025245081693897977,2491.0,,,,,,,,,,,,,,0.0,,,,,0.009437359869480133,0.0
,mappo,,,,2491.0,0.0,0.0,0.0,0.0,0.0,0.0,0.0,0.0,0.0,0.0,0.0,0.0,0.0,,,,,,,
0.0008732058340683579,mappo,2.35373079249257e-07,0.28826287388801575,0.00025215071690563526,2492.0,,,,,,,,,,,,,,0.0,,,,,0.009351775981485844,0.0
,mappo,,,,2492.0,0.0,0.0,0.0,0.0,0.0,0.0,0.0,0.0,0.0,0.0,0.0,0.0,0.0,,,,,,,
-0.004323405679315329,mappo,2.395261162746465e-07,0.2909330427646637,0.00025185061687229074,2493.0,,,,,,,,,,,,,,0.0,,,,,0.009424389339983463,0.0
,mappo,,,,2493.0,0.0,0.0,0.0,0.0,0.0,0.0,0.0,0.0,0.0,0.0,0.0,0.0,0.0,,,,,,,
-0.004540356807410717,mappo,1.2248676739545772e-07,0.28877803683280945,0.00025155051683894633,2494.0,,,,,,,,,,,,,,0.0,,,,,0.009365363977849483,0.0
,mappo,,,,2494.0,0.0,0.0,0.0,0.0,0.0,0.0,0.0,0.0,0.0,0.0,0.0,0.0,0.0,,,,,,,
-0.002486857818439603,mappo,7.443886573810232e-08,0.2676834762096405,0.0002512504168056019,2495.0,,,,,,,,,,,,,,0.0,,,,,0.009341148659586906,0.0
,mappo,,,,2495.0,0.0,0.0,0.0,0.0,0.0,0.0,0.0,0.0,0.0,0.0,0.0,0.0,0.0,,,,,,,
-0.002321429317817092,mappo,5.321714979800163e-08,0.27345994114875793,0.0002509503167722575,2496.0,,,,,,,,,,,,,,0.0,,,,,0.00948024820536375,0.0
,mappo,,,,2496.0,0.0,0.0,0.0,0.0,0.0,0.0,0.0,0.0,0.0,0.0,0.0,0.0,0.0,,,,,,,
-0.004803088493645191,mappo,9.467031958365624e-08,0.2805142402648926,0.000250650216738913,2497.0,,,,,,,,,,,,,,0.0,,,,,0.009600783698260784,0.0
,mappo,,,,2497.0,0.0,0.0,0.0,0.0,0.0,0.0,0.0,0.0,0.0,0.0,0.0,0.0,0.0,,,,,,,
-0.011391215957701206,mappo,0.005165691953152418,0.2662302255630493,0.0002503501167055686,2498.0,,,,,,,,,,,,,,0.0,,,,,0.009934517554938793,0.006666666828095913
,mappo,,,,2498.0,0.0,0.0,0.3333333432674408,0.0,0.0,0.0,0.3333333432674408,0.0,0.0,0.0,0.0,0.0,0.0,,,,,,,
-0.008803130127489567,mappo,0.003384473966434598,0.28304511308670044,0.0002500500166722242,2499.0,,,,,,,,,,,,,,0.0,,,,,0.009739125147461891,0.006666666828095913
,mappo,,,,2499.0,0.0,0.0,0.3333333432674408,0.0,0.0,0.0,0.3333333432674408,0.0,0.0,0.0,0.0,0.0,0.0,,,,,,,
,mappo,,,,2499.0,,,,,,,,,,,,,,,0.0,0.0,0.0,0.0,,
0.0006265792762860656,mappo,0.006362857297062874,0.28937628865242004,0.00024974991663887967,2500.0,,,,,,,,,,,,,,0.0,,,,,0.011659398674964905,0.013333333656191826
,mappo,,,,2500.0,0.0,0.0,0.6666666865348816,0.0,0.0,0.0,0.6666666865348816,0.0,0.0,0.0,0.0,0.0,0.0,,,,,,,
-0.004496994893997908,mappo,0.005388779565691948,0.31125402450561523,0.00024944981660553515,2501.0,,,,,,,,,,,,,,0.0,,,,,0.01154753752052784,0.013333333656191826
,mappo,,,,2501.0,0.0,0.0,0.6666666865348816,0.0,0.0,0.0,0.6666666865348816,0.0,0.0,0.0,0.0,0.0,0.0,,,,,,,
-0.0017577327089384198,mappo,0.000916670192964375,0.3360338807106018,0.00024914971657219085,2502.0,,,,,,,,,,,,,,0.0,,,,,0.011050974950194359,0.013333333656191826
,mappo,,,,2502.0,0.0,0.0,0.6666666865348816,0.0,0.0,0.0,0.6666666865348816,0.0,0.0,0.0,0.0,0.0,0.0,,,,,,,
-0.0018987148068845272,mappo,0.0004896619939245284,0.3568477928638458,0.00024884961653884633,2503.0,,,,,,,,,,,,,,0.0,,,,,0.011495305225253105,0.013333333656191826
,mappo,,,,2503.0,0.0,0.0,0.6666666865348816,0.0,0.0,0.0,0.6666666865348816,0.0,0.0,0.0,0.0,0.0,0.0,,,,,,,
-0.004300023429095745,mappo,0.002981762634590268,0.3682502210140228,0.0002485495165055018,2504.0,,,,,,,,,,,,,,0.0,,,,,0.0095823360607028,0.006666666828095913
,mappo,,,,2504.0,0.0,0.0,0.3333333432674408,0.0,0.0,0.0,0.3333333432674408,0.0,0.0,0.0,0.0,0.0,0.0,,,,,,,
-0.0025936844758689404,mappo,0.0015639704652130604,0.3465833365917206,0.0002482494164721574,2505.0,,,,,,,,,,,,,,0.0,,,,,0.011341294273734093,0.013333333656191826
,mappo,,,,2505.0,0.0,0.0,0.6666666865348816,0.0,0.0,0.0,0.6666666865348816,0.0,0.0,0.0,0.0,0.0,0.0,,,,,,,
-0.006821275223046541,mappo,0.0015305676497519016,0.357185959815979,0.000247949316438813,2506.0,,,,,,,,,,,,,,0.0,,,,,0.011692787520587444,0.013333333656191826
,mappo,,,,2506.0,0.0,0.0,0.6666666865348816,0.0,0.0,0.0,0.6666666865348816,0.0,0.0,0.0,0.0,0.0,0.0,,,,,,,
-0.006541936658322811,mappo,0.0016875884030014277,0.3657258152961731,0.0002476492164054686,2507.0,,,,,,,,,,,,,,0.0,,,,,0.012005556374788284,0.013333333656191826
,mappo,,,,2507.0,0.0,0.0,0.6666666865348816,0.0,0.0,0.0,0.6666666865348816,0.0,0.0,0.0,0.0,0.0,0.0,,,,,,,
-0.0056658522225916386,mappo,0.0004556141793727875,0.35559430718421936,0.0002473491163721241,2508.0,,,,,,,,,,,,,,0.0,,,,,0.011722147464752197,0.013333333656191826
,mappo,,,,2508.0,0.0,0.0,0.6666666865348816,0.0,0.0,0.0,0.6666666865348816,0.0,0.0,0.0,0.0,0.0,0.0,,,,,,,
-0.004245308693498373,mappo,0.0006927542272023857,0.3547297716140747,0.00024704901633877956,2509.0,,,,,,,,,,,,,,0.0,,,,,0.010015996173024178,0.006666666828095913
,mappo,,,,2509.0,0.0,0.0,0.3333333432674408,0.0,0.0,0.0,0.3333333432674408,0.0,0.0,0.0,0.0,0.0,0.0,,,,,,,
-0.004135198425501585,mappo,0.0006101218168623745,0.3383353054523468,0.00024674891630543526,2510.0,,,,,,,,,,,,,,0.0,,,,,0.009976970963180065,0.006666666828095913
,mappo,,,,2510.0,0.0,0.0,0.3333333432674408,0.0,0.0,0.0,0.3333333432674408,0.0,0.0,0.0,0.0,0.0,0.0,,,,,,,
-0.00038534856867045164,mappo,0.0004973009927198291,0.32759523391723633,0.00024644881627209074,2511.0,,,,,,,,,,,,,,0.0,,,,,0.009686684235930443,0.0
,mappo,,,,2511.0,0.0,0.0,0.0,0.0,0.0,0.0,0.0,0.0,0.0,0.0,0.0,0.0,0.0,,,,,,,
-0.00919811800122261,mappo,0.002527837175875902,0.30442875623703003,0.0002461487162387462,2512.0,,,,,,,,,,,,,,0.0,,,,,0.009947732090950012,0.006666666828095913
,mappo,,,,2512.0,0.0,0.0,0.3333333432674408,0.0,0.0,0.0,0.3333333432674408,0.0,0.0,0.0,0.0,0.0,0.0,,,,,,,
3.9428363379556686e-05,mappo,0.0011385907419025898,0.296843022108078,0.0002458486162054019,2513.0,,,,,,,,,,,,,,0.0,,,,,0.00989372469484806,0.006666666828095913
,mappo,,,,2513.0,0.0,0.0,0.3333333432674408,0.0,0.0,0.0,0.3333333432674408,0.0,0.0,0.0,0.0,0.0,0.0,,,,,,,
-0.001182657666504383,mappo,0.0003978196473326534,0.2849736511707306,0.0002455485161720574,2514.0,,,,,,,,,,,,,,0.0,,,,,0.010009240359067917,0.006666666828095913
,mappo,,,,2514.0,0.0,0.0,0.3333333432674408,0.0,0.0,0.0,0.3333333432674408,0.0,0.0,0.0,0.0,0.0,0.0,,,,,,,
-0.00043571298010647297,mappo,0.00019929591508116573,0.2798590362071991,0.0002452484161387129,2515.0,,,,,,,,,,,,,,0.0,,,,,0.009734755381941795,0.006666666828095913
,mappo,,,,2515.0,0.0,0.0,0.3333333432674408,0.0,0.0,0.0,0.3333333432674408,0.0,0.0,0.0,0.0,0.0,0.0,,,,,,,
-0.001957882894203067,mappo,0.00017472215404268354,0.2811756134033203,0.0002449483161053685,2516.0,,,,,,,,,,,,,,0.0,,,,,0.009816582314670086,0.006666666828095913
,mappo,,,,2516.0,0.0,0.0,0.3333333432674408,0.0,0.0,0.0,0.3333333432674408,0.0,0.0,0.0,0.0,0.0,0.0,,,,,,,
-0.0060944766737520695,mappo,7.965340046212077e-05,0.29122471809387207,0.0002446482160720241,2517.0,,,,,,,,,,,,,,0.0,,,,,0.009641021490097046,0.006666666828095913
,mappo,,,,2517.0,0.0,0.0,0.3333333432674408,0.0,0.0,0.0,0.3333333432674408,0.0,0.0,0.0,0.0,0.0,0.0,,,,,,,
-0.003397888271138072,mappo,0.004388184752315283,0.2865949869155884,0.00024434811603867967,2518.0,,,,,,,,,,,,,,0.0,,,,,0.011616084724664688,0.013333333656191826
,mappo,,,,2518.0,0.0,0.0,0.6666666865348816,0.0,0.0,0.0,0.6666666865348816,0.0,0.0,0.0,0.0,0.0,0.0,,,,,,,
-0.004125495441257954,mappo,0.001757896738126874,0.2943645119667053,0.00024404801600533515,2519.0,,,,,,,,,,,,,,0.0,,,,,0.009540149010717869,0.0
,mappo,,,,2519.0,0.0,0.0,0.0,0.0,0.0,0.0,0.0,0.0,0.0,0.0,0.0,0.0,0.0,,,,,,,
-0.0002922725980170071,mappo,0.003203915897756815,0.26103198528289795,0.00024374791597199063,2520.0,,,,,,,,,,,,,,0.0,,,,,0.012232243083417416,0.013333333656191826
,mappo,,,,2520.0,0.0,0.0,0.6666666865348816,0.0,0.0,0.0,0.6666666865348816,0.0,0.0,0.0,0.0,0.0,0.0,,,,,,,
-0.0018735186895355582,mappo,0.0019482428906485438,0.23973482847213745,0.00024344781593864633,2521.0,,,,,,,,,,,,,,0.0,,,,,0.012237051501870155,0.013333333656191826
,mappo,,,,2521.0,0.0,0.0,0.6666666865348816,0.0,0.0,0.0,0.6666666865348816,0.0,0.0,0.0,0.0,0.0,0.0,,,,,,,
-0.008989611640572548,mappo,0.0008794418536126614,0.25181081891059875,0.00024314771590530182,2522.0,,,,,,,,,,,,,,0.0,,,,,0.012507742270827293,0.013333333656191826
,mappo,,,,2522.0,0.0,0.0,0.6666666865348816,0.0,0.0,0.0,0.6666666865348816,0.0,0.0,0.0,0.0,0.0,0.0,,,,,,,
-0.008513998240232468,mappo,0.00019473701831884682,0.24114415049552917,0.0002428476158719573,2523.0,,,,,,,,,,,,,,0.0,,,,,0.012356258928775787,0.013333333656191826
,mappo,,,,2523.0,0.0,0.0,0.6666666865348816,0.0,0.0,0.0,0.6666666865348816,0.0,0.0,0.0,0.0,0.0,0.0,,,,,,,
-0.0004279031418263912,mappo,0.0003015678666997701,0.2294488251209259,0.0002425475158386129,2524.0,,,,,,,,,,,,,,0.0,,,,,0.012403223663568497,0.013333333656191826
,mappo,,,,2524.0,0.0,0.0,0.6666666865348816,0.0,0.0,0.0,0.6666666865348816,0.0,0.0,0.0,0.0,0.0,0.0,,,,,,,
-0.004774936940521002,mappo,0.00035894435131922364,0.20682460069656372,0.00024224741580526849,2525.0,,,,,,,,,,,,,,0.0,,,,,0.012675922363996506,0.013333333656191826
,mappo,,,,2525.0,0.0,0.0,0.6666666865348816,0.0,0.0,0.0,0.6666666865348816,0.0,0.0,0.0,0.0,0.0,0.0,,,,,,,
-0.0006356445956043899,mappo,5.133442027727142e-05,0.1991788148880005,0.00024194731577192397,2526.0,,,,,,,,,,,,,,0.0,,,,,0.012783344835042953,0.013333333656191826
,mappo,,,,2526.0,0.0,0.0,0.6666666865348816,0.0,0.0,0.0,0.6666666865348816,0.0,0.0,0.0,0.0,0.0,0.0,,,,,,,
-0.0056922524236142635,mappo,7.603690755786374e-05,0.20322808623313904,0.00024164721573857956,2527.0,,,,,,,,,,,,,,0.0,,,,,0.013195839710533619,0.013333333656191826
,mappo,,,,2527.0,0.0,0.0,0.6666666865348816,0.0,0.0,0.0,0.6666666865348816,0.0,0.0,0.0,0.0,0.0,0.0,,,,,,,
-0.0016500919591635466,mappo,0.0001465015229769051,0.2021903693675995,0.00024134711570523515,2528.0,,,,,,,,,,,,,,0.0,,,,,0.012653136625885963,0.013333333656191826
,mappo,,,,2528.0,0.0,0.0,0.6666666865348816,0.0,0.0,0.0,0.6666666865348816,0.0,0.0,0.0,0.0,0.0,0.0,,,,,,,
-0.004762657918035984,mappo,0.00016472925199195743,0.20322005450725555,0.00024104701567189074,2529.0,,,,,,,,,,,,,,0.0,,,,,0.012462371960282326,0.013333333656191826
,mappo,,,,2529.0,0.0,0.0,0.6666666865348816,0.0,0.0,0.0,0.6666666865348816,0.0,0.0,0.0,0.0,0.0,0.0,,,,,,,
-0.0032862788066267967,mappo,5.331507418304682e-05,0.20353122055530548,0.00024074691563854623,2530.0,,,,,,,,,,,,,,0.0,,,,,0.012913201935589314,0.013333333656191826
,mappo,,,,2530.0,0.0,0.0,0.6666666865348816,0.0,0.0,0.0,0.6666666865348816,0.0,0.0,0.0,0.0,0.0,0.0,,,,,,,
-0.0028925444930791855,mappo,4.1824103391263634e-05,0.2234930396080017,0.0002404468156052017,2531.0,,,,,,,,,,,,,,0.0,,,,,0.012867065146565437,0.013333333656191826
,mappo,,,,2531.0,0.0,0.0,0.6666666865348816,0.0,0.0,0.0,0.6666666865348816,0.0,0.0,0.0,0.0,0.0,0.0,,,,,,,
-0.0033682265784591436,mappo,4.2881714762188494e-05,0.23086029291152954,0.0002401467155718574,2532.0,,,,,,,,,,,,,,0.0,,,,,0.01239047572016716,0.013333333656191826
,mappo,,,,2532.0,0.0,0.0,0.6666666865348816,0.0,0.0,0.0,0.6666666865348816,0.0,0.0,0.0,0.0,0.0,0.0,,,,,,,
-0.0026073064655065536,mappo,8.141402940964326e-05,0.24000491201877594,0.0002398466155385129,2533.0,,,,,,,,,,,,,,0.0,,,,,0.012489311397075653,0.013333333656191826
,mappo,,,,2533.0,0.0,0.0,0.6666666865348816,0.0,0.0,0.0,0.6666666865348816,0.0,0.0,0.0,0.0,0.0,0.0,,,,,,,
-0.007859609089791775,mappo,2.5226134312106296e-05,0.2556122839450836,0.00023954651550516838,2534.0,,,,,,,,,,,,,,0.0,,,,,0.012495194561779499,0.013333333656191826
,mappo,,,,2534.0,0.0,0.0,0.6666666865348816,0.0,0.0,0.0,0.6666666865348816,0.0,0.0,0.0,0.0,0.0,0.0,,,,,,,
-0.014976492151618004,mappo,3.577314055291936e-05,0.2553482949733734,0.00023924641547182397,2535.0,,,,,,,,,,,,,,0.0,,,,,0.012300804257392883,0.013333333656191826
,mappo,,,,2535.0,0.0,0.0,0.6666666865348816,0.0,0.0,0.0,0.6666666865348816,0.0,0.0,0.0,0.0,0.0,0.0,,,,,,,
0.00261548045091331,mappo,5.86365677008871e-05,0.2656649053096771,0.00023894631543847956,2536.0,,,,,,,,,,,,,,0.0,,,,,0.012722360901534557,0.013333333656191826
,mappo,,,,2536.0,0.0,0.0,0.6666666865348816,0.0,0.0,0.0,0.6666666865348816,0.0,0.0,0.0,0.0,0.0,0.0,,,,,,,
-0.003517057513818145,mappo,2.2417898435378447e-05,0.27383360266685486,0.00023864621540513505,2537.0,,,,,,,,,,,,,,0.0,,,,,0.012779023498296738,0.013333333656191826
,mappo,,,,2537.0,0.0,0.0,0.6666666865348816,0.0,0.0,0.0,0.6666666865348816,0.0,0.0,0.0,0.0,0.0,0.0,,,,,,,
-0.006296528968960047,mappo,4.8316040192730725e-05,0.29287779331207275,0.00023834611537179064,2538.0,,,,,,,,,,,,,,0.0,,,,,0.012703041546046734,0.013333333656191826
,mappo,,,,2538.0,0.0,0.0,0.6666666865348816,0.0,0.0,0.0,0.6666666865348816,0.0,0.0,0.0,0.0,0.0,0.0,,,,,,,
-0.004134164657443762,mappo,4.5097622205503285e-05,0.28438207507133484,0.00023804601533844612,2539.0,,,,,,,,,,,,,,0.0,,,,,0.013013263233006,0.013333333656191826
,mappo,,,,2539.0,0.0,0.0,0.6666666865348816,0.0,0.0,0.0,0.6666666865348816,0.0,0.0,0.0,0.0,0.0,0.0,,,,,,,
-0.004255388863384724,mappo,3.597269824240357e-05,0.25693151354789734,0.00023774591530510182,2540.0,,,,,,,,,,,,,,0.0,,,,,0.013017300516366959,0.013333333656191826
,mappo,,,,2540.0,0.0,0.0,0.6666666865348816,0.0,0.0,0.0,0.6666666865348816,0.0,0.0,0.0,0.0,0.0,0.0,,,,,,,
-0.0014891872415319085,mappo,2.99093771900516e-05,0.25770890712738037,0.0002374458152717573,2541.0,,,,,,,,,,,,,,0.0,,,,,0.012478619813919067,0.013333333656191826
,mappo,,,,2541.0,0.0,0.0,0.6666666865348816,0.0,0.0,0.0,0.6666666865348816,0.0,0.0,0.0,0.0,0.0,0.0,,,,,,,
-0.009024938568472862,mappo,2.2565089238923974e-05,0.25040295720100403,0.0002371457152384128,2542.0,,,,,,,,,,,,,,0.0,,,,,0.012354708276689053,0.013333333656191826
,mappo,,,,2542.0,0.0,0.0,0.6666666865348816,0.0,0.0,0.0,0.6666666865348816,0.0,0.0,0.0,0.0,0.0,0.0,,,,,,,
0.0032495688647031784,mappo,2.1707573978346772e-05,0.2402857393026352,0.0002368456152050685,2543.0,,,,,,,,,,,,,,0.0,,,,,0.01250888966023922,0.013333333656191826
,mappo,,,,2543.0,0.0,0.0,0.6666666865348816,0.0,0.0,0.0,0.6666666865348816,0.0,0.0,0.0,0.0,0.0,0.0,,,,,,,
-0.0068243928253650665,mappo,2.262849739054218e-05,0.2261275202035904,0.00023654551517172397,2544.0,,,,,,,,,,,,,,0.0,,,,,0.011936359107494354,0.013333333656191826
,mappo,,,,2544.0,0.0,0.0,0.6666666865348816,0.0,0.0,0.0,0.6666666865348816,0.0,0.0,0.0,0.0,0.0,0.0,,,,,,,
-0.008164172060787678,mappo,2.7445759769761935e-05,0.21205291152000427,0.00023624541513837945,2545.0,,,,,,,,,,,,,,0.0,,,,,0.011921491473913193,0.013333333656191826
,mappo,,,,2545.0,0.0,0.0,0.6666666865348816,0.0,0.0,0.0,0.6666666865348816,0.0,0.0,0.0,0.0,0.0,0.0,,,,,,,
-0.000857764738611877,mappo,0.0011044270358979702,0.23977340757846832,0.00023594531510503505,2546.0,,,,,,,,,,,,,,0.0,,,,,0.012209190055727959,0.006666666828095913
,mappo,,,,2546.0,0.0,0.0,0.3333333432674408,0.0,0.0,0.0,0.3333333432674408,0.0,0.0,0.0,0.0,0.0,0.0,,,,,,,
-0.0030367437284439802,mappo,0.00027314844192005694,0.2366182655096054,0.00023564521507169064,2547.0,,,,,,,,,,,,,,0.0,,,,,0.012478763237595558,0.013333333656191826
,mappo,,,,2547.0,0.0,0.0,0.6666666865348816,0.0,0.0,0.0,0.6666666865348816,0.0,0.0,0.0,0.0,0.0,0.0,,,,,,,
-0.00940233189612627,mappo,8.733357390156016e-05,0.26418337225914,0.00023534511503834612,2548.0,,,,,,,,,,,,,,0.0,,,,,0.01286873035132885,0.013333333656191826
,mappo,,,,2548.0,0.0,0.0,0.6666666865348816,0.0,0.0,0.0,0.6666666865348816,0.0,0.0,0.0,0.0,0.0,0.0,,,,,,,
0.0007423489005304873,mappo,0.00022158073261380196,0.2953758239746094,0.00023504501500500171,2549.0,,,,,,,,,,,,,,0.0,,,,,0.012088082730770111,0.006666666828095913
,mappo,,,,2549.0,0.0,0.0,0.3333333432674408,0.0,0.0,0.0,0.3333333432674408,0.0,0.0,0.0,0.0,0.0,0.0,,,,,,,
-0.009606476873159409,mappo,9.969977691071108e-05,0.29067304730415344,0.0002347449149716572,2550.0,,,,,,,,,,,,,,0.0,,,,,0.012334171682596207,0.013333333656191826
,mappo,,,,2550.0,0.0,0.0,0.6666666865348816,0.0,0.0,0.0,0.6666666865348816,0.0,0.0,0.0,0.0,0.0,0.0,,,,,,,
-0.0022702564019709826,mappo,8.480819087708369e-05,0.3002842664718628,0.0002344448149383129,2551.0,,,,,,,,,,,,,,0.0,,,,,0.012282327748835087,0.013333333656191826
,mappo,,,,2551.0,0.0,0.0,0.6666666865348816,0.0,0.0,0.0,0.6666666865348816,0.0,0.0,0.0,0.0,0.0,0.0,,,,,,,
-0.006232684478163719,mappo,0.0002667127992026508,0.3125799596309662,0.00023414471490496838,2552.0,,,,,,,,,,,,,,0.0,,,,,0.011882878839969635,0.006666666828095913
,mappo,,,,2552.0,0.0,0.0,0.3333333432674408,0.0,0.0,0.0,0.3333333432674408,0.0,0.0,0.0,0.0,0.0,0.0,,,,,,,
-0.0002606583875603974,mappo,0.00024188171664718539,0.28700995445251465,0.00023384461487162386,2553.0,,,,,,,,,,,,,,0.0,,,,,0.012496788054704666,0.013333333656191826
,mappo,,,,2553.0,0.0,0.0,0.6666666865348816,0.0,0.0,0.0,0.6666666865348816,0.0,0.0,0.0,0.0,0.0,0.0,,,,,,,
-0.00862871017307043,mappo,9.544852218823507e-05,0.29284536838531494,0.00023354451483827946,2554.0,,,,,,,,,,,,,,0.0,,,,,0.01201571337878704,0.006666666828095913
,mappo,,,,2554.0,0.0,0.0,0.3333333432674408,0.0,0.0,0.0,0.3333333432674408,0.0,0.0,0.0,0.0,0.0,0.0,,,,,,,
-0.0013627154985442758,mappo,0.0005127422045916319,0.2641696035861969,0.00023324441480493505,2555.0,,,,,,,,,,,,,,0.0,,,,,0.012479474768042564,0.013333333656191826
,mappo,,,,2555.0,0.0,0.0,0.6666666865348816,0.0,0.0,0.0,0.6666666865348816,0.0,0.0,0.0,0.0,0.0,0.0,,,,,,,
-0.003366994671523571,mappo,0.00020089287136215717,0.25865793228149414,0.00023294431477159053,2556.0,,,,,,,,,,,,,,0.0,,,,,0.012979680672287941,0.013333333656191826
,mappo,,,,2556.0,0.0,0.0,0.6666666865348816,0.0,0.0,0.0,0.6666666865348816,0.0,0.0,0.0,0.0,0.0,0.0,,,,,,,
-0.008245214819908142,mappo,0.00010667472088243812,0.229618638753891,0.00023264421473824612,2557.0,,,,,,,,,,,,,,0.0,,,,,0.01264159381389618,0.013333333656191826
,mappo,,,,2557.0,0.0,0.0,0.6666666865348816,0.0,0.0,0.0,0.6666666865348816,0.0,0.0,0.0,0.0,0.0,0.0,,,,,,,
-0.0009193298756144941,mappo,0.0003087947843596339,0.20925374329090118,0.00023234411470490172,2558.0,,,,,,,,,,,,,,0.0,,,,,0.012778962962329388,0.006666666828095913
,mappo,,,,2558.0,0.0,0.0,0.3333333432674408,0.0,0.0,0.0,0.3333333432674408,0.0,0.0,0.0,0.0,0.0,0.0,,,,,,,
-0.0005946267046965659,mappo,7.547351560788229e-05,0.18616937100887299,0.0002320440146715572,2559.0,,,,,,,,,,,,,,0.0,,,,,0.012320121750235558,0.013333333656191826
,mappo,,,,2559.0,0.0,0.0,0.6666666865348816,0.0,0.0,0.0,0.6666666865348816,0.0,0.0,0.0,0.0,0.0,0.0,,,,,,,
-0.0021492603700608015,mappo,2.8028136512148194e-05,0.15564829111099243,0.0002317439146382128,2560.0,,,,,,,,,,,,,,0.0,,,,,0.0127862598747015,0.013333333656191826
,mappo,,,,2560.0,0.0,0.0,0.6666666865348816,0.0,0.0,0.0,0.6666666865348816,0.0,0.0,0.0,0.0,0.0,0.0,,,,,,,
-0.0021779071539640427,mappo,3.47808854712639e-05,0.15602897107601166,0.00023144381460486827,2561.0,,,,,,,,,,,,,,0.0,,,,,0.012722857296466827,0.013333333656191826
,mappo,,,,2561.0,0.0,0.0,0.6666666865348816,0.0,0.0,0.0,0.6666666865348816,0.0,0.0,0.0,0.0,0.0,0.0,,,,,,,
-0.005525563377887011,mappo,0.0003001645964104682,0.17165054380893707,0.00023114371457152397,2562.0,,,,,,,,,,,,,,0.0,,,,,0.013053972274065018,0.006666666828095913
,mappo,,,,2562.0,0.0,0.0,0.3333333432674408,0.0,0.0,0.0,0.3333333432674408,0.0,0.0,0.0,0.0,0.0,0.0,,,,,,,
-0.003326107980683446,mappo,0.00021982233738526702,0.16821962594985962,0.00023084361453817946,2563.0,,,,,,,,,,,,,,0.0,,,,,0.012257669121026993,0.013333333656191826
,mappo,,,,2563.0,0.0,0.0,0.6666666865348816,0.0,0.0,0.0,0.6666666865348816,0.0,0.0,0.0,0.0,0.0,0.0,,,,,,,
-0.002495784079656005,mappo,0.00011951950727961957,0.17048431932926178,0.00023054351450483494,2564.0,,,,,,,,,,,,,,0.0,,,,,0.012495242990553379,0.013333333656191826
,mappo,,,,2564.0,0.0,0.0,0.6666666865348816,0.0,0.0,0.0,0.6666666865348816,0.0,0.0,0.0,0.0,0.0,0.0,,,,,,,
-0.001043120282702148,mappo,0.00028666769503615797,0.1899743527173996,0.00023024341447149053,2565.0,,,,,,,,,,,,,,0.0,,,,,0.012702684849500656,0.006666666828095913
,mappo,,,,2565.0,0.0,0.0,0.3333333432674408,0.0,0.0,0.0,0.3333333432674408,0.0,0.0,0.0,0.0,0.0,0.0,,,,,,,
-0.00029962320695631206,mappo,0.0002482066338416189,0.164066344499588,0.00022994331443814612,2566.0,,,,,,,,,,,,,,0.0,,,,,0.013108313083648682,0.013333333656191826
,mappo,,,,2566.0,0.0,0.0,0.6666666865348816,0.0,0.0,0.0,0.6666666865348816,0.0,0.0,0.0,0.0,0.0,0.0,,,,,,,
-0.003845871426165104,mappo,0.00014867707795929164,0.15765680372714996,0.0002296432144048016,2567.0,,,,,,,,,,,,,,0.0,,,,,0.012867117300629616,0.013333333656191826
,mappo,,,,2567.0,0.0,0.0,0.6666666865348816,0.0,0.0,0.0,0.6666666865348816,0.0,0.0,0.0,0.0,0.0,0.0,,,,,,,
-0.006245114840567112,mappo,7.292343798326328e-05,0.15734587609767914,0.0002293431143714572,2568.0,,,,,,,,,,,,,,0.0,,,,,0.01323961652815342,0.013333333656191826
,mappo,,,,2568.0,0.0,0.0,0.6666666865348816,0.0,0.0,0.0,0.6666666865348816,0.0,0.0,0.0,0.0,0.0,0.0,,,,,,,
-0.0032244310714304447,mappo,0.0002366175758652389,0.1635006219148636,0.00022904301433811268,2569.0,,,,,,,,,,,,,,0.0,,,,,0.013182677328586578,0.006666666828095913
,mappo,,,,2569.0,0.0,0.0,0.3333333432674408,0.0,0.0,0.0,0.3333333432674408,0.0,0.0,0.0,0.0,0.0,0.0,,,,,,,
-0.0013697780668735504,mappo,0.00019966631953138858,0.1696157157421112,0.00022874291430476828,2570.0,,,,,,,,,,,,,,0.0,,,,,0.0131251635029912,0.006666666828095913
,mappo,,,,2570.0,0.0,0.0,0.3333333432674408,0.0,0.0,0.0,0.3333333432674408,0.0,0.0,0.0,0.0,0.0,0.0,,,,,,,
-0.008151485584676266,mappo,5.0220009143231437e-05,0.19304732978343964,0.00022844281427142387,2571.0,,,,,,,,,,,,,,0.0,,,,,0.013208132237195969,0.006666666828095913
,mappo,,,,2571.0,0.0,0.0,0.3333333432674408,0.0,0.0,0.0,0.3333333432674408,0.0,0.0,0.0,0.0,0.0,0.0,,,,,,,
-0.004015100654214621,mappo,4.939756036037579e-05,0.2279091626405716,0.00022814271423807935,2572.0,,,,,,,,,,,,,,0.0,,,,,0.012666040100157261,0.006666666828095913
,mappo,,,,2572.0,0.0,0.0,0.3333333432674408,0.0,0.0,0.0,0.3333333432674408,0.0,0.0,0.0,0.0,0.0,0.0,,,,,,,
-0.005249234847724438,mappo,0.0006220242357812822,0.24146077036857605,0.00022784261420473505,2573.0,,,,,,,,,,,,,,0.0,,,,,0.01206236332654953,0.013333333656191826
,mappo,,,,2573.0,0.0,0.0,0.6666666865348816,0.0,0.0,0.0,0.6666666865348816,0.0,0.0,0.0,0.0,0.0,0.0,,,,,,,
-0.002977738156914711,mappo,0.00022114571765996516,0.24151647090911865,0.00022754251417139053,2574.0,,,,,,,,,,,,,,0.0,,,,,0.012080475687980652,0.006666666828095913
,mappo,,,,2574.0,0.0,0.0,0.3333333432674408,0.0,0.0,0.0,0.3333333432674408,0.0,0.0,0.0,0.0,0.0,0.0,,,,,,,
0.0009724171250127256,mappo,0.00036809398443438113,0.21217618882656097,0.00022724241413804602,2575.0,,,,,,,,,,,,,,0.0,,,,,0.012289710342884064,0.013333333656191826
,mappo,,,,2575.0,0.0,0.0,0.6666666865348816,0.0,0.0,0.0,0.6666666865348816,0.0,0.0,0.0,0.0,0.0,0.0,,,,,,,
-0.004114572424441576,mappo,0.00032536874641664326,0.21192246675491333,0.0002269423141047016,2576.0,,,,,,,,,,,,,,0.0,,,,,0.012231353670358658,0.013333333656191826
,mappo,,,,2576.0,0.0,0.0,0.6666666865348816,0.0,0.0,0.0,0.6666666865348816,0.0,0.0,0.0,0.0,0.0,0.0,,,,,,,
-0.002866712398827076,mappo,0.00028733487124554813,0.21277952194213867,0.0002266422140713572,2577.0,,,,,,,,,,,,,,0.0,,,,,0.01204092986881733,0.006666666828095913
,mappo,,,,2577.0,0.0,0.0,0.3333333432674408,0.0,0.0,0.0,0.3333333432674408,0.0,0.0,0.0,0.0,0.0,0.0,,,,,,,
-0.006031675264239311,mappo,0.0001561560929985717,0.190868079662323,0.00022634211403801268,2578.0,,,,,,,,,,,,,,0.0,,,,,0.012931739911437035,0.006666666828095913
,mappo,,,,2578.0,0.0,0.0,0.3333333432674408,0.0,0.0,0.0,0.3333333432674408,0.0,0.0,0.0,0.0,0.0,0.0,,,,,,,
-0.0014639931032434106,mappo,7.499312050640583e-05,0.19516326487064362,0.00022604201400466828,2579.0,,,,,,,,,,,,,,0.0,,,,,0.012025538831949234,0.006666666828095913
,mappo,,,,2579.0,0.0,0.0,0.3333333432674408,0.0,0.0,0.0,0.3333333432674408,0.0,0.0,0.0,0.0,0.0,0.0,,,,,,,
-0.008718081749975681,mappo,0.0003228050481993705,0.17310146987438202,0.00022574191397132376,2580.0,,,,,,,,,,,,,,0.0,,,,,0.012499500997364521,0.013333333656191826
,mappo,,,,2580.0,0.0,0.0,0.6666666865348816,0.0,0.0,0.0,0.6666666865348816,0.0,0.0,0.0,0.0,0.0,0.0,,,,,,,
-0.0032710086088627577,mappo,0.00021750459563918412,0.18995006382465363,0.00022544181393797935,2581.0,,,,,,,,,,,,,,0.0,,,,,0.012545904144644737,0.013333333656191826
,mappo,,,,2581.0,0.0,0.0,0.6666666865348816,0.0,0.0,0.0,0.6666666865348816,0.0,0.0,0.0,0.0,0.0,0.0,,,,,,,
-0.0050208307802677155,mappo,9.462059824727476e-05,0.18131276965141296,0.00022514171390463494,2582.0,,,,,,,,,,,,,,0.0,,,,,0.01262720674276352,0.013333333656191826
,mappo,,,,2582.0,0.0,0.0,0.6666666865348816,0.0,0.0,0.0,0.6666666865348816,0.0,0.0,0.0,0.0,0.0,0.0,,,,,,,
-0.006305775139480829,mappo,0.00015314496704377234,0.16782930493354797,0.00022484161387129043,2583.0,,,,,,,,,,,,,,0.0,,,,,0.01239381916821003,0.006666666828095913
,mappo,,,,2583.0,0.0,0.0,0.3333333432674408,0.0,0.0,0.0,0.3333333432674408,0.0,0.0,0.0,0.0,0.0,0.0,,,,,,,
0.00014905334683135152,mappo,4.384460407891311e-05,0.12860363721847534,0.00022454151383794602,2584.0,,,,,,,,,,,,,,0.0,,,,,0.012299000285565853,0.013333333656191826
,mappo,,,,2584.0,0.0,0.0,0.6666666865348816,0.0,0.0,0.0,0.6666666865348816,0.0,0.0,0.0,0.0,0.0,0.0,,,,,,,
-0.004253131337463856,mappo,5.114532541483641e-05,0.11078758537769318,0.0002242414138046016,2585.0,,,,,,,,,,,,,,0.0,,,,,0.012942856177687645,0.006666666828095913
,mappo,,,,2585.0,0.0,0.0,0.3333333432674408,0.0,0.0,0.0,0.3333333432674408,0.0,0.0,0.0,0.0,0.0,0.0,,,,,,,
-0.0038978795055299997,mappo,5.042820339440368e-05,0.1264500468969345,0.0002239413137712571,2586.0,,,,,,,,,,,,,,0.0,,,,,0.012313783168792725,0.006666666828095913
,mappo,,,,2586.0,0.0,0.0,0.3333333432674408,0.0,0.0,0.0,0.3333333432674408,0.0,0.0,0.0,0.0,0.0,0.0,,,,,,,
-0.003914974629878998,mappo,4.339193401392549e-05,0.15077604353427887,0.00022364121373791269,2587.0,,,,,,,,,,,,,,0.0,,,,,0.012912365607917309,0.006666666828095913
,mappo,,,,2587.0,0.0,0.0,0.3333333432674408,0.0,0.0,0.0,0.3333333432674408,0.0,0.0,0.0,0.0,0.0,0.0,,,,,,,
-0.0008832848980091512,mappo,2.152988236048259e-05,0.1624947339296341,0.00022334111370456828,2588.0,,,,,,,,,,,,,,0.0,,,,,0.012771968729794025,0.006666666828095913
,mappo,,,,2588.0,0.0,0.0,0.3333333432674408,0.0,0.0,0.0,0.3333333432674408,0.0,0.0,0.0,0.0,0.0,0.0,,,,,,,
-0.0026534004136919975,mappo,1.6732488802517764e-05,0.1576816737651825,0.00022304101367122376,2589.0,,,,,,,,,,,,,,0.0,,,,,0.012868990190327168,0.006666666828095913
,mappo,,,,2589.0,0.0,0.0,0.3333333432674408,0.0,0.0,0.0,0.3333333432674408,0.0,0.0,0.0,0.0,0.0,0.0,,,,,,,
0.001367638586089015,mappo,2.2877669834997505e-05,0.14453159272670746,0.00022274091363787935,2590.0,,,,,,,,,,,,,,0.0,,,,,0.013588549569249153,0.006666666828095913
,mappo,,,,2590.0,0.0,0.0,0.3333333432674408,0.0,0.0,0.0,0.3333333432674408,0.0,0.0,0.0,0.0,0.0,0.0,,,,,,,
-0.002202981384471059,mappo,0.0006349398172460496,0.1075763925909996,0.00022244081360453484,2591.0,,,,,,,,,,,,,,0.0,,,,,0.013719344511628151,0.013333333656191826
,mappo,,,,2591.0,0.0,0.0,0.6666666865348816,0.0,0.0,0.0,0.6666666865348816,0.0,0.0,0.0,0.0,0.0,0.0,,,,,,,
-0.004237093962728977,mappo,8.952178177423775e-05,0.12060388177633286,0.00022214071357119043,2592.0,,,,,,,,,,,,,,0.0,,,,,0.014038337394595146,0.006666666828095913
,mappo,,,,2592.0,0.0,0.0,0.3333333432674408,0.0,0.0,0.0,0.3333333432674408,0.0,0.0,0.0,0.0,0.0,0.0,,,,,,,
-0.002496857661753893,mappo,0.00028345765895210207,0.1001504436135292,0.00022184061353784602,2593.0,,,,,,,,,,,,,,0.0,,,,,0.013959664851427078,0.013333333656191826
,mappo,,,,2593.0,0.0,0.0,0.6666666865348816,0.0,0.0,0.0,0.6666666865348816,0.0,0.0,0.0,0.0,0.0,0.0,,,,,,,
-0.004761803895235062,mappo,0.00016574446635786444,0.12546199560165405,0.0002215405135045015,2594.0,,,,,,,,,,,,,,0.0,,,,,0.013721104711294174,0.006666666828095913
,mappo,,,,2594.0,0.0,0.0,0.3333333432674408,0.0,0.0,0.0,0.3333333432674408,0.0,0.0,0.0,0.0,0.0,0.0,,,,,,,
-0.005320325028151274,mappo,4.964139225194231e-05,0.1272704154253006,0.0002212404134711571,2595.0,,,,,,,,,,,,,,0.0,,,,,0.014071280136704445,0.006666666828095913
,mappo,,,,2595.0,0.0,0.0,0.3333333432674408,0.0,0.0,0.0,0.3333333432674408,0.0,0.0,0.0,0.0,0.0,0.0,,,,,,,
-0.0012738711666315794,mappo,2.3412319933413528e-05,0.14092767238616943,0.0002209403134378127,2596.0,,,,,,,,,,,,,,0.0,,,,,0.013984402641654015,0.006666666828095913
,mappo,,,,2596.0,0.0,0.0,0.3333333432674408,0.0,0.0,0.0,0.3333333432674408,0.0,0.0,0.0,0.0,0.0,0.0,,,,,,,
8.733035065233707e-05,mappo,0.0003407853946555406,0.10693017393350601,0.00022064021340446817,2597.0,,,,,,,,,,,,,,0.0,,,,,0.014017346315085888,0.013333333656191826
,mappo,,,,2597.0,0.0,0.0,0.6666666865348816,0.0,0.0,0.0,0.6666666865348816,0.0,0.0,0.0,0.0,0.0,0.0,,,,,,,
-0.0033118166029453278,mappo,0.00010413586278446019,0.10256997495889664,0.00022034011337112376,2598.0,,,,,,,,,,,,,,0.0,,,,,0.014193994924426079,0.013333333656191826
,mappo,,,,2598.0,0.0,0.0,0.6666666865348816,0.0,0.0,0.0,0.6666666865348816,0.0,0.0,0.0,0.0,0.0,0.0,,,,,,,
-0.005209509748965502,mappo,0.0001776775752659887,0.12457027286291122,0.00022004001333777925,2599.0,,,,,,,,,,,,,,0.0,,,,,0.014255762100219727,0.006666666828095913
,mappo,,,,2599.0,0.0,0.0,0.3333333432674408,0.0,0.0,0.0,0.3333333432674408,0.0,0.0,0.0,0.0,0.0,0.0,,,,,,,
,mappo,,,,2599.0,,,,,,,,,,,,,,,0.0,0.0,0.3333333432674408,0.0,,
-0.0008873075130395591,mappo,8.854464977048337e-05,0.10310863703489304,0.00021973991330443484,2600.0,,,,,,,,,,,,,,0.0,,,,,0.014524195343255997,0.006666666828095913
,mappo,,,,2600.0,0.0,0.0,0.3333333432674408,0.0,0.0,0.0,0.3333333432674408,0.0,0.0,0.0,0.0,0.0,0.0,,,,,,,
-0.006349620409309864,mappo,5.9763886383734643e-05,0.0658542662858963,0.00021943981327109043,2601.0,,,,,,,,,,,,,,0.0,,,,,0.014922083355486393,0.013333333656191826
,mappo,,,,2601.0,0.0,0.0,0.6666666865348816,0.0,0.0,0.0,0.6666666865348816,0.0,0.0,0.0,0.0,0.0,0.0,,,,,,,
-0.01098435465246439,mappo,1.1914275091839954e-05,0.08641839027404785,0.0002191397132377459,2602.0,,,,,,,,,,,,,,0.0,,,,,0.015124437399208546,0.006666666828095913
,mappo,,,,2602.0,0.0,0.0,0.3333333432674408,0.0,0.0,0.0,0.3333333432674408,0.0,0.0,0.0,0.0,0.0,0.0,,,,,,,
-0.0018558284500613809,mappo,1.2087731192877982e-05,0.06299542635679245,0.0002188396132044015,2603.0,,,,,,,,,,,,,,0.0,,,,,0.01588827185332775,0.006666666828095913
,mappo,,,,2603.0,0.0,0.0,0.3333333432674408,0.0,0.0,0.0,0.3333333432674408,0.0,0.0,0.0,0.0,0.0,0.0,,,,,,,
0.0007176856743171811,mappo,7.636103873664979e-06,0.03575245663523674,0.0002185395131710571,2604.0,,,,,,,,,,,,,,0.0,,,,,0.015694059431552887,0.006666666828095913
,mappo,,,,2604.0,0.0,0.0,0.3333333432674408,0.0,0.0,0.0,0.3333333432674408,0.0,0.0,0.0,0.0,0.0,0.0,,,,,,,
-0.0075494409538805485,mappo,4.921655545331305e-06,0.00026983339921571314,0.00021823941313771258,2605.0,,,,,,,,,,,,,,0.0,,,,,0.015880323946475983,0.006666666828095913
,mappo,,,,2605.0,0.0,0.0,0.3333333432674408,0.0,0.0,0.0,0.3333333432674408,0.0,0.0,0.0,0.0,0.0,0.0,,,,,,,
0.0016399807063862681,mappo,6.797090009058593e-06,-0.02800288237631321,0.00021793931310436817,2606.0,,,,,,,,,,,,,,0.0,,,,,0.016184452921152115,0.006666666828095913
,mappo,,,,2606.0,0.0,0.0,0.3333333432674408,0.0,0.0,0.0,0.3333333432674408,0.0,0.0,0.0,0.0,0.0,0.0,,,,,,,
-0.0033404934220016003,mappo,8.680452447151765e-05,-0.03847116604447365,0.00021763921307102376,2607.0,,,,,,,,,,,,,,0.0,,,,,0.01598013937473297,0.013333333656191826
,mappo,,,,2607.0,0.0,0.0,0.6666666865348816,0.0,0.0,0.0,0.6666666865348816,0.0,0.0,0.0,0.0,0.0,0.0,,,,,,,
-0.00030548570794053376,mappo,1.043848715198692e-05,-0.012309998273849487,0.00021733911303767925,2608.0,,,,,,,,,,,,,,0.0,,,,,0.016180187463760376,0.006666666828095913
,mappo,,,,2608.0,0.0,0.0,0.3333333432674408,0.0,0.0,0.0,0.3333333432674408,0.0,0.0,0.0,0.0,0.0,0.0,,,,,,,
-0.008773198351264,mappo,4.779141818289645e-06,-0.020842453464865685,0.00021703901300433484,2609.0,,,,,,,,,,,,,,0.0,,,,,0.01630239561200142,0.006666666828095913
,mappo,,,,2609.0,0.0,0.0,0.3333333432674408,0.0,0.0,0.0,0.3333333432674408,0.0,0.0,0.0,0.0,0.0,0.0,,,,,,,
0.003554942784830928,mappo,2.0473920812946744e-05,-0.034486062824726105,0.00021673891297099032,2610.0,,,,,,,,,,,,,,0.0,,,,,0.01665935292840004,0.006666666828095913
,mappo,,,,2610.0,0.0,0.0,0.3333333432674408,0.0,0.0,0.0,0.3333333432674408,0.0,0.0,0.0,0.0,0.0,0.0,,,,,,,
-0.012502233497798443,mappo,1.3954036148788873e-05,-0.015828654170036316,0.00021643881293764591,2611.0,,,,,,,,,,,,,,0.0,,,,,0.01688508689403534,0.006666666828095913
,mappo,,,,2611.0,0.0,0.0,0.3333333432674408,0.0,0.0,0.0,0.3333333432674408,0.0,0.0,0.0,0.0,0.0,0.0,,,,,,,
-0.0029981464613229036,mappo,6.053225297364406e-05,-0.026807766407728195,0.0002161387129043015,2612.0,,,,,,,,,,,,,,0.0,,,,,0.01718156225979328,0.006666666828095913
,mappo,,,,2612.0,0.0,0.0,0.3333333432674408,0.0,0.0,0.0,0.3333333432674408,0.0,0.0,0.0,0.0,0.0,0.0,,,,,,,
0.0004900317289866507,mappo,3.677563654491678e-05,-0.06687550991773605,0.000215838612870957,2613.0,,,,,,,,,,,,,,0.0,,,,,0.01705554686486721,0.006666666828095913
,mappo,,,,2613.0,0.0,0.0,0.3333333432674408,0.0,0.0,0.0,0.3333333432674408,0.0,0.0,0.0,0.0,0.0,0.0,,,,,,,
1.605935176485218e-05,mappo,6.682446837658063e-05,-0.07523072510957718,0.00021553851283761258,2614.0,,,,,,,,,,,,,,0.0,,,,,0.017149174585938454,0.006666666828095913
,mappo,,,,2614.0,0.0,0.0,0.3333333432674408,0.0,0.0,0.0,0.3333333432674408,0.0,0.0,0.0,0.0,0.0,0.0,,,,,,,
-0.0020089996978640556,mappo,1.7459848095313646e-05,-0.07943034172058105,0.00021523841280426817,2615.0,,,,,,,,,,,,,,0.0,,,,,0.016782555729150772,0.006666666828095913
,mappo,,,,2615.0,0.0,0.0,0.3333333432674408,0.0,0.0,0.0,0.3333333432674408,0.0,0.0,0.0,0.0,0.0,0.0,,,,,,,
-0.006994474213570356,mappo,4.0741222619544715e-05,-0.09291115403175354,0.00021493831277092366,2616.0,,,,,,,,,,,,,,0.0,,,,,0.0170375294983387,0.006666666828095913
,mappo,,,,2616.0,0.0,0.0,0.3333333432674408,0.0,0.0,0.0,0.3333333432674408,0.0,0.0,0.0,0.0,0.0,0.0,,,,,,,
0.004966667387634516,mappo,1.885527126432862e-05,-0.1270247846841812,0.00021463821273757925,2617.0,,,,,,,,,,,,,,0.0,,,,,0.01723027229309082,0.006666666828095913
,mappo,,,,2617.0,0.0,0.0,0.3333333432674408,0.0,0.0,0.0,0.3333333432674408,0.0,0.0,0.0,0.0,0.0,0.0,,,,,,,
-0.005592337343841791,mappo,3.246446431148797e-05,-0.15692992508411407,0.00021433811270423473,2618.0,,,,,,,,,,,,,,0.0,,,,,0.01757744699716568,0.006666666828095913
,mappo,,,,2618.0,0.0,0.0,0.3333333432674408,0.0,0.0,0.0,0.3333333432674408,0.0,0.0,0.0,0.0,0.0,0.0,,,,,,,
-0.0032501164823770523,mappo,1.4869435290165711e-05,-0.15765181183815002,0.00021403801267089032,2619.0,,,,,,,,,,,,,,0.0,,,,,0.01740424521267414,0.006666666828095913
,mappo,,,,2619.0,0.0,0.0,0.3333333432674408,0.0,0.0,0.0,0.3333333432674408,0.0,0.0,0.0,0.0,0.0,0.0,,,,,,,
-0.008712154813110828,mappo,4.2573577957227826e-05,-0.14624708890914917,0.00021373791263754592,2620.0,,,,,,,,,,,,,,0.0,,,,,0.017627587541937828,0.006666666828095913
,mappo,,,,2620.0,0.0,0.0,0.3333333432674408,0.0,0.0,0.0,0.3333333432674408,0.0,0.0,0.0,0.0,0.0,0.0,,,,,,,
-0.005514675285667181,mappo,3.165204543620348e-05,-0.11530947685241699,0.0002134378126042014,2621.0,,,,,,,,,,,,,,0.0,,,,,0.01780036836862564,0.006666666828095913
,mappo,,,,2621.0,0.0,0.0,0.3333333432674408,0.0,0.0,0.0,0.3333333432674408,0.0,0.0,0.0,0.0,0.0,0.0,,,,,,,
-0.00705207884311676,mappo,4.645217632059939e-05,-0.09081406146287918,0.000213137712570857,2622.0,,,,,,,,,,,,,,0.0,,,,,0.0175408273935318,0.006666666828095913
,mappo,,,,2622.0,0.0,0.0,0.3333333432674408,0.0,0.0,0.0,0.3333333432674408,0.0,0.0,0.0,0.0,0.0,0.0,,,,,,,
-0.0006549101672135293,mappo,4.423697464517318e-05,-0.07914230972528458,0.00021283761253751258,2623.0,,,,,,,,,,,,,,0.0,,,,,0.017645305022597313,0.006666666828095913
,mappo,,,,2623.0,0.0,0.0,0.3333333432674408,0.0,0.0,0.0,0.3333333432674408,0.0,0.0,0.0,0.0,0.0,0.0,,,,,,,
-0.005365121178328991,mappo,5.934966611675918e-05,-0.07312078028917313,0.00021253751250416807,2624.0,,,,,,,,,,,,,,0.0,,,,,0.017871301621198654,0.006666666828095913
,mappo,,,,2624.0,0.0,0.0,0.3333333432674408,0.0,0.0,0.0,0.3333333432674408,0.0,0.0,0.0,0.0,0.0,0.0,,,,,,,
-0.0027051849756389856,mappo,4.207789970678277e-05,-0.05174260959029198,0.00021223741247082366,2625.0,,,,,,,,,,,,,,0.0,,,,,0.017970552667975426,0.006666666828095913
,mappo,,,,2625.0,0.0,0.0,0.3333333432674408,0.0,0.0,0.0,0.3333333432674408,0.0,0.0,0.0,0.0,0.0,0.0,,,,,,,
-0.007437414955347776,mappo,4.076191544299945e-05,-0.032946571707725525,0.00021193731243747925,2626.0,,,,,,,,,,,,,,0.0,,,,,0.01781502552330494,0.006666666828095913
,mappo,,,,2626.0,0.0,0.0,0.3333333432674408,0.0,0.0,0.0,0.3333333432674408,0.0,0.0,0.0,0.0,0.0,0.0,,,,,,,
0.007897593080997467,mappo,3.507409564917907e-05,-0.044370077550411224,0.00021163721240413473,2627.0,,,,,,,,,,,,,,0.0,,,,,0.0180401261895895,0.006666666828095913
,mappo,,,,2627.0,0.0,0.0,0.3333333432674408,0.0,0.0,0.0,0.3333333432674408,0.0,0.0,0.0,0.0,0.0,0.0,,,,,,,
-0.00736463675275445,mappo,2.998749005200807e-05,-0.026466235518455505,0.00021133711237079033,2628.0,,,,,,,,,,,,,,0.0,,,,,0.018072154372930527,0.006666666828095913
,mappo,,,,2628.0,0.0,0.0,0.3333333432674408,0.0,0.0,0.0,0.3333333432674408,0.0,0.0,0.0,0.0,0.0,0.0,,,,,,,
0.01153457909822464,mappo,2.2960601199883968e-05,-0.015597734600305557,0.0002110370123374458,2629.0,,,,,,,,,,,,,,0.0,,,,,0.018065519630908966,0.006666666828095913
,mappo,,,,2629.0,0.0,0.0,0.3333333432674408,0.0,0.0,0.0,0.3333333432674408,0.0,0.0,0.0,0.0,0.0,0.0,,,,,,,
-0.004848960787057877,mappo,2.1401474441518076e-05,-0.003492168616503477,0.0002107369123041014,2630.0,,,,,,,,,,,,,,0.0,,,,,0.018327273428440094,0.006666666828095913
,mappo,,,,2630.0,0.0,0.0,0.3333333432674408,0.0,0.0,0.0,0.3333333432674408,0.0,0.0,0.0,0.0,0.0,0.0,,,,,,,
-0.007284634280949831,mappo,1.6594776752754115e-05,0.021718140691518784,0.000210436812270757,2631.0,,,,,,,,,,,,,,0.0,,,,,0.01834149658679962,0.006666666828095913
,mappo,,,,2631.0,0.0,0.0,0.3333333432674408,0.0,0.0,0.0,0.3333333432674408,0.0,0.0,0.0,0.0,0.0,0.0,,,,,,,
0.0017841976368799806,mappo,1.8593216736917384e-05,0.03673332929611206,0.00021013671223741248,2632.0,,,,,,,,,,,,,,0.0,,,,,0.018419772386550903,0.006666666828095913
,mappo,,,,2632.0,0.0,0.0,0.3333333432674408,0.0,0.0,0.0,0.3333333432674408,0.0,0.0,0.0,0.0,0.0,0.0,,,,,,,
-0.0005929673789069057,mappo,1.0561118870100472e-05,0.0669708102941513,0.00020983661220406807,2633.0,,,,,,,,,,,,,,0.0,,,,,0.018351014703512192,0.006666666828095913
,mappo,,,,2633.0,0.0,0.0,0.3333333432674408,0.0,0.0,0.0,0.3333333432674408,0.0,0.0,0.0,0.0,0.0,0.0,,,,,,,
-0.0028619631193578243,mappo,1.6579662769800052e-05,0.09193330258131027,0.00020953651217072366,2634.0,,,,,,,,,,,,,,0.0,,,,,0.018244121223688126,0.006666666828095913
,mappo,,,,2634.0,0.0,0.0,0.3333333432674408,0.0,0.0,0.0,0.3333333432674408,0.0,0.0,0.0,0.0,0.0,0.0,,,,,,,
-0.009191567078232765,mappo,9.74846989265643e-06,0.1298440843820572,0.00020923641213737914,2635.0,,,,,,,,,,,,,,0.0,,,,,0.018279673531651497,0.006666666828095913
,mappo,,,,2635.0,0.0,0.0,0.3333333432674408,0.0,0.0,0.0,0.3333333432674408,0.0,0.0,0.0,0.0,0.0,0.0,,,,,,,
0.001109905308112502,mappo,1.2012154002150055e-05,0.15554770827293396,0.00020893631210403473,2636.0,,,,,,,,,,,,,,0.0,,,,,0.018146224319934845,0.006666666828095913
,mappo,,,,2636.0,0.0,0.0,0.3333333432674408,0.0,0.0,0.0,0.3333333432674408,0.0,0.0,0.0,0.0,0.0,0.0,,,,,,,
-0.003411694662645459,mappo,1.0866674529097509e-05,0.17020836472511292,0.00020863621207069033,2637.0,,,,,,,,,,,,,,0.0,,,,,0.018265405669808388,0.006666666828095913
,mappo,,,,2637.0,0.0,0.0,0.3333333432674408,0.0,0.0,0.0,0.3333333432674408,0.0,0.0,0.0,0.0,0.0,0.0,,,,,,,
-0.003674647305160761,mappo,1.1950617590628099e-05,0.1887584924697876,0.0002083361120373458,2638.0,,,,,,,,,,,,,,0.0,,,,,0.01842958852648735,0.006666666828095913
,mappo,,,,2638.0,0.0,0.0,0.3333333432674408,0.0,0.0,0.0,0.3333333432674408,0.0,0.0,0.0,0.0,0.0,0.0,,,,,,,
-0.00616146856918931,mappo,6.193107765284367e-06,0.21095505356788635,0.0002080360120040014,2639.0,,,,,,,,,,,,,,0.0,,,,,0.018151313066482544,0.006666666828095913
,mappo,,,,2639.0,0.0,0.0,0.3333333432674408,0.0,0.0,0.0,0.3333333432674408,0.0,0.0,0.0,0.0,0.0,0.0,,,,,,,
-0.002303068758919835,mappo,1.2909161341667641e-05,0.23069226741790771,0.00020773591197065689,2640.0,,,,,,,,,,,,,,0.0,,,,,0.0184797253459692,0.006666666828095913
,mappo,,,,2640.0,0.0,0.0,0.3333333432674408,0.0,0.0,0.0,0.3333333432674408,0.0,0.0,0.0,0.0,0.0,0.0,,,,,,,
-0.005521991290152073,mappo,7.73976989876246e-06,0.2499857097864151,0.00020743581193731248,2641.0,,,,,,,,,,,,,,0.0,,,,,0.018502213060855865,0.006666666828095913
,mappo,,,,2641.0,0.0,0.0,0.3333333432674408,0.0,0.0,0.0,0.3333333432674408,0.0,0.0,0.0,0.0,0.0,0.0,,,,,,,
-0.007661604322493076,mappo,1.0094305253005587e-05,0.28574517369270325,0.00020713571190396807,2642.0,,,,,,,,,,,,,,0.0,,,,,0.018432900309562683,0.006666666828095913
,mappo,,,,2642.0,0.0,0.0,0.3333333432674408,0.0,0.0,0.0,0.3333333432674408,0.0,0.0,0.0,0.0,0.0,0.0,,,,,,,
-0.010037105530500412,mappo,3.79392372451548e-06,0.3429514765739441,0.00020683561187062355,2643.0,,,,,,,,,,,,,,0.0,,,,,0.018242530524730682,0.006666666828095913
,mappo,,,,2643.0,0.0,0.0,0.3333333432674408,0.0,0.0,0.0,0.3333333432674408,0.0,0.0,0.0,0.0,0.0,0.0,,,,,,,
0.0047090137377381325,mappo,1.0268720870953985e-05,0.3774704039096832,0.00020653551183727914,2644.0,,,,,,,,,,,,,,0.0,,,,,0.01840578019618988,0.006666666828095913
,mappo,,,,2644.0,0.0,0.0,0.3333333432674408,0.0,0.0,0.0,0.3333333432674408,0.0,0.0,0.0,0.0,0.0,0.0,,,,,,,
-0.0010502865770831704,mappo,3.4355907700955868e-06,0.3859604299068451,0.00020623541180393474,2645.0,,,,,,,,,,,,,,0.0,,,,,0.018436938524246216,0.006666666828095913
,mappo,,,,2645.0,0.0,0.0,0.3333333432674408,0.0,0.0,0.0,0.3333333432674408,0.0,0.0,0.0,0.0,0.0,0.0,,,,,,,
-0.002746301470324397,mappo,5.62294144401676e-06,0.3944092392921448,0.00020593531177059022,2646.0,,,,,,,,,,,,,,0.0,,,,,0.01837712712585926,0.006666666828095913
,mappo,,,,2646.0,0.0,0.0,0.3333333432674408,0.0,0.0,0.0,0.3333333432674408,0.0,0.0,0.0,0.0,0.0,0.0,,,,,,,
-0.005753427743911743,mappo,3.071634182560956e-06,0.4134630560874939,0.0002056352117372458,2647.0,,,,,,,,,,,,,,0.0,,,,,0.01808914542198181,0.006666666828095913
,mappo,,,,2647.0,0.0,0.0,0.3333333432674408,0.0,0.0,0.0,0.3333333432674408,0.0,0.0,0.0,0.0,0.0,0.0,,,,,,,
0.0014409853611141443,mappo,2.92486197395192e-06,0.42362621426582336,0.0002053351117039013,2648.0,,,,,,,,,,,,,,0.0,,,,,0.01831384003162384,0.006666666828095913
,mappo,,,,2648.0,0.0,0.0,0.3333333432674408,0.0,0.0,0.0,0.3333333432674408,0.0,0.0,0.0,0.0,0.0,0.0,,,,,,,
-0.003169728210195899,mappo,1.7249788015760714e-06,0.4250698685646057,0.0002050350116705569,2649.0,,,,,,,,,,,,,,0.0,,,,,0.018301090225577354,0.006666666828095913
,mappo,,,,2649.0,0.0,0.0,0.3333333432674408,0.0,0.0,0.0,0.3333333432674408,0.0,0.0,0.0,0.0,0.0,0.0,,,,,,,
-0.0011568056652322412,mappo,3.322366865177173e-06,0.41838324069976807,0.00020473491163721248,2650.0,,,,,,,,,,,,,,0.0,,,,,0.018354613333940506,0.006666666828095913
,mappo,,,,2650.0,0.0,0.0,0.3333333432674408,0.0,0.0,0.0,0.3333333432674408,0.0,0.0,0.0,0.0,0.0,0.0,,,,,,,
-0.002195793204009533,mappo,1.5536674027316622e-06,0.40410372614860535,0.00020443481160386796,2651.0,,,,,,,,,,,,,,0.0,,,,,0.01825929805636406,0.006666666828095913
,mappo,,,,2651.0,0.0,0.0,0.3333333432674408,0.0,0.0,0.0,0.3333333432674408,0.0,0.0,0.0,0.0,0.0,0.0,,,,,,,
-0.004397805780172348,mappo,2.088345354422927e-06,0.405903160572052,0.00020413471157052355,2652.0,,,,,,,,,,,,,,0.0,,,,,0.01838085986673832,0.006666666828095913
,mappo,,,,2652.0,0.0,0.0,0.3333333432674408,0.0,0.0,0.0,0.3333333432674408,0.0,0.0,0.0,0.0,0.0,0.0,,,,,,,
0.00016134782345034182,mappo,2.2993340280663688e-06,0.39599931240081787,0.00020383461153717915,2653.0,,,,,,,,,,,,,,0.0,,,,,0.01854001171886921,0.006666666828095913
,mappo,,,,2653.0,0.0,0.0,0.3333333432674408,0.0,0.0,0.0,0.3333333432674408,0.0,0.0,0.0,0.0,0.0,0.0,,,,,,,
0.0028581712394952774,mappo,2.118839120157645e-06,0.39023810625076294,0.00020353451150383463,2654.0,,,,,,,,,,,,,,0.0,,,,,0.01818903163075447,0.006666666828095913
,mappo,,,,2654.0,0.0,0.0,0.3333333432674408,0.0,0.0,0.0,0.3333333432674408,0.0,0.0,0.0,0.0,0.0,0.0,,,,,,,
-0.0017413718160241842,mappo,1.892709406092763e-06,0.3685036301612854,0.00020323441147049022,2655.0,,,,,,,,,,,,,,0.0,,,,,0.018357831984758377,0.006666666828095913
,mappo,,,,2655.0,0.0,0.0,0.3333333432674408,0.0,0.0,0.0,0.3333333432674408,0.0,0.0,0.0,0.0,0.0,0.0,,,,,,,
-0.005655801855027676,mappo,1.1180550245626364e-06,0.34403523802757263,0.0002029343114371458,2656.0,,,,,,,,,,,,,,0.0,,,,,0.01817130856215954,0.006666666828095913
,mappo,,,,2656.0,0.0,0.0,0.3333333432674408,0.0,0.0,0.0,0.3333333432674408,0.0,0.0,0.0,0.0,0.0,0.0,,,,,,,
-0.0028359440620988607,mappo,1.3998288750372012e-06,0.33551543951034546,0.0002026342114038013,2657.0,,,,,,,,,,,,,,0.0,,,,,0.018393084406852722,0.006666666828095913
,mappo,,,,2657.0,0.0,0.0,0.3333333432674408,0.0,0.0,0.0,0.3333333432674408,0.0,0.0,0.0,0.0,0.0,0.0,,,,,,,
-0.006931323558092117,mappo,8.871996897141798e-07,0.33722320199012756,0.0002023341113704569,2658.0,,,,,,,,,,,,,,0.0,,,,,0.018330033868551254,0.006666666828095913
,mappo,,,,2658.0,0.0,0.0,0.3333333432674408,0.0,0.0,0.0,0.3333333432674408,0.0,0.0,0.0,0.0,0.0,0.0,,,,,,,
-0.0005345716490410268,mappo,3.0036621865292545e-06,0.3472095727920532,0.00020203401133711237,2659.0,,,,,,,,,,,,,,0.0,,,,,0.018331006169319153,0.006666666828095913
,mappo,,,,2659.0,0.0,0.0,0.3333333432674408,0.0,0.0,0.0,0.3333333432674408,0.0,0.0,0.0,0.0,0.0,0.0,,,,,,,
-0.0061439876444637775,mappo,2.194349235651316e-06,0.37919822335243225,0.00020173391130376796,2660.0,,,,,,,,,,,,,,0.0,,,,,0.018397849053144455,0.006666666828095913
,mappo,,,,2660.0,0.0,0.0,0.3333333432674408,0.0,0.0,0.0,0.3333333432674408,0.0,0.0,0.0,0.0,0.0,0.0,,,,,,,
-0.0011815796606242657,mappo,2.1912592274020426e-06,0.4120740294456482,0.00020143381127042356,2661.0,,,,,,,,,,,,,,0.0,,,,,0.018452515825629234,0.006666666828095913
,mappo,,,,2661.0,0.0,0.0,0.3333333432674408,0.0,0.0,0.0,0.3333333432674408,0.0,0.0,0.0,0.0,0.0,0.0,,,,,,,
-0.003029164392501116,mappo,1.9588617305998923e-06,0.41388100385665894,0.00020113371123707904,2662.0,,,,,,,,,,,,,,0.0,,,,,0.01848846673965454,0.006666666828095913
,mappo,,,,2662.0,0.0,0.0,0.3333333432674408,0.0,0.0,0.0,0.3333333432674408,0.0,0.0,0.0,0.0,0.0,0.0,,,,,,,
-0.0024475690443068743,mappo,1.3018874369663536e-06,0.39464128017425537,0.00020083361120373452,2663.0,,,,,,,,,,,,,,0.0,,,,,0.018569182604551315,0.006666666828095913
,mappo,,,,2663.0,0.0,0.0,0.3333333432674408,0.0,0.0,0.0,0.3333333432674408,0.0,0.0,0.0,0.0,0.0,0.0,,,,,,,
-0.005377333145588636,mappo,2.1521011603908846e-06,0.3799036741256714,0.00020053351117039022,2664.0,,,,,,,,,,,,,,0.0,,,,,0.018626969307661057,0.006666666828095913
,mappo,,,,2664.0,0.0,0.0,0.3333333432674408,0.0,0.0,0.0,0.3333333432674408,0.0,0.0,0.0,0.0,0.0,0.0,,,,,,,
-0.001350824604742229,mappo,6.98529049714125e-07,0.35695958137512207,0.0002002334111370457,2665.0,,,,,,,,,,,,,,0.0,,,,,0.018769752234220505,0.006666666828095913
,mappo,,,,2665.0,0.0,0.0,0.3333333432674408,0.0,0.0,0.0,0.3333333432674408,0.0,0.0,0.0,0.0,0.0,0.0,,,,,,,
-0.009189055301249027,mappo,8.936094104683434e-07,0.3106817305088043,0.0001999333111037013,2666.0,,,,,,,,,,,,,,0.0,,,,,0.01867799274623394,0.006666666828095913
,mappo,,,,2666.0,0.0,0.0,0.3333333432674408,0.0,0.0,0.0,0.3333333432674408,0.0,0.0,0.0,0.0,0.0,0.0,,,,,,,
-0.002007435541599989,mappo,7.253895546455169e-07,0.26645204424858093,0.0001996332110703569,2667.0,,,,,,,,,,,,,,0.0,,,,,0.018597526475787163,0.006666666828095913
,mappo,,,,2667.0,0.0,0.0,0.3333333432674408,0.0,0.0,0.0,0.3333333432674408,0.0,0.0,0.0,0.0,0.0,0.0,,,,,,,
-0.007323360536247492,mappo,8.800814725873352e-07,0.23283858597278595,0.00019933311103701237,2668.0,,,,,,,,,,,,,,0.0,,,,,0.018514014780521393,0.006666666828095913
,mappo,,,,2668.0,0.0,0.0,0.3333333432674408,0.0,0.0,0.0,0.3333333432674408,0.0,0.0,0.0,0.0,0.0,0.0,,,,,,,
-0.0005011841421946883,mappo,5.632338684335991e-07,0.2119121104478836,0.00019903301100366796,2669.0,,,,,,,,,,,,,,0.0,,,,,0.018513809889554977,0.006666666828095913
,mappo,,,,2669.0,0.0,0.0,0.3333333432674408,0.0,0.0,0.0,0.3333333432674408,0.0,0.0,0.0,0.0,0.0,0.0,,,,,,,
-0.003490688046440482,mappo,7.312084449040412e-07,0.18880440294742584,0.00019873291097032345,2670.0,,,,,,,,,,,,,,0.0,,,,,0.018595444038510323,0.006666666828095913
,mappo,,,,2670.0,0.0,0.0,0.3333333432674408,0.0,0.0,0.0,0.3333333432674408,0.0,0.0,0.0,0.0,0.0,0.0,,,,,,,
0.0055940644815564156,mappo,1.0152898539672606e-06,0.17568358778953552,0.00019843281093697904,2671.0,,,,,,,,,,,,,,0.0,,,,,0.018533479422330856,0.006666666828095913
,mappo,,,,2671.0,0.0,0.0,0.3333333432674408,0.0,0.0,0.0,0.3333333432674408,0.0,0.0,0.0,0.0,0.0,0.0,,,,,,,
-0.0037613853346556425,mappo,7.071087679832999e-07,0.15356537699699402,0.00019813271090363463,2672.0,,,,,,,,,,,,,,0.0,,,,,0.0185529924929142,0.006666666828095913
,mappo,,,,2672.0,0.0,0.0,0.3333333432674408,0.0,0.0,0.0,0.3333333432674408,0.0,0.0,0.0,0.0,0.0,0.0,,,,,,,
-0.008709020912647247,mappo,7.846916787457303e-07,0.14119738340377808,0.00019783261087029012,2673.0,,,,,,,,,,,,,,0.0,,,,,0.01862393319606781,0.006666666828095913
,mappo,,,,2673.0,0.0,0.0,0.3333333432674408,0.0,0.0,0.0,0.3333333432674408,0.0,0.0,0.0,0.0,0.0,0.0,,,,,,,
-7.891851419117302e-05,mappo,5.820195383421378e-07,0.15580742061138153,0.0001975325108369456,2674.0,,,,,,,,,,,,,,0.0,,,,,0.0185406394302845,0.006666666828095913
,mappo,,,,2674.0,0.0,0.0,0.3333333432674408,0.0,0.0,0.0,0.3333333432674408,0.0,0.0,0.0,0.0,0.0,0.0,,,,,,,
0.0023930759634822607,mappo,8.579575023759389e-07,0.17307721078395844,0.0001972324108036013,2675.0,,,,,,,,,,,,,,0.0,,,,,0.018675442785024643,0.006666666828095913
,mappo,,,,2675.0,0.0,0.0,0.3333333432674408,0.0,0.0,0.0,0.3333333432674408,0.0,0.0,0.0,0.0,0.0,0.0,,,,,,,
-0.0042986334301531315,mappo,7.318494112951157e-07,0.17308607697486877,0.00019693231077025678,2676.0,,,,,,,,,,,,,,0.0,,,,,0.018735811114311218,0.006666666828095913
,mappo,,,,2676.0,0.0,0.0,0.3333333432674408,0.0,0.0,0.0,0.3333333432674408,0.0,0.0,0.0,0.0,0.0,0.0,,,,,,,
0.0013639946701005101,mappo,6.534205567731988e-07,0.17137402296066284,0.00019663221073691237,2677.0,,,,,,,,,,,,,,0.0,,,,,0.018446698784828186,0.006666666828095913
,mappo,,,,2677.0,0.0,0.0,0.3333333432674408,0.0,0.0,0.0,0.3333333432674408,0.0,0.0,0.0,0.0,0.0,0.0,,,,,,,
-0.007050752639770508,mappo,5.78798960759741e-07,0.18124771118164062,0.00019633211070356786,2678.0,,,,,,,,,,,,,,0.0,,,,,0.01877356320619583,0.006666666828095913
,mappo,,,,2678.0,0.0,0.0,0.3333333432674408,0.0,0.0,0.0,0.3333333432674408,0.0,0.0,0.0,0.0,0.0,0.0,,,,,,,
-0.005944362375885248,mappo,4.2539562628007843e-07,0.20413632690906525,0.00019603201067022345,2679.0,,,,,,,,,,,,,,0.0,,,,,0.018826626241207123,0.006666666828095913
,mappo,,,,2679.0,0.0,0.0,0.3333333432674408,0.0,0.0,0.0,0.3333333432674408,0.0,0.0,0.0,0.0,0.0,0.0,,,,,,,
0.00039184815250337124,mappo,4.5088432898410247e-07,0.22226811945438385,0.00019573191063687904,2680.0,,,,,,,,,,,,,,0.0,,,,,0.01878807507455349,0.006666666828095913
,mappo,,,,2680.0,0.0,0.0,0.3333333432674408,0.0,0.0,0.0,0.3333333432674408,0.0,0.0,0.0,0.0,0.0,0.0,,,,,,,
-0.006115457974374294,mappo,5.537327751881094e-07,0.2264358550310135,0.00019543181060353452,2681.0,,,,,,,,,,,,,,0.0,,,,,0.018395215272903442,0.006666666828095913
,mappo,,,,2681.0,0.0,0.0,0.3333333432674408,0.0,0.0,0.0,0.3333333432674408,0.0,0.0,0.0,0.0,0.0,0.0,,,,,,,
-0.00220781029202044,mappo,4.741706334243645e-07,0.21722589433193207,0.00019513171057019012,2682.0,,,,,,,,,,,,,,0.0,,,,,0.018493961542844772,0.006666666828095913
,mappo,,,,2682.0,0.0,0.0,0.3333333432674408,0.0,0.0,0.0,0.3333333432674408,0.0,0.0,0.0,0.0,0.0,0.0,,,,,,,
-0.009619999676942825,mappo,4.0227976683127054e-07,0.21266674995422363,0.0001948316105368457,2683.0,,,,,,,,,,,,,,0.0,,,,,0.01846012845635414,0.006666666828095913
,mappo,,,,2683.0,0.0,0.0,0.3333333432674408,0.0,0.0,0.0,0.3333333432674408,0.0,0.0,0.0,0.0,0.0,0.0,,,,,,,
-0.008863023482263088,mappo,4.95834228786407e-07,0.21447506546974182,0.0001945315105035012,2684.0,,,,,,,,,,,,,,0.0,,,,,0.01840956136584282,0.006666666828095913
,mappo,,,,2684.0,0.0,0.0,0.3333333432674408,0.0,0.0,0.0,0.3333333432674408,0.0,0.0,0.0,0.0,0.0,0.0,,,,,,,
0.00010842119809240103,mappo,1.4498812106467085e-06,0.19610723853111267,0.00019423141047015668,2685.0,,,,,,,,,,,,,,0.0,,,,,0.01825599931180477,0.006666666828095913
,mappo,,,,2685.0,0.0,0.0,0.3333333432674408,0.0,0.0,0.0,0.3333333432674408,0.0,0.0,0.0,0.0,0.0,0.0,,,,,,,
-0.002352033508941531,mappo,1.0178648608416552e-06,0.17189836502075195,0.00019393131043681238,2686.0,,,,,,,,,,,,,,0.0,,,,,0.018432825803756714,0.006666666828095913
,mappo,,,,2686.0,0.0,0.0,0.3333333432674408,0.0,0.0,0.0,0.3333333432674408,0.0,0.0,0.0,0.0,0.0,0.0,,,,,,,
-0.005003103520721197,mappo,1.422813852514082e-06,0.1620367020368576,0.00019363121040346786,2687.0,,,,,,,,,,,,,,0.0,,,,,0.01869327761232853,0.006666666828095913
,mappo,,,,2687.0,0.0,0.0,0.3333333432674408,0.0,0.0,0.0,0.3333333432674408,0.0,0.0,0.0,0.0,0.0,0.0,,,,,,,
-0.002248387783765793,mappo,5.675999545928789e-07,0.16549146175384521,0.00019333111037012345,2688.0,,,,,,,,,,,,,,0.0,,,,,0.018674666061997414,0.006666666828095913
,mappo,,,,2688.0,0.0,0.0,0.3333333432674408,0.0,0.0,0.0,0.3333333432674408,0.0,0.0,0.0,0.0,0.0,0.0,,,,,,,
-0.0061687687411904335,mappo,6.08970992743707e-07,0.17418642342090607,0.00019303101033677893,2689.0,,,,,,,,,,,,,,0.0,,,,,0.018772516399621964,0.006666666828095913
,mappo,,,,2689.0,0.0,0.0,0.3333333432674408,0.0,0.0,0.0,0.3333333432674408,0.0,0.0,0.0,0.0,0.0,0.0,,,,,,,
-0.0017514190403744578,mappo,4.6753311266911624e-07,0.19932708144187927,0.00019273091030343453,2690.0,,,,,,,,,,,,,,0.0,,,,,0.018588466569781303,0.006666666828095913
,mappo,,,,2690.0,0.0,0.0,0.3333333432674408,0.0,0.0,0.0,0.3333333432674408,0.0,0.0,0.0,0.0,0.0,0.0,,,,,,,
-0.009080874733626842,mappo,6.652333581769199e-07,0.2157697230577469,0.00019243081027009012,2691.0,,,,,,,,,,,,,,0.0,,,,,0.018646039068698883,0.006666666828095913
,mappo,,,,2691.0,0.0,0.0,0.3333333432674408,0.0,0.0,0.0,0.3333333432674408,0.0,0.0,0.0,0.0,0.0,0.0,,,,,,,
-0.0032487197313457727,mappo,4.815520355805347e-07,0.22585326433181763,0.0001921307102367456,2692.0,,,,,,,,,,,,,,0.0,,,,,0.01870126649737358,0.006666666828095913
,mappo,,,,2692.0,0.0,0.0,0.3333333432674408,0.0,0.0,0.0,0.3333333432674408,0.0,0.0,0.0,0.0,0.0,0.0,,,,,,,
-0.005202853120863438,mappo,3.625185911459994e-07,0.23636969923973083,0.00019183061020340108,2693.0,,,,,,,,,,,,,,0.0,,,,,0.018767831847071648,0.006666666828095913
,mappo,,,,2693.0,0.0,0.0,0.3333333432674408,0.0,0.0,0.0,0.3333333432674408,0.0,0.0,0.0,0.0,0.0,0.0,,,,,,,
-0.0016099928179755807,mappo,3.6210573739481333e-07,0.233699232339859,0.00019153051017005678,2694.0,,,,,,,,,,,,,,0.0,,,,,0.0187347661703825,0.006666666828095913
,mappo,,,,2694.0,0.0,0.0,0.3333333432674408,0.0,0.0,0.0,0.3333333432674408,0.0,0.0,0.0,0.0,0.0,0.0,,,,,,,
-0.009612665511667728,mappo,4.266537416697247e-07,0.2167055308818817,0.00019123041013671227,2695.0,,,,,,,,,,,,,,0.0,,,,,0.018801679834723473,0.006666666828095913
,mappo,,,,2695.0,0.0,0.0,0.3333333432674408,0.0,0.0,0.0,0.3333333432674408,0.0,0.0,0.0,0.0,0.0,0.0,,,,,,,
0.00018372968770563602,mappo,1.3372834928304655e-06,0.21329207718372345,0.00019093031010336775,2696.0,,,,,,,,,,,,,,0.0,,,,,0.01844794675707817,0.006666666828095913
,mappo,,,,2696.0,0.0,0.0,0.3333333432674408,0.0,0.0,0.0,0.3333333432674408,0.0,0.0,0.0,0.0,0.0,0.0,,,,,,,
-0.0050560710951685905,mappo,8.077203688117152e-07,0.22046294808387756,0.00019063021007002345,2697.0,,,,,,,,,,,,,,0.0,,,,,0.01877894252538681,0.006666666828095913
,mappo,,,,2697.0,0.0,0.0,0.3333333432674408,0.0,0.0,0.0,0.3333333432674408,0.0,0.0,0.0,0.0,0.0,0.0,,,,,,,
-0.0006713820621371269,mappo,4.2057962446051533e-07,0.22273994982242584,0.00019033011003667894,2698.0,,,,,,,,,,,,,,0.0,,,,,0.018555186688899994,0.006666666828095913
,mappo,,,,2698.0,0.0,0.0,0.3333333432674408,0.0,0.0,0.0,0.3333333432674408,0.0,0.0,0.0,0.0,0.0,0.0,,,,,,,
-0.00019101027282886207,mappo,0.0007453116704709828,0.2399870753288269,0.00019003001000333453,2699.0,,,,,,,,,,,,,,0.0,,,,,0.0167199969291687,0.0
,mappo,,,,2699.0,0.0,0.0,0.0,0.0,0.0,0.0,0.0,0.0,0.0,0.0,0.0,0.0,0.0,,,,,,,
,mappo,,,,2699.0,,,,,,,,,,,,,,,0.0,0.0,0.0,0.0,,
-0.0019324214663356543,mappo,0.00013922061771154404,0.24008557200431824,0.00018972990996999,2700.0,,,,,,,,,,,,,,0.0,,,,,0.016879944130778313,0.0
,mappo,,,,2700.0,0.0,0.0,0.0,0.0,0.0,0.0,0.0,0.0,0.0,0.0,0.0,0.0,0.0,,,,,,,
-0.003977596759796143,mappo,0.001527199405245483,0.22050566971302032,0.0001894298099366456,2701.0,,,,,,,,,,,,,,0.0,,,,,0.01870356872677803,0.006666666828095913
,mappo,,,,2701.0,0.0,0.0,0.3333333432674408,0.0,0.0,0.0,0.3333333432674408,0.0,0.0,0.0,0.0,0.0,0.0,,,,,,,
-0.004341220948845148,mappo,0.0008576892432756722,0.24405425786972046,0.0001891297099033012,2702.0,,,,,,,,,,,,,,0.0,,,,,0.018849046900868416,0.006666666828095913
,mappo,,,,2702.0,0.0,0.0,0.3333333432674408,0.0,0.0,0.0,0.3333333432674408,0.0,0.0,0.0,0.0,0.0,0.0,,,,,,,
-0.001083360519260168,mappo,0.00048520014388486743,0.26549801230430603,0.00018882960986995668,2703.0,,,,,,,,,,,,,,0.0,,,,,0.018711162731051445,0.006666666828095913
,mappo,,,,2703.0,0.0,0.0,0.3333333432674408,0.0,0.0,0.0,0.3333333432674408,0.0,0.0,0.0,0.0,0.0,0.0,,,,,,,
-0.00466959597542882,mappo,0.0003106604272034019,0.27460333704948425,0.00018852950983661216,2704.0,,,,,,,,,,,,,,0.0,,,,,0.018643248826265335,0.006666666828095913
,mappo,,,,2704.0,0.0,0.0,0.3333333432674408,0.0,0.0,0.0,0.3333333432674408,0.0,0.0,0.0,0.0,0.0,0.0,,,,,,,
-0.0052188364788889885,mappo,0.00023714752751402557,0.2809571623802185,0.00018822940980326786,2705.0,,,,,,,,,,,,,,0.0,,,,,0.018844056874513626,0.006666666828095913
,mappo,,,,2705.0,0.0,0.0,0.3333333432674408,0.0,0.0,0.0,0.3333333432674408,0.0,0.0,0.0,0.0,0.0,0.0,,,,,,,
-0.001203888445161283,mappo,0.0001572382461745292,0.281220942735672,0.00018792930976992334,2706.0,,,,,,,,,,,,,,0.0,,,,,0.018604900687932968,0.006666666828095913
,mappo,,,,2706.0,0.0,0.0,0.3333333432674408,0.0,0.0,0.0,0.3333333432674408,0.0,0.0,0.0,0.0,0.0,0.0,,,,,,,
-0.009293104521930218,mappo,0.00011851137242047116,0.2835564911365509,0.00018762920973657883,2707.0,,,,,,,,,,,,,,0.0,,,,,0.018718663603067398,0.006666666828095913
,mappo,,,,2707.0,0.0,0.0,0.3333333432674408,0.0,0.0,0.0,0.3333333432674408,0.0,0.0,0.0,0.0,0.0,0.0,,,,,,,
-0.0025595156475901604,mappo,0.0018293947214260697,0.29601892828941345,0.00018732910970323442,2708.0,,,,,,,,,,,,,,0.0,,,,,0.016723090782761574,0.0
,mappo,,,,2708.0,0.0,0.0,0.0,0.0,0.0,0.0,0.0,0.0,0.0,0.0,0.0,0.0,0.0,,,,,,,
-0.005586705636233091,mappo,0.00020067852165084332,0.275358647108078,0.00018702900966989,2709.0,,,,,,,,,,,,,,0.0,,,,,0.0184694342315197,0.006666666828095913
,mappo,,,,2709.0,0.0,0.0,0.3333333432674408,0.0,0.0,0.0,0.3333333432674408,0.0,0.0,0.0,0.0,0.0,0.0,,,,,,,
-0.01359623670578003,mappo,0.0005835553747601807,0.3051621615886688,0.0001867289096365456,2710.0,,,,,,,,,,,,,,0.0,,,,,0.016738930717110634,0.0
,mappo,,,,2710.0,0.0,0.0,0.0,0.0,0.0,0.0,0.0,0.0,0.0,0.0,0.0,0.0,0.0,,,,,,,
-0.003865661332383752,mappo,0.00023866644187364727,0.2932015061378479,0.0001864288096032011,2711.0,,,,,,,,,,,,,,0.0,,,,,0.01644965633749962,0.0
,mappo,,,,2711.0,0.0,0.0,0.0,0.0,0.0,0.0,0.0,0.0,0.0,0.0,0.0,0.0,0.0,,,,,,,
-0.008114472962915897,mappo,0.001915262546390295,0.2552036643028259,0.00018612870956985668,2712.0,,,,,,,,,,,,,,0.0,,,,,0.018082045018672943,0.006666666828095913
,mappo,,,,2712.0,0.0,0.0,0.3333333432674408,0.0,0.0,0.0,0.3333333432674408,0.0,0.0,0.0,0.0,0.0,0.0,,,,,,,
-0.0037473547272384167,mappo,0.0014626507181674242,0.22899706661701202,0.00018582860953651227,2713.0,,,,,,,,,,,,,,0.0,,,,,0.01802973449230194,0.006666666828095913
,mappo,,,,2713.0,0.0,0.0,0.3333333432674408,0.0,0.0,0.0,0.3333333432674408,0.0,0.0,0.0,0.0,0.0,0.0,,,,,,,
-0.005171820055693388,mappo,0.00034299350227229297,0.2286389172077179,0.00018552850950316775,2714.0,,,,,,,,,,,,,,0.0,,,,,0.016187947243452072,0.0
,mappo,,,,2714.0,0.0,0.0,0.0,0.0,0.0,0.0,0.0,0.0,0.0,0.0,0.0,0.0,0.0,,,,,,,
-0.002149510197341442,mappo,0.0009466531337238848,0.22411023080348969,0.00018522840946982324,2715.0,,,,,,,,,,,,,,0.0,,,,,0.018282432109117508,0.006666666828095913
,mappo,,,,2715.0,0.0,0.0,0.3333333432674408,0.0,0.0,0.0,0.3333333432674408,0.0,0.0,0.0,0.0,0.0,0.0,,,,,,,
-0.006809075362980366,mappo,0.00040220434311777353,0.25834447145462036,0.00018492830943647894,2716.0,,,,,,,,,,,,,,0.0,,,,,0.016537673771381378,0.0
,mappo,,,,2716.0,0.0,0.0,0.0,0.0,0.0,0.0,0.0,0.0,0.0,0.0,0.0,0.0,0.0,,,,,,,
-0.0018480619182810187,mappo,0.0008326699608005583,0.24580292403697968,0.00018462820940313442,2717.0,,,,,,,,,,,,,,0.0,,,,,0.01836189068853855,0.006666666828095913
,mappo,,,,2717.0,0.0,0.0,0.3333333432674408,0.0,0.0,0.0,0.3333333432674408,0.0,0.0,0.0,0.0,0.0,0.0,,,,,,,
-0.004324781242758036,mappo,0.0006153695867396891,0.2291281819343567,0.00018432810936979,2718.0,,,,,,,,,,,,,,0.0,,,,,0.017951615154743195,0.006666666828095913
,mappo,,,,2718.0,0.0,0.0,0.3333333432674408,0.0,0.0,0.0,0.3333333432674408,0.0,0.0,0.0,0.0,0.0,0.0,,,,,,,
-0.004032620694488287,mappo,0.0003927225188817829,0.21512772142887115,0.0001840280093364455,2719.0,,,,,,,,,,,,,,0.0,,,,,0.01801081746816635,0.006666666828095913
,mappo,,,,2719.0,0.0,0.0,0.3333333432674408,0.0,0.0,0.0,0.3333333432674408,0.0,0.0,0.0,0.0,0.0,0.0,,,,,,,
-0.0035459217615425587,mappo,0.0001936654152814299,0.21211369335651398,0.0001837279093031011,2720.0,,,,,,,,,,,,,,0.0,,,,,0.018080538138747215,0.006666666828095913
,mappo,,,,2720.0,0.0,0.0,0.3333333432674408,0.0,0.0,0.0,0.3333333432674408,0.0,0.0,0.0,0.0,0.0,0.0,,,,,,,
-0.0027763221878558397,mappo,7.904550875537097e-05,0.2146117389202118,0.00018342780926975668,2721.0,,,,,,,,,,,,,,0.0,,,,,0.01812979206442833,0.006666666828095913
,mappo,,,,2721.0,0.0,0.0,0.3333333432674408,0.0,0.0,0.0,0.3333333432674408,0.0,0.0,0.0,0.0,0.0,0.0,,,,,,,
-0.0011012464528903365,mappo,5.1003898988710716e-05,0.20716555416584015,0.00018312770923641216,2722.0,,,,,,,,,,,,,,0.0,,,,,0.018142931163311005,0.006666666828095913
,mappo,,,,2722.0,0.0,0.0,0.3333333432674408,0.0,0.0,0.0,0.3333333432674408,0.0,0.0,0.0,0.0,0.0,0.0,,,,,,,
-0.0029153667856007814,mappo,4.922893276670948e-05,0.19422045350074768,0.00018282760920306765,2723.0,,,,,,,,,,,,,,0.0,,,,,0.018200937658548355,0.006666666828095913
,mappo,,,,2723.0,0.0,0.0,0.3333333432674408,0.0,0.0,0.0,0.3333333432674408,0.0,0.0,0.0,0.0,0.0,0.0,,,,,,,
-0.004399892408400774,mappo,4.413755959831178e-05,0.1739102005958557,0.00018252750916972335,2724.0,,,,,,,,,,,,,,0.0,,,,,0.018351413309574127,0.006666666828095913
,mappo,,,,2724.0,0.0,0.0,0.3333333432674408,0.0,0.0,0.0,0.3333333432674408,0.0,0.0,0.0,0.0,0.0,0.0,,,,,,,
-0.0079472241923213,mappo,3.115282379440032e-05,0.15999950468540192,0.00018222740913637883,2725.0,,,,,,,,,,,,,,0.0,,,,,0.01829596795141697,0.006666666828095913
,mappo,,,,2725.0,0.0,0.0,0.3333333432674408,0.0,0.0,0.0,0.3333333432674408,0.0,0.0,0.0,0.0,0.0,0.0,,,,,,,
-0.0015970797976478934,mappo,1.7431275409762748e-05,0.16669514775276184,0.00018192730910303431,2726.0,,,,,,,,,,,,,,0.0,,,,,0.018503479659557343,0.006666666828095913
,mappo,,,,2726.0,0.0,0.0,0.3333333432674408,0.0,0.0,0.0,0.3333333432674408,0.0,0.0,0.0,0.0,0.0,0.0,,,,,,,
-0.002943791914731264,mappo,9.450600373384077e-06,0.19292627274990082,0.00018162720906969001,2727.0,,,,,,,,,,,,,,0.0,,,,,0.018396984785795212,0.006666666828095913
,mappo,,,,2727.0,0.0,0.0,0.3333333432674408,0.0,0.0,0.0,0.3333333432674408,0.0,0.0,0.0,0.0,0.0,0.0,,,,,,,
-0.0036109923385083675,mappo,1.2032246559101623e-05,0.20354802906513214,0.0001813271090363455,2728.0,,,,,,,,,,,,,,0.0,,,,,0.01842312142252922,0.006666666828095913
,mappo,,,,2728.0,0.0,0.0,0.3333333432674408,0.0,0.0,0.0,0.3333333432674408,0.0,0.0,0.0,0.0,0.0,0.0,,,,,,,
-0.0011295918375253677,mappo,1.8056480257655494e-05,0.19620035588741302,0.0001810270090030011,2729.0,,,,,,,,,,,,,,0.0,,,,,0.018364880234003067,0.006666666828095913
,mappo,,,,2729.0,0.0,0.0,0.3333333432674408,0.0,0.0,0.0,0.3333333432674408,0.0,0.0,0.0,0.0,0.0,0.0,,,,,,,
-0.0054693459533154964,mappo,2.346811379538849e-05,0.19944745302200317,0.00018072690896965657,2730.0,,,,,,,,,,,,,,0.0,,,,,0.018452055752277374,0.006666666828095913
,mappo,,,,2730.0,0.0,0.0,0.3333333432674408,0.0,0.0,0.0,0.3333333432674408,0.0,0.0,0.0,0.0,0.0,0.0,,,,,,,
-0.0026012230664491653,mappo,2.6761517801787704e-05,0.20743611454963684,0.00018042680893631217,2731.0,,,,,,,,,,,,,,0.0,,,,,0.018450919538736343,0.006666666828095913
,mappo,,,,2731.0,0.0,0.0,0.3333333432674408,0.0,0.0,0.0,0.3333333432674408,0.0,0.0,0.0,0.0,0.0,0.0,,,,,,,
-0.0023608291521668434,mappo,2.3673357645748183e-05,0.21374860405921936,0.00018012670890296776,2732.0,,,,,,,,,,,,,,0.0,,,,,0.01836317405104637,0.006666666828095913
,mappo,,,,2732.0,0.0,0.0,0.3333333432674408,0.0,0.0,0.0,0.3333333432674408,0.0,0.0,0.0,0.0,0.0,0.0,,,,,,,
-0.0028109669219702482,mappo,1.8724809706327505e-05,0.21957819163799286,0.00017982660886962324,2733.0,,,,,,,,,,,,,,0.0,,,,,0.01830480620265007,0.006666666828095913
,mappo,,,,2733.0,0.0,0.0,0.3333333432674408,0.0,0.0,0.0,0.3333333432674408,0.0,0.0,0.0,0.0,0.0,0.0,,,,,,,
-0.003617794020101428,mappo,1.380044523102697e-05,0.21940356492996216,0.00017952650883627872,2734.0,,,,,,,,,,,,,,0.0,,,,,0.018378203734755516,0.006666666828095913
,mappo,,,,2734.0,0.0,0.0,0.3333333432674408,0.0,0.0,0.0,0.3333333432674408,0.0,0.0,0.0,0.0,0.0,0.0,,,,,,,
-0.0071520679630339146,mappo,8.027764124562964e-06,0.19822706282138824,0.00017922640880293442,2735.0,,,,,,,,,,,,,,0.0,,,,,0.018449794501066208,0.006666666828095913
,mappo,,,,2735.0,0.0,0.0,0.3333333432674408,0.0,0.0,0.0,0.3333333432674408,0.0,0.0,0.0,0.0,0.0,0.0,,,,,,,
-3.3691809221636504e-05,mappo,5.056406280345982e-06,0.19605505466461182,0.0001789263087695899,2736.0,,,,,,,,,,,,,,0.0,,,,,0.01837807148694992,0.006666666828095913
,mappo,,,,2736.0,0.0,0.0,0.3333333432674408,0.0,0.0,0.0,0.3333333432674408,0.0,0.0,0.0,0.0,0.0,0.0,,,,,,,
-0.006450285203754902,mappo,3.99318196286913e-06,0.19493035972118378,0.0001786262087362454,2737.0,,,,,,,,,,,,,,0.0,,,,,0.018317408859729767,0.006666666828095913
,mappo,,,,2737.0,0.0,0.0,0.3333333432674408,0.0,0.0,0.0,0.3333333432674408,0.0,0.0,0.0,0.0,0.0,0.0,,,,,,,
-0.00041424931259825826,mappo,3.987952823081287e-06,0.17578735947608948,0.00017832610870290098,2738.0,,,,,,,,,,,,,,0.0,,,,,0.01807699352502823,0.006666666828095913
,mappo,,,,2738.0,0.0,0.0,0.3333333432674408,0.0,0.0,0.0,0.3333333432674408,0.0,0.0,0.0,0.0,0.0,0.0,,,,,,,
-0.009891727939248085,mappo,3.922215455531841e-06,0.1642594337463379,0.00017802600866955657,2739.0,,,,,,,,,,,,,,0.0,,,,,0.018173813819885254,0.006666666828095913
,mappo,,,,2739.0,0.0,0.0,0.3333333432674408,0.0,0.0,0.0,0.3333333432674408,0.0,0.0,0.0,0.0,0.0,0.0,,,,,,,
-0.006265975534915924,mappo,3.957808075938374e-06,0.148216113448143,0.00017772590863621217,2740.0,,,,,,,,,,,,,,0.0,,,,,0.018160011619329453,0.006666666828095913
,mappo,,,,2740.0,0.0,0.0,0.3333333432674408,0.0,0.0,0.0,0.3333333432674408,0.0,0.0,0.0,0.0,0.0,0.0,,,,,,,
-0.0013282607542350888,mappo,3.240663318138104e-06,0.14359834790229797,0.00017742580860286765,2741.0,,,,,,,,,,,,,,0.0,,,,,0.01836249977350235,0.006666666828095913
,mappo,,,,2741.0,0.0,0.0,0.3333333432674408,0.0,0.0,0.0,0.3333333432674408,0.0,0.0,0.0,0.0,0.0,0.0,,,,,,,
-0.003149699419736862,mappo,0.0008993679075501859,0.15988382697105408,0.00017712570856952324,2742.0,,,,,,,,,,,,,,0.0,,,,,0.01640373468399048,0.0
,mappo,,,,2742.0,0.0,0.0,0.0,0.0,0.0,0.0,0.0,0.0,0.0,0.0,0.0,0.0,0.0,,,,,,,
-0.004080898594111204,mappo,0.0007884153164923191,0.1595810353755951,0.00017682560853617883,2743.0,,,,,,,,,,,,,,0.0,,,,,0.016750670969486237,0.0
,mappo,,,,2743.0,0.0,0.0,0.0,0.0,0.0,0.0,0.0,0.0,0.0,0.0,0.0,0.0,0.0,,,,,,,
0.0009835351957008243,mappo,0.0003165573871228844,0.1338028460741043,0.00017652550850283432,2744.0,,,,,,,,,,,,,,0.0,,,,,0.018384594470262527,0.006666666828095913
,mappo,,,,2744.0,0.0,0.0,0.3333333432674408,0.0,0.0,0.0,0.3333333432674408,0.0,0.0,0.0,0.0,0.0,0.0,,,,,,,
-0.007130912970751524,mappo,0.0004753249231725931,0.1505044400691986,0.0001762254084694898,2745.0,,,,,,,,,,,,,,0.0,,,,,0.01636560820043087,0.0
,mappo,,,,2745.0,0.0,0.0,0.0,0.0,0.0,0.0,0.0,0.0,0.0,0.0,0.0,0.0,0.0,,,,,,,
-0.006449852138757706,mappo,0.00041515621705912054,0.15626436471939087,0.0001759253084361455,2746.0,,,,,,,,,,,,,,0.0,,,,,0.01631677895784378,0.0
,mappo,,,,2746.0,0.0,0.0,0.0,0.0,0.0,0.0,0.0,0.0,0.0,0.0,0.0,0.0,0.0,,,,,,,
-0.00263915304094553,mappo,0.00102982297539711,0.13193047046661377,0.00017562520840280098,2747.0,,,,,,,,,,,,,,0.0,,,,,0.0183819979429245,0.006666666828095913
,mappo,,,,2747.0,0.0,0.0,0.3333333432674408,0.0,0.0,0.0,0.3333333432674408,0.0,0.0,0.0,0.0,0.0,0.0,,,,,,,
-0.006637995131313801,mappo,0.0010034716688096523,0.14546221494674683,0.00017532510836945647,2748.0,,,,,,,,,,,,,,0.0,,,,,0.018047036603093147,0.006666666828095913
,mappo,,,,2748.0,0.0,0.0,0.3333333432674408,0.0,0.0,0.0,0.3333333432674408,0.0,0.0,0.0,0.0,0.0,0.0,,,,,,,
-0.00563676655292511,mappo,0.0007863009232096374,0.1644531637430191,0.00017502500833611206,2749.0,,,,,,,,,,,,,,0.0,,,,,0.01824801415205002,0.006666666828095913
,mappo,,,,2749.0,0.0,0.0,0.3333333432674408,0.0,0.0,0.0,0.3333333432674408,0.0,0.0,0.0,0.0,0.0,0.0,,,,,,,
-0.0018133145058527589,mappo,0.0006323378765955567,0.16823707520961761,0.00017472490830276765,2750.0,,,,,,,,,,,,,,0.0,,,,,0.017900165170431137,0.006666666828095913
,mappo,,,,2750.0,0.0,0.0,0.3333333432674408,0.0,0.0,0.0,0.3333333432674408,0.0,0.0,0.0,0.0,0.0,0.0,,,,,,,
-0.004788583144545555,mappo,0.0004491322615649551,0.17117446660995483,0.00017442480826942324,2751.0,,,,,,,,,,,,,,0.0,,,,,0.017929740250110626,0.006666666828095913
,mappo,,,,2751.0,0.0,0.0,0.3333333432674408,0.0,0.0,0.0,0.3333333432674408,0.0,0.0,0.0,0.0,0.0,0.0,,,,,,,
-0.002331892726942897,mappo,0.0002927049936261028,0.18603432178497314,0.00017412470823607873,2752.0,,,,,,,,,,,,,,0.0,,,,,0.017960112541913986,0.006666666828095913
,mappo,,,,2752.0,0.0,0.0,0.3333333432674408,0.0,0.0,0.0,0.3333333432674408,0.0,0.0,0.0,0.0,0.0,0.0,,,,,,,
-0.0030078808777034283,mappo,0.00017532528727315366,0.1797260344028473,0.0001738246082027342,2753.0,,,,,,,,,,,,,,0.0,,,,,0.017963621765375137,0.006666666828095913
,mappo,,,,2753.0,0.0,0.0,0.3333333432674408,0.0,0.0,0.0,0.3333333432674408,0.0,0.0,0.0,0.0,0.0,0.0,,,,,,,
-0.005913769826292992,mappo,9.184273949358612e-05,0.15771713852882385,0.0001735245081693899,2754.0,,,,,,,,,,,,,,0.0,,,,,0.01779753528535366,0.006666666828095913
,mappo,,,,2754.0,0.0,0.0,0.3333333432674408,0.0,0.0,0.0,0.3333333432674408,0.0,0.0,0.0,0.0,0.0,0.0,,,,,,,
-0.0027149685192853212,mappo,4.0370683564106e-05,0.15155048668384552,0.0001732244081360454,2755.0,,,,,,,,,,,,,,0.0,,,,,0.01815948635339737,0.006666666828095913
,mappo,,,,2755.0,0.0,0.0,0.3333333432674408,0.0,0.0,0.0,0.3333333432674408,0.0,0.0,0.0,0.0,0.0,0.0,,,,,,,
-0.004526379983872175,mappo,3.618077244027518e-05,0.14365677535533905,0.00017292430810270088,2756.0,,,,,,,,,,,,,,0.0,,,,,0.018035225570201874,0.006666666828095913
,mappo,,,,2756.0,0.0,0.0,0.3333333432674408,0.0,0.0,0.0,0.3333333432674408,0.0,0.0,0.0,0.0,0.0,0.0,,,,,,,
0.0031583330128341913,mappo,4.9058500735554844e-05,0.13292621076107025,0.00017262420806935658,2757.0,,,,,,,,,,,,,,0.0,,,,,0.018145810812711716,0.006666666828095913
,mappo,,,,2757.0,0.0,0.0,0.3333333432674408,0.0,0.0,0.0,0.3333333432674408,0.0,0.0,0.0,0.0,0.0,0.0,,,,,,,
-0.004134774208068848,mappo,4.050664938404225e-05,0.14041151106357574,0.00017232410803601206,2758.0,,,,,,,,,,,,,,0.0,,,,,0.018312569707632065,0.006666666828095913
,mappo,,,,2758.0,0.0,0.0,0.3333333432674408,0.0,0.0,0.0,0.3333333432674408,0.0,0.0,0.0,0.0,0.0,0.0,,,,,,,
-0.007148332428187132,mappo,1.8281931261299178e-05,0.14404703676700592,0.00017202400800266754,2759.0,,,,,,,,,,,,,,0.0,,,,,0.018017232418060303,0.006666666828095913
,mappo,,,,2759.0,0.0,0.0,0.3333333432674408,0.0,0.0,0.0,0.3333333432674408,0.0,0.0,0.0,0.0,0.0,0.0,,,,,,,
-0.005845047999173403,mappo,5.013689587940462e-06,0.16467225551605225,0.00017172390796932314,2760.0,,,,,,,,,,,,,,0.0,,,,,0.018484458327293396,0.006666666828095913
,mappo,,,,2760.0,0.0,0.0,0.3333333432674408,0.0,0.0,0.0,0.3333333432674408,0.0,0.0,0.0,0.0,0.0,0.0,,,,,,,
-0.003935689572244883,mappo,4.039070972794434e-06,0.18100692331790924,0.00017142380793597873,2761.0,,,,,,,,,,,,,,0.0,,,,,0.018333934247493744,0.006666666828095913
,mappo,,,,2761.0,0.0,0.0,0.3333333432674408,0.0,0.0,0.0,0.3333333432674408,0.0,0.0,0.0,0.0,0.0,0.0,,,,,,,
-0.005957414861768484,mappo,7.318645202758489e-06,0.18394048511981964,0.00017112370790263432,2762.0,,,,,,,,,,,,,,0.0,,,,,0.018254345282912254,0.006666666828095913
,mappo,,,,2762.0,0.0,0.0,0.3333333432674408,0.0,0.0,0.0,0.3333333432674408,0.0,0.0,0.0,0.0,0.0,0.0,,,,,,,
0.0035786842927336693,mappo,8.979898666439112e-06,0.19094601273536682,0.0001708236078692898,2763.0,,,,,,,,,,,,,,0.0,,,,,0.018457520753145218,0.006666666828095913
,mappo,,,,2763.0,0.0,0.0,0.3333333432674408,0.0,0.0,0.0,0.3333333432674408,0.0,0.0,0.0,0.0,0.0,0.0,,,,,,,
-0.002314175246283412,mappo,8.00161524239229e-06,0.1914091557264328,0.0001705235078359453,2764.0,,,,,,,,,,,,,,0.0,,,,,0.01834186166524887,0.006666666828095913
,mappo,,,,2764.0,0.0,0.0,0.3333333432674408,0.0,0.0,0.0,0.3333333432674408,0.0,0.0,0.0,0.0,0.0,0.0,,,,,,,
-0.0066610584035515785,mappo,4.130587512918282e-06,0.19757691025733948,0.000170223407802601,2765.0,,,,,,,,,,,,,,0.0,,,,,0.01838752068579197,0.006666666828095913
,mappo,,,,2765.0,0.0,0.0,0.3333333432674408,0.0,0.0,0.0,0.3333333432674408,0.0,0.0,0.0,0.0,0.0,0.0,,,,,,,
0.0016917590983211994,mappo,2.9448417535604676e-06,0.2138521373271942,0.00016992330776925647,2766.0,,,,,,,,,,,,,,0.0,,,,,0.018301814794540405,0.006666666828095913
,mappo,,,,2766.0,0.0,0.0,0.3333333432674408,0.0,0.0,0.0,0.3333333432674408,0.0,0.0,0.0,0.0,0.0,0.0,,,,,,,
-0.004188387654721737,mappo,2.160128588002408e-06,0.22126202285289764,0.00016962320773591195,2767.0,,,,,,,,,,,,,,0.0,,,,,0.01811118982732296,0.006666666828095913
,mappo,,,,2767.0,0.0,0.0,0.3333333432674408,0.0,0.0,0.0,0.3333333432674408,0.0,0.0,0.0,0.0,0.0,0.0,,,,,,,
-0.002332353498786688,mappo,4.709825134341372e-06,0.21916991472244263,0.00016932310770256755,2768.0,,,,,,,,,,,,,,0.0,,,,,0.01803923398256302,0.006666666828095913
,mappo,,,,2768.0,0.0,0.0,0.3333333432674408,0.0,0.0,0.0,0.3333333432674408,0.0,0.0,0.0,0.0,0.0,0.0,,,,,,,
-0.010417605750262737,mappo,1.8905848264694214e-06,0.20575813949108124,0.00016902300766922314,2769.0,,,,,,,,,,,,,,0.0,,,,,0.018213003873825073,0.006666666828095913
,mappo,,,,2769.0,0.0,0.0,0.3333333432674408,0.0,0.0,0.0,0.3333333432674408,0.0,0.0,0.0,0.0,0.0,0.0,,,,,,,
-0.004489771090447903,mappo,1.8515889905756922e-06,0.19862747192382812,0.00016872290763587862,2770.0,,,,,,,,,,,,,,0.0,,,,,0.018085498362779617,0.006666666828095913
,mappo,,,,2770.0,0.0,0.0,0.3333333432674408,0.0,0.0,0.0,0.3333333432674408,0.0,0.0,0.0,0.0,0.0,0.0,,,,,,,
0.004989649634808302,mappo,1.639501874706184e-06,0.20488740503787994,0.0001684228076025342,2771.0,,,,,,,,,,,,,,0.0,,,,,0.018308475613594055,0.006666666828095913
,mappo,,,,2771.0,0.0,0.0,0.3333333432674408,0.0,0.0,0.0,0.3333333432674408,0.0,0.0,0.0,0.0,0.0,0.0,,,,,,,
-0.00906450767070055,mappo,2.7579285415413324e-06,0.201290100812912,0.0001681227075691898,2772.0,,,,,,,,,,,,,,0.0,,,,,0.017877230420708656,0.006666666828095913
,mappo,,,,2772.0,0.0,0.0,0.3333333432674408,0.0,0.0,0.0,0.3333333432674408,0.0,0.0,0.0,0.0,0.0,0.0,,,,,,,
-0.008097385056316853,mappo,0.000978164141997695,0.22962170839309692,0.0001678226075358454,2773.0,,,,,,,,,,,,,,0.0,,,,,0.016363156959414482,0.0
,mappo,,,,2773.0,0.0,0.0,0.0,0.0,0.0,0.0,0.0,0.0,0.0,0.0,0.0,0.0,0.0,,,,,,,
-0.002413775771856308,mappo,4.106462074560113e-05,0.21395878493785858,0.00016752250750250088,2774.0,,,,,,,,,,,,,,0.0,,,,,0.01790449023246765,0.006666666828095913
,mappo,,,,2774.0,0.0,0.0,0.3333333432674408,0.0,0.0,0.0,0.3333333432674408,0.0,0.0,0.0,0.0,0.0,0.0,,,,,,,
-0.008192848414182663,mappo,6.485040648840368e-05,0.20666450262069702,0.00016722240746915636,2775.0,,,,,,,,,,,,,,0.0,,,,,0.018056225031614304,0.006666666828095913
,mappo,,,,2775.0,0.0,0.0,0.3333333432674408,0.0,0.0,0.0,0.3333333432674408,0.0,0.0,0.0,0.0,0.0,0.0,,,,,,,
-0.002900425810366869,mappo,7.674477819819003e-05,0.20896372199058533,0.00016692230743581206,2776.0,,,,,,,,,,,,,,0.0,,,,,0.01810799539089203,0.006666666828095913
,mappo,,,,2776.0,0.0,0.0,0.3333333432674408,0.0,0.0,0.0,0.3333333432674408,0.0,0.0,0.0,0.0,0.0,0.0,,,,,,,
-0.001908196252770722,mappo,6.95872149663046e-05,0.21856656670570374,0.00016662220740246755,2777.0,,,,,,,,,,,,,,0.0,,,,,0.018119245767593384,0.006666666828095913
,mappo,,,,2777.0,0.0,0.0,0.3333333432674408,0.0,0.0,0.0,0.3333333432674408,0.0,0.0,0.0,0.0,0.0,0.0,,,,,,,
-0.004004612099379301,mappo,6.313466292340308e-05,0.21994231641292572,0.00016632210736912303,2778.0,,,,,,,,,,,,,,0.0,,,,,0.01791355013847351,0.006666666828095913
,mappo,,,,2778.0,0.0,0.0,0.3333333432674408,0.0,0.0,0.0,0.3333333432674408,0.0,0.0,0.0,0.0,0.0,0.0,,,,,,,
-0.0036820604000240564,mappo,5.421478272182867e-05,0.2104710340499878,0.00016602200733577862,2779.0,,,,,,,,,,,,,,0.0,,,,,0.01803189516067505,0.006666666828095913
,mappo,,,,2779.0,0.0,0.0,0.3333333432674408,0.0,0.0,0.0,0.3333333432674408,0.0,0.0,0.0,0.0,0.0,0.0,,,,,,,
-0.0016916223103180528,mappo,3.724033012986183e-05,0.20032726228237152,0.00016572190730243421,2780.0,,,,,,,,,,,,,,0.0,,,,,0.017902977764606476,0.006666666828095913
,mappo,,,,2780.0,0.0,0.0,0.3333333432674408,0.0,0.0,0.0,0.3333333432674408,0.0,0.0,0.0,0.0,0.0,0.0,,,,,,,
-0.007954242639243603,mappo,2.249749559268821e-05,0.178547203540802,0.0001654218072690897,2781.0,,,,,,,,,,,,,,0.0,,,,,0.017834845930337906,0.006666666828095913
,mappo,,,,2781.0,0.0,0.0,0.3333333432674408,0.0,0.0,0.0,0.3333333432674408,0.0,0.0,0.0,0.0,0.0,0.0,,,,,,,
-0.0026897562202066183,mappo,1.081946993508609e-05,0.1621457040309906,0.0001651217072357453,2782.0,,,,,,,,,,,,,,0.0,,,,,0.01792135462164879,0.006666666828095913
,mappo,,,,2782.0,0.0,0.0,0.3333333432674408,0.0,0.0,0.0,0.3333333432674408,0.0,0.0,0.0,0.0,0.0,0.0,,,,,,,
-0.004033018834888935,mappo,3.529972445903695e-06,0.15719035267829895,0.00016482160720240077,2783.0,,,,,,,,,,,,,,0.0,,,,,0.017855344340205193,0.006666666828095913
,mappo,,,,2783.0,0.0,0.0,0.3333333432674408,0.0,0.0,0.0,0.3333333432674408,0.0,0.0,0.0,0.0,0.0,0.0,,,,,,,
-0.004536471329629421,mappo,1.7650304471317213e-06,0.14284804463386536,0.00016452150716905647,2784.0,,,,,,,,,,,,,,0.0,,,,,0.01788732036948204,0.006666666828095913
,mappo,,,,2784.0,0.0,0.0,0.3333333432674408,0.0,0.0,0.0,0.3333333432674408,0.0,0.0,0.0,0.0,0.0,0.0,,,,,,,
-0.007770720403641462,mappo,3.3708354294503806e-06,0.12408638000488281,0.00016422140713571196,2785.0,,,,,,,,,,,,,,0.0,,,,,0.017557701095938683,0.006666666828095913
,mappo,,,,2785.0,0.0,0.0,0.3333333432674408,0.0,0.0,0.0,0.3333333432674408,0.0,0.0,0.0,0.0,0.0,0.0,,,,,,,
-0.0020915858913213015,mappo,4.516397439147113e-06,0.12403707206249237,0.00016392130710236744,2786.0,,,,,,,,,,,,,,0.0,,,,,0.017462577670812607,0.006666666828095913
,mappo,,,,2786.0,0.0,0.0,0.3333333432674408,0.0,0.0,0.0,0.3333333432674408,0.0,0.0,0.0,0.0,0.0,0.0,,,,,,,
-0.0030423032585531473,mappo,6.1819828260922804e-06,0.1311199814081192,0.00016362120706902314,2787.0,,,,,,,,,,,,,,0.0,,,,,0.0171310193836689,0.006666666828095913
,mappo,,,,2787.0,0.0,0.0,0.3333333432674408,0.0,0.0,0.0,0.3333333432674408,0.0,0.0,0.0,0.0,0.0,0.0,,,,,,,
-0.005235000979155302,mappo,5.173485988052562e-06,0.1576394885778427,0.00016332110703567862,2788.0,,,,,,,,,,,,,,0.0,,,,,0.01701023429632187,0.006666666828095913
,mappo,,,,2788.0,0.0,0.0,0.3333333432674408,0.0,0.0,0.0,0.3333333432674408,0.0,0.0,0.0,0.0,0.0,0.0,,,,,,,
-0.01233425922691822,mappo,4.822139089810662e-06,0.1770082712173462,0.0001630210070023341,2789.0,,,,,,,,,,,,,,0.0,,,,,0.016884347423911095,0.006666666828095913
,mappo,,,,2789.0,0.0,0.0,0.3333333432674408,0.0,0.0,0.0,0.3333333432674408,0.0,0.0,0.0,0.0,0.0,0.0,,,,,,,
-0.009010246954858303,mappo,3.2158832254935987e-06,0.204416885972023,0.0001627209069689897,2790.0,,,,,,,,,,,,,,0.0,,,,,0.017014462500810623,0.006666666828095913
,mappo,,,,2790.0,0.0,0.0,0.3333333432674408,0.0,0.0,0.0,0.3333333432674408,0.0,0.0,0.0,0.0,0.0,0.0,,,,,,,
-0.0011394843459129333,mappo,2.629991740832338e-06,0.22764843702316284,0.0001624208069356453,2791.0,,,,,,,,,,,,,,0.0,,,,,0.01711873710155487,0.006666666828095913
,mappo,,,,2791.0,0.0,0.0,0.3333333432674408,0.0,0.0,0.0,0.3333333432674408,0.0,0.0,0.0,0.0,0.0,0.0,,,,,,,
-0.007440632209181786,mappo,1.910573246277636e-06,0.24564293026924133,0.00016212070690230077,2792.0,,,,,,,,,,,,,,0.0,,,,,0.016789760440587997,0.006666666828095913
,mappo,,,,2792.0,0.0,0.0,0.3333333432674408,0.0,0.0,0.0,0.3333333432674408,0.0,0.0,0.0,0.0,0.0,0.0,,,,,,,
-0.0005506993038579822,mappo,3.3895414617290953e-06,0.2623060941696167,0.00016182060686895637,2793.0,,,,,,,,,,,,,,0.0,,,,,0.01681409403681755,0.006666666828095913
,mappo,,,,2793.0,0.0,0.0,0.3333333432674408,0.0,0.0,0.0,0.3333333432674408,0.0,0.0,0.0,0.0,0.0,0.0,,,,,,,
-0.005914565175771713,mappo,1.0784292499010917e-06,0.27346351742744446,0.00016152050683561185,2794.0,,,,,,,,,,,,,,0.0,,,,,0.016537005081772804,0.006666666828095913
,mappo,,,,2794.0,0.0,0.0,0.3333333432674408,0.0,0.0,0.0,0.3333333432674408,0.0,0.0,0.0,0.0,0.0,0.0,,,,,,,
-0.004022502340376377,mappo,1.0990142982336693e-06,0.27093756198883057,0.00016122040680226755,2795.0,,,,,,,,,,,,,,0.0,,,,,0.016720760613679886,0.006666666828095913
,mappo,,,,2795.0,0.0,0.0,0.3333333432674408,0.0,0.0,0.0,0.3333333432674408,0.0,0.0,0.0,0.0,0.0,0.0,,,,,,,
-0.0014334096340462565,mappo,1.0422280638522352e-06,0.249766007065773,0.00016092030676892303,2796.0,,,,,,,,,,,,,,0.0,,,,,0.0169098898768425,0.006666666828095913
,mappo,,,,2796.0,0.0,0.0,0.3333333432674408,0.0,0.0,0.0,0.3333333432674408,0.0,0.0,0.0,0.0,0.0,0.0,,,,,,,
-0.00609556632116437,mappo,1.2656630588026019e-06,0.22844286262989044,0.00016062020673557852,2797.0,,,,,,,,,,,,,,0.0,,,,,0.01685149222612381,0.006666666828095913
,mappo,,,,2797.0,0.0,0.0,0.3333333432674408,0.0,0.0,0.0,0.3333333432674408,0.0,0.0,0.0,0.0,0.0,0.0,,,,,,,
-0.01188069861382246,mappo,1.0508526884223102e-06,0.21608184278011322,0.0001603201067022341,2798.0,,,,,,,,,,,,,,0.0,,,,,0.016899215057492256,0.006666666828095913
,mappo,,,,2798.0,0.0,0.0,0.3333333432674408,0.0,0.0,0.0,0.3333333432674408,0.0,0.0,0.0,0.0,0.0,0.0,,,,,,,
-0.006449105683714151,mappo,9.234832987203845e-07,0.20387262105941772,0.0001600200066688897,2799.0,,,,,,,,,,,,,,0.0,,,,,0.016979319974780083,0.006666666828095913
,mappo,,,,2799.0,0.0,0.0,0.3333333432674408,0.0,0.0,0.0,0.3333333432674408,0.0,0.0,0.0,0.0,0.0,0.0,,,,,,,
,mappo,,,,2799.0,,,,,,,,,,,,,,,0.0,0.0,0.3333333432674408,0.0,,
-0.0035014457534998655,mappo,9.210613143295632e-07,0.1904052197933197,0.00015971990663554518,2800.0,,,,,,,,,,,,,,0.0,,,,,0.0170068871229887,0.006666666828095913
,mappo,,,,2800.0,0.0,0.0,0.3333333432674408,0.0,0.0,0.0,0.3333333432674408,0.0,0.0,0.0,0.0,0.0,0.0,,,,,,,
-0.004640438128262758,mappo,9.789807791094063e-07,0.17624537646770477,0.00015941980660220078,2801.0,,,,,,,,,,,,,,0.0,,,,,0.01714709773659706,0.006666666828095913
,mappo,,,,2801.0,0.0,0.0,0.3333333432674408,0.0,0.0,0.0,0.3333333432674408,0.0,0.0,0.0,0.0,0.0,0.0,,,,,,,
0.0008688755915500224,mappo,7.945738502712629e-07,0.15807443857192993,0.00015911970656885637,2802.0,,,,,,,,,,,,,,0.0,,,,,0.01727297715842724,0.006666666828095913
,mappo,,,,2802.0,0.0,0.0,0.3333333432674408,0.0,0.0,0.0,0.3333333432674408,0.0,0.0,0.0,0.0,0.0,0.0,,,,,,,
-0.005117491353303194,mappo,9.774605587153928e-07,0.1561061441898346,0.00015881960653551185,2803.0,,,,,,,,,,,,,,0.0,,,,,0.017476186156272888,0.006666666828095913
,mappo,,,,2803.0,0.0,0.0,0.3333333432674408,0.0,0.0,0.0,0.3333333432674408,0.0,0.0,0.0,0.0,0.0,0.0,,,,,,,
-0.0007864286890253425,mappo,7.873545087022649e-07,0.15668179094791412,0.00015851950650216744,2804.0,,,,,,,,,,,,,,0.0,,,,,0.017415344715118408,0.006666666828095913
,mappo,,,,2804.0,0.0,0.0,0.3333333432674408,0.0,0.0,0.0,0.3333333432674408,0.0,0.0,0.0,0.0,0.0,0.0,,,,,,,
-0.003462768392637372,mappo,7.635983365616994e-07,0.15668147802352905,0.00015821940646882293,2805.0,,,,,,,,,,,,,,0.0,,,,,0.017192572355270386,0.006666666828095913
,mappo,,,,2805.0,0.0,0.0,0.3333333432674408,0.0,0.0,0.0,0.3333333432674408,0.0,0.0,0.0,0.0,0.0,0.0,,,,,,,
-0.005481510888785124,mappo,9.341581517219311e-07,0.16096529364585876,0.00015791930643547863,2806.0,,,,,,,,,,,,,,0.0,,,,,0.017345406115055084,0.006666666828095913
,mappo,,,,2806.0,0.0,0.0,0.3333333432674408,0.0,0.0,0.0,0.3333333432674408,0.0,0.0,0.0,0.0,0.0,0.0,,,,,,,
-0.0028511006385087967,mappo,8.155353157235368e-07,0.1728757917881012,0.0001576192064021341,2807.0,,,,,,,,,,,,,,0.0,,,,,0.017286233603954315,0.006666666828095913
,mappo,,,,2807.0,0.0,0.0,0.3333333432674408,0.0,0.0,0.0,0.3333333432674408,0.0,0.0,0.0,0.0,0.0,0.0,,,,,,,
-0.004341155290603638,mappo,7.434986173393554e-07,0.1856181025505066,0.0001573191063687896,2808.0,,,,,,,,,,,,,,0.0,,,,,0.01777956448495388,0.006666666828095913
,mappo,,,,2808.0,0.0,0.0,0.3333333432674408,0.0,0.0,0.0,0.3333333432674408,0.0,0.0,0.0,0.0,0.0,0.0,,,,,,,
0.0017881112871691585,mappo,8.433311222688644e-07,0.19690345227718353,0.00015701900633544518,2809.0,,,,,,,,,,,,,,0.0,,,,,0.017505589872598648,0.006666666828095913
,mappo,,,,2809.0,0.0,0.0,0.3333333432674408,0.0,0.0,0.0,0.3333333432674408,0.0,0.0,0.0,0.0,0.0,0.0,,,,,,,
-0.004126749467104673,mappo,7.891932796155743e-07,0.20702408254146576,0.00015671890630210078,2810.0,,,,,,,,,,,,,,0.0,,,,,0.01737334206700325,0.006666666828095913
,mappo,,,,2810.0,0.0,0.0,0.3333333432674408,0.0,0.0,0.0,0.3333333432674408,0.0,0.0,0.0,0.0,0.0,0.0,,,,,,,
-0.003999931737780571,mappo,7.167793114604137e-07,0.22000043094158173,0.00015641880626875626,2811.0,,,,,,,,,,,,,,0.0,,,,,0.01749948412179947,0.006666666828095913
,mappo,,,,2811.0,0.0,0.0,0.3333333432674408,0.0,0.0,0.0,0.3333333432674408,0.0,0.0,0.0,0.0,0.0,0.0,,,,,,,
-0.009689920581877232,mappo,7.505090025006211e-07,0.2146693915128708,0.00015611870623541185,2812.0,,,,,,,,,,,,,,0.0,,,,,0.016768399626016617,0.006666666828095913
,mappo,,,,2812.0,0.0,0.0,0.3333333432674408,0.0,0.0,0.0,0.3333333432674408,0.0,0.0,0.0,0.0,0.0,0.0,,,,,,,
-0.002833961509168148,mappo,5.799323048449878e-07,0.2163204401731491,0.00015581860620206734,2813.0,,,,,,,,,,,,,,0.0,,,,,0.01721670851111412,0.006666666828095913
,mappo,,,,2813.0,0.0,0.0,0.3333333432674408,0.0,0.0,0.0,0.3333333432674408,0.0,0.0,0.0,0.0,0.0,0.0,,,,,,,
-0.0039175753481686115,mappo,8.716056640878378e-07,0.22112174332141876,0.00015551850616872293,2814.0,,,,,,,,,,,,,,0.0,,,,,0.017187923192977905,0.006666666828095913
,mappo,,,,2814.0,0.0,0.0,0.3333333432674408,0.0,0.0,0.0,0.3333333432674408,0.0,0.0,0.0,0.0,0.0,0.0,,,,,,,
-0.0034747899044305086,mappo,7.151183467613009e-07,0.24136866629123688,0.00015521840613537852,2815.0,,,,,,,,,,,,,,0.0,,,,,0.017115812748670578,0.006666666828095913
,mappo,,,,2815.0,0.0,0.0,0.3333333432674408,0.0,0.0,0.0,0.3333333432674408,0.0,0.0,0.0,0.0,0.0,0.0,,,,,,,
-0.0025396510027348995,mappo,5.173038175598776e-07,0.24031099677085876,0.000154918306102034,2816.0,,,,,,,,,,,,,,0.0,,,,,0.016815247014164925,0.006666666828095913
,mappo,,,,2816.0,0.0,0.0,0.3333333432674408,0.0,0.0,0.0,0.3333333432674408,0.0,0.0,0.0,0.0,0.0,0.0,,,,,,,
-0.008604873903095722,mappo,6.328776862574159e-07,0.2319181263446808,0.0001546182060686897,2817.0,,,,,,,,,,,,,,0.0,,,,,0.016921259462833405,0.006666666828095913
,mappo,,,,2817.0,0.0,0.0,0.3333333432674408,0.0,0.0,0.0,0.3333333432674408,0.0,0.0,0.0,0.0,0.0,0.0,,,,,,,
0.0029519344680011272,mappo,5.711104904548847e-07,0.22628268599510193,0.00015431810603534519,2818.0,,,,,,,,,,,,,,0.0,,,,,0.016978096216917038,0.006666666828095913
,mappo,,,,2818.0,0.0,0.0,0.3333333432674408,0.0,0.0,0.0,0.3333333432674408,0.0,0.0,0.0,0.0,0.0,0.0,,,,,,,
-0.0069687203504145145,mappo,6.789315989408351e-07,0.23363962769508362,0.00015401800600200067,2819.0,,,,,,,,,,,,,,0.0,,,,,0.017143741250038147,0.006666666828095913
,mappo,,,,2819.0,0.0,0.0,0.3333333432674408,0.0,0.0,0.0,0.3333333432674408,0.0,0.0,0.0,0.0,0.0,0.0,,,,,,,
-0.008185996674001217,mappo,6.794208502469701e-07,0.23417139053344727,0.00015371790596865626,2820.0,,,,,,,,,,,,,,0.0,,,,,0.01702171564102173,0.006666666828095913
,mappo,,,,2820.0,0.0,0.0,0.3333333432674408,0.0,0.0,0.0,0.3333333432674408,0.0,0.0,0.0,0.0,0.0,0.0,,,,,,,
-0.007208426017314196,mappo,6.36284767097095e-07,0.23722673952579498,0.00015341780593531185,2821.0,,,,,,,,,,,,,,0.0,,,,,0.016845138743519783,0.006666666828095913
,mappo,,,,2821.0,0.0,0.0,0.3333333432674408,0.0,0.0,0.0,0.3333333432674408,0.0,0.0,0.0,0.0,0.0,0.0,,,,,,,
-0.0035438616760075092,mappo,5.991852844999812e-07,0.24208346009254456,0.00015311770590196734,2822.0,,,,,,,,,,,,,,0.0,,,,,0.016622480005025864,0.006666666828095913
,mappo,,,,2822.0,0.0,0.0,0.3333333432674408,0.0,0.0,0.0,0.3333333432674408,0.0,0.0,0.0,0.0,0.0,0.0,,,,,,,
-0.00398736959323287,mappo,4.932430215376371e-07,0.2562098801136017,0.00015281760586862293,2823.0,,,,,,,,,,,,,,0.0,,,,,0.01695072650909424,0.006666666828095913
,mappo,,,,2823.0,0.0,0.0,0.3333333432674408,0.0,0.0,0.0,0.3333333432674408,0.0,0.0,0.0,0.0,0.0,0.0,,,,,,,
-0.0007002927595749497,mappo,5.427157248050207e-07,0.2522944509983063,0.0001525175058352784,2824.0,,,,,,,,,,,,,,0.0,,,,,0.016396252438426018,0.006666666828095913
,mappo,,,,2824.0,0.0,0.0,0.3333333432674408,0.0,0.0,0.0,0.3333333432674408,0.0,0.0,0.0,0.0,0.0,0.0,,,,,,,
-0.0028426507487893105,mappo,6.150478952804406e-07,0.2668153941631317,0.000152217405801934,2825.0,,,,,,,,,,,,,,0.0,,,,,0.016934320330619812,0.006666666828095913
,mappo,,,,2825.0,0.0,0.0,0.3333333432674408,0.0,0.0,0.0,0.3333333432674408,0.0,0.0,0.0,0.0,0.0,0.0,,,,,,,
-0.002417726209387183,mappo,6.704829615955532e-07,0.27736347913742065,0.0001519173057685896,2826.0,,,,,,,,,,,,,,0.0,,,,,0.01695314794778824,0.006666666828095913
,mappo,,,,2826.0,0.0,0.0,0.3333333432674408,0.0,0.0,0.0,0.3333333432674408,0.0,0.0,0.0,0.0,0.0,0.0,,,,,,,
-0.004729869309812784,mappo,6.865960244795133e-07,0.2917226254940033,0.00015161720573524508,2827.0,,,,,,,,,,,,,,0.0,,,,,0.01639016717672348,0.006666666828095913
,mappo,,,,2827.0,0.0,0.0,0.3333333432674408,0.0,0.0,0.0,0.3333333432674408,0.0,0.0,0.0,0.0,0.0,0.0,,,,,,,
-0.0026388424448668957,mappo,7.214282504719449e-07,0.3118632137775421,0.00015131710570190067,2828.0,,,,,,,,,,,,,,0.0,,,,,0.016619257628917694,0.006666666828095913
,mappo,,,,2828.0,0.0,0.0,0.3333333432674408,0.0,0.0,0.0,0.3333333432674408,0.0,0.0,0.0,0.0,0.0,0.0,,,,,,,
-0.0029166892636567354,mappo,7.743279866190278e-07,0.3224986791610718,0.00015101700566855626,2829.0,,,,,,,,,,,,,,0.0,,,,,0.016848500818014145,0.006666666828095913
,mappo,,,,2829.0,0.0,0.0,0.3333333432674408,0.0,0.0,0.0,0.3333333432674408,0.0,0.0,0.0,0.0,0.0,0.0,,,,,,,
-0.005151804070919752,mappo,5.169812880012614e-07,0.3196791410446167,0.00015071690563521175,2830.0,,,,,,,,,,,,,,0.0,,,,,0.016704242676496506,0.006666666828095913
,mappo,,,,2830.0,0.0,0.0,0.3333333432674408,0.0,0.0,0.0,0.3333333432674408,0.0,0.0,0.0,0.0,0.0,0.0,,,,,,,
-0.007121890317648649,mappo,6.888362236168177e-07,0.3154144585132599,0.00015041680560186734,2831.0,,,,,,,,,,,,,,0.0,,,,,0.016890089958906174,0.006666666828095913
,mappo,,,,2831.0,0.0,0.0,0.3333333432674408,0.0,0.0,0.0,0.3333333432674408,0.0,0.0,0.0,0.0,0.0,0.0,,,,,,,
0.002002309774979949,mappo,4.4545151922648074e-07,0.31681519746780396,0.00015011670556852293,2832.0,,,,,,,,,,,,,,0.0,,,,,0.016521984711289406,0.006666666828095913
,mappo,,,,2832.0,0.0,0.0,0.3333333432674408,0.0,0.0,0.0,0.3333333432674408,0.0,0.0,0.0,0.0,0.0,0.0,,,,,,,
-0.005524799227714539,mappo,4.050282598200283e-07,0.32777535915374756,0.0001498166055351784,2833.0,,,,,,,,,,,,,,0.0,,,,,0.01658407226204872,0.006666666828095913
,mappo,,,,2833.0,0.0,0.0,0.3333333432674408,0.0,0.0,0.0,0.3333333432674408,0.0,0.0,0.0,0.0,0.0,0.0,,,,,,,
-0.00140761723741889,mappo,5.241830649538315e-07,0.34064462780952454,0.000149516505501834,2834.0,,,,,,,,,,,,,,0.0,,,,,0.01639881730079651,0.006666666828095913
,mappo,,,,2834.0,0.0,0.0,0.3333333432674408,0.0,0.0,0.0,0.3333333432674408,0.0,0.0,0.0,0.0,0.0,0.0,,,,,,,
-0.004976787604391575,mappo,4.777450612891698e-07,0.34314435720443726,0.0001492164054684895,2835.0,,,,,,,,,,,,,,0.0,,,,,0.01664886623620987,0.006666666828095913
,mappo,,,,2835.0,0.0,0.0,0.3333333432674408,0.0,0.0,0.0,0.3333333432674408,0.0,0.0,0.0,0.0,0.0,0.0,,,,,,,
0.0017848487477749586,mappo,5.181964866096678e-07,0.343497097492218,0.0001489163054351452,2836.0,,,,,,,,,,,,,,0.0,,,,,0.016889216378331184,0.006666666828095913
,mappo,,,,2836.0,0.0,0.0,0.3333333432674408,0.0,0.0,0.0,0.3333333432674408,0.0,0.0,0.0,0.0,0.0,0.0,,,,,,,
-0.003389055607840419,mappo,5.682408072971157e-07,0.3345144987106323,0.00014861620540180067,2837.0,,,,,,,,,,,,,,0.0,,,,,0.01658117026090622,0.006666666828095913
,mappo,,,,2837.0,0.0,0.0,0.3333333432674408,0.0,0.0,0.0,0.3333333432674408,0.0,0.0,0.0,0.0,0.0,0.0,,,,,,,
-0.003230710979551077,mappo,4.3738560862038867e-07,0.328505277633667,0.00014831610536845616,2838.0,,,,,,,,,,,,,,0.0,,,,,0.01684383861720562,0.006666666828095913
,mappo,,,,2838.0,0.0,0.0,0.3333333432674408,0.0,0.0,0.0,0.3333333432674408,0.0,0.0,0.0,0.0,0.0,0.0,,,,,,,
-0.0009684194810688496,mappo,3.666842758320854e-07,0.32631751894950867,0.00014801600533511175,2839.0,,,,,,,,,,,,,,0.0,,,,,0.016704542562365532,0.006666666828095913
,mappo,,,,2839.0,0.0,0.0,0.3333333432674408,0.0,0.0,0.0,0.3333333432674408,0.0,0.0,0.0,0.0,0.0,0.0,,,,,,,
-0.014405820518732071,mappo,4.0790459365780407e-07,0.33357566595077515,0.00014771590530176734,2840.0,,,,,,,,,,,,,,0.0,,,,,0.016996461898088455,0.006666666828095913
,mappo,,,,2840.0,0.0,0.0,0.3333333432674408,0.0,0.0,0.0,0.3333333432674408,0.0,0.0,0.0,0.0,0.0,0.0,,,,,,,
-0.002225643489509821,mappo,4.1453213839304226e-07,0.3303946554660797,0.00014741580526842282,2841.0,,,,,,,,,,,,,,0.0,,,,,0.016698230057954788,0.006666666828095913
,mappo,,,,2841.0,0.0,0.0,0.3333333432674408,0.0,0.0,0.0,0.3333333432674408,0.0,0.0,0.0,0.0,0.0,0.0,,,,,,,
-0.008391342125833035,mappo,4.026248632271745e-07,0.3172755539417267,0.00014711570523507841,2842.0,,,,,,,,,,,,,,0.0,,,,,0.01646861433982849,0.006666666828095913
,mappo,,,,2842.0,0.0,0.0,0.3333333432674408,0.0,0.0,0.0,0.3333333432674408,0.0,0.0,0.0,0.0,0.0,0.0,,,,,,,
-0.0019183286931365728,mappo,9.756502095115138e-07,0.30268052220344543,0.0001468156052017339,2843.0,,,,,,,,,,,,,,0.0,,,,,0.016326893121004105,0.006666666828095913
,mappo,,,,2843.0,0.0,0.0,0.3333333432674408,0.0,0.0,0.0,0.3333333432674408,0.0,0.0,0.0,0.0,0.0,0.0,,,,,,,
-0.002010320546105504,mappo,1.0851213119167369e-06,0.3034334182739258,0.0001465155051683895,2844.0,,,,,,,,,,,,,,0.0,,,,,0.01690692827105522,0.006666666828095913
,mappo,,,,2844.0,0.0,0.0,0.3333333432674408,0.0,0.0,0.0,0.3333333432674408,0.0,0.0,0.0,0.0,0.0,0.0,,,,,,,
-0.006887958385050297,mappo,6.949930480004696e-07,0.3083314597606659,0.00014621540513504508,2845.0,,,,,,,,,,,,,,0.0,,,,,0.016473717987537384,0.006666666828095913
,mappo,,,,2845.0,0.0,0.0,0.3333333432674408,0.0,0.0,0.0,0.3333333432674408,0.0,0.0,0.0,0.0,0.0,0.0,,,,,,,
-0.00013315737305674702,mappo,8.906597486202372e-07,0.30273184180259705,0.00014591530510170056,2846.0,,,,,,,,,,,,,,0.0,,,,,0.016524890437722206,0.006666666828095913
,mappo,,,,2846.0,0.0,0.0,0.3333333432674408,0.0,0.0,0.0,0.3333333432674408,0.0,0.0,0.0,0.0,0.0,0.0,,,,,,,
-0.008340132422745228,mappo,5.842650807608152e-07,0.28903889656066895,0.00014561520506835627,2847.0,,,,,,,,,,,,,,0.0,,,,,0.016604486852884293,0.006666666828095913
,mappo,,,,2847.0,0.0,0.0,0.3333333432674408,0.0,0.0,0.0,0.3333333432674408,0.0,0.0,0.0,0.0,0.0,0.0,,,,,,,
-0.0024419964756816626,mappo,1.1504694157338236e-06,0.28048837184906006,0.00014531510503501175,2848.0,,,,,,,,,,,,,,0.0,,,,,0.017066381871700287,0.006666666828095913
,mappo,,,,2848.0,0.0,0.0,0.3333333432674408,0.0,0.0,0.0,0.3333333432674408,0.0,0.0,0.0,0.0,0.0,0.0,,,,,,,
-0.0004699382116086781,mappo,1.0127595260200906e-06,0.2748224139213562,0.00014501500500166723,2849.0,,,,,,,,,,,,,,0.0,,,,,0.016753841191530228,0.006666666828095913
,mappo,,,,2849.0,0.0,0.0,0.3333333432674408,0.0,0.0,0.0,0.3333333432674408,0.0,0.0,0.0,0.0,0.0,0.0,,,,,,,
-0.0021157688461244106,mappo,7.587160553157446e-07,0.2741299271583557,0.00014471490496832282,2850.0,,,,,,,,,,,,,,0.0,,,,,0.016471941024065018,0.006666666828095913
,mappo,,,,2850.0,0.0,0.0,0.3333333432674408,0.0,0.0,0.0,0.3333333432674408,0.0,0.0,0.0,0.0,0.0,0.0,,,,,,,
-0.004007989540696144,mappo,1.1052776471842662e-06,0.27315160632133484,0.00014441480493497842,2851.0,,,,,,,,,,,,,,0.0,,,,,0.016329437494277954,0.006666666828095913
,mappo,,,,2851.0,0.0,0.0,0.3333333432674408,0.0,0.0,0.0,0.3333333432674408,0.0,0.0,0.0,0.0,0.0,0.0,,,,,,,
-0.005830639973282814,mappo,6.1997036482353e-07,0.2786332368850708,0.0001441147049016339,2852.0,,,,,,,,,,,,,,0.0,,,,,0.016506751999258995,0.006666666828095913
,mappo,,,,2852.0,0.0,0.0,0.3333333432674408,0.0,0.0,0.0,0.3333333432674408,0.0,0.0,0.0,0.0,0.0,0.0,,,,,,,
-7.784114859532565e-05,mappo,7.239566457428737e-07,0.2762746214866638,0.0001438146048682895,2853.0,,,,,,,,,,,,,,0.0,,,,,0.01622590236365795,0.006666666828095913
,mappo,,,,2853.0,0.0,0.0,0.3333333432674408,0.0,0.0,0.0,0.3333333432674408,0.0,0.0,0.0,0.0,0.0,0.0,,,,,,,
-0.00404889602214098,mappo,4.843709007218422e-07,0.2599482238292694,0.00014351450483494497,2854.0,,,,,,,,,,,,,,0.0,,,,,0.01698574423789978,0.006666666828095913
,mappo,,,,2854.0,0.0,0.0,0.3333333432674408,0.0,0.0,0.0,0.3333333432674408,0.0,0.0,0.0,0.0,0.0,0.0,,,,,,,
-0.004644612316042185,mappo,1.2896267662654282e-06,0.2353695183992386,0.00014321440480160057,2855.0,,,,,,,,,,,,,,0.0,,,,,0.016826188191771507,0.006666666828095913
,mappo,,,,2855.0,0.0,0.0,0.3333333432674408,0.0,0.0,0.0,0.3333333432674408,0.0,0.0,0.0,0.0,0.0,0.0,,,,,,,
-0.005959731061011553,mappo,2.7165987148691784e-07,0.21707911789417267,0.00014291430476825616,2856.0,,,,,,,,,,,,,,0.0,,,,,0.01692039892077446,0.006666666828095913
,mappo,,,,2856.0,0.0,0.0,0.3333333432674408,0.0,0.0,0.0,0.3333333432674408,0.0,0.0,0.0,0.0,0.0,0.0,,,,,,,
-0.004308691713958979,mappo,0.0004579254309646785,0.2214384526014328,0.00014261420473491164,2857.0,,,,,,,,,,,,,,0.0,,,,,0.015107938088476658,0.0
,mappo,,,,2857.0,0.0,0.0,0.0,0.0,0.0,0.0,0.0,0.0,0.0,0.0,0.0,0.0,0.0,,,,,,,
-0.0010802877368405461,mappo,0.00038046485860832036,0.22109751403331757,0.00014231410470156723,2858.0,,,,,,,,,,,,,,0.0,,,,,0.014893346466124058,0.0
,mappo,,,,2858.0,0.0,0.0,0.0,0.0,0.0,0.0,0.0,0.0,0.0,0.0,0.0,0.0,0.0,,,,,,,
-0.004467864520847797,mappo,0.00010853495768969879,0.21408753097057343,0.00014201400466822283,2859.0,,,,,,,,,,,,,,0.0,,,,,0.016402151435613632,0.006666666828095913
,mappo,,,,2859.0,0.0,0.0,0.3333333432674408,0.0,0.0,0.0,0.3333333432674408,0.0,0.0,0.0,0.0,0.0,0.0,,,,,,,
-0.0032460587099194527,mappo,0.00013488958938978612,0.21800491213798523,0.0001417139046348783,2860.0,,,,,,,,,,,,,,0.0,,,,,0.01668388396501541,0.006666666828095913
,mappo,,,,2860.0,0.0,0.0,0.3333333432674408,0.0,0.0,0.0,0.3333333432674408,0.0,0.0,0.0,0.0,0.0,0.0,,,,,,,
-0.003914522472769022,mappo,0.00013247715833131224,0.22973647713661194,0.0001414138046015339,2861.0,,,,,,,,,,,,,,0.0,,,,,0.016543053090572357,0.006666666828095913
,mappo,,,,2861.0,0.0,0.0,0.3333333432674408,0.0,0.0,0.0,0.3333333432674408,0.0,0.0,0.0,0.0,0.0,0.0,,,,,,,
-0.007156519219279289,mappo,0.00010793637193273753,0.22835423052310944,0.0001411137045681895,2862.0,,,,,,,,,,,,,,0.0,,,,,0.01629997417330742,0.006666666828095913
,mappo,,,,2862.0,0.0,0.0,0.3333333432674408,0.0,0.0,0.0,0.3333333432674408,0.0,0.0,0.0,0.0,0.0,0.0,,,,,,,
-0.005439823027700186,mappo,8.266206714324653e-05,0.21912463009357452,0.00014081360453484498,2863.0,,,,,,,,,,,,,,0.0,,,,,0.015960950404405594,0.006666666828095913
,mappo,,,,2863.0,0.0,0.0,0.3333333432674408,0.0,0.0,0.0,0.3333333432674408,0.0,0.0,0.0,0.0,0.0,0.0,,,,,,,
-0.003221056191250682,mappo,6.338201637845486e-05,0.21700355410575867,0.00014051350450150057,2864.0,,,,,,,,,,,,,,0.0,,,,,0.016295351088047028,0.006666666828095913
,mappo,,,,2864.0,0.0,0.0,0.3333333432674408,0.0,0.0,0.0,0.3333333432674408,0.0,0.0,0.0,0.0,0.0,0.0,,,,,,,
-0.0015725488774478436,mappo,5.1457303925417364e-05,0.2126765251159668,0.00014021340446815605,2865.0,,,,,,,,,,,,,,0.0,,,,,0.01633394882082939,0.006666666828095913
,mappo,,,,2865.0,0.0,0.0,0.3333333432674408,0.0,0.0,0.0,0.3333333432674408,0.0,0.0,0.0,0.0,0.0,0.0,,,,,,,
-0.0013940094504505396,mappo,3.449451469350606e-05,0.22133168578147888,0.00013991330443481164,2866.0,,,,,,,,,,,,,,0.0,,,,,0.01583692617714405,0.006666666828095913
,mappo,,,,2866.0,0.0,0.0,0.3333333432674408,0.0,0.0,0.0,0.3333333432674408,0.0,0.0,0.0,0.0,0.0,0.0,,,,,,,
-0.006254466716200113,mappo,3.1804898753762245e-05,0.22940336167812347,0.00013961320440146723,2867.0,,,,,,,,,,,,,,0.0,,,,,0.01608320325613022,0.006666666828095913
,mappo,,,,2867.0,0.0,0.0,0.3333333432674408,0.0,0.0,0.0,0.3333333432674408,0.0,0.0,0.0,0.0,0.0,0.0,,,,,,,
-0.007444202899932861,mappo,2.283558205817826e-05,0.2285197675228119,0.00013931310436812272,2868.0,,,,,,,,,,,,,,0.0,,,,,0.01638367399573326,0.006666666828095913
,mappo,,,,2868.0,0.0,0.0,0.3333333432674408,0.0,0.0,0.0,0.3333333432674408,0.0,0.0,0.0,0.0,0.0,0.0,,,,,,,
-0.0048456876538693905,mappo,1.3895202755520586e-05,0.2224126160144806,0.0001390130043347783,2869.0,,,,,,,,,,,,,,0.0,,,,,0.016290025785565376,0.006666666828095913
,mappo,,,,2869.0,0.0,0.0,0.3333333432674408,0.0,0.0,0.0,0.3333333432674408,0.0,0.0,0.0,0.0,0.0,0.0,,,,,,,
-0.007262714672833681,mappo,1.4338501387101132e-05,0.21726514399051666,0.0001387129043014339,2870.0,,,,,,,,,,,,,,0.0,,,,,0.016013454645872116,0.006666666828095913
,mappo,,,,2870.0,0.0,0.0,0.3333333432674408,0.0,0.0,0.0,0.3333333432674408,0.0,0.0,0.0,0.0,0.0,0.0,,,,,,,
-0.008433555252850056,mappo,6.4988412304956e-06,0.19934891164302826,0.00013841280426808939,2871.0,,,,,,,,,,,,,,0.0,,,,,0.016113504767417908,0.006666666828095913
,mappo,,,,2871.0,0.0,0.0,0.3333333432674408,0.0,0.0,0.0,0.3333333432674408,0.0,0.0,0.0,0.0,0.0,0.0,,,,,,,
-0.010507207363843918,mappo,3.5691728044184856e-06,0.1787078082561493,0.00013811270423474498,2872.0,,,,,,,,,,,,,,0.0,,,,,0.01579315960407257,0.006666666828095913
,mappo,,,,2872.0,0.0,0.0,0.3333333432674408,0.0,0.0,0.0,0.3333333432674408,0.0,0.0,0.0,0.0,0.0,0.0,,,,,,,
-0.001961555564776063,mappo,1.051691583597858e-06,0.17110523581504822,0.00013781260420140046,2873.0,,,,,,,,,,,,,,0.0,,,,,0.01638060435652733,0.006666666828095913
,mappo,,,,2873.0,0.0,0.0,0.3333333432674408,0.0,0.0,0.0,0.3333333432674408,0.0,0.0,0.0,0.0,0.0,0.0,,,,,,,
-0.0023544058203697205,mappo,2.707206476770807e-06,0.15280534327030182,0.00013751250416805605,2874.0,,,,,,,,,,,,,,0.0,,,,,0.01619609072804451,0.006666666828095913
,mappo,,,,2874.0,0.0,0.0,0.3333333432674408,0.0,0.0,0.0,0.3333333432674408,0.0,0.0,0.0,0.0,0.0,0.0,,,,,,,
-0.0011821850202977657,mappo,1.2366441524136462e-06,0.14580121636390686,0.00013721240413471164,2875.0,,,,,,,,,,,,,,0.0,,,,,0.016640417277812958,0.006666666828095913
,mappo,,,,2875.0,0.0,0.0,0.3333333432674408,0.0,0.0,0.0,0.3333333432674408,0.0,0.0,0.0,0.0,0.0,0.0,,,,,,,
-0.007653872016817331,mappo,2.059714461211115e-06,0.1285691112279892,0.00013691230410136713,2876.0,,,,,,,,,,,,,,0.0,,,,,0.01681407541036606,0.006666666828095913
,mappo,,,,2876.0,0.0,0.0,0.3333333432674408,0.0,0.0,0.0,0.3333333432674408,0.0,0.0,0.0,0.0,0.0,0.0,,,,,,,
0.0027182032354176044,mappo,2.747357711996301e-06,0.11477047204971313,0.00013661220406802272,2877.0,,,,,,,,,,,,,,0.0,,,,,0.016259729862213135,0.006666666828095913
,mappo,,,,2877.0,0.0,0.0,0.3333333432674408,0.0,0.0,0.0,0.3333333432674408,0.0,0.0,0.0,0.0,0.0,0.0,,,,,,,
-0.007030305918306112,mappo,3.712790203280747e-06,0.11340884119272232,0.0001363121040346783,2878.0,,,,,,,,,,,,,,0.0,,,,,0.01645527221262455,0.006666666828095913
,mappo,,,,2878.0,0.0,0.0,0.3333333432674408,0.0,0.0,0.0,0.3333333432674408,0.0,0.0,0.0,0.0,0.0,0.0,,,,,,,
-0.0027768458239734173,mappo,2.996663624799112e-06,0.10887140780687332,0.0001360120040013338,2879.0,,,,,,,,,,,,,,0.0,,,,,0.01641128584742546,0.006666666828095913
,mappo,,,,2879.0,0.0,0.0,0.3333333432674408,0.0,0.0,0.0,0.3333333432674408,0.0,0.0,0.0,0.0,0.0,0.0,,,,,,,
-0.0016674003563821316,mappo,3.043956212422927e-06,0.1067032516002655,0.0001357119039679894,2880.0,,,,,,,,,,,,,,0.0,,,,,0.01681123673915863,0.006666666828095913
,mappo,,,,2880.0,0.0,0.0,0.3333333432674408,0.0,0.0,0.0,0.3333333432674408,0.0,0.0,0.0,0.0,0.0,0.0,,,,,,,
-0.0038292130921036005,mappo,1.5550302805422689e-06,0.0965384691953659,0.00013541180393464498,2881.0,,,,,,,,,,,,,,0.0,,,,,0.01633518561720848,0.006666666828095913
,mappo,,,,2881.0,0.0,0.0,0.3333333432674408,0.0,0.0,0.0,0.3333333432674408,0.0,0.0,0.0,0.0,0.0,0.0,,,,,,,
-0.0036029238253831863,mappo,1.6419712665083352e-06,0.0943450853228569,0.00013511170390130046,2882.0,,,,,,,,,,,,,,0.0,,,,,0.016463959589600563,0.006666666828095913
,mappo,,,,2882.0,0.0,0.0,0.3333333432674408,0.0,0.0,0.0,0.3333333432674408,0.0,0.0,0.0,0.0,0.0,0.0,,,,,,,
-0.0019908654503524303,mappo,1.4465542790276231e-06,0.0965065136551857,0.00013481160386795605,2883.0,,,,,,,,,,,,,,0.0,,,,,0.0166226364672184,0.006666666828095913
,mappo,,,,2883.0,0.0,0.0,0.3333333432674408,0.0,0.0,0.0,0.3333333432674408,0.0,0.0,0.0,0.0,0.0,0.0,,,,,,,
-0.007221218664199114,mappo,1.076310468306474e-06,0.10729262232780457,0.00013451150383461154,2884.0,,,,,,,,,,,,,,0.0,,,,,0.016843773424625397,0.006666666828095913
,mappo,,,,2884.0,0.0,0.0,0.3333333432674408,0.0,0.0,0.0,0.3333333432674408,0.0,0.0,0.0,0.0,0.0,0.0,,,,,,,
-0.004426461644470692,mappo,6.389805662365688e-07,0.10527113825082779,0.00013421140380126713,2885.0,,,,,,,,,,,,,,0.0,,,,,0.016748245805501938,0.006666666828095913
,mappo,,,,2885.0,0.0,0.0,0.3333333432674408,0.0,0.0,0.0,0.3333333432674408,0.0,0.0,0.0,0.0,0.0,0.0,,,,,,,
-0.005963838193565607,mappo,4.615342561464786e-07,0.10284283012151718,0.00013391130376792272,2886.0,,,,,,,,,,,,,,0.0,,,,,0.017000574618577957,0.006666666828095913
,mappo,,,,2886.0,0.0,0.0,0.3333333432674408,0.0,0.0,0.0,0.3333333432674408,0.0,0.0,0.0,0.0,0.0,0.0,,,,,,,
0.00027098885038867593,mappo,9.941427379089873e-07,0.10399676114320755,0.0001336112037345782,2887.0,,,,,,,,,,,,,,0.0,,,,,0.016737302765250206,0.006666666828095913
,mappo,,,,2887.0,0.0,0.0,0.3333333432674408,0.0,0.0,0.0,0.3333333432674408,0.0,0.0,0.0,0.0,0.0,0.0,,,,,,,
-0.003331175073981285,mappo,9.741747817315627e-07,0.09867411851882935,0.0001333111037012338,2888.0,,,,,,,,,,,,,,0.0,,,,,0.016988974064588547,0.006666666828095913
,mappo,,,,2888.0,0.0,0.0,0.3333333432674408,0.0,0.0,0.0,0.3333333432674408,0.0,0.0,0.0,0.0,0.0,0.0,,,,,,,
-0.0103146405890584,mappo,5.373875637815217e-07,0.10049855709075928,0.0001330110036678894,2889.0,,,,,,,,,,,,,,0.0,,,,,0.016851546242833138,0.006666666828095913
,mappo,,,,2889.0,0.0,0.0,0.3333333432674408,0.0,0.0,0.0,0.3333333432674408,0.0,0.0,0.0,0.0,0.0,0.0,,,,,,,
-0.0006863826420158148,mappo,5.529438453777402e-07,0.10927219688892365,0.00013271090363454487,2890.0,,,,,,,,,,,,,,0.0,,,,,0.016498345881700516,0.006666666828095913
,mappo,,,,2890.0,0.0,0.0,0.3333333432674408,0.0,0.0,0.0,0.3333333432674408,0.0,0.0,0.0,0.0,0.0,0.0,,,,,,,
-0.0070308493450284,mappo,4.611893302808312e-07,0.11930614709854126,0.00013241080360120046,2891.0,,,,,,,,,,,,,,0.0,,,,,0.016626957803964615,0.006666666828095913
,mappo,,,,2891.0,0.0,0.0,0.3333333432674408,0.0,0.0,0.0,0.3333333432674408,0.0,0.0,0.0,0.0,0.0,0.0,,,,,,,
-0.0036559225991368294,mappo,8.324023497152666e-07,0.13407285511493683,0.00013211070356785595,2892.0,,,,,,,,,,,,,,0.0,,,,,0.0165882408618927,0.006666666828095913
,mappo,,,,2892.0,0.0,0.0,0.3333333432674408,0.0,0.0,0.0,0.3333333432674408,0.0,0.0,0.0,0.0,0.0,0.0,,,,,,,
-0.001708733499981463,mappo,1.8793469962474774e-06,0.14924006164073944,0.00013181060353451154,2893.0,,,,,,,,,,,,,,0.0,,,,,0.016252286732196808,0.006666666828095913
,mappo,,,,2893.0,0.0,0.0,0.3333333432674408,0.0,0.0,0.0,0.3333333432674408,0.0,0.0,0.0,0.0,0.0,0.0,,,,,,,
-0.004249425604939461,mappo,4.6488005978062574e-07,0.16518472135066986,0.00013151050350116713,2894.0,,,,,,,,,,,,,,0.0,,,,,0.016106516122817993,0.006666666828095913
,mappo,,,,2894.0,0.0,0.0,0.3333333432674408,0.0,0.0,0.0,0.3333333432674408,0.0,0.0,0.0,0.0,0.0,0.0,,,,,,,
-0.0051557086408138275,mappo,5.024982669965539e-07,0.203743577003479,0.00013121040346782261,2895.0,,,,,,,,,,,,,,0.0,,,,,0.016209326684474945,0.006666666828095913
,mappo,,,,2895.0,0.0,0.0,0.3333333432674408,0.0,0.0,0.0,0.3333333432674408,0.0,0.0,0.0,0.0,0.0,0.0,,,,,,,
0.003102674847468734,mappo,3.985887531143817e-07,0.23519709706306458,0.0001309103034344782,2896.0,,,,,,,,,,,,,,0.0,,,,,0.016469113528728485,0.006666666828095913
,mappo,,,,2896.0,0.0,0.0,0.3333333432674408,0.0,0.0,0.0,0.3333333432674408,0.0,0.0,0.0,0.0,0.0,0.0,,,,,,,
-0.0008601982844993472,mappo,9.457911573917954e-07,0.24145442247390747,0.0001306102034011338,2897.0,,,,,,,,,,,,,,0.0,,,,,0.016302794218063354,0.006666666828095913
,mappo,,,,2897.0,0.0,0.0,0.3333333432674408,0.0,0.0,0.0,0.3333333432674408,0.0,0.0,0.0,0.0,0.0,0.0,,,,,,,
-0.0037353895604610443,mappo,1.370827362734417e-06,0.23656927049160004,0.00013031010336778928,2898.0,,,,,,,,,,,,,,0.0,,,,,0.016271259635686874,0.006666666828095913
,mappo,,,,2898.0,0.0,0.0,0.3333333432674408,0.0,0.0,0.0,0.3333333432674408,0.0,0.0,0.0,0.0,0.0,0.0,,,,,,,
-0.0032740768510848284,mappo,1.1796668104580021e-06,0.23097358644008636,0.00013001000333444487,2899.0,,,,,,,,,,,,,,0.0,,,,,0.015787918120622635,0.006666666828095913
,mappo,,,,2899.0,0.0,0.0,0.3333333432674408,0.0,0.0,0.0,0.3333333432674408,0.0,0.0,0.0,0.0,0.0,0.0,,,,,,,
,mappo,,,,2899.0,,,,,,,,,,,,,,,0.0,0.0,0.3333333432674408,0.0,,
-0.0010355205740779638,mappo,1.386192252539331e-06,0.22882051765918732,0.00012970990330110046,2900.0,,,,,,,,,,,,,,0.0,,,,,0.016150616109371185,0.006666666828095913
,mappo,,,,2900.0,0.0,0.0,0.3333333432674408,0.0,0.0,0.0,0.3333333432674408,0.0,0.0,0.0,0.0,0.0,0.0,,,,,,,
-0.003974139224737883,mappo,9.168288102046063e-07,0.2333928942680359,0.00012940980326775595,2901.0,,,,,,,,,,,,,,0.0,,,,,0.016257505863904953,0.006666666828095913
,mappo,,,,2901.0,0.0,0.0,0.3333333432674408,0.0,0.0,0.0,0.3333333432674408,0.0,0.0,0.0,0.0,0.0,0.0,,,,,,,
-0.006836080923676491,mappo,7.872619107729406e-07,0.23911911249160767,0.00012910970323441154,2902.0,,,,,,,,,,,,,,0.0,,,,,0.0163207296282053,0.006666666828095913
,mappo,,,,2902.0,0.0,0.0,0.3333333432674408,0.0,0.0,0.0,0.3333333432674408,0.0,0.0,0.0,0.0,0.0,0.0,,,,,,,
-0.015601743012666702,mappo,4.6282639232231304e-07,0.2487378716468811,0.00012880960320106702,2903.0,,,,,,,,,,,,,,0.0,,,,,0.01658143475651741,0.006666666828095913
,mappo,,,,2903.0,0.0,0.0,0.3333333432674408,0.0,0.0,0.0,0.3333333432674408,0.0,0.0,0.0,0.0,0.0,0.0,,,,,,,
0.0024973100516945124,mappo,1.2678626717388397e-06,0.2465692162513733,0.00012850950316772262,2904.0,,,,,,,,,,,,,,0.0,,,,,0.016290180385112762,0.006666666828095913
,mappo,,,,2904.0,0.0,0.0,0.3333333432674408,0.0,0.0,0.0,0.3333333432674408,0.0,0.0,0.0,0.0,0.0,0.0,,,,,,,
-0.0003858701093122363,mappo,6.726577908011677e-07,0.2295554131269455,0.0001282094031343782,2905.0,,,,,,,,,,,,,,0.0,,,,,0.016288040205836296,0.006666666828095913
,mappo,,,,2905.0,0.0,0.0,0.3333333432674408,0.0,0.0,0.0,0.3333333432674408,0.0,0.0,0.0,0.0,0.0,0.0,,,,,,,
-0.006690536625683308,mappo,5.299852432472107e-07,0.21939997375011444,0.0001279093031010337,2906.0,,,,,,,,,,,,,,0.0,,,,,0.016484111547470093,0.006666666828095913
,mappo,,,,2906.0,0.0,0.0,0.3333333432674408,0.0,0.0,0.0,0.3333333432674408,0.0,0.0,0.0,0.0,0.0,0.0,,,,,,,
-0.0014981431886553764,mappo,1.0023878758147475e-06,0.22452890872955322,0.00012760920306768917,2907.0,,,,,,,,,,,,,,0.0,,,,,0.016479019075632095,0.006666666828095913
,mappo,,,,2907.0,0.0,0.0,0.3333333432674408,0.0,0.0,0.0,0.3333333432674408,0.0,0.0,0.0,0.0,0.0,0.0,,,,,,,
-0.0007882011705078185,mappo,1.0562565648797317e-06,0.2433619201183319,0.00012730910303434487,2908.0,,,,,,,,,,,,,,0.0,,,,,0.016515033319592476,0.006666666828095913
,mappo,,,,2908.0,0.0,0.0,0.3333333432674408,0.0,0.0,0.0,0.3333333432674408,0.0,0.0,0.0,0.0,0.0,0.0,,,,,,,
-0.0018367791781201959,mappo,3.797867123012111e-07,0.24521677196025848,0.00012700900300100036,2909.0,,,,,,,,,,,,,,0.0,,,,,0.016187651082873344,0.006666666828095913
,mappo,,,,2909.0,0.0,0.0,0.3333333432674408,0.0,0.0,0.0,0.3333333432674408,0.0,0.0,0.0,0.0,0.0,0.0,,,,,,,
-0.004760127980262041,mappo,7.011512934695929e-07,0.25180771946907043,0.00012670890296765595,2910.0,,,,,,,,,,,,,,0.0,,,,,0.016327153891324997,0.006666666828095913
,mappo,,,,2910.0,0.0,0.0,0.3333333432674408,0.0,0.0,0.0,0.3333333432674408,0.0,0.0,0.0,0.0,0.0,0.0,,,,,,,
-0.004966651555150747,mappo,1.3722773246627185e-06,0.2611447274684906,0.00012640880293431154,2911.0,,,,,,,,,,,,,,0.0,,,,,0.01660374365746975,0.006666666828095913
,mappo,,,,2911.0,0.0,0.0,0.3333333432674408,0.0,0.0,0.0,0.3333333432674408,0.0,0.0,0.0,0.0,0.0,0.0,,,,,,,
-0.013518555089831352,mappo,3.8892699194548186e-07,0.2576134502887726,0.00012610870290096702,2912.0,,,,,,,,,,,,,,0.0,,,,,0.016868021339178085,0.006666666828095913
,mappo,,,,2912.0,0.0,0.0,0.3333333432674408,0.0,0.0,0.0,0.3333333432674408,0.0,0.0,0.0,0.0,0.0,0.0,,,,,,,
-0.001990738557651639,mappo,6.881795684421377e-07,0.2557598054409027,0.00012580860286762262,2913.0,,,,,,,,,,,,,,0.0,,,,,0.016999544575810432,0.006666666828095913
,mappo,,,,2913.0,0.0,0.0,0.3333333432674408,0.0,0.0,0.0,0.3333333432674408,0.0,0.0,0.0,0.0,0.0,0.0,,,,,,,
-0.005464690271764994,mappo,4.4791536879529303e-07,0.2548277676105499,0.0001255085028342781,2914.0,,,,,,,,,,,,,,0.0,,,,,0.01697073131799698,0.006666666828095913
,mappo,,,,2914.0,0.0,0.0,0.3333333432674408,0.0,0.0,0.0,0.3333333432674408,0.0,0.0,0.0,0.0,0.0,0.0,,,,,,,
-0.0006764023564755917,mappo,5.846280828336603e-07,0.25955891609191895,0.0001252084028009337,2915.0,,,,,,,,,,,,,,0.0,,,,,0.01702677085995674,0.006666666828095913
,mappo,,,,2915.0,0.0,0.0,0.3333333432674408,0.0,0.0,0.0,0.3333333432674408,0.0,0.0,0.0,0.0,0.0,0.0,,,,,,,
-0.002196229761466384,mappo,3.526973273437761e-07,0.26170042157173157,0.00012490830276758928,2916.0,,,,,,,,,,,,,,0.0,,,,,0.017034955322742462,0.006666666828095913
,mappo,,,,2916.0,0.0,0.0,0.3333333432674408,0.0,0.0,0.0,0.3333333432674408,0.0,0.0,0.0,0.0,0.0,0.0,,,,,,,
-0.0036967063788324594,mappo,2.934977487711876e-07,0.2637680768966675,0.00012460820273424477,2917.0,,,,,,,,,,,,,,0.0,,,,,0.01699838973581791,0.006666666828095913
,mappo,,,,2917.0,0.0,0.0,0.3333333432674408,0.0,0.0,0.0,0.3333333432674408,0.0,0.0,0.0,0.0,0.0,0.0,,,,,,,
-0.0018160087056457996,mappo,2.756017920546583e-07,0.2656877040863037,0.00012430810270090025,2918.0,,,,,,,,,,,,,,0.0,,,,,0.017082050442695618,0.006666666828095913
,mappo,,,,2918.0,0.0,0.0,0.3333333432674408,0.0,0.0,0.0,0.3333333432674408,0.0,0.0,0.0,0.0,0.0,0.0,,,,,,,
-0.00789316650480032,mappo,5.393004585130257e-07,0.2667735517024994,0.00012400800266755595,2919.0,,,,,,,,,,,,,,0.0,,,,,0.01664026267826557,0.006666666828095913
,mappo,,,,2919.0,0.0,0.0,0.3333333432674408,0.0,0.0,0.0,0.3333333432674408,0.0,0.0,0.0,0.0,0.0,0.0,,,,,,,
0.0006955848657526076,mappo,6.76118304454576e-07,0.27925926446914673,0.00012370790263421143,2920.0,,,,,,,,,,,,,,0.0,,,,,0.01718350686132908,0.006666666828095913
,mappo,,,,2920.0,0.0,0.0,0.3333333432674408,0.0,0.0,0.0,0.3333333432674408,0.0,0.0,0.0,0.0,0.0,0.0,,,,,,,
-0.00035816087620332837,mappo,2.808494059536315e-07,0.28472328186035156,0.00012340780260086703,2921.0,,,,,,,,,,,,,,0.0,,,,,0.01715550757944584,0.006666666828095913
,mappo,,,,2921.0,0.0,0.0,0.3333333432674408,0.0,0.0,0.0,0.3333333432674408,0.0,0.0,0.0,0.0,0.0,0.0,,,,,,,
-0.0029031201265752316,mappo,1.8534254877522471e-06,0.2874625623226166,0.0001231077025675225,2922.0,,,,,,,,,,,,,,0.0,,,,,0.016390232369303703,0.006666666828095913
,mappo,,,,2922.0,0.0,0.0,0.3333333432674408,0.0,0.0,0.0,0.3333333432674408,0.0,0.0,0.0,0.0,0.0,0.0,,,,,,,
-0.002953361487016082,mappo,1.1323149351483153e-07,0.28719043731689453,0.0001228076025341781,2923.0,,,,,,,,,,,,,,0.0,,,,,0.01683405414223671,0.006666666828095913
,mappo,,,,2923.0,0.0,0.0,0.3333333432674408,0.0,0.0,0.0,0.3333333432674408,0.0,0.0,0.0,0.0,0.0,0.0,,,,,,,
-0.006446115672588348,mappo,3.849879703921033e-07,0.2875407338142395,0.0001225075025008337,2924.0,,,,,,,,,,,,,,0.0,,,,,0.016469962894916534,0.006666666828095913
,mappo,,,,2924.0,0.0,0.0,0.3333333432674408,0.0,0.0,0.0,0.3333333432674408,0.0,0.0,0.0,0.0,0.0,0.0,,,,,,,
-0.002169985556975007,mappo,1.703014618215093e-07,0.28440654277801514,0.00012220740246748918,2925.0,,,,,,,,,,,,,,0.0,,,,,0.016757071018218994,0.006666666828095913
,mappo,,,,2925.0,0.0,0.0,0.3333333432674408,0.0,0.0,0.0,0.3333333432674408,0.0,0.0,0.0,0.0,0.0,0.0,,,,,,,
-0.012416491284966469,mappo,2.7305020466883434e-07,0.2750428318977356,0.00012190730243414477,2926.0,,,,,,,,,,,,,,0.0,,,,,0.01651628315448761,0.006666666828095913
,mappo,,,,2926.0,0.0,0.0,0.3333333432674408,0.0,0.0,0.0,0.3333333432674408,0.0,0.0,0.0,0.0,0.0,0.0,,,,,,,
-0.007997975684702396,mappo,3.87429395232175e-07,0.2571640908718109,0.00012160720240080036,2927.0,,,,,,,,,,,,,,0.0,,,,,0.016503700986504555,0.006666666828095913
,mappo,,,,2927.0,0.0,0.0,0.3333333432674408,0.0,0.0,0.0,0.3333333432674408,0.0,0.0,0.0,0.0,0.0,0.0,,,,,,,
-0.0001444732624804601,mappo,2.604578241971467e-07,0.25073713064193726,0.00012130710236745584,2928.0,,,,,,,,,,,,,,0.0,,,,,0.016936885192990303,0.006666666828095913
,mappo,,,,2928.0,0.0,0.0,0.3333333432674408,0.0,0.0,0.0,0.3333333432674408,0.0,0.0,0.0,0.0,0.0,0.0,,,,,,,
-0.004824001342058182,mappo,2.791901181353751e-07,0.24966531991958618,0.00012100700233411133,2929.0,,,,,,,,,,,,,,0.0,,,,,0.01734098047018051,0.006666666828095913
,mappo,,,,2929.0,0.0,0.0,0.3333333432674408,0.0,0.0,0.0,0.3333333432674408,0.0,0.0,0.0,0.0,0.0,0.0,,,,,,,
0.0036020944826304913,mappo,2.853195155694266e-07,0.24080826342105865,0.00012070690230076703,2930.0,,,,,,,,,,,,,,0.0,,,,,0.016937531530857086,0.006666666828095913
,mappo,,,,2930.0,0.0,0.0,0.3333333432674408,0.0,0.0,0.0,0.3333333432674408,0.0,0.0,0.0,0.0,0.0,0.0,,,,,,,
-0.013130214996635914,mappo,1.2307121721732983e-07,0.23375976085662842,0.00012040680226742251,2931.0,,,,,,,,,,,,,,0.0,,,,,0.01729419454932213,0.006666666828095913
,mappo,,,,2931.0,0.0,0.0,0.3333333432674408,0.0,0.0,0.0,0.3333333432674408,0.0,0.0,0.0,0.0,0.0,0.0,,,,,,,
-0.00649290019646287,mappo,2.3433291573837778e-07,0.2219562828540802,0.0001201067022340781,2932.0,,,,,,,,,,,,,,0.0,,,,,0.01745053566992283,0.006666666828095913
,mappo,,,,2932.0,0.0,0.0,0.3333333432674408,0.0,0.0,0.0,0.3333333432674408,0.0,0.0,0.0,0.0,0.0,0.0,,,,,,,
-0.00615333765745163,mappo,2.118641333481719e-07,0.22312945127487183,0.00011980660220073359,2933.0,,,,,,,,,,,,,,0.0,,,,,0.017359139397740364,0.006666666828095913
,mappo,,,,2933.0,0.0,0.0,0.3333333432674408,0.0,0.0,0.0,0.3333333432674408,0.0,0.0,0.0,0.0,0.0,0.0,,,,,,,
-0.003510925220325589,mappo,1.0920024351435131e-07,0.243248850107193,0.00011950650216738918,2934.0,,,,,,,,,,,,,,0.0,,,,,0.017612408846616745,0.006666666828095913
,mappo,,,,2934.0,0.0,0.0,0.3333333432674408,0.0,0.0,0.0,0.3333333432674408,0.0,0.0,0.0,0.0,0.0,0.0,,,,,,,
-0.0027440274134278297,mappo,3.141711601983843e-07,0.26556307077407837,0.00011920640213404477,2935.0,,,,,,,,,,,,,,0.0,,,,,0.017436575144529343,0.006666666828095913
,mappo,,,,2935.0,0.0,0.0,0.3333333432674408,0.0,0.0,0.0,0.3333333432674408,0.0,0.0,0.0,0.0,0.0,0.0,,,,,,,
-0.008257061243057251,mappo,3.59167160013385e-07,0.2817543148994446,0.00011890630210070025,2936.0,,,,,,,,,,,,,,0.0,,,,,0.01751912757754326,0.006666666828095913
,mappo,,,,2936.0,0.0,0.0,0.3333333432674408,0.0,0.0,0.0,0.3333333432674408,0.0,0.0,0.0,0.0,0.0,0.0,,,,,,,
-0.0020732323173433542,mappo,3.6661222679867933e-07,0.29733917117118835,0.00011860620206735574,2937.0,,,,,,,,,,,,,,0.0,,,,,0.017247257754206657,0.006666666828095913
,mappo,,,,2937.0,0.0,0.0,0.3333333432674408,0.0,0.0,0.0,0.3333333432674408,0.0,0.0,0.0,0.0,0.0,0.0,,,,,,,
0.00240134634077549,mappo,3.077690848840575e-07,0.3038296401500702,0.00011830610203401144,2938.0,,,,,,,,,,,,,,0.0,,,,,0.017537446692585945,0.006666666828095913
,mappo,,,,2938.0,0.0,0.0,0.3333333432674408,0.0,0.0,0.0,0.3333333432674408,0.0,0.0,0.0,0.0,0.0,0.0,,,,,,,
-0.0074676284566521645,mappo,3.4578363283799263e-07,0.3006841540336609,0.00011800600200066692,2939.0,,,,,,,,,,,,,,0.0,,,,,0.01738630048930645,0.006666666828095913
,mappo,,,,2939.0,0.0,0.0,0.3333333432674408,0.0,0.0,0.0,0.3333333432674408,0.0,0.0,0.0,0.0,0.0,0.0,,,,,,,
0.00437660189345479,mappo,1.8317615513296914e-07,0.29256322979927063,0.0001177059019673224,2940.0,,,,,,,,,,,,,,0.0,,,,,0.017932327464222908,0.006666666828095913
,mappo,,,,2940.0,0.0,0.0,0.3333333432674408,0.0,0.0,0.0,0.3333333432674408,0.0,0.0,0.0,0.0,0.0,0.0,,,,,,,
-0.005417464300990105,mappo,3.610595626923896e-07,0.28338494896888733,0.0001174058019339781,2941.0,,,,,,,,,,,,,,0.0,,,,,0.017762184143066406,0.006666666828095913
,mappo,,,,2941.0,0.0,0.0,0.3333333432674408,0.0,0.0,0.0,0.3333333432674408,0.0,0.0,0.0,0.0,0.0,0.0,,,,,,,
-0.0033313576132059097,mappo,6.749583008058835e-07,0.26260584592819214,0.00011710570190063359,2942.0,,,,,,,,,,,,,,0.0,,,,,0.01794552057981491,0.006666666828095913
,mappo,,,,2942.0,0.0,0.0,0.3333333432674408,0.0,0.0,0.0,0.3333333432674408,0.0,0.0,0.0,0.0,0.0,0.0,,,,,,,
-0.0009563837666064501,mappo,5.21636991379637e-07,0.2549152970314026,0.00011680560186728918,2943.0,,,,,,,,,,,,,,0.0,,,,,0.01790604367852211,0.006666666828095913
,mappo,,,,2943.0,0.0,0.0,0.3333333432674408,0.0,0.0,0.0,0.3333333432674408,0.0,0.0,0.0,0.0,0.0,0.0,,,,,,,
-0.0025824587792158127,mappo,7.46944294860441e-07,0.2506791055202484,0.00011650550183394466,2944.0,,,,,,,,,,,,,,0.0,,,,,0.017950719222426414,0.006666666828095913
,mappo,,,,2944.0,0.0,0.0,0.3333333432674408,0.0,0.0,0.0,0.3333333432674408,0.0,0.0,0.0,0.0,0.0,0.0,,,,,,,
-0.006561914924532175,mappo,9.618842113923165e-07,0.2281084507703781,0.00011620540180060025,2945.0,,,,,,,,,,,,,,0.0,,,,,0.018256276845932007,0.006666666828095913
,mappo,,,,2945.0,0.0,0.0,0.3333333432674408,0.0,0.0,0.0,0.3333333432674408,0.0,0.0,0.0,0.0,0.0,0.0,,,,,,,
0.0007809088565409184,mappo,4.478226003357122e-07,0.20757488906383514,0.00011590530176725585,2946.0,,,,,,,,,,,,,,0.0,,,,,0.01804477348923683,0.006666666828095913
,mappo,,,,2946.0,0.0,0.0,0.3333333432674408,0.0,0.0,0.0,0.3333333432674408,0.0,0.0,0.0,0.0,0.0,0.0,,,,,,,
-0.013034810312092304,mappo,3.26743929690565e-07,0.20882603526115417,0.00011560520173391133,2947.0,,,,,,,,,,,,,,0.0,,,,,0.017945092171430588,0.006666666828095913
,mappo,,,,2947.0,0.0,0.0,0.3333333432674408,0.0,0.0,0.0,0.3333333432674408,0.0,0.0,0.0,0.0,0.0,0.0,,,,,,,
-0.002262661000713706,mappo,2.642638605721004e-07,0.21657615900039673,0.00011530510170056681,2948.0,,,,,,,,,,,,,,0.0,,,,,0.018062260001897812,0.006666666828095913
,mappo,,,,2948.0,0.0,0.0,0.3333333432674408,0.0,0.0,0.0,0.3333333432674408,0.0,0.0,0.0,0.0,0.0,0.0,,,,,,,
-0.002578099025413394,mappo,3.2402877536696906e-07,0.21554270386695862,0.00011500500166722251,2949.0,,,,,,,,,,,,,,0.0,,,,,0.01812255196273327,0.006666666828095913
,mappo,,,,2949.0,0.0,0.0,0.3333333432674408,0.0,0.0,0.0,0.3333333432674408,0.0,0.0,0.0,0.0,0.0,0.0,,,,,,,
-0.006449422799050808,mappo,1.547807784163524e-07,0.21386197209358215,0.000114704901633878,2950.0,,,,,,,,,,,,,,0.0,,,,,0.018008511513471603,0.006666666828095913
,mappo,,,,2950.0,0.0,0.0,0.3333333432674408,0.0,0.0,0.0,0.3333333432674408,0.0,0.0,0.0,0.0,0.0,0.0,,,,,,,
-0.0012718387879431248,mappo,2.8967539833502087e-07,0.20911872386932373,0.00011440480160053359,2951.0,,,,,,,,,,,,,,0.0,,,,,0.018097110092639923,0.006666666828095913
,mappo,,,,2951.0,0.0,0.0,0.3333333432674408,0.0,0.0,0.0,0.3333333432674408,0.0,0.0,0.0,0.0,0.0,0.0,,,,,,,
-0.0035744584165513515,mappo,1.9938551076847943e-07,0.1866859793663025,0.00011410470156718907,2952.0,,,,,,,,,,,,,,0.0,,,,,0.018336812034249306,0.006666666828095913
,mappo,,,,2952.0,0.0,0.0,0.3333333432674408,0.0,0.0,0.0,0.3333333432674408,0.0,0.0,0.0,0.0,0.0,0.0,,,,,,,
-0.013784625567495823,mappo,1.8931876866190578e-07,0.1614738255739212,0.00011380460153384466,2953.0,,,,,,,,,,,,,,0.0,,,,,0.018587077036499977,0.006666666828095913
,mappo,,,,2953.0,0.0,0.0,0.3333333432674408,0.0,0.0,0.0,0.3333333432674408,0.0,0.0,0.0,0.0,0.0,0.0,,,,,,,
-0.006447200197726488,mappo,2.494785746876005e-07,0.13669773936271667,0.00011350450150050026,2954.0,,,,,,,,,,,,,,0.0,,,,,0.018455948680639267,0.006666666828095913
,mappo,,,,2954.0,0.0,0.0,0.3333333432674408,0.0,0.0,0.0,0.3333333432674408,0.0,0.0,0.0,0.0,0.0,0.0,,,,,,,
-0.0007842583581805229,mappo,2.2985415171206114e-07,0.12703458964824677,0.00011320440146715574,2955.0,,,,,,,,,,,,,,0.0,,,,,0.018566790968179703,0.006666666828095913
,mappo,,,,2955.0,0.0,0.0,0.3333333432674408,0.0,0.0,0.0,0.3333333432674408,0.0,0.0,0.0,0.0,0.0,0.0,,,,,,,
-0.0035435683093965054,mappo,2.457668415445369e-07,0.12536896765232086,0.00011290430143381133,2956.0,,,,,,,,,,,,,,0.0,,,,,0.018841784447431564,0.006666666828095913
,mappo,,,,2956.0,0.0,0.0,0.3333333432674408,0.0,0.0,0.0,0.3333333432674408,0.0,0.0,0.0,0.0,0.0,0.0,,,,,,,
-0.011081645265221596,mappo,2.928155993231485e-07,0.12121616303920746,0.00011260420140046692,2957.0,,,,,,,,,,,,,,0.0,,,,,0.018832603469491005,0.006666666828095913
,mappo,,,,2957.0,0.0,0.0,0.3333333432674408,0.0,0.0,0.0,0.3333333432674408,0.0,0.0,0.0,0.0,0.0,0.0,,,,,,,
-0.004154441878199577,mappo,2.9207464535829786e-07,0.12254680693149567,0.0001123041013671224,2958.0,,,,,,,,,,,,,,0.0,,,,,0.018846597522497177,0.006666666828095913
,mappo,,,,2958.0,0.0,0.0,0.3333333432674408,0.0,0.0,0.0,0.3333333432674408,0.0,0.0,0.0,0.0,0.0,0.0,,,,,,,
-0.0027482761070132256,mappo,2.4006030230339093e-07,0.12465149164199829,0.00011200400133377789,2959.0,,,,,,,,,,,,,,0.0,,,,,0.018778149038553238,0.006666666828095913
,mappo,,,,2959.0,0.0,0.0,0.3333333432674408,0.0,0.0,0.0,0.3333333432674408,0.0,0.0,0.0,0.0,0.0,0.0,,,,,,,
-0.005099083296954632,mappo,1.939207265877485e-07,0.11579587310552597,0.00011170390130043359,2960.0,,,,,,,,,,,,,,0.0,,,,,0.01856834441423416,0.006666666828095913
,mappo,,,,2960.0,0.0,0.0,0.3333333432674408,0.0,0.0,0.0,0.3333333432674408,0.0,0.0,0.0,0.0,0.0,0.0,,,,,,,
0.0007858476019464433,mappo,2.385634729762387e-07,0.10271850228309631,0.00011140380126708907,2961.0,,,,,,,,,,,,,,0.0,,,,,0.01866479590535164,0.006666666828095913
,mappo,,,,2961.0,0.0,0.0,0.3333333432674408,0.0,0.0,0.0,0.3333333432674408,0.0,0.0,0.0,0.0,0.0,0.0,,,,,,,
-0.001978672109544277,mappo,2.0794725230643962e-07,0.09689361602067947,0.00011110370123374467,2962.0,,,,,,,,,,,,,,0.0,,,,,0.01885903626680374,0.006666666828095913
,mappo,,,,2962.0,0.0,0.0,0.3333333432674408,0.0,0.0,0.0,0.3333333432674408,0.0,0.0,0.0,0.0,0.0,0.0,,,,,,,
-0.00475298659875989,mappo,3.0560252639588725e-07,0.09221746027469635,0.00011080360120040015,2963.0,,,,,,,,,,,,,,0.0,,,,,0.018740925937891006,0.006666666828095913
,mappo,,,,2963.0,0.0,0.0,0.3333333432674408,0.0,0.0,0.0,0.3333333432674408,0.0,0.0,0.0,0.0,0.0,0.0,,,,,,,
-0.009625324048101902,mappo,2.3000529836281203e-07,0.07720762491226196,0.00011050350116705574,2964.0,,,,,,,,,,,,,,0.0,,,,,0.018787605687975883,0.006666666828095913
,mappo,,,,2964.0,0.0,0.0,0.3333333432674408,0.0,0.0,0.0,0.3333333432674408,0.0,0.0,0.0,0.0,0.0,0.0,,,,,,,
0.0017982859862968326,mappo,2.340767935038457e-07,0.051868412643671036,0.00011020340113371133,2965.0,,,,,,,,,,,,,,0.0,,,,,0.018838267773389816,0.006666666828095913
,mappo,,,,2965.0,0.0,0.0,0.3333333432674408,0.0,0.0,0.0,0.3333333432674408,0.0,0.0,0.0,0.0,0.0,0.0,,,,,,,
-0.008378957398235798,mappo,2.1078885481529142e-07,0.038181256502866745,0.00010990330110036682,2966.0,,,,,,,,,,,,,,0.0,,,,,0.018873276188969612,0.006666666828095913
,mappo,,,,2966.0,0.0,0.0,0.3333333432674408,0.0,0.0,0.0,0.3333333432674408,0.0,0.0,0.0,0.0,0.0,0.0,,,,,,,
0.0008134004310704768,mappo,1.7602988577891665e-07,0.023902248591184616,0.0001096032010670223,2967.0,,,,,,,,,,,,,,0.0,,,,,0.01904851570725441,0.006666666828095913
,mappo,,,,2967.0,0.0,0.0,0.3333333432674408,0.0,0.0,0.0,0.3333333432674408,0.0,0.0,0.0,0.0,0.0,0.0,,,,,,,
-0.0026971884071826935,mappo,1.7661972151472582e-07,0.009892960079014301,0.000109303101033678,2968.0,,,,,,,,,,,,,,0.0,,,,,0.019112758338451385,0.006666666828095913
,mappo,,,,2968.0,0.0,0.0,0.3333333432674408,0.0,0.0,0.0,0.3333333432674408,0.0,0.0,0.0,0.0,0.0,0.0,,,,,,,
-0.012626785784959793,mappo,1.5529104757661116e-07,-0.019305124878883362,0.00010900300100033348,2969.0,,,,,,,,,,,,,,0.0,,,,,0.019262343645095825,0.006666666828095913
,mappo,,,,2969.0,0.0,0.0,0.3333333432674408,0.0,0.0,0.0,0.3333333432674408,0.0,0.0,0.0,0.0,0.0,0.0,,,,,,,
-0.0059621138498187065,mappo,2.156914149509248e-07,-0.04843056574463844,0.00010870290096698897,2970.0,,,,,,,,,,,,,,0.0,,,,,0.019205473363399506,0.006666666828095913
,mappo,,,,2970.0,0.0,0.0,0.3333333432674408,0.0,0.0,0.0,0.3333333432674408,0.0,0.0,0.0,0.0,0.0,0.0,,,,,,,
-0.0024070320650935173,mappo,2.2515715158988314e-07,-0.06243740767240524,0.00010840280093364467,2971.0,,,,,,,,,,,,,,0.0,,,,,0.019106633961200714,0.006666666828095913
,mappo,,,,2971.0,0.0,0.0,0.3333333432674408,0.0,0.0,0.0,0.3333333432674408,0.0,0.0,0.0,0.0,0.0,0.0,,,,,,,
-0.008345209062099457,mappo,2.134906935680192e-07,-0.06958261132240295,0.00010810270090030015,2972.0,,,,,,,,,,,,,,0.0,,,,,0.019016753882169724,0.006666666828095913
,mappo,,,,2972.0,0.0,0.0,0.3333333432674408,0.0,0.0,0.0,0.3333333432674408,0.0,0.0,0.0,0.0,0.0,0.0,,,,,,,
0.0022215249482542276,mappo,2.363093898338775e-07,-0.07902365922927856,0.00010780260086695574,2973.0,,,,,,,,,,,,,,0.0,,,,,0.019130002707242966,0.006666666828095913
,mappo,,,,2973.0,0.0,0.0,0.3333333432674408,0.0,0.0,0.0,0.3333333432674408,0.0,0.0,0.0,0.0,0.0,0.0,,,,,,,
0.001505985506810248,mappo,1.8092057985086285e-07,-0.077300526201725,0.00010750250083361123,2974.0,,,,,,,,,,,,,,0.0,,,,,0.01901664212346077,0.006666666828095913
,mappo,,,,2974.0,0.0,0.0,0.3333333432674408,0.0,0.0,0.0,0.3333333432674408,0.0,0.0,0.0,0.0,0.0,0.0,,,,,,,
-0.004039584659039974,mappo,1.3026605927279888e-07,-0.08580359816551208,0.00010720240080026682,2975.0,,,,,,,,,,,,,,0.0,,,,,0.019084837287664413,0.006666666828095913
,mappo,,,,2975.0,0.0,0.0,0.3333333432674408,0.0,0.0,0.0,0.3333333432674408,0.0,0.0,0.0,0.0,0.0,0.0,,,,,,,
-0.0031609847210347652,mappo,1.1103105634902022e-07,-0.09691856056451797,0.00010690230076692241,2976.0,,,,,,,,,,,,,,0.0,,,,,0.01897057145833969,0.006666666828095913
,mappo,,,,2976.0,0.0,0.0,0.3333333432674408,0.0,0.0,0.0,0.3333333432674408,0.0,0.0,0.0,0.0,0.0,0.0,,,,,,,
-0.002047360874712467,mappo,1.2481510225370585e-07,-0.08759506046772003,0.00010660220073357789,2977.0,,,,,,,,,,,,,,0.0,,,,,0.019126981496810913,0.006666666828095913
,mappo,,,,2977.0,0.0,0.0,0.3333333432674408,0.0,0.0,0.0,0.3333333432674408,0.0,0.0,0.0,0.0,0.0,0.0,,,,,,,
-0.0037064182106405497,mappo,1.7863220591607387e-07,-0.08810339868068695,0.00010630210070023338,2978.0,,,,,,,,,,,,,,0.0,,,,,0.019222259521484375,0.006666666828095913
,mappo,,,,2978.0,0.0,0.0,0.3333333432674408,0.0,0.0,0.0,0.3333333432674408,0.0,0.0,0.0,0.0,0.0,0.0,,,,,,,
0.0005517412209883332,mappo,1.527762805153543e-07,-0.09191037714481354,0.00010600200066688908,2979.0,,,,,,,,,,,,,,0.0,,,,,0.01908896118402481,0.006666666828095913
,mappo,,,,2979.0,0.0,0.0,0.3333333432674408,0.0,0.0,0.0,0.3333333432674408,0.0,0.0,0.0,0.0,0.0,0.0,,,,,,,
-0.006521389354020357,mappo,1.8020368486304505e-07,-0.08203808963298798,0.00010570190063354456,2980.0,,,,,,,,,,,,,,0.0,,,,,0.019178494811058044,0.006666666828095913
,mappo,,,,2980.0,0.0,0.0,0.3333333432674408,0.0,0.0,0.0,0.3333333432674408,0.0,0.0,0.0,0.0,0.0,0.0,,,,,,,
-0.008143321610987186,mappo,1.560354547791576e-07,-0.06478932499885559,0.00010540180060020004,2981.0,,,,,,,,,,,,,,0.0,,,,,0.019237786531448364,0.006666666828095913
,mappo,,,,2981.0,0.0,0.0,0.3333333432674408,0.0,0.0,0.0,0.3333333432674408,0.0,0.0,0.0,0.0,0.0,0.0,,,,,,,
-0.005905824713408947,mappo,1.293979323691019e-07,-0.05199854075908661,0.00010510170056685563,2982.0,,,,,,,,,,,,,,0.0,,,,,0.019105426967144012,0.006666666828095913
,mappo,,,,2982.0,0.0,0.0,0.3333333432674408,0.0,0.0,0.0,0.3333333432674408,0.0,0.0,0.0,0.0,0.0,0.0,,,,,,,
0.0024730858858674765,mappo,1.1345989747724161e-07,-0.0361427403986454,0.00010480160053351123,2983.0,,,,,,,,,,,,,,0.0,,,,,0.018940715119242668,0.006666666828095913
,mappo,,,,2983.0,0.0,0.0,0.3333333432674408,0.0,0.0,0.0,0.3333333432674408,0.0,0.0,0.0,0.0,0.0,0.0,,,,,,,
-0.0025955457240343094,mappo,1.1300787150503311e-07,-0.015009628608822823,0.00010450150050016682,2984.0,,,,,,,,,,,,,,0.0,,,,,0.01913367211818695,0.006666666828095913
,mappo,,,,2984.0,0.0,0.0,0.3333333432674408,0.0,0.0,0.0,0.3333333432674408,0.0,0.0,0.0,0.0,0.0,0.0,,,,,,,
-0.010164348408579826,mappo,8.587394262349335e-08,0.002142207697033882,0.0001042014004668223,2985.0,,,,,,,,,,,,,,0.0,,,,,0.018936417996883392,0.006666666828095913
,mappo,,,,2985.0,0.0,0.0,0.3333333432674408,0.0,0.0,0.0,0.3333333432674408,0.0,0.0,0.0,0.0,0.0,0.0,,,,,,,
-0.0013141552917659283,mappo,1.1303202995804895e-07,0.02646542154252529,0.0001039013004334779,2986.0,,,,,,,,,,,,,,0.0,,,,,0.019106779247522354,0.006666666828095913
,mappo,,,,2986.0,0.0,0.0,0.3333333432674408,0.0,0.0,0.0,0.3333333432674408,0.0,0.0,0.0,0.0,0.0,0.0,,,,,,,
-0.0029851142317056656,mappo,9.480651641524673e-08,0.04159937798976898,0.00010360120040013349,2987.0,,,,,,,,,,,,,,0.0,,,,,0.01920863799750805,0.006666666828095913
,mappo,,,,2987.0,0.0,0.0,0.3333333432674408,0.0,0.0,0.0,0.3333333432674408,0.0,0.0,0.0,0.0,0.0,0.0,,,,,,,
-0.003717923304066062,mappo,9.17394515909109e-08,0.0292343869805336,0.00010330110036678897,2988.0,,,,,,,,,,,,,,0.0,,,,,0.018891198560595512,0.006666666828095913
,mappo,,,,2988.0,0.0,0.0,0.3333333432674408,0.0,0.0,0.0,0.3333333432674408,0.0,0.0,0.0,0.0,0.0,0.0,,,,,,,
-0.0064438385888934135,mappo,6.118889928075077e-08,0.011523974128067493,0.00010300100033344445,2989.0,,,,,,,,,,,,,,0.0,,,,,0.018911950290203094,0.006666666828095913
,mappo,,,,2989.0,0.0,0.0,0.3333333432674408,0.0,0.0,0.0,0.3333333432674408,0.0,0.0,0.0,0.0,0.0,0.0,,,,,,,
-0.009645676240324974,mappo,1.0358235869034615e-07,0.007717861328274012,0.00010270090030010015,2990.0,,,,,,,,,,,,,,0.0,,,,,0.019021233543753624,0.006666666828095913
,mappo,,,,2990.0,0.0,0.0,0.3333333432674408,0.0,0.0,0.0,0.3333333432674408,0.0,0.0,0.0,0.0,0.0,0.0,,,,,,,
-0.0032131660263985395,mappo,1.2863962695064401e-07,-0.0031467382796108723,0.00010240080026675564,2991.0,,,,,,,,,,,,,,0.0,,,,,0.019048132002353668,0.006666666828095913
,mappo,,,,2991.0,0.0,0.0,0.3333333432674408,0.0,0.0,0.0,0.3333333432674408,0.0,0.0,0.0,0.0,0.0,0.0,,,,,,,
-0.002713287016376853,mappo,1.3039402801950928e-07,-0.024647820740938187,0.00010210070023341112,2992.0,,,,,,,,,,,,,,0.0,,,,,0.018951646983623505,0.006666666828095913
,mappo,,,,2992.0,0.0,0.0,0.3333333432674408,0.0,0.0,0.0,0.3333333432674408,0.0,0.0,0.0,0.0,0.0,0.0,,,,,,,
-0.0006266927812248468,mappo,8.321701727709296e-08,-0.03533308207988739,0.00010180060020006671,2993.0,,,,,,,,,,,,,,0.0,,,,,0.019032644107937813,0.006666666828095913
,mappo,,,,2993.0,0.0,0.0,0.3333333432674408,0.0,0.0,0.0,0.3333333432674408,0.0,0.0,0.0,0.0,0.0,0.0,,,,,,,
-0.0001540513039799407,mappo,6.947320940753343e-08,-0.042614586651325226,0.0001015005001667223,2994.0,,,,,,,,,,,,,,0.0,,,,,0.01904876157641411,0.006666666828095913
,mappo,,,,2994.0,0.0,0.0,0.3333333432674408,0.0,0.0,0.0,0.3333333432674408,0.0,0.0,0.0,0.0,0.0,0.0,,,,,,,
-0.006561797112226486,mappo,9.516907795159568e-08,-0.03876877948641777,0.0001012004001333779,2995.0,,,,,,,,,,,,,,0.0,,,,,0.019168924540281296,0.006666666828095913
,mappo,,,,2995.0,0.0,0.0,0.3333333432674408,0.0,0.0,0.0,0.3333333432674408,0.0,0.0,0.0,0.0,0.0,0.0,,,,,,,
-0.0009119539172388613,mappo,8.706085452558909e-08,-0.04984508454799652,0.00010090030010003338,2996.0,,,,,,,,,,,,,,0.0,,,,,0.019012451171875,0.006666666828095913
,mappo,,,,2996.0,0.0,0.0,0.3333333432674408,0.0,0.0,0.0,0.3333333432674408,0.0,0.0,0.0,0.0,0.0,0.0,,,,,,,
-0.004049351904541254,mappo,8.578585664054117e-08,-0.0701274499297142,0.00010060020006668886,2997.0,,,,,,,,,,,,,,0.0,,,,,0.019058482721447945,0.006666666828095913
,mappo,,,,2997.0,0.0,0.0,0.3333333432674408,0.0,0.0,0.0,0.3333333432674408,0.0,0.0,0.0,0.0,0.0,0.0,,,,,,,
-0.0008691492839716375,mappo,7.301632365397381e-08,-0.1124744787812233,0.00010030010003334456,2998.0,,,,,,,,,,,,,,0.0,,,,,0.019087836146354675,0.006666666828095913
,mappo,,,,2998.0,0.0,0.0,0.3333333432674408,0.0,0.0,0.0,0.3333333432674408,0.0,0.0,0.0,0.0,0.0,0.0,,,,,,,
-0.0037936964072287083,mappo,8.963014863638818e-08,-0.14771705865859985,0.00010000000000000005,2999.0,,,,,,,,,,,,,,0.0,,,,,0.01922382414340973,0.006666666828095913
,mappo,,,,2999.0,0.0,0.0,0.3333333432674408,0.0,0.0,0.0,0.3333333432674408,0.0,0.0,0.0,0.0,0.0,0.0,,,,,,,
,mappo,,,,2999.0,,,,,,,,,,,,,,,0.0,0.0,0.3333333432674408,0.0,,
