actor_loss,algorithm,critic_loss,entropy,entropy_coef,episode,episode_collision_rate,episode_collisions,episode_return,episode_reward_collision,episode_reward_dist,episode_reward_energy,episode_reward_env,episode_reward_intent,episode_reward_safety,episode_reward_task,episode_reward_threat,episode_reward_time,episode_task_completion,eta,eval_collision_rate,eval_episode_collisions,eval_episode_return,eval_task_completion,potential_loss,return_mean
-0.003796662436798215,mappo,1.4148552509141155e-05,0.8325566649436951,0.001,0.0,,,,,,,,,,,,,,0.0,,,,,0.009881820529699326,0.0
,mappo,,,,0.0,0.0,0.0,0.0,0.0,0.0,0.0,0.0,0.0,0.0,0.0,0.0,0.0,0.0,,,,,,,
-0.005638438276946545,mappo,1.4270227666202118e-06,0.827854335308075,0.0009996998999666556,1.0,,,,,,,,,,,,,,0.0,,,,,0.009570401161909103,0.0
,mappo,,,,1.0,0.0,0.0,0.0,0.0,0.0,0.0,0.0,0.0,0.0,0.0,0.0,0.0,0.0,,,,,,,
-0.0070806266739964485,mappo,9.852609764493536e-06,0.8271123170852661,0.0009993997999333112,2.0,,,,,,,,,,,,,,0.0,,,,,0.00970386154949665,0.0
,mappo,,,,2.0,0.0,0.0,0.0,0.0,0.0,0.0,0.0,0.0,0.0,0.0,0.0,0.0,0.0,,,,,,,
-0.005540008656680584,mappo,3.379588520147081e-07,0.8268519639968872,0.0009990996998999666,3.0,,,,,,,,,,,,,,0.0,,,,,0.009914085268974304,0.0
,mappo,,,,3.0,0.0,0.0,0.0,0.0,0.0,0.0,0.0,0.0,0.0,0.0,0.0,0.0,0.0,,,,,,,
-0.001990170683711767,mappo,2.806541942845797e-06,0.8236715197563171,0.0009987995998666222,4.0,,,,,,,,,,,,,,0.0,,,,,0.009730545803904533,0.0
,mappo,,,,4.0,0.0,0.0,0.0,0.0,0.0,0.0,0.0,0.0,0.0,0.0,0.0,0.0,0.0,,,,,,,
-0.0017730183899402618,mappo,1.0047051546280272e-06,0.8204926252365112,0.0009984994998332778,5.0,,,,,,,,,,,,,,0.0,,,,,0.00962891150265932,0.0
,mappo,,,,5.0,0.0,0.0,0.0,0.0,0.0,0.0,0.0,0.0,0.0,0.0,0.0,0.0,0.0,,,,,,,
-0.005292605608701706,mappo,6.689079441457579e-07,0.8193240165710449,0.0009981993997999334,6.0,,,,,,,,,,,,,,0.0,,,,,0.009683793410658836,0.0
,mappo,,,,6.0,0.0,0.0,0.0,0.0,0.0,0.0,0.0,0.0,0.0,0.0,0.0,0.0,0.0,,,,,,,
-0.0022012239787727594,mappo,1.351050684661459e-07,0.8198577761650085,0.000997899299766589,7.0,,,,,,,,,,,,,,0.0,,,,,0.009906086139380932,0.0
,mappo,,,,7.0,0.0,0.0,0.0,0.0,0.0,0.0,0.0,0.0,0.0,0.0,0.0,0.0,0.0,,,,,,,
-0.0016925842501223087,mappo,0.007052366156131029,0.8214277625083923,0.0009975991997332445,8.0,,,,,,,,,,,,,,0.0,,,,,0.009823612868785858,0.006666666828095913
,mappo,,,,8.0,0.0,0.0,0.3333333432674408,0.0,0.0,0.0,0.3333333432674408,0.0,0.0,0.0,0.0,0.0,0.0,,,,,,,
-0.0019581629894673824,mappo,0.005474208388477564,0.8221032619476318,0.0009972990996999,9.0,,,,,,,,,,,,,,0.0,,,,,0.009802395477890968,0.006666666828095913
,mappo,,,,9.0,0.0,0.0,0.3333333432674408,0.0,0.0,0.0,0.3333333432674408,0.0,0.0,0.0,0.0,0.0,0.0,,,,,,,
-0.0032856089528650045,mappo,0.001073165563866496,0.8243606686592102,0.0009969989996665555,10.0,,,,,,,,,,,,,,0.0,,,,,0.009550768882036209,0.0
,mappo,,,,10.0,0.0,0.0,0.0,0.0,0.0,0.0,0.0,0.0,0.0,0.0,0.0,0.0,0.0,,,,,,,
-0.008214029483497143,mappo,9.987373050535098e-05,0.8281554579734802,0.000996698899633211,11.0,,,,,,,,,,,,,,0.0,,,,,0.009815560653805733,0.0
,mappo,,,,11.0,0.0,0.0,0.0,0.0,0.0,0.0,0.0,0.0,0.0,0.0,0.0,0.0,0.0,,,,,,,
-0.002557828091084957,mappo,9.224871973856352e-06,0.8300238847732544,0.0009963987995998667,12.0,,,,,,,,,,,,,,0.0,,,,,0.010176953859627247,0.0
,mappo,,,,12.0,0.0,0.0,0.0,0.0,0.0,0.0,0.0,0.0,0.0,0.0,0.0,0.0,0.0,,,,,,,
-0.00571137759834528,mappo,1.7566004316904582e-05,0.8317842483520508,0.0009960986995665223,13.0,,,,,,,,,,,,,,0.0,,,,,0.01000429317355156,0.0
,mappo,,,,13.0,0.0,0.0,0.0,0.0,0.0,0.0,0.0,0.0,0.0,0.0,0.0,0.0,0.0,,,,,,,
-0.0025412875693291426,mappo,1.6542422599741258e-05,0.8340909481048584,0.0009957985995331777,14.0,,,,,,,,,,,,,,0.0,,,,,0.010144609957933426,0.0
,mappo,,,,14.0,0.0,0.0,0.0,0.0,0.0,0.0,0.0,0.0,0.0,0.0,0.0,0.0,0.0,,,,,,,
-0.006251302547752857,mappo,1.591275395185221e-05,0.8366858959197998,0.0009954984994998332,15.0,,,,,,,,,,,,,,0.0,,,,,0.009980796836316586,0.0
,mappo,,,,15.0,0.0,0.0,0.0,0.0,0.0,0.0,0.0,0.0,0.0,0.0,0.0,0.0,0.0,,,,,,,
-0.012240187264978886,mappo,1.0158366421819665e-05,0.8409507274627686,0.0009951983994664888,16.0,,,,,,,,,,,,,,0.0,,,,,0.01000181958079338,0.0
,mappo,,,,16.0,0.0,0.0,0.0,0.0,0.0,0.0,0.0,0.0,0.0,0.0,0.0,0.0,0.0,,,,,,,
-0.004382293671369553,mappo,3.385891886864556e-06,0.8453273773193359,0.0009948982994331444,17.0,,,,,,,,,,,,,,0.0,,,,,0.009934338741004467,0.0
,mappo,,,,17.0,0.0,0.0,0.0,0.0,0.0,0.0,0.0,0.0,0.0,0.0,0.0,0.0,0.0,,,,,,,
-0.019641704857349396,mappo,2.4189898795157205e-06,0.8528228998184204,0.0009945981993998,18.0,,,,,,,,,,,,,,0.0,,,,,0.010623865760862827,0.0
,mappo,,,,18.0,0.0,0.0,0.0,0.0,0.0,0.0,0.0,0.0,0.0,0.0,0.0,0.0,0.0,,,,,,,
-0.001047796686179936,mappo,1.092349179998564e-06,0.8610223531723022,0.0009942980993664554,19.0,,,,,,,,,,,,,,0.0,,,,,0.010527584701776505,0.0
,mappo,,,,19.0,0.0,0.0,0.0,0.0,0.0,0.0,0.0,0.0,0.0,0.0,0.0,0.0,0.0,,,,,,,
-0.012353108264505863,mappo,1.3968711982670357e-06,0.8687664866447449,0.000993997999333111,20.0,,,,,,,,,,,,,,0.0,,,,,0.010649586096405983,0.0
,mappo,,,,20.0,0.0,0.0,0.0,0.0,0.0,0.0,0.0,0.0,0.0,0.0,0.0,0.0,0.0,,,,,,,
-0.006338492035865784,mappo,9.736293122841744e-07,0.8688762187957764,0.0009936978992997666,21.0,,,,,,,,,,,,,,0.0,,,,,0.011156514286994934,0.0
,mappo,,,,21.0,0.0,0.0,0.0,0.0,0.0,0.0,0.0,0.0,0.0,0.0,0.0,0.0,0.0,,,,,,,
-0.002677757292985916,mappo,7.323939712478023e-07,0.861157238483429,0.0009933977992664222,22.0,,,,,,,,,,,,,,0.0,,,,,0.010894831269979477,0.0
,mappo,,,,22.0,0.0,0.0,0.0,0.0,0.0,0.0,0.0,0.0,0.0,0.0,0.0,0.0,0.0,,,,,,,
-0.007258332800120115,mappo,2.735961857069924e-07,0.8431078195571899,0.0009930976992330778,23.0,,,,,,,,,,,,,,0.0,,,,,0.01111256331205368,0.0
,mappo,,,,23.0,0.0,0.0,0.0,0.0,0.0,0.0,0.0,0.0,0.0,0.0,0.0,0.0,0.0,,,,,,,
-0.008606379851698875,mappo,0.0049940175376832485,0.81633061170578,0.0009927975991997334,24.0,,,,,,,,,,,,,,0.0,,,,,0.01126047782599926,0.006666666828095913
,mappo,,,,24.0,0.0,0.0,0.3333333432674408,0.0,0.0,0.0,0.3333333432674408,0.0,0.0,0.0,0.0,0.0,0.0,,,,,,,
-0.01763761043548584,mappo,0.000851669698022306,0.7914201021194458,0.0009924974991663887,25.0,,,,,,,,,,,,,,0.0,,,,,0.011258020997047424,0.0
,mappo,,,,25.0,0.0,0.0,0.0,0.0,0.0,0.0,0.0,0.0,0.0,0.0,0.0,0.0,0.0,,,,,,,
-0.0035650155041366816,mappo,2.7867190510733053e-05,0.7758672833442688,0.0009921973991330443,26.0,,,,,,,,,,,,,,0.0,,,,,0.011084573343396187,0.0
,mappo,,,,26.0,0.0,0.0,0.0,0.0,0.0,0.0,0.0,0.0,0.0,0.0,0.0,0.0,0.0,,,,,,,
-0.0003857892006635666,mappo,0.004491578787565231,0.777455747127533,0.0009918972990997,27.0,,,,,,,,,,,,,,0.0,,,,,0.011749600991606712,0.006666666828095913
,mappo,,,,27.0,0.0,0.0,0.3333333432674408,0.0,0.0,0.0,0.3333333432674408,0.0,0.0,0.0,0.0,0.0,0.0,,,,,,,
-0.006012173369526863,mappo,0.0025143420789390802,0.780680239200592,0.0009915971990663555,28.0,,,,,,,,,,,,,,0.0,,,,,0.011040175333619118,0.006666666828095913
,mappo,,,,28.0,0.0,0.0,0.3333333432674408,0.0,0.0,0.0,0.3333333432674408,0.0,0.0,0.0,0.0,0.0,0.0,,,,,,,
-0.0025719250552356243,mappo,0.002816923661157489,0.7866407036781311,0.000991297099033011,29.0,,,,,,,,,,,,,,0.0,,,,,0.011210122145712376,0.006666666828095913
,mappo,,,,29.0,0.0,0.0,0.3333333432674408,0.0,0.0,0.0,0.3333333432674408,0.0,0.0,0.0,0.0,0.0,0.0,,,,,,,
-0.0029454415198415518,mappo,7.757070125080645e-05,0.7857837677001953,0.0009909969989996665,30.0,,,,,,,,,,,,,,0.0,,,,,0.010769931599497795,0.0
,mappo,,,,30.0,0.0,0.0,0.0,0.0,0.0,0.0,0.0,0.0,0.0,0.0,0.0,0.0,0.0,,,,,,,
-0.0022811873350292444,mappo,0.00023714813869446516,0.7892287373542786,0.000990696898966322,31.0,,,,,,,,,,,,,,0.0,,,,,0.010830884799361229,0.006666666828095913
,mappo,,,,31.0,0.0,0.0,0.3333333432674408,0.0,0.0,0.0,0.3333333432674408,0.0,0.0,0.0,0.0,0.0,0.0,,,,,,,
-0.002182397060096264,mappo,0.00039001298137009144,0.7832171320915222,0.0009903967989329777,32.0,,,,,,,,,,,,,,0.0,,,,,0.011624523438513279,0.006666666828095913
,mappo,,,,32.0,0.0,0.0,0.3333333432674408,0.0,0.0,0.0,0.3333333432674408,0.0,0.0,0.0,0.0,0.0,0.0,,,,,,,
-0.015648161992430687,mappo,3.744787318282761e-05,0.7793245315551758,0.0009900966988996333,33.0,,,,,,,,,,,,,,0.0,,,,,0.011590668000280857,0.006666666828095913
,mappo,,,,33.0,0.0,0.0,0.3333333432674408,0.0,0.0,0.0,0.3333333432674408,0.0,0.0,0.0,0.0,0.0,0.0,,,,,,,
2.653250703588128e-05,mappo,8.562632865505293e-05,0.781616747379303,0.0009897965988662888,34.0,,,,,,,,,,,,,,0.0,,,,,0.01194247417151928,0.006666666828095913
,mappo,,,,34.0,0.0,0.0,0.3333333432674408,0.0,0.0,0.0,0.3333333432674408,0.0,0.0,0.0,0.0,0.0,0.0,,,,,,,
-0.016524692997336388,mappo,1.873043402156327e-05,0.78339022397995,0.0009894964988329444,35.0,,,,,,,,,,,,,,0.0,,,,,0.011699724942445755,0.006666666828095913
,mappo,,,,35.0,0.0,0.0,0.3333333432674408,0.0,0.0,0.0,0.3333333432674408,0.0,0.0,0.0,0.0,0.0,0.0,,,,,,,
-0.001760157523676753,mappo,0.00022451586846727878,0.7796745896339417,0.0009891963987995998,36.0,,,,,,,,,,,,,,0.0,,,,,0.012878280133008957,0.006666666828095913
,mappo,,,,36.0,0.0,0.0,0.3333333432674408,0.0,0.0,0.0,0.3333333432674408,0.0,0.0,0.0,0.0,0.0,0.0,,,,,,,
-0.006994364317506552,mappo,4.0746512240730226e-05,0.7780942916870117,0.0009888962987662554,37.0,,,,,,,,,,,,,,0.0,,,,,0.012744802981615067,0.0
,mappo,,,,37.0,0.0,0.0,0.0,0.0,0.0,0.0,0.0,0.0,0.0,0.0,0.0,0.0,0.0,,,,,,,
-0.0056419069878757,mappo,0.00014421402011066675,0.780552327632904,0.000988596198732911,38.0,,,,,,,,,,,,,,0.0,,,,,0.013167327269911766,0.006666666828095913
,mappo,,,,38.0,0.0,0.0,0.3333333432674408,0.0,0.0,0.0,0.3333333432674408,0.0,0.0,0.0,0.0,0.0,0.0,,,,,,,
-0.0021492093801498413,mappo,4.338752114563249e-05,0.7724846601486206,0.0009882960986995666,39.0,,,,,,,,,,,,,,0.0,,,,,0.013226947747170925,0.006666666828095913
,mappo,,,,39.0,0.0,0.0,0.3333333432674408,0.0,0.0,0.0,0.3333333432674408,0.0,0.0,0.0,0.0,0.0,0.0,,,,,,,
-0.010523896664381027,mappo,2.0365081581985578e-05,0.7658547759056091,0.0009879959986662222,40.0,,,,,,,,,,,,,,0.0,,,,,0.012485653162002563,0.006666666828095913
,mappo,,,,40.0,0.0,0.0,0.3333333432674408,0.0,0.0,0.0,0.3333333432674408,0.0,0.0,0.0,0.0,0.0,0.0,,,,,,,
-0.005186694208532572,mappo,0.00010952811862807721,0.7496405243873596,0.0009876958986328776,41.0,,,,,,,,,,,,,,0.0,,,,,0.012257374823093414,0.0
,mappo,,,,41.0,0.0,0.0,0.0,0.0,0.0,0.0,0.0,0.0,0.0,0.0,0.0,0.0,0.0,,,,,,,
-0.009162741713225842,mappo,3.194835517206229e-05,0.7364715337753296,0.0009873957985995331,42.0,,,,,,,,,,,,,,0.0,,,,,0.013508417643606663,0.0
,mappo,,,,42.0,0.0,0.0,0.0,0.0,0.0,0.0,0.0,0.0,0.0,0.0,0.0,0.0,0.0,,,,,,,
-0.011424785479903221,mappo,0.0001614404609426856,0.7243526577949524,0.0009870956985661887,43.0,,,,,,,,,,,,,,0.0,,,,,0.013180666603147984,0.0
,mappo,,,,43.0,0.0,0.0,0.0,0.0,0.0,0.0,0.0,0.0,0.0,0.0,0.0,0.0,0.0,,,,,,,
-0.013637727126479149,mappo,0.00014277057198341936,0.7129994630813599,0.0009867955985328443,44.0,,,,,,,,,,,,,,0.0,,,,,0.01329993549734354,0.0
,mappo,,,,44.0,0.0,0.0,0.0,0.0,0.0,0.0,0.0,0.0,0.0,0.0,0.0,0.0,0.0,,,,,,,
0.0016534400638192892,mappo,0.00028750981437042356,0.7142733335494995,0.0009864954984995,45.0,,,,,,,,,,,,,,0.0,,,,,0.014131151139736176,0.0
,mappo,,,,45.0,0.0,0.0,0.0,0.0,0.0,0.0,0.0,0.0,0.0,0.0,0.0,0.0,0.0,,,,,,,
-0.0025615247432142496,mappo,0.00012836011592298746,0.730390727519989,0.0009861953984661555,46.0,,,,,,,,,,,,,,0.0,,,,,0.014003224670886993,0.0
,mappo,,,,46.0,0.0,0.0,0.0,0.0,0.0,0.0,0.0,0.0,0.0,0.0,0.0,0.0,0.0,,,,,,,
-0.0011161393485963345,mappo,0.00020045795827172697,0.7362970113754272,0.0009858952984328109,47.0,,,,,,,,,,,,,,0.0,,,,,0.014063429087400436,0.0
,mappo,,,,47.0,0.0,0.0,0.0,0.0,0.0,0.0,0.0,0.0,0.0,0.0,0.0,0.0,0.0,,,,,,,
0.003073161467909813,mappo,7.916451431810856e-05,0.7391009330749512,0.0009855951983994665,48.0,,,,,,,,,,,,,,0.0,,,,,0.014881771057844162,0.0
,mappo,,,,48.0,0.0,0.0,0.0,0.0,0.0,0.0,0.0,0.0,0.0,0.0,0.0,0.0,0.0,,,,,,,
-0.006284278817474842,mappo,0.0001170638861367479,0.7438921928405762,0.000985295098366122,49.0,,,,,,,,,,,,,,0.0,,,,,0.014922015368938446,0.0
,mappo,,,,49.0,0.0,0.0,0.0,0.0,0.0,0.0,0.0,0.0,0.0,0.0,0.0,0.0,0.0,,,,,,,
-0.0018413318321108818,mappo,5.757319740951061e-05,0.7468869090080261,0.0009849949983327777,50.0,,,,,,,,,,,,,,0.0,,,,,0.01464458554983139,0.0
,mappo,,,,50.0,0.0,0.0,0.0,0.0,0.0,0.0,0.0,0.0,0.0,0.0,0.0,0.0,0.0,,,,,,,
-0.004550987388938665,mappo,9.51003676163964e-05,0.7576611638069153,0.0009846948982994333,51.0,,,,,,,,,,,,,,0.0,,,,,0.014853311702609062,0.0
,mappo,,,,51.0,0.0,0.0,0.0,0.0,0.0,0.0,0.0,0.0,0.0,0.0,0.0,0.0,0.0,,,,,,,
0.003092176280915737,mappo,4.958551289746538e-05,0.7740198969841003,0.0009843947982660886,52.0,,,,,,,,,,,,,,0.0,,,,,0.015098228119313717,0.0
,mappo,,,,52.0,0.0,0.0,0.0,0.0,0.0,0.0,0.0,0.0,0.0,0.0,0.0,0.0,0.0,,,,,,,
-0.0024832026101648808,mappo,5.564820094150491e-05,0.7889814376831055,0.0009840946982327442,53.0,,,,,,,,,,,,,,0.0,,,,,0.015678251162171364,0.0
,mappo,,,,53.0,0.0,0.0,0.0,0.0,0.0,0.0,0.0,0.0,0.0,0.0,0.0,0.0,0.0,,,,,,,
-0.0051449681632220745,mappo,4.2406398279126734e-05,0.7958065271377563,0.0009837945981993998,54.0,,,,,,,,,,,,,,0.0,,,,,0.01597069948911667,0.0
,mappo,,,,54.0,0.0,0.0,0.0,0.0,0.0,0.0,0.0,0.0,0.0,0.0,0.0,0.0,0.0,,,,,,,
-0.004590410739183426,mappo,3.603287404985167e-05,0.8137913942337036,0.0009834944981660554,55.0,,,,,,,,,,,,,,0.0,,,,,0.016197677701711655,0.0
,mappo,,,,55.0,0.0,0.0,0.0,0.0,0.0,0.0,0.0,0.0,0.0,0.0,0.0,0.0,0.0,,,,,,,
-0.0029339438769966364,mappo,4.375384742161259e-05,0.8221774697303772,0.000983194398132711,56.0,,,,,,,,,,,,,,0.0,,,,,0.016494832932949066,0.0
,mappo,,,,56.0,0.0,0.0,0.0,0.0,0.0,0.0,0.0,0.0,0.0,0.0,0.0,0.0,0.0,,,,,,,
-0.00227630534209311,mappo,3.7120178603800014e-05,0.8242172598838806,0.0009828942980993664,57.0,,,,,,,,,,,,,,0.0,,,,,0.016360871493816376,0.0
,mappo,,,,57.0,0.0,0.0,0.0,0.0,0.0,0.0,0.0,0.0,0.0,0.0,0.0,0.0,0.0,,,,,,,
-0.0015294244512915611,mappo,2.971958565467503e-05,0.8296424150466919,0.000982594198066022,58.0,,,,,,,,,,,,,,0.0,,,,,0.016444317996501923,0.0
,mappo,,,,58.0,0.0,0.0,0.0,0.0,0.0,0.0,0.0,0.0,0.0,0.0,0.0,0.0,0.0,,,,,,,
-0.00034289807081222534,mappo,2.7727197448257357e-05,0.8348799347877502,0.0009822940980326776,59.0,,,,,,,,,,,,,,0.0,,,,,0.016322195529937744,0.0
,mappo,,,,59.0,0.0,0.0,0.0,0.0,0.0,0.0,0.0,0.0,0.0,0.0,0.0,0.0,0.0,,,,,,,
-0.006299376953393221,mappo,2.3116055672289804e-05,0.8383665084838867,0.0009819939979993331,60.0,,,,,,,,,,,,,,0.0,,,,,0.016216889023780823,0.0
,mappo,,,,60.0,0.0,0.0,0.0,0.0,0.0,0.0,0.0,0.0,0.0,0.0,0.0,0.0,0.0,,,,,,,
-0.005402573850005865,mappo,3.7132460420252755e-05,0.8415182828903198,0.0009816938979659887,61.0,,,,,,,,,,,,,,0.0,,,,,0.017333392053842545,0.0
,mappo,,,,61.0,0.0,0.0,0.0,0.0,0.0,0.0,0.0,0.0,0.0,0.0,0.0,0.0,0.0,,,,,,,
0.004012527409940958,mappo,2.445442441967316e-05,0.8509076833724976,0.0009813937979326443,62.0,,,,,,,,,,,,,,0.0,,,,,0.017335999757051468,0.0
,mappo,,,,62.0,0.0,0.0,0.0,0.0,0.0,0.0,0.0,0.0,0.0,0.0,0.0,0.0,0.0,,,,,,,
-0.003278158139437437,mappo,2.7318019419908524e-05,0.8357653021812439,0.0009810936978992997,63.0,,,,,,,,,,,,,,0.0,,,,,0.017058856785297394,0.0
,mappo,,,,63.0,0.0,0.0,0.0,0.0,0.0,0.0,0.0,0.0,0.0,0.0,0.0,0.0,0.0,,,,,,,
-0.006453584413975477,mappo,2.5972181902034208e-05,0.8038955926895142,0.0009807935978659553,64.0,,,,,,,,,,,,,,0.0,,,,,0.01723383739590645,0.0
,mappo,,,,64.0,0.0,0.0,0.0,0.0,0.0,0.0,0.0,0.0,0.0,0.0,0.0,0.0,0.0,,,,,,,
-0.004160002339631319,mappo,2.627048706926871e-05,0.7907907962799072,0.0009804934978326109,65.0,,,,,,,,,,,,,,0.0,,,,,0.01689203269779682,0.0
,mappo,,,,65.0,0.0,0.0,0.0,0.0,0.0,0.0,0.0,0.0,0.0,0.0,0.0,0.0,0.0,,,,,,,
-0.005262420978397131,mappo,1.1789540621975902e-05,0.8026406764984131,0.0009801933977992665,66.0,,,,,,,,,,,,,,0.0,,,,,0.016711125150322914,0.0
,mappo,,,,66.0,0.0,0.0,0.0,0.0,0.0,0.0,0.0,0.0,0.0,0.0,0.0,0.0,0.0,,,,,,,
-0.010132025927305222,mappo,1.0810196727106813e-05,0.827553391456604,0.000979893297765922,67.0,,,,,,,,,,,,,,0.0,,,,,0.01673923246562481,0.0
,mappo,,,,67.0,0.0,0.0,0.0,0.0,0.0,0.0,0.0,0.0,0.0,0.0,0.0,0.0,0.0,,,,,,,
-0.0028531718999147415,mappo,4.271636498742737e-06,0.8509051203727722,0.0009795931977325774,68.0,,,,,,,,,,,,,,0.0,,,,,0.016202181577682495,0.0
,mappo,,,,68.0,0.0,0.0,0.0,0.0,0.0,0.0,0.0,0.0,0.0,0.0,0.0,0.0,0.0,,,,,,,
-0.003422452136874199,mappo,6.978325473028235e-06,0.8656826019287109,0.000979293097699233,69.0,,,,,,,,,,,,,,0.0,,,,,0.01667925715446472,0.0
,mappo,,,,69.0,0.0,0.0,0.0,0.0,0.0,0.0,0.0,0.0,0.0,0.0,0.0,0.0,0.0,,,,,,,
0.0013819331070408225,mappo,5.246945875114761e-06,0.8786138892173767,0.0009789929976658886,70.0,,,,,,,,,,,,,,0.0,,,,,0.016814187169075012,0.0
,mappo,,,,70.0,0.0,0.0,0.0,0.0,0.0,0.0,0.0,0.0,0.0,0.0,0.0,0.0,0.0,,,,,,,
-0.012436906807124615,mappo,5.859501015947899e-06,0.8829211592674255,0.0009786928976325442,71.0,,,,,,,,,,,,,,0.0,,,,,0.016535218805074692,0.0
,mappo,,,,71.0,0.0,0.0,0.0,0.0,0.0,0.0,0.0,0.0,0.0,0.0,0.0,0.0,0.0,,,,,,,
-0.005350504536181688,mappo,9.558265446685255e-06,0.8787474632263184,0.0009783927975991998,72.0,,,,,,,,,,,,,,0.0,,,,,0.016933219507336617,0.0
,mappo,,,,72.0,0.0,0.0,0.0,0.0,0.0,0.0,0.0,0.0,0.0,0.0,0.0,0.0,0.0,,,,,,,
0.0005103783332742751,mappo,1.3109833162161522e-05,0.8771489262580872,0.0009780926975658554,73.0,,,,,,,,,,,,,,0.0,,,,,0.01660601980984211,0.0
,mappo,,,,73.0,0.0,0.0,0.0,0.0,0.0,0.0,0.0,0.0,0.0,0.0,0.0,0.0,0.0,,,,,,,
-0.0023960929829627275,mappo,1.115126178774517e-05,0.874184250831604,0.0009777925975325108,74.0,,,,,,,,,,,,,,0.0,,,,,0.016397051513195038,0.0
,mappo,,,,74.0,0.0,0.0,0.0,0.0,0.0,0.0,0.0,0.0,0.0,0.0,0.0,0.0,0.0,,,,,,,
-0.004355453886091709,mappo,1.2561432413349394e-05,0.8623389601707458,0.0009774924974991664,75.0,,,,,,,,,,,,,,0.0,,,,,0.015945881605148315,0.0
,mappo,,,,75.0,0.0,0.0,0.0,0.0,0.0,0.0,0.0,0.0,0.0,0.0,0.0,0.0,0.0,,,,,,,
-0.006799536757171154,mappo,6.8950694185332395e-06,0.8505560159683228,0.000977192397465822,76.0,,,,,,,,,,,,,,0.0,,,,,0.0160690750926733,0.0
,mappo,,,,76.0,0.0,0.0,0.0,0.0,0.0,0.0,0.0,0.0,0.0,0.0,0.0,0.0,0.0,,,,,,,
-0.004568022675812244,mappo,4.2065516936418135e-06,0.8530898094177246,0.0009768922974324776,77.0,,,,,,,,,,,,,,0.0,,,,,0.01587582379579544,0.0
,mappo,,,,77.0,0.0,0.0,0.0,0.0,0.0,0.0,0.0,0.0,0.0,0.0,0.0,0.0,0.0,,,,,,,
-0.0007494657766073942,mappo,6.370139999489766e-06,0.8459266424179077,0.0009765921973991331,78.0,,,,,,,,,,,,,,0.0,,,,,0.01613510772585869,0.0
,mappo,,,,78.0,0.0,0.0,0.0,0.0,0.0,0.0,0.0,0.0,0.0,0.0,0.0,0.0,0.0,,,,,,,
-0.0023468586150556803,mappo,2.1511521026695846e-06,0.8468886017799377,0.0009762920973657886,79.0,,,,,,,,,,,,,,0.0,,,,,0.016095347702503204,0.0
,mappo,,,,79.0,0.0,0.0,0.0,0.0,0.0,0.0,0.0,0.0,0.0,0.0,0.0,0.0,0.0,,,,,,,
-0.0017499566311016679,mappo,2.8650281365116825e-06,0.8578196167945862,0.0009759919973324441,80.0,,,,,,,,,,,,,,0.0,,,,,0.01641656830906868,0.0
,mappo,,,,80.0,0.0,0.0,0.0,0.0,0.0,0.0,0.0,0.0,0.0,0.0,0.0,0.0,0.0,,,,,,,
-0.010075907222926617,mappo,1.6589683582424186e-06,0.856502890586853,0.0009756918972990997,81.0,,,,,,,,,,,,,,0.0,,,,,0.01623481698334217,0.0
,mappo,,,,81.0,0.0,0.0,0.0,0.0,0.0,0.0,0.0,0.0,0.0,0.0,0.0,0.0,0.0,,,,,,,
0.00030328118009492755,mappo,3.8257862797763664e-06,0.8554085493087769,0.0009753917972657553,82.0,,,,,,,,,,,,,,0.0,,,,,0.015744464471936226,0.0
,mappo,,,,82.0,0.0,0.0,0.0,0.0,0.0,0.0,0.0,0.0,0.0,0.0,0.0,0.0,0.0,,,,,,,
-0.002033683704212308,mappo,2.7357052658771863e-06,0.857175886631012,0.0009750916972324108,83.0,,,,,,,,,,,,,,0.0,,,,,0.015033590607345104,0.0
,mappo,,,,83.0,0.0,0.0,0.0,0.0,0.0,0.0,0.0,0.0,0.0,0.0,0.0,0.0,0.0,,,,,,,
-0.005563017446547747,mappo,3.566833811419201e-06,0.8642085790634155,0.0009747915971990664,84.0,,,,,,,,,,,,,,0.0,,,,,0.01522976066917181,0.0
,mappo,,,,84.0,0.0,0.0,0.0,0.0,0.0,0.0,0.0,0.0,0.0,0.0,0.0,0.0,0.0,,,,,,,
0.0022581990342587233,mappo,5.82853374453407e-07,0.8770495653152466,0.000974491497165722,85.0,,,,,,,,,,,,,,0.0,,,,,0.014271881431341171,0.0
,mappo,,,,85.0,0.0,0.0,0.0,0.0,0.0,0.0,0.0,0.0,0.0,0.0,0.0,0.0,0.0,,,,,,,
-0.005993303377181292,mappo,1.3681709560842137e-06,0.889369785785675,0.0009741913971323774,86.0,,,,,,,,,,,,,,0.0,,,,,0.014889196492731571,0.0
,mappo,,,,86.0,0.0,0.0,0.0,0.0,0.0,0.0,0.0,0.0,0.0,0.0,0.0,0.0,0.0,,,,,,,
-0.0019856137223541737,mappo,2.0740599211421795e-06,0.9036210179328918,0.000973891297099033,87.0,,,,,,,,,,,,,,0.0,,,,,0.01556138414889574,0.0
,mappo,,,,87.0,0.0,0.0,0.0,0.0,0.0,0.0,0.0,0.0,0.0,0.0,0.0,0.0,0.0,,,,,,,
-0.0009529568487778306,mappo,1.7925276551977731e-06,0.9122591018676758,0.0009735911970656886,88.0,,,,,,,,,,,,,,0.0,,,,,0.0159571785479784,0.0
,mappo,,,,88.0,0.0,0.0,0.0,0.0,0.0,0.0,0.0,0.0,0.0,0.0,0.0,0.0,0.0,,,,,,,
-0.0024305821862071753,mappo,8.795749408818665e-07,0.9121082425117493,0.0009732910970323441,89.0,,,,,,,,,,,,,,0.0,,,,,0.015695352107286453,0.0
,mappo,,,,89.0,0.0,0.0,0.0,0.0,0.0,0.0,0.0,0.0,0.0,0.0,0.0,0.0,0.0,,,,,,,
-0.0035066050477325916,mappo,1.1817382983281277e-06,0.920154333114624,0.0009729909969989997,90.0,,,,,,,,,,,,,,0.0,,,,,0.015523422509431839,0.0
,mappo,,,,90.0,0.0,0.0,0.0,0.0,0.0,0.0,0.0,0.0,0.0,0.0,0.0,0.0,0.0,,,,,,,
-0.0047311242669820786,mappo,1.7876055835586158e-06,0.9323307275772095,0.0009726908969656552,91.0,,,,,,,,,,,,,,0.0,,,,,0.015301954932510853,0.0
,mappo,,,,91.0,0.0,0.0,0.0,0.0,0.0,0.0,0.0,0.0,0.0,0.0,0.0,0.0,0.0,,,,,,,
-0.005525408778339624,mappo,4.6596373977081385e-06,0.9464530348777771,0.0009723907969323108,92.0,,,,,,,,,,,,,,0.0,,,,,0.014647325500845909,0.0
,mappo,,,,92.0,0.0,0.0,0.0,0.0,0.0,0.0,0.0,0.0,0.0,0.0,0.0,0.0,0.0,,,,,,,
-0.00016130920266732574,mappo,4.088474270247389e-06,0.9530506134033203,0.0009720906968989664,93.0,,,,,,,,,,,,,,0.0,,,,,0.014802716672420502,0.0
,mappo,,,,93.0,0.0,0.0,0.0,0.0,0.0,0.0,0.0,0.0,0.0,0.0,0.0,0.0,0.0,,,,,,,
-0.004444960970431566,mappo,1.8476717968951561e-06,0.9429091215133667,0.0009717905968656219,94.0,,,,,,,,,,,,,,0.0,,,,,0.01463109627366066,0.0
,mappo,,,,94.0,0.0,0.0,0.0,0.0,0.0,0.0,0.0,0.0,0.0,0.0,0.0,0.0,0.0,,,,,,,
-0.005964822135865688,mappo,9.366053745907266e-07,0.9355645775794983,0.0009714904968322775,95.0,,,,,,,,,,,,,,0.0,,,,,0.015172058716416359,0.0
,mappo,,,,95.0,0.0,0.0,0.0,0.0,0.0,0.0,0.0,0.0,0.0,0.0,0.0,0.0,0.0,,,,,,,
-0.0033375995699316263,mappo,1.0314009841749794e-06,0.9282084107398987,0.000971190396798933,96.0,,,,,,,,,,,,,,0.0,,,,,0.014480959624052048,0.0
,mappo,,,,96.0,0.0,0.0,0.0,0.0,0.0,0.0,0.0,0.0,0.0,0.0,0.0,0.0,0.0,,,,,,,
-0.004850427154451609,mappo,8.87059570686688e-07,0.9267318844795227,0.0009708902967655885,97.0,,,,,,,,,,,,,,0.0,,,,,0.013944212347269058,0.0
,mappo,,,,97.0,0.0,0.0,0.0,0.0,0.0,0.0,0.0,0.0,0.0,0.0,0.0,0.0,0.0,,,,,,,
-0.0039896536618471146,mappo,2.1766611553175608e-06,0.9213197827339172,0.0009705901967322441,98.0,,,,,,,,,,,,,,0.0,,,,,0.013530770316720009,0.0
,mappo,,,,98.0,0.0,0.0,0.0,0.0,0.0,0.0,0.0,0.0,0.0,0.0,0.0,0.0,0.0,,,,,,,
-0.001809492940083146,mappo,7.42186671232048e-07,0.9192732572555542,0.0009702900966988997,99.0,,,,,,,,,,,,,,0.0,,,,,0.014102215878665447,0.0
,mappo,,,,99.0,0.0,0.0,0.0,0.0,0.0,0.0,0.0,0.0,0.0,0.0,0.0,0.0,0.0,,,,,,,
,mappo,,,,99.0,,,,,,,,,,,,,,,0.0,0.0,0.0,0.0,,
-0.0038359509781003,mappo,4.881903237219376e-07,0.9148856401443481,0.0009699899966655552,100.0,,,,,,,,,,,,,,0.0,,,,,0.013145416975021362,0.0
,mappo,,,,100.0,0.0,0.0,0.0,0.0,0.0,0.0,0.0,0.0,0.0,0.0,0.0,0.0,0.0,,,,,,,
-0.0017751839477568865,mappo,8.126772286232153e-07,0.9168546795845032,0.0009696898966322108,101.0,,,,,,,,,,,,,,0.0,,,,,0.01316393818706274,0.0
,mappo,,,,101.0,0.0,0.0,0.0,0.0,0.0,0.0,0.0,0.0,0.0,0.0,0.0,0.0,0.0,,,,,,,
-0.00580066442489624,mappo,0.002209656871855259,0.9196755886077881,0.0009693897965988663,102.0,,,,,,,,,,,,,,0.0,,,,,0.01278217975050211,0.006666666828095913
,mappo,,,,102.0,0.0,0.0,0.3333333432674408,0.0,0.0,0.0,0.3333333432674408,0.0,0.0,0.0,0.0,0.0,0.0,,,,,,,
-0.0039161029271781445,mappo,0.0014977677492424846,0.9280276298522949,0.0009690896965655219,103.0,,,,,,,,,,,,,,0.0,,,,,0.013489878736436367,0.006666666828095913
,mappo,,,,103.0,0.0,0.0,0.3333333432674408,0.0,0.0,0.0,0.3333333432674408,0.0,0.0,0.0,0.0,0.0,0.0,,,,,,,
-0.008062290959060192,mappo,0.0003796243981923908,0.941490888595581,0.0009687895965321775,104.0,,,,,,,,,,,,,,0.0,,,,,0.012468475848436356,0.0
,mappo,,,,104.0,0.0,0.0,0.0,0.0,0.0,0.0,0.0,0.0,0.0,0.0,0.0,0.0,0.0,,,,,,,
-0.004786413628607988,mappo,0.0005979666602797806,0.9484771490097046,0.0009684894964988329,105.0,,,,,,,,,,,,,,0.0,,,,,0.012751191854476929,0.0
,mappo,,,,105.0,0.0,0.0,0.0,0.0,0.0,0.0,0.0,0.0,0.0,0.0,0.0,0.0,0.0,,,,,,,
-0.0039201341569423676,mappo,0.0002013802295550704,0.9512406587600708,0.0009681893964654885,106.0,,,,,,,,,,,,,,0.0,,,,,0.01268729567527771,0.0
,mappo,,,,106.0,0.0,0.0,0.0,0.0,0.0,0.0,0.0,0.0,0.0,0.0,0.0,0.0,0.0,,,,,,,
-0.00490035954862833,mappo,0.0003367238095961511,0.9434826374053955,0.0009678892964321441,107.0,,,,,,,,,,,,,,0.0,,,,,0.012871422804892063,0.0
,mappo,,,,107.0,0.0,0.0,0.0,0.0,0.0,0.0,0.0,0.0,0.0,0.0,0.0,0.0,0.0,,,,,,,
-0.0023307912051677704,mappo,0.000908046611584723,0.9327749609947205,0.0009675891963987996,108.0,,,,,,,,,,,,,,0.0,,,,,0.011913021095097065,0.006666666828095913
,mappo,,,,108.0,0.0,0.0,0.3333333432674408,0.0,0.0,0.0,0.3333333432674408,0.0,0.0,0.0,0.0,0.0,0.0,,,,,,,
-0.002131175249814987,mappo,0.0003232112794648856,0.9371256232261658,0.0009672890963654552,109.0,,,,,,,,,,,,,,0.0,,,,,0.012269411236047745,0.0
,mappo,,,,109.0,0.0,0.0,0.0,0.0,0.0,0.0,0.0,0.0,0.0,0.0,0.0,0.0,0.0,,,,,,,
-0.004618952516466379,mappo,0.00010480813944013789,0.9312544465065002,0.0009669889963321107,110.0,,,,,,,,,,,,,,0.0,,,,,0.012542368844151497,0.0
,mappo,,,,110.0,0.0,0.0,0.0,0.0,0.0,0.0,0.0,0.0,0.0,0.0,0.0,0.0,0.0,,,,,,,
-0.0013637427473440766,mappo,2.6006293410318904e-05,0.9221978783607483,0.0009666888962987663,111.0,,,,,,,,,,,,,,0.0,,,,,0.012425260618329048,0.0
,mappo,,,,111.0,0.0,0.0,0.0,0.0,0.0,0.0,0.0,0.0,0.0,0.0,0.0,0.0,0.0,,,,,,,
-0.0023463726975023746,mappo,2.7736718038795516e-05,0.9129238724708557,0.0009663887962654219,112.0,,,,,,,,,,,,,,0.0,,,,,0.011992343701422215,0.0
,mappo,,,,112.0,0.0,0.0,0.0,0.0,0.0,0.0,0.0,0.0,0.0,0.0,0.0,0.0,0.0,,,,,,,
-0.005182333290576935,mappo,2.0726141883642413e-05,0.9020810723304749,0.0009660886962320773,113.0,,,,,,,,,,,,,,0.0,,,,,0.012192212045192719,0.0
,mappo,,,,113.0,0.0,0.0,0.0,0.0,0.0,0.0,0.0,0.0,0.0,0.0,0.0,0.0,0.0,,,,,,,
-0.0028105981182307005,mappo,1.4656439816462807e-05,0.8963906764984131,0.0009657885961987329,114.0,,,,,,,,,,,,,,0.0,,,,,0.012126426212489605,0.0
,mappo,,,,114.0,0.0,0.0,0.0,0.0,0.0,0.0,0.0,0.0,0.0,0.0,0.0,0.0,0.0,,,,,,,
-0.0023979926481842995,mappo,0.0016713710501790047,0.8913719654083252,0.0009654884961653885,115.0,,,,,,,,,,,,,,0.0,,,,,0.01252526231110096,0.006666666828095913
,mappo,,,,115.0,0.0,0.0,0.3333333432674408,0.0,0.0,0.0,0.3333333432674408,0.0,0.0,0.0,0.0,0.0,0.0,,,,,,,
-0.003949245437979698,mappo,0.000469156657345593,0.8998844623565674,0.000965188396132044,116.0,,,,,,,,,,,,,,0.0,,,,,0.013328777626156807,0.0
,mappo,,,,116.0,0.0,0.0,0.0,0.0,0.0,0.0,0.0,0.0,0.0,0.0,0.0,0.0,0.0,,,,,,,
-0.0057375761680305,mappo,3.872607703669928e-05,0.9094443917274475,0.0009648882960986996,117.0,,,,,,,,,,,,,,0.0,,,,,0.013181683607399464,0.0
,mappo,,,,117.0,0.0,0.0,0.0,0.0,0.0,0.0,0.0,0.0,0.0,0.0,0.0,0.0,0.0,,,,,,,
-0.007165768649429083,mappo,0.001218213583342731,0.9125760793685913,0.0009645881960653551,118.0,,,,,,,,,,,,,,0.0,,,,,0.013027438893914223,0.006666666828095913
,mappo,,,,118.0,0.0,0.0,0.3333333432674408,0.0,0.0,0.0,0.3333333432674408,0.0,0.0,0.0,0.0,0.0,0.0,,,,,,,
-0.01020392868667841,mappo,0.0006204679375514388,0.926647961139679,0.0009642880960320107,119.0,,,,,,,,,,,,,,0.0,,,,,0.013081025332212448,0.006666666828095913
,mappo,,,,119.0,0.0,0.0,0.3333333432674408,0.0,0.0,0.0,0.3333333432674408,0.0,0.0,0.0,0.0,0.0,0.0,,,,,,,
-0.0025521127972751856,mappo,0.00019617682846728712,0.9429312944412231,0.0009639879959986663,120.0,,,,,,,,,,,,,,0.0,,,,,0.013190912082791328,0.006666666828095913
,mappo,,,,120.0,0.0,0.0,0.3333333432674408,0.0,0.0,0.0,0.3333333432674408,0.0,0.0,0.0,0.0,0.0,0.0,,,,,,,
-0.009702417068183422,mappo,6.991561531322077e-05,0.9547929763793945,0.0009636878959653218,121.0,,,,,,,,,,,,,,0.0,,,,,0.012895537540316582,0.006666666828095913
,mappo,,,,121.0,0.0,0.0,0.3333333432674408,0.0,0.0,0.0,0.3333333432674408,0.0,0.0,0.0,0.0,0.0,0.0,,,,,,,
0.0002279421896673739,mappo,7.750040822429582e-05,0.9550577998161316,0.0009633877959319773,122.0,,,,,,,,,,,,,,0.0,,,,,0.013794660568237305,0.006666666828095913
,mappo,,,,122.0,0.0,0.0,0.3333333432674408,0.0,0.0,0.0,0.3333333432674408,0.0,0.0,0.0,0.0,0.0,0.0,,,,,,,
-0.005096882116049528,mappo,5.495023287949152e-05,0.9458271265029907,0.0009630876958986329,123.0,,,,,,,,,,,,,,0.0,,,,,0.013933545909821987,0.006666666828095913
,mappo,,,,123.0,0.0,0.0,0.3333333432674408,0.0,0.0,0.0,0.3333333432674408,0.0,0.0,0.0,0.0,0.0,0.0,,,,,,,
-0.0005039052339270711,mappo,1.5452551451744512e-05,0.9389239549636841,0.0009627875958652884,124.0,,,,,,,,,,,,,,0.0,,,,,0.012871266342699528,0.006666666828095913
,mappo,,,,124.0,0.0,0.0,0.3333333432674408,0.0,0.0,0.0,0.3333333432674408,0.0,0.0,0.0,0.0,0.0,0.0,,,,,,,
-0.0011019498342648149,mappo,7.241519597300794e-06,0.9450909495353699,0.000962487495831944,125.0,,,,,,,,,,,,,,0.0,,,,,0.013342862948775291,0.006666666828095913
,mappo,,,,125.0,0.0,0.0,0.3333333432674408,0.0,0.0,0.0,0.3333333432674408,0.0,0.0,0.0,0.0,0.0,0.0,,,,,,,
-0.00372292916290462,mappo,2.4306951672770083e-05,0.9426172971725464,0.0009621873957985996,126.0,,,,,,,,,,,,,,0.0,,,,,0.013593826442956924,0.006666666828095913
,mappo,,,,126.0,0.0,0.0,0.3333333432674408,0.0,0.0,0.0,0.3333333432674408,0.0,0.0,0.0,0.0,0.0,0.0,,,,,,,
-0.0030442564748227596,mappo,6.737423063896131e-06,0.9244017601013184,0.0009618872957652551,127.0,,,,,,,,,,,,,,0.0,,,,,0.012716935016214848,0.006666666828095913
,mappo,,,,127.0,0.0,0.0,0.3333333432674408,0.0,0.0,0.0,0.3333333432674408,0.0,0.0,0.0,0.0,0.0,0.0,,,,,,,
-0.002160521224141121,mappo,5.346411853679456e-05,0.9066298604011536,0.0009615871957319107,128.0,,,,,,,,,,,,,,0.0,,,,,0.012986207380890846,0.0
,mappo,,,,128.0,0.0,0.0,0.0,0.0,0.0,0.0,0.0,0.0,0.0,0.0,0.0,0.0,0.0,,,,,,,
-0.007809686008840799,mappo,3.369728437974118e-05,0.8883941769599915,0.0009612870956985662,129.0,,,,,,,,,,,,,,0.0,,,,,0.01271054893732071,0.006666666828095913
,mappo,,,,129.0,0.0,0.0,0.3333333432674408,0.0,0.0,0.0,0.3333333432674408,0.0,0.0,0.0,0.0,0.0,0.0,,,,,,,
-0.0038378029130399227,mappo,7.035095040919259e-05,0.8753722906112671,0.0009609869956652218,130.0,,,,,,,,,,,,,,0.0,,,,,0.012349376454949379,0.006666666828095913
,mappo,,,,130.0,0.0,0.0,0.3333333432674408,0.0,0.0,0.0,0.3333333432674408,0.0,0.0,0.0,0.0,0.0,0.0,,,,,,,
-0.0034842551685869694,mappo,4.044967863592319e-05,0.8732520341873169,0.0009606868956318773,131.0,,,,,,,,,,,,,,0.0,,,,,0.012437617406249046,0.006666666828095913
,mappo,,,,131.0,0.0,0.0,0.3333333432674408,0.0,0.0,0.0,0.3333333432674408,0.0,0.0,0.0,0.0,0.0,0.0,,,,,,,
-0.004398681223392487,mappo,1.0600072528177407e-05,0.8733228445053101,0.0009603867955985328,132.0,,,,,,,,,,,,,,0.0,,,,,0.0129268579185009,0.006666666828095913
,mappo,,,,132.0,0.0,0.0,0.3333333432674408,0.0,0.0,0.0,0.3333333432674408,0.0,0.0,0.0,0.0,0.0,0.0,,,,,,,
-0.009150796569883823,mappo,0.0001065597462002188,0.8699565529823303,0.0009600866955651884,133.0,,,,,,,,,,,,,,0.0,,,,,0.01213889755308628,0.0
,mappo,,,,133.0,0.0,0.0,0.0,0.0,0.0,0.0,0.0,0.0,0.0,0.0,0.0,0.0,0.0,,,,,,,
-0.0019079805351793766,mappo,6.263142131501809e-05,0.8613288402557373,0.000959786595531844,134.0,,,,,,,,,,,,,,0.0,,,,,0.011869899928569794,0.006666666828095913
,mappo,,,,134.0,0.0,0.0,0.3333333432674408,0.0,0.0,0.0,0.3333333432674408,0.0,0.0,0.0,0.0,0.0,0.0,,,,,,,
-0.004612818360328674,mappo,7.252060458995402e-05,0.859099805355072,0.0009594864954984995,135.0,,,,,,,,,,,,,,0.0,,,,,0.01191035658121109,0.0
,mappo,,,,135.0,0.0,0.0,0.0,0.0,0.0,0.0,0.0,0.0,0.0,0.0,0.0,0.0,0.0,,,,,,,
-0.0022423304617404938,mappo,0.00033440269180573523,0.8497523665428162,0.0009591863954651551,136.0,,,,,,,,,,,,,,0.0,,,,,0.012186216190457344,0.006666666828095913
,mappo,,,,136.0,0.0,0.0,0.3333333432674408,0.0,0.0,0.0,0.3333333432674408,0.0,0.0,0.0,0.0,0.0,0.0,,,,,,,
-0.003584714140743017,mappo,0.00021749307052232325,0.8455524444580078,0.0009588862954318107,137.0,,,,,,,,,,,,,,0.0,,,,,0.011640849523246288,0.006666666828095913
,mappo,,,,137.0,0.0,0.0,0.3333333432674408,0.0,0.0,0.0,0.3333333432674408,0.0,0.0,0.0,0.0,0.0,0.0,,,,,,,
-0.0022697520907968283,mappo,8.025332499528304e-05,0.8440767526626587,0.0009585861953984662,138.0,,,,,,,,,,,,,,0.0,,,,,0.011763408780097961,0.006666666828095913
,mappo,,,,138.0,0.0,0.0,0.3333333432674408,0.0,0.0,0.0,0.3333333432674408,0.0,0.0,0.0,0.0,0.0,0.0,,,,,,,
-0.001338557107374072,mappo,3.1846815545577556e-05,0.8410735130310059,0.0009582860953651218,139.0,,,,,,,,,,,,,,0.0,,,,,0.011809414252638817,0.006666666828095913
,mappo,,,,139.0,0.0,0.0,0.3333333432674408,0.0,0.0,0.0,0.3333333432674408,0.0,0.0,0.0,0.0,0.0,0.0,,,,,,,
-0.0014544995501637459,mappo,5.7706703955773264e-05,0.837354302406311,0.0009579859953317772,140.0,,,,,,,,,,,,,,0.0,,,,,0.011507770046591759,0.006666666828095913
,mappo,,,,140.0,0.0,0.0,0.3333333432674408,0.0,0.0,0.0,0.3333333432674408,0.0,0.0,0.0,0.0,0.0,0.0,,,,,,,
-0.006188965402543545,mappo,8.520280971424654e-06,0.8350914120674133,0.0009576858952984328,141.0,,,,,,,,,,,,,,0.0,,,,,0.011421654373407364,0.006666666828095913
,mappo,,,,141.0,0.0,0.0,0.3333333432674408,0.0,0.0,0.0,0.3333333432674408,0.0,0.0,0.0,0.0,0.0,0.0,,,,,,,
-0.0020873441826552153,mappo,4.8927657189778984e-05,0.837720513343811,0.0009573857952650884,142.0,,,,,,,,,,,,,,0.0,,,,,0.010937534272670746,0.006666666828095913
,mappo,,,,142.0,0.0,0.0,0.3333333432674408,0.0,0.0,0.0,0.3333333432674408,0.0,0.0,0.0,0.0,0.0,0.0,,,,,,,
-0.005521085578948259,mappo,1.8678803826333024e-05,0.8432148694992065,0.0009570856952317439,143.0,,,,,,,,,,,,,,0.0,,,,,0.011177385225892067,0.006666666828095913
,mappo,,,,143.0,0.0,0.0,0.3333333432674408,0.0,0.0,0.0,0.3333333432674408,0.0,0.0,0.0,0.0,0.0,0.0,,,,,,,
-0.002444571116939187,mappo,4.101657759747468e-05,0.8482412099838257,0.0009567855951983995,144.0,,,,,,,,,,,,,,0.0,,,,,0.011517873033881187,0.006666666828095913
,mappo,,,,144.0,0.0,0.0,0.3333333432674408,0.0,0.0,0.0,0.3333333432674408,0.0,0.0,0.0,0.0,0.0,0.0,,,,,,,
-0.0012103389017283916,mappo,5.030656393500976e-05,0.8474990725517273,0.000956485495165055,145.0,,,,,,,,,,,,,,0.0,,,,,0.01116335578262806,0.006666666828095913
,mappo,,,,145.0,0.0,0.0,0.3333333432674408,0.0,0.0,0.0,0.3333333432674408,0.0,0.0,0.0,0.0,0.0,0.0,,,,,,,
-0.0021457483526319265,mappo,4.668947804020718e-05,0.8433031439781189,0.0009561853951317106,146.0,,,,,,,,,,,,,,0.0,,,,,0.011668024584650993,0.006666666828095913
,mappo,,,,146.0,0.0,0.0,0.3333333432674408,0.0,0.0,0.0,0.3333333432674408,0.0,0.0,0.0,0.0,0.0,0.0,,,,,,,
-0.006204255856573582,mappo,8.305760275106877e-06,0.844025194644928,0.0009558852950983662,147.0,,,,,,,,,,,,,,0.0,,,,,0.011796731501817703,0.006666666828095913
,mappo,,,,147.0,0.0,0.0,0.3333333432674408,0.0,0.0,0.0,0.3333333432674408,0.0,0.0,0.0,0.0,0.0,0.0,,,,,,,
-0.0053182607516646385,mappo,1.171017447632039e-05,0.8451569676399231,0.0009555851950650217,148.0,,,,,,,,,,,,,,0.0,,,,,0.011614587157964706,0.006666666828095913
,mappo,,,,148.0,0.0,0.0,0.3333333432674408,0.0,0.0,0.0,0.3333333432674408,0.0,0.0,0.0,0.0,0.0,0.0,,,,,,,
-0.0031305220909416676,mappo,5.231233444646932e-06,0.8469231724739075,0.0009552850950316772,149.0,,,,,,,,,,,,,,0.0,,,,,0.01170086394995451,0.006666666828095913
,mappo,,,,149.0,0.0,0.0,0.3333333432674408,0.0,0.0,0.0,0.3333333432674408,0.0,0.0,0.0,0.0,0.0,0.0,,,,,,,
-0.006660352926701307,mappo,5.059054274170194e-06,0.8510864973068237,0.0009549849949983328,150.0,,,,,,,,,,,,,,0.0,,,,,0.011026393622159958,0.006666666828095913
,mappo,,,,150.0,0.0,0.0,0.3333333432674408,0.0,0.0,0.0,0.3333333432674408,0.0,0.0,0.0,0.0,0.0,0.0,,,,,,,
-0.013845037668943405,mappo,4.38470124208834e-06,0.855231523513794,0.0009546848949649883,151.0,,,,,,,,,,,,,,0.0,,,,,0.011151937767863274,0.006666666828095913
,mappo,,,,151.0,0.0,0.0,0.3333333432674408,0.0,0.0,0.0,0.3333333432674408,0.0,0.0,0.0,0.0,0.0,0.0,,,,,,,
-0.005016701761633158,mappo,4.9540681175130885e-06,0.857867419719696,0.0009543847949316439,152.0,,,,,,,,,,,,,,0.0,,,,,0.011289484798908234,0.006666666828095913
,mappo,,,,152.0,0.0,0.0,0.3333333432674408,0.0,0.0,0.0,0.3333333432674408,0.0,0.0,0.0,0.0,0.0,0.0,,,,,,,
-0.0013881232589483261,mappo,2.3763492208672687e-05,0.8572987914085388,0.0009540846948982995,153.0,,,,,,,,,,,,,,0.0,,,,,0.012160124257206917,0.006666666828095913
,mappo,,,,153.0,0.0,0.0,0.3333333432674408,0.0,0.0,0.0,0.3333333432674408,0.0,0.0,0.0,0.0,0.0,0.0,,,,,,,
-0.005253470502793789,mappo,1.4461593309533782e-05,0.8541110157966614,0.000953784594864955,154.0,,,,,,,,,,,,,,0.0,,,,,0.012745333835482597,0.006666666828095913
,mappo,,,,154.0,0.0,0.0,0.3333333432674408,0.0,0.0,0.0,0.3333333432674408,0.0,0.0,0.0,0.0,0.0,0.0,,,,,,,
-0.0016860938630998135,mappo,9.205752576235682e-06,0.8518504500389099,0.0009534844948316106,155.0,,,,,,,,,,,,,,0.0,,,,,0.012212807312607765,0.006666666828095913
,mappo,,,,155.0,0.0,0.0,0.3333333432674408,0.0,0.0,0.0,0.3333333432674408,0.0,0.0,0.0,0.0,0.0,0.0,,,,,,,
-0.007086043246090412,mappo,5.102216164232232e-06,0.8529748320579529,0.0009531843947982661,156.0,,,,,,,,,,,,,,0.0,,,,,0.012537164613604546,0.006666666828095913
,mappo,,,,156.0,0.0,0.0,0.3333333432674408,0.0,0.0,0.0,0.3333333432674408,0.0,0.0,0.0,0.0,0.0,0.0,,,,,,,
-0.004311534110456705,mappo,4.008914766018279e-05,0.856243908405304,0.0009528842947649217,157.0,,,,,,,,,,,,,,0.0,,,,,0.012293161824345589,0.006666666828095913
,mappo,,,,157.0,0.0,0.0,0.3333333432674408,0.0,0.0,0.0,0.3333333432674408,0.0,0.0,0.0,0.0,0.0,0.0,,,,,,,
-0.005812056362628937,mappo,9.564672654960304e-05,0.8581997752189636,0.0009525841947315772,158.0,,,,,,,,,,,,,,0.0,,,,,0.01333470456302166,0.0
,mappo,,,,158.0,0.0,0.0,0.0,0.0,0.0,0.0,0.0,0.0,0.0,0.0,0.0,0.0,0.0,,,,,,,
-0.013751898892223835,mappo,4.026672468171455e-05,0.8446518182754517,0.0009522840946982327,159.0,,,,,,,,,,,,,,0.0,,,,,0.01210499182343483,0.006666666828095913
,mappo,,,,159.0,0.0,0.0,0.3333333432674408,0.0,0.0,0.0,0.3333333432674408,0.0,0.0,0.0,0.0,0.0,0.0,,,,,,,
-0.012926493771374226,mappo,4.401754631544463e-05,0.8388203978538513,0.0009519839946648883,160.0,,,,,,,,,,,,,,0.0,,,,,0.01305342186242342,0.006666666828095913
,mappo,,,,160.0,0.0,0.0,0.3333333432674408,0.0,0.0,0.0,0.3333333432674408,0.0,0.0,0.0,0.0,0.0,0.0,,,,,,,
-0.0018082871101796627,mappo,1.8635251763043925e-05,0.832434892654419,0.0009516838946315439,161.0,,,,,,,,,,,,,,0.0,,,,,0.012222059071063995,0.006666666828095913
,mappo,,,,161.0,0.0,0.0,0.3333333432674408,0.0,0.0,0.0,0.3333333432674408,0.0,0.0,0.0,0.0,0.0,0.0,,,,,,,
0.004575284197926521,mappo,0.00012092399992980063,0.8230937719345093,0.0009513837945981994,162.0,,,,,,,,,,,,,,0.0,,,,,0.013044234365224838,0.0
,mappo,,,,162.0,0.0,0.0,0.0,0.0,0.0,0.0,0.0,0.0,0.0,0.0,0.0,0.0,0.0,,,,,,,
-0.0024463378358632326,mappo,0.00016274112567771226,0.8205887079238892,0.000951083694564855,163.0,,,,,,,,,,,,,,0.0,,,,,0.012893682345747948,0.006666666828095913
,mappo,,,,163.0,0.0,0.0,0.3333333432674408,0.0,0.0,0.0,0.3333333432674408,0.0,0.0,0.0,0.0,0.0,0.0,,,,,,,
-0.006341136526316404,mappo,0.0001871619315352291,0.8107943534851074,0.0009507835945315106,164.0,,,,,,,,,,,,,,0.0,,,,,0.014229797758162022,0.0
,mappo,,,,164.0,0.0,0.0,0.0,0.0,0.0,0.0,0.0,0.0,0.0,0.0,0.0,0.0,0.0,,,,,,,
-0.005205539520829916,mappo,0.00025661004474386573,0.8124216794967651,0.0009504834944981661,165.0,,,,,,,,,,,,,,0.0,,,,,0.014300729148089886,0.0
,mappo,,,,165.0,0.0,0.0,0.0,0.0,0.0,0.0,0.0,0.0,0.0,0.0,0.0,0.0,0.0,,,,,,,
-0.0021118968725204468,mappo,0.0007888941327109933,0.8172844052314758,0.0009501833944648217,166.0,,,,,,,,,,,,,,0.0,,,,,0.013493277132511139,0.006666666828095913
,mappo,,,,166.0,0.0,0.0,0.3333333432674408,0.0,0.0,0.0,0.3333333432674408,0.0,0.0,0.0,0.0,0.0,0.0,,,,,,,
-0.007026672828942537,mappo,0.0006067955982871354,0.8100438714027405,0.0009498832944314771,167.0,,,,,,,,,,,,,,0.0,,,,,0.012978043407201767,0.006666666828095913
,mappo,,,,167.0,0.0,0.0,0.3333333432674408,0.0,0.0,0.0,0.3333333432674408,0.0,0.0,0.0,0.0,0.0,0.0,,,,,,,
-0.008484987542033195,mappo,0.0002774483582470566,0.8022118806838989,0.0009495831943981327,168.0,,,,,,,,,,,,,,0.0,,,,,0.0134039968252182,0.006666666828095913
,mappo,,,,168.0,0.0,0.0,0.3333333432674408,0.0,0.0,0.0,0.3333333432674408,0.0,0.0,0.0,0.0,0.0,0.0,,,,,,,
-0.0007635106449015439,mappo,8.020465611480176e-05,0.7956258058547974,0.0009492830943647883,169.0,,,,,,,,,,,,,,0.0,,,,,0.012331243604421616,0.006666666828095913
,mappo,,,,169.0,0.0,0.0,0.3333333432674408,0.0,0.0,0.0,0.3333333432674408,0.0,0.0,0.0,0.0,0.0,0.0,,,,,,,
-0.0031189811415970325,mappo,4.930506111122668e-05,0.7892001271247864,0.0009489829943314438,170.0,,,,,,,,,,,,,,0.0,,,,,0.013182969763875008,0.006666666828095913
,mappo,,,,170.0,0.0,0.0,0.3333333432674408,0.0,0.0,0.0,0.3333333432674408,0.0,0.0,0.0,0.0,0.0,0.0,,,,,,,
-0.0028803336899727583,mappo,0.00028407631907612085,0.7604857087135315,0.0009486828942980994,171.0,,,,,,,,,,,,,,0.0,,,,,0.014109349809587002,0.0
,mappo,,,,171.0,0.0,0.0,0.0,0.0,0.0,0.0,0.0,0.0,0.0,0.0,0.0,0.0,0.0,,,,,,,
-0.0028844804037362337,mappo,0.000506412994582206,0.7493983507156372,0.000948382794264755,172.0,,,,,,,,,,,,,,0.0,,,,,0.014157203957438469,0.0
,mappo,,,,172.0,0.0,0.0,0.0,0.0,0.0,0.0,0.0,0.0,0.0,0.0,0.0,0.0,0.0,,,,,,,
0.0017689100932329893,mappo,0.0002960139245260507,0.7473938465118408,0.0009480826942314105,173.0,,,,,,,,,,,,,,0.0,,,,,0.0144801065325737,0.0
,mappo,,,,173.0,0.0,0.0,0.0,0.0,0.0,0.0,0.0,0.0,0.0,0.0,0.0,0.0,0.0,,,,,,,
-0.005292951129376888,mappo,0.00030308353598229587,0.7472046613693237,0.0009477825941980661,174.0,,,,,,,,,,,,,,0.0,,,,,0.01462821289896965,0.0
,mappo,,,,174.0,0.0,0.0,0.0,0.0,0.0,0.0,0.0,0.0,0.0,0.0,0.0,0.0,0.0,,,,,,,
-0.004570717457681894,mappo,0.0005444547277875245,0.7830787897109985,0.0009474824941647215,175.0,,,,,,,,,,,,,,0.0,,,,,0.012879405170679092,0.006666666828095913
,mappo,,,,175.0,0.0,0.0,0.3333333432674408,0.0,0.0,0.0,0.3333333432674408,0.0,0.0,0.0,0.0,0.0,0.0,,,,,,,
-0.0022364910691976547,mappo,0.00021351820032577962,0.754663348197937,0.0009471823941313771,176.0,,,,,,,,,,,,,,0.0,,,,,0.013714886270463467,0.0
,mappo,,,,176.0,0.0,0.0,0.0,0.0,0.0,0.0,0.0,0.0,0.0,0.0,0.0,0.0,0.0,,,,,,,
-0.01570623740553856,mappo,0.0002076166565530002,0.7620364427566528,0.0009468822940980327,177.0,,,,,,,,,,,,,,0.0,,,,,0.01397683098912239,0.0
,mappo,,,,177.0,0.0,0.0,0.0,0.0,0.0,0.0,0.0,0.0,0.0,0.0,0.0,0.0,0.0,,,,,,,
-0.001984216272830963,mappo,0.0016511534340679646,0.7917076945304871,0.0009465821940646882,178.0,,,,,,,,,,,,,,0.0,,,,,0.012230677530169487,0.006666666828095913
,mappo,,,,178.0,0.0,0.0,0.3333333432674408,0.0,0.0,0.0,0.3333333432674408,0.0,0.0,0.0,0.0,0.0,0.0,,,,,,,
-0.0019060287158936262,mappo,0.0013733445666730404,0.7904664278030396,0.0009462820940313438,179.0,,,,,,,,,,,,,,0.0,,,,,0.012432290241122246,0.006666666828095913
,mappo,,,,179.0,0.0,0.0,0.3333333432674408,0.0,0.0,0.0,0.3333333432674408,0.0,0.0,0.0,0.0,0.0,0.0,,,,,,,
-0.003255242481827736,mappo,0.0006245534750632942,0.7549949288368225,0.0009459819939979994,180.0,,,,,,,,,,,,,,0.0,,,,,0.01332107838243246,0.0
,mappo,,,,180.0,0.0,0.0,0.0,0.0,0.0,0.0,0.0,0.0,0.0,0.0,0.0,0.0,0.0,,,,,,,
-0.004261108115315437,mappo,0.0001904654345707968,0.7373142242431641,0.0009456818939646549,181.0,,,,,,,,,,,,,,0.0,,,,,0.013751275837421417,0.0
,mappo,,,,181.0,0.0,0.0,0.0,0.0,0.0,0.0,0.0,0.0,0.0,0.0,0.0,0.0,0.0,,,,,,,
-0.007006704807281494,mappo,0.0019005205249413848,0.7684711813926697,0.0009453817939313105,182.0,,,,,,,,,,,,,,0.0,,,,,0.01269221305847168,0.006666666828095913
,mappo,,,,182.0,0.0,0.0,0.3333333432674408,0.0,0.0,0.0,0.3333333432674408,0.0,0.0,0.0,0.0,0.0,0.0,,,,,,,
-0.0016160181257873774,mappo,0.0015876350225880742,0.762306272983551,0.000945081693897966,183.0,,,,,,,,,,,,,,0.0,,,,,0.012240443378686905,0.006666666828095913
,mappo,,,,183.0,0.0,0.0,0.3333333432674408,0.0,0.0,0.0,0.3333333432674408,0.0,0.0,0.0,0.0,0.0,0.0,,,,,,,
-0.004543892573565245,mappo,0.0011652972316369414,0.7560885548591614,0.0009447815938646215,184.0,,,,,,,,,,,,,,0.0,,,,,0.013218472711741924,0.006666666828095913
,mappo,,,,184.0,0.0,0.0,0.3333333432674408,0.0,0.0,0.0,0.3333333432674408,0.0,0.0,0.0,0.0,0.0,0.0,,,,,,,
-0.0031346490141004324,mappo,0.0006047504139132798,0.7519846558570862,0.0009444814938312771,185.0,,,,,,,,,,,,,,0.0,,,,,0.012681185267865658,0.006666666828095913
,mappo,,,,185.0,0.0,0.0,0.3333333432674408,0.0,0.0,0.0,0.3333333432674408,0.0,0.0,0.0,0.0,0.0,0.0,,,,,,,
-0.006714248564094305,mappo,0.00018170337716583163,0.7437347173690796,0.0009441813937979326,186.0,,,,,,,,,,,,,,0.0,,,,,0.012305312789976597,0.006666666828095913
,mappo,,,,186.0,0.0,0.0,0.3333333432674408,0.0,0.0,0.0,0.3333333432674408,0.0,0.0,0.0,0.0,0.0,0.0,,,,,,,
-0.0015327007276937366,mappo,0.00011260280734859407,0.7292752861976624,0.0009438812937645882,187.0,,,,,,,,,,,,,,0.0,,,,,0.012640303000807762,0.006666666828095913
,mappo,,,,187.0,0.0,0.0,0.3333333432674408,0.0,0.0,0.0,0.3333333432674408,0.0,0.0,0.0,0.0,0.0,0.0,,,,,,,
-0.007836798205971718,mappo,0.0001841702323872596,0.7209787368774414,0.0009435811937312438,188.0,,,,,,,,,,,,,,0.0,,,,,0.012798607349395752,0.006666666828095913
,mappo,,,,188.0,0.0,0.0,0.3333333432674408,0.0,0.0,0.0,0.3333333432674408,0.0,0.0,0.0,0.0,0.0,0.0,,,,,,,
-0.004409299697726965,mappo,6.974459392949939e-05,0.7218265533447266,0.0009432810936978993,189.0,,,,,,,,,,,,,,0.0,,,,,0.012826166115701199,0.006666666828095913
,mappo,,,,189.0,0.0,0.0,0.3333333432674408,0.0,0.0,0.0,0.3333333432674408,0.0,0.0,0.0,0.0,0.0,0.0,,,,,,,
-0.0018454138189554214,mappo,1.0997722711181268e-05,0.7191402912139893,0.0009429809936645549,190.0,,,,,,,,,,,,,,0.0,,,,,0.0123002203181386,0.006666666828095913
,mappo,,,,190.0,0.0,0.0,0.3333333432674408,0.0,0.0,0.0,0.3333333432674408,0.0,0.0,0.0,0.0,0.0,0.0,,,,,,,
-0.007035113871097565,mappo,4.32398883276619e-06,0.7138563990592957,0.0009426808936312105,191.0,,,,,,,,,,,,,,0.0,,,,,0.012581858783960342,0.006666666828095913
,mappo,,,,191.0,0.0,0.0,0.3333333432674408,0.0,0.0,0.0,0.3333333432674408,0.0,0.0,0.0,0.0,0.0,0.0,,,,,,,
-0.006010054145008326,mappo,9.941886673914269e-06,0.7158042788505554,0.000942380793597866,192.0,,,,,,,,,,,,,,0.0,,,,,0.013325157575309277,0.006666666828095913
,mappo,,,,192.0,0.0,0.0,0.3333333432674408,0.0,0.0,0.0,0.3333333432674408,0.0,0.0,0.0,0.0,0.0,0.0,,,,,,,
-0.001994103193283081,mappo,2.029997449426446e-05,0.7259978652000427,0.0009420806935645215,193.0,,,,,,,,,,,,,,0.0,,,,,0.012731363996863365,0.006666666828095913
,mappo,,,,193.0,0.0,0.0,0.3333333432674408,0.0,0.0,0.0,0.3333333432674408,0.0,0.0,0.0,0.0,0.0,0.0,,,,,,,
-0.005713687278330326,mappo,2.084682637359947e-05,0.7376376390457153,0.000941780593531177,194.0,,,,,,,,,,,,,,0.0,,,,,0.013173806481063366,0.006666666828095913
,mappo,,,,194.0,0.0,0.0,0.3333333432674408,0.0,0.0,0.0,0.3333333432674408,0.0,0.0,0.0,0.0,0.0,0.0,,,,,,,
-0.007360763382166624,mappo,1.2355682883935515e-05,0.7434996366500854,0.0009414804934978326,195.0,,,,,,,,,,,,,,0.0,,,,,0.01288534514605999,0.006666666828095913
,mappo,,,,195.0,0.0,0.0,0.3333333432674408,0.0,0.0,0.0,0.3333333432674408,0.0,0.0,0.0,0.0,0.0,0.0,,,,,,,
-0.0037842418532818556,mappo,5.432075340650044e-06,0.7388312220573425,0.0009411803934644882,196.0,,,,,,,,,,,,,,0.0,,,,,0.013134637847542763,0.006666666828095913
,mappo,,,,196.0,0.0,0.0,0.3333333432674408,0.0,0.0,0.0,0.3333333432674408,0.0,0.0,0.0,0.0,0.0,0.0,,,,,,,
-0.00836566835641861,mappo,1.9069976815444534e-06,0.7464819550514221,0.0009408802934311437,197.0,,,,,,,,,,,,,,0.0,,,,,0.012810922227799892,0.006666666828095913
,mappo,,,,197.0,0.0,0.0,0.3333333432674408,0.0,0.0,0.0,0.3333333432674408,0.0,0.0,0.0,0.0,0.0,0.0,,,,,,,
-0.016536107286810875,mappo,1.883216555143008e-06,0.7489355206489563,0.0009405801933977993,198.0,,,,,,,,,,,,,,0.0,,,,,0.012635936960577965,0.006666666828095913
,mappo,,,,198.0,0.0,0.0,0.3333333432674408,0.0,0.0,0.0,0.3333333432674408,0.0,0.0,0.0,0.0,0.0,0.0,,,,,,,
-0.005375557113438845,mappo,4.515734872256871e-06,0.7445306181907654,0.0009402800933644549,199.0,,,,,,,,,,,,,,0.0,,,,,0.012359054759144783,0.006666666828095913
,mappo,,,,199.0,0.0,0.0,0.3333333432674408,0.0,0.0,0.0,0.3333333432674408,0.0,0.0,0.0,0.0,0.0,0.0,,,,,,,
,mappo,,,,199.0,,,,,,,,,,,,,,,0.0,0.0,0.3333333432674408,0.0,,
-0.001290610060095787,mappo,4.3770342017523944e-06,0.7489539980888367,0.0009399799933311104,200.0,,,,,,,,,,,,,,0.0,,,,,0.012646662071347237,0.006666666828095913
,mappo,,,,200.0,0.0,0.0,0.3333333432674408,0.0,0.0,0.0,0.3333333432674408,0.0,0.0,0.0,0.0,0.0,0.0,,,,,,,
-0.009346715174615383,mappo,7.788043149048463e-06,0.7588551044464111,0.000939679893297766,201.0,,,,,,,,,,,,,,0.0,,,,,0.011782629415392876,0.006666666828095913
,mappo,,,,201.0,0.0,0.0,0.3333333432674408,0.0,0.0,0.0,0.3333333432674408,0.0,0.0,0.0,0.0,0.0,0.0,,,,,,,
-0.009372132830321789,mappo,7.599419859616319e-06,0.7656435966491699,0.0009393797932644216,202.0,,,,,,,,,,,,,,0.0,,,,,0.012141166254878044,0.006666666828095913
,mappo,,,,202.0,0.0,0.0,0.3333333432674408,0.0,0.0,0.0,0.3333333432674408,0.0,0.0,0.0,0.0,0.0,0.0,,,,,,,
-0.015817854553461075,mappo,8.480437827529386e-06,0.7674610614776611,0.000939079693231077,203.0,,,,,,,,,,,,,,0.0,,,,,0.012031486257910728,0.006666666828095913
,mappo,,,,203.0,0.0,0.0,0.3333333432674408,0.0,0.0,0.0,0.3333333432674408,0.0,0.0,0.0,0.0,0.0,0.0,,,,,,,
-0.005689961835741997,mappo,3.7381532820290886e-06,0.7690839767456055,0.0009387795931977326,204.0,,,,,,,,,,,,,,0.0,,,,,0.011907530948519707,0.006666666828095913
,mappo,,,,204.0,0.0,0.0,0.3333333432674408,0.0,0.0,0.0,0.3333333432674408,0.0,0.0,0.0,0.0,0.0,0.0,,,,,,,
-0.005288613028824329,mappo,1.3284173292049672e-05,0.7638868093490601,0.0009384794931643881,205.0,,,,,,,,,,,,,,0.0,,,,,0.011804519221186638,0.006666666828095913
,mappo,,,,205.0,0.0,0.0,0.3333333432674408,0.0,0.0,0.0,0.3333333432674408,0.0,0.0,0.0,0.0,0.0,0.0,,,,,,,
-0.0067871431820094585,mappo,6.55258736514952e-06,0.7634010910987854,0.0009381793931310437,206.0,,,,,,,,,,,,,,0.0,,,,,0.011653355322778225,0.006666666828095913
,mappo,,,,206.0,0.0,0.0,0.3333333432674408,0.0,0.0,0.0,0.3333333432674408,0.0,0.0,0.0,0.0,0.0,0.0,,,,,,,
-0.007296021096408367,mappo,1.0383652806922328e-05,0.7568582892417908,0.0009378792930976993,207.0,,,,,,,,,,,,,,0.0,,,,,0.011371959932148457,0.006666666828095913
,mappo,,,,207.0,0.0,0.0,0.3333333432674408,0.0,0.0,0.0,0.3333333432674408,0.0,0.0,0.0,0.0,0.0,0.0,,,,,,,
-0.006870117969810963,mappo,9.781427252164576e-06,0.7555594444274902,0.0009375791930643548,208.0,,,,,,,,,,,,,,0.0,,,,,0.011029579676687717,0.006666666828095913
,mappo,,,,208.0,0.0,0.0,0.3333333432674408,0.0,0.0,0.0,0.3333333432674408,0.0,0.0,0.0,0.0,0.0,0.0,,,,,,,
-0.008622413501143456,mappo,6.357658548949985e-06,0.7461062669754028,0.0009372790930310104,209.0,,,,,,,,,,,,,,0.0,,,,,0.011757129803299904,0.006666666828095913
,mappo,,,,209.0,0.0,0.0,0.3333333432674408,0.0,0.0,0.0,0.3333333432674408,0.0,0.0,0.0,0.0,0.0,0.0,,,,,,,
-0.01088033989071846,mappo,3.912839929398615e-06,0.7380149960517883,0.000936978992997666,210.0,,,,,,,,,,,,,,0.0,,,,,0.011565286666154861,0.006666666828095913
,mappo,,,,210.0,0.0,0.0,0.3333333432674408,0.0,0.0,0.0,0.3333333432674408,0.0,0.0,0.0,0.0,0.0,0.0,,,,,,,
-0.01356832031160593,mappo,9.787693670659792e-06,0.732600212097168,0.0009366788929643214,211.0,,,,,,,,,,,,,,0.0,,,,,0.012113594450056553,0.006666666828095913
,mappo,,,,211.0,0.0,0.0,0.3333333432674408,0.0,0.0,0.0,0.3333333432674408,0.0,0.0,0.0,0.0,0.0,0.0,,,,,,,
-0.005868443287909031,mappo,6.753791694791289e-06,0.7203870415687561,0.000936378792930977,212.0,,,,,,,,,,,,,,0.0,,,,,0.011869916692376137,0.006666666828095913
,mappo,,,,212.0,0.0,0.0,0.3333333432674408,0.0,0.0,0.0,0.3333333432674408,0.0,0.0,0.0,0.0,0.0,0.0,,,,,,,
0.00025701418053358793,mappo,2.2771271233068546e-06,0.7138587236404419,0.0009360786928976326,213.0,,,,,,,,,,,,,,0.0,,,,,0.01149618811905384,0.006666666828095913
,mappo,,,,213.0,0.0,0.0,0.3333333432674408,0.0,0.0,0.0,0.3333333432674408,0.0,0.0,0.0,0.0,0.0,0.0,,,,,,,
-0.006821376271545887,mappo,7.93163326306967e-06,0.7049838304519653,0.0009357785928642881,214.0,,,,,,,,,,,,,,0.0,,,,,0.011918308213353157,0.006666666828095913
,mappo,,,,214.0,0.0,0.0,0.3333333432674408,0.0,0.0,0.0,0.3333333432674408,0.0,0.0,0.0,0.0,0.0,0.0,,,,,,,
-0.005687756463885307,mappo,5.300125849316828e-06,0.6960657835006714,0.0009354784928309437,215.0,,,,,,,,,,,,,,0.0,,,,,0.012069500982761383,0.006666666828095913
,mappo,,,,215.0,0.0,0.0,0.3333333432674408,0.0,0.0,0.0,0.3333333432674408,0.0,0.0,0.0,0.0,0.0,0.0,,,,,,,
-0.016461046412587166,mappo,1.01179093690007e-05,0.6806471347808838,0.0009351783927975992,216.0,,,,,,,,,,,,,,0.0,,,,,0.012133276090025902,0.006666666828095913
,mappo,,,,216.0,0.0,0.0,0.3333333432674408,0.0,0.0,0.0,0.3333333432674408,0.0,0.0,0.0,0.0,0.0,0.0,,,,,,,
-4.019163316115737e-05,mappo,1.3354650036490057e-05,0.6686456799507141,0.0009348782927642548,217.0,,,,,,,,,,,,,,0.0,,,,,0.012122737243771553,0.006666666828095913
,mappo,,,,217.0,0.0,0.0,0.3333333432674408,0.0,0.0,0.0,0.3333333432674408,0.0,0.0,0.0,0.0,0.0,0.0,,,,,,,
-0.0023062783293426037,mappo,6.903080702613806e-06,0.6820153594017029,0.0009345781927309104,218.0,,,,,,,,,,,,,,0.0,,,,,0.011721357703208923,0.006666666828095913
,mappo,,,,218.0,0.0,0.0,0.3333333432674408,0.0,0.0,0.0,0.3333333432674408,0.0,0.0,0.0,0.0,0.0,0.0,,,,,,,
-0.0035922457464039326,mappo,2.6610910026647616e-06,0.6877061724662781,0.0009342780926975659,219.0,,,,,,,,,,,,,,0.0,,,,,0.011608872562646866,0.006666666828095913
,mappo,,,,219.0,0.0,0.0,0.3333333432674408,0.0,0.0,0.0,0.3333333432674408,0.0,0.0,0.0,0.0,0.0,0.0,,,,,,,
-0.016206784173846245,mappo,1.4035726962902118e-05,0.6836243867874146,0.0009339779926642214,220.0,,,,,,,,,,,,,,0.0,,,,,0.011694002896547318,0.006666666828095913
,mappo,,,,220.0,0.0,0.0,0.3333333432674408,0.0,0.0,0.0,0.3333333432674408,0.0,0.0,0.0,0.0,0.0,0.0,,,,,,,
-0.004537729546427727,mappo,3.5576304071582854e-06,0.69243985414505,0.0009336778926308769,221.0,,,,,,,,,,,,,,0.0,,,,,0.012272367253899574,0.006666666828095913
,mappo,,,,221.0,0.0,0.0,0.3333333432674408,0.0,0.0,0.0,0.3333333432674408,0.0,0.0,0.0,0.0,0.0,0.0,,,,,,,
-0.0031861145980656147,mappo,2.7769183361670002e-06,0.7010686993598938,0.0009333777925975325,222.0,,,,,,,,,,,,,,0.0,,,,,0.011447607539594173,0.006666666828095913
,mappo,,,,222.0,0.0,0.0,0.3333333432674408,0.0,0.0,0.0,0.3333333432674408,0.0,0.0,0.0,0.0,0.0,0.0,,,,,,,
-0.00750963157042861,mappo,2.2995641302259173e-06,0.6863219141960144,0.0009330776925641881,223.0,,,,,,,,,,,,,,0.0,,,,,0.012149468064308167,0.006666666828095913
,mappo,,,,223.0,0.0,0.0,0.3333333432674408,0.0,0.0,0.0,0.3333333432674408,0.0,0.0,0.0,0.0,0.0,0.0,,,,,,,
-0.00598680367693305,mappo,0.000464841810753569,0.5971331000328064,0.0009327775925308436,224.0,,,,,,,,,,,,,,0.0,,,,,0.016136080026626587,0.0
,mappo,,,,224.0,0.0,0.0,0.0,0.0,0.0,0.0,0.0,0.0,0.0,0.0,0.0,0.0,0.0,,,,,,,
-0.006527526304125786,mappo,4.5015225623501465e-05,0.6395425200462341,0.0009324774924974992,225.0,,,,,,,,,,,,,,0.0,,,,,0.01184382475912571,0.006666666828095913
,mappo,,,,225.0,0.0,0.0,0.3333333432674408,0.0,0.0,0.0,0.3333333432674408,0.0,0.0,0.0,0.0,0.0,0.0,,,,,,,
-0.009239090606570244,mappo,4.7111097956076264e-05,0.6201887726783752,0.0009321773924641548,226.0,,,,,,,,,,,,,,0.0,,,,,0.012018769979476929,0.006666666828095913
,mappo,,,,226.0,0.0,0.0,0.3333333432674408,0.0,0.0,0.0,0.3333333432674408,0.0,0.0,0.0,0.0,0.0,0.0,,,,,,,
-0.008533395826816559,mappo,2.4058330382104032e-05,0.6070140600204468,0.0009318772924308103,227.0,,,,,,,,,,,,,,0.0,,,,,0.011900724843144417,0.006666666828095913
,mappo,,,,227.0,0.0,0.0,0.3333333432674408,0.0,0.0,0.0,0.3333333432674408,0.0,0.0,0.0,0.0,0.0,0.0,,,,,,,
-0.00902581587433815,mappo,1.6861788026290014e-05,0.5884107947349548,0.0009315771923974659,228.0,,,,,,,,,,,,,,0.0,,,,,0.01200365275144577,0.006666666828095913
,mappo,,,,228.0,0.0,0.0,0.3333333432674408,0.0,0.0,0.0,0.3333333432674408,0.0,0.0,0.0,0.0,0.0,0.0,,,,,,,
-0.0056188530288636684,mappo,1.334819353360217e-05,0.5706906914710999,0.0009312770923641214,229.0,,,,,,,,,,,,,,0.0,,,,,0.011700932867825031,0.006666666828095913
,mappo,,,,229.0,0.0,0.0,0.3333333432674408,0.0,0.0,0.0,0.3333333432674408,0.0,0.0,0.0,0.0,0.0,0.0,,,,,,,
-0.006542906165122986,mappo,9.272944225813262e-06,0.5423305034637451,0.0009309769923307769,230.0,,,,,,,,,,,,,,0.0,,,,,0.011427200399339199,0.006666666828095913
,mappo,,,,230.0,0.0,0.0,0.3333333432674408,0.0,0.0,0.0,0.3333333432674408,0.0,0.0,0.0,0.0,0.0,0.0,,,,,,,
-0.004057724494487047,mappo,5.975036401650868e-06,0.5262427926063538,0.0009306768922974325,231.0,,,,,,,,,,,,,,0.0,,,,,0.012303211726248264,0.006666666828095913
,mappo,,,,231.0,0.0,0.0,0.3333333432674408,0.0,0.0,0.0,0.3333333432674408,0.0,0.0,0.0,0.0,0.0,0.0,,,,,,,
-0.00755393598228693,mappo,0.0002721098135225475,0.42746517062187195,0.000930376792264088,232.0,,,,,,,,,,,,,,0.0,,,,,0.01636461168527603,0.0
,mappo,,,,232.0,0.0,0.0,0.0,0.0,0.0,0.0,0.0,0.0,0.0,0.0,0.0,0.0,0.0,,,,,,,
0.0016270432388409972,mappo,0.00016745160974096507,0.4168212115764618,0.0009300766922307436,233.0,,,,,,,,,,,,,,0.0,,,,,0.016255248337984085,0.0
,mappo,,,,233.0,0.0,0.0,0.0,0.0,0.0,0.0,0.0,0.0,0.0,0.0,0.0,0.0,0.0,,,,,,,
0.009863990359008312,mappo,0.00014912159531377256,0.42478176951408386,0.0009297765921973992,234.0,,,,,,,,,,,,,,0.0,,,,,0.016236666589975357,0.0
,mappo,,,,234.0,0.0,0.0,0.0,0.0,0.0,0.0,0.0,0.0,0.0,0.0,0.0,0.0,0.0,,,,,,,
0.001160048064775765,mappo,7.07777653587982e-05,0.4221870005130768,0.0009294764921640547,235.0,,,,,,,,,,,,,,0.0,,,,,0.016592200845479965,0.0
,mappo,,,,235.0,0.0,0.0,0.0,0.0,0.0,0.0,0.0,0.0,0.0,0.0,0.0,0.0,0.0,,,,,,,
0.01645217463374138,mappo,4.0042232285486534e-05,0.43412235379219055,0.0009291763921307103,236.0,,,,,,,,,,,,,,0.0,,,,,0.016398007050156593,0.0
,mappo,,,,236.0,0.0,0.0,0.0,0.0,0.0,0.0,0.0,0.0,0.0,0.0,0.0,0.0,0.0,,,,,,,
-0.003816146170720458,mappo,1.7857608327176422e-05,0.440383642911911,0.0009288762920973659,237.0,,,,,,,,,,,,,,0.0,,,,,0.016502197831869125,0.0
,mappo,,,,237.0,0.0,0.0,0.0,0.0,0.0,0.0,0.0,0.0,0.0,0.0,0.0,0.0,0.0,,,,,,,
-0.005233928561210632,mappo,1.942805465660058e-05,0.44998615980148315,0.0009285761920640213,238.0,,,,,,,,,,,,,,0.0,,,,,0.016542954370379448,0.0
,mappo,,,,238.0,0.0,0.0,0.0,0.0,0.0,0.0,0.0,0.0,0.0,0.0,0.0,0.0,0.0,,,,,,,
0.017005443572998047,mappo,1.1854069271066692e-05,0.4434826076030731,0.0009282760920306769,239.0,,,,,,,,,,,,,,0.0,,,,,0.016948390752077103,0.0
,mappo,,,,239.0,0.0,0.0,0.0,0.0,0.0,0.0,0.0,0.0,0.0,0.0,0.0,0.0,0.0,,,,,,,
-0.017977256327867508,mappo,7.159099368436728e-06,0.45939332246780396,0.0009279759919973325,240.0,,,,,,,,,,,,,,0.0,,,,,0.01682775840163231,0.0
,mappo,,,,240.0,0.0,0.0,0.0,0.0,0.0,0.0,0.0,0.0,0.0,0.0,0.0,0.0,0.0,,,,,,,
0.00449612271040678,mappo,8.92008301889291e-06,0.47390466928482056,0.000927675891963988,241.0,,,,,,,,,,,,,,0.0,,,,,0.017063429579138756,0.0
,mappo,,,,241.0,0.0,0.0,0.0,0.0,0.0,0.0,0.0,0.0,0.0,0.0,0.0,0.0,0.0,,,,,,,
-0.007906805723905563,mappo,1.027112466545077e-05,0.4884311556816101,0.0009273757919306436,242.0,,,,,,,,,,,,,,0.0,,,,,0.017205771058797836,0.0
,mappo,,,,242.0,0.0,0.0,0.0,0.0,0.0,0.0,0.0,0.0,0.0,0.0,0.0,0.0,0.0,,,,,,,
-0.00527229206636548,mappo,1.0045729140983894e-05,0.4890250563621521,0.0009270756918972991,243.0,,,,,,,,,,,,,,0.0,,,,,0.01742333546280861,0.0
,mappo,,,,243.0,0.0,0.0,0.0,0.0,0.0,0.0,0.0,0.0,0.0,0.0,0.0,0.0,0.0,,,,,,,
-0.0033162906765937805,mappo,7.852793714846484e-06,0.4914216995239258,0.0009267755918639547,244.0,,,,,,,,,,,,,,0.0,,,,,0.016892461106181145,0.0
,mappo,,,,244.0,0.0,0.0,0.0,0.0,0.0,0.0,0.0,0.0,0.0,0.0,0.0,0.0,0.0,,,,,,,
-0.0028493977151811123,mappo,8.360938409168739e-06,0.490060031414032,0.0009264754918306103,245.0,,,,,,,,,,,,,,0.0,,,,,0.016917835921049118,0.0
,mappo,,,,245.0,0.0,0.0,0.0,0.0,0.0,0.0,0.0,0.0,0.0,0.0,0.0,0.0,0.0,,,,,,,
0.003292571287602186,mappo,1.7670829038252123e-05,0.48275208473205566,0.0009261753917972657,246.0,,,,,,,,,,,,,,0.0,,,,,0.017021359875798225,0.0
,mappo,,,,246.0,0.0,0.0,0.0,0.0,0.0,0.0,0.0,0.0,0.0,0.0,0.0,0.0,0.0,,,,,,,
-0.010454604402184486,mappo,1.39201411002432e-05,0.4636387228965759,0.0009258752917639213,247.0,,,,,,,,,,,,,,0.0,,,,,0.017282631248235703,0.0
,mappo,,,,247.0,0.0,0.0,0.0,0.0,0.0,0.0,0.0,0.0,0.0,0.0,0.0,0.0,0.0,,,,,,,
0.007162190042436123,mappo,2.2341117073665373e-05,0.4657302796840668,0.0009255751917305769,248.0,,,,,,,,,,,,,,0.0,,,,,0.01710817962884903,0.0
,mappo,,,,248.0,0.0,0.0,0.0,0.0,0.0,0.0,0.0,0.0,0.0,0.0,0.0,0.0,0.0,,,,,,,
-0.00032252981327474117,mappo,2.6900024749920703e-05,0.4695599377155304,0.0009252750916972324,249.0,,,,,,,,,,,,,,0.0,,,,,0.016781417652964592,0.0
,mappo,,,,249.0,0.0,0.0,0.0,0.0,0.0,0.0,0.0,0.0,0.0,0.0,0.0,0.0,0.0,,,,,,,
-0.0039195287972688675,mappo,3.2774623832665384e-05,0.4714585244655609,0.000924974991663888,250.0,,,,,,,,,,,,,,0.0,,,,,0.016591019928455353,0.0
,mappo,,,,250.0,0.0,0.0,0.0,0.0,0.0,0.0,0.0,0.0,0.0,0.0,0.0,0.0,0.0,,,,,,,
-0.00033745323889888823,mappo,3.3644573704805225e-05,0.4849569797515869,0.0009246748916305435,251.0,,,,,,,,,,,,,,0.0,,,,,0.016167052090168,0.0
,mappo,,,,251.0,0.0,0.0,0.0,0.0,0.0,0.0,0.0,0.0,0.0,0.0,0.0,0.0,0.0,,,,,,,
-0.004539510700851679,mappo,2.9242430173326284e-05,0.498624324798584,0.0009243747915971991,252.0,,,,,,,,,,,,,,0.0,,,,,0.016232378780841827,0.0
,mappo,,,,252.0,0.0,0.0,0.0,0.0,0.0,0.0,0.0,0.0,0.0,0.0,0.0,0.0,0.0,,,,,,,
-0.0075407507829368114,mappo,2.1965963242109865e-05,0.4958191514015198,0.0009240746915638547,253.0,,,,,,,,,,,,,,0.0,,,,,0.016749240458011627,0.0
,mappo,,,,253.0,0.0,0.0,0.0,0.0,0.0,0.0,0.0,0.0,0.0,0.0,0.0,0.0,0.0,,,,,,,
-0.0029869158752262592,mappo,1.4224501683202107e-05,0.4862946569919586,0.0009237745915305102,254.0,,,,,,,,,,,,,,0.0,,,,,0.016598792746663094,0.0
,mappo,,,,254.0,0.0,0.0,0.0,0.0,0.0,0.0,0.0,0.0,0.0,0.0,0.0,0.0,0.0,,,,,,,
-0.004718845710158348,mappo,5.675361535395496e-06,0.4842362105846405,0.0009234744914971657,255.0,,,,,,,,,,,,,,0.0,,,,,0.01622190698981285,0.0
,mappo,,,,255.0,0.0,0.0,0.0,0.0,0.0,0.0,0.0,0.0,0.0,0.0,0.0,0.0,0.0,,,,,,,
-0.004869973286986351,mappo,2.3426327970810235e-06,0.4934104382991791,0.0009231743914638213,256.0,,,,,,,,,,,,,,0.0,,,,,0.016291281208395958,0.0
,mappo,,,,256.0,0.0,0.0,0.0,0.0,0.0,0.0,0.0,0.0,0.0,0.0,0.0,0.0,0.0,,,,,,,
-0.0015900745056569576,mappo,0.002992886584252119,0.4964609742164612,0.0009228742914304768,257.0,,,,,,,,,,,,,,0.0,,,,,0.012083688750863075,0.006666666828095913
,mappo,,,,257.0,0.0,0.0,0.3333333432674408,0.0,0.0,0.0,0.3333333432674408,0.0,0.0,0.0,0.0,0.0,0.0,,,,,,,
0.001129414071328938,mappo,0.00020894860790576786,0.4938139319419861,0.0009225741913971324,258.0,,,,,,,,,,,,,,0.0,,,,,0.016144827008247375,0.0
,mappo,,,,258.0,0.0,0.0,0.0,0.0,0.0,0.0,0.0,0.0,0.0,0.0,0.0,0.0,0.0,,,,,,,
-0.008695260621607304,mappo,3.743226625374518e-05,0.490669846534729,0.0009222740913637879,259.0,,,,,,,,,,,,,,0.0,,,,,0.016418365761637688,0.0
,mappo,,,,259.0,0.0,0.0,0.0,0.0,0.0,0.0,0.0,0.0,0.0,0.0,0.0,0.0,0.0,,,,,,,
-0.00820755772292614,mappo,4.434502625372261e-05,0.4997791647911072,0.0009219739913304435,260.0,,,,,,,,,,,,,,0.0,,,,,0.01638099178671837,0.0
,mappo,,,,260.0,0.0,0.0,0.0,0.0,0.0,0.0,0.0,0.0,0.0,0.0,0.0,0.0,0.0,,,,,,,
-0.004846210591495037,mappo,4.628244278137572e-05,0.5106743574142456,0.0009216738912970991,261.0,,,,,,,,,,,,,,0.0,,,,,0.016400665044784546,0.0
,mappo,,,,261.0,0.0,0.0,0.0,0.0,0.0,0.0,0.0,0.0,0.0,0.0,0.0,0.0,0.0,,,,,,,
-0.003954828251153231,mappo,5.2740637329407036e-05,0.5148543119430542,0.0009213737912637546,262.0,,,,,,,,,,,,,,0.0,,,,,0.016146650537848473,0.0
,mappo,,,,262.0,0.0,0.0,0.0,0.0,0.0,0.0,0.0,0.0,0.0,0.0,0.0,0.0,0.0,,,,,,,
-0.007809815462678671,mappo,3.8194149965420365e-05,0.5256643891334534,0.0009210736912304102,263.0,,,,,,,,,,,,,,0.0,,,,,0.01629621349275112,0.0
,mappo,,,,263.0,0.0,0.0,0.0,0.0,0.0,0.0,0.0,0.0,0.0,0.0,0.0,0.0,0.0,,,,,,,
-0.004912320524454117,mappo,2.7576135835261084e-05,0.5483625531196594,0.0009207735911970658,264.0,,,,,,,,,,,,,,0.0,,,,,0.015868930146098137,0.0
,mappo,,,,264.0,0.0,0.0,0.0,0.0,0.0,0.0,0.0,0.0,0.0,0.0,0.0,0.0,0.0,,,,,,,
-0.005751533433794975,mappo,1.5361165424110368e-05,0.5678380727767944,0.0009204734911637212,265.0,,,,,,,,,,,,,,0.0,,,,,0.015571768395602703,0.0
,mappo,,,,265.0,0.0,0.0,0.0,0.0,0.0,0.0,0.0,0.0,0.0,0.0,0.0,0.0,0.0,,,,,,,
-0.007927118800580502,mappo,0.0032699652947485447,0.5554558038711548,0.0009201733911303768,266.0,,,,,,,,,,,,,,0.0,,,,,0.01193549670279026,0.006666666828095913
,mappo,,,,266.0,0.0,0.0,0.3333333432674408,0.0,0.0,0.0,0.3333333432674408,0.0,0.0,0.0,0.0,0.0,0.0,,,,,,,
-0.0016674387734383345,mappo,0.002357244025915861,0.5527886748313904,0.0009198732910970324,267.0,,,,,,,,,,,,,,0.0,,,,,0.012118516489863396,0.006666666828095913
,mappo,,,,267.0,0.0,0.0,0.3333333432674408,0.0,0.0,0.0,0.3333333432674408,0.0,0.0,0.0,0.0,0.0,0.0,,,,,,,
-0.008211977779865265,mappo,0.0014297344023361802,0.5749640464782715,0.0009195731910636879,268.0,,,,,,,,,,,,,,0.0,,,,,0.011705899611115456,0.006666666828095913
,mappo,,,,268.0,0.0,0.0,0.3333333432674408,0.0,0.0,0.0,0.3333333432674408,0.0,0.0,0.0,0.0,0.0,0.0,,,,,,,
-0.008877219632267952,mappo,0.0006788771715946496,0.5806480646133423,0.0009192730910303435,269.0,,,,,,,,,,,,,,0.0,,,,,0.012105902656912804,0.006666666828095913
,mappo,,,,269.0,0.0,0.0,0.3333333432674408,0.0,0.0,0.0,0.3333333432674408,0.0,0.0,0.0,0.0,0.0,0.0,,,,,,,
-0.004030356649309397,mappo,0.00014609808567911386,0.5846132636070251,0.000918972990996999,270.0,,,,,,,,,,,,,,0.0,,,,,0.012293178588151932,0.006666666828095913
,mappo,,,,270.0,0.0,0.0,0.3333333432674408,0.0,0.0,0.0,0.3333333432674408,0.0,0.0,0.0,0.0,0.0,0.0,,,,,,,
-0.006671966053545475,mappo,7.859071774873883e-05,0.5932515859603882,0.0009186728909636546,271.0,,,,,,,,,,,,,,0.0,,,,,0.012554936110973358,0.006666666828095913
,mappo,,,,271.0,0.0,0.0,0.3333333432674408,0.0,0.0,0.0,0.3333333432674408,0.0,0.0,0.0,0.0,0.0,0.0,,,,,,,
-0.005733827594667673,mappo,0.00016763751045800745,0.597092866897583,0.0009183727909303102,272.0,,,,,,,,,,,,,,0.0,,,,,0.012287348508834839,0.006666666828095913
,mappo,,,,272.0,0.0,0.0,0.3333333432674408,0.0,0.0,0.0,0.3333333432674408,0.0,0.0,0.0,0.0,0.0,0.0,,,,,,,
-0.004671040456742048,mappo,0.00012550962856039405,0.5949923992156982,0.0009180726908969656,273.0,,,,,,,,,,,,,,0.0,,,,,0.012131961062550545,0.006666666828095913
,mappo,,,,273.0,0.0,0.0,0.3333333432674408,0.0,0.0,0.0,0.3333333432674408,0.0,0.0,0.0,0.0,0.0,0.0,,,,,,,
-0.005969471298158169,mappo,2.4581888283137232e-05,0.581952691078186,0.0009177725908636212,274.0,,,,,,,,,,,,,,0.0,,,,,0.0122189000248909,0.006666666828095913
,mappo,,,,274.0,0.0,0.0,0.3333333432674408,0.0,0.0,0.0,0.3333333432674408,0.0,0.0,0.0,0.0,0.0,0.0,,,,,,,
-0.0030226416420191526,mappo,3.902368189301342e-05,0.5591845512390137,0.0009174724908302768,275.0,,,,,,,,,,,,,,0.0,,,,,0.012145270593464375,0.006666666828095913
,mappo,,,,275.0,0.0,0.0,0.3333333432674408,0.0,0.0,0.0,0.3333333432674408,0.0,0.0,0.0,0.0,0.0,0.0,,,,,,,
-0.011064361780881882,mappo,7.336239650612697e-05,0.5564684867858887,0.0009171723907969323,276.0,,,,,,,,,,,,,,0.0,,,,,0.011754117906093597,0.006666666828095913
,mappo,,,,276.0,0.0,0.0,0.3333333432674408,0.0,0.0,0.0,0.3333333432674408,0.0,0.0,0.0,0.0,0.0,0.0,,,,,,,
-0.0023822735529392958,mappo,6.338967068586498e-05,0.5421149730682373,0.0009168722907635879,277.0,,,,,,,,,,,,,,0.0,,,,,0.012034851126372814,0.006666666828095913
,mappo,,,,277.0,0.0,0.0,0.3333333432674408,0.0,0.0,0.0,0.3333333432674408,0.0,0.0,0.0,0.0,0.0,0.0,,,,,,,
-0.005491070915013552,mappo,2.9647595511050895e-05,0.5274918079376221,0.0009165721907302435,278.0,,,,,,,,,,,,,,0.0,,,,,0.012185025960206985,0.006666666828095913
,mappo,,,,278.0,0.0,0.0,0.3333333432674408,0.0,0.0,0.0,0.3333333432674408,0.0,0.0,0.0,0.0,0.0,0.0,,,,,,,
0.0004114419862162322,mappo,8.662460459163412e-06,0.5132961273193359,0.000916272090696899,279.0,,,,,,,,,,,,,,0.0,,,,,0.01228988915681839,0.006666666828095913
,mappo,,,,279.0,0.0,0.0,0.3333333432674408,0.0,0.0,0.0,0.3333333432674408,0.0,0.0,0.0,0.0,0.0,0.0,,,,,,,
-0.0037711020559072495,mappo,6.347820090013556e-06,0.5141951441764832,0.0009159719906635546,280.0,,,,,,,,,,,,,,0.0,,,,,0.011609680950641632,0.006666666828095913
,mappo,,,,280.0,0.0,0.0,0.3333333432674408,0.0,0.0,0.0,0.3333333432674408,0.0,0.0,0.0,0.0,0.0,0.0,,,,,,,
-0.005821146070957184,mappo,2.929715992650017e-05,0.5230919122695923,0.00091567189063021,281.0,,,,,,,,,,,,,,0.0,,,,,0.012497201561927795,0.006666666828095913
,mappo,,,,281.0,0.0,0.0,0.3333333432674408,0.0,0.0,0.0,0.3333333432674408,0.0,0.0,0.0,0.0,0.0,0.0,,,,,,,
-0.0066823288798332214,mappo,1.365281150356168e-05,0.5268218517303467,0.0009153717905968656,282.0,,,,,,,,,,,,,,0.0,,,,,0.01214461401104927,0.006666666828095913
,mappo,,,,282.0,0.0,0.0,0.3333333432674408,0.0,0.0,0.0,0.3333333432674408,0.0,0.0,0.0,0.0,0.0,0.0,,,,,,,
-0.004793514497578144,mappo,0.00019901720224879682,0.5030553340911865,0.0009150716905635212,283.0,,,,,,,,,,,,,,0.0,,,,,0.016232600435614586,0.0
,mappo,,,,283.0,0.0,0.0,0.0,0.0,0.0,0.0,0.0,0.0,0.0,0.0,0.0,0.0,0.0,,,,,,,
-0.005114724859595299,mappo,3.2083898986456916e-05,0.5316051840782166,0.0009147715905301767,284.0,,,,,,,,,,,,,,0.0,,,,,0.012155462056398392,0.006666666828095913
,mappo,,,,284.0,0.0,0.0,0.3333333432674408,0.0,0.0,0.0,0.3333333432674408,0.0,0.0,0.0,0.0,0.0,0.0,,,,,,,
-0.0013985272962599993,mappo,4.4569966121343896e-05,0.528325080871582,0.0009144714904968323,285.0,,,,,,,,,,,,,,0.0,,,,,0.012478618882596493,0.006666666828095913
,mappo,,,,285.0,0.0,0.0,0.3333333432674408,0.0,0.0,0.0,0.3333333432674408,0.0,0.0,0.0,0.0,0.0,0.0,,,,,,,
-0.01485472358763218,mappo,3.259432560298592e-05,0.5234214663505554,0.0009141713904634879,286.0,,,,,,,,,,,,,,0.0,,,,,0.012391210533678532,0.006666666828095913
,mappo,,,,286.0,0.0,0.0,0.3333333432674408,0.0,0.0,0.0,0.3333333432674408,0.0,0.0,0.0,0.0,0.0,0.0,,,,,,,
-0.005060949828475714,mappo,0.00010461944475537166,0.4940926134586334,0.0009138712904301434,287.0,,,,,,,,,,,,,,0.0,,,,,0.0160076841711998,0.0
,mappo,,,,287.0,0.0,0.0,0.0,0.0,0.0,0.0,0.0,0.0,0.0,0.0,0.0,0.0,0.0,,,,,,,
-0.004576476756483316,mappo,8.059991523623466e-05,0.49969837069511414,0.000913571190396799,288.0,,,,,,,,,,,,,,0.0,,,,,0.0119542945176363,0.006666666828095913
,mappo,,,,288.0,0.0,0.0,0.3333333432674408,0.0,0.0,0.0,0.3333333432674408,0.0,0.0,0.0,0.0,0.0,0.0,,,,,,,
-0.003500106278806925,mappo,0.00014203505998011678,0.4372066855430603,0.0009132710903634545,289.0,,,,,,,,,,,,,,0.0,,,,,0.015863779932260513,0.0
,mappo,,,,289.0,0.0,0.0,0.0,0.0,0.0,0.0,0.0,0.0,0.0,0.0,0.0,0.0,0.0,,,,,,,
-0.005372293759137392,mappo,0.0002651849645189941,0.4470069408416748,0.0009129709903301101,290.0,,,,,,,,,,,,,,0.0,,,,,0.011934027075767517,0.006666666828095913
,mappo,,,,290.0,0.0,0.0,0.3333333432674408,0.0,0.0,0.0,0.3333333432674408,0.0,0.0,0.0,0.0,0.0,0.0,,,,,,,
0.005125692114233971,mappo,0.00016705671441741288,0.40130311250686646,0.0009126708902967656,291.0,,,,,,,,,,,,,,0.0,,,,,0.016563057899475098,0.0
,mappo,,,,291.0,0.0,0.0,0.0,0.0,0.0,0.0,0.0,0.0,0.0,0.0,0.0,0.0,0.0,,,,,,,
-0.011627242900431156,mappo,0.0001689208875177428,0.38904163241386414,0.0009123707902634211,292.0,,,,,,,,,,,,,,0.0,,,,,0.01642308384180069,0.0
,mappo,,,,292.0,0.0,0.0,0.0,0.0,0.0,0.0,0.0,0.0,0.0,0.0,0.0,0.0,0.0,,,,,,,
-0.0038821722846478224,mappo,0.0005068049067631364,0.4084007143974304,0.0009120706902300767,293.0,,,,,,,,,,,,,,0.0,,,,,0.012792570516467094,0.006666666828095913
,mappo,,,,293.0,0.0,0.0,0.3333333432674408,0.0,0.0,0.0,0.3333333432674408,0.0,0.0,0.0,0.0,0.0,0.0,,,,,,,
-0.0044890171848237514,mappo,0.00016677378152962774,0.37824374437332153,0.0009117705901967323,294.0,,,,,,,,,,,,,,0.0,,,,,0.016393667086958885,0.0
,mappo,,,,294.0,0.0,0.0,0.0,0.0,0.0,0.0,0.0,0.0,0.0,0.0,0.0,0.0,0.0,,,,,,,
-0.0032322623301297426,mappo,0.0005698498571291566,0.4063712954521179,0.0009114704901633878,295.0,,,,,,,,,,,,,,0.0,,,,,0.012492425739765167,0.006666666828095913
,mappo,,,,295.0,0.0,0.0,0.3333333432674408,0.0,0.0,0.0,0.3333333432674408,0.0,0.0,0.0,0.0,0.0,0.0,,,,,,,
-0.004660411737859249,mappo,0.0003323059936519712,0.39011964201927185,0.0009111703901300434,296.0,,,,,,,,,,,,,,0.0,,,,,0.012807994149625301,0.006666666828095913
,mappo,,,,296.0,0.0,0.0,0.3333333432674408,0.0,0.0,0.0,0.3333333432674408,0.0,0.0,0.0,0.0,0.0,0.0,,,,,,,
-0.007634247653186321,mappo,0.00012124329077778384,0.4020593464374542,0.0009108702900966989,297.0,,,,,,,,,,,,,,0.0,,,,,0.01267661526799202,0.006666666828095913
,mappo,,,,297.0,0.0,0.0,0.3333333432674408,0.0,0.0,0.0,0.3333333432674408,0.0,0.0,0.0,0.0,0.0,0.0,,,,,,,
-0.012759885750710964,mappo,2.7025640520150773e-05,0.44545018672943115,0.0009105701900633545,298.0,,,,,,,,,,,,,,0.0,,,,,0.012400668114423752,0.006666666828095913
,mappo,,,,298.0,0.0,0.0,0.3333333432674408,0.0,0.0,0.0,0.3333333432674408,0.0,0.0,0.0,0.0,0.0,0.0,,,,,,,
-0.006553370971232653,mappo,5.3742885938845575e-05,0.4534974694252014,0.0009102700900300101,299.0,,,,,,,,,,,,,,0.0,,,,,0.012287820689380169,0.006666666828095913
,mappo,,,,299.0,0.0,0.0,0.3333333432674408,0.0,0.0,0.0,0.3333333432674408,0.0,0.0,0.0,0.0,0.0,0.0,,,,,,,
,mappo,,,,299.0,,,,,,,,,,,,,,,0.0,0.0,0.3333333432674408,0.0,,
0.001312816864810884,mappo,8.377016638405621e-05,0.45637625455856323,0.0009099699899966655,300.0,,,,,,,,,,,,,,0.0,,,,,0.012385585345327854,0.006666666828095913
,mappo,,,,300.0,0.0,0.0,0.3333333432674408,0.0,0.0,0.0,0.3333333432674408,0.0,0.0,0.0,0.0,0.0,0.0,,,,,,,
-0.008886794559657574,mappo,3.3719115890562534e-05,0.4595505893230438,0.0009096698899633211,301.0,,,,,,,,,,,,,,0.0,,,,,0.012262508273124695,0.006666666828095913
,mappo,,,,301.0,0.0,0.0,0.3333333432674408,0.0,0.0,0.0,0.3333333432674408,0.0,0.0,0.0,0.0,0.0,0.0,,,,,,,
-0.004473286215215921,mappo,9.590628906153142e-06,0.4626278579235077,0.0009093697899299767,302.0,,,,,,,,,,,,,,0.0,,,,,0.012019528076052666,0.006666666828095913
,mappo,,,,302.0,0.0,0.0,0.3333333432674408,0.0,0.0,0.0,0.3333333432674408,0.0,0.0,0.0,0.0,0.0,0.0,,,,,,,
-0.007882337085902691,mappo,9.844283340498805e-06,0.4655287265777588,0.0009090696898966322,303.0,,,,,,,,,,,,,,0.0,,,,,0.012347200885415077,0.006666666828095913
,mappo,,,,303.0,0.0,0.0,0.3333333432674408,0.0,0.0,0.0,0.3333333432674408,0.0,0.0,0.0,0.0,0.0,0.0,,,,,,,
-0.0009766315342858434,mappo,4.432581408764236e-05,0.45749399065971375,0.0009087695898632878,304.0,,,,,,,,,,,,,,0.0,,,,,0.01255781576037407,0.006666666828095913
,mappo,,,,304.0,0.0,0.0,0.3333333432674408,0.0,0.0,0.0,0.3333333432674408,0.0,0.0,0.0,0.0,0.0,0.0,,,,,,,
-0.008994460105895996,mappo,4.147982326685451e-05,0.43769571185112,0.0009084694898299434,305.0,,,,,,,,,,,,,,0.0,,,,,0.012337053194642067,0.006666666828095913
,mappo,,,,305.0,0.0,0.0,0.3333333432674408,0.0,0.0,0.0,0.3333333432674408,0.0,0.0,0.0,0.0,0.0,0.0,,,,,,,
-0.004482388962060213,mappo,3.547440064721741e-05,0.4315718114376068,0.0009081693897965989,306.0,,,,,,,,,,,,,,0.0,,,,,0.012236165814101696,0.006666666828095913
,mappo,,,,306.0,0.0,0.0,0.3333333432674408,0.0,0.0,0.0,0.3333333432674408,0.0,0.0,0.0,0.0,0.0,0.0,,,,,,,
-0.004045415669679642,mappo,8.518464710505214e-06,0.41850733757019043,0.0009078692897632545,307.0,,,,,,,,,,,,,,0.0,,,,,0.012440577149391174,0.006666666828095913
,mappo,,,,307.0,0.0,0.0,0.3333333432674408,0.0,0.0,0.0,0.3333333432674408,0.0,0.0,0.0,0.0,0.0,0.0,,,,,,,
-0.0070373560301959515,mappo,7.789071787556168e-06,0.39928263425827026,0.00090756918972991,308.0,,,,,,,,,,,,,,0.0,,,,,0.012575476430356503,0.006666666828095913
,mappo,,,,308.0,0.0,0.0,0.3333333432674408,0.0,0.0,0.0,0.3333333432674408,0.0,0.0,0.0,0.0,0.0,0.0,,,,,,,
-0.01163804903626442,mappo,2.2269725377555005e-05,0.37469398975372314,0.0009072690896965655,309.0,,,,,,,,,,,,,,0.0,,,,,0.01260280143469572,0.006666666828095913
,mappo,,,,309.0,0.0,0.0,0.3333333432674408,0.0,0.0,0.0,0.3333333432674408,0.0,0.0,0.0,0.0,0.0,0.0,,,,,,,
-0.003415599698200822,mappo,1.7500244211987592e-05,0.351489782333374,0.0009069689896632211,310.0,,,,,,,,,,,,,,0.0,,,,,0.01288570649921894,0.006666666828095913
,mappo,,,,310.0,0.0,0.0,0.3333333432674408,0.0,0.0,0.0,0.3333333432674408,0.0,0.0,0.0,0.0,0.0,0.0,,,,,,,
-0.0026563433930277824,mappo,3.3804556096583838e-06,0.3343263864517212,0.0009066688896298766,311.0,,,,,,,,,,,,,,0.0,,,,,0.012771775014698505,0.006666666828095913
,mappo,,,,311.0,0.0,0.0,0.3333333432674408,0.0,0.0,0.0,0.3333333432674408,0.0,0.0,0.0,0.0,0.0,0.0,,,,,,,
-0.0025171497836709023,mappo,0.00018589050159789622,0.19733288884162903,0.0009063687895965322,312.0,,,,,,,,,,,,,,0.0,,,,,0.01738699898123741,0.0
,mappo,,,,312.0,0.0,0.0,0.0,0.0,0.0,0.0,0.0,0.0,0.0,0.0,0.0,0.0,0.0,,,,,,,
-0.0055843438021838665,mappo,0.00013210525503382087,0.1757671982049942,0.0009060686895631877,313.0,,,,,,,,,,,,,,0.0,,,,,0.0172638650983572,0.0
,mappo,,,,313.0,0.0,0.0,0.0,0.0,0.0,0.0,0.0,0.0,0.0,0.0,0.0,0.0,0.0,,,,,,,
-0.003016188507899642,mappo,0.00019466066441964358,0.3004801273345947,0.0009057685895298433,314.0,,,,,,,,,,,,,,0.0,,,,,0.012361458502709866,0.006666666828095913
,mappo,,,,314.0,0.0,0.0,0.3333333432674408,0.0,0.0,0.0,0.3333333432674408,0.0,0.0,0.0,0.0,0.0,0.0,,,,,,,
-0.0004902088548988104,mappo,0.00020495010539889336,0.325741708278656,0.0009054684894964989,315.0,,,,,,,,,,,,,,0.0,,,,,0.012065015733242035,0.006666666828095913
,mappo,,,,315.0,0.0,0.0,0.3333333432674408,0.0,0.0,0.0,0.3333333432674408,0.0,0.0,0.0,0.0,0.0,0.0,,,,,,,
-0.003517002798616886,mappo,0.00016209928435273468,0.33418965339660645,0.0009051683894631545,316.0,,,,,,,,,,,,,,0.0,,,,,0.0122617706656456,0.006666666828095913
,mappo,,,,316.0,0.0,0.0,0.3333333432674408,0.0,0.0,0.0,0.3333333432674408,0.0,0.0,0.0,0.0,0.0,0.0,,,,,,,
-0.013481861911714077,mappo,5.7965953601524234e-05,0.34017547965049744,0.00090486828942981,317.0,,,,,,,,,,,,,,0.0,,,,,0.012259671464562416,0.006666666828095913
,mappo,,,,317.0,0.0,0.0,0.3333333432674408,0.0,0.0,0.0,0.3333333432674408,0.0,0.0,0.0,0.0,0.0,0.0,,,,,,,
0.000975255505181849,mappo,1.1089159670518711e-05,0.3360280990600586,0.0009045681893964655,318.0,,,,,,,,,,,,,,0.0,,,,,0.012104250490665436,0.006666666828095913
,mappo,,,,318.0,0.0,0.0,0.3333333432674408,0.0,0.0,0.0,0.3333333432674408,0.0,0.0,0.0,0.0,0.0,0.0,,,,,,,
-0.010231546126306057,mappo,2.3890770535217598e-05,0.3246862590312958,0.000904268089363121,319.0,,,,,,,,,,,,,,0.0,,,,,0.012095285579562187,0.006666666828095913
,mappo,,,,319.0,0.0,0.0,0.3333333432674408,0.0,0.0,0.0,0.3333333432674408,0.0,0.0,0.0,0.0,0.0,0.0,,,,,,,
-0.0004594894708134234,mappo,4.409476969158277e-05,0.31923598051071167,0.0009039679893297766,320.0,,,,,,,,,,,,,,0.0,,,,,0.01204097829759121,0.006666666828095913
,mappo,,,,320.0,0.0,0.0,0.3333333432674408,0.0,0.0,0.0,0.3333333432674408,0.0,0.0,0.0,0.0,0.0,0.0,,,,,,,
-0.0121030043810606,mappo,2.9696984711335972e-05,0.31649601459503174,0.0009036678892964322,321.0,,,,,,,,,,,,,,0.0,,,,,0.012022534385323524,0.006666666828095913
,mappo,,,,321.0,0.0,0.0,0.3333333432674408,0.0,0.0,0.0,0.3333333432674408,0.0,0.0,0.0,0.0,0.0,0.0,,,,,,,
-0.0032193916849792004,mappo,7.877102689235471e-06,0.337938129901886,0.0009033677892630877,322.0,,,,,,,,,,,,,,0.0,,,,,0.011788774281740189,0.006666666828095913
,mappo,,,,322.0,0.0,0.0,0.3333333432674408,0.0,0.0,0.0,0.3333333432674408,0.0,0.0,0.0,0.0,0.0,0.0,,,,,,,
-0.009742934256792068,mappo,5.6649082580406684e-06,0.36467188596725464,0.0009030676892297433,323.0,,,,,,,,,,,,,,0.0,,,,,0.01157679408788681,0.006666666828095913
,mappo,,,,323.0,0.0,0.0,0.3333333432674408,0.0,0.0,0.0,0.3333333432674408,0.0,0.0,0.0,0.0,0.0,0.0,,,,,,,
-0.012838819064199924,mappo,2.0144159861956723e-05,0.3753780424594879,0.0009027675891963988,324.0,,,,,,,,,,,,,,0.0,,,,,0.01155306026339531,0.006666666828095913
,mappo,,,,324.0,0.0,0.0,0.3333333432674408,0.0,0.0,0.0,0.3333333432674408,0.0,0.0,0.0,0.0,0.0,0.0,,,,,,,
-0.005279229022562504,mappo,2.3973185307113454e-05,0.38364580273628235,0.0009024674891630544,325.0,,,,,,,,,,,,,,0.0,,,,,0.011707269586622715,0.006666666828095913
,mappo,,,,325.0,0.0,0.0,0.3333333432674408,0.0,0.0,0.0,0.3333333432674408,0.0,0.0,0.0,0.0,0.0,0.0,,,,,,,
-0.005112535785883665,mappo,1.306922877120087e-05,0.3955134451389313,0.00090216738912971,326.0,,,,,,,,,,,,,,0.0,,,,,0.011603989638388157,0.006666666828095913
,mappo,,,,326.0,0.0,0.0,0.3333333432674408,0.0,0.0,0.0,0.3333333432674408,0.0,0.0,0.0,0.0,0.0,0.0,,,,,,,
-0.005337612237781286,mappo,3.211035618733149e-06,0.40577512979507446,0.0009018672890963654,327.0,,,,,,,,,,,,,,0.0,,,,,0.011864631436765194,0.006666666828095913
,mappo,,,,327.0,0.0,0.0,0.3333333432674408,0.0,0.0,0.0,0.3333333432674408,0.0,0.0,0.0,0.0,0.0,0.0,,,,,,,
-0.002758072456344962,mappo,8.061094376898836e-06,0.401966392993927,0.000901567189063021,328.0,,,,,,,,,,,,,,0.0,,,,,0.011834620498120785,0.006666666828095913
,mappo,,,,328.0,0.0,0.0,0.3333333432674408,0.0,0.0,0.0,0.3333333432674408,0.0,0.0,0.0,0.0,0.0,0.0,,,,,,,
-0.007101125083863735,mappo,8.293483915622346e-06,0.4077373743057251,0.0009012670890296766,329.0,,,,,,,,,,,,,,0.0,,,,,0.011558741331100464,0.006666666828095913
,mappo,,,,329.0,0.0,0.0,0.3333333432674408,0.0,0.0,0.0,0.3333333432674408,0.0,0.0,0.0,0.0,0.0,0.0,,,,,,,
-0.005410093814134598,mappo,1.1226908100070432e-05,0.3927110731601715,0.0009009669889963321,330.0,,,,,,,,,,,,,,0.0,,,,,0.011481232941150665,0.006666666828095913
,mappo,,,,330.0,0.0,0.0,0.3333333432674408,0.0,0.0,0.0,0.3333333432674408,0.0,0.0,0.0,0.0,0.0,0.0,,,,,,,
-0.008680434897542,mappo,2.276183977301116e-06,0.38579076528549194,0.0009006668889629877,331.0,,,,,,,,,,,,,,0.0,,,,,0.011642456986010075,0.006666666828095913
,mappo,,,,331.0,0.0,0.0,0.3333333432674408,0.0,0.0,0.0,0.3333333432674408,0.0,0.0,0.0,0.0,0.0,0.0,,,,,,,
-0.0006967097870074213,mappo,3.3972173696383834e-06,0.3924711048603058,0.0009003667889296433,332.0,,,,,,,,,,,,,,0.0,,,,,0.011360514909029007,0.006666666828095913
,mappo,,,,332.0,0.0,0.0,0.3333333432674408,0.0,0.0,0.0,0.3333333432674408,0.0,0.0,0.0,0.0,0.0,0.0,,,,,,,
-0.004282539710402489,mappo,1.3187218428356573e-05,0.3808746337890625,0.0009000666888962988,333.0,,,,,,,,,,,,,,0.0,,,,,0.011450891382992268,0.006666666828095913
,mappo,,,,333.0,0.0,0.0,0.3333333432674408,0.0,0.0,0.0,0.3333333432674408,0.0,0.0,0.0,0.0,0.0,0.0,,,,,,,
-0.009414806962013245,mappo,1.3037114513281267e-05,0.38064029812812805,0.0008997665888629544,334.0,,,,,,,,,,,,,,0.0,,,,,0.01139029674232006,0.006666666828095913
,mappo,,,,334.0,0.0,0.0,0.3333333432674408,0.0,0.0,0.0,0.3333333432674408,0.0,0.0,0.0,0.0,0.0,0.0,,,,,,,
0.000417042407207191,mappo,6.427764219552046e-06,0.38043537735939026,0.0008994664888296098,335.0,,,,,,,,,,,,,,0.0,,,,,0.011754564940929413,0.006666666828095913
,mappo,,,,335.0,0.0,0.0,0.3333333432674408,0.0,0.0,0.0,0.3333333432674408,0.0,0.0,0.0,0.0,0.0,0.0,,,,,,,
-0.008358766324818134,mappo,6.921094154677121e-06,0.39869609475135803,0.0008991663887962654,336.0,,,,,,,,,,,,,,0.0,,,,,0.011687856167554855,0.006666666828095913
,mappo,,,,336.0,0.0,0.0,0.3333333432674408,0.0,0.0,0.0,0.3333333432674408,0.0,0.0,0.0,0.0,0.0,0.0,,,,,,,
-0.004311185330152512,mappo,8.307522875838913e-06,0.40891629457473755,0.000898866288762921,337.0,,,,,,,,,,,,,,0.0,,,,,0.011770151555538177,0.006666666828095913
,mappo,,,,337.0,0.0,0.0,0.3333333432674408,0.0,0.0,0.0,0.3333333432674408,0.0,0.0,0.0,0.0,0.0,0.0,,,,,,,
-0.0009503577603027225,mappo,1.6417350707342848e-05,0.42427584528923035,0.0008985661887295765,338.0,,,,,,,,,,,,,,0.0,,,,,0.011577838100492954,0.006666666828095913
,mappo,,,,338.0,0.0,0.0,0.3333333432674408,0.0,0.0,0.0,0.3333333432674408,0.0,0.0,0.0,0.0,0.0,0.0,,,,,,,
-0.0059959799982607365,mappo,9.3752947577741e-05,0.3676500618457794,0.0008982660886962321,339.0,,,,,,,,,,,,,,0.0,,,,,0.01636907085776329,0.0
,mappo,,,,339.0,0.0,0.0,0.0,0.0,0.0,0.0,0.0,0.0,0.0,0.0,0.0,0.0,0.0,,,,,,,
-0.01048931386321783,mappo,1.567042818351183e-05,0.4746050536632538,0.0008979659886628877,340.0,,,,,,,,,,,,,,0.0,,,,,0.011582283303141594,0.006666666828095913
,mappo,,,,340.0,0.0,0.0,0.3333333432674408,0.0,0.0,0.0,0.3333333432674408,0.0,0.0,0.0,0.0,0.0,0.0,,,,,,,
-0.005796570796519518,mappo,1.4123376786301378e-05,0.4888940453529358,0.0008976658886295432,341.0,,,,,,,,,,,,,,0.0,,,,,0.011725443415343761,0.006666666828095913
,mappo,,,,341.0,0.0,0.0,0.3333333432674408,0.0,0.0,0.0,0.3333333432674408,0.0,0.0,0.0,0.0,0.0,0.0,,,,,,,
-0.008010360412299633,mappo,2.297002538398374e-05,0.5027790069580078,0.0008973657885961988,342.0,,,,,,,,,,,,,,0.0,,,,,0.011493299156427383,0.006666666828095913
,mappo,,,,342.0,0.0,0.0,0.3333333432674408,0.0,0.0,0.0,0.3333333432674408,0.0,0.0,0.0,0.0,0.0,0.0,,,,,,,
-0.004597250837832689,mappo,5.3681501412938815e-06,0.5048842430114746,0.0008970656885628544,343.0,,,,,,,,,,,,,,0.0,,,,,0.011753760278224945,0.006666666828095913
,mappo,,,,343.0,0.0,0.0,0.3333333432674408,0.0,0.0,0.0,0.3333333432674408,0.0,0.0,0.0,0.0,0.0,0.0,,,,,,,
-0.00702003063634038,mappo,2.565169779700227e-06,0.5180784463882446,0.0008967655885295098,344.0,,,,,,,,,,,,,,0.0,,,,,0.011320596560835838,0.006666666828095913
,mappo,,,,344.0,0.0,0.0,0.3333333432674408,0.0,0.0,0.0,0.3333333432674408,0.0,0.0,0.0,0.0,0.0,0.0,,,,,,,
-0.00974525697529316,mappo,7.3304718171129934e-06,0.5243788361549377,0.0008964654884961654,345.0,,,,,,,,,,,,,,0.0,,,,,0.011714296415448189,0.006666666828095913
,mappo,,,,345.0,0.0,0.0,0.3333333432674408,0.0,0.0,0.0,0.3333333432674408,0.0,0.0,0.0,0.0,0.0,0.0,,,,,,,
-0.0045051355846226215,mappo,1.3495451639755629e-05,0.5364978313446045,0.0008961653884628209,346.0,,,,,,,,,,,,,,0.0,,,,,0.011196312494575977,0.006666666828095913
,mappo,,,,346.0,0.0,0.0,0.3333333432674408,0.0,0.0,0.0,0.3333333432674408,0.0,0.0,0.0,0.0,0.0,0.0,,,,,,,
-0.009579137898981571,mappo,1.1774920494644903e-05,0.5386772155761719,0.0008958652884294765,347.0,,,,,,,,,,,,,,0.0,,,,,0.011024737730622292,0.006666666828095913
,mappo,,,,347.0,0.0,0.0,0.3333333432674408,0.0,0.0,0.0,0.3333333432674408,0.0,0.0,0.0,0.0,0.0,0.0,,,,,,,
0.00029454080504365265,mappo,1.912767856993014e-06,0.5291707515716553,0.0008955651883961321,348.0,,,,,,,,,,,,,,0.0,,,,,0.011129811406135559,0.006666666828095913
,mappo,,,,348.0,0.0,0.0,0.3333333432674408,0.0,0.0,0.0,0.3333333432674408,0.0,0.0,0.0,0.0,0.0,0.0,,,,,,,
-0.005472567398101091,mappo,1.1023466868209653e-06,0.5086305737495422,0.0008952650883627876,349.0,,,,,,,,,,,,,,0.0,,,,,0.01143801212310791,0.006666666828095913
,mappo,,,,349.0,0.0,0.0,0.3333333432674408,0.0,0.0,0.0,0.3333333432674408,0.0,0.0,0.0,0.0,0.0,0.0,,,,,,,
-0.00820166151970625,mappo,4.95038557346561e-06,0.493988037109375,0.0008949649883294432,350.0,,,,,,,,,,,,,,0.0,,,,,0.011070843786001205,0.006666666828095913
,mappo,,,,350.0,0.0,0.0,0.3333333432674408,0.0,0.0,0.0,0.3333333432674408,0.0,0.0,0.0,0.0,0.0,0.0,,,,,,,
-0.010191380977630615,mappo,1.2680105101026129e-05,0.4728516638278961,0.0008946648882960987,351.0,,,,,,,,,,,,,,0.0,,,,,0.010742727667093277,0.006666666828095913
,mappo,,,,351.0,0.0,0.0,0.3333333432674408,0.0,0.0,0.0,0.3333333432674408,0.0,0.0,0.0,0.0,0.0,0.0,,,,,,,
-0.0036284332163631916,mappo,1.5192588307400001e-06,0.45063313841819763,0.0008943647882627543,352.0,,,,,,,,,,,,,,0.0,,,,,0.010959742590785027,0.006666666828095913
,mappo,,,,352.0,0.0,0.0,0.3333333432674408,0.0,0.0,0.0,0.3333333432674408,0.0,0.0,0.0,0.0,0.0,0.0,,,,,,,
-0.006576561834663153,mappo,1.5539258129138034e-06,0.41812774538993835,0.0008940646882294098,353.0,,,,,,,,,,,,,,0.0,,,,,0.011209012940526009,0.006666666828095913
,mappo,,,,353.0,0.0,0.0,0.3333333432674408,0.0,0.0,0.0,0.3333333432674408,0.0,0.0,0.0,0.0,0.0,0.0,,,,,,,
-0.0060165198519825935,mappo,2.5488491246505873e-06,0.4268752634525299,0.0008937645881960654,354.0,,,,,,,,,,,,,,0.0,,,,,0.01094184909015894,0.006666666828095913
,mappo,,,,354.0,0.0,0.0,0.3333333432674408,0.0,0.0,0.0,0.3333333432674408,0.0,0.0,0.0,0.0,0.0,0.0,,,,,,,
-0.007356979884207249,mappo,1.5711526657469221e-06,0.3958165645599365,0.0008934644881627209,355.0,,,,,,,,,,,,,,0.0,,,,,0.010988237336277962,0.006666666828095913
,mappo,,,,355.0,0.0,0.0,0.3333333432674408,0.0,0.0,0.0,0.3333333432674408,0.0,0.0,0.0,0.0,0.0,0.0,,,,,,,
-0.0027935276739299297,mappo,4.305251877667615e-06,0.3756687045097351,0.0008931643881293765,356.0,,,,,,,,,,,,,,0.0,,,,,0.01124124601483345,0.006666666828095913
,mappo,,,,356.0,0.0,0.0,0.3333333432674408,0.0,0.0,0.0,0.3333333432674408,0.0,0.0,0.0,0.0,0.0,0.0,,,,,,,
-0.0062782010063529015,mappo,1.741193386806117e-06,0.35334312915802,0.000892864288096032,357.0,,,,,,,,,,,,,,0.0,,,,,0.0112205371260643,0.006666666828095913
,mappo,,,,357.0,0.0,0.0,0.3333333432674408,0.0,0.0,0.0,0.3333333432674408,0.0,0.0,0.0,0.0,0.0,0.0,,,,,,,
-0.004427737090736628,mappo,1.0674528994059074e-06,0.33493274450302124,0.0008925641880626876,358.0,,,,,,,,,,,,,,0.0,,,,,0.011284951120615005,0.006666666828095913
,mappo,,,,358.0,0.0,0.0,0.3333333432674408,0.0,0.0,0.0,0.3333333432674408,0.0,0.0,0.0,0.0,0.0,0.0,,,,,,,
-0.007801990956068039,mappo,1.457139546801045e-06,0.33391255140304565,0.0008922640880293432,359.0,,,,,,,,,,,,,,0.0,,,,,0.011108942329883575,0.006666666828095913
,mappo,,,,359.0,0.0,0.0,0.3333333432674408,0.0,0.0,0.0,0.3333333432674408,0.0,0.0,0.0,0.0,0.0,0.0,,,,,,,
0.0021960025187581778,mappo,2.5632450615376e-06,0.31016722321510315,0.0008919639879959987,360.0,,,,,,,,,,,,,,0.0,,,,,0.011079728603363037,0.006666666828095913
,mappo,,,,360.0,0.0,0.0,0.3333333432674408,0.0,0.0,0.0,0.3333333432674408,0.0,0.0,0.0,0.0,0.0,0.0,,,,,,,
-0.005925261415541172,mappo,3.263506869188859e-06,0.32144811749458313,0.0008916638879626543,361.0,,,,,,,,,,,,,,0.0,,,,,0.011103743687272072,0.006666666828095913
,mappo,,,,361.0,0.0,0.0,0.3333333432674408,0.0,0.0,0.0,0.3333333432674408,0.0,0.0,0.0,0.0,0.0,0.0,,,,,,,
-0.000908218848053366,mappo,1.486644350734423e-06,0.3175194263458252,0.0008913637879293097,362.0,,,,,,,,,,,,,,0.0,,,,,0.011048587039113045,0.006666666828095913
,mappo,,,,362.0,0.0,0.0,0.3333333432674408,0.0,0.0,0.0,0.3333333432674408,0.0,0.0,0.0,0.0,0.0,0.0,,,,,,,
-0.0014622205635532737,mappo,2.1657820070686284e-06,0.2977648973464966,0.0008910636878959653,363.0,,,,,,,,,,,,,,0.0,,,,,0.0111326202750206,0.006666666828095913
,mappo,,,,363.0,0.0,0.0,0.3333333432674408,0.0,0.0,0.0,0.3333333432674408,0.0,0.0,0.0,0.0,0.0,0.0,,,,,,,
-0.01051036361604929,mappo,1.913493179017678e-06,0.30162906646728516,0.0008907635878626209,364.0,,,,,,,,,,,,,,0.0,,,,,0.011057958006858826,0.006666666828095913
,mappo,,,,364.0,0.0,0.0,0.3333333432674408,0.0,0.0,0.0,0.3333333432674408,0.0,0.0,0.0,0.0,0.0,0.0,,,,,,,
-0.007380435708910227,mappo,3.4928227705677273e-06,0.2847442030906677,0.0008904634878292764,365.0,,,,,,,,,,,,,,0.0,,,,,0.010995101183652878,0.006666666828095913
,mappo,,,,365.0,0.0,0.0,0.3333333432674408,0.0,0.0,0.0,0.3333333432674408,0.0,0.0,0.0,0.0,0.0,0.0,,,,,,,
-0.007292731199413538,mappo,2.1233843199297553e-06,0.2817942500114441,0.000890163387795932,366.0,,,,,,,,,,,,,,0.0,,,,,0.010830897837877274,0.006666666828095913
,mappo,,,,366.0,0.0,0.0,0.3333333432674408,0.0,0.0,0.0,0.3333333432674408,0.0,0.0,0.0,0.0,0.0,0.0,,,,,,,
-0.0023110508918762207,mappo,9.715478199723293e-07,0.2749575674533844,0.0008898632877625876,367.0,,,,,,,,,,,,,,0.0,,,,,0.011134290136396885,0.006666666828095913
,mappo,,,,367.0,0.0,0.0,0.3333333432674408,0.0,0.0,0.0,0.3333333432674408,0.0,0.0,0.0,0.0,0.0,0.0,,,,,,,
-0.005876614712178707,mappo,7.678572160330077e-07,0.2590988278388977,0.0008895631877292431,368.0,,,,,,,,,,,,,,0.0,,,,,0.011051547713577747,0.006666666828095913
,mappo,,,,368.0,0.0,0.0,0.3333333432674408,0.0,0.0,0.0,0.3333333432674408,0.0,0.0,0.0,0.0,0.0,0.0,,,,,,,
-0.003958411980420351,mappo,1.4247946182877058e-06,0.23626123368740082,0.0008892630876958987,369.0,,,,,,,,,,,,,,0.0,,,,,0.011169107630848885,0.006666666828095913
,mappo,,,,369.0,0.0,0.0,0.3333333432674408,0.0,0.0,0.0,0.3333333432674408,0.0,0.0,0.0,0.0,0.0,0.0,,,,,,,
-0.0014873647596687078,mappo,1.9257092844782164e-06,0.2072978913784027,0.0008889629876625543,370.0,,,,,,,,,,,,,,0.0,,,,,0.011147914454340935,0.006666666828095913
,mappo,,,,370.0,0.0,0.0,0.3333333432674408,0.0,0.0,0.0,0.3333333432674408,0.0,0.0,0.0,0.0,0.0,0.0,,,,,,,
-0.005555071868002415,mappo,6.953139859433577e-07,0.20133310556411743,0.0008886628876292097,371.0,,,,,,,,,,,,,,0.0,,,,,0.010732455179095268,0.006666666828095913
,mappo,,,,371.0,0.0,0.0,0.3333333432674408,0.0,0.0,0.0,0.3333333432674408,0.0,0.0,0.0,0.0,0.0,0.0,,,,,,,
-7.12164182914421e-05,mappo,4.2983745629499026e-07,0.19323430955410004,0.0008883627875958653,372.0,,,,,,,,,,,,,,0.0,,,,,0.010943764820694923,0.006666666828095913
,mappo,,,,372.0,0.0,0.0,0.3333333432674408,0.0,0.0,0.0,0.3333333432674408,0.0,0.0,0.0,0.0,0.0,0.0,,,,,,,
-0.0057753222063183784,mappo,7.225594913506939e-07,0.1662987768650055,0.0008880626875625208,373.0,,,,,,,,,,,,,,0.0,,,,,0.011037182062864304,0.006666666828095913
,mappo,,,,373.0,0.0,0.0,0.3333333432674408,0.0,0.0,0.0,0.3333333432674408,0.0,0.0,0.0,0.0,0.0,0.0,,,,,,,
-0.006861352827399969,mappo,1.3333842616702896e-06,0.18177548050880432,0.0008877625875291764,374.0,,,,,,,,,,,,,,0.0,,,,,0.01097395084798336,0.006666666828095913
,mappo,,,,374.0,0.0,0.0,0.3333333432674408,0.0,0.0,0.0,0.3333333432674408,0.0,0.0,0.0,0.0,0.0,0.0,,,,,,,
0.0044102794490754604,mappo,8.967588769337453e-07,0.18188117444515228,0.000887462487495832,375.0,,,,,,,,,,,,,,0.0,,,,,0.010785172693431377,0.006666666828095913
,mappo,,,,375.0,0.0,0.0,0.3333333432674408,0.0,0.0,0.0,0.3333333432674408,0.0,0.0,0.0,0.0,0.0,0.0,,,,,,,
-0.004965980537235737,mappo,1.0913998949035886e-06,0.18126316368579865,0.0008871623874624875,376.0,,,,,,,,,,,,,,0.0,,,,,0.010818414390087128,0.006666666828095913
,mappo,,,,376.0,0.0,0.0,0.3333333432674408,0.0,0.0,0.0,0.3333333432674408,0.0,0.0,0.0,0.0,0.0,0.0,,,,,,,
0.0016595638589933515,mappo,9.066062034435163e-07,0.1827957183122635,0.0008868622874291431,377.0,,,,,,,,,,,,,,0.0,,,,,0.011064985767006874,0.006666666828095913
,mappo,,,,377.0,0.0,0.0,0.3333333432674408,0.0,0.0,0.0,0.3333333432674408,0.0,0.0,0.0,0.0,0.0,0.0,,,,,,,
-0.001825222629122436,mappo,7.744454819658131e-07,0.19321481883525848,0.0008865621873957987,378.0,,,,,,,,,,,,,,0.0,,,,,0.011120042763650417,0.006666666828095913
,mappo,,,,378.0,0.0,0.0,0.3333333432674408,0.0,0.0,0.0,0.3333333432674408,0.0,0.0,0.0,0.0,0.0,0.0,,,,,,,
-0.014994542114436626,mappo,7.897695013525663e-07,0.20937560498714447,0.0008862620873624542,379.0,,,,,,,,,,,,,,0.0,,,,,0.011024393141269684,0.006666666828095913
,mappo,,,,379.0,0.0,0.0,0.3333333432674408,0.0,0.0,0.0,0.3333333432674408,0.0,0.0,0.0,0.0,0.0,0.0,,,,,,,
-0.009310789406299591,mappo,8.788096010903246e-07,0.22329048812389374,0.0008859619873291097,380.0,,,,,,,,,,,,,,0.0,,,,,0.010820048861205578,0.006666666828095913
,mappo,,,,380.0,0.0,0.0,0.3333333432674408,0.0,0.0,0.0,0.3333333432674408,0.0,0.0,0.0,0.0,0.0,0.0,,,,,,,
0.0016412967815995216,mappo,4.936325694870902e-07,0.23885662853717804,0.0008856618872957653,381.0,,,,,,,,,,,,,,0.0,,,,,0.010491233319044113,0.006666666828095913
,mappo,,,,381.0,0.0,0.0,0.3333333432674408,0.0,0.0,0.0,0.3333333432674408,0.0,0.0,0.0,0.0,0.0,0.0,,,,,,,
-0.006425284780561924,mappo,5.257002158032265e-07,0.2228887677192688,0.0008853617872624208,382.0,,,,,,,,,,,,,,0.0,,,,,0.010759548284113407,0.006666666828095913
,mappo,,,,382.0,0.0,0.0,0.3333333432674408,0.0,0.0,0.0,0.3333333432674408,0.0,0.0,0.0,0.0,0.0,0.0,,,,,,,
-0.0008732532151043415,mappo,2.0832192149100592e-06,0.21241869032382965,0.0008850616872290764,383.0,,,,,,,,,,,,,,0.0,,,,,0.01108698919415474,0.006666666828095913
,mappo,,,,383.0,0.0,0.0,0.3333333432674408,0.0,0.0,0.0,0.3333333432674408,0.0,0.0,0.0,0.0,0.0,0.0,,,,,,,
-0.004141312558203936,mappo,5.978270110063022e-07,0.22998669743537903,0.0008847615871957319,384.0,,,,,,,,,,,,,,0.0,,,,,0.010976243764162064,0.006666666828095913
,mappo,,,,384.0,0.0,0.0,0.3333333432674408,0.0,0.0,0.0,0.3333333432674408,0.0,0.0,0.0,0.0,0.0,0.0,,,,,,,
-0.0030277352780103683,mappo,7.156051538004249e-07,0.22924832999706268,0.0008844614871623875,385.0,,,,,,,,,,,,,,0.0,,,,,0.01102260872721672,0.006666666828095913
,mappo,,,,385.0,0.0,0.0,0.3333333432674408,0.0,0.0,0.0,0.3333333432674408,0.0,0.0,0.0,0.0,0.0,0.0,,,,,,,
-0.0059478250332176685,mappo,1.24351242902776e-06,0.22861552238464355,0.0008841613871290431,386.0,,,,,,,,,,,,,,0.0,,,,,0.010827464982867241,0.006666666828095913
,mappo,,,,386.0,0.0,0.0,0.3333333432674408,0.0,0.0,0.0,0.3333333432674408,0.0,0.0,0.0,0.0,0.0,0.0,,,,,,,
-0.005530275870114565,mappo,8.362379730897374e-07,0.21680213510990143,0.0008838612870956986,387.0,,,,,,,,,,,,,,0.0,,,,,0.01076708734035492,0.006666666828095913
,mappo,,,,387.0,0.0,0.0,0.3333333432674408,0.0,0.0,0.0,0.3333333432674408,0.0,0.0,0.0,0.0,0.0,0.0,,,,,,,
-0.00442458176985383,mappo,1.3126716567057883e-06,0.2177058607339859,0.0008835611870623542,388.0,,,,,,,,,,,,,,0.0,,,,,0.010628996416926384,0.006666666828095913
,mappo,,,,388.0,0.0,0.0,0.3333333432674408,0.0,0.0,0.0,0.3333333432674408,0.0,0.0,0.0,0.0,0.0,0.0,,,,,,,
-0.003555008675903082,mappo,9.076447895495221e-07,0.19896188378334045,0.0008832610870290097,389.0,,,,,,,,,,,,,,0.0,,,,,0.010859652422368526,0.006666666828095913
,mappo,,,,389.0,0.0,0.0,0.3333333432674408,0.0,0.0,0.0,0.3333333432674408,0.0,0.0,0.0,0.0,0.0,0.0,,,,,,,
-0.0035260783042758703,mappo,1.1351048669894226e-06,0.20681263506412506,0.0008829609869956652,390.0,,,,,,,,,,,,,,0.0,,,,,0.010644929483532906,0.006666666828095913
,mappo,,,,390.0,0.0,0.0,0.3333333432674408,0.0,0.0,0.0,0.3333333432674408,0.0,0.0,0.0,0.0,0.0,0.0,,,,,,,
-0.00504729337990284,mappo,0.0032650071661919355,0.22803406417369843,0.0008826608869623208,391.0,,,,,,,,,,,,,,0.0,,,,,0.01055739726871252,0.013333333656191826
,mappo,,,,391.0,0.0,0.0,0.6666666865348816,0.0,0.0,0.0,0.6666666865348816,0.0,0.0,0.0,0.0,0.0,0.0,,,,,,,
-0.005217493046075106,mappo,0.003627546364441514,0.21418948471546173,0.0008823607869289764,392.0,,,,,,,,,,,,,,0.0,,,,,0.010565059259533882,0.013333333656191826
,mappo,,,,392.0,0.0,0.0,0.6666666865348816,0.0,0.0,0.0,0.6666666865348816,0.0,0.0,0.0,0.0,0.0,0.0,,,,,,,
-0.004124342929571867,mappo,0.003191151889041066,0.21924389898777008,0.0008820606868956319,393.0,,,,,,,,,,,,,,0.0,,,,,0.010415265336632729,0.013333333656191826
,mappo,,,,393.0,0.0,0.0,0.6666666865348816,0.0,0.0,0.0,0.6666666865348816,0.0,0.0,0.0,0.0,0.0,0.0,,,,,,,
-0.009036178700625896,mappo,0.001345665892586112,0.18739821016788483,0.0008817605868622875,394.0,,,,,,,,,,,,,,0.0,,,,,0.01081872172653675,0.006666666828095913
,mappo,,,,394.0,0.0,0.0,0.3333333432674408,0.0,0.0,0.0,0.3333333432674408,0.0,0.0,0.0,0.0,0.0,0.0,,,,,,,
-0.007827858440577984,mappo,0.001171077019535005,0.1697222888469696,0.000881460486828943,395.0,,,,,,,,,,,,,,0.0,,,,,0.010678807273507118,0.006666666828095913
,mappo,,,,395.0,0.0,0.0,0.3333333432674408,0.0,0.0,0.0,0.3333333432674408,0.0,0.0,0.0,0.0,0.0,0.0,,,,,,,
-0.005961780436336994,mappo,0.0005956149543635547,0.1763070821762085,0.0008811603867955986,396.0,,,,,,,,,,,,,,0.0,,,,,0.010356749407947063,0.013333333656191826
,mappo,,,,396.0,0.0,0.0,0.6666666865348816,0.0,0.0,0.0,0.6666666865348816,0.0,0.0,0.0,0.0,0.0,0.0,,,,,,,
-0.0077395266853272915,mappo,0.00014567475591320544,0.1575217843055725,0.0008808602867622542,397.0,,,,,,,,,,,,,,0.0,,,,,0.010564896278083324,0.013333333656191826
,mappo,,,,397.0,0.0,0.0,0.6666666865348816,0.0,0.0,0.0,0.6666666865348816,0.0,0.0,0.0,0.0,0.0,0.0,,,,,,,
-0.0011628454085439444,mappo,0.00030277742189355195,0.15004506707191467,0.0008805601867289096,398.0,,,,,,,,,,,,,,0.0,,,,,0.010605988092720509,0.006666666828095913
,mappo,,,,398.0,0.0,0.0,0.3333333432674408,0.0,0.0,0.0,0.3333333432674408,0.0,0.0,0.0,0.0,0.0,0.0,,,,,,,
0.002297552302479744,mappo,8.216784044634551e-05,0.15853071212768555,0.0008802600866955652,399.0,,,,,,,,,,,,,,0.0,,,,,0.010448263958096504,0.006666666828095913
,mappo,,,,399.0,0.0,0.0,0.3333333432674408,0.0,0.0,0.0,0.3333333432674408,0.0,0.0,0.0,0.0,0.0,0.0,,,,,,,
,mappo,,,,399.0,,,,,,,,,,,,,,,0.0,0.0,0.0,0.0,,
-0.00016479226178489625,mappo,0.00015842163702473044,0.13280397653579712,0.0008799599866622207,400.0,,,,,,,,,,,,,,0.0,,,,,0.010508253239095211,0.013333333656191826
,mappo,,,,400.0,0.0,0.0,0.6666666865348816,0.0,0.0,0.0,0.6666666865348816,0.0,0.0,0.0,0.0,0.0,0.0,,,,,,,
-0.0007060064817778766,mappo,7.8048266004771e-05,0.12206672877073288,0.0008796598866288763,401.0,,,,,,,,,,,,,,0.0,,,,,0.010510621592402458,0.006666666828095913
,mappo,,,,401.0,0.0,0.0,0.3333333432674408,0.0,0.0,0.0,0.3333333432674408,0.0,0.0,0.0,0.0,0.0,0.0,,,,,,,
-0.010472490452229977,mappo,0.00010854707943508402,0.09235718846321106,0.0008793597865955319,402.0,,,,,,,,,,,,,,0.0,,,,,0.010867854580283165,0.006666666828095913
,mappo,,,,402.0,0.0,0.0,0.3333333432674408,0.0,0.0,0.0,0.3333333432674408,0.0,0.0,0.0,0.0,0.0,0.0,,,,,,,
-0.006769153289496899,mappo,0.00011028848530258983,0.09295342117547989,0.0008790596865621874,403.0,,,,,,,,,,,,,,0.0,,,,,0.01071077212691307,0.006666666828095913
,mappo,,,,403.0,0.0,0.0,0.3333333432674408,0.0,0.0,0.0,0.3333333432674408,0.0,0.0,0.0,0.0,0.0,0.0,,,,,,,
0.00037694963975809515,mappo,8.402765524806455e-05,0.09501329809427261,0.000878759586528843,404.0,,,,,,,,,,,,,,0.0,,,,,0.010662466287612915,0.006666666828095913
,mappo,,,,404.0,0.0,0.0,0.3333333432674408,0.0,0.0,0.0,0.3333333432674408,0.0,0.0,0.0,0.0,0.0,0.0,,,,,,,
-0.005002131685614586,mappo,3.5122000554110855e-05,0.09120684862136841,0.0008784594864954986,405.0,,,,,,,,,,,,,,0.0,,,,,0.010690613649785519,0.006666666828095913
,mappo,,,,405.0,0.0,0.0,0.3333333432674408,0.0,0.0,0.0,0.3333333432674408,0.0,0.0,0.0,0.0,0.0,0.0,,,,,,,
-0.0009987798985093832,mappo,4.013776924693957e-05,0.10183704644441605,0.000878159386462154,406.0,,,,,,,,,,,,,,0.0,,,,,0.010369839146733284,0.013333333656191826
,mappo,,,,406.0,0.0,0.0,0.6666666865348816,0.0,0.0,0.0,0.6666666865348816,0.0,0.0,0.0,0.0,0.0,0.0,,,,,,,
-0.011768348515033722,mappo,7.247790199471638e-05,0.06981471925973892,0.0008778592864288096,407.0,,,,,,,,,,,,,,0.0,,,,,0.010731382295489311,0.006666666828095913
,mappo,,,,407.0,0.0,0.0,0.3333333432674408,0.0,0.0,0.0,0.3333333432674408,0.0,0.0,0.0,0.0,0.0,0.0,,,,,,,
0.0019416611175984144,mappo,2.0053135813213885e-05,0.041658904403448105,0.0008775591863954652,408.0,,,,,,,,,,,,,,0.0,,,,,0.0108632892370224,0.006666666828095913
,mappo,,,,408.0,0.0,0.0,0.3333333432674408,0.0,0.0,0.0,0.3333333432674408,0.0,0.0,0.0,0.0,0.0,0.0,,,,,,,
-0.006701126229017973,mappo,1.1982899195572827e-05,0.00720409769564867,0.0008772590863621207,409.0,,,,,,,,,,,,,,0.0,,,,,0.011138824746012688,0.006666666828095913
,mappo,,,,409.0,0.0,0.0,0.3333333432674408,0.0,0.0,0.0,0.3333333432674408,0.0,0.0,0.0,0.0,0.0,0.0,,,,,,,
-0.014057174324989319,mappo,4.0548871766077355e-05,0.027275972068309784,0.0008769589863287763,410.0,,,,,,,,,,,,,,0.0,,,,,0.01056268997490406,0.006666666828095913
,mappo,,,,410.0,0.0,0.0,0.3333333432674408,0.0,0.0,0.0,0.3333333432674408,0.0,0.0,0.0,0.0,0.0,0.0,,,,,,,
0.0033141684252768755,mappo,3.71811147488188e-05,0.04686211422085762,0.0008766588862954318,411.0,,,,,,,,,,,,,,0.0,,,,,0.010704759508371353,0.006666666828095913
,mappo,,,,411.0,0.0,0.0,0.3333333432674408,0.0,0.0,0.0,0.3333333432674408,0.0,0.0,0.0,0.0,0.0,0.0,,,,,,,
-0.009612075053155422,mappo,7.303301390493289e-05,0.032930850982666016,0.0008763587862620874,412.0,,,,,,,,,,,,,,0.0,,,,,0.010531928390264511,0.013333333656191826
,mappo,,,,412.0,0.0,0.0,0.6666666865348816,0.0,0.0,0.0,0.6666666865348816,0.0,0.0,0.0,0.0,0.0,0.0,,,,,,,
-0.005895518697798252,mappo,5.606347986031324e-05,-0.01616276055574417,0.000876058686228743,413.0,,,,,,,,,,,,,,0.0,,,,,0.010786402970552444,0.006666666828095913
,mappo,,,,413.0,0.0,0.0,0.3333333432674408,0.0,0.0,0.0,0.3333333432674408,0.0,0.0,0.0,0.0,0.0,0.0,,,,,,,
-0.0036757150664925575,mappo,4.4276006519794464e-05,-0.053698983043432236,0.0008757585861953985,414.0,,,,,,,,,,,,,,0.0,,,,,0.010936735197901726,0.006666666828095913
,mappo,,,,414.0,0.0,0.0,0.3333333432674408,0.0,0.0,0.0,0.3333333432674408,0.0,0.0,0.0,0.0,0.0,0.0,,,,,,,
-0.007467399816960096,mappo,2.5176717826980166e-05,-0.09921808540821075,0.000875458486162054,415.0,,,,,,,,,,,,,,0.0,,,,,0.01125468872487545,0.006666666828095913
,mappo,,,,415.0,0.0,0.0,0.3333333432674408,0.0,0.0,0.0,0.3333333432674408,0.0,0.0,0.0,0.0,0.0,0.0,,,,,,,
0.002653424860909581,mappo,6.0555292293429375e-05,-0.0683344304561615,0.0008751583861287095,416.0,,,,,,,,,,,,,,0.0,,,,,0.01087389886379242,0.006666666828095913
,mappo,,,,416.0,0.0,0.0,0.3333333432674408,0.0,0.0,0.0,0.3333333432674408,0.0,0.0,0.0,0.0,0.0,0.0,,,,,,,
-0.006231863051652908,mappo,5.510153641807847e-05,-0.08768606930971146,0.0008748582860953651,417.0,,,,,,,,,,,,,,0.0,,,,,0.011068416759371758,0.006666666828095913
,mappo,,,,417.0,0.0,0.0,0.3333333432674408,0.0,0.0,0.0,0.3333333432674408,0.0,0.0,0.0,0.0,0.0,0.0,,,,,,,
0.0067548807710409164,mappo,0.0013135424815118313,-0.3641579747200012,0.0008745581860620207,418.0,,,,,,,,,,,,,,0.0,,,,,0.013674875721335411,0.0
,mappo,,,,418.0,0.0,0.0,0.0,0.0,0.0,0.0,0.0,0.0,0.0,0.0,0.0,0.0,0.0,,,,,,,
-0.013606327585875988,mappo,0.0001612772757653147,-0.1472899317741394,0.0008742580860286763,419.0,,,,,,,,,,,,,,0.0,,,,,0.010944850742816925,0.006666666828095913
,mappo,,,,419.0,0.0,0.0,0.3333333432674408,0.0,0.0,0.0,0.3333333432674408,0.0,0.0,0.0,0.0,0.0,0.0,,,,,,,
0.0011230058735236526,mappo,5.770377902081236e-05,-0.199372336268425,0.0008739579859953318,420.0,,,,,,,,,,,,,,0.0,,,,,0.01121218129992485,0.006666666828095913
,mappo,,,,420.0,0.0,0.0,0.3333333432674408,0.0,0.0,0.0,0.3333333432674408,0.0,0.0,0.0,0.0,0.0,0.0,,,,,,,
0.01335330680012703,mappo,0.00020011587184853852,-0.41034144163131714,0.0008736578859619874,421.0,,,,,,,,,,,,,,0.0,,,,,0.013487749733030796,0.0
,mappo,,,,421.0,0.0,0.0,0.0,0.0,0.0,0.0,0.0,0.0,0.0,0.0,0.0,0.0,0.0,,,,,,,
5.418853834271431e-05,mappo,0.00017733164713717997,-0.16670720279216766,0.0008733577859286429,422.0,,,,,,,,,,,,,,0.0,,,,,0.0112807247787714,0.006666666828095913
,mappo,,,,422.0,0.0,0.0,0.3333333432674408,0.0,0.0,0.0,0.3333333432674408,0.0,0.0,0.0,0.0,0.0,0.0,,,,,,,
0.004395467694848776,mappo,0.00019719924603123218,-0.38314512372016907,0.0008730576858952985,423.0,,,,,,,,,,,,,,0.0,,,,,0.01325853168964386,0.0
,mappo,,,,423.0,0.0,0.0,0.0,0.0,0.0,0.0,0.0,0.0,0.0,0.0,0.0,0.0,0.0,,,,,,,
-0.004009551834315062,mappo,0.00033452495699748397,-0.1466512680053711,0.000872757585861954,424.0,,,,,,,,,,,,,,0.0,,,,,0.011030975729227066,0.006666666828095913
,mappo,,,,424.0,0.0,0.0,0.3333333432674408,0.0,0.0,0.0,0.3333333432674408,0.0,0.0,0.0,0.0,0.0,0.0,,,,,,,
0.0029923708643764257,mappo,0.000268269533989951,-0.40571290254592896,0.0008724574858286095,425.0,,,,,,,,,,,,,,0.0,,,,,0.013357708230614662,0.0
,mappo,,,,425.0,0.0,0.0,0.0,0.0,0.0,0.0,0.0,0.0,0.0,0.0,0.0,0.0,0.0,,,,,,,
-0.0006258850917220116,mappo,0.0003182563523296267,-0.4094903767108917,0.0008721573857952651,426.0,,,,,,,,,,,,,,0.0,,,,,0.013572747819125652,0.0
,mappo,,,,426.0,0.0,0.0,0.0,0.0,0.0,0.0,0.0,0.0,0.0,0.0,0.0,0.0,0.0,,,,,,,
-0.002818965120241046,mappo,0.0008810043800622225,-0.16164879500865936,0.0008718572857619206,427.0,,,,,,,,,,,,,,0.0,,,,,0.011287244036793709,0.006666666828095913
,mappo,,,,427.0,0.0,0.0,0.3333333432674408,0.0,0.0,0.0,0.3333333432674408,0.0,0.0,0.0,0.0,0.0,0.0,,,,,,,
-0.0034116432070732117,mappo,0.0005147929769009352,-0.14772529900074005,0.0008715571857285762,428.0,,,,,,,,,,,,,,0.0,,,,,0.011202884837985039,0.006666666828095913
,mappo,,,,428.0,0.0,0.0,0.3333333432674408,0.0,0.0,0.0,0.3333333432674408,0.0,0.0,0.0,0.0,0.0,0.0,,,,,,,
-0.005126856733113527,mappo,0.0004235573869664222,-0.3896266222000122,0.0008712570856952318,429.0,,,,,,,,,,,,,,0.0,,,,,0.013365844264626503,0.0
,mappo,,,,429.0,0.0,0.0,0.0,0.0,0.0,0.0,0.0,0.0,0.0,0.0,0.0,0.0,0.0,,,,,,,
-0.00048549886560067534,mappo,0.0004797037981916219,-0.10089950263500214,0.0008709569856618873,430.0,,,,,,,,,,,,,,0.0,,,,,0.010996000841259956,0.006666666828095913
,mappo,,,,430.0,0.0,0.0,0.3333333432674408,0.0,0.0,0.0,0.3333333432674408,0.0,0.0,0.0,0.0,0.0,0.0,,,,,,,
-0.004583574365824461,mappo,0.0003753815544769168,-0.3689730763435364,0.0008706568856285429,431.0,,,,,,,,,,,,,,0.0,,,,,0.013491288758814335,0.0
,mappo,,,,431.0,0.0,0.0,0.0,0.0,0.0,0.0,0.0,0.0,0.0,0.0,0.0,0.0,0.0,,,,,,,
-0.003936787135899067,mappo,0.0005181264714337885,-0.10978063941001892,0.0008703567855951983,432.0,,,,,,,,,,,,,,0.0,,,,,0.011029582470655441,0.006666666828095913
,mappo,,,,432.0,0.0,0.0,0.3333333432674408,0.0,0.0,0.0,0.3333333432674408,0.0,0.0,0.0,0.0,0.0,0.0,,,,,,,
-0.0038988750893622637,mappo,0.00037334716762416065,-0.4361386001110077,0.0008700566855618539,433.0,,,,,,,,,,,,,,0.0,,,,,0.013376664370298386,0.0
,mappo,,,,433.0,0.0,0.0,0.0,0.0,0.0,0.0,0.0,0.0,0.0,0.0,0.0,0.0,0.0,,,,,,,
-0.0030215620063245296,mappo,0.0006866590701974928,-0.1388215571641922,0.0008697565855285095,434.0,,,,,,,,,,,,,,0.0,,,,,0.010912436060607433,0.006666666828095913
,mappo,,,,434.0,0.0,0.0,0.3333333432674408,0.0,0.0,0.0,0.3333333432674408,0.0,0.0,0.0,0.0,0.0,0.0,,,,,,,
0.009782769717276096,mappo,0.00037084936047904193,-0.1377326250076294,0.0008694564854951651,435.0,,,,,,,,,,,,,,0.0,,,,,0.01092207245528698,0.006666666828095913
,mappo,,,,435.0,0.0,0.0,0.3333333432674408,0.0,0.0,0.0,0.3333333432674408,0.0,0.0,0.0,0.0,0.0,0.0,,,,,,,
-0.0021228648256510496,mappo,0.00015133309352677315,-0.13756833970546722,0.0008691563854618206,436.0,,,,,,,,,,,,,,0.0,,,,,0.010749731212854385,0.006666666828095913
,mappo,,,,436.0,0.0,0.0,0.3333333432674408,0.0,0.0,0.0,0.3333333432674408,0.0,0.0,0.0,0.0,0.0,0.0,,,,,,,
-0.002450350672006607,mappo,6.448585190810263e-05,-0.12693001329898834,0.0008688562854284762,437.0,,,,,,,,,,,,,,0.0,,,,,0.010543974116444588,0.006666666828095913
,mappo,,,,437.0,0.0,0.0,0.3333333432674408,0.0,0.0,0.0,0.3333333432674408,0.0,0.0,0.0,0.0,0.0,0.0,,,,,,,
-0.00746384309604764,mappo,6.276099884416908e-05,-0.15221934020519257,0.0008685561853951317,438.0,,,,,,,,,,,,,,0.0,,,,,0.0106271393597126,0.006666666828095913
,mappo,,,,438.0,0.0,0.0,0.3333333432674408,0.0,0.0,0.0,0.3333333432674408,0.0,0.0,0.0,0.0,0.0,0.0,,,,,,,
0.005061007104814053,mappo,5.74995247006882e-05,-0.17243152856826782,0.0008682560853617873,439.0,,,,,,,,,,,,,,0.0,,,,,0.010966070927679539,0.006666666828095913
,mappo,,,,439.0,0.0,0.0,0.3333333432674408,0.0,0.0,0.0,0.3333333432674408,0.0,0.0,0.0,0.0,0.0,0.0,,,,,,,
-0.0013554678298532963,mappo,1.8686099792830646e-05,-0.17792817950248718,0.0008679559853284429,440.0,,,,,,,,,,,,,,0.0,,,,,0.010870535857975483,0.006666666828095913
,mappo,,,,440.0,0.0,0.0,0.3333333432674408,0.0,0.0,0.0,0.3333333432674408,0.0,0.0,0.0,0.0,0.0,0.0,,,,,,,
0.00041997237713076174,mappo,1.1385842299205251e-05,-0.1704173982143402,0.0008676558852950984,441.0,,,,,,,,,,,,,,0.0,,,,,0.010692350566387177,0.006666666828095913
,mappo,,,,441.0,0.0,0.0,0.3333333432674408,0.0,0.0,0.0,0.3333333432674408,0.0,0.0,0.0,0.0,0.0,0.0,,,,,,,
-0.002162705874070525,mappo,2.1704441678593867e-05,-0.17194096744060516,0.0008673557852617539,442.0,,,,,,,,,,,,,,0.0,,,,,0.01067642867565155,0.006666666828095913
,mappo,,,,442.0,0.0,0.0,0.3333333432674408,0.0,0.0,0.0,0.3333333432674408,0.0,0.0,0.0,0.0,0.0,0.0,,,,,,,
-0.014195175841450691,mappo,2.635119562910404e-05,-0.20026929676532745,0.0008670556852284094,443.0,,,,,,,,,,,,,,0.0,,,,,0.01092643290758133,0.006666666828095913
,mappo,,,,443.0,0.0,0.0,0.3333333432674408,0.0,0.0,0.0,0.3333333432674408,0.0,0.0,0.0,0.0,0.0,0.0,,,,,,,
-0.0001767863577697426,mappo,1.5110147614905145e-05,-0.21579597890377045,0.000866755585195065,444.0,,,,,,,,,,,,,,0.0,,,,,0.010866962373256683,0.006666666828095913
,mappo,,,,444.0,0.0,0.0,0.3333333432674408,0.0,0.0,0.0,0.3333333432674408,0.0,0.0,0.0,0.0,0.0,0.0,,,,,,,
0.0059697977267205715,mappo,1.006959155347431e-05,-0.22507639229297638,0.0008664554851617206,445.0,,,,,,,,,,,,,,0.0,,,,,0.010755307041108608,0.006666666828095913
,mappo,,,,445.0,0.0,0.0,0.3333333432674408,0.0,0.0,0.0,0.3333333432674408,0.0,0.0,0.0,0.0,0.0,0.0,,,,,,,
0.019136985763907433,mappo,1.4513731002807617e-05,-0.25489139556884766,0.0008661553851283762,446.0,,,,,,,,,,,,,,0.0,,,,,0.011035608127713203,0.006666666828095913
,mappo,,,,446.0,0.0,0.0,0.3333333432674408,0.0,0.0,0.0,0.3333333432674408,0.0,0.0,0.0,0.0,0.0,0.0,,,,,,,
0.01098995003849268,mappo,9.292418326367624e-06,-0.2552345395088196,0.0008658552850950317,447.0,,,,,,,,,,,,,,0.0,,,,,0.011031590402126312,0.006666666828095913
,mappo,,,,447.0,0.0,0.0,0.3333333432674408,0.0,0.0,0.0,0.3333333432674408,0.0,0.0,0.0,0.0,0.0,0.0,,,,,,,
-0.007173844613134861,mappo,4.798358531843405e-06,-0.2128714919090271,0.0008655551850616873,448.0,,,,,,,,,,,,,,0.0,,,,,0.01073789969086647,0.006666666828095913
,mappo,,,,448.0,0.0,0.0,0.3333333432674408,0.0,0.0,0.0,0.3333333432674408,0.0,0.0,0.0,0.0,0.0,0.0,,,,,,,
-0.00234546372666955,mappo,4.350854851509212e-06,-0.1874985694885254,0.0008652550850283428,449.0,,,,,,,,,,,,,,0.0,,,,,0.010634267702698708,0.006666666828095913
,mappo,,,,449.0,0.0,0.0,0.3333333432674408,0.0,0.0,0.0,0.3333333432674408,0.0,0.0,0.0,0.0,0.0,0.0,,,,,,,
-0.008466961793601513,mappo,3.33098091687134e-06,-0.19166024029254913,0.0008649549849949984,450.0,,,,,,,,,,,,,,0.0,,,,,0.0106071587651968,0.006666666828095913
,mappo,,,,450.0,0.0,0.0,0.3333333432674408,0.0,0.0,0.0,0.3333333432674408,0.0,0.0,0.0,0.0,0.0,0.0,,,,,,,
-0.0015860367566347122,mappo,3.5922284951084293e-06,-0.1939377635717392,0.0008646548849616539,451.0,,,,,,,,,,,,,,0.0,,,,,0.010587949305772781,0.006666666828095913
,mappo,,,,451.0,0.0,0.0,0.3333333432674408,0.0,0.0,0.0,0.3333333432674408,0.0,0.0,0.0,0.0,0.0,0.0,,,,,,,
-0.011575410142540932,mappo,0.0007418012828566134,-0.17168164253234863,0.0008643547849283095,452.0,,,,,,,,,,,,,,0.0,,,,,0.010651599615812302,0.013333333656191826
,mappo,,,,452.0,0.0,0.0,0.6666666865348816,0.0,0.0,0.0,0.6666666865348816,0.0,0.0,0.0,0.0,0.0,0.0,,,,,,,
-0.0069829667918384075,mappo,0.0005275161820463836,-0.15173090994358063,0.000864054684894965,453.0,,,,,,,,,,,,,,0.0,,,,,0.01049824245274067,0.013333333656191826
,mappo,,,,453.0,0.0,0.0,0.6666666865348816,0.0,0.0,0.0,0.6666666865348816,0.0,0.0,0.0,0.0,0.0,0.0,,,,,,,
0.010064362548291683,mappo,0.00031429604860022664,-0.1594918817281723,0.0008637545848616205,454.0,,,,,,,,,,,,,,0.0,,,,,0.010456173680722713,0.013333333656191826
,mappo,,,,454.0,0.0,0.0,0.6666666865348816,0.0,0.0,0.0,0.6666666865348816,0.0,0.0,0.0,0.0,0.0,0.0,,,,,,,
-0.00099015305750072,mappo,0.00016778659482952207,-0.19771336019039154,0.0008634544848282761,455.0,,,,,,,,,,,,,,0.0,,,,,0.01079649105668068,0.006666666828095913
,mappo,,,,455.0,0.0,0.0,0.3333333432674408,0.0,0.0,0.0,0.3333333432674408,0.0,0.0,0.0,0.0,0.0,0.0,,,,,,,
-0.00666313199326396,mappo,0.00015061609155964106,-0.21147939562797546,0.0008631543847949317,456.0,,,,,,,,,,,,,,0.0,,,,,0.010619557462632656,0.013333333656191826
,mappo,,,,456.0,0.0,0.0,0.6666666865348816,0.0,0.0,0.0,0.6666666865348816,0.0,0.0,0.0,0.0,0.0,0.0,,,,,,,
-0.0027801322285085917,mappo,0.00012918008724227548,-0.24979522824287415,0.0008628542847615873,457.0,,,,,,,,,,,,,,0.0,,,,,0.010727250017225742,0.006666666828095913
,mappo,,,,457.0,0.0,0.0,0.3333333432674408,0.0,0.0,0.0,0.3333333432674408,0.0,0.0,0.0,0.0,0.0,0.0,,,,,,,
-0.006528419908136129,mappo,6.637546903220937e-05,-0.2664489150047302,0.0008625541847282428,458.0,,,,,,,,,,,,,,0.0,,,,,0.01063465140759945,0.013333333656191826
,mappo,,,,458.0,0.0,0.0,0.6666666865348816,0.0,0.0,0.0,0.6666666865348816,0.0,0.0,0.0,0.0,0.0,0.0,,,,,,,
0.005242169834673405,mappo,6.133463466539979e-05,-0.28473517298698425,0.0008622540846948984,459.0,,,,,,,,,,,,,,0.0,,,,,0.010750201530754566,0.006666666828095913
,mappo,,,,459.0,0.0,0.0,0.3333333432674408,0.0,0.0,0.0,0.3333333432674408,0.0,0.0,0.0,0.0,0.0,0.0,,,,,,,
-0.0035366867668926716,mappo,0.00013601531099993736,-0.2526394724845886,0.0008619539846615538,460.0,,,,,,,,,,,,,,0.0,,,,,0.01044827327132225,0.013333333656191826
,mappo,,,,460.0,0.0,0.0,0.6666666865348816,0.0,0.0,0.0,0.6666666865348816,0.0,0.0,0.0,0.0,0.0,0.0,,,,,,,
-0.0012715791817754507,mappo,5.339628842193633e-05,-0.30307286977767944,0.0008616538846282094,461.0,,,,,,,,,,,,,,0.0,,,,,0.011009583249688148,0.006666666828095913
,mappo,,,,461.0,0.0,0.0,0.3333333432674408,0.0,0.0,0.0,0.3333333432674408,0.0,0.0,0.0,0.0,0.0,0.0,,,,,,,
-0.006917940452694893,mappo,0.00015281843661796302,-0.23014816641807556,0.000861353784594865,462.0,,,,,,,,,,,,,,0.0,,,,,0.010545723140239716,0.013333333656191826
,mappo,,,,462.0,0.0,0.0,0.6666666865348816,0.0,0.0,0.0,0.6666666865348816,0.0,0.0,0.0,0.0,0.0,0.0,,,,,,,
-0.004842732101678848,mappo,0.0001329978695139289,-0.21827834844589233,0.0008610536845615205,463.0,,,,,,,,,,,,,,0.0,,,,,0.010457247495651245,0.006666666828095913
,mappo,,,,463.0,0.0,0.0,0.3333333432674408,0.0,0.0,0.0,0.3333333432674408,0.0,0.0,0.0,0.0,0.0,0.0,,,,,,,
-0.00024880480486899614,mappo,8.295766019728035e-05,-0.20870794355869293,0.0008607535845281761,464.0,,,,,,,,,,,,,,0.0,,,,,0.010363410227000713,0.013333333656191826
,mappo,,,,464.0,0.0,0.0,0.6666666865348816,0.0,0.0,0.0,0.6666666865348816,0.0,0.0,0.0,0.0,0.0,0.0,,,,,,,
-0.0050696940161287785,mappo,4.578726293402724e-05,-0.20731541514396667,0.0008604534844948316,465.0,,,,,,,,,,,,,,0.0,,,,,0.010446329601109028,0.013333333656191826
,mappo,,,,465.0,0.0,0.0,0.6666666865348816,0.0,0.0,0.0,0.6666666865348816,0.0,0.0,0.0,0.0,0.0,0.0,,,,,,,
-0.003905060701072216,mappo,2.356581353524234e-05,-0.19834376871585846,0.0008601533844614872,466.0,,,,,,,,,,,,,,0.0,,,,,0.010559787973761559,0.013333333656191826
,mappo,,,,466.0,0.0,0.0,0.6666666865348816,0.0,0.0,0.0,0.6666666865348816,0.0,0.0,0.0,0.0,0.0,0.0,,,,,,,
-0.00018255146278534085,mappo,7.349264251388377e-06,-0.1772196888923645,0.0008598532844281428,467.0,,,,,,,,,,,,,,0.0,,,,,0.010638558305799961,0.013333333656191826
,mappo,,,,467.0,0.0,0.0,0.6666666865348816,0.0,0.0,0.0,0.6666666865348816,0.0,0.0,0.0,0.0,0.0,0.0,,,,,,,
-4.798309237230569e-05,mappo,1.6170548406080343e-05,-0.18535612523555756,0.0008595531843947984,468.0,,,,,,,,,,,,,,0.0,,,,,0.010654841549694538,0.013333333656191826
,mappo,,,,468.0,0.0,0.0,0.6666666865348816,0.0,0.0,0.0,0.6666666865348816,0.0,0.0,0.0,0.0,0.0,0.0,,,,,,,
0.03288399055600166,mappo,6.852895239717327e-06,-0.17476744949817657,0.0008592530843614538,469.0,,,,,,,,,,,,,,0.0,,,,,0.01038253866136074,0.013333333656191826
,mappo,,,,469.0,0.0,0.0,0.6666666865348816,0.0,0.0,0.0,0.6666666865348816,0.0,0.0,0.0,0.0,0.0,0.0,,,,,,,
-0.0058976393193006516,mappo,3.343871867400594e-05,-0.1800260692834854,0.0008589529843281094,470.0,,,,,,,,,,,,,,0.0,,,,,0.010373260825872421,0.006666666828095913
,mappo,,,,470.0,0.0,0.0,0.3333333432674408,0.0,0.0,0.0,0.3333333432674408,0.0,0.0,0.0,0.0,0.0,0.0,,,,,,,
0.0008898981614038348,mappo,6.442983431043103e-05,-0.1941727250814438,0.0008586528842947649,471.0,,,,,,,,,,,,,,0.0,,,,,0.010559061542153358,0.006666666828095913
,mappo,,,,471.0,0.0,0.0,0.3333333432674408,0.0,0.0,0.0,0.3333333432674408,0.0,0.0,0.0,0.0,0.0,0.0,,,,,,,
0.01646365597844124,mappo,3.794368967646733e-05,-0.1970948725938797,0.0008583527842614205,472.0,,,,,,,,,,,,,,0.0,,,,,0.010284360498189926,0.013333333656191826
,mappo,,,,472.0,0.0,0.0,0.6666666865348816,0.0,0.0,0.0,0.6666666865348816,0.0,0.0,0.0,0.0,0.0,0.0,,,,,,,
0.0007167129660956562,mappo,3.504987034830265e-05,-0.1817072033882141,0.0008580526842280761,473.0,,,,,,,,,,,,,,0.0,,,,,0.010335594415664673,0.013333333656191826
,mappo,,,,473.0,0.0,0.0,0.6666666865348816,0.0,0.0,0.0,0.6666666865348816,0.0,0.0,0.0,0.0,0.0,0.0,,,,,,,
0.0046330043114721775,mappo,8.05434501671698e-06,-0.1824241578578949,0.0008577525841947316,474.0,,,,,,,,,,,,,,0.0,,,,,0.010456327348947525,0.013333333656191826
,mappo,,,,474.0,0.0,0.0,0.6666666865348816,0.0,0.0,0.0,0.6666666865348816,0.0,0.0,0.0,0.0,0.0,0.0,,,,,,,
-0.007127561140805483,mappo,7.207108865259215e-06,-0.17822833359241486,0.0008574524841613872,475.0,,,,,,,,,,,,,,0.0,,,,,0.010405104607343674,0.013333333656191826
,mappo,,,,475.0,0.0,0.0,0.6666666865348816,0.0,0.0,0.0,0.6666666865348816,0.0,0.0,0.0,0.0,0.0,0.0,,,,,,,
-0.009909292683005333,mappo,8.05185754870763e-06,-0.18749424815177917,0.0008571523841280427,476.0,,,,,,,,,,,,,,0.0,,,,,0.010389375500380993,0.013333333656191826
,mappo,,,,476.0,0.0,0.0,0.6666666865348816,0.0,0.0,0.0,0.6666666865348816,0.0,0.0,0.0,0.0,0.0,0.0,,,,,,,
0.004009543918073177,mappo,1.8091650417773053e-05,-0.20819377899169922,0.0008568522840946982,477.0,,,,,,,,,,,,,,0.0,,,,,0.01070184912532568,0.013333333656191826
,mappo,,,,477.0,0.0,0.0,0.6666666865348816,0.0,0.0,0.0,0.6666666865348816,0.0,0.0,0.0,0.0,0.0,0.0,,,,,,,
-0.007595018018037081,mappo,5.473324563354254e-06,-0.1925230622291565,0.0008565521840613538,478.0,,,,,,,,,,,,,,0.0,,,,,0.01043405570089817,0.013333333656191826
,mappo,,,,478.0,0.0,0.0,0.6666666865348816,0.0,0.0,0.0,0.6666666865348816,0.0,0.0,0.0,0.0,0.0,0.0,,,,,,,
0.0009434963576495647,mappo,4.481566065805964e-06,-0.19693920016288757,0.0008562520840280093,479.0,,,,,,,,,,,,,,0.0,,,,,0.010468987748026848,0.013333333656191826
,mappo,,,,479.0,0.0,0.0,0.6666666865348816,0.0,0.0,0.0,0.6666666865348816,0.0,0.0,0.0,0.0,0.0,0.0,,,,,,,
0.0031726567540317774,mappo,1.1333833754179068e-05,-0.22616487741470337,0.0008559519839946649,480.0,,,,,,,,,,,,,,0.0,,,,,0.010506901890039444,0.013333333656191826
,mappo,,,,480.0,0.0,0.0,0.6666666865348816,0.0,0.0,0.0,0.6666666865348816,0.0,0.0,0.0,0.0,0.0,0.0,,,,,,,
-0.0010626735165715218,mappo,5.749735919380328e-06,-0.20819047093391418,0.0008556518839613205,481.0,,,,,,,,,,,,,,0.0,,,,,0.010310458019375801,0.013333333656191826
,mappo,,,,481.0,0.0,0.0,0.6666666865348816,0.0,0.0,0.0,0.6666666865348816,0.0,0.0,0.0,0.0,0.0,0.0,,,,,,,
-0.006397274322807789,mappo,4.8027791308413725e-06,-0.19798526167869568,0.000855351783927976,482.0,,,,,,,,,,,,,,0.0,,,,,0.010344892740249634,0.013333333656191826
,mappo,,,,482.0,0.0,0.0,0.6666666865348816,0.0,0.0,0.0,0.6666666865348816,0.0,0.0,0.0,0.0,0.0,0.0,,,,,,,
-0.0009576256852596998,mappo,4.456440819922136e-06,-0.24320192635059357,0.0008550516838946316,483.0,,,,,,,,,,,,,,0.0,,,,,0.010499414056539536,0.013333333656191826
,mappo,,,,483.0,0.0,0.0,0.6666666865348816,0.0,0.0,0.0,0.6666666865348816,0.0,0.0,0.0,0.0,0.0,0.0,,,,,,,
-0.0005636813584715128,mappo,6.754569312761305e-06,-0.2830769717693329,0.0008547515838612872,484.0,,,,,,,,,,,,,,0.0,,,,,0.010648747906088829,0.013333333656191826
,mappo,,,,484.0,0.0,0.0,0.6666666865348816,0.0,0.0,0.0,0.6666666865348816,0.0,0.0,0.0,0.0,0.0,0.0,,,,,,,
-0.006552548613399267,mappo,7.880084922362585e-06,-0.31419169902801514,0.0008544514838279427,485.0,,,,,,,,,,,,,,0.0,,,,,0.01060326024889946,0.013333333656191826
,mappo,,,,485.0,0.0,0.0,0.6666666865348816,0.0,0.0,0.0,0.6666666865348816,0.0,0.0,0.0,0.0,0.0,0.0,,,,,,,
0.002511647529900074,mappo,1.487218924012268e-05,-0.2935173511505127,0.0008541513837945982,486.0,,,,,,,,,,,,,,0.0,,,,,0.010297438129782677,0.013333333656191826
,mappo,,,,486.0,0.0,0.0,0.6666666865348816,0.0,0.0,0.0,0.6666666865348816,0.0,0.0,0.0,0.0,0.0,0.0,,,,,,,
0.06745006144046783,mappo,6.767379090888426e-06,-0.2923613488674164,0.0008538512837612537,487.0,,,,,,,,,,,,,,0.0,,,,,0.010425550863146782,0.013333333656191826
,mappo,,,,487.0,0.0,0.0,0.6666666865348816,0.0,0.0,0.0,0.6666666865348816,0.0,0.0,0.0,0.0,0.0,0.0,,,,,,,
0.005883371457457542,mappo,4.597765837388579e-06,-0.3169349133968353,0.0008535511837279093,488.0,,,,,,,,,,,,,,0.0,,,,,0.010384537279605865,0.013333333656191826
,mappo,,,,488.0,0.0,0.0,0.6666666865348816,0.0,0.0,0.0,0.6666666865348816,0.0,0.0,0.0,0.0,0.0,0.0,,,,,,,
-0.0002543144510127604,mappo,4.411394911585376e-06,-0.3419106602668762,0.0008532510836945649,489.0,,,,,,,,,,,,,,0.0,,,,,0.010293100960552692,0.013333333656191826
,mappo,,,,489.0,0.0,0.0,0.6666666865348816,0.0,0.0,0.0,0.6666666865348816,0.0,0.0,0.0,0.0,0.0,0.0,,,,,,,
-0.0014452605973929167,mappo,2.148110797861591e-05,-0.3983834981918335,0.0008529509836612204,490.0,,,,,,,,,,,,,,0.0,,,,,0.010625689290463924,0.006666666828095913
,mappo,,,,490.0,0.0,0.0,0.3333333432674408,0.0,0.0,0.0,0.3333333432674408,0.0,0.0,0.0,0.0,0.0,0.0,,,,,,,
0.008182802237570286,mappo,4.726156475953758e-05,-0.35003381967544556,0.000852650883627876,491.0,,,,,,,,,,,,,,0.0,,,,,0.01044173538684845,0.013333333656191826
,mappo,,,,491.0,0.0,0.0,0.6666666865348816,0.0,0.0,0.0,0.6666666865348816,0.0,0.0,0.0,0.0,0.0,0.0,,,,,,,
-0.006988300941884518,mappo,2.1883721274207346e-05,-0.3346055746078491,0.0008523507835945315,492.0,,,,,,,,,,,,,,0.0,,,,,0.010231232270598412,0.013333333656191826
,mappo,,,,492.0,0.0,0.0,0.6666666865348816,0.0,0.0,0.0,0.6666666865348816,0.0,0.0,0.0,0.0,0.0,0.0,,,,,,,
-0.0035376083105802536,mappo,1.4939952961867675e-05,-0.3433607220649719,0.0008520506835611871,493.0,,,,,,,,,,,,,,0.0,,,,,0.010418575257062912,0.013333333656191826
,mappo,,,,493.0,0.0,0.0,0.6666666865348816,0.0,0.0,0.0,0.6666666865348816,0.0,0.0,0.0,0.0,0.0,0.0,,,,,,,
-0.007147531490772963,mappo,2.103560109389946e-05,-0.3801168203353882,0.0008517505835278427,494.0,,,,,,,,,,,,,,0.0,,,,,0.010435229167342186,0.013333333656191826
,mappo,,,,494.0,0.0,0.0,0.6666666865348816,0.0,0.0,0.0,0.6666666865348816,0.0,0.0,0.0,0.0,0.0,0.0,,,,,,,
-0.0020736188162118196,mappo,1.973443204406067e-06,-0.37928470969200134,0.0008514504834944983,495.0,,,,,,,,,,,,,,0.0,,,,,0.010497616603970528,0.013333333656191826
,mappo,,,,495.0,0.0,0.0,0.6666666865348816,0.0,0.0,0.0,0.6666666865348816,0.0,0.0,0.0,0.0,0.0,0.0,,,,,,,
0.056349076330661774,mappo,4.002645255241077e-06,-0.3725084364414215,0.0008511503834611537,496.0,,,,,,,,,,,,,,0.0,,,,,0.010519157163798809,0.013333333656191826
,mappo,,,,496.0,0.0,0.0,0.6666666865348816,0.0,0.0,0.0,0.6666666865348816,0.0,0.0,0.0,0.0,0.0,0.0,,,,,,,
0.02571438066661358,mappo,1.2164099416622776e-06,-0.3879132866859436,0.0008508502834278093,497.0,,,,,,,,,,,,,,0.0,,,,,0.010389508679509163,0.013333333656191826
,mappo,,,,497.0,0.0,0.0,0.6666666865348816,0.0,0.0,0.0,0.6666666865348816,0.0,0.0,0.0,0.0,0.0,0.0,,,,,,,
-0.0037073988933116198,mappo,1.8739799543254776e-06,-0.396901935338974,0.0008505501833944648,498.0,,,,,,,,,,,,,,0.0,,,,,0.010449245572090149,0.013333333656191826
,mappo,,,,498.0,0.0,0.0,0.6666666865348816,0.0,0.0,0.0,0.6666666865348816,0.0,0.0,0.0,0.0,0.0,0.0,,,,,,,
0.02710493467748165,mappo,1.1842336789413821e-05,-0.38071033358573914,0.0008502500833611204,499.0,,,,,,,,,,,,,,0.0,,,,,0.01038412656635046,0.013333333656191826
,mappo,,,,499.0,0.0,0.0,0.6666666865348816,0.0,0.0,0.0,0.6666666865348816,0.0,0.0,0.0,0.0,0.0,0.0,,,,,,,
,mappo,,,,499.0,,,,,,,,,,,,,,,0.0,0.0,0.3333333432674408,0.0,,
-0.0005128371994942427,mappo,3.9312999433605e-06,-0.39222395420074463,0.000849949983327776,500.0,,,,,,,,,,,,,,0.0,,,,,0.010361683554947376,0.013333333656191826
,mappo,,,,500.0,0.0,0.0,0.6666666865348816,0.0,0.0,0.0,0.6666666865348816,0.0,0.0,0.0,0.0,0.0,0.0,,,,,,,
-0.005468652117997408,mappo,1.8465193534211721e-06,-0.3877579867839813,0.0008496498832944315,501.0,,,,,,,,,,,,,,0.0,,,,,0.010274611413478851,0.013333333656191826
,mappo,,,,501.0,0.0,0.0,0.6666666865348816,0.0,0.0,0.0,0.6666666865348816,0.0,0.0,0.0,0.0,0.0,0.0,,,,,,,
0.01893976330757141,mappo,1.833481655921787e-05,-0.43928009271621704,0.0008493497832610871,502.0,,,,,,,,,,,,,,0.0,,,,,0.010533708147704601,0.006666666828095913
,mappo,,,,502.0,0.0,0.0,0.3333333432674408,0.0,0.0,0.0,0.3333333432674408,0.0,0.0,0.0,0.0,0.0,0.0,,,,,,,
0.024939602240920067,mappo,2.889999268518295e-05,-0.3897838294506073,0.0008490496832277426,503.0,,,,,,,,,,,,,,0.0,,,,,0.010378913953900337,0.013333333656191826
,mappo,,,,503.0,0.0,0.0,0.6666666865348816,0.0,0.0,0.0,0.6666666865348816,0.0,0.0,0.0,0.0,0.0,0.0,,,,,,,
-0.0037928042002022266,mappo,9.659786883275956e-06,-0.3997940719127655,0.0008487495831943981,504.0,,,,,,,,,,,,,,0.0,,,,,0.010506155900657177,0.013333333656191826
,mappo,,,,504.0,0.0,0.0,0.6666666865348816,0.0,0.0,0.0,0.6666666865348816,0.0,0.0,0.0,0.0,0.0,0.0,,,,,,,
-0.0018429826013743877,mappo,4.216810793877812e-06,-0.37787529826164246,0.0008484494831610537,505.0,,,,,,,,,,,,,,0.0,,,,,0.010317040607333183,0.013333333656191826
,mappo,,,,505.0,0.0,0.0,0.6666666865348816,0.0,0.0,0.0,0.6666666865348816,0.0,0.0,0.0,0.0,0.0,0.0,,,,,,,
0.0432693287730217,mappo,5.043399141868576e-06,-0.3914109170436859,0.0008481493831277092,506.0,,,,,,,,,,,,,,0.0,,,,,0.010403158143162727,0.013333333656191826
,mappo,,,,506.0,0.0,0.0,0.6666666865348816,0.0,0.0,0.0,0.6666666865348816,0.0,0.0,0.0,0.0,0.0,0.0,,,,,,,
-0.000382397003704682,mappo,3.916770583600737e-05,-0.4064270853996277,0.0008478492830943648,507.0,,,,,,,,,,,,,,0.0,,,,,0.010500587522983551,0.006666666828095913
,mappo,,,,507.0,0.0,0.0,0.3333333432674408,0.0,0.0,0.0,0.3333333432674408,0.0,0.0,0.0,0.0,0.0,0.0,,,,,,,
-0.0038049807772040367,mappo,3.9305061363847926e-05,-0.3651411831378937,0.0008475491830610203,508.0,,,,,,,,,,,,,,0.0,,,,,0.010514762252569199,0.013333333656191826
,mappo,,,,508.0,0.0,0.0,0.6666666865348816,0.0,0.0,0.0,0.6666666865348816,0.0,0.0,0.0,0.0,0.0,0.0,,,,,,,
0.0012418157421052456,mappo,2.8059583200956695e-05,-0.3717830777168274,0.0008472490830276759,509.0,,,,,,,,,,,,,,0.0,,,,,0.0103810615837574,0.013333333656191826
,mappo,,,,509.0,0.0,0.0,0.6666666865348816,0.0,0.0,0.0,0.6666666865348816,0.0,0.0,0.0,0.0,0.0,0.0,,,,,,,
-0.012034286744892597,mappo,1.3080542885290924e-05,-0.41721516847610474,0.0008469489829943315,510.0,,,,,,,,,,,,,,0.0,,,,,0.01066875271499157,0.013333333656191826
,mappo,,,,510.0,0.0,0.0,0.6666666865348816,0.0,0.0,0.0,0.6666666865348816,0.0,0.0,0.0,0.0,0.0,0.0,,,,,,,
0.007335060741752386,mappo,7.490105872420827e-06,-0.4008767604827881,0.0008466488829609871,511.0,,,,,,,,,,,,,,0.0,,,,,0.010294882580637932,0.013333333656191826
,mappo,,,,511.0,0.0,0.0,0.6666666865348816,0.0,0.0,0.0,0.6666666865348816,0.0,0.0,0.0,0.0,0.0,0.0,,,,,,,
-0.0037039185408502817,mappo,1.1347281542839482e-05,-0.436493843793869,0.0008463487829276426,512.0,,,,,,,,,,,,,,0.0,,,,,0.010487866587936878,0.013333333656191826
,mappo,,,,512.0,0.0,0.0,0.6666666865348816,0.0,0.0,0.0,0.6666666865348816,0.0,0.0,0.0,0.0,0.0,0.0,,,,,,,
-0.007422523107379675,mappo,4.106389951630263e-06,-0.436347097158432,0.0008460486828942981,513.0,,,,,,,,,,,,,,0.0,,,,,0.010567978024482727,0.013333333656191826
,mappo,,,,513.0,0.0,0.0,0.6666666865348816,0.0,0.0,0.0,0.6666666865348816,0.0,0.0,0.0,0.0,0.0,0.0,,,,,,,
-0.0065470412373542786,mappo,6.459989890572615e-06,-0.4662696421146393,0.0008457485828609536,514.0,,,,,,,,,,,,,,0.0,,,,,0.010740483179688454,0.013333333656191826
,mappo,,,,514.0,0.0,0.0,0.6666666865348816,0.0,0.0,0.0,0.6666666865348816,0.0,0.0,0.0,0.0,0.0,0.0,,,,,,,
-0.0004316877166274935,mappo,2.1115267372806557e-05,-0.5114079117774963,0.0008454484828276092,515.0,,,,,,,,,,,,,,0.0,,,,,0.010770617984235287,0.006666666828095913
,mappo,,,,515.0,0.0,0.0,0.3333333432674408,0.0,0.0,0.0,0.3333333432674408,0.0,0.0,0.0,0.0,0.0,0.0,,,,,,,
-0.006358878221362829,mappo,3.7015550333308056e-05,-0.46927326917648315,0.0008451483827942648,516.0,,,,,,,,,,,,,,0.0,,,,,0.010469941422343254,0.013333333656191826
,mappo,,,,516.0,0.0,0.0,0.6666666865348816,0.0,0.0,0.0,0.6666666865348816,0.0,0.0,0.0,0.0,0.0,0.0,,,,,,,
0.002073744311928749,mappo,2.2475891455542296e-05,-0.5298848748207092,0.0008448482827609203,517.0,,,,,,,,,,,,,,0.0,,,,,0.010618284344673157,0.013333333656191826
,mappo,,,,517.0,0.0,0.0,0.6666666865348816,0.0,0.0,0.0,0.6666666865348816,0.0,0.0,0.0,0.0,0.0,0.0,,,,,,,
0.0072125936858356,mappo,4.2168387153651565e-05,-0.5566591024398804,0.0008445481827275759,518.0,,,,,,,,,,,,,,0.0,,,,,0.010614613071084023,0.006666666828095913
,mappo,,,,518.0,0.0,0.0,0.3333333432674408,0.0,0.0,0.0,0.3333333432674408,0.0,0.0,0.0,0.0,0.0,0.0,,,,,,,
-0.0046180300414562225,mappo,8.039125532377511e-05,-0.6082499027252197,0.0008442480826942314,519.0,,,,,,,,,,,,,,0.0,,,,,0.010821633040904999,0.006666666828095913
,mappo,,,,519.0,0.0,0.0,0.3333333432674408,0.0,0.0,0.0,0.3333333432674408,0.0,0.0,0.0,0.0,0.0,0.0,,,,,,,
0.001492172945290804,mappo,0.00012424352462403476,-0.5788816213607788,0.000843947982660887,520.0,,,,,,,,,,,,,,0.0,,,,,0.010623297654092312,0.013333333656191826
,mappo,,,,520.0,0.0,0.0,0.6666666865348816,0.0,0.0,0.0,0.6666666865348816,0.0,0.0,0.0,0.0,0.0,0.0,,,,,,,
0.0034054554998874664,mappo,5.579769276664592e-05,-0.6511988043785095,0.0008436478826275426,521.0,,,,,,,,,,,,,,0.0,,,,,0.011038095690310001,0.006666666828095913
,mappo,,,,521.0,0.0,0.0,0.3333333432674408,0.0,0.0,0.0,0.3333333432674408,0.0,0.0,0.0,0.0,0.0,0.0,,,,,,,
0.004238451365381479,mappo,0.00014965290029067546,-0.6617968082427979,0.0008433477825941981,522.0,,,,,,,,,,,,,,0.0,,,,,0.010811520740389824,0.006666666828095913
,mappo,,,,522.0,0.0,0.0,0.3333333432674408,0.0,0.0,0.0,0.3333333432674408,0.0,0.0,0.0,0.0,0.0,0.0,,,,,,,
-0.004389292094856501,mappo,8.843023533700034e-05,-0.6670767068862915,0.0008430476825608536,523.0,,,,,,,,,,,,,,0.0,,,,,0.01083969697356224,0.006666666828095913
,mappo,,,,523.0,0.0,0.0,0.3333333432674408,0.0,0.0,0.0,0.3333333432674408,0.0,0.0,0.0,0.0,0.0,0.0,,,,,,,
-0.004051110241562128,mappo,7.88709512562491e-05,-0.6607333421707153,0.0008427475825275092,524.0,,,,,,,,,,,,,,0.0,,,,,0.010651604272425175,0.006666666828095913
,mappo,,,,524.0,0.0,0.0,0.3333333432674408,0.0,0.0,0.0,0.3333333432674408,0.0,0.0,0.0,0.0,0.0,0.0,,,,,,,
0.023840202018618584,mappo,2.4607819796074182e-05,-0.6642615795135498,0.0008424474824941647,525.0,,,,,,,,,,,,,,0.0,,,,,0.010775357484817505,0.006666666828095913
,mappo,,,,525.0,0.0,0.0,0.3333333432674408,0.0,0.0,0.0,0.3333333432674408,0.0,0.0,0.0,0.0,0.0,0.0,,,,,,,
-0.0024907742626965046,mappo,1.2810321095457766e-05,-0.6834591031074524,0.0008421473824608203,526.0,,,,,,,,,,,,,,0.0,,,,,0.010898029431700706,0.006666666828095913
,mappo,,,,526.0,0.0,0.0,0.3333333432674408,0.0,0.0,0.0,0.3333333432674408,0.0,0.0,0.0,0.0,0.0,0.0,,,,,,,
-0.013978839851915836,mappo,0.0005750620039179921,-1.1196621656417847,0.0008418472824274759,527.0,,,,,,,,,,,,,,0.0,,,,,0.012994443997740746,0.0
,mappo,,,,527.0,0.0,0.0,0.0,0.0,0.0,0.0,0.0,0.0,0.0,0.0,0.0,0.0,0.0,,,,,,,
0.03650457412004471,mappo,0.0006405115709640086,-0.6408745050430298,0.0008415471823941314,528.0,,,,,,,,,,,,,,0.0,,,,,0.010582254268229008,0.006666666828095913
,mappo,,,,528.0,0.0,0.0,0.3333333432674408,0.0,0.0,0.0,0.3333333432674408,0.0,0.0,0.0,0.0,0.0,0.0,,,,,,,
-0.0046914117410779,mappo,0.00040273196646012366,-0.6135674715042114,0.000841247082360787,529.0,,,,,,,,,,,,,,0.0,,,,,0.010617701336741447,0.006666666828095913
,mappo,,,,529.0,0.0,0.0,0.3333333432674408,0.0,0.0,0.0,0.3333333432674408,0.0,0.0,0.0,0.0,0.0,0.0,,,,,,,
0.023840753361582756,mappo,0.0006061471067368984,-0.5747129917144775,0.0008409469823274424,530.0,,,,,,,,,,,,,,0.0,,,,,0.010363180190324783,0.013333333656191826
,mappo,,,,530.0,0.0,0.0,0.6666666865348816,0.0,0.0,0.0,0.6666666865348816,0.0,0.0,0.0,0.0,0.0,0.0,,,,,,,
-0.006646711379289627,mappo,0.0010622115805745125,-0.6088981628417969,0.000840646882294098,531.0,,,,,,,,,,,,,,0.0,,,,,0.010781513527035713,0.006666666828095913
,mappo,,,,531.0,0.0,0.0,0.3333333432674408,0.0,0.0,0.0,0.3333333432674408,0.0,0.0,0.0,0.0,0.0,0.0,,,,,,,
-0.009970255196094513,mappo,8.832702587824315e-05,-0.575134813785553,0.0008403467822607536,532.0,,,,,,,,,,,,,,0.0,,,,,0.01067286729812622,0.006666666828095913
,mappo,,,,532.0,0.0,0.0,0.3333333432674408,0.0,0.0,0.0,0.3333333432674408,0.0,0.0,0.0,0.0,0.0,0.0,,,,,,,
-0.0012439540587365627,mappo,5.681105540134013e-05,-0.5741212368011475,0.0008400466822274092,533.0,,,,,,,,,,,,,,0.0,,,,,0.010610969737172127,0.006666666828095913
,mappo,,,,533.0,0.0,0.0,0.3333333432674408,0.0,0.0,0.0,0.3333333432674408,0.0,0.0,0.0,0.0,0.0,0.0,,,,,,,
-0.0031356445979326963,mappo,6.453715468524024e-05,-0.583580732345581,0.0008397465821940647,534.0,,,,,,,,,,,,,,0.0,,,,,0.01078837551176548,0.006666666828095913
,mappo,,,,534.0,0.0,0.0,0.3333333432674408,0.0,0.0,0.0,0.3333333432674408,0.0,0.0,0.0,0.0,0.0,0.0,,,,,,,
-0.011667334474623203,mappo,6.0552451031981036e-05,-0.5598232746124268,0.0008394464821607203,535.0,,,,,,,,,,,,,,0.0,,,,,0.010637423023581505,0.006666666828095913
,mappo,,,,535.0,0.0,0.0,0.3333333432674408,0.0,0.0,0.0,0.3333333432674408,0.0,0.0,0.0,0.0,0.0,0.0,,,,,,,
0.002941730199381709,mappo,0.0010870260884985328,-0.5223092436790466,0.0008391463821273758,536.0,,,,,,,,,,,,,,0.0,,,,,0.010437559336423874,0.013333333656191826
,mappo,,,,536.0,0.0,0.0,0.6666666865348816,0.0,0.0,0.0,0.6666666865348816,0.0,0.0,0.0,0.0,0.0,0.0,,,,,,,
-0.00654111010953784,mappo,0.00036465120501816273,-0.5418335795402527,0.0008388462820940314,537.0,,,,,,,,,,,,,,0.0,,,,,0.010533353313803673,0.006666666828095913
,mappo,,,,537.0,0.0,0.0,0.3333333432674408,0.0,0.0,0.0,0.3333333432674408,0.0,0.0,0.0,0.0,0.0,0.0,,,,,,,
0.005505807232111692,mappo,4.493871165323071e-05,-0.536629319190979,0.000838546182060687,538.0,,,,,,,,,,,,,,0.0,,,,,0.010507870465517044,0.006666666828095913
,mappo,,,,538.0,0.0,0.0,0.3333333432674408,0.0,0.0,0.0,0.3333333432674408,0.0,0.0,0.0,0.0,0.0,0.0,,,,,,,
-2.7226225938647985e-05,mappo,0.0010017803870141506,-0.5062295198440552,0.0008382460820273424,539.0,,,,,,,,,,,,,,0.0,,,,,0.010441509075462818,0.013333333656191826
,mappo,,,,539.0,0.0,0.0,0.6666666865348816,0.0,0.0,0.0,0.6666666865348816,0.0,0.0,0.0,0.0,0.0,0.0,,,,,,,
-0.006049161311239004,mappo,0.0003557548043318093,-0.477183997631073,0.000837945981993998,540.0,,,,,,,,,,,,,,0.0,,,,,0.010491626337170601,0.013333333656191826
,mappo,,,,540.0,0.0,0.0,0.6666666865348816,0.0,0.0,0.0,0.6666666865348816,0.0,0.0,0.0,0.0,0.0,0.0,,,,,,,
-0.00990990363061428,mappo,0.00035758779267780483,-1.0027823448181152,0.0008376458819606535,541.0,,,,,,,,,,,,,,0.0,,,,,0.012902619317173958,0.0
,mappo,,,,541.0,0.0,0.0,0.0,0.0,0.0,0.0,0.0,0.0,0.0,0.0,0.0,0.0,0.0,,,,,,,
-0.007504601962864399,mappo,0.0012378353858366609,-0.4469723403453827,0.0008373457819273091,542.0,,,,,,,,,,,,,,0.0,,,,,0.010245554149150848,0.013333333656191826
,mappo,,,,542.0,0.0,0.0,0.6666666865348816,0.0,0.0,0.0,0.6666666865348816,0.0,0.0,0.0,0.0,0.0,0.0,,,,,,,
0.04782441630959511,mappo,0.00032583504798822105,-0.4665532410144806,0.0008370456818939647,543.0,,,,,,,,,,,,,,0.0,,,,,0.010446583852171898,0.013333333656191826
,mappo,,,,543.0,0.0,0.0,0.6666666865348816,0.0,0.0,0.0,0.6666666865348816,0.0,0.0,0.0,0.0,0.0,0.0,,,,,,,
-0.0019987975247204304,mappo,0.00030370065360330045,-0.4605061709880829,0.0008367455818606203,544.0,,,,,,,,,,,,,,0.0,,,,,0.010510921478271484,0.013333333656191826
,mappo,,,,544.0,0.0,0.0,0.6666666865348816,0.0,0.0,0.0,0.6666666865348816,0.0,0.0,0.0,0.0,0.0,0.0,,,,,,,
0.005861473269760609,mappo,0.0003304265846963972,-0.4286080300807953,0.0008364454818272758,545.0,,,,,,,,,,,,,,0.0,,,,,0.010618891566991806,0.013333333656191826
,mappo,,,,545.0,0.0,0.0,0.6666666865348816,0.0,0.0,0.0,0.6666666865348816,0.0,0.0,0.0,0.0,0.0,0.0,,,,,,,
0.0005136389518156648,mappo,9.389033220941201e-05,-0.37244564294815063,0.0008361453817939314,546.0,,,,,,,,,,,,,,0.0,,,,,0.010348884388804436,0.013333333656191826
,mappo,,,,546.0,0.0,0.0,0.6666666865348816,0.0,0.0,0.0,0.6666666865348816,0.0,0.0,0.0,0.0,0.0,0.0,,,,,,,
-0.004935001954436302,mappo,7.229937182273716e-05,-0.36338576674461365,0.0008358452817605869,547.0,,,,,,,,,,,,,,0.0,,,,,0.010362626984715462,0.013333333656191826
,mappo,,,,547.0,0.0,0.0,0.6666666865348816,0.0,0.0,0.0,0.6666666865348816,0.0,0.0,0.0,0.0,0.0,0.0,,,,,,,
0.0027743701357394457,mappo,8.435135532636195e-05,-0.33482518792152405,0.0008355451817272424,548.0,,,,,,,,,,,,,,0.0,,,,,0.010176814161241055,0.013333333656191826
,mappo,,,,548.0,0.0,0.0,0.6666666865348816,0.0,0.0,0.0,0.6666666865348816,0.0,0.0,0.0,0.0,0.0,0.0,,,,,,,
0.007235599681735039,mappo,3.61017846444156e-05,-0.3202107846736908,0.000835245081693898,549.0,,,,,,,,,,,,,,0.0,,,,,0.010330326855182648,0.013333333656191826
,mappo,,,,549.0,0.0,0.0,0.6666666865348816,0.0,0.0,0.0,0.6666666865348816,0.0,0.0,0.0,0.0,0.0,0.0,,,,,,,
-0.0016249425243586302,mappo,4.079221616848372e-05,-0.3114009499549866,0.0008349449816605535,550.0,,,,,,,,,,,,,,0.0,,,,,0.010365860536694527,0.013333333656191826
,mappo,,,,550.0,0.0,0.0,0.6666666865348816,0.0,0.0,0.0,0.6666666865348816,0.0,0.0,0.0,0.0,0.0,0.0,,,,,,,
0.012203514575958252,mappo,2.0870615117019042e-05,-0.32671141624450684,0.0008346448816272091,551.0,,,,,,,,,,,,,,0.0,,,,,0.010357524268329144,0.013333333656191826
,mappo,,,,551.0,0.0,0.0,0.6666666865348816,0.0,0.0,0.0,0.6666666865348816,0.0,0.0,0.0,0.0,0.0,0.0,,,,,,,
0.022908348590135574,mappo,1.5226853065541945e-05,-0.32247447967529297,0.0008343447815938646,552.0,,,,,,,,,,,,,,0.0,,,,,0.010176103562116623,0.013333333656191826
,mappo,,,,552.0,0.0,0.0,0.6666666865348816,0.0,0.0,0.0,0.6666666865348816,0.0,0.0,0.0,0.0,0.0,0.0,,,,,,,
-0.004600189626216888,mappo,9.172748832497746e-06,-0.3173617422580719,0.0008340446815605202,553.0,,,,,,,,,,,,,,0.0,,,,,0.010269097983837128,0.013333333656191826
,mappo,,,,553.0,0.0,0.0,0.6666666865348816,0.0,0.0,0.0,0.6666666865348816,0.0,0.0,0.0,0.0,0.0,0.0,,,,,,,
0.0028675533831119537,mappo,1.1802772860391997e-05,-0.3394016921520233,0.0008337445815271758,554.0,,,,,,,,,,,,,,0.0,,,,,0.010207757353782654,0.013333333656191826
,mappo,,,,554.0,0.0,0.0,0.6666666865348816,0.0,0.0,0.0,0.6666666865348816,0.0,0.0,0.0,0.0,0.0,0.0,,,,,,,
-0.010486215353012085,mappo,7.497387741750572e-06,-0.3438294529914856,0.0008334444814938313,555.0,,,,,,,,,,,,,,0.0,,,,,0.010254785418510437,0.013333333656191826
,mappo,,,,555.0,0.0,0.0,0.6666666865348816,0.0,0.0,0.0,0.6666666865348816,0.0,0.0,0.0,0.0,0.0,0.0,,,,,,,
-0.00802243035286665,mappo,6.961231065361062e-06,-0.36768338084220886,0.0008331443814604869,556.0,,,,,,,,,,,,,,0.0,,,,,0.010268919169902802,0.013333333656191826
,mappo,,,,556.0,0.0,0.0,0.6666666865348816,0.0,0.0,0.0,0.6666666865348816,0.0,0.0,0.0,0.0,0.0,0.0,,,,,,,
-0.004240251611918211,mappo,5.6784979278745595e-06,-0.3835970461368561,0.0008328442814271425,557.0,,,,,,,,,,,,,,0.0,,,,,0.010232442989945412,0.013333333656191826
,mappo,,,,557.0,0.0,0.0,0.6666666865348816,0.0,0.0,0.0,0.6666666865348816,0.0,0.0,0.0,0.0,0.0,0.0,,,,,,,
-0.0067260186187922955,mappo,9.995472282753326e-06,-0.38487669825553894,0.0008325441813937979,558.0,,,,,,,,,,,,,,0.0,,,,,0.010144896805286407,0.013333333656191826
,mappo,,,,558.0,0.0,0.0,0.6666666865348816,0.0,0.0,0.0,0.6666666865348816,0.0,0.0,0.0,0.0,0.0,0.0,,,,,,,
0.0013572049792855978,mappo,8.389975846512243e-06,-0.39448919892311096,0.0008322440813604535,559.0,,,,,,,,,,,,,,0.0,,,,,0.010190336033701897,0.013333333656191826
,mappo,,,,559.0,0.0,0.0,0.6666666865348816,0.0,0.0,0.0,0.6666666865348816,0.0,0.0,0.0,0.0,0.0,0.0,,,,,,,
-0.000488724559545517,mappo,7.173557605710812e-06,-0.394599974155426,0.0008319439813271091,560.0,,,,,,,,,,,,,,0.0,,,,,0.010409276932477951,0.013333333656191826
,mappo,,,,560.0,0.0,0.0,0.6666666865348816,0.0,0.0,0.0,0.6666666865348816,0.0,0.0,0.0,0.0,0.0,0.0,,,,,,,
0.0011608669301494956,mappo,2.704044391066418e-06,-0.3797205984592438,0.0008316438812937646,561.0,,,,,,,,,,,,,,0.0,,,,,0.01018465030938387,0.013333333656191826
,mappo,,,,561.0,0.0,0.0,0.6666666865348816,0.0,0.0,0.0,0.6666666865348816,0.0,0.0,0.0,0.0,0.0,0.0,,,,,,,
0.006263278890401125,mappo,5.075254193798173e-06,-0.37133270502090454,0.0008313437812604202,562.0,,,,,,,,,,,,,,0.0,,,,,0.010191850364208221,0.013333333656191826
,mappo,,,,562.0,0.0,0.0,0.6666666865348816,0.0,0.0,0.0,0.6666666865348816,0.0,0.0,0.0,0.0,0.0,0.0,,,,,,,
0.0011755420127883554,mappo,6.554651918122545e-06,-0.37555235624313354,0.0008310436812270757,563.0,,,,,,,,,,,,,,0.0,,,,,0.0103006511926651,0.013333333656191826
,mappo,,,,563.0,0.0,0.0,0.6666666865348816,0.0,0.0,0.0,0.6666666865348816,0.0,0.0,0.0,0.0,0.0,0.0,,,,,,,
-0.0026110110338777304,mappo,3.4811005207302514e-06,-0.3704671263694763,0.0008307435811937313,564.0,,,,,,,,,,,,,,0.0,,,,,0.010293485596776009,0.013333333656191826
,mappo,,,,564.0,0.0,0.0,0.6666666865348816,0.0,0.0,0.0,0.6666666865348816,0.0,0.0,0.0,0.0,0.0,0.0,,,,,,,
0.001736246282234788,mappo,2.40684721575235e-06,-0.37313899397850037,0.0008304434811603869,565.0,,,,,,,,,,,,,,0.0,,,,,0.010146328248083591,0.013333333656191826
,mappo,,,,565.0,0.0,0.0,0.6666666865348816,0.0,0.0,0.0,0.6666666865348816,0.0,0.0,0.0,0.0,0.0,0.0,,,,,,,
-0.007442277856171131,mappo,3.1868380574451294e-06,-0.36624449491500854,0.0008301433811270423,566.0,,,,,,,,,,,,,,0.0,,,,,0.010101255029439926,0.013333333656191826
,mappo,,,,566.0,0.0,0.0,0.6666666865348816,0.0,0.0,0.0,0.6666666865348816,0.0,0.0,0.0,0.0,0.0,0.0,,,,,,,
0.000333137548295781,mappo,5.224890628596768e-06,-0.3917694091796875,0.0008298432810936979,567.0,,,,,,,,,,,,,,0.0,,,,,0.010286758653819561,0.013333333656191826
,mappo,,,,567.0,0.0,0.0,0.6666666865348816,0.0,0.0,0.0,0.6666666865348816,0.0,0.0,0.0,0.0,0.0,0.0,,,,,,,
0.0007363429758697748,mappo,4.643825377570465e-06,-0.3401317298412323,0.0008295431810603534,568.0,,,,,,,,,,,,,,0.0,,,,,0.0100925974547863,0.013333333656191826
,mappo,,,,568.0,0.0,0.0,0.6666666865348816,0.0,0.0,0.0,0.6666666865348816,0.0,0.0,0.0,0.0,0.0,0.0,,,,,,,
0.018256863579154015,mappo,3.6778706089535262e-06,-0.3135308623313904,0.000829243081027009,569.0,,,,,,,,,,,,,,0.0,,,,,0.010360904969274998,0.013333333656191826
,mappo,,,,569.0,0.0,0.0,0.6666666865348816,0.0,0.0,0.0,0.6666666865348816,0.0,0.0,0.0,0.0,0.0,0.0,,,,,,,
-0.006362613756209612,mappo,3.271831155871041e-05,-0.2959817051887512,0.0008289429809936646,570.0,,,,,,,,,,,,,,0.0,,,,,0.010199017822742462,0.006666666828095913
,mappo,,,,570.0,0.0,0.0,0.3333333432674408,0.0,0.0,0.0,0.3333333432674408,0.0,0.0,0.0,0.0,0.0,0.0,,,,,,,
-3.7029851227998734e-05,mappo,4.389853711472824e-05,-0.2824973464012146,0.0008286428809603202,571.0,,,,,,,,,,,,,,0.0,,,,,0.010097267106175423,0.013333333656191826
,mappo,,,,571.0,0.0,0.0,0.6666666865348816,0.0,0.0,0.0,0.6666666865348816,0.0,0.0,0.0,0.0,0.0,0.0,,,,,,,
0.017122050747275352,mappo,3.708240910782479e-05,-0.2706691324710846,0.0008283427809269757,572.0,,,,,,,,,,,,,,0.0,,,,,0.010332359001040459,0.013333333656191826
,mappo,,,,572.0,0.0,0.0,0.6666666865348816,0.0,0.0,0.0,0.6666666865348816,0.0,0.0,0.0,0.0,0.0,0.0,,,,,,,
0.06572168320417404,mappo,2.71686767518986e-05,-0.3498603105545044,0.0008280426808936313,573.0,,,,,,,,,,,,,,0.0,,,,,0.010689920745790005,0.006666666828095913
,mappo,,,,573.0,0.0,0.0,0.3333333432674408,0.0,0.0,0.0,0.3333333432674408,0.0,0.0,0.0,0.0,0.0,0.0,,,,,,,
0.0336347259581089,mappo,4.010920019936748e-05,-0.28565892577171326,0.0008277425808602868,574.0,,,,,,,,,,,,,,0.0,,,,,0.010326988995075226,0.006666666828095913
,mappo,,,,574.0,0.0,0.0,0.3333333432674408,0.0,0.0,0.0,0.3333333432674408,0.0,0.0,0.0,0.0,0.0,0.0,,,,,,,
0.019498774781823158,mappo,4.7435707529075444e-05,-0.2738485634326935,0.0008274424808269423,575.0,,,,,,,,,,,,,,0.0,,,,,0.010052964091300964,0.006666666828095913
,mappo,,,,575.0,0.0,0.0,0.3333333432674408,0.0,0.0,0.0,0.3333333432674408,0.0,0.0,0.0,0.0,0.0,0.0,,,,,,,
0.02078467793762684,mappo,9.392083484272007e-06,-0.3264732360839844,0.0008271423807935979,576.0,,,,,,,,,,,,,,0.0,,,,,0.010416554287075996,0.006666666828095913
,mappo,,,,576.0,0.0,0.0,0.3333333432674408,0.0,0.0,0.0,0.3333333432674408,0.0,0.0,0.0,0.0,0.0,0.0,,,,,,,
-0.007785190362483263,mappo,1.7494381609139964e-05,-0.28181010484695435,0.0008268422807602534,577.0,,,,,,,,,,,,,,0.0,,,,,0.010233416222035885,0.006666666828095913
,mappo,,,,577.0,0.0,0.0,0.3333333432674408,0.0,0.0,0.0,0.3333333432674408,0.0,0.0,0.0,0.0,0.0,0.0,,,,,,,
-0.0020127645693719387,mappo,2.6966421501128934e-05,-0.2401524931192398,0.000826542180726909,578.0,,,,,,,,,,,,,,0.0,,,,,0.010242026299238205,0.006666666828095913
,mappo,,,,578.0,0.0,0.0,0.3333333432674408,0.0,0.0,0.0,0.3333333432674408,0.0,0.0,0.0,0.0,0.0,0.0,,,,,,,
-0.0071493289433419704,mappo,3.15160104946699e-05,-0.26075494289398193,0.0008262420806935645,579.0,,,,,,,,,,,,,,0.0,,,,,0.01006057858467102,0.006666666828095913
,mappo,,,,579.0,0.0,0.0,0.3333333432674408,0.0,0.0,0.0,0.3333333432674408,0.0,0.0,0.0,0.0,0.0,0.0,,,,,,,
0.004730705171823502,mappo,3.98033662349917e-05,-0.2616311311721802,0.0008259419806602201,580.0,,,,,,,,,,,,,,0.0,,,,,0.01013120636343956,0.006666666828095913
,mappo,,,,580.0,0.0,0.0,0.3333333432674408,0.0,0.0,0.0,0.3333333432674408,0.0,0.0,0.0,0.0,0.0,0.0,,,,,,,
-0.0005941682611592114,mappo,4.1631265048636124e-05,-0.26647016406059265,0.0008256418806268757,581.0,,,,,,,,,,,,,,0.0,,,,,0.010125376284122467,0.006666666828095913
,mappo,,,,581.0,0.0,0.0,0.3333333432674408,0.0,0.0,0.0,0.3333333432674408,0.0,0.0,0.0,0.0,0.0,0.0,,,,,,,
-0.004642801359295845,mappo,3.363601354067214e-05,-0.26552721858024597,0.0008253417805935312,582.0,,,,,,,,,,,,,,0.0,,,,,0.010057926177978516,0.006666666828095913
,mappo,,,,582.0,0.0,0.0,0.3333333432674408,0.0,0.0,0.0,0.3333333432674408,0.0,0.0,0.0,0.0,0.0,0.0,,,,,,,
0.0015524340560659766,mappo,1.274737951462157e-05,-0.3061526417732239,0.0008250416805601868,583.0,,,,,,,,,,,,,,0.0,,,,,0.010271234437823296,0.006666666828095913
,mappo,,,,583.0,0.0,0.0,0.3333333432674408,0.0,0.0,0.0,0.3333333432674408,0.0,0.0,0.0,0.0,0.0,0.0,,,,,,,
0.005745282396674156,mappo,2.3115235308068804e-05,-0.27447283267974854,0.0008247415805268422,584.0,,,,,,,,,,,,,,0.0,,,,,0.010057806968688965,0.006666666828095913
,mappo,,,,584.0,0.0,0.0,0.3333333432674408,0.0,0.0,0.0,0.3333333432674408,0.0,0.0,0.0,0.0,0.0,0.0,,,,,,,
0.0076332916505634785,mappo,7.894186637713574e-06,-0.26811590790748596,0.0008244414804934978,585.0,,,,,,,,,,,,,,0.0,,,,,0.010038111358880997,0.006666666828095913
,mappo,,,,585.0,0.0,0.0,0.3333333432674408,0.0,0.0,0.0,0.3333333432674408,0.0,0.0,0.0,0.0,0.0,0.0,,,,,,,
0.011502877809107304,mappo,0.00027384533314034343,-0.36714014410972595,0.0008241413804601534,586.0,,,,,,,,,,,,,,0.0,,,,,0.010739626362919807,0.013333333656191826
,mappo,,,,586.0,0.0,0.0,0.6666666865348816,0.0,0.0,0.0,0.6666666865348816,0.0,0.0,0.0,0.0,0.0,0.0,,,,,,,
-0.003157504368573427,mappo,0.00018701177032198757,-0.27293771505355835,0.000823841280426809,587.0,,,,,,,,,,,,,,0.0,,,,,0.010032964870333672,0.013333333656191826
,mappo,,,,587.0,0.0,0.0,0.6666666865348816,0.0,0.0,0.0,0.6666666865348816,0.0,0.0,0.0,0.0,0.0,0.0,,,,,,,
-0.005126535892486572,mappo,0.00025712623028084636,-1.0387206077575684,0.0008235411803934645,588.0,,,,,,,,,,,,,,0.0,,,,,0.01384974829852581,0.0
,mappo,,,,588.0,0.0,0.0,0.0,0.0,0.0,0.0,0.0,0.0,0.0,0.0,0.0,0.0,0.0,,,,,,,
-0.0031898757442831993,mappo,0.001308138482272625,-0.30823296308517456,0.0008232410803601201,589.0,,,,,,,,,,,,,,0.0,,,,,0.01006864570081234,0.006666666828095913
,mappo,,,,589.0,0.0,0.0,0.3333333432674408,0.0,0.0,0.0,0.3333333432674408,0.0,0.0,0.0,0.0,0.0,0.0,,,,,,,
-0.0013273549266159534,mappo,0.0005357868503779173,-0.4174613058567047,0.0008229409803267756,590.0,,,,,,,,,,,,,,0.0,,,,,0.010694305412471294,0.006666666828095913
,mappo,,,,590.0,0.0,0.0,0.3333333432674408,0.0,0.0,0.0,0.3333333432674408,0.0,0.0,0.0,0.0,0.0,0.0,,,,,,,
-0.003480120562016964,mappo,0.00018292198365088552,-0.3387995958328247,0.0008226408802934312,591.0,,,,,,,,,,,,,,0.0,,,,,0.010168989188969135,0.006666666828095913
,mappo,,,,591.0,0.0,0.0,0.3333333432674408,0.0,0.0,0.0,0.3333333432674408,0.0,0.0,0.0,0.0,0.0,0.0,,,,,,,
-0.012717001140117645,mappo,0.00010398270387668163,-0.36970463395118713,0.0008223407802600868,592.0,,,,,,,,,,,,,,0.0,,,,,0.00998295284807682,0.006666666828095913
,mappo,,,,592.0,0.0,0.0,0.3333333432674408,0.0,0.0,0.0,0.3333333432674408,0.0,0.0,0.0,0.0,0.0,0.0,,,,,,,
0.01019669882953167,mappo,8.922859706217423e-05,-0.3992864489555359,0.0008220406802267422,593.0,,,,,,,,,,,,,,0.0,,,,,0.010155841708183289,0.013333333656191826
,mappo,,,,593.0,0.0,0.0,0.6666666865348816,0.0,0.0,0.0,0.6666666865348816,0.0,0.0,0.0,0.0,0.0,0.0,,,,,,,
0.019646739587187767,mappo,2.5575156541890465e-05,-0.4277206361293793,0.0008217405801933978,594.0,,,,,,,,,,,,,,0.0,,,,,0.010074465535581112,0.006666666828095913
,mappo,,,,594.0,0.0,0.0,0.3333333432674408,0.0,0.0,0.0,0.3333333432674408,0.0,0.0,0.0,0.0,0.0,0.0,,,,,,,
0.003912592306733131,mappo,9.074633271666244e-05,-0.47523707151412964,0.0008214404801600533,595.0,,,,,,,,,,,,,,0.0,,,,,0.01023271307349205,0.013333333656191826
,mappo,,,,595.0,0.0,0.0,0.6666666865348816,0.0,0.0,0.0,0.6666666865348816,0.0,0.0,0.0,0.0,0.0,0.0,,,,,,,
0.010644542053341866,mappo,4.5869604946346954e-05,-0.4430493712425232,0.0008211403801267089,596.0,,,,,,,,,,,,,,0.0,,,,,0.010088818147778511,0.013333333656191826
,mappo,,,,596.0,0.0,0.0,0.6666666865348816,0.0,0.0,0.0,0.6666666865348816,0.0,0.0,0.0,0.0,0.0,0.0,,,,,,,
0.0013544772518798709,mappo,2.6547322704573162e-05,-0.43564707040786743,0.0008208402800933645,597.0,,,,,,,,,,,,,,0.0,,,,,0.01011092122644186,0.013333333656191826
,mappo,,,,597.0,0.0,0.0,0.6666666865348816,0.0,0.0,0.0,0.6666666865348816,0.0,0.0,0.0,0.0,0.0,0.0,,,,,,,
0.0012462515151128173,mappo,3.337397356517613e-05,-0.44861215353012085,0.0008205401800600201,598.0,,,,,,,,,,,,,,0.0,,,,,0.01021671388298273,0.013333333656191826
,mappo,,,,598.0,0.0,0.0,0.6666666865348816,0.0,0.0,0.0,0.6666666865348816,0.0,0.0,0.0,0.0,0.0,0.0,,,,,,,
0.040333520621061325,mappo,1.7909076632349752e-05,-0.4218901991844177,0.0008202400800266756,599.0,,,,,,,,,,,,,,0.0,,,,,0.010348386131227016,0.013333333656191826
,mappo,,,,599.0,0.0,0.0,0.6666666865348816,0.0,0.0,0.0,0.6666666865348816,0.0,0.0,0.0,0.0,0.0,0.0,,,,,,,
,mappo,,,,599.0,,,,,,,,,,,,,,,0.0,0.0,0.6666666865348816,0.0,,
0.01691175252199173,mappo,1.84990913112415e-05,-0.44364556670188904,0.0008199399799933312,600.0,,,,,,,,,,,,,,0.0,,,,,0.010349901393055916,0.013333333656191826
,mappo,,,,600.0,0.0,0.0,0.6666666865348816,0.0,0.0,0.0,0.6666666865348816,0.0,0.0,0.0,0.0,0.0,0.0,,,,,,,
-0.00011330400593578815,mappo,1.5178338799159974e-05,-0.4080790579319,0.0008196398799599866,601.0,,,,,,,,,,,,,,0.0,,,,,0.010261399671435356,0.013333333656191826
,mappo,,,,601.0,0.0,0.0,0.6666666865348816,0.0,0.0,0.0,0.6666666865348816,0.0,0.0,0.0,0.0,0.0,0.0,,,,,,,
0.0037101125344634056,mappo,8.43908310343977e-06,-0.40853431820869446,0.0008193397799266422,602.0,,,,,,,,,,,,,,0.0,,,,,0.010114217177033424,0.013333333656191826
,mappo,,,,602.0,0.0,0.0,0.6666666865348816,0.0,0.0,0.0,0.6666666865348816,0.0,0.0,0.0,0.0,0.0,0.0,,,,,,,
-0.009642330929636955,mappo,1.1624352737271693e-05,-0.40171489119529724,0.0008190396798932978,603.0,,,,,,,,,,,,,,0.0,,,,,0.010201431810855865,0.013333333656191826
,mappo,,,,603.0,0.0,0.0,0.6666666865348816,0.0,0.0,0.0,0.6666666865348816,0.0,0.0,0.0,0.0,0.0,0.0,,,,,,,
0.08226167410612106,mappo,1.0218884199275635e-05,-0.3854774832725525,0.0008187395798599533,604.0,,,,,,,,,,,,,,0.0,,,,,0.010232060216367245,0.013333333656191826
,mappo,,,,604.0,0.0,0.0,0.6666666865348816,0.0,0.0,0.0,0.6666666865348816,0.0,0.0,0.0,0.0,0.0,0.0,,,,,,,
0.003939992748200893,mappo,9.315528586739674e-06,-0.3908378481864929,0.0008184394798266089,605.0,,,,,,,,,,,,,,0.0,,,,,0.010214912705123425,0.013333333656191826
,mappo,,,,605.0,0.0,0.0,0.6666666865348816,0.0,0.0,0.0,0.6666666865348816,0.0,0.0,0.0,0.0,0.0,0.0,,,,,,,
0.0012726630084216595,mappo,2.2779242499382235e-05,-0.3755517899990082,0.0008181393797932644,606.0,,,,,,,,,,,,,,0.0,,,,,0.01052760984748602,0.013333333656191826
,mappo,,,,606.0,0.0,0.0,0.6666666865348816,0.0,0.0,0.0,0.6666666865348816,0.0,0.0,0.0,0.0,0.0,0.0,,,,,,,
0.006152517162263393,mappo,1.012802113109501e-05,-0.3887874484062195,0.00081783927975992,607.0,,,,,,,,,,,,,,0.0,,,,,0.010243130847811699,0.013333333656191826
,mappo,,,,607.0,0.0,0.0,0.6666666865348816,0.0,0.0,0.0,0.6666666865348816,0.0,0.0,0.0,0.0,0.0,0.0,,,,,,,
-0.0005482936976477504,mappo,4.988996442989446e-05,-0.37959954142570496,0.0008175391797265756,608.0,,,,,,,,,,,,,,0.0,,,,,0.010051187127828598,0.006666666828095913
,mappo,,,,608.0,0.0,0.0,0.3333333432674408,0.0,0.0,0.0,0.3333333432674408,0.0,0.0,0.0,0.0,0.0,0.0,,,,,,,
0.07616005837917328,mappo,2.7861060516443104e-05,-0.3781067430973053,0.0008172390796932312,609.0,,,,,,,,,,,,,,0.0,,,,,0.010093742981553078,0.006666666828095913
,mappo,,,,609.0,0.0,0.0,0.3333333432674408,0.0,0.0,0.0,0.3333333432674408,0.0,0.0,0.0,0.0,0.0,0.0,,,,,,,
0.03275526314973831,mappo,1.852467357821297e-05,-0.3742181062698364,0.0008169389796598867,610.0,,,,,,,,,,,,,,0.0,,,,,0.010128493420779705,0.006666666828095913
,mappo,,,,610.0,0.0,0.0,0.3333333432674408,0.0,0.0,0.0,0.3333333432674408,0.0,0.0,0.0,0.0,0.0,0.0,,,,,,,
-0.002408516127616167,mappo,3.543403363437392e-05,-0.3252515494823456,0.0008166388796265422,611.0,,,,,,,,,,,,,,0.0,,,,,0.009891387075185776,0.013333333656191826
,mappo,,,,611.0,0.0,0.0,0.6666666865348816,0.0,0.0,0.0,0.6666666865348816,0.0,0.0,0.0,0.0,0.0,0.0,,,,,,,
0.043023671954870224,mappo,4.247266406309791e-05,-0.3751586377620697,0.0008163387795931977,612.0,,,,,,,,,,,,,,0.0,,,,,0.010142059996724129,0.006666666828095913
,mappo,,,,612.0,0.0,0.0,0.3333333432674408,0.0,0.0,0.0,0.3333333432674408,0.0,0.0,0.0,0.0,0.0,0.0,,,,,,,
0.010374713689088821,mappo,0.00011353065201546997,-0.3392525613307953,0.0008160386795598533,613.0,,,,,,,,,,,,,,0.0,,,,,0.010164324194192886,0.013333333656191826
,mappo,,,,613.0,0.0,0.0,0.6666666865348816,0.0,0.0,0.0,0.6666666865348816,0.0,0.0,0.0,0.0,0.0,0.0,,,,,,,
0.047726742923259735,mappo,7.07611397956498e-05,-0.38580411672592163,0.0008157385795265089,614.0,,,,,,,,,,,,,,0.0,,,,,0.010209467262029648,0.013333333656191826
,mappo,,,,614.0,0.0,0.0,0.6666666865348816,0.0,0.0,0.0,0.6666666865348816,0.0,0.0,0.0,0.0,0.0,0.0,,,,,,,
-0.0089331716299057,mappo,2.718125506362412e-05,-0.38815680146217346,0.0008154384794931644,615.0,,,,,,,,,,,,,,0.0,,,,,0.010182471945881844,0.013333333656191826
,mappo,,,,615.0,0.0,0.0,0.6666666865348816,0.0,0.0,0.0,0.6666666865348816,0.0,0.0,0.0,0.0,0.0,0.0,,,,,,,
0.0006777020171284676,mappo,1.614511347725056e-05,-0.36795973777770996,0.00081513837945982,616.0,,,,,,,,,,,,,,0.0,,,,,0.010178549215197563,0.013333333656191826
,mappo,,,,616.0,0.0,0.0,0.6666666865348816,0.0,0.0,0.0,0.6666666865348816,0.0,0.0,0.0,0.0,0.0,0.0,,,,,,,
0.013148438185453415,mappo,1.8010843632509932e-05,-0.36350250244140625,0.0008148382794264755,617.0,,,,,,,,,,,,,,0.0,,,,,0.010143072344362736,0.013333333656191826
,mappo,,,,617.0,0.0,0.0,0.6666666865348816,0.0,0.0,0.0,0.6666666865348816,0.0,0.0,0.0,0.0,0.0,0.0,,,,,,,
0.031065328046679497,mappo,1.3709722225030418e-05,-0.3993474841117859,0.0008145381793931311,618.0,,,,,,,,,,,,,,0.0,,,,,0.010156484320759773,0.013333333656191826
,mappo,,,,618.0,0.0,0.0,0.6666666865348816,0.0,0.0,0.0,0.6666666865348816,0.0,0.0,0.0,0.0,0.0,0.0,,,,,,,
0.07761073112487793,mappo,1.001339842332527e-05,-0.36226263642311096,0.0008142380793597867,619.0,,,,,,,,,,,,,,0.0,,,,,0.010103089734911919,0.013333333656191826
,mappo,,,,619.0,0.0,0.0,0.6666666865348816,0.0,0.0,0.0,0.6666666865348816,0.0,0.0,0.0,0.0,0.0,0.0,,,,,,,
0.008921490982174873,mappo,4.10081247537164e-06,-0.39516597986221313,0.0008139379793264422,620.0,,,,,,,,,,,,,,0.0,,,,,0.010169930756092072,0.013333333656191826
,mappo,,,,620.0,0.0,0.0,0.6666666865348816,0.0,0.0,0.0,0.6666666865348816,0.0,0.0,0.0,0.0,0.0,0.0,,,,,,,
0.02029629424214363,mappo,4.229129626764916e-05,-0.351805716753006,0.0008136378792930977,621.0,,,,,,,,,,,,,,0.0,,,,,0.009978928603231907,0.006666666828095913
,mappo,,,,621.0,0.0,0.0,0.3333333432674408,0.0,0.0,0.0,0.3333333432674408,0.0,0.0,0.0,0.0,0.0,0.0,,,,,,,
0.039635468274354935,mappo,2.5208031729562208e-05,-0.35078516602516174,0.0008133377792597533,622.0,,,,,,,,,,,,,,0.0,,,,,0.010108022019267082,0.013333333656191826
,mappo,,,,622.0,0.0,0.0,0.6666666865348816,0.0,0.0,0.0,0.6666666865348816,0.0,0.0,0.0,0.0,0.0,0.0,,,,,,,
0.03397912159562111,mappo,2.093688271997962e-05,-0.38312047719955444,0.0008130376792264088,623.0,,,,,,,,,,,,,,0.0,,,,,0.01009511761367321,0.006666666828095913
,mappo,,,,623.0,0.0,0.0,0.3333333432674408,0.0,0.0,0.0,0.3333333432674408,0.0,0.0,0.0,0.0,0.0,0.0,,,,,,,
0.05240820348262787,mappo,9.120803588302806e-05,-0.38459357619285583,0.0008127375791930644,624.0,,,,,,,,,,,,,,0.0,,,,,0.010439085774123669,0.013333333656191826
,mappo,,,,624.0,0.0,0.0,0.6666666865348816,0.0,0.0,0.0,0.6666666865348816,0.0,0.0,0.0,0.0,0.0,0.0,,,,,,,
0.03810504823923111,mappo,3.576965900720097e-05,-0.3779575526714325,0.00081243747915972,625.0,,,,,,,,,,,,,,0.0,,,,,0.01014926377683878,0.013333333656191826
,mappo,,,,625.0,0.0,0.0,0.6666666865348816,0.0,0.0,0.0,0.6666666865348816,0.0,0.0,0.0,0.0,0.0,0.0,,,,,,,
-0.0006569608231075108,mappo,0.0001072008817573078,-0.40602973103523254,0.0008121373791263755,626.0,,,,,,,,,,,,,,0.0,,,,,0.010129108093678951,0.006666666828095913
,mappo,,,,626.0,0.0,0.0,0.3333333432674408,0.0,0.0,0.0,0.3333333432674408,0.0,0.0,0.0,0.0,0.0,0.0,,,,,,,
-0.0035945659037679434,mappo,5.105627860757522e-05,-0.3741469383239746,0.0008118372790930311,627.0,,,,,,,,,,,,,,0.0,,,,,0.010072920471429825,0.013333333656191826
,mappo,,,,627.0,0.0,0.0,0.6666666865348816,0.0,0.0,0.0,0.6666666865348816,0.0,0.0,0.0,0.0,0.0,0.0,,,,,,,
0.023338479921221733,mappo,7.311536319321021e-05,-0.42165613174438477,0.0008115371790596865,628.0,,,,,,,,,,,,,,0.0,,,,,0.010165445506572723,0.006666666828095913
,mappo,,,,628.0,0.0,0.0,0.3333333432674408,0.0,0.0,0.0,0.3333333432674408,0.0,0.0,0.0,0.0,0.0,0.0,,,,,,,
-0.00963984802365303,mappo,0.00013468241377267987,-0.4146159589290619,0.0008112370790263421,629.0,,,,,,,,,,,,,,0.0,,,,,0.010374017059803009,0.013333333656191826
,mappo,,,,629.0,0.0,0.0,0.6666666865348816,0.0,0.0,0.0,0.6666666865348816,0.0,0.0,0.0,0.0,0.0,0.0,,,,,,,
0.024843307211995125,mappo,4.8408881411887705e-05,-0.44285157322883606,0.0008109369789929977,630.0,,,,,,,,,,,,,,0.0,,,,,0.010381199419498444,0.006666666828095913
,mappo,,,,630.0,0.0,0.0,0.3333333432674408,0.0,0.0,0.0,0.3333333432674408,0.0,0.0,0.0,0.0,0.0,0.0,,,,,,,
0.005499496124684811,mappo,0.0006741282995790243,-1.1564054489135742,0.0008106368789596532,631.0,,,,,,,,,,,,,,0.0,,,,,0.013503391295671463,0.0
,mappo,,,,631.0,0.0,0.0,0.0,0.0,0.0,0.0,0.0,0.0,0.0,0.0,0.0,0.0,0.0,,,,,,,
0.019270148128271103,mappo,0.0006537848967127502,-1.1097209453582764,0.0008103367789263088,632.0,,,,,,,,,,,,,,0.0,,,,,0.013066369108855724,0.0
,mappo,,,,632.0,0.0,0.0,0.0,0.0,0.0,0.0,0.0,0.0,0.0,0.0,0.0,0.0,0.0,,,,,,,
0.0067041548900306225,mappo,0.002384614897891879,-0.35582149028778076,0.0008100366788929644,633.0,,,,,,,,,,,,,,0.0,,,,,0.010238448157906532,0.013333333656191826
,mappo,,,,633.0,0.0,0.0,0.6666666865348816,0.0,0.0,0.0,0.6666666865348816,0.0,0.0,0.0,0.0,0.0,0.0,,,,,,,
-0.0034278244711458683,mappo,0.0010431300615891814,-0.3475217819213867,0.0008097365788596199,634.0,,,,,,,,,,,,,,0.0,,,,,0.010159991681575775,0.013333333656191826
,mappo,,,,634.0,0.0,0.0,0.6666666865348816,0.0,0.0,0.0,0.6666666865348816,0.0,0.0,0.0,0.0,0.0,0.0,,,,,,,
0.013585356064140797,mappo,0.0008324482478201389,-0.4720010459423065,0.0008094364788262755,635.0,,,,,,,,,,,,,,0.0,,,,,0.010560547932982445,0.006666666828095913
,mappo,,,,635.0,0.0,0.0,0.3333333432674408,0.0,0.0,0.0,0.3333333432674408,0.0,0.0,0.0,0.0,0.0,0.0,,,,,,,
-0.009980191476643085,mappo,0.0002276368031743914,-0.3992920219898224,0.0008091363787929311,636.0,,,,,,,,,,,,,,0.0,,,,,0.010354096069931984,0.013333333656191826
,mappo,,,,636.0,0.0,0.0,0.6666666865348816,0.0,0.0,0.0,0.6666666865348816,0.0,0.0,0.0,0.0,0.0,0.0,,,,,,,
0.010357056744396687,mappo,0.0001803571212803945,-0.3733653128147125,0.0008088362787595865,637.0,,,,,,,,,,,,,,0.0,,,,,0.010233736597001553,0.013333333656191826
,mappo,,,,637.0,0.0,0.0,0.6666666865348816,0.0,0.0,0.0,0.6666666865348816,0.0,0.0,0.0,0.0,0.0,0.0,,,,,,,
0.025789838284254074,mappo,7.695136446272954e-05,-0.38886719942092896,0.0008085361787262421,638.0,,,,,,,,,,,,,,0.0,,,,,0.010121328756213188,0.006666666828095913
,mappo,,,,638.0,0.0,0.0,0.3333333432674408,0.0,0.0,0.0,0.3333333432674408,0.0,0.0,0.0,0.0,0.0,0.0,,,,,,,
0.009342360310256481,mappo,1.4906979231454898e-05,-0.42194822430610657,0.0008082360786928976,639.0,,,,,,,,,,,,,,0.0,,,,,0.010263459756970406,0.013333333656191826
,mappo,,,,639.0,0.0,0.0,0.6666666865348816,0.0,0.0,0.0,0.6666666865348816,0.0,0.0,0.0,0.0,0.0,0.0,,,,,,,
-0.00707794027402997,mappo,2.371158916503191e-05,-0.4490414559841156,0.0008079359786595532,640.0,,,,,,,,,,,,,,0.0,,,,,0.010500436648726463,0.013333333656191826
,mappo,,,,640.0,0.0,0.0,0.6666666865348816,0.0,0.0,0.0,0.6666666865348816,0.0,0.0,0.0,0.0,0.0,0.0,,,,,,,
0.00020791204588022083,mappo,3.626109173637815e-05,-0.3488422930240631,0.0008076358786262088,641.0,,,,,,,,,,,,,,0.0,,,,,0.010248953476548195,0.013333333656191826
,mappo,,,,641.0,0.0,0.0,0.6666666865348816,0.0,0.0,0.0,0.6666666865348816,0.0,0.0,0.0,0.0,0.0,0.0,,,,,,,
0.011271379888057709,mappo,0.0005137568805366755,-1.1069343090057373,0.0008073357785928643,642.0,,,,,,,,,,,,,,0.0,,,,,0.013864679262042046,0.0
,mappo,,,,642.0,0.0,0.0,0.0,0.0,0.0,0.0,0.0,0.0,0.0,0.0,0.0,0.0,0.0,,,,,,,
-0.0018102210015058517,mappo,0.0007916278555057943,-0.38532164692878723,0.0008070356785595199,643.0,,,,,,,,,,,,,,0.0,,,,,0.010263754054903984,0.013333333656191826
,mappo,,,,643.0,0.0,0.0,0.6666666865348816,0.0,0.0,0.0,0.6666666865348816,0.0,0.0,0.0,0.0,0.0,0.0,,,,,,,
0.009328283369541168,mappo,0.0004921206273138523,-1.1084340810775757,0.0008067355785261754,644.0,,,,,,,,,,,,,,0.0,,,,,0.01347401924431324,0.0
,mappo,,,,644.0,0.0,0.0,0.0,0.0,0.0,0.0,0.0,0.0,0.0,0.0,0.0,0.0,0.0,,,,,,,
-0.008731003850698471,mappo,0.0012675293255597353,-0.35918182134628296,0.000806435478492831,645.0,,,,,,,,,,,,,,0.0,,,,,0.010310353711247444,0.013333333656191826
,mappo,,,,645.0,0.0,0.0,0.6666666865348816,0.0,0.0,0.0,0.6666666865348816,0.0,0.0,0.0,0.0,0.0,0.0,,,,,,,
-0.0005155176040716469,mappo,0.0005930039915256202,-0.36970439553260803,0.0008061353784594865,646.0,,,,,,,,,,,,,,0.0,,,,,0.010184099897742271,0.013333333656191826
,mappo,,,,646.0,0.0,0.0,0.6666666865348816,0.0,0.0,0.0,0.6666666865348816,0.0,0.0,0.0,0.0,0.0,0.0,,,,,,,
0.014468135312199593,mappo,0.00024556557764299214,-0.3857361972332001,0.0008058352784261421,647.0,,,,,,,,,,,,,,0.0,,,,,0.01010425016283989,0.013333333656191826
,mappo,,,,647.0,0.0,0.0,0.6666666865348816,0.0,0.0,0.0,0.6666666865348816,0.0,0.0,0.0,0.0,0.0,0.0,,,,,,,
5.3726485930383205e-05,mappo,0.00020824713283218443,-0.44316351413726807,0.0008055351783927976,648.0,,,,,,,,,,,,,,0.0,,,,,0.010308526456356049,0.013333333656191826
,mappo,,,,648.0,0.0,0.0,0.6666666865348816,0.0,0.0,0.0,0.6666666865348816,0.0,0.0,0.0,0.0,0.0,0.0,,,,,,,
-0.012104424647986889,mappo,0.0002121940633514896,-0.4553224742412567,0.0008052350783594532,649.0,,,,,,,,,,,,,,0.0,,,,,0.01058273296803236,0.013333333656191826
,mappo,,,,649.0,0.0,0.0,0.6666666865348816,0.0,0.0,0.0,0.6666666865348816,0.0,0.0,0.0,0.0,0.0,0.0,,,,,,,
0.005278024356812239,mappo,8.793982851784676e-05,-0.40499451756477356,0.0008049349783261087,650.0,,,,,,,,,,,,,,0.0,,,,,0.010135569609701633,0.013333333656191826
,mappo,,,,650.0,0.0,0.0,0.6666666865348816,0.0,0.0,0.0,0.6666666865348816,0.0,0.0,0.0,0.0,0.0,0.0,,,,,,,
0.0026624612510204315,mappo,1.7957534510060214e-05,-0.3923785090446472,0.0008046348782927643,651.0,,,,,,,,,,,,,,0.0,,,,,0.010779701173305511,0.013333333656191826
,mappo,,,,651.0,0.0,0.0,0.6666666865348816,0.0,0.0,0.0,0.6666666865348816,0.0,0.0,0.0,0.0,0.0,0.0,,,,,,,
-0.0006305417628027499,mappo,1.4765191735932603e-05,-0.40738362073898315,0.0008043347782594199,652.0,,,,,,,,,,,,,,0.0,,,,,0.010201623663306236,0.013333333656191826
,mappo,,,,652.0,0.0,0.0,0.6666666865348816,0.0,0.0,0.0,0.6666666865348816,0.0,0.0,0.0,0.0,0.0,0.0,,,,,,,
0.0005343821831047535,mappo,1.7513475540908985e-05,-0.41405490040779114,0.0008040346782260754,653.0,,,,,,,,,,,,,,0.0,,,,,0.010667122900485992,0.013333333656191826
,mappo,,,,653.0,0.0,0.0,0.6666666865348816,0.0,0.0,0.0,0.6666666865348816,0.0,0.0,0.0,0.0,0.0,0.0,,,,,,,
-0.0023898272775113583,mappo,1.0853486855921801e-05,-0.409382164478302,0.000803734578192731,654.0,,,,,,,,,,,,,,0.0,,,,,0.010397462174296379,0.013333333656191826
,mappo,,,,654.0,0.0,0.0,0.6666666865348816,0.0,0.0,0.0,0.6666666865348816,0.0,0.0,0.0,0.0,0.0,0.0,,,,,,,
0.0023912708275020123,mappo,1.3218446838436648e-05,-0.38054829835891724,0.0008034344781593864,655.0,,,,,,,,,,,,,,0.0,,,,,0.010094398632645607,0.013333333656191826
,mappo,,,,655.0,0.0,0.0,0.6666666865348816,0.0,0.0,0.0,0.6666666865348816,0.0,0.0,0.0,0.0,0.0,0.0,,,,,,,
-0.0008924258872866631,mappo,8.938834980654065e-06,-0.385756254196167,0.000803134378126042,656.0,,,,,,,,,,,,,,0.0,,,,,0.01015462540090084,0.013333333656191826
,mappo,,,,656.0,0.0,0.0,0.6666666865348816,0.0,0.0,0.0,0.6666666865348816,0.0,0.0,0.0,0.0,0.0,0.0,,,,,,,
0.016606608405709267,mappo,1.1499028914840892e-05,-0.3977168798446655,0.0008028342780926976,657.0,,,,,,,,,,,,,,0.0,,,,,0.010209944099187851,0.013333333656191826
,mappo,,,,657.0,0.0,0.0,0.6666666865348816,0.0,0.0,0.0,0.6666666865348816,0.0,0.0,0.0,0.0,0.0,0.0,,,,,,,
0.022944824770092964,mappo,8.480715223413426e-06,-0.37875428795814514,0.0008025341780593531,658.0,,,,,,,,,,,,,,0.0,,,,,0.010233581066131592,0.013333333656191826
,mappo,,,,658.0,0.0,0.0,0.6666666865348816,0.0,0.0,0.0,0.6666666865348816,0.0,0.0,0.0,0.0,0.0,0.0,,,,,,,
5.916069494560361e-05,mappo,1.0234663932351395e-05,-0.33325013518333435,0.0008022340780260087,659.0,,,,,,,,,,,,,,0.0,,,,,0.009929465129971504,0.013333333656191826
,mappo,,,,659.0,0.0,0.0,0.6666666865348816,0.0,0.0,0.0,0.6666666865348816,0.0,0.0,0.0,0.0,0.0,0.0,,,,,,,
0.021524578332901,mappo,1.020197305479087e-05,-0.36073237657546997,0.0008019339779926642,660.0,,,,,,,,,,,,,,0.0,,,,,0.010141143575310707,0.013333333656191826
,mappo,,,,660.0,0.0,0.0,0.6666666865348816,0.0,0.0,0.0,0.6666666865348816,0.0,0.0,0.0,0.0,0.0,0.0,,,,,,,
-0.00014542590361088514,mappo,6.888402822369244e-06,-0.3096255660057068,0.0008016338779593198,661.0,,,,,,,,,,,,,,0.0,,,,,0.010061074048280716,0.013333333656191826
,mappo,,,,661.0,0.0,0.0,0.6666666865348816,0.0,0.0,0.0,0.6666666865348816,0.0,0.0,0.0,0.0,0.0,0.0,,,,,,,
0.054692063480615616,mappo,6.216257588675944e-06,-0.3114175796508789,0.0008013337779259754,662.0,,,,,,,,,,,,,,0.0,,,,,0.010215443558990955,0.013333333656191826
,mappo,,,,662.0,0.0,0.0,0.6666666865348816,0.0,0.0,0.0,0.6666666865348816,0.0,0.0,0.0,0.0,0.0,0.0,,,,,,,
-0.0014638022985309362,mappo,7.381785053439671e-06,-0.3295917212963104,0.000801033677892631,663.0,,,,,,,,,,,,,,0.0,,,,,0.01013837568461895,0.013333333656191826
,mappo,,,,663.0,0.0,0.0,0.6666666865348816,0.0,0.0,0.0,0.6666666865348816,0.0,0.0,0.0,0.0,0.0,0.0,,,,,,,
-0.00458126375451684,mappo,6.7678042796615046e-06,-0.3341766893863678,0.0008007335778592864,664.0,,,,,,,,,,,,,,0.0,,,,,0.010258781723678112,0.013333333656191826
,mappo,,,,664.0,0.0,0.0,0.6666666865348816,0.0,0.0,0.0,0.6666666865348816,0.0,0.0,0.0,0.0,0.0,0.0,,,,,,,
0.003951479680836201,mappo,1.0836411092896014e-05,-0.3480340242385864,0.000800433477825942,665.0,,,,,,,,,,,,,,0.0,,,,,0.010377287864685059,0.013333333656191826
,mappo,,,,665.0,0.0,0.0,0.6666666865348816,0.0,0.0,0.0,0.6666666865348816,0.0,0.0,0.0,0.0,0.0,0.0,,,,,,,
0.14800572395324707,mappo,1.1512686796777416e-05,-0.32790106534957886,0.0008001333777925975,666.0,,,,,,,,,,,,,,0.0,,,,,0.010028958320617676,0.013333333656191826
,mappo,,,,666.0,0.0,0.0,0.6666666865348816,0.0,0.0,0.0,0.6666666865348816,0.0,0.0,0.0,0.0,0.0,0.0,,,,,,,
0.021961169317364693,mappo,7.854179784771986e-06,-0.30618762969970703,0.0007998332777592531,667.0,,,,,,,,,,,,,,0.0,,,,,0.010373177006840706,0.013333333656191826
,mappo,,,,667.0,0.0,0.0,0.6666666865348816,0.0,0.0,0.0,0.6666666865348816,0.0,0.0,0.0,0.0,0.0,0.0,,,,,,,
0.006097631063312292,mappo,1.1808249837486073e-05,-0.31068292260169983,0.0007995331777259087,668.0,,,,,,,,,,,,,,0.0,,,,,0.010198546573519707,0.013333333656191826
,mappo,,,,668.0,0.0,0.0,0.6666666865348816,0.0,0.0,0.0,0.6666666865348816,0.0,0.0,0.0,0.0,0.0,0.0,,,,,,,
-0.002152353525161743,mappo,4.71662133350037e-06,-0.32653746008872986,0.0007992330776925642,669.0,,,,,,,,,,,,,,0.0,,,,,0.010111609473824501,0.013333333656191826
,mappo,,,,669.0,0.0,0.0,0.6666666865348816,0.0,0.0,0.0,0.6666666865348816,0.0,0.0,0.0,0.0,0.0,0.0,,,,,,,
0.061017170548439026,mappo,6.883818969072308e-06,-0.30268582701683044,0.0007989329776592198,670.0,,,,,,,,,,,,,,0.0,,,,,0.010062250308692455,0.013333333656191826
,mappo,,,,670.0,0.0,0.0,0.6666666865348816,0.0,0.0,0.0,0.6666666865348816,0.0,0.0,0.0,0.0,0.0,0.0,,,,,,,
-0.0007291852962225676,mappo,4.942409759678412e-06,-0.30385980010032654,0.0007986328776258753,671.0,,,,,,,,,,,,,,0.0,,,,,0.010049015283584595,0.013333333656191826
,mappo,,,,671.0,0.0,0.0,0.6666666865348816,0.0,0.0,0.0,0.6666666865348816,0.0,0.0,0.0,0.0,0.0,0.0,,,,,,,
0.005288778804242611,mappo,2.8126385132054565e-06,-0.31800538301467896,0.0007983327775925309,672.0,,,,,,,,,,,,,,0.0,,,,,0.010084032081067562,0.013333333656191826
,mappo,,,,672.0,0.0,0.0,0.6666666865348816,0.0,0.0,0.0,0.6666666865348816,0.0,0.0,0.0,0.0,0.0,0.0,,,,,,,
0.03515234962105751,mappo,2.786794311759877e-06,-0.3155008852481842,0.0007980326775591864,673.0,,,,,,,,,,,,,,0.0,,,,,0.010064126923680305,0.013333333656191826
,mappo,,,,673.0,0.0,0.0,0.6666666865348816,0.0,0.0,0.0,0.6666666865348816,0.0,0.0,0.0,0.0,0.0,0.0,,,,,,,
0.03792634978890419,mappo,5.690252692147624e-06,-0.30193549394607544,0.0007977325775258419,674.0,,,,,,,,,,,,,,0.0,,,,,0.010182483121752739,0.013333333656191826
,mappo,,,,674.0,0.0,0.0,0.6666666865348816,0.0,0.0,0.0,0.6666666865348816,0.0,0.0,0.0,0.0,0.0,0.0,,,,,,,
0.014801298268139362,mappo,2.9759551125607686e-06,-0.32701072096824646,0.0007974324774924975,675.0,,,,,,,,,,,,,,0.0,,,,,0.010042959824204445,0.013333333656191826
,mappo,,,,675.0,0.0,0.0,0.6666666865348816,0.0,0.0,0.0,0.6666666865348816,0.0,0.0,0.0,0.0,0.0,0.0,,,,,,,
-0.00016526682884432375,mappo,5.113276529300492e-06,-0.37134623527526855,0.000797132377459153,676.0,,,,,,,,,,,,,,0.0,,,,,0.010354720056056976,0.013333333656191826
,mappo,,,,676.0,0.0,0.0,0.6666666865348816,0.0,0.0,0.0,0.6666666865348816,0.0,0.0,0.0,0.0,0.0,0.0,,,,,,,
0.0006296387873589993,mappo,2.9882073704357026e-06,-0.3296762704849243,0.0007968322774258086,677.0,,,,,,,,,,,,,,0.0,,,,,0.010157249867916107,0.013333333656191826
,mappo,,,,677.0,0.0,0.0,0.6666666865348816,0.0,0.0,0.0,0.6666666865348816,0.0,0.0,0.0,0.0,0.0,0.0,,,,,,,
-0.004507036879658699,mappo,5.0665735216171015e-06,-0.3086811602115631,0.0007965321773924642,678.0,,,,,,,,,,,,,,0.0,,,,,0.010123217478394508,0.013333333656191826
,mappo,,,,678.0,0.0,0.0,0.6666666865348816,0.0,0.0,0.0,0.6666666865348816,0.0,0.0,0.0,0.0,0.0,0.0,,,,,,,
0.0006375801749527454,mappo,2.1384503270382993e-06,-0.3245116174221039,0.0007962320773591198,679.0,,,,,,,,,,,,,,0.0,,,,,0.010052932426333427,0.013333333656191826
,mappo,,,,679.0,0.0,0.0,0.6666666865348816,0.0,0.0,0.0,0.6666666865348816,0.0,0.0,0.0,0.0,0.0,0.0,,,,,,,
-0.0002494463406037539,mappo,3.249744850108982e-06,-0.3245604336261749,0.0007959319773257753,680.0,,,,,,,,,,,,,,0.0,,,,,0.010135774500668049,0.013333333656191826
,mappo,,,,680.0,0.0,0.0,0.6666666865348816,0.0,0.0,0.0,0.6666666865348816,0.0,0.0,0.0,0.0,0.0,0.0,,,,,,,
-0.0018777314107865095,mappo,2.1281448425725102e-06,-0.32153600454330444,0.0007956318772924309,681.0,,,,,,,,,,,,,,0.0,,,,,0.010133188217878342,0.013333333656191826
,mappo,,,,681.0,0.0,0.0,0.6666666865348816,0.0,0.0,0.0,0.6666666865348816,0.0,0.0,0.0,0.0,0.0,0.0,,,,,,,
-0.0043565211817622185,mappo,2.267937588840141e-06,-0.3293439447879791,0.0007953317772590863,682.0,,,,,,,,,,,,,,0.0,,,,,0.010291260667145252,0.013333333656191826
,mappo,,,,682.0,0.0,0.0,0.6666666865348816,0.0,0.0,0.0,0.6666666865348816,0.0,0.0,0.0,0.0,0.0,0.0,,,,,,,
0.04566260054707527,mappo,1.9205240278097335e-06,-0.3246477544307709,0.0007950316772257419,683.0,,,,,,,,,,,,,,0.0,,,,,0.010186983272433281,0.013333333656191826
,mappo,,,,683.0,0.0,0.0,0.6666666865348816,0.0,0.0,0.0,0.6666666865348816,0.0,0.0,0.0,0.0,0.0,0.0,,,,,,,
0.0063812038861215115,mappo,2.8188235319248633e-06,-0.3296990990638733,0.0007947315771923975,684.0,,,,,,,,,,,,,,0.0,,,,,0.010043625719845295,0.013333333656191826
,mappo,,,,684.0,0.0,0.0,0.6666666865348816,0.0,0.0,0.0,0.6666666865348816,0.0,0.0,0.0,0.0,0.0,0.0,,,,,,,
0.006082205101847649,mappo,3.339595059514977e-05,-0.34103453159332275,0.0007944314771590531,685.0,,,,,,,,,,,,,,0.0,,,,,0.010076805017888546,0.006666666828095913
,mappo,,,,685.0,0.0,0.0,0.3333333432674408,0.0,0.0,0.0,0.3333333432674408,0.0,0.0,0.0,0.0,0.0,0.0,,,,,,,
-0.00853878166526556,mappo,8.313813850691076e-06,-0.3628762364387512,0.0007941313771257086,686.0,,,,,,,,,,,,,,0.0,,,,,0.010101540014147758,0.013333333656191826
,mappo,,,,686.0,0.0,0.0,0.6666666865348816,0.0,0.0,0.0,0.6666666865348816,0.0,0.0,0.0,0.0,0.0,0.0,,,,,,,
0.006180638447403908,mappo,1.5035733667900786e-05,-0.3813644349575043,0.0007938312770923641,687.0,,,,,,,,,,,,,,0.0,,,,,0.010200196877121925,0.013333333656191826
,mappo,,,,687.0,0.0,0.0,0.6666666865348816,0.0,0.0,0.0,0.6666666865348816,0.0,0.0,0.0,0.0,0.0,0.0,,,,,,,
-0.006615173537284136,mappo,8.658493243274279e-06,-0.37670689821243286,0.0007935311770590197,688.0,,,,,,,,,,,,,,0.0,,,,,0.010251065716147423,0.013333333656191826
,mappo,,,,688.0,0.0,0.0,0.6666666865348816,0.0,0.0,0.0,0.6666666865348816,0.0,0.0,0.0,0.0,0.0,0.0,,,,,,,
-0.011007082648575306,mappo,5.6048274927889e-06,-0.3731721043586731,0.0007932310770256753,689.0,,,,,,,,,,,,,,0.0,,,,,0.01020766980946064,0.013333333656191826
,mappo,,,,689.0,0.0,0.0,0.6666666865348816,0.0,0.0,0.0,0.6666666865348816,0.0,0.0,0.0,0.0,0.0,0.0,,,,,,,
0.012468574568629265,mappo,3.1140980354393832e-06,-0.34790512919425964,0.0007929309769923309,690.0,,,,,,,,,,,,,,0.0,,,,,0.01018982008099556,0.013333333656191826
,mappo,,,,690.0,0.0,0.0,0.6666666865348816,0.0,0.0,0.0,0.6666666865348816,0.0,0.0,0.0,0.0,0.0,0.0,,,,,,,
0.01608983427286148,mappo,5.019745003664866e-06,-0.3408605456352234,0.0007926308769589863,691.0,,,,,,,,,,,,,,0.0,,,,,0.010262582451105118,0.013333333656191826
,mappo,,,,691.0,0.0,0.0,0.6666666865348816,0.0,0.0,0.0,0.6666666865348816,0.0,0.0,0.0,0.0,0.0,0.0,,,,,,,
0.05197453498840332,mappo,2.5478241241216892e-06,-0.3293874263763428,0.0007923307769256419,692.0,,,,,,,,,,,,,,0.0,,,,,0.010412934236228466,0.013333333656191826
,mappo,,,,692.0,0.0,0.0,0.6666666865348816,0.0,0.0,0.0,0.6666666865348816,0.0,0.0,0.0,0.0,0.0,0.0,,,,,,,
0.01669389195740223,mappo,2.3019613308861153e-06,-0.32068711519241333,0.0007920306768922974,693.0,,,,,,,,,,,,,,0.0,,,,,0.01023091934621334,0.013333333656191826
,mappo,,,,693.0,0.0,0.0,0.6666666865348816,0.0,0.0,0.0,0.6666666865348816,0.0,0.0,0.0,0.0,0.0,0.0,,,,,,,
-0.007247351109981537,mappo,1.4258234841690864e-06,-0.3183586895465851,0.000791730576858953,694.0,,,,,,,,,,,,,,0.0,,,,,0.01015465334057808,0.013333333656191826
,mappo,,,,694.0,0.0,0.0,0.6666666865348816,0.0,0.0,0.0,0.6666666865348816,0.0,0.0,0.0,0.0,0.0,0.0,,,,,,,
-0.006944688968360424,mappo,3.832640686596278e-06,-0.3787086009979248,0.0007914304768256086,695.0,,,,,,,,,,,,,,0.0,,,,,0.01029252540320158,0.013333333656191826
,mappo,,,,695.0,0.0,0.0,0.6666666865348816,0.0,0.0,0.0,0.6666666865348816,0.0,0.0,0.0,0.0,0.0,0.0,,,,,,,
0.002594273304566741,mappo,5.961146143818041e-06,-0.35939234495162964,0.0007911303767922642,696.0,,,,,,,,,,,,,,0.0,,,,,0.010137185454368591,0.013333333656191826
,mappo,,,,696.0,0.0,0.0,0.6666666865348816,0.0,0.0,0.0,0.6666666865348816,0.0,0.0,0.0,0.0,0.0,0.0,,,,,,,
0.0100416149944067,mappo,2.5875456231005955e-06,-0.35805588960647583,0.0007908302767589197,697.0,,,,,,,,,,,,,,0.0,,,,,0.010232752189040184,0.013333333656191826
,mappo,,,,697.0,0.0,0.0,0.6666666865348816,0.0,0.0,0.0,0.6666666865348816,0.0,0.0,0.0,0.0,0.0,0.0,,,,,,,
-0.0009535415447317064,mappo,5.594600679614814e-06,-0.30832189321517944,0.0007905301767255752,698.0,,,,,,,,,,,,,,0.0,,,,,0.010113718919456005,0.013333333656191826
,mappo,,,,698.0,0.0,0.0,0.6666666865348816,0.0,0.0,0.0,0.6666666865348816,0.0,0.0,0.0,0.0,0.0,0.0,,,,,,,
0.03532601147890091,mappo,1.6279449255307554e-06,-0.2993287146091461,0.0007902300766922307,699.0,,,,,,,,,,,,,,0.0,,,,,0.01035947073251009,0.013333333656191826
,mappo,,,,699.0,0.0,0.0,0.6666666865348816,0.0,0.0,0.0,0.6666666865348816,0.0,0.0,0.0,0.0,0.0,0.0,,,,,,,
,mappo,,,,699.0,,,,,,,,,,,,,,,0.0,0.0,0.0,0.0,,
0.043940216302871704,mappo,6.484759978775401e-06,-0.3012291491031647,0.0007899299766588863,700.0,,,,,,,,,,,,,,0.0,,,,,0.010443076491355896,0.013333333656191826
,mappo,,,,700.0,0.0,0.0,0.6666666865348816,0.0,0.0,0.0,0.6666666865348816,0.0,0.0,0.0,0.0,0.0,0.0,,,,,,,
-0.006891448050737381,mappo,1.3518325658878894e-06,-0.2843557596206665,0.0007896298766255419,701.0,,,,,,,,,,,,,,0.0,,,,,0.010264797136187553,0.013333333656191826
,mappo,,,,701.0,0.0,0.0,0.6666666865348816,0.0,0.0,0.0,0.6666666865348816,0.0,0.0,0.0,0.0,0.0,0.0,,,,,,,
0.017467351630330086,mappo,9.22631261346396e-06,-0.28492721915245056,0.0007893297765921974,702.0,,,,,,,,,,,,,,0.0,,,,,0.010338646359741688,0.013333333656191826
,mappo,,,,702.0,0.0,0.0,0.6666666865348816,0.0,0.0,0.0,0.6666666865348816,0.0,0.0,0.0,0.0,0.0,0.0,,,,,,,
0.01861877739429474,mappo,1.0285638381901663e-05,-0.27563291788101196,0.000789029676558853,703.0,,,,,,,,,,,,,,0.0,,,,,0.010389823466539383,0.013333333656191826
,mappo,,,,703.0,0.0,0.0,0.6666666865348816,0.0,0.0,0.0,0.6666666865348816,0.0,0.0,0.0,0.0,0.0,0.0,,,,,,,
0.055515848100185394,mappo,1.0235763511445839e-05,-0.29568877816200256,0.0007887295765255085,704.0,,,,,,,,,,,,,,0.0,,,,,0.010426083579659462,0.013333333656191826
,mappo,,,,704.0,0.0,0.0,0.6666666865348816,0.0,0.0,0.0,0.6666666865348816,0.0,0.0,0.0,0.0,0.0,0.0,,,,,,,
0.010690727271139622,mappo,1.651921593293082e-05,-0.2545410394668579,0.0007884294764921641,705.0,,,,,,,,,,,,,,0.0,,,,,0.010287851095199585,0.013333333656191826
,mappo,,,,705.0,0.0,0.0,0.6666666865348816,0.0,0.0,0.0,0.6666666865348816,0.0,0.0,0.0,0.0,0.0,0.0,,,,,,,
-0.00367094948887825,mappo,4.9125810619443655e-06,-0.23216214776039124,0.0007881293764588197,706.0,,,,,,,,,,,,,,0.0,,,,,0.010166380554437637,0.013333333656191826
,mappo,,,,706.0,0.0,0.0,0.6666666865348816,0.0,0.0,0.0,0.6666666865348816,0.0,0.0,0.0,0.0,0.0,0.0,,,,,,,
-0.00021619320614263415,mappo,4.616646492650034e-06,-0.21909098327159882,0.0007878292764254752,707.0,,,,,,,,,,,,,,0.0,,,,,0.010046875104308128,0.013333333656191826
,mappo,,,,707.0,0.0,0.0,0.6666666865348816,0.0,0.0,0.0,0.6666666865348816,0.0,0.0,0.0,0.0,0.0,0.0,,,,,,,
0.013503188267350197,mappo,3.862948688038159e-06,-0.21104656159877777,0.0007875291763921307,708.0,,,,,,,,,,,,,,0.0,,,,,0.010159721598029137,0.013333333656191826
,mappo,,,,708.0,0.0,0.0,0.6666666865348816,0.0,0.0,0.0,0.6666666865348816,0.0,0.0,0.0,0.0,0.0,0.0,,,,,,,
-0.0002624962944537401,mappo,9.40435620577773e-06,-0.22686101496219635,0.0007872290763587863,709.0,,,,,,,,,,,,,,0.0,,,,,0.010069165378808975,0.013333333656191826
,mappo,,,,709.0,0.0,0.0,0.6666666865348816,0.0,0.0,0.0,0.6666666865348816,0.0,0.0,0.0,0.0,0.0,0.0,,,,,,,
0.0030187678057700396,mappo,3.274848131695762e-05,-0.2825075387954712,0.0007869289763254418,710.0,,,,,,,,,,,,,,0.0,,,,,0.010272372514009476,0.013333333656191826
,mappo,,,,710.0,0.0,0.0,0.6666666865348816,0.0,0.0,0.0,0.6666666865348816,0.0,0.0,0.0,0.0,0.0,0.0,,,,,,,
-0.011496017687022686,mappo,3.173904815412243e-06,-0.2703639268875122,0.0007866288762920974,711.0,,,,,,,,,,,,,,0.0,,,,,0.01027737371623516,0.013333333656191826
,mappo,,,,711.0,0.0,0.0,0.6666666865348816,0.0,0.0,0.0,0.6666666865348816,0.0,0.0,0.0,0.0,0.0,0.0,,,,,,,
0.0061256662011146545,mappo,7.305015060410369e-06,-0.37734830379486084,0.000786328776258753,712.0,,,,,,,,,,,,,,0.0,,,,,0.0102441580966115,0.013333333656191826
,mappo,,,,712.0,0.0,0.0,0.6666666865348816,0.0,0.0,0.0,0.6666666865348816,0.0,0.0,0.0,0.0,0.0,0.0,,,,,,,
-0.0036367974244058132,mappo,1.8838807591237128e-05,-0.3142659068107605,0.0007860286762254085,713.0,,,,,,,,,,,,,,0.0,,,,,0.010376986116170883,0.013333333656191826
,mappo,,,,713.0,0.0,0.0,0.6666666865348816,0.0,0.0,0.0,0.6666666865348816,0.0,0.0,0.0,0.0,0.0,0.0,,,,,,,
0.0025639047380536795,mappo,3.6785675092687597e-06,-0.3351501226425171,0.0007857285761920641,714.0,,,,,,,,,,,,,,0.0,,,,,0.010454319417476654,0.013333333656191826
,mappo,,,,714.0,0.0,0.0,0.6666666865348816,0.0,0.0,0.0,0.6666666865348816,0.0,0.0,0.0,0.0,0.0,0.0,,,,,,,
0.010958407074213028,mappo,6.438091531890677e-06,-0.3228817284107208,0.0007854284761587196,715.0,,,,,,,,,,,,,,0.0,,,,,0.010122038424015045,0.013333333656191826
,mappo,,,,715.0,0.0,0.0,0.6666666865348816,0.0,0.0,0.0,0.6666666865348816,0.0,0.0,0.0,0.0,0.0,0.0,,,,,,,
0.028116371482610703,mappo,4.469971827347763e-06,-0.3386823832988739,0.0007851283761253752,716.0,,,,,,,,,,,,,,0.0,,,,,0.010286947712302208,0.013333333656191826
,mappo,,,,716.0,0.0,0.0,0.6666666865348816,0.0,0.0,0.0,0.6666666865348816,0.0,0.0,0.0,0.0,0.0,0.0,,,,,,,
0.001736237434670329,mappo,3.3155195069412002e-06,-0.33422794938087463,0.0007848282760920307,717.0,,,,,,,,,,,,,,0.0,,,,,0.010303456336259842,0.013333333656191826
,mappo,,,,717.0,0.0,0.0,0.6666666865348816,0.0,0.0,0.0,0.6666666865348816,0.0,0.0,0.0,0.0,0.0,0.0,,,,,,,
0.025337064638733864,mappo,3.766362397072953e-06,-0.30980968475341797,0.0007845281760586862,718.0,,,,,,,,,,,,,,0.0,,,,,0.010296661406755447,0.013333333656191826
,mappo,,,,718.0,0.0,0.0,0.6666666865348816,0.0,0.0,0.0,0.6666666865348816,0.0,0.0,0.0,0.0,0.0,0.0,,,,,,,
0.004301909822970629,mappo,2.409504986644606e-06,-0.297254741191864,0.0007842280760253418,719.0,,,,,,,,,,,,,,0.0,,,,,0.010250627994537354,0.013333333656191826
,mappo,,,,719.0,0.0,0.0,0.6666666865348816,0.0,0.0,0.0,0.6666666865348816,0.0,0.0,0.0,0.0,0.0,0.0,,,,,,,
0.013884558342397213,mappo,2.294784508194425e-06,-0.2870747148990631,0.0007839279759919973,720.0,,,,,,,,,,,,,,0.0,,,,,0.010222450830042362,0.013333333656191826
,mappo,,,,720.0,0.0,0.0,0.6666666865348816,0.0,0.0,0.0,0.6666666865348816,0.0,0.0,0.0,0.0,0.0,0.0,,,,,,,
-0.004165065474808216,mappo,1.9211133803764824e-06,-0.2900939881801605,0.0007836278759586529,721.0,,,,,,,,,,,,,,0.0,,,,,0.010302835144102573,0.013333333656191826
,mappo,,,,721.0,0.0,0.0,0.6666666865348816,0.0,0.0,0.0,0.6666666865348816,0.0,0.0,0.0,0.0,0.0,0.0,,,,,,,
0.036570947617292404,mappo,1.4189236026140861e-06,-0.27407968044281006,0.0007833277759253085,722.0,,,,,,,,,,,,,,0.0,,,,,0.010286333039402962,0.013333333656191826
,mappo,,,,722.0,0.0,0.0,0.6666666865348816,0.0,0.0,0.0,0.6666666865348816,0.0,0.0,0.0,0.0,0.0,0.0,,,,,,,
-0.00036344051477499306,mappo,3.892850145348348e-06,-0.2547670006752014,0.000783027675891964,723.0,,,,,,,,,,,,,,0.0,,,,,0.010129546746611595,0.013333333656191826
,mappo,,,,723.0,0.0,0.0,0.6666666865348816,0.0,0.0,0.0,0.6666666865348816,0.0,0.0,0.0,0.0,0.0,0.0,,,,,,,
0.025123611092567444,mappo,3.6173985336063197e-06,-0.2477302849292755,0.0007827275758586196,724.0,,,,,,,,,,,,,,0.0,,,,,0.01029900461435318,0.013333333656191826
,mappo,,,,724.0,0.0,0.0,0.6666666865348816,0.0,0.0,0.0,0.6666666865348816,0.0,0.0,0.0,0.0,0.0,0.0,,,,,,,
0.018293876200914383,mappo,2.599413846837706e-06,-0.24762114882469177,0.0007824274758252752,725.0,,,,,,,,,,,,,,0.0,,,,,0.01040315255522728,0.013333333656191826
,mappo,,,,725.0,0.0,0.0,0.6666666865348816,0.0,0.0,0.0,0.6666666865348816,0.0,0.0,0.0,0.0,0.0,0.0,,,,,,,
-0.0182802714407444,mappo,1.971199026229442e-06,-0.23279571533203125,0.0007821273757919306,726.0,,,,,,,,,,,,,,0.0,,,,,0.010268103331327438,0.013333333656191826
,mappo,,,,726.0,0.0,0.0,0.6666666865348816,0.0,0.0,0.0,0.6666666865348816,0.0,0.0,0.0,0.0,0.0,0.0,,,,,,,
0.0035438125487416983,mappo,1.2751786471199011e-06,-0.23969030380249023,0.0007818272757585862,727.0,,,,,,,,,,,,,,0.0,,,,,0.010290402919054031,0.013333333656191826
,mappo,,,,727.0,0.0,0.0,0.6666666865348816,0.0,0.0,0.0,0.6666666865348816,0.0,0.0,0.0,0.0,0.0,0.0,,,,,,,
0.0026943639386445284,mappo,1.9657747998280684e-06,-0.24076083302497864,0.0007815271757252418,728.0,,,,,,,,,,,,,,0.0,,,,,0.010583781637251377,0.013333333656191826
,mappo,,,,728.0,0.0,0.0,0.6666666865348816,0.0,0.0,0.0,0.6666666865348816,0.0,0.0,0.0,0.0,0.0,0.0,,,,,,,
-0.0061881691217422485,mappo,1.4268531458583311e-06,-0.24431419372558594,0.0007812270756918973,729.0,,,,,,,,,,,,,,0.0,,,,,0.010261524468660355,0.013333333656191826
,mappo,,,,729.0,0.0,0.0,0.6666666865348816,0.0,0.0,0.0,0.6666666865348816,0.0,0.0,0.0,0.0,0.0,0.0,,,,,,,
0.004398604854941368,mappo,0.0003621345676947385,-0.7576106786727905,0.0007809269756585529,730.0,,,,,,,,,,,,,,0.0,,,,,0.012267396785318851,0.0
,mappo,,,,730.0,0.0,0.0,0.0,0.0,0.0,0.0,0.0,0.0,0.0,0.0,0.0,0.0,0.0,,,,,,,
-0.0024773869663476944,mappo,0.00037135384627617896,-0.7642302513122559,0.0007806268756252084,731.0,,,,,,,,,,,,,,0.0,,,,,0.012178715318441391,0.0
,mappo,,,,731.0,0.0,0.0,0.0,0.0,0.0,0.0,0.0,0.0,0.0,0.0,0.0,0.0,0.0,,,,,,,
0.018315855413675308,mappo,0.0014125570887699723,-0.2438921332359314,0.000780326775591864,732.0,,,,,,,,,,,,,,0.0,,,,,0.010492445901036263,0.013333333656191826
,mappo,,,,732.0,0.0,0.0,0.6666666865348816,0.0,0.0,0.0,0.6666666865348816,0.0,0.0,0.0,0.0,0.0,0.0,,,,,,,
-0.007271271664649248,mappo,0.00036050021299161017,-0.7531578540802002,0.0007800266755585196,733.0,,,,,,,,,,,,,,0.0,,,,,0.012173982337117195,0.0
,mappo,,,,733.0,0.0,0.0,0.0,0.0,0.0,0.0,0.0,0.0,0.0,0.0,0.0,0.0,0.0,,,,,,,
-0.006905293092131615,mappo,0.0013143733376637101,-0.3051631450653076,0.000779726575525175,734.0,,,,,,,,,,,,,,0.0,,,,,0.010580465197563171,0.006666666828095913
,mappo,,,,734.0,0.0,0.0,0.3333333432674408,0.0,0.0,0.0,0.3333333432674408,0.0,0.0,0.0,0.0,0.0,0.0,,,,,,,
0.12183605879545212,mappo,0.000655270298011601,-0.2866175174713135,0.0007794264754918306,735.0,,,,,,,,,,,,,,0.0,,,,,0.010481258854269981,0.013333333656191826
,mappo,,,,735.0,0.0,0.0,0.6666666865348816,0.0,0.0,0.0,0.6666666865348816,0.0,0.0,0.0,0.0,0.0,0.0,,,,,,,
0.029594827443361282,mappo,0.00016376421262975782,-0.2879878282546997,0.0007791263754584861,736.0,,,,,,,,,,,,,,0.0,,,,,0.010509802028536797,0.013333333656191826
,mappo,,,,736.0,0.0,0.0,0.6666666865348816,0.0,0.0,0.0,0.6666666865348816,0.0,0.0,0.0,0.0,0.0,0.0,,,,,,,
0.06770269572734833,mappo,0.00016641270485706627,-0.28858643770217896,0.0007788262754251417,737.0,,,,,,,,,,,,,,0.0,,,,,0.010314146056771278,0.013333333656191826
,mappo,,,,737.0,0.0,0.0,0.6666666865348816,0.0,0.0,0.0,0.6666666865348816,0.0,0.0,0.0,0.0,0.0,0.0,,,,,,,
0.006894262041896582,mappo,0.00017316816956736147,-0.30559131503105164,0.0007785261753917973,738.0,,,,,,,,,,,,,,0.0,,,,,0.010717654600739479,0.013333333656191826
,mappo,,,,738.0,0.0,0.0,0.6666666865348816,0.0,0.0,0.0,0.6666666865348816,0.0,0.0,0.0,0.0,0.0,0.0,,,,,,,
0.007445391267538071,mappo,4.043509761686437e-05,-0.2957066297531128,0.0007782260753584529,739.0,,,,,,,,,,,,,,0.0,,,,,0.01033532340079546,0.013333333656191826
,mappo,,,,739.0,0.0,0.0,0.6666666865348816,0.0,0.0,0.0,0.6666666865348816,0.0,0.0,0.0,0.0,0.0,0.0,,,,,,,
0.0007661733543500304,mappo,2.4630962798255496e-05,-0.2861246168613434,0.0007779259753251084,740.0,,,,,,,,,,,,,,0.0,,,,,0.010375583544373512,0.013333333656191826
,mappo,,,,740.0,0.0,0.0,0.6666666865348816,0.0,0.0,0.0,0.6666666865348816,0.0,0.0,0.0,0.0,0.0,0.0,,,,,,,
0.048995573073625565,mappo,3.377493339939974e-05,-0.301226943731308,0.000777625875291764,741.0,,,,,,,,,,,,,,0.0,,,,,0.010379577055573463,0.013333333656191826
,mappo,,,,741.0,0.0,0.0,0.6666666865348816,0.0,0.0,0.0,0.6666666865348816,0.0,0.0,0.0,0.0,0.0,0.0,,,,,,,
-0.0083411680534482,mappo,4.371434624772519e-05,-0.27941054105758667,0.0007773257752584195,742.0,,,,,,,,,,,,,,0.0,,,,,0.010498067364096642,0.013333333656191826
,mappo,,,,742.0,0.0,0.0,0.6666666865348816,0.0,0.0,0.0,0.6666666865348816,0.0,0.0,0.0,0.0,0.0,0.0,,,,,,,
-0.009300393983721733,mappo,2.3451573724742047e-05,-0.2767806351184845,0.000777025675225075,743.0,,,,,,,,,,,,,,0.0,,,,,0.010320432484149933,0.013333333656191826
,mappo,,,,743.0,0.0,0.0,0.6666666865348816,0.0,0.0,0.0,0.6666666865348816,0.0,0.0,0.0,0.0,0.0,0.0,,,,,,,
0.020778637379407883,mappo,1.3876627235731576e-05,-0.24594393372535706,0.0007767255751917306,744.0,,,,,,,,,,,,,,0.0,,,,,0.010287059471011162,0.013333333656191826
,mappo,,,,744.0,0.0,0.0,0.6666666865348816,0.0,0.0,0.0,0.6666666865348816,0.0,0.0,0.0,0.0,0.0,0.0,,,,,,,
0.010620556771755219,mappo,1.7072667105821893e-05,-0.25554656982421875,0.0007764254751583861,745.0,,,,,,,,,,,,,,0.0,,,,,0.010303032584488392,0.013333333656191826
,mappo,,,,745.0,0.0,0.0,0.6666666865348816,0.0,0.0,0.0,0.6666666865348816,0.0,0.0,0.0,0.0,0.0,0.0,,,,,,,
-0.006357444450259209,mappo,6.8637041295005474e-06,-0.2296449989080429,0.0007761253751250417,746.0,,,,,,,,,,,,,,0.0,,,,,0.010301673784852028,0.013333333656191826
,mappo,,,,746.0,0.0,0.0,0.6666666865348816,0.0,0.0,0.0,0.6666666865348816,0.0,0.0,0.0,0.0,0.0,0.0,,,,,,,
-0.003921767696738243,mappo,7.802712389093358e-06,-0.24601593613624573,0.0007758252750916972,747.0,,,,,,,,,,,,,,0.0,,,,,0.010371724143624306,0.013333333656191826
,mappo,,,,747.0,0.0,0.0,0.6666666865348816,0.0,0.0,0.0,0.6666666865348816,0.0,0.0,0.0,0.0,0.0,0.0,,,,,,,
-0.0041619352996349335,mappo,6.555657819262706e-06,-0.24282102286815643,0.0007755251750583528,748.0,,,,,,,,,,,,,,0.0,,,,,0.010192980989813805,0.013333333656191826
,mappo,,,,748.0,0.0,0.0,0.6666666865348816,0.0,0.0,0.0,0.6666666865348816,0.0,0.0,0.0,0.0,0.0,0.0,,,,,,,
-0.001447362476028502,mappo,1.1890293535543606e-05,-0.2938745617866516,0.0007752250750250084,749.0,,,,,,,,,,,,,,0.0,,,,,0.010429413057863712,0.013333333656191826
,mappo,,,,749.0,0.0,0.0,0.6666666865348816,0.0,0.0,0.0,0.6666666865348816,0.0,0.0,0.0,0.0,0.0,0.0,,,,,,,
-0.003274535061791539,mappo,5.969295671093278e-06,-0.251484215259552,0.000774924974991664,750.0,,,,,,,,,,,,,,0.0,,,,,0.010510635562241077,0.013333333656191826
,mappo,,,,750.0,0.0,0.0,0.6666666865348816,0.0,0.0,0.0,0.6666666865348816,0.0,0.0,0.0,0.0,0.0,0.0,,,,,,,
0.004321536514908075,mappo,1.2537206202978268e-05,-0.25575509667396545,0.0007746248749583195,751.0,,,,,,,,,,,,,,0.0,,,,,0.010135170072317123,0.013333333656191826
,mappo,,,,751.0,0.0,0.0,0.6666666865348816,0.0,0.0,0.0,0.6666666865348816,0.0,0.0,0.0,0.0,0.0,0.0,,,,,,,
0.0071049705147743225,mappo,8.693473318999168e-06,-0.2753821313381195,0.0007743247749249751,752.0,,,,,,,,,,,,,,0.0,,,,,0.01041839737445116,0.013333333656191826
,mappo,,,,752.0,0.0,0.0,0.6666666865348816,0.0,0.0,0.0,0.6666666865348816,0.0,0.0,0.0,0.0,0.0,0.0,,,,,,,
0.0076127625070512295,mappo,7.646776793990284e-06,-0.27678048610687256,0.0007740246748916305,753.0,,,,,,,,,,,,,,0.0,,,,,0.010247686877846718,0.013333333656191826
,mappo,,,,753.0,0.0,0.0,0.6666666865348816,0.0,0.0,0.0,0.6666666865348816,0.0,0.0,0.0,0.0,0.0,0.0,,,,,,,
0.004725732374936342,mappo,1.423440426151501e-05,-0.3254038989543915,0.0007737245748582861,754.0,,,,,,,,,,,,,,0.0,,,,,0.01070824172347784,0.013333333656191826
,mappo,,,,754.0,0.0,0.0,0.6666666865348816,0.0,0.0,0.0,0.6666666865348816,0.0,0.0,0.0,0.0,0.0,0.0,,,,,,,
0.015255632810294628,mappo,4.05848049922497e-06,-0.29056355357170105,0.0007734244748249417,755.0,,,,,,,,,,,,,,0.0,,,,,0.010371308773756027,0.013333333656191826
,mappo,,,,755.0,0.0,0.0,0.6666666865348816,0.0,0.0,0.0,0.6666666865348816,0.0,0.0,0.0,0.0,0.0,0.0,,,,,,,
-0.0006117423181422055,mappo,4.448533672984922e-06,-0.3185228705406189,0.0007731243747915972,756.0,,,,,,,,,,,,,,0.0,,,,,0.010252154432237148,0.013333333656191826
,mappo,,,,756.0,0.0,0.0,0.6666666865348816,0.0,0.0,0.0,0.6666666865348816,0.0,0.0,0.0,0.0,0.0,0.0,,,,,,,
0.0030314710456877947,mappo,2.7779224183177575e-06,-0.2895045876502991,0.0007728242747582528,757.0,,,,,,,,,,,,,,0.0,,,,,0.010196538642048836,0.013333333656191826
,mappo,,,,757.0,0.0,0.0,0.6666666865348816,0.0,0.0,0.0,0.6666666865348816,0.0,0.0,0.0,0.0,0.0,0.0,,,,,,,
0.013936297968029976,mappo,5.022935056331335e-06,-0.2809150815010071,0.0007725241747249083,758.0,,,,,,,,,,,,,,0.0,,,,,0.010191874578595161,0.013333333656191826
,mappo,,,,758.0,0.0,0.0,0.6666666865348816,0.0,0.0,0.0,0.6666666865348816,0.0,0.0,0.0,0.0,0.0,0.0,,,,,,,
0.00542761106044054,mappo,3.615586365413037e-06,-0.2501507103443146,0.0007722240746915639,759.0,,,,,,,,,,,,,,0.0,,,,,0.01027265191078186,0.013333333656191826
,mappo,,,,759.0,0.0,0.0,0.6666666865348816,0.0,0.0,0.0,0.6666666865348816,0.0,0.0,0.0,0.0,0.0,0.0,,,,,,,
-0.001965999137610197,mappo,7.479796749976231e-06,-0.27996939420700073,0.0007719239746582195,760.0,,,,,,,,,,,,,,0.0,,,,,0.010416317731142044,0.013333333656191826
,mappo,,,,760.0,0.0,0.0,0.6666666865348816,0.0,0.0,0.0,0.6666666865348816,0.0,0.0,0.0,0.0,0.0,0.0,,,,,,,
0.0027132031973451376,mappo,1.0814938832481857e-05,-0.26372694969177246,0.000771623874624875,761.0,,,,,,,,,,,,,,0.0,,,,,0.01013469509780407,0.013333333656191826
,mappo,,,,761.0,0.0,0.0,0.6666666865348816,0.0,0.0,0.0,0.6666666865348816,0.0,0.0,0.0,0.0,0.0,0.0,,,,,,,
0.027815112844109535,mappo,3.9275691960938275e-06,-0.27988433837890625,0.0007713237745915305,762.0,,,,,,,,,,,,,,0.0,,,,,0.010219703428447247,0.013333333656191826
,mappo,,,,762.0,0.0,0.0,0.6666666865348816,0.0,0.0,0.0,0.6666666865348816,0.0,0.0,0.0,0.0,0.0,0.0,,,,,,,
-0.0019049845868721604,mappo,4.079802238265984e-06,-0.2737395763397217,0.0007710236745581861,763.0,,,,,,,,,,,,,,0.0,,,,,0.010323389433324337,0.013333333656191826
,mappo,,,,763.0,0.0,0.0,0.6666666865348816,0.0,0.0,0.0,0.6666666865348816,0.0,0.0,0.0,0.0,0.0,0.0,,,,,,,
-0.003939395304769278,mappo,2.244568804599112e-06,-0.2578006088733673,0.0007707235745248416,764.0,,,,,,,,,,,,,,0.0,,,,,0.010187672451138496,0.013333333656191826
,mappo,,,,764.0,0.0,0.0,0.6666666865348816,0.0,0.0,0.0,0.6666666865348816,0.0,0.0,0.0,0.0,0.0,0.0,,,,,,,
-0.0011322705540806055,mappo,1.6490250800416106e-06,-0.24495744705200195,0.0007704234744914972,765.0,,,,,,,,,,,,,,0.0,,,,,0.010123648680746555,0.013333333656191826
,mappo,,,,765.0,0.0,0.0,0.6666666865348816,0.0,0.0,0.0,0.6666666865348816,0.0,0.0,0.0,0.0,0.0,0.0,,,,,,,
0.006654881406575441,mappo,3.516076503728982e-06,-0.2302863597869873,0.0007701233744581528,766.0,,,,,,,,,,,,,,0.0,,,,,0.010143659077584743,0.013333333656191826
,mappo,,,,766.0,0.0,0.0,0.6666666865348816,0.0,0.0,0.0,0.6666666865348816,0.0,0.0,0.0,0.0,0.0,0.0,,,,,,,
-0.004314229357987642,mappo,4.914854798698798e-06,-0.21387946605682373,0.0007698232744248083,767.0,,,,,,,,,,,,,,0.0,,,,,0.010252483189105988,0.013333333656191826
,mappo,,,,767.0,0.0,0.0,0.6666666865348816,0.0,0.0,0.0,0.6666666865348816,0.0,0.0,0.0,0.0,0.0,0.0,,,,,,,
-0.0008501073461957276,mappo,1.810070102692407e-06,-0.2360273003578186,0.0007695231743914639,768.0,,,,,,,,,,,,,,0.0,,,,,0.010286994278430939,0.013333333656191826
,mappo,,,,768.0,0.0,0.0,0.6666666865348816,0.0,0.0,0.0,0.6666666865348816,0.0,0.0,0.0,0.0,0.0,0.0,,,,,,,
0.04702859744429588,mappo,2.2774872832087567e-06,-0.2365986853837967,0.0007692230743581194,769.0,,,,,,,,,,,,,,0.0,,,,,0.010120547376573086,0.013333333656191826
,mappo,,,,769.0,0.0,0.0,0.6666666865348816,0.0,0.0,0.0,0.6666666865348816,0.0,0.0,0.0,0.0,0.0,0.0,,,,,,,
-0.012347943149507046,mappo,5.148131549503887e-06,-0.21219587326049805,0.000768922974324775,770.0,,,,,,,,,,,,,,0.0,,,,,0.010185379534959793,0.013333333656191826
,mappo,,,,770.0,0.0,0.0,0.6666666865348816,0.0,0.0,0.0,0.6666666865348816,0.0,0.0,0.0,0.0,0.0,0.0,,,,,,,
0.008312174119055271,mappo,2.2575738967134384e-06,-0.2021181434392929,0.0007686228742914305,771.0,,,,,,,,,,,,,,0.0,,,,,0.010049128904938698,0.013333333656191826
,mappo,,,,771.0,0.0,0.0,0.6666666865348816,0.0,0.0,0.0,0.6666666865348816,0.0,0.0,0.0,0.0,0.0,0.0,,,,,,,
0.028134813532233238,mappo,4.825423275178764e-06,-0.2048567682504654,0.000768322774258086,772.0,,,,,,,,,,,,,,0.0,,,,,0.010339457541704178,0.013333333656191826
,mappo,,,,772.0,0.0,0.0,0.6666666865348816,0.0,0.0,0.0,0.6666666865348816,0.0,0.0,0.0,0.0,0.0,0.0,,,,,,,
0.0014415293699130416,mappo,3.063978283535107e-06,-0.19258122146129608,0.0007680226742247416,773.0,,,,,,,,,,,,,,0.0,,,,,0.010174832306802273,0.013333333656191826
,mappo,,,,773.0,0.0,0.0,0.6666666865348816,0.0,0.0,0.0,0.6666666865348816,0.0,0.0,0.0,0.0,0.0,0.0,,,,,,,
-0.005580951925367117,mappo,2.184491449952475e-06,-0.19681750237941742,0.0007677225741913971,774.0,,,,,,,,,,,,,,0.0,,,,,0.01030145213007927,0.013333333656191826
,mappo,,,,774.0,0.0,0.0,0.6666666865348816,0.0,0.0,0.0,0.6666666865348816,0.0,0.0,0.0,0.0,0.0,0.0,,,,,,,
-0.0031073386780917645,mappo,1.4642257610830711e-06,-0.19246485829353333,0.0007674224741580527,775.0,,,,,,,,,,,,,,0.0,,,,,0.010290199890732765,0.013333333656191826
,mappo,,,,775.0,0.0,0.0,0.6666666865348816,0.0,0.0,0.0,0.6666666865348816,0.0,0.0,0.0,0.0,0.0,0.0,,,,,,,
0.00854102335870266,mappo,5.219944341661176e-06,-0.2247452586889267,0.0007671223741247083,776.0,,,,,,,,,,,,,,0.0,,,,,0.010358074679970741,0.013333333656191826
,mappo,,,,776.0,0.0,0.0,0.6666666865348816,0.0,0.0,0.0,0.6666666865348816,0.0,0.0,0.0,0.0,0.0,0.0,,,,,,,
0.004124996718019247,mappo,6.325524282146944e-06,-0.18994474411010742,0.0007668222740913639,777.0,,,,,,,,,,,,,,0.0,,,,,0.010127322748303413,0.013333333656191826
,mappo,,,,777.0,0.0,0.0,0.6666666865348816,0.0,0.0,0.0,0.6666666865348816,0.0,0.0,0.0,0.0,0.0,0.0,,,,,,,
-0.0027356785722076893,mappo,3.0512505873048212e-06,-0.17926931381225586,0.0007665221740580194,778.0,,,,,,,,,,,,,,0.0,,,,,0.010199598968029022,0.013333333656191826
,mappo,,,,778.0,0.0,0.0,0.6666666865348816,0.0,0.0,0.0,0.6666666865348816,0.0,0.0,0.0,0.0,0.0,0.0,,,,,,,
-0.0035543974954634905,mappo,1.4908811181157944e-06,-0.18345743417739868,0.000766222074024675,779.0,,,,,,,,,,,,,,0.0,,,,,0.01026899553835392,0.013333333656191826
,mappo,,,,779.0,0.0,0.0,0.6666666865348816,0.0,0.0,0.0,0.6666666865348816,0.0,0.0,0.0,0.0,0.0,0.0,,,,,,,
-0.008586134761571884,mappo,3.944666332245106e-06,-0.19420114159584045,0.0007659219739913304,780.0,,,,,,,,,,,,,,0.0,,,,,0.010149269364774227,0.013333333656191826
,mappo,,,,780.0,0.0,0.0,0.6666666865348816,0.0,0.0,0.0,0.6666666865348816,0.0,0.0,0.0,0.0,0.0,0.0,,,,,,,
-0.005411588586866856,mappo,1.5095342860149685e-06,-0.1892511248588562,0.000765621873957986,781.0,,,,,,,,,,,,,,0.0,,,,,0.010233528912067413,0.013333333656191826
,mappo,,,,781.0,0.0,0.0,0.6666666865348816,0.0,0.0,0.0,0.6666666865348816,0.0,0.0,0.0,0.0,0.0,0.0,,,,,,,
-0.005318872630596161,mappo,3.121461850241758e-05,-0.19697999954223633,0.0007653217739246416,782.0,,,,,,,,,,,,,,0.0,,,,,0.010181710124015808,0.006666666828095913
,mappo,,,,782.0,0.0,0.0,0.3333333432674408,0.0,0.0,0.0,0.3333333432674408,0.0,0.0,0.0,0.0,0.0,0.0,,,,,,,
0.052073948085308075,mappo,1.5025074389996007e-05,-0.18790055811405182,0.0007650216738912971,783.0,,,,,,,,,,,,,,0.0,,,,,0.010330692864954472,0.013333333656191826
,mappo,,,,783.0,0.0,0.0,0.6666666865348816,0.0,0.0,0.0,0.6666666865348816,0.0,0.0,0.0,0.0,0.0,0.0,,,,,,,
-0.0070374528877437115,mappo,1.4511879271594808e-05,-0.1858086735010147,0.0007647215738579527,784.0,,,,,,,,,,,,,,0.0,,,,,0.010236612521111965,0.013333333656191826
,mappo,,,,784.0,0.0,0.0,0.6666666865348816,0.0,0.0,0.0,0.6666666865348816,0.0,0.0,0.0,0.0,0.0,0.0,,,,,,,
-0.0012813018402084708,mappo,7.888005711720325e-06,-0.22851555049419403,0.0007644214738246082,785.0,,,,,,,,,,,,,,0.0,,,,,0.010650232434272766,0.013333333656191826
,mappo,,,,785.0,0.0,0.0,0.6666666865348816,0.0,0.0,0.0,0.6666666865348816,0.0,0.0,0.0,0.0,0.0,0.0,,,,,,,
0.0022363634780049324,mappo,1.8839144104276784e-05,-0.1915164291858673,0.0007641213737912638,786.0,,,,,,,,,,,,,,0.0,,,,,0.010217620059847832,0.013333333656191826
,mappo,,,,786.0,0.0,0.0,0.6666666865348816,0.0,0.0,0.0,0.6666666865348816,0.0,0.0,0.0,0.0,0.0,0.0,,,,,,,
-0.0008265524520538747,mappo,6.597259016416501e-06,-0.1954239010810852,0.0007638212737579194,787.0,,,,,,,,,,,,,,0.0,,,,,0.010301618836820126,0.013333333656191826
,mappo,,,,787.0,0.0,0.0,0.6666666865348816,0.0,0.0,0.0,0.6666666865348816,0.0,0.0,0.0,0.0,0.0,0.0,,,,,,,
0.002968432381749153,mappo,5.847787178936414e-06,-0.2361004650592804,0.000763521173724575,788.0,,,,,,,,,,,,,,0.0,,,,,0.01028975285589695,0.013333333656191826
,mappo,,,,788.0,0.0,0.0,0.6666666865348816,0.0,0.0,0.0,0.6666666865348816,0.0,0.0,0.0,0.0,0.0,0.0,,,,,,,
0.010929353535175323,mappo,2.6696204713516636e-06,-0.18636995553970337,0.0007632210736912304,789.0,,,,,,,,,,,,,,0.0,,,,,0.010153500363230705,0.013333333656191826
,mappo,,,,789.0,0.0,0.0,0.6666666865348816,0.0,0.0,0.0,0.6666666865348816,0.0,0.0,0.0,0.0,0.0,0.0,,,,,,,
0.0031325467862188816,mappo,1.2014615094813053e-05,-0.2580457925796509,0.000762920973657886,790.0,,,,,,,,,,,,,,0.0,,,,,0.010640778578817844,0.013333333656191826
,mappo,,,,790.0,0.0,0.0,0.6666666865348816,0.0,0.0,0.0,0.6666666865348816,0.0,0.0,0.0,0.0,0.0,0.0,,,,,,,
0.0028594040777534246,mappo,1.6281478565360885e-06,-0.19082027673721313,0.0007626208736245415,791.0,,,,,,,,,,,,,,0.0,,,,,0.01046084240078926,0.013333333656191826
,mappo,,,,791.0,0.0,0.0,0.6666666865348816,0.0,0.0,0.0,0.6666666865348816,0.0,0.0,0.0,0.0,0.0,0.0,,,,,,,
0.001684645307250321,mappo,3.647472112788819e-05,-0.2816798985004425,0.0007623207735911971,792.0,,,,,,,,,,,,,,0.0,,,,,0.010623415932059288,0.006666666828095913
,mappo,,,,792.0,0.0,0.0,0.3333333432674408,0.0,0.0,0.0,0.3333333432674408,0.0,0.0,0.0,0.0,0.0,0.0,,,,,,,
-0.004999107681214809,mappo,2.209660306107253e-05,-0.21892115473747253,0.0007620206735578527,793.0,,,,,,,,,,,,,,0.0,,,,,0.010429825633764267,0.013333333656191826
,mappo,,,,793.0,0.0,0.0,0.6666666865348816,0.0,0.0,0.0,0.6666666865348816,0.0,0.0,0.0,0.0,0.0,0.0,,,,,,,
0.03283511474728584,mappo,3.2611278584226966e-05,-0.22613738477230072,0.0007617205735245082,794.0,,,,,,,,,,,,,,0.0,,,,,0.010453779250383377,0.013333333656191826
,mappo,,,,794.0,0.0,0.0,0.6666666865348816,0.0,0.0,0.0,0.6666666865348816,0.0,0.0,0.0,0.0,0.0,0.0,,,,,,,
-0.0036179721355438232,mappo,1.9584873371059075e-05,-0.24762369692325592,0.0007614204734911638,795.0,,,,,,,,,,,,,,0.0,,,,,0.010529868304729462,0.013333333656191826
,mappo,,,,795.0,0.0,0.0,0.6666666865348816,0.0,0.0,0.0,0.6666666865348816,0.0,0.0,0.0,0.0,0.0,0.0,,,,,,,
-0.00040329876355826855,mappo,8.661554602440447e-06,-0.2637880742549896,0.0007611203734578193,796.0,,,,,,,,,,,,,,0.0,,,,,0.01051565445959568,0.013333333656191826
,mappo,,,,796.0,0.0,0.0,0.6666666865348816,0.0,0.0,0.0,0.6666666865348816,0.0,0.0,0.0,0.0,0.0,0.0,,,,,,,
0.0014915139181539416,mappo,4.9198833949049e-06,-0.26096752285957336,0.0007608202734244748,797.0,,,,,,,,,,,,,,0.0,,,,,0.010580923408269882,0.013333333656191826
,mappo,,,,797.0,0.0,0.0,0.6666666865348816,0.0,0.0,0.0,0.6666666865348816,0.0,0.0,0.0,0.0,0.0,0.0,,,,,,,
-0.0017818890046328306,mappo,6.118236342445016e-06,-0.2868606150150299,0.0007605201733911304,798.0,,,,,,,,,,,,,,0.0,,,,,0.01066279411315918,0.013333333656191826
,mappo,,,,798.0,0.0,0.0,0.6666666865348816,0.0,0.0,0.0,0.6666666865348816,0.0,0.0,0.0,0.0,0.0,0.0,,,,,,,
0.000530000776052475,mappo,2.3354580207524123e-06,-0.2729012072086334,0.000760220073357786,799.0,,,,,,,,,,,,,,0.0,,,,,0.01064135879278183,0.013333333656191826
,mappo,,,,799.0,0.0,0.0,0.6666666865348816,0.0,0.0,0.0,0.6666666865348816,0.0,0.0,0.0,0.0,0.0,0.0,,,,,,,
,mappo,,,,799.0,,,,,,,,,,,,,,,0.0,0.0,0.3333333432674408,0.0,,
-0.010826156474649906,mappo,8.357957995031029e-05,-0.3184297978878021,0.0007599199733244415,800.0,,,,,,,,,,,,,,0.0,,,,,0.010660022497177124,0.006666666828095913
,mappo,,,,800.0,0.0,0.0,0.3333333432674408,0.0,0.0,0.0,0.3333333432674408,0.0,0.0,0.0,0.0,0.0,0.0,,,,,,,
-0.003982150927186012,mappo,1.8785522115649655e-05,-0.3511263132095337,0.0007596198732910971,801.0,,,,,,,,,,,,,,0.0,,,,,0.010739319957792759,0.013333333656191826
,mappo,,,,801.0,0.0,0.0,0.6666666865348816,0.0,0.0,0.0,0.6666666865348816,0.0,0.0,0.0,0.0,0.0,0.0,,,,,,,
-0.003628085134550929,mappo,8.226381032727659e-05,-0.34702813625335693,0.0007593197732577526,802.0,,,,,,,,,,,,,,0.0,,,,,0.01069991011172533,0.006666666828095913
,mappo,,,,802.0,0.0,0.0,0.3333333432674408,0.0,0.0,0.0,0.3333333432674408,0.0,0.0,0.0,0.0,0.0,0.0,,,,,,,
-0.004596779588609934,mappo,0.00020200078142806888,-0.3208324611186981,0.0007590196732244082,803.0,,,,,,,,,,,,,,0.0,,,,,0.010689286515116692,0.013333333656191826
,mappo,,,,803.0,0.0,0.0,0.6666666865348816,0.0,0.0,0.0,0.6666666865348816,0.0,0.0,0.0,0.0,0.0,0.0,,,,,,,
0.0010480929631739855,mappo,0.00017536616360303015,-0.36615660786628723,0.0007587195731910637,804.0,,,,,,,,,,,,,,0.0,,,,,0.010881327092647552,0.006666666828095913
,mappo,,,,804.0,0.0,0.0,0.3333333432674408,0.0,0.0,0.0,0.3333333432674408,0.0,0.0,0.0,0.0,0.0,0.0,,,,,,,
-9.628536645323038e-06,mappo,0.0003143510257359594,-0.23648910224437714,0.0007584194731577193,805.0,,,,,,,,,,,,,,0.0,,,,,0.010369963943958282,0.013333333656191826
,mappo,,,,805.0,0.0,0.0,0.6666666865348816,0.0,0.0,0.0,0.6666666865348816,0.0,0.0,0.0,0.0,0.0,0.0,,,,,,,
-0.002918766811490059,mappo,0.00021111432579346,-0.27144530415534973,0.0007581193731243747,806.0,,,,,,,,,,,,,,0.0,,,,,0.010847868397831917,0.013333333656191826
,mappo,,,,806.0,0.0,0.0,0.6666666865348816,0.0,0.0,0.0,0.6666666865348816,0.0,0.0,0.0,0.0,0.0,0.0,,,,,,,
-0.004246398340910673,mappo,0.00010862380440812558,-0.2452934831380844,0.0007578192730910303,807.0,,,,,,,,,,,,,,0.0,,,,,0.010495008900761604,0.013333333656191826
,mappo,,,,807.0,0.0,0.0,0.6666666865348816,0.0,0.0,0.0,0.6666666865348816,0.0,0.0,0.0,0.0,0.0,0.0,,,,,,,
0.00041929871076717973,mappo,3.534247662173584e-05,-0.23670445382595062,0.0007575191730576859,808.0,,,,,,,,,,,,,,0.0,,,,,0.01087348535656929,0.013333333656191826
,mappo,,,,808.0,0.0,0.0,0.6666666865348816,0.0,0.0,0.0,0.6666666865348816,0.0,0.0,0.0,0.0,0.0,0.0,,,,,,,
-0.0010450222762301564,mappo,1.1504936992423609e-05,-0.23000548779964447,0.0007572190730243415,809.0,,,,,,,,,,,,,,0.0,,,,,0.010735595598816872,0.013333333656191826
,mappo,,,,809.0,0.0,0.0,0.6666666865348816,0.0,0.0,0.0,0.6666666865348816,0.0,0.0,0.0,0.0,0.0,0.0,,,,,,,
-0.0025081015191972256,mappo,0.00023966821026988328,-0.262261301279068,0.0007569189729909971,810.0,,,,,,,,,,,,,,0.0,,,,,0.010657578706741333,0.006666666828095913
,mappo,,,,810.0,0.0,0.0,0.3333333432674408,0.0,0.0,0.0,0.3333333432674408,0.0,0.0,0.0,0.0,0.0,0.0,,,,,,,
0.005325252190232277,mappo,3.235753683838993e-05,-0.21426905691623688,0.0007566188729576526,811.0,,,,,,,,,,,,,,0.0,,,,,0.010628725402057171,0.013333333656191826
,mappo,,,,811.0,0.0,0.0,0.6666666865348816,0.0,0.0,0.0,0.6666666865348816,0.0,0.0,0.0,0.0,0.0,0.0,,,,,,,
0.0012910518562421203,mappo,7.376716439466691e-06,-0.21772600710391998,0.0007563187729243082,812.0,,,,,,,,,,,,,,0.0,,,,,0.010659288614988327,0.013333333656191826
,mappo,,,,812.0,0.0,0.0,0.6666666865348816,0.0,0.0,0.0,0.6666666865348816,0.0,0.0,0.0,0.0,0.0,0.0,,,,,,,
-0.01544872671365738,mappo,9.626199243939482e-06,-0.23804275691509247,0.0007560186728909637,813.0,,,,,,,,,,,,,,0.0,,,,,0.010571982711553574,0.013333333656191826
,mappo,,,,813.0,0.0,0.0,0.6666666865348816,0.0,0.0,0.0,0.6666666865348816,0.0,0.0,0.0,0.0,0.0,0.0,,,,,,,
0.0018361234106123447,mappo,3.80433493774035e-06,-0.25429630279541016,0.0007557185728576193,814.0,,,,,,,,,,,,,,0.0,,,,,0.01049596443772316,0.013333333656191826
,mappo,,,,814.0,0.0,0.0,0.6666666865348816,0.0,0.0,0.0,0.6666666865348816,0.0,0.0,0.0,0.0,0.0,0.0,,,,,,,
0.021527353674173355,mappo,3.396663032617653e-06,-0.245534747838974,0.0007554184728242748,815.0,,,,,,,,,,,,,,0.0,,,,,0.010492723435163498,0.013333333656191826
,mappo,,,,815.0,0.0,0.0,0.6666666865348816,0.0,0.0,0.0,0.6666666865348816,0.0,0.0,0.0,0.0,0.0,0.0,,,,,,,
-0.0028224221896380186,mappo,1.92331299331272e-06,-0.26671937108039856,0.0007551183727909303,816.0,,,,,,,,,,,,,,0.0,,,,,0.010524466633796692,0.013333333656191826
,mappo,,,,816.0,0.0,0.0,0.6666666865348816,0.0,0.0,0.0,0.6666666865348816,0.0,0.0,0.0,0.0,0.0,0.0,,,,,,,
0.0002054543438134715,mappo,1.0486666724318638e-05,-0.3099970817565918,0.0007548182727575858,817.0,,,,,,,,,,,,,,0.0,,,,,0.010570162907242775,0.013333333656191826
,mappo,,,,817.0,0.0,0.0,0.6666666865348816,0.0,0.0,0.0,0.6666666865348816,0.0,0.0,0.0,0.0,0.0,0.0,,,,,,,
-0.003534584306180477,mappo,1.1284831089142244e-05,-0.2843298017978668,0.0007545181727242414,818.0,,,,,,,,,,,,,,0.0,,,,,0.010602153837680817,0.013333333656191826
,mappo,,,,818.0,0.0,0.0,0.6666666865348816,0.0,0.0,0.0,0.6666666865348816,0.0,0.0,0.0,0.0,0.0,0.0,,,,,,,
0.000327811372699216,mappo,0.0002947538741864264,-0.3439190983772278,0.000754218072690897,819.0,,,,,,,,,,,,,,0.0,,,,,0.010688410140573978,0.006666666828095913
,mappo,,,,819.0,0.0,0.0,0.3333333432674408,0.0,0.0,0.0,0.3333333432674408,0.0,0.0,0.0,0.0,0.0,0.0,,,,,,,
0.0002680572506505996,mappo,2.7948140996159054e-05,-0.32643717527389526,0.0007539179726575526,820.0,,,,,,,,,,,,,,0.0,,,,,0.010548136197030544,0.013333333656191826
,mappo,,,,820.0,0.0,0.0,0.6666666865348816,0.0,0.0,0.0,0.6666666865348816,0.0,0.0,0.0,0.0,0.0,0.0,,,,,,,
-0.00226563960313797,mappo,0.000351694441633299,-0.43460530042648315,0.0007536178726242081,821.0,,,,,,,,,,,,,,0.0,,,,,0.010714544914662838,0.006666666828095913
,mappo,,,,821.0,0.0,0.0,0.3333333432674408,0.0,0.0,0.0,0.3333333432674408,0.0,0.0,0.0,0.0,0.0,0.0,,,,,,,
-0.004768044222146273,mappo,0.00039028419996611774,-0.3981735110282898,0.0007533177725908637,822.0,,,,,,,,,,,,,,0.0,,,,,0.010890694335103035,0.013333333656191826
,mappo,,,,822.0,0.0,0.0,0.6666666865348816,0.0,0.0,0.0,0.6666666865348816,0.0,0.0,0.0,0.0,0.0,0.0,,,,,,,
-0.0014494128990918398,mappo,0.00032975024078041315,-0.39667585492134094,0.0007530176725575191,823.0,,,,,,,,,,,,,,0.0,,,,,0.010465027764439583,0.013333333656191826
,mappo,,,,823.0,0.0,0.0,0.6666666865348816,0.0,0.0,0.0,0.6666666865348816,0.0,0.0,0.0,0.0,0.0,0.0,,,,,,,
-0.005581143777817488,mappo,0.0001634269137866795,-0.4056638777256012,0.0007527175725241747,824.0,,,,,,,,,,,,,,0.0,,,,,0.010599290952086449,0.013333333656191826
,mappo,,,,824.0,0.0,0.0,0.6666666865348816,0.0,0.0,0.0,0.6666666865348816,0.0,0.0,0.0,0.0,0.0,0.0,,,,,,,
-0.0027963833417743444,mappo,0.00040553248254582286,-0.46559128165245056,0.0007524174724908303,825.0,,,,,,,,,,,,,,0.0,,,,,0.010866327211260796,0.006666666828095913
,mappo,,,,825.0,0.0,0.0,0.3333333432674408,0.0,0.0,0.0,0.3333333432674408,0.0,0.0,0.0,0.0,0.0,0.0,,,,,,,
0.004160580690950155,mappo,0.00019789458019658923,-0.45930027961730957,0.0007521173724574859,826.0,,,,,,,,,,,,,,0.0,,,,,0.010682536289095879,0.006666666828095913
,mappo,,,,826.0,0.0,0.0,0.3333333432674408,0.0,0.0,0.0,0.3333333432674408,0.0,0.0,0.0,0.0,0.0,0.0,,,,,,,
0.0033368852455168962,mappo,6.689901056233793e-05,-0.3854409456253052,0.0007518172724241414,827.0,,,,,,,,,,,,,,0.0,,,,,0.010264009237289429,0.013333333656191826
,mappo,,,,827.0,0.0,0.0,0.6666666865348816,0.0,0.0,0.0,0.6666666865348816,0.0,0.0,0.0,0.0,0.0,0.0,,,,,,,
-0.013042517937719822,mappo,3.7133035220904276e-05,-0.3605923354625702,0.0007515171723907969,828.0,,,,,,,,,,,,,,0.0,,,,,0.010483670979738235,0.013333333656191826
,mappo,,,,828.0,0.0,0.0,0.6666666865348816,0.0,0.0,0.0,0.6666666865348816,0.0,0.0,0.0,0.0,0.0,0.0,,,,,,,
-0.007227961905300617,mappo,3.278131771367043e-05,-0.34115564823150635,0.0007512170723574525,829.0,,,,,,,,,,,,,,0.0,,,,,0.010877080261707306,0.013333333656191826
,mappo,,,,829.0,0.0,0.0,0.6666666865348816,0.0,0.0,0.0,0.6666666865348816,0.0,0.0,0.0,0.0,0.0,0.0,,,,,,,
0.005782281514257193,mappo,1.1072494999098126e-05,-0.3079884946346283,0.0007509169723241081,830.0,,,,,,,,,,,,,,0.0,,,,,0.010583603754639626,0.013333333656191826
,mappo,,,,830.0,0.0,0.0,0.6666666865348816,0.0,0.0,0.0,0.6666666865348816,0.0,0.0,0.0,0.0,0.0,0.0,,,,,,,
-0.004108465276658535,mappo,7.220410680019995e-06,-0.27372634410858154,0.0007506168722907637,831.0,,,,,,,,,,,,,,0.0,,,,,0.010426722466945648,0.013333333656191826
,mappo,,,,831.0,0.0,0.0,0.6666666865348816,0.0,0.0,0.0,0.6666666865348816,0.0,0.0,0.0,0.0,0.0,0.0,,,,,,,
-0.0020216095726937056,mappo,6.268642664508661e-06,-0.22142863273620605,0.0007503167722574191,832.0,,,,,,,,,,,,,,0.0,,,,,0.010400231927633286,0.013333333656191826
,mappo,,,,832.0,0.0,0.0,0.6666666865348816,0.0,0.0,0.0,0.6666666865348816,0.0,0.0,0.0,0.0,0.0,0.0,,,,,,,
-0.009978598915040493,mappo,5.468101790029323e-06,-0.18637214601039886,0.0007500166722240747,833.0,,,,,,,,,,,,,,0.0,,,,,0.010105105116963387,0.013333333656191826
,mappo,,,,833.0,0.0,0.0,0.6666666865348816,0.0,0.0,0.0,0.6666666865348816,0.0,0.0,0.0,0.0,0.0,0.0,,,,,,,
-0.004024484194815159,mappo,4.188002094451804e-06,-0.2095411866903305,0.0007497165721907302,834.0,,,,,,,,,,,,,,0.0,,,,,0.010576378554105759,0.013333333656191826
,mappo,,,,834.0,0.0,0.0,0.6666666865348816,0.0,0.0,0.0,0.6666666865348816,0.0,0.0,0.0,0.0,0.0,0.0,,,,,,,
0.006940816063433886,mappo,3.901091076841112e-06,-0.19455432891845703,0.0007494164721573858,835.0,,,,,,,,,,,,,,0.0,,,,,0.010132775641977787,0.013333333656191826
,mappo,,,,835.0,0.0,0.0,0.6666666865348816,0.0,0.0,0.0,0.6666666865348816,0.0,0.0,0.0,0.0,0.0,0.0,,,,,,,
-0.0038037889171391726,mappo,2.621096882648999e-06,-0.20924189686775208,0.0007491163721240414,836.0,,,,,,,,,,,,,,0.0,,,,,0.01034490019083023,0.013333333656191826
,mappo,,,,836.0,0.0,0.0,0.6666666865348816,0.0,0.0,0.0,0.6666666865348816,0.0,0.0,0.0,0.0,0.0,0.0,,,,,,,
-0.0038960573729127645,mappo,4.272748356015654e-06,-0.17777369916439056,0.000748816272090697,837.0,,,,,,,,,,,,,,0.0,,,,,0.010219329036772251,0.013333333656191826
,mappo,,,,837.0,0.0,0.0,0.6666666865348816,0.0,0.0,0.0,0.6666666865348816,0.0,0.0,0.0,0.0,0.0,0.0,,,,,,,
-0.005012030713260174,mappo,8.305640221806243e-06,-0.17827653884887695,0.0007485161720573525,838.0,,,,,,,,,,,,,,0.0,,,,,0.010161248967051506,0.013333333656191826
,mappo,,,,838.0,0.0,0.0,0.6666666865348816,0.0,0.0,0.0,0.6666666865348816,0.0,0.0,0.0,0.0,0.0,0.0,,,,,,,
0.003171173157170415,mappo,1.4433924661716446e-05,-0.15629026293754578,0.000748216072024008,839.0,,,,,,,,,,,,,,0.0,,,,,0.010321736335754395,0.013333333656191826
,mappo,,,,839.0,0.0,0.0,0.6666666865348816,0.0,0.0,0.0,0.6666666865348816,0.0,0.0,0.0,0.0,0.0,0.0,,,,,,,
0.0023529804311692715,mappo,1.3058852346148342e-05,-0.14979420602321625,0.0007479159719906636,840.0,,,,,,,,,,,,,,0.0,,,,,0.010088291019201279,0.013333333656191826
,mappo,,,,840.0,0.0,0.0,0.6666666865348816,0.0,0.0,0.0,0.6666666865348816,0.0,0.0,0.0,0.0,0.0,0.0,,,,,,,
0.01509508304297924,mappo,1.4696968719363213e-05,-0.146439328789711,0.0007476158719573192,841.0,,,,,,,,,,,,,,0.0,,,,,0.010171297937631607,0.013333333656191826
,mappo,,,,841.0,0.0,0.0,0.6666666865348816,0.0,0.0,0.0,0.6666666865348816,0.0,0.0,0.0,0.0,0.0,0.0,,,,,,,
0.011964945122599602,mappo,1.2915988008899149e-05,-0.16067686676979065,0.0007473157719239747,842.0,,,,,,,,,,,,,,0.0,,,,,0.010073085315525532,0.013333333656191826
,mappo,,,,842.0,0.0,0.0,0.6666666865348816,0.0,0.0,0.0,0.6666666865348816,0.0,0.0,0.0,0.0,0.0,0.0,,,,,,,
0.015903562307357788,mappo,6.958086032682331e-06,-0.14654389023780823,0.0007470156718906302,843.0,,,,,,,,,,,,,,0.0,,,,,0.010081103071570396,0.013333333656191826
,mappo,,,,843.0,0.0,0.0,0.6666666865348816,0.0,0.0,0.0,0.6666666865348816,0.0,0.0,0.0,0.0,0.0,0.0,,,,,,,
-0.007157358340919018,mappo,4.833619641431142e-06,-0.12085863947868347,0.0007467155718572858,844.0,,,,,,,,,,,,,,0.0,,,,,0.010162179358303547,0.013333333656191826
,mappo,,,,844.0,0.0,0.0,0.6666666865348816,0.0,0.0,0.0,0.6666666865348816,0.0,0.0,0.0,0.0,0.0,0.0,,,,,,,
-0.003972199279814959,mappo,1.1408431419113185e-05,-0.07829957455396652,0.0007464154718239413,845.0,,,,,,,,,,,,,,0.0,,,,,0.009984947741031647,0.013333333656191826
,mappo,,,,845.0,0.0,0.0,0.6666666865348816,0.0,0.0,0.0,0.6666666865348816,0.0,0.0,0.0,0.0,0.0,0.0,,,,,,,
-0.0005337310722097754,mappo,9.471976227359846e-05,-0.17328676581382751,0.0007461153717905969,846.0,,,,,,,,,,,,,,0.0,,,,,0.010175890289247036,0.006666666828095913
,mappo,,,,846.0,0.0,0.0,0.3333333432674408,0.0,0.0,0.0,0.3333333432674408,0.0,0.0,0.0,0.0,0.0,0.0,,,,,,,
-0.001711469143629074,mappo,1.847492421802599e-05,-0.14758488535881042,0.0007458152717572525,847.0,,,,,,,,,,,,,,0.0,,,,,0.0101441890001297,0.013333333656191826
,mappo,,,,847.0,0.0,0.0,0.6666666865348816,0.0,0.0,0.0,0.6666666865348816,0.0,0.0,0.0,0.0,0.0,0.0,,,,,,,
-0.002845161594450474,mappo,3.647342600743286e-05,-0.11097456514835358,0.0007455151717239081,848.0,,,,,,,,,,,,,,0.0,,,,,0.01012653298676014,0.013333333656191826
,mappo,,,,848.0,0.0,0.0,0.6666666865348816,0.0,0.0,0.0,0.6666666865348816,0.0,0.0,0.0,0.0,0.0,0.0,,,,,,,
-0.003066843841224909,mappo,1.716853330435697e-05,-0.15054254233837128,0.0007452150716905635,849.0,,,,,,,,,,,,,,0.0,,,,,0.010122520849108696,0.013333333656191826
,mappo,,,,849.0,0.0,0.0,0.6666666865348816,0.0,0.0,0.0,0.6666666865348816,0.0,0.0,0.0,0.0,0.0,0.0,,,,,,,
0.04805649071931839,mappo,1.0355592166888528e-05,-0.1448327749967575,0.000744914971657219,850.0,,,,,,,,,,,,,,0.0,,,,,0.010226724669337273,0.013333333656191826
,mappo,,,,850.0,0.0,0.0,0.6666666865348816,0.0,0.0,0.0,0.6666666865348816,0.0,0.0,0.0,0.0,0.0,0.0,,,,,,,
-0.005046005826443434,mappo,9.786196642380673e-06,-0.11185964196920395,0.0007446148716238746,851.0,,,,,,,,,,,,,,0.0,,,,,0.010028112679719925,0.013333333656191826
,mappo,,,,851.0,0.0,0.0,0.6666666865348816,0.0,0.0,0.0,0.6666666865348816,0.0,0.0,0.0,0.0,0.0,0.0,,,,,,,
-0.004382987041026354,mappo,1.6906484233913943e-05,-0.10525507479906082,0.0007443147715905302,852.0,,,,,,,,,,,,,,0.0,,,,,0.009913334622979164,0.013333333656191826
,mappo,,,,852.0,0.0,0.0,0.6666666865348816,0.0,0.0,0.0,0.6666666865348816,0.0,0.0,0.0,0.0,0.0,0.0,,,,,,,
0.012054399587213993,mappo,1.0617871339491103e-05,-0.1834515780210495,0.0007440146715571858,853.0,,,,,,,,,,,,,,0.0,,,,,0.01035657525062561,0.013333333656191826
,mappo,,,,853.0,0.0,0.0,0.6666666865348816,0.0,0.0,0.0,0.6666666865348816,0.0,0.0,0.0,0.0,0.0,0.0,,,,,,,
-0.006299755536019802,mappo,1.0680207196855918e-05,-0.16878744959831238,0.0007437145715238413,854.0,,,,,,,,,,,,,,0.0,,,,,0.010148502886295319,0.013333333656191826
,mappo,,,,854.0,0.0,0.0,0.6666666865348816,0.0,0.0,0.0,0.6666666865348816,0.0,0.0,0.0,0.0,0.0,0.0,,,,,,,
-0.002134656300768256,mappo,5.495962795976084e-06,-0.16893130540847778,0.0007434144714904969,855.0,,,,,,,,,,,,,,0.0,,,,,0.010175492614507675,0.013333333656191826
,mappo,,,,855.0,0.0,0.0,0.6666666865348816,0.0,0.0,0.0,0.6666666865348816,0.0,0.0,0.0,0.0,0.0,0.0,,,,,,,
0.0031963333021849394,mappo,5.529563168238383e-06,-0.1550641655921936,0.0007431143714571524,856.0,,,,,,,,,,,,,,0.0,,,,,0.010434025898575783,0.013333333656191826
,mappo,,,,856.0,0.0,0.0,0.6666666865348816,0.0,0.0,0.0,0.6666666865348816,0.0,0.0,0.0,0.0,0.0,0.0,,,,,,,
-0.004067292902618647,mappo,2.456829861330334e-06,-0.10466841608285904,0.000742814271423808,857.0,,,,,,,,,,,,,,0.0,,,,,0.010092059150338173,0.013333333656191826
,mappo,,,,857.0,0.0,0.0,0.6666666865348816,0.0,0.0,0.0,0.6666666865348816,0.0,0.0,0.0,0.0,0.0,0.0,,,,,,,
0.017195086926221848,mappo,9.699474321678281e-05,-0.1666901856660843,0.0007425141713904636,858.0,,,,,,,,,,,,,,0.0,,,,,0.010134659707546234,0.006666666828095913
,mappo,,,,858.0,0.0,0.0,0.3333333432674408,0.0,0.0,0.0,0.3333333432674408,0.0,0.0,0.0,0.0,0.0,0.0,,,,,,,
0.004054492339491844,mappo,1.5987745427992195e-05,-0.15339624881744385,0.0007422140713571192,859.0,,,,,,,,,,,,,,0.0,,,,,0.010147346183657646,0.013333333656191826
,mappo,,,,859.0,0.0,0.0,0.6666666865348816,0.0,0.0,0.0,0.6666666865348816,0.0,0.0,0.0,0.0,0.0,0.0,,,,,,,
0.010944698005914688,mappo,6.287683390837628e-06,-0.16972558200359344,0.0007419139713237745,860.0,,,,,,,,,,,,,,0.0,,,,,0.01022755354642868,0.013333333656191826
,mappo,,,,860.0,0.0,0.0,0.6666666865348816,0.0,0.0,0.0,0.6666666865348816,0.0,0.0,0.0,0.0,0.0,0.0,,,,,,,
0.0021947205532342196,mappo,1.6412661352660507e-05,-0.1541007161140442,0.0007416138712904301,861.0,,,,,,,,,,,,,,0.0,,,,,0.010374280624091625,0.013333333656191826
,mappo,,,,861.0,0.0,0.0,0.6666666865348816,0.0,0.0,0.0,0.6666666865348816,0.0,0.0,0.0,0.0,0.0,0.0,,,,,,,
-0.0027982729952782393,mappo,1.7415655975128175e-06,-0.1520833820104599,0.0007413137712570857,862.0,,,,,,,,,,,,,,0.0,,,,,0.01045534759759903,0.013333333656191826
,mappo,,,,862.0,0.0,0.0,0.6666666865348816,0.0,0.0,0.0,0.6666666865348816,0.0,0.0,0.0,0.0,0.0,0.0,,,,,,,
-0.006451038643717766,mappo,1.2691859865299193e-06,-0.1369001716375351,0.0007410136712237413,863.0,,,,,,,,,,,,,,0.0,,,,,0.010436058044433594,0.013333333656191826
,mappo,,,,863.0,0.0,0.0,0.6666666865348816,0.0,0.0,0.0,0.6666666865348816,0.0,0.0,0.0,0.0,0.0,0.0,,,,,,,
-0.007104015443474054,mappo,2.401450501565705e-06,-0.105287566781044,0.0007407135711903968,864.0,,,,,,,,,,,,,,0.0,,,,,0.01031467504799366,0.013333333656191826
,mappo,,,,864.0,0.0,0.0,0.6666666865348816,0.0,0.0,0.0,0.6666666865348816,0.0,0.0,0.0,0.0,0.0,0.0,,,,,,,
0.0099662309512496,mappo,0.000696837087161839,-0.7212835550308228,0.0007404134711570524,865.0,,,,,,,,,,,,,,0.0,,,,,0.013432884588837624,0.0
,mappo,,,,865.0,0.0,0.0,0.0,0.0,0.0,0.0,0.0,0.0,0.0,0.0,0.0,0.0,0.0,,,,,,,
0.0008608176140114665,mappo,0.000690624350681901,-0.6987120509147644,0.0007401133711237079,866.0,,,,,,,,,,,,,,0.0,,,,,0.013668688014149666,0.0
,mappo,,,,866.0,0.0,0.0,0.0,0.0,0.0,0.0,0.0,0.0,0.0,0.0,0.0,0.0,0.0,,,,,,,
0.00022518889454659075,mappo,0.0022988521959632635,-0.055537834763526917,0.0007398132710903635,867.0,,,,,,,,,,,,,,0.0,,,,,0.010444976389408112,0.013333333656191826
,mappo,,,,867.0,0.0,0.0,0.6666666865348816,0.0,0.0,0.0,0.6666666865348816,0.0,0.0,0.0,0.0,0.0,0.0,,,,,,,
-0.0026311299297958612,mappo,0.0014825863763689995,-0.12427691370248795,0.000739513171057019,868.0,,,,,,,,,,,,,,0.0,,,,,0.010751892812550068,0.013333333656191826
,mappo,,,,868.0,0.0,0.0,0.6666666865348816,0.0,0.0,0.0,0.6666666865348816,0.0,0.0,0.0,0.0,0.0,0.0,,,,,,,
0.06972838938236237,mappo,0.0006202241638675332,-0.054360587149858475,0.0007392130710236746,869.0,,,,,,,,,,,,,,0.0,,,,,0.010329211130738258,0.013333333656191826
,mappo,,,,869.0,0.0,0.0,0.6666666865348816,0.0,0.0,0.0,0.6666666865348816,0.0,0.0,0.0,0.0,0.0,0.0,,,,,,,
0.00754178361967206,mappo,0.00020054673950653523,-0.05181938782334328,0.0007389129709903302,870.0,,,,,,,,,,,,,,0.0,,,,,0.010366197675466537,0.013333333656191826
,mappo,,,,870.0,0.0,0.0,0.6666666865348816,0.0,0.0,0.0,0.6666666865348816,0.0,0.0,0.0,0.0,0.0,0.0,,,,,,,
-0.008995139971375465,mappo,0.000319200218655169,-0.09527228027582169,0.0007386128709569856,871.0,,,,,,,,,,,,,,0.0,,,,,0.010546369478106499,0.013333333656191826
,mappo,,,,871.0,0.0,0.0,0.6666666865348816,0.0,0.0,0.0,0.6666666865348816,0.0,0.0,0.0,0.0,0.0,0.0,,,,,,,
-0.009492876939475536,mappo,0.00012226107355672866,-0.09812220185995102,0.0007383127709236412,872.0,,,,,,,,,,,,,,0.0,,,,,0.010447986423969269,0.013333333656191826
,mappo,,,,872.0,0.0,0.0,0.6666666865348816,0.0,0.0,0.0,0.6666666865348816,0.0,0.0,0.0,0.0,0.0,0.0,,,,,,,
0.00018098464352078736,mappo,1.8468248526914977e-05,-0.030151138082146645,0.0007380126708902968,873.0,,,,,,,,,,,,,,0.0,,,,,0.010058730840682983,0.013333333656191826
,mappo,,,,873.0,0.0,0.0,0.6666666865348816,0.0,0.0,0.0,0.6666666865348816,0.0,0.0,0.0,0.0,0.0,0.0,,,,,,,
-0.007626725360751152,mappo,2.433749796182383e-05,-0.09449154883623123,0.0007377125708569524,874.0,,,,,,,,,,,,,,0.0,,,,,0.010549932718276978,0.013333333656191826
,mappo,,,,874.0,0.0,0.0,0.6666666865348816,0.0,0.0,0.0,0.6666666865348816,0.0,0.0,0.0,0.0,0.0,0.0,,,,,,,
-0.016103070229291916,mappo,7.814494165359065e-05,-0.01997235231101513,0.0007374124708236079,875.0,,,,,,,,,,,,,,0.0,,,,,0.010193927213549614,0.013333333656191826
,mappo,,,,875.0,0.0,0.0,0.6666666865348816,0.0,0.0,0.0,0.6666666865348816,0.0,0.0,0.0,0.0,0.0,0.0,,,,,,,
-0.0027292631566524506,mappo,5.964296360616572e-05,0.0008128515910357237,0.0007371123707902635,876.0,,,,,,,,,,,,,,0.0,,,,,0.01041655708104372,0.013333333656191826
,mappo,,,,876.0,0.0,0.0,0.6666666865348816,0.0,0.0,0.0,0.6666666865348816,0.0,0.0,0.0,0.0,0.0,0.0,,,,,,,
0.0019861154723912477,mappo,3.394580562599003e-05,0.06630431860685349,0.0007368122707569189,877.0,,,,,,,,,,,,,,0.0,,,,,0.010253172367811203,0.013333333656191826
,mappo,,,,877.0,0.0,0.0,0.6666666865348816,0.0,0.0,0.0,0.6666666865348816,0.0,0.0,0.0,0.0,0.0,0.0,,,,,,,
-0.0001131485914811492,mappo,0.0005537251126952469,-0.4319789707660675,0.0007365121707235745,878.0,,,,,,,,,,,,,,0.0,,,,,0.013563929125666618,0.0
,mappo,,,,878.0,0.0,0.0,0.0,0.0,0.0,0.0,0.0,0.0,0.0,0.0,0.0,0.0,0.0,,,,,,,
0.10590233653783798,mappo,0.0004899227060377598,-0.3972770571708679,0.0007362120706902301,879.0,,,,,,,,,,,,,,0.0,,,,,0.01330159604549408,0.0
,mappo,,,,879.0,0.0,0.0,0.0,0.0,0.0,0.0,0.0,0.0,0.0,0.0,0.0,0.0,0.0,,,,,,,
-0.004897438455373049,mappo,0.001087751123122871,0.06848359107971191,0.0007359119706568857,880.0,,,,,,,,,,,,,,0.0,,,,,0.010764388367533684,0.013333333656191826
,mappo,,,,880.0,0.0,0.0,0.6666666865348816,0.0,0.0,0.0,0.6666666865348816,0.0,0.0,0.0,0.0,0.0,0.0,,,,,,,
-0.001096281222999096,mappo,0.00036870126496069133,-0.4091477692127228,0.0007356118706235412,881.0,,,,,,,,,,,,,,0.0,,,,,0.013357019051909447,0.0
,mappo,,,,881.0,0.0,0.0,0.0,0.0,0.0,0.0,0.0,0.0,0.0,0.0,0.0,0.0,0.0,,,,,,,
-0.0029980947729200125,mappo,0.0012479028664529324,0.05248408019542694,0.0007353117705901967,882.0,,,,,,,,,,,,,,0.0,,,,,0.010580578818917274,0.013333333656191826
,mappo,,,,882.0,0.0,0.0,0.6666666865348816,0.0,0.0,0.0,0.6666666865348816,0.0,0.0,0.0,0.0,0.0,0.0,,,,,,,
0.04831954464316368,mappo,0.0006667820853181183,-0.002970877569168806,0.0007350116705568523,883.0,,,,,,,,,,,,,,0.0,,,,,0.010712259449064732,0.013333333656191826
,mappo,,,,883.0,0.0,0.0,0.6666666865348816,0.0,0.0,0.0,0.6666666865348816,0.0,0.0,0.0,0.0,0.0,0.0,,,,,,,
0.03056035190820694,mappo,0.00019199980306439102,0.05966922268271446,0.0007347115705235079,884.0,,,,,,,,,,,,,,0.0,,,,,0.010442022234201431,0.013333333656191826
,mappo,,,,884.0,0.0,0.0,0.6666666865348816,0.0,0.0,0.0,0.6666666865348816,0.0,0.0,0.0,0.0,0.0,0.0,,,,,,,
0.01839967630803585,mappo,0.00021908673807047307,0.0618475042283535,0.0007344114704901635,885.0,,,,,,,,,,,,,,0.0,,,,,0.010586410760879517,0.006666666828095913
,mappo,,,,885.0,0.0,0.0,0.3333333432674408,0.0,0.0,0.0,0.3333333432674408,0.0,0.0,0.0,0.0,0.0,0.0,,,,,,,
-0.003279496682807803,mappo,0.00014185441250447184,0.03270003944635391,0.0007341113704568189,886.0,,,,,,,,,,,,,,0.0,,,,,0.010473133996129036,0.013333333656191826
,mappo,,,,886.0,0.0,0.0,0.6666666865348816,0.0,0.0,0.0,0.6666666865348816,0.0,0.0,0.0,0.0,0.0,0.0,,,,,,,
0.0002206379285780713,mappo,0.00011324480146868154,0.07140019536018372,0.0007338112704234745,887.0,,,,,,,,,,,,,,0.0,,,,,0.010370539501309395,0.013333333656191826
,mappo,,,,887.0,0.0,0.0,0.6666666865348816,0.0,0.0,0.0,0.6666666865348816,0.0,0.0,0.0,0.0,0.0,0.0,,,,,,,
-0.0077829682268202305,mappo,2.7512920496519655e-05,0.06384754180908203,0.00073351117039013,888.0,,,,,,,,,,,,,,0.0,,,,,0.010740119963884354,0.013333333656191826
,mappo,,,,888.0,0.0,0.0,0.6666666865348816,0.0,0.0,0.0,0.6666666865348816,0.0,0.0,0.0,0.0,0.0,0.0,,,,,,,
0.01972491852939129,mappo,0.00033968279603868723,-0.3831942081451416,0.0007332110703567856,889.0,,,,,,,,,,,,,,0.0,,,,,0.013248113915324211,0.0
,mappo,,,,889.0,0.0,0.0,0.0,0.0,0.0,0.0,0.0,0.0,0.0,0.0,0.0,0.0,0.0,,,,,,,
-0.0033854511566460133,mappo,0.0001327761128777638,0.03435118868947029,0.0007329109703234412,890.0,,,,,,,,,,,,,,0.0,,,,,0.010775905102491379,0.013333333656191826
,mappo,,,,890.0,0.0,0.0,0.6666666865348816,0.0,0.0,0.0,0.6666666865348816,0.0,0.0,0.0,0.0,0.0,0.0,,,,,,,
-0.0022833014372736216,mappo,0.00014936612569727004,0.10950954258441925,0.0007326108702900968,891.0,,,,,,,,,,,,,,0.0,,,,,0.0102169094607234,0.013333333656191826
,mappo,,,,891.0,0.0,0.0,0.6666666865348816,0.0,0.0,0.0,0.6666666865348816,0.0,0.0,0.0,0.0,0.0,0.0,,,,,,,
0.00468487897887826,mappo,0.00019230216275900602,-0.3896876871585846,0.0007323107702567523,892.0,,,,,,,,,,,,,,0.0,,,,,0.013590613380074501,0.0
,mappo,,,,892.0,0.0,0.0,0.0,0.0,0.0,0.0,0.0,0.0,0.0,0.0,0.0,0.0,0.0,,,,,,,
0.011376720853149891,mappo,0.00014475284842774272,-0.4042719304561615,0.0007320106702234078,893.0,,,,,,,,,,,,,,0.0,,,,,0.013684644363820553,0.0
,mappo,,,,893.0,0.0,0.0,0.0,0.0,0.0,0.0,0.0,0.0,0.0,0.0,0.0,0.0,0.0,,,,,,,
0.0036994500551372766,mappo,0.0005217748112045228,0.09840789437294006,0.0007317105701900633,894.0,,,,,,,,,,,,,,0.0,,,,,0.01020081713795662,0.013333333656191826
,mappo,,,,894.0,0.0,0.0,0.6666666865348816,0.0,0.0,0.0,0.6666666865348816,0.0,0.0,0.0,0.0,0.0,0.0,,,,,,,
-0.0009823213331401348,mappo,0.00020595532259903848,0.05532190203666687,0.0007314104701567189,895.0,,,,,,,,,,,,,,0.0,,,,,0.010525672696530819,0.013333333656191826
,mappo,,,,895.0,0.0,0.0,0.6666666865348816,0.0,0.0,0.0,0.6666666865348816,0.0,0.0,0.0,0.0,0.0,0.0,,,,,,,
0.01200488768517971,mappo,0.00010249990009469911,0.09857593476772308,0.0007311103701233745,896.0,,,,,,,,,,,,,,0.0,,,,,0.010274063795804977,0.013333333656191826
,mappo,,,,896.0,0.0,0.0,0.6666666865348816,0.0,0.0,0.0,0.6666666865348816,0.0,0.0,0.0,0.0,0.0,0.0,,,,,,,
0.0054470873437821865,mappo,2.3437256459146738e-05,0.0881522074341774,0.00073081027009003,897.0,,,,,,,,,,,,,,0.0,,,,,0.010260157287120819,0.013333333656191826
,mappo,,,,897.0,0.0,0.0,0.6666666865348816,0.0,0.0,0.0,0.6666666865348816,0.0,0.0,0.0,0.0,0.0,0.0,,,,,,,
-0.006676026154309511,mappo,5.684105781256221e-05,0.09004975110292435,0.0007305101700566855,898.0,,,,,,,,,,,,,,0.0,,,,,0.010189960710704327,0.013333333656191826
,mappo,,,,898.0,0.0,0.0,0.6666666865348816,0.0,0.0,0.0,0.6666666865348816,0.0,0.0,0.0,0.0,0.0,0.0,,,,,,,
-0.013163832016289234,mappo,3.158267281833105e-05,0.14012789726257324,0.0007302100700233411,899.0,,,,,,,,,,,,,,0.0,,,,,0.010307328775525093,0.013333333656191826
,mappo,,,,899.0,0.0,0.0,0.6666666865348816,0.0,0.0,0.0,0.6666666865348816,0.0,0.0,0.0,0.0,0.0,0.0,,,,,,,
,mappo,,,,899.0,,,,,,,,,,,,,,,0.0,0.0,0.0,0.0,,
0.01690003089606762,mappo,3.46217566402629e-05,0.09420803934335709,0.0007299099699899967,900.0,,,,,,,,,,,,,,0.0,,,,,0.010238075628876686,0.013333333656191826
,mappo,,,,900.0,0.0,0.0,0.6666666865348816,0.0,0.0,0.0,0.6666666865348816,0.0,0.0,0.0,0.0,0.0,0.0,,,,,,,
0.015006720088422298,mappo,1.0203292731603142e-05,0.0324862040579319,0.0007296098699566523,901.0,,,,,,,,,,,,,,0.0,,,,,0.010580642148852348,0.013333333656191826
,mappo,,,,901.0,0.0,0.0,0.6666666865348816,0.0,0.0,0.0,0.6666666865348816,0.0,0.0,0.0,0.0,0.0,0.0,,,,,,,
-0.006556088570505381,mappo,9.408329788129777e-05,0.09527784585952759,0.0007293097699233079,902.0,,,,,,,,,,,,,,0.0,,,,,0.01027647778391838,0.006666666828095913
,mappo,,,,902.0,0.0,0.0,0.3333333432674408,0.0,0.0,0.0,0.3333333432674408,0.0,0.0,0.0,0.0,0.0,0.0,,,,,,,
0.04579697549343109,mappo,0.00013780944573227316,-0.44741180539131165,0.0007290096698899634,903.0,,,,,,,,,,,,,,0.0,,,,,0.014043308794498444,0.0
,mappo,,,,903.0,0.0,0.0,0.0,0.0,0.0,0.0,0.0,0.0,0.0,0.0,0.0,0.0,0.0,,,,,,,
0.013533331453800201,mappo,3.271159948781133e-05,-0.4264492392539978,0.0007287095698566189,904.0,,,,,,,,,,,,,,0.0,,,,,0.013800162822008133,0.0
,mappo,,,,904.0,0.0,0.0,0.0,0.0,0.0,0.0,0.0,0.0,0.0,0.0,0.0,0.0,0.0,,,,,,,
0.007383287884294987,mappo,6.625318201258779e-05,-0.4041457176208496,0.0007284094698232744,905.0,,,,,,,,,,,,,,0.0,,,,,0.013776944950222969,0.0
,mappo,,,,905.0,0.0,0.0,0.0,0.0,0.0,0.0,0.0,0.0,0.0,0.0,0.0,0.0,0.0,,,,,,,
0.011137705296278,mappo,0.0002935101219918579,0.14677788317203522,0.00072810936978993,906.0,,,,,,,,,,,,,,0.0,,,,,0.010342245921492577,0.013333333656191826
,mappo,,,,906.0,0.0,0.0,0.6666666865348816,0.0,0.0,0.0,0.6666666865348816,0.0,0.0,0.0,0.0,0.0,0.0,,,,,,,
0.03769254684448242,mappo,4.800723763764836e-05,-0.3725946247577667,0.0007278092697565856,907.0,,,,,,,,,,,,,,0.0,,,,,0.014670835807919502,0.0
,mappo,,,,907.0,0.0,0.0,0.0,0.0,0.0,0.0,0.0,0.0,0.0,0.0,0.0,0.0,0.0,,,,,,,
-0.006512321997433901,mappo,7.578216172987595e-05,-0.35961973667144775,0.0007275091697232411,908.0,,,,,,,,,,,,,,0.0,,,,,0.014679210260510445,0.0
,mappo,,,,908.0,0.0,0.0,0.0,0.0,0.0,0.0,0.0,0.0,0.0,0.0,0.0,0.0,0.0,,,,,,,
-0.0030748331919312477,mappo,0.00027341258828528225,0.16272452473640442,0.0007272090696898966,909.0,,,,,,,,,,,,,,0.0,,,,,0.010653131641447544,0.013333333656191826
,mappo,,,,909.0,0.0,0.0,0.6666666865348816,0.0,0.0,0.0,0.6666666865348816,0.0,0.0,0.0,0.0,0.0,0.0,,,,,,,
0.0070784124545753,mappo,4.714636452263221e-05,-0.33585307002067566,0.0007269089696565522,910.0,,,,,,,,,,,,,,0.0,,,,,0.013578211888670921,0.0
,mappo,,,,910.0,0.0,0.0,0.0,0.0,0.0,0.0,0.0,0.0,0.0,0.0,0.0,0.0,0.0,,,,,,,
-0.008805133402347565,mappo,0.00020233297254890203,0.1618833839893341,0.0007266088696232078,911.0,,,,,,,,,,,,,,0.0,,,,,0.010406335815787315,0.013333333656191826
,mappo,,,,911.0,0.0,0.0,0.6666666865348816,0.0,0.0,0.0,0.6666666865348816,0.0,0.0,0.0,0.0,0.0,0.0,,,,,,,
-0.0028539912309497595,mappo,0.00024135685816872865,-0.3720659017562866,0.0007263087695898634,912.0,,,,,,,,,,,,,,0.0,,,,,0.01455748826265335,0.0
,mappo,,,,912.0,0.0,0.0,0.0,0.0,0.0,0.0,0.0,0.0,0.0,0.0,0.0,0.0,0.0,,,,,,,
0.15285344421863556,mappo,0.0002449339663144201,-0.4171697199344635,0.0007260086695565188,913.0,,,,,,,,,,,,,,0.0,,,,,0.014682533219456673,0.0
,mappo,,,,913.0,0.0,0.0,0.0,0.0,0.0,0.0,0.0,0.0,0.0,0.0,0.0,0.0,0.0,,,,,,,
0.12355128675699234,mappo,0.0001581761025590822,-0.4273483157157898,0.0007257085695231744,914.0,,,,,,,,,,,,,,0.0,,,,,0.014527671039104462,0.0
,mappo,,,,914.0,0.0,0.0,0.0,0.0,0.0,0.0,0.0,0.0,0.0,0.0,0.0,0.0,0.0,,,,,,,
-0.001593233086168766,mappo,4.153482586843893e-05,-0.41374561190605164,0.00072540846948983,915.0,,,,,,,,,,,,,,0.0,,,,,0.013791630044579506,0.0
,mappo,,,,915.0,0.0,0.0,0.0,0.0,0.0,0.0,0.0,0.0,0.0,0.0,0.0,0.0,0.0,,,,,,,
-0.008494529873132706,mappo,0.0012798802927136421,0.16875457763671875,0.0007251083694564855,916.0,,,,,,,,,,,,,,0.0,,,,,0.01017049141228199,0.013333333656191826
,mappo,,,,916.0,0.0,0.0,0.6666666865348816,0.0,0.0,0.0,0.6666666865348816,0.0,0.0,0.0,0.0,0.0,0.0,,,,,,,
0.03173386678099632,mappo,0.0007420990732498467,0.1588534116744995,0.0007248082694231411,917.0,,,,,,,,,,,,,,0.0,,,,,0.010263554751873016,0.013333333656191826
,mappo,,,,917.0,0.0,0.0,0.6666666865348816,0.0,0.0,0.0,0.6666666865348816,0.0,0.0,0.0,0.0,0.0,0.0,,,,,,,
-0.007164856418967247,mappo,0.0003129485703539103,0.15174347162246704,0.0007245081693897967,918.0,,,,,,,,,,,,,,0.0,,,,,0.010317964479327202,0.013333333656191826
,mappo,,,,918.0,0.0,0.0,0.6666666865348816,0.0,0.0,0.0,0.6666666865348816,0.0,0.0,0.0,0.0,0.0,0.0,,,,,,,
-0.007923899218440056,mappo,3.0048908229218796e-05,0.11925479769706726,0.0007242080693564522,919.0,,,,,,,,,,,,,,0.0,,,,,0.01009567640721798,0.013333333656191826
,mappo,,,,919.0,0.0,0.0,0.6666666865348816,0.0,0.0,0.0,0.6666666865348816,0.0,0.0,0.0,0.0,0.0,0.0,,,,,,,
-0.007077357266098261,mappo,6.463045428972691e-05,0.11296923458576202,0.0007239079693231077,920.0,,,,,,,,,,,,,,0.0,,,,,0.010287143290042877,0.013333333656191826
,mappo,,,,920.0,0.0,0.0,0.6666666865348816,0.0,0.0,0.0,0.6666666865348816,0.0,0.0,0.0,0.0,0.0,0.0,,,,,,,
-0.00803334079682827,mappo,0.00020958867389708757,0.0683550238609314,0.0007236078692897632,921.0,,,,,,,,,,,,,,0.0,,,,,0.010241859592497349,0.006666666828095913
,mappo,,,,921.0,0.0,0.0,0.3333333432674408,0.0,0.0,0.0,0.3333333432674408,0.0,0.0,0.0,0.0,0.0,0.0,,,,,,,
0.006498375441879034,mappo,6.940087769180536e-05,0.08325985819101334,0.0007233077692564188,922.0,,,,,,,,,,,,,,0.0,,,,,0.010221859440207481,0.006666666828095913
,mappo,,,,922.0,0.0,0.0,0.3333333432674408,0.0,0.0,0.0,0.3333333432674408,0.0,0.0,0.0,0.0,0.0,0.0,,,,,,,
-0.007340424228459597,mappo,4.7768931835889816e-05,0.08414094895124435,0.0007230076692230744,923.0,,,,,,,,,,,,,,0.0,,,,,0.010078994557261467,0.006666666828095913
,mappo,,,,923.0,0.0,0.0,0.3333333432674408,0.0,0.0,0.0,0.3333333432674408,0.0,0.0,0.0,0.0,0.0,0.0,,,,,,,
0.005630609579384327,mappo,1.296224036195781e-05,0.1006423607468605,0.0007227075691897299,924.0,,,,,,,,,,,,,,0.0,,,,,0.010127531364560127,0.013333333656191826
,mappo,,,,924.0,0.0,0.0,0.6666666865348816,0.0,0.0,0.0,0.6666666865348816,0.0,0.0,0.0,0.0,0.0,0.0,,,,,,,
8.20550267235376e-05,mappo,3.3930278732441366e-05,0.015934975817799568,0.0007224074691563855,925.0,,,,,,,,,,,,,,0.0,,,,,0.010648250579833984,0.006666666828095913
,mappo,,,,925.0,0.0,0.0,0.3333333432674408,0.0,0.0,0.0,0.3333333432674408,0.0,0.0,0.0,0.0,0.0,0.0,,,,,,,
0.0013428383972495794,mappo,9.637844777898863e-05,-0.5034899711608887,0.000722107369123041,926.0,,,,,,,,,,,,,,0.0,,,,,0.013566620647907257,0.0
,mappo,,,,926.0,0.0,0.0,0.0,0.0,0.0,0.0,0.0,0.0,0.0,0.0,0.0,0.0,0.0,,,,,,,
0.03793468698859215,mappo,8.929202158469707e-05,0.07361774146556854,0.0007218072690896966,927.0,,,,,,,,,,,,,,0.0,,,,,0.010204276069998741,0.006666666828095913
,mappo,,,,927.0,0.0,0.0,0.3333333432674408,0.0,0.0,0.0,0.3333333432674408,0.0,0.0,0.0,0.0,0.0,0.0,,,,,,,
-0.0016541349468752742,mappo,0.00012640163186006248,0.1171179860830307,0.0007215071690563522,928.0,,,,,,,,,,,,,,0.0,,,,,0.010283166542649269,0.013333333656191826
,mappo,,,,928.0,0.0,0.0,0.6666666865348816,0.0,0.0,0.0,0.6666666865348816,0.0,0.0,0.0,0.0,0.0,0.0,,,,,,,
0.005439178552478552,mappo,8.731088018976152e-05,0.11271045356988907,0.0007212070690230078,929.0,,,,,,,,,,,,,,0.0,,,,,0.010294215753674507,0.006666666828095913
,mappo,,,,929.0,0.0,0.0,0.3333333432674408,0.0,0.0,0.0,0.3333333432674408,0.0,0.0,0.0,0.0,0.0,0.0,,,,,,,
-0.004750145133584738,mappo,0.0001731759257381782,0.1471238136291504,0.0007209069689896632,930.0,,,,,,,,,,,,,,0.0,,,,,0.010126899927854538,0.013333333656191826
,mappo,,,,930.0,0.0,0.0,0.6666666865348816,0.0,0.0,0.0,0.6666666865348816,0.0,0.0,0.0,0.0,0.0,0.0,,,,,,,
-0.004989028442651033,mappo,0.00022330043429974467,0.1962810605764389,0.0007206068689563187,931.0,,,,,,,,,,,,,,0.0,,,,,0.01031989511102438,0.013333333656191826
,mappo,,,,931.0,0.0,0.0,0.6666666865348816,0.0,0.0,0.0,0.6666666865348816,0.0,0.0,0.0,0.0,0.0,0.0,,,,,,,
0.005112594459205866,mappo,0.00026398079353384674,0.19037529826164246,0.0007203067689229743,932.0,,,,,,,,,,,,,,0.0,,,,,0.010128917172551155,0.006666666828095913
,mappo,,,,932.0,0.0,0.0,0.3333333432674408,0.0,0.0,0.0,0.3333333432674408,0.0,0.0,0.0,0.0,0.0,0.0,,,,,,,
-0.007108146324753761,mappo,0.00012102939945179969,0.19693408906459808,0.0007200066688896299,933.0,,,,,,,,,,,,,,0.0,,,,,0.010038914158940315,0.006666666828095913
,mappo,,,,933.0,0.0,0.0,0.3333333432674408,0.0,0.0,0.0,0.3333333432674408,0.0,0.0,0.0,0.0,0.0,0.0,,,,,,,
-0.0011088208993896842,mappo,0.00023569520271848887,0.2205781489610672,0.0007197065688562855,934.0,,,,,,,,,,,,,,0.0,,,,,0.010213394649326801,0.013333333656191826
,mappo,,,,934.0,0.0,0.0,0.6666666865348816,0.0,0.0,0.0,0.6666666865348816,0.0,0.0,0.0,0.0,0.0,0.0,,,,,,,
-0.0013041180791333318,mappo,8.52580342325382e-05,0.20768733322620392,0.000719406468822941,935.0,,,,,,,,,,,,,,0.0,,,,,0.010180605575442314,0.013333333656191826
,mappo,,,,935.0,0.0,0.0,0.6666666865348816,0.0,0.0,0.0,0.6666666865348816,0.0,0.0,0.0,0.0,0.0,0.0,,,,,,,
-0.0015184644144028425,mappo,0.00012063777830917388,0.22255563735961914,0.0007191063687895966,936.0,,,,,,,,,,,,,,0.0,,,,,0.010305523872375488,0.013333333656191826
,mappo,,,,936.0,0.0,0.0,0.6666666865348816,0.0,0.0,0.0,0.6666666865348816,0.0,0.0,0.0,0.0,0.0,0.0,,,,,,,
-0.003950749523937702,mappo,8.956738020060584e-05,0.2285030335187912,0.0007188062687562521,937.0,,,,,,,,,,,,,,0.0,,,,,0.010074608027935028,0.013333333656191826
,mappo,,,,937.0,0.0,0.0,0.6666666865348816,0.0,0.0,0.0,0.6666666865348816,0.0,0.0,0.0,0.0,0.0,0.0,,,,,,,
-0.002150129061192274,mappo,0.00012311733735259622,0.2541933059692383,0.0007185061687229077,938.0,,,,,,,,,,,,,,0.0,,,,,0.010292899794876575,0.013333333656191826
,mappo,,,,938.0,0.0,0.0,0.6666666865348816,0.0,0.0,0.0,0.6666666865348816,0.0,0.0,0.0,0.0,0.0,0.0,,,,,,,
-0.0039403606206178665,mappo,7.869573164498433e-05,0.28742045164108276,0.0007182060686895632,939.0,,,,,,,,,,,,,,0.0,,,,,0.0100139444693923,0.013333333656191826
,mappo,,,,939.0,0.0,0.0,0.6666666865348816,0.0,0.0,0.0,0.6666666865348816,0.0,0.0,0.0,0.0,0.0,0.0,,,,,,,
-0.006054811645299196,mappo,3.215130709577352e-05,0.3134917616844177,0.0007179059686562188,940.0,,,,,,,,,,,,,,0.0,,,,,0.009988553822040558,0.013333333656191826
,mappo,,,,940.0,0.0,0.0,0.6666666865348816,0.0,0.0,0.0,0.6666666865348816,0.0,0.0,0.0,0.0,0.0,0.0,,,,,,,
0.009075990878045559,mappo,0.00013854593271389604,0.31340503692626953,0.0007176058686228743,941.0,,,,,,,,,,,,,,0.0,,,,,0.01020191889256239,0.006666666828095913
,mappo,,,,941.0,0.0,0.0,0.3333333432674408,0.0,0.0,0.0,0.3333333432674408,0.0,0.0,0.0,0.0,0.0,0.0,,,,,,,
0.005592602305114269,mappo,4.059877755935304e-05,0.3194023370742798,0.0007173057685895298,942.0,,,,,,,,,,,,,,0.0,,,,,0.010170763358473778,0.006666666828095913
,mappo,,,,942.0,0.0,0.0,0.3333333432674408,0.0,0.0,0.0,0.3333333432674408,0.0,0.0,0.0,0.0,0.0,0.0,,,,,,,
-0.00036200275644659996,mappo,8.801209332887083e-06,0.32598230242729187,0.0007170056685561854,943.0,,,,,,,,,,,,,,0.0,,,,,0.010143622756004333,0.013333333656191826
,mappo,,,,943.0,0.0,0.0,0.6666666865348816,0.0,0.0,0.0,0.6666666865348816,0.0,0.0,0.0,0.0,0.0,0.0,,,,,,,
-0.003977084066718817,mappo,1.3741609109274577e-05,0.32471156120300293,0.000716705568522841,944.0,,,,,,,,,,,,,,0.0,,,,,0.010085893794894218,0.013333333656191826
,mappo,,,,944.0,0.0,0.0,0.6666666865348816,0.0,0.0,0.0,0.6666666865348816,0.0,0.0,0.0,0.0,0.0,0.0,,,,,,,
-0.010313448496162891,mappo,4.286727744329255e-06,0.3078460991382599,0.0007164054684894966,945.0,,,,,,,,,,,,,,0.0,,,,,0.010087614879012108,0.013333333656191826
,mappo,,,,945.0,0.0,0.0,0.6666666865348816,0.0,0.0,0.0,0.6666666865348816,0.0,0.0,0.0,0.0,0.0,0.0,,,,,,,
-0.004437998402863741,mappo,3.631423896877095e-05,0.253856360912323,0.0007161053684561521,946.0,,,,,,,,,,,,,,0.0,,,,,0.010500796139240265,0.006666666828095913
,mappo,,,,946.0,0.0,0.0,0.3333333432674408,0.0,0.0,0.0,0.3333333432674408,0.0,0.0,0.0,0.0,0.0,0.0,,,,,,,
-0.00503385066986084,mappo,1.1253014235990122e-05,0.3262668251991272,0.0007158052684228077,947.0,,,,,,,,,,,,,,0.0,,,,,0.010166607797145844,0.013333333656191826
,mappo,,,,947.0,0.0,0.0,0.6666666865348816,0.0,0.0,0.0,0.6666666865348816,0.0,0.0,0.0,0.0,0.0,0.0,,,,,,,
-0.00042253040010109544,mappo,8.23153732198989e-06,0.31661102175712585,0.0007155051683894631,948.0,,,,,,,,,,,,,,0.0,,,,,0.010131236165761948,0.013333333656191826
,mappo,,,,948.0,0.0,0.0,0.6666666865348816,0.0,0.0,0.0,0.6666666865348816,0.0,0.0,0.0,0.0,0.0,0.0,,,,,,,
-0.013945721089839935,mappo,5.938616959610954e-05,0.3310735821723938,0.0007152050683561187,949.0,,,,,,,,,,,,,,0.0,,,,,0.01021933276206255,0.013333333656191826
,mappo,,,,949.0,0.0,0.0,0.6666666865348816,0.0,0.0,0.0,0.6666666865348816,0.0,0.0,0.0,0.0,0.0,0.0,,,,,,,
-0.0016859022434800863,mappo,4.722608719021082e-05,0.3459218144416809,0.0007149049683227743,950.0,,,,,,,,,,,,,,0.0,,,,,0.010435525327920914,0.013333333656191826
,mappo,,,,950.0,0.0,0.0,0.6666666865348816,0.0,0.0,0.0,0.6666666865348816,0.0,0.0,0.0,0.0,0.0,0.0,,,,,,,
-0.007632459979504347,mappo,1.2366860573820304e-05,0.368865430355072,0.0007146048682894299,951.0,,,,,,,,,,,,,,0.0,,,,,0.010135435499250889,0.013333333656191826
,mappo,,,,951.0,0.0,0.0,0.6666666865348816,0.0,0.0,0.0,0.6666666865348816,0.0,0.0,0.0,0.0,0.0,0.0,,,,,,,
-0.008176438510417938,mappo,2.1290643417160027e-05,0.38566845655441284,0.0007143047682560854,952.0,,,,,,,,,,,,,,0.0,,,,,0.010072190314531326,0.013333333656191826
,mappo,,,,952.0,0.0,0.0,0.6666666865348816,0.0,0.0,0.0,0.6666666865348816,0.0,0.0,0.0,0.0,0.0,0.0,,,,,,,
-0.0021006823517382145,mappo,1.3007969755562954e-05,0.38029977679252625,0.0007140046682227409,953.0,,,,,,,,,,,,,,0.0,,,,,0.010114653035998344,0.013333333656191826
,mappo,,,,953.0,0.0,0.0,0.6666666865348816,0.0,0.0,0.0,0.6666666865348816,0.0,0.0,0.0,0.0,0.0,0.0,,,,,,,
-0.005250071175396442,mappo,8.988975605461746e-05,0.4013465344905853,0.0007137045681893965,954.0,,,,,,,,,,,,,,0.0,,,,,0.010071888566017151,0.006666666828095913
,mappo,,,,954.0,0.0,0.0,0.3333333432674408,0.0,0.0,0.0,0.3333333432674408,0.0,0.0,0.0,0.0,0.0,0.0,,,,,,,
-0.002171928295865655,mappo,9.927412975230254e-06,0.43528467416763306,0.0007134044681560521,955.0,,,,,,,,,,,,,,0.0,,,,,0.010135659016668797,0.013333333656191826
,mappo,,,,955.0,0.0,0.0,0.6666666865348816,0.0,0.0,0.0,0.6666666865348816,0.0,0.0,0.0,0.0,0.0,0.0,,,,,,,
-0.0064483690075576305,mappo,9.335790309705772e-06,0.4147598147392273,0.0007131043681227077,956.0,,,,,,,,,,,,,,0.0,,,,,0.010140983387827873,0.013333333656191826
,mappo,,,,956.0,0.0,0.0,0.6666666865348816,0.0,0.0,0.0,0.6666666865348816,0.0,0.0,0.0,0.0,0.0,0.0,,,,,,,
-0.0054293167777359486,mappo,2.348913585592527e-05,0.4154755473136902,0.0007128042680893631,957.0,,,,,,,,,,,,,,0.0,,,,,0.010235998779535294,0.013333333656191826
,mappo,,,,957.0,0.0,0.0,0.6666666865348816,0.0,0.0,0.0,0.6666666865348816,0.0,0.0,0.0,0.0,0.0,0.0,,,,,,,
-0.010869422927498817,mappo,1.0858343557629269e-05,0.40231168270111084,0.0007125041680560186,958.0,,,,,,,,,,,,,,0.0,,,,,0.00995354913175106,0.013333333656191826
,mappo,,,,958.0,0.0,0.0,0.6666666865348816,0.0,0.0,0.0,0.6666666865348816,0.0,0.0,0.0,0.0,0.0,0.0,,,,,,,
-0.002973581664264202,mappo,1.9250794139225036e-05,0.4135107100009918,0.0007122040680226742,959.0,,,,,,,,,,,,,,0.0,,,,,0.010453671216964722,0.013333333656191826
,mappo,,,,959.0,0.0,0.0,0.6666666865348816,0.0,0.0,0.0,0.6666666865348816,0.0,0.0,0.0,0.0,0.0,0.0,,,,,,,
-0.004402641672641039,mappo,1.8212649592896923e-05,0.37803956866264343,0.0007119039679893298,960.0,,,,,,,,,,,,,,0.0,,,,,0.010525064542889595,0.013333333656191826
,mappo,,,,960.0,0.0,0.0,0.6666666865348816,0.0,0.0,0.0,0.6666666865348816,0.0,0.0,0.0,0.0,0.0,0.0,,,,,,,
-0.005006345920264721,mappo,5.739639618695946e-06,0.4065153896808624,0.0007116038679559854,961.0,,,,,,,,,,,,,,0.0,,,,,0.01026877947151661,0.013333333656191826
,mappo,,,,961.0,0.0,0.0,0.6666666865348816,0.0,0.0,0.0,0.6666666865348816,0.0,0.0,0.0,0.0,0.0,0.0,,,,,,,
-0.006359916180372238,mappo,4.6140135964378715e-05,0.4102625846862793,0.000711303767922641,962.0,,,,,,,,,,,,,,0.0,,,,,0.00999458134174347,0.013333333656191826
,mappo,,,,962.0,0.0,0.0,0.6666666865348816,0.0,0.0,0.0,0.6666666865348816,0.0,0.0,0.0,0.0,0.0,0.0,,,,,,,
0.0015800512628629804,mappo,2.5575141989975236e-05,0.40816807746887207,0.0007110036678892965,963.0,,,,,,,,,,,,,,0.0,,,,,0.0099189393222332,0.013333333656191826
,mappo,,,,963.0,0.0,0.0,0.6666666865348816,0.0,0.0,0.0,0.6666666865348816,0.0,0.0,0.0,0.0,0.0,0.0,,,,,,,
-0.011620272882282734,mappo,3.011849184986204e-05,0.4247068762779236,0.000710703567855952,964.0,,,,,,,,,,,,,,0.0,,,,,0.010126008652150631,0.013333333656191826
,mappo,,,,964.0,0.0,0.0,0.6666666865348816,0.0,0.0,0.0,0.6666666865348816,0.0,0.0,0.0,0.0,0.0,0.0,,,,,,,
-0.00601755129173398,mappo,3.0554685508832335e-05,0.44483113288879395,0.0007104034678226076,965.0,,,,,,,,,,,,,,0.0,,,,,0.010170062072575092,0.013333333656191826
,mappo,,,,965.0,0.0,0.0,0.6666666865348816,0.0,0.0,0.0,0.6666666865348816,0.0,0.0,0.0,0.0,0.0,0.0,,,,,,,
-0.006814035587012768,mappo,5.096185122965835e-05,0.463674932718277,0.0007101033677892631,966.0,,,,,,,,,,,,,,0.0,,,,,0.010419720783829689,0.013333333656191826
,mappo,,,,966.0,0.0,0.0,0.6666666865348816,0.0,0.0,0.0,0.6666666865348816,0.0,0.0,0.0,0.0,0.0,0.0,,,,,,,
-0.004354680888354778,mappo,5.755475740443217e-06,0.479365736246109,0.0007098032677559187,967.0,,,,,,,,,,,,,,0.0,,,,,0.00999201275408268,0.013333333656191826
,mappo,,,,967.0,0.0,0.0,0.6666666865348816,0.0,0.0,0.0,0.6666666865348816,0.0,0.0,0.0,0.0,0.0,0.0,,,,,,,
-0.006212951615452766,mappo,2.8600690711755306e-05,0.4670614004135132,0.0007095031677225742,968.0,,,,,,,,,,,,,,0.0,,,,,0.01030571199953556,0.013333333656191826
,mappo,,,,968.0,0.0,0.0,0.6666666865348816,0.0,0.0,0.0,0.6666666865348816,0.0,0.0,0.0,0.0,0.0,0.0,,,,,,,
-0.008282795548439026,mappo,1.4110036318015773e-05,0.5185103416442871,0.0007092030676892297,969.0,,,,,,,,,,,,,,0.0,,,,,0.010375991463661194,0.013333333656191826
,mappo,,,,969.0,0.0,0.0,0.6666666865348816,0.0,0.0,0.0,0.6666666865348816,0.0,0.0,0.0,0.0,0.0,0.0,,,,,,,
0.0033719013445079327,mappo,6.327353275992209e-06,0.5180792808532715,0.0007089029676558853,970.0,,,,,,,,,,,,,,0.0,,,,,0.01015523076057434,0.013333333656191826
,mappo,,,,970.0,0.0,0.0,0.6666666865348816,0.0,0.0,0.0,0.6666666865348816,0.0,0.0,0.0,0.0,0.0,0.0,,,,,,,
0.00020510773174464703,mappo,2.2707132302457467e-05,0.5195556282997131,0.0007086028676225409,971.0,,,,,,,,,,,,,,0.0,,,,,0.010006124153733253,0.013333333656191826
,mappo,,,,971.0,0.0,0.0,0.6666666865348816,0.0,0.0,0.0,0.6666666865348816,0.0,0.0,0.0,0.0,0.0,0.0,,,,,,,
-0.006765786558389664,mappo,9.665795369073749e-05,0.4915582835674286,0.0007083027675891965,972.0,,,,,,,,,,,,,,0.0,,,,,0.009968670085072517,0.006666666828095913
,mappo,,,,972.0,0.0,0.0,0.3333333432674408,0.0,0.0,0.0,0.3333333432674408,0.0,0.0,0.0,0.0,0.0,0.0,,,,,,,
-0.013180751353502274,mappo,3.341557749081403e-05,0.5140427947044373,0.000708002667555852,973.0,,,,,,,,,,,,,,0.0,,,,,0.009941651485860348,0.013333333656191826
,mappo,,,,973.0,0.0,0.0,0.6666666865348816,0.0,0.0,0.0,0.6666666865348816,0.0,0.0,0.0,0.0,0.0,0.0,,,,,,,
-0.006655002012848854,mappo,8.341662760358304e-05,0.4767588675022125,0.0007077025675225076,974.0,,,,,,,,,,,,,,0.0,,,,,0.009964268654584885,0.006666666828095913
,mappo,,,,974.0,0.0,0.0,0.3333333432674408,0.0,0.0,0.0,0.3333333432674408,0.0,0.0,0.0,0.0,0.0,0.0,,,,,,,
-0.006733605172485113,mappo,7.936227484606206e-05,0.4694211781024933,0.000707402467489163,975.0,,,,,,,,,,,,,,0.0,,,,,0.009968369267880917,0.006666666828095913
,mappo,,,,975.0,0.0,0.0,0.3333333432674408,0.0,0.0,0.0,0.3333333432674408,0.0,0.0,0.0,0.0,0.0,0.0,,,,,,,
-0.00824133213609457,mappo,0.0002567204355727881,0.47745591402053833,0.0007071023674558186,976.0,,,,,,,,,,,,,,0.0,,,,,0.009853120893239975,0.013333333656191826
,mappo,,,,976.0,0.0,0.0,0.6666666865348816,0.0,0.0,0.0,0.6666666865348816,0.0,0.0,0.0,0.0,0.0,0.0,,,,,,,
-0.004694471601396799,mappo,0.0002567860356066376,0.46673908829689026,0.0007068022674224742,977.0,,,,,,,,,,,,,,0.0,,,,,0.009884619154036045,0.013333333656191826
,mappo,,,,977.0,0.0,0.0,0.6666666865348816,0.0,0.0,0.0,0.6666666865348816,0.0,0.0,0.0,0.0,0.0,0.0,,,,,,,
-0.0015314038610085845,mappo,0.00017798904445953667,0.4642404615879059,0.0007065021673891298,978.0,,,,,,,,,,,,,,0.0,,,,,0.009817466139793396,0.006666666828095913
,mappo,,,,978.0,0.0,0.0,0.3333333432674408,0.0,0.0,0.0,0.3333333432674408,0.0,0.0,0.0,0.0,0.0,0.0,,,,,,,
-0.007851536385715008,mappo,0.00029566686134785414,0.48664113879203796,0.0007062020673557853,979.0,,,,,,,,,,,,,,0.0,,,,,0.010092902928590775,0.013333333656191826
,mappo,,,,979.0,0.0,0.0,0.6666666865348816,0.0,0.0,0.0,0.6666666865348816,0.0,0.0,0.0,0.0,0.0,0.0,,,,,,,
-0.005132006481289864,mappo,0.00019830389646813273,0.4612795114517212,0.0007059019673224408,980.0,,,,,,,,,,,,,,0.0,,,,,0.00987083837389946,0.006666666828095913
,mappo,,,,980.0,0.0,0.0,0.3333333432674408,0.0,0.0,0.0,0.3333333432674408,0.0,0.0,0.0,0.0,0.0,0.0,,,,,,,
-0.0063578602857887745,mappo,5.044048521085642e-05,0.4789188504219055,0.0007056018672890964,981.0,,,,,,,,,,,,,,0.0,,,,,0.009959951043128967,0.006666666828095913
,mappo,,,,981.0,0.0,0.0,0.3333333432674408,0.0,0.0,0.0,0.3333333432674408,0.0,0.0,0.0,0.0,0.0,0.0,,,,,,,
-0.008479723706841469,mappo,8.678928861627355e-05,0.47724974155426025,0.000705301767255752,982.0,,,,,,,,,,,,,,0.0,,,,,0.009901188313961029,0.006666666828095913
,mappo,,,,982.0,0.0,0.0,0.3333333432674408,0.0,0.0,0.0,0.3333333432674408,0.0,0.0,0.0,0.0,0.0,0.0,,,,,,,
0.0013101499062031507,mappo,6.343996938085184e-05,0.46453970670700073,0.0007050016672224076,983.0,,,,,,,,,,,,,,0.0,,,,,0.009819379076361656,0.006666666828095913
,mappo,,,,983.0,0.0,0.0,0.3333333432674408,0.0,0.0,0.0,0.3333333432674408,0.0,0.0,0.0,0.0,0.0,0.0,,,,,,,
-0.004143648315221071,mappo,4.604917194228619e-05,0.4559841454029083,0.000704701567189063,984.0,,,,,,,,,,,,,,0.0,,,,,0.009975582361221313,0.006666666828095913
,mappo,,,,984.0,0.0,0.0,0.3333333432674408,0.0,0.0,0.0,0.3333333432674408,0.0,0.0,0.0,0.0,0.0,0.0,,,,,,,
-0.006860595196485519,mappo,0.0001018927141558379,0.42553597688674927,0.0007044014671557186,985.0,,,,,,,,,,,,,,0.0,,,,,0.010058943182229996,0.006666666828095913
,mappo,,,,985.0,0.0,0.0,0.3333333432674408,0.0,0.0,0.0,0.3333333432674408,0.0,0.0,0.0,0.0,0.0,0.0,,,,,,,
0.003951134160161018,mappo,2.207038050983101e-05,0.4271129369735718,0.0007041013671223741,986.0,,,,,,,,,,,,,,0.0,,,,,0.010022299364209175,0.006666666828095913
,mappo,,,,986.0,0.0,0.0,0.3333333432674408,0.0,0.0,0.0,0.3333333432674408,0.0,0.0,0.0,0.0,0.0,0.0,,,,,,,
-0.007207173388451338,mappo,5.697044252883643e-05,0.3882427513599396,0.0007038012670890297,987.0,,,,,,,,,,,,,,0.0,,,,,0.010062489658594131,0.006666666828095913
,mappo,,,,987.0,0.0,0.0,0.3333333432674408,0.0,0.0,0.0,0.3333333432674408,0.0,0.0,0.0,0.0,0.0,0.0,,,,,,,
-0.01248705293983221,mappo,3.871384615194984e-05,0.39493897557258606,0.0007035011670556853,988.0,,,,,,,,,,,,,,0.0,,,,,0.009857196360826492,0.006666666828095913
,mappo,,,,988.0,0.0,0.0,0.3333333432674408,0.0,0.0,0.0,0.3333333432674408,0.0,0.0,0.0,0.0,0.0,0.0,,,,,,,
-0.00229651783592999,mappo,3.534894494805485e-05,0.3883192837238312,0.0007032010670223409,989.0,,,,,,,,,,,,,,0.0,,,,,0.01004257332533598,0.006666666828095913
,mappo,,,,989.0,0.0,0.0,0.3333333432674408,0.0,0.0,0.0,0.3333333432674408,0.0,0.0,0.0,0.0,0.0,0.0,,,,,,,
-0.0047438801266252995,mappo,5.584042446571402e-05,0.3709009885787964,0.0007029009669889964,990.0,,,,,,,,,,,,,,0.0,,,,,0.009909212589263916,0.006666666828095913
,mappo,,,,990.0,0.0,0.0,0.3333333432674408,0.0,0.0,0.0,0.3333333432674408,0.0,0.0,0.0,0.0,0.0,0.0,,,,,,,
0.01002537366002798,mappo,7.880855991970748e-05,0.34597814083099365,0.0007026008669556519,991.0,,,,,,,,,,,,,,0.0,,,,,0.010342603549361229,0.006666666828095913
,mappo,,,,991.0,0.0,0.0,0.3333333432674408,0.0,0.0,0.0,0.3333333432674408,0.0,0.0,0.0,0.0,0.0,0.0,,,,,,,
-0.005638862960040569,mappo,2.9806136808474548e-05,0.353937029838562,0.0007023007669223074,992.0,,,,,,,,,,,,,,0.0,,,,,0.00991459283977747,0.006666666828095913
,mappo,,,,992.0,0.0,0.0,0.3333333432674408,0.0,0.0,0.0,0.3333333432674408,0.0,0.0,0.0,0.0,0.0,0.0,,,,,,,
-0.003075674409046769,mappo,3.397331965970807e-05,0.3374749720096588,0.000702000666888963,993.0,,,,,,,,,,,,,,0.0,,,,,0.009822847321629524,0.006666666828095913
,mappo,,,,993.0,0.0,0.0,0.3333333432674408,0.0,0.0,0.0,0.3333333432674408,0.0,0.0,0.0,0.0,0.0,0.0,,,,,,,
0.0010434102732688189,mappo,2.2508373149321415e-05,0.34317484498023987,0.0007017005668556186,994.0,,,,,,,,,,,,,,0.0,,,,,0.010103764943778515,0.006666666828095913
,mappo,,,,994.0,0.0,0.0,0.3333333432674408,0.0,0.0,0.0,0.3333333432674408,0.0,0.0,0.0,0.0,0.0,0.0,,,,,,,
-0.012319128029048443,mappo,1.423631783836754e-05,0.35335418581962585,0.0007014004668222741,995.0,,,,,,,,,,,,,,0.0,,,,,0.010014725849032402,0.006666666828095913
,mappo,,,,995.0,0.0,0.0,0.3333333432674408,0.0,0.0,0.0,0.3333333432674408,0.0,0.0,0.0,0.0,0.0,0.0,,,,,,,
-0.0038448225241154432,mappo,2.21649697778048e-05,0.3628663420677185,0.0007011003667889297,996.0,,,,,,,,,,,,,,0.0,,,,,0.010015510022640228,0.006666666828095913
,mappo,,,,996.0,0.0,0.0,0.3333333432674408,0.0,0.0,0.0,0.3333333432674408,0.0,0.0,0.0,0.0,0.0,0.0,,,,,,,
0.004397609271109104,mappo,1.4715970792167354e-05,0.3487061858177185,0.0007008002667555852,997.0,,,,,,,,,,,,,,0.0,,,,,0.009857900440692902,0.006666666828095913
,mappo,,,,997.0,0.0,0.0,0.3333333432674408,0.0,0.0,0.0,0.3333333432674408,0.0,0.0,0.0,0.0,0.0,0.0,,,,,,,
-0.009450049139559269,mappo,8.64786943566287e-06,0.33663374185562134,0.0007005001667222408,998.0,,,,,,,,,,,,,,0.0,,,,,0.010155148804187775,0.006666666828095913
,mappo,,,,998.0,0.0,0.0,0.3333333432674408,0.0,0.0,0.0,0.3333333432674408,0.0,0.0,0.0,0.0,0.0,0.0,,,,,,,
-0.003720553359016776,mappo,8.345363312400877e-06,0.2997626066207886,0.0007002000666888964,999.0,,,,,,,,,,,,,,0.0,,,,,0.009995355270802975,0.006666666828095913
,mappo,,,,999.0,0.0,0.0,0.3333333432674408,0.0,0.0,0.0,0.3333333432674408,0.0,0.0,0.0,0.0,0.0,0.0,,,,,,,
,mappo,,,,999.0,,,,,,,,,,,,,,,0.0,0.0,0.0,0.0,,
-0.005013745743781328,mappo,0.0023590214550495148,0.29676705598831177,0.000699899966655552,1000.0,,,,,,,,,,,,,,0.0,,,,,0.0100132767111063,0.013333333656191826
,mappo,,,,1000.0,0.0,0.0,0.6666666865348816,0.0,0.0,0.0,0.6666666865348816,0.0,0.0,0.0,0.0,0.0,0.0,,,,,,,
-0.012238587252795696,mappo,0.0023372427094727755,0.255021333694458,0.0006995998666222073,1001.0,,,,,,,,,,,,,,0.0,,,,,0.010587083175778389,0.013333333656191826
,mappo,,,,1001.0,0.0,0.0,0.6666666865348816,0.0,0.0,0.0,0.6666666865348816,0.0,0.0,0.0,0.0,0.0,0.0,,,,,,,
-0.007728547789156437,mappo,0.0002526705211494118,0.24815796315670013,0.0006992997665888629,1002.0,,,,,,,,,,,,,,0.0,,,,,0.009929943829774857,0.006666666828095913
,mappo,,,,1002.0,0.0,0.0,0.3333333432674408,0.0,0.0,0.0,0.3333333432674408,0.0,0.0,0.0,0.0,0.0,0.0,,,,,,,
0.004862390924245119,mappo,1.1827912203443702e-05,0.25345396995544434,0.0006989996665555185,1003.0,,,,,,,,,,,,,,0.0,,,,,0.009958295151591301,0.006666666828095913
,mappo,,,,1003.0,0.0,0.0,0.3333333432674408,0.0,0.0,0.0,0.3333333432674408,0.0,0.0,0.0,0.0,0.0,0.0,,,,,,,
0.06924358010292053,mappo,8.700129001226742e-06,0.24862462282180786,0.0006986995665221741,1004.0,,,,,,,,,,,,,,0.0,,,,,0.010084357112646103,0.006666666828095913
,mappo,,,,1004.0,0.0,0.0,0.3333333432674408,0.0,0.0,0.0,0.3333333432674408,0.0,0.0,0.0,0.0,0.0,0.0,,,,,,,
0.014103923924267292,mappo,1.8772806242850493e-06,0.25506317615509033,0.0006983994664888297,1005.0,,,,,,,,,,,,,,0.0,,,,,0.009957029484212399,0.006666666828095913
,mappo,,,,1005.0,0.0,0.0,0.3333333432674408,0.0,0.0,0.0,0.3333333432674408,0.0,0.0,0.0,0.0,0.0,0.0,,,,,,,
0.011974095366895199,mappo,1.7917325294547481e-06,0.25653213262557983,0.0006980993664554852,1006.0,,,,,,,,,,,,,,0.0,,,,,0.01023750938475132,0.006666666828095913
,mappo,,,,1006.0,0.0,0.0,0.3333333432674408,0.0,0.0,0.0,0.3333333432674408,0.0,0.0,0.0,0.0,0.0,0.0,,,,,,,
-0.008199374191462994,mappo,4.764686764247017e-06,0.253913551568985,0.0006977992664221408,1007.0,,,,,,,,,,,,,,0.0,,,,,0.009952983818948269,0.006666666828095913
,mappo,,,,1007.0,0.0,0.0,0.3333333432674408,0.0,0.0,0.0,0.3333333432674408,0.0,0.0,0.0,0.0,0.0,0.0,,,,,,,
-0.0009900854201987386,mappo,2.2152994461066555e-06,0.24799185991287231,0.0006974991663887963,1008.0,,,,,,,,,,,,,,0.0,,,,,0.00999174639582634,0.006666666828095913
,mappo,,,,1008.0,0.0,0.0,0.3333333432674408,0.0,0.0,0.0,0.3333333432674408,0.0,0.0,0.0,0.0,0.0,0.0,,,,,,,
-0.003140123328194022,mappo,4.496914243645733e-06,0.23691831529140472,0.0006971990663554519,1009.0,,,,,,,,,,,,,,0.0,,,,,0.009909568354487419,0.006666666828095913
,mappo,,,,1009.0,0.0,0.0,0.3333333432674408,0.0,0.0,0.0,0.3333333432674408,0.0,0.0,0.0,0.0,0.0,0.0,,,,,,,
0.01170244812965393,mappo,1.175363559013931e-05,0.1921088844537735,0.0006968989663221075,1010.0,,,,,,,,,,,,,,0.0,,,,,0.010119862854480743,0.006666666828095913
,mappo,,,,1010.0,0.0,0.0,0.3333333432674408,0.0,0.0,0.0,0.3333333432674408,0.0,0.0,0.0,0.0,0.0,0.0,,,,,,,
0.0017610116628929973,mappo,3.59417049367039e-06,0.23370318114757538,0.000696598866288763,1011.0,,,,,,,,,,,,,,0.0,,,,,0.00982637144625187,0.006666666828095913
,mappo,,,,1011.0,0.0,0.0,0.3333333432674408,0.0,0.0,0.0,0.3333333432674408,0.0,0.0,0.0,0.0,0.0,0.0,,,,,,,
-0.0065954686142504215,mappo,0.0018242925871163607,0.25445160269737244,0.0006962987662554184,1012.0,,,,,,,,,,,,,,0.0,,,,,0.009975587017834187,0.013333333656191826
,mappo,,,,1012.0,0.0,0.0,0.6666666865348816,0.0,0.0,0.0,0.6666666865348816,0.0,0.0,0.0,0.0,0.0,0.0,,,,,,,
-0.014475619420409203,mappo,9.250753646483645e-05,0.25386282801628113,0.000695998666222074,1013.0,,,,,,,,,,,,,,0.0,,,,,0.01006014458835125,0.006666666828095913
,mappo,,,,1013.0,0.0,0.0,0.3333333432674408,0.0,0.0,0.0,0.3333333432674408,0.0,0.0,0.0,0.0,0.0,0.0,,,,,,,
-0.007513447664678097,mappo,2.689480606932193e-05,0.2498391717672348,0.0006956985661887296,1014.0,,,,,,,,,,,,,,0.0,,,,,0.009959673509001732,0.006666666828095913
,mappo,,,,1014.0,0.0,0.0,0.3333333432674408,0.0,0.0,0.0,0.3333333432674408,0.0,0.0,0.0,0.0,0.0,0.0,,,,,,,
-5.8244178944732994e-05,mappo,8.676654942973983e-06,0.23943637311458588,0.0006953984661553852,1015.0,,,,,,,,,,,,,,0.0,,,,,0.00995781272649765,0.006666666828095913
,mappo,,,,1015.0,0.0,0.0,0.3333333432674408,0.0,0.0,0.0,0.3333333432674408,0.0,0.0,0.0,0.0,0.0,0.0,,,,,,,
0.0047081890515983105,mappo,1.5036032436910318e-06,0.2154165655374527,0.0006950983661220407,1016.0,,,,,,,,,,,,,,0.0,,,,,0.010319078341126442,0.006666666828095913
,mappo,,,,1016.0,0.0,0.0,0.3333333432674408,0.0,0.0,0.0,0.3333333432674408,0.0,0.0,0.0,0.0,0.0,0.0,,,,,,,
-0.00888743158429861,mappo,3.3778894703573314e-06,0.1950102001428604,0.0006947982660886963,1017.0,,,,,,,,,,,,,,0.0,,,,,0.010191993787884712,0.006666666828095913
,mappo,,,,1017.0,0.0,0.0,0.3333333432674408,0.0,0.0,0.0,0.3333333432674408,0.0,0.0,0.0,0.0,0.0,0.0,,,,,,,
-0.0038025635294616222,mappo,1.0150993148272391e-06,0.17180384695529938,0.0006944981660553518,1018.0,,,,,,,,,,,,,,0.0,,,,,0.01026901789009571,0.006666666828095913
,mappo,,,,1018.0,0.0,0.0,0.3333333432674408,0.0,0.0,0.0,0.3333333432674408,0.0,0.0,0.0,0.0,0.0,0.0,,,,,,,
-0.009609143249690533,mappo,3.233316874684533e-06,0.14858396351337433,0.0006941980660220073,1019.0,,,,,,,,,,,,,,0.0,,,,,0.009928257204592228,0.006666666828095913
,mappo,,,,1019.0,0.0,0.0,0.3333333432674408,0.0,0.0,0.0,0.3333333432674408,0.0,0.0,0.0,0.0,0.0,0.0,,,,,,,
0.017876185476779938,mappo,1.2708962913166033e-06,0.13680467009544373,0.0006938979659886629,1020.0,,,,,,,,,,,,,,0.0,,,,,0.0099455825984478,0.006666666828095913
,mappo,,,,1020.0,0.0,0.0,0.3333333432674408,0.0,0.0,0.0,0.3333333432674408,0.0,0.0,0.0,0.0,0.0,0.0,,,,,,,
0.009234713390469551,mappo,9.282873634219868e-07,0.12722143530845642,0.0006935978659553185,1021.0,,,,,,,,,,,,,,0.0,,,,,0.010013340041041374,0.006666666828095913
,mappo,,,,1021.0,0.0,0.0,0.3333333432674408,0.0,0.0,0.0,0.3333333432674408,0.0,0.0,0.0,0.0,0.0,0.0,,,,,,,
-0.0077546448446810246,mappo,0.0016870112158358097,0.1563938856124878,0.0006932977659219741,1022.0,,,,,,,,,,,,,,0.0,,,,,0.010315483435988426,0.013333333656191826
,mappo,,,,1022.0,0.0,0.0,0.6666666865348816,0.0,0.0,0.0,0.6666666865348816,0.0,0.0,0.0,0.0,0.0,0.0,,,,,,,
0.0004935384495183825,mappo,0.00015430549683514982,0.12885412573814392,0.0006929976658886295,1023.0,,,,,,,,,,,,,,0.0,,,,,0.01005890779197216,0.006666666828095913
,mappo,,,,1023.0,0.0,0.0,0.3333333432674408,0.0,0.0,0.0,0.3333333432674408,0.0,0.0,0.0,0.0,0.0,0.0,,,,,,,
-0.009561370126903057,mappo,4.7855384764261544e-05,0.12252528220415115,0.0006926975658552851,1024.0,,,,,,,,,,,,,,0.0,,,,,0.009937585331499577,0.006666666828095913
,mappo,,,,1024.0,0.0,0.0,0.3333333432674408,0.0,0.0,0.0,0.3333333432674408,0.0,0.0,0.0,0.0,0.0,0.0,,,,,,,
-0.004115341696888208,mappo,0.0008080923580564559,0.14775963127613068,0.0006923974658219407,1025.0,,,,,,,,,,,,,,0.0,,,,,0.009958676993846893,0.013333333656191826
,mappo,,,,1025.0,0.0,0.0,0.6666666865348816,0.0,0.0,0.0,0.6666666865348816,0.0,0.0,0.0,0.0,0.0,0.0,,,,,,,
-0.0010524711105972528,mappo,0.0001813855196814984,0.1318962723016739,0.0006920973657885963,1026.0,,,,,,,,,,,,,,0.0,,,,,0.010042030364274979,0.006666666828095913
,mappo,,,,1026.0,0.0,0.0,0.3333333432674408,0.0,0.0,0.0,0.3333333432674408,0.0,0.0,0.0,0.0,0.0,0.0,,,,,,,
0.034155696630477905,mappo,3.189755079802126e-05,0.13277597725391388,0.0006917972657552518,1027.0,,,,,,,,,,,,,,0.0,,,,,0.00999730546027422,0.006666666828095913
,mappo,,,,1027.0,0.0,0.0,0.3333333432674408,0.0,0.0,0.0,0.3333333432674408,0.0,0.0,0.0,0.0,0.0,0.0,,,,,,,
0.015586058609187603,mappo,1.9586130292736925e-05,0.1284698098897934,0.0006914971657219073,1028.0,,,,,,,,,,,,,,0.0,,,,,0.010017428547143936,0.006666666828095913
,mappo,,,,1028.0,0.0,0.0,0.3333333432674408,0.0,0.0,0.0,0.3333333432674408,0.0,0.0,0.0,0.0,0.0,0.0,,,,,,,
-0.00548743037506938,mappo,1.0650288459146395e-05,0.12072808295488358,0.0006911970656885628,1029.0,,,,,,,,,,,,,,0.0,,,,,0.009895182214677334,0.006666666828095913
,mappo,,,,1029.0,0.0,0.0,0.3333333432674408,0.0,0.0,0.0,0.3333333432674408,0.0,0.0,0.0,0.0,0.0,0.0,,,,,,,
-0.003042843658477068,mappo,5.53377321921289e-06,0.1176195815205574,0.0006908969656552184,1030.0,,,,,,,,,,,,,,0.0,,,,,0.009966760873794556,0.006666666828095913
,mappo,,,,1030.0,0.0,0.0,0.3333333432674408,0.0,0.0,0.0,0.3333333432674408,0.0,0.0,0.0,0.0,0.0,0.0,,,,,,,
-0.0038722797762602568,mappo,0.0006511358078569174,0.15678490698337555,0.000690596865621874,1031.0,,,,,,,,,,,,,,0.0,,,,,0.010317707434296608,0.013333333656191826
,mappo,,,,1031.0,0.0,0.0,0.6666666865348816,0.0,0.0,0.0,0.6666666865348816,0.0,0.0,0.0,0.0,0.0,0.0,,,,,,,
-0.009203293360769749,mappo,8.61942462506704e-05,0.0994659960269928,0.0006902967655885296,1032.0,,,,,,,,,,,,,,0.0,,,,,0.010051304474473,0.006666666828095913
,mappo,,,,1032.0,0.0,0.0,0.3333333432674408,0.0,0.0,0.0,0.3333333432674408,0.0,0.0,0.0,0.0,0.0,0.0,,,,,,,
-0.00013476723688654602,mappo,0.0006447238265536726,0.13225550949573517,0.0006899966655551851,1033.0,,,,,,,,,,,,,,0.0,,,,,0.010372612625360489,0.013333333656191826
,mappo,,,,1033.0,0.0,0.0,0.6666666865348816,0.0,0.0,0.0,0.6666666865348816,0.0,0.0,0.0,0.0,0.0,0.0,,,,,,,
0.0010888779070228338,mappo,0.0004114779585506767,0.1423218548297882,0.0006896965655218406,1034.0,,,,,,,,,,,,,,0.0,,,,,0.009943516924977303,0.013333333656191826
,mappo,,,,1034.0,0.0,0.0,0.6666666865348816,0.0,0.0,0.0,0.6666666865348816,0.0,0.0,0.0,0.0,0.0,0.0,,,,,,,
-0.002619728446006775,mappo,0.00012111663818359375,0.16099555790424347,0.0006893964654884962,1035.0,,,,,,,,,,,,,,0.0,,,,,0.010090319439768791,0.013333333656191826
,mappo,,,,1035.0,0.0,0.0,0.6666666865348816,0.0,0.0,0.0,0.6666666865348816,0.0,0.0,0.0,0.0,0.0,0.0,,,,,,,
-0.000885055516846478,mappo,0.0002541168069001287,0.13991446793079376,0.0006890963654551518,1036.0,,,,,,,,,,,,,,0.0,,,,,0.010017205029726028,0.006666666828095913
,mappo,,,,1036.0,0.0,0.0,0.3333333432674408,0.0,0.0,0.0,0.3333333432674408,0.0,0.0,0.0,0.0,0.0,0.0,,,,,,,
0.005750781856477261,mappo,2.58367999776965e-05,0.137953981757164,0.0006887962654218073,1037.0,,,,,,,,,,,,,,0.0,,,,,0.009996874257922173,0.006666666828095913
,mappo,,,,1037.0,0.0,0.0,0.3333333432674408,0.0,0.0,0.0,0.3333333432674408,0.0,0.0,0.0,0.0,0.0,0.0,,,,,,,
0.0035907533019781113,mappo,4.0229115256806836e-05,0.156757652759552,0.0006884961653884628,1038.0,,,,,,,,,,,,,,0.0,,,,,0.010489048436284065,0.013333333656191826
,mappo,,,,1038.0,0.0,0.0,0.6666666865348816,0.0,0.0,0.0,0.6666666865348816,0.0,0.0,0.0,0.0,0.0,0.0,,,,,,,
-0.0010886014206334949,mappo,8.466097824566532e-06,0.13445457816123962,0.0006881960653551184,1039.0,,,,,,,,,,,,,,0.0,,,,,0.009944884106516838,0.006666666828095913
,mappo,,,,1039.0,0.0,0.0,0.3333333432674408,0.0,0.0,0.0,0.3333333432674408,0.0,0.0,0.0,0.0,0.0,0.0,,,,,,,
0.021976785734295845,mappo,1.7567006580065936e-05,0.12981480360031128,0.0006878959653217739,1040.0,,,,,,,,,,,,,,0.0,,,,,0.009887251071631908,0.006666666828095913
,mappo,,,,1040.0,0.0,0.0,0.3333333432674408,0.0,0.0,0.0,0.3333333432674408,0.0,0.0,0.0,0.0,0.0,0.0,,,,,,,
0.002934264950454235,mappo,2.7594158382271416e-05,0.1279318630695343,0.0006875958652884295,1041.0,,,,,,,,,,,,,,0.0,,,,,0.009983940050005913,0.006666666828095913
,mappo,,,,1041.0,0.0,0.0,0.3333333432674408,0.0,0.0,0.0,0.3333333432674408,0.0,0.0,0.0,0.0,0.0,0.0,,,,,,,
0.025738662108778954,mappo,2.127145489794202e-05,0.13201209902763367,0.0006872957652550851,1042.0,,,,,,,,,,,,,,0.0,,,,,0.00992177426815033,0.006666666828095913
,mappo,,,,1042.0,0.0,0.0,0.3333333432674408,0.0,0.0,0.0,0.3333333432674408,0.0,0.0,0.0,0.0,0.0,0.0,,,,,,,
-0.009086919948458672,mappo,0.0003471694653853774,0.16843533515930176,0.0006869956652217407,1043.0,,,,,,,,,,,,,,0.0,,,,,0.010142182931303978,0.013333333656191826
,mappo,,,,1043.0,0.0,0.0,0.6666666865348816,0.0,0.0,0.0,0.6666666865348816,0.0,0.0,0.0,0.0,0.0,0.0,,,,,,,
0.00095394003437832,mappo,8.24506496428512e-05,0.1398899257183075,0.0006866955651883962,1044.0,,,,,,,,,,,,,,0.0,,,,,0.009950916282832623,0.006666666828095913
,mappo,,,,1044.0,0.0,0.0,0.3333333432674408,0.0,0.0,0.0,0.3333333432674408,0.0,0.0,0.0,0.0,0.0,0.0,,,,,,,
-0.005341330077499151,mappo,2.207553006883245e-05,0.13236618041992188,0.0006863954651550516,1045.0,,,,,,,,,,,,,,0.0,,,,,0.010081149637699127,0.006666666828095913
,mappo,,,,1045.0,0.0,0.0,0.3333333432674408,0.0,0.0,0.0,0.3333333432674408,0.0,0.0,0.0,0.0,0.0,0.0,,,,,,,
0.008146343752741814,mappo,1.5362142221420072e-05,0.12026695162057877,0.0006860953651217072,1046.0,,,,,,,,,,,,,,0.0,,,,,0.0098922960460186,0.006666666828095913
,mappo,,,,1046.0,0.0,0.0,0.3333333432674408,0.0,0.0,0.0,0.3333333432674408,0.0,0.0,0.0,0.0,0.0,0.0,,,,,,,
-0.00431798817589879,mappo,1.1387644008209463e-05,0.08416273444890976,0.0006857952650883628,1047.0,,,,,,,,,,,,,,0.0,,,,,0.010395016521215439,0.006666666828095913
,mappo,,,,1047.0,0.0,0.0,0.3333333432674408,0.0,0.0,0.0,0.3333333432674408,0.0,0.0,0.0,0.0,0.0,0.0,,,,,,,
0.003358621383085847,mappo,1.8883827578974888e-05,0.1026168093085289,0.0006854951650550184,1048.0,,,,,,,,,,,,,,0.0,,,,,0.009899726137518883,0.006666666828095913
,mappo,,,,1048.0,0.0,0.0,0.3333333432674408,0.0,0.0,0.0,0.3333333432674408,0.0,0.0,0.0,0.0,0.0,0.0,,,,,,,
0.03948404639959335,mappo,1.253203117812518e-05,0.0773894339799881,0.0006851950650216739,1049.0,,,,,,,,,,,,,,0.0,,,,,0.010116178542375565,0.006666666828095913
,mappo,,,,1049.0,0.0,0.0,0.3333333432674408,0.0,0.0,0.0,0.3333333432674408,0.0,0.0,0.0,0.0,0.0,0.0,,,,,,,
0.01750209927558899,mappo,1.3955371287011076e-05,0.10021776705980301,0.0006848949649883294,1050.0,,,,,,,,,,,,,,0.0,,,,,0.009918764233589172,0.006666666828095913
,mappo,,,,1050.0,0.0,0.0,0.3333333432674408,0.0,0.0,0.0,0.3333333432674408,0.0,0.0,0.0,0.0,0.0,0.0,,,,,,,
0.011417120695114136,mappo,1.5061767044244334e-05,0.10161514580249786,0.000684594864954985,1051.0,,,,,,,,,,,,,,0.0,,,,,0.010021395049989223,0.006666666828095913
,mappo,,,,1051.0,0.0,0.0,0.3333333432674408,0.0,0.0,0.0,0.3333333432674408,0.0,0.0,0.0,0.0,0.0,0.0,,,,,,,
-0.003445121692493558,mappo,0.00019625676213763654,0.11796672642230988,0.0006842947649216406,1052.0,,,,,,,,,,,,,,0.0,,,,,0.010337617248296738,0.013333333656191826
,mappo,,,,1052.0,0.0,0.0,0.6666666865348816,0.0,0.0,0.0,0.6666666865348816,0.0,0.0,0.0,0.0,0.0,0.0,,,,,,,
0.004495357628911734,mappo,7.226339221233502e-05,0.0966356173157692,0.0006839946648882962,1053.0,,,,,,,,,,,,,,0.0,,,,,0.009895039722323418,0.006666666828095913
,mappo,,,,1053.0,0.0,0.0,0.3333333432674408,0.0,0.0,0.0,0.3333333432674408,0.0,0.0,0.0,0.0,0.0,0.0,,,,,,,
-0.006082894746214151,mappo,0.0006999286124482751,0.11544616520404816,0.0006836945648549518,1054.0,,,,,,,,,,,,,,0.0,,,,,0.01010148972272873,0.013333333656191826
,mappo,,,,1054.0,0.0,0.0,0.6666666865348816,0.0,0.0,0.0,0.6666666865348816,0.0,0.0,0.0,0.0,0.0,0.0,,,,,,,
0.008281789720058441,mappo,0.00010628698510117829,0.05935932323336601,0.0006833944648216072,1055.0,,,,,,,,,,,,,,0.0,,,,,0.010031738318502903,0.006666666828095913
,mappo,,,,1055.0,0.0,0.0,0.3333333432674408,0.0,0.0,0.0,0.3333333432674408,0.0,0.0,0.0,0.0,0.0,0.0,,,,,,,
0.003302197204902768,mappo,1.7511627447674982e-05,0.006895869504660368,0.0006830943647882627,1056.0,,,,,,,,,,,,,,0.0,,,,,0.010318918153643608,0.006666666828095913
,mappo,,,,1056.0,0.0,0.0,0.3333333432674408,0.0,0.0,0.0,0.3333333432674408,0.0,0.0,0.0,0.0,0.0,0.0,,,,,,,
0.008604587987065315,mappo,3.740470128832385e-05,0.0205839816480875,0.0006827942647549183,1057.0,,,,,,,,,,,,,,0.0,,,,,0.00983448140323162,0.006666666828095913
,mappo,,,,1057.0,0.0,0.0,0.3333333432674408,0.0,0.0,0.0,0.3333333432674408,0.0,0.0,0.0,0.0,0.0,0.0,,,,,,,
0.016550922766327858,mappo,1.7047468645614572e-05,0.0014973294455558062,0.0006824941647215739,1058.0,,,,,,,,,,,,,,0.0,,,,,0.0099951708689332,0.006666666828095913
,mappo,,,,1058.0,0.0,0.0,0.3333333432674408,0.0,0.0,0.0,0.3333333432674408,0.0,0.0,0.0,0.0,0.0,0.0,,,,,,,
0.010217061266303062,mappo,4.381779217510484e-05,-0.023546168580651283,0.0006821940646882295,1059.0,,,,,,,,,,,,,,0.0,,,,,0.009922981262207031,0.006666666828095913
,mappo,,,,1059.0,0.0,0.0,0.3333333432674408,0.0,0.0,0.0,0.3333333432674408,0.0,0.0,0.0,0.0,0.0,0.0,,,,,,,
0.013235682621598244,mappo,2.5775165340746753e-05,-0.029856134206056595,0.000681893964654885,1060.0,,,,,,,,,,,,,,0.0,,,,,0.00999089889228344,0.006666666828095913
,mappo,,,,1060.0,0.0,0.0,0.3333333432674408,0.0,0.0,0.0,0.3333333432674408,0.0,0.0,0.0,0.0,0.0,0.0,,,,,,,
-0.010759475640952587,mappo,1.3817671970173251e-05,-0.03483859449625015,0.0006815938646215405,1061.0,,,,,,,,,,,,,,0.0,,,,,0.009863767772912979,0.006666666828095913
,mappo,,,,1061.0,0.0,0.0,0.3333333432674408,0.0,0.0,0.0,0.3333333432674408,0.0,0.0,0.0,0.0,0.0,0.0,,,,,,,
0.005170709453523159,mappo,8.350101779797114e-06,-0.04398408904671669,0.0006812937645881961,1062.0,,,,,,,,,,,,,,0.0,,,,,0.010127075016498566,0.006666666828095913
,mappo,,,,1062.0,0.0,0.0,0.3333333432674408,0.0,0.0,0.0,0.3333333432674408,0.0,0.0,0.0,0.0,0.0,0.0,,,,,,,
0.0837651714682579,mappo,0.00024764053523540497,-0.007322883699089289,0.0006809936645548516,1063.0,,,,,,,,,,,,,,0.0,,,,,0.010061042383313179,0.013333333656191826
,mappo,,,,1063.0,0.0,0.0,0.6666666865348816,0.0,0.0,0.0,0.6666666865348816,0.0,0.0,0.0,0.0,0.0,0.0,,,,,,,
0.004696231335401535,mappo,0.0004393644630908966,-0.010543023236095905,0.0006806935645215072,1064.0,,,,,,,,,,,,,,0.0,,,,,0.010343482717871666,0.013333333656191826
,mappo,,,,1064.0,0.0,0.0,0.6666666865348816,0.0,0.0,0.0,0.6666666865348816,0.0,0.0,0.0,0.0,0.0,0.0,,,,,,,
0.004076932091265917,mappo,0.00011125449236715212,-0.06907770037651062,0.0006803934644881627,1065.0,,,,,,,,,,,,,,0.0,,,,,0.009953830391168594,0.006666666828095913
,mappo,,,,1065.0,0.0,0.0,0.3333333432674408,0.0,0.0,0.0,0.3333333432674408,0.0,0.0,0.0,0.0,0.0,0.0,,,,,,,
0.028919372707605362,mappo,1.8876940885093063e-05,-0.07306436449289322,0.0006800933644548183,1066.0,,,,,,,,,,,,,,0.0,,,,,0.009903589263558388,0.006666666828095913
,mappo,,,,1066.0,0.0,0.0,0.3333333432674408,0.0,0.0,0.0,0.3333333432674408,0.0,0.0,0.0,0.0,0.0,0.0,,,,,,,
-0.007745148614048958,mappo,0.0005982178845442832,-0.006050509866327047,0.0006797932644214738,1067.0,,,,,,,,,,,,,,0.0,,,,,0.009979549795389175,0.013333333656191826
,mappo,,,,1067.0,0.0,0.0,0.6666666865348816,0.0,0.0,0.0,0.6666666865348816,0.0,0.0,0.0,0.0,0.0,0.0,,,,,,,
-0.0007302102749235928,mappo,0.0005391861777752638,0.00470074312761426,0.0006794931643881294,1068.0,,,,,,,,,,,,,,0.0,,,,,0.0100367721170187,0.013333333656191826
,mappo,,,,1068.0,0.0,0.0,0.6666666865348816,0.0,0.0,0.0,0.6666666865348816,0.0,0.0,0.0,0.0,0.0,0.0,,,,,,,
0.014752672985196114,mappo,0.0004464997036848217,0.04791076481342316,0.000679193064354785,1069.0,,,,,,,,,,,,,,0.0,,,,,0.010108623653650284,0.013333333656191826
,mappo,,,,1069.0,0.0,0.0,0.6666666865348816,0.0,0.0,0.0,0.6666666865348816,0.0,0.0,0.0,0.0,0.0,0.0,,,,,,,
0.0039344122633337975,mappo,0.0001921848743222654,-0.02084076590836048,0.0006788929643214406,1070.0,,,,,,,,,,,,,,0.0,,,,,0.010526156984269619,0.013333333656191826
,mappo,,,,1070.0,0.0,0.0,0.6666666865348816,0.0,0.0,0.0,0.6666666865348816,0.0,0.0,0.0,0.0,0.0,0.0,,,,,,,
-0.005062454845756292,mappo,0.00011354068556101993,0.04991964250802994,0.0006785928642880961,1071.0,,,,,,,,,,,,,,0.0,,,,,0.010080661624670029,0.013333333656191826
,mappo,,,,1071.0,0.0,0.0,0.6666666865348816,0.0,0.0,0.0,0.6666666865348816,0.0,0.0,0.0,0.0,0.0,0.0,,,,,,,
-0.008941554464399815,mappo,0.00023180358402896672,0.007429046556353569,0.0006782927642547515,1072.0,,,,,,,,,,,,,,0.0,,,,,0.010163689032196999,0.013333333656191826
,mappo,,,,1072.0,0.0,0.0,0.6666666865348816,0.0,0.0,0.0,0.6666666865348816,0.0,0.0,0.0,0.0,0.0,0.0,,,,,,,
-0.0018338790396228433,mappo,2.159968062187545e-05,0.031230660155415535,0.0006779926642214071,1073.0,,,,,,,,,,,,,,0.0,,,,,0.009970718063414097,0.013333333656191826
,mappo,,,,1073.0,0.0,0.0,0.6666666865348816,0.0,0.0,0.0,0.6666666865348816,0.0,0.0,0.0,0.0,0.0,0.0,,,,,,,
0.004669043235480785,mappo,4.980551602784544e-05,-0.023235023021697998,0.0006776925641880627,1074.0,,,,,,,,,,,,,,0.0,,,,,0.010007595643401146,0.006666666828095913
,mappo,,,,1074.0,0.0,0.0,0.3333333432674408,0.0,0.0,0.0,0.3333333432674408,0.0,0.0,0.0,0.0,0.0,0.0,,,,,,,
-0.0034775452222675085,mappo,0.00016774312825873494,0.02206909842789173,0.0006773924641547183,1075.0,,,,,,,,,,,,,,0.0,,,,,0.009922496043145657,0.013333333656191826
,mappo,,,,1075.0,0.0,0.0,0.6666666865348816,0.0,0.0,0.0,0.6666666865348816,0.0,0.0,0.0,0.0,0.0,0.0,,,,,,,
0.0033281974028795958,mappo,6.767187005607411e-05,0.0343933142721653,0.0006770923641213738,1076.0,,,,,,,,,,,,,,0.0,,,,,0.009954424574971199,0.013333333656191826
,mappo,,,,1076.0,0.0,0.0,0.6666666865348816,0.0,0.0,0.0,0.6666666865348816,0.0,0.0,0.0,0.0,0.0,0.0,,,,,,,
-0.0031573637388646603,mappo,0.0001422109198756516,-0.017779264599084854,0.0006767922640880294,1077.0,,,,,,,,,,,,,,0.0,,,,,0.009984489530324936,0.006666666828095913
,mappo,,,,1077.0,0.0,0.0,0.3333333432674408,0.0,0.0,0.0,0.3333333432674408,0.0,0.0,0.0,0.0,0.0,0.0,,,,,,,
-0.0043093254789710045,mappo,6.414850940927863e-05,-0.019263211637735367,0.0006764921640546849,1078.0,,,,,,,,,,,,,,0.0,,,,,0.010058973915874958,0.006666666828095913
,mappo,,,,1078.0,0.0,0.0,0.3333333432674408,0.0,0.0,0.0,0.3333333432674408,0.0,0.0,0.0,0.0,0.0,0.0,,,,,,,
-0.006885722279548645,mappo,0.0001560991513542831,0.03681271895766258,0.0006761920640213405,1079.0,,,,,,,,,,,,,,0.0,,,,,0.010165734216570854,0.013333333656191826
,mappo,,,,1079.0,0.0,0.0,0.6666666865348816,0.0,0.0,0.0,0.6666666865348816,0.0,0.0,0.0,0.0,0.0,0.0,,,,,,,
-0.005362261552363634,mappo,0.00015119258023332804,0.024789387360215187,0.0006758919639879961,1080.0,,,,,,,,,,,,,,0.0,,,,,0.01012992300093174,0.013333333656191826
,mappo,,,,1080.0,0.0,0.0,0.6666666865348816,0.0,0.0,0.0,0.6666666865348816,0.0,0.0,0.0,0.0,0.0,0.0,,,,,,,
-0.008132311515510082,mappo,8.028919546632096e-05,0.024948246777057648,0.0006755918639546517,1081.0,,,,,,,,,,,,,,0.0,,,,,0.010048560798168182,0.013333333656191826
,mappo,,,,1081.0,0.0,0.0,0.6666666865348816,0.0,0.0,0.0,0.6666666865348816,0.0,0.0,0.0,0.0,0.0,0.0,,,,,,,
3.077065048273653e-05,mappo,5.518379475688562e-05,0.009047238156199455,0.0006752917639213071,1082.0,,,,,,,,,,,,,,0.0,,,,,0.010308632627129555,0.013333333656191826
,mappo,,,,1082.0,0.0,0.0,0.6666666865348816,0.0,0.0,0.0,0.6666666865348816,0.0,0.0,0.0,0.0,0.0,0.0,,,,,,,
-0.0011519488180056214,mappo,3.0407296435441822e-05,-0.015257668681442738,0.0006749916638879626,1083.0,,,,,,,,,,,,,,0.0,,,,,0.010076248086988926,0.013333333656191826
,mappo,,,,1083.0,0.0,0.0,0.6666666865348816,0.0,0.0,0.0,0.6666666865348816,0.0,0.0,0.0,0.0,0.0,0.0,,,,,,,
-0.0007124895928427577,mappo,0.0002432090841466561,-0.10224372148513794,0.0006746915638546182,1084.0,,,,,,,,,,,,,,0.0,,,,,0.010020400397479534,0.006666666828095913
,mappo,,,,1084.0,0.0,0.0,0.3333333432674408,0.0,0.0,0.0,0.3333333432674408,0.0,0.0,0.0,0.0,0.0,0.0,,,,,,,
-0.004848932847380638,mappo,0.0001422673958586529,-0.02412542514503002,0.0006743914638212738,1085.0,,,,,,,,,,,,,,0.0,,,,,0.010134533047676086,0.013333333656191826
,mappo,,,,1085.0,0.0,0.0,0.6666666865348816,0.0,0.0,0.0,0.6666666865348816,0.0,0.0,0.0,0.0,0.0,0.0,,,,,,,
0.0007835912401787937,mappo,0.0001755582488840446,-0.14702846109867096,0.0006740913637879294,1086.0,,,,,,,,,,,,,,0.0,,,,,0.010135622695088387,0.006666666828095913
,mappo,,,,1086.0,0.0,0.0,0.3333333432674408,0.0,0.0,0.0,0.3333333432674408,0.0,0.0,0.0,0.0,0.0,0.0,,,,,,,
0.00020831040455959737,mappo,0.0001308227947447449,-0.1295728236436844,0.0006737912637545849,1087.0,,,,,,,,,,,,,,0.0,,,,,0.009978177957236767,0.006666666828095913
,mappo,,,,1087.0,0.0,0.0,0.3333333432674408,0.0,0.0,0.0,0.3333333432674408,0.0,0.0,0.0,0.0,0.0,0.0,,,,,,,
-0.007898617535829544,mappo,0.0004969067522324622,-0.06253444403409958,0.0006734911637212405,1088.0,,,,,,,,,,,,,,0.0,,,,,0.01012797374278307,0.013333333656191826
,mappo,,,,1088.0,0.0,0.0,0.6666666865348816,0.0,0.0,0.0,0.6666666865348816,0.0,0.0,0.0,0.0,0.0,0.0,,,,,,,
0.0037082924973219633,mappo,0.00022643819102086127,-0.14507877826690674,0.000673191063687896,1089.0,,,,,,,,,,,,,,0.0,,,,,0.009933337569236755,0.006666666828095913
,mappo,,,,1089.0,0.0,0.0,0.3333333432674408,0.0,0.0,0.0,0.3333333432674408,0.0,0.0,0.0,0.0,0.0,0.0,,,,,,,
0.005544576793909073,mappo,0.0005811293958686292,-0.07779843360185623,0.0006728909636545515,1090.0,,,,,,,,,,,,,,0.0,,,,,0.010156477801501751,0.013333333656191826
,mappo,,,,1090.0,0.0,0.0,0.6666666865348816,0.0,0.0,0.0,0.6666666865348816,0.0,0.0,0.0,0.0,0.0,0.0,,,,,,,
0.02687046304345131,mappo,0.00021028985793236643,-0.14795760810375214,0.0006725908636212071,1091.0,,,,,,,,,,,,,,0.0,,,,,0.009943248704075813,0.006666666828095913
,mappo,,,,1091.0,0.0,0.0,0.3333333432674408,0.0,0.0,0.0,0.3333333432674408,0.0,0.0,0.0,0.0,0.0,0.0,,,,,,,
0.007283275946974754,mappo,0.00013337637938093394,-0.1615920215845108,0.0006722907635878627,1092.0,,,,,,,,,,,,,,0.0,,,,,0.01001290138810873,0.006666666828095913
,mappo,,,,1092.0,0.0,0.0,0.3333333432674408,0.0,0.0,0.0,0.3333333432674408,0.0,0.0,0.0,0.0,0.0,0.0,,,,,,,
-0.0018433730583637953,mappo,0.0008281100308522582,-0.10982528328895569,0.0006719906635545181,1093.0,,,,,,,,,,,,,,0.0,,,,,0.010088548064231873,0.013333333656191826
,mappo,,,,1093.0,0.0,0.0,0.6666666865348816,0.0,0.0,0.0,0.6666666865348816,0.0,0.0,0.0,0.0,0.0,0.0,,,,,,,
0.004679987207055092,mappo,0.00025355032994411886,-0.7865795493125916,0.0006716905635211737,1094.0,,,,,,,,,,,,,,0.0,,,,,0.012598417699337006,0.0
,mappo,,,,1094.0,0.0,0.0,0.0,0.0,0.0,0.0,0.0,0.0,0.0,0.0,0.0,0.0,0.0,,,,,,,
0.005058665294200182,mappo,0.0012240823125466704,-0.1020331084728241,0.0006713904634878293,1095.0,,,,,,,,,,,,,,0.0,,,,,0.010028635151684284,0.013333333656191826
,mappo,,,,1095.0,0.0,0.0,0.6666666865348816,0.0,0.0,0.0,0.6666666865348816,0.0,0.0,0.0,0.0,0.0,0.0,,,,,,,
0.026532243937253952,mappo,0.0003289393789600581,-0.18801510334014893,0.0006710903634544849,1096.0,,,,,,,,,,,,,,0.0,,,,,0.009977851994335651,0.006666666828095913
,mappo,,,,1096.0,0.0,0.0,0.3333333432674408,0.0,0.0,0.0,0.3333333432674408,0.0,0.0,0.0,0.0,0.0,0.0,,,,,,,
-0.0004764127661474049,mappo,0.0006165052182041109,-0.1345430165529251,0.0006707902634211405,1097.0,,,,,,,,,,,,,,0.0,,,,,0.010000422596931458,0.013333333656191826
,mappo,,,,1097.0,0.0,0.0,0.6666666865348816,0.0,0.0,0.0,0.6666666865348816,0.0,0.0,0.0,0.0,0.0,0.0,,,,,,,
-0.0023363339714705944,mappo,0.0004280006396584213,-0.1558205783367157,0.000670490163387796,1098.0,,,,,,,,,,,,,,0.0,,,,,0.010009901598095894,0.013333333656191826
,mappo,,,,1098.0,0.0,0.0,0.6666666865348816,0.0,0.0,0.0,0.6666666865348816,0.0,0.0,0.0,0.0,0.0,0.0,,,,,,,
0.009468232281506062,mappo,0.0002665378851816058,-0.17092856764793396,0.0006701900633544515,1099.0,,,,,,,,,,,,,,0.0,,,,,0.010350285097956657,0.013333333656191826
,mappo,,,,1099.0,0.0,0.0,0.6666666865348816,0.0,0.0,0.0,0.6666666865348816,0.0,0.0,0.0,0.0,0.0,0.0,,,,,,,
,mappo,,,,1099.0,,,,,,,,,,,,,,,0.0,0.0,0.0,0.0,,
-0.008457070216536522,mappo,0.0003617102047428489,-0.22072763741016388,0.000669889963321107,1100.0,,,,,,,,,,,,,,0.0,,,,,0.010093312710523605,0.006666666828095913
,mappo,,,,1100.0,0.0,0.0,0.3333333432674408,0.0,0.0,0.0,0.3333333432674408,0.0,0.0,0.0,0.0,0.0,0.0,,,,,,,
-0.0013516820035874844,mappo,0.00015315008931793272,-0.16577932238578796,0.0006695898632877626,1101.0,,,,,,,,,,,,,,0.0,,,,,0.009992796927690506,0.013333333656191826
,mappo,,,,1101.0,0.0,0.0,0.6666666865348816,0.0,0.0,0.0,0.6666666865348816,0.0,0.0,0.0,0.0,0.0,0.0,,,,,,,
0.0008172567468136549,mappo,7.634615758433938e-05,-0.17700040340423584,0.0006692897632544182,1102.0,,,,,,,,,,,,,,0.0,,,,,0.010029133409261703,0.013333333656191826
,mappo,,,,1102.0,0.0,0.0,0.6666666865348816,0.0,0.0,0.0,0.6666666865348816,0.0,0.0,0.0,0.0,0.0,0.0,,,,,,,
-0.0007796603604219854,mappo,0.0002967983018606901,-0.24783584475517273,0.0006689896632210738,1103.0,,,,,,,,,,,,,,0.0,,,,,0.009951842948794365,0.006666666828095913
,mappo,,,,1103.0,0.0,0.0,0.3333333432674408,0.0,0.0,0.0,0.3333333432674408,0.0,0.0,0.0,0.0,0.0,0.0,,,,,,,
0.003078713081777096,mappo,0.00022200599778443575,-0.1896274983882904,0.0006686895631877292,1104.0,,,,,,,,,,,,,,0.0,,,,,0.01036817766726017,0.013333333656191826
,mappo,,,,1104.0,0.0,0.0,0.6666666865348816,0.0,0.0,0.0,0.6666666865348816,0.0,0.0,0.0,0.0,0.0,0.0,,,,,,,
0.012012045830488205,mappo,0.00015341448306571692,-0.20877769589424133,0.0006683894631543848,1105.0,,,,,,,,,,,,,,0.0,,,,,0.010296083055436611,0.013333333656191826
,mappo,,,,1105.0,0.0,0.0,0.6666666865348816,0.0,0.0,0.0,0.6666666865348816,0.0,0.0,0.0,0.0,0.0,0.0,,,,,,,
0.011768868193030357,mappo,0.00011670076492009684,-0.2764713764190674,0.0006680893631210404,1106.0,,,,,,,,,,,,,,0.0,,,,,0.010271819308400154,0.013333333656191826
,mappo,,,,1106.0,0.0,0.0,0.6666666865348816,0.0,0.0,0.0,0.6666666865348816,0.0,0.0,0.0,0.0,0.0,0.0,,,,,,,
0.0030397430527955294,mappo,4.034104858874343e-05,-0.22836612164974213,0.000667789263087696,1107.0,,,,,,,,,,,,,,0.0,,,,,0.010328894481062889,0.013333333656191826
,mappo,,,,1107.0,0.0,0.0,0.6666666865348816,0.0,0.0,0.0,0.6666666865348816,0.0,0.0,0.0,0.0,0.0,0.0,,,,,,,
0.01864820532500744,mappo,3.708978329086676e-05,-0.22648747265338898,0.0006674891630543514,1108.0,,,,,,,,,,,,,,0.0,,,,,0.010206758975982666,0.013333333656191826
,mappo,,,,1108.0,0.0,0.0,0.6666666865348816,0.0,0.0,0.0,0.6666666865348816,0.0,0.0,0.0,0.0,0.0,0.0,,,,,,,
0.08053142577409744,mappo,4.7170917241601273e-05,-0.23550930619239807,0.000667189063021007,1109.0,,,,,,,,,,,,,,0.0,,,,,0.010139919817447662,0.013333333656191826
,mappo,,,,1109.0,0.0,0.0,0.6666666865348816,0.0,0.0,0.0,0.6666666865348816,0.0,0.0,0.0,0.0,0.0,0.0,,,,,,,
-0.004901532549411058,mappo,1.887564576463774e-05,-0.24292056262493134,0.0006668889629876625,1110.0,,,,,,,,,,,,,,0.0,,,,,0.0102052241563797,0.013333333656191826
,mappo,,,,1110.0,0.0,0.0,0.6666666865348816,0.0,0.0,0.0,0.6666666865348816,0.0,0.0,0.0,0.0,0.0,0.0,,,,,,,
0.017839735373854637,mappo,1.9691138732014224e-05,-0.2333395928144455,0.0006665888629543181,1111.0,,,,,,,,,,,,,,0.0,,,,,0.01016656681895256,0.013333333656191826
,mappo,,,,1111.0,0.0,0.0,0.6666666865348816,0.0,0.0,0.0,0.6666666865348816,0.0,0.0,0.0,0.0,0.0,0.0,,,,,,,
0.027933012694120407,mappo,0.00010662849672371522,-0.32482293248176575,0.0006662887629209737,1112.0,,,,,,,,,,,,,,0.0,,,,,0.010058106854557991,0.006666666828095913
,mappo,,,,1112.0,0.0,0.0,0.3333333432674408,0.0,0.0,0.0,0.3333333432674408,0.0,0.0,0.0,0.0,0.0,0.0,,,,,,,
-0.007063539698719978,mappo,0.0001588166633155197,-0.24664929509162903,0.0006659886628876293,1113.0,,,,,,,,,,,,,,0.0,,,,,0.01047440990805626,0.013333333656191826
,mappo,,,,1113.0,0.0,0.0,0.6666666865348816,0.0,0.0,0.0,0.6666666865348816,0.0,0.0,0.0,0.0,0.0,0.0,,,,,,,
0.004114632960408926,mappo,7.406140503007919e-05,-0.28220391273498535,0.0006656885628542849,1114.0,,,,,,,,,,,,,,0.0,,,,,0.010195786133408546,0.013333333656191826
,mappo,,,,1114.0,0.0,0.0,0.6666666865348816,0.0,0.0,0.0,0.6666666865348816,0.0,0.0,0.0,0.0,0.0,0.0,,,,,,,
-0.0018802032573148608,mappo,5.199094448471442e-05,-0.3024378716945648,0.0006653884628209403,1115.0,,,,,,,,,,,,,,0.0,,,,,0.01004481315612793,0.013333333656191826
,mappo,,,,1115.0,0.0,0.0,0.6666666865348816,0.0,0.0,0.0,0.6666666865348816,0.0,0.0,0.0,0.0,0.0,0.0,,,,,,,
-0.006107659544795752,mappo,3.04691002384061e-05,-0.3264521658420563,0.0006650883627875958,1116.0,,,,,,,,,,,,,,0.0,,,,,0.010312972590327263,0.013333333656191826
,mappo,,,,1116.0,0.0,0.0,0.6666666865348816,0.0,0.0,0.0,0.6666666865348816,0.0,0.0,0.0,0.0,0.0,0.0,,,,,,,
0.002094203606247902,mappo,1.530149529571645e-05,-0.35587215423583984,0.0006647882627542514,1117.0,,,,,,,,,,,,,,0.0,,,,,0.010154899209737778,0.013333333656191826
,mappo,,,,1117.0,0.0,0.0,0.6666666865348816,0.0,0.0,0.0,0.6666666865348816,0.0,0.0,0.0,0.0,0.0,0.0,,,,,,,
0.001800011028535664,mappo,1.8567496226751246e-05,-0.385021448135376,0.000664488162720907,1118.0,,,,,,,,,,,,,,0.0,,,,,0.010439347475767136,0.013333333656191826
,mappo,,,,1118.0,0.0,0.0,0.6666666865348816,0.0,0.0,0.0,0.6666666865348816,0.0,0.0,0.0,0.0,0.0,0.0,,,,,,,
-0.004422053229063749,mappo,5.055531073594466e-05,-0.44047728180885315,0.0006641880626875625,1119.0,,,,,,,,,,,,,,0.0,,,,,0.010683797299861908,0.013333333656191826
,mappo,,,,1119.0,0.0,0.0,0.6666666865348816,0.0,0.0,0.0,0.6666666865348816,0.0,0.0,0.0,0.0,0.0,0.0,,,,,,,
0.012480877339839935,mappo,0.0008553114021196961,-1.1462907791137695,0.0006638879626542181,1120.0,,,,,,,,,,,,,,0.0,,,,,0.012674383819103241,0.0
,mappo,,,,1120.0,0.0,0.0,0.0,0.0,0.0,0.0,0.0,0.0,0.0,0.0,0.0,0.0,0.0,,,,,,,
0.03654482215642929,mappo,0.0003725214337464422,-1.1349689960479736,0.0006635878626208736,1121.0,,,,,,,,,,,,,,0.0,,,,,0.012912781909108162,0.0
,mappo,,,,1121.0,0.0,0.0,0.0,0.0,0.0,0.0,0.0,0.0,0.0,0.0,0.0,0.0,0.0,,,,,,,
0.05900464951992035,mappo,0.0002520877169445157,-1.1379790306091309,0.0006632877625875292,1122.0,,,,,,,,,,,,,,0.0,,,,,0.012938189320266247,0.0
,mappo,,,,1122.0,0.0,0.0,0.0,0.0,0.0,0.0,0.0,0.0,0.0,0.0,0.0,0.0,0.0,,,,,,,
0.19319452345371246,mappo,0.0021920206490904093,-0.5198549628257751,0.0006629876625541848,1123.0,,,,,,,,,,,,,,0.0,,,,,0.010636463761329651,0.006666666828095913
,mappo,,,,1123.0,0.0,0.0,0.3333333432674408,0.0,0.0,0.0,0.3333333432674408,0.0,0.0,0.0,0.0,0.0,0.0,,,,,,,
0.01514825876802206,mappo,0.0014168304624035954,-0.39187583327293396,0.0006626875625208404,1124.0,,,,,,,,,,,,,,0.0,,,,,0.010789807885885239,0.013333333656191826
,mappo,,,,1124.0,0.0,0.0,0.6666666865348816,0.0,0.0,0.0,0.6666666865348816,0.0,0.0,0.0,0.0,0.0,0.0,,,,,,,
0.03885338082909584,mappo,0.0008523531723767519,-1.065037488937378,0.0006623874624874958,1125.0,,,,,,,,,,,,,,0.0,,,,,0.012750260531902313,0.0
,mappo,,,,1125.0,0.0,0.0,0.0,0.0,0.0,0.0,0.0,0.0,0.0,0.0,0.0,0.0,0.0,,,,,,,
0.003779293969273567,mappo,0.001104010152630508,-0.39087846875190735,0.0006620873624541514,1126.0,,,,,,,,,,,,,,0.0,,,,,0.010518970899283886,0.013333333656191826
,mappo,,,,1126.0,0.0,0.0,0.6666666865348816,0.0,0.0,0.0,0.6666666865348816,0.0,0.0,0.0,0.0,0.0,0.0,,,,,,,
-0.0012191594578325748,mappo,0.0003255718620494008,-0.4136732816696167,0.0006617872624208069,1127.0,,,,,,,,,,,,,,0.0,,,,,0.010269049555063248,0.013333333656191826
,mappo,,,,1127.0,0.0,0.0,0.6666666865348816,0.0,0.0,0.0,0.6666666865348816,0.0,0.0,0.0,0.0,0.0,0.0,,,,,,,
0.036940861493349075,mappo,0.00015592348063364625,-0.4025273025035858,0.0006614871623874625,1128.0,,,,,,,,,,,,,,0.0,,,,,0.01044880785048008,0.013333333656191826
,mappo,,,,1128.0,0.0,0.0,0.6666666865348816,0.0,0.0,0.0,0.6666666865348816,0.0,0.0,0.0,0.0,0.0,0.0,,,,,,,
0.0004662534920498729,mappo,0.0002034144417848438,-0.39139488339424133,0.0006611870623541181,1129.0,,,,,,,,,,,,,,0.0,,,,,0.010394351556897163,0.013333333656191826
,mappo,,,,1129.0,0.0,0.0,0.6666666865348816,0.0,0.0,0.0,0.6666666865348816,0.0,0.0,0.0,0.0,0.0,0.0,,,,,,,
0.0061097582802176476,mappo,7.388502126559615e-05,-0.3909955322742462,0.0006608869623207736,1130.0,,,,,,,,,,,,,,0.0,,,,,0.010419699363410473,0.013333333656191826
,mappo,,,,1130.0,0.0,0.0,0.6666666865348816,0.0,0.0,0.0,0.6666666865348816,0.0,0.0,0.0,0.0,0.0,0.0,,,,,,,
0.011479837819933891,mappo,0.0007250990602187812,-1.057907223701477,0.0006605868622874292,1131.0,,,,,,,,,,,,,,0.0,,,,,0.01277598924934864,0.0
,mappo,,,,1131.0,0.0,0.0,0.0,0.0,0.0,0.0,0.0,0.0,0.0,0.0,0.0,0.0,0.0,,,,,,,
-0.00034745209268294275,mappo,0.0011582279112190008,-0.38818398118019104,0.0006602867622540847,1132.0,,,,,,,,,,,,,,0.0,,,,,0.010446601547300816,0.013333333656191826
,mappo,,,,1132.0,0.0,0.0,0.6666666865348816,0.0,0.0,0.0,0.6666666865348816,0.0,0.0,0.0,0.0,0.0,0.0,,,,,,,
0.002419849159196019,mappo,0.001079929294064641,-0.49120840430259705,0.0006599866622207403,1133.0,,,,,,,,,,,,,,0.0,,,,,0.010736869648098946,0.006666666828095913
,mappo,,,,1133.0,0.0,0.0,0.3333333432674408,0.0,0.0,0.0,0.3333333432674408,0.0,0.0,0.0,0.0,0.0,0.0,,,,,,,
0.026525039225816727,mappo,0.0004224274307489395,-0.3809296190738678,0.0006596865621873959,1134.0,,,,,,,,,,,,,,0.0,,,,,0.010411405935883522,0.013333333656191826
,mappo,,,,1134.0,0.0,0.0,0.6666666865348816,0.0,0.0,0.0,0.6666666865348816,0.0,0.0,0.0,0.0,0.0,0.0,,,,,,,
0.028042182326316833,mappo,0.00010788308281917125,-0.374900221824646,0.0006593864621540514,1135.0,,,,,,,,,,,,,,0.0,,,,,0.010688068345189095,0.013333333656191826
,mappo,,,,1135.0,0.0,0.0,0.6666666865348816,0.0,0.0,0.0,0.6666666865348816,0.0,0.0,0.0,0.0,0.0,0.0,,,,,,,
0.007044470869004726,mappo,0.0009395945235155523,-0.4819130599498749,0.0006590863621207069,1136.0,,,,,,,,,,,,,,0.0,,,,,0.01057470589876175,0.006666666828095913
,mappo,,,,1136.0,0.0,0.0,0.3333333432674408,0.0,0.0,0.0,0.3333333432674408,0.0,0.0,0.0,0.0,0.0,0.0,,,,,,,
0.007634383160620928,mappo,0.0008058248204179108,-0.48481521010398865,0.0006587862620873625,1137.0,,,,,,,,,,,,,,0.0,,,,,0.010968772694468498,0.006666666828095913
,mappo,,,,1137.0,0.0,0.0,0.3333333432674408,0.0,0.0,0.0,0.3333333432674408,0.0,0.0,0.0,0.0,0.0,0.0,,,,,,,
0.006038167979568243,mappo,0.00023006046831142157,-0.3640201687812805,0.000658486162054018,1138.0,,,,,,,,,,,,,,0.0,,,,,0.010181210935115814,0.013333333656191826
,mappo,,,,1138.0,0.0,0.0,0.6666666865348816,0.0,0.0,0.0,0.6666666865348816,0.0,0.0,0.0,0.0,0.0,0.0,,,,,,,
0.0009973254054784775,mappo,0.00041880362550728023,-0.43702754378318787,0.0006581860620206736,1139.0,,,,,,,,,,,,,,0.0,,,,,0.010500257834792137,0.013333333656191826
,mappo,,,,1139.0,0.0,0.0,0.6666666865348816,0.0,0.0,0.0,0.6666666865348816,0.0,0.0,0.0,0.0,0.0,0.0,,,,,,,
0.0013017766177654266,mappo,0.00034779665293172,-0.46346864104270935,0.0006578859619873292,1140.0,,,,,,,,,,,,,,0.0,,,,,0.011103956028819084,0.013333333656191826
,mappo,,,,1140.0,0.0,0.0,0.6666666865348816,0.0,0.0,0.0,0.6666666865348816,0.0,0.0,0.0,0.0,0.0,0.0,,,,,,,
0.03599729388952255,mappo,0.0009014782262966037,-1.022423267364502,0.0006575858619539847,1141.0,,,,,,,,,,,,,,0.0,,,,,0.012760773301124573,0.0
,mappo,,,,1141.0,0.0,0.0,0.0,0.0,0.0,0.0,0.0,0.0,0.0,0.0,0.0,0.0,0.0,,,,,,,
-0.009319993667304516,mappo,0.0029548725578933954,-0.34732943773269653,0.0006572857619206403,1142.0,,,,,,,,,,,,,,0.0,,,,,0.010308155789971352,0.013333333656191826
,mappo,,,,1142.0,0.0,0.0,0.6666666865348816,0.0,0.0,0.0,0.6666666865348816,0.0,0.0,0.0,0.0,0.0,0.0,,,,,,,
0.04573168233036995,mappo,0.002071163384243846,-0.35804373025894165,0.0006569856618872957,1143.0,,,,,,,,,,,,,,0.0,,,,,0.010497666895389557,0.013333333656191826
,mappo,,,,1143.0,0.0,0.0,0.6666666865348816,0.0,0.0,0.0,0.6666666865348816,0.0,0.0,0.0,0.0,0.0,0.0,,,,,,,
0.027843052521348,mappo,0.0007181784603744745,-0.36026766896247864,0.0006566855618539513,1144.0,,,,,,,,,,,,,,0.0,,,,,0.010399596765637398,0.013333333656191826
,mappo,,,,1144.0,0.0,0.0,0.6666666865348816,0.0,0.0,0.0,0.6666666865348816,0.0,0.0,0.0,0.0,0.0,0.0,,,,,,,
0.0021425634622573853,mappo,0.0002384805993642658,-0.3609639108181,0.0006563854618206069,1145.0,,,,,,,,,,,,,,0.0,,,,,0.01015608198940754,0.013333333656191826
,mappo,,,,1145.0,0.0,0.0,0.6666666865348816,0.0,0.0,0.0,0.6666666865348816,0.0,0.0,0.0,0.0,0.0,0.0,,,,,,,
0.02867940254509449,mappo,0.0004937191843055189,-0.36107367277145386,0.0006560853617872625,1146.0,,,,,,,,,,,,,,0.0,,,,,0.010238049551844597,0.013333333656191826
,mappo,,,,1146.0,0.0,0.0,0.6666666865348816,0.0,0.0,0.0,0.6666666865348816,0.0,0.0,0.0,0.0,0.0,0.0,,,,,,,
0.0374884307384491,mappo,0.0002138352137990296,-0.3892829418182373,0.000655785261753918,1147.0,,,,,,,,,,,,,,0.0,,,,,0.010439950972795486,0.013333333656191826
,mappo,,,,1147.0,0.0,0.0,0.6666666865348816,0.0,0.0,0.0,0.6666666865348816,0.0,0.0,0.0,0.0,0.0,0.0,,,,,,,
0.04398315027356148,mappo,0.00013290562492329627,-0.5029825568199158,0.0006554851617205736,1148.0,,,,,,,,,,,,,,0.0,,,,,0.010652297176420689,0.006666666828095913
,mappo,,,,1148.0,0.0,0.0,0.3333333432674408,0.0,0.0,0.0,0.3333333432674408,0.0,0.0,0.0,0.0,0.0,0.0,,,,,,,
-0.002250483026728034,mappo,3.7103902286617085e-05,-0.40631425380706787,0.0006551850616872291,1149.0,,,,,,,,,,,,,,0.0,,,,,0.010302158072590828,0.013333333656191826
,mappo,,,,1149.0,0.0,0.0,0.6666666865348816,0.0,0.0,0.0,0.6666666865348816,0.0,0.0,0.0,0.0,0.0,0.0,,,,,,,
0.003746878122910857,mappo,4.103241008124314e-05,-0.49896082282066345,0.0006548849616538847,1150.0,,,,,,,,,,,,,,0.0,,,,,0.010482389479875565,0.006666666828095913
,mappo,,,,1150.0,0.0,0.0,0.3333333432674408,0.0,0.0,0.0,0.3333333432674408,0.0,0.0,0.0,0.0,0.0,0.0,,,,,,,
0.008155258372426033,mappo,0.001007716404274106,-1.0803017616271973,0.0006545848616205403,1151.0,,,,,,,,,,,,,,0.0,,,,,0.01283441111445427,0.0
,mappo,,,,1151.0,0.0,0.0,0.0,0.0,0.0,0.0,0.0,0.0,0.0,0.0,0.0,0.0,0.0,,,,,,,
0.01828816346824169,mappo,0.001225417829118669,-0.41067901253700256,0.0006542847615871957,1152.0,,,,,,,,,,,,,,0.0,,,,,0.010469749569892883,0.013333333656191826
,mappo,,,,1152.0,0.0,0.0,0.6666666865348816,0.0,0.0,0.0,0.6666666865348816,0.0,0.0,0.0,0.0,0.0,0.0,,,,,,,
0.09327355027198792,mappo,0.0005446483264677227,-0.45570480823516846,0.0006539846615538512,1153.0,,,,,,,,,,,,,,0.0,,,,,0.010436587035655975,0.013333333656191826
,mappo,,,,1153.0,0.0,0.0,0.6666666865348816,0.0,0.0,0.0,0.6666666865348816,0.0,0.0,0.0,0.0,0.0,0.0,,,,,,,
0.05014561489224434,mappo,0.00013633946946356446,-0.4536234140396118,0.0006536845615205068,1154.0,,,,,,,,,,,,,,0.0,,,,,0.010713892057538033,0.013333333656191826
,mappo,,,,1154.0,0.0,0.0,0.6666666865348816,0.0,0.0,0.0,0.6666666865348816,0.0,0.0,0.0,0.0,0.0,0.0,,,,,,,
0.0019121388904750347,mappo,9.193168807541952e-05,-0.43808111548423767,0.0006533844614871624,1155.0,,,,,,,,,,,,,,0.0,,,,,0.01043003425002098,0.013333333656191826
,mappo,,,,1155.0,0.0,0.0,0.6666666865348816,0.0,0.0,0.0,0.6666666865348816,0.0,0.0,0.0,0.0,0.0,0.0,,,,,,,
0.002392437309026718,mappo,8.457123476546258e-05,-0.5660024881362915,0.000653084361453818,1156.0,,,,,,,,,,,,,,0.0,,,,,0.010789178311824799,0.006666666828095913
,mappo,,,,1156.0,0.0,0.0,0.3333333432674408,0.0,0.0,0.0,0.3333333432674408,0.0,0.0,0.0,0.0,0.0,0.0,,,,,,,
0.16074542701244354,mappo,4.7176796215353534e-05,-0.461532324552536,0.0006527842614204736,1157.0,,,,,,,,,,,,,,0.0,,,,,0.010388066060841084,0.013333333656191826
,mappo,,,,1157.0,0.0,0.0,0.6666666865348816,0.0,0.0,0.0,0.6666666865348816,0.0,0.0,0.0,0.0,0.0,0.0,,,,,,,
0.09587852656841278,mappo,1.6483812942169607e-05,-0.5691065192222595,0.0006524841613871291,1158.0,,,,,,,,,,,,,,0.0,,,,,0.01053567323833704,0.006666666828095913
,mappo,,,,1158.0,0.0,0.0,0.3333333432674408,0.0,0.0,0.0,0.3333333432674408,0.0,0.0,0.0,0.0,0.0,0.0,,,,,,,
-0.0008683282067067921,mappo,1.6965423128567636e-05,-0.4853961765766144,0.0006521840613537847,1159.0,,,,,,,,,,,,,,0.0,,,,,0.010518243536353111,0.013333333656191826
,mappo,,,,1159.0,0.0,0.0,0.6666666865348816,0.0,0.0,0.0,0.6666666865348816,0.0,0.0,0.0,0.0,0.0,0.0,,,,,,,
0.07952632755041122,mappo,3.662786548375152e-05,-0.5217467546463013,0.0006518839613204402,1160.0,,,,,,,,,,,,,,0.0,,,,,0.010718520730733871,0.013333333656191826
,mappo,,,,1160.0,0.0,0.0,0.6666666865348816,0.0,0.0,0.0,0.6666666865348816,0.0,0.0,0.0,0.0,0.0,0.0,,,,,,,
-0.00470935832709074,mappo,4.228970647091046e-05,-0.4455069899559021,0.0006515838612870957,1161.0,,,,,,,,,,,,,,0.0,,,,,0.0106028001755476,0.013333333656191826
,mappo,,,,1161.0,0.0,0.0,0.6666666865348816,0.0,0.0,0.0,0.6666666865348816,0.0,0.0,0.0,0.0,0.0,0.0,,,,,,,
0.020229397341609,mappo,0.001360450405627489,-1.1509325504302979,0.0006512837612537513,1162.0,,,,,,,,,,,,,,0.0,,,,,0.013299889862537384,0.0
,mappo,,,,1162.0,0.0,0.0,0.0,0.0,0.0,0.0,0.0,0.0,0.0,0.0,0.0,0.0,0.0,,,,,,,
0.06089449301362038,mappo,0.0010355458362028003,-0.5049402117729187,0.0006509836612204068,1163.0,,,,,,,,,,,,,,0.0,,,,,0.01052577793598175,0.013333333656191826
,mappo,,,,1163.0,0.0,0.0,0.6666666865348816,0.0,0.0,0.0,0.6666666865348816,0.0,0.0,0.0,0.0,0.0,0.0,,,,,,,
0.017436357215046883,mappo,0.0007759446161799133,-0.441348671913147,0.0006506835611870623,1164.0,,,,,,,,,,,,,,0.0,,,,,0.010472912341356277,0.013333333656191826
,mappo,,,,1164.0,0.0,0.0,0.6666666865348816,0.0,0.0,0.0,0.6666666865348816,0.0,0.0,0.0,0.0,0.0,0.0,,,,,,,
0.1496247500181198,mappo,0.00039568773354403675,-0.4315808117389679,0.0006503834611537179,1165.0,,,,,,,,,,,,,,0.0,,,,,0.010452048853039742,0.013333333656191826
,mappo,,,,1165.0,0.0,0.0,0.6666666865348816,0.0,0.0,0.0,0.6666666865348816,0.0,0.0,0.0,0.0,0.0,0.0,,,,,,,
0.00502915121614933,mappo,0.00013135898916516453,-0.4176035523414612,0.0006500833611203735,1166.0,,,,,,,,,,,,,,0.0,,,,,0.01019527018070221,0.013333333656191826
,mappo,,,,1166.0,0.0,0.0,0.6666666865348816,0.0,0.0,0.0,0.6666666865348816,0.0,0.0,0.0,0.0,0.0,0.0,,,,,,,
0.03473729267716408,mappo,0.0001011781205306761,-0.4354395568370819,0.0006497832610870291,1167.0,,,,,,,,,,,,,,0.0,,,,,0.010572269558906555,0.013333333656191826
,mappo,,,,1167.0,0.0,0.0,0.6666666865348816,0.0,0.0,0.0,0.6666666865348816,0.0,0.0,0.0,0.0,0.0,0.0,,,,,,,
0.005807865411043167,mappo,0.00014150814968161285,-0.4316655993461609,0.0006494831610536846,1168.0,,,,,,,,,,,,,,0.0,,,,,0.01054263487458229,0.013333333656191826
,mappo,,,,1168.0,0.0,0.0,0.6666666865348816,0.0,0.0,0.0,0.6666666865348816,0.0,0.0,0.0,0.0,0.0,0.0,,,,,,,
0.03440628573298454,mappo,0.00010914904851233587,-0.4082001745700836,0.0006491830610203402,1169.0,,,,,,,,,,,,,,0.0,,,,,0.010212253779172897,0.013333333656191826
,mappo,,,,1169.0,0.0,0.0,0.6666666865348816,0.0,0.0,0.0,0.6666666865348816,0.0,0.0,0.0,0.0,0.0,0.0,,,,,,,
0.04850662499666214,mappo,0.001527384389191866,-1.1189308166503906,0.0006488829609869956,1170.0,,,,,,,,,,,,,,0.0,,,,,0.012813534587621689,0.0
,mappo,,,,1170.0,0.0,0.0,0.0,0.0,0.0,0.0,0.0,0.0,0.0,0.0,0.0,0.0,0.0,,,,,,,
0.02549012005329132,mappo,0.0007941286894492805,-0.4308324158191681,0.0006485828609536512,1171.0,,,,,,,,,,,,,,0.0,,,,,0.010415715165436268,0.013333333656191826
,mappo,,,,1171.0,0.0,0.0,0.6666666865348816,0.0,0.0,0.0,0.6666666865348816,0.0,0.0,0.0,0.0,0.0,0.0,,,,,,,
0.0008326800889335573,mappo,0.0007933215238153934,-1.13034188747406,0.0006482827609203068,1172.0,,,,,,,,,,,,,,0.0,,,,,0.012749608606100082,0.0
,mappo,,,,1172.0,0.0,0.0,0.0,0.0,0.0,0.0,0.0,0.0,0.0,0.0,0.0,0.0,0.0,,,,,,,
0.0034540249034762383,mappo,0.00199606129899621,-0.4316977858543396,0.0006479826608869624,1173.0,,,,,,,,,,,,,,0.0,,,,,0.010271881707012653,0.013333333656191826
,mappo,,,,1173.0,0.0,0.0,0.6666666865348816,0.0,0.0,0.0,0.6666666865348816,0.0,0.0,0.0,0.0,0.0,0.0,,,,,,,
0.041436731815338135,mappo,0.001535814139060676,-0.4450054466724396,0.0006476825608536179,1174.0,,,,,,,,,,,,,,0.0,,,,,0.010732517577707767,0.013333333656191826
,mappo,,,,1174.0,0.0,0.0,0.6666666865348816,0.0,0.0,0.0,0.6666666865348816,0.0,0.0,0.0,0.0,0.0,0.0,,,,,,,
0.018483296036720276,mappo,0.0006007293122820556,-0.445186048746109,0.0006473824608202734,1175.0,,,,,,,,,,,,,,0.0,,,,,0.010717671364545822,0.013333333656191826
,mappo,,,,1175.0,0.0,0.0,0.6666666865348816,0.0,0.0,0.0,0.6666666865348816,0.0,0.0,0.0,0.0,0.0,0.0,,,,,,,
0.0016622194088995457,mappo,0.00012977748701814562,-0.4215284585952759,0.000647082360786929,1176.0,,,,,,,,,,,,,,0.0,,,,,0.01031915657222271,0.013333333656191826
,mappo,,,,1176.0,0.0,0.0,0.6666666865348816,0.0,0.0,0.0,0.6666666865348816,0.0,0.0,0.0,0.0,0.0,0.0,,,,,,,
0.176107257604599,mappo,0.0001054223466780968,-0.44365498423576355,0.0006467822607535846,1177.0,,,,,,,,,,,,,,0.0,,,,,0.010391339659690857,0.013333333656191826
,mappo,,,,1177.0,0.0,0.0,0.6666666865348816,0.0,0.0,0.0,0.6666666865348816,0.0,0.0,0.0,0.0,0.0,0.0,,,,,,,
0.04254842549562454,mappo,0.00012160141341155395,-0.44630610942840576,0.0006464821607202402,1178.0,,,,,,,,,,,,,,0.0,,,,,0.010413669049739838,0.013333333656191826
,mappo,,,,1178.0,0.0,0.0,0.6666666865348816,0.0,0.0,0.0,0.6666666865348816,0.0,0.0,0.0,0.0,0.0,0.0,,,,,,,
0.04021686688065529,mappo,0.00012000594142591581,-0.4681146740913391,0.0006461820606868956,1179.0,,,,,,,,,,,,,,0.0,,,,,0.010555770248174667,0.013333333656191826
,mappo,,,,1179.0,0.0,0.0,0.6666666865348816,0.0,0.0,0.0,0.6666666865348816,0.0,0.0,0.0,0.0,0.0,0.0,,,,,,,
0.014730961993336678,mappo,8.361043728655204e-05,-0.39900436997413635,0.0006458819606535512,1180.0,,,,,,,,,,,,,,0.0,,,,,0.010097004473209381,0.013333333656191826
,mappo,,,,1180.0,0.0,0.0,0.6666666865348816,0.0,0.0,0.0,0.6666666865348816,0.0,0.0,0.0,0.0,0.0,0.0,,,,,,,
-0.005424979608505964,mappo,2.4103424948407337e-05,-0.4898822605609894,0.0006455818606202067,1181.0,,,,,,,,,,,,,,0.0,,,,,0.010714594274759293,0.013333333656191826
,mappo,,,,1181.0,0.0,0.0,0.6666666865348816,0.0,0.0,0.0,0.6666666865348816,0.0,0.0,0.0,0.0,0.0,0.0,,,,,,,
0.002838889369741082,mappo,6.261611270019785e-05,-0.490626722574234,0.0006452817605868623,1182.0,,,,,,,,,,,,,,0.0,,,,,0.010397308506071568,0.013333333656191826
,mappo,,,,1182.0,0.0,0.0,0.6666666865348816,0.0,0.0,0.0,0.6666666865348816,0.0,0.0,0.0,0.0,0.0,0.0,,,,,,,
0.003702636808156967,mappo,4.8966707254294306e-05,-0.4325583279132843,0.0006449816605535179,1183.0,,,,,,,,,,,,,,0.0,,,,,0.010530776344239712,0.013333333656191826
,mappo,,,,1183.0,0.0,0.0,0.6666666865348816,0.0,0.0,0.0,0.6666666865348816,0.0,0.0,0.0,0.0,0.0,0.0,,,,,,,
0.018614880740642548,mappo,4.9278984079137444e-05,-0.5409308075904846,0.0006446815605201735,1184.0,,,,,,,,,,,,,,0.0,,,,,0.010586045682430267,0.013333333656191826
,mappo,,,,1184.0,0.0,0.0,0.6666666865348816,0.0,0.0,0.0,0.6666666865348816,0.0,0.0,0.0,0.0,0.0,0.0,,,,,,,
-0.00846679788082838,mappo,2.1037110855104402e-05,-0.45355045795440674,0.000644381460486829,1185.0,,,,,,,,,,,,,,0.0,,,,,0.010473647154867649,0.013333333656191826
,mappo,,,,1185.0,0.0,0.0,0.6666666865348816,0.0,0.0,0.0,0.6666666865348816,0.0,0.0,0.0,0.0,0.0,0.0,,,,,,,
0.026704251766204834,mappo,0.0007775391568429768,-1.2874419689178467,0.0006440813604534845,1186.0,,,,,,,,,,,,,,0.0,,,,,0.013150902464985847,0.0
,mappo,,,,1186.0,0.0,0.0,0.0,0.0,0.0,0.0,0.0,0.0,0.0,0.0,0.0,0.0,0.0,,,,,,,
0.0054430305026471615,mappo,0.0004302106681279838,-0.6520540714263916,0.00064378126042014,1187.0,,,,,,,,,,,,,,0.0,,,,,0.010946454480290413,0.006666666828095913
,mappo,,,,1187.0,0.0,0.0,0.3333333432674408,0.0,0.0,0.0,0.3333333432674408,0.0,0.0,0.0,0.0,0.0,0.0,,,,,,,
0.03628184273838997,mappo,0.0002385469852015376,-0.537911057472229,0.0006434811603867956,1188.0,,,,,,,,,,,,,,0.0,,,,,0.010453437454998493,0.013333333656191826
,mappo,,,,1188.0,0.0,0.0,0.6666666865348816,0.0,0.0,0.0,0.6666666865348816,0.0,0.0,0.0,0.0,0.0,0.0,,,,,,,
0.13929973542690277,mappo,0.00013346842024475336,-0.540067732334137,0.0006431810603534512,1189.0,,,,,,,,,,,,,,0.0,,,,,0.01035602018237114,0.013333333656191826
,mappo,,,,1189.0,0.0,0.0,0.6666666865348816,0.0,0.0,0.0,0.6666666865348816,0.0,0.0,0.0,0.0,0.0,0.0,,,,,,,
-0.010114360600709915,mappo,5.5561784392921254e-05,-0.6828628778457642,0.0006428809603201067,1190.0,,,,,,,,,,,,,,0.0,,,,,0.011035381816327572,0.006666666828095913
,mappo,,,,1190.0,0.0,0.0,0.3333333432674408,0.0,0.0,0.0,0.3333333432674408,0.0,0.0,0.0,0.0,0.0,0.0,,,,,,,
0.020268721505999565,mappo,3.14264434564393e-05,-0.5051892399787903,0.0006425808602867623,1191.0,,,,,,,,,,,,,,0.0,,,,,0.010742966085672379,0.013333333656191826
,mappo,,,,1191.0,0.0,0.0,0.6666666865348816,0.0,0.0,0.0,0.6666666865348816,0.0,0.0,0.0,0.0,0.0,0.0,,,,,,,
0.11046502739191055,mappo,7.563845429103822e-05,-0.571721613407135,0.0006422807602534178,1192.0,,,,,,,,,,,,,,0.0,,,,,0.010692041367292404,0.013333333656191826
,mappo,,,,1192.0,0.0,0.0,0.6666666865348816,0.0,0.0,0.0,0.6666666865348816,0.0,0.0,0.0,0.0,0.0,0.0,,,,,,,
0.020269043743610382,mappo,3.186514732078649e-05,-0.6743922233581543,0.0006419806602200734,1193.0,,,,,,,,,,,,,,0.0,,,,,0.010716639459133148,0.006666666828095913
,mappo,,,,1193.0,0.0,0.0,0.3333333432674408,0.0,0.0,0.0,0.3333333432674408,0.0,0.0,0.0,0.0,0.0,0.0,,,,,,,
-0.0034273723140358925,mappo,1.213520226883702e-05,-0.6688205003738403,0.000641680560186729,1194.0,,,,,,,,,,,,,,0.0,,,,,0.010542673990130424,0.006666666828095913
,mappo,,,,1194.0,0.0,0.0,0.3333333432674408,0.0,0.0,0.0,0.3333333432674408,0.0,0.0,0.0,0.0,0.0,0.0,,,,,,,
0.0023676378186792135,mappo,6.261480302782729e-05,-0.6785235404968262,0.0006413804601533846,1195.0,,,,,,,,,,,,,,0.0,,,,,0.010749706998467445,0.013333333656191826
,mappo,,,,1195.0,0.0,0.0,0.6666666865348816,0.0,0.0,0.0,0.6666666865348816,0.0,0.0,0.0,0.0,0.0,0.0,,,,,,,
0.12014130502939224,mappo,5.443677946459502e-05,-0.7055553793907166,0.00064108036012004,1196.0,,,,,,,,,,,,,,0.0,,,,,0.011070039123296738,0.006666666828095913
,mappo,,,,1196.0,0.0,0.0,0.3333333432674408,0.0,0.0,0.0,0.3333333432674408,0.0,0.0,0.0,0.0,0.0,0.0,,,,,,,
0.01869390718638897,mappo,2.1756144633400254e-05,-0.6783514618873596,0.0006407802600866955,1197.0,,,,,,,,,,,,,,0.0,,,,,0.010674193501472473,0.006666666828095913
,mappo,,,,1197.0,0.0,0.0,0.3333333432674408,0.0,0.0,0.0,0.3333333432674408,0.0,0.0,0.0,0.0,0.0,0.0,,,,,,,
0.010798724368214607,mappo,2.6637928385753185e-05,-0.731745183467865,0.0006404801600533511,1198.0,,,,,,,,,,,,,,0.0,,,,,0.011158918030560017,0.006666666828095913
,mappo,,,,1198.0,0.0,0.0,0.3333333432674408,0.0,0.0,0.0,0.3333333432674408,0.0,0.0,0.0,0.0,0.0,0.0,,,,,,,
0.0034946950618177652,mappo,2.110598870785907e-05,-0.6055495142936707,0.0006401800600200067,1199.0,,,,,,,,,,,,,,0.0,,,,,0.010703659616410732,0.013333333656191826
,mappo,,,,1199.0,0.0,0.0,0.6666666865348816,0.0,0.0,0.0,0.6666666865348816,0.0,0.0,0.0,0.0,0.0,0.0,,,,,,,
,mappo,,,,1199.0,,,,,,,,,,,,,,,0.0,0.0,0.0,0.0,,
0.008769911713898182,mappo,2.3524591597379185e-05,-0.7269005179405212,0.0006398799599866623,1200.0,,,,,,,,,,,,,,0.0,,,,,0.010728633031249046,0.006666666828095913
,mappo,,,,1200.0,0.0,0.0,0.3333333432674408,0.0,0.0,0.0,0.3333333432674408,0.0,0.0,0.0,0.0,0.0,0.0,,,,,,,
-0.0044739097356796265,mappo,2.7565229174797423e-05,-0.7758822441101074,0.0006395798599533178,1201.0,,,,,,,,,,,,,,0.0,,,,,0.010935751721262932,0.006666666828095913
,mappo,,,,1201.0,0.0,0.0,0.3333333432674408,0.0,0.0,0.0,0.3333333432674408,0.0,0.0,0.0,0.0,0.0,0.0,,,,,,,
0.016393478959798813,mappo,6.127679080236703e-05,-0.7981421947479248,0.0006392797599199733,1202.0,,,,,,,,,,,,,,0.0,,,,,0.011140614748001099,0.006666666828095913
,mappo,,,,1202.0,0.0,0.0,0.3333333432674408,0.0,0.0,0.0,0.3333333432674408,0.0,0.0,0.0,0.0,0.0,0.0,,,,,,,
0.31157881021499634,mappo,0.0006122107151895761,-1.4222792387008667,0.0006389796598866289,1203.0,,,,,,,,,,,,,,0.0,,,,,0.013449170626699924,0.0
,mappo,,,,1203.0,0.0,0.0,0.0,0.0,0.0,0.0,0.0,0.0,0.0,0.0,0.0,0.0,0.0,,,,,,,
0.07923869043588638,mappo,0.00016517034964635968,-0.766510546207428,0.0006386795598532845,1204.0,,,,,,,,,,,,,,0.0,,,,,0.011012522503733635,0.006666666828095913
,mappo,,,,1204.0,0.0,0.0,0.3333333432674408,0.0,0.0,0.0,0.3333333432674408,0.0,0.0,0.0,0.0,0.0,0.0,,,,,,,
0.05130349099636078,mappo,0.000301923108054325,-1.3653799295425415,0.00063837945981994,1205.0,,,,,,,,,,,,,,0.0,,,,,0.013537569902837276,0.0
,mappo,,,,1205.0,0.0,0.0,0.0,0.0,0.0,0.0,0.0,0.0,0.0,0.0,0.0,0.0,0.0,,,,,,,
0.022249052301049232,mappo,0.0004957661731168628,-0.717542827129364,0.0006380793597865956,1206.0,,,,,,,,,,,,,,0.0,,,,,0.010764550417661667,0.006666666828095913
,mappo,,,,1206.0,0.0,0.0,0.3333333432674408,0.0,0.0,0.0,0.3333333432674408,0.0,0.0,0.0,0.0,0.0,0.0,,,,,,,
0.1034696027636528,mappo,0.0004243995645083487,-1.3864550590515137,0.0006377792597532511,1207.0,,,,,,,,,,,,,,0.0,,,,,0.013351304456591606,0.0
,mappo,,,,1207.0,0.0,0.0,0.0,0.0,0.0,0.0,0.0,0.0,0.0,0.0,0.0,0.0,0.0,,,,,,,
0.0559534914791584,mappo,0.0003656288608908653,-0.6567711234092712,0.0006374791597199066,1208.0,,,,,,,,,,,,,,0.0,,,,,0.010617026127874851,0.013333333656191826
,mappo,,,,1208.0,0.0,0.0,0.6666666865348816,0.0,0.0,0.0,0.6666666865348816,0.0,0.0,0.0,0.0,0.0,0.0,,,,,,,
0.02097444050014019,mappo,0.0002872117329388857,-0.7988826632499695,0.0006371790596865622,1209.0,,,,,,,,,,,,,,0.0,,,,,0.011066850274801254,0.006666666828095913
,mappo,,,,1209.0,0.0,0.0,0.3333333432674408,0.0,0.0,0.0,0.3333333432674408,0.0,0.0,0.0,0.0,0.0,0.0,,,,,,,
0.008816204965114594,mappo,0.00012104219786124304,-0.790833055973053,0.0006368789596532178,1210.0,,,,,,,,,,,,,,0.0,,,,,0.010631445795297623,0.006666666828095913
,mappo,,,,1210.0,0.0,0.0,0.3333333432674408,0.0,0.0,0.0,0.3333333432674408,0.0,0.0,0.0,0.0,0.0,0.0,,,,,,,
0.003529580542817712,mappo,0.00015059397264849395,-0.8089674711227417,0.0006365788596198734,1211.0,,,,,,,,,,,,,,0.0,,,,,0.010978955775499344,0.006666666828095913
,mappo,,,,1211.0,0.0,0.0,0.3333333432674408,0.0,0.0,0.0,0.3333333432674408,0.0,0.0,0.0,0.0,0.0,0.0,,,,,,,
0.00875234603881836,mappo,0.00025505266967229545,-0.5967718958854675,0.0006362787595865289,1212.0,,,,,,,,,,,,,,0.0,,,,,0.010367117822170258,0.013333333656191826
,mappo,,,,1212.0,0.0,0.0,0.6666666865348816,0.0,0.0,0.0,0.6666666865348816,0.0,0.0,0.0,0.0,0.0,0.0,,,,,,,
0.007650998421013355,mappo,5.448847514344379e-05,-0.770307719707489,0.0006359786595531844,1213.0,,,,,,,,,,,,,,0.0,,,,,0.010764730162918568,0.006666666828095913
,mappo,,,,1213.0,0.0,0.0,0.3333333432674408,0.0,0.0,0.0,0.3333333432674408,0.0,0.0,0.0,0.0,0.0,0.0,,,,,,,
0.010184934362769127,mappo,5.713056816603057e-05,-0.7000608444213867,0.00063567855951984,1214.0,,,,,,,,,,,,,,0.0,,,,,0.010446611791849136,0.006666666828095913
,mappo,,,,1214.0,0.0,0.0,0.3333333432674408,0.0,0.0,0.0,0.3333333432674408,0.0,0.0,0.0,0.0,0.0,0.0,,,,,,,
0.16332826018333435,mappo,6.912607204867527e-05,-0.6934549808502197,0.0006353784594864955,1215.0,,,,,,,,,,,,,,0.0,,,,,0.010552486404776573,0.006666666828095913
,mappo,,,,1215.0,0.0,0.0,0.3333333432674408,0.0,0.0,0.0,0.3333333432674408,0.0,0.0,0.0,0.0,0.0,0.0,,,,,,,
0.0035218517296016216,mappo,5.991759826429188e-05,-0.7218785881996155,0.0006350783594531511,1216.0,,,,,,,,,,,,,,0.0,,,,,0.010950358584523201,0.006666666828095913
,mappo,,,,1216.0,0.0,0.0,0.3333333432674408,0.0,0.0,0.0,0.3333333432674408,0.0,0.0,0.0,0.0,0.0,0.0,,,,,,,
0.07985180616378784,mappo,3.895386907970533e-05,-0.7600916028022766,0.0006347782594198066,1217.0,,,,,,,,,,,,,,0.0,,,,,0.01071188785135746,0.006666666828095913
,mappo,,,,1217.0,0.0,0.0,0.3333333432674408,0.0,0.0,0.0,0.3333333432674408,0.0,0.0,0.0,0.0,0.0,0.0,,,,,,,
0.01989355869591236,mappo,1.0406813089502975e-05,-0.5876166820526123,0.0006344781593864622,1218.0,,,,,,,,,,,,,,0.0,,,,,0.010503171943128109,0.013333333656191826
,mappo,,,,1218.0,0.0,0.0,0.6666666865348816,0.0,0.0,0.0,0.6666666865348816,0.0,0.0,0.0,0.0,0.0,0.0,,,,,,,
0.008505566976964474,mappo,3.182008731528185e-05,-0.6096130609512329,0.0006341780593531177,1219.0,,,,,,,,,,,,,,0.0,,,,,0.010559024289250374,0.013333333656191826
,mappo,,,,1219.0,0.0,0.0,0.6666666865348816,0.0,0.0,0.0,0.6666666865348816,0.0,0.0,0.0,0.0,0.0,0.0,,,,,,,
0.02724844217300415,mappo,5.671558392350562e-05,-0.7665248513221741,0.0006338779593197733,1220.0,,,,,,,,,,,,,,0.0,,,,,0.010704707354307175,0.006666666828095913
,mappo,,,,1220.0,0.0,0.0,0.3333333432674408,0.0,0.0,0.0,0.3333333432674408,0.0,0.0,0.0,0.0,0.0,0.0,,,,,,,
0.10351687669754028,mappo,0.0009946051286533475,-1.4457671642303467,0.0006335778592864289,1221.0,,,,,,,,,,,,,,0.0,,,,,0.013841585256159306,0.0
,mappo,,,,1221.0,0.0,0.0,0.0,0.0,0.0,0.0,0.0,0.0,0.0,0.0,0.0,0.0,0.0,,,,,,,
0.013802576810121536,mappo,0.0005442796973511577,-1.4387907981872559,0.0006332777592530845,1222.0,,,,,,,,,,,,,,0.0,,,,,0.013743015937507153,0.0
,mappo,,,,1222.0,0.0,0.0,0.0,0.0,0.0,0.0,0.0,0.0,0.0,0.0,0.0,0.0,0.0,,,,,,,
0.02756253257393837,mappo,0.0003579686162993312,-0.7723550200462341,0.00063297765921974,1223.0,,,,,,,,,,,,,,0.0,,,,,0.01064632460474968,0.006666666828095913
,mappo,,,,1223.0,0.0,0.0,0.3333333432674408,0.0,0.0,0.0,0.3333333432674408,0.0,0.0,0.0,0.0,0.0,0.0,,,,,,,
0.04170583561062813,mappo,0.0002740036288741976,-0.7817567586898804,0.0006326775591863954,1224.0,,,,,,,,,,,,,,0.0,,,,,0.01079556904733181,0.006666666828095913
,mappo,,,,1224.0,0.0,0.0,0.3333333432674408,0.0,0.0,0.0,0.3333333432674408,0.0,0.0,0.0,0.0,0.0,0.0,,,,,,,
0.2022394984960556,mappo,0.00010099558130605146,-0.7900562286376953,0.000632377459153051,1225.0,,,,,,,,,,,,,,0.0,,,,,0.010703537613153458,0.006666666828095913
,mappo,,,,1225.0,0.0,0.0,0.3333333432674408,0.0,0.0,0.0,0.3333333432674408,0.0,0.0,0.0,0.0,0.0,0.0,,,,,,,
0.07449084520339966,mappo,0.0004817142034880817,-1.4355981349945068,0.0006320773591197066,1226.0,,,,,,,,,,,,,,0.0,,,,,0.013885517604649067,0.0
,mappo,,,,1226.0,0.0,0.0,0.0,0.0,0.0,0.0,0.0,0.0,0.0,0.0,0.0,0.0,0.0,,,,,,,
0.07687894254922867,mappo,5.097155008115806e-05,-0.7500703930854797,0.0006317772590863622,1227.0,,,,,,,,,,,,,,0.0,,,,,0.01077189575880766,0.006666666828095913
,mappo,,,,1227.0,0.0,0.0,0.3333333432674408,0.0,0.0,0.0,0.3333333432674408,0.0,0.0,0.0,0.0,0.0,0.0,,,,,,,
0.11113688349723816,mappo,5.9685102314688265e-05,-0.797878086566925,0.0006314771590530177,1228.0,,,,,,,,,,,,,,0.0,,,,,0.010874040424823761,0.006666666828095913
,mappo,,,,1228.0,0.0,0.0,0.3333333432674408,0.0,0.0,0.0,0.3333333432674408,0.0,0.0,0.0,0.0,0.0,0.0,,,,,,,
0.04662885144352913,mappo,0.00011967404861934483,-0.6076772809028625,0.0006311770590196733,1229.0,,,,,,,,,,,,,,0.0,,,,,0.0104864202439785,0.013333333656191826
,mappo,,,,1229.0,0.0,0.0,0.6666666865348816,0.0,0.0,0.0,0.6666666865348816,0.0,0.0,0.0,0.0,0.0,0.0,,,,,,,
0.10079605877399445,mappo,5.663344927597791e-05,-0.8058179616928101,0.0006308769589863288,1230.0,,,,,,,,,,,,,,0.0,,,,,0.011026754975318909,0.006666666828095913
,mappo,,,,1230.0,0.0,0.0,0.3333333432674408,0.0,0.0,0.0,0.3333333432674408,0.0,0.0,0.0,0.0,0.0,0.0,,,,,,,
0.005767607595771551,mappo,0.0002092042559524998,-1.41614830493927,0.0006305768589529844,1231.0,,,,,,,,,,,,,,0.0,,,,,0.013698717579245567,0.0
,mappo,,,,1231.0,0.0,0.0,0.0,0.0,0.0,0.0,0.0,0.0,0.0,0.0,0.0,0.0,0.0,,,,,,,
0.026641471311450005,mappo,0.0001914655731525272,-0.5837484002113342,0.00063027675891964,1232.0,,,,,,,,,,,,,,0.0,,,,,0.010506350547075272,0.013333333656191826
,mappo,,,,1232.0,0.0,0.0,0.6666666865348816,0.0,0.0,0.0,0.6666666865348816,0.0,0.0,0.0,0.0,0.0,0.0,,,,,,,
0.010051000863313675,mappo,0.0001342651667073369,-0.7297413945198059,0.0006299766588862955,1233.0,,,,,,,,,,,,,,0.0,,,,,0.010839337483048439,0.006666666828095913
,mappo,,,,1233.0,0.0,0.0,0.3333333432674408,0.0,0.0,0.0,0.3333333432674408,0.0,0.0,0.0,0.0,0.0,0.0,,,,,,,
0.008964359760284424,mappo,0.0001627540186746046,-0.5479592680931091,0.000629676558852951,1234.0,,,,,,,,,,,,,,0.0,,,,,0.010574623942375183,0.013333333656191826
,mappo,,,,1234.0,0.0,0.0,0.6666666865348816,0.0,0.0,0.0,0.6666666865348816,0.0,0.0,0.0,0.0,0.0,0.0,,,,,,,
0.0773179903626442,mappo,0.00010184499114984646,-0.697737455368042,0.0006293764588196065,1235.0,,,,,,,,,,,,,,0.0,,,,,0.010608738288283348,0.006666666828095913
,mappo,,,,1235.0,0.0,0.0,0.3333333432674408,0.0,0.0,0.0,0.3333333432674408,0.0,0.0,0.0,0.0,0.0,0.0,,,,,,,
0.013839427381753922,mappo,4.617086597136222e-05,-0.6663364171981812,0.0006290763587862621,1236.0,,,,,,,,,,,,,,0.0,,,,,0.010663008317351341,0.006666666828095913
,mappo,,,,1236.0,0.0,0.0,0.3333333432674408,0.0,0.0,0.0,0.3333333432674408,0.0,0.0,0.0,0.0,0.0,0.0,,,,,,,
0.0063702198676764965,mappo,4.241007991367951e-05,-0.5107480883598328,0.0006287762587529177,1237.0,,,,,,,,,,,,,,0.0,,,,,0.01073562353849411,0.013333333656191826
,mappo,,,,1237.0,0.0,0.0,0.6666666865348816,0.0,0.0,0.0,0.6666666865348816,0.0,0.0,0.0,0.0,0.0,0.0,,,,,,,
0.06627476215362549,mappo,2.7341808163328096e-05,-0.6952494382858276,0.0006284761587195733,1238.0,,,,,,,,,,,,,,0.0,,,,,0.010955723002552986,0.006666666828095913
,mappo,,,,1238.0,0.0,0.0,0.3333333432674408,0.0,0.0,0.0,0.3333333432674408,0.0,0.0,0.0,0.0,0.0,0.0,,,,,,,
-0.004641409497708082,mappo,1.636926390347071e-05,-0.646270215511322,0.0006281760586862288,1239.0,,,,,,,,,,,,,,0.0,,,,,0.010532896965742111,0.006666666828095913
,mappo,,,,1239.0,0.0,0.0,0.3333333432674408,0.0,0.0,0.0,0.3333333432674408,0.0,0.0,0.0,0.0,0.0,0.0,,,,,,,
-0.009529193863272667,mappo,4.924513996229507e-05,-0.5735927820205688,0.0006278759586528844,1240.0,,,,,,,,,,,,,,0.0,,,,,0.010353989899158478,0.013333333656191826
,mappo,,,,1240.0,0.0,0.0,0.6666666865348816,0.0,0.0,0.0,0.6666666865348816,0.0,0.0,0.0,0.0,0.0,0.0,,,,,,,
0.016830040141940117,mappo,4.4495362089946866e-05,-0.6348041296005249,0.0006275758586195398,1241.0,,,,,,,,,,,,,,0.0,,,,,0.010560651309788227,0.006666666828095913
,mappo,,,,1241.0,0.0,0.0,0.3333333432674408,0.0,0.0,0.0,0.3333333432674408,0.0,0.0,0.0,0.0,0.0,0.0,,,,,,,
0.0012902263551950455,mappo,0.00014689035015180707,-0.5091951489448547,0.0006272757585861954,1242.0,,,,,,,,,,,,,,0.0,,,,,0.010287044569849968,0.013333333656191826
,mappo,,,,1242.0,0.0,0.0,0.6666666865348816,0.0,0.0,0.0,0.6666666865348816,0.0,0.0,0.0,0.0,0.0,0.0,,,,,,,
0.1143769770860672,mappo,0.00045417784713208675,-1.326240062713623,0.000626975658552851,1243.0,,,,,,,,,,,,,,0.0,,,,,0.014365099370479584,0.0
,mappo,,,,1243.0,0.0,0.0,0.0,0.0,0.0,0.0,0.0,0.0,0.0,0.0,0.0,0.0,0.0,,,,,,,
-0.0023562137503176928,mappo,0.0003949073434341699,-0.5024484395980835,0.0006266755585195066,1244.0,,,,,,,,,,,,,,0.0,,,,,0.010330244898796082,0.013333333656191826
,mappo,,,,1244.0,0.0,0.0,0.6666666865348816,0.0,0.0,0.0,0.6666666865348816,0.0,0.0,0.0,0.0,0.0,0.0,,,,,,,
-0.005340450908988714,mappo,0.00045604139450006187,-0.47743353247642517,0.000626375458486162,1245.0,,,,,,,,,,,,,,0.0,,,,,0.010176116600632668,0.013333333656191826
,mappo,,,,1245.0,0.0,0.0,0.6666666865348816,0.0,0.0,0.0,0.6666666865348816,0.0,0.0,0.0,0.0,0.0,0.0,,,,,,,
0.08367639780044556,mappo,0.0003962983610108495,-0.5599295496940613,0.0006260753584528176,1246.0,,,,,,,,,,,,,,0.0,,,,,0.010717442259192467,0.013333333656191826
,mappo,,,,1246.0,0.0,0.0,0.6666666865348816,0.0,0.0,0.0,0.6666666865348816,0.0,0.0,0.0,0.0,0.0,0.0,,,,,,,
-0.0025113627780228853,mappo,0.00036056802491657436,-0.5795311331748962,0.0006257752584194732,1247.0,,,,,,,,,,,,,,0.0,,,,,0.01060841791331768,0.013333333656191826
,mappo,,,,1247.0,0.0,0.0,0.6666666865348816,0.0,0.0,0.0,0.6666666865348816,0.0,0.0,0.0,0.0,0.0,0.0,,,,,,,
-0.0019315991085022688,mappo,0.00032255426049232483,-0.5156747698783875,0.0006254751583861288,1248.0,,,,,,,,,,,,,,0.0,,,,,0.010617882944643497,0.013333333656191826
,mappo,,,,1248.0,0.0,0.0,0.6666666865348816,0.0,0.0,0.0,0.6666666865348816,0.0,0.0,0.0,0.0,0.0,0.0,,,,,,,
0.12717370688915253,mappo,0.00012459584104362875,-0.5910734534263611,0.0006251750583527844,1249.0,,,,,,,,,,,,,,0.0,,,,,0.010580375790596008,0.006666666828095913
,mappo,,,,1249.0,0.0,0.0,0.3333333432674408,0.0,0.0,0.0,0.3333333432674408,0.0,0.0,0.0,0.0,0.0,0.0,,,,,,,
0.0764474868774414,mappo,8.207422797568142e-05,-0.5088256597518921,0.0006248749583194398,1250.0,,,,,,,,,,,,,,0.0,,,,,0.010386526584625244,0.013333333656191826
,mappo,,,,1250.0,0.0,0.0,0.6666666865348816,0.0,0.0,0.0,0.6666666865348816,0.0,0.0,0.0,0.0,0.0,0.0,,,,,,,
0.05812903121113777,mappo,0.00011326887761242688,-0.6981865167617798,0.0006245748582860954,1251.0,,,,,,,,,,,,,,0.0,,,,,0.011150019243359566,0.006666666828095913
,mappo,,,,1251.0,0.0,0.0,0.3333333432674408,0.0,0.0,0.0,0.3333333432674408,0.0,0.0,0.0,0.0,0.0,0.0,,,,,,,
0.01434255950152874,mappo,0.00011818803614005446,-0.5102673768997192,0.0006242747582527509,1252.0,,,,,,,,,,,,,,0.0,,,,,0.010442771017551422,0.013333333656191826
,mappo,,,,1252.0,0.0,0.0,0.6666666865348816,0.0,0.0,0.0,0.6666666865348816,0.0,0.0,0.0,0.0,0.0,0.0,,,,,,,
-0.006914826575666666,mappo,5.082486313767731e-05,-0.5150951147079468,0.0006239746582194065,1253.0,,,,,,,,,,,,,,0.0,,,,,0.010710605420172215,0.013333333656191826
,mappo,,,,1253.0,0.0,0.0,0.6666666865348816,0.0,0.0,0.0,0.6666666865348816,0.0,0.0,0.0,0.0,0.0,0.0,,,,,,,
0.004004652611911297,mappo,4.7176643420243636e-05,-0.48551690578460693,0.0006236745581860621,1254.0,,,,,,,,,,,,,,0.0,,,,,0.010478781536221504,0.013333333656191826
,mappo,,,,1254.0,0.0,0.0,0.6666666865348816,0.0,0.0,0.0,0.6666666865348816,0.0,0.0,0.0,0.0,0.0,0.0,,,,,,,
0.0004193199274595827,mappo,4.156811337452382e-05,-0.48610541224479675,0.0006233744581527177,1255.0,,,,,,,,,,,,,,0.0,,,,,0.010301714763045311,0.013333333656191826
,mappo,,,,1255.0,0.0,0.0,0.6666666865348816,0.0,0.0,0.0,0.6666666865348816,0.0,0.0,0.0,0.0,0.0,0.0,,,,,,,
0.02960248664021492,mappo,1.4635785191785544e-05,-0.5046338438987732,0.0006230743581193731,1256.0,,,,,,,,,,,,,,0.0,,,,,0.010332701727747917,0.013333333656191826
,mappo,,,,1256.0,0.0,0.0,0.6666666865348816,0.0,0.0,0.0,0.6666666865348816,0.0,0.0,0.0,0.0,0.0,0.0,,,,,,,
0.11195176839828491,mappo,0.0006562923081219196,-1.338463306427002,0.0006227742580860287,1257.0,,,,,,,,,,,,,,0.0,,,,,0.013767899945378304,0.0
,mappo,,,,1257.0,0.0,0.0,0.0,0.0,0.0,0.0,0.0,0.0,0.0,0.0,0.0,0.0,0.0,,,,,,,
-0.0016290071653202176,mappo,0.0002782409137580544,-0.5347316265106201,0.0006224741580526843,1258.0,,,,,,,,,,,,,,0.0,,,,,0.010349476709961891,0.013333333656191826
,mappo,,,,1258.0,0.0,0.0,0.6666666865348816,0.0,0.0,0.0,0.6666666865348816,0.0,0.0,0.0,0.0,0.0,0.0,,,,,,,
-0.00496550090610981,mappo,0.00025436506257392466,-0.7276476621627808,0.0006221740580193398,1259.0,,,,,,,,,,,,,,0.0,,,,,0.010997400619089603,0.006666666828095913
,mappo,,,,1259.0,0.0,0.0,0.3333333432674408,0.0,0.0,0.0,0.3333333432674408,0.0,0.0,0.0,0.0,0.0,0.0,,,,,,,
-0.007101821713149548,mappo,5.7913963246392086e-05,-0.7281464338302612,0.0006218739579859953,1260.0,,,,,,,,,,,,,,0.0,,,,,0.01089994516223669,0.006666666828095913
,mappo,,,,1260.0,0.0,0.0,0.3333333432674408,0.0,0.0,0.0,0.3333333432674408,0.0,0.0,0.0,0.0,0.0,0.0,,,,,,,
0.0023918652441352606,mappo,3.10579089273233e-05,-0.7529232501983643,0.0006215738579526509,1261.0,,,,,,,,,,,,,,0.0,,,,,0.010887015610933304,0.006666666828095913
,mappo,,,,1261.0,0.0,0.0,0.3333333432674408,0.0,0.0,0.0,0.3333333432674408,0.0,0.0,0.0,0.0,0.0,0.0,,,,,,,
-0.003942413255572319,mappo,5.185768168303184e-05,-0.6518199443817139,0.0006212737579193064,1262.0,,,,,,,,,,,,,,0.0,,,,,0.010938983410596848,0.013333333656191826
,mappo,,,,1262.0,0.0,0.0,0.6666666865348816,0.0,0.0,0.0,0.6666666865348816,0.0,0.0,0.0,0.0,0.0,0.0,,,,,,,
0.454200804233551,mappo,3.321564508951269e-05,-0.5905716419219971,0.000620973657885962,1263.0,,,,,,,,,,,,,,0.0,,,,,0.010487688705325127,0.013333333656191826
,mappo,,,,1263.0,0.0,0.0,0.6666666865348816,0.0,0.0,0.0,0.6666666865348816,0.0,0.0,0.0,0.0,0.0,0.0,,,,,,,
0.04553254321217537,mappo,1.7915768694365397e-05,-0.7140640020370483,0.0006206735578526176,1264.0,,,,,,,,,,,,,,0.0,,,,,0.010581867769360542,0.006666666828095913
,mappo,,,,1264.0,0.0,0.0,0.3333333432674408,0.0,0.0,0.0,0.3333333432674408,0.0,0.0,0.0,0.0,0.0,0.0,,,,,,,
0.010018793866038322,mappo,4.2586376366671175e-05,-0.621033251285553,0.0006203734578192732,1265.0,,,,,,,,,,,,,,0.0,,,,,0.010322991758584976,0.013333333656191826
,mappo,,,,1265.0,0.0,0.0,0.6666666865348816,0.0,0.0,0.0,0.6666666865348816,0.0,0.0,0.0,0.0,0.0,0.0,,,,,,,
0.018845608457922935,mappo,1.1100358278781641e-05,-0.7846329212188721,0.0006200733577859288,1266.0,,,,,,,,,,,,,,0.0,,,,,0.010911994613707066,0.006666666828095913
,mappo,,,,1266.0,0.0,0.0,0.3333333432674408,0.0,0.0,0.0,0.3333333432674408,0.0,0.0,0.0,0.0,0.0,0.0,,,,,,,
0.0057798284105956554,mappo,8.740139492147136e-06,-0.7723320722579956,0.0006197732577525841,1267.0,,,,,,,,,,,,,,0.0,,,,,0.010862134397029877,0.006666666828095913
,mappo,,,,1267.0,0.0,0.0,0.3333333432674408,0.0,0.0,0.0,0.3333333432674408,0.0,0.0,0.0,0.0,0.0,0.0,,,,,,,
0.01636081375181675,mappo,0.0001434942678315565,-0.611127495765686,0.0006194731577192397,1268.0,,,,,,,,,,,,,,0.0,,,,,0.010537074878811836,0.013333333656191826
,mappo,,,,1268.0,0.0,0.0,0.6666666865348816,0.0,0.0,0.0,0.6666666865348816,0.0,0.0,0.0,0.0,0.0,0.0,,,,,,,
0.06665372848510742,mappo,2.3197315385914408e-05,-0.760503351688385,0.0006191730576858953,1269.0,,,,,,,,,,,,,,0.0,,,,,0.011032802052795887,0.006666666828095913
,mappo,,,,1269.0,0.0,0.0,0.3333333432674408,0.0,0.0,0.0,0.3333333432674408,0.0,0.0,0.0,0.0,0.0,0.0,,,,,,,
-0.006597358267754316,mappo,0.00017203808238264173,-0.5847657322883606,0.0006188729576525509,1270.0,,,,,,,,,,,,,,0.0,,,,,0.010678928345441818,0.013333333656191826
,mappo,,,,1270.0,0.0,0.0,0.6666666865348816,0.0,0.0,0.0,0.6666666865348816,0.0,0.0,0.0,0.0,0.0,0.0,,,,,,,
0.019956085830926895,mappo,0.00013812020188197494,-0.5639658570289612,0.0006185728576192064,1271.0,,,,,,,,,,,,,,0.0,,,,,0.010468541644513607,0.013333333656191826
,mappo,,,,1271.0,0.0,0.0,0.6666666865348816,0.0,0.0,0.0,0.6666666865348816,0.0,0.0,0.0,0.0,0.0,0.0,,,,,,,
0.10242531448602676,mappo,7.376078428933397e-05,-0.7080807089805603,0.000618272757585862,1272.0,,,,,,,,,,,,,,0.0,,,,,0.010710692033171654,0.006666666828095913
,mappo,,,,1272.0,0.0,0.0,0.3333333432674408,0.0,0.0,0.0,0.3333333432674408,0.0,0.0,0.0,0.0,0.0,0.0,,,,,,,
-0.011970125138759613,mappo,6.70666922815144e-05,-0.5529958605766296,0.0006179726575525175,1273.0,,,,,,,,,,,,,,0.0,,,,,0.010322768241167068,0.013333333656191826
,mappo,,,,1273.0,0.0,0.0,0.6666666865348816,0.0,0.0,0.0,0.6666666865348816,0.0,0.0,0.0,0.0,0.0,0.0,,,,,,,
-0.010339745320379734,mappo,2.6621000870363787e-05,-0.6061078906059265,0.0006176725575191731,1274.0,,,,,,,,,,,,,,0.0,,,,,0.010717688128352165,0.013333333656191826
,mappo,,,,1274.0,0.0,0.0,0.6666666865348816,0.0,0.0,0.0,0.6666666865348816,0.0,0.0,0.0,0.0,0.0,0.0,,,,,,,
-0.007761409040540457,mappo,1.3731037142861169e-05,-0.5007576942443848,0.0006173724574858287,1275.0,,,,,,,,,,,,,,0.0,,,,,0.01004472840577364,0.013333333656191826
,mappo,,,,1275.0,0.0,0.0,0.6666666865348816,0.0,0.0,0.0,0.6666666865348816,0.0,0.0,0.0,0.0,0.0,0.0,,,,,,,
0.008231121115386486,mappo,1.1014763913408387e-05,-0.4783496558666229,0.0006170723574524843,1276.0,,,,,,,,,,,,,,0.0,,,,,0.01000294554978609,0.013333333656191826
,mappo,,,,1276.0,0.0,0.0,0.6666666865348816,0.0,0.0,0.0,0.6666666865348816,0.0,0.0,0.0,0.0,0.0,0.0,,,,,,,
0.08700649440288544,mappo,6.687301265628776e-06,-0.5494615435600281,0.0006167722574191397,1277.0,,,,,,,,,,,,,,0.0,,,,,0.010327523574233055,0.013333333656191826
,mappo,,,,1277.0,0.0,0.0,0.6666666865348816,0.0,0.0,0.0,0.6666666865348816,0.0,0.0,0.0,0.0,0.0,0.0,,,,,,,
-0.001002166187390685,mappo,3.432957237237133e-05,-0.5366846323013306,0.0006164721573857952,1278.0,,,,,,,,,,,,,,0.0,,,,,0.010734261013567448,0.013333333656191826
,mappo,,,,1278.0,0.0,0.0,0.6666666865348816,0.0,0.0,0.0,0.6666666865348816,0.0,0.0,0.0,0.0,0.0,0.0,,,,,,,
0.0049652280285954475,mappo,1.462810905650258e-05,-0.5222663283348083,0.0006161720573524508,1279.0,,,,,,,,,,,,,,0.0,,,,,0.010333850048482418,0.013333333656191826
,mappo,,,,1279.0,0.0,0.0,0.6666666865348816,0.0,0.0,0.0,0.6666666865348816,0.0,0.0,0.0,0.0,0.0,0.0,,,,,,,
0.00668006157502532,mappo,1.4235939488571603e-05,-0.5036153197288513,0.0006158719573191064,1280.0,,,,,,,,,,,,,,0.0,,,,,0.010316496714949608,0.013333333656191826
,mappo,,,,1280.0,0.0,0.0,0.6666666865348816,0.0,0.0,0.0,0.6666666865348816,0.0,0.0,0.0,0.0,0.0,0.0,,,,,,,
0.014330345205962658,mappo,1.8028928025159985e-05,-0.457358717918396,0.000615571857285762,1281.0,,,,,,,,,,,,,,0.0,,,,,0.01019354723393917,0.013333333656191826
,mappo,,,,1281.0,0.0,0.0,0.6666666865348816,0.0,0.0,0.0,0.6666666865348816,0.0,0.0,0.0,0.0,0.0,0.0,,,,,,,
0.013398393988609314,mappo,2.1979711164021865e-05,-0.44881898164749146,0.0006152717572524175,1282.0,,,,,,,,,,,,,,0.0,,,,,0.010333729907870293,0.013333333656191826
,mappo,,,,1282.0,0.0,0.0,0.6666666865348816,0.0,0.0,0.0,0.6666666865348816,0.0,0.0,0.0,0.0,0.0,0.0,,,,,,,
0.0018151744734495878,mappo,8.761412573221605e-06,-0.45196884870529175,0.0006149716572190731,1283.0,,,,,,,,,,,,,,0.0,,,,,0.010169091634452343,0.013333333656191826
,mappo,,,,1283.0,0.0,0.0,0.6666666865348816,0.0,0.0,0.0,0.6666666865348816,0.0,0.0,0.0,0.0,0.0,0.0,,,,,,,
-0.012798463925719261,mappo,4.334258392191259e-06,-0.4461124539375305,0.0006146715571857286,1284.0,,,,,,,,,,,,,,0.0,,,,,0.010098885744810104,0.013333333656191826
,mappo,,,,1284.0,0.0,0.0,0.6666666865348816,0.0,0.0,0.0,0.6666666865348816,0.0,0.0,0.0,0.0,0.0,0.0,,,,,,,
0.0051726666279137135,mappo,5.3853727877140045e-05,-0.5259407162666321,0.0006143714571523841,1285.0,,,,,,,,,,,,,,0.0,,,,,0.00994082447141409,0.006666666828095913
,mappo,,,,1285.0,0.0,0.0,0.3333333432674408,0.0,0.0,0.0,0.3333333432674408,0.0,0.0,0.0,0.0,0.0,0.0,,,,,,,
-0.003634925000369549,mappo,1.956271444214508e-05,-0.5298448801040649,0.0006140713571190397,1286.0,,,,,,,,,,,,,,0.0,,,,,0.009958969429135323,0.006666666828095913
,mappo,,,,1286.0,0.0,0.0,0.3333333432674408,0.0,0.0,0.0,0.3333333432674408,0.0,0.0,0.0,0.0,0.0,0.0,,,,,,,
0.09208952635526657,mappo,1.7924534404301085e-05,-0.5505709052085876,0.0006137712570856953,1287.0,,,,,,,,,,,,,,0.0,,,,,0.010304223746061325,0.013333333656191826
,mappo,,,,1287.0,0.0,0.0,0.6666666865348816,0.0,0.0,0.0,0.6666666865348816,0.0,0.0,0.0,0.0,0.0,0.0,,,,,,,
0.02836698107421398,mappo,2.3693288312642835e-05,-0.4921131432056427,0.0006134711570523508,1288.0,,,,,,,,,,,,,,0.0,,,,,0.01010632049292326,0.013333333656191826
,mappo,,,,1288.0,0.0,0.0,0.6666666865348816,0.0,0.0,0.0,0.6666666865348816,0.0,0.0,0.0,0.0,0.0,0.0,,,,,,,
0.020695863291621208,mappo,1.0498191841179505e-05,-0.5204064249992371,0.0006131710570190063,1289.0,,,,,,,,,,,,,,0.0,,,,,0.010217602364718914,0.013333333656191826
,mappo,,,,1289.0,0.0,0.0,0.6666666865348816,0.0,0.0,0.0,0.6666666865348816,0.0,0.0,0.0,0.0,0.0,0.0,,,,,,,
0.014000422321259975,mappo,3.587123501347378e-05,-0.5646044611930847,0.0006128709569856619,1290.0,,,,,,,,,,,,,,0.0,,,,,0.010236893780529499,0.013333333656191826
,mappo,,,,1290.0,0.0,0.0,0.6666666865348816,0.0,0.0,0.0,0.6666666865348816,0.0,0.0,0.0,0.0,0.0,0.0,,,,,,,
0.00028497958555817604,mappo,1.4316373381006997e-05,-0.5393971800804138,0.0006125708569523175,1291.0,,,,,,,,,,,,,,0.0,,,,,0.010341433808207512,0.013333333656191826
,mappo,,,,1291.0,0.0,0.0,0.6666666865348816,0.0,0.0,0.0,0.6666666865348816,0.0,0.0,0.0,0.0,0.0,0.0,,,,,,,
0.05524994805455208,mappo,6.194744855747558e-06,-0.5645668506622314,0.0006122707569189731,1292.0,,,,,,,,,,,,,,0.0,,,,,0.010252843610942364,0.013333333656191826
,mappo,,,,1292.0,0.0,0.0,0.6666666865348816,0.0,0.0,0.0,0.6666666865348816,0.0,0.0,0.0,0.0,0.0,0.0,,,,,,,
0.0891098603606224,mappo,4.344063654571073e-06,-0.5934615135192871,0.0006119706568856286,1293.0,,,,,,,,,,,,,,0.0,,,,,0.010386953130364418,0.013333333656191826
,mappo,,,,1293.0,0.0,0.0,0.6666666865348816,0.0,0.0,0.0,0.6666666865348816,0.0,0.0,0.0,0.0,0.0,0.0,,,,,,,
-0.0017262054607272148,mappo,1.0263031981594395e-05,-0.6490489840507507,0.0006116705568522841,1294.0,,,,,,,,,,,,,,0.0,,,,,0.010476702824234962,0.013333333656191826
,mappo,,,,1294.0,0.0,0.0,0.6666666865348816,0.0,0.0,0.0,0.6666666865348816,0.0,0.0,0.0,0.0,0.0,0.0,,,,,,,
0.008079025894403458,mappo,1.1402507880120538e-05,-0.6418542265892029,0.0006113704568189396,1295.0,,,,,,,,,,,,,,0.0,,,,,0.010219056159257889,0.013333333656191826
,mappo,,,,1295.0,0.0,0.0,0.6666666865348816,0.0,0.0,0.0,0.6666666865348816,0.0,0.0,0.0,0.0,0.0,0.0,,,,,,,
0.02137245051562786,mappo,1.1671073480101768e-05,-0.7032068371772766,0.0006110703567855952,1296.0,,,,,,,,,,,,,,0.0,,,,,0.010365668684244156,0.013333333656191826
,mappo,,,,1296.0,0.0,0.0,0.6666666865348816,0.0,0.0,0.0,0.6666666865348816,0.0,0.0,0.0,0.0,0.0,0.0,,,,,,,
-0.008077802136540413,mappo,8.751081622904167e-06,-0.722783088684082,0.0006107702567522508,1297.0,,,,,,,,,,,,,,0.0,,,,,0.010626733303070068,0.013333333656191826
,mappo,,,,1297.0,0.0,0.0,0.6666666865348816,0.0,0.0,0.0,0.6666666865348816,0.0,0.0,0.0,0.0,0.0,0.0,,,,,,,
0.02627737447619438,mappo,3.045080666197464e-05,-0.7838766574859619,0.0006104701567189064,1298.0,,,,,,,,,,,,,,0.0,,,,,0.01043581124395132,0.013333333656191826
,mappo,,,,1298.0,0.0,0.0,0.6666666865348816,0.0,0.0,0.0,0.6666666865348816,0.0,0.0,0.0,0.0,0.0,0.0,,,,,,,
-0.012684332206845284,mappo,1.907953992486e-05,-0.7509812712669373,0.0006101700566855619,1299.0,,,,,,,,,,,,,,0.0,,,,,0.010222917422652245,0.013333333656191826
,mappo,,,,1299.0,0.0,0.0,0.6666666865348816,0.0,0.0,0.0,0.6666666865348816,0.0,0.0,0.0,0.0,0.0,0.0,,,,,,,
,mappo,,,,1299.0,,,,,,,,,,,,,,,0.0,0.0,0.0,0.0,,
0.035807833075523376,mappo,1.5557481674477458e-05,-0.7786793112754822,0.0006098699566522174,1300.0,,,,,,,,,,,,,,0.0,,,,,0.010637479834258556,0.013333333656191826
,mappo,,,,1300.0,0.0,0.0,0.6666666865348816,0.0,0.0,0.0,0.6666666865348816,0.0,0.0,0.0,0.0,0.0,0.0,,,,,,,
0.03279660642147064,mappo,1.6296335161314346e-05,-0.8656553030014038,0.000609569856618873,1301.0,,,,,,,,,,,,,,0.0,,,,,0.010906172916293144,0.013333333656191826
,mappo,,,,1301.0,0.0,0.0,0.6666666865348816,0.0,0.0,0.0,0.6666666865348816,0.0,0.0,0.0,0.0,0.0,0.0,,,,,,,
0.07512938976287842,mappo,9.440115718462039e-06,-0.7924073338508606,0.0006092697565855286,1302.0,,,,,,,,,,,,,,0.0,,,,,0.01036950945854187,0.013333333656191826
,mappo,,,,1302.0,0.0,0.0,0.6666666865348816,0.0,0.0,0.0,0.6666666865348816,0.0,0.0,0.0,0.0,0.0,0.0,,,,,,,
0.13542813062667847,mappo,1.0974643373629078e-05,-0.9611322283744812,0.0006089696565521842,1303.0,,,,,,,,,,,,,,0.0,,,,,0.010876629501581192,0.006666666828095913
,mappo,,,,1303.0,0.0,0.0,0.3333333432674408,0.0,0.0,0.0,0.3333333432674408,0.0,0.0,0.0,0.0,0.0,0.0,,,,,,,
0.016019655391573906,mappo,2.156802838726435e-05,-0.8536177277565002,0.0006086695565188396,1304.0,,,,,,,,,,,,,,0.0,,,,,0.01068478636443615,0.013333333656191826
,mappo,,,,1304.0,0.0,0.0,0.6666666865348816,0.0,0.0,0.0,0.6666666865348816,0.0,0.0,0.0,0.0,0.0,0.0,,,,,,,
0.022602461278438568,mappo,2.455743742757477e-05,-0.7857898473739624,0.0006083694564854951,1305.0,,,,,,,,,,,,,,0.0,,,,,0.010784544050693512,0.013333333656191826
,mappo,,,,1305.0,0.0,0.0,0.6666666865348816,0.0,0.0,0.0,0.6666666865348816,0.0,0.0,0.0,0.0,0.0,0.0,,,,,,,
0.3853980004787445,mappo,0.0007123089744709432,-1.6332324743270874,0.0006080693564521507,1306.0,,,,,,,,,,,,,,0.0,,,,,0.013780488632619381,0.0
,mappo,,,,1306.0,0.0,0.0,0.0,0.0,0.0,0.0,0.0,0.0,0.0,0.0,0.0,0.0,0.0,,,,,,,
0.06763399392366409,mappo,0.0003257632488384843,-1.6147133111953735,0.0006077692564188063,1307.0,,,,,,,,,,,,,,0.0,,,,,0.013652948662638664,0.0
,mappo,,,,1307.0,0.0,0.0,0.0,0.0,0.0,0.0,0.0,0.0,0.0,0.0,0.0,0.0,0.0,,,,,,,
0.02233942225575447,mappo,0.0006472148816101253,-0.8111244440078735,0.0006074691563854619,1308.0,,,,,,,,,,,,,,0.0,,,,,0.0110765490680933,0.013333333656191826
,mappo,,,,1308.0,0.0,0.0,0.6666666865348816,0.0,0.0,0.0,0.6666666865348816,0.0,0.0,0.0,0.0,0.0,0.0,,,,,,,
0.03648962825536728,mappo,0.0003962273185607046,-0.7106305956840515,0.0006071690563521174,1309.0,,,,,,,,,,,,,,0.0,,,,,0.010807953774929047,0.013333333656191826
,mappo,,,,1309.0,0.0,0.0,0.6666666865348816,0.0,0.0,0.0,0.6666666865348816,0.0,0.0,0.0,0.0,0.0,0.0,,,,,,,
0.025183700025081635,mappo,0.00012368937314022332,-0.9356623291969299,0.000606868956318773,1310.0,,,,,,,,,,,,,,0.0,,,,,0.01103755459189415,0.006666666828095913
,mappo,,,,1310.0,0.0,0.0,0.3333333432674408,0.0,0.0,0.0,0.3333333432674408,0.0,0.0,0.0,0.0,0.0,0.0,,,,,,,
0.1141357347369194,mappo,3.886965714627877e-05,-0.7110648155212402,0.0006065688562854285,1311.0,,,,,,,,,,,,,,0.0,,,,,0.010644637979567051,0.013333333656191826
,mappo,,,,1311.0,0.0,0.0,0.6666666865348816,0.0,0.0,0.0,0.6666666865348816,0.0,0.0,0.0,0.0,0.0,0.0,,,,,,,
0.08417700231075287,mappo,9.885038889478892e-05,-0.8457902073860168,0.000606268756252084,1312.0,,,,,,,,,,,,,,0.0,,,,,0.010601798072457314,0.006666666828095913
,mappo,,,,1312.0,0.0,0.0,0.3333333432674408,0.0,0.0,0.0,0.3333333432674408,0.0,0.0,0.0,0.0,0.0,0.0,,,,,,,
0.004905738402158022,mappo,7.8020260843914e-05,-0.9194995164871216,0.0006059686562187396,1313.0,,,,,,,,,,,,,,0.0,,,,,0.011127060279250145,0.006666666828095913
,mappo,,,,1313.0,0.0,0.0,0.3333333432674408,0.0,0.0,0.0,0.3333333432674408,0.0,0.0,0.0,0.0,0.0,0.0,,,,,,,
0.0775073915719986,mappo,8.479328243993223e-05,-0.6487147808074951,0.0006056685561853952,1314.0,,,,,,,,,,,,,,0.0,,,,,0.01026722602546215,0.013333333656191826
,mappo,,,,1314.0,0.0,0.0,0.6666666865348816,0.0,0.0,0.0,0.6666666865348816,0.0,0.0,0.0,0.0,0.0,0.0,,,,,,,
0.022826509550213814,mappo,0.00011703159543685615,-0.6974433660507202,0.0006053684561520507,1315.0,,,,,,,,,,,,,,0.0,,,,,0.010756272822618484,0.013333333656191826
,mappo,,,,1315.0,0.0,0.0,0.6666666865348816,0.0,0.0,0.0,0.6666666865348816,0.0,0.0,0.0,0.0,0.0,0.0,,,,,,,
-0.0022929843980818987,mappo,0.00014316871238406748,-0.6947428584098816,0.0006050683561187062,1316.0,,,,,,,,,,,,,,0.0,,,,,0.010501891374588013,0.013333333656191826
,mappo,,,,1316.0,0.0,0.0,0.6666666865348816,0.0,0.0,0.0,0.6666666865348816,0.0,0.0,0.0,0.0,0.0,0.0,,,,,,,
0.0009249224094673991,mappo,0.00010542423115111887,-0.7104806303977966,0.0006047682560853618,1317.0,,,,,,,,,,,,,,0.0,,,,,0.010589122772216797,0.013333333656191826
,mappo,,,,1317.0,0.0,0.0,0.6666666865348816,0.0,0.0,0.0,0.6666666865348816,0.0,0.0,0.0,0.0,0.0,0.0,,,,,,,
0.007751405239105225,mappo,0.00013471615966409445,-0.8624482154846191,0.0006044681560520174,1318.0,,,,,,,,,,,,,,0.0,,,,,0.010824374854564667,0.006666666828095913
,mappo,,,,1318.0,0.0,0.0,0.3333333432674408,0.0,0.0,0.0,0.3333333432674408,0.0,0.0,0.0,0.0,0.0,0.0,,,,,,,
0.0010696840472519398,mappo,4.1017097828444093e-05,-0.6902088522911072,0.000604168056018673,1319.0,,,,,,,,,,,,,,0.0,,,,,0.010434774681925774,0.013333333656191826
,mappo,,,,1319.0,0.0,0.0,0.6666666865348816,0.0,0.0,0.0,0.6666666865348816,0.0,0.0,0.0,0.0,0.0,0.0,,,,,,,
0.005858730524778366,mappo,3.093660416197963e-05,-0.7192381620407104,0.0006038679559853285,1320.0,,,,,,,,,,,,,,0.0,,,,,0.010527553036808968,0.013333333656191826
,mappo,,,,1320.0,0.0,0.0,0.6666666865348816,0.0,0.0,0.0,0.6666666865348816,0.0,0.0,0.0,0.0,0.0,0.0,,,,,,,
-0.003075607819482684,mappo,3.066184217459522e-05,-0.768301784992218,0.000603567855951984,1321.0,,,,,,,,,,,,,,0.0,,,,,0.010729562491178513,0.013333333656191826
,mappo,,,,1321.0,0.0,0.0,0.6666666865348816,0.0,0.0,0.0,0.6666666865348816,0.0,0.0,0.0,0.0,0.0,0.0,,,,,,,
0.03152212128043175,mappo,1.596932088432368e-05,-0.6844965815544128,0.0006032677559186395,1322.0,,,,,,,,,,,,,,0.0,,,,,0.010520365089178085,0.013333333656191826
,mappo,,,,1322.0,0.0,0.0,0.6666666865348816,0.0,0.0,0.0,0.6666666865348816,0.0,0.0,0.0,0.0,0.0,0.0,,,,,,,
0.017980320379137993,mappo,9.02803640201455e-06,-0.6891614198684692,0.0006029676558852951,1323.0,,,,,,,,,,,,,,0.0,,,,,0.010331634432077408,0.013333333656191826
,mappo,,,,1323.0,0.0,0.0,0.6666666865348816,0.0,0.0,0.0,0.6666666865348816,0.0,0.0,0.0,0.0,0.0,0.0,,,,,,,
0.08990444988012314,mappo,6.7536016103986185e-06,-0.6816747188568115,0.0006026675558519507,1324.0,,,,,,,,,,,,,,0.0,,,,,0.010491631925106049,0.013333333656191826
,mappo,,,,1324.0,0.0,0.0,0.6666666865348816,0.0,0.0,0.0,0.6666666865348816,0.0,0.0,0.0,0.0,0.0,0.0,,,,,,,
0.0003858134732581675,mappo,9.255257464246824e-05,-0.8582130074501038,0.0006023674558186063,1325.0,,,,,,,,,,,,,,0.0,,,,,0.01086389273405075,0.006666666828095913
,mappo,,,,1325.0,0.0,0.0,0.3333333432674408,0.0,0.0,0.0,0.3333333432674408,0.0,0.0,0.0,0.0,0.0,0.0,,,,,,,
0.06845581531524658,mappo,7.25189020158723e-05,-0.8545393943786621,0.0006020673557852618,1326.0,,,,,,,,,,,,,,0.0,,,,,0.010713041760027409,0.006666666828095913
,mappo,,,,1326.0,0.0,0.0,0.3333333432674408,0.0,0.0,0.0,0.3333333432674408,0.0,0.0,0.0,0.0,0.0,0.0,,,,,,,
0.017597628757357597,mappo,6.420313729904592e-05,-0.6885914206504822,0.0006017672557519173,1327.0,,,,,,,,,,,,,,0.0,,,,,0.010558295994997025,0.013333333656191826
,mappo,,,,1327.0,0.0,0.0,0.6666666865348816,0.0,0.0,0.0,0.6666666865348816,0.0,0.0,0.0,0.0,0.0,0.0,,,,,,,
0.016421938315033913,mappo,0.00010146325803361833,-0.8322920799255371,0.0006014671557185729,1328.0,,,,,,,,,,,,,,0.0,,,,,0.010703552514314651,0.006666666828095913
,mappo,,,,1328.0,0.0,0.0,0.3333333432674408,0.0,0.0,0.0,0.3333333432674408,0.0,0.0,0.0,0.0,0.0,0.0,,,,,,,
-0.000583707238547504,mappo,4.4628195610130206e-05,-0.6392064094543457,0.0006011670556852285,1329.0,,,,,,,,,,,,,,0.0,,,,,0.010363763198256493,0.013333333656191826
,mappo,,,,1329.0,0.0,0.0,0.6666666865348816,0.0,0.0,0.0,0.6666666865348816,0.0,0.0,0.0,0.0,0.0,0.0,,,,,,,
0.0009364043362438679,mappo,5.0542894314276055e-05,-0.6767048239707947,0.000600866955651884,1330.0,,,,,,,,,,,,,,0.0,,,,,0.010786833241581917,0.013333333656191826
,mappo,,,,1330.0,0.0,0.0,0.6666666865348816,0.0,0.0,0.0,0.6666666865348816,0.0,0.0,0.0,0.0,0.0,0.0,,,,,,,
-0.002828744938597083,mappo,6.583800859516487e-05,-0.6488832831382751,0.0006005668556185395,1331.0,,,,,,,,,,,,,,0.0,,,,,0.010298758745193481,0.013333333656191826
,mappo,,,,1331.0,0.0,0.0,0.6666666865348816,0.0,0.0,0.0,0.6666666865348816,0.0,0.0,0.0,0.0,0.0,0.0,,,,,,,
0.009349033236503601,mappo,0.0002297311875736341,-0.8526109457015991,0.0006002667555851951,1332.0,,,,,,,,,,,,,,0.0,,,,,0.010995673015713692,0.006666666828095913
,mappo,,,,1332.0,0.0,0.0,0.3333333432674408,0.0,0.0,0.0,0.3333333432674408,0.0,0.0,0.0,0.0,0.0,0.0,,,,,,,
0.014806554652750492,mappo,0.00019633170450106263,-0.8076949119567871,0.0005999666555518506,1333.0,,,,,,,,,,,,,,0.0,,,,,0.010849765501916409,0.006666666828095913
,mappo,,,,1333.0,0.0,0.0,0.3333333432674408,0.0,0.0,0.0,0.3333333432674408,0.0,0.0,0.0,0.0,0.0,0.0,,,,,,,
0.002197608817368746,mappo,0.0002710514236241579,-0.8627200126647949,0.0005996665555185062,1334.0,,,,,,,,,,,,,,0.0,,,,,0.011172871105372906,0.006666666828095913
,mappo,,,,1334.0,0.0,0.0,0.3333333432674408,0.0,0.0,0.0,0.3333333432674408,0.0,0.0,0.0,0.0,0.0,0.0,,,,,,,
0.006595372688025236,mappo,0.00047075620386749506,-0.7750131487846375,0.0005993664554851618,1335.0,,,,,,,,,,,,,,0.0,,,,,0.011064808815717697,0.006666666828095913
,mappo,,,,1335.0,0.0,0.0,0.3333333432674408,0.0,0.0,0.0,0.3333333432674408,0.0,0.0,0.0,0.0,0.0,0.0,,,,,,,
0.030131472274661064,mappo,0.0002284889342263341,-0.7543711066246033,0.0005990663554518174,1336.0,,,,,,,,,,,,,,0.0,,,,,0.01078205555677414,0.013333333656191826
,mappo,,,,1336.0,0.0,0.0,0.6666666865348816,0.0,0.0,0.0,0.6666666865348816,0.0,0.0,0.0,0.0,0.0,0.0,,,,,,,
-0.002715761074796319,mappo,0.00033829870517365634,-0.7575374841690063,0.0005987662554184728,1337.0,,,,,,,,,,,,,,0.0,,,,,0.01083457749336958,0.006666666828095913
,mappo,,,,1337.0,0.0,0.0,0.3333333432674408,0.0,0.0,0.0,0.3333333432674408,0.0,0.0,0.0,0.0,0.0,0.0,,,,,,,
0.016931351274251938,mappo,0.0006296841311268508,-0.7743483185768127,0.0005984661553851283,1338.0,,,,,,,,,,,,,,0.0,,,,,0.011025776155292988,0.006666666828095913
,mappo,,,,1338.0,0.0,0.0,0.3333333432674408,0.0,0.0,0.0,0.3333333432674408,0.0,0.0,0.0,0.0,0.0,0.0,,,,,,,
0.015393178910017014,mappo,0.0003763900022022426,-0.5980398058891296,0.0005981660553517839,1339.0,,,,,,,,,,,,,,0.0,,,,,0.01043305266648531,0.013333333656191826
,mappo,,,,1339.0,0.0,0.0,0.6666666865348816,0.0,0.0,0.0,0.6666666865348816,0.0,0.0,0.0,0.0,0.0,0.0,,,,,,,
0.008939453400671482,mappo,0.0001081571463146247,-0.735133945941925,0.0005978659553184395,1340.0,,,,,,,,,,,,,,0.0,,,,,0.01079152524471283,0.006666666828095913
,mappo,,,,1340.0,0.0,0.0,0.3333333432674408,0.0,0.0,0.0,0.3333333432674408,0.0,0.0,0.0,0.0,0.0,0.0,,,,,,,
0.030789289623498917,mappo,0.0001312784879701212,-0.7351437211036682,0.0005975658552850951,1341.0,,,,,,,,,,,,,,0.0,,,,,0.011210690252482891,0.006666666828095913
,mappo,,,,1341.0,0.0,0.0,0.3333333432674408,0.0,0.0,0.0,0.3333333432674408,0.0,0.0,0.0,0.0,0.0,0.0,,,,,,,
0.0034938245080411434,mappo,0.0002163871395168826,-0.6756428480148315,0.0005972657552517506,1342.0,,,,,,,,,,,,,,0.0,,,,,0.01073966734111309,0.006666666828095913
,mappo,,,,1342.0,0.0,0.0,0.3333333432674408,0.0,0.0,0.0,0.3333333432674408,0.0,0.0,0.0,0.0,0.0,0.0,,,,,,,
0.03731222823262215,mappo,0.0002865556161850691,-0.6657988429069519,0.0005969656552184062,1343.0,,,,,,,,,,,,,,0.0,,,,,0.010771051049232483,0.006666666828095913
,mappo,,,,1343.0,0.0,0.0,0.3333333432674408,0.0,0.0,0.0,0.3333333432674408,0.0,0.0,0.0,0.0,0.0,0.0,,,,,,,
0.1412634551525116,mappo,0.00026121633709408343,-0.6588123440742493,0.0005966655551850617,1344.0,,,,,,,,,,,,,,0.0,,,,,0.011030052788555622,0.006666666828095913
,mappo,,,,1344.0,0.0,0.0,0.3333333432674408,0.0,0.0,0.0,0.3333333432674408,0.0,0.0,0.0,0.0,0.0,0.0,,,,,,,
-0.0037047523073852062,mappo,0.0001609608152648434,-0.6815336346626282,0.0005963654551517173,1345.0,,,,,,,,,,,,,,0.0,,,,,0.01121501810848713,0.006666666828095913
,mappo,,,,1345.0,0.0,0.0,0.3333333432674408,0.0,0.0,0.0,0.3333333432674408,0.0,0.0,0.0,0.0,0.0,0.0,,,,,,,
0.08058571070432663,mappo,6.914483674336225e-05,-0.6609758734703064,0.0005960653551183729,1346.0,,,,,,,,,,,,,,0.0,,,,,0.0109585952013731,0.006666666828095913
,mappo,,,,1346.0,0.0,0.0,0.3333333432674408,0.0,0.0,0.0,0.3333333432674408,0.0,0.0,0.0,0.0,0.0,0.0,,,,,,,
0.06920724362134933,mappo,0.0015504625625908375,-1.3072091341018677,0.0005957652550850285,1347.0,,,,,,,,,,,,,,0.0,,,,,0.01430589146912098,0.0
,mappo,,,,1347.0,0.0,0.0,0.0,0.0,0.0,0.0,0.0,0.0,0.0,0.0,0.0,0.0,0.0,,,,,,,
0.009216763079166412,mappo,0.0012589821126312017,-1.3107882738113403,0.0005954651550516838,1348.0,,,,,,,,,,,,,,0.0,,,,,0.014563068747520447,0.0
,mappo,,,,1348.0,0.0,0.0,0.0,0.0,0.0,0.0,0.0,0.0,0.0,0.0,0.0,0.0,0.0,,,,,,,
0.38196247816085815,mappo,0.0008203604957088828,-1.3211259841918945,0.0005951650550183394,1349.0,,,,,,,,,,,,,,0.0,,,,,0.014424638822674751,0.0
,mappo,,,,1349.0,0.0,0.0,0.0,0.0,0.0,0.0,0.0,0.0,0.0,0.0,0.0,0.0,0.0,,,,,,,
0.4081391394138336,mappo,0.0004502450756262988,-1.309665322303772,0.000594864954984995,1350.0,,,,,,,,,,,,,,0.0,,,,,0.014483204111456871,0.0
,mappo,,,,1350.0,0.0,0.0,0.0,0.0,0.0,0.0,0.0,0.0,0.0,0.0,0.0,0.0,0.0,,,,,,,
0.004752882290631533,mappo,0.00010958228085655719,-1.285096287727356,0.0005945648549516506,1351.0,,,,,,,,,,,,,,0.0,,,,,0.014325367286801338,0.0
,mappo,,,,1351.0,0.0,0.0,0.0,0.0,0.0,0.0,0.0,0.0,0.0,0.0,0.0,0.0,0.0,,,,,,,
0.009864884428679943,mappo,0.0021912751253694296,-0.6258766651153564,0.0005942647549183061,1352.0,,,,,,,,,,,,,,0.0,,,,,0.010971739888191223,0.006666666828095913
,mappo,,,,1352.0,0.0,0.0,0.3333333432674408,0.0,0.0,0.0,0.3333333432674408,0.0,0.0,0.0,0.0,0.0,0.0,,,,,,,
0.03173626959323883,mappo,5.9457124734763056e-05,-1.2387770414352417,0.0005939646548849617,1353.0,,,,,,,,,,,,,,0.0,,,,,0.014432482421398163,0.0
,mappo,,,,1353.0,0.0,0.0,0.0,0.0,0.0,0.0,0.0,0.0,0.0,0.0,0.0,0.0,0.0,,,,,,,
0.0018196954624727368,mappo,0.0018202948849648237,-0.6046908497810364,0.0005936645548516172,1354.0,,,,,,,,,,,,,,0.0,,,,,0.011016077362000942,0.006666666828095913
,mappo,,,,1354.0,0.0,0.0,0.3333333432674408,0.0,0.0,0.0,0.3333333432674408,0.0,0.0,0.0,0.0,0.0,0.0,,,,,,,
0.006101605016738176,mappo,0.003211093135178089,-0.4675223231315613,0.0005933644548182728,1355.0,,,,,,,,,,,,,,0.0,,,,,0.01099030114710331,0.013333333656191826
,mappo,,,,1355.0,0.0,0.0,0.6666666865348816,0.0,0.0,0.0,0.6666666865348816,0.0,0.0,0.0,0.0,0.0,0.0,,,,,,,
-0.004841901361942291,mappo,0.0014948092866688967,-0.6525152325630188,0.0005930643547849283,1356.0,,,,,,,,,,,,,,0.0,,,,,0.01126362755894661,0.006666666828095913
,mappo,,,,1356.0,0.0,0.0,0.3333333432674408,0.0,0.0,0.0,0.3333333432674408,0.0,0.0,0.0,0.0,0.0,0.0,,,,,,,
-0.006351185496896505,mappo,0.0029964607674628496,-0.4354979991912842,0.0005927642547515839,1357.0,,,,,,,,,,,,,,0.0,,,,,0.010378863662481308,0.013333333656191826
,mappo,,,,1357.0,0.0,0.0,0.6666666865348816,0.0,0.0,0.0,0.6666666865348816,0.0,0.0,0.0,0.0,0.0,0.0,,,,,,,
0.08146060258150101,mappo,0.0016872033011168242,-0.46589136123657227,0.0005924641547182395,1358.0,,,,,,,,,,,,,,0.0,,,,,0.01120713446289301,0.013333333656191826
,mappo,,,,1358.0,0.0,0.0,0.6666666865348816,0.0,0.0,0.0,0.6666666865348816,0.0,0.0,0.0,0.0,0.0,0.0,,,,,,,
0.37120726704597473,mappo,6.260226655285805e-05,-1.1513164043426514,0.000592164054684895,1359.0,,,,,,,,,,,,,,0.0,,,,,0.014280405826866627,0.0
,mappo,,,,1359.0,0.0,0.0,0.0,0.0,0.0,0.0,0.0,0.0,0.0,0.0,0.0,0.0,0.0,,,,,,,
0.06157052144408226,mappo,0.0014418965438380837,-0.4166792631149292,0.0005918639546515505,1360.0,,,,,,,,,,,,,,0.0,,,,,0.010842753574252129,0.013333333656191826
,mappo,,,,1360.0,0.0,0.0,0.6666666865348816,0.0,0.0,0.0,0.6666666865348816,0.0,0.0,0.0,0.0,0.0,0.0,,,,,,,
0.23481805622577667,mappo,0.0006571470876224339,-1.073196530342102,0.0005915638546182061,1361.0,,,,,,,,,,,,,,0.0,,,,,0.014209786430001259,0.0
,mappo,,,,1361.0,0.0,0.0,0.0,0.0,0.0,0.0,0.0,0.0,0.0,0.0,0.0,0.0,0.0,,,,,,,
0.01335785910487175,mappo,0.0013721410650759935,-0.3711170256137848,0.0005912637545848617,1362.0,,,,,,,,,,,,,,0.0,,,,,0.01091947965323925,0.013333333656191826
,mappo,,,,1362.0,0.0,0.0,0.6666666865348816,0.0,0.0,0.0,0.6666666865348816,0.0,0.0,0.0,0.0,0.0,0.0,,,,,,,
0.010599128901958466,mappo,0.0004346555797383189,-0.35855406522750854,0.0005909636545515172,1363.0,,,,,,,,,,,,,,0.0,,,,,0.010762620717287064,0.013333333656191826
,mappo,,,,1363.0,0.0,0.0,0.6666666865348816,0.0,0.0,0.0,0.6666666865348816,0.0,0.0,0.0,0.0,0.0,0.0,,,,,,,
0.0031161680817604065,mappo,0.0004451233835425228,-0.4754925072193146,0.0005906635545181728,1364.0,,,,,,,,,,,,,,0.0,,,,,0.01092003658413887,0.006666666828095913
,mappo,,,,1364.0,0.0,0.0,0.3333333432674408,0.0,0.0,0.0,0.3333333432674408,0.0,0.0,0.0,0.0,0.0,0.0,,,,,,,
0.06765282899141312,mappo,0.0015785032883286476,-1.0367002487182617,0.0005903634544848282,1365.0,,,,,,,,,,,,,,0.0,,,,,0.014354458078742027,0.0
,mappo,,,,1365.0,0.0,0.0,0.0,0.0,0.0,0.0,0.0,0.0,0.0,0.0,0.0,0.0,0.0,,,,,,,
0.016465863212943077,mappo,0.0005734117585234344,-1.0248769521713257,0.0005900633544514838,1366.0,,,,,,,,,,,,,,0.0,,,,,0.014202523976564407,0.0
,mappo,,,,1366.0,0.0,0.0,0.0,0.0,0.0,0.0,0.0,0.0,0.0,0.0,0.0,0.0,0.0,,,,,,,
-0.007033461704850197,mappo,0.002121940953657031,-0.3550289273262024,0.0005897632544181394,1367.0,,,,,,,,,,,,,,0.0,,,,,0.010916391387581825,0.013333333656191826
,mappo,,,,1367.0,0.0,0.0,0.6666666865348816,0.0,0.0,0.0,0.6666666865348816,0.0,0.0,0.0,0.0,0.0,0.0,,,,,,,
0.12117502093315125,mappo,0.0015459014102816582,-0.2951749861240387,0.000589463154384795,1368.0,,,,,,,,,,,,,,0.0,,,,,0.010722490027546883,0.013333333656191826
,mappo,,,,1368.0,0.0,0.0,0.6666666865348816,0.0,0.0,0.0,0.6666666865348816,0.0,0.0,0.0,0.0,0.0,0.0,,,,,,,
0.1721053272485733,mappo,0.0011595768155530095,-0.9503807425498962,0.0005891630543514505,1369.0,,,,,,,,,,,,,,0.0,,,,,0.014494330622255802,0.0
,mappo,,,,1369.0,0.0,0.0,0.0,0.0,0.0,0.0,0.0,0.0,0.0,0.0,0.0,0.0,0.0,,,,,,,
0.01008638646453619,mappo,0.0013966591795906425,-0.2569330930709839,0.0005888629543181061,1370.0,,,,,,,,,,,,,,0.0,,,,,0.010861961171030998,0.013333333656191826
,mappo,,,,1370.0,0.0,0.0,0.6666666865348816,0.0,0.0,0.0,0.6666666865348816,0.0,0.0,0.0,0.0,0.0,0.0,,,,,,,
0.02497125044465065,mappo,0.0010671127820387483,-0.25437310338020325,0.0005885628542847616,1371.0,,,,,,,,,,,,,,0.0,,,,,0.010549264028668404,0.013333333656191826
,mappo,,,,1371.0,0.0,0.0,0.6666666865348816,0.0,0.0,0.0,0.6666666865348816,0.0,0.0,0.0,0.0,0.0,0.0,,,,,,,
9.979805327020586e-05,mappo,0.0008107312023639679,-0.40355396270751953,0.0005882627542514172,1372.0,,,,,,,,,,,,,,0.0,,,,,0.010807109996676445,0.006666666828095913
,mappo,,,,1372.0,0.0,0.0,0.3333333432674408,0.0,0.0,0.0,0.3333333432674408,0.0,0.0,0.0,0.0,0.0,0.0,,,,,,,
0.0879240483045578,mappo,0.0003705765411723405,-0.2516319155693054,0.0005879626542180728,1373.0,,,,,,,,,,,,,,0.0,,,,,0.010569272562861443,0.013333333656191826
,mappo,,,,1373.0,0.0,0.0,0.6666666865348816,0.0,0.0,0.0,0.6666666865348816,0.0,0.0,0.0,0.0,0.0,0.0,,,,,,,
0.02723114565014839,mappo,0.0003296027425676584,-0.35737770795822144,0.0005876625541847282,1374.0,,,,,,,,,,,,,,0.0,,,,,0.010723967105150223,0.006666666828095913
,mappo,,,,1374.0,0.0,0.0,0.3333333432674408,0.0,0.0,0.0,0.3333333432674408,0.0,0.0,0.0,0.0,0.0,0.0,,,,,,,
0.0027298852801322937,mappo,0.00028357948758639395,-0.2473295032978058,0.0005873624541513838,1375.0,,,,,,,,,,,,,,0.0,,,,,0.01088711991906166,0.013333333656191826
,mappo,,,,1375.0,0.0,0.0,0.6666666865348816,0.0,0.0,0.0,0.6666666865348816,0.0,0.0,0.0,0.0,0.0,0.0,,,,,,,
0.004408459644764662,mappo,0.000255387945799157,-0.25946348905563354,0.0005870623541180393,1376.0,,,,,,,,,,,,,,0.0,,,,,0.010410704649984837,0.013333333656191826
,mappo,,,,1376.0,0.0,0.0,0.6666666865348816,0.0,0.0,0.0,0.6666666865348816,0.0,0.0,0.0,0.0,0.0,0.0,,,,,,,
0.022754065692424774,mappo,0.0002032264310400933,-0.2609909474849701,0.0005867622540846949,1377.0,,,,,,,,,,,,,,0.0,,,,,0.010419899597764015,0.013333333656191826
,mappo,,,,1377.0,0.0,0.0,0.6666666865348816,0.0,0.0,0.0,0.6666666865348816,0.0,0.0,0.0,0.0,0.0,0.0,,,,,,,
0.009416935965418816,mappo,0.0005000047967769206,-0.38595739006996155,0.0005864621540513505,1378.0,,,,,,,,,,,,,,0.0,,,,,0.010842952877283096,0.006666666828095913
,mappo,,,,1378.0,0.0,0.0,0.3333333432674408,0.0,0.0,0.0,0.3333333432674408,0.0,0.0,0.0,0.0,0.0,0.0,,,,,,,
0.04880119860172272,mappo,0.0002480632101651281,-0.2604714632034302,0.0005861620540180061,1379.0,,,,,,,,,,,,,,0.0,,,,,0.010708454065024853,0.013333333656191826
,mappo,,,,1379.0,0.0,0.0,0.6666666865348816,0.0,0.0,0.0,0.6666666865348816,0.0,0.0,0.0,0.0,0.0,0.0,,,,,,,
0.012749203480780125,mappo,0.000168829777976498,-0.23823989927768707,0.0005858619539846616,1380.0,,,,,,,,,,,,,,0.0,,,,,0.01042831502854824,0.013333333656191826
,mappo,,,,1380.0,0.0,0.0,0.6666666865348816,0.0,0.0,0.0,0.6666666865348816,0.0,0.0,0.0,0.0,0.0,0.0,,,,,,,
0.019576910883188248,mappo,0.00012617511674761772,-0.25794246792793274,0.0005855618539513172,1381.0,,,,,,,,,,,,,,0.0,,,,,0.010445743799209595,0.013333333656191826
,mappo,,,,1381.0,0.0,0.0,0.6666666865348816,0.0,0.0,0.0,0.6666666865348816,0.0,0.0,0.0,0.0,0.0,0.0,,,,,,,
-0.007115785963833332,mappo,8.839851943776011e-05,-0.22395217418670654,0.0005852617539179727,1382.0,,,,,,,,,,,,,,0.0,,,,,0.010315467603504658,0.013333333656191826
,mappo,,,,1382.0,0.0,0.0,0.6666666865348816,0.0,0.0,0.0,0.6666666865348816,0.0,0.0,0.0,0.0,0.0,0.0,,,,,,,
0.000540262961294502,mappo,3.715314232977107e-05,-0.26384562253952026,0.0005849616538846282,1383.0,,,,,,,,,,,,,,0.0,,,,,0.01032036729156971,0.013333333656191826
,mappo,,,,1383.0,0.0,0.0,0.6666666865348816,0.0,0.0,0.0,0.6666666865348816,0.0,0.0,0.0,0.0,0.0,0.0,,,,,,,
-0.007123102899640799,mappo,4.273212471161969e-05,-0.30837297439575195,0.0005846615538512838,1384.0,,,,,,,,,,,,,,0.0,,,,,0.010327993892133236,0.013333333656191826
,mappo,,,,1384.0,0.0,0.0,0.6666666865348816,0.0,0.0,0.0,0.6666666865348816,0.0,0.0,0.0,0.0,0.0,0.0,,,,,,,
0.06559713929891586,mappo,3.893237953889184e-05,-0.3365173041820526,0.0005843614538179393,1385.0,,,,,,,,,,,,,,0.0,,,,,0.010870050638914108,0.013333333656191826
,mappo,,,,1385.0,0.0,0.0,0.6666666865348816,0.0,0.0,0.0,0.6666666865348816,0.0,0.0,0.0,0.0,0.0,0.0,,,,,,,
0.07957290858030319,mappo,2.553176454966888e-05,-0.32774457335472107,0.0005840613537845949,1386.0,,,,,,,,,,,,,,0.0,,,,,0.010599425993859768,0.013333333656191826
,mappo,,,,1386.0,0.0,0.0,0.6666666865348816,0.0,0.0,0.0,0.6666666865348816,0.0,0.0,0.0,0.0,0.0,0.0,,,,,,,
0.015347927808761597,mappo,0.0002769023703876883,-0.5300366282463074,0.0005837612537512504,1387.0,,,,,,,,,,,,,,0.0,,,,,0.011072972789406776,0.006666666828095913
,mappo,,,,1387.0,0.0,0.0,0.3333333432674408,0.0,0.0,0.0,0.3333333432674408,0.0,0.0,0.0,0.0,0.0,0.0,,,,,,,
-0.004521951545029879,mappo,5.314012014423497e-05,-0.3421694338321686,0.000583461153717906,1388.0,,,,,,,,,,,,,,0.0,,,,,0.010464568622410297,0.013333333656191826
,mappo,,,,1388.0,0.0,0.0,0.6666666865348816,0.0,0.0,0.0,0.6666666865348816,0.0,0.0,0.0,0.0,0.0,0.0,,,,,,,
-0.006827687844634056,mappo,4.563585025607608e-05,-0.38900741934776306,0.0005831610536845616,1389.0,,,,,,,,,,,,,,0.0,,,,,0.010508202947676182,0.013333333656191826
,mappo,,,,1389.0,0.0,0.0,0.6666666865348816,0.0,0.0,0.0,0.6666666865348816,0.0,0.0,0.0,0.0,0.0,0.0,,,,,,,
0.04568136855959892,mappo,0.00029431088478304446,-0.5596200823783875,0.0005828609536512172,1390.0,,,,,,,,,,,,,,0.0,,,,,0.011099617928266525,0.006666666828095913
,mappo,,,,1390.0,0.0,0.0,0.3333333432674408,0.0,0.0,0.0,0.3333333432674408,0.0,0.0,0.0,0.0,0.0,0.0,,,,,,,
0.03100357949733734,mappo,0.00017661129822954535,-0.3639514446258545,0.0005825608536178727,1391.0,,,,,,,,,,,,,,0.0,,,,,0.010686866007745266,0.013333333656191826
,mappo,,,,1391.0,0.0,0.0,0.6666666865348816,0.0,0.0,0.0,0.6666666865348816,0.0,0.0,0.0,0.0,0.0,0.0,,,,,,,
0.005488639697432518,mappo,0.0003719550441019237,-0.49664270877838135,0.0005822607535845282,1392.0,,,,,,,,,,,,,,0.0,,,,,0.01076000090688467,0.006666666828095913
,mappo,,,,1392.0,0.0,0.0,0.3333333432674408,0.0,0.0,0.0,0.3333333432674408,0.0,0.0,0.0,0.0,0.0,0.0,,,,,,,
0.22295929491519928,mappo,0.00161940383259207,-1.0659575462341309,0.0005819606535511837,1393.0,,,,,,,,,,,,,,0.0,,,,,0.014029772952198982,0.0
,mappo,,,,1393.0,0.0,0.0,0.0,0.0,0.0,0.0,0.0,0.0,0.0,0.0,0.0,0.0,0.0,,,,,,,
0.008613678626716137,mappo,0.0012272159801796079,-0.36273348331451416,0.0005816605535178393,1394.0,,,,,,,,,,,,,,0.0,,,,,0.011017740704119205,0.013333333656191826
,mappo,,,,1394.0,0.0,0.0,0.6666666865348816,0.0,0.0,0.0,0.6666666865348816,0.0,0.0,0.0,0.0,0.0,0.0,,,,,,,
0.042391058057546616,mappo,0.0012007630430161953,-0.3281715512275696,0.0005813604534844949,1395.0,,,,,,,,,,,,,,0.0,,,,,0.01049618050456047,0.013333333656191826
,mappo,,,,1395.0,0.0,0.0,0.6666666865348816,0.0,0.0,0.0,0.6666666865348816,0.0,0.0,0.0,0.0,0.0,0.0,,,,,,,
-0.0039428421296179295,mappo,0.0008959242841228843,-0.3136822581291199,0.0005810603534511504,1396.0,,,,,,,,,,,,,,0.0,,,,,0.010327799245715141,0.013333333656191826
,mappo,,,,1396.0,0.0,0.0,0.6666666865348816,0.0,0.0,0.0,0.6666666865348816,0.0,0.0,0.0,0.0,0.0,0.0,,,,,,,
-0.0031467715743929148,mappo,0.0005442103138193488,-0.3630947768688202,0.0005807602534178059,1397.0,,,,,,,,,,,,,,0.0,,,,,0.010748254135251045,0.013333333656191826
,mappo,,,,1397.0,0.0,0.0,0.6666666865348816,0.0,0.0,0.0,0.6666666865348816,0.0,0.0,0.0,0.0,0.0,0.0,,,,,,,
0.1555771678686142,mappo,0.002901950851082802,-1.0710090398788452,0.0005804601533844615,1398.0,,,,,,,,,,,,,,0.0,,,,,0.01386631652712822,0.0
,mappo,,,,1398.0,0.0,0.0,0.0,0.0,0.0,0.0,0.0,0.0,0.0,0.0,0.0,0.0,0.0,,,,,,,
0.3085244297981262,mappo,0.001519352663308382,-1.0513170957565308,0.0005801600533511171,1399.0,,,,,,,,,,,,,,0.0,,,,,0.014144564047455788,0.0
,mappo,,,,1399.0,0.0,0.0,0.0,0.0,0.0,0.0,0.0,0.0,0.0,0.0,0.0,0.0,0.0,,,,,,,
,mappo,,,,1399.0,,,,,,,,,,,,,,,0.0,0.0,0.0,0.0,,
-0.004633649252355099,mappo,0.0025693154893815517,-0.3309667706489563,0.0005798599533177727,1400.0,,,,,,,,,,,,,,0.0,,,,,0.01055576279759407,0.013333333656191826
,mappo,,,,1400.0,0.0,0.0,0.6666666865348816,0.0,0.0,0.0,0.6666666865348816,0.0,0.0,0.0,0.0,0.0,0.0,,,,,,,
0.14922067523002625,mappo,0.002385164611041546,-0.28505465388298035,0.0005795598532844282,1401.0,,,,,,,,,,,,,,0.0,,,,,0.010448817163705826,0.013333333656191826
,mappo,,,,1401.0,0.0,0.0,0.6666666865348816,0.0,0.0,0.0,0.6666666865348816,0.0,0.0,0.0,0.0,0.0,0.0,,,,,,,
0.008445597253739834,mappo,0.0022206346038728952,-0.9318088889122009,0.0005792597532510837,1402.0,,,,,,,,,,,,,,0.0,,,,,0.01379478257149458,0.0
,mappo,,,,1402.0,0.0,0.0,0.0,0.0,0.0,0.0,0.0,0.0,0.0,0.0,0.0,0.0,0.0,,,,,,,
0.0031391752418130636,mappo,0.0024770337622612715,-0.196333110332489,0.0005789596532177393,1403.0,,,,,,,,,,,,,,0.0,,,,,0.01023060828447342,0.013333333656191826
,mappo,,,,1403.0,0.0,0.0,0.6666666865348816,0.0,0.0,0.0,0.6666666865348816,0.0,0.0,0.0,0.0,0.0,0.0,,,,,,,
0.0167600866407156,mappo,0.0017447483260184526,-0.2325039654970169,0.0005786595531843948,1404.0,,,,,,,,,,,,,,0.0,,,,,0.010561180301010609,0.013333333656191826
,mappo,,,,1404.0,0.0,0.0,0.6666666865348816,0.0,0.0,0.0,0.6666666865348816,0.0,0.0,0.0,0.0,0.0,0.0,,,,,,,
-0.006737475749105215,mappo,0.0009764833957888186,-0.2028871476650238,0.0005783594531510504,1405.0,,,,,,,,,,,,,,0.0,,,,,0.010016793385148048,0.013333333656191826
,mappo,,,,1405.0,0.0,0.0,0.6666666865348816,0.0,0.0,0.0,0.6666666865348816,0.0,0.0,0.0,0.0,0.0,0.0,,,,,,,
0.02266773022711277,mappo,0.000443906377768144,-0.24370676279067993,0.000578059353117706,1406.0,,,,,,,,,,,,,,0.0,,,,,0.010465461760759354,0.013333333656191826
,mappo,,,,1406.0,0.0,0.0,0.6666666865348816,0.0,0.0,0.0,0.6666666865348816,0.0,0.0,0.0,0.0,0.0,0.0,,,,,,,
0.03215613588690758,mappo,0.00017396088514942676,-0.26381465792655945,0.0005777592530843615,1407.0,,,,,,,,,,,,,,0.0,,,,,0.010231580585241318,0.013333333656191826
,mappo,,,,1407.0,0.0,0.0,0.6666666865348816,0.0,0.0,0.0,0.6666666865348816,0.0,0.0,0.0,0.0,0.0,0.0,,,,,,,
-0.008592674508690834,mappo,0.00031301495619118214,-0.34008243680000305,0.000577459153051017,1408.0,,,,,,,,,,,,,,0.0,,,,,0.010381931439042091,0.013333333656191826
,mappo,,,,1408.0,0.0,0.0,0.6666666865348816,0.0,0.0,0.0,0.6666666865348816,0.0,0.0,0.0,0.0,0.0,0.0,,,,,,,
-0.005607823841273785,mappo,0.0002219977177446708,-0.3041892647743225,0.0005771590530176725,1409.0,,,,,,,,,,,,,,0.0,,,,,0.010359527543187141,0.013333333656191826
,mappo,,,,1409.0,0.0,0.0,0.6666666865348816,0.0,0.0,0.0,0.6666666865348816,0.0,0.0,0.0,0.0,0.0,0.0,,,,,,,
0.0271956454962492,mappo,0.0001244855229742825,-0.3883768618106842,0.0005768589529843281,1410.0,,,,,,,,,,,,,,0.0,,,,,0.01065400242805481,0.013333333656191826
,mappo,,,,1410.0,0.0,0.0,0.6666666865348816,0.0,0.0,0.0,0.6666666865348816,0.0,0.0,0.0,0.0,0.0,0.0,,,,,,,
-0.014566945843398571,mappo,6.762603152310476e-05,-0.3914383351802826,0.0005765588529509837,1411.0,,,,,,,,,,,,,,0.0,,,,,0.01053367555141449,0.013333333656191826
,mappo,,,,1411.0,0.0,0.0,0.6666666865348816,0.0,0.0,0.0,0.6666666865348816,0.0,0.0,0.0,0.0,0.0,0.0,,,,,,,
0.009710434824228287,mappo,1.75688855961198e-05,-0.32921966910362244,0.0005762587529176392,1412.0,,,,,,,,,,,,,,0.0,,,,,0.010042398236691952,0.013333333656191826
,mappo,,,,1412.0,0.0,0.0,0.6666666865348816,0.0,0.0,0.0,0.6666666865348816,0.0,0.0,0.0,0.0,0.0,0.0,,,,,,,
0.14011214673519135,mappo,3.331346306367777e-05,-0.3062480390071869,0.0005759586528842948,1413.0,,,,,,,,,,,,,,0.0,,,,,0.010077718645334244,0.013333333656191826
,mappo,,,,1413.0,0.0,0.0,0.6666666865348816,0.0,0.0,0.0,0.6666666865348816,0.0,0.0,0.0,0.0,0.0,0.0,,,,,,,
-0.0016540015349164605,mappo,4.8174224502872676e-05,-0.31165269017219543,0.0005756585528509503,1414.0,,,,,,,,,,,,,,0.0,,,,,0.010096617043018341,0.013333333656191826
,mappo,,,,1414.0,0.0,0.0,0.6666666865348816,0.0,0.0,0.0,0.6666666865348816,0.0,0.0,0.0,0.0,0.0,0.0,,,,,,,
0.05802811682224274,mappo,7.109845319064334e-05,-0.29096323251724243,0.0005753584528176059,1415.0,,,,,,,,,,,,,,0.0,,,,,0.00997013971209526,0.013333333656191826
,mappo,,,,1415.0,0.0,0.0,0.6666666865348816,0.0,0.0,0.0,0.6666666865348816,0.0,0.0,0.0,0.0,0.0,0.0,,,,,,,
-0.004928721580654383,mappo,5.957437679171562e-05,-0.3341570496559143,0.0005750583527842615,1416.0,,,,,,,,,,,,,,0.0,,,,,0.010161510668694973,0.013333333656191826
,mappo,,,,1416.0,0.0,0.0,0.6666666865348816,0.0,0.0,0.0,0.6666666865348816,0.0,0.0,0.0,0.0,0.0,0.0,,,,,,,
0.003482150612398982,mappo,0.0002787958655972034,-0.4522034823894501,0.0005747582527509171,1417.0,,,,,,,,,,,,,,0.0,,,,,0.010119704529643059,0.006666666828095913
,mappo,,,,1417.0,0.0,0.0,0.3333333432674408,0.0,0.0,0.0,0.3333333432674408,0.0,0.0,0.0,0.0,0.0,0.0,,,,,,,
-0.003586099948734045,mappo,8.685279317433015e-05,-0.36874517798423767,0.0005744581527175727,1418.0,,,,,,,,,,,,,,0.0,,,,,0.010221537202596664,0.013333333656191826
,mappo,,,,1418.0,0.0,0.0,0.6666666865348816,0.0,0.0,0.0,0.6666666865348816,0.0,0.0,0.0,0.0,0.0,0.0,,,,,,,
0.04186701774597168,mappo,5.597804192802869e-05,-0.3862765431404114,0.000574158052684228,1419.0,,,,,,,,,,,,,,0.0,,,,,0.010215755552053452,0.013333333656191826
,mappo,,,,1419.0,0.0,0.0,0.6666666865348816,0.0,0.0,0.0,0.6666666865348816,0.0,0.0,0.0,0.0,0.0,0.0,,,,,,,
-0.0026748122181743383,mappo,0.0003395794774405658,-0.45970118045806885,0.0005738579526508836,1420.0,,,,,,,,,,,,,,0.0,,,,,0.009925948455929756,0.006666666828095913
,mappo,,,,1420.0,0.0,0.0,0.3333333432674408,0.0,0.0,0.0,0.3333333432674408,0.0,0.0,0.0,0.0,0.0,0.0,,,,,,,
-0.0003005511243827641,mappo,0.00014841678785160184,-0.42276015877723694,0.0005735578526175392,1421.0,,,,,,,,,,,,,,0.0,,,,,0.010134430602192879,0.013333333656191826
,mappo,,,,1421.0,0.0,0.0,0.6666666865348816,0.0,0.0,0.0,0.6666666865348816,0.0,0.0,0.0,0.0,0.0,0.0,,,,,,,
0.010940886102616787,mappo,0.0002756339672487229,-0.5202277898788452,0.0005732577525841948,1422.0,,,,,,,,,,,,,,0.0,,,,,0.010091791860759258,0.006666666828095913
,mappo,,,,1422.0,0.0,0.0,0.3333333432674408,0.0,0.0,0.0,0.3333333432674408,0.0,0.0,0.0,0.0,0.0,0.0,,,,,,,
0.0026120764669030905,mappo,0.00034166304976679385,-0.3716704249382019,0.0005729576525508503,1423.0,,,,,,,,,,,,,,0.0,,,,,0.010005205869674683,0.013333333656191826
,mappo,,,,1423.0,0.0,0.0,0.6666666865348816,0.0,0.0,0.0,0.6666666865348816,0.0,0.0,0.0,0.0,0.0,0.0,,,,,,,
0.009269850328564644,mappo,0.002934660529717803,-1.159717082977295,0.0005726575525175059,1424.0,,,,,,,,,,,,,,0.0,,,,,0.012912243604660034,0.0
,mappo,,,,1424.0,0.0,0.0,0.0,0.0,0.0,0.0,0.0,0.0,0.0,0.0,0.0,0.0,0.0,,,,,,,
-0.006028069648891687,mappo,0.001065745484083891,-0.5431541204452515,0.0005723574524841614,1425.0,,,,,,,,,,,,,,0.0,,,,,0.010068163275718689,0.006666666828095913
,mappo,,,,1425.0,0.0,0.0,0.3333333432674408,0.0,0.0,0.0,0.3333333432674408,0.0,0.0,0.0,0.0,0.0,0.0,,,,,,,
0.02091996558010578,mappo,0.0021010597702115774,-0.4378548264503479,0.000572057352450817,1426.0,,,,,,,,,,,,,,0.0,,,,,0.01028439775109291,0.013333333656191826
,mappo,,,,1426.0,0.0,0.0,0.6666666865348816,0.0,0.0,0.0,0.6666666865348816,0.0,0.0,0.0,0.0,0.0,0.0,,,,,,,
0.09197709709405899,mappo,0.001574783818796277,-0.4240942597389221,0.0005717572524174726,1427.0,,,,,,,,,,,,,,0.0,,,,,0.010159485973417759,0.013333333656191826
,mappo,,,,1427.0,0.0,0.0,0.6666666865348816,0.0,0.0,0.0,0.6666666865348816,0.0,0.0,0.0,0.0,0.0,0.0,,,,,,,
0.04190151020884514,mappo,0.0009401541319675744,-0.4258529543876648,0.0005714571523841281,1428.0,,,,,,,,,,,,,,0.0,,,,,0.01020954642444849,0.013333333656191826
,mappo,,,,1428.0,0.0,0.0,0.6666666865348816,0.0,0.0,0.0,0.6666666865348816,0.0,0.0,0.0,0.0,0.0,0.0,,,,,,,
-0.00698068318888545,mappo,0.0004329696239437908,-0.38948360085487366,0.0005711570523507836,1429.0,,,,,,,,,,,,,,0.0,,,,,0.010125689208507538,0.013333333656191826
,mappo,,,,1429.0,0.0,0.0,0.6666666865348816,0.0,0.0,0.0,0.6666666865348816,0.0,0.0,0.0,0.0,0.0,0.0,,,,,,,
0.024269642308354378,mappo,0.00017935680807568133,-0.4221388101577759,0.0005708569523174391,1430.0,,,,,,,,,,,,,,0.0,,,,,0.010432072915136814,0.013333333656191826
,mappo,,,,1430.0,0.0,0.0,0.6666666865348816,0.0,0.0,0.0,0.6666666865348816,0.0,0.0,0.0,0.0,0.0,0.0,,,,,,,
0.07765641808509827,mappo,8.9835753897205e-05,-0.4328342080116272,0.0005705568522840947,1431.0,,,,,,,,,,,,,,0.0,,,,,0.010265839286148548,0.013333333656191826
,mappo,,,,1431.0,0.0,0.0,0.6666666865348816,0.0,0.0,0.0,0.6666666865348816,0.0,0.0,0.0,0.0,0.0,0.0,,,,,,,
0.0009720976231619716,mappo,0.0002508485922589898,-0.521243691444397,0.0005702567522507503,1432.0,,,,,,,,,,,,,,0.0,,,,,0.010127605870366096,0.013333333656191826
,mappo,,,,1432.0,0.0,0.0,0.6666666865348816,0.0,0.0,0.0,0.6666666865348816,0.0,0.0,0.0,0.0,0.0,0.0,,,,,,,
0.10805264115333557,mappo,7.244553853524849e-05,-0.4273234009742737,0.0005699566522174059,1433.0,,,,,,,,,,,,,,0.0,,,,,0.010267598554491997,0.013333333656191826
,mappo,,,,1433.0,0.0,0.0,0.6666666865348816,0.0,0.0,0.0,0.6666666865348816,0.0,0.0,0.0,0.0,0.0,0.0,,,,,,,
0.025832733139395714,mappo,0.00011983767035417259,-0.47967347502708435,0.0005696565521840614,1434.0,,,,,,,,,,,,,,0.0,,,,,0.01065274141728878,0.013333333656191826
,mappo,,,,1434.0,0.0,0.0,0.6666666865348816,0.0,0.0,0.0,0.6666666865348816,0.0,0.0,0.0,0.0,0.0,0.0,,,,,,,
0.011044920422136784,mappo,6.093217962188646e-05,-0.4535336196422577,0.000569356452150717,1435.0,,,,,,,,,,,,,,0.0,,,,,0.010388089343905449,0.013333333656191826
,mappo,,,,1435.0,0.0,0.0,0.6666666865348816,0.0,0.0,0.0,0.6666666865348816,0.0,0.0,0.0,0.0,0.0,0.0,,,,,,,
0.05951104313135147,mappo,2.1250014469842426e-05,-0.3962564766407013,0.0005690563521173724,1436.0,,,,,,,,,,,,,,0.0,,,,,0.010167283937335014,0.013333333656191826
,mappo,,,,1436.0,0.0,0.0,0.6666666865348816,0.0,0.0,0.0,0.6666666865348816,0.0,0.0,0.0,0.0,0.0,0.0,,,,,,,
0.008507427759468555,mappo,2.1186448066146113e-05,-0.392139732837677,0.000568756252084028,1437.0,,,,,,,,,,,,,,0.0,,,,,0.00999536644667387,0.013333333656191826
,mappo,,,,1437.0,0.0,0.0,0.6666666865348816,0.0,0.0,0.0,0.6666666865348816,0.0,0.0,0.0,0.0,0.0,0.0,,,,,,,
0.017817020416259766,mappo,2.8993968953727745e-05,-0.4392297863960266,0.0005684561520506836,1438.0,,,,,,,,,,,,,,0.0,,,,,0.010081000626087189,0.013333333656191826
,mappo,,,,1438.0,0.0,0.0,0.6666666865348816,0.0,0.0,0.0,0.6666666865348816,0.0,0.0,0.0,0.0,0.0,0.0,,,,,,,
-0.007528533693403006,mappo,2.6046398488688283e-05,-0.4081443250179291,0.0005681560520173392,1439.0,,,,,,,,,,,,,,0.0,,,,,0.010218679904937744,0.013333333656191826
,mappo,,,,1439.0,0.0,0.0,0.6666666865348816,0.0,0.0,0.0,0.6666666865348816,0.0,0.0,0.0,0.0,0.0,0.0,,,,,,,
0.14937205612659454,mappo,2.7362641048966907e-05,-0.48962825536727905,0.0005678559519839947,1440.0,,,,,,,,,,,,,,0.0,,,,,0.01025247573852539,0.013333333656191826
,mappo,,,,1440.0,0.0,0.0,0.6666666865348816,0.0,0.0,0.0,0.6666666865348816,0.0,0.0,0.0,0.0,0.0,0.0,,,,,,,
0.023037470877170563,mappo,2.5924678993760608e-05,-0.4820941090583801,0.0005675558519506502,1441.0,,,,,,,,,,,,,,0.0,,,,,0.010147581808269024,0.013333333656191826
,mappo,,,,1441.0,0.0,0.0,0.6666666865348816,0.0,0.0,0.0,0.6666666865348816,0.0,0.0,0.0,0.0,0.0,0.0,,,,,,,
-0.003139494452625513,mappo,3.0738381610717624e-05,-0.4928273558616638,0.0005672557519173058,1442.0,,,,,,,,,,,,,,0.0,,,,,0.010262846946716309,0.013333333656191826
,mappo,,,,1442.0,0.0,0.0,0.6666666865348816,0.0,0.0,0.0,0.6666666865348816,0.0,0.0,0.0,0.0,0.0,0.0,,,,,,,
0.05919647216796875,mappo,2.801540722430218e-05,-0.502846360206604,0.0005669556518839614,1443.0,,,,,,,,,,,,,,0.0,,,,,0.010344892740249634,0.013333333656191826
,mappo,,,,1443.0,0.0,0.0,0.6666666865348816,0.0,0.0,0.0,0.6666666865348816,0.0,0.0,0.0,0.0,0.0,0.0,,,,,,,
0.02938341349363327,mappo,2.7619746106211096e-05,-0.5162521600723267,0.000566655551850617,1444.0,,,,,,,,,,,,,,0.0,,,,,0.010464131832122803,0.013333333656191826
,mappo,,,,1444.0,0.0,0.0,0.6666666865348816,0.0,0.0,0.0,0.6666666865348816,0.0,0.0,0.0,0.0,0.0,0.0,,,,,,,
0.035321176052093506,mappo,3.156288221362047e-05,-0.5210303068161011,0.0005663554518172724,1445.0,,,,,,,,,,,,,,0.0,,,,,0.01019429974257946,0.013333333656191826
,mappo,,,,1445.0,0.0,0.0,0.6666666865348816,0.0,0.0,0.0,0.6666666865348816,0.0,0.0,0.0,0.0,0.0,0.0,,,,,,,
0.0688546746969223,mappo,2.6853640520130284e-05,-0.5377563238143921,0.0005660553517839279,1446.0,,,,,,,,,,,,,,0.0,,,,,0.01031467691063881,0.013333333656191826
,mappo,,,,1446.0,0.0,0.0,0.6666666865348816,0.0,0.0,0.0,0.6666666865348816,0.0,0.0,0.0,0.0,0.0,0.0,,,,,,,
-0.0038487566635012627,mappo,1.9236995285609737e-05,-0.5310342311859131,0.0005657552517505835,1447.0,,,,,,,,,,,,,,0.0,,,,,0.010080862790346146,0.013333333656191826
,mappo,,,,1447.0,0.0,0.0,0.6666666865348816,0.0,0.0,0.0,0.6666666865348816,0.0,0.0,0.0,0.0,0.0,0.0,,,,,,,
0.01615910232067108,mappo,1.8006237951340154e-05,-0.4891139268875122,0.0005654551517172391,1448.0,,,,,,,,,,,,,,0.0,,,,,0.0100043173879385,0.013333333656191826
,mappo,,,,1448.0,0.0,0.0,0.6666666865348816,0.0,0.0,0.0,0.6666666865348816,0.0,0.0,0.0,0.0,0.0,0.0,,,,,,,
0.025311894714832306,mappo,2.3009175492916256e-05,-0.5147271156311035,0.0005651550516838947,1449.0,,,,,,,,,,,,,,0.0,,,,,0.010307522490620613,0.013333333656191826
,mappo,,,,1449.0,0.0,0.0,0.6666666865348816,0.0,0.0,0.0,0.6666666865348816,0.0,0.0,0.0,0.0,0.0,0.0,,,,,,,
-0.003141164779663086,mappo,1.7423322788090445e-05,-0.49592533707618713,0.0005648549516505503,1450.0,,,,,,,,,,,,,,0.0,,,,,0.010354287922382355,0.013333333656191826
,mappo,,,,1450.0,0.0,0.0,0.6666666865348816,0.0,0.0,0.0,0.6666666865348816,0.0,0.0,0.0,0.0,0.0,0.0,,,,,,,
-0.009664691053330898,mappo,1.7227890566573478e-05,-0.43222370743751526,0.0005645548516172058,1451.0,,,,,,,,,,,,,,0.0,,,,,0.010322516784071922,0.013333333656191826
,mappo,,,,1451.0,0.0,0.0,0.6666666865348816,0.0,0.0,0.0,0.6666666865348816,0.0,0.0,0.0,0.0,0.0,0.0,,,,,,,
-0.0007216131198219955,mappo,1.4995723176980391e-05,-0.4815240502357483,0.0005642547515838613,1452.0,,,,,,,,,,,,,,0.0,,,,,0.010446824133396149,0.013333333656191826
,mappo,,,,1452.0,0.0,0.0,0.6666666865348816,0.0,0.0,0.0,0.6666666865348816,0.0,0.0,0.0,0.0,0.0,0.0,,,,,,,
0.05187508836388588,mappo,1.9752220396185294e-05,-0.4893769919872284,0.0005639546515505169,1453.0,,,,,,,,,,,,,,0.0,,,,,0.010276339948177338,0.013333333656191826
,mappo,,,,1453.0,0.0,0.0,0.6666666865348816,0.0,0.0,0.0,0.6666666865348816,0.0,0.0,0.0,0.0,0.0,0.0,,,,,,,
0.0744108259677887,mappo,1.7476155335316435e-05,-0.5178515315055847,0.0005636545515171724,1454.0,,,,,,,,,,,,,,0.0,,,,,0.010335981845855713,0.013333333656191826
,mappo,,,,1454.0,0.0,0.0,0.6666666865348816,0.0,0.0,0.0,0.6666666865348816,0.0,0.0,0.0,0.0,0.0,0.0,,,,,,,
0.0352996364235878,mappo,3.7828023778274655e-05,-0.5009650588035583,0.000563354451483828,1455.0,,,,,,,,,,,,,,0.0,,,,,0.010238912887871265,0.013333333656191826
,mappo,,,,1455.0,0.0,0.0,0.6666666865348816,0.0,0.0,0.0,0.6666666865348816,0.0,0.0,0.0,0.0,0.0,0.0,,,,,,,
-0.009447157382965088,mappo,1.7226226191269234e-05,-0.4449501037597656,0.0005630543514504835,1456.0,,,,,,,,,,,,,,0.0,,,,,0.010303548537194729,0.013333333656191826
,mappo,,,,1456.0,0.0,0.0,0.6666666865348816,0.0,0.0,0.0,0.6666666865348816,0.0,0.0,0.0,0.0,0.0,0.0,,,,,,,
-0.0036448973696678877,mappo,1.3413283340923954e-05,-0.4592650830745697,0.000562754251417139,1457.0,,,,,,,,,,,,,,0.0,,,,,0.010132629424333572,0.013333333656191826
,mappo,,,,1457.0,0.0,0.0,0.6666666865348816,0.0,0.0,0.0,0.6666666865348816,0.0,0.0,0.0,0.0,0.0,0.0,,,,,,,
0.0009140645852312446,mappo,1.4327294593385886e-05,-0.46428003907203674,0.0005624541513837946,1458.0,,,,,,,,,,,,,,0.0,,,,,0.01044420525431633,0.013333333656191826
,mappo,,,,1458.0,0.0,0.0,0.6666666865348816,0.0,0.0,0.0,0.6666666865348816,0.0,0.0,0.0,0.0,0.0,0.0,,,,,,,
0.0066466801799833775,mappo,9.371546184411272e-06,-0.47774064540863037,0.0005621540513504502,1459.0,,,,,,,,,,,,,,0.0,,,,,0.010300826281309128,0.013333333656191826
,mappo,,,,1459.0,0.0,0.0,0.6666666865348816,0.0,0.0,0.0,0.6666666865348816,0.0,0.0,0.0,0.0,0.0,0.0,,,,,,,
0.01584010198712349,mappo,1.3999653674545698e-05,-0.4937204122543335,0.0005618539513171058,1460.0,,,,,,,,,,,,,,0.0,,,,,0.010371880605816841,0.013333333656191826
,mappo,,,,1460.0,0.0,0.0,0.6666666865348816,0.0,0.0,0.0,0.6666666865348816,0.0,0.0,0.0,0.0,0.0,0.0,,,,,,,
-0.0037798085249960423,mappo,1.0346208000555634e-05,-0.48548492789268494,0.0005615538512837613,1461.0,,,,,,,,,,,,,,0.0,,,,,0.010412698611617088,0.013333333656191826
,mappo,,,,1461.0,0.0,0.0,0.6666666865348816,0.0,0.0,0.0,0.6666666865348816,0.0,0.0,0.0,0.0,0.0,0.0,,,,,,,
-0.009676147252321243,mappo,8.010544661374297e-06,-0.475098580121994,0.0005612537512504169,1462.0,,,,,,,,,,,,,,0.0,,,,,0.010255839675664902,0.013333333656191826
,mappo,,,,1462.0,0.0,0.0,0.6666666865348816,0.0,0.0,0.0,0.6666666865348816,0.0,0.0,0.0,0.0,0.0,0.0,,,,,,,
-0.0043092891573905945,mappo,1.0281469258188736e-05,-0.4644222557544708,0.0005609536512170723,1463.0,,,,,,,,,,,,,,0.0,,,,,0.01018508616834879,0.013333333656191826
,mappo,,,,1463.0,0.0,0.0,0.6666666865348816,0.0,0.0,0.0,0.6666666865348816,0.0,0.0,0.0,0.0,0.0,0.0,,,,,,,
-0.003918389789760113,mappo,9.091068932320923e-06,-0.46308791637420654,0.0005606535511837279,1464.0,,,,,,,,,,,,,,0.0,,,,,0.010227231308817863,0.013333333656191826
,mappo,,,,1464.0,0.0,0.0,0.6666666865348816,0.0,0.0,0.0,0.6666666865348816,0.0,0.0,0.0,0.0,0.0,0.0,,,,,,,
0.005636532790958881,mappo,1.1952740351262037e-05,-0.49141108989715576,0.0005603534511503835,1465.0,,,,,,,,,,,,,,0.0,,,,,0.010574985295534134,0.013333333656191826
,mappo,,,,1465.0,0.0,0.0,0.6666666865348816,0.0,0.0,0.0,0.6666666865348816,0.0,0.0,0.0,0.0,0.0,0.0,,,,,,,
0.0507882721722126,mappo,2.387518725299742e-05,-0.5038243532180786,0.0005600533511170391,1466.0,,,,,,,,,,,,,,0.0,,,,,0.010351275093853474,0.013333333656191826
,mappo,,,,1466.0,0.0,0.0,0.6666666865348816,0.0,0.0,0.0,0.6666666865348816,0.0,0.0,0.0,0.0,0.0,0.0,,,,,,,
-0.00543734896928072,mappo,9.842437975748908e-06,-0.5208691358566284,0.0005597532510836946,1467.0,,,,,,,,,,,,,,0.0,,,,,0.010383885353803635,0.013333333656191826
,mappo,,,,1467.0,0.0,0.0,0.6666666865348816,0.0,0.0,0.0,0.6666666865348816,0.0,0.0,0.0,0.0,0.0,0.0,,,,,,,
0.030035756528377533,mappo,6.153275080578169e-06,-0.4975909888744354,0.0005594531510503501,1468.0,,,,,,,,,,,,,,0.0,,,,,0.010514777153730392,0.013333333656191826
,mappo,,,,1468.0,0.0,0.0,0.6666666865348816,0.0,0.0,0.0,0.6666666865348816,0.0,0.0,0.0,0.0,0.0,0.0,,,,,,,
0.00555454334244132,mappo,6.8517279032676015e-06,-0.417010098695755,0.0005591530510170057,1469.0,,,,,,,,,,,,,,0.0,,,,,0.010256676934659481,0.013333333656191826
,mappo,,,,1469.0,0.0,0.0,0.6666666865348816,0.0,0.0,0.0,0.6666666865348816,0.0,0.0,0.0,0.0,0.0,0.0,,,,,,,
-0.005643132608383894,mappo,6.080342700442998e-06,-0.4706282615661621,0.0005588529509836613,1470.0,,,,,,,,,,,,,,0.0,,,,,0.010333767160773277,0.013333333656191826
,mappo,,,,1470.0,0.0,0.0,0.6666666865348816,0.0,0.0,0.0,0.6666666865348816,0.0,0.0,0.0,0.0,0.0,0.0,,,,,,,
-0.008455527946352959,mappo,5.285479346639477e-06,-0.46767938137054443,0.0005585528509503169,1471.0,,,,,,,,,,,,,,0.0,,,,,0.010449163615703583,0.013333333656191826
,mappo,,,,1471.0,0.0,0.0,0.6666666865348816,0.0,0.0,0.0,0.6666666865348816,0.0,0.0,0.0,0.0,0.0,0.0,,,,,,,
0.001596581656485796,mappo,5.526710083358921e-06,-0.4673715829849243,0.0005582527509169723,1472.0,,,,,,,,,,,,,,0.0,,,,,0.01036878116428852,0.013333333656191826
,mappo,,,,1472.0,0.0,0.0,0.6666666865348816,0.0,0.0,0.0,0.6666666865348816,0.0,0.0,0.0,0.0,0.0,0.0,,,,,,,
0.004414040595293045,mappo,1.0914830454566982e-05,-0.48984605073928833,0.0005579526508836279,1473.0,,,,,,,,,,,,,,0.0,,,,,0.010406717658042908,0.013333333656191826
,mappo,,,,1473.0,0.0,0.0,0.6666666865348816,0.0,0.0,0.0,0.6666666865348816,0.0,0.0,0.0,0.0,0.0,0.0,,,,,,,
-0.0021215109154582024,mappo,1.11133667815011e-05,-0.5237641334533691,0.0005576525508502834,1474.0,,,,,,,,,,,,,,0.0,,,,,0.010522929951548576,0.013333333656191826
,mappo,,,,1474.0,0.0,0.0,0.6666666865348816,0.0,0.0,0.0,0.6666666865348816,0.0,0.0,0.0,0.0,0.0,0.0,,,,,,,
0.003520300379022956,mappo,2.2019134121364914e-05,-0.5901319980621338,0.000557352450816939,1475.0,,,,,,,,,,,,,,0.0,,,,,0.01075146533548832,0.013333333656191826
,mappo,,,,1475.0,0.0,0.0,0.6666666865348816,0.0,0.0,0.0,0.6666666865348816,0.0,0.0,0.0,0.0,0.0,0.0,,,,,,,
0.0033387967851012945,mappo,2.948219480458647e-05,-0.6174484491348267,0.0005570523507835946,1476.0,,,,,,,,,,,,,,0.0,,,,,0.01084668654948473,0.013333333656191826
,mappo,,,,1476.0,0.0,0.0,0.6666666865348816,0.0,0.0,0.0,0.6666666865348816,0.0,0.0,0.0,0.0,0.0,0.0,,,,,,,
0.006465863902121782,mappo,2.3476877686334774e-05,-0.4813506603240967,0.0005567522507502502,1477.0,,,,,,,,,,,,,,0.0,,,,,0.010475502349436283,0.013333333656191826
,mappo,,,,1477.0,0.0,0.0,0.6666666865348816,0.0,0.0,0.0,0.6666666865348816,0.0,0.0,0.0,0.0,0.0,0.0,,,,,,,
8.801417425274849e-05,mappo,1.1729608559107874e-05,-0.4953991174697876,0.0005564521507169057,1478.0,,,,,,,,,,,,,,0.0,,,,,0.01028590276837349,0.013333333656191826
,mappo,,,,1478.0,0.0,0.0,0.6666666865348816,0.0,0.0,0.0,0.6666666865348816,0.0,0.0,0.0,0.0,0.0,0.0,,,,,,,
-0.0034188099671155214,mappo,1.1696965884766541e-05,-0.5317734479904175,0.0005561520506835612,1479.0,,,,,,,,,,,,,,0.0,,,,,0.01048523560166359,0.013333333656191826
,mappo,,,,1479.0,0.0,0.0,0.6666666865348816,0.0,0.0,0.0,0.6666666865348816,0.0,0.0,0.0,0.0,0.0,0.0,,,,,,,
0.0015445500612258911,mappo,1.981724017241504e-05,-0.5794853568077087,0.0005558519506502168,1480.0,,,,,,,,,,,,,,0.0,,,,,0.010359667241573334,0.013333333656191826
,mappo,,,,1480.0,0.0,0.0,0.6666666865348816,0.0,0.0,0.0,0.6666666865348816,0.0,0.0,0.0,0.0,0.0,0.0,,,,,,,
0.011342245154082775,mappo,3.9470633055316284e-06,-0.5608230233192444,0.0005555518506168723,1481.0,,,,,,,,,,,,,,0.0,,,,,0.01029896829277277,0.013333333656191826
,mappo,,,,1481.0,0.0,0.0,0.6666666865348816,0.0,0.0,0.0,0.6666666865348816,0.0,0.0,0.0,0.0,0.0,0.0,,,,,,,
0.1308397352695465,mappo,5.231879185885191e-06,-0.594857394695282,0.0005552517505835279,1482.0,,,,,,,,,,,,,,0.0,,,,,0.010482138022780418,0.013333333656191826
,mappo,,,,1482.0,0.0,0.0,0.6666666865348816,0.0,0.0,0.0,0.6666666865348816,0.0,0.0,0.0,0.0,0.0,0.0,,,,,,,
0.005980995949357748,mappo,3.909277893399121e-06,-0.5746171474456787,0.0005549516505501834,1483.0,,,,,,,,,,,,,,0.0,,,,,0.010256835259497166,0.013333333656191826
,mappo,,,,1483.0,0.0,0.0,0.6666666865348816,0.0,0.0,0.0,0.6666666865348816,0.0,0.0,0.0,0.0,0.0,0.0,,,,,,,
0.005947451572865248,mappo,2.5493718567304313e-06,-0.5827773213386536,0.000554651550516839,1484.0,,,,,,,,,,,,,,0.0,,,,,0.010319667868316174,0.013333333656191826
,mappo,,,,1484.0,0.0,0.0,0.6666666865348816,0.0,0.0,0.0,0.6666666865348816,0.0,0.0,0.0,0.0,0.0,0.0,,,,,,,
0.0007973512401804328,mappo,2.3812044673832133e-06,-0.5658378601074219,0.0005543514504834945,1485.0,,,,,,,,,,,,,,0.0,,,,,0.010388793423771858,0.013333333656191826
,mappo,,,,1485.0,0.0,0.0,0.6666666865348816,0.0,0.0,0.0,0.6666666865348816,0.0,0.0,0.0,0.0,0.0,0.0,,,,,,,
-0.013772835023701191,mappo,2.9424381864373572e-06,-0.5372564792633057,0.0005540513504501501,1486.0,,,,,,,,,,,,,,0.0,,,,,0.010291584767401218,0.013333333656191826
,mappo,,,,1486.0,0.0,0.0,0.6666666865348816,0.0,0.0,0.0,0.6666666865348816,0.0,0.0,0.0,0.0,0.0,0.0,,,,,,,
0.0721798911690712,mappo,2.331354380658013e-06,-0.4980285167694092,0.0005537512504168057,1487.0,,,,,,,,,,,,,,0.0,,,,,0.010456589981913567,0.013333333656191826
,mappo,,,,1487.0,0.0,0.0,0.6666666865348816,0.0,0.0,0.0,0.6666666865348816,0.0,0.0,0.0,0.0,0.0,0.0,,,,,,,
0.04200221225619316,mappo,7.766294402244966e-06,-0.44534632563591003,0.0005534511503834613,1488.0,,,,,,,,,,,,,,0.0,,,,,0.010238423943519592,0.013333333656191826
,mappo,,,,1488.0,0.0,0.0,0.6666666865348816,0.0,0.0,0.0,0.6666666865348816,0.0,0.0,0.0,0.0,0.0,0.0,,,,,,,
-0.004349945113062859,mappo,5.812475137645379e-06,-0.4273042380809784,0.0005531510503501166,1489.0,,,,,,,,,,,,,,0.0,,,,,0.010461272671818733,0.013333333656191826
,mappo,,,,1489.0,0.0,0.0,0.6666666865348816,0.0,0.0,0.0,0.6666666865348816,0.0,0.0,0.0,0.0,0.0,0.0,,,,,,,
0.015864355489611626,mappo,1.1116365385532845e-05,-0.464013010263443,0.0005528509503167722,1490.0,,,,,,,,,,,,,,0.0,,,,,0.01042687427252531,0.013333333656191826
,mappo,,,,1490.0,0.0,0.0,0.6666666865348816,0.0,0.0,0.0,0.6666666865348816,0.0,0.0,0.0,0.0,0.0,0.0,,,,,,,
-0.007463887799531221,mappo,7.129607638489688e-06,-0.5087628364562988,0.0005525508502834278,1491.0,,,,,,,,,,,,,,0.0,,,,,0.010591229423880577,0.013333333656191826
,mappo,,,,1491.0,0.0,0.0,0.6666666865348816,0.0,0.0,0.0,0.6666666865348816,0.0,0.0,0.0,0.0,0.0,0.0,,,,,,,
-0.012019003741443157,mappo,1.5871582945692353e-05,-0.574833869934082,0.0005522507502500834,1492.0,,,,,,,,,,,,,,0.0,,,,,0.01041939202696085,0.013333333656191826
,mappo,,,,1492.0,0.0,0.0,0.6666666865348816,0.0,0.0,0.0,0.6666666865348816,0.0,0.0,0.0,0.0,0.0,0.0,,,,,,,
-0.0032314551062881947,mappo,4.34301546192728e-05,-0.4898682236671448,0.000551950650216739,1493.0,,,,,,,,,,,,,,0.0,,,,,0.010376070626080036,0.013333333656191826
,mappo,,,,1493.0,0.0,0.0,0.6666666865348816,0.0,0.0,0.0,0.6666666865348816,0.0,0.0,0.0,0.0,0.0,0.0,,,,,,,
0.0007906561950221658,mappo,1.6947495169006288e-05,-0.5425207614898682,0.0005516505501833945,1494.0,,,,,,,,,,,,,,0.0,,,,,0.010221024043858051,0.013333333656191826
,mappo,,,,1494.0,0.0,0.0,0.6666666865348816,0.0,0.0,0.0,0.6666666865348816,0.0,0.0,0.0,0.0,0.0,0.0,,,,,,,
-0.005175366997718811,mappo,6.388114798028255e-06,-0.5761871933937073,0.0005513504501500501,1495.0,,,,,,,,,,,,,,0.0,,,,,0.010382359847426414,0.013333333656191826
,mappo,,,,1495.0,0.0,0.0,0.6666666865348816,0.0,0.0,0.0,0.6666666865348816,0.0,0.0,0.0,0.0,0.0,0.0,,,,,,,
0.005579056683927774,mappo,3.742569333553547e-06,-0.6190841794013977,0.0005510503501167056,1496.0,,,,,,,,,,,,,,0.0,,,,,0.010511033236980438,0.013333333656191826
,mappo,,,,1496.0,0.0,0.0,0.6666666865348816,0.0,0.0,0.0,0.6666666865348816,0.0,0.0,0.0,0.0,0.0,0.0,,,,,,,
-0.003974809776991606,mappo,4.076389359397581e-06,-0.6242844462394714,0.0005507502500833612,1497.0,,,,,,,,,,,,,,0.0,,,,,0.010485663078725338,0.013333333656191826
,mappo,,,,1497.0,0.0,0.0,0.6666666865348816,0.0,0.0,0.0,0.6666666865348816,0.0,0.0,0.0,0.0,0.0,0.0,,,,,,,
-0.0074841598980128765,mappo,6.774057510483544e-06,-0.662404477596283,0.0005504501500500168,1498.0,,,,,,,,,,,,,,0.0,,,,,0.010619211941957474,0.013333333656191826
,mappo,,,,1498.0,0.0,0.0,0.6666666865348816,0.0,0.0,0.0,0.6666666865348816,0.0,0.0,0.0,0.0,0.0,0.0,,,,,,,
-0.009352287277579308,mappo,4.6885957090125885e-06,-0.6537108421325684,0.0005501500500166723,1499.0,,,,,,,,,,,,,,0.0,,,,,0.010408436879515648,0.013333333656191826
,mappo,,,,1499.0,0.0,0.0,0.6666666865348816,0.0,0.0,0.0,0.6666666865348816,0.0,0.0,0.0,0.0,0.0,0.0,,,,,,,
,mappo,,,,1499.0,,,,,,,,,,,,,,,0.0,0.0,0.3333333432674408,0.0,,
0.019789809361100197,mappo,1.6978472558548674e-05,-0.6809698939323425,0.0005498499499833278,1500.0,,,,,,,,,,,,,,0.0,,,,,0.010460215620696545,0.013333333656191826
,mappo,,,,1500.0,0.0,0.0,0.6666666865348816,0.0,0.0,0.0,0.6666666865348816,0.0,0.0,0.0,0.0,0.0,0.0,,,,,,,
-0.0029990989714860916,mappo,6.838869467173936e-06,-0.6269415616989136,0.0005495498499499833,1501.0,,,,,,,,,,,,,,0.0,,,,,0.01035210583359003,0.013333333656191826
,mappo,,,,1501.0,0.0,0.0,0.6666666865348816,0.0,0.0,0.0,0.6666666865348816,0.0,0.0,0.0,0.0,0.0,0.0,,,,,,,
0.007507609203457832,mappo,6.224384378583636e-06,-0.6263129711151123,0.0005492497499166389,1502.0,,,,,,,,,,,,,,0.0,,,,,0.010518820956349373,0.013333333656191826
,mappo,,,,1502.0,0.0,0.0,0.6666666865348816,0.0,0.0,0.0,0.6666666865348816,0.0,0.0,0.0,0.0,0.0,0.0,,,,,,,
-8.247254299931228e-05,mappo,1.9779039575951174e-05,-0.7265608310699463,0.0005489496498832945,1503.0,,,,,,,,,,,,,,0.0,,,,,0.010796167887747288,0.013333333656191826
,mappo,,,,1503.0,0.0,0.0,0.6666666865348816,0.0,0.0,0.0,0.6666666865348816,0.0,0.0,0.0,0.0,0.0,0.0,,,,,,,
0.025854060426354408,mappo,6.679496891592862e-06,-0.6729194521903992,0.0005486495498499501,1504.0,,,,,,,,,,,,,,0.0,,,,,0.010538515634834766,0.013333333656191826
,mappo,,,,1504.0,0.0,0.0,0.6666666865348816,0.0,0.0,0.0,0.6666666865348816,0.0,0.0,0.0,0.0,0.0,0.0,,,,,,,
0.03429827839136124,mappo,3.114402716164477e-05,-0.6586394906044006,0.0005483494498166056,1505.0,,,,,,,,,,,,,,0.0,,,,,0.010523702949285507,0.013333333656191826
,mappo,,,,1505.0,0.0,0.0,0.6666666865348816,0.0,0.0,0.0,0.6666666865348816,0.0,0.0,0.0,0.0,0.0,0.0,,,,,,,
0.030178960412740707,mappo,5.2611717364925425e-06,-0.6206802129745483,0.0005480493497832611,1506.0,,,,,,,,,,,,,,0.0,,,,,0.010421935468912125,0.013333333656191826
,mappo,,,,1506.0,0.0,0.0,0.6666666865348816,0.0,0.0,0.0,0.6666666865348816,0.0,0.0,0.0,0.0,0.0,0.0,,,,,,,
0.010531382635235786,mappo,6.8508666117850225e-06,-0.6180061101913452,0.0005477492497499166,1507.0,,,,,,,,,,,,,,0.0,,,,,0.010391771793365479,0.013333333656191826
,mappo,,,,1507.0,0.0,0.0,0.6666666865348816,0.0,0.0,0.0,0.6666666865348816,0.0,0.0,0.0,0.0,0.0,0.0,,,,,,,
-0.006319351494312286,mappo,7.199074389063753e-06,-0.6090489029884338,0.0005474491497165722,1508.0,,,,,,,,,,,,,,0.0,,,,,0.010486546903848648,0.013333333656191826
,mappo,,,,1508.0,0.0,0.0,0.6666666865348816,0.0,0.0,0.0,0.6666666865348816,0.0,0.0,0.0,0.0,0.0,0.0,,,,,,,
-0.00664398493245244,mappo,9.158754437521566e-06,-0.5855943560600281,0.0005471490496832278,1509.0,,,,,,,,,,,,,,0.0,,,,,0.010321606881916523,0.013333333656191826
,mappo,,,,1509.0,0.0,0.0,0.6666666865348816,0.0,0.0,0.0,0.6666666865348816,0.0,0.0,0.0,0.0,0.0,0.0,,,,,,,
0.0013301154831424356,mappo,1.216534565173788e-05,-0.5671026110649109,0.0005468489496498833,1510.0,,,,,,,,,,,,,,0.0,,,,,0.010426295921206474,0.013333333656191826
,mappo,,,,1510.0,0.0,0.0,0.6666666865348816,0.0,0.0,0.0,0.6666666865348816,0.0,0.0,0.0,0.0,0.0,0.0,,,,,,,
-0.0007697102264501154,mappo,7.220381121442188e-06,-0.5755579471588135,0.0005465488496165389,1511.0,,,,,,,,,,,,,,0.0,,,,,0.010676976293325424,0.013333333656191826
,mappo,,,,1511.0,0.0,0.0,0.6666666865348816,0.0,0.0,0.0,0.6666666865348816,0.0,0.0,0.0,0.0,0.0,0.0,,,,,,,
0.006660505197942257,mappo,1.2920745575684123e-05,-0.6612962484359741,0.0005462487495831944,1512.0,,,,,,,,,,,,,,0.0,,,,,0.010611023753881454,0.013333333656191826
,mappo,,,,1512.0,0.0,0.0,0.6666666865348816,0.0,0.0,0.0,0.6666666865348816,0.0,0.0,0.0,0.0,0.0,0.0,,,,,,,
0.00016817469440866262,mappo,3.738070972758578e-06,-0.6059513092041016,0.00054594864954985,1513.0,,,,,,,,,,,,,,0.0,,,,,0.010468127205967903,0.013333333656191826
,mappo,,,,1513.0,0.0,0.0,0.6666666865348816,0.0,0.0,0.0,0.6666666865348816,0.0,0.0,0.0,0.0,0.0,0.0,,,,,,,
0.0028698835521936417,mappo,2.004265297728125e-05,-0.5698567032814026,0.0005456485495165056,1514.0,,,,,,,,,,,,,,0.0,,,,,0.010470625013113022,0.013333333656191826
,mappo,,,,1514.0,0.0,0.0,0.6666666865348816,0.0,0.0,0.0,0.6666666865348816,0.0,0.0,0.0,0.0,0.0,0.0,,,,,,,
-0.007250254973769188,mappo,5.2720861276611686e-06,-0.532191276550293,0.0005453484494831612,1515.0,,,,,,,,,,,,,,0.0,,,,,0.010174071416258812,0.013333333656191826
,mappo,,,,1515.0,0.0,0.0,0.6666666865348816,0.0,0.0,0.0,0.6666666865348816,0.0,0.0,0.0,0.0,0.0,0.0,,,,,,,
-0.002739091170951724,mappo,4.970203917764593e-06,-0.5733110308647156,0.0005450483494498166,1516.0,,,,,,,,,,,,,,0.0,,,,,0.010351348668336868,0.013333333656191826
,mappo,,,,1516.0,0.0,0.0,0.6666666865348816,0.0,0.0,0.0,0.6666666865348816,0.0,0.0,0.0,0.0,0.0,0.0,,,,,,,
0.0011569489724934101,mappo,4.117707703699125e-06,-0.5505225658416748,0.0005447482494164721,1517.0,,,,,,,,,,,,,,0.0,,,,,0.01045081578195095,0.013333333656191826
,mappo,,,,1517.0,0.0,0.0,0.6666666865348816,0.0,0.0,0.0,0.6666666865348816,0.0,0.0,0.0,0.0,0.0,0.0,,,,,,,
-0.013718256726861,mappo,2.75949696515454e-06,-0.5515347123146057,0.0005444481493831277,1518.0,,,,,,,,,,,,,,0.0,,,,,0.010290108621120453,0.013333333656191826
,mappo,,,,1518.0,0.0,0.0,0.6666666865348816,0.0,0.0,0.0,0.6666666865348816,0.0,0.0,0.0,0.0,0.0,0.0,,,,,,,
0.04435744881629944,mappo,1.4660735359939281e-05,-0.6521034836769104,0.0005441480493497833,1519.0,,,,,,,,,,,,,,0.0,,,,,0.010489766485989094,0.013333333656191826
,mappo,,,,1519.0,0.0,0.0,0.6666666865348816,0.0,0.0,0.0,0.6666666865348816,0.0,0.0,0.0,0.0,0.0,0.0,,,,,,,
0.025585051625967026,mappo,1.8799304598360322e-05,-0.541420042514801,0.0005438479493164389,1520.0,,,,,,,,,,,,,,0.0,,,,,0.01051672175526619,0.013333333656191826
,mappo,,,,1520.0,0.0,0.0,0.6666666865348816,0.0,0.0,0.0,0.6666666865348816,0.0,0.0,0.0,0.0,0.0,0.0,,,,,,,
0.02297690138220787,mappo,9.31861450226279e-06,-0.5780360698699951,0.0005435478492830944,1521.0,,,,,,,,,,,,,,0.0,,,,,0.010432135313749313,0.013333333656191826
,mappo,,,,1521.0,0.0,0.0,0.6666666865348816,0.0,0.0,0.0,0.6666666865348816,0.0,0.0,0.0,0.0,0.0,0.0,,,,,,,
0.003282080637291074,mappo,2.0204431621095864e-06,-0.581855833530426,0.0005432477492497499,1522.0,,,,,,,,,,,,,,0.0,,,,,0.01040428876876831,0.013333333656191826
,mappo,,,,1522.0,0.0,0.0,0.6666666865348816,0.0,0.0,0.0,0.6666666865348816,0.0,0.0,0.0,0.0,0.0,0.0,,,,,,,
-0.004311711527407169,mappo,1.8643502244231058e-06,-0.5332459807395935,0.0005429476492164055,1523.0,,,,,,,,,,,,,,0.0,,,,,0.0105424290522933,0.013333333656191826
,mappo,,,,1523.0,0.0,0.0,0.6666666865348816,0.0,0.0,0.0,0.6666666865348816,0.0,0.0,0.0,0.0,0.0,0.0,,,,,,,
0.03811071068048477,mappo,1.095432980946498e-05,-0.6727487444877625,0.0005426475491830611,1524.0,,,,,,,,,,,,,,0.0,,,,,0.01066773384809494,0.013333333656191826
,mappo,,,,1524.0,0.0,0.0,0.6666666865348816,0.0,0.0,0.0,0.6666666865348816,0.0,0.0,0.0,0.0,0.0,0.0,,,,,,,
0.05895424261689186,mappo,9.200988642987795e-06,-0.5802361965179443,0.0005423474491497166,1525.0,,,,,,,,,,,,,,0.0,,,,,0.010561132803559303,0.013333333656191826
,mappo,,,,1525.0,0.0,0.0,0.6666666865348816,0.0,0.0,0.0,0.6666666865348816,0.0,0.0,0.0,0.0,0.0,0.0,,,,,,,
0.006425861734896898,mappo,1.3303759260452352e-05,-0.6994019746780396,0.0005420473491163722,1526.0,,,,,,,,,,,,,,0.0,,,,,0.010821024887263775,0.013333333656191826
,mappo,,,,1526.0,0.0,0.0,0.6666666865348816,0.0,0.0,0.0,0.6666666865348816,0.0,0.0,0.0,0.0,0.0,0.0,,,,,,,
0.0017995901871472597,mappo,1.786692337191198e-05,-0.6726812124252319,0.0005417472490830277,1527.0,,,,,,,,,,,,,,0.0,,,,,0.010470738634467125,0.013333333656191826
,mappo,,,,1527.0,0.0,0.0,0.6666666865348816,0.0,0.0,0.0,0.6666666865348816,0.0,0.0,0.0,0.0,0.0,0.0,,,,,,,
0.08047357946634293,mappo,1.147967759607127e-05,-0.6420025825500488,0.0005414471490496832,1528.0,,,,,,,,,,,,,,0.0,,,,,0.01039954274892807,0.013333333656191826
,mappo,,,,1528.0,0.0,0.0,0.6666666865348816,0.0,0.0,0.0,0.6666666865348816,0.0,0.0,0.0,0.0,0.0,0.0,,,,,,,
-0.00628074211999774,mappo,2.313292498001829e-06,-0.6395244002342224,0.0005411470490163388,1529.0,,,,,,,,,,,,,,0.0,,,,,0.010475692339241505,0.013333333656191826
,mappo,,,,1529.0,0.0,0.0,0.6666666865348816,0.0,0.0,0.0,0.6666666865348816,0.0,0.0,0.0,0.0,0.0,0.0,,,,,,,
0.006102347280830145,mappo,1.6956433682935312e-05,-0.699784517288208,0.0005408469489829944,1530.0,,,,,,,,,,,,,,0.0,,,,,0.010708835907280445,0.013333333656191826
,mappo,,,,1530.0,0.0,0.0,0.6666666865348816,0.0,0.0,0.0,0.6666666865348816,0.0,0.0,0.0,0.0,0.0,0.0,,,,,,,
-0.008019468747079372,mappo,6.7922087509941775e-06,-0.5691059827804565,0.00054054684894965,1531.0,,,,,,,,,,,,,,0.0,,,,,0.010219069197773933,0.013333333656191826
,mappo,,,,1531.0,0.0,0.0,0.6666666865348816,0.0,0.0,0.0,0.6666666865348816,0.0,0.0,0.0,0.0,0.0,0.0,,,,,,,
0.004253367893397808,mappo,1.1625108527368866e-05,-0.749189019203186,0.0005402467489163055,1532.0,,,,,,,,,,,,,,0.0,,,,,0.01072470098733902,0.013333333656191826
,mappo,,,,1532.0,0.0,0.0,0.6666666865348816,0.0,0.0,0.0,0.6666666865348816,0.0,0.0,0.0,0.0,0.0,0.0,,,,,,,
-0.0054372018203139305,mappo,1.2079254702257458e-05,-0.6106072664260864,0.000539946648882961,1533.0,,,,,,,,,,,,,,0.0,,,,,0.010397656820714474,0.013333333656191826
,mappo,,,,1533.0,0.0,0.0,0.6666666865348816,0.0,0.0,0.0,0.6666666865348816,0.0,0.0,0.0,0.0,0.0,0.0,,,,,,,
0.022020388394594193,mappo,6.506245699711144e-05,-0.824051022529602,0.0005396465488496165,1534.0,,,,,,,,,,,,,,0.0,,,,,0.01088012382388115,0.013333333656191826
,mappo,,,,1534.0,0.0,0.0,0.6666666865348816,0.0,0.0,0.0,0.6666666865348816,0.0,0.0,0.0,0.0,0.0,0.0,,,,,,,
0.05040787160396576,mappo,4.105379048269242e-05,-0.512576699256897,0.0005393464488162721,1535.0,,,,,,,,,,,,,,0.0,,,,,0.010441431775689125,0.013333333656191826
,mappo,,,,1535.0,0.0,0.0,0.6666666865348816,0.0,0.0,0.0,0.6666666865348816,0.0,0.0,0.0,0.0,0.0,0.0,,,,,,,
0.07620161771774292,mappo,4.438959513208829e-05,-0.8327803611755371,0.0005390463487829277,1536.0,,,,,,,,,,,,,,0.0,,,,,0.010952094569802284,0.013333333656191826
,mappo,,,,1536.0,0.0,0.0,0.6666666865348816,0.0,0.0,0.0,0.6666666865348816,0.0,0.0,0.0,0.0,0.0,0.0,,,,,,,
0.023590674623847008,mappo,1.5299652659450658e-05,-0.7410598993301392,0.0005387462487495831,1537.0,,,,,,,,,,,,,,0.0,,,,,0.010793091729283333,0.013333333656191826
,mappo,,,,1537.0,0.0,0.0,0.6666666865348816,0.0,0.0,0.0,0.6666666865348816,0.0,0.0,0.0,0.0,0.0,0.0,,,,,,,
0.009918024763464928,mappo,1.5420962881762534e-05,-0.5970658659934998,0.0005384461487162388,1538.0,,,,,,,,,,,,,,0.0,,,,,0.01050776056945324,0.013333333656191826
,mappo,,,,1538.0,0.0,0.0,0.6666666865348816,0.0,0.0,0.0,0.6666666865348816,0.0,0.0,0.0,0.0,0.0,0.0,,,,,,,
0.036675889045000076,mappo,0.00011811190051957965,-0.9895601272583008,0.0005381460486828943,1539.0,,,,,,,,,,,,,,0.0,,,,,0.011069271713495255,0.006666666828095913
,mappo,,,,1539.0,0.0,0.0,0.3333333432674408,0.0,0.0,0.0,0.3333333432674408,0.0,0.0,0.0,0.0,0.0,0.0,,,,,,,
-0.0034315469674766064,mappo,0.00020746719383168966,-0.6265091896057129,0.0005378459486495499,1540.0,,,,,,,,,,,,,,0.0,,,,,0.010722952894866467,0.013333333656191826
,mappo,,,,1540.0,0.0,0.0,0.6666666865348816,0.0,0.0,0.0,0.6666666865348816,0.0,0.0,0.0,0.0,0.0,0.0,,,,,,,
0.0211055725812912,mappo,7.001189806032926e-05,-0.4869135022163391,0.0005375458486162055,1541.0,,,,,,,,,,,,,,0.0,,,,,0.010665424168109894,0.013333333656191826
,mappo,,,,1541.0,0.0,0.0,0.6666666865348816,0.0,0.0,0.0,0.6666666865348816,0.0,0.0,0.0,0.0,0.0,0.0,,,,,,,
-0.002322997199371457,mappo,2.2917371097719297e-05,-0.5392641425132751,0.0005372457485828611,1542.0,,,,,,,,,,,,,,0.0,,,,,0.010628798045217991,0.013333333656191826
,mappo,,,,1542.0,0.0,0.0,0.6666666865348816,0.0,0.0,0.0,0.6666666865348816,0.0,0.0,0.0,0.0,0.0,0.0,,,,,,,
0.004567766096442938,mappo,2.5987108529079705e-05,-0.5190409421920776,0.0005369456485495165,1543.0,,,,,,,,,,,,,,0.0,,,,,0.01056748628616333,0.013333333656191826
,mappo,,,,1543.0,0.0,0.0,0.6666666865348816,0.0,0.0,0.0,0.6666666865348816,0.0,0.0,0.0,0.0,0.0,0.0,,,,,,,
-0.002357818651944399,mappo,1.732293276290875e-05,-0.589514970779419,0.000536645548516172,1544.0,,,,,,,,,,,,,,0.0,,,,,0.010837452486157417,0.013333333656191826
,mappo,,,,1544.0,0.0,0.0,0.6666666865348816,0.0,0.0,0.0,0.6666666865348816,0.0,0.0,0.0,0.0,0.0,0.0,,,,,,,
0.002771787578240037,mappo,8.239933958975598e-05,-0.906183660030365,0.0005363454484828276,1545.0,,,,,,,,,,,,,,0.0,,,,,0.011330575682222843,0.013333333656191826
,mappo,,,,1545.0,0.0,0.0,0.6666666865348816,0.0,0.0,0.0,0.6666666865348816,0.0,0.0,0.0,0.0,0.0,0.0,,,,,,,
0.007004070561379194,mappo,0.00013947044499218464,-0.5301505923271179,0.0005360453484494832,1546.0,,,,,,,,,,,,,,0.0,,,,,0.010448580607771873,0.013333333656191826
,mappo,,,,1546.0,0.0,0.0,0.6666666865348816,0.0,0.0,0.0,0.6666666865348816,0.0,0.0,0.0,0.0,0.0,0.0,,,,,,,
0.010286251083016396,mappo,0.00021124791237525642,-1.0587888956069946,0.0005357452484161388,1547.0,,,,,,,,,,,,,,0.0,,,,,0.01135213766247034,0.013333333656191826
,mappo,,,,1547.0,0.0,0.0,0.6666666865348816,0.0,0.0,0.0,0.6666666865348816,0.0,0.0,0.0,0.0,0.0,0.0,,,,,,,
0.019850756973028183,mappo,0.00010572835890343413,-0.6597458124160767,0.0005354451483827942,1548.0,,,,,,,,,,,,,,0.0,,,,,0.010505395010113716,0.013333333656191826
,mappo,,,,1548.0,0.0,0.0,0.6666666865348816,0.0,0.0,0.0,0.6666666865348816,0.0,0.0,0.0,0.0,0.0,0.0,,,,,,,
0.04104476049542427,mappo,1.3850701179762837e-05,-0.7929006814956665,0.0005351450483494499,1549.0,,,,,,,,,,,,,,0.0,,,,,0.010755427181720734,0.013333333656191826
,mappo,,,,1549.0,0.0,0.0,0.6666666865348816,0.0,0.0,0.0,0.6666666865348816,0.0,0.0,0.0,0.0,0.0,0.0,,,,,,,
0.029408898204565048,mappo,5.4655270105286036e-06,-0.649966299533844,0.0005348449483161054,1550.0,,,,,,,,,,,,,,0.0,,,,,0.010492285713553429,0.013333333656191826
,mappo,,,,1550.0,0.0,0.0,0.6666666865348816,0.0,0.0,0.0,0.6666666865348816,0.0,0.0,0.0,0.0,0.0,0.0,,,,,,,
-0.004010678268969059,mappo,7.390522569039604e-06,-0.5926269292831421,0.000534544848282761,1551.0,,,,,,,,,,,,,,0.0,,,,,0.01049741916358471,0.013333333656191826
,mappo,,,,1551.0,0.0,0.0,0.6666666865348816,0.0,0.0,0.0,0.6666666865348816,0.0,0.0,0.0,0.0,0.0,0.0,,,,,,,
-0.006045415066182613,mappo,1.8788749002851546e-05,-0.625357449054718,0.0005342447482494164,1552.0,,,,,,,,,,,,,,0.0,,,,,0.010600429028272629,0.013333333656191826
,mappo,,,,1552.0,0.0,0.0,0.6666666865348816,0.0,0.0,0.0,0.6666666865348816,0.0,0.0,0.0,0.0,0.0,0.0,,,,,,,
0.32635655999183655,mappo,3.519581150612794e-05,-0.7939474582672119,0.0005339446482160721,1553.0,,,,,,,,,,,,,,0.0,,,,,0.010793603956699371,0.013333333656191826
,mappo,,,,1553.0,0.0,0.0,0.6666666865348816,0.0,0.0,0.0,0.6666666865348816,0.0,0.0,0.0,0.0,0.0,0.0,,,,,,,
0.05606280267238617,mappo,2.9328788514249027e-05,-0.6944486498832703,0.0005336445481827276,1554.0,,,,,,,,,,,,,,0.0,,,,,0.01062759943306446,0.013333333656191826
,mappo,,,,1554.0,0.0,0.0,0.6666666865348816,0.0,0.0,0.0,0.6666666865348816,0.0,0.0,0.0,0.0,0.0,0.0,,,,,,,
0.010811198502779007,mappo,6.217075133463368e-05,-0.5543651580810547,0.0005333444481493831,1555.0,,,,,,,,,,,,,,0.0,,,,,0.010138632729649544,0.013333333656191826
,mappo,,,,1555.0,0.0,0.0,0.6666666865348816,0.0,0.0,0.0,0.6666666865348816,0.0,0.0,0.0,0.0,0.0,0.0,,,,,,,
-0.002182283205911517,mappo,2.8136895707575604e-05,-0.6673052906990051,0.0005330443481160387,1556.0,,,,,,,,,,,,,,0.0,,,,,0.01046956330537796,0.013333333656191826
,mappo,,,,1556.0,0.0,0.0,0.6666666865348816,0.0,0.0,0.0,0.6666666865348816,0.0,0.0,0.0,0.0,0.0,0.0,,,,,,,
0.09577416628599167,mappo,0.00012439042620826513,-1.1957463026046753,0.0005327442480826943,1557.0,,,,,,,,,,,,,,0.0,,,,,0.011522553861141205,0.006666666828095913
,mappo,,,,1557.0,0.0,0.0,0.3333333432674408,0.0,0.0,0.0,0.3333333432674408,0.0,0.0,0.0,0.0,0.0,0.0,,,,,,,
-0.005930199753493071,mappo,0.00018700990767683834,-0.6095197796821594,0.0005324441480493499,1558.0,,,,,,,,,,,,,,0.0,,,,,0.010455338284373283,0.013333333656191826
,mappo,,,,1558.0,0.0,0.0,0.6666666865348816,0.0,0.0,0.0,0.6666666865348816,0.0,0.0,0.0,0.0,0.0,0.0,,,,,,,
-6.962285260669887e-05,mappo,5.0691211072262377e-05,-0.6338577270507812,0.0005321440480160053,1559.0,,,,,,,,,,,,,,0.0,,,,,0.010423669591546059,0.013333333656191826
,mappo,,,,1559.0,0.0,0.0,0.6666666865348816,0.0,0.0,0.0,0.6666666865348816,0.0,0.0,0.0,0.0,0.0,0.0,,,,,,,
-0.009853184223175049,mappo,2.725705962802749e-05,-0.5747302174568176,0.000531843947982661,1560.0,,,,,,,,,,,,,,0.0,,,,,0.010533631779253483,0.013333333656191826
,mappo,,,,1560.0,0.0,0.0,0.6666666865348816,0.0,0.0,0.0,0.6666666865348816,0.0,0.0,0.0,0.0,0.0,0.0,,,,,,,
0.007257995195686817,mappo,8.182236342690885e-05,-0.8598728179931641,0.0005315438479493164,1561.0,,,,,,,,,,,,,,0.0,,,,,0.010880997404456139,0.013333333656191826
,mappo,,,,1561.0,0.0,0.0,0.6666666865348816,0.0,0.0,0.0,0.6666666865348816,0.0,0.0,0.0,0.0,0.0,0.0,,,,,,,
-0.0033587170764803886,mappo,2.150812724721618e-05,-0.627508282661438,0.000531243747915972,1562.0,,,,,,,,,,,,,,0.0,,,,,0.010384194552898407,0.013333333656191826
,mappo,,,,1562.0,0.0,0.0,0.6666666865348816,0.0,0.0,0.0,0.6666666865348816,0.0,0.0,0.0,0.0,0.0,0.0,,,,,,,
0.02742299810051918,mappo,1.198973859573016e-05,-0.7705719470977783,0.0005309436478826275,1563.0,,,,,,,,,,,,,,0.0,,,,,0.01066831685602665,0.013333333656191826
,mappo,,,,1563.0,0.0,0.0,0.6666666865348816,0.0,0.0,0.0,0.6666666865348816,0.0,0.0,0.0,0.0,0.0,0.0,,,,,,,
0.05376150831580162,mappo,9.062768185685854e-06,-0.7577733397483826,0.0005306435478492832,1564.0,,,,,,,,,,,,,,0.0,,,,,0.010474259965121746,0.013333333656191826
,mappo,,,,1564.0,0.0,0.0,0.6666666865348816,0.0,0.0,0.0,0.6666666865348816,0.0,0.0,0.0,0.0,0.0,0.0,,,,,,,
0.026238054037094116,mappo,7.214789548015688e-06,-0.7277625799179077,0.0005303434478159387,1565.0,,,,,,,,,,,,,,0.0,,,,,0.010504662990570068,0.013333333656191826
,mappo,,,,1565.0,0.0,0.0,0.6666666865348816,0.0,0.0,0.0,0.6666666865348816,0.0,0.0,0.0,0.0,0.0,0.0,,,,,,,
0.01222272589802742,mappo,5.383780717238551e-06,-0.8487892746925354,0.0005300433477825942,1566.0,,,,,,,,,,,,,,0.0,,,,,0.010876993648707867,0.013333333656191826
,mappo,,,,1566.0,0.0,0.0,0.6666666865348816,0.0,0.0,0.0,0.6666666865348816,0.0,0.0,0.0,0.0,0.0,0.0,,,,,,,
-0.00207254639826715,mappo,9.764758033270482e-06,-0.746118426322937,0.0005297432477492498,1567.0,,,,,,,,,,,,,,0.0,,,,,0.010598489083349705,0.013333333656191826
,mappo,,,,1567.0,0.0,0.0,0.6666666865348816,0.0,0.0,0.0,0.6666666865348816,0.0,0.0,0.0,0.0,0.0,0.0,,,,,,,
0.0006123415078036487,mappo,8.436868483840954e-06,-0.8326226472854614,0.0005294431477159054,1568.0,,,,,,,,,,,,,,0.0,,,,,0.010752571746706963,0.013333333656191826
,mappo,,,,1568.0,0.0,0.0,0.6666666865348816,0.0,0.0,0.0,0.6666666865348816,0.0,0.0,0.0,0.0,0.0,0.0,,,,,,,
0.01018794160336256,mappo,2.649321140779648e-05,-0.6357535719871521,0.000529143047682561,1569.0,,,,,,,,,,,,,,0.0,,,,,0.010193202644586563,0.013333333656191826
,mappo,,,,1569.0,0.0,0.0,0.6666666865348816,0.0,0.0,0.0,0.6666666865348816,0.0,0.0,0.0,0.0,0.0,0.0,,,,,,,
0.025367166846990585,mappo,5.28610180481337e-05,-1.0044173002243042,0.0005288429476492163,1570.0,,,,,,,,,,,,,,0.0,,,,,0.0110711008310318,0.013333333656191826
,mappo,,,,1570.0,0.0,0.0,0.6666666865348816,0.0,0.0,0.0,0.6666666865348816,0.0,0.0,0.0,0.0,0.0,0.0,,,,,,,
-0.0018266465049237013,mappo,7.434507097059395e-06,-0.8981837034225464,0.000528542847615872,1571.0,,,,,,,,,,,,,,0.0,,,,,0.010864081792533398,0.013333333656191826
,mappo,,,,1571.0,0.0,0.0,0.6666666865348816,0.0,0.0,0.0,0.6666666865348816,0.0,0.0,0.0,0.0,0.0,0.0,,,,,,,
0.005448576994240284,mappo,9.676043191575445e-06,-1.017300009727478,0.0005282427475825275,1572.0,,,,,,,,,,,,,,0.0,,,,,0.010976266115903854,0.013333333656191826
,mappo,,,,1572.0,0.0,0.0,0.6666666865348816,0.0,0.0,0.0,0.6666666865348816,0.0,0.0,0.0,0.0,0.0,0.0,,,,,,,
0.030791353434324265,mappo,2.4362847398151644e-05,-0.8508960008621216,0.0005279426475491831,1573.0,,,,,,,,,,,,,,0.0,,,,,0.010664178989827633,0.013333333656191826
,mappo,,,,1573.0,0.0,0.0,0.6666666865348816,0.0,0.0,0.0,0.6666666865348816,0.0,0.0,0.0,0.0,0.0,0.0,,,,,,,
0.05611139535903931,mappo,2.9468093998730183e-05,-0.6573293209075928,0.0005276425475158386,1574.0,,,,,,,,,,,,,,0.0,,,,,0.010540418326854706,0.013333333656191826
,mappo,,,,1574.0,0.0,0.0,0.6666666865348816,0.0,0.0,0.0,0.6666666865348816,0.0,0.0,0.0,0.0,0.0,0.0,,,,,,,
-0.01122709084302187,mappo,3.087454388150945e-05,-0.814257025718689,0.0005273424474824943,1575.0,,,,,,,,,,,,,,0.0,,,,,0.010575775057077408,0.013333333656191826
,mappo,,,,1575.0,0.0,0.0,0.6666666865348816,0.0,0.0,0.0,0.6666666865348816,0.0,0.0,0.0,0.0,0.0,0.0,,,,,,,
-0.0010995962657034397,mappo,4.7614767026971094e-06,-0.7399650812149048,0.0005270423474491498,1576.0,,,,,,,,,,,,,,0.0,,,,,0.010539805516600609,0.013333333656191826
,mappo,,,,1576.0,0.0,0.0,0.6666666865348816,0.0,0.0,0.0,0.6666666865348816,0.0,0.0,0.0,0.0,0.0,0.0,,,,,,,
0.28570616245269775,mappo,0.0010962540982291102,-1.5813075304031372,0.0005267422474158053,1577.0,,,,,,,,,,,,,,0.0,,,,,0.012198783457279205,0.0
,mappo,,,,1577.0,0.0,0.0,0.0,0.0,0.0,0.0,0.0,0.0,0.0,0.0,0.0,0.0,0.0,,,,,,,
0.11912324279546738,mappo,0.001384907984174788,-0.8452106714248657,0.0005264421473824608,1578.0,,,,,,,,,,,,,,0.0,,,,,0.010749028995633125,0.013333333656191826
,mappo,,,,1578.0,0.0,0.0,0.6666666865348816,0.0,0.0,0.0,0.6666666865348816,0.0,0.0,0.0,0.0,0.0,0.0,,,,,,,
0.05924438685178757,mappo,0.0009723816765472293,-0.76950603723526,0.0005261420473491164,1579.0,,,,,,,,,,,,,,0.0,,,,,0.010478870943188667,0.013333333656191826
,mappo,,,,1579.0,0.0,0.0,0.6666666865348816,0.0,0.0,0.0,0.6666666865348816,0.0,0.0,0.0,0.0,0.0,0.0,,,,,,,
0.04605265334248543,mappo,0.0019173894543200731,-1.6421810388565063,0.000525841947315772,1580.0,,,,,,,,,,,,,,0.0,,,,,0.012052489444613457,0.0
,mappo,,,,1580.0,0.0,0.0,0.0,0.0,0.0,0.0,0.0,0.0,0.0,0.0,0.0,0.0,0.0,,,,,,,
0.06941075623035431,mappo,0.0009280180092900991,-1.657544732093811,0.0005255418472824274,1581.0,,,,,,,,,,,,,,0.0,,,,,0.012002404779195786,0.0
,mappo,,,,1581.0,0.0,0.0,0.0,0.0,0.0,0.0,0.0,0.0,0.0,0.0,0.0,0.0,0.0,,,,,,,
0.05913594365119934,mappo,0.00044608768075704575,-1.6462440490722656,0.000525241747249083,1582.0,,,,,,,,,,,,,,0.0,,,,,0.01201703492552042,0.0
,mappo,,,,1582.0,0.0,0.0,0.0,0.0,0.0,0.0,0.0,0.0,0.0,0.0,0.0,0.0,0.0,,,,,,,
-0.0021105194464325905,mappo,0.00613096309825778,-0.822888195514679,0.0005249416472157386,1583.0,,,,,,,,,,,,,,0.0,,,,,0.010612007230520248,0.013333333656191826
,mappo,,,,1583.0,0.0,0.0,0.6666666865348816,0.0,0.0,0.0,0.6666666865348816,0.0,0.0,0.0,0.0,0.0,0.0,,,,,,,
0.06430970877408981,mappo,0.004967528395354748,-1.097779393196106,0.0005246415471823942,1584.0,,,,,,,,,,,,,,0.0,,,,,0.011003666557371616,0.013333333656191826
,mappo,,,,1584.0,0.0,0.0,0.6666666865348816,0.0,0.0,0.0,0.6666666865348816,0.0,0.0,0.0,0.0,0.0,0.0,,,,,,,
-0.004505187273025513,mappo,0.002754753455519676,-0.8120195865631104,0.0005243414471490497,1585.0,,,,,,,,,,,,,,0.0,,,,,0.010499798692762852,0.013333333656191826
,mappo,,,,1585.0,0.0,0.0,0.6666666865348816,0.0,0.0,0.0,0.6666666865348816,0.0,0.0,0.0,0.0,0.0,0.0,,,,,,,
0.04401217773556709,mappo,0.0009369415929540992,-0.8638315796852112,0.0005240413471157054,1586.0,,,,,,,,,,,,,,0.0,,,,,0.010827291756868362,0.013333333656191826
,mappo,,,,1586.0,0.0,0.0,0.6666666865348816,0.0,0.0,0.0,0.6666666865348816,0.0,0.0,0.0,0.0,0.0,0.0,,,,,,,
0.004614099860191345,mappo,0.0004975971532985568,-0.988574743270874,0.0005237412470823608,1587.0,,,,,,,,,,,,,,0.0,,,,,0.010946056805551052,0.013333333656191826
,mappo,,,,1587.0,0.0,0.0,0.6666666865348816,0.0,0.0,0.0,0.6666666865348816,0.0,0.0,0.0,0.0,0.0,0.0,,,,,,,
0.030619585886597633,mappo,0.0002950055350083858,-0.9388776421546936,0.0005234411470490163,1588.0,,,,,,,,,,,,,,0.0,,,,,0.010870655998587608,0.013333333656191826
,mappo,,,,1588.0,0.0,0.0,0.6666666865348816,0.0,0.0,0.0,0.6666666865348816,0.0,0.0,0.0,0.0,0.0,0.0,,,,,,,
0.15460093319416046,mappo,0.0016487649409100413,-1.5784783363342285,0.0005231410470156719,1589.0,,,,,,,,,,,,,,0.0,,,,,0.012132596224546432,0.0
,mappo,,,,1589.0,0.0,0.0,0.0,0.0,0.0,0.0,0.0,0.0,0.0,0.0,0.0,0.0,0.0,,,,,,,
-0.008152305148541927,mappo,0.0008362900698557496,-1.036399483680725,0.0005228409469823275,1590.0,,,,,,,,,,,,,,0.0,,,,,0.011257493868470192,0.013333333656191826
,mappo,,,,1590.0,0.0,0.0,0.6666666865348816,0.0,0.0,0.0,0.6666666865348816,0.0,0.0,0.0,0.0,0.0,0.0,,,,,,,
0.01045659277588129,mappo,0.000503570947330445,-1.5948185920715332,0.0005225408469489831,1591.0,,,,,,,,,,,,,,0.0,,,,,0.012207458727061749,0.0
,mappo,,,,1591.0,0.0,0.0,0.0,0.0,0.0,0.0,0.0,0.0,0.0,0.0,0.0,0.0,0.0,,,,,,,
0.14408721029758453,mappo,0.0003666662087198347,-1.579270601272583,0.0005222407469156386,1592.0,,,,,,,,,,,,,,0.0,,,,,0.012274788692593575,0.0
,mappo,,,,1592.0,0.0,0.0,0.0,0.0,0.0,0.0,0.0,0.0,0.0,0.0,0.0,0.0,0.0,,,,,,,
0.09288671612739563,mappo,0.0027335069607943296,-0.7737413644790649,0.0005219406468822941,1593.0,,,,,,,,,,,,,,0.0,,,,,0.010567807592451572,0.013333333656191826
,mappo,,,,1593.0,0.0,0.0,0.6666666865348816,0.0,0.0,0.0,0.6666666865348816,0.0,0.0,0.0,0.0,0.0,0.0,,,,,,,
0.015259351581335068,mappo,0.0010832572588697076,-0.8817691802978516,0.0005216405468489497,1594.0,,,,,,,,,,,,,,0.0,,,,,0.010635933838784695,0.013333333656191826
,mappo,,,,1594.0,0.0,0.0,0.6666666865348816,0.0,0.0,0.0,0.6666666865348816,0.0,0.0,0.0,0.0,0.0,0.0,,,,,,,
-0.004895888734608889,mappo,0.0004466049431357533,-0.7695390582084656,0.0005213404468156053,1595.0,,,,,,,,,,,,,,0.0,,,,,0.010435264557600021,0.013333333656191826
,mappo,,,,1595.0,0.0,0.0,0.6666666865348816,0.0,0.0,0.0,0.6666666865348816,0.0,0.0,0.0,0.0,0.0,0.0,,,,,,,
0.005866912193596363,mappo,0.00037760220584459603,-0.8235368728637695,0.0005210403467822607,1596.0,,,,,,,,,,,,,,0.0,,,,,0.010669018141925335,0.013333333656191826
,mappo,,,,1596.0,0.0,0.0,0.6666666865348816,0.0,0.0,0.0,0.6666666865348816,0.0,0.0,0.0,0.0,0.0,0.0,,,,,,,
0.10259532183408737,mappo,0.00036734339664690197,-0.806596577167511,0.0005207402467489162,1597.0,,,,,,,,,,,,,,0.0,,,,,0.010615034028887749,0.013333333656191826
,mappo,,,,1597.0,0.0,0.0,0.6666666865348816,0.0,0.0,0.0,0.6666666865348816,0.0,0.0,0.0,0.0,0.0,0.0,,,,,,,
-0.008420608937740326,mappo,0.00012893056555185467,-0.8269480466842651,0.0005204401467155719,1598.0,,,,,,,,,,,,,,0.0,,,,,0.010624723508954048,0.013333333656191826
,mappo,,,,1598.0,0.0,0.0,0.6666666865348816,0.0,0.0,0.0,0.6666666865348816,0.0,0.0,0.0,0.0,0.0,0.0,,,,,,,
0.03608623892068863,mappo,4.707073821919039e-05,-0.8955358862876892,0.0005201400466822274,1599.0,,,,,,,,,,,,,,0.0,,,,,0.010746486485004425,0.013333333656191826
,mappo,,,,1599.0,0.0,0.0,0.6666666865348816,0.0,0.0,0.0,0.6666666865348816,0.0,0.0,0.0,0.0,0.0,0.0,,,,,,,
,mappo,,,,1599.0,,,,,,,,,,,,,,,0.0,0.0,0.3333333432674408,0.0,,
0.0472632572054863,mappo,6.024538379278965e-05,-0.8794465065002441,0.000519839946648883,1600.0,,,,,,,,,,,,,,0.0,,,,,0.01052357628941536,0.013333333656191826
,mappo,,,,1600.0,0.0,0.0,0.6666666865348816,0.0,0.0,0.0,0.6666666865348816,0.0,0.0,0.0,0.0,0.0,0.0,,,,,,,
0.054144956171512604,mappo,0.0003332683409098536,-1.1562248468399048,0.0005195398466155386,1601.0,,,,,,,,,,,,,,0.0,,,,,0.010822361335158348,0.006666666828095913
,mappo,,,,1601.0,0.0,0.0,0.3333333432674408,0.0,0.0,0.0,0.3333333432674408,0.0,0.0,0.0,0.0,0.0,0.0,,,,,,,
0.0022300691343843937,mappo,0.0006423270679078996,-0.823755145072937,0.0005192397465821942,1602.0,,,,,,,,,,,,,,0.0,,,,,0.010716775432229042,0.013333333656191826
,mappo,,,,1602.0,0.0,0.0,0.6666666865348816,0.0,0.0,0.0,0.6666666865348816,0.0,0.0,0.0,0.0,0.0,0.0,,,,,,,
0.010094065219163895,mappo,0.0004067942500114441,-0.8060649633407593,0.0005189396465488497,1603.0,,,,,,,,,,,,,,0.0,,,,,0.010553231462836266,0.013333333656191826
,mappo,,,,1603.0,0.0,0.0,0.6666666865348816,0.0,0.0,0.0,0.6666666865348816,0.0,0.0,0.0,0.0,0.0,0.0,,,,,,,
-0.013006893917918205,mappo,0.00020735140424221754,-0.7802631855010986,0.0005186395465155052,1604.0,,,,,,,,,,,,,,0.0,,,,,0.010580869391560555,0.013333333656191826
,mappo,,,,1604.0,0.0,0.0,0.6666666865348816,0.0,0.0,0.0,0.6666666865348816,0.0,0.0,0.0,0.0,0.0,0.0,,,,,,,
0.01593875326216221,mappo,9.376694652019069e-05,-0.8104623556137085,0.0005183394464821607,1605.0,,,,,,,,,,,,,,0.0,,,,,0.010646844282746315,0.013333333656191826
,mappo,,,,1605.0,0.0,0.0,0.6666666865348816,0.0,0.0,0.0,0.6666666865348816,0.0,0.0,0.0,0.0,0.0,0.0,,,,,,,
-0.004634286276996136,mappo,2.7535339540918358e-05,-0.7628784775733948,0.0005180393464488163,1606.0,,,,,,,,,,,,,,0.0,,,,,0.010606076568365097,0.013333333656191826
,mappo,,,,1606.0,0.0,0.0,0.6666666865348816,0.0,0.0,0.0,0.6666666865348816,0.0,0.0,0.0,0.0,0.0,0.0,,,,,,,
0.01681547239422798,mappo,2.2615822672378272e-05,-0.7753306031227112,0.0005177392464154718,1607.0,,,,,,,,,,,,,,0.0,,,,,0.010553736239671707,0.013333333656191826
,mappo,,,,1607.0,0.0,0.0,0.6666666865348816,0.0,0.0,0.0,0.6666666865348816,0.0,0.0,0.0,0.0,0.0,0.0,,,,,,,
0.0005227014189586043,mappo,2.397084426775109e-05,-0.7865321636199951,0.0005174391463821273,1608.0,,,,,,,,,,,,,,0.0,,,,,0.010401098057627678,0.013333333656191826
,mappo,,,,1608.0,0.0,0.0,0.6666666865348816,0.0,0.0,0.0,0.6666666865348816,0.0,0.0,0.0,0.0,0.0,0.0,,,,,,,
0.010373035445809364,mappo,2.8036020012223162e-05,-0.8420366048812866,0.000517139046348783,1609.0,,,,,,,,,,,,,,0.0,,,,,0.010535094887018204,0.013333333656191826
,mappo,,,,1609.0,0.0,0.0,0.6666666865348816,0.0,0.0,0.0,0.6666666865348816,0.0,0.0,0.0,0.0,0.0,0.0,,,,,,,
0.0331832617521286,mappo,9.28638837649487e-06,-0.869006872177124,0.0005168389463154385,1610.0,,,,,,,,,,,,,,0.0,,,,,0.010819047689437866,0.013333333656191826
,mappo,,,,1610.0,0.0,0.0,0.6666666865348816,0.0,0.0,0.0,0.6666666865348816,0.0,0.0,0.0,0.0,0.0,0.0,,,,,,,
-0.0016468365211039782,mappo,6.986039352341322e-06,-0.838687002658844,0.0005165388462820941,1611.0,,,,,,,,,,,,,,0.0,,,,,0.010579012334346771,0.013333333656191826
,mappo,,,,1611.0,0.0,0.0,0.6666666865348816,0.0,0.0,0.0,0.6666666865348816,0.0,0.0,0.0,0.0,0.0,0.0,,,,,,,
-0.005753745790570974,mappo,1.4990468116593547e-05,-0.8994874358177185,0.0005162387462487496,1612.0,,,,,,,,,,,,,,0.0,,,,,0.010653257369995117,0.013333333656191826
,mappo,,,,1612.0,0.0,0.0,0.6666666865348816,0.0,0.0,0.0,0.6666666865348816,0.0,0.0,0.0,0.0,0.0,0.0,,,,,,,
0.004200799390673637,mappo,9.61627210926963e-06,-0.8327233195304871,0.0005159386462154053,1613.0,,,,,,,,,,,,,,0.0,,,,,0.010598602704703808,0.013333333656191826
,mappo,,,,1613.0,0.0,0.0,0.6666666865348816,0.0,0.0,0.0,0.6666666865348816,0.0,0.0,0.0,0.0,0.0,0.0,,,,,,,
0.0036165995988994837,mappo,5.818115823785774e-06,-0.8263685703277588,0.0005156385461820607,1614.0,,,,,,,,,,,,,,0.0,,,,,0.010708463378250599,0.013333333656191826
,mappo,,,,1614.0,0.0,0.0,0.6666666865348816,0.0,0.0,0.0,0.6666666865348816,0.0,0.0,0.0,0.0,0.0,0.0,,,,,,,
0.0022489046677947044,mappo,1.0914929589489475e-05,-0.7841024994850159,0.0005153384461487162,1615.0,,,,,,,,,,,,,,0.0,,,,,0.010344307869672775,0.013333333656191826
,mappo,,,,1615.0,0.0,0.0,0.6666666865348816,0.0,0.0,0.0,0.6666666865348816,0.0,0.0,0.0,0.0,0.0,0.0,,,,,,,
0.014093439094722271,mappo,7.896110219007824e-06,-0.7480303645133972,0.0005150383461153718,1616.0,,,,,,,,,,,,,,0.0,,,,,0.010408502072095871,0.013333333656191826
,mappo,,,,1616.0,0.0,0.0,0.6666666865348816,0.0,0.0,0.0,0.6666666865348816,0.0,0.0,0.0,0.0,0.0,0.0,,,,,,,
0.007363191805779934,mappo,4.441615146788536e-06,-0.7692859768867493,0.0005147382460820274,1617.0,,,,,,,,,,,,,,0.0,,,,,0.010705145075917244,0.013333333656191826
,mappo,,,,1617.0,0.0,0.0,0.6666666865348816,0.0,0.0,0.0,0.6666666865348816,0.0,0.0,0.0,0.0,0.0,0.0,,,,,,,
0.012277542613446712,mappo,6.0227189351280686e-06,-0.7776152491569519,0.0005144381460486829,1618.0,,,,,,,,,,,,,,0.0,,,,,0.010764321312308311,0.013333333656191826
,mappo,,,,1618.0,0.0,0.0,0.6666666865348816,0.0,0.0,0.0,0.6666666865348816,0.0,0.0,0.0,0.0,0.0,0.0,,,,,,,
0.0008963063592091203,mappo,1.158087525254814e-05,-0.7931895852088928,0.0005141380460153384,1619.0,,,,,,,,,,,,,,0.0,,,,,0.010666688904166222,0.013333333656191826
,mappo,,,,1619.0,0.0,0.0,0.6666666865348816,0.0,0.0,0.0,0.6666666865348816,0.0,0.0,0.0,0.0,0.0,0.0,,,,,,,
0.0007772347889840603,mappo,8.447882464679424e-06,-0.7246989011764526,0.0005138379459819941,1620.0,,,,,,,,,,,,,,0.0,,,,,0.010486368089914322,0.013333333656191826
,mappo,,,,1620.0,0.0,0.0,0.6666666865348816,0.0,0.0,0.0,0.6666666865348816,0.0,0.0,0.0,0.0,0.0,0.0,,,,,,,
-0.00352485035546124,mappo,8.453778718831018e-06,-0.7351230978965759,0.0005135378459486496,1621.0,,,,,,,,,,,,,,0.0,,,,,0.010499624535441399,0.013333333656191826
,mappo,,,,1621.0,0.0,0.0,0.6666666865348816,0.0,0.0,0.0,0.6666666865348816,0.0,0.0,0.0,0.0,0.0,0.0,,,,,,,
-0.016579769551753998,mappo,2.1591609765891917e-05,-0.6814132928848267,0.0005132377459153052,1622.0,,,,,,,,,,,,,,0.0,,,,,0.010337845422327518,0.013333333656191826
,mappo,,,,1622.0,0.0,0.0,0.6666666865348816,0.0,0.0,0.0,0.6666666865348816,0.0,0.0,0.0,0.0,0.0,0.0,,,,,,,
0.001650488586165011,mappo,2.0349722035462037e-05,-0.9415087699890137,0.0005129376458819606,1623.0,,,,,,,,,,,,,,0.0,,,,,0.010753123089671135,0.013333333656191826
,mappo,,,,1623.0,0.0,0.0,0.6666666865348816,0.0,0.0,0.0,0.6666666865348816,0.0,0.0,0.0,0.0,0.0,0.0,,,,,,,
0.0008700238540768623,mappo,7.0983396653900854e-06,-0.8784555196762085,0.0005126375458486163,1624.0,,,,,,,,,,,,,,0.0,,,,,0.010560806840658188,0.013333333656191826
,mappo,,,,1624.0,0.0,0.0,0.6666666865348816,0.0,0.0,0.0,0.6666666865348816,0.0,0.0,0.0,0.0,0.0,0.0,,,,,,,
0.02737325429916382,mappo,7.0464143391291145e-06,-0.9525688886642456,0.0005123374458152718,1625.0,,,,,,,,,,,,,,0.0,,,,,0.010745882987976074,0.013333333656191826
,mappo,,,,1625.0,0.0,0.0,0.6666666865348816,0.0,0.0,0.0,0.6666666865348816,0.0,0.0,0.0,0.0,0.0,0.0,,,,,,,
0.016211867332458496,mappo,8.75169916980667e-06,-0.9370418190956116,0.0005120373457819273,1626.0,,,,,,,,,,,,,,0.0,,,,,0.01050050649791956,0.013333333656191826
,mappo,,,,1626.0,0.0,0.0,0.6666666865348816,0.0,0.0,0.0,0.6666666865348816,0.0,0.0,0.0,0.0,0.0,0.0,,,,,,,
0.02876599133014679,mappo,0.0005444730632007122,-1.3491482734680176,0.0005117372457485829,1627.0,,,,,,,,,,,,,,0.0,,,,,0.010926570743322372,0.006666666828095913
,mappo,,,,1627.0,0.0,0.0,0.3333333432674408,0.0,0.0,0.0,0.3333333432674408,0.0,0.0,0.0,0.0,0.0,0.0,,,,,,,
0.02565072476863861,mappo,0.0005226659122854471,-1.3338977098464966,0.0005114371457152385,1628.0,,,,,,,,,,,,,,0.0,,,,,0.010769834741950035,0.006666666828095913
,mappo,,,,1628.0,0.0,0.0,0.3333333432674408,0.0,0.0,0.0,0.3333333432674408,0.0,0.0,0.0,0.0,0.0,0.0,,,,,,,
0.002176704816520214,mappo,0.0010929600102826953,-0.9714677929878235,0.000511137045681894,1629.0,,,,,,,,,,,,,,0.0,,,,,0.010675514116883278,0.013333333656191826
,mappo,,,,1629.0,0.0,0.0,0.6666666865348816,0.0,0.0,0.0,0.6666666865348816,0.0,0.0,0.0,0.0,0.0,0.0,,,,,,,
0.0172366164624691,mappo,0.0007470859563909471,-0.991642951965332,0.0005108369456485496,1630.0,,,,,,,,,,,,,,0.0,,,,,0.010661764070391655,0.013333333656191826
,mappo,,,,1630.0,0.0,0.0,0.6666666865348816,0.0,0.0,0.0,0.6666666865348816,0.0,0.0,0.0,0.0,0.0,0.0,,,,,,,
0.012910442426800728,mappo,0.0004902188084088266,-1.026810884475708,0.0005105368456152052,1631.0,,,,,,,,,,,,,,0.0,,,,,0.010768286883831024,0.013333333656191826
,mappo,,,,1631.0,0.0,0.0,0.6666666865348816,0.0,0.0,0.0,0.6666666865348816,0.0,0.0,0.0,0.0,0.0,0.0,,,,,,,
0.0008222062606364489,mappo,0.0002450681058689952,-1.0365755558013916,0.0005102367455818606,1632.0,,,,,,,,,,,,,,0.0,,,,,0.010638915002346039,0.013333333656191826
,mappo,,,,1632.0,0.0,0.0,0.6666666865348816,0.0,0.0,0.0,0.6666666865348816,0.0,0.0,0.0,0.0,0.0,0.0,,,,,,,
-8.892256300896406e-05,mappo,0.00011538381659192964,-1.020046353340149,0.0005099366455485162,1633.0,,,,,,,,,,,,,,0.0,,,,,0.010627548210322857,0.013333333656191826
,mappo,,,,1633.0,0.0,0.0,0.6666666865348816,0.0,0.0,0.0,0.6666666865348816,0.0,0.0,0.0,0.0,0.0,0.0,,,,,,,
0.0065158335492014885,mappo,4.4067153794458136e-05,-1.0476316213607788,0.0005096365455151717,1634.0,,,,,,,,,,,,,,0.0,,,,,0.010631300508975983,0.013333333656191826
,mappo,,,,1634.0,0.0,0.0,0.6666666865348816,0.0,0.0,0.0,0.6666666865348816,0.0,0.0,0.0,0.0,0.0,0.0,,,,,,,
0.00030160514870658517,mappo,0.0014448037836700678,-1.42770516872406,0.0005093364454818273,1635.0,,,,,,,,,,,,,,0.0,,,,,0.010792981833219528,0.006666666828095913
,mappo,,,,1635.0,0.0,0.0,0.3333333432674408,0.0,0.0,0.0,0.3333333432674408,0.0,0.0,0.0,0.0,0.0,0.0,,,,,,,
0.013876053504645824,mappo,0.00038360728649422526,-1.0520520210266113,0.0005090363454484829,1636.0,,,,,,,,,,,,,,0.0,,,,,0.010596541687846184,0.013333333656191826
,mappo,,,,1636.0,0.0,0.0,0.6666666865348816,0.0,0.0,0.0,0.6666666865348816,0.0,0.0,0.0,0.0,0.0,0.0,,,,,,,
-0.0037583820521831512,mappo,0.00022825341147836298,-1.0406262874603271,0.0005087362454151384,1637.0,,,,,,,,,,,,,,0.0,,,,,0.010473273694515228,0.013333333656191826
,mappo,,,,1637.0,0.0,0.0,0.6666666865348816,0.0,0.0,0.0,0.6666666865348816,0.0,0.0,0.0,0.0,0.0,0.0,,,,,,,
-0.0013560797087848186,mappo,0.0002059413818642497,-0.9704281687736511,0.000508436145381794,1638.0,,,,,,,,,,,,,,0.0,,,,,0.010445993393659592,0.013333333656191826
,mappo,,,,1638.0,0.0,0.0,0.6666666865348816,0.0,0.0,0.0,0.6666666865348816,0.0,0.0,0.0,0.0,0.0,0.0,,,,,,,
-0.004639639053493738,mappo,0.00010792654211400077,-0.9945778250694275,0.0005081360453484496,1639.0,,,,,,,,,,,,,,0.0,,,,,0.010466078296303749,0.013333333656191826
,mappo,,,,1639.0,0.0,0.0,0.6666666865348816,0.0,0.0,0.0,0.6666666865348816,0.0,0.0,0.0,0.0,0.0,0.0,,,,,,,
0.009710602462291718,mappo,0.00011111605999758467,-1.1435412168502808,0.000507835945315105,1640.0,,,,,,,,,,,,,,0.0,,,,,0.011080596596002579,0.013333333656191826
,mappo,,,,1640.0,0.0,0.0,0.6666666865348816,0.0,0.0,0.0,0.6666666865348816,0.0,0.0,0.0,0.0,0.0,0.0,,,,,,,
0.04732764884829521,mappo,2.7272590159554966e-05,-0.9446718096733093,0.0005075358452817606,1641.0,,,,,,,,,,,,,,0.0,,,,,0.010465390980243683,0.013333333656191826
,mappo,,,,1641.0,0.0,0.0,0.6666666865348816,0.0,0.0,0.0,0.6666666865348816,0.0,0.0,0.0,0.0,0.0,0.0,,,,,,,
-0.005544822197407484,mappo,2.2379612346412614e-05,-0.9625779390335083,0.0005072357452484161,1642.0,,,,,,,,,,,,,,0.0,,,,,0.010518146678805351,0.013333333656191826
,mappo,,,,1642.0,0.0,0.0,0.6666666865348816,0.0,0.0,0.0,0.6666666865348816,0.0,0.0,0.0,0.0,0.0,0.0,,,,,,,
0.0036510336212813854,mappo,1.780428647180088e-05,-0.9698565602302551,0.0005069356452150717,1643.0,,,,,,,,,,,,,,0.0,,,,,0.010729221627116203,0.013333333656191826
,mappo,,,,1643.0,0.0,0.0,0.6666666865348816,0.0,0.0,0.0,0.6666666865348816,0.0,0.0,0.0,0.0,0.0,0.0,,,,,,,
0.00933836679905653,mappo,1.8972015823237598e-05,-0.9694067239761353,0.0005066355451817273,1644.0,,,,,,,,,,,,,,0.0,,,,,0.010728340595960617,0.013333333656191826
,mappo,,,,1644.0,0.0,0.0,0.6666666865348816,0.0,0.0,0.0,0.6666666865348816,0.0,0.0,0.0,0.0,0.0,0.0,,,,,,,
0.01749124564230442,mappo,1.9875405996572226e-05,-0.8334673643112183,0.0005063354451483828,1645.0,,,,,,,,,,,,,,0.0,,,,,0.01059037446975708,0.013333333656191826
,mappo,,,,1645.0,0.0,0.0,0.6666666865348816,0.0,0.0,0.0,0.6666666865348816,0.0,0.0,0.0,0.0,0.0,0.0,,,,,,,
-0.013001482002437115,mappo,1.5680632714065723e-05,-0.8826919794082642,0.0005060353451150384,1646.0,,,,,,,,,,,,,,0.0,,,,,0.010589314624667168,0.013333333656191826
,mappo,,,,1646.0,0.0,0.0,0.6666666865348816,0.0,0.0,0.0,0.6666666865348816,0.0,0.0,0.0,0.0,0.0,0.0,,,,,,,
-0.004309910349547863,mappo,3.363123687449843e-05,-0.7958768606185913,0.000505735245081694,1647.0,,,,,,,,,,,,,,0.0,,,,,0.010293442755937576,0.013333333656191826
,mappo,,,,1647.0,0.0,0.0,0.6666666865348816,0.0,0.0,0.0,0.6666666865348816,0.0,0.0,0.0,0.0,0.0,0.0,,,,,,,
0.0064995177090168,mappo,4.138376243645325e-05,-0.8582096099853516,0.0005054351450483495,1648.0,,,,,,,,,,,,,,0.0,,,,,0.010230380110442638,0.013333333656191826
,mappo,,,,1648.0,0.0,0.0,0.6666666865348816,0.0,0.0,0.0,0.6666666865348816,0.0,0.0,0.0,0.0,0.0,0.0,,,,,,,
0.028683986514806747,mappo,2.71878107014345e-05,-0.9621981978416443,0.000505135045015005,1649.0,,,,,,,,,,,,,,0.0,,,,,0.010567015036940575,0.013333333656191826
,mappo,,,,1649.0,0.0,0.0,0.6666666865348816,0.0,0.0,0.0,0.6666666865348816,0.0,0.0,0.0,0.0,0.0,0.0,,,,,,,
0.008298617787659168,mappo,1.8329510567127727e-05,-0.984325647354126,0.0005048349449816606,1650.0,,,,,,,,,,,,,,0.0,,,,,0.01062728464603424,0.013333333656191826
,mappo,,,,1650.0,0.0,0.0,0.6666666865348816,0.0,0.0,0.0,0.6666666865348816,0.0,0.0,0.0,0.0,0.0,0.0,,,,,,,
0.03580768406391144,mappo,1.701207656878978e-05,-1.0068968534469604,0.0005045348449483161,1651.0,,,,,,,,,,,,,,0.0,,,,,0.010493980720639229,0.013333333656191826
,mappo,,,,1651.0,0.0,0.0,0.6666666865348816,0.0,0.0,0.0,0.6666666865348816,0.0,0.0,0.0,0.0,0.0,0.0,,,,,,,
0.052643537521362305,mappo,0.0015031886287033558,-1.3910160064697266,0.0005042347449149717,1652.0,,,,,,,,,,,,,,0.0,,,,,0.010687995702028275,0.006666666828095913
,mappo,,,,1652.0,0.0,0.0,0.3333333432674408,0.0,0.0,0.0,0.3333333432674408,0.0,0.0,0.0,0.0,0.0,0.0,,,,,,,
0.032489415258169174,mappo,0.001025939011014998,-1.0483793020248413,0.0005039346448816272,1653.0,,,,,,,,,,,,,,0.0,,,,,0.010625584982335567,0.013333333656191826
,mappo,,,,1653.0,0.0,0.0,0.6666666865348816,0.0,0.0,0.0,0.6666666865348816,0.0,0.0,0.0,0.0,0.0,0.0,,,,,,,
0.000529672484844923,mappo,0.0005239839665591717,-1.0132160186767578,0.0005036345448482828,1654.0,,,,,,,,,,,,,,0.0,,,,,0.010630104690790176,0.013333333656191826
,mappo,,,,1654.0,0.0,0.0,0.6666666865348816,0.0,0.0,0.0,0.6666666865348816,0.0,0.0,0.0,0.0,0.0,0.0,,,,,,,
0.019786791875958443,mappo,0.0022985453251749277,-1.4016536474227905,0.0005033344448149384,1655.0,,,,,,,,,,,,,,0.0,,,,,0.010788444429636002,0.006666666828095913
,mappo,,,,1655.0,0.0,0.0,0.3333333432674408,0.0,0.0,0.0,0.3333333432674408,0.0,0.0,0.0,0.0,0.0,0.0,,,,,,,
-0.0005153390811756253,mappo,0.0016991609008982778,-0.9959486722946167,0.0005030343447815939,1656.0,,,,,,,,,,,,,,0.0,,,,,0.010642577894032001,0.013333333656191826
,mappo,,,,1656.0,0.0,0.0,0.6666666865348816,0.0,0.0,0.0,0.6666666865348816,0.0,0.0,0.0,0.0,0.0,0.0,,,,,,,
0.007456053514033556,mappo,0.0009023543680086732,-0.9684154987335205,0.0005027342447482494,1657.0,,,,,,,,,,,,,,0.0,,,,,0.010524450801312923,0.013333333656191826
,mappo,,,,1657.0,0.0,0.0,0.6666666865348816,0.0,0.0,0.0,0.6666666865348816,0.0,0.0,0.0,0.0,0.0,0.0,,,,,,,
0.0250374898314476,mappo,0.0029523142147809267,-1.3517627716064453,0.000502434144714905,1658.0,,,,,,,,,,,,,,0.0,,,,,0.010780058801174164,0.006666666828095913
,mappo,,,,1658.0,0.0,0.0,0.3333333432674408,0.0,0.0,0.0,0.3333333432674408,0.0,0.0,0.0,0.0,0.0,0.0,,,,,,,
-0.008565325289964676,mappo,0.0016315702814608812,-1.0022804737091064,0.0005021340446815605,1659.0,,,,,,,,,,,,,,0.0,,,,,0.010532821528613567,0.013333333656191826
,mappo,,,,1659.0,0.0,0.0,0.6666666865348816,0.0,0.0,0.0,0.6666666865348816,0.0,0.0,0.0,0.0,0.0,0.0,,,,,,,
0.016138680279254913,mappo,0.002444861689582467,-1.349111557006836,0.0005018339446482161,1660.0,,,,,,,,,,,,,,0.0,,,,,0.010706402361392975,0.006666666828095913
,mappo,,,,1660.0,0.0,0.0,0.3333333432674408,0.0,0.0,0.0,0.3333333432674408,0.0,0.0,0.0,0.0,0.0,0.0,,,,,,,
0.009536456316709518,mappo,0.00217547919601202,-0.990005612373352,0.0005015338446148717,1661.0,,,,,,,,,,,,,,0.0,,,,,0.010667895898222923,0.013333333656191826
,mappo,,,,1661.0,0.0,0.0,0.6666666865348816,0.0,0.0,0.0,0.6666666865348816,0.0,0.0,0.0,0.0,0.0,0.0,,,,,,,
-0.0015824709553271532,mappo,0.0013552799355238676,-1.0310015678405762,0.0005012337445815272,1662.0,,,,,,,,,,,,,,0.0,,,,,0.010700652375817299,0.013333333656191826
,mappo,,,,1662.0,0.0,0.0,0.6666666865348816,0.0,0.0,0.0,0.6666666865348816,0.0,0.0,0.0,0.0,0.0,0.0,,,,,,,
0.02879660204052925,mappo,0.003439415944740176,-1.3846591711044312,0.0005009336445481828,1663.0,,,,,,,,,,,,,,0.0,,,,,0.01088431105017662,0.006666666828095913
,mappo,,,,1663.0,0.0,0.0,0.3333333432674408,0.0,0.0,0.0,0.3333333432674408,0.0,0.0,0.0,0.0,0.0,0.0,,,,,,,
-0.0030104881152510643,mappo,0.0016779110301285982,-1.0143988132476807,0.0005006335445148383,1664.0,,,,,,,,,,,,,,0.0,,,,,0.010573219507932663,0.013333333656191826
,mappo,,,,1664.0,0.0,0.0,0.6666666865348816,0.0,0.0,0.0,0.6666666865348816,0.0,0.0,0.0,0.0,0.0,0.0,,,,,,,
0.009980447590351105,mappo,0.0010237955721095204,-1.0189112424850464,0.0005003334444814939,1665.0,,,,,,,,,,,,,,0.0,,,,,0.010679020546376705,0.013333333656191826
,mappo,,,,1665.0,0.0,0.0,0.6666666865348816,0.0,0.0,0.0,0.6666666865348816,0.0,0.0,0.0,0.0,0.0,0.0,,,,,,,
0.0006346161244437099,mappo,0.0006936796708032489,-0.95369952917099,0.0005000333444481495,1666.0,,,,,,,,,,,,,,0.0,,,,,0.010547071695327759,0.013333333656191826
,mappo,,,,1666.0,0.0,0.0,0.6666666865348816,0.0,0.0,0.0,0.6666666865348816,0.0,0.0,0.0,0.0,0.0,0.0,,,,,,,
0.006196150556206703,mappo,0.0004264954477548599,-1.0232436656951904,0.0004997332444148049,1667.0,,,,,,,,,,,,,,0.0,,,,,0.01076008751988411,0.013333333656191826
,mappo,,,,1667.0,0.0,0.0,0.6666666865348816,0.0,0.0,0.0,0.6666666865348816,0.0,0.0,0.0,0.0,0.0,0.0,,,,,,,
0.021755250170826912,mappo,0.005462916102260351,-1.4206249713897705,0.0004994331443814604,1668.0,,,,,,,,,,,,,,0.0,,,,,0.010908663272857666,0.006666666828095913
,mappo,,,,1668.0,0.0,0.0,0.3333333432674408,0.0,0.0,0.0,0.3333333432674408,0.0,0.0,0.0,0.0,0.0,0.0,,,,,,,
0.002270715544000268,mappo,0.0011786282993853092,-1.0015344619750977,0.0004991330443481161,1669.0,,,,,,,,,,,,,,0.0,,,,,0.010585842654109001,0.013333333656191826
,mappo,,,,1669.0,0.0,0.0,0.6666666865348816,0.0,0.0,0.0,0.6666666865348816,0.0,0.0,0.0,0.0,0.0,0.0,,,,,,,
0.004052957519888878,mappo,0.0008179651922546327,-0.8997858762741089,0.0004988329443147716,1670.0,,,,,,,,,,,,,,0.0,,,,,0.01052984967827797,0.013333333656191826
,mappo,,,,1670.0,0.0,0.0,0.6666666865348816,0.0,0.0,0.0,0.6666666865348816,0.0,0.0,0.0,0.0,0.0,0.0,,,,,,,
0.052801258862018585,mappo,0.0005956400418654084,-0.8658943772315979,0.0004985328442814272,1671.0,,,,,,,,,,,,,,0.0,,,,,0.01055896282196045,0.013333333656191826
,mappo,,,,1671.0,0.0,0.0,0.6666666865348816,0.0,0.0,0.0,0.6666666865348816,0.0,0.0,0.0,0.0,0.0,0.0,,,,,,,
0.005206007044762373,mappo,0.006038659252226353,-1.3089300394058228,0.0004982327442480827,1672.0,,,,,,,,,,,,,,0.0,,,,,0.010881146416068077,0.006666666828095913
,mappo,,,,1672.0,0.0,0.0,0.3333333432674408,0.0,0.0,0.0,0.3333333432674408,0.0,0.0,0.0,0.0,0.0,0.0,,,,,,,
0.003941088914871216,mappo,0.003294798545539379,-1.2693971395492554,0.0004979326442147383,1673.0,,,,,,,,,,,,,,0.0,,,,,0.010703178122639656,0.006666666828095913
,mappo,,,,1673.0,0.0,0.0,0.3333333432674408,0.0,0.0,0.0,0.3333333432674408,0.0,0.0,0.0,0.0,0.0,0.0,,,,,,,
0.006232499610632658,mappo,0.00407400680705905,-0.8931837677955627,0.0004976325441813939,1674.0,,,,,,,,,,,,,,0.0,,,,,0.01039999257773161,0.013333333656191826
,mappo,,,,1674.0,0.0,0.0,0.6666666865348816,0.0,0.0,0.0,0.6666666865348816,0.0,0.0,0.0,0.0,0.0,0.0,,,,,,,
0.03545413538813591,mappo,0.0031515629962086678,-0.8406874537467957,0.0004973324441480494,1675.0,,,,,,,,,,,,,,0.0,,,,,0.010625356808304787,0.013333333656191826
,mappo,,,,1675.0,0.0,0.0,0.6666666865348816,0.0,0.0,0.0,0.6666666865348816,0.0,0.0,0.0,0.0,0.0,0.0,,,,,,,
0.016853591427206993,mappo,0.002501453272998333,-0.8374712467193604,0.000497032344114705,1676.0,,,,,,,,,,,,,,0.0,,,,,0.010608386248350143,0.013333333656191826
,mappo,,,,1676.0,0.0,0.0,0.6666666865348816,0.0,0.0,0.0,0.6666666865348816,0.0,0.0,0.0,0.0,0.0,0.0,,,,,,,
0.012744037434458733,mappo,0.0004027055110782385,-1.7338138818740845,0.0004967322440813605,1677.0,,,,,,,,,,,,,,0.0,,,,,0.012718809768557549,0.0
,mappo,,,,1677.0,0.0,0.0,0.0,0.0,0.0,0.0,0.0,0.0,0.0,0.0,0.0,0.0,0.0,,,,,,,
0.005923528224229813,mappo,0.002597293583676219,-1.1271222829818726,0.000496432144048016,1678.0,,,,,,,,,,,,,,0.0,,,,,0.010696111246943474,0.006666666828095913
,mappo,,,,1678.0,0.0,0.0,0.3333333432674408,0.0,0.0,0.0,0.3333333432674408,0.0,0.0,0.0,0.0,0.0,0.0,,,,,,,
-0.0007616446819156408,mappo,0.003060942515730858,-0.7073912024497986,0.0004961320440146716,1679.0,,,,,,,,,,,,,,0.0,,,,,0.010607696138322353,0.013333333656191826
,mappo,,,,1679.0,0.0,0.0,0.6666666865348816,0.0,0.0,0.0,0.6666666865348816,0.0,0.0,0.0,0.0,0.0,0.0,,,,,,,
0.007950181141495705,mappo,0.0021621002815663815,-0.7336174249649048,0.0004958319439813272,1680.0,,,,,,,,,,,,,,0.0,,,,,0.01075856201350689,0.013333333656191826
,mappo,,,,1680.0,0.0,0.0,0.6666666865348816,0.0,0.0,0.0,0.6666666865348816,0.0,0.0,0.0,0.0,0.0,0.0,,,,,,,
0.3693234920501709,mappo,0.002189015271142125,-1.5586113929748535,0.0004955318439479827,1681.0,,,,,,,,,,,,,,0.0,,,,,0.012603445909917355,0.0
,mappo,,,,1681.0,0.0,0.0,0.0,0.0,0.0,0.0,0.0,0.0,0.0,0.0,0.0,0.0,0.0,,,,,,,
0.048609256744384766,mappo,0.0023985402658581734,-0.6970836520195007,0.0004952317439146383,1682.0,,,,,,,,,,,,,,0.0,,,,,0.010649776086211205,0.013333333656191826
,mappo,,,,1682.0,0.0,0.0,0.6666666865348816,0.0,0.0,0.0,0.6666666865348816,0.0,0.0,0.0,0.0,0.0,0.0,,,,,,,
0.07334454357624054,mappo,0.003216847777366638,-1.0286176204681396,0.0004949316438812938,1683.0,,,,,,,,,,,,,,0.0,,,,,0.010765381157398224,0.006666666828095913
,mappo,,,,1683.0,0.0,0.0,0.3333333432674408,0.0,0.0,0.0,0.3333333432674408,0.0,0.0,0.0,0.0,0.0,0.0,,,,,,,
0.057590652257204056,mappo,0.002288620686158538,-0.6616221070289612,0.0004946315438479494,1684.0,,,,,,,,,,,,,,0.0,,,,,0.010770021006464958,0.013333333656191826
,mappo,,,,1684.0,0.0,0.0,0.6666666865348816,0.0,0.0,0.0,0.6666666865348816,0.0,0.0,0.0,0.0,0.0,0.0,,,,,,,
0.04784577712416649,mappo,0.0013813843252137303,-0.674579381942749,0.000494331443814605,1685.0,,,,,,,,,,,,,,0.0,,,,,0.010679386556148529,0.013333333656191826
,mappo,,,,1685.0,0.0,0.0,0.6666666865348816,0.0,0.0,0.0,0.6666666865348816,0.0,0.0,0.0,0.0,0.0,0.0,,,,,,,
-0.0036857735831290483,mappo,0.0008404206018894911,-0.6368809938430786,0.0004940313437812604,1686.0,,,,,,,,,,,,,,0.0,,,,,0.010700809769332409,0.013333333656191826
,mappo,,,,1686.0,0.0,0.0,0.6666666865348816,0.0,0.0,0.0,0.6666666865348816,0.0,0.0,0.0,0.0,0.0,0.0,,,,,,,
-0.007445469032973051,mappo,0.0006753666093572974,-0.6785874962806702,0.0004937312437479159,1687.0,,,,,,,,,,,,,,0.0,,,,,0.010505333542823792,0.013333333656191826
,mappo,,,,1687.0,0.0,0.0,0.6666666865348816,0.0,0.0,0.0,0.6666666865348816,0.0,0.0,0.0,0.0,0.0,0.0,,,,,,,
0.01410583220422268,mappo,0.00035621001734398305,-0.6148695945739746,0.0004934311437145716,1688.0,,,,,,,,,,,,,,0.0,,,,,0.010564464144408703,0.013333333656191826
,mappo,,,,1688.0,0.0,0.0,0.6666666865348816,0.0,0.0,0.0,0.6666666865348816,0.0,0.0,0.0,0.0,0.0,0.0,,,,,,,
-0.005421222187578678,mappo,0.00025389259099029005,-0.6005967855453491,0.0004931310436812271,1689.0,,,,,,,,,,,,,,0.0,,,,,0.0106004998087883,0.013333333656191826
,mappo,,,,1689.0,0.0,0.0,0.6666666865348816,0.0,0.0,0.0,0.6666666865348816,0.0,0.0,0.0,0.0,0.0,0.0,,,,,,,
-0.012407233938574791,mappo,0.00015494419494643807,-0.6491184234619141,0.0004928309436478827,1690.0,,,,,,,,,,,,,,0.0,,,,,0.010671991854906082,0.013333333656191826
,mappo,,,,1690.0,0.0,0.0,0.6666666865348816,0.0,0.0,0.0,0.6666666865348816,0.0,0.0,0.0,0.0,0.0,0.0,,,,,,,
0.04757085070014,mappo,0.0029327808879315853,-1.4800597429275513,0.0004925308436145383,1691.0,,,,,,,,,,,,,,0.0,,,,,0.012541797943413258,0.0
,mappo,,,,1691.0,0.0,0.0,0.0,0.0,0.0,0.0,0.0,0.0,0.0,0.0,0.0,0.0,0.0,,,,,,,
0.067601278424263,mappo,0.0022566858679056168,-0.6367368698120117,0.0004922307435811938,1692.0,,,,,,,,,,,,,,0.0,,,,,0.010381488129496574,0.013333333656191826
,mappo,,,,1692.0,0.0,0.0,0.6666666865348816,0.0,0.0,0.0,0.6666666865348816,0.0,0.0,0.0,0.0,0.0,0.0,,,,,,,
0.006534556392580271,mappo,0.0017181697767227888,-0.601775586605072,0.0004919306435478494,1693.0,,,,,,,,,,,,,,0.0,,,,,0.010594060644507408,0.013333333656191826
,mappo,,,,1693.0,0.0,0.0,0.6666666865348816,0.0,0.0,0.0,0.6666666865348816,0.0,0.0,0.0,0.0,0.0,0.0,,,,,,,
-0.006528450176119804,mappo,0.0012630786513909698,-0.6449451446533203,0.0004916305435145048,1694.0,,,,,,,,,,,,,,0.0,,,,,0.01067843846976757,0.013333333656191826
,mappo,,,,1694.0,0.0,0.0,0.6666666865348816,0.0,0.0,0.0,0.6666666865348816,0.0,0.0,0.0,0.0,0.0,0.0,,,,,,,
0.041614945977926254,mappo,0.007840662263333797,-1.0248149633407593,0.0004913304434811604,1695.0,,,,,,,,,,,,,,0.0,,,,,0.010732765309512615,0.006666666828095913
,mappo,,,,1695.0,0.0,0.0,0.3333333432674408,0.0,0.0,0.0,0.3333333432674408,0.0,0.0,0.0,0.0,0.0,0.0,,,,,,,
0.060582950711250305,mappo,0.0017230341909453273,-0.6858471632003784,0.000491030343447816,1696.0,,,,,,,,,,,,,,0.0,,,,,0.010660365223884583,0.013333333656191826
,mappo,,,,1696.0,0.0,0.0,0.6666666865348816,0.0,0.0,0.0,0.6666666865348816,0.0,0.0,0.0,0.0,0.0,0.0,,,,,,,
0.23446054756641388,mappo,0.006324810441583395,-1.497529149055481,0.0004907302434144715,1697.0,,,,,,,,,,,,,,0.0,,,,,0.012447694316506386,0.0
,mappo,,,,1697.0,0.0,0.0,0.0,0.0,0.0,0.0,0.0,0.0,0.0,0.0,0.0,0.0,0.0,,,,,,,
0.0021381741389632225,mappo,0.0035919405054301023,-0.6646234393119812,0.000490430143381127,1698.0,,,,,,,,,,,,,,0.0,,,,,0.010649194940924644,0.013333333656191826
,mappo,,,,1698.0,0.0,0.0,0.6666666865348816,0.0,0.0,0.0,0.6666666865348816,0.0,0.0,0.0,0.0,0.0,0.0,,,,,,,
0.024521009996533394,mappo,0.0026029152795672417,-0.7021533846855164,0.0004901300433477827,1699.0,,,,,,,,,,,,,,0.0,,,,,0.010516575537621975,0.013333333656191826
,mappo,,,,1699.0,0.0,0.0,0.6666666865348816,0.0,0.0,0.0,0.6666666865348816,0.0,0.0,0.0,0.0,0.0,0.0,,,,,,,
,mappo,,,,1699.0,,,,,,,,,,,,,,,0.0,0.0,0.0,0.0,,
0.009613467380404472,mappo,0.0015633442671969533,-0.7214651703834534,0.0004898299433144382,1700.0,,,,,,,,,,,,,,0.0,,,,,0.01070975512266159,0.013333333656191826
,mappo,,,,1700.0,0.0,0.0,0.6666666865348816,0.0,0.0,0.0,0.6666666865348816,0.0,0.0,0.0,0.0,0.0,0.0,,,,,,,
0.029961392283439636,mappo,0.008127414621412754,-1.569870948791504,0.0004895298432810938,1701.0,,,,,,,,,,,,,,0.0,,,,,0.012523658573627472,0.0
,mappo,,,,1701.0,0.0,0.0,0.0,0.0,0.0,0.0,0.0,0.0,0.0,0.0,0.0,0.0,0.0,,,,,,,
-0.0075030140578746796,mappo,0.0027423789724707603,-0.7099916934967041,0.0004892297432477492,1702.0,,,,,,,,,,,,,,0.0,,,,,0.010441869497299194,0.013333333656191826
,mappo,,,,1702.0,0.0,0.0,0.6666666865348816,0.0,0.0,0.0,0.6666666865348816,0.0,0.0,0.0,0.0,0.0,0.0,,,,,,,
0.079250268638134,mappo,0.002072341972962022,-0.7477536797523499,0.0004889296432144048,1703.0,,,,,,,,,,,,,,0.0,,,,,0.010627491399645805,0.013333333656191826
,mappo,,,,1703.0,0.0,0.0,0.6666666865348816,0.0,0.0,0.0,0.6666666865348816,0.0,0.0,0.0,0.0,0.0,0.0,,,,,,,
0.014829905703663826,mappo,0.00104199955239892,-0.7501679062843323,0.0004886295431810604,1704.0,,,,,,,,,,,,,,0.0,,,,,0.010743383318185806,0.013333333656191826
,mappo,,,,1704.0,0.0,0.0,0.6666666865348816,0.0,0.0,0.0,0.6666666865348816,0.0,0.0,0.0,0.0,0.0,0.0,,,,,,,
0.06915366649627686,mappo,0.0005921333795413375,-0.7461841702461243,0.0004883294431477159,1705.0,,,,,,,,,,,,,,0.0,,,,,0.010561414062976837,0.013333333656191826
,mappo,,,,1705.0,0.0,0.0,0.6666666865348816,0.0,0.0,0.0,0.6666666865348816,0.0,0.0,0.0,0.0,0.0,0.0,,,,,,,
0.016044963151216507,mappo,0.011054311878979206,-1.137294054031372,0.0004880293431143715,1706.0,,,,,,,,,,,,,,0.0,,,,,0.01067436020821333,0.006666666828095913
,mappo,,,,1706.0,0.0,0.0,0.3333333432674408,0.0,0.0,0.0,0.3333333432674408,0.0,0.0,0.0,0.0,0.0,0.0,,,,,,,
0.04568362236022949,mappo,0.008620448410511017,-1.6262385845184326,0.0004877292430810271,1707.0,,,,,,,,,,,,,,0.0,,,,,0.012451140210032463,0.0
,mappo,,,,1707.0,0.0,0.0,0.0,0.0,0.0,0.0,0.0,0.0,0.0,0.0,0.0,0.0,0.0,,,,,,,
0.0024141704197973013,mappo,0.0048597389832139015,-1.122641921043396,0.0004874291430476826,1708.0,,,,,,,,,,,,,,0.0,,,,,0.010689299553632736,0.006666666828095913
,mappo,,,,1708.0,0.0,0.0,0.3333333432674408,0.0,0.0,0.0,0.3333333432674408,0.0,0.0,0.0,0.0,0.0,0.0,,,,,,,
0.005874856375157833,mappo,0.006086807698011398,-0.7671149969100952,0.00048712904301433807,1709.0,,,,,,,,,,,,,,0.0,,,,,0.010645948350429535,0.013333333656191826
,mappo,,,,1709.0,0.0,0.0,0.6666666865348816,0.0,0.0,0.0,0.6666666865348816,0.0,0.0,0.0,0.0,0.0,0.0,,,,,,,
0.1110546812415123,mappo,0.0034676261711865664,-1.104316234588623,0.00048682894298099377,1710.0,,,,,,,,,,,,,,0.0,,,,,0.010710758157074451,0.006666666828095913
,mappo,,,,1710.0,0.0,0.0,0.3333333432674408,0.0,0.0,0.0,0.3333333432674408,0.0,0.0,0.0,0.0,0.0,0.0,,,,,,,
0.017472688108682632,mappo,0.004819078370928764,-0.6992506384849548,0.00048652884294764925,1711.0,,,,,,,,,,,,,,0.0,,,,,0.010612569749355316,0.013333333656191826
,mappo,,,,1711.0,0.0,0.0,0.6666666865348816,0.0,0.0,0.0,0.6666666865348816,0.0,0.0,0.0,0.0,0.0,0.0,,,,,,,
-0.0024104476906359196,mappo,0.004386791959404945,-0.751882791519165,0.00048622874291430484,1712.0,,,,,,,,,,,,,,0.0,,,,,0.010713037103414536,0.013333333656191826
,mappo,,,,1712.0,0.0,0.0,0.6666666865348816,0.0,0.0,0.0,0.6666666865348816,0.0,0.0,0.0,0.0,0.0,0.0,,,,,,,
-0.0004001772031188011,mappo,0.0028687824960798025,-0.7461544871330261,0.0004859286428809603,1713.0,,,,,,,,,,,,,,0.0,,,,,0.010676797479391098,0.013333333656191826
,mappo,,,,1713.0,0.0,0.0,0.6666666865348816,0.0,0.0,0.0,0.6666666865348816,0.0,0.0,0.0,0.0,0.0,0.0,,,,,,,
-0.0012448441702872515,mappo,0.005252467934042215,-1.1387853622436523,0.0004856285428476159,1714.0,,,,,,,,,,,,,,0.0,,,,,0.010733191855251789,0.006666666828095913
,mappo,,,,1714.0,0.0,0.0,0.3333333432674408,0.0,0.0,0.0,0.3333333432674408,0.0,0.0,0.0,0.0,0.0,0.0,,,,,,,
0.0020610305946320295,mappo,0.002714097499847412,-0.8019407391548157,0.0004853284428142715,1715.0,,,,,,,,,,,,,,0.0,,,,,0.01065860316157341,0.013333333656191826
,mappo,,,,1715.0,0.0,0.0,0.6666666865348816,0.0,0.0,0.0,0.6666666865348816,0.0,0.0,0.0,0.0,0.0,0.0,,,,,,,
0.009008770808577538,mappo,0.005493904463946819,-1.136337399482727,0.000485028342780927,1716.0,,,,,,,,,,,,,,0.0,,,,,0.010797780007123947,0.006666666828095913
,mappo,,,,1716.0,0.0,0.0,0.3333333432674408,0.0,0.0,0.0,0.3333333432674408,0.0,0.0,0.0,0.0,0.0,0.0,,,,,,,
0.0024489096831530333,mappo,0.0024648820981383324,-0.7098422646522522,0.0004847282427475825,1717.0,,,,,,,,,,,,,,0.0,,,,,0.010541867464780807,0.013333333656191826
,mappo,,,,1717.0,0.0,0.0,0.6666666865348816,0.0,0.0,0.0,0.6666666865348816,0.0,0.0,0.0,0.0,0.0,0.0,,,,,,,
-0.0016117750201374292,mappo,0.0018551802495494485,-0.7529201507568359,0.0004844281427142382,1718.0,,,,,,,,,,,,,,0.0,,,,,0.010632907040417194,0.013333333656191826
,mappo,,,,1718.0,0.0,0.0,0.6666666865348816,0.0,0.0,0.0,0.6666666865348816,0.0,0.0,0.0,0.0,0.0,0.0,,,,,,,
-0.002645910484716296,mappo,0.0013564336113631725,-0.768060028553009,0.00048412804268089366,1719.0,,,,,,,,,,,,,,0.0,,,,,0.01062232255935669,0.013333333656191826
,mappo,,,,1719.0,0.0,0.0,0.6666666865348816,0.0,0.0,0.0,0.6666666865348816,0.0,0.0,0.0,0.0,0.0,0.0,,,,,,,
-0.006044185254722834,mappo,0.0009522503823973238,-0.7786754965782166,0.00048382794264754914,1720.0,,,,,,,,,,,,,,0.0,,,,,0.01055937446653843,0.013333333656191826
,mappo,,,,1720.0,0.0,0.0,0.6666666865348816,0.0,0.0,0.0,0.6666666865348816,0.0,0.0,0.0,0.0,0.0,0.0,,,,,,,
-0.0008041829569265246,mappo,0.0007013388094492257,-0.8273670077323914,0.00048352784261420484,1721.0,,,,,,,,,,,,,,0.0,,,,,0.010633135214447975,0.013333333656191826
,mappo,,,,1721.0,0.0,0.0,0.6666666865348816,0.0,0.0,0.0,0.6666666865348816,0.0,0.0,0.0,0.0,0.0,0.0,,,,,,,
-0.005362952593713999,mappo,0.011211958713829517,-1.2259167432785034,0.00048322774258086033,1722.0,,,,,,,,,,,,,,0.0,,,,,0.010698383674025536,0.006666666828095913
,mappo,,,,1722.0,0.0,0.0,0.3333333432674408,0.0,0.0,0.0,0.3333333432674408,0.0,0.0,0.0,0.0,0.0,0.0,,,,,,,
0.013133518397808075,mappo,0.0014894444029778242,-0.8803208470344543,0.0004829276425475159,1723.0,,,,,,,,,,,,,,0.0,,,,,0.010592127218842506,0.013333333656191826
,mappo,,,,1723.0,0.0,0.0,0.6666666865348816,0.0,0.0,0.0,0.6666666865348816,0.0,0.0,0.0,0.0,0.0,0.0,,,,,,,
0.08614515513181686,mappo,0.00891821552067995,-1.3553439378738403,0.0004826275425141714,1724.0,,,,,,,,,,,,,,0.0,,,,,0.010859601199626923,0.006666666828095913
,mappo,,,,1724.0,0.0,0.0,0.3333333432674408,0.0,0.0,0.0,0.3333333432674408,0.0,0.0,0.0,0.0,0.0,0.0,,,,,,,
0.033269546926021576,mappo,0.003252837574109435,-0.9743272662162781,0.000482327442480827,1725.0,,,,,,,,,,,,,,0.0,,,,,0.010550898499786854,0.013333333656191826
,mappo,,,,1725.0,0.0,0.0,0.6666666865348816,0.0,0.0,0.0,0.6666666865348816,0.0,0.0,0.0,0.0,0.0,0.0,,,,,,,
-0.006872077472507954,mappo,0.00253396132029593,-1.018201470375061,0.0004820273424474826,1726.0,,,,,,,,,,,,,,0.0,,,,,0.010519941337406635,0.013333333656191826
,mappo,,,,1726.0,0.0,0.0,0.6666666865348816,0.0,0.0,0.0,0.6666666865348816,0.0,0.0,0.0,0.0,0.0,0.0,,,,,,,
-0.003520260564982891,mappo,0.0027443550061434507,-1.0844932794570923,0.00048172724241413807,1727.0,,,,,,,,,,,,,,0.0,,,,,0.010584675706923008,0.013333333656191826
,mappo,,,,1727.0,0.0,0.0,0.6666666865348816,0.0,0.0,0.0,0.6666666865348816,0.0,0.0,0.0,0.0,0.0,0.0,,,,,,,
0.005295817274600267,mappo,0.0017964710714295506,-1.0673593282699585,0.00048142714238079355,1728.0,,,,,,,,,,,,,,0.0,,,,,0.010540066286921501,0.013333333656191826
,mappo,,,,1728.0,0.0,0.0,0.6666666865348816,0.0,0.0,0.0,0.6666666865348816,0.0,0.0,0.0,0.0,0.0,0.0,,,,,,,
-0.007286019157618284,mappo,0.0013519020285457373,-1.0816125869750977,0.00048112704234744925,1729.0,,,,,,,,,,,,,,0.0,,,,,0.01061698142439127,0.013333333656191826
,mappo,,,,1729.0,0.0,0.0,0.6666666865348816,0.0,0.0,0.0,0.6666666865348816,0.0,0.0,0.0,0.0,0.0,0.0,,,,,,,
-0.00034458597656339407,mappo,0.0008089584298431873,-1.124640703201294,0.00048082694231410474,1730.0,,,,,,,,,,,,,,0.0,,,,,0.010690033435821533,0.013333333656191826
,mappo,,,,1730.0,0.0,0.0,0.6666666865348816,0.0,0.0,0.0,0.6666666865348816,0.0,0.0,0.0,0.0,0.0,0.0,,,,,,,
0.06493158638477325,mappo,0.00048759300261735916,-1.0942587852478027,0.0004805268422807602,1731.0,,,,,,,,,,,,,,0.0,,,,,0.010762873105704784,0.013333333656191826
,mappo,,,,1731.0,0.0,0.0,0.6666666865348816,0.0,0.0,0.0,0.6666666865348816,0.0,0.0,0.0,0.0,0.0,0.0,,,,,,,
0.0057692318223416805,mappo,0.00032854574965313077,-1.074908971786499,0.0004802267422474158,1732.0,,,,,,,,,,,,,,0.0,,,,,0.010553188621997833,0.013333333656191826
,mappo,,,,1732.0,0.0,0.0,0.6666666865348816,0.0,0.0,0.0,0.6666666865348816,0.0,0.0,0.0,0.0,0.0,0.0,,,,,,,
-0.0002118003903888166,mappo,0.00014235041453503072,-1.1174423694610596,0.0004799266422140714,1733.0,,,,,,,,,,,,,,0.0,,,,,0.010693452320992947,0.013333333656191826
,mappo,,,,1733.0,0.0,0.0,0.6666666865348816,0.0,0.0,0.0,0.6666666865348816,0.0,0.0,0.0,0.0,0.0,0.0,,,,,,,
0.01115232054144144,mappo,0.00011994517262792215,-1.0969207286834717,0.000479626542180727,1734.0,,,,,,,,,,,,,,0.0,,,,,0.010423898696899414,0.013333333656191826
,mappo,,,,1734.0,0.0,0.0,0.6666666865348816,0.0,0.0,0.0,0.6666666865348816,0.0,0.0,0.0,0.0,0.0,0.0,,,,,,,
0.010718537494540215,mappo,0.00012149618123658001,-1.1036651134490967,0.0004793264421473825,1735.0,,,,,,,,,,,,,,0.0,,,,,0.010435284115374088,0.013333333656191826
,mappo,,,,1735.0,0.0,0.0,0.6666666865348816,0.0,0.0,0.0,0.6666666865348816,0.0,0.0,0.0,0.0,0.0,0.0,,,,,,,
0.018229642882943153,mappo,0.00011018124496331438,-1.2314753532409668,0.00047902634211403807,1736.0,,,,,,,,,,,,,,0.0,,,,,0.010664690285921097,0.013333333656191826
,mappo,,,,1736.0,0.0,0.0,0.6666666865348816,0.0,0.0,0.0,0.6666666865348816,0.0,0.0,0.0,0.0,0.0,0.0,,,,,,,
0.00783991813659668,mappo,0.00012547530059237033,-1.1210248470306396,0.00047872624208069366,1737.0,,,,,,,,,,,,,,0.0,,,,,0.010289641097187996,0.013333333656191826
,mappo,,,,1737.0,0.0,0.0,0.6666666865348816,0.0,0.0,0.0,0.6666666865348816,0.0,0.0,0.0,0.0,0.0,0.0,,,,,,,
-0.0056638577952980995,mappo,0.00012428603076841682,-1.1143074035644531,0.00047842614204734915,1738.0,,,,,,,,,,,,,,0.0,,,,,0.01031828299164772,0.013333333656191826
,mappo,,,,1738.0,0.0,0.0,0.6666666865348816,0.0,0.0,0.0,0.6666666865348816,0.0,0.0,0.0,0.0,0.0,0.0,,,,,,,
-0.0015611392445862293,mappo,8.266884105978534e-05,-1.1653071641921997,0.00047812604201400463,1739.0,,,,,,,,,,,,,,0.0,,,,,0.0103505440056324,0.013333333656191826
,mappo,,,,1739.0,0.0,0.0,0.6666666865348816,0.0,0.0,0.0,0.6666666865348816,0.0,0.0,0.0,0.0,0.0,0.0,,,,,,,
-0.0023979719262570143,mappo,5.294676520861685e-05,-1.2035359144210815,0.00047782594198066033,1740.0,,,,,,,,,,,,,,0.0,,,,,0.01043058093637228,0.013333333656191826
,mappo,,,,1740.0,0.0,0.0,0.6666666865348816,0.0,0.0,0.0,0.6666666865348816,0.0,0.0,0.0,0.0,0.0,0.0,,,,,,,
0.10671547800302505,mappo,6.453416426666081e-05,-1.2495030164718628,0.0004775258419473158,1741.0,,,,,,,,,,,,,,0.0,,,,,0.01054898276925087,0.013333333656191826
,mappo,,,,1741.0,0.0,0.0,0.6666666865348816,0.0,0.0,0.0,0.6666666865348816,0.0,0.0,0.0,0.0,0.0,0.0,,,,,,,
0.02112668752670288,mappo,0.00010010966070694849,-1.3728214502334595,0.0004772257419139713,1742.0,,,,,,,,,,,,,,0.0,,,,,0.010579504072666168,0.013333333656191826
,mappo,,,,1742.0,0.0,0.0,0.6666666865348816,0.0,0.0,0.0,0.6666666865348816,0.0,0.0,0.0,0.0,0.0,0.0,,,,,,,
0.057447340339422226,mappo,0.013025723397731781,-1.7633215188980103,0.0004769256418806269,1743.0,,,,,,,,,,,,,,0.0,,,,,0.010659339837729931,0.006666666828095913
,mappo,,,,1743.0,0.0,0.0,0.3333333432674408,0.0,0.0,0.0,0.3333333432674408,0.0,0.0,0.0,0.0,0.0,0.0,,,,,,,
0.001192110707052052,mappo,0.007616815622895956,-2.5043020248413086,0.0004766255418472825,1744.0,,,,,,,,,,,,,,0.0,,,,,0.012553799897432327,0.0
,mappo,,,,1744.0,0.0,0.0,0.0,0.0,0.0,0.0,0.0,0.0,0.0,0.0,0.0,0.0,0.0,,,,,,,
0.009075312875211239,mappo,0.005257601849734783,-1.764764666557312,0.00047632544181393807,1745.0,,,,,,,,,,,,,,0.0,,,,,0.010771146044135094,0.006666666828095913
,mappo,,,,1745.0,0.0,0.0,0.3333333432674408,0.0,0.0,0.0,0.3333333432674408,0.0,0.0,0.0,0.0,0.0,0.0,,,,,,,
0.013779149390757084,mappo,0.0029454685281962156,-1.7540764808654785,0.00047602534178059356,1746.0,,,,,,,,,,,,,,0.0,,,,,0.010724804364144802,0.006666666828095913
,mappo,,,,1746.0,0.0,0.0,0.3333333432674408,0.0,0.0,0.0,0.3333333432674408,0.0,0.0,0.0,0.0,0.0,0.0,,,,,,,
0.08383017778396606,mappo,0.007312021218240261,-1.3828579187393188,0.00047572524174724904,1747.0,,,,,,,,,,,,,,0.0,,,,,0.010668615810573101,0.013333333656191826
,mappo,,,,1747.0,0.0,0.0,0.6666666865348816,0.0,0.0,0.0,0.6666666865348816,0.0,0.0,0.0,0.0,0.0,0.0,,,,,,,
-0.00031749781919643283,mappo,0.004740579519420862,-1.2523272037506104,0.00047542514171390474,1748.0,,,,,,,,,,,,,,0.0,,,,,0.010519256815314293,0.013333333656191826
,mappo,,,,1748.0,0.0,0.0,0.6666666865348816,0.0,0.0,0.0,0.6666666865348816,0.0,0.0,0.0,0.0,0.0,0.0,,,,,,,
0.0830281674861908,mappo,0.004772726446390152,-1.3240303993225098,0.0004751250416805602,1749.0,,,,,,,,,,,,,,0.0,,,,,0.010693734511733055,0.013333333656191826
,mappo,,,,1749.0,0.0,0.0,0.6666666865348816,0.0,0.0,0.0,0.6666666865348816,0.0,0.0,0.0,0.0,0.0,0.0,,,,,,,
0.007221742533147335,mappo,0.004003187641501427,-1.267641544342041,0.0004748249416472157,1750.0,,,,,,,,,,,,,,0.0,,,,,0.010636474937200546,0.013333333656191826
,mappo,,,,1750.0,0.0,0.0,0.6666666865348816,0.0,0.0,0.0,0.6666666865348816,0.0,0.0,0.0,0.0,0.0,0.0,,,,,,,
0.05877940356731415,mappo,0.005686380434781313,-2.3698108196258545,0.0004745248416138714,1751.0,,,,,,,,,,,,,,0.0,,,,,0.012526735663414001,0.0
,mappo,,,,1751.0,0.0,0.0,0.0,0.0,0.0,0.0,0.0,0.0,0.0,0.0,0.0,0.0,0.0,,,,,,,
-0.005740207154303789,mappo,0.004598833154886961,-1.223670482635498,0.0004742247415805269,1752.0,,,,,,,,,,,,,,0.0,,,,,0.010526824742555618,0.013333333656191826
,mappo,,,,1752.0,0.0,0.0,0.6666666865348816,0.0,0.0,0.0,0.6666666865348816,0.0,0.0,0.0,0.0,0.0,0.0,,,,,,,
0.022537076845765114,mappo,0.0036816231440752745,-1.2574372291564941,0.0004739246415471824,1753.0,,,,,,,,,,,,,,0.0,,,,,0.010560307651758194,0.013333333656191826
,mappo,,,,1753.0,0.0,0.0,0.6666666865348816,0.0,0.0,0.0,0.6666666865348816,0.0,0.0,0.0,0.0,0.0,0.0,,,,,,,
0.02687220461666584,mappo,0.00265872897580266,-1.270546317100525,0.00047362454151383797,1754.0,,,,,,,,,,,,,,0.0,,,,,0.010543597862124443,0.013333333656191826
,mappo,,,,1754.0,0.0,0.0,0.6666666865348816,0.0,0.0,0.0,0.6666666865348816,0.0,0.0,0.0,0.0,0.0,0.0,,,,,,,
0.1360287368297577,mappo,0.0014430438168346882,-1.2647137641906738,0.00047332444148049356,1755.0,,,,,,,,,,,,,,0.0,,,,,0.010571708902716637,0.013333333656191826
,mappo,,,,1755.0,0.0,0.0,0.6666666865348816,0.0,0.0,0.0,0.6666666865348816,0.0,0.0,0.0,0.0,0.0,0.0,,,,,,,
0.02110314927995205,mappo,0.0006819526897743344,-1.2600427865982056,0.00047302434144714915,1756.0,,,,,,,,,,,,,,0.0,,,,,0.010554325766861439,0.013333333656191826
,mappo,,,,1756.0,0.0,0.0,0.6666666865348816,0.0,0.0,0.0,0.6666666865348816,0.0,0.0,0.0,0.0,0.0,0.0,,,,,,,
0.21237732470035553,mappo,0.0004681971331592649,-1.224265694618225,0.00047272424141380463,1757.0,,,,,,,,,,,,,,0.0,,,,,0.01050705835223198,0.013333333656191826
,mappo,,,,1757.0,0.0,0.0,0.6666666865348816,0.0,0.0,0.0,0.6666666865348816,0.0,0.0,0.0,0.0,0.0,0.0,,,,,,,
0.06329621374607086,mappo,0.000441721553215757,-1.2230607271194458,0.0004724241413804601,1758.0,,,,,,,,,,,,,,0.0,,,,,0.010451499372720718,0.013333333656191826
,mappo,,,,1758.0,0.0,0.0,0.6666666865348816,0.0,0.0,0.0,0.6666666865348816,0.0,0.0,0.0,0.0,0.0,0.0,,,,,,,
0.015658996999263763,mappo,0.0001961504458449781,-1.2279959917068481,0.0004721240413471158,1759.0,,,,,,,,,,,,,,0.0,,,,,0.010500713251531124,0.013333333656191826
,mappo,,,,1759.0,0.0,0.0,0.6666666865348816,0.0,0.0,0.0,0.6666666865348816,0.0,0.0,0.0,0.0,0.0,0.0,,,,,,,
0.21530462801456451,mappo,0.00010191403271164745,-1.1904568672180176,0.0004718239413137713,1760.0,,,,,,,,,,,,,,0.0,,,,,0.010211911052465439,0.013333333656191826
,mappo,,,,1760.0,0.0,0.0,0.6666666865348816,0.0,0.0,0.0,0.6666666865348816,0.0,0.0,0.0,0.0,0.0,0.0,,,,,,,
0.06259504705667496,mappo,0.00011260685278102756,-1.229715347290039,0.0004715238412804268,1761.0,,,,,,,,,,,,,,0.0,,,,,0.010414766147732735,0.013333333656191826
,mappo,,,,1761.0,0.0,0.0,0.6666666865348816,0.0,0.0,0.0,0.6666666865348816,0.0,0.0,0.0,0.0,0.0,0.0,,,,,,,
0.04320557788014412,mappo,5.691313344868831e-05,-1.1642496585845947,0.0004712237412470824,1762.0,,,,,,,,,,,,,,0.0,,,,,0.010399365797638893,0.013333333656191826
,mappo,,,,1762.0,0.0,0.0,0.6666666865348816,0.0,0.0,0.0,0.6666666865348816,0.0,0.0,0.0,0.0,0.0,0.0,,,,,,,
-0.001051527913659811,mappo,5.900655378354713e-05,-1.1542234420776367,0.00047092364121373797,1763.0,,,,,,,,,,,,,,0.0,,,,,0.010468486696481705,0.013333333656191826
,mappo,,,,1763.0,0.0,0.0,0.6666666865348816,0.0,0.0,0.0,0.6666666865348816,0.0,0.0,0.0,0.0,0.0,0.0,,,,,,,
0.0019105063984170556,mappo,4.11384244216606e-05,-1.0993207693099976,0.00047062354118039345,1764.0,,,,,,,,,,,,,,0.0,,,,,0.010226324200630188,0.013333333656191826
,mappo,,,,1764.0,0.0,0.0,0.6666666865348816,0.0,0.0,0.0,0.6666666865348816,0.0,0.0,0.0,0.0,0.0,0.0,,,,,,,
0.17148539423942566,mappo,3.1766070605954155e-05,-1.1176265478134155,0.00047032344114704904,1765.0,,,,,,,,,,,,,,0.0,,,,,0.010339075699448586,0.013333333656191826
,mappo,,,,1765.0,0.0,0.0,0.6666666865348816,0.0,0.0,0.0,0.6666666865348816,0.0,0.0,0.0,0.0,0.0,0.0,,,,,,,
0.014138059690594673,mappo,3.2424271921627223e-05,-1.130547046661377,0.00047002334111370463,1766.0,,,,,,,,,,,,,,0.0,,,,,0.010281162336468697,0.013333333656191826
,mappo,,,,1766.0,0.0,0.0,0.6666666865348816,0.0,0.0,0.0,0.6666666865348816,0.0,0.0,0.0,0.0,0.0,0.0,,,,,,,
0.003222009167075157,mappo,4.01014149247203e-05,-1.1643669605255127,0.0004697232410803602,1767.0,,,,,,,,,,,,,,0.0,,,,,0.010487433522939682,0.013333333656191826
,mappo,,,,1767.0,0.0,0.0,0.6666666865348816,0.0,0.0,0.0,0.6666666865348816,0.0,0.0,0.0,0.0,0.0,0.0,,,,,,,
0.00406660558655858,mappo,2.1606409063679166e-05,-1.1324442625045776,0.0004694231410470157,1768.0,,,,,,,,,,,,,,0.0,,,,,0.010412968695163727,0.013333333656191826
,mappo,,,,1768.0,0.0,0.0,0.6666666865348816,0.0,0.0,0.0,0.6666666865348816,0.0,0.0,0.0,0.0,0.0,0.0,,,,,,,
-0.009504999965429306,mappo,2.689113352971617e-05,-1.1056674718856812,0.0004691230410136712,1769.0,,,,,,,,,,,,,,0.0,,,,,0.010273352265357971,0.013333333656191826
,mappo,,,,1769.0,0.0,0.0,0.6666666865348816,0.0,0.0,0.0,0.6666666865348816,0.0,0.0,0.0,0.0,0.0,0.0,,,,,,,
0.05094014108181,mappo,1.751655690895859e-05,-1.1069045066833496,0.0004688229409803269,1770.0,,,,,,,,,,,,,,0.0,,,,,0.010580754838883877,0.013333333656191826
,mappo,,,,1770.0,0.0,0.0,0.6666666865348816,0.0,0.0,0.0,0.6666666865348816,0.0,0.0,0.0,0.0,0.0,0.0,,,,,,,
-0.007043450139462948,mappo,2.6203677407465875e-05,-1.1174654960632324,0.0004685228409469824,1771.0,,,,,,,,,,,,,,0.0,,,,,0.010198354721069336,0.013333333656191826
,mappo,,,,1771.0,0.0,0.0,0.6666666865348816,0.0,0.0,0.0,0.6666666865348816,0.0,0.0,0.0,0.0,0.0,0.0,,,,,,,
-0.002874788362532854,mappo,2.4149463570211083e-05,-1.1543325185775757,0.00046822274091363786,1772.0,,,,,,,,,,,,,,0.0,,,,,0.010275136679410934,0.013333333656191826
,mappo,,,,1772.0,0.0,0.0,0.6666666865348816,0.0,0.0,0.0,0.6666666865348816,0.0,0.0,0.0,0.0,0.0,0.0,,,,,,,
0.03918667510151863,mappo,1.7729989849613048e-05,-1.1192842721939087,0.00046792264088029345,1773.0,,,,,,,,,,,,,,0.0,,,,,0.01043747365474701,0.013333333656191826
,mappo,,,,1773.0,0.0,0.0,0.6666666865348816,0.0,0.0,0.0,0.6666666865348816,0.0,0.0,0.0,0.0,0.0,0.0,,,,,,,
0.009793529286980629,mappo,2.0098023014725186e-05,-1.122743844985962,0.00046762254084694904,1774.0,,,,,,,,,,,,,,0.0,,,,,0.01051086001098156,0.013333333656191826
,mappo,,,,1774.0,0.0,0.0,0.6666666865348816,0.0,0.0,0.0,0.6666666865348816,0.0,0.0,0.0,0.0,0.0,0.0,,,,,,,
0.016543073579669,mappo,1.689818236627616e-05,-1.0924460887908936,0.0004673224408136045,1775.0,,,,,,,,,,,,,,0.0,,,,,0.010337932035326958,0.013333333656191826
,mappo,,,,1775.0,0.0,0.0,0.6666666865348816,0.0,0.0,0.0,0.6666666865348816,0.0,0.0,0.0,0.0,0.0,0.0,,,,,,,
0.1077830046415329,mappo,1.4483735867543146e-05,-1.1067380905151367,0.0004670223407802601,1776.0,,,,,,,,,,,,,,0.0,,,,,0.010414445772767067,0.013333333656191826
,mappo,,,,1776.0,0.0,0.0,0.6666666865348816,0.0,0.0,0.0,0.6666666865348816,0.0,0.0,0.0,0.0,0.0,0.0,,,,,,,
0.03397570550441742,mappo,9.617555406293832e-06,-1.095610499382019,0.0004667222407469156,1777.0,,,,,,,,,,,,,,0.0,,,,,0.010352825745940208,0.013333333656191826
,mappo,,,,1777.0,0.0,0.0,0.6666666865348816,0.0,0.0,0.0,0.6666666865348816,0.0,0.0,0.0,0.0,0.0,0.0,,,,,,,
0.053936928510665894,mappo,9.731811587698758e-06,-1.0949211120605469,0.0004664221407135713,1778.0,,,,,,,,,,,,,,0.0,,,,,0.010355843231081963,0.013333333656191826
,mappo,,,,1778.0,0.0,0.0,0.6666666865348816,0.0,0.0,0.0,0.6666666865348816,0.0,0.0,0.0,0.0,0.0,0.0,,,,,,,
0.0948554277420044,mappo,1.2643956324609462e-05,-1.1244308948516846,0.0004661220406802268,1779.0,,,,,,,,,,,,,,0.0,,,,,0.010281880386173725,0.013333333656191826
,mappo,,,,1779.0,0.0,0.0,0.6666666865348816,0.0,0.0,0.0,0.6666666865348816,0.0,0.0,0.0,0.0,0.0,0.0,,,,,,,
0.03955180570483208,mappo,8.580723260820378e-06,-1.1085072755813599,0.00046582194064688227,1780.0,,,,,,,,,,,,,,0.0,,,,,0.010257557965815067,0.013333333656191826
,mappo,,,,1780.0,0.0,0.0,0.6666666865348816,0.0,0.0,0.0,0.6666666865348816,0.0,0.0,0.0,0.0,0.0,0.0,,,,,,,
0.013249900192022324,mappo,2.044718166871462e-05,-1.0576465129852295,0.00046552184061353786,1781.0,,,,,,,,,,,,,,0.0,,,,,0.01022377796471119,0.013333333656191826
,mappo,,,,1781.0,0.0,0.0,0.6666666865348816,0.0,0.0,0.0,0.6666666865348816,0.0,0.0,0.0,0.0,0.0,0.0,,,,,,,
-0.0036860997788608074,mappo,1.0674735676730052e-05,-1.0910589694976807,0.00046522174058019345,1782.0,,,,,,,,,,,,,,0.0,,,,,0.010409398004412651,0.013333333656191826
,mappo,,,,1782.0,0.0,0.0,0.6666666865348816,0.0,0.0,0.0,0.6666666865348816,0.0,0.0,0.0,0.0,0.0,0.0,,,,,,,
0.06709301471710205,mappo,7.73672763898503e-06,-1.0826096534729004,0.00046492164054684894,1783.0,,,,,,,,,,,,,,0.0,,,,,0.010203489102423191,0.013333333656191826
,mappo,,,,1783.0,0.0,0.0,0.6666666865348816,0.0,0.0,0.0,0.6666666865348816,0.0,0.0,0.0,0.0,0.0,0.0,,,,,,,
0.0035161790437996387,mappo,6.277442480495665e-06,-1.0537501573562622,0.00046462154051350453,1784.0,,,,,,,,,,,,,,0.0,,,,,0.010269924998283386,0.013333333656191826
,mappo,,,,1784.0,0.0,0.0,0.6666666865348816,0.0,0.0,0.0,0.6666666865348816,0.0,0.0,0.0,0.0,0.0,0.0,,,,,,,
-0.005533972755074501,mappo,9.64740502240602e-06,-1.1043710708618164,0.0004643214404801601,1785.0,,,,,,,,,,,,,,0.0,,,,,0.010347092524170876,0.013333333656191826
,mappo,,,,1785.0,0.0,0.0,0.6666666865348816,0.0,0.0,0.0,0.6666666865348816,0.0,0.0,0.0,0.0,0.0,0.0,,,,,,,
-0.006715102586895227,mappo,8.129256457323208e-06,-1.0713496208190918,0.0004640213404468156,1786.0,,,,,,,,,,,,,,0.0,,,,,0.010339280590415001,0.013333333656191826
,mappo,,,,1786.0,0.0,0.0,0.6666666865348816,0.0,0.0,0.0,0.6666666865348816,0.0,0.0,0.0,0.0,0.0,0.0,,,,,,,
0.00850633718073368,mappo,8.104492735583335e-06,-1.0672540664672852,0.0004637212404134712,1787.0,,,,,,,,,,,,,,0.0,,,,,0.01021882239729166,0.013333333656191826
,mappo,,,,1787.0,0.0,0.0,0.6666666865348816,0.0,0.0,0.0,0.6666666865348816,0.0,0.0,0.0,0.0,0.0,0.0,,,,,,,
0.0017469527665525675,mappo,1.8161545085604303e-05,-1.0510746240615845,0.0004634211403801267,1788.0,,,,,,,,,,,,,,0.0,,,,,0.010236655361950397,0.013333333656191826
,mappo,,,,1788.0,0.0,0.0,0.6666666865348816,0.0,0.0,0.0,0.6666666865348816,0.0,0.0,0.0,0.0,0.0,0.0,,,,,,,
-0.0005526914028450847,mappo,1.0168505468755029e-05,-1.0358550548553467,0.0004631210403467824,1789.0,,,,,,,,,,,,,,0.0,,,,,0.010428646579384804,0.013333333656191826
,mappo,,,,1789.0,0.0,0.0,0.6666666865348816,0.0,0.0,0.0,0.6666666865348816,0.0,0.0,0.0,0.0,0.0,0.0,,,,,,,
-0.0018334941705688834,mappo,7.091728548402898e-06,-1.0612469911575317,0.00046282094031343786,1790.0,,,,,,,,,,,,,,0.0,,,,,0.010366812348365784,0.013333333656191826
,mappo,,,,1790.0,0.0,0.0,0.6666666865348816,0.0,0.0,0.0,0.6666666865348816,0.0,0.0,0.0,0.0,0.0,0.0,,,,,,,
0.022737858816981316,mappo,7.578751137771178e-06,-1.0821411609649658,0.00046252084028009335,1791.0,,,,,,,,,,,,,,0.0,,,,,0.01046910509467125,0.013333333656191826
,mappo,,,,1791.0,0.0,0.0,0.6666666865348816,0.0,0.0,0.0,0.6666666865348816,0.0,0.0,0.0,0.0,0.0,0.0,,,,,,,
-0.002138417912647128,mappo,1.3499459782906342e-05,-1.1210559606552124,0.00046222074024674894,1792.0,,,,,,,,,,,,,,0.0,,,,,0.01035563088953495,0.013333333656191826
,mappo,,,,1792.0,0.0,0.0,0.6666666865348816,0.0,0.0,0.0,0.6666666865348816,0.0,0.0,0.0,0.0,0.0,0.0,,,,,,,
-0.005483217537403107,mappo,1.0826663128682412e-05,-1.07831609249115,0.00046192064021340453,1793.0,,,,,,,,,,,,,,0.0,,,,,0.010427875444293022,0.013333333656191826
,mappo,,,,1793.0,0.0,0.0,0.6666666865348816,0.0,0.0,0.0,0.6666666865348816,0.0,0.0,0.0,0.0,0.0,0.0,,,,,,,
0.003647470846772194,mappo,4.622821961675072e-06,-1.1255881786346436,0.00046162054018006,1794.0,,,,,,,,,,,,,,0.0,,,,,0.010314268060028553,0.013333333656191826
,mappo,,,,1794.0,0.0,0.0,0.6666666865348816,0.0,0.0,0.0,0.6666666865348816,0.0,0.0,0.0,0.0,0.0,0.0,,,,,,,
-0.010934070684015751,mappo,0.0001296058326261118,-1.2385499477386475,0.0004613204401467156,1795.0,,,,,,,,,,,,,,0.0,,,,,0.010171331465244293,0.013333333656191826
,mappo,,,,1795.0,0.0,0.0,0.6666666865348816,0.0,0.0,0.0,0.6666666865348816,0.0,0.0,0.0,0.0,0.0,0.0,,,,,,,
-0.004092502407729626,mappo,5.0360074965283275e-05,-1.2113896608352661,0.0004610203401133711,1796.0,,,,,,,,,,,,,,0.0,,,,,0.010149544104933739,0.013333333656191826
,mappo,,,,1796.0,0.0,0.0,0.6666666865348816,0.0,0.0,0.0,0.6666666865348816,0.0,0.0,0.0,0.0,0.0,0.0,,,,,,,
0.03854594752192497,mappo,1.945718213391956e-05,-1.2822543382644653,0.0004607202400800268,1797.0,,,,,,,,,,,,,,0.0,,,,,0.010140808299183846,0.013333333656191826
,mappo,,,,1797.0,0.0,0.0,0.6666666865348816,0.0,0.0,0.0,0.6666666865348816,0.0,0.0,0.0,0.0,0.0,0.0,,,,,,,
0.03318806737661362,mappo,1.8434560843161307e-05,-1.199316143989563,0.00046042014004668227,1798.0,,,,,,,,,,,,,,0.0,,,,,0.010177411139011383,0.013333333656191826
,mappo,,,,1798.0,0.0,0.0,0.6666666865348816,0.0,0.0,0.0,0.6666666865348816,0.0,0.0,0.0,0.0,0.0,0.0,,,,,,,
-0.002967861946672201,mappo,2.3658754798816517e-05,-1.3087860345840454,0.00046012004001333776,1799.0,,,,,,,,,,,,,,0.0,,,,,0.010375041514635086,0.013333333656191826
,mappo,,,,1799.0,0.0,0.0,0.6666666865348816,0.0,0.0,0.0,0.6666666865348816,0.0,0.0,0.0,0.0,0.0,0.0,,,,,,,
,mappo,,,,1799.0,,,,,,,,,,,,,,,0.0,0.0,0.6666666865348816,0.0,,
0.03834300860762596,mappo,3.915060733561404e-05,-1.34650456905365,0.00045981993997999346,1800.0,,,,,,,,,,,,,,0.0,,,,,0.010431664995849133,0.013333333656191826
,mappo,,,,1800.0,0.0,0.0,0.6666666865348816,0.0,0.0,0.0,0.6666666865348816,0.0,0.0,0.0,0.0,0.0,0.0,,,,,,,
0.05549163743853569,mappo,6.804279564676108e-06,-1.2864598035812378,0.00045951983994664894,1801.0,,,,,,,,,,,,,,0.0,,,,,0.01026345044374466,0.013333333656191826
,mappo,,,,1801.0,0.0,0.0,0.6666666865348816,0.0,0.0,0.0,0.6666666865348816,0.0,0.0,0.0,0.0,0.0,0.0,,,,,,,
-0.007242455147206783,mappo,2.7234360459260643e-05,-1.4073647260665894,0.0004592197399133044,1802.0,,,,,,,,,,,,,,0.0,,,,,0.010433310642838478,0.013333333656191826
,mappo,,,,1802.0,0.0,0.0,0.6666666865348816,0.0,0.0,0.0,0.6666666865348816,0.0,0.0,0.0,0.0,0.0,0.0,,,,,,,
0.08511997759342194,mappo,2.540213790780399e-05,-1.4024977684020996,0.00045891963987996,1803.0,,,,,,,,,,,,,,0.0,,,,,0.010120728984475136,0.013333333656191826
,mappo,,,,1803.0,0.0,0.0,0.6666666865348816,0.0,0.0,0.0,0.6666666865348816,0.0,0.0,0.0,0.0,0.0,0.0,,,,,,,
0.006008099764585495,mappo,2.4478757040924393e-05,-1.4394763708114624,0.0004586195398466156,1804.0,,,,,,,,,,,,,,0.0,,,,,0.01017487607896328,0.013333333656191826
,mappo,,,,1804.0,0.0,0.0,0.6666666865348816,0.0,0.0,0.0,0.6666666865348816,0.0,0.0,0.0,0.0,0.0,0.0,,,,,,,
-0.005782061256468296,mappo,2.008044430112932e-05,-1.4405629634857178,0.0004583194398132711,1805.0,,,,,,,,,,,,,,0.0,,,,,0.010272128507494926,0.013333333656191826
,mappo,,,,1805.0,0.0,0.0,0.6666666865348816,0.0,0.0,0.0,0.6666666865348816,0.0,0.0,0.0,0.0,0.0,0.0,,,,,,,
0.00836413074284792,mappo,1.8641258066054434e-05,-1.5287017822265625,0.0004580193397799267,1806.0,,,,,,,,,,,,,,0.0,,,,,0.010413117706775665,0.013333333656191826
,mappo,,,,1806.0,0.0,0.0,0.6666666865348816,0.0,0.0,0.0,0.6666666865348816,0.0,0.0,0.0,0.0,0.0,0.0,,,,,,,
0.02168535254895687,mappo,2.3050080926623195e-05,-1.4424686431884766,0.00045771923974658216,1807.0,,,,,,,,,,,,,,0.0,,,,,0.01018664613366127,0.013333333656191826
,mappo,,,,1807.0,0.0,0.0,0.6666666865348816,0.0,0.0,0.0,0.6666666865348816,0.0,0.0,0.0,0.0,0.0,0.0,,,,,,,
0.014558841474354267,mappo,3.4691602195380256e-05,-1.4666154384613037,0.00045741913971323787,1808.0,,,,,,,,,,,,,,0.0,,,,,0.010251358151435852,0.013333333656191826
,mappo,,,,1808.0,0.0,0.0,0.6666666865348816,0.0,0.0,0.0,0.6666666865348816,0.0,0.0,0.0,0.0,0.0,0.0,,,,,,,
0.007599910255521536,mappo,1.3250305528345052e-05,-1.4699455499649048,0.00045711903967989335,1809.0,,,,,,,,,,,,,,0.0,,,,,0.01019909419119358,0.013333333656191826
,mappo,,,,1809.0,0.0,0.0,0.6666666865348816,0.0,0.0,0.0,0.6666666865348816,0.0,0.0,0.0,0.0,0.0,0.0,,,,,,,
-0.0009762408444657922,mappo,6.392184786818689e-06,-1.4097023010253906,0.00045681893964654883,1810.0,,,,,,,,,,,,,,0.0,,,,,0.01039262767881155,0.013333333656191826
,mappo,,,,1810.0,0.0,0.0,0.6666666865348816,0.0,0.0,0.0,0.6666666865348816,0.0,0.0,0.0,0.0,0.0,0.0,,,,,,,
-0.00528348283842206,mappo,3.8877560655237176e-06,-1.4236563444137573,0.0004565188396132044,1811.0,,,,,,,,,,,,,,0.0,,,,,0.010230569168925285,0.013333333656191826
,mappo,,,,1811.0,0.0,0.0,0.6666666865348816,0.0,0.0,0.0,0.6666666865348816,0.0,0.0,0.0,0.0,0.0,0.0,,,,,,,
0.011496905237436295,mappo,7.513907803513575e-06,-1.4154080152511597,0.00045621873957986,1812.0,,,,,,,,,,,,,,0.0,,,,,0.010181538760662079,0.013333333656191826
,mappo,,,,1812.0,0.0,0.0,0.6666666865348816,0.0,0.0,0.0,0.6666666865348816,0.0,0.0,0.0,0.0,0.0,0.0,,,,,,,
0.020425433292984962,mappo,1.3405148820311297e-05,-1.3709962368011475,0.0004559186395465155,1813.0,,,,,,,,,,,,,,0.0,,,,,0.01020777877420187,0.013333333656191826
,mappo,,,,1813.0,0.0,0.0,0.6666666865348816,0.0,0.0,0.0,0.6666666865348816,0.0,0.0,0.0,0.0,0.0,0.0,,,,,,,
0.09330441802740097,mappo,1.4374812963069417e-05,-1.4784119129180908,0.0004556185395131711,1814.0,,,,,,,,,,,,,,0.0,,,,,0.010457362979650497,0.013333333656191826
,mappo,,,,1814.0,0.0,0.0,0.6666666865348816,0.0,0.0,0.0,0.6666666865348816,0.0,0.0,0.0,0.0,0.0,0.0,,,,,,,
0.028058741241693497,mappo,1.2310899364820216e-05,-1.358959674835205,0.0004553184394798267,1815.0,,,,,,,,,,,,,,0.0,,,,,0.010238232091069221,0.013333333656191826
,mappo,,,,1815.0,0.0,0.0,0.6666666865348816,0.0,0.0,0.0,0.6666666865348816,0.0,0.0,0.0,0.0,0.0,0.0,,,,,,,
0.02177218534052372,mappo,7.076247129589319e-06,-1.4439853429794312,0.00045501833944648217,1816.0,,,,,,,,,,,,,,0.0,,,,,0.010424332693219185,0.013333333656191826
,mappo,,,,1816.0,0.0,0.0,0.6666666865348816,0.0,0.0,0.0,0.6666666865348816,0.0,0.0,0.0,0.0,0.0,0.0,,,,,,,
0.07497076690196991,mappo,4.842417183681391e-06,-1.4224705696105957,0.00045471823941313776,1817.0,,,,,,,,,,,,,,0.0,,,,,0.010419920086860657,0.013333333656191826
,mappo,,,,1817.0,0.0,0.0,0.6666666865348816,0.0,0.0,0.0,0.6666666865348816,0.0,0.0,0.0,0.0,0.0,0.0,,,,,,,
0.0033355834893882275,mappo,8.550874554202892e-06,-1.3054074048995972,0.00045441813937979324,1818.0,,,,,,,,,,,,,,0.0,,,,,0.010200734250247478,0.013333333656191826
,mappo,,,,1818.0,0.0,0.0,0.6666666865348816,0.0,0.0,0.0,0.6666666865348816,0.0,0.0,0.0,0.0,0.0,0.0,,,,,,,
0.027036523446440697,mappo,9.054635484062601e-06,-1.4280585050582886,0.00045411803934644894,1819.0,,,,,,,,,,,,,,0.0,,,,,0.010470954701304436,0.013333333656191826
,mappo,,,,1819.0,0.0,0.0,0.6666666865348816,0.0,0.0,0.0,0.6666666865348816,0.0,0.0,0.0,0.0,0.0,0.0,,,,,,,
0.007888567633926868,mappo,3.2573721000517253e-06,-1.4151700735092163,0.0004538179393131044,1820.0,,,,,,,,,,,,,,0.0,,,,,0.010489558801054955,0.013333333656191826
,mappo,,,,1820.0,0.0,0.0,0.6666666865348816,0.0,0.0,0.0,0.6666666865348816,0.0,0.0,0.0,0.0,0.0,0.0,,,,,,,
0.0012805366422981024,mappo,1.687022449914366e-05,-1.4880450963974,0.0004535178392797599,1821.0,,,,,,,,,,,,,,0.0,,,,,0.010291294194757938,0.013333333656191826
,mappo,,,,1821.0,0.0,0.0,0.6666666865348816,0.0,0.0,0.0,0.6666666865348816,0.0,0.0,0.0,0.0,0.0,0.0,,,,,,,
0.04536592587828636,mappo,1.3940195458417293e-05,-1.6295796632766724,0.0004532177392464155,1822.0,,,,,,,,,,,,,,0.0,,,,,0.010662847198545933,0.013333333656191826
,mappo,,,,1822.0,0.0,0.0,0.6666666865348816,0.0,0.0,0.0,0.6666666865348816,0.0,0.0,0.0,0.0,0.0,0.0,,,,,,,
0.05696294456720352,mappo,4.300434738979675e-05,-1.3350334167480469,0.0004529176392130711,1823.0,,,,,,,,,,,,,,0.0,,,,,0.01017135288566351,0.013333333656191826
,mappo,,,,1823.0,0.0,0.0,0.6666666865348816,0.0,0.0,0.0,0.6666666865348816,0.0,0.0,0.0,0.0,0.0,0.0,,,,,,,
0.13128100335597992,mappo,2.201122151745949e-05,-1.4326304197311401,0.0004526175391797266,1824.0,,,,,,,,,,,,,,0.0,,,,,0.010371432639658451,0.013333333656191826
,mappo,,,,1824.0,0.0,0.0,0.6666666865348816,0.0,0.0,0.0,0.6666666865348816,0.0,0.0,0.0,0.0,0.0,0.0,,,,,,,
0.009014330804347992,mappo,3.6402104797161883e-06,-1.3327348232269287,0.00045231743914638217,1825.0,,,,,,,,,,,,,,0.0,,,,,0.010270776227116585,0.013333333656191826
,mappo,,,,1825.0,0.0,0.0,0.6666666865348816,0.0,0.0,0.0,0.6666666865348816,0.0,0.0,0.0,0.0,0.0,0.0,,,,,,,
0.010163784958422184,mappo,1.0188318810833152e-05,-1.4041560888290405,0.00045201733911303765,1826.0,,,,,,,,,,,,,,0.0,,,,,0.010378310456871986,0.013333333656191826
,mappo,,,,1826.0,0.0,0.0,0.6666666865348816,0.0,0.0,0.0,0.6666666865348816,0.0,0.0,0.0,0.0,0.0,0.0,,,,,,,
0.05022088438272476,mappo,4.749419531435706e-06,-1.3854546546936035,0.00045171723907969324,1827.0,,,,,,,,,,,,,,0.0,,,,,0.010386986657977104,0.013333333656191826
,mappo,,,,1827.0,0.0,0.0,0.6666666865348816,0.0,0.0,0.0,0.6666666865348816,0.0,0.0,0.0,0.0,0.0,0.0,,,,,,,
0.05385694280266762,mappo,6.422139904316282e-06,-1.3848973512649536,0.00045141713904634883,1828.0,,,,,,,,,,,,,,0.0,,,,,0.010442100465297699,0.013333333656191826
,mappo,,,,1828.0,0.0,0.0,0.6666666865348816,0.0,0.0,0.0,0.6666666865348816,0.0,0.0,0.0,0.0,0.0,0.0,,,,,,,
0.0037554686423391104,mappo,4.320198968343902e-06,-1.3628759384155273,0.0004511170390130043,1829.0,,,,,,,,,,,,,,0.0,,,,,0.010336991399526596,0.013333333656191826
,mappo,,,,1829.0,0.0,0.0,0.6666666865348816,0.0,0.0,0.0,0.6666666865348816,0.0,0.0,0.0,0.0,0.0,0.0,,,,,,,
0.03387446328997612,mappo,4.464936409931397e-06,-1.3301249742507935,0.00045081693897966,1830.0,,,,,,,,,,,,,,0.0,,,,,0.010327346622943878,0.013333333656191826
,mappo,,,,1830.0,0.0,0.0,0.6666666865348816,0.0,0.0,0.0,0.6666666865348816,0.0,0.0,0.0,0.0,0.0,0.0,,,,,,,
0.028301727026700974,mappo,1.111333585868124e-05,-1.3230254650115967,0.0004505168389463155,1831.0,,,,,,,,,,,,,,0.0,,,,,0.010359581559896469,0.013333333656191826
,mappo,,,,1831.0,0.0,0.0,0.6666666865348816,0.0,0.0,0.0,0.6666666865348816,0.0,0.0,0.0,0.0,0.0,0.0,,,,,,,
0.05735181272029877,mappo,2.7914397833228577e-06,-1.2819669246673584,0.000450216738912971,1832.0,,,,,,,,,,,,,,0.0,,,,,0.010393287055194378,0.013333333656191826
,mappo,,,,1832.0,0.0,0.0,0.6666666865348816,0.0,0.0,0.0,0.6666666865348816,0.0,0.0,0.0,0.0,0.0,0.0,,,,,,,
0.0038515604101121426,mappo,1.0932592886092607e-05,-1.2512542009353638,0.0004499166388796266,1833.0,,,,,,,,,,,,,,0.0,,,,,0.010312752798199654,0.013333333656191826
,mappo,,,,1833.0,0.0,0.0,0.6666666865348816,0.0,0.0,0.0,0.6666666865348816,0.0,0.0,0.0,0.0,0.0,0.0,,,,,,,
0.02101968787610531,mappo,1.920231807162054e-05,-1.517354965209961,0.00044961653884628217,1834.0,,,,,,,,,,,,,,0.0,,,,,0.010587312281131744,0.013333333656191826
,mappo,,,,1834.0,0.0,0.0,0.6666666865348816,0.0,0.0,0.0,0.6666666865348816,0.0,0.0,0.0,0.0,0.0,0.0,,,,,,,
0.09550519287586212,mappo,0.004751463886350393,-2.3236258029937744,0.00044931643881293765,1835.0,,,,,,,,,,,,,,0.0,,,,,0.012224909849464893,0.0
,mappo,,,,1835.0,0.0,0.0,0.0,0.0,0.0,0.0,0.0,0.0,0.0,0.0,0.0,0.0,0.0,,,,,,,
0.11718760430812836,mappo,0.004538120236247778,-1.3411900997161865,0.00044901633877959324,1836.0,,,,,,,,,,,,,,0.0,,,,,0.010329551994800568,0.013333333656191826
,mappo,,,,1836.0,0.0,0.0,0.6666666865348816,0.0,0.0,0.0,0.6666666865348816,0.0,0.0,0.0,0.0,0.0,0.0,,,,,,,
0.006389298010617495,mappo,0.0024489490315318108,-1.4342418909072876,0.00044871623874624873,1837.0,,,,,,,,,,,,,,0.0,,,,,0.01048346795141697,0.013333333656191826
,mappo,,,,1837.0,0.0,0.0,0.6666666865348816,0.0,0.0,0.0,0.6666666865348816,0.0,0.0,0.0,0.0,0.0,0.0,,,,,,,
0.11622434854507446,mappo,0.0013607575092464685,-1.3539975881576538,0.0004484161387129043,1838.0,,,,,,,,,,,,,,0.0,,,,,0.01033796276897192,0.013333333656191826
,mappo,,,,1838.0,0.0,0.0,0.6666666865348816,0.0,0.0,0.0,0.6666666865348816,0.0,0.0,0.0,0.0,0.0,0.0,,,,,,,
0.10620200634002686,mappo,0.000545622082427144,-1.3624614477157593,0.0004481160386795599,1839.0,,,,,,,,,,,,,,0.0,,,,,0.010363433510065079,0.013333333656191826
,mappo,,,,1839.0,0.0,0.0,0.6666666865348816,0.0,0.0,0.0,0.6666666865348816,0.0,0.0,0.0,0.0,0.0,0.0,,,,,,,
-0.0028636048082262278,mappo,0.000309343304252252,-1.4076794385910034,0.0004478159386462154,1840.0,,,,,,,,,,,,,,0.0,,,,,0.010288422927260399,0.013333333656191826
,mappo,,,,1840.0,0.0,0.0,0.6666666865348816,0.0,0.0,0.0,0.6666666865348816,0.0,0.0,0.0,0.0,0.0,0.0,,,,,,,
0.10765085369348526,mappo,0.00019313929078634828,-1.3791418075561523,0.000447515838612871,1841.0,,,,,,,,,,,,,,0.0,,,,,0.01035359874367714,0.013333333656191826
,mappo,,,,1841.0,0.0,0.0,0.6666666865348816,0.0,0.0,0.0,0.6666666865348816,0.0,0.0,0.0,0.0,0.0,0.0,,,,,,,
-0.003598572686314583,mappo,0.00011894162162207067,-1.4242266416549683,0.0004472157385795266,1842.0,,,,,,,,,,,,,,0.0,,,,,0.010274264961481094,0.013333333656191826
,mappo,,,,1842.0,0.0,0.0,0.6666666865348816,0.0,0.0,0.0,0.6666666865348816,0.0,0.0,0.0,0.0,0.0,0.0,,,,,,,
0.024659305810928345,mappo,5.7332097640028223e-05,-1.406212329864502,0.00044691563854618206,1843.0,,,,,,,,,,,,,,0.0,,,,,0.01030820794403553,0.013333333656191826
,mappo,,,,1843.0,0.0,0.0,0.6666666865348816,0.0,0.0,0.0,0.6666666865348816,0.0,0.0,0.0,0.0,0.0,0.0,,,,,,,
0.05217119678854942,mappo,8.783399971434847e-05,-1.3914780616760254,0.00044661553851283765,1844.0,,,,,,,,,,,,,,0.0,,,,,0.010288620367646217,0.013333333656191826
,mappo,,,,1844.0,0.0,0.0,0.6666666865348816,0.0,0.0,0.0,0.6666666865348816,0.0,0.0,0.0,0.0,0.0,0.0,,,,,,,
0.06409481167793274,mappo,0.00015811251068953425,-1.3496328592300415,0.00044631543847949325,1845.0,,,,,,,,,,,,,,0.0,,,,,0.010331336408853531,0.013333333656191826
,mappo,,,,1845.0,0.0,0.0,0.6666666865348816,0.0,0.0,0.0,0.6666666865348816,0.0,0.0,0.0,0.0,0.0,0.0,,,,,,,
0.02664244920015335,mappo,0.00010149690206162632,-1.3363909721374512,0.00044601533844614873,1846.0,,,,,,,,,,,,,,0.0,,,,,0.01049197930842638,0.013333333656191826
,mappo,,,,1846.0,0.0,0.0,0.6666666865348816,0.0,0.0,0.0,0.6666666865348816,0.0,0.0,0.0,0.0,0.0,0.0,,,,,,,
0.06161223724484444,mappo,9.970216342480853e-05,-1.332613468170166,0.0004457152384128043,1847.0,,,,,,,,,,,,,,0.0,,,,,0.010617099702358246,0.013333333656191826
,mappo,,,,1847.0,0.0,0.0,0.6666666865348816,0.0,0.0,0.0,0.6666666865348816,0.0,0.0,0.0,0.0,0.0,0.0,,,,,,,
-0.002895561046898365,mappo,6.557231972692534e-05,-1.2950621843338013,0.0004454151383794598,1848.0,,,,,,,,,,,,,,0.0,,,,,0.0103518171235919,0.013333333656191826
,mappo,,,,1848.0,0.0,0.0,0.6666666865348816,0.0,0.0,0.0,0.6666666865348816,0.0,0.0,0.0,0.0,0.0,0.0,,,,,,,
0.0001498859783168882,mappo,5.865113053005189e-05,-1.3152594566345215,0.0004451150383461154,1849.0,,,,,,,,,,,,,,0.0,,,,,0.010391784831881523,0.013333333656191826
,mappo,,,,1849.0,0.0,0.0,0.6666666865348816,0.0,0.0,0.0,0.6666666865348816,0.0,0.0,0.0,0.0,0.0,0.0,,,,,,,
0.027765069156885147,mappo,3.8502148527186364e-05,-1.345746397972107,0.000444814938312771,1850.0,,,,,,,,,,,,,,0.0,,,,,0.010357461869716644,0.013333333656191826
,mappo,,,,1850.0,0.0,0.0,0.6666666865348816,0.0,0.0,0.0,0.6666666865348816,0.0,0.0,0.0,0.0,0.0,0.0,,,,,,,
0.12811912596225739,mappo,2.6766196242533624e-05,-1.3122071027755737,0.00044451483827942647,1851.0,,,,,,,,,,,,,,0.0,,,,,0.010398000478744507,0.013333333656191826
,mappo,,,,1851.0,0.0,0.0,0.6666666865348816,0.0,0.0,0.0,0.6666666865348816,0.0,0.0,0.0,0.0,0.0,0.0,,,,,,,
0.022673964500427246,mappo,2.0294974092394114e-05,-1.2802003622055054,0.00044421473824608206,1852.0,,,,,,,,,,,,,,0.0,,,,,0.01040627807378769,0.013333333656191826
,mappo,,,,1852.0,0.0,0.0,0.6666666865348816,0.0,0.0,0.0,0.6666666865348816,0.0,0.0,0.0,0.0,0.0,0.0,,,,,,,
0.023990631103515625,mappo,1.973890721274074e-05,-1.3301466703414917,0.00044391463821273766,1853.0,,,,,,,,,,,,,,0.0,,,,,0.01032312586903572,0.013333333656191826
,mappo,,,,1853.0,0.0,0.0,0.6666666865348816,0.0,0.0,0.0,0.6666666865348816,0.0,0.0,0.0,0.0,0.0,0.0,,,,,,,
0.006326376926153898,mappo,2.6156158128287643e-05,-1.4054312705993652,0.00044361453817939314,1854.0,,,,,,,,,,,,,,0.0,,,,,0.010486981831490993,0.013333333656191826
,mappo,,,,1854.0,0.0,0.0,0.6666666865348816,0.0,0.0,0.0,0.6666666865348816,0.0,0.0,0.0,0.0,0.0,0.0,,,,,,,
0.010708967223763466,mappo,3.6802211980102584e-05,-1.3153657913208008,0.00044331443814604873,1855.0,,,,,,,,,,,,,,0.0,,,,,0.010536601766943932,0.013333333656191826
,mappo,,,,1855.0,0.0,0.0,0.6666666865348816,0.0,0.0,0.0,0.6666666865348816,0.0,0.0,0.0,0.0,0.0,0.0,,,,,,,
0.006299898959696293,mappo,1.724073081277311e-05,-1.3065588474273682,0.0004430143381127042,1856.0,,,,,,,,,,,,,,0.0,,,,,0.010560690425336361,0.013333333656191826
,mappo,,,,1856.0,0.0,0.0,0.6666666865348816,0.0,0.0,0.0,0.6666666865348816,0.0,0.0,0.0,0.0,0.0,0.0,,,,,,,
-0.014113722369074821,mappo,9.898553798848297e-06,-1.3153259754180908,0.0004427142380793598,1857.0,,,,,,,,,,,,,,0.0,,,,,0.010390487499535084,0.013333333656191826
,mappo,,,,1857.0,0.0,0.0,0.6666666865348816,0.0,0.0,0.0,0.6666666865348816,0.0,0.0,0.0,0.0,0.0,0.0,,,,,,,
0.004548504948616028,mappo,1.7409800420864485e-05,-1.1920907497406006,0.0004424141380460154,1858.0,,,,,,,,,,,,,,0.0,,,,,0.010301506146788597,0.013333333656191826
,mappo,,,,1858.0,0.0,0.0,0.6666666865348816,0.0,0.0,0.0,0.6666666865348816,0.0,0.0,0.0,0.0,0.0,0.0,,,,,,,
-5.739252083003521e-05,mappo,1.5738951333332807e-05,-1.2826908826828003,0.0004421140380126709,1859.0,,,,,,,,,,,,,,0.0,,,,,0.010332508012652397,0.013333333656191826
,mappo,,,,1859.0,0.0,0.0,0.6666666865348816,0.0,0.0,0.0,0.6666666865348816,0.0,0.0,0.0,0.0,0.0,0.0,,,,,,,
0.006327364128082991,mappo,2.1574203856289387e-05,-1.3133846521377563,0.00044181393797932647,1860.0,,,,,,,,,,,,,,0.0,,,,,0.01028333231806755,0.013333333656191826
,mappo,,,,1860.0,0.0,0.0,0.6666666865348816,0.0,0.0,0.0,0.6666666865348816,0.0,0.0,0.0,0.0,0.0,0.0,,,,,,,
-0.0032966146245598793,mappo,4.032408833154477e-05,-1.1413542032241821,0.00044151383794598206,1861.0,,,,,,,,,,,,,,0.0,,,,,0.010217003524303436,0.013333333656191826
,mappo,,,,1861.0,0.0,0.0,0.6666666865348816,0.0,0.0,0.0,0.6666666865348816,0.0,0.0,0.0,0.0,0.0,0.0,,,,,,,
-0.004878798965364695,mappo,3.211462899344042e-05,-1.2860618829727173,0.00044121373791263755,1862.0,,,,,,,,,,,,,,0.0,,,,,0.01023479551076889,0.013333333656191826
,mappo,,,,1862.0,0.0,0.0,0.6666666865348816,0.0,0.0,0.0,0.6666666865348816,0.0,0.0,0.0,0.0,0.0,0.0,,,,,,,
-0.004729915410280228,mappo,0.002049739472568035,-1.573851227760315,0.00044091363787929314,1863.0,,,,,,,,,,,,,,0.0,,,,,0.01045084185898304,0.006666666828095913
,mappo,,,,1863.0,0.0,0.0,0.3333333432674408,0.0,0.0,0.0,0.3333333432674408,0.0,0.0,0.0,0.0,0.0,0.0,,,,,,,
0.029204031452536583,mappo,0.00044844282092526555,-1.3607006072998047,0.00044061353784594873,1864.0,,,,,,,,,,,,,,0.0,,,,,0.010440004989504814,0.013333333656191826
,mappo,,,,1864.0,0.0,0.0,0.6666666865348816,0.0,0.0,0.0,0.6666666865348816,0.0,0.0,0.0,0.0,0.0,0.0,,,,,,,
-0.0032205856405198574,mappo,0.0003935050335712731,-1.3798962831497192,0.0004403134378126042,1865.0,,,,,,,,,,,,,,0.0,,,,,0.010498132556676865,0.013333333656191826
,mappo,,,,1865.0,0.0,0.0,0.6666666865348816,0.0,0.0,0.0,0.6666666865348816,0.0,0.0,0.0,0.0,0.0,0.0,,,,,,,
-0.0069229016080498695,mappo,0.00037995140883140266,-1.1515052318572998,0.0004400133377792598,1866.0,,,,,,,,,,,,,,0.0,,,,,0.010248633101582527,0.013333333656191826
,mappo,,,,1866.0,0.0,0.0,0.6666666865348816,0.0,0.0,0.0,0.6666666865348816,0.0,0.0,0.0,0.0,0.0,0.0,,,,,,,
-0.007296406663954258,mappo,0.0002104510786011815,-1.1559234857559204,0.0004397132377459153,1867.0,,,,,,,,,,,,,,0.0,,,,,0.010228108614683151,0.013333333656191826
,mappo,,,,1867.0,0.0,0.0,0.6666666865348816,0.0,0.0,0.0,0.6666666865348816,0.0,0.0,0.0,0.0,0.0,0.0,,,,,,,
-0.0020612692460417747,mappo,0.0040992856957018375,-1.3880077600479126,0.0004394131377125709,1868.0,,,,,,,,,,,,,,0.0,,,,,0.010091706179082394,0.006666666828095913
,mappo,,,,1868.0,0.0,0.0,0.3333333432674408,0.0,0.0,0.0,0.3333333432674408,0.0,0.0,0.0,0.0,0.0,0.0,,,,,,,
0.01681741140782833,mappo,0.0004905715468339622,-1.2751796245574951,0.0004391130376792265,1869.0,,,,,,,,,,,,,,0.0,,,,,0.010549968108534813,0.013333333656191826
,mappo,,,,1869.0,0.0,0.0,0.6666666865348816,0.0,0.0,0.0,0.6666666865348816,0.0,0.0,0.0,0.0,0.0,0.0,,,,,,,
0.029909281060099602,mappo,0.0004245927557349205,-1.1770973205566406,0.00043881293764588196,1870.0,,,,,,,,,,,,,,0.0,,,,,0.010466216132044792,0.013333333656191826
,mappo,,,,1870.0,0.0,0.0,0.6666666865348816,0.0,0.0,0.0,0.6666666865348816,0.0,0.0,0.0,0.0,0.0,0.0,,,,,,,
-0.009778236970305443,mappo,0.00032130052568390965,-1.334648609161377,0.00043851283761253755,1871.0,,,,,,,,,,,,,,0.0,,,,,0.010430071502923965,0.013333333656191826
,mappo,,,,1871.0,0.0,0.0,0.6666666865348816,0.0,0.0,0.0,0.6666666865348816,0.0,0.0,0.0,0.0,0.0,0.0,,,,,,,
-0.0003900585579685867,mappo,0.00030069448985159397,-1.3755674362182617,0.00043821273757919314,1872.0,,,,,,,,,,,,,,0.0,,,,,0.010564406402409077,0.013333333656191826
,mappo,,,,1872.0,0.0,0.0,0.6666666865348816,0.0,0.0,0.0,0.6666666865348816,0.0,0.0,0.0,0.0,0.0,0.0,,,,,,,
-0.008056748658418655,mappo,0.00019740241987165064,-1.289009928703308,0.0004379126375458486,1873.0,,,,,,,,,,,,,,0.0,,,,,0.010346191003918648,0.013333333656191826
,mappo,,,,1873.0,0.0,0.0,0.6666666865348816,0.0,0.0,0.0,0.6666666865348816,0.0,0.0,0.0,0.0,0.0,0.0,,,,,,,
0.0022879100870341063,mappo,0.00014049606397747993,-1.3499596118927002,0.0004376125375125042,1874.0,,,,,,,,,,,,,,0.0,,,,,0.01034513395279646,0.013333333656191826
,mappo,,,,1874.0,0.0,0.0,0.6666666865348816,0.0,0.0,0.0,0.6666666865348816,0.0,0.0,0.0,0.0,0.0,0.0,,,,,,,
-0.005953917745500803,mappo,0.00010062431829283014,-1.4560325145721436,0.0004373124374791598,1875.0,,,,,,,,,,,,,,0.0,,,,,0.010465364903211594,0.013333333656191826
,mappo,,,,1875.0,0.0,0.0,0.6666666865348816,0.0,0.0,0.0,0.6666666865348816,0.0,0.0,0.0,0.0,0.0,0.0,,,,,,,
0.010797771625220776,mappo,0.01207682490348816,-2.497314929962158,0.0004370123374458153,1876.0,,,,,,,,,,,,,,0.0,,,,,0.012640746310353279,0.0
,mappo,,,,1876.0,0.0,0.0,0.0,0.0,0.0,0.0,0.0,0.0,0.0,0.0,0.0,0.0,0.0,,,,,,,
-0.013078836724162102,mappo,0.002594538265839219,-1.495722770690918,0.0004367122374124709,1877.0,,,,,,,,,,,,,,0.0,,,,,0.010514700785279274,0.013333333656191826
,mappo,,,,1877.0,0.0,0.0,0.6666666865348816,0.0,0.0,0.0,0.6666666865348816,0.0,0.0,0.0,0.0,0.0,0.0,,,,,,,
0.10574396699666977,mappo,0.008479814976453781,-2.5397157669067383,0.00043641213737912637,1878.0,,,,,,,,,,,,,,0.0,,,,,0.012648245319724083,0.0
,mappo,,,,1878.0,0.0,0.0,0.0,0.0,0.0,0.0,0.0,0.0,0.0,0.0,0.0,0.0,0.0,,,,,,,
0.009574498981237411,mappo,0.006763538345694542,-1.5298268795013428,0.00043611203734578196,1879.0,,,,,,,,,,,,,,0.0,,,,,0.010465007275342941,0.013333333656191826
,mappo,,,,1879.0,0.0,0.0,0.6666666865348816,0.0,0.0,0.0,0.6666666865348816,0.0,0.0,0.0,0.0,0.0,0.0,,,,,,,
0.012914187274873257,mappo,0.005352730862796307,-1.5414599180221558,0.00043581193731243755,1880.0,,,,,,,,,,,,,,0.0,,,,,0.010537739843130112,0.013333333656191826
,mappo,,,,1880.0,0.0,0.0,0.6666666865348816,0.0,0.0,0.0,0.6666666865348816,0.0,0.0,0.0,0.0,0.0,0.0,,,,,,,
0.022918041795492172,mappo,0.004060202743858099,-1.5598708391189575,0.00043551183727909303,1881.0,,,,,,,,,,,,,,0.0,,,,,0.010575929656624794,0.013333333656191826
,mappo,,,,1881.0,0.0,0.0,0.6666666865348816,0.0,0.0,0.0,0.6666666865348816,0.0,0.0,0.0,0.0,0.0,0.0,,,,,,,
0.007528518792241812,mappo,0.0032774994615465403,-1.4468622207641602,0.0004352117372457486,1882.0,,,,,,,,,,,,,,0.0,,,,,0.010442143306136131,0.013333333656191826
,mappo,,,,1882.0,0.0,0.0,0.6666666865348816,0.0,0.0,0.0,0.6666666865348816,0.0,0.0,0.0,0.0,0.0,0.0,,,,,,,
0.05311387777328491,mappo,0.002268098993226886,-1.4688612222671509,0.0004349116372124042,1883.0,,,,,,,,,,,,,,0.0,,,,,0.010430323891341686,0.013333333656191826
,mappo,,,,1883.0,0.0,0.0,0.6666666865348816,0.0,0.0,0.0,0.6666666865348816,0.0,0.0,0.0,0.0,0.0,0.0,,,,,,,
0.019558731466531754,mappo,0.0012655432801693678,-1.6111702919006348,0.0004346115371790597,1884.0,,,,,,,,,,,,,,0.0,,,,,0.010669175535440445,0.013333333656191826
,mappo,,,,1884.0,0.0,0.0,0.6666666865348816,0.0,0.0,0.0,0.6666666865348816,0.0,0.0,0.0,0.0,0.0,0.0,,,,,,,
0.020184896886348724,mappo,0.0006211906438693404,-1.6366204023361206,0.0004343114371457153,1885.0,,,,,,,,,,,,,,0.0,,,,,0.010621238499879837,0.013333333656191826
,mappo,,,,1885.0,0.0,0.0,0.6666666865348816,0.0,0.0,0.0,0.6666666865348816,0.0,0.0,0.0,0.0,0.0,0.0,,,,,,,
0.09356842190027237,mappo,0.00024272732844110578,-1.5041593313217163,0.0004340113371123708,1886.0,,,,,,,,,,,,,,0.0,,,,,0.010425306856632233,0.013333333656191826
,mappo,,,,1886.0,0.0,0.0,0.6666666865348816,0.0,0.0,0.0,0.6666666865348816,0.0,0.0,0.0,0.0,0.0,0.0,,,,,,,
0.014906272292137146,mappo,0.00018251920118927956,-1.5137485265731812,0.00043371123707902637,1887.0,,,,,,,,,,,,,,0.0,,,,,0.010431155562400818,0.013333333656191826
,mappo,,,,1887.0,0.0,0.0,0.6666666865348816,0.0,0.0,0.0,0.6666666865348816,0.0,0.0,0.0,0.0,0.0,0.0,,,,,,,
-0.0018441538559272885,mappo,0.00021215417655184865,-1.6368812322616577,0.00043341113704568196,1888.0,,,,,,,,,,,,,,0.0,,,,,0.010623721405863762,0.013333333656191826
,mappo,,,,1888.0,0.0,0.0,0.6666666865348816,0.0,0.0,0.0,0.6666666865348816,0.0,0.0,0.0,0.0,0.0,0.0,,,,,,,
-0.0020256671123206615,mappo,0.0001689280179562047,-1.503363013267517,0.00043311103701233744,1889.0,,,,,,,,,,,,,,0.0,,,,,0.010439315810799599,0.013333333656191826
,mappo,,,,1889.0,0.0,0.0,0.6666666865348816,0.0,0.0,0.0,0.6666666865348816,0.0,0.0,0.0,0.0,0.0,0.0,,,,,,,
-0.011902780272066593,mappo,0.0001011745844152756,-1.5616028308868408,0.00043281093697899304,1890.0,,,,,,,,,,,,,,0.0,,,,,0.010433336719870567,0.013333333656191826
,mappo,,,,1890.0,0.0,0.0,0.6666666865348816,0.0,0.0,0.0,0.6666666865348816,0.0,0.0,0.0,0.0,0.0,0.0,,,,,,,
0.02730918861925602,mappo,8.690916001796722e-05,-1.5875643491744995,0.00043251083694564863,1891.0,,,,,,,,,,,,,,0.0,,,,,0.010415220633149147,0.013333333656191826
,mappo,,,,1891.0,0.0,0.0,0.6666666865348816,0.0,0.0,0.0,0.6666666865348816,0.0,0.0,0.0,0.0,0.0,0.0,,,,,,,
0.010755022056400776,mappo,7.474324229406193e-05,-1.582043170928955,0.0004322107369123041,1892.0,,,,,,,,,,,,,,0.0,,,,,0.01047067902982235,0.013333333656191826
,mappo,,,,1892.0,0.0,0.0,0.6666666865348816,0.0,0.0,0.0,0.6666666865348816,0.0,0.0,0.0,0.0,0.0,0.0,,,,,,,
0.010771740227937698,mappo,6.499999290099367e-05,-1.592927098274231,0.0004319106368789597,1893.0,,,,,,,,,,,,,,0.0,,,,,0.010478576645255089,0.013333333656191826
,mappo,,,,1893.0,0.0,0.0,0.6666666865348816,0.0,0.0,0.0,0.6666666865348816,0.0,0.0,0.0,0.0,0.0,0.0,,,,,,,
0.018442939966917038,mappo,6.624143134104088e-05,-1.580194115638733,0.0004316105368456153,1894.0,,,,,,,,,,,,,,0.0,,,,,0.010466648265719414,0.013333333656191826
,mappo,,,,1894.0,0.0,0.0,0.6666666865348816,0.0,0.0,0.0,0.6666666865348816,0.0,0.0,0.0,0.0,0.0,0.0,,,,,,,
-0.007198450621217489,mappo,5.937225796515122e-05,-1.6036072969436646,0.0004313104368122708,1895.0,,,,,,,,,,,,,,0.0,,,,,0.010514108464121819,0.013333333656191826
,mappo,,,,1895.0,0.0,0.0,0.6666666865348816,0.0,0.0,0.0,0.6666666865348816,0.0,0.0,0.0,0.0,0.0,0.0,,,,,,,
0.02371242269873619,mappo,6.11855139140971e-05,-1.6171233654022217,0.00043101033677892637,1896.0,,,,,,,,,,,,,,0.0,,,,,0.01055779680609703,0.013333333656191826
,mappo,,,,1896.0,0.0,0.0,0.6666666865348816,0.0,0.0,0.0,0.6666666865348816,0.0,0.0,0.0,0.0,0.0,0.0,,,,,,,
0.0075419130735099316,mappo,3.8729362131562084e-05,-1.486575722694397,0.00043071023674558185,1897.0,,,,,,,,,,,,,,0.0,,,,,0.010464861989021301,0.013333333656191826
,mappo,,,,1897.0,0.0,0.0,0.6666666865348816,0.0,0.0,0.0,0.6666666865348816,0.0,0.0,0.0,0.0,0.0,0.0,,,,,,,
0.11205440014600754,mappo,5.655068889609538e-05,-1.6352847814559937,0.00043041013671223744,1898.0,,,,,,,,,,,,,,0.0,,,,,0.01055556908249855,0.013333333656191826
,mappo,,,,1898.0,0.0,0.0,0.6666666865348816,0.0,0.0,0.0,0.6666666865348816,0.0,0.0,0.0,0.0,0.0,0.0,,,,,,,
0.013400586321949959,mappo,3.9093949453672394e-05,-1.6095105409622192,0.00043011003667889304,1899.0,,,,,,,,,,,,,,0.0,,,,,0.0104889627546072,0.013333333656191826
,mappo,,,,1899.0,0.0,0.0,0.6666666865348816,0.0,0.0,0.0,0.6666666865348816,0.0,0.0,0.0,0.0,0.0,0.0,,,,,,,
,mappo,,,,1899.0,,,,,,,,,,,,,,,0.0,0.0,0.6666666865348816,0.0,,
0.12565259635448456,mappo,3.035679219465237e-05,-1.6058355569839478,0.0004298099366455485,1900.0,,,,,,,,,,,,,,0.0,,,,,0.010585134848952293,0.013333333656191826
,mappo,,,,1900.0,0.0,0.0,0.6666666865348816,0.0,0.0,0.0,0.6666666865348816,0.0,0.0,0.0,0.0,0.0,0.0,,,,,,,
0.043986160308122635,mappo,2.7282507289783098e-05,-1.576513409614563,0.000429509836612204,1901.0,,,,,,,,,,,,,,0.0,,,,,0.010517706163227558,0.013333333656191826
,mappo,,,,1901.0,0.0,0.0,0.6666666865348816,0.0,0.0,0.0,0.6666666865348816,0.0,0.0,0.0,0.0,0.0,0.0,,,,,,,
0.1427495777606964,mappo,3.5307810321683064e-05,-1.436959147453308,0.0004292097365788597,1902.0,,,,,,,,,,,,,,0.0,,,,,0.010501032695174217,0.013333333656191826
,mappo,,,,1902.0,0.0,0.0,0.6666666865348816,0.0,0.0,0.0,0.6666666865348816,0.0,0.0,0.0,0.0,0.0,0.0,,,,,,,
0.0018244019011035562,mappo,2.1498341084225103e-05,-1.4434958696365356,0.0004289096365455152,1903.0,,,,,,,,,,,,,,0.0,,,,,0.01039733737707138,0.013333333656191826
,mappo,,,,1903.0,0.0,0.0,0.6666666865348816,0.0,0.0,0.0,0.6666666865348816,0.0,0.0,0.0,0.0,0.0,0.0,,,,,,,
0.06421197205781937,mappo,2.9372744393185712e-05,-1.4991388320922852,0.0004286095365121708,1904.0,,,,,,,,,,,,,,0.0,,,,,0.010464480146765709,0.013333333656191826
,mappo,,,,1904.0,0.0,0.0,0.6666666865348816,0.0,0.0,0.0,0.6666666865348816,0.0,0.0,0.0,0.0,0.0,0.0,,,,,,,
0.009150965139269829,mappo,2.2377305867848918e-05,-1.3698927164077759,0.00042830943647882637,1905.0,,,,,,,,,,,,,,0.0,,,,,0.010235071182250977,0.013333333656191826
,mappo,,,,1905.0,0.0,0.0,0.6666666865348816,0.0,0.0,0.0,0.6666666865348816,0.0,0.0,0.0,0.0,0.0,0.0,,,,,,,
-0.00521594425663352,mappo,3.053748878301121e-05,-1.5120490789413452,0.00042800933644548185,1906.0,,,,,,,,,,,,,,0.0,,,,,0.01037626713514328,0.013333333656191826
,mappo,,,,1906.0,0.0,0.0,0.6666666865348816,0.0,0.0,0.0,0.6666666865348816,0.0,0.0,0.0,0.0,0.0,0.0,,,,,,,
0.008687671273946762,mappo,2.5260156689910218e-05,-1.4861584901809692,0.00042770923641213745,1907.0,,,,,,,,,,,,,,0.0,,,,,0.010360187850892544,0.013333333656191826
,mappo,,,,1907.0,0.0,0.0,0.6666666865348816,0.0,0.0,0.0,0.6666666865348816,0.0,0.0,0.0,0.0,0.0,0.0,,,,,,,
0.060525353997945786,mappo,3.06060173898004e-05,-1.3715726137161255,0.00042740913637879293,1908.0,,,,,,,,,,,,,,0.0,,,,,0.010280498303472996,0.013333333656191826
,mappo,,,,1908.0,0.0,0.0,0.6666666865348816,0.0,0.0,0.0,0.6666666865348816,0.0,0.0,0.0,0.0,0.0,0.0,,,,,,,
-0.011335387825965881,mappo,1.988161056942772e-05,-1.4987026453018188,0.0004271090363454485,1909.0,,,,,,,,,,,,,,0.0,,,,,0.010387694463133812,0.013333333656191826
,mappo,,,,1909.0,0.0,0.0,0.6666666865348816,0.0,0.0,0.0,0.6666666865348816,0.0,0.0,0.0,0.0,0.0,0.0,,,,,,,
-0.01060839369893074,mappo,1.7362553990096785e-05,-1.4203650951385498,0.0004268089363121041,1910.0,,,,,,,,,,,,,,0.0,,,,,0.010315965861082077,0.013333333656191826
,mappo,,,,1910.0,0.0,0.0,0.6666666865348816,0.0,0.0,0.0,0.6666666865348816,0.0,0.0,0.0,0.0,0.0,0.0,,,,,,,
-0.006235633045434952,mappo,2.078868965327274e-05,-1.5623050928115845,0.0004265088362787596,1911.0,,,,,,,,,,,,,,0.0,,,,,0.010335076600313187,0.013333333656191826
,mappo,,,,1911.0,0.0,0.0,0.6666666865348816,0.0,0.0,0.0,0.6666666865348816,0.0,0.0,0.0,0.0,0.0,0.0,,,,,,,
-0.006747181061655283,mappo,2.7460888304631226e-05,-1.6417385339736938,0.0004262087362454152,1912.0,,,,,,,,,,,,,,0.0,,,,,0.010326697491109371,0.013333333656191826
,mappo,,,,1912.0,0.0,0.0,0.6666666865348816,0.0,0.0,0.0,0.6666666865348816,0.0,0.0,0.0,0.0,0.0,0.0,,,,,,,
0.026495641097426414,mappo,2.08077526622219e-05,-1.5203958749771118,0.0004259086362120708,1913.0,,,,,,,,,,,,,,0.0,,,,,0.010310105048120022,0.013333333656191826
,mappo,,,,1913.0,0.0,0.0,0.6666666865348816,0.0,0.0,0.0,0.6666666865348816,0.0,0.0,0.0,0.0,0.0,0.0,,,,,,,
0.02998931333422661,mappo,1.078908553608926e-05,-1.6477502584457397,0.00042560853617872626,1914.0,,,,,,,,,,,,,,0.0,,,,,0.01027708314359188,0.013333333656191826
,mappo,,,,1914.0,0.0,0.0,0.6666666865348816,0.0,0.0,0.0,0.6666666865348816,0.0,0.0,0.0,0.0,0.0,0.0,,,,,,,
0.08168291300535202,mappo,0.00561326602473855,-1.9333423376083374,0.00042530843614538186,1915.0,,,,,,,,,,,,,,0.0,,,,,0.010128665715456009,0.006666666828095913
,mappo,,,,1915.0,0.0,0.0,0.3333333432674408,0.0,0.0,0.0,0.3333333432674408,0.0,0.0,0.0,0.0,0.0,0.0,,,,,,,
0.004374610260128975,mappo,0.0010786275379359722,-1.595081090927124,0.00042500833611203734,1916.0,,,,,,,,,,,,,,0.0,,,,,0.010116277262568474,0.013333333656191826
,mappo,,,,1916.0,0.0,0.0,0.6666666865348816,0.0,0.0,0.0,0.6666666865348816,0.0,0.0,0.0,0.0,0.0,0.0,,,,,,,
0.0024353526532649994,mappo,0.0005663034971803427,-1.6148205995559692,0.00042470823607869293,1917.0,,,,,,,,,,,,,,0.0,,,,,0.010426759719848633,0.013333333656191826
,mappo,,,,1917.0,0.0,0.0,0.6666666865348816,0.0,0.0,0.0,0.6666666865348816,0.0,0.0,0.0,0.0,0.0,0.0,,,,,,,
0.005135754588991404,mappo,0.000562717264983803,-1.5830504894256592,0.0004244081360453485,1918.0,,,,,,,,,,,,,,0.0,,,,,0.010110307484865189,0.013333333656191826
,mappo,,,,1918.0,0.0,0.0,0.6666666865348816,0.0,0.0,0.0,0.6666666865348816,0.0,0.0,0.0,0.0,0.0,0.0,,,,,,,
0.007369925733655691,mappo,0.00022203986009117216,-1.5579473972320557,0.000424108036012004,1919.0,,,,,,,,,,,,,,0.0,,,,,0.010259170085191727,0.013333333656191826
,mappo,,,,1919.0,0.0,0.0,0.6666666865348816,0.0,0.0,0.0,0.6666666865348816,0.0,0.0,0.0,0.0,0.0,0.0,,,,,,,
-0.0015678710769861937,mappo,0.0001886580284917727,-1.5924460887908936,0.0004238079359786596,1920.0,,,,,,,,,,,,,,0.0,,,,,0.010152718983590603,0.013333333656191826
,mappo,,,,1920.0,0.0,0.0,0.6666666865348816,0.0,0.0,0.0,0.6666666865348816,0.0,0.0,0.0,0.0,0.0,0.0,,,,,,,
0.002124984748661518,mappo,0.0003398902772460133,-1.7629204988479614,0.0004235078359453152,1921.0,,,,,,,,,,,,,,0.0,,,,,0.010209678672254086,0.013333333656191826
,mappo,,,,1921.0,0.0,0.0,0.6666666865348816,0.0,0.0,0.0,0.6666666865348816,0.0,0.0,0.0,0.0,0.0,0.0,,,,,,,
0.030134281143546104,mappo,0.00012493290705606341,-1.735453724861145,0.0004232077359119707,1922.0,,,,,,,,,,,,,,0.0,,,,,0.01030822191387415,0.013333333656191826
,mappo,,,,1922.0,0.0,0.0,0.6666666865348816,0.0,0.0,0.0,0.6666666865348816,0.0,0.0,0.0,0.0,0.0,0.0,,,,,,,
0.009700280614197254,mappo,5.659454836859368e-05,-1.6824332475662231,0.00042290763587862627,1923.0,,,,,,,,,,,,,,0.0,,,,,0.010215194895863533,0.013333333656191826
,mappo,,,,1923.0,0.0,0.0,0.6666666865348816,0.0,0.0,0.0,0.6666666865348816,0.0,0.0,0.0,0.0,0.0,0.0,,,,,,,
0.023031143471598625,mappo,0.004419808275997639,-1.887507677078247,0.00042260753584528186,1924.0,,,,,,,,,,,,,,0.0,,,,,0.01009314227849245,0.006666666828095913
,mappo,,,,1924.0,0.0,0.0,0.3333333432674408,0.0,0.0,0.0,0.3333333432674408,0.0,0.0,0.0,0.0,0.0,0.0,,,,,,,
0.03157684952020645,mappo,0.0005539523554034531,-1.7107456922531128,0.00042230743581193734,1925.0,,,,,,,,,,,,,,0.0,,,,,0.010189196094870567,0.013333333656191826
,mappo,,,,1925.0,0.0,0.0,0.6666666865348816,0.0,0.0,0.0,0.6666666865348816,0.0,0.0,0.0,0.0,0.0,0.0,,,,,,,
-0.001018810668028891,mappo,0.0003393080842215568,-1.7090048789978027,0.00042200733577859293,1926.0,,,,,,,,,,,,,,0.0,,,,,0.01026761345565319,0.013333333656191826
,mappo,,,,1926.0,0.0,0.0,0.6666666865348816,0.0,0.0,0.0,0.6666666865348816,0.0,0.0,0.0,0.0,0.0,0.0,,,,,,,
0.025200070813298225,mappo,0.00018982890469487756,-1.5797523260116577,0.0004217072357452484,1927.0,,,,,,,,,,,,,,0.0,,,,,0.010145624168217182,0.013333333656191826
,mappo,,,,1927.0,0.0,0.0,0.6666666865348816,0.0,0.0,0.0,0.6666666865348816,0.0,0.0,0.0,0.0,0.0,0.0,,,,,,,
0.0018115892307832837,mappo,0.00012852555664721876,-1.6706088781356812,0.000421407135711904,1928.0,,,,,,,,,,,,,,0.0,,,,,0.01031542383134365,0.013333333656191826
,mappo,,,,1928.0,0.0,0.0,0.6666666865348816,0.0,0.0,0.0,0.6666666865348816,0.0,0.0,0.0,0.0,0.0,0.0,,,,,,,
0.023245809599757195,mappo,6.130641122581437e-05,-1.6829442977905273,0.0004211070356785596,1929.0,,,,,,,,,,,,,,0.0,,,,,0.010378453880548477,0.013333333656191826
,mappo,,,,1929.0,0.0,0.0,0.6666666865348816,0.0,0.0,0.0,0.6666666865348816,0.0,0.0,0.0,0.0,0.0,0.0,,,,,,,
0.006157170049846172,mappo,1.3603476872958709e-05,-1.5921486616134644,0.0004208069356452151,1930.0,,,,,,,,,,,,,,0.0,,,,,0.010274418629705906,0.013333333656191826
,mappo,,,,1930.0,0.0,0.0,0.6666666865348816,0.0,0.0,0.0,0.6666666865348816,0.0,0.0,0.0,0.0,0.0,0.0,,,,,,,
0.0010907449759542942,mappo,1.0074735655507538e-05,-1.548558235168457,0.00042050683561187057,1931.0,,,,,,,,,,,,,,0.0,,,,,0.0102862399071455,0.013333333656191826
,mappo,,,,1931.0,0.0,0.0,0.6666666865348816,0.0,0.0,0.0,0.6666666865348816,0.0,0.0,0.0,0.0,0.0,0.0,,,,,,,
0.009226847440004349,mappo,1.940490437846165e-05,-1.5831609964370728,0.00042020673557852627,1932.0,,,,,,,,,,,,,,0.0,,,,,0.01025087758898735,0.013333333656191826
,mappo,,,,1932.0,0.0,0.0,0.6666666865348816,0.0,0.0,0.0,0.6666666865348816,0.0,0.0,0.0,0.0,0.0,0.0,,,,,,,
0.01317671313881874,mappo,5.1088380132569e-05,-1.7667946815490723,0.00041990663554518175,1933.0,,,,,,,,,,,,,,0.0,,,,,0.010312962345778942,0.013333333656191826
,mappo,,,,1933.0,0.0,0.0,0.6666666865348816,0.0,0.0,0.0,0.6666666865348816,0.0,0.0,0.0,0.0,0.0,0.0,,,,,,,
0.015930194407701492,mappo,2.29319412028417e-05,-1.8769828081130981,0.00041960653551183734,1934.0,,,,,,,,,,,,,,0.0,,,,,0.010476389899849892,0.013333333656191826
,mappo,,,,1934.0,0.0,0.0,0.6666666865348816,0.0,0.0,0.0,0.6666666865348816,0.0,0.0,0.0,0.0,0.0,0.0,,,,,,,
-0.0022195649798959494,mappo,2.394447619735729e-05,-1.8998571634292603,0.00041930643547849293,1935.0,,,,,,,,,,,,,,0.0,,,,,0.010461494326591492,0.013333333656191826
,mappo,,,,1935.0,0.0,0.0,0.6666666865348816,0.0,0.0,0.0,0.6666666865348816,0.0,0.0,0.0,0.0,0.0,0.0,,,,,,,
0.015883667394518852,mappo,4.004402944701724e-05,-1.7187548875808716,0.0004190063354451484,1936.0,,,,,,,,,,,,,,0.0,,,,,0.010341140441596508,0.013333333656191826
,mappo,,,,1936.0,0.0,0.0,0.6666666865348816,0.0,0.0,0.0,0.6666666865348816,0.0,0.0,0.0,0.0,0.0,0.0,,,,,,,
0.024021819233894348,mappo,2.515495361876674e-05,-1.6893329620361328,0.000418706235411804,1937.0,,,,,,,,,,,,,,0.0,,,,,0.010386657901108265,0.013333333656191826
,mappo,,,,1937.0,0.0,0.0,0.6666666865348816,0.0,0.0,0.0,0.6666666865348816,0.0,0.0,0.0,0.0,0.0,0.0,,,,,,,
0.02275918610394001,mappo,3.186184767400846e-05,-1.580384612083435,0.0004184061353784595,1938.0,,,,,,,,,,,,,,0.0,,,,,0.010235058143734932,0.013333333656191826
,mappo,,,,1938.0,0.0,0.0,0.6666666865348816,0.0,0.0,0.0,0.6666666865348816,0.0,0.0,0.0,0.0,0.0,0.0,,,,,,,
-0.0046690283343195915,mappo,8.50299147714395e-06,-1.6253365278244019,0.0004181060353451151,1939.0,,,,,,,,,,,,,,0.0,,,,,0.01039904821664095,0.013333333656191826
,mappo,,,,1939.0,0.0,0.0,0.6666666865348816,0.0,0.0,0.0,0.6666666865348816,0.0,0.0,0.0,0.0,0.0,0.0,,,,,,,
0.006922973319888115,mappo,1.201493705593748e-05,-1.4803738594055176,0.0004178059353117707,1940.0,,,,,,,,,,,,,,0.0,,,,,0.010218016803264618,0.013333333656191826
,mappo,,,,1940.0,0.0,0.0,0.6666666865348816,0.0,0.0,0.0,0.6666666865348816,0.0,0.0,0.0,0.0,0.0,0.0,,,,,,,
0.0747574120759964,mappo,6.651975127169862e-06,-1.4884029626846313,0.00041750583527842616,1941.0,,,,,,,,,,,,,,0.0,,,,,0.010369950905442238,0.013333333656191826
,mappo,,,,1941.0,0.0,0.0,0.6666666865348816,0.0,0.0,0.0,0.6666666865348816,0.0,0.0,0.0,0.0,0.0,0.0,,,,,,,
-0.020997539162635803,mappo,1.999725827772636e-05,-1.5131645202636719,0.00041720573524508164,1942.0,,,,,,,,,,,,,,0.0,,,,,0.010305955074727535,0.013333333656191826
,mappo,,,,1942.0,0.0,0.0,0.6666666865348816,0.0,0.0,0.0,0.6666666865348816,0.0,0.0,0.0,0.0,0.0,0.0,,,,,,,
-0.006864464376121759,mappo,8.890574463293888e-06,-1.4479862451553345,0.00041690563521173734,1943.0,,,,,,,,,,,,,,0.0,,,,,0.010303236544132233,0.013333333656191826
,mappo,,,,1943.0,0.0,0.0,0.6666666865348816,0.0,0.0,0.0,0.6666666865348816,0.0,0.0,0.0,0.0,0.0,0.0,,,,,,,
-0.00596993463113904,mappo,1.801675716706086e-05,-1.5637547969818115,0.0004166055351783928,1944.0,,,,,,,,,,,,,,0.0,,,,,0.010463446378707886,0.013333333656191826
,mappo,,,,1944.0,0.0,0.0,0.6666666865348816,0.0,0.0,0.0,0.6666666865348816,0.0,0.0,0.0,0.0,0.0,0.0,,,,,,,
0.04137633740901947,mappo,7.841042133804876e-06,-1.5500134229660034,0.0004163054351450484,1945.0,,,,,,,,,,,,,,0.0,,,,,0.010339866392314434,0.013333333656191826
,mappo,,,,1945.0,0.0,0.0,0.6666666865348816,0.0,0.0,0.0,0.6666666865348816,0.0,0.0,0.0,0.0,0.0,0.0,,,,,,,
0.001004297286272049,mappo,2.8767601634172024e-06,-1.5359127521514893,0.0004160053351117039,1946.0,,,,,,,,,,,,,,0.0,,,,,0.010507317259907722,0.013333333656191826
,mappo,,,,1946.0,0.0,0.0,0.6666666865348816,0.0,0.0,0.0,0.6666666865348816,0.0,0.0,0.0,0.0,0.0,0.0,,,,,,,
0.002656819997355342,mappo,7.002391612331849e-06,-1.536237359046936,0.0004157052350783595,1947.0,,,,,,,,,,,,,,0.0,,,,,0.010363688692450523,0.013333333656191826
,mappo,,,,1947.0,0.0,0.0,0.6666666865348816,0.0,0.0,0.0,0.6666666865348816,0.0,0.0,0.0,0.0,0.0,0.0,,,,,,,
0.02623606286942959,mappo,8.549378435418475e-06,-1.5054254531860352,0.0004154051350450151,1948.0,,,,,,,,,,,,,,0.0,,,,,0.010520564392209053,0.013333333656191826
,mappo,,,,1948.0,0.0,0.0,0.6666666865348816,0.0,0.0,0.0,0.6666666865348816,0.0,0.0,0.0,0.0,0.0,0.0,,,,,,,
0.02185760997235775,mappo,1.0012216989707667e-05,-1.4915046691894531,0.00041510503501167057,1949.0,,,,,,,,,,,,,,0.0,,,,,0.010448204353451729,0.013333333656191826
,mappo,,,,1949.0,0.0,0.0,0.6666666865348816,0.0,0.0,0.0,0.6666666865348816,0.0,0.0,0.0,0.0,0.0,0.0,,,,,,,
0.08794897794723511,mappo,4.968693701812299e-06,-1.478026270866394,0.00041480493497832616,1950.0,,,,,,,,,,,,,,0.0,,,,,0.010560549795627594,0.013333333656191826
,mappo,,,,1950.0,0.0,0.0,0.6666666865348816,0.0,0.0,0.0,0.6666666865348816,0.0,0.0,0.0,0.0,0.0,0.0,,,,,,,
0.058967068791389465,mappo,1.2328797311056405e-05,-1.530287504196167,0.00041450483494498175,1951.0,,,,,,,,,,,,,,0.0,,,,,0.010348841547966003,0.013333333656191826
,mappo,,,,1951.0,0.0,0.0,0.6666666865348816,0.0,0.0,0.0,0.6666666865348816,0.0,0.0,0.0,0.0,0.0,0.0,,,,,,,
-0.00823050644248724,mappo,1.2770620742230676e-05,-1.600740909576416,0.00041420473491163724,1952.0,,,,,,,,,,,,,,0.0,,,,,0.010551134124398232,0.013333333656191826
,mappo,,,,1952.0,0.0,0.0,0.6666666865348816,0.0,0.0,0.0,0.6666666865348816,0.0,0.0,0.0,0.0,0.0,0.0,,,,,,,
0.01084370817989111,mappo,5.647887064696988e-06,-1.4611116647720337,0.0004139046348782927,1953.0,,,,,,,,,,,,,,0.0,,,,,0.010461138561367989,0.013333333656191826
,mappo,,,,1953.0,0.0,0.0,0.6666666865348816,0.0,0.0,0.0,0.6666666865348816,0.0,0.0,0.0,0.0,0.0,0.0,,,,,,,
0.04356761649250984,mappo,5.111354766995646e-06,-1.4841225147247314,0.0004136045348449484,1954.0,,,,,,,,,,,,,,0.0,,,,,0.010328786447644234,0.013333333656191826
,mappo,,,,1954.0,0.0,0.0,0.6666666865348816,0.0,0.0,0.0,0.6666666865348816,0.0,0.0,0.0,0.0,0.0,0.0,,,,,,,
0.01689312793314457,mappo,4.1407520257052965e-06,-1.473106026649475,0.0004133044348116039,1955.0,,,,,,,,,,,,,,0.0,,,,,0.010547583922743797,0.013333333656191826
,mappo,,,,1955.0,0.0,0.0,0.6666666865348816,0.0,0.0,0.0,0.6666666865348816,0.0,0.0,0.0,0.0,0.0,0.0,,,,,,,
-0.0019549154676496983,mappo,2.3332170258072438e-06,-1.4495679140090942,0.0004130043347782595,1956.0,,,,,,,,,,,,,,0.0,,,,,0.010470095090568066,0.013333333656191826
,mappo,,,,1956.0,0.0,0.0,0.6666666865348816,0.0,0.0,0.0,0.6666666865348816,0.0,0.0,0.0,0.0,0.0,0.0,,,,,,,
-0.00048163620522245765,mappo,3.319320057926234e-06,-1.4405494928359985,0.000412704234744915,1957.0,,,,,,,,,,,,,,0.0,,,,,0.010600820183753967,0.013333333656191826
,mappo,,,,1957.0,0.0,0.0,0.6666666865348816,0.0,0.0,0.0,0.6666666865348816,0.0,0.0,0.0,0.0,0.0,0.0,,,,,,,
0.01732107251882553,mappo,1.3728623343922663e-05,-1.3839185237884521,0.00041240413471157057,1958.0,,,,,,,,,,,,,,0.0,,,,,0.01038290560245514,0.013333333656191826
,mappo,,,,1958.0,0.0,0.0,0.6666666865348816,0.0,0.0,0.0,0.6666666865348816,0.0,0.0,0.0,0.0,0.0,0.0,,,,,,,
0.020753277465701103,mappo,1.940476977324579e-05,-1.3540908098220825,0.00041210403467822616,1959.0,,,,,,,,,,,,,,0.0,,,,,0.010364088229835033,0.013333333656191826
,mappo,,,,1959.0,0.0,0.0,0.6666666865348816,0.0,0.0,0.0,0.6666666865348816,0.0,0.0,0.0,0.0,0.0,0.0,,,,,,,
-0.00230921502225101,mappo,2.7086678528576158e-05,-1.4483047723770142,0.00041180393464488165,1960.0,,,,,,,,,,,,,,0.0,,,,,0.010518429800868034,0.013333333656191826
,mappo,,,,1960.0,0.0,0.0,0.6666666865348816,0.0,0.0,0.0,0.6666666865348816,0.0,0.0,0.0,0.0,0.0,0.0,,,,,,,
0.04052155837416649,mappo,1.6537775081815198e-05,-1.3101972341537476,0.00041150383461153713,1961.0,,,,,,,,,,,,,,0.0,,,,,0.01038597896695137,0.013333333656191826
,mappo,,,,1961.0,0.0,0.0,0.6666666865348816,0.0,0.0,0.0,0.6666666865348816,0.0,0.0,0.0,0.0,0.0,0.0,,,,,,,
0.09222588688135147,mappo,1.261115448869532e-05,-1.3161652088165283,0.00041120373457819283,1962.0,,,,,,,,,,,,,,0.0,,,,,0.010436398908495903,0.013333333656191826
,mappo,,,,1962.0,0.0,0.0,0.6666666865348816,0.0,0.0,0.0,0.6666666865348816,0.0,0.0,0.0,0.0,0.0,0.0,,,,,,,
0.015927864238619804,mappo,2.3370021153823473e-05,-1.4048346281051636,0.0004109036345448483,1963.0,,,,,,,,,,,,,,0.0,,,,,0.010520358569920063,0.013333333656191826
,mappo,,,,1963.0,0.0,0.0,0.6666666865348816,0.0,0.0,0.0,0.6666666865348816,0.0,0.0,0.0,0.0,0.0,0.0,,,,,,,
0.009010136127471924,mappo,8.683586202096194e-06,-1.2280524969100952,0.0004106035345115038,1964.0,,,,,,,,,,,,,,0.0,,,,,0.010633254423737526,0.013333333656191826
,mappo,,,,1964.0,0.0,0.0,0.6666666865348816,0.0,0.0,0.0,0.6666666865348816,0.0,0.0,0.0,0.0,0.0,0.0,,,,,,,
-0.0011434683110564947,mappo,2.4875776944099925e-05,-1.2696022987365723,0.0004103034344781595,1965.0,,,,,,,,,,,,,,0.0,,,,,0.010315599851310253,0.013333333656191826
,mappo,,,,1965.0,0.0,0.0,0.6666666865348816,0.0,0.0,0.0,0.6666666865348816,0.0,0.0,0.0,0.0,0.0,0.0,,,,,,,
0.00023025949485599995,mappo,1.1171675396326464e-05,-1.3464947938919067,0.000410003334444815,1966.0,,,,,,,,,,,,,,0.0,,,,,0.010490222834050655,0.013333333656191826
,mappo,,,,1966.0,0.0,0.0,0.6666666865348816,0.0,0.0,0.0,0.6666666865348816,0.0,0.0,0.0,0.0,0.0,0.0,,,,,,,
-0.0001962818787433207,mappo,9.319247510575224e-06,-1.216996431350708,0.00040970323441147057,1967.0,,,,,,,,,,,,,,0.0,,,,,0.01027982123196125,0.013333333656191826
,mappo,,,,1967.0,0.0,0.0,0.6666666865348816,0.0,0.0,0.0,0.6666666865348816,0.0,0.0,0.0,0.0,0.0,0.0,,,,,,,
0.0021525509655475616,mappo,5.897536084376043e-06,-1.3389850854873657,0.00040940313437812605,1968.0,,,,,,,,,,,,,,0.0,,,,,0.010398573242127895,0.013333333656191826
,mappo,,,,1968.0,0.0,0.0,0.6666666865348816,0.0,0.0,0.0,0.6666666865348816,0.0,0.0,0.0,0.0,0.0,0.0,,,,,,,
0.007179317995905876,mappo,2.7812067855848e-05,-1.316236972808838,0.00040910303434478165,1969.0,,,,,,,,,,,,,,0.0,,,,,0.010266570374369621,0.013333333656191826
,mappo,,,,1969.0,0.0,0.0,0.6666666865348816,0.0,0.0,0.0,0.6666666865348816,0.0,0.0,0.0,0.0,0.0,0.0,,,,,,,
0.15214164555072784,mappo,8.799835086392704e-06,-1.3294250965118408,0.00040880293431143724,1970.0,,,,,,,,,,,,,,0.0,,,,,0.010310071520507336,0.013333333656191826
,mappo,,,,1970.0,0.0,0.0,0.6666666865348816,0.0,0.0,0.0,0.6666666865348816,0.0,0.0,0.0,0.0,0.0,0.0,,,,,,,
0.002563717309385538,mappo,5.107276592752896e-06,-1.4372193813323975,0.0004085028342780927,1971.0,,,,,,,,,,,,,,0.0,,,,,0.010445012710988522,0.013333333656191826
,mappo,,,,1971.0,0.0,0.0,0.6666666865348816,0.0,0.0,0.0,0.6666666865348816,0.0,0.0,0.0,0.0,0.0,0.0,,,,,,,
0.001482237596064806,mappo,2.37284871218435e-06,-1.3329439163208008,0.0004082027342447482,1972.0,,,,,,,,,,,,,,0.0,,,,,0.010459400713443756,0.013333333656191826
,mappo,,,,1972.0,0.0,0.0,0.6666666865348816,0.0,0.0,0.0,0.6666666865348816,0.0,0.0,0.0,0.0,0.0,0.0,,,,,,,
0.12919555604457855,mappo,2.936435066658305e-06,-1.33806312084198,0.0004079026342114039,1973.0,,,,,,,,,,,,,,0.0,,,,,0.010468360036611557,0.013333333656191826
,mappo,,,,1973.0,0.0,0.0,0.6666666865348816,0.0,0.0,0.0,0.6666666865348816,0.0,0.0,0.0,0.0,0.0,0.0,,,,,,,
0.003916837740689516,mappo,9.065565791388508e-06,-1.4250324964523315,0.0004076025341780594,1974.0,,,,,,,,,,,,,,0.0,,,,,0.010659150779247284,0.013333333656191826
,mappo,,,,1974.0,0.0,0.0,0.6666666865348816,0.0,0.0,0.0,0.6666666865348816,0.0,0.0,0.0,0.0,0.0,0.0,,,,,,,
0.021443402394652367,mappo,6.2469125623465516e-06,-1.439199447631836,0.00040730243414471487,1975.0,,,,,,,,,,,,,,0.0,,,,,0.010511273518204689,0.013333333656191826
,mappo,,,,1975.0,0.0,0.0,0.6666666865348816,0.0,0.0,0.0,0.6666666865348816,0.0,0.0,0.0,0.0,0.0,0.0,,,,,,,
0.010012713260948658,mappo,9.760101420397405e-06,-1.4445085525512695,0.00040700233411137046,1976.0,,,,,,,,,,,,,,0.0,,,,,0.010410644114017487,0.013333333656191826
,mappo,,,,1976.0,0.0,0.0,0.6666666865348816,0.0,0.0,0.0,0.6666666865348816,0.0,0.0,0.0,0.0,0.0,0.0,,,,,,,
0.028544588014483452,mappo,4.397326392791001e-06,-1.425618052482605,0.00040670223407802606,1977.0,,,,,,,,,,,,,,0.0,,,,,0.010465472005307674,0.013333333656191826
,mappo,,,,1977.0,0.0,0.0,0.6666666865348816,0.0,0.0,0.0,0.6666666865348816,0.0,0.0,0.0,0.0,0.0,0.0,,,,,,,
0.11085183918476105,mappo,3.836081759800436e-06,-1.3655381202697754,0.00040640213404468165,1978.0,,,,,,,,,,,,,,0.0,,,,,0.01046999916434288,0.013333333656191826
,mappo,,,,1978.0,0.0,0.0,0.6666666865348816,0.0,0.0,0.0,0.6666666865348816,0.0,0.0,0.0,0.0,0.0,0.0,,,,,,,
0.09009356051683426,mappo,4.388635352370329e-05,-1.6406915187835693,0.00040610203401133713,1979.0,,,,,,,,,,,,,,0.0,,,,,0.01060405932366848,0.013333333656191826
,mappo,,,,1979.0,0.0,0.0,0.6666666865348816,0.0,0.0,0.0,0.6666666865348816,0.0,0.0,0.0,0.0,0.0,0.0,,,,,,,
0.06650403887033463,mappo,1.9197437723050825e-05,-1.5973529815673828,0.0004058019339779927,1980.0,,,,,,,,,,,,,,0.0,,,,,0.010646689683198929,0.013333333656191826
,mappo,,,,1980.0,0.0,0.0,0.6666666865348816,0.0,0.0,0.0,0.6666666865348816,0.0,0.0,0.0,0.0,0.0,0.0,,,,,,,
0.00445954967290163,mappo,4.781664028996602e-05,-1.3656253814697266,0.0004055018339446483,1981.0,,,,,,,,,,,,,,0.0,,,,,0.010398472659289837,0.013333333656191826
,mappo,,,,1981.0,0.0,0.0,0.6666666865348816,0.0,0.0,0.0,0.6666666865348816,0.0,0.0,0.0,0.0,0.0,0.0,,,,,,,
0.14487996697425842,mappo,3.969332101405598e-05,-1.299746036529541,0.0004052017339113038,1982.0,,,,,,,,,,,,,,0.0,,,,,0.010355626232922077,0.013333333656191826
,mappo,,,,1982.0,0.0,0.0,0.6666666865348816,0.0,0.0,0.0,0.6666666865348816,0.0,0.0,0.0,0.0,0.0,0.0,,,,,,,
-0.01537278015166521,mappo,1.3295566532178782e-05,-1.421913504600525,0.0004049016338779593,1983.0,,,,,,,,,,,,,,0.0,,,,,0.010296070016920567,0.013333333656191826
,mappo,,,,1983.0,0.0,0.0,0.6666666865348816,0.0,0.0,0.0,0.6666666865348816,0.0,0.0,0.0,0.0,0.0,0.0,,,,,,,
0.012900629080832005,mappo,1.0677501450118143e-05,-1.460484504699707,0.000404601533844615,1984.0,,,,,,,,,,,,,,0.0,,,,,0.010300753638148308,0.013333333656191826
,mappo,,,,1984.0,0.0,0.0,0.6666666865348816,0.0,0.0,0.0,0.6666666865348816,0.0,0.0,0.0,0.0,0.0,0.0,,,,,,,
0.1023247241973877,mappo,0.002319077495485544,-1.7413588762283325,0.00040430143381127047,1985.0,,,,,,,,,,,,,,0.0,,,,,0.010315068066120148,0.006666666828095913
,mappo,,,,1985.0,0.0,0.0,0.3333333432674408,0.0,0.0,0.0,0.3333333432674408,0.0,0.0,0.0,0.0,0.0,0.0,,,,,,,
0.05403655767440796,mappo,0.0003937492147088051,-1.4437825679779053,0.00040400133377792595,1986.0,,,,,,,,,,,,,,0.0,,,,,0.010250804014503956,0.013333333656191826
,mappo,,,,1986.0,0.0,0.0,0.6666666865348816,0.0,0.0,0.0,0.6666666865348816,0.0,0.0,0.0,0.0,0.0,0.0,,,,,,,
0.10867951810359955,mappo,0.006506536155939102,-2.6068167686462402,0.00040370123374458154,1987.0,,,,,,,,,,,,,,0.0,,,,,0.012688940390944481,0.0
,mappo,,,,1987.0,0.0,0.0,0.0,0.0,0.0,0.0,0.0,0.0,0.0,0.0,0.0,0.0,0.0,,,,,,,
0.050128184258937836,mappo,0.0025445970240980387,-1.6892610788345337,0.00040340113371123713,1988.0,,,,,,,,,,,,,,0.0,,,,,0.01051442138850689,0.013333333656191826
,mappo,,,,1988.0,0.0,0.0,0.6666666865348816,0.0,0.0,0.0,0.6666666865348816,0.0,0.0,0.0,0.0,0.0,0.0,,,,,,,
-0.006169172935187817,mappo,0.0021108919754624367,-1.3923782110214233,0.0004031010336778927,1989.0,,,,,,,,,,,,,,0.0,,,,,0.010606428608298302,0.013333333656191826
,mappo,,,,1989.0,0.0,0.0,0.6666666865348816,0.0,0.0,0.0,0.6666666865348816,0.0,0.0,0.0,0.0,0.0,0.0,,,,,,,
0.0053193154744803905,mappo,0.0014010833110660315,-1.6453478336334229,0.0004028009336445482,1990.0,,,,,,,,,,,,,,0.0,,,,,0.01043195091187954,0.013333333656191826
,mappo,,,,1990.0,0.0,0.0,0.6666666865348816,0.0,0.0,0.0,0.6666666865348816,0.0,0.0,0.0,0.0,0.0,0.0,,,,,,,
0.005599468946456909,mappo,0.0009000309510156512,-1.5571999549865723,0.0004025008336112037,1991.0,,,,,,,,,,,,,,0.0,,,,,0.010231873020529747,0.013333333656191826
,mappo,,,,1991.0,0.0,0.0,0.6666666865348816,0.0,0.0,0.0,0.6666666865348816,0.0,0.0,0.0,0.0,0.0,0.0,,,,,,,
0.014048910699784756,mappo,0.005274854134768248,-1.7457537651062012,0.0004022007335778594,1992.0,,,,,,,,,,,,,,0.0,,,,,0.010151499882340431,0.006666666828095913
,mappo,,,,1992.0,0.0,0.0,0.3333333432674408,0.0,0.0,0.0,0.3333333432674408,0.0,0.0,0.0,0.0,0.0,0.0,,,,,,,
0.11362101882696152,mappo,0.00043843663297593594,-1.5249546766281128,0.0004019006335445149,1993.0,,,,,,,,,,,,,,0.0,,,,,0.0101596899330616,0.013333333656191826
,mappo,,,,1993.0,0.0,0.0,0.6666666865348816,0.0,0.0,0.0,0.6666666865348816,0.0,0.0,0.0,0.0,0.0,0.0,,,,,,,
0.12381093949079514,mappo,0.00018584661302156746,-1.5688791275024414,0.00040160053351117036,1994.0,,,,,,,,,,,,,,0.0,,,,,0.010406224988400936,0.013333333656191826
,mappo,,,,1994.0,0.0,0.0,0.6666666865348816,0.0,0.0,0.0,0.6666666865348816,0.0,0.0,0.0,0.0,0.0,0.0,,,,,,,
-0.007223115302622318,mappo,0.00026536310906521976,-1.6119201183319092,0.00040130043347782606,1995.0,,,,,,,,,,,,,,0.0,,,,,0.010383715853095055,0.013333333656191826
,mappo,,,,1995.0,0.0,0.0,0.6666666865348816,0.0,0.0,0.0,0.6666666865348816,0.0,0.0,0.0,0.0,0.0,0.0,,,,,,,
0.00015134346904233098,mappo,0.00495618861168623,-1.638758897781372,0.00040100033344448154,1996.0,,,,,,,,,,,,,,0.0,,,,,0.01028022263199091,0.006666666828095913
,mappo,,,,1996.0,0.0,0.0,0.3333333432674408,0.0,0.0,0.0,0.3333333432674408,0.0,0.0,0.0,0.0,0.0,0.0,,,,,,,
0.015158213675022125,mappo,0.003633266082033515,-1.6546043157577515,0.000400700233411137,1997.0,,,,,,,,,,,,,,0.0,,,,,0.010148361325263977,0.006666666828095913
,mappo,,,,1997.0,0.0,0.0,0.3333333432674408,0.0,0.0,0.0,0.3333333432674408,0.0,0.0,0.0,0.0,0.0,0.0,,,,,,,
-0.0006499728769995272,mappo,0.0014268063241615891,-1.523188591003418,0.0004004001333777926,1998.0,,,,,,,,,,,,,,0.0,,,,,0.010454992763698101,0.013333333656191826
,mappo,,,,1998.0,0.0,0.0,0.6666666865348816,0.0,0.0,0.0,0.6666666865348816,0.0,0.0,0.0,0.0,0.0,0.0,,,,,,,
0.08075347542762756,mappo,0.009333644062280655,-2.6230170726776123,0.0004001000333444482,1999.0,,,,,,,,,,,,,,0.0,,,,,0.012995850294828415,0.0
,mappo,,,,1999.0,0.0,0.0,0.0,0.0,0.0,0.0,0.0,0.0,0.0,0.0,0.0,0.0,0.0,,,,,,,
,mappo,,,,1999.0,,,,,,,,,,,,,,,0.0,0.0,0.0,0.0,,
0.019593877717852592,mappo,0.0033720650244504213,-1.6327295303344727,0.0003997999333111038,2000.0,,,,,,,,,,,,,,0.0,,,,,0.010178431868553162,0.006666666828095913
,mappo,,,,2000.0,0.0,0.0,0.3333333432674408,0.0,0.0,0.0,0.3333333432674408,0.0,0.0,0.0,0.0,0.0,0.0,,,,,,,
-0.00986615102738142,mappo,0.0019882770720869303,-1.7095437049865723,0.0003994998332777593,2001.0,,,,,,,,,,,,,,0.0,,,,,0.010261507704854012,0.006666666828095913
,mappo,,,,2001.0,0.0,0.0,0.3333333432674408,0.0,0.0,0.0,0.3333333432674408,0.0,0.0,0.0,0.0,0.0,0.0,,,,,,,
0.13887102901935577,mappo,0.005030135624110699,-2.6437747478485107,0.00039919973324441477,2002.0,,,,,,,,,,,,,,0.0,,,,,0.013096035458147526,0.0
,mappo,,,,2002.0,0.0,0.0,0.0,0.0,0.0,0.0,0.0,0.0,0.0,0.0,0.0,0.0,0.0,,,,,,,
0.17944778501987457,mappo,0.0011420371010899544,-2.6623406410217285,0.00039889963321107047,2003.0,,,,,,,,,,,,,,0.0,,,,,0.013005882501602173,0.0
,mappo,,,,2003.0,0.0,0.0,0.0,0.0,0.0,0.0,0.0,0.0,0.0,0.0,0.0,0.0,0.0,,,,,,,
0.1391361504793167,mappo,0.00039711970021016896,-2.661327362060547,0.00039859953317772595,2004.0,,,,,,,,,,,,,,0.0,,,,,0.012942289933562279,0.0
,mappo,,,,2004.0,0.0,0.0,0.0,0.0,0.0,0.0,0.0,0.0,0.0,0.0,0.0,0.0,0.0,,,,,,,
0.17408707737922668,mappo,0.004274528007954359,-1.6841440200805664,0.00039829943314438144,2005.0,,,,,,,,,,,,,,0.0,,,,,0.010318322107195854,0.006666666828095913
,mappo,,,,2005.0,0.0,0.0,0.3333333432674408,0.0,0.0,0.0,0.3333333432674408,0.0,0.0,0.0,0.0,0.0,0.0,,,,,,,
0.15456636250019073,mappo,0.00020128868345636874,-2.7187747955322266,0.000397999333111037,2006.0,,,,,,,,,,,,,,0.0,,,,,0.013158797286450863,0.0
,mappo,,,,2006.0,0.0,0.0,0.0,0.0,0.0,0.0,0.0,0.0,0.0,0.0,0.0,0.0,0.0,,,,,,,
0.21766875684261322,mappo,0.00012225948739796877,-2.6600425243377686,0.0003976992330776926,2007.0,,,,,,,,,,,,,,0.0,,,,,0.012869361788034439,0.0
,mappo,,,,2007.0,0.0,0.0,0.0,0.0,0.0,0.0,0.0,0.0,0.0,0.0,0.0,0.0,0.0,,,,,,,
0.22098934650421143,mappo,0.003455165307968855,-1.6783311367034912,0.0003973991330443481,2008.0,,,,,,,,,,,,,,0.0,,,,,0.01035538874566555,0.006666666828095913
,mappo,,,,2008.0,0.0,0.0,0.3333333432674408,0.0,0.0,0.0,0.3333333432674408,0.0,0.0,0.0,0.0,0.0,0.0,,,,,,,
0.19696304202079773,mappo,7.51593106542714e-05,-2.5705533027648926,0.0003970990330110037,2009.0,,,,,,,,,,,,,,0.0,,,,,0.0129872877150774,0.0
,mappo,,,,2009.0,0.0,0.0,0.0,0.0,0.0,0.0,0.0,0.0,0.0,0.0,0.0,0.0,0.0,,,,,,,
0.34290367364883423,mappo,4.6040826418902725e-05,-2.5686681270599365,0.0003967989329776593,2010.0,,,,,,,,,,,,,,0.0,,,,,0.012923339381814003,0.0
,mappo,,,,2010.0,0.0,0.0,0.0,0.0,0.0,0.0,0.0,0.0,0.0,0.0,0.0,0.0,0.0,,,,,,,
0.04563285410404205,mappo,3.1214109185384586e-05,-2.5575990676879883,0.0003964988329443149,2011.0,,,,,,,,,,,,,,0.0,,,,,0.01259136013686657,0.0
,mappo,,,,2011.0,0.0,0.0,0.0,0.0,0.0,0.0,0.0,0.0,0.0,0.0,0.0,0.0,0.0,,,,,,,
0.07073472440242767,mappo,0.0003022406599484384,-1.659814715385437,0.00039619873291097036,2012.0,,,,,,,,,,,,,,0.0,,,,,0.01028379611670971,0.006666666828095913
,mappo,,,,2012.0,0.0,0.0,0.3333333432674408,0.0,0.0,0.0,0.3333333432674408,0.0,0.0,0.0,0.0,0.0,0.0,,,,,,,
0.13045255839824677,mappo,0.00012558791786432266,-2.547274112701416,0.00039589863287762584,2013.0,,,,,,,,,,,,,,0.0,,,,,0.012675322592258453,0.0
,mappo,,,,2013.0,0.0,0.0,0.0,0.0,0.0,0.0,0.0,0.0,0.0,0.0,0.0,0.0,0.0,,,,,,,
0.047520898282527924,mappo,4.5301494537852705e-05,-1.762316107749939,0.00039559853284428154,2014.0,,,,,,,,,,,,,,0.0,,,,,0.010757780633866787,0.006666666828095913
,mappo,,,,2014.0,0.0,0.0,0.3333333432674408,0.0,0.0,0.0,0.3333333432674408,0.0,0.0,0.0,0.0,0.0,0.0,,,,,,,
0.0012568479869514704,mappo,3.1873187253950164e-05,-1.5449292659759521,0.00039529843281093703,2015.0,,,,,,,,,,,,,,0.0,,,,,0.010168995708227158,0.006666666828095913
,mappo,,,,2015.0,0.0,0.0,0.3333333432674408,0.0,0.0,0.0,0.3333333432674408,0.0,0.0,0.0,0.0,0.0,0.0,,,,,,,
0.07167773693799973,mappo,4.823581184609793e-05,-2.562490224838257,0.0003949983327775925,2016.0,,,,,,,,,,,,,,0.0,,,,,0.012590831145644188,0.0
,mappo,,,,2016.0,0.0,0.0,0.0,0.0,0.0,0.0,0.0,0.0,0.0,0.0,0.0,0.0,0.0,,,,,,,
0.08968660980463028,mappo,2.8638021831284277e-05,-2.573753833770752,0.0003946982327442481,2017.0,,,,,,,,,,,,,,0.0,,,,,0.012631567195057869,0.0
,mappo,,,,2017.0,0.0,0.0,0.0,0.0,0.0,0.0,0.0,0.0,0.0,0.0,0.0,0.0,0.0,,,,,,,
0.12476887553930283,mappo,0.00015690356667619199,-1.5642365217208862,0.0003943981327109037,2018.0,,,,,,,,,,,,,,0.0,,,,,0.010106246918439865,0.006666666828095913
,mappo,,,,2018.0,0.0,0.0,0.3333333432674408,0.0,0.0,0.0,0.3333333432674408,0.0,0.0,0.0,0.0,0.0,0.0,,,,,,,
0.04018837958574295,mappo,5.201599560678005e-05,-1.7908601760864258,0.0003940980326775593,2019.0,,,,,,,,,,,,,,0.0,,,,,0.01061820425093174,0.006666666828095913
,mappo,,,,2019.0,0.0,0.0,0.3333333432674408,0.0,0.0,0.0,0.3333333432674408,0.0,0.0,0.0,0.0,0.0,0.0,,,,,,,
0.1994187831878662,mappo,1.5996713045751676e-05,-2.5645902156829834,0.00039379793264421477,2020.0,,,,,,,,,,,,,,0.0,,,,,0.012581339105963707,0.0
,mappo,,,,2020.0,0.0,0.0,0.0,0.0,0.0,0.0,0.0,0.0,0.0,0.0,0.0,0.0,0.0,,,,,,,
0.020513461902737617,mappo,2.0365640011732467e-05,-2.555772066116333,0.00039349783261087025,2021.0,,,,,,,,,,,,,,0.0,,,,,0.01245177537202835,0.0
,mappo,,,,2021.0,0.0,0.0,0.0,0.0,0.0,0.0,0.0,0.0,0.0,0.0,0.0,0.0,0.0,,,,,,,
0.013275748118758202,mappo,4.307578819862101e-06,-2.5377588272094727,0.00039319773257752595,2022.0,,,,,,,,,,,,,,0.0,,,,,0.012460832484066486,0.0
,mappo,,,,2022.0,0.0,0.0,0.0,0.0,0.0,0.0,0.0,0.0,0.0,0.0,0.0,0.0,0.0,,,,,,,
-0.0021844152361154556,mappo,0.00012517064169514924,-1.6606498956680298,0.00039289763254418144,2023.0,,,,,,,,,,,,,,0.0,,,,,0.010212214663624763,0.006666666828095913
,mappo,,,,2023.0,0.0,0.0,0.3333333432674408,0.0,0.0,0.0,0.3333333432674408,0.0,0.0,0.0,0.0,0.0,0.0,,,,,,,
0.018003791570663452,mappo,1.7909225789480843e-05,-2.5138227939605713,0.0003925975325108369,2024.0,,,,,,,,,,,,,,0.0,,,,,0.012474184855818748,0.0
,mappo,,,,2024.0,0.0,0.0,0.0,0.0,0.0,0.0,0.0,0.0,0.0,0.0,0.0,0.0,0.0,,,,,,,
0.018948260694742203,mappo,2.4825269065331668e-05,-2.5028984546661377,0.0003922974324774926,2025.0,,,,,,,,,,,,,,0.0,,,,,0.012698905542492867,0.0
,mappo,,,,2025.0,0.0,0.0,0.0,0.0,0.0,0.0,0.0,0.0,0.0,0.0,0.0,0.0,0.0,,,,,,,
0.04392225667834282,mappo,3.345293953316286e-05,-1.7190767526626587,0.0003919973324441481,2026.0,,,,,,,,,,,,,,0.0,,,,,0.010381266474723816,0.006666666828095913
,mappo,,,,2026.0,0.0,0.0,0.3333333432674408,0.0,0.0,0.0,0.3333333432674408,0.0,0.0,0.0,0.0,0.0,0.0,,,,,,,
0.025363706052303314,mappo,1.126619736169232e-05,-1.720795750617981,0.0003916972324108036,2027.0,,,,,,,,,,,,,,0.0,,,,,0.01041562482714653,0.006666666828095913
,mappo,,,,2027.0,0.0,0.0,0.3333333432674408,0.0,0.0,0.0,0.3333333432674408,0.0,0.0,0.0,0.0,0.0,0.0,,,,,,,
0.6464869976043701,mappo,5.597726158157457e-06,-2.5066146850585938,0.0003913971323774592,2028.0,,,,,,,,,,,,,,0.0,,,,,0.012405844405293465,0.0
,mappo,,,,2028.0,0.0,0.0,0.0,0.0,0.0,0.0,0.0,0.0,0.0,0.0,0.0,0.0,0.0,,,,,,,
-0.001314989640377462,mappo,4.0697213989915326e-05,-1.6183792352676392,0.00039109703234411477,2029.0,,,,,,,,,,,,,,0.0,,,,,0.010384824126958847,0.006666666828095913
,mappo,,,,2029.0,0.0,0.0,0.3333333432674408,0.0,0.0,0.0,0.3333333432674408,0.0,0.0,0.0,0.0,0.0,0.0,,,,,,,
0.0038726497441530228,mappo,3.54734729626216e-05,-1.6576876640319824,0.00039079693231077036,2030.0,,,,,,,,,,,,,,0.0,,,,,0.010311372578144073,0.006666666828095913
,mappo,,,,2030.0,0.0,0.0,0.3333333432674408,0.0,0.0,0.0,0.3333333432674408,0.0,0.0,0.0,0.0,0.0,0.0,,,,,,,
0.0035612215287983418,mappo,3.222960731363855e-05,-1.6378353834152222,0.00039049683227742585,2031.0,,,,,,,,,,,,,,0.0,,,,,0.010284367017447948,0.006666666828095913
,mappo,,,,2031.0,0.0,0.0,0.3333333432674408,0.0,0.0,0.0,0.3333333432674408,0.0,0.0,0.0,0.0,0.0,0.0,,,,,,,
0.01686244271695614,mappo,4.019574407720938e-05,-1.6983046531677246,0.00039019673224408133,2032.0,,,,,,,,,,,,,,0.0,,,,,0.010397141799330711,0.006666666828095913
,mappo,,,,2032.0,0.0,0.0,0.3333333432674408,0.0,0.0,0.0,0.3333333432674408,0.0,0.0,0.0,0.0,0.0,0.0,,,,,,,
0.09874311834573746,mappo,2.560810389695689e-05,-1.5876322984695435,0.00038989663221073703,2033.0,,,,,,,,,,,,,,0.0,,,,,0.010101702064275742,0.006666666828095913
,mappo,,,,2033.0,0.0,0.0,0.3333333432674408,0.0,0.0,0.0,0.3333333432674408,0.0,0.0,0.0,0.0,0.0,0.0,,,,,,,
0.10619869083166122,mappo,1.8671313227969222e-05,-1.604738712310791,0.0003895965321773925,2034.0,,,,,,,,,,,,,,0.0,,,,,0.010299915447831154,0.006666666828095913
,mappo,,,,2034.0,0.0,0.0,0.3333333432674408,0.0,0.0,0.0,0.3333333432674408,0.0,0.0,0.0,0.0,0.0,0.0,,,,,,,
0.054216187447309494,mappo,1.672066719038412e-05,-1.5207560062408447,0.000389296432144048,2035.0,,,,,,,,,,,,,,0.0,,,,,0.010053273290395737,0.006666666828095913
,mappo,,,,2035.0,0.0,0.0,0.3333333432674408,0.0,0.0,0.0,0.3333333432674408,0.0,0.0,0.0,0.0,0.0,0.0,,,,,,,
0.0845198854804039,mappo,1.2752450857078657e-05,-1.7365150451660156,0.0003889963321107036,2036.0,,,,,,,,,,,,,,0.0,,,,,0.010583260096609592,0.006666666828095913
,mappo,,,,2036.0,0.0,0.0,0.3333333432674408,0.0,0.0,0.0,0.3333333432674408,0.0,0.0,0.0,0.0,0.0,0.0,,,,,,,
0.08589956164360046,mappo,1.54077606566716e-05,-1.4986305236816406,0.0003886962320773592,2037.0,,,,,,,,,,,,,,0.0,,,,,0.010112537071108818,0.006666666828095913
,mappo,,,,2037.0,0.0,0.0,0.3333333432674408,0.0,0.0,0.0,0.3333333432674408,0.0,0.0,0.0,0.0,0.0,0.0,,,,,,,
0.011838230304419994,mappo,1.345095552096609e-05,-1.5778110027313232,0.00038839613204401467,2038.0,,,,,,,,,,,,,,0.0,,,,,0.010298124514520168,0.006666666828095913
,mappo,,,,2038.0,0.0,0.0,0.3333333432674408,0.0,0.0,0.0,0.3333333432674408,0.0,0.0,0.0,0.0,0.0,0.0,,,,,,,
-0.0008147370535880327,mappo,6.46423495709314e-06,-1.4941205978393555,0.00038809603201067026,2039.0,,,,,,,,,,,,,,0.0,,,,,0.01014786772429943,0.006666666828095913
,mappo,,,,2039.0,0.0,0.0,0.3333333432674408,0.0,0.0,0.0,0.3333333432674408,0.0,0.0,0.0,0.0,0.0,0.0,,,,,,,
0.015349693596363068,mappo,2.839207581928349e-06,-1.5887094736099243,0.00038779593197732585,2040.0,,,,,,,,,,,,,,0.0,,,,,0.010454034432768822,0.006666666828095913
,mappo,,,,2040.0,0.0,0.0,0.3333333432674408,0.0,0.0,0.0,0.3333333432674408,0.0,0.0,0.0,0.0,0.0,0.0,,,,,,,
-0.003213657299056649,mappo,3.54668804902758e-06,-1.4324779510498047,0.00038749583194398144,2041.0,,,,,,,,,,,,,,0.0,,,,,0.010197862051427364,0.006666666828095913
,mappo,,,,2041.0,0.0,0.0,0.3333333432674408,0.0,0.0,0.0,0.3333333432674408,0.0,0.0,0.0,0.0,0.0,0.0,,,,,,,
0.001077531836926937,mappo,9.422272341907956e-06,-1.4102706909179688,0.0003871957319106369,2042.0,,,,,,,,,,,,,,0.0,,,,,0.01011259201914072,0.006666666828095913
,mappo,,,,2042.0,0.0,0.0,0.3333333432674408,0.0,0.0,0.0,0.3333333432674408,0.0,0.0,0.0,0.0,0.0,0.0,,,,,,,
-0.0015148347010836005,mappo,1.1063857527915388e-05,-1.3557759523391724,0.0003868956318772924,2043.0,,,,,,,,,,,,,,0.0,,,,,0.010006926022469997,0.006666666828095913
,mappo,,,,2043.0,0.0,0.0,0.3333333432674408,0.0,0.0,0.0,0.3333333432674408,0.0,0.0,0.0,0.0,0.0,0.0,,,,,,,
-0.00047942419769242406,mappo,1.029986196954269e-05,-1.3527003526687622,0.0003865955318439481,2044.0,,,,,,,,,,,,,,0.0,,,,,0.009957043454051018,0.006666666828095913
,mappo,,,,2044.0,0.0,0.0,0.3333333432674408,0.0,0.0,0.0,0.3333333432674408,0.0,0.0,0.0,0.0,0.0,0.0,,,,,,,
0.009940381161868572,mappo,9.353750101581682e-06,-1.3301727771759033,0.0003862954318106036,2045.0,,,,,,,,,,,,,,0.0,,,,,0.009976699016988277,0.006666666828095913
,mappo,,,,2045.0,0.0,0.0,0.3333333432674408,0.0,0.0,0.0,0.3333333432674408,0.0,0.0,0.0,0.0,0.0,0.0,,,,,,,
-0.004089344292879105,mappo,7.963441930769477e-06,-1.3755767345428467,0.0003859953317772591,2046.0,,,,,,,,,,,,,,0.0,,,,,0.010072324424982071,0.006666666828095913
,mappo,,,,2046.0,0.0,0.0,0.3333333432674408,0.0,0.0,0.0,0.3333333432674408,0.0,0.0,0.0,0.0,0.0,0.0,,,,,,,
0.04864509031176567,mappo,6.6193151724291965e-06,-1.2881189584732056,0.00038569523174391467,2047.0,,,,,,,,,,,,,,0.0,,,,,0.009846752509474754,0.006666666828095913
,mappo,,,,2047.0,0.0,0.0,0.3333333432674408,0.0,0.0,0.0,0.3333333432674408,0.0,0.0,0.0,0.0,0.0,0.0,,,,,,,
-0.0008324256050400436,mappo,1.1291488590359222e-05,-1.225922703742981,0.00038539513171057026,2048.0,,,,,,,,,,,,,,0.0,,,,,0.009884290397167206,0.006666666828095913
,mappo,,,,2048.0,0.0,0.0,0.3333333432674408,0.0,0.0,0.0,0.3333333432674408,0.0,0.0,0.0,0.0,0.0,0.0,,,,,,,
0.06788570433855057,mappo,3.863306574203307e-06,-1.2529065608978271,0.00038509503167722574,2049.0,,,,,,,,,,,,,,0.0,,,,,0.01007489487528801,0.006666666828095913
,mappo,,,,2049.0,0.0,0.0,0.3333333432674408,0.0,0.0,0.0,0.3333333432674408,0.0,0.0,0.0,0.0,0.0,0.0,,,,,,,
0.00286303972825408,mappo,4.276595063856803e-06,-1.2941315174102783,0.00038479493164388133,2050.0,,,,,,,,,,,,,,0.0,,,,,0.01024162769317627,0.006666666828095913
,mappo,,,,2050.0,0.0,0.0,0.3333333432674408,0.0,0.0,0.0,0.3333333432674408,0.0,0.0,0.0,0.0,0.0,0.0,,,,,,,
0.016221454367041588,mappo,3.7804288695042487e-06,-1.2204669713974,0.0003844948316105368,2051.0,,,,,,,,,,,,,,0.0,,,,,0.01012369617819786,0.006666666828095913
,mappo,,,,2051.0,0.0,0.0,0.3333333432674408,0.0,0.0,0.0,0.3333333432674408,0.0,0.0,0.0,0.0,0.0,0.0,,,,,,,
0.0033094212412834167,mappo,3.079085217905231e-06,-1.1690731048583984,0.0003841947315771925,2052.0,,,,,,,,,,,,,,0.0,,,,,0.01011618785560131,0.006666666828095913
,mappo,,,,2052.0,0.0,0.0,0.3333333432674408,0.0,0.0,0.0,0.3333333432674408,0.0,0.0,0.0,0.0,0.0,0.0,,,,,,,
-0.0024873591028153896,mappo,1.4243182704376522e-06,-1.209012508392334,0.000383894631543848,2053.0,,,,,,,,,,,,,,0.0,,,,,0.010059794411063194,0.006666666828095913
,mappo,,,,2053.0,0.0,0.0,0.3333333432674408,0.0,0.0,0.0,0.3333333432674408,0.0,0.0,0.0,0.0,0.0,0.0,,,,,,,
-0.0007327856728807092,mappo,2.0026316178700654e-06,-1.151341438293457,0.0003835945315105035,2054.0,,,,,,,,,,,,,,0.0,,,,,0.0101427361369133,0.006666666828095913
,mappo,,,,2054.0,0.0,0.0,0.3333333432674408,0.0,0.0,0.0,0.3333333432674408,0.0,0.0,0.0,0.0,0.0,0.0,,,,,,,
0.04446391761302948,mappo,2.8429931262508035e-06,-1.1675384044647217,0.0003832944314771591,2055.0,,,,,,,,,,,,,,0.0,,,,,0.010480444878339767,0.006666666828095913
,mappo,,,,2055.0,0.0,0.0,0.3333333432674408,0.0,0.0,0.0,0.3333333432674408,0.0,0.0,0.0,0.0,0.0,0.0,,,,,,,
-0.007053882349282503,mappo,2.275856104461127e-06,-1.1305060386657715,0.00038299433144381467,2056.0,,,,,,,,,,,,,,0.0,,,,,0.010187475942075253,0.006666666828095913
,mappo,,,,2056.0,0.0,0.0,0.3333333432674408,0.0,0.0,0.0,0.3333333432674408,0.0,0.0,0.0,0.0,0.0,0.0,,,,,,,
0.30616241693496704,mappo,0.0005090620252303779,-1.9465309381484985,0.00038269423141047015,2057.0,,,,,,,,,,,,,,0.0,,,,,0.012874688021838665,0.0
,mappo,,,,2057.0,0.0,0.0,0.0,0.0,0.0,0.0,0.0,0.0,0.0,0.0,0.0,0.0,0.0,,,,,,,
0.072226881980896,mappo,0.00014381532673723996,-1.9098213911056519,0.00038239413137712574,2058.0,,,,,,,,,,,,,,0.0,,,,,0.012792333960533142,0.0
,mappo,,,,2058.0,0.0,0.0,0.0,0.0,0.0,0.0,0.0,0.0,0.0,0.0,0.0,0.0,0.0,,,,,,,
0.26237988471984863,mappo,0.0003794343792833388,-1.839015245437622,0.00038209403134378133,2059.0,,,,,,,,,,,,,,0.0,,,,,0.013367285951972008,0.0
,mappo,,,,2059.0,0.0,0.0,0.0,0.0,0.0,0.0,0.0,0.0,0.0,0.0,0.0,0.0,0.0,,,,,,,
0.2636539936065674,mappo,2.5768142222659662e-05,-1.8241314888000488,0.0003817939313104368,2060.0,,,,,,,,,,,,,,0.0,,,,,0.013287323527038097,0.0
,mappo,,,,2060.0,0.0,0.0,0.0,0.0,0.0,0.0,0.0,0.0,0.0,0.0,0.0,0.0,0.0,,,,,,,
0.028561051934957504,mappo,9.391279309056699e-05,-1.775431752204895,0.0003814938312770924,2061.0,,,,,,,,,,,,,,0.0,,,,,0.01323220320045948,0.0
,mappo,,,,2061.0,0.0,0.0,0.0,0.0,0.0,0.0,0.0,0.0,0.0,0.0,0.0,0.0,0.0,,,,,,,
0.04688170179724693,mappo,2.7578415028983727e-05,-1.7649651765823364,0.0003811937312437479,2062.0,,,,,,,,,,,,,,0.0,,,,,0.013005944900214672,0.0
,mappo,,,,2062.0,0.0,0.0,0.0,0.0,0.0,0.0,0.0,0.0,0.0,0.0,0.0,0.0,0.0,,,,,,,
0.0005907428567297757,mappo,1.6567317288718186e-05,-1.7580540180206299,0.0003808936312104036,2063.0,,,,,,,,,,,,,,0.0,,,,,0.013189278542995453,0.0
,mappo,,,,2063.0,0.0,0.0,0.0,0.0,0.0,0.0,0.0,0.0,0.0,0.0,0.0,0.0,0.0,,,,,,,
-0.003311794251203537,mappo,9.50959019974107e-06,-1.73713219165802,0.0003805935311770591,2064.0,,,,,,,,,,,,,,0.0,,,,,0.013030074536800385,0.0
,mappo,,,,2064.0,0.0,0.0,0.0,0.0,0.0,0.0,0.0,0.0,0.0,0.0,0.0,0.0,0.0,,,,,,,
0.07389509677886963,mappo,1.6781436897872481e-06,-1.7095756530761719,0.00038029343114371456,2065.0,,,,,,,,,,,,,,0.0,,,,,0.013121025636792183,0.0
,mappo,,,,2065.0,0.0,0.0,0.0,0.0,0.0,0.0,0.0,0.0,0.0,0.0,0.0,0.0,0.0,,,,,,,
0.01945018768310547,mappo,4.723992333310889e-06,-1.7234891653060913,0.00037999333111037015,2066.0,,,,,,,,,,,,,,0.0,,,,,0.013004707172513008,0.0
,mappo,,,,2066.0,0.0,0.0,0.0,0.0,0.0,0.0,0.0,0.0,0.0,0.0,0.0,0.0,0.0,,,,,,,
0.07280300557613373,mappo,0.0004130019515287131,-1.0696159601211548,0.00037969323107702574,2067.0,,,,,,,,,,,,,,0.0,,,,,0.010625803843140602,0.006666666828095913
,mappo,,,,2067.0,0.0,0.0,0.3333333432674408,0.0,0.0,0.0,0.3333333432674408,0.0,0.0,0.0,0.0,0.0,0.0,,,,,,,
0.0004426026716828346,mappo,0.0005554976523853838,-0.8959335088729858,0.00037939313104368123,2068.0,,,,,,,,,,,,,,0.0,,,,,0.010183069854974747,0.006666666828095913
,mappo,,,,2068.0,0.0,0.0,0.3333333432674408,0.0,0.0,0.0,0.3333333432674408,0.0,0.0,0.0,0.0,0.0,0.0,,,,,,,
0.018172860145568848,mappo,0.0005218903534114361,-1.042486310005188,0.0003790930310103368,2069.0,,,,,,,,,,,,,,0.0,,,,,0.01047014631330967,0.006666666828095913
,mappo,,,,2069.0,0.0,0.0,0.3333333432674408,0.0,0.0,0.0,0.3333333432674408,0.0,0.0,0.0,0.0,0.0,0.0,,,,,,,
0.012077739462256432,mappo,0.0002920952392742038,-1.553025245666504,0.0003787929309769923,2070.0,,,,,,,,,,,,,,0.0,,,,,0.01226817537099123,0.0
,mappo,,,,2070.0,0.0,0.0,0.0,0.0,0.0,0.0,0.0,0.0,0.0,0.0,0.0,0.0,0.0,,,,,,,
-0.005407746881246567,mappo,0.0004253500956110656,-0.8921909332275391,0.0003784928309436479,2071.0,,,,,,,,,,,,,,0.0,,,,,0.010428541339933872,0.006666666828095913
,mappo,,,,2071.0,0.0,0.0,0.3333333432674408,0.0,0.0,0.0,0.3333333432674408,0.0,0.0,0.0,0.0,0.0,0.0,,,,,,,
0.025338364765048027,mappo,0.00013520328502636403,-0.8047688603401184,0.0003781927309103035,2072.0,,,,,,,,,,,,,,0.0,,,,,0.010267702862620354,0.006666666828095913
,mappo,,,,2072.0,0.0,0.0,0.3333333432674408,0.0,0.0,0.0,0.3333333432674408,0.0,0.0,0.0,0.0,0.0,0.0,,,,,,,
0.08061893284320831,mappo,8.419255027547479e-05,-0.8191999197006226,0.00037789263087695897,2073.0,,,,,,,,,,,,,,0.0,,,,,0.010349411517381668,0.006666666828095913
,mappo,,,,2073.0,0.0,0.0,0.3333333432674408,0.0,0.0,0.0,0.3333333432674408,0.0,0.0,0.0,0.0,0.0,0.0,,,,,,,
-0.0055034710094332695,mappo,5.889784006285481e-05,-0.7912179827690125,0.00037759253084361467,2074.0,,,,,,,,,,,,,,0.0,,,,,0.010100453160703182,0.006666666828095913
,mappo,,,,2074.0,0.0,0.0,0.3333333432674408,0.0,0.0,0.0,0.3333333432674408,0.0,0.0,0.0,0.0,0.0,0.0,,,,,,,
0.1355845034122467,mappo,0.0008284093928523362,-1.4142508506774902,0.00037729243081027015,2075.0,,,,,,,,,,,,,,0.0,,,,,0.0122318584471941,0.0
,mappo,,,,2075.0,0.0,0.0,0.0,0.0,0.0,0.0,0.0,0.0,0.0,0.0,0.0,0.0,0.0,,,,,,,
0.17902325093746185,mappo,0.0005593856330960989,-1.3907568454742432,0.00037699233077692564,2076.0,,,,,,,,,,,,,,0.0,,,,,0.012309173122048378,0.0
,mappo,,,,2076.0,0.0,0.0,0.0,0.0,0.0,0.0,0.0,0.0,0.0,0.0,0.0,0.0,0.0,,,,,,,
0.18632721900939941,mappo,0.0003867792838718742,-1.3951317071914673,0.00037669223074358123,2077.0,,,,,,,,,,,,,,0.0,,,,,0.012328382581472397,0.0
,mappo,,,,2077.0,0.0,0.0,0.0,0.0,0.0,0.0,0.0,0.0,0.0,0.0,0.0,0.0,0.0,,,,,,,
0.18049506843090057,mappo,0.00021454445959534496,-1.3793275356292725,0.0003763921307102368,2078.0,,,,,,,,,,,,,,0.0,,,,,0.012180146761238575,0.0
,mappo,,,,2078.0,0.0,0.0,0.0,0.0,0.0,0.0,0.0,0.0,0.0,0.0,0.0,0.0,0.0,,,,,,,
0.037569452077150345,mappo,0.001562446472235024,-0.7428167462348938,0.0003760920306768923,2079.0,,,,,,,,,,,,,,0.0,,,,,0.010177936404943466,0.006666666828095913
,mappo,,,,2079.0,0.0,0.0,0.3333333432674408,0.0,0.0,0.0,0.3333333432674408,0.0,0.0,0.0,0.0,0.0,0.0,,,,,,,
-0.007314723916351795,mappo,0.0013615015195682645,-0.7638770341873169,0.0003757919306435479,2080.0,,,,,,,,,,,,,,0.0,,,,,0.010136760771274567,0.006666666828095913
,mappo,,,,2080.0,0.0,0.0,0.3333333432674408,0.0,0.0,0.0,0.3333333432674408,0.0,0.0,0.0,0.0,0.0,0.0,,,,,,,
0.05388321354985237,mappo,0.00034964087535627186,-1.3927257061004639,0.0003754918306102034,2081.0,,,,,,,,,,,,,,0.0,,,,,0.012126779183745384,0.0
,mappo,,,,2081.0,0.0,0.0,0.0,0.0,0.0,0.0,0.0,0.0,0.0,0.0,0.0,0.0,0.0,,,,,,,
0.03439947962760925,mappo,0.0016519346972927451,-0.8211303353309631,0.00037519173057685897,2082.0,,,,,,,,,,,,,,0.0,,,,,0.010282916016876698,0.006666666828095913
,mappo,,,,2082.0,0.0,0.0,0.3333333432674408,0.0,0.0,0.0,0.3333333432674408,0.0,0.0,0.0,0.0,0.0,0.0,,,,,,,
0.01115034893155098,mappo,0.0014016720233485103,-0.7182266116142273,0.00037489163054351456,2083.0,,,,,,,,,,,,,,0.0,,,,,0.010119568556547165,0.006666666828095913
,mappo,,,,2083.0,0.0,0.0,0.3333333432674408,0.0,0.0,0.0,0.3333333432674408,0.0,0.0,0.0,0.0,0.0,0.0,,,,,,,
0.06796667724847794,mappo,0.0013022222556173801,-0.8369841575622559,0.00037459153051017005,2084.0,,,,,,,,,,,,,,0.0,,,,,0.010412512347102165,0.006666666828095913
,mappo,,,,2084.0,0.0,0.0,0.3333333432674408,0.0,0.0,0.0,0.3333333432674408,0.0,0.0,0.0,0.0,0.0,0.0,,,,,,,
0.008526401594281197,mappo,0.0007052074652165174,-0.6448938846588135,0.00037429143047682564,2085.0,,,,,,,,,,,,,,0.0,,,,,0.0101300785318017,0.006666666828095913
,mappo,,,,2085.0,0.0,0.0,0.3333333432674408,0.0,0.0,0.0,0.3333333432674408,0.0,0.0,0.0,0.0,0.0,0.0,,,,,,,
-0.014211516827344894,mappo,0.00053214724175632,-0.7800943851470947,0.00037399133044348123,2086.0,,,,,,,,,,,,,,0.0,,,,,0.010239288210868835,0.006666666828095913
,mappo,,,,2086.0,0.0,0.0,0.3333333432674408,0.0,0.0,0.0,0.3333333432674408,0.0,0.0,0.0,0.0,0.0,0.0,,,,,,,
0.010294198989868164,mappo,0.00038702122401446104,-0.7960602641105652,0.0003736912304101367,2087.0,,,,,,,,,,,,,,0.0,,,,,0.010433572344481945,0.006666666828095913
,mappo,,,,2087.0,0.0,0.0,0.3333333432674408,0.0,0.0,0.0,0.3333333432674408,0.0,0.0,0.0,0.0,0.0,0.0,,,,,,,
0.06469441205263138,mappo,0.00010710299102356657,-0.6897844672203064,0.0003733911303767923,2088.0,,,,,,,,,,,,,,0.0,,,,,0.010123155079782009,0.006666666828095913
,mappo,,,,2088.0,0.0,0.0,0.3333333432674408,0.0,0.0,0.0,0.3333333432674408,0.0,0.0,0.0,0.0,0.0,0.0,,,,,,,
0.0048905001021921635,mappo,7.870724220992997e-05,-0.6807200908660889,0.0003730910303434479,2089.0,,,,,,,,,,,,,,0.0,,,,,0.010081678628921509,0.006666666828095913
,mappo,,,,2089.0,0.0,0.0,0.3333333432674408,0.0,0.0,0.0,0.3333333432674408,0.0,0.0,0.0,0.0,0.0,0.0,,,,,,,
0.009491348639130592,mappo,3.768847818719223e-05,-0.6232325434684753,0.0003727909303101034,2090.0,,,,,,,,,,,,,,0.0,,,,,0.010169806890189648,0.006666666828095913
,mappo,,,,2090.0,0.0,0.0,0.3333333432674408,0.0,0.0,0.0,0.3333333432674408,0.0,0.0,0.0,0.0,0.0,0.0,,,,,,,
-0.004256347194314003,mappo,1.7710428437567316e-05,-0.6356615424156189,0.00037249083027675897,2091.0,,,,,,,,,,,,,,0.0,,,,,0.010122339241206646,0.006666666828095913
,mappo,,,,2091.0,0.0,0.0,0.3333333432674408,0.0,0.0,0.0,0.3333333432674408,0.0,0.0,0.0,0.0,0.0,0.0,,,,,,,
-0.00551912235096097,mappo,1.2773451999237295e-05,-0.5721144080162048,0.00037219073024341446,2092.0,,,,,,,,,,,,,,0.0,,,,,0.010054202750325203,0.006666666828095913
,mappo,,,,2092.0,0.0,0.0,0.3333333432674408,0.0,0.0,0.0,0.3333333432674408,0.0,0.0,0.0,0.0,0.0,0.0,,,,,,,
0.025390170514583588,mappo,0.0006496480200439692,-1.280092477798462,0.00037189063021007005,2093.0,,,,,,,,,,,,,,0.0,,,,,0.01191294752061367,0.0
,mappo,,,,2093.0,0.0,0.0,0.0,0.0,0.0,0.0,0.0,0.0,0.0,0.0,0.0,0.0,0.0,,,,,,,
0.01040444616228342,mappo,0.00020506784494500607,-0.6555156707763672,0.00037159053017672564,2094.0,,,,,,,,,,,,,,0.0,,,,,0.010074811056256294,0.006666666828095913
,mappo,,,,2094.0,0.0,0.0,0.3333333432674408,0.0,0.0,0.0,0.3333333432674408,0.0,0.0,0.0,0.0,0.0,0.0,,,,,,,
-0.004944237880408764,mappo,0.00023397583572659642,-0.6542869210243225,0.0003712904301433811,2095.0,,,,,,,,,,,,,,0.0,,,,,0.010030137374997139,0.006666666828095913
,mappo,,,,2095.0,0.0,0.0,0.3333333432674408,0.0,0.0,0.0,0.3333333432674408,0.0,0.0,0.0,0.0,0.0,0.0,,,,,,,
-0.013412934727966785,mappo,0.000219746507355012,-0.7012979984283447,0.0003709903301100367,2096.0,,,,,,,,,,,,,,0.0,,,,,0.010094172321259975,0.006666666828095913
,mappo,,,,2096.0,0.0,0.0,0.3333333432674408,0.0,0.0,0.0,0.3333333432674408,0.0,0.0,0.0,0.0,0.0,0.0,,,,,,,
-0.005835341289639473,mappo,0.0001864260557340458,-0.7741149663925171,0.0003706902300766923,2097.0,,,,,,,,,,,,,,0.0,,,,,0.010244565084576607,0.006666666828095913
,mappo,,,,2097.0,0.0,0.0,0.3333333432674408,0.0,0.0,0.0,0.3333333432674408,0.0,0.0,0.0,0.0,0.0,0.0,,,,,,,
0.05564959719777107,mappo,0.00010674948134692386,-0.7873308062553406,0.0003703901300433478,2098.0,,,,,,,,,,,,,,0.0,,,,,0.00995797198265791,0.006666666828095913
,mappo,,,,2098.0,0.0,0.0,0.3333333432674408,0.0,0.0,0.0,0.3333333432674408,0.0,0.0,0.0,0.0,0.0,0.0,,,,,,,
0.00841549877077341,mappo,4.338813596405089e-05,-0.6821240782737732,0.0003700900300100034,2099.0,,,,,,,,,,,,,,0.0,,,,,0.01001802645623684,0.006666666828095913
,mappo,,,,2099.0,0.0,0.0,0.3333333432674408,0.0,0.0,0.0,0.3333333432674408,0.0,0.0,0.0,0.0,0.0,0.0,,,,,,,
,mappo,,,,2099.0,,,,,,,,,,,,,,,0.0,0.0,0.3333333432674408,0.0,,
-0.006868764292448759,mappo,3.418959386181086e-05,-0.8389459252357483,0.00036978992997665887,2100.0,,,,,,,,,,,,,,0.0,,,,,0.010225903242826462,0.006666666828095913
,mappo,,,,2100.0,0.0,0.0,0.3333333432674408,0.0,0.0,0.0,0.3333333432674408,0.0,0.0,0.0,0.0,0.0,0.0,,,,,,,
-0.001674399827606976,mappo,1.1051061846956145e-05,-0.7368173003196716,0.00036948982994331446,2101.0,,,,,,,,,,,,,,0.0,,,,,0.00987233780324459,0.006666666828095913
,mappo,,,,2101.0,0.0,0.0,0.3333333432674408,0.0,0.0,0.0,0.3333333432674408,0.0,0.0,0.0,0.0,0.0,0.0,,,,,,,
0.02718213200569153,mappo,2.434795896988362e-05,-0.7920932769775391,0.00036918972990997005,2102.0,,,,,,,,,,,,,,0.0,,,,,0.010047023184597492,0.006666666828095913
,mappo,,,,2102.0,0.0,0.0,0.3333333432674408,0.0,0.0,0.0,0.3333333432674408,0.0,0.0,0.0,0.0,0.0,0.0,,,,,,,
-0.004935473669320345,mappo,2.0708275769720785e-05,-0.7718298435211182,0.00036888962987662553,2103.0,,,,,,,,,,,,,,0.0,,,,,0.010161465033888817,0.006666666828095913
,mappo,,,,2103.0,0.0,0.0,0.3333333432674408,0.0,0.0,0.0,0.3333333432674408,0.0,0.0,0.0,0.0,0.0,0.0,,,,,,,
-0.0071012526750564575,mappo,9.469512406212743e-06,-0.7062024474143982,0.0003685895298432811,2104.0,,,,,,,,,,,,,,0.0,,,,,0.009878517128527164,0.006666666828095913
,mappo,,,,2104.0,0.0,0.0,0.3333333432674408,0.0,0.0,0.0,0.3333333432674408,0.0,0.0,0.0,0.0,0.0,0.0,,,,,,,
-0.0016401547472923994,mappo,5.992580099700717e-06,-0.8222163915634155,0.0003682894298099367,2105.0,,,,,,,,,,,,,,0.0,,,,,0.010077772662043571,0.006666666828095913
,mappo,,,,2105.0,0.0,0.0,0.3333333432674408,0.0,0.0,0.0,0.3333333432674408,0.0,0.0,0.0,0.0,0.0,0.0,,,,,,,
0.033139560371637344,mappo,3.4623831197677646e-06,-0.8021200299263,0.0003679893297765922,2106.0,,,,,,,,,,,,,,0.0,,,,,0.010052762925624847,0.006666666828095913
,mappo,,,,2106.0,0.0,0.0,0.3333333432674408,0.0,0.0,0.0,0.3333333432674408,0.0,0.0,0.0,0.0,0.0,0.0,,,,,,,
0.00879132840782404,mappo,1.0295285392203368e-05,-0.9031655788421631,0.0003676892297432478,2107.0,,,,,,,,,,,,,,0.0,,,,,0.010194169357419014,0.006666666828095913
,mappo,,,,2107.0,0.0,0.0,0.3333333432674408,0.0,0.0,0.0,0.3333333432674408,0.0,0.0,0.0,0.0,0.0,0.0,,,,,,,
0.06952075660228729,mappo,1.15647981147049e-05,-0.9120127558708191,0.0003673891297099034,2108.0,,,,,,,,,,,,,,0.0,,,,,0.010276117362082005,0.006666666828095913
,mappo,,,,2108.0,0.0,0.0,0.3333333432674408,0.0,0.0,0.0,0.3333333432674408,0.0,0.0,0.0,0.0,0.0,0.0,,,,,,,
0.05270996317267418,mappo,0.0014988615876063704,-1.6041730642318726,0.00036708902967655887,2109.0,,,,,,,,,,,,,,0.0,,,,,0.012175476178526878,0.0
,mappo,,,,2109.0,0.0,0.0,0.0,0.0,0.0,0.0,0.0,0.0,0.0,0.0,0.0,0.0,0.0,,,,,,,
0.057623762637376785,mappo,0.0002494003565516323,-0.8853699564933777,0.00036678892964321446,2110.0,,,,,,,,,,,,,,0.0,,,,,0.010030237026512623,0.006666666828095913
,mappo,,,,2110.0,0.0,0.0,0.3333333432674408,0.0,0.0,0.0,0.3333333432674408,0.0,0.0,0.0,0.0,0.0,0.0,,,,,,,
-0.012570889666676521,mappo,0.0002946806780528277,-0.8530990481376648,0.00036648882960986994,2111.0,,,,,,,,,,,,,,0.0,,,,,0.010076366364955902,0.006666666828095913
,mappo,,,,2111.0,0.0,0.0,0.3333333432674408,0.0,0.0,0.0,0.3333333432674408,0.0,0.0,0.0,0.0,0.0,0.0,,,,,,,
-0.0062866960652172565,mappo,0.0002652256516739726,-0.8020045757293701,0.00036618872957652553,2112.0,,,,,,,,,,,,,,0.0,,,,,0.009843455627560616,0.006666666828095913
,mappo,,,,2112.0,0.0,0.0,0.3333333432674408,0.0,0.0,0.0,0.3333333432674408,0.0,0.0,0.0,0.0,0.0,0.0,,,,,,,
0.0025142107624560595,mappo,0.0002211076789535582,-0.8774242401123047,0.0003658886295431811,2113.0,,,,,,,,,,,,,,0.0,,,,,0.010060494765639305,0.006666666828095913
,mappo,,,,2113.0,0.0,0.0,0.3333333432674408,0.0,0.0,0.0,0.3333333432674408,0.0,0.0,0.0,0.0,0.0,0.0,,,,,,,
0.0321369469165802,mappo,0.00015183098730631173,-0.8818227052688599,0.0003655885295098366,2114.0,,,,,,,,,,,,,,0.0,,,,,0.01014859788119793,0.006666666828095913
,mappo,,,,2114.0,0.0,0.0,0.3333333432674408,0.0,0.0,0.0,0.3333333432674408,0.0,0.0,0.0,0.0,0.0,0.0,,,,,,,
0.036411698907613754,mappo,7.820525206625462e-05,-0.8652865886688232,0.0003652884294764922,2115.0,,,,,,,,,,,,,,0.0,,,,,0.009953359141945839,0.006666666828095913
,mappo,,,,2115.0,0.0,0.0,0.3333333432674408,0.0,0.0,0.0,0.3333333432674408,0.0,0.0,0.0,0.0,0.0,0.0,,,,,,,
0.0363643541932106,mappo,2.1925443434156477e-05,-0.8700063228607178,0.0003649883294431478,2116.0,,,,,,,,,,,,,,0.0,,,,,0.009948551654815674,0.006666666828095913
,mappo,,,,2116.0,0.0,0.0,0.3333333432674408,0.0,0.0,0.0,0.3333333432674408,0.0,0.0,0.0,0.0,0.0,0.0,,,,,,,
-0.00678772060200572,mappo,1.6311461877194233e-05,-0.9763665795326233,0.0003646882294098033,2117.0,,,,,,,,,,,,,,0.0,,,,,0.010056810453534126,0.006666666828095913
,mappo,,,,2117.0,0.0,0.0,0.3333333432674408,0.0,0.0,0.0,0.3333333432674408,0.0,0.0,0.0,0.0,0.0,0.0,,,,,,,
0.0529724545776844,mappo,1.2143801541242283e-05,-0.9116659760475159,0.00036438812937645887,2118.0,,,,,,,,,,,,,,0.0,,,,,0.009904371574521065,0.006666666828095913
,mappo,,,,2118.0,0.0,0.0,0.3333333432674408,0.0,0.0,0.0,0.3333333432674408,0.0,0.0,0.0,0.0,0.0,0.0,,,,,,,
0.009553706273436546,mappo,1.918931411637459e-05,-0.9126275777816772,0.00036408802934311446,2119.0,,,,,,,,,,,,,,0.0,,,,,0.009842677041888237,0.006666666828095913
,mappo,,,,2119.0,0.0,0.0,0.3333333432674408,0.0,0.0,0.0,0.3333333432674408,0.0,0.0,0.0,0.0,0.0,0.0,,,,,,,
0.007761205080896616,mappo,2.393785871390719e-05,-0.9600874781608582,0.00036378792930976994,2120.0,,,,,,,,,,,,,,0.0,,,,,0.010048761032521725,0.006666666828095913
,mappo,,,,2120.0,0.0,0.0,0.3333333432674408,0.0,0.0,0.0,0.3333333432674408,0.0,0.0,0.0,0.0,0.0,0.0,,,,,,,
-0.008102050051093102,mappo,5.620186129817739e-06,-0.8808315992355347,0.00036348782927642554,2121.0,,,,,,,,,,,,,,0.0,,,,,0.00986713171005249,0.006666666828095913
,mappo,,,,2121.0,0.0,0.0,0.3333333432674408,0.0,0.0,0.0,0.3333333432674408,0.0,0.0,0.0,0.0,0.0,0.0,,,,,,,
0.002525441348552704,mappo,1.282852372241905e-05,-0.8903809785842896,0.000363187729243081,2122.0,,,,,,,,,,,,,,0.0,,,,,0.010016534477472305,0.006666666828095913
,mappo,,,,2122.0,0.0,0.0,0.3333333432674408,0.0,0.0,0.0,0.3333333432674408,0.0,0.0,0.0,0.0,0.0,0.0,,,,,,,
0.000524893868714571,mappo,8.730123226996511e-06,-0.8814744353294373,0.0003628876292097366,2123.0,,,,,,,,,,,,,,0.0,,,,,0.010068782605230808,0.006666666828095913
,mappo,,,,2123.0,0.0,0.0,0.3333333432674408,0.0,0.0,0.0,0.3333333432674408,0.0,0.0,0.0,0.0,0.0,0.0,,,,,,,
-0.0003014239191543311,mappo,1.1918119525944348e-05,-0.7763115167617798,0.0003625875291763922,2124.0,,,,,,,,,,,,,,0.0,,,,,0.010006818920373917,0.006666666828095913
,mappo,,,,2124.0,0.0,0.0,0.3333333432674408,0.0,0.0,0.0,0.3333333432674408,0.0,0.0,0.0,0.0,0.0,0.0,,,,,,,
0.0032349114771932364,mappo,1.1574617928999942e-05,-0.8752375245094299,0.0003622874291430477,2125.0,,,,,,,,,,,,,,0.0,,,,,0.009877941571176052,0.006666666828095913
,mappo,,,,2125.0,0.0,0.0,0.3333333432674408,0.0,0.0,0.0,0.3333333432674408,0.0,0.0,0.0,0.0,0.0,0.0,,,,,,,
-0.006794289220124483,mappo,1.1146076758450363e-05,-0.9610405564308167,0.0003619873291097033,2126.0,,,,,,,,,,,,,,0.0,,,,,0.01004912331700325,0.006666666828095913
,mappo,,,,2126.0,0.0,0.0,0.3333333432674408,0.0,0.0,0.0,0.3333333432674408,0.0,0.0,0.0,0.0,0.0,0.0,,,,,,,
-0.006610640790313482,mappo,4.139508746447973e-06,-0.8985626101493835,0.00036168722907635887,2127.0,,,,,,,,,,,,,,0.0,,,,,0.009900161065161228,0.006666666828095913
,mappo,,,,2127.0,0.0,0.0,0.3333333432674408,0.0,0.0,0.0,0.3333333432674408,0.0,0.0,0.0,0.0,0.0,0.0,,,,,,,
-0.005540877114981413,mappo,9.641949873184785e-06,-0.9875459671020508,0.00036138712904301435,2128.0,,,,,,,,,,,,,,0.0,,,,,0.010048408061265945,0.006666666828095913
,mappo,,,,2128.0,0.0,0.0,0.3333333432674408,0.0,0.0,0.0,0.3333333432674408,0.0,0.0,0.0,0.0,0.0,0.0,,,,,,,
-0.001043843338266015,mappo,1.6069300272647524e-06,-0.9262457489967346,0.00036108702900966994,2129.0,,,,,,,,,,,,,,0.0,,,,,0.009944718331098557,0.006666666828095913
,mappo,,,,2129.0,0.0,0.0,0.3333333432674408,0.0,0.0,0.0,0.3333333432674408,0.0,0.0,0.0,0.0,0.0,0.0,,,,,,,
-0.015953563153743744,mappo,2.4235005184891634e-06,-0.9473455548286438,0.00036078692897632543,2130.0,,,,,,,,,,,,,,0.0,,,,,0.00994050782173872,0.006666666828095913
,mappo,,,,2130.0,0.0,0.0,0.3333333432674408,0.0,0.0,0.0,0.3333333432674408,0.0,0.0,0.0,0.0,0.0,0.0,,,,,,,
0.005660300608724356,mappo,2.2276071831583977e-06,-0.9482518434524536,0.000360486828942981,2131.0,,,,,,,,,,,,,,0.0,,,,,0.009973916225135326,0.006666666828095913
,mappo,,,,2131.0,0.0,0.0,0.3333333432674408,0.0,0.0,0.0,0.3333333432674408,0.0,0.0,0.0,0.0,0.0,0.0,,,,,,,
0.011500914581120014,mappo,1.9348487967363326e-06,-0.9654718041419983,0.0003601867289096366,2132.0,,,,,,,,,,,,,,0.0,,,,,0.0098626259714365,0.006666666828095913
,mappo,,,,2132.0,0.0,0.0,0.3333333432674408,0.0,0.0,0.0,0.3333333432674408,0.0,0.0,0.0,0.0,0.0,0.0,,,,,,,
-0.002740207826718688,mappo,3.6164899483992485e-06,-0.9990140795707703,0.0003598866288762921,2133.0,,,,,,,,,,,,,,0.0,,,,,0.010146448388695717,0.006666666828095913
,mappo,,,,2133.0,0.0,0.0,0.3333333432674408,0.0,0.0,0.0,0.3333333432674408,0.0,0.0,0.0,0.0,0.0,0.0,,,,,,,
0.021022744476795197,mappo,4.245497621013783e-06,-1.036314606666565,0.0003595865288429477,2134.0,,,,,,,,,,,,,,0.0,,,,,0.01006222888827324,0.006666666828095913
,mappo,,,,2134.0,0.0,0.0,0.3333333432674408,0.0,0.0,0.0,0.3333333432674408,0.0,0.0,0.0,0.0,0.0,0.0,,,,,,,
0.02609548531472683,mappo,2.5368124170199735e-06,-1.028430700302124,0.0003592864288096033,2135.0,,,,,,,,,,,,,,0.0,,,,,0.010006614029407501,0.006666666828095913
,mappo,,,,2135.0,0.0,0.0,0.3333333432674408,0.0,0.0,0.0,0.3333333432674408,0.0,0.0,0.0,0.0,0.0,0.0,,,,,,,
-0.004327154718339443,mappo,4.373449883132707e-06,-0.9236883521080017,0.00035898632877625876,2136.0,,,,,,,,,,,,,,0.0,,,,,0.009961017407476902,0.006666666828095913
,mappo,,,,2136.0,0.0,0.0,0.3333333432674408,0.0,0.0,0.0,0.3333333432674408,0.0,0.0,0.0,0.0,0.0,0.0,,,,,,,
0.0026177281979471445,mappo,4.334639470471302e-06,-0.9442909955978394,0.00035868622874291435,2137.0,,,,,,,,,,,,,,0.0,,,,,0.00994661170989275,0.006666666828095913
,mappo,,,,2137.0,0.0,0.0,0.3333333432674408,0.0,0.0,0.0,0.3333333432674408,0.0,0.0,0.0,0.0,0.0,0.0,,,,,,,
0.033545371145009995,mappo,3.0065755254327087e-06,-0.9103279709815979,0.00035838612870956995,2138.0,,,,,,,,,,,,,,0.0,,,,,0.009994679130613804,0.006666666828095913
,mappo,,,,2138.0,0.0,0.0,0.3333333432674408,0.0,0.0,0.0,0.3333333432674408,0.0,0.0,0.0,0.0,0.0,0.0,,,,,,,
0.015594015829265118,mappo,2.4845555799402064e-06,-0.9291642308235168,0.00035808602867622543,2139.0,,,,,,,,,,,,,,0.0,,,,,0.009956569410860538,0.006666666828095913
,mappo,,,,2139.0,0.0,0.0,0.3333333432674408,0.0,0.0,0.0,0.3333333432674408,0.0,0.0,0.0,0.0,0.0,0.0,,,,,,,
0.004080040380358696,mappo,7.828056368452962e-06,-1.0468004941940308,0.000357785928642881,2140.0,,,,,,,,,,,,,,0.0,,,,,0.010071977972984314,0.006666666828095913
,mappo,,,,2140.0,0.0,0.0,0.3333333432674408,0.0,0.0,0.0,0.3333333432674408,0.0,0.0,0.0,0.0,0.0,0.0,,,,,,,
0.00370573322288692,mappo,7.723987778263108e-07,-0.9183632135391235,0.0003574858286095365,2141.0,,,,,,,,,,,,,,0.0,,,,,0.009898889809846878,0.006666666828095913
,mappo,,,,2141.0,0.0,0.0,0.3333333432674408,0.0,0.0,0.0,0.3333333432674408,0.0,0.0,0.0,0.0,0.0,0.0,,,,,,,
0.029597438871860504,mappo,1.5370253549917834e-06,-0.917218029499054,0.0003571857285761921,2142.0,,,,,,,,,,,,,,0.0,,,,,0.009954556822776794,0.006666666828095913
,mappo,,,,2142.0,0.0,0.0,0.3333333432674408,0.0,0.0,0.0,0.3333333432674408,0.0,0.0,0.0,0.0,0.0,0.0,,,,,,,
0.022755755111575127,mappo,5.509856691787718e-06,-1.0371649265289307,0.0003568856285428477,2143.0,,,,,,,,,,,,,,0.0,,,,,0.010072894394397736,0.006666666828095913
,mappo,,,,2143.0,0.0,0.0,0.3333333432674408,0.0,0.0,0.0,0.3333333432674408,0.0,0.0,0.0,0.0,0.0,0.0,,,,,,,
-0.008267942816019058,mappo,3.0176222480804427e-06,-0.9620401263237,0.00035658552850950317,2144.0,,,,,,,,,,,,,,0.0,,,,,0.01004435308277607,0.006666666828095913
,mappo,,,,2144.0,0.0,0.0,0.3333333432674408,0.0,0.0,0.0,0.3333333432674408,0.0,0.0,0.0,0.0,0.0,0.0,,,,,,,
0.0072593726217746735,mappo,9.27172732190229e-06,-1.1282110214233398,0.00035628542847615876,2145.0,,,,,,,,,,,,,,0.0,,,,,0.01001112349331379,0.006666666828095913
,mappo,,,,2145.0,0.0,0.0,0.3333333432674408,0.0,0.0,0.0,0.3333333432674408,0.0,0.0,0.0,0.0,0.0,0.0,,,,,,,
-0.0036386018618941307,mappo,3.62551941179845e-06,-1.0657963752746582,0.00035598532844281436,2146.0,,,,,,,,,,,,,,0.0,,,,,0.00990813784301281,0.006666666828095913
,mappo,,,,2146.0,0.0,0.0,0.3333333432674408,0.0,0.0,0.0,0.3333333432674408,0.0,0.0,0.0,0.0,0.0,0.0,,,,,,,
-0.0022683334536850452,mappo,9.559891623212025e-06,-1.0484733581542969,0.00035568522840946984,2147.0,,,,,,,,,,,,,,0.0,,,,,0.010007955133914948,0.006666666828095913
,mappo,,,,2147.0,0.0,0.0,0.3333333432674408,0.0,0.0,0.0,0.3333333432674408,0.0,0.0,0.0,0.0,0.0,0.0,,,,,,,
0.010275709442794323,mappo,5.440871518658241e-06,-1.1688499450683594,0.00035538512837612543,2148.0,,,,,,,,,,,,,,0.0,,,,,0.010095370933413506,0.006666666828095913
,mappo,,,,2148.0,0.0,0.0,0.3333333432674408,0.0,0.0,0.0,0.3333333432674408,0.0,0.0,0.0,0.0,0.0,0.0,,,,,,,
0.001093246042728424,mappo,4.010572865809081e-06,-1.1072524785995483,0.000355085028342781,2149.0,,,,,,,,,,,,,,0.0,,,,,0.009919127449393272,0.006666666828095913
,mappo,,,,2149.0,0.0,0.0,0.3333333432674408,0.0,0.0,0.0,0.3333333432674408,0.0,0.0,0.0,0.0,0.0,0.0,,,,,,,
-0.01106916181743145,mappo,6.333068085950799e-06,-1.1067230701446533,0.0003547849283094365,2150.0,,,,,,,,,,,,,,0.0,,,,,0.009989485144615173,0.006666666828095913
,mappo,,,,2150.0,0.0,0.0,0.3333333432674408,0.0,0.0,0.0,0.3333333432674408,0.0,0.0,0.0,0.0,0.0,0.0,,,,,,,
0.0037744189612567425,mappo,7.740948603895959e-06,-1.1274313926696777,0.0003544848282760921,2151.0,,,,,,,,,,,,,,0.0,,,,,0.009970659390091896,0.006666666828095913
,mappo,,,,2151.0,0.0,0.0,0.3333333432674408,0.0,0.0,0.0,0.3333333432674408,0.0,0.0,0.0,0.0,0.0,0.0,,,,,,,
-0.009000061079859734,mappo,9.652237167756539e-06,-1.1123238801956177,0.0003541847282427476,2152.0,,,,,,,,,,,,,,0.0,,,,,0.009982248768210411,0.006666666828095913
,mappo,,,,2152.0,0.0,0.0,0.3333333432674408,0.0,0.0,0.0,0.3333333432674408,0.0,0.0,0.0,0.0,0.0,0.0,,,,,,,
0.001809420296922326,mappo,8.545678610971663e-06,-1.2188252210617065,0.0003538846282094032,2153.0,,,,,,,,,,,,,,0.0,,,,,0.01003748644143343,0.006666666828095913
,mappo,,,,2153.0,0.0,0.0,0.3333333432674408,0.0,0.0,0.0,0.3333333432674408,0.0,0.0,0.0,0.0,0.0,0.0,,,,,,,
-0.009776769205927849,mappo,3.167850081808865e-06,-1.0960363149642944,0.00035358452817605877,2154.0,,,,,,,,,,,,,,0.0,,,,,0.009928177110850811,0.006666666828095913
,mappo,,,,2154.0,0.0,0.0,0.3333333432674408,0.0,0.0,0.0,0.3333333432674408,0.0,0.0,0.0,0.0,0.0,0.0,,,,,,,
-0.008085188455879688,mappo,1.3214864338806365e-05,-1.0783095359802246,0.00035328442814271425,2155.0,,,,,,,,,,,,,,0.0,,,,,0.009941644966602325,0.006666666828095913
,mappo,,,,2155.0,0.0,0.0,0.3333333432674408,0.0,0.0,0.0,0.3333333432674408,0.0,0.0,0.0,0.0,0.0,0.0,,,,,,,
-0.007601405028253794,mappo,2.0374041923787445e-05,-1.038351058959961,0.00035298432810936984,2156.0,,,,,,,,,,,,,,0.0,,,,,0.010009310208261013,0.006666666828095913
,mappo,,,,2156.0,0.0,0.0,0.3333333432674408,0.0,0.0,0.0,0.3333333432674408,0.0,0.0,0.0,0.0,0.0,0.0,,,,,,,
-0.0063007902354002,mappo,2.1729629224864766e-05,-1.0911431312561035,0.00035268422807602543,2157.0,,,,,,,,,,,,,,0.0,,,,,0.010089028626680374,0.006666666828095913
,mappo,,,,2157.0,0.0,0.0,0.3333333432674408,0.0,0.0,0.0,0.3333333432674408,0.0,0.0,0.0,0.0,0.0,0.0,,,,,,,
-0.0022841175086796284,mappo,1.4244116755435243e-05,-1.047656774520874,0.0003523841280426809,2158.0,,,,,,,,,,,,,,0.0,,,,,0.010176424868404865,0.006666666828095913
,mappo,,,,2158.0,0.0,0.0,0.3333333432674408,0.0,0.0,0.0,0.3333333432674408,0.0,0.0,0.0,0.0,0.0,0.0,,,,,,,
-0.008566300384700298,mappo,2.3842323571443558e-05,-1.1638456583023071,0.0003520840280093365,2159.0,,,,,,,,,,,,,,0.0,,,,,0.010398663580417633,0.006666666828095913
,mappo,,,,2159.0,0.0,0.0,0.3333333432674408,0.0,0.0,0.0,0.3333333432674408,0.0,0.0,0.0,0.0,0.0,0.0,,,,,,,
0.0028927193488925695,mappo,1.210991194966482e-05,-1.1248550415039062,0.000351783927975992,2160.0,,,,,,,,,,,,,,0.0,,,,,0.010170673951506615,0.006666666828095913
,mappo,,,,2160.0,0.0,0.0,0.3333333432674408,0.0,0.0,0.0,0.3333333432674408,0.0,0.0,0.0,0.0,0.0,0.0,,,,,,,
0.003315581474453211,mappo,1.0775729606393725e-05,-1.1774488687515259,0.0003514838279426476,2161.0,,,,,,,,,,,,,,0.0,,,,,0.010271133854985237,0.006666666828095913
,mappo,,,,2161.0,0.0,0.0,0.3333333432674408,0.0,0.0,0.0,0.3333333432674408,0.0,0.0,0.0,0.0,0.0,0.0,,,,,,,
-0.006382056977599859,mappo,1.4069634744373616e-05,-1.1267372369766235,0.0003511837279093032,2162.0,,,,,,,,,,,,,,0.0,,,,,0.010167472064495087,0.006666666828095913
,mappo,,,,2162.0,0.0,0.0,0.3333333432674408,0.0,0.0,0.0,0.3333333432674408,0.0,0.0,0.0,0.0,0.0,0.0,,,,,,,
-0.0011807848932221532,mappo,1.3855436009180266e-05,-1.2122174501419067,0.00035088362787595866,2163.0,,,,,,,,,,,,,,0.0,,,,,0.01022102776914835,0.006666666828095913
,mappo,,,,2163.0,0.0,0.0,0.3333333432674408,0.0,0.0,0.0,0.3333333432674408,0.0,0.0,0.0,0.0,0.0,0.0,,,,,,,
-0.008616120554506779,mappo,1.260433145944262e-05,-1.1243946552276611,0.00035058352784261425,2164.0,,,,,,,,,,,,,,0.0,,,,,0.010145776905119419,0.006666666828095913
,mappo,,,,2164.0,0.0,0.0,0.3333333432674408,0.0,0.0,0.0,0.3333333432674408,0.0,0.0,0.0,0.0,0.0,0.0,,,,,,,
-0.009463202208280563,mappo,1.39114717967459e-05,-1.11416757106781,0.00035028342780926984,2165.0,,,,,,,,,,,,,,0.0,,,,,0.010219558142125607,0.006666666828095913
,mappo,,,,2165.0,0.0,0.0,0.3333333432674408,0.0,0.0,0.0,0.3333333432674408,0.0,0.0,0.0,0.0,0.0,0.0,,,,,,,
0.006179825868457556,mappo,7.41206622478785e-06,-1.2215478420257568,0.0003499833277759253,2166.0,,,,,,,,,,,,,,0.0,,,,,0.01018637977540493,0.006666666828095913
,mappo,,,,2166.0,0.0,0.0,0.3333333432674408,0.0,0.0,0.0,0.3333333432674408,0.0,0.0,0.0,0.0,0.0,0.0,,,,,,,
0.008745454251766205,mappo,7.845059371902607e-06,-1.1163008213043213,0.0003496832277425809,2167.0,,,,,,,,,,,,,,0.0,,,,,0.010252164676785469,0.006666666828095913
,mappo,,,,2167.0,0.0,0.0,0.3333333432674408,0.0,0.0,0.0,0.3333333432674408,0.0,0.0,0.0,0.0,0.0,0.0,,,,,,,
-0.004432291723787785,mappo,5.873012923984788e-06,-1.1495288610458374,0.0003493831277092365,2168.0,,,,,,,,,,,,,,0.0,,,,,0.010116854682564735,0.006666666828095913
,mappo,,,,2168.0,0.0,0.0,0.3333333432674408,0.0,0.0,0.0,0.3333333432674408,0.0,0.0,0.0,0.0,0.0,0.0,,,,,,,
-0.007765692658722401,mappo,6.2388098740484565e-06,-1.1316642761230469,0.000349083027675892,2169.0,,,,,,,,,,,,,,0.0,,,,,0.010172617621719837,0.006666666828095913
,mappo,,,,2169.0,0.0,0.0,0.3333333432674408,0.0,0.0,0.0,0.3333333432674408,0.0,0.0,0.0,0.0,0.0,0.0,,,,,,,
0.07710187137126923,mappo,2.4244041014753748e-06,-1.1675174236297607,0.0003487829276425476,2170.0,,,,,,,,,,,,,,0.0,,,,,0.010047242045402527,0.006666666828095913
,mappo,,,,2170.0,0.0,0.0,0.3333333432674408,0.0,0.0,0.0,0.3333333432674408,0.0,0.0,0.0,0.0,0.0,0.0,,,,,,,
0.008810807019472122,mappo,5.01161093779956e-06,-1.1397255659103394,0.00034848282760920307,2171.0,,,,,,,,,,,,,,0.0,,,,,0.010104643180966377,0.006666666828095913
,mappo,,,,2171.0,0.0,0.0,0.3333333432674408,0.0,0.0,0.0,0.3333333432674408,0.0,0.0,0.0,0.0,0.0,0.0,,,,,,,
-0.0003537953016348183,mappo,2.850691316780285e-06,-1.2181416749954224,0.00034818272757585866,2172.0,,,,,,,,,,,,,,0.0,,,,,0.010224629193544388,0.006666666828095913
,mappo,,,,2172.0,0.0,0.0,0.3333333432674408,0.0,0.0,0.0,0.3333333432674408,0.0,0.0,0.0,0.0,0.0,0.0,,,,,,,
-0.00333016156218946,mappo,4.598170562530868e-06,-1.1696343421936035,0.00034788262754251425,2173.0,,,,,,,,,,,,,,0.0,,,,,0.010489306412637234,0.006666666828095913
,mappo,,,,2173.0,0.0,0.0,0.3333333432674408,0.0,0.0,0.0,0.3333333432674408,0.0,0.0,0.0,0.0,0.0,0.0,,,,,,,
0.006260952912271023,mappo,2.9717120924033225e-06,-1.2114007472991943,0.00034758252750916973,2174.0,,,,,,,,,,,,,,0.0,,,,,0.010433442890644073,0.006666666828095913
,mappo,,,,2174.0,0.0,0.0,0.3333333432674408,0.0,0.0,0.0,0.3333333432674408,0.0,0.0,0.0,0.0,0.0,0.0,,,,,,,
0.0031527618411928415,mappo,7.488191386073595e-06,-1.3156003952026367,0.0003472824274758252,2175.0,,,,,,,,,,,,,,0.0,,,,,0.010421907529234886,0.006666666828095913
,mappo,,,,2175.0,0.0,0.0,0.3333333432674408,0.0,0.0,0.0,0.3333333432674408,0.0,0.0,0.0,0.0,0.0,0.0,,,,,,,
0.046236664056777954,mappo,1.0235493391519412e-05,-1.2208383083343506,0.0003469823274424809,2176.0,,,,,,,,,,,,,,0.0,,,,,0.010392040014266968,0.006666666828095913
,mappo,,,,2176.0,0.0,0.0,0.3333333432674408,0.0,0.0,0.0,0.3333333432674408,0.0,0.0,0.0,0.0,0.0,0.0,,,,,,,
-0.008510016836225986,mappo,2.049503927992191e-05,-1.3745696544647217,0.0003466822274091364,2177.0,,,,,,,,,,,,,,0.0,,,,,0.010606425814330578,0.006666666828095913
,mappo,,,,2177.0,0.0,0.0,0.3333333432674408,0.0,0.0,0.0,0.3333333432674408,0.0,0.0,0.0,0.0,0.0,0.0,,,,,,,
-0.009448577649891376,mappo,2.1149597159819677e-05,-1.3444408178329468,0.000346382127375792,2178.0,,,,,,,,,,,,,,0.0,,,,,0.010612906888127327,0.006666666828095913
,mappo,,,,2178.0,0.0,0.0,0.3333333432674408,0.0,0.0,0.0,0.3333333432674408,0.0,0.0,0.0,0.0,0.0,0.0,,,,,,,
-0.001098806387744844,mappo,1.071890346793225e-05,-1.2070432901382446,0.0003460820273424476,2179.0,,,,,,,,,,,,,,0.0,,,,,0.010164182633161545,0.006666666828095913
,mappo,,,,2179.0,0.0,0.0,0.3333333432674408,0.0,0.0,0.0,0.3333333432674408,0.0,0.0,0.0,0.0,0.0,0.0,,,,,,,
0.0027894657105207443,mappo,4.6951922740845475e-06,-1.1540676355361938,0.00034578192730910307,2180.0,,,,,,,,,,,,,,0.0,,,,,0.01026378944516182,0.006666666828095913
,mappo,,,,2180.0,0.0,0.0,0.3333333432674408,0.0,0.0,0.0,0.3333333432674408,0.0,0.0,0.0,0.0,0.0,0.0,,,,,,,
-0.005866708233952522,mappo,8.454048838757444e-06,-1.1653118133544922,0.00034548182727575866,2181.0,,,,,,,,,,,,,,0.0,,,,,0.01029895432293415,0.006666666828095913
,mappo,,,,2181.0,0.0,0.0,0.3333333432674408,0.0,0.0,0.0,0.3333333432674408,0.0,0.0,0.0,0.0,0.0,0.0,,,,,,,
0.0011353861773386598,mappo,3.0918590709916316e-06,-1.1493080854415894,0.00034518172724241414,2182.0,,,,,,,,,,,,,,0.0,,,,,0.010377926751971245,0.006666666828095913
,mappo,,,,2182.0,0.0,0.0,0.3333333432674408,0.0,0.0,0.0,0.3333333432674408,0.0,0.0,0.0,0.0,0.0,0.0,,,,,,,
-0.005360765382647514,mappo,1.1769353704949026e-06,-1.133271336555481,0.00034488162720906974,2183.0,,,,,,,,,,,,,,0.0,,,,,0.01028304360806942,0.006666666828095913
,mappo,,,,2183.0,0.0,0.0,0.3333333432674408,0.0,0.0,0.0,0.3333333432674408,0.0,0.0,0.0,0.0,0.0,0.0,,,,,,,
0.02856304496526718,mappo,3.610774911066983e-06,-1.0451480150222778,0.00034458152717572533,2184.0,,,,,,,,,,,,,,0.0,,,,,0.010230373591184616,0.006666666828095913
,mappo,,,,2184.0,0.0,0.0,0.3333333432674408,0.0,0.0,0.0,0.3333333432674408,0.0,0.0,0.0,0.0,0.0,0.0,,,,,,,
-0.0002741383505053818,mappo,1.5427630160047556e-06,-1.0943102836608887,0.0003442814271423808,2185.0,,,,,,,,,,,,,,0.0,,,,,0.010365166701376438,0.006666666828095913
,mappo,,,,2185.0,0.0,0.0,0.3333333432674408,0.0,0.0,0.0,0.3333333432674408,0.0,0.0,0.0,0.0,0.0,0.0,,,,,,,
-0.013015189208090305,mappo,2.1955600004730513e-06,-1.0922331809997559,0.0003439813271090363,2186.0,,,,,,,,,,,,,,0.0,,,,,0.010307343676686287,0.006666666828095913
,mappo,,,,2186.0,0.0,0.0,0.3333333432674408,0.0,0.0,0.0,0.3333333432674408,0.0,0.0,0.0,0.0,0.0,0.0,,,,,,,
-0.012113161385059357,mappo,2.7338764994055964e-06,-1.0711219310760498,0.000343681227075692,2187.0,,,,,,,,,,,,,,0.0,,,,,0.010358257219195366,0.006666666828095913
,mappo,,,,2187.0,0.0,0.0,0.3333333432674408,0.0,0.0,0.0,0.3333333432674408,0.0,0.0,0.0,0.0,0.0,0.0,,,,,,,
-0.008021634072065353,mappo,1.1974316294072196e-06,-1.0375499725341797,0.0003433811270423475,2188.0,,,,,,,,,,,,,,0.0,,,,,0.010507896542549133,0.006666666828095913
,mappo,,,,2188.0,0.0,0.0,0.3333333432674408,0.0,0.0,0.0,0.3333333432674408,0.0,0.0,0.0,0.0,0.0,0.0,,,,,,,
-0.009922615252435207,mappo,6.11928896887548e-07,-1.0189385414123535,0.00034308102700900307,2189.0,,,,,,,,,,,,,,0.0,,,,,0.010370766744017601,0.006666666828095913
,mappo,,,,2189.0,0.0,0.0,0.3333333432674408,0.0,0.0,0.0,0.3333333432674408,0.0,0.0,0.0,0.0,0.0,0.0,,,,,,,
4.95322747156024e-05,mappo,4.462542619876331e-06,-0.9145267009735107,0.00034278092697565855,2190.0,,,,,,,,,,,,,,0.0,,,,,0.010484777390956879,0.006666666828095913
,mappo,,,,2190.0,0.0,0.0,0.3333333432674408,0.0,0.0,0.0,0.3333333432674408,0.0,0.0,0.0,0.0,0.0,0.0,,,,,,,
0.04449011757969856,mappo,1.2344897868388216e-06,-0.9010003805160522,0.00034248082694231415,2191.0,,,,,,,,,,,,,,0.0,,,,,0.010599229484796524,0.006666666828095913
,mappo,,,,2191.0,0.0,0.0,0.3333333432674408,0.0,0.0,0.0,0.3333333432674408,0.0,0.0,0.0,0.0,0.0,0.0,,,,,,,
-0.01121426373720169,mappo,1.0005597687268164e-05,-1.0068002939224243,0.00034218072690896974,2192.0,,,,,,,,,,,,,,0.0,,,,,0.010343501344323158,0.006666666828095913
,mappo,,,,2192.0,0.0,0.0,0.3333333432674408,0.0,0.0,0.0,0.3333333432674408,0.0,0.0,0.0,0.0,0.0,0.0,,,,,,,
-0.0030499480199068785,mappo,3.4342076560278656e-06,-0.979324460029602,0.0003418806268756252,2193.0,,,,,,,,,,,,,,0.0,,,,,0.010417794808745384,0.006666666828095913
,mappo,,,,2193.0,0.0,0.0,0.3333333432674408,0.0,0.0,0.0,0.3333333432674408,0.0,0.0,0.0,0.0,0.0,0.0,,,,,,,
-0.011288784444332123,mappo,4.325298050389392e-06,-0.9610661864280701,0.0003415805268422808,2194.0,,,,,,,,,,,,,,0.0,,,,,0.010436705313622952,0.006666666828095913
,mappo,,,,2194.0,0.0,0.0,0.3333333432674408,0.0,0.0,0.0,0.3333333432674408,0.0,0.0,0.0,0.0,0.0,0.0,,,,,,,
-0.0092164883390069,mappo,6.737577677995432e-06,-0.9006602168083191,0.0003412804268089364,2195.0,,,,,,,,,,,,,,0.0,,,,,0.010238482616841793,0.006666666828095913
,mappo,,,,2195.0,0.0,0.0,0.3333333432674408,0.0,0.0,0.0,0.3333333432674408,0.0,0.0,0.0,0.0,0.0,0.0,,,,,,,
-0.016886232420802116,mappo,4.204342076263856e-06,-0.9525201320648193,0.0003409803267755919,2196.0,,,,,,,,,,,,,,0.0,,,,,0.010442230850458145,0.006666666828095913
,mappo,,,,2196.0,0.0,0.0,0.3333333432674408,0.0,0.0,0.0,0.3333333432674408,0.0,0.0,0.0,0.0,0.0,0.0,,,,,,,
0.026019427925348282,mappo,4.0694653762329835e-06,-0.8737905025482178,0.00034068022674224737,2197.0,,,,,,,,,,,,,,0.0,,,,,0.010309496894478798,0.006666666828095913
,mappo,,,,2197.0,0.0,0.0,0.3333333432674408,0.0,0.0,0.0,0.3333333432674408,0.0,0.0,0.0,0.0,0.0,0.0,,,,,,,
0.04559245705604553,mappo,6.496414243883919e-06,-0.9293942451477051,0.00034038012670890307,2198.0,,,,,,,,,,,,,,0.0,,,,,0.010394820012152195,0.006666666828095913
,mappo,,,,2198.0,0.0,0.0,0.3333333432674408,0.0,0.0,0.0,0.3333333432674408,0.0,0.0,0.0,0.0,0.0,0.0,,,,,,,
-0.022260071709752083,mappo,3.634169388533337e-06,-0.8940061330795288,0.00034008002667555855,2199.0,,,,,,,,,,,,,,0.0,,,,,0.010460935533046722,0.006666666828095913
,mappo,,,,2199.0,0.0,0.0,0.3333333432674408,0.0,0.0,0.0,0.3333333432674408,0.0,0.0,0.0,0.0,0.0,0.0,,,,,,,
,mappo,,,,2199.0,,,,,,,,,,,,,,,0.0,0.0,0.3333333432674408,0.0,,
-0.0008626683847978711,mappo,3.847329935524613e-06,-0.8402026295661926,0.00033977992664221415,2200.0,,,,,,,,,,,,,,0.0,,,,,0.010580731555819511,0.006666666828095913
,mappo,,,,2200.0,0.0,0.0,0.3333333432674408,0.0,0.0,0.0,0.3333333432674408,0.0,0.0,0.0,0.0,0.0,0.0,,,,,,,
0.01775108091533184,mappo,2.455610001561581e-06,-0.802891194820404,0.00033947982660886963,2201.0,,,,,,,,,,,,,,0.0,,,,,0.010602613911032677,0.006666666828095913
,mappo,,,,2201.0,0.0,0.0,0.3333333432674408,0.0,0.0,0.0,0.3333333432674408,0.0,0.0,0.0,0.0,0.0,0.0,,,,,,,
-0.007017933297902346,mappo,3.3875101053126855e-06,-0.7414472699165344,0.0003391797265755252,2202.0,,,,,,,,,,,,,,0.0,,,,,0.010855778120458126,0.006666666828095913
,mappo,,,,2202.0,0.0,0.0,0.3333333432674408,0.0,0.0,0.0,0.3333333432674408,0.0,0.0,0.0,0.0,0.0,0.0,,,,,,,
-0.0012651421129703522,mappo,1.664365413489577e-06,-0.7150755524635315,0.0003388796265421808,2203.0,,,,,,,,,,,,,,0.0,,,,,0.010881610214710236,0.006666666828095913
,mappo,,,,2203.0,0.0,0.0,0.3333333432674408,0.0,0.0,0.0,0.3333333432674408,0.0,0.0,0.0,0.0,0.0,0.0,,,,,,,
0.07279312610626221,mappo,2.772199195533176e-06,-0.7042510509490967,0.0003385795265088363,2204.0,,,,,,,,,,,,,,0.0,,,,,0.010865053161978722,0.006666666828095913
,mappo,,,,2204.0,0.0,0.0,0.3333333432674408,0.0,0.0,0.0,0.3333333432674408,0.0,0.0,0.0,0.0,0.0,0.0,,,,,,,
0.016955355182290077,mappo,0.0026020132936537266,-1.601772427558899,0.0003382794264754918,2205.0,,,,,,,,,,,,,,0.0,,,,,0.012360302731394768,0.0
,mappo,,,,2205.0,0.0,0.0,0.0,0.0,0.0,0.0,0.0,0.0,0.0,0.0,0.0,0.0,0.0,,,,,,,
0.027373600751161575,mappo,0.0007697178516536951,-0.7203971743583679,0.0003379793264421475,2206.0,,,,,,,,,,,,,,0.0,,,,,0.01063290610909462,0.006666666828095913
,mappo,,,,2206.0,0.0,0.0,0.3333333432674408,0.0,0.0,0.0,0.3333333432674408,0.0,0.0,0.0,0.0,0.0,0.0,,,,,,,
0.07142581045627594,mappo,0.0008280936744995415,-0.7900493144989014,0.00033767922640880296,2207.0,,,,,,,,,,,,,,0.0,,,,,0.01063717994838953,0.006666666828095913
,mappo,,,,2207.0,0.0,0.0,0.3333333432674408,0.0,0.0,0.0,0.3333333432674408,0.0,0.0,0.0,0.0,0.0,0.0,,,,,,,
0.012185230851173401,mappo,0.0008215584675781429,-0.8114319443702698,0.00033737912637545845,2208.0,,,,,,,,,,,,,,0.0,,,,,0.011056569404900074,0.006666666828095913
,mappo,,,,2208.0,0.0,0.0,0.3333333432674408,0.0,0.0,0.0,0.3333333432674408,0.0,0.0,0.0,0.0,0.0,0.0,,,,,,,
0.003387967124581337,mappo,0.00036297686165198684,-0.6821353435516357,0.00033707902634211415,2209.0,,,,,,,,,,,,,,0.0,,,,,0.010883371345698833,0.006666666828095913
,mappo,,,,2209.0,0.0,0.0,0.3333333432674408,0.0,0.0,0.0,0.3333333432674408,0.0,0.0,0.0,0.0,0.0,0.0,,,,,,,
0.018192684277892113,mappo,0.0030746927950531244,-1.5706568956375122,0.00033677892630876963,2210.0,,,,,,,,,,,,,,0.0,,,,,0.012378568761050701,0.0
,mappo,,,,2210.0,0.0,0.0,0.0,0.0,0.0,0.0,0.0,0.0,0.0,0.0,0.0,0.0,0.0,,,,,,,
0.15562306344509125,mappo,0.002090147230774164,-1.5711669921875,0.0003364788262754252,2211.0,,,,,,,,,,,,,,0.0,,,,,0.01231011189520359,0.0
,mappo,,,,2211.0,0.0,0.0,0.0,0.0,0.0,0.0,0.0,0.0,0.0,0.0,0.0,0.0,0.0,,,,,,,
0.008411719463765621,mappo,0.00096021598437801,-0.7373120188713074,0.0003361787262420807,2212.0,,,,,,,,,,,,,,0.0,,,,,0.010601365938782692,0.006666666828095913
,mappo,,,,2212.0,0.0,0.0,0.3333333432674408,0.0,0.0,0.0,0.3333333432674408,0.0,0.0,0.0,0.0,0.0,0.0,,,,,,,
-0.00043540773913264275,mappo,0.0008072725613601506,-0.7563551664352417,0.0003358786262087363,2213.0,,,,,,,,,,,,,,0.0,,,,,0.010535914450883865,0.006666666828095913
,mappo,,,,2213.0,0.0,0.0,0.3333333432674408,0.0,0.0,0.0,0.3333333432674408,0.0,0.0,0.0,0.0,0.0,0.0,,,,,,,
-0.006973789539188147,mappo,0.0006486470228992403,-0.8164300918579102,0.0003355785261753919,2214.0,,,,,,,,,,,,,,0.0,,,,,0.010422004386782646,0.006666666828095913
,mappo,,,,2214.0,0.0,0.0,0.3333333432674408,0.0,0.0,0.0,0.3333333432674408,0.0,0.0,0.0,0.0,0.0,0.0,,,,,,,
0.0007659645052626729,mappo,0.0005196771235205233,-0.8907278180122375,0.0003352784261420474,2215.0,,,,,,,,,,,,,,0.0,,,,,0.010722186416387558,0.006666666828095913
,mappo,,,,2215.0,0.0,0.0,0.3333333432674408,0.0,0.0,0.0,0.3333333432674408,0.0,0.0,0.0,0.0,0.0,0.0,,,,,,,
0.07468648999929428,mappo,0.0002246863441541791,-0.8284302949905396,0.00033497832610870286,2216.0,,,,,,,,,,,,,,0.0,,,,,0.010619035921990871,0.006666666828095913
,mappo,,,,2216.0,0.0,0.0,0.3333333432674408,0.0,0.0,0.0,0.3333333432674408,0.0,0.0,0.0,0.0,0.0,0.0,,,,,,,
0.19683946669101715,mappo,0.003257584059610963,-1.7995001077651978,0.00033467822607535856,2217.0,,,,,,,,,,,,,,0.0,,,,,0.012096447870135307,0.0
,mappo,,,,2217.0,0.0,0.0,0.0,0.0,0.0,0.0,0.0,0.0,0.0,0.0,0.0,0.0,0.0,,,,,,,
0.005454909987747669,mappo,0.00024226680397987366,-0.8472231030464172,0.00033437812604201404,2218.0,,,,,,,,,,,,,,0.0,,,,,0.01044304110109806,0.006666666828095913
,mappo,,,,2218.0,0.0,0.0,0.3333333432674408,0.0,0.0,0.0,0.3333333432674408,0.0,0.0,0.0,0.0,0.0,0.0,,,,,,,
0.01666712574660778,mappo,0.00012794889335054904,-0.7659245729446411,0.0003340780260086695,2219.0,,,,,,,,,,,,,,0.0,,,,,0.010419584810733795,0.006666666828095913
,mappo,,,,2219.0,0.0,0.0,0.3333333432674408,0.0,0.0,0.0,0.3333333432674408,0.0,0.0,0.0,0.0,0.0,0.0,,,,,,,
0.1004270687699318,mappo,8.288695244118571e-05,-0.845176637172699,0.0003337779259753251,2220.0,,,,,,,,,,,,,,0.0,,,,,0.010449940338730812,0.006666666828095913
,mappo,,,,2220.0,0.0,0.0,0.3333333432674408,0.0,0.0,0.0,0.3333333432674408,0.0,0.0,0.0,0.0,0.0,0.0,,,,,,,
-0.003791633527725935,mappo,2.274911639688071e-05,-0.795712411403656,0.0003334778259419807,2221.0,,,,,,,,,,,,,,0.0,,,,,0.010322424583137035,0.006666666828095913
,mappo,,,,2221.0,0.0,0.0,0.3333333432674408,0.0,0.0,0.0,0.3333333432674408,0.0,0.0,0.0,0.0,0.0,0.0,,,,,,,
0.004779745824635029,mappo,1.7674261471256614e-05,-0.8900216817855835,0.0003331777259086363,2222.0,,,,,,,,,,,,,,0.0,,,,,0.01052016019821167,0.006666666828095913
,mappo,,,,2222.0,0.0,0.0,0.3333333432674408,0.0,0.0,0.0,0.3333333432674408,0.0,0.0,0.0,0.0,0.0,0.0,,,,,,,
0.009228031150996685,mappo,1.3834617675456684e-05,-0.8298244476318359,0.0003328776258752918,2223.0,,,,,,,,,,,,,,0.0,,,,,0.010509079322218895,0.006666666828095913
,mappo,,,,2223.0,0.0,0.0,0.3333333432674408,0.0,0.0,0.0,0.3333333432674408,0.0,0.0,0.0,0.0,0.0,0.0,,,,,,,
0.0027306973934173584,mappo,3.21166698995512e-05,-0.8270527124404907,0.0003325775258419474,2224.0,,,,,,,,,,,,,,0.0,,,,,0.010435070842504501,0.006666666828095913
,mappo,,,,2224.0,0.0,0.0,0.3333333432674408,0.0,0.0,0.0,0.3333333432674408,0.0,0.0,0.0,0.0,0.0,0.0,,,,,,,
-0.007030563894659281,mappo,4.281685687601566e-05,-0.802706778049469,0.00033227742580860297,2225.0,,,,,,,,,,,,,,0.0,,,,,0.01050504483282566,0.006666666828095913
,mappo,,,,2225.0,0.0,0.0,0.3333333432674408,0.0,0.0,0.0,0.3333333432674408,0.0,0.0,0.0,0.0,0.0,0.0,,,,,,,
0.02792517840862274,mappo,4.55008412245661e-05,-0.7777549624443054,0.00033197732577525845,2226.0,,,,,,,,,,,,,,0.0,,,,,0.010574564337730408,0.006666666828095913
,mappo,,,,2226.0,0.0,0.0,0.3333333432674408,0.0,0.0,0.0,0.3333333432674408,0.0,0.0,0.0,0.0,0.0,0.0,,,,,,,
0.03366435691714287,mappo,4.23783712903969e-05,-0.7934049367904663,0.00033167722574191393,2227.0,,,,,,,,,,,,,,0.0,,,,,0.010477060452103615,0.006666666828095913
,mappo,,,,2227.0,0.0,0.0,0.3333333432674408,0.0,0.0,0.0,0.3333333432674408,0.0,0.0,0.0,0.0,0.0,0.0,,,,,,,
-0.011203847825527191,mappo,2.9133050702512264e-05,-0.7650167942047119,0.00033137712570856963,2228.0,,,,,,,,,,,,,,0.0,,,,,0.010502364486455917,0.006666666828095913
,mappo,,,,2228.0,0.0,0.0,0.3333333432674408,0.0,0.0,0.0,0.3333333432674408,0.0,0.0,0.0,0.0,0.0,0.0,,,,,,,
-0.007637394592165947,mappo,1.8606468074722216e-05,-0.7399508953094482,0.0003310770256752251,2229.0,,,,,,,,,,,,,,0.0,,,,,0.010541115887463093,0.006666666828095913
,mappo,,,,2229.0,0.0,0.0,0.3333333432674408,0.0,0.0,0.0,0.3333333432674408,0.0,0.0,0.0,0.0,0.0,0.0,,,,,,,
-0.006169249769300222,mappo,1.3558302271121647e-05,-0.6760739088058472,0.0003307769256418806,2230.0,,,,,,,,,,,,,,0.0,,,,,0.010599574074149132,0.006666666828095913
,mappo,,,,2230.0,0.0,0.0,0.3333333432674408,0.0,0.0,0.0,0.3333333432674408,0.0,0.0,0.0,0.0,0.0,0.0,,,,,,,
-0.010748018510639668,mappo,9.993397725338582e-06,-0.7446405291557312,0.0003304768256085362,2231.0,,,,,,,,,,,,,,0.0,,,,,0.010631644167006016,0.006666666828095913
,mappo,,,,2231.0,0.0,0.0,0.3333333432674408,0.0,0.0,0.0,0.3333333432674408,0.0,0.0,0.0,0.0,0.0,0.0,,,,,,,
0.004413049668073654,mappo,5.203678028919967e-06,-0.6617832183837891,0.0003301767255751918,2232.0,,,,,,,,,,,,,,0.0,,,,,0.010421962477266788,0.006666666828095913
,mappo,,,,2232.0,0.0,0.0,0.3333333432674408,0.0,0.0,0.0,0.3333333432674408,0.0,0.0,0.0,0.0,0.0,0.0,,,,,,,
-0.009361321106553078,mappo,2.8925101105414797e-06,-0.6275720596313477,0.0003298766255418474,2233.0,,,,,,,,,,,,,,0.0,,,,,0.010743889957666397,0.006666666828095913
,mappo,,,,2233.0,0.0,0.0,0.3333333432674408,0.0,0.0,0.0,0.3333333432674408,0.0,0.0,0.0,0.0,0.0,0.0,,,,,,,
-0.011502227745950222,mappo,2.3796378627594095e-06,-0.6295442581176758,0.00032957652550850286,2234.0,,,,,,,,,,,,,,0.0,,,,,0.010451678186655045,0.006666666828095913
,mappo,,,,2234.0,0.0,0.0,0.3333333432674408,0.0,0.0,0.0,0.3333333432674408,0.0,0.0,0.0,0.0,0.0,0.0,,,,,,,
0.003203868167474866,mappo,2.843612492142711e-06,-0.6339005827903748,0.00032927642547515834,2235.0,,,,,,,,,,,,,,0.0,,,,,0.010488694533705711,0.006666666828095913
,mappo,,,,2235.0,0.0,0.0,0.3333333432674408,0.0,0.0,0.0,0.3333333432674408,0.0,0.0,0.0,0.0,0.0,0.0,,,,,,,
0.01830311492085457,mappo,1.5238514379234402e-06,-0.6243991851806641,0.00032897632544181404,2236.0,,,,,,,,,,,,,,0.0,,,,,0.010521924123167992,0.006666666828095913
,mappo,,,,2236.0,0.0,0.0,0.3333333432674408,0.0,0.0,0.0,0.3333333432674408,0.0,0.0,0.0,0.0,0.0,0.0,,,,,,,
-0.00910427700728178,mappo,1.1598083347053034e-06,-0.6415737271308899,0.0003286762254084695,2237.0,,,,,,,,,,,,,,0.0,,,,,0.010306283831596375,0.006666666828095913
,mappo,,,,2237.0,0.0,0.0,0.3333333432674408,0.0,0.0,0.0,0.3333333432674408,0.0,0.0,0.0,0.0,0.0,0.0,,,,,,,
1.9925704691559076e-05,mappo,1.0494571824892773e-06,-0.6707808971405029,0.000328376125375125,2238.0,,,,,,,,,,,,,,0.0,,,,,0.010438182391226292,0.006666666828095913
,mappo,,,,2238.0,0.0,0.0,0.3333333432674408,0.0,0.0,0.0,0.3333333432674408,0.0,0.0,0.0,0.0,0.0,0.0,,,,,,,
-0.0033870781771838665,mappo,7.386659035546472e-07,-0.7170839905738831,0.0003280760253417807,2239.0,,,,,,,,,,,,,,0.0,,,,,0.01021557953208685,0.006666666828095913
,mappo,,,,2239.0,0.0,0.0,0.3333333432674408,0.0,0.0,0.0,0.3333333432674408,0.0,0.0,0.0,0.0,0.0,0.0,,,,,,,
-0.011870143003761768,mappo,5.797162998533167e-07,-0.6973909735679626,0.0003277759253084362,2240.0,,,,,,,,,,,,,,0.0,,,,,0.010357042774558067,0.006666666828095913
,mappo,,,,2240.0,0.0,0.0,0.3333333432674408,0.0,0.0,0.0,0.3333333432674408,0.0,0.0,0.0,0.0,0.0,0.0,,,,,,,
0.005806577857583761,mappo,6.095281150919618e-06,-0.7265221476554871,0.0003274758252750917,2241.0,,,,,,,,,,,,,,0.0,,,,,0.010410327464342117,0.006666666828095913
,mappo,,,,2241.0,0.0,0.0,0.3333333432674408,0.0,0.0,0.0,0.3333333432674408,0.0,0.0,0.0,0.0,0.0,0.0,,,,,,,
-0.0028758984990417957,mappo,5.670395694323815e-06,-0.6950024366378784,0.00032717572524174727,2242.0,,,,,,,,,,,,,,0.0,,,,,0.010444779880344868,0.006666666828095913
,mappo,,,,2242.0,0.0,0.0,0.3333333432674408,0.0,0.0,0.0,0.3333333432674408,0.0,0.0,0.0,0.0,0.0,0.0,,,,,,,
-0.006723196245729923,mappo,2.0444229448912665e-05,-0.7208319306373596,0.00032687562520840286,2243.0,,,,,,,,,,,,,,0.0,,,,,0.010334990918636322,0.006666666828095913
,mappo,,,,2243.0,0.0,0.0,0.3333333432674408,0.0,0.0,0.0,0.3333333432674408,0.0,0.0,0.0,0.0,0.0,0.0,,,,,,,
-0.0032593118958175182,mappo,1.3212839803600218e-05,-0.7534491419792175,0.00032657552517505845,2244.0,,,,,,,,,,,,,,0.0,,,,,0.010296117514371872,0.006666666828095913
,mappo,,,,2244.0,0.0,0.0,0.3333333432674408,0.0,0.0,0.0,0.3333333432674408,0.0,0.0,0.0,0.0,0.0,0.0,,,,,,,
0.009723297320306301,mappo,1.0444485951666138e-06,-0.744357705116272,0.00032627542514171394,2245.0,,,,,,,,,,,,,,0.0,,,,,0.010401559993624687,0.006666666828095913
,mappo,,,,2245.0,0.0,0.0,0.3333333432674408,0.0,0.0,0.0,0.3333333432674408,0.0,0.0,0.0,0.0,0.0,0.0,,,,,,,
0.019705690443515778,mappo,1.5463004956473014e-06,-0.7762311100959778,0.0003259753251083694,2246.0,,,,,,,,,,,,,,0.0,,,,,0.01026238314807415,0.006666666828095913
,mappo,,,,2246.0,0.0,0.0,0.3333333432674408,0.0,0.0,0.0,0.3333333432674408,0.0,0.0,0.0,0.0,0.0,0.0,,,,,,,
-0.0011274165008217096,mappo,4.789693548445939e-07,-0.6946871876716614,0.0003256752250750251,2247.0,,,,,,,,,,,,,,0.0,,,,,0.010233651846647263,0.006666666828095913
,mappo,,,,2247.0,0.0,0.0,0.3333333432674408,0.0,0.0,0.0,0.3333333432674408,0.0,0.0,0.0,0.0,0.0,0.0,,,,,,,
0.001751621370203793,mappo,8.878436119630351e-07,-0.7465932965278625,0.0003253751250416806,2248.0,,,,,,,,,,,,,,0.0,,,,,0.010206717997789383,0.006666666828095913
,mappo,,,,2248.0,0.0,0.0,0.3333333432674408,0.0,0.0,0.0,0.3333333432674408,0.0,0.0,0.0,0.0,0.0,0.0,,,,,,,
0.00013218823005445302,mappo,7.197899662969576e-07,-0.6680909991264343,0.0003250750250083361,2249.0,,,,,,,,,,,,,,0.0,,,,,0.010163944214582443,0.006666666828095913
,mappo,,,,2249.0,0.0,0.0,0.3333333432674408,0.0,0.0,0.0,0.3333333432674408,0.0,0.0,0.0,0.0,0.0,0.0,,,,,,,
-0.011673849076032639,mappo,3.7938451669106144e-07,-0.6744025945663452,0.0003247749249749917,2250.0,,,,,,,,,,,,,,0.0,,,,,0.010193133726716042,0.006666666828095913
,mappo,,,,2250.0,0.0,0.0,0.3333333432674408,0.0,0.0,0.0,0.3333333432674408,0.0,0.0,0.0,0.0,0.0,0.0,,,,,,,
-0.012279304675757885,mappo,1.5378993794001872e-06,-0.7046874165534973,0.00032447482494164727,2251.0,,,,,,,,,,,,,,0.0,,,,,0.010087206959724426,0.006666666828095913
,mappo,,,,2251.0,0.0,0.0,0.3333333432674408,0.0,0.0,0.0,0.3333333432674408,0.0,0.0,0.0,0.0,0.0,0.0,,,,,,,
0.0010511934524402022,mappo,1.3027216709815548e-06,-0.7450399994850159,0.00032417472490830286,2252.0,,,,,,,,,,,,,,0.0,,,,,0.010225641541182995,0.006666666828095913
,mappo,,,,2252.0,0.0,0.0,0.3333333432674408,0.0,0.0,0.0,0.3333333432674408,0.0,0.0,0.0,0.0,0.0,0.0,,,,,,,
0.0004546897835098207,mappo,1.4375931414178922e-06,-0.7501440048217773,0.00032387462487495835,2253.0,,,,,,,,,,,,,,0.0,,,,,0.01012918259948492,0.006666666828095913
,mappo,,,,2253.0,0.0,0.0,0.3333333432674408,0.0,0.0,0.0,0.3333333432674408,0.0,0.0,0.0,0.0,0.0,0.0,,,,,,,
-0.01214468665421009,mappo,9.837677907853504e-07,-0.6579734086990356,0.00032357452484161394,2254.0,,,,,,,,,,,,,,0.0,,,,,0.010067297145724297,0.006666666828095913
,mappo,,,,2254.0,0.0,0.0,0.3333333432674408,0.0,0.0,0.0,0.3333333432674408,0.0,0.0,0.0,0.0,0.0,0.0,,,,,,,
-0.005773058161139488,mappo,4.055489171150839e-06,-0.7493094205856323,0.00032327442480826953,2255.0,,,,,,,,,,,,,,0.0,,,,,0.01003735139966011,0.006666666828095913
,mappo,,,,2255.0,0.0,0.0,0.3333333432674408,0.0,0.0,0.0,0.3333333432674408,0.0,0.0,0.0,0.0,0.0,0.0,,,,,,,
-0.01071272511035204,mappo,3.365684278833214e-06,-0.7399590015411377,0.000322974324774925,2256.0,,,,,,,,,,,,,,0.0,,,,,0.010106101632118225,0.006666666828095913
,mappo,,,,2256.0,0.0,0.0,0.3333333432674408,0.0,0.0,0.0,0.3333333432674408,0.0,0.0,0.0,0.0,0.0,0.0,,,,,,,
0.0009505797643214464,mappo,1.1869902891703532e-06,-0.6093671917915344,0.0003226742247415805,2257.0,,,,,,,,,,,,,,0.0,,,,,0.010045047849416733,0.006666666828095913
,mappo,,,,2257.0,0.0,0.0,0.3333333432674408,0.0,0.0,0.0,0.3333333432674408,0.0,0.0,0.0,0.0,0.0,0.0,,,,,,,
-0.012770671397447586,mappo,1.1943287745452835e-06,-0.6430349946022034,0.0003223741247082362,2258.0,,,,,,,,,,,,,,0.0,,,,,0.009933078661561012,0.006666666828095913
,mappo,,,,2258.0,0.0,0.0,0.3333333432674408,0.0,0.0,0.0,0.3333333432674408,0.0,0.0,0.0,0.0,0.0,0.0,,,,,,,
-0.0026235096156597137,mappo,5.850678803653864e-07,-0.6325492858886719,0.0003220740246748917,2259.0,,,,,,,,,,,,,,0.0,,,,,0.009907420724630356,0.006666666828095913
,mappo,,,,2259.0,0.0,0.0,0.3333333432674408,0.0,0.0,0.0,0.3333333432674408,0.0,0.0,0.0,0.0,0.0,0.0,,,,,,,
0.0024391389451920986,mappo,1.8137411643692758e-06,-0.719499945640564,0.00032177392464154716,2260.0,,,,,,,,,,,,,,0.0,,,,,0.010026255622506142,0.006666666828095913
,mappo,,,,2260.0,0.0,0.0,0.3333333432674408,0.0,0.0,0.0,0.3333333432674408,0.0,0.0,0.0,0.0,0.0,0.0,,,,,,,
0.003657682565972209,mappo,5.052443157183006e-07,-0.6639967560768127,0.00032147382460820276,2261.0,,,,,,,,,,,,,,0.0,,,,,0.010029930621385574,0.006666666828095913
,mappo,,,,2261.0,0.0,0.0,0.3333333432674408,0.0,0.0,0.0,0.3333333432674408,0.0,0.0,0.0,0.0,0.0,0.0,,,,,,,
0.0031997195910662413,mappo,1.438078811588639e-06,-0.7572264671325684,0.00032117372457485835,2262.0,,,,,,,,,,,,,,0.0,,,,,0.010091615840792656,0.006666666828095913
,mappo,,,,2262.0,0.0,0.0,0.3333333432674408,0.0,0.0,0.0,0.3333333432674408,0.0,0.0,0.0,0.0,0.0,0.0,,,,,,,
-0.01965000107884407,mappo,1.2553954320537741e-06,-0.744777500629425,0.00032087362454151394,2263.0,,,,,,,,,,,,,,0.0,,,,,0.009903845377266407,0.006666666828095913
,mappo,,,,2263.0,0.0,0.0,0.3333333432674408,0.0,0.0,0.0,0.3333333432674408,0.0,0.0,0.0,0.0,0.0,0.0,,,,,,,
-0.006783302873373032,mappo,1.5074303973960923e-06,-0.9244834184646606,0.0003205735245081694,2264.0,,,,,,,,,,,,,,0.0,,,,,0.01001740526407957,0.006666666828095913
,mappo,,,,2264.0,0.0,0.0,0.3333333432674408,0.0,0.0,0.0,0.3333333432674408,0.0,0.0,0.0,0.0,0.0,0.0,,,,,,,
0.06606055796146393,mappo,0.0021689296700060368,-1.5648412704467773,0.0003202734244748249,2265.0,,,,,,,,,,,,,,0.0,,,,,0.012532981112599373,0.0
,mappo,,,,2265.0,0.0,0.0,0.0,0.0,0.0,0.0,0.0,0.0,0.0,0.0,0.0,0.0,0.0,,,,,,,
0.0732535570859909,mappo,0.001505106221884489,-1.5985443592071533,0.0003199733244414806,2266.0,,,,,,,,,,,,,,0.0,,,,,0.012424815446138382,0.0
,mappo,,,,2266.0,0.0,0.0,0.0,0.0,0.0,0.0,0.0,0.0,0.0,0.0,0.0,0.0,0.0,,,,,,,
-0.010417845100164413,mappo,0.00022652398911304772,-0.9773451685905457,0.0003196732244081361,2267.0,,,,,,,,,,,,,,0.0,,,,,0.00996830128133297,0.006666666828095913
,mappo,,,,2267.0,0.0,0.0,0.3333333432674408,0.0,0.0,0.0,0.3333333432674408,0.0,0.0,0.0,0.0,0.0,0.0,,,,,,,
0.01735144853591919,mappo,0.000906055502127856,-1.6803185939788818,0.0003193731243747916,2268.0,,,,,,,,,,,,,,0.0,,,,,0.01253473199903965,0.0
,mappo,,,,2268.0,0.0,0.0,0.0,0.0,0.0,0.0,0.0,0.0,0.0,0.0,0.0,0.0,0.0,,,,,,,
0.005132691934704781,mappo,0.0007174584898166358,-1.095550775527954,0.0003190730243414473,2269.0,,,,,,,,,,,,,,0.0,,,,,0.010051621124148369,0.006666666828095913
,mappo,,,,2269.0,0.0,0.0,0.3333333432674408,0.0,0.0,0.0,0.3333333432674408,0.0,0.0,0.0,0.0,0.0,0.0,,,,,,,
-0.007286276202648878,mappo,0.0005200351006351411,-1.0495023727416992,0.00031877292430810276,2270.0,,,,,,,,,,,,,,0.0,,,,,0.009978333488106728,0.006666666828095913
,mappo,,,,2270.0,0.0,0.0,0.3333333432674408,0.0,0.0,0.0,0.3333333432674408,0.0,0.0,0.0,0.0,0.0,0.0,,,,,,,
-0.008870190009474754,mappo,0.00036040457780472934,-0.934719979763031,0.00031847282427475824,2271.0,,,,,,,,,,,,,,0.0,,,,,0.009976813569664955,0.006666666828095913
,mappo,,,,2271.0,0.0,0.0,0.3333333432674408,0.0,0.0,0.0,0.3333333432674408,0.0,0.0,0.0,0.0,0.0,0.0,,,,,,,
0.03506780043244362,mappo,0.00040057883597910404,-1.0307751893997192,0.00031817272424141383,2272.0,,,,,,,,,,,,,,0.0,,,,,0.010043867863714695,0.006666666828095913
,mappo,,,,2272.0,0.0,0.0,0.3333333432674408,0.0,0.0,0.0,0.3333333432674408,0.0,0.0,0.0,0.0,0.0,0.0,,,,,,,
0.004530118312686682,mappo,0.00031840824522078037,-1.0183507204055786,0.0003178726242080694,2273.0,,,,,,,,,,,,,,0.0,,,,,0.010008301585912704,0.006666666828095913
,mappo,,,,2273.0,0.0,0.0,0.3333333432674408,0.0,0.0,0.0,0.3333333432674408,0.0,0.0,0.0,0.0,0.0,0.0,,,,,,,
-0.011265866458415985,mappo,0.00022596075723413378,-0.9677152633666992,0.000317572524174725,2274.0,,,,,,,,,,,,,,0.0,,,,,0.010048985481262207,0.006666666828095913
,mappo,,,,2274.0,0.0,0.0,0.3333333432674408,0.0,0.0,0.0,0.3333333432674408,0.0,0.0,0.0,0.0,0.0,0.0,,,,,,,
0.007573915645480156,mappo,0.0001308254577452317,-0.8774735331535339,0.0003172724241413805,2275.0,,,,,,,,,,,,,,0.0,,,,,0.009960778057575226,0.006666666828095913
,mappo,,,,2275.0,0.0,0.0,0.3333333432674408,0.0,0.0,0.0,0.3333333432674408,0.0,0.0,0.0,0.0,0.0,0.0,,,,,,,
0.09466331452131271,mappo,0.0017388812266290188,-1.625586748123169,0.000316972324108036,2276.0,,,,,,,,,,,,,,0.0,,,,,0.012329524382948875,0.0
,mappo,,,,2276.0,0.0,0.0,0.0,0.0,0.0,0.0,0.0,0.0,0.0,0.0,0.0,0.0,0.0,,,,,,,
0.040475185960531235,mappo,0.00018923665629699826,-0.9488900899887085,0.0003166722240746917,2277.0,,,,,,,,,,,,,,0.0,,,,,0.010052371770143509,0.006666666828095913
,mappo,,,,2277.0,0.0,0.0,0.3333333432674408,0.0,0.0,0.0,0.3333333432674408,0.0,0.0,0.0,0.0,0.0,0.0,,,,,,,
-0.004329200834035873,mappo,0.0002061801205854863,-0.9475802779197693,0.00031637212404134717,2278.0,,,,,,,,,,,,,,0.0,,,,,0.010018421337008476,0.006666666828095913
,mappo,,,,2278.0,0.0,0.0,0.3333333432674408,0.0,0.0,0.0,0.3333333432674408,0.0,0.0,0.0,0.0,0.0,0.0,,,,,,,
-0.007192027755081654,mappo,0.0002110871282638982,-0.9378061890602112,0.00031607202400800265,2279.0,,,,,,,,,,,,,,0.0,,,,,0.01007351279258728,0.006666666828095913
,mappo,,,,2279.0,0.0,0.0,0.3333333432674408,0.0,0.0,0.0,0.3333333432674408,0.0,0.0,0.0,0.0,0.0,0.0,,,,,,,
-0.004999075550585985,mappo,0.00020548555767163634,-0.9357780814170837,0.00031577192397465824,2280.0,,,,,,,,,,,,,,0.0,,,,,0.010042289271950722,0.006666666828095913
,mappo,,,,2280.0,0.0,0.0,0.3333333432674408,0.0,0.0,0.0,0.3333333432674408,0.0,0.0,0.0,0.0,0.0,0.0,,,,,,,
-0.011288718320429325,mappo,0.00020395711180754006,-0.9803361892700195,0.00031547182394131383,2281.0,,,,,,,,,,,,,,0.0,,,,,0.01006388384848833,0.006666666828095913
,mappo,,,,2281.0,0.0,0.0,0.3333333432674408,0.0,0.0,0.0,0.3333333432674408,0.0,0.0,0.0,0.0,0.0,0.0,,,,,,,
-0.004264579154551029,mappo,0.00017899392696563154,-1.0173025131225586,0.0003151717239079693,2282.0,,,,,,,,,,,,,,0.0,,,,,0.010096225887537003,0.006666666828095913
,mappo,,,,2282.0,0.0,0.0,0.3333333432674408,0.0,0.0,0.0,0.3333333432674408,0.0,0.0,0.0,0.0,0.0,0.0,,,,,,,
-0.014341938309371471,mappo,0.00014411286974791437,-1.0653483867645264,0.0003148716238746249,2283.0,,,,,,,,,,,,,,0.0,,,,,0.01005510799586773,0.006666666828095913
,mappo,,,,2283.0,0.0,0.0,0.3333333432674408,0.0,0.0,0.0,0.3333333432674408,0.0,0.0,0.0,0.0,0.0,0.0,,,,,,,
0.0019415257265791297,mappo,0.00011712258856277913,-1.1070283651351929,0.0003145715238412805,2284.0,,,,,,,,,,,,,,0.0,,,,,0.00996605958789587,0.006666666828095913
,mappo,,,,2284.0,0.0,0.0,0.3333333432674408,0.0,0.0,0.0,0.3333333432674408,0.0,0.0,0.0,0.0,0.0,0.0,,,,,,,
0.017969509586691856,mappo,6.661100633209571e-05,-1.109590768814087,0.0003142714238079361,2285.0,,,,,,,,,,,,,,0.0,,,,,0.010086525231599808,0.006666666828095913
,mappo,,,,2285.0,0.0,0.0,0.3333333432674408,0.0,0.0,0.0,0.3333333432674408,0.0,0.0,0.0,0.0,0.0,0.0,,,,,,,
0.17479734122753143,mappo,0.0025447262451052666,-2.1316659450531006,0.0003139713237745916,2286.0,,,,,,,,,,,,,,0.0,,,,,0.013146617449820042,0.0
,mappo,,,,2286.0,0.0,0.0,0.0,0.0,0.0,0.0,0.0,0.0,0.0,0.0,0.0,0.0,0.0,,,,,,,
0.011070113629102707,mappo,0.0019316046964377165,-2.1587095260620117,0.00031367122374124706,2287.0,,,,,,,,,,,,,,0.0,,,,,0.013098735362291336,0.0
,mappo,,,,2287.0,0.0,0.0,0.0,0.0,0.0,0.0,0.0,0.0,0.0,0.0,0.0,0.0,0.0,,,,,,,
-0.004879332613199949,mappo,0.0003369491605553776,-1.1771241426467896,0.00031337112370790276,2288.0,,,,,,,,,,,,,,0.0,,,,,0.010106072761118412,0.006666666828095913
,mappo,,,,2288.0,0.0,0.0,0.3333333432674408,0.0,0.0,0.0,0.3333333432674408,0.0,0.0,0.0,0.0,0.0,0.0,,,,,,,
0.03438930958509445,mappo,0.00156738655641675,-2.2426185607910156,0.00031307102367455824,2289.0,,,,,,,,,,,,,,0.0,,,,,0.013099905103445053,0.0
,mappo,,,,2289.0,0.0,0.0,0.0,0.0,0.0,0.0,0.0,0.0,0.0,0.0,0.0,0.0,0.0,,,,,,,
0.024023815989494324,mappo,0.001304463716223836,-2.267463207244873,0.0003127709236412137,2290.0,,,,,,,,,,,,,,0.0,,,,,0.013146622106432915,0.0
,mappo,,,,2290.0,0.0,0.0,0.0,0.0,0.0,0.0,0.0,0.0,0.0,0.0,0.0,0.0,0.0,,,,,,,
0.015700971707701683,mappo,0.001048196922056377,-2.2453458309173584,0.0003124708236078693,2291.0,,,,,,,,,,,,,,0.0,,,,,0.01312011294066906,0.0
,mappo,,,,2291.0,0.0,0.0,0.0,0.0,0.0,0.0,0.0,0.0,0.0,0.0,0.0,0.0,0.0,,,,,,,
0.0034954408183693886,mappo,0.0007598608499392867,-2.224553108215332,0.0003121707235745249,2292.0,,,,,,,,,,,,,,0.0,,,,,0.013096807524561882,0.0
,mappo,,,,2292.0,0.0,0.0,0.0,0.0,0.0,0.0,0.0,0.0,0.0,0.0,0.0,0.0,0.0,,,,,,,
-0.008573084138333797,mappo,0.0004706071631517261,-2.1957361698150635,0.0003118706235411804,2293.0,,,,,,,,,,,,,,0.0,,,,,0.012967356480658054,0.0
,mappo,,,,2293.0,0.0,0.0,0.0,0.0,0.0,0.0,0.0,0.0,0.0,0.0,0.0,0.0,0.0,,,,,,,
0.12040344625711441,mappo,0.0018267800332978368,-1.1845293045043945,0.000311570523507836,2294.0,,,,,,,,,,,,,,0.0,,,,,0.010019754990935326,0.006666666828095913
,mappo,,,,2294.0,0.0,0.0,0.3333333432674408,0.0,0.0,0.0,0.3333333432674408,0.0,0.0,0.0,0.0,0.0,0.0,,,,,,,
0.006342465057969093,mappo,0.00025443441700190306,-2.296536922454834,0.00031127042347449147,2295.0,,,,,,,,,,,,,,0.0,,,,,0.013403365388512611,0.0
,mappo,,,,2295.0,0.0,0.0,0.0,0.0,0.0,0.0,0.0,0.0,0.0,0.0,0.0,0.0,0.0,,,,,,,
0.05000784248113632,mappo,0.00020463226246647537,-2.2823357582092285,0.00031097032344114717,2296.0,,,,,,,,,,,,,,0.0,,,,,0.013291344046592712,0.0
,mappo,,,,2296.0,0.0,0.0,0.0,0.0,0.0,0.0,0.0,0.0,0.0,0.0,0.0,0.0,0.0,,,,,,,
-0.00824885442852974,mappo,0.0020645547192543745,-1.157562255859375,0.00031067022340780265,2297.0,,,,,,,,,,,,,,0.0,,,,,0.01005276944488287,0.006666666828095913
,mappo,,,,2297.0,0.0,0.0,0.3333333432674408,0.0,0.0,0.0,0.3333333432674408,0.0,0.0,0.0,0.0,0.0,0.0,,,,,,,
0.011471323668956757,mappo,0.0016942323418334126,-1.1987508535385132,0.00031037012337445814,2298.0,,,,,,,,,,,,,,0.0,,,,,0.010098729282617569,0.006666666828095913
,mappo,,,,2298.0,0.0,0.0,0.3333333432674408,0.0,0.0,0.0,0.3333333432674408,0.0,0.0,0.0,0.0,0.0,0.0,,,,,,,
-0.011507448740303516,mappo,0.0012350224424153566,-1.0932447910308838,0.00031007002334111384,2299.0,,,,,,,,,,,,,,0.0,,,,,0.009995019994676113,0.006666666828095913
,mappo,,,,2299.0,0.0,0.0,0.3333333432674408,0.0,0.0,0.0,0.3333333432674408,0.0,0.0,0.0,0.0,0.0,0.0,,,,,,,
,mappo,,,,2299.0,,,,,,,,,,,,,,,0.0,0.0,0.3333333432674408,0.0,,
-0.01129992213100195,mappo,0.0009750308818183839,-1.1288224458694458,0.0003097699233077693,2300.0,,,,,,,,,,,,,,0.0,,,,,0.00999654270708561,0.006666666828095913
,mappo,,,,2300.0,0.0,0.0,0.3333333432674408,0.0,0.0,0.0,0.3333333432674408,0.0,0.0,0.0,0.0,0.0,0.0,,,,,,,
-0.004149040672928095,mappo,0.0007362058968283236,-1.1170090436935425,0.0003094698232744248,2301.0,,,,,,,,,,,,,,0.0,,,,,0.009908563457429409,0.006666666828095913
,mappo,,,,2301.0,0.0,0.0,0.3333333432674408,0.0,0.0,0.0,0.3333333432674408,0.0,0.0,0.0,0.0,0.0,0.0,,,,,,,
0.007515288889408112,mappo,0.0005314962472766638,-1.0851936340332031,0.0003091697232410804,2302.0,,,,,,,,,,,,,,0.0,,,,,0.009981737472116947,0.006666666828095913
,mappo,,,,2302.0,0.0,0.0,0.3333333432674408,0.0,0.0,0.0,0.3333333432674408,0.0,0.0,0.0,0.0,0.0,0.0,,,,,,,
-0.0006658623460680246,mappo,0.00039676460437476635,-1.1983836889266968,0.000308869623207736,2303.0,,,,,,,,,,,,,,0.0,,,,,0.010014563798904419,0.006666666828095913
,mappo,,,,2303.0,0.0,0.0,0.3333333432674408,0.0,0.0,0.0,0.3333333432674408,0.0,0.0,0.0,0.0,0.0,0.0,,,,,,,
0.006175930146127939,mappo,0.00013450966798700392,-1.0839635133743286,0.00030856952317439147,2304.0,,,,,,,,,,,,,,0.0,,,,,0.009928921237587929,0.006666666828095913
,mappo,,,,2304.0,0.0,0.0,0.3333333432674408,0.0,0.0,0.0,0.3333333432674408,0.0,0.0,0.0,0.0,0.0,0.0,,,,,,,
-0.0013514005113393068,mappo,4.28628918598406e-05,-1.078567624092102,0.00030826942314104706,2305.0,,,,,,,,,,,,,,0.0,,,,,0.009916959330439568,0.006666666828095913
,mappo,,,,2305.0,0.0,0.0,0.3333333432674408,0.0,0.0,0.0,0.3333333432674408,0.0,0.0,0.0,0.0,0.0,0.0,,,,,,,
-0.002248485805466771,mappo,1.3939930795459077e-05,-1.074760913848877,0.00030796932310770255,2306.0,,,,,,,,,,,,,,0.0,,,,,0.009945027530193329,0.006666666828095913
,mappo,,,,2306.0,0.0,0.0,0.3333333432674408,0.0,0.0,0.0,0.3333333432674408,0.0,0.0,0.0,0.0,0.0,0.0,,,,,,,
-0.010183998383581638,mappo,2.04646639758721e-05,-1.0615473985671997,0.00030766922307435825,2307.0,,,,,,,,,,,,,,0.0,,,,,0.009953141212463379,0.006666666828095913
,mappo,,,,2307.0,0.0,0.0,0.3333333432674408,0.0,0.0,0.0,0.3333333432674408,0.0,0.0,0.0,0.0,0.0,0.0,,,,,,,
0.003944749012589455,mappo,1.5797693777130917e-05,-1.0589700937271118,0.00030736912304101373,2308.0,,,,,,,,,,,,,,0.0,,,,,0.00992576777935028,0.006666666828095913
,mappo,,,,2308.0,0.0,0.0,0.3333333432674408,0.0,0.0,0.0,0.3333333432674408,0.0,0.0,0.0,0.0,0.0,0.0,,,,,,,
-0.009897512383759022,mappo,6.177423074404942e-06,-1.0456522703170776,0.0003070690230076692,2309.0,,,,,,,,,,,,,,0.0,,,,,0.00994843803346157,0.006666666828095913
,mappo,,,,2309.0,0.0,0.0,0.3333333432674408,0.0,0.0,0.0,0.3333333432674408,0.0,0.0,0.0,0.0,0.0,0.0,,,,,,,
0.00880223698914051,mappo,1.910323362608324e-06,-1.085233211517334,0.0003067689229743248,2310.0,,,,,,,,,,,,,,0.0,,,,,0.009987552650272846,0.006666666828095913
,mappo,,,,2310.0,0.0,0.0,0.3333333432674408,0.0,0.0,0.0,0.3333333432674408,0.0,0.0,0.0,0.0,0.0,0.0,,,,,,,
0.0011100033298134804,mappo,2.111819412675686e-06,-1.1023590564727783,0.0003064688229409804,2311.0,,,,,,,,,,,,,,0.0,,,,,0.009918199852108955,0.006666666828095913
,mappo,,,,2311.0,0.0,0.0,0.3333333432674408,0.0,0.0,0.0,0.3333333432674408,0.0,0.0,0.0,0.0,0.0,0.0,,,,,,,
0.08338835835456848,mappo,0.0004294029495213181,-2.2573165893554688,0.0003061687229076359,2312.0,,,,,,,,,,,,,,0.0,,,,,0.013251317664980888,0.0
,mappo,,,,2312.0,0.0,0.0,0.0,0.0,0.0,0.0,0.0,0.0,0.0,0.0,0.0,0.0,0.0,,,,,,,
-0.003142553847283125,mappo,2.9344973881961778e-05,-1.106543779373169,0.00030586862287429147,2313.0,,,,,,,,,,,,,,0.0,,,,,0.00995599664747715,0.006666666828095913
,mappo,,,,2313.0,0.0,0.0,0.3333333432674408,0.0,0.0,0.0,0.3333333432674408,0.0,0.0,0.0,0.0,0.0,0.0,,,,,,,
-0.010298915207386017,mappo,3.0924653401598334e-05,-1.086845874786377,0.00030556852284094706,2314.0,,,,,,,,,,,,,,0.0,,,,,0.009964385069906712,0.006666666828095913
,mappo,,,,2314.0,0.0,0.0,0.3333333432674408,0.0,0.0,0.0,0.3333333432674408,0.0,0.0,0.0,0.0,0.0,0.0,,,,,,,
0.010113104246556759,mappo,0.00023929151939228177,-2.253657579421997,0.00030526842280760255,2315.0,,,,,,,,,,,,,,0.0,,,,,0.013341186568140984,0.0
,mappo,,,,2315.0,0.0,0.0,0.0,0.0,0.0,0.0,0.0,0.0,0.0,0.0,0.0,0.0,0.0,,,,,,,
0.16285428404808044,mappo,0.00025305247982032597,-2.280636787414551,0.00030496832277425814,2316.0,,,,,,,,,,,,,,0.0,,,,,0.013303942047059536,0.0
,mappo,,,,2316.0,0.0,0.0,0.0,0.0,0.0,0.0,0.0,0.0,0.0,0.0,0.0,0.0,0.0,,,,,,,
0.17604686319828033,mappo,0.00022714286751579493,-2.329465627670288,0.0003046682227409136,2317.0,,,,,,,,,,,,,,0.0,,,,,0.013427872210741043,0.0
,mappo,,,,2317.0,0.0,0.0,0.0,0.0,0.0,0.0,0.0,0.0,0.0,0.0,0.0,0.0,0.0,,,,,,,
0.02340676449239254,mappo,0.00017746735829859972,-2.3718199729919434,0.0003043681227075693,2318.0,,,,,,,,,,,,,,0.0,,,,,0.013542396016418934,0.0
,mappo,,,,2318.0,0.0,0.0,0.0,0.0,0.0,0.0,0.0,0.0,0.0,0.0,0.0,0.0,0.0,,,,,,,
0.015062272548675537,mappo,8.858107321429998e-05,-2.3962228298187256,0.0003040680226742248,2319.0,,,,,,,,,,,,,,0.0,,,,,0.013458933681249619,0.0
,mappo,,,,2319.0,0.0,0.0,0.0,0.0,0.0,0.0,0.0,0.0,0.0,0.0,0.0,0.0,0.0,,,,,,,
0.01734490692615509,mappo,4.997587893740274e-05,-2.3943557739257812,0.0003037679226408803,2320.0,,,,,,,,,,,,,,0.0,,,,,0.013590741902589798,0.0
,mappo,,,,2320.0,0.0,0.0,0.0,0.0,0.0,0.0,0.0,0.0,0.0,0.0,0.0,0.0,0.0,,,,,,,
0.03046027570962906,mappo,5.852023241459392e-05,-2.359060525894165,0.0003034678226075359,2321.0,,,,,,,,,,,,,,0.0,,,,,0.01351044699549675,0.0
,mappo,,,,2321.0,0.0,0.0,0.0,0.0,0.0,0.0,0.0,0.0,0.0,0.0,0.0,0.0,0.0,,,,,,,
0.14114587008953094,mappo,2.7952990421908908e-05,-2.337411642074585,0.00030316772257419147,2322.0,,,,,,,,,,,,,,0.0,,,,,0.013492533937096596,0.0
,mappo,,,,2322.0,0.0,0.0,0.0,0.0,0.0,0.0,0.0,0.0,0.0,0.0,0.0,0.0,0.0,,,,,,,
0.06307762116193771,mappo,1.1054179594793823e-05,-2.323961019515991,0.00030286762254084696,2323.0,,,,,,,,,,,,,,0.0,,,,,0.013387368991971016,0.0
,mappo,,,,2323.0,0.0,0.0,0.0,0.0,0.0,0.0,0.0,0.0,0.0,0.0,0.0,0.0,0.0,,,,,,,
0.009367510676383972,mappo,9.650910214986652e-06,-2.3420610427856445,0.00030256752250750255,2324.0,,,,,,,,,,,,,,0.0,,,,,0.013495635241270065,0.0
,mappo,,,,2324.0,0.0,0.0,0.0,0.0,0.0,0.0,0.0,0.0,0.0,0.0,0.0,0.0,0.0,,,,,,,
0.14563588798046112,mappo,5.7261495385318995e-06,-2.3303840160369873,0.00030226742247415803,2325.0,,,,,,,,,,,,,,0.0,,,,,0.013416782021522522,0.0
,mappo,,,,2325.0,0.0,0.0,0.0,0.0,0.0,0.0,0.0,0.0,0.0,0.0,0.0,0.0,0.0,,,,,,,
0.08072143793106079,mappo,5.294733455230016e-06,-2.3078863620758057,0.0003019673224408136,2326.0,,,,,,,,,,,,,,0.0,,,,,0.013387535698711872,0.0
,mappo,,,,2326.0,0.0,0.0,0.0,0.0,0.0,0.0,0.0,0.0,0.0,0.0,0.0,0.0,0.0,,,,,,,
0.027408793568611145,mappo,2.5946224013750907e-06,-2.292278528213501,0.0003016672224074692,2327.0,,,,,,,,,,,,,,0.0,,,,,0.013320408761501312,0.0
,mappo,,,,2327.0,0.0,0.0,0.0,0.0,0.0,0.0,0.0,0.0,0.0,0.0,0.0,0.0,0.0,,,,,,,
-0.005406963638961315,mappo,0.008358237333595753,-1.176779866218567,0.0003013671223741247,2328.0,,,,,,,,,,,,,,0.0,,,,,0.010368233546614647,0.013333333656191826
,mappo,,,,2328.0,0.0,0.0,0.6666666865348816,0.0,0.0,0.0,0.6666666865348816,0.0,0.0,0.0,0.0,0.0,0.0,,,,,,,
0.021318068727850914,mappo,0.00056314910762012,-2.334394693374634,0.0003010670223407803,2329.0,,,,,,,,,,,,,,0.0,,,,,0.013326040469110012,0.0
,mappo,,,,2329.0,0.0,0.0,0.0,0.0,0.0,0.0,0.0,0.0,0.0,0.0,0.0,0.0,0.0,,,,,,,
0.03269415348768234,mappo,0.0004565395647659898,-2.329139471054077,0.0003007669223074359,2330.0,,,,,,,,,,,,,,0.0,,,,,0.013156109489500523,0.0
,mappo,,,,2330.0,0.0,0.0,0.0,0.0,0.0,0.0,0.0,0.0,0.0,0.0,0.0,0.0,0.0,,,,,,,
0.08729333430528641,mappo,0.00039779170765541494,-2.363717555999756,0.00030046682227409137,2331.0,,,,,,,,,,,,,,0.0,,,,,0.013259376399219036,0.0
,mappo,,,,2331.0,0.0,0.0,0.0,0.0,0.0,0.0,0.0,0.0,0.0,0.0,0.0,0.0,0.0,,,,,,,
0.010735143907368183,mappo,0.0003027658094651997,-2.369126796722412,0.00030016672224074696,2332.0,,,,,,,,,,,,,,0.0,,,,,0.013082688674330711,0.0
,mappo,,,,2332.0,0.0,0.0,0.0,0.0,0.0,0.0,0.0,0.0,0.0,0.0,0.0,0.0,0.0,,,,,,,
-0.005842667073011398,mappo,0.0002070465125143528,-2.3741455078125,0.00029986662220740255,2333.0,,,,,,,,,,,,,,0.0,,,,,0.013115380890667439,0.0
,mappo,,,,2333.0,0.0,0.0,0.0,0.0,0.0,0.0,0.0,0.0,0.0,0.0,0.0,0.0,0.0,,,,,,,
0.33049464225769043,mappo,0.00013463762297760695,-2.362154006958008,0.00029956652217405803,2334.0,,,,,,,,,,,,,,0.0,,,,,0.012996232137084007,0.0
,mappo,,,,2334.0,0.0,0.0,0.0,0.0,0.0,0.0,0.0,0.0,0.0,0.0,0.0,0.0,0.0,,,,,,,
0.05906260386109352,mappo,7.460609776899219e-05,-2.3752615451812744,0.0002992664221407136,2335.0,,,,,,,,,,,,,,0.0,,,,,0.012905826792120934,0.0
,mappo,,,,2335.0,0.0,0.0,0.0,0.0,0.0,0.0,0.0,0.0,0.0,0.0,0.0,0.0,0.0,,,,,,,
0.04815934970974922,mappo,2.5733517759363167e-05,-2.4004814624786377,0.0002989663221073691,2336.0,,,,,,,,,,,,,,0.0,,,,,0.012989595532417297,0.0
,mappo,,,,2336.0,0.0,0.0,0.0,0.0,0.0,0.0,0.0,0.0,0.0,0.0,0.0,0.0,0.0,,,,,,,
0.04836650937795639,mappo,8.713635907042772e-06,-2.391026496887207,0.0002986662220740247,2337.0,,,,,,,,,,,,,,0.0,,,,,0.012786027044057846,0.0
,mappo,,,,2337.0,0.0,0.0,0.0,0.0,0.0,0.0,0.0,0.0,0.0,0.0,0.0,0.0,0.0,,,,,,,
0.01846790313720703,mappo,9.186532224703114e-06,-2.4101788997650146,0.0002983661220406803,2338.0,,,,,,,,,,,,,,0.0,,,,,0.012929843738675117,0.0
,mappo,,,,2338.0,0.0,0.0,0.0,0.0,0.0,0.0,0.0,0.0,0.0,0.0,0.0,0.0,0.0,,,,,,,
-0.008988253772258759,mappo,0.007380589377135038,-1.3362239599227905,0.0002980660220073358,2339.0,,,,,,,,,,,,,,0.0,,,,,0.010029377415776253,0.006666666828095913
,mappo,,,,2339.0,0.0,0.0,0.3333333432674408,0.0,0.0,0.0,0.3333333432674408,0.0,0.0,0.0,0.0,0.0,0.0,,,,,,,
0.026539236307144165,mappo,0.00016453136049676687,-2.4348630905151367,0.00029776592197399137,2340.0,,,,,,,,,,,,,,0.0,,,,,0.012925113551318645,0.0
,mappo,,,,2340.0,0.0,0.0,0.0,0.0,0.0,0.0,0.0,0.0,0.0,0.0,0.0,0.0,0.0,,,,,,,
0.031360361725091934,mappo,0.00013103155652061105,-2.448294162750244,0.00029746582194064696,2341.0,,,,,,,,,,,,,,0.0,,,,,0.012886187061667442,0.0
,mappo,,,,2341.0,0.0,0.0,0.0,0.0,0.0,0.0,0.0,0.0,0.0,0.0,0.0,0.0,0.0,,,,,,,
0.05076230317354202,mappo,0.0001412623969372362,-2.4542007446289062,0.00029716572190730244,2342.0,,,,,,,,,,,,,,0.0,,,,,0.012901516631245613,0.0
,mappo,,,,2342.0,0.0,0.0,0.0,0.0,0.0,0.0,0.0,0.0,0.0,0.0,0.0,0.0,0.0,,,,,,,
-0.007575881201773882,mappo,0.0060796053148806095,-1.3461238145828247,0.00029686562187395803,2343.0,,,,,,,,,,,,,,0.0,,,,,0.010025182738900185,0.006666666828095913
,mappo,,,,2343.0,0.0,0.0,0.3333333432674408,0.0,0.0,0.0,0.3333333432674408,0.0,0.0,0.0,0.0,0.0,0.0,,,,,,,
0.12737363576889038,mappo,0.000322171748848632,-2.5083868503570557,0.0002965655218406135,2344.0,,,,,,,,,,,,,,0.0,,,,,0.01291520893573761,0.0
,mappo,,,,2344.0,0.0,0.0,0.0,0.0,0.0,0.0,0.0,0.0,0.0,0.0,0.0,0.0,0.0,,,,,,,
0.3681303560733795,mappo,0.0002827337884809822,-2.529778003692627,0.0002962654218072691,2345.0,,,,,,,,,,,,,,0.0,,,,,0.012965948320925236,0.0
,mappo,,,,2345.0,0.0,0.0,0.0,0.0,0.0,0.0,0.0,0.0,0.0,0.0,0.0,0.0,0.0,,,,,,,
0.15436404943466187,mappo,0.00026946034631691873,-2.4932034015655518,0.0002959653217739247,2346.0,,,,,,,,,,,,,,0.0,,,,,0.012769145891070366,0.0
,mappo,,,,2346.0,0.0,0.0,0.0,0.0,0.0,0.0,0.0,0.0,0.0,0.0,0.0,0.0,0.0,,,,,,,
0.30246514081954956,mappo,0.00024027656763792038,-2.4970662593841553,0.0002956652217405802,2347.0,,,,,,,,,,,,,,0.0,,,,,0.012754764407873154,0.0
,mappo,,,,2347.0,0.0,0.0,0.0,0.0,0.0,0.0,0.0,0.0,0.0,0.0,0.0,0.0,0.0,,,,,,,
0.2194715142250061,mappo,0.0001907284022308886,-2.467494249343872,0.0002953651217072358,2348.0,,,,,,,,,,,,,,0.0,,,,,0.012682131491601467,0.0
,mappo,,,,2348.0,0.0,0.0,0.0,0.0,0.0,0.0,0.0,0.0,0.0,0.0,0.0,0.0,0.0,,,,,,,
0.09358100593090057,mappo,0.0001447550894226879,-2.4976184368133545,0.00029506502167389137,2349.0,,,,,,,,,,,,,,0.0,,,,,0.012679236009716988,0.0
,mappo,,,,2349.0,0.0,0.0,0.0,0.0,0.0,0.0,0.0,0.0,0.0,0.0,0.0,0.0,0.0,,,,,,,
0.0149266691878438,mappo,9.054457041202113e-05,-2.513950824737549,0.00029476492164054685,2350.0,,,,,,,,,,,,,,0.0,,,,,0.01277152355760336,0.0
,mappo,,,,2350.0,0.0,0.0,0.0,0.0,0.0,0.0,0.0,0.0,0.0,0.0,0.0,0.0,0.0,,,,,,,
0.10475672036409378,mappo,5.497475649463013e-05,-2.556389331817627,0.00029446482160720244,2351.0,,,,,,,,,,,,,,0.0,,,,,0.012781694531440735,0.0
,mappo,,,,2351.0,0.0,0.0,0.0,0.0,0.0,0.0,0.0,0.0,0.0,0.0,0.0,0.0,0.0,,,,,,,
0.07315334677696228,mappo,2.3869024516898207e-05,-2.5867695808410645,0.00029416472157385804,2352.0,,,,,,,,,,,,,,0.0,,,,,0.012812447734177113,0.0
,mappo,,,,2352.0,0.0,0.0,0.0,0.0,0.0,0.0,0.0,0.0,0.0,0.0,0.0,0.0,0.0,,,,,,,
0.05279172584414482,mappo,1.0168342669203412e-05,-2.589888334274292,0.0002938646215405135,2353.0,,,,,,,,,,,,,,0.0,,,,,0.012838049791753292,0.0
,mappo,,,,2353.0,0.0,0.0,0.0,0.0,0.0,0.0,0.0,0.0,0.0,0.0,0.0,0.0,0.0,,,,,,,
-0.0055327038280665874,mappo,7.984122930793092e-06,-2.596433162689209,0.0002935645215071691,2354.0,,,,,,,,,,,,,,0.0,,,,,0.012924174778163433,0.0
,mappo,,,,2354.0,0.0,0.0,0.0,0.0,0.0,0.0,0.0,0.0,0.0,0.0,0.0,0.0,0.0,,,,,,,
0.016142262145876884,mappo,7.06619312040857e-06,-2.577012777328491,0.0002932644214738246,2355.0,,,,,,,,,,,,,,0.0,,,,,0.012860391288995743,0.0
,mappo,,,,2355.0,0.0,0.0,0.0,0.0,0.0,0.0,0.0,0.0,0.0,0.0,0.0,0.0,0.0,,,,,,,
0.08101774007081985,mappo,3.2994907996908296e-06,-2.534954071044922,0.0002929643214404802,2356.0,,,,,,,,,,,,,,0.0,,,,,0.012825164012610912,0.0
,mappo,,,,2356.0,0.0,0.0,0.0,0.0,0.0,0.0,0.0,0.0,0.0,0.0,0.0,0.0,0.0,,,,,,,
0.005851367022842169,mappo,1.37165352498414e-06,-2.4970765113830566,0.0002926642214071358,2357.0,,,,,,,,,,,,,,0.0,,,,,0.012896878644824028,0.0
,mappo,,,,2357.0,0.0,0.0,0.0,0.0,0.0,0.0,0.0,0.0,0.0,0.0,0.0,0.0,0.0,,,,,,,
0.01260555349290371,mappo,1.9471362975309603e-06,-2.4763619899749756,0.00029236412137379126,2358.0,,,,,,,,,,,,,,0.0,,,,,0.01284022442996502,0.0
,mappo,,,,2358.0,0.0,0.0,0.0,0.0,0.0,0.0,0.0,0.0,0.0,0.0,0.0,0.0,0.0,,,,,,,
0.11336154490709305,mappo,1.6026114053602214e-06,-2.488290309906006,0.00029206402134044685,2359.0,,,,,,,,,,,,,,0.0,,,,,0.012827251106500626,0.0
,mappo,,,,2359.0,0.0,0.0,0.0,0.0,0.0,0.0,0.0,0.0,0.0,0.0,0.0,0.0,0.0,,,,,,,
0.021110132336616516,mappo,1.9291103399154963e-06,-2.476759195327759,0.00029176392130710244,2360.0,,,,,,,,,,,,,,0.0,,,,,0.01268814131617546,0.0
,mappo,,,,2360.0,0.0,0.0,0.0,0.0,0.0,0.0,0.0,0.0,0.0,0.0,0.0,0.0,0.0,,,,,,,
0.09832870960235596,mappo,1.8209527752333088e-06,-2.456249475479126,0.00029146382127375793,2361.0,,,,,,,,,,,,,,0.0,,,,,0.012711357325315475,0.0
,mappo,,,,2361.0,0.0,0.0,0.0,0.0,0.0,0.0,0.0,0.0,0.0,0.0,0.0,0.0,0.0,,,,,,,
0.05654115229845047,mappo,1.6553225350435241e-06,-2.431047201156616,0.0002911637212404135,2362.0,,,,,,,,,,,,,,0.0,,,,,0.012660756707191467,0.0
,mappo,,,,2362.0,0.0,0.0,0.0,0.0,0.0,0.0,0.0,0.0,0.0,0.0,0.0,0.0,0.0,,,,,,,
0.06380018591880798,mappo,1.6085812148958212e-06,-2.398571252822876,0.0002908636212070691,2363.0,,,,,,,,,,,,,,0.0,,,,,0.012646635994315147,0.0
,mappo,,,,2363.0,0.0,0.0,0.0,0.0,0.0,0.0,0.0,0.0,0.0,0.0,0.0,0.0,0.0,,,,,,,
0.019147181883454323,mappo,1.7418060451745987e-06,-2.388373851776123,0.0002905635211737246,2364.0,,,,,,,,,,,,,,0.0,,,,,0.012509996071457863,0.0
,mappo,,,,2364.0,0.0,0.0,0.0,0.0,0.0,0.0,0.0,0.0,0.0,0.0,0.0,0.0,0.0,,,,,,,
0.025692496448755264,mappo,1.7157710772153223e-06,-2.3895440101623535,0.0002902634211403802,2365.0,,,,,,,,,,,,,,0.0,,,,,0.012590447440743446,0.0
,mappo,,,,2365.0,0.0,0.0,0.0,0.0,0.0,0.0,0.0,0.0,0.0,0.0,0.0,0.0,0.0,,,,,,,
0.04545233026146889,mappo,1.7944310002349084e-06,-2.4324140548706055,0.00028996332110703567,2366.0,,,,,,,,,,,,,,0.0,,,,,0.01273944042623043,0.0
,mappo,,,,2366.0,0.0,0.0,0.0,0.0,0.0,0.0,0.0,0.0,0.0,0.0,0.0,0.0,0.0,,,,,,,
0.07025279104709625,mappo,1.4936268826204468e-06,-2.4686269760131836,0.00028966322107369126,2367.0,,,,,,,,,,,,,,0.0,,,,,0.01262342743575573,0.0
,mappo,,,,2367.0,0.0,0.0,0.0,0.0,0.0,0.0,0.0,0.0,0.0,0.0,0.0,0.0,0.0,,,,,,,
0.18604357540607452,mappo,1.4223696780391037e-06,-2.510350227355957,0.00028936312104034685,2368.0,,,,,,,,,,,,,,0.0,,,,,0.012721222825348377,0.0
,mappo,,,,2368.0,0.0,0.0,0.0,0.0,0.0,0.0,0.0,0.0,0.0,0.0,0.0,0.0,0.0,,,,,,,
0.13818801939487457,mappo,1.1853550176965655e-06,-2.5286519527435303,0.00028906302100700234,2369.0,,,,,,,,,,,,,,0.0,,,,,0.012746171094477177,0.0
,mappo,,,,2369.0,0.0,0.0,0.0,0.0,0.0,0.0,0.0,0.0,0.0,0.0,0.0,0.0,0.0,,,,,,,
0.12635867297649384,mappo,8.386845706809254e-07,-2.520808219909668,0.00028876292097365793,2370.0,,,,,,,,,,,,,,0.0,,,,,0.012839107774198055,0.0
,mappo,,,,2370.0,0.0,0.0,0.0,0.0,0.0,0.0,0.0,0.0,0.0,0.0,0.0,0.0,0.0,,,,,,,
-0.0052443332970142365,mappo,5.136254230819759e-07,-2.524526357650757,0.0002884628209403135,2371.0,,,,,,,,,,,,,,0.0,,,,,0.012834899127483368,0.0
,mappo,,,,2371.0,0.0,0.0,0.0,0.0,0.0,0.0,0.0,0.0,0.0,0.0,0.0,0.0,0.0,,,,,,,
0.019018424674868584,mappo,3.973808304635895e-07,-2.510174036026001,0.000288162720906969,2372.0,,,,,,,,,,,,,,0.0,,,,,0.01285388134419918,0.0
,mappo,,,,2372.0,0.0,0.0,0.0,0.0,0.0,0.0,0.0,0.0,0.0,0.0,0.0,0.0,0.0,,,,,,,
0.028696149587631226,mappo,2.496871331914008e-07,-2.5269060134887695,0.0002878626208736246,2373.0,,,,,,,,,,,,,,0.0,,,,,0.012785837054252625,0.0
,mappo,,,,2373.0,0.0,0.0,0.0,0.0,0.0,0.0,0.0,0.0,0.0,0.0,0.0,0.0,0.0,,,,,,,
0.11971810460090637,mappo,2.7785574729932705e-07,-2.5503358840942383,0.0002875625208402801,2374.0,,,,,,,,,,,,,,0.0,,,,,0.012881256639957428,0.0
,mappo,,,,2374.0,0.0,0.0,0.0,0.0,0.0,0.0,0.0,0.0,0.0,0.0,0.0,0.0,0.0,,,,,,,
0.11561677604913712,mappo,3.056123887290596e-07,-2.5355403423309326,0.00028726242080693567,2375.0,,,,,,,,,,,,,,0.0,,,,,0.012954609468579292,0.0
,mappo,,,,2375.0,0.0,0.0,0.0,0.0,0.0,0.0,0.0,0.0,0.0,0.0,0.0,0.0,0.0,,,,,,,
0.15431523323059082,mappo,2.4978663759611663e-07,-2.5036044120788574,0.00028696232077359126,2376.0,,,,,,,,,,,,,,0.0,,,,,0.012798668816685677,0.0
,mappo,,,,2376.0,0.0,0.0,0.0,0.0,0.0,0.0,0.0,0.0,0.0,0.0,0.0,0.0,0.0,,,,,,,
0.028360765427350998,mappo,3.316502272809885e-07,-2.498906135559082,0.00028666222074024675,2377.0,,,,,,,,,,,,,,0.0,,,,,0.012729667127132416,0.0
,mappo,,,,2377.0,0.0,0.0,0.0,0.0,0.0,0.0,0.0,0.0,0.0,0.0,0.0,0.0,0.0,,,,,,,
-0.0037945962976664305,mappo,3.7237688843561045e-07,-2.482497453689575,0.00028636212070690234,2378.0,,,,,,,,,,,,,,0.0,,,,,0.012741027399897575,0.0
,mappo,,,,2378.0,0.0,0.0,0.0,0.0,0.0,0.0,0.0,0.0,0.0,0.0,0.0,0.0,0.0,,,,,,,
0.20202116668224335,mappo,3.0740491752112575e-07,-2.45963978767395,0.00028606202067355793,2379.0,,,,,,,,,,,,,,0.0,,,,,0.012839723378419876,0.0
,mappo,,,,2379.0,0.0,0.0,0.0,0.0,0.0,0.0,0.0,0.0,0.0,0.0,0.0,0.0,0.0,,,,,,,
0.08025185763835907,mappo,2.8149429454060737e-07,-2.4583358764648438,0.0002857619206402134,2380.0,,,,,,,,,,,,,,0.0,,,,,0.013008318841457367,0.0
,mappo,,,,2380.0,0.0,0.0,0.0,0.0,0.0,0.0,0.0,0.0,0.0,0.0,0.0,0.0,0.0,,,,,,,
0.02245854027569294,mappo,2.2839202529212344e-07,-2.4621803760528564,0.000285461820606869,2381.0,,,,,,,,,,,,,,0.0,,,,,0.012975791469216347,0.0
,mappo,,,,2381.0,0.0,0.0,0.0,0.0,0.0,0.0,0.0,0.0,0.0,0.0,0.0,0.0,0.0,,,,,,,
0.023653743788599968,mappo,2.175533353465653e-07,-2.4534828662872314,0.0002851617205735246,2382.0,,,,,,,,,,,,,,0.0,,,,,0.013015465810894966,0.0
,mappo,,,,2382.0,0.0,0.0,0.0,0.0,0.0,0.0,0.0,0.0,0.0,0.0,0.0,0.0,0.0,,,,,,,
0.04238032177090645,mappo,1.314920723416435e-07,-2.4433162212371826,0.0002848616205401801,2383.0,,,,,,,,,,,,,,0.0,,,,,0.01302408054471016,0.0
,mappo,,,,2383.0,0.0,0.0,0.0,0.0,0.0,0.0,0.0,0.0,0.0,0.0,0.0,0.0,0.0,,,,,,,
0.08940515667200089,mappo,1.311832136252633e-07,-2.452371597290039,0.0002845615205068357,2384.0,,,,,,,,,,,,,,0.0,,,,,0.01305483654141426,0.0
,mappo,,,,2384.0,0.0,0.0,0.0,0.0,0.0,0.0,0.0,0.0,0.0,0.0,0.0,0.0,0.0,,,,,,,
0.06298716366291046,mappo,1.1746508477017414e-07,-2.457772731781006,0.00028426142047349116,2385.0,,,,,,,,,,,,,,0.0,,,,,0.013078534044325352,0.0
,mappo,,,,2385.0,0.0,0.0,0.0,0.0,0.0,0.0,0.0,0.0,0.0,0.0,0.0,0.0,0.0,,,,,,,
-0.002773936139419675,mappo,1.8458025863310468e-07,-2.469123125076294,0.00028396132044014675,2386.0,,,,,,,,,,,,,,0.0,,,,,0.013171287253499031,0.0
,mappo,,,,2386.0,0.0,0.0,0.0,0.0,0.0,0.0,0.0,0.0,0.0,0.0,0.0,0.0,0.0,,,,,,,
0.013039028272032738,mappo,2.1199963384788134e-07,-2.4506189823150635,0.00028366122040680234,2387.0,,,,,,,,,,,,,,0.0,,,,,0.01315280981361866,0.0
,mappo,,,,2387.0,0.0,0.0,0.0,0.0,0.0,0.0,0.0,0.0,0.0,0.0,0.0,0.0,0.0,,,,,,,
0.003402192611247301,mappo,0.007035093382000923,-1.3694905042648315,0.0002833611203734578,2388.0,,,,,,,,,,,,,,0.0,,,,,0.010016477666795254,0.006666666828095913
,mappo,,,,2388.0,0.0,0.0,0.3333333432674408,0.0,0.0,0.0,0.3333333432674408,0.0,0.0,0.0,0.0,0.0,0.0,,,,,,,
-0.0042144740000367165,mappo,0.00022505501692648977,-2.4277074337005615,0.0002830610203401134,2389.0,,,,,,,,,,,,,,0.0,,,,,0.01306864246726036,0.0
,mappo,,,,2389.0,0.0,0.0,0.0,0.0,0.0,0.0,0.0,0.0,0.0,0.0,0.0,0.0,0.0,,,,,,,
-0.006200298201292753,mappo,0.0059652249328792095,-1.3686552047729492,0.000282760920306769,2390.0,,,,,,,,,,,,,,0.0,,,,,0.009997529909014702,0.006666666828095913
,mappo,,,,2390.0,0.0,0.0,0.3333333432674408,0.0,0.0,0.0,0.3333333432674408,0.0,0.0,0.0,0.0,0.0,0.0,,,,,,,
-0.007693005260080099,mappo,0.00523795560002327,-1.3914490938186646,0.0002824608202734245,2391.0,,,,,,,,,,,,,,0.0,,,,,0.010035259649157524,0.006666666828095913
,mappo,,,,2391.0,0.0,0.0,0.3333333432674408,0.0,0.0,0.0,0.3333333432674408,0.0,0.0,0.0,0.0,0.0,0.0,,,,,,,
-0.0004872799327131361,mappo,0.004713781643658876,-1.3464157581329346,0.0002821607202400801,2392.0,,,,,,,,,,,,,,0.0,,,,,0.009949704632163048,0.006666666828095913
,mappo,,,,2392.0,0.0,0.0,0.3333333432674408,0.0,0.0,0.0,0.3333333432674408,0.0,0.0,0.0,0.0,0.0,0.0,,,,,,,
0.08118106424808502,mappo,0.00404716469347477,-1.3695467710494995,0.0002818606202067357,2393.0,,,,,,,,,,,,,,0.0,,,,,0.010032988153398037,0.006666666828095913
,mappo,,,,2393.0,0.0,0.0,0.3333333432674408,0.0,0.0,0.0,0.3333333432674408,0.0,0.0,0.0,0.0,0.0,0.0,,,,,,,
0.0049133398570120335,mappo,0.0028807756025344133,-1.3742727041244507,0.00028156052017339116,2394.0,,,,,,,,,,,,,,0.0,,,,,0.01001822017133236,0.006666666828095913
,mappo,,,,2394.0,0.0,0.0,0.3333333432674408,0.0,0.0,0.0,0.3333333432674408,0.0,0.0,0.0,0.0,0.0,0.0,,,,,,,
-0.0025531966239213943,mappo,0.0014346401439979672,-1.3951752185821533,0.00028126042014004675,2395.0,,,,,,,,,,,,,,0.0,,,,,0.010036325082182884,0.006666666828095913
,mappo,,,,2395.0,0.0,0.0,0.3333333432674408,0.0,0.0,0.0,0.3333333432674408,0.0,0.0,0.0,0.0,0.0,0.0,,,,,,,
0.010379733517765999,mappo,0.00031843053875491023,-1.3820340633392334,0.00028096032010670223,2396.0,,,,,,,,,,,,,,0.0,,,,,0.010028158314526081,0.006666666828095913
,mappo,,,,2396.0,0.0,0.0,0.3333333432674408,0.0,0.0,0.0,0.3333333432674408,0.0,0.0,0.0,0.0,0.0,0.0,,,,,,,
-0.005865835584700108,mappo,0.0001536865602247417,-1.3820356130599976,0.0002806602200733578,2397.0,,,,,,,,,,,,,,0.0,,,,,0.0100359246134758,0.006666666828095913
,mappo,,,,2397.0,0.0,0.0,0.3333333432674408,0.0,0.0,0.0,0.3333333432674408,0.0,0.0,0.0,0.0,0.0,0.0,,,,,,,
-0.0057250442914664745,mappo,0.00022921156778465956,-1.3970874547958374,0.0002803601200400134,2398.0,,,,,,,,,,,,,,0.0,,,,,0.01003914326429367,0.006666666828095913
,mappo,,,,2398.0,0.0,0.0,0.3333333432674408,0.0,0.0,0.0,0.3333333432674408,0.0,0.0,0.0,0.0,0.0,0.0,,,,,,,
-0.005001716781407595,mappo,6.957657024031505e-05,-1.40935218334198,0.0002800600200066689,2399.0,,,,,,,,,,,,,,0.0,,,,,0.01004229485988617,0.006666666828095913
,mappo,,,,2399.0,0.0,0.0,0.3333333432674408,0.0,0.0,0.0,0.3333333432674408,0.0,0.0,0.0,0.0,0.0,0.0,,,,,,,
,mappo,,,,2399.0,,,,,,,,,,,,,,,0.0,0.0,0.0,0.0,,
0.08501194417476654,mappo,0.0017600518185645342,-2.611642837524414,0.0002797599199733245,2400.0,,,,,,,,,,,,,,0.0,,,,,0.013292631134390831,0.0
,mappo,,,,2400.0,0.0,0.0,0.0,0.0,0.0,0.0,0.0,0.0,0.0,0.0,0.0,0.0,0.0,,,,,,,
0.253976970911026,mappo,0.0007715176907368004,-2.572432518005371,0.0002794598199399801,2401.0,,,,,,,,,,,,,,0.0,,,,,0.013263577595353127,0.0
,mappo,,,,2401.0,0.0,0.0,0.0,0.0,0.0,0.0,0.0,0.0,0.0,0.0,0.0,0.0,0.0,,,,,,,
0.017598707228899002,mappo,0.000422988785430789,-2.5402963161468506,0.00027915971990663557,2402.0,,,,,,,,,,,,,,0.0,,,,,0.013296211138367653,0.0
,mappo,,,,2402.0,0.0,0.0,0.0,0.0,0.0,0.0,0.0,0.0,0.0,0.0,0.0,0.0,0.0,,,,,,,
0.00792388990521431,mappo,0.00016935067833401263,-2.52705454826355,0.00027885961987329116,2403.0,,,,,,,,,,,,,,0.0,,,,,0.013300864025950432,0.0
,mappo,,,,2403.0,0.0,0.0,0.0,0.0,0.0,0.0,0.0,0.0,0.0,0.0,0.0,0.0,0.0,,,,,,,
0.0440196767449379,mappo,4.132424874114804e-05,-2.562490701675415,0.00027855951983994664,2404.0,,,,,,,,,,,,,,0.0,,,,,0.013377238996326923,0.0
,mappo,,,,2404.0,0.0,0.0,0.0,0.0,0.0,0.0,0.0,0.0,0.0,0.0,0.0,0.0,0.0,,,,,,,
0.004647210706025362,mappo,0.0036201553884893656,-1.3435654640197754,0.00027825941980660223,2405.0,,,,,,,,,,,,,,0.0,,,,,0.0101081021130085,0.006666666828095913
,mappo,,,,2405.0,0.0,0.0,0.3333333432674408,0.0,0.0,0.0,0.3333333432674408,0.0,0.0,0.0,0.0,0.0,0.0,,,,,,,
0.044261377304792404,mappo,0.0001814859570004046,-2.5169179439544678,0.0002779593197732578,2406.0,,,,,,,,,,,,,,0.0,,,,,0.013430858962237835,0.0
,mappo,,,,2406.0,0.0,0.0,0.0,0.0,0.0,0.0,0.0,0.0,0.0,0.0,0.0,0.0,0.0,,,,,,,
0.15798355638980865,mappo,8.983317820820957e-05,-2.4807679653167725,0.0002776592197399133,2407.0,,,,,,,,,,,,,,0.0,,,,,0.013367297127842903,0.0
,mappo,,,,2407.0,0.0,0.0,0.0,0.0,0.0,0.0,0.0,0.0,0.0,0.0,0.0,0.0,0.0,,,,,,,
0.1506132036447525,mappo,7.013430877123028e-05,-2.4559507369995117,0.0002773591197065689,2408.0,,,,,,,,,,,,,,0.0,,,,,0.013421019539237022,0.0
,mappo,,,,2408.0,0.0,0.0,0.0,0.0,0.0,0.0,0.0,0.0,0.0,0.0,0.0,0.0,0.0,,,,,,,
-0.00039909646147862077,mappo,0.0023549667093902826,-1.3126591444015503,0.0002770590196732245,2409.0,,,,,,,,,,,,,,0.0,,,,,0.010049859061837196,0.006666666828095913
,mappo,,,,2409.0,0.0,0.0,0.3333333432674408,0.0,0.0,0.0,0.3333333432674408,0.0,0.0,0.0,0.0,0.0,0.0,,,,,,,
0.02925080992281437,mappo,0.0016291668871417642,-1.264648675918579,0.00027675891963988,2410.0,,,,,,,,,,,,,,0.0,,,,,0.010073721408843994,0.006666666828095913
,mappo,,,,2410.0,0.0,0.0,0.3333333432674408,0.0,0.0,0.0,0.3333333432674408,0.0,0.0,0.0,0.0,0.0,0.0,,,,,,,
0.09903383255004883,mappo,0.0004928697599098086,-2.3279385566711426,0.00027645881960653557,2411.0,,,,,,,,,,,,,,0.0,,,,,0.01314870361238718,0.0
,mappo,,,,2411.0,0.0,0.0,0.0,0.0,0.0,0.0,0.0,0.0,0.0,0.0,0.0,0.0,0.0,,,,,,,
0.19010305404663086,mappo,0.0004444085934665054,-2.3235225677490234,0.00027615871957319116,2412.0,,,,,,,,,,,,,,0.0,,,,,0.01307960506528616,0.0
,mappo,,,,2412.0,0.0,0.0,0.0,0.0,0.0,0.0,0.0,0.0,0.0,0.0,0.0,0.0,0.0,,,,,,,
0.03934243693947792,mappo,0.0011281587649136782,-1.1462979316711426,0.00027585861953984664,2413.0,,,,,,,,,,,,,,0.0,,,,,0.009929081425070763,0.006666666828095913
,mappo,,,,2413.0,0.0,0.0,0.3333333432674408,0.0,0.0,0.0,0.3333333432674408,0.0,0.0,0.0,0.0,0.0,0.0,,,,,,,
0.004562787711620331,mappo,0.0008765074890106916,-1.1613426208496094,0.00027555851950650224,2414.0,,,,,,,,,,,,,,0.0,,,,,0.009946435689926147,0.006666666828095913
,mappo,,,,2414.0,0.0,0.0,0.3333333432674408,0.0,0.0,0.0,0.3333333432674408,0.0,0.0,0.0,0.0,0.0,0.0,,,,,,,
0.0020678050350397825,mappo,0.0006447910564020276,-1.1861371994018555,0.0002752584194731577,2415.0,,,,,,,,,,,,,,0.0,,,,,0.009949511848390102,0.006666666828095913
,mappo,,,,2415.0,0.0,0.0,0.3333333432674408,0.0,0.0,0.0,0.3333333432674408,0.0,0.0,0.0,0.0,0.0,0.0,,,,,,,
-0.00436595780774951,mappo,0.00046202418161556125,-1.3001116514205933,0.0002749583194398133,2416.0,,,,,,,,,,,,,,0.0,,,,,0.010030671954154968,0.006666666828095913
,mappo,,,,2416.0,0.0,0.0,0.3333333432674408,0.0,0.0,0.0,0.3333333432674408,0.0,0.0,0.0,0.0,0.0,0.0,,,,,,,
0.0014587522018700838,mappo,0.0002592751116026193,-1.2924481630325317,0.0002746582194064689,2417.0,,,,,,,,,,,,,,0.0,,,,,0.010111730545759201,0.006666666828095913
,mappo,,,,2417.0,0.0,0.0,0.3333333432674408,0.0,0.0,0.0,0.3333333432674408,0.0,0.0,0.0,0.0,0.0,0.0,,,,,,,
-0.0030010268092155457,mappo,0.00013150172890163958,-1.2259067296981812,0.0002743581193731244,2418.0,,,,,,,,,,,,,,0.0,,,,,0.009906486608088017,0.006666666828095913
,mappo,,,,2418.0,0.0,0.0,0.3333333432674408,0.0,0.0,0.0,0.3333333432674408,0.0,0.0,0.0,0.0,0.0,0.0,,,,,,,
0.01517484150826931,mappo,9.036297706188634e-05,-1.2376441955566406,0.00027405801933977987,2419.0,,,,,,,,,,,,,,0.0,,,,,0.009982693940401077,0.006666666828095913
,mappo,,,,2419.0,0.0,0.0,0.3333333432674408,0.0,0.0,0.0,0.3333333432674408,0.0,0.0,0.0,0.0,0.0,0.0,,,,,,,
-0.005030323285609484,mappo,8.459841046715155e-05,-1.253473162651062,0.00027375791930643557,2420.0,,,,,,,,,,,,,,0.0,,,,,0.010006839409470558,0.006666666828095913
,mappo,,,,2420.0,0.0,0.0,0.3333333432674408,0.0,0.0,0.0,0.3333333432674408,0.0,0.0,0.0,0.0,0.0,0.0,,,,,,,
-0.003855486400425434,mappo,7.12485343683511e-05,-1.2613385915756226,0.00027345781927309105,2421.0,,,,,,,,,,,,,,0.0,,,,,0.010002726688981056,0.006666666828095913
,mappo,,,,2421.0,0.0,0.0,0.3333333432674408,0.0,0.0,0.0,0.3333333432674408,0.0,0.0,0.0,0.0,0.0,0.0,,,,,,,
-0.0018497423734515905,mappo,6.32183364359662e-05,-1.2843648195266724,0.00027315771923974665,2422.0,,,,,,,,,,,,,,0.0,,,,,0.00997970812022686,0.006666666828095913
,mappo,,,,2422.0,0.0,0.0,0.3333333432674408,0.0,0.0,0.0,0.3333333432674408,0.0,0.0,0.0,0.0,0.0,0.0,,,,,,,
-0.004810653626918793,mappo,5.0295926484977826e-05,-1.2916067838668823,0.00027285761920640224,2423.0,,,,,,,,,,,,,,0.0,,,,,0.009996505454182625,0.006666666828095913
,mappo,,,,2423.0,0.0,0.0,0.3333333432674408,0.0,0.0,0.0,0.3333333432674408,0.0,0.0,0.0,0.0,0.0,0.0,,,,,,,
0.01404509972780943,mappo,5.2663657697848976e-05,-1.2859853506088257,0.0002725575191730577,2424.0,,,,,,,,,,,,,,0.0,,,,,0.009993968531489372,0.006666666828095913
,mappo,,,,2424.0,0.0,0.0,0.3333333432674408,0.0,0.0,0.0,0.3333333432674408,0.0,0.0,0.0,0.0,0.0,0.0,,,,,,,
0.02579406276345253,mappo,2.5460512915742584e-05,-1.3093491792678833,0.0002722574191397133,2425.0,,,,,,,,,,,,,,0.0,,,,,0.010013828054070473,0.006666666828095913
,mappo,,,,2425.0,0.0,0.0,0.3333333432674408,0.0,0.0,0.0,0.3333333432674408,0.0,0.0,0.0,0.0,0.0,0.0,,,,,,,
0.011502258479595184,mappo,1.6981965018203482e-05,-1.3272448778152466,0.0002719573191063688,2426.0,,,,,,,,,,,,,,0.0,,,,,0.010033827275037766,0.006666666828095913
,mappo,,,,2426.0,0.0,0.0,0.3333333432674408,0.0,0.0,0.0,0.3333333432674408,0.0,0.0,0.0,0.0,0.0,0.0,,,,,,,
0.00986552145332098,mappo,2.1951362214167602e-05,-1.4376189708709717,0.0002716572190730244,2427.0,,,,,,,,,,,,,,0.0,,,,,0.010111959651112556,0.006666666828095913
,mappo,,,,2427.0,0.0,0.0,0.3333333432674408,0.0,0.0,0.0,0.3333333432674408,0.0,0.0,0.0,0.0,0.0,0.0,,,,,,,
0.003989201970398426,mappo,3.906430720235221e-06,-1.3436588048934937,0.00027135711903968,2428.0,,,,,,,,,,,,,,0.0,,,,,0.010025996714830399,0.006666666828095913
,mappo,,,,2428.0,0.0,0.0,0.3333333432674408,0.0,0.0,0.0,0.3333333432674408,0.0,0.0,0.0,0.0,0.0,0.0,,,,,,,
-0.0015838779509067535,mappo,6.672472409263719e-06,-1.3574167490005493,0.00027105701900633546,2429.0,,,,,,,,,,,,,,0.0,,,,,0.010000275447964668,0.006666666828095913
,mappo,,,,2429.0,0.0,0.0,0.3333333432674408,0.0,0.0,0.0,0.3333333432674408,0.0,0.0,0.0,0.0,0.0,0.0,,,,,,,
-0.008673940785229206,mappo,7.244716016430175e-06,-1.3609983921051025,0.00027075691897299095,2430.0,,,,,,,,,,,,,,0.0,,,,,0.0100374985486269,0.006666666828095913
,mappo,,,,2430.0,0.0,0.0,0.3333333432674408,0.0,0.0,0.0,0.3333333432674408,0.0,0.0,0.0,0.0,0.0,0.0,,,,,,,
-0.01293153129518032,mappo,7.623071269335924e-06,-1.39251708984375,0.00027045681893964665,2431.0,,,,,,,,,,,,,,0.0,,,,,0.009969811886548996,0.006666666828095913
,mappo,,,,2431.0,0.0,0.0,0.3333333432674408,0.0,0.0,0.0,0.3333333432674408,0.0,0.0,0.0,0.0,0.0,0.0,,,,,,,
0.0013329352950677276,mappo,1.3986703379487153e-05,-1.4985836744308472,0.00027015671890630213,2432.0,,,,,,,,,,,,,,0.0,,,,,0.01003274880349636,0.006666666828095913
,mappo,,,,2432.0,0.0,0.0,0.3333333432674408,0.0,0.0,0.0,0.3333333432674408,0.0,0.0,0.0,0.0,0.0,0.0,,,,,,,
0.03207411617040634,mappo,7.196931619546376e-06,-1.3813059329986572,0.0002698566188729577,2433.0,,,,,,,,,,,,,,0.0,,,,,0.009972605854272842,0.006666666828095913
,mappo,,,,2433.0,0.0,0.0,0.3333333432674408,0.0,0.0,0.0,0.3333333432674408,0.0,0.0,0.0,0.0,0.0,0.0,,,,,,,
-0.007829482667148113,mappo,4.247018750902498e-06,-1.35111403465271,0.0002695565188396132,2434.0,,,,,,,,,,,,,,0.0,,,,,0.009957876056432724,0.006666666828095913
,mappo,,,,2434.0,0.0,0.0,0.3333333432674408,0.0,0.0,0.0,0.3333333432674408,0.0,0.0,0.0,0.0,0.0,0.0,,,,,,,
-0.009276154451072216,mappo,3.6072867715120083e-06,-1.2871949672698975,0.0002692564188062688,2435.0,,,,,,,,,,,,,,0.0,,,,,0.009998608380556107,0.006666666828095913
,mappo,,,,2435.0,0.0,0.0,0.3333333432674408,0.0,0.0,0.0,0.3333333432674408,0.0,0.0,0.0,0.0,0.0,0.0,,,,,,,
-0.0022970677819103003,mappo,3.056241894228151e-06,-1.2443389892578125,0.0002689563187729244,2436.0,,,,,,,,,,,,,,0.0,,,,,0.010007422417402267,0.006666666828095913
,mappo,,,,2436.0,0.0,0.0,0.3333333432674408,0.0,0.0,0.0,0.3333333432674408,0.0,0.0,0.0,0.0,0.0,0.0,,,,,,,
-0.001159322913736105,mappo,2.1484306671482045e-06,-1.2647453546524048,0.00026865621873957987,2437.0,,,,,,,,,,,,,,0.0,,,,,0.010008967481553555,0.006666666828095913
,mappo,,,,2437.0,0.0,0.0,0.3333333432674408,0.0,0.0,0.0,0.3333333432674408,0.0,0.0,0.0,0.0,0.0,0.0,,,,,,,
-0.0022756163962185383,mappo,2.33902983381995e-06,-1.2731115818023682,0.00026835611870623546,2438.0,,,,,,,,,,,,,,0.0,,,,,0.010026934556663036,0.006666666828095913
,mappo,,,,2438.0,0.0,0.0,0.3333333432674408,0.0,0.0,0.0,0.3333333432674408,0.0,0.0,0.0,0.0,0.0,0.0,,,,,,,
0.013365009799599648,mappo,2.887783011829015e-06,-1.303582787513733,0.00026805601867289106,2439.0,,,,,,,,,,,,,,0.0,,,,,0.010018006898462772,0.006666666828095913
,mappo,,,,2439.0,0.0,0.0,0.3333333432674408,0.0,0.0,0.0,0.3333333432674408,0.0,0.0,0.0,0.0,0.0,0.0,,,,,,,
-0.012964015826582909,mappo,2.0115408005949575e-06,-1.29401433467865,0.00026775591863954654,2440.0,,,,,,,,,,,,,,0.0,,,,,0.010010335594415665,0.006666666828095913
,mappo,,,,2440.0,0.0,0.0,0.3333333432674408,0.0,0.0,0.0,0.3333333432674408,0.0,0.0,0.0,0.0,0.0,0.0,,,,,,,
-0.00608423724770546,mappo,2.388711436651647e-06,-1.2887791395187378,0.000267455818606202,2441.0,,,,,,,,,,,,,,0.0,,,,,0.010014139115810394,0.006666666828095913
,mappo,,,,2441.0,0.0,0.0,0.3333333432674408,0.0,0.0,0.0,0.3333333432674408,0.0,0.0,0.0,0.0,0.0,0.0,,,,,,,
-0.007970266044139862,mappo,1.4321664139060886e-06,-1.2908717393875122,0.0002671557185728577,2442.0,,,,,,,,,,,,,,0.0,,,,,0.010009616613388062,0.006666666828095913
,mappo,,,,2442.0,0.0,0.0,0.3333333432674408,0.0,0.0,0.0,0.3333333432674408,0.0,0.0,0.0,0.0,0.0,0.0,,,,,,,
-0.006729882210493088,mappo,1.9379585864953697e-06,-1.3276509046554565,0.0002668556185395132,2443.0,,,,,,,,,,,,,,0.0,,,,,0.010005791671574116,0.006666666828095913
,mappo,,,,2443.0,0.0,0.0,0.3333333432674408,0.0,0.0,0.0,0.3333333432674408,0.0,0.0,0.0,0.0,0.0,0.0,,,,,,,
0.01532039325684309,mappo,1.4642395171904354e-06,-1.3065111637115479,0.0002665555185061688,2444.0,,,,,,,,,,,,,,0.0,,,,,0.010054218582808971,0.006666666828095913
,mappo,,,,2444.0,0.0,0.0,0.3333333432674408,0.0,0.0,0.0,0.3333333432674408,0.0,0.0,0.0,0.0,0.0,0.0,,,,,,,
-0.0027546787168830633,mappo,1.875650468718959e-06,-1.285968542098999,0.0002662554184728243,2445.0,,,,,,,,,,,,,,0.0,,,,,0.010035873390734196,0.006666666828095913
,mappo,,,,2445.0,0.0,0.0,0.3333333432674408,0.0,0.0,0.0,0.3333333432674408,0.0,0.0,0.0,0.0,0.0,0.0,,,,,,,
-0.011438636109232903,mappo,8.924762937567721e-07,-1.2751033306121826,0.0002659553184394799,2446.0,,,,,,,,,,,,,,0.0,,,,,0.009999603033065796,0.006666666828095913
,mappo,,,,2446.0,0.0,0.0,0.3333333432674408,0.0,0.0,0.0,0.3333333432674408,0.0,0.0,0.0,0.0,0.0,0.0,,,,,,,
-0.00986604206264019,mappo,7.904203584985225e-07,-1.2850040197372437,0.00026565521840613547,2447.0,,,,,,,,,,,,,,0.0,,,,,0.010033468715846539,0.006666666828095913
,mappo,,,,2447.0,0.0,0.0,0.3333333432674408,0.0,0.0,0.0,0.3333333432674408,0.0,0.0,0.0,0.0,0.0,0.0,,,,,,,
0.01891019009053707,mappo,1.0160158581129508e-06,-1.276692271232605,0.00026535511837279095,2448.0,,,,,,,,,,,,,,0.0,,,,,0.009964237920939922,0.006666666828095913
,mappo,,,,2448.0,0.0,0.0,0.3333333432674408,0.0,0.0,0.0,0.3333333432674408,0.0,0.0,0.0,0.0,0.0,0.0,,,,,,,
-0.010611392557621002,mappo,7.675876076973509e-07,-1.2156391143798828,0.00026505501833944643,2449.0,,,,,,,,,,,,,,0.0,,,,,0.010023269802331924,0.006666666828095913
,mappo,,,,2449.0,0.0,0.0,0.3333333432674408,0.0,0.0,0.0,0.3333333432674408,0.0,0.0,0.0,0.0,0.0,0.0,,,,,,,
-0.011634193360805511,mappo,7.016485596977873e-07,-1.2402832508087158,0.00026475491830610213,2450.0,,,,,,,,,,,,,,0.0,,,,,0.009982162155210972,0.006666666828095913
,mappo,,,,2450.0,0.0,0.0,0.3333333432674408,0.0,0.0,0.0,0.3333333432674408,0.0,0.0,0.0,0.0,0.0,0.0,,,,,,,
-0.006771369371563196,mappo,6.287519340730796e-07,-1.1812851428985596,0.0002644548182727576,2451.0,,,,,,,,,,,,,,0.0,,,,,0.010009054094552994,0.006666666828095913
,mappo,,,,2451.0,0.0,0.0,0.3333333432674408,0.0,0.0,0.0,0.3333333432674408,0.0,0.0,0.0,0.0,0.0,0.0,,,,,,,
0.002091510919854045,mappo,7.419444614242821e-07,-1.1618679761886597,0.0002641547182394131,2452.0,,,,,,,,,,,,,,0.0,,,,,0.01002050656825304,0.006666666828095913
,mappo,,,,2452.0,0.0,0.0,0.3333333432674408,0.0,0.0,0.0,0.3333333432674408,0.0,0.0,0.0,0.0,0.0,0.0,,,,,,,
0.019609052687883377,mappo,4.7354700427604257e-07,-1.1320784091949463,0.0002638546182060688,2453.0,,,,,,,,,,,,,,0.0,,,,,0.009986614808440208,0.006666666828095913
,mappo,,,,2453.0,0.0,0.0,0.3333333432674408,0.0,0.0,0.0,0.3333333432674408,0.0,0.0,0.0,0.0,0.0,0.0,,,,,,,
-0.012298875488340855,mappo,6.745273140040808e-07,-1.1780836582183838,0.0002635545181727243,2454.0,,,,,,,,,,,,,,0.0,,,,,0.009961508214473724,0.006666666828095913
,mappo,,,,2454.0,0.0,0.0,0.3333333432674408,0.0,0.0,0.0,0.3333333432674408,0.0,0.0,0.0,0.0,0.0,0.0,,,,,,,
-0.006595281884074211,mappo,6.88729926423548e-07,-1.2088695764541626,0.0002632544181393799,2455.0,,,,,,,,,,,,,,0.0,,,,,0.010025827214121819,0.006666666828095913
,mappo,,,,2455.0,0.0,0.0,0.3333333432674408,0.0,0.0,0.0,0.3333333432674408,0.0,0.0,0.0,0.0,0.0,0.0,,,,,,,
0.00038803761708550155,mappo,4.093508323421702e-06,-1.3221875429153442,0.00026295431810603536,2456.0,,,,,,,,,,,,,,0.0,,,,,0.01016804575920105,0.006666666828095913
,mappo,,,,2456.0,0.0,0.0,0.3333333432674408,0.0,0.0,0.0,0.3333333432674408,0.0,0.0,0.0,0.0,0.0,0.0,,,,,,,
-0.009685550816357136,mappo,1.1770816854550503e-06,-1.2066326141357422,0.00026265421807269095,2457.0,,,,,,,,,,,,,,0.0,,,,,0.00999130867421627,0.006666666828095913
,mappo,,,,2457.0,0.0,0.0,0.3333333432674408,0.0,0.0,0.0,0.3333333432674408,0.0,0.0,0.0,0.0,0.0,0.0,,,,,,,
-0.006710787769407034,mappo,6.706115414090164e-07,-1.1489979028701782,0.00026235411803934654,2458.0,,,,,,,,,,,,,,0.0,,,,,0.00999695248901844,0.006666666828095913
,mappo,,,,2458.0,0.0,0.0,0.3333333432674408,0.0,0.0,0.0,0.3333333432674408,0.0,0.0,0.0,0.0,0.0,0.0,,,,,,,
0.010684642009437084,mappo,5.644011480399058e-07,-1.1669206619262695,0.000262054018006002,2459.0,,,,,,,,,,,,,,0.0,,,,,0.010031476616859436,0.006666666828095913
,mappo,,,,2459.0,0.0,0.0,0.3333333432674408,0.0,0.0,0.0,0.3333333432674408,0.0,0.0,0.0,0.0,0.0,0.0,,,,,,,
0.03411601483821869,mappo,3.5570819818531163e-06,-1.2810546159744263,0.0002617539179726575,2460.0,,,,,,,,,,,,,,0.0,,,,,0.010151086375117302,0.006666666828095913
,mappo,,,,2460.0,0.0,0.0,0.3333333432674408,0.0,0.0,0.0,0.3333333432674408,0.0,0.0,0.0,0.0,0.0,0.0,,,,,,,
0.0036052896175533533,mappo,1.1843186484838952e-06,-1.183592677116394,0.0002614538179393132,2461.0,,,,,,,,,,,,,,0.0,,,,,0.009978233836591244,0.006666666828095913
,mappo,,,,2461.0,0.0,0.0,0.3333333432674408,0.0,0.0,0.0,0.3333333432674408,0.0,0.0,0.0,0.0,0.0,0.0,,,,,,,
0.017993999645113945,mappo,6.52784592602984e-07,-1.2245759963989258,0.0002611537179059687,2462.0,,,,,,,,,,,,,,0.0,,,,,0.009973208419978619,0.006666666828095913
,mappo,,,,2462.0,0.0,0.0,0.3333333432674408,0.0,0.0,0.0,0.3333333432674408,0.0,0.0,0.0,0.0,0.0,0.0,,,,,,,
0.03248624503612518,mappo,5.340094730854617e-07,-1.2122119665145874,0.0002608536178726242,2463.0,,,,,,,,,,,,,,0.0,,,,,0.010009359568357468,0.006666666828095913
,mappo,,,,2463.0,0.0,0.0,0.3333333432674408,0.0,0.0,0.0,0.3333333432674408,0.0,0.0,0.0,0.0,0.0,0.0,,,,,,,
-0.009134408086538315,mappo,4.975709657628613e-07,-1.181900143623352,0.00026055351783927977,2464.0,,,,,,,,,,,,,,0.0,,,,,0.00996151752769947,0.006666666828095913
,mappo,,,,2464.0,0.0,0.0,0.3333333432674408,0.0,0.0,0.0,0.3333333432674408,0.0,0.0,0.0,0.0,0.0,0.0,,,,,,,
0.0015977032016962767,mappo,4.1962653085647617e-07,-1.2142914533615112,0.00026025341780593536,2465.0,,,,,,,,,,,,,,0.0,,,,,0.00998370535671711,0.006666666828095913
,mappo,,,,2465.0,0.0,0.0,0.3333333432674408,0.0,0.0,0.0,0.3333333432674408,0.0,0.0,0.0,0.0,0.0,0.0,,,,,,,
-0.009029463864862919,mappo,3.8170816196725355e-07,-1.246804118156433,0.00025995331777259095,2466.0,,,,,,,,,,,,,,0.0,,,,,0.009992886334657669,0.006666666828095913
,mappo,,,,2466.0,0.0,0.0,0.3333333432674408,0.0,0.0,0.0,0.3333333432674408,0.0,0.0,0.0,0.0,0.0,0.0,,,,,,,
-0.0041941930539906025,mappo,3.5913635088036244e-07,-1.2760642766952515,0.00025965321773924644,2467.0,,,,,,,,,,,,,,0.0,,,,,0.010006916709244251,0.006666666828095913
,mappo,,,,2467.0,0.0,0.0,0.3333333432674408,0.0,0.0,0.0,0.3333333432674408,0.0,0.0,0.0,0.0,0.0,0.0,,,,,,,
-0.006200500298291445,mappo,3.7140264907975507e-07,-1.3436691761016846,0.00025935311770590203,2468.0,,,,,,,,,,,,,,0.0,,,,,0.010057663545012474,0.006666666828095913
,mappo,,,,2468.0,0.0,0.0,0.3333333432674408,0.0,0.0,0.0,0.3333333432674408,0.0,0.0,0.0,0.0,0.0,0.0,,,,,,,
-0.010011467151343822,mappo,0.004668643698096275,-1.3814095258712769,0.0002590530176725576,2469.0,,,,,,,,,,,,,,0.0,,,,,0.010452418588101864,0.013333333656191826
,mappo,,,,2469.0,0.0,0.0,0.6666666865348816,0.0,0.0,0.0,0.6666666865348816,0.0,0.0,0.0,0.0,0.0,0.0,,,,,,,
0.026531146839261055,mappo,0.0024940907023847103,-1.4029269218444824,0.0002587529176392131,2470.0,,,,,,,,,,,,,,0.0,,,,,0.010364493355154991,0.013333333656191826
,mappo,,,,2470.0,0.0,0.0,0.6666666865348816,0.0,0.0,0.0,0.6666666865348816,0.0,0.0,0.0,0.0,0.0,0.0,,,,,,,
0.02257637307047844,mappo,0.001978655345737934,-1.356011986732483,0.0002584528176058686,2471.0,,,,,,,,,,,,,,0.0,,,,,0.009939637035131454,0.006666666828095913
,mappo,,,,2471.0,0.0,0.0,0.3333333432674408,0.0,0.0,0.0,0.3333333432674408,0.0,0.0,0.0,0.0,0.0,0.0,,,,,,,
-0.010805652476847172,mappo,0.00030712527222931385,-1.362783432006836,0.0002581527175725243,2472.0,,,,,,,,,,,,,,0.0,,,,,0.010022426024079323,0.006666666828095913
,mappo,,,,2472.0,0.0,0.0,0.3333333432674408,0.0,0.0,0.0,0.3333333432674408,0.0,0.0,0.0,0.0,0.0,0.0,,,,,,,
0.0030156676657497883,mappo,0.0020794894080609083,-1.4443764686584473,0.00025785261753917977,2473.0,,,,,,,,,,,,,,0.0,,,,,0.010368777438998222,0.013333333656191826
,mappo,,,,2473.0,0.0,0.0,0.6666666865348816,0.0,0.0,0.0,0.6666666865348816,0.0,0.0,0.0,0.0,0.0,0.0,,,,,,,
-0.00027716250042431056,mappo,0.0005982127622701228,-1.3954095840454102,0.00025755251750583525,2474.0,,,,,,,,,,,,,,0.0,,,,,0.009934794157743454,0.006666666828095913
,mappo,,,,2474.0,0.0,0.0,0.3333333432674408,0.0,0.0,0.0,0.3333333432674408,0.0,0.0,0.0,0.0,0.0,0.0,,,,,,,
-0.002201987896114588,mappo,7.528191054007038e-05,-1.384115219116211,0.00025725241747249084,2475.0,,,,,,,,,,,,,,0.0,,,,,0.009917998686432838,0.006666666828095913
,mappo,,,,2475.0,0.0,0.0,0.3333333432674408,0.0,0.0,0.0,0.3333333432674408,0.0,0.0,0.0,0.0,0.0,0.0,,,,,,,
-0.0011276965960860252,mappo,7.843558705644682e-05,-1.353285551071167,0.00025695231743914644,2476.0,,,,,,,,,,,,,,0.0,,,,,0.009914238005876541,0.006666666828095913
,mappo,,,,2476.0,0.0,0.0,0.3333333432674408,0.0,0.0,0.0,0.3333333432674408,0.0,0.0,0.0,0.0,0.0,0.0,,,,,,,
0.037839826196432114,mappo,4.7326902858912945e-05,-1.3151588439941406,0.00025665221740580203,2477.0,,,,,,,,,,,,,,0.0,,,,,0.009928543120622635,0.006666666828095913
,mappo,,,,2477.0,0.0,0.0,0.3333333432674408,0.0,0.0,0.0,0.3333333432674408,0.0,0.0,0.0,0.0,0.0,0.0,,,,,,,
-0.00919935293495655,mappo,3.435263715800829e-05,-1.3055397272109985,0.0002563521173724575,2478.0,,,,,,,,,,,,,,0.0,,,,,0.009943222627043724,0.006666666828095913
,mappo,,,,2478.0,0.0,0.0,0.3333333432674408,0.0,0.0,0.0,0.3333333432674408,0.0,0.0,0.0,0.0,0.0,0.0,,,,,,,
-0.008827215060591698,mappo,3.523673512972891e-05,-1.295472502708435,0.000256052017339113,2479.0,,,,,,,,,,,,,,0.0,,,,,0.009949933737516403,0.006666666828095913
,mappo,,,,2479.0,0.0,0.0,0.3333333432674408,0.0,0.0,0.0,0.3333333432674408,0.0,0.0,0.0,0.0,0.0,0.0,,,,,,,
-0.011420764029026031,mappo,3.874862159136683e-05,-1.254929780960083,0.0002557519173057687,2480.0,,,,,,,,,,,,,,0.0,,,,,0.009947565384209156,0.006666666828095913
,mappo,,,,2480.0,0.0,0.0,0.3333333432674408,0.0,0.0,0.0,0.3333333432674408,0.0,0.0,0.0,0.0,0.0,0.0,,,,,,,
-0.004925012122839689,mappo,3.74644914700184e-05,-1.2291289567947388,0.0002554518172724242,2481.0,,,,,,,,,,,,,,0.0,,,,,0.009969701059162617,0.006666666828095913
,mappo,,,,2481.0,0.0,0.0,0.3333333432674408,0.0,0.0,0.0,0.3333333432674408,0.0,0.0,0.0,0.0,0.0,0.0,,,,,,,
0.011822471395134926,mappo,2.734752524702344e-05,-1.1978917121887207,0.00025515171723907966,2482.0,,,,,,,,,,,,,,0.0,,,,,0.009974440559744835,0.006666666828095913
,mappo,,,,2482.0,0.0,0.0,0.3333333432674408,0.0,0.0,0.0,0.3333333432674408,0.0,0.0,0.0,0.0,0.0,0.0,,,,,,,
0.003271716646850109,mappo,2.079238220176194e-05,-1.2101949453353882,0.00025485161720573536,2483.0,,,,,,,,,,,,,,0.0,,,,,0.009984534233808517,0.006666666828095913
,mappo,,,,2483.0,0.0,0.0,0.3333333432674408,0.0,0.0,0.0,0.3333333432674408,0.0,0.0,0.0,0.0,0.0,0.0,,,,,,,
-0.0070801074616611,mappo,1.720732507237699e-05,-1.223582148551941,0.00025455151717239085,2484.0,,,,,,,,,,,,,,0.0,,,,,0.01001804880797863,0.006666666828095913
,mappo,,,,2484.0,0.0,0.0,0.3333333432674408,0.0,0.0,0.0,0.3333333432674408,0.0,0.0,0.0,0.0,0.0,0.0,,,,,,,
0.03390677645802498,mappo,1.2306332791922614e-05,-1.2552696466445923,0.00025425141713904644,2485.0,,,,,,,,,,,,,,0.0,,,,,0.009993227198719978,0.006666666828095913
,mappo,,,,2485.0,0.0,0.0,0.3333333432674408,0.0,0.0,0.0,0.3333333432674408,0.0,0.0,0.0,0.0,0.0,0.0,,,,,,,
-0.009737464599311352,mappo,8.24636299512349e-06,-1.2714096307754517,0.0002539513171057019,2486.0,,,,,,,,,,,,,,0.0,,,,,0.009946543723344803,0.006666666828095913
,mappo,,,,2486.0,0.0,0.0,0.3333333432674408,0.0,0.0,0.0,0.3333333432674408,0.0,0.0,0.0,0.0,0.0,0.0,,,,,,,
-0.005210000555962324,mappo,4.729904958367115e-06,-1.2972866296768188,0.0002536512170723575,2487.0,,,,,,,,,,,,,,0.0,,,,,0.009924003854393959,0.006666666828095913
,mappo,,,,2487.0,0.0,0.0,0.3333333432674408,0.0,0.0,0.0,0.3333333432674408,0.0,0.0,0.0,0.0,0.0,0.0,,,,,,,
0.0006680830847471952,mappo,3.872076376865152e-06,-1.320127010345459,0.0002533511170390131,2488.0,,,,,,,,,,,,,,0.0,,,,,0.009921688586473465,0.006666666828095913
,mappo,,,,2488.0,0.0,0.0,0.3333333432674408,0.0,0.0,0.0,0.3333333432674408,0.0,0.0,0.0,0.0,0.0,0.0,,,,,,,
0.02114163525402546,mappo,3.178405222570291e-06,-1.2925326824188232,0.0002530510170056686,2489.0,,,,,,,,,,,,,,0.0,,,,,0.009916720911860466,0.006666666828095913
,mappo,,,,2489.0,0.0,0.0,0.3333333432674408,0.0,0.0,0.0,0.3333333432674408,0.0,0.0,0.0,0.0,0.0,0.0,,,,,,,
-0.006050366908311844,mappo,3.0939063435653225e-06,-1.296425223350525,0.00025275091697232407,2490.0,,,,,,,,,,,,,,0.0,,,,,0.009946203790605068,0.006666666828095913
,mappo,,,,2490.0,0.0,0.0,0.3333333432674408,0.0,0.0,0.0,0.3333333432674408,0.0,0.0,0.0,0.0,0.0,0.0,,,,,,,
-0.0050596147775650024,mappo,2.3669142592552816e-06,-1.2900136709213257,0.00025245081693897977,2491.0,,,,,,,,,,,,,,0.0,,,,,0.009955799207091331,0.006666666828095913
,mappo,,,,2491.0,0.0,0.0,0.3333333432674408,0.0,0.0,0.0,0.3333333432674408,0.0,0.0,0.0,0.0,0.0,0.0,,,,,,,
-0.005061526317149401,mappo,2.309474893991137e-06,-1.2882353067398071,0.00025215071690563526,2492.0,,,,,,,,,,,,,,0.0,,,,,0.009980324655771255,0.006666666828095913
,mappo,,,,2492.0,0.0,0.0,0.3333333432674408,0.0,0.0,0.0,0.3333333432674408,0.0,0.0,0.0,0.0,0.0,0.0,,,,,,,
-0.0014527369057759643,mappo,1.6653148122713901e-06,-1.2511967420578003,0.00025185061687229074,2493.0,,,,,,,,,,,,,,0.0,,,,,0.00996508076786995,0.006666666828095913
,mappo,,,,2493.0,0.0,0.0,0.3333333432674408,0.0,0.0,0.0,0.3333333432674408,0.0,0.0,0.0,0.0,0.0,0.0,,,,,,,
0.0011436997447162867,mappo,1.6433089058409678e-06,-1.2448835372924805,0.00025155051683894633,2494.0,,,,,,,,,,,,,,0.0,,,,,0.009916812181472778,0.006666666828095913
,mappo,,,,2494.0,0.0,0.0,0.3333333432674408,0.0,0.0,0.0,0.3333333432674408,0.0,0.0,0.0,0.0,0.0,0.0,,,,,,,
-0.016743959859013557,mappo,1.5342993719968945e-06,-1.21737802028656,0.0002512504168056019,2495.0,,,,,,,,,,,,,,0.0,,,,,0.009966094046831131,0.006666666828095913
,mappo,,,,2495.0,0.0,0.0,0.3333333432674408,0.0,0.0,0.0,0.3333333432674408,0.0,0.0,0.0,0.0,0.0,0.0,,,,,,,
0.0010537831112742424,mappo,1.3454293821268948e-06,-1.178551435470581,0.0002509503167722575,2496.0,,,,,,,,,,,,,,0.0,,,,,0.009933199733495712,0.006666666828095913
,mappo,,,,2496.0,0.0,0.0,0.3333333432674408,0.0,0.0,0.0,0.3333333432674408,0.0,0.0,0.0,0.0,0.0,0.0,,,,,,,
-0.004025690723210573,mappo,1.7014583590935217e-06,-1.2854317426681519,0.000250650216738913,2497.0,,,,,,,,,,,,,,0.0,,,,,0.010064058937132359,0.006666666828095913
,mappo,,,,2497.0,0.0,0.0,0.3333333432674408,0.0,0.0,0.0,0.3333333432674408,0.0,0.0,0.0,0.0,0.0,0.0,,,,,,,
-0.005820262711495161,mappo,9.842470944931847e-07,-1.1782538890838623,0.0002503501167055686,2498.0,,,,,,,,,,,,,,0.0,,,,,0.009956611320376396,0.006666666828095913
,mappo,,,,2498.0,0.0,0.0,0.3333333432674408,0.0,0.0,0.0,0.3333333432674408,0.0,0.0,0.0,0.0,0.0,0.0,,,,,,,
-0.005345740355551243,mappo,1.344574570794066e-06,-1.205958604812622,0.0002500500166722242,2499.0,,,,,,,,,,,,,,0.0,,,,,0.00999217014759779,0.006666666828095913
,mappo,,,,2499.0,0.0,0.0,0.3333333432674408,0.0,0.0,0.0,0.3333333432674408,0.0,0.0,0.0,0.0,0.0,0.0,,,,,,,
,mappo,,,,2499.0,,,,,,,,,,,,,,,0.0,0.0,0.3333333432674408,0.0,,
0.01921575888991356,mappo,0.001437778933905065,-1.2465651035308838,0.00024974991663887967,2500.0,,,,,,,,,,,,,,0.0,,,,,0.010329797863960266,0.013333333656191826
,mappo,,,,2500.0,0.0,0.0,0.6666666865348816,0.0,0.0,0.0,0.6666666865348816,0.0,0.0,0.0,0.0,0.0,0.0,,,,,,,
0.0026461565867066383,mappo,0.00042173394467681646,-1.2291996479034424,0.00024944981660553515,2501.0,,,,,,,,,,,,,,0.0,,,,,0.009943167679011822,0.006666666828095913
,mappo,,,,2501.0,0.0,0.0,0.3333333432674408,0.0,0.0,0.0,0.3333333432674408,0.0,0.0,0.0,0.0,0.0,0.0,,,,,,,
0.03744437173008919,mappo,5.930096813244745e-05,-1.1994647979736328,0.00024914971657219085,2502.0,,,,,,,,,,,,,,0.0,,,,,0.009930616244673729,0.006666666828095913
,mappo,,,,2502.0,0.0,0.0,0.3333333432674408,0.0,0.0,0.0,0.3333333432674408,0.0,0.0,0.0,0.0,0.0,0.0,,,,,,,
0.014067046344280243,mappo,0.0009396080859005451,-2.1505022048950195,0.00024884961653884633,2503.0,,,,,,,,,,,,,,0.0,,,,,0.012633214704692364,0.0
,mappo,,,,2503.0,0.0,0.0,0.0,0.0,0.0,0.0,0.0,0.0,0.0,0.0,0.0,0.0,0.0,,,,,,,
0.030953042209148407,mappo,0.0005691963597200811,-1.2857623100280762,0.0002485495165055018,2504.0,,,,,,,,,,,,,,0.0,,,,,0.010144032537937164,0.006666666828095913
,mappo,,,,2504.0,0.0,0.0,0.3333333432674408,0.0,0.0,0.0,0.3333333432674408,0.0,0.0,0.0,0.0,0.0,0.0,,,,,,,
0.06400982290506363,mappo,0.00029076318605802953,-1.1836634874343872,0.0002482494164721574,2505.0,,,,,,,,,,,,,,0.0,,,,,0.009928382933139801,0.006666666828095913
,mappo,,,,2505.0,0.0,0.0,0.3333333432674408,0.0,0.0,0.0,0.3333333432674408,0.0,0.0,0.0,0.0,0.0,0.0,,,,,,,
0.044170208275318146,mappo,0.0008403444080613554,-2.1069302558898926,0.000247949316438813,2506.0,,,,,,,,,,,,,,0.0,,,,,0.012675022706389427,0.0
,mappo,,,,2506.0,0.0,0.0,0.0,0.0,0.0,0.0,0.0,0.0,0.0,0.0,0.0,0.0,0.0,,,,,,,
0.023950716480612755,mappo,0.0003946630749851465,-1.1890240907669067,0.0002476492164054686,2507.0,,,,,,,,,,,,,,0.0,,,,,0.010066347196698189,0.006666666828095913
,mappo,,,,2507.0,0.0,0.0,0.3333333432674408,0.0,0.0,0.0,0.3333333432674408,0.0,0.0,0.0,0.0,0.0,0.0,,,,,,,
-0.0052720485255122185,mappo,0.00022382568567991257,-1.159365177154541,0.0002473491163721241,2508.0,,,,,,,,,,,,,,0.0,,,,,0.009983234107494354,0.006666666828095913
,mappo,,,,2508.0,0.0,0.0,0.3333333432674408,0.0,0.0,0.0,0.3333333432674408,0.0,0.0,0.0,0.0,0.0,0.0,,,,,,,
0.0014070067554712296,mappo,8.88760550878942e-05,-1.098245620727539,0.00024704901633877956,2509.0,,,,,,,,,,,,,,0.0,,,,,0.009971490129828453,0.006666666828095913
,mappo,,,,2509.0,0.0,0.0,0.3333333432674408,0.0,0.0,0.0,0.3333333432674408,0.0,0.0,0.0,0.0,0.0,0.0,,,,,,,
-0.009371589869260788,mappo,0.0027670604176819324,-1.0376285314559937,0.00024674891630543526,2510.0,,,,,,,,,,,,,,0.0,,,,,0.010637358762323856,0.013333333656191826
,mappo,,,,2510.0,0.0,0.0,0.6666666865348816,0.0,0.0,0.0,0.6666666865348816,0.0,0.0,0.0,0.0,0.0,0.0,,,,,,,
-0.002454377943649888,mappo,0.0016926408279687166,-0.9335365891456604,0.00024644881627209074,2511.0,,,,,,,,,,,,,,0.0,,,,,0.010334169492125511,0.013333333656191826
,mappo,,,,2511.0,0.0,0.0,0.6666666865348816,0.0,0.0,0.0,0.6666666865348816,0.0,0.0,0.0,0.0,0.0,0.0,,,,,,,
0.00687755923718214,mappo,0.0013483196962624788,-1.025512456893921,0.0002461487162387462,2512.0,,,,,,,,,,,,,,0.0,,,,,0.009888038039207458,0.006666666828095913
,mappo,,,,2512.0,0.0,0.0,0.3333333432674408,0.0,0.0,0.0,0.3333333432674408,0.0,0.0,0.0,0.0,0.0,0.0,,,,,,,
-0.0008219631272368133,mappo,0.0017235642299056053,-0.924808144569397,0.0002458486162054019,2513.0,,,,,,,,,,,,,,0.0,,,,,0.010317519307136536,0.013333333656191826
,mappo,,,,2513.0,0.0,0.0,0.6666666865348816,0.0,0.0,0.0,0.6666666865348816,0.0,0.0,0.0,0.0,0.0,0.0,,,,,,,
-0.0018828429747372866,mappo,0.0006609077099710703,-0.891762375831604,0.0002455485161720574,2514.0,,,,,,,,,,,,,,0.0,,,,,0.010351846925914288,0.013333333656191826
,mappo,,,,2514.0,0.0,0.0,0.6666666865348816,0.0,0.0,0.0,0.6666666865348816,0.0,0.0,0.0,0.0,0.0,0.0,,,,,,,
0.0011723758652806282,mappo,0.0002819201035890728,-0.8824745416641235,0.0002452484161387129,2515.0,,,,,,,,,,,,,,0.0,,,,,0.010518464259803295,0.013333333656191826
,mappo,,,,2515.0,0.0,0.0,0.6666666865348816,0.0,0.0,0.0,0.6666666865348816,0.0,0.0,0.0,0.0,0.0,0.0,,,,,,,
-0.0079796826466918,mappo,0.0022370400838553905,-1.0375547409057617,0.0002449483161053685,2516.0,,,,,,,,,,,,,,0.0,,,,,0.009930457919836044,0.006666666828095913
,mappo,,,,2516.0,0.0,0.0,0.3333333432674408,0.0,0.0,0.0,0.3333333432674408,0.0,0.0,0.0,0.0,0.0,0.0,,,,,,,
0.02622457779943943,mappo,0.0005472152843140066,-0.8879046440124512,0.0002446482160720241,2517.0,,,,,,,,,,,,,,0.0,,,,,0.010482951998710632,0.013333333656191826
,mappo,,,,2517.0,0.0,0.0,0.6666666865348816,0.0,0.0,0.0,0.6666666865348816,0.0,0.0,0.0,0.0,0.0,0.0,,,,,,,
-0.004956431221216917,mappo,0.00033510103821754456,-0.9501752853393555,0.00024434811603867967,2518.0,,,,,,,,,,,,,,0.0,,,,,0.010207302868366241,0.013333333656191826
,mappo,,,,2518.0,0.0,0.0,0.6666666865348816,0.0,0.0,0.0,0.6666666865348816,0.0,0.0,0.0,0.0,0.0,0.0,,,,,,,
-0.0064043570309877396,mappo,0.0001578105438966304,-0.895737886428833,0.00024404801600533515,2519.0,,,,,,,,,,,,,,0.0,,,,,0.01033441536128521,0.013333333656191826
,mappo,,,,2519.0,0.0,0.0,0.6666666865348816,0.0,0.0,0.0,0.6666666865348816,0.0,0.0,0.0,0.0,0.0,0.0,,,,,,,
-0.007441349793225527,mappo,6.437696720240638e-05,-0.9041990041732788,0.00024374791597199063,2520.0,,,,,,,,,,,,,,0.0,,,,,0.010450036264955997,0.013333333656191826
,mappo,,,,2520.0,0.0,0.0,0.6666666865348816,0.0,0.0,0.0,0.6666666865348816,0.0,0.0,0.0,0.0,0.0,0.0,,,,,,,
0.0031987931579351425,mappo,3.678933353512548e-05,-0.9220026731491089,0.00024344781593864633,2521.0,,,,,,,,,,,,,,0.0,,,,,0.010470922105014324,0.013333333656191826
,mappo,,,,2521.0,0.0,0.0,0.6666666865348816,0.0,0.0,0.0,0.6666666865348816,0.0,0.0,0.0,0.0,0.0,0.0,,,,,,,
0.013438613153994083,mappo,4.615761645254679e-05,-0.9420372247695923,0.00024314771590530182,2522.0,,,,,,,,,,,,,,0.0,,,,,0.010424038395285606,0.013333333656191826
,mappo,,,,2522.0,0.0,0.0,0.6666666865348816,0.0,0.0,0.0,0.6666666865348816,0.0,0.0,0.0,0.0,0.0,0.0,,,,,,,
0.014405372552573681,mappo,3.175769234076142e-05,-0.9667525291442871,0.0002428476158719573,2523.0,,,,,,,,,,,,,,0.0,,,,,0.010449303314089775,0.013333333656191826
,mappo,,,,2523.0,0.0,0.0,0.6666666865348816,0.0,0.0,0.0,0.6666666865348816,0.0,0.0,0.0,0.0,0.0,0.0,,,,,,,
0.0051966761238873005,mappo,1.7723730707075447e-05,-1.0008466243743896,0.0002425475158386129,2524.0,,,,,,,,,,,,,,0.0,,,,,0.01043411623686552,0.013333333656191826
,mappo,,,,2524.0,0.0,0.0,0.6666666865348816,0.0,0.0,0.0,0.6666666865348816,0.0,0.0,0.0,0.0,0.0,0.0,,,,,,,
0.01051319669932127,mappo,1.1131645806017332e-05,-0.9682095050811768,0.00024224741580526849,2525.0,,,,,,,,,,,,,,0.0,,,,,0.010561599396169186,0.013333333656191826
,mappo,,,,2525.0,0.0,0.0,0.6666666865348816,0.0,0.0,0.0,0.6666666865348816,0.0,0.0,0.0,0.0,0.0,0.0,,,,,,,
0.17474067211151123,mappo,0.0017345702508464456,-2.1421947479248047,0.00024194731577192397,2526.0,,,,,,,,,,,,,,0.0,,,,,0.012785181403160095,0.0
,mappo,,,,2526.0,0.0,0.0,0.0,0.0,0.0,0.0,0.0,0.0,0.0,0.0,0.0,0.0,0.0,,,,,,,
-0.0032548783347010612,mappo,0.0011477448279038072,-0.9997386932373047,0.00024164721573857956,2527.0,,,,,,,,,,,,,,0.0,,,,,0.010479153133928776,0.013333333656191826
,mappo,,,,2527.0,0.0,0.0,0.6666666865348816,0.0,0.0,0.0,0.6666666865348816,0.0,0.0,0.0,0.0,0.0,0.0,,,,,,,
0.1448066383600235,mappo,0.0005161244771443307,-2.1290266513824463,0.00024134711570523515,2528.0,,,,,,,,,,,,,,0.0,,,,,0.01284303329885006,0.0
,mappo,,,,2528.0,0.0,0.0,0.0,0.0,0.0,0.0,0.0,0.0,0.0,0.0,0.0,0.0,0.0,,,,,,,
0.06727548688650131,mappo,0.002136283554136753,-1.1035022735595703,0.00024104701567189074,2529.0,,,,,,,,,,,,,,0.0,,,,,0.01069598738104105,0.013333333656191826
,mappo,,,,2529.0,0.0,0.0,0.6666666865348816,0.0,0.0,0.0,0.6666666865348816,0.0,0.0,0.0,0.0,0.0,0.0,,,,,,,
-0.003476172685623169,mappo,0.0008407571003772318,-0.9416460990905762,0.00024074691563854623,2530.0,,,,,,,,,,,,,,0.0,,,,,0.010615353472530842,0.013333333656191826
,mappo,,,,2530.0,0.0,0.0,0.6666666865348816,0.0,0.0,0.0,0.6666666865348816,0.0,0.0,0.0,0.0,0.0,0.0,,,,,,,
-0.005468844436109066,mappo,0.0003007386112585664,-0.9248919486999512,0.0002404468156052017,2531.0,,,,,,,,,,,,,,0.0,,,,,0.010591309517621994,0.013333333656191826
,mappo,,,,2531.0,0.0,0.0,0.6666666865348816,0.0,0.0,0.0,0.6666666865348816,0.0,0.0,0.0,0.0,0.0,0.0,,,,,,,
-0.008873682469129562,mappo,0.00035584860597737134,-0.9102544188499451,0.0002401467155718574,2532.0,,,,,,,,,,,,,,0.0,,,,,0.010593639686703682,0.013333333656191826
,mappo,,,,2532.0,0.0,0.0,0.6666666865348816,0.0,0.0,0.0,0.6666666865348816,0.0,0.0,0.0,0.0,0.0,0.0,,,,,,,
-0.005862053483724594,mappo,0.00012771799811162055,-0.9331580400466919,0.0002398466155385129,2533.0,,,,,,,,,,,,,,0.0,,,,,0.010518856346607208,0.013333333656191826
,mappo,,,,2533.0,0.0,0.0,0.6666666865348816,0.0,0.0,0.0,0.6666666865348816,0.0,0.0,0.0,0.0,0.0,0.0,,,,,,,
-0.0003239641082473099,mappo,6.530085374834016e-05,-0.9330286383628845,0.00023954651550516838,2534.0,,,,,,,,,,,,,,0.0,,,,,0.01063934899866581,0.013333333656191826
,mappo,,,,2534.0,0.0,0.0,0.6666666865348816,0.0,0.0,0.0,0.6666666865348816,0.0,0.0,0.0,0.0,0.0,0.0,,,,,,,
0.007559050340205431,mappo,0.00014721117622684687,-0.9461733102798462,0.00023924641547182397,2535.0,,,,,,,,,,,,,,0.0,,,,,0.010620937682688236,0.013333333656191826
,mappo,,,,2535.0,0.0,0.0,0.6666666865348816,0.0,0.0,0.0,0.6666666865348816,0.0,0.0,0.0,0.0,0.0,0.0,,,,,,,
0.028517592698335648,mappo,0.001844306942075491,-2.036375045776367,0.00023894631543847956,2536.0,,,,,,,,,,,,,,0.0,,,,,0.012551845982670784,0.0
,mappo,,,,2536.0,0.0,0.0,0.0,0.0,0.0,0.0,0.0,0.0,0.0,0.0,0.0,0.0,0.0,,,,,,,
0.0040766107849776745,mappo,0.001761775929480791,-0.9657025337219238,0.00023864621540513505,2537.0,,,,,,,,,,,,,,0.0,,,,,0.010591364465653896,0.013333333656191826
,mappo,,,,2537.0,0.0,0.0,0.6666666865348816,0.0,0.0,0.0,0.6666666865348816,0.0,0.0,0.0,0.0,0.0,0.0,,,,,,,
0.0038397505413740873,mappo,0.0009828179609030485,-1.08359694480896,0.00023834611537179064,2538.0,,,,,,,,,,,,,,0.0,,,,,0.010663395747542381,0.013333333656191826
,mappo,,,,2538.0,0.0,0.0,0.6666666865348816,0.0,0.0,0.0,0.6666666865348816,0.0,0.0,0.0,0.0,0.0,0.0,,,,,,,
-0.009363633580505848,mappo,0.0003700604720506817,-0.9905179738998413,0.00023804601533844612,2539.0,,,,,,,,,,,,,,0.0,,,,,0.010582751594483852,0.013333333656191826
,mappo,,,,2539.0,0.0,0.0,0.6666666865348816,0.0,0.0,0.0,0.6666666865348816,0.0,0.0,0.0,0.0,0.0,0.0,,,,,,,
0.03214981406927109,mappo,0.0019451768603175879,-2.199605703353882,0.00023774591530510182,2540.0,,,,,,,,,,,,,,0.0,,,,,0.012545088306069374,0.0
,mappo,,,,2540.0,0.0,0.0,0.0,0.0,0.0,0.0,0.0,0.0,0.0,0.0,0.0,0.0,0.0,,,,,,,
0.031684380024671555,mappo,0.001593988505192101,-2.2630438804626465,0.0002374458152717573,2541.0,,,,,,,,,,,,,,0.0,,,,,0.012553172186017036,0.0
,mappo,,,,2541.0,0.0,0.0,0.0,0.0,0.0,0.0,0.0,0.0,0.0,0.0,0.0,0.0,0.0,,,,,,,
0.01687319204211235,mappo,0.0008588737109676003,-2.2925753593444824,0.0002371457152384128,2542.0,,,,,,,,,,,,,,0.0,,,,,0.012564923614263535,0.0
,mappo,,,,2542.0,0.0,0.0,0.0,0.0,0.0,0.0,0.0,0.0,0.0,0.0,0.0,0.0,0.0,,,,,,,
-0.007057203445583582,mappo,0.004140777513384819,-1.1888256072998047,0.0002368456152050685,2543.0,,,,,,,,,,,,,,0.0,,,,,0.010627087205648422,0.013333333656191826
,mappo,,,,2543.0,0.0,0.0,0.6666666865348816,0.0,0.0,0.0,0.6666666865348816,0.0,0.0,0.0,0.0,0.0,0.0,,,,,,,
0.2758655846118927,mappo,0.0008700295002199709,-2.3282251358032227,0.00023654551517172397,2544.0,,,,,,,,,,,,,,0.0,,,,,0.012562712654471397,0.0
,mappo,,,,2544.0,0.0,0.0,0.0,0.0,0.0,0.0,0.0,0.0,0.0,0.0,0.0,0.0,0.0,,,,,,,
-0.006329638883471489,mappo,0.004179922863841057,-1.0843409299850464,0.00023624541513837945,2545.0,,,,,,,,,,,,,,0.0,,,,,0.010450303554534912,0.013333333656191826
,mappo,,,,2545.0,0.0,0.0,0.6666666865348816,0.0,0.0,0.0,0.6666666865348816,0.0,0.0,0.0,0.0,0.0,0.0,,,,,,,
0.04426604136824608,mappo,0.00277643371373415,-1.097075343132019,0.00023594531510503505,2546.0,,,,,,,,,,,,,,0.0,,,,,0.010404814034700394,0.013333333656191826
,mappo,,,,2546.0,0.0,0.0,0.6666666865348816,0.0,0.0,0.0,0.6666666865348816,0.0,0.0,0.0,0.0,0.0,0.0,,,,,,,
0.0888441652059555,mappo,0.001737594255246222,-1.1043599843978882,0.00023564521507169064,2547.0,,,,,,,,,,,,,,0.0,,,,,0.01042262651026249,0.013333333656191826
,mappo,,,,2547.0,0.0,0.0,0.6666666865348816,0.0,0.0,0.0,0.6666666865348816,0.0,0.0,0.0,0.0,0.0,0.0,,,,,,,
0.04276921972632408,mappo,0.001015378045849502,-1.117863416671753,0.00023534511503834612,2548.0,,,,,,,,,,,,,,0.0,,,,,0.010423257946968079,0.013333333656191826
,mappo,,,,2548.0,0.0,0.0,0.6666666865348816,0.0,0.0,0.0,0.6666666865348816,0.0,0.0,0.0,0.0,0.0,0.0,,,,,,,
0.04956870526075363,mappo,0.00038546661380678415,-1.089339017868042,0.00023504501500500171,2549.0,,,,,,,,,,,,,,0.0,,,,,0.010337477549910545,0.013333333656191826
,mappo,,,,2549.0,0.0,0.0,0.6666666865348816,0.0,0.0,0.0,0.6666666865348816,0.0,0.0,0.0,0.0,0.0,0.0,,,,,,,
-0.007910452783107758,mappo,0.00030431640334427357,-1.1138440370559692,0.0002347449149716572,2550.0,,,,,,,,,,,,,,0.0,,,,,0.010288190096616745,0.013333333656191826
,mappo,,,,2550.0,0.0,0.0,0.6666666865348816,0.0,0.0,0.0,0.6666666865348816,0.0,0.0,0.0,0.0,0.0,0.0,,,,,,,
-0.00712990015745163,mappo,0.00015007739420980215,-1.1534348726272583,0.0002344448149383129,2551.0,,,,,,,,,,,,,,0.0,,,,,0.010359078645706177,0.013333333656191826
,mappo,,,,2551.0,0.0,0.0,0.6666666865348816,0.0,0.0,0.0,0.6666666865348816,0.0,0.0,0.0,0.0,0.0,0.0,,,,,,,
0.013806548900902271,mappo,0.0001827424712246284,-1.1339629888534546,0.00023414471490496838,2552.0,,,,,,,,,,,,,,0.0,,,,,0.010502291843295097,0.013333333656191826
,mappo,,,,2552.0,0.0,0.0,0.6666666865348816,0.0,0.0,0.0,0.6666666865348816,0.0,0.0,0.0,0.0,0.0,0.0,,,,,,,
-0.00504363514482975,mappo,0.001298666000366211,-1.3311867713928223,0.00023384461487162386,2553.0,,,,,,,,,,,,,,0.0,,,,,0.010021968744695187,0.006666666828095913
,mappo,,,,2553.0,0.0,0.0,0.3333333432674408,0.0,0.0,0.0,0.3333333432674408,0.0,0.0,0.0,0.0,0.0,0.0,,,,,,,
0.002813667058944702,mappo,0.0013438565656542778,-1.186607003211975,0.00023354451483827946,2554.0,,,,,,,,,,,,,,0.0,,,,,0.010349977761507034,0.013333333656191826
,mappo,,,,2554.0,0.0,0.0,0.6666666865348816,0.0,0.0,0.0,0.6666666865348816,0.0,0.0,0.0,0.0,0.0,0.0,,,,,,,
-0.01258422713726759,mappo,0.0009575753938406706,-1.203305721282959,0.00023324441480493505,2555.0,,,,,,,,,,,,,,0.0,,,,,0.010315262712538242,0.013333333656191826
,mappo,,,,2555.0,0.0,0.0,0.6666666865348816,0.0,0.0,0.0,0.6666666865348816,0.0,0.0,0.0,0.0,0.0,0.0,,,,,,,
-0.008668006397783756,mappo,0.0006221549119800329,-1.2085152864456177,0.00023294431477159053,2556.0,,,,,,,,,,,,,,0.0,,,,,0.010344509966671467,0.013333333656191826
,mappo,,,,2556.0,0.0,0.0,0.6666666865348816,0.0,0.0,0.0,0.6666666865348816,0.0,0.0,0.0,0.0,0.0,0.0,,,,,,,
-0.0016303652664646506,mappo,0.0019428640371188521,-1.3747000694274902,0.00023264421473824612,2557.0,,,,,,,,,,,,,,0.0,,,,,0.01002667099237442,0.006666666828095913
,mappo,,,,2557.0,0.0,0.0,0.3333333432674408,0.0,0.0,0.0,0.3333333432674408,0.0,0.0,0.0,0.0,0.0,0.0,,,,,,,
-0.0075371526181697845,mappo,0.0008189124055206776,-1.2365083694458008,0.00023234411470490172,2558.0,,,,,,,,,,,,,,0.0,,,,,0.01027899980545044,0.013333333656191826
,mappo,,,,2558.0,0.0,0.0,0.6666666865348816,0.0,0.0,0.0,0.6666666865348816,0.0,0.0,0.0,0.0,0.0,0.0,,,,,,,
0.0003323450800962746,mappo,0.0014764298684895039,-1.3730062246322632,0.0002320440146715572,2559.0,,,,,,,,,,,,,,0.0,,,,,0.010042762383818626,0.006666666828095913
,mappo,,,,2559.0,0.0,0.0,0.3333333432674408,0.0,0.0,0.0,0.3333333432674408,0.0,0.0,0.0,0.0,0.0,0.0,,,,,,,
-0.004181615076959133,mappo,0.0009613723959773779,-1.219272494316101,0.0002317439146382128,2560.0,,,,,,,,,,,,,,0.0,,,,,0.01026446558535099,0.013333333656191826
,mappo,,,,2560.0,0.0,0.0,0.6666666865348816,0.0,0.0,0.0,0.6666666865348816,0.0,0.0,0.0,0.0,0.0,0.0,,,,,,,
-0.0062963347882032394,mappo,0.0005174039979465306,-1.2002906799316406,0.00023144381460486827,2561.0,,,,,,,,,,,,,,0.0,,,,,0.010447189211845398,0.013333333656191826
,mappo,,,,2561.0,0.0,0.0,0.6666666865348816,0.0,0.0,0.0,0.6666666865348816,0.0,0.0,0.0,0.0,0.0,0.0,,,,,,,
-0.004977780859917402,mappo,0.0002598986611701548,-1.1738851070404053,0.00023114371457152397,2562.0,,,,,,,,,,,,,,0.0,,,,,0.010410650633275509,0.013333333656191826
,mappo,,,,2562.0,0.0,0.0,0.6666666865348816,0.0,0.0,0.0,0.6666666865348816,0.0,0.0,0.0,0.0,0.0,0.0,,,,,,,
-0.008988186717033386,mappo,0.00012405608140397817,-1.180539608001709,0.00023084361453817946,2563.0,,,,,,,,,,,,,,0.0,,,,,0.010365203954279423,0.013333333656191826
,mappo,,,,2563.0,0.0,0.0,0.6666666865348816,0.0,0.0,0.0,0.6666666865348816,0.0,0.0,0.0,0.0,0.0,0.0,,,,,,,
-0.004681417718529701,mappo,0.00010357656719861552,-1.1183083057403564,0.00023054351450483494,2564.0,,,,,,,,,,,,,,0.0,,,,,0.010412166826426983,0.013333333656191826
,mappo,,,,2564.0,0.0,0.0,0.6666666865348816,0.0,0.0,0.0,0.6666666865348816,0.0,0.0,0.0,0.0,0.0,0.0,,,,,,,
-0.007450724486261606,mappo,6.702086102450266e-05,-1.1150994300842285,0.00023024341447149053,2565.0,,,,,,,,,,,,,,0.0,,,,,0.010373184457421303,0.013333333656191826
,mappo,,,,2565.0,0.0,0.0,0.6666666865348816,0.0,0.0,0.0,0.6666666865348816,0.0,0.0,0.0,0.0,0.0,0.0,,,,,,,
0.0019233020721003413,mappo,0.002856411039829254,-1.3760006427764893,0.00022994331443814612,2566.0,,,,,,,,,,,,,,0.0,,,,,0.009969750419259071,0.006666666828095913
,mappo,,,,2566.0,0.0,0.0,0.3333333432674408,0.0,0.0,0.0,0.3333333432674408,0.0,0.0,0.0,0.0,0.0,0.0,,,,,,,
-0.0058791013434529305,mappo,0.0004479245108086616,-1.1961960792541504,0.0002296432144048016,2567.0,,,,,,,,,,,,,,0.0,,,,,0.01042404118925333,0.013333333656191826
,mappo,,,,2567.0,0.0,0.0,0.6666666865348816,0.0,0.0,0.0,0.6666666865348816,0.0,0.0,0.0,0.0,0.0,0.0,,,,,,,
-0.0033700792118906975,mappo,0.0003021690354216844,-1.192163348197937,0.0002293431143714572,2568.0,,,,,,,,,,,,,,0.0,,,,,0.0103142149746418,0.013333333656191826
,mappo,,,,2568.0,0.0,0.0,0.6666666865348816,0.0,0.0,0.0,0.6666666865348816,0.0,0.0,0.0,0.0,0.0,0.0,,,,,,,
-0.008071181364357471,mappo,0.002144451020285487,-1.3823097944259644,0.00022904301433811268,2569.0,,,,,,,,,,,,,,0.0,,,,,0.010025858879089355,0.006666666828095913
,mappo,,,,2569.0,0.0,0.0,0.3333333432674408,0.0,0.0,0.0,0.3333333432674408,0.0,0.0,0.0,0.0,0.0,0.0,,,,,,,
-0.0029881466180086136,mappo,0.0009836069075390697,-1.4641624689102173,0.00022874291430476828,2570.0,,,,,,,,,,,,,,0.0,,,,,0.010214300826191902,0.006666666828095913
,mappo,,,,2570.0,0.0,0.0,0.3333333432674408,0.0,0.0,0.0,0.3333333432674408,0.0,0.0,0.0,0.0,0.0,0.0,,,,,,,
-0.004336973186582327,mappo,0.0003820171987172216,-1.4952976703643799,0.00022844281427142387,2571.0,,,,,,,,,,,,,,0.0,,,,,0.010155273601412773,0.006666666828095913
,mappo,,,,2571.0,0.0,0.0,0.3333333432674408,0.0,0.0,0.0,0.3333333432674408,0.0,0.0,0.0,0.0,0.0,0.0,,,,,,,
-0.012630656361579895,mappo,0.00014126212045084685,-1.4878541231155396,0.00022814271423807935,2572.0,,,,,,,,,,,,,,0.0,,,,,0.010218765586614609,0.006666666828095913
,mappo,,,,2572.0,0.0,0.0,0.3333333432674408,0.0,0.0,0.0,0.3333333432674408,0.0,0.0,0.0,0.0,0.0,0.0,,,,,,,
0.000586523674428463,mappo,6.441864388762042e-05,-1.4604419469833374,0.00022784261420473505,2573.0,,,,,,,,,,,,,,0.0,,,,,0.010017842054367065,0.006666666828095913
,mappo,,,,2573.0,0.0,0.0,0.3333333432674408,0.0,0.0,0.0,0.3333333432674408,0.0,0.0,0.0,0.0,0.0,0.0,,,,,,,
0.0033770950976759195,mappo,3.568509782780893e-05,-1.4629255533218384,0.00022754251417139053,2574.0,,,,,,,,,,,,,,0.0,,,,,0.00997183844447136,0.006666666828095913
,mappo,,,,2574.0,0.0,0.0,0.3333333432674408,0.0,0.0,0.0,0.3333333432674408,0.0,0.0,0.0,0.0,0.0,0.0,,,,,,,
-0.0034923318307846785,mappo,0.004849163815379143,-1.373019814491272,0.00022724241413804602,2575.0,,,,,,,,,,,,,,0.0,,,,,0.010419675149023533,0.013333333656191826
,mappo,,,,2575.0,0.0,0.0,0.6666666865348816,0.0,0.0,0.0,0.6666666865348816,0.0,0.0,0.0,0.0,0.0,0.0,,,,,,,
-0.006094765849411488,mappo,0.00404736865311861,-1.2749346494674683,0.0002269423141047016,2576.0,,,,,,,,,,,,,,0.0,,,,,0.01042843796312809,0.013333333656191826
,mappo,,,,2576.0,0.0,0.0,0.6666666865348816,0.0,0.0,0.0,0.6666666865348816,0.0,0.0,0.0,0.0,0.0,0.0,,,,,,,
0.0040511260740458965,mappo,0.004093382973223925,-1.2775994539260864,0.0002266422140713572,2577.0,,,,,,,,,,,,,,0.0,,,,,0.010454859584569931,0.013333333656191826
,mappo,,,,2577.0,0.0,0.0,0.6666666865348816,0.0,0.0,0.0,0.6666666865348816,0.0,0.0,0.0,0.0,0.0,0.0,,,,,,,
0.009858517907559872,mappo,0.0037878614384680986,-1.277138113975525,0.00022634211403801268,2578.0,,,,,,,,,,,,,,0.0,,,,,0.010452168062329292,0.013333333656191826
,mappo,,,,2578.0,0.0,0.0,0.6666666865348816,0.0,0.0,0.0,0.6666666865348816,0.0,0.0,0.0,0.0,0.0,0.0,,,,,,,
-0.005455475300550461,mappo,0.0022438957821577787,-1.293466567993164,0.00022604201400466828,2579.0,,,,,,,,,,,,,,0.0,,,,,0.010519392788410187,0.013333333656191826
,mappo,,,,2579.0,0.0,0.0,0.6666666865348816,0.0,0.0,0.0,0.6666666865348816,0.0,0.0,0.0,0.0,0.0,0.0,,,,,,,
0.06332982331514359,mappo,0.0012247945414856076,-1.2968955039978027,0.00022574191397132376,2580.0,,,,,,,,,,,,,,0.0,,,,,0.010598354041576385,0.013333333656191826
,mappo,,,,2580.0,0.0,0.0,0.6666666865348816,0.0,0.0,0.0,0.6666666865348816,0.0,0.0,0.0,0.0,0.0,0.0,,,,,,,
-0.006712062284350395,mappo,0.001094323699362576,-1.2760921716690063,0.00022544181393797935,2581.0,,,,,,,,,,,,,,0.0,,,,,0.010391006246209145,0.013333333656191826
,mappo,,,,2581.0,0.0,0.0,0.6666666865348816,0.0,0.0,0.0,0.6666666865348816,0.0,0.0,0.0,0.0,0.0,0.0,,,,,,,
0.002663122722879052,mappo,0.0009060238371603191,-1.611249566078186,0.00022514171390463494,2582.0,,,,,,,,,,,,,,0.0,,,,,0.010017281398177147,0.006666666828095913
,mappo,,,,2582.0,0.0,0.0,0.3333333432674408,0.0,0.0,0.0,0.3333333432674408,0.0,0.0,0.0,0.0,0.0,0.0,,,,,,,
0.007636660244315863,mappo,0.0008725256193429232,-1.406823754310608,0.00022484161387129043,2583.0,,,,,,,,,,,,,,0.0,,,,,0.010447010397911072,0.013333333656191826
,mappo,,,,2583.0,0.0,0.0,0.6666666865348816,0.0,0.0,0.0,0.6666666865348816,0.0,0.0,0.0,0.0,0.0,0.0,,,,,,,
-0.0069046784192323685,mappo,0.00023501072428189218,-1.2946234941482544,0.00022454151383794602,2584.0,,,,,,,,,,,,,,0.0,,,,,0.010512587614357471,0.013333333656191826
,mappo,,,,2584.0,0.0,0.0,0.6666666865348816,0.0,0.0,0.0,0.6666666865348816,0.0,0.0,0.0,0.0,0.0,0.0,,,,,,,
-0.0018355788197368383,mappo,0.00026239463477395475,-1.245854377746582,0.0002242414138046016,2585.0,,,,,,,,,,,,,,0.0,,,,,0.010341585613787174,0.013333333656191826
,mappo,,,,2585.0,0.0,0.0,0.6666666865348816,0.0,0.0,0.0,0.6666666865348816,0.0,0.0,0.0,0.0,0.0,0.0,,,,,,,
-0.00854512955993414,mappo,0.0002627424546517432,-1.210752010345459,0.0002239413137712571,2586.0,,,,,,,,,,,,,,0.0,,,,,0.010405493900179863,0.013333333656191826
,mappo,,,,2586.0,0.0,0.0,0.6666666865348816,0.0,0.0,0.0,0.6666666865348816,0.0,0.0,0.0,0.0,0.0,0.0,,,,,,,
0.01938437484204769,mappo,0.0002562924346420914,-1.3384320735931396,0.00022364121373791269,2587.0,,,,,,,,,,,,,,0.0,,,,,0.01042914018034935,0.013333333656191826
,mappo,,,,2587.0,0.0,0.0,0.6666666865348816,0.0,0.0,0.0,0.6666666865348816,0.0,0.0,0.0,0.0,0.0,0.0,,,,,,,
0.0005060735857114196,mappo,0.00016135603073053062,-1.290155291557312,0.00022334111370456828,2588.0,,,,,,,,,,,,,,0.0,,,,,0.01050134189426899,0.013333333656191826
,mappo,,,,2588.0,0.0,0.0,0.6666666865348816,0.0,0.0,0.0,0.6666666865348816,0.0,0.0,0.0,0.0,0.0,0.0,,,,,,,
-0.004736377391964197,mappo,4.17753508372698e-05,-1.225293755531311,0.00022304101367122376,2589.0,,,,,,,,,,,,,,0.0,,,,,0.010241526179015636,0.013333333656191826
,mappo,,,,2589.0,0.0,0.0,0.6666666865348816,0.0,0.0,0.0,0.6666666865348816,0.0,0.0,0.0,0.0,0.0,0.0,,,,,,,
0.08273082971572876,mappo,9.33355258894153e-05,-1.2706152200698853,0.00022274091363787935,2590.0,,,,,,,,,,,,,,0.0,,,,,0.010374796576797962,0.013333333656191826
,mappo,,,,2590.0,0.0,0.0,0.6666666865348816,0.0,0.0,0.0,0.6666666865348816,0.0,0.0,0.0,0.0,0.0,0.0,,,,,,,
-0.007494891528040171,mappo,8.767218241700903e-05,-1.1362652778625488,0.00022244081360453484,2591.0,,,,,,,,,,,,,,0.0,,,,,0.010355624370276928,0.013333333656191826
,mappo,,,,2591.0,0.0,0.0,0.6666666865348816,0.0,0.0,0.0,0.6666666865348816,0.0,0.0,0.0,0.0,0.0,0.0,,,,,,,
0.013961541466414928,mappo,2.7724732717615552e-05,-1.217347264289856,0.00022214071357119043,2592.0,,,,,,,,,,,,,,0.0,,,,,0.010196482762694359,0.013333333656191826
,mappo,,,,2592.0,0.0,0.0,0.6666666865348816,0.0,0.0,0.0,0.6666666865348816,0.0,0.0,0.0,0.0,0.0,0.0,,,,,,,
0.006021534558385611,mappo,8.799255738267675e-06,-1.1274198293685913,0.00022184061353784602,2593.0,,,,,,,,,,,,,,0.0,,,,,0.010578278452157974,0.013333333656191826
,mappo,,,,2593.0,0.0,0.0,0.6666666865348816,0.0,0.0,0.0,0.6666666865348816,0.0,0.0,0.0,0.0,0.0,0.0,,,,,,,
0.00045820564264431596,mappo,0.00012330705067142844,-1.5000014305114746,0.0002215405135045015,2594.0,,,,,,,,,,,,,,0.0,,,,,0.010290993377566338,0.006666666828095913
,mappo,,,,2594.0,0.0,0.0,0.3333333432674408,0.0,0.0,0.0,0.3333333432674408,0.0,0.0,0.0,0.0,0.0,0.0,,,,,,,
0.0007278121775016189,mappo,0.0002600412117317319,-1.490065574645996,0.0002212404134711571,2595.0,,,,,,,,,,,,,,0.0,,,,,0.010203021578490734,0.006666666828095913
,mappo,,,,2595.0,0.0,0.0,0.3333333432674408,0.0,0.0,0.0,0.3333333432674408,0.0,0.0,0.0,0.0,0.0,0.0,,,,,,,
-0.005358378402888775,mappo,0.0002407962892903015,-1.4944487810134888,0.0002209403134378127,2596.0,,,,,,,,,,,,,,0.0,,,,,0.01020003017038107,0.006666666828095913
,mappo,,,,2596.0,0.0,0.0,0.3333333432674408,0.0,0.0,0.0,0.3333333432674408,0.0,0.0,0.0,0.0,0.0,0.0,,,,,,,
0.004319965373724699,mappo,0.00023598589177709073,-1.5033135414123535,0.00022064021340446817,2597.0,,,,,,,,,,,,,,0.0,,,,,0.010222889482975006,0.006666666828095913
,mappo,,,,2597.0,0.0,0.0,0.3333333432674408,0.0,0.0,0.0,0.3333333432674408,0.0,0.0,0.0,0.0,0.0,0.0,,,,,,,
0.0002220242313342169,mappo,0.00045704335207119584,-1.1833534240722656,0.00022034011337112376,2598.0,,,,,,,,,,,,,,0.0,,,,,0.010288011282682419,0.013333333656191826
,mappo,,,,2598.0,0.0,0.0,0.6666666865348816,0.0,0.0,0.0,0.6666666865348816,0.0,0.0,0.0,0.0,0.0,0.0,,,,,,,
-0.012139187194406986,mappo,0.00021420122357085347,-1.532450795173645,0.00022004001333777925,2599.0,,,,,,,,,,,,,,0.0,,,,,0.010052457451820374,0.006666666828095913
,mappo,,,,2599.0,0.0,0.0,0.3333333432674408,0.0,0.0,0.0,0.3333333432674408,0.0,0.0,0.0,0.0,0.0,0.0,,,,,,,
,mappo,,,,2599.0,,,,,,,,,,,,,,,0.0,0.0,0.6666666865348816,0.0,,
-0.002495305612683296,mappo,0.0009457378764636815,-1.2941079139709473,0.00021973991330443484,2600.0,,,,,,,,,,,,,,0.0,,,,,0.010255610570311546,0.013333333656191826
,mappo,,,,2600.0,0.0,0.0,0.6666666865348816,0.0,0.0,0.0,0.6666666865348816,0.0,0.0,0.0,0.0,0.0,0.0,,,,,,,
0.003017933340743184,mappo,0.0010074874153360724,-1.355715274810791,0.00021943981327109043,2601.0,,,,,,,,,,,,,,0.0,,,,,0.010507349856197834,0.013333333656191826
,mappo,,,,2601.0,0.0,0.0,0.6666666865348816,0.0,0.0,0.0,0.6666666865348816,0.0,0.0,0.0,0.0,0.0,0.0,,,,,,,
0.00705396244302392,mappo,0.0011080203112214804,-1.3750947713851929,0.0002191397132377459,2602.0,,,,,,,,,,,,,,0.0,,,,,0.010550001636147499,0.013333333656191826
,mappo,,,,2602.0,0.0,0.0,0.6666666865348816,0.0,0.0,0.0,0.6666666865348816,0.0,0.0,0.0,0.0,0.0,0.0,,,,,,,
0.065620057284832,mappo,0.0009309646557085216,-1.430952787399292,0.0002188396132044015,2603.0,,,,,,,,,,,,,,0.0,,,,,0.010467233136296272,0.013333333656191826
,mappo,,,,2603.0,0.0,0.0,0.6666666865348816,0.0,0.0,0.0,0.6666666865348816,0.0,0.0,0.0,0.0,0.0,0.0,,,,,,,
0.03018944151699543,mappo,0.000891878386028111,-1.2490290403366089,0.0002185395131710571,2604.0,,,,,,,,,,,,,,0.0,,,,,0.010523702949285507,0.013333333656191826
,mappo,,,,2604.0,0.0,0.0,0.6666666865348816,0.0,0.0,0.0,0.6666666865348816,0.0,0.0,0.0,0.0,0.0,0.0,,,,,,,
0.05629262328147888,mappo,0.00045129319187253714,-1.2727906703948975,0.00021823941313771258,2605.0,,,,,,,,,,,,,,0.0,,,,,0.010407763533294201,0.013333333656191826
,mappo,,,,2605.0,0.0,0.0,0.6666666865348816,0.0,0.0,0.0,0.6666666865348816,0.0,0.0,0.0,0.0,0.0,0.0,,,,,,,
0.07173248380422592,mappo,0.0003599017800297588,-1.354698896408081,0.00021793931310436817,2606.0,,,,,,,,,,,,,,0.0,,,,,0.010488899424672127,0.013333333656191826
,mappo,,,,2606.0,0.0,0.0,0.6666666865348816,0.0,0.0,0.0,0.6666666865348816,0.0,0.0,0.0,0.0,0.0,0.0,,,,,,,
0.050858139991760254,mappo,0.00557437539100647,-2.366302251815796,0.00021763921307102376,2607.0,,,,,,,,,,,,,,0.0,,,,,0.01225440576672554,0.0
,mappo,,,,2607.0,0.0,0.0,0.0,0.0,0.0,0.0,0.0,0.0,0.0,0.0,0.0,0.0,0.0,,,,,,,
0.02512466162443161,mappo,0.0021853765938431025,-1.3228561878204346,0.00021733911303767925,2608.0,,,,,,,,,,,,,,0.0,,,,,0.010616791434586048,0.013333333656191826
,mappo,,,,2608.0,0.0,0.0,0.6666666865348816,0.0,0.0,0.0,0.6666666865348816,0.0,0.0,0.0,0.0,0.0,0.0,,,,,,,
0.06908851116895676,mappo,0.004868846386671066,-2.3860397338867188,0.00021703901300433484,2609.0,,,,,,,,,,,,,,0.0,,,,,0.012395739555358887,0.0
,mappo,,,,2609.0,0.0,0.0,0.0,0.0,0.0,0.0,0.0,0.0,0.0,0.0,0.0,0.0,0.0,,,,,,,
-0.0033423693384975195,mappo,0.00437673507258296,-1.3923633098602295,0.00021673891297099032,2610.0,,,,,,,,,,,,,,0.0,,,,,0.010418649762868881,0.013333333656191826
,mappo,,,,2610.0,0.0,0.0,0.6666666865348816,0.0,0.0,0.0,0.6666666865348816,0.0,0.0,0.0,0.0,0.0,0.0,,,,,,,
0.15097428858280182,mappo,0.0030923921149224043,-1.2851431369781494,0.00021643881293764591,2611.0,,,,,,,,,,,,,,0.0,,,,,0.010287797078490257,0.013333333656191826
,mappo,,,,2611.0,0.0,0.0,0.6666666865348816,0.0,0.0,0.0,0.6666666865348816,0.0,0.0,0.0,0.0,0.0,0.0,,,,,,,
0.13919390738010406,mappo,0.0065156240016222,-2.3520472049713135,0.0002161387129043015,2612.0,,,,,,,,,,,,,,0.0,,,,,0.012373087927699089,0.0
,mappo,,,,2612.0,0.0,0.0,0.0,0.0,0.0,0.0,0.0,0.0,0.0,0.0,0.0,0.0,0.0,,,,,,,
0.05175299942493439,mappo,0.0042611886747181416,-1.1796684265136719,0.000215838612870957,2613.0,,,,,,,,,,,,,,0.0,,,,,0.010647491551935673,0.013333333656191826
,mappo,,,,2613.0,0.0,0.0,0.6666666865348816,0.0,0.0,0.0,0.6666666865348816,0.0,0.0,0.0,0.0,0.0,0.0,,,,,,,
0.14061859250068665,mappo,0.003459799801930785,-1.2350765466690063,0.00021553851283761258,2614.0,,,,,,,,,,,,,,0.0,,,,,0.010514987632632256,0.013333333656191826
,mappo,,,,2614.0,0.0,0.0,0.6666666865348816,0.0,0.0,0.0,0.6666666865348816,0.0,0.0,0.0,0.0,0.0,0.0,,,,,,,
0.02309778332710266,mappo,0.0024433049838989973,-1.3432047367095947,0.00021523841280426817,2615.0,,,,,,,,,,,,,,0.0,,,,,0.01054634153842926,0.013333333656191826
,mappo,,,,2615.0,0.0,0.0,0.6666666865348816,0.0,0.0,0.0,0.6666666865348816,0.0,0.0,0.0,0.0,0.0,0.0,,,,,,,
0.10425225645303726,mappo,0.0010833584237843752,-1.3396005630493164,0.00021493831277092366,2616.0,,,,,,,,,,,,,,0.0,,,,,0.01059853844344616,0.013333333656191826
,mappo,,,,2616.0,0.0,0.0,0.6666666865348816,0.0,0.0,0.0,0.6666666865348816,0.0,0.0,0.0,0.0,0.0,0.0,,,,,,,
0.017858171835541725,mappo,0.0002084091684082523,-1.3162052631378174,0.00021463821273757925,2617.0,,,,,,,,,,,,,,0.0,,,,,0.010648900642991066,0.013333333656191826
,mappo,,,,2617.0,0.0,0.0,0.6666666865348816,0.0,0.0,0.0,0.6666666865348816,0.0,0.0,0.0,0.0,0.0,0.0,,,,,,,
0.01307634823024273,mappo,0.0001366045034956187,-1.3275516033172607,0.00021433811270423473,2618.0,,,,,,,,,,,,,,0.0,,,,,0.010621419176459312,0.013333333656191826
,mappo,,,,2618.0,0.0,0.0,0.6666666865348816,0.0,0.0,0.0,0.6666666865348816,0.0,0.0,0.0,0.0,0.0,0.0,,,,,,,
-0.00930429995059967,mappo,0.00041801430052146316,-1.552706003189087,0.00021403801267089032,2619.0,,,,,,,,,,,,,,0.0,,,,,0.010118365287780762,0.006666666828095913
,mappo,,,,2619.0,0.0,0.0,0.3333333432674408,0.0,0.0,0.0,0.3333333432674408,0.0,0.0,0.0,0.0,0.0,0.0,,,,,,,
-0.007055896800011396,mappo,0.000625938642770052,-1.336033582687378,0.00021373791263754592,2620.0,,,,,,,,,,,,,,0.0,,,,,0.010485501028597355,0.013333333656191826
,mappo,,,,2620.0,0.0,0.0,0.6666666865348816,0.0,0.0,0.0,0.6666666865348816,0.0,0.0,0.0,0.0,0.0,0.0,,,,,,,
-0.000903994485270232,mappo,0.00038532368489541113,-1.4283170700073242,0.0002134378126042014,2621.0,,,,,,,,,,,,,,0.0,,,,,0.010522574186325073,0.013333333656191826
,mappo,,,,2621.0,0.0,0.0,0.6666666865348816,0.0,0.0,0.0,0.6666666865348816,0.0,0.0,0.0,0.0,0.0,0.0,,,,,,,
0.05208973586559296,mappo,0.00018162830383516848,-1.3939191102981567,0.000213137712570857,2622.0,,,,,,,,,,,,,,0.0,,,,,0.010669346898794174,0.013333333656191826
,mappo,,,,2622.0,0.0,0.0,0.6666666865348816,0.0,0.0,0.0,0.6666666865348816,0.0,0.0,0.0,0.0,0.0,0.0,,,,,,,
0.023689907044172287,mappo,0.0005271619302220643,-1.549343466758728,0.00021283761253751258,2623.0,,,,,,,,,,,,,,0.0,,,,,0.010202165693044662,0.006666666828095913
,mappo,,,,2623.0,0.0,0.0,0.3333333432674408,0.0,0.0,0.0,0.3333333432674408,0.0,0.0,0.0,0.0,0.0,0.0,,,,,,,
0.08080212771892548,mappo,0.008349079638719559,-2.370112419128418,0.00021253751250416807,2624.0,,,,,,,,,,,,,,0.0,,,,,0.012394292280077934,0.0
,mappo,,,,2624.0,0.0,0.0,0.0,0.0,0.0,0.0,0.0,0.0,0.0,0.0,0.0,0.0,0.0,,,,,,,
0.018799705430865288,mappo,0.0011749612167477608,-1.5274724960327148,0.00021223741247082366,2625.0,,,,,,,,,,,,,,0.0,,,,,0.010238589718937874,0.006666666828095913
,mappo,,,,2625.0,0.0,0.0,0.3333333432674408,0.0,0.0,0.0,0.3333333432674408,0.0,0.0,0.0,0.0,0.0,0.0,,,,,,,
0.0158432275056839,mappo,0.0010265548480674624,-1.5861576795578003,0.00021193731243747925,2626.0,,,,,,,,,,,,,,0.0,,,,,0.010234145447611809,0.006666666828095913
,mappo,,,,2626.0,0.0,0.0,0.3333333432674408,0.0,0.0,0.0,0.3333333432674408,0.0,0.0,0.0,0.0,0.0,0.0,,,,,,,
0.07223659753799438,mappo,0.0035276622511446476,-2.414421319961548,0.00021163721240413473,2627.0,,,,,,,,,,,,,,0.0,,,,,0.0124364560469985,0.0
,mappo,,,,2627.0,0.0,0.0,0.0,0.0,0.0,0.0,0.0,0.0,0.0,0.0,0.0,0.0,0.0,,,,,,,
-0.017009835690259933,mappo,0.0032085496932268143,-1.422861099243164,0.00021133711237079033,2628.0,,,,,,,,,,,,,,0.0,,,,,0.010392682626843452,0.013333333656191826
,mappo,,,,2628.0,0.0,0.0,0.6666666865348816,0.0,0.0,0.0,0.6666666865348816,0.0,0.0,0.0,0.0,0.0,0.0,,,,,,,
0.015861738473176956,mappo,0.0014873092295601964,-1.719455599784851,0.0002110370123374458,2629.0,,,,,,,,,,,,,,0.0,,,,,0.010471930727362633,0.006666666828095913
,mappo,,,,2629.0,0.0,0.0,0.3333333432674408,0.0,0.0,0.0,0.3333333432674408,0.0,0.0,0.0,0.0,0.0,0.0,,,,,,,
-0.0007228800095617771,mappo,0.0009717840584926307,-1.5903794765472412,0.0002107369123041014,2630.0,,,,,,,,,,,,,,0.0,,,,,0.010159248486161232,0.006666666828095913
,mappo,,,,2630.0,0.0,0.0,0.3333333432674408,0.0,0.0,0.0,0.3333333432674408,0.0,0.0,0.0,0.0,0.0,0.0,,,,,,,
0.30923283100128174,mappo,0.0024756724014878273,-2.4513955116271973,0.000210436812270757,2631.0,,,,,,,,,,,,,,0.0,,,,,0.012290863320231438,0.0
,mappo,,,,2631.0,0.0,0.0,0.0,0.0,0.0,0.0,0.0,0.0,0.0,0.0,0.0,0.0,0.0,,,,,,,
0.03422579541802406,mappo,0.000939260411541909,-1.6058894395828247,0.00021013671223741248,2632.0,,,,,,,,,,,,,,0.0,,,,,0.010237264446914196,0.006666666828095913
,mappo,,,,2632.0,0.0,0.0,0.3333333432674408,0.0,0.0,0.0,0.3333333432674408,0.0,0.0,0.0,0.0,0.0,0.0,,,,,,,
0.02972746454179287,mappo,0.001161397434771061,-1.758306860923767,0.00020983661220406807,2633.0,,,,,,,,,,,,,,0.0,,,,,0.010601991787552834,0.006666666828095913
,mappo,,,,2633.0,0.0,0.0,0.3333333432674408,0.0,0.0,0.0,0.3333333432674408,0.0,0.0,0.0,0.0,0.0,0.0,,,,,,,
0.0717586874961853,mappo,0.0023439566139131784,-2.4563069343566895,0.00020953651217072366,2634.0,,,,,,,,,,,,,,0.0,,,,,0.012221815064549446,0.0
,mappo,,,,2634.0,0.0,0.0,0.0,0.0,0.0,0.0,0.0,0.0,0.0,0.0,0.0,0.0,0.0,,,,,,,
0.023902060464024544,mappo,0.0008547385805286467,-1.6362504959106445,0.00020923641213737914,2635.0,,,,,,,,,,,,,,0.0,,,,,0.0103564178571105,0.006666666828095913
,mappo,,,,2635.0,0.0,0.0,0.3333333432674408,0.0,0.0,0.0,0.3333333432674408,0.0,0.0,0.0,0.0,0.0,0.0,,,,,,,
0.13785937428474426,mappo,0.002100436482578516,-2.3954901695251465,0.00020893631210403473,2636.0,,,,,,,,,,,,,,0.0,,,,,0.012311664409935474,0.0
,mappo,,,,2636.0,0.0,0.0,0.0,0.0,0.0,0.0,0.0,0.0,0.0,0.0,0.0,0.0,0.0,,,,,,,
-0.010128975845873356,mappo,0.0008024842827580869,-1.4557912349700928,0.00020863621207069033,2637.0,,,,,,,,,,,,,,0.0,,,,,0.010022483766078949,0.006666666828095913
,mappo,,,,2637.0,0.0,0.0,0.3333333432674408,0.0,0.0,0.0,0.3333333432674408,0.0,0.0,0.0,0.0,0.0,0.0,,,,,,,
0.013355884701013565,mappo,0.0007467158720828593,-1.5004931688308716,0.0002083361120373458,2638.0,,,,,,,,,,,,,,0.0,,,,,0.010050540789961815,0.006666666828095913
,mappo,,,,2638.0,0.0,0.0,0.3333333432674408,0.0,0.0,0.0,0.3333333432674408,0.0,0.0,0.0,0.0,0.0,0.0,,,,,,,
0.011084256693720818,mappo,0.0005026633734814823,-1.483497977256775,0.0002080360120040014,2639.0,,,,,,,,,,,,,,0.0,,,,,0.009994889609515667,0.006666666828095913
,mappo,,,,2639.0,0.0,0.0,0.3333333432674408,0.0,0.0,0.0,0.3333333432674408,0.0,0.0,0.0,0.0,0.0,0.0,,,,,,,
0.021927043795585632,mappo,0.00030278763733804226,-1.4756757020950317,0.00020773591197065689,2640.0,,,,,,,,,,,,,,0.0,,,,,0.009940152056515217,0.006666666828095913
,mappo,,,,2640.0,0.0,0.0,0.3333333432674408,0.0,0.0,0.0,0.3333333432674408,0.0,0.0,0.0,0.0,0.0,0.0,,,,,,,
-0.006897135637700558,mappo,0.00019017361046280712,-1.536092758178711,0.00020743581193731248,2641.0,,,,,,,,,,,,,,0.0,,,,,0.009960219264030457,0.006666666828095913
,mappo,,,,2641.0,0.0,0.0,0.3333333432674408,0.0,0.0,0.0,0.3333333432674408,0.0,0.0,0.0,0.0,0.0,0.0,,,,,,,
-0.008451102301478386,mappo,0.00013645141734741628,-1.5725135803222656,0.00020713571190396807,2642.0,,,,,,,,,,,,,,0.0,,,,,0.010162715800106525,0.006666666828095913
,mappo,,,,2642.0,0.0,0.0,0.3333333432674408,0.0,0.0,0.0,0.3333333432674408,0.0,0.0,0.0,0.0,0.0,0.0,,,,,,,
0.015174794010818005,mappo,0.00013377518916968256,-1.5386559963226318,0.00020683561187062355,2643.0,,,,,,,,,,,,,,0.0,,,,,0.01019560731947422,0.006666666828095913
,mappo,,,,2643.0,0.0,0.0,0.3333333432674408,0.0,0.0,0.0,0.3333333432674408,0.0,0.0,0.0,0.0,0.0,0.0,,,,,,,
0.001764041488058865,mappo,0.00012157997844042256,-1.488398790359497,0.00020653551183727914,2644.0,,,,,,,,,,,,,,0.0,,,,,0.010016441345214844,0.006666666828095913
,mappo,,,,2644.0,0.0,0.0,0.3333333432674408,0.0,0.0,0.0,0.3333333432674408,0.0,0.0,0.0,0.0,0.0,0.0,,,,,,,
-0.008668512105941772,mappo,0.00015324758714996278,-1.477708339691162,0.00020623541180393474,2645.0,,,,,,,,,,,,,,0.0,,,,,0.010210474021732807,0.006666666828095913
,mappo,,,,2645.0,0.0,0.0,0.3333333432674408,0.0,0.0,0.0,0.3333333432674408,0.0,0.0,0.0,0.0,0.0,0.0,,,,,,,
0.023132165893912315,mappo,0.0001059995120158419,-1.4638231992721558,0.00020593531177059022,2646.0,,,,,,,,,,,,,,0.0,,,,,0.010202968493103981,0.006666666828095913
,mappo,,,,2646.0,0.0,0.0,0.3333333432674408,0.0,0.0,0.0,0.3333333432674408,0.0,0.0,0.0,0.0,0.0,0.0,,,,,,,
0.000215757594560273,mappo,2.989755193993915e-05,-1.4000824689865112,0.0002056352117372458,2647.0,,,,,,,,,,,,,,0.0,,,,,0.010000208392739296,0.006666666828095913
,mappo,,,,2647.0,0.0,0.0,0.3333333432674408,0.0,0.0,0.0,0.3333333432674408,0.0,0.0,0.0,0.0,0.0,0.0,,,,,,,
0.011093203909695148,mappo,1.965874616871588e-05,-1.3915516138076782,0.0002053351117039013,2648.0,,,,,,,,,,,,,,0.0,,,,,0.009989472106099129,0.006666666828095913
,mappo,,,,2648.0,0.0,0.0,0.3333333432674408,0.0,0.0,0.0,0.3333333432674408,0.0,0.0,0.0,0.0,0.0,0.0,,,,,,,
0.01032998040318489,mappo,5.1742546929745004e-05,-1.3406990766525269,0.0002050350116705569,2649.0,,,,,,,,,,,,,,0.0,,,,,0.01022881269454956,0.006666666828095913
,mappo,,,,2649.0,0.0,0.0,0.3333333432674408,0.0,0.0,0.0,0.3333333432674408,0.0,0.0,0.0,0.0,0.0,0.0,,,,,,,
-0.0048744468949735165,mappo,4.654641088563949e-05,-1.3352433443069458,0.00020473491163721248,2650.0,,,,,,,,,,,,,,0.0,,,,,0.010159091092646122,0.006666666828095913
,mappo,,,,2650.0,0.0,0.0,0.3333333432674408,0.0,0.0,0.0,0.3333333432674408,0.0,0.0,0.0,0.0,0.0,0.0,,,,,,,
0.022724170237779617,mappo,3.289345113444142e-05,-1.3352879285812378,0.00020443481160386796,2651.0,,,,,,,,,,,,,,0.0,,,,,0.01018610130995512,0.006666666828095913
,mappo,,,,2651.0,0.0,0.0,0.3333333432674408,0.0,0.0,0.0,0.3333333432674408,0.0,0.0,0.0,0.0,0.0,0.0,,,,,,,
0.003268483094871044,mappo,2.5701943741296418e-05,-1.281659722328186,0.00020413471157052355,2652.0,,,,,,,,,,,,,,0.0,,,,,0.010246334597468376,0.006666666828095913
,mappo,,,,2652.0,0.0,0.0,0.3333333432674408,0.0,0.0,0.0,0.3333333432674408,0.0,0.0,0.0,0.0,0.0,0.0,,,,,,,
0.01793725974857807,mappo,5.978371336823329e-05,-1.4144428968429565,0.00020383461153717915,2653.0,,,,,,,,,,,,,,0.0,,,,,0.010370930656790733,0.006666666828095913
,mappo,,,,2653.0,0.0,0.0,0.3333333432674408,0.0,0.0,0.0,0.3333333432674408,0.0,0.0,0.0,0.0,0.0,0.0,,,,,,,
-0.00936769787222147,mappo,1.0381548236182425e-05,-1.3579843044281006,0.00020353451150383463,2654.0,,,,,,,,,,,,,,0.0,,,,,0.010224703699350357,0.006666666828095913
,mappo,,,,2654.0,0.0,0.0,0.3333333432674408,0.0,0.0,0.0,0.3333333432674408,0.0,0.0,0.0,0.0,0.0,0.0,,,,,,,
0.021885395050048828,mappo,0.00011336603347444907,-1.5367627143859863,0.00020323441147049022,2655.0,,,,,,,,,,,,,,0.0,,,,,0.010668396949768066,0.006666666828095913
,mappo,,,,2655.0,0.0,0.0,0.3333333432674408,0.0,0.0,0.0,0.3333333432674408,0.0,0.0,0.0,0.0,0.0,0.0,,,,,,,
0.03036232851445675,mappo,1.9009832612937316e-05,-1.4986604452133179,0.0002029343114371458,2656.0,,,,,,,,,,,,,,0.0,,,,,0.010381322354078293,0.006666666828095913
,mappo,,,,2656.0,0.0,0.0,0.3333333432674408,0.0,0.0,0.0,0.3333333432674408,0.0,0.0,0.0,0.0,0.0,0.0,,,,,,,
0.005321055185049772,mappo,5.938005415373482e-06,-1.4977949857711792,0.0002026342114038013,2657.0,,,,,,,,,,,,,,0.0,,,,,0.010168839246034622,0.006666666828095913
,mappo,,,,2657.0,0.0,0.0,0.3333333432674408,0.0,0.0,0.0,0.3333333432674408,0.0,0.0,0.0,0.0,0.0,0.0,,,,,,,
-0.013165896758437157,mappo,5.7814309002424125e-06,-1.3890423774719238,0.0002023341113704569,2658.0,,,,,,,,,,,,,,0.0,,,,,0.010048985481262207,0.006666666828095913
,mappo,,,,2658.0,0.0,0.0,0.3333333432674408,0.0,0.0,0.0,0.3333333432674408,0.0,0.0,0.0,0.0,0.0,0.0,,,,,,,
0.0001696255203569308,mappo,3.5859254694514675e-06,-1.4173144102096558,0.00020203401133711237,2659.0,,,,,,,,,,,,,,0.0,,,,,0.009976799599826336,0.006666666828095913
,mappo,,,,2659.0,0.0,0.0,0.3333333432674408,0.0,0.0,0.0,0.3333333432674408,0.0,0.0,0.0,0.0,0.0,0.0,,,,,,,
-0.006415036506950855,mappo,3.1644665341445943e-06,-1.3894882202148438,0.00020173391130376796,2660.0,,,,,,,,,,,,,,0.0,,,,,0.009987147524952888,0.006666666828095913
,mappo,,,,2660.0,0.0,0.0,0.3333333432674408,0.0,0.0,0.0,0.3333333432674408,0.0,0.0,0.0,0.0,0.0,0.0,,,,,,,
0.007864201441407204,mappo,3.5435514291748405e-06,-1.4044183492660522,0.00020143381127042356,2661.0,,,,,,,,,,,,,,0.0,,,,,0.009983322583138943,0.006666666828095913
,mappo,,,,2661.0,0.0,0.0,0.3333333432674408,0.0,0.0,0.0,0.3333333432674408,0.0,0.0,0.0,0.0,0.0,0.0,,,,,,,
-0.002279213396832347,mappo,4.419982360559516e-06,-1.4682197570800781,0.00020113371123707904,2662.0,,,,,,,,,,,,,,0.0,,,,,0.010168882086873055,0.006666666828095913
,mappo,,,,2662.0,0.0,0.0,0.3333333432674408,0.0,0.0,0.0,0.3333333432674408,0.0,0.0,0.0,0.0,0.0,0.0,,,,,,,
-0.009534361772239208,mappo,3.0258781862357864e-06,-1.474909782409668,0.00020083361120373452,2663.0,,,,,,,,,,,,,,0.0,,,,,0.010071944445371628,0.006666666828095913
,mappo,,,,2663.0,0.0,0.0,0.3333333432674408,0.0,0.0,0.0,0.3333333432674408,0.0,0.0,0.0,0.0,0.0,0.0,,,,,,,
-0.002810024656355381,mappo,2.171733513023355e-06,-1.4776175022125244,0.00020053351117039022,2664.0,,,,,,,,,,,,,,0.0,,,,,0.009977143257856369,0.006666666828095913
,mappo,,,,2664.0,0.0,0.0,0.3333333432674408,0.0,0.0,0.0,0.3333333432674408,0.0,0.0,0.0,0.0,0.0,0.0,,,,,,,
-0.0026744073256850243,mappo,2.0361376300570555e-06,-1.4934940338134766,0.0002002334111370457,2665.0,,,,,,,,,,,,,,0.0,,,,,0.010000212118029594,0.006666666828095913
,mappo,,,,2665.0,0.0,0.0,0.3333333432674408,0.0,0.0,0.0,0.3333333432674408,0.0,0.0,0.0,0.0,0.0,0.0,,,,,,,
-0.007190961390733719,mappo,1.7779339032131247e-06,-1.5169793367385864,0.0001999333111037013,2666.0,,,,,,,,,,,,,,0.0,,,,,0.009984809905290604,0.006666666828095913
,mappo,,,,2666.0,0.0,0.0,0.3333333432674408,0.0,0.0,0.0,0.3333333432674408,0.0,0.0,0.0,0.0,0.0,0.0,,,,,,,
-0.0019555585458874702,mappo,1.472553890380368e-06,-1.5505532026290894,0.0001996332110703569,2667.0,,,,,,,,,,,,,,0.0,,,,,0.010029956698417664,0.006666666828095913
,mappo,,,,2667.0,0.0,0.0,0.3333333432674408,0.0,0.0,0.0,0.3333333432674408,0.0,0.0,0.0,0.0,0.0,0.0,,,,,,,
-0.005330564454197884,mappo,1.6565940086366027e-06,-1.5009437799453735,0.00019933311103701237,2668.0,,,,,,,,,,,,,,0.0,,,,,0.0099993497133255,0.006666666828095913
,mappo,,,,2668.0,0.0,0.0,0.3333333432674408,0.0,0.0,0.0,0.3333333432674408,0.0,0.0,0.0,0.0,0.0,0.0,,,,,,,
0.027753612026572227,mappo,8.829758371575736e-06,-1.6468981504440308,0.00019903301100366796,2669.0,,,,,,,,,,,,,,0.0,,,,,0.010405026376247406,0.006666666828095913
,mappo,,,,2669.0,0.0,0.0,0.3333333432674408,0.0,0.0,0.0,0.3333333432674408,0.0,0.0,0.0,0.0,0.0,0.0,,,,,,,
-0.0025545242242515087,mappo,1.9658282326417975e-06,-1.5224536657333374,0.00019873291097032345,2670.0,,,,,,,,,,,,,,0.0,,,,,0.010041998699307442,0.006666666828095913
,mappo,,,,2670.0,0.0,0.0,0.3333333432674408,0.0,0.0,0.0,0.3333333432674408,0.0,0.0,0.0,0.0,0.0,0.0,,,,,,,
0.009495372883975506,mappo,2.2813180748926243e-06,-1.5321004390716553,0.00019843281093697904,2671.0,,,,,,,,,,,,,,0.0,,,,,0.010009530931711197,0.006666666828095913
,mappo,,,,2671.0,0.0,0.0,0.3333333432674408,0.0,0.0,0.0,0.3333333432674408,0.0,0.0,0.0,0.0,0.0,0.0,,,,,,,
0.014977473765611649,mappo,1.5931638017718797e-06,-1.5483442544937134,0.00019813271090363463,2672.0,,,,,,,,,,,,,,0.0,,,,,0.010046854615211487,0.006666666828095913
,mappo,,,,2672.0,0.0,0.0,0.3333333432674408,0.0,0.0,0.0,0.3333333432674408,0.0,0.0,0.0,0.0,0.0,0.0,,,,,,,
-0.004297412931919098,mappo,1.5395145283036982e-06,-1.5457417964935303,0.00019783261087029012,2673.0,,,,,,,,,,,,,,0.0,,,,,0.010048530995845795,0.006666666828095913
,mappo,,,,2673.0,0.0,0.0,0.3333333432674408,0.0,0.0,0.0,0.3333333432674408,0.0,0.0,0.0,0.0,0.0,0.0,,,,,,,
0.010203812271356583,mappo,1.1401174333514064e-06,-1.5725620985031128,0.0001975325108369456,2674.0,,,,,,,,,,,,,,0.0,,,,,0.010067284107208252,0.006666666828095913
,mappo,,,,2674.0,0.0,0.0,0.3333333432674408,0.0,0.0,0.0,0.3333333432674408,0.0,0.0,0.0,0.0,0.0,0.0,,,,,,,
0.036330945789813995,mappo,0.0032593263313174248,-1.4099922180175781,0.0001972324108036013,2675.0,,,,,,,,,,,,,,0.0,,,,,0.0101533904671669,0.013333333656191826
,mappo,,,,2675.0,0.0,0.0,0.6666666865348816,0.0,0.0,0.0,0.6666666865348816,0.0,0.0,0.0,0.0,0.0,0.0,,,,,,,
0.0746622085571289,mappo,0.00034194852923974395,-1.5672743320465088,0.00019693231077025678,2676.0,,,,,,,,,,,,,,0.0,,,,,0.00995374470949173,0.006666666828095913
,mappo,,,,2676.0,0.0,0.0,0.3333333432674408,0.0,0.0,0.0,0.3333333432674408,0.0,0.0,0.0,0.0,0.0,0.0,,,,,,,
-0.012752131558954716,mappo,0.000144470133818686,-1.562722086906433,0.00019663221073691237,2677.0,,,,,,,,,,,,,,0.0,,,,,0.009977820329368114,0.006666666828095913
,mappo,,,,2677.0,0.0,0.0,0.3333333432674408,0.0,0.0,0.0,0.3333333432674408,0.0,0.0,0.0,0.0,0.0,0.0,,,,,,,
0.07285813987255096,mappo,0.00010128375288331881,-1.6169880628585815,0.00019633211070356786,2678.0,,,,,,,,,,,,,,0.0,,,,,0.00993267260491848,0.006666666828095913
,mappo,,,,2678.0,0.0,0.0,0.3333333432674408,0.0,0.0,0.0,0.3333333432674408,0.0,0.0,0.0,0.0,0.0,0.0,,,,,,,
0.01665348932147026,mappo,5.359251008485444e-05,-1.6275148391723633,0.00019603201067022345,2679.0,,,,,,,,,,,,,,0.0,,,,,0.010015154257416725,0.006666666828095913
,mappo,,,,2679.0,0.0,0.0,0.3333333432674408,0.0,0.0,0.0,0.3333333432674408,0.0,0.0,0.0,0.0,0.0,0.0,,,,,,,
0.06384415924549103,mappo,2.5926026864908636e-05,-1.6094695329666138,0.00019573191063687904,2680.0,,,,,,,,,,,,,,0.0,,,,,0.009997671470046043,0.006666666828095913
,mappo,,,,2680.0,0.0,0.0,0.3333333432674408,0.0,0.0,0.0,0.3333333432674408,0.0,0.0,0.0,0.0,0.0,0.0,,,,,,,
-0.009363668970763683,mappo,0.003799987491220236,-1.426634669303894,0.00019543181060353452,2681.0,,,,,,,,,,,,,,0.0,,,,,0.010237887501716614,0.013333333656191826
,mappo,,,,2681.0,0.0,0.0,0.6666666865348816,0.0,0.0,0.0,0.6666666865348816,0.0,0.0,0.0,0.0,0.0,0.0,,,,,,,
0.013223155401647091,mappo,0.0002953764342237264,-1.6531728506088257,0.00019513171057019012,2682.0,,,,,,,,,,,,,,0.0,,,,,0.010013454593718052,0.006666666828095913
,mappo,,,,2682.0,0.0,0.0,0.3333333432674408,0.0,0.0,0.0,0.3333333432674408,0.0,0.0,0.0,0.0,0.0,0.0,,,,,,,
0.023221105337142944,mappo,0.00015222272486425936,-1.6464043855667114,0.0001948316105368457,2683.0,,,,,,,,,,,,,,0.0,,,,,0.009939895011484623,0.006666666828095913
,mappo,,,,2683.0,0.0,0.0,0.3333333432674408,0.0,0.0,0.0,0.3333333432674408,0.0,0.0,0.0,0.0,0.0,0.0,,,,,,,
0.0003543344500940293,mappo,9.425520693184808e-05,-1.6742726564407349,0.0001945315105035012,2684.0,,,,,,,,,,,,,,0.0,,,,,0.009959612041711807,0.006666666828095913
,mappo,,,,2684.0,0.0,0.0,0.3333333432674408,0.0,0.0,0.0,0.3333333432674408,0.0,0.0,0.0,0.0,0.0,0.0,,,,,,,
0.009035782888531685,mappo,0.0035343680065125227,-1.5005334615707397,0.00019423141047015668,2685.0,,,,,,,,,,,,,,0.0,,,,,0.010464055463671684,0.013333333656191826
,mappo,,,,2685.0,0.0,0.0,0.6666666865348816,0.0,0.0,0.0,0.6666666865348816,0.0,0.0,0.0,0.0,0.0,0.0,,,,,,,
0.026087380945682526,mappo,0.0022857498843222857,-1.5001729726791382,0.00019393131043681238,2686.0,,,,,,,,,,,,,,0.0,,,,,0.01042372640222311,0.013333333656191826
,mappo,,,,2686.0,0.0,0.0,0.6666666865348816,0.0,0.0,0.0,0.6666666865348816,0.0,0.0,0.0,0.0,0.0,0.0,,,,,,,
0.05672010779380798,mappo,0.0011651203967630863,-1.6368221044540405,0.00019363121040346786,2687.0,,,,,,,,,,,,,,0.0,,,,,0.010014655068516731,0.006666666828095913
,mappo,,,,2687.0,0.0,0.0,0.3333333432674408,0.0,0.0,0.0,0.3333333432674408,0.0,0.0,0.0,0.0,0.0,0.0,,,,,,,
0.018507860600948334,mappo,0.001714147161692381,-1.4441759586334229,0.00019333111037012345,2688.0,,,,,,,,,,,,,,0.0,,,,,0.010299114510416985,0.013333333656191826
,mappo,,,,2688.0,0.0,0.0,0.6666666865348816,0.0,0.0,0.0,0.6666666865348816,0.0,0.0,0.0,0.0,0.0,0.0,,,,,,,
0.050971582531929016,mappo,0.001560776843689382,-1.6381709575653076,0.00019303101033677893,2689.0,,,,,,,,,,,,,,0.0,,,,,0.009965553879737854,0.006666666828095913
,mappo,,,,2689.0,0.0,0.0,0.3333333432674408,0.0,0.0,0.0,0.3333333432674408,0.0,0.0,0.0,0.0,0.0,0.0,,,,,,,
0.0192068200558424,mappo,0.0006705074920319021,-1.6417725086212158,0.00019273091030343453,2690.0,,,,,,,,,,,,,,0.0,,,,,0.010093220509588718,0.006666666828095913
,mappo,,,,2690.0,0.0,0.0,0.3333333432674408,0.0,0.0,0.0,0.3333333432674408,0.0,0.0,0.0,0.0,0.0,0.0,,,,,,,
0.005229572765529156,mappo,0.00035096920328214765,-1.623889684677124,0.00019243081027009012,2691.0,,,,,,,,,,,,,,0.0,,,,,0.010017011314630508,0.006666666828095913
,mappo,,,,2691.0,0.0,0.0,0.3333333432674408,0.0,0.0,0.0,0.3333333432674408,0.0,0.0,0.0,0.0,0.0,0.0,,,,,,,
-0.00848352536559105,mappo,0.00023354716540779918,-1.5661894083023071,0.0001921307102367456,2692.0,,,,,,,,,,,,,,0.0,,,,,0.010030906647443771,0.006666666828095913
,mappo,,,,2692.0,0.0,0.0,0.3333333432674408,0.0,0.0,0.0,0.3333333432674408,0.0,0.0,0.0,0.0,0.0,0.0,,,,,,,
0.021128611639142036,mappo,0.00017213745741173625,-1.54909086227417,0.00019183061020340108,2693.0,,,,,,,,,,,,,,0.0,,,,,0.009993406012654305,0.006666666828095913
,mappo,,,,2693.0,0.0,0.0,0.3333333432674408,0.0,0.0,0.0,0.3333333432674408,0.0,0.0,0.0,0.0,0.0,0.0,,,,,,,
0.04408959671854973,mappo,0.00013090427091810852,-1.5584874153137207,0.00019153051017005678,2694.0,,,,,,,,,,,,,,0.0,,,,,0.009951415471732616,0.006666666828095913
,mappo,,,,2694.0,0.0,0.0,0.3333333432674408,0.0,0.0,0.0,0.3333333432674408,0.0,0.0,0.0,0.0,0.0,0.0,,,,,,,
0.025037117302417755,mappo,7.866630039643496e-05,-1.52780020236969,0.00019123041013671227,2695.0,,,,,,,,,,,,,,0.0,,,,,0.009987285360693932,0.006666666828095913
,mappo,,,,2695.0,0.0,0.0,0.3333333432674408,0.0,0.0,0.0,0.3333333432674408,0.0,0.0,0.0,0.0,0.0,0.0,,,,,,,
0.00918698962777853,mappo,8.648079528938979e-05,-1.6067700386047363,0.00019093031010336775,2696.0,,,,,,,,,,,,,,0.0,,,,,0.009977594017982483,0.006666666828095913
,mappo,,,,2696.0,0.0,0.0,0.3333333432674408,0.0,0.0,0.0,0.3333333432674408,0.0,0.0,0.0,0.0,0.0,0.0,,,,,,,
0.04273996502161026,mappo,6.601573841180652e-05,-1.6124320030212402,0.00019063021007002345,2697.0,,,,,,,,,,,,,,0.0,,,,,0.0100281722843647,0.006666666828095913
,mappo,,,,2697.0,0.0,0.0,0.3333333432674408,0.0,0.0,0.0,0.3333333432674408,0.0,0.0,0.0,0.0,0.0,0.0,,,,,,,
7.633470522705466e-05,mappo,5.49437572772149e-05,-1.628352403640747,0.00019033011003667894,2698.0,,,,,,,,,,,,,,0.0,,,,,0.009968763217329979,0.006666666828095913
,mappo,,,,2698.0,0.0,0.0,0.3333333432674408,0.0,0.0,0.0,0.3333333432674408,0.0,0.0,0.0,0.0,0.0,0.0,,,,,,,
-0.005480667110532522,mappo,0.0025740789715200663,-1.4675105810165405,0.00019003001000333453,2699.0,,,,,,,,,,,,,,0.0,,,,,0.01038784347474575,0.013333333656191826
,mappo,,,,2699.0,0.0,0.0,0.6666666865348816,0.0,0.0,0.0,0.6666666865348816,0.0,0.0,0.0,0.0,0.0,0.0,,,,,,,
,mappo,,,,2699.0,,,,,,,,,,,,,,,0.0,0.0,0.3333333432674408,0.0,,
0.030793791636824608,mappo,0.00014143249427434057,-1.6465141773223877,0.00018972990996999,2700.0,,,,,,,,,,,,,,0.0,,,,,0.010004844516515732,0.006666666828095913
,mappo,,,,2700.0,0.0,0.0,0.3333333432674408,0.0,0.0,0.0,0.3333333432674408,0.0,0.0,0.0,0.0,0.0,0.0,,,,,,,
0.026629243046045303,mappo,7.073667802615091e-05,-1.721653699874878,0.0001894298099366456,2701.0,,,,,,,,,,,,,,0.0,,,,,0.009993708692491055,0.006666666828095913
,mappo,,,,2701.0,0.0,0.0,0.3333333432674408,0.0,0.0,0.0,0.3333333432674408,0.0,0.0,0.0,0.0,0.0,0.0,,,,,,,
0.02599293179810047,mappo,4.9646459956420586e-05,-1.7222425937652588,0.0001891297099033012,2702.0,,,,,,,,,,,,,,0.0,,,,,0.010039139539003372,0.006666666828095913
,mappo,,,,2702.0,0.0,0.0,0.3333333432674408,0.0,0.0,0.0,0.3333333432674408,0.0,0.0,0.0,0.0,0.0,0.0,,,,,,,
0.015187947079539299,mappo,3.6979727155994624e-05,-1.7161411046981812,0.00018882960986995668,2703.0,,,,,,,,,,,,,,0.0,,,,,0.01003517210483551,0.006666666828095913
,mappo,,,,2703.0,0.0,0.0,0.3333333432674408,0.0,0.0,0.0,0.3333333432674408,0.0,0.0,0.0,0.0,0.0,0.0,,,,,,,
0.00012517906725406647,mappo,2.5593886675778776e-05,-1.6687562465667725,0.00018852950983661216,2704.0,,,,,,,,,,,,,,0.0,,,,,0.01007089577615261,0.006666666828095913
,mappo,,,,2704.0,0.0,0.0,0.3333333432674408,0.0,0.0,0.0,0.3333333432674408,0.0,0.0,0.0,0.0,0.0,0.0,,,,,,,
-0.0012040615547448397,mappo,3.573880167095922e-05,-1.7545088529586792,0.00018822940980326786,2705.0,,,,,,,,,,,,,,0.0,,,,,0.010019194334745407,0.006666666828095913
,mappo,,,,2705.0,0.0,0.0,0.3333333432674408,0.0,0.0,0.0,0.3333333432674408,0.0,0.0,0.0,0.0,0.0,0.0,,,,,,,
-0.0057946303859353065,mappo,2.6059064111905172e-05,-1.692670464515686,0.00018792930976992334,2706.0,,,,,,,,,,,,,,0.0,,,,,0.010004079900681973,0.006666666828095913
,mappo,,,,2706.0,0.0,0.0,0.3333333432674408,0.0,0.0,0.0,0.3333333432674408,0.0,0.0,0.0,0.0,0.0,0.0,,,,,,,
-0.007426601834595203,mappo,3.091654070885852e-05,-1.6732112169265747,0.00018762920973657883,2707.0,,,,,,,,,,,,,,0.0,,,,,0.010060084983706474,0.006666666828095913
,mappo,,,,2707.0,0.0,0.0,0.3333333432674408,0.0,0.0,0.0,0.3333333432674408,0.0,0.0,0.0,0.0,0.0,0.0,,,,,,,
0.0002341802028240636,mappo,3.4690277971094474e-05,-1.698799967765808,0.00018732910970323442,2708.0,,,,,,,,,,,,,,0.0,,,,,0.010071350261569023,0.006666666828095913
,mappo,,,,2708.0,0.0,0.0,0.3333333432674408,0.0,0.0,0.0,0.3333333432674408,0.0,0.0,0.0,0.0,0.0,0.0,,,,,,,
0.00929062906652689,mappo,3.9169626688817516e-05,-1.6786834001541138,0.00018702900966989,2709.0,,,,,,,,,,,,,,0.0,,,,,0.010076453909277916,0.006666666828095913
,mappo,,,,2709.0,0.0,0.0,0.3333333432674408,0.0,0.0,0.0,0.3333333432674408,0.0,0.0,0.0,0.0,0.0,0.0,,,,,,,
-0.00038280413718894124,mappo,4.0510218241252005e-05,-1.6973700523376465,0.0001867289096365456,2710.0,,,,,,,,,,,,,,0.0,,,,,0.010012824088335037,0.006666666828095913
,mappo,,,,2710.0,0.0,0.0,0.3333333432674408,0.0,0.0,0.0,0.3333333432674408,0.0,0.0,0.0,0.0,0.0,0.0,,,,,,,
-0.008999479934573174,mappo,0.0030380734242498875,-1.4397821426391602,0.0001864288096032011,2711.0,,,,,,,,,,,,,,0.0,,,,,0.01035335287451744,0.013333333656191826
,mappo,,,,2711.0,0.0,0.0,0.6666666865348816,0.0,0.0,0.0,0.6666666865348816,0.0,0.0,0.0,0.0,0.0,0.0,,,,,,,
-0.007343629375100136,mappo,0.0024986586067825556,-1.47062087059021,0.00018612870956985668,2712.0,,,,,,,,,,,,,,0.0,,,,,0.010336115956306458,0.013333333656191826
,mappo,,,,2712.0,0.0,0.0,0.6666666865348816,0.0,0.0,0.0,0.6666666865348816,0.0,0.0,0.0,0.0,0.0,0.0,,,,,,,
0.043432921171188354,mappo,0.0003067307115998119,-1.6215296983718872,0.00018582860953651227,2713.0,,,,,,,,,,,,,,0.0,,,,,0.01005062647163868,0.006666666828095913
,mappo,,,,2713.0,0.0,0.0,0.3333333432674408,0.0,0.0,0.0,0.3333333432674408,0.0,0.0,0.0,0.0,0.0,0.0,,,,,,,
0.0011330129345878959,mappo,0.00019911423441953957,-1.5983806848526,0.00018552850950316775,2714.0,,,,,,,,,,,,,,0.0,,,,,0.010010311380028725,0.006666666828095913
,mappo,,,,2714.0,0.0,0.0,0.3333333432674408,0.0,0.0,0.0,0.3333333432674408,0.0,0.0,0.0,0.0,0.0,0.0,,,,,,,
0.008645524270832539,mappo,0.00017321508494205773,-1.624788522720337,0.00018522840946982324,2715.0,,,,,,,,,,,,,,0.0,,,,,0.010114772245287895,0.006666666828095913
,mappo,,,,2715.0,0.0,0.0,0.3333333432674408,0.0,0.0,0.0,0.3333333432674408,0.0,0.0,0.0,0.0,0.0,0.0,,,,,,,
0.005659019108861685,mappo,0.00013174588093534112,-1.5848225355148315,0.00018492830943647894,2716.0,,,,,,,,,,,,,,0.0,,,,,0.010082004591822624,0.006666666828095913
,mappo,,,,2716.0,0.0,0.0,0.3333333432674408,0.0,0.0,0.0,0.3333333432674408,0.0,0.0,0.0,0.0,0.0,0.0,,,,,,,
0.004615152254700661,mappo,0.00010629424650687724,-1.5603183507919312,0.00018462820940313442,2717.0,,,,,,,,,,,,,,0.0,,,,,0.01010800153017044,0.006666666828095913
,mappo,,,,2717.0,0.0,0.0,0.3333333432674408,0.0,0.0,0.0,0.3333333432674408,0.0,0.0,0.0,0.0,0.0,0.0,,,,,,,
-0.00809098593890667,mappo,7.393339910777286e-05,-1.511984944343567,0.00018432810936979,2718.0,,,,,,,,,,,,,,0.0,,,,,0.009959978982806206,0.006666666828095913
,mappo,,,,2718.0,0.0,0.0,0.3333333432674408,0.0,0.0,0.0,0.3333333432674408,0.0,0.0,0.0,0.0,0.0,0.0,,,,,,,
0.013611266389489174,mappo,0.00010216769442195073,-1.5616915225982666,0.0001840280093364455,2719.0,,,,,,,,,,,,,,0.0,,,,,0.010047679767012596,0.006666666828095913
,mappo,,,,2719.0,0.0,0.0,0.3333333432674408,0.0,0.0,0.0,0.3333333432674408,0.0,0.0,0.0,0.0,0.0,0.0,,,,,,,
-0.011250186711549759,mappo,7.698707486269996e-05,-1.5561937093734741,0.0001837279093031011,2720.0,,,,,,,,,,,,,,0.0,,,,,0.01018362957984209,0.006666666828095913
,mappo,,,,2720.0,0.0,0.0,0.3333333432674408,0.0,0.0,0.0,0.3333333432674408,0.0,0.0,0.0,0.0,0.0,0.0,,,,,,,
-0.007582150399684906,mappo,7.315057155210525e-05,-1.4697494506835938,0.00018342780926975668,2721.0,,,,,,,,,,,,,,0.0,,,,,0.009986700490117073,0.006666666828095913
,mappo,,,,2721.0,0.0,0.0,0.3333333432674408,0.0,0.0,0.0,0.3333333432674408,0.0,0.0,0.0,0.0,0.0,0.0,,,,,,,
0.005034794099628925,mappo,6.49172579869628e-05,-1.3869372606277466,0.00018312770923641216,2722.0,,,,,,,,,,,,,,0.0,,,,,0.010034538805484772,0.006666666828095913
,mappo,,,,2722.0,0.0,0.0,0.3333333432674408,0.0,0.0,0.0,0.3333333432674408,0.0,0.0,0.0,0.0,0.0,0.0,,,,,,,
0.006337218917906284,mappo,7.842529885238037e-05,-1.4416284561157227,0.00018282760920306765,2723.0,,,,,,,,,,,,,,0.0,,,,,0.010064546018838882,0.006666666828095913
,mappo,,,,2723.0,0.0,0.0,0.3333333432674408,0.0,0.0,0.0,0.3333333432674408,0.0,0.0,0.0,0.0,0.0,0.0,,,,,,,
0.0008140237769111991,mappo,7.272368384292349e-05,-1.4688677787780762,0.00018252750916972335,2724.0,,,,,,,,,,,,,,0.0,,,,,0.010082840919494629,0.006666666828095913
,mappo,,,,2724.0,0.0,0.0,0.3333333432674408,0.0,0.0,0.0,0.3333333432674408,0.0,0.0,0.0,0.0,0.0,0.0,,,,,,,
-0.005699504166841507,mappo,5.386277916841209e-05,-1.4714326858520508,0.00018222740913637883,2725.0,,,,,,,,,,,,,,0.0,,,,,0.01004045456647873,0.006666666828095913
,mappo,,,,2725.0,0.0,0.0,0.3333333432674408,0.0,0.0,0.0,0.3333333432674408,0.0,0.0,0.0,0.0,0.0,0.0,,,,,,,
0.00664047384634614,mappo,3.720093809533864e-05,-1.4374290704727173,0.00018192730910303431,2726.0,,,,,,,,,,,,,,0.0,,,,,0.010076875798404217,0.006666666828095913
,mappo,,,,2726.0,0.0,0.0,0.3333333432674408,0.0,0.0,0.0,0.3333333432674408,0.0,0.0,0.0,0.0,0.0,0.0,,,,,,,
0.008141729049384594,mappo,2.4207143724197522e-05,-1.4383258819580078,0.00018162720906969001,2727.0,,,,,,,,,,,,,,0.0,,,,,0.010062630288302898,0.006666666828095913
,mappo,,,,2727.0,0.0,0.0,0.3333333432674408,0.0,0.0,0.0,0.3333333432674408,0.0,0.0,0.0,0.0,0.0,0.0,,,,,,,
-4.87709476146847e-05,mappo,2.076433702313807e-05,-1.4530137777328491,0.0001813271090363455,2728.0,,,,,,,,,,,,,,0.0,,,,,0.01008429192006588,0.006666666828095913
,mappo,,,,2728.0,0.0,0.0,0.3333333432674408,0.0,0.0,0.0,0.3333333432674408,0.0,0.0,0.0,0.0,0.0,0.0,,,,,,,
-0.008299615234136581,mappo,1.4140051462163683e-05,-1.4256584644317627,0.0001810270090030011,2729.0,,,,,,,,,,,,,,0.0,,,,,0.009999556466937065,0.006666666828095913
,mappo,,,,2729.0,0.0,0.0,0.3333333432674408,0.0,0.0,0.0,0.3333333432674408,0.0,0.0,0.0,0.0,0.0,0.0,,,,,,,
0.009460614994168282,mappo,1.4703171473229304e-05,-1.4489187002182007,0.00018072690896965657,2730.0,,,,,,,,,,,,,,0.0,,,,,0.01008154358714819,0.006666666828095913
,mappo,,,,2730.0,0.0,0.0,0.3333333432674408,0.0,0.0,0.0,0.3333333432674408,0.0,0.0,0.0,0.0,0.0,0.0,,,,,,,
0.009027385152876377,mappo,2.4835455405991524e-05,-1.5795680284500122,0.00018042680893631217,2731.0,,,,,,,,,,,,,,0.0,,,,,0.010387640446424484,0.006666666828095913
,mappo,,,,2731.0,0.0,0.0,0.3333333432674408,0.0,0.0,0.0,0.3333333432674408,0.0,0.0,0.0,0.0,0.0,0.0,,,,,,,
-0.00032315743737854064,mappo,1.078837794921128e-05,-1.4772340059280396,0.00018012670890296776,2732.0,,,,,,,,,,,,,,0.0,,,,,0.009962350130081177,0.006666666828095913
,mappo,,,,2732.0,0.0,0.0,0.3333333432674408,0.0,0.0,0.0,0.3333333432674408,0.0,0.0,0.0,0.0,0.0,0.0,,,,,,,
-0.005799243692308664,mappo,1.1092405657109339e-05,-1.5594512224197388,0.00017982660886962324,2733.0,,,,,,,,,,,,,,0.0,,,,,0.009989254176616669,0.006666666828095913
,mappo,,,,2733.0,0.0,0.0,0.3333333432674408,0.0,0.0,0.0,0.3333333432674408,0.0,0.0,0.0,0.0,0.0,0.0,,,,,,,
0.01044606976211071,mappo,1.0378717888670508e-05,-1.5849941968917847,0.00017952650883627872,2734.0,,,,,,,,,,,,,,0.0,,,,,0.00995811726897955,0.006666666828095913
,mappo,,,,2734.0,0.0,0.0,0.3333333432674408,0.0,0.0,0.0,0.3333333432674408,0.0,0.0,0.0,0.0,0.0,0.0,,,,,,,
0.05682706460356712,mappo,6.041273536538938e-06,-1.5458918809890747,0.00017922640880293442,2735.0,,,,,,,,,,,,,,0.0,,,,,0.01003946177661419,0.006666666828095913
,mappo,,,,2735.0,0.0,0.0,0.3333333432674408,0.0,0.0,0.0,0.3333333432674408,0.0,0.0,0.0,0.0,0.0,0.0,,,,,,,
0.0011016648495569825,mappo,6.599194421141874e-06,-1.5918673276901245,0.0001789263087695899,2736.0,,,,,,,,,,,,,,0.0,,,,,0.010026490315794945,0.006666666828095913
,mappo,,,,2736.0,0.0,0.0,0.3333333432674408,0.0,0.0,0.0,0.3333333432674408,0.0,0.0,0.0,0.0,0.0,0.0,,,,,,,
-0.006202726159244776,mappo,4.245153377269162e-06,-1.5903111696243286,0.0001786262087362454,2737.0,,,,,,,,,,,,,,0.0,,,,,0.009988263249397278,0.006666666828095913
,mappo,,,,2737.0,0.0,0.0,0.3333333432674408,0.0,0.0,0.0,0.3333333432674408,0.0,0.0,0.0,0.0,0.0,0.0,,,,,,,
-0.00158721674233675,mappo,0.003744976595044136,-1.3689664602279663,0.00017832610870290098,2738.0,,,,,,,,,,,,,,0.0,,,,,0.010415460914373398,0.013333333656191826
,mappo,,,,2738.0,0.0,0.0,0.6666666865348816,0.0,0.0,0.0,0.6666666865348816,0.0,0.0,0.0,0.0,0.0,0.0,,,,,,,
0.005451931618154049,mappo,0.00011282383638899773,-1.5856499671936035,0.00017802600866955657,2739.0,,,,,,,,,,,,,,0.0,,,,,0.00996311940252781,0.006666666828095913
,mappo,,,,2739.0,0.0,0.0,0.3333333432674408,0.0,0.0,0.0,0.3333333432674408,0.0,0.0,0.0,0.0,0.0,0.0,,,,,,,
0.019343392923474312,mappo,4.314116813475266e-05,-1.5584020614624023,0.00017772590863621217,2740.0,,,,,,,,,,,,,,0.0,,,,,0.010068800300359726,0.006666666828095913
,mappo,,,,2740.0,0.0,0.0,0.3333333432674408,0.0,0.0,0.0,0.3333333432674408,0.0,0.0,0.0,0.0,0.0,0.0,,,,,,,
0.05379259213805199,mappo,2.6519823222770356e-05,-1.542823076248169,0.00017742580860286765,2741.0,,,,,,,,,,,,,,0.0,,,,,0.010013249702751637,0.006666666828095913
,mappo,,,,2741.0,0.0,0.0,0.3333333432674408,0.0,0.0,0.0,0.3333333432674408,0.0,0.0,0.0,0.0,0.0,0.0,,,,,,,
0.020119164139032364,mappo,2.542247239034623e-05,-1.5654188394546509,0.00017712570856952324,2742.0,,,,,,,,,,,,,,0.0,,,,,0.010014891624450684,0.006666666828095913
,mappo,,,,2742.0,0.0,0.0,0.3333333432674408,0.0,0.0,0.0,0.3333333432674408,0.0,0.0,0.0,0.0,0.0,0.0,,,,,,,
-0.011728325858712196,mappo,0.0042702816426754,-1.2971371412277222,0.00017682560853617883,2743.0,,,,,,,,,,,,,,0.0,,,,,0.010439371690154076,0.013333333656191826
,mappo,,,,2743.0,0.0,0.0,0.6666666865348816,0.0,0.0,0.0,0.6666666865348816,0.0,0.0,0.0,0.0,0.0,0.0,,,,,,,
-0.002028868766501546,mappo,0.00014831233420409262,-1.5062648057937622,0.00017652550850283432,2744.0,,,,,,,,,,,,,,0.0,,,,,0.010125897824764252,0.006666666828095913
,mappo,,,,2744.0,0.0,0.0,0.3333333432674408,0.0,0.0,0.0,0.3333333432674408,0.0,0.0,0.0,0.0,0.0,0.0,,,,,,,
0.041772689670324326,mappo,0.00010039024346042424,-1.4680434465408325,0.0001762254084694898,2745.0,,,,,,,,,,,,,,0.0,,,,,0.01006312482059002,0.006666666828095913
,mappo,,,,2745.0,0.0,0.0,0.3333333432674408,0.0,0.0,0.0,0.3333333432674408,0.0,0.0,0.0,0.0,0.0,0.0,,,,,,,
-0.0042926170863211155,mappo,0.0041879271157085896,-1.2486234903335571,0.0001759253084361455,2746.0,,,,,,,,,,,,,,0.0,,,,,0.010233204811811447,0.013333333656191826
,mappo,,,,2746.0,0.0,0.0,0.6666666865348816,0.0,0.0,0.0,0.6666666865348816,0.0,0.0,0.0,0.0,0.0,0.0,,,,,,,
0.031751569360494614,mappo,0.00024768561706878245,-1.4100379943847656,0.00017562520840280098,2747.0,,,,,,,,,,,,,,0.0,,,,,0.010081210173666477,0.006666666828095913
,mappo,,,,2747.0,0.0,0.0,0.3333333432674408,0.0,0.0,0.0,0.3333333432674408,0.0,0.0,0.0,0.0,0.0,0.0,,,,,,,
-0.014402251690626144,mappo,0.003760050516575575,-1.2050833702087402,0.00017532510836945647,2748.0,,,,,,,,,,,,,,0.0,,,,,0.01023058034479618,0.013333333656191826
,mappo,,,,2748.0,0.0,0.0,0.6666666865348816,0.0,0.0,0.0,0.6666666865348816,0.0,0.0,0.0,0.0,0.0,0.0,,,,,,,
-0.0029060349334031343,mappo,0.00034165658871643245,-1.3679269552230835,0.00017502500833611206,2749.0,,,,,,,,,,,,,,0.0,,,,,0.010046854615211487,0.006666666828095913
,mappo,,,,2749.0,0.0,0.0,0.3333333432674408,0.0,0.0,0.0,0.3333333432674408,0.0,0.0,0.0,0.0,0.0,0.0,,,,,,,
-0.00696325721219182,mappo,0.0002293149009346962,-1.3784222602844238,0.00017472490830276765,2750.0,,,,,,,,,,,,,,0.0,,,,,0.010097190737724304,0.006666666828095913
,mappo,,,,2750.0,0.0,0.0,0.3333333432674408,0.0,0.0,0.0,0.3333333432674408,0.0,0.0,0.0,0.0,0.0,0.0,,,,,,,
-0.004645730834454298,mappo,0.00015628796245437115,-1.3710479736328125,0.00017442480826942324,2751.0,,,,,,,,,,,,,,0.0,,,,,0.010026630014181137,0.006666666828095913
,mappo,,,,2751.0,0.0,0.0,0.3333333432674408,0.0,0.0,0.0,0.3333333432674408,0.0,0.0,0.0,0.0,0.0,0.0,,,,,,,
-0.0063552954234182835,mappo,9.746373689267784e-05,-1.329896092414856,0.00017412470823607873,2752.0,,,,,,,,,,,,,,0.0,,,,,0.010060619562864304,0.006666666828095913
,mappo,,,,2752.0,0.0,0.0,0.3333333432674408,0.0,0.0,0.0,0.3333333432674408,0.0,0.0,0.0,0.0,0.0,0.0,,,,,,,
-0.012604912742972374,mappo,4.958964927936904e-05,-1.3093972206115723,0.0001738246082027342,2753.0,,,,,,,,,,,,,,0.0,,,,,0.01002344861626625,0.006666666828095913
,mappo,,,,2753.0,0.0,0.0,0.3333333432674408,0.0,0.0,0.0,0.3333333432674408,0.0,0.0,0.0,0.0,0.0,0.0,,,,,,,
-0.009910959750413895,mappo,4.5177366700954735e-05,-1.3158248662948608,0.0001735245081693899,2754.0,,,,,,,,,,,,,,0.0,,,,,0.010080082342028618,0.006666666828095913
,mappo,,,,2754.0,0.0,0.0,0.3333333432674408,0.0,0.0,0.0,0.3333333432674408,0.0,0.0,0.0,0.0,0.0,0.0,,,,,,,
0.0022294456139206886,mappo,7.057309267111123e-05,-1.352131962776184,0.0001732244081360454,2755.0,,,,,,,,,,,,,,0.0,,,,,0.01009918563067913,0.006666666828095913
,mappo,,,,2755.0,0.0,0.0,0.3333333432674408,0.0,0.0,0.0,0.3333333432674408,0.0,0.0,0.0,0.0,0.0,0.0,,,,,,,
-0.0015413500368595123,mappo,3.652750820037909e-05,-1.3423964977264404,0.00017292430810270088,2756.0,,,,,,,,,,,,,,0.0,,,,,0.009981602430343628,0.006666666828095913
,mappo,,,,2756.0,0.0,0.0,0.3333333432674408,0.0,0.0,0.0,0.3333333432674408,0.0,0.0,0.0,0.0,0.0,0.0,,,,,,,
-0.006701071280986071,mappo,5.368481288314797e-05,-1.3989675045013428,0.00017262420806935658,2757.0,,,,,,,,,,,,,,0.0,,,,,0.010075822472572327,0.006666666828095913
,mappo,,,,2757.0,0.0,0.0,0.3333333432674408,0.0,0.0,0.0,0.3333333432674408,0.0,0.0,0.0,0.0,0.0,0.0,,,,,,,
-0.0010079804342240095,mappo,6.15766184637323e-05,-1.4385347366333008,0.00017232410803601206,2758.0,,,,,,,,,,,,,,0.0,,,,,0.010112239979207516,0.006666666828095913
,mappo,,,,2758.0,0.0,0.0,0.3333333432674408,0.0,0.0,0.0,0.3333333432674408,0.0,0.0,0.0,0.0,0.0,0.0,,,,,,,
0.001556919887661934,mappo,4.702102887677029e-05,-1.3879135847091675,0.00017202400800266754,2759.0,,,,,,,,,,,,,,0.0,,,,,0.00999788474291563,0.006666666828095913
,mappo,,,,2759.0,0.0,0.0,0.3333333432674408,0.0,0.0,0.0,0.3333333432674408,0.0,0.0,0.0,0.0,0.0,0.0,,,,,,,
0.013478840701282024,mappo,4.601763066602871e-05,-1.3856399059295654,0.00017172390796932314,2760.0,,,,,,,,,,,,,,0.0,,,,,0.010030454024672508,0.006666666828095913
,mappo,,,,2760.0,0.0,0.0,0.3333333432674408,0.0,0.0,0.0,0.3333333432674408,0.0,0.0,0.0,0.0,0.0,0.0,,,,,,,
-0.007368363905698061,mappo,0.004445330705493689,-1.1637476682662964,0.00017142380793597873,2761.0,,,,,,,,,,,,,,0.0,,,,,0.010441601276397705,0.013333333656191826
,mappo,,,,2761.0,0.0,0.0,0.6666666865348816,0.0,0.0,0.0,0.6666666865348816,0.0,0.0,0.0,0.0,0.0,0.0,,,,,,,
0.0007257821853272617,mappo,0.0038752800319343805,-1.1795152425765991,0.00017112370790263432,2762.0,,,,,,,,,,,,,,0.0,,,,,0.010368909686803818,0.013333333656191826
,mappo,,,,2762.0,0.0,0.0,0.6666666865348816,0.0,0.0,0.0,0.6666666865348816,0.0,0.0,0.0,0.0,0.0,0.0,,,,,,,
-0.0010287665063515306,mappo,0.00025788412312977016,-1.3375095129013062,0.0001708236078692898,2763.0,,,,,,,,,,,,,,0.0,,,,,0.010095217265188694,0.006666666828095913
,mappo,,,,2763.0,0.0,0.0,0.3333333432674408,0.0,0.0,0.0,0.3333333432674408,0.0,0.0,0.0,0.0,0.0,0.0,,,,,,,
0.009371606633067131,mappo,0.00018208894471172243,-1.315114140510559,0.0001705235078359453,2764.0,,,,,,,,,,,,,,0.0,,,,,0.010079383850097656,0.006666666828095913
,mappo,,,,2764.0,0.0,0.0,0.3333333432674408,0.0,0.0,0.0,0.3333333432674408,0.0,0.0,0.0,0.0,0.0,0.0,,,,,,,
-0.009285899810492992,mappo,0.00010284032032359391,-1.2721110582351685,0.000170223407802601,2765.0,,,,,,,,,,,,,,0.0,,,,,0.010058209300041199,0.006666666828095913
,mappo,,,,2765.0,0.0,0.0,0.3333333432674408,0.0,0.0,0.0,0.3333333432674408,0.0,0.0,0.0,0.0,0.0,0.0,,,,,,,
-0.0030789796728640795,mappo,0.004142320714890957,-1.1444586515426636,0.00016992330776925647,2766.0,,,,,,,,,,,,,,0.0,,,,,0.01032446138560772,0.013333333656191826
,mappo,,,,2766.0,0.0,0.0,0.6666666865348816,0.0,0.0,0.0,0.6666666865348816,0.0,0.0,0.0,0.0,0.0,0.0,,,,,,,
-0.009564121253788471,mappo,0.0034524023067206144,-1.1263445615768433,0.00016962320773591195,2767.0,,,,,,,,,,,,,,0.0,,,,,0.010381929576396942,0.013333333656191826
,mappo,,,,2767.0,0.0,0.0,0.6666666865348816,0.0,0.0,0.0,0.6666666865348816,0.0,0.0,0.0,0.0,0.0,0.0,,,,,,,
0.0011983365984633565,mappo,0.0005243992200121284,-1.3397135734558105,0.00016932310770256755,2768.0,,,,,,,,,,,,,,0.0,,,,,0.010061543434858322,0.006666666828095913
,mappo,,,,2768.0,0.0,0.0,0.3333333432674408,0.0,0.0,0.0,0.3333333432674408,0.0,0.0,0.0,0.0,0.0,0.0,,,,,,,
0.017898639664053917,mappo,0.0023211976513266563,-1.1033204793930054,0.00016902300766922314,2769.0,,,,,,,,,,,,,,0.0,,,,,0.010440167970955372,0.013333333656191826
,mappo,,,,2769.0,0.0,0.0,0.6666666865348816,0.0,0.0,0.0,0.6666666865348816,0.0,0.0,0.0,0.0,0.0,0.0,,,,,,,
-0.0028136917389929295,mappo,0.0013649454340338707,-1.1000734567642212,0.00016872290763587862,2770.0,,,,,,,,,,,,,,0.0,,,,,0.010319427587091923,0.013333333656191826
,mappo,,,,2770.0,0.0,0.0,0.6666666865348816,0.0,0.0,0.0,0.6666666865348816,0.0,0.0,0.0,0.0,0.0,0.0,,,,,,,
-0.010033998638391495,mappo,0.0004321417072787881,-1.119432806968689,0.0001684228076025342,2771.0,,,,,,,,,,,,,,0.0,,,,,0.010323524475097656,0.013333333656191826
,mappo,,,,2771.0,0.0,0.0,0.6666666865348816,0.0,0.0,0.0,0.6666666865348816,0.0,0.0,0.0,0.0,0.0,0.0,,,,,,,
0.0047323619946837425,mappo,0.0002910291659645736,-1.0650355815887451,0.0001681227075691898,2772.0,,,,,,,,,,,,,,0.0,,,,,0.010473385453224182,0.013333333656191826
,mappo,,,,2772.0,0.0,0.0,0.6666666865348816,0.0,0.0,0.0,0.6666666865348816,0.0,0.0,0.0,0.0,0.0,0.0,,,,,,,
0.009344571270048618,mappo,0.0002270273835165426,-1.1096326112747192,0.0001678226075358454,2773.0,,,,,,,,,,,,,,0.0,,,,,0.010375302284955978,0.013333333656191826
,mappo,,,,2773.0,0.0,0.0,0.6666666865348816,0.0,0.0,0.0,0.6666666865348816,0.0,0.0,0.0,0.0,0.0,0.0,,,,,,,
0.00448309862986207,mappo,0.0014034603955224156,-1.405572772026062,0.00016752250750250088,2774.0,,,,,,,,,,,,,,0.0,,,,,0.010070880874991417,0.006666666828095913
,mappo,,,,2774.0,0.0,0.0,0.3333333432674408,0.0,0.0,0.0,0.3333333432674408,0.0,0.0,0.0,0.0,0.0,0.0,,,,,,,
-0.0015413262881338596,mappo,4.710087523562834e-05,-1.1199212074279785,0.00016722240746915636,2775.0,,,,,,,,,,,,,,0.0,,,,,0.010396037250757217,0.013333333656191826
,mappo,,,,2775.0,0.0,0.0,0.6666666865348816,0.0,0.0,0.0,0.6666666865348816,0.0,0.0,0.0,0.0,0.0,0.0,,,,,,,
-0.0015843581641092896,mappo,9.831340139498934e-05,-1.1130999326705933,0.00016692230743581206,2776.0,,,,,,,,,,,,,,0.0,,,,,0.010430669412016869,0.013333333656191826
,mappo,,,,2776.0,0.0,0.0,0.6666666865348816,0.0,0.0,0.0,0.6666666865348816,0.0,0.0,0.0,0.0,0.0,0.0,,,,,,,
0.011337234638631344,mappo,0.00024407317687291652,-1.1696829795837402,0.00016662220740246755,2777.0,,,,,,,,,,,,,,0.0,,,,,0.010211063548922539,0.013333333656191826
,mappo,,,,2777.0,0.0,0.0,0.6666666865348816,0.0,0.0,0.0,0.6666666865348816,0.0,0.0,0.0,0.0,0.0,0.0,,,,,,,
-0.013241126202046871,mappo,0.00012833531945943832,-1.1258933544158936,0.00016632210736912303,2778.0,,,,,,,,,,,,,,0.0,,,,,0.010255429893732071,0.013333333656191826
,mappo,,,,2778.0,0.0,0.0,0.6666666865348816,0.0,0.0,0.0,0.6666666865348816,0.0,0.0,0.0,0.0,0.0,0.0,,,,,,,
-0.007866364903748035,mappo,0.00011828097194666043,-1.0385328531265259,0.00016602200733577862,2779.0,,,,,,,,,,,,,,0.0,,,,,0.010463196784257889,0.013333333656191826
,mappo,,,,2779.0,0.0,0.0,0.6666666865348816,0.0,0.0,0.0,0.6666666865348816,0.0,0.0,0.0,0.0,0.0,0.0,,,,,,,
-0.001876693801023066,mappo,9.016633703140542e-05,-0.9782196879386902,0.00016572190730243421,2780.0,,,,,,,,,,,,,,0.0,,,,,0.010343922302126884,0.013333333656191826
,mappo,,,,2780.0,0.0,0.0,0.6666666865348816,0.0,0.0,0.0,0.6666666865348816,0.0,0.0,0.0,0.0,0.0,0.0,,,,,,,
0.00582105852663517,mappo,2.7124880944029428e-05,-1.0249414443969727,0.0001654218072690897,2781.0,,,,,,,,,,,,,,0.0,,,,,0.010253355838358402,0.013333333656191826
,mappo,,,,2781.0,0.0,0.0,0.6666666865348816,0.0,0.0,0.0,0.6666666865348816,0.0,0.0,0.0,0.0,0.0,0.0,,,,,,,
0.0010709811467677355,mappo,1.666801836108789e-05,-1.0341190099716187,0.0001651217072357453,2782.0,,,,,,,,,,,,,,0.0,,,,,0.010313056409358978,0.013333333656191826
,mappo,,,,2782.0,0.0,0.0,0.6666666865348816,0.0,0.0,0.0,0.6666666865348816,0.0,0.0,0.0,0.0,0.0,0.0,,,,,,,
0.004652081523090601,mappo,2.0577303075697273e-05,-0.9809067845344543,0.00016482160720240077,2783.0,,,,,,,,,,,,,,0.0,,,,,0.010555407032370567,0.013333333656191826
,mappo,,,,2783.0,0.0,0.0,0.6666666865348816,0.0,0.0,0.0,0.6666666865348816,0.0,0.0,0.0,0.0,0.0,0.0,,,,,,,
0.00663910573348403,mappo,1.5706078556831926e-05,-1.0403741598129272,0.00016452150716905647,2784.0,,,,,,,,,,,,,,0.0,,,,,0.01037353090941906,0.013333333656191826
,mappo,,,,2784.0,0.0,0.0,0.6666666865348816,0.0,0.0,0.0,0.6666666865348816,0.0,0.0,0.0,0.0,0.0,0.0,,,,,,,
0.0014660247834399343,mappo,7.134708539524581e-06,-1.0151554346084595,0.00016422140713571196,2785.0,,,,,,,,,,,,,,0.0,,,,,0.010343148373067379,0.013333333656191826
,mappo,,,,2785.0,0.0,0.0,0.6666666865348816,0.0,0.0,0.0,0.6666666865348816,0.0,0.0,0.0,0.0,0.0,0.0,,,,,,,
-0.004300797823816538,mappo,5.741348559240578e-06,-0.9698888063430786,0.00016392130710236744,2786.0,,,,,,,,,,,,,,0.0,,,,,0.010417221114039421,0.013333333656191826
,mappo,,,,2786.0,0.0,0.0,0.6666666865348816,0.0,0.0,0.0,0.6666666865348816,0.0,0.0,0.0,0.0,0.0,0.0,,,,,,,
-0.0042844801209867,mappo,1.4059263776289299e-05,-0.9873589277267456,0.00016362120706902314,2787.0,,,,,,,,,,,,,,0.0,,,,,0.01042458601295948,0.013333333656191826
,mappo,,,,2787.0,0.0,0.0,0.6666666865348816,0.0,0.0,0.0,0.6666666865348816,0.0,0.0,0.0,0.0,0.0,0.0,,,,,,,
0.0026207794435322285,mappo,1.1016880307579413e-05,-0.953170657157898,0.00016332110703567862,2788.0,,,,,,,,,,,,,,0.0,,,,,0.010681072250008583,0.013333333656191826
,mappo,,,,2788.0,0.0,0.0,0.6666666865348816,0.0,0.0,0.0,0.6666666865348816,0.0,0.0,0.0,0.0,0.0,0.0,,,,,,,
-0.006216332782059908,mappo,5.19288641953608e-06,-0.913738489151001,0.0001630210070023341,2789.0,,,,,,,,,,,,,,0.0,,,,,0.010483277961611748,0.013333333656191826
,mappo,,,,2789.0,0.0,0.0,0.6666666865348816,0.0,0.0,0.0,0.6666666865348816,0.0,0.0,0.0,0.0,0.0,0.0,,,,,,,
-0.0033235307782888412,mappo,5.699471785192145e-06,-0.9053636789321899,0.0001627209069689897,2790.0,,,,,,,,,,,,,,0.0,,,,,0.010394986718893051,0.013333333656191826
,mappo,,,,2790.0,0.0,0.0,0.6666666865348816,0.0,0.0,0.0,0.6666666865348816,0.0,0.0,0.0,0.0,0.0,0.0,,,,,,,
0.03364482522010803,mappo,3.816695425484795e-06,-0.8529761433601379,0.0001624208069356453,2791.0,,,,,,,,,,,,,,0.0,,,,,0.010438993573188782,0.013333333656191826
,mappo,,,,2791.0,0.0,0.0,0.6666666865348816,0.0,0.0,0.0,0.6666666865348816,0.0,0.0,0.0,0.0,0.0,0.0,,,,,,,
-0.002828898373991251,mappo,5.256896201899508e-06,-0.8170099258422852,0.00016212070690230077,2792.0,,,,,,,,,,,,,,0.0,,,,,0.010536575689911842,0.013333333656191826
,mappo,,,,2792.0,0.0,0.0,0.6666666865348816,0.0,0.0,0.0,0.6666666865348816,0.0,0.0,0.0,0.0,0.0,0.0,,,,,,,
0.0004607481532730162,mappo,5.078647518530488e-06,-0.8364281058311462,0.00016182060686895637,2793.0,,,,,,,,,,,,,,0.0,,,,,0.01058053970336914,0.013333333656191826
,mappo,,,,2793.0,0.0,0.0,0.6666666865348816,0.0,0.0,0.0,0.6666666865348816,0.0,0.0,0.0,0.0,0.0,0.0,,,,,,,
-0.001966963056474924,mappo,9.664996468927711e-06,-0.8162550926208496,0.00016152050683561185,2794.0,,,,,,,,,,,,,,0.0,,,,,0.010540083050727844,0.013333333656191826
,mappo,,,,2794.0,0.0,0.0,0.6666666865348816,0.0,0.0,0.0,0.6666666865348816,0.0,0.0,0.0,0.0,0.0,0.0,,,,,,,
-0.00982446689158678,mappo,7.252111117850291e-06,-0.8664162158966064,0.00016122040680226755,2795.0,,,,,,,,,,,,,,0.0,,,,,0.010492798872292042,0.013333333656191826
,mappo,,,,2795.0,0.0,0.0,0.6666666865348816,0.0,0.0,0.0,0.6666666865348816,0.0,0.0,0.0,0.0,0.0,0.0,,,,,,,
0.01573154702782631,mappo,8.747716492507607e-06,-0.8828018307685852,0.00016092030676892303,2796.0,,,,,,,,,,,,,,0.0,,,,,0.010605238378047943,0.013333333656191826
,mappo,,,,2796.0,0.0,0.0,0.6666666865348816,0.0,0.0,0.0,0.6666666865348816,0.0,0.0,0.0,0.0,0.0,0.0,,,,,,,
0.03533764183521271,mappo,6.313612175290473e-06,-0.8614049553871155,0.00016062020673557852,2797.0,,,,,,,,,,,,,,0.0,,,,,0.010548610240221024,0.013333333656191826
,mappo,,,,2797.0,0.0,0.0,0.6666666865348816,0.0,0.0,0.0,0.6666666865348816,0.0,0.0,0.0,0.0,0.0,0.0,,,,,,,
0.00445780111476779,mappo,6.260587724682409e-06,-0.8309633135795593,0.0001603201067022341,2798.0,,,,,,,,,,,,,,0.0,,,,,0.010639163665473461,0.013333333656191826
,mappo,,,,2798.0,0.0,0.0,0.6666666865348816,0.0,0.0,0.0,0.6666666865348816,0.0,0.0,0.0,0.0,0.0,0.0,,,,,,,
0.03217102587223053,mappo,1.1414193068048917e-05,-0.7761021256446838,0.0001600200066688897,2799.0,,,,,,,,,,,,,,0.0,,,,,0.010561048984527588,0.013333333656191826
,mappo,,,,2799.0,0.0,0.0,0.6666666865348816,0.0,0.0,0.0,0.6666666865348816,0.0,0.0,0.0,0.0,0.0,0.0,,,,,,,
,mappo,,,,2799.0,,,,,,,,,,,,,,,0.0,0.0,0.6666666865348816,0.0,,
-0.006465254817157984,mappo,7.234090389829362e-06,-0.761943519115448,0.00015971990663554518,2800.0,,,,,,,,,,,,,,0.0,,,,,0.010594623163342476,0.013333333656191826
,mappo,,,,2800.0,0.0,0.0,0.6666666865348816,0.0,0.0,0.0,0.6666666865348816,0.0,0.0,0.0,0.0,0.0,0.0,,,,,,,
-0.005944287404417992,mappo,7.225283297884744e-06,-0.7321338653564453,0.00015941980660220078,2801.0,,,,,,,,,,,,,,0.0,,,,,0.010530142113566399,0.013333333656191826
,mappo,,,,2801.0,0.0,0.0,0.6666666865348816,0.0,0.0,0.0,0.6666666865348816,0.0,0.0,0.0,0.0,0.0,0.0,,,,,,,
-0.01437314786016941,mappo,4.285162958694855e-06,-0.7649332284927368,0.00015911970656885637,2802.0,,,,,,,,,,,,,,0.0,,,,,0.01048863772302866,0.013333333656191826
,mappo,,,,2802.0,0.0,0.0,0.6666666865348816,0.0,0.0,0.0,0.6666666865348816,0.0,0.0,0.0,0.0,0.0,0.0,,,,,,,
0.003851289162412286,mappo,3.930065304302843e-06,-0.7833870649337769,0.00015881960653551185,2803.0,,,,,,,,,,,,,,0.0,,,,,0.01056370884180069,0.013333333656191826
,mappo,,,,2803.0,0.0,0.0,0.6666666865348816,0.0,0.0,0.0,0.6666666865348816,0.0,0.0,0.0,0.0,0.0,0.0,,,,,,,
-0.0006649957504123449,mappo,2.5169749733322533e-06,-0.7820451855659485,0.00015851950650216744,2804.0,,,,,,,,,,,,,,0.0,,,,,0.010439116507768631,0.013333333656191826
,mappo,,,,2804.0,0.0,0.0,0.6666666865348816,0.0,0.0,0.0,0.6666666865348816,0.0,0.0,0.0,0.0,0.0,0.0,,,,,,,
-0.005602831952273846,mappo,4.204630840831669e-06,-0.8195413947105408,0.00015821940646882293,2805.0,,,,,,,,,,,,,,0.0,,,,,0.01057926844805479,0.013333333656191826
,mappo,,,,2805.0,0.0,0.0,0.6666666865348816,0.0,0.0,0.0,0.6666666865348816,0.0,0.0,0.0,0.0,0.0,0.0,,,,,,,
0.0196458138525486,mappo,3.4289921586605487e-06,-0.8088928461074829,0.00015791930643547863,2806.0,,,,,,,,,,,,,,0.0,,,,,0.010569591075181961,0.013333333656191826
,mappo,,,,2806.0,0.0,0.0,0.6666666865348816,0.0,0.0,0.0,0.6666666865348816,0.0,0.0,0.0,0.0,0.0,0.0,,,,,,,
-0.009725259616971016,mappo,2.956614480353892e-06,-0.7721620202064514,0.0001576192064021341,2807.0,,,,,,,,,,,,,,0.0,,,,,0.010649587027728558,0.013333333656191826
,mappo,,,,2807.0,0.0,0.0,0.6666666865348816,0.0,0.0,0.0,0.6666666865348816,0.0,0.0,0.0,0.0,0.0,0.0,,,,,,,
-0.0036287647671997547,mappo,6.3200700424204115e-06,-0.7442824840545654,0.0001573191063687896,2808.0,,,,,,,,,,,,,,0.0,,,,,0.01060017105191946,0.013333333656191826
,mappo,,,,2808.0,0.0,0.0,0.6666666865348816,0.0,0.0,0.0,0.6666666865348816,0.0,0.0,0.0,0.0,0.0,0.0,,,,,,,
-0.005311728920787573,mappo,2.0342640709714033e-06,-0.7532068490982056,0.00015701900633544518,2809.0,,,,,,,,,,,,,,0.0,,,,,0.010572779923677444,0.013333333656191826
,mappo,,,,2809.0,0.0,0.0,0.6666666865348816,0.0,0.0,0.0,0.6666666865348816,0.0,0.0,0.0,0.0,0.0,0.0,,,,,,,
-0.0017987159080803394,mappo,2.9835707664460642e-06,-0.76045161485672,0.00015671890630210078,2810.0,,,,,,,,,,,,,,0.0,,,,,0.010634309612214565,0.013333333656191826
,mappo,,,,2810.0,0.0,0.0,0.6666666865348816,0.0,0.0,0.0,0.6666666865348816,0.0,0.0,0.0,0.0,0.0,0.0,,,,,,,
0.009968708269298077,mappo,2.8144308998889755e-06,-0.7856904864311218,0.00015641880626875626,2811.0,,,,,,,,,,,,,,0.0,,,,,0.010576299391686916,0.013333333656191826
,mappo,,,,2811.0,0.0,0.0,0.6666666865348816,0.0,0.0,0.0,0.6666666865348816,0.0,0.0,0.0,0.0,0.0,0.0,,,,,,,
-0.008066019043326378,mappo,3.321086296637077e-06,-0.8116447925567627,0.00015611870623541185,2812.0,,,,,,,,,,,,,,0.0,,,,,0.010592675767838955,0.013333333656191826
,mappo,,,,2812.0,0.0,0.0,0.6666666865348816,0.0,0.0,0.0,0.6666666865348816,0.0,0.0,0.0,0.0,0.0,0.0,,,,,,,
0.0016034053405746818,mappo,0.0019837685395032167,-1.216054081916809,0.00015581860620206734,2813.0,,,,,,,,,,,,,,0.0,,,,,0.010724559426307678,0.006666666828095913
,mappo,,,,2813.0,0.0,0.0,0.3333333432674408,0.0,0.0,0.0,0.3333333432674408,0.0,0.0,0.0,0.0,0.0,0.0,,,,,,,
0.010911332443356514,mappo,0.0016174882184714079,-1.2010959386825562,0.00015551850616872293,2814.0,,,,,,,,,,,,,,0.0,,,,,0.010607410222291946,0.006666666828095913
,mappo,,,,2814.0,0.0,0.0,0.3333333432674408,0.0,0.0,0.0,0.3333333432674408,0.0,0.0,0.0,0.0,0.0,0.0,,,,,,,
-0.010649739764630795,mappo,0.0018740210216492414,-0.7949849367141724,0.00015521840613537852,2815.0,,,,,,,,,,,,,,0.0,,,,,0.010748161934316158,0.013333333656191826
,mappo,,,,2815.0,0.0,0.0,0.6666666865348816,0.0,0.0,0.0,0.6666666865348816,0.0,0.0,0.0,0.0,0.0,0.0,,,,,,,
-0.005240201484411955,mappo,0.001731866504997015,-0.8639389872550964,0.000154918306102034,2816.0,,,,,,,,,,,,,,0.0,,,,,0.010579160414636135,0.013333333656191826
,mappo,,,,2816.0,0.0,0.0,0.6666666865348816,0.0,0.0,0.0,0.6666666865348816,0.0,0.0,0.0,0.0,0.0,0.0,,,,,,,
0.05491701140999794,mappo,0.001665759482420981,-1.2928911447525024,0.0001546182060686897,2817.0,,,,,,,,,,,,,,0.0,,,,,0.01070716604590416,0.006666666828095913
,mappo,,,,2817.0,0.0,0.0,0.3333333432674408,0.0,0.0,0.0,0.3333333432674408,0.0,0.0,0.0,0.0,0.0,0.0,,,,,,,
0.011469461023807526,mappo,0.0020397757180035114,-0.8614689111709595,0.00015431810603534519,2818.0,,,,,,,,,,,,,,0.0,,,,,0.010730970650911331,0.013333333656191826
,mappo,,,,2818.0,0.0,0.0,0.6666666865348816,0.0,0.0,0.0,0.6666666865348816,0.0,0.0,0.0,0.0,0.0,0.0,,,,,,,
-0.013841762207448483,mappo,0.0016194673953577876,-0.8713728785514832,0.00015401800600200067,2819.0,,,,,,,,,,,,,,0.0,,,,,0.010791005566716194,0.013333333656191826
,mappo,,,,2819.0,0.0,0.0,0.6666666865348816,0.0,0.0,0.0,0.6666666865348816,0.0,0.0,0.0,0.0,0.0,0.0,,,,,,,
-3.746931906789541e-05,mappo,0.0022524597588926554,-1.386056661605835,0.00015371790596865626,2820.0,,,,,,,,,,,,,,0.0,,,,,0.010958586819469929,0.006666666828095913
,mappo,,,,2820.0,0.0,0.0,0.3333333432674408,0.0,0.0,0.0,0.3333333432674408,0.0,0.0,0.0,0.0,0.0,0.0,,,,,,,
0.11373092979192734,mappo,0.0029371483251452446,-2.007603645324707,0.00015341780593531185,2821.0,,,,,,,,,,,,,,0.0,,,,,0.012877559289336205,0.0
,mappo,,,,2821.0,0.0,0.0,0.0,0.0,0.0,0.0,0.0,0.0,0.0,0.0,0.0,0.0,0.0,,,,,,,
0.22918729484081268,mappo,0.0023599169217050076,-1.964081048965454,0.00015311770590196734,2822.0,,,,,,,,,,,,,,0.0,,,,,0.012793665751814842,0.0
,mappo,,,,2822.0,0.0,0.0,0.0,0.0,0.0,0.0,0.0,0.0,0.0,0.0,0.0,0.0,0.0,,,,,,,
-0.010693760588765144,mappo,0.004892873577773571,-0.8819584250450134,0.00015281760586862293,2823.0,,,,,,,,,,,,,,0.0,,,,,0.010647151619195938,0.013333333656191826
,mappo,,,,2823.0,0.0,0.0,0.6666666865348816,0.0,0.0,0.0,0.6666666865348816,0.0,0.0,0.0,0.0,0.0,0.0,,,,,,,
-0.006767838727682829,mappo,0.003818671917542815,-0.8328438401222229,0.0001525175058352784,2824.0,,,,,,,,,,,,,,0.0,,,,,0.01061440259218216,0.013333333656191826
,mappo,,,,2824.0,0.0,0.0,0.6666666865348816,0.0,0.0,0.0,0.6666666865348816,0.0,0.0,0.0,0.0,0.0,0.0,,,,,,,
0.007582759018987417,mappo,0.00287414132617414,-0.7632250785827637,0.000152217405801934,2825.0,,,,,,,,,,,,,,0.0,,,,,0.010721285827457905,0.013333333656191826
,mappo,,,,2825.0,0.0,0.0,0.6666666865348816,0.0,0.0,0.0,0.6666666865348816,0.0,0.0,0.0,0.0,0.0,0.0,,,,,,,
0.009988661855459213,mappo,0.004391904920339584,-1.3031898736953735,0.0001519173057685896,2826.0,,,,,,,,,,,,,,0.0,,,,,0.010693397372961044,0.006666666828095913
,mappo,,,,2826.0,0.0,0.0,0.3333333432674408,0.0,0.0,0.0,0.3333333432674408,0.0,0.0,0.0,0.0,0.0,0.0,,,,,,,
-0.0005577517440542579,mappo,0.0021366323344409466,-0.7576838731765747,0.00015161720573524508,2827.0,,,,,,,,,,,,,,0.0,,,,,0.010721635073423386,0.013333333656191826
,mappo,,,,2827.0,0.0,0.0,0.6666666865348816,0.0,0.0,0.0,0.6666666865348816,0.0,0.0,0.0,0.0,0.0,0.0,,,,,,,
-0.007471110206097364,mappo,0.001208687899634242,-0.7814220190048218,0.00015131710570190067,2828.0,,,,,,,,,,,,,,0.0,,,,,0.010781213641166687,0.013333333656191826
,mappo,,,,2828.0,0.0,0.0,0.6666666865348816,0.0,0.0,0.0,0.6666666865348816,0.0,0.0,0.0,0.0,0.0,0.0,,,,,,,
-0.002977094380185008,mappo,0.0005496946978382766,-0.8111971020698547,0.00015101700566855626,2829.0,,,,,,,,,,,,,,0.0,,,,,0.01074291206896305,0.013333333656191826
,mappo,,,,2829.0,0.0,0.0,0.6666666865348816,0.0,0.0,0.0,0.6666666865348816,0.0,0.0,0.0,0.0,0.0,0.0,,,,,,,
-0.0037042342592030764,mappo,0.00020876787311863154,-0.8137521147727966,0.00015071690563521175,2830.0,,,,,,,,,,,,,,0.0,,,,,0.010745967738330364,0.013333333656191826
,mappo,,,,2830.0,0.0,0.0,0.6666666865348816,0.0,0.0,0.0,0.6666666865348816,0.0,0.0,0.0,0.0,0.0,0.0,,,,,,,
-0.00513004744425416,mappo,4.9285987188341096e-05,-0.7542229890823364,0.00015041680560186734,2831.0,,,,,,,,,,,,,,0.0,,,,,0.010700193233788013,0.013333333656191826
,mappo,,,,2831.0,0.0,0.0,0.6666666865348816,0.0,0.0,0.0,0.6666666865348816,0.0,0.0,0.0,0.0,0.0,0.0,,,,,,,
0.018868982791900635,mappo,0.0037774627562612295,-1.9182056188583374,0.00015011670556852293,2832.0,,,,,,,,,,,,,,0.0,,,,,0.01270912867039442,0.0
,mappo,,,,2832.0,0.0,0.0,0.0,0.0,0.0,0.0,0.0,0.0,0.0,0.0,0.0,0.0,0.0,,,,,,,
0.008900935761630535,mappo,0.00039930175989866257,-0.6954376101493835,0.0001498166055351784,2833.0,,,,,,,,,,,,,,0.0,,,,,0.010671976953744888,0.013333333656191826
,mappo,,,,2833.0,0.0,0.0,0.6666666865348816,0.0,0.0,0.0,0.6666666865348816,0.0,0.0,0.0,0.0,0.0,0.0,,,,,,,
0.043901026248931885,mappo,0.0004356516292318702,-0.6865846514701843,0.000149516505501834,2834.0,,,,,,,,,,,,,,0.0,,,,,0.010697556659579277,0.013333333656191826
,mappo,,,,2834.0,0.0,0.0,0.6666666865348816,0.0,0.0,0.0,0.6666666865348816,0.0,0.0,0.0,0.0,0.0,0.0,,,,,,,
0.046980030834674835,mappo,0.00023185562167782336,-0.63550865650177,0.0001492164054684895,2835.0,,,,,,,,,,,,,,0.0,,,,,0.010609627701342106,0.013333333656191826
,mappo,,,,2835.0,0.0,0.0,0.6666666865348816,0.0,0.0,0.0,0.6666666865348816,0.0,0.0,0.0,0.0,0.0,0.0,,,,,,,
0.003206130350008607,mappo,0.00013634207425639033,-0.61785489320755,0.0001489163054351452,2836.0,,,,,,,,,,,,,,0.0,,,,,0.010546203702688217,0.013333333656191826
,mappo,,,,2836.0,0.0,0.0,0.6666666865348816,0.0,0.0,0.0,0.6666666865348816,0.0,0.0,0.0,0.0,0.0,0.0,,,,,,,
0.03382217511534691,mappo,8.626133785583079e-05,-0.6693511009216309,0.00014861620540180067,2837.0,,,,,,,,,,,,,,0.0,,,,,0.010565140284597874,0.013333333656191826
,mappo,,,,2837.0,0.0,0.0,0.6666666865348816,0.0,0.0,0.0,0.6666666865348816,0.0,0.0,0.0,0.0,0.0,0.0,,,,,,,
0.005923630204051733,mappo,5.5543569033034146e-05,-0.653179407119751,0.00014831610536845616,2838.0,,,,,,,,,,,,,,0.0,,,,,0.010549269616603851,0.013333333656191826
,mappo,,,,2838.0,0.0,0.0,0.6666666865348816,0.0,0.0,0.0,0.6666666865348816,0.0,0.0,0.0,0.0,0.0,0.0,,,,,,,
-0.006788821425288916,mappo,4.013457873952575e-05,-0.6366996169090271,0.00014801600533511175,2839.0,,,,,,,,,,,,,,0.0,,,,,0.010630388744175434,0.013333333656191826
,mappo,,,,2839.0,0.0,0.0,0.6666666865348816,0.0,0.0,0.0,0.6666666865348816,0.0,0.0,0.0,0.0,0.0,0.0,,,,,,,
0.034541185945272446,mappo,3.6410227039596066e-05,-0.6614112854003906,0.00014771590530176734,2840.0,,,,,,,,,,,,,,0.0,,,,,0.010581070557236671,0.013333333656191826
,mappo,,,,2840.0,0.0,0.0,0.6666666865348816,0.0,0.0,0.0,0.6666666865348816,0.0,0.0,0.0,0.0,0.0,0.0,,,,,,,
0.003267879132181406,mappo,2.3761043848935515e-05,-0.6438639163970947,0.00014741580526842282,2841.0,,,,,,,,,,,,,,0.0,,,,,0.010581322014331818,0.013333333656191826
,mappo,,,,2841.0,0.0,0.0,0.6666666865348816,0.0,0.0,0.0,0.6666666865348816,0.0,0.0,0.0,0.0,0.0,0.0,,,,,,,
-0.0013285778695717454,mappo,2.160033727705013e-05,-0.6692301034927368,0.00014711570523507841,2842.0,,,,,,,,,,,,,,0.0,,,,,0.010451963171362877,0.013333333656191826
,mappo,,,,2842.0,0.0,0.0,0.6666666865348816,0.0,0.0,0.0,0.6666666865348816,0.0,0.0,0.0,0.0,0.0,0.0,,,,,,,
-0.013803340494632721,mappo,1.4722289051860571e-05,-0.6533076167106628,0.0001468156052017339,2843.0,,,,,,,,,,,,,,0.0,,,,,0.010705340653657913,0.013333333656191826
,mappo,,,,2843.0,0.0,0.0,0.6666666865348816,0.0,0.0,0.0,0.6666666865348816,0.0,0.0,0.0,0.0,0.0,0.0,,,,,,,
0.010113158263266087,mappo,9.943827535607852e-06,-0.6350564360618591,0.0001465155051683895,2844.0,,,,,,,,,,,,,,0.0,,,,,0.010491259396076202,0.013333333656191826
,mappo,,,,2844.0,0.0,0.0,0.6666666865348816,0.0,0.0,0.0,0.6666666865348816,0.0,0.0,0.0,0.0,0.0,0.0,,,,,,,
-0.004588891286402941,mappo,3.326491787447594e-05,-0.6156940460205078,0.00014621540513504508,2845.0,,,,,,,,,,,,,,0.0,,,,,0.010650520212948322,0.013333333656191826
,mappo,,,,2845.0,0.0,0.0,0.6666666865348816,0.0,0.0,0.0,0.6666666865348816,0.0,0.0,0.0,0.0,0.0,0.0,,,,,,,
-0.006319202948361635,mappo,1.997975596168544e-05,-0.5885204076766968,0.00014591530510170056,2846.0,,,,,,,,,,,,,,0.0,,,,,0.01051564421504736,0.013333333656191826
,mappo,,,,2846.0,0.0,0.0,0.6666666865348816,0.0,0.0,0.0,0.6666666865348816,0.0,0.0,0.0,0.0,0.0,0.0,,,,,,,
-0.010972975753247738,mappo,1.2220217286085244e-05,-0.5760369896888733,0.00014561520506835627,2847.0,,,,,,,,,,,,,,0.0,,,,,0.0104929618537426,0.013333333656191826
,mappo,,,,2847.0,0.0,0.0,0.6666666865348816,0.0,0.0,0.0,0.6666666865348816,0.0,0.0,0.0,0.0,0.0,0.0,,,,,,,
-0.008023959584534168,mappo,9.063877769222017e-06,-0.5846378207206726,0.00014531510503501175,2848.0,,,,,,,,,,,,,,0.0,,,,,0.01052272878587246,0.013333333656191826
,mappo,,,,2848.0,0.0,0.0,0.6666666865348816,0.0,0.0,0.0,0.6666666865348816,0.0,0.0,0.0,0.0,0.0,0.0,,,,,,,
0.009874955751001835,mappo,1.641158996790182e-05,-0.6071997880935669,0.00014501500500166723,2849.0,,,,,,,,,,,,,,0.0,,,,,0.01062777079641819,0.013333333656191826
,mappo,,,,2849.0,0.0,0.0,0.6666666865348816,0.0,0.0,0.0,0.6666666865348816,0.0,0.0,0.0,0.0,0.0,0.0,,,,,,,
-0.00397834274917841,mappo,4.834664650843479e-06,-0.5562958717346191,0.00014471490496832282,2850.0,,,,,,,,,,,,,,0.0,,,,,0.010505842976272106,0.013333333656191826
,mappo,,,,2850.0,0.0,0.0,0.6666666865348816,0.0,0.0,0.0,0.6666666865348816,0.0,0.0,0.0,0.0,0.0,0.0,,,,,,,
0.08177027851343155,mappo,5.9588264775811695e-06,-0.5464559197425842,0.00014441480493497842,2851.0,,,,,,,,,,,,,,0.0,,,,,0.010615505278110504,0.013333333656191826
,mappo,,,,2851.0,0.0,0.0,0.6666666865348816,0.0,0.0,0.0,0.6666666865348816,0.0,0.0,0.0,0.0,0.0,0.0,,,,,,,
0.0014616611879318953,mappo,1.4445871784118935e-05,-0.5506474375724792,0.0001441147049016339,2852.0,,,,,,,,,,,,,,0.0,,,,,0.010593852028250694,0.013333333656191826
,mappo,,,,2852.0,0.0,0.0,0.6666666865348816,0.0,0.0,0.0,0.6666666865348816,0.0,0.0,0.0,0.0,0.0,0.0,,,,,,,
0.03319104015827179,mappo,8.48240961204283e-06,-0.5262094736099243,0.0001438146048682895,2853.0,,,,,,,,,,,,,,0.0,,,,,0.01069076918065548,0.013333333656191826
,mappo,,,,2853.0,0.0,0.0,0.6666666865348816,0.0,0.0,0.0,0.6666666865348816,0.0,0.0,0.0,0.0,0.0,0.0,,,,,,,
0.013403733260929585,mappo,8.570225872972514e-06,-0.5140933990478516,0.00014351450483494497,2854.0,,,,,,,,,,,,,,0.0,,,,,0.010809199884533882,0.013333333656191826
,mappo,,,,2854.0,0.0,0.0,0.6666666865348816,0.0,0.0,0.0,0.6666666865348816,0.0,0.0,0.0,0.0,0.0,0.0,,,,,,,
0.029558148235082626,mappo,6.1919836298329756e-06,-0.47086507081985474,0.00014321440480160057,2855.0,,,,,,,,,,,,,,0.0,,,,,0.010703913867473602,0.013333333656191826
,mappo,,,,2855.0,0.0,0.0,0.6666666865348816,0.0,0.0,0.0,0.6666666865348816,0.0,0.0,0.0,0.0,0.0,0.0,,,,,,,
-0.0028262315317988396,mappo,2.863662302843295e-05,-0.46313008666038513,0.00014291430476825616,2856.0,,,,,,,,,,,,,,0.0,,,,,0.010249253362417221,0.013333333656191826
,mappo,,,,2856.0,0.0,0.0,0.6666666865348816,0.0,0.0,0.0,0.6666666865348816,0.0,0.0,0.0,0.0,0.0,0.0,,,,,,,
-0.008724289946258068,mappo,6.236547960725147e-06,-0.45699071884155273,0.00014261420473491164,2857.0,,,,,,,,,,,,,,0.0,,,,,0.010694032534956932,0.013333333656191826
,mappo,,,,2857.0,0.0,0.0,0.6666666865348816,0.0,0.0,0.0,0.6666666865348816,0.0,0.0,0.0,0.0,0.0,0.0,,,,,,,
-0.006113135721534491,mappo,5.236487595539074e-06,-0.43780696392059326,0.00014231410470156723,2858.0,,,,,,,,,,,,,,0.0,,,,,0.010584119707345963,0.013333333656191826
,mappo,,,,2858.0,0.0,0.0,0.6666666865348816,0.0,0.0,0.0,0.6666666865348816,0.0,0.0,0.0,0.0,0.0,0.0,,,,,,,
-0.008269013836979866,mappo,6.689910605928162e-06,-0.42985284328460693,0.00014201400466822283,2859.0,,,,,,,,,,,,,,0.0,,,,,0.010481530800461769,0.013333333656191826
,mappo,,,,2859.0,0.0,0.0,0.6666666865348816,0.0,0.0,0.0,0.6666666865348816,0.0,0.0,0.0,0.0,0.0,0.0,,,,,,,
-0.0068275402300059795,mappo,4.6036029743845575e-06,-0.4907016456127167,0.0001417139046348783,2860.0,,,,,,,,,,,,,,0.0,,,,,0.010734541341662407,0.013333333656191826
,mappo,,,,2860.0,0.0,0.0,0.6666666865348816,0.0,0.0,0.0,0.6666666865348816,0.0,0.0,0.0,0.0,0.0,0.0,,,,,,,
-0.006783619523048401,mappo,7.477624876628397e-06,-0.4519154727458954,0.0001414138046015339,2861.0,,,,,,,,,,,,,,0.0,,,,,0.010522423312067986,0.013333333656191826
,mappo,,,,2861.0,0.0,0.0,0.6666666865348816,0.0,0.0,0.0,0.6666666865348816,0.0,0.0,0.0,0.0,0.0,0.0,,,,,,,
-0.009511562064290047,mappo,6.778684110031463e-06,-0.5262081623077393,0.0001411137045681895,2862.0,,,,,,,,,,,,,,0.0,,,,,0.010632030665874481,0.013333333656191826
,mappo,,,,2862.0,0.0,0.0,0.6666666865348816,0.0,0.0,0.0,0.6666666865348816,0.0,0.0,0.0,0.0,0.0,0.0,,,,,,,
-0.004503745120018721,mappo,0.00601574219763279,-1.1085014343261719,0.00014081360453484498,2863.0,,,,,,,,,,,,,,0.0,,,,,0.010649343952536583,0.006666666828095913
,mappo,,,,2863.0,0.0,0.0,0.3333333432674408,0.0,0.0,0.0,0.3333333432674408,0.0,0.0,0.0,0.0,0.0,0.0,,,,,,,
-0.00221974216401577,mappo,0.0006103380583226681,-0.5995113253593445,0.00014051350450150057,2864.0,,,,,,,,,,,,,,0.0,,,,,0.010474016889929771,0.013333333656191826
,mappo,,,,2864.0,0.0,0.0,0.6666666865348816,0.0,0.0,0.0,0.6666666865348816,0.0,0.0,0.0,0.0,0.0,0.0,,,,,,,
0.0033151202369481325,mappo,0.0005769868148490787,-0.5738881826400757,0.00014021340446815605,2865.0,,,,,,,,,,,,,,0.0,,,,,0.01076255738735199,0.013333333656191826
,mappo,,,,2865.0,0.0,0.0,0.6666666865348816,0.0,0.0,0.0,0.6666666865348816,0.0,0.0,0.0,0.0,0.0,0.0,,,,,,,
0.005455323029309511,mappo,0.0005116899264976382,-0.5986030101776123,0.00013991330443481164,2866.0,,,,,,,,,,,,,,0.0,,,,,0.010735645890235901,0.013333333656191826
,mappo,,,,2866.0,0.0,0.0,0.6666666865348816,0.0,0.0,0.0,0.6666666865348816,0.0,0.0,0.0,0.0,0.0,0.0,,,,,,,
0.10002581030130386,mappo,0.005736736115068197,-1.2292535305023193,0.00013961320440146723,2867.0,,,,,,,,,,,,,,0.0,,,,,0.01069883443415165,0.006666666828095913
,mappo,,,,2867.0,0.0,0.0,0.3333333432674408,0.0,0.0,0.0,0.3333333432674408,0.0,0.0,0.0,0.0,0.0,0.0,,,,,,,
0.18406863510608673,mappo,0.005748797208070755,-1.686336874961853,0.00013931310436812272,2868.0,,,,,,,,,,,,,,0.0,,,,,0.012486618012189865,0.0
,mappo,,,,2868.0,0.0,0.0,0.0,0.0,0.0,0.0,0.0,0.0,0.0,0.0,0.0,0.0,0.0,,,,,,,
0.2577528953552246,mappo,0.0038775671273469925,-1.6812548637390137,0.0001390130043347783,2869.0,,,,,,,,,,,,,,0.0,,,,,0.012451119720935822,0.0
,mappo,,,,2869.0,0.0,0.0,0.0,0.0,0.0,0.0,0.0,0.0,0.0,0.0,0.0,0.0,0.0,,,,,,,
0.0015643576625734568,mappo,0.00490462826564908,-0.6491615176200867,0.0001387129043014339,2870.0,,,,,,,,,,,,,,0.0,,,,,0.010843601077795029,0.013333333656191826
,mappo,,,,2870.0,0.0,0.0,0.6666666865348816,0.0,0.0,0.0,0.6666666865348816,0.0,0.0,0.0,0.0,0.0,0.0,,,,,,,
0.025567328557372093,mappo,0.004106159787625074,-1.281193494796753,0.00013841280426808939,2871.0,,,,,,,,,,,,,,0.0,,,,,0.010974359698593616,0.006666666828095913
,mappo,,,,2871.0,0.0,0.0,0.3333333432674408,0.0,0.0,0.0,0.3333333432674408,0.0,0.0,0.0,0.0,0.0,0.0,,,,,,,
0.06771977245807648,mappo,0.003730304306373,-1.302212119102478,0.00013811270423474498,2872.0,,,,,,,,,,,,,,0.0,,,,,0.011124001815915108,0.006666666828095913
,mappo,,,,2872.0,0.0,0.0,0.3333333432674408,0.0,0.0,0.0,0.3333333432674408,0.0,0.0,0.0,0.0,0.0,0.0,,,,,,,
-0.00597504572942853,mappo,0.005872132256627083,-0.6192688941955566,0.00013781260420140046,2873.0,,,,,,,,,,,,,,0.0,,,,,0.010809481143951416,0.013333333656191826
,mappo,,,,2873.0,0.0,0.0,0.6666666865348816,0.0,0.0,0.0,0.6666666865348816,0.0,0.0,0.0,0.0,0.0,0.0,,,,,,,
-0.002781299175694585,mappo,0.003600986674427986,-1.1664955615997314,0.00013751250416805605,2874.0,,,,,,,,,,,,,,0.0,,,,,0.010783844627439976,0.006666666828095913
,mappo,,,,2874.0,0.0,0.0,0.3333333432674408,0.0,0.0,0.0,0.3333333432674408,0.0,0.0,0.0,0.0,0.0,0.0,,,,,,,
0.015973951667547226,mappo,0.003017559414729476,-1.1571050882339478,0.00013721240413471164,2875.0,,,,,,,,,,,,,,0.0,,,,,0.01079289149492979,0.006666666828095913
,mappo,,,,2875.0,0.0,0.0,0.3333333432674408,0.0,0.0,0.0,0.3333333432674408,0.0,0.0,0.0,0.0,0.0,0.0,,,,,,,
-0.003803581465035677,mappo,0.0058016409166157246,-0.5692906975746155,0.00013691230410136713,2876.0,,,,,,,,,,,,,,0.0,,,,,0.010593937709927559,0.013333333656191826
,mappo,,,,2876.0,0.0,0.0,0.6666666865348816,0.0,0.0,0.0,0.6666666865348816,0.0,0.0,0.0,0.0,0.0,0.0,,,,,,,
-0.005359628703445196,mappo,0.004407808184623718,-0.5563390254974365,0.00013661220406802272,2877.0,,,,,,,,,,,,,,0.0,,,,,0.010628188960254192,0.013333333656191826
,mappo,,,,2877.0,0.0,0.0,0.6666666865348816,0.0,0.0,0.0,0.6666666865348816,0.0,0.0,0.0,0.0,0.0,0.0,,,,,,,
-0.004296265542507172,mappo,0.0037081281188875437,-0.5569827556610107,0.0001363121040346783,2878.0,,,,,,,,,,,,,,0.0,,,,,0.010723128914833069,0.013333333656191826
,mappo,,,,2878.0,0.0,0.0,0.6666666865348816,0.0,0.0,0.0,0.6666666865348816,0.0,0.0,0.0,0.0,0.0,0.0,,,,,,,
-0.007709392346441746,mappo,0.0026331651024520397,-0.5294497013092041,0.0001360120040013338,2879.0,,,,,,,,,,,,,,0.0,,,,,0.010708725079894066,0.013333333656191826
,mappo,,,,2879.0,0.0,0.0,0.6666666865348816,0.0,0.0,0.0,0.6666666865348816,0.0,0.0,0.0,0.0,0.0,0.0,,,,,,,
0.014809568412601948,mappo,0.006424010265618563,-1.5477964878082275,0.0001357119039679894,2880.0,,,,,,,,,,,,,,0.0,,,,,0.012399937026202679,0.0
,mappo,,,,2880.0,0.0,0.0,0.0,0.0,0.0,0.0,0.0,0.0,0.0,0.0,0.0,0.0,0.0,,,,,,,
0.028174424543976784,mappo,0.005367487668991089,-1.1207314729690552,0.00013541180393464498,2881.0,,,,,,,,,,,,,,0.0,,,,,0.010689771734178066,0.006666666828095913
,mappo,,,,2881.0,0.0,0.0,0.3333333432674408,0.0,0.0,0.0,0.3333333432674408,0.0,0.0,0.0,0.0,0.0,0.0,,,,,,,
0.0034576631151139736,mappo,0.003563109552487731,-0.5186463594436646,0.00013511170390130046,2882.0,,,,,,,,,,,,,,0.0,,,,,0.0106276273727417,0.013333333656191826
,mappo,,,,2882.0,0.0,0.0,0.6666666865348816,0.0,0.0,0.0,0.6666666865348816,0.0,0.0,0.0,0.0,0.0,0.0,,,,,,,
0.02430938556790352,mappo,0.0027675917372107506,-0.5070473551750183,0.00013481160386795605,2883.0,,,,,,,,,,,,,,0.0,,,,,0.010611983016133308,0.013333333656191826
,mappo,,,,2883.0,0.0,0.0,0.6666666865348816,0.0,0.0,0.0,0.6666666865348816,0.0,0.0,0.0,0.0,0.0,0.0,,,,,,,
0.0006155227310955524,mappo,0.0018465296598151326,-0.4960263967514038,0.00013451150383461154,2884.0,,,,,,,,,,,,,,0.0,,,,,0.0105076739564538,0.013333333656191826
,mappo,,,,2884.0,0.0,0.0,0.6666666865348816,0.0,0.0,0.0,0.6666666865348816,0.0,0.0,0.0,0.0,0.0,0.0,,,,,,,
-0.007534947711974382,mappo,0.0013635290088132024,-0.536847710609436,0.00013421140380126713,2885.0,,,,,,,,,,,,,,0.0,,,,,0.010818107053637505,0.013333333656191826
,mappo,,,,2885.0,0.0,0.0,0.6666666865348816,0.0,0.0,0.0,0.6666666865348816,0.0,0.0,0.0,0.0,0.0,0.0,,,,,,,
-0.007249013055115938,mappo,0.0007718013948760927,-0.5209124684333801,0.00013391130376792272,2886.0,,,,,,,,,,,,,,0.0,,,,,0.010835188440978527,0.013333333656191826
,mappo,,,,2886.0,0.0,0.0,0.6666666865348816,0.0,0.0,0.0,0.6666666865348816,0.0,0.0,0.0,0.0,0.0,0.0,,,,,,,
-0.009158824570477009,mappo,0.00173060258384794,-0.7253787517547607,0.0001336112037345782,2887.0,,,,,,,,,,,,,,0.0,,,,,0.010327491909265518,0.013333333656191826
,mappo,,,,2887.0,0.0,0.0,0.6666666865348816,0.0,0.0,0.0,0.6666666865348816,0.0,0.0,0.0,0.0,0.0,0.0,,,,,,,
0.18773050606250763,mappo,0.011090904474258423,-1.2854405641555786,0.0001333111037012338,2888.0,,,,,,,,,,,,,,0.0,,,,,0.010730509646236897,0.006666666828095913
,mappo,,,,2888.0,0.0,0.0,0.3333333432674408,0.0,0.0,0.0,0.3333333432674408,0.0,0.0,0.0,0.0,0.0,0.0,,,,,,,
0.005830806214362383,mappo,0.0008839912479743361,-0.5803883075714111,0.0001330110036678894,2889.0,,,,,,,,,,,,,,0.0,,,,,0.01057419553399086,0.013333333656191826
,mappo,,,,2889.0,0.0,0.0,0.6666666865348816,0.0,0.0,0.0,0.6666666865348816,0.0,0.0,0.0,0.0,0.0,0.0,,,,,,,
0.025819668546319008,mappo,0.0007609251770190895,-0.6532096862792969,0.00013271090363454487,2890.0,,,,,,,,,,,,,,0.0,,,,,0.010709378868341446,0.013333333656191826
,mappo,,,,2890.0,0.0,0.0,0.6666666865348816,0.0,0.0,0.0,0.6666666865348816,0.0,0.0,0.0,0.0,0.0,0.0,,,,,,,
0.022483551874756813,mappo,0.0007916169124655426,-0.7311385869979858,0.00013241080360120046,2891.0,,,,,,,,,,,,,,0.0,,,,,0.010808892548084259,0.013333333656191826
,mappo,,,,2891.0,0.0,0.0,0.6666666865348816,0.0,0.0,0.0,0.6666666865348816,0.0,0.0,0.0,0.0,0.0,0.0,,,,,,,
0.034007083624601364,mappo,0.00053905084496364,-0.7044128179550171,0.00013211070356785595,2892.0,,,,,,,,,,,,,,0.0,,,,,0.010940616950392723,0.013333333656191826
,mappo,,,,2892.0,0.0,0.0,0.6666666865348816,0.0,0.0,0.0,0.6666666865348816,0.0,0.0,0.0,0.0,0.0,0.0,,,,,,,
-0.009518283419311047,mappo,0.0004494115710258484,-0.7036927938461304,0.00013181060353451154,2893.0,,,,,,,,,,,,,,0.0,,,,,0.010662474669516087,0.013333333656191826
,mappo,,,,2893.0,0.0,0.0,0.6666666865348816,0.0,0.0,0.0,0.6666666865348816,0.0,0.0,0.0,0.0,0.0,0.0,,,,,,,
-0.012373526580631733,mappo,0.00036455626832321286,-0.6876281499862671,0.00013151050350116713,2894.0,,,,,,,,,,,,,,0.0,,,,,0.010824901983141899,0.013333333656191826
,mappo,,,,2894.0,0.0,0.0,0.6666666865348816,0.0,0.0,0.0,0.6666666865348816,0.0,0.0,0.0,0.0,0.0,0.0,,,,,,,
0.1775808334350586,mappo,0.008482870645821095,-1.71954345703125,0.00013121040346782261,2895.0,,,,,,,,,,,,,,0.0,,,,,0.01225377805531025,0.0
,mappo,,,,2895.0,0.0,0.0,0.0,0.0,0.0,0.0,0.0,0.0,0.0,0.0,0.0,0.0,0.0,,,,,,,
0.08970429003238678,mappo,0.010412968695163727,-1.526595950126648,0.0001309103034344782,2896.0,,,,,,,,,,,,,,0.0,,,,,0.011149710044264793,0.006666666828095913
,mappo,,,,2896.0,0.0,0.0,0.3333333432674408,0.0,0.0,0.0,0.3333333432674408,0.0,0.0,0.0,0.0,0.0,0.0,,,,,,,
-0.0016166596906259656,mappo,0.002853462705388665,-0.7271584868431091,0.0001306102034011338,2897.0,,,,,,,,,,,,,,0.0,,,,,0.010915214195847511,0.013333333656191826
,mappo,,,,2897.0,0.0,0.0,0.6666666865348816,0.0,0.0,0.0,0.6666666865348816,0.0,0.0,0.0,0.0,0.0,0.0,,,,,,,
0.07693973928689957,mappo,0.008718856610357761,-1.5890583992004395,0.00013031010336778928,2898.0,,,,,,,,,,,,,,0.0,,,,,0.01120501384139061,0.006666666828095913
,mappo,,,,2898.0,0.0,0.0,0.3333333432674408,0.0,0.0,0.0,0.3333333432674408,0.0,0.0,0.0,0.0,0.0,0.0,,,,,,,
0.03142153471708298,mappo,0.007652020547538996,-1.6052491664886475,0.00013001000333444487,2899.0,,,,,,,,,,,,,,0.0,,,,,0.01117953471839428,0.006666666828095913
,mappo,,,,2899.0,0.0,0.0,0.3333333432674408,0.0,0.0,0.0,0.3333333432674408,0.0,0.0,0.0,0.0,0.0,0.0,,,,,,,
,mappo,,,,2899.0,,,,,,,,,,,,,,,0.0,0.0,0.0,0.0,,
0.0669495239853859,mappo,0.006584497634321451,-1.5644320249557495,0.00012970990330110046,2900.0,,,,,,,,,,,,,,0.0,,,,,0.01108924113214016,0.006666666828095913
,mappo,,,,2900.0,0.0,0.0,0.3333333432674408,0.0,0.0,0.0,0.3333333432674408,0.0,0.0,0.0,0.0,0.0,0.0,,,,,,,
-0.0008243373013101518,mappo,0.008055396378040314,-0.8028278350830078,0.00012940980326775595,2901.0,,,,,,,,,,,,,,0.0,,,,,0.01077420637011528,0.013333333656191826
,mappo,,,,2901.0,0.0,0.0,0.6666666865348816,0.0,0.0,0.0,0.6666666865348816,0.0,0.0,0.0,0.0,0.0,0.0,,,,,,,
0.1904374659061432,mappo,0.007015593815594912,-1.8273191452026367,0.00012910970323441154,2902.0,,,,,,,,,,,,,,0.0,,,,,0.012116100639104843,0.0
,mappo,,,,2902.0,0.0,0.0,0.0,0.0,0.0,0.0,0.0,0.0,0.0,0.0,0.0,0.0,0.0,,,,,,,
-0.016521912068128586,mappo,0.008465472608804703,-0.8413548469543457,0.00012880960320106702,2903.0,,,,,,,,,,,,,,0.0,,,,,0.010941161774098873,0.013333333656191826
,mappo,,,,2903.0,0.0,0.0,0.6666666865348816,0.0,0.0,0.0,0.6666666865348816,0.0,0.0,0.0,0.0,0.0,0.0,,,,,,,
0.08175435662269592,mappo,0.00633951835334301,-1.9452325105667114,0.00012850950316772262,2904.0,,,,,,,,,,,,,,0.0,,,,,0.012174637988209724,0.0
,mappo,,,,2904.0,0.0,0.0,0.0,0.0,0.0,0.0,0.0,0.0,0.0,0.0,0.0,0.0,0.0,,,,,,,
0.01879247836768627,mappo,0.004785786848515272,-1.9488306045532227,0.0001282094031343782,2905.0,,,,,,,,,,,,,,0.0,,,,,0.012069879099726677,0.0
,mappo,,,,2905.0,0.0,0.0,0.0,0.0,0.0,0.0,0.0,0.0,0.0,0.0,0.0,0.0,0.0,,,,,,,
0.022918298840522766,mappo,0.004115600138902664,-1.9970144033432007,0.0001279093031010337,2906.0,,,,,,,,,,,,,,0.0,,,,,0.012193716131150723,0.0
,mappo,,,,2906.0,0.0,0.0,0.0,0.0,0.0,0.0,0.0,0.0,0.0,0.0,0.0,0.0,0.0,,,,,,,
0.42553234100341797,mappo,0.003365469165146351,-1.972787857055664,0.00012760920306768917,2907.0,,,,,,,,,,,,,,0.0,,,,,0.012134160846471786,0.0
,mappo,,,,2907.0,0.0,0.0,0.0,0.0,0.0,0.0,0.0,0.0,0.0,0.0,0.0,0.0,0.0,,,,,,,
0.14198659360408783,mappo,0.002328961156308651,-1.961405873298645,0.00012730910303434487,2908.0,,,,,,,,,,,,,,0.0,,,,,0.012228239327669144,0.0
,mappo,,,,2908.0,0.0,0.0,0.0,0.0,0.0,0.0,0.0,0.0,0.0,0.0,0.0,0.0,0.0,,,,,,,
0.1406647115945816,mappo,0.0013365164631977677,-1.9335843324661255,0.00012700900300100036,2909.0,,,,,,,,,,,,,,0.0,,,,,0.01226259395480156,0.0
,mappo,,,,2909.0,0.0,0.0,0.0,0.0,0.0,0.0,0.0,0.0,0.0,0.0,0.0,0.0,0.0,,,,,,,
0.02900889329612255,mappo,0.0007576748030260205,-1.9100393056869507,0.00012670890296765595,2910.0,,,,,,,,,,,,,,0.0,,,,,0.012229807674884796,0.0
,mappo,,,,2910.0,0.0,0.0,0.0,0.0,0.0,0.0,0.0,0.0,0.0,0.0,0.0,0.0,0.0,,,,,,,
0.02931675687432289,mappo,0.00040812778752297163,-1.8529577255249023,0.00012640880293431154,2911.0,,,,,,,,,,,,,,0.0,,,,,0.012124566361308098,0.0
,mappo,,,,2911.0,0.0,0.0,0.0,0.0,0.0,0.0,0.0,0.0,0.0,0.0,0.0,0.0,0.0,,,,,,,
0.04438428208231926,mappo,0.006254671141505241,-1.7070062160491943,0.00012610870290096702,2912.0,,,,,,,,,,,,,,0.0,,,,,0.011181570589542389,0.006666666828095913
,mappo,,,,2912.0,0.0,0.0,0.3333333432674408,0.0,0.0,0.0,0.3333333432674408,0.0,0.0,0.0,0.0,0.0,0.0,,,,,,,
0.034797314554452896,mappo,0.00031924949144013226,-1.8759901523590088,0.00012580860286762262,2913.0,,,,,,,,,,,,,,0.0,,,,,0.012278484180569649,0.0
,mappo,,,,2913.0,0.0,0.0,0.0,0.0,0.0,0.0,0.0,0.0,0.0,0.0,0.0,0.0,0.0,,,,,,,
0.4050886929035187,mappo,0.00019066373351961374,-1.8236706256866455,0.0001255085028342781,2914.0,,,,,,,,,,,,,,0.0,,,,,0.01204412616789341,0.0
,mappo,,,,2914.0,0.0,0.0,0.0,0.0,0.0,0.0,0.0,0.0,0.0,0.0,0.0,0.0,0.0,,,,,,,
0.055187348276376724,mappo,0.00021327866124920547,-1.8187776803970337,0.0001252084028009337,2915.0,,,,,,,,,,,,,,0.0,,,,,0.012065323069691658,0.0
,mappo,,,,2915.0,0.0,0.0,0.0,0.0,0.0,0.0,0.0,0.0,0.0,0.0,0.0,0.0,0.0,,,,,,,
0.037021733820438385,mappo,0.00026341769262216985,-1.7990869283676147,0.00012490830276758928,2916.0,,,,,,,,,,,,,,0.0,,,,,0.012101993896067142,0.0
,mappo,,,,2916.0,0.0,0.0,0.0,0.0,0.0,0.0,0.0,0.0,0.0,0.0,0.0,0.0,0.0,,,,,,,
0.04996654391288757,mappo,0.0002986138570122421,-1.8166017532348633,0.00012460820273424477,2917.0,,,,,,,,,,,,,,0.0,,,,,0.012167622335255146,0.0
,mappo,,,,2917.0,0.0,0.0,0.0,0.0,0.0,0.0,0.0,0.0,0.0,0.0,0.0,0.0,0.0,,,,,,,
0.05787380039691925,mappo,0.00030893026269041,-1.773393154144287,0.00012430810270090025,2918.0,,,,,,,,,,,,,,0.0,,,,,0.012170744128525257,0.0
,mappo,,,,2918.0,0.0,0.0,0.0,0.0,0.0,0.0,0.0,0.0,0.0,0.0,0.0,0.0,0.0,,,,,,,
0.14467687904834747,mappo,0.00028913634014315903,-1.7504425048828125,0.00012400800266755595,2919.0,,,,,,,,,,,,,,0.0,,,,,0.012110944837331772,0.0
,mappo,,,,2919.0,0.0,0.0,0.0,0.0,0.0,0.0,0.0,0.0,0.0,0.0,0.0,0.0,0.0,,,,,,,
0.05202111229300499,mappo,0.00026568761677481234,-1.7480765581130981,0.00012370790263421143,2920.0,,,,,,,,,,,,,,0.0,,,,,0.012159209698438644,0.0
,mappo,,,,2920.0,0.0,0.0,0.0,0.0,0.0,0.0,0.0,0.0,0.0,0.0,0.0,0.0,0.0,,,,,,,
0.05253917723894119,mappo,0.00024550509988330305,-1.6973934173583984,0.00012340780260086703,2921.0,,,,,,,,,,,,,,0.0,,,,,0.01216891035437584,0.0
,mappo,,,,2921.0,0.0,0.0,0.0,0.0,0.0,0.0,0.0,0.0,0.0,0.0,0.0,0.0,0.0,,,,,,,
0.0330011211335659,mappo,0.00018619293405208737,-1.6750965118408203,0.0001231077025675225,2922.0,,,,,,,,,,,,,,0.0,,,,,0.01210288517177105,0.0
,mappo,,,,2922.0,0.0,0.0,0.0,0.0,0.0,0.0,0.0,0.0,0.0,0.0,0.0,0.0,0.0,,,,,,,
0.19251389801502228,mappo,0.0001147680522990413,-1.6865242719650269,0.0001228076025341781,2923.0,,,,,,,,,,,,,,0.0,,,,,0.012225783430039883,0.0
,mappo,,,,2923.0,0.0,0.0,0.0,0.0,0.0,0.0,0.0,0.0,0.0,0.0,0.0,0.0,0.0,,,,,,,
0.05477843061089516,mappo,0.01922542043030262,-0.7329835295677185,0.0001225075025008337,2924.0,,,,,,,,,,,,,,0.0,,,,,0.011023839935660362,0.013333333656191826
,mappo,,,,2924.0,0.0,0.0,0.6666666865348816,0.0,0.0,0.0,0.6666666865348816,0.0,0.0,0.0,0.0,0.0,0.0,,,,,,,
0.08036275953054428,mappo,0.007121207192540169,-1.4180307388305664,0.00012220740246748918,2925.0,,,,,,,,,,,,,,0.0,,,,,0.010920319706201553,0.006666666828095913
,mappo,,,,2925.0,0.0,0.0,0.3333333432674408,0.0,0.0,0.0,0.3333333432674408,0.0,0.0,0.0,0.0,0.0,0.0,,,,,,,
0.03223653882741928,mappo,8.331568096764386e-05,-1.576606035232544,0.00012190730243414477,2926.0,,,,,,,,,,,,,,0.0,,,,,0.012129680253565311,0.0
,mappo,,,,2926.0,0.0,0.0,0.0,0.0,0.0,0.0,0.0,0.0,0.0,0.0,0.0,0.0,0.0,,,,,,,
0.007509719114750624,mappo,0.00694167660549283,-1.4860084056854248,0.00012160720240080036,2927.0,,,,,,,,,,,,,,0.0,,,,,0.010977246798574924,0.006666666828095913
,mappo,,,,2927.0,0.0,0.0,0.3333333432674408,0.0,0.0,0.0,0.3333333432674408,0.0,0.0,0.0,0.0,0.0,0.0,,,,,,,
0.0036785241682082415,mappo,0.017691664397716522,-0.6861369609832764,0.00012130710236745584,2928.0,,,,,,,,,,,,,,0.0,,,,,0.010886690579354763,0.013333333656191826
,mappo,,,,2928.0,0.0,0.0,0.6666666865348816,0.0,0.0,0.0,0.6666666865348816,0.0,0.0,0.0,0.0,0.0,0.0,,,,,,,
-0.012576811946928501,mappo,0.016494136303663254,-0.7158742547035217,0.00012100700233411133,2929.0,,,,,,,,,,,,,,0.0,,,,,0.010942306369543076,0.013333333656191826
,mappo,,,,2929.0,0.0,0.0,0.6666666865348816,0.0,0.0,0.0,0.6666666865348816,0.0,0.0,0.0,0.0,0.0,0.0,,,,,,,
0.03299161046743393,mappo,0.00705253379419446,-1.4748320579528809,0.00012070690230076703,2930.0,,,,,,,,,,,,,,0.0,,,,,0.010879609733819962,0.006666666828095913
,mappo,,,,2930.0,0.0,0.0,0.3333333432674408,0.0,0.0,0.0,0.3333333432674408,0.0,0.0,0.0,0.0,0.0,0.0,,,,,,,
-0.008916613645851612,mappo,0.015114784240722656,-0.7095151543617249,0.00012040680226742251,2931.0,,,,,,,,,,,,,,0.0,,,,,0.010819841176271439,0.013333333656191826
,mappo,,,,2931.0,0.0,0.0,0.6666666865348816,0.0,0.0,0.0,0.6666666865348816,0.0,0.0,0.0,0.0,0.0,0.0,,,,,,,
0.020290128886699677,mappo,0.011017482727766037,-0.8713687062263489,0.0001201067022340781,2932.0,,,,,,,,,,,,,,0.0,,,,,0.011155983433127403,0.013333333656191826
,mappo,,,,2932.0,0.0,0.0,0.6666666865348816,0.0,0.0,0.0,0.6666666865348816,0.0,0.0,0.0,0.0,0.0,0.0,,,,,,,
0.0366244912147522,mappo,0.012122031301259995,-0.7845103740692139,0.00011980660220073359,2933.0,,,,,,,,,,,,,,0.0,,,,,0.010793335735797882,0.013333333656191826
,mappo,,,,2933.0,0.0,0.0,0.6666666865348816,0.0,0.0,0.0,0.6666666865348816,0.0,0.0,0.0,0.0,0.0,0.0,,,,,,,
0.06418108940124512,mappo,0.01384144090116024,-1.6283074617385864,0.00011950650216738918,2934.0,,,,,,,,,,,,,,0.0,,,,,0.011134639382362366,0.006666666828095913
,mappo,,,,2934.0,0.0,0.0,0.3333333432674408,0.0,0.0,0.0,0.3333333432674408,0.0,0.0,0.0,0.0,0.0,0.0,,,,,,,
0.020190851762890816,mappo,0.006523920688778162,-0.7790553569793701,0.00011920640213404477,2935.0,,,,,,,,,,,,,,0.0,,,,,0.010807741433382034,0.013333333656191826
,mappo,,,,2935.0,0.0,0.0,0.6666666865348816,0.0,0.0,0.0,0.6666666865348816,0.0,0.0,0.0,0.0,0.0,0.0,,,,,,,
0.03987197205424309,mappo,0.011690809391438961,-0.7205451130867004,0.00011890630210070025,2936.0,,,,,,,,,,,,,,0.0,,,,,0.01056305505335331,0.013333333656191826
,mappo,,,,2936.0,0.0,0.0,0.6666666865348816,0.0,0.0,0.0,0.6666666865348816,0.0,0.0,0.0,0.0,0.0,0.0,,,,,,,
0.060523975640535355,mappo,0.007187017239630222,-1.6097981929779053,0.00011860620206735574,2937.0,,,,,,,,,,,,,,0.0,,,,,0.01106319297105074,0.006666666828095913
,mappo,,,,2937.0,0.0,0.0,0.3333333432674408,0.0,0.0,0.0,0.3333333432674408,0.0,0.0,0.0,0.0,0.0,0.0,,,,,,,
0.015729470178484917,mappo,0.007599968928843737,-0.7571976780891418,0.00011830610203401144,2938.0,,,,,,,,,,,,,,0.0,,,,,0.010662931017577648,0.013333333656191826
,mappo,,,,2938.0,0.0,0.0,0.6666666865348816,0.0,0.0,0.0,0.6666666865348816,0.0,0.0,0.0,0.0,0.0,0.0,,,,,,,
-0.00963373202830553,mappo,0.005449910182505846,-0.8110224008560181,0.00011800600200066692,2939.0,,,,,,,,,,,,,,0.0,,,,,0.010730031877756119,0.013333333656191826
,mappo,,,,2939.0,0.0,0.0,0.6666666865348816,0.0,0.0,0.0,0.6666666865348816,0.0,0.0,0.0,0.0,0.0,0.0,,,,,,,
0.058958567678928375,mappo,0.0032945782877504826,-1.8973805904388428,0.0001177059019673224,2940.0,,,,,,,,,,,,,,0.0,,,,,0.012327602133154869,0.0
,mappo,,,,2940.0,0.0,0.0,0.0,0.0,0.0,0.0,0.0,0.0,0.0,0.0,0.0,0.0,0.0,,,,,,,
0.050312887877225876,mappo,0.0005832533352077007,-1.6916801929473877,0.0001174058019339781,2941.0,,,,,,,,,,,,,,0.0,,,,,0.010905100032687187,0.006666666828095913
,mappo,,,,2941.0,0.0,0.0,0.3333333432674408,0.0,0.0,0.0,0.3333333432674408,0.0,0.0,0.0,0.0,0.0,0.0,,,,,,,
0.2025851309299469,mappo,0.000611406983807683,-1.6356087923049927,0.00011710570190063359,2942.0,,,,,,,,,,,,,,0.0,,,,,0.01090178545564413,0.006666666828095913
,mappo,,,,2942.0,0.0,0.0,0.3333333432674408,0.0,0.0,0.0,0.3333333432674408,0.0,0.0,0.0,0.0,0.0,0.0,,,,,,,
0.0029780403710901737,mappo,0.00566592812538147,-0.8431756496429443,0.00011680560186728918,2943.0,,,,,,,,,,,,,,0.0,,,,,0.010580560192465782,0.013333333656191826
,mappo,,,,2943.0,0.0,0.0,0.6666666865348816,0.0,0.0,0.0,0.6666666865348816,0.0,0.0,0.0,0.0,0.0,0.0,,,,,,,
0.18677982687950134,mappo,0.0015774816274642944,-1.8662636280059814,0.00011650550183394466,2944.0,,,,,,,,,,,,,,0.0,,,,,0.012097509577870369,0.0
,mappo,,,,2944.0,0.0,0.0,0.0,0.0,0.0,0.0,0.0,0.0,0.0,0.0,0.0,0.0,0.0,,,,,,,
0.008531352505087852,mappo,0.0010656202211976051,-1.612314224243164,0.00011620540180060025,2945.0,,,,,,,,,,,,,,0.0,,,,,0.01087215170264244,0.006666666828095913
,mappo,,,,2945.0,0.0,0.0,0.3333333432674408,0.0,0.0,0.0,0.3333333432674408,0.0,0.0,0.0,0.0,0.0,0.0,,,,,,,
0.007850227877497673,mappo,0.005329782143235207,-0.8431616425514221,0.00011590530176725585,2946.0,,,,,,,,,,,,,,0.0,,,,,0.010692618787288666,0.013333333656191826
,mappo,,,,2946.0,0.0,0.0,0.6666666865348816,0.0,0.0,0.0,0.6666666865348816,0.0,0.0,0.0,0.0,0.0,0.0,,,,,,,
-0.007712644059211016,mappo,0.002850145334377885,-0.8665284514427185,0.00011560520173391133,2947.0,,,,,,,,,,,,,,0.0,,,,,0.01073642447590828,0.013333333656191826
,mappo,,,,2947.0,0.0,0.0,0.6666666865348816,0.0,0.0,0.0,0.6666666865348816,0.0,0.0,0.0,0.0,0.0,0.0,,,,,,,
-0.00558456452563405,mappo,0.0016658651875331998,-0.9678831696510315,0.00011530510170056681,2948.0,,,,,,,,,,,,,,0.0,,,,,0.01081792451441288,0.013333333656191826
,mappo,,,,2948.0,0.0,0.0,0.6666666865348816,0.0,0.0,0.0,0.6666666865348816,0.0,0.0,0.0,0.0,0.0,0.0,,,,,,,
-0.001217960729263723,mappo,0.0007679563714191318,-0.7990935444831848,0.00011500500166722251,2949.0,,,,,,,,,,,,,,0.0,,,,,0.010520052164793015,0.013333333656191826
,mappo,,,,2949.0,0.0,0.0,0.6666666865348816,0.0,0.0,0.0,0.6666666865348816,0.0,0.0,0.0,0.0,0.0,0.0,,,,,,,
0.058876924216747284,mappo,0.000600863597355783,-1.9083608388900757,0.000114704901633878,2950.0,,,,,,,,,,,,,,0.0,,,,,0.012364352121949196,0.0
,mappo,,,,2950.0,0.0,0.0,0.0,0.0,0.0,0.0,0.0,0.0,0.0,0.0,0.0,0.0,0.0,,,,,,,
0.015987375751137733,mappo,0.002234864281490445,-1.8929495811462402,0.00011440480160053359,2951.0,,,,,,,,,,,,,,0.0,,,,,0.012385108508169651,0.0
,mappo,,,,2951.0,0.0,0.0,0.0,0.0,0.0,0.0,0.0,0.0,0.0,0.0,0.0,0.0,0.0,,,,,,,
-0.007982940413057804,mappo,0.0011576592223718762,-0.84676194190979,0.00011410470156718907,2952.0,,,,,,,,,,,,,,0.0,,,,,0.010759050026535988,0.013333333656191826
,mappo,,,,2952.0,0.0,0.0,0.6666666865348816,0.0,0.0,0.0,0.6666666865348816,0.0,0.0,0.0,0.0,0.0,0.0,,,,,,,
-0.002254578983411193,mappo,0.0006629633717238903,-0.771071195602417,0.00011380460153384466,2953.0,,,,,,,,,,,,,,0.0,,,,,0.010499328374862671,0.013333333656191826
,mappo,,,,2953.0,0.0,0.0,0.6666666865348816,0.0,0.0,0.0,0.6666666865348816,0.0,0.0,0.0,0.0,0.0,0.0,,,,,,,
-0.006234451197087765,mappo,0.0005935065564699471,-0.766669750213623,0.00011350450150050026,2954.0,,,,,,,,,,,,,,0.0,,,,,0.010591842234134674,0.013333333656191826
,mappo,,,,2954.0,0.0,0.0,0.6666666865348816,0.0,0.0,0.0,0.6666666865348816,0.0,0.0,0.0,0.0,0.0,0.0,,,,,,,
0.014148479327559471,mappo,0.0007436972809955478,-1.4949196577072144,0.00011320440146715574,2955.0,,,,,,,,,,,,,,0.0,,,,,0.010846048593521118,0.006666666828095913
,mappo,,,,2955.0,0.0,0.0,0.3333333432674408,0.0,0.0,0.0,0.3333333432674408,0.0,0.0,0.0,0.0,0.0,0.0,,,,,,,
0.000703183060977608,mappo,0.0003305113932583481,-0.7127229571342468,0.00011290430143381133,2956.0,,,,,,,,,,,,,,0.0,,,,,0.010542511940002441,0.013333333656191826
,mappo,,,,2956.0,0.0,0.0,0.6666666865348816,0.0,0.0,0.0,0.6666666865348816,0.0,0.0,0.0,0.0,0.0,0.0,,,,,,,
0.0063790688291192055,mappo,0.00047213133075274527,-1.4708727598190308,0.00011260420140046692,2957.0,,,,,,,,,,,,,,0.0,,,,,0.010788632556796074,0.006666666828095913
,mappo,,,,2957.0,0.0,0.0,0.3333333432674408,0.0,0.0,0.0,0.3333333432674408,0.0,0.0,0.0,0.0,0.0,0.0,,,,,,,
-3.57682874891907e-05,mappo,0.0005673544947057962,-0.8036803007125854,0.0001123041013671224,2958.0,,,,,,,,,,,,,,0.0,,,,,0.010875049978494644,0.013333333656191826
,mappo,,,,2958.0,0.0,0.0,0.6666666865348816,0.0,0.0,0.0,0.6666666865348816,0.0,0.0,0.0,0.0,0.0,0.0,,,,,,,
0.0003080401511397213,mappo,0.0003244191175326705,-0.839715838432312,0.00011200400133377789,2959.0,,,,,,,,,,,,,,0.0,,,,,0.010628977790474892,0.013333333656191826
,mappo,,,,2959.0,0.0,0.0,0.6666666865348816,0.0,0.0,0.0,0.6666666865348816,0.0,0.0,0.0,0.0,0.0,0.0,,,,,,,
0.03958877921104431,mappo,0.0011352330911904573,-1.7662773132324219,0.00011170390130043359,2960.0,,,,,,,,,,,,,,0.0,,,,,0.012184849008917809,0.0
,mappo,,,,2960.0,0.0,0.0,0.0,0.0,0.0,0.0,0.0,0.0,0.0,0.0,0.0,0.0,0.0,,,,,,,
0.010971001349389553,mappo,0.001810660818591714,-0.6752404570579529,0.00011140380126708907,2961.0,,,,,,,,,,,,,,0.0,,,,,0.010463215410709381,0.013333333656191826
,mappo,,,,2961.0,0.0,0.0,0.6666666865348816,0.0,0.0,0.0,0.6666666865348816,0.0,0.0,0.0,0.0,0.0,0.0,,,,,,,
0.1526133418083191,mappo,0.00105595076456666,-1.7991418838500977,0.00011110370123374467,2962.0,,,,,,,,,,,,,,0.0,,,,,0.0122383963316679,0.0
,mappo,,,,2962.0,0.0,0.0,0.0,0.0,0.0,0.0,0.0,0.0,0.0,0.0,0.0,0.0,0.0,,,,,,,
-0.004035115707665682,mappo,0.0027406588196754456,-0.7123592495918274,0.00011080360120040015,2963.0,,,,,,,,,,,,,,0.0,,,,,0.010476509109139442,0.013333333656191826
,mappo,,,,2963.0,0.0,0.0,0.6666666865348816,0.0,0.0,0.0,0.6666666865348816,0.0,0.0,0.0,0.0,0.0,0.0,,,,,,,
0.015594643540680408,mappo,0.0010001168120652437,-0.7591347694396973,0.00011050350116705574,2964.0,,,,,,,,,,,,,,0.0,,,,,0.010653020814061165,0.013333333656191826
,mappo,,,,2964.0,0.0,0.0,0.6666666865348816,0.0,0.0,0.0,0.6666666865348816,0.0,0.0,0.0,0.0,0.0,0.0,,,,,,,
0.05118206515908241,mappo,0.00042642981861718,-0.828384280204773,0.00011020340113371133,2965.0,,,,,,,,,,,,,,0.0,,,,,0.010670887306332588,0.013333333656191826
,mappo,,,,2965.0,0.0,0.0,0.6666666865348816,0.0,0.0,0.0,0.6666666865348816,0.0,0.0,0.0,0.0,0.0,0.0,,,,,,,
0.04900749400258064,mappo,0.00035178751568309963,-0.7916694283485413,0.00010990330110036682,2966.0,,,,,,,,,,,,,,0.0,,,,,0.010555827990174294,0.013333333656191826
,mappo,,,,2966.0,0.0,0.0,0.6666666865348816,0.0,0.0,0.0,0.6666666865348816,0.0,0.0,0.0,0.0,0.0,0.0,,,,,,,
0.058024946600198746,mappo,0.00034952658461406827,-0.7969787120819092,0.0001096032010670223,2967.0,,,,,,,,,,,,,,0.0,,,,,0.010715844109654427,0.013333333656191826
,mappo,,,,2967.0,0.0,0.0,0.6666666865348816,0.0,0.0,0.0,0.6666666865348816,0.0,0.0,0.0,0.0,0.0,0.0,,,,,,,
0.04322626814246178,mappo,0.0002083631552523002,-0.7788408398628235,0.000109303101033678,2968.0,,,,,,,,,,,,,,0.0,,,,,0.010548528283834457,0.013333333656191826
,mappo,,,,2968.0,0.0,0.0,0.6666666865348816,0.0,0.0,0.0,0.6666666865348816,0.0,0.0,0.0,0.0,0.0,0.0,,,,,,,
-0.0066561149433255196,mappo,0.00012788185267709196,-0.8271759748458862,0.00010900300100033348,2969.0,,,,,,,,,,,,,,0.0,,,,,0.010577485896646976,0.013333333656191826
,mappo,,,,2969.0,0.0,0.0,0.6666666865348816,0.0,0.0,0.0,0.6666666865348816,0.0,0.0,0.0,0.0,0.0,0.0,,,,,,,
0.0004585131537169218,mappo,8.301634079543874e-05,-0.8259330987930298,0.00010870290096698897,2970.0,,,,,,,,,,,,,,0.0,,,,,0.010621542111039162,0.013333333656191826
,mappo,,,,2970.0,0.0,0.0,0.6666666865348816,0.0,0.0,0.0,0.6666666865348816,0.0,0.0,0.0,0.0,0.0,0.0,,,,,,,
-0.003538413206115365,mappo,5.753913865191862e-05,-0.7353465557098389,0.00010840280093364467,2971.0,,,,,,,,,,,,,,0.0,,,,,0.010562432929873466,0.013333333656191826
,mappo,,,,2971.0,0.0,0.0,0.6666666865348816,0.0,0.0,0.0,0.6666666865348816,0.0,0.0,0.0,0.0,0.0,0.0,,,,,,,
0.01899271458387375,mappo,4.409436951391399e-05,-0.8390712738037109,0.00010810270090030015,2972.0,,,,,,,,,,,,,,0.0,,,,,0.010492264293134212,0.013333333656191826
,mappo,,,,2972.0,0.0,0.0,0.6666666865348816,0.0,0.0,0.0,0.6666666865348816,0.0,0.0,0.0,0.0,0.0,0.0,,,,,,,
0.003072547959163785,mappo,5.29608951183036e-05,-0.7381507158279419,0.00010780260086695574,2973.0,,,,,,,,,,,,,,0.0,,,,,0.010537959635257721,0.013333333656191826
,mappo,,,,2973.0,0.0,0.0,0.6666666865348816,0.0,0.0,0.0,0.6666666865348816,0.0,0.0,0.0,0.0,0.0,0.0,,,,,,,
-0.0031456167344003916,mappo,3.230266156606376e-05,-0.7940745949745178,0.00010750250083361123,2974.0,,,,,,,,,,,,,,0.0,,,,,0.01050507090985775,0.013333333656191826
,mappo,,,,2974.0,0.0,0.0,0.6666666865348816,0.0,0.0,0.0,0.6666666865348816,0.0,0.0,0.0,0.0,0.0,0.0,,,,,,,
-6.3240149756893516e-06,mappo,2.96851485472871e-05,-0.7642163634300232,0.00010720240080026682,2975.0,,,,,,,,,,,,,,0.0,,,,,0.01038951426744461,0.013333333656191826
,mappo,,,,2975.0,0.0,0.0,0.6666666865348816,0.0,0.0,0.0,0.6666666865348816,0.0,0.0,0.0,0.0,0.0,0.0,,,,,,,
-0.011341731995344162,mappo,2.2635431378148496e-05,-0.7749722003936768,0.00010690230076692241,2976.0,,,,,,,,,,,,,,0.0,,,,,0.01060984842479229,0.013333333656191826
,mappo,,,,2976.0,0.0,0.0,0.6666666865348816,0.0,0.0,0.0,0.6666666865348816,0.0,0.0,0.0,0.0,0.0,0.0,,,,,,,
0.07908545434474945,mappo,0.0006716687930747867,-1.733703374862671,0.00010660220073357789,2977.0,,,,,,,,,,,,,,0.0,,,,,0.010893406346440315,0.006666666828095913
,mappo,,,,2977.0,0.0,0.0,0.3333333432674408,0.0,0.0,0.0,0.3333333432674408,0.0,0.0,0.0,0.0,0.0,0.0,,,,,,,
0.06363946199417114,mappo,0.0005272689741104841,-0.8986520171165466,0.00010630210070023338,2978.0,,,,,,,,,,,,,,0.0,,,,,0.01074938103556633,0.013333333656191826
,mappo,,,,2978.0,0.0,0.0,0.6666666865348816,0.0,0.0,0.0,0.6666666865348816,0.0,0.0,0.0,0.0,0.0,0.0,,,,,,,
-0.0024846172891557217,mappo,0.0001270153879886493,-0.9439693093299866,0.00010600200066688908,2979.0,,,,,,,,,,,,,,0.0,,,,,0.010834937915205956,0.013333333656191826
,mappo,,,,2979.0,0.0,0.0,0.6666666865348816,0.0,0.0,0.0,0.6666666865348816,0.0,0.0,0.0,0.0,0.0,0.0,,,,,,,
0.011814751662313938,mappo,0.00016569611034356058,-1.0106207132339478,0.00010570190063354456,2980.0,,,,,,,,,,,,,,0.0,,,,,0.010716317221522331,0.013333333656191826
,mappo,,,,2980.0,0.0,0.0,0.6666666865348816,0.0,0.0,0.0,0.6666666865348816,0.0,0.0,0.0,0.0,0.0,0.0,,,,,,,
0.3051348626613617,mappo,0.0015448982594534755,-2.1955337524414062,0.00010540180060020004,2981.0,,,,,,,,,,,,,,0.0,,,,,0.012499605305492878,0.0
,mappo,,,,2981.0,0.0,0.0,0.0,0.0,0.0,0.0,0.0,0.0,0.0,0.0,0.0,0.0,0.0,,,,,,,
0.006335549522191286,mappo,0.0015959355514496565,-2.2122435569763184,0.00010510170056685563,2982.0,,,,,,,,,,,,,,0.0,,,,,0.012458892539143562,0.0
,mappo,,,,2982.0,0.0,0.0,0.0,0.0,0.0,0.0,0.0,0.0,0.0,0.0,0.0,0.0,0.0,,,,,,,
0.440687358379364,mappo,0.0007597436779178679,-2.2210328578948975,0.00010480160053351123,2983.0,,,,,,,,,,,,,,0.0,,,,,0.012489719316363335,0.0
,mappo,,,,2983.0,0.0,0.0,0.0,0.0,0.0,0.0,0.0,0.0,0.0,0.0,0.0,0.0,0.0,,,,,,,
0.15832102298736572,mappo,0.0025830483064055443,-1.9534879922866821,0.00010450150050016682,2984.0,,,,,,,,,,,,,,0.0,,,,,0.01112411543726921,0.006666666828095913
,mappo,,,,2984.0,0.0,0.0,0.3333333432674408,0.0,0.0,0.0,0.3333333432674408,0.0,0.0,0.0,0.0,0.0,0.0,,,,,,,
0.031597308814525604,mappo,0.0005585940089076757,-2.2809765338897705,0.0001042014004668223,2985.0,,,,,,,,,,,,,,0.0,,,,,0.012536623515188694,0.0
,mappo,,,,2985.0,0.0,0.0,0.0,0.0,0.0,0.0,0.0,0.0,0.0,0.0,0.0,0.0,0.0,,,,,,,
0.12498250603675842,mappo,0.0003848474589176476,-2.225522518157959,0.0001039013004334779,2986.0,,,,,,,,,,,,,,0.0,,,,,0.01252163015305996,0.0
,mappo,,,,2986.0,0.0,0.0,0.0,0.0,0.0,0.0,0.0,0.0,0.0,0.0,0.0,0.0,0.0,,,,,,,
0.02588040754199028,mappo,0.007572251372039318,-1.0265060663223267,0.00010360120040013349,2987.0,,,,,,,,,,,,,,0.0,,,,,0.010640465654432774,0.013333333656191826
,mappo,,,,2987.0,0.0,0.0,0.6666666865348816,0.0,0.0,0.0,0.6666666865348816,0.0,0.0,0.0,0.0,0.0,0.0,,,,,,,
0.22051213681697845,mappo,0.0013826095964759588,-2.2102749347686768,0.00010330110036678897,2988.0,,,,,,,,,,,,,,0.0,,,,,0.012606309726834297,0.0
,mappo,,,,2988.0,0.0,0.0,0.0,0.0,0.0,0.0,0.0,0.0,0.0,0.0,0.0,0.0,0.0,,,,,,,
0.06754565238952637,mappo,0.0006414841627702117,-2.1989760398864746,0.00010300100033344445,2989.0,,,,,,,,,,,,,,0.0,,,,,0.012605149298906326,0.0
,mappo,,,,2989.0,0.0,0.0,0.0,0.0,0.0,0.0,0.0,0.0,0.0,0.0,0.0,0.0,0.0,,,,,,,
0.0504135899245739,mappo,0.0005048117600381374,-2.1934866905212402,0.00010270090030010015,2990.0,,,,,,,,,,,,,,0.0,,,,,0.012562497518956661,0.0
,mappo,,,,2990.0,0.0,0.0,0.0,0.0,0.0,0.0,0.0,0.0,0.0,0.0,0.0,0.0,0.0,,,,,,,
-0.01287729013711214,mappo,0.00046042294707149267,-2.135735273361206,0.00010240080026675564,2991.0,,,,,,,,,,,,,,0.0,,,,,0.012448325753211975,0.0
,mappo,,,,2991.0,0.0,0.0,0.0,0.0,0.0,0.0,0.0,0.0,0.0,0.0,0.0,0.0,0.0,,,,,,,
0.05399661511182785,mappo,0.0004028474213555455,-2.196213722229004,0.00010210070023341112,2992.0,,,,,,,,,,,,,,0.0,,,,,0.012583693489432335,0.0
,mappo,,,,2992.0,0.0,0.0,0.0,0.0,0.0,0.0,0.0,0.0,0.0,0.0,0.0,0.0,0.0,,,,,,,
0.10636153072118759,mappo,0.005437404382973909,-1.8741034269332886,0.00010180060020006671,2993.0,,,,,,,,,,,,,,0.0,,,,,0.010935064405202866,0.006666666828095913
,mappo,,,,2993.0,0.0,0.0,0.3333333432674408,0.0,0.0,0.0,0.3333333432674408,0.0,0.0,0.0,0.0,0.0,0.0,,,,,,,
0.08464647084474564,mappo,0.0007968513527885079,-2.1029698848724365,0.0001015005001667223,2994.0,,,,,,,,,,,,,,0.0,,,,,0.012428585439920425,0.0
,mappo,,,,2994.0,0.0,0.0,0.0,0.0,0.0,0.0,0.0,0.0,0.0,0.0,0.0,0.0,0.0,,,,,,,
0.21322600543498993,mappo,0.0004875619779340923,-2.1108319759368896,0.0001012004001333779,2995.0,,,,,,,,,,,,,,0.0,,,,,0.012434079311788082,0.0
,mappo,,,,2995.0,0.0,0.0,0.0,0.0,0.0,0.0,0.0,0.0,0.0,0.0,0.0,0.0,0.0,,,,,,,
0.13936132192611694,mappo,0.0004141765530221164,-2.0525548458099365,0.00010090030010003338,2996.0,,,,,,,,,,,,,,0.0,,,,,0.012473542243242264,0.0
,mappo,,,,2996.0,0.0,0.0,0.0,0.0,0.0,0.0,0.0,0.0,0.0,0.0,0.0,0.0,0.0,,,,,,,
0.018399281427264214,mappo,0.00038104632403701544,-2.046469211578369,0.00010060020006668886,2997.0,,,,,,,,,,,,,,0.0,,,,,0.012551596388220787,0.0
,mappo,,,,2997.0,0.0,0.0,0.0,0.0,0.0,0.0,0.0,0.0,0.0,0.0,0.0,0.0,0.0,,,,,,,
0.02359904535114765,mappo,0.01105477288365364,-0.9453155398368835,0.00010030010003334456,2998.0,,,,,,,,,,,,,,0.0,,,,,0.010667474940419197,0.013333333656191826
,mappo,,,,2998.0,0.0,0.0,0.6666666865348816,0.0,0.0,0.0,0.6666666865348816,0.0,0.0,0.0,0.0,0.0,0.0,,,,,,,
-0.00907090399414301,mappo,0.007981635630130768,-0.8835541009902954,0.00010000000000000005,2999.0,,,,,,,,,,,,,,0.0,,,,,0.010810228064656258,0.013333333656191826
,mappo,,,,2999.0,0.0,0.0,0.6666666865348816,0.0,0.0,0.0,0.6666666865348816,0.0,0.0,0.0,0.0,0.0,0.0,,,,,,,
,mappo,,,,2999.0,,,,,,,,,,,,,,,0.0,0.0,0.0,0.0,,
