{
  "seeds": [
    7,
    11,
    23
  ],
  "algorithm": "mappo",
  "output_dir": "reports/imappo_stage5_v2",
  "final_eval_collision_rate_mean": 0.20533333333333334,
  "final_easy_probe_collision_rate_mean": 0.20533333333333334,
  "final_mid_probe_collision_rate_mean": 0.3586666666666667,
  "final_hard_probe_collision_rate_mean": 0.3573333333333333,
  "final_easy_probe_task_completion_mean": 0.6646241704324881,
  "final_mid_probe_task_completion_mean": 0.647201120396455,
  "final_hard_probe_task_completion_mean": 0.6629039014478525,
  "final_probe_collision_rate_mean": 0.3573333333333333
}