{
  "actor_loss": [
    -0.02545740269124508,
    -0.01358642615377903,
    -0.014006564393639565,
    -0.004537099041044712,
    -0.015927186235785484,
    -0.011273786425590515,
    -0.004835765343159437,
    -0.00911410991102457,
    -0.006013371981680393,
    -0.007744405418634415,
    -0.012754624709486961,
    -0.005803824868053198,
    -0.003938066773116589,
    -0.008165743201971054,
    -0.02052466943860054,
    -0.016062546521425247,
    -0.004881882108747959,
    -0.01305740512907505,
    -0.009997865185141563,
    -0.016446566209197044,
    -0.012799515388906002,
    -0.009686175733804703,
    -0.01323581114411354,
    -0.007247318048030138,
    -0.009935728274285793,
    -0.016544949263334274,
    -0.005471918731927872,
    -0.007010926958173513,
    -0.004713516216725111,
    -0.012611541897058487
  ],
  "actor_loss_T": [
    0,
    1,
    2,
    3,
    4,
    5,
    6,
    7,
    8,
    9,
    10,
    11,
    12,
    13,
    14,
    15,
    16,
    17,
    18,
    19,
    20,
    21,
    22,
    23,
    24,
    25,
    26,
    27,
    28,
    29
  ],
  "critic_loss": [
    213.01744079589844,
    139.6007080078125,
    210.298828125,
    89.90032958984375,
    194.5623779296875,
    79.82048034667969,
    94.32923889160156,
    189.1609649658203,
    149.04965209960938,
    84.99015045166016,
    124.86902618408203,
    106.9936752319336,
    236.14195251464844,
    102.49497985839844,
    127.7976303100586,
    65.10354614257812,
    71.58827209472656,
    258.33984375,
    138.4698028564453,
    161.04161071777344,
    188.94589233398438,
    84.23877716064453,
    81.02706909179688,
    59.982666015625,
    157.71995544433594,
    97.41981506347656,
    23.098243713378906,
    68.82344818115234,
    34.21928024291992,
    27.517963409423828
  ],
  "critic_loss_T": [
    0,
    1,
    2,
    3,
    4,
    5,
    6,
    7,
    8,
    9,
    10,
    11,
    12,
    13,
    14,
    15,
    16,
    17,
    18,
    19,
    20,
    21,
    22,
    23,
    24,
    25,
    26,
    27,
    28,
    29
  ],
  "entropy": [
    3.2375857830047607,
    4.373561382293701,
    1.9725290536880493,
    0.7463304400444031,
    4.386258125305176,
    3.211587429046631,
    0.7042816281318665,
    0.6943888068199158,
    2.1182727813720703,
    4.416811943054199,
    3.349278211593628,
    2.0030019283294678,
    -0.3060787320137024,
    2.0594677925109863,
    4.656999588012695,
    4.552343368530273,
    1.9356333017349243,
    3.5282633304595947,
    0.8484606146812439,
    4.724065780639648,
    2.4877467155456543,
    3.364584445953369,
    2.3318519592285156,
    4.596774101257324,
    2.4140641689300537,
    4.799262523651123,
    2.295210838317871,
    1.131116509437561,
    0.8182389736175537,
    3.765955924987793
  ],
  "entropy_T": [
    0,
    1,
    2,
    3,
    4,
    5,
    6,
    7,
    8,
    9,
    10,
    11,
    12,
    13,
    14,
    15,
    16,
    17,
    18,
    19,
    20,
    21,
    22,
    23,
    24,
    25,
    26,
    27,
    28,
    29
  ],
  "episode": [
    0,
    1,
    2,
    3,
    4,
    5,
    6,
    7,
    8,
    9,
    10,
    11,
    12,
    13,
    14,
    15,
    16,
    17,
    18,
    19,
    20,
    21,
    22,
    23,
    24,
    25,
    26,
    27,
    28,
    29
  ],
  "episode_T": [
    0,
    1,
    2,
    3,
    4,
    5,
    6,
    7,
    8,
    9,
    10,
    11,
    12,
    13,
    14,
    15,
    16,
    17,
    18,
    19,
    20,
    21,
    22,
    23,
    24,
    25,
    26,
    27,
    28,
    29
  ],
  "episode_return": [
    -33.52324736118317,
    -26.99672770500183,
    -33.091660499572754,
    -21.71780550479889,
    -32.03116595745087,
    -20.790793657302856,
    -22.178232073783875,
    -31.521268010139465,
    -28.008034706115723,
    -21.244041442871094,
    -25.98956525325775,
    -24.060500979423523,
    -35.54498887062073,
    -23.498866319656372,
    -26.374980568885803,
    -18.953216433525085,
    -19.417375445365906,
    -37.82954668998718,
    -27.728174805641174,
    -30.230730175971985,
    -32.81881499290466,
    -22.51975417137146,
    -22.7636661529541,
    -20.23925006389618,
    -31.920899510383606,
    -26.942440390586853,
    -15.267148315906525,
    -25.801498293876648,
    -19.539714694023132,
    -20.399227619171143
  ],
  "episode_return_T": [
    0,
    1,
    2,
    3,
    4,
    5,
    6,
    7,
    8,
    9,
    10,
    11,
    12,
    13,
    14,
    15,
    16,
    17,
    18,
    19,
    20,
    21,
    22,
    23,
    24,
    25,
    26,
    27,
    28,
    29
  ],
  "potential_loss": [
    0.9977915287017822,
    3.671341896057129,
    1.9915237426757812,
    1.697392463684082,
    1.185260534286499,
    2.804276466369629,
    1.0359137058258057,
    3.3271050453186035,
    1.4419784545898438,
    2.829617738723755,
    3.6425094604492188,
    1.4381318092346191,
    2.2129406929016113,
    1.7232106924057007,
    1.4359041452407837,
    1.2488360404968262,
    1.6561192274093628,
    2.1860709190368652,
    1.6153559684753418,
    3.0886502265930176,
    3.169121265411377,
    4.291496276855469,
    2.5289969444274902,
    1.5276813507080078,
    0.5203207731246948,
    1.1347492933273315,
    1.3276658058166504,
    2.038651466369629,
    0.33929070830345154,
    2.2313480377197266
  ],
  "potential_loss_T": [
    0,
    1,
    2,
    3,
    4,
    5,
    6,
    7,
    8,
    9,
    10,
    11,
    12,
    13,
    14,
    15,
    16,
    17,
    18,
    19,
    20,
    21,
    22,
    23,
    24,
    25,
    26,
    27,
    28,
    29
  ],
  "return_mean": [
    -2.095202922821045,
    -1.6872955560684204,
    -2.0682287216186523,
    -1.3573628664016724,
    -2.0019478797912598,
    -1.2994245290756226,
    -1.3861393928527832,
    -1.9700791835784912,
    -1.750502109527588,
    -1.327752709388733,
    -1.6243479251861572,
    -1.5037811994552612,
    -2.2215616703033447,
    -1.4686791896820068,
    -1.6484363079071045,
    -1.1845760345458984,
    -1.2135858535766602,
    -2.364346742630005,
    -1.73301100730896,
    -1.889420747756958,
    -2.051175832748413,
    -1.4074846506118774,
    -1.422729253768921,
    -1.2649531364440918,
    -1.995055913925171,
    -1.6839025020599365,
    -0.9541968107223511,
    -1.6125935316085815,
    -1.2212320566177368,
    -1.2749518156051636
  ],
  "return_mean_T": [
    0,
    1,
    2,
    3,
    4,
    5,
    6,
    7,
    8,
    9,
    10,
    11,
    12,
    13,
    14,
    15,
    16,
    17,
    18,
    19,
    20,
    21,
    22,
    23,
    24,
    25,
    26,
    27,
    28,
    29
  ]
}