{
  "actor_loss": [
    -0.02820824831724167,
    -0.01457345113158226,
    -0.008773455396294594,
    -0.011646849103271961,
    -0.007911337539553642,
    -0.018270092085003853,
    -0.0040438296273350716,
    -0.007593212649226189,
    -0.007579206023365259,
    -0.0048040603287518024,
    -0.00824679434299469,
    -0.006398030556738377,
    -0.007218644488602877,
    -0.012084121815860271,
    -0.011360801756381989,
    -0.013674826361238956,
    -0.008625902235507965,
    -0.011003158986568451,
    -0.012231855653226376,
    -0.012116597034037113,
    -0.027216056361794472,
    -0.011210399679839611,
    -0.009905243292450905,
    -0.006052154116332531,
    -0.007730091921985149,
    -0.01908767968416214,
    -0.007012465037405491,
    -0.013244613073766232,
    -0.012583318166434765,
    -0.02056172676384449
  ],
  "actor_loss_T": [
    0,
    1,
    2,
    3,
    4,
    5,
    6,
    7,
    8,
    9,
    10,
    11,
    12,
    13,
    14,
    15,
    16,
    17,
    18,
    19,
    20,
    21,
    22,
    23,
    24,
    25,
    26,
    27,
    28,
    29
  ],
  "critic_loss": [
    209.42347717285156,
    41.68997573852539,
    195.76380920410156,
    82.02593231201172,
    48.807342529296875,
    122.66899871826172,
    75.9227066040039,
    166.64065551757812,
    148.18588256835938,
    159.206787109375,
    188.91757202148438,
    118.8702621459961,
    195.68148803710938,
    175.60902404785156,
    74.91947937011719,
    230.40185546875,
    111.98893737792969,
    158.5108642578125,
    202.86392211914062,
    199.45489501953125,
    192.17373657226562,
    89.43049621582031,
    109.70448303222656,
    39.231666564941406,
    140.1241455078125,
    94.60820770263672,
    30.929380416870117,
    97.36003112792969,
    116.06675720214844,
    93.73582458496094
  ],
  "critic_loss_T": [
    0,
    1,
    2,
    3,
    4,
    5,
    6,
    7,
    8,
    9,
    10,
    11,
    12,
    13,
    14,
    15,
    16,
    17,
    18,
    19,
    20,
    21,
    22,
    23,
    24,
    25,
    26,
    27,
    28,
    29
  ],
  "entropy": [
    3.280757427215576,
    3.186491012573242,
    0.6594365835189819,
    3.1600534915924072,
    0.7141576409339905,
    3.2385709285736084,
    1.9071719646453857,
    3.203500270843506,
    1.9400018453598022,
    0.7031999826431274,
    3.23026967048645,
    1.986358642578125,
    -0.6404827237129211,
    3.0915751457214355,
    0.5216742753982544,
    3.1439402103424072,
    0.6200231313705444,
    2.06150484085083,
    1.8548532724380493,
    4.650087356567383,
    3.061509370803833,
    1.7647123336791992,
    1.6284804344177246,
    2.99003529548645,
    1.8533872365951538,
    0.3779246211051941,
    3.0993096828460693,
    0.5116143226623535,
    3.225324869155884,
    4.404315948486328
  ],
  "entropy_T": [
    0,
    1,
    2,
    3,
    4,
    5,
    6,
    7,
    8,
    9,
    10,
    11,
    12,
    13,
    14,
    15,
    16,
    17,
    18,
    19,
    20,
    21,
    22,
    23,
    24,
    25,
    26,
    27,
    28,
    29
  ],
  "episode": [
    0,
    1,
    2,
    3,
    4,
    5,
    6,
    7,
    8,
    9,
    10,
    11,
    12,
    13,
    14,
    15,
    16,
    17,
    18,
    19,
    20,
    21,
    22,
    23,
    24,
    25,
    26,
    27,
    28,
    29
  ],
  "episode_T": [
    0,
    1,
    2,
    3,
    4,
    5,
    6,
    7,
    8,
    9,
    10,
    11,
    12,
    13,
    14,
    15,
    16,
    17,
    18,
    19,
    20,
    21,
    22,
    23,
    24,
    25,
    26,
    27,
    28,
    29
  ],
  "episode_return": [
    -33.09093403816223,
    -14.909945726394653,
    -31.97450029850006,
    -20.82355225086212,
    -16.063651263713837,
    -25.38675630092621,
    -20.332488536834717,
    -29.743804574012756,
    -28.00600492954254,
    -28.98204815387726,
    -31.63041913509369,
    -24.8076833486557,
    -32.13161361217499,
    -30.598058104515076,
    -20.328114986419678,
    -34.999621868133545,
    -24.72794532775879,
    -29.248366951942444,
    -32.933736085891724,
    -33.031837701797485,
    -32.68178629875183,
    -22.778200030326843,
    -24.912051796913147,
    -15.667842507362366,
    -28.767708659172058,
    -24.95792555809021,
    -14.937620460987091,
    -26.160831212997437,
    -30.015748262405396,
    -25.668797969818115
  ],
  "episode_return_T": [
    0,
    1,
    2,
    3,
    4,
    5,
    6,
    7,
    8,
    9,
    10,
    11,
    12,
    13,
    14,
    15,
    16,
    17,
    18,
    19,
    20,
    21,
    22,
    23,
    24,
    25,
    26,
    27,
    28,
    29
  ],
  "potential_loss": [
    3.511050224304199,
    3.0508038997650146,
    1.3568228483200073,
    1.609623670578003,
    1.7620453834533691,
    2.3620731830596924,
    4.126997947692871,
    1.779005527496338,
    0.7209410667419434,
    1.4087684154510498,
    1.6898996829986572,
    0.6898074746131897,
    0.9239882230758667,
    1.8948850631713867,
    3.190483570098877,
    1.3441065549850464,
    1.156330943107605,
    1.6121597290039062,
    2.3149590492248535,
    2.752779722213745,
    5.037271499633789,
    3.0819621086120605,
    1.2517285346984863,
    2.021421432495117,
    1.2826076745986938,
    4.50991153717041,
    2.1472020149230957,
    1.8975815773010254,
    1.3251875638961792,
    1.2531349658966064
  ],
  "potential_loss_T": [
    0,
    1,
    2,
    3,
    4,
    5,
    6,
    7,
    8,
    9,
    10,
    11,
    12,
    13,
    14,
    15,
    16,
    17,
    18,
    19,
    20,
    21,
    22,
    23,
    24,
    25,
    26,
    27,
    28,
    29
  ],
  "return_mean": [
    -2.068183422088623,
    -0.9318715929985046,
    -1.998406171798706,
    -1.3014719486236572,
    -1.0039782524108887,
    -1.5866721868515015,
    -1.2707805633544922,
    -1.8589876890182495,
    -1.7503752708435059,
    -1.811378002166748,
    -1.9769010543823242,
    -1.5504802465438843,
    -2.008225917816162,
    -1.9123786687850952,
    -1.2705072164535522,
    -2.187476396560669,
    -1.5454965829849243,
    -1.828022837638855,
    -2.0583584308624268,
    -2.0644898414611816,
    -2.042611598968506,
    -1.4236373901367188,
    -1.5570032596588135,
    -0.9792401194572449,
    -1.7979817390441895,
    -1.5598704814910889,
    -0.9336013197898865,
    -1.635051965713501,
    -1.8759843111038208,
    -1.6042999029159546
  ],
  "return_mean_T": [
    0,
    1,
    2,
    3,
    4,
    5,
    6,
    7,
    8,
    9,
    10,
    11,
    12,
    13,
    14,
    15,
    16,
    17,
    18,
    19,
    20,
    21,
    22,
    23,
    24,
    25,
    26,
    27,
    28,
    29
  ]
}