[SITL] Config file: configs/sitl_enable_rx_udp.txt (will load, save to EEPROM, and exit)
[SITL] The SITL will output to IP 172.24.240.1:9002 (Gazebo) and 172.24.240.1:9001 (RealFlightBridge)
[system]Init...
[SITL] init PwmOut UDP link to gazebo 172.24.240.1:9002...0
[SITL] init PwmOut UDP link to RF9 172.24.240.1:9001...0
[SITL] start UDP server @9003...0
[SITL] start UDP server for RC input @9004...0
[FLASH_Unlock] loaded 'eeprom.bin', size = 32768 / 32768
[FLASH_ProgramWord]0x65109aee3a40 = 0016beb2
[FLASH_ProgramWord]0x65109aee3a44 = 0000002c
[FLASH_ProgramWord]0x65109aee3a48 = 07d003e8
[FLASH_ProgramWord]0x65109aee3a4c = 07d003e8
[FLASH_ProgramWord]0x65109aee3a50 = 07d003e8
[FLASH_ProgramWord]0x65109aee3a54 = 07d003e8
[FLASH_ProgramWord]0x65109aee3a58 = 00250132
[FLASH_ProgramWord]0x65109aee3a5c = 00000002
[FLASH_ProgramWord]0x65109aee3a60 = 00000000
[FLASH_ProgramWord]0x65109aee3a64 = 00000000
[FLASH_ProgramWord]0x65109aee3a68 = 00000000
[FLASH_ProgramWord]0x65109aee3a6c = 00000000
[FLASH_ProgramWord]0x65109aee3a70 = 00000000
[FLASH_ProgramWord]0x65109aee3a74 = 00000000
[FLASH_ProgramWord]0x65109aee3a78 = 00000000
[FLASH_ProgramWord]0x65109aee3a7c = 00000000
[FLASH_ProgramWord]0x65109aee3a80 = 00000000
[FLASH_ProgramWord]0x65109aee3a84 = 00000000
[FLASH_ProgramWord]0x65109aee3a88 = 00000000
[FLASH_ProgramWord]0x65109aee3a8c = 00000000
[FLASH_ProgramWord]0x65109aee3a90 = 00000000
[FLASH_ProgramWord]0x65109aee3a94 = 00000000
[FLASH_ProgramWord]0x65109aee3a98 = 00000000
[FLASH_ProgramWord]0x65109aee3a9c = 00000000
[FLASH_ProgramWord]0x65109aee3aa0 = 00000000
[FLASH_ProgramWord]0x65109aee3aa4 = 00000000
[FLASH_ProgramWord]0x65109aee3aa8 = 00000000
[FLASH_ProgramWord]0x65109aee3aac = 00000000
[FLASH_ProgramWord]0x65109aee3ab0 = 00000000
[FLASH_ProgramWord]0x65109aee3ab4 = 00000000
[FLASH_ProgramWord]0x65109aee3ab8 = 00000000
[FLASH_ProgramWord]0x65109aee3abc = 00000000
[FLASH_ProgramWord]0x65109aee3ac0 = 00000000
[FLASH_ProgramWord]0x65109aee3ac4 = 00000000
[FLASH_ProgramWord]0x65109aee3ac8 = 00000000
[FLASH_ProgramWord]0x65109aee3acc = 00000000
[FLASH_ProgramWord]0x65109aee3ad0 = 00000000
[FLASH_ProgramWord]0x65109aee3ad4 = 00000000
[FLASH_ProgramWord]0x65109aee3ad8 = 00000000
[FLASH_ProgramWord]0x65109aee3adc = 00000000
[FLASH_ProgramWord]0x65109aee3ae0 = 00000000
[FLASH_ProgramWord]0x65109aee3ae4 = 00000000
[FLASH_ProgramWord]0x65109aee3ae8 = 00000000
[FLASH_ProgramWord]0x65109aee3aec = 00000000
[FLASH_ProgramWord]0x65109aee3af0 = 00000000
[FLASH_ProgramWord]0x65109aee3af4 = 00000000
[FLASH_ProgramWord]0x65109aee3af8 = 00000000
[FLASH_ProgramWord]0x65109aee3afc = 00000000
[FLASH_ProgramWord]0x65109aee3b00 = 00000000
[FLASH_ProgramWord]0x65109aee3b04 = 00000000
[FLASH_ProgramWord]0x65109aee3b08 = 00000000
[FLASH_ProgramWord]0x65109aee3b0c = 00000000
[FLASH_ProgramWord]0x65109aee3b10 = 00000000
[FLASH_ProgramWord]0x65109aee3b14 = 00000000
[FLASH_ProgramWord]0x65109aee3b18 = 00000000
[FLASH_ProgramWord]0x65109aee3b1c = 00000000
[FLASH_ProgramWord]0x65109aee3b20 = 00000000
[FLASH_ProgramWord]0x65109aee3b24 = 00000000
[FLASH_ProgramWord]0x65109aee3b28 = 00000000
[FLASH_ProgramWord]0x65109aee3b2c = 00000000
[FLASH_ProgramWord]0x65109aee3b30 = 00000000
[FLASH_ProgramWord]0x65109aee3b34 = 00000000
[FLASH_ProgramWord]0x65109aee3b38 = 00000000
[FLASH_ProgramWord]0x65109aee3b3c = 00000000
[FLASH_ProgramWord]0x65109aee3b40 = 00000000
[FLASH_ProgramWord]0x65109aee3b44 = 00000000
[FLASH_ProgramWord]0x65109aee3b48 = 00000000
[FLASH_ProgramWord]0x65109aee3b4c = 00000000
[FLASH_ProgramWord]0x65109aee3b50 = 00000000
[FLASH_ProgramWord]0x65109aee3b54 = 00000000
[FLASH_ProgramWord]0x65109aee3b58 = 00000000
[FLASH_ProgramWord]0x65109aee3b5c = 00000000
[FLASH_ProgramWord]0x65109aee3b60 = 00000000
[FLASH_ProgramWord]0x65109aee3b64 = 00000000
[FLASH_ProgramWord]0x65109aee3b68 = 00000000
[FLASH_ProgramWord]0x65109aee3b6c = 00000000
[FLASH_ProgramWord]0x65109aee3b70 = 00000000
[FLASH_ProgramWord]0x65109aee3b74 = 00000000
[FLASH_ProgramWord]0x65109aee3b78 = 00000000
[FLASH_ProgramWord]0x65109aee3b7c = 00000000
[FLASH_ProgramWord]0x65109aee3b80 = 00000000
[FLASH_ProgramWord]0x65109aee3b84 = 00000000
[FLASH_ProgramWord]0x65109aee3b88 = 002a0000
[FLASH_ProgramWord]0x65109aee3b8c = 0000002b
[FLASH_ProgramWord]0x65109aee3b90 = 1e001e00
[FLASH_ProgramWord]0x65109aee3b94 = 05001e00
[FLASH_ProgramWord]0x65109aee3b98 = 1e011e01
[FLASH_ProgramWord]0x65109aee3b9c = 1e011e01
[FLASH_ProgramWord]0x65109aee3ba0 = 1e011e01
[FLASH_ProgramWord]0x65109aee3ba4 = 1e011e01
[FLASH_ProgramWord]0x65109aee3ba8 = 1e011e01
[FLASH_ProgramWord]0x65109aee3bac = 1e011e01
[FLASH_ProgramWord]0x65109aee3bb0 = 1e011e01
[FLASH_ProgramWord]0x65109aee3bb4 = 0013000a
[FLASH_ProgramWord]0x65109aee3bb8 = 00820001
[FLASH_ProgramWord]0x65109aee3bbc = 00101040
[FLASH_ProgramWord]0x65109aee3bc0 = 00030016
[FLASH_ProgramWord]0x65109aee3bc4 = 000009c4
[FLASH_ProgramWord]0x65109aee3bc8 = 00000219
[FLASH_ProgramWord]0x65109aee3bcc = 000a0000
[FLASH_ProgramWord]0x65109aee3bd0 = 00000027
[FLASH_ProgramWord]0x65109aee3bd4 = 00000320
[FLASH_ProgramWord]0x65109aee3bd8 = 000c0086
[FLASH_ProgramWord]0x65109aee3bdc = 00320007
[FLASH_ProgramWord]0x65109aee3be0 = 07070703
[FLASH_ProgramWord]0x65109aee3be4 = 43000000
[FLASH_ProgramWord]0x65109aee3be8 = 64004343
[FLASH_ProgramWord]0x65109aee3bec = 07ce07ce
[FLASH_ProgramWord]0x65109aee3bf0 = 000007ce
[FLASH_ProgramWord]0x65109aee3bf4 = 00000000
[FLASH_ProgramWord]0x65109aee3bf8 = 00000000
[FLASH_ProgramWord]0x65109aee3bfc = 00320032
[FLASH_ProgramWord]0x65109aee3c00 = 07070703
[FLASH_ProgramWord]0x65109aee3c04 = 43000000
[FLASH_ProgramWord]0x65109aee3c08 = 64004343
[FLASH_ProgramWord]0x65109aee3c0c = 07ce07ce
[FLASH_ProgramWord]0x65109aee3c10 = 000007ce
[FLASH_ProgramWord]0x65109aee3c14 = 00000000
[FLASH_ProgramWord]0x65109aee3c18 = 00000000
[FLASH_ProgramWord]0x65109aee3c1c = 00320032
[FLASH_ProgramWord]0x65109aee3c20 = 07070703
[FLASH_ProgramWord]0x65109aee3c24 = 43000000
[FLASH_ProgramWord]0x65109aee3c28 = 64004343
[FLASH_ProgramWord]0x65109aee3c2c = 07ce07ce
[FLASH_ProgramWord]0x65109aee3c30 = 000007ce
[FLASH_ProgramWord]0x65109aee3c34 = 00000000
[FLASH_ProgramWord]0x65109aee3c38 = 00000000
[FLASH_ProgramWord]0x65109aee3c3c = 00320032
[FLASH_ProgramWord]0x65109aee3c40 = 07070703
[FLASH_ProgramWord]0x65109aee3c44 = 43000000
[FLASH_ProgramWord]0x65109aee3c48 = 64004343
[FLASH_ProgramWord]0x65109aee3c4c = 07ce07ce
[FLASH_ProgramWord]0x65109aee3c50 = 000007ce
[FLASH_ProgramWord]0x65109aee3c54 = 00000000
[FLASH_ProgramWord]0x65109aee3c58 = 00000000
[FLASH_ProgramWord]0x65109aee3c5c = 00480032
[FLASH_ProgramWord]0x65109aee3c60 = 00010231
[FLASH_ProgramWord]0x65109aee3c64 = 014a01ae
[FLASH_ProgramWord]0x65109aee3c68 = 019a015e
[FLASH_ProgramWord]0x65109aee3c6c = 0a000000
[FLASH_ProgramWord]0x65109aee3c70 = 00000000
[FLASH_ProgramWord]0x65109aee3c74 = 00000000
[FLASH_ProgramWord]0x65109aee3c78 = 01ae0000
[FLASH_ProgramWord]0x65109aee3c7c = 015e014a
[FLASH_ProgramWord]0x65109aee3c80 = 0000019a
[FLASH_ProgramWord]0x65109aee3c84 = 00000a00
[FLASH_ProgramWord]0x65109aee3c88 = 00000000
[FLASH_ProgramWord]0x65109aee3c8c = 00000000
[FLASH_ProgramWord]0x65109aee3c90 = 014a01ae
[FLASH_ProgramWord]0x65109aee3c94 = 019a015e
[FLASH_ProgramWord]0x65109aee3c98 = 0a000000
[FLASH_ProgramWord]0x65109aee3c9c = 00000000
[FLASH_ProgramWord]0x65109aee3ca0 = 00000000
[FLASH_ProgramWord]0x65109aee3ca4 = 002a0000
[FLASH_ProgramWord]0x65109aee3ca8 = 000a000a
[FLASH_ProgramWord]0x65109aee3cac = 00000030
[FLASH_ProgramWord]0x65109aee3cb0 = 01f400fa
[FLASH_ProgramWord]0x65109aee3cb4 = 00000000
[FLASH_ProgramWord]0x65109aee3cb8 = 00000000
[FLASH_ProgramWord]0x65109aee3cbc = 00020000
[FLASH_ProgramWord]0x65109aee3cc0 = 079e0200
[FLASH_ProgramWord]0x65109aee3cc4 = 00fa007d
[FLASH_ProgramWord]0x65109aee3cc8 = 000001f4
[FLASH_ProgramWord]0x65109aee3ccc = 01640105
[FLASH_ProgramWord]0x65109aee3cd0 = 00290146
[FLASH_ProgramWord]0x65109aee3cd4 = 00000005
[FLASH_ProgramWord]0x65109aee3cd8 = 00000000
[FLASH_ProgramWord]0x65109aee3cdc = 00000000
[FLASH_ProgramWord]0x65109aee3ce0 = 00000000
[FLASH_ProgramWord]0x65109aee3ce4 = 00000000
[FLASH_ProgramWord]0x65109aee3ce8 = 00000000
[FLASH_ProgramWord]0x65109aee3cec = 00000000
[FLASH_ProgramWord]0x65109aee3cf0 = 00000000
[FLASH_ProgramWord]0x65109aee3cf4 = 00000000
[FLASH_ProgramWord]0x65109aee3cf8 = 00000000
[FLASH_ProgramWord]0x65109aee3cfc = 00000000
[FLASH_ProgramWord]0x65109aee3d00 = 00000000
[FLASH_ProgramWord]0x65109aee3d04 = 00000000
[FLASH_ProgramWord]0x65109aee3d08 = 00000000
[FLASH_ProgramWord]0x65109aee3d0c = 00000000
[FLASH_ProgramWord]0x65109aee3d10 = 00000000
[FLASH_ProgramWord]0x65109aee3d14 = 00000000
[FLASH_ProgramWord]0x65109aee3d18 = 00000000
[FLASH_ProgramWord]0x65109aee3d1c = 00000000
[FLASH_ProgramWord]0x65109aee3d20 = 00000000
[FLASH_ProgramWord]0x65109aee3d24 = 00000000
[FLASH_ProgramWord]0x65109aee3d28 = 00000000
[FLASH_ProgramWord]0x65109aee3d2c = 00000000
[FLASH_ProgramWord]0x65109aee3d30 = 00000000
[FLASH_ProgramWord]0x65109aee3d34 = 00000000
[FLASH_ProgramWord]0x65109aee3d38 = 00000000
[FLASH_ProgramWord]0x65109aee3d3c = 00000000
[FLASH_ProgramWord]0x65109aee3d40 = 00000000
[FLASH_ProgramWord]0x65109aee3d44 = 00000000
[FLASH_ProgramWord]0x65109aee3d48 = 00000000
[FLASH_ProgramWord]0x65109aee3d4c = 00000000
[FLASH_ProgramWord]0x65109aee3d50 = 00000000
[FLASH_ProgramWord]0x65109aee3d54 = 00000000
[FLASH_ProgramWord]0x65109aee3d58 = 00000000
[FLASH_ProgramWord]0x65109aee3d5c = 00000000
[FLASH_ProgramWord]0x65109aee3d60 = 00000000
[FLASH_ProgramWord]0x65109aee3d64 = 00000000
[FLASH_ProgramWord]0x65109aee3d68 = 00000000
[FLASH_ProgramWord]0x65109aee3d6c = 00000000
[FLASH_ProgramWord]0x65109aee3d70 = 00000000
[FLASH_ProgramWord]0x65109aee3d74 = 00000000
[FLASH_ProgramWord]0x65109aee3d78 = 00000000
[FLASH_ProgramWord]0x65109aee3d7c = 00000000
[FLASH_ProgramWord]0x65109aee3d80 = 00000000
[FLASH_ProgramWord]0x65109aee3d84 = 00000000
[FLASH_ProgramWord]0x65109aee3d88 = 00000000
[FLASH_ProgramWord]0x65109aee3d8c = 00000000
[FLASH_ProgramWord]0x65109aee3d90 = 00000000
[FLASH_ProgramWord]0x65109aee3d94 = 00000000
[FLASH_ProgramWord]0x65109aee3d98 = 00000000
[FLASH_ProgramWord]0x65109aee3d9c = 00000000
[FLASH_ProgramWord]0x65109aee3da0 = 00000000
[FLASH_ProgramWord]0x65109aee3da4 = 00000000
[FLASH_ProgramWord]0x65109aee3da8 = 00000000
[FLASH_ProgramWord]0x65109aee3dac = 00000000
[FLASH_ProgramWord]0x65109aee3db0 = 00000000
[FLASH_ProgramWord]0x65109aee3db4 = 00000000
[FLASH_ProgramWord]0x65109aee3db8 = 00000000
[FLASH_ProgramWord]0x65109aee3dbc = 00000000
[FLASH_ProgramWord]0x65109aee3dc0 = 00000000
[FLASH_ProgramWord]0x65109aee3dc4 = 00000000
[FLASH_ProgramWord]0x65109aee3dc8 = 00000000
[FLASH_ProgramWord]0x65109aee3dcc = 00000000
[FLASH_ProgramWord]0x65109aee3dd0 = 00000000
[FLASH_ProgramWord]0x65109aee3dd4 = 00000000
[FLASH_ProgramWord]0x65109aee3dd8 = 00000000
[FLASH_ProgramWord]0x65109aee3ddc = 00000000
[FLASH_ProgramWord]0x65109aee3de0 = 00000000
[FLASH_ProgramWord]0x65109aee3de4 = 00000000
[FLASH_ProgramWord]0x65109aee3de8 = 00000000
[FLASH_ProgramWord]0x65109aee3dec = 00000000
[FLASH_ProgramWord]0x65109aee3df0 = 00000000
[FLASH_ProgramWord]0x65109aee3df4 = 00000000
[FLASH_ProgramWord]0x65109aee3df8 = 00000000
[FLASH_ProgramWord]0x65109aee3dfc = 00000000
[FLASH_ProgramWord]0x65109aee3e00 = 00000000
[FLASH_ProgramWord]0x65109aee3e04 = 00000000
[FLASH_ProgramWord]0x65109aee3e08 = 00000000
[FLASH_ProgramWord]0x65109aee3e0c = 00000000
[FLASH_ProgramWord]0x65109aee3e10 = 00000000
[FLASH_ProgramWord]0x65109aee3e14 = 00120000
[FLASH_ProgramWord]0x65109aee3e18 = 00020001
[FLASH_ProgramWord]0x65109aee3e1c = 006403e8
[FLASH_ProgramWord]0x65109aee3e20 = 01003c0f
[FLASH_ProgramWord]0x65109aee3e24 = 001e0005
[FLASH_ProgramWord]0x65109aee3e28 = 0018003a
[FLASH_ProgramWord]0x65109aee3e2c = 01000004
[FLASH_ProgramWord]0x65109aee3e30 = 05040203
[FLASH_ProgramWord]0x65109aee3e34 = 00000706
[FLASH_ProgramWord]0x65109aee3e38 = 00000000
[FLASH_ProgramWord]0x65109aee3e3c = 00640001
[FLASH_ProgramWord]0x65109aee3e40 = 041a05dc
[FLASH_ProgramWord]0x65109aee3e44 = 1900076c
[FLASH_ProgramWord]0x65109aee3e48 = 08430375
[FLASH_ProgramWord]0x65109aee3e4c = 01000006
[FLASH_ProgramWord]0x65109aee3e50 = 1e000000
[FLASH_ProgramWord]0x65109aee3e54 = 017d1e1e
[FLASH_ProgramWord]0x65109aee3e58 = 00000001
[FLASH_ProgramWord]0x65109aee3e5c = 00000000
[FLASH_ProgramWord]0x65109aee3e60 = 00160000
[FLASH_ProgramWord]0x65109aee3e64 = 00020023
[FLASH_ProgramWord]0x65109aee3e68 = 00000019
[FLASH_ProgramWord]0x65109aee3e6c = 00000000
[FLASH_ProgramWord]0x65109aee3e70 = 00000000
[FLASH_ProgramWord]0x65109aee3e74 = 00000000
[FLASH_ProgramWord]0x65109aee3e78 = 021c0016
[FLASH_ProgramWord]0x65109aee3e7c = 00000001
[FLASH_ProgramWord]0x65109aee3e80 = 00000000
[FLASH_ProgramWord]0x65109aee3e84 = 00000000
[FLASH_ProgramWord]0x65109aee3e88 = 00000000
[FLASH_ProgramWord]0x65109aee3e8c = 001c0000
[FLASH_ProgramWord]0x65109aee3e90 = 00040028
[FLASH_ProgramWord]0x65109aee3e94 = 00000000
[FLASH_ProgramWord]0x65109aee3e98 = 00000000
[FLASH_ProgramWord]0x65109aee3e9c = 00000000
[FLASH_ProgramWord]0x65109aee3ea0 = 00000000
[FLASH_ProgramWord]0x65109aee3ea4 = 00000000
[FLASH_ProgramWord]0x65109aee3ea8 = 002c0000
[FLASH_ProgramWord]0x65109aee3eac = 00030006
[FLASH_ProgramWord]0x65109aee3eb0 = 000001e0
[FLASH_ProgramWord]0x65109aee3eb4 = 00000001
[FLASH_ProgramWord]0x65109aee3eb8 = 00000000
[FLASH_ProgramWord]0x65109aee3ebc = 00000000
[FLASH_ProgramWord]0x65109aee3ec0 = 00000000
[FLASH_ProgramWord]0x65109aee3ec4 = 04030201
[FLASH_ProgramWord]0x65109aee3ec8 = 00070605
[FLASH_ProgramWord]0x65109aee3ecc = 07d00226
[FLASH_ProgramWord]0x65109aee3ed0 = 07a803e8
[FLASH_ProgramWord]0x65109aee3ed4 = 001a000e
[FLASH_ProgramWord]0x65109aee3ed8 = 0004000b
[FLASH_ProgramWord]0x65109aee3edc = 0064012c
[FLASH_ProgramWord]0x65109aee3ee0 = 00000000
[FLASH_ProgramWord]0x65109aee3ee4 = 00000002
[FLASH_ProgramWord]0x65109aee3ee8 = 1e010001
[FLASH_ProgramWord]0x65109aee3eec = 0200000a
[FLASH_ProgramWord]0x65109aee3ef0 = 000e039e
[FLASH_ProgramWord]0x65109aee3ef4 = 0064000b
[FLASH_ProgramWord]0x65109aee3ef8 = 0000004b
[FLASH_ProgramWord]0x65109aee3efc = 502d0000
[FLASH_ProgramWord]0x65109aee3f00 = 0078001e
[FLASH_ProgramWord]0x65109aee3f04 = 542f0000
[FLASH_ProgramWord]0x65109aee3f08 = 007d0022
[FLASH_ProgramWord]0x65109aee3f0c = 502d0000
[FLASH_ProgramWord]0x65109aee3f10 = 00780000
[FLASH_ProgramWord]0x65109aee3f14 = 4b320000
[FLASH_ProgramWord]0x65109aee3f18 = 0032004b
[FLASH_ProgramWord]0x65109aee3f1c = 00280000
[FLASH_ProgramWord]0x65109aee3f20 = 00000000
[FLASH_ProgramWord]0x65109aee3f24 = 50000000
[FLASH_ProgramWord]0x65109aee3f28 = 019001f4
[FLASH_ProgramWord]0x65109aee3f2c = 00873c01
[FLASH_ProgramWord]0x65109aee3f30 = 00000050
[FLASH_ProgramWord]0x65109aee3f34 = 00320000
[FLASH_ProgramWord]0x65109aee3f38 = 015e0190
[FLASH_ProgramWord]0x65109aee3f3c = 000001f4
[FLASH_ProgramWord]0x65109aee3f40 = 00c8640a
[FLASH_ProgramWord]0x65109aee3f44 = 00960190
[FLASH_ProgramWord]0x65109aee3f48 = 000f0500
[FLASH_ProgramWord]0x65109aee3f4c = 14010f01
[FLASH_ProgramWord]0x65109aee3f50 = 00324b00
[FLASH_ProgramWord]0x65109aee3f54 = 004b0000
[FLASH_ProgramWord]0x65109aee3f58 = 14010096
[FLASH_ProgramWord]0x65109aee3f5c = 00012800
[FLASH_ProgramWord]0x65109aee3f60 = 2e2800c8
[FLASH_ProgramWord]0x65109aee3f64 = 64230000
[FLASH_ProgramWord]0x65109aee3f68 = 00000000
[FLASH_ProgramWord]0x65109aee3f6c = 00000000
[FLASH_ProgramWord]0x65109aee3f70 = 32000000
[FLASH_ProgramWord]0x65109aee3f74 = 00963232
[FLASH_ProgramWord]0x65109aee3f78 = 0f074101
[FLASH_ProgramWord]0x65109aee3f7c = 05640f5a
[FLASH_ProgramWord]0x65109aee3f80 = 64020000
[FLASH_ProgramWord]0x65109aee3f84 = 64646464
[FLASH_ProgramWord]0x65109aee3f88 = 64016464
[FLASH_ProgramWord]0x65109aee3f8c = 01640564
[FLASH_ProgramWord]0x65109aee3f90 = 05460041
[FLASH_ProgramWord]0x65109aee3f94 = 01f46450
[FLASH_ProgramWord]0x65109aee3f98 = 041a0014
[FLASH_ProgramWord]0x65109aee3f9c = 320f1900
[FLASH_ProgramWord]0x65109aee3fa0 = 00000000
[FLASH_ProgramWord]0x65109aee3fa4 = 00000000
[FLASH_ProgramWord]0x65109aee3fa8 = 00000000
[FLASH_ProgramWord]0x65109aee3fac = 00000000
[FLASH_ProgramWord]0x65109aee3fb0 = 001e0000
[FLASH_ProgramWord]0x65109aee3fb4 = 004600c8
[FLASH_ProgramWord]0x65109aee3fb8 = 03e80014
[FLASH_ProgramWord]0x65109aee3fbc = 01720032
[FLASH_ProgramWord]0x65109aee3fc0 = 03e803e8
[FLASH_ProgramWord]0x65109aee3fc4 = 09d807d0
[FLASH_ProgramWord]0x65109aee3fc8 = 00000000
[FLASH_ProgramWord]0x65109aee3fcc = 1e030000
[FLASH_ProgramWord]0x65109aee3fd0 = 00e600e6
[FLASH_ProgramWord]0x65109aee3fd4 = 000200b4
[FLASH_ProgramWord]0x65109aee3fd8 = 00141770
[FLASH_ProgramWord]0x65109aee3fdc = 004b0064
[FLASH_ProgramWord]0x65109aee3fe0 = 00000000
[FLASH_ProgramWord]0x65109aee3fe4 = 001e502d
[FLASH_ProgramWord]0x65109aee3fe8 = 00000078
[FLASH_ProgramWord]0x65109aee3fec = 0022542f
[FLASH_ProgramWord]0x65109aee3ff0 = 0000007d
[FLASH_ProgramWord]0x65109aee3ff4 = 0000502d
[FLASH_ProgramWord]0x65109aee3ff8 = 00000078
[FLASH_ProgramWord]0x65109aee3ffc = 004b4b32
[FLASH_ProgramWord]0x65109aee4000 = 00000032
[FLASH_ProgramWord]0x65109aee4004 = 00000028
[FLASH_ProgramWord]0x65109aee4008 = 00000000
[FLASH_ProgramWord]0x65109aee400c = 01f45000
[FLASH_ProgramWord]0x65109aee4010 = 3c010190
[FLASH_ProgramWord]0x65109aee4014 = 00500087
[FLASH_ProgramWord]0x65109aee4018 = 00000000
[FLASH_ProgramWord]0x65109aee401c = 01900032
[FLASH_ProgramWord]0x65109aee4020 = 01f4015e
[FLASH_ProgramWord]0x65109aee4024 = 640a0000
[FLASH_ProgramWord]0x65109aee4028 = 019000c8
[FLASH_ProgramWord]0x65109aee402c = 05000096
[FLASH_ProgramWord]0x65109aee4030 = 0f01000f
[FLASH_ProgramWord]0x65109aee4034 = 4b001401
[FLASH_ProgramWord]0x65109aee4038 = 00000032
[FLASH_ProgramWord]0x65109aee403c = 0096004b
[FLASH_ProgramWord]0x65109aee4040 = 28001401
[FLASH_ProgramWord]0x65109aee4044 = 00c80001
[FLASH_ProgramWord]0x65109aee4048 = 00002e28
[FLASH_ProgramWord]0x65109aee404c = 00006423
[FLASH_ProgramWord]0x65109aee4050 = 00000000
[FLASH_ProgramWord]0x65109aee4054 = 00000000
[FLASH_ProgramWord]0x65109aee4058 = 32323200
[FLASH_ProgramWord]0x65109aee405c = 41010096
[FLASH_ProgramWord]0x65109aee4060 = 0f5a0f07
[FLASH_ProgramWord]0x65109aee4064 = 00000564
[FLASH_ProgramWord]0x65109aee4068 = 64646402
[FLASH_ProgramWord]0x65109aee406c = 64646464
[FLASH_ProgramWord]0x65109aee4070 = 05646401
[FLASH_ProgramWord]0x65109aee4074 = 00410164
[FLASH_ProgramWord]0x65109aee4078 = 64500546
[FLASH_ProgramWord]0x65109aee407c = 001401f4
[FLASH_ProgramWord]0x65109aee4080 = 1900041a
[FLASH_ProgramWord]0x65109aee4084 = 0000320f
[FLASH_ProgramWord]0x65109aee4088 = 00000000
[FLASH_ProgramWord]0x65109aee408c = 00000000
[FLASH_ProgramWord]0x65109aee4090 = 00000000
[FLASH_ProgramWord]0x65109aee4094 = 00000000
[FLASH_ProgramWord]0x65109aee4098 = 00c8001e
[FLASH_ProgramWord]0x65109aee409c = 00140046
[FLASH_ProgramWord]0x65109aee40a0 = 003203e8
[FLASH_ProgramWord]0x65109aee40a4 = 03e80172
[FLASH_ProgramWord]0x65109aee40a8 = 07d003e8
[FLASH_ProgramWord]0x65109aee40ac = 000009d8
[FLASH_ProgramWord]0x65109aee40b0 = 00000000
[FLASH_ProgramWord]0x65109aee40b4 = 00e61e03
[FLASH_ProgramWord]0x65109aee40b8 = 00b400e6
[FLASH_ProgramWord]0x65109aee40bc = 17700002
[FLASH_ProgramWord]0x65109aee40c0 = 00640014
[FLASH_ProgramWord]0x65109aee40c4 = 0000004b
[FLASH_ProgramWord]0x65109aee40c8 = 502d0000
[FLASH_ProgramWord]0x65109aee40cc = 0078001e
[FLASH_ProgramWord]0x65109aee40d0 = 542f0000
[FLASH_ProgramWord]0x65109aee40d4 = 007d0022
[FLASH_ProgramWord]0x65109aee40d8 = 502d0000
[FLASH_ProgramWord]0x65109aee40dc = 00780000
[FLASH_ProgramWord]0x65109aee40e0 = 4b320000
[FLASH_ProgramWord]0x65109aee40e4 = 0032004b
[FLASH_ProgramWord]0x65109aee40e8 = 00280000
[FLASH_ProgramWord]0x65109aee40ec = 00000000
[FLASH_ProgramWord]0x65109aee40f0 = 50000000
[FLASH_ProgramWord]0x65109aee40f4 = 019001f4
[FLASH_ProgramWord]0x65109aee40f8 = 00873c01
[FLASH_ProgramWord]0x65109aee40fc = 00000050
[FLASH_ProgramWord]0x65109aee4100 = 00320000
[FLASH_ProgramWord]0x65109aee4104 = 015e0190
[FLASH_ProgramWord]0x65109aee4108 = 000001f4
[FLASH_ProgramWord]0x65109aee410c = 00c8640a
[FLASH_ProgramWord]0x65109aee4110 = 00960190
[FLASH_ProgramWord]0x65109aee4114 = 000f0500
[FLASH_ProgramWord]0x65109aee4118 = 14010f01
[FLASH_ProgramWord]0x65109aee411c = 00324b00
[FLASH_ProgramWord]0x65109aee4120 = 004b0000
[FLASH_ProgramWord]0x65109aee4124 = 14010096
[FLASH_ProgramWord]0x65109aee4128 = 00012800
[FLASH_ProgramWord]0x65109aee412c = 2e2800c8
[FLASH_ProgramWord]0x65109aee4130 = 64230000
[FLASH_ProgramWord]0x65109aee4134 = 00000000
[FLASH_ProgramWord]0x65109aee4138 = 00000000
[FLASH_ProgramWord]0x65109aee413c = 32000000
[FLASH_ProgramWord]0x65109aee4140 = 00963232
[FLASH_ProgramWord]0x65109aee4144 = 0f074101
[FLASH_ProgramWord]0x65109aee4148 = 05640f5a
[FLASH_ProgramWord]0x65109aee414c = 64020000
[FLASH_ProgramWord]0x65109aee4150 = 64646464
[FLASH_ProgramWord]0x65109aee4154 = 64016464
[FLASH_ProgramWord]0x65109aee4158 = 01640564
[FLASH_ProgramWord]0x65109aee415c = 05460041
[FLASH_ProgramWord]0x65109aee4160 = 01f46450
[FLASH_ProgramWord]0x65109aee4164 = 041a0014
[FLASH_ProgramWord]0x65109aee4168 = 320f1900
[FLASH_ProgramWord]0x65109aee416c = 00000000
[FLASH_ProgramWord]0x65109aee4170 = 00000000
[FLASH_ProgramWord]0x65109aee4174 = 00000000
[FLASH_ProgramWord]0x65109aee4178 = 00000000
[FLASH_ProgramWord]0x65109aee417c = 001e0000
[FLASH_ProgramWord]0x65109aee4180 = 004600c8
[FLASH_ProgramWord]0x65109aee4184 = 03e80014
[FLASH_ProgramWord]0x65109aee4188 = 01720032
[FLASH_ProgramWord]0x65109aee418c = 03e803e8
[FLASH_ProgramWord]0x65109aee4190 = 09d807d0
[FLASH_ProgramWord]0x65109aee4194 = 00000000
[FLASH_ProgramWord]0x65109aee4198 = 1e030000
[FLASH_ProgramWord]0x65109aee419c = 00e600e6
[FLASH_ProgramWord]0x65109aee41a0 = 000200b4
[FLASH_ProgramWord]0x65109aee41a4 = 00141770
[FLASH_ProgramWord]0x65109aee41a8 = 004b0064
[FLASH_ProgramWord]0x65109aee41ac = 00000000
[FLASH_ProgramWord]0x65109aee41b0 = 001e502d
[FLASH_ProgramWord]0x65109aee41b4 = 00000078
[FLASH_ProgramWord]0x65109aee41b8 = 0022542f
[FLASH_ProgramWord]0x65109aee41bc = 0000007d
[FLASH_ProgramWord]0x65109aee41c0 = 0000502d
[FLASH_ProgramWord]0x65109aee41c4 = 00000078
[FLASH_ProgramWord]0x65109aee41c8 = 004b4b32
[FLASH_ProgramWord]0x65109aee41cc = 00000032
[FLASH_ProgramWord]0x65109aee41d0 = 00000028
[FLASH_ProgramWord]0x65109aee41d4 = 00000000
[FLASH_ProgramWord]0x65109aee41d8 = 01f45000
[FLASH_ProgramWord]0x65109aee41dc = 3c010190
[FLASH_ProgramWord]0x65109aee41e0 = 00500087
[FLASH_ProgramWord]0x65109aee41e4 = 00000000
[FLASH_ProgramWord]0x65109aee41e8 = 01900032
[FLASH_ProgramWord]0x65109aee41ec = 01f4015e
[FLASH_ProgramWord]0x65109aee41f0 = 640a0000
[FLASH_ProgramWord]0x65109aee41f4 = 019000c8
[FLASH_ProgramWord]0x65109aee41f8 = 05000096
[FLASH_ProgramWord]0x65109aee41fc = 0f01000f
[FLASH_ProgramWord]0x65109aee4200 = 4b001401
[FLASH_ProgramWord]0x65109aee4204 = 00000032
[FLASH_ProgramWord]0x65109aee4208 = 0096004b
[FLASH_ProgramWord]0x65109aee420c = 28001401
[FLASH_ProgramWord]0x65109aee4210 = 00c80001
[FLASH_ProgramWord]0x65109aee4214 = 00002e28
[FLASH_ProgramWord]0x65109aee4218 = 00006423
[FLASH_ProgramWord]0x65109aee421c = 00000000
[FLASH_ProgramWord]0x65109aee4220 = 00000000
[FLASH_ProgramWord]0x65109aee4224 = 32323200
[FLASH_ProgramWord]0x65109aee4228 = 41010096
[FLASH_ProgramWord]0x65109aee422c = 0f5a0f07
[FLASH_ProgramWord]0x65109aee4230 = 00000564
[FLASH_ProgramWord]0x65109aee4234 = 64646402
[FLASH_ProgramWord]0x65109aee4238 = 64646464
[FLASH_ProgramWord]0x65109aee423c = 05646401
[FLASH_ProgramWord]0x65109aee4240 = 00410164
[FLASH_ProgramWord]0x65109aee4244 = 64500546
[FLASH_ProgramWord]0x65109aee4248 = 001401f4
[FLASH_ProgramWord]0x65109aee424c = 1900041a
[FLASH_ProgramWord]0x65109aee4250 = 0000320f
[FLASH_ProgramWord]0x65109aee4254 = 00000000
[FLASH_ProgramWord]0x65109aee4258 = 00000000
[FLASH_ProgramWord]0x65109aee425c = 00000000
[FLASH_ProgramWord]0x65109aee4260 = 00000000
[FLASH_ProgramWord]0x65109aee4264 = 00c8001e
[FLASH_ProgramWord]0x65109aee4268 = 00140046
[FLASH_ProgramWord]0x65109aee426c = 003203e8
[FLASH_ProgramWord]0x65109aee4270 = 03e80172
[FLASH_ProgramWord]0x65109aee4274 = 07d003e8
[FLASH_ProgramWord]0x65109aee4278 = 000009d8
[FLASH_ProgramWord]0x65109aee427c = 00000000
[FLASH_ProgramWord]0x65109aee4280 = 00e61e03
[FLASH_ProgramWord]0x65109aee4284 = 00b400e6
[FLASH_ProgramWord]0x65109aee4288 = 17700002
[FLASH_ProgramWord]0x65109aee428c = 00540014
[FLASH_ProgramWord]0x65109aee4290 = 0004001e
[FLASH_ProgramWord]0x65109aee4294 = 00010503
[FLASH_ProgramWord]0x65109aee4298 = 000a0701
[FLASH_ProgramWord]0x65109aee429c = 00000000
[FLASH_ProgramWord]0x65109aee42a0 = 00000000
[FLASH_ProgramWord]0x65109aee42a4 = 00000000
[FLASH_ProgramWord]0x65109aee42a8 = 00000000
[FLASH_ProgramWord]0x65109aee42ac = 00000000
[FLASH_ProgramWord]0x65109aee42b0 = 00000000
[FLASH_ProgramWord]0x65109aee42b4 = 00000000
[FLASH_ProgramWord]0x65109aee42b8 = 00000000
[FLASH_ProgramWord]0x65109aee42bc = 00000000
[FLASH_ProgramWord]0x65109aee42c0 = 00000000
[FLASH_ProgramWord]0x65109aee42c4 = 00000000
[FLASH_ProgramWord]0x65109aee42c8 = 00000000
[FLASH_ProgramWord]0x65109aee42cc = 00000000
[FLASH_ProgramWord]0x65109aee42d0 = 00000000
[FLASH_ProgramWord]0x65109aee42d4 = 00000000
[FLASH_ProgramWord]0x65109aee42d8 = 00000000
[FLASH_ProgramWord]0x65109aee42dc = 00000000
[FLASH_ProgramWord]0x65109aee42e0 = 000e0000
[FLASH_ProgramWord]0x65109aee42e4 = 00040005
[FLASH_ProgramWord]0x65109aee42e8 = 00000000
[FLASH_ProgramWord]0x65109aee42ec = 00000002
[FLASH_ProgramWord]0x65109aee42f0 = 020e0008
[FLASH_ProgramWord]0x65109aee42f4 = 00000000
[FLASH_ProgramWord]0x65109aee42f8 = 00120017
[FLASH_ProgramWord]0x65109aee42fc = 00000004
[FLASH_ProgramWord]0x65109aee4300 = 01000100
[FLASH_ProgramWord]0x65109aee4304 = 54495305
[FLASH_ProgramWord]0x65109aee4308 = 0000004c
[FLASH_ProgramWord]0x65109aee430c = 86000000
[FLASH_ProgramWord]0x65109aee4310 = 00000400
[FLASH_ProgramWord]0x65109aee4314 = 00000000
[FLASH_ProgramWord]0x65109aee4318 = 00000000
[FLASH_ProgramWord]0x65109aee431c = 00000000
[FLASH_ProgramWord]0x65109aee4320 = 00000000
[FLASH_ProgramWord]0x65109aee4324 = 00000000
[FLASH_ProgramWord]0x65109aee4328 = 00000000
[FLASH_ProgramWord]0x65109aee432c = 00000000
[FLASH_ProgramWord]0x65109aee4330 = 00000000
[FLASH_ProgramWord]0x65109aee4334 = 00000000
[FLASH_ProgramWord]0x65109aee4338 = 00000000
[FLASH_ProgramWord]0x65109aee433c = 00000000
[FLASH_ProgramWord]0x65109aee4340 = 00000000
[FLASH_ProgramWord]0x65109aee4344 = 00000000
[FLASH_ProgramWord]0x65109aee4348 = 00000000
[FLASH_ProgramWord]0x65109aee434c = 00000000
[FLASH_ProgramWord]0x65109aee4350 = 00000000
[FLASH_ProgramWord]0x65109aee4354 = 00000000
[FLASH_ProgramWord]0x65109aee4358 = 00000000
[FLASH_ProgramWord]0x65109aee435c = 00000000
[FLASH_ProgramWord]0x65109aee4360 = 00000000
[FLASH_ProgramWord]0x65109aee4364 = 00000000
[FLASH_ProgramWord]0x65109aee4368 = 00000000
[FLASH_ProgramWord]0x65109aee436c = 00000000
[FLASH_ProgramWord]0x65109aee4370 = 00000000
[FLASH_ProgramWord]0x65109aee4374 = 00000000
[FLASH_ProgramWord]0x65109aee4378 = 00000000
[FLASH_ProgramWord]0x65109aee437c = 00000000
[FLASH_ProgramWord]0x65109aee4380 = 00000000
[FLASH_ProgramWord]0x65109aee4384 = 00000000
[FLASH_ProgramWord]0x65109aee4388 = 00000000
[FLASH_ProgramWord]0x65109aee438c = 00000000
[FLASH_ProgramWord]0x65109aee4390 = 00000000
[FLASH_ProgramWord]0x65109aee4394 = 14000c00
[FLASH_ProgramWord]0x65109aee4398 = 03000200
[FLASH_ProgramWord]0x65109aee439c = 00000000
[FLASH_ProgramWord]0x65109aee43a0 = f8000c00
[FLASH_ProgramWord]0x65109aee43a4 = 01000401
[FLASH_ProgramWord]0x65109aee43a8 = 1401f401
[FLASH_ProgramWord]0x65109aee43ac = 32026200
[FLASH_ProgramWord]0x65109aee43b0 = 00000102
[FLASH_ProgramWord]0x65109aee43b4 = 00000000
[FLASH_ProgramWord]0x65109aee43b8 = 00000000
[FLASH_ProgramWord]0x65109aee43bc = 00000000
[FLASH_ProgramWord]0x65109aee43c0 = 00000000
[FLASH_ProgramWord]0x65109aee43c4 = 00000000
[FLASH_ProgramWord]0x65109aee43c8 = 00000000
[FLASH_ProgramWord]0x65109aee43cc = 00000000
[FLASH_ProgramWord]0x65109aee43d0 = 00000000
[FLASH_ProgramWord]0x65109aee43d4 = 00000000
[FLASH_ProgramWord]0x65109aee43d8 = 00000000
[FLASH_ProgramWord]0x65109aee43dc = 00000000
[FLASH_ProgramWord]0x65109aee43e0 = 00000000
[FLASH_ProgramWord]0x65109aee43e4 = 00000000
[FLASH_ProgramWord]0x65109aee43e8 = 00000000
[FLASH_ProgramWord]0x65109aee43ec = 00000000
[FLASH_ProgramWord]0x65109aee43f0 = 00000000
[FLASH_ProgramWord]0x65109aee43f4 = 00000000
[FLASH_ProgramWord]0x65109aee43f8 = 00000000
[FLASH_ProgramWord]0x65109aee43fc = 00000000
[FLASH_ProgramWord]0x65109aee4400 = 00000000
[FLASH_ProgramWord]0x65109aee4404 = 00000000
[FLASH_ProgramWord]0x65109aee4408 = 00000000
[FLASH_ProgramWord]0x65109aee440c = 00000000
[FLASH_ProgramWord]0x65109aee4410 = 00000000
[FLASH_ProgramWord]0x65109aee4414 = 00000000
[FLASH_ProgramWord]0x65109aee4418 = 00000000
[FLASH_ProgramWord]0x65109aee441c = 00000000
[FLASH_ProgramWord]0x65109aee4420 = 00000000
[FLASH_ProgramWord]0x65109aee4424 = 00000000
[FLASH_ProgramWord]0x65109aee4428 = 00000000
[FLASH_ProgramWord]0x65109aee442c = 00000000
[FLASH_ProgramWord]0x65109aee4430 = 00000000
[FLASH_ProgramWord]0x65109aee4434 = 00000000
[FLASH_ProgramWord]0x65109aee4438 = 00000000
[FLASH_ProgramWord]0x65109aee443c = 00000000
[FLASH_ProgramWord]0x65109aee4440 = 00000000
[FLASH_ProgramWord]0x65109aee4444 = 00000000
[FLASH_ProgramWord]0x65109aee4448 = 00000000
[FLASH_ProgramWord]0x65109aee444c = 00000000
[FLASH_ProgramWord]0x65109aee4450 = 00000000
[FLASH_ProgramWord]0x65109aee4454 = 00000000
[FLASH_ProgramWord]0x65109aee4458 = 00000000
[FLASH_ProgramWord]0x65109aee445c = 00000000
[FLASH_ProgramWord]0x65109aee4460 = 00000000
[FLASH_ProgramWord]0x65109aee4464 = 00000000
[FLASH_ProgramWord]0x65109aee4468 = 00000000
[FLASH_ProgramWord]0x65109aee446c = 00000000
[FLASH_ProgramWord]0x65109aee4470 = 00000000
[FLASH_ProgramWord]0x65109aee4474 = 00000000
[FLASH_ProgramWord]0x65109aee4478 = 00000000
[FLASH_ProgramWord]0x65109aee447c = 00000000
[FLASH_ProgramWord]0x65109aee4480 = 00000000
[FLASH_ProgramWord]0x65109aee4484 = 00000000
[FLASH_ProgramWord]0x65109aee4488 = 00000000
[FLASH_ProgramWord]0x65109aee448c = 00000000
[FLASH_ProgramWord]0x65109aee4490 = 00000000
[FLASH_ProgramWord]0x65109aee4494 = 00000000
[FLASH_ProgramWord]0x65109aee4498 = 00000000
[FLASH_ProgramWord]0x65109aee449c = 00000000
[FLASH_ProgramWord]0x65109aee44a0 = 00000000
[FLASH_ProgramWord]0x65109aee44a4 = 00000000
[FLASH_ProgramWord]0x65109aee44a8 = 00000000
[FLASH_ProgramWord]0x65109aee44ac = 00000000
[FLASH_ProgramWord]0x65109aee44b0 = 00000000
[FLASH_ProgramWord]0x65109aee44b4 = 00000000
[FLASH_ProgramWord]0x65109aee44b8 = 00000000
[FLASH_ProgramWord]0x65109aee44bc = 00000000
[FLASH_ProgramWord]0x65109aee44c0 = 00000000
[FLASH_ProgramWord]0x65109aee44c4 = 00000000
[FLASH_ProgramWord]0x65109aee44c8 = 00000000
[FLASH_ProgramWord]0x65109aee44cc = 00000000
[FLASH_ProgramWord]0x65109aee44d0 = 00000000
[FLASH_ProgramWord]0x65109aee44d4 = 00000000
[FLASH_ProgramWord]0x65109aee44d8 = 00000000
[FLASH_ProgramWord]0x65109aee44dc = 00000000
[FLASH_ProgramWord]0x65109aee44e0 = 00000000
[FLASH_ProgramWord]0x65109aee44e4 = 00000000
[FLASH_ProgramWord]0x65109aee44e8 = 00000000
[FLASH_ProgramWord]0x65109aee44ec = 00000000
[FLASH_ProgramWord]0x65109aee44f0 = 00000000
[FLASH_ProgramWord]0x65109aee44f4 = 00000000
[FLASH_ProgramWord]0x65109aee44f8 = 00000000
[FLASH_ProgramWord]0x65109aee44fc = 00000000
[FLASH_ProgramWord]0x65109aee4500 = 00000000
[FLASH_ProgramWord]0x65109aee4504 = 00000000
[FLASH_ProgramWord]0x65109aee4508 = 00000000
[FLASH_ProgramWord]0x65109aee450c = 00000000
[FLASH_ProgramWord]0x65109aee4510 = 00000000
[FLASH_ProgramWord]0x65109aee4514 = 00000000
[FLASH_ProgramWord]0x65109aee4518 = 00000000
[FLASH_ProgramWord]0x65109aee451c = 00000000
[FLASH_ProgramWord]0x65109aee4520 = 00000000
[FLASH_ProgramWord]0x65109aee4524 = 00000000
[FLASH_ProgramWord]0x65109aee4528 = 00000000
[FLASH_ProgramWord]0x65109aee452c = 00000000
[FLASH_ProgramWord]0x65109aee4530 = 00000000
[FLASH_ProgramWord]0x65109aee4534 = 00000000
[FLASH_ProgramWord]0x65109aee4538 = 00000000
[FLASH_ProgramWord]0x65109aee453c = 00000000
[FLASH_ProgramWord]0x65109aee4540 = 00000000
[FLASH_ProgramWord]0x65109aee4544 = 00000000
[FLASH_ProgramWord]0x65109aee4548 = 00000000
[FLASH_ProgramWord]0x65109aee454c = 00000000
[FLASH_ProgramWord]0x65109aee4550 = 00000000
[FLASH_ProgramWord]0x65109aee4554 = 00000000
[FLASH_ProgramWord]0x65109aee4558 = 00000000
[FLASH_ProgramWord]0x65109aee455c = 00000000
[FLASH_ProgramWord]0x65109aee4560 = 00000000
[FLASH_ProgramWord]0x65109aee4564 = 00000000
[FLASH_ProgramWord]0x65109aee4568 = 00000000
[FLASH_ProgramWord]0x65109aee456c = 00000000
[FLASH_ProgramWord]0x65109aee4570 = 00000000
[FLASH_ProgramWord]0x65109aee4574 = 00000000
[FLASH_ProgramWord]0x65109aee4578 = 00000000
[FLASH_ProgramWord]0x65109aee457c = 00000000
[FLASH_ProgramWord]0x65109aee4580 = 00000000
[FLASH_ProgramWord]0x65109aee4584 = 00000000
[FLASH_ProgramWord]0x65109aee4588 = 00000000
[FLASH_ProgramWord]0x65109aee458c = 00000000
[FLASH_ProgramWord]0x65109aee4590 = 00000000
[FLASH_ProgramWord]0x65109aee4594 = 00000000
[FLASH_ProgramWord]0x65109aee4598 = 00000000
[FLASH_ProgramWord]0x65109aee459c = 00000000
[FLASH_ProgramWord]0x65109aee45a0 = 00000000
[FLASH_ProgramWord]0x65109aee45a4 = 00000000
[FLASH_ProgramWord]0x65109aee45a8 = 00000000
[FLASH_ProgramWord]0x65109aee45ac = 00000000
[FLASH_ProgramWord]0x65109aee45b0 = 00000000
[FLASH_ProgramWord]0x65109aee45b4 = 00000000
[FLASH_ProgramWord]0x65109aee45b8 = 00000000
[FLASH_ProgramWord]0x65109aee45bc = 00000000
[FLASH_ProgramWord]0x65109aee45c0 = 00000000
[FLASH_ProgramWord]0x65109aee45c4 = 00000000
[FLASH_ProgramWord]0x65109aee45c8 = 00000000
[FLASH_ProgramWord]0x65109aee45cc = 00000000
[FLASH_ProgramWord]0x65109aee45d0 = 00000000
[FLASH_ProgramWord]0x65109aee45d4 = 00000000
[FLASH_ProgramWord]0x65109aee45d8 = 00000000
[FLASH_ProgramWord]0x65109aee45dc = 00000000
[FLASH_ProgramWord]0x65109aee45e0 = 00000000
[FLASH_ProgramWord]0x65109aee45e4 = 00000000
[FLASH_ProgramWord]0x65109aee45e8 = 00000000
[FLASH_ProgramWord]0x65109aee45ec = 00000000
[FLASH_ProgramWord]0x65109aee45f0 = 00000000
[FLASH_ProgramWord]0x65109aee45f4 = 00000000
[FLASH_ProgramWord]0x65109aee45f8 = 00000000
[FLASH_ProgramWord]0x65109aee45fc = 00000000
[FLASH_ProgramWord]0x65109aee4600 = 00000000
[FLASH_ProgramWord]0x65109aee4604 = 00000000
[FLASH_ProgramWord]0x65109aee4608 = 00000000
[FLASH_ProgramWord]0x65109aee460c = 6a000000
[FLASH_ProgramWord]0x65109aee4610 = 01000d00
[FLASH_ProgramWord]0x65109aee4614 = 00000100
[FLASH_ProgramWord]0x65109aee4618 = 04053300
[FLASH_ProgramWord]0x65109aee461c = 00000005
[FLASH_ProgramWord]0x65109aee4620 = 00000000
[FLASH_ProgramWord]0x65109aee4624 = 04053400
[FLASH_ProgramWord]0x65109aee4628 = 00000005
[FLASH_ProgramWord]0x65109aee462c = 00000000
[FLASH_ProgramWord]0x65109aee4630 = 04053500
[FLASH_ProgramWord]0x65109aee4634 = 00000005
[FLASH_ProgramWord]0x65109aee4638 = 00000000
[FLASH_ProgramWord]0x65109aee463c = 04053600
[FLASH_ProgramWord]0x65109aee4640 = 00000005
[FLASH_ProgramWord]0x65109aee4644 = 00000000
[FLASH_ProgramWord]0x65109aee4648 = 04053700
[FLASH_ProgramWord]0x65109aee464c = 00000005
[FLASH_ProgramWord]0x65109aee4650 = 00000000
[FLASH_ProgramWord]0x65109aee4654 = 04053800
[FLASH_ProgramWord]0x65109aee4658 = 00000005
[FLASH_ProgramWord]0x65109aee465c = 00000000
[FLASH_ProgramWord]0x65109aee4660 = 04053900
[FLASH_ProgramWord]0x65109aee4664 = 00000005
[FLASH_ProgramWord]0x65109aee4668 = 00000000
[FLASH_ProgramWord]0x65109aee466c = 04053a00
[FLASH_ProgramWord]0x65109aee4670 = 00000005
[FLASH_ProgramWord]0x65109aee4674 = 52006400
[FLASH_ProgramWord]0x65109aee4678 = 23001e00
[FLASH_ProgramWord]0x65109aee467c = 00000402
[FLASH_ProgramWord]0x65109aee4680 = 00000000
[FLASH_ProgramWord]0x65109aee4684 = 00000000
[FLASH_ProgramWord]0x65109aee4688 = ff000000
[FLASH_ProgramWord]0x65109aee468c = 00000000
[FLASH_ProgramWord]0x65109aee4690 = 14000000
[FLASH_ProgramWord]0x65109aee4694 = 0c000000
[FLASH_ProgramWord]0x65109aee4698 = 02003d00
[FLASH_ProgramWord]0x65109aee469c = 1e000500
[FLASH_ProgramWord]0x65109aee46a0 = 0e019000
[FLASH_ProgramWord]0x65109aee46a4 = 07003800
[FLASH_ProgramWord]0x65109aee46a8 = 2c640000
[FLASH_ProgramWord]0x65109aee46ac = 90012c01
[FLASH_ProgramWord]0x65109aee46b0 = 19000901
[FLASH_ProgramWord]0x65109aee46b4 = 00000100
[FLASH_ProgramWord]0x65109aee46b8 = 00420000
[FLASH_ProgramWord]0x65109aee46bc = 0000021a
[FLASH_ProgramWord]0x65109aee46c0 = 00000000
[FLASH_ProgramWord]0x65109aee46c4 = 00000000
[FLASH_ProgramWord]0x65109aee46c8 = 00000000
[FLASH_ProgramWord]0x65109aee46cc = 00000000
[FLASH_ProgramWord]0x65109aee46d0 = 00000000
[FLASH_ProgramWord]0x65109aee46d4 = 00000000
[FLASH_ProgramWord]0x65109aee46d8 = 00000000
[FLASH_ProgramWord]0x65109aee46dc = 00000000
[FLASH_ProgramWord]0x65109aee46e0 = 00000000
[FLASH_ProgramWord]0x65109aee46e4 = 00000000
[FLASH_ProgramWord]0x65109aee46e8 = 00000000
[FLASH_ProgramWord]0x65109aee46ec = 00000000
[FLASH_ProgramWord]0x65109aee46f0 = 00000000
[FLASH_ProgramWord]0x65109aee46f4 = 00000000
[FLASH_ProgramWord]0x65109aee46f8 = 00000000
[FLASH_ProgramWord]0x65109aee46fc = 001a0014
[FLASH_ProgramWord]0x65109aee4700 = 057e0000
[FLASH_ProgramWord]0x65109aee4704 = 05b405ea
[FLASH_ProgramWord]0x65109aee4708 = 03e80032
[FLASH_ProgramWord]0x65109aee470c = 000007d0
[FLASH_ProgramWord]0x65109aee4710 = 002f006c
[FLASH_ProgramWord]0x65109aee4714 = 00000002
[FLASH_ProgramWord]0x65109aee4718 = 00000000
[FLASH_ProgramWord]0x65109aee471c = 00000000
[FLASH_ProgramWord]0x65109aee4720 = 00000000
[FLASH_ProgramWord]0x65109aee4724 = 00000000
[FLASH_ProgramWord]0x65109aee4728 = 00000000
[FLASH_ProgramWord]0x65109aee472c = 00000000
[FLASH_ProgramWord]0x65109aee4730 = 00000000
[FLASH_ProgramWord]0x65109aee4734 = 00000000
[FLASH_ProgramWord]0x65109aee4738 = 00000000
[FLASH_ProgramWord]0x65109aee473c = 00000000
[FLASH_ProgramWord]0x65109aee4740 = 00000000
[FLASH_ProgramWord]0x65109aee4744 = 00000000
[FLASH_ProgramWord]0x65109aee4748 = 00000000
[FLASH_ProgramWord]0x65109aee474c = 00000000
[FLASH_ProgramWord]0x65109aee4750 = 00000000
[FLASH_ProgramWord]0x65109aee4754 = 00000000
[FLASH_ProgramWord]0x65109aee4758 = 00000000
[FLASH_ProgramWord]0x65109aee475c = 00000000
[FLASH_ProgramWord]0x65109aee4760 = 00000000
[FLASH_ProgramWord]0x65109aee4764 = 00000000
[FLASH_ProgramWord]0x65109aee4768 = 00000000
[FLASH_ProgramWord]0x65109aee476c = 00000000
[FLASH_ProgramWord]0x65109aee4770 = 00000000
[FLASH_ProgramWord]0x65109aee4774 = 00000000
[FLASH_ProgramWord]0x65109aee4778 = 00000000
[FLASH_ProgramWord]0x65109aee477c = 022d0007
[FLASH_ProgramWord]0x65109aee4780 = 46000000
[FLASH_ProgramWord]0x65109aee4784 = 00022900
[FLASH_ProgramWord]0x65109aee4788 = 00000000
[FLASH_ProgramWord]0x65109aee478c = 00000000
[FLASH_ProgramWord]0x65109aee4790 = 00000000
[FLASH_ProgramWord]0x65109aee4794 = 00000000
[FLASH_ProgramWord]0x65109aee4798 = 00000000
[FLASH_ProgramWord]0x65109aee479c = 00000000
[FLASH_ProgramWord]0x65109aee47a0 = 00000000
[FLASH_ProgramWord]0x65109aee47a4 = 00000000
[FLASH_ProgramWord]0x65109aee47a8 = 00000000
[FLASH_ProgramWord]0x65109aee47ac = 00000000
[FLASH_ProgramWord]0x65109aee47b0 = 00000000
[FLASH_ProgramWord]0x65109aee47b4 = 00000000
[FLASH_ProgramWord]0x65109aee47b8 = 00000000
[FLASH_ProgramWord]0x65109aee47bc = 00000000
[FLASH_ProgramWord]0x65109aee47c0 = 00000000
[FLASH_ProgramWord]0x65109aee47c4 = 00000000
[FLASH_ProgramWord]0x65109aee47c8 = 26000e00
[FLASH_ProgramWord]0x65109aee47cc = 00000300
[FLASH_ProgramWord]0x65109aee47d0 = 00000000
[FLASH_ProgramWord]0x65109aee47d4 = 1a000001
[FLASH_ProgramWord]0x65109aee47d8 = 08003700
[FLASH_ProgramWord]0x65109aee47dc = 00000f00
[FLASH_ProgramWord]0x65109aee47e0 = ee000a00
[FLASH_ProgramWord]0x65109aee47e4 = ee001e02
[FLASH_ProgramWord]0x65109aee47e8 = 96001402
[FLASH_ProgramWord]0x65109aee47ec = 00080200
[FLASH_ProgramWord]0x65109aee47f0 = 3c006014
[FLASH_ProgramWord]0x65109aee47f4 = 04000a00
[FLASH_ProgramWord]0x65109aee47f8 = 4c04fb00
[FLASH_ProgramWord]0x65109aee47fc = 1e076c04
[FLASH_ProgramWord]0x65109aee4800 = 1e1e1e1e
[FLASH_ProgramWord]0x65109aee4804 = 1e1e1e1e
[FLASH_ProgramWord]0x65109aee4808 = 32320a1e
[FLASH_ProgramWord]0x65109aee480c = f401f400
[FLASH_ProgramWord]0x65109aee4810 = 3200c801
[FLASH_ProgramWord]0x65109aee4814 = dc003200
[FLASH_ProgramWord]0x65109aee4818 = fa01b800
[FLASH_ProgramWord]0x65109aee481c = 0c00fa00
[FLASH_ProgramWord]0x65109aee4820 = dc09c400
[FLASH_ProgramWord]0x65109aee4824 = 32000005
[FLASH_ProgramWord]0x65109aee4828 = 1e000a00
[FLASH_ProgramWord]0x65109aee482c = 08012c00
[FLASH_ProgramWord]0x65109aee4830 = d003e803
[FLASH_ProgramWord]0x65109aee4834 = 010a3207
[FLASH_ProgramWord]0x65109aee4838 = 0a00c800
[FLASH_ProgramWord]0x65109aee483c = 01006432
[FLASH_ProgramWord]0x65109aee4840 = e8001400
[FLASH_ProgramWord]0x65109aee4844 = 10271003
[FLASH_ProgramWord]0x65109aee4848 = 00050827
[FLASH_ProgramWord]0x65109aee484c = 00000000
[FLASH_ProgramWord]0x65109aee4850 = 10000900
[FLASH_ProgramWord]0x65109aee4854 = 00000200
[FLASH_ProgramWord]0x65109aee4858 = 00120005
[FLASH_ProgramWord]0x65109aee485c = 00010002
[FLASH_ProgramWord]0x65109aee4860 = 00000000
[FLASH_ProgramWord]0x65109aee4864 = 00000000
[FLASH_ProgramWord]0x65109aee4868 = 00000000
[FLASH_ProgramWord]0x65109aee486c = 0101000a
[FLASH_ProgramWord]0x65109aee4870 = 00000000
[FLASH_ProgramWord]0x65109aee4874 = 000a0000
[FLASH_ProgramWord]0x65109aee4878 = 00000100
[FLASH_ProgramWord]0x65109aee487c = 00000190
[FLASH_ProgramWord]0x65109aee4880 = 01020009
[FLASH_ProgramWord]0x65109aee4884 = 0a6e0000
[FLASH_ProgramWord]0x65109aee4888 = 3b000801
[FLASH_ProgramWord]0x65109aee488c = 32000400
[FLASH_ProgramWord]0x65109aee4890 = 2c000e14
[FLASH_ProgramWord]0x65109aee4894 = 19000202
[FLASH_ProgramWord]0x65109aee4898 = 0a001900
[FLASH_ProgramWord]0x65109aee489c = 09000000
[FLASH_ProgramWord]0x65109aee48a0 = 00020200
[FLASH_ProgramWord]0x65109aee48a4 = 00000000
[FLASH_ProgramWord]0x65109aee48a8 = 021f0016
[FLASH_ProgramWord]0x65109aee48ac = ffff0000
[FLASH_ProgramWord]0x65109aee48b0 = ffffffff
[FLASH_ProgramWord]0x65109aee48b4 = ffffffff
[FLASH_ProgramWord]0x65109aee48b8 = ffffffff
[FLASH_ProgramWord]0x65109aee48bc = 0016ffff
[FLASH_ProgramWord]0x65109aee48c0 = 0000021b
[FLASH_ProgramWord]0x65109aee48c4 = 00000006
[FLASH_ProgramWord]0x65109aee48c8 = 000003e8
[FLASH_ProgramWord]0x65109aee48cc = 00000000
[FLASH_ProgramWord]0x65109aee48d0 = 00000000
[FLASH_ProgramWord]0x65109aee48d4 = a64d0000
[FLASH_Lock] saved 'eeprom.bin'
[timer]Init...
Initialized motor count 4
[FLASH_Unlock] loaded 'eeprom.bin', size = 32768 / 32768
[FLASH_ProgramWord]0x65109aee3a40 = 0016beb2
[FLASH_ProgramWord]0x65109aee3a44 = 0000002c
[FLASH_ProgramWord]0x65109aee3a48 = 07d003e8
[FLASH_ProgramWord]0x65109aee3a4c = 07d003e8
[FLASH_ProgramWord]0x65109aee3a50 = 07d003e8
[FLASH_ProgramWord]0x65109aee3a54 = 07d003e8
[FLASH_ProgramWord]0x65109aee3a58 = 00250132
[FLASH_ProgramWord]0x65109aee3a5c = 00000002
[FLASH_ProgramWord]0x65109aee3a60 = 00000000
[FLASH_ProgramWord]0x65109aee3a64 = 00000000
[FLASH_ProgramWord]0x65109aee3a68 = 00000000
[FLASH_ProgramWord]0x65109aee3a6c = 00000000
[FLASH_ProgramWord]0x65109aee3a70 = 00000000
[FLASH_ProgramWord]0x65109aee3a74 = 00000000
[FLASH_ProgramWord]0x65109aee3a78 = 00000000
[FLASH_ProgramWord]0x65109aee3a7c = 00000000
[FLASH_ProgramWord]0x65109aee3a80 = 00000000
[FLASH_ProgramWord]0x65109aee3a84 = 00000000
[FLASH_ProgramWord]0x65109aee3a88 = 00000000
[FLASH_ProgramWord]0x65109aee3a8c = 00000000
[FLASH_ProgramWord]0x65109aee3a90 = 00000000
[FLASH_ProgramWord]0x65109aee3a94 = 00000000
[FLASH_ProgramWord]0x65109aee3a98 = 00000000
[FLASH_ProgramWord]0x65109aee3a9c = 00000000
[FLASH_ProgramWord]0x65109aee3aa0 = 00000000
[FLASH_ProgramWord]0x65109aee3aa4 = 00000000
[FLASH_ProgramWord]0x65109aee3aa8 = 00000000
[FLASH_ProgramWord]0x65109aee3aac = 00000000
[FLASH_ProgramWord]0x65109aee3ab0 = 00000000
[FLASH_ProgramWord]0x65109aee3ab4 = 00000000
[FLASH_ProgramWord]0x65109aee3ab8 = 00000000
[FLASH_ProgramWord]0x65109aee3abc = 00000000
[FLASH_ProgramWord]0x65109aee3ac0 = 00000000
[FLASH_ProgramWord]0x65109aee3ac4 = 00000000
[FLASH_ProgramWord]0x65109aee3ac8 = 00000000
[FLASH_ProgramWord]0x65109aee3acc = 00000000
[FLASH_ProgramWord]0x65109aee3ad0 = 00000000
[FLASH_ProgramWord]0x65109aee3ad4 = 00000000
[FLASH_ProgramWord]0x65109aee3ad8 = 00000000
[FLASH_ProgramWord]0x65109aee3adc = 00000000
[FLASH_ProgramWord]0x65109aee3ae0 = 00000000
[FLASH_ProgramWord]0x65109aee3ae4 = 00000000
[FLASH_ProgramWord]0x65109aee3ae8 = 00000000
[FLASH_ProgramWord]0x65109aee3aec = 00000000
[FLASH_ProgramWord]0x65109aee3af0 = 00000000
[FLASH_ProgramWord]0x65109aee3af4 = 00000000
[FLASH_ProgramWord]0x65109aee3af8 = 00000000
[FLASH_ProgramWord]0x65109aee3afc = 00000000
[FLASH_ProgramWord]0x65109aee3b00 = 00000000
[FLASH_ProgramWord]0x65109aee3b04 = 00000000
[FLASH_ProgramWord]0x65109aee3b08 = 00000000
[FLASH_ProgramWord]0x65109aee3b0c = 00000000
[FLASH_ProgramWord]0x65109aee3b10 = 00000000
[FLASH_ProgramWord]0x65109aee3b14 = 00000000
[FLASH_ProgramWord]0x65109aee3b18 = 00000000
[FLASH_ProgramWord]0x65109aee3b1c = 00000000
[FLASH_ProgramWord]0x65109aee3b20 = 00000000
[FLASH_ProgramWord]0x65109aee3b24 = 00000000
[FLASH_ProgramWord]0x65109aee3b28 = 00000000
[FLASH_ProgramWord]0x65109aee3b2c = 00000000
[FLASH_ProgramWord]0x65109aee3b30 = 00000000
[FLASH_ProgramWord]0x65109aee3b34 = 00000000
[FLASH_ProgramWord]0x65109aee3b38 = 00000000
[FLASH_ProgramWord]0x65109aee3b3c = 00000000
[FLASH_ProgramWord]0x65109aee3b40 = 00000000
[FLASH_ProgramWord]0x65109aee3b44 = 00000000
[FLASH_ProgramWord]0x65109aee3b48 = 00000000
[FLASH_ProgramWord]0x65109aee3b4c = 00000000
[FLASH_ProgramWord]0x65109aee3b50 = 00000000
[FLASH_ProgramWord]0x65109aee3b54 = 00000000
[FLASH_ProgramWord]0x65109aee3b58 = 00000000
[FLASH_ProgramWord]0x65109aee3b5c = 00000000
[FLASH_ProgramWord]0x65109aee3b60 = 00000000
[FLASH_ProgramWord]0x65109aee3b64 = 00000000
[FLASH_ProgramWord]0x65109aee3b68 = 00000000
[FLASH_ProgramWord]0x65109aee3b6c = 00000000
[FLASH_ProgramWord]0x65109aee3b70 = 00000000
[FLASH_ProgramWord]0x65109aee3b74 = 00000000
[FLASH_ProgramWord]0x65109aee3b78 = 00000000
[FLASH_ProgramWord]0x65109aee3b7c = 00000000
[FLASH_ProgramWord]0x65109aee3b80 = 00000000
[FLASH_ProgramWord]0x65109aee3b84 = 00000000
[FLASH_ProgramWord]0x65109aee3b88 = 002a0000
[FLASH_ProgramWord]0x65109aee3b8c = 0000002b
[FLASH_ProgramWord]0x65109aee3b90 = 1e001e00
[FLASH_ProgramWord]0x65109aee3b94 = 05001e00
[FLASH_ProgramWord]0x65109aee3b98 = 1e011e01
[FLASH_ProgramWord]0x65109aee3b9c = 1e011e01
[FLASH_ProgramWord]0x65109aee3ba0 = 1e011e01
[FLASH_ProgramWord]0x65109aee3ba4 = 1e011e01
[FLASH_ProgramWord]0x65109aee3ba8 = 1e011e01
[FLASH_ProgramWord]0x65109aee3bac = 1e011e01
[FLASH_ProgramWord]0x65109aee3bb0 = 1e011e01
[FLASH_ProgramWord]0x65109aee3bb4 = 0013000a
[FLASH_ProgramWord]0x65109aee3bb8 = 00820001
[FLASH_ProgramWord]0x65109aee3bbc = 00101040
[FLASH_ProgramWord]0x65109aee3bc0 = 00030016
[FLASH_ProgramWord]0x65109aee3bc4 = 000009c4
[FLASH_ProgramWord]0x65109aee3bc8 = 00000219
[FLASH_ProgramWord]0x65109aee3bcc = 000a0000
[FLASH_ProgramWord]0x65109aee3bd0 = 00000027
[FLASH_ProgramWord]0x65109aee3bd4 = 00000320
[FLASH_ProgramWord]0x65109aee3bd8 = 000c0086
[FLASH_ProgramWord]0x65109aee3bdc = 00320007
[FLASH_ProgramWord]0x65109aee3be0 = 07070703
[FLASH_ProgramWord]0x65109aee3be4 = 43000000
[FLASH_ProgramWord]0x65109aee3be8 = 64004343
[FLASH_ProgramWord]0x65109aee3bec = 07ce07ce
[FLASH_ProgramWord]0x65109aee3bf0 = 000007ce
[FLASH_ProgramWord]0x65109aee3bf4 = 00000000
[FLASH_ProgramWord]0x65109aee3bf8 = 00000000
[FLASH_ProgramWord]0x65109aee3bfc = 00320032
[FLASH_ProgramWord]0x65109aee3c00 = 07070703
[FLASH_ProgramWord]0x65109aee3c04 = 43000000
[FLASH_ProgramWord]0x65109aee3c08 = 64004343
[FLASH_ProgramWord]0x65109aee3c0c = 07ce07ce
[FLASH_ProgramWord]0x65109aee3c10 = 000007ce
[FLASH_ProgramWord]0x65109aee3c14 = 00000000
[FLASH_ProgramWord]0x65109aee3c18 = 00000000
[FLASH_ProgramWord]0x65109aee3c1c = 00320032
[FLASH_ProgramWord]0x65109aee3c20 = 07070703
[FLASH_ProgramWord]0x65109aee3c24 = 43000000
[FLASH_ProgramWord]0x65109aee3c28 = 64004343
[FLASH_ProgramWord]0x65109aee3c2c = 07ce07ce
[FLASH_ProgramWord]0x65109aee3c30 = 000007ce
[FLASH_ProgramWord]0x65109aee3c34 = 00000000
[FLASH_ProgramWord]0x65109aee3c38 = 00000000
[FLASH_ProgramWord]0x65109aee3c3c = 00320032
[FLASH_ProgramWord]0x65109aee3c40 = 07070703
[FLASH_ProgramWord]0x65109aee3c44 = 43000000
[FLASH_ProgramWord]0x65109aee3c48 = 64004343
[FLASH_ProgramWord]0x65109aee3c4c = 07ce07ce
[FLASH_ProgramWord]0x65109aee3c50 = 000007ce
[FLASH_ProgramWord]0x65109aee3c54 = 00000000
[FLASH_ProgramWord]0x65109aee3c58 = 00000000
[FLASH_ProgramWord]0x65109aee3c5c = 00480032
[FLASH_ProgramWord]0x65109aee3c60 = 00010231
[FLASH_ProgramWord]0x65109aee3c64 = 014a01ae
[FLASH_ProgramWord]0x65109aee3c68 = 019a015e
[FLASH_ProgramWord]0x65109aee3c6c = 0a000000
[FLASH_ProgramWord]0x65109aee3c70 = 00000000
[FLASH_ProgramWord]0x65109aee3c74 = 00000000
[FLASH_ProgramWord]0x65109aee3c78 = 01ae0000
[FLASH_ProgramWord]0x65109aee3c7c = 015e014a
[FLASH_ProgramWord]0x65109aee3c80 = 0000019a
[FLASH_ProgramWord]0x65109aee3c84 = 00000a00
[FLASH_ProgramWord]0x65109aee3c88 = 00000000
[FLASH_ProgramWord]0x65109aee3c8c = 00000000
[FLASH_ProgramWord]0x65109aee3c90 = 014a01ae
[FLASH_ProgramWord]0x65109aee3c94 = 019a015e
[FLASH_ProgramWord]0x65109aee3c98 = 0a000000
[FLASH_ProgramWord]0x65109aee3c9c = 00000000
[FLASH_ProgramWord]0x65109aee3ca0 = 00000000
[FLASH_ProgramWord]0x65109aee3ca4 = 002a0000
[FLASH_ProgramWord]0x65109aee3ca8 = 000a000a
[FLASH_ProgramWord]0x65109aee3cac = 00000030
[FLASH_ProgramWord]0x65109aee3cb0 = 01f400fa
[FLASH_ProgramWord]0x65109aee3cb4 = 00000000
[FLASH_ProgramWord]0x65109aee3cb8 = 00000000
[FLASH_ProgramWord]0x65109aee3cbc = 00020000
[FLASH_ProgramWord]0x65109aee3cc0 = 079e0200
[FLASH_ProgramWord]0x65109aee3cc4 = 00fa007d
[FLASH_ProgramWord]0x65109aee3cc8 = 010001f4
[FLASH_ProgramWord]0x65109aee3ccc = 01640105
[FLASH_ProgramWord]0x65109aee3cd0 = 00290146
[FLASH_ProgramWord]0x65109aee3cd4 = 00000005
[FLASH_ProgramWord]0x65109aee3cd8 = 00000000
[FLASH_ProgramWord]0x65109aee3cdc = 00000000
[FLASH_ProgramWord]0x65109aee3ce0 = 00000000
[FLASH_ProgramWord]0x65109aee3ce4 = 00000000
[FLASH_ProgramWord]0x65109aee3ce8 = 00000000
[FLASH_ProgramWord]0x65109aee3cec = 00000000
[FLASH_ProgramWord]0x65109aee3cf0 = 00000000
[FLASH_ProgramWord]0x65109aee3cf4 = 00000000
[FLASH_ProgramWord]0x65109aee3cf8 = 00000000
[FLASH_ProgramWord]0x65109aee3cfc = 00000000
[FLASH_ProgramWord]0x65109aee3d00 = 00000000
[FLASH_ProgramWord]0x65109aee3d04 = 00000000
[FLASH_ProgramWord]0x65109aee3d08 = 00000000
[FLASH_ProgramWord]0x65109aee3d0c = 00000000
[FLASH_ProgramWord]0x65109aee3d10 = 00000000
[FLASH_ProgramWord]0x65109aee3d14 = 00000000
[FLASH_ProgramWord]0x65109aee3d18 = 00000000
[FLASH_ProgramWord]0x65109aee3d1c = 00000000
[FLASH_ProgramWord]0x65109aee3d20 = 00000000
[FLASH_ProgramWord]0x65109aee3d24 = 00000000
[FLASH_ProgramWord]0x65109aee3d28 = 00000000
[FLASH_ProgramWord]0x65109aee3d2c = 00000000
[FLASH_ProgramWord]0x65109aee3d30 = 00000000
[FLASH_ProgramWord]0x65109aee3d34 = 00000000
[FLASH_ProgramWord]0x65109aee3d38 = 00000000
[FLASH_ProgramWord]0x65109aee3d3c = 00000000
[FLASH_ProgramWord]0x65109aee3d40 = 00000000
[FLASH_ProgramWord]0x65109aee3d44 = 00000000
[FLASH_ProgramWord]0x65109aee3d48 = 00000000
[FLASH_ProgramWord]0x65109aee3d4c = 00000000
[FLASH_ProgramWord]0x65109aee3d50 = 00000000
[FLASH_ProgramWord]0x65109aee3d54 = 00000000
[FLASH_ProgramWord]0x65109aee3d58 = 00000000
[FLASH_ProgramWord]0x65109aee3d5c = 00000000
[FLASH_ProgramWord]0x65109aee3d60 = 00000000
[FLASH_ProgramWord]0x65109aee3d64 = 00000000
[FLASH_ProgramWord]0x65109aee3d68 = 00000000
[FLASH_ProgramWord]0x65109aee3d6c = 00000000
[FLASH_ProgramWord]0x65109aee3d70 = 00000000
[FLASH_ProgramWord]0x65109aee3d74 = 00000000
[FLASH_ProgramWord]0x65109aee3d78 = 00000000
[FLASH_ProgramWord]0x65109aee3d7c = 00000000
[FLASH_ProgramWord]0x65109aee3d80 = 00000000
[FLASH_ProgramWord]0x65109aee3d84 = 00000000
[FLASH_ProgramWord]0x65109aee3d88 = 00000000
[FLASH_ProgramWord]0x65109aee3d8c = 00000000
[FLASH_ProgramWord]0x65109aee3d90 = 00000000
[FLASH_ProgramWord]0x65109aee3d94 = 00000000
[FLASH_ProgramWord]0x65109aee3d98 = 00000000
[FLASH_ProgramWord]0x65109aee3d9c = 00000000
[FLASH_ProgramWord]0x65109aee3da0 = 00000000
[FLASH_ProgramWord]0x65109aee3da4 = 00000000
[FLASH_ProgramWord]0x65109aee3da8 = 00000000
[FLASH_ProgramWord]0x65109aee3dac = 00000000
[FLASH_ProgramWord]0x65109aee3db0 = 00000000
[FLASH_ProgramWord]0x65109aee3db4 = 00000000
[FLASH_ProgramWord]0x65109aee3db8 = 00000000
[FLASH_ProgramWord]0x65109aee3dbc = 00000000
[FLASH_ProgramWord]0x65109aee3dc0 = 00000000
[FLASH_ProgramWord]0x65109aee3dc4 = 00000000
[FLASH_ProgramWord]0x65109aee3dc8 = 00000000
[FLASH_ProgramWord]0x65109aee3dcc = 00000000
[FLASH_ProgramWord]0x65109aee3dd0 = 00000000
[FLASH_ProgramWord]0x65109aee3dd4 = 00000000
[FLASH_ProgramWord]0x65109aee3dd8 = 00000000
[FLASH_ProgramWord]0x65109aee3ddc = 00000000
[FLASH_ProgramWord]0x65109aee3de0 = 00000000
[FLASH_ProgramWord]0x65109aee3de4 = 00000000
[FLASH_ProgramWord]0x65109aee3de8 = 00000000
[FLASH_ProgramWord]0x65109aee3dec = 00000000
[FLASH_ProgramWord]0x65109aee3df0 = 00000000
[FLASH_ProgramWord]0x65109aee3df4 = 00000000
[FLASH_ProgramWord]0x65109aee3df8 = 00000000
[FLASH_ProgramWord]0x65109aee3dfc = 00000000
[FLASH_ProgramWord]0x65109aee3e00 = 00000000
[FLASH_ProgramWord]0x65109aee3e04 = 00000000
[FLASH_ProgramWord]0x65109aee3e08 = 00000000
[FLASH_ProgramWord]0x65109aee3e0c = 00000000
[FLASH_ProgramWord]0x65109aee3e10 = 00000000
[FLASH_ProgramWord]0x65109aee3e14 = 00120000
[FLASH_ProgramWord]0x65109aee3e18 = 00020001
[FLASH_ProgramWord]0x65109aee3e1c = 006403e8
[FLASH_ProgramWord]0x65109aee3e20 = 01003c0f
[FLASH_ProgramWord]0x65109aee3e24 = 001e0005
[FLASH_ProgramWord]0x65109aee3e28 = 0018003a
[FLASH_ProgramWord]0x65109aee3e2c = 01000004
[FLASH_ProgramWord]0x65109aee3e30 = 05040203
[FLASH_ProgramWord]0x65109aee3e34 = 00000706
[FLASH_ProgramWord]0x65109aee3e38 = 00000000
[FLASH_ProgramWord]0x65109aee3e3c = 00640001
[FLASH_ProgramWord]0x65109aee3e40 = 041a05dc
[FLASH_ProgramWord]0x65109aee3e44 = 1900076c
[FLASH_ProgramWord]0x65109aee3e48 = 08430375
[FLASH_ProgramWord]0x65109aee3e4c = 01000006
[FLASH_ProgramWord]0x65109aee3e50 = 1e000000
[FLASH_ProgramWord]0x65109aee3e54 = 017d1e1e
[FLASH_ProgramWord]0x65109aee3e58 = 00000001
[FLASH_ProgramWord]0x65109aee3e5c = 00000000
[FLASH_ProgramWord]0x65109aee3e60 = 00160000
[FLASH_ProgramWord]0x65109aee3e64 = 00020023
[FLASH_ProgramWord]0x65109aee3e68 = 00000019
[FLASH_ProgramWord]0x65109aee3e6c = 00000000
[FLASH_ProgramWord]0x65109aee3e70 = 00000000
[FLASH_ProgramWord]0x65109aee3e74 = 00000000
[FLASH_ProgramWord]0x65109aee3e78 = 021c0016
[FLASH_ProgramWord]0x65109aee3e7c = 00000001
[FLASH_ProgramWord]0x65109aee3e80 = 00000000
[FLASH_ProgramWord]0x65109aee3e84 = 00000000
[FLASH_ProgramWord]0x65109aee3e88 = 00000000
[FLASH_ProgramWord]0x65109aee3e8c = 001c0000
[FLASH_ProgramWord]0x65109aee3e90 = 00040028
[FLASH_ProgramWord]0x65109aee3e94 = 00000000
[FLASH_ProgramWord]0x65109aee3e98 = 00000000
[FLASH_ProgramWord]0x65109aee3e9c = 00000000
[FLASH_ProgramWord]0x65109aee3ea0 = 00000000
[FLASH_ProgramWord]0x65109aee3ea4 = 00000000
[FLASH_ProgramWord]0x65109aee3ea8 = 002c0000
[FLASH_ProgramWord]0x65109aee3eac = 00030006
[FLASH_ProgramWord]0x65109aee3eb0 = 000001e0
[FLASH_ProgramWord]0x65109aee3eb4 = 00000001
[FLASH_ProgramWord]0x65109aee3eb8 = 00000000
[FLASH_ProgramWord]0x65109aee3ebc = 00000000
[FLASH_ProgramWord]0x65109aee3ec0 = 00000000
[FLASH_ProgramWord]0x65109aee3ec4 = 04030201
[FLASH_ProgramWord]0x65109aee3ec8 = 00070605
[FLASH_ProgramWord]0x65109aee3ecc = 07d00226
[FLASH_ProgramWord]0x65109aee3ed0 = 07a803e8
[FLASH_ProgramWord]0x65109aee3ed4 = 001a000e
[FLASH_ProgramWord]0x65109aee3ed8 = 0004000b
[FLASH_ProgramWord]0x65109aee3edc = 0064012c
[FLASH_ProgramWord]0x65109aee3ee0 = 00000000
[FLASH_ProgramWord]0x65109aee3ee4 = 00000002
[FLASH_ProgramWord]0x65109aee3ee8 = 1e010001
[FLASH_ProgramWord]0x65109aee3eec = 0200000a
[FLASH_ProgramWord]0x65109aee3ef0 = 000e039e
[FLASH_ProgramWord]0x65109aee3ef4 = 0064000b
[FLASH_ProgramWord]0x65109aee3ef8 = 0000004b
[FLASH_ProgramWord]0x65109aee3efc = 502d0000
[FLASH_ProgramWord]0x65109aee3f00 = 0078001e
[FLASH_ProgramWord]0x65109aee3f04 = 542f0000
[FLASH_ProgramWord]0x65109aee3f08 = 007d0022
[FLASH_ProgramWord]0x65109aee3f0c = 502d0000
[FLASH_ProgramWord]0x65109aee3f10 = 00780000
[FLASH_ProgramWord]0x65109aee3f14 = 4b320000
[FLASH_ProgramWord]0x65109aee3f18 = 0032004b
[FLASH_ProgramWord]0x65109aee3f1c = 00280000
[FLASH_ProgramWord]0x65109aee3f20 = 00000000
[FLASH_ProgramWord]0x65109aee3f24 = 50000000
[FLASH_ProgramWord]0x65109aee3f28 = 019001f4
[FLASH_ProgramWord]0x65109aee3f2c = 00873c01
[FLASH_ProgramWord]0x65109aee3f30 = 00000050
[FLASH_ProgramWord]0x65109aee3f34 = 00320000
[FLASH_ProgramWord]0x65109aee3f38 = 015e0190
[FLASH_ProgramWord]0x65109aee3f3c = 000001f4
[FLASH_ProgramWord]0x65109aee3f40 = 00c8640a
[FLASH_ProgramWord]0x65109aee3f44 = 00960190
[FLASH_ProgramWord]0x65109aee3f48 = 000f0500
[FLASH_ProgramWord]0x65109aee3f4c = 14010f01
[FLASH_ProgramWord]0x65109aee3f50 = 00324b00
[FLASH_ProgramWord]0x65109aee3f54 = 004b0000
[FLASH_ProgramWord]0x65109aee3f58 = 14010096
[FLASH_ProgramWord]0x65109aee3f5c = 00012800
[FLASH_ProgramWord]0x65109aee3f60 = 2e2800c8
[FLASH_ProgramWord]0x65109aee3f64 = 64230000
[FLASH_ProgramWord]0x65109aee3f68 = 00000000
[FLASH_ProgramWord]0x65109aee3f6c = 00000000
[FLASH_ProgramWord]0x65109aee3f70 = 32000000
[FLASH_ProgramWord]0x65109aee3f74 = 00963232
[FLASH_ProgramWord]0x65109aee3f78 = 0f074101
[FLASH_ProgramWord]0x65109aee3f7c = 05640f5a
[FLASH_ProgramWord]0x65109aee3f80 = 64020000
[FLASH_ProgramWord]0x65109aee3f84 = 64646464
[FLASH_ProgramWord]0x65109aee3f88 = 64016464
[FLASH_ProgramWord]0x65109aee3f8c = 01640564
[FLASH_ProgramWord]0x65109aee3f90 = 05460041
[FLASH_ProgramWord]0x65109aee3f94 = 01f46450
[FLASH_ProgramWord]0x65109aee3f98 = 041a0014
[FLASH_ProgramWord]0x65109aee3f9c = 320f1900
[FLASH_ProgramWord]0x65109aee3fa0 = 00000000
[FLASH_ProgramWord]0x65109aee3fa4 = 00000000
[FLASH_ProgramWord]0x65109aee3fa8 = 00000000
[FLASH_ProgramWord]0x65109aee3fac = 00000000
[FLASH_ProgramWord]0x65109aee3fb0 = 001e0000
[FLASH_ProgramWord]0x65109aee3fb4 = 004600c8
[FLASH_ProgramWord]0x65109aee3fb8 = 03e80014
[FLASH_ProgramWord]0x65109aee3fbc = 01720032
[FLASH_ProgramWord]0x65109aee3fc0 = 03e803e8
[FLASH_ProgramWord]0x65109aee3fc4 = 09d807d0
[FLASH_ProgramWord]0x65109aee3fc8 = 00000000
[FLASH_ProgramWord]0x65109aee3fcc = 1e030000
[FLASH_ProgramWord]0x65109aee3fd0 = 00e600e6
[FLASH_ProgramWord]0x65109aee3fd4 = 000200b4
[FLASH_ProgramWord]0x65109aee3fd8 = 00141770
[FLASH_ProgramWord]0x65109aee3fdc = 004b0064
[FLASH_ProgramWord]0x65109aee3fe0 = 00000000
[FLASH_ProgramWord]0x65109aee3fe4 = 001e502d
[FLASH_ProgramWord]0x65109aee3fe8 = 00000078
[FLASH_ProgramWord]0x65109aee3fec = 0022542f
[FLASH_ProgramWord]0x65109aee3ff0 = 0000007d
[FLASH_ProgramWord]0x65109aee3ff4 = 0000502d
[FLASH_ProgramWord]0x65109aee3ff8 = 00000078
[FLASH_ProgramWord]0x65109aee3ffc = 004b4b32
[FLASH_ProgramWord]0x65109aee4000 = 00000032
[FLASH_ProgramWord]0x65109aee4004 = 00000028
[FLASH_ProgramWord]0x65109aee4008 = 00000000
[FLASH_ProgramWord]0x65109aee400c = 01f45000
[FLASH_ProgramWord]0x65109aee4010 = 3c010190
[FLASH_ProgramWord]0x65109aee4014 = 00500087
[FLASH_ProgramWord]0x65109aee4018 = 00000000
[FLASH_ProgramWord]0x65109aee401c = 01900032
[FLASH_ProgramWord]0x65109aee4020 = 01f4015e
[FLASH_ProgramWord]0x65109aee4024 = 640a0000
[FLASH_ProgramWord]0x65109aee4028 = 019000c8
[FLASH_ProgramWord]0x65109aee402c = 05000096
[FLASH_ProgramWord]0x65109aee4030 = 0f01000f
[FLASH_ProgramWord]0x65109aee4034 = 4b001401
[FLASH_ProgramWord]0x65109aee4038 = 00000032
[FLASH_ProgramWord]0x65109aee403c = 0096004b
[FLASH_ProgramWord]0x65109aee4040 = 28001401
[FLASH_ProgramWord]0x65109aee4044 = 00c80001
[FLASH_ProgramWord]0x65109aee4048 = 00002e28
[FLASH_ProgramWord]0x65109aee404c = 00006423
[FLASH_ProgramWord]0x65109aee4050 = 00000000
[FLASH_ProgramWord]0x65109aee4054 = 00000000
[FLASH_ProgramWord]0x65109aee4058 = 32323200
[FLASH_ProgramWord]0x65109aee405c = 41010096
[FLASH_ProgramWord]0x65109aee4060 = 0f5a0f07
[FLASH_ProgramWord]0x65109aee4064 = 00000564
[FLASH_ProgramWord]0x65109aee4068 = 64646402
[FLASH_ProgramWord]0x65109aee406c = 64646464
[FLASH_ProgramWord]0x65109aee4070 = 05646401
[FLASH_ProgramWord]0x65109aee4074 = 00410164
[FLASH_ProgramWord]0x65109aee4078 = 64500546
[FLASH_ProgramWord]0x65109aee407c = 001401f4
[FLASH_ProgramWord]0x65109aee4080 = 1900041a
[FLASH_ProgramWord]0x65109aee4084 = 0000320f
[FLASH_ProgramWord]0x65109aee4088 = 00000000
[FLASH_ProgramWord]0x65109aee408c = 00000000
[FLASH_ProgramWord]0x65109aee4090 = 00000000
[FLASH_ProgramWord]0x65109aee4094 = 00000000
[FLASH_ProgramWord]0x65109aee4098 = 00c8001e
[FLASH_ProgramWord]0x65109aee409c = 00140046
[FLASH_ProgramWord]0x65109aee40a0 = 003203e8
[FLASH_ProgramWord]0x65109aee40a4 = 03e80172
[FLASH_ProgramWord]0x65109aee40a8 = 07d003e8
[FLASH_ProgramWord]0x65109aee40ac = 000009d8
[FLASH_ProgramWord]0x65109aee40b0 = 00000000
[FLASH_ProgramWord]0x65109aee40b4 = 00e61e03
[FLASH_ProgramWord]0x65109aee40b8 = 00b400e6
[FLASH_ProgramWord]0x65109aee40bc = 17700002
[FLASH_ProgramWord]0x65109aee40c0 = 00640014
[FLASH_ProgramWord]0x65109aee40c4 = 0000004b
[FLASH_ProgramWord]0x65109aee40c8 = 502d0000
[FLASH_ProgramWord]0x65109aee40cc = 0078001e
[FLASH_ProgramWord]0x65109aee40d0 = 542f0000
[FLASH_ProgramWord]0x65109aee40d4 = 007d0022
[FLASH_ProgramWord]0x65109aee40d8 = 502d0000
[FLASH_ProgramWord]0x65109aee40dc = 00780000
[FLASH_ProgramWord]0x65109aee40e0 = 4b320000
[FLASH_ProgramWord]0x65109aee40e4 = 0032004b
[FLASH_ProgramWord]0x65109aee40e8 = 00280000
[FLASH_ProgramWord]0x65109aee40ec = 00000000
[FLASH_ProgramWord]0x65109aee40f0 = 50000000
[FLASH_ProgramWord]0x65109aee40f4 = 019001f4
[FLASH_ProgramWord]0x65109aee40f8 = 00873c01
[FLASH_ProgramWord]0x65109aee40fc = 00000050
[FLASH_ProgramWord]0x65109aee4100 = 00320000
[FLASH_ProgramWord]0x65109aee4104 = 015e0190
[FLASH_ProgramWord]0x65109aee4108 = 000001f4
[FLASH_ProgramWord]0x65109aee410c = 00c8640a
[FLASH_ProgramWord]0x65109aee4110 = 00960190
[FLASH_ProgramWord]0x65109aee4114 = 000f0500
[FLASH_ProgramWord]0x65109aee4118 = 14010f01
[FLASH_ProgramWord]0x65109aee411c = 00324b00
[FLASH_ProgramWord]0x65109aee4120 = 004b0000
[FLASH_ProgramWord]0x65109aee4124 = 14010096
[FLASH_ProgramWord]0x65109aee4128 = 00012800
[FLASH_ProgramWord]0x65109aee412c = 2e2800c8
[FLASH_ProgramWord]0x65109aee4130 = 64230000
[FLASH_ProgramWord]0x65109aee4134 = 00000000
[FLASH_ProgramWord]0x65109aee4138 = 00000000
[FLASH_ProgramWord]0x65109aee413c = 32000000
[FLASH_ProgramWord]0x65109aee4140 = 00963232
[FLASH_ProgramWord]0x65109aee4144 = 0f074101
[FLASH_ProgramWord]0x65109aee4148 = 05640f5a
[FLASH_ProgramWord]0x65109aee414c = 64020000
[FLASH_ProgramWord]0x65109aee4150 = 64646464
[FLASH_ProgramWord]0x65109aee4154 = 64016464
[FLASH_ProgramWord]0x65109aee4158 = 01640564
[FLASH_ProgramWord]0x65109aee415c = 05460041
[FLASH_ProgramWord]0x65109aee4160 = 01f46450
[FLASH_ProgramWord]0x65109aee4164 = 041a0014
[FLASH_ProgramWord]0x65109aee4168 = 320f1900
[FLASH_ProgramWord]0x65109aee416c = 00000000
[FLASH_ProgramWord]0x65109aee4170 = 00000000
[FLASH_ProgramWord]0x65109aee4174 = 00000000
[FLASH_ProgramWord]0x65109aee4178 = 00000000
[FLASH_ProgramWord]0x65109aee417c = 001e0000
[FLASH_ProgramWord]0x65109aee4180 = 004600c8
[FLASH_ProgramWord]0x65109aee4184 = 03e80014
[FLASH_ProgramWord]0x65109aee4188 = 01720032
[FLASH_ProgramWord]0x65109aee418c = 03e803e8
[FLASH_ProgramWord]0x65109aee4190 = 09d807d0
[FLASH_ProgramWord]0x65109aee4194 = 00000000
[FLASH_ProgramWord]0x65109aee4198 = 1e030000
[FLASH_ProgramWord]0x65109aee419c = 00e600e6
[FLASH_ProgramWord]0x65109aee41a0 = 000200b4
[FLASH_ProgramWord]0x65109aee41a4 = 00141770
[FLASH_ProgramWord]0x65109aee41a8 = 004b0064
[FLASH_ProgramWord]0x65109aee41ac = 00000000
[FLASH_ProgramWord]0x65109aee41b0 = 001e502d
[FLASH_ProgramWord]0x65109aee41b4 = 00000078
[FLASH_ProgramWord]0x65109aee41b8 = 0022542f
[FLASH_ProgramWord]0x65109aee41bc = 0000007d
[FLASH_ProgramWord]0x65109aee41c0 = 0000502d
[FLASH_ProgramWord]0x65109aee41c4 = 00000078
[FLASH_ProgramWord]0x65109aee41c8 = 004b4b32
[FLASH_ProgramWord]0x65109aee41cc = 00000032
[FLASH_ProgramWord]0x65109aee41d0 = 00000028
[FLASH_ProgramWord]0x65109aee41d4 = 00000000
[FLASH_ProgramWord]0x65109aee41d8 = 01f45000
[FLASH_ProgramWord]0x65109aee41dc = 3c010190
[FLASH_ProgramWord]0x65109aee41e0 = 00500087
[FLASH_ProgramWord]0x65109aee41e4 = 00000000
[FLASH_ProgramWord]0x65109aee41e8 = 01900032
[FLASH_ProgramWord]0x65109aee41ec = 01f4015e
[FLASH_ProgramWord]0x65109aee41f0 = 640a0000
[FLASH_ProgramWord]0x65109aee41f4 = 019000c8
[FLASH_ProgramWord]0x65109aee41f8 = 05000096
[FLASH_ProgramWord]0x65109aee41fc = 0f01000f
[FLASH_ProgramWord]0x65109aee4200 = 4b001401
[FLASH_ProgramWord]0x65109aee4204 = 00000032
[FLASH_ProgramWord]0x65109aee4208 = 0096004b
[FLASH_ProgramWord]0x65109aee420c = 28001401
[FLASH_ProgramWord]0x65109aee4210 = 00c80001
[FLASH_ProgramWord]0x65109aee4214 = 00002e28
[FLASH_ProgramWord]0x65109aee4218 = 00006423
[FLASH_ProgramWord]0x65109aee421c = 00000000
[FLASH_ProgramWord]0x65109aee4220 = 00000000
[FLASH_ProgramWord]0x65109aee4224 = 32323200
[FLASH_ProgramWord]0x65109aee4228 = 41010096
[FLASH_ProgramWord]0x65109aee422c = 0f5a0f07
[FLASH_ProgramWord]0x65109aee4230 = 00000564
[FLASH_ProgramWord]0x65109aee4234 = 64646402
[FLASH_ProgramWord]0x65109aee4238 = 64646464
[FLASH_ProgramWord]0x65109aee423c = 05646401
[FLASH_ProgramWord]0x65109aee4240 = 00410164
[FLASH_ProgramWord]0x65109aee4244 = 64500546
[FLASH_ProgramWord]0x65109aee4248 = 001401f4
[FLASH_ProgramWord]0x65109aee424c = 1900041a
[FLASH_ProgramWord]0x65109aee4250 = 0000320f
[FLASH_ProgramWord]0x65109aee4254 = 00000000
[FLASH_ProgramWord]0x65109aee4258 = 00000000
[FLASH_ProgramWord]0x65109aee425c = 00000000
[FLASH_ProgramWord]0x65109aee4260 = 00000000
[FLASH_ProgramWord]0x65109aee4264 = 00c8001e
[FLASH_ProgramWord]0x65109aee4268 = 00140046
[FLASH_ProgramWord]0x65109aee426c = 003203e8
[FLASH_ProgramWord]0x65109aee4270 = 03e80172
[FLASH_ProgramWord]0x65109aee4274 = 07d003e8
[FLASH_ProgramWord]0x65109aee4278 = 000009d8
[FLASH_ProgramWord]0x65109aee427c = 00000000
[FLASH_ProgramWord]0x65109aee4280 = 00e61e03
[FLASH_ProgramWord]0x65109aee4284 = 00b400e6
[FLASH_ProgramWord]0x65109aee4288 = 17700002
[FLASH_ProgramWord]0x65109aee428c = 00540014
[FLASH_ProgramWord]0x65109aee4290 = 0004001e
[FLASH_ProgramWord]0x65109aee4294 = 00010503
[FLASH_ProgramWord]0x65109aee4298 = 000a0701
[FLASH_ProgramWord]0x65109aee429c = 00000000
[FLASH_ProgramWord]0x65109aee42a0 = 00000000
[FLASH_ProgramWord]0x65109aee42a4 = 00000000
[FLASH_ProgramWord]0x65109aee42a8 = 00000000
[FLASH_ProgramWord]0x65109aee42ac = 00000000
[FLASH_ProgramWord]0x65109aee42b0 = 00000000
[FLASH_ProgramWord]0x65109aee42b4 = 00000000
[FLASH_ProgramWord]0x65109aee42b8 = 00000000
[FLASH_ProgramWord]0x65109aee42bc = 00000000
[FLASH_ProgramWord]0x65109aee42c0 = 00000000
[FLASH_ProgramWord]0x65109aee42c4 = 00000000
[FLASH_ProgramWord]0x65109aee42c8 = 00000000
[FLASH_ProgramWord]0x65109aee42cc = 00000000
[FLASH_ProgramWord]0x65109aee42d0 = 00000000
[FLASH_ProgramWord]0x65109aee42d4 = 00000000
[FLASH_ProgramWord]0x65109aee42d8 = 00000000
[FLASH_ProgramWord]0x65109aee42dc = 00000000
[FLASH_ProgramWord]0x65109aee42e0 = 000e0000
[FLASH_ProgramWord]0x65109aee42e4 = 00040005
[FLASH_ProgramWord]0x65109aee42e8 = 00000000
[FLASH_ProgramWord]0x65109aee42ec = 00000002
[FLASH_ProgramWord]0x65109aee42f0 = 020e0008
[FLASH_ProgramWord]0x65109aee42f4 = 00000000
[FLASH_ProgramWord]0x65109aee42f8 = 00120017
[FLASH_ProgramWord]0x65109aee42fc = 00000004
[FLASH_ProgramWord]0x65109aee4300 = 01000100
[FLASH_ProgramWord]0x65109aee4304 = 54495305
[FLASH_ProgramWord]0x65109aee4308 = 0000004c
[FLASH_ProgramWord]0x65109aee430c = 86000001
[FLASH_ProgramWord]0x65109aee4310 = 00000400
[FLASH_ProgramWord]0x65109aee4314 = 00000000
[FLASH_ProgramWord]0x65109aee4318 = 00000000
[FLASH_ProgramWord]0x65109aee431c = 00000000
[FLASH_ProgramWord]0x65109aee4320 = 00000000
[FLASH_ProgramWord]0x65109aee4324 = 00000000
[FLASH_ProgramWord]0x65109aee4328 = 00000000
[FLASH_ProgramWord]0x65109aee432c = 00000000
[FLASH_ProgramWord]0x65109aee4330 = 00000000
[FLASH_ProgramWord]0x65109aee4334 = 00000000
[FLASH_ProgramWord]0x65109aee4338 = 00000000
[FLASH_ProgramWord]0x65109aee433c = 00000000
[FLASH_ProgramWord]0x65109aee4340 = 00000000
[FLASH_ProgramWord]0x65109aee4344 = 00000000
[FLASH_ProgramWord]0x65109aee4348 = 00000000
[FLASH_ProgramWord]0x65109aee434c = 00000000
[FLASH_ProgramWord]0x65109aee4350 = 00000000
[FLASH_ProgramWord]0x65109aee4354 = 00000000
[FLASH_ProgramWord]0x65109aee4358 = 00000000
[FLASH_ProgramWord]0x65109aee435c = 00000000
[FLASH_ProgramWord]0x65109aee4360 = 00000000
[FLASH_ProgramWord]0x65109aee4364 = 00000000
[FLASH_ProgramWord]0x65109aee4368 = 00000000
[FLASH_ProgramWord]0x65109aee436c = 00000000
[FLASH_ProgramWord]0x65109aee4370 = 00000000
[FLASH_ProgramWord]0x65109aee4374 = 00000000
[FLASH_ProgramWord]0x65109aee4378 = 00000000
[FLASH_ProgramWord]0x65109aee437c = 00000000
[FLASH_ProgramWord]0x65109aee4380 = 00000000
[FLASH_ProgramWord]0x65109aee4384 = 00000000
[FLASH_ProgramWord]0x65109aee4388 = 00000000
[FLASH_ProgramWord]0x65109aee438c = 00000000
[FLASH_ProgramWord]0x65109aee4390 = 00000000
[FLASH_ProgramWord]0x65109aee4394 = 14000c00
[FLASH_ProgramWord]0x65109aee4398 = 03000200
[FLASH_ProgramWord]0x65109aee439c = 00000000
[FLASH_ProgramWord]0x65109aee43a0 = f8000c00
[FLASH_ProgramWord]0x65109aee43a4 = 01000401
[FLASH_ProgramWord]0x65109aee43a8 = 1401f401
[FLASH_ProgramWord]0x65109aee43ac = 32026200
[FLASH_ProgramWord]0x65109aee43b0 = 00000102
[FLASH_ProgramWord]0x65109aee43b4 = 00000000
[FLASH_ProgramWord]0x65109aee43b8 = 00000000
[FLASH_ProgramWord]0x65109aee43bc = 00000000
[FLASH_ProgramWord]0x65109aee43c0 = 00000000
[FLASH_ProgramWord]0x65109aee43c4 = 00000000
[FLASH_ProgramWord]0x65109aee43c8 = 00000000
[FLASH_ProgramWord]0x65109aee43cc = 00000000
[FLASH_ProgramWord]0x65109aee43d0 = 00000000
[FLASH_ProgramWord]0x65109aee43d4 = 00000000
[FLASH_ProgramWord]0x65109aee43d8 = 00000000
[FLASH_ProgramWord]0x65109aee43dc = 00000000
[FLASH_ProgramWord]0x65109aee43e0 = 00000000
[FLASH_ProgramWord]0x65109aee43e4 = 00000000
[FLASH_ProgramWord]0x65109aee43e8 = 00000000
[FLASH_ProgramWord]0x65109aee43ec = 00000000
[FLASH_ProgramWord]0x65109aee43f0 = 00000000
[FLASH_ProgramWord]0x65109aee43f4 = 00000000
[FLASH_ProgramWord]0x65109aee43f8 = 00000000
[FLASH_ProgramWord]0x65109aee43fc = 00000000
[FLASH_ProgramWord]0x65109aee4400 = 00000000
[FLASH_ProgramWord]0x65109aee4404 = 00000000
[FLASH_ProgramWord]0x65109aee4408 = 00000000
[FLASH_ProgramWord]0x65109aee440c = 00000000
[FLASH_ProgramWord]0x65109aee4410 = 00000000
[FLASH_ProgramWord]0x65109aee4414 = 00000000
[FLASH_ProgramWord]0x65109aee4418 = 00000000
[FLASH_ProgramWord]0x65109aee441c = 00000000
[FLASH_ProgramWord]0x65109aee4420 = 00000000
[FLASH_ProgramWord]0x65109aee4424 = 00000000
[FLASH_ProgramWord]0x65109aee4428 = 00000000
[FLASH_ProgramWord]0x65109aee442c = 00000000
[FLASH_ProgramWord]0x65109aee4430 = 00000000
[FLASH_ProgramWord]0x65109aee4434 = 00000000
[FLASH_ProgramWord]0x65109aee4438 = 00000000
[FLASH_ProgramWord]0x65109aee443c = 00000000
[FLASH_ProgramWord]0x65109aee4440 = 00000000
[FLASH_ProgramWord]0x65109aee4444 = 00000000
[FLASH_ProgramWord]0x65109aee4448 = 00000000
[FLASH_ProgramWord]0x65109aee444c = 00000000
[FLASH_ProgramWord]0x65109aee4450 = 00000000
[FLASH_ProgramWord]0x65109aee4454 = 00000000
[FLASH_ProgramWord]0x65109aee4458 = 00000000
[FLASH_ProgramWord]0x65109aee445c = 00000000
[FLASH_ProgramWord]0x65109aee4460 = 00000000
[FLASH_ProgramWord]0x65109aee4464 = 00000000
[FLASH_ProgramWord]0x65109aee4468 = 00000000
[FLASH_ProgramWord]0x65109aee446c = 00000000
[FLASH_ProgramWord]0x65109aee4470 = 00000000
[FLASH_ProgramWord]0x65109aee4474 = 00000000
[FLASH_ProgramWord]0x65109aee4478 = 00000000
[FLASH_ProgramWord]0x65109aee447c = 00000000
[FLASH_ProgramWord]0x65109aee4480 = 00000000
[FLASH_ProgramWord]0x65109aee4484 = 00000000
[FLASH_ProgramWord]0x65109aee4488 = 00000000
[FLASH_ProgramWord]0x65109aee448c = 00000000
[FLASH_ProgramWord]0x65109aee4490 = 00000000
[FLASH_ProgramWord]0x65109aee4494 = 00000000
[FLASH_ProgramWord]0x65109aee4498 = 00000000
[FLASH_ProgramWord]0x65109aee449c = 00000000
[FLASH_ProgramWord]0x65109aee44a0 = 00000000
[FLASH_ProgramWord]0x65109aee44a4 = 00000000
[FLASH_ProgramWord]0x65109aee44a8 = 00000000
[FLASH_ProgramWord]0x65109aee44ac = 00000000
[FLASH_ProgramWord]0x65109aee44b0 = 00000000
[FLASH_ProgramWord]0x65109aee44b4 = 00000000
[FLASH_ProgramWord]0x65109aee44b8 = 00000000
[FLASH_ProgramWord]0x65109aee44bc = 00000000
[FLASH_ProgramWord]0x65109aee44c0 = 00000000
[FLASH_ProgramWord]0x65109aee44c4 = 00000000
[FLASH_ProgramWord]0x65109aee44c8 = 00000000
[FLASH_ProgramWord]0x65109aee44cc = 00000000
[FLASH_ProgramWord]0x65109aee44d0 = 00000000
[FLASH_ProgramWord]0x65109aee44d4 = 00000000
[FLASH_ProgramWord]0x65109aee44d8 = 00000000
[FLASH_ProgramWord]0x65109aee44dc = 00000000
[FLASH_ProgramWord]0x65109aee44e0 = 00000000
[FLASH_ProgramWord]0x65109aee44e4 = 00000000
[FLASH_ProgramWord]0x65109aee44e8 = 00000000
[FLASH_ProgramWord]0x65109aee44ec = 00000000
[FLASH_ProgramWord]0x65109aee44f0 = 00000000
[FLASH_ProgramWord]0x65109aee44f4 = 00000000
[FLASH_ProgramWord]0x65109aee44f8 = 00000000
[FLASH_ProgramWord]0x65109aee44fc = 00000000
[FLASH_ProgramWord]0x65109aee4500 = 00000000
[FLASH_ProgramWord]0x65109aee4504 = 00000000
[FLASH_ProgramWord]0x65109aee4508 = 00000000
[FLASH_ProgramWord]0x65109aee450c = 00000000
[FLASH_ProgramWord]0x65109aee4510 = 00000000
[FLASH_ProgramWord]0x65109aee4514 = 00000000
[FLASH_ProgramWord]0x65109aee4518 = 00000000
[FLASH_ProgramWord]0x65109aee451c = 00000000
[FLASH_ProgramWord]0x65109aee4520 = 00000000
[FLASH_ProgramWord]0x65109aee4524 = 00000000
[FLASH_ProgramWord]0x65109aee4528 = 00000000
[FLASH_ProgramWord]0x65109aee452c = 00000000
[FLASH_ProgramWord]0x65109aee4530 = 00000000
[FLASH_ProgramWord]0x65109aee4534 = 00000000
[FLASH_ProgramWord]0x65109aee4538 = 00000000
[FLASH_ProgramWord]0x65109aee453c = 00000000
[FLASH_ProgramWord]0x65109aee4540 = 00000000
[FLASH_ProgramWord]0x65109aee4544 = 00000000
[FLASH_ProgramWord]0x65109aee4548 = 00000000
[FLASH_ProgramWord]0x65109aee454c = 00000000
[FLASH_ProgramWord]0x65109aee4550 = 00000000
[FLASH_ProgramWord]0x65109aee4554 = 00000000
[FLASH_ProgramWord]0x65109aee4558 = 00000000
[FLASH_ProgramWord]0x65109aee455c = 00000000
[FLASH_ProgramWord]0x65109aee4560 = 00000000
[FLASH_ProgramWord]0x65109aee4564 = 00000000
[FLASH_ProgramWord]0x65109aee4568 = 00000000
[FLASH_ProgramWord]0x65109aee456c = 00000000
[FLASH_ProgramWord]0x65109aee4570 = 00000000
[FLASH_ProgramWord]0x65109aee4574 = 00000000
[FLASH_ProgramWord]0x65109aee4578 = 00000000
[FLASH_ProgramWord]0x65109aee457c = 00000000
[FLASH_ProgramWord]0x65109aee4580 = 00000000
[FLASH_ProgramWord]0x65109aee4584 = 00000000
[FLASH_ProgramWord]0x65109aee4588 = 00000000
[FLASH_ProgramWord]0x65109aee458c = 00000000
[FLASH_ProgramWord]0x65109aee4590 = 00000000
[FLASH_ProgramWord]0x65109aee4594 = 00000000
[FLASH_ProgramWord]0x65109aee4598 = 00000000
[FLASH_ProgramWord]0x65109aee459c = 00000000
[FLASH_ProgramWord]0x65109aee45a0 = 00000000
[FLASH_ProgramWord]0x65109aee45a4 = 00000000
[FLASH_ProgramWord]0x65109aee45a8 = 00000000
[FLASH_ProgramWord]0x65109aee45ac = 00000000
[FLASH_ProgramWord]0x65109aee45b0 = 00000000
[FLASH_ProgramWord]0x65109aee45b4 = 00000000
[FLASH_ProgramWord]0x65109aee45b8 = 00000000
[FLASH_ProgramWord]0x65109aee45bc = 00000000
[FLASH_ProgramWord]0x65109aee45c0 = 00000000
[FLASH_ProgramWord]0x65109aee45c4 = 00000000
[FLASH_ProgramWord]0x65109aee45c8 = 00000000
[FLASH_ProgramWord]0x65109aee45cc = 00000000
[FLASH_ProgramWord]0x65109aee45d0 = 00000000
[FLASH_ProgramWord]0x65109aee45d4 = 00000000
[FLASH_ProgramWord]0x65109aee45d8 = 00000000
[FLASH_ProgramWord]0x65109aee45dc = 00000000
[FLASH_ProgramWord]0x65109aee45e0 = 00000000
[FLASH_ProgramWord]0x65109aee45e4 = 00000000
[FLASH_ProgramWord]0x65109aee45e8 = 00000000
[FLASH_ProgramWord]0x65109aee45ec = 00000000
[FLASH_ProgramWord]0x65109aee45f0 = 00000000
[FLASH_ProgramWord]0x65109aee45f4 = 00000000
[FLASH_ProgramWord]0x65109aee45f8 = 00000000
[FLASH_ProgramWord]0x65109aee45fc = 00000000
[FLASH_ProgramWord]0x65109aee4600 = 00000000
[FLASH_ProgramWord]0x65109aee4604 = 00000000
[FLASH_ProgramWord]0x65109aee4608 = 00000000
[FLASH_ProgramWord]0x65109aee460c = 6a000000
[FLASH_ProgramWord]0x65109aee4610 = 01000d00
[FLASH_ProgramWord]0x65109aee4614 = 00000100
[FLASH_ProgramWord]0x65109aee4618 = 04053300
[FLASH_ProgramWord]0x65109aee461c = 00000005
[FLASH_ProgramWord]0x65109aee4620 = 00000000
[FLASH_ProgramWord]0x65109aee4624 = 04053400
[FLASH_ProgramWord]0x65109aee4628 = 00000005
[FLASH_ProgramWord]0x65109aee462c = 00000000
[FLASH_ProgramWord]0x65109aee4630 = 04053500
[FLASH_ProgramWord]0x65109aee4634 = 00000005
[FLASH_ProgramWord]0x65109aee4638 = 00000000
[FLASH_ProgramWord]0x65109aee463c = 04053600
[FLASH_ProgramWord]0x65109aee4640 = 00000005
[FLASH_ProgramWord]0x65109aee4644 = 00000000
[FLASH_ProgramWord]0x65109aee4648 = 04053700
[FLASH_ProgramWord]0x65109aee464c = 00000005
[FLASH_ProgramWord]0x65109aee4650 = 00000000
[FLASH_ProgramWord]0x65109aee4654 = 04053800
[FLASH_ProgramWord]0x65109aee4658 = 00000005
[FLASH_ProgramWord]0x65109aee465c = 00000000
[FLASH_ProgramWord]0x65109aee4660 = 04053900
[FLASH_ProgramWord]0x65109aee4664 = 00000005
[FLASH_ProgramWord]0x65109aee4668 = 00000000
[FLASH_ProgramWord]0x65109aee466c = 04053a00
[FLASH_ProgramWord]0x65109aee4670 = 00000005
[FLASH_ProgramWord]0x65109aee4674 = 52006400
[FLASH_ProgramWord]0x65109aee4678 = 23001e00
[FLASH_ProgramWord]0x65109aee467c = 00000402
[FLASH_ProgramWord]0x65109aee4680 = 00000000
[FLASH_ProgramWord]0x65109aee4684 = 00000000
[FLASH_ProgramWord]0x65109aee4688 = ff000000
[FLASH_ProgramWord]0x65109aee468c = 00000000
[FLASH_ProgramWord]0x65109aee4690 = 14000000
[FLASH_ProgramWord]0x65109aee4694 = 0c000000
[FLASH_ProgramWord]0x65109aee4698 = 02003d00
[FLASH_ProgramWord]0x65109aee469c = 1e000500
[FLASH_ProgramWord]0x65109aee46a0 = 0e019000
[FLASH_ProgramWord]0x65109aee46a4 = 07003800
[FLASH_ProgramWord]0x65109aee46a8 = 2c640000
[FLASH_ProgramWord]0x65109aee46ac = 90012c01
[FLASH_ProgramWord]0x65109aee46b0 = 19000901
[FLASH_ProgramWord]0x65109aee46b4 = 00000100
[FLASH_ProgramWord]0x65109aee46b8 = 00420000
[FLASH_ProgramWord]0x65109aee46bc = 0000021a
[FLASH_ProgramWord]0x65109aee46c0 = 00000000
[FLASH_ProgramWord]0x65109aee46c4 = 00000000
[FLASH_ProgramWord]0x65109aee46c8 = 00000000
[FLASH_ProgramWord]0x65109aee46cc = 00000000
[FLASH_ProgramWord]0x65109aee46d0 = 00000000
[FLASH_ProgramWord]0x65109aee46d4 = 00000000
[FLASH_ProgramWord]0x65109aee46d8 = 00000000
[FLASH_ProgramWord]0x65109aee46dc = 00000000
[FLASH_ProgramWord]0x65109aee46e0 = 00000000
[FLASH_ProgramWord]0x65109aee46e4 = 00000000
[FLASH_ProgramWord]0x65109aee46e8 = 00000000
[FLASH_ProgramWord]0x65109aee46ec = 00000000
[FLASH_ProgramWord]0x65109aee46f0 = 00000000
[FLASH_ProgramWord]0x65109aee46f4 = 00000000
[FLASH_ProgramWord]0x65109aee46f8 = 00000000
[FLASH_ProgramWord]0x65109aee46fc = 001a0014
[FLASH_ProgramWord]0x65109aee4700 = 057e0000
[FLASH_ProgramWord]0x65109aee4704 = 05b405ea
[FLASH_ProgramWord]0x65109aee4708 = 03e80032
[FLASH_ProgramWord]0x65109aee470c = 000007d0
[FLASH_ProgramWord]0x65109aee4710 = 002f006c
[FLASH_ProgramWord]0x65109aee4714 = 00000002
[FLASH_ProgramWord]0x65109aee4718 = 00000000
[FLASH_ProgramWord]0x65109aee471c = 00000000
[FLASH_ProgramWord]0x65109aee4720 = 00000000
[FLASH_ProgramWord]0x65109aee4724 = 00000000
[FLASH_ProgramWord]0x65109aee4728 = 00000000
[FLASH_ProgramWord]0x65109aee472c = 00000000
[FLASH_ProgramWord]0x65109aee4730 = 00000000
[FLASH_ProgramWord]0x65109aee4734 = 00000000
[FLASH_ProgramWord]0x65109aee4738 = 00000000
[FLASH_ProgramWord]0x65109aee473c = 00000000
[FLASH_ProgramWord]0x65109aee4740 = 00000000
[FLASH_ProgramWord]0x65109aee4744 = 00000000
[FLASH_ProgramWord]0x65109aee4748 = 00000000
[FLASH_ProgramWord]0x65109aee474c = 00000000
[FLASH_ProgramWord]0x65109aee4750 = 00000000
[FLASH_ProgramWord]0x65109aee4754 = 00000000
[FLASH_ProgramWord]0x65109aee4758 = 00000000
[FLASH_ProgramWord]0x65109aee475c = 00000000
[FLASH_ProgramWord]0x65109aee4760 = 00000000
[FLASH_ProgramWord]0x65109aee4764 = 00000000
[FLASH_ProgramWord]0x65109aee4768 = 00000000
[FLASH_ProgramWord]0x65109aee476c = 00000000
[FLASH_ProgramWord]0x65109aee4770 = 00000000
[FLASH_ProgramWord]0x65109aee4774 = 00000000
[FLASH_ProgramWord]0x65109aee4778 = 00000000
[FLASH_ProgramWord]0x65109aee477c = 022d0007
[FLASH_ProgramWord]0x65109aee4780 = 46000000
[FLASH_ProgramWord]0x65109aee4784 = 00022900
[FLASH_ProgramWord]0x65109aee4788 = 00000000
[FLASH_ProgramWord]0x65109aee478c = 00000000
[FLASH_ProgramWord]0x65109aee4790 = 00000000
[FLASH_ProgramWord]0x65109aee4794 = 00000000
[FLASH_ProgramWord]0x65109aee4798 = 00000000
[FLASH_ProgramWord]0x65109aee479c = 00000000
[FLASH_ProgramWord]0x65109aee47a0 = 00000000
[FLASH_ProgramWord]0x65109aee47a4 = 00000000
[FLASH_ProgramWord]0x65109aee47a8 = 00000000
[FLASH_ProgramWord]0x65109aee47ac = 00000000
[FLASH_ProgramWord]0x65109aee47b0 = 00000000
[FLASH_ProgramWord]0x65109aee47b4 = 00000000
[FLASH_ProgramWord]0x65109aee47b8 = 00000000
[FLASH_ProgramWord]0x65109aee47bc = 00000000
[FLASH_ProgramWord]0x65109aee47c0 = 00000000
[FLASH_ProgramWord]0x65109aee47c4 = 00000000
[FLASH_ProgramWord]0x65109aee47c8 = 26000e00
[FLASH_ProgramWord]0x65109aee47cc = 00000300
[FLASH_ProgramWord]0x65109aee47d0 = 00000000
[FLASH_ProgramWord]0x65109aee47d4 = 1a000001
[FLASH_ProgramWord]0x65109aee47d8 = 08003700
[FLASH_ProgramWord]0x65109aee47dc = 00000f00
[FLASH_ProgramWord]0x65109aee47e0 = ee000a00
[FLASH_ProgramWord]0x65109aee47e4 = ee001e02
[FLASH_ProgramWord]0x65109aee47e8 = 96001402
[FLASH_ProgramWord]0x65109aee47ec = 00080200
[FLASH_ProgramWord]0x65109aee47f0 = 3c006014
[FLASH_ProgramWord]0x65109aee47f4 = 04000a00
[FLASH_ProgramWord]0x65109aee47f8 = 4c04fb00
[FLASH_ProgramWord]0x65109aee47fc = 1e076c04
[FLASH_ProgramWord]0x65109aee4800 = 1e1e1e1e
[FLASH_ProgramWord]0x65109aee4804 = 1e1e1e1e
[FLASH_ProgramWord]0x65109aee4808 = 32320a1e
[FLASH_ProgramWord]0x65109aee480c = f401f400
[FLASH_ProgramWord]0x65109aee4810 = 3200c801
[FLASH_ProgramWord]0x65109aee4814 = dc003200
[FLASH_ProgramWord]0x65109aee4818 = fa01b800
[FLASH_ProgramWord]0x65109aee481c = 0c00fa00
[FLASH_ProgramWord]0x65109aee4820 = dc09c400
[FLASH_ProgramWord]0x65109aee4824 = 32000005
[FLASH_ProgramWord]0x65109aee4828 = 1e000a00
[FLASH_ProgramWord]0x65109aee482c = 08012c00
[FLASH_ProgramWord]0x65109aee4830 = d003e803
[FLASH_ProgramWord]0x65109aee4834 = 010a3207
[FLASH_ProgramWord]0x65109aee4838 = 0a00c800
[FLASH_ProgramWord]0x65109aee483c = 01006432
[FLASH_ProgramWord]0x65109aee4840 = e8001400
[FLASH_ProgramWord]0x65109aee4844 = 10271003
[FLASH_ProgramWord]0x65109aee4848 = 00050827
[FLASH_ProgramWord]0x65109aee484c = 00000000
[FLASH_ProgramWord]0x65109aee4850 = 10000900
[FLASH_ProgramWord]0x65109aee4854 = 00000200
[FLASH_ProgramWord]0x65109aee4858 = 00120005
[FLASH_ProgramWord]0x65109aee485c = 00010002
[FLASH_ProgramWord]0x65109aee4860 = 00000000
[FLASH_ProgramWord]0x65109aee4864 = 00000000
[FLASH_ProgramWord]0x65109aee4868 = 00000000
[FLASH_ProgramWord]0x65109aee486c = 0101000a
[FLASH_ProgramWord]0x65109aee4870 = 00000000
[FLASH_ProgramWord]0x65109aee4874 = 000a0000
[FLASH_ProgramWord]0x65109aee4878 = 00000100
[FLASH_ProgramWord]0x65109aee487c = 00000190
[FLASH_ProgramWord]0x65109aee4880 = 01020009
[FLASH_ProgramWord]0x65109aee4884 = 0a6e0000
[FLASH_ProgramWord]0x65109aee4888 = 3b000801
[FLASH_ProgramWord]0x65109aee488c = 32000400
[FLASH_ProgramWord]0x65109aee4890 = 2c000e14
[FLASH_ProgramWord]0x65109aee4894 = 19000202
[FLASH_ProgramWord]0x65109aee4898 = 0a001900
[FLASH_ProgramWord]0x65109aee489c = 09000000
[FLASH_ProgramWord]0x65109aee48a0 = 00020200
[FLASH_ProgramWord]0x65109aee48a4 = 00000000
[FLASH_ProgramWord]0x65109aee48a8 = 021f0016
[FLASH_ProgramWord]0x65109aee48ac = ffff0000
[FLASH_ProgramWord]0x65109aee48b0 = ffffffff
[FLASH_ProgramWord]0x65109aee48b4 = ffffffff
[FLASH_ProgramWord]0x65109aee48b8 = ffffffff
[FLASH_ProgramWord]0x65109aee48bc = 0016ffff
[FLASH_ProgramWord]0x65109aee48c0 = 0000021b
[FLASH_ProgramWord]0x65109aee48c4 = 00000006
[FLASH_ProgramWord]0x65109aee48c8 = 000003e8
[FLASH_ProgramWord]0x65109aee48cc = 00000000
[FLASH_ProgramWord]0x65109aee48d0 = 00000000
[FLASH_ProgramWord]0x65109aee48d4 = 676d0000
[FLASH_Lock] saved 'eeprom.bin'
debugInit
unusedPinsInit
[CONFIG] Processing config file: configs/sitl_enable_rx_udp.txt
feature RX_UDP
AlreadyEnabled RX_UDP

# set small_angle = 180
small_angle set to 180
# aux 0 0 0 1300 1700 0 0
aux 0 0 0 1300 1700 0 0

# [FLASH_Unlock] loaded 'eeprom.bin', size = 32768 / 32768
[FLASH_ProgramWord]0x65109aee3a40 = 0016beb2
[FLASH_ProgramWord]0x65109aee3a44 = 0000002c
[FLASH_ProgramWord]0x65109aee3a48 = 07d003e8
[FLASH_ProgramWord]0x65109aee3a4c = 07d003e8
[FLASH_ProgramWord]0x65109aee3a50 = 07d003e8
[FLASH_ProgramWord]0x65109aee3a54 = 07d003e8
[FLASH_ProgramWord]0x65109aee3a58 = 00250132
[FLASH_ProgramWord]0x65109aee3a5c = 00000002
[FLASH_ProgramWord]0x65109aee3a60 = 00000000
[FLASH_ProgramWord]0x65109aee3a64 = 00000000
[FLASH_ProgramWord]0x65109aee3a68 = 00000000
[FLASH_ProgramWord]0x65109aee3a6c = 00000000
[FLASH_ProgramWord]0x65109aee3a70 = 00000000
[FLASH_ProgramWord]0x65109aee3a74 = 00000000
[FLASH_ProgramWord]0x65109aee3a78 = 00000000
[FLASH_ProgramWord]0x65109aee3a7c = 00000000
[FLASH_ProgramWord]0x65109aee3a80 = 00000000
[FLASH_ProgramWord]0x65109aee3a84 = 00000000
[FLASH_ProgramWord]0x65109aee3a88 = 00000000
[FLASH_ProgramWord]0x65109aee3a8c = 00000000
[FLASH_ProgramWord]0x65109aee3a90 = 00000000
[FLASH_ProgramWord]0x65109aee3a94 = 00000000
[FLASH_ProgramWord]0x65109aee3a98 = 00000000
[FLASH_ProgramWord]0x65109aee3a9c = 00000000
[FLASH_ProgramWord]0x65109aee3aa0 = 00000000
[FLASH_ProgramWord]0x65109aee3aa4 = 00000000
[FLASH_ProgramWord]0x65109aee3aa8 = 00000000
[FLASH_ProgramWord]0x65109aee3aac = 00000000
[FLASH_ProgramWord]0x65109aee3ab0 = 00000000
[FLASH_ProgramWord]0x65109aee3ab4 = 00000000
[FLASH_ProgramWord]0x65109aee3ab8 = 00000000
[FLASH_ProgramWord]0x65109aee3abc = 00000000
[FLASH_ProgramWord]0x65109aee3ac0 = 00000000
[FLASH_ProgramWord]0x65109aee3ac4 = 00000000
[FLASH_ProgramWord]0x65109aee3ac8 = 00000000
[FLASH_ProgramWord]0x65109aee3acc = 00000000
[FLASH_ProgramWord]0x65109aee3ad0 = 00000000
[FLASH_ProgramWord]0x65109aee3ad4 = 00000000
[FLASH_ProgramWord]0x65109aee3ad8 = 00000000
[FLASH_ProgramWord]0x65109aee3adc = 00000000
[FLASH_ProgramWord]0x65109aee3ae0 = 00000000
[FLASH_ProgramWord]0x65109aee3ae4 = 00000000
[FLASH_ProgramWord]0x65109aee3ae8 = 00000000
[FLASH_ProgramWord]0x65109aee3aec = 00000000
[FLASH_ProgramWord]0x65109aee3af0 = 00000000
[FLASH_ProgramWord]0x65109aee3af4 = 00000000
[FLASH_ProgramWord]0x65109aee3af8 = 00000000
[FLASH_ProgramWord]0x65109aee3afc = 00000000
[FLASH_ProgramWord]0x65109aee3b00 = 00000000
[FLASH_ProgramWord]0x65109aee3b04 = 00000000
[FLASH_ProgramWord]0x65109aee3b08 = 00000000
[FLASH_ProgramWord]0x65109aee3b0c = 00000000
[FLASH_ProgramWord]0x65109aee3b10 = 00000000
[FLASH_ProgramWord]0x65109aee3b14 = 00000000
[FLASH_ProgramWord]0x65109aee3b18 = 00000000
[FLASH_ProgramWord]0x65109aee3b1c = 00000000
[FLASH_ProgramWord]0x65109aee3b20 = 00000000
[FLASH_ProgramWord]0x65109aee3b24 = 00000000
[FLASH_ProgramWord]0x65109aee3b28 = 00000000
[FLASH_ProgramWord]0x65109aee3b2c = 00000000
[FLASH_ProgramWord]0x65109aee3b30 = 00000000
[FLASH_ProgramWord]0x65109aee3b34 = 00000000
[FLASH_ProgramWord]0x65109aee3b38 = 00000000
[FLASH_ProgramWord]0x65109aee3b3c = 00000000
[FLASH_ProgramWord]0x65109aee3b40 = 00000000
[FLASH_ProgramWord]0x65109aee3b44 = 00000000
[FLASH_ProgramWord]0x65109aee3b48 = 00000000
[FLASH_ProgramWord]0x65109aee3b4c = 00000000
[FLASH_ProgramWord]0x65109aee3b50 = 00000000
[FLASH_ProgramWord]0x65109aee3b54 = 00000000
[FLASH_ProgramWord]0x65109aee3b58 = 00000000
[FLASH_ProgramWord]0x65109aee3b5c = 00000000
[FLASH_ProgramWord]0x65109aee3b60 = 00000000
[FLASH_ProgramWord]0x65109aee3b64 = 00000000
[FLASH_ProgramWord]0x65109aee3b68 = 00000000
[FLASH_ProgramWord]0x65109aee3b6c = 00000000
[FLASH_ProgramWord]0x65109aee3b70 = 00000000
[FLASH_ProgramWord]0x65109aee3b74 = 00000000
[FLASH_ProgramWord]0x65109aee3b78 = 00000000
[FLASH_ProgramWord]0x65109aee3b7c = 00000000
[FLASH_ProgramWord]0x65109aee3b80 = 00000000
[FLASH_ProgramWord]0x65109aee3b84 = 00000000
[FLASH_ProgramWord]0x65109aee3b88 = 002a0000
[FLASH_ProgramWord]0x65109aee3b8c = 0000002b
[FLASH_ProgramWord]0x65109aee3b90 = 1e001e00
[FLASH_ProgramWord]0x65109aee3b94 = 05001e00
[FLASH_ProgramWord]0x65109aee3b98 = 1e011e01
[FLASH_ProgramWord]0x65109aee3b9c = 1e011e01
[FLASH_ProgramWord]0x65109aee3ba0 = 1e011e01
[FLASH_ProgramWord]0x65109aee3ba4 = 1e011e01
[FLASH_ProgramWord]0x65109aee3ba8 = 1e011e01
[FLASH_ProgramWord]0x65109aee3bac = 1e011e01
[FLASH_ProgramWord]0x65109aee3bb0 = 1e011e01
[FLASH_ProgramWord]0x65109aee3bb4 = 0013000a
[FLASH_ProgramWord]0x65109aee3bb8 = 00820001
[FLASH_ProgramWord]0x65109aee3bbc = 00101040
[FLASH_ProgramWord]0x65109aee3bc0 = 00030016
[FLASH_ProgramWord]0x65109aee3bc4 = 000009c4
[FLASH_ProgramWord]0x65109aee3bc8 = 000002b4
[FLASH_ProgramWord]0x65109aee3bcc = 000a0000
[FLASH_ProgramWord]0x65109aee3bd0 = 00000027
[FLASH_ProgramWord]0x65109aee3bd4 = 00000320
[FLASH_ProgramWord]0x65109aee3bd8 = 000c0086
[FLASH_ProgramWord]0x65109aee3bdc = 00320007
[FLASH_ProgramWord]0x65109aee3be0 = 07070703
[FLASH_ProgramWord]0x65109aee3be4 = 43000000
[FLASH_ProgramWord]0x65109aee3be8 = 64004343
[FLASH_ProgramWord]0x65109aee3bec = 07ce07ce
[FLASH_ProgramWord]0x65109aee3bf0 = 000007ce
[FLASH_ProgramWord]0x65109aee3bf4 = 00000000
[FLASH_ProgramWord]0x65109aee3bf8 = 00000000
[FLASH_ProgramWord]0x65109aee3bfc = 00320032
[FLASH_ProgramWord]0x65109aee3c00 = 07070703
[FLASH_ProgramWord]0x65109aee3c04 = 43000000
[FLASH_ProgramWord]0x65109aee3c08 = 64004343
[FLASH_ProgramWord]0x65109aee3c0c = 07ce07ce
[FLASH_ProgramWord]0x65109aee3c10 = 000007ce
[FLASH_ProgramWord]0x65109aee3c14 = 00000000
[FLASH_ProgramWord]0x65109aee3c18 = 00000000
[FLASH_ProgramWord]0x65109aee3c1c = 00320032
[FLASH_ProgramWord]0x65109aee3c20 = 07070703
[FLASH_ProgramWord]0x65109aee3c24 = 43000000
[FLASH_ProgramWord]0x65109aee3c28 = 64004343
[FLASH_ProgramWord]0x65109aee3c2c = 07ce07ce
[FLASH_ProgramWord]0x65109aee3c30 = 000007ce
[FLASH_ProgramWord]0x65109aee3c34 = 00000000
[FLASH_ProgramWord]0x65109aee3c38 = 00000000
[FLASH_ProgramWord]0x65109aee3c3c = 00320032
[FLASH_ProgramWord]0x65109aee3c40 = 07070703
[FLASH_ProgramWord]0x65109aee3c44 = 43000000
[FLASH_ProgramWord]0x65109aee3c48 = 64004343
[FLASH_ProgramWord]0x65109aee3c4c = 07ce07ce
[FLASH_ProgramWord]0x65109aee3c50 = 000007ce
[FLASH_ProgramWord]0x65109aee3c54 = 00000000
[FLASH_ProgramWord]0x65109aee3c58 = 00000000
[FLASH_ProgramWord]0x65109aee3c5c = 00480032
[FLASH_ProgramWord]0x65109aee3c60 = 00010231
[FLASH_ProgramWord]0x65109aee3c64 = 014a01ae
[FLASH_ProgramWord]0x65109aee3c68 = 019a015e
[FLASH_ProgramWord]0x65109aee3c6c = 0a000000
[FLASH_ProgramWord]0x65109aee3c70 = 00000000
[FLASH_ProgramWord]0x65109aee3c74 = 00000000
[FLASH_ProgramWord]0x65109aee3c78 = 01ae0000
[FLASH_ProgramWord]0x65109aee3c7c = 015e014a
[FLASH_ProgramWord]0x65109aee3c80 = 0000019a
[FLASH_ProgramWord]0x65109aee3c84 = 00000a00
[FLASH_ProgramWord]0x65109aee3c88 = 00000000
[FLASH_ProgramWord]0x65109aee3c8c = 00000000
[FLASH_ProgramWord]0x65109aee3c90 = 014a01ae
[FLASH_ProgramWord]0x65109aee3c94 = 019a015e
[FLASH_ProgramWord]0x65109aee3c98 = 0a000000
[FLASH_ProgramWord]0x65109aee3c9c = 00000000
[FLASH_ProgramWord]0x65109aee3ca0 = 00000000
[FLASH_ProgramWord]0x65109aee3ca4 = 002a0000
[FLASH_ProgramWord]0x65109aee3ca8 = 000a000a
[FLASH_ProgramWord]0x65109aee3cac = 00000030
[FLASH_ProgramWord]0x65109aee3cb0 = 01f400fa
[FLASH_ProgramWord]0x65109aee3cb4 = 00000000
[FLASH_ProgramWord]0x65109aee3cb8 = 00000000
[FLASH_ProgramWord]0x65109aee3cbc = 00020000
[FLASH_ProgramWord]0x65109aee3cc0 = 079e0200
[FLASH_ProgramWord]0x65109aee3cc4 = 00fa007d
[FLASH_ProgramWord]0x65109aee3cc8 = 010001f4
[FLASH_ProgramWord]0x65109aee3ccc = 01640105
[FLASH_ProgramWord]0x65109aee3cd0 = 00290146
[FLASH_ProgramWord]0x65109aee3cd4 = 00000005
[FLASH_ProgramWord]0x65109aee3cd8 = 10000000
[FLASH_ProgramWord]0x65109aee3cdc = 00000020
[FLASH_ProgramWord]0x65109aee3ce0 = 00000000
[FLASH_ProgramWord]0x65109aee3ce4 = 00000000
[FLASH_ProgramWord]0x65109aee3ce8 = 00000000
[FLASH_ProgramWord]0x65109aee3cec = 00000000
[FLASH_ProgramWord]0x65109aee3cf0 = 00000000
[FLASH_ProgramWord]0x65109aee3cf4 = 00000000
[FLASH_ProgramWord]0x65109aee3cf8 = 00000000
[FLASH_ProgramWord]0x65109aee3cfc = 00000000
[FLASH_ProgramWord]0x65109aee3d00 = 00000000
[FLASH_ProgramWord]0x65109aee3d04 = 00000000
[FLASH_ProgramWord]0x65109aee3d08 = 00000000
[FLASH_ProgramWord]0x65109aee3d0c = 00000000
[FLASH_ProgramWord]0x65109aee3d10 = 00000000
[FLASH_ProgramWord]0x65109aee3d14 = 00000000
[FLASH_ProgramWord]0x65109aee3d18 = 00000000
[FLASH_ProgramWord]0x65109aee3d1c = 00000000
[FLASH_ProgramWord]0x65109aee3d20 = 00000000
[FLASH_ProgramWord]0x65109aee3d24 = 00000000
[FLASH_ProgramWord]0x65109aee3d28 = 00000000
[FLASH_ProgramWord]0x65109aee3d2c = 00000000
[FLASH_ProgramWord]0x65109aee3d30 = 00000000
[FLASH_ProgramWord]0x65109aee3d34 = 00000000
[FLASH_ProgramWord]0x65109aee3d38 = 00000000
[FLASH_ProgramWord]0x65109aee3d3c = 00000000
[FLASH_ProgramWord]0x65109aee3d40 = 00000000
[FLASH_ProgramWord]0x65109aee3d44 = 00000000
[FLASH_ProgramWord]0x65109aee3d48 = 00000000
[FLASH_ProgramWord]0x65109aee3d4c = 00000000
[FLASH_ProgramWord]0x65109aee3d50 = 00000000
[FLASH_ProgramWord]0x65109aee3d54 = 00000000
[FLASH_ProgramWord]0x65109aee3d58 = 00000000
[FLASH_ProgramWord]0x65109aee3d5c = 00000000
[FLASH_ProgramWord]0x65109aee3d60 = 00000000
[FLASH_ProgramWord]0x65109aee3d64 = 00000000
[FLASH_ProgramWord]0x65109aee3d68 = 00000000
[FLASH_ProgramWord]0x65109aee3d6c = 00000000
[FLASH_ProgramWord]0x65109aee3d70 = 00000000
[FLASH_ProgramWord]0x65109aee3d74 = 00000000
[FLASH_ProgramWord]0x65109aee3d78 = 00000000
[FLASH_ProgramWord]0x65109aee3d7c = 00000000
[FLASH_ProgramWord]0x65109aee3d80 = 00000000
[FLASH_ProgramWord]0x65109aee3d84 = 00000000
[FLASH_ProgramWord]0x65109aee3d88 = 00000000
[FLASH_ProgramWord]0x65109aee3d8c = 00000000
[FLASH_ProgramWord]0x65109aee3d90 = 00000000
[FLASH_ProgramWord]0x65109aee3d94 = 00000000
[FLASH_ProgramWord]0x65109aee3d98 = 00000000
[FLASH_ProgramWord]0x65109aee3d9c = 00000000
[FLASH_ProgramWord]0x65109aee3da0 = 00000000
[FLASH_ProgramWord]0x65109aee3da4 = 00000000
[FLASH_ProgramWord]0x65109aee3da8 = 00000000
[FLASH_ProgramWord]0x65109aee3dac = 00000000
[FLASH_ProgramWord]0x65109aee3db0 = 00000000
[FLASH_ProgramWord]0x65109aee3db4 = 00000000
[FLASH_ProgramWord]0x65109aee3db8 = 00000000
[FLASH_ProgramWord]0x65109aee3dbc = 00000000
[FLASH_ProgramWord]0x65109aee3dc0 = 00000000
[FLASH_ProgramWord]0x65109aee3dc4 = 00000000
[FLASH_ProgramWord]0x65109aee3dc8 = 00000000
[FLASH_ProgramWord]0x65109aee3dcc = 00000000
[FLASH_ProgramWord]0x65109aee3dd0 = 00000000
[FLASH_ProgramWord]0x65109aee3dd4 = 00000000
[FLASH_ProgramWord]0x65109aee3dd8 = 00000000
[FLASH_ProgramWord]0x65109aee3ddc = 00000000
[FLASH_ProgramWord]0x65109aee3de0 = 00000000
[FLASH_ProgramWord]0x65109aee3de4 = 00000000
[FLASH_ProgramWord]0x65109aee3de8 = 00000000
[FLASH_ProgramWord]0x65109aee3dec = 00000000
[FLASH_ProgramWord]0x65109aee3df0 = 00000000
[FLASH_ProgramWord]0x65109aee3df4 = 00000000
[FLASH_ProgramWord]0x65109aee3df8 = 00000000
[FLASH_ProgramWord]0x65109aee3dfc = 00000000
[FLASH_ProgramWord]0x65109aee3e00 = 00000000
[FLASH_ProgramWord]0x65109aee3e04 = 00000000
[FLASH_ProgramWord]0x65109aee3e08 = 00000000
[FLASH_ProgramWord]0x65109aee3e0c = 00000000
[FLASH_ProgramWord]0x65109aee3e10 = 00000000
[FLASH_ProgramWord]0x65109aee3e14 = 00120000
[FLASH_ProgramWord]0x65109aee3e18 = 00020001
[FLASH_ProgramWord]0x65109aee3e1c = 006403e8
[FLASH_ProgramWord]0x65109aee3e20 = 01003c0f
[FLASH_ProgramWord]0x65109aee3e24 = 001e0005
[FLASH_ProgramWord]0x65109aee3e28 = 0018003a
[FLASH_ProgramWord]0x65109aee3e2c = 01000004
[FLASH_ProgramWord]0x65109aee3e30 = 05040203
[FLASH_ProgramWord]0x65109aee3e34 = 00000706
[FLASH_ProgramWord]0x65109aee3e38 = 00000000
[FLASH_ProgramWord]0x65109aee3e3c = 00640001
[FLASH_ProgramWord]0x65109aee3e40 = 041a05dc
[FLASH_ProgramWord]0x65109aee3e44 = 1900076c
[FLASH_ProgramWord]0x65109aee3e48 = 08430375
[FLASH_ProgramWord]0x65109aee3e4c = 01000006
[FLASH_ProgramWord]0x65109aee3e50 = 1e000000
[FLASH_ProgramWord]0x65109aee3e54 = 017d1e1e
[FLASH_ProgramWord]0x65109aee3e58 = 00000001
[FLASH_ProgramWord]0x65109aee3e5c = 00000000
[FLASH_ProgramWord]0x65109aee3e60 = 00160000
[FLASH_ProgramWord]0x65109aee3e64 = 00020023
[FLASH_ProgramWord]0x65109aee3e68 = 00000019
[FLASH_ProgramWord]0x65109aee3e6c = 00000000
[FLASH_ProgramWord]0x65109aee3e70 = 00000000
[FLASH_ProgramWord]0x65109aee3e74 = 00000000
[FLASH_ProgramWord]0x65109aee3e78 = 021c0016
[FLASH_ProgramWord]0x65109aee3e7c = 00000001
[FLASH_ProgramWord]0x65109aee3e80 = 00000000
[FLASH_ProgramWord]0x65109aee3e84 = 00000000
[FLASH_ProgramWord]0x65109aee3e88 = 00000000
[FLASH_ProgramWord]0x65109aee3e8c = 001c0000
[FLASH_ProgramWord]0x65109aee3e90 = 00040028
[FLASH_ProgramWord]0x65109aee3e94 = 00000000
[FLASH_ProgramWord]0x65109aee3e98 = 00000000
[FLASH_ProgramWord]0x65109aee3e9c = 00000000
[FLASH_ProgramWord]0x65109aee3ea0 = 00000000
[FLASH_ProgramWord]0x65109aee3ea4 = 00000000
[FLASH_ProgramWord]0x65109aee3ea8 = 002c0000
[FLASH_ProgramWord]0x65109aee3eac = 00030006
[FLASH_ProgramWord]0x65109aee3eb0 = 000001e0
[FLASH_ProgramWord]0x65109aee3eb4 = 00000001
[FLASH_ProgramWord]0x65109aee3eb8 = 00000000
[FLASH_ProgramWord]0x65109aee3ebc = 00000000
[FLASH_ProgramWord]0x65109aee3ec0 = 00000000
[FLASH_ProgramWord]0x65109aee3ec4 = 04030201
[FLASH_ProgramWord]0x65109aee3ec8 = 00070605
[FLASH_ProgramWord]0x65109aee3ecc = 07d00226
[FLASH_ProgramWord]0x65109aee3ed0 = 07a803e8
[FLASH_ProgramWord]0x65109aee3ed4 = 001a000e
[FLASH_ProgramWord]0x65109aee3ed8 = 0004000b
[FLASH_ProgramWord]0x65109aee3edc = 0064012c
[FLASH_ProgramWord]0x65109aee3ee0 = 00000000
[FLASH_ProgramWord]0x65109aee3ee4 = 00000002
[FLASH_ProgramWord]0x65109aee3ee8 = 1e010001
[FLASH_ProgramWord]0x65109aee3eec = 0200000a
[FLASH_ProgramWord]0x65109aee3ef0 = 000e039e
[FLASH_ProgramWord]0x65109aee3ef4 = 0064000b
[FLASH_ProgramWord]0x65109aee3ef8 = 0000004b
[FLASH_ProgramWord]0x65109aee3efc = 502d0000
[FLASH_ProgramWord]0x65109aee3f00 = 0078001e
[FLASH_ProgramWord]0x65109aee3f04 = 542f0000
[FLASH_ProgramWord]0x65109aee3f08 = 007d0022
[FLASH_ProgramWord]0x65109aee3f0c = 502d0000
[FLASH_ProgramWord]0x65109aee3f10 = 00780000
[FLASH_ProgramWord]0x65109aee3f14 = 4b320000
[FLASH_ProgramWord]0x65109aee3f18 = 0032004b
[FLASH_ProgramWord]0x65109aee3f1c = 00280000
[FLASH_ProgramWord]0x65109aee3f20 = 00000000
[FLASH_ProgramWord]0x65109aee3f24 = 50000000
[FLASH_ProgramWord]0x65109aee3f28 = 019001f4
[FLASH_ProgramWord]0x65109aee3f2c = 00873c01
[FLASH_ProgramWord]0x65109aee3f30 = 00000050
[FLASH_ProgramWord]0x65109aee3f34 = 00320000
[FLASH_ProgramWord]0x65109aee3f38 = 015e0190
[FLASH_ProgramWord]0x65109aee3f3c = 000001f4
[FLASH_ProgramWord]0x65109aee3f40 = 00c8640a
[FLASH_ProgramWord]0x65109aee3f44 = 00960190
[FLASH_ProgramWord]0x65109aee3f48 = 000f0500
[FLASH_ProgramWord]0x65109aee3f4c = 14010f01
[FLASH_ProgramWord]0x65109aee3f50 = 00324b00
[FLASH_ProgramWord]0x65109aee3f54 = 004b0000
[FLASH_ProgramWord]0x65109aee3f58 = 14010096
[FLASH_ProgramWord]0x65109aee3f5c = 00012800
[FLASH_ProgramWord]0x65109aee3f60 = 2e2800c8
[FLASH_ProgramWord]0x65109aee3f64 = 64230000
[FLASH_ProgramWord]0x65109aee3f68 = 00000000
[FLASH_ProgramWord]0x65109aee3f6c = 00000000
[FLASH_ProgramWord]0x65109aee3f70 = 32000000
[FLASH_ProgramWord]0x65109aee3f74 = 00963232
[FLASH_ProgramWord]0x65109aee3f78 = 0f074101
[FLASH_ProgramWord]0x65109aee3f7c = 05640f5a
[FLASH_ProgramWord]0x65109aee3f80 = 64020000
[FLASH_ProgramWord]0x65109aee3f84 = 64646464
[FLASH_ProgramWord]0x65109aee3f88 = 64016464
[FLASH_ProgramWord]0x65109aee3f8c = 01640564
[FLASH_ProgramWord]0x65109aee3f90 = 05460041
[FLASH_ProgramWord]0x65109aee3f94 = 01f46450
[FLASH_ProgramWord]0x65109aee3f98 = 041a0014
[FLASH_ProgramWord]0x65109aee3f9c = 320f1900
[FLASH_ProgramWord]0x65109aee3fa0 = 00000000
[FLASH_ProgramWord]0x65109aee3fa4 = 00000000
[FLASH_ProgramWord]0x65109aee3fa8 = 00000000
[FLASH_ProgramWord]0x65109aee3fac = 00000000
[FLASH_ProgramWord]0x65109aee3fb0 = 001e0000
[FLASH_ProgramWord]0x65109aee3fb4 = 004600c8
[FLASH_ProgramWord]0x65109aee3fb8 = 03e80014
[FLASH_ProgramWord]0x65109aee3fbc = 01720032
[FLASH_ProgramWord]0x65109aee3fc0 = 03e803e8
[FLASH_ProgramWord]0x65109aee3fc4 = 09d807d0
[FLASH_ProgramWord]0x65109aee3fc8 = 00000000
[FLASH_ProgramWord]0x65109aee3fcc = 1e030000
[FLASH_ProgramWord]0x65109aee3fd0 = 00e600e6
[FLASH_ProgramWord]0x65109aee3fd4 = 000200b4
[FLASH_ProgramWord]0x65109aee3fd8 = 00141770
[FLASH_ProgramWord]0x65109aee3fdc = 004b0064
[FLASH_ProgramWord]0x65109aee3fe0 = 00000000
[FLASH_ProgramWord]0x65109aee3fe4 = 001e502d
[FLASH_ProgramWord]0x65109aee3fe8 = 00000078
[FLASH_ProgramWord]0x65109aee3fec = 0022542f
[FLASH_ProgramWord]0x65109aee3ff0 = 0000007d
[FLASH_ProgramWord]0x65109aee3ff4 = 0000502d
[FLASH_ProgramWord]0x65109aee3ff8 = 00000078
[FLASH_ProgramWord]0x65109aee3ffc = 004b4b32
[FLASH_ProgramWord]0x65109aee4000 = 00000032
[FLASH_ProgramWord]0x65109aee4004 = 00000028
[FLASH_ProgramWord]0x65109aee4008 = 00000000
[FLASH_ProgramWord]0x65109aee400c = 01f45000
[FLASH_ProgramWord]0x65109aee4010 = 3c010190
[FLASH_ProgramWord]0x65109aee4014 = 00500087
[FLASH_ProgramWord]0x65109aee4018 = 00000000
[FLASH_ProgramWord]0x65109aee401c = 01900032
[FLASH_ProgramWord]0x65109aee4020 = 01f4015e
[FLASH_ProgramWord]0x65109aee4024 = 640a0000
[FLASH_ProgramWord]0x65109aee4028 = 019000c8
[FLASH_ProgramWord]0x65109aee402c = 05000096
[FLASH_ProgramWord]0x65109aee4030 = 0f01000f
[FLASH_ProgramWord]0x65109aee4034 = 4b001401
[FLASH_ProgramWord]0x65109aee4038 = 00000032
[FLASH_ProgramWord]0x65109aee403c = 0096004b
[FLASH_ProgramWord]0x65109aee4040 = 28001401
[FLASH_ProgramWord]0x65109aee4044 = 00c80001
[FLASH_ProgramWord]0x65109aee4048 = 00002e28
[FLASH_ProgramWord]0x65109aee404c = 00006423
[FLASH_ProgramWord]0x65109aee4050 = 00000000
[FLASH_ProgramWord]0x65109aee4054 = 00000000
[FLASH_ProgramWord]0x65109aee4058 = 32323200
[FLASH_ProgramWord]0x65109aee405c = 41010096
[FLASH_ProgramWord]0x65109aee4060 = 0f5a0f07
[FLASH_ProgramWord]0x65109aee4064 = 00000564
[FLASH_ProgramWord]0x65109aee4068 = 64646402
[FLASH_ProgramWord]0x65109aee406c = 64646464
[FLASH_ProgramWord]0x65109aee4070 = 05646401
[FLASH_ProgramWord]0x65109aee4074 = 00410164
[FLASH_ProgramWord]0x65109aee4078 = 64500546
[FLASH_ProgramWord]0x65109aee407c = 001401f4
[FLASH_ProgramWord]0x65109aee4080 = 1900041a
[FLASH_ProgramWord]0x65109aee4084 = 0000320f
[FLASH_ProgramWord]0x65109aee4088 = 00000000
[FLASH_ProgramWord]0x65109aee408c = 00000000
[FLASH_ProgramWord]0x65109aee4090 = 00000000
[FLASH_ProgramWord]0x65109aee4094 = 00000000
[FLASH_ProgramWord]0x65109aee4098 = 00c8001e
[FLASH_ProgramWord]0x65109aee409c = 00140046
[FLASH_ProgramWord]0x65109aee40a0 = 003203e8
[FLASH_ProgramWord]0x65109aee40a4 = 03e80172
[FLASH_ProgramWord]0x65109aee40a8 = 07d003e8
[FLASH_ProgramWord]0x65109aee40ac = 000009d8
[FLASH_ProgramWord]0x65109aee40b0 = 00000000
[FLASH_ProgramWord]0x65109aee40b4 = 00e61e03
[FLASH_ProgramWord]0x65109aee40b8 = 00b400e6
[FLASH_ProgramWord]0x65109aee40bc = 17700002
[FLASH_ProgramWord]0x65109aee40c0 = 00640014
[FLASH_ProgramWord]0x65109aee40c4 = 0000004b
[FLASH_ProgramWord]0x65109aee40c8 = 502d0000
[FLASH_ProgramWord]0x65109aee40cc = 0078001e
[FLASH_ProgramWord]0x65109aee40d0 = 542f0000
[FLASH_ProgramWord]0x65109aee40d4 = 007d0022
[FLASH_ProgramWord]0x65109aee40d8 = 502d0000
[FLASH_ProgramWord]0x65109aee40dc = 00780000
[FLASH_ProgramWord]0x65109aee40e0 = 4b320000
[FLASH_ProgramWord]0x65109aee40e4 = 0032004b
[FLASH_ProgramWord]0x65109aee40e8 = 00280000
[FLASH_ProgramWord]0x65109aee40ec = 00000000
[FLASH_ProgramWord]0x65109aee40f0 = 50000000
[FLASH_ProgramWord]0x65109aee40f4 = 019001f4
[FLASH_ProgramWord]0x65109aee40f8 = 00873c01
[FLASH_ProgramWord]0x65109aee40fc = 00000050
[FLASH_ProgramWord]0x65109aee4100 = 00320000
[FLASH_ProgramWord]0x65109aee4104 = 015e0190
[FLASH_ProgramWord]0x65109aee4108 = 000001f4
[FLASH_ProgramWord]0x65109aee410c = 00c8640a
[FLASH_ProgramWord]0x65109aee4110 = 00960190
[FLASH_ProgramWord]0x65109aee4114 = 000f0500
[FLASH_ProgramWord]0x65109aee4118 = 14010f01
[FLASH_ProgramWord]0x65109aee411c = 00324b00
[FLASH_ProgramWord]0x65109aee4120 = 004b0000
[FLASH_ProgramWord]0x65109aee4124 = 14010096
[FLASH_ProgramWord]0x65109aee4128 = 00012800
[FLASH_ProgramWord]0x65109aee412c = 2e2800c8
[FLASH_ProgramWord]0x65109aee4130 = 64230000
[FLASH_ProgramWord]0x65109aee4134 = 00000000
[FLASH_ProgramWord]0x65109aee4138 = 00000000
[FLASH_ProgramWord]0x65109aee413c = 32000000
[FLASH_ProgramWord]0x65109aee4140 = 00963232
[FLASH_ProgramWord]0x65109aee4144 = 0f074101
[FLASH_ProgramWord]0x65109aee4148 = 05640f5a
[FLASH_ProgramWord]0x65109aee414c = 64020000
[FLASH_ProgramWord]0x65109aee4150 = 64646464
[FLASH_ProgramWord]0x65109aee4154 = 64016464
[FLASH_ProgramWord]0x65109aee4158 = 01640564
[FLASH_ProgramWord]0x65109aee415c = 05460041
[FLASH_ProgramWord]0x65109aee4160 = 01f46450
[FLASH_ProgramWord]0x65109aee4164 = 041a0014
[FLASH_ProgramWord]0x65109aee4168 = 320f1900
[FLASH_ProgramWord]0x65109aee416c = 00000000
[FLASH_ProgramWord]0x65109aee4170 = 00000000
[FLASH_ProgramWord]0x65109aee4174 = 00000000
[FLASH_ProgramWord]0x65109aee4178 = 00000000
[FLASH_ProgramWord]0x65109aee417c = 001e0000
[FLASH_ProgramWord]0x65109aee4180 = 004600c8
[FLASH_ProgramWord]0x65109aee4184 = 03e80014
[FLASH_ProgramWord]0x65109aee4188 = 01720032
[FLASH_ProgramWord]0x65109aee418c = 03e803e8
[FLASH_ProgramWord]0x65109aee4190 = 09d807d0
[FLASH_ProgramWord]0x65109aee4194 = 00000000
[FLASH_ProgramWord]0x65109aee4198 = 1e030000
[FLASH_ProgramWord]0x65109aee419c = 00e600e6
[FLASH_ProgramWord]0x65109aee41a0 = 000200b4
[FLASH_ProgramWord]0x65109aee41a4 = 00141770
[FLASH_ProgramWord]0x65109aee41a8 = 004b0064
[FLASH_ProgramWord]0x65109aee41ac = 00000000
[FLASH_ProgramWord]0x65109aee41b0 = 001e502d
[FLASH_ProgramWord]0x65109aee41b4 = 00000078
[FLASH_ProgramWord]0x65109aee41b8 = 0022542f
[FLASH_ProgramWord]0x65109aee41bc = 0000007d
[FLASH_ProgramWord]0x65109aee41c0 = 0000502d
[FLASH_ProgramWord]0x65109aee41c4 = 00000078
[FLASH_ProgramWord]0x65109aee41c8 = 004b4b32
[FLASH_ProgramWord]0x65109aee41cc = 00000032
[FLASH_ProgramWord]0x65109aee41d0 = 00000028
[FLASH_ProgramWord]0x65109aee41d4 = 00000000
[FLASH_ProgramWord]0x65109aee41d8 = 01f45000
[FLASH_ProgramWord]0x65109aee41dc = 3c010190
[FLASH_ProgramWord]0x65109aee41e0 = 00500087
[FLASH_ProgramWord]0x65109aee41e4 = 00000000
[FLASH_ProgramWord]0x65109aee41e8 = 01900032
[FLASH_ProgramWord]0x65109aee41ec = 01f4015e
[FLASH_ProgramWord]0x65109aee41f0 = 640a0000
[FLASH_ProgramWord]0x65109aee41f4 = 019000c8
[FLASH_ProgramWord]0x65109aee41f8 = 05000096
[FLASH_ProgramWord]0x65109aee41fc = 0f01000f
[FLASH_ProgramWord]0x65109aee4200 = 4b001401
[FLASH_ProgramWord]0x65109aee4204 = 00000032
[FLASH_ProgramWord]0x65109aee4208 = 0096004b
[FLASH_ProgramWord]0x65109aee420c = 28001401
[FLASH_ProgramWord]0x65109aee4210 = 00c80001
[FLASH_ProgramWord]0x65109aee4214 = 00002e28
[FLASH_ProgramWord]0x65109aee4218 = 00006423
[FLASH_ProgramWord]0x65109aee421c = 00000000
[FLASH_ProgramWord]0x65109aee4220 = 00000000
[FLASH_ProgramWord]0x65109aee4224 = 32323200
[FLASH_ProgramWord]0x65109aee4228 = 41010096
[FLASH_ProgramWord]0x65109aee422c = 0f5a0f07
[FLASH_ProgramWord]0x65109aee4230 = 00000564
[FLASH_ProgramWord]0x65109aee4234 = 64646402
[FLASH_ProgramWord]0x65109aee4238 = 64646464
[FLASH_ProgramWord]0x65109aee423c = 05646401
[FLASH_ProgramWord]0x65109aee4240 = 00410164
[FLASH_ProgramWord]0x65109aee4244 = 64500546
[FLASH_ProgramWord]0x65109aee4248 = 001401f4
[FLASH_ProgramWord]0x65109aee424c = 1900041a
[FLASH_ProgramWord]0x65109aee4250 = 0000320f
[FLASH_ProgramWord]0x65109aee4254 = 00000000
[FLASH_ProgramWord]0x65109aee4258 = 00000000
[FLASH_ProgramWord]0x65109aee425c = 00000000
[FLASH_ProgramWord]0x65109aee4260 = 00000000
[FLASH_ProgramWord]0x65109aee4264 = 00c8001e
[FLASH_ProgramWord]0x65109aee4268 = 00140046
[FLASH_ProgramWord]0x65109aee426c = 003203e8
[FLASH_ProgramWord]0x65109aee4270 = 03e80172
[FLASH_ProgramWord]0x65109aee4274 = 07d003e8
[FLASH_ProgramWord]0x65109aee4278 = 000009d8
[FLASH_ProgramWord]0x65109aee427c = 00000000
[FLASH_ProgramWord]0x65109aee4280 = 00e61e03
[FLASH_ProgramWord]0x65109aee4284 = 00b400e6
[FLASH_ProgramWord]0x65109aee4288 = 17700002
[FLASH_ProgramWord]0x65109aee428c = 00540014
[FLASH_ProgramWord]0x65109aee4290 = 0004001e
[FLASH_ProgramWord]0x65109aee4294 = 00010503
[FLASH_ProgramWord]0x65109aee4298 = 000a0701
[FLASH_ProgramWord]0x65109aee429c = 00000000
[FLASH_ProgramWord]0x65109aee42a0 = 00000000
[FLASH_ProgramWord]0x65109aee42a4 = 00000000
[FLASH_ProgramWord]0x65109aee42a8 = 00000000
[FLASH_ProgramWord]0x65109aee42ac = 00000000
[FLASH_ProgramWord]0x65109aee42b0 = 00000000
[FLASH_ProgramWord]0x65109aee42b4 = 00000000
[FLASH_ProgramWord]0x65109aee42b8 = 00000000
[FLASH_ProgramWord]0x65109aee42bc = 00000000
[FLASH_ProgramWord]0x65109aee42c0 = 00000000
[FLASH_ProgramWord]0x65109aee42c4 = 00000000
[FLASH_ProgramWord]0x65109aee42c8 = 00000000
[FLASH_ProgramWord]0x65109aee42cc = 00000000
[FLASH_ProgramWord]0x65109aee42d0 = 00000000
[FLASH_ProgramWord]0x65109aee42d4 = 00000000
[FLASH_ProgramWord]0x65109aee42d8 = 00000000
[FLASH_ProgramWord]0x65109aee42dc = 00000000
[FLASH_ProgramWord]0x65109aee42e0 = 000e0000
[FLASH_ProgramWord]0x65109aee42e4 = 00040005
[FLASH_ProgramWord]0x65109aee42e8 = 00000000
[FLASH_ProgramWord]0x65109aee42ec = 00000002
[FLASH_ProgramWord]0x65109aee42f0 = 020e0008
[FLASH_ProgramWord]0x65109aee42f4 = 00000000
[FLASH_ProgramWord]0x65109aee42f8 = 00120017
[FLASH_ProgramWord]0x65109aee42fc = 00000004
[FLASH_ProgramWord]0x65109aee4300 = 01000100
[FLASH_ProgramWord]0x65109aee4304 = 54495305
[FLASH_ProgramWord]0x65109aee4308 = 0000004c
[FLASH_ProgramWord]0x65109aee430c = 86000001
[FLASH_ProgramWord]0x65109aee4310 = 00000400
[FLASH_ProgramWord]0x65109aee4314 = 00000000
[FLASH_ProgramWord]0x65109aee4318 = 00000000
[FLASH_ProgramWord]0x65109aee431c = 00000000
[FLASH_ProgramWord]0x65109aee4320 = 00000000
[FLASH_ProgramWord]0x65109aee4324 = 00000000
[FLASH_ProgramWord]0x65109aee4328 = 00000000
[FLASH_ProgramWord]0x65109aee432c = 00000000
[FLASH_ProgramWord]0x65109aee4330 = 00000000
[FLASH_ProgramWord]0x65109aee4334 = 00000000
[FLASH_ProgramWord]0x65109aee4338 = 00000000
[FLASH_ProgramWord]0x65109aee433c = 00000000
[FLASH_ProgramWord]0x65109aee4340 = 00000000
[FLASH_ProgramWord]0x65109aee4344 = 00000000
[FLASH_ProgramWord]0x65109aee4348 = 00000000
[FLASH_ProgramWord]0x65109aee434c = 00000000
[FLASH_ProgramWord]0x65109aee4350 = 00000000
[FLASH_ProgramWord]0x65109aee4354 = 00000000
[FLASH_ProgramWord]0x65109aee4358 = 00000000
[FLASH_ProgramWord]0x65109aee435c = 00000000
[FLASH_ProgramWord]0x65109aee4360 = 00000000
[FLASH_ProgramWord]0x65109aee4364 = 00000000
[FLASH_ProgramWord]0x65109aee4368 = 00000000
[FLASH_ProgramWord]0x65109aee436c = 00000000
[FLASH_ProgramWord]0x65109aee4370 = 00000000
[FLASH_ProgramWord]0x65109aee4374 = 00000000
[FLASH_ProgramWord]0x65109aee4378 = 00000000
[FLASH_ProgramWord]0x65109aee437c = 00000000
[FLASH_ProgramWord]0x65109aee4380 = 00000000
[FLASH_ProgramWord]0x65109aee4384 = 00000000
[FLASH_ProgramWord]0x65109aee4388 = 00000000
[FLASH_ProgramWord]0x65109aee438c = 00000000
[FLASH_ProgramWord]0x65109aee4390 = 00000000
[FLASH_ProgramWord]0x65109aee4394 = 14000c00
[FLASH_ProgramWord]0x65109aee4398 = 03000200
[FLASH_ProgramWord]0x65109aee439c = 00000000
[FLASH_ProgramWord]0x65109aee43a0 = f8000c00
[FLASH_ProgramWord]0x65109aee43a4 = 01000401
[FLASH_ProgramWord]0x65109aee43a8 = 1401f401
[FLASH_ProgramWord]0x65109aee43ac = 32026200
[FLASH_ProgramWord]0x65109aee43b0 = 00000102
[FLASH_ProgramWord]0x65109aee43b4 = 00000000
[FLASH_ProgramWord]0x65109aee43b8 = 00000000
[FLASH_ProgramWord]0x65109aee43bc = 00000000
[FLASH_ProgramWord]0x65109aee43c0 = 00000000
[FLASH_ProgramWord]0x65109aee43c4 = 00000000
[FLASH_ProgramWord]0x65109aee43c8 = 00000000
[FLASH_ProgramWord]0x65109aee43cc = 00000000
[FLASH_ProgramWord]0x65109aee43d0 = 00000000
[FLASH_ProgramWord]0x65109aee43d4 = 00000000
[FLASH_ProgramWord]0x65109aee43d8 = 00000000
[FLASH_ProgramWord]0x65109aee43dc = 00000000
[FLASH_ProgramWord]0x65109aee43e0 = 00000000
[FLASH_ProgramWord]0x65109aee43e4 = 00000000
[FLASH_ProgramWord]0x65109aee43e8 = 00000000
[FLASH_ProgramWord]0x65109aee43ec = 00000000
[FLASH_ProgramWord]0x65109aee43f0 = 00000000
[FLASH_ProgramWord]0x65109aee43f4 = 00000000
[FLASH_ProgramWord]0x65109aee43f8 = 00000000
[FLASH_ProgramWord]0x65109aee43fc = 00000000
[FLASH_ProgramWord]0x65109aee4400 = 00000000
[FLASH_ProgramWord]0x65109aee4404 = 00000000
[FLASH_ProgramWord]0x65109aee4408 = 00000000
[FLASH_ProgramWord]0x65109aee440c = 00000000
[FLASH_ProgramWord]0x65109aee4410 = 00000000
[FLASH_ProgramWord]0x65109aee4414 = 00000000
[FLASH_ProgramWord]0x65109aee4418 = 00000000
[FLASH_ProgramWord]0x65109aee441c = 00000000
[FLASH_ProgramWord]0x65109aee4420 = 00000000
[FLASH_ProgramWord]0x65109aee4424 = 00000000
[FLASH_ProgramWord]0x65109aee4428 = 00000000
[FLASH_ProgramWord]0x65109aee442c = 00000000
[FLASH_ProgramWord]0x65109aee4430 = 00000000
[FLASH_ProgramWord]0x65109aee4434 = 00000000
[FLASH_ProgramWord]0x65109aee4438 = 00000000
[FLASH_ProgramWord]0x65109aee443c = 00000000
[FLASH_ProgramWord]0x65109aee4440 = 00000000
[FLASH_ProgramWord]0x65109aee4444 = 00000000
[FLASH_ProgramWord]0x65109aee4448 = 00000000
[FLASH_ProgramWord]0x65109aee444c = 00000000
[FLASH_ProgramWord]0x65109aee4450 = 00000000
[FLASH_ProgramWord]0x65109aee4454 = 00000000
[FLASH_ProgramWord]0x65109aee4458 = 00000000
[FLASH_ProgramWord]0x65109aee445c = 00000000
[FLASH_ProgramWord]0x65109aee4460 = 00000000
[FLASH_ProgramWord]0x65109aee4464 = 00000000
[FLASH_ProgramWord]0x65109aee4468 = 00000000
[FLASH_ProgramWord]0x65109aee446c = 00000000
[FLASH_ProgramWord]0x65109aee4470 = 00000000
[FLASH_ProgramWord]0x65109aee4474 = 00000000
[FLASH_ProgramWord]0x65109aee4478 = 00000000
[FLASH_ProgramWord]0x65109aee447c = 00000000
[FLASH_ProgramWord]0x65109aee4480 = 00000000
[FLASH_ProgramWord]0x65109aee4484 = 00000000
[FLASH_ProgramWord]0x65109aee4488 = 00000000
[FLASH_ProgramWord]0x65109aee448c = 00000000
[FLASH_ProgramWord]0x65109aee4490 = 00000000
[FLASH_ProgramWord]0x65109aee4494 = 00000000
[FLASH_ProgramWord]0x65109aee4498 = 00000000
[FLASH_ProgramWord]0x65109aee449c = 00000000
[FLASH_ProgramWord]0x65109aee44a0 = 00000000
[FLASH_ProgramWord]0x65109aee44a4 = 00000000
[FLASH_ProgramWord]0x65109aee44a8 = 00000000
[FLASH_ProgramWord]0x65109aee44ac = 00000000
[FLASH_ProgramWord]0x65109aee44b0 = 00000000
[FLASH_ProgramWord]0x65109aee44b4 = 00000000
[FLASH_ProgramWord]0x65109aee44b8 = 00000000
[FLASH_ProgramWord]0x65109aee44bc = 00000000
[FLASH_ProgramWord]0x65109aee44c0 = 00000000
[FLASH_ProgramWord]0x65109aee44c4 = 00000000
[FLASH_ProgramWord]0x65109aee44c8 = 00000000
[FLASH_ProgramWord]0x65109aee44cc = 00000000
[FLASH_ProgramWord]0x65109aee44d0 = 00000000
[FLASH_ProgramWord]0x65109aee44d4 = 00000000
[FLASH_ProgramWord]0x65109aee44d8 = 00000000
[FLASH_ProgramWord]0x65109aee44dc = 00000000
[FLASH_ProgramWord]0x65109aee44e0 = 00000000
[FLASH_ProgramWord]0x65109aee44e4 = 00000000
[FLASH_ProgramWord]0x65109aee44e8 = 00000000
[FLASH_ProgramWord]0x65109aee44ec = 00000000
[FLASH_ProgramWord]0x65109aee44f0 = 00000000
[FLASH_ProgramWord]0x65109aee44f4 = 00000000
[FLASH_ProgramWord]0x65109aee44f8 = 00000000
[FLASH_ProgramWord]0x65109aee44fc = 00000000
[FLASH_ProgramWord]0x65109aee4500 = 00000000
[FLASH_ProgramWord]0x65109aee4504 = 00000000
[FLASH_ProgramWord]0x65109aee4508 = 00000000
[FLASH_ProgramWord]0x65109aee450c = 00000000
[FLASH_ProgramWord]0x65109aee4510 = 00000000
[FLASH_ProgramWord]0x65109aee4514 = 00000000
[FLASH_ProgramWord]0x65109aee4518 = 00000000
[FLASH_ProgramWord]0x65109aee451c = 00000000
[FLASH_ProgramWord]0x65109aee4520 = 00000000
[FLASH_ProgramWord]0x65109aee4524 = 00000000
[FLASH_ProgramWord]0x65109aee4528 = 00000000
[FLASH_ProgramWord]0x65109aee452c = 00000000
[FLASH_ProgramWord]0x65109aee4530 = 00000000
[FLASH_ProgramWord]0x65109aee4534 = 00000000
[FLASH_ProgramWord]0x65109aee4538 = 00000000
[FLASH_ProgramWord]0x65109aee453c = 00000000
[FLASH_ProgramWord]0x65109aee4540 = 00000000
[FLASH_ProgramWord]0x65109aee4544 = 00000000
[FLASH_ProgramWord]0x65109aee4548 = 00000000
[FLASH_ProgramWord]0x65109aee454c = 00000000
[FLASH_ProgramWord]0x65109aee4550 = 00000000
[FLASH_ProgramWord]0x65109aee4554 = 00000000
[FLASH_ProgramWord]0x65109aee4558 = 00000000
[FLASH_ProgramWord]0x65109aee455c = 00000000
[FLASH_ProgramWord]0x65109aee4560 = 00000000
[FLASH_ProgramWord]0x65109aee4564 = 00000000
[FLASH_ProgramWord]0x65109aee4568 = 00000000
[FLASH_ProgramWord]0x65109aee456c = 00000000
[FLASH_ProgramWord]0x65109aee4570 = 00000000
[FLASH_ProgramWord]0x65109aee4574 = 00000000
[FLASH_ProgramWord]0x65109aee4578 = 00000000
[FLASH_ProgramWord]0x65109aee457c = 00000000
[FLASH_ProgramWord]0x65109aee4580 = 00000000
[FLASH_ProgramWord]0x65109aee4584 = 00000000
[FLASH_ProgramWord]0x65109aee4588 = 00000000
[FLASH_ProgramWord]0x65109aee458c = 00000000
[FLASH_ProgramWord]0x65109aee4590 = 00000000
[FLASH_ProgramWord]0x65109aee4594 = 00000000
[FLASH_ProgramWord]0x65109aee4598 = 00000000
[FLASH_ProgramWord]0x65109aee459c = 00000000
[FLASH_ProgramWord]0x65109aee45a0 = 00000000
[FLASH_ProgramWord]0x65109aee45a4 = 00000000
[FLASH_ProgramWord]0x65109aee45a8 = 00000000
[FLASH_ProgramWord]0x65109aee45ac = 00000000
[FLASH_ProgramWord]0x65109aee45b0 = 00000000
[FLASH_ProgramWord]0x65109aee45b4 = 00000000
[FLASH_ProgramWord]0x65109aee45b8 = 00000000
[FLASH_ProgramWord]0x65109aee45bc = 00000000
[FLASH_ProgramWord]0x65109aee45c0 = 00000000
[FLASH_ProgramWord]0x65109aee45c4 = 00000000
[FLASH_ProgramWord]0x65109aee45c8 = 00000000
[FLASH_ProgramWord]0x65109aee45cc = 00000000
[FLASH_ProgramWord]0x65109aee45d0 = 00000000
[FLASH_ProgramWord]0x65109aee45d4 = 00000000
[FLASH_ProgramWord]0x65109aee45d8 = 00000000
[FLASH_ProgramWord]0x65109aee45dc = 00000000
[FLASH_ProgramWord]0x65109aee45e0 = 00000000
[FLASH_ProgramWord]0x65109aee45e4 = 00000000
[FLASH_ProgramWord]0x65109aee45e8 = 00000000
[FLASH_ProgramWord]0x65109aee45ec = 00000000
[FLASH_ProgramWord]0x65109aee45f0 = 00000000
[FLASH_ProgramWord]0x65109aee45f4 = 00000000
[FLASH_ProgramWord]0x65109aee45f8 = 00000000
[FLASH_ProgramWord]0x65109aee45fc = 00000000
[FLASH_ProgramWord]0x65109aee4600 = 00000000
[FLASH_ProgramWord]0x65109aee4604 = 00000000
[FLASH_ProgramWord]0x65109aee4608 = 00000000
[FLASH_ProgramWord]0x65109aee460c = 6a000000
[FLASH_ProgramWord]0x65109aee4610 = 01000d00
[FLASH_ProgramWord]0x65109aee4614 = 00000100
[FLASH_ProgramWord]0x65109aee4618 = 04053300
[FLASH_ProgramWord]0x65109aee461c = 00000005
[FLASH_ProgramWord]0x65109aee4620 = 00000000
[FLASH_ProgramWord]0x65109aee4624 = 04053400
[FLASH_ProgramWord]0x65109aee4628 = 00000005
[FLASH_ProgramWord]0x65109aee462c = 00000000
[FLASH_ProgramWord]0x65109aee4630 = 04053500
[FLASH_ProgramWord]0x65109aee4634 = 00000005
[FLASH_ProgramWord]0x65109aee4638 = 00000000
[FLASH_ProgramWord]0x65109aee463c = 04053600
[FLASH_ProgramWord]0x65109aee4640 = 00000005
[FLASH_ProgramWord]0x65109aee4644 = 00000000
[FLASH_ProgramWord]0x65109aee4648 = 04053700
[FLASH_ProgramWord]0x65109aee464c = 00000005
[FLASH_ProgramWord]0x65109aee4650 = 00000000
[FLASH_ProgramWord]0x65109aee4654 = 04053800
[FLASH_ProgramWord]0x65109aee4658 = 00000005
[FLASH_ProgramWord]0x65109aee465c = 00000000
[FLASH_ProgramWord]0x65109aee4660 = 04053900
[FLASH_ProgramWord]0x65109aee4664 = 00000005
[FLASH_ProgramWord]0x65109aee4668 = 00000000
[FLASH_ProgramWord]0x65109aee466c = 04053a00
[FLASH_ProgramWord]0x65109aee4670 = 00000005
[FLASH_ProgramWord]0x65109aee4674 = 52006400
[FLASH_ProgramWord]0x65109aee4678 = 23001e00
[FLASH_ProgramWord]0x65109aee467c = 00000402
[FLASH_ProgramWord]0x65109aee4680 = 00000000
[FLASH_ProgramWord]0x65109aee4684 = 00000000
[FLASH_ProgramWord]0x65109aee4688 = ff000000
[FLASH_ProgramWord]0x65109aee468c = 00000000
[FLASH_ProgramWord]0x65109aee4690 = 14000000
[FLASH_ProgramWord]0x65109aee4694 = 0c000000
[FLASH_ProgramWord]0x65109aee4698 = 02003d00
[FLASH_ProgramWord]0x65109aee469c = 1e000500
[FLASH_ProgramWord]0x65109aee46a0 = 0e019000
[FLASH_ProgramWord]0x65109aee46a4 = 07003800
[FLASH_ProgramWord]0x65109aee46a8 = 2c640000
[FLASH_ProgramWord]0x65109aee46ac = 90012c01
[FLASH_ProgramWord]0x65109aee46b0 = 19000901
[FLASH_ProgramWord]0x65109aee46b4 = 00000100
[FLASH_ProgramWord]0x65109aee46b8 = 00420000
[FLASH_ProgramWord]0x65109aee46bc = 0000021a
[FLASH_ProgramWord]0x65109aee46c0 = 00000000
[FLASH_ProgramWord]0x65109aee46c4 = 00000000
[FLASH_ProgramWord]0x65109aee46c8 = 00000000
[FLASH_ProgramWord]0x65109aee46cc = 00000000
[FLASH_ProgramWord]0x65109aee46d0 = 00000000
[FLASH_ProgramWord]0x65109aee46d4 = 00000000
[FLASH_ProgramWord]0x65109aee46d8 = 00000000
[FLASH_ProgramWord]0x65109aee46dc = 00000000
[FLASH_ProgramWord]0x65109aee46e0 = 00000000
[FLASH_ProgramWord]0x65109aee46e4 = 00000000
[FLASH_ProgramWord]0x65109aee46e8 = 00000000
[FLASH_ProgramWord]0x65109aee46ec = 00000000
[FLASH_ProgramWord]0x65109aee46f0 = 00000000
[FLASH_ProgramWord]0x65109aee46f4 = 00000000
[FLASH_ProgramWord]0x65109aee46f8 = 00000000
[FLASH_ProgramWord]0x65109aee46fc = 001a0014
[FLASH_ProgramWord]0x65109aee4700 = 057e0000
[FLASH_ProgramWord]0x65109aee4704 = 05b405ea
[FLASH_ProgramWord]0x65109aee4708 = 03e80032
[FLASH_ProgramWord]0x65109aee470c = 000007d0
[FLASH_ProgramWord]0x65109aee4710 = 002f006c
[FLASH_ProgramWord]0x65109aee4714 = 00000002
[FLASH_ProgramWord]0x65109aee4718 = 00000000
[FLASH_ProgramWord]0x65109aee471c = 00000000
[FLASH_ProgramWord]0x65109aee4720 = 00000000
[FLASH_ProgramWord]0x65109aee4724 = 00000000
[FLASH_ProgramWord]0x65109aee4728 = 00000000
[FLASH_ProgramWord]0x65109aee472c = 00000000
[FLASH_ProgramWord]0x65109aee4730 = 00000000
[FLASH_ProgramWord]0x65109aee4734 = 00000000
[FLASH_ProgramWord]0x65109aee4738 = 00000000
[FLASH_ProgramWord]0x65109aee473c = 00000000
[FLASH_ProgramWord]0x65109aee4740 = 00000000
[FLASH_ProgramWord]0x65109aee4744 = 00000000
[FLASH_ProgramWord]0x65109aee4748 = 00000000
[FLASH_ProgramWord]0x65109aee474c = 00000000
[FLASH_ProgramWord]0x65109aee4750 = 00000000
[FLASH_ProgramWord]0x65109aee4754 = 00000000
[FLASH_ProgramWord]0x65109aee4758 = 00000000
[FLASH_ProgramWord]0x65109aee475c = 00000000
[FLASH_ProgramWord]0x65109aee4760 = 00000000
[FLASH_ProgramWord]0x65109aee4764 = 00000000
[FLASH_ProgramWord]0x65109aee4768 = 00000000
[FLASH_ProgramWord]0x65109aee476c = 00000000
[FLASH_ProgramWord]0x65109aee4770 = 00000000
[FLASH_ProgramWord]0x65109aee4774 = 00000000
[FLASH_ProgramWord]0x65109aee4778 = 00000000
[FLASH_ProgramWord]0x65109aee477c = 022d0007
[FLASH_ProgramWord]0x65109aee4780 = 46000000
[FLASH_ProgramWord]0x65109aee4784 = 00022900
[FLASH_ProgramWord]0x65109aee4788 = 00000000
[FLASH_ProgramWord]0x65109aee478c = 00000000
[FLASH_ProgramWord]0x65109aee4790 = 00000000
[FLASH_ProgramWord]0x65109aee4794 = 00000000
[FLASH_ProgramWord]0x65109aee4798 = 00000000
[FLASH_ProgramWord]0x65109aee479c = 00000000
[FLASH_ProgramWord]0x65109aee47a0 = 00000000
[FLASH_ProgramWord]0x65109aee47a4 = 00000000
[FLASH_ProgramWord]0x65109aee47a8 = 00000000
[FLASH_ProgramWord]0x65109aee47ac = 00000000
[FLASH_ProgramWord]0x65109aee47b0 = 00000000
[FLASH_ProgramWord]0x65109aee47b4 = 00000000
[FLASH_ProgramWord]0x65109aee47b8 = 00000000
[FLASH_ProgramWord]0x65109aee47bc = 00000000
[FLASH_ProgramWord]0x65109aee47c0 = 00000000
[FLASH_ProgramWord]0x65109aee47c4 = 00000000
[FLASH_ProgramWord]0x65109aee47c8 = 26000e00
[FLASH_ProgramWord]0x65109aee47cc = 00000300
[FLASH_ProgramWord]0x65109aee47d0 = 00000000
[FLASH_ProgramWord]0x65109aee47d4 = 1a000001
[FLASH_ProgramWord]0x65109aee47d8 = 08003700
[FLASH_ProgramWord]0x65109aee47dc = 00000f00
[FLASH_ProgramWord]0x65109aee47e0 = ee000a00
[FLASH_ProgramWord]0x65109aee47e4 = ee001e02
[FLASH_ProgramWord]0x65109aee47e8 = 96001402
[FLASH_ProgramWord]0x65109aee47ec = 00080200
[FLASH_ProgramWord]0x65109aee47f0 = 3c006014
[FLASH_ProgramWord]0x65109aee47f4 = 04000a00
[FLASH_ProgramWord]0x65109aee47f8 = 4c04fb00
[FLASH_ProgramWord]0x65109aee47fc = 1e076c04
[FLASH_ProgramWord]0x65109aee4800 = 1e1e1e1e
[FLASH_ProgramWord]0x65109aee4804 = 1e1e1e1e
[FLASH_ProgramWord]0x65109aee4808 = 32320a1e
[FLASH_ProgramWord]0x65109aee480c = f401f400
[FLASH_ProgramWord]0x65109aee4810 = 3200c801
[FLASH_ProgramWord]0x65109aee4814 = dc003200
[FLASH_ProgramWord]0x65109aee4818 = fa01b800
[FLASH_ProgramWord]0x65109aee481c = 0c00fa00
[FLASH_ProgramWord]0x65109aee4820 = dc09c400
[FLASH_ProgramWord]0x65109aee4824 = 32000005
[FLASH_ProgramWord]0x65109aee4828 = 1e000a00
[FLASH_ProgramWord]0x65109aee482c = 08012c00
[FLASH_ProgramWord]0x65109aee4830 = d003e803
[FLASH_ProgramWord]0x65109aee4834 = 010a3207
[FLASH_ProgramWord]0x65109aee4838 = 0a00c800
[FLASH_ProgramWord]0x65109aee483c = 01006432
[FLASH_ProgramWord]0x65109aee4840 = e8001400
[FLASH_ProgramWord]0x65109aee4844 = 10271003
[FLASH_ProgramWord]0x65109aee4848 = 00050827
[FLASH_ProgramWord]0x65109aee484c = 00000000
[FLASH_ProgramWord]0x65109aee4850 = 10000900
[FLASH_ProgramWord]0x65109aee4854 = 00000200
[FLASH_ProgramWord]0x65109aee4858 = 00120005
[FLASH_ProgramWord]0x65109aee485c = 00010002
[FLASH_ProgramWord]0x65109aee4860 = 00000000
[FLASH_ProgramWord]0x65109aee4864 = 00000000
[FLASH_ProgramWord]0x65109aee4868 = 00000000
[FLASH_ProgramWord]0x65109aee486c = 0101000a
[FLASH_ProgramWord]0x65109aee4870 = 00000000
[FLASH_ProgramWord]0x65109aee4874 = 000a0000
[FLASH_ProgramWord]0x65109aee4878 = 00000100
[FLASH_ProgramWord]0x65109aee487c = 00000190
[FLASH_ProgramWord]0x65109aee4880 = 01020009
[FLASH_ProgramWord]0x65109aee4884 = 0a6e0000
[FLASH_ProgramWord]0x65109aee4888 = 3b000801
[FLASH_ProgramWord]0x65109aee488c = 32000400
[FLASH_ProgramWord]0x65109aee4890 = 2c000e14
[FLASH_ProgramWord]0x65109aee4894 = 19000202
[FLASH_ProgramWord]0x65109aee4898 = 0a001900
[FLASH_ProgramWord]0x65109aee489c = 09000000
[FLASH_ProgramWord]0x65109aee48a0 = 00020200
[FLASH_ProgramWord]0x65109aee48a4 = 00000000
[FLASH_ProgramWord]0x65109aee48a8 = 021f0016
[FLASH_ProgramWord]0x65109aee48ac = ffff0000
[FLASH_ProgramWord]0x65109aee48b0 = ffffffff
[FLASH_ProgramWord]0x65109aee48b4 = ffffffff
[FLASH_ProgramWord]0x65109aee48b8 = ffffffff
[FLASH_ProgramWord]0x65109aee48bc = 0016ffff
[FLASH_ProgramWord]0x65109aee48c0 = 0000021b
[FLASH_ProgramWord]0x65109aee48c4 = 00000006
[FLASH_ProgramWord]0x65109aee48c8 = 000003e8
[FLASH_ProgramWord]0x65109aee48cc = 00000000
[FLASH_ProgramWord]0x65109aee48d0 = 00000000
[FLASH_ProgramWord]0x65109aee48d4 = 25fa0000
[FLASH_Lock] saved 'eeprom.bin'
[CONFIG] Config file processed, EEPROM saved

w s l :   �hKm0R  l o c a l h o s t   �NtM�n�FO*g\��P0R  W S L 0N A T   !j_N�v  W S L   
N/ec  l o c a l h o s t   �Nt0
 
 [FLASH_Unlock] eepromFd != NULL
bind port 5761 for UART1
