{
  "actor_loss": [
    -0.02245594561100006,
    -0.017171796411275864,
    -0.010028678923845291,
    -0.010323263704776764,
    -0.012937077321112156,
    -0.013208351098001003,
    -0.007547939661890268,
    -0.007321060169488192,
    -0.006544323638081551,
    -0.010801468044519424,
    -0.008234466426074505,
    -0.008181546814739704,
    -0.004684388171881437,
    -0.007172669284045696,
    -0.010353594087064266,
    -0.016857389360666275,
    -0.008138404227793217,
    -0.0086283003911376,
    -0.007273189257830381,
    -0.014133953489363194,
    -0.006879166699945927,
    -0.010028309188783169,
    -0.010924332775175571,
    -0.007751142140477896,
    -0.005419858265668154,
    -0.012793838046491146,
    -0.012211233377456665,
    -0.0072004119865596294,
    -0.00517995934933424,
    -0.014010032638907433
  ],
  "actor_loss_T": [
    0,
    1,
    2,
    3,
    4,
    5,
    6,
    7,
    8,
    9,
    10,
    11,
    12,
    13,
    14,
    15,
    16,
    17,
    18,
    19,
    20,
    21,
    22,
    23,
    24,
    25,
    26,
    27,
    28,
    29
  ],
  "critic_loss": [
    173.90878295898438,
    246.48643493652344,
    158.668701171875,
    232.63433837890625,
    154.4486541748047,
    210.9854278564453,
    181.3579559326172,
    116.87693786621094,
    211.15289306640625,
    115.92845916748047,
    152.62432861328125,
    155.69696044921875,
    177.08432006835938,
    174.098876953125,
    57.17955780029297,
    119.3250732421875,
    131.95523071289062,
    122.1422348022461,
    132.54388427734375,
    160.78404235839844,
    196.46212768554688,
    188.6543426513672,
    188.83164978027344,
    96.9295654296875,
    308.6240539550781,
    153.68624877929688,
    43.955360412597656,
    288.9532470703125,
    121.39767456054688,
    278.4095764160156
  ],
  "critic_loss_T": [
    0,
    1,
    2,
    3,
    4,
    5,
    6,
    7,
    8,
    9,
    10,
    11,
    12,
    13,
    14,
    15,
    16,
    17,
    18,
    19,
    20,
    21,
    22,
    23,
    24,
    25,
    26,
    27,
    28,
    29
  ],
  "entropy": [
    3.1606788635253906,
    4.416922092437744,
    1.8625117540359497,
    0.6830097436904907,
    4.4647626876831055,
    3.2762198448181152,
    0.7289209365844727,
    0.8068166971206665,
    2.1773242950439453,
    4.687867641448975,
    3.331725597381592,
    2.160494565963745,
    -0.3913652300834656,
    2.2166953086853027,
    4.731630802154541,
    4.743208885192871,
    2.1863861083984375,
    3.555142879486084,
    0.7619923949241638,
    4.964695930480957,
    2.1147408485412598,
    3.7507920265197754,
    2.567426919937134,
    4.839959144592285,
    2.2509779930114746,
    5.071511268615723,
    2.383223533630371,
    1.2592965364456177,
    1.0848644971847534,
    4.137546062469482
  ],
  "entropy_T": [
    0,
    1,
    2,
    3,
    4,
    5,
    6,
    7,
    8,
    9,
    10,
    11,
    12,
    13,
    14,
    15,
    16,
    17,
    18,
    19,
    20,
    21,
    22,
    23,
    24,
    25,
    26,
    27,
    28,
    29
  ],
  "episode": [
    0,
    1,
    2,
    3,
    4,
    5,
    6,
    7,
    8,
    9,
    10,
    11,
    12,
    13,
    14,
    15,
    16,
    17,
    18,
    19,
    20,
    21,
    22,
    23,
    24,
    25,
    26,
    27,
    28,
    29
  ],
  "episode_T": [
    0,
    1,
    2,
    3,
    4,
    5,
    6,
    7,
    8,
    9,
    10,
    11,
    12,
    13,
    14,
    15,
    16,
    17,
    18,
    19,
    20,
    21,
    22,
    23,
    24,
    25,
    26,
    27,
    28,
    29
  ],
  "episode_return": [
    -30.202666759490967,
    -35.77589654922485,
    -28.83213484287262,
    -34.71557927131653,
    -28.187756657600403,
    -32.92442536354065,
    -30.819557189941406,
    -24.550238132476807,
    -33.29440140724182,
    -24.565298438072205,
    -28.090707778930664,
    -28.40571904182434,
    -30.426261067390442,
    -30.22963583469391,
    -17.546035945415497,
    -24.76528525352478,
    -26.238104104995728,
    -25.14164662361145,
    -26.20990002155304,
    -29.052307605743408,
    -31.761813640594482,
    -31.329187870025635,
    -31.551496982574463,
    -22.538991928100586,
    -40.16106629371643,
    -28.498351335525513,
    -15.011618256568909,
    -38.62379717826843,
    -25.255284070968628,
    -38.22821807861328
  ],
  "episode_return_T": [
    0,
    1,
    2,
    3,
    4,
    5,
    6,
    7,
    8,
    9,
    10,
    11,
    12,
    13,
    14,
    15,
    16,
    17,
    18,
    19,
    20,
    21,
    22,
    23,
    24,
    25,
    26,
    27,
    28,
    29
  ],
  "potential_loss": [
    0.8324735164642334,
    3.3824284076690674,
    1.360984206199646,
    2.086892604827881,
    0.7619496583938599,
    2.6699092388153076,
    1.6500358581542969,
    2.2477095127105713,
    0.9925215244293213,
    2.4838595390319824,
    3.566741466522217,
    1.0600075721740723,
    2.081392765045166,
    1.6797587871551514,
    1.163825273513794,
    1.5108715295791626,
    1.779001235961914,
    2.5064697265625,
    1.7237327098846436,
    3.5270676612854004,
    3.32997727394104,
    3.491665840148926,
    3.172337293624878,
    1.6494078636169434,
    0.4648207128047943,
    0.9222406148910522,
    1.5860862731933594,
    2.9096462726593018,
    0.43018007278442383,
    2.7880911827087402
  ],
  "potential_loss_T": [
    0,
    1,
    2,
    3,
    4,
    5,
    6,
    7,
    8,
    9,
    10,
    11,
    12,
    13,
    14,
    15,
    16,
    17,
    18,
    19,
    20,
    21,
    22,
    23,
    24,
    25,
    26,
    27,
    28,
    29
  ],
  "return_mean": [
    -1.8876668214797974,
    -2.2359936237335205,
    -1.8020085096359253,
    -2.1697237491607666,
    -1.7617347240447998,
    -2.05777645111084,
    -1.926222324371338,
    -1.5343899726867676,
    -2.080899953842163,
    -1.535331130027771,
    -1.7556692361831665,
    -1.7753573656082153,
    -1.9016412496566772,
    -1.8893522024154663,
    -1.0966273546218872,
    -1.5478302240371704,
    -1.6398814916610718,
    -1.5713527202606201,
    -1.6381187438964844,
    -1.8157691955566406,
    -1.985113501548767,
    -1.9580742120742798,
    -1.9719685316085815,
    -1.4086869955062866,
    -2.510066509246826,
    -1.7811470031738281,
    -0.9382262229919434,
    -2.413987159729004,
    -1.5784552097320557,
    -2.389263868331909
  ],
  "return_mean_T": [
    0,
    1,
    2,
    3,
    4,
    5,
    6,
    7,
    8,
    9,
    10,
    11,
    12,
    13,
    14,
    15,
    16,
    17,
    18,
    19,
    20,
    21,
    22,
    23,
    24,
    25,
    26,
    27,
    28,
    29
  ]
}