{
  "actor_loss": [
    -0.023551570251584053,
    -0.01795072667300701,
    -0.013265599496662617,
    -0.005803186446428299,
    -0.016626687720417976,
    -0.019436076283454895,
    -0.005046239588409662,
    -0.006675387732684612,
    -0.005848026368767023,
    -0.01196311041712761,
    -0.008512082509696484,
    -0.008557119406759739,
    -0.004562214016914368,
    -0.00819936953485012,
    -0.02224285714328289,
    -0.015581602230668068,
    -0.006591341458261013,
    -0.005413177888840437,
    -0.007922794669866562,
    -0.01374298520386219,
    -0.005944183096289635,
    -0.009318959899246693,
    -0.014880673959851265,
    -0.009197116829454899,
    -0.0027992860414087772,
    -0.017228659242391586,
    -0.006080474704504013,
    -0.006711205467581749,
    -0.005720105022192001,
    -0.01132103893905878
  ],
  "actor_loss_T": [
    0,
    1,
    2,
    3,
    4,
    5,
    6,
    7,
    8,
    9,
    10,
    11,
    12,
    13,
    14,
    15,
    16,
    17,
    18,
    19,
    20,
    21,
    22,
    23,
    24,
    25,
    26,
    27,
    28,
    29
  ],
  "critic_loss": [
    161.7174835205078,
    129.6397247314453,
    116.28267669677734,
    153.341064453125,
    258.5431213378906,
    147.88510131835938,
    190.9495849609375,
    124.11091613769531,
    66.15971374511719,
    182.20791625976562,
    168.36801147460938,
    170.88497924804688,
    239.20458984375,
    175.07748413085938,
    195.9403076171875,
    76.02494812011719,
    147.2019500732422,
    92.99119567871094,
    91.166015625,
    121.305908203125,
    133.0247039794922,
    126.36868286132812,
    133.53807067871094,
    168.0146484375,
    141.18463134765625,
    143.7220458984375,
    106.8404769897461,
    222.73606872558594,
    85.63814544677734,
    113.8914794921875
  ],
  "critic_loss_T": [
    0,
    1,
    2,
    3,
    4,
    5,
    6,
    7,
    8,
    9,
    10,
    11,
    12,
    13,
    14,
    15,
    16,
    17,
    18,
    19,
    20,
    21,
    22,
    23,
    24,
    25,
    26,
    27,
    28,
    29
  ],
  "entropy": [
    3.1670093536376953,
    4.435154914855957,
    1.9244191646575928,
    0.7934644818305969,
    4.570836544036865,
    3.3398330211639404,
    0.7587085962295532,
    0.6931959390640259,
    1.9441215991973877,
    4.5633416175842285,
    3.465672016143799,
    2.008188486099243,
    -0.4827234745025635,
    2.0350852012634277,
    4.538816452026367,
    4.554498672485352,
    2.0970306396484375,
    3.2688775062561035,
    0.986501932144165,
    4.601018905639648,
    2.087571144104004,
    3.4430110454559326,
    2.006221055984497,
    4.577019691467285,
    2.2508022785186768,
    4.554657936096191,
    2.2374022006988525,
    0.9694361686706543,
    0.7562989592552185,
    3.264824151992798
  ],
  "entropy_T": [
    0,
    1,
    2,
    3,
    4,
    5,
    6,
    7,
    8,
    9,
    10,
    11,
    12,
    13,
    14,
    15,
    16,
    17,
    18,
    19,
    20,
    21,
    22,
    23,
    24,
    25,
    26,
    27,
    28,
    29
  ],
  "episode": [
    0,
    1,
    2,
    3,
    4,
    5,
    6,
    7,
    8,
    9,
    10,
    11,
    12,
    13,
    14,
    15,
    16,
    17,
    18,
    19,
    20,
    21,
    22,
    23,
    24,
    25,
    26,
    27,
    28,
    29
  ],
  "episode_T": [
    0,
    1,
    2,
    3,
    4,
    5,
    6,
    7,
    8,
    9,
    10,
    11,
    12,
    13,
    14,
    15,
    16,
    17,
    18,
    19,
    20,
    21,
    22,
    23,
    24,
    25,
    26,
    27,
    28,
    29
  ],
  "episode_return": [
    -28.949172735214233,
    -26.07037365436554,
    -24.68746268749237,
    -28.26794683933258,
    -36.90503692626953,
    -28.153359532356262,
    -31.55631911754608,
    -25.38436472415924,
    -18.501929759979248,
    -30.896377682685852,
    -29.65976393222809,
    -29.729801893234253,
    -35.35218358039856,
    -30.104412317276,
    -31.83406627178192,
    -20.09567427635193,
    -27.906991481781006,
    -22.176360249519348,
    -21.956915616989136,
    -25.317537546157837,
    -26.343688130378723,
    -25.861536741256714,
    -26.47647488117218,
    -29.94500958919525,
    -27.348455548286438,
    -27.378886818885803,
    -24.010719776153564,
    -34.42353868484497,
    -21.50576651096344,
    -24.614900588989258
  ],
  "episode_return_T": [
    0,
    1,
    2,
    3,
    4,
    5,
    6,
    7,
    8,
    9,
    10,
    11,
    12,
    13,
    14,
    15,
    16,
    17,
    18,
    19,
    20,
    21,
    22,
    23,
    24,
    25,
    26,
    27,
    28,
    29
  ],
  "potential_loss": [
    0.8183910250663757,
    3.7025628089904785,
    1.5520026683807373,
    1.7828596830368042,
    1.0151586532592773,
    2.764051914215088,
    1.5503489971160889,
    2.6508426666259766,
    1.255765438079834,
    2.9067811965942383,
    3.5902864933013916,
    1.2837047576904297,
    2.402754545211792,
    1.6683704853057861,
    1.3096733093261719,
    1.3857293128967285,
    2.0401811599731445,
    1.9838893413543701,
    1.7265280485153198,
    3.513645648956299,
    3.311857223510742,
    3.5951762199401855,
    3.1455371379852295,
    1.2085230350494385,
    0.42099037766456604,
    1.0333284139633179,
    1.282552719116211,
    2.248622417449951,
    0.5436019897460938,
    2.6726231575012207
  ],
  "potential_loss_T": [
    0,
    1,
    2,
    3,
    4,
    5,
    6,
    7,
    8,
    9,
    10,
    11,
    12,
    13,
    14,
    15,
    16,
    17,
    18,
    19,
    20,
    21,
    22,
    23,
    24,
    25,
    26,
    27,
    28,
    29
  ],
  "return_mean": [
    -1.8093233108520508,
    -1.6293983459472656,
    -1.5429664850234985,
    -1.7667467594146729,
    -2.3065648078918457,
    -1.7595850229263306,
    -1.9722700119018555,
    -1.5865228176116943,
    -1.1563705205917358,
    -1.9310235977172852,
    -1.853735327720642,
    -1.8581125736236572,
    -2.2095115184783936,
    -1.8815257549285889,
    -1.9896291494369507,
    -1.2559797763824463,
    -1.7441869974136353,
    -1.386022686958313,
    -1.3723071813583374,
    -1.5823460817337036,
    -1.6464804410934448,
    -1.6163461208343506,
    -1.6547797918319702,
    -1.871563196182251,
    -1.7092784643173218,
    -1.7111804485321045,
    -1.5006699562072754,
    -2.1514713764190674,
    -1.3441102504730225,
    -1.5384314060211182
  ],
  "return_mean_T": [
    0,
    1,
    2,
    3,
    4,
    5,
    6,
    7,
    8,
    9,
    10,
    11,
    12,
    13,
    14,
    15,
    16,
    17,
    18,
    19,
    20,
    21,
    22,
    23,
    24,
    25,
    26,
    27,
    28,
    29
  ]
}