{
  "actor_loss": [
    -0.041186485439538956,
    -0.044358715415000916,
    -0.043438784778118134,
    -0.013424932025372982,
    -0.03724846616387367,
    -0.04291477054357529,
    -0.011965041980147362,
    -0.016750993207097054,
    -0.013201146386563778,
    -0.02772573009133339,
    -0.021725814789533615,
    -0.022134123370051384,
    -0.022600647062063217,
    -0.021463876590132713,
    -0.041128963232040405,
    -0.05061208829283714,
    -0.022540755569934845,
    -0.03469712659716606,
    -0.02372313290834427,
    -0.05521000921726227
  ],
  "actor_loss_T": [
    0,
    1,
    2,
    3,
    4,
    5,
    6,
    7,
    8,
    9,
    10,
    11,
    12,
    13,
    14,
    15,
    16,
    17,
    18,
    19
  ],
  "critic_loss": [
    73.7497787475586,
    236.20565795898438,
    126.83366394042969,
    166.2742156982422,
    147.71563720703125,
    118.8385009765625,
    145.86831665039062,
    153.3044891357422,
    98.47728729248047,
    56.856258392333984,
    36.96894836425781,
    36.978904724121094,
    44.798492431640625,
    58.278568267822266,
    17.80390167236328,
    16.750709533691406,
    5.632150650024414,
    29.889705657958984,
    21.992244720458984,
    16.29384994506836
  ],
  "critic_loss_T": [
    0,
    1,
    2,
    3,
    4,
    5,
    6,
    7,
    8,
    9,
    10,
    11,
    12,
    13,
    14,
    15,
    16,
    17,
    18,
    19
  ],
  "entropy": [
    3.23865008354187,
    4.639880657196045,
    1.9022166728973389,
    0.7463798522949219,
    4.527470588684082,
    3.384150505065918,
    0.7596697211265564,
    1.0732288360595703,
    2.394038200378418,
    4.996379375457764,
    3.505643844604492,
    2.2477784156799316,
    -0.14671988785266876,
    2.1084280014038086,
    4.526837348937988,
    4.9585394859313965,
    2.0118837356567383,
    3.456939697265625,
    1.232948660850525,
    5.284294128417969
  ],
  "entropy_T": [
    0,
    1,
    2,
    3,
    4,
    5,
    6,
    7,
    8,
    9,
    10,
    11,
    12,
    13,
    14,
    15,
    16,
    17,
    18,
    19
  ],
  "episode": [
    0,
    1,
    2,
    3,
    4,
    5,
    6,
    7,
    8,
    9,
    10,
    11,
    12,
    13,
    14,
    15,
    16,
    17,
    18,
    19
  ],
  "episode_T": [
    0,
    1,
    2,
    3,
    4,
    5,
    6,
    7,
    8,
    9,
    10,
    11,
    12,
    13,
    14,
    15,
    16,
    17,
    18,
    19
  ],
  "episode_return": [
    -20.033671021461487,
    -35.542744398117065,
    -25.99283790588379,
    -29.796047925949097,
    -28.261892318725586,
    -26.663424015045166,
    -29.250173449516296,
    -31.474236965179443,
    -27.477687120437622,
    -25.87866222858429,
    -25.44986629486084,
    -29.192765951156616,
    -31.15213704109192,
    -21.908169388771057,
    -15.113931894302368,
    -24.462004780769348,
    -27.48130440711975,
    -34.85891103744507,
    -24.19088351726532,
    -31.236290454864502
  ],
  "episode_return_T": [
    0,
    1,
    2,
    3,
    4,
    5,
    6,
    7,
    8,
    9,
    10,
    11,
    12,
    13,
    14,
    15,
    16,
    17,
    18,
    19
  ],
  "potential_loss": [
    0.8561760783195496,
    3.7346625328063965,
    1.5098168849945068,
    1.4157131910324097,
    0.8647724986076355,
    1.7531254291534424,
    1.1251342296600342,
    2.899355411529541,
    0.8208809494972229,
    2.319394826889038,
    3.8890514373779297,
    1.367485761642456,
    2.5036373138427734,
    1.5818452835083008,
    1.0360887050628662,
    1.6579545736312866,
    2.1153645515441895,
    2.8146448135375977,
    1.6067230701446533,
    3.387376546859741
  ],
  "potential_loss_T": [
    0,
    1,
    2,
    3,
    4,
    5,
    6,
    7,
    8,
    9,
    10,
    11,
    12,
    13,
    14,
    15,
    16,
    17,
    18,
    19
  ],
  "return_mean": [
    -1.25210440158844,
    -2.221421480178833,
    -1.6245522499084473,
    -1.8622530698776245,
    -1.7663683891296387,
    -1.6664639711380005,
    -1.8281358480453491,
    -1.9671398401260376,
    -1.717355489730835,
    -1.6174163818359375,
    -1.5906165838241577,
    -1.8245478868484497,
    -1.9470086097717285,
    -1.369260549545288,
    -0.9446207284927368,
    -1.5288753509521484,
    -1.7175815105438232,
    -2.1786818504333496,
    -1.5119301080703735,
    -1.952268123626709
  ],
  "return_mean_T": [
    0,
    1,
    2,
    3,
    4,
    5,
    6,
    7,
    8,
    9,
    10,
    11,
    12,
    13,
    14,
    15,
    16,
    17,
    18,
    19
  ]
}