{
  "actor_loss": [
    -0.04309706389904022,
    -0.04609927907586098,
    -0.025863664224743843,
    -0.017809780314564705,
    -0.025438755750656128,
    -0.041701216250658035,
    -0.017070556059479713,
    -0.014846857637166977,
    -0.031555768102407455,
    -0.043116770684719086,
    -0.01907305419445038,
    -0.021410228684544563,
    -0.019767142832279205,
    -0.013809850439429283,
    -0.05996905267238617,
    -0.048181407153606415,
    -0.022434471175074577,
    -0.03513263911008835,
    -0.0514720194041729,
    -0.0390477292239666
  ],
  "actor_loss_T": [
    0,
    1,
    2,
    3,
    4,
    5,
    6,
    7,
    8,
    9,
    10,
    11,
    12,
    13,
    14,
    15,
    16,
    17,
    18,
    19
  ],
  "critic_loss": [
    243.18301391601562,
    153.80697631835938,
    74.49908447265625,
    100.11165618896484,
    39.00621032714844,
    113.73025512695312,
    272.4527282714844,
    86.84680938720703,
    203.38697814941406,
    103.20233154296875,
    71.68064880371094,
    66.51687622070312,
    64.61331176757812,
    64.84529876708984,
    60.03229904174805,
    24.50433349609375,
    5.222964286804199,
    8.326969146728516,
    29.240068435668945,
    17.98785972595215
  ],
  "critic_loss_T": [
    0,
    1,
    2,
    3,
    4,
    5,
    6,
    7,
    8,
    9,
    10,
    11,
    12,
    13,
    14,
    15,
    16,
    17,
    18,
    19
  ],
  "entropy": [
    3.219853401184082,
    4.379870414733887,
    1.7806898355484009,
    0.701563835144043,
    4.491932392120361,
    3.3981246948242188,
    0.9802303314208984,
    0.7040484547615051,
    2.148221015930176,
    4.977982044219971,
    3.17867374420166,
    2.4536795616149902,
    -0.7663969993591309,
    2.070861339569092,
    4.862941741943359,
    4.459766387939453,
    1.8743964433670044,
    3.198715925216675,
    0.6385127902030945,
    4.5720744132995605
  ],
  "entropy_T": [
    0,
    1,
    2,
    3,
    4,
    5,
    6,
    7,
    8,
    9,
    10,
    11,
    12,
    13,
    14,
    15,
    16,
    17,
    18,
    19
  ],
  "episode": [
    0,
    1,
    2,
    3,
    4,
    5,
    6,
    7,
    8,
    9,
    10,
    11,
    12,
    13,
    14,
    15,
    16,
    17,
    18,
    19
  ],
  "episode_T": [
    0,
    1,
    2,
    3,
    4,
    5,
    6,
    7,
    8,
    9,
    10,
    11,
    12,
    13,
    14,
    15,
    16,
    17,
    18,
    19
  ],
  "episode_return": [
    -36.24951148033142,
    -28.750306963920593,
    -20.275747179985046,
    -23.6760174036026,
    -15.13552051782608,
    -25.391550183296204,
    -40.00348925590515,
    -24.03123414516449,
    -39.0038001537323,
    -31.31474757194519,
    -32.6161892414093,
    -45.513901233673096,
    -33.89831614494324,
    -26.71156394481659,
    -36.28275752067566,
    -23.764026999473572,
    -27.502527952194214,
    -24.223034024238586,
    -28.991834044456482,
    -19.605067133903503
  ],
  "episode_return_T": [
    0,
    1,
    2,
    3,
    4,
    5,
    6,
    7,
    8,
    9,
    10,
    11,
    12,
    13,
    14,
    15,
    16,
    17,
    18,
    19
  ],
  "potential_loss": [
    0.6484538316726685,
    3.1664252281188965,
    1.584323525428772,
    1.6221386194229126,
    0.7453271150588989,
    2.0137853622436523,
    0.9093575477600098,
    2.227806329727173,
    0.7247022390365601,
    2.153560161590576,
    3.8437657356262207,
    1.8802337646484375,
    1.6044502258300781,
    1.2627894878387451,
    0.8996762633323669,
    1.214423656463623,
    1.9259676933288574,
    2.3855581283569336,
    1.797802448272705,
    3.591998815536499
  ],
  "potential_loss_T": [
    0,
    1,
    2,
    3,
    4,
    5,
    6,
    7,
    8,
    9,
    10,
    11,
    12,
    13,
    14,
    15,
    16,
    17,
    18,
    19
  ],
  "return_mean": [
    -2.265594720840454,
    -1.7968940734863281,
    -1.2672340869903564,
    -1.4797511100769043,
    -0.9459699988365173,
    -1.5869718790054321,
    -2.500217914581299,
    -1.5019521713256836,
    -2.437737464904785,
    -1.9571716785430908,
    -2.0385119915008545,
    -2.844618797302246,
    -2.1186447143554688,
    -1.6694728136062622,
    -2.267672538757324,
    -1.4852519035339355,
    -1.7189080715179443,
    -1.513939619064331,
    -1.8119895458221436,
    -1.2253166437149048
  ],
  "return_mean_T": [
    0,
    1,
    2,
    3,
    4,
    5,
    6,
    7,
    8,
    9,
    10,
    11,
    12,
    13,
    14,
    15,
    16,
    17,
    18,
    19
  ]
}