actor_loss,algorithm,critic_loss,entropy,entropy_coef,episode,episode_collision_rate,episode_collisions,episode_return,episode_reward_collision,episode_reward_dist,episode_reward_energy,episode_reward_env,episode_reward_intent,episode_reward_safety,episode_reward_task,episode_reward_threat,episode_reward_time,episode_task_completion,eta,eval_collision_rate,eval_episode_collisions,eval_episode_return,eval_task_completion,potential_loss,return_mean
-0.00400015851482749,imappo,1.0217107956123073e-05,0.8325594067573547,0.001,0.0,,,,,,,,,,,,,,0.5,,,,,0.035909198224544525,9.665289690019563e-05
,imappo,,,,0.0,0.0,0.0,0.004832644946873188,0.0,0.0,0.0,0.0,0.004832644946873188,0.0,0.0,0.0,0.0,0.0,,,,,,,
-0.006095434073358774,imappo,2.2593469566345448e-06,0.8281533718109131,0.0009996998999666556,1.0,,,,,,,,,,,,,,0.49986662220740247,,,,,0.037769608199596405,0.00010035606101155281
,imappo,,,,1.0,0.0,0.0,0.005017802581278374,0.0,0.0,0.0,0.0,0.005017802581278374,0.0,0.0,0.0,0.0,0.0,,,,,,,
-0.008778768591582775,imappo,1.2660785614571068e-05,0.8273695111274719,0.0009993997999333112,2.0,,,,,,,,,,,,,,0.49973324441480493,,,,,0.04199018329381943,0.00011377185001038015
,imappo,,,,2.0,0.0,0.0,0.005688592282240279,0.0,0.0,0.0,0.0,0.005688592282240279,0.0,0.0,0.0,0.0,0.0,,,,,,,
-0.0047766175121068954,imappo,7.173262588366924e-07,0.8271350264549255,0.0009990996998999666,3.0,,,,,,,,,,,,,,0.4995998666222074,,,,,0.037471089512109756,0.00010183812992181629
,imappo,,,,3.0,0.0,0.0,0.00509190669254167,0.0,0.0,0.0,0.0,0.00509190669254167,0.0,0.0,0.0,0.0,0.0,,,,,,,
-0.0018330824095755816,imappo,3.5342889077583095e-06,0.8242705464363098,0.0009987995998666222,4.0,,,,,,,,,,,,,,0.49946648882960987,,,,,0.03442859649658203,9.091829997487366e-05
,imappo,,,,4.0,0.0,0.0,0.0045459149914677255,0.0,0.0,0.0,0.0,0.0045459149914677255,0.0,0.0,0.0,0.0,0.0,,,,,,,
-0.0024493143428117037,imappo,1.416942154719436e-06,0.8219587802886963,0.0009984994998332778,5.0,,,,,,,,,,,,,,0.49933311103701233,,,,,0.03924258053302765,0.00010331671364838257
,imappo,,,,5.0,0.0,0.0,0.005165835827938281,0.0,0.0,0.0,0.0,0.005165835827938281,0.0,0.0,0.0,0.0,0.0,,,,,,,
-0.00454646535217762,imappo,8.351399287676031e-07,0.8212246298789978,0.0009981993997999334,6.0,,,,,,,,,,,,,,0.4991997332444148,,,,,0.030538100749254227,7.398798334179446e-05
,imappo,,,,6.0,0.0,0.0,0.0036993993307987694,0.0,0.0,0.0,0.0,0.0036993993307987694,0.0,0.0,0.0,0.0,0.0,,,,,,,
-0.007514250464737415,imappo,8.365245918184883e-08,0.8225646615028381,0.000997899299766589,7.0,,,,,,,,,,,,,,0.49906635545181727,,,,,0.031561337411403656,7.722863665549085e-05
,imappo,,,,7.0,0.0,0.0,0.0038614313780271914,0.0,0.0,0.0,0.0,0.0038614313780271914,0.0,0.0,0.0,0.0,0.0,,,,,,,
-0.01003798097372055,imappo,1.8299714099612174e-07,0.8230375051498413,0.0009975991997332445,8.0,,,,,,,,,,,,,,0.49893297765921973,,,,,0.03495887294411659,8.451826579403132e-05
,imappo,,,,8.0,0.0,0.0,0.004225913449772634,0.0,0.0,0.0,0.0,0.004225913449772634,0.0,0.0,0.0,0.0,0.0,,,,,,,
-0.007837030105292797,imappo,1.8444495708536124e-07,0.821972131729126,0.0009972990996999,9.0,,,,,,,,,,,,,,0.4987995998666222,,,,,0.03426387161016464,8.994387462735176e-05
,imappo,,,,9.0,0.0,0.0,0.004497193720453652,0.0,0.0,0.0,0.0,0.004497193720453652,0.0,0.0,0.0,0.0,0.0,,,,,,,
-0.009937634691596031,imappo,2.0621985186153324e-07,0.8225488066673279,0.0009969989996665555,10.0,,,,,,,,,,,,,,0.49866622207402467,,,,,0.031476669013500214,7.93528524809517e-05
,imappo,,,,10.0,0.0,0.0,0.003967643031501211,0.0,0.0,0.0,0.0,0.003967643031501211,0.0,0.0,0.0,0.0,0.0,,,,,,,
-0.004089276306331158,imappo,9.250048549347412e-08,0.823584794998169,0.000996698899633211,11.0,,,,,,,,,,,,,,0.49853284428142713,,,,,0.03206946700811386,8.47228366183117e-05
,imappo,,,,11.0,0.0,0.0,0.004236141980072716,0.0,0.0,0.0,0.0,0.004236141980072716,0.0,0.0,0.0,0.0,0.0,,,,,,,
-0.011546298861503601,imappo,6.70425137627717e-08,0.82443767786026,0.0009963987995998667,12.0,,,,,,,,,,,,,,0.4983994664888296,,,,,0.029495719820261,8.199862350011244e-05
,imappo,,,,12.0,0.0,0.0,0.004099930922166095,0.0,0.0,0.0,0.0,0.004099930922166095,0.0,0.0,0.0,0.0,0.0,,,,,,,
-0.004123247228562832,imappo,4.371265305280758e-08,0.8191744089126587,0.0009960986995665223,13.0,,,,,,,,,,,,,,0.49826608869623207,,,,,0.029136504977941513,8.196034468710423e-05
,imappo,,,,13.0,0.0,0.0,0.004098017107025953,0.0,0.0,0.0,0.0,0.004098017107025953,0.0,0.0,0.0,0.0,0.0,,,,,,,
-0.0024952422827482224,imappo,1.4172514717358808e-08,0.8130930662155151,0.0009957985995331777,14.0,,,,,,,,,,,,,,0.49813271090363453,,,,,0.02967764064669609,7.824722706573084e-05
,imappo,,,,14.0,0.0,0.0,0.003912361538823461,0.0,0.0,0.0,0.0,0.003912361538823461,0.0,0.0,0.0,0.0,0.0,,,,,,,
-0.005031255539506674,imappo,3.120723590654961e-08,0.8028150200843811,0.0009954984994998332,15.0,,,,,,,,,,,,,,0.497999333111037,,,,,0.03217446058988571,8.376886398764327e-05
,imappo,,,,15.0,0.0,0.0,0.004188443115708651,0.0,0.0,0.0,0.0,0.004188443115708651,0.0,0.0,0.0,0.0,0.0,,,,,,,
-0.004395632538944483,imappo,9.689285462854969e-08,0.7941722869873047,0.0009951983994664888,16.0,,,,,,,,,,,,,,0.49786595531843947,,,,,0.02742370218038559,7.399488822557032e-05
,imappo,,,,16.0,0.0,0.0,0.0036997445349697955,0.0,0.0,0.0,0.0,0.0036997445349697955,0.0,0.0,0.0,0.0,0.0,,,,,,,
-0.008143126033246517,imappo,1.6349032350149173e-08,0.7909440398216248,0.0009948982994331444,17.0,,,,,,,,,,,,,,0.49773257752584193,,,,,0.025547059252858162,6.465180194936693e-05
,imappo,,,,17.0,0.0,0.0,0.0032325899173883954,0.0,0.0,0.0,0.0,0.0032325899173883954,0.0,0.0,0.0,0.0,0.0,,,,,,,
-0.014040489681065083,imappo,5.173515660317207e-08,0.7817322015762329,0.0009945981993998,18.0,,,,,,,,,,,,,,0.4975991997332444,,,,,0.030789263546466827,7.706914766458794e-05
,imappo,,,,18.0,0.0,0.0,0.003853457106743008,0.0,0.0,0.0,0.0,0.003853457106743008,0.0,0.0,0.0,0.0,0.0,,,,,,,
-0.0007202848209999502,imappo,4.4074930372062227e-08,0.781676173210144,0.0009942980993664554,19.0,,,,,,,,,,,,,,0.49746582194064687,,,,,0.02273046225309372,6.171110726427287e-05
,imappo,,,,19.0,0.0,0.0,0.003085555519646732,0.0,0.0,0.0,0.0,0.003085555519646732,0.0,0.0,0.0,0.0,0.0,,,,,,,
-0.006219731643795967,imappo,9.747180484964701e-08,0.7709566950798035,0.000993997999333111,20.0,,,,,,,,,,,,,,0.49733244414804934,,,,,0.036713678389787674,9.697449422674254e-05
,imappo,,,,20.0,0.0,0.0,0.004848725198826287,0.0,0.0,0.0,0.0,0.004848725198826287,0.0,0.0,0.0,0.0,0.0,,,,,,,
-0.004042362794280052,imappo,3.703541651134401e-08,0.7589245438575745,0.0009936978992997666,21.0,,,,,,,,,,,,,,0.4971990663554518,,,,,0.030745001509785652,7.930096035124734e-05
,imappo,,,,21.0,0.0,0.0,0.003965048108511837,0.0,0.0,0.0,0.0,0.003965048108511837,0.0,0.0,0.0,0.0,0.0,,,,,,,
-0.009882394224405289,imappo,2.723258418768637e-08,0.7556078433990479,0.0009933977992664222,22.0,,,,,,,,,,,,,,0.49706568856285427,,,,,0.03664865344762802,8.616645209258422e-05
,imappo,,,,22.0,0.0,0.0,0.004308322782890173,0.0,0.0,0.0,0.0,0.004308322782890173,0.0,0.0,0.0,0.0,0.0,,,,,,,
-0.013092061504721642,imappo,1.8929027234548812e-08,0.7469208836555481,0.0009930976992330778,23.0,,,,,,,,,,,,,,0.49693231077025674,,,,,0.03275011479854584,7.962572999531403e-05
,imappo,,,,23.0,0.0,0.0,0.003981286639827886,0.0,0.0,0.0,0.0,0.003981286639827886,0.0,0.0,0.0,0.0,0.0,,,,,,,
-0.002375079784542322,imappo,1.0434893837896198e-08,0.7526500225067139,0.0009927975991997334,24.0,,,,,,,,,,,,,,0.4967989329776592,,,,,0.032819896936416626,8.450299355899915e-05
,imappo,,,,24.0,0.0,0.0,0.004225149899866665,0.0,0.0,0.0,0.0,0.004225149899866665,0.0,0.0,0.0,0.0,0.0,,,,,,,
-0.004181852098554373,imappo,1.2717859654287622e-08,0.7438915967941284,0.0009924974991663887,25.0,,,,,,,,,,,,,,0.49666555518506167,,,,,0.02972450852394104,7.379798626061529e-05
,imappo,,,,25.0,0.0,0.0,0.0036898992038914002,0.0,0.0,0.0,0.0,0.0036898992038914002,0.0,0.0,0.0,0.0,0.0,,,,,,,
-0.0053336224518716335,imappo,1.5309693068843444e-08,0.764995276927948,0.0009921973991330443,26.0,,,,,,,,,,,,,,0.49653217739246414,,,,,0.032980047166347504,8.28640695544891e-05
,imappo,,,,26.0,0.0,0.0,0.004143203273997642,0.0,0.0,0.0,0.0,0.004143203273997642,0.0,0.0,0.0,0.0,0.0,,,,,,,
-0.0011795773170888424,imappo,1.635653923415248e-08,0.7586948275566101,0.0009918972990997,27.0,,,,,,,,,,,,,,0.4963987995998666,,,,,0.0320664644241333,8.232166146626696e-05
,imappo,,,,27.0,0.0,0.0,0.004116082833206747,0.0,0.0,0.0,0.0,0.004116082833206747,0.0,0.0,0.0,0.0,0.0,,,,,,,
-0.0019374226685613394,imappo,2.118706987630503e-08,0.7667644619941711,0.0009915971990663555,28.0,,,,,,,,,,,,,,0.49626542180726907,,,,,0.030324365943670273,7.770441879983991e-05
,imappo,,,,28.0,0.0,0.0,0.003885220954543911,0.0,0.0,0.0,0.0,0.003885220954543911,0.0,0.0,0.0,0.0,0.0,,,,,,,
-0.0066601294092834,imappo,3.3992453296605163e-09,0.7621416449546814,0.000991297099033011,29.0,,,,,,,,,,,,,,0.49613204401467154,,,,,0.029498467221856117,7.579622615594417e-05
,imappo,,,,29.0,0.0,0.0,0.0037898113951087,0.0,0.0,0.0,0.0,0.0037898113951087,0.0,0.0,0.0,0.0,0.0,,,,,,,
3.0961178708821535e-05,imappo,1.658071191457111e-08,0.760156512260437,0.0009909969989996665,30.0,,,,,,,,,,,,,,0.495998666222074,,,,,0.033306971192359924,8.455733041046187e-05
,imappo,,,,30.0,0.0,0.0,0.004227866327710217,0.0,0.0,0.0,0.0,0.004227866327710217,0.0,0.0,0.0,0.0,0.0,,,,,,,
-0.001626460812985897,imappo,5.529925672931313e-08,0.7644557952880859,0.000990696898966322,31.0,,,,,,,,,,,,,,0.49586528842947647,,,,,0.02584189549088478,6.576902524102479e-05
,imappo,,,,31.0,0.0,0.0,0.0032884512220334727,0.0,0.0,0.0,0.0,0.0032884512220334727,0.0,0.0,0.0,0.0,0.0,,,,,,,
-0.010806523263454437,imappo,2.1991068521742818e-08,0.7626571655273438,0.0009903967989329777,32.0,,,,,,,,,,,,,,0.49573191063687894,,,,,0.026114225387573242,6.597262108698487e-05
,imappo,,,,32.0,0.0,0.0,0.0032986310725391377,0.0,0.0,0.0,0.0,0.0032986310725391377,0.0,0.0,0.0,0.0,0.0,,,,,,,
-0.005850454792380333,imappo,8.22960828372743e-08,0.7544733881950378,0.0009900966988996333,33.0,,,,,,,,,,,,,,0.4955985328442814,,,,,0.03634811192750931,9.524049528408796e-05
,imappo,,,,33.0,0.0,0.0,0.004762024720548652,0.0,0.0,0.0,0.0,0.004762024720548652,0.0,0.0,0.0,0.0,0.0,,,,,,,
-0.00553443469107151,imappo,7.446462113591679e-09,0.7551091313362122,0.0009897965988662888,34.0,,,,,,,,,,,,,,0.49546515505168387,,,,,0.03073025867342949,7.748853386146948e-05
,imappo,,,,34.0,0.0,0.0,0.0038744267803849652,0.0,0.0,0.0,0.0,0.0038744267803849652,0.0,0.0,0.0,0.0,0.0,,,,,,,
-0.007333155255764723,imappo,1.1237696995181068e-08,0.7449389100074768,0.0009894964988329444,35.0,,,,,,,,,,,,,,0.49533177725908634,,,,,0.036221276968717575,8.862167305778712e-05
,imappo,,,,35.0,0.0,0.0,0.004431083703821059,0.0,0.0,0.0,0.0,0.004431083703821059,0.0,0.0,0.0,0.0,0.0,,,,,,,
-0.01019047386944294,imappo,8.458656886034532e-09,0.7313781976699829,0.0009891963987995998,36.0,,,,,,,,,,,,,,0.4951983994664888,,,,,0.02458699233829975,6.106473301770166e-05
,imappo,,,,36.0,0.0,0.0,0.003053236479900079,0.0,0.0,0.0,0.0,0.003053236479900079,0.0,0.0,0.0,0.0,0.0,,,,,,,
-0.0013157937210053205,imappo,9.365558106821936e-09,0.7254475951194763,0.0009888962987662554,37.0,,,,,,,,,,,,,,0.49506502167389127,,,,,0.0308860931545496,7.550316513516009e-05
,imappo,,,,37.0,0.0,0.0,0.0037751583658973686,0.0,0.0,0.0,0.0,0.0037751583658973686,0.0,0.0,0.0,0.0,0.0,,,,,,,
-0.0024284732062369585,imappo,8.331977774389543e-09,0.7107651829719543,0.000988596198732911,38.0,,,,,,,,,,,,,,0.49493164388129374,,,,,0.03593791276216507,8.80170046002604e-05
,imappo,,,,38.0,0.0,0.0,0.00440084995716461,0.0,0.0,0.0,0.0,0.00440084995716461,0.0,0.0,0.0,0.0,0.0,,,,,,,
-0.002508491976186633,imappo,6.9583796502570294e-09,0.7163484692573547,0.0009882960986995666,39.0,,,,,,,,,,,,,,0.49479826608869626,,,,,0.031495820730924606,8.096686360659078e-05
,imappo,,,,39.0,0.0,0.0,0.0040483428856532555,0.0,0.0,0.0,0.0,0.0040483428856532555,0.0,0.0,0.0,0.0,0.0,,,,,,,
-0.00470831710845232,imappo,2.3392761505647286e-08,0.7081364393234253,0.0009879959986662222,40.0,,,,,,,,,,,,,,0.4946648882960987,,,,,0.03354395925998688,8.710368274478242e-05
,imappo,,,,40.0,0.0,0.0,0.004355183951702202,0.0,0.0,0.0,0.0,0.004355183951702202,0.0,0.0,0.0,0.0,0.0,,,,,,,
-0.0030593513511121273,imappo,1.4457371300125033e-08,0.7176764011383057,0.0009876958986328776,41.0,,,,,,,,,,,,,,0.4945315105035012,,,,,0.033467769622802734,8.622613677289337e-05
,imappo,,,,41.0,0.0,0.0,0.004311306754971156,0.0,0.0,0.0,0.0,0.004311306754971156,0.0,0.0,0.0,0.0,0.0,,,,,,,
-0.003048862563446164,imappo,9.326215177907216e-08,0.7021562457084656,0.0009873957985995331,42.0,,,,,,,,,,,,,,0.49439813271090366,,,,,0.030512146651744843,7.389242091448978e-05
,imappo,,,,42.0,0.0,0.0,0.003694621393151465,0.0,0.0,0.0,0.0,0.003694621393151465,0.0,0.0,0.0,0.0,0.0,,,,,,,
-0.003884849138557911,imappo,8.245442728593844e-08,0.6993282437324524,0.0009870956985661887,43.0,,,,,,,,,,,,,,0.4942647549183061,,,,,0.03184542804956436,8.22207803139463e-05
,imappo,,,,43.0,0.0,0.0,0.004111038935661782,0.0,0.0,0.0,0.0,0.004111038935661782,0.0,0.0,0.0,0.0,0.0,,,,,,,
-0.014855878427624702,imappo,1.0001085826161216e-07,0.6880619525909424,0.0009867955985328443,44.0,,,,,,,,,,,,,,0.4941313771257086,,,,,0.030353177338838577,6.738647061865777e-05
,imappo,,,,44.0,0.0,0.0,0.0033693233563099056,0.0,0.0,0.0,0.0,0.0033693233563099056,0.0,0.0,0.0,0.0,0.0,,,,,,,
-0.002139392774552107,imappo,7.069095975253958e-09,0.690165102481842,0.0009864954984995,45.0,,,,,,,,,,,,,,0.49399799933311106,,,,,0.0323588065803051,7.968841237016022e-05
,imappo,,,,45.0,0.0,0.0,0.003984420509368647,0.0,0.0,0.0,0.0,0.003984420509368647,0.0,0.0,0.0,0.0,0.0,,,,,,,
-0.011320548132061958,imappo,2.192854076099593e-08,0.674090564250946,0.0009861953984661555,46.0,,,,,,,,,,,,,,0.4938646215405135,,,,,0.02933170273900032,7.488191477023065e-05
,imappo,,,,46.0,0.0,0.0,0.003744095469301101,0.0,0.0,0.0,0.0,0.003744095469301101,0.0,0.0,0.0,0.0,0.0,,,,,,,
-0.00458547193557024,imappo,7.056842576957933e-08,0.6551026701927185,0.0009858952984328109,47.0,,,,,,,,,,,,,,0.493731243747916,,,,,0.029477998614311218,7.805415953043848e-05
,imappo,,,,47.0,0.0,0.0,0.0039027080601954367,0.0,0.0,0.0,0.0,0.0039027080601954367,0.0,0.0,0.0,0.0,0.0,,,,,,,
-0.001185741974040866,imappo,2.1391980453699944e-07,0.6548759341239929,0.0009855951983994665,48.0,,,,,,,,,,,,,,0.49359786595531846,,,,,0.032300915569067,5.2984938520239666e-05
,imappo,,,,48.0,0.0,0.0,0.0026492471354231384,0.0,0.0,0.0,0.0,0.0026492471354231384,0.0,0.0,0.0,0.0,0.0,,,,,,,
-0.006789930164813995,imappo,9.443347721571627e-07,0.6094680428504944,0.000985295098366122,49.0,,,,,,,,,,,,,,0.4934644881627209,,,,,0.029357898980379105,7.210380863398314e-05
,imappo,,,,49.0,0.0,0.0,0.0036051906099601183,0.0,0.0,0.0,0.0,0.0036051906099601183,0.0,0.0,0.0,0.0,0.0,,,,,,,
-0.006288895383477211,imappo,2.1437676878122147e-06,0.6262201070785522,0.0009849949983327777,50.0,,,,,,,,,,,,,,0.4933311103701234,,,,,0.030231889337301254,7.257689139805734e-05
,imappo,,,,50.0,0.0,0.0,0.003628844420745736,0.0,0.0,0.0,0.0,0.003628844420745736,0.0,0.0,0.0,0.0,0.0,,,,,,,
0.00021783728152513504,imappo,1.4602055671275593e-06,0.6170693635940552,0.0009846948982994333,51.0,,,,,,,,,,,,,,0.49319773257752586,,,,,0.026199035346508026,7.258464029291645e-05
,imappo,,,,51.0,0.0,0.0,0.0036292322274675826,0.0,0.0,0.0,0.0,0.0036292322274675826,0.0,0.0,0.0,0.0,0.0,,,,,,,
-0.0020380637142807245,imappo,4.5542893190031464e-07,0.6425723433494568,0.0009843947982660886,52.0,,,,,,,,,,,,,,0.4930643547849283,,,,,0.03232167661190033,7.987194112502038e-05
,imappo,,,,52.0,0.0,0.0,0.003993596747022821,0.0,0.0,0.0,0.0,0.003993596747022821,0.0,0.0,0.0,0.0,0.0,,,,,,,
-0.008537872694432735,imappo,5.006126357898211e-08,0.6263939142227173,0.0009840946982327442,53.0,,,,,,,,,,,,,,0.4929309769923308,,,,,0.03258458524942398,6.446316547226161e-05
,imappo,,,,53.0,0.0,0.0,0.003223158283617522,0.0,0.0,0.0,0.0,0.003223158283617522,0.0,0.0,0.0,0.0,0.0,,,,,,,
-0.007387757301330566,imappo,3.0710562981539624e-08,0.6501767635345459,0.0009837945981993998,54.0,,,,,,,,,,,,,,0.49279759919973326,,,,,0.03488858416676521,6.661971565335989e-05
,imappo,,,,54.0,0.0,0.0,0.0033309856930827664,0.0,0.0,0.0,0.0,0.0033309856930827664,0.0,0.0,0.0,0.0,0.0,,,,,,,
0.0010520184878259897,imappo,8.179227961591096e-08,0.6147205829620361,0.0009834944981660554,55.0,,,,,,,,,,,,,,0.4926642214071357,,,,,0.026474513113498688,7.723467570031062e-05
,imappo,,,,55.0,0.0,0.0,0.0038617336576862726,0.0,0.0,0.0,0.0,0.0038617336576862726,0.0,0.0,0.0,0.0,0.0,,,,,,,
0.0016515173483639956,imappo,1.588122167106576e-08,0.6454864144325256,0.000983194398132711,56.0,,,,,,,,,,,,,,0.4925308436145382,,,,,0.034267887473106384,5.6859491451177746e-05
,imappo,,,,56.0,0.0,0.0,0.0028429744379536714,0.0,0.0,0.0,0.0,0.0028429744379536714,0.0,0.0,0.0,0.0,0.0,,,,,,,
-0.001821872778236866,imappo,8.826418707030825e-08,0.6351513862609863,0.0009828942980993664,57.0,,,,,,,,,,,,,,0.49239746582194066,,,,,0.032296616584062576,5.8139528846368194e-05
,imappo,,,,57.0,0.0,0.0,0.0029069762022118084,0.0,0.0,0.0,0.0,0.0029069762022118084,0.0,0.0,0.0,0.0,0.0,,,,,,,
-0.004616011865437031,imappo,4.343152326669042e-08,0.6629683375358582,0.000982594198066022,58.0,,,,,,,,,,,,,,0.4922640880293431,,,,,0.03361453115940094,7.70605547586456e-05
,imappo,,,,58.0,0.0,0.0,0.0038530275305674877,0.0,0.0,0.0,0.0,0.0038530275305674877,0.0,0.0,0.0,0.0,0.0,,,,,,,
0.0008065373986028135,imappo,2.4537206044783488e-08,0.6203346252441406,0.0009822940980326776,59.0,,,,,,,,,,,,,,0.4921307102367456,,,,,0.03249334543943405,5.674794010701589e-05
,imappo,,,,59.0,0.0,0.0,0.002837396715676732,0.0,0.0,0.0,0.0,0.002837396715676732,0.0,0.0,0.0,0.0,0.0,,,,,,,
-0.0032205688767135143,imappo,3.6707760386889277e-07,0.5932656526565552,0.0009819939979993331,60.0,,,,,,,,,,,,,,0.49199733244414806,,,,,0.027661005035042763,7.09098603692837e-05
,imappo,,,,60.0,0.0,0.0,0.003545493345882278,0.0,0.0,0.0,0.0,0.003545493345882278,0.0,0.0,0.0,0.0,0.0,,,,,,,
-0.006010311655700207,imappo,4.293967492685624e-07,0.577923595905304,0.0009816938979659887,61.0,,,,,,,,,,,,,,0.49186395465155053,,,,,0.02601662464439869,7.774054392939433e-05
,imappo,,,,61.0,0.0,0.0,0.003887027036398649,0.0,0.0,0.0,0.0,0.003887027036398649,0.0,0.0,0.0,0.0,0.0,,,,,,,
-0.0055912332609295845,imappo,1.9982877574875602e-07,0.6338186860084534,0.0009813937979326443,62.0,,,,,,,,,,,,,,0.491730576858953,,,,,0.02848151884973049,7.532534073106945e-05
,imappo,,,,62.0,0.0,0.0,0.003766266774618998,0.0,0.0,0.0,0.0,0.003766266774618998,0.0,0.0,0.0,0.0,0.0,,,,,,,
-0.0026893888134509325,imappo,6.275252673049181e-08,0.5614851713180542,0.0009810936978992997,63.0,,,,,,,,,,,,,,0.49159719906635546,,,,,0.027046704664826393,6.572799611603841e-05
,imappo,,,,63.0,0.0,0.0,0.0032863996020751074,0.0,0.0,0.0,0.0,0.0032863996020751074,0.0,0.0,0.0,0.0,0.0,,,,,,,
-0.00412419019266963,imappo,1.019061173224145e-07,0.5687547922134399,0.0009807935978659553,64.0,,,,,,,,,,,,,,0.49146382127375793,,,,,0.03280806541442871,5.672863335348666e-05
,imappo,,,,64.0,0.0,0.0,0.0028364316713123117,0.0,0.0,0.0,0.0,0.0028364316713123117,0.0,0.0,0.0,0.0,0.0,,,,,,,
-0.0033853333443403244,imappo,1.38290502604832e-07,0.6056861281394958,0.0009804934978326109,65.0,,,,,,,,,,,,,,0.4913304434811604,,,,,0.03357132524251938,6.22096995357424e-05
,imappo,,,,65.0,0.0,0.0,0.003110485187789891,0.0,0.0,0.0,0.0,0.003110485187789891,0.0,0.0,0.0,0.0,0.0,,,,,,,
-0.004259111825376749,imappo,3.1057837190928694e-07,0.5938037037849426,0.0009801933977992665,66.0,,,,,,,,,,,,,,0.49119706568856286,,,,,0.03279595822095871,5.277168020256795e-05
,imappo,,,,66.0,0.0,0.0,0.0026385839792055776,0.0,0.0,0.0,0.0,0.0026385839792055776,0.0,0.0,0.0,0.0,0.0,,,,,,,
-0.0016781415324658155,imappo,9.483051144343335e-07,0.6107770800590515,0.000979893297765922,67.0,,,,,,,,,,,,,,0.49106368789596533,,,,,0.02854454144835472,6.914375262567773e-05
,imappo,,,,67.0,0.0,0.0,0.0034571873729873914,0.0,0.0,0.0,0.0,0.0034571873729873914,0.0,0.0,0.0,0.0,0.0,,,,,,,
-0.004515772685408592,imappo,1.168095423054183e-06,0.5968986749649048,0.0009795931977325774,68.0,,,,,,,,,,,,,,0.4909303101033678,,,,,0.035122595727443695,8.12707221484743e-05
,imappo,,,,68.0,0.0,0.0,0.00406353584912722,0.0,0.0,0.0,0.0,0.00406353584912722,0.0,0.0,0.0,0.0,0.0,,,,,,,
-0.007585125043988228,imappo,7.659480161237298e-07,0.6284937262535095,0.000979293097699233,69.0,,,,,,,,,,,,,,0.49079693231077026,,,,,0.036564722657203674,9.140300244325772e-05
,imappo,,,,69.0,0.0,0.0,0.00457015020219842,0.0,0.0,0.0,0.0,0.00457015020219842,0.0,0.0,0.0,0.0,0.0,,,,,,,
0.0052591911517083645,imappo,1.0012683304694292e-07,0.6182089447975159,0.0009789929976658886,70.0,,,,,,,,,,,,,,0.49066355451817273,,,,,0.03467828035354614,6.168612162582576e-05
,imappo,,,,70.0,0.0,0.0,0.0030843060594634153,0.0,0.0,0.0,0.0,0.0030843060594634153,0.0,0.0,0.0,0.0,0.0,,,,,,,
-0.006170317996293306,imappo,2.706857742396096e-07,0.6088206768035889,0.0009786928976325442,71.0,,,,,,,,,,,,,,0.4905301767255752,,,,,0.032102376222610474,8.337343024322763e-05
,imappo,,,,71.0,0.0,0.0,0.0041686714757815935,0.0,0.0,0.0,0.0,0.0041686714757815935,0.0,0.0,0.0,0.0,0.0,,,,,,,
-0.007668494712561369,imappo,1.4930702718629618e-07,0.6165124773979187,0.0009783927975991998,72.0,,,,,,,,,,,,,,0.49039679893297766,,,,,0.03395678848028183,7.967246347106993e-05
,imappo,,,,72.0,0.0,0.0,0.003983623442763928,0.0,0.0,0.0,0.0,0.003983623442763928,0.0,0.0,0.0,0.0,0.0,,,,,,,
-0.003605638397857547,imappo,2.3920190983517386e-07,0.6314659118652344,0.0009780926975658554,73.0,,,,,,,,,,,,,,0.49026342114038013,,,,,0.03272980824112892,8.20487184682861e-05
,imappo,,,,73.0,0.0,0.0,0.004102435996173881,0.0,0.0,0.0,0.0,0.004102435996173881,0.0,0.0,0.0,0.0,0.0,,,,,,,
-0.0016220652032643557,imappo,5.976730221846083e-08,0.6288908123970032,0.0009777925975325108,74.0,,,,,,,,,,,,,,0.4901300433477826,,,,,0.02988409623503685,6.130230758571997e-05
,imappo,,,,74.0,0.0,0.0,0.003065115610297653,0.0,0.0,0.0,0.0,0.003065115610297653,0.0,0.0,0.0,0.0,0.0,,,,,,,
-0.006654858123511076,imappo,9.69650315596482e-08,0.6380669474601746,0.0009774924974991664,75.0,,,,,,,,,,,,,,0.48999666555518506,,,,,0.028868842869997025,7.778172584949061e-05
,imappo,,,,75.0,0.0,0.0,0.0038890858086233493,0.0,0.0,0.0,0.0,0.0038890858086233493,0.0,0.0,0.0,0.0,0.0,,,,,,,
-0.00910167396068573,imappo,4.593954372467124e-07,0.6375004649162292,0.000977192397465822,76.0,,,,,,,,,,,,,,0.48986328776258753,,,,,0.03068448416888714,8.141426951624453e-05
,imappo,,,,76.0,0.0,0.0,0.004070713424880523,0.0,0.0,0.0,0.0,0.004070713424880523,0.0,0.0,0.0,0.0,0.0,,,,,,,
-0.005081528332084417,imappo,1.008280605674372e-06,0.6612134575843811,0.0009768922974324776,77.0,,,,,,,,,,,,,,0.48972990996999,,,,,0.030209606513381004,6.943714834051207e-05
,imappo,,,,77.0,0.0,0.0,0.003471857329714112,0.0,0.0,0.0,0.0,0.003471857329714112,0.0,0.0,0.0,0.0,0.0,,,,,,,
0.0018608863465487957,imappo,1.2220692724440596e-06,0.6254644989967346,0.0009765921973991331,78.0,,,,,,,,,,,,,,0.48959653217739246,,,,,0.0296926349401474,7.499889761675149e-05
,imappo,,,,78.0,0.0,0.0,0.00374994458979927,0.0,0.0,0.0,0.0,0.00374994458979927,0.0,0.0,0.0,0.0,0.0,,,,,,,
0.0010349068325012922,imappo,2.519235067666159e-06,0.6611953377723694,0.0009762920973657886,79.0,,,,,,,,,,,,,,0.48946315438479493,,,,,0.03245280683040619,6.690403824904934e-05
,imappo,,,,79.0,0.0,0.0,0.003345201930642361,0.0,0.0,0.0,0.0,0.003345201930642361,0.0,0.0,0.0,0.0,0.0,,,,,,,
-0.010039811953902245,imappo,7.024884780548746e-07,0.6765980124473572,0.0009759919973324441,80.0,,,,,,,,,,,,,,0.4893297765921974,,,,,0.03152282163500786,6.909539661137387e-05
,imappo,,,,80.0,0.0,0.0,0.0034547697941889055,0.0,0.0,0.0,0.0,0.0034547697941889055,0.0,0.0,0.0,0.0,0.0,,,,,,,
0.007469542790204287,imappo,2.140808419426321e-08,0.6180872917175293,0.0009756918972990997,81.0,,,,,,,,,,,,,,0.48919639879959986,,,,,0.03376615792512894,7.480284693883732e-05
,imappo,,,,81.0,0.0,0.0,0.003740142328751972,0.0,0.0,0.0,0.0,0.003740142328751972,0.0,0.0,0.0,0.0,0.0,,,,,,,
-0.0032712528482079506,imappo,2.3103781998656814e-08,0.6565214991569519,0.0009753917972657553,82.0,,,,,,,,,,,,,,0.48906302100700233,,,,,0.03198728710412979,7.132551399990916e-05
,imappo,,,,82.0,0.0,0.0,0.0035662756563397124,0.0,0.0,0.0,0.0,0.0035662756563397124,0.0,0.0,0.0,0.0,0.0,,,,,,,
-0.005521285813301802,imappo,2.1660028437509027e-08,0.6484909653663635,0.0009750916972324108,83.0,,,,,,,,,,,,,,0.4889296432144048,,,,,0.027966909110546112,6.807591125834733e-05
,imappo,,,,83.0,0.0,0.0,0.0034037957702821586,0.0,0.0,0.0,0.0,0.0034037957702821586,0.0,0.0,0.0,0.0,0.0,,,,,,,
-0.0050813197158277035,imappo,1.4443737761382636e-08,0.6738032102584839,0.0009747915971990664,84.0,,,,,,,,,,,,,,0.48879626542180726,,,,,0.03504197672009468,7.925173849798739e-05
,imappo,,,,84.0,0.0,0.0,0.003962587099522352,0.0,0.0,0.0,0.0,0.003962587099522352,0.0,0.0,0.0,0.0,0.0,,,,,,,
-0.008652557618916035,imappo,1.0369412883903806e-08,0.6818764805793762,0.000974491497165722,85.0,,,,,,,,,,,,,,0.48866288762920973,,,,,0.029741592705249786,6.741750257788226e-05
,imappo,,,,85.0,0.0,0.0,0.0033708748887875117,0.0,0.0,0.0,0.0,0.0033708748887875117,0.0,0.0,0.0,0.0,0.0,,,,,,,
-0.0007542379316873848,imappo,1.49576049324196e-08,0.6546574831008911,0.0009741913971323774,86.0,,,,,,,,,,,,,,0.4885295098366122,,,,,0.030445557087659836,7.5486495916266e-05
,imappo,,,,86.0,0.0,0.0,0.003774324657570105,0.0,0.0,0.0,0.0,0.003774324657570105,0.0,0.0,0.0,0.0,0.0,,,,,,,
-0.007797509431838989,imappo,2.1406762584774697e-08,0.6792879700660706,0.000973891297099033,87.0,,,,,,,,,,,,,,0.48839613204401466,,,,,0.03516834229230881,8.031705510802567e-05
,imappo,,,,87.0,0.0,0.0,0.004015852617158089,0.0,0.0,0.0,0.0,0.004015852617158089,0.0,0.0,0.0,0.0,0.0,,,,,,,
-0.006284928880631924,imappo,9.53686019045108e-09,0.6854634881019592,0.0009735911970656886,88.0,,,,,,,,,,,,,,0.48826275425141713,,,,,0.027729563415050507,7.497819751733914e-05
,imappo,,,,88.0,0.0,0.0,0.003748909650312271,0.0,0.0,0.0,0.0,0.003748909650312271,0.0,0.0,0.0,0.0,0.0,,,,,,,
-0.0054687876254320145,imappo,2.045278080231583e-08,0.6752497553825378,0.0009732910970323441,89.0,,,,,,,,,,,,,,0.4881293764588196,,,,,0.02781105414032936,7.229864422697574e-05
,imappo,,,,89.0,0.0,0.0,0.0036149320658296347,0.0,0.0,0.0,0.0,0.0036149320658296347,0.0,0.0,0.0,0.0,0.0,,,,,,,
-0.0035035540349781513,imappo,2.5223528155038366e-08,0.6859855651855469,0.0009729909969989997,90.0,,,,,,,,,,,,,,0.48799599866622206,,,,,0.031355105340480804,7.117924542399123e-05
,imappo,,,,90.0,0.0,0.0,0.0035589621038525365,0.0,0.0,0.0,0.0,0.0035589621038525365,0.0,0.0,0.0,0.0,0.0,,,,,,,
-0.002703113481402397,imappo,9.85354020599516e-09,0.6754283308982849,0.0009726908969656552,91.0,,,,,,,,,,,,,,0.48786262087362453,,,,,0.03282570466399193,7.281863508978859e-05
,imappo,,,,91.0,0.0,0.0,0.003640931779955281,0.0,0.0,0.0,0.0,0.003640931779955281,0.0,0.0,0.0,0.0,0.0,,,,,,,
-0.0030754366889595985,imappo,1.0746493472879592e-08,0.6845346093177795,0.0009723907969323108,92.0,,,,,,,,,,,,,,0.487729243081027,,,,,0.0304948128759861,6.979192403377965e-05
,imappo,,,,92.0,0.0,0.0,0.003489596132567385,0.0,0.0,0.0,0.0,0.003489596132567385,0.0,0.0,0.0,0.0,0.0,,,,,,,
-0.005632484331727028,imappo,3.227734968191953e-09,0.6874250173568726,0.0009720906968989664,93.0,,,,,,,,,,,,,,0.48759586528842946,,,,,0.031325533986091614,7.349341467488557e-05
,imappo,,,,93.0,0.0,0.0,0.0036746706828125753,0.0,0.0,0.0,0.0,0.0036746706828125753,0.0,0.0,0.0,0.0,0.0,,,,,,,
-0.00046018659486435354,imappo,5.851760409569806e-09,0.677397608757019,0.0009717905968656219,94.0,,,,,,,,,,,,,,0.48746248749583193,,,,,0.029576240107417107,7.261786959134042e-05
,imappo,,,,94.0,0.0,0.0,0.0036308934504631907,0.0,0.0,0.0,0.0,0.0036308934504631907,0.0,0.0,0.0,0.0,0.0,,,,,,,
-0.0006808417965658009,imappo,8.01021116103584e-09,0.6709957122802734,0.0009714904968322775,95.0,,,,,,,,,,,,,,0.4873291097032344,,,,,0.028665143996477127,6.957165896892548e-05
,imappo,,,,95.0,0.0,0.0,0.003478582719253609,0.0,0.0,0.0,0.0,0.003478582719253609,0.0,0.0,0.0,0.0,0.0,,,,,,,
-0.006901065818965435,imappo,5.583160600508563e-09,0.6734753251075745,0.000971190396798933,96.0,,,,,,,,,,,,,,0.48719573191063686,,,,,0.031074078753590584,6.992818089202046e-05
,imappo,,,,96.0,0.0,0.0,0.0034964090773428325,0.0,0.0,0.0,0.0,0.0034964090773428325,0.0,0.0,0.0,0.0,0.0,,,,,,,
-0.0009781538974493742,imappo,2.7975310956662724e-08,0.6355801224708557,0.0009708902967655885,97.0,,,,,,,,,,,,,,0.48706235411803933,,,,,0.029449842870235443,6.616532482439652e-05
,imappo,,,,97.0,0.0,0.0,0.003308266201202059,0.0,0.0,0.0,0.0,0.003308266201202059,0.0,0.0,0.0,0.0,0.0,,,,,,,
-0.0029301790054887533,imappo,1.2216998079850327e-08,0.6662067770957947,0.0009705901967322441,98.0,,,,,,,,,,,,,,0.4869289763254418,,,,,0.03475307673215866,7.343225297518075e-05
,imappo,,,,98.0,0.0,0.0,0.0036716125287057366,0.0,0.0,0.0,0.0,0.0036716125287057366,0.0,0.0,0.0,0.0,0.0,,,,,,,
-0.0022524537052959204,imappo,2.1493010038398097e-08,0.6664211750030518,0.0009702900966988997,99.0,,,,,,,,,,,,,,0.48679559853284426,,,,,0.0330386683344841,7.615767390234396e-05
,imappo,,,,99.0,0.0,0.0,0.003807883640547516,0.0,0.0,0.0,0.0,0.003807883640547516,0.0,0.0,0.0,0.0,0.0,,,,,,,
,imappo,,,,99.0,,,,,,,,,,,,,,,0.0,0.0,0.0,0.0,,
-0.01052587665617466,imappo,1.0733329780521217e-08,0.6775956153869629,0.0009699899966655552,100.0,,,,,,,,,,,,,,0.48666222074024673,,,,,0.03374679386615753,7.449658733094111e-05
,imappo,,,,100.0,0.0,0.0,0.0037248291700962,0.0,0.0,0.0,0.0,0.0037248291700962,0.0,0.0,0.0,0.0,0.0,,,,,,,
-0.006009941920638084,imappo,5.166987548932411e-08,0.6309089064598083,0.0009696898966322108,101.0,,,,,,,,,,,,,,0.4865288429476492,,,,,0.030188430100679398,7.822368206689134e-05
,imappo,,,,101.0,0.0,0.0,0.00391118427796755,0.0,0.0,0.0,0.0,0.00391118427796755,0.0,0.0,0.0,0.0,0.0,,,,,,,
-0.0053794607520103455,imappo,9.626055508249465e-09,0.6468178033828735,0.0009693897965988663,102.0,,,,,,,,,,,,,,0.48639546515505167,,,,,0.029126618057489395,7.057855691527948e-05
,imappo,,,,102.0,0.0,0.0,0.0035289279112475924,0.0,0.0,0.0,0.0,0.0035289279112475924,0.0,0.0,0.0,0.0,0.0,,,,,,,
-0.002125940751284361,imappo,4.7396987667980284e-08,0.6382890343666077,0.0009690896965655219,103.0,,,,,,,,,,,,,,0.48626208736245413,,,,,0.031543076038360596,6.814169319113716e-05
,imappo,,,,103.0,0.0,0.0,0.0034070844540110556,0.0,0.0,0.0,0.0,0.0034070844540110556,0.0,0.0,0.0,0.0,0.0,,,,,,,
-0.007128061726689339,imappo,1.7897971105185206e-08,0.6446059346199036,0.0009687895965321775,104.0,,,,,,,,,,,,,,0.4861287095698566,,,,,0.030390828847885132,6.985082291066647e-05
,imappo,,,,104.0,0.0,0.0,0.0034925409891002346,0.0,0.0,0.0,0.0,0.0034925409891002346,0.0,0.0,0.0,0.0,0.0,,,,,,,
0.0021180263720452785,imappo,1.0621326929083352e-08,0.6294792890548706,0.0009684894964988329,105.0,,,,,,,,,,,,,,0.48599533177725907,,,,,0.027627483010292053,6.621228385483846e-05
,imappo,,,,105.0,0.0,0.0,0.0033106140508607496,0.0,0.0,0.0,0.0,0.0033106140508607496,0.0,0.0,0.0,0.0,0.0,,,,,,,
-0.005577114410698414,imappo,6.705138666518451e-09,0.6106013059616089,0.0009681893964654885,106.0,,,,,,,,,,,,,,0.48586195398466153,,,,,0.03193283826112747,7.014632865320891e-05
,imappo,,,,106.0,0.0,0.0,0.0035073165709036402,0.0,0.0,0.0,0.0,0.0035073165709036402,0.0,0.0,0.0,0.0,0.0,,,,,,,
-0.00498767988756299,imappo,2.8122009609887755e-08,0.642853319644928,0.0009678892964321441,107.0,,,,,,,,,,,,,,0.485728576192064,,,,,0.03031676635146141,6.681313971057534e-05
,imappo,,,,107.0,0.0,0.0,0.003340656821819721,0.0,0.0,0.0,0.0,0.003340656821819721,0.0,0.0,0.0,0.0,0.0,,,,,,,
-0.0035067822318524122,imappo,8.117793015571806e-08,0.6383437514305115,0.0009675891963987996,108.0,,,,,,,,,,,,,,0.48559519839946647,,,,,0.02574392408132553,6.596354069188237e-05
,imappo,,,,108.0,0.0,0.0,0.003298176841781242,0.0,0.0,0.0,0.0,0.003298176841781242,0.0,0.0,0.0,0.0,0.0,,,,,,,
-0.0026141200214624405,imappo,8.44544416622739e-08,0.6523866057395935,0.0009672890963654552,109.0,,,,,,,,,,,,,,0.48546182060686893,,,,,0.031069591641426086,7.50057733966969e-05
,imappo,,,,109.0,0.0,0.0,0.0037502886916627176,0.0,0.0,0.0,0.0,0.0037502886916627176,0.0,0.0,0.0,0.0,0.0,,,,,,,
-0.0029674535617232323,imappo,5.1713204385350764e-08,0.6372833251953125,0.0009669889963321107,110.0,,,,,,,,,,,,,,0.4853284428142714,,,,,0.02750774472951889,6.611223216168582e-05
,imappo,,,,110.0,0.0,0.0,0.0033056119464163203,0.0,0.0,0.0,0.0,0.0033056119464163203,0.0,0.0,0.0,0.0,0.0,,,,,,,
-0.005592436529695988,imappo,1.4727370967193565e-07,0.5929707288742065,0.0009666888962987663,111.0,,,,,,,,,,,,,,0.48519506502167387,,,,,0.03550395369529724,8.769588748691604e-05
,imappo,,,,111.0,0.0,0.0,0.004384794225188671,0.0,0.0,0.0,0.0,0.004384794225188671,0.0,0.0,0.0,0.0,0.0,,,,,,,
-0.005305903032422066,imappo,1.0680151518727143e-07,0.6035463213920593,0.0009663887962654219,112.0,,,,,,,,,,,,,,0.48506168722907633,,,,,0.03132060170173645,7.258121331688017e-05
,imappo,,,,112.0,0.0,0.0,0.0036290605348767713,0.0,0.0,0.0,0.0,0.0036290605348767713,0.0,0.0,0.0,0.0,0.0,,,,,,,
-0.004667164757847786,imappo,6.138277797163028e-08,0.6094403862953186,0.0009660886962320773,113.0,,,,,,,,,,,,,,0.4849283094364788,,,,,0.03380595147609711,8.637157588964328e-05
,imappo,,,,113.0,0.0,0.0,0.004318578794482164,0.0,0.0,0.0,0.0,0.004318578794482164,0.0,0.0,0.0,0.0,0.0,,,,,,,
-0.0013664537109434605,imappo,2.39915095789911e-07,0.5862234830856323,0.0009657885961987329,114.0,,,,,,,,,,,,,,0.4847949316438813,,,,,0.03596575930714607,9.545977809466422e-05
,imappo,,,,114.0,0.0,0.0,0.0047729893813084345,0.0,0.0,0.0,0.0,0.0047729893813084345,0.0,0.0,0.0,0.0,0.0,,,,,,,
-0.004074288997799158,imappo,2.200582258637951e-07,0.6140415072441101,0.0009654884961653885,115.0,,,,,,,,,,,,,,0.48466155385128373,,,,,0.034464575350284576,8.985449676401913e-05
,imappo,,,,115.0,0.0,0.0,0.004492724699957762,0.0,0.0,0.0,0.0,0.004492724699957762,0.0,0.0,0.0,0.0,0.0,,,,,,,
0.0018601971678435802,imappo,2.5726683361426694e-07,0.5760669708251953,0.000965188396132044,116.0,,,,,,,,,,,,,,0.48452817605868626,,,,,0.03222179412841797,5.3764550102641806e-05
,imappo,,,,116.0,0.0,0.0,0.0026882275105890585,0.0,0.0,0.0,0.0,0.0026882275105890585,0.0,0.0,0.0,0.0,0.0,,,,,,,
-0.006895620375871658,imappo,7.180574925769179e-07,0.6013903021812439,0.0009648882960986996,117.0,,,,,,,,,,,,,,0.4843947982660887,,,,,0.03108995035290718,7.794211705913767e-05
,imappo,,,,117.0,0.0,0.0,0.0038971058565948624,0.0,0.0,0.0,0.0,0.0038971058565948624,0.0,0.0,0.0,0.0,0.0,,,,,,,
-0.007142162881791592,imappo,8.412623628828442e-07,0.6333062052726746,0.0009645881960653551,118.0,,,,,,,,,,,,,,0.4842614204734912,,,,,0.031808286905288696,8.048609015531838e-05
,imappo,,,,118.0,0.0,0.0,0.00402430419853772,0.0,0.0,0.0,0.0,0.00402430419853772,0.0,0.0,0.0,0.0,0.0,,,,,,,
-0.0035028173588216305,imappo,6.292037255661853e-07,0.6369497776031494,0.0009642880960320107,119.0,,,,,,,,,,,,,,0.48412804268089366,,,,,0.031660377979278564,8.01593778305687e-05
,imappo,,,,119.0,0.0,0.0,0.004007969379017595,0.0,0.0,0.0,0.0,0.004007969379017595,0.0,0.0,0.0,0.0,0.0,,,,,,,
0.0014072605408728123,imappo,1.1212375738978153e-06,0.62572181224823,0.0009639879959986663,120.0,,,,,,,,,,,,,,0.4839946648882961,,,,,0.03106701374053955,6.774007488274947e-05
,imappo,,,,120.0,0.0,0.0,0.0033870035367726814,0.0,0.0,0.0,0.0,0.0033870035367726814,0.0,0.0,0.0,0.0,0.0,,,,,,,
-0.0034449452068656683,imappo,1.1669544619508088e-06,0.6168336272239685,0.0009636878959653218,121.0,,,,,,,,,,,,,,0.4838612870956986,,,,,0.02968447096645832,6.982255581533536e-05
,imappo,,,,121.0,0.0,0.0,0.00349112760159187,0.0,0.0,0.0,0.0,0.00349112760159187,0.0,0.0,0.0,0.0,0.0,,,,,,,
-0.004275888204574585,imappo,1.7559643765707733e-06,0.6100717782974243,0.0009633877959319773,122.0,,,,,,,,,,,,,,0.48372790930310106,,,,,0.03150869905948639,6.656612822553143e-05
,imappo,,,,122.0,0.0,0.0,0.0033283062184636947,0.0,0.0,0.0,0.0,0.0033283062184636947,0.0,0.0,0.0,0.0,0.0,,,,,,,
0.003396481741219759,imappo,1.7781994756660424e-06,0.5890875458717346,0.0009630876958986329,123.0,,,,,,,,,,,,,,0.4835945315105035,,,,,0.028842123225331306,6.281828973442316e-05
,imappo,,,,123.0,0.0,0.0,0.003140914483992674,0.0,0.0,0.0,0.0,0.003140914483992674,0.0,0.0,0.0,0.0,0.0,,,,,,,
-0.005230949725955725,imappo,1.2031500773446169e-06,0.6073445677757263,0.0009627875958652884,124.0,,,,,,,,,,,,,,0.483461153717906,,,,,0.03299812972545624,7.988273137016222e-05
,imappo,,,,124.0,0.0,0.0,0.003994136699475348,0.0,0.0,0.0,0.0,0.003994136699475348,0.0,0.0,0.0,0.0,0.0,,,,,,,
-0.005716129671782255,imappo,5.472131761052879e-07,0.5654028058052063,0.000962487495831944,125.0,,,,,,,,,,,,,,0.48332777592530846,,,,,0.028585223481059074,7.738020940450951e-05
,imappo,,,,125.0,0.0,0.0,0.003869010350172175,0.0,0.0,0.0,0.0,0.003869010350172175,0.0,0.0,0.0,0.0,0.0,,,,,,,
0.006459011696279049,imappo,2.8712148036902363e-07,0.5403104424476624,0.0009621873957985996,126.0,,,,,,,,,,,,,,0.4831943981327109,,,,,0.031419750303030014,7.20017051207833e-05
,imappo,,,,126.0,0.0,0.0,0.0036000852087454405,0.0,0.0,0.0,0.0,0.0036000852087454405,0.0,0.0,0.0,0.0,0.0,,,,,,,
-0.001985957147553563,imappo,3.028570745300385e-07,0.5272067189216614,0.0009618872957652551,127.0,,,,,,,,,,,,,,0.4830610203401134,,,,,0.03147650510072708,6.228768324945122e-05
,imappo,,,,127.0,0.0,0.0,0.003114384107902879,0.0,0.0,0.0,0.0,0.003114384107902879,0.0,0.0,0.0,0.0,0.0,,,,,,,
-0.002006798516958952,imappo,2.539224510655913e-07,0.5290772914886475,0.0009615871957319107,128.0,,,,,,,,,,,,,,0.48292764254751586,,,,,0.03144447132945061,7.230789196910337e-05
,imappo,,,,128.0,0.0,0.0,0.003615394587541232,0.0,0.0,0.0,0.0,0.003615394587541232,0.0,0.0,0.0,0.0,0.0,,,,,,,
-0.0028726498130708933,imappo,2.800721858875477e-07,0.45625290274620056,0.0009612870956985662,129.0,,,,,,,,,,,,,,0.4827942647549183,,,,,0.03225008398294449,7.368945807684213e-05
,imappo,,,,129.0,0.0,0.0,0.003684472798340721,0.0,0.0,0.0,0.0,0.003684472798340721,0.0,0.0,0.0,0.0,0.0,,,,,,,
-0.00902142096310854,imappo,6.53092513402953e-08,0.5145922303199768,0.0009609869956652218,130.0,,,,,,,,,,,,,,0.4826608869623208,,,,,0.030417151749134064,5.744179361499846e-05
,imappo,,,,130.0,0.0,0.0,0.002872089906304609,0.0,0.0,0.0,0.0,0.002872089906304609,0.0,0.0,0.0,0.0,0.0,,,,,,,
0.0026688682846724987,imappo,4.304424194856438e-08,0.5455505847930908,0.0009606868956318773,131.0,,,,,,,,,,,,,,0.48252750916972326,,,,,0.029300782829523087,6.249226862564683e-05
,imappo,,,,131.0,0.0,0.0,0.0031246134713001084,0.0,0.0,0.0,0.0,0.0031246134713001084,0.0,0.0,0.0,0.0,0.0,,,,,,,
-0.0027464316226541996,imappo,1.011684105378663e-07,0.5265096426010132,0.0009603867955985328,132.0,,,,,,,,,,,,,,0.4823941313771257,,,,,0.03278432786464691,8.523411088390276e-05
,imappo,,,,132.0,0.0,0.0,0.0042617054568836465,0.0,0.0,0.0,0.0,0.0042617054568836465,0.0,0.0,0.0,0.0,0.0,,,,,,,
-0.014182276092469692,imappo,1.8659648048924282e-08,0.5461784601211548,0.0009600866955651884,133.0,,,,,,,,,,,,,,0.4822607535845282,,,,,0.032122042030096054,7.509106944780797e-05
,imappo,,,,133.0,0.0,0.0,0.003754553592443699,0.0,0.0,0.0,0.0,0.003754553592443699,0.0,0.0,0.0,0.0,0.0,,,,,,,
0.007270269561558962,imappo,1.2118501757640843e-08,0.42693033814430237,0.000959786595531844,134.0,,,,,,,,,,,,,,0.48212737579193066,,,,,0.03003481775522232,7.366605859715492e-05
,imappo,,,,134.0,0.0,0.0,0.0036833024241786916,0.0,0.0,0.0,0.0,0.0036833024241786916,0.0,0.0,0.0,0.0,0.0,,,,,,,
-0.004267627373337746,imappo,1.162948404243025e-08,0.49538853764533997,0.0009594864954984995,135.0,,,,,,,,,,,,,,0.4819939979993331,,,,,0.03117406740784645,7.739689317531884e-05
,imappo,,,,135.0,0.0,0.0,0.0038698445096088108,0.0,0.0,0.0,0.0,0.0038698445096088108,0.0,0.0,0.0,0.0,0.0,,,,,,,
0.0007024618680588901,imappo,4.877679060655282e-08,0.4456130862236023,0.0009591863954651551,136.0,,,,,,,,,,,,,,0.4818606202067356,,,,,0.03405243530869484,8.933815115597099e-05
,imappo,,,,136.0,0.0,0.0,0.004466907696041744,0.0,0.0,0.0,0.0,0.004466907696041744,0.0,0.0,0.0,0.0,0.0,,,,,,,
-0.0061311861500144005,imappo,2.9442858817674278e-08,0.45837756991386414,0.0009588862954318107,137.0,,,,,,,,,,,,,,0.48172724241413806,,,,,0.029803408309817314,7.746455958113074e-05
,imappo,,,,137.0,0.0,0.0,0.003873227753501851,0.0,0.0,0.0,0.0,0.003873227753501851,0.0,0.0,0.0,0.0,0.0,,,,,,,
-0.007427948992699385,imappo,4.307269563241789e-08,0.5089672803878784,0.0009585861953984662,138.0,,,,,,,,,,,,,,0.4815938646215405,,,,,0.03218443691730499,7.642940181540325e-05
,imappo,,,,138.0,0.0,0.0,0.0038214700980461203,0.0,0.0,0.0,0.0,0.0038214700980461203,0.0,0.0,0.0,0.0,0.0,,,,,,,
-0.0009640345233492553,imappo,1.0149518558932868e-08,0.4653133153915405,0.0009582860953651218,139.0,,,,,,,,,,,,,,0.481460486828943,,,,,0.030674263834953308,7.909053965704516e-05
,imappo,,,,139.0,0.0,0.0,0.0039545270083181094,0.0,0.0,0.0,0.0,0.0039545270083181094,0.0,0.0,0.0,0.0,0.0,,,,,,,
0.004537593573331833,imappo,6.278999542530528e-09,0.49460214376449585,0.0009579859953317772,140.0,,,,,,,,,,,,,,0.48132710903634546,,,,,0.03168734163045883,7.500574429286644e-05
,imappo,,,,140.0,0.0,0.0,0.003750287363800453,0.0,0.0,0.0,0.0,0.003750287363800453,0.0,0.0,0.0,0.0,0.0,,,,,,,
-0.007892516441643238,imappo,6.473156588526763e-08,0.436710000038147,0.0009576858952984328,141.0,,,,,,,,,,,,,,0.4811937312437479,,,,,0.030389836058020592,7.200767140602693e-05
,imappo,,,,141.0,0.0,0.0,0.0036003835884912405,0.0,0.0,0.0,0.0,0.0036003835884912405,0.0,0.0,0.0,0.0,0.0,,,,,,,
-0.0038248810451477766,imappo,6.62401191675599e-08,0.38466137647628784,0.0009573857952650884,142.0,,,,,,,,,,,,,,0.4810603534511504,,,,,0.03173935413360596,7.088516576914117e-05
,imappo,,,,142.0,0.0,0.0,0.0035442583393887617,0.0,0.0,0.0,0.0,0.0035442583393887617,0.0,0.0,0.0,0.0,0.0,,,,,,,
-0.004439307376742363,imappo,1.7442037147930023e-08,0.344680517911911,0.0009570856952317439,143.0,,,,,,,,,,,,,,0.48092697565855286,,,,,0.03158237785100937,8.15272142062895e-05
,imappo,,,,143.0,0.0,0.0,0.004076360608451068,0.0,0.0,0.0,0.0,0.004076360608451068,0.0,0.0,0.0,0.0,0.0,,,,,,,
-0.0046560331247746944,imappo,7.459902917617e-09,0.35364314913749695,0.0009567855951983995,144.0,,,,,,,,,,,,,,0.4807935978659553,,,,,0.028794389218091965,6.255667540244758e-05
,imappo,,,,144.0,0.0,0.0,0.0031278338610718492,0.0,0.0,0.0,0.0,0.0031278338610718492,0.0,0.0,0.0,0.0,0.0,,,,,,,
-0.002026558155193925,imappo,4.964856259448425e-08,0.39232704043388367,0.000956485495165055,145.0,,,,,,,,,,,,,,0.4806602200733578,,,,,0.030933048576116562,7.16832437319681e-05
,imappo,,,,145.0,0.0,0.0,0.003584162117476808,0.0,0.0,0.0,0.0,0.003584162117476808,0.0,0.0,0.0,0.0,0.0,,,,,,,
0.0027138174045830965,imappo,8.145232932577073e-09,0.3274408280849457,0.0009561853951317106,146.0,,,,,,,,,,,,,,0.48052684228076026,,,,,0.03150947019457817,7.393394480459392e-05
,imappo,,,,146.0,0.0,0.0,0.003696697469422361,0.0,0.0,0.0,0.0,0.003696697469422361,0.0,0.0,0.0,0.0,0.0,,,,,,,
-0.010841070674359798,imappo,4.597635161474045e-09,0.3577604293823242,0.0009558852950983662,147.0,,,,,,,,,,,,,,0.4803934644881627,,,,,0.03380930423736572,7.759279833408073e-05
,imappo,,,,147.0,0.0,0.0,0.003879640258674044,0.0,0.0,0.0,0.0,0.003879640258674044,0.0,0.0,0.0,0.0,0.0,,,,,,,
-0.0031928876414895058,imappo,1.0415514140049709e-07,0.3661002516746521,0.0009555851950650217,148.0,,,,,,,,,,,,,,0.4802600866955652,,,,,0.03094073198735714,6.99683150742203e-05
,imappo,,,,148.0,0.0,0.0,0.00349841592105804,0.0,0.0,0.0,0.0,0.00349841592105804,0.0,0.0,0.0,0.0,0.0,,,,,,,
-0.005042131524533033,imappo,5.2676213613267464e-08,0.32651349902153015,0.0009552850950316772,149.0,,,,,,,,,,,,,,0.48012670890296766,,,,,0.030172524973750114,7.900993659859523e-05
,imappo,,,,149.0,0.0,0.0,0.003950496997276787,0.0,0.0,0.0,0.0,0.003950496997276787,0.0,0.0,0.0,0.0,0.0,,,,,,,
-0.005205968394875526,imappo,5.393558666355602e-08,0.3962204158306122,0.0009549849949983328,150.0,,,,,,,,,,,,,,0.4799933311103701,,,,,0.03155237436294556,6.346392183331773e-05
,imappo,,,,150.0,0.0,0.0,0.0031731961244076956,0.0,0.0,0.0,0.0,0.0031731961244076956,0.0,0.0,0.0,0.0,0.0,,,,,,,
-1.2607022654265165e-05,imappo,7.141600377735813e-08,0.3116966187953949,0.0009546848949649883,151.0,,,,,,,,,,,,,,0.4798599533177726,,,,,0.02836301177740097,7.039552292553708e-05
,imappo,,,,151.0,0.0,0.0,0.00351977661557612,0.0,0.0,0.0,0.0,0.00351977661557612,0.0,0.0,0.0,0.0,0.0,,,,,,,
-0.007506184279918671,imappo,1.483194154161538e-07,0.34611159563064575,0.0009543847949316439,152.0,,,,,,,,,,,,,,0.47972657552517506,,,,,0.03402117267251015,7.853563147364184e-05
,imappo,,,,152.0,0.0,0.0,0.003926781559130177,0.0,0.0,0.0,0.0,0.003926781559130177,0.0,0.0,0.0,0.0,0.0,,,,,,,
-0.006649840157479048,imappo,2.979656130719377e-07,0.30401870608329773,0.0009540846948982995,153.0,,,,,,,,,,,,,,0.4795931977325775,,,,,0.0298176109790802,7.376768917310983e-05
,imappo,,,,153.0,0.0,0.0,0.0036883844186377246,0.0,0.0,0.0,0.0,0.0036883844186377246,0.0,0.0,0.0,0.0,0.0,,,,,,,
-0.002740049036219716,imappo,3.700091042446729e-07,0.2773216962814331,0.000953784594864955,154.0,,,,,,,,,,,,,,0.47945981993998,,,,,0.0313987135887146,7.810681563569233e-05
,imappo,,,,154.0,0.0,0.0,0.003905340847268235,0.0,0.0,0.0,0.0,0.003905340847268235,0.0,0.0,0.0,0.0,0.0,,,,,,,
-0.00877989362925291,imappo,6.869184403512918e-07,0.2842060923576355,0.0009534844948316106,155.0,,,,,,,,,,,,,,0.47932644214738246,,,,,0.02985665574669838,6.246568955248222e-05
,imappo,,,,155.0,0.0,0.0,0.003123284604953369,0.0,0.0,0.0,0.0,0.003123284604953369,0.0,0.0,0.0,0.0,0.0,,,,,,,
0.00042087980546057224,imappo,9.30909891394549e-07,0.25314223766326904,0.0009531843947982661,156.0,,,,,,,,,,,,,,0.4791930643547849,,,,,0.02877586893737316,6.335235957521945e-05
,imappo,,,,156.0,0.0,0.0,0.003167617665894795,0.0,0.0,0.0,0.0,0.003167617665894795,0.0,0.0,0.0,0.0,0.0,,,,,,,
-0.0011987886391580105,imappo,1.2814419960704981e-06,0.16896431148052216,0.0009528842947649217,157.0,,,,,,,,,,,,,,0.4790596865621874,,,,,0.028884675353765488,7.00251548551023e-05
,imappo,,,,157.0,0.0,0.0,0.0035012577100133058,0.0,0.0,0.0,0.0,0.0035012577100133058,0.0,0.0,0.0,0.0,0.0,,,,,,,
0.004585133865475655,imappo,2.0900256458844524e-06,0.23199570178985596,0.0009525841947315772,158.0,,,,,,,,,,,,,,0.47892630876958986,,,,,0.033284761011600494,7.790548988850787e-05
,imappo,,,,158.0,0.0,0.0,0.0038952743088884745,0.0,0.0,0.0,0.0,0.0038952743088884745,0.0,0.0,0.0,0.0,0.0,,,,,,,
-0.003701578127220273,imappo,1.1701869198077475e-06,0.2602853775024414,0.0009522840946982327,159.0,,,,,,,,,,,,,,0.4787929309769923,,,,,0.03380759805440903,7.530455332016572e-05
,imappo,,,,159.0,0.0,0.0,0.003765227742405841,0.0,0.0,0.0,0.0,0.003765227742405841,0.0,0.0,0.0,0.0,0.0,,,,,,,
0.005498618818819523,imappo,3.894637927714939e-07,0.20493493974208832,0.0009519839946648883,160.0,,,,,,,,,,,,,,0.4786595531843948,,,,,0.03063938394188881,7.13581102900207e-05
,imappo,,,,160.0,0.0,0.0,0.0035679056745721027,0.0,0.0,0.0,0.0,0.0035679056745721027,0.0,0.0,0.0,0.0,0.0,,,,,,,
-0.0011011497117578983,imappo,1.0918653003955114e-07,0.28847962617874146,0.0009516838946315439,161.0,,,,,,,,,,,,,,0.47852617539179726,,,,,0.030909167602658272,7.559251389466226e-05
,imappo,,,,161.0,0.0,0.0,0.0037796252763655502,0.0,0.0,0.0,0.0,0.0037796252763655502,0.0,0.0,0.0,0.0,0.0,,,,,,,
-0.0016895581502467394,imappo,2.0604577599669938e-08,0.2598208487033844,0.0009513837945981994,162.0,,,,,,,,,,,,,,0.4783927975991997,,,,,0.02997923269867897,7.960738003021106e-05
,imappo,,,,162.0,0.0,0.0,0.003980368528573308,0.0,0.0,0.0,0.0,0.003980368528573308,0.0,0.0,0.0,0.0,0.0,,,,,,,
-0.0026606651954352856,imappo,2.847990643317644e-08,0.17620845139026642,0.000951083694564855,163.0,,,,,,,,,,,,,,0.4782594198066022,,,,,0.031912922859191895,7.7109390986152e-05
,imappo,,,,163.0,0.0,0.0,0.0038554696657229215,0.0,0.0,0.0,0.0,0.0038554696657229215,0.0,0.0,0.0,0.0,0.0,,,,,,,
-0.010126830078661442,imappo,3.6907277234377034e-08,0.3129529356956482,0.0009507835945315106,164.0,,,,,,,,,,,,,,0.47812604201400466,,,,,0.029492925852537155,6.141386256786063e-05
,imappo,,,,164.0,0.0,0.0,0.003070692913752282,0.0,0.0,0.0,0.0,0.003070692913752282,0.0,0.0,0.0,0.0,0.0,,,,,,,
-0.0019616105128079653,imappo,6.790055095962089e-08,0.3150017261505127,0.0009504834944981661,165.0,,,,,,,,,,,,,,0.4779926642214071,,,,,0.028091441839933395,6.136196316219866e-05
,imappo,,,,165.0,0.0,0.0,0.003068097859795671,0.0,0.0,0.0,0.0,0.003068097859795671,0.0,0.0,0.0,0.0,0.0,,,,,,,
-0.003483888227492571,imappo,6.819315956363425e-08,0.16730733215808868,0.0009501833944648217,166.0,,,,,,,,,,,,,,0.4778592864288096,,,,,0.03252952918410301,8.362998050870374e-05
,imappo,,,,166.0,0.0,0.0,0.004181498887191992,0.0,0.0,0.0,0.0,0.004181498887191992,0.0,0.0,0.0,0.0,0.0,,,,,,,
-5.08826196892187e-05,imappo,4.09017673064227e-08,0.2728781998157501,0.0009498832944314771,167.0,,,,,,,,,,,,,,0.47772590863621206,,,,,0.02859029546380043,7.220800034701824e-05
,imappo,,,,167.0,0.0,0.0,0.0036103999373153783,0.0,0.0,0.0,0.0,0.0036103999373153783,0.0,0.0,0.0,0.0,0.0,,,,,,,
-0.008932975120842457,imappo,3.024959838171526e-08,0.19401440024375916,0.0009495831943981327,168.0,,,,,,,,,,,,,,0.4775925308436145,,,,,0.03302204608917236,7.60892144171521e-05
,imappo,,,,168.0,0.0,0.0,0.0038044605680624954,0.0,0.0,0.0,0.0,0.0038044605680624954,0.0,0.0,0.0,0.0,0.0,,,,,,,
0.005404321011155844,imappo,1.5151197629847957e-08,0.23524877429008484,0.0009492830943647883,169.0,,,,,,,,,,,,,,0.477459153051017,,,,,0.027301911264657974,7.007821841398254e-05
,imappo,,,,169.0,0.0,0.0,0.0035039112917729653,0.0,0.0,0.0,0.0,0.0035039112917729653,0.0,0.0,0.0,0.0,0.0,,,,,,,
-0.0037266912404447794,imappo,2.1854500431572887e-08,0.26072806119918823,0.0009489829943314438,170.0,,,,,,,,,,,,,,0.47732577525841946,,,,,0.028270680457353592,6.212794687598944e-05
,imappo,,,,170.0,0.0,0.0,0.0031063975184224546,0.0,0.0,0.0,0.0,0.0031063975184224546,0.0,0.0,0.0,0.0,0.0,,,,,,,
-0.009128832258284092,imappo,4.472461867521815e-08,0.2728147506713867,0.0009486828942980994,171.0,,,,,,,,,,,,,,0.4771923974658219,,,,,0.03458939492702484,7.342475146288052e-05
,imappo,,,,171.0,0.0,0.0,0.0036712376568175387,0.0,0.0,0.0,0.0,0.0036712376568175387,0.0,0.0,0.0,0.0,0.0,,,,,,,
-0.0022922989446669817,imappo,2.557206713049709e-08,0.2147645801305771,0.000948382794264755,172.0,,,,,,,,,,,,,,0.4770590196732244,,,,,0.030933961272239685,7.534495671279728e-05
,imappo,,,,172.0,0.0,0.0,0.00376724821398966,0.0,0.0,0.0,0.0,0.00376724821398966,0.0,0.0,0.0,0.0,0.0,,,,,,,
-0.003106327261775732,imappo,6.045242972874121e-09,0.24859115481376648,0.0009480826942314105,173.0,,,,,,,,,,,,,,0.47692564188062686,,,,,0.029227036982774734,7.469407864846289e-05
,imappo,,,,173.0,0.0,0.0,0.0037347037505242042,0.0,0.0,0.0,0.0,0.0037347037505242042,0.0,0.0,0.0,0.0,0.0,,,,,,,
0.002550051547586918,imappo,1.1965971324912061e-08,0.24589116871356964,0.0009477825941980661,174.0,,,,,,,,,,,,,,0.4767922640880293,,,,,0.03150185942649841,7.088776328600943e-05
,imappo,,,,174.0,0.0,0.0,0.0035443882043182384,0.0,0.0,0.0,0.0,0.0035443882043182384,0.0,0.0,0.0,0.0,0.0,,,,,,,
-0.003024093573912978,imappo,2.3128031045871467e-08,0.2825160622596741,0.0009474824941647215,175.0,,,,,,,,,,,,,,0.4766588862954318,,,,,0.03183417767286301,6.953552656341344e-05
,imappo,,,,175.0,0.0,0.0,0.0034767761098919436,0.0,0.0,0.0,0.0,0.0034767761098919436,0.0,0.0,0.0,0.0,0.0,,,,,,,
-0.002179339760914445,imappo,1.0378985670911334e-08,0.18380950391292572,0.0009471823941313771,176.0,,,,,,,,,,,,,,0.47652550850283426,,,,,0.03078346885740757,7.519301288994029e-05
,imappo,,,,176.0,0.0,0.0,0.0037596505353576504,0.0,0.0,0.0,0.0,0.0037596505353576504,0.0,0.0,0.0,0.0,0.0,,,,,,,
-0.015026809647679329,imappo,8.339012147473568e-09,0.29500946402549744,0.0009468822940980327,177.0,,,,,,,,,,,,,,0.4763921307102367,,,,,0.027461713179945946,5.906230944674462e-05
,imappo,,,,177.0,0.0,0.0,0.00295311547597521,0.0,0.0,0.0,0.0,0.00295311547597521,0.0,0.0,0.0,0.0,0.0,,,,,,,
-0.007123725954443216,imappo,2.2177323089067613e-08,0.18356965482234955,0.0009465821940646882,178.0,,,,,,,,,,,,,,0.4762587529176392,,,,,0.02872682735323906,7.283920422196388e-05
,imappo,,,,178.0,0.0,0.0,0.00364196010195883,0.0,0.0,0.0,0.0,0.00364196010195883,0.0,0.0,0.0,0.0,0.0,,,,,,,
0.0017417236231267452,imappo,3.837965323327808e-08,0.25809088349342346,0.0009462820940313438,179.0,,,,,,,,,,,,,,0.47612537512504166,,,,,0.02901085466146469,6.684535037493333e-05
,imappo,,,,179.0,0.0,0.0,0.003342267398693366,0.0,0.0,0.0,0.0,0.003342267398693366,0.0,0.0,0.0,0.0,0.0,,,,,,,
-0.0023308824747800827,imappo,1.7084058612226727e-08,0.348063200712204,0.0009459819939979994,180.0,,,,,,,,,,,,,,0.47599199733244413,,,,,0.03359803184866905,7.956937042763457e-05
,imappo,,,,180.0,0.0,0.0,0.00397846869964269,0.0,0.0,0.0,0.0,0.00397846869964269,0.0,0.0,0.0,0.0,0.0,,,,,,,
0.0019849559757858515,imappo,8.102671422705043e-09,0.2983146011829376,0.0009456818939646549,181.0,,,,,,,,,,,,,,0.4758586195398466,,,,,0.02836300991475582,6.969545211177319e-05
,imappo,,,,181.0,0.0,0.0,0.003484772842057282,0.0,0.0,0.0,0.0,0.003484772842057282,0.0,0.0,0.0,0.0,0.0,,,,,,,
-0.00623489823192358,imappo,1.1870466387620127e-08,0.30543360114097595,0.0009453817939313105,182.0,,,,,,,,,,,,,,0.47572524174724906,,,,,0.0327753871679306,7.80424234108068e-05
,imappo,,,,182.0,0.0,0.0,0.003902121454302687,0.0,0.0,0.0,0.0,0.003902121454302687,0.0,0.0,0.0,0.0,0.0,,,,,,,
0.001655731932260096,imappo,8.167561738048335e-09,0.3439885973930359,0.000945081693897966,183.0,,,,,,,,,,,,,,0.47559186395465153,,,,,0.03458701819181442,8.337273902725428e-05
,imappo,,,,183.0,0.0,0.0,0.004168637518887408,0.0,0.0,0.0,0.0,0.004168637518887408,0.0,0.0,0.0,0.0,0.0,,,,,,,
-0.007253394927829504,imappo,1.1821066436823457e-07,0.20096349716186523,0.0009447815938646215,184.0,,,,,,,,,,,,,,0.475458486162054,,,,,0.030065689235925674,6.906341877765954e-05
,imappo,,,,184.0,0.0,0.0,0.003453171269939048,0.0,0.0,0.0,0.0,0.003453171269939048,0.0,0.0,0.0,0.0,0.0,,,,,,,
0.013747716322541237,imappo,1.2193375198421563e-07,0.26689133048057556,0.0009444814938312771,185.0,,,,,,,,,,,,,,0.47532510836945646,,,,,0.03166759014129639,7.580577221233398e-05
,imappo,,,,185.0,0.0,0.0,0.0037902888107055333,0.0,0.0,0.0,0.0,0.0037902888107055333,0.0,0.0,0.0,0.0,0.0,,,,,,,
-0.005127403885126114,imappo,1.998466245822783e-07,0.2870684862136841,0.0009441813937979326,186.0,,,,,,,,,,,,,,0.47519173057685893,,,,,0.028781836852431297,7.19085946911946e-05
,imappo,,,,186.0,0.0,0.0,0.0035954296618001536,0.0,0.0,0.0,0.0,0.0035954296618001536,0.0,0.0,0.0,0.0,0.0,,,,,,,
-0.005974168889224529,imappo,1.3206299342982675e-07,0.34699535369873047,0.0009438812937645882,187.0,,,,,,,,,,,,,,0.4750583527842614,,,,,0.027787815779447556,6.085781933506951e-05
,imappo,,,,187.0,0.0,0.0,0.0030428910176851787,0.0,0.0,0.0,0.0,0.0030428910176851787,0.0,0.0,0.0,0.0,0.0,,,,,,,
-0.001819763332605362,imappo,2.9220789343753495e-08,0.35732361674308777,0.0009435811937312438,188.0,,,,,,,,,,,,,,0.47492497499166386,,,,,0.03519222512841225,8.019638335099444e-05
,imappo,,,,188.0,0.0,0.0,0.00400981896018493,0.0,0.0,0.0,0.0,0.00400981896018493,0.0,0.0,0.0,0.0,0.0,,,,,,,
-0.004065451677888632,imappo,3.135528103825891e-08,0.38385048508644104,0.0009432810936978993,189.0,,,,,,,,,,,,,,0.4747915971990664,,,,,0.032965436577796936,7.924401143100113e-05
,imappo,,,,189.0,0.0,0.0,0.003962200571550056,0.0,0.0,0.0,0.0,0.003962200571550056,0.0,0.0,0.0,0.0,0.0,,,,,,,
-0.0070520625449717045,imappo,5.5104646179415795e-08,0.35237783193588257,0.0009429809936645549,190.0,,,,,,,,,,,,,,0.4746582194064688,,,,,0.031663842499256134,7.805646600900218e-05
,imappo,,,,190.0,0.0,0.0,0.0039028232167765964,0.0,0.0,0.0,0.0,0.0039028232167765964,0.0,0.0,0.0,0.0,0.0,,,,,,,
0.00559061486274004,imappo,2.3024728790232984e-08,0.4134078323841095,0.0009426808936312105,191.0,,,,,,,,,,,,,,0.4745248416138713,,,,,0.030296899378299713,6.578487227670848e-05
,imappo,,,,191.0,0.0,0.0,0.0032892435210669646,0.0,0.0,0.0,0.0,0.0032892435210669646,0.0,0.0,0.0,0.0,0.0,,,,,,,
-0.005987797863781452,imappo,4.523447216797649e-08,0.31246280670166016,0.000942380793597866,192.0,,,,,,,,,,,,,,0.47439146382127373,,,,,0.03288476914167404,7.279524288605899e-05
,imappo,,,,192.0,0.0,0.0,0.003639762209786568,0.0,0.0,0.0,0.0,0.003639762209786568,0.0,0.0,0.0,0.0,0.0,,,,,,,
-0.0012833236251026392,imappo,1.3885136240787688e-07,0.3274767994880676,0.0009420806935645215,193.0,,,,,,,,,,,,,,0.47425808602867625,,,,,0.029369354248046875,7.307135820155963e-05
,imappo,,,,193.0,0.0,0.0,0.003653567775472766,0.0,0.0,0.0,0.0,0.003653567775472766,0.0,0.0,0.0,0.0,0.0,,,,,,,
-0.0032722719479352236,imappo,1.1122126153395584e-07,0.3791950047016144,0.000941780593531177,194.0,,,,,,,,,,,,,,0.47412470823607866,,,,,0.031936436891555786,7.316662231460214e-05
,imappo,,,,194.0,0.0,0.0,0.0036583312212314922,0.0,0.0,0.0,0.0,0.0036583312212314922,0.0,0.0,0.0,0.0,0.0,,,,,,,
-0.008083834312856197,imappo,9.348903518002771e-08,0.3154478073120117,0.0009414804934978326,195.0,,,,,,,,,,,,,,0.4739913304434812,,,,,0.0309196338057518,7.397485751425847e-05
,imappo,,,,195.0,0.0,0.0,0.0036987426683481317,0.0,0.0,0.0,0.0,0.0036987426683481317,0.0,0.0,0.0,0.0,0.0,,,,,,,
-0.0010648993775248528,imappo,1.0613030099193566e-07,0.27667513489723206,0.0009411803934644882,196.0,,,,,,,,,,,,,,0.47385795265088365,,,,,0.033641040325164795,8.34409729577601e-05
,imappo,,,,196.0,0.0,0.0,0.004172048771579284,0.0,0.0,0.0,0.0,0.004172048771579284,0.0,0.0,0.0,0.0,0.0,,,,,,,
-0.003087129443883896,imappo,2.399805225650198e-07,0.2379201054573059,0.0009408802934311437,197.0,,,,,,,,,,,,,,0.4737245748582861,,,,,0.03001125156879425,6.764570571249351e-05
,imappo,,,,197.0,0.0,0.0,0.003382285503903404,0.0,0.0,0.0,0.0,0.003382285503903404,0.0,0.0,0.0,0.0,0.0,,,,,,,
0.004124884959310293,imappo,1.1607022543103085e-07,0.35446232557296753,0.0009405801933977993,198.0,,,,,,,,,,,,,,0.4735911970656886,,,,,0.029770568013191223,7.005669613135979e-05
,imappo,,,,198.0,0.0,0.0,0.0035028347265324555,0.0,0.0,0.0,0.0,0.0035028347265324555,0.0,0.0,0.0,0.0,0.0,,,,,,,
-0.003331102430820465,imappo,6.221092263558603e-08,0.30435875058174133,0.0009402800933644549,199.0,,,,,,,,,,,,,,0.47345781927309105,,,,,0.032679058611392975,7.709625060670078e-05
,imappo,,,,199.0,0.0,0.0,0.003854812399367802,0.0,0.0,0.0,0.0,0.003854812399367802,0.0,0.0,0.0,0.0,0.0,,,,,,,
,imappo,,,,199.0,,,,,,,,,,,,,,,0.0,0.0,0.0,0.0,,
-0.001806009910069406,imappo,3.996082398316503e-08,0.3389948010444641,0.0009399799933311104,200.0,,,,,,,,,,,,,,0.4733244414804935,,,,,0.03349239006638527,8.813032764010131e-05
,imappo,,,,200.0,0.0,0.0,0.004406516418384854,0.0,0.0,0.0,0.0,0.004406516418384854,0.0,0.0,0.0,0.0,0.0,,,,,,,
-0.003918189089745283,imappo,1.7418250308764982e-07,0.28090280294418335,0.000939679893297766,201.0,,,,,,,,,,,,,,0.473191063687896,,,,,0.02865038812160492,6.420402496587485e-05
,imappo,,,,201.0,0.0,0.0,0.003210201466572471,0.0,0.0,0.0,0.0,0.003210201466572471,0.0,0.0,0.0,0.0,0.0,,,,,,,
0.0016372429672628641,imappo,2.7942057556629152e-08,0.39154019951820374,0.0009393797932644216,202.0,,,,,,,,,,,,,,0.47305768589529845,,,,,0.02759120985865593,6.659174687229097e-05
,imappo,,,,202.0,0.0,0.0,0.0033295871180598624,0.0,0.0,0.0,0.0,0.0033295871180598624,0.0,0.0,0.0,0.0,0.0,,,,,,,
-0.011309712193906307,imappo,2.0360852559520026e-08,0.3888162672519684,0.000939079693231077,203.0,,,,,,,,,,,,,,0.4729243081027009,,,,,0.033433444797992706,7.873401773395017e-05
,imappo,,,,203.0,0.0,0.0,0.003936700890335487,0.0,0.0,0.0,0.0,0.003936700890335487,0.0,0.0,0.0,0.0,0.0,,,,,,,
-0.005325733218342066,imappo,2.5789113067276048e-08,0.2816566824913025,0.0009387795931977326,204.0,,,,,,,,,,,,,,0.4727909303101034,,,,,0.031038664281368256,7.718925189692527e-05
,imappo,,,,204.0,0.0,0.0,0.0038594625220866874,0.0,0.0,0.0,0.0,0.0038594625220866874,0.0,0.0,0.0,0.0,0.0,,,,,,,
-0.004395477939397097,imappo,1.6657242696282992e-08,0.3203481137752533,0.0009384794931643881,205.0,,,,,,,,,,,,,,0.47265755251750585,,,,,0.03116702288389206,7.859001198085025e-05
,imappo,,,,205.0,0.0,0.0,0.003929500398953678,0.0,0.0,0.0,0.0,0.003929500398953678,0.0,0.0,0.0,0.0,0.0,,,,,,,
-0.0023732169065624475,imappo,3.2363114854661035e-08,0.2314826250076294,0.0009381793931310437,206.0,,,,,,,,,,,,,,0.4725241747249083,,,,,0.02982272580265999,6.75789633532986e-05
,imappo,,,,206.0,0.0,0.0,0.003378948247700464,0.0,0.0,0.0,0.0,0.003378948247700464,0.0,0.0,0.0,0.0,0.0,,,,,,,
-0.004592608660459518,imappo,3.657540759149924e-08,0.39054739475250244,0.0009378792930976993,207.0,,,,,,,,,,,,,,0.4723907969323108,,,,,0.03213708847761154,8.587371848989278e-05
,imappo,,,,207.0,0.0,0.0,0.004293686051823897,0.0,0.0,0.0,0.0,0.004293686051823897,0.0,0.0,0.0,0.0,0.0,,,,,,,
-0.005035400856286287,imappo,2.6680048392790923e-08,0.36480915546417236,0.0009375791930643548,208.0,,,,,,,,,,,,,,0.47225741913971325,,,,,0.030729763209819794,8.498670649714768e-05
,imappo,,,,208.0,0.0,0.0,0.004249335204804083,0.0,0.0,0.0,0.0,0.004249335204804083,0.0,0.0,0.0,0.0,0.0,,,,,,,
0.008432721719145775,imappo,1.8469233253881612e-08,0.25009408593177795,0.0009372790930310104,209.0,,,,,,,,,,,,,,0.4721240413471157,,,,,0.03232094645500183,8.072418859228492e-05
,imappo,,,,209.0,0.0,0.0,0.004036210018966813,0.0,0.0,0.0,0.0,0.004036210018966813,0.0,0.0,0.0,0.0,0.0,,,,,,,
-0.008079585619270802,imappo,7.902743348608965e-09,0.3118402361869812,0.000936978992997666,210.0,,,,,,,,,,,,,,0.4719906635545182,,,,,0.031386569142341614,7.47213198337704e-05
,imappo,,,,210.0,0.0,0.0,0.0037360661845013965,0.0,0.0,0.0,0.0,0.0037360661845013965,0.0,0.0,0.0,0.0,0.0,,,,,,,
0.0027132765389978886,imappo,1.9378362026145624e-08,0.3008344769477844,0.0009366788929643214,211.0,,,,,,,,,,,,,,0.47185728576192065,,,,,0.029816679656505585,8.13895821920596e-05
,imappo,,,,211.0,0.0,0.0,0.004069479356985539,0.0,0.0,0.0,0.0,0.004069479356985539,0.0,0.0,0.0,0.0,0.0,,,,,,,
-0.0073514170944690704,imappo,1.854850140148301e-08,0.35311317443847656,0.000936378792930977,212.0,,,,,,,,,,,,,,0.4717239079693231,,,,,0.026809390634298325,7.439094042638317e-05
,imappo,,,,212.0,0.0,0.0,0.0037195468867139425,0.0,0.0,0.0,0.0,0.0037195468867139425,0.0,0.0,0.0,0.0,0.0,,,,,,,
-0.0008246865472756326,imappo,1.774334812409961e-08,0.26327401399612427,0.0009360786928976326,213.0,,,,,,,,,,,,,,0.4715905301767256,,,,,0.030883241444826126,6.754380592610687e-05
,imappo,,,,213.0,0.0,0.0,0.003377190496394178,0.0,0.0,0.0,0.0,0.003377190496394178,0.0,0.0,0.0,0.0,0.0,,,,,,,
0.0008379350765608251,imappo,2.1260397886635474e-08,0.22284136712551117,0.0009357785928642881,214.0,,,,,,,,,,,,,,0.47145715238412805,,,,,0.030388079583644867,7.039251067908481e-05
,imappo,,,,214.0,0.0,0.0,0.003519625373883173,0.0,0.0,0.0,0.0,0.003519625373883173,0.0,0.0,0.0,0.0,0.0,,,,,,,
-0.0031047638040035963,imappo,1.9619072588739073e-08,0.2995767295360565,0.0009354784928309437,215.0,,,,,,,,,,,,,,0.4713237745915305,,,,,0.029546329751610756,7.381513569271192e-05
,imappo,,,,215.0,0.0,0.0,0.0036907565299770795,0.0,0.0,0.0,0.0,0.0036907565299770795,0.0,0.0,0.0,0.0,0.0,,,,,,,
-0.002720508025959134,imappo,2.5456220242858763e-08,0.18538157641887665,0.0009351783927975992,216.0,,,,,,,,,,,,,,0.471190396798933,,,,,0.029059449210762978,6.931670213816687e-05
,imappo,,,,216.0,0.0,0.0,0.0034658352415135596,0.0,0.0,0.0,0.0,0.0034658352415135596,0.0,0.0,0.0,0.0,0.0,,,,,,,
-0.002079693367704749,imappo,1.2712156660654728e-08,0.24785315990447998,0.0009348782927642548,217.0,,,,,,,,,,,,,,0.47105701900633545,,,,,0.030746210366487503,6.708103319397196e-05
,imappo,,,,217.0,0.0,0.0,0.0033540515942149796,0.0,0.0,0.0,0.0,0.0033540515942149796,0.0,0.0,0.0,0.0,0.0,,,,,,,
-0.006587371230125427,imappo,2.5582259866041568e-08,0.2848115861415863,0.0009345781927309104,218.0,,,,,,,,,,,,,,0.4709236412137379,,,,,0.030444536358118057,6.813619256718084e-05
,imappo,,,,218.0,0.0,0.0,0.0034068100685544778,0.0,0.0,0.0,0.0,0.0034068100685544778,0.0,0.0,0.0,0.0,0.0,,,,,,,
-0.003197917714715004,imappo,2.6082986437359068e-08,0.1466914564371109,0.0009342780926975659,219.0,,,,,,,,,,,,,,0.4707902634211404,,,,,0.02702791802585125,6.643294909736142e-05
,imappo,,,,219.0,0.0,0.0,0.0033216473821084946,0.0,0.0,0.0,0.0,0.0033216473821084946,0.0,0.0,0.0,0.0,0.0,,,,,,,
-8.536528184777126e-05,imappo,2.1418907536485676e-08,0.18499775230884552,0.0009339779926642214,220.0,,,,,,,,,,,,,,0.47065688562854285,,,,,0.029668938368558884,7.053560693748295e-05
,imappo,,,,220.0,0.0,0.0,0.003526780317770317,0.0,0.0,0.0,0.0,0.003526780317770317,0.0,0.0,0.0,0.0,0.0,,,,,,,
-0.004127628169953823,imappo,1.7589094625236612e-08,0.2981943190097809,0.0009336778926308769,221.0,,,,,,,,,,,,,,0.4705235078359453,,,,,0.03370017185807228,7.598643423989415e-05
,imappo,,,,221.0,0.0,0.0,0.003799321682890877,0.0,0.0,0.0,0.0,0.003799321682890877,0.0,0.0,0.0,0.0,0.0,,,,,,,
-0.0037922742776572704,imappo,2.9568189674478162e-08,0.2992502450942993,0.0009333777925975325,222.0,,,,,,,,,,,,,,0.4703901300433478,,,,,0.03297964483499527,8.044855348998681e-05
,imappo,,,,222.0,0.0,0.0,0.004022427718155086,0.0,0.0,0.0,0.0,0.004022427718155086,0.0,0.0,0.0,0.0,0.0,,,,,,,
0.0019827699288725853,imappo,1.9816299712260843e-08,0.226914182305336,0.0009330776925641881,223.0,,,,,,,,,,,,,,0.47025675225075025,,,,,0.03216850757598877,7.816873403498903e-05
,imappo,,,,223.0,0.0,0.0,0.003908436810888816,0.0,0.0,0.0,0.0,0.003908436810888816,0.0,0.0,0.0,0.0,0.0,,,,,,,
-0.006573194172233343,imappo,2.5173335416184273e-08,0.2169847935438156,0.0009327775925308436,224.0,,,,,,,,,,,,,,0.4701233744581527,,,,,0.03306707739830017,7.644407014595345e-05
,imappo,,,,224.0,0.0,0.0,0.0038222033144847956,0.0,0.0,0.0,0.0,0.0038222033144847956,0.0,0.0,0.0,0.0,0.0,,,,,,,
-0.003277871059253812,imappo,1.8382049660203847e-08,0.2762126624584198,0.0009324774924974992,225.0,,,,,,,,,,,,,,0.4699899966655552,,,,,0.03211577236652374,7.120134978322312e-05
,imappo,,,,225.0,0.0,0.0,0.0035600672017608304,0.0,0.0,0.0,0.0,0.0035600672017608304,0.0,0.0,0.0,0.0,0.0,,,,,,,
-0.00563381053507328,imappo,1.2272027838378108e-08,0.3059191405773163,0.0009321773924641548,226.0,,,,,,,,,,,,,,0.46985661887295765,,,,,0.031604405492544174,7.419696339638904e-05
,imappo,,,,226.0,0.0,0.0,0.0037098480970598757,0.0,0.0,0.0,0.0,0.0037098480970598757,0.0,0.0,0.0,0.0,0.0,,,,,,,
-0.005672588013112545,imappo,2.4494308803468812e-08,0.1994396150112152,0.0009318772924308103,227.0,,,,,,,,,,,,,,0.4697232410803601,,,,,0.029881590977311134,7.279979763552547e-05
,imappo,,,,227.0,0.0,0.0,0.0036399902928678785,0.0,0.0,0.0,0.0,0.0036399902928678785,0.0,0.0,0.0,0.0,0.0,,,,,,,
0.005119300447404385,imappo,1.3401867171580761e-08,0.2453119456768036,0.0009315771923974659,228.0,,,,,,,,,,,,,,0.4695898632877626,,,,,0.036830827593803406,9.160901390714571e-05
,imappo,,,,228.0,0.0,0.0,0.004580450440698769,0.0,0.0,0.0,0.0,0.004580450440698769,0.0,0.0,0.0,0.0,0.0,,,,,,,
-0.001944981049746275,imappo,4.2479104678250224e-08,0.22375190258026123,0.0009312770923641214,229.0,,,,,,,,,,,,,,0.46945648549516505,,,,,0.026359613984823227,6.391409988282248e-05
,imappo,,,,229.0,0.0,0.0,0.003195705074176658,0.0,0.0,0.0,0.0,0.003195705074176658,0.0,0.0,0.0,0.0,0.0,,,,,,,
-0.007710583973675966,imappo,2.3344284727500053e-08,0.25759410858154297,0.0009309769923307769,230.0,,,,,,,,,,,,,,0.4693231077025675,,,,,0.03017764911055565,6.748166197212413e-05
,imappo,,,,230.0,0.0,0.0,0.003374083109520143,0.0,0.0,0.0,0.0,0.003374083109520143,0.0,0.0,0.0,0.0,0.0,,,,,,,
0.003830693894997239,imappo,2.105897500825904e-08,0.19348885118961334,0.0009306768922974325,231.0,,,,,,,,,,,,,,0.46918972990997,,,,,0.02525755763053894,6.324389687506482e-05
,imappo,,,,231.0,0.0,0.0,0.0031621946473023854,0.0,0.0,0.0,0.0,0.0031621946473023854,0.0,0.0,0.0,0.0,0.0,,,,,,,
-0.00017931207548826933,imappo,1.979889319159156e-08,0.15335364639759064,0.000930376792264088,232.0,,,,,,,,,,,,,,0.46905635211737245,,,,,0.02966972440481186,6.462597957579419e-05
,imappo,,,,232.0,0.0,0.0,0.003231298796890769,0.0,0.0,0.0,0.0,0.003231298796890769,0.0,0.0,0.0,0.0,0.0,,,,,,,
-0.007026278413832188,imappo,1.3000901688542399e-08,0.27080023288726807,0.0009300766922307436,233.0,,,,,,,,,,,,,,0.4689229743247749,,,,,0.028853099793195724,6.760539690731093e-05
,imappo,,,,233.0,0.0,0.0,0.003380269707122352,0.0,0.0,0.0,0.0,0.003380269707122352,0.0,0.0,0.0,0.0,0.0,,,,,,,
-0.013264009729027748,imappo,3.229637002277741e-08,0.26103317737579346,0.0009297765921973992,234.0,,,,,,,,,,,,,,0.4687895965321774,,,,,0.03571389615535736,8.640557643957436e-05
,imappo,,,,234.0,0.0,0.0,0.004320279127568938,0.0,0.0,0.0,0.0,0.004320279127568938,0.0,0.0,0.0,0.0,0.0,,,,,,,
-0.004961326252669096,imappo,1.5901262528927873e-08,0.23160593211650848,0.0009294764921640547,235.0,,,,,,,,,,,,,,0.46865621873957986,,,,,0.03013245388865471,6.812632636865601e-05
,imappo,,,,235.0,0.0,0.0,0.003406316180189606,0.0,0.0,0.0,0.0,0.003406316180189606,0.0,0.0,0.0,0.0,0.0,,,,,,,
-0.003499336075037718,imappo,2.236851770476278e-08,0.15695835649967194,0.0009291763921307103,236.0,,,,,,,,,,,,,,0.4685228409469823,,,,,0.026957416906952858,6.367221794789657e-05
,imappo,,,,236.0,0.0,0.0,0.0031836107136768987,0.0,0.0,0.0,0.0,0.0031836107136768987,0.0,0.0,0.0,0.0,0.0,,,,,,,
-0.003160669934004545,imappo,1.5844808132214894e-08,0.284656822681427,0.0009288762920973659,237.0,,,,,,,,,,,,,,0.4683894631543848,,,,,0.03294365108013153,7.360317977145314e-05
,imappo,,,,237.0,0.0,0.0,0.003680158835777547,0.0,0.0,0.0,0.0,0.003680158835777547,0.0,0.0,0.0,0.0,0.0,,,,,,,
0.009739208966493607,imappo,1.498692725476758e-08,0.16007916629314423,0.0009285761920640213,238.0,,,,,,,,,,,,,,0.46825608536178726,,,,,0.027696652337908745,6.669075082754716e-05
,imappo,,,,238.0,0.0,0.0,0.003334537730552256,0.0,0.0,0.0,0.0,0.003334537730552256,0.0,0.0,0.0,0.0,0.0,,,,,,,
-0.009797117672860622,imappo,1.911020675038344e-08,0.2331548035144806,0.0009282760920306769,239.0,,,,,,,,,,,,,,0.4681227075691897,,,,,0.0356091633439064,7.944551907712594e-05
,imappo,,,,239.0,0.0,0.0,0.003972276193962898,0.0,0.0,0.0,0.0,0.003972276193962898,0.0,0.0,0.0,0.0,0.0,,,,,,,
-0.0018977161962538958,imappo,1.4651178936730958e-08,0.21779689192771912,0.0009279759919973325,240.0,,,,,,,,,,,,,,0.4679893297765922,,,,,0.030531054362654686,7.021438796073198e-05
,imappo,,,,240.0,0.0,0.0,0.003510719459882239,0.0,0.0,0.0,0.0,0.003510719459882239,0.0,0.0,0.0,0.0,0.0,,,,,,,
-0.006045987363904715,imappo,2.6765274441231668e-08,0.17875295877456665,0.000927675891963988,241.0,,,,,,,,,,,,,,0.46785595198399466,,,,,0.03143874555826187,6.831095379311591e-05
,imappo,,,,241.0,0.0,0.0,0.003415547947952291,0.0,0.0,0.0,0.0,0.003415547947952291,0.0,0.0,0.0,0.0,0.0,,,,,,,
-0.005829651840031147,imappo,2.113269204073731e-08,0.1035262793302536,0.0009273757919306436,242.0,,,,,,,,,,,,,,0.4677225741913971,,,,,0.03162778913974762,7.636951340828091e-05
,imappo,,,,242.0,0.0,0.0,0.00381847556491266,0.0,0.0,0.0,0.0,0.00381847556491266,0.0,0.0,0.0,0.0,0.0,,,,,,,
-0.0076114218682050705,imappo,1.6218507425946882e-08,0.1013164073228836,0.0009270756918972991,243.0,,,,,,,,,,,,,,0.4675891963987996,,,,,0.028503162786364555,6.991953705437481e-05
,imappo,,,,243.0,0.0,0.0,0.0034959769145643804,0.0,0.0,0.0,0.0,0.0034959769145643804,0.0,0.0,0.0,0.0,0.0,,,,,,,
-0.009546162560582161,imappo,1.6037528638435106e-08,-0.005741792730987072,0.0009267755918639547,244.0,,,,,,,,,,,,,,0.46745581860620206,,,,,0.02847275882959366,6.14903328823857e-05
,imappo,,,,244.0,0.0,0.0,0.0030745168951398227,0.0,0.0,0.0,0.0,0.0030745168951398227,0.0,0.0,0.0,0.0,0.0,,,,,,,
-0.0061075277626514435,imappo,1.5830858401955084e-08,0.05934426560997963,0.0009264754918306103,245.0,,,,,,,,,,,,,,0.4673224408136045,,,,,0.0273069366812706,6.617286999244243e-05
,imappo,,,,245.0,0.0,0.0,0.00330864365605521,0.0,0.0,0.0,0.0,0.00330864365605521,0.0,0.0,0.0,0.0,0.0,,,,,,,
-0.0055527882650494576,imappo,2.531264264860056e-08,0.15561385452747345,0.0009261753917972657,246.0,,,,,,,,,,,,,,0.467189063021007,,,,,0.03111068159341812,7.795804413035512e-05
,imappo,,,,246.0,0.0,0.0,0.0038979015698714647,0.0,0.0,0.0,0.0,0.0038979015698714647,0.0,0.0,0.0,0.0,0.0,,,,,,,
-0.003923715092241764,imappo,1.802712290555064e-08,-0.00883069820702076,0.0009258752917639213,247.0,,,,,,,,,,,,,,0.46705568522840946,,,,,0.02619536966085434,6.470696825999767e-05
,imappo,,,,247.0,0.0,0.0,0.0032353483511542436,0.0,0.0,0.0,0.0,0.0032353483511542436,0.0,0.0,0.0,0.0,0.0,,,,,,,
-0.009527171961963177,imappo,1.4887564958598887e-08,-0.04573336988687515,0.0009255751917305769,248.0,,,,,,,,,,,,,,0.4669223074358119,,,,,0.031396105885505676,7.444730727002025e-05
,imappo,,,,248.0,0.0,0.0,0.0037223656254354864,0.0,0.0,0.0,0.0,0.0037223656254354864,0.0,0.0,0.0,0.0,0.0,,,,,,,
0.0016381829045712948,imappo,1.4635910261517893e-08,-0.06607096642255783,0.0009252750916972324,249.0,,,,,,,,,,,,,,0.4667889296432144,,,,,0.030042272061109543,7.356842252193019e-05
,imappo,,,,249.0,0.0,0.0,0.003678421173390234,0.0,0.0,0.0,0.0,0.003678421173390234,0.0,0.0,0.0,0.0,0.0,,,,,,,
-0.005201644264161587,imappo,1.2821247175054395e-08,-0.06994576007127762,0.000924974991663888,250.0,,,,,,,,,,,,,,0.46665555185061686,,,,,0.027974803000688553,7.172176265157759e-05
,imappo,,,,250.0,0.0,0.0,0.003586088034353452,0.0,0.0,0.0,0.0,0.003586088034353452,0.0,0.0,0.0,0.0,0.0,,,,,,,
0.002629432361572981,imappo,1.1626724472080241e-08,-0.07123935222625732,0.0009246748916305435,251.0,,,,,,,,,,,,,,0.4665221740580193,,,,,0.03383931890130043,7.410597027046606e-05
,imappo,,,,251.0,0.0,0.0,0.0037052983861940447,0.0,0.0,0.0,0.0,0.0037052983861940447,0.0,0.0,0.0,0.0,0.0,,,,,,,
-0.007061684969812632,imappo,2.5640934708803798e-08,0.09493662416934967,0.0009243747915971991,252.0,,,,,,,,,,,,,,0.4663887962654218,,,,,0.03500489890575409,7.760101289022714e-05
,imappo,,,,252.0,0.0,0.0,0.0038800507136329543,0.0,0.0,0.0,0.0,0.0038800507136329543,0.0,0.0,0.0,0.0,0.0,,,,,,,
-0.0035448900889605284,imappo,2.2874790062132888e-08,-0.1284622997045517,0.0009240746915638547,253.0,,,,,,,,,,,,,,0.46625541847282426,,,,,0.030717916786670685,6.947831570869312e-05
,imappo,,,,253.0,0.0,0.0,0.003473915745416889,0.0,0.0,0.0,0.0,0.003473915745416889,0.0,0.0,0.0,0.0,0.0,,,,,,,
-0.00034497358137741685,imappo,1.8209732388640987e-08,-0.14820556342601776,0.0009237745915305102,254.0,,,,,,,,,,,,,,0.4661220406802267,,,,,0.029624689370393753,6.872563972137868e-05
,imappo,,,,254.0,0.0,0.0,0.003436281705944566,0.0,0.0,0.0,0.0,0.003436281705944566,0.0,0.0,0.0,0.0,0.0,,,,,,,
-0.004643799737095833,imappo,1.4035095752262805e-08,-0.179213285446167,0.0009234744914971657,255.0,,,,,,,,,,,,,,0.4659886628876292,,,,,0.03081214800477028,6.970282265683636e-05
,imappo,,,,255.0,0.0,0.0,0.003485141318378737,0.0,0.0,0.0,0.0,0.003485141318378737,0.0,0.0,0.0,0.0,0.0,,,,,,,
0.00219980557449162,imappo,1.860290588240332e-08,-0.007090154569596052,0.0009231743914638213,256.0,,,,,,,,,,,,,,0.46585528509503166,,,,,0.03192410245537758,8.028985757846385e-05
,imappo,,,,256.0,0.0,0.0,0.004014492966234684,0.0,0.0,0.0,0.0,0.004014492966234684,0.0,0.0,0.0,0.0,0.0,,,,,,,
-0.010428154841065407,imappo,1.8149846070514286e-08,-0.1845369189977646,0.0009228742914304768,257.0,,,,,,,,,,,,,,0.4657219073024341,,,,,0.024808350950479507,6.341364496620372e-05
,imappo,,,,257.0,0.0,0.0,0.003170682306517847,0.0,0.0,0.0,0.0,0.003170682306517847,0.0,0.0,0.0,0.0,0.0,,,,,,,
0.018812432885169983,imappo,2.7330557372806652e-08,-0.014648763462901115,0.0009225741913971324,258.0,,,,,,,,,,,,,,0.4655885295098366,,,,,0.03359021246433258,8.583682938478887e-05
,imappo,,,,258.0,0.0,0.0,0.004291841061785817,0.0,0.0,0.0,0.0,0.004291841061785817,0.0,0.0,0.0,0.0,0.0,,,,,,,
-0.007328108884394169,imappo,1.7174805577724328e-08,-0.010441555641591549,0.0009222740913637879,259.0,,,,,,,,,,,,,,0.46545515171723906,,,,,0.035052068531513214,7.908351108198985e-05
,imappo,,,,259.0,0.0,0.0,0.003954175475882948,0.0,0.0,0.0,0.0,0.003954175475882948,0.0,0.0,0.0,0.0,0.0,,,,,,,
0.015801139175891876,imappo,2.272610544196141e-08,-0.28098762035369873,0.0009219739913304435,260.0,,,,,,,,,,,,,,0.4653217739246415,,,,,0.027804462239146233,6.700216181343421e-05
,imappo,,,,260.0,0.0,0.0,0.0033501083198643755,0.0,0.0,0.0,0.0,0.0033501083198643755,0.0,0.0,0.0,0.0,0.0,,,,,,,
-0.004653005860745907,imappo,1.8188535122476424e-08,0.06041106581687927,0.0009216738912970991,261.0,,,,,,,,,,,,,,0.465188396132044,,,,,0.03182297199964523,7.091293082339689e-05
,imappo,,,,261.0,0.0,0.0,0.003545646719430806,0.0,0.0,0.0,0.0,0.003545646719430806,0.0,0.0,0.0,0.0,0.0,,,,,,,
-0.00572541356086731,imappo,1.4126995573349177e-08,-0.2833385169506073,0.0009213737912637546,262.0,,,,,,,,,,,,,,0.46505501833944646,,,,,0.029160665348172188,6.367817695718259e-05
,imappo,,,,262.0,0.0,0.0,0.003183908909704769,0.0,0.0,0.0,0.0,0.003183908909704769,0.0,0.0,0.0,0.0,0.0,,,,,,,
-0.0011233220575377345,imappo,2.034567359032735e-08,0.02784200757741928,0.0009210736912304102,263.0,,,,,,,,,,,,,,0.4649216405468489,,,,,0.0326506644487381,7.861597259761766e-05
,imappo,,,,263.0,0.0,0.0,0.003930798666260671,0.0,0.0,0.0,0.0,0.003930798666260671,0.0,0.0,0.0,0.0,0.0,,,,,,,
-9.7603042377159e-05,imappo,8.835573162002675e-09,-0.14917637407779694,0.0009207735911970658,264.0,,,,,,,,,,,,,,0.46478826275425145,,,,,0.0317973792552948,7.636914233444259e-05
,imappo,,,,264.0,0.0,0.0,0.0038184566801646724,0.0,0.0,0.0,0.0,0.0038184566801646724,0.0,0.0,0.0,0.0,0.0,,,,,,,
-0.0031175767071545124,imappo,1.1140772748774452e-08,-0.12792934477329254,0.0009204734911637212,265.0,,,,,,,,,,,,,,0.46465488496165386,,,,,0.032266467809677124,6.793657667003572e-05
,imappo,,,,265.0,0.0,0.0,0.003396828622499015,0.0,0.0,0.0,0.0,0.003396828622499015,0.0,0.0,0.0,0.0,0.0,,,,,,,
-0.0049157156608998775,imappo,2.1822319951070313e-08,-0.03540561720728874,0.0009201733911303768,266.0,,,,,,,,,,,,,,0.4645215071690564,,,,,0.033668190240859985,7.134265615604818e-05
,imappo,,,,266.0,0.0,0.0,0.0035671326104420586,0.0,0.0,0.0,0.0,0.0035671326104420586,0.0,0.0,0.0,0.0,0.0,,,,,,,
0.006596009712666273,imappo,1.067449684200028e-08,-0.1827825903892517,0.0009198732910970324,267.0,,,,,,,,,,,,,,0.4643881293764588,,,,,0.03139165788888931,6.821015995228663e-05
,imappo,,,,267.0,0.0,0.0,0.0034105080067092786,0.0,0.0,0.0,0.0,0.0034105080067092786,0.0,0.0,0.0,0.0,0.0,,,,,,,
-0.0023324484936892986,imappo,1.7935233742605305e-08,-0.26036712527275085,0.0009195731910636879,268.0,,,,,,,,,,,,,,0.4642547515838613,,,,,0.02891450747847557,6.586472591152415e-05
,imappo,,,,268.0,0.0,0.0,0.003293236095487373,0.0,0.0,0.0,0.0,0.003293236095487373,0.0,0.0,0.0,0.0,0.0,,,,,,,
-0.0018774605123326182,imappo,4.979753054357161e-09,-0.023380018770694733,0.0009192730910303435,269.0,,,,,,,,,,,,,,0.4641213737912637,,,,,0.031424157321453094,6.870050128782168e-05
,imappo,,,,269.0,0.0,0.0,0.0034350252749391075,0.0,0.0,0.0,0.0,0.0034350252749391075,0.0,0.0,0.0,0.0,0.0,,,,,,,
-0.0017827656120061874,imappo,9.311291293556678e-09,-0.04403195530176163,0.000918972990996999,270.0,,,,,,,,,,,,,,0.46398799599866625,,,,,0.03360562399029732,8.13538208603859e-05
,imappo,,,,270.0,0.0,0.0,0.00406769099572557,0.0,0.0,0.0,0.0,0.00406769099572557,0.0,0.0,0.0,0.0,0.0,,,,,,,
-0.009308864362537861,imappo,2.232868112628239e-08,-0.18858633935451508,0.0009186728909636546,271.0,,,,,,,,,,,,,,0.4638546182060687,,,,,0.030321214348077774,6.511715037049726e-05
,imappo,,,,271.0,0.0,0.0,0.0032558577794361554,0.0,0.0,0.0,0.0,0.0032558577794361554,0.0,0.0,0.0,0.0,0.0,,,,,,,
0.005994951818138361,imappo,9.466687878045832e-09,0.04487844184041023,0.0009183727909303102,272.0,,,,,,,,,,,,,,0.4637212404134712,,,,,0.03139951825141907,7.689528138143942e-05
,imappo,,,,272.0,0.0,0.0,0.00384476401086431,0.0,0.0,0.0,0.0,0.00384476401086431,0.0,0.0,0.0,0.0,0.0,,,,,,,
-0.004111732821911573,imappo,6.000308250264652e-09,0.07697458565235138,0.0009180726908969656,273.0,,,,,,,,,,,,,,0.46358786262087365,,,,,0.030589483678340912,7.624701538588852e-05
,imappo,,,,273.0,0.0,0.0,0.0038123510021250695,0.0,0.0,0.0,0.0,0.0038123510021250695,0.0,0.0,0.0,0.0,0.0,,,,,,,
-0.00417209742590785,imappo,1.1714877956592318e-08,-0.11008603125810623,0.0009177725908636212,274.0,,,,,,,,,,,,,,0.4634544848282761,,,,,0.028981192037463188,6.588733958778903e-05
,imappo,,,,274.0,0.0,0.0,0.0032943670375971124,0.0,0.0,0.0,0.0,0.0032943670375971124,0.0,0.0,0.0,0.0,0.0,,,,,,,
-0.002935634460300207,imappo,5.119507484607766e-09,0.08453653007745743,0.0009174724908302768,275.0,,,,,,,,,,,,,,0.4633211070356786,,,,,0.029174890369176865,6.332132761599496e-05
,imappo,,,,275.0,0.0,0.0,0.0031660665463277837,0.0,0.0,0.0,0.0,0.0031660665463277837,0.0,0.0,0.0,0.0,0.0,,,,,,,
0.0024798819795250893,imappo,1.703527274798944e-08,0.10108435899019241,0.0009171723907969323,276.0,,,,,,,,,,,,,,0.46318772924308105,,,,,0.033100053668022156,7.997031934792176e-05
,imappo,,,,276.0,0.0,0.0,0.00399851620386471,0.0,0.0,0.0,0.0,0.00399851620386471,0.0,0.0,0.0,0.0,0.0,,,,,,,
0.009884213097393513,imappo,9.097753661535535e-09,-0.06451795995235443,0.0009168722907635879,277.0,,,,,,,,,,,,,,0.4630543514504835,,,,,0.0342353954911232,8.124854502966627e-05
,imappo,,,,277.0,0.0,0.0,0.004062427222379483,0.0,0.0,0.0,0.0,0.004062427222379483,0.0,0.0,0.0,0.0,0.0,,,,,,,
-0.014018155634403229,imappo,1.1310355318983056e-08,-0.06249510496854782,0.0009165721907302435,278.0,,,,,,,,,,,,,,0.462920973657886,,,,,0.03325112909078598,8.014769991859794e-05
,imappo,,,,278.0,0.0,0.0,0.004007384770375211,0.0,0.0,0.0,0.0,0.004007384770375211,0.0,0.0,0.0,0.0,0.0,,,,,,,
-0.004942602012306452,imappo,6.4745289130030415e-09,0.09332908689975739,0.000916272090696899,279.0,,,,,,,,,,,,,,0.46278759586528845,,,,,0.03419024124741554,7.751383964205161e-05
,imappo,,,,279.0,0.0,0.0,0.0038756919238949195,0.0,0.0,0.0,0.0,0.0038756919238949195,0.0,0.0,0.0,0.0,0.0,,,,,,,
-0.00469768512994051,imappo,5.1783546339834174e-09,0.03708316758275032,0.0009159719906635546,280.0,,,,,,,,,,,,,,0.4626542180726909,,,,,0.031672731041908264,7.792125688865781e-05
,imappo,,,,280.0,0.0,0.0,0.00389606281532906,0.0,0.0,0.0,0.0,0.00389606281532906,0.0,0.0,0.0,0.0,0.0,,,,,,,
-0.004178981762379408,imappo,5.819562165498837e-09,0.05907585844397545,0.00091567189063021,281.0,,,,,,,,,,,,,,0.4625208402800934,,,,,0.030384665355086327,6.891286466270685e-05
,imappo,,,,281.0,0.0,0.0,0.0034456434405001346,0.0,0.0,0.0,0.0,0.0034456434405001346,0.0,0.0,0.0,0.0,0.0,,,,,,,
0.005750406999140978,imappo,1.0042189302339466e-08,-0.103507861495018,0.0009153717905968656,282.0,,,,,,,,,,,,,,0.46238746248749585,,,,,0.03147505596280098,7.094295870047063e-05
,imappo,,,,282.0,0.0,0.0,0.003547148015059065,0.0,0.0,0.0,0.0,0.003547148015059065,0.0,0.0,0.0,0.0,0.0,,,,,,,
-0.0033195449505001307,imappo,6.61104326837858e-09,0.047609828412532806,0.0009150716905635212,283.0,,,,,,,,,,,,,,0.4622540846948983,,,,,0.03387167304754257,8.499285468133166e-05
,imappo,,,,283.0,0.0,0.0,0.004249642668582965,0.0,0.0,0.0,0.0,0.004249642668582965,0.0,0.0,0.0,0.0,0.0,,,,,,,
-0.008611953817307949,imappo,1.9210295576499448e-08,-0.10133721679449081,0.0009147715905301767,284.0,,,,,,,,,,,,,,0.4621207069023008,,,,,0.02950138971209526,7.047780673019588e-05
,imappo,,,,284.0,0.0,0.0,0.0035238901618868113,0.0,0.0,0.0,0.0,0.0035238901618868113,0.0,0.0,0.0,0.0,0.0,,,,,,,
0.0049331216141581535,imappo,7.074161256781508e-09,0.08754222840070724,0.0009144714904968323,285.0,,,,,,,,,,,,,,0.46198732910970325,,,,,0.031403884291648865,7.34038112568669e-05
,imappo,,,,285.0,0.0,0.0,0.0036701903154607862,0.0,0.0,0.0,0.0,0.0036701903154607862,0.0,0.0,0.0,0.0,0.0,,,,,,,
-0.007914729416370392,imappo,1.1830823432035231e-08,-0.08966045081615448,0.0009141713904634879,286.0,,,,,,,,,,,,,,0.4618539513171057,,,,,0.029025107622146606,6.691266753477976e-05
,imappo,,,,286.0,0.0,0.0,0.0033456335877417587,0.0,0.0,0.0,0.0,0.0033456335877417587,0.0,0.0,0.0,0.0,0.0,,,,,,,
-0.007380313239991665,imappo,7.854496608672434e-09,0.0632682517170906,0.0009138712904301434,287.0,,,,,,,,,,,,,,0.4617205735245082,,,,,0.029374077916145325,6.53184179100208e-05
,imappo,,,,287.0,0.0,0.0,0.0032659208882250823,0.0,0.0,0.0,0.0,0.0032659208882250823,0.0,0.0,0.0,0.0,0.0,,,,,,,
-0.000548947078641504,imappo,1.8621260977624843e-08,-0.19817399978637695,0.000913571190396799,288.0,,,,,,,,,,,,,,0.46158719573191065,,,,,0.029329223558306694,6.818502879468724e-05
,imappo,,,,288.0,0.0,0.0,0.003409251556149684,0.0,0.0,0.0,0.0,0.003409251556149684,0.0,0.0,0.0,0.0,0.0,,,,,,,
-0.004783308133482933,imappo,9.858642791016337e-09,-0.03720425069332123,0.0009132710903634545,289.0,,,,,,,,,,,,,,0.4614538179393131,,,,,0.030830098316073418,7.065094541758299e-05
,imappo,,,,289.0,0.0,0.0,0.0035325473436387256,0.0,0.0,0.0,0.0,0.0035325473436387256,0.0,0.0,0.0,0.0,0.0,,,,,,,
0.004885626491159201,imappo,2.505096219351799e-08,-0.1083536297082901,0.0009129709903301101,290.0,,,,,,,,,,,,,,0.4613204401467156,,,,,0.027056381106376648,6.583937647519633e-05
,imappo,,,,290.0,0.0,0.0,0.0032919689547270536,0.0,0.0,0.0,0.0,0.0032919689547270536,0.0,0.0,0.0,0.0,0.0,,,,,,,
-0.0038850337732583284,imappo,3.0688287466773545e-08,-0.2841993570327759,0.0009126708902967656,291.0,,,,,,,,,,,,,,0.46118706235411805,,,,,0.0288630910217762,6.452491652453318e-05
,imappo,,,,291.0,0.0,0.0,0.0032262457643810194,0.0,0.0,0.0,0.0,0.0032262457643810194,0.0,0.0,0.0,0.0,0.0,,,,,,,
-6.822781870141625e-06,imappo,5.054628715583931e-09,0.08533331006765366,0.0009123707902634211,292.0,,,,,,,,,,,,,,0.4610536845615205,,,,,0.03384673595428467,7.524673856096342e-05
,imappo,,,,292.0,0.0,0.0,0.003762336757063167,0.0,0.0,0.0,0.0,0.003762336757063167,0.0,0.0,0.0,0.0,0.0,,,,,,,
-0.004970406647771597,imappo,1.6218654863564552e-08,-0.08447994291782379,0.0009120706902300767,293.0,,,,,,,,,,,,,,0.460920306768923,,,,,0.030270591378211975,6.577658496098593e-05
,imappo,,,,293.0,0.0,0.0,0.0032888290988921653,0.0,0.0,0.0,0.0,0.0032888290988921653,0.0,0.0,0.0,0.0,0.0,,,,,,,
-0.004045427776873112,imappo,1.371543856265589e-08,-0.062426891177892685,0.0009117705901967323,294.0,,,,,,,,,,,,,,0.46078692897632545,,,,,0.032339077442884445,7.414926221827045e-05
,imappo,,,,294.0,0.0,0.0,0.003707463063619798,0.0,0.0,0.0,0.0,0.003707463063619798,0.0,0.0,0.0,0.0,0.0,,,,,,,
-0.004529267083853483,imappo,3.544065663163565e-08,-0.1665898859500885,0.0009114704901633878,295.0,,,,,,,,,,,,,,0.4606535511837279,,,,,0.030288197100162506,7.073254528222606e-05
,imappo,,,,295.0,0.0,0.0,0.0035366273223189637,0.0,0.0,0.0,0.0,0.0035366273223189637,0.0,0.0,0.0,0.0,0.0,,,,,,,
0.007094582077115774,imappo,2.3329796761117905e-08,-0.06789480894804001,0.0009111703901300434,296.0,,,,,,,,,,,,,,0.4605201733911304,,,,,0.031240297481417656,7.24632409401238e-05
,imappo,,,,296.0,0.0,0.0,0.003623162308940664,0.0,0.0,0.0,0.0,0.003623162308940664,0.0,0.0,0.0,0.0,0.0,,,,,,,
-0.008365961723029613,imappo,8.254585459610553e-09,0.007508409675210714,0.0009108702900966989,297.0,,,,,,,,,,,,,,0.46038679559853285,,,,,0.031298667192459106,6.98172880220227e-05
,imappo,,,,297.0,0.0,0.0,0.00349086417190847,0.0,0.0,0.0,0.0,0.00349086417190847,0.0,0.0,0.0,0.0,0.0,,,,,,,
-0.014855381101369858,imappo,5.4625508560945946e-09,0.14058713614940643,0.0009105701900633545,298.0,,,,,,,,,,,,,,0.4602534178059353,,,,,0.030832767486572266,7.036112947389483e-05
,imappo,,,,298.0,0.0,0.0,0.0035180564773327205,0.0,0.0,0.0,0.0,0.0035180564773327205,0.0,0.0,0.0,0.0,0.0,,,,,,,
-0.007242193445563316,imappo,1.213346845219121e-08,-0.13320736587047577,0.0009102700900300101,299.0,,,,,,,,,,,,,,0.4601200400133378,,,,,0.030313193798065186,7.084709795890376e-05
,imappo,,,,299.0,0.0,0.0,0.0035423548615654,0.0,0.0,0.0,0.0,0.0035423548615654,0.0,0.0,0.0,0.0,0.0,,,,,,,
,imappo,,,,299.0,,,,,,,,,,,,,,,0.0,0.0,0.0,0.0,,
-0.003652602434158325,imappo,6.967908916521992e-08,-0.3099170923233032,0.0009099699899966655,300.0,,,,,,,,,,,,,,0.45998666222074025,,,,,0.027565158903598785,6.375656084856018e-05
,imappo,,,,300.0,0.0,0.0,0.003187827951478539,0.0,0.0,0.0,0.0,0.003187827951478539,0.0,0.0,0.0,0.0,0.0,,,,,,,
-0.005412616301327944,imappo,4.0893542774256275e-08,-0.010501695796847343,0.0009096698899633211,301.0,,,,,,,,,,,,,,0.4598532844281427,,,,,0.03061588481068611,6.891771772643551e-05
,imappo,,,,301.0,0.0,0.0,0.0034458860791346524,0.0,0.0,0.0,0.0,0.0034458860791346524,0.0,0.0,0.0,0.0,0.0,,,,,,,
-0.0023993528448045254,imappo,3.590251651530707e-08,-0.3109084367752075,0.0009093697899299767,302.0,,,,,,,,,,,,,,0.4597199066355452,,,,,0.028678396716713905,6.989127723500133e-05
,imappo,,,,302.0,0.0,0.0,0.0034945636143675074,0.0,0.0,0.0,0.0,0.0034945636143675074,0.0,0.0,0.0,0.0,0.0,,,,,,,
-0.006873196456581354,imappo,3.742622656233152e-09,0.12655484676361084,0.0009090696898966322,303.0,,,,,,,,,,,,,,0.45958652884294765,,,,,0.03506865352392197,7.54846041672863e-05
,imappo,,,,303.0,0.0,0.0,0.0037742299482488306,0.0,0.0,0.0,0.0,0.0037742299482488306,0.0,0.0,0.0,0.0,0.0,,,,,,,
0.000968456151895225,imappo,6.313067046903598e-08,-0.33192214369773865,0.0009087695898632878,304.0,,,,,,,,,,,,,,0.4594531510503501,,,,,0.02592235989868641,5.999723362037912e-05
,imappo,,,,304.0,0.0,0.0,0.002999861582793528,0.0,0.0,0.0,0.0,0.002999861582793528,0.0,0.0,0.0,0.0,0.0,,,,,,,
-0.0035032222513109446,imappo,5.069443886895897e-08,-0.15456493198871613,0.0009084694898299434,305.0,,,,,,,,,,,,,,0.4593197732577526,,,,,0.02906813472509384,6.713614129694179e-05
,imappo,,,,305.0,0.0,0.0,0.003356807163072517,0.0,0.0,0.0,0.0,0.003356807163072517,0.0,0.0,0.0,0.0,0.0,,,,,,,
-0.00822220928966999,imappo,1.405141176746838e-07,-0.37415990233421326,0.0009081693897965989,306.0,,,,,,,,,,,,,,0.45918639546515505,,,,,0.024344541132450104,5.800828512292355e-05
,imappo,,,,306.0,0.0,0.0,0.0029004140087636188,0.0,0.0,0.0,0.0,0.0029004140087636188,0.0,0.0,0.0,0.0,0.0,,,,,,,
-0.006749516818672419,imappo,2.808328503078883e-08,0.16710075736045837,0.0009078692897632545,307.0,,,,,,,,,,,,,,0.4590530176725575,,,,,0.03468511626124382,7.800012826919556e-05
,imappo,,,,307.0,0.0,0.0,0.0039000064207357354,0.0,0.0,0.0,0.0,0.0039000064207357354,0.0,0.0,0.0,0.0,0.0,,,,,,,
0.00030865235021337867,imappo,3.6507898926174676e-08,-0.1241508200764656,0.00090756918972991,308.0,,,,,,,,,,,,,,0.45891963987996,,,,,0.028291527181863785,6.587550160475075e-05
,imappo,,,,308.0,0.0,0.0,0.0032937752366706263,0.0,0.0,0.0,0.0,0.0032937752366706263,0.0,0.0,0.0,0.0,0.0,,,,,,,
0.0010100939543917775,imappo,4.422331656428469e-08,-0.20114800333976746,0.0009072690896965655,309.0,,,,,,,,,,,,,,0.45878626208736245,,,,,0.030099090188741684,6.72910173307173e-05
,imappo,,,,309.0,0.0,0.0,0.00336455097203725,0.0,0.0,0.0,0.0,0.00336455097203725,0.0,0.0,0.0,0.0,0.0,,,,,,,
0.005578638520091772,imappo,8.289251951509868e-08,-0.3640945553779602,0.0009069689896632211,310.0,,,,,,,,,,,,,,0.4586528842947649,,,,,0.029599912464618683,6.953439151402563e-05
,imappo,,,,310.0,0.0,0.0,0.0034767195174936205,0.0,0.0,0.0,0.0,0.0034767195174936205,0.0,0.0,0.0,0.0,0.0,,,,,,,
0.008325080387294292,imappo,1.2917624303554476e-07,-0.39853712916374207,0.0009066688896298766,311.0,,,,,,,,,,,,,,0.4585195065021674,,,,,0.026418529450893402,6.448305794037879e-05
,imappo,,,,311.0,0.0,0.0,0.00322415316986735,0.0,0.0,0.0,0.0,0.00322415316986735,0.0,0.0,0.0,0.0,0.0,,,,,,,
-0.012959812767803669,imappo,3.564219852592032e-08,0.14501801133155823,0.0009063687895965322,312.0,,,,,,,,,,,,,,0.45838612870956985,,,,,0.032948680222034454,7.527567504439503e-05
,imappo,,,,312.0,0.0,0.0,0.003763783628528472,0.0,0.0,0.0,0.0,0.003763783628528472,0.0,0.0,0.0,0.0,0.0,,,,,,,
-0.002839017892256379,imappo,7.6040258534249e-08,-0.37294310331344604,0.0009060686895631877,313.0,,,,,,,,,,,,,,0.4582527509169723,,,,,0.02732655592262745,6.680955993942916e-05
,imappo,,,,313.0,0.0,0.0,0.0033404778623662423,0.0,0.0,0.0,0.0,0.0033404778623662423,0.0,0.0,0.0,0.0,0.0,,,,,,,
-0.0028775413520634174,imappo,4.601035641371709e-08,-0.11024903506040573,0.0009057685895298433,314.0,,,,,,,,,,,,,,0.4581193731243748,,,,,0.029108650982379913,6.582093192264438e-05
,imappo,,,,314.0,0.0,0.0,0.0032910466034081765,0.0,0.0,0.0,0.0,0.0032910466034081765,0.0,0.0,0.0,0.0,0.0,,,,,,,
0.007063938770443201,imappo,3.7010376985335824e-08,-0.19088709354400635,0.0009054684894964989,315.0,,,,,,,,,,,,,,0.45798599533177725,,,,,0.032297320663928986,7.502425432903692e-05
,imappo,,,,315.0,0.0,0.0,0.003751212661882164,0.0,0.0,0.0,0.0,0.003751212661882164,0.0,0.0,0.0,0.0,0.0,,,,,,,
0.0013243623543530703,imappo,3.2669753124991985e-08,0.10811075568199158,0.0009051683894631545,316.0,,,,,,,,,,,,,,0.4578526175391797,,,,,0.03206510841846466,7.290818030014634e-05
,imappo,,,,316.0,0.0,0.0,0.0036454088549362496,0.0,0.0,0.0,0.0,0.0036454088549362496,0.0,0.0,0.0,0.0,0.0,,,,,,,
-0.0017267839284613729,imappo,2.4763314954157067e-08,-0.06775936484336853,0.00090486828942981,317.0,,,,,,,,,,,,,,0.4577192397465822,,,,,0.02982509136199951,6.64917315589264e-05
,imappo,,,,317.0,0.0,0.0,0.0033245862559851957,0.0,0.0,0.0,0.0,0.0033245862559851957,0.0,0.0,0.0,0.0,0.0,,,,,,,
-0.003389590885490179,imappo,1.1617601103353081e-08,-0.03112558275461197,0.0009045681893964655,318.0,,,,,,,,,,,,,,0.45758586195398465,,,,,0.03218899294734001,7.260315760504454e-05
,imappo,,,,318.0,0.0,0.0,0.003630158371379366,0.0,0.0,0.0,0.0,0.003630158371379366,0.0,0.0,0.0,0.0,0.0,,,,,,,
-0.0034348336048424244,imappo,1.8978039140193914e-09,0.1740017831325531,0.000904268089363121,319.0,,,,,,,,,,,,,,0.4574524841613871,,,,,0.032469674944877625,7.360925519606099e-05
,imappo,,,,319.0,0.0,0.0,0.003680462938518758,0.0,0.0,0.0,0.0,0.003680462938518758,0.0,0.0,0.0,0.0,0.0,,,,,,,
-0.0011220121523365378,imappo,2.9981332971829033e-09,0.059830088168382645,0.0009039679893297766,320.0,,,,,,,,,,,,,,0.4573191063687896,,,,,0.0325118750333786,7.654460932826623e-05
,imappo,,,,320.0,0.0,0.0,0.003827230670140125,0.0,0.0,0.0,0.0,0.003827230670140125,0.0,0.0,0.0,0.0,0.0,,,,,,,
0.0008097796235233545,imappo,5.770130595550427e-09,0.07367080450057983,0.0009036678892964322,321.0,,,,,,,,,,,,,,0.45718572857619205,,,,,0.03430087864398956,7.775579433655366e-05
,imappo,,,,321.0,0.0,0.0,0.0038877896513440646,0.0,0.0,0.0,0.0,0.0038877896513440646,0.0,0.0,0.0,0.0,0.0,,,,,,,
-0.00787317380309105,imappo,1.2691973694245462e-08,0.022825175896286964,0.0009033677892630877,322.0,,,,,,,,,,,,,,0.4570523507835945,,,,,0.030441785231232643,6.877676787553355e-05
,imappo,,,,322.0,0.0,0.0,0.0034388387139188126,0.0,0.0,0.0,0.0,0.0034388387139188126,0.0,0.0,0.0,0.0,0.0,,,,,,,
-0.00016661592235323042,imappo,2.451910230405474e-09,0.12395370751619339,0.0009030676892297433,323.0,,,,,,,,,,,,,,0.456918972990997,,,,,0.03355342894792557,8.194854308385402e-05
,imappo,,,,323.0,0.0,0.0,0.004097427059605252,0.0,0.0,0.0,0.0,0.004097427059605252,0.0,0.0,0.0,0.0,0.0,,,,,,,
-0.005616598762571812,imappo,5.903418642816405e-09,0.08021218329668045,0.0009027675891963988,324.0,,,,,,,,,,,,,,0.45678559519839945,,,,,0.03564992919564247,8.746280946070328e-05
,imappo,,,,324.0,0.0,0.0,0.004373140895040706,0.0,0.0,0.0,0.0,0.004373140895040706,0.0,0.0,0.0,0.0,0.0,,,,,,,
0.002695225877687335,imappo,5.67460709532952e-08,-0.26829153299331665,0.0009024674891630544,325.0,,,,,,,,,,,,,,0.4566522174058019,,,,,0.02859744057059288,6.691305316053331e-05
,imappo,,,,325.0,0.0,0.0,0.003345652934513055,0.0,0.0,0.0,0.0,0.003345652934513055,0.0,0.0,0.0,0.0,0.0,,,,,,,
-0.004446695558726788,imappo,4.191515046159111e-08,-0.07097101956605911,0.00090216738912971,326.0,,,,,,,,,,,,,,0.4565188396132044,,,,,0.029552079737186432,6.715374911436811e-05
,imappo,,,,326.0,0.0,0.0,0.003357687426614575,0.0,0.0,0.0,0.0,0.003357687426614575,0.0,0.0,0.0,0.0,0.0,,,,,,,
-0.0025909545365720987,imappo,7.549111558091681e-09,0.17166844010353088,0.0009018672890963654,327.0,,,,,,,,,,,,,,0.45638546182060685,,,,,0.03319753706455231,7.827291847206652e-05
,imappo,,,,327.0,0.0,0.0,0.003913646411092486,0.0,0.0,0.0,0.0,0.003913646411092486,0.0,0.0,0.0,0.0,0.0,,,,,,,
-0.0039434111677110195,imappo,6.784503625567595e-08,-0.271466463804245,0.000901567189063021,328.0,,,,,,,,,,,,,,0.4562520840280093,,,,,0.027996119111776352,6.559939356520772e-05
,imappo,,,,328.0,0.0,0.0,0.003279969994764542,0.0,0.0,0.0,0.0,0.003279969994764542,0.0,0.0,0.0,0.0,0.0,,,,,,,
-0.0025704854633659124,imappo,3.1729403104918674e-08,0.1828385293483734,0.0009012670890296766,329.0,,,,,,,,,,,,,,0.4561187062354118,,,,,0.028535861521959305,6.796491652494296e-05
,imappo,,,,329.0,0.0,0.0,0.0033982459390244912,0.0,0.0,0.0,0.0,0.0033982459390244912,0.0,0.0,0.0,0.0,0.0,,,,,,,
-0.00384660460986197,imappo,4.113395846161438e-09,0.13692839443683624,0.0009009669889963321,330.0,,,,,,,,,,,,,,0.45598532844281425,,,,,0.03144180402159691,7.366797217400745e-05
,imappo,,,,330.0,0.0,0.0,0.0036833983795077074,0.0,0.0,0.0,0.0,0.0036833983795077074,0.0,0.0,0.0,0.0,0.0,,,,,,,
0.001366284559480846,imappo,3.969335526932127e-09,0.13711819052696228,0.0009006668889629877,331.0,,,,,,,,,,,,,,0.4558519506502167,,,,,0.03429710119962692,8.115541277220473e-05
,imappo,,,,331.0,0.0,0.0,0.004057770791405346,0.0,0.0,0.0,0.0,0.004057770791405346,0.0,0.0,0.0,0.0,0.0,,,,,,,
-0.005560650490224361,imappo,3.9351021996480995e-08,-0.0989106222987175,0.0009003667889296433,332.0,,,,,,,,,,,,,,0.4557185728576192,,,,,0.030212150886654854,6.826966273365542e-05
,imappo,,,,332.0,0.0,0.0,0.003413483136682771,0.0,0.0,0.0,0.0,0.003413483136682771,0.0,0.0,0.0,0.0,0.0,,,,,,,
-0.00213196175172925,imappo,5.0999076961488754e-08,-0.11901616305112839,0.0009000666888962988,333.0,,,,,,,,,,,,,,0.45558519506502165,,,,,0.02944950759410858,6.776079681003466e-05
,imappo,,,,333.0,0.0,0.0,0.003388040200661635,0.0,0.0,0.0,0.0,0.003388040200661635,0.0,0.0,0.0,0.0,0.0,,,,,,,
-0.0025215321220457554,imappo,3.2116211912125436e-08,0.0109062809497118,0.0008997665888629544,334.0,,,,,,,,,,,,,,0.4554518172724241,,,,,0.03126029670238495,7.427875971188769e-05
,imappo,,,,334.0,0.0,0.0,0.0037139378473511897,0.0,0.0,0.0,0.0,0.0037139378473511897,0.0,0.0,0.0,0.0,0.0,,,,,,,
0.004712274298071861,imappo,7.609303054323391e-08,-0.1478041261434555,0.0008994664888296098,335.0,,,,,,,,,,,,,,0.4553184394798266,,,,,0.028518371284008026,6.37948905932717e-05
,imappo,,,,335.0,0.0,0.0,0.003189744737028377,0.0,0.0,0.0,0.0,0.003189744737028377,0.0,0.0,0.0,0.0,0.0,,,,,,,
-0.004214099608361721,imappo,5.7662365549049355e-08,-0.17584876716136932,0.0008991663887962654,336.0,,,,,,,,,,,,,,0.45518506168722905,,,,,0.033183179795742035,7.884752994868904e-05
,imappo,,,,336.0,0.0,0.0,0.003942376461054664,0.0,0.0,0.0,0.0,0.003942376461054664,0.0,0.0,0.0,0.0,0.0,,,,,,,
-0.00992019847035408,imappo,8.59448050505307e-08,0.052591290324926376,0.000898866288762921,337.0,,,,,,,,,,,,,,0.4550516838946315,,,,,0.03007994033396244,7.074474706314504e-05
,imappo,,,,337.0,0.0,0.0,0.003537237505952362,0.0,0.0,0.0,0.0,0.003537237505952362,0.0,0.0,0.0,0.0,0.0,,,,,,,
-0.0057283854112029076,imappo,3.058472231032283e-08,0.06690000742673874,0.0008985661887295765,338.0,,,,,,,,,,,,,,0.454918306102034,,,,,0.03305478394031525,7.759886648273095e-05
,imappo,,,,338.0,0.0,0.0,0.003879943076753989,0.0,0.0,0.0,0.0,0.003879943076753989,0.0,0.0,0.0,0.0,0.0,,,,,,,
-0.006015583872795105,imappo,3.537812887088876e-08,0.124562568962574,0.0008982660886962321,339.0,,,,,,,,,,,,,,0.4547849283094365,,,,,0.027217309921979904,6.366984598571435e-05
,imappo,,,,339.0,0.0,0.0,0.0031834920664550737,0.0,0.0,0.0,0.0,0.0031834920664550737,0.0,0.0,0.0,0.0,0.0,,,,,,,
0.009938613511621952,imappo,2.7631440246977945e-08,-0.38181746006011963,0.0008979659886628877,340.0,,,,,,,,,,,,,,0.4546515505168389,,,,,0.031777046620845795,7.266891043400392e-05
,imappo,,,,340.0,0.0,0.0,0.0036334454525785986,0.0,0.0,0.0,0.0,0.0036334454525785986,0.0,0.0,0.0,0.0,0.0,,,,,,,
-0.00560722267255187,imappo,4.040736811816714e-08,-0.1404130458831787,0.0008976658886295432,341.0,,,,,,,,,,,,,,0.45451817272424144,,,,,0.03040151670575142,6.70172885293141e-05
,imappo,,,,341.0,0.0,0.0,0.0033508642809465528,0.0,0.0,0.0,0.0,0.0033508642809465528,0.0,0.0,0.0,0.0,0.0,,,,,,,
-0.0023168930783867836,imappo,2.4823087585446046e-08,-0.003351035062223673,0.0008973657885961988,342.0,,,,,,,,,,,,,,0.45438479493164385,,,,,0.03043903410434723,6.768383900634944e-05
,imappo,,,,342.0,0.0,0.0,0.003384191972145345,0.0,0.0,0.0,0.0,0.003384191972145345,0.0,0.0,0.0,0.0,0.0,,,,,,,
-0.009121252223849297,imappo,2.249253405750551e-08,-0.13424178957939148,0.0008970656885628544,343.0,,,,,,,,,,,,,,0.4542514171390464,,,,,0.02856113575398922,6.562919588759542e-05
,imappo,,,,343.0,0.0,0.0,0.0032814601327118,0.0,0.0,0.0,0.0,0.0032814601327118,0.0,0.0,0.0,0.0,0.0,,,,,,,
-0.008327344432473183,imappo,6.636796712200521e-08,-0.48491984605789185,0.0008967655885295098,344.0,,,,,,,,,,,,,,0.4541180393464488,,,,,0.028975434601306915,6.663046224275604e-05
,imappo,,,,344.0,0.0,0.0,0.003331522864755243,0.0,0.0,0.0,0.0,0.003331522864755243,0.0,0.0,0.0,0.0,0.0,,,,,,,
-0.00945463590323925,imappo,3.5143330023856834e-08,0.1093834787607193,0.0008964654884961654,345.0,,,,,,,,,,,,,,0.4539846615538513,,,,,0.033015236258506775,7.354464469244704e-05
,imappo,,,,345.0,0.0,0.0,0.003677232190966606,0.0,0.0,0.0,0.0,0.003677232190966606,0.0,0.0,0.0,0.0,0.0,,,,,,,
0.001712758094072342,imappo,2.166146728654894e-08,0.007977407425642014,0.0008961653884628209,346.0,,,,,,,,,,,,,,0.4538512837612537,,,,,0.03134630620479584,6.819286500103772e-05
,imappo,,,,346.0,0.0,0.0,0.0034096433701051865,0.0,0.0,0.0,0.0,0.0034096433701051865,0.0,0.0,0.0,0.0,0.0,,,,,,,
-0.003306714119389653,imappo,3.84198024505622e-08,-0.22519274055957794,0.0008958652884294765,347.0,,,,,,,,,,,,,,0.45371790596865624,,,,,0.028696557506918907,6.261173257371411e-05
,imappo,,,,347.0,0.0,0.0,0.0031305866068578325,0.0,0.0,0.0,0.0,0.0031305866068578325,0.0,0.0,0.0,0.0,0.0,,,,,,,
0.00047359010204672813,imappo,3.498776024457584e-08,-0.44110238552093506,0.0008955651883961321,348.0,,,,,,,,,,,,,,0.45358452817605865,,,,,0.031795959919691086,7.589741289848462e-05
,imappo,,,,348.0,0.0,0.0,0.003794870564888697,0.0,0.0,0.0,0.0,0.003794870564888697,0.0,0.0,0.0,0.0,0.0,,,,,,,
-0.002380086574703455,imappo,8.246306038017792e-08,-0.314248263835907,0.0008952650883627876,349.0,,,,,,,,,,,,,,0.4534511503834612,,,,,0.02890292927622795,6.637575279455632e-05
,imappo,,,,349.0,0.0,0.0,0.003318787297757808,0.0,0.0,0.0,0.0,0.003318787297757808,0.0,0.0,0.0,0.0,0.0,,,,,,,
-0.0033730457071214914,imappo,6.861790780021693e-08,0.08584621548652649,0.0008949649883294432,350.0,,,,,,,,,,,,,,0.4533177725908636,,,,,0.027460429817438126,6.427139305742458e-05
,imappo,,,,350.0,0.0,0.0,0.0032135696601471864,0.0,0.0,0.0,0.0,0.0032135696601471864,0.0,0.0,0.0,0.0,0.0,,,,,,,
-0.006691743619740009,imappo,4.64823912693646e-08,-0.3201066851615906,0.0008946648882960987,351.0,,,,,,,,,,,,,,0.4531843947982661,,,,,0.02748134173452854,6.347168528009206e-05
,imappo,,,,351.0,0.0,0.0,0.00317358406027779,0.0,0.0,0.0,0.0,0.00317358406027779,0.0,0.0,0.0,0.0,0.0,,,,,,,
-0.010476166382431984,imappo,4.0983586302445474e-08,-0.06205522641539574,0.0008943647882627543,352.0,,,,,,,,,,,,,,0.4530510170056685,,,,,0.02884986251592636,6.522460171254352e-05
,imappo,,,,352.0,0.0,0.0,0.0032612298055028077,0.0,0.0,0.0,0.0,0.0032612298055028077,0.0,0.0,0.0,0.0,0.0,,,,,,,
-0.0008029524469748139,imappo,4.043959833666122e-08,-0.07851425558328629,0.0008940646882294098,353.0,,,,,,,,,,,,,,0.45291763921307104,,,,,0.029561161994934082,6.628513074247167e-05
,imappo,,,,353.0,0.0,0.0,0.003314256544399541,0.0,0.0,0.0,0.0,0.003314256544399541,0.0,0.0,0.0,0.0,0.0,,,,,,,
-0.0062431576661765575,imappo,2.6856980639422545e-08,-0.12275190651416779,0.0008937645881960654,354.0,,,,,,,,,,,,,,0.4527842614204735,,,,,0.030325375497341156,7.008841203060001e-05
,imappo,,,,354.0,0.0,0.0,0.003504420496028615,0.0,0.0,0.0,0.0,0.003504420496028615,0.0,0.0,0.0,0.0,0.0,,,,,,,
-0.004686115775257349,imappo,4.387781871173502e-08,-0.6318912506103516,0.0008934644881627209,355.0,,,,,,,,,,,,,,0.452650883627876,,,,,0.03014131262898445,7.350833766395226e-05
,imappo,,,,355.0,0.0,0.0,0.0036754169268533587,0.0,0.0,0.0,0.0,0.0036754169268533587,0.0,0.0,0.0,0.0,0.0,,,,,,,
-0.012477495707571507,imappo,2.1410283324030388e-08,-0.11054157465696335,0.0008931643881293765,356.0,,,,,,,,,,,,,,0.45251750583527844,,,,,0.033546045422554016,7.381483737844974e-05
,imappo,,,,356.0,0.0,0.0,0.003690741954414989,0.0,0.0,0.0,0.0,0.003690741954414989,0.0,0.0,0.0,0.0,0.0,,,,,,,
-0.0037162858061492443,imappo,3.6925310809010625e-08,-0.1809302568435669,0.000892864288096032,357.0,,,,,,,,,,,,,,0.4523841280426809,,,,,0.028791682794690132,6.465463229687884e-05
,imappo,,,,357.0,0.0,0.0,0.003232731811294798,0.0,0.0,0.0,0.0,0.003232731811294798,0.0,0.0,0.0,0.0,0.0,,,,,,,
-0.005428952630609274,imappo,2.1857019305571157e-08,-0.2634022533893585,0.0008925641880626876,358.0,,,,,,,,,,,,,,0.4522507502500834,,,,,0.028929580003023148,6.779006071155891e-05
,imappo,,,,358.0,0.0,0.0,0.0033895026899699587,0.0,0.0,0.0,0.0,0.0033895026899699587,0.0,0.0,0.0,0.0,0.0,,,,,,,
-0.0003028979990631342,imappo,1.004691707606753e-08,-0.12242421507835388,0.0008922640880293432,359.0,,,,,,,,,,,,,,0.45211737245748584,,,,,0.03229185938835144,7.156594801926985e-05
,imappo,,,,359.0,0.0,0.0,0.003578297479180037,0.0,0.0,0.0,0.0,0.003578297479180037,0.0,0.0,0.0,0.0,0.0,,,,,,,
-0.006337227299809456,imappo,1.81787100927977e-08,-0.22227874398231506,0.0008919639879959987,360.0,,,,,,,,,,,,,,0.4519839946648883,,,,,0.034031085669994354,7.915947935543954e-05
,imappo,,,,360.0,0.0,0.0,0.003957973618526012,0.0,0.0,0.0,0.0,0.003957973618526012,0.0,0.0,0.0,0.0,0.0,,,,,,,
-0.0015509930672124028,imappo,7.518148237295463e-08,-0.5858118534088135,0.0008916638879626543,361.0,,,,,,,,,,,,,,0.4518506168722908,,,,,0.029370762407779694,6.33714662399143e-05
,imappo,,,,361.0,0.0,0.0,0.0031685732283222023,0.0,0.0,0.0,0.0,0.0031685732283222023,0.0,0.0,0.0,0.0,0.0,,,,,,,
-0.0035367596428841352,imappo,4.602845038448322e-08,-0.218587264418602,0.0008913637879293097,362.0,,,,,,,,,,,,,,0.45171723907969324,,,,,0.027520889416337013,6.514321285067126e-05
,imappo,,,,362.0,0.0,0.0,0.003257160740758991,0.0,0.0,0.0,0.0,0.003257160740758991,0.0,0.0,0.0,0.0,0.0,,,,,,,
-0.008118879050016403,imappo,3.4220588585043288e-09,0.024539873003959656,0.0008910636878959653,363.0,,,,,,,,,,,,,,0.4515838612870957,,,,,0.034731000661849976,7.360938616329804e-05
,imappo,,,,363.0,0.0,0.0,0.0036804691080760676,0.0,0.0,0.0,0.0,0.0036804691080760676,0.0,0.0,0.0,0.0,0.0,,,,,,,
-0.004274839535355568,imappo,1.0754454216055365e-08,-0.6282135248184204,0.0008907635878626209,364.0,,,,,,,,,,,,,,0.4514504834944982,,,,,0.03443417698144913,7.615306822117418e-05
,imappo,,,,364.0,0.0,0.0,0.003807653527474031,0.0,0.0,0.0,0.0,0.003807653527474031,0.0,0.0,0.0,0.0,0.0,,,,,,,
-0.004052257165312767,imappo,3.854479047049608e-08,-0.151150181889534,0.0008904634878292764,365.0,,,,,,,,,,,,,,0.45131710570190064,,,,,0.028936512768268585,6.419095007004216e-05
,imappo,,,,365.0,0.0,0.0,0.0032095474998641293,0.0,0.0,0.0,0.0,0.0032095474998641293,0.0,0.0,0.0,0.0,0.0,,,,,,,
0.03046407178044319,imappo,5.7373380712988364e-08,-0.9525716304779053,0.000890163387795932,366.0,,,,,,,,,,,,,,0.4511837279093031,,,,,0.030962452292442322,7.013968570390716e-05
,imappo,,,,366.0,0.0,0.0,0.0035069842924713157,0.0,0.0,0.0,0.0,0.0035069842924713157,0.0,0.0,0.0,0.0,0.0,,,,,,,
0.003520098514854908,imappo,6.608795644069687e-08,-0.3821006715297699,0.0008898632877625876,367.0,,,,,,,,,,,,,,0.4510503501167056,,,,,0.028912357985973358,6.242390372790396e-05
,imappo,,,,367.0,0.0,0.0,0.003121195510175312,0.0,0.0,0.0,0.0,0.003121195510175312,0.0,0.0,0.0,0.0,0.0,,,,,,,
0.012428856454789639,imappo,2.32233059449527e-08,-0.48476919531822205,0.0008895631877292431,368.0,,,,,,,,,,,,,,0.45091697232410805,,,,,0.034349098801612854,8.105633605737239e-05
,imappo,,,,368.0,0.0,0.0,0.004052816817420535,0.0,0.0,0.0,0.0,0.004052816817420535,0.0,0.0,0.0,0.0,0.0,,,,,,,
-0.006755373440682888,imappo,5.7326609237406956e-08,-0.14443697035312653,0.0008892630876958987,369.0,,,,,,,,,,,,,,0.4507835945315105,,,,,0.027965672314167023,6.255081098061055e-05
,imappo,,,,369.0,0.0,0.0,0.0031275403562176507,0.0,0.0,0.0,0.0,0.0031275403562176507,0.0,0.0,0.0,0.0,0.0,,,,,,,
0.00032811856362968683,imappo,3.131091119712437e-08,-0.21492061018943787,0.0008889629876625543,370.0,,,,,,,,,,,,,,0.450650216738913,,,,,0.030089333653450012,6.573611608473584e-05
,imappo,,,,370.0,0.0,0.0,0.003286805582320085,0.0,0.0,0.0,0.0,0.003286805582320085,0.0,0.0,0.0,0.0,0.0,,,,,,,
-0.002495610387995839,imappo,4.5357293032566304e-08,-0.4382282495498657,0.0008886628876292097,371.0,,,,,,,,,,,,,,0.45051683894631545,,,,,0.027071285992860794,5.981946742394939e-05
,imappo,,,,371.0,0.0,0.0,0.002990973403939279,0.0,0.0,0.0,0.0,0.002990973403939279,0.0,0.0,0.0,0.0,0.0,,,,,,,
-0.005198693368583918,imappo,1.7727909806808384e-08,-0.16461820900440216,0.0008883627875958653,372.0,,,,,,,,,,,,,,0.4503834611537179,,,,,0.03492838889360428,7.863686187192798e-05
,imappo,,,,372.0,0.0,0.0,0.003931843348254915,0.0,0.0,0.0,0.0,0.003931843348254915,0.0,0.0,0.0,0.0,0.0,,,,,,,
0.0025572606828063726,imappo,8.689183061960648e-08,-0.6749619841575623,0.0008880626875625208,373.0,,,,,,,,,,,,,,0.4502500833611204,,,,,0.02844047173857689,6.433290400309488e-05
,imappo,,,,373.0,0.0,0.0,0.003216645109205274,0.0,0.0,0.0,0.0,0.003216645109205274,0.0,0.0,0.0,0.0,0.0,,,,,,,
-0.004496532026678324,imappo,4.1676024409298407e-08,-0.14281244575977325,0.0008877625875291764,374.0,,,,,,,,,,,,,,0.45011670556852285,,,,,0.03298564255237579,7.556864147773013e-05
,imappo,,,,374.0,0.0,0.0,0.0037784317682962865,0.0,0.0,0.0,0.0,0.0037784317682962865,0.0,0.0,0.0,0.0,0.0,,,,,,,
-0.0008571256184950471,imappo,5.016964976789495e-08,-0.7403461933135986,0.000887462487495832,375.0,,,,,,,,,,,,,,0.4499833277759253,,,,,0.027796661481261253,6.363939610309899e-05
,imappo,,,,375.0,0.0,0.0,0.003181969790603034,0.0,0.0,0.0,0.0,0.003181969790603034,0.0,0.0,0.0,0.0,0.0,,,,,,,
-0.006059744860976934,imappo,3.509511259380815e-08,-0.2017543464899063,0.0008871623874624875,376.0,,,,,,,,,,,,,,0.4498499499833278,,,,,0.02790166810154915,6.381548882927746e-05
,imappo,,,,376.0,0.0,0.0,0.003190774157701526,0.0,0.0,0.0,0.0,0.003190774157701526,0.0,0.0,0.0,0.0,0.0,,,,,,,
-0.006842467468231916,imappo,6.087765402895684e-09,-0.05996718257665634,0.0008868622874291431,377.0,,,,,,,,,,,,,,0.44971657219073025,,,,,0.03324514627456665,7.069556158967316e-05
,imappo,,,,377.0,0.0,0.0,0.0035347778102732264,0.0,0.0,0.0,0.0,0.0035347778102732264,0.0,0.0,0.0,0.0,0.0,,,,,,,
0.003107344498857856,imappo,5.444182704650302e-08,-0.6007998585700989,0.0008865621873957987,378.0,,,,,,,,,,,,,,0.4495831943981327,,,,,0.025735028088092804,5.7074186770478263e-05
,imappo,,,,378.0,0.0,0.0,0.0028537092221085913,0.0,0.0,0.0,0.0,0.0028537092221085913,0.0,0.0,0.0,0.0,0.0,,,,,,,
-0.002317203441634774,imappo,4.952782006739653e-08,-0.7971742153167725,0.0008862620873624542,379.0,,,,,,,,,,,,,,0.4494498166055352,,,,,0.02964780479669571,6.512404070235789e-05
,imappo,,,,379.0,0.0,0.0,0.00325620168223395,0.0,0.0,0.0,0.0,0.00325620168223395,0.0,0.0,0.0,0.0,0.0,,,,,,,
-0.0071023087948560715,imappo,4.9941021984523104e-08,-0.2706870138645172,0.0008859619873291097,380.0,,,,,,,,,,,,,,0.44931643881293765,,,,,0.027079090476036072,6.27821427769959e-05
,imappo,,,,380.0,0.0,0.0,0.003139106964226812,0.0,0.0,0.0,0.0,0.003139106964226812,0.0,0.0,0.0,0.0,0.0,,,,,,,
-0.002391270361840725,imappo,2.56366607942482e-08,-0.40669164061546326,0.0008856618872957653,381.0,,,,,,,,,,,,,,0.4491830610203401,,,,,0.029612641781568527,6.883918103994802e-05
,imappo,,,,381.0,0.0,0.0,0.0034419589428580366,0.0,0.0,0.0,0.0,0.0034419589428580366,0.0,0.0,0.0,0.0,0.0,,,,,,,
0.006633451674133539,imappo,9.729124172963566e-09,-0.552973210811615,0.0008853617872624208,382.0,,,,,,,,,,,,,,0.4490496832277426,,,,,0.03207787871360779,7.482379442080855e-05
,imappo,,,,382.0,0.0,0.0,0.0037411896919365972,0.0,0.0,0.0,0.0,0.0037411896919365972,0.0,0.0,0.0,0.0,0.0,,,,,,,
-0.005542270839214325,imappo,1.3699817280610205e-08,-0.10412786900997162,0.0008850616872290764,383.0,,,,,,,,,,,,,,0.44891630543514505,,,,,0.032155148684978485,7.346471829805523e-05
,imappo,,,,383.0,0.0,0.0,0.0036732358203153126,0.0,0.0,0.0,0.0,0.0036732358203153126,0.0,0.0,0.0,0.0,0.0,,,,,,,
0.004535188898444176,imappo,1.7144662578516545e-08,-0.5556844472885132,0.0008847615871957319,384.0,,,,,,,,,,,,,,0.4487829276425475,,,,,0.03257210552692413,7.411572005366907e-05
,imappo,,,,384.0,0.0,0.0,0.003705786086356966,0.0,0.0,0.0,0.0,0.003705786086356966,0.0,0.0,0.0,0.0,0.0,,,,,,,
-0.00038468014099635184,imappo,2.267850263137916e-08,-0.27835163474082947,0.0008844614871623875,385.0,,,,,,,,,,,,,,0.44864954984995,,,,,0.03201647102832794,7.181788532761857e-05
,imappo,,,,385.0,0.0,0.0,0.0035908943027607165,0.0,0.0,0.0,0.0,0.0035908943027607165,0.0,0.0,0.0,0.0,0.0,,,,,,,
0.0065130977891385555,imappo,3.513495272500222e-08,-1.3137966394424438,0.0008841613871290431,386.0,,,,,,,,,,,,,,0.44851617205735245,,,,,0.030877644196152687,6.976654549362138e-05
,imappo,,,,386.0,0.0,0.0,0.003488327314698836,0.0,0.0,0.0,0.0,0.003488327314698836,0.0,0.0,0.0,0.0,0.0,,,,,,,
-0.0018901352304965258,imappo,4.756938309924408e-08,-0.6218048930168152,0.0008838612870956986,387.0,,,,,,,,,,,,,,0.4483827942647549,,,,,0.03095228224992752,7.141506648622453e-05
,imappo,,,,387.0,0.0,0.0,0.0035707531933439896,0.0,0.0,0.0,0.0,0.0035707531933439896,0.0,0.0,0.0,0.0,0.0,,,,,,,
-0.006686405744403601,imappo,7.988107597611815e-08,-0.1852511614561081,0.0008835611870623542,388.0,,,,,,,,,,,,,,0.4482494164721574,,,,,0.02586648426949978,6.0219950682949275e-05
,imappo,,,,388.0,0.0,0.0,0.003010997526871506,0.0,0.0,0.0,0.0,0.003010997526871506,0.0,0.0,0.0,0.0,0.0,,,,,,,
-0.012451562099158764,imappo,4.8737746283222805e-08,-0.20016764104366302,0.0008832610870290097,389.0,,,,,,,,,,,,,,0.44811603867955985,,,,,0.028100542724132538,6.184044468682259e-05
,imappo,,,,389.0,0.0,0.0,0.0030920225253794342,0.0,0.0,0.0,0.0,0.0030920225253794342,0.0,0.0,0.0,0.0,0.0,,,,,,,
0.005105170421302319,imappo,1.004315475228168e-08,-0.268850713968277,0.0008829609869956652,390.0,,,,,,,,,,,,,,0.4479826608869623,,,,,0.03183051943778992,6.979578029131517e-05
,imappo,,,,390.0,0.0,0.0,0.003489788823571871,0.0,0.0,0.0,0.0,0.003489788823571871,0.0,0.0,0.0,0.0,0.0,,,,,,,
0.007634406443685293,imappo,3.434659845424903e-08,-0.8223879933357239,0.0008826608869623208,391.0,,,,,,,,,,,,,,0.4478492830943648,,,,,0.03179806470870972,7.131829624995589e-05
,imappo,,,,391.0,0.0,0.0,0.003565915067156311,0.0,0.0,0.0,0.0,0.003565915067156311,0.0,0.0,0.0,0.0,0.0,,,,,,,
0.055406760424375534,imappo,4.852648416431293e-08,-1.1245546340942383,0.0008823607869289764,392.0,,,,,,,,,,,,,,0.44771590530176725,,,,,0.03146211802959442,6.972254777792841e-05
,imappo,,,,392.0,0.0,0.0,0.0034861275380535517,0.0,0.0,0.0,0.0,0.0034861275380535517,0.0,0.0,0.0,0.0,0.0,,,,,,,
-0.0019875140860676765,imappo,2.6255722929136027e-08,-0.8825734257698059,0.0008820606868956319,393.0,,,,,,,,,,,,,,0.4475825275091697,,,,,0.03372858464717865,7.653400098206475e-05
,imappo,,,,393.0,0.0,0.0,0.0038267001655185595,0.0,0.0,0.0,0.0,0.0038267001655185595,0.0,0.0,0.0,0.0,0.0,,,,,,,
0.0028209886513650417,imappo,4.638873107865038e-08,-0.84149569272995,0.0008817605868622875,394.0,,,,,,,,,,,,,,0.4474491497165722,,,,,0.030371367931365967,6.941016181372106e-05
,imappo,,,,394.0,0.0,0.0,0.0034705078724073246,0.0,0.0,0.0,0.0,0.0034705078724073246,0.0,0.0,0.0,0.0,0.0,,,,,,,
-0.005908965598791838,imappo,4.671207420869905e-08,-0.47228220105171204,0.000881460486828943,395.0,,,,,,,,,,,,,,0.44731577192397465,,,,,0.03171718865633011,7.336268026847392e-05
,imappo,,,,395.0,0.0,0.0,0.0036681340061477385,0.0,0.0,0.0,0.0,0.0036681340061477385,0.0,0.0,0.0,0.0,0.0,,,,,,,
-0.008000187575817108,imappo,3.9527165540675924e-08,-0.023509256541728973,0.0008811603867955986,396.0,,,,,,,,,,,,,,0.4471823941313771,,,,,0.03229100629687309,7.161567191360518e-05
,imappo,,,,396.0,0.0,0.0,0.0035807839449262246,0.0,0.0,0.0,0.0,0.0035807839449262246,0.0,0.0,0.0,0.0,0.0,,,,,,,
0.00674669723957777,imappo,2.4749251537059536e-08,-0.2101937085390091,0.0008808602867622542,397.0,,,,,,,,,,,,,,0.4470490163387796,,,,,0.035148538649082184,7.628360617673025e-05
,imappo,,,,397.0,0.0,0.0,0.003814180090557784,0.0,0.0,0.0,0.0,0.003814180090557784,0.0,0.0,0.0,0.0,0.0,,,,,,,
-0.005518616642802954,imappo,1.6176080919194646e-08,-0.28430768847465515,0.0008805601867289096,398.0,,,,,,,,,,,,,,0.44691563854618205,,,,,0.03492441028356552,8.145656465785578e-05
,imappo,,,,398.0,0.0,0.0,0.004072828160133213,0.0,0.0,0.0,0.0,0.004072828160133213,0.0,0.0,0.0,0.0,0.0,,,,,,,
-0.001109912758693099,imappo,3.151841099224839e-08,-0.46762508153915405,0.0008802600866955652,399.0,,,,,,,,,,,,,,0.4467822607535845,,,,,0.03138662874698639,6.990283145569265e-05
,imappo,,,,399.0,0.0,0.0,0.003495141747407615,0.0,0.0,0.0,0.0,0.003495141747407615,0.0,0.0,0.0,0.0,0.0,,,,,,,
,imappo,,,,399.0,,,,,,,,,,,,,,,0.0,0.0,0.0,0.0,,
-0.0025478992611169815,imappo,2.1055340582165627e-08,-0.47709065675735474,0.0008799599866622207,400.0,,,,,,,,,,,,,,0.446648882960987,,,,,0.03268313407897949,7.610153261339292e-05
,imappo,,,,400.0,0.0,0.0,0.0038050765870139003,0.0,0.0,0.0,0.0,0.0038050765870139003,0.0,0.0,0.0,0.0,0.0,,,,,,,
-0.0028765646275132895,imappo,3.9868183421276626e-08,-0.710780143737793,0.0008796598866288763,401.0,,,,,,,,,,,,,,0.44651550516838945,,,,,0.02973504364490509,6.56131305731833e-05
,imappo,,,,401.0,0.0,0.0,0.003280656601418741,0.0,0.0,0.0,0.0,0.003280656601418741,0.0,0.0,0.0,0.0,0.0,,,,,,,
-0.010262317955493927,imappo,3.5251993324436626e-08,-0.18921741843223572,0.0008793597865955319,402.0,,,,,,,,,,,,,,0.4463821273757919,,,,,0.0314677432179451,6.90921806381084e-05
,imappo,,,,402.0,0.0,0.0,0.003454609130130848,0.0,0.0,0.0,0.0,0.003454609130130848,0.0,0.0,0.0,0.0,0.0,,,,,,,
0.00391010195016861,imappo,1.3214660476990048e-08,-0.256351500749588,0.0008790596865621874,403.0,,,,,,,,,,,,,,0.4462487495831944,,,,,0.03317137062549591,7.823234773240983e-05
,imappo,,,,403.0,0.0,0.0,0.003911617444828153,0.0,0.0,0.0,0.0,0.003911617444828153,0.0,0.0,0.0,0.0,0.0,,,,,,,
-0.0073595051653683186,imappo,3.246057644901157e-08,-0.4780106246471405,0.000878759586528843,404.0,,,,,,,,,,,,,,0.44611537179059685,,,,,0.030591540038585663,6.892520468682051e-05
,imappo,,,,404.0,0.0,0.0,0.0034462601361155976,0.0,0.0,0.0,0.0,0.0034462601361155976,0.0,0.0,0.0,0.0,0.0,,,,,,,
-0.009837184101343155,imappo,1.8751510566517027e-08,-0.6296548247337341,0.0008784594864954986,405.0,,,,,,,,,,,,,,0.4459819939979993,,,,,0.03334712237119675,7.270295463968068e-05
,imappo,,,,405.0,0.0,0.0,0.0036351477683638223,0.0,0.0,0.0,0.0,0.0036351477683638223,0.0,0.0,0.0,0.0,0.0,,,,,,,
-0.006133993621915579,imappo,2.273199228852718e-08,-0.49581772089004517,0.000878159386462154,406.0,,,,,,,,,,,,,,0.4458486162054018,,,,,0.029518621042370796,6.722129182890058e-05
,imappo,,,,406.0,0.0,0.0,0.0033610643549764063,0.0,0.0,0.0,0.0,0.0033610643549764063,0.0,0.0,0.0,0.0,0.0,,,,,,,
-0.006269184872508049,imappo,1.82364683354308e-08,-0.47511032223701477,0.0008778592864288096,407.0,,,,,,,,,,,,,,0.44571523841280425,,,,,0.029289264231920242,6.656083860434592e-05
,imappo,,,,407.0,0.0,0.0,0.0033280419556831475,0.0,0.0,0.0,0.0,0.0033280419556831475,0.0,0.0,0.0,0.0,0.0,,,,,,,
-0.010005776770412922,imappo,2.0080221929674735e-08,-0.15649279952049255,0.0008775591863954652,408.0,,,,,,,,,,,,,,0.4455818606202067,,,,,0.02787625789642334,6.253356696106493e-05
,imappo,,,,408.0,0.0,0.0,0.003126678402622929,0.0,0.0,0.0,0.0,0.003126678402622929,0.0,0.0,0.0,0.0,0.0,,,,,,,
-0.002697664313018322,imappo,1.8265806644990334e-08,-0.13780957460403442,0.0008772590863621207,409.0,,,,,,,,,,,,,,0.4454484828276092,,,,,0.027182243764400482,6.187832332216203e-05
,imappo,,,,409.0,0.0,0.0,0.0030939164716983214,0.0,0.0,0.0,0.0,0.0030939164716983214,0.0,0.0,0.0,0.0,0.0,,,,,,,
-0.0007956530898809433,imappo,8.81902906257892e-09,0.07829058915376663,0.0008769589863287763,410.0,,,,,,,,,,,,,,0.44531510503501165,,,,,0.031547512859106064,7.044001540634781e-05
,imappo,,,,410.0,0.0,0.0,0.003522000362863764,0.0,0.0,0.0,0.0,0.003522000362863764,0.0,0.0,0.0,0.0,0.0,,,,,,,
0.02748008631169796,imappo,3.5534075237819707e-08,-0.7429059743881226,0.0008766588862954318,411.0,,,,,,,,,,,,,,0.4451817272424141,,,,,0.0290670283138752,6.612660945393145e-05
,imappo,,,,411.0,0.0,0.0,0.0033063304545066785,0.0,0.0,0.0,0.0,0.0033063304545066785,0.0,0.0,0.0,0.0,0.0,,,,,,,
-0.00517201516777277,imappo,1.3519729336053388e-08,-0.8337348103523254,0.0008763587862620874,412.0,,,,,,,,,,,,,,0.4450483494498166,,,,,0.0320955291390419,7.381078467005864e-05
,imappo,,,,412.0,0.0,0.0,0.003690539473609533,0.0,0.0,0.0,0.0,0.003690539473609533,0.0,0.0,0.0,0.0,0.0,,,,,,,
-0.0003456100239418447,imappo,2.2001477972821704e-08,-0.6137959361076355,0.000876058686228743,413.0,,,,,,,,,,,,,,0.44491497165721905,,,,,0.028581704944372177,6.298811786109582e-05
,imappo,,,,413.0,0.0,0.0,0.0031494057875534054,0.0,0.0,0.0,0.0,0.0031494057875534054,0.0,0.0,0.0,0.0,0.0,,,,,,,
-0.0019955760799348354,imappo,8.468002299366617e-09,-0.8531986474990845,0.0008757585861953985,414.0,,,,,,,,,,,,,,0.4447815938646215,,,,,0.03100673295557499,6.858999404357746e-05
,imappo,,,,414.0,0.0,0.0,0.0034294996003154665,0.0,0.0,0.0,0.0,0.0034294996003154665,0.0,0.0,0.0,0.0,0.0,,,,,,,
-0.0056278277188539505,imappo,6.736187163625118e-09,-0.3629593849182129,0.000875458486162054,415.0,,,,,,,,,,,,,,0.444648216072024,,,,,0.03038725256919861,6.608595867874101e-05
,imappo,,,,415.0,0.0,0.0,0.0033042977993318345,0.0,0.0,0.0,0.0,0.0033042977993318345,0.0,0.0,0.0,0.0,0.0,,,,,,,
0.0020090586040169,imappo,1.529267379396515e-08,-0.43702855706214905,0.0008751583861287095,416.0,,,,,,,,,,,,,,0.44451483827942645,,,,,0.02775242179632187,6.136535375844687e-05
,imappo,,,,416.0,0.0,0.0,0.0030682674259878695,0.0,0.0,0.0,0.0,0.0030682674259878695,0.0,0.0,0.0,0.0,0.0,,,,,,,
-0.000823158014100045,imappo,2.1472047251336335e-08,-0.5529477000236511,0.0008748582860953651,417.0,,,,,,,,,,,,,,0.4443814604868289,,,,,0.02742135524749756,6.08779264439363e-05
,imappo,,,,417.0,0.0,0.0,0.003043896420422243,0.0,0.0,0.0,0.0,0.003043896420422243,0.0,0.0,0.0,0.0,0.0,,,,,,,
0.0006653739837929606,imappo,1.3781837893134252e-08,-0.3225308358669281,0.0008745581860620207,418.0,,,,,,,,,,,,,,0.4442480826942314,,,,,0.0289364792406559,6.370113987941295e-05
,imappo,,,,418.0,0.0,0.0,0.0031850572995608672,0.0,0.0,0.0,0.0,0.0031850572995608672,0.0,0.0,0.0,0.0,0.0,,,,,,,
0.0062867505475878716,imappo,2.89456814073219e-09,-0.09463725239038467,0.0008742580860286763,419.0,,,,,,,,,,,,,,0.44411470490163385,,,,,0.03348105400800705,7.739238208159804e-05
,imappo,,,,419.0,0.0,0.0,0.0038696193005307578,0.0,0.0,0.0,0.0,0.0038696193005307578,0.0,0.0,0.0,0.0,0.0,,,,,,,
-0.005631803069263697,imappo,5.0761626013695604e-09,0.087668277323246,0.0008739579859953318,420.0,,,,,,,,,,,,,,0.44398132710903637,,,,,0.034340303391218185,7.183229899965227e-05
,imappo,,,,420.0,0.0,0.0,0.003591614799006493,0.0,0.0,0.0,0.0,0.003591614799006493,0.0,0.0,0.0,0.0,0.0,,,,,,,
-0.00970216654241085,imappo,5.5510387397816885e-09,-0.3272768557071686,0.0008736578859619874,421.0,,,,,,,,,,,,,,0.4438479493164388,,,,,0.030563432723283768,6.65511324768886e-05
,imappo,,,,421.0,0.0,0.0,0.00332755686758901,0.0,0.0,0.0,0.0,0.00332755686758901,0.0,0.0,0.0,0.0,0.0,,,,,,,
0.01101586502045393,imappo,2.236443696901347e-09,-0.440955251455307,0.0008733577859286429,422.0,,,,,,,,,,,,,,0.4437145715238413,,,,,0.029664698988199234,6.752111221430823e-05
,imappo,,,,422.0,0.0,0.0,0.0033760556652850937,0.0,0.0,0.0,0.0,0.0033760556652850937,0.0,0.0,0.0,0.0,0.0,,,,,,,
-0.0030896810349076986,imappo,9.997266126049453e-09,-0.5237729549407959,0.0008730576858952985,423.0,,,,,,,,,,,,,,0.4435811937312437,,,,,0.033513277769088745,7.554401236120611e-05
,imappo,,,,423.0,0.0,0.0,0.003777200610784348,0.0,0.0,0.0,0.0,0.003777200610784348,0.0,0.0,0.0,0.0,0.0,,,,,,,
-0.0054328665137290955,imappo,1.1577044212174314e-08,-0.28170648217201233,0.000872757585861954,424.0,,,,,,,,,,,,,,0.44344781593864624,,,,,0.03118390589952469,7.162154361139983e-05
,imappo,,,,424.0,0.0,0.0,0.00358107694046339,0.0,0.0,0.0,0.0,0.00358107694046339,0.0,0.0,0.0,0.0,0.0,,,,,,,
0.005539095960557461,imappo,2.14220374772367e-08,-0.8154041171073914,0.0008724574858286095,425.0,,,,,,,,,,,,,,0.44331443814604865,,,,,0.029974933713674545,6.79412842146121e-05
,imappo,,,,425.0,0.0,0.0,0.003397064152522944,0.0,0.0,0.0,0.0,0.003397064152522944,0.0,0.0,0.0,0.0,0.0,,,,,,,
-0.004961486905813217,imappo,6.511739059078536e-08,-0.6377573609352112,0.0008721573857952651,426.0,,,,,,,,,,,,,,0.4431810603534512,,,,,0.02918873354792595,6.704461702611297e-05
,imappo,,,,426.0,0.0,0.0,0.003352231033204589,0.0,0.0,0.0,0.0,0.003352231033204589,0.0,0.0,0.0,0.0,0.0,,,,,,,
0.011090409941971302,imappo,1.0930071425718779e-07,-0.6472886800765991,0.0008718572857619206,427.0,,,,,,,,,,,,,,0.4430476825608536,,,,,0.02851283550262451,6.637463229708374e-05
,imappo,,,,427.0,0.0,0.0,0.003318731476610992,0.0,0.0,0.0,0.0,0.003318731476610992,0.0,0.0,0.0,0.0,0.0,,,,,,,
-0.002622696803882718,imappo,2.072061278113324e-07,0.08208487927913666,0.0008715571857285762,428.0,,,,,,,,,,,,,,0.4429143047682561,,,,,0.032657649368047714,6.714733899571002e-05
,imappo,,,,428.0,0.0,0.0,0.003357366756972624,0.0,0.0,0.0,0.0,0.003357366756972624,0.0,0.0,0.0,0.0,0.0,,,,,,,
-0.0005195316043682396,imappo,1.7557303522153234e-07,-0.05243479460477829,0.0008712570856952318,429.0,,,,,,,,,,,,,,0.4427809269756585,,,,,0.03281918168067932,6.994755676714703e-05
,imappo,,,,429.0,0.0,0.0,0.0034973779329448007,0.0,0.0,0.0,0.0,0.0034973779329448007,0.0,0.0,0.0,0.0,0.0,,,,,,,
0.010343095287680626,imappo,1.4276149329361942e-07,-0.35154104232788086,0.0008709569856618873,430.0,,,,,,,,,,,,,,0.44264754918306104,,,,,0.031079858541488647,7.263493171194568e-05
,imappo,,,,430.0,0.0,0.0,0.0036317463891464286,0.0,0.0,0.0,0.0,0.0036317463891464286,0.0,0.0,0.0,0.0,0.0,,,,,,,
0.026203401386737823,imappo,1.6833270422011992e-07,-0.8641113042831421,0.0008706568856285429,431.0,,,,,,,,,,,,,,0.44251417139046345,,,,,0.03135904297232628,7.484028901671991e-05
,imappo,,,,431.0,0.0,0.0,0.0037420145636133384,0.0,0.0,0.0,0.0,0.0037420145636133384,0.0,0.0,0.0,0.0,0.0,,,,,,,
-0.0012704265536740422,imappo,2.744680784871889e-07,0.05783483013510704,0.0008703567855951983,432.0,,,,,,,,,,,,,,0.442380793597866,,,,,0.03225107863545418,6.803168071201071e-05
,imappo,,,,432.0,0.0,0.0,0.0034015841301879846,0.0,0.0,0.0,0.0,0.0034015841301879846,0.0,0.0,0.0,0.0,0.0,,,,,,,
-0.0018399658147245646,imappo,1.690836199941259e-07,-0.6108006834983826,0.0008700566855618539,433.0,,,,,,,,,,,,,,0.4422474158052684,,,,,0.029040273278951645,6.637234037043527e-05
,imappo,,,,433.0,0.0,0.0,0.0033186169639520813,0.0,0.0,0.0,0.0,0.0033186169639520813,0.0,0.0,0.0,0.0,0.0,,,,,,,
-0.0018042557640001178,imappo,2.307591984163082e-07,-0.3327316641807556,0.0008697565855285095,434.0,,,,,,,,,,,,,,0.4421140380126709,,,,,0.029504694044589996,6.50442743790336e-05
,imappo,,,,434.0,0.0,0.0,0.00325221390085062,0.0,0.0,0.0,0.0,0.00325221390085062,0.0,0.0,0.0,0.0,0.0,,,,,,,
-0.009542040526866913,imappo,2.83101826425991e-07,0.08913305401802063,0.0008694564854951651,435.0,,,,,,,,,,,,,,0.4419806602200734,,,,,0.031205587089061737,6.634921737713739e-05
,imappo,,,,435.0,0.0,0.0,0.003317461087135598,0.0,0.0,0.0,0.0,0.003317461087135598,0.0,0.0,0.0,0.0,0.0,,,,,,,
-0.002920127008110285,imappo,1.9575594478737912e-07,-0.3286220133304596,0.0008691563854618206,436.0,,,,,,,,,,,,,,0.44184728242747584,,,,,0.03331638500094414,7.702421862632036e-05
,imappo,,,,436.0,0.0,0.0,0.003851211084111128,0.0,0.0,0.0,0.0,0.003851211084111128,0.0,0.0,0.0,0.0,0.0,,,,,,,
0.001488399924710393,imappo,9.592599781171884e-08,-0.17398066818714142,0.0008688562854284762,437.0,,,,,,,,,,,,,,0.4417139046348783,,,,,0.029803713783621788,6.586402014363557e-05
,imappo,,,,437.0,0.0,0.0,0.0032932007852650713,0.0,0.0,0.0,0.0,0.0032932007852650713,0.0,0.0,0.0,0.0,0.0,,,,,,,
0.01310756616294384,imappo,7.881664032538538e-08,-0.5135775804519653,0.0008685561853951317,438.0,,,,,,,,,,,,,,0.4415805268422808,,,,,0.02906760200858116,6.41811202513054e-05
,imappo,,,,438.0,0.0,0.0,0.0032090558925119694,0.0,0.0,0.0,0.0,0.0032090558925119694,0.0,0.0,0.0,0.0,0.0,,,,,,,
0.0174014400690794,imappo,7.276562996594294e-08,-0.40215250849723816,0.0008682560853617873,439.0,,,,,,,,,,,,,,0.44144714904968324,,,,,0.02856472320854664,6.443819438572973e-05
,imappo,,,,439.0,0.0,0.0,0.0032219098466157448,0.0,0.0,0.0,0.0,0.0032219098466157448,0.0,0.0,0.0,0.0,0.0,,,,,,,
-0.0003842534788418561,imappo,9.341097495507711e-08,-0.11406833678483963,0.0008679559853284429,440.0,,,,,,,,,,,,,,0.4413137712570857,,,,,0.03342008963227272,7.634647045051679e-05
,imappo,,,,440.0,0.0,0.0,0.00381732355162967,0.0,0.0,0.0,0.0,0.00381732355162967,0.0,0.0,0.0,0.0,0.0,,,,,,,
0.02781529352068901,imappo,4.4544567145976544e-08,-0.8511757254600525,0.0008676558852950984,441.0,,,,,,,,,,,,,,0.4411803934644882,,,,,0.031998809427022934,7.284951425390318e-05
,imappo,,,,441.0,0.0,0.0,0.0036424756253836676,0.0,0.0,0.0,0.0,0.0036424756253836676,0.0,0.0,0.0,0.0,0.0,,,,,,,
-0.0049482425674796104,imappo,3.834179551631678e-08,0.07859570533037186,0.0008673557852617539,442.0,,,,,,,,,,,,,,0.44104701567189064,,,,,0.02960861660540104,6.291650061029941e-05
,imappo,,,,442.0,0.0,0.0,0.0031458250814466737,0.0,0.0,0.0,0.0,0.0031458250814466737,0.0,0.0,0.0,0.0,0.0,,,,,,,
0.006734042428433895,imappo,2.3160325213211763e-08,-0.49844005703926086,0.0008670556852284094,443.0,,,,,,,,,,,,,,0.4409136378792931,,,,,0.028015077114105225,6.259239307837561e-05
,imappo,,,,443.0,0.0,0.0,0.0031296196902985685,0.0,0.0,0.0,0.0,0.0031296196902985685,0.0,0.0,0.0,0.0,0.0,,,,,,,
-0.009079166688024998,imappo,1.586080955462421e-08,-0.3344362676143646,0.000866755585195065,444.0,,,,,,,,,,,,,,0.4407802600866956,,,,,0.02878221496939659,6.348770693875849e-05
,imappo,,,,444.0,0.0,0.0,0.003174385394231649,0.0,0.0,0.0,0.0,0.003174385394231649,0.0,0.0,0.0,0.0,0.0,,,,,,,
0.0028015326242893934,imappo,3.872171472352193e-09,-0.587277889251709,0.0008664554851617206,445.0,,,,,,,,,,,,,,0.44064688229409804,,,,,0.02938820794224739,6.323589332168922e-05
,imappo,,,,445.0,0.0,0.0,0.003161794666084461,0.0,0.0,0.0,0.0,0.003161794666084461,0.0,0.0,0.0,0.0,0.0,,,,,,,
-0.01068184431642294,imappo,2.262868337155055e-09,-0.038675613701343536,0.0008661553851283762,446.0,,,,,,,,,,,,,,0.4405135045015005,,,,,0.032420895993709564,7.386282231891528e-05
,imappo,,,,446.0,0.0,0.0,0.003693141417898005,0.0,0.0,0.0,0.0,0.003693141417898005,0.0,0.0,0.0,0.0,0.0,,,,,,,
-0.003886854974552989,imappo,8.387083028082998e-09,-0.3637736439704895,0.0008658552850950317,447.0,,,,,,,,,,,,,,0.440380126708903,,,,,0.03145424276590347,7.282016304088756e-05
,imappo,,,,447.0,0.0,0.0,0.0036410081520443782,0.0,0.0,0.0,0.0,0.0036410081520443782,0.0,0.0,0.0,0.0,0.0,,,,,,,
-0.005355541594326496,imappo,5.143168735344261e-08,-1.0573148727416992,0.0008655551850616873,448.0,,,,,,,,,,,,,,0.44024674891630544,,,,,0.02983170375227928,6.753336492693052e-05
,imappo,,,,448.0,0.0,0.0,0.0033766681372071616,0.0,0.0,0.0,0.0,0.0033766681372071616,0.0,0.0,0.0,0.0,0.0,,,,,,,
-0.004820117261260748,imappo,6.576571820460231e-08,-0.227874755859375,0.0008652550850283428,449.0,,,,,,,,,,,,,,0.4401133711237079,,,,,0.033130668103694916,7.204080611700192e-05
,imappo,,,,449.0,0.0,0.0,0.0036020406405441463,0.0,0.0,0.0,0.0,0.0036020406405441463,0.0,0.0,0.0,0.0,0.0,,,,,,,
-0.0036496235989034176,imappo,4.817672660806238e-08,-0.10687831789255142,0.0008649549849949984,450.0,,,,,,,,,,,,,,0.4399799933311104,,,,,0.033906981348991394,7.232995994854718e-05
,imappo,,,,450.0,0.0,0.0,0.003616498022893211,0.0,0.0,0.0,0.0,0.003616498022893211,0.0,0.0,0.0,0.0,0.0,,,,,,,
-0.0033237687312066555,imappo,3.232095124872103e-08,-0.24452784657478333,0.0008646548849616539,451.0,,,,,,,,,,,,,,0.43984661553851284,,,,,0.03219804912805557,7.089426799211651e-05
,imappo,,,,451.0,0.0,0.0,0.003544713392329868,0.0,0.0,0.0,0.0,0.003544713392329868,0.0,0.0,0.0,0.0,0.0,,,,,,,
-0.008932476863265038,imappo,5.1630568265181864e-08,0.07519767433404922,0.0008643547849283095,452.0,,,,,,,,,,,,,,0.4397132377459153,,,,,0.02892475016415119,6.184674566611648e-05
,imappo,,,,452.0,0.0,0.0,0.0030923372505640145,0.0,0.0,0.0,0.0,0.0030923372505640145,0.0,0.0,0.0,0.0,0.0,,,,,,,
0.0018013454973697662,imappo,1.2489375755819765e-08,-0.4633372128009796,0.000864054684894965,453.0,,,,,,,,,,,,,,0.4395798599533178,,,,,0.031074432656168938,6.631341966567561e-05
,imappo,,,,453.0,0.0,0.0,0.0033156709105242044,0.0,0.0,0.0,0.0,0.0033156709105242044,0.0,0.0,0.0,0.0,0.0,,,,,,,
0.011255078949034214,imappo,4.0621319641331866e-08,-0.9962148070335388,0.0008637545848616205,454.0,,,,,,,,,,,,,,0.43944648216072024,,,,,0.031603410840034485,7.4404502811376e-05
,imappo,,,,454.0,0.0,0.0,0.0037202252678980585,0.0,0.0,0.0,0.0,0.0037202252678980585,0.0,0.0,0.0,0.0,0.0,,,,,,,
-0.003282438265159726,imappo,1.0656918902895995e-07,-0.13792896270751953,0.0008634544848282761,455.0,,,,,,,,,,,,,,0.4393131043681227,,,,,0.03201574087142944,6.779449176974595e-05
,imappo,,,,455.0,0.0,0.0,0.003389724464796018,0.0,0.0,0.0,0.0,0.003389724464796018,0.0,0.0,0.0,0.0,0.0,,,,,,,
0.022930949926376343,imappo,1.0050633392211239e-07,-1.0977108478546143,0.0008631543847949317,456.0,,,,,,,,,,,,,,0.4391797265755252,,,,,0.03149908781051636,7.144883420551196e-05
,imappo,,,,456.0,0.0,0.0,0.0035724416447919793,0.0,0.0,0.0,0.0,0.0035724416447919793,0.0,0.0,0.0,0.0,0.0,,,,,,,
-0.002036161720752716,imappo,1.897445827125921e-07,-1.0341310501098633,0.0008628542847615873,457.0,,,,,,,,,,,,,,0.43904634878292764,,,,,0.03045640140771866,6.67100102873519e-05
,imappo,,,,457.0,0.0,0.0,0.0033355006999045145,0.0,0.0,0.0,0.0,0.0033355006999045145,0.0,0.0,0.0,0.0,0.0,,,,,,,
-0.0038896757178008556,imappo,3.1736635719425976e-07,-0.9182831048965454,0.0008625541847282428,458.0,,,,,,,,,,,,,,0.4389129709903301,,,,,0.029725544154644012,6.743099220329896e-05
,imappo,,,,458.0,0.0,0.0,0.0033715500103426166,0.0,0.0,0.0,0.0,0.0033715500103426166,0.0,0.0,0.0,0.0,0.0,,,,,,,
-0.0062037138268351555,imappo,3.2228282975665934e-07,0.056745562702417374,0.0008622540846948984,459.0,,,,,,,,,,,,,,0.4387795931977326,,,,,0.03219282254576683,6.614794256165624e-05
,imappo,,,,459.0,0.0,0.0,0.003307397222670261,0.0,0.0,0.0,0.0,0.003307397222670261,0.0,0.0,0.0,0.0,0.0,,,,,,,
-0.00055580900516361,imappo,1.42894592158882e-07,-1.1896065473556519,0.0008619539846615538,460.0,,,,,,,,,,,,,,0.43864621540513504,,,,,0.029779518023133278,6.991961708990857e-05
,imappo,,,,460.0,0.0,0.0,0.00349598087996128,0.0,0.0,0.0,0.0,0.00349598087996128,0.0,0.0,0.0,0.0,0.0,,,,,,,
-0.0027420190162956715,imappo,1.8824168535047647e-07,-1.1714153289794922,0.0008616538846282094,461.0,,,,,,,,,,,,,,0.4385128376125375,,,,,0.029887787997722626,7.266922330018133e-05
,imappo,,,,461.0,0.0,0.0,0.00363346106314566,0.0,0.0,0.0,0.0,0.00363346106314566,0.0,0.0,0.0,0.0,0.0,,,,,,,
-0.0017780523048713803,imappo,2.5732310859893914e-07,-0.08228598535060883,0.000861353784594865,462.0,,,,,,,,,,,,,,0.43837945981994,,,,,0.032021649181842804,7.303217716980726e-05
,imappo,,,,462.0,0.0,0.0,0.00365160892761196,0.0,0.0,0.0,0.0,0.00365160892761196,0.0,0.0,0.0,0.0,0.0,,,,,,,
0.0013820314779877663,imappo,1.9990595490071428e-07,-0.6353465914726257,0.0008610536845615205,463.0,,,,,,,,,,,,,,0.43824608202734244,,,,,0.028971780091524124,6.540188769577071e-05
,imappo,,,,463.0,0.0,0.0,0.0032700944575481117,0.0,0.0,0.0,0.0,0.0032700944575481117,0.0,0.0,0.0,0.0,0.0,,,,,,,
0.009349019266664982,imappo,1.7409344366114965e-07,-0.9948797821998596,0.0008607535845281761,464.0,,,,,,,,,,,,,,0.4381127042347449,,,,,0.028600309044122696,6.543631025124341e-05
,imappo,,,,464.0,0.0,0.0,0.0032718154980102554,0.0,0.0,0.0,0.0,0.0032718154980102554,0.0,0.0,0.0,0.0,0.0,,,,,,,
0.0015251613222062588,imappo,2.1211155853961827e-07,-0.8545582890510559,0.0008604534844948316,465.0,,,,,,,,,,,,,,0.4379793264421474,,,,,0.027718916535377502,6.562825001310557e-05
,imappo,,,,465.0,0.0,0.0,0.0032814126861921977,0.0,0.0,0.0,0.0,0.0032814126861921977,0.0,0.0,0.0,0.0,0.0,,,,,,,
-0.0053464011289179325,imappo,1.930992254983721e-07,-0.09971164166927338,0.0008601533844614872,466.0,,,,,,,,,,,,,,0.43784594864954984,,,,,0.03043200448155403,6.334466161206365e-05
,imappo,,,,466.0,0.0,0.0,0.0031672330733272247,0.0,0.0,0.0,0.0,0.0031672330733272247,0.0,0.0,0.0,0.0,0.0,,,,,,,
-8.818187052384019e-05,imappo,8.474773238731359e-08,-0.7184033989906311,0.0008598532844281428,467.0,,,,,,,,,,,,,,0.4377125708569523,,,,,0.03309721499681473,6.879453576402739e-05
,imappo,,,,467.0,0.0,0.0,0.0034397267700114753,0.0,0.0,0.0,0.0,0.0034397267700114753,0.0,0.0,0.0,0.0,0.0,,,,,,,
0.0009735892526805401,imappo,5.5115428665430954e-08,-0.7443143725395203,0.0008595531843947984,468.0,,,,,,,,,,,,,,0.4375791930643548,,,,,0.032369464635849,7.402087794616818e-05
,imappo,,,,468.0,0.0,0.0,0.003701043788169045,0.0,0.0,0.0,0.0,0.003701043788169045,0.0,0.0,0.0,0.0,0.0,,,,,,,
-0.004177433904260397,imappo,4.139410236803087e-08,-0.42369338870048523,0.0008592530843614538,469.0,,,,,,,,,,,,,,0.43744581527175724,,,,,0.034967273473739624,7.341959280893207e-05
,imappo,,,,469.0,0.0,0.0,0.0036709795567730907,0.0,0.0,0.0,0.0,0.0036709795567730907,0.0,0.0,0.0,0.0,0.0,,,,,,,
-0.0066442028619349,imappo,2.917856889439463e-08,-0.03637628257274628,0.0008589529843281094,470.0,,,,,,,,,,,,,,0.4373124374791597,,,,,0.03367908298969269,6.836678221588954e-05
,imappo,,,,470.0,0.0,0.0,0.0034183393408966367,0.0,0.0,0.0,0.0,0.0034183393408966367,0.0,0.0,0.0,0.0,0.0,,,,,,,
-0.0039599305018782616,imappo,1.868296806151193e-08,0.08549340814352036,0.0008586528842947649,471.0,,,,,,,,,,,,,,0.4371790596865622,,,,,0.030735298991203308,6.322815170278773e-05
,imappo,,,,471.0,0.0,0.0,0.0031614074505341705,0.0,0.0,0.0,0.0,0.0031614074505341705,0.0,0.0,0.0,0.0,0.0,,,,,,,
-0.004358005244284868,imappo,8.512763827184244e-09,-0.38458535075187683,0.0008583527842614205,472.0,,,,,,,,,,,,,,0.43704568189396464,,,,,0.02887997217476368,6.303408008534461e-05
,imappo,,,,472.0,0.0,0.0,0.0031517040588369127,0.0,0.0,0.0,0.0,0.0031517040588369127,0.0,0.0,0.0,0.0,0.0,,,,,,,
-6.179936463013291e-05,imappo,9.708010395570454e-09,-1.0386708974838257,0.0008580526842280761,473.0,,,,,,,,,,,,,,0.4369123041013671,,,,,0.02988223358988762,7.205783185781911e-05
,imappo,,,,473.0,0.0,0.0,0.003602891509217443,0.0,0.0,0.0,0.0,0.003602891509217443,0.0,0.0,0.0,0.0,0.0,,,,,,,
-0.009492427110671997,imappo,1.7689002262955e-08,-0.5346870422363281,0.0008577525841947316,474.0,,,,,,,,,,,,,,0.4367789263087696,,,,,0.02900509163737297,6.280582601903006e-05
,imappo,,,,474.0,0.0,0.0,0.0031402913336933125,0.0,0.0,0.0,0.0,0.0031402913336933125,0.0,0.0,0.0,0.0,0.0,,,,,,,
0.004279996268451214,imappo,8.748119562085321e-09,-1.043038249015808,0.0008574524841613872,475.0,,,,,,,,,,,,,,0.43664554851617204,,,,,0.02904139831662178,7.169627497205511e-05
,imappo,,,,475.0,0.0,0.0,0.00358481419243617,0.0,0.0,0.0,0.0,0.00358481419243617,0.0,0.0,0.0,0.0,0.0,,,,,,,
-0.005056929308921099,imappo,8.612301094501618e-09,-0.20158004760742188,0.0008571523841280427,476.0,,,,,,,,,,,,,,0.4365121707235745,,,,,0.031065814197063446,6.555356958415359e-05
,imappo,,,,476.0,0.0,0.0,0.0032776787229522597,0.0,0.0,0.0,0.0,0.0032776787229522597,0.0,0.0,0.0,0.0,0.0,,,,,,,
0.0029327492229640484,imappo,1.2048885444926327e-08,-1.1020163297653198,0.0008568522840946982,477.0,,,,,,,,,,,,,,0.436378792930977,,,,,0.029279563575983047,6.561852205777541e-05
,imappo,,,,477.0,0.0,0.0,0.003280925899161957,0.0,0.0,0.0,0.0,0.003280925899161957,0.0,0.0,0.0,0.0,0.0,,,,,,,
-0.004140126518905163,imappo,6.666285301548669e-09,-0.4378850758075714,0.0008565521840613538,478.0,,,,,,,,,,,,,,0.43624541513837944,,,,,0.028754333034157753,6.432354712160304e-05
,imappo,,,,478.0,0.0,0.0,0.0032161771778191905,0.0,0.0,0.0,0.0,0.0032161771778191905,0.0,0.0,0.0,0.0,0.0,,,,,,,
-0.00457941647619009,imappo,2.6435773570199217e-09,-0.11550665646791458,0.0008562520840280093,479.0,,,,,,,,,,,,,,0.4361120373457819,,,,,0.031898364424705505,6.835760723333806e-05
,imappo,,,,479.0,0.0,0.0,0.00341788049263414,0.0,0.0,0.0,0.0,0.00341788049263414,0.0,0.0,0.0,0.0,0.0,,,,,,,
-0.002442487282678485,imappo,2.1031594243936524e-09,-0.229756161570549,0.0008559519839946649,480.0,,,,,,,,,,,,,,0.4359786595531844,,,,,0.03285932540893555,7.311188528547063e-05
,imappo,,,,480.0,0.0,0.0,0.0036555944025167264,0.0,0.0,0.0,0.0,0.0036555944025167264,0.0,0.0,0.0,0.0,0.0,,,,,,,
-0.0007852280978113413,imappo,2.106610885732607e-09,-0.2449033111333847,0.0008556518839613205,481.0,,,,,,,,,,,,,,0.43584528176058684,,,,,0.031975917518138885,7.241176354000345e-05
,imappo,,,,481.0,0.0,0.0,0.003620588147896342,0.0,0.0,0.0,0.0,0.003620588147896342,0.0,0.0,0.0,0.0,0.0,,,,,,,
0.011265112087130547,imappo,1.1399449384441596e-08,-0.8673392534255981,0.000855351783927976,482.0,,,,,,,,,,,,,,0.4357119039679893,,,,,0.02882653847336769,6.324605055851862e-05
,imappo,,,,482.0,0.0,0.0,0.003162302695272956,0.0,0.0,0.0,0.0,0.003162302695272956,0.0,0.0,0.0,0.0,0.0,,,,,,,
-0.005240414757281542,imappo,6.2412994772387265e-09,-0.19715160131454468,0.0008550516838946316,483.0,,,,,,,,,,,,,,0.4355785261753918,,,,,0.028545580804347992,6.127950473455712e-05
,imappo,,,,483.0,0.0,0.0,0.0030639753786090296,0.0,0.0,0.0,0.0,0.0030639753786090296,0.0,0.0,0.0,0.0,0.0,,,,,,,
-0.004446004051715136,imappo,2.9979814186731346e-09,0.00939994491636753,0.0008547515838612872,484.0,,,,,,,,,,,,,,0.43544514838279424,,,,,0.031643807888031006,6.276743079070002e-05
,imappo,,,,484.0,0.0,0.0,0.0031383719760924578,0.0,0.0,0.0,0.0,0.0031383719760924578,0.0,0.0,0.0,0.0,0.0,,,,,,,
-0.005068184807896614,imappo,2.6635607053293597e-09,-0.020666977390646935,0.0008544514838279427,485.0,,,,,,,,,,,,,,0.4353117705901967,,,,,0.029959240928292274,6.528315861942247e-05
,imappo,,,,485.0,0.0,0.0,0.0032641576799505856,0.0,0.0,0.0,0.0,0.0032641576799505856,0.0,0.0,0.0,0.0,0.0,,,,,,,
0.005476083606481552,imappo,8.380094840276797e-09,0.1800292730331421,0.0008541513837945982,486.0,,,,,,,,,,,,,,0.4351783927975992,,,,,0.031265098601579666,6.285482231760398e-05
,imappo,,,,486.0,0.0,0.0,0.0031427410867763683,0.0,0.0,0.0,0.0,0.0031427410867763683,0.0,0.0,0.0,0.0,0.0,,,,,,,
-0.006473763845860958,imappo,2.804800836031518e-09,0.0407877042889595,0.0008538512837612537,487.0,,,,,,,,,,,,,,0.43504501500500165,,,,,0.033449336886405945,7.086762343533337e-05
,imappo,,,,487.0,0.0,0.0,0.0035433811171969865,0.0,0.0,0.0,0.0,0.0035433811171969865,0.0,0.0,0.0,0.0,0.0,,,,,,,
0.0001262522564502433,imappo,3.5479432725082916e-09,0.01472035888582468,0.0008535511837279093,488.0,,,,,,,,,,,,,,0.4349116372124041,,,,,0.028700310736894608,6.44133469904773e-05
,imappo,,,,488.0,0.0,0.0,0.0032206676005444024,0.0,0.0,0.0,0.0,0.0032206676005444024,0.0,0.0,0.0,0.0,0.0,,,,,,,
-0.003142093075439334,imappo,2.986265679183475e-09,0.17634248733520508,0.0008532510836945649,489.0,,,,,,,,,,,,,,0.4347782594198066,,,,,0.02979879081249237,6.166226376080886e-05
,imappo,,,,489.0,0.0,0.0,0.0030831130388833117,0.0,0.0,0.0,0.0,0.0030831130388833117,0.0,0.0,0.0,0.0,0.0,,,,,,,
-0.002423626370728016,imappo,4.234906647582193e-09,0.05498376861214638,0.0008529509836612204,490.0,,,,,,,,,,,,,,0.43464488162720905,,,,,0.03133593499660492,6.708710134262219e-05
,imappo,,,,490.0,0.0,0.0,0.003354355038027279,0.0,0.0,0.0,0.0,0.003354355038027279,0.0,0.0,0.0,0.0,0.0,,,,,,,
-0.002907478017732501,imappo,2.2960358059265218e-09,-0.5158101320266724,0.000852650883627876,491.0,,,,,,,,,,,,,,0.4345115038346115,,,,,0.030430398881435394,6.902786117279902e-05
,imappo,,,,491.0,0.0,0.0,0.003451393211435061,0.0,0.0,0.0,0.0,0.003451393211435061,0.0,0.0,0.0,0.0,0.0,,,,,,,
-0.0009607654064893723,imappo,2.85354673223992e-09,-0.16405539214611053,0.0008523507835945315,492.0,,,,,,,,,,,,,,0.434378126042014,,,,,0.03136913850903511,6.793861393816769e-05
,imappo,,,,492.0,0.0,0.0,0.003396930707822321,0.0,0.0,0.0,0.0,0.003396930707822321,0.0,0.0,0.0,0.0,0.0,,,,,,,
0.00806761160492897,imappo,9.715734883286586e-10,-0.819804310798645,0.0008520506835611871,493.0,,,,,,,,,,,,,,0.43424474824941645,,,,,0.029992684721946716,6.659712380496785e-05
,imappo,,,,493.0,0.0,0.0,0.0033298561756964773,0.0,0.0,0.0,0.0,0.0033298561756964773,0.0,0.0,0.0,0.0,0.0,,,,,,,
-0.006458823103457689,imappo,4.752688465003985e-09,-0.4621560275554657,0.0008517505835278427,494.0,,,,,,,,,,,,,,0.4341113704568189,,,,,0.030023794621229172,6.626621325267479e-05
,imappo,,,,494.0,0.0,0.0,0.0033133106953755487,0.0,0.0,0.0,0.0,0.0033133106953755487,0.0,0.0,0.0,0.0,0.0,,,,,,,
-0.004318288527429104,imappo,2.4056516778614423e-08,0.06477628648281097,0.0008514504834944983,495.0,,,,,,,,,,,,,,0.43397799266422143,,,,,0.03241129219532013,7.048495172057301e-05
,imappo,,,,495.0,0.0,0.0,0.003524247440509498,0.0,0.0,0.0,0.0,0.003524247440509498,0.0,0.0,0.0,0.0,0.0,,,,,,,
-0.014100137166678905,imappo,3.5393576958142603e-09,-0.33608463406562805,0.0008511503834611537,496.0,,,,,,,,,,,,,,0.43384461487162385,,,,,0.029192330315709114,6.728549487888813e-05
,imappo,,,,496.0,0.0,0.0,0.003364274809428025,0.0,0.0,0.0,0.0,0.003364274809428025,0.0,0.0,0.0,0.0,0.0,,,,,,,
-0.005743846762925386,imappo,3.6313931861542414e-09,0.08776099979877472,0.0008508502834278093,497.0,,,,,,,,,,,,,,0.43371123707902637,,,,,0.029722806066274643,6.264521653065458e-05
,imappo,,,,497.0,0.0,0.0,0.0031322610957431607,0.0,0.0,0.0,0.0,0.0031322610957431607,0.0,0.0,0.0,0.0,0.0,,,,,,,
-0.0051107993349432945,imappo,7.376448785123557e-09,-0.1602003425359726,0.0008505501833944648,498.0,,,,,,,,,,,,,,0.4335778592864288,,,,,0.029672592878341675,6.552267586812377e-05
,imappo,,,,498.0,0.0,0.0,0.003276134069892578,0.0,0.0,0.0,0.0,0.003276134069892578,0.0,0.0,0.0,0.0,0.0,,,,,,,
-0.0051757595501840115,imappo,8.53851567228503e-09,0.301064133644104,0.0008502500833611204,499.0,,,,,,,,,,,,,,0.4334444814938313,,,,,0.03195741027593613,6.484017649199814e-05
,imappo,,,,499.0,0.0,0.0,0.003242008893721504,0.0,0.0,0.0,0.0,0.003242008893721504,0.0,0.0,0.0,0.0,0.0,,,,,,,
,imappo,,,,499.0,,,,,,,,,,,,,,,0.0,0.0,0.0,0.0,,
0.0014683910412713885,imappo,1.136534510948195e-08,-0.21303117275238037,0.000849949983327776,500.0,,,,,,,,,,,,,,0.4333111037012337,,,,,0.03173846751451492,6.871006189612672e-05
,imappo,,,,500.0,0.0,0.0,0.003435503018408781,0.0,0.0,0.0,0.0,0.003435503018408781,0.0,0.0,0.0,0.0,0.0,,,,,,,
0.006230515893548727,imappo,8.980735266561624e-09,0.23296143114566803,0.0008496498832944315,501.0,,,,,,,,,,,,,,0.43317772590863624,,,,,0.031073685735464096,6.246298289624974e-05
,imappo,,,,501.0,0.0,0.0,0.0031231495377141982,0.0,0.0,0.0,0.0,0.0031231495377141982,0.0,0.0,0.0,0.0,0.0,,,,,,,
-0.0015758411027491093,imappo,2.210056582185871e-09,-0.13507342338562012,0.0008493497832610871,502.0,,,,,,,,,,,,,,0.43304434811603865,,,,,0.029069479554891586,6.493063847301528e-05
,imappo,,,,502.0,0.0,0.0,0.00324653166171629,0.0,0.0,0.0,0.0,0.00324653166171629,0.0,0.0,0.0,0.0,0.0,,,,,,,
0.001463836058974266,imappo,6.833876242673398e-10,-0.30384373664855957,0.0008490496832277426,503.0,,,,,,,,,,,,,,0.43291097032344117,,,,,0.028127040714025497,6.442867743317038e-05
,imappo,,,,503.0,0.0,0.0,0.0032214337697951123,0.0,0.0,0.0,0.0,0.0032214337697951123,0.0,0.0,0.0,0.0,0.0,,,,,,,
-0.002275339560583234,imappo,7.3373573883372956e-09,-0.2086053043603897,0.0008487495831943981,504.0,,,,,,,,,,,,,,0.4327775925308436,,,,,0.030915942043066025,7.045341044431552e-05
,imappo,,,,504.0,0.0,0.0,0.003522670711390674,0.0,0.0,0.0,0.0,0.003522670711390674,0.0,0.0,0.0,0.0,0.0,,,,,,,
-0.010127462446689606,imappo,5.7635851646864467e-08,0.2818897068500519,0.0008484494831610537,505.0,,,,,,,,,,,,,,0.4326442147382461,,,,,0.030394122004508972,6.413455412257463e-05
,imappo,,,,505.0,0.0,0.0,0.0032067273641587235,0.0,0.0,0.0,0.0,0.0032067273641587235,0.0,0.0,0.0,0.0,0.0,,,,,,,
0.0025514941662549973,imappo,3.1787397603011414e-08,-0.4002951383590698,0.0008481493831277092,506.0,,,,,,,,,,,,,,0.4325108369456485,,,,,0.029231727123260498,6.539707101183012e-05
,imappo,,,,506.0,0.0,0.0,0.0032698534450901207,0.0,0.0,0.0,0.0,0.0032698534450901207,0.0,0.0,0.0,0.0,0.0,,,,,,,
-0.009627514518797398,imappo,2.7185455664380243e-08,-0.16976308822631836,0.0008478492830943648,507.0,,,,,,,,,,,,,,0.43237745915305104,,,,,0.0275392085313797,6.428261986002326e-05
,imappo,,,,507.0,0.0,0.0,0.003214131047570845,0.0,0.0,0.0,0.0,0.003214131047570845,0.0,0.0,0.0,0.0,0.0,,,,,,,
0.035247575491666794,imappo,1.2723293529859347e-08,-0.6411316990852356,0.0008475491830610203,508.0,,,,,,,,,,,,,,0.43224408136045345,,,,,0.03007945790886879,6.436862167902291e-05
,imappo,,,,508.0,0.0,0.0,0.003218430883862311,0.0,0.0,0.0,0.0,0.003218430883862311,0.0,0.0,0.0,0.0,0.0,,,,,,,
0.0015432131476700306,imappo,5.4941246219186723e-08,0.013924254104495049,0.0008472490830276759,509.0,,,,,,,,,,,,,,0.43211070356785597,,,,,0.03259140998125076,7.133952021831647e-05
,imappo,,,,509.0,0.0,0.0,0.0035669761200551875,0.0,0.0,0.0,0.0,0.0035669761200551875,0.0,0.0,0.0,0.0,0.0,,,,,,,
-0.012541980482637882,imappo,5.880549736048124e-08,0.0889824703335762,0.0008469489829943315,510.0,,,,,,,,,,,,,,0.43197732577525844,,,,,0.03173764795064926,6.779524846933782e-05
,imappo,,,,510.0,0.0,0.0,0.0033897622852236964,0.0,0.0,0.0,0.0,0.0033897622852236964,0.0,0.0,0.0,0.0,0.0,,,,,,,
0.0027405056171119213,imappo,2.8400057416888558e-08,0.2339833825826645,0.0008466488829609871,511.0,,,,,,,,,,,,,,0.4318439479826609,,,,,0.03035666048526764,6.266108539421111e-05
,imappo,,,,511.0,0.0,0.0,0.003133054320642259,0.0,0.0,0.0,0.0,0.003133054320642259,0.0,0.0,0.0,0.0,0.0,,,,,,,
-0.00592859648168087,imappo,3.420047889335365e-08,-0.12990540266036987,0.0008463487829276426,512.0,,,,,,,,,,,,,,0.43171057019006337,,,,,0.02963537536561489,6.484378536697477e-05
,imappo,,,,512.0,0.0,0.0,0.0032421893774881028,0.0,0.0,0.0,0.0,0.0032421893774881028,0.0,0.0,0.0,0.0,0.0,,,,,,,
-0.007042602635920048,imappo,4.1784844029280066e-08,0.00032009760616347194,0.0008460486828942981,513.0,,,,,,,,,,,,,,0.43157719239746584,,,,,0.03378928452730179,7.878890028223395e-05
,imappo,,,,513.0,0.0,0.0,0.003939445028663613,0.0,0.0,0.0,0.0,0.003939445028663613,0.0,0.0,0.0,0.0,0.0,,,,,,,
-0.004740329459309578,imappo,1.1682017131420253e-08,-0.43411749601364136,0.0008457485828609536,514.0,,,,,,,,,,,,,,0.4314438146048683,,,,,0.031918175518512726,7.090588042046875e-05
,imappo,,,,514.0,0.0,0.0,0.003545294101058971,0.0,0.0,0.0,0.0,0.003545294101058971,0.0,0.0,0.0,0.0,0.0,,,,,,,
-0.006083422806113958,imappo,9.828218239249509e-09,0.3842465579509735,0.0008454484828276092,515.0,,,,,,,,,,,,,,0.43131043681227077,,,,,0.03119429387152195,6.430019857361913e-05
,imappo,,,,515.0,0.0,0.0,0.0032150099104910623,0.0,0.0,0.0,0.0,0.0032150099104910623,0.0,0.0,0.0,0.0,0.0,,,,,,,
-0.005632455926388502,imappo,4.278256415801707e-09,-0.08396638929843903,0.0008451483827942648,516.0,,,,,,,,,,,,,,0.43117705901967324,,,,,0.028307480737566948,5.917764428886585e-05
,imappo,,,,516.0,0.0,0.0,0.0029588821016659494,0.0,0.0,0.0,0.0,0.0029588821016659494,0.0,0.0,0.0,0.0,0.0,,,,,,,
-0.0045674690045416355,imappo,7.902411880422733e-08,0.22974395751953125,0.0008448482827609203,517.0,,,,,,,,,,,,,,0.4310436812270757,,,,,0.03309312462806702,7.385062053799629e-05
,imappo,,,,517.0,0.0,0.0,0.003692531150591094,0.0,0.0,0.0,0.0,0.003692531150591094,0.0,0.0,0.0,0.0,0.0,,,,,,,
-0.004884321242570877,imappo,2.440252977464752e-08,0.14024867117404938,0.0008445481827275759,518.0,,,,,,,,,,,,,,0.43091030343447817,,,,,0.030800897628068924,6.67039566906169e-05
,imappo,,,,518.0,0.0,0.0,0.003335197969136061,0.0,0.0,0.0,0.0,0.003335197969136061,0.0,0.0,0.0,0.0,0.0,,,,,,,
-0.0054639605805277824,imappo,1.3243449892286208e-08,-0.5582082271575928,0.0008442480826942314,519.0,,,,,,,,,,,,,,0.43077692564188064,,,,,0.029922332614660263,7.061172073008493e-05
,imappo,,,,519.0,0.0,0.0,0.0035305862766108476,0.0,0.0,0.0,0.0,0.0035305862766108476,0.0,0.0,0.0,0.0,0.0,,,,,,,
-0.0062330616638064384,imappo,5.218231180492694e-09,0.13062098622322083,0.000843947982660887,520.0,,,,,,,,,,,,,,0.4306435478492831,,,,,0.03073418140411377,6.637975457124412e-05
,imappo,,,,520.0,0.0,0.0,0.0033189878377015702,0.0,0.0,0.0,0.0,0.0033189878377015702,0.0,0.0,0.0,0.0,0.0,,,,,,,
0.0041743796318769455,imappo,3.9330760870370796e-09,-0.5523006319999695,0.0008436478826275426,521.0,,,,,,,,,,,,,,0.43051017005668557,,,,,0.03017287515103817,6.755660433555022e-05
,imappo,,,,521.0,0.0,0.0,0.0033778303186409175,0.0,0.0,0.0,0.0,0.0033778303186409175,0.0,0.0,0.0,0.0,0.0,,,,,,,
0.0004659096011891961,imappo,7.89656873223521e-09,-0.34908589720726013,0.0008433477825941981,522.0,,,,,,,,,,,,,,0.43037679226408804,,,,,0.03309958055615425,6.962811312405393e-05
,imappo,,,,522.0,0.0,0.0,0.003481405434285989,0.0,0.0,0.0,0.0,0.003481405434285989,0.0,0.0,0.0,0.0,0.0,,,,,,,
0.010435524396598339,imappo,4.635115047335603e-08,-0.775942862033844,0.0008430476825608536,523.0,,,,,,,,,,,,,,0.4302434144714905,,,,,0.02928745374083519,6.590490374946967e-05
,imappo,,,,523.0,0.0,0.0,0.0032952452056633774,0.0,0.0,0.0,0.0,0.0032952452056633774,0.0,0.0,0.0,0.0,0.0,,,,,,,
-0.008481046184897423,imappo,1.1828751311782071e-08,0.0072888825088739395,0.0008427475825275092,524.0,,,,,,,,,,,,,,0.43011003667889297,,,,,0.03221212327480316,6.736328941769898e-05
,imappo,,,,524.0,0.0,0.0,0.003368164363564574,0.0,0.0,0.0,0.0,0.003368164363564574,0.0,0.0,0.0,0.0,0.0,,,,,,,
0.0013580992817878723,imappo,3.1466690586512414e-08,0.13940711319446564,0.0008424474824941647,525.0,,,,,,,,,,,,,,0.42997665888629544,,,,,0.03042733296751976,6.268738070502877e-05
,imappo,,,,525.0,0.0,0.0,0.0031343690134235658,0.0,0.0,0.0,0.0,0.0031343690134235658,0.0,0.0,0.0,0.0,0.0,,,,,,,
-0.00036812026519328356,imappo,1.2585738318193762e-07,-0.19647075235843658,0.0008421473824608203,526.0,,,,,,,,,,,,,,0.4298432810936979,,,,,0.028687305748462677,6.149715045467019e-05
,imappo,,,,526.0,0.0,0.0,0.0030748573917662725,0.0,0.0,0.0,0.0,0.0030748573917662725,0.0,0.0,0.0,0.0,0.0,,,,,,,
-0.006429901346564293,imappo,1.2576896324389963e-07,0.15896117687225342,0.0008418472824274759,527.0,,,,,,,,,,,,,,0.42970990330110037,,,,,0.03432976081967354,7.558016659459099e-05
,imappo,,,,527.0,0.0,0.0,0.0037790083661093377,0.0,0.0,0.0,0.0,0.0037790083661093377,0.0,0.0,0.0,0.0,0.0,,,,,,,
-0.003947083838284016,imappo,3.69635813513014e-07,-0.5056807398796082,0.0008415471823941314,528.0,,,,,,,,,,,,,,0.42957652550850284,,,,,0.02783350646495819,6.726235005771741e-05
,imappo,,,,528.0,0.0,0.0,0.0033631178630457725,0.0,0.0,0.0,0.0,0.0033631178630457725,0.0,0.0,0.0,0.0,0.0,,,,,,,
-0.005886046215891838,imappo,7.717087555647595e-07,0.10715223848819733,0.000841247082360787,529.0,,,,,,,,,,,,,,0.4294431477159053,,,,,0.030868874862790108,6.312147888820618e-05
,imappo,,,,529.0,0.0,0.0,0.0031560738461848814,0.0,0.0,0.0,0.0,0.0031560738461848814,0.0,0.0,0.0,0.0,0.0,,,,,,,
-0.010383260436356068,imappo,5.782527523479075e-07,0.026666902005672455,0.0008409469823274424,530.0,,,,,,,,,,,,,,0.42930976992330777,,,,,0.030033670365810394,6.953474075999111e-05
,imappo,,,,530.0,0.0,0.0,0.0034767370416375343,0.0,0.0,0.0,0.0,0.0034767370416375343,0.0,0.0,0.0,0.0,0.0,,,,,,,
-0.002514648949727416,imappo,4.2100882069462386e-07,-0.3261706829071045,0.000840646882294098,531.0,,,,,,,,,,,,,,0.42917639213071024,,,,,0.028744839131832123,6.53238530503586e-05
,imappo,,,,531.0,0.0,0.0,0.003266192517912714,0.0,0.0,0.0,0.0,0.003266192517912714,0.0,0.0,0.0,0.0,0.0,,,,,,,
-0.0025812762323766947,imappo,5.279231345411972e-07,0.16157183051109314,0.0008403467822607536,532.0,,,,,,,,,,,,,,0.4290430143381127,,,,,0.030900394544005394,6.288073200266808e-05
,imappo,,,,532.0,0.0,0.0,0.0031440368366020266,0.0,0.0,0.0,0.0,0.0031440368366020266,0.0,0.0,0.0,0.0,0.0,,,,,,,
0.001487175584770739,imappo,1.3234866003131174e-07,-0.7306697368621826,0.0008400466822274092,533.0,,,,,,,,,,,,,,0.42890963654551517,,,,,0.03004775196313858,6.585517257917672e-05
,imappo,,,,533.0,0.0,0.0,0.003292758818133734,0.0,0.0,0.0,0.0,0.003292758818133734,0.0,0.0,0.0,0.0,0.0,,,,,,,
-0.004947646055370569,imappo,2.0711109982585185e-07,0.1495555341243744,0.0008397465821940647,534.0,,,,,,,,,,,,,,0.42877625875291764,,,,,0.029427355155348778,6.403976294677705e-05
,imappo,,,,534.0,0.0,0.0,0.003201988169166725,0.0,0.0,0.0,0.0,0.003201988169166725,0.0,0.0,0.0,0.0,0.0,,,,,,,
-0.005140692926943302,imappo,6.650080308645556e-08,-0.012264871038496494,0.0008394464821607203,535.0,,,,,,,,,,,,,,0.4286428809603201,,,,,0.02889411151409149,6.999008473940194e-05
,imappo,,,,535.0,0.0,0.0,0.003499504557112232,0.0,0.0,0.0,0.0,0.003499504557112232,0.0,0.0,0.0,0.0,0.0,,,,,,,
0.013504799455404282,imappo,6.142057884517271e-08,-0.1886504590511322,0.0008391463821273758,536.0,,,,,,,,,,,,,,0.42850950316772257,,,,,0.02890382707118988,6.219449278432876e-05
,imappo,,,,536.0,0.0,0.0,0.003109724824753357,0.0,0.0,0.0,0.0,0.003109724824753357,0.0,0.0,0.0,0.0,0.0,,,,,,,
0.010333054699003696,imappo,1.285040962528683e-08,-0.7235795259475708,0.0008388462820940314,537.0,,,,,,,,,,,,,,0.42837612537512504,,,,,0.029053378850221634,6.58841963740997e-05
,imappo,,,,537.0,0.0,0.0,0.003294209818704985,0.0,0.0,0.0,0.0,0.003294209818704985,0.0,0.0,0.0,0.0,0.0,,,,,,,
0.00045481789857149124,imappo,8.420149910648433e-09,-0.12447822839021683,0.000838546182060687,538.0,,,,,,,,,,,,,,0.4282427475825275,,,,,0.03087502531707287,6.474573456216604e-05
,imappo,,,,538.0,0.0,0.0,0.003237286531657446,0.0,0.0,0.0,0.0,0.003237286531657446,0.0,0.0,0.0,0.0,0.0,,,,,,,
-0.006321994122117758,imappo,9.602303840949844e-09,-0.12886156141757965,0.0008382460820273424,539.0,,,,,,,,,,,,,,0.42810936978992997,,,,,0.02951383963227272,6.675459007965401e-05
,imappo,,,,539.0,0.0,0.0,0.003337729569466319,0.0,0.0,0.0,0.0,0.003337729569466319,0.0,0.0,0.0,0.0,0.0,,,,,,,
-0.0005005653947591782,imappo,8.80267858605066e-09,-0.14995349943637848,0.000837945981993998,540.0,,,,,,,,,,,,,,0.42797599199733244,,,,,0.027803676202893257,6.888712960062549e-05
,imappo,,,,540.0,0.0,0.0,0.0034443561962689273,0.0,0.0,0.0,0.0,0.0034443561962689273,0.0,0.0,0.0,0.0,0.0,,,,,,,
-0.00787022802978754,imappo,1.9128313155647447e-08,-0.32010912895202637,0.0008376458819606535,541.0,,,,,,,,,,,,,,0.4278426142047349,,,,,0.03242892026901245,6.557042797794566e-05
,imappo,,,,541.0,0.0,0.0,0.003278521486208774,0.0,0.0,0.0,0.0,0.003278521486208774,0.0,0.0,0.0,0.0,0.0,,,,,,,
-0.002285473281517625,imappo,1.6149837023249347e-08,0.04005877673625946,0.0008373457819273091,542.0,,,,,,,,,,,,,,0.4277092364121374,,,,,0.030416563153266907,5.867489744559862e-05
,imappo,,,,542.0,0.0,0.0,0.002933744734036736,0.0,0.0,0.0,0.0,0.002933744734036736,0.0,0.0,0.0,0.0,0.0,,,,,,,
-0.00793608371168375,imappo,1.6997842022803411e-09,-0.013546207919716835,0.0008370456818939647,543.0,,,,,,,,,,,,,,0.42757585861953984,,,,,0.02854297310113907,6.798459071433172e-05
,imappo,,,,543.0,0.0,0.0,0.0033992294484050944,0.0,0.0,0.0,0.0,0.0033992294484050944,0.0,0.0,0.0,0.0,0.0,,,,,,,
-0.008748725056648254,imappo,1.976859120844665e-09,-0.381164014339447,0.0008367455818606203,544.0,,,,,,,,,,,,,,0.4274424808269423,,,,,0.02772684022784233,6.10137649346143e-05
,imappo,,,,544.0,0.0,0.0,0.0030506883340422064,0.0,0.0,0.0,0.0,0.0030506883340422064,0.0,0.0,0.0,0.0,0.0,,,,,,,
-0.0035409550182521343,imappo,1.414149908285367e-09,0.12006399780511856,0.0008364454818272758,545.0,,,,,,,,,,,,,,0.4273091030343448,,,,,0.03332420438528061,6.315962673397735e-05
,imappo,,,,545.0,0.0,0.0,0.003157981334879878,0.0,0.0,0.0,0.0,0.003157981334879878,0.0,0.0,0.0,0.0,0.0,,,,,,,
-0.010203540325164795,imappo,4.973344402969815e-09,-0.20008254051208496,0.0008361453817939314,546.0,,,,,,,,,,,,,,0.42717572524174724,,,,,0.03251286596059799,7.442054629791528e-05
,imappo,,,,546.0,0.0,0.0,0.003721027125720866,0.0,0.0,0.0,0.0,0.003721027125720866,0.0,0.0,0.0,0.0,0.0,,,,,,,
-0.007693212013691664,imappo,1.4921573310289205e-08,0.024718208238482475,0.0008358452817605869,547.0,,,,,,,,,,,,,,0.4270423474491497,,,,,0.03266339749097824,6.035068872733973e-05
,imappo,,,,547.0,0.0,0.0,0.0030175345491443295,0.0,0.0,0.0,0.0,0.0030175345491443295,0.0,0.0,0.0,0.0,0.0,,,,,,,
-0.005690505262464285,imappo,1.6345085285252026e-08,0.23275472223758698,0.0008355451817272424,548.0,,,,,,,,,,,,,,0.4269089696565522,,,,,0.03276713192462921,6.57883720123209e-05
,imappo,,,,548.0,0.0,0.0,0.0032894183896132745,0.0,0.0,0.0,0.0,0.0032894183896132745,0.0,0.0,0.0,0.0,0.0,,,,,,,
-0.004521655850112438,imappo,3.4640177393185922e-09,-0.09410702437162399,0.000835245081693898,549.0,,,,,,,,,,,,,,0.42677559186395464,,,,,0.02804672159254551,6.036406921339221e-05
,imappo,,,,549.0,0.0,0.0,0.0030182035152392928,0.0,0.0,0.0,0.0,0.0030182035152392928,0.0,0.0,0.0,0.0,0.0,,,,,,,
0.0070648109540343285,imappo,6.886399006589272e-09,-1.0857421159744263,0.0008349449816605535,550.0,,,,,,,,,,,,,,0.4266422140713571,,,,,0.029912123456597328,6.434744864236563e-05
,imappo,,,,550.0,0.0,0.0,0.003217372446670197,0.0,0.0,0.0,0.0,0.003217372446670197,0.0,0.0,0.0,0.0,0.0,,,,,,,
-0.0030834805220365524,imappo,2.6602058333935474e-09,-0.5224080681800842,0.0008346448816272091,551.0,,,,,,,,,,,,,,0.4265088362787596,,,,,0.02679261937737465,6.104948261054233e-05
,imappo,,,,551.0,0.0,0.0,0.003052474436117336,0.0,0.0,0.0,0.0,0.003052474436117336,0.0,0.0,0.0,0.0,0.0,,,,,,,
0.003157292492687702,imappo,3.0614664137118552e-09,-0.3592589199542999,0.0008343447815938646,552.0,,,,,,,,,,,,,,0.42637545848616204,,,,,0.029996246099472046,6.260211375774816e-05
,imappo,,,,552.0,0.0,0.0,0.003130105644231662,0.0,0.0,0.0,0.0,0.003130105644231662,0.0,0.0,0.0,0.0,0.0,,,,,,,
-0.004451530985534191,imappo,5.731804808561947e-09,0.08559489995241165,0.0008340446815605202,553.0,,,,,,,,,,,,,,0.4262420806935645,,,,,0.03407905995845795,7.995062333066016e-05
,imappo,,,,553.0,0.0,0.0,0.003997531333880033,0.0,0.0,0.0,0.0,0.003997531333880033,0.0,0.0,0.0,0.0,0.0,,,,,,,
-0.006598572246730328,imappo,9.013150781278512e-10,0.08103325963020325,0.0008337445815271758,554.0,,,,,,,,,,,,,,0.426108702900967,,,,,0.031142069026827812,6.692722672596574e-05
,imappo,,,,554.0,0.0,0.0,0.0033463610852777492,0.0,0.0,0.0,0.0,0.0033463610852777492,0.0,0.0,0.0,0.0,0.0,,,,,,,
-0.009541049599647522,imappo,2.7787110390420366e-09,0.2674771547317505,0.0008334444814938313,555.0,,,,,,,,,,,,,,0.42597532510836944,,,,,0.03019702062010765,7.142020331230015e-05
,imappo,,,,555.0,0.0,0.0,0.0035710103384190006,0.0,0.0,0.0,0.0,0.0035710103384190006,0.0,0.0,0.0,0.0,0.0,,,,,,,
0.012584724463522434,imappo,1.8544005442322486e-08,-0.9888181686401367,0.0008331443814604869,556.0,,,,,,,,,,,,,,0.4258419473157719,,,,,0.02938196063041687,6.524289346998557e-05
,imappo,,,,556.0,0.0,0.0,0.0032621443751850165,0.0,0.0,0.0,0.0,0.0032621443751850165,0.0,0.0,0.0,0.0,0.0,,,,,,,
-0.005624628160148859,imappo,1.2748837541209923e-08,-0.05744139477610588,0.0008328442814271425,557.0,,,,,,,,,,,,,,0.4257085695231744,,,,,0.029271088540554047,4.8907852033153176e-05
,imappo,,,,557.0,0.0,0.0,0.002445392488880316,0.0,0.0,0.0,0.0,0.002445392488880316,0.0,0.0,0.0,0.0,0.0,,,,,,,
0.008529430255293846,imappo,1.9334880363430784e-08,-1.0423953533172607,0.0008325441813937979,558.0,,,,,,,,,,,,,,0.42557519173057684,,,,,0.027974151074886322,6.640555511694402e-05
,imappo,,,,558.0,0.0,0.0,0.00332027754484443,0.0,0.0,0.0,0.0,0.00332027754484443,0.0,0.0,0.0,0.0,0.0,,,,,,,
-0.008226175792515278,imappo,5.824390925113221e-08,-0.28217753767967224,0.0008322440813604535,559.0,,,,,,,,,,,,,,0.4254418139379793,,,,,0.0335213877260685,7.107990677468479e-05
,imappo,,,,559.0,0.0,0.0,0.0035539953314582817,0.0,0.0,0.0,0.0,0.0035539953314582817,0.0,0.0,0.0,0.0,0.0,,,,,,,
-0.005806134548038244,imappo,7.100393872860877e-08,0.015525026246905327,0.0008319439813271091,560.0,,,,,,,,,,,,,,0.4253084361453818,,,,,0.03431542590260506,7.549390284111723e-05
,imappo,,,,560.0,0.0,0.0,0.003774695287575014,0.0,0.0,0.0,0.0,0.003774695287575014,0.0,0.0,0.0,0.0,0.0,,,,,,,
0.0029381660278886557,imappo,2.7527359947043806e-08,0.29200389981269836,0.0008316438812937646,561.0,,,,,,,,,,,,,,0.42517505835278424,,,,,0.029280714690685272,7.557286153314635e-05
,imappo,,,,561.0,0.0,0.0,0.003778643078476307,0.0,0.0,0.0,0.0,0.003778643078476307,0.0,0.0,0.0,0.0,0.0,,,,,,,
-0.00987674668431282,imappo,4.145352061613039e-09,-0.034549273550510406,0.0008313437812604202,562.0,,,,,,,,,,,,,,0.4250416805601867,,,,,0.0313376784324646,6.12240910413675e-05
,imappo,,,,562.0,0.0,0.0,0.003061204926780192,0.0,0.0,0.0,0.0,0.003061204926780192,0.0,0.0,0.0,0.0,0.0,,,,,,,
-0.008892424404621124,imappo,3.659594582927639e-08,-0.12136664241552353,0.0008310436812270757,563.0,,,,,,,,,,,,,,0.4249083027675892,,,,,0.030126072466373444,6.591615965589881e-05
,imappo,,,,563.0,0.0,0.0,0.003295808233815478,0.0,0.0,0.0,0.0,0.003295808233815478,0.0,0.0,0.0,0.0,0.0,,,,,,,
-0.006253830622881651,imappo,1.9793453986949316e-08,-0.1316956728696823,0.0008307435811937313,564.0,,,,,,,,,,,,,,0.42477492497499164,,,,,0.02888823114335537,6.761980330338702e-05
,imappo,,,,564.0,0.0,0.0,0.003380990372534143,0.0,0.0,0.0,0.0,0.003380990372534143,0.0,0.0,0.0,0.0,0.0,,,,,,,
-0.00676155649125576,imappo,1.336469956925157e-08,-0.014128961600363255,0.0008304434811603869,565.0,,,,,,,,,,,,,,0.4246415471823941,,,,,0.0322825089097023,7.770253432681784e-05
,imappo,,,,565.0,0.0,0.0,0.0038851270583109,0.0,0.0,0.0,0.0,0.0038851270583109,0.0,0.0,0.0,0.0,0.0,,,,,,,
-0.006007237825542688,imappo,1.6922193646351502e-09,-1.122741460800171,0.0008301433811270423,566.0,,,,,,,,,,,,,,0.4245081693897966,,,,,0.028777701780200005,6.566744559677318e-05
,imappo,,,,566.0,0.0,0.0,0.0032833723416842986,0.0,0.0,0.0,0.0,0.0032833723416842986,0.0,0.0,0.0,0.0,0.0,,,,,,,
-0.0035594101063907146,imappo,4.58456028695764e-09,-0.7012528777122498,0.0008298432810936979,567.0,,,,,,,,,,,,,,0.42437479159719904,,,,,0.03131328895688057,6.46222906652838e-05
,imappo,,,,567.0,0.0,0.0,0.0032311148388544098,0.0,0.0,0.0,0.0,0.0032311148388544098,0.0,0.0,0.0,0.0,0.0,,,,,,,
-0.007505157496780157,imappo,2.2004440491940613e-09,-0.4703676998615265,0.0008295431810603534,568.0,,,,,,,,,,,,,,0.4242414138046015,,,,,0.03378310054540634,6.657967605860904e-05
,imappo,,,,568.0,0.0,0.0,0.003328983668325236,0.0,0.0,0.0,0.0,0.003328983668325236,0.0,0.0,0.0,0.0,0.0,,,,,,,
-0.010136580094695091,imappo,7.953298464258296e-09,-0.12087991088628769,0.000829243081027009,569.0,,,,,,,,,,,,,,0.424108036012004,,,,,0.030780045315623283,5.954663720331155e-05
,imappo,,,,569.0,0.0,0.0,0.0029773317110084463,0.0,0.0,0.0,0.0,0.0029773317110084463,0.0,0.0,0.0,0.0,0.0,,,,,,,
0.0005079847178421915,imappo,1.0358660595954916e-09,-0.5688928961753845,0.0008289429809936646,570.0,,,,,,,,,,,,,,0.42397465821940644,,,,,0.030804404988884926,6.649032729910687e-05
,imappo,,,,570.0,0.0,0.0,0.0033245165868720505,0.0,0.0,0.0,0.0,0.0033245165868720505,0.0,0.0,0.0,0.0,0.0,,,,,,,
-0.007388744968920946,imappo,8.482184732372389e-09,-0.030536040663719177,0.0008286428809603202,571.0,,,,,,,,,,,,,,0.4238412804268089,,,,,0.031589191406965256,5.637985668727197e-05
,imappo,,,,571.0,0.0,0.0,0.0028189927907078527,0.0,0.0,0.0,0.0,0.0028189927907078527,0.0,0.0,0.0,0.0,0.0,,,,,,,
-0.0056116171181201935,imappo,5.9399898333367673e-08,-0.03022119216620922,0.0008283427809269757,572.0,,,,,,,,,,,,,,0.42370790263421143,,,,,0.03300052508711815,7.813549018464983e-05
,imappo,,,,572.0,0.0,0.0,0.003906774476490682,0.0,0.0,0.0,0.0,0.003906774476490682,0.0,0.0,0.0,0.0,0.0,,,,,,,
-0.012594599276781082,imappo,4.452721569236928e-08,-0.6710180640220642,0.0008280426808936313,573.0,,,,,,,,,,,,,,0.42357452484161384,,,,,0.03306721895933151,7.365010242210701e-05
,imappo,,,,573.0,0.0,0.0,0.003682505186588969,0.0,0.0,0.0,0.0,0.003682505186588969,0.0,0.0,0.0,0.0,0.0,,,,,,,
0.002687346190214157,imappo,2.6903627770025196e-08,-0.5384387373924255,0.0008277425808602868,574.0,,,,,,,,,,,,,,0.42344114704901636,,,,,0.028646068647503853,6.186401878949255e-05
,imappo,,,,574.0,0.0,0.0,0.003093200830335263,0.0,0.0,0.0,0.0,0.003093200830335263,0.0,0.0,0.0,0.0,0.0,,,,,,,
-0.007473661098629236,imappo,2.4332017289907526e-08,-0.3847559690475464,0.0008274424808269423,575.0,,,,,,,,,,,,,,0.4233077692564188,,,,,0.03257260471582413,7.20356110832654e-05
,imappo,,,,575.0,0.0,0.0,0.003601780321332626,0.0,0.0,0.0,0.0,0.003601780321332626,0.0,0.0,0.0,0.0,0.0,,,,,,,
-0.007740906905382872,imappo,3.4044777663666537e-08,-0.7346730828285217,0.0008271423807935979,576.0,,,,,,,,,,,,,,0.4231743914638213,,,,,0.031546495854854584,7.260653364937752e-05
,imappo,,,,576.0,0.0,0.0,0.003630326646089088,0.0,0.0,0.0,0.0,0.003630326646089088,0.0,0.0,0.0,0.0,0.0,,,,,,,
-0.012666584923863411,imappo,1.2012133510097556e-08,-0.5925299525260925,0.0008268422807602534,577.0,,,,,,,,,,,,,,0.4230410136712237,,,,,0.031390510499477386,6.55797848594375e-05
,imappo,,,,577.0,0.0,0.0,0.003278989001955779,0.0,0.0,0.0,0.0,0.003278989001955779,0.0,0.0,0.0,0.0,0.0,,,,,,,
-0.002198448171839118,imappo,1.8085934527789505e-08,-0.499435156583786,0.000826542180726909,578.0,,,,,,,,,,,,,,0.42290763587862623,,,,,0.02993282489478588,6.742117693647742e-05
,imappo,,,,578.0,0.0,0.0,0.0033710586867528036,0.0,0.0,0.0,0.0,0.0033710586867528036,0.0,0.0,0.0,0.0,0.0,,,,,,,
-0.004981889855116606,imappo,8.957369956874572e-09,-0.5112278461456299,0.0008262420806935645,579.0,,,,,,,,,,,,,,0.42277425808602864,,,,,0.029172947630286217,6.707316788379103e-05
,imappo,,,,579.0,0.0,0.0,0.003353658325067954,0.0,0.0,0.0,0.0,0.003353658325067954,0.0,0.0,0.0,0.0,0.0,,,,,,,
-0.0055626993998885155,imappo,3.2212570388878703e-09,-0.5204011797904968,0.0008259419806602201,580.0,,,,,,,,,,,,,,0.42264088029343116,,,,,0.030516531318426132,6.469478103099391e-05
,imappo,,,,580.0,0.0,0.0,0.0032347390879294835,0.0,0.0,0.0,0.0,0.0032347390879294835,0.0,0.0,0.0,0.0,0.0,,,,,,,
0.02744033746421337,imappo,3.259459147031407e-09,-1.3303207159042358,0.0008256418806268757,581.0,,,,,,,,,,,,,,0.4225075025008336,,,,,0.027099844068288803,6.62468301015906e-05
,imappo,,,,581.0,0.0,0.0,0.0033123419125331566,0.0,0.0,0.0,0.0,0.0033123419125331566,0.0,0.0,0.0,0.0,0.0,,,,,,,
0.0025905813090503216,imappo,2.7430147042650788e-08,-0.7433227300643921,0.0008253417805935312,582.0,,,,,,,,,,,,,,0.4223741247082361,,,,,0.02984471246600151,6.903146277181804e-05
,imappo,,,,582.0,0.0,0.0,0.0034515732768340968,0.0,0.0,0.0,0.0,0.0034515732768340968,0.0,0.0,0.0,0.0,0.0,,,,,,,
-0.0015986086800694466,imappo,8.934886608358283e-09,-0.6801171898841858,0.0008250416805601868,583.0,,,,,,,,,,,,,,0.4222407469156385,,,,,0.02768815867602825,6.081919127609581e-05
,imappo,,,,583.0,0.0,0.0,0.0030409598293772433,0.0,0.0,0.0,0.0,0.0030409598293772433,0.0,0.0,0.0,0.0,0.0,,,,,,,
-0.004972700495272875,imappo,3.603607012792054e-08,-0.023993730545043945,0.0008247415805268422,584.0,,,,,,,,,,,,,,0.42210736912304103,,,,,0.03298891335725784,7.616083166794851e-05
,imappo,,,,584.0,0.0,0.0,0.0038080416779848747,0.0,0.0,0.0,0.0,0.0038080416779848747,0.0,0.0,0.0,0.0,0.0,,,,,,,
-0.008133213967084885,imappo,3.591159014604273e-08,-0.12873436510562897,0.0008244414804934978,585.0,,,,,,,,,,,,,,0.42197399133044344,,,,,0.030144114047288895,6.382791616488248e-05
,imappo,,,,585.0,0.0,0.0,0.0031913958991935942,0.0,0.0,0.0,0.0,0.0031913958991935942,0.0,0.0,0.0,0.0,0.0,,,,,,,
-0.006206118501722813,imappo,2.955990119346552e-08,-0.4462173581123352,0.0008241413804601534,586.0,,,,,,,,,,,,,,0.42184061353784597,,,,,0.027370110154151917,6.52969756629318e-05
,imappo,,,,586.0,0.0,0.0,0.0032648483866069,0.0,0.0,0.0,0.0,0.0032648483866069,0.0,0.0,0.0,0.0,0.0,,,,,,,
-0.008829880505800247,imappo,2.8588328149226072e-08,-0.08705822378396988,0.000823841280426809,587.0,,,,,,,,,,,,,,0.42170723574524843,,,,,0.030367158353328705,7.935609028209001e-05
,imappo,,,,587.0,0.0,0.0,0.003967804641433759,0.0,0.0,0.0,0.0,0.003967804641433759,0.0,0.0,0.0,0.0,0.0,,,,,,,
-0.00498942518606782,imappo,9.31623045374863e-09,0.00893760658800602,0.0008235411803934645,588.0,,,,,,,,,,,,,,0.4215738579526509,,,,,0.030918490141630173,7.825861393939704e-05
,imappo,,,,588.0,0.0,0.0,0.003912930813385174,0.0,0.0,0.0,0.0,0.003912930813385174,0.0,0.0,0.0,0.0,0.0,,,,,,,
-0.005897633731365204,imappo,1.0028534447314996e-08,-0.8647875785827637,0.0008232410803601201,589.0,,,,,,,,,,,,,,0.42144048016005337,,,,,0.030136875808238983,7.008379907347262e-05
,imappo,,,,589.0,0.0,0.0,0.003504189993691398,0.0,0.0,0.0,0.0,0.003504189993691398,0.0,0.0,0.0,0.0,0.0,,,,,,,
-0.014062315225601196,imappo,5.97648934785866e-08,-0.08478692173957825,0.0008229409803267756,590.0,,,,,,,,,,,,,,0.42130710236745583,,,,,0.030872873961925507,5.849738226970658e-05
,imappo,,,,590.0,0.0,0.0,0.0029248691025713924,0.0,0.0,0.0,0.0,0.0029248691025713924,0.0,0.0,0.0,0.0,0.0,,,,,,,
-0.00734326196834445,imappo,3.593972408566515e-08,0.03327712416648865,0.0008226408802934312,591.0,,,,,,,,,,,,,,0.4211737245748583,,,,,0.028392095118761063,7.600286335218698e-05
,imappo,,,,591.0,0.0,0.0,0.0038001428147254046,0.0,0.0,0.0,0.0,0.0038001428147254046,0.0,0.0,0.0,0.0,0.0,,,,,,,
0.00044691175571642816,imappo,3.703776130237202e-08,-0.7314901351928711,0.0008223407802600868,592.0,,,,,,,,,,,,,,0.42104034678226077,,,,,0.030098214745521545,6.481898890342563e-05
,imappo,,,,592.0,0.0,0.0,0.0032409496379841585,0.0,0.0,0.0,0.0,0.0032409496379841585,0.0,0.0,0.0,0.0,0.0,,,,,,,
-0.004022632259875536,imappo,2.396222242850854e-08,0.016838395968079567,0.0008220406802267422,593.0,,,,,,,,,,,,,,0.42090696898966323,,,,,0.026364125311374664,8.746734238229692e-05
,imappo,,,,593.0,0.0,0.0,0.00437336698450963,0.0,0.0,0.0,0.0,0.00437336698450963,0.0,0.0,0.0,0.0,0.0,,,,,,,
-0.0008178944699466228,imappo,1.1346931216849043e-07,-0.4484153687953949,0.0008217405801933978,594.0,,,,,,,,,,,,,,0.4207735911970657,,,,,0.03101208060979843,6.833860970800743e-05
,imappo,,,,594.0,0.0,0.0,0.003416930583625799,0.0,0.0,0.0,0.0,0.003416930583625799,0.0,0.0,0.0,0.0,0.0,,,,,,,
0.002698289230465889,imappo,2.014999154198449e-07,-0.46577322483062744,0.0008214404801600533,595.0,,,,,,,,,,,,,,0.42064021340446817,,,,,0.029754716902971268,6.866877083666623e-05
,imappo,,,,595.0,0.0,0.0,0.0034334385782130994,0.0,0.0,0.0,0.0,0.0034334385782130994,0.0,0.0,0.0,0.0,0.0,,,,,,,
-0.009054935537278652,imappo,9.039725910042762e-07,-0.366945743560791,0.0008211403801267089,596.0,,,,,,,,,,,,,,0.42050683561187063,,,,,0.032436296343803406,2.8926648155902512e-05
,imappo,,,,596.0,0.0,0.0,0.001446332469470235,0.0,0.0,0.0,0.0,0.001446332469470235,0.0,0.0,0.0,0.0,0.0,,,,,,,
-0.001788994763046503,imappo,3.2494401125404693e-07,-0.06735362857580185,0.0008208402800933645,597.0,,,,,,,,,,,,,,0.4203734578192731,,,,,0.033454522490501404,6.163898069644347e-05
,imappo,,,,597.0,0.0,0.0,0.0030819492301361606,0.0,0.0,0.0,0.0,0.0030819492301361606,0.0,0.0,0.0,0.0,0.0,,,,,,,
-0.0009666304686106741,imappo,1.81629474127476e-07,-0.6184375286102295,0.0008205401800600201,598.0,,,,,,,,,,,,,,0.42024008002667557,,,,,0.03280940279364586,6.16741381236352e-05
,imappo,,,,598.0,0.0,0.0,0.0030837069934932515,0.0,0.0,0.0,0.0,0.0030837069934932515,0.0,0.0,0.0,0.0,0.0,,,,,,,
-0.0033400198444724083,imappo,1.7944108776646317e-07,-0.34317225217819214,0.0008202400800266756,599.0,,,,,,,,,,,,,,0.42010670223407803,,,,,0.029507361352443695,5.4344931413652375e-05
,imappo,,,,599.0,0.0,0.0,0.0027172466325282585,0.0,0.0,0.0,0.0,0.0027172466325282585,0.0,0.0,0.0,0.0,0.0,,,,,,,
,imappo,,,,599.0,,,,,,,,,,,,,,,0.0,0.0,0.0,0.0,,
-0.00663556344807148,imappo,1.2149028805197304e-07,-0.4690294861793518,0.0008199399799933312,600.0,,,,,,,,,,,,,,0.4199733244414805,,,,,0.03023378551006317,5.892033368581906e-05
,imappo,,,,600.0,0.0,0.0,0.002946016635178239,0.0,0.0,0.0,0.0,0.002946016635178239,0.0,0.0,0.0,0.0,0.0,,,,,,,
-0.0014678844017907977,imappo,1.2558791695482796e-07,-0.0417337529361248,0.0008196398799599866,601.0,,,,,,,,,,,,,,0.41983994664888297,,,,,0.029105523601174355,5.6953384046209976e-05
,imappo,,,,601.0,0.0,0.0,0.0028476692586991703,0.0,0.0,0.0,0.0,0.0028476692586991703,0.0,0.0,0.0,0.0,0.0,,,,,,,
-0.004167120438069105,imappo,1.2158235307424547e-08,-0.8818363547325134,0.0008193397799266422,602.0,,,,,,,,,,,,,,0.41970656885628543,,,,,0.03265658766031265,6.961860344745219e-05
,imappo,,,,602.0,0.0,0.0,0.003480930408841232,0.0,0.0,0.0,0.0,0.003480930408841232,0.0,0.0,0.0,0.0,0.0,,,,,,,
-0.006112855859100819,imappo,1.1563005664072534e-08,-0.5464083552360535,0.0008190396798932978,603.0,,,,,,,,,,,,,,0.4195731910636879,,,,,0.02896423265337944,6.111096445238218e-05
,imappo,,,,603.0,0.0,0.0,0.0030555480552720837,0.0,0.0,0.0,0.0,0.0030555480552720837,0.0,0.0,0.0,0.0,0.0,,,,,,,
0.006368599366396666,imappo,2.6597724023247338e-09,-0.6892962455749512,0.0008187395798599533,604.0,,,,,,,,,,,,,,0.41943981327109037,,,,,0.02816329523921013,6.290425517363474e-05
,imappo,,,,604.0,0.0,0.0,0.003145212831441313,0.0,0.0,0.0,0.0,0.003145212831441313,0.0,0.0,0.0,0.0,0.0,,,,,,,
0.012606958858668804,imappo,3.713060525711853e-09,-0.9343327879905701,0.0008184394798266089,605.0,,,,,,,,,,,,,,0.41930643547849283,,,,,0.031039204448461533,6.904041219968349e-05
,imappo,,,,605.0,0.0,0.0,0.0034520203953434248,0.0,0.0,0.0,0.0,0.0034520203953434248,0.0,0.0,0.0,0.0,0.0,,,,,,,
-0.0037360419519245625,imappo,3.801226888811016e-09,-0.24977737665176392,0.0008181393797932644,606.0,,,,,,,,,,,,,,0.4191730576858953,,,,,0.03167787194252014,6.660164217464626e-05
,imappo,,,,606.0,0.0,0.0,0.003330082145112101,0.0,0.0,0.0,0.0,0.003330082145112101,0.0,0.0,0.0,0.0,0.0,,,,,,,
-0.0021307412534952164,imappo,5.908045608293833e-09,-0.6082197427749634,0.00081783927975992,607.0,,,,,,,,,,,,,,0.41903967989329777,,,,,0.02913183532655239,6.096584183978848e-05
,imappo,,,,607.0,0.0,0.0,0.0030482920446956996,0.0,0.0,0.0,0.0,0.0030482920446956996,0.0,0.0,0.0,0.0,0.0,,,,,,,
0.0038467010017484426,imappo,3.530224290670958e-08,-0.47701069712638855,0.0008175391797265756,608.0,,,,,,,,,,,,,,0.41890630210070023,,,,,0.030054308474063873,6.82596510159783e-05
,imappo,,,,608.0,0.0,0.0,0.003412982743611792,0.0,0.0,0.0,0.0,0.003412982743611792,0.0,0.0,0.0,0.0,0.0,,,,,,,
-0.0050030960701406,imappo,1.4143902049568169e-08,-0.777566134929657,0.0008172390796932312,609.0,,,,,,,,,,,,,,0.4187729243081027,,,,,0.030765563249588013,6.559292523888871e-05
,imappo,,,,609.0,0.0,0.0,0.003279645949078258,0.0,0.0,0.0,0.0,0.003279645949078258,0.0,0.0,0.0,0.0,0.0,,,,,,,
-0.0009959206217899919,imappo,7.391493195285648e-09,-1.0093055963516235,0.0008169389796598867,610.0,,,,,,,,,,,,,,0.41863954651550517,,,,,0.02964189276099205,6.762042175978422e-05
,imappo,,,,610.0,0.0,0.0,0.0033810210443334654,0.0,0.0,0.0,0.0,0.0033810210443334654,0.0,0.0,0.0,0.0,0.0,,,,,,,
-0.005536036100238562,imappo,9.050125093779116e-09,-1.0195307731628418,0.0008166388796265422,611.0,,,,,,,,,,,,,,0.41850616872290763,,,,,0.02850702777504921,6.781434058211744e-05
,imappo,,,,611.0,0.0,0.0,0.0033907170509337448,0.0,0.0,0.0,0.0,0.0033907170509337448,0.0,0.0,0.0,0.0,0.0,,,,,,,
-0.0016824601916596293,imappo,1.3539258603145754e-08,-1.0816307067871094,0.0008163387795931977,612.0,,,,,,,,,,,,,,0.4183727909303101,,,,,0.028720581904053688,7.208598253782839e-05
,imappo,,,,612.0,0.0,0.0,0.003604299079597695,0.0,0.0,0.0,0.0,0.003604299079597695,0.0,0.0,0.0,0.0,0.0,,,,,,,
0.00016148464055731893,imappo,1.866871635058942e-08,-0.5288032293319702,0.0008160386795598533,613.0,,,,,,,,,,,,,,0.41823941313771257,,,,,0.030576009303331375,6.678270437987521e-05
,imappo,,,,613.0,0.0,0.0,0.00333913479335024,0.0,0.0,0.0,0.0,0.00333913479335024,0.0,0.0,0.0,0.0,0.0,,,,,,,
0.0008137697586789727,imappo,2.0249380838777142e-08,-0.7834397554397583,0.0008157385795265089,614.0,,,,,,,,,,,,,,0.41810603534511503,,,,,0.028615552932024002,6.19896236457862e-05
,imappo,,,,614.0,0.0,0.0,0.003099481236858992,0.0,0.0,0.0,0.0,0.003099481236858992,0.0,0.0,0.0,0.0,0.0,,,,,,,
-0.0038056806661188602,imappo,1.3795613540423801e-08,-0.8011075854301453,0.0008154384794931644,615.0,,,,,,,,,,,,,,0.4179726575525175,,,,,0.028664348646998405,6.38763012830168e-05
,imappo,,,,615.0,0.0,0.0,0.0031938157553668134,0.0,0.0,0.0,0.0,0.0031938157553668134,0.0,0.0,0.0,0.0,0.0,,,,,,,
-0.003370143473148346,imappo,4.370201533987483e-09,-0.6378880739212036,0.00081513837945982,616.0,,,,,,,,,,,,,,0.41783927975991997,,,,,0.027631325647234917,5.888169471290894e-05
,imappo,,,,616.0,0.0,0.0,0.0029440847647492774,0.0,0.0,0.0,0.0,0.0029440847647492774,0.0,0.0,0.0,0.0,0.0,,,,,,,
-0.007001237012445927,imappo,1.7456686762784557e-08,-0.07735160738229752,0.0008148382794264755,617.0,,,,,,,,,,,,,,0.41770590196732243,,,,,0.03390203043818474,5.7642195315565914e-05
,imappo,,,,617.0,0.0,0.0,0.002882109755773854,0.0,0.0,0.0,0.0,0.002882109755773854,0.0,0.0,0.0,0.0,0.0,,,,,,,
-0.003270406275987625,imappo,3.4796963088723487e-09,-0.8244733810424805,0.0008145381793931311,618.0,,,,,,,,,,,,,,0.4175725241747249,,,,,0.029052838683128357,6.334693898679689e-05
,imappo,,,,618.0,0.0,0.0,0.0031673472039983608,0.0,0.0,0.0,0.0,0.0031673472039983608,0.0,0.0,0.0,0.0,0.0,,,,,,,
-0.005153329111635685,imappo,4.336627767997925e-08,-0.2913626730442047,0.0008142380793597867,619.0,,,,,,,,,,,,,,0.41743914638212737,,,,,0.030208002775907516,7.14043781044893e-05
,imappo,,,,619.0,0.0,0.0,0.003570218974346062,0.0,0.0,0.0,0.0,0.003570218974346062,0.0,0.0,0.0,0.0,0.0,,,,,,,
0.008858665823936462,imappo,1.1566300806009622e-08,-1.2663240432739258,0.0008139379793264422,620.0,,,,,,,,,,,,,,0.41730576858952984,,,,,0.028247039765119553,6.70540175633505e-05
,imappo,,,,620.0,0.0,0.0,0.0033527002815390006,0.0,0.0,0.0,0.0,0.0033527002815390006,0.0,0.0,0.0,0.0,0.0,,,,,,,
0.008337167091667652,imappo,1.9963962927249668e-08,-0.6957099437713623,0.0008136378792930977,621.0,,,,,,,,,,,,,,0.4171723907969323,,,,,0.026831597089767456,6.131536065367982e-05
,imappo,,,,621.0,0.0,0.0,0.003065767861698987,0.0,0.0,0.0,0.0,0.003065767861698987,0.0,0.0,0.0,0.0,0.0,,,,,,,
-0.007805405650287867,imappo,6.190940649020149e-09,-1.220494031906128,0.0008133377792597533,622.0,,,,,,,,,,,,,,0.41703901300433477,,,,,0.026841670274734497,6.836376996943727e-05
,imappo,,,,622.0,0.0,0.0,0.0034181884293502662,0.0,0.0,0.0,0.0,0.0034181884293502662,0.0,0.0,0.0,0.0,0.0,,,,,,,
-0.008876821026206017,imappo,6.602211044537398e-08,-0.10803451389074326,0.0008130376792264088,623.0,,,,,,,,,,,,,,0.41690563521173724,,,,,0.03539850562810898,7.592041947646067e-05
,imappo,,,,623.0,0.0,0.0,0.0037960209210723406,0.0,0.0,0.0,0.0,0.0037960209210723406,0.0,0.0,0.0,0.0,0.0,,,,,,,
-0.01587686873972416,imappo,3.2773534996977105e-08,-0.4281533360481262,0.0008127375791930644,624.0,,,,,,,,,,,,,,0.4167722574191397,,,,,0.029956422746181488,6.349448813125491e-05
,imappo,,,,624.0,0.0,0.0,0.003174724435666576,0.0,0.0,0.0,0.0,0.003174724435666576,0.0,0.0,0.0,0.0,0.0,,,,,,,
0.010520839132368565,imappo,3.48890587531514e-08,-1.1407147645950317,0.00081243747915972,625.0,,,,,,,,,,,,,,0.41663887962654217,,,,,0.028652451932430267,7.055371679598466e-05
,imappo,,,,625.0,0.0,0.0,0.0035276856324344408,0.0,0.0,0.0,0.0,0.0035276856324344408,0.0,0.0,0.0,0.0,0.0,,,,,,,
-0.001114918035455048,imappo,1.2500335877518864e-08,-0.5233492851257324,0.0008121373791263755,626.0,,,,,,,,,,,,,,0.41650550183394464,,,,,0.032750122249126434,6.338833190966398e-05
,imappo,,,,626.0,0.0,0.0,0.003169416402670322,0.0,0.0,0.0,0.0,0.003169416402670322,0.0,0.0,0.0,0.0,0.0,,,,,,,
-0.005797579884529114,imappo,2.6702798194833122e-08,0.18494367599487305,0.0008118372790930311,627.0,,,,,,,,,,,,,,0.4163721240413471,,,,,0.031747590750455856,8.236254507210106e-05
,imappo,,,,627.0,0.0,0.0,0.004118127455512877,0.0,0.0,0.0,0.0,0.004118127455512877,0.0,0.0,0.0,0.0,0.0,,,,,,,
-0.003305102465674281,imappo,4.763444039213027e-08,0.20432932674884796,0.0008115371790596865,628.0,,,,,,,,,,,,,,0.41623874624874957,,,,,0.030030440539121628,8.557741239201277e-05
,imappo,,,,628.0,0.0,0.0,0.004278870868802187,0.0,0.0,0.0,0.0,0.004278870868802187,0.0,0.0,0.0,0.0,0.0,,,,,,,
0.01490341778844595,imappo,3.547544125126478e-08,-0.42019104957580566,0.0008112370790263421,629.0,,,,,,,,,,,,,,0.41610536845615204,,,,,0.030991513282060623,6.79820659570396e-05
,imappo,,,,629.0,0.0,0.0,0.0033991034724749625,0.0,0.0,0.0,0.0,0.0033991034724749625,0.0,0.0,0.0,0.0,0.0,,,,,,,
-0.009046582505106926,imappo,3.165163064977605e-08,-0.08255945146083832,0.0008109369789929977,630.0,,,,,,,,,,,,,,0.4159719906635545,,,,,0.03127819299697876,5.681774200638756e-05
,imappo,,,,630.0,0.0,0.0,0.0028408869884515298,0.0,0.0,0.0,0.0,0.0028408869884515298,0.0,0.0,0.0,0.0,0.0,,,,,,,
-0.0071223024278879166,imappo,1.7865875889810923e-08,-0.5929719805717468,0.0008106368789596532,631.0,,,,,,,,,,,,,,0.41583861287095697,,,,,0.029702551662921906,5.955975211691111e-05
,imappo,,,,631.0,0.0,0.0,0.0029779874384985305,0.0,0.0,0.0,0.0,0.0029779874384985305,0.0,0.0,0.0,0.0,0.0,,,,,,,
-0.010772409848868847,imappo,5.137605896265995e-09,-0.9048976898193359,0.0008103367789263088,632.0,,,,,,,,,,,,,,0.41570523507835944,,,,,0.029431385919451714,6.934022530913353e-05
,imappo,,,,632.0,0.0,0.0,0.0034670111526793335,0.0,0.0,0.0,0.0,0.0034670111526793335,0.0,0.0,0.0,0.0,0.0,,,,,,,
-0.006841305177658796,imappo,6.157310217247414e-09,-0.541583776473999,0.0008100366788929644,633.0,,,,,,,,,,,,,,0.4155718572857619,,,,,0.028584931045770645,5.907145168748684e-05
,imappo,,,,633.0,0.0,0.0,0.0029535725589084905,0.0,0.0,0.0,0.0,0.0029535725589084905,0.0,0.0,0.0,0.0,0.0,,,,,,,
-0.0066295200958848,imappo,3.758640509943234e-09,-0.5034225583076477,0.0008097365788596199,634.0,,,,,,,,,,,,,,0.41543847949316437,,,,,0.02682693675160408,5.713055361411534e-05
,imappo,,,,634.0,0.0,0.0,0.0028565275206346996,0.0,0.0,0.0,0.0,0.0028565275206346996,0.0,0.0,0.0,0.0,0.0,,,,,,,
-0.004065757151693106,imappo,7.478123897897149e-09,-0.48382309079170227,0.0008094364788262755,635.0,,,,,,,,,,,,,,0.41530510170056684,,,,,0.02723936177790165,5.4595173423876986e-05
,imappo,,,,635.0,0.0,0.0,0.0027297587002976798,0.0,0.0,0.0,0.0,0.0027297587002976798,0.0,0.0,0.0,0.0,0.0,,,,,,,
-0.006870519369840622,imappo,5.042937445409734e-08,0.08825315535068512,0.0008091363787929311,636.0,,,,,,,,,,,,,,0.4151717239079693,,,,,0.036323532462120056,4.75710621685721e-05
,imappo,,,,636.0,0.0,0.0,0.0023785531961948436,0.0,0.0,0.0,0.0,0.0023785531961948436,0.0,0.0,0.0,0.0,0.0,,,,,,,
-0.002253335202112794,imappo,1.4414291982234317e-08,-0.5500245690345764,0.0008088362787595865,637.0,,,,,,,,,,,,,,0.41503834611537177,,,,,0.02965368703007698,6.195120658958331e-05
,imappo,,,,637.0,0.0,0.0,0.00309756022397778,0.0,0.0,0.0,0.0,0.00309756022397778,0.0,0.0,0.0,0.0,0.0,,,,,,,
-0.003435299266129732,imappo,1.640724178741948e-08,-0.7973521947860718,0.0008085361787262421,638.0,,,,,,,,,,,,,,0.41490496832277424,,,,,0.027159547433257103,7.128614379325882e-05
,imappo,,,,638.0,0.0,0.0,0.0035643068695208058,0.0,0.0,0.0,0.0,0.0035643068695208058,0.0,0.0,0.0,0.0,0.0,,,,,,,
-0.00750396866351366,imappo,9.324568672752775e-09,-0.5628556609153748,0.0008082360786928976,639.0,,,,,,,,,,,,,,0.4147715905301767,,,,,0.02845272235572338,5.9681580751203e-05
,imappo,,,,639.0,0.0,0.0,0.002984078982990468,0.0,0.0,0.0,0.0,0.002984078982990468,0.0,0.0,0.0,0.0,0.0,,,,,,,
-0.006603920832276344,imappo,4.1882735501985735e-08,-0.07295220345258713,0.0008079359786595532,640.0,,,,,,,,,,,,,,0.41463821273757917,,,,,0.03443339467048645,7.250093040056527e-05
,imappo,,,,640.0,0.0,0.0,0.003625046527304221,0.0,0.0,0.0,0.0,0.003625046527304221,0.0,0.0,0.0,0.0,0.0,,,,,,,
-0.004431901499629021,imappo,3.641838119960994e-08,-0.07671967893838882,0.0008076358786262088,641.0,,,,,,,,,,,,,,0.41450483494498164,,,,,0.03172033280134201,5.3706960898125544e-05
,imappo,,,,641.0,0.0,0.0,0.0026853481505213495,0.0,0.0,0.0,0.0,0.0026853481505213495,0.0,0.0,0.0,0.0,0.0,,,,,,,
-0.012536038644611835,imappo,6.936887331221442e-08,0.033764395862817764,0.0008073357785928643,642.0,,,,,,,,,,,,,,0.4143714571523841,,,,,0.03148103505373001,6.200941425049677e-05
,imappo,,,,642.0,0.0,0.0,0.003100470687058987,0.0,0.0,0.0,0.0,0.003100470687058987,0.0,0.0,0.0,0.0,0.0,,,,,,,
-0.0037133172154426575,imappo,4.161328348573079e-08,0.047340184450149536,0.0008070356785595199,643.0,,,,,,,,,,,,,,0.41423807935978657,,,,,0.030560746788978577,5.918752503930591e-05
,imappo,,,,643.0,0.0,0.0,0.002959376293802052,0.0,0.0,0.0,0.0,0.002959376293802052,0.0,0.0,0.0,0.0,0.0,,,,,,,
-0.004228582140058279,imappo,1.1062450511190036e-07,0.1530943661928177,0.0008067355785261754,644.0,,,,,,,,,,,,,,0.41410470156718904,,,,,0.029221277683973312,8.714567229617387e-05
,imappo,,,,644.0,0.0,0.0,0.00435728353477316,0.0,0.0,0.0,0.0,0.00435728353477316,0.0,0.0,0.0,0.0,0.0,,,,,,,
-0.005221444647759199,imappo,5.1910078013861494e-08,-0.06274797022342682,0.000806435478492831,645.0,,,,,,,,,,,,,,0.4139713237745915,,,,,0.0299504566937685,6.267019489314407e-05
,imappo,,,,645.0,0.0,0.0,0.003133509828330716,0.0,0.0,0.0,0.0,0.003133509828330716,0.0,0.0,0.0,0.0,0.0,,,,,,,
-0.0029795959126204252,imappo,3.496118239354473e-08,-0.06382858008146286,0.0008061353784594865,646.0,,,,,,,,,,,,,,0.41383794598199397,,,,,0.028653178364038467,6.112550909165293e-05
,imappo,,,,646.0,0.0,0.0,0.0030562755091523286,0.0,0.0,0.0,0.0,0.0030562755091523286,0.0,0.0,0.0,0.0,0.0,,,,,,,
-0.007188025396317244,imappo,3.691818761808463e-08,0.09236983209848404,0.0008058352784261421,647.0,,,,,,,,,,,,,,0.4137045681893965,,,,,0.0269025731831789,5.5749704188201576e-05
,imappo,,,,647.0,0.0,0.0,0.0027874853876710404,0.0,0.0,0.0,0.0,0.0027874853876710404,0.0,0.0,0.0,0.0,0.0,,,,,,,
-0.0020997258834540844,imappo,9.810344536731463e-09,-0.9263491630554199,0.0008055351783927976,648.0,,,,,,,,,,,,,,0.4135711903967989,,,,,0.029905959963798523,6.832620420027524e-05
,imappo,,,,648.0,0.0,0.0,0.0034163099917350337,0.0,0.0,0.0,0.0,0.0034163099917350337,0.0,0.0,0.0,0.0,0.0,,,,,,,
-0.007783736102283001,imappo,1.8396756118477242e-08,0.018316183239221573,0.0008052350783594532,649.0,,,,,,,,,,,,,,0.4134378126042014,,,,,0.031802304089069366,6.230725557543337e-05
,imappo,,,,649.0,0.0,0.0,0.003115363058896037,0.0,0.0,0.0,0.0,0.003115363058896037,0.0,0.0,0.0,0.0,0.0,,,,,,,
-0.003478799480944872,imappo,4.054474089798532e-09,-0.0731596127152443,0.0008049349783261087,650.0,,,,,,,,,,,,,,0.41330443481160384,,,,,0.029121913015842438,6.361350096995011e-05
,imappo,,,,650.0,0.0,0.0,0.0031806751212570816,0.0,0.0,0.0,0.0,0.0031806751212570816,0.0,0.0,0.0,0.0,0.0,,,,,,,
-0.008702180348336697,imappo,1.88643478615802e-09,-0.45781993865966797,0.0008046348782927643,651.0,,,,,,,,,,,,,,0.41317105701900636,,,,,0.031346071511507034,6.758418749086559e-05
,imappo,,,,651.0,0.0,0.0,0.0033792092835938092,0.0,0.0,0.0,0.0,0.0033792092835938092,0.0,0.0,0.0,0.0,0.0,,,,,,,
0.004602941684424877,imappo,1.4573848794441346e-08,-0.7694442868232727,0.0008043347782594199,652.0,,,,,,,,,,,,,,0.41303767922640877,,,,,0.02972051501274109,8.813511522021145e-05
,imappo,,,,652.0,0.0,0.0,0.004406755826494191,0.0,0.0,0.0,0.0,0.004406755826494191,0.0,0.0,0.0,0.0,0.0,,,,,,,
-0.007081439718604088,imappo,9.096293496213548e-09,-0.10299618542194366,0.0008040346782260754,653.0,,,,,,,,,,,,,,0.4129043014338113,,,,,0.03363599628210068,7.585676212329417e-05
,imappo,,,,653.0,0.0,0.0,0.0037928379388176836,0.0,0.0,0.0,0.0,0.0037928379388176836,0.0,0.0,0.0,0.0,0.0,,,,,,,
-0.006391334347426891,imappo,3.8183287642823416e-08,-0.05676537752151489,0.000803734578192731,654.0,,,,,,,,,,,,,,0.4127709236412137,,,,,0.030878271907567978,5.141003930475563e-05
,imappo,,,,654.0,0.0,0.0,0.0025705020239001897,0.0,0.0,0.0,0.0,0.0025705020239001897,0.0,0.0,0.0,0.0,0.0,,,,,,,
-0.0074439700692892075,imappo,1.6850616901820104e-08,-0.5539379119873047,0.0008034344781593864,655.0,,,,,,,,,,,,,,0.4126375458486162,,,,,0.032298967242240906,8.097208046820015e-05
,imappo,,,,655.0,0.0,0.0,0.004048603936098516,0.0,0.0,0.0,0.0,0.004048603936098516,0.0,0.0,0.0,0.0,0.0,,,,,,,
-0.010018391534686089,imappo,3.1769176178642056e-09,-0.552059531211853,0.000803134378126042,656.0,,,,,,,,,,,,,,0.41250416805601864,,,,,0.028608156368136406,6.45784821244888e-05
,imappo,,,,656.0,0.0,0.0,0.003228924359063967,0.0,0.0,0.0,0.0,0.003228924359063967,0.0,0.0,0.0,0.0,0.0,,,,,,,
-0.010993554256856441,imappo,1.9755582059133303e-08,-0.07164840400218964,0.0008028342780926976,657.0,,,,,,,,,,,,,,0.41237079026342116,,,,,0.03443354368209839,8.72557720867917e-05
,imappo,,,,657.0,0.0,0.0,0.004362788393336814,0.0,0.0,0.0,0.0,0.004362788393336814,0.0,0.0,0.0,0.0,0.0,,,,,,,
0.0025634581688791513,imappo,5.281357129405251e-09,0.0464826300740242,0.0008025341780593531,658.0,,,,,,,,,,,,,,0.41223741247082357,,,,,0.03206503018736839,6.420529098249972e-05
,imappo,,,,658.0,0.0,0.0,0.0032102644308906747,0.0,0.0,0.0,0.0,0.0032102644308906747,0.0,0.0,0.0,0.0,0.0,,,,,,,
-0.007633147295564413,imappo,3.9298683418564906e-08,0.14399001002311707,0.0008022340780260087,659.0,,,,,,,,,,,,,,0.4121040346782261,,,,,0.03001820296049118,8.07878386694938e-05
,imappo,,,,659.0,0.0,0.0,0.004039391819405935,0.0,0.0,0.0,0.0,0.004039391819405935,0.0,0.0,0.0,0.0,0.0,,,,,,,
0.00017774058505892754,imappo,8.24040657931846e-09,-0.5394039154052734,0.0008019339779926642,660.0,,,,,,,,,,,,,,0.4119706568856285,,,,,0.029184550046920776,6.0613194364123046e-05
,imappo,,,,660.0,0.0,0.0,0.0030306598418974318,0.0,0.0,0.0,0.0,0.0030306598418974318,0.0,0.0,0.0,0.0,0.0,,,,,,,
0.0022046000231057405,imappo,3.799538461635166e-08,-1.0472633838653564,0.0008016338779593198,661.0,,,,,,,,,,,,,,0.41183727909303103,,,,,0.02747095376253128,7.951822044560686e-05
,imappo,,,,661.0,0.0,0.0,0.003975911022280343,0.0,0.0,0.0,0.0,0.003975911022280343,0.0,0.0,0.0,0.0,0.0,,,,,,,
0.02630111202597618,imappo,7.061194295943096e-09,-1.0847489833831787,0.0008013337779259754,662.0,,,,,,,,,,,,,,0.41170390130043344,,,,,0.026764746755361557,7.055562309687957e-05
,imappo,,,,662.0,0.0,0.0,0.0035277809074614197,0.0,0.0,0.0,0.0,0.0035277809074614197,0.0,0.0,0.0,0.0,0.0,,,,,,,
-0.006352831609547138,imappo,1.2857971398716472e-07,-0.217113196849823,0.000801033677892631,663.0,,,,,,,,,,,,,,0.41157052350783596,,,,,0.0318387970328331,7.163695408962667e-05
,imappo,,,,663.0,0.0,0.0,0.003581847202440258,0.0,0.0,0.0,0.0,0.003581847202440258,0.0,0.0,0.0,0.0,0.0,,,,,,,
-0.009103513322770596,imappo,2.1440449415877083e-08,0.10906489193439484,0.0008007335778592864,664.0,,,,,,,,,,,,,,0.41143714571523843,,,,,0.027479907497763634,8.601527952123433e-05
,imappo,,,,664.0,0.0,0.0,0.00430076355712572,0.0,0.0,0.0,0.0,0.00430076355712572,0.0,0.0,0.0,0.0,0.0,,,,,,,
0.009351963177323341,imappo,2.2853768655295426e-08,-0.969636857509613,0.000800433477825942,665.0,,,,,,,,,,,,,,0.4113037679226409,,,,,0.025765012949705124,8.132382208714262e-05
,imappo,,,,665.0,0.0,0.0,0.004066190853336593,0.0,0.0,0.0,0.0,0.004066190853336593,0.0,0.0,0.0,0.0,0.0,,,,,,,
-0.0018918238347396255,imappo,3.95893771099054e-08,-0.7410609126091003,0.0008001333777925975,666.0,,,,,,,,,,,,,,0.41117039013004336,,,,,0.03073211945593357,7.329237996600568e-05
,imappo,,,,666.0,0.0,0.0,0.003664618929178687,0.0,0.0,0.0,0.0,0.003664618929178687,0.0,0.0,0.0,0.0,0.0,,,,,,,
-0.004352901596575975,imappo,1.540471430416801e-07,-0.3066425025463104,0.0007998332777592531,667.0,,,,,,,,,,,,,,0.41103701233744583,,,,,0.03190646693110466,5.903119745198637e-05
,imappo,,,,667.0,0.0,0.0,0.002951559810071558,0.0,0.0,0.0,0.0,0.002951559810071558,0.0,0.0,0.0,0.0,0.0,,,,,,,
-0.008884206414222717,imappo,3.7894189119924704e-08,0.12118618935346603,0.0007995331777259087,668.0,,,,,,,,,,,,,,0.4109036345448483,,,,,0.02738719806075096,8.177184645319358e-05
,imappo,,,,668.0,0.0,0.0,0.004088592504103872,0.0,0.0,0.0,0.0,0.004088592504103872,0.0,0.0,0.0,0.0,0.0,,,,,,,
-0.004147573374211788,imappo,4.017865364858153e-07,0.12661971151828766,0.0007992330776925642,669.0,,,,,,,,,,,,,,0.41077025675225076,,,,,0.02942661941051483,2.642705112521071e-05
,imappo,,,,669.0,0.0,0.0,0.0013213525508035673,0.0,0.0,0.0,0.0,0.0013213525508035673,0.0,0.0,0.0,0.0,0.0,,,,,,,
0.004453151486814022,imappo,5.1422411218027264e-08,-0.8927144408226013,0.0007989329776592198,670.0,,,,,,,,,,,,,,0.41063687895965323,,,,,0.02504708804190159,7.381314935628325e-05
,imappo,,,,670.0,0.0,0.0,0.003690657551487675,0.0,0.0,0.0,0.0,0.003690657551487675,0.0,0.0,0.0,0.0,0.0,,,,,,,
-0.009713882580399513,imappo,3.280310920672491e-07,0.12423286586999893,0.0007986328776258753,671.0,,,,,,,,,,,,,,0.4105035011670557,,,,,0.027206551283597946,4.9404912715544924e-05
,imappo,,,,671.0,0.0,0.0,0.0024702456066734158,0.0,0.0,0.0,0.0,0.0024702456066734158,0.0,0.0,0.0,0.0,0.0,,,,,,,
-0.004065648652613163,imappo,1.2645650748766002e-08,-0.8586161136627197,0.0007983327775925309,672.0,,,,,,,,,,,,,,0.41037012337445816,,,,,0.023523330688476562,8.544440061086789e-05
,imappo,,,,672.0,0.0,0.0,0.004272220241546165,0.0,0.0,0.0,0.0,0.004272220241546165,0.0,0.0,0.0,0.0,0.0,,,,,,,
-0.0025163539685308933,imappo,2.9775680587817988e-08,0.042320508509874344,0.0007980326775591864,673.0,,,,,,,,,,,,,,0.41023674558186063,,,,,0.02832057699561119,5.621919990517199e-05
,imappo,,,,673.0,0.0,0.0,0.002810960142596741,0.0,0.0,0.0,0.0,0.002810960142596741,0.0,0.0,0.0,0.0,0.0,,,,,,,
-0.006523979362100363,imappo,3.6021386762286056e-08,-0.23869985342025757,0.0007977325775258419,674.0,,,,,,,,,,,,,,0.4101033677892631,,,,,0.031192149966955185,6.541327456943691e-05
,imappo,,,,674.0,0.0,0.0,0.0032706638066883897,0.0,0.0,0.0,0.0,0.0032706638066883897,0.0,0.0,0.0,0.0,0.0,,,,,,,
-0.0025650456082075834,imappo,2.6600014635391744e-08,-0.7018843293190002,0.0007974324774924975,675.0,,,,,,,,,,,,,,0.40996998999666556,,,,,0.027840297669172287,8.462207188131288e-05
,imappo,,,,675.0,0.0,0.0,0.004231103825077298,0.0,0.0,0.0,0.0,0.004231103825077298,0.0,0.0,0.0,0.0,0.0,,,,,,,
-0.0027531872037798166,imappo,3.039540530380691e-08,-0.7081468105316162,0.000797132377459153,676.0,,,,,,,,,,,,,,0.40983661220406803,,,,,0.02617097832262516,8.272306149592623e-05
,imappo,,,,676.0,0.0,0.0,0.004136152663704706,0.0,0.0,0.0,0.0,0.004136152663704706,0.0,0.0,0.0,0.0,0.0,,,,,,,
-0.004081672988831997,imappo,2.3660934544977863e-08,-0.42974117398262024,0.0007968322774258086,677.0,,,,,,,,,,,,,,0.4097032344114705,,,,,0.02947235107421875,6.481207674369216e-05
,imappo,,,,677.0,0.0,0.0,0.0032406037717009895,0.0,0.0,0.0,0.0,0.0032406037717009895,0.0,0.0,0.0,0.0,0.0,,,,,,,
-0.009977634064853191,imappo,3.6290625615720273e-08,-0.324390709400177,0.0007965321773924642,678.0,,,,,,,,,,,,,,0.40956985661887296,,,,,0.030321745201945305,6.11869472777471e-05
,imappo,,,,678.0,0.0,0.0,0.0030593474621127825,0.0,0.0,0.0,0.0,0.0030593474621127825,0.0,0.0,0.0,0.0,0.0,,,,,,,
0.028028298169374466,imappo,6.872062474627683e-09,-0.3403817117214203,0.0007962320773591198,679.0,,,,,,,,,,,,,,0.40943647882627543,,,,,0.02770897187292576,5.580580182140693e-05
,imappo,,,,679.0,0.0,0.0,0.00279029022863142,0.0,0.0,0.0,0.0,0.00279029022863142,0.0,0.0,0.0,0.0,0.0,,,,,,,
0.007541691418737173,imappo,1.290179518775858e-08,-0.8696255683898926,0.0007959319773257753,680.0,,,,,,,,,,,,,,0.4093031010336779,,,,,0.023575209081172943,7.014504808466882e-05
,imappo,,,,680.0,0.0,0.0,0.0035072527825832367,0.0,0.0,0.0,0.0,0.0035072527825832367,0.0,0.0,0.0,0.0,0.0,,,,,,,
-0.005209128838032484,imappo,3.355788180670061e-08,-0.002059726743027568,0.0007956318772924309,681.0,,,,,,,,,,,,,,0.40916972324108036,,,,,0.03019200637936592,6.371381459757686e-05
,imappo,,,,681.0,0.0,0.0,0.003185690777399941,0.0,0.0,0.0,0.0,0.003185690777399941,0.0,0.0,0.0,0.0,0.0,,,,,,,
-0.009268359281122684,imappo,2.6117766083189053e-07,-0.13516667485237122,0.0007953317772590863,682.0,,,,,,,,,,,,,,0.40903634544848283,,,,,0.032612256705760956,7.679774716962129e-05
,imappo,,,,682.0,0.0,0.0,0.00383988715157102,0.0,0.0,0.0,0.0,0.00383988715157102,0.0,0.0,0.0,0.0,0.0,,,,,,,
-0.010890372097492218,imappo,5.076185516372789e-08,-0.3197110891342163,0.0007950316772257419,683.0,,,,,,,,,,,,,,0.4089029676558853,,,,,0.03095444105565548,6.893188401591033e-05
,imappo,,,,683.0,0.0,0.0,0.003446594109846046,0.0,0.0,0.0,0.0,0.003446594109846046,0.0,0.0,0.0,0.0,0.0,,,,,,,
-0.005375682841986418,imappo,7.900829501750195e-08,0.09910627454519272,0.0007947315771923975,684.0,,,,,,,,,,,,,,0.40876958986328776,,,,,0.033709704875946045,7.059957715682685e-05
,imappo,,,,684.0,0.0,0.0,0.003529979284394358,0.0,0.0,0.0,0.0,0.003529979284394358,0.0,0.0,0.0,0.0,0.0,,,,,,,
-0.0009769885800778866,imappo,7.15646608639986e-09,-0.4377976357936859,0.0007944314771590531,685.0,,,,,,,,,,,,,,0.40863621207069023,,,,,0.031587693840265274,7.152317994041368e-05
,imappo,,,,685.0,0.0,0.0,0.00357615904067643,0.0,0.0,0.0,0.0,0.00357615904067643,0.0,0.0,0.0,0.0,0.0,,,,,,,
-0.003764488035812974,imappo,5.557395876820692e-09,-0.43398401141166687,0.0007941313771257086,686.0,,,,,,,,,,,,,,0.4085028342780927,,,,,0.030631624162197113,7.133067265385762e-05
,imappo,,,,686.0,0.0,0.0,0.0035665333962242585,0.0,0.0,0.0,0.0,0.0035665333962242585,0.0,0.0,0.0,0.0,0.0,,,,,,,
-0.009955975227057934,imappo,6.036964261824096e-09,0.11341843008995056,0.0007938312770923641,687.0,,,,,,,,,,,,,,0.40836945648549516,,,,,0.0309895109385252,6.089353337301873e-05
,imappo,,,,687.0,0.0,0.0,0.003044676708668703,0.0,0.0,0.0,0.0,0.003044676708668703,0.0,0.0,0.0,0.0,0.0,,,,,,,
0.003815137315541506,imappo,2.5542379322729403e-09,-0.38827094435691833,0.0007935311770590197,688.0,,,,,,,,,,,,,,0.40823607869289763,,,,,0.028613556176424026,6.942754407646134e-05
,imappo,,,,688.0,0.0,0.0,0.0034713771292445017,0.0,0.0,0.0,0.0,0.0034713771292445017,0.0,0.0,0.0,0.0,0.0,,,,,,,
-0.005224682856351137,imappo,8.836214249186014e-08,0.21609774231910706,0.0007932310770256753,689.0,,,,,,,,,,,,,,0.4081027009003001,,,,,0.02770509570837021,8.083315333351493e-05
,imappo,,,,689.0,0.0,0.0,0.004041657467951154,0.0,0.0,0.0,0.0,0.004041657467951154,0.0,0.0,0.0,0.0,0.0,,,,,,,
-0.008054536767303944,imappo,1.8871194384928458e-08,0.11171574890613556,0.0007929309769923309,690.0,,,,,,,,,,,,,,0.40796932310770256,,,,,0.033712707459926605,7.086306140990928e-05
,imappo,,,,690.0,0.0,0.0,0.0035431528849585447,0.0,0.0,0.0,0.0,0.0035431528849585447,0.0,0.0,0.0,0.0,0.0,,,,,,,
-0.003669730154797435,imappo,4.869166847498718e-09,0.10578639805316925,0.0007926308769589863,691.0,,,,,,,,,,,,,,0.40783594531510503,,,,,0.026605891063809395,6.316854705801234e-05
,imappo,,,,691.0,0.0,0.0,0.0031584270430471406,0.0,0.0,0.0,0.0,0.0031584270430471406,0.0,0.0,0.0,0.0,0.0,,,,,,,
0.0010380196617916226,imappo,5.7742425951801124e-08,-0.34642428159713745,0.0007923307769256419,692.0,,,,,,,,,,,,,,0.4077025675225075,,,,,0.03107759729027748,6.138627213658765e-05
,imappo,,,,692.0,0.0,0.0,0.003069313825108111,0.0,0.0,0.0,0.0,0.003069313825108111,0.0,0.0,0.0,0.0,0.0,,,,,,,
-0.008787373080849648,imappo,4.612119397506831e-08,-0.2668757140636444,0.0007920306768922974,693.0,,,,,,,,,,,,,,0.40756918972990996,,,,,0.029498761519789696,5.7876924984157085e-05
,imappo,,,,693.0,0.0,0.0,0.002893846094593755,0.0,0.0,0.0,0.0,0.002893846094593755,0.0,0.0,0.0,0.0,0.0,,,,,,,
-0.0028249090537428856,imappo,1.6397310176330393e-08,-0.6611177325248718,0.000791730576858953,694.0,,,,,,,,,,,,,,0.40743581193731243,,,,,0.027142370119690895,7.93260260252282e-05
,imappo,,,,694.0,0.0,0.0,0.0039663011552875105,0.0,0.0,0.0,0.0,0.0039663011552875105,0.0,0.0,0.0,0.0,0.0,,,,,,,
0.0048729791305959225,imappo,2.9453360639308812e-08,-0.6772833466529846,0.0007914304768256086,695.0,,,,,,,,,,,,,,0.4073024341447149,,,,,0.02571677416563034,8.017336949706078e-05
,imappo,,,,695.0,0.0,0.0,0.004008668700407725,0.0,0.0,0.0,0.0,0.004008668700407725,0.0,0.0,0.0,0.0,0.0,,,,,,,
-0.00690406234934926,imappo,4.7443421635762206e-08,0.1930200755596161,0.0007911303767922642,696.0,,,,,,,,,,,,,,0.40716905635211736,,,,,0.02784479409456253,7.73653227952309e-05
,imappo,,,,696.0,0.0,0.0,0.003868266173682855,0.0,0.0,0.0,0.0,0.003868266173682855,0.0,0.0,0.0,0.0,0.0,,,,,,,
0.004105949308723211,imappo,4.3155935713912186e-08,-0.3161524534225464,0.0007908302767589197,697.0,,,,,,,,,,,,,,0.40703567855951983,,,,,0.029500896111130714,5.950061313342303e-05
,imappo,,,,697.0,0.0,0.0,0.0029750306152891426,0.0,0.0,0.0,0.0,0.0029750306152891426,0.0,0.0,0.0,0.0,0.0,,,,,,,
-0.00718354620039463,imappo,3.287943428631479e-08,-0.16494019329547882,0.0007905301767255752,698.0,,,,,,,,,,,,,,0.4069023007669223,,,,,0.03118622675538063,6.993200804572552e-05
,imappo,,,,698.0,0.0,0.0,0.0034966004113812232,0.0,0.0,0.0,0.0,0.0034966004113812232,0.0,0.0,0.0,0.0,0.0,,,,,,,
-0.0032837125472724438,imappo,2.2428598356327711e-07,-0.2985765039920807,0.0007902300766922307,699.0,,,,,,,,,,,,,,0.40676892297432476,,,,,0.02786513790488243,4.844316208618693e-05
,imappo,,,,699.0,0.0,0.0,0.002422157923319901,0.0,0.0,0.0,0.0,0.002422157923319901,0.0,0.0,0.0,0.0,0.0,,,,,,,
,imappo,,,,699.0,,,,,,,,,,,,,,,0.0,0.0,0.0,0.0,,
-0.011343921534717083,imappo,1.4877686282943614e-07,-0.8489298224449158,0.0007899299766588863,700.0,,,,,,,,,,,,,,0.40663554518172723,,,,,0.024283558130264282,8.118381083477288e-05
,imappo,,,,700.0,0.0,0.0,0.004059190625412157,0.0,0.0,0.0,0.0,0.004059190625412157,0.0,0.0,0.0,0.0,0.0,,,,,,,
0.003509530797600746,imappo,1.2230704271587456e-07,-0.4896078109741211,0.0007896298766255419,701.0,,,,,,,,,,,,,,0.4065021673891297,,,,,0.03350672870874405,7.441842171829194e-05
,imappo,,,,701.0,0.0,0.0,0.0037209214096947107,0.0,0.0,0.0,0.0,0.0037209214096947107,0.0,0.0,0.0,0.0,0.0,,,,,,,
0.00299795251339674,imappo,9.621984986551979e-08,-0.42997223138809204,0.0007893297765921974,702.0,,,,,,,,,,,,,,0.40636878959653217,,,,,0.027862049639225006,7.068023842293769e-05
,imappo,,,,702.0,0.0,0.0,0.003534011633746559,0.0,0.0,0.0,0.0,0.003534011633746559,0.0,0.0,0.0,0.0,0.0,,,,,,,
-0.007025553844869137,imappo,1.9788336302895004e-08,-0.09693828225135803,0.000789029676558853,703.0,,,,,,,,,,,,,,0.40623541180393463,,,,,0.03433030843734741,8.601250010542572e-05
,imappo,,,,703.0,0.0,0.0,0.004300625008909265,0.0,0.0,0.0,0.0,0.004300625008909265,0.0,0.0,0.0,0.0,0.0,,,,,,,
-0.00966853741556406,imappo,2.555538713977512e-08,-0.08442132920026779,0.0007887295765255085,704.0,,,,,,,,,,,,,,0.4061020340113371,,,,,0.030402816832065582,6.241347000468522e-05
,imappo,,,,704.0,0.0,0.0,0.003120673641888061,0.0,0.0,0.0,0.0,0.003120673641888061,0.0,0.0,0.0,0.0,0.0,,,,,,,
0.001964600058272481,imappo,2.4496578987509565e-08,0.004484619479626417,0.0007884294764921641,705.0,,,,,,,,,,,,,,0.40596865621873957,,,,,0.03114708513021469,6.375084922183305e-05
,imappo,,,,705.0,0.0,0.0,0.0031875424192548962,0.0,0.0,0.0,0.0,0.0031875424192548962,0.0,0.0,0.0,0.0,0.0,,,,,,,
-0.007940148003399372,imappo,1.0321715393502018e-07,-0.32133376598358154,0.0007881293764588197,706.0,,,,,,,,,,,,,,0.40583527842614203,,,,,0.02886277064681053,5.482573396875523e-05
,imappo,,,,706.0,0.0,0.0,0.002741286831223988,0.0,0.0,0.0,0.0,0.002741286831223988,0.0,0.0,0.0,0.0,0.0,,,,,,,
0.011769754812121391,imappo,9.451719762409994e-08,-1.0501717329025269,0.0007878292764254752,707.0,,,,,,,,,,,,,,0.4057019006335445,,,,,0.02572016417980194,7.730786455795169e-05
,imappo,,,,707.0,0.0,0.0,0.0038653928313578945,0.0,0.0,0.0,0.0,0.0038653928313578945,0.0,0.0,0.0,0.0,0.0,,,,,,,
-0.006314367987215519,imappo,1.7042304989445256e-07,-0.04636012390255928,0.0007875291763921307,708.0,,,,,,,,,,,,,,0.40556852284094697,,,,,0.03096904419362545,6.335621583275497e-05
,imappo,,,,708.0,0.0,0.0,0.0031678108953201445,0.0,0.0,0.0,0.0,0.0031678108953201445,0.0,0.0,0.0,0.0,0.0,,,,,,,
-0.0018545333296060562,imappo,2.84655090609931e-08,0.16187041997909546,0.0007872290763587863,709.0,,,,,,,,,,,,,,0.40543514504834943,,,,,0.027004634961485863,8.355620229849592e-05
,imappo,,,,709.0,0.0,0.0,0.004177810367735901,0.0,0.0,0.0,0.0,0.004177810367735901,0.0,0.0,0.0,0.0,0.0,,,,,,,
-0.008282115682959557,imappo,5.408969983022871e-08,0.036544229835271835,0.0007869289763254418,710.0,,,,,,,,,,,,,,0.4053017672557519,,,,,0.033189807087183,6.43412204226479e-05
,imappo,,,,710.0,0.0,0.0,0.0032170610829780344,0.0,0.0,0.0,0.0,0.0032170610829780344,0.0,0.0,0.0,0.0,0.0,,,,,,,
-0.0034328880719840527,imappo,4.505655226694216e-08,-0.7052668333053589,0.0007866288762920974,711.0,,,,,,,,,,,,,,0.40516838946315437,,,,,0.03059322014451027,6.785820005461574e-05
,imappo,,,,711.0,0.0,0.0,0.0033929102319234516,0.0,0.0,0.0,0.0,0.0033929102319234516,0.0,0.0,0.0,0.0,0.0,,,,,,,
0.0042261527851223946,imappo,9.577546755679123e-09,-0.9186810255050659,0.000786328776258753,712.0,,,,,,,,,,,,,,0.40503501167055683,,,,,0.023673728108406067,8.287034870591015e-05
,imappo,,,,712.0,0.0,0.0,0.004143517367992899,0.0,0.0,0.0,0.0,0.004143517367992899,0.0,0.0,0.0,0.0,0.0,,,,,,,
-0.004690175876021385,imappo,7.328231532710561e-08,-0.16944770514965057,0.0007860286762254085,713.0,,,,,,,,,,,,,,0.4049016338779593,,,,,0.034902311861515045,5.5661341320956126e-05
,imappo,,,,713.0,0.0,0.0,0.0027830669938566643,0.0,0.0,0.0,0.0,0.0027830669938566643,0.0,0.0,0.0,0.0,0.0,,,,,,,
-0.0026277119759470224,imappo,3.220328537167916e-08,-0.8315926194190979,0.0007857285761920641,714.0,,,,,,,,,,,,,,0.40476825608536177,,,,,0.0252392515540123,7.894705049693584e-05
,imappo,,,,714.0,0.0,0.0,0.003947352735849563,0.0,0.0,0.0,0.0,0.003947352735849563,0.0,0.0,0.0,0.0,0.0,,,,,,,
-0.009273022413253784,imappo,3.7366831406870915e-08,-0.23131632804870605,0.0007854284761587196,715.0,,,,,,,,,,,,,,0.40463487829276423,,,,,0.03353206813335419,6.176106398925185e-05
,imappo,,,,715.0,0.0,0.0,0.003088053063947882,0.0,0.0,0.0,0.0,0.003088053063947882,0.0,0.0,0.0,0.0,0.0,,,,,,,
-0.007172971032559872,imappo,2.9826924929921006e-08,-0.05689676105976105,0.0007851283761253752,716.0,,,,,,,,,,,,,,0.4045015005001667,,,,,0.03568100556731224,7.495256431866437e-05
,imappo,,,,716.0,0.0,0.0,0.003747628013513804,0.0,0.0,0.0,0.0,0.003747628013513804,0.0,0.0,0.0,0.0,0.0,,,,,,,
0.002660519676283002,imappo,4.805497155757621e-08,-0.009895783849060535,0.0007848282760920307,717.0,,,,,,,,,,,,,,0.40436812270756917,,,,,0.03214090317487717,8.350149437319487e-05
,imappo,,,,717.0,0.0,0.0,0.004175074867816875,0.0,0.0,0.0,0.0,0.004175074867816875,0.0,0.0,0.0,0.0,0.0,,,,,,,
-0.0034532968420535326,imappo,9.566208802880283e-08,-0.2973272204399109,0.0007845281760586862,718.0,,,,,,,,,,,,,,0.40423474491497163,,,,,0.027926698327064514,4.716829062090255e-05
,imappo,,,,718.0,0.0,0.0,0.0023584143523294188,0.0,0.0,0.0,0.0,0.0023584143523294188,0.0,0.0,0.0,0.0,0.0,,,,,,,
-0.006081818602979183,imappo,7.562321435727881e-09,0.15331055223941803,0.0007842280760253418,719.0,,,,,,,,,,,,,,0.4041013671223741,,,,,0.026890931650996208,8.180288568837568e-05
,imappo,,,,719.0,0.0,0.0,0.004090144470410451,0.0,0.0,0.0,0.0,0.004090144470410451,0.0,0.0,0.0,0.0,0.0,,,,,,,
-0.0018788859015330672,imappo,4.6821117649642474e-08,0.08553194254636765,0.0007839279759919973,720.0,,,,,,,,,,,,,,0.40396798932977657,,,,,0.03155826777219772,5.9155347116757184e-05
,imappo,,,,720.0,0.0,0.0,0.0029577675222753896,0.0,0.0,0.0,0.0,0.0029577675222753896,0.0,0.0,0.0,0.0,0.0,,,,,,,
-0.004299507476389408,imappo,2.351323935556593e-08,0.15010301768779755,0.0007836278759586529,721.0,,,,,,,,,,,,,,0.40383461153717903,,,,,0.024248983711004257,8.186544437194243e-05
,imappo,,,,721.0,0.0,0.0,0.004093272458703723,0.0,0.0,0.0,0.0,0.004093272458703723,0.0,0.0,0.0,0.0,0.0,,,,,,,
-0.001096911495551467,imappo,4.554174815041279e-09,-0.04336797073483467,0.0007833277759253085,722.0,,,,,,,,,,,,,,0.4037012337445815,,,,,0.02888183295726776,6.260186637518927e-05
,imappo,,,,722.0,0.0,0.0,0.0031300934133469127,0.0,0.0,0.0,0.0,0.0031300934133469127,0.0,0.0,0.0,0.0,0.0,,,,,,,
-0.003021014854311943,imappo,1.52698991229272e-08,-0.17946183681488037,0.000783027675891964,723.0,,,,,,,,,,,,,,0.40356785595198397,,,,,0.03267653286457062,5.404727562563494e-05
,imappo,,,,723.0,0.0,0.0,0.0027023634986562683,0.0,0.0,0.0,0.0,0.0027023634986562683,0.0,0.0,0.0,0.0,0.0,,,,,,,
-0.0026123018469661474,imappo,9.447799875772489e-09,-0.15860779583454132,0.0007827275758586196,724.0,,,,,,,,,,,,,,0.4034344781593865,,,,,0.03166983276605606,6.404806481441483e-05
,imappo,,,,724.0,0.0,0.0,0.0032024033771449467,0.0,0.0,0.0,0.0,0.0032024033771449467,0.0,0.0,0.0,0.0,0.0,,,,,,,
-0.00625065341591835,imappo,1.1689738066422706e-08,-1.1774569749832153,0.0007824274758252752,725.0,,,,,,,,,,,,,,0.4033011003667889,,,,,0.026052122935652733,8.816108311293647e-05
,imappo,,,,725.0,0.0,0.0,0.004408054570376407,0.0,0.0,0.0,0.0,0.004408054570376407,0.0,0.0,0.0,0.0,0.0,,,,,,,
0.00042270985431969166,imappo,4.432190614522824e-09,-0.3567710816860199,0.0007821273757919306,726.0,,,,,,,,,,,,,,0.4031677225741914,,,,,0.03220129385590553,5.4367348639061674e-05
,imappo,,,,726.0,0.0,0.0,0.0027183673123545304,0.0,0.0,0.0,0.0,0.0027183673123545304,0.0,0.0,0.0,0.0,0.0,,,,,,,
-0.014958228915929794,imappo,2.7494127863292306e-08,-0.12234531342983246,0.0007818272757585862,727.0,,,,,,,,,,,,,,0.40303434478159383,,,,,0.03456190973520279,3.46157030435279e-05
,imappo,,,,727.0,0.0,0.0,0.001730785150812153,0.0,0.0,0.0,0.0,0.001730785150812153,0.0,0.0,0.0,0.0,0.0,,,,,,,
-0.0064391810446977615,imappo,1.898921908605189e-08,-0.017061520367860794,0.0007815271757252418,728.0,,,,,,,,,,,,,,0.40290096698899636,,,,,0.03113129548728466,5.4898719099583104e-05
,imappo,,,,728.0,0.0,0.0,0.002744935736700427,0.0,0.0,0.0,0.0,0.002744935736700427,0.0,0.0,0.0,0.0,0.0,,,,,,,
0.022383807227015495,imappo,1.4414508697768724e-08,-0.8686329126358032,0.0007812270756918973,729.0,,,,,,,,,,,,,,0.40276758919639877,,,,,0.024914957582950592,8.884764974936843e-05
,imappo,,,,729.0,0.0,0.0,0.0044423828439903446,0.0,0.0,0.0,0.0,0.0044423828439903446,0.0,0.0,0.0,0.0,0.0,,,,,,,
-0.004662735387682915,imappo,2.6140240194649778e-08,-0.18298210203647614,0.0007809269756585529,730.0,,,,,,,,,,,,,,0.4026342114038013,,,,,0.03143253177404404,6.488054350484163e-05
,imappo,,,,730.0,0.0,0.0,0.003244027197069954,0.0,0.0,0.0,0.0,0.003244027197069954,0.0,0.0,0.0,0.0,0.0,,,,,,,
-0.0035152046475559473,imappo,2.4537774478972096e-08,0.005062921904027462,0.0007806268756252084,731.0,,,,,,,,,,,,,,0.4025008336112037,,,,,0.0303299892693758,6.176469469210133e-05
,imappo,,,,731.0,0.0,0.0,0.003088234486313013,0.0,0.0,0.0,0.0,0.003088234486313013,0.0,0.0,0.0,0.0,0.0,,,,,,,
-0.0015303721884265542,imappo,2.6766045380099968e-08,-0.04337199032306671,0.000780326775591864,732.0,,,,,,,,,,,,,,0.4023674558186062,,,,,0.028020046651363373,6.912303069839254e-05
,imappo,,,,732.0,0.0,0.0,0.003456151844602573,0.0,0.0,0.0,0.0,0.003456151844602573,0.0,0.0,0.0,0.0,0.0,,,,,,,
-0.00012622933718375862,imappo,5.069505704113908e-09,-0.5040910840034485,0.0007800266755585196,733.0,,,,,,,,,,,,,,0.40223407802600863,,,,,0.029795236885547638,6.183456571307033e-05
,imappo,,,,733.0,0.0,0.0,0.0030917282092559617,0.0,0.0,0.0,0.0,0.0030917282092559617,0.0,0.0,0.0,0.0,0.0,,,,,,,
0.02843068353831768,imappo,6.781256889354381e-09,-1.1209911108016968,0.000779726575525175,734.0,,,,,,,,,,,,,,0.40210070023341116,,,,,0.02302345260977745,8.446776337223127e-05
,imappo,,,,734.0,0.0,0.0,0.004223388335958589,0.0,0.0,0.0,0.0,0.004223388335958589,0.0,0.0,0.0,0.0,0.0,,,,,,,
-0.006303673144429922,imappo,1.1479321493368388e-08,0.127654567360878,0.0007794264754918306,735.0,,,,,,,,,,,,,,0.40196732244081357,,,,,0.026711605489253998,7.315758557524532e-05
,imappo,,,,735.0,0.0,0.0,0.003657879506477002,0.0,0.0,0.0,0.0,0.003657879506477002,0.0,0.0,0.0,0.0,0.0,,,,,,,
0.010958777740597725,imappo,5.974541306130732e-09,-0.7457901239395142,0.0007791263754584861,736.0,,,,,,,,,,,,,,0.4018339446482161,,,,,0.03019278310239315,7.194930367404595e-05
,imappo,,,,736.0,0.0,0.0,0.0035974653328594286,0.0,0.0,0.0,0.0,0.0035974653328594286,0.0,0.0,0.0,0.0,0.0,,,,,,,
-0.009553122334182262,imappo,2.1871471744816517e-08,0.1301063746213913,0.0007788262754251417,737.0,,,,,,,,,,,,,,0.4017005668556185,,,,,0.024474479258060455,7.336740964092314e-05
,imappo,,,,737.0,0.0,0.0,0.0036683708447071695,0.0,0.0,0.0,0.0,0.0036683708447071695,0.0,0.0,0.0,0.0,0.0,,,,,,,
-0.011318543925881386,imappo,1.406931815495227e-08,-0.7867676615715027,0.0007785261753917973,738.0,,,,,,,,,,,,,,0.401567189063021,,,,,0.028806302696466446,7.42831252864562e-05
,imappo,,,,738.0,0.0,0.0,0.0037141558714210987,0.0,0.0,0.0,0.0,0.0037141558714210987,0.0,0.0,0.0,0.0,0.0,,,,,,,
-0.006283875089138746,imappo,2.9900533604632074e-08,-0.5399026274681091,0.0007782260753584529,739.0,,,,,,,,,,,,,,0.4014338112704235,,,,,0.02884070761501789,5.55494953005109e-05
,imappo,,,,739.0,0.0,0.0,0.0027774747795206167,0.0,0.0,0.0,0.0,0.0027774747795206167,0.0,0.0,0.0,0.0,0.0,,,,,,,
-0.005171573720872402,imappo,7.843760840842151e-08,-0.6702428460121155,0.0007779259753251084,740.0,,,,,,,,,,,,,,0.40130043347782596,,,,,0.032986950129270554,5.823293759021908e-05
,imappo,,,,740.0,0.0,0.0,0.002911646948575708,0.0,0.0,0.0,0.0,0.002911646948575708,0.0,0.0,0.0,0.0,0.0,,,,,,,
-0.007490240503102541,imappo,5.741841135886716e-08,-0.04965287446975708,0.000777625875291764,741.0,,,,,,,,,,,,,,0.4011670556852284,,,,,0.03212427720427513,5.7644647313281894e-05
,imappo,,,,741.0,0.0,0.0,0.0028822325493820244,0.0,0.0,0.0,0.0,0.0028822325493820244,0.0,0.0,0.0,0.0,0.0,,,,,,,
-0.009319869801402092,imappo,1.4173118678684204e-08,-0.03810825198888779,0.0007773257752584195,742.0,,,,,,,,,,,,,,0.4010336778926309,,,,,0.03126412630081177,6.136181764304638e-05
,imappo,,,,742.0,0.0,0.0,0.0030680913678224897,0.0,0.0,0.0,0.0,0.0030680913678224897,0.0,0.0,0.0,0.0,0.0,,,,,,,
0.009513137862086296,imappo,1.974928132142395e-08,-1.1156085729599,0.000777025675225075,743.0,,,,,,,,,,,,,,0.40090030010003336,,,,,0.022015810012817383,8.714156865607947e-05
,imappo,,,,743.0,0.0,0.0,0.004357078538305359,0.0,0.0,0.0,0.0,0.004357078538305359,0.0,0.0,0.0,0.0,0.0,,,,,,,
-0.004774689208716154,imappo,3.564288419966033e-08,-0.13835281133651733,0.0007767255751917306,744.0,,,,,,,,,,,,,,0.4007669223074358,,,,,0.03307156637310982,5.3251293138600886e-05
,imappo,,,,744.0,0.0,0.0,0.002662564459569694,0.0,0.0,0.0,0.0,0.002662564459569694,0.0,0.0,0.0,0.0,0.0,,,,,,,
-0.006050724070519209,imappo,6.00286043095366e-09,0.02475840598344803,0.0007764254751583861,745.0,,,,,,,,,,,,,,0.4006335445148383,,,,,0.02775580994784832,6.409222260117531e-05
,imappo,,,,745.0,0.0,0.0,0.003204611037290306,0.0,0.0,0.0,0.0,0.003204611037290306,0.0,0.0,0.0,0.0,0.0,,,,,,,
-0.0052745952270925045,imappo,2.3132097126676854e-08,-0.2883557379245758,0.0007761253751250417,746.0,,,,,,,,,,,,,,0.40050016672224076,,,,,0.02884073182940483,4.631213960237801e-05
,imappo,,,,746.0,0.0,0.0,0.0023156072743404366,0.0,0.0,0.0,0.0,0.0023156072743404366,0.0,0.0,0.0,0.0,0.0,,,,,,,
-0.004851354751735926,imappo,2.682990007940589e-08,-0.4907642602920532,0.0007758252750916972,747.0,,,,,,,,,,,,,,0.4003667889296432,,,,,0.031590670347213745,6.388832844095305e-05
,imappo,,,,747.0,0.0,0.0,0.0031944161773935775,0.0,0.0,0.0,0.0,0.0031944161773935775,0.0,0.0,0.0,0.0,0.0,,,,,,,
-0.0008658970473334193,imappo,4.7615621667773667e-08,-0.07183313369750977,0.0007755251750583528,748.0,,,,,,,,,,,,,,0.4002334111370457,,,,,0.028365671634674072,6.052826574887149e-05
,imappo,,,,748.0,0.0,0.0,0.003026413145065021,0.0,0.0,0.0,0.0,0.003026413145065021,0.0,0.0,0.0,0.0,0.0,,,,,,,
-0.001018900191411376,imappo,3.531168957238151e-08,-0.5323053002357483,0.0007752250750250084,749.0,,,,,,,,,,,,,,0.40010003334444816,,,,,0.030127838253974915,7.712951628491282e-05
,imappo,,,,749.0,0.0,0.0,0.0038564756432606373,0.0,0.0,0.0,0.0,0.0038564756432606373,0.0,0.0,0.0,0.0,0.0,,,,,,,
-0.007217702455818653,imappo,1.4925147340250078e-08,-0.38041627407073975,0.000774924974991664,750.0,,,,,,,,,,,,,,0.3999666555518506,,,,,0.027596188709139824,5.774956298409961e-05
,imappo,,,,750.0,0.0,0.0,0.0028874780273326905,0.0,0.0,0.0,0.0,0.0028874780273326905,0.0,0.0,0.0,0.0,0.0,,,,,,,
-0.00263571972027421,imappo,4.1873495781885595e-09,-0.3139960467815399,0.0007746248749583195,751.0,,,,,,,,,,,,,,0.3998332777592531,,,,,0.033847626298666,6.528002995764837e-05
,imappo,,,,751.0,0.0,0.0,0.0032640013205309515,0.0,0.0,0.0,0.0,0.0032640013205309515,0.0,0.0,0.0,0.0,0.0,,,,,,,
-0.004654867574572563,imappo,4.7844723738421635e-09,0.016301438212394714,0.0007743247749249751,752.0,,,,,,,,,,,,,,0.39969989996665556,,,,,0.03420589491724968,6.573413702426478e-05
,imappo,,,,752.0,0.0,0.0,0.003286706580183818,0.0,0.0,0.0,0.0,0.003286706580183818,0.0,0.0,0.0,0.0,0.0,,,,,,,
-0.003546440741047263,imappo,9.66525615098135e-09,-0.25011053681373596,0.0007740246748916305,753.0,,,,,,,,,,,,,,0.399566522174058,,,,,0.03137592226266861,6.607973045902327e-05
,imappo,,,,753.0,0.0,0.0,0.0033039862137229647,0.0,0.0,0.0,0.0,0.0033039862137229647,0.0,0.0,0.0,0.0,0.0,,,,,,,
-0.007266049273312092,imappo,1.3383600006022789e-08,0.10054326057434082,0.0007737245748582861,754.0,,,,,,,,,,,,,,0.3994331443814605,,,,,0.02835671603679657,5.995184983476065e-05
,imappo,,,,754.0,0.0,0.0,0.002997592642714153,0.0,0.0,0.0,0.0,0.002997592642714153,0.0,0.0,0.0,0.0,0.0,,,,,,,
-0.005883538629859686,imappo,1.2021886819368888e-09,-0.029570769518613815,0.0007734244748249417,755.0,,,,,,,,,,,,,,0.39929976658886296,,,,,0.03043142519891262,5.660361057380214e-05
,imappo,,,,755.0,0.0,0.0,0.0028301802399255394,0.0,0.0,0.0,0.0,0.0028301802399255394,0.0,0.0,0.0,0.0,0.0,,,,,,,
-0.00011938097304664552,imappo,2.638961582590582e-08,-0.5956935286521912,0.0007731243747915972,756.0,,,,,,,,,,,,,,0.3991663887962654,,,,,0.02891628071665764,6.347965245367959e-05
,imappo,,,,756.0,0.0,0.0,0.0031739822095460113,0.0,0.0,0.0,0.0,0.0031739822095460113,0.0,0.0,0.0,0.0,0.0,,,,,,,
-0.0048869517631828785,imappo,4.6774019324402616e-08,-0.5757278203964233,0.0007728242747582528,757.0,,,,,,,,,,,,,,0.3990330110036679,,,,,0.027951575815677643,6.794348155381158e-05
,imappo,,,,757.0,0.0,0.0,0.003397174208544129,0.0,0.0,0.0,0.0,0.003397174208544129,0.0,0.0,0.0,0.0,0.0,,,,,,,
0.006528203375637531,imappo,3.1995227800507564e-08,-0.9078561663627625,0.0007725241747249083,758.0,,,,,,,,,,,,,,0.39889963321107036,,,,,0.02212330885231495,8.133989467751235e-05
,imappo,,,,758.0,0.0,0.0,0.0040669948157301405,0.0,0.0,0.0,0.0,0.0040669948157301405,0.0,0.0,0.0,0.0,0.0,,,,,,,
-0.012159056030213833,imappo,2.996118197984288e-08,0.008803834207355976,0.0007722240746915639,759.0,,,,,,,,,,,,,,0.3987662554184728,,,,,0.029362987726926804,5.883784615434706e-05
,imappo,,,,759.0,0.0,0.0,0.002941892299304527,0.0,0.0,0.0,0.0,0.002941892299304527,0.0,0.0,0.0,0.0,0.0,,,,,,,
-0.004755405709147453,imappo,2.7293944881989773e-08,-0.41143301129341125,0.0007719239746582195,760.0,,,,,,,,,,,,,,0.3986328776258753,,,,,0.029385369271039963,6.196512549649924e-05
,imappo,,,,760.0,0.0,0.0,0.0030982563248471706,0.0,0.0,0.0,0.0,0.0030982563248471706,0.0,0.0,0.0,0.0,0.0,,,,,,,
-0.002336707664653659,imappo,1.1807976818545285e-08,-0.4057311713695526,0.000771623874624875,761.0,,,,,,,,,,,,,,0.39849949983327776,,,,,0.028637081384658813,6.0666847275570035e-05
,imappo,,,,761.0,0.0,0.0,0.0030333422089370288,0.0,0.0,0.0,0.0,0.0030333422089370288,0.0,0.0,0.0,0.0,0.0,,,,,,,
-0.007053732872009277,imappo,3.5591952496361046e-08,-0.2835753858089447,0.0007713237745915305,762.0,,,,,,,,,,,,,,0.3983661220406802,,,,,0.033126119524240494,7.279541750904173e-05
,imappo,,,,762.0,0.0,0.0,0.00363977073402566,0.0,0.0,0.0,0.0,0.00363977073402566,0.0,0.0,0.0,0.0,0.0,,,,,,,
-0.0015209103003144264,imappo,2.47960389998525e-08,-0.0338527113199234,0.0007710236745581861,763.0,,,,,,,,,,,,,,0.3982327442480827,,,,,0.03346415236592293,6.93941256031394e-05
,imappo,,,,763.0,0.0,0.0,0.003469706151236096,0.0,0.0,0.0,0.0,0.003469706151236096,0.0,0.0,0.0,0.0,0.0,,,,,,,
-0.005303219426423311,imappo,1.0595344157593445e-08,-0.01585852913558483,0.0007707235745248416,764.0,,,,,,,,,,,,,,0.39809936645548516,,,,,0.03232304006814957,6.622601358685642e-05
,imappo,,,,764.0,0.0,0.0,0.0033113006006715295,0.0,0.0,0.0,0.0,0.0033113006006715295,0.0,0.0,0.0,0.0,0.0,,,,,,,
-0.008686289191246033,imappo,2.1513518078108973e-08,-0.7498986721038818,0.0007704234744914972,765.0,,,,,,,,,,,,,,0.3979659886628876,,,,,0.022281061857938766,8.20336863398552e-05
,imappo,,,,765.0,0.0,0.0,0.004101684309716802,0.0,0.0,0.0,0.0,0.004101684309716802,0.0,0.0,0.0,0.0,0.0,,,,,,,
-0.0005060479161329567,imappo,1.1518994824655238e-07,0.0364728718996048,0.0007701233744581528,766.0,,,,,,,,,,,,,,0.3978326108702901,,,,,0.029533740133047104,5.843299368279986e-05
,imappo,,,,766.0,0.0,0.0,0.0029216496404842474,0.0,0.0,0.0,0.0,0.0029216496404842474,0.0,0.0,0.0,0.0,0.0,,,,,,,
-0.007914814166724682,imappo,5.52128049946532e-08,-0.49351248145103455,0.0007698232744248083,767.0,,,,,,,,,,,,,,0.39769923307769256,,,,,0.028332561254501343,6.894842954352498e-05
,imappo,,,,767.0,0.0,0.0,0.003447421422606567,0.0,0.0,0.0,0.0,0.003447421422606567,0.0,0.0,0.0,0.0,0.0,,,,,,,
0.0018498246790841222,imappo,3.153952832235518e-08,0.1802794337272644,0.0007695231743914639,768.0,,,,,,,,,,,,,,0.397565855285095,,,,,0.03253627568483353,6.641082291025668e-05
,imappo,,,,768.0,0.0,0.0,0.0033205411255039508,0.0,0.0,0.0,0.0,0.0033205411255039508,0.0,0.0,0.0,0.0,0.0,,,,,,,
0.01125601027160883,imappo,9.144750734435547e-09,-0.7706677317619324,0.0007692230743581194,769.0,,,,,,,,,,,,,,0.3974324774924975,,,,,0.025123924016952515,7.665617886232212e-05
,imappo,,,,769.0,0.0,0.0,0.003832808769402618,0.0,0.0,0.0,0.0,0.003832808769402618,0.0,0.0,0.0,0.0,0.0,,,,,,,
-0.007991020567715168,imappo,1.1101666252955056e-08,0.23062299191951752,0.000768922974324775,770.0,,,,,,,,,,,,,,0.39729909969989996,,,,,0.02965441532433033,7.52197956899181e-05
,imappo,,,,770.0,0.0,0.0,0.0037609898813570908,0.0,0.0,0.0,0.0,0.0037609898813570908,0.0,0.0,0.0,0.0,0.0,,,,,,,
-0.0023075633216649294,imappo,5.0294541864559505e-09,-0.025883467867970467,0.0007686228742914305,771.0,,,,,,,,,,,,,,0.3971657219073024,,,,,0.03213699907064438,7.086179539328441e-05
,imappo,,,,771.0,0.0,0.0,0.003543089915183373,0.0,0.0,0.0,0.0,0.003543089915183373,0.0,0.0,0.0,0.0,0.0,,,,,,,
4.6753528295084834e-05,imappo,8.957623087724187e-09,-0.5493234992027283,0.000768322774258086,772.0,,,,,,,,,,,,,,0.3970323441147049,,,,,0.02890508808195591,7.088568963808939e-05
,imappo,,,,772.0,0.0,0.0,0.0035442844000499463,0.0,0.0,0.0,0.0,0.0035442844000499463,0.0,0.0,0.0,0.0,0.0,,,,,,,
-0.001932116225361824,imappo,9.174433657221925e-09,-0.548443078994751,0.0007680226742247416,773.0,,,,,,,,,,,,,,0.39689896632210736,,,,,0.03101133182644844,6.607299292227253e-05
,imappo,,,,773.0,0.0,0.0,0.003303649791632779,0.0,0.0,0.0,0.0,0.003303649791632779,0.0,0.0,0.0,0.0,0.0,,,,,,,
-0.004838134162127972,imappo,7.543826008316046e-09,-0.24167874455451965,0.0007677225741913971,774.0,,,,,,,,,,,,,,0.3967655885295098,,,,,0.031191613525152206,5.9107198467245325e-05
,imappo,,,,774.0,0.0,0.0,0.00295535985060269,0.0,0.0,0.0,0.0,0.00295535985060269,0.0,0.0,0.0,0.0,0.0,,,,,,,
0.0017983472207561135,imappo,1.2593626586010487e-08,-0.4754815697669983,0.0007674224741580527,775.0,,,,,,,,,,,,,,0.3966322107369123,,,,,0.0283103808760643,5.614142355625518e-05
,imappo,,,,775.0,0.0,0.0,0.0028070712123735575,0.0,0.0,0.0,0.0,0.0028070712123735575,0.0,0.0,0.0,0.0,0.0,,,,,,,
-0.00020577208488248289,imappo,1.0129912020317988e-08,0.05905250459909439,0.0007671223741247083,776.0,,,,,,,,,,,,,,0.39649883294431476,,,,,0.03336293622851372,8.146272011799738e-05
,imappo,,,,776.0,0.0,0.0,0.004073135827638907,0.0,0.0,0.0,0.0,0.004073135827638907,0.0,0.0,0.0,0.0,0.0,,,,,,,
-0.005710291676223278,imappo,5.058011343095359e-09,-0.10730180144309998,0.0007668222740913639,777.0,,,,,,,,,,,,,,0.3963654551517172,,,,,0.03327931463718414,6.799692346248776e-05
,imappo,,,,777.0,0.0,0.0,0.0033998459855411056,0.0,0.0,0.0,0.0,0.0033998459855411056,0.0,0.0,0.0,0.0,0.0,,,,,,,
-0.012543024495244026,imappo,4.1516798887641926e-08,-0.24275247752666473,0.0007665221740580194,778.0,,,,,,,,,,,,,,0.3962320773591197,,,,,0.030196625739336014,5.486856753122993e-05
,imappo,,,,778.0,0.0,0.0,0.0027434284102128004,0.0,0.0,0.0,0.0,0.0027434284102128004,0.0,0.0,0.0,0.0,0.0,,,,,,,
0.007392354309558868,imappo,1.8941101131986215e-08,-0.40288281440734863,0.000766222074024675,779.0,,,,,,,,,,,,,,0.39609869956652216,,,,,0.03068051114678383,6.157443567644805e-05
,imappo,,,,779.0,0.0,0.0,0.003078721674683038,0.0,0.0,0.0,0.0,0.003078721674683038,0.0,0.0,0.0,0.0,0.0,,,,,,,
0.0011099774856120348,imappo,5.680412584752048e-08,-0.5847390294075012,0.0007659219739913304,780.0,,,,,,,,,,,,,,0.39596532177392463,,,,,0.027452096343040466,5.476920341607183e-05
,imappo,,,,780.0,0.0,0.0,0.0027384601226003724,0.0,0.0,0.0,0.0,0.0027384601226003724,0.0,0.0,0.0,0.0,0.0,,,,,,,
-0.012447877787053585,imappo,1.885235434428978e-08,-0.13376426696777344,0.000765621873957986,781.0,,,,,,,,,,,,,,0.3958319439813271,,,,,0.03154097497463226,6.554563879035413e-05
,imappo,,,,781.0,0.0,0.0,0.0032772819331512437,0.0,0.0,0.0,0.0,0.0032772819331512437,0.0,0.0,0.0,0.0,0.0,,,,,,,
-0.0028141990769654512,imappo,3.1174650416687655e-08,0.022182608023285866,0.0007653217739246416,782.0,,,,,,,,,,,,,,0.39569856618872956,,,,,0.030094100162386894,6.465453770942986e-05
,imappo,,,,782.0,0.0,0.0,0.0032327270237146877,0.0,0.0,0.0,0.0,0.0032327270237146877,0.0,0.0,0.0,0.0,0.0,,,,,,,
-0.002941877581179142,imappo,4.5359598743743845e-08,-0.15380042791366577,0.0007650216738912971,783.0,,,,,,,,,,,,,,0.39556518839613203,,,,,0.029060963541269302,5.7886409194907174e-05
,imappo,,,,783.0,0.0,0.0,0.0028943205943505745,0.0,0.0,0.0,0.0,0.0028943205943505745,0.0,0.0,0.0,0.0,0.0,,,,,,,
-0.00474211061373353,imappo,2.249197272874426e-08,-0.1319543421268463,0.0007647215738579527,784.0,,,,,,,,,,,,,,0.3954318106035345,,,,,0.029317934066057205,6.256294727791101e-05
,imappo,,,,784.0,0.0,0.0,0.0031281474389288633,0.0,0.0,0.0,0.0,0.0031281474389288633,0.0,0.0,0.0,0.0,0.0,,,,,,,
-0.005857286974787712,imappo,5.535060765282651e-08,-0.2853074371814728,0.0007644214738246082,785.0,,,,,,,,,,,,,,0.39529843281093696,,,,,0.030287466943264008,5.11655853188131e-05
,imappo,,,,785.0,0.0,0.0,0.002558279315053369,0.0,0.0,0.0,0.0,0.002558279315053369,0.0,0.0,0.0,0.0,0.0,,,,,,,
-0.003064936026930809,imappo,1.347206790569544e-08,-0.6914369463920593,0.0007641213737912638,786.0,,,,,,,,,,,,,,0.39516505501833943,,,,,0.031978361308574677,6.880057480884716e-05
,imappo,,,,786.0,0.0,0.0,0.003440028648014959,0.0,0.0,0.0,0.0,0.003440028648014959,0.0,0.0,0.0,0.0,0.0,,,,,,,
-0.008484868332743645,imappo,5.306064920773679e-09,-0.1763257384300232,0.0007638212737579194,787.0,,,,,,,,,,,,,,0.3950316772257419,,,,,0.03192778676748276,6.944109918549657e-05
,imappo,,,,787.0,0.0,0.0,0.0034720546173048206,0.0,0.0,0.0,0.0,0.0034720546173048206,0.0,0.0,0.0,0.0,0.0,,,,,,,
-0.004064378794282675,imappo,6.8517418405633634e-09,-0.6965272426605225,0.000763521173724575,788.0,,,,,,,,,,,,,,0.39489829943314436,,,,,0.02888113632798195,6.778684473829344e-05
,imappo,,,,788.0,0.0,0.0,0.003389342164155096,0.0,0.0,0.0,0.0,0.003389342164155096,0.0,0.0,0.0,0.0,0.0,,,,,,,
-0.006750514265149832,imappo,8.668084028329304e-09,-0.032941125333309174,0.0007632210736912304,789.0,,,,,,,,,,,,,,0.39476492164054683,,,,,0.030275866389274597,6.110584217822179e-05
,imappo,,,,789.0,0.0,0.0,0.0030552920543414075,0.0,0.0,0.0,0.0,0.0030552920543414075,0.0,0.0,0.0,0.0,0.0,,,,,,,
-0.005532016512006521,imappo,1.5692000587819166e-08,-0.04287641495466232,0.000762920973657886,790.0,,,,,,,,,,,,,,0.3946315438479493,,,,,0.029365096241235733,6.348595343297347e-05
,imappo,,,,790.0,0.0,0.0,0.003174297637087875,0.0,0.0,0.0,0.0,0.003174297637087875,0.0,0.0,0.0,0.0,0.0,,,,,,,
-0.009654855355620384,imappo,8.063745227104846e-09,-0.4497830271720886,0.0007626208736245415,791.0,,,,,,,,,,,,,,0.39449816605535176,,,,,0.03008822351694107,6.154237053124234e-05
,imappo,,,,791.0,0.0,0.0,0.00307711867026228,0.0,0.0,0.0,0.0,0.00307711867026228,0.0,0.0,0.0,0.0,0.0,,,,,,,
0.01775098219513893,imappo,6.475674663164455e-09,-0.9064655303955078,0.0007623207735911971,792.0,,,,,,,,,,,,,,0.39436478826275423,,,,,0.029877174645662308,6.71149609843269e-05
,imappo,,,,792.0,0.0,0.0,0.003355747857312963,0.0,0.0,0.0,0.0,0.003355747857312963,0.0,0.0,0.0,0.0,0.0,,,,,,,
-0.004072186537086964,imappo,3.761217470810152e-08,-0.1461087316274643,0.0007620206735578527,793.0,,,,,,,,,,,,,,0.39423141047015675,,,,,0.03242206200957298,8.339959458680823e-05
,imappo,,,,793.0,0.0,0.0,0.004169979740254348,0.0,0.0,0.0,0.0,0.004169979740254348,0.0,0.0,0.0,0.0,0.0,,,,,,,
-0.0013696090318262577,imappo,1.1138922673126217e-08,-0.8979448676109314,0.0007617205735245082,794.0,,,,,,,,,,,,,,0.39409803267755916,,,,,0.02724612131714821,8.160038851201534e-05
,imappo,,,,794.0,0.0,0.0,0.004080019549292047,0.0,0.0,0.0,0.0,0.004080019549292047,0.0,0.0,0.0,0.0,0.0,,,,,,,
6.233112799236551e-05,imappo,9.311935222910961e-09,-0.23779292404651642,0.0007614204734911638,795.0,,,,,,,,,,,,,,0.3939646548849617,,,,,0.03180399909615517,6.0962935094721615e-05
,imappo,,,,795.0,0.0,0.0,0.0030481468738798867,0.0,0.0,0.0,0.0,0.0030481468738798867,0.0,0.0,0.0,0.0,0.0,,,,,,,
-0.005143620073795319,imappo,1.3363880668748607e-08,-0.09614395350217819,0.0007611203734578193,796.0,,,,,,,,,,,,,,0.3938312770923641,,,,,0.028785064816474915,6.306215800577775e-05
,imappo,,,,796.0,0.0,0.0,0.0031531078548141522,0.0,0.0,0.0,0.0,0.0031531078548141522,0.0,0.0,0.0,0.0,0.0,,,,,,,
-0.002618089783936739,imappo,1.1798687360453641e-08,-0.3314858675003052,0.0007608202734244748,797.0,,,,,,,,,,,,,,0.3936978992997666,,,,,0.030474796891212463,7.12436085450463e-05
,imappo,,,,797.0,0.0,0.0,0.0035621806491690222,0.0,0.0,0.0,0.0,0.0035621806491690222,0.0,0.0,0.0,0.0,0.0,,,,,,,
0.00015148927923291922,imappo,3.919429047982703e-08,-0.4711582362651825,0.0007605201733911304,798.0,,,,,,,,,,,,,,0.39356452150716903,,,,,0.030185844749212265,5.253748531686142e-05
,imappo,,,,798.0,0.0,0.0,0.002626874313591543,0.0,0.0,0.0,0.0,0.002626874313591543,0.0,0.0,0.0,0.0,0.0,,,,,,,
0.00014905881835147738,imappo,2.2184101666766765e-08,-0.8786112666130066,0.000760220073357786,799.0,,,,,,,,,,,,,,0.39343114371457155,,,,,0.027644895017147064,5.8936177083523944e-05
,imappo,,,,799.0,0.0,0.0,0.0029468087850546,0.0,0.0,0.0,0.0,0.0029468087850546,0.0,0.0,0.0,0.0,0.0,,,,,,,
,imappo,,,,799.0,,,,,,,,,,,,,,,0.0,0.0,0.0,0.0,,
0.0025624295230954885,imappo,1.5048065904466057e-08,-0.42263972759246826,0.0007599199733244415,800.0,,,,,,,,,,,,,,0.39329776592197396,,,,,0.03134487569332123,6.271492020459846e-05
,imappo,,,,800.0,0.0,0.0,0.0031357456082332646,0.0,0.0,0.0,0.0,0.0031357456082332646,0.0,0.0,0.0,0.0,0.0,,,,,,,
-0.006180550903081894,imappo,9.940796985574707e-08,-0.14269471168518066,0.0007596198732910971,801.0,,,,,,,,,,,,,,0.3931643881293765,,,,,0.029594458639621735,5.6271106586791575e-05
,imappo,,,,801.0,0.0,0.0,0.002813555267493939,0.0,0.0,0.0,0.0,0.002813555267493939,0.0,0.0,0.0,0.0,0.0,,,,,,,
-0.006253066007047892,imappo,1.2644028402064578e-07,-0.394936740398407,0.0007593197732577526,802.0,,,,,,,,,,,,,,0.3930310103367789,,,,,0.030613619834184647,5.040633914177306e-05
,imappo,,,,802.0,0.0,0.0,0.002520316973914305,0.0,0.0,0.0,0.0,0.002520316973914305,0.0,0.0,0.0,0.0,0.0,,,,,,,
-0.0044432152062654495,imappo,6.397328888851916e-08,-0.34169095754623413,0.0007590196732244082,803.0,,,,,,,,,,,,,,0.3928976325441814,,,,,0.03165857493877411,6.186800601426512e-05
,imappo,,,,803.0,0.0,0.0,0.003093400419743375,0.0,0.0,0.0,0.0,0.003093400419743375,0.0,0.0,0.0,0.0,0.0,,,,,,,
-0.002802941482514143,imappo,1.5864062063997153e-08,-0.841828465461731,0.0007587195731910637,804.0,,,,,,,,,,,,,,0.39276425475158383,,,,,0.029416311532258987,6.898877472849563e-05
,imappo,,,,804.0,0.0,0.0,0.003449438581810682,0.0,0.0,0.0,0.0,0.003449438581810682,0.0,0.0,0.0,0.0,0.0,,,,,,,
-0.001824029954150319,imappo,2.6761215465853638e-08,-0.7494581341743469,0.0007584194731577193,805.0,,,,,,,,,,,,,,0.39263087695898635,,,,,0.03115174174308777,6.175504677230492e-05
,imappo,,,,805.0,0.0,0.0,0.003087752793362597,0.0,0.0,0.0,0.0,0.003087752793362597,0.0,0.0,0.0,0.0,0.0,,,,,,,
-0.009988643229007721,imappo,3.090655553705801e-08,-0.714670717716217,0.0007581193731243747,806.0,,,,,,,,,,,,,,0.39249749916638876,,,,,0.03037455677986145,5.8646568504627794e-05
,imappo,,,,806.0,0.0,0.0,0.002932328359747771,0.0,0.0,0.0,0.0,0.002932328359747771,0.0,0.0,0.0,0.0,0.0,,,,,,,
0.007324672304093838,imappo,1.8052846328941996e-08,-1.089638113975525,0.0007578192730910303,807.0,,,,,,,,,,,,,,0.3923641213737913,,,,,0.029324179515242577,6.95669004926458e-05
,imappo,,,,807.0,0.0,0.0,0.0034783450437316787,0.0,0.0,0.0,0.0,0.0034783450437316787,0.0,0.0,0.0,0.0,0.0,,,,,,,
-0.006288185250014067,imappo,2.088242290199105e-08,-0.8463183641433716,0.0007575191730576859,808.0,,,,,,,,,,,,,,0.39223074358119375,,,,,0.027097493410110474,6.91175737301819e-05
,imappo,,,,808.0,0.0,0.0,0.003455878586464678,0.0,0.0,0.0,0.0,0.003455878586464678,0.0,0.0,0.0,0.0,0.0,,,,,,,
0.0010785062331706285,imappo,2.8040235022785964e-08,-1.001327395439148,0.0007572190730243415,809.0,,,,,,,,,,,,,,0.3920973657885962,,,,,0.02799174375832081,7.31709151295945e-05
,imappo,,,,809.0,0.0,0.0,0.003658545439975569,0.0,0.0,0.0,0.0,0.003658545439975569,0.0,0.0,0.0,0.0,0.0,,,,,,,
-0.003306357655674219,imappo,4.307900169919776e-08,-0.43944188952445984,0.0007569189729909971,810.0,,,,,,,,,,,,,,0.3919639879959987,,,,,0.028979167342185974,5.4074786021374166e-05
,imappo,,,,810.0,0.0,0.0,0.002703739454773313,0.0,0.0,0.0,0.0,0.002703739454773313,0.0,0.0,0.0,0.0,0.0,,,,,,,
-0.0057412306778132915,imappo,1.3254346065139089e-08,-0.16714811325073242,0.0007566188729576526,811.0,,,,,,,,,,,,,,0.39183061020340115,,,,,0.0299212709069252,7.392545376205817e-05
,imappo,,,,811.0,0.0,0.0,0.003696273064633715,0.0,0.0,0.0,0.0,0.003696273064633715,0.0,0.0,0.0,0.0,0.0,,,,,,,
-0.0007519542123191059,imappo,3.919040647559768e-09,-0.8064762353897095,0.0007563187729243082,812.0,,,,,,,,,,,,,,0.3916972324108036,,,,,0.024892309680581093,6.929611117811874e-05
,imappo,,,,812.0,0.0,0.0,0.0034648055043362547,0.0,0.0,0.0,0.0,0.0034648055043362547,0.0,0.0,0.0,0.0,0.0,,,,,,,
-0.005046131554991007,imappo,1.7115333150741208e-08,-0.8308668732643127,0.0007560186728909637,813.0,,,,,,,,,,,,,,0.3915638546182061,,,,,0.027967434376478195,6.014446262270212e-05
,imappo,,,,813.0,0.0,0.0,0.0030072231343183375,0.0,0.0,0.0,0.0,0.0030072231343183375,0.0,0.0,0.0,0.0,0.0,,,,,,,
0.006459999829530716,imappo,1.6164598548584763e-08,-0.8459367156028748,0.0007557185728576193,814.0,,,,,,,,,,,,,,0.39143047682560855,,,,,0.026362694799900055,8.047155279200524e-05
,imappo,,,,814.0,0.0,0.0,0.00402357749408111,0.0,0.0,0.0,0.0,0.00402357749408111,0.0,0.0,0.0,0.0,0.0,,,,,,,
-0.008418291807174683,imappo,5.403627412192691e-08,-0.4544961452484131,0.0007554184728242748,815.0,,,,,,,,,,,,,,0.391297099033011,,,,,0.03121224418282509,6.274542829487473e-05
,imappo,,,,815.0,0.0,0.0,0.0031372714933013413,0.0,0.0,0.0,0.0,0.0031372714933013413,0.0,0.0,0.0,0.0,0.0,,,,,,,
-0.002553505590185523,imappo,2.2063790794391025e-08,-0.37885287404060364,0.0007551183727909303,816.0,,,,,,,,,,,,,,0.3911637212404135,,,,,0.03137018159031868,6.434987881220877e-05
,imappo,,,,816.0,0.0,0.0,0.00321749396349702,0.0,0.0,0.0,0.0,0.00321749396349702,0.0,0.0,0.0,0.0,0.0,,,,,,,
0.003920251503586769,imappo,8.469051238080283e-09,-1.0260565280914307,0.0007548182727575858,817.0,,,,,,,,,,,,,,0.39103034344781595,,,,,0.03004593402147293,6.141891935840249e-05
,imappo,,,,817.0,0.0,0.0,0.0030709457214470604,0.0,0.0,0.0,0.0,0.0030709457214470604,0.0,0.0,0.0,0.0,0.0,,,,,,,
-0.006378124002367258,imappo,2.3502680690512534e-08,-1.3642927408218384,0.0007545181727242414,818.0,,,,,,,,,,,,,,0.3908969656552184,,,,,0.026443999260663986,8.071194315562025e-05
,imappo,,,,818.0,0.0,0.0,0.004035597234178567,0.0,0.0,0.0,0.0,0.004035597234178567,0.0,0.0,0.0,0.0,0.0,,,,,,,
0.002392503898590803,imappo,9.172092063636228e-08,-0.5722967386245728,0.000754218072690897,819.0,,,,,,,,,,,,,,0.3907635878626209,,,,,0.030978042632341385,6.058534563635476e-05
,imappo,,,,819.0,0.0,0.0,0.003029267485544551,0.0,0.0,0.0,0.0,0.003029267485544551,0.0,0.0,0.0,0.0,0.0,,,,,,,
-0.0037754804361611605,imappo,8.307875987156876e-08,-0.324936181306839,0.0007539179726575526,820.0,,,,,,,,,,,,,,0.39063021007002335,,,,,0.03256337344646454,6.158294127089903e-05
,imappo,,,,820.0,0.0,0.0,0.003079147072185151,0.0,0.0,0.0,0.0,0.003079147072185151,0.0,0.0,0.0,0.0,0.0,,,,,,,
-0.0027333516627550125,imappo,1.1904580077271021e-07,-0.405486136674881,0.0007536178726242081,821.0,,,,,,,,,,,,,,0.3904968322774258,,,,,0.03049454651772976,7.454678416252136e-05
,imappo,,,,821.0,0.0,0.0,0.003727339169017796,0.0,0.0,0.0,0.0,0.003727339169017796,0.0,0.0,0.0,0.0,0.0,,,,,,,
-0.002378524513915181,imappo,3.354963098445296e-07,-0.35230499505996704,0.0007533177725908637,822.0,,,,,,,,,,,,,,0.3903634544848283,,,,,0.029482586309313774,4.6881930757081136e-05
,imappo,,,,822.0,0.0,0.0,0.0023440966917291917,0.0,0.0,0.0,0.0,0.0023440966917291917,0.0,0.0,0.0,0.0,0.0,,,,,,,
-0.0025791556108742952,imappo,1.0838600417173438e-07,-0.25316017866134644,0.0007530176725575191,823.0,,,,,,,,,,,,,,0.39023007669223075,,,,,0.02821614220738411,7.640939293196425e-05
,imappo,,,,823.0,0.0,0.0,0.0038204698266781634,0.0,0.0,0.0,0.0,0.0038204698266781634,0.0,0.0,0.0,0.0,0.0,,,,,,,
-0.006026088260114193,imappo,9.125825073397209e-08,-0.23298421502113342,0.0007527175725241747,824.0,,,,,,,,,,,,,,0.3900966988996332,,,,,0.0310821495950222,5.545367457671091e-05
,imappo,,,,824.0,0.0,0.0,0.0027726837997761322,0.0,0.0,0.0,0.0,0.0027726837997761322,0.0,0.0,0.0,0.0,0.0,,,,,,,
-0.008877292275428772,imappo,5.1647266019472227e-08,-0.5107535719871521,0.0007524174724908303,825.0,,,,,,,,,,,,,,0.3899633211070357,,,,,0.02944062277674675,5.052832420915365e-05
,imappo,,,,825.0,0.0,0.0,0.0025264161276936647,0.0,0.0,0.0,0.0,0.0025264161276936647,0.0,0.0,0.0,0.0,0.0,,,,,,,
-0.002031705342233181,imappo,1.0359559432515653e-08,-1.3801078796386719,0.0007521173724574859,826.0,,,,,,,,,,,,,,0.38982994331443815,,,,,0.026085957884788513,7.929070125101134e-05
,imappo,,,,826.0,0.0,0.0,0.003964535060731578,0.0,0.0,0.0,0.0,0.003964535060731578,0.0,0.0,0.0,0.0,0.0,,,,,,,
-0.004547972232103348,imappo,4.918570439826908e-09,-0.5094419121742249,0.0007518172724241414,827.0,,,,,,,,,,,,,,0.3896965655218406,,,,,0.02880319580435753,5.3877432947047055e-05
,imappo,,,,827.0,0.0,0.0,0.0026938717546727275,0.0,0.0,0.0,0.0,0.0026938717546727275,0.0,0.0,0.0,0.0,0.0,,,,,,,
-0.015291688032448292,imappo,1.3715304447714516e-08,-0.32381802797317505,0.0007515171723907969,828.0,,,,,,,,,,,,,,0.3895631877292431,,,,,0.03159276396036148,5.9657497331500053e-05
,imappo,,,,828.0,0.0,0.0,0.0029828749429725576,0.0,0.0,0.0,0.0,0.0029828749429725576,0.0,0.0,0.0,0.0,0.0,,,,,,,
0.006195150315761566,imappo,4.300972733517483e-08,-0.05541769042611122,0.0007512170723574525,829.0,,,,,,,,,,,,,,0.38942980993664555,,,,,0.029489126056432724,7.380270108114928e-05
,imappo,,,,829.0,0.0,0.0,0.003690135090437252,0.0,0.0,0.0,0.0,0.003690135090437252,0.0,0.0,0.0,0.0,0.0,,,,,,,
0.004656392615288496,imappo,1.3819033028994454e-08,-0.18808533251285553,0.0007509169723241081,830.0,,,,,,,,,,,,,,0.389296432144048,,,,,0.029234670102596283,5.826039705425501e-05
,imappo,,,,830.0,0.0,0.0,0.0029130196846836043,0.0,0.0,0.0,0.0,0.0029130196846836043,0.0,0.0,0.0,0.0,0.0,,,,,,,
0.0009909189539030194,imappo,1.782847647291419e-08,-0.5565141439437866,0.0007506168722907637,831.0,,,,,,,,,,,,,,0.3891630543514505,,,,,0.028503185138106346,5.265125946607441e-05
,imappo,,,,831.0,0.0,0.0,0.002632562818689621,0.0,0.0,0.0,0.0,0.002632562818689621,0.0,0.0,0.0,0.0,0.0,,,,,,,
0.006763773504644632,imappo,8.112492899670087e-09,-1.0196579694747925,0.0007503167722574191,832.0,,,,,,,,,,,,,,0.38902967655885295,,,,,0.02908901497721672,6.303523696260527e-05
,imappo,,,,832.0,0.0,0.0,0.0031517618518250856,0.0,0.0,0.0,0.0,0.0031517618518250856,0.0,0.0,0.0,0.0,0.0,,,,,,,
-0.017437094822525978,imappo,5.0438721643786266e-08,-0.48189660906791687,0.0007500166722240747,833.0,,,,,,,,,,,,,,0.3888962987662554,,,,,0.0301640797406435,7.29921375750564e-05
,imappo,,,,833.0,0.0,0.0,0.003649606931503513,0.0,0.0,0.0,0.0,0.003649606931503513,0.0,0.0,0.0,0.0,0.0,,,,,,,
-0.00960631761699915,imappo,2.852732272629055e-08,-0.09618692100048065,0.0007497165721907302,834.0,,,,,,,,,,,,,,0.3887629209736579,,,,,0.026899181306362152,7.369622471742332e-05
,imappo,,,,834.0,0.0,0.0,0.003684811179027747,0.0,0.0,0.0,0.0,0.003684811179027747,0.0,0.0,0.0,0.0,0.0,,,,,,,
-0.0016252173809334636,imappo,5.221104881769634e-09,-0.16980059444904327,0.0007494164721573858,835.0,,,,,,,,,,,,,,0.38862954318106036,,,,,0.03262209892272949,6.410716741811484e-05
,imappo,,,,835.0,0.0,0.0,0.0032053584545792546,0.0,0.0,0.0,0.0,0.0032053584545792546,0.0,0.0,0.0,0.0,0.0,,,,,,,
-0.00698982086032629,imappo,6.473706903875609e-09,-0.8215029835700989,0.0007491163721240414,836.0,,,,,,,,,,,,,,0.3884961653884628,,,,,0.03194613754749298,6.41731166979298e-05
,imappo,,,,836.0,0.0,0.0,0.003208655762136914,0.0,0.0,0.0,0.0,0.003208655762136914,0.0,0.0,0.0,0.0,0.0,,,,,,,
-0.007652619853615761,imappo,1.3836086054652696e-08,-0.16032783687114716,0.000748816272090697,837.0,,,,,,,,,,,,,,0.3883627875958653,,,,,0.030985623598098755,5.803379099234007e-05
,imappo,,,,837.0,0.0,0.0,0.0029016895166478207,0.0,0.0,0.0,0.0,0.0029016895166478207,0.0,0.0,0.0,0.0,0.0,,,,,,,
0.002876845421269536,imappo,2.9657774902602796e-08,-1.2490805387496948,0.0007485161720573525,838.0,,,,,,,,,,,,,,0.38822940980326776,,,,,0.026889268308877945,8.938206156017259e-05
,imappo,,,,838.0,0.0,0.0,0.004469103418159648,0.0,0.0,0.0,0.0,0.004469103418159648,0.0,0.0,0.0,0.0,0.0,,,,,,,
-0.004710771609097719,imappo,1.5981139966925184e-08,-1.0673919916152954,0.000748216072024008,839.0,,,,,,,,,,,,,,0.3880960320106702,,,,,0.026920421048998833,7.739029388176277e-05
,imappo,,,,839.0,0.0,0.0,0.0038695144467055798,0.0,0.0,0.0,0.0,0.0038695144467055798,0.0,0.0,0.0,0.0,0.0,,,,,,,
-0.00410606199875474,imappo,2.4654037034110843e-08,-0.8062981367111206,0.0007479159719906636,840.0,,,,,,,,,,,,,,0.3879626542180727,,,,,0.026546798646450043,8.458810771116987e-05
,imappo,,,,840.0,0.0,0.0,0.00422940526345883,0.0,0.0,0.0,0.0,0.00422940526345883,0.0,0.0,0.0,0.0,0.0,,,,,,,
-0.008649956434965134,imappo,9.499292019654604e-09,-0.4577394723892212,0.0007476158719573192,841.0,,,,,,,,,,,,,,0.38782927642547516,,,,,0.028900956735014915,7.208604802144691e-05
,imappo,,,,841.0,0.0,0.0,0.0036043022955709603,0.0,0.0,0.0,0.0,0.0036043022955709603,0.0,0.0,0.0,0.0,0.0,,,,,,,
0.00252434890717268,imappo,5.657799562186483e-08,-0.7727516293525696,0.0007473157719239747,842.0,,,,,,,,,,,,,,0.3876958986328776,,,,,0.030841533094644547,5.8127217926084995e-05
,imappo,,,,842.0,0.0,0.0,0.0029063610885486924,0.0,0.0,0.0,0.0,0.0029063610885486924,0.0,0.0,0.0,0.0,0.0,,,,,,,
-0.00032626796746626496,imappo,7.517112976529461e-08,-0.34482505917549133,0.0007470156718906302,843.0,,,,,,,,,,,,,,0.3875625208402801,,,,,0.029287215322256088,7.642491982551292e-05
,imappo,,,,843.0,0.0,0.0,0.0038212460854083474,0.0,0.0,0.0,0.0,0.0038212460854083474,0.0,0.0,0.0,0.0,0.0,,,,,,,
-0.0009635457536205649,imappo,1.2770531299111099e-08,-0.24576133489608765,0.0007467155718572858,844.0,,,,,,,,,,,,,,0.38742914304768256,,,,,0.0313589945435524,5.292203786666505e-05
,imappo,,,,844.0,0.0,0.0,0.002646101870595885,0.0,0.0,0.0,0.0,0.002646101870595885,0.0,0.0,0.0,0.0,0.0,,,,,,,
-0.0007051294669508934,imappo,5.641447842208436e-08,-1.4630664587020874,0.0007464154718239413,845.0,,,,,,,,,,,,,,0.387295765255085,,,,,0.0242677703499794,8.677507139509544e-05
,imappo,,,,845.0,0.0,0.0,0.004338753962656483,0.0,0.0,0.0,0.0,0.004338753962656483,0.0,0.0,0.0,0.0,0.0,,,,,,,
0.0013583756517618895,imappo,2.5861309538299793e-08,-0.7231095433235168,0.0007461153717905969,846.0,,,,,,,,,,,,,,0.3871623874624875,,,,,0.030307797715067863,5.5839944252511486e-05
,imappo,,,,846.0,0.0,0.0,0.002791997335407359,0.0,0.0,0.0,0.0,0.002791997335407359,0.0,0.0,0.0,0.0,0.0,,,,,,,
-0.0067057241685688496,imappo,2.4928354491748905e-08,-0.949558436870575,0.0007458152717572525,847.0,,,,,,,,,,,,,,0.38702900966988996,,,,,0.025344472378492355,7.044310768833384e-05
,imappo,,,,847.0,0.0,0.0,0.0035221553098381264,0.0,0.0,0.0,0.0,0.0035221553098381264,0.0,0.0,0.0,0.0,0.0,,,,,,,
-0.010325220413506031,imappo,1.2832717999344823e-08,-0.17880219221115112,0.0007455151717239081,848.0,,,,,,,,,,,,,,0.3868956318772924,,,,,0.028003018349409103,7.828646630514413e-05
,imappo,,,,848.0,0.0,0.0,0.003914323198159764,0.0,0.0,0.0,0.0,0.003914323198159764,0.0,0.0,0.0,0.0,0.0,,,,,,,
-0.0028425061609596014,imappo,4.33709281821848e-08,-0.5514013767242432,0.0007452150716905635,849.0,,,,,,,,,,,,,,0.3867622540846949,,,,,0.03315582871437073,5.505654917214997e-05
,imappo,,,,849.0,0.0,0.0,0.0027528274208634684,0.0,0.0,0.0,0.0,0.0027528274208634684,0.0,0.0,0.0,0.0,0.0,,,,,,,
-0.0013309624046087265,imappo,3.6686472526525904e-08,-0.5756751298904419,0.000744914971657219,850.0,,,,,,,,,,,,,,0.38662887629209736,,,,,0.029566189274191856,4.484061719267629e-05
,imappo,,,,850.0,0.0,0.0,0.0022420309733206523,0.0,0.0,0.0,0.0,0.0022420309733206523,0.0,0.0,0.0,0.0,0.0,,,,,,,
-0.0026073786430060863,imappo,1.4825448424460319e-08,-0.5528542995452881,0.0007446148716238746,851.0,,,,,,,,,,,,,,0.3864954984994998,,,,,0.03198923170566559,5.481769039761275e-05
,imappo,,,,851.0,0.0,0.0,0.0027408842576619463,0.0,0.0,0.0,0.0,0.0027408842576619463,0.0,0.0,0.0,0.0,0.0,,,,,,,
-0.00784221664071083,imappo,3.6688479809754426e-08,-0.29492050409317017,0.0007443147715905302,852.0,,,,,,,,,,,,,,0.3863621207069023,,,,,0.030628634616732597,5.268410677672364e-05
,imappo,,,,852.0,0.0,0.0,0.0026342052824475104,0.0,0.0,0.0,0.0,0.0026342052824475104,0.0,0.0,0.0,0.0,0.0,,,,,,,
-0.008621685206890106,imappo,4.109551809960976e-08,-0.6801480054855347,0.0007440146715571858,853.0,,,,,,,,,,,,,,0.38622874291430476,,,,,0.029586661607027054,4.7792636905796826e-05
,imappo,,,,853.0,0.0,0.0,0.002389631897358413,0.0,0.0,0.0,0.0,0.002389631897358413,0.0,0.0,0.0,0.0,0.0,,,,,,,
-0.0008485668804496527,imappo,3.7338455882718335e-08,-0.6348084807395935,0.0007437145715238413,854.0,,,,,,,,,,,,,,0.3860953651217072,,,,,0.027850963175296783,4.7801546315895393e-05
,imappo,,,,854.0,0.0,0.0,0.0023900774538105907,0.0,0.0,0.0,0.0,0.0023900774538105907,0.0,0.0,0.0,0.0,0.0,,,,,,,
-0.0076033975929021835,imappo,7.884782604605789e-09,-1.3599112033843994,0.0007434144714904969,855.0,,,,,,,,,,,,,,0.3859619873291097,,,,,0.03046903759241104,6.018388012307696e-05
,imappo,,,,855.0,0.0,0.0,0.003009194234437018,0.0,0.0,0.0,0.0,0.003009194234437018,0.0,0.0,0.0,0.0,0.0,,,,,,,
-0.004689377266913652,imappo,3.8483438657976876e-08,-0.44345006346702576,0.0007431143714571524,856.0,,,,,,,,,,,,,,0.38582860953651216,,,,,0.033472806215286255,7.721924339421093e-05
,imappo,,,,856.0,0.0,0.0,0.003860962330691109,0.0,0.0,0.0,0.0,0.003860962330691109,0.0,0.0,0.0,0.0,0.0,,,,,,,
-0.007913386449217796,imappo,3.749947463660419e-09,-1.3297195434570312,0.000742814271423808,857.0,,,,,,,,,,,,,,0.3856952317439146,,,,,0.029058273881673813,6.078611113480292e-05
,imappo,,,,857.0,0.0,0.0,0.0030393057713808957,0.0,0.0,0.0,0.0,0.0030393057713808957,0.0,0.0,0.0,0.0,0.0,,,,,,,
-0.00944698229432106,imappo,6.065911328789753e-09,-0.3457188606262207,0.0007425141713904636,858.0,,,,,,,,,,,,,,0.3855618539513171,,,,,0.0304853618144989,5.8854453527601436e-05
,imappo,,,,858.0,0.0,0.0,0.0029427227564156055,0.0,0.0,0.0,0.0,0.0029427227564156055,0.0,0.0,0.0,0.0,0.0,,,,,,,
0.009304427541792393,imappo,1.3189693781612277e-09,-1.304625391960144,0.0007422140713571192,859.0,,,,,,,,,,,,,,0.38542847615871956,,,,,0.02737894281744957,6.201970973052084e-05
,imappo,,,,859.0,0.0,0.0,0.003100985770814191,0.0,0.0,0.0,0.0,0.003100985770814191,0.0,0.0,0.0,0.0,0.0,,,,,,,
-0.0014545951271429658,imappo,4.224989247347821e-09,-0.6758415102958679,0.0007419139713237745,860.0,,,,,,,,,,,,,,0.385295098366122,,,,,0.02786966785788536,5.344684177543968e-05
,imappo,,,,860.0,0.0,0.0,0.0026723420687631005,0.0,0.0,0.0,0.0,0.0026723420687631005,0.0,0.0,0.0,0.0,0.0,,,,,,,
0.003174182493239641,imappo,5.530001789821881e-09,-0.5957973003387451,0.0007416138712904301,861.0,,,,,,,,,,,,,,0.3851617205735245,,,,,0.028946800157427788,7.468011608580127e-05
,imappo,,,,861.0,0.0,0.0,0.0037340059160744232,0.0,0.0,0.0,0.0,0.0037340059160744232,0.0,0.0,0.0,0.0,0.0,,,,,,,
0.0005212479736655951,imappo,6.593024348688914e-09,-0.4587595760822296,0.0007413137712570857,862.0,,,,,,,,,,,,,,0.38502834278092696,,,,,0.030503930523991585,5.654343112837523e-05
,imappo,,,,862.0,0.0,0.0,0.0028271715260927976,0.0,0.0,0.0,0.0,0.0028271715260927976,0.0,0.0,0.0,0.0,0.0,,,,,,,
0.0005411851452663541,imappo,7.0343442182263516e-09,-0.45488154888153076,0.0007410136712237413,863.0,,,,,,,,,,,,,,0.3848949649883294,,,,,0.028685780242085457,7.430768891936168e-05
,imappo,,,,863.0,0.0,0.0,0.0037153843750274973,0.0,0.0,0.0,0.0,0.0037153843750274973,0.0,0.0,0.0,0.0,0.0,,,,,,,
0.0024097110144793987,imappo,1.2869404208970536e-08,-0.6210391521453857,0.0007407135711903968,864.0,,,,,,,,,,,,,,0.3847615871957319,,,,,0.02749658189713955,7.325734623009339e-05
,imappo,,,,864.0,0.0,0.0,0.003662867303233952,0.0,0.0,0.0,0.0,0.003662867303233952,0.0,0.0,0.0,0.0,0.0,,,,,,,
-0.007462848909199238,imappo,1.5133169384284884e-08,-1.0303916931152344,0.0007404134711570524,865.0,,,,,,,,,,,,,,0.38462820940313436,,,,,0.029499249532818794,5.8836540119955316e-05
,imappo,,,,865.0,0.0,0.0,0.002941826925962232,0.0,0.0,0.0,0.0,0.002941826925962232,0.0,0.0,0.0,0.0,0.0,,,,,,,
0.0004475798923522234,imappo,5.716727091709117e-09,-1.397711157798767,0.0007401133711237079,866.0,,,,,,,,,,,,,,0.3844948316105368,,,,,0.029649728909134865,7.596809882670641e-05
,imappo,,,,866.0,0.0,0.0,0.0037984046757628676,0.0,0.0,0.0,0.0,0.0037984046757628676,0.0,0.0,0.0,0.0,0.0,,,,,,,
-9.644273086450994e-05,imappo,9.497920672174587e-09,-0.211148202419281,0.0007398132710903635,867.0,,,,,,,,,,,,,,0.3843614538179393,,,,,0.02899240516126156,7.131775055313483e-05
,imappo,,,,867.0,0.0,0.0,0.003565887254808331,0.0,0.0,0.0,0.0,0.003565887254808331,0.0,0.0,0.0,0.0,0.0,,,,,,,
-0.006494719069451094,imappo,1.4435963535675e-08,-0.67279052734375,0.000739513171057019,868.0,,,,,,,,,,,,,,0.3842280760253418,,,,,0.03218543529510498,5.759899067925289e-05
,imappo,,,,868.0,0.0,0.0,0.002879949443922669,0.0,0.0,0.0,0.0,0.002879949443922669,0.0,0.0,0.0,0.0,0.0,,,,,,,
-0.0019276757957413793,imappo,3.259107650421811e-09,-0.5754344463348389,0.0007392130710236746,869.0,,,,,,,,,,,,,,0.3840946982327442,,,,,0.03347420692443848,6.0679718444589525e-05
,imappo,,,,869.0,0.0,0.0,0.0030339858690240362,0.0,0.0,0.0,0.0,0.0030339858690240362,0.0,0.0,0.0,0.0,0.0,,,,,,,
0.005874965339899063,imappo,5.049160023418153e-08,-0.7577646970748901,0.0007389129709903302,870.0,,,,,,,,,,,,,,0.38396132044014675,,,,,0.02889835089445114,4.4347074435791e-05
,imappo,,,,870.0,0.0,0.0,0.00221735372178955,0.0,0.0,0.0,0.0,0.00221735372178955,0.0,0.0,0.0,0.0,0.0,,,,,,,
-0.0006374085787683725,imappo,1.4551127414108578e-08,-0.5889694690704346,0.0007386128709569856,871.0,,,,,,,,,,,,,,0.38382794264754916,,,,,0.026653965935111046,6.489918450824916e-05
,imappo,,,,871.0,0.0,0.0,0.0032449593322780856,0.0,0.0,0.0,0.0,0.0032449593322780856,0.0,0.0,0.0,0.0,0.0,,,,,,,
-0.002838343381881714,imappo,5.856787055336099e-09,-1.1457297801971436,0.0007383127709236412,872.0,,,,,,,,,,,,,,0.3836945648549517,,,,,0.030723195523023605,7.296136755030602e-05
,imappo,,,,872.0,0.0,0.0,0.0036480687904258957,0.0,0.0,0.0,0.0,0.0036480687904258957,0.0,0.0,0.0,0.0,0.0,,,,,,,
0.002044640714302659,imappo,1.0375259762440692e-07,-0.4827822744846344,0.0007380126708902968,873.0,,,,,,,,,,,,,,0.3835611870623541,,,,,0.030958004295825958,4.357695434009656e-05
,imappo,,,,873.0,0.0,0.0,0.002178847794311878,0.0,0.0,0.0,0.0,0.002178847794311878,0.0,0.0,0.0,0.0,0.0,,,,,,,
-0.0028122030198574066,imappo,6.450842704452953e-08,-0.4075053632259369,0.0007377125708569524,874.0,,,,,,,,,,,,,,0.3834278092697566,,,,,0.03229555860161781,5.495801451615989e-05
,imappo,,,,874.0,0.0,0.0,0.0027479007467263727,0.0,0.0,0.0,0.0,0.0027479007467263727,0.0,0.0,0.0,0.0,0.0,,,,,,,
-0.008181232027709484,imappo,4.585183788208269e-08,-0.387063205242157,0.0007374124708236079,875.0,,,,,,,,,,,,,,0.383294431477159,,,,,0.030603569000959396,5.031893670093268e-05
,imappo,,,,875.0,0.0,0.0,0.0025159467198818675,0.0,0.0,0.0,0.0,0.0025159467198818675,0.0,0.0,0.0,0.0,0.0,,,,,,,
0.003940972499549389,imappo,1.75451138062499e-08,-0.5748315453529358,0.0007371123707902635,876.0,,,,,,,,,,,,,,0.38316105368456155,,,,,0.027256285771727562,6.273390317801386e-05
,imappo,,,,876.0,0.0,0.0,0.0031366951052405057,0.0,0.0,0.0,0.0,0.0031366951052405057,0.0,0.0,0.0,0.0,0.0,,,,,,,
-0.007232909556478262,imappo,2.590182957007414e-09,-0.5426647067070007,0.0007368122707569189,877.0,,,,,,,,,,,,,,0.38302767589196396,,,,,0.02906961366534233,5.33268139406573e-05
,imappo,,,,877.0,0.0,0.0,0.0026663405587896705,0.0,0.0,0.0,0.0,0.0026663405587896705,0.0,0.0,0.0,0.0,0.0,,,,,,,
-0.00023641886946279556,imappo,1.205953825689221e-08,-0.17105235159397125,0.0007365121707235745,878.0,,,,,,,,,,,,,,0.3828942980993665,,,,,0.026636973023414612,6.50699294055812e-05
,imappo,,,,878.0,0.0,0.0,0.003253496336128592,0.0,0.0,0.0,0.0,0.003253496336128592,0.0,0.0,0.0,0.0,0.0,,,,,,,
-0.0012685685651376843,imappo,1.82010406746258e-08,-1.396798849105835,0.0007362120706902301,879.0,,,,,,,,,,,,,,0.3827609203067689,,,,,0.02942715957760811,7.965689292177558e-05
,imappo,,,,879.0,0.0,0.0,0.003982844832535193,0.0,0.0,0.0,0.0,0.003982844832535193,0.0,0.0,0.0,0.0,0.0,,,,,,,
-0.0006340155377984047,imappo,5.5351989658447565e-08,-0.5832147002220154,0.0007359119706568857,880.0,,,,,,,,,,,,,,0.3826275425141714,,,,,0.025778397917747498,7.017516327323392e-05
,imappo,,,,880.0,0.0,0.0,0.003508758236421272,0.0,0.0,0.0,0.0,0.003508758236421272,0.0,0.0,0.0,0.0,0.0,,,,,,,
0.005018954165279865,imappo,9.259270683514842e-08,-0.7581560015678406,0.0007356118706235412,881.0,,,,,,,,,,,,,,0.3824941647215738,,,,,0.029202768579125404,5.169063661014661e-05
,imappo,,,,881.0,0.0,0.0,0.002584532044295429,0.0,0.0,0.0,0.0,0.002584532044295429,0.0,0.0,0.0,0.0,0.0,,,,,,,
-0.008243191987276077,imappo,4.7902773303576396e-08,-0.457118421792984,0.0007353117705901967,882.0,,,,,,,,,,,,,,0.38236078692897635,,,,,0.030127156525850296,4.7909634304232895e-05
,imappo,,,,882.0,0.0,0.0,0.0023954819768050584,0.0,0.0,0.0,0.0,0.0023954819768050584,0.0,0.0,0.0,0.0,0.0,,,,,,,
-0.007344753947108984,imappo,2.7435689275989716e-08,-0.44194477796554565,0.0007350116705568523,883.0,,,,,,,,,,,,,,0.3822274091363788,,,,,0.03227425366640091,7.288742926903069e-05
,imappo,,,,883.0,0.0,0.0,0.00364437138523499,0.0,0.0,0.0,0.0,0.00364437138523499,0.0,0.0,0.0,0.0,0.0,,,,,,,
0.0006310837925411761,imappo,3.249063462718027e-09,-0.7251280546188354,0.0007347115705235079,884.0,,,,,,,,,,,,,,0.3820940313437813,,,,,0.028914429247379303,5.353445521905087e-05
,imappo,,,,884.0,0.0,0.0,0.0026767229384745406,0.0,0.0,0.0,0.0,0.0026767229384745406,0.0,0.0,0.0,0.0,0.0,,,,,,,
-0.0035382111091166735,imappo,8.835014497776683e-09,-0.632578432559967,0.0007344114704901635,885.0,,,,,,,,,,,,,,0.38196065355118375,,,,,0.028832009062170982,5.396292544901371e-05
,imappo,,,,885.0,0.0,0.0,0.002698146190823536,0.0,0.0,0.0,0.0,0.002698146190823536,0.0,0.0,0.0,0.0,0.0,,,,,,,
0.0023189131170511246,imappo,1.5886620019500697e-08,-0.9661100506782532,0.0007341113704568189,886.0,,,,,,,,,,,,,,0.3818272757585862,,,,,0.030262313783168793,6.525190838146955e-05
,imappo,,,,886.0,0.0,0.0,0.003262595273554325,0.0,0.0,0.0,0.0,0.003262595273554325,0.0,0.0,0.0,0.0,0.0,,,,,,,
-0.005715707316994667,imappo,1.4317262930774177e-08,-0.4781769812107086,0.0007338112704234745,887.0,,,,,,,,,,,,,,0.3816938979659887,,,,,0.02888319082558155,4.849288961850107e-05
,imappo,,,,887.0,0.0,0.0,0.0024246447562745743,0.0,0.0,0.0,0.0,0.0024246447562745743,0.0,0.0,0.0,0.0,0.0,,,,,,,
0.003266011131927371,imappo,1.0555435636661059e-08,-1.1563020944595337,0.00073351117039013,888.0,,,,,,,,,,,,,,0.38156052017339115,,,,,0.030196931213140488,6.673244934063405e-05
,imappo,,,,888.0,0.0,0.0,0.0033366228044542368,0.0,0.0,0.0,0.0,0.0033366228044542368,0.0,0.0,0.0,0.0,0.0,,,,,,,
0.0003874581307172775,imappo,1.6913435985088654e-08,-1.5008862018585205,0.0007332110703567856,889.0,,,,,,,,,,,,,,0.3814271423807936,,,,,0.02759084850549698,7.688991172472015e-05
,imappo,,,,889.0,0.0,0.0,0.0038444954911369678,0.0,0.0,0.0,0.0,0.0038444954911369678,0.0,0.0,0.0,0.0,0.0,,,,,,,
-0.00831481534987688,imappo,2.316279079650485e-08,-0.1662062406539917,0.0007329109703234412,890.0,,,,,,,,,,,,,,0.3812937645881961,,,,,0.027961593121290207,6.297444633673877e-05
,imappo,,,,890.0,0.0,0.0,0.003148722559330963,0.0,0.0,0.0,0.0,0.003148722559330963,0.0,0.0,0.0,0.0,0.0,,,,,,,
0.0014743846841156483,imappo,4.570775757883894e-08,-0.32224029302597046,0.0007326108702900968,891.0,,,,,,,,,,,,,,0.38116038679559855,,,,,0.030162345618009567,8.640488522360101e-05
,imappo,,,,891.0,0.0,0.0,0.004320244328937406,0.0,0.0,0.0,0.0,0.004320244328937406,0.0,0.0,0.0,0.0,0.0,,,,,,,
-0.0018905228935182095,imappo,8.24698265233792e-09,-0.8722413182258606,0.0007323107702567523,892.0,,,,,,,,,,,,,,0.381027009003001,,,,,0.028408974409103394,5.866848005098291e-05
,imappo,,,,892.0,0.0,0.0,0.0029334239743548096,0.0,0.0,0.0,0.0,0.0029334239743548096,0.0,0.0,0.0,0.0,0.0,,,,,,,
-0.005845031701028347,imappo,1.1596961257964722e-07,-1.1184697151184082,0.0007320106702234078,893.0,,,,,,,,,,,,,,0.3808936312104035,,,,,0.02920357882976532,6.544251664308831e-05
,imappo,,,,893.0,0.0,0.0,0.0032721258246510843,0.0,0.0,0.0,0.0,0.0032721258246510843,0.0,0.0,0.0,0.0,0.0,,,,,,,
0.010084669105708599,imappo,2.283232021227377e-07,-1.405705451965332,0.0007317105701900633,894.0,,,,,,,,,,,,,,0.38076025341780595,,,,,0.028983943164348602,7.987613207660615e-05
,imappo,,,,894.0,0.0,0.0,0.003993806691141799,0.0,0.0,0.0,0.0,0.003993806691141799,0.0,0.0,0.0,0.0,0.0,,,,,,,
-0.0056991600431501865,imappo,4.998035478820384e-07,-0.4223942756652832,0.0007314104701567189,895.0,,,,,,,,,,,,,,0.3806268756252084,,,,,0.024574339389801025,7.372416439466178e-05
,imappo,,,,895.0,0.0,0.0,0.003686208153339976,0.0,0.0,0.0,0.0,0.003686208153339976,0.0,0.0,0.0,0.0,0.0,,,,,,,
0.004849507939070463,imappo,2.671002619081264e-07,-1.7346936464309692,0.0007311103701233745,896.0,,,,,,,,,,,,,,0.3804934978326109,,,,,0.02590950019657612,9.426109318155795e-05
,imappo,,,,896.0,0.0,0.0,0.00471305489554652,0.0,0.0,0.0,0.0,0.00471305489554652,0.0,0.0,0.0,0.0,0.0,,,,,,,
-0.008279791101813316,imappo,2.9234684006951284e-07,-0.43578144907951355,0.00073081027009003,897.0,,,,,,,,,,,,,,0.38036012004001335,,,,,0.023096229881048203,7.716359687037766e-05
,imappo,,,,897.0,0.0,0.0,0.003858179693452257,0.0,0.0,0.0,0.0,0.003858179693452257,0.0,0.0,0.0,0.0,0.0,,,,,,,
0.02220829389989376,imappo,2.2317293257856363e-07,-1.5215588808059692,0.0007305101700566855,898.0,,,,,,,,,,,,,,0.3802267422474158,,,,,0.026383452117443085,9.098370355786756e-05
,imappo,,,,898.0,0.0,0.0,0.0045491852033592295,0.0,0.0,0.0,0.0,0.0045491852033592295,0.0,0.0,0.0,0.0,0.0,,,,,,,
-0.0038375144358724356,imappo,1.4109772905612772e-07,-0.2636711597442627,0.0007302100700233411,899.0,,,,,,,,,,,,,,0.3800933644548183,,,,,0.033241041004657745,5.066612720838748e-05
,imappo,,,,899.0,0.0,0.0,0.0025333062612844515,0.0,0.0,0.0,0.0,0.0025333062612844515,0.0,0.0,0.0,0.0,0.0,,,,,,,
,imappo,,,,899.0,,,,,,,,,,,,,,,0.0,0.0,0.0,0.0,,
0.0032490859739482403,imappo,1.5596705793541332e-07,-1.581243634223938,0.0007299099699899967,900.0,,,,,,,,,,,,,,0.37995998666222075,,,,,0.0244581438601017,9.122700430452824e-05
,imappo,,,,900.0,0.0,0.0,0.004561350218864391,0.0,0.0,0.0,0.0,0.004561350218864391,0.0,0.0,0.0,0.0,0.0,,,,,,,
-0.0038964315317571163,imappo,1.4330134945339523e-07,-0.21929773688316345,0.0007296098699566523,901.0,,,,,,,,,,,,,,0.3798266088696232,,,,,0.02727813459932804,6.940139428479597e-05
,imappo,,,,901.0,0.0,0.0,0.0034700696074310144,0.0,0.0,0.0,0.0,0.0034700696074310144,0.0,0.0,0.0,0.0,0.0,,,,,,,
-0.0081002376973629,imappo,1.7553604791942234e-08,-0.21503020823001862,0.0007293097699233079,902.0,,,,,,,,,,,,,,0.3796932310770257,,,,,0.031113475561141968,4.6713637857465073e-05
,imappo,,,,902.0,0.0,0.0,0.002335681966314951,0.0,0.0,0.0,0.0,0.002335681966314951,0.0,0.0,0.0,0.0,0.0,,,,,,,
-0.00815411563962698,imappo,1.136949112634511e-08,-0.16461242735385895,0.0007290096698899634,903.0,,,,,,,,,,,,,,0.37955985328442815,,,,,0.031104382127523422,3.8637168472632766e-05
,imappo,,,,903.0,0.0,0.0,0.0019318585148084821,0.0,0.0,0.0,0.0,0.0019318585148084821,0.0,0.0,0.0,0.0,0.0,,,,,,,
0.06856338679790497,imappo,5.996152196985349e-08,-1.68580162525177,0.0007287095698566189,904.0,,,,,,,,,,,,,,0.3794264754918306,,,,,0.023239707574248314,9.76601877482608e-05
,imappo,,,,904.0,0.0,0.0,0.004883009489276446,0.0,0.0,0.0,0.0,0.004883009489276446,0.0,0.0,0.0,0.0,0.0,,,,,,,
-0.0038323639892041683,imappo,1.4299519790483828e-08,-0.16944365203380585,0.0007284094698232744,905.0,,,,,,,,,,,,,,0.3792930976992331,,,,,0.029553430154919624,4.220763730700128e-05
,imappo,,,,905.0,0.0,0.0,0.002110381920715554,0.0,0.0,0.0,0.0,0.002110381920715554,0.0,0.0,0.0,0.0,0.0,,,,,,,
0.00024308098363690078,imappo,1.0545488038360418e-08,-0.5359449982643127,0.00072810936978993,906.0,,,,,,,,,,,,,,0.37915971990663555,,,,,0.029309293255209923,4.0210001316154376e-05
,imappo,,,,906.0,0.0,0.0,0.002010500021071948,0.0,0.0,0.0,0.0,0.002010500021071948,0.0,0.0,0.0,0.0,0.0,,,,,,,
-0.009937544353306293,imappo,8.435736731371435e-08,-0.9093225002288818,0.0007278092697565856,907.0,,,,,,,,,,,,,,0.379026342114038,,,,,0.029433391988277435,6.076298814150505e-05
,imappo,,,,907.0,0.0,0.0,0.003038149397525558,0.0,0.0,0.0,0.0,0.003038149397525558,0.0,0.0,0.0,0.0,0.0,,,,,,,
0.0049647134728729725,imappo,1.0134291272834162e-07,-0.9316956400871277,0.0007275091697232411,908.0,,,,,,,,,,,,,,0.3788929643214405,,,,,0.031001554802060127,6.126139487605542e-05
,imappo,,,,908.0,0.0,0.0,0.0030630698756795027,0.0,0.0,0.0,0.0,0.0030630698756795027,0.0,0.0,0.0,0.0,0.0,,,,,,,
-0.012089675292372704,imappo,3.81524714043735e-08,-0.5922278165817261,0.0007272090696898966,909.0,,,,,,,,,,,,,,0.37875958652884295,,,,,0.03087908960878849,5.5047614296199754e-05
,imappo,,,,909.0,0.0,0.0,0.0027523807766556274,0.0,0.0,0.0,0.0,0.0027523807766556274,0.0,0.0,0.0,0.0,0.0,,,,,,,
-0.006600148044526577,imappo,1.939785931881488e-08,-1.188218593597412,0.0007269089696565522,910.0,,,,,,,,,,,,,,0.3786262087362454,,,,,0.028711657971143723,6.521496834466234e-05
,imappo,,,,910.0,0.0,0.0,0.0032607483593665165,0.0,0.0,0.0,0.0,0.0032607483593665165,0.0,0.0,0.0,0.0,0.0,,,,,,,
-0.003149584401398897,imappo,1.8205176033347925e-08,-1.1902819871902466,0.0007266088696232078,911.0,,,,,,,,,,,,,,0.3784928309436479,,,,,0.027886811643838882,8.443059050478041e-05
,imappo,,,,911.0,0.0,0.0,0.00422152983082924,0.0,0.0,0.0,0.0,0.00422152983082924,0.0,0.0,0.0,0.0,0.0,,,,,,,
-0.008104837499558926,imappo,1.6192354124200392e-08,-0.20024390518665314,0.0007263087695898634,912.0,,,,,,,,,,,,,,0.37835945315105035,,,,,0.030153334140777588,5.9304653404979035e-05
,imappo,,,,912.0,0.0,0.0,0.0029652325065399054,0.0,0.0,0.0,0.0,0.0029652325065399054,0.0,0.0,0.0,0.0,0.0,,,,,,,
-0.006917799822986126,imappo,1.4012019988740576e-08,-0.5163805484771729,0.0007260086695565188,913.0,,,,,,,,,,,,,,0.3782260753584528,,,,,0.03082730621099472,5.443581540021114e-05
,imappo,,,,913.0,0.0,0.0,0.0027217908672696467,0.0,0.0,0.0,0.0,0.0027217908672696467,0.0,0.0,0.0,0.0,0.0,,,,,,,
-0.0024544293992221355,imappo,4.992162772055053e-08,-0.5377248525619507,0.0007257085695231744,914.0,,,,,,,,,,,,,,0.3780926975658553,,,,,0.029072407633066177,5.260516263660975e-05
,imappo,,,,914.0,0.0,0.0,0.0026302582614334824,0.0,0.0,0.0,0.0,0.0026302582614334824,0.0,0.0,0.0,0.0,0.0,,,,,,,
0.014508215710520744,imappo,3.352680977286582e-08,-1.4237091541290283,0.00072540846948983,915.0,,,,,,,,,,,,,,0.37795931977325775,,,,,0.029014412313699722,7.251257920870557e-05
,imappo,,,,915.0,0.0,0.0,0.003625629096859484,0.0,0.0,0.0,0.0,0.003625629096859484,0.0,0.0,0.0,0.0,0.0,,,,,,,
-0.006191187538206577,imappo,2.4355269800935275e-08,-0.2600460946559906,0.0007251083694564855,916.0,,,,,,,,,,,,,,0.3778259419806602,,,,,0.029034091159701347,5.835258343722671e-05
,imappo,,,,916.0,0.0,0.0,0.0029176291300245794,0.0,0.0,0.0,0.0,0.0029176291300245794,0.0,0.0,0.0,0.0,0.0,,,,,,,
0.003087529679760337,imappo,4.4156296397090955e-09,-0.40668579936027527,0.0007248082694231411,917.0,,,,,,,,,,,,,,0.3776925641880627,,,,,0.03271882236003876,6.281027890508994e-05
,imappo,,,,917.0,0.0,0.0,0.003140513821165314,0.0,0.0,0.0,0.0,0.003140513821165314,0.0,0.0,0.0,0.0,0.0,,,,,,,
-0.004251311998814344,imappo,5.790533386118568e-09,-0.39494818449020386,0.0007245081693897967,918.0,,,,,,,,,,,,,,0.37755918639546515,,,,,0.029102768748998642,5.965102536720224e-05
,imappo,,,,918.0,0.0,0.0,0.002982551097375108,0.0,0.0,0.0,0.0,0.002982551097375108,0.0,0.0,0.0,0.0,0.0,,,,,,,
-0.0029811777640134096,imappo,3.4015681649179896e-07,-0.20394322276115417,0.0007242080693564522,919.0,,,,,,,,,,,,,,0.3774258086028676,,,,,0.02760322578251362,0.00010600399400573224
,imappo,,,,919.0,0.0,0.0,0.0053001997930550715,0.0,0.0,0.0,0.0,0.0053001997930550715,0.0,0.0,0.0,0.0,0.0,,,,,,,
-0.009524212218821049,imappo,6.16123108088118e-09,-0.5768146514892578,0.0007239079693231077,920.0,,,,,,,,,,,,,,0.3772924308102701,,,,,0.02930852770805359,4.7378303861478344e-05
,imappo,,,,920.0,0.0,0.0,0.002368915161014229,0.0,0.0,0.0,0.0,0.002368915161014229,0.0,0.0,0.0,0.0,0.0,,,,,,,
-0.014896431006491184,imappo,2.5218265253812433e-09,-0.2424829602241516,0.0007236078692897632,921.0,,,,,,,,,,,,,,0.37715905301767255,,,,,0.027413655072450638,4.969096335116774e-05
,imappo,,,,921.0,0.0,0.0,0.0024845482007549435,0.0,0.0,0.0,0.0,0.0024845482007549435,0.0,0.0,0.0,0.0,0.0,,,,,,,
-0.0014832234010100365,imappo,6.7532073266818315e-09,-1.0293599367141724,0.0007233077692564188,922.0,,,,,,,,,,,,,,0.377025675225075,,,,,0.029017923399806023,5.501671330421232e-05
,imappo,,,,922.0,0.0,0.0,0.0027508356624821317,0.0,0.0,0.0,0.0,0.0027508356624821317,0.0,0.0,0.0,0.0,0.0,,,,,,,
-0.0016171529423445463,imappo,1.2627192624847794e-08,-0.06167454272508621,0.0007230076692230744,923.0,,,,,,,,,,,,,,0.3768922974324775,,,,,0.02686883881688118,6.044849578756839e-05
,imappo,,,,923.0,0.0,0.0,0.0030224247725527675,0.0,0.0,0.0,0.0,0.0030224247725527675,0.0,0.0,0.0,0.0,0.0,,,,,,,
-0.0030921469442546368,imappo,1.5291977462084105e-08,-1.5137721300125122,0.0007227075691897299,924.0,,,,,,,,,,,,,,0.37675891963987995,,,,,0.027803640812635422,7.555356569355354e-05
,imappo,,,,924.0,0.0,0.0,0.0037776785377445776,0.0,0.0,0.0,0.0,0.0037776785377445776,0.0,0.0,0.0,0.0,0.0,,,,,,,
-0.0018683259841054678,imappo,8.519881689039721e-09,-0.9527555108070374,0.0007224074691563855,925.0,,,,,,,,,,,,,,0.3766255418472824,,,,,0.03202061355113983,5.837362550664693e-05
,imappo,,,,925.0,0.0,0.0,0.0029186812625994207,0.0,0.0,0.0,0.0,0.0029186812625994207,0.0,0.0,0.0,0.0,0.0,,,,,,,
-0.0011367772240191698,imappo,5.58847146336916e-09,-1.1334812641143799,0.000722107369123041,926.0,,,,,,,,,,,,,,0.3764921640546849,,,,,0.02943684346973896,7.940203067846596e-05
,imappo,,,,926.0,0.0,0.0,0.003970101351342237,0.0,0.0,0.0,0.0,0.003970101351342237,0.0,0.0,0.0,0.0,0.0,,,,,,,
-0.0010935680475085974,imappo,1.6308417727373126e-08,-0.7293604016304016,0.0007218072690896966,927.0,,,,,,,,,,,,,,0.37635878626208735,,,,,0.02955550327897072,5.249292007647455e-05
,imappo,,,,927.0,0.0,0.0,0.002624646035656042,0.0,0.0,0.0,0.0,0.002624646035656042,0.0,0.0,0.0,0.0,0.0,,,,,,,
-0.009608406573534012,imappo,2.8362769910472707e-08,-0.4094045162200928,0.0007215071690563522,928.0,,,,,,,,,,,,,,0.3762254084694898,,,,,0.032153643667697906,4.2518564441706985e-05
,imappo,,,,928.0,0.0,0.0,0.0021259282007122238,0.0,0.0,0.0,0.0,0.0021259282007122238,0.0,0.0,0.0,0.0,0.0,,,,,,,
0.006240972317755222,imappo,2.6253303531120764e-08,-1.7716928720474243,0.0007212070690230078,929.0,,,,,,,,,,,,,,0.3760920306768923,,,,,0.023976072669029236,8.995784446597099e-05
,imappo,,,,929.0,0.0,0.0,0.004497891981372959,0.0,0.0,0.0,0.0,0.004497891981372959,0.0,0.0,0.0,0.0,0.0,,,,,,,
-0.0021261386573314667,imappo,2.868838322456213e-08,-1.3974767923355103,0.0007209069689896632,930.0,,,,,,,,,,,,,,0.37595865288429475,,,,,0.02742537297308445,7.20378229743801e-05
,imappo,,,,930.0,0.0,0.0,0.0036018909413542133,0.0,0.0,0.0,0.0,0.0036018909413542133,0.0,0.0,0.0,0.0,0.0,,,,,,,
-0.009437897242605686,imappo,4.111468143719321e-08,-0.6708843111991882,0.0007206068689563187,931.0,,,,,,,,,,,,,,0.3758252750916972,,,,,0.027765341103076935,5.017168223275803e-05
,imappo,,,,931.0,0.0,0.0,0.00250858419258293,0.0,0.0,0.0,0.0,0.00250858419258293,0.0,0.0,0.0,0.0,0.0,,,,,,,
-0.001710165524855256,imappo,3.7495670568432615e-08,-0.6397638916969299,0.0007203067689229743,932.0,,,,,,,,,,,,,,0.3756918972990997,,,,,0.03117765113711357,5.621537638944574e-05
,imappo,,,,932.0,0.0,0.0,0.002810768820438625,0.0,0.0,0.0,0.0,0.002810768820438625,0.0,0.0,0.0,0.0,0.0,,,,,,,
-0.0002735273737926036,imappo,6.238487770815482e-08,-0.47815611958503723,0.0007200066688896299,933.0,,,,,,,,,,,,,,0.37555851950650215,,,,,0.027697432786226273,6.140951154520735e-05
,imappo,,,,933.0,0.0,0.0,0.0030704755062345157,0.0,0.0,0.0,0.0,0.0030704755062345157,0.0,0.0,0.0,0.0,0.0,,,,,,,
0.016114678233861923,imappo,6.07261085860955e-08,-1.6390420198440552,0.0007197065688562855,934.0,,,,,,,,,,,,,,0.3754251417139046,,,,,0.02720452845096588,9.282293467549607e-05
,imappo,,,,934.0,0.0,0.0,0.004641146533685969,0.0,0.0,0.0,0.0,0.004641146533685969,0.0,0.0,0.0,0.0,0.0,,,,,,,
0.019859015941619873,imappo,1.198382761913308e-07,-1.652675747871399,0.000719406468822941,935.0,,,,,,,,,,,,,,0.3752917639213071,,,,,0.0297434963285923,6.622818909818307e-05
,imappo,,,,935.0,0.0,0.0,0.003311409654088493,0.0,0.0,0.0,0.0,0.003311409654088493,0.0,0.0,0.0,0.0,0.0,,,,,,,
-0.001289681880734861,imappo,1.31242856582503e-07,-0.4035470187664032,0.0007191063687895966,936.0,,,,,,,,,,,,,,0.37515838612870955,,,,,0.029079727828502655,5.2480878366623074e-05
,imappo,,,,936.0,0.0,0.0,0.0026240439501634683,0.0,0.0,0.0,0.0,0.0026240439501634683,0.0,0.0,0.0,0.0,0.0,,,,,,,
-0.011716838926076889,imappo,3.8142264457974306e-08,-0.8289721608161926,0.0007188062687562521,937.0,,,,,,,,,,,,,,0.375025008336112,,,,,0.029780486598610878,5.0315517000854015e-05
,imappo,,,,937.0,0.0,0.0,0.0025157756135740783,0.0,0.0,0.0,0.0,0.0025157756135740783,0.0,0.0,0.0,0.0,0.0,,,,,,,
0.0027334168553352356,imappo,2.3959300321507726e-08,-0.7569539546966553,0.0007185061687229077,938.0,,,,,,,,,,,,,,0.3748916305435145,,,,,0.02940899133682251,5.16896543558687e-05
,imappo,,,,938.0,0.0,0.0,0.0025844826752745576,0.0,0.0,0.0,0.0,0.0025844826752745576,0.0,0.0,0.0,0.0,0.0,,,,,,,
-0.0036432286724448204,imappo,1.8565662784908454e-08,-1.0961512327194214,0.0007182060686895632,939.0,,,,,,,,,,,,,,0.37475825275091695,,,,,0.030584152787923813,5.9504523960640654e-05
,imappo,,,,939.0,0.0,0.0,0.0029752261771136546,0.0,0.0,0.0,0.0,0.0029752261771136546,0.0,0.0,0.0,0.0,0.0,,,,,,,
-0.009833533316850662,imappo,1.247653447222774e-08,-0.754107654094696,0.0007179059686562188,940.0,,,,,,,,,,,,,,0.3746248749583194,,,,,0.02837023325264454,5.023387348046526e-05
,imappo,,,,940.0,0.0,0.0,0.0025116937613347545,0.0,0.0,0.0,0.0,0.0025116937613347545,0.0,0.0,0.0,0.0,0.0,,,,,,,
0.0004680724232457578,imappo,1.1631604124318073e-08,-1.7713590860366821,0.0007176058686228743,941.0,,,,,,,,,,,,,,0.3744914971657219,,,,,0.02744249626994133,7.390594691969454e-05
,imappo,,,,941.0,0.0,0.0,0.0036952973387087695,0.0,0.0,0.0,0.0,0.0036952973387087695,0.0,0.0,0.0,0.0,0.0,,,,,,,
-0.002568694995716214,imappo,1.3216058469822656e-08,-0.7618263363838196,0.0007173057685895298,942.0,,,,,,,,,,,,,,0.37435811937312435,,,,,0.02713155932724476,4.8546808102400973e-05
,imappo,,,,942.0,0.0,0.0,0.0024273404815176036,0.0,0.0,0.0,0.0,0.0024273404815176036,0.0,0.0,0.0,0.0,0.0,,,,,,,
0.0009576476295478642,imappo,9.105162845912673e-09,-0.4858863353729248,0.0007170056685561854,943.0,,,,,,,,,,,,,,0.3742247415805268,,,,,0.029472339898347855,5.259840327198617e-05
,imappo,,,,943.0,0.0,0.0,0.0026299199907953152,0.0,0.0,0.0,0.0,0.0026299199907953152,0.0,0.0,0.0,0.0,0.0,,,,,,,
0.014679218642413616,imappo,2.1170148301052905e-08,-1.6435878276824951,0.000716705568522841,944.0,,,,,,,,,,,,,,0.3740913637879293,,,,,0.02568080648779869,8.563393930671737e-05
,imappo,,,,944.0,0.0,0.0,0.004281696741145424,0.0,0.0,0.0,0.0,0.004281696741145424,0.0,0.0,0.0,0.0,0.0,,,,,,,
-0.005165543407201767,imappo,5.65849553879616e-08,-1.1874587535858154,0.0007164054684894966,945.0,,,,,,,,,,,,,,0.3739579859953318,,,,,0.030149612575769424,6.124503124738112e-05
,imappo,,,,945.0,0.0,0.0,0.0030622515118921,0.0,0.0,0.0,0.0,0.0030622515118921,0.0,0.0,0.0,0.0,0.0,,,,,,,
0.009899970144033432,imappo,2.4082568828021067e-08,-1.6629551649093628,0.0007161053684561521,946.0,,,,,,,,,,,,,,0.3738246082027342,,,,,0.028503132984042168,5.889220119570382e-05
,imappo,,,,946.0,0.0,0.0,0.002944609913356544,0.0,0.0,0.0,0.0,0.002944609913356544,0.0,0.0,0.0,0.0,0.0,,,,,,,
-0.006235435605049133,imappo,2.4752930372073934e-08,-1.0042638778686523,0.0007158052684228077,947.0,,,,,,,,,,,,,,0.37369123041013674,,,,,0.029602695256471634,5.7171018852386624e-05
,imappo,,,,947.0,0.0,0.0,0.0028585510250422885,0.0,0.0,0.0,0.0,0.0028585510250422885,0.0,0.0,0.0,0.0,0.0,,,,,,,
0.0066811502911150455,imappo,2.6037080047558447e-08,-0.5070013999938965,0.0007155051683894631,948.0,,,,,,,,,,,,,,0.37355785261753915,,,,,0.03230015188455582,5.209002483752556e-05
,imappo,,,,948.0,0.0,0.0,0.0026045014665214694,0.0,0.0,0.0,0.0,0.0026045014665214694,0.0,0.0,0.0,0.0,0.0,,,,,,,
-0.003669699653983116,imappo,6.15175963503134e-08,-1.257832407951355,0.0007152050683561187,949.0,,,,,,,,,,,,,,0.3734244748249417,,,,,0.03215065598487854,6.102025872678496e-05
,imappo,,,,949.0,0.0,0.0,0.0030510126222225153,0.0,0.0,0.0,0.0,0.0030510126222225153,0.0,0.0,0.0,0.0,0.0,,,,,,,
0.015884215012192726,imappo,2.159725909223198e-08,-1.4329959154129028,0.0007149049683227743,950.0,,,,,,,,,,,,,,0.3732910970323441,,,,,0.02791479602456093,7.376999565167353e-05
,imappo,,,,950.0,0.0,0.0,0.003688499804411549,0.0,0.0,0.0,0.0,0.003688499804411549,0.0,0.0,0.0,0.0,0.0,,,,,,,
0.0002532356884330511,imappo,3.3667035825857283e-09,-1.245151162147522,0.0007146048682894299,951.0,,,,,,,,,,,,,,0.3731577192397466,,,,,0.03050110675394535,5.912014239584096e-05
,imappo,,,,951.0,0.0,0.0,0.0029560070515799453,0.0,0.0,0.0,0.0,0.0029560070515799453,0.0,0.0,0.0,0.0,0.0,,,,,,,
-0.008915331214666367,imappo,8.251683780713392e-09,-0.5493273138999939,0.0007143047682560854,952.0,,,,,,,,,,,,,,0.373024341447149,,,,,0.03363482654094696,6.2222832639236e-05
,imappo,,,,952.0,0.0,0.0,0.003111141559202224,0.0,0.0,0.0,0.0,0.003111141559202224,0.0,0.0,0.0,0.0,0.0,,,,,,,
0.02317482978105545,imappo,8.708352261521668e-09,-2.0398707389831543,0.0007140046682227409,953.0,,,,,,,,,,,,,,0.37289096365455154,,,,,0.026440035551786423,7.219611870823428e-05
,imappo,,,,953.0,0.0,0.0,0.0036098056625633035,0.0,0.0,0.0,0.0,0.0036098056625633035,0.0,0.0,0.0,0.0,0.0,,,,,,,
0.019107278436422348,imappo,1.3482297944733546e-08,-2.041982650756836,0.0007137045681893965,954.0,,,,,,,,,,,,,,0.37275758586195396,,,,,0.02495143935084343,7.25256250007078e-05
,imappo,,,,954.0,0.0,0.0,0.0036262810754124075,0.0,0.0,0.0,0.0,0.0036262810754124075,0.0,0.0,0.0,0.0,0.0,,,,,,,
-0.006773651577532291,imappo,3.2423535856196395e-08,-1.2600380182266235,0.0007134044681560521,955.0,,,,,,,,,,,,,,0.3726242080693565,,,,,0.028609924018383026,5.9231864725006744e-05
,imappo,,,,955.0,0.0,0.0,0.002961592987048789,0.0,0.0,0.0,0.0,0.002961592987048789,0.0,0.0,0.0,0.0,0.0,,,,,,,
0.001623720396310091,imappo,6.9194281415718706e-09,-1.4516743421554565,0.0007131043681227077,956.0,,,,,,,,,,,,,,0.3724908302767589,,,,,0.026856642216444016,6.731788744218647e-05
,imappo,,,,956.0,0.0,0.0,0.00336589432299661,0.0,0.0,0.0,0.0,0.00336589432299661,0.0,0.0,0.0,0.0,0.0,,,,,,,
-0.010560574010014534,imappo,5.578700879027565e-08,-0.6668025851249695,0.0007128042680893631,957.0,,,,,,,,,,,,,,0.3723574524841614,,,,,0.02929263561964035,5.234268610365689e-05
,imappo,,,,957.0,0.0,0.0,0.0026171343470196007,0.0,0.0,0.0,0.0,0.0026171343470196007,0.0,0.0,0.0,0.0,0.0,,,,,,,
-0.006540575530380011,imappo,9.582565851928848e-09,-0.5426356792449951,0.0007125041680560186,958.0,,,,,,,,,,,,,,0.3722240746915638,,,,,0.03286515176296234,5.9722628066083416e-05
,imappo,,,,958.0,0.0,0.0,0.0029861315451853443,0.0,0.0,0.0,0.0,0.0029861315451853443,0.0,0.0,0.0,0.0,0.0,,,,,,,
0.008505069650709629,imappo,2.6844126921332645e-08,-0.47173812985420227,0.0007122040680226742,959.0,,,,,,,,,,,,,,0.37209069689896634,,,,,0.02845459058880806,6.197925540618598e-05
,imappo,,,,959.0,0.0,0.0,0.0030989629885880277,0.0,0.0,0.0,0.0,0.0030989629885880277,0.0,0.0,0.0,0.0,0.0,,,,,,,
-0.003029710380360484,imappo,7.355695164079634e-09,-1.1923128366470337,0.0007119039679893298,960.0,,,,,,,,,,,,,,0.37195731910636876,,,,,0.02782636694610119,6.030366785125807e-05
,imappo,,,,960.0,0.0,0.0,0.003015183366414931,0.0,0.0,0.0,0.0,0.003015183366414931,0.0,0.0,0.0,0.0,0.0,,,,,,,
-0.002784030046314001,imappo,4.306476952820049e-09,-1.413344144821167,0.0007116038679559854,961.0,,,,,,,,,,,,,,0.3718239413137713,,,,,0.025795351713895798,6.144111102912575e-05
,imappo,,,,961.0,0.0,0.0,0.0030720554345862183,0.0,0.0,0.0,0.0,0.0030720554345862183,0.0,0.0,0.0,0.0,0.0,,,,,,,
-0.0008159632561728358,imappo,6.65170984959218e-09,-1.110066294670105,0.000711303767922641,962.0,,,,,,,,,,,,,,0.3716905635211737,,,,,0.02681124582886696,5.8057306887349114e-05
,imappo,,,,962.0,0.0,0.0,0.0029028654280409683,0.0,0.0,0.0,0.0,0.0029028654280409683,0.0,0.0,0.0,0.0,0.0,,,,,,,
-0.004835561849176884,imappo,5.13566611459737e-09,-0.7488889694213867,0.0007110036678892965,963.0,,,,,,,,,,,,,,0.3715571857285762,,,,,0.029720408841967583,5.113131192047149e-05
,imappo,,,,963.0,0.0,0.0,0.0025565657369952532,0.0,0.0,0.0,0.0,0.0025565657369952532,0.0,0.0,0.0,0.0,0.0,,,,,,,
0.0074661471880972385,imappo,4.47114967272455e-09,-0.7661110758781433,0.000710703567855952,964.0,,,,,,,,,,,,,,0.3714238079359786,,,,,0.027868568897247314,4.7324476327048615e-05
,imappo,,,,964.0,0.0,0.0,0.0023662237722419377,0.0,0.0,0.0,0.0,0.0023662237722419377,0.0,0.0,0.0,0.0,0.0,,,,,,,
-0.002089770045131445,imappo,9.041071891147112e-09,-1.273675560951233,0.0007104034678226076,965.0,,,,,,,,,,,,,,0.37129043014338114,,,,,0.029654797166585922,5.7733970606932417e-05
,imappo,,,,965.0,0.0,0.0,0.002886698721340508,0.0,0.0,0.0,0.0,0.002886698721340508,0.0,0.0,0.0,0.0,0.0,,,,,,,
0.015993738546967506,imappo,1.6256343826626107e-08,-1.6200621128082275,0.0007101033677892631,966.0,,,,,,,,,,,,,,0.37115705235078356,,,,,0.025106556713581085,7.952125451993197e-05
,imappo,,,,966.0,0.0,0.0,0.0039760626384577336,0.0,0.0,0.0,0.0,0.0039760626384577336,0.0,0.0,0.0,0.0,0.0,,,,,,,
0.0017917421646416187,imappo,3.415485139157681e-08,-0.6511127948760986,0.0007098032677559187,967.0,,,,,,,,,,,,,,0.3710236745581861,,,,,0.032099734991788864,5.592025991063565e-05
,imappo,,,,967.0,0.0,0.0,0.0027960128973063547,0.0,0.0,0.0,0.0,0.0027960128973063547,0.0,0.0,0.0,0.0,0.0,,,,,,,
-0.006397458259016275,imappo,1.1230650898141903e-07,-0.3994888961315155,0.0007095031677225742,968.0,,,,,,,,,,,,,,0.3708902967655885,,,,,0.031364478170871735,0.00010933967132586986
,imappo,,,,968.0,0.0,0.0,0.005466983817768778,0.0,0.0,0.0,0.0,0.005466983817768778,0.0,0.0,0.0,0.0,0.0,,,,,,,
0.0048466334119439125,imappo,8.11432343539309e-09,-1.019730567932129,0.0007092030676892297,969.0,,,,,,,,,,,,,,0.370756918972991,,,,,0.02888188697397709,5.4958210967015475e-05
,imappo,,,,969.0,0.0,0.0,0.002747910704329115,0.0,0.0,0.0,0.0,0.002747910704329115,0.0,0.0,0.0,0.0,0.0,,,,,,,
-0.0035284999758005142,imappo,1.7602387103465844e-08,-1.251734972000122,0.0007089029676558853,970.0,,,,,,,,,,,,,,0.3706235411803934,,,,,0.029128899797797203,5.522361971088685e-05
,imappo,,,,970.0,0.0,0.0,0.0027611809910013108,0.0,0.0,0.0,0.0,0.0027611809910013108,0.0,0.0,0.0,0.0,0.0,,,,,,,
0.0010898569598793983,imappo,1.0979334774674498e-08,-0.359902560710907,0.0007086028676225409,971.0,,,,,,,,,,,,,,0.37049016338779595,,,,,0.029215138405561447,5.548632543650456e-05
,imappo,,,,971.0,0.0,0.0,0.0027743163427658146,0.0,0.0,0.0,0.0,0.0027743163427658146,0.0,0.0,0.0,0.0,0.0,,,,,,,
0.0043828245252370834,imappo,1.610584909883528e-08,-0.6565749645233154,0.0007083027675891965,972.0,,,,,,,,,,,,,,0.37035678559519836,,,,,0.030099159106612206,4.912928125122562e-05
,imappo,,,,972.0,0.0,0.0,0.002456463998385061,0.0,0.0,0.0,0.0,0.002456463998385061,0.0,0.0,0.0,0.0,0.0,,,,,,,
0.00021682598162442446,imappo,1.3068214066436212e-08,-1.9444917440414429,0.000708002667555852,973.0,,,,,,,,,,,,,,0.3702234078026009,,,,,0.02608705312013626,7.907926919870079e-05
,imappo,,,,973.0,0.0,0.0,0.003953963293497509,0.0,0.0,0.0,0.0,0.003953963293497509,0.0,0.0,0.0,0.0,0.0,,,,,,,
-0.010146715678274632,imappo,3.6462729724462406e-08,-0.799704372882843,0.0007077025675225076,974.0,,,,,,,,,,,,,,0.3700900300100033,,,,,0.028862953186035156,4.6176148316590115e-05
,imappo,,,,974.0,0.0,0.0,0.0023088072554173777,0.0,0.0,0.0,0.0,0.0023088072554173777,0.0,0.0,0.0,0.0,0.0,,,,,,,
0.008471604436635971,imappo,2.5524047320146792e-09,-0.7399454712867737,0.000707402467489163,975.0,,,,,,,,,,,,,,0.3699566522174058,,,,,0.03117476776242256,6.13804513704963e-05
,imappo,,,,975.0,0.0,0.0,0.0030690223939018324,0.0,0.0,0.0,0.0,0.0030690223939018324,0.0,0.0,0.0,0.0,0.0,,,,,,,
-0.002030991716310382,imappo,3.2691025442233013e-09,-0.6083965301513672,0.0007071023674558186,976.0,,,,,,,,,,,,,,0.3698232744248082,,,,,0.03176311403512955,5.312068242346868e-05
,imappo,,,,976.0,0.0,0.0,0.0026560343394521624,0.0,0.0,0.0,0.0,0.0026560343394521624,0.0,0.0,0.0,0.0,0.0,,,,,,,
0.0017543501453474164,imappo,1.3951373389886612e-09,-0.6409748196601868,0.0007068022674224742,977.0,,,,,,,,,,,,,,0.36968989663221075,,,,,0.031273502856492996,5.0836140871979296e-05
,imappo,,,,977.0,0.0,0.0,0.0025418069344596006,0.0,0.0,0.0,0.0,0.0025418069344596006,0.0,0.0,0.0,0.0,0.0,,,,,,,
-0.004970390349626541,imappo,1.5930827146348747e-07,-0.44954630732536316,0.0007065021673891298,978.0,,,,,,,,,,,,,,0.36955651883961316,,,,,0.02900616079568863,0.00011795815225923434
,imappo,,,,978.0,0.0,0.0,0.005897907713006134,0.0,0.0,0.0,0.0,0.005897907713006134,0.0,0.0,0.0,0.0,0.0,,,,,,,
-0.004672872833907604,imappo,8.23974204422484e-08,-0.40001600980758667,0.0007062020673557853,979.0,,,,,,,,,,,,,,0.3694231410470157,,,,,0.026053160429000854,0.00012017976405331865
,imappo,,,,979.0,0.0,0.0,0.006008987960740342,0.0,0.0,0.0,0.0,0.006008987960740342,0.0,0.0,0.0,0.0,0.0,,,,,,,
0.004301094450056553,imappo,1.495422630171106e-08,-1.7721189260482788,0.0007059019673224408,980.0,,,,,,,,,,,,,,0.3692897632544181,,,,,0.029962638393044472,7.225526496767998e-05
,imappo,,,,980.0,0.0,0.0,0.0036127633411524585,0.0,0.0,0.0,0.0,0.0036127633411524585,0.0,0.0,0.0,0.0,0.0,,,,,,,
-0.0073101697489619255,imappo,6.200717450610682e-08,-0.3558249771595001,0.0007056018672890964,981.0,,,,,,,,,,,,,,0.3691563854618206,,,,,0.028695950284600258,4.199946124572307e-05
,imappo,,,,981.0,0.0,0.0,0.002099973133539379,0.0,0.0,0.0,0.0,0.002099973133539379,0.0,0.0,0.0,0.0,0.0,,,,,,,
-0.0031791103538125753,imappo,7.692711534446062e-08,-0.4414427578449249,0.000705301767255752,982.0,,,,,,,,,,,,,,0.369023007669223,,,,,0.02088887244462967,0.00011088699102401733
,imappo,,,,982.0,0.0,0.0,0.005544349204228638,0.0,0.0,0.0,0.0,0.005544349204228638,0.0,0.0,0.0,0.0,0.0,,,,,,,
-0.003060442628338933,imappo,5.469787467404785e-08,-1.1098668575286865,0.0007050016672224076,983.0,,,,,,,,,,,,,,0.36888962987662555,,,,,0.030776889994740486,5.276624870020896e-05
,imappo,,,,983.0,0.0,0.0,0.002638312532724285,0.0,0.0,0.0,0.0,0.002638312532724285,0.0,0.0,0.0,0.0,0.0,,,,,,,
-0.002793972846120596,imappo,2.069987772301829e-07,-0.8895781636238098,0.000704701567189063,984.0,,,,,,,,,,,,,,0.36875625208402796,,,,,0.03180019557476044,2.7671550924424082e-05
,imappo,,,,984.0,0.0,0.0,0.0013835775002917217,0.0,0.0,0.0,0.0,0.0013835775002917217,0.0,0.0,0.0,0.0,0.0,,,,,,,
-0.00022565879044122994,imappo,8.932666872851769e-08,-0.40874454379081726,0.0007044014671557186,985.0,,,,,,,,,,,,,,0.3686228742914305,,,,,0.02864258736371994,-1.4154815062283888e-06
,imappo,,,,985.0,0.0,0.0,-7.077406166899891e-05,0.0,0.0,0.0,0.0,-7.077406166899891e-05,0.0,0.0,0.0,0.0,0.0,,,,,,,
0.011265218257904053,imappo,4.1307973219772975e-07,-1.3496718406677246,0.0007041013671223741,986.0,,,,,,,,,,,,,,0.3684894964988329,,,,,0.0276962798088789,5.3972726163920015e-05
,imappo,,,,986.0,0.0,0.0,0.002698636235294316,0.0,0.0,0.0,0.0,0.002698636235294316,0.0,0.0,0.0,0.0,0.0,,,,,,,
-0.005510117392987013,imappo,2.019407503439652e-07,-1.0116698741912842,0.0007038012670890297,987.0,,,,,,,,,,,,,,0.3683561187062354,,,,,0.030909813940525055,1.6066740499809384e-05
,imappo,,,,987.0,0.0,0.0,0.0008033369873601259,0.0,0.0,0.0,0.0,0.0008033369873601259,0.0,0.0,0.0,0.0,0.0,,,,,,,
0.015559344552457333,imappo,3.633973335581686e-07,-1.499712586402893,0.0007035011670556853,988.0,,,,,,,,,,,,,,0.3682227409136378,,,,,0.028516294434666634,6.741697143297642e-05
,imappo,,,,988.0,0.0,0.0,0.0033708482933434425,0.0,0.0,0.0,0.0,0.0033708482933434425,0.0,0.0,0.0,0.0,0.0,,,,,,,
0.003739059902727604,imappo,7.14620611574901e-08,-2.0033485889434814,0.0007032010670223409,989.0,,,,,,,,,,,,,,0.36808936312104035,,,,,0.029534772038459778,7.967235433170572e-05
,imappo,,,,989.0,0.0,0.0,0.003983617494668579,0.0,0.0,0.0,0.0,0.003983617494668579,0.0,0.0,0.0,0.0,0.0,,,,,,,
-0.0038072613533586264,imappo,2.531755605161834e-08,-1.1013151407241821,0.0007029009669889964,990.0,,,,,,,,,,,,,,0.3679559853284428,,,,,0.029322031885385513,5.905830767005682e-05
,imappo,,,,990.0,0.0,0.0,0.0029529155926866224,0.0,0.0,0.0,0.0,0.0029529155926866224,0.0,0.0,0.0,0.0,0.0,,,,,,,
-0.00484974030405283,imappo,2.3613869970517953e-08,-1.4087907075881958,0.0007026008669556519,991.0,,,,,,,,,,,,,,0.3678226075358453,,,,,0.03171778470277786,6.020215369062498e-05
,imappo,,,,991.0,0.0,0.0,0.003010107828231412,0.0,0.0,0.0,0.0,0.003010107828231412,0.0,0.0,0.0,0.0,0.0,,,,,,,
0.030696412548422813,imappo,3.800763437311616e-08,-2.3049657344818115,0.0007023007669223074,992.0,,,,,,,,,,,,,,0.36768922974324775,,,,,0.023505885154008865,8.407120913034305e-05
,imappo,,,,992.0,0.0,0.0,0.004203560290989117,0.0,0.0,0.0,0.0,0.004203560290989117,0.0,0.0,0.0,0.0,0.0,,,,,,,
-0.012154963798820972,imappo,3.299868467365741e-08,-0.4985687732696533,0.000702000666888963,993.0,,,,,,,,,,,,,,0.3675558519506502,,,,,0.03206850588321686,4.569206066662446e-05
,imappo,,,,993.0,0.0,0.0,0.0022846028842025135,0.0,0.0,0.0,0.0,0.0022846028842025135,0.0,0.0,0.0,0.0,0.0,,,,,,,
0.00033143674954771996,imappo,4.498252081930332e-08,-1.9453381299972534,0.0007017005668556186,994.0,,,,,,,,,,,,,,0.3674224741580527,,,,,0.02812081202864647,7.257905235746875e-05
,imappo,,,,994.0,0.0,0.0,0.0036289526069595013,0.0,0.0,0.0,0.0,0.0036289526069595013,0.0,0.0,0.0,0.0,0.0,,,,,,,
-0.004777709022164345,imappo,2.0053128935160203e-08,-0.6564602851867676,0.0007014004668222741,995.0,,,,,,,,,,,,,,0.36728909636545515,,,,,0.031175658106803894,4.5727250835625455e-05
,imappo,,,,995.0,0.0,0.0,0.0022863623771627317,0.0,0.0,0.0,0.0,0.0022863623771627317,0.0,0.0,0.0,0.0,0.0,,,,,,,
0.004320182837545872,imappo,3.863178221763519e-08,-1.938733696937561,0.0007011003667889297,996.0,,,,,,,,,,,,,,0.3671557185728576,,,,,0.027183379977941513,6.847973418189213e-05
,imappo,,,,996.0,0.0,0.0,0.0034239865217386978,0.0,0.0,0.0,0.0,0.0034239865217386978,0.0,0.0,0.0,0.0,0.0,,,,,,,
-0.00576612027361989,imappo,2.9147521729555592e-08,-0.6222257018089294,0.0007008002667555852,997.0,,,,,,,,,,,,,,0.3670223407802601,,,,,0.02961244061589241,0.00010083219240186736
,imappo,,,,997.0,0.0,0.0,0.0050416093093872405,0.0,0.0,0.0,0.0,0.0050416093093872405,0.0,0.0,0.0,0.0,0.0,,,,,,,
-0.003348423633724451,imappo,7.705462223839277e-08,-0.6564332842826843,0.0007005001667222408,998.0,,,,,,,,,,,,,,0.36688896298766255,,,,,0.030539589002728462,4.31281077908352e-05
,imappo,,,,998.0,0.0,0.0,0.0021564054522968945,0.0,0.0,0.0,0.0,0.0021564054522968945,0.0,0.0,0.0,0.0,0.0,,,,,,,
-0.006127023138105869,imappo,7.508378807585814e-09,-0.6485998034477234,0.0007002000666888964,999.0,,,,,,,,,,,,,,0.366755585195065,,,,,0.029653634876012802,4.7413013817276806e-05
,imappo,,,,999.0,0.0,0.0,0.0023706505666041267,0.0,0.0,0.0,0.0,0.0023706505666041267,0.0,0.0,0.0,0.0,0.0,,,,,,,
,imappo,,,,999.0,,,,,,,,,,,,,,,0.0,0.0,0.0,0.0,,
0.008826354518532753,imappo,1.4855169538918744e-08,-1.776232123374939,0.000699899966655552,1000.0,,,,,,,,,,,,,,0.3666222074024675,,,,,0.02738579548895359,7.727518823230639e-05
,imappo,,,,1000.0,0.0,0.0,0.0038637593897874467,0.0,0.0,0.0,0.0,0.0038637593897874467,0.0,0.0,0.0,0.0,0.0,,,,,,,
-0.012845480814576149,imappo,8.0910105282328e-09,-0.6152356863021851,0.0006995998666222073,1001.0,,,,,,,,,,,,,,0.36648882960986995,,,,,0.02935555949807167,5.570325447479263e-05
,imappo,,,,1001.0,0.0,0.0,0.0027851626870472046,0.0,0.0,0.0,0.0,0.0027851626870472046,0.0,0.0,0.0,0.0,0.0,,,,,,,
0.011458069086074829,imappo,2.5702668438043474e-08,-1.9333148002624512,0.0006992997665888629,1002.0,,,,,,,,,,,,,,0.3663554518172724,,,,,0.028475645929574966,5.982761285849847e-05
,imappo,,,,1002.0,0.0,0.0,0.0029913809435129224,0.0,0.0,0.0,0.0,0.0029913809435129224,0.0,0.0,0.0,0.0,0.0,,,,,,,
-0.005085427314043045,imappo,1.7267490548533715e-08,-1.2323932647705078,0.0006989996665555185,1003.0,,,,,,,,,,,,,,0.3662220740246749,,,,,0.02830193191766739,5.559701457968913e-05
,imappo,,,,1003.0,0.0,0.0,0.0027798509181593545,0.0,0.0,0.0,0.0,0.0027798509181593545,0.0,0.0,0.0,0.0,0.0,,,,,,,
-0.0075768656097352505,imappo,3.0530269867767856e-08,-0.9999100565910339,0.0006986995665221741,1004.0,,,,,,,,,,,,,,0.36608869623207735,,,,,0.030227508395910263,5.281100675347261e-05
,imappo,,,,1004.0,0.0,0.0,0.0026405500615283017,0.0,0.0,0.0,0.0,0.0026405500615283017,0.0,0.0,0.0,0.0,0.0,,,,,,,
-0.0003894802648574114,imappo,2.217961458939044e-08,-1.8697328567504883,0.0006983994664888297,1005.0,,,,,,,,,,,,,,0.3659553184394798,,,,,0.025174837559461594,7.938793714856729e-05
,imappo,,,,1005.0,0.0,0.0,0.003969397203036351,0.0,0.0,0.0,0.0,0.003969397203036351,0.0,0.0,0.0,0.0,0.0,,,,,,,
-0.007992561906576157,imappo,1.6072355890628387e-08,-0.6375066637992859,0.0006980993664554852,1006.0,,,,,,,,,,,,,,0.3658219406468823,,,,,0.030024206265807152,5.520917329704389e-05
,imappo,,,,1006.0,0.0,0.0,0.002760458614829986,0.0,0.0,0.0,0.0,0.002760458614829986,0.0,0.0,0.0,0.0,0.0,,,,,,,
-0.006238006986677647,imappo,1.443380170940145e-08,-0.795005738735199,0.0006977992664221408,1007.0,,,,,,,,,,,,,,0.36568856285428475,,,,,0.029200879856944084,5.196949859964661e-05
,imappo,,,,1007.0,0.0,0.0,0.002598475170088932,0.0,0.0,0.0,0.0,0.002598475170088932,0.0,0.0,0.0,0.0,0.0,,,,,,,
0.006055513396859169,imappo,8.106995963430563e-09,-1.9563941955566406,0.0006974991663887963,1008.0,,,,,,,,,,,,,,0.3655551850616872,,,,,0.025919849053025246,6.931190000614151e-05
,imappo,,,,1008.0,0.0,0.0,0.003465594810222683,0.0,0.0,0.0,0.0,0.003465594810222683,0.0,0.0,0.0,0.0,0.0,,,,,,,
-0.0013831695541739464,imappo,9.689124169653951e-09,-1.2017310857772827,0.0006971990663554519,1009.0,,,,,,,,,,,,,,0.3654218072690897,,,,,0.0271114744246006,5.154067184776068e-05
,imappo,,,,1009.0,0.0,0.0,0.0025770337342692073,0.0,0.0,0.0,0.0,0.0025770337342692073,0.0,0.0,0.0,0.0,0.0,,,,,,,
-0.0024192766286432743,imappo,1.1736035254727994e-08,-0.4976217746734619,0.0006968989663221075,1010.0,,,,,,,,,,,,,,0.36528842947649215,,,,,0.030830446630716324,5.4148440540302545e-05
,imappo,,,,1010.0,0.0,0.0,0.00270742214843267,0.0,0.0,0.0,0.0,0.00270742214843267,0.0,0.0,0.0,0.0,0.0,,,,,,,
-4.6713859774172306e-05,imappo,1.4836718520427894e-08,-2.2886810302734375,0.000696598866288763,1011.0,,,,,,,,,,,,,,0.3651550516838946,,,,,0.024755233898758888,7.73937936173752e-05
,imappo,,,,1011.0,0.0,0.0,0.003869689397106413,0.0,0.0,0.0,0.0,0.003869689397106413,0.0,0.0,0.0,0.0,0.0,,,,,,,
0.005501517094671726,imappo,1.8935596202140914e-08,-0.6417792439460754,0.0006962987662554184,1012.0,,,,,,,,,,,,,,0.3650216738912971,,,,,0.02719119004905224,8.31944344099611e-05
,imappo,,,,1012.0,0.0,0.0,0.00415972149744448,0.0,0.0,0.0,0.0,0.00415972149744448,0.0,0.0,0.0,0.0,0.0,,,,,,,
-0.005324723199009895,imappo,3.5621425809040375e-08,-1.2679364681243896,0.000695998666222074,1013.0,,,,,,,,,,,,,,0.36488829609869955,,,,,0.030963381752371788,5.843609687872231e-05
,imappo,,,,1013.0,0.0,0.0,0.0029218048675829777,0.0,0.0,0.0,0.0,0.0029218048675829777,0.0,0.0,0.0,0.0,0.0,,,,,,,
-0.004781296476721764,imappo,2.2788377407323424e-08,-0.4223715364933014,0.0006956985661887296,1014.0,,,,,,,,,,,,,,0.364754918306102,,,,,0.028909876942634583,4.582287874654867e-05
,imappo,,,,1014.0,0.0,0.0,0.0022911437040420424,0.0,0.0,0.0,0.0,0.0022911437040420424,0.0,0.0,0.0,0.0,0.0,,,,,,,
0.0017564567970111966,imappo,2.5257008928747382e-08,-1.220668911933899,0.0006953984661553852,1015.0,,,,,,,,,,,,,,0.3646215405135045,,,,,0.028600675985217094,5.730943667003885e-05
,imappo,,,,1015.0,0.0,0.0,0.0028654721354541834,0.0,0.0,0.0,0.0,0.0028654721354541834,0.0,0.0,0.0,0.0,0.0,,,,,,,
0.003265886567533016,imappo,3.6789931101566253e-09,-1.0925655364990234,0.0006950983661220407,1016.0,,,,,,,,,,,,,,0.36448816272090695,,,,,0.026678141206502914,5.199028964852914e-05
,imappo,,,,1016.0,0.0,0.0,0.0025995147043431643,0.0,0.0,0.0,0.0,0.0025995147043431643,0.0,0.0,0.0,0.0,0.0,,,,,,,
0.010382935404777527,imappo,1.3573734136684834e-08,-1.798943042755127,0.0006947982660886963,1017.0,,,,,,,,,,,,,,0.3643547849283094,,,,,0.025868382304906845,7.231035124277696e-05
,imappo,,,,1017.0,0.0,0.0,0.0036155172900862453,0.0,0.0,0.0,0.0,0.0036155172900862453,0.0,0.0,0.0,0.0,0.0,,,,,,,
-0.000675456365570426,imappo,2.7294829507695795e-08,-0.5436440706253052,0.0006944981660553518,1018.0,,,,,,,,,,,,,,0.3642214071357119,,,,,0.02753576636314392,0.00010573379404377192
,imappo,,,,1018.0,0.0,0.0,0.005286689627610031,0.0,0.0,0.0,0.0,0.005286689627610031,0.0,0.0,0.0,0.0,0.0,,,,,,,
-0.009030409157276154,imappo,2.9297209991341333e-08,-0.3879733383655548,0.0006941980660220073,1019.0,,,,,,,,,,,,,,0.36408802934311435,,,,,0.028564419597387314,3.20897888741456e-05
,imappo,,,,1019.0,0.0,0.0,0.0016044894355218275,0.0,0.0,0.0,0.0,0.0016044894355218275,0.0,0.0,0.0,0.0,0.0,,,,,,,
0.0016915642190724611,imappo,1.0356752966345084e-07,-0.832244873046875,0.0006938979659886629,1020.0,,,,,,,,,,,,,,0.36395465155051687,,,,,0.03327616676688194,6.406272586900741e-05
,imappo,,,,1020.0,0.0,0.0,0.003203136593583622,0.0,0.0,0.0,0.0,0.003203136593583622,0.0,0.0,0.0,0.0,0.0,,,,,,,
-0.008156673982739449,imappo,4.881871795703319e-09,-1.1340233087539673,0.0006935978659553185,1021.0,,,,,,,,,,,,,,0.3638212737579193,,,,,0.02619623765349388,5.369533027987927e-05
,imappo,,,,1021.0,0.0,0.0,0.0026847665722016245,0.0,0.0,0.0,0.0,0.0026847665722016245,0.0,0.0,0.0,0.0,0.0,,,,,,,
-0.0012829444603994489,imappo,3.8587462114492155e-08,-0.5905269384384155,0.0006932977659219741,1022.0,,,,,,,,,,,,,,0.3636878959653218,,,,,0.02479630336165428,0.00010385366476839408
,imappo,,,,1022.0,0.0,0.0,0.005192682704546314,0.0,0.0,0.0,0.0,0.005192682704546314,0.0,0.0,0.0,0.0,0.0,,,,,,,
0.001802095677703619,imappo,6.613733205540484e-08,-1.1644911766052246,0.0006929976658886295,1023.0,,,,,,,,,,,,,,0.3635545181727242,,,,,0.027491707354784012,5.313020301400684e-05
,imappo,,,,1023.0,0.0,0.0,0.002656509887856373,0.0,0.0,0.0,0.0,0.002656509887856373,0.0,0.0,0.0,0.0,0.0,,,,,,,
-0.011923925951123238,imappo,4.1038106246560346e-08,-0.5191938877105713,0.0006926975658552851,1024.0,,,,,,,,,,,,,,0.36342114038012674,,,,,0.03406009450554848,3.759991523111239e-05
,imappo,,,,1024.0,0.0,0.0,0.0018799956891939473,0.0,0.0,0.0,0.0,0.0018799956891939473,0.0,0.0,0.0,0.0,0.0,,,,,,,
0.005777094513177872,imappo,8.854544120140417e-08,-1.1262731552124023,0.0006923974658219407,1025.0,,,,,,,,,,,,,,0.36328776258752915,,,,,0.02649296261370182,5.2527673688018695e-05
,imappo,,,,1025.0,0.0,0.0,0.0026263837290230185,0.0,0.0,0.0,0.0,0.0026263837290230185,0.0,0.0,0.0,0.0,0.0,,,,,,,
-0.006717370357364416,imappo,5.8917621004184184e-08,-0.5215762853622437,0.0006920973657885963,1026.0,,,,,,,,,,,,,,0.3631543847949317,,,,,0.030284423381090164,3.665842450573109e-05
,imappo,,,,1026.0,0.0,0.0,0.0018329213191918825,0.0,0.0,0.0,0.0,0.0018329213191918825,0.0,0.0,0.0,0.0,0.0,,,,,,,
-0.008699487894773483,imappo,1.507843023773603e-07,-1.737451195716858,0.0006917972657552518,1027.0,,,,,,,,,,,,,,0.3630210070023341,,,,,0.027840495109558105,7.288526103366166e-05
,imappo,,,,1027.0,0.0,0.0,0.003644263121259428,0.0,0.0,0.0,0.0,0.003644263121259428,0.0,0.0,0.0,0.0,0.0,,,,,,,
-0.011549091897904873,imappo,3.991304708961252e-08,-0.4928849935531616,0.0006914971657219073,1028.0,,,,,,,,,,,,,,0.3628876292097366,,,,,0.024918612092733383,6.79966397001408e-05
,imappo,,,,1028.0,0.0,0.0,0.0033998318911585557,0.0,0.0,0.0,0.0,0.0033998318911585557,0.0,0.0,0.0,0.0,0.0,,,,,,,
-0.0059321969747543335,imappo,5.937657476806635e-08,-0.7982893586158752,0.0006911970656885628,1029.0,,,,,,,,,,,,,,0.362754251417139,,,,,0.028751619160175323,4.2240939365001395e-05
,imappo,,,,1029.0,0.0,0.0,0.0021120472065376816,0.0,0.0,0.0,0.0,0.0021120472065376816,0.0,0.0,0.0,0.0,0.0,,,,,,,
0.0038475189357995987,imappo,4.50559092257663e-08,-0.6969937086105347,0.0006908969656552184,1030.0,,,,,,,,,,,,,,0.36262087362454154,,,,,0.02799171954393387,5.330546628101729e-05
,imappo,,,,1030.0,0.0,0.0,0.002665273319166772,0.0,0.0,0.0,0.0,0.002665273319166772,0.0,0.0,0.0,0.0,0.0,,,,,,,
-0.0045606098137795925,imappo,4.739297665423692e-08,-0.2371613085269928,0.000690596865621874,1031.0,,,,,,,,,,,,,,0.36248749583194395,,,,,0.03384553641080856,4.781310781254433e-05
,imappo,,,,1031.0,0.0,0.0,0.0023906552304779893,0.0,0.0,0.0,0.0,0.0023906552304779893,0.0,0.0,0.0,0.0,0.0,,,,,,,
-0.009803544729948044,imappo,7.618110586804505e-09,-0.431275337934494,0.0006902967655885296,1032.0,,,,,,,,,,,,,,0.3623541180393465,,,,,0.031548723578453064,5.5863351008156314e-05
,imappo,,,,1032.0,0.0,0.0,0.0027931673776038224,0.0,0.0,0.0,0.0,0.0027931673776038224,0.0,0.0,0.0,0.0,0.0,,,,,,,
-0.007198745850473642,imappo,1.0268945693781006e-08,-0.17949548363685608,0.0006899966655551851,1033.0,,,,,,,,,,,,,,0.3622207402467489,,,,,0.0303647518157959,5.197553036850877e-05
,imappo,,,,1033.0,0.0,0.0,0.002598776345848819,0.0,0.0,0.0,0.0,0.002598776345848819,0.0,0.0,0.0,0.0,0.0,,,,,,,
0.002274084370583296,imappo,1.4801815773068938e-08,-1.5315099954605103,0.0006896965655218406,1034.0,,,,,,,,,,,,,,0.3620873624541514,,,,,0.028580473735928535,6.741236575180665e-05
,imappo,,,,1034.0,0.0,0.0,0.0033706178088550587,0.0,0.0,0.0,0.0,0.0033706178088550587,0.0,0.0,0.0,0.0,0.0,,,,,,,
0.011653832159936428,imappo,1.1220757656360547e-08,-1.5712378025054932,0.0006893964654884962,1035.0,,,,,,,,,,,,,,0.3619539846615538,,,,,0.02600952982902527,9.518678416498005e-05
,imappo,,,,1035.0,0.0,0.0,0.004759339481097413,0.0,0.0,0.0,0.0,0.004759339481097413,0.0,0.0,0.0,0.0,0.0,,,,,,,
0.0074117607437074184,imappo,3.108344870383917e-08,-1.9535335302352905,0.0006890963654551518,1036.0,,,,,,,,,,,,,,0.36182060686895634,,,,,0.027956143021583557,8.1909958680626e-05
,imappo,,,,1036.0,0.0,0.0,0.0040954978189802205,0.0,0.0,0.0,0.0,0.0040954978189802205,0.0,0.0,0.0,0.0,0.0,,,,,,,
-0.008446607738733292,imappo,1.328917509368921e-08,-0.6522948145866394,0.0006887962654218073,1037.0,,,,,,,,,,,,,,0.36168722907635875,,,,,0.029400484636425972,5.3695475799031556e-05
,imappo,,,,1037.0,0.0,0.0,0.0026847739193840425,0.0,0.0,0.0,0.0,0.0026847739193840425,0.0,0.0,0.0,0.0,0.0,,,,,,,
-0.007414616644382477,imappo,1.3225363026947434e-08,-0.47783416509628296,0.0006884961653884628,1038.0,,,,,,,,,,,,,,0.3615538512837613,,,,,0.029032263904809952,4.507617268245667e-05
,imappo,,,,1038.0,0.0,0.0,0.0022538086417398517,0.0,0.0,0.0,0.0,0.0022538086417398517,0.0,0.0,0.0,0.0,0.0,,,,,,,
0.00171291537117213,imappo,8.513179494684664e-09,-0.402870774269104,0.0006881960653551184,1039.0,,,,,,,,,,,,,,0.3614204734911637,,,,,0.029915103688836098,4.87618162878789e-05
,imappo,,,,1039.0,0.0,0.0,0.002438090613395616,0.0,0.0,0.0,0.0,0.002438090613395616,0.0,0.0,0.0,0.0,0.0,,,,,,,
-0.001898814458400011,imappo,2.8746722779970924e-09,-1.00615656375885,0.0006878959653217739,1040.0,,,,,,,,,,,,,,0.3612870956985662,,,,,0.030105389654636383,5.652122126775794e-05
,imappo,,,,1040.0,0.0,0.0,0.0028260611215955578,0.0,0.0,0.0,0.0,0.0028260611215955578,0.0,0.0,0.0,0.0,0.0,,,,,,,
-0.003368597012013197,imappo,5.410764725155559e-09,-0.731913149356842,0.0006875958652884295,1041.0,,,,,,,,,,,,,,0.3611537179059686,,,,,0.028306372463703156,4.795759741682559e-05
,imappo,,,,1041.0,0.0,0.0,0.002397879851741891,0.0,0.0,0.0,0.0,0.002397879851741891,0.0,0.0,0.0,0.0,0.0,,,,,,,
-0.009246690198779106,imappo,1.575539876341736e-08,-0.5068235993385315,0.0006872957652550851,1042.0,,,,,,,,,,,,,,0.36102034011337114,,,,,0.0337882936000824,5.950980994384736e-05
,imappo,,,,1042.0,0.0,0.0,0.002975490488097421,0.0,0.0,0.0,0.0,0.002975490488097421,0.0,0.0,0.0,0.0,0.0,,,,,,,
-0.0020268589723855257,imappo,1.6072357666985226e-08,-1.0376067161560059,0.0006869956652217407,1043.0,,,,,,,,,,,,,,0.36088696232077355,,,,,0.028500275686383247,5.918291935813613e-05
,imappo,,,,1043.0,0.0,0.0,0.00295914571324829,0.0,0.0,0.0,0.0,0.00295914571324829,0.0,0.0,0.0,0.0,0.0,,,,,,,
-0.001682742964476347,imappo,1.3080105887297577e-08,-0.5027266144752502,0.0006866955651883962,1044.0,,,,,,,,,,,,,,0.3607535845281761,,,,,0.0324660986661911,5.747878094553016e-05
,imappo,,,,1044.0,0.0,0.0,0.0028739387289533624,0.0,0.0,0.0,0.0,0.0028739387289533624,0.0,0.0,0.0,0.0,0.0,,,,,,,
-0.0029150161426514387,imappo,2.4746862337110542e-08,-0.2919590473175049,0.0006863954651550516,1045.0,,,,,,,,,,,,,,0.3606202067355785,,,,,0.03135141730308533,5.3638697863789275e-05
,imappo,,,,1045.0,0.0,0.0,0.002681934823613119,0.0,0.0,0.0,0.0,0.002681934823613119,0.0,0.0,0.0,0.0,0.0,,,,,,,
-0.007567352149635553,imappo,3.9497958681522505e-08,-1.0659695863723755,0.0006860953651217072,1046.0,,,,,,,,,,,,,,0.360486828942981,,,,,0.02718052640557289,5.6561577366665006e-05
,imappo,,,,1046.0,0.0,0.0,0.0028280787882977165,0.0,0.0,0.0,0.0,0.0028280787882977165,0.0,0.0,0.0,0.0,0.0,,,,,,,
-0.0013194141210988164,imappo,5.2073505507621576e-09,-0.42115896940231323,0.0006857952650883628,1047.0,,,,,,,,,,,,,,0.3603534511503834,,,,,0.03151322901248932,5.635413253912702e-05
,imappo,,,,1047.0,0.0,0.0,0.002817706481437199,0.0,0.0,0.0,0.0,0.002817706481437199,0.0,0.0,0.0,0.0,0.0,,,,,,,
0.00042203115299344063,imappo,1.320126585824255e-08,-0.5045027136802673,0.0006854951650550184,1048.0,,,,,,,,,,,,,,0.36022007335778594,,,,,0.02829328179359436,5.212140240473673e-05
,imappo,,,,1048.0,0.0,0.0,0.002606070106594416,0.0,0.0,0.0,0.0,0.002606070106594416,0.0,0.0,0.0,0.0,0.0,,,,,,,
-0.00183764286339283,imappo,1.0321039134453258e-08,-0.9902886748313904,0.0006851950650216739,1049.0,,,,,,,,,,,,,,0.36008669556518835,,,,,0.026241756975650787,5.501395571627654e-05
,imappo,,,,1049.0,0.0,0.0,0.0027506977294251556,0.0,0.0,0.0,0.0,0.0027506977294251556,0.0,0.0,0.0,0.0,0.0,,,,,,,
-0.0036606856156140566,imappo,1.6550199433140733e-08,-0.5137653946876526,0.0006848949649883294,1050.0,,,,,,,,,,,,,,0.3599533177725909,,,,,0.02738567441701889,5.092716673971154e-05
,imappo,,,,1050.0,0.0,0.0,0.0025463584684075613,0.0,0.0,0.0,0.0,0.0025463584684075613,0.0,0.0,0.0,0.0,0.0,,,,,,,
-0.0011684014461934566,imappo,1.5513400342115347e-08,-1.492929458618164,0.000684594864954985,1051.0,,,,,,,,,,,,,,0.3598199399799933,,,,,0.027203138917684555,7.162323163356632e-05
,imappo,,,,1051.0,0.0,0.0,0.0035811614964131877,0.0,0.0,0.0,0.0,0.0035811614964131877,0.0,0.0,0.0,0.0,0.0,,,,,,,
0.03234461322426796,imappo,2.93379471827393e-08,-1.501413345336914,0.0006842947649216406,1052.0,,,,,,,,,,,,,,0.3596865621873958,,,,,0.02558807283639908,7.439868204528466e-05
,imappo,,,,1052.0,0.0,0.0,0.0037199339562903333,0.0,0.0,0.0,0.0,0.0037199339562903333,0.0,0.0,0.0,0.0,0.0,,,,,,,
-0.003639187663793564,imappo,3.251457414421566e-08,-0.18730208277702332,0.0006839946648882962,1053.0,,,,,,,,,,,,,,0.3595531843947982,,,,,0.030560307204723358,5.3346277127275243e-05
,imappo,,,,1053.0,0.0,0.0,0.0026673138885087155,0.0,0.0,0.0,0.0,0.0026673138885087155,0.0,0.0,0.0,0.0,0.0,,,,,,,
0.004024840425699949,imappo,1.3597690440292354e-07,-1.0217273235321045,0.0006836945648549518,1054.0,,,,,,,,,,,,,,0.35941980660220074,,,,,0.02979416586458683,5.510933624464087e-05
,imappo,,,,1054.0,0.0,0.0,0.0027554668417906214,0.0,0.0,0.0,0.0,0.0027554668417906214,0.0,0.0,0.0,0.0,0.0,,,,,,,
-0.003927367739379406,imappo,5.9409103414509445e-08,-0.24846333265304565,0.0006833944648216072,1055.0,,,,,,,,,,,,,,0.35928642880960315,,,,,0.029431018978357315,4.838672612095252e-05
,imappo,,,,1055.0,0.0,0.0,0.0024193363133235835,0.0,0.0,0.0,0.0,0.0024193363133235835,0.0,0.0,0.0,0.0,0.0,,,,,,,
0.0025367005728185177,imappo,6.606450142498943e-08,-1.9525260925292969,0.0006830943647882627,1056.0,,,,,,,,,,,,,,0.3591530510170057,,,,,0.026123952120542526,7.530455332016572e-05
,imappo,,,,1056.0,0.0,0.0,0.0037652277633242193,0.0,0.0,0.0,0.0,0.0037652277633242193,0.0,0.0,0.0,0.0,0.0,,,,,,,
0.0003928271180484444,imappo,3.414641014387598e-08,-0.6574594378471375,0.0006827942647549183,1057.0,,,,,,,,,,,,,,0.3590196732244081,,,,,0.02840588614344597,4.824042844120413e-05
,imappo,,,,1057.0,0.0,0.0,0.0024120213238347787,0.0,0.0,0.0,0.0,0.0024120213238347787,0.0,0.0,0.0,0.0,0.0,,,,,,,
-0.006547535303980112,imappo,2.526344289321969e-08,-0.8048959970474243,0.0006824941647215739,1058.0,,,,,,,,,,,,,,0.3588862954318106,,,,,0.029924068599939346,4.874480509897694e-05
,imappo,,,,1058.0,0.0,0.0,0.0024372400828269747,0.0,0.0,0.0,0.0,0.0024372400828269747,0.0,0.0,0.0,0.0,0.0,,,,,,,
0.001600369461812079,imappo,5.101394862094821e-08,-1.5845954418182373,0.0006821940646882295,1059.0,,,,,,,,,,,,,,0.358752917639213,,,,,0.023852206766605377,7.48425445635803e-05
,imappo,,,,1059.0,0.0,0.0,0.003742127154055197,0.0,0.0,0.0,0.0,0.003742127154055197,0.0,0.0,0.0,0.0,0.0,,,,,,,
-0.004786409437656403,imappo,2.7652058420812864e-08,-0.40126028656959534,0.000681893964654885,1060.0,,,,,,,,,,,,,,0.35861953984661554,,,,,0.030196016654372215,4.8171325033763424e-05
,imappo,,,,1060.0,0.0,0.0,0.002408566001577128,0.0,0.0,0.0,0.0,0.002408566001577128,0.0,0.0,0.0,0.0,0.0,,,,,,,
0.004045841284096241,imappo,2.8695502862774447e-08,-0.5733367204666138,0.0006815938646215405,1061.0,,,,,,,,,,,,,,0.35848616205401795,,,,,0.03229553997516632,6.922679312992841e-05
,imappo,,,,1061.0,0.0,0.0,0.0034613398156579933,0.0,0.0,0.0,0.0,0.0034613398156579933,0.0,0.0,0.0,0.0,0.0,,,,,,,
0.009079935029149055,imappo,3.445205365437687e-08,-1.0997800827026367,0.0006812937645881961,1062.0,,,,,,,,,,,,,,0.3583527842614205,,,,,0.02949538826942444,5.5832377256592736e-05
,imappo,,,,1062.0,0.0,0.0,0.002791618950141128,0.0,0.0,0.0,0.0,0.002791618950141128,0.0,0.0,0.0,0.0,0.0,,,,,,,
-0.007634613197296858,imappo,7.738822915825949e-09,-0.7274906039237976,0.0006809936645548516,1063.0,,,,,,,,,,,,,,0.3582194064688229,,,,,0.028891703113913536,4.722775338450447e-05
,imappo,,,,1063.0,0.0,0.0,0.0023613877019670326,0.0,0.0,0.0,0.0,0.0023613877019670326,0.0,0.0,0.0,0.0,0.0,,,,,,,
0.002597721293568611,imappo,1.6956532178369343e-08,-0.4739343225955963,0.0006806935645215072,1064.0,,,,,,,,,,,,,,0.3580860286762254,,,,,0.03054160811007023,5.0953789468621835e-05
,imappo,,,,1064.0,0.0,0.0,0.002547689613493276,0.0,0.0,0.0,0.0,0.002547689613493276,0.0,0.0,0.0,0.0,0.0,,,,,,,
-0.0007649563485756516,imappo,1.0395178939859306e-08,-0.4763069152832031,0.0006803934644881627,1065.0,,,,,,,,,,,,,,0.3579526508836278,,,,,0.029805153608322144,4.88202458654996e-05
,imappo,,,,1065.0,0.0,0.0,0.0024410120128095514,0.0,0.0,0.0,0.0,0.0024410120128095514,0.0,0.0,0.0,0.0,0.0,,,,,,,
0.02644355781376362,imappo,2.1360683888360654e-08,-1.9709794521331787,0.0006800933644548183,1066.0,,,,,,,,,,,,,,0.35781927309103034,,,,,0.02380446158349514,7.965616532601416e-05
,imappo,,,,1066.0,0.0,0.0,0.003982808775617741,0.0,0.0,0.0,0.0,0.003982808775617741,0.0,0.0,0.0,0.0,0.0,,,,,,,
-0.009027044288814068,imappo,3.736779419227787e-08,-0.8865430951118469,0.0006797932644214738,1067.0,,,,,,,,,,,,,,0.3576858952984328,,,,,0.031254760921001434,6.0243481129873544e-05
,imappo,,,,1067.0,0.0,0.0,0.0030121738454909064,0.0,0.0,0.0,0.0,0.0030121738454909064,0.0,0.0,0.0,0.0,0.0,,,,,,,
0.003971467725932598,imappo,1.054435738723214e-08,-0.7193579077720642,0.0006794931643881294,1068.0,,,,,,,,,,,,,,0.3575525175058353,,,,,0.03303981572389603,6.45822292426601e-05
,imappo,,,,1068.0,0.0,0.0,0.00322911135663162,0.0,0.0,0.0,0.0,0.00322911135663162,0.0,0.0,0.0,0.0,0.0,,,,,,,
0.010016149841248989,imappo,2.775386676034941e-08,-1.927985429763794,0.000679193064354785,1069.0,,,,,,,,,,,,,,0.35741913971323774,,,,,0.021348964422941208,8.056549995671958e-05
,imappo,,,,1069.0,0.0,0.0,0.004028274952361244,0.0,0.0,0.0,0.0,0.004028274952361244,0.0,0.0,0.0,0.0,0.0,,,,,,,
-0.00012658743071369827,imappo,4.325016345063659e-09,-0.5000346899032593,0.0006788929643214406,1070.0,,,,,,,,,,,,,,0.3572857619206402,,,,,0.02820473164319992,4.858274041907862e-05
,imappo,,,,1070.0,0.0,0.0,0.002429136819046107,0.0,0.0,0.0,0.0,0.002429136819046107,0.0,0.0,0.0,0.0,0.0,,,,,,,
-0.0007477195467799902,imappo,1.3712485369410388e-08,-1.8023535013198853,0.0006785928642880961,1071.0,,,,,,,,,,,,,,0.3571523841280427,,,,,0.02406078763306141,7.751114026177675e-05
,imappo,,,,1071.0,0.0,0.0,0.0038755570312787313,0.0,0.0,0.0,0.0,0.0038755570312787313,0.0,0.0,0.0,0.0,0.0,,,,,,,
-0.0070364633575081825,imappo,1.448714748164548e-08,-1.5864274501800537,0.0006782927642547515,1072.0,,,,,,,,,,,,,,0.35701900633544514,,,,,0.028321731835603714,7.98173132352531e-05
,imappo,,,,1072.0,0.0,0.0,0.0039908661565277725,0.0,0.0,0.0,0.0,0.0039908661565277725,0.0,0.0,0.0,0.0,0.0,,,,,,,
-0.0029562199488282204,imappo,3.919924296269528e-08,-0.7280832529067993,0.0006779926642214071,1073.0,,,,,,,,,,,,,,0.3568856285428476,,,,,0.031609661877155304,6.230409780982882e-05
,imappo,,,,1073.0,0.0,0.0,0.003115204767254909,0.0,0.0,0.0,0.0,0.003115204767254909,0.0,0.0,0.0,0.0,0.0,,,,,,,
-0.0021196771413087845,imappo,4.840582334963983e-08,-1.107301950454712,0.0006776925641880627,1074.0,,,,,,,,,,,,,,0.3567522507502501,,,,,0.02858954295516014,6.0367994592525065e-05
,imappo,,,,1074.0,0.0,0.0,0.003018399861502985,0.0,0.0,0.0,0.0,0.003018399861502985,0.0,0.0,0.0,0.0,0.0,,,,,,,
0.004444656427949667,imappo,4.6629278216414605e-08,-1.591570258140564,0.0006773924641547183,1075.0,,,,,,,,,,,,,,0.35661887295765254,,,,,0.026592591777443886,6.664014654234052e-05
,imappo,,,,1075.0,0.0,0.0,0.0033320075087885925,0.0,0.0,0.0,0.0,0.0033320075087885925,0.0,0.0,0.0,0.0,0.0,,,,,,,
-0.0005199845181778073,imappo,5.347515852349716e-08,-0.533581018447876,0.0006770923641213738,1076.0,,,,,,,,,,,,,,0.356485495165055,,,,,0.029717696830630302,8.671493560541421e-05
,imappo,,,,1076.0,0.0,0.0,0.0043357467880014156,0.0,0.0,0.0,0.0,0.0043357467880014156,0.0,0.0,0.0,0.0,0.0,,,,,,,
0.01633782498538494,imappo,3.2811680483746386e-08,-1.6000206470489502,0.0006767922640880294,1077.0,,,,,,,,,,,,,,0.3563521173724575,,,,,0.026809778064489365,6.898594438098371e-05
,imappo,,,,1077.0,0.0,0.0,0.003449297413617103,0.0,0.0,0.0,0.0,0.003449297413617103,0.0,0.0,0.0,0.0,0.0,,,,,,,
-0.007646196987479925,imappo,1.911752178784809e-08,-0.28010979294776917,0.0006764921640546849,1078.0,,,,,,,,,,,,,,0.35621873957985994,,,,,0.02962714247405529,4.2395749915158376e-05
,imappo,,,,1078.0,0.0,0.0,0.0021197874559675256,0.0,0.0,0.0,0.0,0.0021197874559675256,0.0,0.0,0.0,0.0,0.0,,,,,,,
0.007728229742497206,imappo,9.749042106932393e-08,-0.9660081267356873,0.0006761920640213405,1079.0,,,,,,,,,,,,,,0.3560853617872624,,,,,0.029026249423623085,5.419247463578358e-05
,imappo,,,,1079.0,0.0,0.0,0.002709623472981093,0.0,0.0,0.0,0.0,0.002709623472981093,0.0,0.0,0.0,0.0,0.0,,,,,,,
-0.013999520801007748,imappo,1.887270073552827e-08,-0.9676542282104492,0.0006758919639879961,1080.0,,,,,,,,,,,,,,0.3559519839946649,,,,,0.03050524741411209,5.897508162888698e-05
,imappo,,,,1080.0,0.0,0.0,0.0029487539468391333,0.0,0.0,0.0,0.0,0.0029487539468391333,0.0,0.0,0.0,0.0,0.0,,,,,,,
0.006891760043799877,imappo,1.76784027416943e-08,-1.158408284187317,0.0006755918639546517,1081.0,,,,,,,,,,,,,,0.35581860620206734,,,,,0.030205849558115005,5.838976358063519e-05
,imappo,,,,1081.0,0.0,0.0,0.0029194880817158264,0.0,0.0,0.0,0.0,0.0029194880817158264,0.0,0.0,0.0,0.0,0.0,,,,,,,
-0.0034029120579361916,imappo,1.4463869213443559e-08,-0.9582325220108032,0.0006752917639213071,1082.0,,,,,,,,,,,,,,0.3556852284094698,,,,,0.02976997010409832,5.8284545957576483e-05
,imappo,,,,1082.0,0.0,0.0,0.002914226926804986,0.0,0.0,0.0,0.0,0.002914226926804986,0.0,0.0,0.0,0.0,0.0,,,,,,,
-0.0005166629562154412,imappo,1.3185174729812843e-08,-1.1032212972640991,0.0006749916638879626,1083.0,,,,,,,,,,,,,,0.3555518506168723,,,,,0.026961319148540497,5.625389894703403e-05
,imappo,,,,1083.0,0.0,0.0,0.002812695249730268,0.0,0.0,0.0,0.0,0.002812695249730268,0.0,0.0,0.0,0.0,0.0,,,,,,,
-0.0015871431678533554,imappo,1.9440289378280795e-08,-0.5693579316139221,0.0006746915638546182,1084.0,,,,,,,,,,,,,,0.35541847282427474,,,,,0.028710173442959785,5.45513212273363e-05
,imappo,,,,1084.0,0.0,0.0,0.0027275661668682005,0.0,0.0,0.0,0.0,0.0027275661668682005,0.0,0.0,0.0,0.0,0.0,,,,,,,
0.02391081117093563,imappo,5.597275531954438e-09,-1.6022512912750244,0.0006743914638212738,1085.0,,,,,,,,,,,,,,0.3552850950316772,,,,,0.026240497827529907,6.660557119175792e-05
,imappo,,,,1085.0,0.0,0.0,0.003330278506666673,0.0,0.0,0.0,0.0,0.003330278506666673,0.0,0.0,0.0,0.0,0.0,,,,,,,
0.011430400423705578,imappo,1.1557461654376766e-08,-1.4892525672912598,0.0006740913637879294,1086.0,,,,,,,,,,,,,,0.3551517172390797,,,,,0.027645759284496307,7.617371011292562e-05
,imappo,,,,1086.0,0.0,0.0,0.003808685542026069,0.0,0.0,0.0,0.0,0.003808685542026069,0.0,0.0,0.0,0.0,0.0,,,,,,,
-0.007570028770714998,imappo,2.315076486070211e-08,-0.237135112285614,0.0006737912637545849,1087.0,,,,,,,,,,,,,,0.35501833944648215,,,,,0.029182443395256996,4.4149026507511735e-05
,imappo,,,,1087.0,0.0,0.0,0.002207451299909735,0.0,0.0,0.0,0.0,0.002207451299909735,0.0,0.0,0.0,0.0,0.0,,,,,,,
-0.0038134828209877014,imappo,8.86250219878093e-08,-1.8061195611953735,0.0006734911637212405,1088.0,,,,,,,,,,,,,,0.3548849616538846,,,,,0.02302442118525505,7.584002742078155e-05
,imappo,,,,1088.0,0.0,0.0,0.0037920011091046035,0.0,0.0,0.0,0.0,0.0037920011091046035,0.0,0.0,0.0,0.0,0.0,,,,,,,
0.013965304009616375,imappo,4.0099443765484466e-08,-1.356892466545105,0.000673191063687896,1089.0,,,,,,,,,,,,,,0.3547515838612871,,,,,0.03161253035068512,6.0003283579135314e-05
,imappo,,,,1089.0,0.0,0.0,0.003000164385412063,0.0,0.0,0.0,0.0,0.003000164385412063,0.0,0.0,0.0,0.0,0.0,,,,,,,
-0.004378040786832571,imappo,2.4636220175011658e-08,-1.2105307579040527,0.0006728909636545515,1090.0,,,,,,,,,,,,,,0.35461820606868955,,,,,0.02919025346636772,5.7250763347838074e-05
,imappo,,,,1090.0,0.0,0.0,0.002862538146132465,0.0,0.0,0.0,0.0,0.002862538146132465,0.0,0.0,0.0,0.0,0.0,,,,,,,
-0.0049852305091917515,imappo,3.7893563842317235e-08,-0.6392915844917297,0.0006725908636212071,1091.0,,,,,,,,,,,,,,0.354484828276092,,,,,0.027372218668460846,9.471111843595281e-05
,imappo,,,,1091.0,0.0,0.0,0.004735556123705464,0.0,0.0,0.0,0.0,0.004735556123705464,0.0,0.0,0.0,0.0,0.0,,,,,,,
-0.009255636483430862,imappo,5.0719688005074204e-08,-2.013808488845825,0.0006722907635878627,1092.0,,,,,,,,,,,,,,0.3543514504834945,,,,,0.022649448364973068,7.669391925446689e-05
,imappo,,,,1092.0,0.0,0.0,0.003834695766272489,0.0,0.0,0.0,0.0,0.003834695766272489,0.0,0.0,0.0,0.0,0.0,,,,,,,
0.001333606312982738,imappo,3.911926427235812e-08,-1.045528531074524,0.0006719906635545181,1093.0,,,,,,,,,,,,,,0.35421807269089695,,,,,0.02827024832367897,5.2956544095650315e-05
,imappo,,,,1093.0,0.0,0.0,0.0026478271879568638,0.0,0.0,0.0,0.0,0.0026478271879568638,0.0,0.0,0.0,0.0,0.0,,,,,,,
-0.011627769097685814,imappo,8.260581552121948e-09,-0.8017519116401672,0.0006716905635211737,1094.0,,,,,,,,,,,,,,0.3540846948982994,,,,,0.030963972210884094,5.394621621235274e-05
,imappo,,,,1094.0,0.0,0.0,0.00269731101434445,0.0,0.0,0.0,0.0,0.00269731101434445,0.0,0.0,0.0,0.0,0.0,,,,,,,
-0.004559588618576527,imappo,1.1877130390303137e-08,-1.0277305841445923,0.0006713904634878293,1095.0,,,,,,,,,,,,,,0.3539513171057019,,,,,0.028716325759887695,5.6173474149545655e-05
,imappo,,,,1095.0,0.0,0.0,0.0028086737074772827,0.0,0.0,0.0,0.0,0.0028086737074772827,0.0,0.0,0.0,0.0,0.0,,,,,,,
0.005034147296100855,imappo,1.5066701664068205e-08,-1.5957014560699463,0.0006710903634544849,1096.0,,,,,,,,,,,,,,0.35381793931310435,,,,,0.02645915374159813,6.913567631272599e-05
,imappo,,,,1096.0,0.0,0.0,0.0034567839247756638,0.0,0.0,0.0,0.0,0.0034567839247756638,0.0,0.0,0.0,0.0,0.0,,,,,,,
-0.004415583331137896,imappo,7.99558197428496e-09,-0.6332756876945496,0.0006707902634211405,1097.0,,,,,,,,,,,,,,0.35368456152050687,,,,,0.03136875480413437,5.2446164772845805e-05
,imappo,,,,1097.0,0.0,0.0,0.002622308395075379,0.0,0.0,0.0,0.0,0.002622308395075379,0.0,0.0,0.0,0.0,0.0,,,,,,,
0.027851566672325134,imappo,3.003966853043494e-08,-1.2043977975845337,0.000670490163387796,1098.0,,,,,,,,,,,,,,0.3535511837279093,,,,,0.02779293805360794,5.7063138228841126e-05
,imappo,,,,1098.0,0.0,0.0,0.00285315717519552,0.0,0.0,0.0,0.0,0.00285315717519552,0.0,0.0,0.0,0.0,0.0,,,,,,,
0.009580082260072231,imappo,1.508421831886153e-08,-1.8968721628189087,0.0006701900633544515,1099.0,,,,,,,,,,,,,,0.3534178059353118,,,,,0.020828403532505035,7.59789181756787e-05
,imappo,,,,1099.0,0.0,0.0,0.003798946021561278,0.0,0.0,0.0,0.0,0.003798946021561278,0.0,0.0,0.0,0.0,0.0,,,,,,,
,imappo,,,,1099.0,,,,,,,,,,,,,,,0.0,0.0,0.0,0.0,,
-0.009229648858308792,imappo,4.279119725225655e-09,-1.5752991437911987,0.000669889963321107,1100.0,,,,,,,,,,,,,,0.3532844281427142,,,,,0.024250995367765427,7.229925540741533e-05
,imappo,,,,1100.0,0.0,0.0,0.0036149626857877593,0.0,0.0,0.0,0.0,0.0036149626857877593,0.0,0.0,0.0,0.0,0.0,,,,,,,
-0.006915605627000332,imappo,1.1055467652454354e-08,-1.5128766298294067,0.0006695898632877626,1101.0,,,,,,,,,,,,,,0.35315105035011674,,,,,0.026087189093232155,7.357205322477967e-05
,imappo,,,,1101.0,0.0,0.0,0.003678602657146257,0.0,0.0,0.0,0.0,0.003678602657146257,0.0,0.0,0.0,0.0,0.0,,,,,,,
0.007730890065431595,imappo,1.1254677190208895e-08,-1.604468822479248,0.0006692897632544182,1102.0,,,,,,,,,,,,,,0.35301767255751915,,,,,0.027187416329979897,6.563639180967584e-05
,imappo,,,,1102.0,0.0,0.0,0.0032818198480981664,0.0,0.0,0.0,0.0,0.0032818198480981664,0.0,0.0,0.0,0.0,0.0,,,,,,,
-0.002462620148435235,imappo,1.6696562354923117e-08,-1.8703006505966187,0.0006689896632210738,1103.0,,,,,,,,,,,,,,0.35288429476492167,,,,,0.0222889743745327,7.144264236558229e-05
,imappo,,,,1103.0,0.0,0.0,0.003572132211047574,0.0,0.0,0.0,0.0,0.003572132211047574,0.0,0.0,0.0,0.0,0.0,,,,,,,
-0.0032422076910734177,imappo,7.360458909033696e-08,-0.380561500787735,0.0006686895631877292,1104.0,,,,,,,,,,,,,,0.3527509169723241,,,,,0.03251644968986511,5.402595706982538e-05
,imappo,,,,1104.0,0.0,0.0,0.0027012980247036467,0.0,0.0,0.0,0.0,0.0027012980247036467,0.0,0.0,0.0,0.0,0.0,,,,,,,
-0.004843930248171091,imappo,5.7474558445846924e-08,-1.0400457382202148,0.0006683894631543848,1105.0,,,,,,,,,,,,,,0.3526175391797266,,,,,0.029066741466522217,5.720713306800462e-05
,imappo,,,,1105.0,0.0,0.0,0.002860356351561677,0.0,0.0,0.0,0.0,0.002860356351561677,0.0,0.0,0.0,0.0,0.0,,,,,,,
-0.009168620221316814,imappo,1.080224354410575e-08,-0.5838871002197266,0.0006680893631210404,1106.0,,,,,,,,,,,,,,0.352484161387129,,,,,0.02819386124610901,5.4510590416612104e-05
,imappo,,,,1106.0,0.0,0.0,0.0027255294295400745,0.0,0.0,0.0,0.0,0.0027255294295400745,0.0,0.0,0.0,0.0,0.0,,,,,,,
-0.003668874502182007,imappo,1.0359051394459584e-08,-0.6085678339004517,0.000667789263087696,1107.0,,,,,,,,,,,,,,0.35235078359453154,,,,,0.033380184322595596,5.710266486858018e-05
,imappo,,,,1107.0,0.0,0.0,0.0028551331240578293,0.0,0.0,0.0,0.0,0.0028551331240578293,0.0,0.0,0.0,0.0,0.0,,,,,,,
-0.013048814609646797,imappo,5.735237618154088e-09,-0.797488272190094,0.0006674891630543514,1108.0,,,,,,,,,,,,,,0.35221740580193395,,,,,0.030376726761460304,5.494059223565273e-05
,imappo,,,,1108.0,0.0,0.0,0.002747029637248488,0.0,0.0,0.0,0.0,0.002747029637248488,0.0,0.0,0.0,0.0,0.0,,,,,,,
-0.004301715642213821,imappo,1.0542959394399531e-08,-0.6580459475517273,0.000667189063021007,1109.0,,,,,,,,,,,,,,0.35208402800933647,,,,,0.02641778253018856,5.210273957345635e-05
,imappo,,,,1109.0,0.0,0.0,0.0026051371005451074,0.0,0.0,0.0,0.0,0.0026051371005451074,0.0,0.0,0.0,0.0,0.0,,,,,,,
-0.005461140535771847,imappo,3.330809406065782e-08,-0.6870188117027283,0.0006668889629876625,1110.0,,,,,,,,,,,,,,0.3519506502167389,,,,,0.029344724491238594,8.434343908447772e-05
,imappo,,,,1110.0,0.0,0.0,0.004217172051994567,0.0,0.0,0.0,0.0,0.004217172051994567,0.0,0.0,0.0,0.0,0.0,,,,,,,
0.006616960745304823,imappo,1.5271597320065666e-08,-0.9005995392799377,0.0006665888629543181,1111.0,,,,,,,,,,,,,,0.3518172724241414,,,,,0.02947966195642948,5.553553637582809e-05
,imappo,,,,1111.0,0.0,0.0,0.0027767770770878997,0.0,0.0,0.0,0.0,0.0027767770770878997,0.0,0.0,0.0,0.0,0.0,,,,,,,
0.03914175182580948,imappo,1.9745387547231985e-08,-1.924086332321167,0.0006662887629209737,1112.0,,,,,,,,,,,,,,0.3516838946315438,,,,,0.024397525936365128,7.607921725139022e-05
,imappo,,,,1112.0,0.0,0.0,0.003803960716311394,0.0,0.0,0.0,0.0,0.003803960716311394,0.0,0.0,0.0,0.0,0.0,,,,,,,
-0.00045163341565057635,imappo,1.8849824812150473e-08,-1.1982834339141846,0.0006659886628876293,1113.0,,,,,,,,,,,,,,0.35155051683894634,,,,,0.028339631855487823,5.529060581466183e-05
,imappo,,,,1113.0,0.0,0.0,0.0027645301997836214,0.0,0.0,0.0,0.0,0.0027645301997836214,0.0,0.0,0.0,0.0,0.0,,,,,,,
0.004923961125314236,imappo,9.002730116947077e-09,-1.9707112312316895,0.0006656885628542849,1114.0,,,,,,,,,,,,,,0.35141713904634875,,,,,0.020522110164165497,8.12207508715801e-05
,imappo,,,,1114.0,0.0,0.0,0.0040610373489471385,0.0,0.0,0.0,0.0,0.0040610373489471385,0.0,0.0,0.0,0.0,0.0,,,,,,,
-0.003172921948134899,imappo,7.795409651123464e-09,-1.663866400718689,0.0006653884628209403,1115.0,,,,,,,,,,,,,,0.35128376125375127,,,,,0.025187186896800995,8.471449109492823e-05
,imappo,,,,1115.0,0.0,0.0,0.004235724602949631,0.0,0.0,0.0,0.0,0.004235724602949631,0.0,0.0,0.0,0.0,0.0,,,,,,,
-5.4954783990979195e-05,imappo,2.0250997323500997e-08,-1.939629316329956,0.0006650883627875958,1116.0,,,,,,,,,,,,,,0.3511503834611537,,,,,0.02106914296746254,7.554227340733632e-05
,imappo,,,,1116.0,0.0,0.0,0.0037771139250253327,0.0,0.0,0.0,0.0,0.0037771139250253327,0.0,0.0,0.0,0.0,0.0,,,,,,,
0.0027472921647131443,imappo,5.6047873897568934e-08,-1.0700569152832031,0.0006647882627542514,1117.0,,,,,,,,,,,,,,0.3510170056685562,,,,,0.03201957792043686,6.014336395310238e-05
,imappo,,,,1117.0,0.0,0.0,0.0030071681687786622,0.0,0.0,0.0,0.0,0.0030071681687786622,0.0,0.0,0.0,0.0,0.0,,,,,,,
0.0018691931618377566,imappo,5.124208257711871e-08,-1.6671242713928223,0.000664488162720907,1118.0,,,,,,,,,,,,,,0.3508836278759586,,,,,0.02317683771252632,7.204712892416865e-05
,imappo,,,,1118.0,0.0,0.0,0.003602356182454969,0.0,0.0,0.0,0.0,0.003602356182454969,0.0,0.0,0.0,0.0,0.0,,,,,,,
0.01281793788075447,imappo,6.819841757987888e-08,-1.5669697523117065,0.0006641880626875625,1119.0,,,,,,,,,,,,,,0.35075025008336114,,,,,0.031493447721004486,5.788562339148484e-05
,imappo,,,,1119.0,0.0,0.0,0.0028942813346475305,0.0,0.0,0.0,0.0,0.0028942813346475305,0.0,0.0,0.0,0.0,0.0,,,,,,,
-0.007702029310166836,imappo,6.706108024445712e-08,-0.8685008883476257,0.0006638879626542181,1120.0,,,,,,,,,,,,,,0.35061687229076355,,,,,0.028518788516521454,5.63673565920908e-05
,imappo,,,,1120.0,0.0,0.0,0.002818367885538464,0.0,0.0,0.0,0.0,0.002818367885538464,0.0,0.0,0.0,0.0,0.0,,,,,,,
-0.0014950118493288755,imappo,5.5475556592909925e-08,-0.8158017992973328,0.0006635878626208736,1121.0,,,,,,,,,,,,,,0.35048349449816607,,,,,0.02811635285615921,0.00010012616985477507
,imappo,,,,1121.0,0.0,0.0,0.005006308644624369,0.0,0.0,0.0,0.0,0.005006308644624369,0.0,0.0,0.0,0.0,0.0,,,,,,,
-0.0010288032935932279,imappo,9.656323385343057e-08,-1.9501464366912842,0.0006632877625875292,1122.0,,,,,,,,,,,,,,0.3503501167055685,,,,,0.03127539902925491,5.613598113995977e-05
,imappo,,,,1122.0,0.0,0.0,0.0028067990497220308,0.0,0.0,0.0,0.0,0.0028067990497220308,0.0,0.0,0.0,0.0,0.0,,,,,,,
-0.004446444101631641,imappo,1.64675437730466e-08,-0.8558374047279358,0.0006629876625541848,1123.0,,,,,,,,,,,,,,0.350216738912971,,,,,0.03174082189798355,4.4697659177472815e-05
,imappo,,,,1123.0,0.0,0.0,0.0022348829130436343,0.0,0.0,0.0,0.0,0.0022348829130436343,0.0,0.0,0.0,0.0,0.0,,,,,,,
-0.0033474054653197527,imappo,8.08466751323067e-08,-0.5858879685401917,0.0006626875625208404,1124.0,,,,,,,,,,,,,,0.3500833611203734,,,,,0.031384214758872986,4.50373008789029e-05
,imappo,,,,1124.0,0.0,0.0,0.002251865090670435,0.0,0.0,0.0,0.0,0.002251865090670435,0.0,0.0,0.0,0.0,0.0,,,,,,,
0.014710182324051857,imappo,7.395435375201487e-08,-1.9128615856170654,0.0006623874624874958,1125.0,,,,,,,,,,,,,,0.34994998332777594,,,,,0.02380167506635189,5.583812890108675e-05
,imappo,,,,1125.0,0.0,0.0,0.0027919064793877624,0.0,0.0,0.0,0.0,0.0027919064793877624,0.0,0.0,0.0,0.0,0.0,,,,,,,
-0.004185099620372057,imappo,5.8900877064616e-08,-1.1157928705215454,0.0006620873624541514,1126.0,,,,,,,,,,,,,,0.34981660553517835,,,,,0.031233737245202065,3.3248037652811036e-05
,imappo,,,,1126.0,0.0,0.0,0.0016624018487618741,0.0,0.0,0.0,0.0,0.0016624018487618741,0.0,0.0,0.0,0.0,0.0,,,,,,,
0.00393454497680068,imappo,9.676676882008906e-08,-1.915992259979248,0.0006617872624208069,1127.0,,,,,,,,,,,,,,0.34968322774258087,,,,,0.020098794251680374,7.414047286147252e-05
,imappo,,,,1127.0,0.0,0.0,0.0037070237822263152,0.0,0.0,0.0,0.0,0.0037070237822263152,0.0,0.0,0.0,0.0,0.0,,,,,,,
-0.001736246980726719,imappo,1.1105719721626883e-07,-1.4180115461349487,0.0006614871623874625,1128.0,,,,,,,,,,,,,,0.3495498499499833,,,,,0.030674833804368973,5.6431672419421375e-05
,imappo,,,,1128.0,0.0,0.0,0.0028215834047529142,0.0,0.0,0.0,0.0,0.0028215834047529142,0.0,0.0,0.0,0.0,0.0,,,,,,,
-0.0029520587995648384,imappo,4.740259029745175e-08,-1.017816424369812,0.0006611870623541181,1129.0,,,,,,,,,,,,,,0.3494164721573858,,,,,0.028402917087078094,9.423793380847201e-05
,imappo,,,,1129.0,0.0,0.0,0.004711896795470238,0.0,0.0,0.0,0.0,0.004711896795470238,0.0,0.0,0.0,0.0,0.0,,,,,,,
-0.002838762477040291,imappo,8.471489110206676e-08,-1.9263163805007935,0.0006608869623207736,1130.0,,,,,,,,,,,,,,0.3492830943647882,,,,,0.017762109637260437,7.732599624432623e-05
,imappo,,,,1130.0,0.0,0.0,0.0038663000850647222,0.0,0.0,0.0,0.0,0.0038663000850647222,0.0,0.0,0.0,0.0,0.0,,,,,,,
-0.004385781474411488,imappo,3.786244562320462e-08,-1.4285343885421753,0.0006605868622874292,1131.0,,,,,,,,,,,,,,0.34914971657219074,,,,,0.028902772814035416,5.5378313845722005e-05
,imappo,,,,1131.0,0.0,0.0,0.0027689156544283833,0.0,0.0,0.0,0.0,0.0027689156544283833,0.0,0.0,0.0,0.0,0.0,,,,,,,
0.014980969950556755,imappo,1.3458703485014212e-08,-0.7400364875793457,0.0006602867622540847,1132.0,,,,,,,,,,,,,,0.34901633877959315,,,,,0.03465590998530388,5.6287357438122854e-05
,imappo,,,,1132.0,0.0,0.0,0.002814367648284133,0.0,0.0,0.0,0.0,0.002814367648284133,0.0,0.0,0.0,0.0,0.0,,,,,,,
-0.007534580305218697,imappo,3.237998313920798e-08,-0.4881893992424011,0.0006599866622207403,1133.0,,,,,,,,,,,,,,0.34888296098699567,,,,,0.030788466334342957,4.531356171355583e-05
,imappo,,,,1133.0,0.0,0.0,0.002265678103412938,0.0,0.0,0.0,0.0,0.002265678103412938,0.0,0.0,0.0,0.0,0.0,,,,,,,
0.0006973322597332299,imappo,4.717663770748004e-08,-1.261290192604065,0.0006596865621873959,1134.0,,,,,,,,,,,,,,0.3487495831943981,,,,,0.02840079367160797,5.142938971403055e-05
,imappo,,,,1134.0,0.0,0.0,0.002571469152599093,0.0,0.0,0.0,0.0,0.002571469152599093,0.0,0.0,0.0,0.0,0.0,,,,,,,
-0.013209894299507141,imappo,9.370459963520261e-09,-1.0797752141952515,0.0006593864621540514,1135.0,,,,,,,,,,,,,,0.3486162054018006,,,,,0.029581917449831963,4.3632167944451794e-05
,imappo,,,,1135.0,0.0,0.0,0.002181608340833918,0.0,0.0,0.0,0.0,0.002181608340833918,0.0,0.0,0.0,0.0,0.0,,,,,,,
-0.00024438422406092286,imappo,4.622835092504829e-08,-0.47766393423080444,0.0006590863621207069,1136.0,,,,,,,,,,,,,,0.348482827609203,,,,,0.02945915423333645,4.8818765208125114e-05
,imappo,,,,1136.0,0.0,0.0,0.0024409382660905976,0.0,0.0,0.0,0.0,0.0024409382660905976,0.0,0.0,0.0,0.0,0.0,,,,,,,
0.0030661392956972122,imappo,4.256009233927216e-08,-2.0317344665527344,0.0006587862620873625,1137.0,,,,,,,,,,,,,,0.34834944981660554,,,,,0.03129833936691284,6.344643770717084e-05
,imappo,,,,1137.0,0.0,0.0,0.003172321837972447,0.0,0.0,0.0,0.0,0.003172321837972447,0.0,0.0,0.0,0.0,0.0,,,,,,,
-0.004262150265276432,imappo,1.4719553576014732e-08,-0.8107581734657288,0.000658486162054018,1138.0,,,,,,,,,,,,,,0.34821607202400795,,,,,0.03085111826658249,4.328750219428912e-05
,imappo,,,,1138.0,0.0,0.0,0.0021643749536224277,0.0,0.0,0.0,0.0,0.0021643749536224277,0.0,0.0,0.0,0.0,0.0,,,,,,,
-1.0537216439843178e-05,imappo,2.8479941960313226e-08,-0.8153846263885498,0.0006581860620206736,1139.0,,,,,,,,,,,,,,0.34808269423141047,,,,,0.027973271906375885,5.56242375751026e-05
,imappo,,,,1139.0,0.0,0.0,0.0027812117768917233,0.0,0.0,0.0,0.0,0.0027812117768917233,0.0,0.0,0.0,0.0,0.0,,,,,,,
0.037508707493543625,imappo,5.468108188466658e-09,-2.1208760738372803,0.0006578859619873292,1140.0,,,,,,,,,,,,,,0.3479493164388129,,,,,0.02445744164288044,6.765748548787087e-05
,imappo,,,,1140.0,0.0,0.0,0.0033828741825345787,0.0,0.0,0.0,0.0,0.0033828741825345787,0.0,0.0,0.0,0.0,0.0,,,,,,,
0.011073771864175797,imappo,5.960322901898962e-09,-0.7976275086402893,0.0006575858619539847,1141.0,,,,,,,,,,,,,,0.3478159386462154,,,,,0.029740523546934128,4.432692367117852e-05
,imappo,,,,1141.0,0.0,0.0,0.0022163463072502054,0.0,0.0,0.0,0.0,0.0022163463072502054,0.0,0.0,0.0,0.0,0.0,,,,,,,
0.006745168939232826,imappo,4.231564787460229e-08,-1.8248262405395508,0.0006572857619206403,1142.0,,,,,,,,,,,,,,0.3476825608536179,,,,,0.018440473824739456,7.576362986583263e-05
,imappo,,,,1142.0,0.0,0.0,0.0037881816997469286,0.0,0.0,0.0,0.0,0.0037881816997469286,0.0,0.0,0.0,0.0,0.0,,,,,,,
0.000289139396045357,imappo,6.697321452975302e-08,-1.0263793468475342,0.0006569856618872957,1143.0,,,,,,,,,,,,,,0.34754918306102034,,,,,0.030564382672309875,4.5449425670085475e-05
,imappo,,,,1143.0,0.0,0.0,0.002272471319088254,0.0,0.0,0.0,0.0,0.002272471319088254,0.0,0.0,0.0,0.0,0.0,,,,,,,
-0.0011265059001743793,imappo,3.663592806901761e-08,-1.7252520322799683,0.0006566855618539513,1144.0,,,,,,,,,,,,,,0.3474158052684228,,,,,0.030760925263166428,5.6590462918393314e-05
,imappo,,,,1144.0,0.0,0.0,0.002829523128298206,0.0,0.0,0.0,0.0,0.002829523128298206,0.0,0.0,0.0,0.0,0.0,,,,,,,
0.003774368902668357,imappo,4.3096587631907823e-08,-2.045799970626831,0.0006563854618206069,1145.0,,,,,,,,,,,,,,0.3472824274758253,,,,,0.03182157501578331,6.681468221358955e-05
,imappo,,,,1145.0,0.0,0.0,0.003340734031894499,0.0,0.0,0.0,0.0,0.003340734031894499,0.0,0.0,0.0,0.0,0.0,,,,,,,
0.01523834653198719,imappo,2.010311135336451e-07,-1.7733477354049683,0.0006560853617872625,1146.0,,,,,,,,,,,,,,0.34714904968322774,,,,,0.01903173141181469,7.036154420347884e-05
,imappo,,,,1146.0,0.0,0.0,0.0035180767818019376,0.0,0.0,0.0,0.0,0.0035180767818019376,0.0,0.0,0.0,0.0,0.0,,,,,,,
-0.013478278182446957,imappo,1.763438284285712e-08,-0.8132316470146179,0.000655785261753918,1147.0,,,,,,,,,,,,,,0.3470156718906302,,,,,0.02712765336036682,5.248183515504934e-05
,imappo,,,,1147.0,0.0,0.0,0.0026240916158712935,0.0,0.0,0.0,0.0,0.0026240916158712935,0.0,0.0,0.0,0.0,0.0,,,,,,,
-0.008268089033663273,imappo,4.3836152485710045e-08,-1.2348415851593018,0.0006554851617205736,1148.0,,,,,,,,,,,,,,0.3468822940980327,,,,,0.027802901342511177,5.0618647946976125e-05
,imappo,,,,1148.0,0.0,0.0,0.002530932485996118,0.0,0.0,0.0,0.0,0.002530932485996118,0.0,0.0,0.0,0.0,0.0,,,,,,,
0.012253157794475555,imappo,4.039410583800418e-08,-1.0839277505874634,0.0006551850616872291,1149.0,,,,,,,,,,,,,,0.34674891630543514,,,,,0.02891020104289055,4.395974247017875e-05
,imappo,,,,1149.0,0.0,0.0,0.00219798732456411,0.0,0.0,0.0,0.0,0.00219798732456411,0.0,0.0,0.0,0.0,0.0,,,,,,,
-0.005097940098494291,imappo,7.277106028880098e-09,-0.7991093397140503,0.0006548849616538847,1150.0,,,,,,,,,,,,,,0.3466155385128376,,,,,0.02742185816168785,5.0389709940645844e-05
,imappo,,,,1150.0,0.0,0.0,0.00251948541236402,0.0,0.0,0.0,0.0,0.00251948541236402,0.0,0.0,0.0,0.0,0.0,,,,,,,
-0.00835402961820364,imappo,3.895223343874932e-08,-0.8784198760986328,0.0006545848616205403,1151.0,,,,,,,,,,,,,,0.3464821607202401,,,,,0.03249167650938034,8.828390127746388e-05
,imappo,,,,1151.0,0.0,0.0,0.004414195631397888,0.0,0.0,0.0,0.0,0.004414195631397888,0.0,0.0,0.0,0.0,0.0,,,,,,,
0.008482186123728752,imappo,2.8718798006366342e-08,-2.1152405738830566,0.0006542847615871957,1152.0,,,,,,,,,,,,,,0.34634878292764254,,,,,0.029831230640411377,5.857104406459257e-05
,imappo,,,,1152.0,0.0,0.0,0.002928552574758214,0.0,0.0,0.0,0.0,0.002928552574758214,0.0,0.0,0.0,0.0,0.0,,,,,,,
-0.005158970598131418,imappo,1.7796379481183067e-08,-0.4419870972633362,0.0006539846615538512,1153.0,,,,,,,,,,,,,,0.346215405135045,,,,,0.029371602460741997,4.995158815290779e-05
,imappo,,,,1153.0,0.0,0.0,0.0024975796591206745,0.0,0.0,0.0,0.0,0.0024975796591206745,0.0,0.0,0.0,0.0,0.0,,,,,,,
0.002330843359231949,imappo,1.9364108538866276e-08,-1.8392956256866455,0.0006536845615205068,1154.0,,,,,,,,,,,,,,0.3460820273424475,,,,,0.028499338775873184,6.860183202661574e-05
,imappo,,,,1154.0,0.0,0.0,0.003430091839618399,0.0,0.0,0.0,0.0,0.003430091839618399,0.0,0.0,0.0,0.0,0.0,,,,,,,
-0.009048236533999443,imappo,4.679142406871506e-09,-0.7579942345619202,0.0006533844614871624,1155.0,,,,,,,,,,,,,,0.34594864954984994,,,,,0.032414890825748444,5.4493477364303544e-05
,imappo,,,,1155.0,0.0,0.0,0.002724673857983362,0.0,0.0,0.0,0.0,0.002724673857983362,0.0,0.0,0.0,0.0,0.0,,,,,,,
-0.004381432197988033,imappo,7.250806621783568e-09,-0.8989794850349426,0.000653084361453818,1156.0,,,,,,,,,,,,,,0.3458152717572524,,,,,0.02876117452979088,8.779657946433872e-05
,imappo,,,,1156.0,0.0,0.0,0.00438982905143348,0.0,0.0,0.0,0.0,0.00438982905143348,0.0,0.0,0.0,0.0,0.0,,,,,,,
0.00790406297892332,imappo,5.502676714286281e-08,-2.003584384918213,0.0006527842614204736,1157.0,,,,,,,,,,,,,,0.3456818939646549,,,,,0.018614616245031357,8.45031245262362e-05
,imappo,,,,1157.0,0.0,0.0,0.004225156069878722,0.0,0.0,0.0,0.0,0.004225156069878722,0.0,0.0,0.0,0.0,0.0,,,,,,,
-0.01239540334790945,imappo,2.3178442276616806e-08,-0.45669081807136536,0.0006524841613871291,1158.0,,,,,,,,,,,,,,0.34554851617205734,,,,,0.029498755931854248,4.631655247067101e-05
,imappo,,,,1158.0,0.0,0.0,0.0023158275998866884,0.0,0.0,0.0,0.0,0.0023158275998866884,0.0,0.0,0.0,0.0,0.0,,,,,,,
-0.0012858789414167404,imappo,5.492508492466186e-08,-1.0155103206634521,0.0006521840613537847,1159.0,,,,,,,,,,,,,,0.3454151383794598,,,,,0.027625849470496178,9.078416769625619e-05
,imappo,,,,1159.0,0.0,0.0,0.004539208093774505,0.0,0.0,0.0,0.0,0.004539208093774505,0.0,0.0,0.0,0.0,0.0,,,,,,,
-0.001899557188153267,imappo,2.8735644974631214e-08,-1.3860633373260498,0.0006518839613204402,1160.0,,,,,,,,,,,,,,0.3452817605868623,,,,,0.029892679303884506,5.776153921033256e-05
,imappo,,,,1160.0,0.0,0.0,0.0028880768577437266,0.0,0.0,0.0,0.0,0.0028880768577437266,0.0,0.0,0.0,0.0,0.0,,,,,,,
-0.007656019646674395,imappo,1.7847751720978522e-08,-0.39629292488098145,0.0006515838612870957,1161.0,,,,,,,,,,,,,,0.34514838279426474,,,,,0.027857951819896698,4.504188473219983e-05
,imappo,,,,1161.0,0.0,0.0,0.002252094051982567,0.0,0.0,0.0,0.0,0.002252094051982567,0.0,0.0,0.0,0.0,0.0,,,,,,,
0.0006584031507372856,imappo,2.43636115726531e-08,-1.6809202432632446,0.0006512837612537513,1162.0,,,,,,,,,,,,,,0.3450150050016672,,,,,0.030224300920963287,6.335906800813973e-05
,imappo,,,,1162.0,0.0,0.0,0.0031679531617001544,0.0,0.0,0.0,0.0,0.0031679531617001544,0.0,0.0,0.0,0.0,0.0,,,,,,,
0.0023404466919600964,imappo,3.055427555409551e-08,-2.1447997093200684,0.0006509836612204068,1163.0,,,,,,,,,,,,,,0.3448816272090697,,,,,0.028292246162891388,6.616814789595082e-05
,imappo,,,,1163.0,0.0,0.0,0.003308407598751728,0.0,0.0,0.0,0.0,0.003308407598751728,0.0,0.0,0.0,0.0,0.0,,,,,,,
0.0021318369545042515,imappo,2.8208734903500954e-08,-0.8939776420593262,0.0006506835611870623,1164.0,,,,,,,,,,,,,,0.34474824941647214,,,,,0.031830981373786926,4.347469803178683e-05
,imappo,,,,1164.0,0.0,0.0,0.0021737349693466967,0.0,0.0,0.0,0.0,0.0021737349693466967,0.0,0.0,0.0,0.0,0.0,,,,,,,
0.01649366319179535,imappo,1.0886253676289925e-08,-1.7670743465423584,0.0006503834611537179,1165.0,,,,,,,,,,,,,,0.3446148716238746,,,,,0.028630796819925308,5.954474545433186e-05
,imappo,,,,1165.0,0.0,0.0,0.002977237353320561,0.0,0.0,0.0,0.0,0.002977237353320561,0.0,0.0,0.0,0.0,0.0,,,,,,,
0.1493307501077652,imappo,7.569051163613949e-09,-1.6777324676513672,0.0006500833611203735,1166.0,,,,,,,,,,,,,,0.3444814938312771,,,,,0.027620315551757812,5.775809404440224e-05
,imappo,,,,1166.0,0.0,0.0,0.0028879049582428706,0.0,0.0,0.0,0.0,0.0028879049582428706,0.0,0.0,0.0,0.0,0.0,,,,,,,
-0.0072478000074625015,imappo,4.262379960096041e-08,-0.7658907175064087,0.0006497832610870291,1167.0,,,,,,,,,,,,,,0.34434811603867954,,,,,0.028402190655469894,3.9514852687716484e-05
,imappo,,,,1167.0,0.0,0.0,0.0019757428823368173,0.0,0.0,0.0,0.0,0.0019757428823368173,0.0,0.0,0.0,0.0,0.0,,,,,,,
0.011938292533159256,imappo,6.089010184950894e-08,-1.337735891342163,0.0006494831610536846,1168.0,,,,,,,,,,,,,,0.344214738246082,,,,,0.031104449182748795,5.892628905712627e-05
,imappo,,,,1168.0,0.0,0.0,0.0029463146421448982,0.0,0.0,0.0,0.0,0.0029463146421448982,0.0,0.0,0.0,0.0,0.0,,,,,,,
0.02220107428729534,imappo,4.248235541126633e-09,-2.14827299118042,0.0006491830610203402,1169.0,,,,,,,,,,,,,,0.3440813604534845,,,,,0.02645638957619667,5.5924596381373703e-05
,imappo,,,,1169.0,0.0,0.0,0.0027962298609054415,0.0,0.0,0.0,0.0,0.0027962298609054415,0.0,0.0,0.0,0.0,0.0,,,,,,,
-0.01104281097650528,imappo,8.216159308460647e-09,-1.0397911071777344,0.0006488829609869956,1170.0,,,,,,,,,,,,,,0.34394798266088694,,,,,0.025271188467741013,9.147747186943889e-05
,imappo,,,,1170.0,0.0,0.0,0.0045738734847873275,0.0,0.0,0.0,0.0,0.0045738734847873275,0.0,0.0,0.0,0.0,0.0,,,,,,,
-0.00249457242898643,imappo,1.3725261815977774e-08,-1.1045591831207275,0.0006485828609536512,1171.0,,,,,,,,,,,,,,0.3438146048682894,,,,,0.02976560965180397,4.636569428839721e-05
,imappo,,,,1171.0,0.0,0.0,0.0023182848581200233,0.0,0.0,0.0,0.0,0.0023182848581200233,0.0,0.0,0.0,0.0,0.0,,,,,,,
-0.007073330692946911,imappo,1.756892586968206e-08,-1.0018459558486938,0.0006482827609203068,1172.0,,,,,,,,,,,,,,0.3436812270756919,,,,,0.031190641224384308,4.4388511014403775e-05
,imappo,,,,1172.0,0.0,0.0,0.00221942556603949,0.0,0.0,0.0,0.0,0.00221942556603949,0.0,0.0,0.0,0.0,0.0,,,,,,,
-0.0011432059109210968,imappo,4.673094267104716e-08,-1.9479622840881348,0.0006479826608869624,1173.0,,,,,,,,,,,,,,0.34354784928309434,,,,,0.027587391436100006,7.47452286304906e-05
,imappo,,,,1173.0,0.0,0.0,0.003737261467904318,0.0,0.0,0.0,0.0,0.003737261467904318,0.0,0.0,0.0,0.0,0.0,,,,,,,
-0.001392063102684915,imappo,3.640342427502219e-08,-2.0511581897735596,0.0006476825608536179,1174.0,,,,,,,,,,,,,,0.34341447149049686,,,,,0.0195419043302536,7.465293310815468e-05
,imappo,,,,1174.0,0.0,0.0,0.003732646948492402,0.0,0.0,0.0,0.0,0.003732646948492402,0.0,0.0,0.0,0.0,0.0,,,,,,,
0.03680663928389549,imappo,7.79152813379369e-08,-2.346853017807007,0.0006473824608202734,1175.0,,,,,,,,,,,,,,0.3432810936978993,,,,,0.0255003459751606,6.891897646710277e-05
,imappo,,,,1175.0,0.0,0.0,0.003445948497756035,0.0,0.0,0.0,0.0,0.003445948497756035,0.0,0.0,0.0,0.0,0.0,,,,,,,
-0.0004587032017298043,imappo,6.102681027186918e-08,-1.467820405960083,0.000647082360786929,1176.0,,,,,,,,,,,,,,0.3431477159053018,,,,,0.03027678094804287,5.5509219237137586e-05
,imappo,,,,1176.0,0.0,0.0,0.002775460969530741,0.0,0.0,0.0,0.0,0.002775460969530741,0.0,0.0,0.0,0.0,0.0,,,,,,,
-0.007106390781700611,imappo,4.4348876571120854e-08,-1.1981614828109741,0.0006467822607535846,1177.0,,,,,,,,,,,,,,0.3430143381127042,,,,,0.02393908053636551,0.00010570167796686292
,imappo,,,,1177.0,0.0,0.0,0.005285083674607449,0.0,0.0,0.0,0.0,0.005285083674607449,0.0,0.0,0.0,0.0,0.0,,,,,,,
0.03987725451588631,imappo,4.473612591482379e-08,-2.0651495456695557,0.0006464821607202402,1178.0,,,,,,,,,,,,,,0.34288096032010673,,,,,0.017911847680807114,6.868362834211439e-05
,imappo,,,,1178.0,0.0,0.0,0.003434181304271533,0.0,0.0,0.0,0.0,0.003434181304271533,0.0,0.0,0.0,0.0,0.0,,,,,,,
-0.0013921598438173532,imappo,1.049058511171097e-07,-1.013648509979248,0.0006461820606868956,1179.0,,,,,,,,,,,,,,0.34274758252750914,,,,,0.031146105378866196,2.573487290646881e-05
,imappo,,,,1179.0,0.0,0.0,0.0012867437067143328,0.0,0.0,0.0,0.0,0.0012867437067143328,0.0,0.0,0.0,0.0,0.0,,,,,,,
-0.015024570748209953,imappo,3.8120185763546033e-07,-0.4571772813796997,0.0006458819606535512,1180.0,,,,,,,,,,,,,,0.34261420473491166,,,,,0.02946201153099537,3.191472569596954e-05
,imappo,,,,1180.0,0.0,0.0,0.00159573632009824,0.0,0.0,0.0,0.0,0.00159573632009824,0.0,0.0,0.0,0.0,0.0,,,,,,,
-0.003156662918627262,imappo,2.2067143845561077e-07,-0.42637181282043457,0.0006455818606202067,1181.0,,,,,,,,,,,,,,0.3424808269423141,,,,,0.027504604309797287,4.5967710320837796e-05
,imappo,,,,1181.0,0.0,0.0,0.0022983855842539924,0.0,0.0,0.0,0.0,0.0022983855842539924,0.0,0.0,0.0,0.0,0.0,,,,,,,
0.013932771049439907,imappo,2.451533589464816e-07,-1.7390199899673462,0.0006452817605868623,1182.0,,,,,,,,,,,,,,0.3423474491497166,,,,,0.028539706021547318,5.634171247947961e-05
,imappo,,,,1182.0,0.0,0.0,0.002817085778286099,0.0,0.0,0.0,0.0,0.002817085778286099,0.0,0.0,0.0,0.0,0.0,,,,,,,
-0.006151147186756134,imappo,2.0714358228701713e-08,-1.0577818155288696,0.0006449816605535179,1183.0,,,,,,,,,,,,,,0.342214071357119,,,,,0.028429489582777023,4.636036101146601e-05
,imappo,,,,1183.0,0.0,0.0,0.002318018212690731,0.0,0.0,0.0,0.0,0.002318018212690731,0.0,0.0,0.0,0.0,0.0,,,,,,,
0.0024199052713811398,imappo,3.410158555539056e-08,-1.3691340684890747,0.0006446815605201735,1184.0,,,,,,,,,,,,,,0.34208069356452153,,,,,0.029232516884803772,5.536805838346481e-05
,imappo,,,,1184.0,0.0,0.0,0.0027684027274972323,0.0,0.0,0.0,0.0,0.0027684027274972323,0.0,0.0,0.0,0.0,0.0,,,,,,,
0.0062391990795731544,imappo,1.1912149489035073e-07,-1.8943758010864258,0.000644381460486829,1185.0,,,,,,,,,,,,,,0.34194731577192394,,,,,0.02647615782916546,7.378801092272624e-05
,imappo,,,,1185.0,0.0,0.0,0.003689400641633256,0.0,0.0,0.0,0.0,0.003689400641633256,0.0,0.0,0.0,0.0,0.0,,,,,,,
-0.00034317909739911556,imappo,1.1414604017545571e-07,-0.5059464573860168,0.0006440813604534845,1186.0,,,,,,,,,,,,,,0.34181393797932647,,,,,0.028675761073827744,6.109801324782893e-05
,imappo,,,,1186.0,0.0,0.0,0.003054900900906432,0.0,0.0,0.0,0.0,0.003054900900906432,0.0,0.0,0.0,0.0,0.0,,,,,,,
-0.008279481902718544,imappo,4.916005380550814e-08,-1.104920744895935,0.00064378126042014,1187.0,,,,,,,,,,,,,,0.3416805601867289,,,,,0.030314335599541664,3.2425381505163386e-05
,imappo,,,,1187.0,0.0,0.0,0.0016212691760557618,0.0,0.0,0.0,0.0,0.0016212691760557618,0.0,0.0,0.0,0.0,0.0,,,,,,,
-0.00030674540903419256,imappo,4.8909942762520586e-08,-2.30661940574646,0.0006434811603867956,1188.0,,,,,,,,,,,,,,0.3415471823941314,,,,,0.03183278813958168,6.427839252864942e-05
,imappo,,,,1188.0,0.0,0.0,0.00321391973648133,0.0,0.0,0.0,0.0,0.00321391973648133,0.0,0.0,0.0,0.0,0.0,,,,,,,
-0.00363203976303339,imappo,2.0037015602270003e-08,-0.8610360622406006,0.0006431810603534512,1189.0,,,,,,,,,,,,,,0.3414138046015338,,,,,0.028550751507282257,4.71214261779096e-05
,imappo,,,,1189.0,0.0,0.0,0.002356071066969889,0.0,0.0,0.0,0.0,0.002356071066969889,0.0,0.0,0.0,0.0,0.0,,,,,,,
-0.006313640158623457,imappo,2.100178164710087e-08,-0.40996053814888,0.0006428809603201067,1190.0,,,,,,,,,,,,,,0.34128042680893633,,,,,0.024362504482269287,5.087413956061937e-05
,imappo,,,,1190.0,0.0,0.0,0.0025437070979705823,0.0,0.0,0.0,0.0,0.0025437070979705823,0.0,0.0,0.0,0.0,0.0,,,,,,,
-0.01372749637812376,imappo,1.8308574212255735e-08,-1.4259271621704102,0.0006425808602867623,1191.0,,,,,,,,,,,,,,0.34114704901633874,,,,,0.029265284538269043,5.7871384342433885e-05
,imappo,,,,1191.0,0.0,0.0,0.0028935694011806845,0.0,0.0,0.0,0.0,0.0028935694011806845,0.0,0.0,0.0,0.0,0.0,,,,,,,
0.0060627516359090805,imappo,1.617221734306895e-08,-1.3516337871551514,0.0006422807602534178,1192.0,,,,,,,,,,,,,,0.34101367122374127,,,,,0.0275166854262352,5.400074223871343e-05
,imappo,,,,1192.0,0.0,0.0,0.002700037076465378,0.0,0.0,0.0,0.0,0.002700037076465378,0.0,0.0,0.0,0.0,0.0,,,,,,,
0.003214371856302023,imappo,2.0160726421636355e-08,-0.9183916449546814,0.0006419806602200734,1193.0,,,,,,,,,,,,,,0.3408802934311437,,,,,0.033919449895620346,6.885172479087487e-05
,imappo,,,,1193.0,0.0,0.0,0.003442586169057904,0.0,0.0,0.0,0.0,0.003442586169057904,0.0,0.0,0.0,0.0,0.0,,,,,,,
-0.007603265345096588,imappo,1.9848018339985174e-08,-2.1703996658325195,0.000641680560186729,1194.0,,,,,,,,,,,,,,0.3407469156385462,,,,,0.029164839535951614,6.609209231100976e-05
,imappo,,,,1194.0,0.0,0.0,0.0033046050302800722,0.0,0.0,0.0,0.0,0.0033046050302800722,0.0,0.0,0.0,0.0,0.0,,,,,,,
0.019152047112584114,imappo,7.178203986768494e-08,-1.8937463760375977,0.0006413804601533846,1195.0,,,,,,,,,,,,,,0.3406135378459486,,,,,0.020180685445666313,7.480666681658477e-05
,imappo,,,,1195.0,0.0,0.0,0.003740333475434454,0.0,0.0,0.0,0.0,0.003740333475434454,0.0,0.0,0.0,0.0,0.0,,,,,,,
0.001339268172159791,imappo,2.096090589986943e-08,-2.1091578006744385,0.00064108036012004,1196.0,,,,,,,,,,,,,,0.34048016005335113,,,,,0.023954305797815323,6.977954035392031e-05
,imappo,,,,1196.0,0.0,0.0,0.003488976952212397,0.0,0.0,0.0,0.0,0.003488976952212397,0.0,0.0,0.0,0.0,0.0,,,,,,,
-0.010305202566087246,imappo,2.8834042709036112e-08,-0.8861886858940125,0.0006407802600866955,1197.0,,,,,,,,,,,,,,0.34034678226075354,,,,,0.02997836470603943,5.89064002269879e-05
,imappo,,,,1197.0,0.0,0.0,0.0029453199549607234,0.0,0.0,0.0,0.0,0.0029453199549607234,0.0,0.0,0.0,0.0,0.0,,,,,,,
-0.0023163482546806335,imappo,2.7525437928943575e-08,-0.6298061013221741,0.0006404801600533511,1198.0,,,,,,,,,,,,,,0.34021340446815607,,,,,0.03485770523548126,5.263644197839312e-05
,imappo,,,,1198.0,0.0,0.0,0.0026318223101498006,0.0,0.0,0.0,0.0,0.0026318223101498006,0.0,0.0,0.0,0.0,0.0,,,,,,,
-0.008529700338840485,imappo,3.240311485797065e-08,-0.2877718210220337,0.0006401800600200067,1199.0,,,,,,,,,,,,,,0.3400800266755585,,,,,0.024574358016252518,5.571624205913395e-05
,imappo,,,,1199.0,0.0,0.0,0.002785812046568026,0.0,0.0,0.0,0.0,0.002785812046568026,0.0,0.0,0.0,0.0,0.0,,,,,,,
,imappo,,,,1199.0,,,,,,,,,,,,,,,0.0,0.0,0.0,0.0,,
0.02258116938173771,imappo,2.6486638660117023e-08,-2.026491641998291,0.0006398799599866623,1200.0,,,,,,,,,,,,,,0.339946648882961,,,,,0.022019922733306885,6.94173140800558e-05
,imappo,,,,1200.0,0.0,0.0,0.003470865829513059,0.0,0.0,0.0,0.0,0.003470865829513059,0.0,0.0,0.0,0.0,0.0,,,,,,,
-0.010335355997085571,imappo,2.478167004937859e-09,-0.4397316873073578,0.0006395798599533178,1201.0,,,,,,,,,,,,,,0.3398132710903634,,,,,0.03148601949214935,4.4378790335031226e-05
,imappo,,,,1201.0,0.0,0.0,0.0022189397186025417,0.0,0.0,0.0,0.0,0.0022189397186025417,0.0,0.0,0.0,0.0,0.0,,,,,,,
-0.011676684021949768,imappo,1.249732672903292e-08,-0.422062486410141,0.0006392797599199733,1202.0,,,,,,,,,,,,,,0.33967989329776593,,,,,0.029872821643948555,4.9554331781109795e-05
,imappo,,,,1202.0,0.0,0.0,0.0024777166124749783,0.0,0.0,0.0,0.0,0.0024777166124749783,0.0,0.0,0.0,0.0,0.0,,,,,,,
-0.0027506696060299873,imappo,8.607649704117648e-09,-0.7057221531867981,0.0006389796598866289,1203.0,,,,,,,,,,,,,,0.33954651550516834,,,,,0.029426878318190575,4.6501056203851476e-05
,imappo,,,,1203.0,0.0,0.0,0.002325052864762256,0.0,0.0,0.0,0.0,0.002325052864762256,0.0,0.0,0.0,0.0,0.0,,,,,,,
0.002789198886603117,imappo,7.003706059549586e-09,-0.9076603055000305,0.0006386795598532845,1204.0,,,,,,,,,,,,,,0.33941313771257087,,,,,0.03211662545800209,8.356887701665983e-05
,imappo,,,,1204.0,0.0,0.0,0.004178444112767465,0.0,0.0,0.0,0.0,0.004178444112767465,0.0,0.0,0.0,0.0,0.0,,,,,,,
-0.007420496083796024,imappo,3.854992769447563e-08,-1.743027925491333,0.00063837945981994,1205.0,,,,,,,,,,,,,,0.3392797599199733,,,,,0.029302196577191353,5.969698395347223e-05
,imappo,,,,1205.0,0.0,0.0,0.0029848495569240185,0.0,0.0,0.0,0.0,0.0029848495569240185,0.0,0.0,0.0,0.0,0.0,,,,,,,
-0.0032355780713260174,imappo,1.09764268785284e-08,-1.7149713039398193,0.0006380793597865956,1206.0,,,,,,,,,,,,,,0.3391463821273758,,,,,0.02866435796022415,5.898994277231395e-05
,imappo,,,,1206.0,0.0,0.0,0.0029494970672203635,0.0,0.0,0.0,0.0,0.0029494970672203635,0.0,0.0,0.0,0.0,0.0,,,,,,,
-0.003428773023188114,imappo,1.0774126479873303e-08,-0.5002194046974182,0.0006377792597532511,1207.0,,,,,,,,,,,,,,0.3390130043347782,,,,,0.02639508619904518,4.389491368783638e-05
,imappo,,,,1207.0,0.0,0.0,0.002194745734186654,0.0,0.0,0.0,0.0,0.002194745734186654,0.0,0.0,0.0,0.0,0.0,,,,,,,
-0.005141022615134716,imappo,9.152896218722617e-09,-1.0051268339157104,0.0006374791597199066,1208.0,,,,,,,,,,,,,,0.33887962654218073,,,,,0.03084695339202881,4.794280539499596e-05
,imappo,,,,1208.0,0.0,0.0,0.002397140458015201,0.0,0.0,0.0,0.0,0.002397140458015201,0.0,0.0,0.0,0.0,0.0,,,,,,,
-0.014520836062729359,imappo,2.271250965080185e-09,-0.7727501392364502,0.0006371790596865622,1209.0,,,,,,,,,,,,,,0.33874624874958315,,,,,0.0296541266143322,4.273463491699658e-05
,imappo,,,,1209.0,0.0,0.0,0.0021367316746818688,0.0,0.0,0.0,0.0,0.0021367316746818688,0.0,0.0,0.0,0.0,0.0,,,,,,,
0.026339102536439896,imappo,4.505513295782748e-09,-1.9149210453033447,0.0006368789596532178,1210.0,,,,,,,,,,,,,,0.33861287095698567,,,,,0.02798650786280632,6.220956856850535e-05
,imappo,,,,1210.0,0.0,0.0,0.0031104782601687475,0.0,0.0,0.0,0.0,0.0031104782601687475,0.0,0.0,0.0,0.0,0.0,,,,,,,
0.015297440811991692,imappo,1.9687107055688102e-08,-1.861893892288208,0.0006365788596198734,1211.0,,,,,,,,,,,,,,0.3384794931643881,,,,,0.031487829983234406,6.351691263262182e-05
,imappo,,,,1211.0,0.0,0.0,0.0031758456987063255,0.0,0.0,0.0,0.0,0.0031758456987063255,0.0,0.0,0.0,0.0,0.0,,,,,,,
-0.005004575941711664,imappo,1.6054320539637956e-08,-0.39841175079345703,0.0006362787595865289,1212.0,,,,,,,,,,,,,,0.3383461153717906,,,,,0.02569345012307167,4.102965976926498e-05
,imappo,,,,1212.0,0.0,0.0,0.0020514830489446467,0.0,0.0,0.0,0.0,0.0020514830489446467,0.0,0.0,0.0,0.0,0.0,,,,,,,
0.005464968737214804,imappo,2.102743046350497e-08,-1.9400153160095215,0.0006359786595531844,1213.0,,,,,,,,,,,,,,0.338212737579193,,,,,0.029217079281806946,6.177843897603452e-05
,imappo,,,,1213.0,0.0,0.0,0.00308892204429867,0.0,0.0,0.0,0.0,0.00308892204429867,0.0,0.0,0.0,0.0,0.0,,,,,,,
-0.0019704413134604692,imappo,2.4045812008210987e-09,-1.8835605382919312,0.00063567855951984,1214.0,,,,,,,,,,,,,,0.33807935978659553,,,,,0.02674529142677784,5.868378866580315e-05
,imappo,,,,1214.0,0.0,0.0,0.002934189450570557,0.0,0.0,0.0,0.0,0.002934189450570557,0.0,0.0,0.0,0.0,0.0,,,,,,,
0.06475702673196793,imappo,7.383071043420841e-09,-1.9911586046218872,0.0006353784594864955,1215.0,,,,,,,,,,,,,,0.33794598199399795,,,,,0.02747102454304695,6.456070696003735e-05
,imappo,,,,1215.0,0.0,0.0,0.0032280356681440026,0.0,0.0,0.0,0.0,0.0032280356681440026,0.0,0.0,0.0,0.0,0.0,,,,,,,
0.004790093284100294,imappo,2.6015877452323366e-08,-0.9173137545585632,0.0006350783594531511,1216.0,,,,,,,,,,,,,,0.33781260420140047,,,,,0.029295921325683594,4.458828698261641e-05
,imappo,,,,1216.0,0.0,0.0,0.002229414345066294,0.0,0.0,0.0,0.0,0.002229414345066294,0.0,0.0,0.0,0.0,0.0,,,,,,,
-0.00013520201900973916,imappo,2.6564412891616485e-09,-1.1591572761535645,0.0006347782594198066,1217.0,,,,,,,,,,,,,,0.3376792264088029,,,,,0.028545528650283813,5.488494934979826e-05
,imappo,,,,1217.0,0.0,0.0,0.002744247227838059,0.0,0.0,0.0,0.0,0.002744247227838059,0.0,0.0,0.0,0.0,0.0,,,,,,,
0.009604163467884064,imappo,9.687661339796705e-09,-1.713629126548767,0.0006344781593864622,1218.0,,,,,,,,,,,,,,0.3375458486162054,,,,,0.026736244559288025,6.886737537570298e-05
,imappo,,,,1218.0,0.0,0.0,0.0034433684895702754,0.0,0.0,0.0,0.0,0.0034433684895702754,0.0,0.0,0.0,0.0,0.0,,,,,,,
-0.00733650429174304,imappo,2.500697604546076e-08,-1.0065789222717285,0.0006341780593531177,1219.0,,,,,,,,,,,,,,0.33741247082360787,,,,,0.028620555996894836,4.1331059037474915e-05
,imappo,,,,1219.0,0.0,0.0,0.00206655285933266,0.0,0.0,0.0,0.0,0.00206655285933266,0.0,0.0,0.0,0.0,0.0,,,,,,,
-0.008556267246603966,imappo,4.2821786117031024e-09,-0.7541022300720215,0.0006338779593197733,1220.0,,,,,,,,,,,,,,0.33727909303101034,,,,,0.028436651453375816,5.163501191418618e-05
,imappo,,,,1220.0,0.0,0.0,0.0025817505415943742,0.0,0.0,0.0,0.0,0.0025817505415943742,0.0,0.0,0.0,0.0,0.0,,,,,,,
-0.002492841798812151,imappo,1.6429821059205096e-08,-1.8708420991897583,0.0006335778592864289,1221.0,,,,,,,,,,,,,,0.3371457152384128,,,,,0.025053024291992188,6.444275641115382e-05
,imappo,,,,1221.0,0.0,0.0,0.003222137857846974,0.0,0.0,0.0,0.0,0.003222137857846974,0.0,0.0,0.0,0.0,0.0,,,,,,,
-0.001567311817780137,imappo,2.0393201793922344e-08,-1.2207214832305908,0.0006332777592530845,1222.0,,,,,,,,,,,,,,0.33701233744581527,,,,,0.03143305703997612,9.543305350234732e-05
,imappo,,,,1222.0,0.0,0.0,0.004771652566830653,0.0,0.0,0.0,0.0,0.004771652566830653,0.0,0.0,0.0,0.0,0.0,,,,,,,
-0.0017346044769510627,imappo,4.90482818804594e-08,-0.9408156275749207,0.00063297765921974,1223.0,,,,,,,,,,,,,,0.33687895965321774,,,,,0.028724562376737595,5.477895319927484e-05
,imappo,,,,1223.0,0.0,0.0,0.002738947640381184,0.0,0.0,0.0,0.0,0.002738947640381184,0.0,0.0,0.0,0.0,0.0,,,,,,,
-0.007575673051178455,imappo,3.0053632915638673e-09,-0.676315426826477,0.0006326775591863954,1224.0,,,,,,,,,,,,,,0.3367455818606202,,,,,0.027048368006944656,4.937276753480546e-05
,imappo,,,,1224.0,0.0,0.0,0.0024686385481800244,0.0,0.0,0.0,0.0,0.0024686385481800244,0.0,0.0,0.0,0.0,0.0,,,,,,,
0.01162188034504652,imappo,2.4047091429224565e-08,-1.2102826833724976,0.000632377459153051,1225.0,,,,,,,,,,,,,,0.33661220406802267,,,,,0.028046198189258575,0.0001013991204672493
,imappo,,,,1225.0,0.0,0.0,0.005069955906947143,0.0,0.0,0.0,0.0,0.005069955906947143,0.0,0.0,0.0,0.0,0.0,,,,,,,
-0.004457214381545782,imappo,7.0782654404411e-08,-1.0157320499420166,0.0006320773591197066,1226.0,,,,,,,,,,,,,,0.33647882627542514,,,,,0.02745421603322029,3.910184386768378e-05
,imappo,,,,1226.0,0.0,0.0,0.001955092135403902,0.0,0.0,0.0,0.0,0.001955092135403902,0.0,0.0,0.0,0.0,0.0,,,,,,,
0.0015995759749785066,imappo,9.701798475703072e-09,-0.9956117868423462,0.0006317772590863622,1227.0,,,,,,,,,,,,,,0.3363454484828276,,,,,0.02645823359489441,3.912120882887393e-05
,imappo,,,,1227.0,0.0,0.0,0.00195606024431072,0.0,0.0,0.0,0.0,0.00195606024431072,0.0,0.0,0.0,0.0,0.0,,,,,,,
0.0028256596997380257,imappo,3.2898203272679893e-08,-1.1646459102630615,0.0006314771590530177,1228.0,,,,,,,,,,,,,,0.33621207069023007,,,,,0.022932393476366997,0.00010178787488257512
,imappo,,,,1228.0,0.0,0.0,0.005089393928756181,0.0,0.0,0.0,0.0,0.005089393928756181,0.0,0.0,0.0,0.0,0.0,,,,,,,
-0.008023149333894253,imappo,6.913416683573814e-08,-0.4049703776836395,0.0006311770590196733,1229.0,,,,,,,,,,,,,,0.33607869289763254,,,,,0.02895272895693779,4.965976768289693e-05
,imappo,,,,1229.0,0.0,0.0,0.002482988402391584,0.0,0.0,0.0,0.0,0.002482988402391584,0.0,0.0,0.0,0.0,0.0,,,,,,,
0.00073990662349388,imappo,7.788774070149884e-08,-1.1873645782470703,0.0006308769589863288,1230.0,,,,,,,,,,,,,,0.335945315105035,,,,,0.03349409997463226,3.2513420592295006e-05
,imappo,,,,1230.0,0.0,0.0,0.0016256710446675982,0.0,0.0,0.0,0.0,0.0016256710446675982,0.0,0.0,0.0,0.0,0.0,,,,,,,
9.049044456332922e-05,imappo,1.1482007522545246e-07,-1.1540400981903076,0.0006305768589529844,1231.0,,,,,,,,,,,,,,0.33581193731243747,,,,,0.018683969974517822,9.81993944151327e-05
,imappo,,,,1231.0,0.0,0.0,0.004909970160042576,0.0,0.0,0.0,0.0,0.004909970160042576,0.0,0.0,0.0,0.0,0.0,,,,,,,
0.006961015984416008,imappo,2.214258998378682e-08,-1.7518707513809204,0.00063027675891964,1232.0,,,,,,,,,,,,,,0.33567855951983994,,,,,0.027492675930261612,6.888902862556279e-05
,imappo,,,,1232.0,0.0,0.0,0.0034444511297806457,0.0,0.0,0.0,0.0,0.0034444511297806457,0.0,0.0,0.0,0.0,0.0,,,,,,,
-0.006608968134969473,imappo,1.6665945068439214e-08,-1.6553188562393188,0.0006299766588862955,1233.0,,,,,,,,,,,,,,0.3355451817272424,,,,,0.02892768383026123,5.67959068575874e-05
,imappo,,,,1233.0,0.0,0.0,0.0028397951336955884,0.0,0.0,0.0,0.0,0.0028397951336955884,0.0,0.0,0.0,0.0,0.0,,,,,,,
-0.000644486746750772,imappo,1.3648060814830387e-07,-0.8444686532020569,0.000629676558852951,1234.0,,,,,,,,,,,,,,0.33541180393464487,,,,,0.030813056975603104,4.159931995673105e-05
,imappo,,,,1234.0,0.0,0.0,0.002079966140513534,0.0,0.0,0.0,0.0,0.002079966140513534,0.0,0.0,0.0,0.0,0.0,,,,,,,
0.00023581055575050414,imappo,2.1362993152251875e-07,-1.1425987482070923,0.0006293764588196065,1235.0,,,,,,,,,,,,,,0.33527842614204734,,,,,0.029514214023947716,4.581394750857726e-05
,imappo,,,,1235.0,0.0,0.0,0.0022906973772478523,0.0,0.0,0.0,0.0,0.0022906973772478523,0.0,0.0,0.0,0.0,0.0,,,,,,,
-0.006232455372810364,imappo,2.1487275603249145e-07,-0.32169386744499207,0.0006290763587862621,1236.0,,,,,,,,,,,,,,0.3351450483494498,,,,,0.02952355146408081,1.3132292224327102e-05
,imappo,,,,1236.0,0.0,0.0,0.0006566146607838164,0.0,0.0,0.0,0.0,0.0006566146607838164,0.0,0.0,0.0,0.0,0.0,,,,,,,
-0.000384654151275754,imappo,2.3535500304205925e-07,-2.0537774562835693,0.0006287762587529177,1237.0,,,,,,,,,,,,,,0.33501167055685227,,,,,0.028508972376585007,6.68639549985528e-05
,imappo,,,,1237.0,0.0,0.0,0.0033431978301905474,0.0,0.0,0.0,0.0,0.0033431978301905474,0.0,0.0,0.0,0.0,0.0,,,,,,,
0.03181999921798706,imappo,4.7932836366726406e-08,-2.000335931777954,0.0006284761587195733,1238.0,,,,,,,,,,,,,,0.33487829276425474,,,,,0.028533995151519775,6.33831150480546e-05
,imappo,,,,1238.0,0.0,0.0,0.003169155758769193,0.0,0.0,0.0,0.0,0.003169155758769193,0.0,0.0,0.0,0.0,0.0,,,,,,,
-0.005321107804775238,imappo,1.0411338990934382e-07,-1.0029460191726685,0.0006281760586862288,1239.0,,,,,,,,,,,,,,0.3347449149716572,,,,,0.018446259200572968,9.840485290624201e-05
,imappo,,,,1239.0,0.0,0.0,0.004920242775597217,0.0,0.0,0.0,0.0,0.004920242775597217,0.0,0.0,0.0,0.0,0.0,,,,,,,
-0.0013267796020954847,imappo,2.840404533799301e-08,-0.8607810735702515,0.0006278759586528844,1240.0,,,,,,,,,,,,,,0.33461153717905967,,,,,0.03148200362920761,3.9201098843477666e-05
,imappo,,,,1240.0,0.0,0.0,0.00196005507746122,0.0,0.0,0.0,0.0,0.00196005507746122,0.0,0.0,0.0,0.0,0.0,,,,,,,
-0.00855223834514618,imappo,1.6038033123777495e-08,-1.3005167245864868,0.0006275758586195398,1241.0,,,,,,,,,,,,,,0.33447815938646214,,,,,0.0299651138484478,5.769303970737383e-05
,imappo,,,,1241.0,0.0,0.0,0.0028846520772276563,0.0,0.0,0.0,0.0,0.0028846520772276563,0.0,0.0,0.0,0.0,0.0,,,,,,,
0.056017301976680756,imappo,6.672919994343829e-08,-2.0739519596099854,0.0006272757585861954,1242.0,,,,,,,,,,,,,,0.3343447815938646,,,,,0.026016253978013992,6.765156285837293e-05
,imappo,,,,1242.0,0.0,0.0,0.003382578259333968,0.0,0.0,0.0,0.0,0.003382578259333968,0.0,0.0,0.0,0.0,0.0,,,,,,,
0.018983136862516403,imappo,2.0206712747494748e-08,-1.9985748529434204,0.000626975658552851,1243.0,,,,,,,,,,,,,,0.33421140380126707,,,,,0.02697838842868805,5.732817226089537e-05
,imappo,,,,1243.0,0.0,0.0,0.002866408749468974,0.0,0.0,0.0,0.0,0.002866408749468974,0.0,0.0,0.0,0.0,0.0,,,,,,,
0.0020557991228997707,imappo,2.1823090889938612e-08,-0.8604507446289062,0.0006266755585195066,1244.0,,,,,,,,,,,,,,0.33407802600866954,,,,,0.028850529342889786,6.561509508173913e-05
,imappo,,,,1244.0,0.0,0.0,0.003280754483284909,0.0,0.0,0.0,0.0,0.003280754483284909,0.0,0.0,0.0,0.0,0.0,,,,,,,
-0.004206873010843992,imappo,1.0035039821332248e-07,-0.9297934174537659,0.000626375458486162,1245.0,,,,,,,,,,,,,,0.333944648216072,,,,,0.03222113475203514,3.767492307815701e-05
,imappo,,,,1245.0,0.0,0.0,0.0018837461120284615,0.0,0.0,0.0,0.0,0.0018837461120284615,0.0,0.0,0.0,0.0,0.0,,,,,,,
-0.004034247249364853,imappo,7.615525987603178e-08,-1.0286083221435547,0.0006260753584528176,1246.0,,,,,,,,,,,,,,0.33381127042347447,,,,,0.01600584387779236,8.234984125010669e-05
,imappo,,,,1246.0,0.0,0.0,0.004117492188044025,0.0,0.0,0.0,0.0,0.004117492188044025,0.0,0.0,0.0,0.0,0.0,,,,,,,
-0.007429805118590593,imappo,1.2938872373524646e-07,-0.35331305861473083,0.0006257752584194732,1247.0,,,,,,,,,,,,,,0.33367789263087694,,,,,0.03259596973657608,2.9577829991467297e-05
,imappo,,,,1247.0,0.0,0.0,0.0014788915228507449,0.0,0.0,0.0,0.0,0.0014788915228507449,0.0,0.0,0.0,0.0,0.0,,,,,,,
0.014830585569143295,imappo,1.1330971716461136e-07,-1.2852360010147095,0.0006254751583861288,1248.0,,,,,,,,,,,,,,0.3335445148382794,,,,,0.029165204614400864,5.897699884371832e-05
,imappo,,,,1248.0,0.0,0.0,0.002948849902168149,0.0,0.0,0.0,0.0,0.002948849902168149,0.0,0.0,0.0,0.0,0.0,,,,,,,
-0.007078825496137142,imappo,1.1296060975496403e-08,-0.9754233956336975,0.0006251750583527844,1249.0,,,,,,,,,,,,,,0.3334111370456819,,,,,0.029247896745800972,5.8803958381759e-05
,imappo,,,,1249.0,0.0,0.0,0.0029401980605143763,0.0,0.0,0.0,0.0,0.0029401980605143763,0.0,0.0,0.0,0.0,0.0,,,,,,,
0.001757573802024126,imappo,5.574327222035436e-09,-1.4299681186676025,0.0006248749583194398,1250.0,,,,,,,,,,,,,,0.33327775925308434,,,,,0.028502866625785828,6.38050478301011e-05
,imappo,,,,1250.0,0.0,0.0,0.003190252129570581,0.0,0.0,0.0,0.0,0.003190252129570581,0.0,0.0,0.0,0.0,0.0,,,,,,,
-0.003103343304246664,imappo,3.726199793163687e-08,-1.7659209966659546,0.0006245748582860954,1251.0,,,,,,,,,,,,,,0.33314438146048686,,,,,0.02472182735800743,7.062488293740898e-05
,imappo,,,,1251.0,0.0,0.0,0.0035312442587382975,0.0,0.0,0.0,0.0,0.0035312442587382975,0.0,0.0,0.0,0.0,0.0,,,,,,,
0.011829168535768986,imappo,1.5599862734916314e-08,-1.0740268230438232,0.0006242747582527509,1252.0,,,,,,,,,,,,,,0.33301100366788927,,,,,0.03011704608798027,5.253657582215965e-05
,imappo,,,,1252.0,0.0,0.0,0.00262682876746112,0.0,0.0,0.0,0.0,0.00262682876746112,0.0,0.0,0.0,0.0,0.0,,,,,,,
0.0048524197190999985,imappo,1.4841049278402352e-08,-1.5721737146377563,0.0006239746582194065,1253.0,,,,,,,,,,,,,,0.3328776258752918,,,,,0.025648366659879684,7.826328510418534e-05
,imappo,,,,1253.0,0.0,0.0,0.003913164402547409,0.0,0.0,0.0,0.0,0.003913164402547409,0.0,0.0,0.0,0.0,0.0,,,,,,,
-0.010475336574018002,imappo,2.994538306211325e-08,-0.2996349036693573,0.0006236745581860621,1254.0,,,,,,,,,,,,,,0.3327442480826942,,,,,0.02815788984298706,5.3326963097788393e-05
,imappo,,,,1254.0,0.0,0.0,0.002666348016532538,0.0,0.0,0.0,0.0,0.002666348016532538,0.0,0.0,0.0,0.0,0.0,,,,,,,
-0.011683543212711811,imappo,4.999112590553523e-08,-1.0219616889953613,0.0006233744581527177,1255.0,,,,,,,,,,,,,,0.3326108702900967,,,,,0.028918534517288208,5.143714224686846e-05
,imappo,,,,1255.0,0.0,0.0,0.002571857027760416,0.0,0.0,0.0,0.0,0.002571857027760416,0.0,0.0,0.0,0.0,0.0,,,,,,,
-0.004846830852329731,imappo,1.11785425360722e-08,-0.7210754752159119,0.0006230743581193731,1256.0,,,,,,,,,,,,,,0.33247749249749914,,,,,0.03002002276480198,4.782017640536651e-05
,imappo,,,,1256.0,0.0,0.0,0.002391008925769711,0.0,0.0,0.0,0.0,0.002391008925769711,0.0,0.0,0.0,0.0,0.0,,,,,,,
-0.008196895942091942,imappo,1.6369369859603466e-08,-0.45824044942855835,0.0006227742580860287,1257.0,,,,,,,,,,,,,,0.33234411470490166,,,,,0.032607484608888626,4.891387288807891e-05
,imappo,,,,1257.0,0.0,0.0,0.002445693674872018,0.0,0.0,0.0,0.0,0.002445693674872018,0.0,0.0,0.0,0.0,0.0,,,,,,,
0.01268688216805458,imappo,3.017433192198382e-09,-0.47473570704460144,0.0006224741580526843,1258.0,,,,,,,,,,,,,,0.33221073691230407,,,,,0.031239908188581467,5.1058126700809225e-05
,imappo,,,,1258.0,0.0,0.0,0.0025529063044871236,0.0,0.0,0.0,0.0,0.0025529063044871236,0.0,0.0,0.0,0.0,0.0,,,,,,,
0.038687482476234436,imappo,3.262296743855586e-08,-1.1493191719055176,0.0006221740580193398,1259.0,,,,,,,,,,,,,,0.3320773591197066,,,,,0.02904459834098816,5.748797775595449e-05
,imappo,,,,1259.0,0.0,0.0,0.0028743990405928344,0.0,0.0,0.0,0.0,0.0028743990405928344,0.0,0.0,0.0,0.0,0.0,,,,,,,
0.012153353542089462,imappo,9.13385065359762e-08,-0.8085278868675232,0.0006218739579859953,1260.0,,,,,,,,,,,,,,0.331943981327109,,,,,0.020578157156705856,0.00010311641381122172
,imappo,,,,1260.0,0.0,0.0,0.005155820698007574,0.0,0.0,0.0,0.0,0.005155820698007574,0.0,0.0,0.0,0.0,0.0,,,,,,,
-0.0030508425552397966,imappo,2.2319017745076053e-08,-0.6967561841011047,0.0006215738579526509,1261.0,,,,,,,,,,,,,,0.33181060353451153,,,,,0.02785755880177021,7.170436583692208e-05
,imappo,,,,1261.0,0.0,0.0,0.0035852183095812507,0.0,0.0,0.0,0.0,0.0035852183095812507,0.0,0.0,0.0,0.0,0.0,,,,,,,
0.0018398081883788109,imappo,5.730748320331713e-09,-1.1183854341506958,0.0006212737579193064,1262.0,,,,,,,,,,,,,,0.33167722574191394,,,,,0.0298142209649086,5.83059445489198e-05
,imappo,,,,1262.0,0.0,0.0,0.002915297141953488,0.0,0.0,0.0,0.0,0.002915297141953488,0.0,0.0,0.0,0.0,0.0,,,,,,,
-0.0006277429056353867,imappo,7.284353387149167e-08,-0.6265038251876831,0.000620973657885962,1263.0,,,,,,,,,,,,,,0.33154384794931646,,,,,0.029273705556988716,2.9258837457746267e-05
,imappo,,,,1263.0,0.0,0.0,0.0014629419829361723,0.0,0.0,0.0,0.0,0.0014629419829361723,0.0,0.0,0.0,0.0,0.0,,,,,,,
-0.0036920213606208563,imappo,1.966191121027805e-07,-0.3400437533855438,0.0006206735578526176,1264.0,,,,,,,,,,,,,,0.3314104701567189,,,,,0.029283545911312103,3.5249340726295486e-05
,imappo,,,,1264.0,0.0,0.0,0.0017624670749682991,0.0,0.0,0.0,0.0,0.0017624670749682991,0.0,0.0,0.0,0.0,0.0,,,,,,,
0.003580153686925769,imappo,3.805993742389546e-08,-1.5148961544036865,0.0006203734578192732,1265.0,,,,,,,,,,,,,,0.3312770923641214,,,,,0.028323858976364136,6.500529707409441e-05
,imappo,,,,1265.0,0.0,0.0,0.003250265157475951,0.0,0.0,0.0,0.0,0.003250265157475951,0.0,0.0,0.0,0.0,0.0,,,,,,,
-0.003698925953358412,imappo,4.0897100461734226e-07,-0.725409209728241,0.0006200733577859288,1266.0,,,,,,,,,,,,,,0.3311437145715238,,,,,0.036189790815114975,-1.2437799341569189e-05
,imappo,,,,1266.0,0.0,0.0,-0.0006218900084604684,0.0,0.0,0.0,0.0,-0.0006218900084604684,0.0,0.0,0.0,0.0,0.0,,,,,,,
0.018652211874723434,imappo,1.2357142509245023e-07,-1.0893537998199463,0.0006197732577525841,1267.0,,,,,,,,,,,,,,0.33101033677892633,,,,,0.027722150087356567,5.611355300061405e-05
,imappo,,,,1267.0,0.0,0.0,0.0028056776899347824,0.0,0.0,0.0,0.0,0.0028056776899347824,0.0,0.0,0.0,0.0,0.0,,,,,,,
0.06054982915520668,imappo,1.1042681791195719e-07,-1.8996268510818481,0.0006194731577192397,1268.0,,,,,,,,,,,,,,0.33087695898632874,,,,,0.026746992021799088,6.283979018917307e-05
,imappo,,,,1268.0,0.0,0.0,0.003141989194773487,0.0,0.0,0.0,0.0,0.003141989194773487,0.0,0.0,0.0,0.0,0.0,,,,,,,
-0.011185097508132458,imappo,3.9333102108685125e-08,-0.26919329166412354,0.0006191730576858953,1269.0,,,,,,,,,,,,,,0.33074358119373126,,,,,0.027970250695943832,4.8930320190265775e-05
,imappo,,,,1269.0,0.0,0.0,0.0024465160227293836,0.0,0.0,0.0,0.0,0.0024465160227293836,0.0,0.0,0.0,0.0,0.0,,,,,,,
0.036686815321445465,imappo,5.713523165695733e-08,-1.7191332578659058,0.0006188729576525509,1270.0,,,,,,,,,,,,,,0.3306102034011337,,,,,0.02717192843556404,6.125416257418692e-05
,imappo,,,,1270.0,0.0,0.0,0.0030627082796854666,0.0,0.0,0.0,0.0,0.0030627082796854666,0.0,0.0,0.0,0.0,0.0,,,,,,,
0.0024375293869525194,imappo,6.826051190955695e-08,-1.3052040338516235,0.0006185728576192064,1271.0,,,,,,,,,,,,,,0.3304768256085362,,,,,0.02760280668735504,5.396985579864122e-05
,imappo,,,,1271.0,0.0,0.0,0.0026984927798139324,0.0,0.0,0.0,0.0,0.0026984927798139324,0.0,0.0,0.0,0.0,0.0,,,,,,,
0.011472148820757866,imappo,5.718725049064233e-08,-1.845727562904358,0.000618272757585862,1272.0,,,,,,,,,,,,,,0.3303434478159386,,,,,0.02395975962281227,6.474881956819445e-05
,imappo,,,,1272.0,0.0,0.0,0.0032374406619055662,0.0,0.0,0.0,0.0,0.0032374406619055662,0.0,0.0,0.0,0.0,0.0,,,,,,,
-0.004750438965857029,imappo,5.7827186594749946e-08,-0.9097300171852112,0.0006179726575525175,1273.0,,,,,,,,,,,,,,0.33021007002334113,,,,,0.029024295508861542,5.400857116910629e-05
,imappo,,,,1273.0,0.0,0.0,0.0027004284836493753,0.0,0.0,0.0,0.0,0.0027004284836493753,0.0,0.0,0.0,0.0,0.0,,,,,,,
-0.0038765156641602516,imappo,5.731783403462032e-08,-1.7677581310272217,0.0006176725575191731,1274.0,,,,,,,,,,,,,,0.33007669223074354,,,,,0.027808137238025665,6.612727156607434e-05
,imappo,,,,1274.0,0.0,0.0,0.0033063635528378654,0.0,0.0,0.0,0.0,0.0033063635528378654,0.0,0.0,0.0,0.0,0.0,,,,,,,
-0.0037020451854914427,imappo,1.2952488859241384e-08,-0.5508961081504822,0.0006173724574858287,1275.0,,,,,,,,,,,,,,0.32994331443814606,,,,,0.02763357385993004,4.559413355309516e-05
,imappo,,,,1275.0,0.0,0.0,0.0022797068372710783,0.0,0.0,0.0,0.0,0.0022797068372710783,0.0,0.0,0.0,0.0,0.0,,,,,,,
-0.009109005331993103,imappo,3.614561805420635e-08,-0.18471407890319824,0.0006170723574524843,1276.0,,,,,,,,,,,,,,0.3298099366455485,,,,,0.02520320564508438,6.0980473790550604e-05
,imappo,,,,1276.0,0.0,0.0,0.0030490236508740054,0.0,0.0,0.0,0.0,0.0030490236508740054,0.0,0.0,0.0,0.0,0.0,,,,,,,
-0.001283844350837171,imappo,1.0026520058659116e-08,-0.1300434023141861,0.0006167722574191397,1277.0,,,,,,,,,,,,,,0.329676558852951,,,,,0.030456025153398514,4.71286621177569e-05
,imappo,,,,1277.0,0.0,0.0,0.00235643302949029,0.0,0.0,0.0,0.0,0.00235643302949029,0.0,0.0,0.0,0.0,0.0,,,,,,,
-0.004704458173364401,imappo,5.3366878915994675e-08,-0.8668566942214966,0.0006164721573857952,1278.0,,,,,,,,,,,,,,0.3295431810603534,,,,,0.028046954423189163,5.460286411107518e-05
,imappo,,,,1278.0,0.0,0.0,0.0027301433615321002,0.0,0.0,0.0,0.0,0.0027301433615321002,0.0,0.0,0.0,0.0,0.0,,,,,,,
-0.008737661875784397,imappo,3.168812412468469e-08,-0.5740722417831421,0.0006161720573524508,1279.0,,,,,,,,,,,,,,0.32940980326775593,,,,,0.030950529500842094,4.9754962674342096e-05
,imappo,,,,1279.0,0.0,0.0,0.0024877481660041667,0.0,0.0,0.0,0.0,0.0024877481660041667,0.0,0.0,0.0,0.0,0.0,,,,,,,
-0.0024481795262545347,imappo,1.747248923322786e-08,-0.8586416840553284,0.0006158719573191064,1280.0,,,,,,,,,,,,,,0.32927642547515834,,,,,0.027806516736745834,5.6829921959433705e-05
,imappo,,,,1280.0,0.0,0.0,0.002841496009750699,0.0,0.0,0.0,0.0,0.002841496009750699,0.0,0.0,0.0,0.0,0.0,,,,,,,
-0.0032582187559455633,imappo,2.6290944532547655e-08,-0.8597767949104309,0.000615571857285762,1281.0,,,,,,,,,,,,,,0.32914304768256086,,,,,0.03007020801305771,4.085138061782345e-05
,imappo,,,,1281.0,0.0,0.0,0.0020425689481271547,0.0,0.0,0.0,0.0,0.0020425689481271547,0.0,0.0,0.0,0.0,0.0,,,,,,,
-0.0006556223379448056,imappo,1.856975906378011e-08,-1.211360216140747,0.0006152717572524175,1282.0,,,,,,,,,,,,,,0.3290096698899633,,,,,0.02783854305744171,5.3652645874535665e-05
,imappo,,,,1282.0,0.0,0.0,0.00268263221187226,0.0,0.0,0.0,0.0,0.00268263221187226,0.0,0.0,0.0,0.0,0.0,,,,,,,
-0.007884735241532326,imappo,3.222431743665766e-08,-0.5220395922660828,0.0006149716572190731,1283.0,,,,,,,,,,,,,,0.3288762920973658,,,,,0.03066946566104889,4.292827725294046e-05
,imappo,,,,1283.0,0.0,0.0,0.0021464138150690815,0.0,0.0,0.0,0.0,0.0021464138150690815,0.0,0.0,0.0,0.0,0.0,,,,,,,
-0.00301350187510252,imappo,2.580800817497675e-08,-0.8331769704818726,0.0006146715571857286,1284.0,,,,,,,,,,,,,,0.3287429143047682,,,,,0.03217460587620735,5.717892054235563e-05
,imappo,,,,1284.0,0.0,0.0,0.002858945967091131,0.0,0.0,0.0,0.0,0.002858945967091131,0.0,0.0,0.0,0.0,0.0,,,,,,,
-0.00872721429914236,imappo,1.4763450018051572e-08,-0.8706904053688049,0.0006143714571523841,1285.0,,,,,,,,,,,,,,0.32860953651217073,,,,,0.02835773304104805,3.8795584259787574e-05
,imappo,,,,1285.0,0.0,0.0,0.0019397792921154178,0.0,0.0,0.0,0.0,0.0019397792921154178,0.0,0.0,0.0,0.0,0.0,,,,,,,
-0.002626983914524317,imappo,2.6104311601216068e-08,-1.589570164680481,0.0006140713571190397,1286.0,,,,,,,,,,,,,,0.32847615871957314,,,,,0.02448025345802307,6.832603685325012e-05
,imappo,,,,1286.0,0.0,0.0,0.003416301973629743,0.0,0.0,0.0,0.0,0.003416301973629743,0.0,0.0,0.0,0.0,0.0,,,,,,,
-0.00118064577691257,imappo,1.7221964299096726e-08,-0.561113715171814,0.0006137712570856953,1287.0,,,,,,,,,,,,,,0.32834278092697566,,,,,0.0325397327542305,5.3083662351127714e-05
,imappo,,,,1287.0,0.0,0.0,0.00265418343951751,0.0,0.0,0.0,0.0,0.00265418343951751,0.0,0.0,0.0,0.0,0.0,,,,,,,
-0.0018976787105202675,imappo,1.271943705916101e-08,-1.095909595489502,0.0006134711570523508,1288.0,,,,,,,,,,,,,,0.3282094031343781,,,,,0.027597971260547638,5.3319745347835124e-05
,imappo,,,,1288.0,0.0,0.0,0.0026659869217837695,0.0,0.0,0.0,0.0,0.0026659869217837695,0.0,0.0,0.0,0.0,0.0,,,,,,,
-0.006769745144993067,imappo,9.16239617509973e-09,-0.4691743552684784,0.0006131710570190063,1289.0,,,,,,,,,,,,,,0.3280760253417806,,,,,0.028536811470985413,4.927260670228861e-05
,imappo,,,,1289.0,0.0,0.0,0.002463630394345273,0.0,0.0,0.0,0.0,0.002463630394345273,0.0,0.0,0.0,0.0,0.0,,,,,,,
-0.0002086538588628173,imappo,2.8291931020163474e-09,-0.4625602662563324,0.0006128709569856619,1290.0,,,,,,,,,,,,,,0.327942647549183,,,,,0.03141248598694801,4.525134863797575e-05
,imappo,,,,1290.0,0.0,0.0,0.0022625673442462357,0.0,0.0,0.0,0.0,0.0022625673442462357,0.0,0.0,0.0,0.0,0.0,,,,,,,
0.003504723310470581,imappo,1.093641532889933e-08,-1.249286413192749,0.0006125708569523175,1291.0,,,,,,,,,,,,,,0.32780926975658553,,,,,0.026178859174251556,6.685372500214726e-05
,imappo,,,,1291.0,0.0,0.0,0.0033426863483327907,0.0,0.0,0.0,0.0,0.0033426863483327907,0.0,0.0,0.0,0.0,0.0,,,,,,,
-0.0051855649799108505,imappo,5.530087499039382e-09,-0.6111894845962524,0.0006122707569189731,1292.0,,,,,,,,,,,,,,0.32767589196398794,,,,,0.028372030705213547,5.0992603064514697e-05
,imappo,,,,1292.0,0.0,0.0,0.002549630119574431,0.0,0.0,0.0,0.0,0.002549630119574431,0.0,0.0,0.0,0.0,0.0,,,,,,,
0.001309091690927744,imappo,2.290807543658957e-08,-1.6456873416900635,0.0006119706568856286,1293.0,,,,,,,,,,,,,,0.32754251417139046,,,,,0.02545442432165146,6.435188697651029e-05
,imappo,,,,1293.0,0.0,0.0,0.0032175941478271852,0.0,0.0,0.0,0.0,0.0032175941478271852,0.0,0.0,0.0,0.0,0.0,,,,,,,
-0.0014404160901904106,imappo,7.624590736554637e-09,-1.3143718242645264,0.0006116705568522841,1294.0,,,,,,,,,,,,,,0.32740913637879293,,,,,0.023760192096233368,6.78475116728805e-05
,imappo,,,,1294.0,0.0,0.0,0.00339237581283669,0.0,0.0,0.0,0.0,0.00339237581283669,0.0,0.0,0.0,0.0,0.0,,,,,,,
-0.0051223416812717915,imappo,1.5519397322805162e-08,-0.3550773561000824,0.0006113704568189396,1295.0,,,,,,,,,,,,,,0.3272757585861954,,,,,0.03245427459478378,4.549354707705788e-05
,imappo,,,,1295.0,0.0,0.0,0.002274677536888703,0.0,0.0,0.0,0.0,0.002274677536888703,0.0,0.0,0.0,0.0,0.0,,,,,,,
-2.9992777854204178e-05,imappo,1.8036111271158006e-08,-1.7244746685028076,0.0006110703567855952,1296.0,,,,,,,,,,,,,,0.32714238079359786,,,,,0.02630501240491867,6.190691783558577e-05
,imappo,,,,1296.0,0.0,0.0,0.0030953460018281476,0.0,0.0,0.0,0.0,0.0030953460018281476,0.0,0.0,0.0,0.0,0.0,,,,,,,
0.002107386477291584,imappo,5.806751968151502e-09,-1.7334887981414795,0.0006107702567522508,1297.0,,,,,,,,,,,,,,0.32700900300100033,,,,,0.024692129343748093,6.264865078264847e-05
,imappo,,,,1297.0,0.0,0.0,0.0031324322735599708,0.0,0.0,0.0,0.0,0.0031324322735599708,0.0,0.0,0.0,0.0,0.0,,,,,,,
0.022855553776025772,imappo,5.313923967520395e-09,-1.723175048828125,0.0006104701567189064,1298.0,,,,,,,,,,,,,,0.3268756252084028,,,,,0.022720176726579666,6.377922545652837e-05
,imappo,,,,1298.0,0.0,0.0,0.003188961432897486,0.0,0.0,0.0,0.0,0.003188961432897486,0.0,0.0,0.0,0.0,0.0,,,,,,,
-0.006738508585840464,imappo,1.3319152003532508e-08,-1.3304262161254883,0.0006101700566855619,1299.0,,,,,,,,,,,,,,0.32674224741580526,,,,,0.027116939425468445,6.651674630120397e-05
,imappo,,,,1299.0,0.0,0.0,0.0033258373568969546,0.0,0.0,0.0,0.0,0.0033258373568969546,0.0,0.0,0.0,0.0,0.0,,,,,,,
,imappo,,,,1299.0,,,,,,,,,,,,,,,0.0,0.0,0.0,0.0,,
-0.0022650270257145166,imappo,5.996922425310913e-08,-0.11982852965593338,0.0006098699566522174,1300.0,,,,,,,,,,,,,,0.32660886962320773,,,,,0.02674572542309761,5.681004040525295e-05
,imappo,,,,1300.0,0.0,0.0,0.0028405018858848052,0.0,0.0,0.0,0.0,0.0028405018858848052,0.0,0.0,0.0,0.0,0.0,,,,,,,
-0.0024022520519793034,imappo,5.4460919329812896e-08,-0.8972054123878479,0.000609569856618873,1301.0,,,,,,,,,,,,,,0.3264754918306102,,,,,0.030072934925556183,5.817278361064382e-05
,imappo,,,,1301.0,0.0,0.0,0.0029086393106467767,0.0,0.0,0.0,0.0,0.0029086393106467767,0.0,0.0,0.0,0.0,0.0,,,,,,,
0.0042949216440320015,imappo,3.7051041346103375e-08,-1.655541181564331,0.0006092697565855286,1302.0,,,,,,,,,,,,,,0.32634211403801267,,,,,0.0268479585647583,5.508471804205328e-05
,imappo,,,,1302.0,0.0,0.0,0.0027542362267922726,0.0,0.0,0.0,0.0,0.0027542362267922726,0.0,0.0,0.0,0.0,0.0,,,,,,,
-0.007683222647756338,imappo,7.610871932683949e-09,-0.5804531574249268,0.0006089696565521842,1303.0,,,,,,,,,,,,,,0.32620873624541513,,,,,0.02827330119907856,5.812314338982105e-05
,imappo,,,,1303.0,0.0,0.0,0.0029061572111004352,0.0,0.0,0.0,0.0,0.0029061572111004352,0.0,0.0,0.0,0.0,0.0,,,,,,,
-0.0017463983967900276,imappo,1.1447458536650856e-09,-0.7435258030891418,0.0006086695565188396,1304.0,,,,,,,,,,,,,,0.3260753584528176,,,,,0.028114881366491318,4.942517261952162e-05
,imappo,,,,1304.0,0.0,0.0,0.0024712584672670346,0.0,0.0,0.0,0.0,0.0024712584672670346,0.0,0.0,0.0,0.0,0.0,,,,,,,
0.009151265025138855,imappo,4.375032336412232e-09,-0.9046791791915894,0.0006083694564854951,1305.0,,,,,,,,,,,,,,0.32594198066022007,,,,,0.028114158660173416,5.7329467381350696e-05
,imappo,,,,1305.0,0.0,0.0,0.002866473228095856,0.0,0.0,0.0,0.0,0.002866473228095856,0.0,0.0,0.0,0.0,0.0,,,,,,,
-0.00372697738930583,imappo,3.8352144571263125e-08,-1.3850969076156616,0.0006080693564521507,1306.0,,,,,,,,,,,,,,0.32580860286762253,,,,,0.025571133941411972,6.750779721187428e-05
,imappo,,,,1306.0,0.0,0.0,0.0033753896042298948,0.0,0.0,0.0,0.0,0.0033753896042298948,0.0,0.0,0.0,0.0,0.0,,,,,,,
-0.004949421621859074,imappo,1.9657864669397895e-08,-1.8217657804489136,0.0006077692564188063,1307.0,,,,,,,,,,,,,,0.325675225075025,,,,,0.020605802536010742,6.834255327703431e-05
,imappo,,,,1307.0,0.0,0.0,0.0034171277311543236,0.0,0.0,0.0,0.0,0.0034171277311543236,0.0,0.0,0.0,0.0,0.0,,,,,,,
-0.005230393260717392,imappo,1.4215945753903725e-08,-0.8254794478416443,0.0006074691563854619,1308.0,,,,,,,,,,,,,,0.32554184728242747,,,,,0.029250547289848328,5.395056359702721e-05
,imappo,,,,1308.0,0.0,0.0,0.0026975281007253216,0.0,0.0,0.0,0.0,0.0026975281007253216,0.0,0.0,0.0,0.0,0.0,,,,,,,
0.013591405935585499,imappo,8.199904044658979e-08,-0.8986073732376099,0.0006071690563521174,1309.0,,,,,,,,,,,,,,0.32540846948982993,,,,,0.030716530978679657,3.7649369915015996e-05
,imappo,,,,1309.0,0.0,0.0,0.001882468706526197,0.0,0.0,0.0,0.0,0.001882468706526197,0.0,0.0,0.0,0.0,0.0,,,,,,,
-0.005760718137025833,imappo,2.1299513264239067e-07,-0.16120317578315735,0.000606868956318773,1310.0,,,,,,,,,,,,,,0.3252750916972324,,,,,0.026179272681474686,3.5266755730845034e-05
,imappo,,,,1310.0,0.0,0.0,0.0017633379281960515,0.0,0.0,0.0,0.0,0.0017633379281960515,0.0,0.0,0.0,0.0,0.0,,,,,,,
-0.013637357391417027,imappo,6.952058129172656e-08,-0.45042669773101807,0.0006065688562854285,1311.0,,,,,,,,,,,,,,0.32514171390463487,,,,,0.030210858210921288,4.700494173448533e-05
,imappo,,,,1311.0,0.0,0.0,0.002350246776586573,0.0,0.0,0.0,0.0,0.002350246776586573,0.0,0.0,0.0,0.0,0.0,,,,,,,
-0.0038937460631132126,imappo,3.4717754004987e-08,-0.4562753736972809,0.000606268756252084,1312.0,,,,,,,,,,,,,,0.32500833611203733,,,,,0.028503363952040672,5.8044810430146754e-05
,imappo,,,,1312.0,0.0,0.0,0.0029022404332863516,0.0,0.0,0.0,0.0,0.0029022404332863516,0.0,0.0,0.0,0.0,0.0,,,,,,,
-0.0023640342988073826,imappo,4.583268875535396e-09,-1.1236172914505005,0.0006059686562187396,1313.0,,,,,,,,,,,,,,0.3248749583194398,,,,,0.029893767088651657,5.2872132073389366e-05
,imappo,,,,1313.0,0.0,0.0,0.0026436064772497048,0.0,0.0,0.0,0.0,0.0026436064772497048,0.0,0.0,0.0,0.0,0.0,,,,,,,
-0.014689666219055653,imappo,4.54427784291056e-09,-0.7849538922309875,0.0006056685561853952,1314.0,,,,,,,,,,,,,,0.32474158052684227,,,,,0.026833906769752502,3.911191743100062e-05
,imappo,,,,1314.0,0.0,0.0,0.001955595779691066,0.0,0.0,0.0,0.0,0.001955595779691066,0.0,0.0,0.0,0.0,0.0,,,,,,,
-0.004312800243496895,imappo,4.388645891140186e-09,-0.5504021644592285,0.0006053684561520507,1315.0,,,,,,,,,,,,,,0.32460820273424473,,,,,0.029511842876672745,5.362750016502105e-05
,imappo,,,,1315.0,0.0,0.0,0.002681374914573098,0.0,0.0,0.0,0.0,0.002681374914573098,0.0,0.0,0.0,0.0,0.0,,,,,,,
-0.010465318337082863,imappo,1.1532789834234336e-08,-0.5648027062416077,0.0006050683561187062,1316.0,,,,,,,,,,,,,,0.3244748249416472,,,,,0.028840994462370872,5.324109588400461e-05
,imappo,,,,1316.0,0.0,0.0,0.002662054837855976,0.0,0.0,0.0,0.0,0.002662054837855976,0.0,0.0,0.0,0.0,0.0,,,,,,,
-0.0070509156212210655,imappo,1.217291867305903e-07,0.01808646135032177,0.0006047682560853618,1317.0,,,,,,,,,,,,,,0.32434144714904967,,,,,0.023992866277694702,4.377327059046365e-05
,imappo,,,,1317.0,0.0,0.0,0.002188663425499726,0.0,0.0,0.0,0.0,0.002188663425499726,0.0,0.0,0.0,0.0,0.0,,,,,,,
-0.005726996343582869,imappo,4.01485067413887e-08,-0.13153444230556488,0.0006044681560520174,1318.0,,,,,,,,,,,,,,0.32420806935645213,,,,,0.028472788631916046,4.476104732020758e-05
,imappo,,,,1318.0,0.0,0.0,0.00223805251516751,0.0,0.0,0.0,0.0,0.00223805251516751,0.0,0.0,0.0,0.0,0.0,,,,,,,
-0.009577167220413685,imappo,1.2480511735191158e-08,-0.013867054134607315,0.000604168056018673,1319.0,,,,,,,,,,,,,,0.3240746915638546,,,,,0.026566725224256516,4.843753777095117e-05
,imappo,,,,1319.0,0.0,0.0,0.0024218766593548935,0.0,0.0,0.0,0.0,0.0024218766593548935,0.0,0.0,0.0,0.0,0.0,,,,,,,
-0.0031294419895857573,imappo,2.270193277809085e-08,-0.3559409976005554,0.0006038679559853285,1320.0,,,,,,,,,,,,,,0.32394131377125707,,,,,0.029352858662605286,4.7155055654002354e-05
,imappo,,,,1320.0,0.0,0.0,0.0023577529354952276,0.0,0.0,0.0,0.0,0.0023577529354952276,0.0,0.0,0.0,0.0,0.0,,,,,,,
-0.009722074493765831,imappo,3.9400127604949375e-08,-0.3793465495109558,0.000603567855951984,1321.0,,,,,,,,,,,,,,0.32380793597865953,,,,,0.028879785910248756,6.482572644017637e-05
,imappo,,,,1321.0,0.0,0.0,0.0032412860745125727,0.0,0.0,0.0,0.0,0.0032412860745125727,0.0,0.0,0.0,0.0,0.0,,,,,,,
-0.0031067742966115475,imappo,1.4692114191916517e-08,-0.6592519879341125,0.0006032677559186395,1322.0,,,,,,,,,,,,,,0.323674558186062,,,,,0.03283243998885155,6.342789129121229e-05
,imappo,,,,1322.0,0.0,0.0,0.0031713945591036463,0.0,0.0,0.0,0.0,0.0031713945591036463,0.0,0.0,0.0,0.0,0.0,,,,,,,
0.0021716849878430367,imappo,2.6071349523704157e-08,-1.256392240524292,0.0006029676558852951,1323.0,,,,,,,,,,,,,,0.32354118039346447,,,,,0.02959216758608818,6.71195812174119e-05
,imappo,,,,1323.0,0.0,0.0,0.0033559794937900733,0.0,0.0,0.0,0.0,0.0033559794937900733,0.0,0.0,0.0,0.0,0.0,,,,,,,
0.003201858140528202,imappo,6.712041056289308e-08,-1.051941156387329,0.0006026675558519507,1324.0,,,,,,,,,,,,,,0.32340780260086693,,,,,0.025593535974621773,7.9801568062976e-05
,imappo,,,,1324.0,0.0,0.0,0.003990078467268177,0.0,0.0,0.0,0.0,0.003990078467268177,0.0,0.0,0.0,0.0,0.0,,,,,,,
-0.015375963412225246,imappo,1.5403054831608642e-08,-0.5636712908744812,0.0006023674558186063,1325.0,,,,,,,,,,,,,,0.3232744248082694,,,,,0.036677002906799316,5.857503492734395e-05
,imappo,,,,1325.0,0.0,0.0,0.0029287516699696425,0.0,0.0,0.0,0.0,0.0029287516699696425,0.0,0.0,0.0,0.0,0.0,,,,,,,
0.0011795638129115105,imappo,1.805215710248831e-08,-1.362301230430603,0.0006020673557852618,1326.0,,,,,,,,,,,,,,0.3231410470156719,,,,,0.020866606384515762,8.015920320758596e-05
,imappo,,,,1326.0,0.0,0.0,0.004007960456874571,0.0,0.0,0.0,0.0,0.004007960456874571,0.0,0.0,0.0,0.0,0.0,,,,,,,
0.01543205976486206,imappo,4.245077889208915e-08,-1.2077754735946655,0.0006017672557519173,1327.0,,,,,,,,,,,,,,0.32300766922307433,,,,,0.0276360921561718,5.915188739891164e-05
,imappo,,,,1327.0,0.0,0.0,0.0029575942055544147,0.0,0.0,0.0,0.0,0.0029575942055544147,0.0,0.0,0.0,0.0,0.0,,,,,,,
-0.007910750806331635,imappo,2.0991349103383072e-08,-0.6370856165885925,0.0006014671557185729,1328.0,,,,,,,,,,,,,,0.32287429143047686,,,,,0.029201529920101166,5.463243360281922e-05
,imappo,,,,1328.0,0.0,0.0,0.0027316216649069247,0.0,0.0,0.0,0.0,0.0027316216649069247,0.0,0.0,0.0,0.0,0.0,,,,,,,
-0.008164124563336372,imappo,4.441853107550742e-08,0.01502095814794302,0.0006011670556852285,1329.0,,,,,,,,,,,,,,0.32274091363787927,,,,,0.027931757271289825,4.4905482354806736e-05
,imappo,,,,1329.0,0.0,0.0,0.0022452742592804498,0.0,0.0,0.0,0.0,0.0022452742592804498,0.0,0.0,0.0,0.0,0.0,,,,,,,
0.003021480981260538,imappo,8.057934763883168e-09,-1.015994668006897,0.000600866955651884,1330.0,,,,,,,,,,,,,,0.3226075358452818,,,,,0.026970287784934044,6.154774746391922e-05
,imappo,,,,1330.0,0.0,0.0,0.0030773872658755863,0.0,0.0,0.0,0.0,0.0030773872658755863,0.0,0.0,0.0,0.0,0.0,,,,,,,
-0.011727883480489254,imappo,1.687725514898375e-08,-0.3484061658382416,0.0006005668556185395,1331.0,,,,,,,,,,,,,,0.3224741580526842,,,,,0.027990054339170456,5.2268362196628004e-05
,imappo,,,,1331.0,0.0,0.0,0.0026134180311601085,0.0,0.0,0.0,0.0,0.0026134180311601085,0.0,0.0,0.0,0.0,0.0,,,,,,,
-0.007600883021950722,imappo,1.8984854577297483e-08,-1.0873620510101318,0.0006002667555851951,1332.0,,,,,,,,,,,,,,0.3223407802600867,,,,,0.020929664373397827,7.246814493555576e-05
,imappo,,,,1332.0,0.0,0.0,0.0036234073018022173,0.0,0.0,0.0,0.0,0.0036234073018022173,0.0,0.0,0.0,0.0,0.0,,,,,,,
0.024199683219194412,imappo,1.6575230077364722e-08,-0.9736241698265076,0.0005999666555518506,1333.0,,,,,,,,,,,,,,0.32220740246748913,,,,,0.026984645053744316,5.946407691226341e-05
,imappo,,,,1333.0,0.0,0.0,0.0029732036045970744,0.0,0.0,0.0,0.0,0.0029732036045970744,0.0,0.0,0.0,0.0,0.0,,,,,,,
-0.011201339773833752,imappo,1.713857322727108e-08,-0.16233506798744202,0.0005996665555185062,1334.0,,,,,,,,,,,,,,0.32207402467489166,,,,,0.026545383036136627,5.3737996495328844e-05
,imappo,,,,1334.0,0.0,0.0,0.0026868998147620005,0.0,0.0,0.0,0.0,0.0026868998147620005,0.0,0.0,0.0,0.0,0.0,,,,,,,
-0.0003754369681701064,imappo,3.273175508411441e-08,-0.4350314736366272,0.0005993664554851618,1335.0,,,,,,,,,,,,,,0.32194064688229407,,,,,0.028032224625349045,5.497707024915144e-05
,imappo,,,,1335.0,0.0,0.0,0.0027488535756674537,0.0,0.0,0.0,0.0,0.0027488535756674537,0.0,0.0,0.0,0.0,0.0,,,,,,,
0.0027546253986656666,imappo,3.16145865042472e-08,-0.4254380464553833,0.0005990663554518174,1336.0,,,,,,,,,,,,,,0.3218072690896966,,,,,0.03221150115132332,5.4501644626725465e-05
,imappo,,,,1336.0,0.0,0.0,0.002725082033975923,0.0,0.0,0.0,0.0,0.002725082033975923,0.0,0.0,0.0,0.0,0.0,,,,,,,
-0.003910745028406382,imappo,6.773070104770795e-09,-0.3318828344345093,0.0005987662554184728,1337.0,,,,,,,,,,,,,,0.321673891297099,,,,,0.027983125299215317,5.0277503760298714e-05
,imappo,,,,1337.0,0.0,0.0,0.0025138751330473497,0.0,0.0,0.0,0.0,0.0025138751330473497,0.0,0.0,0.0,0.0,0.0,,,,,,,
-0.005583407357335091,imappo,2.9688755898149566e-09,-0.45573562383651733,0.0005984661553851283,1338.0,,,,,,,,,,,,,,0.3215405135045015,,,,,0.028969306498765945,5.6742308515822515e-05
,imappo,,,,1338.0,0.0,0.0,0.002837115644069854,0.0,0.0,0.0,0.0,0.002837115644069854,0.0,0.0,0.0,0.0,0.0,,,,,,,
-0.005692211911082268,imappo,4.939811226734037e-09,-0.741323709487915,0.0005981660553517839,1339.0,,,,,,,,,,,,,,0.32140713571190394,,,,,0.02886587381362915,4.968604480382055e-05
,imappo,,,,1339.0,0.0,0.0,0.002484301985532511,0.0,0.0,0.0,0.0,0.002484301985532511,0.0,0.0,0.0,0.0,0.0,,,,,,,
-0.001974622718989849,imappo,1.3535681464560412e-09,-0.3938549757003784,0.0005978659553184395,1340.0,,,,,,,,,,,,,,0.32127375791930646,,,,,0.027148187160491943,4.9063964979723096e-05
,imappo,,,,1340.0,0.0,0.0,0.0024531982724056434,0.0,0.0,0.0,0.0,0.0024531982724056434,0.0,0.0,0.0,0.0,0.0,,,,,,,
-0.013115337118506432,imappo,1.3065397652667343e-08,-0.7875055074691772,0.0005975658552850951,1341.0,,,,,,,,,,,,,,0.32114038012670887,,,,,0.026750700548291206,5.899860479985364e-05
,imappo,,,,1341.0,0.0,0.0,0.0029499302210638234,0.0,0.0,0.0,0.0,0.0029499302210638234,0.0,0.0,0.0,0.0,0.0,,,,,,,
-0.006723937578499317,imappo,1.726086651387959e-08,-0.33595338463783264,0.0005972657552517506,1342.0,,,,,,,,,,,,,,0.3210070023341114,,,,,0.028007470071315765,8.120062557281926e-05
,imappo,,,,1342.0,0.0,0.0,0.004060031348402049,0.0,0.0,0.0,0.0,0.004060031348402049,0.0,0.0,0.0,0.0,0.0,,,,,,,
-0.006517431698739529,imappo,2.814424071573285e-08,-0.5242730975151062,0.0005969656552184062,1343.0,,,,,,,,,,,,,,0.3208736245415138,,,,,0.03246871381998062,5.302020508679561e-05
,imappo,,,,1343.0,0.0,0.0,0.002651010001159193,0.0,0.0,0.0,0.0,0.002651010001159193,0.0,0.0,0.0,0.0,0.0,,,,,,,
0.0003068897349294275,imappo,9.309767179388473e-09,-1.2006257772445679,0.0005966655551850617,1344.0,,,,,,,,,,,,,,0.3207402467489163,,,,,0.02727081999182701,6.296868377830833e-05
,imappo,,,,1344.0,0.0,0.0,0.0031484342352996464,0.0,0.0,0.0,0.0,0.0031484342352996464,0.0,0.0,0.0,0.0,0.0,,,,,,,
-0.005524426233023405,imappo,5.024054061664174e-09,-1.187235951423645,0.0005963654551517173,1345.0,,,,,,,,,,,,,,0.32060686895631874,,,,,0.025958187878131866,6.393832882167771e-05
,imappo,,,,1345.0,0.0,0.0,0.003196916479282663,0.0,0.0,0.0,0.0,0.003196916479282663,0.0,0.0,0.0,0.0,0.0,,,,,,,
-0.001592579879797995,imappo,3.662399050696763e-09,-0.3192734122276306,0.0005960653551183729,1346.0,,,,,,,,,,,,,,0.32047349116372126,,,,,0.026956699788570404,5.0796250434359536e-05
,imappo,,,,1346.0,0.0,0.0,0.002539812703616917,0.0,0.0,0.0,0.0,0.002539812703616917,0.0,0.0,0.0,0.0,0.0,,,,,,,
0.006393522024154663,imappo,1.1654510956304875e-07,0.1711122989654541,0.0005957652550850285,1347.0,,,,,,,,,,,,,,0.32034011337112367,,,,,0.026115234941244125,6.491639942396432e-05
,imappo,,,,1347.0,0.0,0.0,0.0032458197855085302,0.0,0.0,0.0,0.0,0.0032458197855085302,0.0,0.0,0.0,0.0,0.0,,,,,,,
0.000707656960003078,imappo,8.061091349986782e-09,-0.7608921527862549,0.0005954651550516838,1348.0,,,,,,,,,,,,,,0.3202067355785262,,,,,0.029765069484710693,5.703002170776017e-05
,imappo,,,,1348.0,0.0,0.0,0.002851500859861744,0.0,0.0,0.0,0.0,0.002851500859861744,0.0,0.0,0.0,0.0,0.0,,,,,,,
0.015126632526516914,imappo,6.36509422946574e-09,-0.6989915370941162,0.0005951650550183394,1349.0,,,,,,,,,,,,,,0.3200733577859286,,,,,0.027836378663778305,5.744707232224755e-05
,imappo,,,,1349.0,0.0,0.0,0.002872353878501599,0.0,0.0,0.0,0.0,0.002872353878501599,0.0,0.0,0.0,0.0,0.0,,,,,,,
0.03377420827746391,imappo,1.7705065857853697e-08,-0.6793980598449707,0.000594864954984995,1350.0,,,,,,,,,,,,,,0.3199399799933311,,,,,0.02887830138206482,5.085477096145041e-05
,imappo,,,,1350.0,0.0,0.0,0.0025427386799492524,0.0,0.0,0.0,0.0,0.0025427386799492524,0.0,0.0,0.0,0.0,0.0,,,,,,,
-0.0049966685473918915,imappo,1.916091463272096e-08,0.12165503203868866,0.0005945648549516506,1351.0,,,,,,,,,,,,,,0.31980660220073354,,,,,0.02728082425892353,5.3405216021928936e-05
,imappo,,,,1351.0,0.0,0.0,0.0026702608808477635,0.0,0.0,0.0,0.0,0.0026702608808477635,0.0,0.0,0.0,0.0,0.0,,,,,,,
0.011386946775019169,imappo,1.451282383158059e-08,-1.1126632690429688,0.0005942647549183061,1352.0,,,,,,,,,,,,,,0.31967322440813606,,,,,0.0217521283775568,7.362561154877767e-05
,imappo,,,,1352.0,0.0,0.0,0.0036812802027270664,0.0,0.0,0.0,0.0,0.0036812802027270664,0.0,0.0,0.0,0.0,0.0,,,,,,,
0.10019523650407791,imappo,7.4239943081977344e-09,-1.159304141998291,0.0005939646548849617,1353.0,,,,,,,,,,,,,,0.31953984661553847,,,,,0.020513135939836502,7.480393833247945e-05
,imappo,,,,1353.0,0.0,0.0,0.0037401968947960995,0.0,0.0,0.0,0.0,0.0037401968947960995,0.0,0.0,0.0,0.0,0.0,,,,,,,
-0.005916301626712084,imappo,2.8020957998364793e-08,-0.26314079761505127,0.0005936645548516172,1354.0,,,,,,,,,,,,,,0.319406468822941,,,,,0.03205251693725586,5.166793562239036e-05
,imappo,,,,1354.0,0.0,0.0,0.0025833971076849593,0.0,0.0,0.0,0.0,0.0025833971076849593,0.0,0.0,0.0,0.0,0.0,,,,,,,
-0.005893955938518047,imappo,4.199062075826987e-08,-0.6461114883422852,0.0005933644548182728,1355.0,,,,,,,,,,,,,,0.3192730910303434,,,,,0.028225058689713478,5.2592706197174266e-05
,imappo,,,,1355.0,0.0,0.0,0.0026296351977634913,0.0,0.0,0.0,0.0,0.0026296351977634913,0.0,0.0,0.0,0.0,0.0,,,,,,,
0.023486582562327385,imappo,1.0073012646216739e-08,-1.1526144742965698,0.0005930643547849283,1356.0,,,,,,,,,,,,,,0.3191397132377459,,,,,0.02483401447534561,6.217572808964178e-05
,imappo,,,,1356.0,0.0,0.0,0.0031087863740140165,0.0,0.0,0.0,0.0,0.0031087863740140165,0.0,0.0,0.0,0.0,0.0,,,,,,,
-0.007100347429513931,imappo,8.233701720428144e-09,-0.5996731519699097,0.0005927642547515839,1357.0,,,,,,,,,,,,,,0.31900633544514834,,,,,0.026952534914016724,5.0713089876808226e-05
,imappo,,,,1357.0,0.0,0.0,0.0025356544755368304,0.0,0.0,0.0,0.0,0.0025356544755368304,0.0,0.0,0.0,0.0,0.0,,,,,,,
-0.004412462934851646,imappo,1.2462772147614487e-08,-0.3055979013442993,0.0005924641547182395,1358.0,,,,,,,,,,,,,,0.31887295765255086,,,,,0.03433409705758095,5.8219386119162664e-05
,imappo,,,,1358.0,0.0,0.0,0.0029109695041142913,0.0,0.0,0.0,0.0,0.0029109695041142913,0.0,0.0,0.0,0.0,0.0,,,,,,,
-0.0039695133455097675,imappo,1.3501879614352674e-08,-0.6657552719116211,0.000592164054684895,1359.0,,,,,,,,,,,,,,0.31873957985995327,,,,,0.02587142214179039,6.061822932679206e-05
,imappo,,,,1359.0,0.0,0.0,0.0030309116748412634,0.0,0.0,0.0,0.0,0.0030309116748412634,0.0,0.0,0.0,0.0,0.0,,,,,,,
3.962690243497491e-06,imappo,1.2037488339444735e-08,-0.6418750286102295,0.0005918639546515505,1360.0,,,,,,,,,,,,,,0.3186062020673558,,,,,0.024992547929286957,5.862822217750363e-05
,imappo,,,,1360.0,0.0,0.0,0.0029314112011888938,0.0,0.0,0.0,0.0,0.0029314112011888938,0.0,0.0,0.0,0.0,0.0,,,,,,,
-0.007935232482850552,imappo,5.036795425183982e-09,-0.1621122509241104,0.0005915638546182061,1361.0,,,,,,,,,,,,,,0.3184728242747582,,,,,0.030602404847741127,4.993088077753782e-05
,imappo,,,,1361.0,0.0,0.0,0.0024965440625237534,0.0,0.0,0.0,0.0,0.0024965440625237534,0.0,0.0,0.0,0.0,0.0,,,,,,,
-0.008150075562298298,imappo,4.187750590745054e-09,-0.7243722677230835,0.0005912637545848617,1362.0,,,,,,,,,,,,,,0.3183394464821607,,,,,0.02723122574388981,5.696022344636731e-05
,imappo,,,,1362.0,0.0,0.0,0.0028480112541728886,0.0,0.0,0.0,0.0,0.0028480112541728886,0.0,0.0,0.0,0.0,0.0,,,,,,,
-0.001445059198886156,imappo,4.981939749626463e-09,-0.5334244966506958,0.0005909636545515172,1363.0,,,,,,,,,,,,,,0.31820606868956314,,,,,0.022177908569574356,5.981517460895702e-05
,imappo,,,,1363.0,0.0,0.0,0.0029907585849855423,0.0,0.0,0.0,0.0,0.0029907585849855423,0.0,0.0,0.0,0.0,0.0,,,,,,,
-0.006204331759363413,imappo,4.0306748161356154e-08,-0.09413349628448486,0.0005906635545181728,1364.0,,,,,,,,,,,,,,0.31807269089696566,,,,,0.031821832060813904,4.831780097447336e-05
,imappo,,,,1364.0,0.0,0.0,0.0024158902060662513,0.0,0.0,0.0,0.0,0.0024158902060662513,0.0,0.0,0.0,0.0,0.0,,,,,,,
0.0006066825008019805,imappo,4.326512481611644e-09,-0.21281278133392334,0.0005903634544848282,1365.0,,,,,,,,,,,,,,0.31793931310436807,,,,,0.033153556287288666,6.283572292886674e-05
,imappo,,,,1365.0,0.0,0.0,0.003141786026333193,0.0,0.0,0.0,0.0,0.003141786026333193,0.0,0.0,0.0,0.0,0.0,,,,,,,
0.006454283371567726,imappo,1.2885010391983087e-08,-0.7233954071998596,0.0005900633544514838,1366.0,,,,,,,,,,,,,,0.3178059353117706,,,,,0.028254810720682144,5.4003849072614685e-05
,imappo,,,,1366.0,0.0,0.0,0.0027001925263903104,0.0,0.0,0.0,0.0,0.0027001925263903104,0.0,0.0,0.0,0.0,0.0,,,,,,,
0.005707671400159597,imappo,1.015638684265241e-08,-0.06974401324987411,0.0005897632544181394,1367.0,,,,,,,,,,,,,,0.317672557519173,,,,,0.02962867170572281,4.954119140165858e-05
,imappo,,,,1367.0,0.0,0.0,0.0024770594479832653,0.0,0.0,0.0,0.0,0.0024770594479832653,0.0,0.0,0.0,0.0,0.0,,,,,,,
-0.0038910277653485537,imappo,5.9428031384811675e-09,0.09253517538309097,0.000589463154384795,1368.0,,,,,,,,,,,,,,0.3175391797265755,,,,,0.03191407769918442,4.9979324103333056e-05
,imappo,,,,1368.0,0.0,0.0,0.0024989662054792916,0.0,0.0,0.0,0.0,0.0024989662054792916,0.0,0.0,0.0,0.0,0.0,,,,,,,
-0.0003422624140512198,imappo,1.3194503267754953e-08,-0.08466604351997375,0.0005891630543514505,1369.0,,,,,,,,,,,,,,0.31740580193397794,,,,,0.03030971996486187,4.7954879846656695e-05
,imappo,,,,1369.0,0.0,0.0,0.0023977439998930095,0.0,0.0,0.0,0.0,0.0023977439998930095,0.0,0.0,0.0,0.0,0.0,,,,,,,
0.002303898334503174,imappo,1.4393205738372217e-08,-0.6491179466247559,0.0005888629543181061,1370.0,,,,,,,,,,,,,,0.31727242414138046,,,,,0.02617248147726059,6.459077849285677e-05
,imappo,,,,1370.0,0.0,0.0,0.003229538746381877,0.0,0.0,0.0,0.0,0.003229538746381877,0.0,0.0,0.0,0.0,0.0,,,,,,,
-0.00654790922999382,imappo,5.9652922601571845e-09,-0.6527736186981201,0.0005885628542847616,1371.0,,,,,,,,,,,,,,0.3171390463487829,,,,,0.025420667603611946,5.949027763563208e-05
,imappo,,,,1371.0,0.0,0.0,0.0029745138017460704,0.0,0.0,0.0,0.0,0.0029745138017460704,0.0,0.0,0.0,0.0,0.0,,,,,,,
-0.005967019125819206,imappo,7.944452207198083e-09,-0.10119971632957458,0.0005882627542514172,1372.0,,,,,,,,,,,,,,0.3170056685561854,,,,,0.029830079525709152,5.186633643461391e-05
,imappo,,,,1372.0,0.0,0.0,0.002593316783077171,0.0,0.0,0.0,0.0,0.002593316783077171,0.0,0.0,0.0,0.0,0.0,,,,,,,
-0.00786578468978405,imappo,1.9949515817074825e-08,0.3512808680534363,0.0005879626542180728,1373.0,,,,,,,,,,,,,,0.31687229076358786,,,,,0.021415742114186287,6.251703598536551e-05
,imappo,,,,1373.0,0.0,0.0,0.0031258522397479283,0.0,0.0,0.0,0.0,0.0031258522397479283,0.0,0.0,0.0,0.0,0.0,,,,,,,
-0.0024199888575822115,imappo,1.650925085527888e-08,-0.009672277607023716,0.0005876625541847282,1374.0,,,,,,,,,,,,,,0.3167389129709903,,,,,0.02840506285429001,4.763319520861842e-05
,imappo,,,,1374.0,0.0,0.0,0.002381659880029474,0.0,0.0,0.0,0.0,0.002381659880029474,0.0,0.0,0.0,0.0,0.0,,,,,,,
0.008615388534963131,imappo,4.516431673096122e-09,-0.5639345645904541,0.0005873624541513838,1375.0,,,,,,,,,,,,,,0.3166055351783928,,,,,0.030786026269197464,5.55961269128602e-05
,imappo,,,,1375.0,0.0,0.0,0.00277980629925878,0.0,0.0,0.0,0.0,0.00277980629925878,0.0,0.0,0.0,0.0,0.0,,,,,,,
-0.0005452994373627007,imappo,1.1888510176305545e-09,-0.558571994304657,0.0005870623541180393,1376.0,,,,,,,,,,,,,,0.31647215738579526,,,,,0.029420454055070877,5.7928060414269567e-05
,imappo,,,,1376.0,0.0,0.0,0.0028964030948372965,0.0,0.0,0.0,0.0,0.0028964030948372965,0.0,0.0,0.0,0.0,0.0,,,,,,,
-0.005447326228022575,imappo,1.153654149987915e-08,-0.6387185454368591,0.0005867622540846949,1377.0,,,,,,,,,,,,,,0.3163387795931977,,,,,0.025192078202962875,6.73501708661206e-05
,imappo,,,,1377.0,0.0,0.0,0.0033675085524009774,0.0,0.0,0.0,0.0,0.0033675085524009774,0.0,0.0,0.0,0.0,0.0,,,,,,,
-0.0013265212764963508,imappo,6.71056188394914e-09,0.05255245417356491,0.0005864621540513505,1378.0,,,,,,,,,,,,,,0.3162054018006002,,,,,0.03074910305440426,4.8449299356434494e-05
,imappo,,,,1378.0,0.0,0.0,0.0024224649287134525,0.0,0.0,0.0,0.0,0.0024224649287134525,0.0,0.0,0.0,0.0,0.0,,,,,,,
-0.006863473914563656,imappo,6.227522941770758e-09,0.07151216268539429,0.0005861620540180061,1379.0,,,,,,,,,,,,,,0.31607202400800266,,,,,0.026752065867185593,4.5903565478511155e-05
,imappo,,,,1379.0,0.0,0.0,0.0022951780947551015,0.0,0.0,0.0,0.0,0.0022951780947551015,0.0,0.0,0.0,0.0,0.0,,,,,,,
-0.0040793390944600105,imappo,3.2040038178138275e-08,0.42165088653564453,0.0005858619539846616,1380.0,,,,,,,,,,,,,,0.31593864621540513,,,,,0.01882426254451275,5.7539848057786e-05
,imappo,,,,1380.0,0.0,0.0,0.002876992370147491,0.0,0.0,0.0,0.0,0.002876992370147491,0.0,0.0,0.0,0.0,0.0,,,,,,,
-0.005746202543377876,imappo,8.621484859361317e-09,-0.009710969403386116,0.0005855618539513172,1381.0,,,,,,,,,,,,,,0.3158052684228076,,,,,0.03187428414821625,6.28324196441099e-05
,imappo,,,,1381.0,0.0,0.0,0.003141621081113044,0.0,0.0,0.0,0.0,0.003141621081113044,0.0,0.0,0.0,0.0,0.0,,,,,,,
0.0013630134053528309,imappo,1.757595136098189e-08,0.40584078431129456,0.0005852617539179727,1382.0,,,,,,,,,,,,,,0.31567189063021006,,,,,0.017223671078681946,5.1258844905532897e-05
,imappo,,,,1382.0,0.0,0.0,0.002562942177064542,0.0,0.0,0.0,0.0,0.002562942177064542,0.0,0.0,0.0,0.0,0.0,,,,,,,
-0.008348330855369568,imappo,3.3525333620332276e-09,-0.4063916504383087,0.0005849616538846282,1383.0,,,,,,,,,,,,,,0.31553851283761253,,,,,0.026753351092338562,6.38914352748543e-05
,imappo,,,,1383.0,0.0,0.0,0.0031945716282280046,0.0,0.0,0.0,0.0,0.0031945716282280046,0.0,0.0,0.0,0.0,0.0,,,,,,,
-0.004565923009067774,imappo,1.4178513918494673e-09,-0.22402575612068176,0.0005846615538512838,1384.0,,,,,,,,,,,,,,0.315405135045015,,,,,0.027242079377174377,6.284684059210122e-05
,imappo,,,,1384.0,0.0,0.0,0.0031423419786733575,0.0,0.0,0.0,0.0,0.0031423419786733575,0.0,0.0,0.0,0.0,0.0,,,,,,,
-0.001952039310708642,imappo,6.135572494514463e-09,-0.020514359697699547,0.0005843614538179393,1385.0,,,,,,,,,,,,,,0.31527175725241746,,,,,0.02936597913503647,7.284380990313366e-05
,imappo,,,,1385.0,0.0,0.0,0.00364219075248684,0.0,0.0,0.0,0.0,0.00364219075248684,0.0,0.0,0.0,0.0,0.0,,,,,,,
0.002786439610645175,imappo,4.63911487003088e-09,-0.47038960456848145,0.0005840613537845949,1386.0,,,,,,,,,,,,,,0.31513837945981993,,,,,0.02426830306649208,7.671632192796096e-05
,imappo,,,,1386.0,0.0,0.0,0.003835815983620705,0.0,0.0,0.0,0.0,0.003835815983620705,0.0,0.0,0.0,0.0,0.0,,,,,,,
-0.006123959552496672,imappo,3.359644296097031e-08,-0.07858482003211975,0.0005837612537512504,1387.0,,,,,,,,,,,,,,0.3150050016672224,,,,,0.02451767399907112,9.864549792837352e-05
,imappo,,,,1387.0,0.0,0.0,0.004932275174269307,0.0,0.0,0.0,0.0,0.004932275174269307,0.0,0.0,0.0,0.0,0.0,,,,,,,
-0.0039314767345786095,imappo,2.015123534704344e-08,-0.5304850935935974,0.000583461153717906,1388.0,,,,,,,,,,,,,,0.31487162387462486,,,,,0.022112401202321053,7.065328827593476e-05
,imappo,,,,1388.0,0.0,0.0,0.003532664312842826,0.0,0.0,0.0,0.0,0.003532664312842826,0.0,0.0,0.0,0.0,0.0,,,,,,,
0.0008731744019314647,imappo,3.609439147567173e-08,0.27503421902656555,0.0005831610536845616,1389.0,,,,,,,,,,,,,,0.31473824608202733,,,,,0.029896575957536697,4.23097844759468e-05
,imappo,,,,1389.0,0.0,0.0,0.0021154891525299035,0.0,0.0,0.0,0.0,0.0021154891525299035,0.0,0.0,0.0,0.0,0.0,,,,,,,
-0.006945518776774406,imappo,3.7223447435508206e-08,-0.6086985468864441,0.0005828609536512172,1390.0,,,,,,,,,,,,,,0.3146048682894298,,,,,0.022421447560191154,6.402438157238066e-05
,imappo,,,,1390.0,0.0,0.0,0.0032012191764678732,0.0,0.0,0.0,0.0,0.0032012191764678732,0.0,0.0,0.0,0.0,0.0,,,,,,,
-0.011469562537968159,imappo,1.0838242303634615e-08,-0.011436015367507935,0.0005825608536178727,1391.0,,,,,,,,,,,,,,0.31447149049683226,,,,,0.02976374700665474,5.754946687375195e-05
,imappo,,,,1391.0,0.0,0.0,0.002877473353919413,0.0,0.0,0.0,0.0,0.002877473353919413,0.0,0.0,0.0,0.0,0.0,,,,,,,
-0.0003588303807191551,imappo,2.335669968545062e-08,-0.25493067502975464,0.0005822607535845282,1392.0,,,,,,,,,,,,,,0.31433811270423473,,,,,0.02889833226799965,5.3838892199564725e-05
,imappo,,,,1392.0,0.0,0.0,0.002691944486969078,0.0,0.0,0.0,0.0,0.002691944486969078,0.0,0.0,0.0,0.0,0.0,,,,,,,
-0.005476048681885004,imappo,1.4321622110458065e-08,-0.10675870627164841,0.0005819606535511837,1393.0,,,,,,,,,,,,,,0.3142047349116372,,,,,0.028702501207590103,5.7878674851963297e-05
,imappo,,,,1393.0,0.0,0.0,0.0028939339956650656,0.0,0.0,0.0,0.0,0.0028939339956650656,0.0,0.0,0.0,0.0,0.0,,,,,,,
0.0024969535879790783,imappo,1.2731424803291702e-08,0.05187593773007393,0.0005816605535178393,1394.0,,,,,,,,,,,,,,0.31407135711903966,,,,,0.02854577638208866,4.0924780478235334e-05
,imappo,,,,1394.0,0.0,0.0,0.002046238944075185,0.0,0.0,0.0,0.0,0.002046238944075185,0.0,0.0,0.0,0.0,0.0,,,,,,,
-0.005659008864313364,imappo,3.9029601772710976e-09,-0.34985074400901794,0.0005813604534844949,1395.0,,,,,,,,,,,,,,0.31393797932644213,,,,,0.02757123112678528,5.6952649174490944e-05
,imappo,,,,1395.0,0.0,0.0,0.0028476323750510346,0.0,0.0,0.0,0.0,0.0028476323750510346,0.0,0.0,0.0,0.0,0.0,,,,,,,
0.0008312441641464829,imappo,3.466465114954076e-09,-0.21749258041381836,0.0005810603534511504,1396.0,,,,,,,,,,,,,,0.3138046015338446,,,,,0.027293629944324493,5.027935912949033e-05
,imappo,,,,1396.0,0.0,0.0,0.002513967890990898,0.0,0.0,0.0,0.0,0.002513967890990898,0.0,0.0,0.0,0.0,0.0,,,,,,,
0.004908901173621416,imappo,2.359714867949947e-09,-0.3339882493019104,0.0005807602534178059,1397.0,,,,,,,,,,,,,,0.31367122374124706,,,,,0.025865381583571434,5.789077840745449e-05
,imappo,,,,1397.0,0.0,0.0,0.0028945389658474596,0.0,0.0,0.0,0.0,0.0028945389658474596,0.0,0.0,0.0,0.0,0.0,,,,,,,
0.0008084874134510756,imappo,2.9586137983983463e-09,-0.20907190442085266,0.0005804601533844615,1398.0,,,,,,,,,,,,,,0.31353784594864953,,,,,0.026499327272176743,4.707397965830751e-05
,imappo,,,,1398.0,0.0,0.0,0.0023536990793218138,0.0,0.0,0.0,0.0,0.0023536990793218138,0.0,0.0,0.0,0.0,0.0,,,,,,,
-0.007468466181308031,imappo,8.556232167222788e-09,-0.09178607165813446,0.0005801600533511171,1399.0,,,,,,,,,,,,,,0.313404468156052,,,,,0.02787250652909279,5.2954219427192584e-05
,imappo,,,,1399.0,0.0,0.0,0.0026477110209270904,0.0,0.0,0.0,0.0,0.0026477110209270904,0.0,0.0,0.0,0.0,0.0,,,,,,,
,imappo,,,,1399.0,,,,,,,,,,,,,,,0.0,0.0,0.0,0.0,,
-0.003156806342303753,imappo,7.669873625104628e-09,0.018943391740322113,0.0005798599533177727,1400.0,,,,,,,,,,,,,,0.31327109036345446,,,,,0.026813555508852005,4.131270179641433e-05
,imappo,,,,1400.0,0.0,0.0,0.0020656349131513707,0.0,0.0,0.0,0.0,0.0020656349131513707,0.0,0.0,0.0,0.0,0.0,,,,,,,
-0.008460868149995804,imappo,1.5832219091294064e-08,-0.1210160031914711,0.0005795598532844282,1401.0,,,,,,,,,,,,,,0.313137712570857,,,,,0.027912408113479614,4.651252311305143e-05
,imappo,,,,1401.0,0.0,0.0,0.0023256260737980483,0.0,0.0,0.0,0.0,0.0023256260737980483,0.0,0.0,0.0,0.0,0.0,,,,,,,
-0.006403534673154354,imappo,3.985560770303209e-09,-0.40910330414772034,0.0005792597532510837,1402.0,,,,,,,,,,,,,,0.3130043347782594,,,,,0.027178114280104637,4.7004345105960965e-05
,imappo,,,,1402.0,0.0,0.0,0.002350217170715041,0.0,0.0,0.0,0.0,0.002350217170715041,0.0,0.0,0.0,0.0,0.0,,,,,,,
-0.011908167041838169,imappo,1.005270422460569e-09,-0.35123005509376526,0.0005789596532177393,1403.0,,,,,,,,,,,,,,0.3128709569856619,,,,,0.025508470833301544,4.339128281571902e-05
,imappo,,,,1403.0,0.0,0.0,0.0021695640571124386,0.0,0.0,0.0,0.0,0.0021695640571124386,0.0,0.0,0.0,0.0,0.0,,,,,,,
0.00267857126891613,imappo,8.077087443325581e-09,-0.5571450591087341,0.0005786595531843948,1404.0,,,,,,,,,,,,,,0.31273757919306433,,,,,0.025824574753642082,6.0661506722681224e-05
,imappo,,,,1404.0,0.0,0.0,0.0030330752506415593,0.0,0.0,0.0,0.0,0.0030330752506415593,0.0,0.0,0.0,0.0,0.0,,,,,,,
0.0015844692243263125,imappo,1.413634862501567e-07,0.3183949887752533,0.0005783594531510504,1405.0,,,,,,,,,,,,,,0.31260420140046685,,,,,0.017389405518770218,7.353766704909503e-05
,imappo,,,,1405.0,0.0,0.0,0.003676882974872342,0.0,0.0,0.0,0.0,0.003676882974872342,0.0,0.0,0.0,0.0,0.0,,,,,,,
-0.0018506788183003664,imappo,9.991657279329047e-09,-0.07707139849662781,0.000578059353117706,1406.0,,,,,,,,,,,,,,0.31247082360786926,,,,,0.03264936804771423,4.8004501877585426e-05
,imappo,,,,1406.0,0.0,0.0,0.0024002248983379104,0.0,0.0,0.0,0.0,0.0024002248983379104,0.0,0.0,0.0,0.0,0.0,,,,,,,
-0.010907217860221863,imappo,8.39948732789253e-09,-0.13511545956134796,0.0005777592530843615,1407.0,,,,,,,,,,,,,,0.3123374458152718,,,,,0.029481545090675354,5.3139101510168985e-05
,imappo,,,,1407.0,0.0,0.0,0.002656954759004293,0.0,0.0,0.0,0.0,0.002656954759004293,0.0,0.0,0.0,0.0,0.0,,,,,,,
-0.0012096449499949813,imappo,2.0666368616417685e-09,-0.5772138237953186,0.000577459153051017,1408.0,,,,,,,,,,,,,,0.3122040680226742,,,,,0.023201288655400276,5.7994322560261935e-05
,imappo,,,,1408.0,0.0,0.0,0.002899715846069739,0.0,0.0,0.0,0.0,0.002899715846069739,0.0,0.0,0.0,0.0,0.0,,,,,,,
-0.009347410872578621,imappo,6.3369873792851195e-09,-0.17563892900943756,0.0005771590530176725,1409.0,,,,,,,,,,,,,,0.3120706902300767,,,,,0.02853052318096161,5.361464718589559e-05
,imappo,,,,1409.0,0.0,0.0,0.002680732262888341,0.0,0.0,0.0,0.0,0.002680732262888341,0.0,0.0,0.0,0.0,0.0,,,,,,,
-0.0011966516030952334,imappo,2.5131772218855986e-09,-0.5706525444984436,0.0005768589529843281,1410.0,,,,,,,,,,,,,,0.31193731243747913,,,,,0.029609067365527153,6.074427074054256e-05
,imappo,,,,1410.0,0.0,0.0,0.003037213762581814,0.0,0.0,0.0,0.0,0.003037213762581814,0.0,0.0,0.0,0.0,0.0,,,,,,,
-0.0034369388595223427,imappo,6.715057843109662e-09,-0.5552140474319458,0.0005765588529509837,1411.0,,,,,,,,,,,,,,0.31180393464488165,,,,,0.028222888708114624,5.9486384998308495e-05
,imappo,,,,1411.0,0.0,0.0,0.0029743188824795652,0.0,0.0,0.0,0.0,0.0029743188824795652,0.0,0.0,0.0,0.0,0.0,,,,,,,
-0.011376344598829746,imappo,7.844032978709947e-09,0.0894644632935524,0.0005762587529176392,1412.0,,,,,,,,,,,,,,0.31167055685228406,,,,,0.03230908513069153,4.306787741370499e-05
,imappo,,,,1412.0,0.0,0.0,0.002153393729713571,0.0,0.0,0.0,0.0,0.002153393729713571,0.0,0.0,0.0,0.0,0.0,,,,,,,
0.008716174401342869,imappo,5.163621086268222e-09,-0.7871008515357971,0.0005759586528842948,1413.0,,,,,,,,,,,,,,0.3115371790596866,,,,,0.028610173612833023,5.0753384130075574e-05
,imappo,,,,1413.0,0.0,0.0,0.002537669288926736,0.0,0.0,0.0,0.0,0.002537669288926736,0.0,0.0,0.0,0.0,0.0,,,,,,,
0.0005401716916821897,imappo,2.250363273503808e-08,0.2374924272298813,0.0005756585528509503,1414.0,,,,,,,,,,,,,,0.311403801267089,,,,,0.025892943143844604,5.821995364385657e-05
,imappo,,,,1414.0,0.0,0.0,0.0029109977128882747,0.0,0.0,0.0,0.0,0.0029109977128882747,0.0,0.0,0.0,0.0,0.0,,,,,,,
-0.0018192040733993053,imappo,6.755355741461244e-08,-0.30735939741134644,0.0005753584528176059,1415.0,,,,,,,,,,,,,,0.3112704234744915,,,,,0.02569795958697796,0.0001112838726839982
,imappo,,,,1415.0,0.0,0.0,0.005564193661484751,0.0,0.0,0.0,0.0,0.005564193661484751,0.0,0.0,0.0,0.0,0.0,,,,,,,
-0.0052572255954146385,imappo,1.8440431404087576e-07,-0.3337853252887726,0.0005750583527842615,1416.0,,,,,,,,,,,,,,0.31113704568189393,,,,,0.02275909297168255,0.00010705535532906651
,imappo,,,,1416.0,0.0,0.0,0.005352767391286761,0.0,0.0,0.0,0.0,0.005352767391286761,0.0,0.0,0.0,0.0,0.0,,,,,,,
-0.007539570797234774,imappo,3.7469195746098194e-08,-0.30054810643196106,0.0005747582527509171,1417.0,,,,,,,,,,,,,,0.31100366788929645,,,,,0.02795930579304695,5.0489994464442134e-05
,imappo,,,,1417.0,0.0,0.0,0.002524499703241645,0.0,0.0,0.0,0.0,0.002524499703241645,0.0,0.0,0.0,0.0,0.0,,,,,,,
-0.010540146380662918,imappo,3.063620468424233e-08,-0.6117724776268005,0.0005744581527175727,1418.0,,,,,,,,,,,,,,0.31087029009669886,,,,,0.025798935443162918,5.832947863382287e-05
,imappo,,,,1418.0,0.0,0.0,0.0029164736704387906,0.0,0.0,0.0,0.0,0.0029164736704387906,0.0,0.0,0.0,0.0,0.0,,,,,,,
-0.006663089152425528,imappo,1.9037335619032092e-07,0.2840884029865265,0.000574158052684228,1419.0,,,,,,,,,,,,,,0.3107369123041014,,,,,0.018875058740377426,4.406069274409674e-05
,imappo,,,,1419.0,0.0,0.0,0.0022030348651469467,0.0,0.0,0.0,0.0,0.0022030348651469467,0.0,0.0,0.0,0.0,0.0,,,,,,,
-0.004238733556121588,imappo,2.2769253860133176e-07,0.22026760876178741,0.0005738579526508836,1420.0,,,,,,,,,,,,,,0.3106035345115038,,,,,0.025311311706900597,3.52863862644881e-05
,imappo,,,,1420.0,0.0,0.0,0.0017643193071421592,0.0,0.0,0.0,0.0,0.0017643193071421592,0.0,0.0,0.0,0.0,0.0,,,,,,,
0.02020464465022087,imappo,1.3345191973712645e-07,-0.5555378198623657,0.0005735578526175392,1421.0,,,,,,,,,,,,,,0.3104701567189063,,,,,0.028443189337849617,6.431000656448305e-05
,imappo,,,,1421.0,0.0,0.0,0.0032155004646483576,0.0,0.0,0.0,0.0,0.0032155004646483576,0.0,0.0,0.0,0.0,0.0,,,,,,,
-0.0018716653576120734,imappo,6.807766794736381e-08,-0.32672348618507385,0.0005732577525841948,1422.0,,,,,,,,,,,,,,0.31033677892630873,,,,,0.031908176839351654,5.293426147545688e-05
,imappo,,,,1422.0,0.0,0.0,0.0026467131312415404,0.0,0.0,0.0,0.0,0.0026467131312415404,0.0,0.0,0.0,0.0,0.0,,,,,,,
0.0033149903174489737,imappo,1.620275469349508e-08,-0.8108595013618469,0.0005729576525508503,1423.0,,,,,,,,,,,,,,0.31020340113371125,,,,,0.023941539227962494,7.19621020834893e-05
,imappo,,,,1423.0,0.0,0.0,0.0035981048713438213,0.0,0.0,0.0,0.0,0.0035981048713438213,0.0,0.0,0.0,0.0,0.0,,,,,,,
-0.01390467956662178,imappo,3.9762717563007755e-09,-0.6289126873016357,0.0005726575525175059,1424.0,,,,,,,,,,,,,,0.31007002334111367,,,,,0.02624431997537613,6.863324233563617e-05
,imappo,,,,1424.0,0.0,0.0,0.0034316621349717025,0.0,0.0,0.0,0.0,0.0034316621349717025,0.0,0.0,0.0,0.0,0.0,,,,,,,
0.022031720727682114,imappo,1.1486685380646122e-08,-1.0001535415649414,0.0005723574524841614,1425.0,,,,,,,,,,,,,,0.3099366455485162,,,,,0.028192035853862762,6.882522575324401e-05
,imappo,,,,1425.0,0.0,0.0,0.0034412613249514834,0.0,0.0,0.0,0.0,0.0034412613249514834,0.0,0.0,0.0,0.0,0.0,,,,,,,
-0.009524480439722538,imappo,1.8568952597775024e-08,-0.5560786724090576,0.000572057352450817,1426.0,,,,,,,,,,,,,,0.3098032677559186,,,,,0.027212658897042274,5.507759124157019e-05
,imappo,,,,1426.0,0.0,0.0,0.002753879702396489,0.0,0.0,0.0,0.0,0.002753879702396489,0.0,0.0,0.0,0.0,0.0,,,,,,,
0.01201657485216856,imappo,1.9081131341636137e-08,-0.39970141649246216,0.0005717572524174726,1427.0,,,,,,,,,,,,,,0.3096698899633211,,,,,0.027382291853427887,5.9910453273914754e-05
,imappo,,,,1427.0,0.0,0.0,0.0029955228114317833,0.0,0.0,0.0,0.0,0.0029955228114317833,0.0,0.0,0.0,0.0,0.0,,,,,,,
-0.0032621040008962154,imappo,1.1241821695762155e-08,-0.3010619580745697,0.0005714571523841281,1428.0,,,,,,,,,,,,,,0.30953651217072353,,,,,0.03201107680797577,5.137466359883547e-05
,imappo,,,,1428.0,0.0,0.0,0.0025687330092409866,0.0,0.0,0.0,0.0,0.0025687330092409866,0.0,0.0,0.0,0.0,0.0,,,,,,,
-0.007135426159948111,imappo,1.0746657785887237e-08,-1.0160819292068481,0.0005711570523507836,1429.0,,,,,,,,,,,,,,0.30940313437812605,,,,,0.025766646489501,6.243314419407398e-05
,imappo,,,,1429.0,0.0,0.0,0.003121657318843063,0.0,0.0,0.0,0.0,0.003121657318843063,0.0,0.0,0.0,0.0,0.0,,,,,,,
-0.008450492285192013,imappo,1.9796070560573753e-08,-0.174727663397789,0.0005708569523174391,1430.0,,,,,,,,,,,,,,0.30926975658552847,,,,,0.03152432292699814,4.4705866457661614e-05
,imappo,,,,1430.0,0.0,0.0,0.002235293518083381,0.0,0.0,0.0,0.0,0.002235293518083381,0.0,0.0,0.0,0.0,0.0,,,,,,,
0.006851688958704472,imappo,3.787947733258079e-08,-1.0250236988067627,0.0005705568522840947,1431.0,,,,,,,,,,,,,,0.309136378792931,,,,,0.025554494932293892,5.212528049014509e-05
,imappo,,,,1431.0,0.0,0.0,0.0026062639972224133,0.0,0.0,0.0,0.0,0.0026062639972224133,0.0,0.0,0.0,0.0,0.0,,,,,,,
-0.004140101373195648,imappo,1.2056035281204913e-08,-0.20159651339054108,0.0005702567522507503,1432.0,,,,,,,,,,,,,,0.3090030010003334,,,,,0.02880781888961792,4.328349677962251e-05
,imappo,,,,1432.0,0.0,0.0,0.002164174762924631,0.0,0.0,0.0,0.0,0.002164174762924631,0.0,0.0,0.0,0.0,0.0,,,,,,,
0.0061852335929870605,imappo,2.7472205843537267e-08,-1.059859037399292,0.0005699566522174059,1433.0,,,,,,,,,,,,,,0.3088696232077359,,,,,0.02442154288291931,5.048492312198505e-05
,imappo,,,,1433.0,0.0,0.0,0.0025242462379537756,0.0,0.0,0.0,0.0,0.0025242462379537756,0.0,0.0,0.0,0.0,0.0,,,,,,,
0.004110554698854685,imappo,3.9453440514591875e-09,-1.0988246202468872,0.0005696565521840614,1434.0,,,,,,,,,,,,,,0.30873624541513833,,,,,0.0236855149269104,6.112673145253211e-05
,imappo,,,,1434.0,0.0,0.0,0.003056336596273468,0.0,0.0,0.0,0.0,0.003056336596273468,0.0,0.0,0.0,0.0,0.0,,,,,,,
-0.0018598416354507208,imappo,2.4899748929385623e-09,-0.4655737280845642,0.000569356452150717,1435.0,,,,,,,,,,,,,,0.30860286762254086,,,,,0.027231760323047638,4.7551638999721035e-05
,imappo,,,,1435.0,0.0,0.0,0.002377581960899988,0.0,0.0,0.0,0.0,0.002377581960899988,0.0,0.0,0.0,0.0,0.0,,,,,,,
-0.0056060305796563625,imappo,7.559230574827325e-09,-0.24330942332744598,0.0005690563521173724,1436.0,,,,,,,,,,,,,,0.30846948982994327,,,,,0.029784079641103745,5.1707756938412786e-05
,imappo,,,,1436.0,0.0,0.0,0.0025853879974420124,0.0,0.0,0.0,0.0,0.0025853879974420124,0.0,0.0,0.0,0.0,0.0,,,,,,,
-0.0035595751833170652,imappo,6.031795507510651e-09,-0.35263341665267944,0.000568756252084028,1437.0,,,,,,,,,,,,,,0.3083361120373458,,,,,0.03404119610786438,6.433369708247483e-05
,imappo,,,,1437.0,0.0,0.0,0.00321668501487693,0.0,0.0,0.0,0.0,0.00321668501487693,0.0,0.0,0.0,0.0,0.0,,,,,,,
-0.004864617716521025,imappo,7.194370255092508e-08,-0.3765066862106323,0.0005684561520506836,1438.0,,,,,,,,,,,,,,0.3082027342447482,,,,,0.020250119268894196,0.00010947530245175585
,imappo,,,,1438.0,0.0,0.0,0.005473765148963139,0.0,0.0,0.0,0.0,0.005473765148963139,0.0,0.0,0.0,0.0,0.0,,,,,,,
0.002129476983100176,imappo,5.334533881296011e-08,-0.3125085234642029,0.0005681560520173392,1439.0,,,,,,,,,,,,,,0.3080693564521507,,,,,0.03140001744031906,4.1446368413744494e-05
,imappo,,,,1439.0,0.0,0.0,0.00207231846616196,0.0,0.0,0.0,0.0,0.00207231846616196,0.0,0.0,0.0,0.0,0.0,,,,,,,
-0.00165644777007401,imappo,1.4566291284268118e-08,-0.8012956976890564,0.0005678559519839947,1440.0,,,,,,,,,,,,,,0.30793597865955313,,,,,0.02661142498254776,6.088717418606393e-05
,imappo,,,,1440.0,0.0,0.0,0.0030443584746535635,0.0,0.0,0.0,0.0,0.0030443584746535635,0.0,0.0,0.0,0.0,0.0,,,,,,,
0.02092539519071579,imappo,7.320422934498083e-09,-0.6025177240371704,0.0005675558519506502,1441.0,,,,,,,,,,,,,,0.30780260086695566,,,,,0.027227384969592094,4.9239792133448645e-05
,imappo,,,,1441.0,0.0,0.0,0.0024619894138595555,0.0,0.0,0.0,0.0,0.0024619894138595555,0.0,0.0,0.0,0.0,0.0,,,,,,,
0.011246949434280396,imappo,9.620753083083855e-09,-0.7838757038116455,0.0005672557519173058,1442.0,,,,,,,,,,,,,,0.30766922307435807,,,,,0.026478005573153496,5.675564534612931e-05
,imappo,,,,1442.0,0.0,0.0,0.002837782038113801,0.0,0.0,0.0,0.0,0.002837782038113801,0.0,0.0,0.0,0.0,0.0,,,,,,,
-0.0018787086009979248,imappo,5.998438634691183e-09,-0.8881154656410217,0.0005669556518839614,1443.0,,,,,,,,,,,,,,0.3075358452817606,,,,,0.024044204503297806,6.184614903759211e-05
,imappo,,,,1443.0,0.0,0.0,0.0030923076874387334,0.0,0.0,0.0,0.0,0.0030923076874387334,0.0,0.0,0.0,0.0,0.0,,,,,,,
0.0027039225678890944,imappo,5.034487493560391e-09,-0.8094863891601562,0.000566655551850617,1444.0,,,,,,,,,,,,,,0.307402467489163,,,,,0.02427072823047638,5.88743896514643e-05
,imappo,,,,1444.0,0.0,0.0,0.0029437195619266276,0.0,0.0,0.0,0.0,0.0029437195619266276,0.0,0.0,0.0,0.0,0.0,,,,,,,
-0.0011317189782857895,imappo,5.249457757372511e-09,-0.7963851690292358,0.0005663554518172724,1445.0,,,,,,,,,,,,,,0.3072690896965655,,,,,0.02320897951722145,5.902940756641328e-05
,imappo,,,,1445.0,0.0,0.0,0.0029514707080124936,0.0,0.0,0.0,0.0,0.0029514707080124936,0.0,0.0,0.0,0.0,0.0,,,,,,,
0.011056188493967056,imappo,4.687899402000539e-09,-0.9342427849769592,0.0005660553517839279,1446.0,,,,,,,,,,,,,,0.30713571190396793,,,,,0.022042300552129745,5.7169290812453255e-05
,imappo,,,,1446.0,0.0,0.0,0.002858464442397235,0.0,0.0,0.0,0.0,0.002858464442397235,0.0,0.0,0.0,0.0,0.0,,,,,,,
-0.004673898220062256,imappo,7.01830202842757e-08,-0.26518815755844116,0.0005657552517505835,1447.0,,,,,,,,,,,,,,0.30700233411137046,,,,,0.031168892979621887,4.101217200513929e-05
,imappo,,,,1447.0,0.0,0.0,0.0020506085400029406,0.0,0.0,0.0,0.0,0.0020506085400029406,0.0,0.0,0.0,0.0,0.0,,,,,,,
0.0017592913936823606,imappo,1.3824234201820218e-07,-0.7726483941078186,0.0005654551517172391,1448.0,,,,,,,,,,,,,,0.3068689563187729,,,,,0.0208562221378088,5.902831981074996e-05
,imappo,,,,1448.0,0.0,0.0,0.0029514160632970743,0.0,0.0,0.0,0.0,0.0029514160632970743,0.0,0.0,0.0,0.0,0.0,,,,,,,
-0.0004434893489815295,imappo,2.0639497222418868e-08,-0.5104599595069885,0.0005651550516838947,1449.0,,,,,,,,,,,,,,0.3067355785261754,,,,,0.02861110493540764,5.0091355660697445e-05
,imappo,,,,1449.0,0.0,0.0,0.0025045679573167945,0.0,0.0,0.0,0.0,0.0025045679573167945,0.0,0.0,0.0,0.0,0.0,,,,,,,
-0.0030726648401468992,imappo,9.350121565887548e-09,-0.5871875286102295,0.0005648549516505503,1450.0,,,,,,,,,,,,,,0.30660220073357786,,,,,0.027404088526964188,5.677832450601272e-05
,imappo,,,,1450.0,0.0,0.0,0.002838916207110742,0.0,0.0,0.0,0.0,0.002838916207110742,0.0,0.0,0.0,0.0,0.0,,,,,,,
-0.010309102013707161,imappo,1.3471706949985673e-07,0.19047510623931885,0.0005645548516172058,1451.0,,,,,,,,,,,,,,0.3064688229409803,,,,,0.02628602273762226,4.7239052946679294e-05
,imappo,,,,1451.0,0.0,0.0,0.0023619525355798032,0.0,0.0,0.0,0.0,0.0023619525355798032,0.0,0.0,0.0,0.0,0.0,,,,,,,
-0.009495474398136139,imappo,6.428161469784754e-08,-0.23586614429950714,0.0005642547515838613,1452.0,,,,,,,,,,,,,,0.3063354451483828,,,,,0.0319625586271286,5.609952859231271e-05
,imappo,,,,1452.0,0.0,0.0,0.00280497651465339,0.0,0.0,0.0,0.0,0.00280497651465339,0.0,0.0,0.0,0.0,0.0,,,,,,,
-0.0025375704281032085,imappo,1.666892046614521e-08,-0.5417603850364685,0.0005639546515505169,1453.0,,,,,,,,,,,,,,0.30620206735578526,,,,,0.0284879207611084,6.0936665249755606e-05
,imappo,,,,1453.0,0.0,0.0,0.0030468333470707876,0.0,0.0,0.0,0.0,0.0030468333470707876,0.0,0.0,0.0,0.0,0.0,,,,,,,
-0.006111107300966978,imappo,3.2305980113278565e-09,-0.21783147752285004,0.0005636545515171724,1454.0,,,,,,,,,,,,,,0.3060686895631877,,,,,0.030848287045955658,5.3734165703644976e-05
,imappo,,,,1454.0,0.0,0.0,0.0026867080571264523,0.0,0.0,0.0,0.0,0.0026867080571264523,0.0,0.0,0.0,0.0,0.0,,,,,,,
-0.009108117781579494,imappo,2.6926947782612842e-08,-0.24159398674964905,0.000563354451483828,1455.0,,,,,,,,,,,,,,0.3059353117705902,,,,,0.03140266239643097,4.512911618803628e-05
,imappo,,,,1455.0,0.0,0.0,0.0022564559392321826,0.0,0.0,0.0,0.0,0.0022564559392321826,0.0,0.0,0.0,0.0,0.0,,,,,,,
-0.004268948920071125,imappo,3.552647953597443e-08,0.053557537496089935,0.0005630543514504835,1456.0,,,,,,,,,,,,,,0.30580193397799266,,,,,0.02970419079065323,5.5398377298843116e-05
,imappo,,,,1456.0,0.0,0.0,0.0027699190186467604,0.0,0.0,0.0,0.0,0.0027699190186467604,0.0,0.0,0.0,0.0,0.0,,,,,,,
-0.0034141791984438896,imappo,2.5328469988039615e-08,-0.28307580947875977,0.000562754251417139,1457.0,,,,,,,,,,,,,,0.3056685561853951,,,,,0.02939433977007866,5.4197498684516177e-05
,imappo,,,,1457.0,0.0,0.0,0.002709875004256901,0.0,0.0,0.0,0.0,0.002709875004256901,0.0,0.0,0.0,0.0,0.0,,,,,,,
-0.0024760086089372635,imappo,6.912549643800503e-09,-0.778035581111908,0.0005624541513837946,1458.0,,,,,,,,,,,,,,0.3055351783927976,,,,,0.025507092475891113,5.563310696743429e-05
,imappo,,,,1458.0,0.0,0.0,0.0027816554350010847,0.0,0.0,0.0,0.0,0.0027816554350010847,0.0,0.0,0.0,0.0,0.0,,,,,,,
-0.00430474616587162,imappo,1.0125908289637664e-07,0.2592199444770813,0.0005621540513504502,1459.0,,,,,,,,,,,,,,0.30540180060020006,,,,,0.01857728138566017,6.860261055408046e-05
,imappo,,,,1459.0,0.0,0.0,0.003430130453466518,0.0,0.0,0.0,0.0,0.003430130453466518,0.0,0.0,0.0,0.0,0.0,,,,,,,
-0.002048819325864315,imappo,1.6660752777397647e-08,-0.3082716763019562,0.0005618539513171058,1460.0,,,,,,,,,,,,,,0.3052684228076025,,,,,0.033531028777360916,6.450898217735812e-05
,imappo,,,,1460.0,0.0,0.0,0.003225448938792397,0.0,0.0,0.0,0.0,0.003225448938792397,0.0,0.0,0.0,0.0,0.0,,,,,,,
-0.002211632439866662,imappo,2.004342247730051e-09,-0.7027958631515503,0.0005615538512837613,1461.0,,,,,,,,,,,,,,0.305135045015005,,,,,0.020590052008628845,6.729190499754623e-05
,imappo,,,,1461.0,0.0,0.0,0.003364595037055551,0.0,0.0,0.0,0.0,0.003364595037055551,0.0,0.0,0.0,0.0,0.0,,,,,,,
-0.007860517129302025,imappo,2.3981581165344323e-08,-0.27037402987480164,0.0005612537512504169,1462.0,,,,,,,,,,,,,,0.30500166722240746,,,,,0.03213350474834442,6.079311788198538e-05
,imappo,,,,1462.0,0.0,0.0,0.003039655784846218,0.0,0.0,0.0,0.0,0.003039655784846218,0.0,0.0,0.0,0.0,0.0,,,,,,,
0.005298384930938482,imappo,1.0593537602687775e-08,-0.7809402346611023,0.0005609536512170723,1463.0,,,,,,,,,,,,,,0.3048682894298099,,,,,0.023971855640411377,6.487270002253354e-05
,imappo,,,,1463.0,0.0,0.0,0.003243635237822673,0.0,0.0,0.0,0.0,0.003243635237822673,0.0,0.0,0.0,0.0,0.0,,,,,,,
-0.006748768035322428,imappo,5.864590590931584e-09,-0.11436513066291809,0.0005606535511837279,1464.0,,,,,,,,,,,,,,0.3047349116372124,,,,,0.031143836677074432,5.3982894314685836e-05
,imappo,,,,1464.0,0.0,0.0,0.002699144310554402,0.0,0.0,0.0,0.0,0.002699144310554402,0.0,0.0,0.0,0.0,0.0,,,,,,,
0.003073957981541753,imappo,6.539492503065958e-09,-0.713435173034668,0.0005603534511503835,1465.0,,,,,,,,,,,,,,0.30460153384461486,,,,,0.022154394537210464,6.361654232023284e-05
,imappo,,,,1465.0,0.0,0.0,0.0031808269304747228,0.0,0.0,0.0,0.0,0.0031808269304747228,0.0,0.0,0.0,0.0,0.0,,,,,,,
-0.004954767879098654,imappo,3.239921042563765e-08,0.15366198122501373,0.0005600533511170391,1466.0,,,,,,,,,,,,,,0.3044681560520173,,,,,0.030476195737719536,5.03436713188421e-05
,imappo,,,,1466.0,0.0,0.0,0.0025171835019364153,0.0,0.0,0.0,0.0,0.0025171835019364153,0.0,0.0,0.0,0.0,0.0,,,,,,,
-0.011798853985965252,imappo,1.0816703088778468e-08,-0.10696955025196075,0.0005597532510836946,1467.0,,,,,,,,,,,,,,0.3043347782594198,,,,,0.02989392727613449,4.320412335800938e-05
,imappo,,,,1467.0,0.0,0.0,0.00216020617955337,0.0,0.0,0.0,0.0,0.00216020617955337,0.0,0.0,0.0,0.0,0.0,,,,,,,
-0.002137800445780158,imappo,3.885533672587371e-08,-0.681399405002594,0.0005594531510503501,1468.0,,,,,,,,,,,,,,0.30420140046682226,,,,,0.025749890133738518,5.932076965109445e-05
,imappo,,,,1468.0,0.0,0.0,0.002966038737213239,0.0,0.0,0.0,0.0,0.002966038737213239,0.0,0.0,0.0,0.0,0.0,,,,,,,
0.00525802094489336,imappo,9.407554735219037e-09,-0.7699989080429077,0.0005591530510170057,1469.0,,,,,,,,,,,,,,0.3040680226742247,,,,,0.01959482580423355,6.097670484450646e-05
,imappo,,,,1469.0,0.0,0.0,0.003048835143999895,0.0,0.0,0.0,0.0,0.003048835143999895,0.0,0.0,0.0,0.0,0.0,,,,,,,
0.005236681085079908,imappo,1.6500294464094623e-08,-0.8759810328483582,0.0005588529509836613,1470.0,,,,,,,,,,,,,,0.3039346448816272,,,,,0.02714388258755207,5.5568874813616276e-05
,imappo,,,,1470.0,0.0,0.0,0.002778443975330447,0.0,0.0,0.0,0.0,0.002778443975330447,0.0,0.0,0.0,0.0,0.0,,,,,,,
-0.005303877871483564,imappo,1.7759180792609186e-08,-0.5209504961967468,0.0005585528509503169,1471.0,,,,,,,,,,,,,,0.30380126708902966,,,,,0.0282695684581995,5.770875213784166e-05
,imappo,,,,1471.0,0.0,0.0,0.0028854374158981955,0.0,0.0,0.0,0.0,0.0028854374158981955,0.0,0.0,0.0,0.0,0.0,,,,,,,
0.003368416801095009,imappo,1.5884733528537254e-08,-0.8875051140785217,0.0005582527509169723,1472.0,,,,,,,,,,,,,,0.3036678892964321,,,,,0.02559235692024231,5.3275012760423124e-05
,imappo,,,,1472.0,0.0,0.0,0.0026637504142854596,0.0,0.0,0.0,0.0,0.0026637504142854596,0.0,0.0,0.0,0.0,0.0,,,,,,,
-0.009073927067220211,imappo,1.0985662157736442e-08,-0.16767272353172302,0.0005579526508836279,1473.0,,,,,,,,,,,,,,0.3035345115038346,,,,,0.027937566861510277,5.18572996952571e-05
,imappo,,,,1473.0,0.0,0.0,0.0025928648226454243,0.0,0.0,0.0,0.0,0.0025928648226454243,0.0,0.0,0.0,0.0,0.0,,,,,,,
-0.007259607780724764,imappo,2.3115950043006706e-08,0.18852882087230682,0.0005576525508502834,1474.0,,,,,,,,,,,,,,0.30340113371123706,,,,,0.03179509937763214,4.876933235209435e-05
,imappo,,,,1474.0,0.0,0.0,0.002438466613938317,0.0,0.0,0.0,0.0,0.002438466613938317,0.0,0.0,0.0,0.0,0.0,,,,,,,
-0.01275385357439518,imappo,1.6816516179574137e-08,-0.23198401927947998,0.000557352450816939,1475.0,,,,,,,,,,,,,,0.3032677559186395,,,,,0.03096277453005314,4.169252861174755e-05
,imappo,,,,1475.0,0.0,0.0,0.0020846262503937396,0.0,0.0,0.0,0.0,0.0020846262503937396,0.0,0.0,0.0,0.0,0.0,,,,,,,
-0.010102679021656513,imappo,5.915745227014213e-09,-0.18168167769908905,0.0005570523507835946,1476.0,,,,,,,,,,,,,,0.303134378126042,,,,,0.029197491705417633,4.099615034647286e-05
,imappo,,,,1476.0,0.0,0.0,0.0020498076054877856,0.0,0.0,0.0,0.0,0.0020498076054877856,0.0,0.0,0.0,0.0,0.0,,,,,,,
-0.004779936745762825,imappo,1.654849413057491e-08,0.2741943895816803,0.0005567522507502502,1477.0,,,,,,,,,,,,,,0.30300100033344446,,,,,0.028580930083990097,4.728811836685054e-05
,imappo,,,,1477.0,0.0,0.0,0.0023644060151966073,0.0,0.0,0.0,0.0,0.0023644060151966073,0.0,0.0,0.0,0.0,0.0,,,,,,,
-0.003323781071230769,imappo,5.748307163599975e-09,-0.23994450271129608,0.0005564521507169057,1478.0,,,,,,,,,,,,,,0.302867622540847,,,,,0.02841290645301342,4.860633998760022e-05
,imappo,,,,1478.0,0.0,0.0,0.00243031686568429,0.0,0.0,0.0,0.0,0.00243031686568429,0.0,0.0,0.0,0.0,0.0,,,,,,,
-0.005361359566450119,imappo,4.0094856323946715e-09,-0.3228752911090851,0.0005561520506835612,1479.0,,,,,,,,,,,,,,0.3027342447482494,,,,,0.03059188276529312,5.532938666874543e-05
,imappo,,,,1479.0,0.0,0.0,0.002766469425012019,0.0,0.0,0.0,0.0,0.002766469425012019,0.0,0.0,0.0,0.0,0.0,,,,,,,
-0.008582785725593567,imappo,2.7331623186910292e-08,-0.5517731308937073,0.0005558519506502168,1480.0,,,,,,,,,,,,,,0.3026008669556519,,,,,0.027044087648391724,6.623864464927465e-05
,imappo,,,,1480.0,0.0,0.0,0.0033119322636707693,0.0,0.0,0.0,0.0,0.0033119322636707693,0.0,0.0,0.0,0.0,0.0,,,,,,,
-0.007161951158195734,imappo,2.4513957086469418e-08,-0.15011875331401825,0.0005555518506168723,1481.0,,,,,,,,,,,,,,0.3024674891630543,,,,,0.028397992253303528,5.2120456530246884e-05
,imappo,,,,1481.0,0.0,0.0,0.0026060229159838855,0.0,0.0,0.0,0.0,0.0026060229159838855,0.0,0.0,0.0,0.0,0.0,,,,,,,
0.0013256374513730407,imappo,7.528095480324737e-09,-0.2930172085762024,0.0005552517505835279,1482.0,,,,,,,,,,,,,,0.30233411137045685,,,,,0.028130047023296356,5.583987876889296e-05
,imappo,,,,1482.0,0.0,0.0,0.002791994387507657,0.0,0.0,0.0,0.0,0.002791994387507657,0.0,0.0,0.0,0.0,0.0,,,,,,,
-0.0010718000121414661,imappo,1.4805318748756235e-08,-0.4329020082950592,0.0005549516505501834,1483.0,,,,,,,,,,,,,,0.30220073357785926,,,,,0.026361608877778053,5.270229303278029e-05
,imappo,,,,1483.0,0.0,0.0,0.0026351144875320642,0.0,0.0,0.0,0.0,0.0026351144875320642,0.0,0.0,0.0,0.0,0.0,,,,,,,
-0.008426632732152939,imappo,3.054895714171835e-08,-0.3852044343948364,0.000554651550516839,1484.0,,,,,,,,,,,,,,0.3020673557852618,,,,,0.02670929580926895,0.00011004412226611748
,imappo,,,,1484.0,0.0,0.0,0.005502206295659562,0.0,0.0,0.0,0.0,0.005502206295659562,0.0,0.0,0.0,0.0,0.0,,,,,,,
-0.008833913132548332,imappo,9.183440852211788e-08,0.2273060828447342,0.0005543514504834945,1485.0,,,,,,,,,,,,,,0.3019339779926642,,,,,0.02548406273126602,4.581636676448397e-05
,imappo,,,,1485.0,0.0,0.0,0.0022908185680989845,0.0,0.0,0.0,0.0,0.0022908185680989845,0.0,0.0,0.0,0.0,0.0,,,,,,,
-0.0007256637909449637,imappo,2.0978244918978817e-08,-0.05989978834986687,0.0005540513504501501,1486.0,,,,,,,,,,,,,,0.3018006002000667,,,,,0.029734764248132706,4.611648910213262e-05
,imappo,,,,1486.0,0.0,0.0,0.0023058247979861335,0.0,0.0,0.0,0.0,0.0023058247979861335,0.0,0.0,0.0,0.0,0.0,,,,,,,
0.011223970912396908,imappo,2.62119712601816e-08,-0.35299256443977356,0.0005537512504168057,1487.0,,,,,,,,,,,,,,0.3016672224074691,,,,,0.024725211784243584,5.538199548027478e-05
,imappo,,,,1487.0,0.0,0.0,0.002769099935903796,0.0,0.0,0.0,0.0,0.002769099935903796,0.0,0.0,0.0,0.0,0.0,,,,,,,
0.002067932393401861,imappo,6.267971475182321e-09,-0.3302299678325653,0.0005534511503834613,1488.0,,,,,,,,,,,,,,0.30153384461487165,,,,,0.027120929211378098,5.5209002312039956e-05
,imappo,,,,1488.0,0.0,0.0,0.0027604501692621852,0.0,0.0,0.0,0.0,0.0027604501692621852,0.0,0.0,0.0,0.0,0.0,,,,,,,
-0.005177551880478859,imappo,8.781850802108693e-09,-0.19583740830421448,0.0005531510503501166,1489.0,,,,,,,,,,,,,,0.30140046682227406,,,,,0.0311787948012352,4.930434806738049e-05
,imappo,,,,1489.0,0.0,0.0,0.0024652173663071153,0.0,0.0,0.0,0.0,0.0024652173663071153,0.0,0.0,0.0,0.0,0.0,,,,,,,
-0.00828318577259779,imappo,6.1060525524681e-09,-0.3612498342990875,0.0005528509503167722,1490.0,,,,,,,,,,,,,,0.3012670890296766,,,,,0.025083478540182114,5.331874854164198e-05
,imappo,,,,1490.0,0.0,0.0,0.002665937345116165,0.0,0.0,0.0,0.0,0.002665937345116165,0.0,0.0,0.0,0.0,0.0,,,,,,,
0.012215344235301018,imappo,9.176223336737621e-09,-0.5867275595664978,0.0005525508502834278,1491.0,,,,,,,,,,,,,,0.301133711237079,,,,,0.022701449692249298,6.271579331951216e-05
,imappo,,,,1491.0,0.0,0.0,0.0031357896473309665,0.0,0.0,0.0,0.0,0.0031357896473309665,0.0,0.0,0.0,0.0,0.0,,,,,,,
-0.0062377373687922955,imappo,2.310538960159647e-08,-0.07260441780090332,0.0005522507502500834,1492.0,,,,,,,,,,,,,,0.3010003334444815,,,,,0.028796210885047913,4.954055111738853e-05
,imappo,,,,1492.0,0.0,0.0,0.0024770274446836993,0.0,0.0,0.0,0.0,0.0024770274446836993,0.0,0.0,0.0,0.0,0.0,,,,,,,
0.005105260759592056,imappo,5.6711648710461304e-09,-0.232810840010643,0.000551950650216739,1493.0,,,,,,,,,,,,,,0.3008669556518839,,,,,0.026143299415707588,5.101475471747108e-05
,imappo,,,,1493.0,0.0,0.0,0.0025507377222311334,0.0,0.0,0.0,0.0,0.0025507377222311334,0.0,0.0,0.0,0.0,0.0,,,,,,,
-0.0032628970220685005,imappo,3.358422517862891e-08,0.3191974461078644,0.0005516505501833945,1494.0,,,,,,,,,,,,,,0.30073357785928645,,,,,0.02329825609922409,4.984848783351481e-05
,imappo,,,,1494.0,0.0,0.0,0.0024924240192945035,0.0,0.0,0.0,0.0,0.0024924240192945035,0.0,0.0,0.0,0.0,0.0,,,,,,,
-0.006191398482769728,imappo,3.975567608449637e-08,-0.2781710922718048,0.0005513504501500501,1495.0,,,,,,,,,,,,,,0.30060020006668886,,,,,0.030691631138324738,5.2325216529425234e-05
,imappo,,,,1495.0,0.0,0.0,0.0026162607073700883,0.0,0.0,0.0,0.0,0.0026162607073700883,0.0,0.0,0.0,0.0,0.0,,,,,,,
-0.011733150109648705,imappo,5.063921726389253e-09,-0.6526111364364624,0.0005510503501167056,1496.0,,,,,,,,,,,,,,0.3004668222740914,,,,,0.026170480996370316,5.221100218477659e-05
,imappo,,,,1496.0,0.0,0.0,0.0026105501818847188,0.0,0.0,0.0,0.0,0.0026105501818847188,0.0,0.0,0.0,0.0,0.0,,,,,,,
-0.012845165096223354,imappo,6.532685059568166e-09,-0.19335749745368958,0.0005507502500833612,1497.0,,,,,,,,,,,,,,0.3003334444814938,,,,,0.027494607493281364,4.716242619906552e-05
,imappo,,,,1497.0,0.0,0.0,0.0023581211689815973,0.0,0.0,0.0,0.0,0.0023581211689815973,0.0,0.0,0.0,0.0,0.0,,,,,,,
-0.0018446361646056175,imappo,3.8783181111057274e-09,-0.011392232961952686,0.0005504501500500168,1498.0,,,,,,,,,,,,,,0.3002000666888963,,,,,0.027194973081350327,4.988073487766087e-05
,imappo,,,,1498.0,0.0,0.0,0.0024940367789128004,0.0,0.0,0.0,0.0,0.0024940367789128004,0.0,0.0,0.0,0.0,0.0,,,,,,,
0.011516534723341465,imappo,4.5844008589313034e-09,-0.7558537125587463,0.0005501500500166723,1499.0,,,,,,,,,,,,,,0.30006668889629873,,,,,0.024383217096328735,5.054197754361667e-05
,imappo,,,,1499.0,0.0,0.0,0.002527098805330752,0.0,0.0,0.0,0.0,0.002527098805330752,0.0,0.0,0.0,0.0,0.0,,,,,,,
,imappo,,,,1499.0,,,,,,,,,,,,,,,0.0,0.0,0.0,0.0,,
-0.0056070624850690365,imappo,1.9858079625123537e-09,-0.07945258915424347,0.0005498499499833278,1500.0,,,,,,,,,,,,,,0.29993331110370125,,,,,0.027567140758037567,4.34027097071521e-05
,imappo,,,,1500.0,0.0,0.0,0.002170135656797356,0.0,0.0,0.0,0.0,0.002170135656797356,0.0,0.0,0.0,0.0,0.0,,,,,,,
-0.008082450367510319,imappo,1.354252887608709e-08,0.13911287486553192,0.0005495498499499833,1501.0,,,,,,,,,,,,,,0.29979993331110366,,,,,0.03218132629990578,5.251470793155022e-05
,imappo,,,,1501.0,0.0,0.0,0.0026257353905521086,0.0,0.0,0.0,0.0,0.0026257353905521086,0.0,0.0,0.0,0.0,0.0,,,,,,,
-0.005745834205299616,imappo,7.278676328326128e-09,-0.22427386045455933,0.0005492497499166389,1502.0,,,,,,,,,,,,,,0.2996665555185062,,,,,0.029867324978113174,4.3640797230182216e-05
,imappo,,,,1502.0,0.0,0.0,0.002182039840732841,0.0,0.0,0.0,0.0,0.002182039840732841,0.0,0.0,0.0,0.0,0.0,,,,,,,
-0.0028044795617461205,imappo,2.5612420628817745e-08,-0.3158043622970581,0.0005489496498832945,1503.0,,,,,,,,,,,,,,0.2995331777259086,,,,,0.02767335996031761,5.112310464028269e-05
,imappo,,,,1503.0,0.0,0.0,0.002556155227466661,0.0,0.0,0.0,0.0,0.002556155227466661,0.0,0.0,0.0,0.0,0.0,,,,,,,
-0.005821892060339451,imappo,1.000130378514541e-08,-0.4595284163951874,0.0005486495498499501,1504.0,,,,,,,,,,,,,,0.2993997999333111,,,,,0.025555193424224854,5.989498822600581e-05
,imappo,,,,1504.0,0.0,0.0,0.002994749599771751,0.0,0.0,0.0,0.0,0.002994749599771751,0.0,0.0,0.0,0.0,0.0,,,,,,,
-0.012059137225151062,imappo,8.525821826310676e-09,0.0017650914378464222,0.0005483494498166056,1505.0,,,,,,,,,,,,,,0.29926642214071353,,,,,0.032500095665454865,5.1345836254768074e-05
,imappo,,,,1505.0,0.0,0.0,0.0025672918102372932,0.0,0.0,0.0,0.0,0.0025672918102372932,0.0,0.0,0.0,0.0,0.0,,,,,,,
-0.004344106186181307,imappo,2.5970956940568612e-08,-0.5608444809913635,0.0005480493497832611,1506.0,,,,,,,,,,,,,,0.29913304434811605,,,,,0.022814489901065826,5.927394158788957e-05
,imappo,,,,1506.0,0.0,0.0,0.0029636969334205787,0.0,0.0,0.0,0.0,0.0029636969334205787,0.0,0.0,0.0,0.0,0.0,,,,,,,
-0.007521091960370541,imappo,1.367323321233016e-08,-0.01801191084086895,0.0005477492497499166,1507.0,,,,,,,,,,,,,,0.29899966655551846,,,,,0.026663586497306824,4.717627598438412e-05
,imappo,,,,1507.0,0.0,0.0,0.0023588141148138675,0.0,0.0,0.0,0.0,0.0023588141148138675,0.0,0.0,0.0,0.0,0.0,,,,,,,
-0.0045859054662287235,imappo,1.9255402605722338e-08,-0.4820079505443573,0.0005474491497165722,1508.0,,,,,,,,,,,,,,0.298866288762921,,,,,0.02501809224486351,4.862645801040344e-05
,imappo,,,,1508.0,0.0,0.0,0.0024313228013852495,0.0,0.0,0.0,0.0,0.0024313228013852495,0.0,0.0,0.0,0.0,0.0,,,,,,,
-0.005391371436417103,imappo,9.255917809980474e-09,-0.7520994544029236,0.0005471490496832278,1509.0,,,,,,,,,,,,,,0.2987329109703234,,,,,0.02595878392457962,5.3792249673279e-05
,imappo,,,,1509.0,0.0,0.0,0.0026896126564679435,0.0,0.0,0.0,0.0,0.0026896126564679435,0.0,0.0,0.0,0.0,0.0,,,,,,,
-0.0042022173292934895,imappo,2.67423097000119e-08,0.25278082489967346,0.0005468489496498833,1510.0,,,,,,,,,,,,,,0.2985995331777259,,,,,0.02818085253238678,6.324960850179195e-05
,imappo,,,,1510.0,0.0,0.0,0.003162480358469111,0.0,0.0,0.0,0.0,0.003162480358469111,0.0,0.0,0.0,0.0,0.0,,,,,,,
-0.00365350185893476,imappo,2.4256516795162497e-08,-0.6317256689071655,0.0005465488496165389,1511.0,,,,,,,,,,,,,,0.2984661553851284,,,,,0.029134836047887802,5.4669613746227697e-05
,imappo,,,,1511.0,0.0,0.0,0.002733480645616737,0.0,0.0,0.0,0.0,0.002733480645616737,0.0,0.0,0.0,0.0,0.0,,,,,,,
0.0020457953214645386,imappo,2.034754054136556e-08,-1.0858819484710693,0.0005462487495831944,1512.0,,,,,,,,,,,,,,0.29833277759253085,,,,,0.025302190333604813,5.2201463404344395e-05
,imappo,,,,1512.0,0.0,0.0,0.002610073144751368,0.0,0.0,0.0,0.0,0.002610073144751368,0.0,0.0,0.0,0.0,0.0,,,,,,,
-0.006453721784055233,imappo,2.1839609232188195e-08,0.18557344377040863,0.00054594864954985,1513.0,,,,,,,,,,,,,,0.29819939979993326,,,,,0.022874124348163605,5.209853043197654e-05
,imappo,,,,1513.0,0.0,0.0,0.0026049266496102064,0.0,0.0,0.0,0.0,0.0026049266496102064,0.0,0.0,0.0,0.0,0.0,,,,,,,
-0.002775687724351883,imappo,5.8742038788750506e-08,-0.5332241058349609,0.0005456485495165056,1514.0,,,,,,,,,,,,,,0.2980660220073358,,,,,0.02548850327730179,0.00010366075002821162
,imappo,,,,1514.0,0.0,0.0,0.005183037092592713,0.0,0.0,0.0,0.0,0.005183037092592713,0.0,0.0,0.0,0.0,0.0,,,,,,,
0.008122988045215607,imappo,8.485579172656799e-08,-0.33329248428344727,0.0005453484494831612,1515.0,,,,,,,,,,,,,,0.29793264421473825,,,,,0.02756538614630699,4.322777022025548e-05
,imappo,,,,1515.0,0.0,0.0,0.00216138848634273,0.0,0.0,0.0,0.0,0.00216138848634273,0.0,0.0,0.0,0.0,0.0,,,,,,,
-0.008007661439478397,imappo,1.8875518037475558e-08,-0.364725798368454,0.0005450483494498166,1516.0,,,,,,,,,,,,,,0.2977992664221407,,,,,0.02931760810315609,4.272949809092097e-05
,imappo,,,,1516.0,0.0,0.0,0.0021364748932057864,0.0,0.0,0.0,0.0,0.0021364748932057864,0.0,0.0,0.0,0.0,0.0,,,,,,,
-0.0032345212530344725,imappo,2.6849997780686863e-08,-0.7398744225502014,0.0005447482494164721,1517.0,,,,,,,,,,,,,,0.29766588862954313,,,,,0.029205549508333206,5.053398490417749e-05
,imappo,,,,1517.0,0.0,0.0,0.0025266994048251945,0.0,0.0,0.0,0.0,0.0025266994048251945,0.0,0.0,0.0,0.0,0.0,,,,,,,
-0.0058356840163469315,imappo,8.185986999365014e-09,-0.5935388803482056,0.0005444481493831277,1518.0,,,,,,,,,,,,,,0.29753251083694565,,,,,0.020216789096593857,9.868993220152333e-05
,imappo,,,,1518.0,0.0,0.0,0.0049344964763804455,0.0,0.0,0.0,0.0,0.0049344964763804455,0.0,0.0,0.0,0.0,0.0,,,,,,,
-0.011571367271244526,imappo,7.75654314111307e-08,-0.6516786813735962,0.0005441480493497833,1519.0,,,,,,,,,,,,,,0.2973991330443481,,,,,0.029855525121092796,5.150579090695828e-05
,imappo,,,,1519.0,0.0,0.0,0.002575289465365671,0.0,0.0,0.0,0.0,0.002575289465365671,0.0,0.0,0.0,0.0,0.0,,,,,,,
-0.0035183357540518045,imappo,1.2010968930553645e-07,-0.12006563693284988,0.0005438479493164389,1520.0,,,,,,,,,,,,,,0.2972657552517506,,,,,0.02689702995121479,3.5206321626901627e-05
,imappo,,,,1520.0,0.0,0.0,0.0017603159311647687,0.0,0.0,0.0,0.0,0.0017603159311647687,0.0,0.0,0.0,0.0,0.0,,,,,,,
0.0016514138551428914,imappo,1.990399738360793e-07,0.26377183198928833,0.0005435478492830944,1521.0,,,,,,,,,,,,,,0.297132377459153,,,,,0.027301203459501266,5.701548434444703e-05
,imappo,,,,1521.0,0.0,0.0,0.0028507743315913103,0.0,0.0,0.0,0.0,0.0028507743315913103,0.0,0.0,0.0,0.0,0.0,,,,,,,
-0.008069432340562344,imappo,3.011296811905595e-08,-0.6042830944061279,0.0005432477492497499,1522.0,,,,,,,,,,,,,,0.2969989996665555,,,,,0.02851378172636032,4.8027006414486095e-05
,imappo,,,,1522.0,0.0,0.0,0.0024013504762478988,0.0,0.0,0.0,0.0,0.0024013504762478988,0.0,0.0,0.0,0.0,0.0,,,,,,,
0.029310138896107674,imappo,8.859420574935939e-08,-0.7959209084510803,0.0005429476492164055,1523.0,,,,,,,,,,,,,,0.296865621873958,,,,,0.023146767169237137,5.760430212831125e-05
,imappo,,,,1523.0,0.0,0.0,0.0028802153222500237,0.0,0.0,0.0,0.0,0.0028802153222500237,0.0,0.0,0.0,0.0,0.0,,,,,,,
-0.00932266004383564,imappo,1.0271030959074778e-07,-0.28456106781959534,0.0005426475491830611,1524.0,,,,,,,,,,,,,,0.29673224408136045,,,,,0.029416028410196304,4.1020961361937225e-05
,imappo,,,,1524.0,0.0,0.0,0.0020510479558932815,0.0,0.0,0.0,0.0,0.0020510479558932815,0.0,0.0,0.0,0.0,0.0,,,,,,,
0.0186268649995327,imappo,5.8148284409753614e-08,-0.5239014029502869,0.0005423474491497166,1525.0,,,,,,,,,,,,,,0.29659886628876286,,,,,0.034973785281181335,4.9673530156724155e-05
,imappo,,,,1525.0,0.0,0.0,0.002483676241865851,0.0,0.0,0.0,0.0,0.002483676241865851,0.0,0.0,0.0,0.0,0.0,,,,,,,
-0.004667746834456921,imappo,5.42132951864005e-08,0.23188947141170502,0.0005420473491163722,1526.0,,,,,,,,,,,,,,0.2964654884961654,,,,,0.023800671100616455,5.679369132849388e-05
,imappo,,,,1526.0,0.0,0.0,0.0028396843845257536,0.0,0.0,0.0,0.0,0.0028396843845257536,0.0,0.0,0.0,0.0,0.0,,,,,,,
-0.001000887481495738,imappo,2.5035683748342308e-08,-0.1240181252360344,0.0005417472490830277,1527.0,,,,,,,,,,,,,,0.29633211070356785,,,,,0.027204301208257675,4.166060170973651e-05
,imappo,,,,1527.0,0.0,0.0,0.002083029897448796,0.0,0.0,0.0,0.0,0.002083029897448796,0.0,0.0,0.0,0.0,0.0,,,,,,,
0.017849743366241455,imappo,1.372675217936603e-08,-0.6116523146629333,0.0005414471490496832,1528.0,,,,,,,,,,,,,,0.2961987329109703,,,,,0.026411738246679306,6.533481064252555e-05
,imappo,,,,1528.0,0.0,0.0,0.0032667405644133396,0.0,0.0,0.0,0.0,0.0032667405644133396,0.0,0.0,0.0,0.0,0.0,,,,,,,
-0.0018715639598667622,imappo,9.641375697810872e-08,-0.31194740533828735,0.0005411470490163388,1529.0,,,,,,,,,,,,,,0.29606535511837273,,,,,0.02848639339208603,1.2603234608832281e-05
,imappo,,,,1529.0,0.0,0.0,0.0006301617905819512,0.0,0.0,0.0,0.0,0.0006301617905819512,0.0,0.0,0.0,0.0,0.0,,,,,,,
0.05609118938446045,imappo,2.4744065285631223e-07,-0.8867049217224121,0.0005408469489829944,1530.0,,,,,,,,,,,,,,0.29593197732577525,,,,,0.024808164685964584,5.972083090455271e-05
,imappo,,,,1530.0,0.0,0.0,0.0029860417175768816,0.0,0.0,0.0,0.0,0.0029860417175768816,0.0,0.0,0.0,0.0,0.0,,,,,,,
-0.008320210501551628,imappo,4.269429965120253e-08,-0.11768445372581482,0.00054054684894965,1531.0,,,,,,,,,,,,,,0.2957985995331777,,,,,0.024794362485408783,4.162123877904378e-05
,imappo,,,,1531.0,0.0,0.0,0.0020810619510029937,0.0,0.0,0.0,0.0,0.0020810619510029937,0.0,0.0,0.0,0.0,0.0,,,,,,,
-0.005004154052585363,imappo,2.4207791327057748e-08,-0.8366403579711914,0.0005402467489163055,1532.0,,,,,,,,,,,,,,0.2956652217405802,,,,,0.02292529121041298,5.871820394531824e-05
,imappo,,,,1532.0,0.0,0.0,0.0029359099685279944,0.0,0.0,0.0,0.0,0.0029359099685279944,0.0,0.0,0.0,0.0,0.0,,,,,,,
-0.011007722467184067,imappo,5.042632267304725e-08,0.35758742690086365,0.000539946648882961,1533.0,,,,,,,,,,,,,,0.2955318439479826,,,,,0.02752050757408142,5.6993412727024406e-05
,imappo,,,,1533.0,0.0,0.0,0.002849670623845668,0.0,0.0,0.0,0.0,0.002849670623845668,0.0,0.0,0.0,0.0,0.0,,,,,,,
-0.003474209224805236,imappo,3.56667868572913e-08,0.34456780552864075,0.0005396465488496165,1534.0,,,,,,,,,,,,,,0.2953984661553851,,,,,0.022870007902383804,5.582010999205522e-05
,imappo,,,,1534.0,0.0,0.0,0.0027910052355935022,0.0,0.0,0.0,0.0,0.0027910052355935022,0.0,0.0,0.0,0.0,0.0,,,,,,,
0.04058289900422096,imappo,3.905123335812277e-08,-0.7400309443473816,0.0005393464488162721,1535.0,,,,,,,,,,,,,,0.2952650883627876,,,,,0.025394506752490997,7.091644511092454e-05
,imappo,,,,1535.0,0.0,0.0,0.0035458222300803754,0.0,0.0,0.0,0.0,0.0035458222300803754,0.0,0.0,0.0,0.0,0.0,,,,,,,
0.0033709597773849964,imappo,3.771684475850634e-08,0.3232053220272064,0.0005390463487829277,1536.0,,,,,,,,,,,,,,0.29513171057019005,,,,,0.024135326966643333,4.98385816172231e-05
,imappo,,,,1536.0,0.0,0.0,0.00249192895125816,0.0,0.0,0.0,0.0,0.00249192895125816,0.0,0.0,0.0,0.0,0.0,,,,,,,
-0.004539760295301676,imappo,8.310753862872389e-09,0.3037858307361603,0.0005387462487495831,1537.0,,,,,,,,,,,,,,0.29499833277759246,,,,,0.022585026919841766,4.663860454456881e-05
,imappo,,,,1537.0,0.0,0.0,0.002331930099614965,0.0,0.0,0.0,0.0,0.002331930099614965,0.0,0.0,0.0,0.0,0.0,,,,,,,
-0.007908061146736145,imappo,1.668905547091981e-08,-0.1833946257829666,0.0005384461487162388,1538.0,,,,,,,,,,,,,,0.294864954984995,,,,,0.02936326526105404,5.359519855119288e-05
,imappo,,,,1538.0,0.0,0.0,0.002679759943021054,0.0,0.0,0.0,0.0,0.002679759943021054,0.0,0.0,0.0,0.0,0.0,,,,,,,
-0.007267535664141178,imappo,3.132479520218112e-08,-0.07160908728837967,0.0005381460486828943,1539.0,,,,,,,,,,,,,,0.29473157719239745,,,,,0.031638357788324356,5.455281279864721e-05
,imappo,,,,1539.0,0.0,0.0,0.00272764047349483,0.0,0.0,0.0,0.0,0.00272764047349483,0.0,0.0,0.0,0.0,0.0,,,,,,,
-0.0010570177109912038,imappo,5.0363258452534865e-08,-0.5111123919487,0.0005378459486495499,1540.0,,,,,,,,,,,,,,0.2945981993997999,,,,,0.026836097240447998,7.67293167882599e-05
,imappo,,,,1540.0,0.0,0.0,0.003836466457158849,0.0,0.0,0.0,0.0,0.003836466457158849,0.0,0.0,0.0,0.0,0.0,,,,,,,
-0.00131619768217206,imappo,6.987470158037468e-08,-0.2630910277366638,0.0005375458486162055,1541.0,,,,,,,,,,,,,,0.29446482160720244,,,,,0.026901982724666595,3.510383976390585e-05
,imappo,,,,1541.0,0.0,0.0,0.0017551921075664723,0.0,0.0,0.0,0.0,0.0017551921075664723,0.0,0.0,0.0,0.0,0.0,,,,,,,
-0.004350039176642895,imappo,1.0489949886505201e-07,-0.17886075377464294,0.0005372457485828611,1542.0,,,,,,,,,,,,,,0.29433144381460485,,,,,0.0346987321972847,4.072046067449264e-05
,imappo,,,,1542.0,0.0,0.0,0.002036023165601364,0.0,0.0,0.0,0.0,0.002036023165601364,0.0,0.0,0.0,0.0,0.0,,,,,,,
0.00893016904592514,imappo,3.184958430324514e-08,-0.25305047631263733,0.0005369456485495165,1543.0,,,,,,,,,,,,,,0.2941980660220073,,,,,0.028583958745002747,3.350508268340491e-05
,imappo,,,,1543.0,0.0,0.0,0.0016752541969253798,0.0,0.0,0.0,0.0,0.0016752541969253798,0.0,0.0,0.0,0.0,0.0,,,,,,,
-0.005688527133315802,imappo,1.9520966176855836e-08,-0.1194637194275856,0.000536645548516172,1544.0,,,,,,,,,,,,,,0.2940646882294098,,,,,0.02595529705286026,4.744860052596778e-05
,imappo,,,,1544.0,0.0,0.0,0.0023724299073819566,0.0,0.0,0.0,0.0,0.0023724299073819566,0.0,0.0,0.0,0.0,0.0,,,,,,,
0.0030402399133890867,imappo,2.8879345137511336e-08,-0.6667230725288391,0.0005363454484828276,1545.0,,,,,,,,,,,,,,0.2939313104368123,,,,,0.02906074747443199,6.997689342824742e-05
,imappo,,,,1545.0,0.0,0.0,0.003498845029014319,0.0,0.0,0.0,0.0,0.003498845029014319,0.0,0.0,0.0,0.0,0.0,,,,,,,
0.016987742856144905,imappo,2.206489924105881e-08,-1.0612821578979492,0.0005360453484494832,1546.0,,,,,,,,,,,,,,0.2937979326442147,,,,,0.02573763206601143,5.598863572231494e-05
,imappo,,,,1546.0,0.0,0.0,0.0027994317866557594,0.0,0.0,0.0,0.0,0.0027994317866557594,0.0,0.0,0.0,0.0,0.0,,,,,,,
-0.011354424990713596,imappo,1.2132720605961822e-08,-0.7671143412590027,0.0005357452484161388,1547.0,,,,,,,,,,,,,,0.2936645548516172,,,,,0.023788370192050934,6.923518958501518e-05
,imappo,,,,1547.0,0.0,0.0,0.0034617596056705224,0.0,0.0,0.0,0.0,0.0034617596056705224,0.0,0.0,0.0,0.0,0.0,,,,,,,
0.027914922684431076,imappo,3.204265652811955e-08,-0.9705359935760498,0.0005354451483827942,1548.0,,,,,,,,,,,,,,0.29353117705901965,,,,,0.024934222921729088,5.52141027583275e-05
,imappo,,,,1548.0,0.0,0.0,0.002760705064247304,0.0,0.0,0.0,0.0,0.002760705064247304,0.0,0.0,0.0,0.0,0.0,,,,,,,
-0.011544284410774708,imappo,1.2757815248676252e-08,-0.2029460370540619,0.0005351450483494499,1549.0,,,,,,,,,,,,,,0.2933977992664222,,,,,0.02757633663713932,3.341862975503318e-05
,imappo,,,,1549.0,0.0,0.0,0.0016709315177649842,0.0,0.0,0.0,0.0,0.0016709315177649842,0.0,0.0,0.0,0.0,0.0,,,,,,,
0.0007691080099903047,imappo,2.6711198586326645e-08,-0.36757832765579224,0.0005348449483161054,1550.0,,,,,,,,,,,,,,0.2932644214738246,,,,,0.03738776594400406,6.200090138008818e-05
,imappo,,,,1550.0,0.0,0.0,0.0031000449332623248,0.0,0.0,0.0,0.0,0.0031000449332623248,0.0,0.0,0.0,0.0,0.0,,,,,,,
-0.008849293924868107,imappo,1.0266865757557753e-07,0.31615906953811646,0.000534544848282761,1551.0,,,,,,,,,,,,,,0.29313104368122705,,,,,0.02471877634525299,5.797048652311787e-05
,imappo,,,,1551.0,0.0,0.0,0.0028985243356451917,0.0,0.0,0.0,0.0,0.0028985243356451917,0.0,0.0,0.0,0.0,0.0,,,,,,,
-0.010194110684096813,imappo,2.3418325056923095e-08,0.11086021363735199,0.0005342447482494164,1552.0,,,,,,,,,,,,,,0.2929976658886295,,,,,0.03098689392209053,4.81285278510768e-05
,imappo,,,,1552.0,0.0,0.0,0.0024064264662229107,0.0,0.0,0.0,0.0,0.0024064264662229107,0.0,0.0,0.0,0.0,0.0,,,,,,,
-0.004870533477514982,imappo,5.4820009864897656e-08,-0.25149163603782654,0.0005339446482160721,1553.0,,,,,,,,,,,,,,0.29286428809603204,,,,,0.03379160165786743,5.2914299885742366e-05
,imappo,,,,1553.0,0.0,0.0,0.002645715136168292,0.0,0.0,0.0,0.0,0.002645715136168292,0.0,0.0,0.0,0.0,0.0,,,,,,,
-0.0017967679305002093,imappo,3.651812718885594e-08,0.46122461557388306,0.0005336445481827276,1554.0,,,,,,,,,,,,,,0.29273091030343446,,,,,0.026203131303191185,5.969682752038352e-05
,imappo,,,,1554.0,0.0,0.0,0.002984841076795419,0.0,0.0,0.0,0.0,0.002984841076795419,0.0,0.0,0.0,0.0,0.0,,,,,,,
-0.006640464533120394,imappo,3.6655372070981684e-08,-0.32564577460289,0.0005333444481493831,1555.0,,,,,,,,,,,,,,0.2925975325108369,,,,,0.03145445138216019,6.235506589291617e-05
,imappo,,,,1555.0,0.0,0.0,0.00311775362736455,0.0,0.0,0.0,0.0,0.00311775362736455,0.0,0.0,0.0,0.0,0.0,,,,,,,
-0.008475394919514656,imappo,3.140977611337803e-08,-0.2596578598022461,0.0005330443481160387,1556.0,,,,,,,,,,,,,,0.2924641547182394,,,,,0.03069525584578514,5.2417883125599474e-05
,imappo,,,,1556.0,0.0,0.0,0.002620894377287186,0.0,0.0,0.0,0.0,0.002620894377287186,0.0,0.0,0.0,0.0,0.0,,,,,,,
-0.009378081187605858,imappo,4.209869786109266e-09,-0.15065470337867737,0.0005327442480826943,1557.0,,,,,,,,,,,,,,0.2923307769256419,,,,,0.028544360771775246,4.5522803702624515e-05
,imappo,,,,1557.0,0.0,0.0,0.0022761402483411075,0.0,0.0,0.0,0.0,0.0022761402483411075,0.0,0.0,0.0,0.0,0.0,,,,,,,
-0.00442670239135623,imappo,1.1143679756742131e-08,-0.6218298673629761,0.0005324441480493499,1558.0,,,,,,,,,,,,,,0.2921973991330443,,,,,0.02457665279507637,5.966524622635916e-05
,imappo,,,,1558.0,0.0,0.0,0.0029832623496304222,0.0,0.0,0.0,0.0,0.0029832623496304222,0.0,0.0,0.0,0.0,0.0,,,,,,,
-0.006132057867944241,imappo,5.008591941191298e-08,0.369386225938797,0.0005321440480160053,1559.0,,,,,,,,,,,,,,0.2920640213404468,,,,,0.0257558673620224,5.12663355038967e-05
,imappo,,,,1559.0,0.0,0.0,0.002563316859209408,0.0,0.0,0.0,0.0,0.002563316859209408,0.0,0.0,0.0,0.0,0.0,,,,,,,
-0.004506666678935289,imappo,1.2031807550272333e-08,-0.621107280254364,0.000531843947982661,1560.0,,,,,,,,,,,,,,0.29193064354784926,,,,,0.02258710190653801,5.702550697606057e-05
,imappo,,,,1560.0,0.0,0.0,0.0028512753724498907,0.0,0.0,0.0,0.0,0.0028512753724498907,0.0,0.0,0.0,0.0,0.0,,,,,,,
-0.0005533748771995306,imappo,1.0514784598569804e-08,-0.7430169582366943,0.0005315438479493164,1561.0,,,,,,,,,,,,,,0.2917972657552518,,,,,0.022435670718550682,6.12342482781969e-05
,imappo,,,,1561.0,0.0,0.0,0.003061712279304629,0.0,0.0,0.0,0.0,0.003061712279304629,0.0,0.0,0.0,0.0,0.0,,,,,,,
-0.003746821079403162,imappo,3.228766587426435e-08,-0.10442491620779037,0.000531243747915972,1562.0,,,,,,,,,,,,,,0.2916638879626542,,,,,0.027945486828684807,3.7828398490091786e-05
,imappo,,,,1562.0,0.0,0.0,0.0018914199740720505,0.0,0.0,0.0,0.0,0.0018914199740720505,0.0,0.0,0.0,0.0,0.0,,,,,,,
-0.006820580922067165,imappo,3.228404210631197e-08,-0.12912054359912872,0.0005309436478826275,1563.0,,,,,,,,,,,,,,0.29153051017005666,,,,,0.03256586194038391,5.311521817930043e-05
,imappo,,,,1563.0,0.0,0.0,0.002655760782545258,0.0,0.0,0.0,0.0,0.002655760782545258,0.0,0.0,0.0,0.0,0.0,,,,,,,
-0.004947593901306391,imappo,2.6889258819551287e-08,0.12721186876296997,0.0005306435478492832,1564.0,,,,,,,,,,,,,,0.2913971323774591,,,,,0.03001132793724537,5.34482387593016e-05
,imappo,,,,1564.0,0.0,0.0,0.002672411905223271,0.0,0.0,0.0,0.0,0.002672411905223271,0.0,0.0,0.0,0.0,0.0,,,,,,,
-0.011520563624799252,imappo,6.8086767335273635e-09,-0.23677466809749603,0.0005303434478159387,1565.0,,,,,,,,,,,,,,0.29126375458486164,,,,,0.02910718321800232,4.901875217910856e-05
,imappo,,,,1565.0,0.0,0.0,0.0024509374686658703,0.0,0.0,0.0,0.0,0.0024509374686658703,0.0,0.0,0.0,0.0,0.0,,,,,,,
0.006519274786114693,imappo,8.433176823530175e-09,0.3066115379333496,0.0005300433477825942,1566.0,,,,,,,,,,,,,,0.29113037679226406,,,,,0.023259785026311874,4.935839388053864e-05
,imappo,,,,1566.0,0.0,0.0,0.0024679198381818424,0.0,0.0,0.0,0.0,0.0024679198381818424,0.0,0.0,0.0,0.0,0.0,,,,,,,
-0.009370943531394005,imappo,2.443883850844486e-08,0.007210527081042528,0.0005297432477492498,1567.0,,,,,,,,,,,,,,0.2909969989996665,,,,,0.029168128967285156,4.130283195991069e-05
,imappo,,,,1567.0,0.0,0.0,0.002065141587479502,0.0,0.0,0.0,0.0,0.002065141587479502,0.0,0.0,0.0,0.0,0.0,,,,,,,
-0.00027669387054629624,imappo,1.1495718155174472e-08,-0.08950182795524597,0.0005294431477159054,1568.0,,,,,,,,,,,,,,0.290863621207069,,,,,0.030162913724780083,5.246605724096298e-05
,imappo,,,,1568.0,0.0,0.0,0.0026233030384901213,0.0,0.0,0.0,0.0,0.0026233030384901213,0.0,0.0,0.0,0.0,0.0,,,,,,,
-0.008110448718070984,imappo,4.65639544700025e-08,-0.0015682268422096968,0.000529143047682561,1569.0,,,,,,,,,,,,,,0.2907302434144715,,,,,0.026511825621128082,4.544535113382153e-05
,imappo,,,,1569.0,0.0,0.0,0.0022722676226294425,0.0,0.0,0.0,0.0,0.0022722676226294425,0.0,0.0,0.0,0.0,0.0,,,,,,,
-0.0074915229342877865,imappo,2.5076054566142147e-09,-0.10011295974254608,0.0005288429476492163,1570.0,,,,,,,,,,,,,,0.2905968656218739,,,,,0.02808516100049019,4.193188578938134e-05
,imappo,,,,1570.0,0.0,0.0,0.0020965944031559047,0.0,0.0,0.0,0.0,0.0020965944031559047,0.0,0.0,0.0,0.0,0.0,,,,,,,
-0.007494693156331778,imappo,7.250557043647632e-09,-0.04780288413167,0.000528542847615872,1571.0,,,,,,,,,,,,,,0.29046348782927645,,,,,0.028637217357754707,5.080980554339476e-05
,imappo,,,,1571.0,0.0,0.0,0.0025404904135939432,0.0,0.0,0.0,0.0,0.0025404904135939432,0.0,0.0,0.0,0.0,0.0,,,,,,,
0.006613141391426325,imappo,6.8944836506545926e-09,-0.14485618472099304,0.0005282427475825275,1572.0,,,,,,,,,,,,,,0.29033011003667886,,,,,0.0278916172683239,4.817776789423078e-05
,imappo,,,,1572.0,0.0,0.0,0.002408888429044964,0.0,0.0,0.0,0.0,0.002408888429044964,0.0,0.0,0.0,0.0,0.0,,,,,,,
-0.0039468854665756226,imappo,6.781957750945367e-08,0.456373393535614,0.0005279426475491831,1573.0,,,,,,,,,,,,,,0.2901967322440814,,,,,0.029788915067911148,6.343361746985465e-05
,imappo,,,,1573.0,0.0,0.0,0.003171680924424436,0.0,0.0,0.0,0.0,0.003171680924424436,0.0,0.0,0.0,0.0,0.0,,,,,,,
-0.009994675405323505,imappo,3.549872573671564e-08,-0.3139713704586029,0.0005276425475158386,1574.0,,,,,,,,,,,,,,0.2900633544514838,,,,,0.03095543012022972,4.89698832097929e-05
,imappo,,,,1574.0,0.0,0.0,0.0024484939731337363,0.0,0.0,0.0,0.0,0.0024484939731337363,0.0,0.0,0.0,0.0,0.0,,,,,,,
0.01528950035572052,imappo,2.9090701403333696e-08,-0.6948851943016052,0.0005273424474824943,1575.0,,,,,,,,,,,,,,0.2899299766588863,,,,,0.027735630050301552,7.583836850244552e-05
,imappo,,,,1575.0,0.0,0.0,0.0037919185784147658,0.0,0.0,0.0,0.0,0.0037919185784147658,0.0,0.0,0.0,0.0,0.0,,,,,,,
-0.005197099409997463,imappo,1.8918267841172565e-08,-0.29114454984664917,0.0005270423474491498,1576.0,,,,,,,,,,,,,,0.2897965988662887,,,,,0.02973112463951111,4.7243978769984096e-05
,imappo,,,,1576.0,0.0,0.0,0.0023621987704700587,0.0,0.0,0.0,0.0,0.0023621987704700587,0.0,0.0,0.0,0.0,0.0,,,,,,,
0.002665567910298705,imappo,8.318187383338227e-08,-0.0013424432836472988,0.0005267422474158053,1577.0,,,,,,,,,,,,,,0.28966322107369125,,,,,0.026571009308099747,4.5081847929395735e-05
,imappo,,,,1577.0,0.0,0.0,0.0022540921045219875,0.0,0.0,0.0,0.0,0.0022540921045219875,0.0,0.0,0.0,0.0,0.0,,,,,,,
-0.003919042181223631,imappo,4.721615542990776e-09,0.04636997729539871,0.0005264421473824608,1578.0,,,,,,,,,,,,,,0.28952984328109366,,,,,0.025722455233335495,4.0942904888652265e-05
,imappo,,,,1578.0,0.0,0.0,0.0020471453228765313,0.0,0.0,0.0,0.0,0.0020471453228765313,0.0,0.0,0.0,0.0,0.0,,,,,,,
-0.004788577556610107,imappo,4.85695927920915e-09,-0.23629572987556458,0.0005261420473491164,1579.0,,,,,,,,,,,,,,0.2893964654884962,,,,,0.03578657656908035,5.00300811836496e-05
,imappo,,,,1579.0,0.0,0.0,0.0025015041310325614,0.0,0.0,0.0,0.0,0.0025015041310325614,0.0,0.0,0.0,0.0,0.0,,,,,,,
-0.0012461735168471932,imappo,3.3656309739171775e-08,0.08828091621398926,0.000525841947315772,1580.0,,,,,,,,,,,,,,0.2892630876958986,,,,,0.029550183564424515,4.771981912199408e-05
,imappo,,,,1580.0,0.0,0.0,0.002385990868447152,0.0,0.0,0.0,0.0,0.002385990868447152,0.0,0.0,0.0,0.0,0.0,,,,,,,
-0.0036091473884880543,imappo,3.856342090102771e-08,0.4833775460720062,0.0005255418472824274,1581.0,,,,,,,,,,,,,,0.2891297099033011,,,,,0.025119900703430176,6.268153811106458e-05
,imappo,,,,1581.0,0.0,0.0,0.0031340769810412894,0.0,0.0,0.0,0.0,0.0031340769810412894,0.0,0.0,0.0,0.0,0.0,,,,,,,
-0.006267149467021227,imappo,1.7892707759870063e-08,-0.06403663754463196,0.000525241747249083,1582.0,,,,,,,,,,,,,,0.2889963321107035,,,,,0.029099583625793457,4.958840145263821e-05
,imappo,,,,1582.0,0.0,0.0,0.0024794201090116985,0.0,0.0,0.0,0.0,0.0024794201090116985,0.0,0.0,0.0,0.0,0.0,,,,,,,
-0.0012343131238594651,imappo,3.7177187550696544e-08,-0.15523096919059753,0.0005249416472157386,1583.0,,,,,,,,,,,,,,0.28886295431810605,,,,,0.03075963631272316,7.010378612903878e-05
,imappo,,,,1583.0,0.0,0.0,0.0035051893392648026,0.0,0.0,0.0,0.0,0.0035051893392648026,0.0,0.0,0.0,0.0,0.0,,,,,,,
-0.0010456248419359326,imappo,1.46979699522376e-08,-0.09515301883220673,0.0005246415471823942,1584.0,,,,,,,,,,,,,,0.28872957652550846,,,,,0.02708851918578148,6.441794539568946e-05
,imappo,,,,1584.0,0.0,0.0,0.0032208970424107974,0.0,0.0,0.0,0.0,0.0032208970424107974,0.0,0.0,0.0,0.0,0.0,,,,,,,
-0.013930091634392738,imappo,1.6463953755874172e-08,-0.10646986961364746,0.0005243414471490497,1585.0,,,,,,,,,,,,,,0.288596198732911,,,,,0.025884700939059258,5.994747334625572e-05
,imappo,,,,1585.0,0.0,0.0,0.0029973735652220057,0.0,0.0,0.0,0.0,0.0029973735652220057,0.0,0.0,0.0,0.0,0.0,,,,,,,
0.001816289033740759,imappo,1.7600584101273853e-08,-0.15192288160324097,0.0005240413471157054,1586.0,,,,,,,,,,,,,,0.28846282094031345,,,,,0.02277352288365364,6.103743362473324e-05
,imappo,,,,1586.0,0.0,0.0,0.0030518717031213782,0.0,0.0,0.0,0.0,0.0030518717031213782,0.0,0.0,0.0,0.0,0.0,,,,,,,
-0.001494679949246347,imappo,5.232287492162868e-08,0.21298404037952423,0.0005237412470823608,1587.0,,,,,,,,,,,,,,0.2883294431477159,,,,,0.0326576828956604,4.233290383126587e-05
,imappo,,,,1587.0,0.0,0.0,0.002116645156093,0.0,0.0,0.0,0.0,0.002116645156093,0.0,0.0,0.0,0.0,0.0,,,,,,,
-0.006279516965150833,imappo,1.0725218935192515e-08,0.02963838167488575,0.0005234411470490163,1588.0,,,,,,,,,,,,,,0.2881960653551183,,,,,0.029078330844640732,4.644412183552049e-05
,imappo,,,,1588.0,0.0,0.0,0.0023222061199703603,0.0,0.0,0.0,0.0,0.0023222061199703603,0.0,0.0,0.0,0.0,0.0,,,,,,,
-0.002082145307213068,imappo,1.0132547245689238e-08,-0.021813610568642616,0.0005231410470156719,1589.0,,,,,,,,,,,,,,0.28806268756252085,,,,,0.028844628483057022,4.991052264813334e-05
,imappo,,,,1589.0,0.0,0.0,0.00249552613877313,0.0,0.0,0.0,0.0,0.00249552613877313,0.0,0.0,0.0,0.0,0.0,,,,,,,
-0.007692432962357998,imappo,2.4503297169076177e-08,0.35422685742378235,0.0005228409469823275,1590.0,,,,,,,,,,,,,,0.2879293097699233,,,,,0.029967963695526123,5.0531736633274704e-05
,imappo,,,,1590.0,0.0,0.0,0.002526586974497036,0.0,0.0,0.0,0.0,0.002526586974497036,0.0,0.0,0.0,0.0,0.0,,,,,,,
-0.0025771688669919968,imappo,1.2301963003835681e-08,0.19507524371147156,0.0005225408469489831,1591.0,,,,,,,,,,,,,,0.2877959319773258,,,,,0.026925459504127502,4.508960046223365e-05
,imappo,,,,1591.0,0.0,0.0,0.002254479850307689,0.0,0.0,0.0,0.0,0.002254479850307689,0.0,0.0,0.0,0.0,0.0,,,,,,,
-0.005349332001060247,imappo,1.703263663443977e-08,0.09705472737550735,0.0005222407469156386,1592.0,,,,,,,,,,,,,,0.2876625541847282,,,,,0.02982592210173607,4.366723806015216e-05
,imappo,,,,1592.0,0.0,0.0,0.002183361672152939,0.0,0.0,0.0,0.0,0.002183361672152939,0.0,0.0,0.0,0.0,0.0,,,,,,,
-0.007452742662280798,imappo,2.4997161673923074e-08,0.06549249589443207,0.0005219406468822941,1593.0,,,,,,,,,,,,,,0.2875291763921307,,,,,0.027892284095287323,4.51546220574528e-05
,imappo,,,,1593.0,0.0,0.0,0.0022577310617180046,0.0,0.0,0.0,0.0,0.0022577310617180046,0.0,0.0,0.0,0.0,0.0,,,,,,,
-0.0055509572848677635,imappo,5.155891269481572e-09,-0.02121814712882042,0.0005216405468489497,1594.0,,,,,,,,,,,,,,0.2873957985995332,,,,,0.034274786710739136,5.8832363720284775e-05
,imappo,,,,1594.0,0.0,0.0,0.0029416182346722053,0.0,0.0,0.0,0.0,0.0029416182346722053,0.0,0.0,0.0,0.0,0.0,,,,,,,
-0.010876331478357315,imappo,2.113130470604574e-08,-0.2311365008354187,0.0005213404468156053,1595.0,,,,,,,,,,,,,,0.28726242080693565,,,,,0.02457992359995842,5.492759373737499e-05
,imappo,,,,1595.0,0.0,0.0,0.0027463797445648197,0.0,0.0,0.0,0.0,0.0027463797445648197,0.0,0.0,0.0,0.0,0.0,,,,,,,
-0.0048040971159935,imappo,1.3090497574808069e-09,0.03915568068623543,0.0005210403467822607,1596.0,,,,,,,,,,,,,,0.28712904301433806,,,,,0.031054049730300903,4.620131221599877e-05
,imappo,,,,1596.0,0.0,0.0,0.0023100654789232067,0.0,0.0,0.0,0.0,0.0023100654789232067,0.0,0.0,0.0,0.0,0.0,,,,,,,
-0.009648880921304226,imappo,4.883149440360057e-10,-0.03035586327314377,0.0005207402467489162,1597.0,,,,,,,,,,,,,,0.2869956652217406,,,,,0.03184335678815842,4.6132779971230775e-05
,imappo,,,,1597.0,0.0,0.0,0.002306639104972419,0.0,0.0,0.0,0.0,0.002306639104972419,0.0,0.0,0.0,0.0,0.0,,,,,,,
-0.007170374970883131,imappo,2.3974857654707193e-08,0.05720202624797821,0.0005204401467155719,1598.0,,,,,,,,,,,,,,0.28686228742914305,,,,,0.0296778604388237,3.540243415045552e-05
,imappo,,,,1598.0,0.0,0.0,0.0017701216929708607,0.0,0.0,0.0,0.0,0.0017701216929708607,0.0,0.0,0.0,0.0,0.0,,,,,,,
-0.008510729297995567,imappo,4.234854134033128e-10,0.17375332117080688,0.0005201400466822274,1599.0,,,,,,,,,,,,,,0.2867289096365455,,,,,0.027404140681028366,4.548978904495016e-05
,imappo,,,,1599.0,0.0,0.0,0.0022744894081938583,0.0,0.0,0.0,0.0,0.0022744894081938583,0.0,0.0,0.0,0.0,0.0,,,,,,,
,imappo,,,,1599.0,,,,,,,,,,,,,,,0.0,0.0,0.0,0.0,,
0.015475286170840263,imappo,7.088674980337828e-09,-0.21014966070652008,0.000519839946648883,1600.0,,,,,,,,,,,,,,0.2865955318439479,,,,,0.02698954939842224,5.0101512897526845e-05
,imappo,,,,1600.0,0.0,0.0,0.002505075893623143,0.0,0.0,0.0,0.0,0.002505075893623143,0.0,0.0,0.0,0.0,0.0,,,,,,,
-0.008434529416263103,imappo,2.0558053037689206e-09,0.1114482656121254,0.0005195398466155386,1601.0,,,,,,,,,,,,,,0.28646215405135045,,,,,0.02942398004233837,4.468777115107514e-05
,imappo,,,,1601.0,0.0,0.0,0.0022343884947986226,0.0,0.0,0.0,0.0,0.0022343884947986226,0.0,0.0,0.0,0.0,0.0,,,,,,,
-0.005620564799755812,imappo,4.068292369652227e-09,-0.017045969143509865,0.0005192397465821942,1602.0,,,,,,,,,,,,,,0.2863287762587529,,,,,0.029468107968568802,5.010563472751528e-05
,imappo,,,,1602.0,0.0,0.0,0.0025052817509276792,0.0,0.0,0.0,0.0,0.0025052817509276792,0.0,0.0,0.0,0.0,0.0,,,,,,,
-0.009069275110960007,imappo,1.0999516852905344e-08,-0.23514653742313385,0.0005189396465488497,1603.0,,,,,,,,,,,,,,0.2861953984661554,,,,,0.025616250932216644,6.440278957597911e-05
,imappo,,,,1603.0,0.0,0.0,0.0032201392027673137,0.0,0.0,0.0,0.0,0.0032201392027673137,0.0,0.0,0.0,0.0,0.0,,,,,,,
-0.0022468692623078823,imappo,2.6830294430624235e-08,0.2267759144306183,0.0005186395465155052,1604.0,,,,,,,,,,,,,,0.2860620206735578,,,,,0.027536541223526,4.967470158590004e-05
,imappo,,,,1604.0,0.0,0.0,0.002483735027169587,0.0,0.0,0.0,0.0,0.002483735027169587,0.0,0.0,0.0,0.0,0.0,,,,,,,
-0.006840796675533056,imappo,1.0193924815382616e-08,-0.2881993353366852,0.0005183394464821607,1605.0,,,,,,,,,,,,,,0.2859286428809603,,,,,0.026007510721683502,5.3478172048926353e-05
,imappo,,,,1605.0,0.0,0.0,0.0026739086080169727,0.0,0.0,0.0,0.0,0.0026739086080169727,0.0,0.0,0.0,0.0,0.0,,,,,,,
-0.004114451818168163,imappo,8.355214298205738e-09,-0.0590532049536705,0.0005180393464488163,1606.0,,,,,,,,,,,,,,0.2857952650883628,,,,,0.027424365282058716,5.561840589507483e-05
,imappo,,,,1606.0,0.0,0.0,0.002780920002805942,0.0,0.0,0.0,0.0,0.002780920002805942,0.0,0.0,0.0,0.0,0.0,,,,,,,
-0.005576461553573608,imappo,2.5558215543952656e-09,0.1262691468000412,0.0005177392464154718,1607.0,,,,,,,,,,,,,,0.28566188729576525,,,,,0.02963181771337986,4.288780837669037e-05
,imappo,,,,1607.0,0.0,0.0,0.002144390307876165,0.0,0.0,0.0,0.0,0.002144390307876165,0.0,0.0,0.0,0.0,0.0,,,,,,,
-0.0024109792429953814,imappo,1.1941950539551272e-08,0.1249629482626915,0.0005174391463821273,1608.0,,,,,,,,,,,,,,0.28552850950316766,,,,,0.027157865464687347,4.0702419937588274e-05
,imappo,,,,1608.0,0.0,0.0,0.0020351209891487088,0.0,0.0,0.0,0.0,0.0020351209891487088,0.0,0.0,0.0,0.0,0.0,,,,,,,
-0.006094448734074831,imappo,1.4170209006181267e-08,-0.24452601373195648,0.000517139046348783,1609.0,,,,,,,,,,,,,,0.2853951317105702,,,,,0.024222051724791527,5.131959915161133e-05
,imappo,,,,1609.0,0.0,0.0,0.002565979837413579,0.0,0.0,0.0,0.0,0.002565979837413579,0.0,0.0,0.0,0.0,0.0,,,,,,,
-0.002942415652796626,imappo,6.438691002585983e-08,0.5563539862632751,0.0005168389463154385,1610.0,,,,,,,,,,,,,,0.28526175391797265,,,,,0.02942259982228279,7.122495298972353e-05
,imappo,,,,1610.0,0.0,0.0,0.003561247624702446,0.0,0.0,0.0,0.0,0.003561247624702446,0.0,0.0,0.0,0.0,0.0,,,,,,,
-0.006797377951443195,imappo,4.0683790558659894e-08,0.023735281080007553,0.0005165388462820941,1611.0,,,,,,,,,,,,,,0.2851283761253751,,,,,0.026179946959018707,5.472427801578306e-05
,imappo,,,,1611.0,0.0,0.0,0.002736214026072048,0.0,0.0,0.0,0.0,0.002736214026072048,0.0,0.0,0.0,0.0,0.0,,,,,,,
-0.0012594216968864202,imappo,5.616143550213337e-09,0.036428697407245636,0.0005162387462487496,1612.0,,,,,,,,,,,,,,0.2849949983327775,,,,,0.025709379464387894,5.187090937397443e-05
,imappo,,,,1612.0,0.0,0.0,0.002593545553054355,0.0,0.0,0.0,0.0,0.002593545553054355,0.0,0.0,0.0,0.0,0.0,,,,,,,
-0.010135828517377377,imappo,1.2925958081666522e-08,0.22625786066055298,0.0005159386462154053,1613.0,,,,,,,,,,,,,,0.28486162054018005,,,,,0.02763938158750534,4.355366399977356e-05
,imappo,,,,1613.0,0.0,0.0,0.0021776829494228878,0.0,0.0,0.0,0.0,0.0021776829494228878,0.0,0.0,0.0,0.0,0.0,,,,,,,
-1.4274439308792353e-05,imappo,3.411846449807854e-08,0.5811710357666016,0.0005156385461820607,1614.0,,,,,,,,,,,,,,0.2847282427475825,,,,,0.02620266005396843,6.959484744584188e-05
,imappo,,,,1614.0,0.0,0.0,0.0034797423223267288,0.0,0.0,0.0,0.0,0.0034797423223267288,0.0,0.0,0.0,0.0,0.0,,,,,,,
-0.003812247421592474,imappo,3.8203161523142626e-08,0.05431073531508446,0.0005153384461487162,1615.0,,,,,,,,,,,,,,0.284594864954985,,,,,0.02446563169360161,5.750511263613589e-05
,imappo,,,,1615.0,0.0,0.0,0.0028752556387416917,0.0,0.0,0.0,0.0,0.0028752556387416917,0.0,0.0,0.0,0.0,0.0,,,,,,,
0.0004895000602118671,imappo,1.9042570187366437e-08,-0.19601581990718842,0.0005150383461153718,1616.0,,,,,,,,,,,,,,0.2844614871623875,,,,,0.02501819096505642,5.543657243833877e-05
,imappo,,,,1616.0,0.0,0.0,0.002771828515733432,0.0,0.0,0.0,0.0,0.002771828515733432,0.0,0.0,0.0,0.0,0.0,,,,,,,
-0.00555593753233552,imappo,1.3729720471644669e-08,-0.12599599361419678,0.0005147382460820274,1617.0,,,,,,,,,,,,,,0.2843281093697899,,,,,0.025921694934368134,5.866411083843559e-05
,imappo,,,,1617.0,0.0,0.0,0.0029332055735267204,0.0,0.0,0.0,0.0,0.0029332055735267204,0.0,0.0,0.0,0.0,0.0,,,,,,,
0.0013517213519662619,imappo,1.0105694947526445e-08,-0.22701537609100342,0.0005144381460486829,1618.0,,,,,,,,,,,,,,0.2841947315771924,,,,,0.022272543981671333,5.836476702825166e-05
,imappo,,,,1618.0,0.0,0.0,0.002918238308211585,0.0,0.0,0.0,0.0,0.002918238308211585,0.0,0.0,0.0,0.0,0.0,,,,,,,
-0.0026797610335052013,imappo,1.1410294042946134e-08,-0.15904591977596283,0.0005141380460153384,1619.0,,,,,,,,,,,,,,0.28406135378459485,,,,,0.0246343445032835,5.869615051778965e-05
,imappo,,,,1619.0,0.0,0.0,0.0029348073421715526,0.0,0.0,0.0,0.0,0.0029348073421715526,0.0,0.0,0.0,0.0,0.0,,,,,,,
-0.0028883488848805428,imappo,7.726803374907831e-08,0.3181673288345337,0.0005138379459819941,1620.0,,,,,,,,,,,,,,0.28392797599199737,,,,,0.029494231566786766,4.9703576223691925e-05
,imappo,,,,1620.0,0.0,0.0,0.0024851787156876526,0.0,0.0,0.0,0.0,0.0024851787156876526,0.0,0.0,0.0,0.0,0.0,,,,,,,
-0.004920688457787037,imappo,2.2870558780141437e-08,0.22409687936306,0.0005135378459486496,1621.0,,,,,,,,,,,,,,0.2837945981993998,,,,,0.026785023510456085,4.30775253335014e-05
,imappo,,,,1621.0,0.0,0.0,0.0021538762341819506,0.0,0.0,0.0,0.0,0.0021538762341819506,0.0,0.0,0.0,0.0,0.0,,,,,,,
-0.006017861422151327,imappo,2.3914910940447953e-08,0.08147740364074707,0.0005132377459153052,1622.0,,,,,,,,,,,,,,0.28366122040680225,,,,,0.026868164539337158,6.575936276931316e-05
,imappo,,,,1622.0,0.0,0.0,0.0032879680372843723,0.0,0.0,0.0,0.0,0.0032879680372843723,0.0,0.0,0.0,0.0,0.0,,,,,,,
-0.004928914830088615,imappo,2.3593461406790084e-08,0.30246788263320923,0.0005129376458819606,1623.0,,,,,,,,,,,,,,0.2835278426142047,,,,,0.03280787169933319,4.9059999582823366e-05
,imappo,,,,1623.0,0.0,0.0,0.0024529999727747054,0.0,0.0,0.0,0.0,0.0024529999727747054,0.0,0.0,0.0,0.0,0.0,,,,,,,
-0.003784477012231946,imappo,3.419590299813535e-08,0.6323351263999939,0.0005126375458486163,1624.0,,,,,,,,,,,,,,0.28339446482160724,,,,,0.02220815233886242,6.07550136919599e-05
,imappo,,,,1624.0,0.0,0.0,0.0030377506758441086,0.0,0.0,0.0,0.0,0.0030377506758441086,0.0,0.0,0.0,0.0,0.0,,,,,,,
0.008767764084041119,imappo,7.149834058139959e-09,0.16099916398525238,0.0005123374458152718,1625.0,,,,,,,,,,,,,,0.28326108702900965,,,,,0.021463369950652122,6.443868187488988e-05
,imappo,,,,1625.0,0.0,0.0,0.003221933898430507,0.0,0.0,0.0,0.0,0.003221933898430507,0.0,0.0,0.0,0.0,0.0,,,,,,,
-0.0031370685901492834,imappo,7.885723185552251e-09,0.14607791602611542,0.0005120373457819273,1626.0,,,,,,,,,,,,,,0.2831277092364121,,,,,0.029085662215948105,5.348350896383636e-05
,imappo,,,,1626.0,0.0,0.0,0.002674175470389173,0.0,0.0,0.0,0.0,0.002674175470389173,0.0,0.0,0.0,0.0,0.0,,,,,,,
-0.00557806296274066,imappo,6.21569995473692e-09,0.21917633712291718,0.0005117372457485829,1627.0,,,,,,,,,,,,,,0.2829943314438146,,,,,0.0287872776389122,4.506601908360608e-05
,imappo,,,,1627.0,0.0,0.0,0.0022533009041580954,0.0,0.0,0.0,0.0,0.0022533009041580954,0.0,0.0,0.0,0.0,0.0,,,,,,,
-0.0025659946259111166,imappo,3.239422241563261e-08,0.46244192123413086,0.0005114371457152385,1628.0,,,,,,,,,,,,,,0.2828609536512171,,,,,0.03084958717226982,5.862095713382587e-05
,imappo,,,,1628.0,0.0,0.0,0.0029310479876585305,0.0,0.0,0.0,0.0,0.0029310479876585305,0.0,0.0,0.0,0.0,0.0,,,,,,,
-0.0023852677550166845,imappo,2.466397086564598e-09,0.2526266574859619,0.000511137045681894,1629.0,,,,,,,,,,,,,,0.2827275758586195,,,,,0.027342088520526886,4.86053540953435e-05
,imappo,,,,1629.0,0.0,0.0,0.002430267562431254,0.0,0.0,0.0,0.0,0.002430267562431254,0.0,0.0,0.0,0.0,0.0,,,,,,,
-0.0037009676452726126,imappo,2.58317882639858e-08,0.10150425881147385,0.0005108369456485496,1630.0,,,,,,,,,,,,,,0.282594198066022,,,,,0.026080643758177757,5.307966057443991e-05
,imappo,,,,1630.0,0.0,0.0,0.002653983078289457,0.0,0.0,0.0,0.0,0.002653983078289457,0.0,0.0,0.0,0.0,0.0,,,,,,,
0.0054570818319916725,imappo,9.682778134845194e-09,0.5412949323654175,0.0005105368456152052,1631.0,,,,,,,,,,,,,,0.28246082027342445,,,,,0.027659352868795395,5.333960143616423e-05
,imappo,,,,1631.0,0.0,0.0,0.0026669801429939355,0.0,0.0,0.0,0.0,0.0026669801429939355,0.0,0.0,0.0,0.0,0.0,,,,,,,
-0.006978221703320742,imappo,4.710553280773411e-09,0.21158543229103088,0.0005102367455818606,1632.0,,,,,,,,,,,,,,0.282327442480827,,,,,0.02588733471930027,4.460687705432065e-05
,imappo,,,,1632.0,0.0,0.0,0.002230343588962569,0.0,0.0,0.0,0.0,0.002230343588962569,0.0,0.0,0.0,0.0,0.0,,,,,,,
-0.00759166618809104,imappo,2.2991820003426255e-08,-0.22082671523094177,0.0005099366455485162,1633.0,,,,,,,,,,,,,,0.2821940646882294,,,,,0.025288105010986328,6.355480581987649e-05
,imappo,,,,1633.0,0.0,0.0,0.0031777400074588513,0.0,0.0,0.0,0.0,0.0031777400074588513,0.0,0.0,0.0,0.0,0.0,,,,,,,
0.0049804868176579475,imappo,8.440725451919207e-09,0.11309594660997391,0.0005096365455151717,1634.0,,,,,,,,,,,,,,0.28206068689563185,,,,,0.027277618646621704,4.790510865859687e-05
,imappo,,,,1634.0,0.0,0.0,0.0023952557488655657,0.0,0.0,0.0,0.0,0.0023952557488655657,0.0,0.0,0.0,0.0,0.0,,,,,,,
-0.006717394106090069,imappo,1.5145467102684051e-09,0.02437511831521988,0.0005093364454818273,1635.0,,,,,,,,,,,,,,0.2819273091030343,,,,,0.027392253279685974,4.811715189134702e-05
,imappo,,,,1635.0,0.0,0.0,0.0024058577637333656,0.0,0.0,0.0,0.0,0.0024058577637333656,0.0,0.0,0.0,0.0,0.0,,,,,,,
-0.0033163842745125294,imappo,2.6255763785343333e-08,-0.03980051726102829,0.0005090363454484829,1636.0,,,,,,,,,,,,,,0.28179393131043684,,,,,0.024757247418165207,4.682578583015129e-05
,imappo,,,,1636.0,0.0,0.0,0.002341289313960715,0.0,0.0,0.0,0.0,0.002341289313960715,0.0,0.0,0.0,0.0,0.0,,,,,,,
-0.0060184188187122345,imappo,8.665173467647946e-09,0.12715959548950195,0.0005087362454151384,1637.0,,,,,,,,,,,,,,0.28166055351783925,,,,,0.025830022990703583,3.5061031667282805e-05
,imappo,,,,1637.0,0.0,0.0,0.0017530516394685947,0.0,0.0,0.0,0.0,0.0017530516394685947,0.0,0.0,0.0,0.0,0.0,,,,,,,
-0.007045745383948088,imappo,9.951962809395809e-09,0.4151556193828583,0.000508436145381794,1638.0,,,,,,,,,,,,,,0.2815271757252417,,,,,0.026278872042894363,5.4756113968323916e-05
,imappo,,,,1638.0,0.0,0.0,0.0027378056693123654,0.0,0.0,0.0,0.0,0.0027378056693123654,0.0,0.0,0.0,0.0,0.0,,,,,,,
-0.0010972097516059875,imappo,5.855956786149363e-08,0.26041555404663086,0.0005081360453484496,1639.0,,,,,,,,,,,,,,0.2813937979326442,,,,,0.0300081018358469,5.3861509513808414e-05
,imappo,,,,1639.0,0.0,0.0,0.002693075389970545,0.0,0.0,0.0,0.0,0.002693075389970545,0.0,0.0,0.0,0.0,0.0,,,,,,,
-0.006667938083410263,imappo,2.030192902680028e-08,-0.0779624879360199,0.000507835945315105,1640.0,,,,,,,,,,,,,,0.2812604201400467,,,,,0.026747509837150574,5.193917968426831e-05
,imappo,,,,1640.0,0.0,0.0,0.0025969587118197524,0.0,0.0,0.0,0.0,0.0025969587118197524,0.0,0.0,0.0,0.0,0.0,,,,,,,
-0.00586673291400075,imappo,1.1751178696783882e-08,0.484389990568161,0.0005075358452817606,1641.0,,,,,,,,,,,,,,0.2811270423474491,,,,,0.024983325973153114,5.480053732753731e-05
,imappo,,,,1641.0,0.0,0.0,0.0027400266953918617,0.0,0.0,0.0,0.0,0.0027400266953918617,0.0,0.0,0.0,0.0,0.0,,,,,,,
-0.006092858966439962,imappo,2.6359835203493276e-08,0.22423149645328522,0.0005072357452484161,1642.0,,,,,,,,,,,,,,0.2809936645548516,,,,,0.02863793633878231,4.67923964606598e-05
,imappo,,,,1642.0,0.0,0.0,0.0023396199222815994,0.0,0.0,0.0,0.0,0.0023396199222815994,0.0,0.0,0.0,0.0,0.0,,,,,,,
0.003098195418715477,imappo,1.6962276916387964e-08,0.45899465680122375,0.0005069356452150717,1643.0,,,,,,,,,,,,,,0.28086028676225405,,,,,0.023179791867733,5.1493239880073816e-05
,imappo,,,,1643.0,0.0,0.0,0.0025746620162294676,0.0,0.0,0.0,0.0,0.0025746620162294676,0.0,0.0,0.0,0.0,0.0,,,,,,,
-0.0039702667854726315,imappo,2.4145629495819776e-08,-0.23338228464126587,0.0005066355451817273,1644.0,,,,,,,,,,,,,,0.2807269089696566,,,,,0.02360466681420803,6.39568897895515e-05
,imappo,,,,1644.0,0.0,0.0,0.0031978444214502133,0.0,0.0,0.0,0.0,0.0031978444214502133,0.0,0.0,0.0,0.0,0.0,,,,,,,
-0.0008541324059478939,imappo,5.5291446976468706e-09,-0.057610657066106796,0.0005063354451483828,1645.0,,,,,,,,,,,,,,0.280593531177059,,,,,0.03049243986606598,5.14889215992298e-05
,imappo,,,,1645.0,0.0,0.0,0.002574446225480642,0.0,0.0,0.0,0.0,0.002574446225480642,0.0,0.0,0.0,0.0,0.0,,,,,,,
-0.012717648409307003,imappo,6.797236107303206e-09,0.43258005380630493,0.0005060353451150384,1646.0,,,,,,,,,,,,,,0.2804601533844615,,,,,0.028775300830602646,4.5716518798144534e-05
,imappo,,,,1646.0,0.0,0.0,0.0022858259742690734,0.0,0.0,0.0,0.0,0.0022858259742690734,0.0,0.0,0.0,0.0,0.0,,,,,,,
-0.00125497009139508,imappo,2.009093558186237e-09,0.03437305986881256,0.000505735245081694,1647.0,,,,,,,,,,,,,,0.2803267755918639,,,,,0.029807528480887413,4.443777652340941e-05
,imappo,,,,1647.0,0.0,0.0,0.002221888701413377,0.0,0.0,0.0,0.0,0.002221888701413377,0.0,0.0,0.0,0.0,0.0,,,,,,,
-0.0036428903695195913,imappo,7.3717711934762065e-09,0.11782210320234299,0.0005054351450483495,1648.0,,,,,,,,,,,,,,0.28019339779926644,,,,,0.025779977440834045,4.243238072376698e-05
,imappo,,,,1648.0,0.0,0.0,0.00212161884633133,0.0,0.0,0.0,0.0,0.00212161884633133,0.0,0.0,0.0,0.0,0.0,,,,,,,
-0.0023321607150137424,imappo,1.4547821614030454e-08,-0.022227516397833824,0.000505135045015005,1649.0,,,,,,,,,,,,,,0.28006002000666885,,,,,0.028940333053469658,5.553679511649534e-05
,imappo,,,,1649.0,0.0,0.0,0.002776839954094612,0.0,0.0,0.0,0.0,0.002776839954094612,0.0,0.0,0.0,0.0,0.0,,,,,,,
-0.006715158000588417,imappo,6.3656280246959795e-09,-0.007124655414372683,0.0005048349449816606,1650.0,,,,,,,,,,,,,,0.2799266422140714,,,,,0.03166677802801132,4.142284524277784e-05
,imappo,,,,1650.0,0.0,0.0,0.0020711422641284116,0.0,0.0,0.0,0.0,0.0020711422641284116,0.0,0.0,0.0,0.0,0.0,,,,,,,
-0.01081506535410881,imappo,1.0284177065500444e-08,-0.022778281942009926,0.0005045348449483161,1651.0,,,,,,,,,,,,,,0.2797932644214738,,,,,0.030669881030917168,3.816090611508116e-05
,imappo,,,,1651.0,0.0,0.0,0.0019080453550941456,0.0,0.0,0.0,0.0,0.0019080453550941456,0.0,0.0,0.0,0.0,0.0,,,,,,,
-0.0036666381638497114,imappo,1.3468162585184018e-08,0.19375021755695343,0.0005042347449149717,1652.0,,,,,,,,,,,,,,0.2796598866288763,,,,,0.028204547241330147,3.845996980089694e-05
,imappo,,,,1652.0,0.0,0.0,0.00192299857837952,0.0,0.0,0.0,0.0,0.00192299857837952,0.0,0.0,0.0,0.0,0.0,,,,,,,
-0.002145415637642145,imappo,3.432412754023062e-08,0.6237497925758362,0.0005039346448816272,1653.0,,,,,,,,,,,,,,0.2795265088362787,,,,,0.023607738316059113,5.796750701847486e-05
,imappo,,,,1653.0,0.0,0.0,0.0028983751641362687,0.0,0.0,0.0,0.0,0.0028983751641362687,0.0,0.0,0.0,0.0,0.0,,,,,,,
-0.008646240457892418,imappo,5.217745346897118e-09,0.18187370896339417,0.0005036345448482828,1654.0,,,,,,,,,,,,,,0.27939313104368124,,,,,0.02654842473566532,4.474093657336198e-05
,imappo,,,,1654.0,0.0,0.0,0.002237046771938367,0.0,0.0,0.0,0.0,0.002237046771938367,0.0,0.0,0.0,0.0,0.0,,,,,,,
-0.005941400770097971,imappo,5.493126398192771e-09,0.1788514405488968,0.0005033344448149384,1655.0,,,,,,,,,,,,,,0.27925975325108365,,,,,0.02521783486008644,4.1017607145477086e-05
,imappo,,,,1655.0,0.0,0.0,0.002050880186516224,0.0,0.0,0.0,0.0,0.002050880186516224,0.0,0.0,0.0,0.0,0.0,,,,,,,
-0.0039861248806118965,imappo,2.3102691315557422e-08,0.6295940279960632,0.0005030343447815939,1656.0,,,,,,,,,,,,,,0.2791263754584862,,,,,0.025417044758796692,5.869967571925372e-05
,imappo,,,,1656.0,0.0,0.0,0.002934983815976011,0.0,0.0,0.0,0.0,0.002934983815976011,0.0,0.0,0.0,0.0,0.0,,,,,,,
-0.0009200553176924586,imappo,5.308792960789788e-09,0.21572642028331757,0.0005027342447482494,1657.0,,,,,,,,,,,,,,0.2789929976658886,,,,,0.035179413855075836,5.2965875511290506e-05
,imappo,,,,1657.0,0.0,0.0,0.0026482937634000336,0.0,0.0,0.0,0.0,0.0026482937634000336,0.0,0.0,0.0,0.0,0.0,,,,,,,
-0.0030459370464086533,imappo,6.774732774772474e-09,0.6411904692649841,0.000502434144714905,1658.0,,,,,,,,,,,,,,0.2788596198732911,,,,,0.020784953609108925,4.708289270638488e-05
,imappo,,,,1658.0,0.0,0.0,0.0023541447158095252,0.0,0.0,0.0,0.0,0.0023541447158095252,0.0,0.0,0.0,0.0,0.0,,,,,,,
-0.004287791438400745,imappo,2.9636787246545282e-08,0.05690779536962509,0.0005021340446815605,1659.0,,,,,,,,,,,,,,0.2787262420806935,,,,,0.03012533113360405,6.764324643881992e-05
,imappo,,,,1659.0,0.0,0.0,0.0033821623912899668,0.0,0.0,0.0,0.0,0.0033821623912899668,0.0,0.0,0.0,0.0,0.0,,,,,,,
-0.0016936834435909986,imappo,1.3564573464464047e-08,0.33184078335762024,0.0005018339446482161,1660.0,,,,,,,,,,,,,,0.27859286428809604,,,,,0.028113726526498795,4.792664185515605e-05
,imappo,,,,1660.0,0.0,0.0,0.002396332196781259,0.0,0.0,0.0,0.0,0.002396332196781259,0.0,0.0,0.0,0.0,0.0,,,,,,,
-0.0057916040532290936,imappo,3.41057848629589e-09,0.13057808578014374,0.0005015338446148717,1661.0,,,,,,,,,,,,,,0.2784594864954985,,,,,0.028680630028247833,5.288168176775798e-05
,imappo,,,,1661.0,0.0,0.0,0.002644084214011855,0.0,0.0,0.0,0.0,0.002644084214011855,0.0,0.0,0.0,0.0,0.0,,,,,,,
-0.013661266304552555,imappo,3.0271408490989415e-08,-0.06659548729658127,0.0005012337445815272,1662.0,,,,,,,,,,,,,,0.278326108702901,,,,,0.02393072098493576,6.897946150274947e-05
,imappo,,,,1662.0,0.0,0.0,0.0034489729641222766,0.0,0.0,0.0,0.0,0.0034489729641222766,0.0,0.0,0.0,0.0,0.0,,,,,,,
0.003613566979765892,imappo,3.2281430861758054e-08,0.0349922738969326,0.0005009336445481828,1663.0,,,,,,,,,,,,,,0.2781927309103034,,,,,0.02135910466313362,7.356501737376675e-05
,imappo,,,,1663.0,0.0,0.0,0.003678250971695718,0.0,0.0,0.0,0.0,0.003678250971695718,0.0,0.0,0.0,0.0,0.0,,,,,,,
-0.005706395488232374,imappo,5.506876732397359e-09,0.2997143268585205,0.0005006335445148383,1664.0,,,,,,,,,,,,,,0.2780593531177059,,,,,0.02608201652765274,5.1259223255328834e-05
,imappo,,,,1664.0,0.0,0.0,0.0025629610809119185,0.0,0.0,0.0,0.0,0.0025629610809119185,0.0,0.0,0.0,0.0,0.0,,,,,,,
-0.00264862016774714,imappo,3.188219110938917e-08,0.3931591808795929,0.0005003334444814939,1665.0,,,,,,,,,,,,,,0.2779259753251084,,,,,0.030804958194494247,2.6691039238357916e-05
,imappo,,,,1665.0,0.0,0.0,0.0013345519790846083,0.0,0.0,0.0,0.0,0.0013345519790846083,0.0,0.0,0.0,0.0,0.0,,,,,,,
-0.0024431152269244194,imappo,4.044439805284128e-08,0.34470874071121216,0.0005000333444481495,1666.0,,,,,,,,,,,,,,0.27779259753251084,,,,,0.03214244544506073,5.0150836614193395e-05
,imappo,,,,1666.0,0.0,0.0,0.00250754187527491,0.0,0.0,0.0,0.0,0.00250754187527491,0.0,0.0,0.0,0.0,0.0,,,,,,,
-0.0068814801052212715,imappo,1.1160100399365547e-08,0.3499370813369751,0.0004997332444148049,1667.0,,,,,,,,,,,,,,0.27765921973991325,,,,,0.027530834078788757,4.779802475241013e-05
,imappo,,,,1667.0,0.0,0.0,0.002389901248420756,0.0,0.0,0.0,0.0,0.002389901248420756,0.0,0.0,0.0,0.0,0.0,,,,,,,
-0.00604321388527751,imappo,5.986989126682829e-09,0.32731109857559204,0.0004994331443814604,1668.0,,,,,,,,,,,,,,0.2775258419473158,,,,,0.028013959527015686,4.227930185152218e-05
,imappo,,,,1668.0,0.0,0.0,0.0021139651539670012,0.0,0.0,0.0,0.0,0.0021139651539670012,0.0,0.0,0.0,0.0,0.0,,,,,,,
-0.009489600546658039,imappo,1.2330334975274582e-08,0.06444881111383438,0.0004991330443481161,1669.0,,,,,,,,,,,,,,0.27739246415471824,,,,,0.022888023406267166,5.926408266532235e-05
,imappo,,,,1669.0,0.0,0.0,0.0029632040625529044,0.0,0.0,0.0,0.0,0.0029632040625529044,0.0,0.0,0.0,0.0,0.0,,,,,,,
0.0035757850855588913,imappo,8.906172688227798e-09,0.20667488873004913,0.0004988329443147716,1670.0,,,,,,,,,,,,,,0.2772590863621207,,,,,0.025025425478816032,6.207561091287062e-05
,imappo,,,,1670.0,0.0,0.0,0.003103780167293735,0.0,0.0,0.0,0.0,0.003103780167293735,0.0,0.0,0.0,0.0,0.0,,,,,,,
-0.0012395097874104977,imappo,3.704007056626324e-08,0.614832878112793,0.0004985328442814272,1671.0,,,,,,,,,,,,,,0.2771257085695231,,,,,0.02430100366473198,5.368483834899962e-05
,imappo,,,,1671.0,0.0,0.0,0.00268424184810101,0.0,0.0,0.0,0.0,0.00268424184810101,0.0,0.0,0.0,0.0,0.0,,,,,,,
-0.0033051029313355684,imappo,1.3547881039244203e-08,0.17143745720386505,0.0004982327442480827,1672.0,,,,,,,,,,,,,,0.27699233077692564,,,,,0.022564513608813286,5.773492739535868e-05
,imappo,,,,1672.0,0.0,0.0,0.0028867463352071354,0.0,0.0,0.0,0.0,0.0028867463352071354,0.0,0.0,0.0,0.0,0.0,,,,,,,
-0.004735929425805807,imappo,6.359119897325627e-09,0.2830360531806946,0.0004979326442147383,1673.0,,,,,,,,,,,,,,0.2768589529843281,,,,,0.027938880026340485,4.6739303797949106e-05
,imappo,,,,1673.0,0.0,0.0,0.0023369652196834068,0.0,0.0,0.0,0.0,0.0023369652196834068,0.0,0.0,0.0,0.0,0.0,,,,,,,
-0.009125892072916031,imappo,2.812128485629728e-08,0.15921424329280853,0.0004976325441813939,1674.0,,,,,,,,,,,,,,0.2767255751917306,,,,,0.026170747354626656,6.93440088070929e-05
,imappo,,,,1674.0,0.0,0.0,0.0034672006556206725,0.0,0.0,0.0,0.0,0.0034672006556206725,0.0,0.0,0.0,0.0,0.0,,,,,,,
-0.004866077098995447,imappo,1.2810049909717236e-08,0.5829663276672363,0.0004973324441480494,1675.0,,,,,,,,,,,,,,0.276592197399133,,,,,0.02777279168367386,5.1385373808443546e-05
,imappo,,,,1675.0,0.0,0.0,0.002569268828253257,0.0,0.0,0.0,0.0,0.002569268828253257,0.0,0.0,0.0,0.0,0.0,,,,,,,
-0.010108296759426594,imappo,1.3747728289104089e-08,0.4981440603733063,0.000497032344114705,1676.0,,,,,,,,,,,,,,0.2764588196065355,,,,,0.025295399129390717,3.531502443365753e-05
,imappo,,,,1676.0,0.0,0.0,0.0017657512953519472,0.0,0.0,0.0,0.0,0.0017657512953519472,0.0,0.0,0.0,0.0,0.0,,,,,,,
-0.006173240020871162,imappo,1.2704142626773773e-08,0.2646797001361847,0.0004967322440813605,1677.0,,,,,,,,,,,,,,0.276325441813938,,,,,0.03320574387907982,5.207785943639465e-05
,imappo,,,,1677.0,0.0,0.0,0.0026038930003551286,0.0,0.0,0.0,0.0,0.0026038930003551286,0.0,0.0,0.0,0.0,0.0,,,,,,,
-0.01273056585341692,imappo,2.8816531383313304e-09,0.6366382241249084,0.000496432144048016,1678.0,,,,,,,,,,,,,,0.27619206402134044,,,,,0.025145575404167175,5.1293260185047984e-05
,imappo,,,,1678.0,0.0,0.0,0.0025646630726043895,0.0,0.0,0.0,0.0,0.0025646630726043895,0.0,0.0,0.0,0.0,0.0,,,,,,,
-0.012003712356090546,imappo,4.095288730354696e-08,0.23610875010490417,0.0004961320440146716,1679.0,,,,,,,,,,,,,,0.27605868622874286,,,,,0.034896038472652435,5.427817450254224e-05
,imappo,,,,1679.0,0.0,0.0,0.002713908772875584,0.0,0.0,0.0,0.0,0.002713908772875584,0.0,0.0,0.0,0.0,0.0,,,,,,,
0.0009204873349517584,imappo,2.1651707982073276e-08,0.4397216737270355,0.0004958319439813272,1680.0,,,,,,,,,,,,,,0.2759253084361454,,,,,0.03107515349984169,4.97162327519618e-05
,imappo,,,,1680.0,0.0,0.0,0.0024858115986035045,0.0,0.0,0.0,0.0,0.0024858115986035045,0.0,0.0,0.0,0.0,0.0,,,,,,,
-0.00674342829734087,imappo,5.900954391790947e-09,0.15312457084655762,0.0004955318439479827,1681.0,,,,,,,,,,,,,,0.27579193064354784,,,,,0.02941713109612465,4.5755641622236e-05
,imappo,,,,1681.0,0.0,0.0,0.002287781934683153,0.0,0.0,0.0,0.0,0.002287781934683153,0.0,0.0,0.0,0.0,0.0,,,,,,,
-0.007285717409104109,imappo,3.573979112658776e-09,0.17276877164840698,0.0004952317439146383,1682.0,,,,,,,,,,,,,,0.2756585528509503,,,,,0.031577400863170624,5.1673770940396935e-05
,imappo,,,,1682.0,0.0,0.0,0.002583688731647271,0.0,0.0,0.0,0.0,0.002583688731647271,0.0,0.0,0.0,0.0,0.0,,,,,,,
-0.0071821971796453,imappo,8.0241946420756e-09,0.08195511251688004,0.0004949316438812938,1683.0,,,,,,,,,,,,,,0.2755251750583527,,,,,0.02792830392718315,4.853265272686258e-05
,imappo,,,,1683.0,0.0,0.0,0.002426632602009704,0.0,0.0,0.0,0.0,0.002426632602009704,0.0,0.0,0.0,0.0,0.0,,,,,,,
-0.008838971145451069,imappo,1.2886980371717982e-08,0.18411509692668915,0.0004946315438479494,1684.0,,,,,,,,,,,,,,0.27539179726575524,,,,,0.027744412422180176,4.364227061159909e-05
,imappo,,,,1684.0,0.0,0.0,0.0021821134580761736,0.0,0.0,0.0,0.0,0.0021821134580761736,0.0,0.0,0.0,0.0,0.0,,,,,,,
-0.003467498579993844,imappo,8.09486344621746e-09,0.30056145787239075,0.000494331443814605,1685.0,,,,,,,,,,,,,,0.2752584194731577,,,,,0.02691599726676941,3.5608951293397695e-05
,imappo,,,,1685.0,0.0,0.0,0.0017804475828597788,0.0,0.0,0.0,0.0,0.0017804475828597788,0.0,0.0,0.0,0.0,0.0,,,,,,,
-0.008547437377274036,imappo,7.514429967159231e-08,0.5584006309509277,0.0004940313437812604,1686.0,,,,,,,,,,,,,,0.2751250416805602,,,,,0.023995567113161087,3.412059959373437e-05
,imappo,,,,1686.0,0.0,0.0,0.0017060299551303615,0.0,0.0,0.0,0.0,0.0017060299551303615,0.0,0.0,0.0,0.0,0.0,,,,,,,
-0.0044367010705173016,imappo,3.529179082306655e-08,0.17744281888008118,0.0004937312437479159,1687.0,,,,,,,,,,,,,,0.2749916638879626,,,,,0.02800000086426735,4.5394423068501055e-05
,imappo,,,,1687.0,0.0,0.0,0.002269721232551092,0.0,0.0,0.0,0.0,0.002269721232551092,0.0,0.0,0.0,0.0,0.0,,,,,,,
-0.007844054140150547,imappo,1.5305035461210537e-08,0.18175415694713593,0.0004934311437145716,1688.0,,,,,,,,,,,,,,0.2748582860953651,,,,,0.027426205575466156,5.112560756970197e-05
,imappo,,,,1688.0,0.0,0.0,0.002556280435555891,0.0,0.0,0.0,0.0,0.002556280435555891,0.0,0.0,0.0,0.0,0.0,,,,,,,
-0.004941800143569708,imappo,2.132426235590401e-09,0.3700177073478699,0.0004931310436812271,1689.0,,,,,,,,,,,,,,0.2747249083027676,,,,,0.028023328632116318,5.2705639973282814e-05
,imappo,,,,1689.0,0.0,0.0,0.002635282100186487,0.0,0.0,0.0,0.0,0.002635282100186487,0.0,0.0,0.0,0.0,0.0,,,,,,,
-0.0006051635718904436,imappo,7.345231534117147e-09,0.3435872793197632,0.0004928309436478827,1690.0,,,,,,,,,,,,,,0.27459153051017005,,,,,0.030519984662532806,4.621718471753411e-05
,imappo,,,,1690.0,0.0,0.0,0.0023108592258722638,0.0,0.0,0.0,0.0,0.0023108592258722638,0.0,0.0,0.0,0.0,0.0,,,,,,,
-0.00743942242115736,imappo,6.227858229124195e-09,0.17949162423610687,0.0004925308436145383,1691.0,,,,,,,,,,,,,,0.27445815271757257,,,,,0.025404319167137146,4.752650420414284e-05
,imappo,,,,1691.0,0.0,0.0,0.002376325149270997,0.0,0.0,0.0,0.0,0.002376325149270997,0.0,0.0,0.0,0.0,0.0,,,,,,,
0.0012746219290420413,imappo,2.499513129805564e-08,0.0948035940527916,0.0004922307435811938,1692.0,,,,,,,,,,,,,,0.274324774924975,,,,,0.02042798325419426,7.247456960612908e-05
,imappo,,,,1692.0,0.0,0.0,0.0036237282275806137,0.0,0.0,0.0,0.0,0.0036237282275806137,0.0,0.0,0.0,0.0,0.0,,,,,,,
-0.0005595017573796213,imappo,2.108808594414313e-08,0.2869732081890106,0.0004919306435478494,1693.0,,,,,,,,,,,,,,0.27419139713237745,,,,,0.022332865744829178,5.821293234475888e-05
,imappo,,,,1693.0,0.0,0.0,0.002910646668510708,0.0,0.0,0.0,0.0,0.002910646668510708,0.0,0.0,0.0,0.0,0.0,,,,,,,
-0.006086137145757675,imappo,2.0944639800291043e-08,0.6910611987113953,0.0004916305435145048,1694.0,,,,,,,,,,,,,,0.2740580193397799,,,,,0.02347416989505291,5.980574496788904e-05
,imappo,,,,1694.0,0.0,0.0,0.0029902875589868927,0.0,0.0,0.0,0.0,0.0029902875589868927,0.0,0.0,0.0,0.0,0.0,,,,,,,
-0.0023495922796428204,imappo,1.6652080603307695e-08,0.197114035487175,0.0004913304434811604,1695.0,,,,,,,,,,,,,,0.27392464154718243,,,,,0.027207281440496445,4.2073956137755886e-05
,imappo,,,,1695.0,0.0,0.0,0.002103697640450264,0.0,0.0,0.0,0.0,0.002103697640450264,0.0,0.0,0.0,0.0,0.0,,,,,,,
0.007076194975525141,imappo,4.2601186578394845e-08,0.310038685798645,0.000491030343447816,1696.0,,,,,,,,,,,,,,0.27379126375458485,,,,,0.027922745794057846,3.5185626074962784e-06
,imappo,,,,1696.0,0.0,0.0,0.00017592817215472678,0.0,0.0,0.0,0.0,0.00017592817215472678,0.0,0.0,0.0,0.0,0.0,,,,,,,
-0.008328353986144066,imappo,1.4730103714555298e-07,0.5081918239593506,0.0004907302434144715,1697.0,,,,,,,,,,,,,,0.2736578859619873,,,,,0.027384284883737564,4.672277646022849e-05
,imappo,,,,1697.0,0.0,0.0,0.0023361389330602833,0.0,0.0,0.0,0.0,0.0023361389330602833,0.0,0.0,0.0,0.0,0.0,,,,,,,
-0.003161411499604583,imappo,1.3078561345025719e-08,0.06081033870577812,0.000490430143381127,1698.0,,,,,,,,,,,,,,0.2735245081693898,,,,,0.0177927166223526,6.503280019387603e-05
,imappo,,,,1698.0,0.0,0.0,0.0032516401979592047,0.0,0.0,0.0,0.0,0.0032516401979592047,0.0,0.0,0.0,0.0,0.0,,,,,,,
-0.00649555679410696,imappo,2.0662433541929204e-08,0.4733329117298126,0.0004901300433477827,1699.0,,,,,,,,,,,,,,0.2733911303767923,,,,,0.025605089962482452,4.518065907177515e-05
,imappo,,,,1699.0,0.0,0.0,0.002259033000882482,0.0,0.0,0.0,0.0,0.002259033000882482,0.0,0.0,0.0,0.0,0.0,,,,,,,
,imappo,,,,1699.0,,,,,,,,,,,,,,,0.0,0.0,0.0,0.0,,
-0.008940933272242546,imappo,1.803375582198896e-08,0.17016659677028656,0.0004898299433144382,1700.0,,,,,,,,,,,,,,0.2732577525841947,,,,,0.03001996874809265,4.552658720058389e-05
,imappo,,,,1700.0,0.0,0.0,0.002276329192227422,0.0,0.0,0.0,0.0,0.002276329192227422,0.0,0.0,0.0,0.0,0.0,,,,,,,
-0.00893693882972002,imappo,1.3881281013539137e-08,0.2693614661693573,0.0004895298432810938,1701.0,,,,,,,,,,,,,,0.2731243747915972,,,,,0.02986793965101242,4.1278257413068786e-05
,imappo,,,,1701.0,0.0,0.0,0.002063912849166627,0.0,0.0,0.0,0.0,0.002063912849166627,0.0,0.0,0.0,0.0,0.0,,,,,,,
0.006838018074631691,imappo,1.3147936961388496e-08,0.08583305031061172,0.0004892297432477492,1702.0,,,,,,,,,,,,,,0.27299099699899965,,,,,0.02749224565923214,4.9349673645338044e-05
,imappo,,,,1702.0,0.0,0.0,0.0024674837003431094,0.0,0.0,0.0,0.0,0.0024674837003431094,0.0,0.0,0.0,0.0,0.0,,,,,,,
-0.005700664594769478,imappo,3.9724540101815364e-08,0.47699737548828125,0.0004889296432144048,1703.0,,,,,,,,,,,,,,0.27285761920640217,,,,,0.027976742014288902,5.9520083595998585e-05
,imappo,,,,1703.0,0.0,0.0,0.0029760042694988442,0.0,0.0,0.0,0.0,0.0029760042694988442,0.0,0.0,0.0,0.0,0.0,,,,,,,
0.009199634194374084,imappo,3.6430179761737236e-08,0.46609318256378174,0.0004886295431810604,1704.0,,,,,,,,,,,,,,0.2727242414138046,,,,,0.029074665158987045,4.548434299067594e-05
,imappo,,,,1704.0,0.0,0.0,0.002274216975138188,0.0,0.0,0.0,0.0,0.002274216975138188,0.0,0.0,0.0,0.0,0.0,,,,,,,
-0.007155639585107565,imappo,8.561308995069794e-09,0.19228297472000122,0.0004883294431477159,1705.0,,,,,,,,,,,,,,0.27259086362120705,,,,,0.028947804123163223,3.8445745303761214e-05
,imappo,,,,1705.0,0.0,0.0,0.0019222874001627588,0.0,0.0,0.0,0.0,0.0019222874001627588,0.0,0.0,0.0,0.0,0.0,,,,,,,
-0.011258414015173912,imappo,3.8821859504878375e-08,0.4836409389972687,0.0004880293431143715,1706.0,,,,,,,,,,,,,,0.2724574858286095,,,,,0.02467118203639984,4.957360579282977e-05
,imappo,,,,1706.0,0.0,0.0,0.002478680360582075,0.0,0.0,0.0,0.0,0.002478680360582075,0.0,0.0,0.0,0.0,0.0,,,,,,,
-0.00812019407749176,imappo,3.3373012797710544e-08,0.26685231924057007,0.0004877292430810271,1707.0,,,,,,,,,,,,,,0.27232410803601204,,,,,0.031152881681919098,4.1016770410351455e-05
,imappo,,,,1707.0,0.0,0.0,0.0020508384945969738,0.0,0.0,0.0,0.0,0.0020508384945969738,0.0,0.0,0.0,0.0,0.0,,,,,,,
-0.004634319804608822,imappo,3.5869533121513086e-08,0.2100541740655899,0.0004874291430476826,1708.0,,,,,,,,,,,,,,0.27219073024341445,,,,,0.023691976442933083,3.683995237224735e-05
,imappo,,,,1708.0,0.0,0.0,0.0018419975253891607,0.0,0.0,0.0,0.0,0.0018419975253891607,0.0,0.0,0.0,0.0,0.0,,,,,,,
-0.0032759029418230057,imappo,3.1454604254577134e-08,0.4128744304180145,0.00048712904301433807,1709.0,,,,,,,,,,,,,,0.2720573524508169,,,,,0.024458806961774826,4.1052895539905876e-05
,imappo,,,,1709.0,0.0,0.0,0.00205264486305623,0.0,0.0,0.0,0.0,0.00205264486305623,0.0,0.0,0.0,0.0,0.0,,,,,,,
-0.006739877630025148,imappo,1.9430832054467828e-08,0.46984267234802246,0.00048682894298099377,1710.0,,,,,,,,,,,,,,0.2719239746582194,,,,,0.030194275081157684,5.0388745876261964e-05
,imappo,,,,1710.0,0.0,0.0,0.0025194375595560814,0.0,0.0,0.0,0.0,0.0025194375595560814,0.0,0.0,0.0,0.0,0.0,,,,,,,
-0.010154672898352146,imappo,7.2860792954543285e-09,-0.01042867824435234,0.00048652884294764925,1711.0,,,,,,,,,,,,,,0.2717905968656219,,,,,0.028070643544197083,4.354724660515785e-05
,imappo,,,,1711.0,0.0,0.0,0.002177362391762472,0.0,0.0,0.0,0.0,0.002177362391762472,0.0,0.0,0.0,0.0,0.0,,,,,,,
0.009969358332455158,imappo,5.686522808190375e-09,0.3805704116821289,0.00048622874291430484,1712.0,,,,,,,,,,,,,,0.2716572190730243,,,,,0.022355474531650543,4.2147446947637945e-05
,imappo,,,,1712.0,0.0,0.0,0.0021073723091262764,0.0,0.0,0.0,0.0,0.0021073723091262764,0.0,0.0,0.0,0.0,0.0,,,,,,,
-0.007692362647503614,imappo,1.4965445771508712e-08,0.025036094710230827,0.0004859286428809603,1713.0,,,,,,,,,,,,,,0.2715238412804268,,,,,0.027326077222824097,6.582033529412001e-05
,imappo,,,,1713.0,0.0,0.0,0.0032910167828958947,0.0,0.0,0.0,0.0,0.0032910167828958947,0.0,0.0,0.0,0.0,0.0,,,,,,,
0.00014281494077295065,imappo,2.0259820487922298e-08,0.4284903407096863,0.0004856285428476159,1714.0,,,,,,,,,,,,,,0.27139046348782925,,,,,0.027650408446788788,5.036825314164162e-05
,imappo,,,,1714.0,0.0,0.0,0.0025184122770269823,0.0,0.0,0.0,0.0,0.0025184122770269823,0.0,0.0,0.0,0.0,0.0,,,,,,,
0.003030179999768734,imappo,1.3383364638741568e-08,0.12000152468681335,0.0004853284428142715,1715.0,,,,,,,,,,,,,,0.27125708569523177,,,,,0.027028800919651985,5.8272973546991125e-05
,imappo,,,,1715.0,0.0,0.0,0.002913648537969493,0.0,0.0,0.0,0.0,0.002913648537969493,0.0,0.0,0.0,0.0,0.0,,,,,,,
-0.004750481341034174,imappo,2.6983862255747226e-08,0.6349284648895264,0.000485028342780927,1716.0,,,,,,,,,,,,,,0.2711237079026342,,,,,0.028146367520093918,5.8477522543398663e-05
,imappo,,,,1716.0,0.0,0.0,0.002923876084651056,0.0,0.0,0.0,0.0,0.002923876084651056,0.0,0.0,0.0,0.0,0.0,,,,,,,
-0.0027678452897816896,imappo,8.366658477143574e-09,-0.023391064256429672,0.0004847282427475825,1717.0,,,,,,,,,,,,,,0.27099033011003665,,,,,0.025482965633273125,4.135638300795108e-05
,imappo,,,,1717.0,0.0,0.0,0.002067819310809682,0.0,0.0,0.0,0.0,0.002067819310809682,0.0,0.0,0.0,0.0,0.0,,,,,,,
-0.002004544949159026,imappo,2.5966716776792964e-08,-0.040339477360248566,0.0004844281427142382,1718.0,,,,,,,,,,,,,,0.2708569523174391,,,,,0.02457141876220703,4.2489595216466114e-05
,imappo,,,,1718.0,0.0,0.0,0.002124479841313587,0.0,0.0,0.0,0.0,0.002124479841313587,0.0,0.0,0.0,0.0,0.0,,,,,,,
-0.010015535168349743,imappo,1.526335502433085e-08,0.06425756961107254,0.00048412804268089366,1719.0,,,,,,,,,,,,,,0.27072357452484164,,,,,0.023526806384325027,6.466684862971306e-05
,imappo,,,,1719.0,0.0,0.0,0.003233342353610169,0.0,0.0,0.0,0.0,0.003233342353610169,0.0,0.0,0.0,0.0,0.0,,,,,,,
-0.006061811465770006,imappo,2.12209858574397e-08,0.15087993443012238,0.00048382794264754914,1720.0,,,,,,,,,,,,,,0.27059019673224405,,,,,0.027334846556186676,3.8180063711479306e-05
,imappo,,,,1720.0,0.0,0.0,0.0019090032960775716,0.0,0.0,0.0,0.0,0.0019090032960775716,0.0,0.0,0.0,0.0,0.0,,,,,,,
-0.004544130526483059,imappo,7.694506365396592e-09,0.20400933921337128,0.00048352784261420484,1721.0,,,,,,,,,,,,,,0.27045681893964657,,,,,0.025335364043712616,5.3190975449979305e-05
,imappo,,,,1721.0,0.0,0.0,0.0026595486558562698,0.0,0.0,0.0,0.0,0.0026595486558562698,0.0,0.0,0.0,0.0,0.0,,,,,,,
-0.006090231705456972,imappo,1.0887259982439446e-08,0.18765293061733246,0.00048322774258086033,1722.0,,,,,,,,,,,,,,0.270323441147049,,,,,0.029493186622858047,4.216673187329434e-05
,imappo,,,,1722.0,0.0,0.0,0.00210833660003118,0.0,0.0,0.0,0.0,0.00210833660003118,0.0,0.0,0.0,0.0,0.0,,,,,,,
-0.006646597292274237,imappo,1.6250456535971125e-09,0.07197681069374084,0.0004829276425475159,1723.0,,,,,,,,,,,,,,0.2701900633544515,,,,,0.026106804609298706,4.1081442759605125e-05
,imappo,,,,1723.0,0.0,0.0,0.002054072079317848,0.0,0.0,0.0,0.0,0.002054072079317848,0.0,0.0,0.0,0.0,0.0,,,,,,,
-0.0032440130598843098,imappo,1.1599166072073785e-08,0.48390865325927734,0.0004826275425141714,1724.0,,,,,,,,,,,,,,0.2700566855618539,,,,,0.027100220322608948,4.580224776873365e-05
,imappo,,,,1724.0,0.0,0.0,0.002290112582223003,0.0,0.0,0.0,0.0,0.002290112582223003,0.0,0.0,0.0,0.0,0.0,,,,,,,
-0.0050856624729931355,imappo,1.7075851843628698e-08,-0.07864972203969955,0.000482327442480827,1725.0,,,,,,,,,,,,,,0.26992330776925644,,,,,0.020519353449344635,5.833601608173922e-05
,imappo,,,,1725.0,0.0,0.0,0.0029168006901727495,0.0,0.0,0.0,0.0,0.0029168006901727495,0.0,0.0,0.0,0.0,0.0,,,,,,,
-0.0017953115748241544,imappo,5.7685287657704976e-09,0.5020532011985779,0.0004820273424474826,1726.0,,,,,,,,,,,,,,0.26978992997665885,,,,,0.027118157595396042,4.310967051424086e-05
,imappo,,,,1726.0,0.0,0.0,0.0021554833710979437,0.0,0.0,0.0,0.0,0.0021554833710979437,0.0,0.0,0.0,0.0,0.0,,,,,,,
0.010552415624260902,imappo,1.8869458884296364e-08,0.2972285747528076,0.00048172724241413807,1727.0,,,,,,,,,,,,,,0.26965655218406137,,,,,0.02604307234287262,5.9842102928087115e-05
,imappo,,,,1727.0,0.0,0.0,0.0029921051269639065,0.0,0.0,0.0,0.0,0.0029921051269639065,0.0,0.0,0.0,0.0,0.0,,,,,,,
-0.0034289294853806496,imappo,8.187286404393035e-09,0.5365809798240662,0.00048142714238079355,1728.0,,,,,,,,,,,,,,0.2695231743914638,,,,,0.025025375187397003,4.585619899444282e-05
,imappo,,,,1728.0,0.0,0.0,0.002292809857863176,0.0,0.0,0.0,0.0,0.002292809857863176,0.0,0.0,0.0,0.0,0.0,,,,,,,
-0.004906528163701296,imappo,1.3323964154210444e-08,0.5467624664306641,0.00048112704234744925,1729.0,,,,,,,,,,,,,,0.2693897965988663,,,,,0.02351158671081066,4.27893792220857e-05
,imappo,,,,1729.0,0.0,0.0,0.0021394689074440976,0.0,0.0,0.0,0.0,0.0021394689074440976,0.0,0.0,0.0,0.0,0.0,,,,,,,
-0.00814925879240036,imappo,1.0651507231784763e-08,0.3768825829029083,0.00048082694231410474,1730.0,,,,,,,,,,,,,,0.2692564188062687,,,,,0.02868000790476799,4.1685776523081586e-05
,imappo,,,,1730.0,0.0,0.0,0.002084288707919768,0.0,0.0,0.0,0.0,0.002084288707919768,0.0,0.0,0.0,0.0,0.0,,,,,,,
-0.00879761390388012,imappo,1.5308616596598768e-08,0.18445554375648499,0.0004805268422807602,1731.0,,,,,,,,,,,,,,0.26912304101367124,,,,,0.03493768721818924,4.6288565499708056e-05
,imappo,,,,1731.0,0.0,0.0,0.00231442823087491,0.0,0.0,0.0,0.0,0.00231442823087491,0.0,0.0,0.0,0.0,0.0,,,,,,,
-0.007791981101036072,imappo,8.440125931485909e-09,0.5129455924034119,0.0004802267422474158,1732.0,,,,,,,,,,,,,,0.26898966322107365,,,,,0.02231195569038391,4.5309032429941e-05
,imappo,,,,1732.0,0.0,0.0,0.0022654517260889406,0.0,0.0,0.0,0.0,0.0022654517260889406,0.0,0.0,0.0,0.0,0.0,,,,,,,
-0.007548118941485882,imappo,2.994800141209453e-08,0.22765325009822845,0.0004799266422140714,1733.0,,,,,,,,,,,,,,0.26885628542847617,,,,,0.02726546674966812,4.4810163672082126e-05
,imappo,,,,1733.0,0.0,0.0,0.0022405082354453043,0.0,0.0,0.0,0.0,0.0022405082354453043,0.0,0.0,0.0,0.0,0.0,,,,,,,
-0.006678872276097536,imappo,1.2876773425318788e-08,0.48041340708732605,0.000479626542180727,1734.0,,,,,,,,,,,,,,0.2687229076358786,,,,,0.019944515079259872,4.573217302095145e-05
,imappo,,,,1734.0,0.0,0.0,0.002286608591020922,0.0,0.0,0.0,0.0,0.002286608591020922,0.0,0.0,0.0,0.0,0.0,,,,,,,
-0.00809635128825903,imappo,4.785960783237897e-08,0.6952632069587708,0.0004793264421473825,1735.0,,,,,,,,,,,,,,0.2685895298432811,,,,,0.022622287273406982,5.6064898672048e-05
,imappo,,,,1735.0,0.0,0.0,0.002803244693467377,0.0,0.0,0.0,0.0,0.002803244693467377,0.0,0.0,0.0,0.0,0.0,,,,,,,
-0.0017034097108989954,imappo,1.2792645165404792e-08,0.24763712286949158,0.00047902634211403807,1736.0,,,,,,,,,,,,,,0.26845615205068357,,,,,0.02506600320339203,4.40970434283372e-05
,imappo,,,,1736.0,0.0,0.0,0.002204852245768052,0.0,0.0,0.0,0.0,0.002204852245768052,0.0,0.0,0.0,0.0,0.0,,,,,,,
-0.010611476376652718,imappo,1.989109321698379e-08,0.655733585357666,0.00047872624208069366,1737.0,,,,,,,,,,,,,,0.26832277425808604,,,,,0.024812906980514526,4.50099614681676e-05
,imappo,,,,1737.0,0.0,0.0,0.002250498063631312,0.0,0.0,0.0,0.0,0.002250498063631312,0.0,0.0,0.0,0.0,0.0,,,,,,,
-0.004543000366538763,imappo,4.598572189706829e-08,0.19745449721813202,0.00047842614204734915,1738.0,,,,,,,,,,,,,,0.26818939646548845,,,,,0.02985280007123947,4.3054726120317355e-05
,imappo,,,,1738.0,0.0,0.0,0.002152736211883166,0.0,0.0,0.0,0.0,0.002152736211883166,0.0,0.0,0.0,0.0,0.0,,,,,,,
-0.0020009896252304316,imappo,7.918407263218796e-09,-0.06057005003094673,0.00047812604201400463,1739.0,,,,,,,,,,,,,,0.26805601867289097,,,,,0.029237262904644012,4.683480074163526e-05
,imappo,,,,1739.0,0.0,0.0,0.0023417401182541653,0.0,0.0,0.0,0.0,0.0023417401182541653,0.0,0.0,0.0,0.0,0.0,,,,,,,
-0.0005871974281035364,imappo,1.6480344200431318e-08,-0.29660600423812866,0.00047782594198066033,1740.0,,,,,,,,,,,,,,0.26792264088029344,,,,,0.028925921767950058,6.1717742937617e-05
,imappo,,,,1740.0,0.0,0.0,0.0030858869631629204,0.0,0.0,0.0,0.0,0.0030858869631629204,0.0,0.0,0.0,0.0,0.0,,,,,,,
0.00016323779709637165,imappo,2.5783173374094304e-09,0.0036826920695602894,0.0004775258419473158,1741.0,,,,,,,,,,,,,,0.2677892630876959,,,,,0.028843635693192482,4.598514351528138e-05
,imappo,,,,1741.0,0.0,0.0,0.0022992570568476367,0.0,0.0,0.0,0.0,0.0022992570568476367,0.0,0.0,0.0,0.0,0.0,,,,,,,
-0.010477765463292599,imappo,1.3080903027429258e-09,0.19855883717536926,0.0004772257419139713,1742.0,,,,,,,,,,,,,,0.2676558852950983,,,,,0.026298243552446365,4.044941670144908e-05
,imappo,,,,1742.0,0.0,0.0,0.0020224708396199276,0.0,0.0,0.0,0.0,0.0020224708396199276,0.0,0.0,0.0,0.0,0.0,,,,,,,
-0.0021160899195820093,imappo,2.6320229551402008e-08,-0.13070674240589142,0.0004769256418806269,1743.0,,,,,,,,,,,,,,0.26752250750250084,,,,,0.022606687620282173,6.220224895514548e-05
,imappo,,,,1743.0,0.0,0.0,0.0031101127331112366,0.0,0.0,0.0,0.0,0.0031101127331112366,0.0,0.0,0.0,0.0,0.0,,,,,,,
-0.008458740077912807,imappo,3.908589008005947e-09,0.19203689694404602,0.0004766255418472825,1744.0,,,,,,,,,,,,,,0.2673891297099033,,,,,0.02768532931804657,4.229974001646042e-05
,imappo,,,,1744.0,0.0,0.0,0.0021149869689907064,0.0,0.0,0.0,0.0,0.0021149869689907064,0.0,0.0,0.0,0.0,0.0,,,,,,,
-0.0017779087647795677,imappo,2.077094052310713e-09,0.25759294629096985,0.00047632544181393807,1745.0,,,,,,,,,,,,,,0.2672557519173058,,,,,0.029490601271390915,5.201681415201165e-05
,imappo,,,,1745.0,0.0,0.0,0.0026008407839981373,0.0,0.0,0.0,0.0,0.0026008407839981373,0.0,0.0,0.0,0.0,0.0,,,,,,,
-0.004675319883972406,imappo,4.918184526303548e-09,0.27751588821411133,0.00047602534178059356,1746.0,,,,,,,,,,,,,,0.2671223741247082,,,,,0.0256652794778347,4.850843470194377e-05
,imappo,,,,1746.0,0.0,0.0,0.0024254220445527608,0.0,0.0,0.0,0.0,0.0024254220445527608,0.0,0.0,0.0,0.0,0.0,,,,,,,
-0.00665603531524539,imappo,0.005373435560613871,0.6372436285018921,0.00047572524174724904,1747.0,,,,,,,,,,,,,,0.2669889963321107,,,,,0.03370622918009758,0.00671461783349514
,imappo,,,,1747.0,0.0,0.0,0.3357308861534136,0.0,0.0,0.0,0.3333333432674408,0.0023975577871340192,0.0,0.0,0.0,0.0,0.0,,,,,,,
-0.00925010722130537,imappo,0.0002841007662937045,0.6664484143257141,0.00047542514171390474,1748.0,,,,,,,,,,,,,,0.2668556185395132,,,,,0.021951310336589813,5.188944851397537e-05
,imappo,,,,1748.0,0.0,0.0,0.0025944725344402286,0.0,0.0,0.0,0.0,0.0025944725344402286,0.0,0.0,0.0,0.0,0.0,,,,,,,
-0.00667076651006937,imappo,2.7756223062169738e-05,0.20232795178890228,0.0004751250416805602,1749.0,,,,,,,,,,,,,,0.26672224074691564,,,,,0.032241638749837875,4.809397796634585e-05
,imappo,,,,1749.0,0.0,0.0,0.002404698764848945,0.0,0.0,0.0,0.0,0.002404698764848945,0.0,0.0,0.0,0.0,0.0,,,,,,,
-0.0090056536719203,imappo,2.1104211555211805e-05,0.06283535063266754,0.0004748249416472157,1750.0,,,,,,,,,,,,,,0.26658886295431805,,,,,0.027584247291088104,4.8522688302909955e-05
,imappo,,,,1750.0,0.0,0.0,0.002426134541284597,0.0,0.0,0.0,0.0,0.002426134541284597,0.0,0.0,0.0,0.0,0.0,,,,,,,
-0.002687994856387377,imappo,6.742501682310831e-06,0.30657079815864563,0.0004745248416138714,1751.0,,,,,,,,,,,,,,0.2664554851617206,,,,,0.023549024015665054,4.7848890972090885e-05
,imappo,,,,1751.0,0.0,0.0,0.002392444627162149,0.0,0.0,0.0,0.0,0.002392444627162149,0.0,0.0,0.0,0.0,0.0,,,,,,,
0.001117209205403924,imappo,3.0784151476836996e-06,-0.12452974915504456,0.0004742247415805269,1752.0,,,,,,,,,,,,,,0.26632210736912304,,,,,0.029765628278255463,4.179083407507278e-05
,imappo,,,,1752.0,0.0,0.0,0.002089541794248362,0.0,0.0,0.0,0.0,0.002089541794248362,0.0,0.0,0.0,0.0,0.0,,,,,,,
0.0014329669065773487,imappo,6.078678325138753e-06,-0.11834874749183655,0.0004739246415471824,1753.0,,,,,,,,,,,,,,0.2661887295765255,,,,,0.0280442014336586,4.6710920287296176e-05
,imappo,,,,1753.0,0.0,0.0,0.0023355462633389834,0.0,0.0,0.0,0.0,0.0023355462633389834,0.0,0.0,0.0,0.0,0.0,,,,,,,
-0.0015379259129986167,imappo,6.188306542753708e-07,-0.11891654878854752,0.00047362454151383797,1754.0,,,,,,,,,,,,,,0.2660553517839279,,,,,0.03290615230798721,3.9178823499241844e-05
,imappo,,,,1754.0,0.0,0.0,0.00195894097765148,0.0,0.0,0.0,0.0,0.00195894097765148,0.0,0.0,0.0,0.0,0.0,,,,,,,
0.01040444616228342,imappo,3.2670220662112115e-06,0.08083782345056534,0.00047332444148049356,1755.0,,,,,,,,,,,,,,0.26592197399133044,,,,,0.027536392211914062,4.311760494601913e-05
,imappo,,,,1755.0,0.0,0.0,0.0021558800194725336,0.0,0.0,0.0,0.0,0.0021558800194725336,0.0,0.0,0.0,0.0,0.0,,,,,,,
0.0030953078530728817,imappo,1.3511063343685237e-06,-0.3223484456539154,0.00047302434144714915,1756.0,,,,,,,,,,,,,,0.2657885961987329,,,,,0.01916247420012951,6.80408556945622e-05
,imappo,,,,1756.0,0.0,0.0,0.00340204280917078,0.0,0.0,0.0,0.0,0.00340204280917078,0.0,0.0,0.0,0.0,0.0,,,,,,,
-0.016402900218963623,imappo,1.8215890804640367e-06,0.07997827231884003,0.00047272424141380463,1757.0,,,,,,,,,,,,,,0.2656552184061354,,,,,0.026202213019132614,4.117414937354624e-05
,imappo,,,,1757.0,0.0,0.0,0.002058707435253382,0.0,0.0,0.0,0.0,0.002058707435253382,0.0,0.0,0.0,0.0,0.0,,,,,,,
-0.005029954947531223,imappo,4.186246769677382e-06,0.5583979487419128,0.0004724241413804601,1758.0,,,,,,,,,,,,,,0.2655218406135378,,,,,0.028208408504724503,5.5044572945917025e-05
,imappo,,,,1758.0,0.0,0.0,0.002752228473809737,0.0,0.0,0.0,0.0,0.002752228473809737,0.0,0.0,0.0,0.0,0.0,,,,,,,
-0.009284745901823044,imappo,1.3038962833888945e-06,0.26794934272766113,0.0004721240413471158,1759.0,,,,,,,,,,,,,,0.2653884628209403,,,,,0.02313828468322754,3.9361078961519524e-05
,imappo,,,,1759.0,0.0,0.0,0.0019680539767250593,0.0,0.0,0.0,0.0,0.0019680539767250593,0.0,0.0,0.0,0.0,0.0,,,,,,,
-0.006543554365634918,imappo,1.5709529179730453e-06,0.1261071413755417,0.0004718239413137713,1760.0,,,,,,,,,,,,,,0.2652550850283428,,,,,0.02237030304968357,3.7976929888827726e-05
,imappo,,,,1760.0,0.0,0.0,0.0018988466589462405,0.0,0.0,0.0,0.0,0.0018988466589462405,0.0,0.0,0.0,0.0,0.0,,,,,,,
0.0026398347690701485,imappo,1.3526699831345468e-06,-0.24999003112316132,0.0004715238412804268,1761.0,,,,,,,,,,,,,,0.26512170723574524,,,,,0.01452457346022129,5.742903158534318e-05
,imappo,,,,1761.0,0.0,0.0,0.0028714515606225177,0.0,0.0,0.0,0.0,0.0028714515606225177,0.0,0.0,0.0,0.0,0.0,,,,,,,
-0.005560352932661772,imappo,1.5040492371554137e-06,-0.12749603390693665,0.0004712237412470824,1762.0,,,,,,,,,,,,,,0.26498832944314765,,,,,0.027698028832674026,3.487673166091554e-05
,imappo,,,,1762.0,0.0,0.0,0.0017438363912418708,0.0,0.0,0.0,0.0,0.0017438363912418708,0.0,0.0,0.0,0.0,0.0,,,,,,,
-0.0059003522619605064,imappo,2.064142563540372e-06,0.07048945128917694,0.00047092364121373797,1763.0,,,,,,,,,,,,,,0.2648549516505502,,,,,0.02714959904551506,3.667636701720767e-05
,imappo,,,,1763.0,0.0,0.0,0.0018338184963795356,0.0,0.0,0.0,0.0,0.0018338184963795356,0.0,0.0,0.0,0.0,0.0,,,,,,,
-0.005448915995657444,imappo,1.4041926306163077e-06,0.5150027275085449,0.00047062354118039345,1764.0,,,,,,,,,,,,,,0.26472157385795264,,,,,0.027705149725079536,6.303932605078444e-05
,imappo,,,,1764.0,0.0,0.0,0.003151966256154992,0.0,0.0,0.0,0.0,0.003151966256154992,0.0,0.0,0.0,0.0,0.0,,,,,,,
-0.0028475613798946142,imappo,1.4403231034521013e-06,0.254503071308136,0.00047032344114704904,1765.0,,,,,,,,,,,,,,0.2645881960653551,,,,,0.020626695826649666,4.968659777659923e-05
,imappo,,,,1765.0,0.0,0.0,0.002484330047707317,0.0,0.0,0.0,0.0,0.002484330047707317,0.0,0.0,0.0,0.0,0.0,,,,,,,
-0.010349120944738388,imappo,7.163912982832699e-07,0.12263833731412888,0.00047002334111370463,1766.0,,,,,,,,,,,,,,0.26445481827275763,,,,,0.027611859142780304,5.9861493355128914e-05
,imappo,,,,1766.0,0.0,0.0,0.002993074714567001,0.0,0.0,0.0,0.0,0.002993074714567001,0.0,0.0,0.0,0.0,0.0,,,,,,,
-0.007174696773290634,imappo,1.4956947325117653e-07,0.499183714389801,0.0004697232410803602,1767.0,,,,,,,,,,,,,,0.26432144048016004,,,,,0.026824921369552612,5.508020694833249e-05
,imappo,,,,1767.0,0.0,0.0,0.0027540101687009155,0.0,0.0,0.0,0.0,0.0027540101687009155,0.0,0.0,0.0,0.0,0.0,,,,,,,
-0.005166212096810341,imappo,8.467219458907493e-07,-0.07620259374380112,0.0004694231410470157,1768.0,,,,,,,,,,,,,,0.2641880626875625,,,,,0.026145491749048233,3.50853442796506e-05
,imappo,,,,1768.0,0.0,0.0,0.0017542670341299527,0.0,0.0,0.0,0.0,0.0017542670341299527,0.0,0.0,0.0,0.0,0.0,,,,,,,
-0.0009129310492426157,imappo,8.893762242223602e-07,0.5385586619377136,0.0004691230410136712,1769.0,,,,,,,,,,,,,,0.264054684894965,,,,,0.026146331802010536,4.4079952203901485e-05
,imappo,,,,1769.0,0.0,0.0,0.0022039978942984817,0.0,0.0,0.0,0.0,0.0022039978942984817,0.0,0.0,0.0,0.0,0.0,,,,,,,
0.003050075378268957,imappo,8.36561980577244e-07,0.3095410168170929,0.0004688229409803269,1770.0,,,,,,,,,,,,,,0.2639213071023675,,,,,0.020033450797200203,3.906768324668519e-05
,imappo,,,,1770.0,0.0,0.0,0.00195338411378998,0.0,0.0,0.0,0.0,0.00195338411378998,0.0,0.0,0.0,0.0,0.0,,,,,,,
-0.018680475652217865,imappo,8.433033258370415e-07,0.2908046841621399,0.0004685228409469824,1771.0,,,,,,,,,,,,,,0.2637879293097699,,,,,0.017372045665979385,4.0829196223057806e-05
,imappo,,,,1771.0,0.0,0.0,0.002041459672170731,0.0,0.0,0.0,0.0,0.002041459672170731,0.0,0.0,0.0,0.0,0.0,,,,,,,
-0.0028269258327782154,imappo,1.2582429462781874e-06,0.5494595170021057,0.00046822274091363786,1772.0,,,,,,,,,,,,,,0.2636545515171724,,,,,0.022589564323425293,4.804062700713985e-05
,imappo,,,,1772.0,0.0,0.0,0.002402031063127197,0.0,0.0,0.0,0.0,0.002402031063127197,0.0,0.0,0.0,0.0,0.0,,,,,,,
-0.0027287015691399574,imappo,5.019872446609952e-07,0.25921139121055603,0.00046792264088029345,1773.0,,,,,,,,,,,,,,0.26352117372457484,,,,,0.016164878383278847,3.289871528977528e-05
,imappo,,,,1773.0,0.0,0.0,0.001644935687806992,0.0,0.0,0.0,0.0,0.001644935687806992,0.0,0.0,0.0,0.0,0.0,,,,,,,
-0.005981034133583307,imappo,2.734915085511602e-07,0.03134632483124733,0.00046762254084694904,1774.0,,,,,,,,,,,,,,0.26338779593197736,,,,,0.02674088440835476,4.71162456960883e-05
,imappo,,,,1774.0,0.0,0.0,0.0023558123369866735,0.0,0.0,0.0,0.0,0.0023558123369866735,0.0,0.0,0.0,0.0,0.0,,,,,,,
-0.008018605411052704,imappo,2.0812389323054958e-07,0.14412425458431244,0.0004673224408136045,1775.0,,,,,,,,,,,,,,0.2632544181393798,,,,,0.03686089813709259,5.8677651395555586e-05
,imappo,,,,1775.0,0.0,0.0,0.0029338824280102926,0.0,0.0,0.0,0.0,0.0029338824280102926,0.0,0.0,0.0,0.0,0.0,,,,,,,
-0.0021645454689860344,imappo,2.1407836925391166e-07,0.05688546597957611,0.0004670223407802601,1776.0,,,,,,,,,,,,,,0.26312104034678224,,,,,0.02627900429069996,5.915995279792696e-05
,imappo,,,,1776.0,0.0,0.0,0.002957997724308825,0.0,0.0,0.0,0.0,0.002957997724308825,0.0,0.0,0.0,0.0,0.0,,,,,,,
-0.0018263369565829635,imappo,1.6773435618233634e-07,-0.14891591668128967,0.0004667222407469156,1777.0,,,,,,,,,,,,,,0.2629876625541847,,,,,0.032598014920949936,3.8952570321271196e-05
,imappo,,,,1777.0,0.0,0.0,0.001947628425568837,0.0,0.0,0.0,0.0,0.001947628425568837,0.0,0.0,0.0,0.0,0.0,,,,,,,
-0.0007717227563261986,imappo,1.6252099044322676e-07,0.1992911398410797,0.0004664221407135713,1778.0,,,,,,,,,,,,,,0.26285428476158723,,,,,0.030469149351119995,4.973412069375627e-05
,imappo,,,,1778.0,0.0,0.0,0.0024867060798783314,0.0,0.0,0.0,0.0,0.0024867060798783314,0.0,0.0,0.0,0.0,0.0,,,,,,,
-0.005719389766454697,imappo,1.8409816959774616e-07,-0.5152447819709778,0.0004661220406802268,1779.0,,,,,,,,,,,,,,0.26272090696898964,,,,,0.027485918253660202,6.158519681775942e-05
,imappo,,,,1779.0,0.0,0.0,0.003079260056892963,0.0,0.0,0.0,0.0,0.003079260056892963,0.0,0.0,0.0,0.0,0.0,,,,,,,
0.0021157425362616777,imappo,3.0696136832375487e-07,-0.11152371764183044,0.00046582194064688227,1780.0,,,,,,,,,,,,,,0.2625875291763921,,,,,0.025540469214320183,4.489430284593254e-05
,imappo,,,,1780.0,0.0,0.0,0.002244714976313844,0.0,0.0,0.0,0.0,0.002244714976313844,0.0,0.0,0.0,0.0,0.0,,,,,,,
-0.005835636518895626,imappo,3.503959078443586e-07,0.4213493764400482,0.00046552184061353786,1781.0,,,,,,,,,,,,,,0.2624541513837946,,,,,0.026112118735909462,4.4905209506396204e-05
,imappo,,,,1781.0,0.0,0.0,0.0022452605039688933,0.0,0.0,0.0,0.0,0.0022452605039688933,0.0,0.0,0.0,0.0,0.0,,,,,,,
-0.012145343236625195,imappo,7.985212846506329e-08,-0.1831183135509491,0.00046522174058019345,1782.0,,,,,,,,,,,,,,0.2623207735911971,,,,,0.025092069059610367,5.084577060188167e-05
,imappo,,,,1782.0,0.0,0.0,0.0025422885270245388,0.0,0.0,0.0,0.0,0.0025422885270245388,0.0,0.0,0.0,0.0,0.0,,,,,,,
-0.00529232993721962,imappo,1.1551544787380408e-07,-0.049687936902046204,0.00046492164054684894,1783.0,,,,,,,,,,,,,,0.2621873957985995,,,,,0.026719827204942703,4.1041024815058336e-05
,imappo,,,,1783.0,0.0,0.0,0.0020520512557595794,0.0,0.0,0.0,0.0,0.0020520512557595794,0.0,0.0,0.0,0.0,0.0,,,,,,,
-0.004365341737866402,imappo,1.4846597196083167e-07,0.25514841079711914,0.00046462154051350453,1784.0,,,,,,,,,,,,,,0.262054018006002,,,,,0.028127850964665413,4.1011804569279775e-05
,imappo,,,,1784.0,0.0,0.0,0.002050590155363352,0.0,0.0,0.0,0.0,0.002050590155363352,0.0,0.0,0.0,0.0,0.0,,,,,,,
-0.010213869623839855,imappo,1.5359532312686497e-07,0.010025194846093655,0.0004643214404801601,1785.0,,,,,,,,,,,,,,0.26192064021340444,,,,,0.028386780992150307,5.128861084813252e-05
,imappo,,,,1785.0,0.0,0.0,0.002564430487836944,0.0,0.0,0.0,0.0,0.002564430487836944,0.0,0.0,0.0,0.0,0.0,,,,,,,
-0.00833625067025423,imappo,2.4834426426423306e-07,0.20434463024139404,0.0004640213404468156,1786.0,,,,,,,,,,,,,,0.26178726242080697,,,,,0.022465839982032776,2.3436256014974788e-05
,imappo,,,,1786.0,0.0,0.0,0.0011718128398570116,0.0,0.0,0.0,0.0,0.0011718128398570116,0.0,0.0,0.0,0.0,0.0,,,,,,,
-0.001411699689924717,imappo,9.141880497054444e-08,0.45574116706848145,0.0004637212404134712,1787.0,,,,,,,,,,,,,,0.2616538846282094,,,,,0.023791233077645302,4.2662057239795104e-05
,imappo,,,,1787.0,0.0,0.0,0.0021331029130351453,0.0,0.0,0.0,0.0,0.0021331029130351453,0.0,0.0,0.0,0.0,0.0,,,,,,,
-0.009419292211532593,imappo,4.027322475508299e-08,-0.12763088941574097,0.0004634211403801267,1788.0,,,,,,,,,,,,,,0.26152050683561184,,,,,0.024887599050998688,5.1547252951422706e-05
,imappo,,,,1788.0,0.0,0.0,0.002577362836291286,0.0,0.0,0.0,0.0,0.002577362836291286,0.0,0.0,0.0,0.0,0.0,,,,,,,
-0.007767882663756609,imappo,7.938056256762138e-08,0.006614388432353735,0.0004631210403467824,1789.0,,,,,,,,,,,,,,0.2613871290430143,,,,,0.0247783400118351,4.3440704757813364e-05
,imappo,,,,1789.0,0.0,0.0,0.0021720351919611858,0.0,0.0,0.0,0.0,0.0021720351919611858,0.0,0.0,0.0,0.0,0.0,,,,,,,
-0.002497615059837699,imappo,2.2608197980389377e-07,-0.2179066687822342,0.00046282094031343786,1790.0,,,,,,,,,,,,,,0.26125375125041683,,,,,0.01696230098605156,9.567013330524787e-05
,imappo,,,,1790.0,0.0,0.0,0.004783506361832224,0.0,0.0,0.0,0.0,0.004783506361832224,0.0,0.0,0.0,0.0,0.0,,,,,,,
0.005322304088622332,imappo,4.353908593657252e-07,-0.16201655566692352,0.00046252084028009335,1791.0,,,,,,,,,,,,,,0.26112037345781924,,,,,0.026378288865089417,4.46403500973247e-05
,imappo,,,,1791.0,0.0,0.0,0.002232017541757614,0.0,0.0,0.0,0.0,0.002232017541757614,0.0,0.0,0.0,0.0,0.0,,,,,,,
0.005933700129389763,imappo,5.749473075411515e-07,-0.37038055062294006,0.00046222074024674894,1792.0,,,,,,,,,,,,,,0.2609869956652217,,,,,0.022604811936616898,6.053849574527703e-05
,imappo,,,,1792.0,0.0,0.0,0.00302692461902776,0.0,0.0,0.0,0.0,0.00302692461902776,0.0,0.0,0.0,0.0,0.0,,,,,,,
0.020607097074389458,imappo,7.02707609434583e-07,-0.28861719369888306,0.00046192064021340453,1793.0,,,,,,,,,,,,,,0.2608536178726242,,,,,0.025856807827949524,5.901286203879863e-05
,imappo,,,,1793.0,0.0,0.0,0.0029506431019399315,0.0,0.0,0.0,0.0,0.0029506431019399315,0.0,0.0,0.0,0.0,0.0,,,,,,,
-0.003075486281886697,imappo,2.2298496560324566e-07,0.006792518310248852,0.00046162054018006,1794.0,,,,,,,,,,,,,,0.2607202400800267,,,,,0.02527281641960144,4.905311288894154e-05
,imappo,,,,1794.0,0.0,0.0,0.0024526555805550743,0.0,0.0,0.0,0.0,0.0024526555805550743,0.0,0.0,0.0,0.0,0.0,,,,,,,
-0.007042670622467995,imappo,6.942780146346195e-07,0.14322778582572937,0.0004613204401467156,1795.0,,,,,,,,,,,,,,0.2605868622874291,,,,,0.032857585698366165,4.7616249503334984e-05
,imappo,,,,1795.0,0.0,0.0,0.0023808124544189013,0.0,0.0,0.0,0.0,0.0023808124544189013,0.0,0.0,0.0,0.0,0.0,,,,,,,
-0.005433132406324148,imappo,3.7785761719533184e-07,0.03528190031647682,0.0004610203401133711,1796.0,,,,,,,,,,,,,,0.2604534844948316,,,,,0.022796589881181717,5.1232902478659526e-05
,imappo,,,,1796.0,0.0,0.0,0.0025616450416237058,0.0,0.0,0.0,0.0,0.0025616450416237058,0.0,0.0,0.0,0.0,0.0,,,,,,,
-0.004781622439622879,imappo,3.949632514377299e-07,0.09517927467823029,0.0004607202400800268,1797.0,,,,,,,,,,,,,,0.26032010670223404,,,,,0.024980813264846802,3.817037577391602e-05
,imappo,,,,1797.0,0.0,0.0,0.0019085185891754008,0.0,0.0,0.0,0.0,0.0019085185891754008,0.0,0.0,0.0,0.0,0.0,,,,,,,
0.00030114263063296676,imappo,2.0644561971039366e-07,0.09441711008548737,0.00046042014004668227,1798.0,,,,,,,,,,,,,,0.26018672890963657,,,,,0.028057027608156204,4.625458677764982e-05
,imappo,,,,1798.0,0.0,0.0,0.002312729320692597,0.0,0.0,0.0,0.0,0.002312729320692597,0.0,0.0,0.0,0.0,0.0,,,,,,,
-0.006002089008688927,imappo,4.406863070016698e-07,0.12570294737815857,0.00046012004001333776,1799.0,,,,,,,,,,,,,,0.260053351117039,,,,,0.022579342126846313,3.6619418096961454e-05
,imappo,,,,1799.0,0.0,0.0,0.0018309710148400882,0.0,0.0,0.0,0.0,0.0018309710148400882,0.0,0.0,0.0,0.0,0.0,,,,,,,
,imappo,,,,1799.0,,,,,,,,,,,,,,,0.0,0.0,0.0,0.0,,
-0.008420789614319801,imappo,1.1875255268023466e-06,0.2719673216342926,0.00045981993997999346,1800.0,,,,,,,,,,,,,,0.2599199733244415,,,,,0.02630888856947422,3.6373265174916014e-05
,imappo,,,,1800.0,0.0,0.0,0.001818663307631141,0.0,0.0,0.0,0.0,0.001818663307631141,0.0,0.0,0.0,0.0,0.0,,,,,,,
-0.002975394716486335,imappo,5.769583708570281e-07,-0.3197440505027771,0.00045951983994664894,1801.0,,,,,,,,,,,,,,0.2597865955318439,,,,,0.02391633577644825,5.6172910262830555e-05
,imappo,,,,1801.0,0.0,0.0,0.0028086454691447216,0.0,0.0,0.0,0.0,0.0028086454691447216,0.0,0.0,0.0,0.0,0.0,,,,,,,
-0.004426657687872648,imappo,3.7953213904984295e-07,-0.14654675126075745,0.0004592197399133044,1802.0,,,,,,,,,,,,,,0.25965321773924643,,,,,0.030196918174624443,4.118230572203174e-05
,imappo,,,,1802.0,0.0,0.0,0.002059115569977621,0.0,0.0,0.0,0.0,0.002059115569977621,0.0,0.0,0.0,0.0,0.0,,,,,,,
-0.003253369126468897,imappo,1.3424819655938336e-07,-0.19225458800792694,0.00045891963987996,1803.0,,,,,,,,,,,,,,0.25951983994664884,,,,,0.026489419862627983,4.713908856501803e-05
,imappo,,,,1803.0,0.0,0.0,0.0023569546098087812,0.0,0.0,0.0,0.0,0.0023569546098087812,0.0,0.0,0.0,0.0,0.0,,,,,,,
-0.006267068441957235,imappo,9.727314420615585e-08,-0.28638240694999695,0.0004586195398466156,1804.0,,,,,,,,,,,,,,0.25938646215405137,,,,,0.02551926299929619,4.2256488086422905e-05
,imappo,,,,1804.0,0.0,0.0,0.0021128245907249266,0.0,0.0,0.0,0.0,0.0021128245907249266,0.0,0.0,0.0,0.0,0.0,,,,,,,
0.00571066839620471,imappo,1.0033944164433706e-07,0.10980066657066345,0.0004583194398132711,1805.0,,,,,,,,,,,,,,0.2592530843614538,,,,,0.028106343001127243,3.892590029863641e-05
,imappo,,,,1805.0,0.0,0.0,0.001946295022889899,0.0,0.0,0.0,0.0,0.001946295022889899,0.0,0.0,0.0,0.0,0.0,,,,,,,
0.0012575275031849742,imappo,3.8337668684107484e-07,-0.21583394706249237,0.0004580193397799267,1806.0,,,,,,,,,,,,,,0.2591197065688563,,,,,0.02458271011710167,4.63561991637107e-05
,imappo,,,,1806.0,0.0,0.0,0.0023178100259997336,0.0,0.0,0.0,0.0,0.0023178100259997336,0.0,0.0,0.0,0.0,0.0,,,,,,,
-0.007762949448078871,imappo,4.1269618122896645e-07,0.06909580528736115,0.00045771923974658216,1807.0,,,,,,,,,,,,,,0.2589863287762587,,,,,0.030895153060555458,4.3384014134062454e-05
,imappo,,,,1807.0,0.0,0.0,0.002169200592618381,0.0,0.0,0.0,0.0,0.002169200592618381,0.0,0.0,0.0,0.0,0.0,,,,,,,
-0.006143235135823488,imappo,3.207784402547986e-07,-0.07840003073215485,0.00045741913971323787,1808.0,,,,,,,,,,,,,,0.25885295098366123,,,,,0.02689441852271557,3.5855155147146434e-05
,imappo,,,,1808.0,0.0,0.0,0.001792757812893342,0.0,0.0,0.0,0.0,0.001792757812893342,0.0,0.0,0.0,0.0,0.0,,,,,,,
-0.008136830292642117,imappo,5.096242716717825e-07,0.43897318840026855,0.00045711903967989335,1809.0,,,,,,,,,,,,,,0.25871957319106365,,,,,0.023028336465358734,5.921194679103792e-05
,imappo,,,,1809.0,0.0,0.0,0.002960597252467778,0.0,0.0,0.0,0.0,0.002960597252467778,0.0,0.0,0.0,0.0,0.0,,,,,,,
-0.0024317288771271706,imappo,1.9109401705463824e-07,-0.3072224259376526,0.00045681893964654883,1810.0,,,,,,,,,,,,,,0.25858619539846617,,,,,0.022974371910095215,4.497100962908007e-05
,imappo,,,,1810.0,0.0,0.0,0.002248550493185064,0.0,0.0,0.0,0.0,0.002248550493185064,0.0,0.0,0.0,0.0,0.0,,,,,,,
0.001319546834565699,imappo,2.1758249602044089e-07,0.3195388913154602,0.0004565188396132044,1811.0,,,,,,,,,,,,,,0.2584528176058686,,,,,0.024466918781399727,4.8007917939685285e-05
,imappo,,,,1811.0,0.0,0.0,0.0024003958002367654,0.0,0.0,0.0,0.0,0.0024003958002367654,0.0,0.0,0.0,0.0,0.0,,,,,,,
-0.0033415104262530804,imappo,8.548019536647189e-08,-0.1504395455121994,0.00045621873957986,1812.0,,,,,,,,,,,,,,0.2583194398132711,,,,,0.02435186132788658,4.622582491720095e-05
,imappo,,,,1812.0,0.0,0.0,0.002311291307137253,0.0,0.0,0.0,0.0,0.002311291307137253,0.0,0.0,0.0,0.0,0.0,,,,,,,
-0.009598024189472198,imappo,1.1210966732733141e-07,-0.18954585492610931,0.0004559186395465155,1813.0,,,,,,,,,,,,,,0.2581860620206735,,,,,0.029875513166189194,3.882991222781129e-05
,imappo,,,,1813.0,0.0,0.0,0.001941495646264002,0.0,0.0,0.0,0.0,0.001941495646264002,0.0,0.0,0.0,0.0,0.0,,,,,,,
0.010636135935783386,imappo,7.485729724976409e-08,-0.4013294577598572,0.0004556185395131711,1814.0,,,,,,,,,,,,,,0.25805268422807603,,,,,0.02390514314174652,6.214508175617084e-05
,imappo,,,,1814.0,0.0,0.0,0.0031072540076451105,0.0,0.0,0.0,0.0,0.0031072540076451105,0.0,0.0,0.0,0.0,0.0,,,,,,,
-0.004731384105980396,imappo,1.1887398443377606e-07,0.030368193984031677,0.0004553184394798267,1815.0,,,,,,,,,,,,,,0.2579193064354785,,,,,0.02717333659529686,4.869604526902549e-05
,imappo,,,,1815.0,0.0,0.0,0.002434802316031437,0.0,0.0,0.0,0.0,0.002434802316031437,0.0,0.0,0.0,0.0,0.0,,,,,,,
-0.00621013343334198,imappo,3.788388625025618e-08,-0.2600702941417694,0.00045501833944648217,1816.0,,,,,,,,,,,,,,0.25778592864288097,,,,,0.02378690615296364,5.308439358486794e-05
,imappo,,,,1816.0,0.0,0.0,0.0026542197817889246,0.0,0.0,0.0,0.0,0.0026542197817889246,0.0,0.0,0.0,0.0,0.0,,,,,,,
-0.005722824018448591,imappo,7.669080304140152e-08,0.09492181986570358,0.00045471823941313776,1817.0,,,,,,,,,,,,,,0.2576525508502834,,,,,0.026896653696894646,4.6508899686159566e-05
,imappo,,,,1817.0,0.0,0.0,0.002325444820087341,0.0,0.0,0.0,0.0,0.002325444820087341,0.0,0.0,0.0,0.0,0.0,,,,,,,
-0.006479539442807436,imappo,1.0153741669682859e-07,0.30999383330345154,0.00045441813937979324,1818.0,,,,,,,,,,,,,,0.2575191730576859,,,,,0.02358037605881691,4.703812373918481e-05
,imappo,,,,1818.0,0.0,0.0,0.0023519063918033822,0.0,0.0,0.0,0.0,0.0023519063918033822,0.0,0.0,0.0,0.0,0.0,,,,,,,
-0.0022947064135223627,imappo,0.004002735950052738,0.06429114937782288,0.00045411803934644894,1819.0,,,,,,,,,,,,,,0.25738579526508837,,,,,0.018757253885269165,0.00672307051718235
,imappo,,,,1819.0,0.0,0.0,0.33615354120104257,0.0,0.0,0.0,0.3333333432674408,0.0028201847968603033,0.0,0.0,0.0,0.0,0.0,,,,,,,
-0.00833145808428526,imappo,0.00043220826773904264,-0.17622192203998566,0.0004538179393131044,1820.0,,,,,,,,,,,,,,0.25725241747249084,,,,,0.02711617201566696,3.6827317671850324e-05
,imappo,,,,1820.0,0.0,0.0,0.001841365930360439,0.0,0.0,0.0,0.0,0.001841365930360439,0.0,0.0,0.0,0.0,0.0,,,,,,,
-0.0033983218017965555,imappo,0.0035085626877844334,0.07906042784452438,0.0004535178392797599,1821.0,,,,,,,,,,,,,,0.25711903967989325,,,,,0.016705667600035667,0.006723236292600632
,imappo,,,,1821.0,0.0,0.0,0.33616180329556755,0.0,0.0,0.0,0.3333333432674408,0.0028284368178219665,0.0,0.0,0.0,0.0,0.0,,,,,,,
-0.0137943085283041,imappo,0.0005199447041377425,-0.22900833189487457,0.0004532177392464155,1822.0,,,,,,,,,,,,,,0.25698566188729577,,,,,0.02944432571530342,3.310254396637902e-05
,imappo,,,,1822.0,0.0,0.0,0.0016551271221487696,0.0,0.0,0.0,0.0,0.0016551271221487696,0.0,0.0,0.0,0.0,0.0,,,,,,,
-0.004937180317938328,imappo,0.00032224971801042557,-0.5239942073822021,0.0004529176392130711,1823.0,,,,,,,,,,,,,,0.25685228409469824,,,,,0.025246577337384224,5.309913831297308e-05
,imappo,,,,1823.0,0.0,0.0,0.0026549570135330214,0.0,0.0,0.0,0.0,0.0026549570135330214,0.0,0.0,0.0,0.0,0.0,,,,,,,
-0.0014639348955824971,imappo,7.231286144815385e-05,-0.4346916675567627,0.0004526175391797266,1824.0,,,,,,,,,,,,,,0.2567189063021007,,,,,0.022179722785949707,6.290982128120959e-05
,imappo,,,,1824.0,0.0,0.0,0.0031454912762001186,0.0,0.0,0.0,0.0,0.0031454912762001186,0.0,0.0,0.0,0.0,0.0,,,,,,,
-0.008449259214103222,imappo,2.5773169909371063e-05,0.06897854804992676,0.00045231743914638217,1825.0,,,,,,,,,,,,,,0.2565855285095031,,,,,0.030595626682043076,3.566256782505661e-05
,imappo,,,,1825.0,0.0,0.0,0.0017831283705618262,0.0,0.0,0.0,0.0,0.0017831283705618262,0.0,0.0,0.0,0.0,0.0,,,,,,,
-0.0048126401379704475,imappo,2.1238789486233145e-05,0.027457058429718018,0.00045201733911303765,1826.0,,,,,,,,,,,,,,0.25645215071690564,,,,,0.026265688240528107,3.308094528620131e-05
,imappo,,,,1826.0,0.0,0.0,0.0016540473382065102,0.0,0.0,0.0,0.0,0.0016540473382065102,0.0,0.0,0.0,0.0,0.0,,,,,,,
-0.006334961857646704,imappo,1.0377107173553668e-05,-0.2694571316242218,0.00045171723907969324,1827.0,,,,,,,,,,,,,,0.2563187729243081,,,,,0.02889513596892357,4.8813672037795186e-05
,imappo,,,,1827.0,0.0,0.0,0.0024406834909314057,0.0,0.0,0.0,0.0,0.0024406834909314057,0.0,0.0,0.0,0.0,0.0,,,,,,,
0.0031863332260400057,imappo,8.487245395372156e-06,-0.5374829173088074,0.00045141713904634883,1828.0,,,,,,,,,,,,,,0.25618539513171057,,,,,0.020359285175800323,6.313013000180945e-05
,imappo,,,,1828.0,0.0,0.0,0.0031565066087750893,0.0,0.0,0.0,0.0,0.0031565066087750893,0.0,0.0,0.0,0.0,0.0,,,,,,,
-0.003926953766494989,imappo,1.4541597010975238e-05,0.02177327871322632,0.0004511170390130043,1829.0,,,,,,,,,,,,,,0.256052017339113,,,,,0.02482086792588234,4.263546361471526e-05
,imappo,,,,1829.0,0.0,0.0,0.0021317730860346273,0.0,0.0,0.0,0.0,0.0021317730860346273,0.0,0.0,0.0,0.0,0.0,,,,,,,
0.001770141301676631,imappo,9.525233508611564e-06,-0.42703622579574585,0.00045081693897966,1830.0,,,,,,,,,,,,,,0.2559186395465155,,,,,0.024825241416692734,5.220809907768853e-05
,imappo,,,,1830.0,0.0,0.0,0.0026104049222794856,0.0,0.0,0.0,0.0,0.0026104049222794856,0.0,0.0,0.0,0.0,0.0,,,,,,,
0.000577228725887835,imappo,1.0713151823438238e-05,-0.3376188576221466,0.0004505168389463155,1831.0,,,,,,,,,,,,,,0.25578526175391797,,,,,0.03721429035067558,4.4727530621457845e-05
,imappo,,,,1831.0,0.0,0.0,0.0022363765442605654,0.0,0.0,0.0,0.0,0.0022363765442605654,0.0,0.0,0.0,0.0,0.0,,,,,,,
0.006867445074021816,imappo,1.7942869817488827e-05,-0.6790695190429688,0.000450216738912971,1832.0,,,,,,,,,,,,,,0.25565188396132044,,,,,0.024581439793109894,5.9677058743545786e-05
,imappo,,,,1832.0,0.0,0.0,0.002983853019941307,0.0,0.0,0.0,0.0,0.002983853019941307,0.0,0.0,0.0,0.0,0.0,,,,,,,
-0.011910549364984035,imappo,1.4223493963072542e-05,-0.6570058465003967,0.0004499166388796266,1833.0,,,,,,,,,,,,,,0.25551850616872285,,,,,0.02386273629963398,5.734363730880432e-05
,imappo,,,,1833.0,0.0,0.0,0.0028671816055165777,0.0,0.0,0.0,0.0,0.0028671816055165777,0.0,0.0,0.0,0.0,0.0,,,,,,,
-0.0028237903025001287,imappo,3.5815639876091154e-06,-0.27354827523231506,0.00044961653884628217,1834.0,,,,,,,,,,,,,,0.25538512837612537,,,,,0.035220783203840256,4.551495294435881e-05
,imappo,,,,1834.0,0.0,0.0,0.002275747971907549,0.0,0.0,0.0,0.0,0.002275747971907549,0.0,0.0,0.0,0.0,0.0,,,,,,,
0.001314591965638101,imappo,2.821075895553804e-06,-0.5593451261520386,0.00044931643881293765,1835.0,,,,,,,,,,,,,,0.25525175058352784,,,,,0.02169935405254364,5.63760258955881e-05
,imappo,,,,1835.0,0.0,0.0,0.00281880086340891,0.0,0.0,0.0,0.0,0.00281880086340891,0.0,0.0,0.0,0.0,0.0,,,,,,,
-0.007136181928217411,imappo,2.0885143385385163e-05,0.37179532647132874,0.00044901633877959324,1836.0,,,,,,,,,,,,,,0.2551183727909303,,,,,0.023673981428146362,4.012254430563189e-05
,imappo,,,,1836.0,0.0,0.0,0.002006127189019935,0.0,0.0,0.0,0.0,0.002006127189019935,0.0,0.0,0.0,0.0,0.0,,,,,,,
-0.0006090264650993049,imappo,0.0016238969983533025,0.06157583370804787,0.00044871623874624873,1837.0,,,,,,,,,,,,,,0.2549849949983327,,,,,0.016789279878139496,0.006729399785399437
,imappo,,,,1837.0,0.0,0.0,0.33647002399328585,0.0,0.0,0.0,0.3333333432674408,0.0031366826103180756,0.0,0.0,0.0,0.0,0.0,,,,,,,
-0.006010730285197496,imappo,0.0007853007409721613,0.09985671192407608,0.0004484161387129043,1838.0,,,,,,,,,,,,,,0.25485161720573524,,,,,0.022685403004288673,3.806452878052369e-05
,imappo,,,,1838.0,0.0,0.0,0.0019032264124803078,0.0,0.0,0.0,0.0,0.0019032264124803078,0.0,0.0,0.0,0.0,0.0,,,,,,,
-0.006590195000171661,imappo,0.0005084181320853531,-0.2586451470851898,0.0004481160386795599,1839.0,,,,,,,,,,,,,,0.2547182394131377,,,,,0.026128191500902176,4.445465310709551e-05
,imappo,,,,1839.0,0.0,0.0,0.002222732581344644,0.0,0.0,0.0,0.0,0.002222732581344644,0.0,0.0,0.0,0.0,0.0,,,,,,,
-0.0025348751805722713,imappo,0.0001313498942181468,-0.2699582576751709,0.0004478159386462154,1840.0,,,,,,,,,,,,,,0.25458486162054017,,,,,0.020044133067131042,7.060260395519435e-05
,imappo,,,,1840.0,0.0,0.0,0.0035301299010939147,0.0,0.0,0.0,0.0,0.0035301299010939147,0.0,0.0,0.0,0.0,0.0,,,,,,,
-0.0017257551662623882,imappo,0.0005947655881755054,-0.49559396505355835,0.000447515838612871,1841.0,,,,,,,,,,,,,,0.2544514838279426,,,,,0.019273411482572556,6.0172966186655685e-05
,imappo,,,,1841.0,0.0,0.0,0.0030086484692333215,0.0,0.0,0.0,0.0,0.0030086484692333215,0.0,0.0,0.0,0.0,0.0,,,,,,,
0.0026018256321549416,imappo,0.00010539511276874691,0.05246876925230026,0.0004472157385795266,1842.0,,,,,,,,,,,,,,0.2543181060353451,,,,,0.028499584645032883,4.697751137427986e-05
,imappo,,,,1842.0,0.0,0.0,0.0023488758715757285,0.0,0.0,0.0,0.0,0.0023488758715757285,0.0,0.0,0.0,0.0,0.0,,,,,,,
-0.0175686813890934,imappo,5.280882032820955e-05,0.047373127192258835,0.00044691563854618206,1843.0,,,,,,,,,,,,,,0.25418472824274757,,,,,0.027813658118247986,4.384591738926247e-05
,imappo,,,,1843.0,0.0,0.0,0.002192295836721314,0.0,0.0,0.0,0.0,0.002192295836721314,0.0,0.0,0.0,0.0,0.0,,,,,,,
-0.00813298486173153,imappo,5.196207348490134e-05,-0.28089746832847595,0.00044661553851283765,1844.0,,,,,,,,,,,,,,0.25405135045015004,,,,,0.030572041869163513,3.7972942664055154e-05
,imappo,,,,1844.0,0.0,0.0,0.0018986470151958201,0.0,0.0,0.0,0.0,0.0018986470151958201,0.0,0.0,0.0,0.0,0.0,,,,,,,
-0.0053205909207463264,imappo,0.00015070462541189045,0.32301637530326843,0.00044631543847949325,1845.0,,,,,,,,,,,,,,0.25391797265755256,,,,,0.022611171007156372,5.076936577097513e-05
,imappo,,,,1845.0,0.0,0.0,0.0025384685133076346,0.0,0.0,0.0,0.0,0.0025384685133076346,0.0,0.0,0.0,0.0,0.0,,,,,,,
-0.002651117742061615,imappo,0.00010436739830765873,0.10261095315217972,0.00044601533844614873,1846.0,,,,,,,,,,,,,,0.25378459486495497,,,,,0.02602451667189598,4.034766971017234e-05
,imappo,,,,1846.0,0.0,0.0,0.002017383439920195,0.0,0.0,0.0,0.0,0.002017383439920195,0.0,0.0,0.0,0.0,0.0,,,,,,,
-0.007607040461152792,imappo,8.716880256542936e-05,-0.1706872135400772,0.0004457152384128043,1847.0,,,,,,,,,,,,,,0.25365121707235744,,,,,0.031694911420345306,3.36940647684969e-05
,imappo,,,,1847.0,0.0,0.0,0.0016847032295572717,0.0,0.0,0.0,0.0,0.0016847032295572717,0.0,0.0,0.0,0.0,0.0,,,,,,,
-0.007100239396095276,imappo,4.2549287172732875e-05,-0.03426988422870636,0.0004454151383794598,1848.0,,,,,,,,,,,,,,0.2535178392797599,,,,,0.027406852692365646,4.2934865632560104e-05
,imappo,,,,1848.0,0.0,0.0,0.002146743519233496,0.0,0.0,0.0,0.0,0.002146743519233496,0.0,0.0,0.0,0.0,0.0,,,,,,,
0.005022646859288216,imappo,0.00011490010365378112,-0.30978846549987793,0.0004451150383461154,1849.0,,,,,,,,,,,,,,0.2533844614871624,,,,,0.025275953114032745,3.2623236620565876e-05
,imappo,,,,1849.0,0.0,0.0,0.001631161826708194,0.0,0.0,0.0,0.0,0.001631161826708194,0.0,0.0,0.0,0.0,0.0,,,,,,,
0.003938318230211735,imappo,2.4194871002691798e-05,-0.25296610593795776,0.000444814938312771,1850.0,,,,,,,,,,,,,,0.25325108369456484,,,,,0.029087480157613754,3.678080975078046e-05
,imappo,,,,1850.0,0.0,0.0,0.0018390404087540446,0.0,0.0,0.0,0.0,0.0018390404087540446,0.0,0.0,0.0,0.0,0.0,,,,,,,
-0.007040013559162617,imappo,5.0248392653884366e-05,-0.1415453404188156,0.00044451483827942647,1851.0,,,,,,,,,,,,,,0.2531177059019673,,,,,0.02708713337779045,3.182145155733451e-05
,imappo,,,,1851.0,0.0,0.0,0.0015910726808883169,0.0,0.0,0.0,0.0,0.0015910726808883169,0.0,0.0,0.0,0.0,0.0,,,,,,,
-0.00285936682485044,imappo,4.9609057896304876e-05,0.06446385383605957,0.00044421473824608206,1852.0,,,,,,,,,,,,,,0.25298432810936977,,,,,0.027484871447086334,4.3821491999551654e-05
,imappo,,,,1852.0,0.0,0.0,0.002191074553593353,0.0,0.0,0.0,0.0,0.002191074553593353,0.0,0.0,0.0,0.0,0.0,,,,,,,
-0.0056584845297038555,imappo,0.0001631921186344698,0.06960449367761612,0.00044391463821273766,1853.0,,,,,,,,,,,,,,0.2528509503167723,,,,,0.02161523699760437,4.6234014007495716e-05
,imappo,,,,1853.0,0.0,0.0,0.002311700741529421,0.0,0.0,0.0,0.0,0.002311700741529421,0.0,0.0,0.0,0.0,0.0,,,,,,,
-0.010120347142219543,imappo,6.173675501486287e-05,-0.36203888058662415,0.00044361453817939314,1854.0,,,,,,,,,,,,,,0.2527175725241747,,,,,0.02381765842437744,4.911883661407046e-05
,imappo,,,,1854.0,0.0,0.0,0.002455941963717123,0.0,0.0,0.0,0.0,0.002455941963717123,0.0,0.0,0.0,0.0,0.0,,,,,,,
-0.0011819584760814905,imappo,8.614562102593482e-05,-0.2642214894294739,0.00044331443814604873,1855.0,,,,,,,,,,,,,,0.25258419473157717,,,,,0.027630193158984184,3.8044356188038364e-05
,imappo,,,,1855.0,0.0,0.0,0.0019022177214651492,0.0,0.0,0.0,0.0,0.0019022177214651492,0.0,0.0,0.0,0.0,0.0,,,,,,,
-0.0053864168003201485,imappo,8.353938028449193e-05,-0.5748651623725891,0.0004430143381127042,1856.0,,,,,,,,,,,,,,0.25245081693897964,,,,,0.02512015774846077,5.5106993386289105e-05
,imappo,,,,1856.0,0.0,0.0,0.0027553495653904747,0.0,0.0,0.0,0.0,0.0027553495653904747,0.0,0.0,0.0,0.0,0.0,,,,,,,
-0.00037295371294021606,imappo,7.118956273188815e-05,-0.3012038767337799,0.0004427142380793598,1857.0,,,,,,,,,,,,,,0.25231743914638216,,,,,0.025384726002812386,4.573176192934625e-05
,imappo,,,,1857.0,0.0,0.0,0.002286587870344192,0.0,0.0,0.0,0.0,0.002286587870344192,0.0,0.0,0.0,0.0,0.0,,,,,,,
-0.006450519431382418,imappo,2.18312707147561e-05,0.313203364610672,0.0004424141380460154,1858.0,,,,,,,,,,,,,,0.25218406135378457,,,,,0.02312079444527626,5.0122616812586784e-05
,imappo,,,,1858.0,0.0,0.0,0.0025061309194143178,0.0,0.0,0.0,0.0,0.0025061309194143178,0.0,0.0,0.0,0.0,0.0,,,,,,,
-0.01068573072552681,imappo,9.274336480302736e-05,0.07153824716806412,0.0004421140380126709,1859.0,,,,,,,,,,,,,,0.25205068356118704,,,,,0.025088496506214142,3.678955908981152e-05
,imappo,,,,1859.0,0.0,0.0,0.001839477991552485,0.0,0.0,0.0,0.0,0.001839477991552485,0.0,0.0,0.0,0.0,0.0,,,,,,,
-0.008177617564797401,imappo,0.00010415572614874691,-0.5246665477752686,0.00044181393797932647,1860.0,,,,,,,,,,,,,,0.2519173057685895,,,,,0.022385507822036743,5.4611788073088974e-05
,imappo,,,,1860.0,0.0,0.0,0.002730589420366414,0.0,0.0,0.0,0.0,0.002730589420366414,0.0,0.0,0.0,0.0,0.0,,,,,,,
-0.007150390185415745,imappo,6.382789433700964e-05,-0.21234537661075592,0.00044151383794598206,1861.0,,,,,,,,,,,,,,0.25178392797599203,,,,,0.03534999489784241,4.2221752664772794e-05
,imappo,,,,1861.0,0.0,0.0,0.0021110874995429185,0.0,0.0,0.0,0.0,0.0021110874995429185,0.0,0.0,0.0,0.0,0.0,,,,,,,
0.0073675489984452724,imappo,7.088340498739854e-05,0.03862879425287247,0.00044121373791263755,1862.0,,,,,,,,,,,,,,0.25165055018339444,,,,,0.018667131662368774,5.558177872444503e-05
,imappo,,,,1862.0,0.0,0.0,0.0027790890239884902,0.0,0.0,0.0,0.0,0.0027790890239884902,0.0,0.0,0.0,0.0,0.0,,,,,,,
0.011167606338858604,imappo,3.0419292670558207e-05,0.09921320527791977,0.00044091363787929314,1863.0,,,,,,,,,,,,,,0.2515171723907969,,,,,0.024093829095363617,3.725884380401112e-05
,imappo,,,,1863.0,0.0,0.0,0.0018629421232674304,0.0,0.0,0.0,0.0,0.0018629421232674304,0.0,0.0,0.0,0.0,0.0,,,,,,,
-0.0011427997378632426,imappo,3.7815865653101355e-05,0.10583112388849258,0.00044061353784594873,1864.0,,,,,,,,,,,,,,0.2513837945981994,,,,,0.030602246522903442,4.1725379560375586e-05
,imappo,,,,1864.0,0.0,0.0,0.002086269043275024,0.0,0.0,0.0,0.0,0.002086269043275024,0.0,0.0,0.0,0.0,0.0,,,,,,,
0.001276002381928265,imappo,3.190811548847705e-05,-0.0940551608800888,0.0004403134378126042,1865.0,,,,,,,,,,,,,,0.2512504168056019,,,,,0.028817400336265564,3.9927548641571775e-05
,imappo,,,,1865.0,0.0,0.0,0.0019963774113875843,0.0,0.0,0.0,0.0,0.0019963774113875843,0.0,0.0,0.0,0.0,0.0,,,,,,,
-0.002258220687508583,imappo,1.2457499906304292e-05,0.054031625390052795,0.0004400133377792598,1866.0,,,,,,,,,,,,,,0.2511170390130043,,,,,0.027064070105552673,3.608277620514855e-05
,imappo,,,,1866.0,0.0,0.0,0.0018041389621430426,0.0,0.0,0.0,0.0,0.0018041389621430426,0.0,0.0,0.0,0.0,0.0,,,,,,,
-0.005322390701621771,imappo,7.643086973985191e-06,-0.09139266610145569,0.0004397132377459153,1867.0,,,,,,,,,,,,,,0.2509836612204068,,,,,0.029712233692407608,4.194390930933878e-05
,imappo,,,,1867.0,0.0,0.0,0.0020971954342030585,0.0,0.0,0.0,0.0,0.0020971954342030585,0.0,0.0,0.0,0.0,0.0,,,,,,,
-0.007128974422812462,imappo,1.1483763273645309e-06,0.018835121765732765,0.0004394131377125709,1868.0,,,,,,,,,,,,,,0.25085028342780924,,,,,0.027381345629692078,3.224905231036246e-05
,imappo,,,,1868.0,0.0,0.0,0.0016124524777296756,0.0,0.0,0.0,0.0,0.0016124524777296756,0.0,0.0,0.0,0.0,0.0,,,,,,,
-0.005992581602185965,imappo,8.163098641489341e-07,-0.06727207452058792,0.0004391130376792265,1869.0,,,,,,,,,,,,,,0.25071690563521176,,,,,0.02576105296611786,4.443621219252236e-05
,imappo,,,,1869.0,0.0,0.0,0.0022218103896989305,0.0,0.0,0.0,0.0,0.0022218103896989305,0.0,0.0,0.0,0.0,0.0,,,,,,,
-0.00804438441991806,imappo,4.210709448670968e-06,0.4150102436542511,0.00043881293764588196,1870.0,,,,,,,,,,,,,,0.2505835278426142,,,,,0.02614235132932663,2.40936078625964e-05
,imappo,,,,1870.0,0.0,0.0,0.0012046803881275991,0.0,0.0,0.0,0.0,0.0012046803881275991,0.0,0.0,0.0,0.0,0.0,,,,,,,
5.7783770898822695e-05,imappo,7.026390562714369e-07,0.102315254509449,0.00043851283761253755,1871.0,,,,,,,,,,,,,,0.25045015005001664,,,,,0.023880217224359512,4.908361006528139e-05
,imappo,,,,1871.0,0.0,0.0,0.0024541805476019363,0.0,0.0,0.0,0.0,0.0024541805476019363,0.0,0.0,0.0,0.0,0.0,,,,,,,
-0.009897821582853794,imappo,6.120220632510609e-07,0.3395005166530609,0.00043821273757919314,1872.0,,,,,,,,,,,,,,0.2503167722574191,,,,,0.026219837367534637,4.53062129963655e-05
,imappo,,,,1872.0,0.0,0.0,0.00226531046018863,0.0,0.0,0.0,0.0,0.00226531046018863,0.0,0.0,0.0,0.0,0.0,,,,,,,
-0.00803650263696909,imappo,5.614103883999633e-07,0.19712211191654205,0.0004379126375458486,1873.0,,,,,,,,,,,,,,0.25018339446482163,,,,,0.02437293529510498,5.221938408794813e-05
,imappo,,,,1873.0,0.0,0.0,0.002610969089801074,0.0,0.0,0.0,0.0,0.002610969089801074,0.0,0.0,0.0,0.0,0.0,,,,,,,
-0.006204771343618631,imappo,2.8704886290142895e-07,0.009848369285464287,0.0004376125375125042,1874.0,,,,,,,,,,,,,,0.25005001667222404,,,,,0.03050486370921135,4.757104397867806e-05
,imappo,,,,1874.0,0.0,0.0,0.002378552009375312,0.0,0.0,0.0,0.0,0.002378552009375312,0.0,0.0,0.0,0.0,0.0,,,,,,,
0.0008077647653408349,imappo,4.892905280939885e-07,0.24833561480045319,0.0004373124374791598,1875.0,,,,,,,,,,,,,,0.24991663887962656,,,,,0.026031803339719772,4.074999742442742e-05
,imappo,,,,1875.0,0.0,0.0,0.0020374998371153197,0.0,0.0,0.0,0.0,0.0020374998371153197,0.0,0.0,0.0,0.0,0.0,,,,,,,
0.001400608103722334,imappo,2.2663296306291159e-07,-0.02573399432003498,0.0004370123374458153,1876.0,,,,,,,,,,,,,,0.24978326108702903,,,,,0.022376392036676407,5.265498111839406e-05
,imappo,,,,1876.0,0.0,0.0,0.002632749117367439,0.0,0.0,0.0,0.0,0.002632749117367439,0.0,0.0,0.0,0.0,0.0,,,,,,,
0.0008814109023660421,imappo,2.330706792008641e-07,-0.024093331769108772,0.0004367122374124709,1877.0,,,,,,,,,,,,,,0.24964988329443144,,,,,0.0344400554895401,5.132759906700812e-05
,imappo,,,,1877.0,0.0,0.0,0.0025663798669484095,0.0,0.0,0.0,0.0,0.0025663798669484095,0.0,0.0,0.0,0.0,0.0,,,,,,,
0.008486411534249783,imappo,2.1603760558264185e-07,0.04712541773915291,0.00043641213737912637,1878.0,,,,,,,,,,,,,,0.2495165055018339,,,,,0.020653896033763885,4.905433888779953e-05
,imappo,,,,1878.0,0.0,0.0,0.0024527169974106755,0.0,0.0,0.0,0.0,0.0024527169974106755,0.0,0.0,0.0,0.0,0.0,,,,,,,
-0.0071479580365121365,imappo,4.61430346376801e-07,0.38088420033454895,0.00043611203734578196,1879.0,,,,,,,,,,,,,,0.24938312770923643,,,,,0.02729819342494011,3.855190152535215e-05
,imappo,,,,1879.0,0.0,0.0,0.0019275949412076443,0.0,0.0,0.0,0.0,0.0019275949412076443,0.0,0.0,0.0,0.0,0.0,,,,,,,
-0.0007083972450345755,imappo,7.068275635901955e-07,0.46169036626815796,0.00043581193731243755,1880.0,,,,,,,,,,,,,,0.2492497499166389,,,,,0.022928591817617416,2.732121356530115e-05
,imappo,,,,1880.0,0.0,0.0,0.0013660607933161373,0.0,0.0,0.0,0.0,0.0013660607933161373,0.0,0.0,0.0,0.0,0.0,,,,,,,
-0.006936963181942701,imappo,4.030919740216632e-07,-0.04783046990633011,0.00043551183727909303,1881.0,,,,,,,,,,,,,,0.2491163721240413,,,,,0.029630165547132492,3.999212640337646e-05
,imappo,,,,1881.0,0.0,0.0,0.0019996061719211866,0.0,0.0,0.0,0.0,0.0019996061719211866,0.0,0.0,0.0,0.0,0.0,,,,,,,
-0.006710105109959841,imappo,1.8113230737526465e-07,0.025675209239125252,0.0004352117372457486,1882.0,,,,,,,,,,,,,,0.24898299433144377,,,,,0.028174642473459244,3.835846655420028e-05
,imappo,,,,1882.0,0.0,0.0,0.0019179233807449236,0.0,0.0,0.0,0.0,0.0019179233807449236,0.0,0.0,0.0,0.0,0.0,,,,,,,
-0.008638485334813595,imappo,1.901962747297148e-07,-0.07657239586114883,0.0004349116372124042,1883.0,,,,,,,,,,,,,,0.2488496165388463,,,,,0.023269474506378174,7.65085278544575e-05
,imappo,,,,1883.0,0.0,0.0,0.0038254262796044713,0.0,0.0,0.0,0.0,0.0038254262796044713,0.0,0.0,0.0,0.0,0.0,,,,,,,
-0.0018762005493044853,imappo,5.399624001256598e-07,0.034129876643419266,0.0004346115371790597,1884.0,,,,,,,,,,,,,,0.24871623874624876,,,,,0.027454810217022896,5.428784425021149e-05
,imappo,,,,1884.0,0.0,0.0,0.0027143923365429146,0.0,0.0,0.0,0.0,0.0027143923365429146,0.0,0.0,0.0,0.0,0.0,,,,,,,
2.880310785258189e-05,imappo,3.2982978837026167e-07,0.11902737617492676,0.0004343114371457153,1885.0,,,,,,,,,,,,,,0.24858286095365117,,,,,0.03314917907118797,5.030442480347119e-05
,imappo,,,,1885.0,0.0,0.0,0.00251522110966107,0.0,0.0,0.0,0.0,0.00251522110966107,0.0,0.0,0.0,0.0,0.0,,,,,,,
-0.0038806586526334286,imappo,2.8075493219148484e-07,0.03310749679803848,0.0004340113371123708,1886.0,,,,,,,,,,,,,,0.24844948316105364,,,,,0.024251718074083328,5.539787161978893e-05
,imappo,,,,1886.0,0.0,0.0,0.0027698936027036325,0.0,0.0,0.0,0.0,0.0027698936027036325,0.0,0.0,0.0,0.0,0.0,,,,,,,
-0.009234181605279446,imappo,1.2082605849172978e-07,0.14006443321704865,0.00043371123707902637,1887.0,,,,,,,,,,,,,,0.24831610536845616,,,,,0.024827178567647934,4.678556069848128e-05
,imappo,,,,1887.0,0.0,0.0,0.0023392781381517125,0.0,0.0,0.0,0.0,0.0023392781381517125,0.0,0.0,0.0,0.0,0.0,,,,,,,
-0.004384426865726709,imappo,9.765842605702346e-07,0.5187743306159973,0.00043341113704568196,1888.0,,,,,,,,,,,,,,0.24818272757585863,,,,,0.02433875948190689,5.398634311859496e-05
,imappo,,,,1888.0,0.0,0.0,0.0026993171844651442,0.0,0.0,0.0,0.0,0.0026993171844651442,0.0,0.0,0.0,0.0,0.0,,,,,,,
-0.001389500917866826,imappo,2.0523064847566275e-07,0.1595449000597,0.00043311103701233744,1889.0,,,,,,,,,,,,,,0.24804934978326104,,,,,0.031086161732673645,4.498520866036415e-05
,imappo,,,,1889.0,0.0,0.0,0.0022492604575745645,0.0,0.0,0.0,0.0,0.0022492604575745645,0.0,0.0,0.0,0.0,0.0,,,,,,,
-0.007372333202511072,imappo,2.8442485699997633e-07,0.11143306642770767,0.00043281093697899304,1890.0,,,,,,,,,,,,,,0.24791597199066356,,,,,0.02971651777625084,3.8640147977275774e-05
,imappo,,,,1890.0,0.0,0.0,0.0019320073010931083,0.0,0.0,0.0,0.0,0.0019320073010931083,0.0,0.0,0.0,0.0,0.0,,,,,,,
-0.007641084957867861,imappo,4.078963229403598e-07,0.543471097946167,0.00043251083694564863,1891.0,,,,,,,,,,,,,,0.24778259419806603,,,,,0.02130783349275589,5.436884384835139e-05
,imappo,,,,1891.0,0.0,0.0,0.0027184420336539006,0.0,0.0,0.0,0.0,0.0027184420336539006,0.0,0.0,0.0,0.0,0.0,,,,,,,
-0.0020917546935379505,imappo,4.932821298098133e-07,0.39901790022850037,0.0004322107369123041,1892.0,,,,,,,,,,,,,,0.2476492164054685,,,,,0.03582346439361572,4.8486061132280156e-05
,imappo,,,,1892.0,0.0,0.0,0.0024243032926847263,0.0,0.0,0.0,0.0,0.0024243032926847263,0.0,0.0,0.0,0.0,0.0,,,,,,,
-0.0026361665222793818,imappo,3.1172767194220796e-06,0.5473518371582031,0.0004319106368789597,1893.0,,,,,,,,,,,,,,0.2475158386128709,,,,,0.024977486580610275,5.211385359871201e-05
,imappo,,,,1893.0,0.0,0.0,0.0026056925407829112,0.0,0.0,0.0,0.0,0.0026056925407829112,0.0,0.0,0.0,0.0,0.0,,,,,,,
-0.006844589952379465,imappo,1.8076950709655648e-06,0.7411407232284546,0.0004316105368456153,1894.0,,,,,,,,,,,,,,0.24738246082027343,,,,,0.01959177851676941,5.0784656195901334e-05
,imappo,,,,1894.0,0.0,0.0,0.002539232660524249,0.0,0.0,0.0,0.0,0.002539232660524249,0.0,0.0,0.0,0.0,0.0,,,,,,,
-0.007528773508965969,imappo,1.5145419638429303e-06,0.4446450173854828,0.0004313104368122708,1895.0,,,,,,,,,,,,,,0.2472490830276759,,,,,0.025159185752272606,3.5527817090041935e-05
,imappo,,,,1895.0,0.0,0.0,0.001776390704435471,0.0,0.0,0.0,0.0,0.001776390704435471,0.0,0.0,0.0,0.0,0.0,,,,,,,
-0.007619121111929417,imappo,4.765865355693677e-07,0.22956974804401398,0.00043101033677892637,1896.0,,,,,,,,,,,,,,0.24711570523507836,,,,,0.029382236301898956,4.275636456441134e-05
,imappo,,,,1896.0,0.0,0.0,0.0021378180633746524,0.0,0.0,0.0,0.0,0.0021378180633746524,0.0,0.0,0.0,0.0,0.0,,,,,,,
-0.005938320886343718,imappo,1.1775925941037713e-06,0.47572794556617737,0.00043071023674558185,1897.0,,,,,,,,,,,,,,0.24698232744248078,,,,,0.02279389649629593,4.133551919949241e-05
,imappo,,,,1897.0,0.0,0.0,0.0020667759822856624,0.0,0.0,0.0,0.0,0.0020667759822856624,0.0,0.0,0.0,0.0,0.0,,,,,,,
-0.007905704900622368,imappo,4.803001161235443e-07,0.5140547752380371,0.00043041013671223744,1898.0,,,,,,,,,,,,,,0.2468489496498833,,,,,0.0242428220808506,3.913350883522071e-05
,imappo,,,,1898.0,0.0,0.0,0.001956675503151928,0.0,0.0,0.0,0.0,0.001956675503151928,0.0,0.0,0.0,0.0,0.0,,,,,,,
0.0004904132219962776,imappo,9.794508741833852e-07,0.580065131187439,0.00043011003667889304,1899.0,,,,,,,,,,,,,,0.24671557185728576,,,,,0.018595941364765167,5.36760562681593e-05
,imappo,,,,1899.0,0.0,0.0,0.0026838029040838762,0.0,0.0,0.0,0.0,0.0026838029040838762,0.0,0.0,0.0,0.0,0.0,,,,,,,
,imappo,,,,1899.0,,,,,,,,,,,,,,,0.0,0.0,0.0,0.0,,
-0.010678065940737724,imappo,4.308014354137413e-07,0.6080463528633118,0.0004298099366455485,1900.0,,,,,,,,,,,,,,0.24658219406468823,,,,,0.01760701835155487,4.883289511781186e-05
,imappo,,,,1900.0,0.0,0.0,0.0024416447459429946,0.0,0.0,0.0,0.0,0.0024416447459429946,0.0,0.0,0.0,0.0,0.0,,,,,,,
-0.002518704393878579,imappo,8.511503324371006e-07,0.1493493616580963,0.000429509836612204,1901.0,,,,,,,,,,,,,,0.24644881627209064,,,,,0.028732605278491974,4.097538112546317e-05
,imappo,,,,1901.0,0.0,0.0,0.00204876898530415,0.0,0.0,0.0,0.0,0.00204876898530415,0.0,0.0,0.0,0.0,0.0,,,,,,,
-0.009663863107562065,imappo,6.187986514305521e-07,0.5023971199989319,0.0004292097365788597,1902.0,,,,,,,,,,,,,,0.24631543847949317,,,,,0.021522801369428635,3.582302088034339e-05
,imappo,,,,1902.0,0.0,0.0,0.0017911510726662527,0.0,0.0,0.0,0.0,0.0017911510726662527,0.0,0.0,0.0,0.0,0.0,,,,,,,
-0.004183683544397354,imappo,2.648556005624414e-07,0.45286422967910767,0.0004289096365455152,1903.0,,,,,,,,,,,,,,0.24618206068689563,,,,,0.03231470286846161,4.595696373144165e-05
,imappo,,,,1903.0,0.0,0.0,0.0022978481281370478,0.0,0.0,0.0,0.0,0.0022978481281370478,0.0,0.0,0.0,0.0,0.0,,,,,,,
-0.005750115495175123,imappo,2.1404301264738024e-07,0.19949311017990112,0.0004286095365121708,1904.0,,,,,,,,,,,,,,0.2460486828942981,,,,,0.028470810502767563,4.8938076361082494e-05
,imappo,,,,1904.0,0.0,0.0,0.0024469034847243165,0.0,0.0,0.0,0.0,0.0024469034847243165,0.0,0.0,0.0,0.0,0.0,,,,,,,
-0.004740231204777956,imappo,3.833328889868426e-07,0.5809131860733032,0.00042830943647882637,1905.0,,,,,,,,,,,,,,0.24591530510170057,,,,,0.02567579224705696,5.329924533725716e-05
,imappo,,,,1905.0,0.0,0.0,0.0026649621499359455,0.0,0.0,0.0,0.0,0.0026649621499359455,0.0,0.0,0.0,0.0,0.0,,,,,,,
-0.006560747977346182,imappo,2.2903238061644515e-07,0.29948946833610535,0.00042800933644548185,1906.0,,,,,,,,,,,,,,0.24578192730910303,,,,,0.026235777884721756,5.208662332734093e-05
,imappo,,,,1906.0,0.0,0.0,0.0026043311327157426,0.0,0.0,0.0,0.0,0.0026043311327157426,0.0,0.0,0.0,0.0,0.0,,,,,,,
-0.004079032689332962,imappo,1.6249740042439953e-07,0.4035300314426422,0.00042770923641213745,1907.0,,,,,,,,,,,,,,0.2456485495165055,,,,,0.030900537967681885,4.863197318627499e-05
,imappo,,,,1907.0,0.0,0.0,0.0024315986875080853,0.0,0.0,0.0,0.0,0.0024315986875080853,0.0,0.0,0.0,0.0,0.0,,,,,,,
-0.0081062912940979,imappo,4.2066145056196547e-07,0.7750107049942017,0.00042740913637879293,1908.0,,,,,,,,,,,,,,0.24551517172390797,,,,,0.03367763012647629,3.637189365690574e-05
,imappo,,,,1908.0,0.0,0.0,0.0018185944905866336,0.0,0.0,0.0,0.0,0.0018185944905866336,0.0,0.0,0.0,0.0,0.0,,,,,,,
0.007271746639162302,imappo,1.0769322216219734e-06,0.810816764831543,0.0004271090363454485,1909.0,,,,,,,,,,,,,,0.24538179393131043,,,,,0.019860712811350822,4.999721568310633e-05
,imappo,,,,1909.0,0.0,0.0,0.00249986084406828,0.0,0.0,0.0,0.0,0.00249986084406828,0.0,0.0,0.0,0.0,0.0,,,,,,,
-0.004688841290771961,imappo,3.448933796335041e-07,0.29581940174102783,0.0004268089363121041,1910.0,,,,,,,,,,,,,,0.2452484161387129,,,,,0.02851182036101818,4.505239485297352e-05
,imappo,,,,1910.0,0.0,0.0,0.0022526196239596175,0.0,0.0,0.0,0.0,0.0022526196239596175,0.0,0.0,0.0,0.0,0.0,,,,,,,
-0.008898171596229076,imappo,5.827058089380444e-07,0.5229904055595398,0.0004265088362787596,1911.0,,,,,,,,,,,,,,0.24511503834611537,,,,,0.02578917145729065,3.236095290048979e-05
,imappo,,,,1911.0,0.0,0.0,0.001618047785058252,0.0,0.0,0.0,0.0,0.001618047785058252,0.0,0.0,0.0,0.0,0.0,,,,,,,
-0.004679261706769466,imappo,2.7785696943283256e-07,0.6434650421142578,0.0004262087362454152,1912.0,,,,,,,,,,,,,,0.24498166055351783,,,,,0.02821495197713375,5.430856253951788e-05
,imappo,,,,1912.0,0.0,0.0,0.0027154279773640155,0.0,0.0,0.0,0.0,0.0027154279773640155,0.0,0.0,0.0,0.0,0.0,,,,,,,
-0.00812614243477583,imappo,3.080704402691481e-07,0.6836800575256348,0.0004259086362120708,1913.0,,,,,,,,,,,,,,0.2448482827609203,,,,,0.014858214184641838,5.992276419419795e-05
,imappo,,,,1913.0,0.0,0.0,0.0029961383297631983,0.0,0.0,0.0,0.0,0.0029961383297631983,0.0,0.0,0.0,0.0,0.0,,,,,,,
-0.005708649288862944,imappo,9.401309597478757e-08,0.8011175394058228,0.00042560853617872626,1914.0,,,,,,,,,,,,,,0.24471490496832277,,,,,0.031127046793699265,4.004099537269212e-05
,imappo,,,,1914.0,0.0,0.0,0.0020020497741484178,0.0,0.0,0.0,0.0,0.0020020497741484178,0.0,0.0,0.0,0.0,0.0,,,,,,,
-0.00821574404835701,imappo,7.897096310216511e-08,0.6593854427337646,0.00042530843614538186,1915.0,,,,,,,,,,,,,,0.24458152717572523,,,,,0.025695789605379105,5.062543641543016e-05
,imappo,,,,1915.0,0.0,0.0,0.002531271854422812,0.0,0.0,0.0,0.0,0.002531271854422812,0.0,0.0,0.0,0.0,0.0,,,,,,,
-0.006795515306293964,imappo,2.968809837966546e-07,0.5175492167472839,0.00042500833611203734,1916.0,,,,,,,,,,,,,,0.2444481493831277,,,,,0.0233459509909153,4.475899913813919e-05
,imappo,,,,1916.0,0.0,0.0,0.00223794988716719,0.0,0.0,0.0,0.0,0.00223794988716719,0.0,0.0,0.0,0.0,0.0,,,,,,,
-0.010767951607704163,imappo,1.4835022454917635e-07,0.3169803321361542,0.00042470823607869293,1917.0,,,,,,,,,,,,,,0.24431477159053017,,,,,0.025789029896259308,5.255815995042212e-05
,imappo,,,,1917.0,0.0,0.0,0.0026279081382654113,0.0,0.0,0.0,0.0,0.0026279081382654113,0.0,0.0,0.0,0.0,0.0,,,,,,,
-0.005158597137778997,imappo,1.907224032038357e-07,0.2736467123031616,0.0004244081360453485,1918.0,,,,,,,,,,,,,,0.24418139379793263,,,,,0.028953703120350838,5.2267922001192346e-05
,imappo,,,,1918.0,0.0,0.0,0.0026133962121548393,0.0,0.0,0.0,0.0,0.0026133962121548393,0.0,0.0,0.0,0.0,0.0,,,,,,,
-0.006014783401042223,imappo,3.514520585667924e-07,0.4793641269207001,0.000424108036012004,1919.0,,,,,,,,,,,,,,0.2440480160053351,,,,,0.02293364703655243,4.2650382965803146e-05
,imappo,,,,1919.0,0.0,0.0,0.0021325192357153355,0.0,0.0,0.0,0.0,0.0021325192357153355,0.0,0.0,0.0,0.0,0.0,,,,,,,
-0.009251061826944351,imappo,9.000898160138604e-08,0.7183778285980225,0.0004238079359786596,1920.0,,,,,,,,,,,,,,0.24391463821273757,,,,,0.01867830380797386,5.28279306308832e-05
,imappo,,,,1920.0,0.0,0.0,0.002641396767103288,0.0,0.0,0.0,0.0,0.002641396767103288,0.0,0.0,0.0,0.0,0.0,,,,,,,
-0.0024167930241674185,imappo,1.3646459251503984e-07,0.2728174328804016,0.0004235078359453152,1921.0,,,,,,,,,,,,,,0.24378126042014003,,,,,0.0291886106133461,4.578494554152712e-05
,imappo,,,,1921.0,0.0,0.0,0.00228924725652746,0.0,0.0,0.0,0.0,0.00228924725652746,0.0,0.0,0.0,0.0,0.0,,,,,,,
-0.005180966574698687,imappo,3.6977681361349823e-07,0.11631497740745544,0.0004232077359119707,1922.0,,,,,,,,,,,,,,0.2436478826275425,,,,,0.02831196039915085,4.5898024836787954e-05
,imappo,,,,1922.0,0.0,0.0,0.002294901472964739,0.0,0.0,0.0,0.0,0.002294901472964739,0.0,0.0,0.0,0.0,0.0,,,,,,,
-0.003617732785642147,imappo,1.2895989698336052e-07,0.27381330728530884,0.00042290763587862627,1923.0,,,,,,,,,,,,,,0.24351450483494497,,,,,0.028150059282779694,5.042376142228022e-05
,imappo,,,,1923.0,0.0,0.0,0.002521187792353885,0.0,0.0,0.0,0.0,0.002521187792353885,0.0,0.0,0.0,0.0,0.0,,,,,,,
-0.010614668019115925,imappo,2.449830276418652e-07,0.4618256092071533,0.00042260753584528186,1924.0,,,,,,,,,,,,,,0.24338112704234743,,,,,0.022004546597599983,4.149534288444556e-05
,imappo,,,,1924.0,0.0,0.0,0.0020747670024547915,0.0,0.0,0.0,0.0,0.0020747670024547915,0.0,0.0,0.0,0.0,0.0,,,,,,,
-0.007116164080798626,imappo,1.234130451166493e-07,0.6594617962837219,0.00042230743581193734,1925.0,,,,,,,,,,,,,,0.2432477492497499,,,,,0.024833744391798973,4.857730891671963e-05
,imappo,,,,1925.0,0.0,0.0,0.0024288654456654513,0.0,0.0,0.0,0.0,0.0024288654456654513,0.0,0.0,0.0,0.0,0.0,,,,,,,
-0.004241570830345154,imappo,1.632869981449403e-07,0.36909595131874084,0.00042200733577859293,1926.0,,,,,,,,,,,,,,0.24311437145715237,,,,,0.028880693018436432,3.680810914374888e-05
,imappo,,,,1926.0,0.0,0.0,0.0018404054594611807,0.0,0.0,0.0,0.0,0.0018404054594611807,0.0,0.0,0.0,0.0,0.0,,,,,,,
-0.00524650514125824,imappo,1.8771862642097403e-07,0.43565094470977783,0.0004217072357452484,1927.0,,,,,,,,,,,,,,0.24298099366455483,,,,,0.027974184602499008,4.002541390946135e-05
,imappo,,,,1927.0,0.0,0.0,0.002001270643404496,0.0,0.0,0.0,0.0,0.002001270643404496,0.0,0.0,0.0,0.0,0.0,,,,,,,
-0.005058725830167532,imappo,1.8084404018736677e-07,0.4430151879787445,0.000421407135711904,1928.0,,,,,,,,,,,,,,0.2428476158719573,,,,,0.027900822460651398,5.5101452744565904e-05
,imappo,,,,1928.0,0.0,0.0,0.0027550725278615573,0.0,0.0,0.0,0.0,0.0027550725278615573,0.0,0.0,0.0,0.0,0.0,,,,,,,
-0.0022861813195049763,imappo,5.776300895377062e-07,0.5539225935935974,0.0004211070356785596,1929.0,,,,,,,,,,,,,,0.24271423807935977,,,,,0.019861508160829544,4.304123285692185e-05
,imappo,,,,1929.0,0.0,0.0,0.002152061587253229,0.0,0.0,0.0,0.0,0.002152061587253229,0.0,0.0,0.0,0.0,0.0,,,,,,,
-0.003812418319284916,imappo,4.207295489777607e-07,0.42583057284355164,0.0004208069356452151,1930.0,,,,,,,,,,,,,,0.24258086028676223,,,,,0.024421745911240578,3.452885721344501e-05
,imappo,,,,1930.0,0.0,0.0,0.0017264428806811338,0.0,0.0,0.0,0.0,0.0017264428806811338,0.0,0.0,0.0,0.0,0.0,,,,,,,
-0.00874233990907669,imappo,1.9046078136852884e-07,0.5479589104652405,0.00042050683561187057,1931.0,,,,,,,,,,,,,,0.2424474824941647,,,,,0.029139544814825058,4.2846426367759705e-05
,imappo,,,,1931.0,0.0,0.0,0.00214232129485481,0.0,0.0,0.0,0.0,0.00214232129485481,0.0,0.0,0.0,0.0,0.0,,,,,,,
-0.008788363076746464,imappo,1.8909278765022464e-07,0.4968392550945282,0.00042020673557852627,1932.0,,,,,,,,,,,,,,0.24231410470156717,,,,,0.02916545793414116,4.5878132368670776e-05
,imappo,,,,1932.0,0.0,0.0,0.0022939066166145494,0.0,0.0,0.0,0.0,0.0022939066166145494,0.0,0.0,0.0,0.0,0.0,,,,,,,
0.002019420498982072,imappo,1.270913827511322e-07,0.19089797139167786,0.00041990663554518175,1933.0,,,,,,,,,,,,,,0.24218072690896963,,,,,0.0237779151648283,4.186038859188557e-05
,imappo,,,,1933.0,0.0,0.0,0.0020930191988099978,0.0,0.0,0.0,0.0,0.0020930191988099978,0.0,0.0,0.0,0.0,0.0,,,,,,,
0.006330264266580343,imappo,1.057416483263296e-07,0.1897568702697754,0.00041960653551183734,1934.0,,,,,,,,,,,,,,0.2420473491163721,,,,,0.02358381450176239,4.369440648588352e-05
,imappo,,,,1934.0,0.0,0.0,0.002184720412628849,0.0,0.0,0.0,0.0,0.002184720412628849,0.0,0.0,0.0,0.0,0.0,,,,,,,
-0.003467035247012973,imappo,1.1430520174826597e-07,0.48637670278549194,0.00041930643547849293,1935.0,,,,,,,,,,,,,,0.24191397132377462,,,,,0.021333610638976097,4.755953705171123e-05
,imappo,,,,1935.0,0.0,0.0,0.002377976779371238,0.0,0.0,0.0,0.0,0.002377976779371238,0.0,0.0,0.0,0.0,0.0,,,,,,,
-0.010301310569047928,imappo,1.189890070918409e-07,0.18781378865242004,0.0004190063354451484,1936.0,,,,,,,,,,,,,,0.24178059353117703,,,,,0.02259419858455658,4.3389216443756595e-05
,imappo,,,,1936.0,0.0,0.0,0.0021694606572282282,0.0,0.0,0.0,0.0,0.0021694606572282282,0.0,0.0,0.0,0.0,0.0,,,,,,,
-0.0078090098686516285,imappo,1.1072700800696111e-07,0.35433804988861084,0.000418706235411804,1937.0,,,,,,,,,,,,,,0.2416472157385795,,,,,0.03228241950273514,3.5899473004974425e-05
,imappo,,,,1937.0,0.0,0.0,0.0017949739546452292,0.0,0.0,0.0,0.0,0.0017949739546452292,0.0,0.0,0.0,0.0,0.0,,,,,,,
0.002451814478263259,imappo,1.4935118031189631e-07,0.268818199634552,0.0004184061353784595,1938.0,,,,,,,,,,,,,,0.24151383794598197,,,,,0.026707937940955162,4.719867501989938e-05
,imappo,,,,1938.0,0.0,0.0,0.0023599336791448877,0.0,0.0,0.0,0.0,0.0023599336791448877,0.0,0.0,0.0,0.0,0.0,,,,,,,
0.008618093095719814,imappo,1.6617482856418064e-07,0.2240433245897293,0.0004181060353451151,1939.0,,,,,,,,,,,,,,0.2413804601533845,,,,,0.023563377559185028,3.8571448385482654e-05
,imappo,,,,1939.0,0.0,0.0,0.001928572477140733,0.0,0.0,0.0,0.0,0.001928572477140733,0.0,0.0,0.0,0.0,0.0,,,,,,,
-0.0036926153115928173,imappo,1.8954010272409505e-07,0.3054039478302002,0.0004178059353117707,1940.0,,,,,,,,,,,,,,0.2412470823607869,,,,,0.02441985532641411,3.738473969860934e-05
,imappo,,,,1940.0,0.0,0.0,0.0018692368897745837,0.0,0.0,0.0,0.0,0.0018692368897745837,0.0,0.0,0.0,0.0,0.0,,,,,,,
-0.005363549571484327,imappo,2.3701457507740997e-07,0.5448309183120728,0.00041750583527842616,1941.0,,,,,,,,,,,,,,0.24111370456818937,,,,,0.03561880439519882,4.098836870980449e-05
,imappo,,,,1941.0,0.0,0.0,0.0020494184818744543,0.0,0.0,0.0,0.0,0.0020494184818744543,0.0,0.0,0.0,0.0,0.0,,,,,,,
-0.010212651453912258,imappo,6.181646483582881e-08,0.37129172682762146,0.00041720573524508164,1942.0,,,,,,,,,,,,,,0.24098032677559184,,,,,0.03298871964216232,3.3923322916962206e-05
,imappo,,,,1942.0,0.0,0.0,0.0016961662901167074,0.0,0.0,0.0,0.0,0.0016961662901167074,0.0,0.0,0.0,0.0,0.0,,,,,,,
0.00656534917652607,imappo,9.799369138363545e-08,0.31096604466438293,0.00041690563521173734,1943.0,,,,,,,,,,,,,,0.24084694898299436,,,,,0.02985575795173645,5.305311060510576e-05
,imappo,,,,1943.0,0.0,0.0,0.002652655373367452,0.0,0.0,0.0,0.0,0.002652655373367452,0.0,0.0,0.0,0.0,0.0,,,,,,,
0.0007319714641198516,imappo,9.656762500753757e-08,0.1938488483428955,0.0004166055351783928,1944.0,,,,,,,,,,,,,,0.24071357119039677,,,,,0.03330621123313904,4.975606861989945e-05
,imappo,,,,1944.0,0.0,0.0,0.002487803443955272,0.0,0.0,0.0,0.0,0.002487803443955272,0.0,0.0,0.0,0.0,0.0,,,,,,,
-0.0041795107536017895,imappo,2.749369798493717e-08,0.3092190623283386,0.0004163054351450484,1945.0,,,,,,,,,,,,,,0.24058019339779924,,,,,0.03090202808380127,3.467580609139986e-05
,imappo,,,,1945.0,0.0,0.0,0.0017337903822181033,0.0,0.0,0.0,0.0,0.0017337903822181033,0.0,0.0,0.0,0.0,0.0,,,,,,,
-0.006686942186206579,imappo,7.464778377652692e-07,0.7067270278930664,0.0004160053351117039,1946.0,,,,,,,,,,,,,,0.2404468156052017,,,,,0.028645161539316177,3.993349673692137e-05
,imappo,,,,1946.0,0.0,0.0,0.0019966750871702743,0.0,0.0,0.0,0.0,0.0019966750871702743,0.0,0.0,0.0,0.0,0.0,,,,,,,
0.008054731413722038,imappo,2.6260877916683967e-07,0.25281649827957153,0.0004157052350783595,1947.0,,,,,,,,,,,,,,0.24031343781260422,,,,,0.025861620903015137,5.211260213400237e-05
,imappo,,,,1947.0,0.0,0.0,0.002605630080751098,0.0,0.0,0.0,0.0,0.002605630080751098,0.0,0.0,0.0,0.0,0.0,,,,,,,
-0.0008601709268987179,imappo,4.1437590425630333e-07,-0.03616305813193321,0.0004154051350450151,1948.0,,,,,,,,,,,,,,0.24018006002000664,,,,,0.017823170870542526,4.3301653931848705e-05
,imappo,,,,1948.0,0.0,0.0,0.0021650826149794966,0.0,0.0,0.0,0.0,0.0021650826149794966,0.0,0.0,0.0,0.0,0.0,,,,,,,
0.0082058971747756,imappo,1.1018813239616065e-07,0.04971515014767647,0.00041510503501167057,1949.0,,,,,,,,,,,,,,0.2400466822274091,,,,,0.02549854665994644,5.7305514928884804e-05
,imappo,,,,1949.0,0.0,0.0,0.002865276002353312,0.0,0.0,0.0,0.0,0.002865276002353312,0.0,0.0,0.0,0.0,0.0,,,,,,,
-0.005039033014327288,imappo,5.7421569721327614e-08,-0.012390433810651302,0.00041480493497832616,1950.0,,,,,,,,,,,,,,0.23991330443481163,,,,,0.02227954939007759,5.104173760628328e-05
,imappo,,,,1950.0,0.0,0.0,0.0025520869451156614,0.0,0.0,0.0,0.0,0.0025520869451156614,0.0,0.0,0.0,0.0,0.0,,,,,,,
-0.00317040691152215,imappo,9.388195110204833e-08,0.3952302634716034,0.00041450483494498175,1951.0,,,,,,,,,,,,,,0.2397799266422141,,,,,0.026244457811117172,5.154834070708603e-05
,imappo,,,,1951.0,0.0,0.0,0.002577417184056685,0.0,0.0,0.0,0.0,0.002577417184056685,0.0,0.0,0.0,0.0,0.0,,,,,,,
0.002073356881737709,imappo,2.675418500075466e-07,0.18355365097522736,0.00041420473491163724,1952.0,,,,,,,,,,,,,,0.2396465488496165,,,,,0.02657981403172016,4.4483840611064807e-05
,imappo,,,,1952.0,0.0,0.0,0.0022241918097734015,0.0,0.0,0.0,0.0,0.0022241918097734015,0.0,0.0,0.0,0.0,0.0,,,,,,,
0.0019063783111050725,imappo,1.0192835020461644e-07,-0.009197374805808067,0.0004139046348782927,1953.0,,,,,,,,,,,,,,0.23951317105701897,,,,,0.019312288612127304,4.874126534559764e-05
,imappo,,,,1953.0,0.0,0.0,0.0024370632326906616,0.0,0.0,0.0,0.0,0.0024370632326906616,0.0,0.0,0.0,0.0,0.0,,,,,,,
-0.007909768261015415,imappo,6.78761153949381e-08,0.1803029179573059,0.0004136045348449484,1954.0,,,,,,,,,,,,,,0.2393797932644215,,,,,0.02330954559147358,4.6055225539021194e-05
,imappo,,,,1954.0,0.0,0.0,0.0023027613109896095,0.0,0.0,0.0,0.0,0.0023027613109896095,0.0,0.0,0.0,0.0,0.0,,,,,,,
-0.0006048402283340693,imappo,2.826544118761376e-07,0.6491460204124451,0.0004133044348116039,1955.0,,,,,,,,,,,,,,0.23924641547182396,,,,,0.03247278183698654,5.8577392337610945e-05
,imappo,,,,1955.0,0.0,0.0,0.002928869638338938,0.0,0.0,0.0,0.0,0.002928869638338938,0.0,0.0,0.0,0.0,0.0,,,,,,,
-0.009804647415876389,imappo,1.6010190506676736e-07,0.2795414626598358,0.0004130043347782595,1956.0,,,,,,,,,,,,,,0.23911303767922637,,,,,0.031079867854714394,4.928435737383552e-05
,imappo,,,,1956.0,0.0,0.0,0.0024642177623945827,0.0,0.0,0.0,0.0,0.0024642177623945827,0.0,0.0,0.0,0.0,0.0,,,,,,,
-0.008405709639191628,imappo,2.3371940471861308e-07,0.5531435012817383,0.000412704234744915,1957.0,,,,,,,,,,,,,,0.23897965988662884,,,,,0.027025584131479263,6.137174204923213e-05
,imappo,,,,1957.0,0.0,0.0,0.0030685868676982864,0.0,0.0,0.0,0.0,0.0030685868676982864,0.0,0.0,0.0,0.0,0.0,,,,,,,
-0.0068773846141994,imappo,9.266741329838624e-08,0.07895584404468536,0.00041240413471157057,1958.0,,,,,,,,,,,,,,0.23884628209403136,,,,,0.016221560537815094,5.0187310989713296e-05
,imappo,,,,1958.0,0.0,0.0,0.0025093654242027696,0.0,0.0,0.0,0.0,0.0025093654242027696,0.0,0.0,0.0,0.0,0.0,,,,,,,
-0.002886393340304494,imappo,2.1016508355842234e-07,0.18634626269340515,0.00041210403467822616,1959.0,,,,,,,,,,,,,,0.23871290430143383,,,,,0.0246467012912035,5.225877612247132e-05
,imappo,,,,1959.0,0.0,0.0,0.002612938992342606,0.0,0.0,0.0,0.0,0.002612938992342606,0.0,0.0,0.0,0.0,0.0,,,,,,,
-0.00879733357578516,imappo,0.004690138623118401,0.660236120223999,0.00041180393464488165,1960.0,,,,,,,,,,,,,,0.23857952650883624,,,,,0.021650072187185287,0.006713750306516886
,imappo,,,,1960.0,0.0,0.0,0.3356874970490935,0.0,0.0,0.0,0.3333333432674408,0.002354170690978208,0.0,0.0,0.0,0.0,0.0,,,,,,,
-0.004569034557789564,imappo,0.001257377676665783,0.12859290838241577,0.00041150383461153713,1961.0,,,,,,,,,,,,,,0.2384461487162387,,,,,0.02553756907582283,4.8312012950191274e-05
,imappo,,,,1961.0,0.0,0.0,0.0024156006020348286,0.0,0.0,0.0,0.0,0.0024156006020348286,0.0,0.0,0.0,0.0,0.0,,,,,,,
-0.001534961280412972,imappo,2.4057495465967804e-05,0.43979528546333313,0.00041120373457819283,1962.0,,,,,,,,,,,,,,0.23831277092364123,,,,,0.03053363226354122,4.2961110011674464e-05
,imappo,,,,1962.0,0.0,0.0,0.002148055647921865,0.0,0.0,0.0,0.0,0.002148055647921865,0.0,0.0,0.0,0.0,0.0,,,,,,,
-0.002380499616265297,imappo,2.6160703782807104e-05,0.45325201749801636,0.0004109036345448483,1963.0,,,,,,,,,,,,,,0.2381793931310437,,,,,0.02881465293467045,4.576872743200511e-05
,imappo,,,,1963.0,0.0,0.0,0.0022884362733748276,0.0,0.0,0.0,0.0,0.0022884362733748276,0.0,0.0,0.0,0.0,0.0,,,,,,,
-0.002008772687986493,imappo,1.108446485886816e-05,0.3801618218421936,0.0004106035345115038,1964.0,,,,,,,,,,,,,,0.2380460153384461,,,,,0.03203045576810837,4.742816963698715e-05
,imappo,,,,1964.0,0.0,0.0,0.0023714082365131617,0.0,0.0,0.0,0.0,0.0023714082365131617,0.0,0.0,0.0,0.0,0.0,,,,,,,
-0.009706035256385803,imappo,2.971773938043043e-05,0.36168044805526733,0.0004103034344781595,1965.0,,,,,,,,,,,,,,0.23791263754584863,,,,,0.02592283859848976,4.6403201849898323e-05
,imappo,,,,1965.0,0.0,0.0,0.0023201601502478297,0.0,0.0,0.0,0.0,0.0023201601502478297,0.0,0.0,0.0,0.0,0.0,,,,,,,
-0.0012520249001681805,imappo,1.7997865143115632e-05,0.6587894558906555,0.000410003334444815,1966.0,,,,,,,,,,,,,,0.2377792597532511,,,,,0.019222712144255638,5.2504004997899756e-05
,imappo,,,,1966.0,0.0,0.0,0.002625200251031856,0.0,0.0,0.0,0.0,0.002625200251031856,0.0,0.0,0.0,0.0,0.0,,,,,,,
-0.015260218642652035,imappo,2.741372099990258e-06,0.4353316128253937,0.00040970323441147057,1967.0,,,,,,,,,,,,,,0.23764588196065356,,,,,0.03030109405517578,3.420106440898962e-05
,imappo,,,,1967.0,0.0,0.0,0.001710053425085789,0.0,0.0,0.0,0.0,0.001710053425085789,0.0,0.0,0.0,0.0,0.0,,,,,,,
-0.007113258820027113,imappo,2.140119977411814e-05,0.8741289377212524,0.00040940313437812605,1968.0,,,,,,,,,,,,,,0.23751250416805597,,,,,0.0273802038282156,4.617135346052237e-05
,imappo,,,,1968.0,0.0,0.0,0.0023085676652954135,0.0,0.0,0.0,0.0,0.0023085676652954135,0.0,0.0,0.0,0.0,0.0,,,,,,,
-0.007471536286175251,imappo,6.586935342056677e-06,0.6923706531524658,0.00040910303434478165,1969.0,,,,,,,,,,,,,,0.2373791263754585,,,,,0.02876049280166626,4.7790548705961555e-05
,imappo,,,,1969.0,0.0,0.0,0.002389527300692862,0.0,0.0,0.0,0.0,0.002389527300692862,0.0,0.0,0.0,0.0,0.0,,,,,,,
-0.00160574063193053,imappo,3.4325428714510053e-05,0.35324209928512573,0.00040880293431143724,1970.0,,,,,,,,,,,,,,0.23724574858286096,,,,,0.02216964215040207,4.421956691658124e-05
,imappo,,,,1970.0,0.0,0.0,0.002210978442576561,0.0,0.0,0.0,0.0,0.002210978442576561,0.0,0.0,0.0,0.0,0.0,,,,,,,
0.00414718221873045,imappo,1.9901208361261524e-05,0.09676354378461838,0.0004085028342780927,1971.0,,,,,,,,,,,,,,0.23711237079026343,,,,,0.01276843436062336,6.027194831403904e-05
,imappo,,,,1971.0,0.0,0.0,0.003013597250173916,0.0,0.0,0.0,0.0,0.003013597250173916,0.0,0.0,0.0,0.0,0.0,,,,,,,
0.0017661380115896463,imappo,4.04008460463956e-06,0.9192157983779907,0.0004082027342447482,1972.0,,,,,,,,,,,,,,0.23697899299766584,,,,,0.02494118921458721,4.727371924673207e-05
,imappo,,,,1972.0,0.0,0.0,0.002363685898302492,0.0,0.0,0.0,0.0,0.002363685898302492,0.0,0.0,0.0,0.0,0.0,,,,,,,
-0.013762470334768295,imappo,8.974312549980823e-06,0.9644912481307983,0.0004079026342114039,1973.0,,,,,,,,,,,,,,0.23684561520506836,,,,,0.027864258736371994,5.9828016674146056e-05
,imappo,,,,1973.0,0.0,0.0,0.0029914011029177345,0.0,0.0,0.0,0.0,0.0029914011029177345,0.0,0.0,0.0,0.0,0.0,,,,,,,
-0.0014741159975528717,imappo,0.004216133616864681,1.3357657194137573,0.0004076025341780594,1974.0,,,,,,,,,,,,,,0.23671223741247083,,,,,0.022497164085507393,0.006727899424731731
,imappo,,,,1974.0,0.0,0.0,0.33639492188922304,0.0,0.0,0.0,0.3333333432674408,0.003061573266677442,0.0,0.0,0.0,0.0,0.0,,,,,,,
0.008062793873250484,imappo,0.0002938446123152971,0.3580337464809418,0.00040730243414471487,1975.0,,,,,,,,,,,,,,0.2365788596198733,,,,,0.019360560923814774,3.422100417083129e-05
,imappo,,,,1975.0,0.0,0.0,0.0017110503101775976,0.0,0.0,0.0,0.0,0.0017110503101775976,0.0,0.0,0.0,0.0,0.0,,,,,,,
-0.010476873256266117,imappo,4.418443131726235e-05,0.3672230839729309,0.00040700233411137046,1976.0,,,,,,,,,,,,,,0.2364454818272757,,,,,0.01824084296822548,3.55256452166941e-05
,imappo,,,,1976.0,0.0,0.0,0.0017762820945108615,0.0,0.0,0.0,0.0,0.0017762820945108615,0.0,0.0,0.0,0.0,0.0,,,,,,,
-0.009550973773002625,imappo,7.627775630680844e-05,0.18719837069511414,0.00040670223407802606,1977.0,,,,,,,,,,,,,,0.23631210403467823,,,,,0.011692944914102554,4.6617529733339325e-05
,imappo,,,,1977.0,0.0,0.0,0.002330876456952069,0.0,0.0,0.0,0.0,0.002330876456952069,0.0,0.0,0.0,0.0,0.0,,,,,,,
0.0010326046030968428,imappo,2.3444568796548992e-05,0.4225232005119324,0.00040640213404468165,1978.0,,,,,,,,,,,,,,0.2361787262420807,,,,,0.016943905502557755,3.123801070614718e-05
,imappo,,,,1978.0,0.0,0.0,0.0015619005362168537,0.0,0.0,0.0,0.0,0.0015619005362168537,0.0,0.0,0.0,0.0,0.0,,,,,,,
-0.00412576412782073,imappo,0.00011432712199166417,0.9293128252029419,0.00040610203401133713,1979.0,,,,,,,,,,,,,,0.23604534844948316,,,,,0.022357095032930374,4.939605787512846e-05
,imappo,,,,1979.0,0.0,0.0,0.0024698029875480643,0.0,0.0,0.0,0.0,0.0024698029875480643,0.0,0.0,0.0,0.0,0.0,,,,,,,
0.001375440158881247,imappo,8.907063602237031e-06,0.5923416614532471,0.0004058019339779927,1980.0,,,,,,,,,,,,,,0.23591197065688563,,,,,0.03184372931718826,5.302082354319282e-05
,imappo,,,,1980.0,0.0,0.0,0.002651041258332043,0.0,0.0,0.0,0.0,0.002651041258332043,0.0,0.0,0.0,0.0,0.0,,,,,,,
0.006442260928452015,imappo,7.588413609482814e-06,0.4947708547115326,0.0004055018339446483,1981.0,,,,,,,,,,,,,,0.2357785928642881,,,,,0.02704247087240219,6.226369441719726e-05
,imappo,,,,1981.0,0.0,0.0,0.0031131845956906545,0.0,0.0,0.0,0.0,0.0031131845956906545,0.0,0.0,0.0,0.0,0.0,,,,,,,
-0.011130419559776783,imappo,2.462949851178564e-06,0.4217771291732788,0.0004052017339113038,1982.0,,,,,,,,,,,,,,0.23564521507169056,,,,,0.013511983677744865,2.1033378288848326e-05
,imappo,,,,1982.0,0.0,0.0,0.0010516688665802576,0.0,0.0,0.0,0.0,0.0010516688665802576,0.0,0.0,0.0,0.0,0.0,,,,,,,
0.000998079776763916,imappo,5.051375410403125e-06,0.4826468825340271,0.0004049016338779593,1983.0,,,,,,,,,,,,,,0.23551183727909303,,,,,0.03074377402663231,5.5345251894323155e-05
,imappo,,,,1983.0,0.0,0.0,0.0027672625021182284,0.0,0.0,0.0,0.0,0.0027672625021182284,0.0,0.0,0.0,0.0,0.0,,,,,,,
-0.0072946734726428986,imappo,3.935390395781724e-06,0.5263312458992004,0.000404601533844615,1984.0,,,,,,,,,,,,,,0.2353784594864955,,,,,0.025615235790610313,5.144551323610358e-05
,imappo,,,,1984.0,0.0,0.0,0.002572275701822946,0.0,0.0,0.0,0.0,0.002572275701822946,0.0,0.0,0.0,0.0,0.0,,,,,,,
0.0059075020253658295,imappo,8.051671102293767e-06,0.9585513472557068,0.00040430143381127047,1985.0,,,,,,,,,,,,,,0.23524508169389796,,,,,0.023446079343557358,5.781023355666548e-05
,imappo,,,,1985.0,0.0,0.0,0.0028905117208068987,0.0,0.0,0.0,0.0,0.0028905117208068987,0.0,0.0,0.0,0.0,0.0,,,,,,,
-0.0059659662656486034,imappo,1.2370993545118836e-06,0.5430158376693726,0.00040400133377792595,1986.0,,,,,,,,,,,,,,0.23511170390130043,,,,,0.026397641748189926,6.0755723097827286e-05
,imappo,,,,1986.0,0.0,0.0,0.0030377862690329493,0.0,0.0,0.0,0.0,0.0030377862690329493,0.0,0.0,0.0,0.0,0.0,,,,,,,
0.00625458313152194,imappo,1.7897998532134807e-06,0.5982227325439453,0.00040370123374458154,1987.0,,,,,,,,,,,,,,0.2349783261087029,,,,,0.024437453597784042,5.869520828127861e-05
,imappo,,,,1987.0,0.0,0.0,0.0029347602626330627,0.0,0.0,0.0,0.0,0.0029347602626330627,0.0,0.0,0.0,0.0,0.0,,,,,,,
-0.011198751628398895,imappo,9.242931469088944e-07,0.4361077845096588,0.00040340113371123713,1988.0,,,,,,,,,,,,,,0.23484494831610536,,,,,0.02055218629539013,5.301475175656378e-05
,imappo,,,,1988.0,0.0,0.0,0.0026507374001596418,0.0,0.0,0.0,0.0,0.0026507374001596418,0.0,0.0,0.0,0.0,0.0,,,,,,,
0.00539532583206892,imappo,2.0006355043733492e-06,0.7155256271362305,0.0004031010336778927,1989.0,,,,,,,,,,,,,,0.23471157052350783,,,,,0.02849697321653366,5.373646126827225e-05
,imappo,,,,1989.0,0.0,0.0,0.0026868230596051035,0.0,0.0,0.0,0.0,0.0026868230596051035,0.0,0.0,0.0,0.0,0.0,,,,,,,
-0.006604343187063932,imappo,5.95895517108147e-06,0.8903957009315491,0.0004028009336445482,1990.0,,,,,,,,,,,,,,0.2345781927309103,,,,,0.025484848767518997,4.6305867726914585e-05
,imappo,,,,1990.0,0.0,0.0,0.0023152931713354974,0.0,0.0,0.0,0.0,0.0023152931713354974,0.0,0.0,0.0,0.0,0.0,,,,,,,
-0.0018960869638249278,imappo,2.5112274215643993e-06,0.4956478774547577,0.0004025008336112037,1991.0,,,,,,,,,,,,,,0.23444481493831276,,,,,0.03242351859807968,5.050842810305767e-05
,imappo,,,,1991.0,0.0,0.0,0.0025254214114056595,0.0,0.0,0.0,0.0,0.0025254214114056595,0.0,0.0,0.0,0.0,0.0,,,,,,,
-0.002537731546908617,imappo,2.100827941831085e-06,0.5075795650482178,0.0004022007335778594,1992.0,,,,,,,,,,,,,,0.23431143714571523,,,,,0.022619593888521194,4.871842611464672e-05
,imappo,,,,1992.0,0.0,0.0,0.00243592106471624,0.0,0.0,0.0,0.0,0.00243592106471624,0.0,0.0,0.0,0.0,0.0,,,,,,,
-0.0033914281520992517,imappo,8.568669613850943e-07,0.5852077007293701,0.0004019006335445149,1993.0,,,,,,,,,,,,,,0.2341780593531177,,,,,0.02508816123008728,4.123788312426768e-05
,imappo,,,,1993.0,0.0,0.0,0.002061894304688394,0.0,0.0,0.0,0.0,0.002061894304688394,0.0,0.0,0.0,0.0,0.0,,,,,,,
-0.005497553385794163,imappo,0.003609556471928954,1.212004542350769,0.00040160053351117036,1994.0,,,,,,,,,,,,,,0.23404468156052016,,,,,0.026071839034557343,0.006702201906591654
,imappo,,,,1994.0,0.0,0.0,0.33511010956840437,0.0,0.0,0.0,0.3333333432674408,0.001776764991291202,0.0,0.0,0.0,0.0,0.0,,,,,,,
-0.0027324073016643524,imappo,0.0003376253298483789,0.7360845804214478,0.00040130043347782606,1995.0,,,,,,,,,,,,,,0.23391130376792263,,,,,0.020473215728998184,5.353723099688068e-05
,imappo,,,,1995.0,0.0,0.0,0.002676861689906218,0.0,0.0,0.0,0.0,0.002676861689906218,0.0,0.0,0.0,0.0,0.0,,,,,,,
-0.011457161977887154,imappo,0.002730944659560919,1.3178027868270874,0.00040100033344448154,1996.0,,,,,,,,,,,,,,0.2337779259753251,,,,,0.027973489835858345,0.0067034633830189705
,imappo,,,,1996.0,0.0,0.0,0.33517316770212346,0.0,0.0,0.0,0.3333333432674408,0.0018398262182017788,0.0,0.0,0.0,0.0,0.0,,,,,,,
-0.008803755976259708,imappo,0.00036763944081030786,0.6698229908943176,0.000400700233411137,1997.0,,,,,,,,,,,,,,0.23364454818272756,,,,,0.028133943676948547,4.20058386225719e-05
,imappo,,,,1997.0,0.0,0.0,0.0021002919011721133,0.0,0.0,0.0,0.0,0.0021002919011721133,0.0,0.0,0.0,0.0,0.0,,,,,,,
-0.009436307474970818,imappo,0.0001622646814212203,0.5810219645500183,0.0004004001333777926,1998.0,,,,,,,,,,,,,,0.23351117039013003,,,,,0.029207292944192886,3.8950358430156484e-05
,imappo,,,,1998.0,0.0,0.0,0.0019475177478511796,0.0,0.0,0.0,0.0,0.0019475177478511796,0.0,0.0,0.0,0.0,0.0,,,,,,,
-0.0022015480790287256,imappo,0.0010702210711315274,1.3553621768951416,0.0004001000333444482,1999.0,,,,,,,,,,,,,,0.2333777925975325,,,,,0.024414267390966415,0.006705797277390957
,imappo,,,,1999.0,0.0,0.0,0.3352898989559776,0.0,0.0,0.0,0.3333333432674408,0.001956543086578222,0.0,0.0,0.0,0.0,0.0,,,,,,,
,imappo,,,,1999.0,,,,,,,,,,,,,,,0.0,0.0,0.0,0.0,,
-0.007590597495436668,imappo,0.00015911791706457734,0.28028422594070435,0.0003997999333111038,2000.0,,,,,,,,,,,,,,0.23324441480493496,,,,,0.018810313194990158,6.692543684039265e-05
,imappo,,,,2000.0,0.0,0.0,0.0033462720011812053,0.0,0.0,0.0,0.0,0.0033462720011812053,0.0,0.0,0.0,0.0,0.0,,,,,,,
-0.0011470334138721228,imappo,0.0003264880506321788,1.036672592163086,0.0003994998332777593,2001.0,,,,,,,,,,,,,,0.23311103701233743,,,,,0.024189844727516174,4.7391200496349484e-05
,imappo,,,,2001.0,0.0,0.0,0.0023695599061284156,0.0,0.0,0.0,0.0,0.0023695599061284156,0.0,0.0,0.0,0.0,0.0,,,,,,,
0.006544187199324369,imappo,0.0020274980925023556,0.8605913519859314,0.00039919973324441477,2002.0,,,,,,,,,,,,,,0.2329776592197399,,,,,0.030251454561948776,0.006709874141961336
,imappo,,,,2002.0,0.0,0.0,0.33549369719685274,0.0,0.0,0.0,0.3333333432674408,0.0021603453728857858,0.0,0.0,0.0,0.0,0.0,,,,,,,
-0.001919502392411232,imappo,0.001379654393531382,0.7941693663597107,0.00039889963321107047,2003.0,,,,,,,,,,,,,,0.23284428142714236,,,,,0.027017612010240555,0.006711950991302729
,imappo,,,,2003.0,0.0,0.0,0.3355975431195475,0.0,0.0,0.0,0.3333333432674408,0.0022642033154625096,0.0,0.0,0.0,0.0,0.0,,,,,,,
-0.008830859325826168,imappo,0.00045717169996351004,1.5519468784332275,0.00039859953317772595,2004.0,,,,,,,,,,,,,,0.23271090363454483,,,,,0.026858694851398468,0.006658738944679499
,imappo,,,,2004.0,0.0,0.0,0.3329369051332378,0.0,0.0,0.0,0.3333333432674408,-0.0003964333611747861,0.0,0.0,0.0,0.0,0.0,,,,,,,
0.0025134398601949215,imappo,0.0001169159440905787,1.3410855531692505,0.00039829943314438144,2005.0,,,,,,,,,,,,,,0.2325775258419473,,,,,0.03282349556684494,0.006675443146377802
,imappo,,,,2005.0,0.0,0.0,0.33377212640539256,0.0,0.0,0.0,0.3333333432674408,0.0004387702304029517,0.0,0.0,0.0,0.0,0.0,,,,,,,
-0.006159336771816015,imappo,0.0006597555475309491,0.24913661181926727,0.000397999333111037,2006.0,,,,,,,,,,,,,,0.23244414804934976,,,,,0.019016724079847336,5.347113619791344e-05
,imappo,,,,2006.0,0.0,0.0,0.0026735571577773953,0.0,0.0,0.0,0.0,0.0026735571577773953,0.0,0.0,0.0,0.0,0.0,,,,,,,
-0.009578724391758442,imappo,0.0004635643563233316,0.47891494631767273,0.0003976992330776926,2007.0,,,,,,,,,,,,,,0.23231077025675223,,,,,0.028481587767601013,3.694804399856366e-05
,imappo,,,,2007.0,0.0,0.0,0.0018474021380825434,0.0,0.0,0.0,0.0,0.0018474021380825434,0.0,0.0,0.0,0.0,0.0,,,,,,,
0.003193479496985674,imappo,9.498804138274863e-05,0.4650164246559143,0.0003973991330443481,2008.0,,,,,,,,,,,,,,0.2321773924641547,,,,,0.02148396149277687,2.4749986550887115e-05
,imappo,,,,2008.0,0.0,0.0,0.0012374992299442056,0.0,0.0,0.0,0.0,0.0012374992299442056,0.0,0.0,0.0,0.0,0.0,,,,,,,
-0.005671393126249313,imappo,0.0007518133497796953,0.705967128276825,0.0003970990330110037,2009.0,,,,,,,,,,,,,,0.23204401467155716,,,,,0.028296547010540962,0.006711674854159355
,imappo,,,,2009.0,0.0,0.0,0.33558372857595486,0.0,0.0,0.0,0.3333333432674408,0.002250413350054714,0.0,0.0,0.0,0.0,0.0,,,,,,,
-0.011139611713588238,imappo,0.00030600850004702806,0.5498893857002258,0.0003967989329776593,2010.0,,,,,,,,,,,,,,0.2319106368789597,,,,,0.03170928359031677,4.6528410166502e-05
,imappo,,,,2010.0,0.0,0.0,0.0023264205246960046,0.0,0.0,0.0,0.0,0.0023264205246960046,0.0,0.0,0.0,0.0,0.0,,,,,,,
-0.005751824472099543,imappo,0.000338037614710629,0.9899041652679443,0.0003964988329443149,2011.0,,,,,,,,,,,,,,0.2317772590863621,,,,,0.03222578391432762,0.006710526533424854
,imappo,,,,2011.0,0.0,0.0,0.3355262831178152,0.0,0.0,0.0,0.3333333432674408,0.0021929418512627308,0.0,0.0,0.0,0.0,0.0,,,,,,,
-0.0023126034066081047,imappo,0.0001286477199755609,0.17833197116851807,0.00039619873291097036,2012.0,,,,,,,,,,,,,,0.23164388129376456,,,,,0.03503118455410004,2.616879100969527e-05
,imappo,,,,2012.0,0.0,0.0,0.0013084394726377013,0.0,0.0,0.0,0.0,0.0013084394726377013,0.0,0.0,0.0,0.0,0.0,,,,,,,
-0.003600203897804022,imappo,3.5215027310187e-05,-0.0040491423569619656,0.00039589863287762584,2013.0,,,,,,,,,,,,,,0.23151050350116703,,,,,0.013192592188715935,4.077692574355751e-05
,imappo,,,,2013.0,0.0,0.0,0.0020388461415450365,0.0,0.0,0.0,0.0,0.0020388461415450365,0.0,0.0,0.0,0.0,0.0,,,,,,,
-0.005629855208098888,imappo,0.000602632004301995,0.9426636695861816,0.00039559853284428154,2014.0,,,,,,,,,,,,,,0.23137712570856955,,,,,0.02945125661790371,0.006710104178637266
,imappo,,,,2014.0,0.0,0.0,0.33550523733970294,0.0,0.0,0.0,0.3333333432674408,0.00217188955389247,0.0,0.0,0.0,0.0,0.0,,,,,,,
-0.003448127768933773,imappo,0.0005286408704705536,1.1205391883850098,0.00039529843281093703,2015.0,,,,,,,,,,,,,,0.23124374791597196,,,,,0.023540757596492767,0.006717141717672348
,imappo,,,,2015.0,0.0,0.0,0.3358571221236275,0.0,0.0,0.0,0.3333333432674408,0.0025237815137302277,0.0,0.0,0.0,0.0,0.0,,,,,,,
-0.0033186518121510744,imappo,0.00028507228125818074,0.08105949312448502,0.0003949983327775925,2016.0,,,,,,,,,,,,,,0.23111037012337443,,,,,0.02888321503996849,3.380479756742716e-05
,imappo,,,,2016.0,0.0,0.0,0.0016902399015066294,0.0,0.0,0.0,0.0,0.0016902399015066294,0.0,0.0,0.0,0.0,0.0,,,,,,,
-0.009833607822656631,imappo,0.0006202312069945037,0.37107744812965393,0.0003946982327442481,2017.0,,,,,,,,,,,,,,0.2309769923307769,,,,,0.027138274163007736,0.006712557747960091
,imappo,,,,2017.0,0.0,0.0,0.33562789760890155,0.0,0.0,0.0,0.3333333432674408,0.0022945719201743486,0.0,0.0,0.0,0.0,0.0,,,,,,,
-0.004888252355158329,imappo,0.00021671949070878327,0.4421981871128082,0.0003943981327109037,2018.0,,,,,,,,,,,,,,0.23084361453817942,,,,,0.019678719341754913,3.5128992749378085e-05
,imappo,,,,2018.0,0.0,0.0,0.0017564496424711251,0.0,0.0,0.0,0.0,0.0017564496424711251,0.0,0.0,0.0,0.0,0.0,,,,,,,
-0.0039206091314554214,imappo,0.0009146854863502085,0.8344100117683411,0.0003940980326775593,2019.0,,,,,,,,,,,,,,0.23071023674558183,,,,,0.026709767058491707,0.006710108369588852
,imappo,,,,2019.0,0.0,0.0,0.3355054248208944,0.0,0.0,0.0,0.3333333432674408,0.002172072269331693,0.0,0.0,0.0,0.0,0.0,,,,,,,
-0.008258426561951637,imappo,0.0009068961953744292,0.7848221659660339,0.00039379793264421477,2020.0,,,,,,,,,,,,,,0.2305768589529843,,,,,0.036021944135427475,0.006712066009640694
,imappo,,,,2020.0,0.0,0.0,0.33560330485556733,0.0,0.0,0.0,0.3333333432674408,0.0022699587941588106,0.0,0.0,0.0,0.0,0.0,,,,,,,
-0.0034886745270341635,imappo,0.000756016350351274,0.6971563696861267,0.00039349783261087025,2021.0,,,,,,,,,,,,,,0.23044348116038676,,,,,0.03599594533443451,6.377964018611237e-05
,imappo,,,,2021.0,0.0,0.0,0.0031889825145299255,0.0,0.0,0.0,0.0,0.0031889825145299255,0.0,0.0,0.0,0.0,0.0,,,,,,,
-0.003225887194275856,imappo,0.00032711244421079755,0.6713232398033142,0.00039319773257752595,2022.0,,,,,,,,,,,,,,0.2303101033677893,,,,,0.02632920816540718,5.319910269463435e-05
,imappo,,,,2022.0,0.0,0.0,0.0026599551297294965,0.0,0.0,0.0,0.0,0.0026599551297294965,0.0,0.0,0.0,0.0,0.0,,,,,,,
-0.009619449265301228,imappo,0.0005266355583444238,0.31895017623901367,0.00039289763254418144,2023.0,,,,,,,,,,,,,,0.2301767255751917,,,,,0.03004305064678192,4.8237234295811504e-05
,imappo,,,,2023.0,0.0,0.0,0.002411861731616227,0.0,0.0,0.0,0.0,0.002411861731616227,0.0,0.0,0.0,0.0,0.0,,,,,,,
-0.002517548156902194,imappo,0.00023650014190934598,0.4211856722831726,0.0003925975325108369,2024.0,,,,,,,,,,,,,,0.23004334778259417,,,,,0.02414255402982235,4.474493835004978e-05
,imappo,,,,2024.0,0.0,0.0,0.0022372467392415274,0.0,0.0,0.0,0.0,0.0022372467392415274,0.0,0.0,0.0,0.0,0.0,,,,,,,
-0.000834702281281352,imappo,0.0021758582442998886,0.7424766421318054,0.0003922974324774926,2025.0,,,,,,,,,,,,,,0.2299099699899967,,,,,0.02683505415916443,0.006713069509714842
,imappo,,,,2025.0,0.0,0.0,0.3356535029797669,0.0,0.0,0.0,0.3333333432674408,0.002320162389878533,0.0,0.0,0.0,0.0,0.0,,,,,,,
-0.01068495586514473,imappo,0.0004194685898255557,0.11487629264593124,0.0003919973324441481,2026.0,,,,,,,,,,,,,,0.22977659219739915,,,,,0.02933461405336857,2.8555248718475923e-05
,imappo,,,,2026.0,0.0,0.0,0.0014277624846954495,0.0,0.0,0.0,0.0,0.0014277624846954495,0.0,0.0,0.0,0.0,0.0,,,,,,,
-0.007593853864818811,imappo,0.0018174982396885753,1.0640960931777954,0.0003916972324108036,2027.0,,,,,,,,,,,,,,0.22964321440480157,,,,,0.028374355286359787,0.006713673938065767
,imappo,,,,2027.0,0.0,0.0,0.33568370511488865,0.0,0.0,0.0,0.3333333432674408,0.0023503621093823313,0.0,0.0,0.0,0.0,0.0,,,,,,,
-0.003902773605659604,imappo,0.0005853440379723907,0.3054622709751129,0.0003913971323774592,2028.0,,,,,,,,,,,,,,0.22950983661220403,,,,,0.032187387347221375,5.0990365707548335e-05
,imappo,,,,2028.0,0.0,0.0,0.0025495185244608365,0.0,0.0,0.0,0.0,0.0025495185244608365,0.0,0.0,0.0,0.0,0.0,,,,,,,
-0.007514240685850382,imappo,0.0015319802332669497,0.5182515382766724,0.00039109703234411477,2029.0,,,,,,,,,,,,,,0.22937645881960655,,,,,0.029014933854341507,0.006708079017698765
,imappo,,,,2029.0,0.0,0.0,0.33540392399345365,0.0,0.0,0.0,0.3333333432674408,0.0020705729989458632,0.0,0.0,0.0,0.0,0.0,,,,,,,
-0.008871112018823624,imappo,0.0016070054844021797,0.8497014045715332,0.00039079693231077036,2030.0,,,,,,,,,,,,,,0.22924308102700902,,,,,0.021514110267162323,0.006706408224999905
,imappo,,,,2030.0,0.0,0.0,0.33532043628861175,0.0,0.0,0.0,0.3333333432674408,0.001987098943800447,0.0,0.0,0.0,0.0,0.0,,,,,,,
-0.014519494026899338,imappo,0.0011399838840588927,1.3354676961898804,0.00039049683227742585,2031.0,,,,,,,,,,,,,,0.22910970323441143,,,,,0.03265892714262009,0.006696863565593958
,imappo,,,,2031.0,0.0,0.0,0.33484317702925637,0.0,0.0,0.0,0.3333333432674408,0.001509840419316788,0.0,0.0,0.0,0.0,0.0,,,,,,,
-0.002272712765261531,imappo,0.0010640114778652787,0.8211119174957275,0.00039019673224408133,2032.0,,,,,,,,,,,,,,0.2289763254418139,,,,,0.019980356097221375,0.006709382403641939
,imappo,,,,2032.0,0.0,0.0,0.33546916349590106,0.0,0.0,0.0,0.3333333432674408,0.002135832844970764,0.0,0.0,0.0,0.0,0.0,,,,,,,
-0.006348042748868465,imappo,0.0006053312681615353,1.086923599243164,0.00038989663221073703,2033.0,,,,,,,,,,,,,,0.22884294764921642,,,,,0.026673240587115288,0.00671498104929924
,imappo,,,,2033.0,0.0,0.0,0.3357490383491779,0.0,0.0,0.0,0.3333333432674408,0.002415696944382262,0.0,0.0,0.0,0.0,0.0,,,,,,,
-0.0032815695740282536,imappo,0.00023485985002480447,0.6112532019615173,0.0003895965321773925,2034.0,,,,,,,,,,,,,,0.2287095698566189,,,,,0.03027382120490074,0.006699366960674524
,imappo,,,,2034.0,0.0,0.0,0.3349683655322906,0.0,0.0,0.0,0.3333333432674408,0.0016350212389397711,0.0,0.0,0.0,0.0,0.0,,,,,,,
-0.009144987910985947,imappo,0.00013755657710134983,0.4781096279621124,0.000389296432144048,2035.0,,,,,,,,,,,,,,0.2285761920640213,,,,,0.03088361956179142,0.006715513300150633
,imappo,,,,2035.0,0.0,0.0,0.33577565618702465,0.0,0.0,0.0,0.3333333432674408,0.0024423345082595915,0.0,0.0,0.0,0.0,0.0,,,,,,,
-0.00379034667275846,imappo,9.586784290149808e-05,0.9368893504142761,0.0003889963321107036,2036.0,,,,,,,,,,,,,,0.22844281427142377,,,,,0.03094155341386795,0.00670222332701087
,imappo,,,,2036.0,0.0,0.0,0.3351111712590864,0.0,0.0,0.0,0.3333333432674408,0.0017778572992028785,0.0,0.0,0.0,0.0,0.0,,,,,,,
-0.00988482590764761,imappo,0.00011143052688566968,0.7086865305900574,0.0003886962320773592,2037.0,,,,,,,,,,,,,,0.2283094364788263,,,,,0.03179345279932022,0.006712278816848993
,imappo,,,,2037.0,0.0,0.0,0.3356139690359896,0.0,0.0,0.0,0.3333333432674408,0.002280643856579445,0.0,0.0,0.0,0.0,0.0,,,,,,,
-0.0046446677297353745,imappo,2.85998667095555e-05,0.8119300603866577,0.00038839613204401467,2038.0,,,,,,,,,,,,,,0.22817605868622876,,,,,0.031198997050523758,0.006709327921271324
,imappo,,,,2038.0,0.0,0.0,0.3354663560410245,0.0,0.0,0.0,0.3333333432674408,0.002133012773583687,0.0,0.0,0.0,0.0,0.0,,,,,,,
0.007801156956702471,imappo,5.597664130618796e-05,0.610137939453125,0.00038809603201067026,2039.0,,,,,,,,,,,,,,0.22804268089363117,,,,,0.02464304119348526,0.006704989820718765
,imappo,,,,2039.0,0.0,0.0,0.335249467605081,0.0,0.0,0.0,0.3333333432674408,0.00191611971013117,0.0,0.0,0.0,0.0,0.0,,,,,,,
-0.0054686591029167175,imappo,2.1049612769274972e-05,0.9523351788520813,0.00038779593197732585,2040.0,,,,,,,,,,,,,,0.2279093031010337,,,,,0.032396599650382996,0.006713259033858776
,imappo,,,,2040.0,0.0,0.0,0.3356629703437193,0.0,0.0,0.0,0.3333333432674408,0.00232962968107131,0.0,0.0,0.0,0.0,0.0,,,,,,,
-0.0017545644659548998,imappo,0.0011085672304034233,0.09348361194133759,0.00038749583194398144,2041.0,,,,,,,,,,,,,,0.22777592530843616,,,,,0.02714144065976143,3.820869460469112e-05
,imappo,,,,2041.0,0.0,0.0,0.0019104348468772514,0.0,0.0,0.0,0.0,0.0019104348468772514,0.0,0.0,0.0,0.0,0.0,,,,,,,
-0.004330839496105909,imappo,0.0003100154863204807,1.3892797231674194,0.0003871957319106369,2042.0,,,,,,,,,,,,,,0.22764254751583862,,,,,0.02616703510284424,0.006716080475598574
,imappo,,,,2042.0,0.0,0.0,0.3358039796256662,0.0,0.0,0.0,0.3333333432674408,0.0024706365182964873,0.0,0.0,0.0,0.0,0.0,,,,,,,
-0.006608420517295599,imappo,0.0005573727539740503,0.04794617369771004,0.0003868956318772924,2043.0,,,,,,,,,,,,,,0.22750916972324103,,,,,0.014452524483203888,4.601498585543595e-05
,imappo,,,,2043.0,0.0,0.0,0.002300749261735291,0.0,0.0,0.0,0.0,0.002300749261735291,0.0,0.0,0.0,0.0,0.0,,,,,,,
-0.005323384422808886,imappo,0.001013587461784482,0.6877666711807251,0.0003865955318439481,2044.0,,,,,,,,,,,,,,0.22737579193064356,,,,,0.024861816316843033,0.00671073654666543
,imappo,,,,2044.0,0.0,0.0,0.3355368468003235,0.0,0.0,0.0,0.3333333432674408,0.002203503023565645,0.0,0.0,0.0,0.0,0.0,,,,,,,
-0.004221612587571144,imappo,0.0008945888257585466,1.0648372173309326,0.0003862954318106036,2045.0,,,,,,,,,,,,,,0.22724241413804602,,,,,0.029275525361299515,0.006709222216159105
,imappo,,,,2045.0,0.0,0.0,0.3354611194708923,0.0,0.0,0.0,0.3333333432674408,0.002127771510515686,0.0,0.0,0.0,0.0,0.0,,,,,,,
-0.007766340859234333,imappo,0.0006904778419993818,0.9666450023651123,0.0003859953317772591,2046.0,,,,,,,,,,,,,,0.2271090363454485,,,,,0.02814086526632309,0.006706520915031433
,imappo,,,,2046.0,0.0,0.0,0.335326060407624,0.0,0.0,0.0,0.3333333432674408,0.0019927561284021067,0.0,0.0,0.0,0.0,0.0,,,,,,,
-0.004603087902069092,imappo,0.00040734908543527126,0.9604671001434326,0.00038569523174391467,2047.0,,,,,,,,,,,,,,0.2269756585528509,,,,,0.026501160115003586,0.0067077018320560455
,imappo,,,,2047.0,0.0,0.0,0.3353850593050538,0.0,0.0,0.0,0.3333333432674408,0.0020517227437721886,0.0,0.0,0.0,0.0,0.0,,,,,,,
-0.007160714827477932,imappo,0.0016497665783390403,0.28276148438453674,0.00038539513171057026,2048.0,,,,,,,,,,,,,,0.22684228076025342,,,,,0.026256347075104713,3.593413202906959e-05
,imappo,,,,2048.0,0.0,0.0,0.0017967066317510216,0.0,0.0,0.0,0.0,0.0017967066317510216,0.0,0.0,0.0,0.0,0.0,,,,,,,
0.011201465502381325,imappo,0.0008481007535010576,0.8523117303848267,0.00038509503167722574,2049.0,,,,,,,,,,,,,,0.2267089029676559,,,,,0.026075031608343124,0.006717932876199484
,imappo,,,,2049.0,0.0,0.0,0.3358966285641145,0.0,0.0,0.0,0.3333333432674408,0.0025632687220422667,0.0,0.0,0.0,0.0,0.0,,,,,,,
0.006123588420450687,imappo,0.00027024614973925054,0.6462750434875488,0.00038479493164388133,2050.0,,,,,,,,,,,,,,0.22657552517505836,,,,,0.031110618263483047,0.006704932078719139
,imappo,,,,2050.0,0.0,0.0,0.33524657386851686,0.0,0.0,0.0,0.3333333432674408,0.0019132124111820303,0.0,0.0,0.0,0.0,0.0,,,,,,,
-0.0026001441292464733,imappo,0.0001031613937811926,1.176281213760376,0.0003844948316105368,2051.0,,,,,,,,,,,,,,0.22644214738246077,,,,,0.02537272498011589,0.0067048454657197
,imappo,,,,2051.0,0.0,0.0,0.3352423086843146,0.0,0.0,0.0,0.3333333432674408,0.0019089798523737045,0.0,0.0,0.0,0.0,0.0,,,,,,,
-0.0032557270023971796,imappo,4.945993350702338e-05,0.6350563764572144,0.0003841947315771925,2052.0,,,,,,,,,,,,,,0.2263087695898633,,,,,0.028349947184324265,0.0066999406553804874
,imappo,,,,2052.0,0.0,0.0,0.3349969780711035,0.0,0.0,0.0,0.3333333432674408,0.0016636417449262808,0.0,0.0,0.0,0.0,0.0,,,,,,,
-0.010895270854234695,imappo,0.0024018818512558937,0.21938015520572662,0.000383894631543848,2053.0,,,,,,,,,,,,,,0.22617539179726576,,,,,0.02598748728632927,3.627065598266199e-05
,imappo,,,,2053.0,0.0,0.0,0.0018135329071355955,0.0,0.0,0.0,0.0,0.0018135329071355955,0.0,0.0,0.0,0.0,0.0,,,,,,,
-0.00611039437353611,imappo,0.00019921321654692292,1.3702611923217773,0.0003835945315105035,2054.0,,,,,,,,,,,,,,0.22604201400466822,,,,,0.026911858469247818,0.006707103922963142
,imappo,,,,2054.0,0.0,0.0,0.33535522378042515,0.0,0.0,0.0,0.3333333432674408,0.002021895639700233,0.0,0.0,0.0,0.0,0.0,,,,,,,
-0.0032374330330640078,imappo,0.0004057120531797409,0.5709303617477417,0.0003832944314771591,2055.0,,,,,,,,,,,,,,0.22590863621207063,,,,,0.031046327203512192,0.006699618883430958
,imappo,,,,2055.0,0.0,0.0,0.3349809307110263,0.0,0.0,0.0,0.3333333432674408,0.001647613760724198,0.0,0.0,0.0,0.0,0.0,,,,,,,
-0.00435103103518486,imappo,0.0002981181023642421,0.932604193687439,0.00038299433144381467,2056.0,,,,,,,,,,,,,,0.22577525841947316,,,,,0.026873648166656494,0.006684965454041958
,imappo,,,,2056.0,0.0,0.0,0.33424826638531613,0.0,0.0,0.0,0.3333333432674408,0.0009149520325308913,0.0,0.0,0.0,0.0,0.0,,,,,,,
-0.00026833947049453855,imappo,0.00027579558081924915,0.43483999371528625,0.00038269423141047015,2057.0,,,,,,,,,,,,,,0.22564188062687562,,,,,0.028896551579236984,0.006694461684674025
,imappo,,,,2057.0,0.0,0.0,0.3347230823435723,0.0,0.0,0.0,0.3333333432674408,0.001389762461059263,0.0,0.0,0.0,0.0,0.0,,,,,,,
-0.006983007770031691,imappo,3.947665754822083e-05,1.0299499034881592,0.00038239413137712574,2058.0,,,,,,,,,,,,,,0.2255085028342781,,,,,0.02484932169318199,0.006709210108965635
,imappo,,,,2058.0,0.0,0.0,0.33546055023884946,0.0,0.0,0.0,0.3333333432674408,0.0021271966322728986,0.0,0.0,0.0,0.0,0.0,,,,,,,
-0.0173514261841774,imappo,1.2649924428842496e-05,0.48493504524230957,0.00038209403134378133,2059.0,,,,,,,,,,,,,,0.22537512504168056,,,,,0.03141915798187256,0.006703739054501057
,imappo,,,,2059.0,0.0,0.0,0.3351868768829718,0.0,0.0,0.0,0.3333333432674408,0.0018535414299094555,0.0,0.0,0.0,0.0,0.0,,,,,,,
-0.01249828189611435,imappo,1.2753357623296324e-05,0.6034505367279053,0.0003817939313104368,2060.0,,,,,,,,,,,,,,0.22524174724908302,,,,,0.027636609971523285,0.006695170886814594
,imappo,,,,2060.0,0.0,0.0,0.33475850187573997,0.0,0.0,0.0,0.3333333432674408,0.0014251612494717847,0.0,0.0,0.0,0.0,0.0,,,,,,,
-0.007507478818297386,imappo,1.992641409742646e-05,0.8410804271697998,0.0003814938312770924,2061.0,,,,,,,,,,,,,,0.2251083694564855,,,,,0.032159626483917236,0.006703176070004702
,imappo,,,,2061.0,0.0,0.0,0.33515876527872024,0.0,0.0,0.0,0.3333333432674408,0.0018254220112794428,0.0,0.0,0.0,0.0,0.0,,,,,,,
0.0018744112458080053,imappo,1.1041519428545143e-05,0.5077105164527893,0.0003811937312437479,2062.0,,,,,,,,,,,,,,0.22497499166388796,,,,,0.028062064200639725,0.006693731062114239
,imappo,,,,2062.0,0.0,0.0,0.3346865261854646,0.0,0.0,0.0,0.3333333432674408,0.001353196145714719,0.0,0.0,0.0,0.0,0.0,,,,,,,
0.000516413536388427,imappo,0.001646912656724453,0.02540791779756546,0.0003808936312104036,2063.0,,,,,,,,,,,,,,0.22484161387129042,,,,,0.021324727684259415,3.7018664443166927e-05
,imappo,,,,2063.0,0.0,0.0,0.0018509332107896626,0.0,0.0,0.0,0.0,0.0018509332107896626,0.0,0.0,0.0,0.0,0.0,,,,,,,
-0.0020540356636047363,imappo,0.00032779210596345365,0.9141104221343994,0.0003805935311770591,2064.0,,,,,,,,,,,,,,0.2247082360786929,,,,,0.0257548950612545,0.006715605966746807
,imappo,,,,2064.0,0.0,0.0,0.3357802847530138,0.0,0.0,0.0,0.3333333432674408,0.0024469414855730065,0.0,0.0,0.0,0.0,0.0,,,,,,,
-0.009386026300489902,imappo,0.00042514613596722484,0.9071971774101257,0.00038029343114371456,2065.0,,,,,,,,,,,,,,0.22457485828609536,,,,,0.027673346921801567,0.006716059986501932
,imappo,,,,2065.0,0.0,0.0,0.3358029882147946,0.0,0.0,0.0,0.3333333432674408,0.0024696449473537996,0.0,0.0,0.0,0.0,0.0,,,,,,,
-0.006140213925391436,imappo,0.00041965302079916,0.7451115846633911,0.00037999333111037015,2066.0,,,,,,,,,,,,,,0.22444148049349782,,,,,0.0243452787399292,0.006713257636874914
,imappo,,,,2066.0,0.0,0.0,0.3356628461874607,0.0,0.0,0.0,0.3333333432674408,0.0023295071028570646,0.0,0.0,0.0,0.0,0.0,,,,,,,
0.004498506896197796,imappo,0.00026882614474743605,0.6271213889122009,0.00037969323107702574,2067.0,,,,,,,,,,,,,,0.2243081027009003,,,,,0.028113165870308876,0.006669577211141586
,imappo,,,,2067.0,0.0,0.0,0.33347888338806797,0.0,0.0,0.0,0.3333333432674408,0.00014554674174860338,0.0,0.0,0.0,0.0,0.0,,,,,,,
0.003369199112057686,imappo,0.00015259477368090302,0.9045057892799377,0.00037939313104368123,2068.0,,,,,,,,,,,,,,0.22417472490830276,,,,,0.032318614423274994,0.006695938762277365
,imappo,,,,2068.0,0.0,0.0,0.3347968990821144,0.0,0.0,0.0,0.3333333432674408,0.001463526012351224,0.0,0.0,0.0,0.0,0.0,,,,,,,
-0.01406661607325077,imappo,7.276433461811393e-05,0.36710765957832336,0.0003790930310103368,2069.0,,,,,,,,,,,,,,0.22404134711570522,,,,,0.02501548081636429,0.006698237266391516
,imappo,,,,2069.0,0.0,0.0,0.3349118808430376,0.0,0.0,0.0,0.3333333432674408,0.0015785629864240036,0.0,0.0,0.0,0.0,0.0,,,,,,,
-0.006391613744199276,imappo,2.333541851839982e-05,0.685873806476593,0.0003787929309769923,2070.0,,,,,,,,,,,,,,0.2239079693231077,,,,,0.03296502307057381,0.006704267114400864
,imappo,,,,2070.0,0.0,0.0,0.3352133513865283,0.0,0.0,0.0,0.3333333432674408,0.0018799892598053702,0.0,0.0,0.0,0.0,0.0,,,,,,,
-0.014823470264673233,imappo,8.349070412805304e-05,0.27376988530158997,0.0003784928309436479,2071.0,,,,,,,,,,,,,,0.22377459153051016,,,,,0.02533545158803463,0.006696464028209448
,imappo,,,,2071.0,0.0,0.0,0.33482315917851224,0.0,0.0,0.0,0.3333333432674408,0.0014898477624853967,0.0,0.0,0.0,0.0,0.0,,,,,,,
-0.00555428909137845,imappo,5.4354452004190534e-05,0.5330131649971008,0.0003781927309103035,2072.0,,,,,,,,,,,,,,0.22364121373791263,,,,,0.027011726051568985,0.0066907149739563465
,imappo,,,,2072.0,0.0,0.0,0.33453580515919157,0.0,0.0,0.0,0.3333333432674408,0.0012024946499309408,0.0,0.0,0.0,0.0,0.0,,,,,,,
-0.004545301664620638,imappo,1.456734025850892e-05,0.601093590259552,0.00037789263087695897,2073.0,,,,,,,,,,,,,,0.2235078359453151,,,,,0.034799013286828995,0.006703756283968687
,imappo,,,,2073.0,0.0,0.0,0.33518777052697146,0.0,0.0,0.0,0.3333333432674408,0.0018544217661826679,0.0,0.0,0.0,0.0,0.0,,,,,,,
0.009384200908243656,imappo,7.706121323280968e-06,0.7268080115318298,0.00037759253084361467,2074.0,,,,,,,,,,,,,,0.22337445815271756,,,,,0.03124261647462845,0.006720494478940964
,imappo,,,,2074.0,0.0,0.0,0.3360247499427942,0.0,0.0,0.0,0.3333333432674408,0.0026914066753533916,0.0,0.0,0.0,0.0,0.0,,,,,,,
-0.010472672991454601,imappo,9.109736311074812e-06,0.5014274716377258,0.00037729243081027015,2075.0,,,,,,,,,,,,,,0.22324108036012003,,,,,0.03031856194138527,0.006696783471852541
,imappo,,,,2075.0,0.0,0.0,0.33483917352350545,0.0,0.0,0.0,0.3333333432674408,0.0015058302560646553,0.0,0.0,0.0,0.0,0.0,,,,,,,
-0.007810314651578665,imappo,2.549481541791465e-05,0.6559514999389648,0.00037699233077692564,2076.0,,,,,,,,,,,,,,0.2231077025675225,,,,,0.03557008132338524,0.006721668876707554
,imappo,,,,2076.0,0.0,0.0,0.33608339520685604,0.0,0.0,0.0,0.3333333432674408,0.0027500519394152434,0.0,0.0,0.0,0.0,0.0,,,,,,,
-0.0012105939676985145,imappo,3.0634131690021604e-05,0.5044566988945007,0.00037669223074358123,2077.0,,,,,,,,,,,,,,0.22297432477492496,,,,,0.03140435367822647,0.006697337608784437
,imappo,,,,2077.0,0.0,0.0,0.3348668968653783,0.0,0.0,0.0,0.3333333432674408,0.0015335535979374981,0.0,0.0,0.0,0.0,0.0,,,,,,,
-0.0035072334576398134,imappo,6.931108600838343e-06,0.320095032453537,0.0003763921307102368,2078.0,,,,,,,,,,,,,,0.22284094698232743,,,,,0.03282732143998146,0.006691532675176859
,imappo,,,,2078.0,0.0,0.0,0.3345766379595716,0.0,0.0,0.0,0.3333333432674408,0.0012432908868049708,0.0,0.0,0.0,0.0,0.0,,,,,,,
-0.006789469625800848,imappo,4.200973307888489e-06,0.31449198722839355,0.0003760920306768923,2079.0,,,,,,,,,,,,,,0.2227075691897299,,,,,0.02902960032224655,0.0066900537349283695
,imappo,,,,2079.0,0.0,0.0,0.3345027194357577,0.0,0.0,0.0,0.3333333432674408,0.001169369958287092,0.0,0.0,0.0,0.0,0.0,,,,,,,
0.003602854209020734,imappo,5.822528692078777e-06,0.4593883156776428,0.0003757919306435479,2080.0,,,,,,,,,,,,,,0.22257419139713236,,,,,0.02637501433491707,0.006693301256746054
,imappo,,,,2080.0,0.0,0.0,0.334665040521827,0.0,0.0,0.0,0.3333333432674408,0.0013316972543861993,0.0,0.0,0.0,0.0,0.0,,,,,,,
-0.006247489247471094,imappo,3.32493277710455e-06,0.40164899826049805,0.0003754918306102034,2081.0,,,,,,,,,,,,,,0.22244081360453483,,,,,0.02723720669746399,0.006698803976178169
,imappo,,,,2081.0,0.0,0.0,0.33494017026532674,0.0,0.0,0.0,0.3333333432674408,0.0016068269978859462,0.0,0.0,0.0,0.0,0.0,,,,,,,
0.0031052888371050358,imappo,2.5617396204324905e-06,0.35559025406837463,0.00037519173057685897,2082.0,,,,,,,,,,,,,,0.2223074358119373,,,,,0.025479264557361603,0.0066926791332662106
,imappo,,,,2082.0,0.0,0.0,0.33463394411950276,0.0,0.0,0.0,0.3333333432674408,0.0013006072603616303,0.0,0.0,0.0,0.0,0.0,,,,,,,
-0.003997900523245335,imappo,4.076856384926941e-06,0.4071723222732544,0.00037489163054351456,2083.0,,,,,,,,,,,,,,0.22217405801933976,,,,,0.029809020459651947,0.006698086392134428
,imappo,,,,2083.0,0.0,0.0,0.33490433042959467,0.0,0.0,0.0,0.3333333432674408,0.001570990945651829,0.0,0.0,0.0,0.0,0.0,,,,,,,
-0.01534410659223795,imappo,5.356700057745911e-06,0.5543102622032166,0.00037459153051017005,2084.0,,,,,,,,,,,,,,0.22204068022674223,,,,,0.03121679089963436,0.006710798945277929
,imappo,,,,2084.0,0.0,0.0,0.3355399704082629,0.0,0.0,0.0,0.3333333432674408,0.0022066271408220928,0.0,0.0,0.0,0.0,0.0,,,,,,,
0.006866104900836945,imappo,3.5756199849856785e-06,0.6425547003746033,0.00037429143047682564,2085.0,,,,,,,,,,,,,,0.2219073024341447,,,,,0.03370973467826843,0.006705469451844692
,imappo,,,,2085.0,0.0,0.0,0.3352734298772475,0.0,0.0,0.0,0.3333333432674408,0.0019401158264145124,0.0,0.0,0.0,0.0,0.0,,,,,,,
-0.002655213698744774,imappo,5.31688101546024e-06,0.5504960417747498,0.00037399133044348123,2086.0,,,,,,,,,,,,,,0.22177392464154716,,,,,0.03139147534966469,0.006699165794998407
,imappo,,,,2086.0,0.0,0.0,0.3349582971448797,0.0,0.0,0.0,0.3333333432674408,0.0016249538774388839,0.0,0.0,0.0,0.0,0.0,,,,,,,
-0.0021805281285196543,imappo,3.737871338671539e-06,0.5397123098373413,0.0003736912304101367,2087.0,,,,,,,,,,,,,,0.22164054684894963,,,,,0.030286945402622223,0.006698618642985821
,imappo,,,,2087.0,0.0,0.0,0.33493095247467863,0.0,0.0,0.0,0.3333333432674408,0.0015976092072378378,0.0,0.0,0.0,0.0,0.0,,,,,,,
-0.0046501196920871735,imappo,2.1199207367317285e-06,0.4405434727668762,0.0003733911303767923,2088.0,,,,,,,,,,,,,,0.2215071690563521,,,,,0.027845770120620728,0.00669138552621007
,imappo,,,,2088.0,0.0,0.0,0.33456927662246017,0.0,0.0,0.0,0.3333333432674408,0.001235903552696982,0.0,0.0,0.0,0.0,0.0,,,,,,,
-0.0015519852750003338,imappo,8.406929737247992e-06,0.42475733160972595,0.0003730910303434479,2089.0,,,,,,,,,,,,,,0.22137379126375462,,,,,0.026642195880413055,0.00669140974059701
,imappo,,,,2089.0,0.0,0.0,0.3345705042983127,0.0,0.0,0.0,0.3333333432674408,0.0012371604851750817,0.0,0.0,0.0,0.0,0.0,,,,,,,
-0.003034037770703435,imappo,3.2771279165899614e-06,0.583574652671814,0.0003727909303101034,2090.0,,,,,,,,,,,,,,0.22124041347115703,,,,,0.03278936445713043,0.006705733481794596
,imappo,,,,2090.0,0.0,0.0,0.33528671397391463,0.0,0.0,0.0,0.3333333432674408,0.001953371240517754,0.0,0.0,0.0,0.0,0.0,,,,,,,
-0.007120560854673386,imappo,4.34976664109854e-06,0.62803053855896,0.00037249083027675897,2091.0,,,,,,,,,,,,,,0.2211070356785595,,,,,0.03327729552984238,0.006707977503538132
,imappo,,,,2091.0,0.0,0.0,0.33539888346611235,0.0,0.0,0.0,0.3333333432674408,0.002065540198671556,0.0,0.0,0.0,0.0,0.0,,,,,,,
-0.0019557608757168055,imappo,1.9926826553273713e-06,0.49592670798301697,0.00037219073024341446,2092.0,,,,,,,,,,,,,,0.22097365788596196,,,,,0.03192548826336861,0.0067020743153989315
,imappo,,,,2092.0,0.0,0.0,0.3351037486420694,0.0,0.0,0.0,0.3333333432674408,0.0017704053746285808,0.0,0.0,0.0,0.0,0.0,,,,,,,
0.0029902514070272446,imappo,2.090980160573963e-06,0.4189644753932953,0.00037189063021007005,2093.0,,,,,,,,,,,,,,0.22084028009336448,,,,,0.025528114289045334,0.00669490359723568
,imappo,,,,2093.0,0.0,0.0,0.33474517343051957,0.0,0.0,0.0,0.3333333432674408,0.0014118301630787755,0.0,0.0,0.0,0.0,0.0,,,,,,,
-0.008239601738750935,imappo,9.383113592775771e-07,0.5540188550949097,0.00037159053017672564,2094.0,,,,,,,,,,,,,,0.2207069023007669,,,,,0.030090490356087685,0.006708069238811731
,imappo,,,,2094.0,0.0,0.0,0.33540346967720325,0.0,0.0,0.0,0.3333333432674408,0.0020701264097624517,0.0,0.0,0.0,0.0,0.0,,,,,,,
0.006244405172765255,imappo,1.6306939869537018e-06,0.3318253457546234,0.0003712904301433811,2095.0,,,,,,,,,,,,,,0.22057352450816936,,,,,0.028974687680602074,0.006695634685456753
,imappo,,,,2095.0,0.0,0.0,0.3347817483725066,0.0,0.0,0.0,0.3333333432674408,0.0014484051050658309,0.0,0.0,0.0,0.0,0.0,,,,,,,
-0.006183180026710033,imappo,6.538044544868171e-05,0.1391681730747223,0.0003709903301100367,2096.0,,,,,,,,,,,,,,0.22044014671557183,,,,,0.02736886590719223,0.006686264183372259
,imappo,,,,2096.0,0.0,0.0,0.334313249085497,0.0,0.0,0.0,0.3333333432674408,0.0009798943511469815,0.0,0.0,0.0,0.0,0.0,,,,,,,
-0.00559699023142457,imappo,2.0610987121472135e-06,0.4349140524864197,0.0003706902300766923,2097.0,,,,,,,,,,,,,,0.22030676892297435,,,,,0.030167199671268463,0.00670325942337513
,imappo,,,,2097.0,0.0,0.0,0.3351629255689659,0.0,0.0,0.0,0.3333333432674408,0.0018296121038474666,0.0,0.0,0.0,0.0,0.0,,,,,,,
-0.0017773647559806705,imappo,2.716431117733009e-05,0.5148332118988037,0.0003703901300433478,2098.0,,,,,,,,,,,,,,0.22017339113037676,,,,,0.03466925024986267,0.0067290556617081165
,imappo,,,,2098.0,0.0,0.0,0.3364527967764843,0.0,0.0,0.0,0.3333333432674408,0.0031194633061204513,0.0,0.0,0.0,0.0,0.0,,,,,,,
0.00033319625072181225,imappo,1.1303893188596703e-05,0.5856285095214844,0.0003700900300100034,2099.0,,,,,,,,,,,,,,0.22004001333777923,,,,,0.02848644182085991,0.006712058093398809
,imappo,,,,2099.0,0.0,0.0,0.33560293070988223,0.0,0.0,0.0,0.3333333432674408,0.002269587442441434,0.0,0.0,0.0,0.0,0.0,,,,,,,
,imappo,,,,2099.0,,,,,,,,,,,,,,,0.0,0.0,0.3333333432674408,0.0,,
-0.005476401187479496,imappo,2.3915156361908885e-06,0.39416274428367615,0.00036978992997665887,2100.0,,,,,,,,,,,,,,0.2199066355451817,,,,,0.0294187031686306,0.0066939848475158215
,imappo,,,,2100.0,0.0,0.0,0.33469920210450255,0.0,0.0,0.0,0.3333333432674408,0.0013658588370617508,0.0,0.0,0.0,0.0,0.0,,,,,,,
-0.005917408969253302,imappo,4.601679847837659e-06,0.4036899507045746,0.00036948982994331446,2101.0,,,,,,,,,,,,,,0.21977325775258422,,,,,0.029789868742227554,0.006702865473926067
,imappo,,,,2101.0,0.0,0.0,0.3351432984281928,0.0,0.0,0.0,0.3333333432674408,0.001809955160751997,0.0,0.0,0.0,0.0,0.0,,,,,,,
-0.0012639892520383,imappo,5.403772775025573e-06,0.6548956036567688,0.00036918972990997005,2102.0,,,,,,,,,,,,,,0.21963987995998663,,,,,0.024632753804326057,0.006712398026138544
,imappo,,,,2102.0,0.0,0.0,0.33561993343079166,0.0,0.0,0.0,0.3333333432674408,0.0022865901633508656,0.0,0.0,0.0,0.0,0.0,,,,,,,
-0.0002832562895491719,imappo,1.4380630091181956e-06,0.2698746919631958,0.00036888962987662553,2103.0,,,,,,,,,,,,,,0.2195065021673891,,,,,0.03160813823342323,0.006700240541249514
,imappo,,,,2103.0,0.0,0.0,0.3350120201298523,0.0,0.0,0.0,0.3333333432674408,0.0016786768624115211,0.0,0.0,0.0,0.0,0.0,,,,,,,
-0.004353368189185858,imappo,1.7232755453733262e-06,0.23179104924201965,0.0003685895298432811,2104.0,,,,,,,,,,,,,,0.21937312437479162,,,,,0.03677826374769211,0.006694043055176735
,imappo,,,,2104.0,0.0,0.0,0.33470216885636006,0.0,0.0,0.0,0.3333333432674408,0.0013688266657609915,0.0,0.0,0.0,0.0,0.0,,,,,,,
-0.006754421629011631,imappo,2.1510238639166346e-06,0.4046066105365753,0.0003682894298099367,2105.0,,,,,,,,,,,,,,0.21923974658219408,,,,,0.02866731956601143,0.006684825289994478
,imappo,,,,2105.0,0.0,0.0,0.33424129257829804,0.0,0.0,0.0,0.3333333432674408,0.0009079476373869966,0.0,0.0,0.0,0.0,0.0,,,,,,,
-0.0018733663018792868,imappo,2.1994444523443235e-06,0.44740670919418335,0.0003679893297765922,2106.0,,,,,,,,,,,,,,0.2191063687895965,,,,,0.02641875296831131,0.006710570305585861
,imappo,,,,2106.0,0.0,0.0,0.3355285174450273,0.0,0.0,0.0,0.3333333432674408,0.002195174177586523,0.0,0.0,0.0,0.0,0.0,,,,,,,
-0.005793286487460136,imappo,3.67318051530674e-07,0.16892221570014954,0.0003676892297432478,2107.0,,,,,,,,,,,,,,0.21897299099699896,,,,,0.03232540935277939,0.006696928292512894
,imappo,,,,2107.0,0.0,0.0,0.33484639358641743,0.0,0.0,0.0,0.3333333432674408,0.0015130503189766387,0.0,0.0,0.0,0.0,0.0,,,,,,,
-0.005994492210447788,imappo,1.0762014426290989e-06,0.5098632574081421,0.0003673891297099034,2108.0,,,,,,,,,,,,,,0.21883961320440148,,,,,0.03136918693780899,0.006705105304718018
,imappo,,,,2108.0,0.0,0.0,0.3352552928697037,0.0,0.0,0.0,0.3333333432674408,0.0019219496022628846,0.0,0.0,0.0,0.0,0.0,,,,,,,
-0.005148916970938444,imappo,2.426801984256599e-06,0.43374526500701904,0.00036708902967655887,2109.0,,,,,,,,,,,,,,0.21870623541180395,,,,,0.02723907120525837,0.0066887373104691505
,imappo,,,,2109.0,0.0,0.0,0.3344368257719452,0.0,0.0,0.0,0.3333333432674408,0.0011034825045044272,0.0,0.0,0.0,0.0,0.0,,,,,,,
-0.0009430345380678773,imappo,2.433619101793738e-07,0.5161256194114685,0.00036678892964321446,2110.0,,,,,,,,,,,,,,0.21857285761920636,,,,,0.030092688277363777,0.006707671098411083
,imappo,,,,2110.0,0.0,0.0,0.3353835325433465,0.0,0.0,0.0,0.3333333432674408,0.0020501892759057228,0.0,0.0,0.0,0.0,0.0,,,,,,,
-0.012994925491511822,imappo,7.651204327885353e-07,0.5674611330032349,0.00036648882960986994,2111.0,,,,,,,,,,,,,,0.21843947982660883,,,,,0.026585988700389862,0.006710992660373449
,imappo,,,,2111.0,0.0,0.0,0.3355496645533549,0.0,0.0,0.0,0.3333333432674408,0.0022163212859140913,0.0,0.0,0.0,0.0,0.0,,,,,,,
0.0027800193056464195,imappo,4.2753680418172735e-07,0.5835727453231812,0.00036618872957652553,2112.0,,,,,,,,,,,,,,0.21830610203401135,,,,,0.028339283540844917,0.006707958411425352
,imappo,,,,2112.0,0.0,0.0,0.33539793184263544,0.0,0.0,0.0,0.3333333432674408,0.002064588575194648,0.0,0.0,0.0,0.0,0.0,,,,,,,
-0.005206502974033356,imappo,9.408655188281045e-08,0.6114253997802734,0.0003658886295431811,2113.0,,,,,,,,,,,,,,0.21817272424141382,,,,,0.03188919275999069,0.00670084310695529
,imappo,,,,2113.0,0.0,0.0,0.3350422002268658,0.0,0.0,0.0,0.3333333432674408,0.0017088569594250202,0.0,0.0,0.0,0.0,0.0,,,,,,,
-0.006168013904243708,imappo,1.6808385794320202e-07,0.4273312985897064,0.0003655885295098366,2114.0,,,,,,,,,,,,,,0.21803934644881623,,,,,0.029983829706907272,0.006699424237012863
,imappo,,,,2114.0,0.0,0.0,0.33497122669234614,0.0,0.0,0.0,0.3333333432674408,0.0016378845817826004,0.0,0.0,0.0,0.0,0.0,,,,,,,
-0.00501080509275198,imappo,2.1561136520631408e-07,0.4117707312107086,0.0003652884294764922,2115.0,,,,,,,,,,,,,,0.2179059686562187,,,,,0.028594400733709335,0.00669894041493535
,imappo,,,,2115.0,0.0,0.0,0.33494705273551517,0.0,0.0,0.0,0.3333333432674408,0.0016137133461597841,0.0,0.0,0.0,0.0,0.0,,,,,,,
-0.008996904827654362,imappo,1.0493426088942215e-05,0.1414753943681717,0.0003649883294431478,2116.0,,,,,,,,,,,,,,0.21777259086362122,,,,,0.03363160416483879,0.006684998050332069
,imappo,,,,2116.0,0.0,0.0,0.33424994634867744,0.0,0.0,0.0,0.3333333432674408,0.0009165732789142567,0.0,0.0,0.0,0.0,0.0,,,,,,,
-0.005633940454572439,imappo,1.2596890428540064e-06,0.5058134198188782,0.0003646882294098033,2117.0,,,,,,,,,,,,,,0.21763921307102368,,,,,0.02756694331765175,0.006702995393425226
,imappo,,,,2117.0,0.0,0.0,0.3351497616824872,0.0,0.0,0.0,0.3333333432674408,0.001816418415046428,0.0,0.0,0.0,0.0,0.0,,,,,,,
-0.005682333838194609,imappo,1.089679244614672e-06,0.6685861945152283,0.00036438812937645887,2118.0,,,,,,,,,,,,,,0.2175058352784261,,,,,0.02925598807632923,0.006710025016218424
,imappo,,,,2118.0,0.0,0.0,0.3355012367028394,0.0,0.0,0.0,0.3333333432674408,0.0021678934353985824,0.0,0.0,0.0,0.0,0.0,,,,,,,
-0.005222327541559935,imappo,7.654007845303568e-07,0.6200730800628662,0.00036408802934311446,2119.0,,,,,,,,,,,,,,0.21737245748582862,,,,,0.03026142716407776,0.006703479681164026
,imappo,,,,2119.0,0.0,0.0,0.3351739785812242,0.0,0.0,0.0,0.3333333432674408,0.001840635804910562,0.0,0.0,0.0,0.0,0.0,,,,,,,
-0.011151764541864395,imappo,7.459659627784276e-07,0.5647773742675781,0.00036378792930976994,2120.0,,,,,,,,,,,,,,0.21723907969323109,,,,,0.028809620067477226,0.006706150248646736
,imappo,,,,2120.0,0.0,0.0,0.33530751939400716,0.0,0.0,0.0,0.3333333432674408,0.0019741761265663627,0.0,0.0,0.0,0.0,0.0,,,,,,,
-0.0029470818117260933,imappo,3.082369346429914e-07,0.42882925271987915,0.00036348782927642554,2121.0,,,,,,,,,,,,,,0.21710570190063355,,,,,0.032707855105400085,0.006700911093503237
,imappo,,,,2121.0,0.0,0.0,0.33504554117735097,0.0,0.0,0.0,0.3333333432674408,0.0017121979099101736,0.0,0.0,0.0,0.0,0.0,,,,,,,
0.002475404879078269,imappo,5.76790569084551e-07,0.6099917888641357,0.000363187729243081,2122.0,,,,,,,,,,,,,,0.21697232410803596,,,,,0.031176675111055374,0.00669878302142024
,imappo,,,,2122.0,0.0,0.0,0.3349391503667789,0.0,0.0,0.0,0.3333333432674408,0.0016058083580787752,0.0,0.0,0.0,0.0,0.0,,,,,,,
-0.009493730030953884,imappo,6.783192816328665e-07,0.6477562189102173,0.0003628876292097366,2123.0,,,,,,,,,,,,,,0.21683894631543849,,,,,0.02544354647397995,0.006709441542625427
,imappo,,,,2123.0,0.0,0.0,0.3354720757306495,0.0,0.0,0.0,0.3333333432674408,0.0021387324632087257,0.0,0.0,0.0,0.0,0.0,,,,,,,
-0.003724440233781934,imappo,1.1507704584801104e-06,0.2278498262166977,0.0003625875291763922,2124.0,,,,,,,,,,,,,,0.21670556852284095,,,,,0.030986230820417404,0.006688552908599377
,imappo,,,,2124.0,0.0,0.0,0.3344276997539737,0.0,0.0,0.0,0.3333333432674408,0.001094356486532888,0.0,0.0,0.0,0.0,0.0,,,,,,,
0.00046128506073728204,imappo,1.5888612097114674e-06,0.36832353472709656,0.0003622874291430477,2125.0,,,,,,,,,,,,,,0.21657219073024342,,,,,0.030678970739245415,0.0067016989924013615
,imappo,,,,2125.0,0.0,0.0,0.3350849235048372,0.0,0.0,0.0,0.3333333432674408,0.0017515777108201291,0.0,0.0,0.0,0.0,0.0,,,,,,,
-0.009047184139490128,imappo,1.5091791283339262e-07,0.39557814598083496,0.0003619873291097033,2126.0,,,,,,,,,,,,,,0.21643881293764583,,,,,0.027140021324157715,0.0067011527717113495
,imappo,,,,2126.0,0.0,0.0,0.3350576341111946,0.0,0.0,0.0,0.3333333432674408,0.0017242908437538063,0.0,0.0,0.0,0.0,0.0,,,,,,,
-0.004411166533827782,imappo,3.166129999954137e-06,0.5857869982719421,0.00036168722907635887,2127.0,,,,,,,,,,,,,,0.21630543514504835,,,,,0.027570798993110657,0.006715305615216494
,imappo,,,,2127.0,0.0,0.0,0.3357652811200751,0.0,0.0,0.0,0.3333333432674408,0.0024319408212249982,0.0,0.0,0.0,0.0,0.0,,,,,,,
-0.010171664878726006,imappo,3.1526434440820594e-07,0.3344709873199463,0.00036138712904301435,2128.0,,,,,,,,,,,,,,0.21617205735245082,,,,,0.0293319933116436,0.006696760654449463
,imappo,,,,2128.0,0.0,0.0,0.33483801832994686,0.0,0.0,0.0,0.3333333432674408,0.0015046750625060668,0.0,0.0,0.0,0.0,0.0,,,,,,,
-0.0026632724329829216,imappo,4.801971726919874e-07,0.2890337407588959,0.00036108702900966994,2129.0,,,,,,,,,,,,,,0.21603867955985329,,,,,0.031396348029375076,0.006702640559524298
,imappo,,,,2129.0,0.0,0.0,0.3351320433498408,0.0,0.0,0.0,0.3333333432674408,0.0017987000824000177,0.0,0.0,0.0,0.0,0.0,,,,,,,
-0.004313657525926828,imappo,6.537705417031248e-07,0.5567123889923096,0.00036078692897632543,2130.0,,,,,,,,,,,,,,0.2159053017672557,,,,,0.030727695673704147,0.006706285290420055
,imappo,,,,2130.0,0.0,0.0,0.33531427392813384,0.0,0.0,0.0,0.3333333432674408,0.0019809306606930477,0.0,0.0,0.0,0.0,0.0,,,,,,,
-0.0005450845346786082,imappo,8.188814035747782e-07,0.85457843542099,0.000360486828942981,2131.0,,,,,,,,,,,,,,0.21577192397465822,,,,,0.03199588134884834,0.006710320711135864
,imappo,,,,2131.0,0.0,0.0,0.33551602012164494,0.0,0.0,0.0,0.3333333432674408,0.0021826768542041464,0.0,0.0,0.0,0.0,0.0,,,,,,,
-0.01633106917142868,imappo,1.875400386097681e-07,0.4600713551044464,0.0003601867289096366,2132.0,,,,,,,,,,,,,,0.2156385461820607,,,,,0.027658022940158844,0.006703387014567852
,imappo,,,,2132.0,0.0,0.0,0.33516937183685513,0.0,0.0,0.0,0.3333333432674408,0.0018360285694143386,0.0,0.0,0.0,0.0,0.0,,,,,,,
-0.001907192636281252,imappo,3.088104563175875e-07,0.5596204400062561,0.0003598866288762921,2133.0,,,,,,,,,,,,,,0.21550516838946315,,,,,0.03148500621318817,0.006705815903842449
,imappo,,,,2133.0,0.0,0.0,0.33529084222573147,0.0,0.0,0.0,0.3333333432674408,0.001957498958290671,0.0,0.0,0.0,0.0,0.0,,,,,,,
0.0016129488358274102,imappo,1.594591623188535e-07,0.5423998236656189,0.0003595865288429477,2134.0,,,,,,,,,,,,,,0.21537179059686562,,,,,0.030396172776818275,0.006705258507281542
,imappo,,,,2134.0,0.0,0.0,0.3352629544751835,0.0,0.0,0.0,0.3333333432674408,0.0019296112077427097,0.0,0.0,0.0,0.0,0.0,,,,,,,
-0.002821870381012559,imappo,7.734704610129484e-08,0.3453197777271271,0.0003592864288096033,2135.0,,,,,,,,,,,,,,0.2152384128042681,,,,,0.02942110411822796,0.006703770253807306
,imappo,,,,2135.0,0.0,0.0,0.3351884841767969,0.0,0.0,0.0,0.3333333432674408,0.0018551409093561233,0.0,0.0,0.0,0.0,0.0,,,,,,,
-0.0015357608208432794,imappo,2.8480141622821975e-07,0.43197768926620483,0.00035898632877625876,2136.0,,,,,,,,,,,,,,0.21510503501167055,,,,,0.02928769588470459,0.006704553496092558
,imappo,,,,2136.0,0.0,0.0,0.3352276650512067,0.0,0.0,0.0,0.3333333432674408,0.00189434614367201,0.0,0.0,0.0,0.0,0.0,,,,,,,
-0.0021143213380128145,imappo,9.773956577419085e-08,0.13039574027061462,0.00035868622874291435,2137.0,,,,,,,,,,,,,,0.21497165721907302,,,,,0.029369890689849854,0.0066972943022847176
,imappo,,,,2137.0,0.0,0.0,0.334864742820173,0.0,0.0,0.0,0.3333333432674408,0.0015313995527321822,0.0,0.0,0.0,0.0,0.0,,,,,,,
-0.007139360997825861,imappo,5.894148671359289e-07,0.46010249853134155,0.00035838612870956995,2138.0,,,,,,,,,,,,,,0.2148382794264755,,,,,0.03058430552482605,0.006703383754938841
,imappo,,,,2138.0,0.0,0.0,0.3351692307946905,0.0,0.0,0.0,0.3333333432674408,0.0018358875272497244,0.0,0.0,0.0,0.0,0.0,,,,,,,
-0.006052826996892691,imappo,2.872351387850358e-07,0.5152888894081116,0.00035808602867622543,2139.0,,,,,,,,,,,,,,0.21470490163387795,,,,,0.02936931513249874,0.0067028808407485485
,imappo,,,,2139.0,0.0,0.0,0.33514406186077395,0.0,0.0,0.0,0.3333333432674408,0.0018107185933331493,0.0,0.0,0.0,0.0,0.0,,,,,,,
-0.006202587857842445,imappo,1.7719679590300075e-07,0.3268996775150299,0.000357785928642881,2140.0,,,,,,,,,,,,,,0.21457152384128042,,,,,0.030085597187280655,0.006700473837554455
,imappo,,,,2140.0,0.0,0.0,0.33502365401758993,0.0,0.0,0.0,0.3333333432674408,0.0016903107501491377,0.0,0.0,0.0,0.0,0.0,,,,,,,
-0.0008157422416843474,imappo,1.6190391249892855e-07,0.22135299444198608,0.0003574858286095365,2141.0,,,,,,,,,,,,,,0.2144381460486829,,,,,0.0263853557407856,0.006704152096062899
,imappo,,,,2141.0,0.0,0.0,0.3352076058902753,0.0,0.0,0.0,0.3333333432674408,0.0018742626228345216,0.0,0.0,0.0,0.0,0.0,,,,,,,
-0.007389012724161148,imappo,1.7563182552748913e-07,-0.035070549696683884,0.0003571857285761921,2142.0,,,,,,,,,,,,,,0.21430476825608535,,,,,0.029414337128400803,0.006698256358504295
,imappo,,,,2142.0,0.0,0.0,0.33491283544253747,0.0,0.0,0.0,0.3333333432674408,0.001579492175096675,0.0,0.0,0.0,0.0,0.0,,,,,,,
-0.010182795114815235,imappo,1.0712128784007291e-07,0.24411050975322723,0.0003568856285428477,2143.0,,,,,,,,,,,,,,0.21417139046348782,,,,,0.02833046019077301,0.0067015355452895164
,imappo,,,,2143.0,0.0,0.0,0.33507679114427447,0.0,0.0,0.0,0.3333333432674408,0.0017434478768336703,0.0,0.0,0.0,0.0,0.0,,,,,,,
-0.007218985352665186,imappo,4.4253183659748174e-06,0.33756023645401,0.00035658552850950317,2144.0,,,,,,,,,,,,,,0.2140380126708903,,,,,0.026491481810808182,0.006720715668052435
,imappo,,,,2144.0,0.0,0.0,0.3360357695944458,0.0,0.0,0.0,0.3333333432674408,0.002702440587881938,0.0,0.0,0.0,0.0,0.0,,,,,,,
-0.00551692396402359,imappo,1.4978708122725948e-06,-0.07473232597112656,0.00035628542847615876,2145.0,,,,,,,,,,,,,,0.21390463487829275,,,,,0.02766263484954834,0.006697877775877714
,imappo,,,,2145.0,0.0,0.0,0.3348938982214804,0.0,0.0,0.0,0.3333333432674408,0.0015605549540396169,0.0,0.0,0.0,0.0,0.0,,,,,,,
-0.006498157512396574,imappo,6.775717906748469e-07,-0.09447307884693146,0.00035598532844281436,2146.0,,,,,,,,,,,,,,0.21377125708569522,,,,,0.0274793803691864,0.006696481257677078
,imappo,,,,2146.0,0.0,0.0,0.33482407908689993,0.0,0.0,0.0,0.3333333432674408,0.0014907358194591325,0.0,0.0,0.0,0.0,0.0,,,,,,,
-0.013123547658324242,imappo,3.3587514280952746e-07,-0.11919756233692169,0.00035568522840946984,2147.0,,,,,,,,,,,,,,0.2136378792930977,,,,,0.026054643094539642,0.006698856130242348
,imappo,,,,2147.0,0.0,0.0,0.3349428062168158,0.0,0.0,0.0,0.3333333432674408,0.0016094927516974167,0.0,0.0,0.0,0.0,0.0,,,,,,,
-0.010235998779535294,imappo,5.456801659420307e-07,-0.2222478687763214,0.00035538512837612543,2148.0,,,,,,,,,,,,,,0.21350450150050015,,,,,0.02779233828186989,0.006698631215840578
,imappo,,,,2148.0,0.0,0.0,0.33493155358394233,0.0,0.0,0.0,0.3333333432674408,0.0015981805141791483,0.0,0.0,0.0,0.0,0.0,,,,,,,
0.010989725589752197,imappo,8.644419722259045e-07,-0.058134015649557114,0.000355085028342781,2149.0,,,,,,,,,,,,,,0.21337112370790262,,,,,0.027750244364142418,0.006701987236738205
,imappo,,,,2149.0,0.0,0.0,0.3350993961930726,0.0,0.0,0.0,0.3333333432674408,0.0017660529256318114,0.0,0.0,0.0,0.0,0.0,,,,,,,
-0.010059944353997707,imappo,2.9184309369156836e-07,0.12839415669441223,0.0003547849283094365,2150.0,,,,,,,,,,,,,,0.2132377459153051,,,,,0.02796809747815132,0.0067049665376544
,imappo,,,,2150.0,0.0,0.0,0.3352483042563108,0.0,0.0,0.0,0.3333333432674408,0.001914960988870007,0.0,0.0,0.0,0.0,0.0,,,,,,,
-0.006565016228705645,imappo,2.348779162275605e-07,0.15008284151554108,0.0003544848282760921,2151.0,,,,,,,,,,,,,,0.21310436812270755,,,,,0.03346686065196991,0.006708724889904261
,imappo,,,,2151.0,0.0,0.0,0.33543626758182654,0.0,0.0,0.0,0.3333333432674408,0.0021029243143857457,0.0,0.0,0.0,0.0,0.0,,,,,,,
-0.012614519335329533,imappo,5.405922820500564e-07,-0.12482180446386337,0.0003541847282427476,2152.0,,,,,,,,,,,,,,0.21297099033011002,,,,,0.03162306547164917,0.006699278485029936
,imappo,,,,2152.0,0.0,0.0,0.3349639129623938,0.0,0.0,0.0,0.3333333432674408,0.0016305696949530102,0.0,0.0,0.0,0.0,0.0,,,,,,,
-0.016883080825209618,imappo,8.462706091449945e-08,-0.33239859342575073,0.0003538846282094032,2153.0,,,,,,,,,,,,,,0.2128376125375125,,,,,0.030121389776468277,0.006693224888294935
,imappo,,,,2153.0,0.0,0.0,0.33466117591035527,0.0,0.0,0.0,0.3333333432674408,0.001327802840592085,0.0,0.0,0.0,0.0,0.0,,,,,,,
-0.006839944049715996,imappo,2.3023694950552454e-07,-0.017509816214442253,0.00035358452817605877,2154.0,,,,,,,,,,,,,,0.21270423474491496,,,,,0.02684345468878746,0.0067010014317929745
,imappo,,,,2154.0,0.0,0.0,0.33505004756625567,0.0,0.0,0.0,0.3333333432674408,0.001716704298814875,0.0,0.0,0.0,0.0,0.0,,,,,,,
0.009815827943384647,imappo,7.963142678590884e-08,-0.040772873908281326,0.00035328442814271425,2155.0,,,,,,,,,,,,,,0.21257085695231742,,,,,0.02610495500266552,0.00670146569609642
,imappo,,,,2155.0,0.0,0.0,0.3350733027436945,0.0,0.0,0.0,0.3333333432674408,0.0017399594762537163,0.0,0.0,0.0,0.0,0.0,,,,,,,
-0.0016558108618482947,imappo,3.72985766716738e-08,-0.0038989505264908075,0.00035298432810936984,2156.0,,,,,,,,,,,,,,0.2124374791597199,,,,,0.029602129012346268,0.006709933280944824
,imappo,,,,2156.0,0.0,0.0,0.335496633188086,0.0,0.0,0.0,0.3333333432674408,0.002163289920645184,0.0,0.0,0.0,0.0,0.0,,,,,,,
-0.0028873917181044817,imappo,5.31427808425633e-08,-0.05471242219209671,0.00035268422807602543,2157.0,,,,,,,,,,,,,,0.21230410136712236,,,,,0.023817669600248337,0.006705956999212503
,imappo,,,,2157.0,0.0,0.0,0.33529785739483486,0.0,0.0,0.0,0.3333333432674408,0.001964514127394068,0.0,0.0,0.0,0.0,0.0,,,,,,,
-0.0067077092826366425,imappo,7.182329682109412e-07,0.06633148342370987,0.0003523841280426809,2158.0,,,,,,,,,,,,,,0.21217072357452482,,,,,0.03121389076113701,0.00669871224090457
,imappo,,,,2158.0,0.0,0.0,0.33493560594160954,0.0,0.0,0.0,0.3333333432674408,0.0016022626741687418,0.0,0.0,0.0,0.0,0.0,,,,,,,
0.0018361699767410755,imappo,3.057187569766029e-08,-0.18744491040706635,0.0003520840280093365,2159.0,,,,,,,,,,,,,,0.2120373457819273,,,,,0.031861983239650726,0.006701903883367777
,imappo,,,,2159.0,0.0,0.0,0.3350951395368611,0.0,0.0,0.0,0.3333333432674408,0.0017617664670979138,0.0,0.0,0.0,0.0,0.0,,,,,,,
0.002591907512396574,imappo,3.9393615480776134e-08,-0.2734968066215515,0.000351783927975992,2160.0,,,,,,,,,,,,,,0.21190396798932976,,,,,0.02742411568760872,0.006692460738122463
,imappo,,,,2160.0,0.0,0.0,0.3346230737439839,0.0,0.0,0.0,0.3333333432674408,0.0012897304765431272,0.0,0.0,0.0,0.0,0.0,,,,,,,
0.02165079675614834,imappo,3.4003729609821676e-08,-0.19266127049922943,0.0003514838279426476,2161.0,,,,,,,,,,,,,,0.21177059019673222,,,,,0.028608718886971474,0.006697214674204588
,imappo,,,,2161.0,0.0,0.0,0.3348607276277562,0.0,0.0,0.0,0.3333333432674408,0.0015273865431026934,0.0,0.0,0.0,0.0,0.0,,,,,,,
0.0018127185758203268,imappo,1.6840516536831274e-06,-0.25785031914711,0.0003511837279093032,2162.0,,,,,,,,,,,,,,0.2116372124041347,,,,,0.03343983739614487,0.006691430229693651
,imappo,,,,2162.0,0.0,0.0,0.3345715030926044,0.0,0.0,0.0,0.3333333432674408,0.0012381601162019251,0.0,0.0,0.0,0.0,0.0,,,,,,,
-0.007552239112555981,imappo,4.6018129751246306e-07,-0.07889309525489807,0.00035088362787595866,2163.0,,,,,,,,,,,,,,0.21150383461153716,,,,,0.03158240765333176,0.006701778154820204
,imappo,,,,2163.0,0.0,0.0,0.3350889270150219,0.0,0.0,0.0,0.3333333432674408,0.0017555837475811131,0.0,0.0,0.0,0.0,0.0,,,,,,,
-0.009717690758407116,imappo,3.2605214528302895e-07,-0.06995107233524323,0.00035058352784261425,2164.0,,,,,,,,,,,,,,0.21137045681893968,,,,,0.031042348593473434,0.0067016202956438065
,imappo,,,,2164.0,0.0,0.0,0.33508096384503006,0.0,0.0,0.0,0.3333333432674408,0.0017476205775892595,0.0,0.0,0.0,0.0,0.0,,,,,,,
-0.004270673263818026,imappo,1.3064837389720196e-07,-0.01407391857355833,0.00035028342780926984,2165.0,,,,,,,,,,,,,,0.2112370790263421,,,,,0.029805554077029228,0.006702774204313755
,imappo,,,,2165.0,0.0,0.0,0.3351386661215656,0.0,0.0,0.0,0.3333333432674408,0.0018053228541248245,0.0,0.0,0.0,0.0,0.0,,,,,,,
-0.0033701835200190544,imappo,1.521296724149579e-07,0.009104405529797077,0.0003499833277759253,2166.0,,,,,,,,,,,,,,0.21110370123374456,,,,,0.029302280396223068,0.006702339742332697
,imappo,,,,2166.0,0.0,0.0,0.33511699325754307,0.0,0.0,0.0,0.3333333432674408,0.0017836499901022762,0.0,0.0,0.0,0.0,0.0,,,,,,,
-0.007475425489246845,imappo,6.90456147367513e-07,-0.12093182653188705,0.0003496832277425809,2167.0,,,,,,,,,,,,,,0.21097032344114702,,,,,0.027690289542078972,0.006697791162878275
,imappo,,,,2167.0,0.0,0.0,0.33488958162433846,0.0,0.0,0.0,0.3333333432674408,0.0015562383568976657,0.0,0.0,0.0,0.0,0.0,,,,,,,
0.0018814170034602284,imappo,2.047024054263602e-06,0.2435200810432434,0.0003493831277092365,2168.0,,,,,,,,,,,,,,0.21083694564854955,,,,,0.031729258596897125,0.006698852404952049
,imappo,,,,2168.0,0.0,0.0,0.3349426186182427,0.0,0.0,0.0,0.3333333432674408,0.0016092759037746873,0.0,0.0,0.0,0.0,0.0,,,,,,,
-0.006478570867329836,imappo,2.1283878481881402e-07,-0.358420193195343,0.000349083027675892,2169.0,,,,,,,,,,,,,,0.21070356785595196,,,,,0.03176615387201309,0.0067002978175878525
,imappo,,,,2169.0,0.0,0.0,0.33501484947100835,0.0,0.0,0.0,0.3333333432674408,0.0016815360058899387,0.0,0.0,0.0,0.0,0.0,,,,,,,
0.002327595604583621,imappo,6.935599827784245e-08,-0.0653243437409401,0.0003487829276425476,2170.0,,,,,,,,,,,,,,0.21057019006335442,,,,,0.031168177723884583,0.006701773963868618
,imappo,,,,2170.0,0.0,0.0,0.3350886664918562,0.0,0.0,0.0,0.3333333432674408,0.001755323224415406,0.0,0.0,0.0,0.0,0.0,,,,,,,
-0.00581407081335783,imappo,1.1376425135267709e-07,-0.06658009439706802,0.00034848282760920307,2171.0,,,,,,,,,,,,,,0.2104368122707569,,,,,0.027875833213329315,0.006693848874419928
,imappo,,,,2171.0,0.0,0.0,0.33469248624192005,0.0,0.0,0.0,0.3333333432674408,0.001359138710768093,0.0,0.0,0.0,0.0,0.0,,,,,,,
-0.008192554116249084,imappo,3.742321439403895e-07,-0.3110291659832001,0.00034818272757585866,2172.0,,,,,,,,,,,,,,0.2103034344781594,,,,,0.030561942607164383,0.006698852404952049
,imappo,,,,2172.0,0.0,0.0,0.33494261195846775,0.0,0.0,0.0,0.3333333432674408,0.001609268691026955,0.0,0.0,0.0,0.0,0.0,,,,,,,
-0.001573678688146174,imappo,2.3184811936971528e-07,-0.18308909237384796,0.00034788262754251425,2173.0,,,,,,,,,,,,,,0.21017005668556182,,,,,0.028634048998355865,0.006702216807752848
,imappo,,,,2173.0,0.0,0.0,0.3351108209180893,0.0,0.0,0.0,0.3333333432674408,0.0017774776506485068,0.0,0.0,0.0,0.0,0.0,,,,,,,
-2.3764860088704154e-05,imappo,3.3794330533964967e-07,-0.15081597864627838,0.00034758252750916973,2174.0,,,,,,,,,,,,,,0.2100366788929643,,,,,0.030940555036067963,0.006707048509269953
,imappo,,,,2174.0,0.0,0.0,0.3353524078793271,0.0,0.0,0.0,0.3333333432674408,0.0020190646118862787,0.0,0.0,0.0,0.0,0.0,,,,,,,
-0.00537006463855505,imappo,6.060044910327633e-08,-0.3247746229171753,0.0003472824274758252,2175.0,,,,,,,,,,,,,,0.20990330110036676,,,,,0.027219422161579132,0.006695357616990805
,imappo,,,,2175.0,0.0,0.0,0.33476786688538596,0.0,0.0,0.0,0.3333333432674408,0.0014345236179451604,0.0,0.0,0.0,0.0,0.0,,,,,,,
-0.00727815181016922,imappo,1.791467525436019e-07,-0.2510130703449249,0.0003469823274424809,2176.0,,,,,,,,,,,,,,0.20976992330776928,,,,,0.031632840633392334,0.006703198421746492
,imappo,,,,2176.0,0.0,0.0,0.3351599083525798,0.0,0.0,0.0,0.3333333432674408,0.0018265650851390092,0.0,0.0,0.0,0.0,0.0,,,,,,,
-0.003417781088501215,imappo,1.2452596820367035e-07,-0.3437155783176422,0.0003466822274091364,2177.0,,,,,,,,,,,,,,0.2096365455151717,,,,,0.02708381786942482,0.006696012802422047
,imappo,,,,2177.0,0.0,0.0,0.3348006237313257,0.0,0.0,0.0,0.3333333432674408,0.0014672804638848902,0.0,0.0,0.0,0.0,0.0,,,,,,,
-0.0017370696878060699,imappo,2.7366382937543676e-07,-0.04587920382618904,0.000346382127375792,2178.0,,,,,,,,,,,,,,0.20950316772257416,,,,,0.02998928725719452,0.006700156722217798
,imappo,,,,2178.0,0.0,0.0,0.3350078944326924,0.0,0.0,0.0,0.3333333432674408,0.0016745511652516143,0.0,0.0,0.0,0.0,0.0,,,,,,,
0.012882482260465622,imappo,8.276261098671966e-08,-0.28845542669296265,0.0003460820273424476,2179.0,,,,,,,,,,,,,,0.20936978992997668,,,,,0.02530975453555584,0.006705267820507288
,imappo,,,,2179.0,0.0,0.0,0.33526340335993154,0.0,0.0,0.0,0.3333333432674408,0.0019300600924907485,0.0,0.0,0.0,0.0,0.0,,,,,,,
-0.006849606987088919,imappo,2.3715868380236316e-08,-0.4955507516860962,0.00034578192730910307,2180.0,,,,,,,,,,,,,,0.20923641213737915,,,,,0.026831265538930893,0.006693639792501926
,imappo,,,,2180.0,0.0,0.0,0.33468194702572873,0.0,0.0,0.0,0.3333333432674408,0.0013486037582879362,0.0,0.0,0.0,0.0,0.0,,,,,,,
-0.01074251625686884,imappo,4.589237505570054e-07,0.011829112656414509,0.00034548182727575866,2181.0,,,,,,,,,,,,,,0.20910303434478156,,,,,0.036830779165029526,0.006706623360514641
,imappo,,,,2181.0,0.0,0.0,0.33533122331584764,0.0,0.0,0.0,0.3333333432674408,0.0019978800484068415,0.0,0.0,0.0,0.0,0.0,,,,,,,
0.00532818166539073,imappo,1.828585709517938e-07,-0.3518103361129761,0.00034518172724241414,2182.0,,,,,,,,,,,,,,0.20896965655218402,,,,,0.02441798709332943,0.006705021485686302
,imappo,,,,2182.0,0.0,0.0,0.33525103666579525,0.0,0.0,0.0,0.3333333432674408,0.0019176933983544586,0.0,0.0,0.0,0.0,0.0,,,,,,,
-0.017044201493263245,imappo,1.1243433561958227e-07,-0.5064036846160889,0.00034488162720906974,2183.0,,,,,,,,,,,,,,0.20883627875958655,,,,,0.025424741208553314,0.006704946048557758
,imappo,,,,2183.0,0.0,0.0,0.3352473139441372,0.0,0.0,0.0,0.3333333432674408,0.0019139706766964082,0.0,0.0,0.0,0.0,0.0,,,,,,,
-0.0025536613538861275,imappo,8.211042512584754e-08,-0.45203304290771484,0.00034458152717572533,2184.0,,,,,,,,,,,,,,0.208702900966989,,,,,0.028177112340927124,0.006695064716041088
,imappo,,,,2184.0,0.0,0.0,0.3347532779991891,0.0,0.0,0.0,0.3333333432674408,0.0014199645340706724,0.0,0.0,0.0,0.0,0.0,,,,,,,
-0.004725995473563671,imappo,4.821982884095632e-07,0.029002347961068153,0.0003442814271423808,2185.0,,,,,,,,,,,,,,0.20856952317439142,,,,,0.03557800129055977,0.006705377716571093
,imappo,,,,2185.0,0.0,0.0,0.3352689030854208,0.0,0.0,0.0,0.3333333432674408,0.0019355598179799927,0.0,0.0,0.0,0.0,0.0,,,,,,,
-0.00830419734120369,imappo,0.000490661826916039,0.06391996890306473,0.0003439813271090363,2186.0,,,,,,,,,,,,,,0.2084361453817939,,,,,0.020530059933662415,5.480805702973157e-05
,imappo,,,,2186.0,0.0,0.0,0.002740402663150121,0.0,0.0,0.0,0.0,0.002740402663150121,0.0,0.0,0.0,0.0,0.0,,,,,,,
0.004557363223284483,imappo,0.00011034482304239646,-0.285992294549942,0.000343681227075692,2187.0,,,,,,,,,,,,,,0.2083027675891964,,,,,0.03700021654367447,0.006701814476400614
,imappo,,,,2187.0,0.0,0.0,0.3350907110037866,0.0,0.0,0.0,0.3333333432674408,0.0017573677363458273,0.0,0.0,0.0,0.0,0.0,,,,,,,
-0.0028157969936728477,imappo,3.3629112294875085e-05,-0.35681045055389404,0.0003433811270423475,2188.0,,,,,,,,,,,,,,0.20816938979659888,,,,,0.02652166411280632,0.0066950153559446335
,imappo,,,,2188.0,0.0,0.0,0.3347508022548027,0.0,0.0,0.0,0.3333333432674408,0.001417458987361897,0.0,0.0,0.0,0.0,0.0,,,,,,,
-0.006665125954896212,imappo,1.4316718079498969e-05,-0.2300451695919037,0.00034308102700900307,2189.0,,,,,,,,,,,,,,0.2080360120040013,,,,,0.03421386331319809,0.006699589546769857
,imappo,,,,2189.0,0.0,0.0,0.3349794466439562,0.0,0.0,0.0,0.3333333432674408,0.0016461033765153843,0.0,0.0,0.0,0.0,0.0,,,,,,,
0.031212061643600464,imappo,2.573557139839977e-05,-0.20023928582668304,0.00034278092697565855,2190.0,,,,,,,,,,,,,,0.20790263421140376,,,,,0.03171953558921814,0.00670152623206377
,imappo,,,,2190.0,0.0,0.0,0.33507631938846316,0.0,0.0,0.0,0.3333333432674408,0.001742976121022366,0.0,0.0,0.0,0.0,0.0,,,,,,,
-0.00010665722948033363,imappo,1.5008856280473992e-05,-0.12598057091236115,0.00034248082694231415,2191.0,,,,,,,,,,,,,,0.20776925641880628,,,,,0.027655858546495438,0.006699849385768175
,imappo,,,,2191.0,0.0,0.0,0.3349924567110065,0.0,0.0,0.0,0.3333333432674408,0.0016591134435657295,0.0,0.0,0.0,0.0,0.0,,,,,,,
-0.006578792352229357,imappo,1.3923689721195842e-06,0.1845836341381073,0.00034218072690896974,2192.0,,,,,,,,,,,,,,0.20763587862620875,,,,,0.030414387583732605,0.006693872157484293
,imappo,,,,2192.0,0.0,0.0,0.3346936009379178,0.0,0.0,0.0,0.3333333432674408,0.0013602623270898562,0.0,0.0,0.0,0.0,0.0,,,,,,,
0.002075068186968565,imappo,1.781788910193427e-06,0.1259174346923828,0.0003418806268756252,2193.0,,,,,,,,,,,,,,0.20750250083361116,,,,,0.03373849764466286,0.006700256839394569
,imappo,,,,2193.0,0.0,0.0,0.33501287509216127,0.0,0.0,0.0,0.3333333432674408,0.0016795318247204705,0.0,0.0,0.0,0.0,0.0,,,,,,,
-0.008546305820345879,imappo,3.336074314574944e-06,-0.2883296608924866,0.0003415805268422808,2194.0,,,,,,,,,,,,,,0.20736912304101368,,,,,0.031038321554660797,0.006698399316519499
,imappo,,,,2194.0,0.0,0.0,0.3349199780636809,0.0,0.0,0.0,0.3333333432674408,0.0015866049939177174,0.0,0.0,0.0,0.0,0.0,,,,,,,
-0.003950905054807663,imappo,4.586335307976697e-06,-0.02088988572359085,0.0003412804268089364,2195.0,,,,,,,,,,,,,,0.20723574524841615,,,,,0.03217107057571411,0.006705849897116423
,imappo,,,,2195.0,0.0,0.0,0.335292471294224,0.0,0.0,0.0,0.3333333432674408,0.001959164857680662,0.0,0.0,0.0,0.0,0.0,,,,,,,
-0.012331042438745499,imappo,1.2424876558725373e-06,-0.09567411988973618,0.0003409803267755919,2196.0,,,,,,,,,,,,,,0.20710236745581861,,,,,0.029380083084106445,0.006703215651214123
,imappo,,,,2196.0,0.0,0.0,0.33516078726711385,0.0,0.0,0.0,0.3333333432674408,0.0018274439996730507,0.0,0.0,0.0,0.0,0.0,,,,,,,
-0.005995839834213257,imappo,3.2795287552289665e-07,-0.1334284096956253,0.00034068022674224737,2197.0,,,,,,,,,,,,,,0.20696898966322103,,,,,0.03178888559341431,0.006707278545945883
,imappo,,,,2197.0,0.0,0.0,0.3353639093647871,0.0,0.0,0.0,0.3333333432674408,0.002030566097346309,0.0,0.0,0.0,0.0,0.0,,,,,,,
-0.002933116862550378,imappo,4.4858114733870025e-07,-0.16092488169670105,0.00034038012670890307,2198.0,,,,,,,,,,,,,,0.20683561187062355,,,,,0.02947056293487549,0.006706082262098789
,imappo,,,,2198.0,0.0,0.0,0.3353040725560277,0.0,0.0,0.0,0.3333333432674408,0.001970729288586881,0.0,0.0,0.0,0.0,0.0,,,,,,,
-0.007615847047418356,imappo,9.056628300641023e-07,-0.1293942630290985,0.00034008002667555855,2199.0,,,,,,,,,,,,,,0.20670223407802601,,,,,0.0316164456307888,0.006696292664855719
,imappo,,,,2199.0,0.0,0.0,0.3348146585467475,0.0,0.0,0.0,0.3333333432674408,0.0014813062134635402,0.0,0.0,0.0,0.0,0.0,,,,,,,
,imappo,,,,2199.0,,,,,,,,,,,,,,,0.0,0.0,0.0,0.0,,
-0.001711894990876317,imappo,1.1115554343632539e-06,-0.26788368821144104,0.00033977992664221415,2200.0,,,,,,,,,,,,,,0.20656885628542848,,,,,0.031101152300834656,0.0066988710314035416
,imappo,,,,2200.0,0.0,0.0,0.3349435406710768,0.0,0.0,0.0,0.3333333432674408,0.0016101974036359934,0.0,0.0,0.0,0.0,0.0,,,,,,,
9.246505942428485e-05,imappo,8.95003381629067e-07,-0.1201222762465477,0.00033947982660886963,2201.0,,,,,,,,,,,,,,0.2064354784928309,,,,,0.027269603684544563,0.006709758657962084
,imappo,,,,2201.0,0.0,0.0,0.3354879469015941,0.0,0.0,0.0,0.3333333432674408,0.002154603634153318,0.0,0.0,0.0,0.0,0.0,,,,,,,
9.858120756689459e-05,imappo,2.240939522835106e-07,-0.1127866581082344,0.0003391797265755252,2202.0,,,,,,,,,,,,,,0.20630210070023342,,,,,0.02520362287759781,0.006709782872349024
,imappo,,,,2202.0,0.0,0.0,0.33548913275086534,0.0,0.0,0.0,0.3333333432674408,0.0021557894834245417,0.0,0.0,0.0,0.0,0.0,,,,,,,
-0.0009483919711783528,imappo,3.535764960815868e-07,-0.3736851215362549,0.0003388796265421808,2203.0,,,,,,,,,,,,,,0.20616872290763588,,,,,0.03034200891852379,0.006697943899780512
,imappo,,,,2203.0,0.0,0.0,0.33489717374675365,0.0,0.0,0.0,0.3333333432674408,0.0015638304793128555,0.0,0.0,0.0,0.0,0.0,,,,,,,
-0.00551716610789299,imappo,6.384184985108732e-07,-0.19655922055244446,0.0003385795265088363,2204.0,,,,,,,,,,,,,,0.20603534511503835,,,,,0.029104512184858322,0.006695153657346964
,imappo,,,,2204.0,0.0,0.0,0.3347576617237831,0.0,0.0,0.0,0.3333333432674408,0.001424323363975688,0.0,0.0,0.0,0.0,0.0,,,,,,,
-0.0018222695216536522,imappo,2.480300054230611e-07,-0.22260403633117676,0.0003382794264754918,2205.0,,,,,,,,,,,,,,0.20590196732244076,,,,,0.025385595858097076,0.006693333387374878
,imappo,,,,2205.0,0.0,0.0,0.3346667083952184,0.0,0.0,0.0,0.3333333432674408,0.0013333353254552094,0.0,0.0,0.0,0.0,0.0,,,,,,,
-0.006549997720867395,imappo,1.9693375463702978e-07,-0.09295493364334106,0.0003379793264421475,2206.0,,,,,,,,,,,,,,0.20576858952984328,,,,,0.030908111482858658,0.0066917045041918755
,imappo,,,,2206.0,0.0,0.0,0.33458528662792375,0.0,0.0,0.0,0.3333333432674408,0.0012519433604829544,0.0,0.0,0.0,0.0,0.0,,,,,,,
-0.00040370828355662525,imappo,6.939432068975293e-07,-0.027203388512134552,0.00033767922640880296,2207.0,,,,,,,,,,,,,,0.20563521173724575,,,,,0.031705357134342194,0.006700420752167702
,imappo,,,,2207.0,0.0,0.0,0.3350210117232564,0.0,0.0,0.0,0.3333333432674408,0.001687703213065106,0.0,0.0,0.0,0.0,0.0,,,,,,,
0.0020103082060813904,imappo,1.4956899008211622e-07,-0.36153680086135864,0.00033737912637545845,2208.0,,,,,,,,,,,,,,0.20550183394464822,,,,,0.02433183416724205,0.00669389171525836
,imappo,,,,2208.0,0.0,0.0,0.3346945863336259,0.0,0.0,0.0,0.3333333432674408,0.001361243066185125,0.0,0.0,0.0,0.0,0.0,,,,,,,
0.006644391920417547,imappo,1.289797978643037e-06,-0.13230444490909576,0.00033707902634211415,2209.0,,,,,,,,,,,,,,0.20536845615205068,,,,,0.030217912048101425,0.006698784418404102
,imappo,,,,2209.0,0.0,0.0,0.33493921078661515,0.0,0.0,0.0,0.3333333432674408,0.0016058675191743532,0.0,0.0,0.0,0.0,0.0,,,,,,,
-0.009545397013425827,imappo,2.774937001959188e-06,0.038050632923841476,0.00033677892630876963,2210.0,,,,,,,,,,,,,,0.20523507835945315,,,,,0.02871251478791237,0.006696851458400488
,imappo,,,,2210.0,0.0,0.0,0.334842598394971,0.0,0.0,0.0,0.3333333432674408,0.0015092547491803998,0.0,0.0,0.0,0.0,0.0,,,,,,,
0.012353071942925453,imappo,2.5152939997497015e-07,-0.45029982924461365,0.0003364788262754252,2211.0,,,,,,,,,,,,,,0.20510170056685562,,,,,0.028095290064811707,0.006697685923427343
,imappo,,,,2211.0,0.0,0.0,0.3348842823011182,0.0,0.0,0.0,0.3333333432674408,0.0015509390336774231,0.0,0.0,0.0,0.0,0.0,,,,,,,
-0.0035651226062327623,imappo,3.32653399937044e-07,-0.18098270893096924,0.0003361787262420807,2212.0,,,,,,,,,,,,,,0.20496832277425808,,,,,0.03049592673778534,0.006701776757836342
,imappo,,,,2212.0,0.0,0.0,0.3350888100612792,0.0,0.0,0.0,0.3333333432674408,0.0017554667938384227,0.0,0.0,0.0,0.0,0.0,,,,,,,
-0.0013092235894873738,imappo,0.00016347170458175242,0.032338935881853104,0.0003358786262087363,2213.0,,,,,,,,,,,,,,0.20483494498166055,,,,,0.01864103600382805,4.8734891606727615e-05
,imappo,,,,2213.0,0.0,0.0,0.0024367445034840785,0.0,0.0,0.0,0.0,0.0024367445034840785,0.0,0.0,0.0,0.0,0.0,,,,,,,
-0.002798595931380987,imappo,4.5565295295091346e-05,-0.21871909499168396,0.0003355785261753919,2214.0,,,,,,,,,,,,,,0.20470156718906302,,,,,0.029941938817501068,0.006701371166855097
,imappo,,,,2214.0,0.0,0.0,0.3350685624900507,0.0,0.0,0.0,0.3333333432674408,0.0017352490249322727,0.0,0.0,0.0,0.0,0.0,,,,,,,
-0.013375535607337952,imappo,3.969924364355393e-05,-0.08510667085647583,0.0003352784261420474,2215.0,,,,,,,,,,,,,,0.20456818939646548,,,,,0.02866966649889946,0.006696105003356934
,imappo,,,,2215.0,0.0,0.0,0.3348052624671922,0.0,0.0,0.0,0.3333333432674408,0.0014719530766100775,0.0,0.0,0.0,0.0,0.0,,,,,,,
-0.007252292707562447,imappo,2.57204537774669e-05,0.07121676206588745,0.00033497832610870286,2216.0,,,,,,,,,,,,,,0.20443481160386795,,,,,0.035631537437438965,0.0067006261087954044
,imappo,,,,2216.0,0.0,0.0,0.33503132634541544,0.0,0.0,0.0,0.3333333432674408,0.0016979830779746408,0.0,0.0,0.0,0.0,0.0,,,,,,,
-0.0111647117882967,imappo,7.410909347527195e-06,-0.26843565702438354,0.00033467822607535856,2217.0,,,,,,,,,,,,,,0.20430143381127042,,,,,0.02719835750758648,0.006697153672575951
,imappo,,,,2217.0,0.0,0.0,0.33485764131876294,0.0,0.0,0.0,0.3333333432674408,0.0015242980513221482,0.0,0.0,0.0,0.0,0.0,,,,,,,
0.0058882273733615875,imappo,1.0071928045363165e-05,-0.31777217984199524,0.00033437812604201404,2218.0,,,,,,,,,,,,,,0.20416805601867288,,,,,0.028614364564418793,0.0066915820352733135
,imappo,,,,2218.0,0.0,0.0,0.3345791186486622,0.0,0.0,0.0,0.3333333432674408,0.00124578032887257,0.0,0.0,0.0,0.0,0.0,,,,,,,
-0.006121180020272732,imappo,1.6466068473164341e-06,-0.2956196963787079,0.0003340780260086695,2219.0,,,,,,,,,,,,,,0.20403467822607535,,,,,0.025197643786668777,0.006697488017380238
,imappo,,,,2219.0,0.0,0.0,0.3348743702717911,0.0,0.0,0.0,0.3333333432674408,0.001541027004350326,0.0,0.0,0.0,0.0,0.0,,,,,,,
-0.005874279886484146,imappo,2.0324332581367344e-06,-0.1685381680727005,0.0003337779259753251,2220.0,,,,,,,,,,,,,,0.20390130043347782,,,,,0.0299537293612957,0.006701417732983828
,imappo,,,,2220.0,0.0,0.0,0.3350708875386772,0.0,0.0,0.0,0.3333333432674408,0.001737544271236402,0.0,0.0,0.0,0.0,0.0,,,,,,,
-0.0047961571253836155,imappo,1.264266757061705e-06,-0.3115934729576111,0.0003334778259419807,2221.0,,,,,,,,,,,,,,0.20376792264088028,,,,,0.031857624650001526,0.006703742314130068
,imappo,,,,2221.0,0.0,0.0,0.3351870551901186,0.0,0.0,0.0,0.3333333432674408,0.0018537119226778032,0.0,0.0,0.0,0.0,0.0,,,,,,,
-0.0032126042060554028,imappo,8.212216471292777e-07,-0.05508739501237869,0.0003331777259086363,2222.0,,,,,,,,,,,,,,0.20363454484828275,,,,,0.031901586800813675,0.00670252600684762
,imappo,,,,2222.0,0.0,0.0,0.33512629446249775,0.0,0.0,0.0,0.3333333432674408,0.0017929511950569577,0.0,0.0,0.0,0.0,0.0,,,,,,,
-0.010117078199982643,imappo,1.5690093277953565e-06,-0.16369400918483734,0.0003328776258752918,2223.0,,,,,,,,,,,,,,0.20350116705568522,,,,,0.031440503895282745,0.006700517609715462
,imappo,,,,2223.0,0.0,0.0,0.33502587765724456,0.0,0.0,0.0,0.3333333432674408,0.0016925326235650573,0.0,0.0,0.0,0.0,0.0,,,,,,,
-0.009156356565654278,imappo,9.62365106715879e-07,-0.00015684445679653436,0.0003325775258419474,2224.0,,,,,,,,,,,,,,0.20336778926308768,,,,,0.028096796944737434,0.006691019516438246
,imappo,,,,2224.0,0.0,0.0,0.33455097686072577,0.0,0.0,0.0,0.3333333432674408,0.0012176633956073601,0.0,0.0,0.0,0.0,0.0,,,,,,,
-0.0031424006447196007,imappo,1.4301595001597889e-06,-0.13771286606788635,0.00033227742580860297,2225.0,,,,,,,,,,,,,,0.20323441147049015,,,,,0.028233395889401436,0.006697587203234434
,imappo,,,,2225.0,0.0,0.0,0.3348793893283073,0.0,0.0,0.0,0.3333333432674408,0.0015460460608665016,0.0,0.0,0.0,0.0,0.0,,,,,,,
-0.00012401390995364636,imappo,7.216061135295604e-07,-0.09530304372310638,0.00033197732577525845,2226.0,,,,,,,,,,,,,,0.20310103367789262,,,,,0.031302887946367264,0.006703544408082962
,imappo,,,,2226.0,0.0,0.0,0.3351771710840694,0.0,0.0,0.0,0.3333333432674408,0.0018438278166286182,0.0,0.0,0.0,0.0,0.0,,,,,,,
-0.008843380957841873,imappo,6.543584731844021e-07,0.12452062219381332,0.00033167722574191393,2227.0,,,,,,,,,,,,,,0.20296765588529508,,,,,0.030057914555072784,0.006702551152557135
,imappo,,,,2227.0,0.0,0.0,0.33512757896460244,0.0,0.0,0.0,0.3333333432674408,0.0017942319136636797,0.0,0.0,0.0,0.0,0.0,,,,,,,
0.001047092373482883,imappo,3.99220795088695e-07,-0.06970334053039551,0.00033137712570856963,2228.0,,,,,,,,,,,,,,0.20283427809269755,,,,,0.028776638209819794,0.00670440960675478
,imappo,,,,2228.0,0.0,0.0,0.33522048531312976,0.0,0.0,0.0,0.3333333432674408,0.001887142045688961,0.0,0.0,0.0,0.0,0.0,,,,,,,
-0.010693034157156944,imappo,3.35927808237102e-07,0.0060526784509420395,0.0003310770256752251,2229.0,,,,,,,,,,,,,,0.20270090030010002,,,,,0.030453722923994064,0.006699610501527786
,imappo,,,,2229.0,0.0,0.0,0.3349804939000478,0.0,0.0,0.0,0.3333333432674408,0.0016471506326070084,0.0,0.0,0.0,0.0,0.0,,,,,,,
-0.006101524922996759,imappo,0.00018993816047441214,0.1941380351781845,0.0003307769256418806,2230.0,,,,,,,,,,,,,,0.20256752250750248,,,,,0.019427139312028885,5.4343392548616976e-05
,imappo,,,,2230.0,0.0,0.0,0.002717169775678485,0.0,0.0,0.0,0.0,0.002717169775678485,0.0,0.0,0.0,0.0,0.0,,,,,,,
0.002400537021458149,imappo,0.00010837495210580528,-0.16035078465938568,0.0003304768256085362,2231.0,,,,,,,,,,,,,,0.20243414471490495,,,,,0.029630489647388458,0.006701530423015356
,imappo,,,,2231.0,0.0,0.0,0.33507652242860786,0.0,0.0,0.0,0.3333333432674408,0.0017431791611670633,0.0,0.0,0.0,0.0,0.0,,,,,,,
-0.011213798075914383,imappo,0.00013732252409681678,0.10790839791297913,0.0003301767255751918,2232.0,,,,,,,,,,,,,,0.20230076692230742,,,,,0.031155800446867943,0.006700738798826933
,imappo,,,,2232.0,0.0,0.0,0.3350369330776175,0.0,0.0,0.0,0.3333333432674408,0.0017035898101767089,0.0,0.0,0.0,0.0,0.0,,,,,,,
-0.000680864613968879,imappo,0.0001160170795628801,-0.11694598942995071,0.0003298766255418474,2233.0,,,,,,,,,,,,,,0.20216738912970988,,,,,0.029643021523952484,0.006695991847664118
,imappo,,,,2233.0,0.0,0.0,0.33479957487043066,0.0,0.0,0.0,0.3333333432674408,0.0014662362887065683,0.0,0.0,0.0,0.0,0.0,,,,,,,
0.0031762614380568266,imappo,0.0009967084042727947,-0.28729912638664246,0.00032957652550850286,2234.0,,,,,,,,,,,,,,0.20203401133711235,,,,,0.036899834871292114,2.9092632303218124e-06
,imappo,,,,2234.0,0.0,0.0,0.00014546313286700752,0.0,0.0,0.0,0.0,0.00014546313286700752,0.0,0.0,0.0,0.0,0.0,,,,,,,
-0.006738792173564434,imappo,0.0004234459192957729,-0.03767426311969757,0.00032927642547515834,2235.0,,,,,,,,,,,,,,0.20190063354451482,,,,,0.02895451709628105,0.0067012375220656395
,imappo,,,,2235.0,0.0,0.0,0.3350619147895486,0.0,0.0,0.0,0.3333333432674408,0.0017285715221078135,0.0,0.0,0.0,0.0,0.0,,,,,,,
0.005263501312583685,imappo,0.0004229958285577595,-0.11653932929039001,0.00032897632544181404,2236.0,,,,,,,,,,,,,,0.20176725575191728,,,,,0.02775626629590988,0.0067106192000210285
,imappo,,,,2236.0,0.0,0.0,0.3355309827677502,0.0,0.0,0.0,0.3333333432674408,0.0021976395003093785,0.0,0.0,0.0,0.0,0.0,,,,,,,
0.0015833135694265366,imappo,0.0002990311477333307,0.08006002753973007,0.0003286762254084695,2237.0,,,,,,,,,,,,,,0.20163387795931975,,,,,0.03039974346756935,0.006701080594211817
,imappo,,,,2237.0,0.0,0.0,0.33505407096845374,0.0,0.0,0.0,0.3333333432674408,0.0017207277010129474,0.0,0.0,0.0,0.0,0.0,,,,,,,
0.0004985083942301571,imappo,0.0001463312073610723,-0.1561274528503418,0.000328376125375125,2238.0,,,,,,,,,,,,,,0.20150050016672222,,,,,0.0246579647064209,0.006698007695376873
,imappo,,,,2238.0,0.0,0.0,0.33490034665919666,0.0,0.0,0.0,0.3333333432674408,0.0015670033917558612,0.0,0.0,0.0,0.0,0.0,,,,,,,
-0.003269826527684927,imappo,5.214193879510276e-05,-0.1178307756781578,0.0003280760253417807,2239.0,,,,,,,,,,,,,,0.20136712237412474,,,,,0.02593148872256279,0.006710791029036045
,imappo,,,,2239.0,0.0,0.0,0.3355395410467281,0.0,0.0,0.0,0.3333333432674408,0.002206197779287322,0.0,0.0,0.0,0.0,0.0,,,,,,,
-0.008898339234292507,imappo,2.4490391297149472e-05,-0.11502402275800705,0.0003277759253084362,2240.0,,,,,,,,,,,,,,0.20123374458152715,,,,,0.02892204187810421,0.006694446317851543
,imappo,,,,2240.0,0.0,0.0,0.334722343290764,0.0,0.0,0.0,0.3333333432674408,0.0013889877560586683,0.0,0.0,0.0,0.0,0.0,,,,,,,
-0.008388493210077286,imappo,2.7845744625665247e-05,0.07749087363481522,0.0003274758252750917,2241.0,,,,,,,,,,,,,,0.20110036678892962,,,,,0.029949063435196877,0.006696443539112806
,imappo,,,,2241.0,0.0,0.0,0.3348222126649034,0.0,0.0,0.0,0.3333333432674408,0.0014888395951402345,0.0,0.0,0.0,0.0,0.0,,,,,,,
-0.0032716491259634495,imappo,3.77322212443687e-05,0.22774696350097656,0.00032717572524174727,2242.0,,,,,,,,,,,,,,0.20096698899633209,,,,,0.03234121948480606,0.006697175092995167
,imappo,,,,2242.0,0.0,0.0,0.3348587089843704,0.0,0.0,0.0,0.3333333432674408,0.0015253783188882153,0.0,0.0,0.0,0.0,0.0,,,,,,,
-0.0016728915506973863,imappo,3.37507231051859e-06,-0.11308742314577103,0.00032687562520840286,2243.0,,,,,,,,,,,,,,0.2008336112037346,,,,,0.02779468148946762,0.006703770253807306
,imappo,,,,2243.0,0.0,0.0,0.3351884978742419,0.0,0.0,0.0,0.3333333432674408,0.0018551546068010794,0.0,0.0,0.0,0.0,0.0,,,,,,,
-0.00926823541522026,imappo,3.978976565122139e-06,-0.10516839474439621,0.00032657552517505845,2244.0,,,,,,,,,,,,,,0.20070023341113702,,,,,0.03146710619330406,0.006705341394990683
,imappo,,,,2244.0,0.0,0.0,0.33526710061232734,0.0,0.0,0.0,0.3333333432674408,0.0019337573448865442,0.0,0.0,0.0,0.0,0.0,,,,,,,
-0.00237464252859354,imappo,4.858606189372949e-06,-0.028869539499282837,0.00032627542514171394,2245.0,,,,,,,,,,,,,,0.20056685561853949,,,,,0.0341850221157074,0.006702870596200228
,imappo,,,,2245.0,0.0,0.0,0.3351435232172548,0.0,0.0,0.0,0.3333333432674408,0.001810179949814028,0.0,0.0,0.0,0.0,0.0,,,,,,,
-0.00953180342912674,imappo,4.645071385311894e-06,-0.1770470142364502,0.0003259753251083694,2246.0,,,,,,,,,,,,,,0.20043347782594195,,,,,0.0261627659201622,0.006703218910843134
,imappo,,,,2246.0,0.0,0.0,0.33516092933425057,0.0,0.0,0.0,0.3333333432674408,0.001827586066809772,0.0,0.0,0.0,0.0,0.0,,,,,,,
0.0032145315781235695,imappo,3.5956795727543067e-06,-0.18926286697387695,0.0003256752250750251,2247.0,,,,,,,,,,,,,,0.20030010003334447,,,,,0.023673783987760544,0.006705017294734716
,imappo,,,,2247.0,0.0,0.0,0.33525084296877594,0.0,0.0,0.0,0.3333333432674408,0.0019174997013351458,0.0,0.0,0.0,0.0,0.0,,,,,,,
-0.007523682899773121,imappo,2.3030017928249435e-06,0.05278622359037399,0.0003253751250416806,2248.0,,,,,,,,,,,,,,0.20016672224074689,,,,,0.031081121414899826,0.006696442142128944
,imappo,,,,2248.0,0.0,0.0,0.33482211094371905,0.0,0.0,0.0,0.3333333432674408,0.0014888010601907808,0.0,0.0,0.0,0.0,0.0,,,,,,,
-0.006446172948926687,imappo,1.953347918970394e-06,-0.19807277619838715,0.0003250750250083361,2249.0,,,,,,,,,,,,,,0.20003334444814935,,,,,0.029280569404363632,0.006702126935124397
,imappo,,,,2249.0,0.0,0.0,0.33510633554578817,0.0,0.0,0.0,0.3333333432674408,0.001772992278347374,0.0,0.0,0.0,0.0,0.0,,,,,,,
-0.005980727728456259,imappo,2.06383379008912e-06,-0.34314635396003723,0.0003247749249749917,2250.0,,,,,,,,,,,,,,0.19989996665555182,,,,,0.026649821549654007,0.006692929193377495
,imappo,,,,2250.0,0.0,0.0,0.33464642937050826,0.0,0.0,0.0,0.3333333432674408,0.0013130861030674623,0.0,0.0,0.0,0.0,0.0,,,,,,,
0.0012844682205468416,imappo,1.9392721242184052e-06,-0.49912354350090027,0.00032447482494164727,2251.0,,,,,,,,,,,,,,0.1997665888629543,,,,,0.029463279992341995,0.006697488017380238
,imappo,,,,2251.0,0.0,0.0,0.3348743802307581,0.0,0.0,0.0,0.3333333432674408,0.0015410369633173104,0.0,0.0,0.0,0.0,0.0,,,,,,,
-0.006316190119832754,imappo,0.0008450869936496019,0.07680267095565796,0.00032417472490830286,2252.0,,,,,,,,,,,,,,0.19963321107035675,,,,,0.021891240030527115,4.702473961515352e-05
,imappo,,,,2252.0,0.0,0.0,0.0023512369775744446,0.0,0.0,0.0,0.0,0.0023512369775744446,0.0,0.0,0.0,0.0,0.0,,,,,,,
-0.0037038333248347044,imappo,0.0002330592105863616,-0.4157474637031555,0.00032387462487495835,2253.0,,,,,,,,,,,,,,0.19949983327775922,,,,,0.029157165437936783,0.0066982777789235115
,imappo,,,,2253.0,0.0,0.0,0.3349139133197241,0.0,0.0,0.0,0.3333333432674408,0.0015805700522832922,0.0,0.0,0.0,0.0,0.0,,,,,,,
-0.008818838745355606,imappo,0.0003342683194205165,-0.11176595091819763,0.00032357452484161394,2254.0,,,,,,,,,,,,,,0.19936645548516174,,,,,0.029983730986714363,0.006695810705423355
,imappo,,,,2254.0,0.0,0.0,0.3347905472387538,0.0,0.0,0.0,0.3333333432674408,0.001457214841593668,0.0,0.0,0.0,0.0,0.0,,,,,,,
-0.002695832634344697,imappo,0.0012914739781990647,0.049136918038129807,0.00032327442480826953,2255.0,,,,,,,,,,,,,,0.19923307769256415,,,,,0.01763269677758217,4.976412310497835e-05
,imappo,,,,2255.0,0.0,0.0,0.0024882062559186124,0.0,0.0,0.0,0.0,0.0024882062559186124,0.0,0.0,0.0,0.0,0.0,,,,,,,
0.002760734874755144,imappo,0.0010495736496523023,-0.3192582130432129,0.000322974324774925,2256.0,,,,,,,,,,,,,,0.19909969989996662,,,,,0.03174750134348869,0.006699487566947937
,imappo,,,,2256.0,0.0,0.0,0.3349743403505272,0.0,0.0,0.0,0.3333333432674408,0.001640997083086404,0.0,0.0,0.0,0.0,0.0,,,,,,,
-0.0025186766870319843,imappo,0.0008110092603601515,-0.16163620352745056,0.0003226742247415805,2257.0,,,,,,,,,,,,,,0.1989663221073691,,,,,0.03018437698483467,0.00670096417888999
,imappo,,,,2257.0,0.0,0.0,0.3350481657433022,0.0,0.0,0.0,0.3333333432674408,0.0017148522781837983,0.0,0.0,0.0,0.0,0.0,,,,,,,
0.001566183171235025,imappo,0.0005400390946306288,-0.13533279299736023,0.0003223741247082362,2258.0,,,,,,,,,,,,,,0.1988329443147716,,,,,0.02952522411942482,0.006700826343148947
,imappo,,,,2258.0,0.0,0.0,0.33504128655272325,0.0,0.0,0.0,0.3333333432674408,0.0017079432852824539,0.0,0.0,0.0,0.0,0.0,,,,,,,
-0.004993225913494825,imappo,0.00035002519143745303,-0.30304035544395447,0.0003220740246748917,2259.0,,,,,,,,,,,,,,0.19869956652217402,,,,,0.03116508573293686,0.006697261240333319
,imappo,,,,2259.0,0.0,0.0,0.33486311082356224,0.0,0.0,0.0,0.3333333432674408,0.0015297913048470946,0.0,0.0,0.0,0.0,0.0,,,,,,,
-0.0015539079904556274,imappo,0.00020651337399613112,-0.2403476983308792,0.00032177392464154716,2260.0,,,,,,,,,,,,,,0.1985661887295765,,,,,0.028513837605714798,0.006697261240333319
,imappo,,,,2260.0,0.0,0.0,0.33486306091526785,0.0,0.0,0.0,0.3333333432674408,0.0015297176478270558,0.0,0.0,0.0,0.0,0.0,,,,,,,
0.0049285502173006535,imappo,9.383694123243913e-05,-0.18320399522781372,0.00032147382460820276,2261.0,,,,,,,,,,,,,,0.19843281093697895,,,,,0.0320468544960022,0.006701728329062462
,imappo,,,,2261.0,0.0,0.0,0.3350864241247109,0.0,0.0,0.0,0.3333333432674408,0.001753074658154219,0.0,0.0,0.0,0.0,0.0,,,,,,,
0.02112714946269989,imappo,3.030878542631399e-05,-0.15901701152324677,0.00032117372457485835,2262.0,,,,,,,,,,,,,,0.19829943314438148,,,,,0.02945058047771454,0.006701219826936722
,imappo,,,,2262.0,0.0,0.0,0.3350609764488581,0.0,0.0,0.0,0.3333333432674408,0.0017276331814173318,0.0,0.0,0.0,0.0,0.0,,,,,,,
-0.0026911210734397173,imappo,1.549617081764154e-05,-0.16657482087612152,0.00032087362454151394,2263.0,,,,,,,,,,,,,,0.1981660553517839,,,,,0.028469529002904892,0.006701694335788488
,imappo,,,,2263.0,0.0,0.0,0.3350847042515852,0.0,0.0,0.0,0.3333333432674408,0.0017513609841444122,0.0,0.0,0.0,0.0,0.0,,,,,,,
-0.007540955673903227,imappo,2.3579041226184927e-05,-0.12234213203191757,0.0003205735245081694,2264.0,,,,,,,,,,,,,,0.19803267755918635,,,,,0.03240149840712547,0.006699446588754654
,imappo,,,,2264.0,0.0,0.0,0.3349722624079732,0.0,0.0,0.0,0.3333333432674408,0.0016388893382099923,0.0,0.0,0.0,0.0,0.0,,,,,,,
0.0015900153666734695,imappo,3.0167351724230684e-05,0.053284820169210434,0.0003202734244748249,2265.0,,,,,,,,,,,,,,0.19789929976658882,,,,,0.030222924426198006,0.006696339696645737
,imappo,,,,2265.0,0.0,0.0,0.33481698669552884,0.0,0.0,0.0,0.3333333432674408,0.001483643428088044,0.0,0.0,0.0,0.0,0.0,,,,,,,
-0.010216798633337021,imappo,1.2199876437080093e-05,-0.20560473203659058,0.0003199733244414806,2266.0,,,,,,,,,,,,,,0.19776592197399134,,,,,0.025999072939157486,0.006695836782455444
,imappo,,,,2266.0,0.0,0.0,0.3347918619201664,0.0,0.0,0.0,0.3333333432674408,0.0014585186527256155,0.0,0.0,0.0,0.0,0.0,,,,,,,
-0.005802529398351908,imappo,6.027107701811474e-06,-0.04865732789039612,0.0003196732244081361,2267.0,,,,,,,,,,,,,,0.19763254418139375,,,,,0.0308246910572052,0.006696677766740322
,imappo,,,,2267.0,0.0,0.0,0.33483388033141637,0.0,0.0,0.0,0.3333333432674408,0.001500537063975571,0.0,0.0,0.0,0.0,0.0,,,,,,,
-0.0054356977343559265,imappo,2.343574487895239e-05,0.1888260841369629,0.0003193731243747916,2268.0,,,,,,,,,,,,,,0.19749916638879622,,,,,0.025932060554623604,0.006686759181320667
,imappo,,,,2268.0,0.0,0.0,0.33433794685913654,0.0,0.0,0.0,0.3333333432674408,0.0010046137780364006,0.0,0.0,0.0,0.0,0.0,,,,,,,
-0.0065595414489507675,imappo,1.3286710782267619e-05,0.08278515189886093,0.0003190730243414473,2269.0,,,,,,,,,,,,,,0.19736578859619874,,,,,0.028384603559970856,0.006697101052850485
,imappo,,,,2269.0,0.0,0.0,0.33485502764597186,0.0,0.0,0.0,0.3333333432674408,0.0015217092986858916,0.0,0.0,0.0,0.0,0.0,,,,,,,
-0.010719593614339828,imappo,1.2766588042723015e-05,-0.37156522274017334,0.00031877292430810276,2270.0,,,,,,,,,,,,,,0.1972324108036012,,,,,0.030196335166692734,0.006696954369544983
,imappo,,,,2270.0,0.0,0.0,0.3348476806390863,0.0,0.0,0.0,0.3333333432674408,0.0015143373716455244,0.0,0.0,0.0,0.0,0.0,,,,,,,
-0.011204567737877369,imappo,9.115021384786814e-06,-0.04970211535692215,0.00031847282427475824,2271.0,,,,,,,,,,,,,,0.19709903301100362,,,,,0.03025008924305439,0.006698873825371265
,imappo,,,,2271.0,0.0,0.0,0.3349436784898927,0.0,0.0,0.0,0.3333333432674408,0.0016103352224519085,0.0,0.0,0.0,0.0,0.0,,,,,,,
0.0038050415460020304,imappo,6.359114195220172e-06,-0.21070930361747742,0.00031817272424141383,2272.0,,,,,,,,,,,,,,0.1969656552184061,,,,,0.031077561900019646,0.006702071987092495
,imappo,,,,2272.0,0.0,0.0,0.3351036328731425,0.0,0.0,0.0,0.3333333432674408,0.0017702896057016915,0.0,0.0,0.0,0.0,0.0,,,,,,,
-0.007831691764295101,imappo,1.2504810001701117e-05,0.15766122937202454,0.0003178726242080694,2273.0,,,,,,,,,,,,,,0.1968322774258086,,,,,0.02561325579881668,0.006704628001898527
,imappo,,,,2273.0,0.0,0.0,0.3352313411413661,0.0,0.0,0.0,0.3333333432674408,0.0018979837294637036,0.0,0.0,0.0,0.0,0.0,,,,,,,
-0.008967104367911816,imappo,2.560093207648606e-06,-0.20931199193000793,0.000317572524174725,2274.0,,,,,,,,,,,,,,0.19669889963321108,,,,,0.031085509806871414,0.006697893142700195
,imappo,,,,2274.0,0.0,0.0,0.3348946822798098,0.0,0.0,0.0,0.3333333432674408,0.0015613729256074294,0.0,0.0,0.0,0.0,0.0,,,,,,,
0.0005449693417176604,imappo,2.6681204872147646e-06,-0.08428939431905746,0.0003172724241413805,2275.0,,,,,,,,,,,,,,0.1965655218406135,,,,,0.029434604570269585,0.006703448481857777
,imappo,,,,2275.0,0.0,0.0,0.3351724134008691,0.0,0.0,0.0,0.3333333432674408,0.0018390701334283222,0.0,0.0,0.0,0.0,0.0,,,,,,,
-0.008607004769146442,imappo,2.598386799945729e-06,-0.4070124924182892,0.000316972324108036,2276.0,,,,,,,,,,,,,,0.19643214404801596,,,,,0.030254431068897247,0.006695121992379427
,imappo,,,,2276.0,0.0,0.0,0.33475606501923494,0.0,0.0,0.0,0.3333333432674408,0.0014227515541165303,0.0,0.0,0.0,0.0,0.0,,,,,,,
-0.004825368989259005,imappo,2.1463474695337936e-06,-0.10655990242958069,0.0003166722240746917,2277.0,,,,,,,,,,,,,,0.19629876625541848,,,,,0.030216798186302185,0.006697865668684244
,imappo,,,,2277.0,0.0,0.0,0.3348932996793792,0.0,0.0,0.0,0.3333333432674408,0.0015599564119384013,0.0,0.0,0.0,0.0,0.0,,,,,,,
-0.0012097544968128204,imappo,2.1005716916988604e-06,-0.2873069643974304,0.00031637212404134717,2278.0,,,,,,,,,,,,,,0.19616538846282094,,,,,0.02520791068673134,0.006705240812152624
,imappo,,,,2278.0,0.0,0.0,0.3352620341640886,0.0,0.0,0.0,0.3333333432674408,0.0019286908966478222,0.0,0.0,0.0,0.0,0.0,,,,,,,
-0.0017315904842689633,imappo,1.1298274102955475e-06,0.1299213021993637,0.00031607202400800265,2279.0,,,,,,,,,,,,,,0.19603201067022336,,,,,0.037956953048706055,0.006699023302644491
,imappo,,,,2279.0,0.0,0.0,0.33495116718722784,0.0,0.0,0.0,0.3333333432674408,0.0016178267110262823,0.0,0.0,0.0,0.0,0.0,,,,,,,
-0.003107638331130147,imappo,1.548786940475111e-06,-0.19678714871406555,0.00031577192397465824,2280.0,,,,,,,,,,,,,,0.19589863287762582,,,,,0.02714063599705696,0.006704745348542929
,imappo,,,,2280.0,0.0,0.0,0.33523729173066386,0.0,0.0,0.0,0.3333333432674408,0.0019039484632230597,0.0,0.0,0.0,0.0,0.0,,,,,,,
-0.0017700683092698455,imappo,1.6674489415891003e-06,-0.2510525584220886,0.00031547182394131383,2281.0,,,,,,,,,,,,,,0.19576525508502834,,,,,0.03099839948117733,0.006697478704154491
,imappo,,,,2281.0,0.0,0.0,0.33487390130915173,0.0,0.0,0.0,0.3333333432674408,0.0015405580417109377,0.0,0.0,0.0,0.0,0.0,,,,,,,
-0.007362488657236099,imappo,1.7086358639062382e-06,-0.2113664299249649,0.0003151717239079693,2282.0,,,,,,,,,,,,,,0.1956318772924308,,,,,0.029178202152252197,0.0066973804496228695
,imappo,,,,2282.0,0.0,0.0,0.3348690679868014,0.0,0.0,0.0,0.3333333432674408,0.0015357247193605872,0.0,0.0,0.0,0.0,0.0,,,,,,,
-0.009758726693689823,imappo,1.5285538665921194e-06,-0.31318461894989014,0.0003148716238746249,2283.0,,,,,,,,,,,,,,0.19549849949983322,,,,,0.028101496398448944,0.006701182574033737
,imappo,,,,2283.0,0.0,0.0,0.33505912997316045,0.0,0.0,0.0,0.3333333432674408,0.0017257867057196563,0.0,0.0,0.0,0.0,0.0,,,,,,,
-0.005542086437344551,imappo,1.4124522067504586e-06,-0.3626148998737335,0.0003145715238412805,2284.0,,,,,,,,,,,,,,0.19536512170723574,,,,,0.029568716883659363,0.006696830969303846
,imappo,,,,2284.0,0.0,0.0,0.33484159506940614,0.0,0.0,0.0,0.3333333432674408,0.0015082518019653435,0.0,0.0,0.0,0.0,0.0,,,,,,,
-0.0036472186911851168,imappo,1.3708851156479795e-06,-0.3334389626979828,0.0003142714238079361,2285.0,,,,,,,,,,,,,,0.1952317439146382,,,,,0.0287591814994812,0.006701603531837463
,imappo,,,,2285.0,0.0,0.0,0.3350801970827888,0.0,0.0,0.0,0.3333333432674408,0.001746853815348004,0.0,0.0,0.0,0.0,0.0,,,,,,,
-0.00040077787707559764,imappo,2.7095275072497316e-06,-0.32442745566368103,0.0003139713237745916,2286.0,,,,,,,,,,,,,,0.19509836612204068,,,,,0.032734908163547516,0.006698263809084892
,imappo,,,,2286.0,0.0,0.0,0.33491319757638394,0.0,0.0,0.0,0.3333333432674408,0.0015798608573049933,0.0,0.0,0.0,0.0,0.0,,,,,,,
-0.002468745457008481,imappo,1.3761541595158633e-06,-0.47531554102897644,0.00031367122374124706,2287.0,,,,,,,,,,,,,,0.1949649883294431,,,,,0.025468837469816208,0.0066986377350986
,imappo,,,,2287.0,0.0,0.0,0.3349318674154347,0.0,0.0,0.0,0.3333333432674408,0.001598524147993885,0.0,0.0,0.0,0.0,0.0,,,,,,,
-0.002632991410791874,imappo,9.614900591259357e-07,-0.43658366799354553,0.00031337112370790276,2288.0,,,,,,,,,,,,,,0.1948316105368456,,,,,0.028756417334079742,0.006696983706206083
,imappo,,,,2288.0,0.0,0.0,0.3348491764293158,0.0,0.0,0.0,0.3333333432674408,0.0015158331618749799,0.0,0.0,0.0,0.0,0.0,,,,,,,
-0.00852460227906704,imappo,9.361899628856918e-07,-0.7267099022865295,0.00031307102367455824,2289.0,,,,,,,,,,,,,,0.19469823274424808,,,,,0.029875878244638443,0.006695955526083708
,imappo,,,,2289.0,0.0,0.0,0.33479780120865144,0.0,0.0,0.0,0.3333333432674408,0.0014644579412106395,0.0,0.0,0.0,0.0,0.0,,,,,,,
0.003886290593072772,imappo,9.494190180703299e-07,-0.4735408127307892,0.0003127709236412137,2290.0,,,,,,,,,,,,,,0.19456485495165055,,,,,0.02735081873834133,0.0067023057490587234
,imappo,,,,2290.0,0.0,0.0,0.3351152883105897,0.0,0.0,0.0,0.3333333432674408,0.0017819450431488804,0.0,0.0,0.0,0.0,0.0,,,,,,,
-0.0098057696595788,imappo,1.2093192935935804e-06,-0.33762919902801514,0.0003124708236078693,2291.0,,,,,,,,,,,,,,0.19443147715905296,,,,,0.0302469152957201,0.006697199773043394
,imappo,,,,2291.0,0.0,0.0,0.3348600170061218,0.0,0.0,0.0,0.3333333432674408,0.0015266737386809837,0.0,0.0,0.0,0.0,0.0,,,,,,,
0.001490968745201826,imappo,1.0491826287761796e-06,-0.6760584712028503,0.0003121707235745249,2292.0,,,,,,,,,,,,,,0.19429809936645548,,,,,0.029934469610452652,0.006696485448628664
,imappo,,,,2292.0,0.0,0.0,0.33482422725955985,0.0,0.0,0.0,0.3333333432674408,0.001490883992119052,0.0,0.0,0.0,0.0,0.0,,,,,,,
0.0021426340099424124,imappo,5.376031708692608e-07,-0.84954434633255,0.0003118706235411804,2293.0,,,,,,,,,,,,,,0.19416472157385795,,,,,0.029997430741786957,0.00669678021222353
,imappo,,,,2293.0,0.0,0.0,0.3348390178887257,0.0,0.0,0.0,0.3333333432674408,0.0015056746212849248,0.0,0.0,0.0,0.0,0.0,,,,,,,
-0.0021292532328516245,imappo,7.41479766475095e-07,-0.2600441575050354,0.000311570523507836,2294.0,,,,,,,,,,,,,,0.1940313437812604,,,,,0.03551425039768219,0.006699192337691784
,imappo,,,,2294.0,0.0,0.0,0.3349596203247529,0.0,0.0,0.0,0.3333333432674408,0.0016262770573121088,0.0,0.0,0.0,0.0,0.0,,,,,,,
0.0005236672004684806,imappo,6.418935640795098e-07,-1.0295222997665405,0.00031127042347449147,2295.0,,,,,,,,,,,,,,0.19389796598866282,,,,,0.031010083854198456,0.006696220021694899
,imappo,,,,2295.0,0.0,0.0,0.33481104005340967,0.0,0.0,0.0,0.3333333432674408,0.0014776967859688739,0.0,0.0,0.0,0.0,0.0,,,,,,,
-5.487340968102217e-05,imappo,7.000554660407943e-07,-0.8425010442733765,0.00031097032344114717,2296.0,,,,,,,,,,,,,,0.19376458819606535,,,,,0.02777821198105812,0.006700456142425537
,imappo,,,,2296.0,0.0,0.0,0.3350228100357526,0.0,0.0,0.0,0.3333333432674408,0.0016894667683118314,0.0,0.0,0.0,0.0,0.0,,,,,,,
-0.009205261245369911,imappo,1.5805428574822145e-06,-0.7205072045326233,0.00031067022340780265,2297.0,,,,,,,,,,,,,,0.1936312104034678,,,,,0.030342286452651024,0.006702118087559938
,imappo,,,,2297.0,0.0,0.0,0.3351058636872324,0.0,0.0,0.0,0.3333333432674408,0.0017725494363105554,0.0,0.0,0.0,0.0,0.0,,,,,,,
4.5918801333755255e-05,imappo,8.422550763498293e-07,-1.0901561975479126,0.00031037012337445814,2298.0,,,,,,,,,,,,,,0.19349783261087028,,,,,0.024919645860791206,0.006698184181004763
,imappo,,,,2298.0,0.0,0.0,0.33490917425064026,0.0,0.0,0.0,0.3333333432674408,0.0015758309831994666,0.0,0.0,0.0,0.0,0.0,,,,,,,
0.0022566537372767925,imappo,7.095777050381002e-07,-1.067970633506775,0.00031007002334111384,2299.0,,,,,,,,,,,,,,0.19336445481827275,,,,,0.025249982252717018,0.006705007050186396
,imappo,,,,2299.0,0.0,0.0,0.3352503373325817,0.0,0.0,0.0,0.3333333432674408,0.0019169940651408979,0.0,0.0,0.0,0.0,0.0,,,,,,,
,imappo,,,,2299.0,,,,,,,,,,,,,,,0.0,0.0,0.0,0.0,,
0.007204732857644558,imappo,3.957319165692752e-07,-1.3781588077545166,0.0003097699233077693,2300.0,,,,,,,,,,,,,,0.1932310770256752,,,,,0.029423804953694344,0.006694694049656391
,imappo,,,,2300.0,0.0,0.0,0.33473467382441413,0.0,0.0,0.0,0.3333333432674408,0.0014013305569733348,0.0,0.0,0.0,0.0,0.0,,,,,,,
-0.013896559365093708,imappo,4.128392561142391e-07,-0.8897362351417542,0.0003094698232744248,2301.0,,,,,,,,,,,,,,0.19309769923307768,,,,,0.030212074518203735,0.006695483811199665
,imappo,,,,2301.0,0.0,0.0,0.33477422134433255,0.0,0.0,0.0,0.3333333432674408,0.0014408780768917495,0.0,0.0,0.0,0.0,0.0,,,,,,,
-0.008886721916496754,imappo,2.26623811272475e-07,-0.4509422779083252,0.0003091697232410804,2302.0,,,,,,,,,,,,,,0.19296432144048015,,,,,0.039051368832588196,0.006693711504340172
,imappo,,,,2302.0,0.0,0.0,0.33468556891256185,0.0,0.0,0.0,0.3333333432674408,0.00135225544744344,0.0,0.0,0.0,0.0,0.0,,,,,,,
-0.003200181759893894,imappo,8.568557632315787e-07,-0.6521106958389282,0.000308869623207736,2303.0,,,,,,,,,,,,,,0.1928309436478826,,,,,0.02988516166806221,0.0066955555230379105
,imappo,,,,2303.0,0.0,0.0,0.3347777775902898,0.0,0.0,0.0,0.3333333432674408,0.0014444641251714074,0.0,0.0,0.0,0.0,0.0,,,,,,,
-0.016886673867702484,imappo,2.30942134749057e-07,-1.2376712560653687,0.00030856952317439147,2304.0,,,,,,,,,,,,,,0.19269756585528508,,,,,0.029346473515033722,0.006696102675050497
,imappo,,,,2304.0,0.0,0.0,0.3348051829934775,0.0,0.0,0.0,0.3333333432674408,0.0014718397260367055,0.0,0.0,0.0,0.0,0.0,,,,,,,
-0.001604872988536954,imappo,4.601393754910532e-07,-0.7854194045066833,0.00030826942314104706,2305.0,,,,,,,,,,,,,,0.19256418806268755,,,,,0.028908666223287582,0.0066959448158741
,imappo,,,,2305.0,0.0,0.0,0.33479727175983953,0.0,0.0,0.0,0.3333333432674408,0.0014639284923987361,0.0,0.0,0.0,0.0,0.0,,,,,,,
-0.002327926456928253,imappo,3.313893444101268e-07,-1.0592944622039795,0.00030796932310770255,2306.0,,,,,,,,,,,,,,0.19243081027009,,,,,0.02960384078323841,0.006695233751088381
,imappo,,,,2306.0,0.0,0.0,0.33476167339586027,0.0,0.0,0.0,0.3333333432674408,0.001428330128419475,0.0,0.0,0.0,0.0,0.0,,,,,,,
0.011372236534953117,imappo,6.428854817386309e-07,-1.4076367616653442,0.00030766922307435825,2307.0,,,,,,,,,,,,,,0.19229743247749248,,,,,0.030484162271022797,0.0066944933496415615
,imappo,,,,2307.0,0.0,0.0,0.33472469348839695,0.0,0.0,0.0,0.3333333432674408,0.0013913800232785434,0.0,0.0,0.0,0.0,0.0,,,,,,,
0.0022195118945091963,imappo,4.967467930327985e-07,-1.4029799699783325,0.00030736912304101373,2308.0,,,,,,,,,,,,,,0.19216405468489495,,,,,0.027925433591008186,0.0066931103356182575
,imappo,,,,2308.0,0.0,0.0,0.33465550253731635,0.0,0.0,0.0,0.3333333432674408,0.0013221592698755558,0.0,0.0,0.0,0.0,0.0,,,,,,,
-0.0042484900914132595,imappo,2.159221139663714e-07,-1.1858965158462524,0.0003070690230076692,2309.0,,,,,,,,,,,,,,0.19203067689229741,,,,,0.029305007308721542,0.006695103831589222
,imappo,,,,2309.0,0.0,0.0,0.33475524495770514,0.0,0.0,0.0,0.3333333432674408,0.0014219134991435567,0.0,0.0,0.0,0.0,0.0,,,,,,,
-0.010951947420835495,imappo,4.886919668933842e-07,-0.6831122040748596,0.0003067689229743248,2310.0,,,,,,,,,,,,,,0.19189729909969988,,,,,0.0348130501806736,0.006698859389871359
,imappo,,,,2310.0,0.0,0.0,0.3349429746895112,0.0,0.0,0.0,0.3333333432674408,0.001609631422070379,0.0,0.0,0.0,0.0,0.0,,,,,,,
0.025492170825600624,imappo,0.0017616978147998452,-1.2062748670578003,0.0003064688229409804,2311.0,,,,,,,,,,,,,,0.19176392130710235,,,,,0.034178830683231354,2.675461655599065e-05
,imappo,,,,2311.0,0.0,0.0,0.0013377308418967004,0.0,0.0,0.0,0.0,0.0013377308418967004,0.0,0.0,0.0,0.0,0.0,,,,,,,
0.019177129492163658,imappo,0.00024259577912744135,-1.611773133277893,0.0003061687229076359,2312.0,,,,,,,,,,,,,,0.19163054351450481,,,,,0.027849067002534866,0.006695042829960585
,imappo,,,,2312.0,0.0,0.0,0.33475214685313404,0.0,0.0,0.0,0.3333333432674408,0.0014188035856932402,0.0,0.0,0.0,0.0,0.0,,,,,,,
-0.00600540591403842,imappo,0.0004969222936779261,-0.5959703326225281,0.00030586862287429147,2313.0,,,,,,,,,,,,,,0.19149716572190728,,,,,0.0324985533952713,0.006697927601635456
,imappo,,,,2313.0,0.0,0.0,0.33489636520721433,0.0,0.0,0.0,0.3333333432674408,0.0015630262471404421,0.0,0.0,0.0,0.0,0.0,,,,,,,
0.05836204066872597,imappo,0.0003437894338276237,-1.7194403409957886,0.00030556852284094706,2314.0,,,,,,,,,,,,,,0.19136378792930975,,,,,0.026494815945625305,0.006699916906654835
,imappo,,,,2314.0,0.0,0.0,0.33499585218805805,0.0,0.0,0.0,0.3333333432674408,0.001662508920617256,0.0,0.0,0.0,0.0,0.0,,,,,,,
-0.011901135556399822,imappo,0.00022711344354320318,-1.8986784219741821,0.00030526842280760255,2315.0,,,,,,,,,,,,,,0.19123041013671221,,,,,0.02719270810484886,0.0066945613361895084
,imappo,,,,2315.0,0.0,0.0,0.33472806021131873,0.0,0.0,0.0,0.3333333432674408,0.0013947169438779383,0.0,0.0,0.0,0.0,0.0,,,,,,,
-0.0006489580846391618,imappo,0.0021443066652864218,-0.5950808525085449,0.00030496832277425814,2316.0,,,,,,,,,,,,,,0.19109703234411468,,,,,0.019736986607313156,4.5298827899387106e-05
,imappo,,,,2316.0,0.0,0.0,0.0022649413190265477,0.0,0.0,0.0,0.0,0.0022649413190265477,0.0,0.0,0.0,0.0,0.0,,,,,,,
0.005246100015938282,imappo,0.0013130675069987774,-0.5379724502563477,0.0003046682227409136,2317.0,,,,,,,,,,,,,,0.19096365455151715,,,,,0.022623442113399506,3.9363065297948197e-05
,imappo,,,,2317.0,0.0,0.0,0.001968153189466193,0.0,0.0,0.0,0.0,0.001968153189466193,0.0,0.0,0.0,0.0,0.0,,,,,,,
-0.0032194347586482763,imappo,0.00017938371456693858,-0.5614902377128601,0.0003043681227075693,2318.0,,,,,,,,,,,,,,0.19083027675891961,,,,,0.020435642451047897,3.780902989092283e-05
,imappo,,,,2318.0,0.0,0.0,0.0018904515406461542,0.0,0.0,0.0,0.0,0.0018904515406461542,0.0,0.0,0.0,0.0,0.0,,,,,,,
0.002333666430786252,imappo,4.052746589877643e-06,-0.6795080304145813,0.0003040680226742248,2319.0,,,,,,,,,,,,,,0.19069689896632208,,,,,0.015774842351675034,3.927184297936037e-05
,imappo,,,,2319.0,0.0,0.0,0.001963592068420894,0.0,0.0,0.0,0.0,0.001963592068420894,0.0,0.0,0.0,0.0,0.0,,,,,,,
0.0051202024333179,imappo,0.005478458944708109,-1.5075374841690063,0.0003037679226408803,2320.0,,,,,,,,,,,,,,0.19056352117372455,,,,,0.02962641417980194,0.006698065437376499
,imappo,,,,2320.0,0.0,0.0,0.3349033106214847,0.0,0.0,0.0,0.3333333432674408,0.0015699673540439107,0.0,0.0,0.0,0.0,0.0,,,,,,,
-0.0019457327434793115,imappo,0.004674880299717188,-0.9117898344993591,0.0003034678226075359,2321.0,,,,,,,,,,,,,,0.19043014338112702,,,,,0.034930191934108734,0.006705892737954855
,imappo,,,,2321.0,0.0,0.0,0.33529464944876963,0.0,0.0,0.0,0.3333333432674408,0.0019613085969467647,0.0,0.0,0.0,0.0,0.0,,,,,,,
-0.006948606111109257,imappo,6.594858859898522e-05,-1.595662236213684,0.00030316772257419147,2322.0,,,,,,,,,,,,,,0.19029676558852948,,,,,0.04104691743850708,7.1379240580426995e-06
,imappo,,,,2322.0,0.0,0.0,0.00035689615003775543,0.0,0.0,0.0,0.0,0.00035689615003775543,0.0,0.0,0.0,0.0,0.0,,,,,,,
-0.0051518892869353294,imappo,9.992691775551066e-05,-1.607324242591858,0.00030286762254084696,2323.0,,,,,,,,,,,,,,0.19016338779593195,,,,,0.034435465931892395,1.2647801668208558e-05
,imappo,,,,2323.0,0.0,0.0,0.0006323900661300286,0.0,0.0,0.0,0.0,0.0006323900661300286,0.0,0.0,0.0,0.0,0.0,,,,,,,
-0.0010531018488109112,imappo,0.001517423428595066,-1.1359248161315918,0.00030256752250750255,2324.0,,,,,,,,,,,,,,0.19003001000333442,,,,,0.03191259503364563,0.006700383964926004
,imappo,,,,2324.0,0.0,0.0,0.33501915623742207,0.0,0.0,0.0,0.3333333432674408,0.0016858129699812707,0.0,0.0,0.0,0.0,0.0,,,,,,,
0.01592615246772766,imappo,0.000328963651554659,-1.8811826705932617,0.00030226742247415803,2325.0,,,,,,,,,,,,,,0.18989663221073688,,,,,0.029557103291153908,0.006711910478770733
,imappo,,,,2325.0,0.0,0.0,0.3355955592069222,0.0,0.0,0.0,0.3333333432674408,0.0022622159394813934,0.0,0.0,0.0,0.0,0.0,,,,,,,
0.0034284209832549095,imappo,0.0003554496797733009,-1.32294499874115,0.0003019673224408136,2326.0,,,,,,,,,,,,,,0.18976325441813935,,,,,0.03277378901839256,0.006699985824525356
,imappo,,,,2326.0,0.0,0.0,0.33499929265229866,0.0,0.0,0.0,0.3333333432674408,0.00166591958253548,0.0,0.0,0.0,0.0,0.0,,,,,,,
0.039752569049596786,imappo,5.538191180676222e-05,-1.4995126724243164,0.0003016672224074692,2327.0,,,,,,,,,,,,,,0.18962987662554182,,,,,0.02871195413172245,0.00670231319963932
,imappo,,,,2327.0,0.0,0.0,0.33511564115997317,0.0,0.0,0.0,0.3333333432674408,0.0017822978925323696,0.0,0.0,0.0,0.0,0.0,,,,,,,
0.007182788103818893,imappo,6.897806451888755e-05,-1.5251837968826294,0.0003013671223741247,2328.0,,,,,,,,,,,,,,0.18949649883294428,,,,,0.028206083923578262,0.006701936013996601
,imappo,,,,2328.0,0.0,0.0,0.3350968028553325,0.0,0.0,0.0,0.3333333432674408,0.0017634595878917025,0.0,0.0,0.0,0.0,0.0,,,,,,,
-0.0018798692617565393,imappo,0.000493268424179405,-1.7086635828018188,0.0003010670223407803,2329.0,,,,,,,,,,,,,,0.18936312104034675,,,,,0.02536078169941902,1.8426086171530187e-05
,imappo,,,,2329.0,0.0,0.0,0.000921304334042361,0.0,0.0,0.0,0.0,0.000921304334042361,0.0,0.0,0.0,0.0,0.0,,,,,,,
0.01171600166708231,imappo,0.00048691421397961676,-1.3595612049102783,0.0003007669223074359,2330.0,,,,,,,,,,,,,,0.18922974324774922,,,,,0.030888862907886505,0.006699984893202782
,imappo,,,,2330.0,0.0,0.0,0.33499921561065094,0.0,0.0,0.0,0.3333333432674408,0.0016658723432101397,0.0,0.0,0.0,0.0,0.0,,,,,,,
0.003776505356654525,imappo,9.147597302217036e-05,-0.9216099977493286,0.00030046682227409137,2331.0,,,,,,,,,,,,,,0.18909636545515168,,,,,0.0329548642039299,0.006704480852931738
,imappo,,,,2331.0,0.0,0.0,0.33522404119321436,0.0,0.0,0.0,0.3333333432674408,0.0018906979257735657,0.0,0.0,0.0,0.0,0.0,,,,,,,
0.014697592705488205,imappo,7.867725798860192e-05,-1.1341341733932495,0.00030016672224074696,2332.0,,,,,,,,,,,,,,0.18896298766255415,,,,,0.028351187705993652,0.006690889596939087
,imappo,,,,2332.0,0.0,0.0,0.33454450458863505,0.0,0.0,0.0,0.3333333432674408,0.0012111811700066255,0.0,0.0,0.0,0.0,0.0,,,,,,,
0.01999916322529316,imappo,7.354179251706228e-05,-2.0039262771606445,0.00029986662220740255,2333.0,,,,,,,,,,,,,,0.18882960986995667,,,,,0.02812529169023037,0.00670776329934597
,imappo,,,,2333.0,0.0,0.0,0.335388180505106,0.0,0.0,0.0,0.3333333432674408,0.002054837237665197,0.0,0.0,0.0,0.0,0.0,,,,,,,
0.0036088675260543823,imappo,0.00011176601401530206,-1.1254630088806152,0.00029956652217405803,2334.0,,,,,,,,,,,,,,0.18869623207735908,,,,,0.027386121451854706,0.006689583882689476
,imappo,,,,2334.0,0.0,0.0,0.3344791726397034,0.0,0.0,0.0,0.3333333432674408,0.0011458320716428716,0.0,0.0,0.0,0.0,0.0,,,,,,,
0.0014414647594094276,imappo,4.4322499888949096e-05,-1.1521283388137817,0.0002992664221407136,2335.0,,,,,,,,,,,,,,0.18856285428476155,,,,,0.026435937732458115,0.0066880895756185055
,imappo,,,,2335.0,0.0,0.0,0.3344044523443017,0.0,0.0,0.0,0.3333333432674408,0.0010711160035725698,0.0,0.0,0.0,0.0,0.0,,,,,,,
0.0025080800987780094,imappo,0.0005374492611736059,-0.6866588592529297,0.0002989663221073691,2336.0,,,,,,,,,,,,,,0.18842947649216402,,,,,0.025899497792124748,3.77871110686101e-05
,imappo,,,,2336.0,0.0,0.0,0.0018893554696717274,0.0,0.0,0.0,0.0,0.0018893554696717274,0.0,0.0,0.0,0.0,0.0,,,,,,,
0.0006966314394958317,imappo,0.0003262140671722591,-1.9194353818893433,0.0002986662220740247,2337.0,,,,,,,,,,,,,,0.18829609869956654,,,,,0.0258670412003994,0.006711590103805065
,imappo,,,,2337.0,0.0,0.0,0.335579538212869,0.0,0.0,0.0,0.3333333432674408,0.002246194945428215,0.0,0.0,0.0,0.0,0.0,,,,,,,
-0.0022467218805104494,imappo,8.358433842658997e-05,-0.7220219373703003,0.0002983661220406803,2338.0,,,,,,,,,,,,,,0.18816272090696895,,,,,0.024226278066635132,3.747558002942242e-05
,imappo,,,,2338.0,0.0,0.0,0.0018737789760052692,0.0,0.0,0.0,0.0,0.0018737789760052692,0.0,0.0,0.0,0.0,0.0,,,,,,,
0.015325521118938923,imappo,0.0009560497128404677,-1.9375370740890503,0.0002980660220073358,2339.0,,,,,,,,,,,,,,0.18802934311437142,,,,,0.02363748475909233,0.006711810361593962
,imappo,,,,2339.0,0.0,0.0,0.33559048800998426,0.0,0.0,0.0,0.3333333432674408,0.00225714474254346,0.0,0.0,0.0,0.0,0.0,,,,,,,
-0.005192327778786421,imappo,0.0006946473731659353,-0.9683555364608765,0.00029776592197399137,2340.0,,,,,,,,,,,,,,0.18789596532177388,,,,,0.03079751320183277,0.006703398190438747
,imappo,,,,2340.0,0.0,0.0,0.3351699174229452,0.0,0.0,0.0,0.3333333432674408,0.0018365741555044224,0.0,0.0,0.0,0.0,0.0,,,,,,,
0.013275220058858395,imappo,0.00022839708253741264,-2.045353651046753,0.00029746582194064696,2341.0,,,,,,,,,,,,,,0.1877625875291764,,,,,0.025708772242069244,0.006707934197038412
,imappo,,,,2341.0,0.0,0.0,0.3353966848781056,0.0,0.0,0.0,0.3333333432674408,0.002063341610664793,0.0,0.0,0.0,0.0,0.0,,,,,,,
0.005079328082501888,imappo,0.0008995946263894439,-1.1884348392486572,0.00029716572190730244,2342.0,,,,,,,,,,,,,,0.18762920973657882,,,,,0.030359946191310883,1.689368400548119e-05
,imappo,,,,2342.0,0.0,0.0,0.0008446842115290565,0.0,0.0,0.0,0.0,0.0008446842115290565,0.0,0.0,0.0,0.0,0.0,,,,,,,
-0.002874404424801469,imappo,0.0009912560926750302,-1.0212548971176147,0.00029686562187395803,2343.0,,,,,,,,,,,,,,0.18749583194398128,,,,,0.03688856586813927,0.006698834244161844
,imappo,,,,2343.0,0.0,0.0,0.3349416971805539,0.0,0.0,0.0,0.3333333432674408,0.001608353913113092,0.0,0.0,0.0,0.0,0.0,,,,,,,
-0.0033654775470495224,imappo,0.0007221414125524461,-1.2146704196929932,0.0002965655218406135,2344.0,,,,,,,,,,,,,,0.18736245415138375,,,,,0.030946696177124977,0.006696796044707298
,imappo,,,,2344.0,0.0,0.0,0.33483979716896783,0.0,0.0,0.0,0.3333333432674408,0.001506483703849426,0.0,0.0,0.0,0.0,0.0,,,,,,,
-0.005681358743458986,imappo,0.00033067751792259514,-1.8621207475662231,0.0002962654218072691,2345.0,,,,,,,,,,,,,,0.18722907635878627,,,,,0.02985900267958641,0.006694178096950054
,imappo,,,,2345.0,0.0,0.0,0.3347088794167803,0.0,0.0,0.0,0.3333333432674408,0.0013755659516618834,0.0,0.0,0.0,0.0,0.0,,,,,,,
0.004205485340207815,imappo,0.00012192884605610743,-1.622428059577942,0.0002959653217739247,2346.0,,,,,,,,,,,,,,0.18709569856618868,,,,,0.02983972430229187,0.0066974167712032795
,imappo,,,,2346.0,0.0,0.0,0.33487086359320983,0.0,0.0,0.0,0.3333333432674408,0.0015375203257690373,0.0,0.0,0.0,0.0,0.0,,,,,,,
0.03397715464234352,imappo,0.0002065658918581903,-2.019713878631592,0.0002956652217405802,2347.0,,,,,,,,,,,,,,0.18696232077359115,,,,,0.029611635953187943,0.006696522235870361
,imappo,,,,2347.0,0.0,0.0,0.33482610850023775,0.0,0.0,0.0,0.3333333432674408,0.001492795035119343,0.0,0.0,0.0,0.0,0.0,,,,,,,
-0.005994037725031376,imappo,9.119496826315299e-05,-1.3952388763427734,0.0002953651217072358,2348.0,,,,,,,,,,,,,,0.18682894298099367,,,,,0.028774995356798172,0.006696544121950865
,imappo,,,,2348.0,0.0,0.0,0.33482722125700093,0.0,0.0,0.0,0.3333333432674408,0.0014938779895601328,0.0,0.0,0.0,0.0,0.0,,,,,,,
0.0035123538691550493,imappo,5.255755968391895e-05,-2.388195753097534,0.00029506502167389137,2349.0,,,,,,,,,,,,,,0.18669556518839614,,,,,0.029934631660580635,0.006696092430502176
,imappo,,,,2349.0,0.0,0.0,0.33480461893782376,0.0,0.0,0.0,0.3333333432674408,0.0014712756703829655,0.0,0.0,0.0,0.0,0.0,,,,,,,
0.003743078326806426,imappo,8.621842425782233e-05,-1.422966480255127,0.00029476492164054685,2350.0,,,,,,,,,,,,,,0.18656218739579855,,,,,0.02876110002398491,0.006696611642837524
,imappo,,,,2350.0,0.0,0.0,0.33483057430066765,0.0,0.0,0.0,0.3333333432674408,0.0014972310332268535,0.0,0.0,0.0,0.0,0.0,,,,,,,
-0.0053904131054878235,imappo,5.1111826905980706e-05,-1.3777265548706055,0.00029446482160720244,2351.0,,,,,,,,,,,,,,0.18642880960320102,,,,,0.027323434129357338,0.006695903372019529
,imappo,,,,2351.0,0.0,0.0,0.33479520494620374,0.0,0.0,0.0,0.3333333432674408,0.0014618616787629435,0.0,0.0,0.0,0.0,0.0,,,,,,,
0.004900870844721794,imappo,2.733010296651628e-05,-1.5866942405700684,0.00029416472157385804,2352.0,,,,,,,,,,,,,,0.18629543181060354,,,,,0.029069874435663223,0.006695271003991365
,imappo,,,,2352.0,0.0,0.0,0.3347635430554874,0.0,0.0,0.0,0.3333333432674408,0.0014301997880465933,0.0,0.0,0.0,0.0,0.0,,,,,,,
-0.011556594632565975,imappo,3.378490509930998e-05,-1.8291306495666504,0.0002938646215405135,2353.0,,,,,,,,,,,,,,0.186162054018006,,,,,0.02854093164205551,0.006693989038467407
,imappo,,,,2353.0,0.0,0.0,0.3346994670064305,0.0,0.0,0.0,0.3333333432674408,0.0013661237389896996,0.0,0.0,0.0,0.0,0.0,,,,,,,
0.0011959733674302697,imappo,2.2208872906048782e-05,-1.9456548690795898,0.0002935645215071691,2354.0,,,,,,,,,,,,,,0.18602867622540842,,,,,0.03161847963929176,0.006696407217532396
,imappo,,,,2354.0,0.0,0.0,0.3348203693976757,0.0,0.0,0.0,0.3333333432674408,0.0014870261302348808,0.0,0.0,0.0,0.0,0.0,,,,,,,
0.009275529533624649,imappo,2.861219945771154e-05,-1.6558170318603516,0.0002932644214738246,2355.0,,,,,,,,,,,,,,0.18589529843281088,,,,,0.029770703986287117,0.00669463537633419
,imappo,,,,2355.0,0.0,0.0,0.3347317798752556,0.0,0.0,0.0,0.3333333432674408,0.0013984366078148014,0.0,0.0,0.0,0.0,0.0,,,,,,,
0.018734203651547432,imappo,1.882682045106776e-05,-1.9028242826461792,0.0002929643214404802,2356.0,,,,,,,,,,,,,,0.1857619206402134,,,,,0.03064022958278656,0.006696315482258797
,imappo,,,,2356.0,0.0,0.0,0.3348157960599565,0.0,0.0,0.0,0.3333333432674408,0.0014824527925156872,0.0,0.0,0.0,0.0,0.0,,,,,,,
0.003849947126582265,imappo,1.631265513424296e-05,-1.7768322229385376,0.0002926642214071358,2357.0,,,,,,,,,,,,,,0.18562854284761587,,,,,0.027753854170441628,0.0066951364278793335
,imappo,,,,2357.0,0.0,0.0,0.3347568232906042,0.0,0.0,0.0,0.3333333432674408,0.0014234800231633926,0.0,0.0,0.0,0.0,0.0,,,,,,,
0.011074034497141838,imappo,1.5589248505420983e-05,-2.2178804874420166,0.00029236412137379126,2358.0,,,,,,,,,,,,,,0.18549516505501829,,,,,0.028585530817508698,0.006695685442537069
,imappo,,,,2358.0,0.0,0.0,0.33478427533327704,0.0,0.0,0.0,0.3333333432674408,0.0014509320658362412,0.0,0.0,0.0,0.0,0.0,,,,,,,
-0.00124802824575454,imappo,1.6965846953098662e-05,-1.3426257371902466,0.00029206402134044685,2359.0,,,,,,,,,,,,,,0.18536178726242075,,,,,0.02911458909511566,0.006693967152386904
,imappo,,,,2359.0,0.0,0.0,0.33469832115906684,0.0,0.0,0.0,0.3333333432674408,0.0013649778916260402,0.0,0.0,0.0,0.0,0.0,,,,,,,
0.0013655000366270542,imappo,0.00036100740544497967,-0.7040966153144836,0.00029176392130710244,2360.0,,,,,,,,,,,,,,0.18522840946982327,,,,,0.0235048346221447,4.18629715568386e-05
,imappo,,,,2360.0,0.0,0.0,0.00209314870403432,0.0,0.0,0.0,0.0,0.00209314870403432,0.0,0.0,0.0,0.0,0.0,,,,,,,
0.024073587730526924,imappo,0.0015544238267466426,-1.9523478746414185,0.00029146382127375793,2361.0,,,,,,,,,,,,,,0.18509503167722574,,,,,0.029182298108935356,0.0066937170922756195
,imappo,,,,2361.0,0.0,0.0,0.3346859106160309,0.0,0.0,0.0,0.3333333432674408,0.001352567348590128,0.0,0.0,0.0,0.0,0.0,,,,,,,
0.009687082841992378,imappo,0.0013381295138970017,-1.7982604503631592,0.0002911637212404135,2362.0,,,,,,,,,,,,,,0.18496165388462815,,,,,0.03173057734966278,0.0066956705413758755
,imappo,,,,2362.0,0.0,0.0,0.3347834959440661,0.0,0.0,0.0,0.3333333432674408,0.0014501526766252937,0.0,0.0,0.0,0.0,0.0,,,,,,,
-0.0063478462398052216,imappo,0.0005897820228710771,-0.6271328330039978,0.0002908636212070691,2363.0,,,,,,,,,,,,,,0.18482827609203067,,,,,0.01973029598593712,4.0922379412222654e-05
,imappo,,,,2363.0,0.0,0.0,0.0020461189376419497,0.0,0.0,0.0,0.0,0.0020461189376419497,0.0,0.0,0.0,0.0,0.0,,,,,,,
-0.008965468034148216,imappo,0.0003301589167676866,-1.6793216466903687,0.0002905635211737246,2364.0,,,,,,,,,,,,,,0.18469489829943314,,,,,0.028482424095273018,3.1217765354085714e-05
,imappo,,,,2364.0,0.0,0.0,0.0015608882397373236,0.0,0.0,0.0,0.0,0.0015608882397373236,0.0,0.0,0.0,0.0,0.0,,,,,,,
-0.00806026067584753,imappo,0.00020833630696870387,-1.6948961019515991,0.0002902634211403802,2365.0,,,,,,,,,,,,,,0.1845615205068356,,,,,0.027094699442386627,2.794065949274227e-05
,imappo,,,,2365.0,0.0,0.0,0.0013970329819130711,0.0,0.0,0.0,0.0,0.0013970329819130711,0.0,0.0,0.0,0.0,0.0,,,,,,,
-0.012132551521062851,imappo,0.002826570300385356,-0.8058773875236511,0.00028996332110703567,2366.0,,,,,,,,,,,,,,0.18442814271423802,,,,,0.03329500928521156,0.006697657518088818
,imappo,,,,2366.0,0.0,0.0,0.3348828780099211,0.0,0.0,0.0,0.3333333432674408,0.0015495347424803185,0.0,0.0,0.0,0.0,0.0,,,,,,,
0.00692883413285017,imappo,0.0024762474931776524,-1.6089378595352173,0.00028966322107369126,2367.0,,,,,,,,,,,,,,0.18429476492164054,,,,,0.029453594237565994,0.006700378842651844
,imappo,,,,2367.0,0.0,0.0,0.3350189280158702,0.0,0.0,0.0,0.3333333432674408,0.0016855928975019197,0.0,0.0,0.0,0.0,0.0,,,,,,,
0.09739810973405838,imappo,0.0020565458107739687,-1.8948860168457031,0.00028936312104034685,2368.0,,,,,,,,,,,,,,0.184161387129043,,,,,0.02799609676003456,0.006703709252178669
,imappo,,,,2368.0,0.0,0.0,0.3351854718730465,0.0,0.0,0.0,0.3333333432674408,0.0018520988032832975,0.0,0.0,0.0,0.0,0.0,,,,,,,
0.012879959307610989,imappo,0.0007633569184690714,-1.539146065711975,0.00028906302100700234,2369.0,,,,,,,,,,,,,,0.18402800933644547,,,,,0.035257965326309204,2.631847200973425e-05
,imappo,,,,2369.0,0.0,0.0,0.0013159236943920405,0.0,0.0,0.0,0.0,0.0013159236943920405,0.0,0.0,0.0,0.0,0.0,,,,,,,
0.000560430926270783,imappo,0.0016404482303187251,-1.5259904861450195,0.00028876292097365793,2370.0,,,,,,,,,,,,,,0.1838946315438479,,,,,0.029393374919891357,0.006701525300741196
,imappo,,,,2370.0,0.0,0.0,0.33507628744337126,0.0,0.0,0.0,0.3333333432674408,0.001742944175930461,0.0,0.0,0.0,0.0,0.0,,,,,,,
0.0006218880880624056,imappo,0.0010438550962135196,-1.7046366930007935,0.0002884628209403135,2371.0,,,,,,,,,,,,,,0.1837612537512504,,,,,0.033449627459049225,0.0067061129957437515
,imappo,,,,2371.0,0.0,0.0,0.33530569689355616,0.0,0.0,0.0,0.3333333432674408,0.001972353626115364,0.0,0.0,0.0,0.0,0.0,,,,,,,
0.0034785817842930555,imappo,0.00038608789327554405,-1.632914662361145,0.000288162720906969,2372.0,,,,,,,,,,,,,,0.18362787595865288,,,,,0.02858598344027996,0.006697697564959526
,imappo,,,,2372.0,0.0,0.0,0.3348848882067159,0.0,0.0,0.0,0.3333333432674408,0.001551561739461249,0.0,0.0,0.0,0.0,0.0,,,,,,,
0.02914484031498432,imappo,0.00011738693137886003,-1.9080106019973755,0.0002878626208736246,2373.0,,,,,,,,,,,,,,0.18349449816605534,,,,,0.029687855392694473,0.006702399346977472
,imappo,,,,2373.0,0.0,0.0,0.3351199621183696,0.0,0.0,0.0,0.3333333432674408,0.0017866188509287895,0.0,0.0,0.0,0.0,0.0,,,,,,,
-0.001834608381614089,imappo,0.002859652042388916,-1.9420336484909058,0.0002875625208402801,2374.0,,,,,,,,,,,,,,0.18336112037345775,,,,,0.024817615747451782,2.292477438459173e-05
,imappo,,,,2374.0,0.0,0.0,0.0011462387892606785,0.0,0.0,0.0,0.0,0.0011462387892606785,0.0,0.0,0.0,0.0,0.0,,,,,,,
0.0019457354210317135,imappo,0.0009751821053214371,-1.36813223361969,0.00028726242080693567,2375.0,,,,,,,,,,,,,,0.18322774258086028,,,,,0.027751512825489044,0.006699233781546354
,imappo,,,,2375.0,0.0,0.0,0.3349616774048627,0.0,0.0,0.0,0.3333333432674408,0.001628363939744304,0.0,0.0,0.0,0.0,0.0,,,,,,,
0.0016937351319938898,imappo,0.0008605868206359446,-1.5678868293762207,0.00028696232077359126,2376.0,,,,,,,,,,,,,,0.18309436478826274,,,,,0.02931721694767475,0.006697662640362978
,imappo,,,,2376.0,0.0,0.0,0.3348831103426164,0.0,0.0,0.0,0.3333333432674408,0.0015497670751756232,0.0,0.0,0.0,0.0,0.0,,,,,,,
-0.007927123457193375,imappo,0.0008314148290082812,-1.8554877042770386,0.00028666222074024675,2377.0,,,,,,,,,,,,,,0.1829609869956652,,,,,0.02527635358273983,0.006684610620141029
,imappo,,,,2377.0,0.0,0.0,0.334230517669468,0.0,0.0,0.0,0.3333333432674408,0.0008971721446613401,0.0,0.0,0.0,0.0,0.0,,,,,,,
0.0803193673491478,imappo,0.0004350330273155123,-2.102552890777588,0.00028636212070690234,2378.0,,,,,,,,,,,,,,0.18282760920306768,,,,,0.02796277217566967,0.006703236605972052
,imappo,,,,2378.0,0.0,0.0,0.33516181443565074,0.0,0.0,0.0,0.3333333432674408,0.0018284711682099442,0.0,0.0,0.0,0.0,0.0,,,,,,,
0.012806558981537819,imappo,0.0001538797514513135,-1.9639992713928223,0.00028606202067355793,2379.0,,,,,,,,,,,,,,0.18269423141047014,,,,,0.027751944959163666,0.006705030333250761
,imappo,,,,2379.0,0.0,0.0,0.3352514986445385,0.0,0.0,0.0,0.3333333432674408,0.0019181553770977189,0.0,0.0,0.0,0.0,0.0,,,,,,,
-0.0035249285865575075,imappo,9.86708328127861e-05,-1.0131592750549316,0.0002857619206402134,2380.0,,,,,,,,,,,,,,0.1825608536178726,,,,,0.036098726093769073,0.006700717844069004
,imappo,,,,2380.0,0.0,0.0,0.33503587971426896,0.0,0.0,0.0,0.3333333432674408,0.0017025364468281623,0.0,0.0,0.0,0.0,0.0,,,,,,,
0.017664149403572083,imappo,0.00016100167704280466,-1.696205496788025,0.000285461820606869,2381.0,,,,,,,,,,,,,,0.18242747582527508,,,,,0.030266322195529938,0.006696932949125767
,imappo,,,,2381.0,0.0,0.0,0.334846652923261,0.0,0.0,0.0,0.3333333432674408,0.0015133394581425819,0.0,0.0,0.0,0.0,0.0,,,,,,,
0.05658239498734474,imappo,8.855017222231254e-05,-2.1181814670562744,0.0002851617205735246,2382.0,,,,,,,,,,,,,,0.18229409803267754,,,,,0.025319650769233704,0.006703889928758144
,imappo,,,,2382.0,0.0,0.0,0.33519451171940773,0.0,0.0,0.0,0.3333333432674408,0.0018611684519669325,0.0,0.0,0.0,0.0,0.0,,,,,,,
0.02592536248266697,imappo,8.688589878147468e-05,-1.500493049621582,0.0002848616205401801,2383.0,,,,,,,,,,,,,,0.18216072024008,,,,,0.030355539172887802,0.006697241682559252
,imappo,,,,2383.0,0.0,0.0,0.3348620832762208,0.0,0.0,0.0,0.3333333432674408,0.0015287282717508788,0.0,0.0,0.0,0.0,0.0,,,,,,,
0.00522240437567234,imappo,4.3156047468073666e-05,-1.5485665798187256,0.0002845615205068357,2384.0,,,,,,,,,,,,,,0.18202734244748248,,,,,0.02803785353899002,0.006698567420244217
,imappo,,,,2384.0,0.0,0.0,0.33492833135642286,0.0,0.0,0.0,0.3333333432674408,0.0015949880889820633,0.0,0.0,0.0,0.0,0.0,,,,,,,
-0.0034255576319992542,imappo,4.783839904121123e-05,-2.1140239238739014,0.00028426142047349116,2385.0,,,,,,,,,,,,,,0.18189396465488494,,,,,0.024206075817346573,0.006706585176289082
,imappo,,,,2385.0,0.0,0.0,0.33532922656650044,0.0,0.0,0.0,0.3333333432674408,0.001995883299059642,0.0,0.0,0.0,0.0,0.0,,,,,,,
0.007623715791851282,imappo,0.0012683430686593056,-0.7226928472518921,0.00028396132044014675,2386.0,,,,,,,,,,,,,,0.1817605868622874,,,,,0.023345306515693665,2.873898483812809e-05
,imappo,,,,2386.0,0.0,0.0,0.0014369491804018253,0.0,0.0,0.0,0.0,0.0014369491804018253,0.0,0.0,0.0,0.0,0.0,,,,,,,
0.0028349109925329685,imappo,0.0015209689736366272,-1.1985809803009033,0.00028366122040680234,2387.0,,,,,,,,,,,,,,0.18162720906968988,,,,,0.02822742611169815,0.006696396507322788
,imappo,,,,2387.0,0.0,0.0,0.33481983976776064,0.0,0.0,0.0,0.3333333432674408,0.0014865307482523349,0.0,0.0,0.0,0.0,0.0,,,,,,,
0.005631408654153347,imappo,0.0010588853619992733,-2.2545840740203857,0.0002833611203734578,2388.0,,,,,,,,,,,,,,0.18149383127709234,,,,,0.032410092651844025,0.006696128752082586
,imappo,,,,2388.0,0.0,0.0,0.3348064565329878,0.0,0.0,0.0,0.3333333432674408,0.0014730834632246115,0.0,0.0,0.0,0.0,0.0,,,,,,,
0.0529395155608654,imappo,0.0011830705916509032,-2.014164924621582,0.0002830610203401134,2389.0,,,,,,,,,,,,,,0.1813604534844948,,,,,0.022693762555718422,2.885993853851687e-05
,imappo,,,,2389.0,0.0,0.0,0.0014429968382501102,0.0,0.0,0.0,0.0,0.0014429968382501102,0.0,0.0,0.0,0.0,0.0,,,,,,,
0.023784637451171875,imappo,0.001378705259412527,-2.4463891983032227,0.000282760920306769,2390.0,,,,,,,,,,,,,,0.18122707569189728,,,,,0.02896243706345558,0.00669516995549202
,imappo,,,,2390.0,0.0,0.0,0.3347584908473209,0.0,0.0,0.0,0.3333333432674408,0.0014251475798801039,0.0,0.0,0.0,0.0,0.0,,,,,,,
-0.00293298764154315,imappo,0.0010918034240603447,-2.275792121887207,0.0002824608202734245,2391.0,,,,,,,,,,,,,,0.18109369789929974,,,,,0.029904095456004143,0.006698169745504856
,imappo,,,,2391.0,0.0,0.0,0.3349085021066003,0.0,0.0,0.0,0.3333333432674408,0.0015751886414818728,0.0,0.0,0.0,0.0,0.0,,,,,,,
0.024897703900933266,imappo,0.00069273920962587,-2.2670018672943115,0.0002821607202400801,2392.0,,,,,,,,,,,,,,0.1809603201067022,,,,,0.02886202558875084,0.00669813621789217
,imappo,,,,2392.0,0.0,0.0,0.3349068034303855,0.0,0.0,0.0,0.3333333432674408,0.0015734303606222966,0.0,0.0,0.0,0.0,0.0,,,,,,,
0.0005560593563131988,imappo,0.0003044983313884586,-1.3498023748397827,0.0002818606202067357,2393.0,,,,,,,,,,,,,,0.18082694231410468,,,,,0.028451232239603996,0.006697109434753656
,imappo,,,,2393.0,0.0,0.0,0.3348555089726233,0.0,0.0,0.0,0.3333333432674408,0.0015221657051824877,0.0,0.0,0.0,0.0,0.0,,,,,,,
-0.0010041528148576617,imappo,0.00020413358288351446,-1.1815831661224365,0.00028156052017339116,2394.0,,,,,,,,,,,,,,0.18069356452150714,,,,,0.026982659474015236,0.006696526892483234
,imappo,,,,2394.0,0.0,0.0,0.33482634887894847,0.0,0.0,0.0,0.3333333432674408,0.001493028006905206,0.0,0.0,0.0,0.0,0.0,,,,,,,
0.020448602735996246,imappo,0.00016265589511021972,-2.319420337677002,0.00028126042014004675,2395.0,,,,,,,,,,,,,,0.1805601867289096,,,,,0.024103276431560516,0.0066995201632380486
,imappo,,,,2395.0,0.0,0.0,0.33497599402524614,0.0,0.0,0.0,0.3333333432674408,0.0016426507578053418,0.0,0.0,0.0,0.0,0.0,,,,,,,
0.004215993452817202,imappo,0.00013280104030855,-2.176640272140503,0.00028096032010670223,2396.0,,,,,,,,,,,,,,0.18042680893631208,,,,,0.027416309341788292,0.006695006042718887
,imappo,,,,2396.0,0.0,0.0,0.33475035543597187,0.0,0.0,0.0,0.3333333432674408,0.0014170121685310733,0.0,0.0,0.0,0.0,0.0,,,,,,,
0.00044944818364456296,imappo,4.0819941204972565e-05,-1.7639660835266113,0.0002806602200733578,2397.0,,,,,,,,,,,,,,0.18029343114371454,,,,,0.02889629453420639,0.006697827018797398
,imappo,,,,2397.0,0.0,0.0,0.33489136044386214,0.0,0.0,0.0,0.3333333432674408,0.001558010926373754,0.0,0.0,0.0,0.0,0.0,,,,,,,
0.015261679887771606,imappo,3.110719262622297e-05,-1.9478546380996704,0.0002803601200400134,2398.0,,,,,,,,,,,,,,0.180160053351117,,,,,0.028946738690137863,0.006697576027363539
,imappo,,,,2398.0,0.0,0.0,0.33487882817757963,0.0,0.0,0.0,0.3333333432674408,0.001545484910138839,0.0,0.0,0.0,0.0,0.0,,,,,,,
0.006327813025563955,imappo,0.002063177525997162,-1.6947004795074463,0.0002800600200066689,2399.0,,,,,,,,,,,,,,0.18002667555851948,,,,,0.03220564126968384,2.7960582883679308e-05
,imappo,,,,2399.0,0.0,0.0,0.0013980291890334229,0.0,0.0,0.0,0.0,0.0013980291890334229,0.0,0.0,0.0,0.0,0.0,,,,,,,
,imappo,,,,2399.0,,,,,,,,,,,,,,,0.0,0.0,0.0,0.0,,
0.02166592888534069,imappo,0.0011301557533442974,-1.8097959756851196,0.0002797599199733245,2400.0,,,,,,,,,,,,,,0.17989329776592194,,,,,0.02992287464439869,0.0066923960112035275
,imappo,,,,2400.0,0.0,0.0,0.33461980851438966,0.0,0.0,0.0,0.3333333432674408,0.0012864652469488647,0.0,0.0,0.0,0.0,0.0,,,,,,,
-0.006582972593605518,imappo,0.001166237867437303,-0.9183476567268372,0.0002794598199399801,2401.0,,,,,,,,,,,,,,0.1797599199733244,,,,,0.034982115030288696,0.006697781849652529
,imappo,,,,2401.0,0.0,0.0,0.3348891155549154,0.0,0.0,0.0,0.3333333432674408,0.0015557722874746105,0.0,0.0,0.0,0.0,0.0,,,,,,,
0.007787016686052084,imappo,0.0009779086103662848,-1.6664574146270752,0.00027915971990663557,2402.0,,,,,,,,,,,,,,0.17962654218072688,,,,,0.030009260401129723,0.006696642842143774
,imappo,,,,2402.0,0.0,0.0,0.33483214251350546,0.0,0.0,0.0,0.3333333432674408,0.0014987992460646637,0.0,0.0,0.0,0.0,0.0,,,,,,,
0.004063532687723637,imappo,0.0007461358327418566,-1.3868448734283447,0.00027885961987329116,2403.0,,,,,,,,,,,,,,0.17949316438812934,,,,,0.026885870844125748,0.006695008371025324
,imappo,,,,2403.0,0.0,0.0,0.33475041725614574,0.0,0.0,0.0,0.3333333432674408,0.0014170739887049422,0.0,0.0,0.0,0.0,0.0,,,,,,,
0.023230599239468575,imappo,0.00030663853976875544,-1.9284443855285645,0.00027855951983994664,2404.0,,,,,,,,,,,,,,0.1793597865955318,,,,,0.027535347267985344,0.006693300791084766
,imappo,,,,2404.0,0.0,0.0,0.33466497896824876,0.0,0.0,0.0,0.3333333432674408,0.001331635700807965,0.0,0.0,0.0,0.0,0.0,,,,,,,
0.0008153733215294778,imappo,0.002870125463232398,-0.7501558065414429,0.00027825941980660223,2405.0,,,,,,,,,,,,,,0.17922640880293428,,,,,0.022830385714769363,3.565855149645358e-05
,imappo,,,,2405.0,0.0,0.0,0.0017829277451824055,0.0,0.0,0.0,0.0,0.0017829277451824055,0.0,0.0,0.0,0.0,0.0,,,,,,,
0.002173446351662278,imappo,0.0006174622685648501,-2.1948368549346924,0.0002779593197732578,2406.0,,,,,,,,,,,,,,0.17909303101033675,,,,,0.02942892536520958,0.006698754616081715
,imappo,,,,2406.0,0.0,0.0,0.3349377312533761,0.0,0.0,0.0,0.3333333432674408,0.0016043879859353183,0.0,0.0,0.0,0.0,0.0,,,,,,,
7.947839912958443e-05,imappo,0.0005076260422356427,-1.9286118745803833,0.0002776592197399133,2407.0,,,,,,,,,,,,,,0.1789596532177392,,,,,0.025665316730737686,0.006701183505356312
,imappo,,,,2407.0,0.0,0.0,0.33505918662467593,0.0,0.0,0.0,0.3333333432674408,0.001725843357235135,0.0,0.0,0.0,0.0,0.0,,,,,,,
-0.0059477114118635654,imappo,0.0004591351607814431,-0.8818668723106384,0.0002773591197065689,2408.0,,,,,,,,,,,,,,0.17882627542514173,,,,,0.03222113475203514,0.006696183700114489
,imappo,,,,2408.0,0.0,0.0,0.3348091818756984,0.0,0.0,0.0,0.3333333432674408,0.001475838608257618,0.0,0.0,0.0,0.0,0.0,,,,,,,
-0.007505040615797043,imappo,0.00022566500410903245,-1.4844948053359985,0.0002770590196732245,2409.0,,,,,,,,,,,,,,0.17869289763254415,,,,,0.03097086027264595,0.006696745753288269
,imappo,,,,2409.0,0.0,0.0,0.3348372738764738,0.0,0.0,0.0,0.3333333432674408,0.0015039306090329774,0.0,0.0,0.0,0.0,0.0,,,,,,,
-0.008041123859584332,imappo,8.47290430101566e-05,-1.462712049484253,0.00027675891963988,2410.0,,,,,,,,,,,,,,0.1785595198399466,,,,,0.0300116129219532,0.0066970717161893845
,imappo,,,,2410.0,0.0,0.0,0.3348535877012182,0.0,0.0,0.0,0.3333333432674408,0.0015202146314550191,0.0,0.0,0.0,0.0,0.0,,,,,,,
0.1095639243721962,imappo,4.703308150055818e-05,-1.9859964847564697,0.00027645881960653557,2411.0,,,,,,,,,,,,,,0.17842614204734908,,,,,0.027606993913650513,0.00670193275436759
,imappo,,,,2411.0,0.0,0.0,0.33509664334064837,0.0,0.0,0.0,0.3333333432674408,0.0017633000732075743,0.0,0.0,0.0,0.0,0.0,,,,,,,
-0.008240877650678158,imappo,6.847508484497666e-05,-2.0617921352386475,0.00027615871957319116,2412.0,,,,,,,,,,,,,,0.1782927642547516,,,,,0.027406303212046623,0.006694647017866373
,imappo,,,,2412.0,0.0,0.0,0.3347323509774469,0.0,0.0,0.0,0.3333333432674408,0.0013990077100061171,0.0,0.0,0.0,0.0,0.0,,,,,,,
0.00047495216131210327,imappo,0.003220850834622979,-0.6673499345779419,0.00027585861953984664,2413.0,,,,,,,,,,,,,,0.178159386462154,,,,,0.0238724984228611,3.616571120801382e-05
,imappo,,,,2413.0,0.0,0.0,0.0018082855013403787,0.0,0.0,0.0,0.0,0.0018082855013403787,0.0,0.0,0.0,0.0,0.0,,,,,,,
-0.007730869576334953,imappo,0.0007421600166708231,-1.9316999912261963,0.00027555851950650224,2414.0,,,,,,,,,,,,,,0.17802600866955648,,,,,0.028198128566145897,0.006694227922707796
,imappo,,,,2414.0,0.0,0.0,0.33471143742275444,0.0,0.0,0.0,0.3333333432674408,0.0013780643529912595,0.0,0.0,0.0,0.0,0.0,,,,,,,
-0.00504062557592988,imappo,0.001023083576001227,-1.2768375873565674,0.0002752584194731577,2415.0,,,,,,,,,,,,,,0.17789263087695895,,,,,0.029979638755321503,0.006696136202663183
,imappo,,,,2415.0,0.0,0.0,0.3348068076174968,0.0,0.0,0.0,0.3333333432674408,0.0014734643500560196,0.0,0.0,0.0,0.0,0.0,,,,,,,
0.004464285913854837,imappo,0.0012946890201419592,-0.823775053024292,0.0002749583194398133,2416.0,,,,,,,,,,,,,,0.17775925308436147,,,,,0.015960119664669037,3.817919787252322e-05
,imappo,,,,2416.0,0.0,0.0,0.0019089599347807962,0.0,0.0,0.0,0.0,0.0019089599347807962,0.0,0.0,0.0,0.0,0.0,,,,,,,
0.08204977214336395,imappo,0.001467881491407752,-2.242706060409546,0.0002746582194064689,2417.0,,,,,,,,,,,,,,0.17762587529176388,,,,,0.02854645997285843,0.006699581630527973
,imappo,,,,2417.0,0.0,0.0,0.33497911807808123,0.0,0.0,0.0,0.3333333432674408,0.0016457748106404324,0.0,0.0,0.0,0.0,0.0,,,,,,,
0.0033181451726704836,imappo,0.001429082127287984,-1.2332621812820435,0.0002743581193731244,2418.0,,,,,,,,,,,,,,0.17749249749916635,,,,,0.029506083577871323,0.006696860305964947
,imappo,,,,2418.0,0.0,0.0,0.3348430062933403,0.0,0.0,0.0,0.3333333432674408,0.0015096630258994992,0.0,0.0,0.0,0.0,0.0,,,,,,,
0.05115761607885361,imappo,0.001002059318125248,-1.7994505167007446,0.00027405801933977987,2419.0,,,,,,,,,,,,,,0.1773591197065688,,,,,0.02911408059298992,0.006691220216453075
,imappo,,,,2419.0,0.0,0.0,0.3345610366454821,0.0,0.0,0.0,0.3333333432674408,0.0012276933780412946,0.0,0.0,0.0,0.0,0.0,,,,,,,
-0.0038095552008599043,imappo,0.0004075964679941535,-2.472489595413208,0.00027375791930643557,2420.0,,,,,,,,,,,,,,0.17722574191397134,,,,,0.02854568138718605,0.006696520373225212
,imappo,,,,2420.0,0.0,0.0,0.33482600368279236,0.0,0.0,0.0,0.3333333432674408,0.0014926306130291778,0.0,0.0,0.0,0.0,0.0,,,,,,,
0.00036179006565362215,imappo,0.00012320838868618011,-1.4371381998062134,0.00027345781927309105,2421.0,,,,,,,,,,,,,,0.17709236412137375,,,,,0.028438523411750793,0.00669820187613368
,imappo,,,,2421.0,0.0,0.0,0.33491006753774855,0.0,0.0,0.0,0.3333333432674408,0.00157672427030775,0.0,0.0,0.0,0.0,0.0,,,,,,,
0.010776893235743046,imappo,7.452132558682933e-05,-2.2576522827148438,0.00027315771923974665,2422.0,,,,,,,,,,,,,,0.1769589863287762,,,,,0.02840779721736908,0.006696619559079409
,imappo,,,,2422.0,0.0,0.0,0.3348309369880553,0.0,0.0,0.0,0.3333333432674408,0.0014975937206145318,0.0,0.0,0.0,0.0,0.0,,,,,,,
0.003698918968439102,imappo,0.00014555382949765772,-2.1296188831329346,0.00027285761920640224,2423.0,,,,,,,,,,,,,,0.17682560853617874,,,,,0.02609289437532425,0.00669678021222353
,imappo,,,,2423.0,0.0,0.0,0.334839029538216,0.0,0.0,0.0,0.3333333432674408,0.0015056862707751861,0.0,0.0,0.0,0.0,0.0,,,,,,,
-0.004893430508673191,imappo,0.0032736966386437416,-0.7163904309272766,0.0002725575191730577,2424.0,,,,,,,,,,,,,,0.1766922307435812,,,,,0.021088184788823128,3.669076249934733e-05
,imappo,,,,2424.0,0.0,0.0,0.0018345381139113215,0.0,0.0,0.0,0.0,0.0018345381139113215,0.0,0.0,0.0,0.0,0.0,,,,,,,
-0.009404929354786873,imappo,0.000758057227358222,-0.9509860277175903,0.0002722574191397133,2425.0,,,,,,,,,,,,,,0.1765588529509836,,,,,0.03560636192560196,0.006691267713904381
,imappo,,,,2425.0,0.0,0.0,0.33456336367271433,0.0,0.0,0.0,0.3333333432674408,0.001230049188961857,0.0,0.0,0.0,0.0,0.0,,,,,,,
-0.007129787467420101,imappo,0.0009852151852101088,-0.9449949264526367,0.0002719573191063688,2426.0,,,,,,,,,,,,,,0.17642547515838608,,,,,0.03489929437637329,0.006690958049148321
,imappo,,,,2426.0,0.0,0.0,0.3345479093202357,0.0,0.0,0.0,0.3333333432674408,0.0012145695598064776,0.0,0.0,0.0,0.0,0.0,,,,,,,
0.008318417705595493,imappo,0.0008397084311582148,-1.4886939525604248,0.0002716572190730244,2427.0,,,,,,,,,,,,,,0.1762920973657886,,,,,0.027843737974762917,0.006697297561913729
,imappo,,,,2427.0,0.0,0.0,0.33486485709545377,0.0,0.0,0.0,0.3333333432674408,0.0015315138280129759,0.0,0.0,0.0,0.0,0.0,,,,,,,
0.043685030192136765,imappo,0.0005485934671014547,-2.404273271560669,0.00027135711903968,2428.0,,,,,,,,,,,,,,0.17615871957319107,,,,,0.026987694203853607,0.006697205360978842
,imappo,,,,2428.0,0.0,0.0,0.33486028205743423,0.0,0.0,0.0,0.3333333432674408,0.0015269387899934372,0.0,0.0,0.0,0.0,0.0,,,,,,,
0.0043408991768956184,imappo,0.0002990678185597062,-2.496403694152832,0.00027105701900633546,2429.0,,,,,,,,,,,,,,0.17602534178059348,,,,,0.026956208050251007,0.0066971974447369576
,imappo,,,,2429.0,0.0,0.0,0.33485992698115297,0.0,0.0,0.0,0.3333333432674408,0.0015265837137121707,0.0,0.0,0.0,0.0,0.0,,,,,,,
-0.008746708743274212,imappo,0.00022114452440291643,-0.912057101726532,0.00027075691897299095,2430.0,,,,,,,,,,,,,,0.17589196398799595,,,,,0.033328697085380554,0.006689276546239853
,imappo,,,,2430.0,0.0,0.0,0.3344638278355774,0.0,0.0,0.0,0.3333333432674408,0.0011304871292736607,0.0,0.0,0.0,0.0,0.0,,,,,,,
-0.0013132342137396336,imappo,3.8432557630585507e-05,-1.9664133787155151,0.00027045681893964665,2431.0,,,,,,,,,,,,,,0.17575858619539847,,,,,0.025793660432100296,0.006700643803924322
,imappo,,,,2431.0,0.0,0.0,0.3350321617035661,0.0,0.0,0.0,0.3333333432674408,0.0016988184361252934,0.0,0.0,0.0,0.0,0.0,,,,,,,
-0.009654495865106583,imappo,7.165758142946288e-05,-1.690622091293335,0.00027015671890630213,2432.0,,,,,,,,,,,,,,0.17562520840280094,,,,,0.03237491846084595,0.006695420015603304
,imappo,,,,2432.0,0.0,0.0,0.33477100003437954,0.0,0.0,0.0,0.3333333432674408,0.0014376567669387441,0.0,0.0,0.0,0.0,0.0,,,,,,,
0.003296667942777276,imappo,9.507395589025691e-05,-1.7748360633850098,0.0002698566188729577,2433.0,,,,,,,,,,,,,,0.17549183061020335,,,,,0.032263435423374176,0.006694981828331947
,imappo,,,,2433.0,0.0,0.0,0.33474906082165035,0.0,0.0,0.0,0.3333333432674408,0.0014157175542095501,0.0,0.0,0.0,0.0,0.0,,,,,,,
0.004093645140528679,imappo,4.901407373836264e-05,-1.7024493217468262,0.0002695565188396132,2434.0,,,,,,,,,,,,,,0.17535845281760581,,,,,0.030409276485443115,0.006695143412798643
,imappo,,,,2434.0,0.0,0.0,0.33475718600456617,0.0,0.0,0.0,0.3333333432674408,0.0014238427371253692,0.0,0.0,0.0,0.0,0.0,,,,,,,
0.051414165645837784,imappo,3.166955502820201e-05,-2.5085816383361816,0.0002692564188062688,2435.0,,,,,,,,,,,,,,0.17522507502500834,,,,,0.027199752628803253,0.006696193013340235
,imappo,,,,2435.0,0.0,0.0,0.33480970853850067,0.0,0.0,0.0,0.3333333432674408,0.0014763652710598762,0.0,0.0,0.0,0.0,0.0,,,,,,,
0.006663329899311066,imappo,2.5059105610125698e-05,-1.9312652349472046,0.0002689563187729244,2436.0,,,,,,,,,,,,,,0.1750916972324108,,,,,0.028244327753782272,0.006694261450320482
,imappo,,,,2436.0,0.0,0.0,0.3347131088803508,0.0,0.0,0.0,0.3333333432674408,0.0013797656129099778,0.0,0.0,0.0,0.0,0.0,,,,,,,
0.004373033065348864,imappo,0.0026653651148080826,-0.7417088747024536,0.00026865621873957987,2437.0,,,,,,,,,,,,,,0.17495831943981321,,,,,0.013417478650808334,3.894398105330765e-05
,imappo,,,,2437.0,0.0,0.0,0.0019471989710950766,0.0,0.0,0.0,0.0,0.0019471989710950766,0.0,0.0,0.0,0.0,0.0,,,,,,,
0.00022651109611615539,imappo,0.0006225770921446383,-1.3317965269088745,0.00026835611870623546,2438.0,,,,,,,,,,,,,,0.17482494164721574,,,,,0.026968959718942642,0.006694676820188761
,imappo,,,,2438.0,0.0,0.0,0.3347338418061554,0.0,0.0,0.0,0.3333333432674408,0.0014004985387146007,0.0,0.0,0.0,0.0,0.0,,,,,,,
0.008304644376039505,imappo,0.0005928201135247946,-2.128554582595825,0.00026805601867289106,2439.0,,,,,,,,,,,,,,0.1746915638546182,,,,,0.026465144008398056,0.006697285920381546
,imappo,,,,2439.0,0.0,0.0,0.3348643046502957,0.0,0.0,0.0,0.3333333432674408,0.001530931580532524,0.0,0.0,0.0,0.0,0.0,,,,,,,
-0.0015393092762678862,imappo,0.0007308752974495292,-1.7104158401489258,0.00026775591863954654,2440.0,,,,,,,,,,,,,,0.17455818606202067,,,,,0.029151607304811478,0.00669840257614851
,imappo,,,,2440.0,0.0,0.0,0.3349201450214423,0.0,0.0,0.0,0.3333333432674408,0.001586801754001499,0.0,0.0,0.0,0.0,0.0,,,,,,,
-0.00898309238255024,imappo,0.0005314976442605257,-1.4064347743988037,0.000267455818606202,2441.0,,,,,,,,,,,,,,0.17442480826942308,,,,,0.028068453073501587,0.0066961003467440605
,imappo,,,,2441.0,0.0,0.0,0.33480496786069125,0.0,0.0,0.0,0.3333333432674408,0.0014716543955728412,0.0,0.0,0.0,0.0,0.0,,,,,,,
0.015482624992728233,imappo,0.00024704489624127746,-1.616371989250183,0.0002671557185728577,2442.0,,,,,,,,,,,,,,0.1742914304768256,,,,,0.029071785509586334,0.006693003233522177
,imappo,,,,2442.0,0.0,0.0,0.33465016641457623,0.0,0.0,0.0,0.3333333432674408,0.0013167933448130498,0.0,0.0,0.0,0.0,0.0,,,,,,,
-0.009900486096739769,imappo,0.0001246561878360808,-1.7007508277893066,0.0002668556185395132,2443.0,,,,,,,,,,,,,,0.17415805268422807,,,,,0.031099073588848114,0.006694367155432701
,imappo,,,,2443.0,0.0,0.0,0.33471834407464485,0.0,0.0,0.0,0.3333333432674408,0.001385000807204051,0.0,0.0,0.0,0.0,0.0,,,,,,,
0.018268153071403503,imappo,3.4563799999887124e-05,-2.1426339149475098,0.0002665555185061688,2444.0,,,,,,,,,,,,,,0.17402467489163054,,,,,0.025676362216472626,0.006694148760288954
,imappo,,,,2444.0,0.0,0.0,0.3347074428704673,0.0,0.0,0.0,0.3333333432674408,0.0013740996030264796,0.0,0.0,0.0,0.0,0.0,,,,,,,
0.001862781005911529,imappo,7.452950376318768e-05,-2.2308568954467773,0.0002662554184728243,2445.0,,,,,,,,,,,,,,0.17389129709903295,,,,,0.03002035617828369,0.00669422373175621
,imappo,,,,2445.0,0.0,0.0,0.33471119520504544,0.0,0.0,0.0,0.3333333432674408,0.001377851937604646,0.0,0.0,0.0,0.0,0.0,,,,,,,
0.01467454619705677,imappo,8.04522424004972e-05,-1.878709316253662,0.0002659553184394799,2446.0,,,,,,,,,,,,,,0.17375791930643547,,,,,0.027267228811979294,0.0066930134780704975
,imappo,,,,2446.0,0.0,0.0,0.3346506854313702,0.0,0.0,0.0,0.3333333432674408,0.0013173421639294247,0.0,0.0,0.0,0.0,0.0,,,,,,,
0.004679749719798565,imappo,0.003705613547936082,-1.6136398315429688,0.00026565521840613547,2447.0,,,,,,,,,,,,,,0.17362454151383794,,,,,0.036660678684711456,2.2651753170066513e-05
,imappo,,,,2447.0,0.0,0.0,0.001132587544134367,0.0,0.0,0.0,0.0,0.001132587544134367,0.0,0.0,0.0,0.0,0.0,,,,,,,
-0.010220198892056942,imappo,0.0005179691361263394,-1.3601919412612915,0.00026535511837279095,2448.0,,,,,,,,,,,,,,0.1734911637212404,,,,,0.028394395485520363,0.0066933645866811275
,imappo,,,,2448.0,0.0,0.0,0.3346682567657808,0.0,0.0,0.0,0.3333333432674408,0.001334913498340029,0.0,0.0,0.0,0.0,0.0,,,,,,,
0.01274377666413784,imappo,0.0005300167249515653,-1.5881109237670898,0.00026505501833944643,2449.0,,,,,,,,,,,,,,0.17335778592864282,,,,,0.029971476644277573,0.00669182138517499
,imappo,,,,2449.0,0.0,0.0,0.3345910490231745,0.0,0.0,0.0,0.3333333432674408,0.0012577057557336957,0.0,0.0,0.0,0.0,0.0,,,,,,,
0.02548476681113243,imappo,0.0005438565858639777,-1.8868932723999023,0.00026475491830610213,2450.0,,,,,,,,,,,,,,0.17322440813604534,,,,,0.02439691871404648,0.006701210048049688
,imappo,,,,2450.0,0.0,0.0,0.33506050473260984,0.0,0.0,0.0,0.3333333432674408,0.001727161465169047,0.0,0.0,0.0,0.0,0.0,,,,,,,
-0.0048908572643995285,imappo,0.0004226237942930311,-2.2131195068359375,0.0002644548182727576,2451.0,,,,,,,,,,,,,,0.1730910303434478,,,,,0.025326788425445557,0.006699139252305031
,imappo,,,,2451.0,0.0,0.0,0.3349569389941962,0.0,0.0,0.0,0.3333333432674408,0.0016235957267554113,0.0,0.0,0.0,0.0,0.0,,,,,,,
-0.011611823923885822,imappo,0.000368980661733076,-1.3214153051376343,0.0002641547182394131,2452.0,,,,,,,,,,,,,,0.17295765255085027,,,,,0.027110472321510315,0.0066913701593875885
,imappo,,,,2452.0,0.0,0.0,0.3345685128493425,0.0,0.0,0.0,0.3333333432674408,0.0012351695819017294,0.0,0.0,0.0,0.0,0.0,,,,,,,
0.01930258795619011,imappo,0.0029433732852339745,-2.0143110752105713,0.0002638546182060688,2453.0,,,,,,,,,,,,,,0.17282427475825274,,,,,0.028145145624876022,3.512933835736476e-05
,imappo,,,,2453.0,0.0,0.0,0.0017564668760314817,0.0,0.0,0.0,0.0,0.0017564668760314817,0.0,0.0,0.0,0.0,0.0,,,,,,,
0.0008384655229747295,imappo,0.0004042655637022108,-1.549245834350586,0.0002635545181727243,2454.0,,,,,,,,,,,,,,0.1726908969656552,,,,,0.030223015695810318,0.006694661919027567
,imappo,,,,2454.0,0.0,0.0,0.3347330765766401,0.0,0.0,0.0,0.3333333432674408,0.0013997333091992914,0.0,0.0,0.0,0.0,0.0,,,,,,,
0.016702815890312195,imappo,0.00034588444395922124,-2.3604183197021484,0.0002632544181393799,2455.0,,,,,,,,,,,,,,0.17255751917305767,,,,,0.029735218733549118,0.006692944560199976
,imappo,,,,2455.0,0.0,0.0,0.3346472797120441,0.0,0.0,0.0,0.3333333432674408,0.0013139364446033142,0.0,0.0,0.0,0.0,0.0,,,,,,,
-0.00035260029835626483,imappo,0.0017837021732702851,-0.782832145690918,0.00026295431810603536,2456.0,,,,,,,,,,,,,,0.17242414138046014,,,,,0.02060728706419468,3.6734723835252225e-05
,imappo,,,,2456.0,0.0,0.0,0.0018367361384434844,0.0,0.0,0.0,0.0,0.0018367361384434844,0.0,0.0,0.0,0.0,0.0,,,,,,,
0.014528673142194748,imappo,0.0007441560737788677,-2.013465166091919,0.00026265421807269095,2457.0,,,,,,,,,,,,,,0.1722907635878626,,,,,0.022080715745687485,0.006704418454319239
,imappo,,,,2457.0,0.0,0.0,0.335220920474967,0.0,0.0,0.0,0.3333333432674408,0.001887577207526192,0.0,0.0,0.0,0.0,0.0,,,,,,,
0.03256134316325188,imappo,0.0005955847445875406,-2.474644422531128,0.00026235411803934654,2458.0,,,,,,,,,,,,,,0.17215738579526507,,,,,0.02854238823056221,0.0066932570189237595
,imappo,,,,2458.0,0.0,0.0,0.3346628230838178,0.0,0.0,0.0,0.3333333432674408,0.0013294798163769883,0.0,0.0,0.0,0.0,0.0,,,,,,,
0.032397668808698654,imappo,0.0003103771014139056,-1.974298357963562,0.000262054018006002,2459.0,,,,,,,,,,,,,,0.17202400800266754,,,,,0.020889779552817345,0.006705092266201973
,imappo,,,,2459.0,0.0,0.0,0.3352545810103038,0.0,0.0,0.0,0.3333333432674408,0.0019212377428630134,0.0,0.0,0.0,0.0,0.0,,,,,,,
-0.0072327787056565285,imappo,0.000194945081602782,-1.3073770999908447,0.0002617539179726575,2460.0,,,,,,,,,,,,,,0.17189063021007,,,,,0.02660134807229042,0.006693733856081963
,imappo,,,,2460.0,0.0,0.0,0.33468670848947113,0.0,0.0,0.0,0.3333333432674408,0.0013533652220303338,0.0,0.0,0.0,0.0,0.0,,,,,,,
0.013701067306101322,imappo,7.061134238028899e-05,-1.7499788999557495,0.0002614538179393132,2461.0,,,,,,,,,,,,,,0.17175725241747247,,,,,0.03079531341791153,0.006693145725876093
,imappo,,,,2461.0,0.0,0.0,0.334657312415402,0.0,0.0,0.0,0.3333333432674408,0.001323998950283567,0.0,0.0,0.0,0.0,0.0,,,,,,,
-0.00018665706738829613,imappo,4.8736092139733955e-05,-1.630304217338562,0.0002611537179059687,2462.0,,,,,,,,,,,,,,0.17162387462487494,,,,,0.028719190508127213,0.00669179018586874
,imappo,,,,2462.0,0.0,0.0,0.3345895201987741,0.0,0.0,0.0,0.3333333432674408,0.001256176931333286,0.0,0.0,0.0,0.0,0.0,,,,,,,
-0.004558057989925146,imappo,6.731581379426643e-05,-1.7211236953735352,0.0002608536178726242,2463.0,,,,,,,,,,,,,,0.1714904968322774,,,,,0.029232680797576904,0.006692101247608662
,imappo,,,,2463.0,0.0,0.0,0.3346050360628965,0.0,0.0,0.0,0.3333333432674408,0.0012716927954556922,0.0,0.0,0.0,0.0,0.0,,,,,,,
0.004305957350879908,imappo,0.0032626818865537643,-0.8106177449226379,0.00026055351783927977,2464.0,,,,,,,,,,,,,,0.17135711903967987,,,,,0.014543676748871803,3.334725624881685e-05
,imappo,,,,2464.0,0.0,0.0,0.0016673628345955649,0.0,0.0,0.0,0.0,0.0016673628345955649,0.0,0.0,0.0,0.0,0.0,,,,,,,
0.017559923231601715,imappo,0.00026933959452435374,-2.36657977104187,0.00026025341780593536,2465.0,,,,,,,,,,,,,,0.17122374124708234,,,,,0.028647221624851227,0.006699875462800264
,imappo,,,,2465.0,0.0,0.0,0.3349938221526827,0.0,0.0,0.0,0.3333333432674408,0.0016604788852419006,0.0,0.0,0.0,0.0,0.0,,,,,,,
-0.005166875198483467,imappo,0.000879754195921123,-0.9026389718055725,0.00025995331777259095,2466.0,,,,,,,,,,,,,,0.1710903634544848,,,,,0.033806197345256805,0.006689078640192747
,imappo,,,,2466.0,0.0,0.0,0.3344539702474094,0.0,0.0,0.0,0.3333333432674408,0.0011206432344579298,0.0,0.0,0.0,0.0,0.0,,,,,,,
-0.00405284995213151,imappo,0.0003658047062344849,-1.34418523311615,0.00025965321773924644,2467.0,,,,,,,,,,,,,,0.17095698566188727,,,,,0.025425586849451065,0.006695915013551712
,imappo,,,,2467.0,0.0,0.0,0.334795760308225,0.0,0.0,0.0,0.3333333432674408,0.001462417040784203,0.0,0.0,0.0,0.0,0.0,,,,,,,
0.03251637890934944,imappo,0.00023187126498669386,-1.9351086616516113,0.00025935311770590203,2468.0,,,,,,,,,,,,,,0.17082360786928974,,,,,0.02839670330286026,0.006695874501019716
,imappo,,,,2468.0,0.0,0.0,0.3347937530670606,0.0,0.0,0.0,0.3333333432674408,0.0014604097996198107,0.0,0.0,0.0,0.0,0.0,,,,,,,
0.026932548731565475,imappo,0.00012920868175569922,-2.2854440212249756,0.0002590530176725576,2469.0,,,,,,,,,,,,,,0.1706902300766922,,,,,0.02726839855313301,0.006700633093714714
,imappo,,,,2469.0,0.0,0.0,0.33503165394336065,0.0,0.0,0.0,0.3333333432674408,0.0016983106759198563,0.0,0.0,0.0,0.0,0.0,,,,,,,
-0.005108746699988842,imappo,5.981542926747352e-05,-0.7522168755531311,0.0002587529176392131,2470.0,,,,,,,,,,,,,,0.17055685228409467,,,,,0.03345605358481407,0.0066972593776881695
,imappo,,,,2470.0,0.0,0.0,0.33486299246391127,0.0,0.0,0.0,0.3333333432674408,0.0015296491964704728,0.0,0.0,0.0,0.0,0.0,,,,,,,
-0.0024092437233775854,imappo,5.041673648520373e-05,-0.7350158095359802,0.0002584528176058686,2471.0,,,,,,,,,,,,,,0.17042347449149714,,,,,0.03224492073059082,0.00669812923297286
,imappo,,,,2471.0,0.0,0.0,0.3349065053689628,0.0,0.0,0.0,0.3333333432674408,0.0015731621015220298,0.0,0.0,0.0,0.0,0.0,,,,,,,
-0.0029063564725220203,imappo,7.710715726716444e-05,-1.2929456233978271,0.0002581527175725243,2472.0,,,,,,,,,,,,,,0.1702900966988996,,,,,0.0298893041908741,0.006698397919535637
,imappo,,,,2472.0,0.0,0.0,0.3349199187840384,0.0,0.0,0.0,0.3333333432674408,0.001586575516597577,0.0,0.0,0.0,0.0,0.0,,,,,,,
-0.005691912490874529,imappo,6.227732956176624e-05,-0.7509761452674866,0.00025785261753917977,2473.0,,,,,,,,,,,,,,0.17015671890630207,,,,,0.03037405014038086,0.00669747544452548
,imappo,,,,2473.0,0.0,0.0,0.3348738036727923,0.0,0.0,0.0,0.3333333432674408,0.0015404604053514959,0.0,0.0,0.0,0.0,0.0,,,,,,,
0.0040032705292105675,imappo,0.00011076382361352444,-2.197606086730957,0.00025755251750583525,2474.0,,,,,,,,,,,,,,0.17002334111370454,,,,,0.02546653337776661,0.00669910479336977
,imappo,,,,2474.0,0.0,0.0,0.3349552335548651,0.0,0.0,0.0,0.3333333432674408,0.0016218902874243213,0.0,0.0,0.0,0.0,0.0,,,,,,,
-0.00530195003375411,imappo,5.0618862587725744e-05,-1.603102445602417,0.00025725241747249084,2475.0,,,,,,,,,,,,,,0.169889963321107,,,,,0.03043525665998459,0.006697776727378368
,imappo,,,,2475.0,0.0,0.0,0.3348888421137417,0.0,0.0,0.0,0.3333333432674408,0.001555469043978519,0.0,0.0,0.0,0.0,0.0,,,,,,,
0.06878773868083954,imappo,5.6144854170270264e-05,-2.258979082107544,0.00025695231743914644,2476.0,,,,,,,,,,,,,,0.16975658552850947,,,,,0.031011849641799927,0.006694050505757332
,imappo,,,,2476.0,0.0,0.0,0.33470254594351445,0.0,0.0,0.0,0.3333333432674408,0.0013692026760736553,0.0,0.0,0.0,0.0,0.0,,,,,,,
-0.0004565476847346872,imappo,2.7115356715512462e-05,-1.0852434635162354,0.00025665221740580203,2477.0,,,,,,,,,,,,,,0.16962320773591194,,,,,0.029210379347205162,0.00669371522963047
,imappo,,,,2477.0,0.0,0.0,0.33468577339135663,0.0,0.0,0.0,0.3333333432674408,0.0013524301239158376,0.0,0.0,0.0,0.0,0.0,,,,,,,
-0.003795380238443613,imappo,3.228711284464225e-05,-1.510453701019287,0.0002563521173724575,2478.0,,,,,,,,,,,,,,0.1694898299433144,,,,,0.030510831624269485,0.006691749673336744
,imappo,,,,2478.0,0.0,0.0,0.3345874960114088,0.0,0.0,0.0,0.3333333432674408,0.0012541527439680067,0.0,0.0,0.0,0.0,0.0,,,,,,,
0.0014295920263975859,imappo,3.148317045997828e-05,-1.9111297130584717,0.000256052017339113,2479.0,,,,,,,,,,,,,,0.16935645215071687,,,,,0.02133098430931568,0.006700717378407717
,imappo,,,,2479.0,0.0,0.0,0.3350358411843217,0.0,0.0,0.0,0.3333333432674408,0.0017024979168809296,0.0,0.0,0.0,0.0,0.0,,,,,,,
0.006592229939997196,imappo,2.430063977953978e-05,-2.2200300693511963,0.0002557519173057687,2480.0,,,,,,,,,,,,,,0.16922307435811934,,,,,0.030940789729356766,0.006696281023323536
,imappo,,,,2480.0,0.0,0.0,0.33481405694919886,0.0,0.0,0.0,0.3333333432674408,0.0014807136817580613,0.0,0.0,0.0,0.0,0.0,,,,,,,
0.007681355345994234,imappo,0.002691293368116021,-0.5932803153991699,0.0002554518172724242,2481.0,,,,,,,,,,,,,,0.1690896965655218,,,,,0.022646192461252213,3.715297134476714e-05
,imappo,,,,2481.0,0.0,0.0,0.0018576484857817377,0.0,0.0,0.0,0.0,0.0018576484857817377,0.0,0.0,0.0,0.0,0.0,,,,,,,
-0.005094229709357023,imappo,0.00041651411447674036,-1.0662882328033447,0.00025515171723907966,2482.0,,,,,,,,,,,,,,0.16895631877292427,,,,,0.02887950837612152,0.006692422553896904
,imappo,,,,2482.0,0.0,0.0,0.33462113194320864,0.0,0.0,0.0,0.3333333432674408,0.0012877886757678425,0.0,0.0,0.0,0.0,0.0,,,,,,,
0.013437225483357906,imappo,0.0004412191337905824,-1.6122444868087769,0.00025485161720573536,2483.0,,,,,,,,,,,,,,0.1688229409803268,,,,,0.02984727919101715,0.006691240705549717
,imappo,,,,2483.0,0.0,0.0,0.3345620413035135,0.0,0.0,0.0,0.3333333432674408,0.0012286980360727284,0.0,0.0,0.0,0.0,0.0,,,,,,,
-0.0031465624924749136,imappo,0.0005941402050666511,-0.7337152361869812,0.00025455151717239085,2484.0,,,,,,,,,,,,,,0.1686895631877292,,,,,0.029844528064131737,0.00669426005333662
,imappo,,,,2484.0,0.0,0.0,0.33471305393686634,0.0,0.0,0.0,0.3333333432674408,0.0013797063547826838,0.0,0.0,0.0,0.0,0.0,,,,,,,
0.03256656974554062,imappo,0.00024021185527089983,-2.191084623336792,0.00025425141713904644,2485.0,,,,,,,,,,,,,,0.16855618539513167,,,,,0.029628366231918335,0.006698750425130129
,imappo,,,,2485.0,0.0,0.0,0.3349375183279335,0.0,0.0,0.0,0.3333333432674408,0.0016041750604927074,0.0,0.0,0.0,0.0,0.0,,,,,,,
-0.00030809210147708654,imappo,0.00013747117191087455,-1.5656101703643799,0.0002539513171057019,2486.0,,,,,,,,,,,,,,0.16842280760253414,,,,,0.02927207574248314,0.006697271950542927
,imappo,,,,2486.0,0.0,0.0,0.3348635590914455,0.0,0.0,0.0,0.3333333432674408,0.0015302158240046992,0.0,0.0,0.0,0.0,0.0,,,,,,,
-0.011145362630486488,imappo,0.00010865480726351961,-0.7901915907859802,0.0002536512170723575,2487.0,,,,,,,,,,,,,,0.16828942980993666,,,,,0.03308473527431488,0.006689039990305901
,imappo,,,,2487.0,0.0,0.0,0.3344520430314333,0.0,0.0,0.0,0.3333333432674408,0.0011187146942575055,0.0,0.0,0.0,0.0,0.0,,,,,,,
0.004300904460251331,imappo,5.38557069376111e-05,-1.5319015979766846,0.0002533511170390131,2488.0,,,,,,,,,,,,,,0.16815605201733907,,,,,0.030577436089515686,0.006690352689474821
,imappo,,,,2488.0,0.0,0.0,0.3345175606565718,0.0,0.0,0.0,0.3333333432674408,0.0011842173891309926,0.0,0.0,0.0,0.0,0.0,,,,,,,
-0.010781080462038517,imappo,7.953032763907686e-05,-1.135412573814392,0.0002530510170056686,2489.0,,,,,,,,,,,,,,0.16802267422474154,,,,,0.0261981338262558,0.00669260136783123
,imappo,,,,2489.0,0.0,0.0,0.3346300438763592,0.0,0.0,0.0,0.3333333432674408,0.0012967006089183997,0.0,0.0,0.0,0.0,0.0,,,,,,,
-0.006741155404597521,imappo,0.00012094403791707009,-1.9642114639282227,0.00025275091697232407,2490.0,,,,,,,,,,,,,,0.167889296432144,,,,,0.028409983962774277,0.006698045879602432
,imappo,,,,2490.0,0.0,0.0,0.3349023045402646,0.0,0.0,0.0,0.3333333432674408,0.001568961272823799,0.0,0.0,0.0,0.0,0.0,,,,,,,
0.019103802740573883,imappo,8.308753604069352e-05,-1.6911473274230957,0.00025245081693897977,2491.0,,,,,,,,,,,,,,0.16775591863954653,,,,,0.029086153954267502,0.006693623028695583
,imappo,,,,2491.0,0.0,0.0,0.33468112514469794,0.0,0.0,0.0,0.3333333432674408,0.0013477818772571482,0.0,0.0,0.0,0.0,0.0,,,,,,,
0.016883840784430504,imappo,5.583283564192243e-05,-1.7371671199798584,0.00025215071690563526,2492.0,,,,,,,,,,,,,,0.16762254084694894,,,,,0.02860337309539318,0.006693401373922825
,imappo,,,,2492.0,0.0,0.0,0.33467002235681775,0.0,0.0,0.0,0.3333333432674408,0.0013366790893769576,0.0,0.0,0.0,0.0,0.0,,,,,,,
0.0009994801366701722,imappo,4.7777153667993844e-05,-1.4285109043121338,0.00025185061687229074,2493.0,,,,,,,,,,,,,,0.1674891630543514,,,,,0.030392756685614586,0.00669053802266717
,imappo,,,,2493.0,0.0,0.0,0.3345269407907381,0.0,0.0,0.0,0.3333333432674408,0.001193597523297285,0.0,0.0,0.0,0.0,0.0,,,,,,,
0.008613958954811096,imappo,4.596199869411066e-05,-1.8026727437973022,0.00025155051683894633,2494.0,,,,,,,,,,,,,,0.16735578526175388,,,,,0.021035920828580856,0.006699614692479372
,imappo,,,,2494.0,0.0,0.0,0.3349806959022317,0.0,0.0,0.0,0.3333333432674408,0.0016473526347908773,0.0,0.0,0.0,0.0,0.0,,,,,,,
-0.014644439332187176,imappo,4.377475124783814e-05,-1.050362467765808,0.0002512504168056019,2495.0,,,,,,,,,,,,,,0.1672224074691564,,,,,0.029407070949673653,0.006696660537272692
,imappo,,,,2495.0,0.0,0.0,0.33483302646112634,0.0,0.0,0.0,0.3333333432674408,0.0014996874428447882,0.0,0.0,0.0,0.0,0.0,,,,,,,
0.003759995335713029,imappo,1.9216126020182855e-05,-1.0674811601638794,0.0002509503167722575,2496.0,,,,,,,,,,,,,,0.1670890296765588,,,,,0.028874047100543976,0.00669168122112751
,imappo,,,,2496.0,0.0,0.0,0.33458405725571083,0.0,0.0,0.0,0.3333333432674408,0.0012507139882700358,0.0,0.0,0.0,0.0,0.0,,,,,,,
0.010772419162094593,imappo,3.042038224521093e-05,-1.9710607528686523,0.000250650216738913,2497.0,,,,,,,,,,,,,,0.16695565188396128,,,,,0.02709391713142395,0.006698734126985073
,imappo,,,,2497.0,0.0,0.0,0.3349367106329737,0.0,0.0,0.0,0.3333333432674408,0.001603367365532904,0.0,0.0,0.0,0.0,0.0,,,,,,,
0.005042336415499449,imappo,2.9002269002376124e-05,-2.070622205734253,0.0002503501167055686,2498.0,,,,,,,,,,,,,,0.1668222740913638,,,,,0.027673758566379547,0.006695031654089689
,imappo,,,,2498.0,0.0,0.0,0.3347516316571273,0.0,0.0,0.0,0.3333333432674408,0.0014183181920088828,0.0,0.0,0.0,0.0,0.0,,,,,,,
0.01198507659137249,imappo,2.0885740013909526e-05,-1.9979596138000488,0.0002500500166722242,2499.0,,,,,,,,,,,,,,0.16668889629876626,,,,,0.029010849073529243,0.00669383117929101
,imappo,,,,2499.0,0.0,0.0,0.3346915395306098,0.0,0.0,0.0,0.3333333432674408,0.0013581962631690203,0.0,0.0,0.0,0.0,0.0,,,,,,,
,imappo,,,,2499.0,,,,,,,,,,,,,,,0.0,0.0,0.0,0.0,,
0.0069327023811638355,imappo,1.858960786194075e-05,-1.8833503723144531,0.00024974991663887967,2500.0,,,,,,,,,,,,,,0.16655551850616868,,,,,0.027663465589284897,0.006692385300993919
,imappo,,,,2500.0,0.0,0.0,0.3346191966891183,0.0,0.0,0.0,0.3333333432674408,0.0012858534216775297,0.0,0.0,0.0,0.0,0.0,,,,,,,
-0.004394832067191601,imappo,1.192890340462327e-05,-0.7139200568199158,0.00024944981660553515,2501.0,,,,,,,,,,,,,,0.16642214071357114,,,,,0.03190137818455696,0.006691745016723871
,imappo,,,,2501.0,0.0,0.0,0.3345872335534068,0.0,0.0,0.0,0.3333333432674408,0.0012538902859660084,0.0,0.0,0.0,0.0,0.0,,,,,,,
-0.002534584142267704,imappo,0.003655636217445135,-1.1733193397521973,0.00024914971657219085,2502.0,,,,,,,,,,,,,,0.16628876292097367,,,,,0.03317240625619888,1.6472309653181583e-05
,imappo,,,,2502.0,0.0,0.0,0.0008236154937684148,0.0,0.0,0.0,0.0,0.0008236154937684148,0.0,0.0,0.0,0.0,0.0,,,,,,,
-0.00046576166641898453,imappo,0.0006493754917755723,-1.101361632347107,0.00024884961653884633,2503.0,,,,,,,,,,,,,,0.16615538512837613,,,,,0.027797378599643707,0.006690446753054857
,imappo,,,,2503.0,0.0,0.0,0.3345223256519603,0.0,0.0,0.0,0.3333333432674408,0.0011890121868418646,0.0,0.0,0.0,0.0,0.0,,,,,,,
0.02440704219043255,imappo,0.0006588019314222038,-1.5890358686447144,0.0002485495165055018,2504.0,,,,,,,,,,,,,,0.16602200733577854,,,,,0.028581352904438972,0.006692020688205957
,imappo,,,,2504.0,0.0,0.0,0.33460106716927385,0.0,0.0,0.0,0.3333333432674408,0.001267723901833051,0.0,0.0,0.0,0.0,0.0,,,,,,,
0.033790212124586105,imappo,0.0005082266288809478,-2.25032377243042,0.0002482494164721574,2505.0,,,,,,,,,,,,,,0.165888629543181,,,,,0.029503364115953445,0.006692977622151375
,imappo,,,,2505.0,0.0,0.0,0.33464882047337596,0.0,0.0,0.0,0.3333333432674408,0.0013154772059351671,0.0,0.0,0.0,0.0,0.0,,,,,,,
-0.011088662780821323,imappo,0.0009521660977043211,-1.035858154296875,0.000247949316438813,2506.0,,,,,,,,,,,,,,0.16575525175058353,,,,,0.026088576763868332,0.00669195456430316
,imappo,,,,2506.0,0.0,0.0,0.3345977826718354,0.0,0.0,0.0,0.3333333432674408,0.0012644394043945795,0.0,0.0,0.0,0.0,0.0,,,,,,,
-0.0011944399448111653,imappo,0.00015059957513585687,-1.4106346368789673,0.0002476492164054686,2507.0,,,,,,,,,,,,,,0.165621873957986,,,,,0.03149915859103203,0.006691915914416313
,imappo,,,,2507.0,0.0,0.0,0.33459577817052377,0.0,0.0,0.0,0.3333333432674408,0.0012624349030829762,0.0,0.0,0.0,0.0,0.0,,,,,,,
0.02059835009276867,imappo,4.7135850763879716e-05,-1.5497591495513916,0.0002473491163721241,2508.0,,,,,,,,,,,,,,0.1654884961653884,,,,,0.031003225594758987,0.0066936928778886795
,imappo,,,,2508.0,0.0,0.0,0.33468462400378485,0.0,0.0,0.0,0.3333333432674408,0.0013513105386664392,0.0,0.0,0.0,0.0,0.0,,,,,,,
0.0025303922593593597,imappo,1.2534940651676152e-05,-1.492208480834961,0.00024704901633877956,2509.0,,,,,,,,,,,,,,0.16535511837279088,,,,,0.02772635594010353,0.006691655144095421
,imappo,,,,2509.0,0.0,0.0,0.33458274984150194,0.0,0.0,0.0,0.3333333432674408,0.0012494065740611404,0.0,0.0,0.0,0.0,0.0,,,,,,,
-0.0016868839738890529,imappo,3.3768388675525784e-05,-1.1047426462173462,0.00024674891630543526,2510.0,,,,,,,,,,,,,,0.1652217405801934,,,,,0.028677619993686676,0.00669200299307704
,imappo,,,,2510.0,0.0,0.0,0.3346001379613881,0.0,0.0,0.0,0.3333333432674408,0.0012668244962696917,0.0,0.0,0.0,0.0,0.0,,,,,,,
0.010901947505772114,imappo,6.0068079619668424e-05,-1.2798672914505005,0.00024644881627209074,2511.0,,,,,,,,,,,,,,0.16508836278759587,,,,,0.030607081949710846,0.006691826041787863
,imappo,,,,2511.0,0.0,0.0,0.33459131479821735,0.0,0.0,0.0,0.3333333432674408,0.0012579715307765582,0.0,0.0,0.0,0.0,0.0,,,,,,,
-0.006607981398701668,imappo,0.004022467415779829,-1.4742714166641235,0.0002461487162387462,2512.0,,,,,,,,,,,,,,0.16495498499499828,,,,,0.03268568590283394,3.277851646998897e-05
,imappo,,,,2512.0,0.0,0.0,0.0016389256878710512,0.0,0.0,0.0,0.0,0.0016389256878710512,0.0,0.0,0.0,0.0,0.0,,,,,,,
0.003455235157161951,imappo,0.00023927561414893717,-2.0321948528289795,0.0002458486162054019,2513.0,,,,,,,,,,,,,,0.1648216072024008,,,,,0.02942870557308197,0.006692202296108007
,imappo,,,,2513.0,0.0,0.0,0.3346101335446292,0.0,0.0,0.0,0.3333333432674408,0.001276790277188411,0.0,0.0,0.0,0.0,0.0,,,,,,,
0.036035604774951935,imappo,0.0003227375855203718,-1.773932695388794,0.0002455485161720574,2514.0,,,,,,,,,,,,,,0.16468822940980327,,,,,0.026765037328004837,0.006699355784803629
,imappo,,,,2514.0,0.0,0.0,0.33496781756866767,0.0,0.0,0.0,0.3333333432674408,0.0016344743012268736,0.0,0.0,0.0,0.0,0.0,,,,,,,
-0.005371835548430681,imappo,0.00037957486347295344,-1.2903645038604736,0.0002452484161387129,2515.0,,,,,,,,,,,,,,0.16455485161720573,,,,,0.02829773537814617,0.0066926609724760056
,imappo,,,,2515.0,0.0,0.0,0.33463303683402046,0.0,0.0,0.0,0.3333333432674408,0.0012996935665796627,0.0,0.0,0.0,0.0,0.0,,,,,,,
-0.005166809540241957,imappo,0.000475863489555195,-0.6347654461860657,0.0002449483161053685,2516.0,,,,,,,,,,,,,,0.16442147382460814,,,,,0.03186573088169098,0.006691405083984137
,imappo,,,,2516.0,0.0,0.0,0.33457026538189893,0.0,0.0,0.0,0.3333333432674408,0.0012369221144581388,0.0,0.0,0.0,0.0,0.0,,,,,,,
-0.005283908918499947,imappo,0.00018175356672145426,-2.259176731109619,0.0002446482160720241,2517.0,,,,,,,,,,,,,,0.16428809603201067,,,,,0.032132916152477264,0.006690000183880329
,imappo,,,,2517.0,0.0,0.0,0.3345000651041232,0.0,0.0,0.0,0.3333333432674408,0.0011666920343600395,0.0,0.0,0.0,0.0,0.0,,,,,,,
0.07474297285079956,imappo,9.279476216761395e-05,-1.998253345489502,0.00024434811603867967,2518.0,,,,,,,,,,,,,,0.16415471823941313,,,,,0.028552282601594925,0.0066917818039655685
,imappo,,,,2518.0,0.0,0.0,0.3345890854660638,0.0,0.0,0.0,0.3333333432674408,0.001255742198623011,0.0,0.0,0.0,0.0,0.0,,,,,,,
0.0087406225502491,imappo,3.213970921933651e-05,-2.031442165374756,0.00024404801600533515,2519.0,,,,,,,,,,,,,,0.1640213404468156,,,,,0.027244366705417633,0.0066913110204041
,imappo,,,,2519.0,0.0,0.0,0.3345655529922169,0.0,0.0,0.0,0.3333333432674408,0.0012321799224537244,0.0,0.0,0.0,0.0,0.0,,,,,,,
-0.000491113169118762,imappo,1.2926947420055512e-05,-1.5802781581878662,0.00024374791597199063,2520.0,,,,,,,,,,,,,,0.163887962654218,,,,,0.02801373600959778,0.006691819988191128
,imappo,,,,2520.0,0.0,0.0,0.3345909766335069,0.0,0.0,0.0,0.3333333432674408,0.001257633366066102,0.0,0.0,0.0,0.0,0.0,,,,,,,
0.004982070531696081,imappo,2.6185691240243614e-05,-1.8032466173171997,0.00024344781593864633,2521.0,,,,,,,,,,,,,,0.16375458486162053,,,,,0.025798946619033813,0.006696578115224838
,imappo,,,,2521.0,0.0,0.0,0.33482893358083743,0.0,0.0,0.0,0.3333333432674408,0.001495590313396633,0.0,0.0,0.0,0.0,0.0,,,,,,,
-0.00351143442094326,imappo,0.002538938308134675,-0.5725429654121399,0.00024314771590530182,2522.0,,,,,,,,,,,,,,0.163621207069023,,,,,0.024883877485990524,3.451853262959048e-05
,imappo,,,,2522.0,0.0,0.0,0.0017259264895415072,0.0,0.0,0.0,0.0,0.0017259264895415072,0.0,0.0,0.0,0.0,0.0,,,,,,,
0.016280651092529297,imappo,0.0008653557160869241,-1.5941590070724487,0.0002428476158719573,2523.0,,,,,,,,,,,,,,0.16348782927642547,,,,,0.029960397630929947,3.445157199166715e-05
,imappo,,,,2523.0,0.0,0.0,0.0017225786709786917,0.0,0.0,0.0,0.0,0.0017225786709786917,0.0,0.0,0.0,0.0,0.0,,,,,,,
-0.0011026253923773766,imappo,8.767589861236047e-06,-0.6841524839401245,0.0002425475158386129,2524.0,,,,,,,,,,,,,,0.16335445148382788,,,,,0.01633470505475998,3.6833509511779994e-05
,imappo,,,,2524.0,0.0,0.0,0.0018416755891621506,0.0,0.0,0.0,0.0,0.0018416755891621506,0.0,0.0,0.0,0.0,0.0,,,,,,,
0.05026467144489288,imappo,0.00250829616561532,-2.258298397064209,0.00024224741580526849,2525.0,,,,,,,,,,,,,,0.1632210736912304,,,,,0.02879939414560795,0.006693484727293253
,imappo,,,,2525.0,0.0,0.0,0.33467425579510746,0.0,0.0,0.0,0.3333333432674408,0.00134091252766666,0.0,0.0,0.0,0.0,0.0,,,,,,,
-0.003616538131609559,imappo,0.0013040765188634396,-1.1318340301513672,0.00024194731577192397,2526.0,,,,,,,,,,,,,,0.16308769589863287,,,,,0.026054993271827698,0.006693897768855095
,imappo,,,,2526.0,0.0,0.0,0.3346948785483619,0.0,0.0,0.0,0.3333333432674408,0.001361535280921089,0.0,0.0,0.0,0.0,0.0,,,,,,,
-0.007283021695911884,imappo,0.0005309513071551919,-1.0162898302078247,0.00024164721573857956,2527.0,,,,,,,,,,,,,,0.16295431810603533,,,,,0.028199616819620132,0.00669435877352953
,imappo,,,,2527.0,0.0,0.0,0.33471792654381716,0.0,0.0,0.0,0.3333333432674408,0.001384583276376361,0.0,0.0,0.0,0.0,0.0,,,,,,,
-0.00652215164154768,imappo,0.0003237658820580691,-1.5296176671981812,0.00024134711570523515,2528.0,,,,,,,,,,,,,,0.1628209403134378,,,,,0.030523333698511124,0.006691282615065575
,imappo,,,,2528.0,0.0,0.0,0.33456412044688477,0.0,0.0,0.0,0.3333333432674408,0.0012307473771215882,0.0,0.0,0.0,0.0,0.0,,,,,,,
-0.01139265950769186,imappo,0.001436806283891201,-0.5977729558944702,0.00024104701567189074,2529.0,,,,,,,,,,,,,,0.16268756252084027,,,,,0.012345634400844574,2.7933792807743885e-05
,imappo,,,,2529.0,0.0,0.0,0.00139668951578642,0.0,0.0,0.0,0.0,0.00139668951578642,0.0,0.0,0.0,0.0,0.0,,,,,,,
0.010223875753581524,imappo,0.000247871590545401,-1.1624253988265991,0.00024074691563854623,2530.0,,,,,,,,,,,,,,0.16255418472824273,,,,,0.02569720521569252,0.006696530617773533
,imappo,,,,2530.0,0.0,0.0,0.33482655229727243,0.0,0.0,0.0,0.3333333432674408,0.0014932090298316325,0.0,0.0,0.0,0.0,0.0,,,,,,,
-0.0039858464151620865,imappo,0.0002007546427194029,-1.4152987003326416,0.0002404468156052017,2531.0,,,,,,,,,,,,,,0.1624208069356452,,,,,0.029624443501234055,0.006691364571452141
,imappo,,,,2531.0,0.0,0.0,0.3345682421709171,0.0,0.0,0.0,0.3333333432674408,0.001234898903476278,0.0,0.0,0.0,0.0,0.0,,,,,,,
0.0026915757916867733,imappo,0.00011205484042875469,-1.585553765296936,0.0002401467155718574,2532.0,,,,,,,,,,,,,,0.16228742914304767,,,,,0.03037661872804165,0.006696330849081278
,imappo,,,,2532.0,0.0,0.0,0.3348165493744091,0.0,0.0,0.0,0.3333333432674408,0.00148323590929067,0.0,0.0,0.0,0.0,0.0,,,,,,,
-0.006296657491475344,imappo,0.00011833628377644345,-1.5519218444824219,0.0002398466155385129,2533.0,,,,,,,,,,,,,,0.16215405135045013,,,,,0.027698984369635582,0.006695992313325405
,imappo,,,,2533.0,0.0,0.0,0.33479959394162506,0.0,0.0,0.0,0.3333333432674408,0.0014662208718618785,0.0,0.0,0.0,0.0,0.0,,,,,,,
0.012459646910429,imappo,0.00012066089402651414,-1.545872449874878,0.00023954651550516838,2534.0,,,,,,,,,,,,,,0.1620206735578526,,,,,0.02701336145401001,0.0066957068629562855
,imappo,,,,2534.0,0.0,0.0,0.33478535027484213,0.0,0.0,0.0,0.3333333432674408,0.0014520070074013347,0.0,0.0,0.0,0.0,0.0,,,,,,,
-0.0061324844136834145,imappo,0.00013057600881438702,-1.3830814361572266,0.00023924641547182397,2535.0,,,,,,,,,,,,,,0.16188729576525507,,,,,0.028755366802215576,0.006690016947686672
,imappo,,,,2535.0,0.0,0.0,0.3345009006698092,0.0,0.0,0.0,0.3333333432674408,0.0011675574023684021,0.0,0.0,0.0,0.0,0.0,,,,,,,
0.007683927658945322,imappo,0.00011783259833464399,-1.8126355409622192,0.00023894631543847956,2536.0,,,,,,,,,,,,,,0.16175391797265753,,,,,0.02434784546494484,0.006699850782752037
,imappo,,,,2536.0,0.0,0.0,0.3349925662319606,0.0,0.0,0.0,0.3333333432674408,0.001659222964519813,0.0,0.0,0.0,0.0,0.0,,,,,,,
0.0029031941667199135,imappo,8.264565258286893e-05,-1.8391495943069458,0.00023864621540513505,2537.0,,,,,,,,,,,,,,0.16162054018006,,,,,0.02144641987979412,0.006701471749693155
,imappo,,,,2537.0,0.0,0.0,0.3350735685049102,0.0,0.0,0.0,0.3333333432674408,0.0017402252374694172,0.0,0.0,0.0,0.0,0.0,,,,,,,
0.007341561373323202,imappo,5.6499484344385564e-05,-2.06674861907959,0.00023834611537179064,2538.0,,,,,,,,,,,,,,0.16148716238746247,,,,,0.02856237068772316,0.0067007215693593025
,imappo,,,,2538.0,0.0,0.0,0.33503607763123,0.0,0.0,0.0,0.3333333432674408,0.0017027343637892045,0.0,0.0,0.0,0.0,0.0,,,,,,,
-0.005003690253943205,imappo,4.327171336626634e-05,-2.04166316986084,0.00023804601533844612,2539.0,,,,,,,,,,,,,,0.16135378459486494,,,,,0.027820900082588196,0.006698635406792164
,imappo,,,,2539.0,0.0,0.0,0.33493178812841506,0.0,0.0,0.0,0.3333333432674408,0.0015984448609742685,0.0,0.0,0.0,0.0,0.0,,,,,,,
0.013531900942325592,imappo,2.2982330847298726e-05,-1.0265063047409058,0.00023774591530510182,2540.0,,,,,,,,,,,,,,0.1612204068022674,,,,,0.030287696048617363,0.006692127790302038
,imappo,,,,2540.0,0.0,0.0,0.33460641146814396,0.0,0.0,0.0,0.3333333432674408,0.0012730980030255523,0.0,0.0,0.0,0.0,0.0,,,,,,,
-0.007955648936331272,imappo,2.4218328690039925e-05,-1.3644657135009766,0.0002374458152717573,2541.0,,,,,,,,,,,,,,0.16108702900966987,,,,,0.026555802673101425,0.006689243949949741
,imappo,,,,2541.0,0.0,0.0,0.33446220011228434,0.0,0.0,0.0,0.3333333432674408,0.0011288568448435399,0.0,0.0,0.0,0.0,0.0,,,,,,,
-0.005678361747413874,imappo,1.555333801661618e-05,-1.603747844696045,0.0002371457152384128,2542.0,,,,,,,,,,,,,,0.16095365121707234,,,,,0.030536184087395668,0.006692098453640938
,imappo,,,,2542.0,0.0,0.0,0.33460490222233386,0.0,0.0,0.0,0.3333333432674408,0.0012715589548930595,0.0,0.0,0.0,0.0,0.0,,,,,,,
0.015229686163365841,imappo,1.22738019854296e-05,-1.6168285608291626,0.0002368456152050685,2543.0,,,,,,,,,,,,,,0.1608202734244748,,,,,0.02987961657345295,0.006691721733659506
,imappo,,,,2543.0,0.0,0.0,0.33458611267397487,0.0,0.0,0.0,0.3333333432674408,0.001252769406534071,0.0,0.0,0.0,0.0,0.0,,,,,,,
0.007244905922561884,imappo,1.1884781997650862e-05,-2.0277884006500244,0.00023654551517172397,2544.0,,,,,,,,,,,,,,0.16068689563187727,,,,,0.026938345283269882,0.006697249598801136
,imappo,,,,2544.0,0.0,0.0,0.3348624086884229,0.0,0.0,0.0,0.3333333432674408,0.0015290654209820786,0.0,0.0,0.0,0.0,0.0,,,,,,,
-0.0008546124445274472,imappo,7.257965989992954e-06,-1.1671305894851685,0.00023624541513837945,2545.0,,,,,,,,,,,,,,0.16055351783927974,,,,,0.02566167339682579,0.006691706832498312
,imappo,,,,2545.0,0.0,0.0,0.3345853359664943,0.0,0.0,0.0,0.3333333432674408,0.0012519926990535168,0.0,0.0,0.0,0.0,0.0,,,,,,,
0.002507768804207444,imappo,5.224237611400895e-06,-1.6950488090515137,0.00023594531510503505,2546.0,,,,,,,,,,,,,,0.1604201400466822,,,,,0.032846271991729736,0.006692603230476379
,imappo,,,,2546.0,0.0,0.0,0.3346301934116127,0.0,0.0,0.0,0.3333333432674408,0.0012968501441719127,0.0,0.0,0.0,0.0,0.0,,,,,,,
0.013847249560058117,imappo,4.850063305639196e-06,-1.6021463871002197,0.00023564521507169064,2547.0,,,,,,,,,,,,,,0.16028676225408467,,,,,0.02908860146999359,0.006693245843052864
,imappo,,,,2547.0,0.0,0.0,0.3346622238273085,0.0,0.0,0.0,0.3333333432674408,0.0013288805598676845,0.0,0.0,0.0,0.0,0.0,,,,,,,
0.0011017115321010351,imappo,2.3637396679987432e-06,-1.4042961597442627,0.00023534511503834612,2548.0,,,,,,,,,,,,,,0.16015338446148714,,,,,0.02742549404501915,0.006687030661851168
,imappo,,,,2548.0,0.0,0.0,0.3343515205741596,0.0,0.0,0.0,0.3333333432674408,0.001018177306718826,0.0,0.0,0.0,0.0,0.0,,,,,,,
-0.005663850344717503,imappo,1.4490862668026239e-05,-1.02418851852417,0.00023504501500500171,2549.0,,,,,,,,,,,,,,0.1600200066688896,,,,,0.02866186946630478,0.006697000935673714
,imappo,,,,2549.0,0.0,0.0,0.33485003611116326,0.0,0.0,0.0,0.3333333432674408,0.0015167248579359693,0.0,0.0,0.0,0.0,0.0,,,,,,,
0.006370258517563343,imappo,1.7770514659787295e-06,-1.533882975578308,0.0002347449149716572,2550.0,,,,,,,,,,,,,,0.15988662887629207,,,,,0.02641911618411541,0.006691387854516506
,imappo,,,,2550.0,0.0,0.0,0.3345694213380739,0.0,0.0,0.0,0.3333333432674408,0.0012360482683106966,0.0,0.0,0.0,0.0,0.0,,,,,,,
-0.0006750813918188214,imappo,5.26097528563696e-06,-0.7883767485618591,0.0002344448149383129,2551.0,,,,,,,,,,,,,,0.15975325108369454,,,,,0.03469464182853699,0.006690588779747486
,imappo,,,,2551.0,0.0,0.0,0.3345294581586131,0.0,0.0,0.0,0.3333333432674408,0.0011961148911723285,0.0,0.0,0.0,0.0,0.0,,,,,,,
-0.006102788727730513,imappo,2.0397433218022343e-06,-0.6694642901420593,0.00023414471490496838,2552.0,,,,,,,,,,,,,,0.159619873291097,,,,,0.03252468258142471,0.006692336872220039
,imappo,,,,2552.0,0.0,0.0,0.33461687567205445,0.0,0.0,0.0,0.3333333432674408,0.001283532404613652,0.0,0.0,0.0,0.0,0.0,,,,,,,
0.0019590535666793585,imappo,2.6318218715459807e-06,-1.967318058013916,0.00023384461487162386,2553.0,,,,,,,,,,,,,,0.15948649549849947,,,,,0.027857519686222076,0.006693641655147076
,imappo,,,,2553.0,0.0,0.0,0.33468204638757015,0.0,0.0,0.0,0.3333333432674408,0.0013487031201293576,0.0,0.0,0.0,0.0,0.0,,,,,,,
-0.0011422106763347983,imappo,8.023039868021442e-07,-1.0673683881759644,0.00023354451483827946,2554.0,,,,,,,,,,,,,,0.15935311770590194,,,,,0.030937546864151955,0.006692717783153057
,imappo,,,,2554.0,0.0,0.0,0.33463588731956406,0.0,0.0,0.0,0.3333333432674408,0.0013025440521232667,0.0,0.0,0.0,0.0,0.0,,,,,,,
0.012592899613082409,imappo,0.0026325113140046597,-1.6228007078170776,0.00023324441480493505,2555.0,,,,,,,,,,,,,,0.1592197399133044,,,,,0.033057257533073425,3.1244158890331164e-05
,imappo,,,,2555.0,0.0,0.0,0.0015622079281456536,0.0,0.0,0.0,0.0,0.0015622079281456536,0.0,0.0,0.0,0.0,0.0,,,,,,,
0.03870074078440666,imappo,0.0009207839611917734,-1.9524521827697754,0.00023294431477159053,2556.0,,,,,,,,,,,,,,0.15908636212070687,,,,,0.025001920759677887,0.006699252873659134
,imappo,,,,2556.0,0.0,0.0,0.334962639499814,0.0,0.0,0.0,0.3333333432674408,0.0016292962323731786,0.0,0.0,0.0,0.0,0.0,,,,,,,
-0.00216410169377923,imappo,0.0005949263577349484,-0.9761344194412231,0.00023264421473824612,2557.0,,,,,,,,,,,,,,0.15895298432810934,,,,,0.027429865673184395,0.006693404167890549
,imappo,,,,2557.0,0.0,0.0,0.33467022913168876,0.0,0.0,0.0,0.3333333432674408,0.0013368788938805665,0.0,0.0,0.0,0.0,0.0,,,,,,,
0.0019257471431046724,imappo,0.00027982392930425704,-1.6721043586730957,0.00023234411470490172,2558.0,,,,,,,,,,,,,,0.15881960653551186,,,,,0.03009890206158161,0.0066918605007231236
,imappo,,,,2558.0,0.0,0.0,0.3345930594739812,0.0,0.0,0.0,0.3333333432674408,0.0012597162065404177,0.0,0.0,0.0,0.0,0.0,,,,,,,
0.025721581652760506,imappo,0.00010128255962627009,-1.7032312154769897,0.0002320440146715572,2559.0,,,,,,,,,,,,,,0.15868622874291427,,,,,0.03288467973470688,0.006687142886221409
,imappo,,,,2559.0,0.0,0.0,0.3343571125666358,0.0,0.0,0.0,0.3333333432674408,0.0010237692991950098,0.0,0.0,0.0,0.0,0.0,,,,,,,
0.0069375657476484776,imappo,4.9749534809961915e-05,-2.2694058418273926,0.0002317439146382128,2560.0,,,,,,,,,,,,,,0.15855285095031674,,,,,0.028343793004751205,0.006694493815302849
,imappo,,,,2560.0,0.0,0.0,0.33472469538082805,0.0,0.0,0.0,0.3333333432674408,0.0013913521133872564,0.0,0.0,0.0,0.0,0.0,,,,,,,
-0.005003318656235933,imappo,4.9536043661646545e-05,-2.0586917400360107,0.00023144381460486827,2561.0,,,,,,,,,,,,,,0.1584194731577192,,,,,0.025095336139202118,0.006699176039546728
,imappo,,,,2561.0,0.0,0.0,0.3349587691477609,0.0,0.0,0.0,0.3333333432674408,0.0016254258803201083,0.0,0.0,0.0,0.0,0.0,,,,,,,
-0.010540097951889038,imappo,6.172122084535658e-05,-2.6131913661956787,0.00023114371457152397,2562.0,,,,,,,,,,,,,,0.15828609536512173,,,,,0.032577380537986755,0.00669087702408433
,imappo,,,,2562.0,0.0,0.0,0.3345438684499751,0.0,0.0,0.0,0.3333333432674408,0.0012105251825342833,0.0,0.0,0.0,0.0,0.0,,,,,,,
-0.0023749414831399918,imappo,6.00043022132013e-05,-1.737165927886963,0.00023084361453817946,2563.0,,,,,,,,,,,,,,0.15815271757252414,,,,,0.030750945210456848,0.00669296458363533
,imappo,,,,2563.0,0.0,0.0,0.3346481855332968,0.0,0.0,0.0,0.3333333432674408,0.0013148422658559866,0.0,0.0,0.0,0.0,0.0,,,,,,,
-0.0013510531280189753,imappo,0.00011148869089083746,-1.025512456893921,0.00023054351450483494,2564.0,,,,,,,,,,,,,,0.1580193397799266,,,,,0.025853700935840607,0.006693046074360609
,imappo,,,,2564.0,0.0,0.0,0.334652276127656,0.0,0.0,0.0,0.3333333432674408,0.0013189659658223718,0.0,0.0,0.0,0.0,0.0,,,,,,,
0.011805824004113674,imappo,4.528843783191405e-05,-2.2824416160583496,0.00023024341447149053,2565.0,,,,,,,,,,,,,,0.15788596198732907,,,,,0.02640318125486374,0.006693659815937281
,imappo,,,,2565.0,0.0,0.0,0.3346830020102516,0.0,0.0,0.0,0.3333333432674408,0.0013496587428107887,0.0,0.0,0.0,0.0,0.0,,,,,,,
-0.0011240923777222633,imappo,1.8775446733343415e-05,-0.6837263703346252,0.00022994331443814612,2566.0,,,,,,,,,,,,,,0.1577525841947316,,,,,0.03194301575422287,0.006690718699246645
,imappo,,,,2566.0,0.0,0.0,0.33453589721807475,0.0,0.0,0.0,0.3333333432674408,0.0012025428229662793,0.0,0.0,0.0,0.0,0.0,,,,,,,
0.03662479668855667,imappo,2.525315539969597e-05,-2.52492356300354,0.0002296432144048016,2567.0,,,,,,,,,,,,,,0.157619206402134,,,,,0.03068557009100914,0.006690616719424725
,imappo,,,,2567.0,0.0,0.0,0.33453083284217655,0.0,0.0,0.0,0.3333333432674408,0.001197489574735755,0.0,0.0,0.0,0.0,0.0,,,,,,,
-0.0012099127052351832,imappo,0.0019084266386926174,-0.5437338352203369,0.0002293431143714572,2568.0,,,,,,,,,,,,,,0.15748582860953647,,,,,0.024775179103016853,3.4963810321642086e-05
,imappo,,,,2568.0,0.0,0.0,0.0017481906251077817,0.0,0.0,0.0,0.0,0.0017481906251077817,0.0,0.0,0.0,0.0,0.0,,,,,,,
-0.00887557677924633,imappo,0.000447200785856694,-0.6104606986045837,0.00022904301433811268,2569.0,,,,,,,,,,,,,,0.15735245081693894,,,,,0.03123297169804573,0.0066909873858094215
,imappo,,,,2569.0,0.0,0.0,0.3345493153537973,0.0,0.0,0.0,0.3333333432674408,0.0012160033438703977,0.0,0.0,0.0,0.0,0.0,,,,,,,
0.01634880341589451,imappo,0.00034652993781492114,-1.4050213098526,0.00022874291430476828,2570.0,,,,,,,,,,,,,,0.15721907302434146,,,,,0.029356012120842934,0.006688175722956657
,imappo,,,,2570.0,0.0,0.0,0.33440879346289876,0.0,0.0,0.0,0.3333333432674408,0.001075450195457961,0.0,0.0,0.0,0.0,0.0,,,,,,,
0.03038230910897255,imappo,0.00028527717222459614,-2.0374107360839844,0.00022844281427142387,2571.0,,,,,,,,,,,,,,0.15708569523174387,,,,,0.029523562639951706,0.006691232323646545
,imappo,,,,2571.0,0.0,0.0,0.3345616291671831,0.0,0.0,0.0,0.3333333432674408,0.0012282858997423318,0.0,0.0,0.0,0.0,0.0,,,,,,,
-0.004775461740791798,imappo,0.00023502584372181445,-0.6839674115180969,0.00022814271423807935,2572.0,,,,,,,,,,,,,,0.15695231743914634,,,,,0.03014986962080002,0.006690870504826307
,imappo,,,,2572.0,0.0,0.0,0.3345435224467792,0.0,0.0,0.0,0.3333333432674408,0.001210169258570204,0.0,0.0,0.0,0.0,0.0,,,,,,,
-0.005026932805776596,imappo,9.369201143272221e-05,-1.6153149604797363,0.00022784261420473505,2573.0,,,,,,,,,,,,,,0.15681893964654886,,,,,0.0309994388371706,0.006693597417324781
,imappo,,,,2573.0,0.0,0.0,0.3346798817233321,0.0,0.0,0.0,0.3333333432674408,0.0013465682000060042,0.0,0.0,0.0,0.0,0.0,,,,,,,
0.003798964200541377,imappo,6.975103315198794e-05,-2.5323119163513184,0.00022754251417139053,2574.0,,,,,,,,,,,,,,0.15668556185395133,,,,,0.030285727232694626,0.006693326868116856
,imappo,,,,2574.0,0.0,0.0,0.3346663491132631,0.0,0.0,0.0,0.3333333432674408,0.0013330058458222993,0.0,0.0,0.0,0.0,0.0,,,,,,,
0.03354973718523979,imappo,9.868331835605204e-05,-2.3711705207824707,0.00022724241413804602,2575.0,,,,,,,,,,,,,,0.15655218406135374,,,,,0.026789674535393715,0.006694388575851917
,imappo,,,,2575.0,0.0,0.0,0.33471941940752004,0.0,0.0,0.0,0.3333333432674408,0.0013860761400792398,0.0,0.0,0.0,0.0,0.0,,,,,,,
0.004887921269983053,imappo,8.1854966992978e-05,-2.5977087020874023,0.0002269423141047016,2576.0,,,,,,,,,,,,,,0.1564188062687562,,,,,0.028455745428800583,0.006693636998534203
,imappo,,,,2576.0,0.0,0.0,0.334681842309692,0.0,0.0,0.0,0.3333333432674408,0.0013484990422512055,0.0,0.0,0.0,0.0,0.0,,,,,,,
0.010021520778536797,imappo,4.397612065076828e-05,-2.061994791030884,0.0002266422140713572,2577.0,,,,,,,,,,,,,,0.15628542847615873,,,,,0.027810588479042053,0.0066907452419400215
,imappo,,,,2577.0,0.0,0.0,0.3345372326555207,0.0,0.0,0.0,0.3333333432674408,0.0012038595857575274,0.0,0.0,0.0,0.0,0.0,,,,,,,
0.011034248396754265,imappo,3.6832905607298017e-05,-2.422342300415039,0.00022634211403801268,2578.0,,,,,,,,,,,,,,0.1561520506835612,,,,,0.023341219872236252,0.006696079857647419
,imappo,,,,2578.0,0.0,0.0,0.33480400994176307,0.0,0.0,0.0,0.3333333432674408,0.001470666674322274,0.0,0.0,0.0,0.0,0.0,,,,,,,
-0.008774367161095142,imappo,0.0021675906609743834,-0.856267511844635,0.00022604201400466828,2579.0,,,,,,,,,,,,,,0.1560186728909636,,,,,0.014205475337803364,3.731073593371548e-05
,imappo,,,,2579.0,0.0,0.0,0.0018655368237432413,0.0,0.0,0.0,0.0,0.0018655368237432413,0.0,0.0,0.0,0.0,0.0,,,,,,,
0.021660087630152702,imappo,0.00023691562819294631,-1.9721653461456299,0.00022574191397132376,2580.0,,,,,,,,,,,,,,0.15588529509836607,,,,,0.035431694239377975,0.006686883512884378
,imappo,,,,2580.0,0.0,0.0,0.3343441511265439,0.0,0.0,0.0,0.3333333432674408,0.0010108078591031244,0.0,0.0,0.0,0.0,0.0,,,,,,,
0.04665751755237579,imappo,0.00029848646954633296,-2.4118616580963135,0.00022544181393797935,2581.0,,,,,,,,,,,,,,0.1557519173057686,,,,,0.02407931350171566,0.006698412820696831
,imappo,,,,2581.0,0.0,0.0,0.3349206083989884,0.0,0.0,0.0,0.3333333432674408,0.0015872651315476105,0.0,0.0,0.0,0.0,0.0,,,,,,,
0.006120980717241764,imappo,0.00034364720340818167,-2.064359188079834,0.00022514171390463494,2582.0,,,,,,,,,,,,,,0.15561853951317106,,,,,0.030018717050552368,0.006691789720207453
,imappo,,,,2582.0,0.0,0.0,0.33458945134862006,0.0,0.0,0.0,0.3333333432674408,0.0012561080811792635,0.0,0.0,0.0,0.0,0.0,,,,,,,
0.06600265204906464,imappo,0.0001888402330223471,-2.7574305534362793,0.00022484161387129043,2583.0,,,,,,,,,,,,,,0.15548516172057347,,,,,0.022128408774733543,0.006696395110338926
,imappo,,,,2583.0,0.0,0.0,0.3348197680666658,0.0,0.0,0.0,0.3333333432674408,0.0014864247992250057,0.0,0.0,0.0,0.0,0.0,,,,,,,
0.008530274033546448,imappo,9.560451871948317e-05,-2.5285439491271973,0.00022454151383794602,2584.0,,,,,,,,,,,,,,0.15535178392797594,,,,,0.02182576432824135,0.006698254961520433
,imappo,,,,2584.0,0.0,0.0,0.3349127683322308,0.0,0.0,0.0,0.3333333432674408,0.0015794250647900299,0.0,0.0,0.0,0.0,0.0,,,,,,,
-0.003255884163081646,imappo,4.513261228566989e-05,-3.08194899559021,0.0002242414138046016,2585.0,,,,,,,,,,,,,,0.15521840613537846,,,,,0.028193548321723938,0.00669471500441432
,imappo,,,,2585.0,0.0,0.0,0.3347356836466133,0.0,0.0,0.0,0.3333333432674408,0.0014023403791725286,0.0,0.0,0.0,0.0,0.0,,,,,,,
0.02320817857980728,imappo,3.580128395697102e-05,-2.409403085708618,0.0002239413137712571,2586.0,,,,,,,,,,,,,,0.15508502834278093,,,,,0.026617027819156647,0.0066920178942382336
,imappo,,,,2586.0,0.0,0.0,0.3346009191992607,0.0,0.0,0.0,0.3333333432674408,0.0012675759318199198,0.0,0.0,0.0,0.0,0.0,,,,,,,
0.009600029326975346,imappo,5.9215915825916454e-05,-2.286672830581665,0.00022364121373791269,2587.0,,,,,,,,,,,,,,0.15495165055018334,,,,,0.02957737073302269,0.006690443959087133
,imappo,,,,2587.0,0.0,0.0,0.3345221563904488,0.0,0.0,0.0,0.3333333432674408,0.0011888131230080035,0.0,0.0,0.0,0.0,0.0,,,,,,,
-0.0015957611612975597,imappo,3.7508558307308704e-05,-2.1380977630615234,0.00022334111370456828,2588.0,,,,,,,,,,,,,,0.15481827275758586,,,,,0.029493778944015503,0.006689377594739199
,imappo,,,,2588.0,0.0,0.0,0.33446892165952136,0.0,0.0,0.0,0.3333333432674408,0.0011355783920805607,0.0,0.0,0.0,0.0,0.0,,,,,,,
-0.007431757636368275,imappo,0.0019651043694466352,-0.9166660308837891,0.00022304101367122376,2589.0,,,,,,,,,,,,,,0.15468489496498833,,,,,0.020834773778915405,3.379015106474981e-05
,imappo,,,,2589.0,0.0,0.0,0.001689507524218925,0.0,0.0,0.0,0.0,0.001689507524218925,0.0,0.0,0.0,0.0,0.0,,,,,,,
-0.001966464100405574,imappo,0.0004651141935028136,-1.507928490638733,0.00022274091363787935,2590.0,,,,,,,,,,,,,,0.1545515171723908,,,,,0.02722078748047352,0.006693553179502487
,imappo,,,,2590.0,0.0,0.0,0.33467767567117335,0.0,0.0,0.0,0.3333333432674408,0.001344332403732551,0.0,0.0,0.0,0.0,0.0,,,,,,,
0.015238506719470024,imappo,0.00030743671231903136,-1.7795467376708984,0.00022244081360453484,2591.0,,,,,,,,,,,,,,0.1544181393797932,,,,,0.03047218918800354,0.006687818560749292
,imappo,,,,2591.0,0.0,0.0,0.33439097379869054,0.0,0.0,0.0,0.3333333432674408,0.0010576305312497425,0.0,0.0,0.0,0.0,0.0,,,,,,,
0.0009752390906214714,imappo,0.00025911611737683415,-2.457473039627075,0.00022214071357119043,2592.0,,,,,,,,,,,,,,0.15428476158719573,,,,,0.024015260860323906,0.006694165524095297
,imappo,,,,2592.0,0.0,0.0,0.3347082038719691,0.0,0.0,0.0,0.3333333432674408,0.001374860604528294,0.0,0.0,0.0,0.0,0.0,,,,,,,
0.027881121262907982,imappo,0.0001526023115729913,-2.7530064582824707,0.00022184061353784602,2593.0,,,,,,,,,,,,,,0.1541513837945982,,,,,0.02691122144460678,0.006692689843475819
,imappo,,,,2593.0,0.0,0.0,0.3346344840565507,0.0,0.0,0.0,0.3333333432674408,0.0013011407891099225,0.0,0.0,0.0,0.0,0.0,,,,,,,
0.1466752588748932,imappo,8.40716966195032e-05,-2.8014323711395264,0.0002215405135045015,2594.0,,,,,,,,,,,,,,0.15401800600200066,,,,,0.026004482060670853,0.00669313408434391
,imappo,,,,2594.0,0.0,0.0,0.33465671509293315,0.0,0.0,0.0,0.3333333432674408,0.0013233718254923588,0.0,0.0,0.0,0.0,0.0,,,,,,,
0.011653054505586624,imappo,4.49947765446268e-05,-2.310886859893799,0.0002212404134711571,2595.0,,,,,,,,,,,,,,0.15388462820940307,,,,,0.02695596218109131,0.00669193547219038
,imappo,,,,2595.0,0.0,0.0,0.3345967863460828,0.0,0.0,0.0,0.3333333432674408,0.0012634430786420126,0.0,0.0,0.0,0.0,0.0,,,,,,,
0.004554203245788813,imappo,5.5311978940153494e-05,-2.748460531234741,0.0002209403134378127,2596.0,,,,,,,,,,,,,,0.1537512504168056,,,,,0.02193896658718586,0.006694497540593147
,imappo,,,,2596.0,0.0,0.0,0.3347248486029457,0.0,0.0,0.0,0.3333333432674408,0.0013915053355049167,0.0,0.0,0.0,0.0,0.0,,,,,,,
0.037997595965862274,imappo,0.002041321014985442,-2.2437117099761963,0.00022064021340446817,2597.0,,,,,,,,,,,,,,0.15361787262420806,,,,,0.032592616975307465,2.8574249881785363e-05
,imappo,,,,2597.0,0.0,0.0,0.0014287124877228052,0.0,0.0,0.0,0.0,0.0014287124877228052,0.0,0.0,0.0,0.0,0.0,,,,,,,
0.042245082557201385,imappo,0.00027865348965860903,-3.0216238498687744,0.00022034011337112376,2598.0,,,,,,,,,,,,,,0.15348449483161053,,,,,0.02729376032948494,0.006692100316286087
,imappo,,,,2598.0,0.0,0.0,0.33460502242493817,0.0,0.0,0.0,0.3333333432674408,0.001271679157497374,0.0,0.0,0.0,0.0,0.0,,,,,,,
-0.0060159750282764435,imappo,0.0007737430278211832,-1.4394233226776123,0.00022004001333777925,2599.0,,,,,,,,,,,,,,0.15335111703901294,,,,,0.027379222214221954,0.006692982744425535
,imappo,,,,2599.0,0.0,0.0,0.3346491904859761,0.0,0.0,0.0,0.3333333432674408,0.001315847218535282,0.0,0.0,0.0,0.0,0.0,,,,,,,
,imappo,,,,2599.0,,,,,,,,,,,,,,,0.0,0.0,0.0,0.0,,
-0.004546649754047394,imappo,0.00018573265697341412,-1.4393917322158813,0.00021973991330443484,2600.0,,,,,,,,,,,,,,0.15321773924641546,,,,,0.028340373188257217,0.006692543625831604
,imappo,,,,2600.0,0.0,0.0,0.3346271664423739,0.0,0.0,0.0,0.3333333432674408,0.0012937933726107076,0.0,0.0,0.0,0.0,0.0,,,,,,,
0.016157014295458794,imappo,6.182843208080158e-05,-1.966247797012329,0.00021943981327109043,2601.0,,,,,,,,,,,,,,0.15308436145381793,,,,,0.029644163325428963,0.006693938281387091
,imappo,,,,2601.0,0.0,0.0,0.3346969327280931,0.0,0.0,0.0,0.3333333432674408,0.0013635894606522925,0.0,0.0,0.0,0.0,0.0,,,,,,,
0.015134235844016075,imappo,0.0028361408039927483,-2.583850622177124,0.0002191397132377459,2602.0,,,,,,,,,,,,,,0.1529509836612204,,,,,0.0285326074808836,3.292254768894054e-05
,imappo,,,,2602.0,0.0,0.0,0.0016461275254187058,0.0,0.0,0.0,0.0,0.0016461275254187058,0.0,0.0,0.0,0.0,0.0,,,,,,,
0.006068877875804901,imappo,0.0003734901256393641,-1.4224653244018555,0.0002188396132044015,2603.0,,,,,,,,,,,,,,0.1528176058686228,,,,,0.025304675102233887,0.006690692156553268
,imappo,,,,2603.0,0.0,0.0,0.33453464562080626,0.0,0.0,0.0,0.3333333432674408,0.0012013023533654632,0.0,0.0,0.0,0.0,0.0,,,,,,,
0.017635775730013847,imappo,0.00029941528919152915,-2.28780198097229,0.0002185395131710571,2604.0,,,,,,,,,,,,,,0.15268422807602533,,,,,0.02449127286672592,0.006687164772301912
,imappo,,,,2604.0,0.0,0.0,0.3343582266936096,0.0,0.0,0.0,0.3333333432674408,0.001024883426168799,0.0,0.0,0.0,0.0,0.0,,,,,,,
-0.007951869629323483,imappo,0.00047167501179501414,-0.886732280254364,0.00021823941313771258,2605.0,,,,,,,,,,,,,,0.1525508502834278,,,,,0.03474471718072891,0.006690107751637697
,imappo,,,,2605.0,0.0,0.0,0.3345053774231701,0.0,0.0,0.0,0.3333333432674408,0.0011720390815526116,0.0,0.0,0.0,0.0,0.0,,,,,,,
0.00161681417375803,imappo,9.508676885161549e-05,-1.8879915475845337,0.00021793931310436817,2606.0,,,,,,,,,,,,,,0.15241747249083026,,,,,0.029327765107154846,0.006690915673971176
,imappo,,,,2606.0,0.0,0.0,0.3345457766633899,0.0,0.0,0.0,0.3333333432674408,0.0012124333959491196,0.0,0.0,0.0,0.0,0.0,,,,,,,
0.009192105382680893,imappo,3.0475144740194082e-05,-2.0501859188079834,0.00021763921307102376,2607.0,,,,,,,,,,,,,,0.15228409469823273,,,,,0.02855934016406536,0.006691324524581432
,imappo,,,,2607.0,0.0,0.0,0.3345662485932053,0.0,0.0,0.0,0.3333333432674408,0.0012329053257644773,0.0,0.0,0.0,0.0,0.0,,,,,,,
0.003470378229394555,imappo,7.649151666555554e-05,-2.750013828277588,0.00021733911303767925,2608.0,,,,,,,,,,,,,,0.1521507169056352,,,,,0.02779369056224823,0.006691496353596449
,imappo,,,,2608.0,0.0,0.0,0.3345748589580744,0.0,0.0,0.0,0.3333333432674408,0.0012415156906335767,0.0,0.0,0.0,0.0,0.0,,,,,,,
0.01042650081217289,imappo,7.830109097994864e-05,-2.5699284076690674,0.00021703901300433484,2609.0,,,,,,,,,,,,,,0.15201733911303766,,,,,0.031077779829502106,0.006694365292787552
,imappo,,,,2609.0,0.0,0.0,0.33471823352294905,0.0,0.0,0.0,0.3333333432674408,0.0013848902555082532,0.0,0.0,0.0,0.0,0.0,,,,,,,
0.008895601145923138,imappo,6.899354048073292e-05,-2.7720253467559814,0.00021673891297099032,2610.0,,,,,,,,,,,,,,0.15188396132044013,,,,,0.02126060426235199,0.006696367170661688
,imappo,,,,2610.0,0.0,0.0,0.33481835875625165,0.0,0.0,0.0,0.3333333432674408,0.001485015488810859,0.0,0.0,0.0,0.0,0.0,,,,,,,
-0.00012849143240600824,imappo,2.8765956813003868e-05,-1.7922261953353882,0.00021643881293764591,2611.0,,,,,,,,,,,,,,0.1517505835278426,,,,,0.03136024996638298,0.006689765490591526
,imappo,,,,2611.0,0.0,0.0,0.3344882947469614,0.0,0.0,0.0,0.3333333432674408,0.001154951479520605,0.0,0.0,0.0,0.0,0.0,,,,,,,
0.03210766986012459,imappo,2.5082845240831375e-05,-2.7786760330200195,0.0002161387129043015,2612.0,,,,,,,,,,,,,,0.15161720573524506,,,,,0.01967090554535389,0.006696297321468592
,imappo,,,,2612.0,0.0,0.0,0.3348148907371069,0.0,0.0,0.0,0.3333333432674408,0.0014815474696661113,0.0,0.0,0.0,0.0,0.0,,,,,,,
0.023667844012379646,imappo,9.168279575533234e-06,-2.0430984497070312,0.000215838612870957,2613.0,,,,,,,,,,,,,,0.15148382794264753,,,,,0.030237607657909393,0.006690963637083769
,imappo,,,,2613.0,0.0,0.0,0.33454813251247373,0.0,0.0,0.0,0.3333333432674408,0.0012147892450329323,0.0,0.0,0.0,0.0,0.0,,,,,,,
-0.004884487483650446,imappo,1.087139480659971e-05,-2.269120454788208,0.00021553851283761258,2614.0,,,,,,,,,,,,,,0.15135045015005,,,,,0.028687361627817154,0.006687425542622805
,imappo,,,,2614.0,0.0,0.0,0.3343712862781558,0.0,0.0,0.0,0.3333333432674408,0.0010379430107150256,0.0,0.0,0.0,0.0,0.0,,,,,,,
-0.0014292479027062654,imappo,0.002703591948375106,-2.5666263103485107,0.00021523841280426817,2615.0,,,,,,,,,,,,,,0.15121707235745246,,,,,0.025580383837223053,3.2940515666268766e-05
,imappo,,,,2615.0,0.0,0.0,0.0016470256764478108,0.0,0.0,0.0,0.0,0.0016470256764478108,0.0,0.0,0.0,0.0,0.0,,,,,,,
0.0420495942234993,imappo,0.00025989566347561777,-2.9423062801361084,0.00021493831277092366,2616.0,,,,,,,,,,,,,,0.15108369456485493,,,,,0.023056771606206894,0.006693226285278797
,imappo,,,,2616.0,0.0,0.0,0.33466130192664423,0.0,0.0,0.0,0.3333333432674408,0.001327958659203432,0.0,0.0,0.0,0.0,0.0,,,,,,,
0.0985049307346344,imappo,0.0003060219460166991,-2.8109443187713623,0.00021463821273757925,2617.0,,,,,,,,,,,,,,0.1509503167722574,,,,,0.019981343299150467,0.006693991832435131
,imappo,,,,2617.0,0.0,0.0,0.3346995887545745,0.0,0.0,0.0,0.3333333432674408,0.0013662454871337104,0.0,0.0,0.0,0.0,0.0,,,,,,,
-0.005932691507041454,imappo,0.001691970624960959,-1.3281834125518799,0.00021433811270423473,2618.0,,,,,,,,,,,,,,0.15081693897965986,,,,,0.025573767721652985,0.006691404618322849
,imappo,,,,2618.0,0.0,0.0,0.33457021435711454,0.0,0.0,0.0,0.3333333432674408,0.001236880541142682,0.0,0.0,0.0,0.0,0.0,,,,,,,
0.07521271705627441,imappo,0.000182379488251172,-3.093930721282959,0.00021403801267089032,2619.0,,,,,,,,,,,,,,0.15068356118706233,,,,,0.02801009826362133,0.0066888537257909775
,imappo,,,,2619.0,0.0,0.0,0.3344426907514162,0.0,0.0,0.0,0.3333333432674408,0.001109347483975398,0.0,0.0,0.0,0.0,0.0,,,,,,,
-0.002233481965959072,imappo,0.00040872409590519965,-1.3256607055664062,0.00021373791263754592,2620.0,,,,,,,,,,,,,,0.1505501833944648,,,,,0.02453942969441414,0.00669101532548666
,imappo,,,,2620.0,0.0,0.0,0.3345507847036515,0.0,0.0,0.0,0.3333333432674408,0.0012174479772966151,0.0,0.0,0.0,0.0,0.0,,,,,,,
-0.0014753352152183652,imappo,0.0022621608804911375,-1.1306331157684326,0.0002134378126042014,2621.0,,,,,,,,,,,,,,0.15041680560186727,,,,,0.022784404456615448,3.0874452932039276e-05
,imappo,,,,2621.0,0.0,0.0,0.001543722739597797,0.0,0.0,0.0,0.0,0.001543722739597797,0.0,0.0,0.0,0.0,0.0,,,,,,,
0.0008519631228409708,imappo,0.00017896282952278852,-1.387757420539856,0.000213137712570857,2622.0,,,,,,,,,,,,,,0.15028342780926973,,,,,0.02352983132004738,0.006690553855150938
,imappo,,,,2622.0,0.0,0.0,0.3345276855152406,0.0,0.0,0.0,0.3333333432674408,0.0011943340259676916,0.0,0.0,0.0,0.0,0.0,,,,,,,
0.0577012337744236,imappo,9.961296746041626e-05,-3.077817440032959,0.00021283761253751258,2623.0,,,,,,,,,,,,,,0.1501500500166722,,,,,0.01878061518073082,0.006695346906781197
,imappo,,,,2623.0,0.0,0.0,0.3347672963788142,0.0,0.0,0.0,0.3333333432674408,0.0014339531113733983,0.0,0.0,0.0,0.0,0.0,,,,,,,
0.019955594092607498,imappo,0.0020587744656950235,-2.8294296264648438,0.00021253751250416807,2624.0,,,,,,,,,,,,,,0.15001667222407467,,,,,0.024646414443850517,2.765140561677981e-05
,imappo,,,,2624.0,0.0,0.0,0.0013825702686940389,0.0,0.0,0.0,0.0,0.0013825702686940389,0.0,0.0,0.0,0.0,0.0,,,,,,,
0.03145093098282814,imappo,0.00030638702446594834,-2.3404791355133057,0.00021223741247082366,2625.0,,,,,,,,,,,,,,0.14988329443147713,,,,,0.029957417398691177,0.006691492162644863
,imappo,,,,2625.0,0.0,0.0,0.3345745668007112,0.0,0.0,0.0,0.3333333432674408,0.0012412235332703858,0.0,0.0,0.0,0.0,0.0,,,,,,,
0.05321018025279045,imappo,0.0003365136217325926,-2.5123555660247803,0.00021193731243747925,2626.0,,,,,,,,,,,,,,0.1497499166388796,,,,,0.028495345264673233,0.006692173890769482
,imappo,,,,2626.0,0.0,0.0,0.33460871885540655,0.0,0.0,0.0,0.3333333432674408,0.0012753755879657547,0.0,0.0,0.0,0.0,0.0,,,,,,,
0.005358328111469746,imappo,0.0003730264725163579,-2.2507026195526123,0.00021163721240413473,2627.0,,,,,,,,,,,,,,0.14961653884628207,,,,,0.028793856501579285,0.006691420450806618
,imappo,,,,2627.0,0.0,0.0,0.3345710009307936,0.0,0.0,0.0,0.3333333432674408,0.0012376576633528202,0.0,0.0,0.0,0.0,0.0,,,,,,,
-0.010405327193439007,imappo,0.0002500057453289628,-1.055501937866211,0.00021133711237079033,2628.0,,,,,,,,,,,,,,0.14948316105368453,,,,,0.032921746373176575,0.006690983194857836
,imappo,,,,2628.0,0.0,0.0,0.33454915527522644,0.0,0.0,0.0,0.3333333432674408,0.0012158120077856438,0.0,0.0,0.0,0.0,0.0,,,,,,,
0.0013172614853829145,imappo,8.121965220198035e-05,-2.3108556270599365,0.0002110370123374458,2629.0,,,,,,,,,,,,,,0.149349783261087,,,,,0.02786548063158989,0.0066910190507769585
,imappo,,,,2629.0,0.0,0.0,0.3345509156647495,0.0,0.0,0.0,0.3333333432674408,0.001217572397308686,0.0,0.0,0.0,0.0,0.0,,,,,,,
-0.0011210336815565825,imappo,5.3660012781620026e-05,-1.3386406898498535,0.0002107369123041014,2630.0,,,,,,,,,,,,,,0.14921640546848947,,,,,0.03776006028056145,0.006692416034638882
,imappo,,,,2630.0,0.0,0.0,0.3346207898227931,0.0,0.0,0.0,0.3333333432674408,0.0012874465553522896,0.0,0.0,0.0,0.0,0.0,,,,,,,
0.0007491542492061853,imappo,0.0002562421141192317,-1.4707013368606567,0.000210436812270757,2631.0,,,,,,,,,,,,,,0.14908302767589193,,,,,0.02197108045220375,0.0066883438266813755
,imappo,,,,2631.0,0.0,0.0,0.3344172128306582,0.0,0.0,0.0,0.3333333432674408,0.0010839033382126217,0.0,0.0,0.0,0.0,0.0,,,,,,,
0.05351320281624794,imappo,0.00023759203031659126,-3.3513216972351074,0.00021013671223741248,2632.0,,,,,,,,,,,,,,0.1489496498832944,,,,,0.023287326097488403,0.006697973236441612
,imappo,,,,2632.0,0.0,0.0,0.3348986607106781,0.0,0.0,0.0,0.3333333432674408,0.0015653174432372907,0.0,0.0,0.0,0.0,0.0,,,,,,,
0.0028257514350116253,imappo,8.219719165936112e-05,-1.084166169166565,0.00020983661220406807,2633.0,,,,,,,,,,,,,,0.14881627209069687,,,,,0.03062690794467926,0.006690786685794592
,imappo,,,,2633.0,0.0,0.0,0.334539328311223,0.0,0.0,0.0,0.3333333432674408,0.001205995557540973,0.0,0.0,0.0,0.0,0.0,,,,,,,
-0.0071721868589520454,imappo,7.883677608333528e-05,-1.8042939901351929,0.00020953651217072366,2634.0,,,,,,,,,,,,,,0.14868289429809933,,,,,0.02974005788564682,0.006692132912576199
,imappo,,,,2634.0,0.0,0.0,0.33460664529002315,0.0,0.0,0.0,0.3333333432674408,0.0012733020225823566,0.0,0.0,0.0,0.0,0.0,,,,,,,
0.014651131816208363,imappo,0.0030407605227082968,-2.536027193069458,0.00020923641213737914,2635.0,,,,,,,,,,,,,,0.1485495165055018,,,,,0.03115738555788994,2.9461045414791442e-05
,imappo,,,,2635.0,0.0,0.0,0.0014730523926118622,0.0,0.0,0.0,0.0,0.0014730523926118622,0.0,0.0,0.0,0.0,0.0,,,,,,,
0.03092828020453453,imappo,0.00029552917112596333,-2.4653544425964355,0.00020893631210403473,2636.0,,,,,,,,,,,,,,0.14841613871290427,,,,,0.02960999310016632,0.00669068144634366
,imappo,,,,2636.0,0.0,0.0,0.3345341002359419,0.0,0.0,0.0,0.3333333432674408,0.0012007669074591831,0.0,0.0,0.0,0.0,0.0,,,,,,,
0.0043450454249978065,imappo,0.00036105557228438556,-1.8769649267196655,0.00020863621207069033,2637.0,,,,,,,,,,,,,,0.1482827609203068,,,,,0.028768418356776237,0.006691442336887121
,imappo,,,,2637.0,0.0,0.0,0.3345720983320959,0.0,0.0,0.0,0.3333333432674408,0.0012387550646550949,0.0,0.0,0.0,0.0,0.0,,,,,,,
0.039514124393463135,imappo,0.0003229455614928156,-3.6017069816589355,0.0002083361120373458,2638.0,,,,,,,,,,,,,,0.1481493831277092,,,,,0.029115576297044754,0.0066906604915857315
,imappo,,,,2638.0,0.0,0.0,0.33453301442909833,0.0,0.0,0.0,0.3333333432674408,0.001199671161657534,0.0,0.0,0.0,0.0,0.0,,,,,,,
0.00992895569652319,imappo,0.0002918042882811278,-1.9436360597610474,0.0002080360120040014,2639.0,,,,,,,,,,,,,,0.14801600533511167,,,,,0.02771952748298645,0.006691479589790106
,imappo,,,,2639.0,0.0,0.0,0.3345739425658394,0.0,0.0,0.0,0.3333333432674408,0.0012405992983985925,0.0,0.0,0.0,0.0,0.0,,,,,,,
0.08239494264125824,imappo,0.0012792028719559312,-3.010713815689087,0.00020773591197065689,2640.0,,,,,,,,,,,,,,0.14788262754251413,,,,,0.023926734924316406,2.706244595174212e-05
,imappo,,,,2640.0,0.0,0.0,0.0013531223546578985,0.0,0.0,0.0,0.0,0.0013531223546578985,0.0,0.0,0.0,0.0,0.0,,,,,,,
-0.0067433142103254795,imappo,0.00027870608028024435,-2.1347899436950684,0.00020743581193731248,2641.0,,,,,,,,,,,,,,0.14774924974991666,,,,,0.030629504472017288,0.006689089350402355
,imappo,,,,2641.0,0.0,0.0,0.33445448611882966,0.0,0.0,0.0,0.3333333432674408,0.0011211428513888677,0.0,0.0,0.0,0.0,0.0,,,,,,,
0.0037433323450386524,imappo,0.00021504251344595104,-2.5245609283447266,0.00020713571190396807,2642.0,,,,,,,,,,,,,,0.14761587195731907,,,,,0.035251837223768234,0.006691905669867992
,imappo,,,,2642.0,0.0,0.0,0.3345952641193435,0.0,0.0,0.0,0.3333333432674408,0.001261920851902687,0.0,0.0,0.0,0.0,0.0,,,,,,,
-0.006835056934505701,imappo,0.0004312816308811307,-1.387307047843933,0.00020683561187062355,2643.0,,,,,,,,,,,,,,0.14748249416472153,,,,,0.0365014523267746,0.006691900081932545
,imappo,,,,2643.0,0.0,0.0,0.33459500910430506,0.0,0.0,0.0,0.3333333432674408,0.0012616658368642675,0.0,0.0,0.0,0.0,0.0,,,,,,,
-0.005548532120883465,imappo,5.0241676945006475e-05,-1.1266626119613647,0.00020653551183727914,2644.0,,,,,,,,,,,,,,0.147349116372124,,,,,0.030057132244110107,0.006688953842967749
,imappo,,,,2644.0,0.0,0.0,0.3344477060641111,0.0,0.0,0.0,0.3333333432674408,0.0011143598123908305,0.0,0.0,0.0,0.0,0.0,,,,,,,
0.0105751883238554,imappo,6.940557796042413e-05,-2.4287471771240234,0.00020623541180393474,2645.0,,,,,,,,,,,,,,0.14721573857952652,,,,,0.030470263212919235,0.006687226705253124
,imappo,,,,2645.0,0.0,0.0,0.33436141674246755,0.0,0.0,0.0,0.3333333432674408,0.0010280734750267584,0.0,0.0,0.0,0.0,0.0,,,,,,,
-0.005557373631745577,imappo,0.00010600357927614823,-2.1650562286376953,0.00020593531177059022,2646.0,,,,,,,,,,,,,,0.14708236078692893,,,,,0.02913331240415573,0.006689823232591152
,imappo,,,,2646.0,0.0,0.0,0.33449117535201367,0.0,0.0,0.0,0.3333333432674408,0.001157832084572874,0.0,0.0,0.0,0.0,0.0,,,,,,,
-0.005045730154961348,imappo,4.0098835597746074e-05,-1.06609046459198,0.0002056352117372458,2647.0,,,,,,,,,,,,,,0.1469489829943314,,,,,0.028947725892066956,0.006689669098705053
,imappo,,,,2647.0,0.0,0.0,0.33448345781835087,0.0,0.0,0.0,0.3333333432674408,0.0011501154349389253,0.0,0.0,0.0,0.0,0.0,,,,,,,
0.017525753006339073,imappo,5.933919965173118e-05,-2.299124002456665,0.0002053351117039013,2648.0,,,,,,,,,,,,,,0.14681560520173387,,,,,0.028309300541877747,0.006689955480396748
,imappo,,,,2648.0,0.0,0.0,0.33449772148514967,0.0,0.0,0.0,0.3333333432674408,0.0011643782177088724,0.0,0.0,0.0,0.0,0.0,,,,,,,
0.008999837562441826,imappo,4.094253745279275e-05,-2.294027805328369,0.0002050350116705569,2649.0,,,,,,,,,,,,,,0.1466822274091364,,,,,0.029644470661878586,0.00668746093288064
,imappo,,,,2649.0,0.0,0.0,0.3343730826263709,0.0,0.0,0.0,0.3333333432674408,0.0010397393589300918,0.0,0.0,0.0,0.0,0.0,,,,,,,
0.025018882006406784,imappo,3.542178092175163e-05,-2.5092031955718994,0.00020473491163721248,2650.0,,,,,,,,,,,,,,0.1465488496165388,,,,,0.029716849327087402,0.006688358727842569
,imappo,,,,2650.0,0.0,0.0,0.3344179688008353,0.0,0.0,0.0,0.3333333432674408,0.001084625533394501,0.0,0.0,0.0,0.0,0.0,,,,,,,
0.0063282763585448265,imappo,2.0139610569458455e-05,-2.044942617416382,0.00020443481160386796,2651.0,,,,,,,,,,,,,,0.14641547182394127,,,,,0.0286785289645195,0.006689469795674086
,imappo,,,,2651.0,0.0,0.0,0.3344734699953733,0.0,0.0,0.0,0.3333333432674408,0.0011401337783354393,0.0,0.0,0.0,0.0,0.0,,,,,,,
-0.0019300009589642286,imappo,1.1919149983441457e-05,-1.1973432302474976,0.00020413471157052355,2652.0,,,,,,,,,,,,,,0.1462820940313438,,,,,0.034378811717033386,0.006691183894872665
,imappo,,,,2652.0,0.0,0.0,0.33455916745842273,0.0,0.0,0.0,0.3333333432674408,0.001225824190981939,0.0,0.0,0.0,0.0,0.0,,,,,,,
0.0523114874958992,imappo,2.1359686797950417e-05,-3.140444040298462,0.00020383461153717915,2653.0,,,,,,,,,,,,,,0.14614871623874626,,,,,0.032099202275276184,0.006691411137580872
,imappo,,,,2653.0,0.0,0.0,0.3345705718481895,0.0,0.0,0.0,0.3333333432674408,0.001237228580748706,0.0,0.0,0.0,0.0,0.0,,,,,,,
0.07282532006502151,imappo,1.0897506399487611e-05,-2.386519432067871,0.00020353451150383463,2654.0,,,,,,,,,,,,,,0.14601533844614867,,,,,0.028964024037122726,0.0066875857301056385
,imappo,,,,2654.0,0.0,0.0,0.33437929020783486,0.0,0.0,0.0,0.3333333432674408,0.0010459469403940602,0.0,0.0,0.0,0.0,0.0,,,,,,,
-0.0038074280600994825,imappo,4.003464255220024e-06,-1.212453842163086,0.00020323441147049022,2655.0,,,,,,,,,,,,,,0.14588196065355113,,,,,0.033720165491104126,0.006690774112939835
,imappo,,,,2655.0,0.0,0.0,0.3345386577124714,0.0,0.0,0.0,0.3333333432674408,0.001205340201920535,0.0,0.0,0.0,0.0,0.0,,,,,,,
0.0012092882534489036,imappo,5.059154318587389e-06,-0.9448142647743225,0.0002029343114371458,2656.0,,,,,,,,,,,,,,0.14574858286095366,,,,,0.02918328531086445,0.006688329391181469
,imappo,,,,2656.0,0.0,0.0,0.33441645850052737,0.0,0.0,0.0,0.3333333432674408,0.0010831196677827393,0.0,0.0,0.0,0.0,0.0,,,,,,,
0.04127603769302368,imappo,1.4816293514741119e-05,-2.8486740589141846,0.0002026342114038013,2657.0,,,,,,,,,,,,,,0.14561520506835612,,,,,0.02981073409318924,0.006693930830806494
,imappo,,,,2657.0,0.0,0.0,0.33469652044050235,0.0,0.0,0.0,0.3333333432674408,0.0013631771730615583,0.0,0.0,0.0,0.0,0.0,,,,,,,
-0.009950840845704079,imappo,2.7223809411225375e-06,-1.2370671033859253,0.0002023341113704569,2658.0,,,,,,,,,,,,,,0.14548182727575854,,,,,0.032889559864997864,0.006690194830298424
,imappo,,,,2658.0,0.0,0.0,0.3345097113392512,0.0,0.0,0.0,0.3333333432674408,0.0011763874585994927,0.0,0.0,0.0,0.0,0.0,,,,,,,
0.030288757756352425,imappo,1.5588217138429172e-05,-2.4400393962860107,0.00020203401133711237,2659.0,,,,,,,,,,,,,,0.145348449483161,,,,,0.02446369081735611,0.0066925156861543655
,imappo,,,,2659.0,0.0,0.0,0.3346258131396098,0.0,0.0,0.0,0.3333333432674408,0.001292469872169022,0.0,0.0,0.0,0.0,0.0,,,,,,,
0.0718751773238182,imappo,6.728349944751244e-06,-2.623079299926758,0.00020173391130376796,2660.0,,,,,,,,,,,,,,0.14521507169056352,,,,,0.02919989824295044,0.006688954774290323
,imappo,,,,2660.0,0.0,0.0,0.33444770864707607,0.0,0.0,0.0,0.3333333432674408,0.0011143653796352737,0.0,0.0,0.0,0.0,0.0,,,,,,,
0.011178571730852127,imappo,8.480234100716189e-06,-2.7314155101776123,0.00020143381127042356,2661.0,,,,,,,,,,,,,,0.145081693897966,,,,,0.028571974486112595,0.00669398857280612
,imappo,,,,2661.0,0.0,0.0,0.3346994154094318,0.0,0.0,0.0,0.3333333432674408,0.001366072141991026,0.0,0.0,0.0,0.0,0.0,,,,,,,
-0.007475275546312332,imappo,4.033834557048976e-06,-1.814974308013916,0.00020113371123707904,2662.0,,,,,,,,,,,,,,0.1449483161053684,,,,,0.02998761460185051,0.006688131019473076
,imappo,,,,2662.0,0.0,0.0,0.33440656213099373,0.0,0.0,0.0,0.3333333432674408,0.0010732188635529383,0.0,0.0,0.0,0.0,0.0,,,,,,,
0.07867975533008575,imappo,5.6020844567683525e-06,-3.1696438789367676,0.00020083361120373452,2663.0,,,,,,,,,,,,,,0.14481493831277087,,,,,0.02291683852672577,0.006694627460092306
,imappo,,,,2663.0,0.0,0.0,0.33473137657802,0.0,0.0,0.0,0.3333333432674408,0.0013980333105791942,0.0,0.0,0.0,0.0,0.0,,,,,,,
0.07327240705490112,imappo,1.758523012540536e-06,-2.6187973022460938,0.00020053351117039022,2664.0,,,,,,,,,,,,,,0.1446815605201734,,,,,0.0287946704775095,0.006689347792416811
,imappo,,,,2664.0,0.0,0.0,0.33446740081308235,0.0,0.0,0.0,0.3333333432674408,0.0011340575456415536,0.0,0.0,0.0,0.0,0.0,,,,,,,
0.14955061674118042,imappo,2.37637300415372e-06,-2.9654345512390137,0.0002002334111370457,2665.0,,,,,,,,,,,,,,0.14454818272757586,,,,,0.021184289827942848,0.006694508250802755
,imappo,,,,2665.0,0.0,0.0,0.3347254122636514,0.0,0.0,0.0,0.3333333432674408,0.0013920689962105826,0.0,0.0,0.0,0.0,0.0,,,,,,,
0.016642911359667778,imappo,1.5614159565302543e-06,-3.183483123779297,0.0001999333111037013,2666.0,,,,,,,,,,,,,,0.14441480493497827,,,,,0.028889454901218414,0.006689397618174553
,imappo,,,,2666.0,0.0,0.0,0.3344699208832935,0.0,0.0,0.0,0.3333333432674408,0.001136547813530342,0.0,0.0,0.0,0.0,0.0,,,,,,,
0.002135997638106346,imappo,1.2400529385558912e-06,-2.734752893447876,0.0001996332110703569,2667.0,,,,,,,,,,,,,,0.1442814271423808,,,,,0.027189230546355247,0.006692525930702686
,imappo,,,,2667.0,0.0,0.0,0.3346262808734082,0.0,0.0,0.0,0.3333333432674408,0.0012929376059673814,0.0,0.0,0.0,0.0,0.0,,,,,,,
0.03270938992500305,imappo,3.512190005494631e-06,-2.087555170059204,0.00019933311103701237,2668.0,,,,,,,,,,,,,,0.14414804934978326,,,,,0.029601557180285454,0.006687607616186142
,imappo,,,,2668.0,0.0,0.0,0.334380368332285,0.0,0.0,0.0,0.3333333432674408,0.0010470250648442203,0.0,0.0,0.0,0.0,0.0,,,,,,,
-0.008637427352368832,imappo,7.916640242910944e-06,-1.241852045059204,0.00019903301100366796,2669.0,,,,,,,,,,,,,,0.14401467155718572,,,,,0.0333658829331398,0.006690996699035168
,imappo,,,,2669.0,0.0,0.0,0.3345498054532854,0.0,0.0,0.0,0.3333333432674408,0.0012164621858445912,0.0,0.0,0.0,0.0,0.0,,,,,,,
0.0009488718351349235,imappo,5.359850547392853e-06,-1.3133326768875122,0.00019873291097032345,2670.0,,,,,,,,,,,,,,0.14388129376458814,,,,,0.029075942933559418,0.006688590161502361
,imappo,,,,2670.0,0.0,0.0,0.33442951764800455,0.0,0.0,0.0,0.3333333432674408,0.0010961743805637525,0.0,0.0,0.0,0.0,0.0,,,,,,,
0.037268806248903275,imappo,1.5871105460973922e-06,-2.342296838760376,0.00019843281093697904,2671.0,,,,,,,,,,,,,,0.14374791597199066,,,,,0.026211831718683243,0.0066905575804412365
,imappo,,,,2671.0,0.0,0.0,0.33452784145629266,0.0,0.0,0.0,0.3333333432674408,0.0011944981888518669,0.0,0.0,0.0,0.0,0.0,,,,,,,
0.004622635897248983,imappo,1.4283365317169228e-06,-2.964176654815674,0.00019813271090363463,2672.0,,,,,,,,,,,,,,0.14361453817939313,,,,,0.027622442692518234,0.006686937063932419
,imappo,,,,2672.0,0.0,0.0,0.33434691599507005,0.0,0.0,0.0,0.3333333432674408,0.0010135727276292528,0.0,0.0,0.0,0.0,0.0,,,,,,,
0.02186586521565914,imappo,1.6300826928272727e-06,-2.0245320796966553,0.00019783261087029012,2673.0,,,,,,,,,,,,,,0.1434811603867956,,,,,0.03343812748789787,0.006689258385449648
,imappo,,,,2673.0,0.0,0.0,0.334462890822806,0.0,0.0,0.0,0.3333333432674408,0.0011295475553652068,0.0,0.0,0.0,0.0,0.0,,,,,,,
0.00670300517231226,imappo,1.43232750815514e-06,-2.4943156242370605,0.0001975325108369456,2674.0,,,,,,,,,,,,,,0.143347782594198,,,,,0.026360375806689262,0.006693058181554079
,imappo,,,,2674.0,0.0,0.0,0.33465289498599304,0.0,0.0,0.0,0.3333333432674408,0.0013195517185522476,0.0,0.0,0.0,0.0,0.0,,,,,,,
0.013852519914507866,imappo,1.2465094414437772e-06,-1.7028416395187378,0.0001972324108036013,2675.0,,,,,,,,,,,,,,0.14321440480160053,,,,,0.029047835618257523,0.006689104251563549
,imappo,,,,2675.0,0.0,0.0,0.3344551907234745,0.0,0.0,0.0,0.3333333432674408,0.0011218176537113322,0.0,0.0,0.0,0.0,0.0,,,,,,,
0.0030100685544312,imappo,3.6874614579573972e-06,-1.323838233947754,0.00019693231077025678,2676.0,,,,,,,,,,,,,,0.143081027009003,,,,,0.027289334684610367,0.006687972694635391
,imappo,,,,2676.0,0.0,0.0,0.3343985890096519,0.0,0.0,0.0,0.3333333432674408,0.0010652159398887306,0.0,0.0,0.0,0.0,0.0,,,,,,,
-0.00876601878553629,imappo,4.743625595438061e-06,-0.9009009599685669,0.00019663221073691237,2677.0,,,,,,,,,,,,,,0.14294764921640546,,,,,0.03013729304075241,0.006689263042062521
,imappo,,,,2677.0,0.0,0.0,0.3344631464296981,0.0,0.0,0.0,0.3333333432674408,0.0011298031622573035,0.0,0.0,0.0,0.0,0.0,,,,,,,
-0.002892114222049713,imappo,9.81369112196262e-07,-2.31650447845459,0.00019633211070356786,2678.0,,,,,,,,,,,,,,0.14281427142380787,,,,,0.02803068608045578,0.006688008084893227
,imappo,,,,2678.0,0.0,0.0,0.3344004182176832,0.0,0.0,0.0,0.3333333432674408,0.001067074950242386,0.0,0.0,0.0,0.0,0.0,,,,,,,
0.004164370708167553,imappo,1.8113227042704239e-06,-1.9342446327209473,0.00019603201067022345,2679.0,,,,,,,,,,,,,,0.1426808936312104,,,,,0.030427567660808563,0.006689993664622307
,imappo,,,,2679.0,0.0,0.0,0.33449974947143346,0.0,0.0,0.0,0.3333333432674408,0.0011664062039926648,0.0,0.0,0.0,0.0,0.0,,,,,,,
0.03151283785700798,imappo,8.248804306276725e-07,-1.9134002923965454,0.00019573191063687904,2680.0,,,,,,,,,,,,,,0.14254751583861286,,,,,0.02987772785127163,0.00668992567807436
,imappo,,,,2680.0,0.0,0.0,0.33449632572592236,0.0,0.0,0.0,0.3333333432674408,0.0011630026419879869,0.0,0.0,0.0,0.0,0.0,,,,,,,
-0.003766685025766492,imappo,2.2526985503645847e-06,-2.9291155338287354,0.00019543181060353452,2681.0,,,,,,,,,,,,,,0.14241413804601533,,,,,0.03166664391756058,0.0066899461671710014
,imappo,,,,2681.0,0.0,0.0,0.3344973202405299,0.0,0.0,0.0,0.3333333432674408,0.0011639769730891203,0.0,0.0,0.0,0.0,0.0,,,,,,,
0.09693509340286255,imappo,2.2538315533893183e-06,-2.8981525897979736,0.00019513171057019012,2682.0,,,,,,,,,,,,,,0.1422807602534178,,,,,0.030940378084778786,0.0066899508237838745
,imappo,,,,2682.0,0.0,0.0,0.33449751321791155,0.0,0.0,0.0,0.3333333432674408,0.0011641699504707503,0.0,0.0,0.0,0.0,0.0,,,,,,,
-0.008516577072441578,imappo,0.0024756984785199165,-1.014864444732666,0.0001948316105368457,2683.0,,,,,,,,,,,,,,0.14214738246082026,,,,,0.02358248457312584,2.77255785476882e-05
,imappo,,,,2683.0,0.0,0.0,0.0013862789051017899,0.0,0.0,0.0,0.0,0.0013862789051017899,0.0,0.0,0.0,0.0,0.0,,,,,,,
0.0005031721666455269,imappo,0.00014807257684879005,-1.6149091720581055,0.0001945315105035012,2684.0,,,,,,,,,,,,,,0.14201400466822273,,,,,0.030912749469280243,0.006687375251203775
,imappo,,,,2684.0,0.0,0.0,0.3343688090501473,0.0,0.0,0.0,0.3333333432674408,0.001035465782706524,0.0,0.0,0.0,0.0,0.0,,,,,,,
0.01097702793776989,imappo,0.00020452644093893468,-2.0021660327911377,0.00019423141047015668,2685.0,,,,,,,,,,,,,,0.1418806268756252,,,,,0.03271043300628662,0.006688977591693401
,imappo,,,,2685.0,0.0,0.0,0.3344489023610322,0.0,0.0,0.0,0.3333333432674408,0.0011155590935914006,0.0,0.0,0.0,0.0,0.0,,,,,,,
-0.0029378144536167383,imappo,0.0007005993975326419,-1.0178828239440918,0.00019393131043681238,2686.0,,,,,,,,,,,,,,0.14174724908302766,,,,,0.016775857657194138,2.675678661034908e-05
,imappo,,,,2686.0,0.0,0.0,0.0013378391718106286,0.0,0.0,0.0,0.0,0.0013378391718106286,0.0,0.0,0.0,0.0,0.0,,,,,,,
0.01871057227253914,imappo,0.0004969877190887928,-2.8990249633789062,0.00019363121040346786,2687.0,,,,,,,,,,,,,,0.14161387129043013,,,,,0.029639868065714836,0.00669066421687603
,imappo,,,,2687.0,0.0,0.0,0.3345332614289873,0.0,0.0,0.0,0.3333333432674408,0.0011999181615465204,0.0,0.0,0.0,0.0,0.0,,,,,,,
0.031889207661151886,imappo,0.00044121951214037836,-2.5361251831054688,0.00019333111037012345,2688.0,,,,,,,,,,,,,,0.1414804934978326,,,,,0.027912117540836334,0.0066953240893781185
,imappo,,,,2688.0,0.0,0.0,0.33476624409945543,0.0,0.0,0.0,0.3333333432674408,0.0014329008320146386,0.0,0.0,0.0,0.0,0.0,,,,,,,
0.02311122417449951,imappo,0.00027027729083783925,-1.8028671741485596,0.00019303101033677893,2689.0,,,,,,,,,,,,,,0.14134711570523506,,,,,0.02874329686164856,0.006688300985842943
,imappo,,,,2689.0,0.0,0.0,0.33441500986373285,0.0,0.0,0.0,0.3333333432674408,0.0010816963986144401,0.0,0.0,0.0,0.0,0.0,,,,,,,
0.001974889077246189,imappo,8.17235340946354e-05,-1.7884080410003662,0.00019273091030343453,2690.0,,,,,,,,,,,,,,0.14121373791263753,,,,,0.02852208912372589,0.006688283756375313
,imappo,,,,2690.0,0.0,0.0,0.3344141530260458,0.0,0.0,0.0,0.3333333432674408,0.001080809758605028,0.0,0.0,0.0,0.0,0.0,,,,,,,
-0.007006893865764141,imappo,2.971443609567359e-05,-1.8788470029830933,0.00019243081027009012,2691.0,,,,,,,,,,,,,,0.14108036012004,,,,,0.029870472848415375,0.006691053044050932
,imappo,,,,2691.0,0.0,0.0,0.334552675993109,0.0,0.0,0.0,0.3333333432674408,0.0012193327256682096,0.0,0.0,0.0,0.0,0.0,,,,,,,
-0.002797686494886875,imappo,0.00042662356281653047,-1.1091723442077637,0.0001921307102367456,2692.0,,,,,,,,,,,,,,0.14094698232744246,,,,,0.027988025918602943,0.006700547877699137
,imappo,,,,2692.0,0.0,0.0,0.3350273792065863,0.0,0.0,0.0,0.3333333432674408,0.0016940303221062436,0.0,0.0,0.0,0.0,0.0,,,,,,,
-0.005525758024305105,imappo,6.853852391941473e-05,-1.8545615673065186,0.00019183061020340108,2693.0,,,,,,,,,,,,,,0.14081360453484493,,,,,0.03014293685555458,0.006693401373922825
,imappo,,,,2693.0,0.0,0.0,0.33467006264459087,0.0,0.0,0.0,0.3333333432674408,0.0013366895748276875,0.0,0.0,0.0,0.0,0.0,,,,,,,
-0.004103570245206356,imappo,6.36851618764922e-05,-0.8870386481285095,0.00019153051017005678,2694.0,,,,,,,,,,,,,,0.1406802267422474,,,,,0.03134568780660629,0.006689992733299732
,imappo,,,,2694.0,0.0,0.0,0.334499649172443,0.0,0.0,0.0,0.3333333432674408,0.0011663059050022184,0.0,0.0,0.0,0.0,0.0,,,,,,,
0.0022328433115035295,imappo,6.237708294065669e-05,-2.2110679149627686,0.00019123041013671227,2695.0,,,,,,,,,,,,,,0.14054684894964986,,,,,0.02876901626586914,0.006689571775496006
,imappo,,,,2695.0,0.0,0.0,0.33447860034493715,0.0,0.0,0.0,0.3333333432674408,0.0011452570774963533,0.0,0.0,0.0,0.0,0.0,,,,,,,
0.001711198827251792,imappo,2.8106764148105867e-05,-1.1657822132110596,0.00019093031010336775,2696.0,,,,,,,,,,,,,,0.14041347115705233,,,,,0.028367817401885986,0.006689481902867556
,imappo,,,,2696.0,0.0,0.0,0.3344741109458482,0.0,0.0,0.0,0.3333333432674408,0.0011407676784074283,0.0,0.0,0.0,0.0,0.0,,,,,,,
0.012698487378656864,imappo,4.044754314236343e-05,-2.397465705871582,0.00019063021007002345,2697.0,,,,,,,,,,,,,,0.1402800933644548,,,,,0.026390064507722855,0.006694884970784187
,imappo,,,,2697.0,0.0,0.0,0.3347442557242175,0.0,0.0,0.0,0.3333333432674408,0.001410912456776714,0.0,0.0,0.0,0.0,0.0,,,,,,,
-0.0009772400371730328,imappo,2.0114657672820613e-05,-2.1628711223602295,0.00019033011003667894,2698.0,,,,,,,,,,,,,,0.14014671557185726,,,,,0.02769482508301735,0.006687455344945192
,imappo,,,,2698.0,0.0,0.0,0.33437278987003083,0.0,0.0,0.0,0.3333333432674408,0.0010394466025900329,0.0,0.0,0.0,0.0,0.0,,,,,,,
0.004931052681058645,imappo,1.3784849215880968e-05,-2.157156229019165,0.00019003001000333453,2699.0,,,,,,,,,,,,,,0.14001333777925973,,,,,0.027042757719755173,0.0066876765340566635
,imappo,,,,2699.0,0.0,0.0,0.33438377111929185,0.0,0.0,0.0,0.3333333432674408,0.0010503980495286669,0.0,0.0,0.0,0.0,0.0,,,,,,,
,imappo,,,,2699.0,,,,,,,,,,,,,,,0.0,0.0,0.0,0.0,,
-0.005494667682796717,imappo,0.0029344907961785793,-0.7551462054252625,0.00018972990996999,2700.0,,,,,,,,,,,,,,0.1398799599866622,,,,,0.024465415626764297,2.5604083930375054e-05
,imappo,,,,2700.0,0.0,0.0,0.0012802041416648535,0.0,0.0,0.0,0.0,0.0012802041416648535,0.0,0.0,0.0,0.0,0.0,,,,,,,
-0.002914794720709324,imappo,0.0013066401006653905,-0.9807255864143372,0.0001894298099366456,2701.0,,,,,,,,,,,,,,0.13974658219406466,,,,,0.013307439163327217,3.305284189991653e-05
,imappo,,,,2701.0,0.0,0.0,0.0016526418573050705,0.0,0.0,0.0,0.0,0.0016526418573050705,0.0,0.0,0.0,0.0,0.0,,,,,,,
0.017762912437319756,imappo,0.000634866941254586,-2.8006255626678467,0.0001891297099033012,2702.0,,,,,,,,,,,,,,0.13961320440146713,,,,,0.028686929494142532,0.006688989233225584
,imappo,,,,2702.0,0.0,0.0,0.3344495005657393,0.0,0.0,0.0,0.3333333432674408,0.0011161572982985035,0.0,0.0,0.0,0.0,0.0,,,,,,,
-0.004334577824920416,imappo,0.0005826412234455347,-0.8074730634689331,0.00018882960986995668,2703.0,,,,,,,,,,,,,,0.1394798266088696,,,,,0.020594531670212746,2.2573396563529968e-05
,imappo,,,,2703.0,0.0,0.0,0.0011286697663308587,0.0,0.0,0.0,0.0,0.0011286697663308587,0.0,0.0,0.0,0.0,0.0,,,,,,,
0.012786865234375,imappo,0.0008739813347347081,-1.6342854499816895,0.00018852950983661216,2704.0,,,,,,,,,,,,,,0.13934644881627206,,,,,0.03115100972354412,0.0066883196122944355
,imappo,,,,2704.0,0.0,0.0,0.33441595013573533,0.0,0.0,0.0,0.3333333432674408,0.0010825770659721456,0.0,0.0,0.0,0.0,0.0,,,,,,,
0.013401594944298267,imappo,0.0009130595717579126,-1.8772121667861938,0.00018822940980326786,2705.0,,,,,,,,,,,,,,0.13921307102367453,,,,,0.02908146008849144,0.006693245843052864
,imappo,,,,2705.0,0.0,0.0,0.33466223884715873,0.0,0.0,0.0,0.3333333432674408,0.001328895579717937,0.0,0.0,0.0,0.0,0.0,,,,,,,
0.007229891140013933,imappo,0.0006497433059848845,-2.0319230556488037,0.00018792930976992334,2706.0,,,,,,,,,,,,,,0.139079693231077,,,,,0.03341193497180939,0.006693658418953419
,imappo,,,,2706.0,0.0,0.0,0.33468288299445703,0.0,0.0,0.0,0.3333333432674408,0.0013495397270162357,0.0,0.0,0.0,0.0,0.0,,,,,,,
-0.002966181142255664,imappo,0.0005342722870409489,-2.209599494934082,0.00018762920973657883,2707.0,,,,,,,,,,,,,,0.13894631543847946,,,,,0.03646557033061981,2.0056968423887156e-05
,imappo,,,,2707.0,0.0,0.0,0.0010028483953732348,0.0,0.0,0.0,0.0,0.0010028483953732348,0.0,0.0,0.0,0.0,0.0,,,,,,,
0.005061432719230652,imappo,0.0030225571244955063,-1.1080377101898193,0.00018732910970323442,2708.0,,,,,,,,,,,,,,0.13881293764588193,,,,,0.028022509068250656,0.0067027779296040535
,imappo,,,,2708.0,0.0,0.0,0.3351389465593684,0.0,0.0,0.0,0.3333333432674408,0.0018056032919275822,0.0,0.0,0.0,0.0,0.0,,,,,,,
0.028707996010780334,imappo,0.00033092856756411493,-2.9153289794921875,0.00018702900966989,2709.0,,,,,,,,,,,,,,0.1386795598532844,,,,,0.0274377278983593,0.006693458184599876
,imappo,,,,2709.0,0.0,0.0,0.3346728948829423,0.0,0.0,0.0,0.3333333432674408,0.0013395814178238652,0.0,0.0,0.0,0.0,0.0,,,,,,,
0.02719270810484886,imappo,0.0001722640881780535,-1.8540102243423462,0.0001867289096365456,2710.0,,,,,,,,,,,,,,0.13854618206068686,,,,,0.02811487764120102,0.006685411557555199
,imappo,,,,2710.0,0.0,0.0,0.3342705762430427,0.0,0.0,0.0,0.3333333432674408,0.0009372329756018871,0.0,0.0,0.0,0.0,0.0,,,,,,,
-0.0066114068031311035,imappo,7.45285942684859e-05,-1.9729799032211304,0.0001864288096032011,2711.0,,,,,,,,,,,,,,0.13841280426808933,,,,,0.028291450813412666,0.006688032764941454
,imappo,,,,2711.0,0.0,0.0,0.33440164133799044,0.0,0.0,0.0,0.3333333432674408,0.0010682980705496448,0.0,0.0,0.0,0.0,0.0,,,,,,,
0.03304450586438179,imappo,5.490247713169083e-05,-1.9880725145339966,0.00018612870956985668,2712.0,,,,,,,,,,,,,,0.13827942647549185,,,,,0.02881777286529541,0.00668844161555171
,imappo,,,,2712.0,0.0,0.0,0.3344220259109534,0.0,0.0,0.0,0.3333333432674408,0.0010886528411901963,0.0,0.0,0.0,0.0,0.0,,,,,,,
0.003301158780232072,imappo,6.668231071671471e-05,-1.2600414752960205,0.00018582860953651227,2713.0,,,,,,,,,,,,,,0.13814604868289426,,,,,0.02815009094774723,0.0066886055283248425
,imappo,,,,2713.0,0.0,0.0,0.33443025272026716,0.0,0.0,0.0,0.3333333432674408,0.0010969094528263668,0.0,0.0,0.0,0.0,0.0,,,,,,,
-0.00592739088460803,imappo,0.0020384679082781076,-0.939359724521637,0.00018552850950316775,2714.0,,,,,,,,,,,,,,0.13801267089029673,,,,,0.022527873516082764,2.2528893168782815e-05
,imappo,,,,2714.0,0.0,0.0,0.0011264445916694399,0.0,0.0,0.0,0.0,0.0011264445916694399,0.0,0.0,0.0,0.0,0.0,,,,,,,
0.028055379167199135,imappo,9.336273797089234e-05,-1.8653353452682495,0.00018522840946982324,2715.0,,,,,,,,,,,,,,0.1378792930976992,,,,,0.02748848870396614,0.006683988496661186
,imappo,,,,2715.0,0.0,0.0,0.3341994750446702,0.0,0.0,0.0,0.3333333432674408,0.0008661019749069965,0.0,0.0,0.0,0.0,0.0,,,,,,,
0.015890704467892647,imappo,0.00013159579248167574,-2.095860481262207,0.00018492830943647894,2716.0,,,,,,,,,,,,,,0.13774591530510172,,,,,0.03259941190481186,0.006689243949949741
,imappo,,,,2716.0,0.0,0.0,0.3344621789158282,0.0,0.0,0.0,0.3333333432674408,0.001128835648387394,0.0,0.0,0.0,0.0,0.0,,,,,,,
0.02855020947754383,imappo,0.00014440038648899645,-2.9304206371307373,0.00018462820940313442,2717.0,,,,,,,,,,,,,,0.13761253751250413,,,,,0.024584494531154633,0.006693650037050247
,imappo,,,,2717.0,0.0,0.0,0.33468248670033063,0.0,0.0,0.0,0.3333333432674408,0.0013491434328898322,0.0,0.0,0.0,0.0,0.0,,,,,,,
-0.0005929189501330256,imappo,0.0007838535238988698,-2.5413355827331543,0.00018432810936979,2718.0,,,,,,,,,,,,,,0.1374791597199066,,,,,0.030690064653754234,2.6239695216645487e-05
,imappo,,,,2718.0,0.0,0.0,0.0013119846876179508,0.0,0.0,0.0,0.0,0.0013119846876179508,0.0,0.0,0.0,0.0,0.0,,,,,,,
-0.0007612576591782272,imappo,0.00037312519270926714,-1.0661826133728027,0.0001840280093364455,2719.0,,,,,,,,,,,,,,0.13734578192730906,,,,,0.017812516540288925,2.285811751789879e-05
,imappo,,,,2719.0,0.0,0.0,0.0011429058571366113,0.0,0.0,0.0,0.0,0.0011429058571366113,0.0,0.0,0.0,0.0,0.0,,,,,,,
-0.003765343688428402,imappo,0.00010438955359859392,-1.0940462350845337,0.0001837279093031011,2720.0,,,,,,,,,,,,,,0.13721240413471159,,,,,0.01724853925406933,1.9571816665120423e-05
,imappo,,,,2720.0,0.0,0.0,0.0009785908598587412,0.0,0.0,0.0,0.0,0.0009785908598587412,0.0,0.0,0.0,0.0,0.0,,,,,,,
0.027595894411206245,imappo,0.0013554127654060721,-1.6230590343475342,0.00018342780926975668,2721.0,,,,,,,,,,,,,,0.137079026342114,,,,,0.03211045265197754,0.00669334689155221
,imappo,,,,2721.0,0.0,0.0,0.33466736854313694,0.0,0.0,0.0,0.3333333432674408,0.001334032970021326,0.0,0.0,0.0,0.0,0.0,,,,,,,
0.04760707914829254,imappo,0.0008013159967958927,-2.6666247844696045,0.00018312770923641216,2722.0,,,,,,,,,,,,,,0.13694564854951646,,,,,0.02556883916258812,0.006698176730424166
,imappo,,,,2722.0,0.0,0.0,0.33490882723799587,0.0,0.0,0.0,0.3333333432674408,0.0015754839705550694,0.0,0.0,0.0,0.0,0.0,,,,,,,
0.014505152590572834,imappo,0.00037757016252726316,-2.431582450866699,0.00018282760920306765,2723.0,,,,,,,,,,,,,,0.13681227075691893,,,,,0.027097078040242195,0.006696383468806744
,imappo,,,,2723.0,0.0,0.0,0.3348191899021913,0.0,0.0,0.0,0.3333333432674408,0.0014858466347504873,0.0,0.0,0.0,0.0,0.0,,,,,,,
0.02101726271212101,imappo,0.00016905198572203517,-3.0879454612731934,0.00018252750916972335,2724.0,,,,,,,,,,,,,,0.13667889296432145,,,,,0.02765584923326969,0.006694524083286524
,imappo,,,,2724.0,0.0,0.0,0.3347262203774335,0.0,0.0,0.0,0.3333333432674408,0.0013928771099926962,0.0,0.0,0.0,0.0,0.0,,,,,,,
0.005110094323754311,imappo,0.00010550959996180609,-2.1814446449279785,0.00018222740913637883,2725.0,,,,,,,,,,,,,,0.13654551517172386,,,,,0.030922457575798035,0.006692222319543362
,imappo,,,,2725.0,0.0,0.0,0.3346111238058711,0.0,0.0,0.0,0.3333333432674408,0.0012777805384303065,0.0,0.0,0.0,0.0,0.0,,,,,,,
-0.004517094697803259,imappo,5.353138840291649e-05,-0.9624661207199097,0.00018192730910303431,2726.0,,,,,,,,,,,,,,0.13641213737912633,,,,,0.03131446987390518,0.006693062372505665
,imappo,,,,2726.0,0.0,0.0,0.33465307964911517,0.0,0.0,0.0,0.3333333432674408,0.0013197363816743746,0.0,0.0,0.0,0.0,0.0,,,,,,,
-0.004020584747195244,imappo,6.942973413970321e-05,-1.7769277095794678,0.00018162720906969001,2727.0,,,,,,,,,,,,,,0.13627875958652885,,,,,0.029704689979553223,0.006696943659335375
,imappo,,,,2727.0,0.0,0.0,0.33484718765680554,0.0,0.0,0.0,0.3333333432674408,0.001513844389364749,0.0,0.0,0.0,0.0,0.0,,,,,,,
0.019106917083263397,imappo,0.00010206190927419811,-2.4093732833862305,0.0001813271090363455,2728.0,,,,,,,,,,,,,,0.13614538179393132,,,,,0.02984718233346939,0.006691028364002705
,imappo,,,,2728.0,0.0,0.0,0.33455141320928306,0.0,0.0,0.0,0.3333333432674408,0.0012180699418422591,0.0,0.0,0.0,0.0,0.0,,,,,,,
0.008624972775578499,imappo,6.847768236184493e-05,-2.196617364883423,0.0001810270090030011,2729.0,,,,,,,,,,,,,,0.13601200400133373,,,,,0.028731301426887512,0.00669030612334609
,imappo,,,,2729.0,0.0,0.0,0.3345153495974955,0.0,0.0,0.0,0.3333333432674408,0.001182006330054719,0.0,0.0,0.0,0.0,0.0,,,,,,,
0.013842631131410599,imappo,0.002046082867309451,-2.4205148220062256,0.00018072690896965657,2730.0,,,,,,,,,,,,,,0.1358786262087362,,,,,0.032235030084848404,2.2097723558545113e-05
,imappo,,,,2730.0,0.0,0.0,0.001104886037921915,0.0,0.0,0.0,0.0,0.001104886037921915,0.0,0.0,0.0,0.0,0.0,,,,,,,
0.02144009619951248,imappo,0.0009235715842805803,-2.6897451877593994,0.00018042680893631217,2731.0,,,,,,,,,,,,,,0.13574524841613872,,,,,0.029566647484898567,2.4069704522844404e-05
,imappo,,,,2731.0,0.0,0.0,0.001203485205223842,0.0,0.0,0.0,0.0,0.001203485205223842,0.0,0.0,0.0,0.0,0.0,,,,,,,
0.0015906719490885735,imappo,0.0003782726707868278,-1.960965633392334,0.00018012670890296776,2732.0,,,,,,,,,,,,,,0.1356118706235412,,,,,0.029528051614761353,0.006690433248877525
,imappo,,,,2732.0,0.0,0.0,0.3345216344930577,0.0,0.0,0.0,0.3333333432674408,0.001188291225616922,0.0,0.0,0.0,0.0,0.0,,,,,,,
0.017290107905864716,imappo,0.0005409499281086028,-2.144794225692749,0.00017982660886962324,2733.0,,,,,,,,,,,,,,0.1354784928309436,,,,,0.028224676847457886,0.006688119377940893
,imappo,,,,2733.0,0.0,0.0,0.3344059333435325,0.0,0.0,0.0,0.3333333432674408,0.001072619878414116,0.0,0.0,0.0,0.0,0.0,,,,,,,
0.05127560719847679,imappo,0.0004215552762616426,-3.432063341140747,0.00017952650883627872,2734.0,,,,,,,,,,,,,,0.13534511503834606,,,,,0.02601131983101368,0.0066930921748280525
,imappo,,,,2734.0,0.0,0.0,0.33465454874203715,0.0,0.0,0.0,0.3333333432674408,0.0013212054745963542,0.0,0.0,0.0,0.0,0.0,,,,,,,
0.2449120432138443,imappo,0.00030722052906639874,-3.382126808166504,0.00017922640880293442,2735.0,,,,,,,,,,,,,,0.1352117372457486,,,,,0.025185689330101013,0.0066930572502315044
,imappo,,,,2735.0,0.0,0.0,0.33465284587509814,0.0,0.0,0.0,0.3333333432674408,0.0013195026076573413,0.0,0.0,0.0,0.0,0.0,,,,,,,
0.038831986486911774,imappo,0.00018821451521944255,-3.2690417766571045,0.0001789263087695899,2736.0,,,,,,,,,,,,,,0.13507835945315105,,,,,0.03135717660188675,0.006687700282782316
,imappo,,,,2736.0,0.0,0.0,0.3343850153269159,0.0,0.0,0.0,0.3333333432674408,0.001051672059475095,0.0,0.0,0.0,0.0,0.0,,,,,,,
0.0753583014011383,imappo,8.773340232437477e-05,-3.222503185272217,0.0001786262087362454,2737.0,,,,,,,,,,,,,,0.13494498166055346,,,,,0.03019680827856064,0.006687844172120094
,imappo,,,,2737.0,0.0,0.0,0.33439226016355406,0.0,0.0,0.0,0.3333333432674408,0.0010588870937908723,0.0,0.0,0.0,0.0,0.0,,,,,,,
-0.006505265831947327,imappo,3.8933194446144626e-05,-2.5320940017700195,0.00017832610870290098,2738.0,,,,,,,,,,,,,,0.13481160386795593,,,,,0.028230182826519012,0.006687669083476067
,imappo,,,,2738.0,0.0,0.0,0.3343834666059138,0.0,0.0,0.0,0.3333333432674408,0.0010501233384729858,0.0,0.0,0.0,0.0,0.0,,,,,,,
0.03830597177147865,imappo,1.9615330529632047e-05,-2.106464147567749,0.00017802600866955657,2739.0,,,,,,,,,,,,,,0.13467822607535845,,,,,0.027502652257680893,0.006687160115689039
,imappo,,,,2739.0,0.0,0.0,0.3343580142573046,0.0,0.0,0.0,0.3333333432674408,0.0010246709898638073,0.0,0.0,0.0,0.0,0.0,,,,,,,
0.00985528901219368,imappo,3.86778665415477e-05,-2.865955352783203,0.00017772590863621217,2740.0,,,,,,,,,,,,,,0.13454484828276092,,,,,0.02623680606484413,0.006693477742373943
,imappo,,,,2740.0,0.0,0.0,0.334673887835379,0.0,0.0,0.0,0.3333333432674408,0.0013405445679381955,0.0,0.0,0.0,0.0,0.0,,,,,,,
0.0021538930013775826,imappo,0.001447964576072991,-1.1630752086639404,0.00017742580860286765,2741.0,,,,,,,,,,,,,,0.13441147049016333,,,,,0.02077442593872547,2.7884945666301064e-05
,imappo,,,,2741.0,0.0,0.0,0.0013942473005670308,0.0,0.0,0.0,0.0,0.0013942473005670308,0.0,0.0,0.0,0.0,0.0,,,,,,,
-0.004271212033927441,imappo,4.926899782731198e-05,-1.1834537982940674,0.00017712570856952324,2742.0,,,,,,,,,,,,,,0.13427809269756585,,,,,0.03308866173028946,0.006689208559691906
,imappo,,,,2742.0,0.0,0.0,0.3344604244383049,0.0,0.0,0.0,0.3333333432674408,0.0011270811708641304,0.0,0.0,0.0,0.0,0.0,,,,,,,
0.033804960548877716,imappo,5.290172703098506e-05,-2.388989210128784,0.00017682560853617883,2743.0,,,,,,,,,,,,,,0.13414471490496832,,,,,0.02700294367969036,0.006687223445624113
,imappo,,,,2743.0,0.0,0.0,0.3343611449063246,0.0,0.0,0.0,0.3333333432674408,0.0010278314412062173,0.0,0.0,0.0,0.0,0.0,,,,,,,
0.037302810698747635,imappo,5.4656007705489174e-05,-2.8066091537475586,0.00017652550850283432,2744.0,,,,,,,,,,,,,,0.1340113371123708,,,,,0.027788300067186356,0.006688407156616449
,imappo,,,,2744.0,0.0,0.0,0.3344202971516097,0.0,0.0,0.0,0.3333333432674408,0.0010869538841689064,0.0,0.0,0.0,0.0,0.0,,,,,,,
0.023162391036748886,imappo,6.779455725336447e-05,-2.349250555038452,0.0001762254084694898,2745.0,,,,,,,,,,,,,,0.1338779593197732,,,,,0.02935734950006008,0.0066909585148096085
,imappo,,,,2745.0,0.0,0.0,0.3345479558220177,0.0,0.0,0.0,0.3333333432674408,0.0012146125545768882,0.0,0.0,0.0,0.0,0.0,,,,,,,
0.007143124006688595,imappo,5.9550482546910644e-05,-3.870678186416626,0.0001759253084361455,2746.0,,,,,,,,,,,,,,0.13374458152717572,,,,,0.025516875088214874,0.00669266888871789
,imappo,,,,2746.0,0.0,0.0,0.33463343318544503,0.0,0.0,0.0,0.3333333432674408,0.0013000899180042325,0.0,0.0,0.0,0.0,0.0,,,,,,,
-0.001047654659487307,imappo,3.63723847840447e-05,-2.0657505989074707,0.00017562520840280098,2747.0,,,,,,,,,,,,,,0.1336112037345782,,,,,0.029732488095760345,0.006691289134323597
,imappo,,,,2747.0,0.0,0.0,0.33456441342332255,0.0,0.0,0.0,0.3333333432674408,0.0012310701558817527,0.0,0.0,0.0,0.0,0.0,,,,,,,
0.0047457097098231316,imappo,0.0011299669276922941,-1.0890971422195435,0.00017532510836945647,2748.0,,,,,,,,,,,,,,0.13347782594198065,,,,,0.024085689336061478,1.9283035726402886e-05
,imappo,,,,2748.0,0.0,0.0,0.0009641517841174618,0.0,0.0,0.0,0.0,0.0009641517841174618,0.0,0.0,0.0,0.0,0.0,,,,,,,
-0.006288706324994564,imappo,0.0001682635920587927,-1.6507844924926758,0.00017502500833611206,2749.0,,,,,,,,,,,,,,0.13334444814938307,,,,,0.02776777744293213,0.006689199712127447
,imappo,,,,2749.0,0.0,0.0,0.33446002455457347,0.0,0.0,0.0,0.3333333432674408,0.0011266812871326692,0.0,0.0,0.0,0.0,0.0,,,,,,,
0.015314558520913124,imappo,0.00012736936332657933,-2.4780447483062744,0.00017472490830276765,2750.0,,,,,,,,,,,,,,0.1332110703567856,,,,,0.0291803739964962,0.006686859764158726
,imappo,,,,2750.0,0.0,0.0,0.33434298726251654,0.0,0.0,0.0,0.3333333432674408,0.0010096141927533608,0.0,0.0,0.0,0.0,0.0,,,,,,,
0.016254344955086708,imappo,0.0005728161777369678,-2.920919179916382,0.00017442480826942324,2751.0,,,,,,,,,,,,,,0.13307769256418805,,,,,0.027835341170430183,2.3426062398357317e-05
,imappo,,,,2751.0,0.0,0.0,0.0011713032070304052,0.0,0.0,0.0,0.0,0.0011713032070304052,0.0,0.0,0.0,0.0,0.0,,,,,,,
0.03564838320016861,imappo,0.00029289445956237614,-2.524735927581787,0.00017412470823607873,2752.0,,,,,,,,,,,,,,0.13294431477159052,,,,,0.02830399014055729,0.006686514243483543
,imappo,,,,2752.0,0.0,0.0,0.3343256984966274,0.0,0.0,0.0,0.3333333432674408,0.0009923552291866145,0.0,0.0,0.0,0.0,0.0,,,,,,,
0.027323158457875252,imappo,0.00018923741299659014,-2.1192991733551025,0.0001738246082027342,2753.0,,,,,,,,,,,,,,0.13281093697899293,,,,,0.030486781150102615,0.006685974076390266
,imappo,,,,2753.0,0.0,0.0,0.33429870635359293,0.0,0.0,0.0,0.3333333432674408,0.0009653630861521378,0.0,0.0,0.0,0.0,0.0,,,,,,,
0.03209191933274269,imappo,8.588314813096076e-05,-2.877403736114502,0.0001735245081693899,2754.0,,,,,,,,,,,,,,0.13267755918639546,,,,,0.02717295102775097,0.006688818335533142
,imappo,,,,2754.0,0.0,0.0,0.3344409340369907,0.0,0.0,0.0,0.3333333432674408,0.0011075907695499154,0.0,0.0,0.0,0.0,0.0,,,,,,,
-0.0012128250673413277,imappo,4.8179430450545624e-05,-2.2978038787841797,0.0001732244081360454,2755.0,,,,,,,,,,,,,,0.13254418139379792,,,,,0.028064029291272163,0.006684677209705114
,imappo,,,,2755.0,0.0,0.0,0.33423387630409707,0.0,0.0,0.0,0.3333333432674408,0.0009005330366562703,0.0,0.0,0.0,0.0,0.0,,,,,,,
-0.009390044026076794,imappo,0.0002184370532631874,-1.4237393140792847,0.00017292430810270088,2756.0,,,,,,,,,,,,,,0.1324108036012004,,,,,0.026539461687207222,0.006688554771244526
,imappo,,,,2756.0,0.0,0.0,0.33442776235051497,0.0,0.0,0.0,0.3333333432674408,0.0010944190830741718,0.0,0.0,0.0,0.0,0.0,,,,,,,
0.01384515780955553,imappo,0.00010752085654530674,-4.011056900024414,0.00017262420806935658,2757.0,,,,,,,,,,,,,,0.13227742580860286,,,,,0.023115213960409164,0.006693842820823193
,imappo,,,,2757.0,0.0,0.0,0.3346921482516336,0.0,0.0,0.0,0.3333333432674408,0.0013588049841928296,0.0,0.0,0.0,0.0,0.0,,,,,,,
0.005797665566205978,imappo,4.850166442338377e-05,-1.6943860054016113,0.00017232410803601206,2758.0,,,,,,,,,,,,,,0.13214404801600532,,,,,0.03577224165201187,0.00668764254078269
,imappo,,,,2758.0,0.0,0.0,0.33438212079227014,0.0,0.0,0.0,0.3333333432674408,0.0010487775248293474,0.0,0.0,0.0,0.0,0.0,,,,,,,
0.009438144974410534,imappo,0.0017468157457187772,-1.167073130607605,0.00017202400800266754,2759.0,,,,,,,,,,,,,,0.1320106702234078,,,,,0.023613927885890007,2.3247192075359635e-05
,imappo,,,,2759.0,0.0,0.0,0.0011623596359982002,0.0,0.0,0.0,0.0,0.0011623596359982002,0.0,0.0,0.0,0.0,0.0,,,,,,,
0.01898220367729664,imappo,0.00011760575580410659,-2.9838387966156006,0.00017172390796932314,2760.0,,,,,,,,,,,,,,0.13187729243081026,,,,,0.031323932111263275,0.006689147558063269
,imappo,,,,2760.0,0.0,0.0,0.33445732526195115,0.0,0.0,0.0,0.3333333432674408,0.001123981994510359,0.0,0.0,0.0,0.0,0.0,,,,,,,
-0.005802077706903219,imappo,0.00011153004015795887,-2.206836462020874,0.00017142380793597873,2761.0,,,,,,,,,,,,,,0.13174391463821272,,,,,0.02918994054198265,0.00669122813269496
,imappo,,,,2761.0,0.0,0.0,0.33456142045815795,0.0,0.0,0.0,0.3333333432674408,0.0012280816399652394,0.0,0.0,0.0,0.0,0.0,,,,,,,
0.037175826728343964,imappo,7.637680391781032e-05,-2.617694139480591,0.00017112370790263432,2762.0,,,,,,,,,,,,,,0.1316105368456152,,,,,0.028066391125321388,0.006690618582069874
,imappo,,,,2762.0,0.0,0.0,0.3345309113797157,0.0,0.0,0.0,0.3333333432674408,0.0011975681122748938,0.0,0.0,0.0,0.0,0.0,,,,,,,
0.04478523135185242,imappo,5.934185173828155e-05,-2.6891162395477295,0.0001708236078692898,2763.0,,,,,,,,,,,,,,0.13147715905301766,,,,,0.030055353417992592,0.006690324749797583
,imappo,,,,2763.0,0.0,0.0,0.33451620847517916,0.0,0.0,0.0,0.3333333432674408,0.0011828652077383595,0.0,0.0,0.0,0.0,0.0,,,,,,,
-0.0025395548436790705,imappo,3.8862504879944026e-05,-2.6401612758636475,0.0001705235078359453,2764.0,,,,,,,,,,,,,,0.13134378126042012,,,,,0.02737611159682274,0.006684445776045322
,imappo,,,,2764.0,0.0,0.0,0.33422229893949407,0.0,0.0,0.0,0.3333333432674408,0.000888955672053271,0.0,0.0,0.0,0.0,0.0,,,,,,,
0.05562126636505127,imappo,5.011167741031386e-05,-2.7652080059051514,0.000170223407802601,2765.0,,,,,,,,,,,,,,0.1312104034678226,,,,,0.027737438678741455,0.006687666289508343
,imappo,,,,2765.0,0.0,0.0,0.33438329019736557,0.0,0.0,0.0,0.3333333432674408,0.0010499469299247721,0.0,0.0,0.0,0.0,0.0,,,,,,,
-0.004412728361785412,imappo,5.438751031761058e-05,-2.3914856910705566,0.00016992330776925647,2766.0,,,,,,,,,,,,,,0.13107702567522506,,,,,0.030353426933288574,0.006685413885861635
,imappo,,,,2766.0,0.0,0.0,0.3342707130565259,0.0,0.0,0.0,0.3333333432674408,0.0009373697890850963,0.0,0.0,0.0,0.0,0.0,,,,,,,
0.004287007264792919,imappo,4.76941822853405e-05,-2.3674490451812744,0.00016962320773591195,2767.0,,,,,,,,,,,,,,0.13094364788262752,,,,,0.02824614942073822,0.006690715439617634
,imappo,,,,2767.0,0.0,0.0,0.33453575424027804,0.0,0.0,0.0,0.3333333432674408,0.0012024109728372423,0.0,0.0,0.0,0.0,0.0,,,,,,,
0.05467946082353592,imappo,5.968003097223118e-05,-3.825552463531494,0.00016932310770256755,2768.0,,,,,,,,,,,,,,0.13081027009003,,,,,0.029700536280870438,0.006691626273095608
,imappo,,,,2768.0,0.0,0.0,0.33458132427485054,0.0,0.0,0.0,0.3333333432674408,0.0012479810074097486,0.0,0.0,0.0,0.0,0.0,,,,,,,
0.01156076230108738,imappo,0.0010864443611353636,-3.136331081390381,0.00016902300766922314,2769.0,,,,,,,,,,,,,,0.13067689229743246,,,,,0.02884809859097004,2.2318707124213688e-05
,imappo,,,,2769.0,0.0,0.0,0.0011159353994116827,0.0,0.0,0.0,0.0,0.0011159353994116827,0.0,0.0,0.0,0.0,0.0,,,,,,,
0.011042237281799316,imappo,0.00014806719264015555,-1.9996799230575562,0.00016872290763587862,2770.0,,,,,,,,,,,,,,0.13054351450483492,,,,,0.03453407436609268,0.006686899811029434
,imappo,,,,2770.0,0.0,0.0,0.3343449752572951,0.0,0.0,0.0,0.3333333432674408,0.0010116319898543225,0.0,0.0,0.0,0.0,0.0,,,,,,,
-0.009106406010687351,imappo,0.0004221100825816393,-1.7284131050109863,0.0001684228076025342,2771.0,,,,,,,,,,,,,,0.1304101367122374,,,,,0.018639730289578438,2.608843169582542e-05
,imappo,,,,2771.0,0.0,0.0,0.0013044215901913958,0.0,0.0,0.0,0.0,0.0013044215901913958,0.0,0.0,0.0,0.0,0.0,,,,,,,
0.023322846740484238,imappo,0.0005719161708839238,-2.024268627166748,0.0001681227075691898,2772.0,,,,,,,,,,,,,,0.13027675891963986,,,,,0.03363259136676788,0.006686279084533453
,imappo,,,,2772.0,0.0,0.0,0.33431395485035864,0.0,0.0,0.0,0.3333333432674408,0.0009806115829178452,0.0,0.0,0.0,0.0,0.0,,,,,,,
0.027112245559692383,imappo,0.00026815925957635045,-2.7841968536376953,0.0001678226075358454,2773.0,,,,,,,,,,,,,,0.13014338112704232,,,,,0.02960672415792942,0.006689875852316618
,imappo,,,,2773.0,0.0,0.0,0.33449377509293754,0.0,0.0,0.0,0.3333333432674408,0.0011604318254967438,0.0,0.0,0.0,0.0,0.0,,,,,,,
0.09394507110118866,imappo,0.0001021174612105824,-3.839003801345825,0.00016752250750250088,2774.0,,,,,,,,,,,,,,0.1300100033344448,,,,,0.026395078748464584,0.006695041432976723
,imappo,,,,2774.0,0.0,0.0,0.3347520766456,0.0,0.0,0.0,0.3333333432674408,0.0014187333781592315,0.0,0.0,0.0,0.0,0.0,,,,,,,
0.011094019748270512,imappo,4.122010068385862e-05,-3.3678669929504395,0.00016722240746915636,2775.0,,,,,,,,,,,,,,0.12987662554184726,,,,,0.028243673965334892,0.006691643036901951
,imappo,,,,2775.0,0.0,0.0,0.33458220885654555,0.0,0.0,0.0,0.3333333432674408,0.0012488953914271406,0.0,0.0,0.0,0.0,0.0,,,,,,,
-0.0017678948352113366,imappo,0.0012420817511156201,-1.6205320358276367,0.00016692230743581206,2776.0,,,,,,,,,,,,,,0.12974324774924972,,,,,0.02028774656355381,1.8684715541894548e-05
,imappo,,,,2776.0,0.0,0.0,0.0009342358542028251,0.0,0.0,0.0,0.0,0.0009342358542028251,0.0,0.0,0.0,0.0,0.0,,,,,,,
0.00803020317107439,imappo,8.538425026927143e-05,-4.015380382537842,0.00016662220740246755,2777.0,,,,,,,,,,,,,,0.1296098699566522,,,,,0.02664293348789215,0.0066964151337742805
,imappo,,,,2777.0,0.0,0.0,0.3348207645403818,0.0,0.0,0.0,0.3333333432674408,0.001487421272940992,0.0,0.0,0.0,0.0,0.0,,,,,,,
0.049450937658548355,imappo,0.0005319564952515066,-3.3786427974700928,0.00016632210736912303,2778.0,,,,,,,,,,,,,,0.12947649216405466,,,,,0.027008067816495895,2.1776311768917367e-05
,imappo,,,,2778.0,0.0,0.0,0.0010888156521104975,0.0,0.0,0.0,0.0,0.0010888156521104975,0.0,0.0,0.0,0.0,0.0,,,,,,,
0.003744810353964567,imappo,0.00042285799281671643,-3.6624560356140137,0.00016602200733577862,2779.0,,,,,,,,,,,,,,0.12934311437145712,,,,,0.027894960716366768,0.00669315829873085
,imappo,,,,2779.0,0.0,0.0,0.3346578997245615,0.0,0.0,0.0,0.3333333432674408,0.001324556457120707,0.0,0.0,0.0,0.0,0.0,,,,,,,
0.0023606105241924524,imappo,0.0001667153264861554,-3.725309133529663,0.00016572190730243421,2780.0,,,,,,,,,,,,,,0.1292097365788596,,,,,0.029345190152525902,2.408254840702284e-05
,imappo,,,,2780.0,0.0,0.0,0.001204127354128559,0.0,0.0,0.0,0.0,0.001204127354128559,0.0,0.0,0.0,0.0,0.0,,,,,,,
0.030128896236419678,imappo,0.000668438384309411,-3.2198305130004883,0.0001654218072690897,2781.0,,,,,,,,,,,,,,0.12907635878626206,,,,,0.029460277408361435,0.006690264213830233
,imappo,,,,2781.0,0.0,0.0,0.334513216912228,0.0,0.0,0.0,0.3333333432674408,0.0011798736447872216,0.0,0.0,0.0,0.0,0.0,,,,,,,
0.18898709118366241,imappo,0.0003209912683814764,-4.442508697509766,0.0001651217072357453,2782.0,,,,,,,,,,,,,,0.12894298099366452,,,,,0.02983114868402481,0.006688858848065138
,imappo,,,,2782.0,0.0,0.0,0.33444296055154155,0.0,0.0,0.0,0.3333333432674408,0.0011096172841007501,0.0,0.0,0.0,0.0,0.0,,,,,,,
-0.003533937968313694,imappo,0.00010955402831314132,-1.8933275938034058,0.00016482160720240077,2783.0,,,,,,,,,,,,,,0.128809603201067,,,,,0.03215577453374863,0.00669041508808732
,imappo,,,,2783.0,0.0,0.0,0.3345207297597881,0.0,0.0,0.0,0.3333333432674408,0.0011873864923472865,0.0,0.0,0.0,0.0,0.0,,,,,,,
-0.0027339744847267866,imappo,0.0010952868033200502,-2.0828726291656494,0.00016452150716905647,2784.0,,,,,,,,,,,,,,0.12867622540846946,,,,,0.021035242825746536,2.1089585061417893e-05
,imappo,,,,2784.0,0.0,0.0,0.0010544793011035836,0.0,0.0,0.0,0.0,0.0010544793011035836,0.0,0.0,0.0,0.0,0.0,,,,,,,
0.04417967051267624,imappo,0.00013856840087100863,-3.8675029277801514,0.00016422140713571196,2785.0,,,,,,,,,,,,,,0.12854284761587192,,,,,0.027775507420301437,0.006690911017358303
,imappo,,,,2785.0,0.0,0.0,0.3345455523210603,0.0,0.0,0.0,0.3333333432674408,0.0012122090536195174,0.0,0.0,0.0,0.0,0.0,,,,,,,
0.003948295954614878,imappo,0.00014007794379722327,-2.3614728450775146,0.00016392130710236744,2786.0,,,,,,,,,,,,,,0.1284094698232744,,,,,0.028566982597112656,0.006690172478556633
,imappo,,,,2786.0,0.0,0.0,0.3345086169138085,0.0,0.0,0.0,0.3333333432674408,0.0011752736463677138,0.0,0.0,0.0,0.0,0.0,,,,,,,
-0.009315861389040947,imappo,0.00010236398520646617,-2.009850263595581,0.00016362120706902314,2787.0,,,,,,,,,,,,,,0.1282760920306769,,,,,0.031974032521247864,0.006685143802314997
,imappo,,,,2787.0,0.0,0.0,0.33425720653588087,0.0,0.0,0.0,0.3333333432674408,0.0009238632684400727,0.0,0.0,0.0,0.0,0.0,,,,,,,
0.05035136640071869,imappo,0.0007674196967855096,-3.2664284706115723,0.00016332110703567862,2788.0,,,,,,,,,,,,,,0.12814271423807932,,,,,0.025989379733800888,2.204920383519493e-05
,imappo,,,,2788.0,0.0,0.0,0.0011024602290490293,0.0,0.0,0.0,0.0,0.0011024602290490293,0.0,0.0,0.0,0.0,0.0,,,,,,,
0.080226369202137,imappo,0.00023562007118016481,-2.941084861755371,0.0001630210070023341,2789.0,,,,,,,,,,,,,,0.1280093364454818,,,,,0.03013528138399124,0.006691209506243467
,imappo,,,,2789.0,0.0,0.0,0.3345604912747149,0.0,0.0,0.0,0.3333333432674408,0.0012271778095964692,0.0,0.0,0.0,0.0,0.0,,,,,,,
0.002612078096717596,imappo,0.00020343197684269398,-3.3209123611450195,0.0001627209069689897,2790.0,,,,,,,,,,,,,,0.12787595865288426,,,,,0.03058835119009018,0.006689427420496941
,imappo,,,,2790.0,0.0,0.0,0.33447136632241836,0.0,0.0,0.0,0.3333333432674408,0.001138023054977566,0.0,0.0,0.0,0.0,0.0,,,,,,,
0.007459632586687803,imappo,0.00011727121454896405,-2.4253337383270264,0.0001624208069356453,2791.0,,,,,,,,,,,,,,0.12774258086028678,,,,,0.028453975915908813,0.006691957823932171
,imappo,,,,2791.0,0.0,0.0,0.3345979606988294,0.0,0.0,0.0,0.3333333432674408,0.001264617431388615,0.0,0.0,0.0,0.0,0.0,,,,,,,
0.12401317059993744,imappo,6.905318150529638e-05,-4.581173896789551,0.00016212070690230077,2792.0,,,,,,,,,,,,,,0.1276092030676892,,,,,0.02490347996354103,0.006692979484796524
,imappo,,,,2792.0,0.0,0.0,0.3346489321111221,0.0,0.0,0.0,0.3333333432674408,0.0013155888436813257,0.0,0.0,0.0,0.0,0.0,,,,,,,
0.01034698449075222,imappo,3.268896762165241e-05,-1.7300069332122803,0.00016182060686895637,2793.0,,,,,,,,,,,,,,0.12747582527509166,,,,,0.030698858201503754,0.006690694484859705
,imappo,,,,2793.0,0.0,0.0,0.33453476493633616,0.0,0.0,0.0,0.3333333432674408,0.0012014216688953638,0.0,0.0,0.0,0.0,0.0,,,,,,,
-0.0003892533713951707,imappo,0.0012917655985802412,-1.5445046424865723,0.00016152050683561185,2794.0,,,,,,,,,,,,,,0.12734244748249413,,,,,0.02141166478395462,2.0719633539556526e-05
,imappo,,,,2794.0,0.0,0.0,0.001035981719837764,0.0,0.0,0.0,0.0,0.001035981719837764,0.0,0.0,0.0,0.0,0.0,,,,,,,
0.015873784199357033,imappo,8.768856787355617e-05,-2.9929802417755127,0.00016122040680226755,2795.0,,,,,,,,,,,,,,0.12720906968989665,,,,,0.029908277094364166,0.006686459295451641
,imappo,,,,2795.0,0.0,0.0,0.3343229610164826,0.0,0.0,0.0,0.3333333432674408,0.0009896177490418268,0.0,0.0,0.0,0.0,0.0,,,,,,,
-0.007965503260493279,imappo,0.00010615440260153264,-2.160994529724121,0.00016092030676892303,2796.0,,,,,,,,,,,,,,0.12707569189729906,,,,,0.02863246574997902,0.006689099594950676
,imappo,,,,2796.0,0.0,0.0,0.3344549356343123,0.0,0.0,0.0,0.3333333432674408,0.0011215923668714822,0.0,0.0,0.0,0.0,0.0,,,,,,,
0.020423555746674538,imappo,0.0005092786159366369,-3.1844892501831055,0.00016062020673557852,2797.0,,,,,,,,,,,,,,0.12694231410470153,,,,,0.02443845570087433,2.124686216120608e-05
,imappo,,,,2797.0,0.0,0.0,0.0010623431271596928,0.0,0.0,0.0,0.0,0.0010623431271596928,0.0,0.0,0.0,0.0,0.0,,,,,,,
0.1566706746816635,imappo,0.000394952658098191,-4.137311935424805,0.0001603201067022341,2798.0,,,,,,,,,,,,,,0.126808936312104,,,,,0.031762778759002686,0.006688612513244152
,imappo,,,,2798.0,0.0,0.0,0.3344306325807338,0.0,0.0,0.0,0.3333333432674408,0.001097289313293004,0.0,0.0,0.0,0.0,0.0,,,,,,,
0.044471919536590576,imappo,0.00028100237250328064,-2.2175369262695312,0.0001600200066688897,2799.0,,,,,,,,,,,,,,0.12667555851950651,,,,,0.028389394283294678,0.0066897077485919
,imappo,,,,2799.0,0.0,0.0,0.3344853777680328,0.0,0.0,0.0,0.3333333432674408,0.0011520345005919808,0.0,0.0,0.0,0.0,0.0,,,,,,,
,imappo,,,,2799.0,,,,,,,,,,,,,,,0.0,0.0,0.0,0.0,,
0.021119462326169014,imappo,8.577661355957389e-05,-2.90543270111084,0.00015971990663554518,2800.0,,,,,,,,,,,,,,0.12654218072690893,,,,,0.028998134657740593,0.006688977591693401
,imappo,,,,2800.0,0.0,0.0,0.334448878051262,0.0,0.0,0.0,0.3333333432674408,0.001115504981498816,0.0,0.0,0.0,0.0,0.0,,,,,,,
-0.001058231689967215,imappo,3.503195694065653e-05,-2.769949436187744,0.00015941980660220078,2801.0,,,,,,,,,,,,,,0.1264088029343114,,,,,0.028782997280359268,0.006690690293908119
,imappo,,,,2801.0,0.0,0.0,0.33453454243772285,0.0,0.0,0.0,0.3333333432674408,0.0012011991702820524,0.0,0.0,0.0,0.0,0.0,,,,,,,
0.08041513711214066,imappo,4.398630335344933e-05,-3.9312002658843994,0.00015911970656885637,2802.0,,,,,,,,,,,,,,0.12627542514171392,,,,,0.030388645827770233,0.006687592249363661
,imappo,,,,2802.0,0.0,0.0,0.3343796284809173,0.0,0.0,0.0,0.3333333432674408,0.0010462554111541067,0.0,0.0,0.0,0.0,0.0,,,,,,,
0.024153325706720352,imappo,2.7726928237825632e-05,-2.7179455757141113,0.00015881960653551185,2803.0,,,,,,,,,,,,,,0.12614204734911638,,,,,0.02819352224469185,0.0066899508237838745
,imappo,,,,2803.0,0.0,0.0,0.33449756003119546,0.0,0.0,0.0,0.3333333432674408,0.0011642167637546663,0.0,0.0,0.0,0.0,0.0,,,,,,,
0.01196540892124176,imappo,1.8006418031291105e-05,-1.7920387983322144,0.00015851950650216744,2804.0,,,,,,,,,,,,,,0.1260086695565188,,,,,0.03246951475739479,0.006684466730803251
,imappo,,,,2804.0,0.0,0.0,0.3342233877472154,0.0,0.0,0.0,0.3333333432674408,0.0008900444797745877,0.0,0.0,0.0,0.0,0.0,,,,,,,
0.0029129963368177414,imappo,3.1754389056004584e-05,-3.526975393295288,0.00015821940646882293,2805.0,,,,,,,,,,,,,,0.12587529176392126,,,,,0.026528136804699898,0.006690883543342352
,imappo,,,,2805.0,0.0,0.0,0.3345441859082712,0.0,0.0,0.0,0.3333333432674408,0.0012108426408303785,0.0,0.0,0.0,0.0,0.0,,,,,,,
0.006104523781687021,imappo,2.5539102352922782e-05,-3.5660712718963623,0.00015791930643547863,2806.0,,,,,,,,,,,,,,0.12574191397132378,,,,,0.023253951221704483,0.0066927345469594
,imappo,,,,2806.0,0.0,0.0,0.33463672723701166,0.0,0.0,0.0,0.3333333432674408,0.0013033839695708593,0.0,0.0,0.0,0.0,0.0,,,,,,,
0.1254378855228424,imappo,2.0321680494816974e-05,-3.6221349239349365,0.0001576192064021341,2807.0,,,,,,,,,,,,,,0.12560853617872625,,,,,0.026721160858869553,0.006687307730317116
,imappo,,,,2807.0,0.0,0.0,0.33436542392428237,0.0,0.0,0.0,0.3333333432674408,0.001032080656841572,0.0,0.0,0.0,0.0,0.0,,,,,,,
0.011488022282719612,imappo,1.2475210496631917e-05,-2.7793400287628174,0.0001573191063687896,2808.0,,,,,,,,,,,,,,0.12547515838612866,,,,,0.033530522137880325,0.0066815875470638275
,imappo,,,,2808.0,0.0,0.0,0.3340793719312103,0.0,0.0,0.0,0.3333333432674408,0.0007460286637694935,0.0,0.0,0.0,0.0,0.0,,,,,,,
0.020733248442411423,imappo,8.01910300651798e-06,-2.704387903213501,0.00015701900633544518,2809.0,,,,,,,,,,,,,,0.12534178059353113,,,,,0.029019460082054138,0.006687978282570839
,imappo,,,,2809.0,0.0,0.0,0.33439891305786773,0.0,0.0,0.0,0.3333333432674408,0.0010655697904269346,0.0,0.0,0.0,0.0,0.0,,,,,,,
0.006842941045761108,imappo,6.796853085688781e-06,-2.043672800064087,0.00015671890630210078,2810.0,,,,,,,,,,,,,,0.12520840280093365,,,,,0.02842600829899311,0.006686965003609657
,imappo,,,,2810.0,0.0,0.0,0.33434824655387274,0.0,0.0,0.0,0.3333333432674408,0.0010149032864319452,0.0,0.0,0.0,0.0,0.0,,,,,,,
0.16226190328598022,imappo,7.090203780535376e-06,-3.3792452812194824,0.00015641880626875626,2811.0,,,,,,,,,,,,,,0.12507502500833612,,,,,0.027924541383981705,0.006686831824481487
,imappo,,,,2811.0,0.0,0.0,0.3343415716287268,0.0,0.0,0.0,0.3333333432674408,0.0010082581636083887,0.0,0.0,0.0,0.0,0.0,,,,,,,
0.05023611709475517,imappo,5.920960575167555e-06,-3.3893277645111084,0.00015611870623541185,2812.0,,,,,,,,,,,,,,0.12494164721573853,,,,,0.027650149539113045,0.006686158012598753
,imappo,,,,2812.0,0.0,0.0,0.3343078980747123,0.0,0.0,0.0,0.3333333432674408,0.0009745846095938759,0.0,0.0,0.0,0.0,0.0,,,,,,,
0.10087361186742783,imappo,4.79073787573725e-06,-2.85819935798645,0.00015581860620206734,2813.0,,,,,,,,,,,,,,0.124808269423141,,,,,0.02776062674820423,0.006684814114123583
,imappo,,,,2813.0,0.0,0.0,0.334240711653365,0.0,0.0,0.0,0.3333333432674408,0.000907368385924201,0.0,0.0,0.0,0.0,0.0,,,,,,,
0.3772141933441162,imappo,4.7337034629890695e-06,-4.062268257141113,0.00015551850616872293,2814.0,,,,,,,,,,,,,,0.12467489163054352,,,,,0.03132019191980362,0.006683818064630032
,imappo,,,,2814.0,0.0,0.0,0.334190898961765,0.0,0.0,0.0,0.3333333432674408,0.0008575556943242191,0.0,0.0,0.0,0.0,0.0,,,,,,,
0.017758237197995186,imappo,0.00151243491563946,-3.101740837097168,0.00015521840613537852,2815.0,,,,,,,,,,,,,,0.12454151383794598,,,,,0.02340833470225334,2.601159030746203e-05
,imappo,,,,2815.0,0.0,0.0,0.001300579509745603,0.0,0.0,0.0,0.0,0.001300579509745603,0.0,0.0,0.0,0.0,0.0,,,,,,,
-0.003671409795060754,imappo,7.316513801924884e-05,-1.874053716659546,0.000154918306102034,2816.0,,,,,,,,,,,,,,0.1244081360453484,,,,,0.0328972190618515,0.006685263477265835
,imappo,,,,2816.0,0.0,0.0,0.33426317348767043,0.0,0.0,0.0,0.3333333432674408,0.0009298302202296327,0.0,0.0,0.0,0.0,0.0,,,,,,,
0.0777149498462677,imappo,9.526145731797442e-05,-3.2962403297424316,0.0001546182060686897,2817.0,,,,,,,,,,,,,,0.12427475825275092,,,,,0.0262143537402153,0.006685333326458931
,imappo,,,,2817.0,0.0,0.0,0.3342666529897542,0.0,0.0,0.0,0.3333333432674408,0.0009333097223134246,0.0,0.0,0.0,0.0,0.0,,,,,,,
0.014364207163453102,imappo,0.0001389585668221116,-1.9623502492904663,0.00015431810603534519,2818.0,,,,,,,,,,,,,,0.12414138046015338,,,,,0.028352979570627213,0.006686402019113302
,imappo,,,,2818.0,0.0,0.0,0.33432007240116945,0.0,0.0,0.0,0.3333333432674408,0.0009867291337286588,0.0,0.0,0.0,0.0,0.0,,,,,,,
-0.005547655280679464,imappo,0.00010505257523618639,-1.938814640045166,0.00015401800600200067,2819.0,,,,,,,,,,,,,,0.12400800266755585,,,,,0.03220672905445099,0.006685114931315184
,imappo,,,,2819.0,0.0,0.0,0.33425573060242186,0.0,0.0,0.0,0.3333333432674408,0.0009223873349810674,0.0,0.0,0.0,0.0,0.0,,,,,,,
-0.006888153497129679,imappo,0.0007882060017436743,-1.4388915300369263,0.00015371790596865626,2820.0,,,,,,,,,,,,,,0.12387462487495826,,,,,0.02020123600959778,2.4658791517140344e-05
,imappo,,,,2820.0,0.0,0.0,0.0012329394684513773,0.0,0.0,0.0,0.0,0.0012329394684513773,0.0,0.0,0.0,0.0,0.0,,,,,,,
0.0031178314238786697,imappo,0.0005280901095829904,-1.4052937030792236,0.00015341780593531185,2821.0,,,,,,,,,,,,,,0.12374124708236078,,,,,0.019146734848618507,2.2858330339659005e-05
,imappo,,,,2821.0,0.0,0.0,0.001142916512122838,0.0,0.0,0.0,0.0,0.001142916512122838,0.0,0.0,0.0,0.0,0.0,,,,,,,
0.13716045022010803,imappo,0.0002256829902762547,-3.219928026199341,0.00015311770590196734,2822.0,,,,,,,,,,,,,,0.12360786928976325,,,,,0.03318537399172783,0.006688637658953667
,imappo,,,,2822.0,0.0,0.0,0.33443189846866517,0.0,0.0,0.0,0.3333333432674408,0.0010985552012243716,0.0,0.0,0.0,0.0,0.0,,,,,,,
0.007337865885347128,imappo,0.00019421929027885199,-2.2133891582489014,0.00015281760586862293,2823.0,,,,,,,,,,,,,,0.12347449149716572,,,,,0.02852710708975792,0.006692858412861824
,imappo,,,,2823.0,0.0,0.0,0.33464290420579346,0.0,0.0,0.0,0.3333333432674408,0.0013095907406750484,0.0,0.0,0.0,0.0,0.0,,,,,,,
0.03146205469965935,imappo,6.842664151918143e-05,-3.659611701965332,0.0001525175058352784,2824.0,,,,,,,,,,,,,,0.12334111370456813,,,,,0.02887914329767227,0.006696266122162342
,imappo,,,,2824.0,0.0,0.0,0.33481334542648256,0.0,0.0,0.0,0.3333333432674408,0.00148000215904176,0.0,0.0,0.0,0.0,0.0,,,,,,,
0.011801395565271378,imappo,4.44415163656231e-05,-3.247258186340332,0.000152217405801934,2825.0,,,,,,,,,,,,,,0.12320773591197065,,,,,0.031066853553056717,0.0066909571178257465
,imappo,,,,2825.0,0.0,0.0,0.33454786520542257,0.0,0.0,0.0,0.3333333432674408,0.0012145219379817718,0.0,0.0,0.0,0.0,0.0,,,,,,,
0.025100816041231155,imappo,4.000226181233302e-05,-4.204768180847168,0.0001519173057685896,2826.0,,,,,,,,,,,,,,0.12307435811937312,,,,,0.025390898808836937,0.00669471500441432
,imappo,,,,2826.0,0.0,0.0,0.33473570631758776,0.0,0.0,0.0,0.3333333432674408,0.0014023630501469597,0.0,0.0,0.0,0.0,0.0,,,,,,,
0.014985685236752033,imappo,0.0005472207558341324,-1.6963213682174683,0.00015161720573524508,2827.0,,,,,,,,,,,,,,0.12294098032677558,,,,,0.030257757753133774,0.006696705706417561
,imappo,,,,2827.0,0.0,0.0,0.3348352852876815,0.0,0.0,0.0,0.3333333432674408,0.0015019420202406764,0.0,0.0,0.0,0.0,0.0,,,,,,,
0.0010686907917261124,imappo,3.740671309060417e-05,-3.466601610183716,0.00015131710570190067,2828.0,,,,,,,,,,,,,,0.122807602534178,,,,,0.02483116276562214,0.006689297966659069
,imappo,,,,2828.0,0.0,0.0,0.334464895322526,0.0,0.0,0.0,0.3333333432674408,0.0011315520550851943,0.0,0.0,0.0,0.0,0.0,,,,,,,
0.02465350739657879,imappo,0.0015664377715438604,-3.4274959564208984,0.00015101700566855626,2829.0,,,,,,,,,,,,,,0.12267422474158052,,,,,0.030734803527593613,2.3119851903175004e-05
,imappo,,,,2829.0,0.0,0.0,0.0011559925742972155,0.0,0.0,0.0,0.0,0.0011559925742972155,0.0,0.0,0.0,0.0,0.0,,,,,,,
0.046467192471027374,imappo,8.240502211265266e-05,-3.4421000480651855,0.00015071690563521175,2830.0,,,,,,,,,,,,,,0.12254084694898298,,,,,0.023504208773374557,0.006688582710921764
,imappo,,,,2830.0,0.0,0.0,0.33442912242662715,0.0,0.0,0.0,0.3333333432674408,0.0010957791591863497,0.0,0.0,0.0,0.0,0.0,,,,,,,
0.10581367462873459,imappo,6.734938506269827e-05,-3.6079792976379395,0.00015041680560186734,2831.0,,,,,,,,,,,,,,0.12240746915638545,,,,,0.022325776517391205,0.006691755726933479
,imappo,,,,2831.0,0.0,0.0,0.33458778128442646,0.0,0.0,0.0,0.3333333432674408,0.0012544380169856595,0.0,0.0,0.0,0.0,0.0,,,,,,,
0.007538044825196266,imappo,4.894204539596103e-05,-3.208669900894165,0.00015011670556852293,2832.0,,,,,,,,,,,,,,0.12227409136378792,,,,,0.030723469331860542,0.006686244625598192
,imappo,,,,2832.0,0.0,0.0,0.33431227143273645,0.0,0.0,0.0,0.3333333432674408,0.000978928165295656,0.0,0.0,0.0,0.0,0.0,,,,,,,
0.023486673831939697,imappo,5.002852049074136e-05,-3.392981767654419,0.0001498166055351784,2833.0,,,,,,,,,,,,,,0.12214071357119038,,,,,0.021400485187768936,0.006689001340419054
,imappo,,,,2833.0,0.0,0.0,0.3344500704092752,0.0,0.0,0.0,0.3333333432674408,0.0011167271418344171,0.0,0.0,0.0,0.0,0.0,,,,,,,
0.0007462864159606397,imappo,0.0005619767471216619,-1.6265828609466553,0.000149516505501834,2834.0,,,,,,,,,,,,,,0.12200733577859285,,,,,0.02560342475771904,2.5349509087391198e-05
,imappo,,,,2834.0,0.0,0.0,0.0012674753387642568,0.0,0.0,0.0,0.0,0.0012674753387642568,0.0,0.0,0.0,0.0,0.0,,,,,,,
0.014582032337784767,imappo,0.0001896396279335022,-2.1146764755249023,0.0001492164054684895,2835.0,,,,,,,,,,,,,,0.12187395798599532,,,,,0.03120795264840126,0.006683754734694958
,imappo,,,,2835.0,0.0,0.0,0.3341876770982708,0.0,0.0,0.0,0.3333333432674408,0.0008543338308300008,0.0,0.0,0.0,0.0,0.0,,,,,,,
0.04696386680006981,imappo,0.00016971286095213145,-3.3760926723480225,0.0001489163054351452,2836.0,,,,,,,,,,,,,,0.12174058019339778,,,,,0.027063023298978806,0.006690171547234058
,imappo,,,,2836.0,0.0,0.0,0.33450854995680857,0.0,0.0,0.0,0.3333333432674408,0.0011752066893677693,0.0,0.0,0.0,0.0,0.0,,,,,,,
0.013211837969720364,imappo,0.00031665436108596623,-2.839993476867676,0.00014861620540180067,2837.0,,,,,,,,,,,,,,0.12160720240080025,,,,,0.02435956336557865,2.4888284315238707e-05
,imappo,,,,2837.0,0.0,0.0,0.0012444141545984166,0.0,0.0,0.0,0.0,0.0012444141545984166,0.0,0.0,0.0,0.0,0.0,,,,,,,
0.03887695446610451,imappo,0.00022491706477012485,-2.504051923751831,0.00014831610536845616,2838.0,,,,,,,,,,,,,,0.12147382460820272,,,,,0.028225842863321304,0.006686898414045572
,imappo,,,,2838.0,0.0,0.0,0.33434487292248605,0.0,0.0,0.0,0.3333333432674408,0.0010115296550452513,0.0,0.0,0.0,0.0,0.0,,,,,,,
-0.005468921735882759,imappo,0.0002530468918848783,-1.160850167274475,0.00014801600533511175,2839.0,,,,,,,,,,,,,,0.12134044681560519,,,,,0.018026290461421013,2.1254913008306175e-05
,imappo,,,,2839.0,0.0,0.0,0.0010627457505574256,0.0,0.0,0.0,0.0,0.0010627457505574256,0.0,0.0,0.0,0.0,0.0,,,,,,,
0.0125051848590374,imappo,0.00018586928490549326,-1.9693156480789185,0.00014771590530176734,2840.0,,,,,,,,,,,,,,0.12120706902300765,,,,,0.026764053851366043,0.006689130794256926
,imappo,,,,2840.0,0.0,0.0,0.33445654905517586,0.0,0.0,0.0,0.3333333432674408,0.0011231759854126722,0.0,0.0,0.0,0.0,0.0,,,,,,,
0.10325827449560165,imappo,9.889407374430448e-05,-3.7850801944732666,0.00014741580526842282,2841.0,,,,,,,,,,,,,,0.12107369123041012,,,,,0.03300702944397926,0.006686720065772533
,imappo,,,,2841.0,0.0,0.0,0.33433601763286447,0.0,0.0,0.0,0.3333333432674408,0.0010026743654236725,0.0,0.0,0.0,0.0,0.0,,,,,,,
0.015536889433860779,imappo,0.0004991002497263253,-2.928802728652954,0.00014711570523507841,2842.0,,,,,,,,,,,,,,0.12094031343781259,,,,,0.023019295185804367,1.8160282706958242e-05
,imappo,,,,2842.0,0.0,0.0,0.0009080140683863647,0.0,0.0,0.0,0.0,0.0009080140683863647,0.0,0.0,0.0,0.0,0.0,,,,,,,
0.0009316969662904739,imappo,0.00014576087414752692,-2.964401960372925,0.0001468156052017339,2843.0,,,,,,,,,,,,,,0.12080693564521505,,,,,0.027443639934062958,0.006690050940960646
,imappo,,,,2843.0,0.0,0.0,0.3345025295652704,0.0,0.0,0.0,0.3333333432674408,0.0011691564955071954,0.0,0.0,0.0,0.0,0.0,,,,,,,
0.10103350877761841,imappo,0.0001260861026821658,-3.881692409515381,0.0001465155051683895,2844.0,,,,,,,,,,,,,,0.12067355785261752,,,,,0.031459324061870575,0.006687193643301725
,imappo,,,,2844.0,0.0,0.0,0.33435968121118265,0.0,0.0,0.0,0.3333333432674408,0.0010263379437418507,0.0,0.0,0.0,0.0,0.0,,,,,,,
0.12219330668449402,imappo,7.952780288178474e-05,-3.891566276550293,0.00014621540513504508,2845.0,,,,,,,,,,,,,,0.12054018006001999,,,,,0.03052375465631485,0.006686447188258171
,imappo,,,,2845.0,0.0,0.0,0.33432235442086267,0.0,0.0,0.0,0.3333333432674408,0.000989040955744258,0.0,0.0,0.0,0.0,0.0,,,,,,,
0.08136650174856186,imappo,4.998022996005602e-05,-3.7303833961486816,0.00014591530510170056,2846.0,,,,,,,,,,,,,,0.12040680226742245,,,,,0.029942650347948074,0.006685921922326088
,imappo,,,,2846.0,0.0,0.0,0.334296110519972,0.0,0.0,0.0,0.3333333432674408,0.0009627672525311937,0.0,0.0,0.0,0.0,0.0,,,,,,,
0.02094884216785431,imappo,3.6402259866008535e-05,-3.402517080307007,0.00014561520506835627,2847.0,,,,,,,,,,,,,,0.12027342447482492,,,,,0.026272989809513092,0.006691814865916967
,imappo,,,,2847.0,0.0,0.0,0.33459070210119535,0.0,0.0,0.0,0.3333333432674408,0.0012573588337545516,0.0,0.0,0.0,0.0,0.0,,,,,,,
0.02632054314017296,imappo,2.0171401047264226e-05,-2.540938377380371,0.00014531510503501175,2848.0,,,,,,,,,,,,,,0.12014004668222739,,,,,0.029149934649467468,0.0066838557831943035
,imappo,,,,2848.0,0.0,0.0,0.33419278688695897,0.0,0.0,0.0,0.3333333432674408,0.0008594436195181743,0.0,0.0,0.0,0.0,0.0,,,,,,,
0.01657150126993656,imappo,2.65888429566985e-05,-2.964294910430908,0.00014501500500166723,2849.0,,,,,,,,,,,,,,0.12000666888962985,,,,,0.030546095222234726,0.006688612047582865
,imappo,,,,2849.0,0.0,0.0,0.33443065814572037,0.0,0.0,0.0,0.3333333432674408,0.001097314878279576,0.0,0.0,0.0,0.0,0.0,,,,,,,
0.04034395143389702,imappo,1.984172558877617e-05,-2.6291539669036865,0.00014471490496832282,2850.0,,,,,,,,,,,,,,0.11987329109703232,,,,,0.03222447633743286,0.006686815991997719
,imappo,,,,2850.0,0.0,0.0,0.3343408352834558,0.0,0.0,0.0,0.3333333432674408,0.0010074920160150214,0.0,0.0,0.0,0.0,0.0,,,,,,,
0.001576645183376968,imappo,1.3500793102139141e-05,-1.436081051826477,0.00014441480493497842,2851.0,,,,,,,,,,,,,,0.11973991330443479,,,,,0.03194132819771767,0.0066886949352920055
,imappo,,,,2851.0,0.0,0.0,0.3344347418401412,0.0,0.0,0.0,0.3333333432674408,0.0011013985727004183,0.0,0.0,0.0,0.0,0.0,,,,,,,
-0.001690664328634739,imappo,1.2691235497186426e-05,-2.1476995944976807,0.0001441147049016339,2852.0,,,,,,,,,,,,,,0.11960653551183725,,,,,0.026657024398446083,0.006686979904770851
,imappo,,,,2852.0,0.0,0.0,0.33434900973361437,0.0,0.0,0.0,0.3333333432674408,0.0010156664661735704,0.0,0.0,0.0,0.0,0.0,,,,,,,
0.044129014015197754,imappo,1.1967831596848555e-05,-2.6206676959991455,0.0001438146048682895,2853.0,,,,,,,,,,,,,,0.11947315771923972,,,,,0.02735133282840252,0.0066862995736300945
,imappo,,,,2853.0,0.0,0.0,0.3343149823990643,0.0,0.0,0.0,0.3333333432674408,0.000981639131623524,0.0,0.0,0.0,0.0,0.0,,,,,,,
0.06665250658988953,imappo,1.719407009659335e-05,-3.962204694747925,0.00014351450483494497,2854.0,,,,,,,,,,,,,,0.11933977992664219,,,,,0.028125662356615067,0.006688573397696018
,imappo,,,,2854.0,0.0,0.0,0.3344286720130185,0.0,0.0,0.0,0.3333333432674408,0.0010953287455777172,0.0,0.0,0.0,0.0,0.0,,,,,,,
0.018085749819874763,imappo,1.4374048078025226e-05,-3.424180030822754,0.00014321440480160057,2855.0,,,,,,,,,,,,,,0.11920640213404465,,,,,0.025953926146030426,0.006690016947686672
,imappo,,,,2855.0,0.0,0.0,0.3345008884375602,0.0,0.0,0.0,0.3333333432674408,0.0011675451701194106,0.0,0.0,0.0,0.0,0.0,,,,,,,
0.09204636514186859,imappo,1.1573434676392935e-05,-3.8686766624450684,0.00014291430476825616,2856.0,,,,,,,,,,,,,,0.11907302434144712,,,,,0.029592091217637062,0.006684415508061647
,imappo,,,,2856.0,0.0,0.0,0.3342208243307141,0.0,0.0,0.0,0.3333333432674408,0.0008874810632732988,0.0,0.0,0.0,0.0,0.0,,,,,,,
0.007279117126017809,imappo,8.24305425339844e-06,-2.4630625247955322,0.00014261420473491164,2857.0,,,,,,,,,,,,,,0.11893964654884959,,,,,0.027179986238479614,0.0066859363578259945
,imappo,,,,2857.0,0.0,0.0,0.33429682616262824,0.0,0.0,0.0,0.3333333432674408,0.0009634828951874397,0.0,0.0,0.0,0.0,0.0,,,,,,,
0.014936483465135098,imappo,0.0009948811493813992,-3.2795956134796143,0.00014231410470156723,2858.0,,,,,,,,,,,,,,0.11880626875625205,,,,,0.02762581594288349,2.123436934198253e-05
,imappo,,,,2858.0,0.0,0.0,0.0010617184202601493,0.0,0.0,0.0,0.0,0.0010617184202601493,0.0,0.0,0.0,0.0,0.0,,,,,,,
0.005488517694175243,imappo,5.813338793814182e-05,-2.4925153255462646,0.00014201400466822283,2859.0,,,,,,,,,,,,,,0.11867289096365452,,,,,0.031244996935129166,0.0066860574297606945
,imappo,,,,2859.0,0.0,0.0,0.3343028861995663,0.0,0.0,0.0,0.3333333432674408,0.0009695429321254778,0.0,0.0,0.0,0.0,0.0,,,,,,,
0.025487510487437248,imappo,0.00011221889144508168,-3.186649799346924,0.0001417139046348783,2860.0,,,,,,,,,,,,,,0.11853951317105699,,,,,0.023487595841288567,0.006690201815217733
,imappo,,,,2860.0,0.0,0.0,0.3345101580271148,0.0,0.0,0.0,0.3333333432674408,0.0011768147596740164,0.0,0.0,0.0,0.0,0.0,,,,,,,
0.06963369250297546,imappo,0.00010523504897719249,-3.7517809867858887,0.0001414138046015339,2861.0,,,,,,,,,,,,,,0.11840613537845945,,,,,0.028392057865858078,0.006683683022856712
,imappo,,,,2861.0,0.0,0.0,0.33418413971276095,0.0,0.0,0.0,0.3333333432674408,0.0008507964453201566,0.0,0.0,0.0,0.0,0.0,,,,,,,
0.07547063380479813,imappo,5.628377039101906e-05,-3.2040185928344727,0.0001411137045681895,2862.0,,,,,,,,,,,,,,0.11827275758586198,,,,,0.022575493901968002,0.006690531969070435
,imappo,,,,2862.0,0.0,0.0,0.3345266028745755,0.0,0.0,0.0,0.3333333432674408,0.001193259607134678,0.0,0.0,0.0,0.0,0.0,,,,,,,
0.011504491791129112,imappo,3.246499545639381e-05,-3.8064465522766113,0.00014081360453484498,2863.0,,,,,,,,,,,,,,0.11813937979326439,,,,,0.025332722812891006,0.006688556168228388
,imappo,,,,2863.0,0.0,0.0,0.3344278056820258,0.0,0.0,0.0,0.3333333432674408,0.0010944624145849957,0.0,0.0,0.0,0.0,0.0,,,,,,,
0.022505277767777443,imappo,2.2440406610257924e-05,-3.9825875759124756,0.00014051350450150057,2864.0,,,,,,,,,,,,,,0.11800600200066685,,,,,0.027035582810640335,0.006688020657747984
,imappo,,,,2864.0,0.0,0.0,0.33440108691866044,0.0,0.0,0.0,0.3333333432674408,0.0010677436512196437,0.0,0.0,0.0,0.0,0.0,,,,,,,
0.017828037962317467,imappo,0.0008082713466137648,-3.2205727100372314,0.00014021340446815605,2865.0,,,,,,,,,,,,,,0.11787262420806932,,,,,0.024045506492257118,2.2142117813928053e-05
,imappo,,,,2865.0,0.0,0.0,0.0011071058870584238,0.0,0.0,0.0,0.0,0.0011071058870584238,0.0,0.0,0.0,0.0,0.0,,,,,,,
0.0616237111389637,imappo,4.7894973249640316e-05,-2.524704933166504,0.00013991330443481164,2866.0,,,,,,,,,,,,,,0.11773924641547184,,,,,0.029331695288419724,0.006683552172034979
,imappo,,,,2866.0,0.0,0.0,0.3341776055632124,0.0,0.0,0.0,0.3333333432674408,0.0008442471908836069,0.0,0.0,0.0,0.0,0.0,,,,,,,
0.031043535098433495,imappo,5.588477506535128e-05,-3.5362894535064697,0.00013961320440146723,2867.0,,,,,,,,,,,,,,0.11760586862287425,,,,,0.029944010078907013,0.006683113984763622
,imappo,,,,2867.0,0.0,0.0,0.33415568394846673,0.0,0.0,0.0,0.3333333432674408,0.0008223406810259348,0.0,0.0,0.0,0.0,0.0,,,,,,,
0.03152256831526756,imappo,4.929598799208179e-05,-3.890395402908325,0.00013931310436812272,2868.0,,,,,,,,,,,,,,0.11747249083027672,,,,,0.025546107441186905,0.006688662804663181
,imappo,,,,2868.0,0.0,0.0,0.3344331157841225,0.0,0.0,0.0,0.3333333432674408,0.0010997725166816963,0.0,0.0,0.0,0.0,0.0,,,,,,,
0.011783248744904995,imappo,3.981931513408199e-05,-1.6548469066619873,0.0001390130043347783,2869.0,,,,,,,,,,,,,,0.11733911303767919,,,,,0.028182663023471832,0.006687113083899021
,imappo,,,,2869.0,0.0,0.0,0.334355659094399,0.0,0.0,0.0,0.3333333432674408,0.00102231582695822,0.0,0.0,0.0,0.0,0.0,,,,,,,
0.01737809181213379,imappo,1.8873484805226326e-05,-3.5443806648254395,0.0001387129043014339,2870.0,,,,,,,,,,,,,,0.11720573524508171,,,,,0.027964062988758087,0.006683732848614454
,imappo,,,,2870.0,0.0,0.0,0.3341866204374355,0.0,0.0,0.0,0.3333333432674408,0.0008532771699947261,0.0,0.0,0.0,0.0,0.0,,,,,,,
0.013399635441601276,imappo,1.6593094187555835e-05,-3.170842170715332,0.00013841280426808939,2871.0,,,,,,,,,,,,,,0.11707235745248412,,,,,0.025146298110485077,0.006689785048365593
,imappo,,,,2871.0,0.0,0.0,0.33448925860170675,0.0,0.0,0.0,0.3333333432674408,0.0011559153342659556,0.0,0.0,0.0,0.0,0.0,,,,,,,
0.012590651400387287,imappo,1.0383680091763381e-05,-2.706082344055176,0.00013811270423474498,2872.0,,,,,,,,,,,,,,0.11693897965988659,,,,,0.0259239599108696,0.006683822721242905
,imappo,,,,2872.0,0.0,0.0,0.3341911319103019,0.0,0.0,0.0,0.3333333432674408,0.0008577886428611237,0.0,0.0,0.0,0.0,0.0,,,,,,,
0.01211137231439352,imappo,9.038662938110065e-06,-2.7284765243530273,0.00013781260420140046,2873.0,,,,,,,,,,,,,,0.11680560186728906,,,,,0.025521881878376007,0.006683948449790478
,imappo,,,,2873.0,0.0,0.0,0.33419738948236954,0.0,0.0,0.0,0.3333333432674408,0.0008640760172511364,0.0,0.0,0.0,0.0,0.0,,,,,,,
0.06751341372728348,imappo,1.0017350177804474e-05,-3.9123616218566895,0.00013751250416805605,2874.0,,,,,,,,,,,,,,0.11667222407469158,,,,,0.02397967129945755,0.006688039284199476
,imappo,,,,2874.0,0.0,0.0,0.33440198882681216,0.0,0.0,0.0,0.3333333432674408,0.0010686455593713617,0.0,0.0,0.0,0.0,0.0,,,,,,,
0.009965135715901852,imappo,6.824386218795553e-06,-1.6267876625061035,0.00013721240413471164,2875.0,,,,,,,,,,,,,,0.11653884628209399,,,,,0.02799021266400814,0.006686683744192123
,imappo,,,,2875.0,0.0,0.0,0.33433418055119546,0.0,0.0,0.0,0.3333333432674408,0.001000837283754663,0.0,0.0,0.0,0.0,0.0,,,,,,,
0.043540917336940765,imappo,0.0008811079896986485,-2.685664415359497,0.00013691230410136713,2876.0,,,,,,,,,,,,,,0.11640546848949646,,,,,0.021832674741744995,2.5296758394688368e-05
,imappo,,,,2876.0,0.0,0.0,0.0012648379355368888,0.0,0.0,0.0,0.0,0.0012648379355368888,0.0,0.0,0.0,0.0,0.0,,,,,,,
0.008731060661375523,imappo,4.024228474008851e-05,-1.5555596351623535,0.00013661220406802272,2877.0,,,,,,,,,,,,,,0.11627209069689892,,,,,0.029223140329122543,0.006686460226774216
,imappo,,,,2877.0,0.0,0.0,0.3343230249744522,0.0,0.0,0.0,0.3333333432674408,0.0009896817070114139,0.0,0.0,0.0,0.0,0.0,,,,,,,
0.0888754278421402,imappo,5.5342999985441566e-05,-3.325467109680176,0.0001363121040346783,2878.0,,,,,,,,,,,,,,0.11613871290430144,,,,,0.026408446952700615,0.0066839284263551235
,imappo,,,,2878.0,0.0,0.0,0.33419641869096495,0.0,0.0,0.0,0.3333333432674408,0.0008630754235241511,0.0,0.0,0.0,0.0,0.0,,,,,,,
0.008121798746287823,imappo,6.418568955268711e-05,-2.20454478263855,0.0001360120040013338,2879.0,,,,,,,,,,,,,,0.11600533511170386,,,,,0.027707494795322418,0.006682281382381916
,imappo,,,,2879.0,0.0,0.0,0.3341141114730135,0.0,0.0,0.0,0.3333333432674408,0.0007807682055727128,0.0,0.0,0.0,0.0,0.0,,,,,,,
0.08071369677782059,imappo,2.4782708351267502e-05,-3.2744624614715576,0.0001357119039679894,2880.0,,,,,,,,,,,,,,0.11587195731910632,,,,,0.02630152553319931,0.006682231556624174
,imappo,,,,2880.0,0.0,0.0,0.3341115800371881,0.0,0.0,0.0,0.3333333432674408,0.0007782367697473092,0.0,0.0,0.0,0.0,0.0,,,,,,,
0.012002905830740929,imappo,1.6876356312423013e-05,-2.43742299079895,0.00013541180393464498,2881.0,,,,,,,,,,,,,,0.11573857952650884,,,,,0.02421896532177925,0.00668449467048049
,imappo,,,,2881.0,0.0,0.0,0.3342247308187325,0.0,0.0,0.0,0.3333333432674408,0.0008914173536140879,0.0,0.0,0.0,0.0,0.0,,,,,,,
-0.003080248599871993,imappo,1.335965862381272e-05,-1.737911343574524,0.00013511170390130046,2882.0,,,,,,,,,,,,,,0.11560520173391131,,,,,0.027916891500353813,0.006688844412565231
,imappo,,,,2882.0,0.0,0.0,0.3344422428506846,0.0,0.0,0.0,0.3333333432674408,0.0011088995832437831,0.0,0.0,0.0,0.0,0.0,,,,,,,
-0.003616882488131523,imappo,1.018601960822707e-05,-1.4262410402297974,0.00013481160386795605,2883.0,,,,,,,,,,,,,,0.11547182394131372,,,,,0.028493672609329224,0.006687017623335123
,imappo,,,,2883.0,0.0,0.0,0.3343508736215881,0.0,0.0,0.0,0.3333333432674408,0.0010175303541473113,0.0,0.0,0.0,0.0,0.0,,,,,,,
0.035032354295253754,imappo,9.836212484515272e-06,-1.9968841075897217,0.00013451150383461154,2884.0,,,,,,,,,,,,,,0.11533844614871619,,,,,0.029123637825250626,0.006682961713522673
,imappo,,,,2884.0,0.0,0.0,0.33414807135523006,0.0,0.0,0.0,0.3333333432674408,0.0008147280877892626,0.0,0.0,0.0,0.0,0.0,,,,,,,
-0.0016971572767943144,imappo,0.00014771865971852094,-1.1472128629684448,0.00013421140380126713,2885.0,,,,,,,,,,,,,,0.11520506835611871,,,,,0.027600981295108795,0.006687240209430456
,imappo,,,,2885.0,0.0,0.0,0.33436201069088156,0.0,0.0,0.0,0.3333333432674408,0.0010286674234407656,0.0,0.0,0.0,0.0,0.0,,,,,,,
0.00431384053081274,imappo,1.2050350051140413e-05,-2.7039849758148193,0.00013391130376792272,2886.0,,,,,,,,,,,,,,0.11507169056352118,,,,,0.02779557555913925,0.00668941019102931
,imappo,,,,2886.0,0.0,0.0,0.33447050902668707,0.0,0.0,0.0,0.3333333432674408,0.0011371657592462725,0.0,0.0,0.0,0.0,0.0,,,,,,,
0.010679244995117188,imappo,7.93209983385168e-06,-1.5000543594360352,0.0001336112037345782,2887.0,,,,,,,,,,,,,,0.11493831277092359,,,,,0.026964155957102776,0.006686628330498934
,imappo,,,,2887.0,0.0,0.0,0.33433141030627667,0.0,0.0,0.0,0.3333333432674408,0.0009980670388358703,0.0,0.0,0.0,0.0,0.0,,,,,,,
0.007877886295318604,imappo,6.927882168383803e-06,-1.7441617250442505,0.0001333111037012338,2888.0,,,,,,,,,,,,,,0.11480493497832606,,,,,0.027290523052215576,0.006681900471448898
,imappo,,,,2888.0,0.0,0.0,0.3340950547882926,0.0,0.0,0.0,0.3333333432674408,0.0007616817185294167,0.0,0.0,0.0,0.0,0.0,,,,,,,
0.03336130455136299,imappo,0.0009297800716012716,-2.4165308475494385,0.0001330110036678894,2889.0,,,,,,,,,,,,,,0.11467155718572858,,,,,0.021896250545978546,2.13493149203714e-05
,imappo,,,,2889.0,0.0,0.0,0.0010674657187337289,0.0,0.0,0.0,0.0,0.0010674657187337289,0.0,0.0,0.0,0.0,0.0,,,,,,,
0.016202382743358612,imappo,4.1093211621046066e-05,-1.6112111806869507,0.00013271090363454487,2890.0,,,,,,,,,,,,,,0.11453817939313105,,,,,0.034462809562683105,0.0066858697682619095
,imappo,,,,2890.0,0.0,0.0,0.3342934625596854,0.0,0.0,0.0,0.3333333432674408,0.0009601192922445989,0.0,0.0,0.0,0.0,0.0,,,,,,,
0.005009492859244347,imappo,0.00012852350482717156,-1.7573671340942383,0.00013241080360120046,2891.0,,,,,,,,,,,,,,0.11440480160053346,,,,,0.03185354173183441,0.006686334032565355
,imappo,,,,2891.0,0.0,0.0,0.33431670475277997,0.0,0.0,0.0,0.3333333432674408,0.0009833614853391737,0.0,0.0,0.0,0.0,0.0,,,,,,,
0.05640321597456932,imappo,0.00011567468027351424,-2.9738669395446777,0.00013211070356785595,2892.0,,,,,,,,,,,,,,0.11427142380793592,,,,,0.02596362680196762,0.0066831232979893684
,imappo,,,,2892.0,0.0,0.0,0.3341561666703683,0.0,0.0,0.0,0.3333333432674408,0.0008228234029274972,0.0,0.0,0.0,0.0,0.0,,,,,,,
-0.002028527669608593,imappo,0.0005197979626245797,-1.0055545568466187,0.00013181060353451154,2893.0,,,,,,,,,,,,,,0.11413804601533845,,,,,0.025279361754655838,0.006683372892439365
,imappo,,,,2893.0,0.0,0.0,0.3341686457896458,0.0,0.0,0.0,0.3333333432674408,0.0008353025222049837,0.0,0.0,0.0,0.0,0.0,,,,,,,
0.015314160846173763,imappo,3.631456638686359e-05,-2.5835049152374268,0.00013151050350116713,2894.0,,,,,,,,,,,,,,0.11400466822274091,,,,,0.02715287357568741,0.006691036280244589
,imappo,,,,2894.0,0.0,0.0,0.33455181425051705,0.0,0.0,0.0,0.3333333432674408,0.0012184709830762586,0.0,0.0,0.0,0.0,0.0,,,,,,,
-0.004378139041364193,imappo,3.0062188670854084e-05,-1.889997959136963,0.00013121040346782261,2895.0,,,,,,,,,,,,,,0.11387129043014332,,,,,0.026868749409914017,0.006682575214654207
,imappo,,,,2895.0,0.0,0.0,0.3341287503441208,0.0,0.0,0.0,0.3333333432674408,0.0007953772743576337,0.0,0.0,0.0,0.0,0.0,,,,,,,
0.017098404467105865,imappo,2.4595114155090414e-05,-1.8245861530303955,0.0001309103034344782,2896.0,,,,,,,,,,,,,,0.11373791263754585,,,,,0.027006883174180984,0.006684666965156794
,imappo,,,,2896.0,0.0,0.0,0.33423337536191866,0.0,0.0,0.0,0.3333333432674408,0.000900032094477865,0.0,0.0,0.0,0.0,0.0,,,,,,,
-0.006470515858381987,imappo,0.0013322487939149141,-0.7740691900253296,0.0001306102034011338,2897.0,,,,,,,,,,,,,,0.11360453484494831,,,,,0.025077346712350845,2.440151911287103e-05
,imappo,,,,2897.0,0.0,0.0,0.0012200761116503145,0.0,0.0,0.0,0.0,0.0012200761116503145,0.0,0.0,0.0,0.0,0.0,,,,,,,
0.009733321145176888,imappo,0.00014048222510609776,-2.6351213455200195,0.00013031010336778928,2898.0,,,,,,,,,,,,,,0.11347115705235078,,,,,0.026410475373268127,0.006690973415970802
,imappo,,,,2898.0,0.0,0.0,0.33454866828833474,0.0,0.0,0.0,0.3333333432674408,0.0012153250208939426,0.0,0.0,0.0,0.0,0.0,,,,,,,
0.025315314531326294,imappo,4.142706893617287e-05,-2.6401054859161377,0.00013001000333444487,2899.0,,,,,,,,,,,,,,0.11333777925975319,,,,,0.024263912811875343,0.006692019756883383
,imappo,,,,2899.0,0.0,0.0,0.33460096459657507,0.0,0.0,0.0,0.3333333432674408,0.001267621329134272,0.0,0.0,0.0,0.0,0.0,,,,,,,
,imappo,,,,2899.0,,,,,,,,,,,,,,,0.0,0.0,0.0,0.0,,
0.015863465145230293,imappo,7.11308530298993e-05,-1.9936258792877197,0.00012970990330110046,2900.0,,,,,,,,,,,,,,0.11320440146715571,,,,,0.033457688987255096,0.006685404106974602
,imappo,,,,2900.0,0.0,0.0,0.33427020184004164,0.0,0.0,0.0,0.3333333432674408,0.0009368585726008405,0.0,0.0,0.0,0.0,0.0,,,,,,,
0.012676108628511429,imappo,3.756998557946645e-05,-1.788750171661377,0.00012940980326775595,2901.0,,,,,,,,,,,,,,0.11307102367455818,,,,,0.03114699199795723,0.006687144748866558
,imappo,,,,2901.0,0.0,0.0,0.334357208683457,0.0,0.0,0.0,0.3333333432674408,0.0010238654160161786,0.0,0.0,0.0,0.0,0.0,,,,,,,
0.022616920992732048,imappo,2.127582047251053e-05,-1.833925724029541,0.00012910970323441154,2902.0,,,,,,,,,,,,,,0.11293764588196065,,,,,0.026377001777291298,0.006682789418846369
,imappo,,,,2902.0,0.0,0.0,0.3341395119823005,0.0,0.0,0.0,0.3333333432674408,0.000806168714859723,0.0,0.0,0.0,0.0,0.0,,,,,,,
-0.009768185205757618,imappo,2.8448814191506244e-05,-1.151027798652649,0.00012880960320106702,2903.0,,,,,,,,,,,,,,0.11280426808936306,,,,,0.028284335508942604,0.006685477681457996
,imappo,,,,2903.0,0.0,0.0,0.3342738524388551,0.0,0.0,0.0,0.3333333432674408,0.0009405091714143055,0.0,0.0,0.0,0.0,0.0,,,,,,,
-0.006636000704020262,imappo,2.1587997252936475e-05,-1.1561905145645142,0.00012850950316772262,2904.0,,,,,,,,,,,,,,0.11267089029676558,,,,,0.03629474341869354,0.006684807129204273
,imappo,,,,2904.0,0.0,0.0,0.33424034829153015,0.0,0.0,0.0,0.3333333432674408,0.0009070050240893579,0.0,0.0,0.0,0.0,0.0,,,,,,,
0.0028224808629602194,imappo,0.0019262939458712935,-2.4209468364715576,0.0001282094031343782,2905.0,,,,,,,,,,,,,,0.11253751250416805,,,,,0.02068883180618286,1.8790498870657757e-05
,imappo,,,,2905.0,0.0,0.0,0.0009395248992518646,0.0,0.0,0.0,0.0,0.0009395248992518646,0.0,0.0,0.0,0.0,0.0,,,,,,,
0.05042881891131401,imappo,0.0002158491697628051,-2.911015510559082,0.0001279093031010337,2906.0,,,,,,,,,,,,,,0.11240413471157051,,,,,0.024543259292840958,0.006689486559480429
,imappo,,,,2906.0,0.0,0.0,0.33447435486550603,0.0,0.0,0.0,0.3333333432674408,0.0011410115980652336,0.0,0.0,0.0,0.0,0.0,,,,,,,
-0.011468244716525078,imappo,0.00017259843298234046,-1.8389296531677246,0.00012760920306768917,2907.0,,,,,,,,,,,,,,0.11227075691897292,,,,,0.026044722646474838,0.006682790350168943
,imappo,,,,2907.0,0.0,0.0,0.33413952929896595,0.0,0.0,0.0,0.3333333432674408,0.0008061860315251579,0.0,0.0,0.0,0.0,0.0,,,,,,,
0.0027268549893051386,imappo,0.0001530783047201112,-1.1109269857406616,0.00012730910303434487,2908.0,,,,,,,,,,,,,,0.11213737912637545,,,,,0.0337858572602272,0.00668684858828783
,imappo,,,,2908.0,0.0,0.0,0.3343424382881608,0.0,0.0,0.0,0.3333333432674408,0.0010090950207199967,0.0,0.0,0.0,0.0,0.0,,,,,,,
-0.0015953202964738011,imappo,0.0006768550956621766,-0.6429488658905029,0.00012700900300100036,2909.0,,,,,,,,,,,,,,0.11200400133377791,,,,,0.022023338824510574,2.0061903342138976e-05
,imappo,,,,2909.0,0.0,0.0,0.0010030951461921234,0.0,0.0,0.0,0.0,0.0010030951461921234,0.0,0.0,0.0,0.0,0.0,,,,,,,
-0.004482567775994539,imappo,0.0001819995668483898,-1.2859385013580322,0.00012670890296765595,2910.0,,,,,,,,,,,,,,0.11187062354118038,,,,,0.034859977662563324,0.006685089319944382
,imappo,,,,2910.0,0.0,0.0,0.3342544997355503,0.0,0.0,0.0,0.3333333432674408,0.0009211564681095297,0.0,0.0,0.0,0.0,0.0,,,,,,,
0.0077522313222289085,imappo,0.00014888981240801513,-3.376234292984009,0.00012640880293431154,2911.0,,,,,,,,,,,,,,0.11173724574858285,,,,,0.02434205636382103,0.006691355723887682
,imappo,,,,2911.0,0.0,0.0,0.3345677872603119,0.0,0.0,0.0,0.3333333432674408,0.0012344439928710926,0.0,0.0,0.0,0.0,0.0,,,,,,,
-0.004140413366258144,imappo,0.0004967153654433787,-1.065443992614746,0.00012610870290096702,2912.0,,,,,,,,,,,,,,0.11160386795598531,,,,,0.030802514404058456,1.3383329132921062e-05
,imappo,,,,2912.0,0.0,0.0,0.0006691664118534391,0.0,0.0,0.0,0.0,0.0006691664118534391,0.0,0.0,0.0,0.0,0.0,,,,,,,
-0.0007139444933272898,imappo,0.00035106646828353405,-1.4275577068328857,0.00012580860286762262,2913.0,,,,,,,,,,,,,,0.11147049016338778,,,,,0.03377038985490799,0.0066840131767094135
,imappo,,,,2913.0,0.0,0.0,0.3342006587417927,0.0,0.0,0.0,0.3333333432674408,0.0008673154743519262,0.0,0.0,0.0,0.0,0.0,,,,,,,
0.0013365105260163546,imappo,0.00016646274889353663,-3.5116357803344727,0.0001255085028342781,2914.0,,,,,,,,,,,,,,0.11133711237079025,,,,,0.022721808403730392,0.006691521964967251
,imappo,,,,2914.0,0.0,0.0,0.3345761336049691,0.0,0.0,0.0,0.3333333432674408,0.0012427903375282767,0.0,0.0,0.0,0.0,0.0,,,,,,,
-0.009587662294507027,imappo,5.992124351905659e-05,-1.4764885902404785,0.0001252084028009337,2915.0,,,,,,,,,,,,,,0.11120373457819271,,,,,0.03299220651388168,0.006682876963168383
,imappo,,,,2915.0,0.0,0.0,0.334143863608233,0.0,0.0,0.0,0.3333333432674408,0.000810520340792209,0.0,0.0,0.0,0.0,0.0,,,,,,,
0.09641411155462265,imappo,0.00013522581139113754,-3.5337162017822266,0.00012490830276758928,2916.0,,,,,,,,,,,,,,0.11107035678559518,,,,,0.02281513810157776,0.006692064460366964
,imappo,,,,2916.0,0.0,0.0,0.3346032176564222,0.0,0.0,0.0,0.3333333432674408,0.0012698743889814068,0.0,0.0,0.0,0.0,0.0,,,,,,,
-0.0031601793598383665,imappo,4.831073965760879e-05,-2.0921554565429688,0.00012460820273424477,2917.0,,,,,,,,,,,,,,0.11093697899299765,,,,,0.0290817953646183,0.006689110770821571
,imappo,,,,2917.0,0.0,0.0,0.33445553212709456,0.0,0.0,0.0,0.3333333432674408,0.001122188859653761,0.0,0.0,0.0,0.0,0.0,,,,,,,
0.0028982802759855986,imappo,6.570766709046438e-05,-1.820406436920166,0.00012430810270090025,2918.0,,,,,,,,,,,,,,0.11080360120040011,,,,,0.032010771334171295,0.006682021077722311
,imappo,,,,2918.0,0.0,0.0,0.33410104439280985,0.0,0.0,0.0,0.3333333432674408,0.000767701125369058,0.0,0.0,0.0,0.0,0.0,,,,,,,
0.004644222091883421,imappo,4.83730727864895e-05,-2.2110190391540527,0.00012400800266755595,2919.0,,,,,,,,,,,,,,0.11067022340780258,,,,,0.030829114839434624,0.0066862390376627445
,imappo,,,,2919.0,0.0,0.0,0.3343120006309164,0.0,0.0,0.0,0.3333333432674408,0.0009786275611531892,0.0,0.0,0.0,0.0,0.0,,,,,,,
0.005450299941003323,imappo,3.924205884686671e-05,-2.2178568840026855,0.00012370790263421143,2920.0,,,,,,,,,,,,,,0.11053684561520505,,,,,0.030204936861991882,0.006685995031148195
,imappo,,,,2920.0,0.0,0.0,0.3342997087859203,0.0,0.0,0.0,0.3333333432674408,0.0009663655184795061,0.0,0.0,0.0,0.0,0.0,,,,,,,
-0.005652567371726036,imappo,5.168962161405943e-05,-3.7635066509246826,0.00012340780260086703,2921.0,,,,,,,,,,,,,,0.11040346782260752,,,,,0.028204765170812607,0.006685460917651653
,imappo,,,,2921.0,0.0,0.0,0.3342730410145123,0.0,0.0,0.0,0.3333333432674408,0.0009396977470714774,0.0,0.0,0.0,0.0,0.0,,,,,,,
0.16468365490436554,imappo,4.02044752263464e-05,-3.705207109451294,0.0001231077025675225,2922.0,,,,,,,,,,,,,,0.11027009003000998,,,,,0.02762218937277794,0.006685040425509214
,imappo,,,,2922.0,0.0,0.0,0.33425200421493173,0.0,0.0,0.0,0.3333333432674408,0.0009186609474909346,0.0,0.0,0.0,0.0,0.0,,,,,,,
0.024706602096557617,imappo,3.4263543057022616e-05,-3.07719349861145,0.0001228076025341781,2923.0,,,,,,,,,,,,,,0.11013671223741245,,,,,0.025712227448821068,0.006687687244266272
,imappo,,,,2923.0,0.0,0.0,0.33438431404738367,0.0,0.0,0.0,0.3333333432674408,0.0010509707799428725,0.0,0.0,0.0,0.0,0.0,,,,,,,
-0.002353911055251956,imappo,2.4181701519410126e-05,-3.735147714614868,0.0001225075025008337,2924.0,,,,,,,,,,,,,,0.11000333444481492,,,,,0.02657749131321907,0.006684573367238045
,imappo,,,,2924.0,0.0,0.0,0.3342286654306008,0.0,0.0,0.0,0.3333333432674408,0.0008952923608376295,0.0,0.0,0.0,0.0,0.0,,,,,,,
-0.007602644618600607,imappo,0.0014790479326620698,-0.8033785223960876,0.00012220740246748918,2925.0,,,,,,,,,,,,,,0.10986995665221738,,,,,0.019148677587509155,1.6275620509986766e-05
,imappo,,,,2925.0,0.0,0.0,0.0008137811046822208,0.0,0.0,0.0,0.0,0.0008137811046822208,0.0,0.0,0.0,0.0,0.0,,,,,,,
0.07804691046476364,imappo,9.286016575060785e-05,-2.713137626647949,0.00012190730243414477,2926.0,,,,,,,,,,,,,,0.10973657885961985,,,,,0.02729375660419464,0.0066879987716674805
,imappo,,,,2926.0,0.0,0.0,0.33439994188938726,0.0,0.0,0.0,0.3333333432674408,0.0010665986219464685,0.0,0.0,0.0,0.0,0.0,,,,,,,
0.14877577126026154,imappo,0.00010848045349121094,-2.733426094055176,0.00012160720240080036,2927.0,,,,,,,,,,,,,,0.10960320106702232,,,,,0.03352964669466019,0.00668655801564455
,imappo,,,,2927.0,0.0,0.0,0.33432792965038516,0.0,0.0,0.0,0.3333333432674408,0.0009945863829443624,0.0,0.0,0.0,0.0,0.0,,,,,,,
0.007511039264500141,imappo,0.00010227216262137517,-2.6612000465393066,0.00012130710236745584,2928.0,,,,,,,,,,,,,,0.10946982327442478,,,,,0.026929445564746857,0.006689854897558689
,imappo,,,,2928.0,0.0,0.0,0.3344927376888336,0.0,0.0,0.0,0.3333333432674408,0.0011593646190704021,0.0,0.0,0.0,0.0,0.0,,,,,,,
-0.013851198367774487,imappo,5.918393799220212e-05,-1.562524676322937,0.00012100700233411133,2929.0,,,,,,,,,,,,,,0.10933644548182725,,,,,0.027784474194049835,0.006687351502478123
,imappo,,,,2929.0,0.0,0.0,0.33436758438801917,0.0,0.0,0.0,0.3333333432674408,0.001034241120578372,0.0,0.0,0.0,0.0,0.0,,,,,,,
0.03043864481151104,imappo,0.0005352551233954728,-2.65580415725708,0.00012070690230076703,2930.0,,,,,,,,,,,,,,0.10920306768922972,,,,,0.02348976954817772,1.8958344298880547e-05
,imappo,,,,2930.0,0.0,0.0,0.0009479172249484691,0.0,0.0,0.0,0.0,0.0009479172249484691,0.0,0.0,0.0,0.0,0.0,,,,,,,
0.0036338118370622396,imappo,0.00024461623979732394,-1.9648250341415405,0.00012040680226742251,2931.0,,,,,,,,,,,,,,0.10906968989663218,,,,,0.031800419092178345,0.006681014783680439
,imappo,,,,2931.0,0.0,0.0,0.3340507927123326,0.0,0.0,0.0,0.3333333432674408,0.0007174494448918267,0.0,0.0,0.0,0.0,0.0,,,,,,,
-0.002650249283760786,imappo,0.00012677749327849597,-3.228017807006836,0.0001201067022340781,2932.0,,,,,,,,,,,,,,0.10893631210403465,,,,,0.025399144738912582,0.0066875009797513485
,imappo,,,,2932.0,0.0,0.0,0.33437505409983714,0.0,0.0,0.0,0.3333333432674408,0.0010417108323963475,0.0,0.0,0.0,0.0,0.0,,,,,,,
-0.0026977721136063337,imappo,3.3127100323326886e-05,-1.6591475009918213,0.00011980660220073359,2933.0,,,,,,,,,,,,,,0.10880293431143712,,,,,0.0274819303303957,0.00668685557320714
,imappo,,,,2933.0,0.0,0.0,0.33434280895198754,0.0,0.0,0.0,0.3333333432674408,0.0010094656845467398,0.0,0.0,0.0,0.0,0.0,,,,,,,
0.017565520480275154,imappo,3.3811506000347435e-05,-2.5163068771362305,0.00011950650216738918,2934.0,,,,,,,,,,,,,,0.10866955651883958,,,,,0.029530946165323257,0.006683865562081337
,imappo,,,,2934.0,0.0,0.0,0.33419330339847875,0.0,0.0,0.0,0.3333333432674408,0.0008599601310379512,0.0,0.0,0.0,0.0,0.0,,,,,,,
0.01664014905691147,imappo,5.3588035370921716e-05,-4.006765842437744,0.00011920640213404477,2935.0,,,,,,,,,,,,,,0.10853617872624205,,,,,0.021950632333755493,0.006688317749649286
,imappo,,,,2935.0,0.0,0.0,0.3344158687432355,0.0,0.0,0.0,0.3333333432674408,0.0010825254757946823,0.0,0.0,0.0,0.0,0.0,,,,,,,
0.037592776119709015,imappo,1.999039523070678e-05,-2.742584228515625,0.00011890630210070025,2936.0,,,,,,,,,,,,,,0.10840280093364452,,,,,0.02624850533902645,0.006686985958367586
,imappo,,,,2936.0,0.0,0.0,0.33434933205262496,0.0,0.0,0.0,0.3333333432674408,0.0010159887851841631,0.0,0.0,0.0,0.0,0.0,,,,,,,
-0.0024802088737487793,imappo,1.6964439055300318e-05,-1.6416727304458618,0.00011860620206735574,2937.0,,,,,,,,,,,,,,0.10826942314104698,,,,,0.027751006186008453,0.006684779655188322
,imappo,,,,2937.0,0.0,0.0,0.3342389376025494,0.0,0.0,0.0,0.3333333432674408,0.0009056241374310048,0.0,0.0,0.0,0.0,0.0,,,,,,,
0.04646839573979378,imappo,2.8160276997368783e-05,-3.294973134994507,0.00011830610203401144,2938.0,,,,,,,,,,,,,,0.10813604534844945,,,,,0.02787698060274124,0.006689295172691345
,imappo,,,,2938.0,0.0,0.0,0.334464743333001,0.0,0.0,0.0,0.3333333432674408,0.0011314298678826162,0.0,0.0,0.0,0.0,0.0,,,,,,,
0.04684115946292877,imappo,1.5129980056372005e-05,-2.053227424621582,0.00011800600200066692,2939.0,,,,,,,,,,,,,,0.10800266755585192,,,,,0.02978517860174179,0.006686078384518623
,imappo,,,,2939.0,0.0,0.0,0.33430390741588667,0.0,0.0,0.0,0.3333333432674408,0.0009705641484458738,0.0,0.0,0.0,0.0,0.0,,,,,,,
0.17770230770111084,imappo,2.300053347426001e-05,-3.8624019622802734,0.0001177059019673224,2940.0,,,,,,,,,,,,,,0.10786928976325438,,,,,0.023722559213638306,0.006687727756798267
,imappo,,,,2940.0,0.0,0.0,0.3343863413310828,0.0,0.0,0.0,0.3333333432674408,0.0010529980636420078,0.0,0.0,0.0,0.0,0.0,,,,,,,
0.047328390181064606,imappo,1.8479262507753447e-05,-3.061027765274048,0.0001174058019339781,2941.0,,,,,,,,,,,,,,0.1077359119706569,,,,,0.03224492073059082,0.006684937048703432
,imappo,,,,2941.0,0.0,0.0,0.3342468289019962,0.0,0.0,0.0,0.3333333432674408,0.0009134856345553999,0.0,0.0,0.0,0.0,0.0,,,,,,,
0.029894564300775528,imappo,9.463538845011499e-06,-2.4580657482147217,0.00011710570190063359,2942.0,,,,,,,,,,,,,,0.10760253417805932,,,,,0.026560433208942413,0.006682691629976034
,imappo,,,,2942.0,0.0,0.0,0.33413458765096493,0.0,0.0,0.0,0.3333333432674408,0.0008012443835241356,0.0,0.0,0.0,0.0,0.0,,,,,,,
0.054373886436223984,imappo,1.4362207366502844e-05,-3.682340383529663,0.00011680560186728918,2943.0,,,,,,,,,,,,,,0.10746915638546178,,,,,0.022223155945539474,0.006686415523290634
,imappo,,,,2943.0,0.0,0.0,0.33432072867799434,0.0,0.0,0.0,0.3333333432674408,0.000987385410553543,0.0,0.0,0.0,0.0,0.0,,,,,,,
0.02858063578605652,imappo,7.820617611287162e-06,-2.1461217403411865,0.00011650550183394466,2944.0,,,,,,,,,,,,,,0.10733577859286425,,,,,0.03000386245548725,0.0066828541457653046
,imappo,,,,2944.0,0.0,0.0,0.33414266098327516,0.0,0.0,0.0,0.3333333432674408,0.0008093177158343678,0.0,0.0,0.0,0.0,0.0,,,,,,,
0.06817689538002014,imappo,1.0489669875823893e-05,-3.0747017860412598,0.00011620540180060025,2945.0,,,,,,,,,,,,,,0.10720240080026677,,,,,0.025784943252801895,0.006686844862997532
,imappo,,,,2945.0,0.0,0.0,0.3343422464777177,0.0,0.0,0.0,0.3333333432674408,0.0010089032102769124,0.0,0.0,0.0,0.0,0.0,,,,,,,
0.0016676407540217042,imappo,6.647058853559429e-06,-2.078601837158203,0.00011590530176725585,2946.0,,,,,,,,,,,,,,0.10706902300766918,,,,,0.029084324836730957,0.006686082109808922
,imappo,,,,2946.0,0.0,0.0,0.33430412874429294,0.0,0.0,0.0,0.3333333432674408,0.0009707854768521429,0.0,0.0,0.0,0.0,0.0,,,,,,,
-0.0011474799830466509,imappo,6.7359219428908546e-06,-2.129718780517578,0.00011560520173391133,2947.0,,,,,,,,,,,,,,0.10693564521507165,,,,,0.028621526435017586,0.006682075094431639
,imappo,,,,2947.0,0.0,0.0,0.33410380878464707,0.0,0.0,0.0,0.3333333432674408,0.0007704655172062758,0.0,0.0,0.0,0.0,0.0,,,,,,,
0.01663077063858509,imappo,7.481569809897337e-06,-2.5431065559387207,0.00011530510170056681,2948.0,,,,,,,,,,,,,,0.10680226742247412,,,,,0.02595554292201996,0.006683128420263529
,imappo,,,,2948.0,0.0,0.0,0.33415641277315444,0.0,0.0,0.0,0.3333333432674408,0.0008230397033912595,0.0,0.0,0.0,0.0,0.0,,,,,,,
-0.006171899382025003,imappo,6.400799975381233e-06,-1.3658885955810547,0.00011500500166722251,2949.0,,,,,,,,,,,,,,0.10666888962987664,,,,,0.02677718549966812,0.006683171261101961
,imappo,,,,2949.0,0.0,0.0,0.33415857299587515,0.0,0.0,0.0,0.3333333432674408,0.0008252297284343513,0.0,0.0,0.0,0.0,0.0,,,,,,,
-0.0031567225232720375,imappo,5.3478347581403796e-06,-1.2913962602615356,0.000114704901633878,2950.0,,,,,,,,,,,,,,0.10653551183727905,,,,,0.03365912288427353,0.006684231571853161
,imappo,,,,2950.0,0.0,0.0,0.3342116027843076,0.0,0.0,0.0,0.3333333432674408,0.0008782595168668195,0.0,0.0,0.0,0.0,0.0,,,,,,,
-0.005142109468579292,imappo,4.600826741807396e-06,-2.087291717529297,0.00011440480160053359,2951.0,,,,,,,,,,,,,,0.10640213404468152,,,,,0.030463188886642456,0.0066839782521128654
,imappo,,,,2951.0,0.0,0.0,0.3341988920847143,0.0,0.0,0.0,0.3333333432674408,0.0008655488172735204,0.0,0.0,0.0,0.0,0.0,,,,,,,
0.0071905567310750484,imappo,6.471804681495996e-06,-2.548628807067871,0.00011410470156718907,2952.0,,,,,,,,,,,,,,0.10626875625208398,,,,,0.025927867740392685,0.0066827889531850815
,imappo,,,,2952.0,0.0,0.0,0.33413947450617343,0.0,0.0,0.0,0.3333333432674408,0.0008061312387326325,0.0,0.0,0.0,0.0,0.0,,,,,,,
-0.010335370898246765,imappo,0.0015494227409362793,-0.7512848973274231,0.00011380460153384466,2953.0,,,,,,,,,,,,,,0.1061353784594865,,,,,0.017754513770341873,2.0571485947584733e-05
,imappo,,,,2953.0,0.0,0.0,0.0010285743531426306,0.0,0.0,0.0,0.0,0.0010285743531426306,0.0,0.0,0.0,0.0,0.0,,,,,,,
0.08562541753053665,imappo,6.792569911340252e-05,-3.3497583866119385,0.00011350450150050026,2954.0,,,,,,,,,,,,,,0.10600200066688892,,,,,0.027596035972237587,0.006687796674668789
,imappo,,,,2954.0,0.0,0.0,0.33438978970482935,0.0,0.0,0.0,0.3333333432674408,0.0010564464373885585,0.0,0.0,0.0,0.0,0.0,,,,,,,
0.022379962727427483,imappo,9.818268154049292e-05,-1.9534525871276855,0.00011320440146715574,2955.0,,,,,,,,,,,,,,0.10586862287429138,,,,,0.029608573764562607,0.006686223670840263
,imappo,,,,2955.0,0.0,0.0,0.3343112175375609,0.0,0.0,0.0,0.3333333432674408,0.0009778742701200827,0.0,0.0,0.0,0.0,0.0,,,,,,,
0.0059005883522331715,imappo,9.645585669204593e-05,-1.5190523862838745,0.00011290430143381133,2956.0,,,,,,,,,,,,,,0.10573524508169391,,,,,0.027368955314159393,0.006685294676572084
,imappo,,,,2956.0,0.0,0.0,0.3342647514255077,0.0,0.0,0.0,0.3333333432674408,0.0009314081580669153,0.0,0.0,0.0,0.0,0.0,,,,,,,
0.015749473124742508,imappo,5.718670945498161e-05,-3.2407283782958984,0.00011260420140046692,2957.0,,,,,,,,,,,,,,0.10560186728909637,,,,,0.024984266608953476,0.006687536835670471
,imappo,,,,2957.0,0.0,0.0,0.33437684453201655,0.0,0.0,0.0,0.3333333432674408,0.0010435012645757524,0.0,0.0,0.0,0.0,0.0,,,,,,,
0.07418176531791687,imappo,4.6354089136002585e-05,-3.7497289180755615,0.0001123041013671224,2958.0,,,,,,,,,,,,,,0.10546848949649879,,,,,0.03161923587322235,0.006682129111140966
,imappo,,,,2958.0,0.0,0.0,0.3341064849392694,0.0,0.0,0.0,0.3333333432674408,0.0007731118695062378,0.0,0.0,0.0,0.0,0.0,,,,,,,
0.028646014630794525,imappo,0.0005772101576440036,-2.3607685565948486,0.00011200400133377789,2959.0,,,,,,,,,,,,,,0.10533511170390125,,,,,0.021866939961910248,2.1550364181166515e-05
,imappo,,,,2959.0,0.0,0.0,0.0010775182463476085,0.0,0.0,0.0,0.0,0.0010775182463476085,0.0,0.0,0.0,0.0,0.0,,,,,,,
0.00492485798895359,imappo,7.389069651253521e-05,-2.2925477027893066,0.00011170390130043359,2960.0,,,,,,,,,,,,,,0.10520173391130377,,,,,0.020811457186937332,2.1341002138797194e-05
,imappo,,,,2960.0,0.0,0.0,0.0010670501014828915,0.0,0.0,0.0,0.0,0.0010670501014828915,0.0,0.0,0.0,0.0,0.0,,,,,,,
0.03231676295399666,imappo,0.0010008071549236774,-3.164565086364746,0.00011140380126708907,2961.0,,,,,,,,,,,,,,0.10506835611870624,,,,,0.02476295456290245,0.006686589680612087
,imappo,,,,2961.0,0.0,0.0,0.33432948392101025,0.0,0.0,0.0,0.3333333432674408,0.000996140653569455,0.0,0.0,0.0,0.0,0.0,,,,,,,
-0.009089905768632889,imappo,5.1190472731832415e-05,-2.1509554386138916,0.00011110370123374467,2962.0,,,,,,,,,,,,,,0.10493497832610865,,,,,0.018421411514282227,1.9169186998624355e-05
,imappo,,,,2962.0,0.0,0.0,0.0009584593744875747,0.0,0.0,0.0,0.0,0.0009584593744875747,0.0,0.0,0.0,0.0,0.0,,,,,,,
0.003246474778279662,imappo,0.00030710321152582765,-1.8478257656097412,0.00011080360120040015,2963.0,,,,,,,,,,,,,,0.10480160053351112,,,,,0.0296640507876873,0.006683440878987312
,imappo,,,,2963.0,0.0,0.0,0.3341720180678749,0.0,0.0,0.0,0.3333333432674408,0.0008386748004340916,0.0,0.0,0.0,0.0,0.0,,,,,,,
0.009247749112546444,imappo,4.4348384108161554e-05,-2.026414155960083,0.00011050350116705574,2964.0,,,,,,,,,,,,,,0.10466822274091364,,,,,0.030862223356962204,0.006687282118946314
,imappo,,,,2964.0,0.0,0.0,0.3343640938937824,0.0,0.0,0.0,0.3333333432674408,0.0010307506263416144,0.0,0.0,0.0,0.0,0.0,,,,,,,
0.027673989534378052,imappo,1.9595287085394375e-05,-1.1860935688018799,0.00011020340113371133,2965.0,,,,,,,,,,,,,,0.10453484494831611,,,,,0.028846316039562225,0.006695544347167015
,imappo,,,,2965.0,0.0,0.0,0.33477720819928436,0.0,0.0,0.0,0.3333333432674408,0.0014438649318435637,0.0,0.0,0.0,0.0,0.0,,,,,,,
0.0325697623193264,imappo,2.152984234271571e-05,-1.9005303382873535,0.00010990330110036682,2966.0,,,,,,,,,,,,,,0.10440146715571852,,,,,0.027732817456126213,0.006687904708087444
,imappo,,,,2966.0,0.0,0.0,0.33439517582564804,0.0,0.0,0.0,0.3333333432674408,0.0010618027558848553,0.0,0.0,0.0,0.0,0.0,,,,,,,
-0.00263875350356102,imappo,1.3469743862515315e-05,-1.2001832723617554,0.0001096032010670223,2967.0,,,,,,,,,,,,,,0.10426808936312099,,,,,0.0270986445248127,0.0066931177861988544
,imappo,,,,2967.0,0.0,0.0,0.33465586839702155,0.0,0.0,0.0,0.3333333432674408,0.0013225251295807539,0.0,0.0,0.0,0.0,0.0,,,,,,,
0.007246013730764389,imappo,3.298974479548633e-05,-3.0819427967071533,0.000109303101033678,2968.0,,,,,,,,,,,,,,0.10413471157052351,,,,,0.025803718715906143,0.006689105648547411
,imappo,,,,2968.0,0.0,0.0,0.33445531909183046,0.0,0.0,0.0,0.3333333432674408,0.001121975824389665,0.0,0.0,0.0,0.0,0.0,,,,,,,
0.02329835295677185,imappo,2.6695286578615196e-05,-3.0110270977020264,0.00010900300100033348,2969.0,,,,,,,,,,,,,,0.10400133377792597,,,,,0.022562403231859207,0.006687946151942015
,imappo,,,,2969.0,0.0,0.0,0.33439731191992905,0.0,0.0,0.0,0.3333333432674408,0.0010639686524882563,0.0,0.0,0.0,0.0,0.0,,,,,,,
0.0032947927247732878,imappo,1.3181694157538004e-05,-1.4252723455429077,0.00010870290096698897,2970.0,,,,,,,,,,,,,,0.10386795598532839,,,,,0.03293120861053467,0.006685283035039902
,imappo,,,,2970.0,0.0,0.0,0.33426413850531844,0.0,0.0,0.0,0.3333333432674408,0.0009307952378776463,0.0,0.0,0.0,0.0,0.0,,,,,,,
0.03267569839954376,imappo,1.9393000911804847e-05,-3.786088466644287,0.00010840280093364467,2971.0,,,,,,,,,,,,,,0.10373457819273091,,,,,0.02286987006664276,0.0066861482337117195
,imappo,,,,2971.0,0.0,0.0,0.33430743629787685,0.0,0.0,0.0,0.3333333432674408,0.0009740930304360518,0.0,0.0,0.0,0.0,0.0,,,,,,,
0.03277380019426346,imappo,1.524758044979535e-05,-2.845454454421997,0.00010810270090030015,2972.0,,,,,,,,,,,,,,0.10360120040013338,,,,,0.03228733688592911,0.00668401550501585
,imappo,,,,2972.0,0.0,0.0,0.33420072521266775,0.0,0.0,0.0,0.3333333432674408,0.0008673819452269527,0.0,0.0,0.0,0.0,0.0,,,,,,,
0.0326351560652256,imappo,1.3336314623302314e-05,-3.0313098430633545,0.00010780260086695574,2973.0,,,,,,,,,,,,,,0.10346782260753584,,,,,0.02130155637860298,0.006686071865260601
,imappo,,,,2973.0,0.0,0.0,0.33430357218276185,0.0,0.0,0.0,0.3333333432674408,0.0009702289153210586,0.0,0.0,0.0,0.0,0.0,,,,,,,
0.024750255048274994,imappo,8.951794370659627e-06,-2.091153860092163,0.00010750250083361123,2974.0,,,,,,,,,,,,,,0.10333444481493825,,,,,0.02997526153922081,0.006682970095425844
,imappo,,,,2974.0,0.0,0.0,0.3341485094451855,0.0,0.0,0.0,0.3333333432674408,0.0008151959800670738,0.0,0.0,0.0,0.0,0.0,,,,,,,
0.08629222214221954,imappo,0.0016940293135121465,-2.8188934326171875,0.00010720240080026682,2975.0,,,,,,,,,,,,,,0.10320106702234078,,,,,0.025092072784900665,2.2768976123188622e-05
,imappo,,,,2975.0,0.0,0.0,0.0011384487414431987,0.0,0.0,0.0,0.0,0.0011384487414431987,0.0,0.0,0.0,0.0,0.0,,,,,,,
0.051848847419023514,imappo,0.00017621912411414087,-3.778982400894165,0.00010690230076692241,2976.0,,,,,,,,,,,,,,0.10306768922974324,,,,,0.03270164877176285,0.006681195925921202
,imappo,,,,2976.0,0.0,0.0,0.3340597878868721,0.0,0.0,0.0,0.3333333432674408,0.0007264446194312768,0.0,0.0,0.0,0.0,0.0,,,,,,,
0.003536930540576577,imappo,0.00020325640798546374,-1.783260703086853,0.00010660220073357789,2977.0,,,,,,,,,,,,,,0.10293431143714571,,,,,0.0320938304066658,0.006680607795715332
,imappo,,,,2977.0,0.0,0.0,0.3340303551369743,0.0,0.0,0.0,0.3333333432674408,0.0006970118695335259,0.0,0.0,0.0,0.0,0.0,,,,,,,
0.004817985463887453,imappo,0.0013153739273548126,-1.3658076524734497,0.00010630210070023338,2978.0,,,,,,,,,,,,,,0.10280093364454812,,,,,0.024111932143568993,0.006684572901576757
,imappo,,,,2978.0,0.0,0.0,0.3342286442259734,0.0,0.0,0.0,0.3333333432674408,0.0008953009585326299,0.0,0.0,0.0,0.0,0.0,,,,,,,
0.027542266994714737,imappo,0.000129222622490488,-2.2548844814300537,0.00010600200066688908,2979.0,,,,,,,,,,,,,,0.10266755585195064,,,,,0.02955746091902256,0.006680989172309637
,imappo,,,,2979.0,0.0,0.0,0.33404947142025776,0.0,0.0,0.0,0.3333333432674408,0.0007161281528169638,0.0,0.0,0.0,0.0,0.0,,,,,,,
0.04504062607884407,imappo,4.093844472663477e-05,-1.9995646476745605,0.00010570190063354456,2980.0,,,,,,,,,,,,,,0.10253417805935311,,,,,0.02934706211090088,0.006681482773274183
,imappo,,,,2980.0,0.0,0.0,0.3340741770284694,0.0,0.0,0.0,0.3333333432674408,0.0007408337610286253,0.0,0.0,0.0,0.0,0.0,,,,,,,
0.012960070744156837,imappo,1.0203869351244066e-05,-2.6072213649749756,0.00010540180060020004,2981.0,,,,,,,,,,,,,,0.10240080026675558,,,,,0.026520851999521255,0.006681396160274744
,imappo,,,,2981.0,0.0,0.0,0.33406981471864583,0.0,0.0,0.0,0.3333333432674408,0.0007364714512050341,0.0,0.0,0.0,0.0,0.0,,,,,,,
0.06740226596593857,imappo,5.057452290202491e-05,-3.4333126544952393,0.00010510170056685563,2982.0,,,,,,,,,,,,,,0.10226742247415799,,,,,0.026973113417625427,0.006684830877929926
,imappo,,,,2982.0,0.0,0.0,0.3342415644701191,0.0,0.0,0.0,0.3333333432674408,0.0009082212026783054,0.0,0.0,0.0,0.0,0.0,,,,,,,
0.0832771584391594,imappo,0.001781456870958209,-3.0980544090270996,0.00010480160053351123,2983.0,,,,,,,,,,,,,,0.10213404468156051,,,,,0.02236725389957428,2.0474073608056642e-05
,imappo,,,,2983.0,0.0,0.0,0.0010237037331535248,0.0,0.0,0.0,0.0,0.0010237037331535248,0.0,0.0,0.0,0.0,0.0,,,,,,,
0.036696113646030426,imappo,5.036702714278363e-05,-2.3635971546173096,0.00010450150050016682,2984.0,,,,,,,,,,,,,,0.10200066688896298,,,,,0.02957441657781601,0.006683164741843939
,imappo,,,,2984.0,0.0,0.0,0.33415824084420365,0.0,0.0,0.0,0.3333333432674408,0.0008248975767628508,0.0,0.0,0.0,0.0,0.0,,,,,,,
0.008143598213791847,imappo,0.00013538463099393994,-1.608006477355957,0.0001042014004668223,2985.0,,,,,,,,,,,,,,0.10186728909636544,,,,,0.023710021749138832,0.006680984050035477
,imappo,,,,2985.0,0.0,0.0,0.33404921233352525,0.0,0.0,0.0,0.3333333432674408,0.000715898868406839,0.0,0.0,0.0,0.0,0.0,,,,,,,
0.031296636909246445,imappo,0.0006785890436731279,-2.623889684677124,0.0001039013004334779,2986.0,,,,,,,,,,,,,,0.10173391130376791,,,,,0.02091694064438343,2.2117757907835767e-05
,imappo,,,,2986.0,0.0,0.0,0.0011058879830159185,0.0,0.0,0.0,0.0,0.0011058879830159185,0.0,0.0,0.0,0.0,0.0,,,,,,,
0.04076201096177101,imappo,0.00024060816213022918,-3.230931520462036,0.00010360120040013349,2987.0,,,,,,,,,,,,,,0.10160053351117038,,,,,0.019867604598402977,1.6772220988059416e-05
,imappo,,,,2987.0,0.0,0.0,0.0008386110912397271,0.0,0.0,0.0,0.0,0.0008386110912397271,0.0,0.0,0.0,0.0,0.0,,,,,,,
0.037345290184020996,imappo,0.0006219003116711974,-3.2186081409454346,0.00010330110036678897,2988.0,,,,,,,,,,,,,,0.10146715571857284,,,,,0.03125299513339996,0.006687901448458433
,imappo,,,,2988.0,0.0,0.0,0.3343950826665605,0.0,0.0,0.0,0.3333333432674408,0.0010617393991196877,0.0,0.0,0.0,0.0,0.0,,,,,,,
0.0013664396246895194,imappo,0.00010109240974998102,-3.2760019302368164,0.00010300100033344445,2989.0,,,,,,,,,,,,,,0.10133377792597531,,,,,0.017496678978204727,1.4767059838050045e-05
,imappo,,,,2989.0,0.0,0.0,0.0007383529932667443,0.0,0.0,0.0,0.0,0.0007383529932667443,0.0,0.0,0.0,0.0,0.0,,,,,,,
-0.000805199146270752,imappo,0.000564121815841645,-2.6435911655426025,0.00010270090030010015,2990.0,,,,,,,,,,,,,,0.10120040013337778,,,,,0.02883167937397957,0.006682013161480427
,imappo,,,,2990.0,0.0,0.0,0.3341006861232927,0.0,0.0,0.0,0.3333333432674408,0.0007673428558518935,0.0,0.0,0.0,0.0,0.0,,,,,,,
0.20420141518115997,imappo,0.00016115825565066189,-4.37558650970459,0.00010240080026675564,2991.0,,,,,,,,,,,,,,0.10106702234078024,,,,,0.02471292018890381,0.00669195456430316
,imappo,,,,2991.0,0.0,0.0,0.33459774564744293,0.0,0.0,0.0,0.3333333432674408,0.0012644023800021387,0.0,0.0,0.0,0.0,0.0,,,,,,,
0.0004983802791684866,imappo,5.097054236102849e-05,-1.7643749713897705,0.00010210070023341112,2992.0,,,,,,,,,,,,,,0.10093364454818271,,,,,0.028819752857089043,0.006687447894364595
,imappo,,,,2992.0,0.0,0.0,0.3343723794056359,0.0,0.0,0.0,0.3333333432674408,0.0010390361381951152,0.0,0.0,0.0,0.0,0.0,,,,,,,
0.03545700013637543,imappo,0.0012888530036434531,-2.5809175968170166,0.00010180060020006671,2993.0,,,,,,,,,,,,,,0.10080026675558518,,,,,0.020907724276185036,1.5235618775477633e-05
,imappo,,,,2993.0,0.0,0.0,0.000761780944117163,0.0,0.0,0.0,0.0,0.000761780944117163,0.0,0.0,0.0,0.0,0.0,,,,,,,
0.018252898007631302,imappo,7.318751158891246e-05,-1.5575690269470215,0.0001015005001667223,2994.0,,,,,,,,,,,,,,0.10066688896298764,,,,,0.024126194417476654,0.006685217842459679
,imappo,,,,2994.0,0.0,0.0,0.33426089188185415,0.0,0.0,0.0,0.3333333432674408,0.0009275486144133538,0.0,0.0,0.0,0.0,0.0,,,,,,,
0.01734340190887451,imappo,9.26788998185657e-05,-3.2817938327789307,0.0001012004001333779,2995.0,,,,,,,,,,,,,,0.10053351117039011,,,,,0.02074638195335865,0.006691065616905689
,imappo,,,,2995.0,0.0,0.0,0.3345532910982456,0.0,0.0,0.0,0.3333333432674408,0.0012199478308048128,0.0,0.0,0.0,0.0,0.0,,,,,,,
0.027833033353090286,imappo,5.9757629060186446e-05,-2.3585288524627686,0.00010090030010003338,2996.0,,,,,,,,,,,,,,0.10040013337779258,,,,,0.02739926055073738,0.006682485807687044
,imappo,,,,2996.0,0.0,0.0,0.3341243008154038,0.0,0.0,0.0,0.3333333432674408,0.0007909575479629893,0.0,0.0,0.0,0.0,0.0,,,,,,,
0.018224431201815605,imappo,5.5801243433961645e-05,-2.049222707748413,0.00010060020006668886,2997.0,,,,,,,,,,,,,,0.10026675558519504,,,,,0.028982941061258316,0.006682495586574078
,imappo,,,,2997.0,0.0,0.0,0.3341247759481121,0.0,0.0,0.0,0.3333333432674408,0.0007914326806712779,0.0,0.0,0.0,0.0,0.0,,,,,,,
0.002050382550805807,imappo,5.7161796576110646e-05,-1.81792414188385,0.00010030010003334456,2998.0,,,,,,,,,,,,,,0.10013337779259751,,,,,0.036512844264507294,0.006684781517833471
,imappo,,,,2998.0,0.0,0.0,0.33423904713941965,0.0,0.0,0.0,0.3333333432674408,0.0009057038719788579,0.0,0.0,0.0,0.0,0.0,,,,,,,
0.007204914931207895,imappo,4.4242307922104374e-05,-1.6728198528289795,0.00010000000000000005,2999.0,,,,,,,,,,,,,,0.09999999999999998,,,,,0.027245579287409782,0.006685571279376745
,imappo,,,,2999.0,0.0,0.0,0.3342785691120298,0.0,0.0,0.0,0.3333333432674408,0.0009452258445890038,0.0,0.0,0.0,0.0,0.0,,,,,,,
,imappo,,,,2999.0,,,,,,,,,,,,,,,0.0,0.0,0.0,0.0,,
