{
  "actor_loss": [
    -0.016643036156892776,
    -0.018503747880458832,
    -0.010953948833048344,
    -0.005250559188425541,
    -0.016529101878404617,
    -0.018018774688243866,
    -0.0055494350381195545,
    -0.009427915327250957,
    -0.0030983081087470055,
    -0.011518599465489388,
    -0.007939516566693783,
    -0.007870777510106564,
    -0.005587615538388491,
    -0.009229092858731747,
    -0.015373021364212036,
    -0.011278337799012661,
    -0.004531468264758587,
    -0.008813247084617615,
    -0.009780478663742542,
    -0.011937676928937435,
    -0.00745073426514864,
    -0.01065001543611288,
    -0.008499117568135262,
    -0.00813707709312439,
    -0.007392424624413252,
    -0.017974000424146652,
    -0.010106489062309265,
    -0.007821481674909592,
    -0.006373526994138956,
    -0.013448857702314854
  ],
  "actor_loss_T": [
    0,
    1,
    2,
    3,
    4,
    5,
    6,
    7,
    8,
    9,
    10,
    11,
    12,
    13,
    14,
    15,
    16,
    17,
    18,
    19,
    20,
    21,
    22,
    23,
    24,
    25,
    26,
    27,
    28,
    29
  ],
  "critic_loss": [
    75.63414001464844,
    101.88603973388672,
    175.100830078125,
    111.94920349121094,
    273.04022216796875,
    127.35885620117188,
    41.27144241333008,
    42.96512985229492,
    36.513790130615234,
    123.62950897216797,
    78.25777435302734,
    84.06484985351562,
    189.00009155273438,
    227.76760864257812,
    198.6298370361328,
    54.01083755493164,
    161.10403442382812,
    91.04176330566406,
    154.95431518554688,
    84.74701690673828,
    124.84849548339844,
    140.35650634765625,
    65.49417114257812,
    174.45103454589844,
    106.19071960449219,
    107.12321472167969,
    171.55133056640625,
    29.56963539123535,
    101.94338989257812,
    173.9105987548828
  ],
  "critic_loss_T": [
    0,
    1,
    2,
    3,
    4,
    5,
    6,
    7,
    8,
    9,
    10,
    11,
    12,
    13,
    14,
    15,
    16,
    17,
    18,
    19,
    20,
    21,
    22,
    23,
    24,
    25,
    26,
    27,
    28,
    29
  ],
  "entropy": [
    3.1510143280029297,
    4.419936656951904,
    1.8746345043182373,
    0.6506242156028748,
    4.47352409362793,
    3.2342276573181152,
    0.66005939245224,
    0.7618528604507446,
    2.0708160400390625,
    4.586319446563721,
    3.382047653198242,
    1.9621635675430298,
    -0.39487993717193604,
    2.263484001159668,
    4.698358535766602,
    4.617845058441162,
    2.1617984771728516,
    3.3059089183807373,
    0.8204963207244873,
    4.698912143707275,
    2.0952913761138916,
    3.5219430923461914,
    2.131288528442383,
    4.810231685638428,
    2.235135793685913,
    5.011466979980469,
    2.6302566528320312,
    1.2176810503005981,
    1.269870638847351,
    3.5875799655914307
  ],
  "entropy_T": [
    0,
    1,
    2,
    3,
    4,
    5,
    6,
    7,
    8,
    9,
    10,
    11,
    12,
    13,
    14,
    15,
    16,
    17,
    18,
    19,
    20,
    21,
    22,
    23,
    24,
    25,
    26,
    27,
    28,
    29
  ],
  "episode": [
    0,
    1,
    2,
    3,
    4,
    5,
    6,
    7,
    8,
    9,
    10,
    11,
    12,
    13,
    14,
    15,
    16,
    17,
    18,
    19,
    20,
    21,
    22,
    23,
    24,
    25,
    26,
    27,
    28,
    29
  ],
  "episode_T": [
    0,
    1,
    2,
    3,
    4,
    5,
    6,
    7,
    8,
    9,
    10,
    11,
    12,
    13,
    14,
    15,
    16,
    17,
    18,
    19,
    20,
    21,
    22,
    23,
    24,
    25,
    26,
    27,
    28,
    29
  ],
  "episode_return": [
    -20.057414770126343,
    -23.340771794319153,
    -30.1950923204422,
    -24.138588070869446,
    -37.64055514335632,
    -25.943004369735718,
    -14.91068297624588,
    -15.230107426643372,
    -13.814567267894745,
    -25.603729248046875,
    -20.543752551078796,
    -21.278966784477234,
    -31.815098524093628,
    -35.08994269371033,
    -32.72860836982727,
    -17.524643421173096,
    -29.300999879837036,
    -22.257070541381836,
    -29.380128383636475,
    -21.949900150299072,
    -27.29736053943634,
    -29.071874976158142,
    -20.676893949508667,
    -32.499406576156616,
    -26.95210897922516,
    -28.63500726222992,
    -36.25144696235657,
    -20.384722352027893,
    -32.27189862728119,
    -39.59764385223389
  ],
  "episode_return_T": [
    0,
    1,
    2,
    3,
    4,
    5,
    6,
    7,
    8,
    9,
    10,
    11,
    12,
    13,
    14,
    15,
    16,
    17,
    18,
    19,
    20,
    21,
    22,
    23,
    24,
    25,
    26,
    27,
    28,
    29
  ],
  "potential_loss": [
    0.8039985299110413,
    3.802962303161621,
    1.7822550535202026,
    1.6824314594268799,
    1.2263087034225464,
    2.392334461212158,
    1.6357719898223877,
    2.778762102127075,
    1.1347525119781494,
    2.092474937438965,
    2.9532313346862793,
    1.402982473373413,
    2.5548977851867676,
    1.7336864471435547,
    0.9746876955032349,
    1.5894602537155151,
    2.043471336364746,
    2.516451835632324,
    1.4707273244857788,
    3.3721842765808105,
    3.751911163330078,
    3.404287099838257,
    2.4139745235443115,
    1.395951509475708,
    0.45476725697517395,
    1.0269595384597778,
    1.0317559242248535,
    2.122971534729004,
    0.34352219104766846,
    2.366464138031006
  ],
  "potential_loss_T": [
    0,
    1,
    2,
    3,
    4,
    5,
    6,
    7,
    8,
    9,
    10,
    11,
    12,
    13,
    14,
    15,
    16,
    17,
    18,
    19,
    20,
    21,
    22,
    23,
    24,
    25,
    26,
    27,
    28,
    29
  ],
  "return_mean": [
    -1.2535884380340576,
    -1.4587981700897217,
    -1.8871933221817017,
    -1.5086617469787598,
    -2.352534532546997,
    -1.6214377880096436,
    -0.931917667388916,
    -0.9518817067146301,
    -0.863410472869873,
    -1.6002329587936401,
    -1.2839844226837158,
    -1.3299354314804077,
    -1.9884436130523682,
    -2.1931214332580566,
    -2.0455381870269775,
    -1.095290184020996,
    -1.831312656402588,
    -1.3910667896270752,
    -1.8362581729888916,
    -1.3718688488006592,
    -1.706084966659546,
    -1.8169922828674316,
    -1.292305827140808,
    -2.0312130451202393,
    -1.6845067739486694,
    -1.789687991142273,
    -2.2657153606414795,
    -1.2740451097488403,
    -2.016993522644043,
    -2.4748525619506836
  ],
  "return_mean_T": [
    0,
    1,
    2,
    3,
    4,
    5,
    6,
    7,
    8,
    9,
    10,
    11,
    12,
    13,
    14,
    15,
    16,
    17,
    18,
    19,
    20,
    21,
    22,
    23,
    24,
    25,
    26,
    27,
    28,
    29
  ]
}