{
  "actor_loss": [
    -0.03877697139978409,
    -0.022650357335805893,
    -0.008601424284279346,
    -0.015508932992815971,
    -0.011073845438659191,
    -0.01545076072216034,
    -0.011149240657687187,
    -0.018429607152938843,
    -0.0037844872567802668,
    -0.018369026482105255,
    -0.02488964982330799,
    -0.014955872669816017,
    -0.01159949041903019,
    -0.014553614892065525,
    -0.011141825467348099,
    -0.016663730144500732,
    -0.011482381261885166,
    -0.008937432430684566,
    -0.01091873086988926,
    -0.009668204933404922,
    -0.008046139031648636,
    -0.008775913156569004,
    -0.008222859352827072,
    -0.010392454452812672,
    -0.014578509144484997,
    -0.007176095154136419,
    -0.012603363953530788,
    -0.009370398707687855,
    -0.009324302896857262,
    -0.006535016931593418
  ],
  "actor_loss_T": [
    0,
    1,
    2,
    3,
    4,
    5,
    6,
    7,
    8,
    9,
    10,
    11,
    12,
    13,
    14,
    15,
    16,
    17,
    18,
    19,
    20,
    21,
    22,
    23,
    24,
    25,
    26,
    27,
    28,
    29
  ],
  "critic_loss": [
    153.16099548339844,
    249.880126953125,
    89.0697250366211,
    74.87466430664062,
    107.9793930053711,
    115.00514221191406,
    130.7454071044922,
    90.07142639160156,
    100.09129333496094,
    197.27520751953125,
    158.85806274414062,
    149.98779296875,
    127.00333404541016,
    244.7506561279297,
    93.39958953857422,
    75.84506225585938,
    90.91893768310547,
    209.96652221679688,
    151.91143798828125,
    98.33251190185547,
    147.34242248535156,
    49.949859619140625,
    58.16016387939453,
    101.17091369628906,
    146.34381103515625,
    89.40168762207031,
    160.19775390625,
    10.004570960998535,
    160.42648315429688,
    80.98445129394531
  ],
  "critic_loss_T": [
    0,
    1,
    2,
    3,
    4,
    5,
    6,
    7,
    8,
    9,
    10,
    11,
    12,
    13,
    14,
    15,
    16,
    17,
    18,
    19,
    20,
    21,
    22,
    23,
    24,
    25,
    26,
    27,
    28,
    29
  ],
  "entropy": [
    3.844672203063965,
    2.70424222946167,
    1.5597769021987915,
    2.705115795135498,
    1.4113118648529053,
    2.6938798427581787,
    1.4025893211364746,
    3.7949962615966797,
    -1.061241626739502,
    4.031458854675293,
    2.663212776184082,
    2.442448139190674,
    3.920919418334961,
    2.657132863998413,
    1.3798699378967285,
    1.36460280418396,
    2.7436773777008057,
    2.7552084922790527,
    2.675095558166504,
    2.7973530292510986,
    -0.8749055862426758,
    1.405569314956665,
    1.4708046913146973,
    1.402946949005127,
    3.8370797634124756,
    1.4073654413223267,
    2.653566360473633,
    1.4615223407745361,
    1.3493258953094482,
    2.6869115829467773
  ],
  "entropy_T": [
    0,
    1,
    2,
    3,
    4,
    5,
    6,
    7,
    8,
    9,
    10,
    11,
    12,
    13,
    14,
    15,
    16,
    17,
    18,
    19,
    20,
    21,
    22,
    23,
    24,
    25,
    26,
    27,
    28,
    29
  ],
  "episode": [
    0,
    1,
    2,
    3,
    4,
    5,
    6,
    7,
    8,
    9,
    10,
    11,
    12,
    13,
    14,
    15,
    16,
    17,
    18,
    19,
    20,
    21,
    22,
    23,
    24,
    25,
    26,
    27,
    28,
    29
  ],
  "episode_T": [
    0,
    1,
    2,
    3,
    4,
    5,
    6,
    7,
    8,
    9,
    10,
    11,
    12,
    13,
    14,
    15,
    16,
    17,
    18,
    19,
    20,
    21,
    22,
    23,
    24,
    25,
    26,
    27,
    28,
    29
  ],
  "episode_return": [
    -28.41897976398468,
    -36.215155601501465,
    -21.730420351028442,
    -19.8718501329422,
    -23.75854229927063,
    -24.62954843044281,
    -26.08753991127014,
    -21.97723376750946,
    -23.189265370368958,
    -32.74488687515259,
    -29.2319016456604,
    -28.309870839118958,
    -26.077462315559387,
    -35.943015575408936,
    -22.181668043136597,
    -20.45682394504547,
    -22.842586159706116,
    -33.75177788734436,
    -29.24066197872162,
    -23.783435702323914,
    -29.631779313087463,
    -17.742657899856567,
    -19.199662566184998,
    -25.414324402809143,
    -30.898043751716614,
    -25.810415506362915,
    -36.961355686187744,
    -10.885302364826202,
    -38.28606867790222,
    -30.0942862033844
  ],
  "episode_return_T": [
    0,
    1,
    2,
    3,
    4,
    5,
    6,
    7,
    8,
    9,
    10,
    11,
    12,
    13,
    14,
    15,
    16,
    17,
    18,
    19,
    20,
    21,
    22,
    23,
    24,
    25,
    26,
    27,
    28,
    29
  ],
  "potential_loss": [
    3.4652984142303467,
    3.889338493347168,
    3.7043206691741943,
    1.591674566268921,
    1.4856884479522705,
    3.719332695007324,
    1.018353819847107,
    3.1430342197418213,
    1.244057297706604,
    1.4149670600891113,
    3.775482654571533,
    4.450498580932617,
    2.509385585784912,
    1.4901490211486816,
    4.208566665649414,
    2.470430374145508,
    4.6191840171813965,
    0.831254243850708,
    2.8562867641448975,
    0.9707183837890625,
    4.529107093811035,
    2.8897721767425537,
    2.8456482887268066,
    1.3194644451141357,
    1.5837275981903076,
    1.7804120779037476,
    2.575627326965332,
    1.5985358953475952,
    2.2894649505615234,
    1.58870530128479
  ],
  "potential_loss_T": [
    0,
    1,
    2,
    3,
    4,
    5,
    6,
    7,
    8,
    9,
    10,
    11,
    12,
    13,
    14,
    15,
    16,
    17,
    18,
    19,
    20,
    21,
    22,
    23,
    24,
    25,
    26,
    27,
    28,
    29
  ],
  "return_mean": [
    -1.776186227798462,
    -2.2634472846984863,
    -1.3581513166427612,
    -1.241990566253662,
    -1.484908938407898,
    -1.539346694946289,
    -1.6304712295532227,
    -1.3735772371292114,
    -1.4493290185928345,
    -2.046555519104004,
    -1.8269938230514526,
    -1.7693668603897095,
    -1.6298413276672363,
    -2.246438503265381,
    -1.3863542079925537,
    -1.278551459312439,
    -1.427661657333374,
    -2.1094861030578613,
    -1.8275413513183594,
    -1.4864646196365356,
    -1.851986289024353,
    -1.1089160442352295,
    -1.1999788284301758,
    -1.588395357131958,
    -1.9311277866363525,
    -1.613150954246521,
    -2.310084819793701,
    -0.6803314089775085,
    -2.3928794860839844,
    -1.8808928728103638
  ],
  "return_mean_T": [
    0,
    1,
    2,
    3,
    4,
    5,
    6,
    7,
    8,
    9,
    10,
    11,
    12,
    13,
    14,
    15,
    16,
    17,
    18,
    19,
    20,
    21,
    22,
    23,
    24,
    25,
    26,
    27,
    28,
    29
  ]
}