{
  "actor_loss": [
    -0.02438567578792572,
    -0.014294488355517387,
    -0.013079866766929626,
    -0.007273657713085413,
    -0.012731949798762798,
    -0.008013592101633549,
    -0.009404173120856285,
    -0.008507434278726578,
    -0.010253772139549255,
    -0.006073251832276583,
    -0.019777264446020126,
    -0.01714481972157955,
    -0.009077741764485836,
    -0.012482412159442902,
    -0.01710331067442894,
    -0.027481835335493088,
    -0.013550003990530968,
    -0.026319876313209534,
    -0.020019996911287308,
    -0.013328757137060165,
    -0.006894188467413187,
    -0.01603136770427227,
    -0.014940294437110424,
    -0.012215998023748398,
    -0.008589920587837696,
    -0.009727312251925468,
    -0.014711037278175354,
    -0.008052876219153404,
    -0.007752112112939358,
    -0.014148436486721039
  ],
  "actor_loss_T": [
    0,
    1,
    2,
    3,
    4,
    5,
    6,
    7,
    8,
    9,
    10,
    11,
    12,
    13,
    14,
    15,
    16,
    17,
    18,
    19,
    20,
    21,
    22,
    23,
    24,
    25,
    26,
    27,
    28,
    29
  ],
  "critic_loss": [
    69.07706451416016,
    130.23214721679688,
    65.0085220336914,
    84.75731658935547,
    138.29373168945312,
    189.47744750976562,
    130.30845642089844,
    100.47929382324219,
    154.58779907226562,
    143.74400329589844,
    156.81063842773438,
    164.07557678222656,
    117.14326477050781,
    201.54013061523438,
    168.24745178222656,
    181.57460021972656,
    114.98531341552734,
    155.55026245117188,
    160.13511657714844,
    181.10739135742188,
    58.07938003540039,
    230.36648559570312,
    203.04473876953125,
    109.15634155273438,
    92.80464935302734,
    142.8958740234375,
    86.17103576660156,
    40.89503860473633,
    66.63848876953125,
    76.77830505371094
  ],
  "critic_loss_T": [
    0,
    1,
    2,
    3,
    4,
    5,
    6,
    7,
    8,
    9,
    10,
    11,
    12,
    13,
    14,
    15,
    16,
    17,
    18,
    19,
    20,
    21,
    22,
    23,
    24,
    25,
    26,
    27,
    28,
    29
  ],
  "entropy": [
    3.1514480113983154,
    3.066533088684082,
    3.0873680114746094,
    0.612989604473114,
    3.068906545639038,
    1.8890360593795776,
    1.8989025354385376,
    0.5399208068847656,
    3.106034755706787,
    3.154193162918091,
    4.439757347106934,
    3.0754823684692383,
    0.5178055763244629,
    1.7588365077972412,
    4.379248142242432,
    3.048753261566162,
    1.852646827697754,
    4.171558856964111,
    2.796977996826172,
    1.5908621549606323,
    2.7916626930236816,
    1.6243826150894165,
    1.709541916847229,
    1.6686702966690063,
    2.685481309890747,
    0.32654833793640137,
    0.33963626623153687,
    2.86350417137146,
    2.8481273651123047,
    0.2593322694301605
  ],
  "entropy_T": [
    0,
    1,
    2,
    3,
    4,
    5,
    6,
    7,
    8,
    9,
    10,
    11,
    12,
    13,
    14,
    15,
    16,
    17,
    18,
    19,
    20,
    21,
    22,
    23,
    24,
    25,
    26,
    27,
    28,
    29
  ],
  "episode": [
    0,
    1,
    2,
    3,
    4,
    5,
    6,
    7,
    8,
    9,
    10,
    11,
    12,
    13,
    14,
    15,
    16,
    17,
    18,
    19,
    20,
    21,
    22,
    23,
    24,
    25,
    26,
    27,
    28,
    29
  ],
  "episode_T": [
    0,
    1,
    2,
    3,
    4,
    5,
    6,
    7,
    8,
    9,
    10,
    11,
    12,
    13,
    14,
    15,
    16,
    17,
    18,
    19,
    20,
    21,
    22,
    23,
    24,
    25,
    26,
    27,
    28,
    29
  ],
  "episode_return": [
    -19.28421640396118,
    -26.410591959953308,
    -18.724555611610413,
    -21.045422196388245,
    -27.19033658504486,
    -31.429962038993835,
    -26.309404492378235,
    -22.825932145118713,
    -28.454232931137085,
    -27.749128222465515,
    -28.552217721939087,
    -29.693704962730408,
    -24.941156268119812,
    -33.10425126552582,
    -30.09706699848175,
    -31.664080381393433,
    -24.84730863571167,
    -29.499431252479553,
    -30.010728001594543,
    -31.931446075439453,
    -19.365772008895874,
    -36.29336643218994,
    -35.5082848072052,
    -26.324139833450317,
    -25.22120761871338,
    -32.10601794719696,
    -25.09824013710022,
    -20.51035702228546,
    -27.162891268730164,
    -28.25368356704712
  ],
  "episode_return_T": [
    0,
    1,
    2,
    3,
    4,
    5,
    6,
    7,
    8,
    9,
    10,
    11,
    12,
    13,
    14,
    15,
    16,
    17,
    18,
    19,
    20,
    21,
    22,
    23,
    24,
    25,
    26,
    27,
    28,
    29
  ],
  "potential_loss": [
    1.6397879123687744,
    2.3633270263671875,
    1.4699316024780273,
    1.2993013858795166,
    3.4031600952148438,
    1.8773353099822998,
    1.0246409177780151,
    2.6500818729400635,
    1.5156512260437012,
    2.7344255447387695,
    1.402014970779419,
    2.3194022178649902,
    3.057785987854004,
    2.0807883739471436,
    4.832968711853027,
    4.166786193847656,
    1.4885879755020142,
    2.570546865463257,
    2.7961108684539795,
    1.5535839796066284,
    1.260841727256775,
    1.856519103050232,
    3.9117541313171387,
    1.547592282295227,
    2.2408699989318848,
    0.377129465341568,
    2.8500709533691406,
    2.451751947402954,
    1.3329418897628784,
    2.2933363914489746
  ],
  "potential_loss_T": [
    0,
    1,
    2,
    3,
    4,
    5,
    6,
    7,
    8,
    9,
    10,
    11,
    12,
    13,
    14,
    15,
    16,
    17,
    18,
    19,
    20,
    21,
    22,
    23,
    24,
    25,
    26,
    27,
    28,
    29
  ],
  "return_mean": [
    -1.205263376235962,
    -1.6506621837615967,
    -1.1702848672866821,
    -1.3153388500213623,
    -1.6993961334228516,
    -1.9643726348876953,
    -1.644337773323059,
    -1.426620602607727,
    -1.7783894538879395,
    -1.7343205213546753,
    -1.7845137119293213,
    -1.8558565378189087,
    -1.5588222742080688,
    -2.0690157413482666,
    -1.8810667991638184,
    -1.979004979133606,
    -1.5529568195343018,
    -1.8437144756317139,
    -1.8756705522537231,
    -1.995715618133545,
    -1.2103607654571533,
    -2.2683353424072266,
    -2.2192678451538086,
    -1.6452586650848389,
    -1.5763254165649414,
    -2.0066261291503906,
    -1.568640112876892,
    -1.2818973064422607,
    -1.6976805925369263,
    -1.7658551931381226
  ],
  "return_mean_T": [
    0,
    1,
    2,
    3,
    4,
    5,
    6,
    7,
    8,
    9,
    10,
    11,
    12,
    13,
    14,
    15,
    16,
    17,
    18,
    19,
    20,
    21,
    22,
    23,
    24,
    25,
    26,
    27,
    28,
    29
  ]
}