{
  "advantage_mean": [
    0.0018172581990559896,
    -2.0015260416666667,
    1.0138466796875,
    0.38508548990885416,
    -0.4991591796875,
    0.3088516642252604,
    -1.0177437337239583,
    -0.19252518717447917
  ],
  "advantage_mean_T": [
    250,
    10250,
    20250,
    30250,
    40250,
    50250,
    60250,
    70250
  ],
  "agent_grad_norm": [
    0.4667452871799469,
    0.39675676822662354,
    0.3552791476249695,
    0.39107027649879456,
    0.5419673323631287,
    0.39679738879203796,
    0.6316617131233215,
    0.6807717680931091
  ],
  "agent_grad_norm_T": [
    250,
    10250,
    20250,
    30250,
    40250,
    50250,
    60250,
    70250
  ],
  "critic_grad_norm": [
    5.848459720611572,
    10.620891571044922,
    6.12228536605835,
    8.029789924621582,
    9.36468505859375,
    11.543665885925293,
    22.740121841430664,
    13.82371997833252
  ],
  "critic_grad_norm_T": [
    250,
    10250,
    20250,
    30250,
    40250,
    50250,
    60250,
    70250
  ],
  "critic_loss": [
    18.974441528320312,
    19.194456100463867,
    8.733739852905273,
    12.539204597473145,
    11.673463821411133,
    9.459593772888184,
    15.453619956970215,
    10.707684516906738
  ],
  "critic_loss_T": [
    250,
    10250,
    20250,
    30250,
    40250,
    50250,
    60250,
    70250
  ],
  "ep_length_mean": [
    25.0,
    25.0,
    25.0,
    25.0,
    25.0,
    25.0,
    25.0,
    25.0
  ],
  "ep_length_mean_T": [
    250,
    10250,
    20250,
    30250,
    40250,
    50250,
    60250,
    70250
  ],
  "episode": [
    2000
  ],
  "episode_T": [
    50000
  ],
  "pg_loss": [
    -0.04192369431257248,
    1.9932236671447754,
    -1.0214205980300903,
    -0.39620551466941833,
    0.4859621524810791,
    -0.31820032000541687,
    1.0020322799682617,
    0.17562076449394226
  ],
  "pg_loss_T": [
    250,
    10250,
    20250,
    30250,
    40250,
    50250,
    60250,
    70250
  ],
  "pi_max": [
    0.24548209635416668,
    0.414081787109375,
    0.38504532877604164,
    0.4067249755859375,
    0.3976245524088542,
    0.42233223470052084,
    0.49439689127604164,
    0.40402888997395836
  ],
  "pi_max_T": [
    250,
    10250,
    20250,
    30250,
    40250,
    50250,
    60250,
    70250
  ],
  "q_taken_mean": [
    0.05670594787597656,
    -0.1715975341796875,
    0.6926328125,
    1.3916676432291666,
    1.755298828125,
    1.2617933756510418,
    1.8099680989583333,
    2.7802470703125
  ],
  "q_taken_mean_T": [
    250,
    10250,
    20250,
    30250,
    40250,
    50250,
    60250,
    70250
  ],
  "return_mean": [
    {
      "dtype": "float64",
      "py/object": "numpy.float64",
      "value": -77.75430551107193
    },
    {
      "dtype": "float64",
      "py/object": "numpy.float64",
      "value": -76.53890063986385
    },
    {
      "dtype": "float64",
      "py/object": "numpy.float64",
      "value": -71.22035872780108
    },
    {
      "dtype": "float64",
      "py/object": "numpy.float64",
      "value": -66.79210111360084
    },
    {
      "dtype": "float64",
      "py/object": "numpy.float64",
      "value": -63.106482162785305
    },
    {
      "dtype": "float64",
      "py/object": "numpy.float64",
      "value": -65.04381296659281
    },
    {
      "dtype": "float64",
      "py/object": "numpy.float64",
      "value": -62.04306203051533
    },
    {
      "dtype": "float64",
      "py/object": "numpy.float64",
      "value": -62.044281396979976
    }
  ],
  "return_mean_T": [
    250,
    10250,
    20250,
    30250,
    40250,
    50250,
    60250,
    70250
  ],
  "return_std": [
    {
      "dtype": "float64",
      "py/object": "numpy.float64",
      "value": 38.231283424417654
    },
    {
      "dtype": "float64",
      "py/object": "numpy.float64",
      "value": 20.875411225353766
    },
    {
      "dtype": "float64",
      "py/object": "numpy.float64",
      "value": 19.328517952087918
    },
    {
      "dtype": "float64",
      "py/object": "numpy.float64",
      "value": 17.289177657263416
    },
    {
      "dtype": "float64",
      "py/object": "numpy.float64",
      "value": 17.45115024632215
    },
    {
      "dtype": "float64",
      "py/object": "numpy.float64",
      "value": 17.13575803443887
    },
    {
      "dtype": "float64",
      "py/object": "numpy.float64",
      "value": 15.896746939586794
    },
    {
      "dtype": "float64",
      "py/object": "numpy.float64",
      "value": 15.074798117896043
    }
  ],
  "return_std_T": [
    250,
    10250,
    20250,
    30250,
    40250,
    50250,
    60250,
    70250
  ],
  "target_mean": [
    0.05852319844563802,
    -2.17312353515625,
    1.7064794921875,
    1.7767530924479167,
    1.2561395670572917,
    1.57064501953125,
    0.792224365234375,
    2.5877218424479165
  ],
  "target_mean_T": [
    250,
    10250,
    20250,
    30250,
    40250,
    50250,
    60250,
    70250
  ],
  "td_error_abs": [
    3.1978365885416666,
    3.368594401041667,
    2.4598883463541665,
    2.8565130208333334,
    2.8251279296875,
    2.5500773111979167,
    2.866813802083333,
    2.6100901692708334
  ],
  "td_error_abs_T": [
    250,
    10250,
    20250,
    30250,
    40250,
    50250,
    60250,
    70250
  ],
  "test_ep_length_mean": [
    25.0,
    25.0
  ],
  "test_ep_length_mean_T": [
    250,
    50250
  ],
  "test_return_mean": [
    {
      "dtype": "float64",
      "py/object": "numpy.float64",
      "value": -74.59284009384142
    },
    {
      "dtype": "float64",
      "py/object": "numpy.float64",
      "value": -59.39648424575538
    }
  ],
  "test_return_mean_T": [
    250,
    50250
  ],
  "test_return_std": [
    {
      "dtype": "float64",
      "py/object": "numpy.float64",
      "value": 22.325199125852635
    },
    {
      "dtype": "float64",
      "py/object": "numpy.float64",
      "value": 15.362890822913108
    }
  ],
  "test_return_std_T": [
    250,
    50250
  ]
}