{
  "actor_loss": [
    -0.10200586915016174,
    -0.05886823311448097,
    -0.08770797401666641,
    -0.030924377962946892,
    -0.0677216500043869,
    -0.08748774975538254,
    -0.029631976038217545,
    -0.042803701013326645,
    -0.0577254518866539,
    -0.06087376922369003,
    -0.0591750405728817,
    -0.05586616322398186,
    -0.02958265319466591,
    -0.05629776418209076,
    -0.060068756341934204
  ],
  "actor_loss_T": [
    1,
    3,
    5,
    7,
    9,
    11,
    13,
    15,
    17,
    19,
    21,
    23,
    25,
    27,
    29
  ],
  "critic_loss": [
    343.8978576660156,
    413.1921691894531,
    396.7644348144531,
    220.57598876953125,
    196.20077514648438,
    555.6763305664062,
    311.69049072265625,
    128.7626953125,
    167.960205078125,
    108.2724380493164,
    27.58016586303711,
    33.227134704589844,
    80.45597839355469,
    34.26869201660156,
    7.9209303855896
  ],
  "critic_loss_T": [
    1,
    3,
    5,
    7,
    9,
    11,
    13,
    15,
    17,
    19,
    21,
    23,
    25,
    27,
    29
  ],
  "entropy": [
    3.780088424682617,
    1.2893732786178589,
    4.025330543518066,
    0.4451220631599426,
    3.1632676124572754,
    2.7121052742004395,
    0.30446428060531616,
    4.313521862030029,
    2.8145201206207275,
    2.296417713165283,
    2.4742112159729004,
    3.216391086578369,
    3.2468152046203613,
    1.1769113540649414,
    1.6964198350906372
  ],
  "entropy_T": [
    1,
    3,
    5,
    7,
    9,
    11,
    13,
    15,
    17,
    19,
    21,
    23,
    25,
    27,
    29
  ],
  "episode": [
    0,
    1,
    2,
    3,
    4,
    5,
    6,
    7,
    8,
    9,
    10,
    11,
    12,
    13,
    14,
    15,
    16,
    17,
    18,
    19,
    20,
    21,
    22,
    23,
    24,
    25,
    26,
    27,
    28,
    29
  ],
  "episode_T": [
    0,
    1,
    2,
    3,
    4,
    5,
    6,
    7,
    8,
    9,
    10,
    11,
    12,
    13,
    14,
    15,
    16,
    17,
    18,
    19,
    20,
    21,
    22,
    23,
    24,
    25,
    26,
    27,
    28,
    29
  ],
  "episode_return": [
    -26.979644775390625,
    -30.069578051567078,
    -28.807992458343506,
    -33.40436363220215,
    -31.219016671180725,
    -30.93120050430298,
    -32.97247290611267,
    -16.422274589538574,
    -28.27311396598816,
    -18.305194973945618,
    -31.888346433639526,
    -41.839115381240845,
    -31.852097511291504,
    -28.556424260139465,
    -28.374058723449707,
    -15.757905781269073,
    -31.125610947608948,
    -24.18825352191925,
    -20.209704041481018,
    -27.716920495033264,
    -23.646374583244324,
    -19.20263183116913,
    -22.749492406845093,
    -31.11459231376648,
    -24.423734068870544,
    -36.834503173828125,
    -18.714058876037598,
    -20.967402577400208,
    -35.15891981124878,
    -26.589868783950806
  ],
  "episode_return_T": [
    0,
    1,
    2,
    3,
    4,
    5,
    6,
    7,
    8,
    9,
    10,
    11,
    12,
    13,
    14,
    15,
    16,
    17,
    18,
    19,
    20,
    21,
    22,
    23,
    24,
    25,
    26,
    27,
    28,
    29
  ],
  "potential_loss": [
    2.15836763381958,
    1.5550614595413208,
    1.4786951541900635,
    1.964266300201416,
    1.8994688987731934,
    2.580124616622925,
    1.7473211288452148,
    1.225956678390503,
    2.0895581245422363,
    2.8634519577026367,
    3.399847984313965,
    1.750869870185852,
    0.567947268486023,
    1.7446401119232178,
    1.542586326599121
  ],
  "potential_loss_T": [
    1,
    3,
    5,
    7,
    9,
    11,
    13,
    15,
    17,
    19,
    21,
    23,
    25,
    27,
    29
  ],
  "return_mean": [
    -1.7827881574630737,
    -1.944136142730713,
    -1.9421942234039307,
    -1.5435858964920044,
    -1.4555721282958984,
    -2.303983211517334,
    -1.8877662420272827,
    -1.3791239261627197,
    -1.7285583019256592,
    -1.4977070093154907,
    -1.339031457901001,
    -1.6832526922225952,
    -1.9143197536468506,
    -1.2400456666946411,
    -1.9296497106552124
  ],
  "return_mean_T": [
    1,
    3,
    5,
    7,
    9,
    11,
    13,
    15,
    17,
    19,
    21,
    23,
    25,
    27,
    29
  ]
}