{
  "actor_loss": [
    -0.05055510252714157,
    -0.06675650179386139,
    -0.040617793798446655,
    -0.01578994281589985,
    -0.046844661235809326,
    -0.052988745272159576,
    -0.018892768770456314,
    -0.021559584885835648,
    -0.022783098742365837,
    -0.07065114378929138,
    -0.039050303399562836,
    -0.03422136232256889,
    -0.011348966509103775,
    -0.0390816293656826,
    -0.06454699486494064,
    -0.07827742397785187,
    -0.028915179893374443,
    -0.04377639293670654,
    -0.034674208611249924,
    -0.040550000965595245,
    -0.03086286410689354,
    -0.05984406918287277,
    -0.04815266281366348,
    -0.043770767748355865,
    -0.029838036745786667,
    -0.06473971903324127,
    -0.02309437468647957,
    -0.02716151252388954,
    -0.0333290621638298,
    -0.11016736924648285
  ],
  "actor_loss_T": [
    0,
    1,
    2,
    3,
    4,
    5,
    6,
    7,
    8,
    9,
    10,
    11,
    12,
    13,
    14,
    15,
    16,
    17,
    18,
    19,
    20,
    21,
    22,
    23,
    24,
    25,
    26,
    27,
    28,
    29
  ],
  "critic_loss": [
    153.57614135742188,
    138.4438934326172,
    174.40541076660156,
    165.55242919921875,
    84.86045837402344,
    113.83149719238281,
    54.65639114379883,
    104.8905029296875,
    39.58444595336914,
    62.34846496582031,
    46.60352325439453,
    63.963741302490234,
    34.997215270996094,
    45.752437591552734,
    45.606407165527344,
    154.54559326171875,
    17.167591094970703,
    1.7218728065490723,
    11.477071762084961,
    4.121410369873047,
    12.996604919433594,
    35.07134246826172,
    13.191859245300293,
    8.483243942260742,
    13.440054893493652,
    10.723349571228027,
    3.7998790740966797,
    3.291297674179077,
    30.14626693725586,
    24.428348541259766
  ],
  "critic_loss_T": [
    0,
    1,
    2,
    3,
    4,
    5,
    6,
    7,
    8,
    9,
    10,
    11,
    12,
    13,
    14,
    15,
    16,
    17,
    18,
    19,
    20,
    21,
    22,
    23,
    24,
    25,
    26,
    27,
    28,
    29
  ],
  "entropy": [
    3.2390875816345215,
    4.615224838256836,
    1.952309012413025,
    0.8177143931388855,
    4.713104724884033,
    3.6538054943084717,
    0.7816199064254761,
    1.1059188842773438,
    2.4333488941192627,
    5.352103233337402,
    3.8523545265197754,
    2.8651106357574463,
    0.44125843048095703,
    2.8810839653015137,
    5.669184684753418,
    5.730160713195801,
    2.847489356994629,
    4.961655139923096,
    1.4562501907348633,
    5.375482559204102,
    2.9382095336914062,
    4.405337333679199,
    2.7308735847473145,
    4.9408063888549805,
    2.6234073638916016,
    5.349761962890625,
    3.1708412170410156,
    1.2300944328308105,
    0.9377299547195435,
    4.835166931152344
  ],
  "entropy_T": [
    0,
    1,
    2,
    3,
    4,
    5,
    6,
    7,
    8,
    9,
    10,
    11,
    12,
    13,
    14,
    15,
    16,
    17,
    18,
    19,
    20,
    21,
    22,
    23,
    24,
    25,
    26,
    27,
    28,
    29
  ],
  "episode": [
    0,
    1,
    2,
    3,
    4,
    5,
    6,
    7,
    8,
    9,
    10,
    11,
    12,
    13,
    14,
    15,
    16,
    17,
    18,
    19,
    20,
    21,
    22,
    23,
    24,
    25,
    26,
    27,
    28,
    29
  ],
  "episode_T": [
    0,
    1,
    2,
    3,
    4,
    5,
    6,
    7,
    8,
    9,
    10,
    11,
    12,
    13,
    14,
    15,
    16,
    17,
    18,
    19,
    20,
    21,
    22,
    23,
    24,
    25,
    26,
    27,
    28,
    29
  ],
  "episode_return": [
    -28.77425456047058,
    -27.143617153167725,
    -30.604613661766052,
    -29.85970115661621,
    -22.13275420665741,
    -25.957714557647705,
    -17.84772562980652,
    -26.275507926940918,
    -16.87763237953186,
    -25.72869861125946,
    -24.05934488773346,
    -33.4534649848938,
    -24.12427568435669,
    -38.58263325691223,
    -33.53842222690582,
    -36.976025104522705,
    -30.87863552570343,
    -31.525160670280457,
    -33.79242467880249,
    -18.719682931900024,
    -19.863256096839905,
    -26.986113786697388,
    -34.728259563446045,
    -22.736860275268555,
    -27.347814559936523,
    -27.53279709815979,
    -22.291855692863464,
    -23.360134959220886,
    -30.004993200302124,
    -32.08435761928558
  ],
  "episode_return_T": [
    0,
    1,
    2,
    3,
    4,
    5,
    6,
    7,
    8,
    9,
    10,
    11,
    12,
    13,
    14,
    15,
    16,
    17,
    18,
    19,
    20,
    21,
    22,
    23,
    24,
    25,
    26,
    27,
    28,
    29
  ],
  "potential_loss": [
    0.8064335584640503,
    3.9124975204467773,
    1.2840726375579834,
    1.4898613691329956,
    0.8612688183784485,
    1.906665325164795,
    1.370392084121704,
    2.7912721633911133,
    0.9593601226806641,
    2.245706081390381,
    3.9151201248168945,
    1.1908223628997803,
    2.3249757289886475,
    1.2248256206512451,
    1.007307767868042,
    1.5275399684906006,
    1.9032597541809082,
    2.5535857677459717,
    1.7056654691696167,
    3.264688014984131,
    3.4460432529449463,
    3.112888813018799,
    2.175165891647339,
    1.036484956741333,
    0.5329450368881226,
    0.3889228105545044,
    1.4031448364257812,
    2.5150303840637207,
    0.5177919864654541,
    2.4738712310791016
  ],
  "potential_loss_T": [
    0,
    1,
    2,
    3,
    4,
    5,
    6,
    7,
    8,
    9,
    10,
    11,
    12,
    13,
    14,
    15,
    16,
    17,
    18,
    19,
    20,
    21,
    22,
    23,
    24,
    25,
    26,
    27,
    28,
    29
  ],
  "return_mean": [
    -1.7983908653259277,
    -1.6964762210845947,
    -1.9127883911132812,
    -1.8662313222885132,
    -1.3832972049713135,
    -1.6223571300506592,
    -1.1154828071594238,
    -1.6422191858291626,
    -1.05485200881958,
    -1.6080435514450073,
    -1.5037089586257935,
    -2.090841770172119,
    -1.5077672004699707,
    -2.411414623260498,
    -2.096151351928711,
    -2.311001777648926,
    -1.9299147129058838,
    -1.9703227281570435,
    -2.1120264530181885,
    -1.1699802875518799,
    -1.2414535284042358,
    -1.6866321563720703,
    -2.1705162525177,
    -1.4210537672042847,
    -1.7092384099960327,
    -1.7207998037338257,
    -1.393241047859192,
    -1.4600083827972412,
    -1.8753119707107544,
    -2.005272388458252
  ],
  "return_mean_T": [
    0,
    1,
    2,
    3,
    4,
    5,
    6,
    7,
    8,
    9,
    10,
    11,
    12,
    13,
    14,
    15,
    16,
    17,
    18,
    19,
    20,
    21,
    22,
    23,
    24,
    25,
    26,
    27,
    28,
    29
  ]
}