{
  "actor_loss": [
    -0.09631206840276718,
    -0.013766461983323097,
    -0.05214216932654381
  ],
  "actor_loss_T": [
    0,
    1,
    2
  ],
  "critic_loss": [
    46.96257781982422,
    23.164588928222656,
    78.99960327148438
  ],
  "critic_loss_T": [
    0,
    1,
    2
  ],
  "entropy": [
    4.046014308929443,
    -2.048842668533325,
    0.5428885817527771
  ],
  "entropy_T": [
    0,
    1,
    2
  ],
  "episode": [
    0,
    1,
    2
  ],
  "episode_T": [
    0,
    1,
    2
  ],
  "episode_return": [
    -13.16311490535736,
    -9.181476831436157,
    -16.926814794540405
  ],
  "episode_return_T": [
    0,
    1,
    2
  ],
  "potential_loss": [
    0.7789236307144165,
    0.5726104974746704,
    1.4968571662902832
  ],
  "potential_loss_T": [
    0,
    1,
    2
  ],
  "return_mean": [
    -1.6453893184661865,
    -1.1476845741271973,
    -2.115851879119873
  ],
  "return_mean_T": [
    0,
    1,
    2
  ]
}