{
  "actor_loss": [
    -0.04649758338928223,
    -0.06471043080091476,
    -0.03997502103447914,
    -0.02834424376487732,
    -0.05339233577251434,
    -0.038550376892089844,
    -0.010384352877736092,
    -0.032459162175655365,
    -0.018897240981459618,
    -0.05921153724193573,
    -0.03183527663350105,
    -0.023949729278683662,
    -0.015788519755005836,
    -0.02329462766647339,
    -0.047342993319034576,
    -0.0504969097673893,
    -0.029482897371053696,
    -0.04025159776210785,
    -0.042417239397764206,
    -0.08021774888038635,
    -0.039786748588085175,
    -0.05569243058562279,
    -0.04726321995258331,
    -0.02307397499680519,
    -0.04272954538464546,
    -0.0330953523516655,
    -0.03128112107515335,
    -0.024044664576649666,
    -0.024973491206765175,
    -0.04370322450995445
  ],
  "actor_loss_T": [
    0,
    1,
    2,
    3,
    4,
    5,
    6,
    7,
    8,
    9,
    10,
    11,
    12,
    13,
    14,
    15,
    16,
    17,
    18,
    19,
    20,
    21,
    22,
    23,
    24,
    25,
    26,
    27,
    28,
    29
  ],
  "critic_loss": [
    170.98924255371094,
    108.01620483398438,
    279.2579345703125,
    109.80477142333984,
    44.90961456298828,
    117.02115631103516,
    48.074195861816406,
    58.44698715209961,
    54.82932662963867,
    73.08828735351562,
    265.53582763671875,
    70.03424835205078,
    0.8806532621383667,
    20.640884399414062,
    12.075273513793945,
    40.131690979003906,
    20.799667358398438,
    5.13336706161499,
    43.54528045654297,
    7.704146862030029,
    6.9420318603515625,
    7.261847496032715,
    15.911627769470215,
    17.643756866455078,
    1.1839346885681152,
    5.3822021484375,
    45.6161994934082,
    4.471723556518555,
    17.989147186279297,
    3.972771167755127
  ],
  "critic_loss_T": [
    0,
    1,
    2,
    3,
    4,
    5,
    6,
    7,
    8,
    9,
    10,
    11,
    12,
    13,
    14,
    15,
    16,
    17,
    18,
    19,
    20,
    21,
    22,
    23,
    24,
    25,
    26,
    27,
    28,
    29
  ],
  "entropy": [
    3.1285126209259033,
    4.336092948913574,
    1.884642481803894,
    0.7706035375595093,
    4.682795524597168,
    3.7419114112854004,
    0.8998953700065613,
    0.982153058052063,
    2.349222183227539,
    5.03309440612793,
    3.7942233085632324,
    2.6057472229003906,
    -0.34664368629455566,
    2.350414752960205,
    4.8296895027160645,
    4.6427130699157715,
    2.2113687992095947,
    3.6081383228302,
    1.0027943849563599,
    4.8816094398498535,
    2.0266902446746826,
    4.843425273895264,
    3.1774821281433105,
    5.226706027984619,
    2.469369411468506,
    5.656342506408691,
    2.9693455696105957,
    2.062191963195801,
    1.768368124961853,
    3.539705276489258
  ],
  "entropy_T": [
    0,
    1,
    2,
    3,
    4,
    5,
    6,
    7,
    8,
    9,
    10,
    11,
    12,
    13,
    14,
    15,
    16,
    17,
    18,
    19,
    20,
    21,
    22,
    23,
    24,
    25,
    26,
    27,
    28,
    29
  ],
  "episode": [
    0,
    1,
    2,
    3,
    4,
    5,
    6,
    7,
    8,
    9,
    10,
    11,
    12,
    13,
    14,
    15,
    16,
    17,
    18,
    19,
    20,
    21,
    22,
    23,
    24,
    25,
    26,
    27,
    28,
    29
  ],
  "episode_T": [
    0,
    1,
    2,
    3,
    4,
    5,
    6,
    7,
    8,
    9,
    10,
    11,
    12,
    13,
    14,
    15,
    16,
    17,
    18,
    19,
    20,
    21,
    22,
    23,
    24,
    25,
    26,
    27,
    28,
    29
  ],
  "episode_return": [
    -30.76891541481018,
    -24.38051950931549,
    -39.86173057556152,
    -25.263787865638733,
    -19.054450750350952,
    -35.62300109863281,
    -27.892720818519592,
    -28.48796057701111,
    -23.669609785079956,
    -39.048956871032715,
    -32.20210826396942,
    -26.799283504486084,
    -20.617881894111633,
    -25.71096408367157,
    -31.315009474754333,
    -23.23847484588623,
    -32.95034909248352,
    -19.333114624023438,
    -11.89627468585968,
    -22.242069363594055,
    -23.428472757339478,
    -24.63662612438202,
    -24.332533955574036,
    -30.76300823688507,
    -26.18067765235901,
    -24.920524835586548,
    -34.7873637676239,
    -14.328324496746063,
    -15.581744372844696,
    -24.01952028274536
  ],
  "episode_return_T": [
    0,
    1,
    2,
    3,
    4,
    5,
    6,
    7,
    8,
    9,
    10,
    11,
    12,
    13,
    14,
    15,
    16,
    17,
    18,
    19,
    20,
    21,
    22,
    23,
    24,
    25,
    26,
    27,
    28,
    29
  ],
  "potential_loss": [
    0.5503432750701904,
    3.6350958347320557,
    0.9587861895561218,
    1.8126659393310547,
    0.5802081823348999,
    1.2198901176452637,
    1.0614995956420898,
    2.514453887939453,
    0.7850715517997742,
    2.155858039855957,
    4.334574222564697,
    1.3576133251190186,
    1.7665765285491943,
    1.6802477836608887,
    0.7010496854782104,
    1.248302936553955,
    2.1416492462158203,
    1.9254628419876099,
    1.484852910041809,
    3.566434383392334,
    4.542396545410156,
    3.307203769683838,
    2.045823335647583,
    0.34102922677993774,
    0.6472499370574951,
    0.6247587203979492,
    1.7799590826034546,
    2.2311854362487793,
    0.34044843912124634,
    2.6987555027008057
  ],
  "potential_loss_T": [
    0,
    1,
    2,
    3,
    4,
    5,
    6,
    7,
    8,
    9,
    10,
    11,
    12,
    13,
    14,
    15,
    16,
    17,
    18,
    19,
    20,
    21,
    22,
    23,
    24,
    25,
    26,
    27,
    28,
    29
  ],
  "return_mean": [
    -1.9230570793151855,
    -1.52378249168396,
    -2.4913580417633057,
    -1.5789867639541626,
    -1.1909031867980957,
    -2.226437568664551,
    -1.7432950735092163,
    -1.780497431755066,
    -1.4793505668640137,
    -2.4405598640441895,
    -2.01263165473938,
    -1.6749552488327026,
    -1.2886176109313965,
    -1.6069353818893433,
    -1.9571880102157593,
    -1.4524046182632446,
    -2.059396743774414,
    -1.2083196640014648,
    -0.7435172200202942,
    -1.3901292085647583,
    -1.4642795324325562,
    -1.5397891998291016,
    -1.5207833051681519,
    -1.9226881265640259,
    -1.6362924575805664,
    -1.557532787322998,
    -2.1742103099823,
    -0.8955202698707581,
    -0.9738590121269226,
    -1.5012199878692627
  ],
  "return_mean_T": [
    0,
    1,
    2,
    3,
    4,
    5,
    6,
    7,
    8,
    9,
    10,
    11,
    12,
    13,
    14,
    15,
    16,
    17,
    18,
    19,
    20,
    21,
    22,
    23,
    24,
    25,
    26,
    27,
    28,
    29
  ]
}