{
  "actor_loss": [
    -0.035370539873838425,
    -0.018405858427286148,
    -0.00841708667576313,
    -0.006733888294547796,
    -0.014610180631279945,
    -0.016388408839702606,
    -0.007694755680859089,
    -0.00731000117957592,
    -0.011088338680565357,
    -0.014448015950620174,
    -0.008368846960365772,
    -0.007834358140826225,
    -0.0039774151518940926,
    -0.007993732579052448,
    -0.013014172203838825,
    -0.027507234364748,
    -0.004519925452768803,
    -0.007953417487442493,
    -0.005891340784728527,
    -0.013230704702436924,
    -0.01209719106554985,
    -0.013196192681789398,
    -0.013427786529064178,
    -0.007373627740889788,
    -0.004490136634558439,
    -0.013564941473305225,
    -0.005398304667323828,
    -0.005288975313305855,
    -0.010441484861075878,
    -0.009155088104307652
  ],
  "actor_loss_T": [
    0,
    1,
    2,
    3,
    4,
    5,
    6,
    7,
    8,
    9,
    10,
    11,
    12,
    13,
    14,
    15,
    16,
    17,
    18,
    19,
    20,
    21,
    22,
    23,
    24,
    25,
    26,
    27,
    28,
    29
  ],
  "critic_loss": [
    226.91012573242188,
    216.09681701660156,
    100.7330322265625,
    263.3312072753906,
    100.58670806884766,
    205.5592498779297,
    236.82351684570312,
    154.13616943359375,
    322.4223327636719,
    308.38824462890625,
    165.23193359375,
    169.97848510742188,
    93.1880111694336,
    170.0283660888672,
    197.6641845703125,
    161.29298400878906,
    152.0746612548828,
    171.51853942871094,
    68.43647003173828,
    122.41462707519531,
    130.5950469970703,
    199.35716247558594,
    198.10076904296875,
    87.94464874267578,
    157.6345977783203,
    122.35832977294922,
    206.96817016601562,
    120.54960632324219,
    96.52934265136719,
    12.826478958129883
  ],
  "critic_loss_T": [
    0,
    1,
    2,
    3,
    4,
    5,
    6,
    7,
    8,
    9,
    10,
    11,
    12,
    13,
    14,
    15,
    16,
    17,
    18,
    19,
    20,
    21,
    22,
    23,
    24,
    25,
    26,
    27,
    28,
    29
  ],
  "entropy": [
    3.168869972229004,
    4.310972213745117,
    1.77151358127594,
    0.7138878703117371,
    4.408482074737549,
    3.0859785079956055,
    0.5662049055099487,
    0.6585273146629333,
    1.9501162767410278,
    4.403626441955566,
    3.2393949031829834,
    1.9560235738754272,
    -0.6136948466300964,
    2.0130295753479004,
    4.753897190093994,
    4.643649101257324,
    1.956084132194519,
    3.569880247116089,
    0.8776018619537354,
    4.841976165771484,
    2.271897554397583,
    3.450981616973877,
    2.5342447757720947,
    4.68623685836792,
    2.606543779373169,
    4.7680745124816895,
    2.5713396072387695,
    1.0276468992233276,
    1.0216734409332275,
    3.5388827323913574
  ],
  "entropy_T": [
    0,
    1,
    2,
    3,
    4,
    5,
    6,
    7,
    8,
    9,
    10,
    11,
    12,
    13,
    14,
    15,
    16,
    17,
    18,
    19,
    20,
    21,
    22,
    23,
    24,
    25,
    26,
    27,
    28,
    29
  ],
  "episode": [
    0,
    1,
    2,
    3,
    4,
    5,
    6,
    7,
    8,
    9,
    10,
    11,
    12,
    13,
    14,
    15,
    16,
    17,
    18,
    19,
    20,
    21,
    22,
    23,
    24,
    25,
    26,
    27,
    28,
    29
  ],
  "episode_T": [
    0,
    1,
    2,
    3,
    4,
    5,
    6,
    7,
    8,
    9,
    10,
    11,
    12,
    13,
    14,
    15,
    16,
    17,
    18,
    19,
    20,
    21,
    22,
    23,
    24,
    25,
    26,
    27,
    28,
    29
  ],
  "episode_return": [
    -34.5551962852478,
    -33.56615686416626,
    -23.150590777397156,
    -37.14501667022705,
    -22.836506962776184,
    -32.652064085006714,
    -35.33282494544983,
    -28.4572651386261,
    -41.20455551147461,
    -40.35883641242981,
    -29.359572291374207,
    -30.159026384353638,
    -22.4738507270813,
    -30.218031525611877,
    -32.580342292785645,
    -29.966377019882202,
    -28.917086601257324,
    -30.829889059066772,
    -19.920289516448975,
    -26.591028809547424,
    -27.614379286766052,
    -34.75475740432739,
    -35.14787840843201,
    -24.498108386993408,
    -32.67624831199646,
    -29.692014575004578,
    -40.54344820976257,
    -31.30258047580719,
    -30.202612161636353,
    -19.098896861076355
  ],
  "episode_return_T": [
    0,
    1,
    2,
    3,
    4,
    5,
    6,
    7,
    8,
    9,
    10,
    11,
    12,
    13,
    14,
    15,
    16,
    17,
    18,
    19,
    20,
    21,
    22,
    23,
    24,
    25,
    26,
    27,
    28,
    29
  ],
  "potential_loss": [
    1.276501178741455,
    3.0047662258148193,
    1.5951180458068848,
    1.9600961208343506,
    1.2443639039993286,
    2.466413974761963,
    1.5647683143615723,
    3.25353741645813,
    1.128896713256836,
    2.972686767578125,
    2.9848296642303467,
    1.4990806579589844,
    1.9853789806365967,
    1.8539516925811768,
    1.0062899589538574,
    1.6169965267181396,
    1.6854153871536255,
    2.313845157623291,
    1.6374537944793701,
    3.510819673538208,
    3.541135311126709,
    4.078448295593262,
    2.7852280139923096,
    1.181589126586914,
    0.5559983849525452,
    0.4617374837398529,
    1.5992873907089233,
    1.9716567993164062,
    0.49922770261764526,
    2.2965312004089355
  ],
  "potential_loss_T": [
    0,
    1,
    2,
    3,
    4,
    5,
    6,
    7,
    8,
    9,
    10,
    11,
    12,
    13,
    14,
    15,
    16,
    17,
    18,
    19,
    20,
    21,
    22,
    23,
    24,
    25,
    26,
    27,
    28,
    29
  ],
  "return_mean": [
    -2.1596999168395996,
    -2.0978848934173584,
    -1.4469119310379028,
    -2.321563720703125,
    -1.4272816181182861,
    -2.0407540798187256,
    -2.208301544189453,
    -1.7785791158676147,
    -2.575284719467163,
    -2.5224273204803467,
    -1.8349733352661133,
    -1.884939193725586,
    -1.4046156406402588,
    -1.8886269330978394,
    -2.036271572113037,
    -1.8728985786437988,
    -1.8073179721832275,
    -1.926868200302124,
    -1.2450180053710938,
    -1.6619393825531006,
    -1.7258987426757812,
    -2.1721725463867188,
    -2.196742296218872,
    -1.5311317443847656,
    -2.0422654151916504,
    -1.8557507991790771,
    -2.533965587615967,
    -1.9564111232757568,
    -1.8876633644104004,
    -1.193681240081787
  ],
  "return_mean_T": [
    0,
    1,
    2,
    3,
    4,
    5,
    6,
    7,
    8,
    9,
    10,
    11,
    12,
    13,
    14,
    15,
    16,
    17,
    18,
    19,
    20,
    21,
    22,
    23,
    24,
    25,
    26,
    27,
    28,
    29
  ]
}