{
  "actor_loss": [
    -0.07245701551437378,
    -0.03784152492880821,
    -0.03436322882771492,
    -0.03681911155581474,
    -0.03812564164400101,
    -0.03781534731388092,
    -0.032242003828287125,
    -0.0404495894908905,
    -0.048015594482421875,
    -0.047452643513679504,
    -0.029147082939743996,
    -0.02034338004887104,
    -0.02918817847967148,
    -0.014858708716928959,
    -0.019999567419290543,
    -0.0478656105697155,
    -0.022739481180906296,
    -0.01849336549639702,
    -0.03512786328792572,
    -0.03239814192056656
  ],
  "actor_loss_T": [
    0,
    1,
    2,
    3,
    4,
    5,
    6,
    7,
    8,
    9,
    10,
    11,
    12,
    13,
    14,
    15,
    16,
    17,
    18,
    19
  ],
  "critic_loss": [
    161.47723388671875,
    257.79425048828125,
    114.27030944824219,
    123.12601470947266,
    149.32980346679688,
    72.18269348144531,
    216.98045349121094,
    89.16423034667969,
    123.56089782714844,
    42.227317810058594,
    22.04062843322754,
    30.7283992767334,
    45.90286636352539,
    16.863079071044922,
    21.114547729492188,
    42.46208953857422,
    39.42670822143555,
    29.384410858154297,
    1.6351327896118164,
    6.254667282104492
  ],
  "critic_loss_T": [
    0,
    1,
    2,
    3,
    4,
    5,
    6,
    7,
    8,
    9,
    10,
    11,
    12,
    13,
    14,
    15,
    16,
    17,
    18,
    19
  ],
  "entropy": [
    4.083829879760742,
    0.23775042593479156,
    2.7583773136138916,
    2.8242712020874023,
    2.676636219024658,
    0.03246310353279114,
    2.545344591140747,
    2.4691002368927,
    3.6914899349212646,
    3.9066874980926514,
    1.4417190551757812,
    2.8981733322143555,
    0.34833747148513794,
    3.1061103343963623,
    1.7996084690093994,
    4.22313928604126,
    1.5497809648513794,
    0.8910959959030151,
    2.1588547229766846,
    4.154964923858643
  ],
  "entropy_T": [
    0,
    1,
    2,
    3,
    4,
    5,
    6,
    7,
    8,
    9,
    10,
    11,
    12,
    13,
    14,
    15,
    16,
    17,
    18,
    19
  ],
  "episode": [
    0,
    1,
    2,
    3,
    4,
    5,
    6,
    7,
    8,
    9,
    10,
    11,
    12,
    13,
    14,
    15,
    16,
    17,
    18,
    19
  ],
  "episode_T": [
    0,
    1,
    2,
    3,
    4,
    5,
    6,
    7,
    8,
    9,
    10,
    11,
    12,
    13,
    14,
    15,
    16,
    17,
    18,
    19
  ],
  "episode_return": [
    -29.337669134140015,
    -37.08569145202637,
    -24.772430896759033,
    -25.95648741722107,
    -28.8302663564682,
    -20.7503764629364,
    -36.19507622718811,
    -25.57987904548645,
    -30.581416726112366,
    -24.42716145515442,
    -21.38101613521576,
    -28.558271646499634,
    -30.235559701919556,
    -24.322267293930054,
    -29.35546863079071,
    -23.94153618812561,
    -38.351547718048096,
    -25.63757872581482,
    -21.552019834518433,
    -26.092113733291626
  ],
  "episode_return_T": [
    0,
    1,
    2,
    3,
    4,
    5,
    6,
    7,
    8,
    9,
    10,
    11,
    12,
    13,
    14,
    15,
    16,
    17,
    18,
    19
  ],
  "potential_loss": [
    1.8093175888061523,
    1.8569256067276,
    1.2888622283935547,
    1.1231327056884766,
    2.0100955963134766,
    1.2995795011520386,
    3.156724452972412,
    2.615217924118042,
    1.6002399921417236,
    1.4415513277053833,
    1.151443600654602,
    2.418729066848755,
    1.5993223190307617,
    0.9606205821037292,
    1.4091176986694336,
    3.065863609313965,
    1.3668664693832397,
    2.270510673522949,
    1.7372839450836182,
    2.6325433254241943
  ],
  "potential_loss_T": [
    0,
    1,
    2,
    3,
    4,
    5,
    6,
    7,
    8,
    9,
    10,
    11,
    12,
    13,
    14,
    15,
    16,
    17,
    18,
    19
  ],
  "return_mean": [
    -1.833604335784912,
    -2.3178558349609375,
    -1.5482769012451172,
    -1.6222805976867676,
    -1.8018916845321655,
    -1.2968984842300415,
    -2.2621922492980957,
    -1.5987423658370972,
    -1.9113385677337646,
    -1.5266975164413452,
    -1.3363134860992432,
    -1.784891963005066,
    -1.889722466468811,
    -1.5201416015625,
    -1.834716796875,
    -1.4963459968566895,
    -2.3969717025756836,
    -1.6023486852645874,
    -1.3470011949539185,
    -1.6307569742202759
  ],
  "return_mean_T": [
    0,
    1,
    2,
    3,
    4,
    5,
    6,
    7,
    8,
    9,
    10,
    11,
    12,
    13,
    14,
    15,
    16,
    17,
    18,
    19
  ]
}