{
  "seeds": [
    7,
    11,
    23
  ],
  "algorithm": "imappo",
  "output_dir": "reports/imappo_stage4_long_v1",
  "final_eval_collision_rate_mean": 0.24333333333333337,
  "final_easy_probe_collision_rate_mean": 0.24333333333333337,
  "final_mid_probe_collision_rate_mean": 0.3755555555555556,
  "final_hard_probe_collision_rate_mean": 0.5444444444444444,
  "final_easy_probe_task_completion_mean": 0.6150803472598395,
  "final_mid_probe_task_completion_mean": 0.6154603409767151,
  "final_hard_probe_task_completion_mean": 0.622510537703832,
  "final_probe_collision_rate_mean": 0.5444444444444444
}