{
  "actor_loss": [
    -0.028624115511775017,
    -0.017559312283992767,
    -0.014303082600235939,
    -0.006875948049128056,
    -0.01449388638138771,
    -0.014364601112902164,
    -0.006248626857995987,
    -0.0084669915959239,
    -0.006080150604248047,
    -0.014447314664721489,
    -0.006300720851868391,
    -0.007677481044083834,
    -0.005154758226126432,
    -0.007514412514865398,
    -0.01189857441931963,
    -0.012915018014609814,
    -0.005553094670176506,
    -0.007046783342957497,
    -0.009005986154079437,
    -0.013953872956335545,
    -0.006645943969488144,
    -0.007899428717792034,
    -0.010702686384320259,
    -0.008607693016529083,
    -0.006625469774007797,
    -0.011850529350340366,
    -0.01425608154386282,
    -0.004677415359765291,
    -0.010034232400357723,
    -0.01432694960385561
  ],
  "actor_loss_T": [
    0,
    1,
    2,
    3,
    4,
    5,
    6,
    7,
    8,
    9,
    10,
    11,
    12,
    13,
    14,
    15,
    16,
    17,
    18,
    19,
    20,
    21,
    22,
    23,
    24,
    25,
    26,
    27,
    28,
    29
  ],
  "critic_loss": [
    134.362548828125,
    176.30479431152344,
    266.1776428222656,
    26.964706420898438,
    179.32351684570312,
    64.80734252929688,
    226.02040100097656,
    259.3688049316406,
    177.37017822265625,
    226.70712280273438,
    120.7135238647461,
    150.5361785888672,
    171.7074432373047,
    261.4135437011719,
    115.29953002929688,
    24.982213973999023,
    142.36935424804688,
    119.41126251220703,
    85.04007720947266,
    200.3466796875,
    89.1585922241211,
    193.57199096679688,
    130.97531127929688,
    112.09871673583984,
    212.11737060546875,
    61.62588882446289,
    97.81462860107422,
    72.28433227539062,
    102.06734466552734,
    21.98021697998047
  ],
  "critic_loss_T": [
    0,
    1,
    2,
    3,
    4,
    5,
    6,
    7,
    8,
    9,
    10,
    11,
    12,
    13,
    14,
    15,
    16,
    17,
    18,
    19,
    20,
    21,
    22,
    23,
    24,
    25,
    26,
    27,
    28,
    29
  ],
  "entropy": [
    3.218918561935425,
    4.425510406494141,
    1.8601449728012085,
    0.6043968200683594,
    4.467219352722168,
    3.294029474258423,
    0.6651256084442139,
    0.7508974075317383,
    1.948837399482727,
    4.637141704559326,
    3.2938263416290283,
    2.0898871421813965,
    -0.5630565285682678,
    2.192406177520752,
    4.682517051696777,
    4.702692031860352,
    2.135399341583252,
    3.434910774230957,
    0.8570632934570312,
    4.696504592895508,
    2.2156124114990234,
    3.471588134765625,
    2.405458688735962,
    4.920072555541992,
    2.132296323776245,
    4.812570571899414,
    2.233809471130371,
    1.0716851949691772,
    1.0124045610427856,
    3.6554644107818604
  ],
  "entropy_T": [
    0,
    1,
    2,
    3,
    4,
    5,
    6,
    7,
    8,
    9,
    10,
    11,
    12,
    13,
    14,
    15,
    16,
    17,
    18,
    19,
    20,
    21,
    22,
    23,
    24,
    25,
    26,
    27,
    28,
    29
  ],
  "episode": [
    0,
    1,
    2,
    3,
    4,
    5,
    6,
    7,
    8,
    9,
    10,
    11,
    12,
    13,
    14,
    15,
    16,
    17,
    18,
    19,
    20,
    21,
    22,
    23,
    24,
    25,
    26,
    27,
    28,
    29
  ],
  "episode_T": [
    0,
    1,
    2,
    3,
    4,
    5,
    6,
    7,
    8,
    9,
    10,
    11,
    12,
    13,
    14,
    15,
    16,
    17,
    18,
    19,
    20,
    21,
    22,
    23,
    24,
    25,
    26,
    27,
    28,
    29
  ],
  "episode_return": [
    -26.64987027645111,
    -30.278608918190002,
    -37.24896502494812,
    -12.028835475444794,
    -30.576162934303284,
    -18.515470147132874,
    -34.630895137786865,
    -36.85677623748779,
    -30.835110902786255,
    -34.51228618621826,
    -25.543928384780884,
    -28.426764726638794,
    -30.103480100631714,
    -37.10219192504883,
    -25.10804796218872,
    -12.29241693019867,
    -28.239596128463745,
    -25.374338507652283,
    -22.125077605247498,
    -33.69772744178772,
    -23.032225966453552,
    -33.15949189662933,
    -28.24062967300415,
    -26.503232955932617,
    -36.819371461868286,
    -21.523025512695312,
    -28.056480646133423,
    -25.667316913604736,
    -30.567293524742126,
    -20.929311513900757
  ],
  "episode_return_T": [
    0,
    1,
    2,
    3,
    4,
    5,
    6,
    7,
    8,
    9,
    10,
    11,
    12,
    13,
    14,
    15,
    16,
    17,
    18,
    19,
    20,
    21,
    22,
    23,
    24,
    25,
    26,
    27,
    28,
    29
  ],
  "potential_loss": [
    0.7980018854141235,
    4.008501052856445,
    1.884211540222168,
    2.098726272583008,
    1.3751838207244873,
    2.780398368835449,
    1.568373680114746,
    3.188906192779541,
    1.47210693359375,
    3.00056529045105,
    3.0984578132629395,
    1.3483525514602661,
    2.3881068229675293,
    1.7434172630310059,
    1.5086662769317627,
    1.6008161306381226,
    1.9217848777770996,
    2.0856213569641113,
    1.8381195068359375,
    3.4639554023742676,
    3.1046195030212402,
    4.557883262634277,
    2.9669137001037598,
    1.9646865129470825,
    0.4779125452041626,
    1.0924837589263916,
    1.1307215690612793,
    2.56118106842041,
    0.5629284381866455,
    2.773585557937622
  ],
  "potential_loss_T": [
    0,
    1,
    2,
    3,
    4,
    5,
    6,
    7,
    8,
    9,
    10,
    11,
    12,
    13,
    14,
    15,
    16,
    17,
    18,
    19,
    20,
    21,
    22,
    23,
    24,
    25,
    26,
    27,
    28,
    29
  ],
  "return_mean": [
    -1.6656169891357422,
    -1.8924131393432617,
    -2.3280606269836426,
    -0.7518021464347839,
    -1.9110101461410522,
    -1.1572169065475464,
    -2.164431095123291,
    -2.303548574447632,
    -1.9271944761276245,
    -2.157017946243286,
    -1.596495509147644,
    -1.776672601699829,
    -1.881467580795288,
    -2.3188869953155518,
    -1.5692529678344727,
    -0.7682760953903198,
    -1.76497483253479,
    -1.5858961343765259,
    -1.3828173875808716,
    -2.1061079502105713,
    -1.43951416015625,
    -2.0724682807922363,
    -1.7650394439697266,
    -1.6564520597457886,
    -2.301210641860962,
    -1.345189094543457,
    -1.7535300254821777,
    -1.6042072772979736,
    -1.9104558229446411,
    -1.3080819845199585
  ],
  "return_mean_T": [
    0,
    1,
    2,
    3,
    4,
    5,
    6,
    7,
    8,
    9,
    10,
    11,
    12,
    13,
    14,
    15,
    16,
    17,
    18,
    19,
    20,
    21,
    22,
    23,
    24,
    25,
    26,
    27,
    28,
    29
  ]
}