{
  "seeds": [
    7,
    11,
    23
  ],
  "algorithm": "imappo",
  "output_dir": "reports/imappo_stage6",
  "final_eval_collision_rate_mean": 0.2733333333333333,
  "final_easy_probe_collision_rate_mean": 0.2733333333333333,
  "final_mid_probe_collision_rate_mean": 0.3746666666666667,
  "final_hard_probe_collision_rate_mean": 0.4653333333333333,
  "final_easy_probe_task_completion_mean": 0.7683105498651663,
  "final_mid_probe_task_completion_mean": 0.7605943365295728,
  "final_hard_probe_task_completion_mean": 0.7127815604110559,
  "final_probe_collision_rate_mean": 0.4653333333333333
}