{
  "actor_loss": [
    -0.07820256054401398,
    -0.05953346937894821,
    -0.03936218470335007,
    -0.04597644880414009,
    -0.0323299877345562,
    -0.03090372495353222,
    -0.034944452345371246,
    -0.04275092855095863,
    -0.022318007424473763,
    -0.0237942636013031,
    -0.029984988272190094,
    -0.038290832191705704,
    -0.04956604540348053,
    -0.01599389873445034,
    -0.02587353065609932,
    -0.0235741026699543,
    -0.043870676308870316,
    -0.028864039108157158,
    -0.04436606168746948,
    -0.016779113560914993,
    -0.05308854579925537,
    -0.04720297083258629,
    -0.0387335866689682,
    -0.035080887377262115,
    -0.028323225677013397,
    -0.028283311054110527,
    -0.05240001156926155,
    -0.03376160189509392,
    -0.039750393480062485,
    -0.04905518516898155,
    -0.029588613659143448,
    -0.033819522708654404,
    -0.029739193618297577,
    -0.04697331413626671,
    -0.02503621019423008,
    -0.04266701638698578,
    -0.04226091131567955,
    -0.01432439498603344,
    -0.04166195169091225,
    -0.02814413793385029,
    -0.03255153447389603,
    -0.036873385310173035,
    -0.031119829043745995,
    -0.04307633265852928,
    -0.05604390799999237,
    -0.018511278554797173,
    -0.013089373707771301,
    -0.035518184304237366,
    -0.030065035447478294,
    -0.037787336856126785
  ],
  "actor_loss_T": [
    0,
    1,
    2,
    3,
    4,
    5,
    6,
    7,
    8,
    9,
    10,
    11,
    12,
    13,
    14,
    15,
    16,
    17,
    18,
    19,
    20,
    21,
    22,
    23,
    24,
    25,
    26,
    27,
    28,
    29,
    30,
    31,
    32,
    33,
    34,
    35,
    36,
    37,
    38,
    39,
    40,
    41,
    42,
    43,
    44,
    45,
    46,
    47,
    48,
    49
  ],
  "critic_loss": [
    105.3341293334961,
    301.90399169921875,
    159.9691162109375,
    145.8257293701172,
    110.38499450683594,
    194.28097534179688,
    196.01614379882812,
    126.72098541259766,
    101.57270812988281,
    130.2586212158203,
    29.451557159423828,
    24.44266128540039,
    30.689668655395508,
    11.303932189941406,
    12.60210132598877,
    20.229976654052734,
    91.5578384399414,
    0.36089441180229187,
    43.08116149902344,
    6.0001020431518555,
    36.26797866821289,
    1.9698598384857178,
    9.349466323852539,
    18.053924560546875,
    19.964265823364258,
    32.548622131347656,
    17.108516693115234,
    6.354375839233398,
    43.456512451171875,
    21.37017822265625,
    8.02225112915039,
    11.86703872680664,
    2.87992525100708,
    40.014404296875,
    8.210476875305176,
    0.9922034740447998,
    13.289695739746094,
    16.173084259033203,
    15.530377388000488,
    27.894245147705078,
    2.3235411643981934,
    3.176264524459839,
    12.132142066955566,
    5.547451496124268,
    4.441709518432617,
    24.643861770629883,
    7.0624542236328125,
    2.2902626991271973,
    5.796237945556641,
    16.14069175720215
  ],
  "critic_loss_T": [
    0,
    1,
    2,
    3,
    4,
    5,
    6,
    7,
    8,
    9,
    10,
    11,
    12,
    13,
    14,
    15,
    16,
    17,
    18,
    19,
    20,
    21,
    22,
    23,
    24,
    25,
    26,
    27,
    28,
    29,
    30,
    31,
    32,
    33,
    34,
    35,
    36,
    37,
    38,
    39,
    40,
    41,
    42,
    43,
    44,
    45,
    46,
    47,
    48,
    49
  ],
  "entropy": [
    4.20778751373291,
    2.9565324783325195,
    2.841665267944336,
    2.9404056072235107,
    2.7628750801086426,
    1.747624397277832,
    1.526365876197815,
    1.5936599969863892,
    1.4851895570755005,
    -0.742498517036438,
    1.8214962482452393,
    1.6299183368682861,
    4.220051288604736,
    0.565355658531189,
    4.669264793395996,
    2.7197179794311523,
    1.3548914194107056,
    2.7343978881835938,
    3.9864330291748047,
    -1.0561378002166748,
    2.7255160808563232,
    1.1871614456176758,
    1.1571898460388184,
    1.0474698543548584,
    0.6973601579666138,
    -0.0582050085067749,
    2.7515556812286377,
    1.7957381010055542,
    0.391619473695755,
    -0.5752419233322144,
    0.8613206744194031,
    2.4352078437805176,
    2.182206630706787,
    0.670758843421936,
    1.7049472332000732,
    -0.5738604068756104,
    -0.1005994975566864,
    -1.1385693550109863,
    1.580127477645874,
    0.4000259339809418,
    1.1261576414108276,
    0.1456553339958191,
    0.03383076190948486,
    0.9092024564743042,
    0.5274176597595215,
    0.6328278183937073,
    -1.6165916919708252,
    -1.4014241695404053,
    1.7528433799743652,
    1.196136236190796
  ],
  "entropy_T": [
    0,
    1,
    2,
    3,
    4,
    5,
    6,
    7,
    8,
    9,
    10,
    11,
    12,
    13,
    14,
    15,
    16,
    17,
    18,
    19,
    20,
    21,
    22,
    23,
    24,
    25,
    26,
    27,
    28,
    29,
    30,
    31,
    32,
    33,
    34,
    35,
    36,
    37,
    38,
    39,
    40,
    41,
    42,
    43,
    44,
    45,
    46,
    47,
    48,
    49
  ],
  "episode": [
    0,
    1,
    2,
    3,
    4,
    5,
    6,
    7,
    8,
    9,
    10,
    11,
    12,
    13,
    14,
    15,
    16,
    17,
    18,
    19,
    20,
    21,
    22,
    23,
    24,
    25,
    26,
    27,
    28,
    29,
    30,
    31,
    32,
    33,
    34,
    35,
    36,
    37,
    38,
    39,
    40,
    41,
    42,
    43,
    44,
    45,
    46,
    47,
    48,
    49
  ],
  "episode_T": [
    0,
    1,
    2,
    3,
    4,
    5,
    6,
    7,
    8,
    9,
    10,
    11,
    12,
    13,
    14,
    15,
    16,
    17,
    18,
    19,
    20,
    21,
    22,
    23,
    24,
    25,
    26,
    27,
    28,
    29,
    30,
    31,
    32,
    33,
    34,
    35,
    36,
    37,
    38,
    39,
    40,
    41,
    42,
    43,
    44,
    45,
    46,
    47,
    48,
    49
  ],
  "episode_return": [
    -24.06646478176117,
    -40.36501169204712,
    -29.275904655456543,
    -28.019874572753906,
    -24.604856252670288,
    -33.23979091644287,
    -33.9338743686676,
    -29.57971477508545,
    -27.728971123695374,
    -34.12225270271301,
    -21.235241651535034,
    -30.160005688667297,
    -36.57615041732788,
    -17.24140465259552,
    -25.220001339912415,
    -14.96461683511734,
    -30.84820568561554,
    -25.422887325286865,
    -30.369457960128784,
    -29.19074296951294,
    -32.68864870071411,
    -21.353296756744385,
    -29.52334189414978,
    -26.77243721485138,
    -28.33273994922638,
    -24.891621351242065,
    -26.763160228729248,
    -20.627317547798157,
    -31.309709429740906,
    -24.49687922000885,
    -20.14163827896118,
    -17.071698129177094,
    -28.37614071369171,
    -25.231373071670532,
    -21.524453282356262,
    -24.61019194126129,
    -23.92256760597229,
    -19.28297984600067,
    -37.239190340042114,
    -28.070769429206848,
    -30.366724133491516,
    -32.49485504627228,
    -21.696531176567078,
    -25.944633960723877,
    -34.57244646549225,
    -11.283347368240356,
    -25.830681562423706,
    -28.412442326545715,
    -25.44496512413025,
    -30.33385133743286
  ],
  "episode_return_T": [
    0,
    1,
    2,
    3,
    4,
    5,
    6,
    7,
    8,
    9,
    10,
    11,
    12,
    13,
    14,
    15,
    16,
    17,
    18,
    19,
    20,
    21,
    22,
    23,
    24,
    25,
    26,
    27,
    28,
    29,
    30,
    31,
    32,
    33,
    34,
    35,
    36,
    37,
    38,
    39,
    40,
    41,
    42,
    43,
    44,
    45,
    46,
    47,
    48,
    49
  ],