{
  "seeds": [
    7,
    11,
    23
  ],
  "algorithm": "mappo",
  "output_dir": "reports/imappo_stage6",
  "final_eval_collision_rate_mean": 0.09333333333333332,
  "final_easy_probe_collision_rate_mean": 0.09333333333333332,
  "final_mid_probe_collision_rate_mean": 0.22133333333333335,
  "final_hard_probe_collision_rate_mean": 0.3186666666666667,
  "final_easy_probe_task_completion_mean": 0.7409129637579124,
  "final_mid_probe_task_completion_mean": 0.7187644902765751,
  "final_hard_probe_task_completion_mean": 0.7071863853931427,
  "final_probe_collision_rate_mean": 0.3186666666666667
}