{
  "actor_loss": [
    -0.05256901681423187,
    -0.04879247024655342,
    -0.025919673964381218,
    -0.0233364999294281,
    -0.03371214121580124,
    -0.039303503930568695,
    -0.01431651134043932,
    -0.026003045961260796,
    -0.018022557720541954,
    -0.030144046992063522,
    -0.026255765929818153,
    -0.023791857063770294,
    -0.022639838978648186,
    -0.026738900691270828,
    -0.0459633432328701,
    -0.06405720859766006,
    -0.02824077196419239,
    -0.0378064326941967,
    -0.03505576401948929,
    -0.04688335582613945,
    -0.022943515330553055,
    -0.04817847162485123,
    -0.02629091404378414,
    -0.03093133307993412,
    -0.01800190471112728,
    -0.03704938292503357,
    -0.034590087831020355,
    -0.008848886005580425,
    -0.012522770091891289,
    -0.04104763641953468
  ],
  "actor_loss_T": [
    0,
    1,
    2,
    3,
    4,
    5,
    6,
    7,
    8,
    9,
    10,
    11,
    12,
    13,
    14,
    15,
    16,
    17,
    18,
    19,
    20,
    21,
    22,
    23,
    24,
    25,
    26,
    27,
    28,
    29
  ],
  "critic_loss": [
    118.47637939453125,
    31.49960708618164,
    113.3825912475586,
    233.9051513671875,
    27.951702117919922,
    126.3226089477539,
    123.0460205078125,
    237.3502197265625,
    127.16651916503906,
    77.69205474853516,
    30.75464630126953,
    9.961397171020508,
    44.998741149902344,
    57.160179138183594,
    85.02288055419922,
    66.79963684082031,
    23.451183319091797,
    22.978796005249023,
    24.799209594726562,
    66.10930633544922,
    13.3447847366333,
    28.131855010986328,
    22.571956634521484,
    20.040523529052734,
    5.9126105308532715,
    10.152297019958496,
    23.417810440063477,
    86.53672790527344,
    0.7110320329666138,
    20.447948455810547
  ],
  "critic_loss_T": [
    0,
    1,
    2,
    3,
    4,
    5,
    6,
    7,
    8,
    9,
    10,
    11,
    12,
    13,
    14,
    15,
    16,
    17,
    18,
    19,
    20,
    21,
    22,
    23,
    24,
    25,
    26,
    27,
    28,
    29
  ],
  "entropy": [
    3.2647833824157715,
    4.39215087890625,
    1.900600790977478,
    0.6744349598884583,
    4.490211486816406,
    3.209151268005371,
    0.5940293073654175,
    0.5551158785820007,
    2.217503786087036,
    4.572021007537842,
    3.42187762260437,
    1.9750008583068848,
    -0.6748456954956055,
    1.9264811277389526,
    4.3024468421936035,
    4.354698657989502,
    1.8134771585464478,
    3.2219674587249756,
    0.7434533834457397,
    4.49747371673584,
    1.8669596910476685,
    2.906609535217285,
    3.1883978843688965,
    5.585666656494141,
    2.5163559913635254,
    4.853603363037109,
    3.332463026046753,
    1.5117467641830444,
    1.9206560850143433,
    3.7626874446868896
  ],
  "entropy_T": [
    0,
    1,
    2,
    3,
    4,
    5,
    6,
    7,
    8,
    9,
    10,
    11,
    12,
    13,
    14,
    15,
    16,
    17,
    18,
    19,
    20,
    21,
    22,
    23,
    24,
    25,
    26,
    27,
    28,
    29
  ],
  "episode": [
    0,
    1,
    2,
    3,
    4,
    5,
    6,
    7,
    8,
    9,
    10,
    11,
    12,
    13,
    14,
    15,
    16,
    17,
    18,
    19,
    20,
    21,
    22,
    23,
    24,
    25,
    26,
    27,
    28,
    29
  ],
  "episode_T": [
    0,
    1,
    2,
    3,
    4,
    5,
    6,
    7,
    8,
    9,
    10,
    11,
    12,
    13,
    14,
    15,
    16,
    17,
    18,
    19,
    20,
    21,
    22,
    23,
    24,
    25,
    26,
    27,
    28,
    29
  ],
  "episode_return": [
    -25.257218956947327,
    -13.586728870868683,
    -24.813384771347046,
    -35.64139127731323,
    -12.739567875862122,
    -26.56758427619934,
    -26.60170018672943,
    -38.38144016265869,
    -30.56315016746521,
    -25.771424651145935,
    -24.733783960342407,
    -18.62410306930542,
    -33.38994908332825,
    -21.48470687866211,
    -24.402254223823547,
    -38.010804891586304,
    -29.891770482063293,
    -28.83521831035614,
    -30.04530167579651,
    -39.322800636291504,
    -22.829145431518555,
    -31.467806577682495,
    -28.146518111228943,
    -28.726871013641357,
    -19.722302079200745,
    -24.055084705352783,
    -25.32884383201599,
    -21.509385585784912,
    -27.399078369140625,
    -25.209383845329285
  ],
  "episode_return_T": [
    0,
    1,
    2,
    3,
    4,
    5,
    6,
    7,
    8,
    9,
    10,
    11,
    12,
    13,
    14,
    15,
    16,
    17,
    18,
    19,
    20,
    21,
    22,
    23,
    24,
    25,
    26,
    27,
    28,
    29
  ],
  "potential_loss": [
    0.6927459239959717,
    3.3844540119171143,
    1.4270966053009033,
    1.8008124828338623,
    1.1216357946395874,
    2.091456890106201,
    1.054265022277832,
    2.4575722217559814,
    0.7700320482254028,
    2.3498287200927734,
    4.4414238929748535,
    1.312191128730774,
    1.5309098958969116,
    1.743135690689087,
    1.0512185096740723,
    1.5659370422363281,
    2.1977903842926025,
    2.853276252746582,
    1.8539237976074219,
    4.13604736328125,
    3.4144458770751953,
    3.0795950889587402,
    2.780111312866211,
    1.010831356048584,
    0.5097692012786865,
    0.9285286664962769,
    1.1268020868301392,
    2.578946113586426,
    0.30485522747039795,
    2.0527238845825195
  ],
  "potential_loss_T": [
    0,
    1,
    2,
    3,
    4,
    5,
    6,
    7,
    8,
    9,
    10,
    11,
    12,
    13,
    14,
    15,
    16,
    17,
    18,
    19,
    20,
    21,
    22,
    23,
    24,
    25,
    26,
    27,
    28,
    29
  ],
  "return_mean": [
    -1.5785762071609497,
    -0.8491705060005188,
    -1.5508365631103516,
    -2.2275869846343994,
    -0.796222984790802,
    -1.660474181175232,
    -1.6626062393188477,
    -2.3988399505615234,
    -1.9101967811584473,
    -1.6107141971588135,
    -1.5458614826202393,
    -1.1640063524246216,
    -2.086872100830078,
    -1.3427942991256714,
    -1.5251410007476807,
    -2.3756752014160156,
    -1.8682358264923096,
    -1.8022011518478394,
    -1.8778313398361206,
    -2.457674980163574,
    -1.4268215894699097,
    -1.966737985610962,
    -1.759157419204712,
    -1.7954295873641968,
    -1.232643961906433,
    -1.5034428834915161,
    -1.5830527544021606,
    -1.3443366289138794,
    -1.712442398071289,
    -1.5755865573883057
  ],
  "return_mean_T": [
    0,
    1,
    2,
    3,
    4,
    5,
    6,
    7,
    8,
    9,
    10,
    11,
    12,
    13,
    14,
    15,
    16,
    17,
    18,
    19,
    20,
    21,
    22,
    23,
    24,
    25,
    26,
    27,
    28,
    29
  ]
}